,ground_truth,domain
AAACAACGAATAGTTC-1,Layer_1,2
AAACAAGTATCTCCCA-1,Layer_3,5
AAACAATCTACTAGCA-1,Layer_1,3
AAACACCAATAACTGC-1,WM,4
AAACAGCTTTCAGAAG-1,Layer_6,6
AAACAGGGTCTATATT-1,Layer_6,6
AAACAGTGTTCCTGGG-1,WM,4
AAACATTTCCCGGATT-1,Layer_5,7
AAACCACTACACAGAT-1,Layer_3,2
AAACCCGAACGAAATC-1,Layer_3,5
AAACCGGGTAGGTACC-1,Layer_5,7
AAACCGTTCGTCCAGG-1,Layer_6,7
AAACCTAAGCAGCCGG-1,Layer_6,7
AAACCTCATGAAGTTG-1,Layer_5,7
AAACGAAGAACATACC-1,Layer_1,3
AAACGACAGTCTTGCC-1,Layer_3,5
AAACGAGACGGTTGAT-1,Layer_3,5
AAACGCCCGAGATCGG-1,Layer_2,2
AAACGGGCGTACGGGT-1,Layer_5,7
AAACGGGTTGGTATCC-1,Layer_1,3
AAACGGTTGCGAACTG-1,WM,4
AAACGTGTTCGCCCTA-1,Layer_1,3
AAACTAACGTGGCGAC-1,Layer_1,2
AAACTCGGTTCGCAAT-1,Layer_6,7
AAACTCGTGATATAAG-1,Layer_1,3
AAACTGCTGGCTCCAA-1,Layer_4,1
AAACTTGCAAACGTAT-1,Layer_6,7
AAAGAATGTGGACTAA-1,Layer_6,7
AAAGACATGAAGTTTA-1,Layer_2,2
AAAGACCCAAGTCGCG-1,Layer_2,2
AAAGACTGGGCGCTTT-1,Layer_5,1
AAAGGCTACGGACCAT-1,Layer_6,7
AAAGGCTCTCGCGCCG-1,Layer_6,7
AAAGGGATGTAGCAAG-1,Layer_3,5
AAAGGGCAGCTTGAAT-1,Layer_3,1
AAAGGTAAGCTGTACC-1,Layer_1,3
AAAGGTCAACGACATG-1,Layer_3,5
AAAGTAGCATTGCTCA-1,Layer_6,7
AAAGTCACTGATGTAA-1,Layer_2,2
AAAGTCGACCCTCAGT-1,Layer_5,7
AAAGTGTGATTTATCT-1,Layer_3,5
AAAGTTGACTCCCGTA-1,Layer_3,5
AAATAACCATACGGGA-1,Layer_1,3
AAATAAGGTAGTGCCC-1,Layer_1,3
AAATACCTATAAGCAT-1,Layer_4,1
AAATAGCTTAGACTTT-1,Layer_3,5
AAATAGGGTGCTATTG-1,Layer_5,7
AAATCACTCCTAAACG-1,Layer_3,5
AAATCCGATACACGCC-1,Layer_6,7
AAATCGTGTACCACAA-1,Layer_5,1
AAATCTAGCCCTGCTA-1,Layer_4,1
AAATGATTCGATCAGC-1,Layer_1,3
AAATGCTCGTTACGTT-1,Layer_3,5
AAATGGCATGTCTTGT-1,Layer_1,3
AAATGGCCCGTGCCCT-1,Layer_6,6
AAATGGTCAATGTGCC-1,Layer_3,1
AAATGTATCTTATCCC-1,Layer_5,7
AAATGTGGGTGCTCCT-1,Layer_1,3
AAATTAACGGGTAGCT-1,Layer_3,1
AAATTAATAAGCGCGA-1,Layer_5,7
AAATTACACGACTCTG-1,Layer_1,3
AAATTACCTATCGATG-1,Layer_2,2
AAATTCCAGGTCCAAA-1,Layer_2,2
AAATTGATAGTCCTTT-1,WM,6
AAATTGCGGCGGTTCT-1,Layer_2,5
AAATTGGTGAGAAGCA-1,Layer_1,3
AAATTTACCGAAATCC-1,Layer_1,3
AAATTTGCGGGTGTGG-1,Layer_5,7
AACAACTGGTAGTTGC-1,Layer_3,1
AACAATACATTGTCGA-1,WM,4
AACAATTACTCTACGC-1,Layer_4,1
AACACACGCTCGCCGC-1,Layer_4,1
AACACGACTGTACTGA-1,Layer_1,3
AACACGAGACGCGGCC-1,Layer_6,7
AACACGCGGCCGCGAA-1,Layer_2,2
AACAGCTGTGTGGCAA-1,WM,4
AACAGGAAATCGAATA-1,Layer_1,2
AACAGGATGGGCCGCG-1,Layer_4,1
AACAGGTAGTATGGAT-1,Layer_3,5
AACATAGCGTGTATCG-1,Layer_6,7
AACATATCAACTGGTG-1,Layer_1,3
AACATCGATACGTCTA-1,Layer_1,3
AACATTGGTCAGCCGT-1,Layer_2,2
AACATTGTGACTCGAG-1,WM,6
AACCAAGACTTCTCTG-1,Layer_5,7
AACCAGTATCACTCTT-1,Layer_1,3
AACCATGGGATCGCTA-1,Layer_3,5
AACCCAGAGACGGAGA-1,Layer_3,5
AACCCGACAACCCGTG-1,WM,4
AACCCGAGCAGAATCG-1,Layer_4,1
AACCCGATAGGGCTTC-1,Layer_3,5
AACCCTACTGTCAATA-1,Layer_3,5
AACCCTGGTGGAACCA-1,Layer_1,3
AACCGAGCTTGGTCAT-1,Layer_3,2
AACCGCTAAGGGATGC-1,Layer_3,5
AACCGTTGTGTTTGCT-1,Layer_1,3
AACCTAAAGCCGTCCG-1,Layer_1,3
AACCTCGCTTTAGCCC-1,Layer_5,7
AACCTGTCACGGAATT-1,Layer_2,2
AACCTTTAAATACGGT-1,Layer_5,7
AACCTTTACGACGTCT-1,Layer_1,3
AACGATAATGCCGTAG-1,Layer_5,7
AACGATAGAAGGGCCG-1,Layer_3,5
AACGATATGTCAACTG-1,Layer_3,2
AACGCATGATCTGGGT-1,Layer_1,3
AACGCGAACGGCAACA-1,Layer_3,5
AACGCGACCTTGGGCG-1,WM,4
AACGCGGTCTCCAGCC-1,Layer_3,2
AACGCTGTTGCTGAAA-1,Layer_4,1
AACGGACGTACGTATA-1,Layer_4,1
AACGGCCATCTCCGGT-1,Layer_5,7
AACGTACTGTGGGTAC-1,Layer_5,7
AACGTAGTCTACCCAT-1,Layer_1,3
AACGTCAGACTAGTGG-1,Layer_3,5
AACGTGATGAAGGACA-1,Layer_1,3
AACGTGCGAAAGTCTC-1,Layer_3,5
AACGTTATCAGCACCT-1,Layer_4,1
AACTACCCGTTTGTCA-1,Layer_3,5
AACTAGCGTATCGCAC-1,Layer_1,3
AACTAGGCTTGGGTGT-1,Layer_5,7
AACTCAAGTTAATTGC-1,Layer_4,1
AACTCCAGAGCGTGTT-1,Layer_5,7
AACTCCTAATCCCATG-1,Layer_1,3
AACTCGATAAACACGT-1,Layer_3,2
AACTCGATGGCGCAGT-1,Layer_3,5
AACTCTCAATAGAGCG-1,Layer_3,2
AACTCTCAGTGTGCTC-1,Layer_6,7
AACTGAGGTCAGCGTC-1,Layer_1,2
AACTGATATTAGGCCT-1,Layer_2,2
AACTGGGTCCCGACGT-1,Layer_3,2
AACTGGGTTCGAGCCG-1,Layer_1,3
AACTGGTGTGGGCCTT-1,Layer_1,3
AACTTCTGCGTCTATC-1,Layer_3,5
AACTTGCCCGTATGCA-1,Layer_4,1
AACTTGCGTTCTCGCG-1,Layer_3,5
AACTTTACGGGAGCTT-1,Layer_5,7
AACTTTAGCTGCTGAG-1,Layer_1,3
AACTTTCTCGATCATG-1,Layer_1,3
AAGAAATCACCAGATT-1,Layer_1,3
AAGAAGGATCAGTTAG-1,Layer_3,5
AAGACATACGTGGTTT-1,Layer_5,7
AAGACCCAACTGAACA-1,Layer_6,7
AAGACTAACCCGTTGT-1,Layer_2,2
AAGACTCACGCCCACT-1,Layer_2,2
AAGACTGCAAGCTACT-1,Layer_3,5
AAGAGATGAATCGGTA-1,Layer_3,1
AAGAGCTCTTTATCGG-1,Layer_3,5
AAGAGGATGTACGCGA-1,Layer_5,7
AAGAGGCATGGATCGC-1,Layer_3,5
AAGAGGCCCTTTGGAA-1,Layer_5,1
AAGATGGCACCGGACC-1,WM,6
AAGATTGGCGGAACGT-1,Layer_2,2
AAGCACCCTGCGTATC-1,Layer_5,7
AAGCATACTCTCCTGA-1,Layer_5,7
AAGCCGAAGCGGTTTA-1,Layer_3,5
AAGCCGCTTTACCTTG-1,Layer_1,3
AAGCGCAGGGCTTTGA-1,Layer_6,6
AAGCGGAGTGCGCGCA-1,Layer_2,2
AAGCGGCGTCATGGGT-1,Layer_1,3
AAGCGTCCCTCATCGA-1,WM,6
AAGCTAGATCGAGTAA-1,Layer_5,1
AAGCTCGTGCCAAGTC-1,Layer_3,5
AAGCTCTTTCATGGTG-1,Layer_5,7
AAGGAGAACTTATAAG-1,Layer_1,3
AAGGAGCGGTTGGTGC-1,Layer_3,5
AAGGATCGATCGCTTG-1,Layer_3,5
AAGGATGAGGGACCTC-1,Layer_2,2
AAGGCAGGCTGTCTCC-1,Layer_3,5
AAGGCGCGTAAAGCTT-1,Layer_3,5
AAGGCTGTGCTCATCG-1,Layer_3,5
AAGGGACAGATTCTGT-1,Layer_2,2
AAGGGACTATGCATTC-1,WM,4
AAGGTATCCTAATATA-1,Layer_2,2
AAGGTGATAAACCAGC-1,Layer_3,5
AAGTAAGCTTCCAAAC-1,Layer_1,3
AAGTAGAAGACCGGGT-1,Layer_3,5
AAGTAGTGACGCGAGG-1,Layer_4,1
AAGTCAATTGTCGTCA-1,Layer_3,5
AAGTCTAGTAGCTGCC-1,Layer_1,3
AAGTCTTCTGTGGCCT-1,Layer_6,7
AAGTGACGACCGAATT-1,Layer_5,7
AAGTGAGTCGGGTTTA-1,WM,6
AAGTGCAAAGGTAGAC-1,Layer_5,1
AAGTGCCTTGACTGTA-1,Layer_3,5
AAGTGCGTTAGAATCT-1,Layer_6,7
AAGTGCTTCTCTATTG-1,WM,4
AAGTGTTTGGAGACGG-1,Layer_5,1
AAGTTCACTCCAAGCT-1,Layer_5,7
AAGTTCAGTCTGCGTA-1,Layer_1,3
AAGTTCGGCCAACAGG-1,Layer_5,7
AAGTTGTGATGTTATA-1,Layer_5,7
AAGTTTACTAATGGCA-1,Layer_1,3
AAGTTTATGGGCCCAA-1,Layer_6,6
AATAACAACGCTCGGC-1,Layer_5,7
AATAACACTAGAACAA-1,Layer_6,7
AATAAGTCCTCGAGAC-1,Layer_1,3
AATACAATGTTTCAGG-1,Layer_3,1
AATACCGGAGGGCTGT-1,WM,4
AATACCTGATGTGAAC-1,Layer_6,7
AATAGAACAGAGTGGC-1,Layer_6,7
AATAGAATCTGTTTCA-1,Layer_4,1
AATAGCAAGCCTCCTG-1,Layer_2,2
AATAGCTACCGCGTGC-1,Layer_1,3
AATAGTCCGTCCCGAC-1,Layer_6,7
AATAGTCGCGAGTCGG-1,Layer_4,1
AATATCAAGGTCGGAT-1,Layer_2,2
AATATCGAATCAATGC-1,Layer_3,5
AATATCGAGGGTTCTC-1,Layer_1,3
AATATTGGAGTATTGA-1,Layer_5,7
AATCAGACTGCAGGAC-1,Layer_2,2
AATCAGGTTTCATTTA-1,WM,4
AATCATGTAAAGACTC-1,Layer_4,1
AATCCAAGGGCCTGAG-1,Layer_3,5
AATCCATGCAAGGGTG-1,Layer_3,2
AATCGAGGTCTCAAGG-1,WM,7
AATCGCCTCAGCGCCA-1,Layer_3,5
AATCGCGCAGAGGACT-1,Layer_3,5
AATCGGGACACTACGA-1,Layer_1,3
AATCGGTATAGCCCTC-1,Layer_6,7
AATCGTGAGCCGAGCA-1,Layer_6,7
AATCTAGGTTTACTTG-1,WM,4
AATCTATGCCGGAGCC-1,Layer_1,3
AATCTCTACTGTGGTT-1,Layer_5,7
AATCTGCGTTGGGACG-1,Layer_3,2
AATCTGGCTTTCTAGT-1,WM,6
AATCTGGGTAGACCCT-1,Layer_1,2
AATGACAGCAATGTCT-1,Layer_6,7
AATGACGTAGGATGTC-1,Layer_3,5
AATGACTGTCAGCCGG-1,Layer_3,5
AATGAGTTCGCATATG-1,Layer_3,5
AATGATGATACGCTAT-1,Layer_1,3
AATGATGCGACTCCTG-1,Layer_1,3
AATGCAACCGGGTACC-1,Layer_3,5
AATGCACCAAGCAATG-1,Layer_1,3
AATGGCCGCCAATGCG-1,Layer_3,5
AATGGTCCACCGTTCA-1,Layer_5,1
AATGGTTCTCACAAGC-1,Layer_3,5
AATGTGCCCGAGGTGT-1,WM,6
AATGTGCTAATCTGAG-1,WM,4
AATGTTAAGACCCTGA-1,Layer_6,7
AATGTTGTCGTGAGAC-1,Layer_5,7
AATTAAAGGTCGGCGT-1,Layer_4,1
AATTAACGGATTTCCA-1,Layer_5,7
AATTACTCGTACGCTC-1,Layer_3,5
AATTAGCGCTGCAGCG-1,Layer_5,7
AATTATACCCAGCAAG-1,Layer_6,7
AATTCATAAGGGATCT-1,Layer_1,3
AATTCCAACTTGGTGA-1,Layer_2,2
AATTCCAAGCATGTAC-1,WM,6
AATTCGATTCGAGGAT-1,Layer_6,7
AATTCTAGAGTTAGGC-1,Layer_5,1
AATTGAACGCTCTGGT-1,Layer_3,5
AATTGCAGCAATCGAC-1,Layer_5,7
AATTGTGGTTGCCAAA-1,Layer_5,7
AATTTGGGACATAGTA-1,Layer_1,3
AATTTGGTTCCAAAGA-1,Layer_1,3
ACAAACCGACAAGGCG-1,Layer_1,3
ACAAAGAAGGTAGGCC-1,Layer_6,6
ACAAAGCATGACCTAG-1,Layer_5,7
ACAAATCGCACCGAAT-1,Layer_4,1
ACAAATGGTAGTGTTT-1,Layer_3,5
ACAAATTCAGATCTGA-1,Layer_1,3
ACAACAGCATGAGCTA-1,Layer_3,5
ACAACGGTCCCTGCGA-1,Layer_3,5
ACAAGCAGTGCCTAGC-1,Layer_4,1
ACAAGCTATATGGAAG-1,Layer_6,7
ACAAGGAAATCCGCCC-1,Layer_4,1
ACAAGGACAAGAGGTT-1,Layer_3,1
ACAAGGATGCTTTAGG-1,Layer_5,7
ACAAGGCCTACCAGCC-1,Layer_2,2
ACAAGGGCAGGCTCTG-1,Layer_4,1
ACAATAGTCGTACGTT-1,Layer_5,7
ACAATCCATTTAAACC-1,Layer_5,7
ACAATCGATCTTTATA-1,Layer_1,3
ACAATGAATACGGAGA-1,WM,6
ACAATGATTCTTCTAC-1,Layer_2,2
ACAATTGTGTCTCTTT-1,Layer_4,1
ACAATTTAGGAGGCTC-1,Layer_5,7
ACAATTTGAGCAGTGG-1,Layer_3,5
ACACAAAGACGGGTGG-1,Layer_3,5
ACACAAATATTCCTAG-1,Layer_1,3
ACACACCAGGACCAGT-1,Layer_3,5
ACACACTTTCTACACG-1,Layer_1,3
ACACATTGACGCAACA-1,Layer_3,5
ACACATTTCCGTAGAC-1,WM,6
ACACCACATAATTAGC-1,Layer_1,3
ACACCCAGCATGCAGC-1,Layer_3,5
ACACCCGAGAAATCCG-1,Layer_3,5
ACACCCGTAAATCTGT-1,Layer_3,5
ACACCGAGCGCTCTTT-1,Layer_3,1
ACACCTTAAGTAGGGC-1,Layer_3,5
ACACCTTACTACTTGC-1,Layer_3,5
ACACGAGACTCCTTCT-1,Layer_3,5
ACACGGCACTATGCAT-1,Layer_1,3
ACACGGGAACTTAGGG-1,Layer_3,5
ACACGTAGGCCACAAG-1,Layer_4,1
ACACTCCAATGTCACT-1,Layer_3,5
ACACTGATCAAGGTGT-1,Layer_5,7
ACACTGGGACAGTCGT-1,Layer_4,1
ACAGAACTGAGAACAA-1,WM,6
ACAGATTAGGTTAGTG-1,Layer_1,3
ACAGCATAGAGCCAGT-1,Layer_1,3
ACAGCGACATTCTCAT-1,Layer_5,1
ACAGCGCACCCGCAGC-1,Layer_1,3
ACAGGCACGGATCCTT-1,Layer_6,7
ACAGGCTTGCCCGACT-1,Layer_4,1
ACAGGTGGAGGTGAGG-1,Layer_6,7
ACAGGTGTGTTGTTGC-1,Layer_6,7
ACAGTAATACAACTTG-1,Layer_6,6
ACAGTATACCGTGGGA-1,Layer_1,3
ACAGTGCAGCGCATTT-1,Layer_3,5
ACATAATAAGGCGGTG-1,Layer_3,5
ACATCAGCTGGGACGC-1,Layer_5,7
ACATCCCGGCCATACG-1,Layer_5,7
ACATCCTGGTAACTGT-1,Layer_3,5
ACATCGATCGTTTACC-1,Layer_4,1
ACATCGGTCAGCCGCG-1,Layer_5,7
ACATCGTATGCAATGG-1,Layer_3,1
ACATCGTTAACCTAGT-1,Layer_1,3
ACATCTCAACGCGTAA-1,Layer_1,3
ACATGGCGCCAAAGTA-1,Layer_3,5
ACATGGCTCAATTTAG-1,Layer_3,5
ACATTAGTTTATATCC-1,Layer_5,7
ACATTTGAAACCTAAC-1,Layer_6,7
ACCAAACACCCAGCGA-1,Layer_1,3
ACCAAACTAGAAATCC-1,Layer_1,3
ACCAACACCACACACT-1,Layer_1,3
ACCAACCGCACTCCAC-1,Layer_5,7
ACCAACGCTTATTTAT-1,Layer_6,7
ACCAAGAACGCGTGTC-1,Layer_3,5
ACCAAGTCATCGGCAG-1,Layer_6,7
ACCAATATGCAAGTTA-1,Layer_5,7
ACCACAACTCAGAACA-1,Layer_1,3
ACCACAAGTTTCTATC-1,Layer_3,5
ACCACACGGTTGATGG-1,WM,7
ACCACCAATGTAACAA-1,Layer_3,5
ACCACCCTCTCTTCTA-1,Layer_1,3
ACCACGTGCAGCTATA-1,Layer_4,1
ACCACTGTTCAAGAAG-1,Layer_3,1
ACCAGACCATAACAAC-1,Layer_6,7
ACCAGCCCGGTCTTTG-1,Layer_1,3
ACCAGGAGTGTGATCT-1,Layer_1,3
ACCAGTGCCCGGTCAA-1,Layer_1,3
ACCAGTGCGGGAGACG-1,Layer_3,5
ACCATATCCGCAATAA-1,Layer_4,1
ACCATCCGCCAACTAG-1,Layer_6,6
ACCATCGTATATGGTA-1,Layer_5,7
ACCATTAAGGGTGTCA-1,Layer_3,1
ACCCAACGCCCGTGGC-1,Layer_3,2
ACCCACCTACATGCTC-1,Layer_3,1
ACCCATCTTGAGGGTA-1,Layer_4,1
ACCCATTTGTCCCTCT-1,Layer_5,1
ACCCGAGCGAAATTAC-1,WM,4
ACCCGATTGGTTCCGA-1,WM,4
ACCCGGAAACTCCCAG-1,Layer_5,7
ACCCGGATGACGCATC-1,Layer_3,5
ACCCGGTTACACTTCC-1,Layer_5,7
ACCCGTAGTCTAGTTG-1,Layer_5,7
ACCCGTGTCATCAGTA-1,Layer_6,7
ACCCTATAGGACTGAG-1,Layer_3,5
ACCCTATGCCATATCG-1,Layer_6,7
ACCCTCCCGTCAGGGC-1,Layer_6,7
ACCCTCCCTTGCTATT-1,Layer_4,1
ACCCTGGTAACGCCCT-1,Layer_1,3
ACCCTTCATCTGCGAA-1,Layer_1,3
ACCCTTGCCTGGGTCG-1,Layer_1,3
ACCCTTTAGTTCTCCA-1,Layer_1,3
ACCGAAAGGGCCCTGC-1,Layer_1,3
ACCGACACATCTCCCA-1,Layer_6,7
ACCGACTGAGTCCCAC-1,Layer_3,5
ACCGAGTCTCCTTATT-1,Layer_6,6
ACCGATAGGCATAACC-1,Layer_4,7
ACCGATGGTAGCATCG-1,Layer_3,2
ACCGCAATAACTGCCT-1,Layer_5,1
ACCGCGGTGGAAGTCG-1,Layer_3,5
ACCGGGCCTTTGTTGA-1,Layer_3,5
ACCGGTCTGAGTACGG-1,Layer_2,2
ACCGTGACCACGTGGG-1,WM,4
ACCGTTCCCGCTCTGA-1,Layer_1,3
ACCTAAGTACCTTTCA-1,Layer_6,7
ACCTAATCGACTTCCT-1,Layer_4,1
ACCTACAGTATGTGGT-1,Layer_3,5
ACCTACTATAAATCTA-1,WM,4
ACCTCCGCCCTCGCTG-1,Layer_4,1
ACCTCCGTTATTCACC-1,Layer_2,2
ACCTGCGTGTCATGTT-1,Layer_6,7
ACCTTTCCTTTAGAAG-1,Layer_1,3
ACGAAATGGGCGGCAC-1,Layer_4,7
ACGACTCTAGGGCCGA-1,Layer_6,7
ACGACTGGTCATACTC-1,WM,4
ACGAGAACCCATCACG-1,Layer_2,2
ACGAGATATTTGCTTA-1,Layer_1,3
ACGAGGATACCACTCT-1,WM,6
ACGAGTACGGATGCCC-1,Layer_1,3
ACGATACATAGAACTA-1,Layer_2,2
ACGATACCTATCCTGA-1,Layer_5,7
ACGATCATACATAGAG-1,Layer_3,5
ACGATCATCTTGTAAA-1,Layer_3,2
ACGATGCATATGTTAT-1,Layer_4,1
ACGATGGATCCGATGC-1,Layer_1,3
ACGCAAACTAATAGAT-1,WM,4
ACGCAATCACTACAGC-1,Layer_1,3
ACGCATAAATGACATG-1,Layer_2,2
ACGCATACGTTTACTA-1,Layer_4,1
ACGCATTCGTGAGTAC-1,Layer_3,5
ACGCCACTCGAAACAG-1,WM,7
ACGCCAGATGATTTCT-1,Layer_1,3
ACGCCAGTGCGTTTGC-1,Layer_6,7
ACGCCCAGCTGTCGAT-1,Layer_1,3
ACGCCGCTAGACGACC-1,Layer_4,1
ACGCGAAGTCAGACGA-1,Layer_5,7
ACGCGCTACACAGGGT-1,Layer_5,7
ACGCGGGCCAAGGACA-1,Layer_3,5
ACGCGTTTCTTAAGAG-1,Layer_5,7
ACGCTAGTATCAGTGC-1,Layer_3,5
ACGCTAGTGATACACT-1,Layer_2,2
ACGCTGTGAGGCGTAG-1,Layer_5,7
ACGCTTAGTGTCTCTC-1,Layer_1,3
ACGGAACACGAGTGCC-1,Layer_6,7
ACGGAATTTAGCAAAT-1,Layer_3,5
ACGGACTCTCAAAGCG-1,Layer_6,7
ACGGAGCGCAAATTAC-1,Layer_1,3
ACGGATGGTGCGGATA-1,Layer_5,7
ACGGCACTTGCTTGGG-1,Layer_5,7
ACGGCCAACATGGACT-1,Layer_5,7
ACGGCGACGATGGGAA-1,Layer_4,1
ACGGCGGGTTGCCCTG-1,Layer_2,2
ACGGGAGTGTCGGCCC-1,Layer_6,7
ACGGGCGTATGCGACA-1,Layer_1,3
ACGGGTCATGTGACTT-1,Layer_3,1
ACGGTACAGTTCAATG-1,Layer_6,7
ACGTACAGATTTCTCT-1,Layer_1,3
ACGTACTTTGGCACGG-1,WM,4
ACGTAGATTGCTGATG-1,Layer_3,5
ACGTAGGAGAGTCGCT-1,Layer_6,6
ACGTATTACTCCGATC-1,Layer_3,5
ACGTCCTAAACGAGAT-1,Layer_1,3
ACGTCTCGTTCCGGGA-1,Layer_6,6
ACGTGCGCCTCGTGCA-1,Layer_2,2
ACGTGGTCGAATGTGC-1,Layer_1,3
ACGTTAATGTCGAAGA-1,Layer_3,1
ACGTTAGATTTGCCCG-1,Layer_5,7
ACGTTATTGGTCACTC-1,Layer_3,1
ACGTTCCGCGCTCCGT-1,Layer_1,3
ACGTTCGCAATCAATT-1,Layer_2,2
ACGTTCGTTCAGGAAA-1,WM,6
ACGTTCTGTACAAGTC-1,Layer_5,7
ACGTTTAGTTGTGATC-1,Layer_1,3
ACTAAGGACGCACACC-1,Layer_2,2
ACTAATACGTCAGGCG-1,Layer_1,3
ACTACAAAGAGAGGTG-1,WM,4
ACTACCAGCTCTCTGG-1,Layer_3,5
ACTACGCGTTAGAATT-1,Layer_6,7
ACTAGTTGCGATCGTC-1,Layer_3,5
ACTATATGCTGTGTTC-1,Layer_1,3
ACTATCCAGGGCATGG-1,Layer_3,5
ACTATCGCCGGCTAAA-1,Layer_3,1
ACTATCTGCCCGCGTA-1,Layer_3,1
ACTATTCGTCCGTGGT-1,Layer_1,3
ACTATTTCCGGGCCCA-1,WM,6
ACTCAACGAATGTATT-1,Layer_2,2
ACTCAAGTGCAAGGCT-1,Layer_5,7
ACTCAATAAAGGCACG-1,Layer_3,2
ACTCAGACCTGCTTCT-1,Layer_2,2
ACTCCAATATCATCAT-1,WM,4
ACTCCCATTCCTAAAG-1,Layer_6,7
ACTCCCGAATTCGTTT-1,Layer_2,2
ACTCCCGTAGACTAGG-1,Layer_1,3
ACTCCCTAATGCTAAA-1,Layer_5,7
ACTCCCTAGAATAGTA-1,Layer_4,1
ACTCCGGCCGACCACT-1,Layer_6,7
ACTCGATGTATTTCAT-1,Layer_3,1
ACTCGCCGTTCGATAA-1,Layer_5,7
ACTCGCGATCTGACGC-1,,5
ACTCGTAACCCGTCCT-1,Layer_6,7
ACTCGTCAGTAATCCC-1,Layer_3,5
ACTCTAAACCTGGGAT-1,Layer_5,7
ACTCTCTGACTTAGGT-1,Layer_3,5
ACTCTCTTATACACGA-1,Layer_1,3
ACTCTGACCTAATAGA-1,Layer_6,7
ACTCTTGTATAGTAAC-1,Layer_3,5
ACTGAAACGCCGTTAG-1,Layer_5,1
ACTGAATGGCGAAAGT-1,Layer_4,1
ACTGATTTAGTGATTC-1,Layer_1,3
ACTGCCCGCCATTCTC-1,WM,4
ACTGCCGTCGTAACTC-1,Layer_1,3
ACTGCGGACACACCGT-1,Layer_2,2
ACTGGCGAACCTGCGT-1,Layer_2,2
ACTGTACGATACACAT-1,Layer_3,5
ACTGTAGCACTTTGGA-1,Layer_3,1
ACTGTATACGCGAGCA-1,Layer_3,2
ACTGTCCAGGATTATA-1,Layer_3,1
ACTGTCTTCTTTAGAA-1,Layer_3,5
ACTGTGCTAGTAGATC-1,Layer_3,5
ACTGTTTAGTGTAGGC-1,Layer_1,3
ACTTACCGGGCGCGCA-1,Layer_1,3
ACTTACGCATCCACGC-1,Layer_5,7
ACTTAGTACGACAAGA-1,Layer_3,5
ACTTATACTTACCCGG-1,Layer_3,2
ACTTATCTGATCTATA-1,Layer_1,3
ACTTATTAGGATCGGT-1,Layer_4,1
ACTTATTTATGTGCCA-1,Layer_3,5
ACTTCAGGCTGATCCC-1,Layer_4,1
ACTTCCATGCGGGACA-1,Layer_5,7
ACTTCCTGTCGTGCGA-1,Layer_3,5
ACTTCGCCATACGCAC-1,Layer_3,5
ACTTGACTCCCTCTTT-1,Layer_3,1
ACTTGCCATATTGTAC-1,Layer_1,3
ACTTGGGACCCGGTGG-1,Layer_3,5
ACTTGTAGTCCCTTCA-1,Layer_6,6
ACTTGTGGATGGAACG-1,Layer_3,1
ACTTTACCCTCATGAA-1,Layer_2,2
ACTTTCCTATAGCTTC-1,Layer_3,5
ACTTTGACTGCATCCT-1,Layer_5,7
AGAAATTATGACTCGC-1,Layer_3,1
AGAACGTGGTACATTC-1,Layer_3,5
AGAACTGTACTTTGTA-1,Layer_6,7
AGAAGAGCGCCGTTCC-1,Layer_3,5
AGAAGGTACACTTCAC-1,WM,4
AGAAGGTTGCCGAATT-1,Layer_5,7
AGAAGGTTGTAGGTCG-1,Layer_6,7
AGAAGTGATTCGTGAT-1,Layer_6,7
AGAATAAATCTTCAGG-1,Layer_5,7
AGAATACAGGCTATCC-1,Layer_6,7
AGAATGCGGGTTCGGA-1,Layer_1,3
AGAATTATGGATTCGA-1,Layer_3,2
AGAATTGTTTGACATA-1,Layer_3,5
AGACAGCTCAGAATCC-1,Layer_4,5
AGACATAGATCCTTCC-1,Layer_1,3
AGACCATGGGATACAA-1,Layer_3,5
AGACCCACCGCTGATC-1,Layer_5,1
AGACCCGCCCTCCTCG-1,Layer_3,5
AGACCGCTCCGCGGTT-1,Layer_3,1
AGACCGGGAAACCCTG-1,Layer_5,7
AGACGAAGTGCCGGTC-1,Layer_3,5
AGACGACGATGCCGCT-1,Layer_6,7
AGACGGGATTGGTATA-1,Layer_1,3
AGACGGGCCGATTTAA-1,Layer_1,3
AGACTAGCCTTCCAGA-1,Layer_3,5
AGACTGTTACCGGGTC-1,WM,4
AGAGAAACACCAGAAA-1,WM,4
AGAGAACCGTCTAGGA-1,Layer_2,2
AGAGAAGGAGTACAAT-1,WM,6
AGAGATCTCTAAAGCG-1,Layer_5,7
AGAGCAGTTATGAGAC-1,Layer_4,1
AGAGCCGCCGAGATTT-1,Layer_4,1
AGAGCGCTTGTAACGG-1,Layer_1,3
AGAGCGGGCTAATCAT-1,Layer_2,2
AGAGCGTACAAGCTCG-1,Layer_3,1
AGAGCTACGAAAGCAT-1,Layer_3,5
AGAGGCTTCGGAAACC-1,Layer_3,1
AGAGGGACAATTGTCC-1,Layer_2,2
AGAGGTATCTCGGTCC-1,Layer_1,3
AGAGTAAACTTCACTA-1,Layer_3,5
AGAGTGAACAGACACC-1,Layer_3,5
AGAGTTAGAGACCGAT-1,Layer_1,3
AGAGTTGCAGGCCTCC-1,Layer_2,2
AGATAACTTCAGGGCC-1,Layer_3,5
AGATACCAATAGAACC-1,Layer_5,7
AGATACCAGCACTTCA-1,Layer_1,3
AGATACCGGTGTTCAC-1,Layer_5,7
AGATACGACTTCATAT-1,Layer_3,5
AGATACTCAAGATCGA-1,Layer_4,1
AGATATAATACGACTA-1,Layer_6,7
AGATCGTGCATAAGAT-1,Layer_1,3
AGATCTCAGGTGTGAT-1,Layer_3,5
AGATGACTCGCCCACG-1,Layer_3,5
AGATGAGGGTTGCGAT-1,Layer_1,3
AGATGATGGAGTCTGG-1,Layer_2,2
AGATGCAAGACGTGCA-1,WM,4
AGATGCTATAACGAGC-1,Layer_3,1
AGATTATAGGACGTTT-1,Layer_3,1
AGATTCAAGCGGGTCG-1,Layer_3,5
AGATTCACAACCGATA-1,WM,4
AGCAAAGGCCGCTAGT-1,Layer_6,7
AGCAACATATCTTATT-1,Layer_3,5
AGCAACCGAAAGTAAT-1,WM,4
AGCACCAGTACTCACG-1,Layer_3,5
AGCACTACCGGCCTGT-1,Layer_5,7
AGCACTACCTCACCAG-1,Layer_5,7
AGCACTTAAGGACGCC-1,Layer_4,1
AGCAGAAGGAGAAAGA-1,Layer_6,7
AGCAGCCAGATGAATA-1,Layer_6,7
AGCAGTCGAAGCATGC-1,Layer_6,7
AGCATATCAATATGCT-1,Layer_4,1
AGCATCATTTCGAAAG-1,WM,4
AGCATCGTCGATAATT-1,Layer_3,5
AGCATTACGAGGCAAG-1,Layer_5,7
AGCCAAGCTTTGTGTC-1,Layer_6,7
AGCCACAGGTTACCCG-1,Layer_5,7
AGCCACTCCCGTGCTT-1,Layer_2,2
AGCCATATAGTATGTG-1,WM,4
AGCCCATACATGTAAG-1,Layer_5,7
AGCCCGCAACAAGCAG-1,WM,4
AGCCCGGCATTAGAGG-1,WM,4
AGCCCGGTAGCCTGTA-1,WM,7
AGCCCTAAGCGAAGTT-1,Layer_2,2
AGCCCTTCTAATCCGA-1,Layer_1,3
AGCCCTTGGACATCCC-1,Layer_4,1
AGCCGCAAATTCAAAT-1,Layer_6,7
AGCCGCTTGATTAGCG-1,Layer_3,1
AGCCGTGGCTAAATGT-1,Layer_6,7
AGCCTAATACCCACGT-1,WM,6
AGCCTTAAAGCGGAAG-1,Layer_3,5
AGCGACAGGAACGGTC-1,Layer_6,7
AGCGACATCCCATTCA-1,Layer_2,2
AGCGACCAACGATATT-1,Layer_3,5
AGCGATGCGCCTAATA-1,Layer_5,7
AGCGCATAATGAATCG-1,Layer_6,7
AGCGCGGGTGCCAATG-1,Layer_1,3
AGCGCTTATGGGCAAG-1,Layer_1,3
AGCGGACACTTCGTAG-1,Layer_6,7
AGCGGCGGTTAGCGGT-1,WM,6
AGCGGGAAGGGTCCAT-1,Layer_3,5
AGCGGGTCTGACACTC-1,Layer_6,6
AGCGGTTGAGATGTAC-1,Layer_2,2
AGCGGTTGCCGCTCTG-1,Layer_1,3
AGCGTACGAGAGCTAG-1,Layer_3,5
AGCGTAGCGCTAGACC-1,Layer_1,2
AGCGTCTGAACCCGCA-1,Layer_2,2
AGCGTGGTATTCTACT-1,Layer_4,1
AGCGTTCCGATTTAAA-1,Layer_2,2
AGCTAACAAGCAATGT-1,WM,4
AGCTAAGTACGCAGGC-1,Layer_5,7
AGCTAGAAGCAGAAGT-1,Layer_1,3
AGCTATTTAATCCAAC-1,Layer_1,3
AGCTCCATATATGTTC-1,Layer_4,1
AGCTCCTTCGCACATC-1,Layer_4,1
AGCTCGTTGATGGAAA-1,Layer_1,3
AGCTCTAGACGTTCCA-1,Layer_3,5
AGCTCTTCCCAGTGCA-1,Layer_1,3
AGCTCTTCGTAACCTT-1,Layer_3,5
AGCTCTTTACTCAGTT-1,Layer_5,1
AGCTGAAGTAAACCAA-1,Layer_1,3
AGCTGCATTTGAGGTG-1,Layer_3,5
AGCTGCTGTGCCGAAT-1,Layer_3,5
AGCTGTAACCTCAATC-1,WM,6
AGCTTATAGAGACCTG-1,Layer_1,3
AGCTTCAATACTTTGA-1,Layer_1,3
AGCTTCTTCTCGAGCA-1,Layer_6,7
AGCTTGATCTTAACTT-1,Layer_5,7
AGGAAAGCCTCTGATG-1,Layer_3,5
AGGAAGCTGTCCGCCG-1,Layer_6,7
AGGACAGTCGAATCCC-1,Layer_3,5
AGGACATCGCACGTCG-1,Layer_3,5
AGGACGACCCATTAGA-1,Layer_5,7
AGGACGCTCGATGTTG-1,Layer_1,3
AGGACTTATAGGAGAA-1,Layer_3,1
AGGAGGCCTTCGCGCG-1,Layer_4,1
AGGATAAAGTCGGGAT-1,Layer_5,7
AGGATATAGGGATTTA-1,Layer_3,5
AGGATATCCGACTGCA-1,Layer_6,7
AGGATCACGCGATCTG-1,Layer_6,6
AGGCAAAGAGGAATCA-1,Layer_1,3
AGGCACGTGACTGTCC-1,Layer_4,1
AGGCAGATGCGTAAAC-1,Layer_2,2
AGGCAGGGAGCGTACT-1,Layer_6,7
AGGCATTGTCGTAGGG-1,Layer_3,5
AGGCCACCCGTTATGA-1,Layer_3,1
AGGCCCAGTGACTGGT-1,Layer_3,5
AGGCCCATTGTACAGG-1,Layer_2,2
AGGCCCTAGAACGCCA-1,Layer_6,7
AGGCCTATCATACCAA-1,WM,4
AGGCCTGAGAATCTCG-1,Layer_5,7
AGGCGGTTTGTCCCGC-1,WM,4
AGGCGTCTATGGACGG-1,Layer_1,3
AGGCTATGGTTAGCTT-1,Layer_3,1
AGGCTTCCCGAAGAAG-1,Layer_5,7
AGGCTTGCTAGACACC-1,Layer_4,1
AGGGAAACGAGGTACT-1,Layer_1,3
AGGGACAGCACGGCGG-1,Layer_1,3
AGGGACCGGCTGCGTT-1,Layer_3,2
AGGGACTCTACGCGAC-1,Layer_6,7
AGGGAGACATACTTCG-1,Layer_1,3
AGGGCAGCGGCGTGGT-1,Layer_1,3
AGGGCGAGCAGCTGAT-1,Layer_6,7
AGGGCGTGATCGGCTA-1,Layer_3,5
AGGGCTGCAGTTACAG-1,Layer_3,5
AGGGTCAGAGCACTCG-1,WM,4
AGGGTCAGTAACCCTA-1,Layer_1,3
AGGGTCGATGCGAACT-1,Layer_3,2
AGGGTGCCGTTCTTTA-1,WM,4
AGGGTGCTCTCGAGGG-1,Layer_3,2
AGGGTGGATAGTGCAT-1,Layer_5,1
AGGGTGTGCTACACGC-1,Layer_3,5
AGGGTTCAGACGGTCC-1,WM,4
AGGGTTCCCTTTGGTT-1,Layer_3,2
AGGGTTTAGTTCGGGA-1,Layer_3,5
AGGTAACCTCCTATTC-1,Layer_3,5
AGGTACGATATTGCCA-1,Layer_1,3
AGGTAGATCGAGATAT-1,WM,4
AGGTAGGTACAAAGCT-1,Layer_4,7
AGGTATAATTGATAGT-1,Layer_2,2
AGGTCAGGTGAGAGTG-1,Layer_6,7
AGGTCGCCACTTCGGT-1,Layer_1,2
AGGTCGCGGAGTTACT-1,Layer_1,3
AGGTGCACGTCCACAT-1,Layer_6,7
AGGTGGTGACCTTCGC-1,WM,7
AGGTGTATCGCCATGA-1,Layer_5,7
AGGTTACACCATGCCG-1,Layer_3,5
AGGTTGAGGCACGCTT-1,Layer_3,2
AGGTTTCACACACCTT-1,Layer_4,1
AGTAACGTTCATCCTG-1,Layer_1,3
AGTAACTATAGCAGCC-1,Layer_6,7
AGTAATCTAAGGGTGG-1,Layer_6,7
AGTAATGTCTTGCCGC-1,Layer_2,2
AGTACAGAAGCTTATA-1,Layer_6,6
AGTACATCATTTATCA-1,Layer_1,3
AGTACCTTCGAGTGCT-1,Layer_1,3
AGTACGGCCCGTATCG-1,Layer_5,7
AGTACGGGCACCTGGC-1,Layer_3,2
AGTACGTGGCCTGTCT-1,Layer_1,3
AGTACTCTTATGCCCA-1,Layer_5,1
AGTAGAAGGCGCCTCA-1,WM,4
AGTAGCGTGAACGAAC-1,Layer_1,3
AGTAGCTAGACGCCGA-1,Layer_2,2
AGTAGGAAGGAAGTTG-1,Layer_1,3
AGTAGGTAACATACAT-1,Layer_2,2
AGTATAATACTAGGCA-1,Layer_3,1
AGTATACACAGCGACA-1,WM,4
AGTATCCATAATAACG-1,Layer_2,2
AGTATGCTGGAGACCA-1,WM,4
AGTATTTGGCACGACC-1,Layer_6,7
AGTCAAATGATGTGAT-1,WM,4
AGTCAACACCACCATC-1,Layer_5,1
AGTCAAGATGACACTT-1,Layer_3,1
AGTCACTAGCTCTCGA-1,Layer_4,1
AGTCACTCCGCCTCAT-1,Layer_2,2
AGTCAGCCACCGCCTG-1,Layer_3,5
AGTCCAGCGGGTACGT-1,Layer_2,2
AGTCCATTGGCTGATG-1,Layer_3,5
AGTCCCGCCTTTAATT-1,Layer_1,3
AGTCGACGGTCTCAAG-1,Layer_3,2
AGTCGGCCCAAACGAC-1,Layer_3,5
AGTCGGCTCAACTTTA-1,Layer_6,7
AGTCGGTTGCGTGAGA-1,Layer_3,5
AGTCGTATAAAGCAGA-1,Layer_6,7
AGTCGTCGACCACCAA-1,Layer_5,1
AGTCGTGGGCATTACG-1,Layer_6,7
AGTCTAAAGTATACTC-1,Layer_1,3
AGTCTCACAAGACTAC-1,Layer_6,7
AGTCTGGACATCCTTG-1,Layer_3,5
AGTCTTCTCCTCAAAT-1,Layer_3,2
AGTCTTTAAAGTGTCC-1,Layer_6,7
AGTGAACAAACTTCTC-1,Layer_3,5
AGTGAAGATGGTGTCC-1,Layer_1,3
AGTGACCTACTTTACG-1,Layer_5,1
AGTGACTGTGACACAA-1,WM,4
AGTGAGACTTCCAGTA-1,Layer_3,2
AGTGAGCCTCGCCGCC-1,Layer_2,2
AGTGAGGGTTTCTGAC-1,Layer_1,3
AGTGAGTCGAATTAAC-1,Layer_5,7
AGTGATAACCTGCGCG-1,Layer_5,7
AGTGATATGAGTAGTT-1,Layer_5,7
AGTGATTCAAGCAGGA-1,Layer_3,2
AGTGCACGCTTAAGAA-1,Layer_4,1
AGTGCGTAGCTCGTAA-1,Layer_5,7
AGTGCTAAACACAGCA-1,Layer_5,7
AGTGCTTGCACGAATA-1,Layer_3,5
AGTGGCCCGCAAATGG-1,Layer_6,7
AGTGGCGGCAATTTGA-1,Layer_1,3
AGTGGCGTCTGAAGGT-1,Layer_5,7
AGTGGCTCCGTCGGCC-1,Layer_5,7
AGTGGTGTTACCCGTG-1,Layer_6,6
AGTGGTTGCGTATAGG-1,Layer_5,7
AGTGTATTGCGCATTG-1,Layer_1,3
AGTGTGCTAAGATCGC-1,Layer_3,5
AGTGTGGTCTATTGTG-1,Layer_3,5
AGTTAAACACTTGCGA-1,Layer_5,1
AGTTAAGCGGTCCCGG-1,Layer_1,3
AGTTAAGTCAACCGCT-1,Layer_6,7
AGTTACCCTTAAGACT-1,Layer_4,1
AGTTACCGCACATGGT-1,Layer_4,1
AGTTACTCTATCGTGG-1,Layer_1,3
AGTTATTGAAAGGTAA-1,Layer_1,3
AGTTCACCGGTTGGAC-1,Layer_3,6
AGTTCCTACAGAATTA-1,Layer_3,5
AGTTCCTATTTATGTT-1,Layer_4,1
AGTTCTGCGTTGTATC-1,Layer_3,5
AGTTGACATCGGCTGG-1,Layer_3,5
AGTTGACGGTCCTTGC-1,Layer_6,7
AGTTGCTGACTGATAT-1,Layer_3,5
AGTTGGCAAGGCTAGA-1,Layer_5,7
AGTTTCGCAGGTCGGA-1,Layer_1,3
AGTTTGCACCTGCCTC-1,Layer_5,7
AGTTTGGCACGGGTTG-1,Layer_3,5
AGTTTGGCCAGACCTA-1,Layer_6,7
ATAAACCATTGGACGG-1,Layer_1,3
ATAAACGGACCCGTAA-1,Layer_5,1
ATAAACGTTGCACCAC-1,Layer_4,1
ATAAAGGCTCGGTCGT-1,Layer_3,1
ATAAAGGTCAAGTACG-1,Layer_1,3
ATAAATATTAGCAGCT-1,Layer_5,7
ATAACGCCGGAGGGTC-1,Layer_3,5
ATAACGGAGTCCAACG-1,Layer_3,2
ATAACGTTACCTCCAC-1,Layer_2,2
ATAAGCAAACACCGAG-1,Layer_2,2
ATAAGGTGGAGAACAT-1,Layer_5,1
ATAAGTACCCGATTGT-1,Layer_2,2
ATAAGTAGGATTCAGA-1,Layer_1,3
ATAAGTAGGGCGACTC-1,Layer_3,2
ATAAGTTACCGCGACG-1,Layer_5,7
ATAATACCGTTAGCCG-1,Layer_3,5
ATAATAGCTGTTGAAT-1,Layer_5,1
ATAATAGTGTAGGGAC-1,Layer_3,5
ATAATCTTGGAGAACC-1,Layer_5,7
ATAATTAGCTAAGTAG-1,Layer_6,7
ATACAGGCCCTCCAAT-1,Layer_5,7
ATACCACGGGCAACTT-1,Layer_5,7
ATACCAGCAAATTGCT-1,Layer_1,3
ATACCAGGCTAATAGA-1,Layer_1,3
ATACCAGGTGAGCGAT-1,Layer_1,3
ATACCGTCATCCATAA-1,Layer_1,3
ATACCTAACCAAGAAA-1,Layer_6,7
ATACGACAGATGGGTA-1,Layer_3,5
ATACGCCGATCTACCG-1,Layer_1,3
ATACGCCGGCGAAACC-1,Layer_3,5
ATACGGAACGTCGTTT-1,WM,4
ATACGGGTTTCGATTG-1,Layer_2,2
ATACGGTGAAGATGCA-1,Layer_5,7
ATACGTACTTAGCCAC-1,Layer_5,7
ATACGTCCACTCCTGT-1,Layer_3,5
ATACGTTATGCACGGA-1,Layer_6,7
ATACTACCCGTACCAC-1,Layer_5,1
ATACTAGCATGACCCT-1,Layer_3,5
ATACTCTCGCCACTCT-1,Layer_3,5
ATACTGCCTTACACCG-1,Layer_5,7
ATACTTGTTCTCGAGC-1,Layer_5,7
ATAGACAACGGGACCT-1,Layer_2,2
ATAGACGAAGAGAAAG-1,Layer_3,1
ATAGAGTACTGGGACA-1,Layer_3,5
ATAGAGTTATCAACTT-1,Layer_2,2
ATAGATTTGCAGTCGG-1,Layer_1,3
ATAGCAACTAGGGAAG-1,Layer_5,7
ATAGCCTCAGTACCCA-1,Layer_3,5
ATAGCTGCTCTTGTTA-1,Layer_3,1
ATAGGAATCTAAGCTT-1,Layer_2,2
ATAGGCGGCTATAGAA-1,Layer_5,7
ATAGGCTAGCTTCGCA-1,Layer_1,3
ATAGGGATATCCTTGA-1,Layer_3,2
ATAGGTTGGGCAGATG-1,Layer_3,5
ATAGTCTTTGACGTGC-1,Layer_1,3
ATAGTGAAGCGTTCTC-1,Layer_4,1
ATAGTTCCACCCACTC-1,Layer_3,5
ATATAAAGCGCTCGTG-1,Layer_5,7
ATATAAATGTAGCTGC-1,Layer_5,7
ATATAACACGGGCGCA-1,Layer_5,7
ATATACGCTCGTGACG-1,Layer_5,7
ATATCAACCTACAGAG-1,Layer_3,5
ATATCGGTAGGGAGAT-1,Layer_3,5
ATATCGTGCCAGACCC-1,Layer_1,3
ATATCGTTCCTCGAAC-1,Layer_5,7
ATATCTCCCTCGTTAA-1,Layer_1,3
ATATCTTAGGGCCTTC-1,Layer_3,5
ATATGGGATAGCAACT-1,WM,4
ATATGTCTAGAGCGTG-1,WM,7
ATATGTCTCCCTAGCC-1,Layer_3,2
ATATGTGCACAAACCA-1,Layer_2,2
ATATTCAGTTAAACCT-1,Layer_5,7
ATATTCCACATAGTGA-1,Layer_5,1
ATATTCCCACAGGTCA-1,Layer_1,3
ATATTGCTGTCAAAGT-1,Layer_3,5
ATATTTAACCCTCAAG-1,Layer_3,5
ATCAAACACTGTTCCA-1,Layer_3,5
ATCAAACGAAGGTTTG-1,Layer_6,7
ATCAAGATCCCAGGAC-1,WM,6
ATCAATCTGGGCTGCA-1,Layer_3,5
ATCACATTAGAATATC-1,Layer_1,3
ATCACGTGCTAATTAA-1,Layer_5,7
ATCACTTCATCCTCGC-1,Layer_3,2
ATCAGACGGCACGCCG-1,Layer_5,7
ATCAGCCTCATGCTGC-1,Layer_5,7
ATCAGCTCGTCCACTA-1,WM,6
ATCAGGTCGCCATTGC-1,Layer_1,3
ATCAGTAGGCAGGGAT-1,Layer_2,2
ATCATAGCCCTATGTA-1,Layer_5,7
ATCATCCAATATTTGT-1,Layer_4,1
ATCATCTGCCCAGTGT-1,Layer_1,3
ATCCAACGCAGTCATA-1,Layer_3,5
ATCCAATGGAGGGTCC-1,Layer_5,7
ATCCAATGGTACCGAA-1,Layer_5,7
ATCCACATCGACAGAA-1,Layer_6,7
ATCCACGCTAAATGTT-1,Layer_1,3
ATCCACTTTCAGACTA-1,Layer_2,2
ATCCAGAGCAACAACC-1,Layer_5,7
ATCCAGGATTCGTGAA-1,Layer_5,1
ATCCCATTTCCGTGGG-1,WM,4
ATCCTACCTAAGCTCT-1,Layer_5,7
ATCCTGAATCGCTGCG-1,Layer_5,7
ATCCTGCGTGGAATGG-1,Layer_5,7
ATCCTGCTGCAGATAG-1,Layer_1,3
ATCGACCCAATACAGA-1,Layer_4,1
ATCGACTCTTTCCGTT-1,Layer_3,5
ATCGCACGATTGTTCA-1,Layer_3,5
ATCGCACGCCGGGAGA-1,Layer_3,5
ATCGCCAGTCAACATT-1,Layer_3,5
ATCGCTGCGTGCAGCA-1,Layer_1,3
ATCGGAGACAGACGGC-1,Layer_5,1
ATCGGCAAGCAGTCCA-1,Layer_1,3
ATCGGTTACCTAGTAA-1,Layer_5,7
ATCGTATTCCGAGAAC-1,Layer_5,7
ATCGTCCAATCGAGTC-1,Layer_3,5
ATCGTTAGCTAGCGGA-1,Layer_5,1
ATCGTTCACTTTCGCC-1,Layer_1,3
ATCTAACGTCCCTATG-1,Layer_3,1
ATCTAATATCCTACGG-1,Layer_5,7
ATCTACCATCTGCTCC-1,Layer_6,7
ATCTAGCTTGTGAGGG-1,Layer_6,6
ATCTCATAAACCTACC-1,Layer_3,5
ATCTCCCACGGAATAT-1,Layer_5,1
ATCTCCCTGCAATCTA-1,Layer_1,3
ATCTCGTGAGCGAAAC-1,Layer_3,5
ATCTGACATGGAAGGA-1,WM,4
ATCTGATAGTGTCTTA-1,Layer_3,5
ATCTGCACCTCTGCGA-1,Layer_2,2
ATCTGCTGTTATCGCC-1,WM,4
ATCTGGGCTGTTCTTG-1,Layer_6,7
ATCTGGTTAAGACTGT-1,Layer_3,5
ATCTGTAATTGTACCC-1,Layer_2,2
ATCTTATCGCACACCC-1,Layer_5,7
ATCTTGACCTGCAACG-1,Layer_3,5
ATCTTGACTTGTCCAA-1,Layer_1,3
ATCTTTCGTATAACCA-1,Layer_1,3
ATGAAGCCAAGGAGCC-1,Layer_3,5
ATGAAGTGGACCCAGC-1,Layer_5,7
ATGACGCCGGCTCTAA-1,Layer_2,2
ATGACGCGTTCTATCC-1,Layer_6,7
ATGACTATCAGCTGTG-1,WM,4
ATGACTATGCGACATT-1,Layer_4,1
ATGAGGAGTGTTAATC-1,Layer_3,5
ATGAGGGCAGCGGCTA-1,Layer_3,5
ATGATCGGGAATAGAC-1,Layer_3,2
ATGATGCAATGGTACA-1,Layer_5,7
ATGCACCTTCCTTAAT-1,Layer_4,6
ATGCACTACCGCATTG-1,Layer_3,5
ATGCATGATCCAGGAT-1,Layer_3,5
ATGCATTCCGTGATGG-1,Layer_1,3
ATGCCAATCGCTCTGC-1,Layer_1,3
ATGCCATTTGCGACCA-1,Layer_3,5
ATGCCGGTCTTGCATA-1,Layer_3,5
ATGCCGGTTGATGGGA-1,Layer_1,3
ATGCGACAATTGGTCC-1,Layer_1,3
ATGCGACAGTCCCATT-1,Layer_3,5
ATGCGAGTCCCACCAC-1,Layer_3,5
ATGCTCAGTGTTGCAT-1,Layer_3,5
ATGCTCTGGCGCGGTA-1,Layer_5,7
ATGCTTAGGAGTTGAT-1,Layer_4,1
ATGGAACAGAATAAAC-1,Layer_3,5
ATGGAGCAGGCCGTGA-1,Layer_3,5
ATGGATCCGGCGTCCG-1,Layer_1,3
ATGGATTGACCAAACG-1,Layer_3,5
ATGGCAGCCGAGAAAC-1,Layer_5,7
ATGGCTGGAAATGGCC-1,Layer_1,3
ATGGGAACGGAAGCGG-1,Layer_1,3
ATGGGACCTGCTGAAC-1,WM,4
ATGGGCCTCGGCCTCT-1,Layer_3,5
ATGGTATTGGGAACCG-1,WM,6
ATGGTCGCGTGGTTTC-1,Layer_3,5
ATGGTGCTCAAAGCCA-1,Layer_1,3
ATGGTTACGAAACATG-1,Layer_2,2
ATGTAAGGCTGCTCTT-1,Layer_2,3
ATGTACATGCGGTGAG-1,Layer_5,7
ATGTACGATGACGTCG-1,Layer_6,6
ATGTAGCGCGCGTAGG-1,Layer_6,6
ATGTCATTTCCCATTG-1,Layer_3,6
ATGTGAAAGCCTAATG-1,Layer_6,7
ATGTGCATCCGACGCA-1,Layer_3,5
ATGTGGACATCTTGAT-1,Layer_4,1
ATGTGTAGTTTAGTCA-1,Layer_1,3
ATGTTACGAGCAATAC-1,Layer_3,5
ATGTTCCTGCCCACCT-1,Layer_3,1
ATGTTCGTCGACCCAC-1,Layer_5,7
ATGTTGATTAGAGACT-1,Layer_6,7
ATGTTGTAGTCTGTTT-1,WM,4
ATGTTTGTAAGATCAT-1,Layer_2,2
ATTAAACATGCGGACC-1,Layer_4,1
ATTAACACCTGAGATA-1,Layer_4,6
ATTAATACTACGCGGG-1,Layer_3,2
ATTAATGAACCAGTCG-1,Layer_2,2
ATTAATTCGGTCACTC-1,Layer_1,3
ATTACAACTACCGGCC-1,Layer_1,3
ATTACATGTCAGTCTT-1,Layer_3,5
ATTACCACACTGCCTG-1,Layer_3,5
ATTACGACTCCACAGT-1,Layer_1,3
ATTACGCGCTGGCAGG-1,Layer_5,7
ATTACTAGCCTCTTGC-1,Layer_3,5
ATTACTTACTGGGCAT-1,Layer_1,3
ATTAGATTCCTCAGCA-1,Layer_1,3
ATTAGATTGATAGCGG-1,Layer_3,5
ATTAGGCGATGCTTTC-1,Layer_3,5
ATTATACTTTGCTCGT-1,Layer_1,3
ATTATAGCTACTTTAC-1,Layer_2,3
ATTATCGGAATGTACG-1,WM,4
ATTATCTCGACAGATC-1,Layer_1,3
ATTATGCCATAGGGAG-1,Layer_3,5
ATTATGCTCAGTATTG-1,Layer_3,5
ATTATTATGTCCGTCA-1,WM,6
ATTATTCAGAGTCACT-1,Layer_6,7
ATTCAACCATTTAAGG-1,Layer_5,1
ATTCACTGATGTTGGA-1,Layer_5,7
ATTCAGATGAATCCCT-1,Layer_3,5
ATTCAGGACCTATTTC-1,Layer_1,3
ATTCAGGATCGCCTCT-1,Layer_1,2
ATTCAGTAGCAGGGTC-1,Layer_4,1
ATTCATATACTGTCCA-1,Layer_5,1
ATTCATCGTTGAGGCA-1,Layer_5,7
ATTCCCACATAAACAA-1,Layer_3,1
ATTCCTAAGACGTGGA-1,Layer_1,3
ATTCCTCCGCCAGTGC-1,Layer_3,5
ATTCCTTCCAGGCGGT-1,Layer_3,5
ATTCGACGCCGGGCCT-1,Layer_5,7
ATTCGCAGAGGACACT-1,Layer_1,3
ATTCGCGCCTTGAGAG-1,Layer_5,7
ATTCGTGCTATCTCTT-1,Layer_3,5
ATTCTCGTCTCTTTAG-1,Layer_2,2
ATTCTGAGTATGAACT-1,Layer_1,3
ATTCTTCGTACTTATG-1,Layer_1,3
ATTGAAGATCTTAGTG-1,Layer_3,5
ATTGACCGGCGATGAC-1,Layer_1,3
ATTGACGTAACTCGGT-1,Layer_1,3
ATTGATAGCAACGAGA-1,Layer_3,5
ATTGATGAGTCCTAAC-1,Layer_3,2
ATTGCCTTTATGTTTG-1,Layer_6,7
ATTGCGATCAGTAACT-1,Layer_4,1
ATTGCTGCTCCTCCAT-1,Layer_4,1
ATTGGATTACAGCGTA-1,Layer_4,1
ATTGGGAATATCTTGG-1,Layer_2,2
ATTGGGAGTTCTGTAA-1,Layer_2,2
ATTGGTAGGATCCGCT-1,Layer_5,7
ATTGGTTGTGCATTAC-1,Layer_6,7
ATTGTACAACTCGGCT-1,Layer_3,2
ATTGTCGCAATACCTT-1,Layer_1,3
ATTGTCTGTTTCATGT-1,WM,4
ATTGTGACTTCGCTGC-1,Layer_1,3
ATTTAACTCGTATTAC-1,Layer_2,2
ATTTACAGTTTACTGG-1,Layer_3,1
ATTTACTAAGTCCATT-1,Layer_1,3
ATTTATACTGGTAAAG-1,WM,7
ATTTCATTATTTCGCG-1,Layer_1,3
ATTTCCGGGTTCTGCG-1,Layer_6,7
ATTTGCCTAGTTACGA-1,Layer_1,3
ATTTGCGCGAGTAGCT-1,Layer_6,7
ATTTGTCTTGGGAGCT-1,Layer_3,5
ATTTGTTCCAGGGCTC-1,Layer_2,2
CAAACCAGGTCTGCAT-1,Layer_6,7
CAAACCCTCCGGCGGG-1,WM,6
CAAACGAGTATCGCAG-1,Layer_5,7
CAAACGGTCGCACTTT-1,Layer_3,1
CAAACGTGGTCTTGCG-1,Layer_1,3
CAAACTACGATAGAGA-1,Layer_1,3
CAAACTATTGAGCTTC-1,Layer_1,3
CAAACTCGCGACGCCG-1,Layer_3,5
CAAAGATTATTGGGCC-1,WM,6
CAAAGGTTAAATTCAG-1,Layer_3,2
CAAAGTCAGGTTAGCT-1,Layer_3,5
CAAATCTCTCACAAGG-1,Layer_6,7
CAAATGCGGAGTGTTC-1,Layer_1,3
CAAATGTCCTTCCGTG-1,Layer_5,1
CAAATTGGATTATGCC-1,Layer_1,3
CAAATTGTCAGCAAGC-1,Layer_1,3
CAACACATCTCCTGCC-1,Layer_1,3
CAACAGAATAACGCTA-1,Layer_2,2
CAACAGTGCCAAACGG-1,Layer_1,3
CAACATGGCCTGATAA-1,Layer_3,5
CAACCAGTGGCCTACC-1,Layer_5,7
CAACCGCACCTAGACA-1,Layer_3,1
CAACCTACCGAGCAGT-1,Layer_5,1
CAACGACCCGTTTACA-1,Layer_3,5
CAACGGTTCTTGATAC-1,Layer_3,5
CAACGTGGTGGAGTCT-1,Layer_4,1
CAACTATATCGAATGC-1,Layer_1,3
CAACTCCAACGTTTAG-1,Layer_1,3
CAACTCCGTAACTTGC-1,Layer_1,3
CAACTCCTTGATCCCG-1,Layer_3,5
CAACTGAGGGTATGAC-1,Layer_2,2
CAACTGCTCATCCGAT-1,Layer_6,7
CAACTTGTAGTGGGCA-1,Layer_2,2
CAAGAAACCCTAAACT-1,Layer_3,2
CAAGAGGGCGGAGTAC-1,Layer_4,1
CAAGATATTATAACGT-1,Layer_3,5
CAAGCAACGTCGGAGT-1,Layer_4,1
CAAGCACCAAATGCCT-1,Layer_2,2
CAAGCGGCACATAATT-1,Layer_5,7
CAAGGATCGCATGTTC-1,Layer_3,1
CAAGGCCAGTGGTGCA-1,Layer_5,7
CAAGGGAGTGTATTTG-1,Layer_1,2
CAAGGTCCTATAGGCT-1,Layer_2,2
CAAGTAAGTGATAGAC-1,WM,4
CAAGTGAACTTTGGTT-1,Layer_1,3
CAAGTGTGGTTGCAAA-1,Layer_3,5
CAATAAACCTTGGCCC-1,Layer_3,2
CAATACGAGAGTCTGA-1,Layer_3,5
CAATACGCTCTGAGGC-1,Layer_5,7
CAATATGTAGATTTAC-1,Layer_2,2
CAATATTCTTGACCTA-1,Layer_6,7
CAATATTGGACTAGTG-1,Layer_3,5
CAATCCATTATCCGTT-1,Layer_2,5
CAATCCCTATACCAGC-1,Layer_1,3
CAATCCTGCCGTGGAG-1,Layer_3,5
CAATGACCCTTAATTT-1,WM,6
CAATGAGGTTCGACTA-1,Layer_1,3
CAATGCGAGAAGTATC-1,Layer_5,7
CAATGGAATCTACATA-1,Layer_1,3
CAATGGATCTCTACCA-1,Layer_3,2
CAATGGTCGGCCTGGG-1,Layer_1,3
CAATGTGCCAACCCTT-1,Layer_2,2
CAATTAAGGGTGATGA-1,Layer_3,5
CAATTTCGTATAAGGG-1,Layer_3,5
CAATTTGACCGGGAAG-1,Layer_3,5
CACAAGAAAGATATTA-1,Layer_1,3
CACAATGAGCTGCTAT-1,Layer_5,1
CACACACGCTAACGAG-1,Layer_4,1
CACACAGCTTGCGCTC-1,Layer_3,5
CACACAGGGATAGATT-1,Layer_3,1
CACACGCGCTGTCTTA-1,Layer_3,2
CACACGTTTCAATGGG-1,Layer_1,3
CACACTTGTATTGCGA-1,Layer_2,2
CACAGCACCCACGGCA-1,Layer_3,5
CACAGCTAGGGAGTGA-1,Layer_3,5
CACAGGGCCATATAGT-1,Layer_5,1
CACAGGGCCGTTGTCA-1,Layer_6,7
CACAGTCCCGCTTCGC-1,Layer_5,7
CACAGTTCGCTTCCCA-1,Layer_3,1
CACATAAGGCGACCGT-1,Layer_1,3
CACATATTAGCAGGAT-1,Layer_4,1
CACATCGTGCACGCGC-1,WM,4
CACATCTCACCGACGA-1,Layer_5,7
CACATGATTCAGCAAC-1,Layer_3,5
CACATGTTTGGACATG-1,Layer_3,5
CACATTCTTTCGATGG-1,Layer_1,3
CACATTTCTTGTCAGA-1,Layer_3,5
CACCACGCCACACAGA-1,Layer_6,7
CACCAGTCAGCATGCA-1,WM,4
CACCATCGGAGGAGAC-1,Layer_1,3
CACCATGATCGCAAAG-1,Layer_1,3
CACCCAAATCTTATGT-1,Layer_3,2
CACCCACACGTCACCC-1,Layer_3,5
CACCCACGAGGCAATT-1,Layer_1,3
CACCCGGTTTGTGACT-1,Layer_6,7
CACCCTAACAAGATCT-1,Layer_5,7
CACCCTTGGTGAGACC-1,WM,6
CACCCTTTCCTCGCTC-1,Layer_2,2
CACCGATACACCGAGC-1,Layer_1,3
CACCGCCAGAAGGTTT-1,Layer_3,5
CACCGCCGACCAGCGA-1,Layer_1,3
CACCGCGTCCACTCTA-1,Layer_1,3
CACCGGAGATATCTCC-1,Layer_1,3
CACCGGGCATCACAAG-1,Layer_6,7
CACCGTATCCCATCCG-1,Layer_3,1
CACCGTTAGGGATCAC-1,Layer_6,7
CACCGTTGCGCGATAT-1,Layer_6,7
CACCTAATAGAGTCGT-1,Layer_3,5
CACCTAATCAGTTTAC-1,Layer_2,2
CACCTCGATGGTGGAC-1,Layer_2,2
CACCTCTACGAGTGTG-1,Layer_3,5
CACCTTGCGAAACTCG-1,Layer_2,2
CACCTTGGCGCCTTTG-1,Layer_3,5
CACGAAAGTTAGTCCC-1,Layer_4,7
CACGACCACAGACTTT-1,Layer_2,2
CACGACGTAATAGTAA-1,Layer_2,2
CACGACTAAAGTTCTG-1,Layer_1,3
CACGATTGGTCGTTAA-1,Layer_1,3
CACGCACAGCGCAGCT-1,Layer_3,2
CACGCAGCGAGGCTTT-1,Layer_3,1
CACGCGGAACTGTTGC-1,Layer_3,5
CACGGCGCGCCAAAGG-1,Layer_1,3
CACGGGATTGAGGGTT-1,Layer_5,7
CACGTCAATCAATGGA-1,Layer_5,7
CACGTCGGCAACCTCT-1,Layer_6,7
CACGTCGGGTTCTAGA-1,Layer_3,1
CACGTCTATGATGTGG-1,Layer_1,3
CACGTTCGTGCTCTAG-1,Layer_3,5
CACGTTTCGTACACAC-1,Layer_5,1
CACTAAAGTTGCCTAT-1,Layer_3,1
CACTACGGGAGCTGCC-1,Layer_5,1
CACTACTCAGTTCTGT-1,Layer_1,3
CACTCAAGAGCTATGG-1,Layer_4,1
CACTCAGCTCTTGAGG-1,Layer_1,3
CACTCCTATGTAAGAT-1,Layer_6,7
CACTCCTCTCGGTCGG-1,Layer_1,3
CACTCGAGCTGAACAA-1,Layer_4,1
CACTCGGTTAGGAGGA-1,Layer_5,7
CACTCTCAAGCATCGA-1,WM,4
CACTCTTCTGCTAGCC-1,Layer_5,1
CACTGACGATTGTGGA-1,WM,4
CACTGTCCAAGTGAGA-1,Layer_3,5
CACTTAATCAGACGGA-1,Layer_3,1
CACTTCGCCACAGGCT-1,Layer_3,5
CACTTCGTCTTATCTC-1,Layer_3,5
CAGAACTTAGCCCTCT-1,Layer_4,1
CAGAATAACACACGGA-1,Layer_4,1
CAGACACCGATCGCTG-1,Layer_5,7
CAGACCTGTAAGTGTT-1,Layer_2,2
CAGACGAACCTGATAC-1,Layer_5,7
CAGAGACGGTCACCCA-1,Layer_5,7
CAGAGCATGAGCTTGC-1,Layer_3,2
CAGAGGCGATGCATGA-1,Layer_6,7
CAGAGTGATTTAACGT-1,Layer_1,3
CAGATAATGGGCGGGT-1,Layer_5,7
CAGATACTAACATAGT-1,Layer_3,5
CAGATCATTTAAAGTC-1,Layer_1,3
CAGATCCTGGTTTGAA-1,WM,4
CAGCAGCCCGTTCCTT-1,Layer_3,5
CAGCAGTCCAGACTAT-1,Layer_3,5
CAGCAGTCTGTGCTGC-1,Layer_6,7
CAGCCCTCACAGGCAG-1,Layer_1,3
CAGCCGGGCCCTCTAT-1,Layer_1,3
CAGCCTCCTGCAGAGG-1,Layer_2,2
CAGCCTCTCCTCAAGA-1,Layer_1,3
CAGCGATTCCCTTCAA-1,Layer_6,7
CAGCGCCAACACGATA-1,Layer_5,7
CAGCTCACTGAGACAT-1,Layer_3,5
CAGCTCGACAAGTTAA-1,Layer_2,2
CAGCTCGTGCTTGTGT-1,Layer_3,5
CAGCTGGCGTAACCGT-1,Layer_6,7
CAGCTTAGTAGGTAGC-1,Layer_4,7
CAGGAAGACTTTATAT-1,Layer_1,3
CAGGATATATCGTTGT-1,Layer_4,1
CAGGATCCGCCCGACC-1,Layer_1,3
CAGGCAGTCTTACCAG-1,Layer_6,7
CAGGCCGTTTGGGTGT-1,Layer_4,1
CAGGCGCACGGTGGTC-1,WM,6
CAGGCGCCATGCTAGG-1,Layer_4,1
CAGGTTTAGTACTACA-1,Layer_1,3
CAGTAACTATTTATTG-1,Layer_1,3
CAGTAATCCCTCCCAG-1,Layer_3,5
CAGTACATTCTCTAAA-1,Layer_1,3
CAGTACCAGTTTACGT-1,Layer_6,7
CAGTAGATGATGTCCG-1,Layer_3,1
CAGTAGCCCACGCGGT-1,Layer_2,2
CAGTAGCGAGGTAGTA-1,Layer_2,2
CAGTCCAACGCCTTCT-1,Layer_2,2
CAGTCGAGGATGCAAT-1,Layer_1,3
CAGTCGGCCTAGATAT-1,Layer_6,6
CAGTCTCTCGGCTAAT-1,Layer_2,2
CAGTCTGTATACTGGG-1,Layer_4,1
CAGTGAATAAATGACT-1,Layer_2,2
CAGTGGTTGCACATGA-1,Layer_3,5
CAGTGTCCGCAGAATG-1,Layer_3,5
CAGTGTCGGCTGGCCC-1,Layer_4,1
CAGTTCAAATTGACAC-1,Layer_3,5
CAGTTCCGCGGGTCGA-1,Layer_3,1
CAGTTCGAGGACCCGA-1,WM,4
CATAACGGACAGTCGT-1,Layer_3,2
CATAAGAAGCTTGGCT-1,Layer_5,7
CATAAGCTCTCCGTCT-1,Layer_6,6
CATAATGAGCGGGCGA-1,Layer_1,3
CATACAAAGCCGAACC-1,Layer_3,5
CATACACGGTTCCCAC-1,Layer_6,7
CATACCCGTACCCAGT-1,Layer_5,7
CATACGAACTAGCTGG-1,WM,4
CATACGGCGTCTGGGC-1,Layer_3,1
CATACGGGTGCATGAT-1,Layer_3,5
CATACTATGTAATTGT-1,Layer_4,1
CATACTTAGGCAATAC-1,Layer_3,2
CATACTTCTTTCTCCG-1,WM,4
CATAGAGGAGATACTA-1,Layer_6,7
CATAGCCGCCCGGGAT-1,Layer_4,1
CATAGCGTTGCCCACC-1,Layer_6,7
CATAGTACATTGAGAG-1,Layer_1,3
CATAGTAGCATAGTAG-1,Layer_3,5
CATAGTCAAATACATA-1,Layer_5,7
CATAGTCCACAAGAAC-1,Layer_5,7
CATATACTACTGATAA-1,Layer_1,3
CATATAGGTACAGTCA-1,Layer_5,1
CATATGTCAGGCTACG-1,Layer_6,7
CATATTATTTGCCCTA-1,Layer_1,3
CATCAAACTGGCGCCC-1,Layer_1,3
CATCAACACCTACTAA-1,Layer_3,1
CATCATCTACCCGGAC-1,Layer_1,3
CATCATTACCCTGAGG-1,Layer_4,1
CATCCCGAGATTCATA-1,Layer_5,7
CATCCGCAGGCCCGAA-1,Layer_3,5
CATCCTCTCAAAGATC-1,Layer_4,1
CATCGAATGGATCTCT-1,Layer_2,2
CATCGCCCGCGGCCAA-1,Layer_3,5
CATCGGACGGGTTAAT-1,Layer_4,1
CATCGTCCGGTTACTA-1,Layer_4,1
CATCTACCCGAGAACG-1,Layer_2,2
CATCTATCCCGTGTCT-1,Layer_1,3
CATCTGCAGGATCATT-1,Layer_5,7
CATCTTACACCACCTC-1,Layer_3,2
CATGAACCGACATTTG-1,Layer_3,5
CATGAACCTCTTATCA-1,Layer_1,3
CATGACTTCGCTGAAT-1,Layer_3,5
CATGAGATGCACTCTC-1,Layer_5,7
CATGATACGGTGAAAC-1,WM,7
CATGATCGCTTTGAGA-1,Layer_5,7
CATGATGCACAATTCT-1,Layer_3,2
CATGATGGAAGTTAGC-1,Layer_3,5
CATGCACGTGTTACTG-1,Layer_1,2
CATGCATGGAGACCCT-1,Layer_1,3
CATGCCAACTCGCAAA-1,Layer_6,7
CATGCGACCAGTTTAA-1,Layer_1,3
CATGCGTTAGACAGAA-1,Layer_2,2
CATGCTGGCTCCAATT-1,Layer_1,3
CATGGAAATGGGACCA-1,Layer_1,2
CATGGATTGTCTTCCG-1,Layer_4,1
CATGGCAGGAAGATCG-1,Layer_3,2
CATGGCTCCCTATGTC-1,Layer_5,6
CATGGGTATGCCTTAT-1,Layer_5,7
CATGGGTCGGGTGTGG-1,Layer_1,3
CATGGTAAGTAGCGTT-1,Layer_4,1
CATGGTCTAGATACCG-1,Layer_3,5
CATGGTTTATTAATCA-1,Layer_6,7
CATGTAAGAGACATTT-1,Layer_4,1
CATGTAGGAGCGCCAA-1,Layer_1,3
CATGTCTCATTTATGG-1,Layer_4,1
CATGTGGGCTCATCAC-1,Layer_6,7
CATTACATAGATTGTG-1,Layer_1,3
CATTACGCAGGAAGGG-1,Layer_6,7
CATTACGTCGGCCCGT-1,Layer_2,2
CATTATAACAGGGTCC-1,Layer_1,3
CATTATCCCATTAACG-1,WM,4
CATTATGCTTGTTGTG-1,Layer_3,5
CATTCACTGACAGCTA-1,Layer_1,3
CATTCAGGTCAGTGCG-1,Layer_2,5
CATTCCCATTCCGTCG-1,Layer_1,3
CATTCCCTAAGTACAA-1,Layer_3,5
CATTGATGAACACGCC-1,Layer_1,3
CATTGCAAAGCATAAT-1,Layer_1,3
CATTGCGAAATGGGCG-1,Layer_5,7
CATTGCGGGTCAATTC-1,Layer_1,3
CATTGTGTGCTAGATC-1,Layer_3,5
CATTTAGCGGACCATG-1,Layer_2,2
CATTTATCGTTCAAGA-1,Layer_1,3
CATTTCTAGCAGACTA-1,Layer_3,5
CATTTGAGTGGTACGT-1,Layer_5,7
CCAAACAGAACCCTCG-1,Layer_3,5
CCAAAGCAGTTGGTTG-1,Layer_3,5
CCAAAGTCCCGCTAAC-1,Layer_1,3
CCAAATAACAAGATTC-1,Layer_3,1
CCAACCTTATGTAACT-1,WM,4
CCAACGATGCACTGAT-1,Layer_4,1
CCAACGCTTGCCAGGG-1,Layer_1,3
CCAAGAAAGTGGGCGA-1,Layer_5,7
CCAAGACTTCTGCGAA-1,Layer_3,5
CCAAGCGTAACTCGTA-1,Layer_3,5
CCAAGCTTGATCTCCT-1,Layer_1,2
CCAAGGAACAGAGAGG-1,Layer_3,5
CCAAGGTTGCCCTTTC-1,Layer_6,7
CCAAGTTTCTACAGAT-1,Layer_3,1
CCAATAGATTTCATCT-1,Layer_5,7
CCAATAGTGCCGTCGA-1,Layer_4,1
CCAATCGGTAGATCGA-1,Layer_1,3
CCAATGTCACAGCAAG-1,Layer_4,1
CCAATTACGGGTCGAG-1,Layer_1,3
CCAATTGAATGTTAAT-1,Layer_3,5
CCACAATGTACGTCTT-1,Layer_3,5
CCACACTGAGATATTA-1,Layer_4,1
CCACAGCTGAAATCAT-1,Layer_3,2
CCACAGTACCCATCCT-1,Layer_3,1
CCACATACTGCACCCA-1,Layer_3,1
CCACCAACTTTACTGT-1,Layer_6,7
CCACCCAAGGAAAGTG-1,Layer_3,5
CCACGAATTTAACCTC-1,Layer_3,5
CCACGAGAAGAGAATC-1,Layer_1,3
CCACGGAGCCATAAGA-1,Layer_6,7
CCACGGTGCCCGGTAG-1,Layer_3,2
CCACTAAACTGAATCG-1,Layer_2,2
CCACTATCCGGGTCAC-1,Layer_1,3
CCACTCAGATCCGCAA-1,Layer_6,6
CCACTGGTGGCTGGTT-1,Layer_5,7
CCACTGTTTGGATTAA-1,Layer_4,1
CCAGAAACTGATGCGA-1,Layer_5,7
CCAGAAAGCAACTCAT-1,Layer_6,7
CCAGAGACAAAGCCGG-1,Layer_3,1
CCAGATAGTTGAGTGA-1,Layer_3,5
CCAGATGTAAATGGGT-1,Layer_1,3
CCAGCCTGGACCAATA-1,Layer_3,5
CCAGCTACGCCTCATA-1,Layer_3,2
CCAGCTCGAACGCATT-1,Layer_6,7
CCAGCTGATGGTACTT-1,Layer_5,7
CCAGCTTCCGCCCGCA-1,Layer_4,1
CCAGGGACGTGGCCTC-1,Layer_3,5
CCAGTAGTCTGATCCA-1,Layer_2,2
CCAGTCAAATCTCTTA-1,Layer_6,7
CCAGTCCATTATTCGA-1,Layer_3,5
CCAGTCTAGACGGCGC-1,Layer_2,2
CCAGTCTTGTCATAGA-1,Layer_6,7
CCAGTTCGGTAACTCA-1,Layer_6,7
CCATAAACAACCCGAC-1,Layer_1,3
CCATACCTTTACTTGT-1,Layer_2,2
CCATACTCGCCTCTCC-1,Layer_5,7
CCATAGGTTGGCGTGG-1,Layer_2,2
CCATAGTCAGTAACCC-1,Layer_3,5
CCATATGGAAACTATA-1,Layer_4,1
CCATATTGGATCATGA-1,Layer_3,5
CCATCATAAGAACAGG-1,Layer_3,5
CCATCCATACCAAGTC-1,Layer_3,5
CCATCGCAGTTAAACT-1,Layer_5,7
CCATCTCACCAGTGAA-1,Layer_3,5
CCATCTTGTTCACAAT-1,Layer_2,2
CCATGCCCTAGATTTC-1,Layer_4,1
CCATGCCTGTTTAGTA-1,Layer_3,1
CCATGCTCTGCAGGAA-1,Layer_3,5
CCATGGCCCTTGTACC-1,Layer_5,7
CCATTAGCGATAATCC-1,Layer_3,1
CCATTCCCTGCCCACA-1,Layer_4,1
CCATTTCTACCTATTA-1,Layer_5,7
CCCAAACATGCTGCTC-1,Layer_3,2
CCCAACATACGTCGCG-1,Layer_5,7
CCCAACCACACTAACA-1,Layer_1,3
CCCAAGAATGCACGGT-1,Layer_1,2
CCCAAGACAGAGTATG-1,Layer_1,3
CCCAAGTCATTACACT-1,Layer_6,7
CCCAATGAGATTTGCA-1,WM,6
CCCAATTTCACAACTT-1,Layer_5,7
CCCAGAGGAGGGCGTA-1,Layer_1,3
CCCAGGAAGAATTCGA-1,WM,7
CCCAGGTCTGAAGGCT-1,Layer_3,1
CCCAGTAAACTTGGGA-1,WM,4
CCCAGTTAAGGCGCCG-1,Layer_3,5
CCCATATAGGTCGATT-1,Layer_5,7
CCCGAAGTTTCGCGAA-1,Layer_6,6
CCCGACCATAGTCCGC-1,Layer_2,2
CCCGAGTTTCTCCGTA-1,Layer_3,5
CCCGCAGCGCGAACTA-1,Layer_5,1
CCCGCAGGGCCCAAAG-1,Layer_1,3
CCCGCCATGCTCCCGT-1,Layer_3,5
CCCGCGCAATGCACCC-1,Layer_3,5
CCCGCTAGAGGGTTAA-1,Layer_1,3
CCCGCTTGCCCTCGTC-1,Layer_1,3
CCCGGGTCGTTCAGGG-1,WM,6
CCCGGTGGAAGAACCT-1,Layer_4,1
CCCGGTGTATCGGAAT-1,WM,4
CCCGTAAGTCTAGGCC-1,Layer_5,7
CCCGTAGCTGGGAAGA-1,Layer_6,7
CCCGTCAGCGTCTGAC-1,Layer_3,5
CCCGTGAGGGCGGTGA-1,Layer_6,7
CCCGTTTCGCAGATGT-1,Layer_3,1
CCCTACCCACACCCAG-1,Layer_6,7
CCCTACTTGAACAATG-1,Layer_6,7
CCCTAGTGTCAGGTGT-1,Layer_3,5
CCCTATGTAGAGCAGA-1,WM,4
CCCTCAAGCTCTTAGT-1,Layer_4,6
CCCTCATTCTGGAATT-1,Layer_3,5
CCCTCCTCGCTCGTAT-1,Layer_3,5
CCCTCGATAATACACA-1,WM,4
CCCTCGGGAGCCTTGT-1,Layer_1,3
CCCTGAAATGAGTTGA-1,Layer_3,1
CCCTGACTAACAAATT-1,Layer_5,7
CCCTGATGTAACTCGT-1,Layer_3,5
CCCTGCCCAATCCGCT-1,Layer_5,7
CCCTGCGCTACGCATA-1,Layer_5,7
CCCTGGTATGGGCGGC-1,Layer_1,3
CCCTGTTGGCAAAGAC-1,Layer_3,5
CCCTTCTCGTACGCGA-1,Layer_1,3
CCCTTTAATGGAGTTC-1,Layer_5,7
CCCTTTGACAGGTCTT-1,Layer_5,7
CCGAAAGTGGTGAGCA-1,Layer_3,5
CCGAACACTGGGCCTC-1,Layer_6,7
CCGAACCTTCCCGGCC-1,Layer_5,1
CCGAAGTATATTGTTC-1,Layer_3,5
CCGACAAACACATGAG-1,Layer_3,5
CCGACAAAGGGAGTGC-1,Layer_5,7
CCGACAATAGGCCGCC-1,Layer_4,1
CCGACGGGCATGAGGT-1,WM,6
CCGACGTAAACACAAC-1,Layer_1,3
CCGACTCGCATAGTCT-1,Layer_1,3
CCGAGAAGTCGCATAA-1,Layer_3,5
CCGAGCTGTGCTTGTC-1,Layer_1,3
CCGAGGGATGTTAGGC-1,Layer_1,3
CCGATCTCAACCTTAT-1,Layer_3,2
CCGATCTTAAGAGGCT-1,Layer_2,2
CCGATTCGAGGGACCC-1,Layer_5,7
CCGATTGGTCAATGAA-1,Layer_2,2
CCGCACAAAGACCAAC-1,Layer_3,5
CCGCACGTGACCTCGG-1,Layer_4,1
CCGCACTTGCAATGAC-1,Layer_6,7
CCGCATGTGGTACGAT-1,Layer_5,7
CCGCCACCACAATCCA-1,Layer_1,3
CCGCCGGTCAACACAC-1,Layer_2,2
CCGCCGTTGAGGATAA-1,Layer_3,5
CCGCCTGCGAATTGGT-1,Layer_1,3
CCGCCTTGCGATGTCG-1,Layer_6,7
CCGCGATTTGGTAGGT-1,Layer_5,7
CCGCGGAATGCGTCAC-1,Layer_5,7
CCGCGGGTACGAAGAA-1,Layer_4,7
CCGCGTAGGTAAGGGC-1,Layer_4,1
CCGCTATCAGCACCAG-1,Layer_4,1
CCGCTCCAGGGCGATC-1,WM,4
CCGCTCTTCCGAACTA-1,Layer_5,7
CCGCTGGTGCCATTCA-1,Layer_1,3
CCGCTTACCTCACTCT-1,Layer_5,7
CCGCTTCGCGGTTAAC-1,Layer_1,3
CCGCTTGCTGACATGG-1,Layer_1,3
CCGGAATGGTTTCAGT-1,Layer_3,5
CCGGAGCGTACTTTCT-1,Layer_6,7
CCGGAGGTCTTATGGT-1,Layer_1,3
CCGGCACGACCGTTTC-1,Layer_2,2
CCGGCGCATATTGGAT-1,Layer_2,2
CCGGCGTGAGACTCTG-1,Layer_6,6
CCGGGACCCGCAGAGA-1,Layer_3,2
CCGGGCGGTCTCGTCA-1,Layer_3,5
CCGGGCTGCTCCATAC-1,Layer_3,2
CCGGGTTCGAGGTTAC-1,Layer_5,7
CCGGTAATGGCTAGTC-1,Layer_3,2
CCGGTTTGTAATTGTG-1,Layer_6,7
CCGTAAGTTGGTCCCA-1,Layer_3,5
CCGTACCCAAGCGCCA-1,Layer_3,5
CCGTAGGAAATCCCTG-1,Layer_5,7
CCGTAGGGTTGTTTAC-1,Layer_5,1
CCGTATCTCGTCGTAG-1,WM,7
CCGTATTAGCGCAGTT-1,Layer_1,3
CCGTGAGGCATTCATG-1,Layer_2,2
CCGTGCCCATGACGGC-1,Layer_2,2
CCGTGGAACGATCCAA-1,Layer_1,3
CCGTGTTAAATTCCAT-1,Layer_5,7
CCGTTACGTTAGAACA-1,Layer_1,3
CCGTTCCGAATCTCGG-1,Layer_5,7
CCTAAACAGGGTCCGT-1,Layer_1,3
CCTAAAGGCTGACGCT-1,Layer_1,3
CCTAAATTAACGGTTC-1,Layer_4,1
CCTAAATTGTATCCTA-1,Layer_3,1
CCTAACCCAAACAAGT-1,Layer_4,1
CCTAACTAAGGCTCTA-1,Layer_1,3
CCTAAGTGTCTAACCG-1,Layer_1,2
CCTACAAGTCCGGAAT-1,Layer_1,3
CCTACAGTTGAGGGAG-1,WM,7
CCTACATTCACAGACG-1,Layer_6,7
CCTACGCGACCTTACA-1,Layer_1,2
CCTACGGCTCAGTCGA-1,Layer_3,5
CCTACTCAACACGATT-1,Layer_5,7
CCTACTGCGGCGGCCA-1,Layer_1,3
CCTACTGCTTACACTT-1,Layer_3,5
CCTAGGCGTAGCGATC-1,Layer_3,2
CCTAGGTAAAGGTAGC-1,WM,6
CCTAGTTAGTCGCATG-1,Layer_1,3
CCTATAATGAGTGCCC-1,Layer_5,7
CCTATACCGTCCTGTC-1,Layer_6,7
CCTATATTTGTCCTGG-1,Layer_6,7
CCTATCTATATCGGAA-1,Layer_1,2
CCTATGAAGTGGTGCC-1,Layer_3,2
CCTATGGCTCCTAGTG-1,WM,4
CCTATGGGTTACCGTC-1,Layer_3,5
CCTATGGTCAAAGCTG-1,Layer_6,6
CCTATGTCCACTCCAC-1,Layer_5,7
CCTCACCAATCTTGAC-1,Layer_3,5
CCTCACCTGAGGGAGC-1,Layer_1,3
CCTCACCTTAGCATCG-1,Layer_2,2
CCTCATGCAGCTACGA-1,Layer_3,2
CCTCCCGACAATCCCT-1,Layer_1,3
CCTCCGACAATTCAAG-1,Layer_4,1
CCTCCTGAGCCCACAT-1,Layer_5,7
CCTCCTGTTGTGTCGT-1,Layer_5,7
CCTCGAAGTGGACGGG-1,Layer_1,3
CCTCGACCCACTGCCT-1,Layer_1,3
CCTCGCCAGCAAATTA-1,Layer_2,2
CCTCGCGCGATATAGG-1,Layer_1,3
CCTCGCGCTGTGCGAT-1,Layer_6,7
CCTCGGACCGGGATAG-1,Layer_3,5
CCTCGGATGCTACCTG-1,Layer_5,7
CCTCGGTTTCCTTGCC-1,WM,4
CCTCGTTACGCCTGTT-1,Layer_2,2
CCTCTAATCTGCCAAG-1,Layer_3,2
CCTCTATCGATTAGCA-1,Layer_6,7
CCTCTCTCCCATCTAG-1,Layer_4,1
CCTCTGGCCTAGACGG-1,Layer_1,3
CCTCTGTACTATTCTA-1,Layer_5,7
CCTGAACGATATATTC-1,Layer_3,5
CCTGAATATTTACATA-1,Layer_3,2
CCTGACAAACTCGCGC-1,Layer_4,6
CCTGACCACCGATGGT-1,Layer_4,1
CCTGACGCAACCTTTA-1,Layer_1,3
CCTGAGAATAAATGCA-1,WM,4
CCTGCCCGTTGTCTAG-1,Layer_5,7
CCTGCGATAGAACTGT-1,Layer_3,5
CCTGCGTTCTACGCTT-1,Layer_5,7
CCTGCTATTTGAGAAG-1,Layer_3,5
CCTGGAAACGTTCTGC-1,Layer_3,5
CCTGGCTAGACCCGCC-1,Layer_3,1
CCTGGTCGAATGTGGG-1,Layer_6,7
CCTGTAAGACATGATA-1,Layer_4,1
CCTGTACTCACGCCCA-1,Layer_5,7
CCTGTCACCCGGGCTC-1,Layer_3,5
CCTGTCCCTCACGTTA-1,Layer_2,2
CCTGTCGCCCGTAAAT-1,Layer_3,5
CCTGTGAAACCGTAAC-1,Layer_5,7
CCTGTGCATAGGAGAC-1,Layer_2,2
CCTGTGCGGATTGTAA-1,Layer_2,2
CCTGTTCAACCTCGGG-1,WM,4
CCTGTTTGAAGACACG-1,Layer_5,1
CCTTAAGTACGCAATT-1,Layer_6,7
CCTTCAGTTAAAGTGA-1,WM,6
CCTTCGTATAGAATCC-1,WM,4
CCTTCTCAGCGTTCCT-1,Layer_6,6
CCTTCTTGATCCAGTG-1,Layer_2,2
CCTTGACCACTTTATT-1,Layer_4,1
CCTTTAAGGGAGCACT-1,Layer_6,7
CCTTTCAATGAAGAAA-1,Layer_1,3
CGAAACATAGATGGCA-1,Layer_1,3
CGAAACGCAATTCATG-1,Layer_5,7
CGAACAGTATGGGCGT-1,Layer_4,1
CGAACATAGTCAGAAA-1,Layer_2,2
CGAACCCGCATGCGTC-1,Layer_5,7
CGAACGCCCAGTGCCG-1,Layer_1,3
CGAACGGCCGGACAAC-1,Layer_6,6
CGAAGACGGTGAGTGC-1,Layer_5,7
CGAAGACTGCCCGGGA-1,Layer_1,3
CGAAGATCAGTTTCAT-1,WM,6
CGAAGCTATAAATTCA-1,Layer_1,3
CGAAGTTGCTCTGTGT-1,Layer_4,1
CGAATCTGCTCGACGC-1,WM,4
CGAATGACGCATAATG-1,Layer_6,7
CGAATTACATGGTGTT-1,Layer_2,2
CGACAATTTGATCTAA-1,Layer_3,5
CGACACCGCTTAAGGA-1,Layer_2,2
CGACACGCTCCGACAG-1,Layer_3,5
CGACACGGATGCCCAC-1,Layer_3,2
CGACAGTTCGCGTTAT-1,Layer_4,1
CGACATGCGATCTTCT-1,Layer_1,3
CGACCCTTAACGCCGG-1,Layer_6,6
CGACGCATCCGTACCT-1,WM,6
CGACTCAGGATGTTAT-1,Layer_1,2
CGACTCGGTACACGGT-1,Layer_2,2
CGACTTTGTATAGCCT-1,Layer_2,2
CGAGACCCTAGAGTGT-1,Layer_4,1
CGAGACTACTGCTGCT-1,Layer_6,7
CGAGAGATGTGAACCT-1,Layer_3,5
CGAGAGCGCGTAGATA-1,Layer_6,6
CGAGAGCTTTCACTAC-1,Layer_5,7
CGAGAGGGTAGCCGCG-1,Layer_4,1
CGAGATGTTGCCTATA-1,Layer_1,3
CGAGATTTCGCTCGGG-1,Layer_3,5
CGAGCACTTCAAGTTT-1,Layer_3,1
CGAGCCGAGCACTCGA-1,Layer_3,1
CGAGCGTTGATCAGCC-1,Layer_3,2
CGAGCTGGGCTTTAGG-1,Layer_2,2
CGAGGAGCTTCCATAT-1,Layer_1,3
CGAGGATCGGGAACGA-1,Layer_1,3
CGAGGCCAGGCATTGG-1,Layer_3,5
CGAGGCTAAATATGGC-1,Layer_3,5
CGAGGGACTGCGGTCG-1,Layer_3,5
CGAGGGTATCCAGGTG-1,Layer_6,7
CGAGTACTAAAGAGGA-1,Layer_5,7
CGAGTGAAGGTACCAG-1,WM,6
CGAGTGCTATAGTTCG-1,Layer_3,2
CGAGTTCTGTCCCACC-1,Layer_2,2
CGAGTTTATCGGACTG-1,Layer_3,2
CGATAACCAATTTGAG-1,Layer_3,2
CGATAATACTCAGGTT-1,Layer_3,5
CGATACCTCGCGGACA-1,Layer_4,1
CGATAGTCGTACTGCA-1,Layer_6,7
CGATATTAGCCGCAGG-1,Layer_2,2
CGATCATTAGAGGCAC-1,Layer_1,3
CGATCCACCATTGTTG-1,WM,4
CGATCCGACCCAGTGC-1,Layer_4,1
CGATCCTCGCAACATA-1,WM,4
CGATCGAGAAGCACCA-1,WM,7
CGATCTGTTGGAGGAC-1,Layer_6,7
CGATGGACCCTACGCC-1,Layer_1,3
CGATTAAATATCTCCT-1,Layer_5,7
CGATTCGCCTGGCTGC-1,Layer_5,7
CGCAAACACGAGTTAC-1,Layer_3,1
CGCAATCGATCATTAG-1,Layer_5,7
CGCAATTACTTTCGGT-1,Layer_3,5
CGCAATTAGGGTAATA-1,Layer_3,1
CGCAATTCTACAATAA-1,Layer_3,1
CGCACATGTCCACTAC-1,Layer_3,5
CGCACGTCTGTTTATG-1,WM,4
CGCACGTGCGCTATCA-1,Layer_3,5
CGCAGAAACATTTGCG-1,Layer_1,3
CGCAGATCTTCACCCG-1,Layer_1,3
CGCAGGCGATCCAAAC-1,Layer_4,1
CGCATCATGGCTTCAG-1,Layer_1,3
CGCATCCATCAGCCAG-1,Layer_1,3
CGCATGCCGAATGCGT-1,Layer_6,7
CGCATGGTGCGATGCT-1,Layer_3,1
CGCATTAGCTAATAGG-1,Layer_3,5
CGCCAAGAAGCCGAGT-1,Layer_5,7
CGCCACAGGTCGCGAT-1,WM,6
CGCCACCCGCATTAAC-1,Layer_3,5
CGCCATCCGATTATGA-1,Layer_2,2
CGCCCAGCACGCCTAG-1,Layer_6,7
CGCCCAGCGTTTCACG-1,Layer_5,7
CGCCCGCTTCCGTACA-1,Layer_1,3
CGCCCTTACATCCACC-1,Layer_2,2
CGCCCTTGAAGGCTGA-1,Layer_3,1
CGCCGACTATTCGCTA-1,Layer_5,7
CGCCGCCCATGCCTGT-1,Layer_3,5
CGCCGCGTTCTGAACG-1,WM,4
CGCCGGTGTCGCAGTA-1,Layer_3,2
CGCCGTTCAGCATAGT-1,Layer_5,1
CGCCTCCCTCCTCTAT-1,Layer_4,1
CGCCTGGCCTACGTAA-1,Layer_5,7
CGCCTTTAGCATGCTC-1,Layer_3,5
CGCGAAGTGGCATACT-1,Layer_5,7
CGCGACACTGCGCAGC-1,Layer_4,5
CGCGACCGCGACAGAT-1,Layer_5,7
CGCGAGAGGGACTTGT-1,Layer_1,3
CGCGAGTCTGCCGGGT-1,WM,6
CGCGCAAATGTCCAGA-1,WM,4
CGCGCAAGGAACTACA-1,Layer_2,2
CGCGCATGTTTGATTG-1,Layer_5,7
CGCGCCCGACTTAATA-1,Layer_2,2
CGCGGCAGTATTACGG-1,Layer_3,5
CGCGGCTCAACTTGAA-1,Layer_3,5
CGCGGGAATTAGGCAG-1,Layer_3,5
CGCGGGAATTCCTTTC-1,Layer_6,7
CGCGGTAAGTCTAGCT-1,Layer_1,3
CGCGGTACGGTATACA-1,Layer_5,7
CGCGGTCACAAACCAA-1,Layer_1,3
CGCGTACATTCTGGAA-1,Layer_3,2
CGCGTCATATTAAACC-1,Layer_1,3
CGCGTGCTATCAACGA-1,Layer_1,3
CGCGTTCATGAAATAC-1,Layer_3,5
CGCTACCGCCCTATGA-1,Layer_1,3
CGCTACGGGACATTTA-1,Layer_4,1
CGCTAGAGACCGCTGC-1,Layer_3,5
CGCTATACCGCCCACT-1,Layer_3,5
CGCTATCGTGGCTTTA-1,Layer_3,5
CGCTATTCAATGTATG-1,Layer_3,5
CGCTATTCTTAGGCTC-1,Layer_3,1
CGCTCGACATAATGAT-1,Layer_3,5
CGCTCTCCGTAGATTA-1,Layer_4,1
CGCTGAGGACGTCCAA-1,Layer_1,3
CGCTGGTGACTACCCT-1,Layer_3,5
CGCTGTGACGCCGCAC-1,Layer_3,5
CGCTGTGTGGATGTTG-1,WM,6
CGCTTAGTATTGATAC-1,WM,4
CGCTTATTCCCGGTCG-1,Layer_5,7
CGCTTCCACTGAAATC-1,Layer_3,5
CGCTTCGGTCTAAGAC-1,Layer_5,7
CGCTTGGACGGATAGA-1,Layer_5,7
CGCTTTCATACCGGTG-1,Layer_3,5
CGCTTTCCGCCAAGGT-1,Layer_6,6
CGCTTTCTTGCATTCG-1,Layer_3,5
CGGAAAGAATCAAACG-1,Layer_6,7
CGGAAAGCAAATGTGC-1,Layer_3,6
CGGAAATTTCACATCC-1,Layer_1,3
CGGAACGTAAACATAG-1,Layer_5,7
CGGACCTTTACGTCCC-1,WM,6
CGGACGTTACTTGAAG-1,Layer_6,7
CGGAGCAATTTAATCG-1,Layer_5,7
CGGAGCATGGCGATCC-1,Layer_3,1
CGGAGCTTATAACACC-1,Layer_1,3
CGGAGTCCTAACCTGG-1,Layer_3,5
CGGAGTTTGAGAGACA-1,Layer_4,1
CGGATAAGCGGACATG-1,Layer_3,5
CGGATCCTCAAGGACT-1,Layer_5,7
CGGCAAACATCGTGCG-1,Layer_5,7
CGGCAATAAGATCGCC-1,Layer_4,1
CGGCACCGTTAGCGCC-1,Layer_1,3
CGGCACTCAAGAAAGT-1,Layer_3,5
CGGCAGGGTCGGGTTG-1,Layer_3,2
CGGCCACGCACAAAGT-1,Layer_3,1
CGGCCAGAGCGACCAT-1,WM,4
CGGCCCAACCTGTAGT-1,Layer_1,3
CGGCCCAGGTATATCC-1,Layer_3,5
CGGCGCCATCAATCCC-1,Layer_5,7
CGGCTCTAAAGCTGCA-1,Layer_3,5
CGGCTCTTCGTCGAAC-1,Layer_1,3
CGGCTGAAGGTTACGC-1,Layer_3,5
CGGCTGCAAGATTAAG-1,Layer_1,3
CGGCTTTGTATGATAA-1,Layer_1,3
CGGGAATATAGTATAC-1,Layer_3,5
CGGGAATTTATGTAAA-1,Layer_4,1
CGGGAGCTTCAGTGTA-1,Layer_4,1
CGGGAGTATACCGCCG-1,Layer_3,5
CGGGATCAATGTAAGA-1,Layer_3,5
CGGGCAGCTAAACCGC-1,Layer_3,1
CGGGCCATAGCCGCAC-1,Layer_3,5
CGGGCCTTCTTTGTAA-1,Layer_4,1
CGGGCGATGGATCACG-1,Layer_6,6
CGGGCTACTTAAATTG-1,Layer_3,2
CGGGTGTACCCATTTA-1,Layer_3,5
CGGGTTCGGCACGTAT-1,Layer_2,2
CGGGTTGTAGCTTTGG-1,Layer_2,2
CGGGTTTGTTAGGGCT-1,Layer_4,1
CGGTACTAGAATCAAA-1,Layer_3,5
CGGTAGAGGTGCAGGT-1,Layer_1,3
CGGTATAGGTATTAGC-1,Layer_1,3
CGGTATGGGCACTCTG-1,WM,7
CGGTCAAGTGGGAACC-1,Layer_3,5
CGGTCCATGAGACTCC-1,Layer_1,3
CGGTCCGTCGCAAGCC-1,WM,6
CGGTCTATCAACCCGT-1,Layer_1,3
CGGTGAAGACTAAAGT-1,Layer_5,7
CGGTGCAGATAGAACG-1,Layer_5,7
CGGTGCGCGTTGGTCC-1,Layer_5,7
CGGTGGGCTCCAGCCT-1,Layer_1,3
CGGTGTACTTGATCCC-1,Layer_3,5
CGGTTATCCAACAGTG-1,Layer_2,2
CGGTTCAAGTAGGTGT-1,Layer_1,3
CGGTTCCGGCTTCTTG-1,Layer_3,2
CGGTTGACCTGGCATA-1,Layer_5,7
CGGTTGAGTATCCTTC-1,WM,4
CGGTTGGGCAGGGTCC-1,WM,6
CGGTTGGGTTCAAGTT-1,Layer_1,3
CGGTTTATGAAGGAAC-1,Layer_1,3
CGTAAACGCTTGAGTG-1,Layer_3,5
CGTAACGGAACGATCA-1,Layer_3,5
CGTAACTTCGACACTT-1,WM,4
CGTAATAATTACGAGT-1,Layer_3,1
CGTACCGAAAGTCTAG-1,Layer_3,5
CGTACCTGATAGGCCT-1,Layer_3,2
CGTAGAGAGTAATTAT-1,Layer_6,7
CGTAGCGAATTGTCAG-1,Layer_1,3
CGTAGCGCCGACGTTG-1,Layer_1,3
CGTATTAAGAGATCTA-1,Layer_3,1
CGTCAAATGGTCGCAG-1,Layer_1,3
CGTCAAGGCTATAAAT-1,Layer_5,1
CGTCAATCTTTAACAT-1,Layer_3,5
CGTCACGTCCATTGGT-1,Layer_5,7
CGTCAGCTATTTACTC-1,Layer_3,1
CGTCAGTGCGCACAAG-1,Layer_2,2
CGTCAGTTTATCGTCT-1,Layer_1,3
CGTCATACCATATCCA-1,Layer_3,5
CGTCCAGATGGCTCCA-1,Layer_3,1
CGTCGCATGTGAGCCA-1,Layer_6,7
CGTCGCGGCGGGATTT-1,Layer_3,5
CGTCGCTTGGTTATAC-1,WM,4
CGTCGGATAGTGTTGA-1,Layer_3,2
CGTCGGGTCTAAGCGC-1,WM,6
CGTCGTCCTTCGCGAA-1,Layer_5,7
CGTCTCTCGCCGAGGC-1,Layer_3,5
CGTCTGGAAGGGCCCG-1,Layer_2,2
CGTCTTGAGTGTGACG-1,,5
CGTGAAGTTAATTCAC-1,Layer_4,1
CGTGACATTGGGTCGT-1,Layer_1,3
CGTGACCAGTCCTCTG-1,Layer_6,7
CGTGCACACCACTGTA-1,Layer_6,7
CGTGCAGACTGGGACA-1,Layer_3,5
CGTGCATTGTCGACGC-1,Layer_5,7
CGTGCCCGACATTTGT-1,Layer_1,3
CGTGCCCTCCCGAAGA-1,Layer_3,5
CGTGCTGGCCTAGTCG-1,Layer_3,5
CGTGCTTCTACCTAAA-1,WM,4
CGTGGCCGAATATCTA-1,Layer_3,5
CGTGGTACCCAAAGGC-1,WM,4
CGTGTATGGGAGCTGA-1,Layer_5,7
CGTGTCCCATTCGCGA-1,Layer_3,1
CGTGTCTCGTTACGAC-1,WM,4
CGTGTGTTAAACCCTG-1,Layer_1,3
CGTTAAACTAGTTAGG-1,Layer_3,5
CGTTAATGTCCCGACG-1,Layer_5,7
CGTTAGCTCACAACTG-1,Layer_1,3
CGTTCAAGGAAACGGA-1,WM,4
CGTTCAGACCCGCGAA-1,Layer_6,7
CGTTCATGGTGCGCGT-1,Layer_6,7
CGTTCTTCGCACACCT-1,Layer_1,3
CGTTGAATACCGCGCT-1,Layer_5,7
CGTTGAGCGACCGTCG-1,Layer_4,1
CGTTGAGTAATTGCGT-1,Layer_1,3
CGTTGCCCGCGTGGGA-1,WM,4
CGTTGTAAACGTCAGG-1,Layer_3,5
CGTTGTAAGATTGATT-1,Layer_1,3
CGTTGTCGGCAATTGA-1,Layer_6,7
CGTTGTTTCAATTCCC-1,Layer_4,1
CGTTTAAGCGGAGCAC-1,Layer_1,2
CGTTTACAAGGCAGCT-1,Layer_1,3
CGTTTCACTTCGGGCG-1,Layer_1,3
CGTTTCGCTCATTACA-1,Layer_4,1
CGTTTGTGTAGAGGGT-1,Layer_6,7
CTAAACGGGTGTAATC-1,Layer_1,3
CTAAAGAATGCCTACT-1,Layer_4,1
CTAAAGGGAAATAGGA-1,Layer_4,1
CTAAAGTCCGAAGCTA-1,Layer_2,2
CTAAATCCGGTGTACA-1,WM,4
CTAAATCCTATTCCGG-1,Layer_2,2
CTAACCGCGCGCCCGT-1,Layer_5,7
CTAACGAAACTTGCTG-1,Layer_2,2
CTAACTGATAATCGCC-1,Layer_5,1
CTAACTGGTCCGGTTC-1,Layer_6,7
CTAAGGGAATGATTGG-1,Layer_4,1
CTAAGTACAGGGCTAC-1,Layer_1,3
CTAATTATGAAGCGTA-1,Layer_2,2
CTAATTCGCACGCGCT-1,Layer_3,1
CTAATTCTCAGATATT-1,Layer_1,3
CTAATTTCAACAACAC-1,Layer_3,5
CTACAAGAAATAACCC-1,WM,6
CTACACTAGCTTGTTC-1,Layer_1,3
CTACACTCGCAGATGG-1,Layer_4,1
CTACCCTAAGGTCATA-1,Layer_3,2
CTACGAACTAGGTCGA-1,Layer_1,3
CTACGACTAGCTATAA-1,Layer_5,7
CTACGCACGGAGTACC-1,Layer_3,1
CTACGCCATTTCCGAT-1,Layer_1,3
CTACGTGTTGCCACCA-1,Layer_2,5
CTACTATCATAGGTTT-1,WM,6
CTACTATCTTTCAGAG-1,Layer_2,2
CTACTCAAGGTATAGT-1,WM,6
CTACTCTAGGCCCGGC-1,Layer_4,1
CTACTGCCACCTGACC-1,Layer_3,5
CTAGACATATATGTAG-1,Layer_2,2
CTAGACTGCATTTCGT-1,Layer_1,3
CTAGATAAACTCCTCG-1,Layer_3,5
CTAGATGTGAGTGTAA-1,Layer_2,2
CTAGATTTACGACGGC-1,Layer_3,5
CTAGCAACTAATTTAC-1,Layer_1,3
CTAGCATAGTATAATG-1,Layer_3,5
CTAGCCACAGGCGAGC-1,Layer_4,7
CTAGCCGATGTTATGA-1,Layer_1,3
CTAGCGCCAATCCTAC-1,Layer_3,5
CTAGGCGCCCTATCAG-1,Layer_4,1
CTAGGCGGCAGAGAAT-1,Layer_1,3
CTAGGGATAGGGACAA-1,WM,4
CTAGGTCTGAAGGAAT-1,Layer_3,2
CTAGGTTCGGACGTGA-1,Layer_5,7
CTAGTAGAAAGGGATT-1,Layer_6,7
CTAGTATTCGGAATTA-1,Layer_1,3
CTAGTCACGTCTTAAG-1,Layer_3,5
CTAGTGAAGGACAGGA-1,Layer_4,1
CTAGTTACAACCCGGT-1,Layer_5,7
CTAGTTGGGCCCGGTA-1,Layer_3,2
CTATAAGAGCCAATCG-1,Layer_1,3
CTATAGGCGTTGATGT-1,WM,4
CTATATCCAGCCTGGC-1,WM,4
CTATCACAACGCTGGA-1,Layer_6,7
CTATCGACGAAATACA-1,Layer_4,1
CTATCGCGTAGAGAAC-1,Layer_4,1
CTATCGGGTCTCAACA-1,Layer_3,5
CTATGCCCGAATGCAA-1,Layer_6,7
CTATGGGAAGCGGAAT-1,Layer_4,1
CTATGTCACTAGCCCA-1,Layer_3,5
CTATGTCTATTGAAAC-1,Layer_1,2
CTATGTGAGTCACGGC-1,Layer_6,7
CTATTCATGTGTCCCA-1,Layer_5,7
CTATTGTGTTTGGTCA-1,Layer_1,3
CTATTTGCTTGGAGGA-1,WM,4
CTATTTGGTTACGGAT-1,Layer_3,5
CTCAAACCACTGCCCG-1,WM,4
CTCAACTAACCCGGAT-1,Layer_5,7
CTCAAGACATTAGCGC-1,Layer_1,3
CTCACACGCAAGCCTA-1,Layer_1,3
CTCACATTTACTAAAT-1,Layer_6,7
CTCACCAGTACAAGTG-1,Layer_5,7
CTCACCGATCCAAACT-1,Layer_2,2
CTCACTGTGATACTTA-1,Layer_6,7
CTCACTTGGCTGGTAA-1,Layer_5,7
CTCAGAGCTAATGTCG-1,WM,6
CTCAGATTGTGATAAG-1,Layer_6,7
CTCAGCAGACTGCCGA-1,Layer_3,5
CTCAGGACTCACCTGT-1,Layer_3,5
CTCAGTCACGACAAAT-1,Layer_1,3
CTCATGGCTCACAATC-1,Layer_1,3
CTCATGGTAATTTGCG-1,Layer_6,7
CTCATTCGTGAACATC-1,Layer_5,7
CTCATTGCTCTAACAA-1,Layer_5,7
CTCATTTGATGGGCGG-1,Layer_3,5
CTCCCAATGAGTCGCG-1,Layer_3,1
CTCCCTCCTTTCGATC-1,Layer_6,6
CTCCGAGTAAATCCGC-1,Layer_3,5
CTCCGCCCACATGAGG-1,Layer_5,7
CTCCGGCCTAATATGC-1,Layer_3,2
CTCCGGCTTGTAGACA-1,Layer_3,5
CTCCTAAGTTATGTCT-1,Layer_3,5
CTCCTCCAGCTCACAC-1,WM,6
CTCCTGTTCAAGGCAG-1,Layer_3,1
CTCCTTTACGCAAGTC-1,Layer_1,3
CTCGAATGGAACGTAT-1,Layer_1,3
CTCGAGATCCAAAGCA-1,Layer_3,5
CTCGAGGTCGAACAGT-1,Layer_3,5
CTCGATATTTGCGAGC-1,Layer_1,3
CTCGCACCTATATAGT-1,Layer_3,2
CTCGCCGAATGTAGGG-1,Layer_6,7
CTCGCTAGGTAAGCGA-1,Layer_6,7
CTCGGGCATCGTCGGG-1,Layer_1,3
CTCGGGTTCTCTGGCC-1,WM,4
CTCGGTACCACTGCTC-1,Layer_3,5
CTCGGTCCGTAGCCTG-1,Layer_3,2
CTCGGTTGTCGGCCCT-1,WM,6
CTCGTCTGTGCCTTCG-1,Layer_6,7
CTCGTTACGGCTACCA-1,WM,4
CTCGTTTCTAATGTTT-1,Layer_1,3
CTCTAATGCATTGATC-1,Layer_1,3
CTCTACACTGGCGATT-1,Layer_6,7
CTCTACATCCTGCGTG-1,WM,6
CTCTAGCCCTCGGAAA-1,Layer_6,7
CTCTATTTGGCTGCAG-1,Layer_4,1
CTCTCACAATCGATGA-1,Layer_3,5
CTCTCGATGTGCGCCT-1,Layer_1,3
CTCTCGCTGTACTATG-1,Layer_4,1
CTCTCTAACTGCCTAG-1,WM,4
CTCTGCGAAGCAAGCA-1,Layer_2,2
CTCTGGACGCCTGGTG-1,Layer_3,5
CTCTGTCCATGCACCA-1,Layer_6,7
CTCTGTGCCTGCTATG-1,Layer_1,3
CTCTGTTTGAGGATTC-1,Layer_1,3
CTCTTCTATTGACTGG-1,Layer_3,5
CTCTTCTGGAAGTTAG-1,WM,4
CTCTTGTCCCGCTTGG-1,Layer_5,7
CTGAAACGGCCCTCAG-1,Layer_3,2
CTGAAAGAGATCCGAC-1,Layer_2,2
CTGAATCCGAGACCTC-1,Layer_5,7
CTGAATTTATTGCCAG-1,Layer_1,3
CTGACTGCGCAGCTCG-1,Layer_2,2
CTGAGAAAGTTCGGCG-1,Layer_3,5
CTGAGCAAGTAACAAG-1,Layer_3,5
CTGATAGTGTATCTCA-1,Layer_5,7
CTGCAAATGGGCTCCA-1,Layer_1,3
CTGCAAGCACGTTCCG-1,Layer_5,7
CTGCACAACTACATAT-1,Layer_4,1
CTGCACCTAGTCCACA-1,Layer_1,3
CTGCACCTGGAACCGC-1,Layer_3,5
CTGCACTCCAGTACAG-1,Layer_5,7
CTGCAGAGAATCAGAG-1,Layer_5,7
CTGCCAAGGTTGGAAG-1,Layer_2,2
CTGCCATGCATCACAT-1,Layer_4,1
CTGCCCACGAAGCGTT-1,Layer_5,7
CTGCCTAGCCACCAAG-1,Layer_1,3
CTGCCTCATATGCAAC-1,Layer_1,3
CTGCCTTTAATACCTT-1,WM,4
CTGCCTTTCTAGTAAA-1,Layer_5,7
CTGCGACCTCGCCGAA-1,Layer_6,6
CTGCGATTTCGAGATT-1,WM,6
CTGCGGGTGAAATGTT-1,Layer_4,1
CTGCGGTAGTCACGTG-1,Layer_1,3
CTGCGTTACGATATAA-1,Layer_1,3
CTGCTCTGACGGCAAA-1,WM,7
CTGCTGAGGCCACGAA-1,Layer_6,7
CTGCTTGGCGATAGCT-1,Layer_5,7
CTGCTTTATGTCCGCG-1,Layer_1,3
CTGGAAATGGATGCTT-1,Layer_3,5
CTGGAAGACACGGTGG-1,Layer_4,1
CTGGACGCAGTCCGGC-1,WM,6
CTGGATTTACACTTGA-1,Layer_5,7
CTGGCATCCGAATGAG-1,Layer_6,7
CTGGCGACATAAGTCC-1,Layer_1,3
CTGGCGCACAGGTCTG-1,Layer_3,2
CTGGCGGGAATAAGTA-1,Layer_3,5
CTGGCTCCTGCGGGAT-1,Layer_3,2
CTGGCTGATTCATCCT-1,Layer_3,5
CTGGCTGCTAACGTAA-1,Layer_2,2
CTGGCTGGTTGTCAGT-1,Layer_5,7
CTGGGATAAATAATGG-1,Layer_3,5
CTGGGATACGCTACCC-1,Layer_2,2
CTGGGATCGCCCAGAT-1,Layer_1,3
CTGGGCACTAGTCGGA-1,Layer_2,2
CTGGGCCTGCTATATC-1,Layer_5,7
CTGGGCGGCCAAATGT-1,Layer_1,3
CTGGGCTATCCTTTGG-1,Layer_2,2
CTGGGTAGGCAGTTAA-1,Layer_3,5
CTGGTAAAGACTTACA-1,Layer_6,7
CTGGTAAAGTGTGGGC-1,Layer_5,7
CTGGTAACACATAGAA-1,Layer_3,5
CTGGTAACGAGCTCTT-1,Layer_2,2
CTGGTCATTCCAATCC-1,Layer_4,1
CTGGTCCTAACTTGGC-1,Layer_1,3
CTGGTTCAACGCATCA-1,Layer_2,2
CTGGTTTCGAGCAAGA-1,Layer_3,1
CTGTACTTCTTAGCAT-1,Layer_4,1
CTGTAGCCATCTCACT-1,Layer_6,7
CTGTAGTGAGGATCGA-1,WM,4
CTGTATGGTGTAGAAA-1,Layer_3,5
CTGTCAAATGGCTCGG-1,Layer_2,2
CTGTCACGCCAGGCGC-1,Layer_1,3
CTGTGCAGGGTAGGTC-1,Layer_4,1
CTGTGGTCGGGAGATA-1,Layer_4,1
CTGTTACCCAATCTAG-1,Layer_5,1
CTGTTCACTGCCTGTG-1,Layer_3,5
CTGTTCATCTCACGGG-1,Layer_3,5
CTGTTGGCTCTTCTGA-1,Layer_4,6
CTTAAATAAGACCCAT-1,Layer_4,1
CTTAACTTCGAAGTAC-1,Layer_1,3
CTTACACGGTATTCCA-1,Layer_3,5
CTTACACTGGGAAATA-1,Layer_3,5
CTTACATAGATTTCTT-1,Layer_6,7
CTTAGATGTTTCATCC-1,WM,7
CTTAGCCCGGATAGTG-1,Layer_5,1
CTTAGCCTTCCACATG-1,Layer_2,2
CTTAGTAGGCCTACAG-1,Layer_2,2
CTTAGTGTAGTAGCAT-1,Layer_5,7
CTTAGTTGAGGAATCG-1,WM,4
CTTATGCGCTCAGGGC-1,Layer_6,6
CTTATGTTGACTACCA-1,Layer_3,5
CTTCAACTCCACTTGG-1,Layer_5,7
CTTCAGTGGTCGCCTA-1,WM,4
CTTCAGTTGGACAACG-1,Layer_6,7
CTTCATAGCTCAAGAA-1,Layer_3,5
CTTCATCACCAGGGCT-1,Layer_6,7
CTTCATTGTCAGTGGA-1,Layer_3,1
CTTCCGCTCCGTGAAG-1,Layer_6,7
CTTCCTGCATATTTAC-1,Layer_2,2
CTTCGATTGCGCAAGC-1,Layer_6,7
CTTCGGCCAATTGTTT-1,Layer_3,5
CTTCGTAGATAGGTGA-1,Layer_4,1
CTTCGTGCCCGCATCG-1,Layer_1,3
CTTCTATGTTGAAGTA-1,Layer_6,7
CTTCTATTAATGCTAG-1,Layer_5,7
CTTCTGGGCGTACCTA-1,WM,4
CTTCTTACGTCGTATA-1,Layer_2,2
CTTGACCCGAAAGATA-1,Layer_1,3
CTTGAGGTTATCCCGA-1,Layer_3,5
CTTGAGTTAGGGTAAT-1,Layer_3,5
CTTGATGACCATCCAG-1,Layer_6,7
CTTGCAACCGCCTCCT-1,Layer_5,7
CTTGCCCACCCACGCA-1,Layer_6,7
CTTGCCCAGGCTCTAC-1,Layer_5,1
CTTGGCCAAGCTGGGA-1,Layer_6,7
CTTGTACTTGTTGACT-1,Layer_3,5
CTTGTCAACATTCGAG-1,Layer_5,1
CTTGTCGTACGTGTCA-1,Layer_1,3
CTTGTGAGGACAGCGG-1,Layer_3,5
CTTGTGAGTCTTTGAC-1,Layer_3,2
CTTGTGCTCACCGATT-1,Layer_1,3
CTTGTTGCTGAGTCAA-1,Layer_3,5
CTTGTTTATGTAGCCA-1,Layer_3,5
CTTTAACTTTCAAAGG-1,Layer_3,2
CTTTAATATTGGTCGA-1,Layer_5,1
CTTTACCGAATAGTAG-1,Layer_4,1
CTTTAGGAACACTGTT-1,Layer_3,5
CTTTAGTGCTATTATT-1,Layer_4,1
CTTTCTGTGCGGGCTT-1,Layer_5,7
CTTTGAAACATATTCC-1,Layer_2,2
CTTTGCATCGCTCTTG-1,Layer_5,7
CTTTGGCAGACAGAGT-1,Layer_2,2
CTTTGGCGCTTTATAC-1,Layer_5,7
CTTTGGCTTTAGTAAA-1,Layer_4,1
CTTTGGGATTGTTGCA-1,WM,4
GAAACAGATGACCACC-1,Layer_3,5
GAAACAGCCATGCAGT-1,Layer_1,2
GAAACATAGGAAACAG-1,WM,4
GAAACCATGGTGCGCT-1,Layer_1,3
GAAACCGAATTACCTT-1,Layer_5,7
GAAACCTATACAAATG-1,Layer_6,7
GAAACTCGTGCGATGC-1,Layer_4,1
GAAACTCTAATGAAGG-1,Layer_1,3
GAAAGAACAGCGTTAT-1,Layer_3,5
GAAAGCAGTGCACTTT-1,Layer_6,7
GAAAGCCCTTTGGACC-1,Layer_5,7
GAAAGTGACTAACTGC-1,Layer_3,1
GAAATACCTGCTGGCT-1,Layer_1,3
GAAATACTAAACGTTT-1,Layer_3,5
GAAATATCACCATCAG-1,Layer_5,7
GAAATATGCTTGAATG-1,Layer_1,3
GAAATCGCGCGCAACT-1,Layer_2,2
GAAATCTGACCAAGTT-1,Layer_4,6
GAAATGGCGGTGTTAG-1,Layer_3,5
GAAATGGGATGTAAAC-1,Layer_3,5
GAAATTAGCACGGATA-1,Layer_1,3
GAAATTCACATCGCTG-1,Layer_3,2
GAAATTGTCTCTATAA-1,Layer_5,1
GAACAACTGGGATGAA-1,Layer_6,7
GAACACACATCAACCA-1,Layer_3,5
GAACAGATTACTAAAT-1,Layer_5,7
GAACATTAGTATGTTA-1,Layer_1,3
GAACCATCTGGGAGAC-1,Layer_1,3
GAACCCTCTGTGTTCT-1,Layer_6,7
GAACCTCGACCTACAC-1,Layer_6,7
GAACCTTTAACGATCC-1,Layer_6,7
GAACGACCGAATGATA-1,Layer_3,2
GAACGCGGGTCACACG-1,Layer_3,5
GAACGGTGTAAAGCAG-1,Layer_2,2
GAACGTCTCATGGTCG-1,Layer_3,5
GAACGTTAGGAAGACG-1,Layer_5,7
GAACTGTGGAGAGACA-1,Layer_6,6
GAACTTAGCGCCCGGT-1,Layer_2,2
GAACTTGTGCACGGGA-1,Layer_1,3
GAAGAAACGATATTGT-1,WM,4
GAAGAACGGTGCAGGT-1,Layer_3,5
GAAGACTTCAATGCCG-1,Layer_1,3
GAAGCAAGGCAATGTT-1,Layer_1,3
GAAGCCACTGATTATG-1,Layer_6,7
GAAGCCGGGTAAGCTC-1,Layer_4,6
GAAGCCTGCACATTCC-1,Layer_6,7
GAAGCGTGAGGAATTT-1,Layer_3,5
GAAGCTCGGACCCGTC-1,WM,4
GAAGCTCTTTGCTTAG-1,Layer_3,1
GAAGCTTGCTGACCGC-1,Layer_3,1
GAAGGACTAAATTGAA-1,Layer_2,2
GAAGGAGTCGAGTGCG-1,WM,6
GAAGGCTACCATTGTT-1,Layer_1,3
GAAGGGCATAACCATG-1,Layer_3,5
GAAGGGTCATTAAGAC-1,Layer_6,7
GAAGTCAGTTGCACTA-1,Layer_5,7
GAAGTCTCCCTAGCGA-1,Layer_3,2
GAAGTGATTTATCGTG-1,Layer_4,1
GAAGTGCTGGATAGCT-1,Layer_2,2
GAAGTTTCCACTCAAT-1,Layer_4,1
GAATAGACGCGACCCA-1,Layer_3,5
GAATAGCATTTAGGGT-1,Layer_3,5
GAATAGCCCTGCGGTC-1,Layer_1,3
GAATAGTGCTCGATTA-1,WM,4
GAATATTCGGAGTCCC-1,Layer_1,3
GAATCGACATGGTCAC-1,Layer_3,1
GAATCGCCGGACACGG-1,Layer_3,5
GAATCTATACTCGGAC-1,Layer_1,3
GAATCTGAACATTCTC-1,Layer_4,1
GAATGAAGGTCTTCAG-1,Layer_1,3
GAATGCCGAAATGACC-1,Layer_3,5
GAATGCGAATCGGTTC-1,Layer_6,7
GAATGGGCTTATCGAC-1,Layer_6,7
GAATGTATGGCAGGTC-1,Layer_1,3
GAATGTGGTCCGGATT-1,Layer_3,5
GAATGTTGGGTAATCT-1,Layer_3,2
GAATTATAGTGAAAGG-1,Layer_3,5
GAATTATGCAACCTAC-1,Layer_3,5
GAATTCACCCGGGTGT-1,Layer_5,1
GAATTTCTCGCTGCAG-1,Layer_3,1
GACAAACATATGCAGG-1,Layer_3,5
GACAACGACCATTGAA-1,Layer_3,2
GACAACGCAGCTTACG-1,Layer_3,2
GACAAGAGATGAGATT-1,Layer_4,1
GACACAAGGGAAGAAA-1,Layer_3,5
GACACAGCCGGGACTG-1,Layer_6,7
GACACGAGTTAGAGGA-1,Layer_3,5
GACACTGAGTTCAGTG-1,Layer_5,7
GACACTGGAACCCGAT-1,Layer_3,1
GACACTTCCAATTACC-1,Layer_6,7
GACAGATTTCTGGCTC-1,Layer_6,6
GACAGCCAGACCTGAC-1,Layer_3,5
GACAGGCACACACTAT-1,Layer_5,7
GACATACTGTCGCAGA-1,Layer_4,1
GACATCCGTCGAACTG-1,Layer_6,7
GACATCGATTTATAAC-1,Layer_5,7
GACCAAACGTTGACTG-1,Layer_4,1
GACCACACTTCCCTTT-1,Layer_6,6
GACCAGAGCCCTGTAG-1,Layer_3,5
GACCAGGTCATTCATA-1,Layer_1,3
GACCCAATTATGATAC-1,WM,4
GACCCGTCGCCGGCTA-1,Layer_1,3
GACCGACGTGAAAGCA-1,Layer_3,5
GACCGACTGAAGCGTC-1,Layer_5,7
GACCGCGTCTGACGTG-1,Layer_3,5
GACCGTCAGGTCGTGA-1,Layer_1,3
GACCGTGCTGACGGTG-1,Layer_4,1
GACCGTTACATGCGAC-1,Layer_5,7
GACCTTCCACGTCTAC-1,Layer_6,7
GACGACGATCCGCGTT-1,Layer_5,7
GACGAGGCTAATAAAC-1,Layer_4,1
GACGCCGTAAAGGCTA-1,Layer_5,7
GACGCCTGTTGCAGGG-1,Layer_3,2
GACGCTTGCTTCTAAA-1,Layer_5,7
GACGGACCGCGTTCCT-1,Layer_1,3
GACGGGATGTCTTATG-1,Layer_1,3
GACGGGTTGGCCCGTA-1,Layer_6,7
GACGGTCAATAGAAGC-1,Layer_2,2
GACGGTCCTAGGGTGT-1,,5
GACGTGAGACTCCATG-1,Layer_3,2
GACGTGTAGGGATTAT-1,Layer_3,1
GACGTTCGTAAATACA-1,Layer_1,3
GACTAACACAGCACCT-1,Layer_1,3
GACTAAGATCATGCAC-1,Layer_3,5
GACTAAGTAGGCTCAC-1,Layer_3,1
GACTACAAAGCGGTGG-1,Layer_6,7
GACTACAATTGCTCGT-1,Layer_1,3
GACTAGGCCGTTAGGT-1,Layer_6,7
GACTCACCCACGTGAG-1,Layer_3,5
GACTCCCAGAATAAGG-1,Layer_1,3
GACTCGCGGGAATGAC-1,Layer_2,2
GACTCGGTCGGCGGAT-1,Layer_1,3
GACTGATTGGTCACAA-1,Layer_1,3
GACTGCAAATCGAGCT-1,Layer_5,7
GACTGCACCAGCCCAG-1,Layer_4,1
GACTGCGGCACGTGTA-1,Layer_4,1
GACTGCTGGTGAGAAA-1,WM,4
GACTGGGCGCCGCAAC-1,Layer_1,3
GACTTCAACGCATCAA-1,Layer_6,7
GAGAACGGTTCTGACT-1,Layer_5,7
GAGAATCTCACGATCA-1,Layer_5,7
GAGACCCTGCAACGCC-1,Layer_1,3
GAGACTGATGGGTAGA-1,Layer_3,5
GAGACTTCGCGACCGA-1,Layer_5,7
GAGAGCGCAGTCCCTG-1,Layer_5,7
GAGAGGCCTATGTGTA-1,Layer_5,7
GAGAGGGCGCGAGGTT-1,Layer_4,1
GAGAGGTGCATTCTGG-1,Layer_5,7
GAGATCTGCTTGGCAT-1,Layer_4,1
GAGATCTGTCACTCCG-1,Layer_3,5
GAGATCTTCCATGACA-1,Layer_4,1
GAGATGGCTTTAATCA-1,Layer_6,6
GAGATGGGAGTCGACA-1,Layer_5,1
GAGCACCTGTGTCCAG-1,Layer_5,7
GAGCATCAACAACTTG-1,WM,4
GAGCATCATCCCTGGG-1,Layer_3,5
GAGCCACGGTAGTAGG-1,Layer_2,2
GAGCCAGCTACCTGTG-1,Layer_4,1
GAGCCGAGCGTTTATT-1,Layer_1,3
GAGCGAGGGAGTACCG-1,Layer_2,2
GAGCGCAAATACTCCG-1,Layer_3,1
GAGCGCGCACGAGTAG-1,Layer_4,1
GAGCGCTATGTCAGGC-1,Layer_1,2
GAGCGCTGTTAGGTAA-1,WM,4
GAGCGGAATGCGGTGT-1,WM,4
GAGCTAAGGGCATATC-1,Layer_3,5
GAGCTCAACATGAGCG-1,WM,6
GAGCTCTCGGACCTAA-1,Layer_3,5
GAGCTGTCGTCTCGGA-1,Layer_1,3
GAGGAATATCTCTTTG-1,WM,4
GAGGAATGGAGAGGTT-1,Layer_3,1
GAGGAGATCCTCATGC-1,Layer_3,5
GAGGAGTAATTCCTAC-1,Layer_1,3
GAGGATAAACAGTGCT-1,Layer_3,5
GAGGCATTTGCAGCAG-1,Layer_1,3
GAGGCCCGACTCCGCA-1,WM,6
GAGGCCTGTTGATACA-1,Layer_5,7
GAGGCTATCAAAGTCG-1,Layer_5,7
GAGGGAGTCAGATCGC-1,WM,4
GAGGGCATCGCGTATC-1,Layer_3,2
GAGGGCCATAATATTA-1,Layer_1,3
GAGGGCCGGCAGAGTC-1,Layer_3,2
GAGGGCGCAGCTCTGC-1,Layer_2,2
GAGGGTAGTAACAAAG-1,WM,4
GAGGTACATCCATCTT-1,Layer_1,3
GAGGTACGCGTGTCCC-1,Layer_6,6
GAGGTCCCAAAGATCT-1,Layer_3,5
GAGGTCTTAGTGGGTC-1,Layer_1,2
GAGTAAACCGGAAAGT-1,Layer_3,1
GAGTAAGGCCACGGGA-1,Layer_6,6
GAGTACGGGTATACAA-1,Layer_3,5
GAGTAGATACTAGTTG-1,Layer_6,7
GAGTATACCCTAATCA-1,WM,6
GAGTATGCCCGCCTTG-1,Layer_5,7
GAGTATGCGCGTGCAT-1,Layer_6,7
GAGTCAGACCAGAATC-1,Layer_6,7
GAGTCCGCTTACCGGA-1,Layer_5,1
GAGTCGACAGACCCTC-1,Layer_5,7
GAGTGCACGGACAACA-1,Layer_1,3
GAGTGTCAACCAGAAA-1,Layer_5,7
GAGTGTGCGGTACCCA-1,Layer_3,5
GAGTTGATGGCAATTT-1,WM,6
GATAAATCGGTGGATG-1,Layer_3,5
GATAACTCGCACTGTG-1,Layer_3,5
GATAAGGCAGATGCAA-1,Layer_3,5
GATACGATGGGAGTCA-1,Layer_5,7
GATAGAACCCGCTAGG-1,WM,4
GATAGCGTACCACGCG-1,Layer_3,1
GATAGGATTAATTACA-1,,5
GATAGGTAACGTTGAC-1,Layer_5,1
GATAGTGCGAGTAAGT-1,WM,4
GATATCAGTATGTATC-1,Layer_3,5
GATATCTCATGCAATA-1,Layer_1,2
GATATGAGACACTAAC-1,Layer_3,5
GATATGCGGTAGCCAA-1,Layer_1,3
GATATGGATTACGCGG-1,Layer_4,1
GATATTGAGATTGGCG-1,Layer_3,2
GATATTTCCTACATGG-1,Layer_1,3
GATCAACATAAAGGGA-1,WM,4
GATCATTCCAAACATT-1,Layer_3,5
GATCCCTTTATACTGC-1,Layer_3,5
GATCCGGGAATTAACA-1,Layer_3,5
GATCCTAAATCGGGAC-1,Layer_2,2
GATCCTCGACACTGGC-1,Layer_6,7
GATCCTCTTGCGCTTA-1,Layer_1,3
GATCGACACTATCTGA-1,Layer_3,5
GATCGCGGGCTCTCCA-1,Layer_4,1
GATCGCTACCCGATTT-1,Layer_3,1
GATCGCTATATCTCAG-1,WM,4
GATCGGATAGAACCAT-1,Layer_5,7
GATCGGCGATAAGTCG-1,Layer_3,5
GATCGGTGGCCATAAC-1,Layer_3,5
GATCGTGACTGATATC-1,Layer_3,5
GATCTCGACGCTGTGG-1,Layer_3,1
GATCTGCTATCTAAGG-1,Layer_6,7
GATCTTAGTGAACGTG-1,Layer_3,5
GATCTTCATTGTCCTC-1,Layer_3,6
GATCTTGGAGGGCATA-1,Layer_4,1
GATCTTTGCAGGGTAT-1,Layer_4,1
GATCTTTGCTCAAAGA-1,Layer_1,3
GATGACAAGTAGGGCA-1,WM,6
GATGACGATGATCGCG-1,Layer_1,3
GATGAGGAACCTTCGG-1,Layer_6,7
GATGATTTGAAACTGG-1,Layer_1,3
GATGCCACACTACAGC-1,Layer_1,3
GATGCCAGCAGAAGGC-1,Layer_3,1
GATGCGAATGGTATTA-1,Layer_4,1
GATGCGTCCTGCATTC-1,Layer_3,1
GATGCTACAAGCGCCT-1,Layer_3,2
GATGCTACCTTCGATG-1,WM,4
GATGCTGTATTTCATC-1,Layer_3,5
GATGGCGCACACATTA-1,Layer_3,5
GATGGTGAAATAACCC-1,Layer_3,2
GATGGTGCCCTAGGCA-1,Layer_1,3
GATGTAACGAACCACC-1,WM,6
GATGTCCGGATCACAT-1,Layer_2,2
GATGTCGGTCAACTGC-1,Layer_1,3
GATGTGTTGTCACAAG-1,Layer_1,3
GATGTTCAATCCACGA-1,Layer_5,7
GATGTTTGTGCGAGAT-1,Layer_3,5
GATTAACCGAAAGCCC-1,Layer_4,1
GATTAATCCTGGCTCA-1,Layer_2,2
GATTACTGAATTTGGG-1,Layer_5,7
GATTATCTTGCATTAT-1,Layer_6,7
GATTCCCTTGTCGCAG-1,Layer_3,2
GATTCCGCGTTTCCGT-1,Layer_1,3
GATTCCTATACGGCGC-1,Layer_3,1
GATTCGACGGTTCACG-1,Layer_3,1
GATTCTGTTAATGAGT-1,WM,7
GATTGACACTCTGCTC-1,Layer_1,3
GATTGCTCCAGTTGCA-1,WM,4
GATTGGGAAAGGTTGT-1,Layer_6,7
GATTTAGTGCGTACTG-1,Layer_1,3
GCAAACCCTACATTAT-1,Layer_4,1
GCAAACCTTGGCCATA-1,Layer_5,7
GCAAACGTCGCCAGGT-1,Layer_3,5
GCAAATATTACGCTTT-1,Layer_4,1
GCAAATGAGGACACTT-1,Layer_6,7
GCAACACACTAGAACT-1,Layer_6,7
GCAACAGCAGTATGCG-1,Layer_3,5
GCAACCACCAGACCGG-1,Layer_1,3
GCAACCACGGCCGCGT-1,Layer_5,7
GCAACCCAAGTTGTTT-1,Layer_5,7
GCAACGGCTAGTTATG-1,Layer_3,5
GCAAGAATTCCTTGGC-1,Layer_5,7
GCAAGATGTGTTCGCG-1,Layer_1,3
GCAAGTGCACAGAGAA-1,Layer_3,5
GCAAGTGTAAAGCATG-1,WM,4
GCACAAACGAGGCGTG-1,Layer_3,5
GCACAAGTGGATCATA-1,Layer_3,1
GCACAAGTGTCGGAAG-1,Layer_1,3
GCACACACTGGTAGCC-1,Layer_5,1
GCACACAGCTATTACC-1,WM,6
GCACACGCCCATGGTC-1,Layer_5,7
GCACAGCACGGGCCGA-1,WM,4
GCACCTAGGCGAGTCC-1,Layer_6,7
GCACGCCGATTCCCGC-1,Layer_6,6
GCACGCCTACTTAGAT-1,Layer_6,7
GCACGTGGTTTACTTA-1,Layer_5,7
GCACTAGTCGCGCTAT-1,Layer_3,5
GCACTCCCACAGTCCC-1,Layer_1,3
GCACTGCCTACCTTTA-1,Layer_6,7
GCACTGTGCAAATGTA-1,Layer_3,2
GCAGAAACGTAATCCA-1,Layer_2,2
GCAGACCCAGCACGTA-1,Layer_3,5
GCAGATCCATAAGACT-1,Layer_4,1
GCAGATCCTCGCAAAT-1,Layer_4,1
GCAGATTAGGGATATC-1,Layer_3,5
GCAGCACACAGCCCAG-1,Layer_4,1
GCAGCCTATATCACAT-1,Layer_2,2
GCAGCGGTGGGCATTA-1,Layer_2,2
GCAGCTATGGACAGGT-1,Layer_1,3
GCAGCTGTCAACGCAT-1,Layer_6,7
GCAGGAACTTAGATCT-1,WM,4
GCAGGACTATAGAATA-1,Layer_4,1
GCAGGTAGAGTATGGT-1,Layer_1,3
GCAGTGTGGCTATAGG-1,Layer_5,7
GCAGTTCGATCCGAGC-1,Layer_4,1
GCATAAATTGAACGCC-1,Layer_3,2
GCATACGAGGTCTTTA-1,Layer_5,7
GCATAGAGCACTCAGG-1,Layer_3,1
GCATCCCTAACTTTGA-1,Layer_3,5
GCATCGGCCGTGTAGG-1,Layer_3,5
GCATGAGGGACGCGGC-1,Layer_3,2
GCATGCTAATAACGAT-1,Layer_6,7
GCATGGGTACTGACGC-1,Layer_6,7
GCATTCAAGGCAACGC-1,Layer_1,3
GCATTCGAAATGAACA-1,Layer_4,1
GCATTGTAATTCATAT-1,Layer_5,7
GCATTTCCAAGGCTCC-1,Layer_2,2
GCCAACCATTTCCGGA-1,Layer_1,3
GCCAAGAATACTTCTG-1,Layer_6,6
GCCAATAGGGCATCTC-1,Layer_1,3
GCCACAATTTAAGGAC-1,Layer_5,7
GCCACTCAGAGCGCGA-1,Layer_5,7
GCCACTCCTTACGGTA-1,Layer_3,1
GCCAGGAAAGAACACT-1,WM,4
GCCAGGAGTAACCGAT-1,Layer_1,3
GCCAGGCGTTCGCATG-1,Layer_1,3
GCCATATTGCACACAG-1,Layer_1,3
GCCATCGAGCTGCGTG-1,Layer_6,7
GCCATCGATGCTGCAT-1,Layer_2,2
GCCCACCAAGGCTGTC-1,Layer_3,5
GCCCACTGGTCCACAA-1,Layer_3,2
GCCCAGTTGGTATGCC-1,Layer_3,5
GCCCATGGGTGCAATG-1,Layer_2,2
GCCCGACTTCTTCCCG-1,Layer_6,7
GCCCGATCTGTGGTCG-1,Layer_5,7
GCCCGCGCGTAAACGG-1,Layer_5,7
GCCCGCGCGTTTGACA-1,Layer_3,5
GCCCGTAATACCTTCT-1,Layer_3,5
GCCCTAAGTGCAGGAT-1,WM,7
GCCCTAGCCGTCGCGA-1,WM,4
GCCCTGAGGATGGGCT-1,Layer_6,6
GCCGAAATTCCTACGT-1,Layer_4,1
GCCGACCCACGACTGC-1,WM,4
GCCGATTGGCCAAGCT-1,Layer_4,1
GCCGCATTAGTCCGGC-1,Layer_5,7
GCCGCTAGATACGCAG-1,Layer_2,2
GCCGCTTGTGAGAAAC-1,Layer_4,1
GCCGGAAACACATCTT-1,Layer_1,3
GCCGGGTTAGGGTCGC-1,Layer_4,1
GCCGGTCGTATCTCTC-1,WM,4
GCCGGTTTGGGCGGAT-1,Layer_1,3
GCCGTCGGTTTCGGGC-1,WM,4
GCCGTGGAAGAAATGT-1,Layer_3,5
GCCTACGTTCTGTGCA-1,Layer_6,7
GCCTAGCGATCTGACC-1,Layer_3,5
GCCTATAGTGTCAGGG-1,Layer_2,2
GCCTATGCTGGGCCTT-1,Layer_1,3
GCCTATTCCGATATAG-1,Layer_3,1
GCCTATTTGCTACACA-1,Layer_1,3
GCCTCATCTGGAAATA-1,Layer_3,5
GCCTCCGACAATTCAC-1,Layer_5,7
GCCTCTATACATAGCA-1,Layer_5,7
GCCTGCTACACTGAGA-1,Layer_1,3
GCCTGTCCCGGTGCAT-1,WM,6
GCCTTCAGCCCTACCG-1,Layer_3,5
GCCTTGTATATGCAGT-1,Layer_3,5
GCGAAACGATCGGGAG-1,Layer_4,1
GCGAAACTTAACTGGA-1,Layer_3,5
GCGAAGAATCTGACGG-1,Layer_6,7
GCGAAGCCATACCCGT-1,Layer_3,5
GCGAATGGACTAGCGA-1,WM,7
GCGACATGTAAACATC-1,Layer_3,2
GCGACCCAACCATCTG-1,WM,6
GCGACGATAGTTGTAC-1,Layer_5,7
GCGACGGTAGTCTCCT-1,WM,6
GCGAGAAACGGGAGTT-1,Layer_3,5
GCGAGAGGCCATGTAA-1,Layer_1,3
GCGAGAGTTGCGTCCA-1,Layer_2,2
GCGAGCGCATGCTCCC-1,Layer_3,5
GCGAGGCCCGAGCAGA-1,Layer_4,1
GCGAGTTCTGCAAAGA-1,Layer_3,5
GCGATGTCTGTGCTTG-1,Layer_4,1
GCGATTCTGGAAGCAG-1,Layer_1,3
GCGATTGTTAACGTTA-1,Layer_3,5
GCGCAAATATATTCAA-1,WM,4
GCGCAAGAGCGCGCTG-1,Layer_3,5
GCGCATCCAGTCAGCA-1,Layer_2,2
GCGCCGTTCCACGATA-1,Layer_4,1
GCGCCTCCCACTCCGA-1,Layer_3,5
GCGCGATGGGTCAAGT-1,Layer_1,3
GCGCGGTCTAGTAACT-1,WM,4
GCGCGTCATTGGTACA-1,Layer_5,7
GCGCTAAGTATGCATG-1,Layer_1,3
GCGCTAATTGAATAGA-1,Layer_3,5
GCGCTATGCCGAGGCA-1,Layer_5,7
GCGCTGATCCAGACTC-1,Layer_1,3
GCGCTGCTTTGCATTT-1,Layer_2,2
GCGCTTAAATAATTGG-1,Layer_5,7
GCGGACCGCGTTGTGG-1,Layer_6,7
GCGGAGAAACTTCGCA-1,Layer_6,7
GCGGAGAGGGAGAACG-1,Layer_4,1
GCGGCAAAGTATTGCC-1,WM,4
GCGGCTCTGACGTACC-1,Layer_5,7
GCGGCTTTAGCAAGTT-1,Layer_6,6
GCGGGAACCAGGCCCT-1,Layer_3,5
GCGGGCAGACGGGTGA-1,WM,7
GCGGGCATTACGATGC-1,Layer_1,3
GCGGGCGAGCCTTACC-1,Layer_6,7
GCGGTAACCCAAATGA-1,Layer_3,5
GCGGTCCCGGTGAAGG-1,Layer_1,3
GCGGTCCCTAGACGCA-1,Layer_3,5
GCGGTCTTGCTTTCAC-1,Layer_6,7
GCGGTGAACTGCGCTC-1,Layer_1,3
GCGGTGCGGAGCATCG-1,Layer_4,6
GCGGTTCCCTATCATG-1,Layer_5,7
GCGTAAATGGCCATAA-1,Layer_3,2
GCGTCCAGCTCGTGGC-1,Layer_1,3
GCGTCCCTAAGACATA-1,WM,4
GCGTCGAAATGTCGGT-1,Layer_2,2
GCGTCGCCAGGGTGAT-1,Layer_5,7
GCGTCGTAACATGGTC-1,WM,7
GCGTCTCTGCATTGGG-1,Layer_5,1
GCGTGGTACTGGGTTA-1,Layer_3,2
GCGTGTATGTCGTATT-1,Layer_1,3
GCGTTATATTTGGAAC-1,Layer_5,7
GCGTTCGGAGACCGGG-1,Layer_1,3
GCTAAACCTGAGGTGA-1,Layer_3,1
GCTAACTGAAGTCTGA-1,Layer_5,7
GCTAAGTAAAGGCGAT-1,Layer_4,1
GCTAAGTAGTTTCTCT-1,Layer_3,5
GCTAATACCGAATGCC-1,Layer_3,5
GCTACAATCGAGGATA-1,Layer_5,7
GCTACACTGTCCGAAC-1,Layer_2,2
GCTACAGTACGGACCG-1,Layer_5,7
GCTACGACTTATTGGG-1,Layer_4,1
GCTACTATAGTAGAGT-1,Layer_4,1
GCTAGACCGTCTACTG-1,Layer_3,5
GCTAGAGTAGAGATGT-1,Layer_4,1
GCTAGCAGGGAGTGGG-1,Layer_1,3
GCTAGCTTGAATAGCT-1,Layer_6,7
GCTAGGCACCACGGAG-1,Layer_5,1
GCTAGTAGAGCTTGTA-1,Layer_3,1
GCTAGTTTCATTGAGG-1,Layer_3,5
GCTATACGTCTCGGAC-1,Layer_4,1
GCTATCATACTCATGG-1,Layer_5,7
GCTATCGCGGCGCAAC-1,Layer_3,5
GCTATGCCAGCTTATG-1,Layer_6,7
GCTCAACCTCTTAGAG-1,Layer_3,1
GCTCAATCCGTTTATT-1,Layer_6,7
GCTCAATGTAATACCG-1,Layer_6,7
GCTCATTACTGCATGT-1,Layer_1,3
GCTCCATGCAAAGCAA-1,WM,4
GCTCCCAGTCGGTCCA-1,Layer_3,5
GCTCCGCTCGCTTCAG-1,Layer_3,5
GCTCCGGACGTTGATA-1,Layer_2,2
GCTCCTGACATACTGG-1,WM,6
GCTCGACCGAACTGAA-1,Layer_3,5
GCTCGCGGTTCCGCTC-1,Layer_4,1
GCTCGCTCATGTCCAA-1,Layer_3,5
GCTCGGAATTTAAAGC-1,Layer_2,2
GCTCTAAACCCTGACG-1,Layer_3,5
GCTCTATGTTACGTGC-1,Layer_3,1
GCTCTCGGGTACCGAA-1,Layer_3,5
GCTCTTTCCGCTAGTG-1,WM,6
GCTGAACTCTCCAGGG-1,Layer_3,5
GCTGAATCTTCCAATC-1,WM,4
GCTGAGCAACGGTTCT-1,Layer_3,6
GCTGAGGCGTGAGTAT-1,Layer_4,1
GCTGCACGGTTTCTTA-1,Layer_3,5
GCTGCGCCTCCCACGT-1,Layer_4,6
GCTGCTAAGTAGTCGA-1,Layer_6,7
GCTGCTACTGCGTAGC-1,Layer_5,1
GCTGCTCTCCGGACAC-1,Layer_3,5
GCTGGACCCAAAGTGG-1,Layer_1,3
GCTGGCAGGTGCCGTG-1,Layer_5,7
GCTGGCATATTCACCT-1,Layer_4,1
GCTGGCGGCGCATGCT-1,Layer_5,7
GCTGGGTCCGCTGTTA-1,Layer_2,2
GCTGGTGACTCGTAGT-1,Layer_1,2
GCTGTATTACTGGCCC-1,Layer_5,7
GCTGTCTGTGATCGAC-1,Layer_2,2
GCTGTTGCTACCGAAC-1,Layer_3,5
GCTTAATGTAACTAAC-1,Layer_3,5
GCTTACGTAGTTAGTA-1,Layer_2,2
GCTTAGGGAAGCGGTA-1,Layer_2,2
GCTTATGAAGCAGGAA-1,Layer_3,2
GCTTCAGTGGGATTAC-1,Layer_2,2
GCTTCCAGCTTAGATT-1,Layer_3,5
GCTTCCATGTAACCGC-1,Layer_6,7
GCTTCCCGTAAGCTCC-1,Layer_6,7
GCTTCCGTCCCTAGAC-1,Layer_3,5
GCTTGATGATAATCAG-1,Layer_3,5
GCTTGCAGCACAATTG-1,Layer_1,3
GCTTGGATCGATTAGG-1,Layer_2,2
GCTTTCAGAGGAGGTG-1,Layer_3,2
GCTTTCTATCTCAACT-1,Layer_3,2
GCTTTGCTGCCGGGTA-1,Layer_3,5
GGAAACCTTGTTGAAT-1,Layer_1,3
GGAAACTAAATGGGCC-1,Layer_5,1
GGAAAGGGAATTGAGC-1,WM,6
GGAAAGTGCCCATGCC-1,Layer_1,3
GGAACCCGAACAAGAA-1,Layer_4,1
GGAACCGTGTAAATTG-1,Layer_5,7
GGAACCTTGACTCTGC-1,WM,4
GGAACGGCCTGCAGCC-1,Layer_4,1
GGAACTTTGGCGATTA-1,Layer_5,1
GGAAGATAAGACTGTA-1,Layer_3,2
GGAAGCTCGCTTACAG-1,Layer_1,3
GGAAGGACACCGTATA-1,Layer_6,7
GGAATAACCTCAAGAA-1,Layer_1,3
GGAATGCGCTAGCGTG-1,Layer_3,5
GGACAACCATGAAGCC-1,Layer_6,7
GGACAAGTTGCAGTGA-1,Layer_5,7
GGACACAAGTTTACAC-1,Layer_3,5
GGACACCTCGGTGTTG-1,WM,7
GGACCAACAGGATAAC-1,Layer_5,7
GGACCTACGGTAACGT-1,Layer_1,3
GGACCTCTAGGCCGCC-1,WM,6
GGACGGCTTGCGCAAC-1,Layer_1,3
GGACGGGCGACCAACC-1,Layer_5,7
GGACGTCCATAGTTGG-1,Layer_1,3
GGACTAAGTCAGGAGT-1,Layer_5,7
GGACTCGACAGCGCAT-1,WM,4
GGACTCGTGAGTGGTC-1,WM,4
GGACTCTTTGACTAAG-1,Layer_6,7
GGAGAAGTCATTGGCA-1,Layer_3,5
GGAGACCAATGTGCTT-1,Layer_1,3
GGAGACGACACCTTTG-1,Layer_4,1
GGAGCAACATTTCAAG-1,Layer_4,1
GGAGCACCAAGAACTA-1,Layer_3,5
GGAGCGAGGCCTACTT-1,Layer_6,6
GGAGGATTGAAAGGAG-1,Layer_1,3
GGAGGCCGAAGTCGTC-1,Layer_3,5
GGAGGCGAAGAACCGC-1,Layer_2,2
GGAGGGCTTGGTTGGC-1,Layer_3,5
GGAGGGTCAAGTAAGA-1,Layer_5,7
GGAGTACACATGAGCT-1,Layer_3,1
GGAGTGCCGCCCTGGA-1,Layer_3,2
GGAGTTGATTCTGTGT-1,Layer_5,7
GGATACTCATGAATTG-1,Layer_2,2
GGATCAAAGGACGAGG-1,Layer_1,3
GGATCAGAGCCATCAG-1,Layer_6,7
GGATCATCCCGTACGC-1,Layer_1,3
GGATCCCTACCAGCTA-1,Layer_3,5
GGATCCGGAATATACT-1,Layer_3,5
GGATCTTACTGCCCTT-1,WM,4
GGATCTTGACTCAACC-1,WM,6
GGATGAAGATCGCTGA-1,Layer_3,5
GGATGACGCGAGTTTA-1,Layer_4,1
GGATGCTGGCGTTCCT-1,Layer_5,7
GGATGGCTTGAAGTAT-1,Layer_6,7
GGATGTCCTTACCGCA-1,Layer_3,2
GGATTAAGCTAAGGTC-1,Layer_1,3
GGATTAATCATGGACC-1,Layer_6,6
GGATTCAGTACGGTGG-1,Layer_3,5
GGATTCCGCTATACCC-1,Layer_1,3
GGATTGCTGTGACTCC-1,Layer_5,7
GGATTTCACTTCTATA-1,Layer_3,5
GGCAAAGGCGCCAATA-1,Layer_6,7
GGCAAATTACTTTACT-1,Layer_4,1
GGCAAGCCAGGGATAG-1,Layer_1,3
GGCAAGCCCATAGTGG-1,WM,4
GGCAAGGCGAAATAGC-1,Layer_4,1
GGCAATAGTCAATGAG-1,Layer_3,5
GGCACTCCACTGGGCA-1,Layer_4,1
GGCACTGCGGTGGTTT-1,Layer_6,7
GGCAGAGAGATCGGGA-1,Layer_5,7
GGCAGCAAACCTATGC-1,Layer_3,1
GGCAGCGGTAATCCTA-1,Layer_1,3
GGCATACAGGTAGCGG-1,Layer_4,1
GGCATATCGGTTCTGC-1,Layer_1,3
GGCATCAACGAGCACG-1,Layer_1,3
GGCATTGAACATCTCA-1,WM,6
GGCCAATTGTATAGAC-1,Layer_6,7
GGCCACAAGCGATGGC-1,Layer_1,3
GGCCACACGAAAGCCT-1,Layer_4,6
GGCCCAATCTAGAGGG-1,Layer_2,2
GGCCCAGCTGGTTTGC-1,Layer_6,6
GGCCCAGTTATCAGCA-1,Layer_1,3
GGCCCGGAGCATGTCT-1,Layer_2,2
GGCCCGTATACCATGC-1,Layer_1,3
GGCCCTCACCCACTTA-1,Layer_5,7
GGCCGAGACTCTGGTG-1,WM,4
GGCCGCAGGAACCGCA-1,Layer_5,7
GGCCGGCGTCTGCTAT-1,Layer_6,7
GGCCGTTTGGGTTTCA-1,Layer_6,7
GGCCTGCTCTGATGTT-1,WM,6
GGCCTGCTTCTCCCGA-1,Layer_4,1
GGCCTTTGCAACTGGC-1,Layer_5,7
GGCGAAATCTAACTTG-1,Layer_3,5
GGCGAACCGTTCTGAT-1,Layer_1,3
GGCGAGCATCGAGGAC-1,Layer_1,3
GGCGCAGGACATCTTC-1,Layer_5,7
GGCGCATGAATTGATG-1,Layer_4,1
GGCGCGGAGATCTTTC-1,Layer_5,7
GGCGCGTTCGAGTTTA-1,Layer_5,1
GGCGCTCCTCATCAAT-1,Layer_3,5
GGCGCTTCATTCCCTG-1,Layer_6,6
GGCGGAGTAATATTAG-1,Layer_3,5
GGCGGTAGGATCATTG-1,Layer_3,5
GGCGGTTTGCCGGTGC-1,Layer_3,5
GGCGTACCCTATATAA-1,Layer_1,3
GGCGTAGGGAAAGCTG-1,Layer_6,7
GGCGTCCTATCCGCTG-1,Layer_4,1
GGCTAAAGGGCGGGTC-1,Layer_1,3
GGCTAATGATTGAAAT-1,Layer_1,3
GGCTACTATACACTCC-1,WM,4
GGCTATTAAGTTGTAT-1,Layer_4,1
GGCTCCTCCACCTGTT-1,WM,6
GGCTCGCGTTGAGGTA-1,Layer_3,2
GGCTCGTGCCACCAGC-1,Layer_3,5
GGCTCTGCTCCAACGC-1,Layer_3,5
GGCTGAAATAGCAAAG-1,Layer_4,1
GGCTGAGCATCGTAAG-1,Layer_1,3
GGCTGGCAATCCCACG-1,Layer_6,7
GGCTGGCTAGCTTAAA-1,Layer_3,5
GGCTTCTCGTGGGTGG-1,Layer_6,7
GGCTTGGCTCTCACCT-1,Layer_5,1
GGCTTTCAATAAGGGT-1,Layer_6,7
GGGAACCACCTGTTTC-1,Layer_1,3
GGGAACGGGAGGTTAG-1,Layer_5,7
GGGAACGGTTTCAGAT-1,WM,4
GGGAAGACGGTCTGTC-1,Layer_6,7
GGGAAGGGCTTTCTCA-1,Layer_5,7
GGGAATGAGCCCTCAC-1,Layer_1,3
GGGAATTCTGTCCAGT-1,Layer_5,7
GGGACAGAGTTACTCC-1,WM,4
GGGACCCGTATATCTT-1,Layer_6,7
GGGACTGCATAGATAG-1,Layer_3,5
GGGAGAACTCACAGTA-1,Layer_3,5
GGGAGCGACCGTAGTG-1,Layer_6,7
GGGAGGATGCCCGAAA-1,Layer_4,1
GGGAGTAATGGCTGGC-1,Layer_2,2
GGGAGTTAATGAGGCG-1,Layer_3,5
GGGATACGGTAATAAT-1,Layer_4,6
GGGATCCCAATACAAA-1,Layer_1,3
GGGATGGTCGTAACCG-1,Layer_5,7
GGGATTTACCGCACCT-1,Layer_3,5
GGGCAACCGCACGTGC-1,WM,4
GGGCACGAATTGGCCG-1,Layer_5,7
GGGCACGTAGTACTGT-1,WM,4
GGGCAGAGCAATCGTT-1,Layer_6,7
GGGCAGTCAACGCCAA-1,Layer_6,7
GGGCATGCATGTCGAG-1,WM,6
GGGCCCGTCTTAAACA-1,Layer_5,1
GGGCCCTACGAAAGGG-1,Layer_5,7
GGGCCCTTATCTATAC-1,Layer_5,7
GGGCCGGCCGAAGTAC-1,Layer_3,5
GGGCCTAAATGGGCTA-1,Layer_6,6
GGGCCTATACAACCGG-1,Layer_3,2
GGGCCTATTTAAGTAT-1,Layer_1,3
GGGCGAATTTCTCCAC-1,Layer_3,6
GGGCGATATGTGTGAA-1,Layer_3,5
GGGCGCAGCGTTACTC-1,Layer_1,2
GGGCGGCAAATGAATT-1,Layer_5,7
GGGCGGGTTCCCTACG-1,Layer_5,7
GGGCGGTCCTATTGTC-1,Layer_3,5
GGGCGTACATTTATAT-1,Layer_3,5
GGGCGTCACCACGTAA-1,Layer_5,7
GGGCGTCCACTGGCTC-1,Layer_1,3
GGGCGTGGTTTCCCAG-1,Layer_5,7
GGGCTATGATCGATGG-1,Layer_6,7
GGGCTCATCGAACCCA-1,Layer_2,2
GGGCTGCCTAGGGCGA-1,Layer_3,5
GGGCTGGTTAGTCGCG-1,Layer_3,5
GGGTAATGCTGTGTTT-1,Layer_3,5
GGGTACCCACGGTCCT-1,Layer_3,5
GGGTACTTCATGAACT-1,Layer_4,1
GGGTATGTATGCACTT-1,Layer_4,1
GGGTATTCTAGCAAAC-1,WM,4
GGGTCACCGTGACGGT-1,Layer_4,1
GGGTCACGTGCTTATG-1,Layer_2,2
GGGTCACTGAGTAGTG-1,Layer_3,5
GGGTCAGGAGCTAGAT-1,WM,6
GGGTCATGCGTACCAT-1,Layer_3,5
GGGTCGTGGCAAGTGT-1,Layer_1,3
GGGTCTATCGCTTTCC-1,Layer_5,7
GGGTGACACCTTAACT-1,Layer_5,1
GGGTGCATATGAAAGC-1,Layer_1,3
GGGTGGTCCAGCCTGT-1,Layer_1,3
GGGTGTTTCAGCTATG-1,Layer_2,2
GGGTTAACATTTGAGT-1,Layer_6,7
GGGTTCAGACGAACAA-1,Layer_3,5
GGGTTTAGGATAGGAT-1,Layer_3,5
GGGTTTCCGGCTTCCA-1,Layer_1,2
GGTAAACTCTGCGCTG-1,Layer_5,7
GGTAAATGTGCGTTAC-1,Layer_1,3
GGTAACCGGGAGGATA-1,WM,4
GGTAACTATGTATCTG-1,Layer_3,5
GGTACAAACATGCTAT-1,Layer_4,1
GGTACACCAGATTTAT-1,Layer_1,3
GGTACATCTGGGACGA-1,Layer_5,7
GGTACCATTAAGACGG-1,Layer_1,3
GGTACGTTGCGGCCGG-1,Layer_5,7
GGTAGAAGACCGCCTG-1,Layer_5,7
GGTAGACCGTTGGGCG-1,Layer_5,7
GGTAGTGCTCGCACCA-1,Layer_3,5
GGTATAGTGACACATA-1,Layer_2,2
GGTATGAAAGAACTGA-1,Layer_5,7
GGTATTGCCGAGTTTA-1,Layer_3,1
GGTCAAGACTACTTCG-1,Layer_4,1
GGTCACGTTAGATTCA-1,Layer_2,2
GGTCAGTGGGTCCCAC-1,Layer_5,1
GGTCATTGTAGTCATA-1,Layer_1,3
GGTCCCATAACATAGA-1,Layer_2,5
GGTCCTTCATACGACT-1,Layer_3,5
GGTCGGATAAACGGCG-1,Layer_1,3
GGTCGGCCAGGAGCTT-1,Layer_3,5
GGTCGGTAATTAGACA-1,Layer_3,2
GGTCGGTCGTCCACAG-1,Layer_6,7
GGTCGTAAGCTCGCAC-1,Layer_6,7
GGTCTCCGTCCAGGTT-1,Layer_5,7
GGTCTCTGAATGGACT-1,Layer_6,7
GGTCTGAGAATCTGGA-1,Layer_3,5
GGTCTTGAGCGCTCTT-1,Layer_6,7
GGTGAAACCGGGAATG-1,Layer_1,3
GGTGAACGGGCTAGCC-1,Layer_3,2
GGTGAAGTACAGGGAT-1,Layer_5,7
GGTGAGATGCAGATAA-1,Layer_3,5
GGTGATAAGGAGCAGT-1,Layer_3,5
GGTGATGAAGGAAGTG-1,Layer_5,7
GGTGATTTCATCTTGT-1,Layer_2,2
GGTGCAGAGCCTATCG-1,Layer_1,3
GGTGCATAAATGATTA-1,WM,4
GGTGCGGATAAGTGGC-1,Layer_3,5
GGTGCTGATCACAAAG-1,Layer_4,1
GGTGCTGGTACACATT-1,Layer_5,7
GGTGGACCACGTGTTA-1,Layer_1,2
GGTGGACTGCTCTGGC-1,Layer_5,1
GGTGTAAATCGATTGT-1,WM,4
GGTGTAGGTAAGTAAA-1,WM,4
GGTGTTCTGTTTCTAC-1,Layer_1,3
GGTTACCACCCTCGGG-1,Layer_5,7
GGTTAGCTATATGTCT-1,Layer_3,1
GGTTAGGCTTGGAGAA-1,Layer_3,1
GGTTAGTTACGGCGCC-1,Layer_4,1
GGTTCCACCCGCTTCT-1,Layer_1,2
GGTTCCCTAGTGTCTC-1,Layer_3,2
GGTTCGATGCTGAGTT-1,Layer_3,5
GGTTCGGATTATACTA-1,Layer_6,7
GGTTCTACTCGTCTGA-1,Layer_3,5
GGTTGTATCGTGAAAT-1,Layer_1,3
GGTTGTGCTCTTGTCC-1,Layer_4,1
GGTTGTGTAGCCTGGC-1,Layer_5,7
GGTTTAATTACCATCG-1,WM,4
GGTTTAATTGAGCAGG-1,Layer_1,3
GGTTTACAATCTCAAT-1,Layer_3,2
GGTTTAGCCTTTCTTG-1,Layer_3,5
GGTTTCAATCGGTCAG-1,Layer_3,2
GGTTTGACAAGAAGCT-1,Layer_1,3
GGTTTGAGTGCTGGAA-1,Layer_3,5
GGTTTGCGAACACGTA-1,Layer_1,3
GGTTTGTGACCTGAGG-1,Layer_5,1
GTAACAACTGACCTTG-1,Layer_1,2
GTAACATCAGCTCATC-1,Layer_3,5
GTAACATCTAAGATAA-1,Layer_4,1
GTAACTGCCCAAGGAG-1,WM,4
GTAACTTGCGGCAGTC-1,Layer_3,2
GTAAGCGGGCAGTCAG-1,Layer_3,5
GTAAGGATTTGTCGGA-1,Layer_1,3
GTAAGTAACAGTCTGG-1,Layer_3,5
GTAAGTAGGGTATACC-1,Layer_3,1
GTAAGTCCACACTCTA-1,Layer_3,5
GTAATAAAGGGCTCCC-1,Layer_2,2
GTAATCTGATTCTTCG-1,Layer_5,7
GTACACTTACCTGAAG-1,Layer_3,5
GTACAGAGGCAAGGGT-1,Layer_3,5
GTACGACGGCGCTGCG-1,Layer_3,5
GTACGAGATTGCGACA-1,Layer_3,5
GTACGCTTCATTGCAC-1,Layer_4,1
GTACGTCACGTATTAA-1,Layer_1,3
GTACGTTTGCCCGTCA-1,Layer_4,1
GTACTAAGATTTGGAG-1,Layer_3,5
GTACTACGGCCTCGTT-1,Layer_6,7
GTACTCCCTTATCGCT-1,Layer_5,7
GTACTCCTGGGTATGC-1,Layer_1,3
GTACTGAGGTCGTAAC-1,Layer_2,2
GTACTGCATGAAGCGT-1,Layer_3,5
GTACTGGAGTTAGACC-1,Layer_3,5
GTACTTGGGCACTTCT-1,Layer_3,5
GTAGAAACGGGTGGAG-1,Layer_4,1
GTAGACAACCGATGAA-1,Layer_1,3
GTAGACACGCCTGACT-1,Layer_6,7
GTAGACGTCGTTACAT-1,Layer_3,5
GTAGAGGGAGACAAGT-1,Layer_6,7
GTAGCCAAACATGGGA-1,Layer_5,1
GTAGCGCTGTTGTAGT-1,Layer_1,3
GTAGCGGCTATACACT-1,Layer_3,1
GTAGCTAGTAAGCGCG-1,Layer_1,3
GTAGCTCCGGGAGGCT-1,WM,4
GTAGCTTCCTCTTGTT-1,Layer_3,2
GTAGGTGATCCGTGTA-1,Layer_1,3
GTAGTCGCGGGAATCA-1,Layer_4,1
GTAGTCTACGATATTG-1,Layer_6,7
GTAGTGAGCAACCTCA-1,Layer_5,7
GTAGTTAGACAATATA-1,Layer_3,5
GTAGTTCGAAGGCGAA-1,WM,4
GTATAATCTCCCGGAT-1,Layer_3,5
GTATAGGACTCAGTAG-1,Layer_3,5
GTATAGTGGCCCATGT-1,Layer_1,3
GTATATGTTACGGCGG-1,Layer_3,5
GTATCAAACGTTAGCT-1,Layer_4,1
GTATCAAGGTACTTCC-1,WM,6
GTATCAGCTTGGGTTC-1,Layer_3,5
GTATCCTTTGGTAACC-1,Layer_5,7
GTATCGGGACGAGCTG-1,Layer_3,5
GTATCTCAGTCTTGAC-1,WM,4
GTATCTCCCTAACTGT-1,Layer_1,3
GTATCTTGTTGCTCAC-1,Layer_1,3
GTATCTTTCATAACCA-1,Layer_4,1
GTATGAAATTTCACTC-1,WM,6
GTATGACGTGGGAAAC-1,Layer_2,2
GTATGTGGGTCTAGTT-1,Layer_3,5
GTATTAAGGCGTCTAA-1,Layer_3,5
GTATTAGGGTTCGCGT-1,Layer_2,2
GTATTCTGAGAAACGA-1,Layer_5,7
GTATTCTTACCGTGCT-1,Layer_3,5
GTCAAAGAAGTGGTGT-1,WM,4
GTCAAAGTTTACATAG-1,Layer_3,5
GTCAACCAGGCCTATA-1,Layer_5,7
GTCAAGCGGACTCGGG-1,Layer_3,5
GTCAATGCTATAATTT-1,Layer_1,3
GTCAATTGTACTGAAG-1,Layer_1,3
GTCACAAAGTTTCCAA-1,Layer_1,3
GTCACCTGTCTATGTC-1,Layer_2,2
GTCACTCTCCAAATCT-1,Layer_3,5
GTCAGAATAGTCTATG-1,Layer_4,1
GTCAGTTGTGCTCGTT-1,Layer_1,3
GTCAGTTTGGTAGTCG-1,Layer_5,1
GTCATCTCCTACAGCT-1,Layer_3,5
GTCATGCACCTCCGTT-1,Layer_3,5
GTCATGCGCGAGGGCT-1,Layer_5,7
GTCATGGACATGACTA-1,Layer_3,5
GTCATTAGAGCGAACG-1,Layer_3,5
GTCATTGCATTGACCC-1,Layer_5,7
GTCCAATATTTAGCCT-1,WM,6
GTCCACGTCGCATTCG-1,Layer_5,7
GTCCAGGCACGTGTGC-1,WM,4
GTCCATTACTGCTACG-1,Layer_3,5
GTCCCAACGTAAAGTA-1,Layer_3,5
GTCCCAATCATCCCGC-1,Layer_6,7
GTCCCGCGACGTTATG-1,Layer_5,7
GTCCGAGAGCAATCAT-1,Layer_5,7
GTCCGGACCTGAAATT-1,Layer_5,1
GTCCGGCTGAATTGCG-1,Layer_3,5
GTCCGGGTTCACATTA-1,Layer_6,6
GTCCGTTAGAGGGCCT-1,WM,7
GTCCTACAGGCGGCTC-1,Layer_3,5
GTCCTACGAATAGTCT-1,Layer_4,1
GTCCTATTGTTGTGGT-1,Layer_5,7
GTCCTTCTACAACCCA-1,Layer_4,6
GTCCTTCTAGTGGGTT-1,Layer_1,3
GTCCTTTAATGACTTC-1,Layer_1,3
GTCGCCGTTGTGTGTT-1,Layer_6,7
GTCGCGTAACCCGTTG-1,Layer_3,5
GTCGGAAGGATACCAG-1,Layer_1,3
GTCGGATATCTCAGAC-1,Layer_4,1
GTCGGATGTAGCGCGC-1,Layer_1,3
GTCGGGAACATGGTAG-1,Layer_6,7
GTCGGGAAGCAGAAAC-1,Layer_6,7
GTCGTACCATCTCGGG-1,Layer_5,1
GTCGTACCTACGATTG-1,Layer_5,7
GTCGTATTGGCGTACA-1,Layer_1,3
GTCGTCAATTATAAGG-1,Layer_2,2
GTCGTGTCTGGTCATC-1,Layer_1,3
GTCGTTATTCGCTTAT-1,Layer_4,1
GTCTAAGATGCCCAGC-1,Layer_3,5
GTCTACTCAATTACAA-1,Layer_5,7
GTCTAGTGAGCCGCTT-1,Layer_6,7
GTCTATCTGAGTTTCT-1,Layer_5,1
GTCTATTGCATGCTCG-1,Layer_5,7
GTCTATTGGTTCCGGT-1,Layer_4,1
GTCTCAAGGCCCGGCT-1,Layer_6,7
GTCTCCGCCTCAATAC-1,WM,4
GTCTCGACTAAGTTTG-1,Layer_1,3
GTCTCGATCTGCTTTC-1,Layer_1,2
GTCTCGCCAACACGCC-1,Layer_1,3
GTCTGCCGACTCGACG-1,Layer_6,7
GTCTGGGCGGTCGAGA-1,Layer_5,7
GTCTTAGTACAGCCGG-1,Layer_1,3
GTCTTCCTCACCTAAG-1,Layer_5,7
GTCTTGAGGAGCAGTG-1,Layer_2,2
GTCTTGTAGCTATTCA-1,Layer_3,5
GTGAAACGGCGCCACC-1,Layer_2,2
GTGAAACGTGCTCCAC-1,Layer_3,2
GTGAACTCCCATTCGA-1,Layer_2,2
GTGAAGATTTCAAGTG-1,Layer_1,3
GTGAAGCCGTATAGTC-1,Layer_1,3
GTGACAGCTTCCCACT-1,Layer_6,7
GTGACCGCACACTACG-1,Layer_3,5
GTGACGAGGGTGACCC-1,Layer_1,3
GTGACGCAGGTTTCAT-1,Layer_6,7
GTGACTTCAGTAGTGC-1,Layer_5,7
GTGAGATAACCTTATA-1,WM,4
GTGAGCGTGCTGCACT-1,Layer_5,7
GTGAGGACACTTAAGG-1,Layer_3,5
GTGAGGAGCGGTTGAG-1,Layer_1,3
GTGAGTCTAAGACGGA-1,Layer_4,1
GTGAGTGGTACAACGC-1,Layer_5,7
GTGATCAAGCGTGCAC-1,WM,4
GTGATCACTAACGCCT-1,Layer_3,5
GTGATCATAGATCTGC-1,Layer_5,1
GTGATCCTTGTCATGA-1,Layer_5,7
GTGATGCACAACATCT-1,Layer_1,3
GTGATTCGCCGCTCAA-1,Layer_5,7
GTGCAACAAATGTGGC-1,Layer_1,2
GTGCACCAGCTTCAAC-1,WM,6
GTGCACGAAAGTGACT-1,Layer_1,2
GTGCCATCACACGGTG-1,Layer_5,7
GTGCCCGTTCGGATTC-1,Layer_3,5
GTGCCGCTTCAAAGGT-1,Layer_5,7
GTGCCTAGCTATGCTT-1,Layer_3,5
GTGCCTCAGTGTACGG-1,Layer_1,3
GTGCCTGAGACCAAAC-1,Layer_6,7
GTGCGAAATCGAACAC-1,Layer_5,7
GTGCGACAGGGAGTGT-1,Layer_3,2
GTGCGCAGCTTGCTCC-1,Layer_2,2
GTGCGCTTACAAATGA-1,Layer_1,3
GTGCGGGACCATCGGC-1,Layer_2,2
GTGCGGGTCTCCAAAT-1,Layer_3,5
GTGCGTGTATATGAGC-1,Layer_3,5
GTGCTCAAGTACTGTC-1,Layer_3,1
GTGCTGCAGATAAGGA-1,Layer_5,7
GTGCTGTTAGAACATA-1,WM,7
GTGCTTACATCAGCGC-1,Layer_3,5
GTGGAACCTACATGCG-1,Layer_1,3
GTGGACCAACCCGATT-1,Layer_5,7
GTGGACGCATTTGTCC-1,Layer_5,7
GTGGACGTGCTGAGAC-1,Layer_3,5
GTGGAGTCGGCGGTTG-1,Layer_6,7
GTGGCAAACAGCGGCA-1,Layer_6,6
GTGGCCTAATATCATT-1,Layer_5,7
GTGGCGGGCCGTAGCT-1,Layer_1,3
GTGGCGGTCCCAGCGT-1,Layer_5,7
GTGGCGTGCACCAGAG-1,Layer_2,2
GTGGCTGTTTCTGTTC-1,Layer_6,7
GTGGGAACAAACCGGG-1,WM,4
GTGGGAAGACTGAATC-1,Layer_6,6
GTGGGCTTAGACACAC-1,Layer_3,1
GTGGGTCTTCTTTGCG-1,Layer_2,2
GTGGTATAGTCTGCCG-1,Layer_6,7
GTGGTCAGCGAAGTAT-1,Layer_1,3
GTGGTGGCCAAGTGAA-1,Layer_4,1
GTGGTTACTTCTTTCG-1,Layer_2,2
GTGGTTTCCGCCTTTC-1,Layer_5,7
GTGTACCTTGGCTACG-1,Layer_3,5
GTGTATATCAGCGGGC-1,Layer_5,7
GTGTATGACTTTAAAG-1,Layer_1,3
GTGTCAGTGTACGTGG-1,WM,4
GTGTCCGATAAGGCAT-1,Layer_2,2
GTGTCGTATAGCGTTC-1,Layer_5,7
GTGTCGTATTCACCTT-1,Layer_2,2
GTGTGAATAACTTAGG-1,Layer_3,5
GTGTGAGCCGAGGTGC-1,Layer_1,3
GTGTGTCGACGTCGCT-1,Layer_3,1
GTGTTACTATGCGTCC-1,Layer_3,5
GTTAAAGTAGGACTGG-1,Layer_4,1
GTTAACATCACTTAAA-1,Layer_5,7
GTTAACTATGTTGTCA-1,Layer_3,5
GTTAAGGGTGCGATGT-1,Layer_6,7
GTTAAGTTAGAGTGGG-1,Layer_2,2
GTTAATGTCTATCTTA-1,Layer_5,7
GTTACAATTGGTGACG-1,Layer_5,7
GTTACCTACAACTTGC-1,Layer_4,1
GTTACGAAATCCACGC-1,Layer_1,3
GTTACGGCCCGACTGC-1,Layer_1,3
GTTACTTTGGGCCTAG-1,Layer_5,1
GTTAGAGTGTGCCGCT-1,Layer_1,3
GTTAGCCCATGACATC-1,Layer_6,6
GTTAGCCGTAAATCAA-1,Layer_1,3
GTTAGGCTACCCGTTT-1,WM,4
GTTATAATACGGTGAA-1,Layer_4,1
GTTATATCAGGAGCCA-1,Layer_1,3
GTTATATTATCTCCCT-1,Layer_5,7
GTTATCAAGCTATCGA-1,Layer_6,7
GTTATCACCTTCTGAA-1,Layer_1,3
GTTATTAAATACGACC-1,Layer_1,3
GTTATTAACGTGGGAG-1,Layer_3,1
GTTCAAATCAGATGTC-1,Layer_4,6
GTTCAATCTATGTCAA-1,Layer_1,3
GTTCACAGGAGTCTAG-1,Layer_4,1
GTTCAGTCGCCAAATG-1,WM,4
GTTCATCGTTTGGCTG-1,Layer_2,2
GTTCCAAGACAGCGAC-1,Layer_2,2
GTTCCAGTCTGACCAT-1,Layer_3,2
GTTCCCGTAAACATAT-1,Layer_4,7
GTTCCGTCCGCCTGCA-1,WM,4
GTTCGCCATAAGTGCC-1,Layer_4,1
GTTCGCTGAGACGTCT-1,Layer_3,1
GTTCGGAGCACTCAAC-1,Layer_5,7
GTTCGGATCGGGAACA-1,Layer_3,5
GTTCGGGCGTACCATT-1,Layer_2,2
GTTCGTCTAAAGAACT-1,Layer_4,1
GTTCGTCTGGGTCCCT-1,Layer_1,3
GTTCGTTGCGGACCAG-1,Layer_1,3
GTTCTTCCCTCGATGT-1,Layer_3,5
GTTCTTGTAACTCAAT-1,WM,7
GTTGAACCGGTTCCAT-1,Layer_5,7
GTTGAGTCCCGCCGGT-1,Layer_5,1
GTTGCACGGAGTTTCG-1,Layer_3,5
GTTGCGCTAACATTAC-1,Layer_3,5
GTTGGACCGCATCAGG-1,Layer_1,3
GTTGGATTCAGTGGCT-1,Layer_1,3
GTTGGATTGAGAACAC-1,Layer_3,2
GTTGGATTTGCGTTGG-1,Layer_4,1
GTTGGTCATGCTATCC-1,Layer_5,7
GTTGTAGATTTATGAG-1,WM,4
GTTGTCGTGTTAGTTG-1,Layer_3,5
GTTGTTACATTGCGCT-1,Layer_1,3
GTTTACGTTCCATCTG-1,Layer_5,1
GTTTATGGGATTTAGA-1,Layer_4,1
GTTTCAAACGAGTTGT-1,Layer_5,7
GTTTCATATCGTCGCT-1,Layer_5,7
GTTTCCTGGAGGGTGA-1,Layer_3,5
GTTTCTAGAGGCGCGG-1,Layer_6,7
GTTTCTGCAGTCTCCC-1,Layer_3,5
GTTTGACCAAATCCTA-1,Layer_3,5
GTTTGAGCGGTTATGT-1,Layer_1,3
GTTTGGCCCAAGTTAT-1,Layer_3,5
GTTTGGCCGCTCAGCG-1,Layer_3,5
GTTTGGCGTCAGGCAC-1,Layer_3,2
GTTTGGGCTTGTGAGC-1,Layer_5,7
GTTTGGGTTTCGCCCG-1,Layer_5,7
GTTTGGTAGGGTCAAC-1,Layer_5,7
GTTTGGTGATCGGTGC-1,WM,4
TAAACCCAGGAGGGCA-1,Layer_6,7
TAAACGTCGTCAATGA-1,Layer_3,1
TAAAGACAACCCTTTA-1,Layer_3,5
TAAAGAGCCCGAAACC-1,Layer_2,2
TAAAGCGGTATTTCCA-1,WM,6
TAAAGCGTTAGGAGAA-1,Layer_2,2
TAAAGCTGCAATAGGG-1,Layer_1,3
TAAAGGAGAAACTAGT-1,Layer_1,3
TAAATCTTTACACCTC-1,Layer_1,3
TAAATGAATCCGTTTC-1,Layer_3,1
TAAATGCCGTCTCATG-1,Layer_1,3
TAAATTGTGGGTAAAG-1,WM,7
TAAATTTAGTAACACC-1,WM,4
TAACAAAGGGAGAAGC-1,Layer_3,5
TAACAATATTTGTTGC-1,Layer_4,1
TAACAGCGTTTGTGCT-1,WM,4
TAACAGGTTCCCTTAG-1,WM,6
TAACATACAATGTGGG-1,Layer_3,5
TAACATACACGCGATC-1,WM,6
TAACCGCCCGCAGTGC-1,Layer_2,2
TAACCGTCCAGTTCAT-1,Layer_2,2
TAACCTACCGTCCGAG-1,Layer_3,2
TAACCTAGGGAGTCCA-1,Layer_5,1
TAACGCTTTGAGAGCG-1,Layer_3,1
TAACTATCGAAGGTCC-1,Layer_3,5
TAACTATTACGCCAAA-1,Layer_1,3
TAACTCATCCGCGCGG-1,Layer_5,7
TAACTCCATGGAGGCT-1,Layer_3,5
TAAGATTTAGCGGGAG-1,Layer_1,3
TAAGCAGGCGACACGC-1,Layer_5,7
TAAGCCCTTACGACCA-1,Layer_1,3
TAAGGAACTTGTGGGA-1,Layer_3,5
TAAGGCAACATAAGAT-1,Layer_3,2
TAAGGCATAACATCAA-1,Layer_6,7
TAAGGCCCGTCACCCT-1,Layer_6,7
TAAGGCTGAATCCCTC-1,Layer_3,5
TAAGGGCCTGTCCGAT-1,Layer_5,1
TAAGGGCTGGGAGAGG-1,Layer_5,7
TAAGTAAATGTGCCGC-1,Layer_1,2
TAAGTAACATCTTGAC-1,Layer_5,7
TAAGTCGCCGAGTATC-1,Layer_6,7
TAAGTTGCGACGTAGG-1,Layer_4,1
TAATAAACAAGGAGAT-1,Layer_1,3
TAATACACAGTAGTAT-1,Layer_3,2
TAATACTAGAACAGAC-1,Layer_6,6
TAATAGAACAGAGTTA-1,Layer_6,7
TAATAGGTCACCAGAA-1,WM,4
TAATAGTGACGACCAG-1,Layer_3,5
TAATATTGAAATTCGC-1,Layer_3,5
TAATCAGGAATGCTGC-1,Layer_3,5
TAATCGATCCGTACGT-1,Layer_1,2
TAATGAAAGACCCTTG-1,Layer_4,1
TAATTACGTCAGTAGA-1,Layer_5,7
TAATTAGATGGATATG-1,Layer_3,2
TAATTAGGACATCCGT-1,Layer_3,5
TAATTGGAATCGGGAA-1,Layer_1,3
TAATTTCCGTCCAGTA-1,Layer_6,7
TACAAATTGCGGAGGT-1,Layer_1,3
TACAACGCACAACTCA-1,Layer_5,1
TACAAGCTGTTCACTG-1,Layer_1,3
TACAAGGGCTTCTTTA-1,Layer_6,7
TACAAGTCTCGTGCAT-1,Layer_4,1
TACAATGAAACCAGCA-1,Layer_1,3
TACACAGCCGTGGTGC-1,WM,6
TACACCGTCGTTAGTC-1,Layer_1,3
TACACCTCTTCGAATC-1,Layer_6,7
TACAGAAACGGTGGGC-1,Layer_5,7
TACATAGGCATACACC-1,Layer_4,1
TACATCCCTATCCCTG-1,Layer_6,6
TACATCTTGTTTCTTG-1,Layer_3,1
TACATGACCTTATCCG-1,Layer_4,1
TACATTTCTAACGTGC-1,Layer_4,1
TACCAAATAGCCCAGA-1,Layer_6,7
TACCAATAAAGTACCA-1,Layer_5,7
TACCAGAAGTAGGTTC-1,Layer_5,7
TACCAGCTAGGTTTAA-1,Layer_1,3
TACCAGGAATCCCGTC-1,WM,4
TACCGAATAATTGTAA-1,Layer_6,7
TACCGCGGACTTGCAG-1,Layer_3,2
TACCGGCTCACTGCCC-1,Layer_5,1
TACCGGTCGTTTCCAT-1,Layer_5,7
TACCGTAGGTTAACTA-1,Layer_6,7
TACCGTGCCTCGGACC-1,Layer_5,1
TACCTACTCCCAGTAT-1,Layer_6,7
TACCTATCCCTAGAGG-1,Layer_6,7
TACCTCACGCTTGTAC-1,Layer_3,2
TACCTCAGTTGTCTGT-1,Layer_6,7
TACCTCCACACCAATG-1,WM,4
TACCTGCTGCACTGTG-1,Layer_4,1
TACCTTAAGATTTCCC-1,Layer_6,7
TACGAACACGACTTCA-1,Layer_3,5
TACGACGCTTGCTGCG-1,Layer_5,1
TACGACTGCCTCTTAG-1,Layer_4,1
TACGAGAACTTCACGT-1,Layer_4,1
TACGATCCAAGCCACT-1,Layer_3,5
TACGATGTTGATCATC-1,Layer_4,1
TACGCAGTTCTTTCCT-1,Layer_4,1
TACGCCATATTCTAAT-1,Layer_4,1
TACGCCGAGGGTACCC-1,WM,6
TACGCCTCCATTCCGA-1,Layer_5,7
TACGCTATAGAAACCT-1,Layer_3,2
TACGCTCGGTATTGGA-1,Layer_5,7
TACGGAAGCCAAACCA-1,Layer_6,6
TACGGCATGGACGCTA-1,Layer_5,7
TACGGGATGCTAGCAG-1,Layer_1,3
TACGGGTAATAACATA-1,Layer_6,7
TACGTAAAGCGGAGTG-1,Layer_5,7
TACGTACTAGTGCTGA-1,WM,4
TACGTGCACTATGCTG-1,Layer_3,5
TACGTGGGCCCAGGGC-1,Layer_6,7
TACGTTTACCGGCAAT-1,Layer_5,7
TACTACGTGCAATGCG-1,Layer_6,7
TACTATGGTTCCTCAG-1,Layer_6,7
TACTCCTCTAGTTGAC-1,WM,4
TACTCGGCACGCCGGG-1,Layer_5,7
TACTCGTTTGAATCAA-1,Layer_6,7
TACTCTCCGAACAAAT-1,Layer_2,2
TACTCTTACTTTACTG-1,Layer_4,1
TACTCTTTCGTCTTCA-1,Layer_6,7
TACTGAACAGATTTAG-1,Layer_6,7
TACTGCAATCAATTAC-1,Layer_1,3
TACTGGACAGCTCGGC-1,Layer_5,7
TACTGTTTCTCTGGTA-1,Layer_3,5
TACTTAAACATGTACA-1,Layer_5,7
TACTTGTTAGTAGTCC-1,Layer_3,5
TACTTTACTGAGCCGG-1,Layer_2,2
TACTTTCCGCACGCCA-1,Layer_6,7
TAGAAACACAATAGTG-1,Layer_3,1
TAGAAACCACTAAGTA-1,Layer_1,3
TAGAAAGGTGGCGCTA-1,Layer_3,5
TAGAAATTCACGTATA-1,Layer_5,7
TAGAATAGCCGATGAA-1,Layer_5,7
TAGAATTAAGGGCAAC-1,Layer_1,3
TAGACGAAACGCCAAT-1,Layer_6,7
TAGACGCCCGTACCGG-1,Layer_3,2
TAGACTACCTAGCGTT-1,Layer_3,5
TAGAGATCATGCAACT-1,Layer_5,7
TAGAGCTACGAAGAAC-1,Layer_2,2
TAGAGGGAGTTTATCT-1,WM,6
TAGAGGTTCTACTTGT-1,Layer_4,1
TAGAGTCTAAGCGAAC-1,Layer_3,5
TAGATATGGACTGGAA-1,Layer_5,7
TAGATCCGAAGTCGCA-1,Layer_1,3
TAGATGGTTCCTTACT-1,Layer_5,1
TAGATTCAAAGTGCGG-1,WM,4
TAGATTCCTGGTTATT-1,Layer_5,7
TAGCAACCTGTCACAA-1,Layer_3,5
TAGCAGATACTTAGGG-1,Layer_6,7
TAGCAGTAAATACGCG-1,Layer_3,2
TAGCAGTATGACTAAA-1,Layer_5,7
TAGCCAGAGGGTCCGG-1,Layer_3,5
TAGCCATTTCAAAGTC-1,Layer_3,5
TAGCCGGCGGTCAGCG-1,Layer_3,5
TAGCGTCCCTCGATTG-1,Layer_3,5
TAGCGTCCGGTGTGGT-1,Layer_5,7
TAGCGTCGAATATTGA-1,Layer_5,7
TAGCGTTGGGTCTTAC-1,Layer_3,5
TAGCTAAGTCCGGGAG-1,Layer_3,5
TAGCTAGAAGGCATGA-1,Layer_5,7
TAGCTAGTGATGATGG-1,Layer_6,7
TAGCTCAGATCCTAGT-1,Layer_2,2
TAGCTCGCCTGATAAC-1,Layer_5,7
TAGCTGATGTGAAGCG-1,Layer_6,7
TAGGAACAGCCTCCAG-1,Layer_1,3
TAGGATCTTAACCGCA-1,WM,7
TAGGCATGTTACGCCA-1,Layer_2,2
TAGGCCTATATAGTCT-1,Layer_5,7
TAGGCTAAAGTGGCAC-1,Layer_5,7
TAGGGAGCTTGGGATG-1,Layer_3,2
TAGGGTGTTTCAAGAG-1,Layer_3,5
TAGGTCCAAGTAAGGA-1,Layer_4,1
TAGGTCGCCGGAACTG-1,Layer_2,2
TAGGTGACGATAACCT-1,Layer_5,7
TAGGTGAGCCCTACTC-1,Layer_3,1
TAGGTGCTCGCCTAGC-1,Layer_3,5
TAGGTGTTCCACAGAT-1,Layer_6,7
TAGGTTCGAGTTCGTC-1,Layer_3,5
TAGGTTCTGCTGAGAA-1,WM,6
TAGTACCTTAGTGGTC-1,Layer_3,5
TAGTAGCTTATACCAG-1,WM,6
TAGTCCCGGAGACCAC-1,WM,4
TAGTCCGCAGAGAATG-1,Layer_4,1
TAGTCCGTATGCATAA-1,Layer_3,5
TAGTCGATCACGGGTT-1,Layer_3,5
TAGTCGGGATTCTTCG-1,Layer_3,1
TAGTCTAACAACGAGA-1,Layer_5,7
TAGTCTGCGGCACATT-1,WM,4
TAGTCTGTGACGTTGC-1,Layer_1,3
TAGTCTTTCCGAATTG-1,Layer_3,1
TAGTGAGAAGTGGTTG-1,Layer_1,3
TAGTGCCCTCCAGAGT-1,Layer_3,1
TAGTGCTTGAATCCTT-1,Layer_3,1
TAGTGGAACTCATACA-1,Layer_1,3
TAGTGTCAGAAACGGC-1,Layer_3,5
TAGTTAAGATAGGATA-1,Layer_1,3
TAGTTTATTCTTGCTT-1,Layer_2,2
TATAAATCCACAAGCT-1,Layer_3,5
TATAAGTGAGGATAGC-1,Layer_3,5
TATACACAGACGCCTT-1,Layer_5,7
TATACACGCAAAGTAT-1,Layer_3,5
TATACGCGTCATCACT-1,Layer_6,7
TATACTCATGCGGCAA-1,Layer_3,5
TATAGAGTCGCTTGAA-1,WM,4
TATAGATGGTCGCAGT-1,Layer_3,5
TATAGCGCACGTTATC-1,Layer_6,6
TATAGGGTACTCATGA-1,Layer_5,7
TATATAGGGCTTTACG-1,WM,4
TATATATCGAGAAATG-1,WM,4
TATATCAAAGTGATCT-1,WM,4
TATATCATTGATCAGT-1,Layer_5,7
TATATCCCTGGGAGGA-1,Layer_3,2
TATATGCTGGGTTGCC-1,Layer_4,1
TATATTACAAATGTCG-1,Layer_1,3
TATATTCGCGTCGATA-1,Layer_1,3
TATCAAAGGTCTGTAA-1,Layer_5,1
TATCACAGCACGGGCA-1,Layer_1,3
TATCACCATGTAAAGT-1,Layer_1,3
TATCACCCAACCGACC-1,Layer_1,3
TATCACTTCGAGTAAC-1,Layer_1,3
TATCCAATTGGTTATC-1,Layer_5,7
TATCCATATCATGCGA-1,Layer_3,2
TATCCCTCGATCTGCA-1,Layer_6,7
TATCCGCACCGTCGGG-1,Layer_6,7
TATCCTATCAACTGGT-1,WM,4
TATCCTGCATGGGAAT-1,Layer_2,2
TATCGATCTATGCATA-1,Layer_1,3
TATCGATGATTAAACG-1,Layer_3,5
TATCTACAGAGGTAAT-1,Layer_4,1
TATCTACCACAGCGGG-1,Layer_4,1
TATCTAGCCTAAAGGA-1,Layer_5,7
TATGAAGAATTAAGGT-1,Layer_5,7
TATGAAGACAGGTGCG-1,Layer_4,1
TATGATAAATCTAACG-1,Layer_1,3
TATGATCCGGCACGCC-1,Layer_1,3
TATGATCTTCTCTTTA-1,Layer_5,7
TATGATTCTGCTTGGT-1,Layer_2,2
TATGCTCCCTACTTAC-1,Layer_3,5
TATGGAGTTTCTCGTT-1,Layer_2,2
TATGGATGTGCTACGC-1,Layer_3,5
TATGGCAGACTTTCGA-1,Layer_1,3
TATGGCCCGGCCTCGC-1,Layer_4,1
TATGGGACCGAGCAGG-1,Layer_3,1
TATGGGTACGTATCGT-1,Layer_3,5
TATGGTCTGAGTAACA-1,Layer_3,1
TATGGTTAGTGGGAGA-1,Layer_3,5
TATGTAAAGTGCTTAA-1,WM,4
TATGTCAAGACCGACT-1,Layer_1,3
TATGTCTCATTGTGCC-1,Layer_3,5
TATTAACCTGACCGCG-1,Layer_6,7
TATTACCATCCTGCTT-1,Layer_3,2
TATTATGTTTGCCTGC-1,WM,4
TATTCAATTCTAATCC-1,Layer_3,5
TATTCCACTCAGCTCG-1,Layer_5,7
TATTCCGAGCTGTTAT-1,Layer_5,1
TATTCCGGCAGTCCTA-1,Layer_1,3
TATTCCTCCGCCCACT-1,Layer_6,7
TATTCGTGCCAGAATA-1,Layer_3,5
TATTGACATTTCTGCC-1,Layer_1,2
TATTGCCGGGCTTGTA-1,Layer_5,7
TATTTAGTCTAGATCG-1,Layer_3,2
TATTTATACCGAGTAG-1,Layer_1,3
TATTTGATTTGCACAG-1,Layer_3,1
TATTTGTTACCCTTTA-1,Layer_3,5
TCAAACAACCGCGTCG-1,Layer_3,5
TCAAACAATTAGGACA-1,Layer_3,5
TCAAACTTAGATTGTT-1,Layer_3,5
TCAAATTGTTGTGCCG-1,Layer_6,7
TCAAATTTGAGACTCA-1,Layer_6,7
TCAACAAAGATAATTC-1,Layer_6,7
TCAACACATTGGGTAA-1,Layer_3,2
TCAACATAGCGCCCTA-1,Layer_6,7
TCAACATCGACCGAGA-1,Layer_6,6
TCAACCATGTTCGGGC-1,Layer_3,5
TCAACGAGGAGACAAA-1,Layer_4,1
TCAACGCAGGAAATAA-1,Layer_6,7
TCAACGCGACCGGCAG-1,Layer_5,7
TCAACTAACGTATAAC-1,Layer_5,1
TCAACTGCAGAGTCAG-1,Layer_4,1
TCAAGAAATACTAGCT-1,Layer_2,2
TCAAGCGCGGACGGTA-1,Layer_4,1
TCAAGGTTACTACACC-1,Layer_3,5
TCAATACAATTGCTGC-1,Layer_5,7
TCAATACGCCGTCATG-1,Layer_6,7
TCACAAACCGAGGTAC-1,Layer_5,7
TCACAGATCCTCAAAC-1,Layer_3,5
TCACAGCAAACTCGAA-1,Layer_5,7
TCACAGGAGAATAAGA-1,Layer_6,7
TCACAGGGAATCGCAA-1,Layer_4,1
TCACAGGTTATTGGGC-1,Layer_3,1
TCACATCTTATCTGAT-1,Layer_4,1
TCACCCTCTTAAGATT-1,Layer_5,1
TCACCGCTCGGCACTC-1,Layer_3,2
TCACGATGTCCGTGGA-1,Layer_6,7
TCACGCATTGTAGATC-1,Layer_3,1
TCACGGTCATCGCACA-1,Layer_3,5
TCACGTGCCCGATTCA-1,Layer_3,1
TCACTACGACCAATGC-1,Layer_1,3
TCACTATCCCTTCGGT-1,Layer_6,7
TCACTATCGTGCAATC-1,Layer_1,3
TCACTCAGCGCATTAG-1,Layer_1,3
TCACTCGTGCAACGGC-1,Layer_1,3
TCACTCTTCGTCTGTC-1,Layer_3,6
TCAGAACCTCCACAGG-1,Layer_2,3
TCAGAACGGCGGTAAT-1,Layer_6,6
TCAGACGCTATAGAAG-1,Layer_4,1
TCAGAGGACGCGTTAG-1,Layer_6,7
TCAGATGGAGACGTAG-1,Layer_2,3
TCAGCAAATGCATCTC-1,Layer_3,5
TCAGCAGTAGGCCCTG-1,WM,4
TCAGCCAATCCGTAAA-1,Layer_5,7
TCAGCGCACGCCGTTT-1,Layer_6,7
TCAGGGCGACTTCCTT-1,Layer_5,1
TCAGGGCGCAAACTCG-1,Layer_3,1
TCAGGGTGCACGAAAC-1,Layer_1,3
TCAGGGTGTAACGTAA-1,Layer_3,5
TCAGGTTCTTTGAGAA-1,Layer_3,1
TCAGTACTGACCCGCG-1,Layer_3,1
TCAGTAGGGACTATAA-1,Layer_5,7
TCAGTGTATACGTCAT-1,WM,6
TCAGTTACGGAATGAT-1,Layer_1,3
TCATACTTACAGATCC-1,Layer_3,5
TCATATGAGCTTTGTT-1,Layer_6,7
TCATCACTCGAGCTCG-1,Layer_3,5
TCATCCCAGAGGGTGG-1,Layer_1,3
TCATCCTCAGCTGCTT-1,Layer_6,7
TCATCGACGACCGTCG-1,Layer_6,7
TCATCGATGGTCCCAA-1,WM,6
TCATGCAGGTTCTCAT-1,Layer_1,3
TCATTCGTATAATTTG-1,Layer_2,2
TCATTTAAGTCTCCGA-1,Layer_3,2
TCATTTAGAAGTGTGA-1,Layer_4,1
TCCAACTCAGCTATCT-1,Layer_6,7
TCCAACTTTAAATTCT-1,Layer_5,7
TCCAAGCCTAGACACA-1,Layer_6,7
TCCAATAAAGGCTACC-1,WM,7
TCCACAATGGTTTACG-1,Layer_3,1
TCCACATCGTATATTG-1,WM,4
TCCACCAAGACATAGG-1,Layer_6,7
TCCACCTCTAGCCTTT-1,Layer_6,7
TCCACTTTATCTAGGT-1,Layer_3,5
TCCAGAGCACCGGTTC-1,Layer_3,1
TCCAGATGTACGCCAA-1,Layer_1,3
TCCAGCGCTATAAGCG-1,Layer_3,1
TCCAGGCAGGACGATC-1,WM,4
TCCAGGCGAGTACGGT-1,Layer_3,5
TCCAGGGTATATACGA-1,Layer_6,7
TCCATTAGTTGGATAG-1,Layer_2,2
TCCATTCCCACTAGAG-1,Layer_1,3
TCCATTGTGACCTCGT-1,Layer_1,3
TCCCAAACAGACAACG-1,Layer_1,3
TCCCAAAGACGAAGGA-1,Layer_3,5
TCCCAAAGCCCTAAAT-1,Layer_3,5
TCCCACGGAGGGAGCT-1,Layer_1,3
TCCCACTCTCTTCCGG-1,Layer_2,2
TCCCAGCTTTAGTCTG-1,Layer_3,1
TCCCAGGCTTAGCTAA-1,Layer_3,5
TCCCGCGTACTCCTGG-1,Layer_3,5
TCCCGGGTGTGCTGCT-1,Layer_4,1
TCCCGGTCAGGAATTT-1,Layer_2,2
TCCCGTCAGTCCCGCA-1,Layer_3,2
TCCCGTCGCGTCATAG-1,Layer_1,3
TCCCGTGTGCAATTTG-1,Layer_3,5
TCCCTAGATCAATAGG-1,Layer_1,3
TCCCTCCGAAATCGTT-1,Layer_1,3
TCCCTCTTCTCAAGGG-1,Layer_5,7
TCCCTGGCGTATTAAC-1,WM,4
TCCCTGGCTCGCTGGA-1,Layer_4,7
TCCCTTAGATTACTCG-1,Layer_1,3
TCCCTTGTCTGAAACT-1,Layer_5,7
TCCGAACTTGGCTTAC-1,Layer_5,7
TCCGAAGTAGTCACCA-1,Layer_1,3
TCCGAATGGTCCTGAG-1,Layer_1,3
TCCGACCGCTAATCAA-1,WM,4
TCCGAGAAGGCTAAGC-1,Layer_1,3
TCCGATAATTGCCATA-1,Layer_2,2
TCCGATGACTGAGCTC-1,Layer_2,2
TCCGATGGTGCGACAT-1,Layer_3,5
TCCGATTACATTGCCG-1,Layer_4,1
TCCGCAGCCACCTAGC-1,Layer_3,1
TCCGCCTGTCTACAAG-1,Layer_5,7
TCCGCGGCAGCATCTG-1,Layer_3,5
TCCGCGGCCCAATGAA-1,Layer_4,1
TCCGCTGTCATCCCGG-1,Layer_4,1
TCCGCTTATCCCATTA-1,Layer_5,1
TCCGGAGGAAGGGCTG-1,Layer_1,3
TCCGGCCTAGCGTACA-1,Layer_2,2
TCCGGCCTGCATCGAT-1,Layer_1,3
TCCGGGCTTGACGGGA-1,Layer_5,7
TCCGGTTCGTCCGGTC-1,Layer_5,7
TCCGTAACCACAATCC-1,Layer_3,5
TCCGTTAAGCTAATAT-1,Layer_4,1
TCCGTTTAGCCTTGAA-1,Layer_3,2
TCCTAAAGATTCAGAC-1,Layer_6,7
TCCTAAATTGGGAAGC-1,Layer_5,7
TCCTAACCGTCGGGCA-1,WM,4
TCCTACATCCACGGCC-1,Layer_3,1
TCCTAGCAAAGAAGCT-1,Layer_5,7
TCCTCCTAAGACATTC-1,Layer_6,7
TCCTCGGGCTGGGCTT-1,Layer_3,5
TCCTCTACGAGATGGC-1,Layer_3,1
TCCTCTCCAGTTGTCC-1,Layer_4,1
TCCTCTGGCCCATTAG-1,Layer_1,3
TCCTGCCAACTGGAGA-1,Layer_1,3
TCCTGCGTTGATACTC-1,Layer_5,7
TCCTGGCGCTGCCTGG-1,Layer_1,3
TCCTTACGACGGTCCG-1,Layer_3,1
TCCTTCAATCCCTACG-1,Layer_6,7
TCCTTCAGTGGTCGAA-1,Layer_1,3
TCCTTGTCCTTTAATT-1,Layer_6,6
TCCTTTAAATCCGCTT-1,Layer_5,1
TCCTTTCTTACGCTTA-1,Layer_3,5
TCGAAATTTAGGACCA-1,Layer_3,5
TCGAAGAACCGAGCAC-1,Layer_3,5
TCGAATATCCCGCAGG-1,WM,6
TCGAGACCAACACCGT-1,Layer_4,1
TCGAGCCAGGCAGGCC-1,WM,6
TCGATAGGCTAGTCGC-1,Layer_1,2
TCGATTTACGAAACGA-1,WM,7
TCGCAAAGATGCATTT-1,Layer_4,1
TCGCACCAGGAGGCAG-1,Layer_4,1
TCGCACTAACGTTTGT-1,Layer_3,1
TCGCATAAAGGGCGCA-1,Layer_5,7
TCGCATCCCTAAGTGT-1,Layer_3,5
TCGCATTCAATGACTT-1,Layer_3,2
TCGCCCAACTGACTCC-1,Layer_1,3
TCGCCCACTGCGAGAG-1,Layer_5,7
TCGCCGAAGTTGCGTC-1,Layer_5,7
TCGCCGACATATTCGC-1,Layer_6,7
TCGCCGCACCGCGTGA-1,Layer_6,6
TCGCCGGATGGGCAAG-1,Layer_5,7
TCGCCGGTCGATCCGT-1,Layer_3,5
TCGCCTCCTTCGGCTC-1,Layer_6,7
TCGCCTCGACCTGTTG-1,Layer_3,2
TCGCGTAGCAGTGTCC-1,Layer_5,1
TCGCGTCCAGAAGGTC-1,Layer_4,1
TCGCTAAACCGCTATC-1,Layer_1,3
TCGCTACTGGCTTTGA-1,Layer_6,7
TCGCTCGATATATTCC-1,Layer_3,5
TCGCTCGGCACCAGCG-1,Layer_1,3
TCGCTGCCAATGCTGT-1,Layer_6,7
TCGCTGGGCGGATTGT-1,Layer_3,5
TCGCTGTGCGTAAATC-1,Layer_3,5
TCGCTTAATTACGAAG-1,Layer_1,3
TCGCTTTAAACGTTTG-1,Layer_2,2
TCGGAATGACCATCAA-1,Layer_1,3
TCGGAATGCGCTCTGA-1,Layer_4,1
TCGGACGCCCAGCCCA-1,Layer_3,5
TCGGAGAGTATCGGGA-1,Layer_6,7
TCGGAGTACATGAGTA-1,Layer_3,5
TCGGCGAACCCAAACC-1,Layer_3,5
TCGGCGGTATTAGATT-1,Layer_3,5
TCGGCGTACTGCACAA-1,WM,6
TCGGCTAACTTCCCTT-1,Layer_1,3
TCGGCTTGTATCGACG-1,Layer_5,1
TCGGGAACGTGCCTAG-1,Layer_1,3
TCGGGAGACAGCGTAC-1,Layer_5,7
TCGGGATTCAAACATA-1,Layer_5,7
TCGGGCACTTCTGGAT-1,Layer_1,3
TCGGGCCGTCGTGGTA-1,Layer_3,5
TCGGGTGAAACTGCTA-1,Layer_1,3
TCGGTCCCGACAATAG-1,WM,4
TCGGTCCCTGACTCCA-1,Layer_1,3
TCGGTGACCGCTCCGG-1,Layer_1,3
TCGGTTAGCCATGTAG-1,Layer_1,3
TCGTAACTCCCAAGAC-1,Layer_5,7
TCGTAAGACGACATTG-1,Layer_3,5
TCGTAAGCTCCGAGGA-1,Layer_1,3
TCGTACCGACGTCAAG-1,WM,4
TCGTATAGTGCAATTA-1,Layer_1,2
TCGTATCACCAAGCTA-1,Layer_3,5
TCGTATTACCCATTGC-1,Layer_5,7
TCGTATTTCGTCCGGA-1,Layer_1,3
TCGTCAAGTACGCGCA-1,Layer_6,7
TCGTCACACTGTTAGC-1,Layer_4,1
TCGTCCGCTGGCGTCT-1,Layer_3,5
TCGTCCGGGTACACTC-1,Layer_2,2
TCGTCTTAGGCGTTAA-1,Layer_5,1
TCGTGTACTATGGATG-1,Layer_4,1
TCGTGTATTGGTCACG-1,Layer_3,1
TCGTGTCACGCTGACA-1,Layer_5,7
TCGTGTTCGACCACAA-1,Layer_4,1
TCGTTAGGAGTCCCTA-1,Layer_5,7
TCGTTCGTTATTATGT-1,Layer_1,3
TCGTTGACAGGGTCCC-1,Layer_5,7
TCGTTGCTATCCGGTC-1,Layer_6,7
TCGTTGGCTCGTCAAT-1,Layer_3,2
TCGTTTACGCGACCCT-1,Layer_6,7
TCTAACTGTATGTAAA-1,Layer_5,1
TCTAATACTGCCTCAG-1,WM,4
TCTACACGTTCATGCA-1,Layer_1,3
TCTACCCAATAGAGAG-1,Layer_4,1
TCTACCGTCCACAAGC-1,Layer_3,5
TCTACGGGCTCAGTTG-1,Layer_1,3
TCTAGCAATCTCCGCC-1,Layer_5,7
TCTAGCATCTTCGATG-1,Layer_3,5
TCTAGCATGCCCAGAA-1,Layer_5,1
TCTAGGTGGCGACGCT-1,Layer_2,2
TCTAGTGATATCGTGG-1,Layer_3,5
TCTAGTTATCAGAAGA-1,Layer_3,1
TCTATAGGTGGGTAAT-1,Layer_5,7
TCTATCATGCAGTTAC-1,Layer_3,5
TCTATCCGATTGCACA-1,Layer_6,7
TCTATCGGTCGCAACA-1,Layer_3,2
TCTATGCTATAACGAC-1,Layer_5,7
TCTATTACGCTGGCGA-1,Layer_3,5
TCTATTACTAGAGGAT-1,Layer_5,7
TCTCAAATCAATCGGG-1,Layer_6,7
TCTCATGAGATAGGGT-1,Layer_4,1
TCTCCAACGTAGGTTA-1,Layer_2,2
TCTCCACAAGTTGAAT-1,Layer_5,7
TCTCCCTGGGCAGCGT-1,Layer_5,7
TCTCGAACGAGGTCAC-1,Layer_1,3
TCTCGACGTATCGCCG-1,Layer_3,5
TCTCGAGGAGGTTCGC-1,Layer_3,1
TCTCGGCTCCAGGACT-1,Layer_3,5
TCTCGTGTTACGAGGA-1,Layer_6,6
TCTCTAATAGCTGGTA-1,Layer_3,5
TCTCTCGCCGCACATA-1,Layer_4,1
TCTCTTACCGCGAACC-1,WM,4
TCTGAACCGGTCGGCT-1,Layer_3,5
TCTGAACTCGTACCCG-1,Layer_3,5
TCTGAAGCACGTGGTC-1,Layer_5,7
TCTGAATTCCGTACAA-1,Layer_3,2
TCTGACTGTAATGGTT-1,Layer_3,5
TCTGAGCAATTGACTG-1,Layer_3,1
TCTGATCGGGTGCTAG-1,Layer_1,2
TCTGATGTATTCTGTC-1,Layer_4,1
TCTGCAGATTCGAGTC-1,Layer_5,1
TCTGCATACCTTGCTT-1,Layer_5,7
TCTGCCAGAAACTGCA-1,Layer_3,5
TCTGCGAATCGTTCGC-1,Layer_1,3
TCTGCGTCCGGTTTCT-1,Layer_3,5
TCTGGCGCAAGCCGGG-1,Layer_5,7
TCTGGGAACCTTTGAA-1,Layer_3,5
TCTGGGTAGCGCTCAT-1,Layer_5,7
TCTGTCATACAAGAGC-1,Layer_2,2
TCTGTGACTGACCGTT-1,Layer_2,2
TCTGTGATGGAGGTTG-1,Layer_2,2
TCTGTGCCATCATAGT-1,Layer_3,5
TCTGTGGCTACATTTC-1,Layer_1,3
TCTGTTACCCAGCATA-1,Layer_6,7
TCTTAACTCGGATGTA-1,Layer_3,1
TCTTACAGAGGTACCG-1,Layer_3,5
TCTTACCGGAACTCGT-1,Layer_1,3
TCTTACGGCATCCGAC-1,Layer_3,1
TCTTACTTATGCCTCT-1,Layer_3,5
TCTTAGAGCTCCAATT-1,Layer_3,5
TCTTAGAGTGAACTCT-1,Layer_3,5
TCTTATGGGTAGTACC-1,Layer_1,3
TCTTCCCATGGGCACA-1,Layer_3,2
TCTTCGAATAGACGTT-1,Layer_3,5
TCTTCGATACCAATAA-1,Layer_3,5
TCTTCGCGGTGAGAGG-1,Layer_4,7
TCTTCTATAACCCGCC-1,Layer_3,5
TCTTGATGCGTAGCGA-1,Layer_3,5
TCTTGCTCCCGATACT-1,Layer_6,7
TCTTGGTAACACCAAA-1,Layer_3,2
TCTTTAAGACTATGAA-1,Layer_3,2
TCTTTAGAGTCTAACA-1,Layer_3,5
TCTTTAGCAGGCGAAC-1,Layer_1,2
TCTTTCTCTTAAGGAG-1,Layer_1,3
TGAAACCTCAACTCAC-1,Layer_1,3
TGAAACTTATGCAAGC-1,Layer_1,3
TGAAAGGACCTGACTC-1,Layer_3,5
TGAACAAGCAGGGACT-1,WM,4
TGAACACCCGAAGCAG-1,Layer_2,2
TGAACTGCTATGACTT-1,Layer_6,7
TGAAGAGCGGTCCTAG-1,Layer_3,1
TGAAGTAGCTTACGGA-1,Layer_3,1
TGAATACCGACGCGTA-1,Layer_6,7
TGAATATGCTATAAAC-1,Layer_1,3
TGAATGAGATACAGCA-1,Layer_1,3
TGAATGAGTGTTTCCC-1,WM,4
TGAATGTCAGCCGGCC-1,Layer_3,5
TGAATTTCACTTGCCT-1,Layer_6,7
TGACACTTCTCTTTGC-1,Layer_1,3
TGACATATATGACGAT-1,Layer_6,7
TGACATCGAGCGGACC-1,Layer_3,2
TGACATGTAACGTGAC-1,WM,4
TGACCAAATCTTAAAC-1,Layer_6,6
TGACCAGCTTCAAAGT-1,Layer_1,3
TGACCCAACTCACATT-1,Layer_1,3
TGACCCACGTTAGACA-1,Layer_3,1
TGACCCAGCATTCCCG-1,Layer_2,2
TGACGAATATTTCCCT-1,Layer_6,7
TGACGATGCACTAGAA-1,Layer_3,2
TGACTATAATCCTTTC-1,Layer_4,1
TGAGAATGCTTTACCG-1,Layer_3,2
TGAGACGTACCTCTCA-1,Layer_6,7
TGAGAGATTTACCACG-1,Layer_3,5
TGAGATCAAATACTCA-1,Layer_1,3
TGAGATTAGGCCCTAA-1,Layer_1,3
TGAGCAGTCGTGAAGT-1,Layer_1,3
TGAGCCATACAGTCTC-1,Layer_5,7
TGAGCGGAAAGTGTTC-1,Layer_5,7
TGAGCTTTAATGACGC-1,Layer_1,3
TGAGGAGTGCCAGCTT-1,Layer_6,7
TGAGGTGTGTGGCGGA-1,WM,4
TGAGGTTGATCCCAAG-1,Layer_1,3
TGAGTAAATTAGCGTA-1,Layer_5,1
TGAGTGCCTCTTAAAT-1,Layer_5,7
TGAGTGGTCCGTGACG-1,Layer_3,5
TGAGTGTAACAACGGG-1,Layer_6,7
TGAGTTAAAGACATTC-1,Layer_3,5
TGATACATTTAGCCGT-1,Layer_6,7
TGATAGCGGGATTCTA-1,Layer_5,1
TGATCACCACACTGAC-1,WM,4
TGATCAGGGAACTGCT-1,Layer_5,7
TGATCCCAGCATTAGT-1,Layer_1,3
TGATCGGTTTGACCCT-1,Layer_3,5
TGATCTACGCTGATCT-1,Layer_1,3
TGATCTATCACACTCT-1,Layer_6,7
TGATCTCCGGCGCCAG-1,Layer_3,5
TGATGCTCACGTAGTC-1,Layer_3,5
TGATGGCTGTTTCTGA-1,Layer_1,3
TGATGTCAATTAAGTG-1,Layer_5,1
TGATTATGGCACGCAG-1,Layer_1,3
TGATTCAGGTCCCGCG-1,Layer_6,6
TGATTCCCGGTTACCT-1,WM,4
TGATTCGTCTATCACT-1,Layer_3,1
TGATTCTGTCGCCGGT-1,Layer_5,7
TGATTTATTAGCTGTG-1,Layer_5,7
TGATTTCCTCCTGACG-1,Layer_3,5
TGCAAACCCACATCAA-1,Layer_1,3
TGCAAAGTTCGTCTGT-1,WM,4
TGCAACCCATCTGCGG-1,Layer_5,7
TGCAACTACTGGTTGA-1,Layer_6,7
TGCAAGAATGACGTAA-1,Layer_3,5
TGCAATCTAACACGGT-1,Layer_5,7
TGCAATTTGGGCACGG-1,Layer_1,3
TGCACAGTGAAGTTAT-1,Layer_1,3
TGCACGAGTCGGCAGC-1,Layer_1,3
TGCACTATGTGAGTGC-1,Layer_3,5
TGCAGAACTATATCGT-1,Layer_5,7
TGCAGAGTACCGAGCA-1,Layer_4,1
TGCAGATCGTCCTAGG-1,Layer_5,7
TGCAGCTACGTACTTC-1,Layer_6,7
TGCAGGATCGGCAAAG-1,Layer_3,2
TGCAGTGAGGCTCGGG-1,Layer_1,3
TGCAGTTTCCTCCCAT-1,Layer_3,5
TGCATATGTCTGTCAC-1,Layer_3,5
TGCATCTCCGGATCTT-1,Layer_3,2
TGCATGGATCGGATCT-1,Layer_2,2
TGCATGGCAGTCTTGC-1,Layer_3,5
TGCATGTGACCCATAG-1,WM,4
TGCATGTGGTAATCTA-1,Layer_3,5
TGCCAAAGTCAGACTT-1,Layer_6,7
TGCCAATGGGTACTCT-1,Layer_6,7
TGCCACACTAGAGGAA-1,Layer_6,7
TGCCACCTGGCGAAAC-1,Layer_2,2
TGCCAGTACGTGGAGA-1,Layer_5,1
TGCCATGGCTTATAAG-1,Layer_1,2
TGCCATTACTAAAGAA-1,Layer_1,3
TGCCCGATAGTTAGAA-1,Layer_6,6
TGCCCGTACCGTTAAA-1,Layer_4,1
TGCCGAAAGCGTATTC-1,Layer_1,3
TGCCGGATGTACGAGC-1,WM,4
TGCCGTGGATCGTCCT-1,Layer_5,7
TGCCGTGGGACCCAAT-1,WM,4
TGCCTAATTGAAGATT-1,Layer_4,1
TGCCTGACATCGGTCA-1,Layer_3,5
TGCCTGATCAAACGAT-1,Layer_2,2
TGCCTTGGCCAGGCAA-1,Layer_4,1
TGCGAATATGGGATTT-1,Layer_6,6
TGCGACACCCTAGTGC-1,Layer_5,7
TGCGACGGCCGAACGT-1,WM,4
TGCGAGAATATTACCC-1,Layer_6,7
TGCGAGATGGCGGCCA-1,Layer_1,3
TGCGAGCCCTTCCGCG-1,Layer_1,3
TGCGATGCTAATGGCT-1,Layer_3,1
TGCGCAAAGCATTTGG-1,Layer_3,5
TGCGCGATTAACGGAG-1,Layer_3,1
TGCGGACTTGACTCCG-1,Layer_6,6
TGCGGAGTAAAGGTGC-1,Layer_3,2
TGCGGCATAGTTCAAC-1,Layer_2,2
TGCGGGTATTGGGATC-1,Layer_1,3
TGCGGTCTACGAGTAA-1,Layer_2,2
TGCGGTGAAATTTCAT-1,Layer_1,3
TGCGTAAGAACCTGAT-1,Layer_5,7
TGCGTACGGCTAATTG-1,Layer_5,7
TGCGTCATGACTGAGC-1,WM,6
TGCGTGATTGGGTGTC-1,Layer_3,5
TGCGTTTGTTGACACT-1,Layer_3,5
TGCTAAGTGTCTATTT-1,Layer_4,1
TGCTATACAAACGGAC-1,Layer_1,3
TGCTCACACAACAACC-1,Layer_3,5
TGCTCCACAGTTCTTA-1,Layer_3,5
TGCTCGGCGAAACCCA-1,Layer_6,7
TGCTCGGTGGGTCACC-1,Layer_6,7
TGCTCTTGAGAGTTTG-1,Layer_6,7
TGCTGCGTCAGAGTTA-1,Layer_2,2
TGCTGGTTGGACAATT-1,Layer_3,5
TGCTGTTGAAGAACTC-1,Layer_3,1
TGCTTAGAGAGAATGC-1,WM,4
TGCTTCCCAAGCAGTA-1,Layer_6,7
TGCTTGAAACCATGCA-1,Layer_3,5
TGGAAACGGAGTGAAC-1,Layer_3,5
TGGAACCACTGACACA-1,Layer_1,3
TGGAAGAAGGGAACGT-1,Layer_5,7
TGGAAGACGAACACCA-1,Layer_3,5
TGGAAGGATAAAGATG-1,Layer_2,2
TGGAATATCCTTGACC-1,Layer_1,3
TGGAATTAGACGCTTT-1,Layer_4,1
TGGACACCGTTGCTTG-1,Layer_3,1
TGGACCAATCTAAGAT-1,Layer_5,7
TGGACCACGGCGTTGA-1,Layer_3,5
TGGACGCAATCCAGCC-1,WM,4
TGGACGTAGGCGAATC-1,Layer_3,5
TGGACTGTTCGCTCAA-1,Layer_3,5
TGGAGCTAAAGTTCCC-1,Layer_1,3
TGGAGGGAAACACCTC-1,Layer_1,3
TGGAGTGATGCGATGA-1,Layer_3,1
TGGATAGAGTAACAGA-1,Layer_3,5
TGGCAAACTAAATTAC-1,Layer_4,1
TGGCAACTCGCGCGCC-1,Layer_1,2
TGGCAAGCACAAGTCG-1,WM,6
TGGCAATGGGACGGCG-1,Layer_4,1
TGGCACGAGCTCGAGT-1,Layer_1,2
TGGCAGATTACGATCA-1,Layer_4,1
TGGCAGCAGTAATAGT-1,Layer_4,1
TGGCCAAACTGAAGTA-1,Layer_3,5
TGGCCAATTTGGTACT-1,WM,6
TGGCCGTATATTGACC-1,Layer_3,1
TGGCGACTGCTCCAAA-1,Layer_6,7
TGGCGATCAAGTTATG-1,Layer_5,7
TGGCGGTGTGCGATTG-1,Layer_2,2
TGGCTACACTCTACCT-1,Layer_5,7
TGGCTATGTGACATAC-1,Layer_5,7
TGGCTCTTGTCGCGTA-1,Layer_6,6
TGGCTTGTACAAGCTT-1,Layer_1,3
TGGCTTTGGGTAGACA-1,Layer_3,5
TGGGAAATGCCTTTCC-1,Layer_3,1
TGGGATGCACTCATTC-1,Layer_1,3
TGGGCAATAGTTGGGT-1,Layer_3,5
TGGGCACAAACAGAAC-1,Layer_2,2
TGGGCACGTTCTATGG-1,Layer_1,3
TGGGCAGGCCACCGCA-1,Layer_3,1
TGGGCCACAAGAGCGC-1,Layer_2,2
TGGGCCCATACTAATT-1,Layer_3,1
TGGGCCTTGCCTGCAT-1,Layer_3,5
TGGGCGATACAATAAG-1,WM,4
TGGGTAAGGTTCCCGC-1,Layer_1,3
TGGGTGCACAAGCCAT-1,Layer_6,7
TGGGTGGGATGTCATT-1,Layer_1,3
TGGGTGTAATAGATTT-1,Layer_6,7
TGGGTGTTAAGTAGAA-1,WM,6
TGGGTTCCCGGACGGA-1,Layer_4,6
TGGTAAGCAGGATTGA-1,Layer_6,7
TGGTAGAATATATGGG-1,Layer_3,5
TGGTATCGCATCCCAA-1,Layer_1,3
TGGTATCGGTCTGTAT-1,Layer_1,3
TGGTCCCACGCTACGG-1,Layer_5,1
TGGTCGTGCAAGGCAA-1,Layer_6,7
TGGTCGTTTGATAGAT-1,Layer_3,2
TGGTCTAGCTTACATG-1,Layer_4,6
TGGTCTGTTGGGCGTA-1,Layer_5,7
TGGTGATCGTATTTGT-1,Layer_4,1
TGGTTAAGGGCGCTGG-1,Layer_1,3
TGGTTATGCTTGCGGT-1,Layer_5,7
TGGTTCAACGGGTAAT-1,Layer_5,1
TGGTTCGTAGCAAAGG-1,Layer_3,5
TGGTTGGAGGATCCTG-1,Layer_1,3
TGGTTTAAACGTGGGT-1,Layer_1,3
TGTAACTTGTCAACCT-1,Layer_1,3
TGTAATGACCACAATA-1,Layer_5,7
TGTAATGCCTTCGGAC-1,Layer_2,2
TGTACCTACACGAGGG-1,Layer_5,7
TGTACGAACAAATCCG-1,Layer_4,1
TGTACGCTATCAGCTT-1,Layer_1,2
TGTACTACTCTCACGG-1,Layer_1,3
TGTACTGTGCCAAAGT-1,Layer_1,3
TGTAGCCAATTCCGTT-1,Layer_6,6
TGTAGCCATCCCATTC-1,Layer_5,7
TGTAGGAGAAATTTCC-1,Layer_3,2
TGTAGTGATCTATAAT-1,Layer_4,1
TGTATAACAGATCCTG-1,Layer_3,5
TGTATCAGACTGAAGC-1,Layer_1,3
TGTATCCTTATTCCAT-1,Layer_2,2
TGTATGGCGCAGACAG-1,Layer_3,5
TGTATTTACCTAATGC-1,Layer_1,3
TGTCATTTGTTGGGAA-1,Layer_1,3
TGTCCACGGCTCAACT-1,Layer_5,7
TGTCCCGACATAGCAC-1,Layer_1,3
TGTCCGTGGCGCCTTT-1,Layer_5,1
TGTCCTAAGTCACCGC-1,Layer_4,7
TGTCGGCATGGTGGAA-1,Layer_3,5
TGTCGTGGGTATAGGC-1,WM,7
TGTCTACAGTTTCTGT-1,Layer_2,2
TGTGACTACGCCAGTC-1,Layer_2,2
TGTGACTAGAGTTTGC-1,Layer_5,7
TGTGAGACTAGCCCAA-1,Layer_6,7
TGTGATTCCAGCGCTT-1,Layer_2,2
TGTGCCGGTGCCGGAA-1,Layer_4,1
TGTGCTTTACGTAAGA-1,Layer_5,7
TGTGGAGGAAGCTTAA-1,Layer_1,3
TGTGGCAAAGCGTATG-1,Layer_3,2
TGTGGCGGGCTTCTGG-1,WM,6
TGTGGCTCCCACCAAC-1,Layer_3,5
TGTGGTTGCTAAAGCT-1,WM,4
TGTGTAGTAGCACGTG-1,Layer_4,1
TGTGTCGCGAGTTGCA-1,Layer_3,5
TGTGTTCGTATCCAAG-1,Layer_4,1
TGTTATTGTATGTGGC-1,Layer_3,5
TGTTCATAAATGTGCT-1,Layer_5,1
TGTTCCGCTTCCATGA-1,Layer_4,1
TGTTCCGGCCTGAGCT-1,WM,4
TGTTCGTATTGCGGTG-1,Layer_5,7
TGTTCTCTACTCCCTA-1,Layer_1,3
TGTTCTTCCATTGACT-1,Layer_4,1
TGTTGATCACTGTTTA-1,Layer_3,5
TGTTGTCAAGAAGTCT-1,Layer_2,2
TGTTTAATACTTCATC-1,Layer_1,3
TGTTTCGGTACTTCTC-1,Layer_3,2
TGTTTGAGATCGTCAG-1,Layer_3,5
TTAAACAGAGTCCCGC-1,Layer_3,2
TTAAACCGGTAGCGAC-1,Layer_1,3
TTAAACCTGGTTCCTT-1,Layer_4,1
TTAAACTCGAATTCAT-1,Layer_3,2
TTAAAGTAAGTCGCCA-1,Layer_6,7
TTAACACCTCGAACAT-1,Layer_3,1
TTAACCAACCCTCCCT-1,Layer_3,2
TTAACGAACAAGCAGT-1,Layer_1,3
TTAACGTCGCAAGACC-1,Layer_1,2
TTAACGTTAAAGCCTG-1,Layer_5,7
TTAACTCACGCGTGGA-1,Layer_4,1
TTAACTTCAGGTAGGA-1,Layer_6,7
TTAAGACGAACGAACC-1,Layer_1,3
TTAAGATAGGATTGAC-1,Layer_3,5
TTAAGCCGACAACTTC-1,Layer_1,3
TTAAGCGCCTGACCCA-1,Layer_3,1
TTAAGGATACGGAGGT-1,Layer_2,2
TTAAGGCCCGTACTTT-1,WM,4
TTAAGTATTGTTATCC-1,Layer_5,7
TTAATCAGTACGTCAG-1,Layer_1,3
TTAATGCGAGGTAACT-1,Layer_1,3
TTAATGTAGACCAGGT-1,Layer_3,5
TTAATGTGTTTGCAGG-1,Layer_3,1
TTAATTGCTTTGGGTG-1,Layer_6,7
TTAATTTCAGACGCGG-1,Layer_2,2
TTACAACTACGCATCC-1,Layer_3,5
TTACACGATCTGCGAC-1,Layer_5,7
TTACAGACCTAAATGA-1,Layer_1,3
TTACATCGTGGCCTGG-1,Layer_3,5
TTACATGCCACAACTA-1,Layer_3,5
TTACCATTGATTACCC-1,Layer_4,7
TTACCCATTGCCGGGT-1,Layer_1,3
TTACCCTAACAGTCCT-1,Layer_3,1
TTACCCTAGGGATTGG-1,Layer_6,7
TTACCGCCTTAGGGAA-1,Layer_3,5
TTACGGATGGTTCGAG-1,Layer_3,2
TTACGGTGTCACCGAG-1,Layer_1,3
TTACGTAGCGCGTGCT-1,Layer_2,2
TTACGTATCTATGACA-1,Layer_5,7
TTACTAAAGGACTTTA-1,Layer_4,1
TTACTATCGGCTTCTC-1,Layer_5,7
TTACTCCGGCCGGGAA-1,Layer_3,5
TTACTCTGGTACGTAC-1,Layer_5,7
TTACTGGGATATTTCA-1,Layer_5,1
TTACTGTCTAGAGCTC-1,Layer_1,3
TTACTGTTTCTCTACG-1,Layer_1,3
TTAGAAGAACATGACT-1,Layer_5,7
TTAGAATAAGGGTCGG-1,WM,6
TTAGACACGATCGTTG-1,Layer_1,3
TTAGACGAGTCACCTC-1,Layer_4,1
TTAGAGTTTAGAAGGA-1,Layer_3,1
TTAGATAGGTCGATAC-1,Layer_3,5
TTAGCAACATGGATGT-1,Layer_3,5
TTAGCTAATACGATCT-1,Layer_1,3
TTAGCTCTGTAATCCG-1,Layer_5,7
TTAGCTGATTTGCCGT-1,Layer_3,2
TTAGGTCATAACCGAC-1,WM,6
TTAGTAAACCTGCTCT-1,Layer_5,7
TTAGTAGGGCGGCGGG-1,Layer_5,7
TTAGTTATTCGTGGCA-1,Layer_3,1
TTAGTTCAAGTGTTCG-1,Layer_1,3
TTATAGATGCACATTA-1,Layer_1,3
TTATAGGTAATTGTCT-1,Layer_6,7
TTATAGTCCAAGGTGC-1,Layer_2,2
TTATATACGCTGTCAC-1,Layer_3,5
TTATATTTGGCAATCC-1,Layer_3,5
TTATCATACTCGCAAA-1,Layer_1,3
TTATCCAATCGAACTC-1,Layer_3,5
TTATCCGGGATCTATA-1,Layer_4,1
TTATCCTCAAGGAATA-1,WM,4
TTATCGCCTGCGAAGC-1,Layer_4,1
TTATCTGACATTAGGA-1,Layer_6,6
TTATCTGTATCATAAC-1,Layer_3,5
TTATGAATGAAAGGGA-1,Layer_4,1
TTATGACAAACTGGAT-1,Layer_3,1
TTATGATCTTAACGAA-1,Layer_3,5
TTATGCGTCCCGGTCC-1,Layer_1,3
TTATGTTTGCGATAGA-1,Layer_4,1
TTATTAGAGCGTGTTC-1,Layer_4,1
TTATTAGGGAAGCATC-1,Layer_2,2
TTATTTCATCCCAAAC-1,Layer_1,2
TTCAAAGTCTCTAGCC-1,Layer_3,5
TTCAACGACCCGACCG-1,Layer_3,5
TTCAAGCCGAGCTGAG-1,Layer_1,3
TTCAATACTCTGAATC-1,Layer_3,5
TTCAATTAGCCATAAT-1,Layer_1,3
TTCACGAAAGGATCAC-1,Layer_4,1
TTCACTCGAGCACCTA-1,Layer_5,7
TTCACTTCCTAGAACG-1,WM,4
TTCAGAGTAACCTGAC-1,Layer_3,5
TTCAGCCCTGGTCCAC-1,Layer_4,1
TTCAGCTGGCGTGCCC-1,Layer_4,1
TTCAGGCGTCAAAGCC-1,Layer_5,7
TTCAGTTCAAGAGGAG-1,WM,4
TTCAGTTTGTGGCAGC-1,Layer_5,7
TTCATAGCCTTGTAAC-1,Layer_3,5
TTCATAGGGTGTCCAT-1,Layer_3,1
TTCATGGCGCAACAGG-1,Layer_2,2
TTCCAATCAGAGCTAG-1,Layer_1,3
TTCCAATCTGGCTATC-1,Layer_5,7
TTCCACACAGATTTGA-1,Layer_5,7
TTCCACATTTCTCGTC-1,Layer_1,3
TTCCAGACGAGATTTA-1,Layer_3,5
TTCCATCATGCGGTGA-1,Layer_1,3
TTCCATCGACAGCGTG-1,Layer_5,1
TTCCCGACGCTTCACT-1,Layer_1,2
TTCCCGGCGCCAATAG-1,Layer_6,6
TTCCGCAGAGAAATAT-1,Layer_1,3
TTCCGCGTGAGGCGAT-1,Layer_4,1
TTCCGGCCTTGAGGCT-1,Layer_6,7
TTCCGGCTCGACTTCT-1,Layer_1,3
TTCCGGTATCTGTGTC-1,Layer_3,5
TTCCGGTTACCCACTT-1,Layer_3,5
TTCCTCGAGGGTGTCT-1,Layer_3,5
TTCCTCGGACTAACCA-1,Layer_4,1
TTCCTCTGCCCGAATA-1,Layer_5,7
TTCCTTTCTGTGTTGC-1,Layer_3,5
TTCGACAGAGCCCGTG-1,Layer_5,7
TTCGACGGGAAGGGCG-1,Layer_3,5
TTCGAGCCGGCGCTAC-1,Layer_2,2
TTCGCACTCGCGTGCT-1,Layer_3,5
TTCGCACTGTACGACA-1,Layer_6,7
TTCGCATCCGGAAGCA-1,Layer_3,5
TTCGCGCGCCATACGA-1,Layer_6,7
TTCGCTAGGAAGTTGT-1,Layer_3,5
TTCGCTATCTGACGTG-1,Layer_1,3
TTCGGACTGATGCCTT-1,Layer_1,3
TTCGGCAACCCGCTGA-1,Layer_1,3
TTCGGCTAGAGATGGT-1,Layer_3,5
TTCGGGACTAATCGCG-1,Layer_3,5
TTCGGGCGCTAGTCTT-1,Layer_6,7
TTCGGGTTGCCACGGG-1,Layer_5,7
TTCGGTACTGTAGAGG-1,WM,6
TTCGTAATCCCAGCGG-1,Layer_1,3
TTCGTACTCCAGAACG-1,Layer_4,1
TTCGTGGGCTGGAAGC-1,Layer_3,2
TTCGTTCAACGAAGTT-1,Layer_1,3
TTCTAACCGAAGCTTA-1,Layer_3,2
TTCTACCTTTATGTTG-1,Layer_1,3
TTCTACTTGCGAGGGC-1,Layer_3,5
TTCTAGAAAGTCTTAT-1,WM,6
TTCTAGGCCAATTGTG-1,Layer_3,5
TTCTATTAAACGCAGC-1,WM,4
TTCTGACCGGGCTCAA-1,Layer_4,1
TTCTGCCGCGCCTAGA-1,Layer_5,1
TTCTGCGAGCGCCCTT-1,Layer_5,7
TTCTGCGGGTTAGCGG-1,Layer_3,5
TTCTGCTAGACTCCAA-1,Layer_1,3
TTCTGTTTCCTGTCGC-1,Layer_3,1
TTCTTAGTGAACGGTG-1,Layer_3,5
TTCTTAGTGGCTCAGA-1,Layer_2,2
TTCTTATCCGCTGGGT-1,Layer_3,5
TTCTTCCCTTTGATAT-1,Layer_1,3
TTCTTCGCAATAGAGC-1,Layer_1,3
TTCTTGAGCCGCGCTA-1,Layer_5,7
TTCTTGCTAGCATCTC-1,Layer_3,5
TTCTTGGACGATCTGC-1,Layer_6,7
TTCTTGGAGTAATGAG-1,Layer_2,2
TTCTTGTAACCTAATG-1,Layer_3,5
TTCTTGTGTCCATCAG-1,Layer_5,7
TTCTTTGGTCGCGACG-1,Layer_1,3
TTGAAAGGTGTAAAGG-1,Layer_1,3
TTGAACGAATCCTTTG-1,Layer_3,5
TTGAACGACGTGCTGA-1,Layer_5,7
TTGAAGAATTCCCAGG-1,Layer_3,1
TTGAATATGGACTTTC-1,Layer_3,5
TTGAATCGTTGTATAA-1,Layer_6,6
TTGAATTCACGTGAGG-1,Layer_3,5
TTGACAGGAGCTCCCG-1,Layer_3,5
TTGACATGAACGTGGA-1,Layer_5,7
TTGACCAGGAACAACT-1,Layer_6,7
TTGACCATGTTCTCCG-1,Layer_3,2
TTGACCGTGTTAATGA-1,Layer_6,7
TTGACGATTCAGCACG-1,Layer_1,2
TTGACGCTCCATGAGC-1,Layer_3,5
TTGACTACCATATGGT-1,Layer_5,7
TTGACTATTGTCCGGC-1,Layer_3,5
TTGAGAAGTTTAGCAT-1,Layer_5,1
TTGAGAGTACTGCTAA-1,Layer_5,7
TTGAGCAGCCCACGGT-1,Layer_3,5
TTGAGCGCCACGTGAT-1,Layer_2,2
TTGAGGCATTTAACTC-1,Layer_1,3
TTGAGGGTCGAACGCG-1,Layer_3,2
TTGAGTCCCGCTGCTG-1,Layer_2,5
TTGATAGTCAATACAT-1,Layer_1,3
TTGATCTAACTTTGTC-1,Layer_3,5
TTGATGCCGCTCGTCG-1,WM,4
TTGATGTGTAGTCCCG-1,Layer_2,2
TTGATTAGCTGTTTCT-1,Layer_6,7
TTGATTATGCAGATGA-1,Layer_3,1
TTGCAAGAAGACTCCT-1,WM,4
TTGCACAATTCAGAAA-1,Layer_4,1
TTGCACGGAGCAGCAC-1,Layer_3,5
TTGCAGGTCATGAAGT-1,Layer_3,5
TTGCATGCTGATCACG-1,Layer_5,7
TTGCCAAGCAGAACCC-1,Layer_3,5
TTGCCATAGCCCGCTC-1,WM,6
TTGCCCTGATCACGGG-1,Layer_4,1
TTGCCGCTTTCTAGTA-1,Layer_6,7
TTGCCGGTGATCCCTC-1,Layer_1,3
TTGCCTTCTCGCCGGG-1,Layer_5,7
TTGCGCTCTCTCGCTT-1,Layer_4,6
TTGCGCTTGATCAATA-1,Layer_6,7
TTGCGGCATCAGAAAG-1,Layer_6,7
TTGCGGCGACTCATGC-1,Layer_1,3
TTGCGTAGTTTGAGGA-1,Layer_4,1
TTGCGTCGGCCAACCG-1,Layer_6,7
TTGCGTGAACGCTTAG-1,Layer_1,3
TTGCGTGTGTAGGCAT-1,Layer_6,7
TTGCTAGCTACCAATC-1,Layer_1,3
TTGCTCATAGTACGTG-1,Layer_5,7
TTGCTCCCATACCGGA-1,Layer_3,2
TTGCTGAAGGAACCAC-1,Layer_3,2
TTGCTGATCATGTTCG-1,Layer_3,1
TTGCTGCACCTATCCA-1,Layer_3,1
TTGCTGGCCGGGCTTC-1,Layer_1,3
TTGGAAGAATACAGTC-1,Layer_6,7
TTGGACATGTGGCTTA-1,Layer_5,7
TTGGACCATCTGGCAA-1,Layer_3,5
TTGGACCTATAACAGT-1,Layer_5,1
TTGGAGTCTCCCTTCT-1,Layer_2,2
TTGGATATCGTCTACG-1,Layer_5,7
TTGGATCGACTTCTGG-1,Layer_1,3
TTGGATTGGGTACCAC-1,Layer_3,2
TTGGCCAAATTGTATC-1,Layer_6,7
TTGGCCATCTTGCGCT-1,Layer_3,5
TTGGCCTAGAATTTCG-1,Layer_1,3
TTGGCGATCCGAATAT-1,Layer_1,2
TTGGCTCAATATGTGT-1,Layer_5,7
TTGGCTCGCATGAGAC-1,Layer_3,5
TTGGGAAGACGAGCCG-1,WM,4
TTGGGACACTGCCCGC-1,Layer_3,5
TTGGGACGTAAGAGTT-1,Layer_3,1
TTGGGCGGCGGTTGCC-1,Layer_3,5
TTGGGTTTATTCAGCG-1,Layer_1,3
TTGGTATGGCTTGTGT-1,Layer_1,3
TTGGTCACACTCGTAA-1,Layer_5,7
TTGGTGCGGTGTTGAA-1,Layer_3,2
TTGGTTCGCTCAAAGG-1,,5
TTGGTTGCGGTGCGCG-1,WM,6
TTGTAACTTCATAGCG-1,Layer_3,5
TTGTAAGGACCTAAGT-1,Layer_5,7
TTGTAAGGCCAGTTGG-1,Layer_3,5
TTGTAATCCGTACTCG-1,Layer_3,1
TTGTATCACACAGAAT-1,Layer_1,3
TTGTCGTTCAGTTACC-1,Layer_3,5
TTGTGAACCTAATCCG-1,Layer_5,1
TTGTGAGGCATGACGC-1,Layer_6,6
TTGTGATCTGTTCAGT-1,Layer_5,7
TTGTGCAGCCACGTCA-1,Layer_6,7
TTGTGGCCCTGACAGT-1,Layer_3,2
TTGTGGTAGGAGGGAT-1,Layer_6,7
TTGTGGTGGTACTAAG-1,Layer_5,7
TTGTGTATGCCACCAA-1,Layer_5,7
TTGTGTTTCCCGAAAG-1,Layer_5,7
TTGTTAGCAAATTCGA-1,Layer_3,5
TTGTTCAGTGTGCTAC-1,Layer_3,5
TTGTTCTAGATACGCT-1,Layer_4,6
TTGTTGTGTGTCAAGA-1,Layer_3,5
TTGTTTCACATCCAGG-1,Layer_6,7
TTGTTTCATTAGTCTA-1,WM,4
TTGTTTCCATACAACT-1,Layer_6,7
TTGTTTGTGTAAATTC-1,Layer_1,3
