,ground_truth,domain
AAACAACGAATAGTTC-1,Layer_1,5
AAACAAGTATCTCCCA-1,Layer_3,4
AAACAATCTACTAGCA-1,Layer_1,2
AAACACCAATAACTGC-1,WM,1
AAACAGCTTTCAGAAG-1,Layer_6,6
AAACAGGGTCTATATT-1,Layer_6,6
AAACAGTGTTCCTGGG-1,WM,1
AAACATTTCCCGGATT-1,Layer_5,7
AAACCACTACACAGAT-1,Layer_3,3
AAACCCGAACGAAATC-1,Layer_3,3
AAACCGGGTAGGTACC-1,Layer_5,7
AAACCGTTCGTCCAGG-1,Layer_6,6
AAACCTAAGCAGCCGG-1,Layer_6,7
AAACCTCATGAAGTTG-1,Layer_5,7
AAACGAAGAACATACC-1,Layer_1,2
AAACGACAGTCTTGCC-1,Layer_3,3
AAACGAGACGGTTGAT-1,Layer_3,4
AAACGCCCGAGATCGG-1,Layer_2,3
AAACGGGCGTACGGGT-1,Layer_5,7
AAACGGGTTGGTATCC-1,Layer_1,5
AAACGGTTGCGAACTG-1,WM,1
AAACGTGTTCGCCCTA-1,Layer_1,2
AAACTAACGTGGCGAC-1,Layer_1,5
AAACTCGGTTCGCAAT-1,Layer_6,6
AAACTCGTGATATAAG-1,Layer_1,2
AAACTGCTGGCTCCAA-1,Layer_4,4
AAACTTGCAAACGTAT-1,Layer_6,6
AAAGAATGTGGACTAA-1,Layer_6,6
AAAGACATGAAGTTTA-1,Layer_2,3
AAAGACCCAAGTCGCG-1,Layer_2,3
AAAGACTGGGCGCTTT-1,Layer_5,7
AAAGGCTACGGACCAT-1,Layer_6,6
AAAGGCTCTCGCGCCG-1,Layer_6,7
AAAGGGATGTAGCAAG-1,Layer_3,3
AAAGGGCAGCTTGAAT-1,Layer_3,4
AAAGGTAAGCTGTACC-1,Layer_1,5
AAAGGTCAACGACATG-1,Layer_3,3
AAAGTAGCATTGCTCA-1,Layer_6,6
AAAGTCACTGATGTAA-1,Layer_2,5
AAAGTCGACCCTCAGT-1,Layer_5,7
AAAGTGTGATTTATCT-1,Layer_3,4
AAAGTTGACTCCCGTA-1,Layer_3,4
AAATAACCATACGGGA-1,Layer_1,2
AAATAAGGTAGTGCCC-1,Layer_1,5
AAATACCTATAAGCAT-1,Layer_4,4
AAATAGCTTAGACTTT-1,Layer_3,3
AAATAGGGTGCTATTG-1,Layer_5,4
AAATCACTCCTAAACG-1,Layer_3,3
AAATCCGATACACGCC-1,Layer_6,7
AAATCGTGTACCACAA-1,Layer_5,4
AAATCTAGCCCTGCTA-1,Layer_4,4
AAATGATTCGATCAGC-1,Layer_1,2
AAATGCTCGTTACGTT-1,Layer_3,4
AAATGGCATGTCTTGT-1,Layer_1,2
AAATGGCCCGTGCCCT-1,Layer_6,6
AAATGGTCAATGTGCC-1,Layer_3,4
AAATGTATCTTATCCC-1,Layer_5,7
AAATGTGGGTGCTCCT-1,Layer_1,2
AAATTAACGGGTAGCT-1,Layer_3,4
AAATTAATAAGCGCGA-1,Layer_5,7
AAATTACACGACTCTG-1,Layer_1,2
AAATTACCTATCGATG-1,Layer_2,5
AAATTCCAGGTCCAAA-1,Layer_2,3
AAATTGATAGTCCTTT-1,WM,6
AAATTGCGGCGGTTCT-1,Layer_2,3
AAATTGGTGAGAAGCA-1,Layer_1,2
AAATTTACCGAAATCC-1,Layer_1,2
AAATTTGCGGGTGTGG-1,Layer_5,7
AACAACTGGTAGTTGC-1,Layer_3,4
AACAATACATTGTCGA-1,WM,1
AACAATTACTCTACGC-1,Layer_4,4
AACACACGCTCGCCGC-1,Layer_4,4
AACACGACTGTACTGA-1,Layer_1,2
AACACGAGACGCGGCC-1,Layer_6,6
AACACGCGGCCGCGAA-1,Layer_2,3
AACAGCTGTGTGGCAA-1,WM,1
AACAGGAAATCGAATA-1,Layer_1,5
AACAGGATGGGCCGCG-1,Layer_4,4
AACAGGTAGTATGGAT-1,Layer_3,4
AACATAGCGTGTATCG-1,Layer_6,7
AACATATCAACTGGTG-1,Layer_1,5
AACATCGATACGTCTA-1,Layer_1,2
AACATTGGTCAGCCGT-1,Layer_2,3
AACATTGTGACTCGAG-1,WM,6
AACCAAGACTTCTCTG-1,Layer_5,7
AACCAGTATCACTCTT-1,Layer_1,2
AACCATGGGATCGCTA-1,Layer_3,4
AACCCAGAGACGGAGA-1,Layer_3,3
AACCCGACAACCCGTG-1,WM,1
AACCCGAGCAGAATCG-1,Layer_4,4
AACCCGATAGGGCTTC-1,Layer_3,3
AACCCTACTGTCAATA-1,Layer_3,3
AACCCTGGTGGAACCA-1,Layer_1,2
AACCGAGCTTGGTCAT-1,Layer_3,3
AACCGCTAAGGGATGC-1,Layer_3,4
AACCGTTGTGTTTGCT-1,Layer_1,2
AACCTAAAGCCGTCCG-1,Layer_1,5
AACCTCGCTTTAGCCC-1,Layer_5,7
AACCTGTCACGGAATT-1,Layer_2,3
AACCTTTAAATACGGT-1,Layer_5,7
AACCTTTACGACGTCT-1,Layer_1,2
AACGATAATGCCGTAG-1,Layer_5,7
AACGATAGAAGGGCCG-1,Layer_3,3
AACGATATGTCAACTG-1,Layer_3,3
AACGCATGATCTGGGT-1,Layer_1,2
AACGCGAACGGCAACA-1,Layer_3,3
AACGCGACCTTGGGCG-1,WM,1
AACGCGGTCTCCAGCC-1,Layer_3,3
AACGCTGTTGCTGAAA-1,Layer_4,4
AACGGACGTACGTATA-1,Layer_4,4
AACGGCCATCTCCGGT-1,Layer_5,7
AACGTACTGTGGGTAC-1,Layer_5,7
AACGTAGTCTACCCAT-1,Layer_1,2
AACGTCAGACTAGTGG-1,Layer_3,4
AACGTGATGAAGGACA-1,Layer_1,2
AACGTGCGAAAGTCTC-1,Layer_3,4
AACGTTATCAGCACCT-1,Layer_4,4
AACTACCCGTTTGTCA-1,Layer_3,4
AACTAGCGTATCGCAC-1,Layer_1,2
AACTAGGCTTGGGTGT-1,Layer_5,7
AACTCAAGTTAATTGC-1,Layer_4,4
AACTCCAGAGCGTGTT-1,Layer_5,7
AACTCCTAATCCCATG-1,Layer_1,2
AACTCGATAAACACGT-1,Layer_3,3
AACTCGATGGCGCAGT-1,Layer_3,3
AACTCTCAATAGAGCG-1,Layer_3,3
AACTCTCAGTGTGCTC-1,Layer_6,6
AACTGAGGTCAGCGTC-1,Layer_1,5
AACTGATATTAGGCCT-1,Layer_2,5
AACTGGGTCCCGACGT-1,Layer_3,3
AACTGGGTTCGAGCCG-1,Layer_1,5
AACTGGTGTGGGCCTT-1,Layer_1,5
AACTTCTGCGTCTATC-1,Layer_3,4
AACTTGCCCGTATGCA-1,Layer_4,4
AACTTGCGTTCTCGCG-1,Layer_3,4
AACTTTACGGGAGCTT-1,Layer_5,7
AACTTTAGCTGCTGAG-1,Layer_1,2
AACTTTCTCGATCATG-1,Layer_1,2
AAGAAATCACCAGATT-1,Layer_1,2
AAGAAGGATCAGTTAG-1,Layer_3,4
AAGACATACGTGGTTT-1,Layer_5,6
AAGACCCAACTGAACA-1,Layer_6,6
AAGACTAACCCGTTGT-1,Layer_2,3
AAGACTCACGCCCACT-1,Layer_2,3
AAGACTGCAAGCTACT-1,Layer_3,4
AAGAGATGAATCGGTA-1,Layer_3,4
AAGAGCTCTTTATCGG-1,Layer_3,4
AAGAGGATGTACGCGA-1,Layer_5,7
AAGAGGCATGGATCGC-1,Layer_3,4
AAGAGGCCCTTTGGAA-1,Layer_5,4
AAGATGGCACCGGACC-1,WM,6
AAGATTGGCGGAACGT-1,Layer_2,3
AAGCACCCTGCGTATC-1,Layer_5,7
AAGCATACTCTCCTGA-1,Layer_5,7
AAGCCGAAGCGGTTTA-1,Layer_3,4
AAGCCGCTTTACCTTG-1,Layer_1,2
AAGCGCAGGGCTTTGA-1,Layer_6,6
AAGCGGAGTGCGCGCA-1,Layer_2,5
AAGCGGCGTCATGGGT-1,Layer_1,2
AAGCGTCCCTCATCGA-1,WM,6
AAGCTAGATCGAGTAA-1,Layer_5,4
AAGCTCGTGCCAAGTC-1,Layer_3,4
AAGCTCTTTCATGGTG-1,Layer_5,7
AAGGAGAACTTATAAG-1,Layer_1,2
AAGGAGCGGTTGGTGC-1,Layer_3,4
AAGGATCGATCGCTTG-1,Layer_3,3
AAGGATGAGGGACCTC-1,Layer_2,3
AAGGCAGGCTGTCTCC-1,Layer_3,3
AAGGCGCGTAAAGCTT-1,Layer_3,4
AAGGCTGTGCTCATCG-1,Layer_3,4
AAGGGACAGATTCTGT-1,Layer_2,5
AAGGGACTATGCATTC-1,WM,1
AAGGTATCCTAATATA-1,Layer_2,3
AAGGTGATAAACCAGC-1,Layer_3,4
AAGTAAGCTTCCAAAC-1,Layer_1,2
AAGTAGAAGACCGGGT-1,Layer_3,3
AAGTAGTGACGCGAGG-1,Layer_4,4
AAGTCAATTGTCGTCA-1,Layer_3,4
AAGTCTAGTAGCTGCC-1,Layer_1,2
AAGTCTTCTGTGGCCT-1,Layer_6,6
AAGTGACGACCGAATT-1,Layer_5,7
AAGTGAGTCGGGTTTA-1,WM,6
AAGTGCAAAGGTAGAC-1,Layer_5,7
AAGTGCCTTGACTGTA-1,Layer_3,4
AAGTGCGTTAGAATCT-1,Layer_6,6
AAGTGCTTCTCTATTG-1,WM,1
AAGTGTTTGGAGACGG-1,Layer_5,4
AAGTTCACTCCAAGCT-1,Layer_5,4
AAGTTCAGTCTGCGTA-1,Layer_1,2
AAGTTCGGCCAACAGG-1,Layer_5,7
AAGTTGTGATGTTATA-1,Layer_5,7
AAGTTTACTAATGGCA-1,Layer_1,2
AAGTTTATGGGCCCAA-1,Layer_6,6
AATAACAACGCTCGGC-1,Layer_5,7
AATAACACTAGAACAA-1,Layer_6,6
AATAAGTCCTCGAGAC-1,Layer_1,2
AATACAATGTTTCAGG-1,Layer_3,4
AATACCGGAGGGCTGT-1,WM,1
AATACCTGATGTGAAC-1,Layer_6,6
AATAGAACAGAGTGGC-1,Layer_6,7
AATAGAATCTGTTTCA-1,Layer_4,4
AATAGCAAGCCTCCTG-1,Layer_2,3
AATAGCTACCGCGTGC-1,Layer_1,2
AATAGTCCGTCCCGAC-1,Layer_6,7
AATAGTCGCGAGTCGG-1,Layer_4,4
AATATCAAGGTCGGAT-1,Layer_2,3
AATATCGAATCAATGC-1,Layer_3,4
AATATCGAGGGTTCTC-1,Layer_1,5
AATATTGGAGTATTGA-1,Layer_5,7
AATCAGACTGCAGGAC-1,Layer_2,3
AATCAGGTTTCATTTA-1,WM,1
AATCATGTAAAGACTC-1,Layer_4,4
AATCCAAGGGCCTGAG-1,Layer_3,3
AATCCATGCAAGGGTG-1,Layer_3,3
AATCGAGGTCTCAAGG-1,WM,7
AATCGCCTCAGCGCCA-1,Layer_3,4
AATCGCGCAGAGGACT-1,Layer_3,4
AATCGGGACACTACGA-1,Layer_1,2
AATCGGTATAGCCCTC-1,Layer_6,6
AATCGTGAGCCGAGCA-1,Layer_6,6
AATCTAGGTTTACTTG-1,WM,1
AATCTATGCCGGAGCC-1,Layer_1,2
AATCTCTACTGTGGTT-1,Layer_5,6
AATCTGCGTTGGGACG-1,Layer_3,3
AATCTGGCTTTCTAGT-1,WM,1
AATCTGGGTAGACCCT-1,Layer_1,5
AATGACAGCAATGTCT-1,Layer_6,6
AATGACGTAGGATGTC-1,Layer_3,4
AATGACTGTCAGCCGG-1,Layer_3,4
AATGAGTTCGCATATG-1,Layer_3,4
AATGATGATACGCTAT-1,Layer_1,5
AATGATGCGACTCCTG-1,Layer_1,2
AATGCAACCGGGTACC-1,Layer_3,3
AATGCACCAAGCAATG-1,Layer_1,2
AATGGCCGCCAATGCG-1,Layer_3,3
AATGGTCCACCGTTCA-1,Layer_5,7
AATGGTTCTCACAAGC-1,Layer_3,4
AATGTGCCCGAGGTGT-1,WM,1
AATGTGCTAATCTGAG-1,WM,1
AATGTTAAGACCCTGA-1,Layer_6,7
AATGTTGTCGTGAGAC-1,Layer_5,6
AATTAAAGGTCGGCGT-1,Layer_4,4
AATTAACGGATTTCCA-1,Layer_5,7
AATTACTCGTACGCTC-1,Layer_3,4
AATTAGCGCTGCAGCG-1,Layer_5,7
AATTATACCCAGCAAG-1,Layer_6,6
AATTCATAAGGGATCT-1,Layer_1,5
AATTCCAACTTGGTGA-1,Layer_2,3
AATTCCAAGCATGTAC-1,WM,6
AATTCGATTCGAGGAT-1,Layer_6,6
AATTCTAGAGTTAGGC-1,Layer_5,4
AATTGAACGCTCTGGT-1,Layer_3,4
AATTGCAGCAATCGAC-1,Layer_5,7
AATTGTGGTTGCCAAA-1,Layer_5,7
AATTTGGGACATAGTA-1,Layer_1,2
AATTTGGTTCCAAAGA-1,Layer_1,2
ACAAACCGACAAGGCG-1,Layer_1,5
ACAAAGAAGGTAGGCC-1,Layer_6,6
ACAAAGCATGACCTAG-1,Layer_5,7
ACAAATCGCACCGAAT-1,Layer_4,4
ACAAATGGTAGTGTTT-1,Layer_3,4
ACAAATTCAGATCTGA-1,Layer_1,5
ACAACAGCATGAGCTA-1,Layer_3,4
ACAACGGTCCCTGCGA-1,Layer_3,4
ACAAGCAGTGCCTAGC-1,Layer_4,4
ACAAGCTATATGGAAG-1,Layer_6,6
ACAAGGAAATCCGCCC-1,Layer_4,4
ACAAGGACAAGAGGTT-1,Layer_3,4
ACAAGGATGCTTTAGG-1,Layer_5,7
ACAAGGCCTACCAGCC-1,Layer_2,3
ACAAGGGCAGGCTCTG-1,Layer_4,4
ACAATAGTCGTACGTT-1,Layer_5,6
ACAATCCATTTAAACC-1,Layer_5,7
ACAATCGATCTTTATA-1,Layer_1,2
ACAATGAATACGGAGA-1,WM,6
ACAATGATTCTTCTAC-1,Layer_2,5
ACAATTGTGTCTCTTT-1,Layer_4,4
ACAATTTAGGAGGCTC-1,Layer_5,7
ACAATTTGAGCAGTGG-1,Layer_3,3
ACACAAAGACGGGTGG-1,Layer_3,3
ACACAAATATTCCTAG-1,Layer_1,5
ACACACCAGGACCAGT-1,Layer_3,4
ACACACTTTCTACACG-1,Layer_1,5
ACACATTGACGCAACA-1,Layer_3,4
ACACATTTCCGTAGAC-1,WM,6
ACACCACATAATTAGC-1,Layer_1,5
ACACCCAGCATGCAGC-1,Layer_3,4
ACACCCGAGAAATCCG-1,Layer_3,4
ACACCCGTAAATCTGT-1,Layer_3,3
ACACCGAGCGCTCTTT-1,Layer_3,4
ACACCTTAAGTAGGGC-1,Layer_3,4
ACACCTTACTACTTGC-1,Layer_3,4
ACACGAGACTCCTTCT-1,Layer_3,4
ACACGGCACTATGCAT-1,Layer_1,2
ACACGGGAACTTAGGG-1,Layer_3,3
ACACGTAGGCCACAAG-1,Layer_4,4
ACACTCCAATGTCACT-1,Layer_3,4
ACACTGATCAAGGTGT-1,Layer_5,7
ACACTGGGACAGTCGT-1,Layer_4,7
ACAGAACTGAGAACAA-1,WM,6
ACAGATTAGGTTAGTG-1,Layer_1,2
ACAGCATAGAGCCAGT-1,Layer_1,5
ACAGCGACATTCTCAT-1,Layer_5,7
ACAGCGCACCCGCAGC-1,Layer_1,2
ACAGGCACGGATCCTT-1,Layer_6,6
ACAGGCTTGCCCGACT-1,Layer_4,4
ACAGGTGGAGGTGAGG-1,Layer_6,6
ACAGGTGTGTTGTTGC-1,Layer_6,6
ACAGTAATACAACTTG-1,Layer_6,6
ACAGTATACCGTGGGA-1,Layer_1,2
ACAGTGCAGCGCATTT-1,Layer_3,3
ACATAATAAGGCGGTG-1,Layer_3,3
ACATCAGCTGGGACGC-1,Layer_5,7
ACATCCCGGCCATACG-1,Layer_5,7
ACATCCTGGTAACTGT-1,Layer_3,4
ACATCGATCGTTTACC-1,Layer_4,4
ACATCGGTCAGCCGCG-1,Layer_5,7
ACATCGTATGCAATGG-1,Layer_3,4
ACATCGTTAACCTAGT-1,Layer_1,2
ACATCTCAACGCGTAA-1,Layer_1,2
ACATGGCGCCAAAGTA-1,Layer_3,3
ACATGGCTCAATTTAG-1,Layer_3,4
ACATTAGTTTATATCC-1,Layer_5,7
ACATTTGAAACCTAAC-1,Layer_6,6
ACCAAACACCCAGCGA-1,Layer_1,2
ACCAAACTAGAAATCC-1,Layer_1,2
ACCAACACCACACACT-1,Layer_1,2
ACCAACCGCACTCCAC-1,Layer_5,7
ACCAACGCTTATTTAT-1,Layer_6,7
ACCAAGAACGCGTGTC-1,Layer_3,3
ACCAAGTCATCGGCAG-1,Layer_6,6
ACCAATATGCAAGTTA-1,Layer_5,7
ACCACAACTCAGAACA-1,Layer_1,2
ACCACAAGTTTCTATC-1,Layer_3,4
ACCACACGGTTGATGG-1,WM,6
ACCACCAATGTAACAA-1,Layer_3,3
ACCACCCTCTCTTCTA-1,Layer_1,2
ACCACGTGCAGCTATA-1,Layer_4,4
ACCACTGTTCAAGAAG-1,Layer_3,4
ACCAGACCATAACAAC-1,Layer_6,6
ACCAGCCCGGTCTTTG-1,Layer_1,2
ACCAGGAGTGTGATCT-1,Layer_1,2
ACCAGTGCCCGGTCAA-1,Layer_1,5
ACCAGTGCGGGAGACG-1,Layer_3,4
ACCATATCCGCAATAA-1,Layer_4,4
ACCATCCGCCAACTAG-1,Layer_6,6
ACCATCGTATATGGTA-1,Layer_5,7
ACCATTAAGGGTGTCA-1,Layer_3,4
ACCCAACGCCCGTGGC-1,Layer_3,3
ACCCACCTACATGCTC-1,Layer_3,4
ACCCATCTTGAGGGTA-1,Layer_4,4
ACCCATTTGTCCCTCT-1,Layer_5,7
ACCCGAGCGAAATTAC-1,WM,1
ACCCGATTGGTTCCGA-1,WM,1
ACCCGGAAACTCCCAG-1,Layer_5,7
ACCCGGATGACGCATC-1,Layer_3,3
ACCCGGTTACACTTCC-1,Layer_5,4
ACCCGTAGTCTAGTTG-1,Layer_5,6
ACCCGTGTCATCAGTA-1,Layer_6,6
ACCCTATAGGACTGAG-1,Layer_3,4
ACCCTATGCCATATCG-1,Layer_6,6
ACCCTCCCGTCAGGGC-1,Layer_6,6
ACCCTCCCTTGCTATT-1,Layer_4,4
ACCCTGGTAACGCCCT-1,Layer_1,2
ACCCTTCATCTGCGAA-1,Layer_1,2
ACCCTTGCCTGGGTCG-1,Layer_1,5
ACCCTTTAGTTCTCCA-1,Layer_1,2
ACCGAAAGGGCCCTGC-1,Layer_1,5
ACCGACACATCTCCCA-1,Layer_6,7
ACCGACTGAGTCCCAC-1,Layer_3,4
ACCGAGTCTCCTTATT-1,Layer_6,6
ACCGATAGGCATAACC-1,Layer_4,7
ACCGATGGTAGCATCG-1,Layer_3,3
ACCGCAATAACTGCCT-1,Layer_5,4
ACCGCGGTGGAAGTCG-1,Layer_3,4
ACCGGGCCTTTGTTGA-1,Layer_3,4
ACCGGTCTGAGTACGG-1,Layer_2,5
ACCGTGACCACGTGGG-1,WM,1
ACCGTTCCCGCTCTGA-1,Layer_1,2
ACCTAAGTACCTTTCA-1,Layer_6,6
ACCTAATCGACTTCCT-1,Layer_4,4
ACCTACAGTATGTGGT-1,Layer_3,3
ACCTACTATAAATCTA-1,WM,1
ACCTCCGCCCTCGCTG-1,Layer_4,4
ACCTCCGTTATTCACC-1,Layer_2,3
ACCTGCGTGTCATGTT-1,Layer_6,6
ACCTTTCCTTTAGAAG-1,Layer_1,2
ACGAAATGGGCGGCAC-1,Layer_4,7
ACGACTCTAGGGCCGA-1,Layer_6,6
ACGACTGGTCATACTC-1,WM,1
ACGAGAACCCATCACG-1,Layer_2,3
ACGAGATATTTGCTTA-1,Layer_1,2
ACGAGGATACCACTCT-1,WM,6
ACGAGTACGGATGCCC-1,Layer_1,5
ACGATACATAGAACTA-1,Layer_2,3
ACGATACCTATCCTGA-1,Layer_5,6
ACGATCATACATAGAG-1,Layer_3,4
ACGATCATCTTGTAAA-1,Layer_3,3
ACGATGCATATGTTAT-1,Layer_4,4
ACGATGGATCCGATGC-1,Layer_1,2
ACGCAAACTAATAGAT-1,WM,1
ACGCAATCACTACAGC-1,Layer_1,2
ACGCATAAATGACATG-1,Layer_2,3
ACGCATACGTTTACTA-1,Layer_4,4
ACGCATTCGTGAGTAC-1,Layer_3,4
ACGCCACTCGAAACAG-1,WM,6
ACGCCAGATGATTTCT-1,Layer_1,5
ACGCCAGTGCGTTTGC-1,Layer_6,6
ACGCCCAGCTGTCGAT-1,Layer_1,2
ACGCCGCTAGACGACC-1,Layer_4,4
ACGCGAAGTCAGACGA-1,Layer_5,7
ACGCGCTACACAGGGT-1,Layer_5,7
ACGCGGGCCAAGGACA-1,Layer_3,4
ACGCGTTTCTTAAGAG-1,Layer_5,7
ACGCTAGTATCAGTGC-1,Layer_3,3
ACGCTAGTGATACACT-1,Layer_2,5
ACGCTGTGAGGCGTAG-1,Layer_5,6
ACGCTTAGTGTCTCTC-1,Layer_1,2
ACGGAACACGAGTGCC-1,Layer_6,6
ACGGAATTTAGCAAAT-1,Layer_3,4
ACGGACTCTCAAAGCG-1,Layer_6,7
ACGGAGCGCAAATTAC-1,Layer_1,2
ACGGATGGTGCGGATA-1,Layer_5,7
ACGGCACTTGCTTGGG-1,Layer_5,7
ACGGCCAACATGGACT-1,Layer_5,7
ACGGCGACGATGGGAA-1,Layer_4,4
ACGGCGGGTTGCCCTG-1,Layer_2,3
ACGGGAGTGTCGGCCC-1,Layer_6,6
ACGGGCGTATGCGACA-1,Layer_1,2
ACGGGTCATGTGACTT-1,Layer_3,4
ACGGTACAGTTCAATG-1,Layer_6,6
ACGTACAGATTTCTCT-1,Layer_1,2
ACGTACTTTGGCACGG-1,WM,1
ACGTAGATTGCTGATG-1,Layer_3,4
ACGTAGGAGAGTCGCT-1,Layer_6,6
ACGTATTACTCCGATC-1,Layer_3,4
ACGTCCTAAACGAGAT-1,Layer_1,2
ACGTCTCGTTCCGGGA-1,Layer_6,6
ACGTGCGCCTCGTGCA-1,Layer_2,3
ACGTGGTCGAATGTGC-1,Layer_1,2
ACGTTAATGTCGAAGA-1,Layer_3,4
ACGTTAGATTTGCCCG-1,Layer_5,7
ACGTTATTGGTCACTC-1,Layer_3,4
ACGTTCCGCGCTCCGT-1,Layer_1,2
ACGTTCGCAATCAATT-1,Layer_2,3
ACGTTCGTTCAGGAAA-1,WM,6
ACGTTCTGTACAAGTC-1,Layer_5,7
ACGTTTAGTTGTGATC-1,Layer_1,5
ACTAAGGACGCACACC-1,Layer_2,5
ACTAATACGTCAGGCG-1,Layer_1,5
ACTACAAAGAGAGGTG-1,WM,1
ACTACCAGCTCTCTGG-1,Layer_3,4
ACTACGCGTTAGAATT-1,Layer_6,6
ACTAGTTGCGATCGTC-1,Layer_3,4
ACTATATGCTGTGTTC-1,Layer_1,2
ACTATCCAGGGCATGG-1,Layer_3,3
ACTATCGCCGGCTAAA-1,Layer_3,4
ACTATCTGCCCGCGTA-1,Layer_3,4
ACTATTCGTCCGTGGT-1,Layer_1,2
ACTATTTCCGGGCCCA-1,WM,6
ACTCAACGAATGTATT-1,Layer_2,3
ACTCAAGTGCAAGGCT-1,Layer_5,7
ACTCAATAAAGGCACG-1,Layer_3,3
ACTCAGACCTGCTTCT-1,Layer_2,3
ACTCCAATATCATCAT-1,WM,1
ACTCCCATTCCTAAAG-1,Layer_6,6
ACTCCCGAATTCGTTT-1,Layer_2,3
ACTCCCGTAGACTAGG-1,Layer_1,2
ACTCCCTAATGCTAAA-1,Layer_5,7
ACTCCCTAGAATAGTA-1,Layer_4,4
ACTCCGGCCGACCACT-1,Layer_6,6
ACTCGATGTATTTCAT-1,Layer_3,4
ACTCGCCGTTCGATAA-1,Layer_5,7
ACTCGCGATCTGACGC-1,,3
ACTCGTAACCCGTCCT-1,Layer_6,6
ACTCGTCAGTAATCCC-1,Layer_3,4
ACTCTAAACCTGGGAT-1,Layer_5,7
ACTCTCTGACTTAGGT-1,Layer_3,4
ACTCTCTTATACACGA-1,Layer_1,2
ACTCTGACCTAATAGA-1,Layer_6,6
ACTCTTGTATAGTAAC-1,Layer_3,4
ACTGAAACGCCGTTAG-1,Layer_5,4
ACTGAATGGCGAAAGT-1,Layer_4,4
ACTGATTTAGTGATTC-1,Layer_1,2
ACTGCCCGCCATTCTC-1,WM,1
ACTGCCGTCGTAACTC-1,Layer_1,5
ACTGCGGACACACCGT-1,Layer_2,3
ACTGGCGAACCTGCGT-1,Layer_2,3
ACTGTACGATACACAT-1,Layer_3,3
ACTGTAGCACTTTGGA-1,Layer_3,4
ACTGTATACGCGAGCA-1,Layer_3,3
ACTGTCCAGGATTATA-1,Layer_3,4
ACTGTCTTCTTTAGAA-1,Layer_3,4
ACTGTGCTAGTAGATC-1,Layer_3,4
ACTGTTTAGTGTAGGC-1,Layer_1,2
ACTTACCGGGCGCGCA-1,Layer_1,2
ACTTACGCATCCACGC-1,Layer_5,7
ACTTAGTACGACAAGA-1,Layer_3,3
ACTTATACTTACCCGG-1,Layer_3,3
ACTTATCTGATCTATA-1,Layer_1,2
ACTTATTAGGATCGGT-1,Layer_4,4
ACTTATTTATGTGCCA-1,Layer_3,4
ACTTCAGGCTGATCCC-1,Layer_4,4
ACTTCCATGCGGGACA-1,Layer_5,7
ACTTCCTGTCGTGCGA-1,Layer_3,3
ACTTCGCCATACGCAC-1,Layer_3,3
ACTTGACTCCCTCTTT-1,Layer_3,4
ACTTGCCATATTGTAC-1,Layer_1,2
ACTTGGGACCCGGTGG-1,Layer_3,4
ACTTGTAGTCCCTTCA-1,Layer_6,6
ACTTGTGGATGGAACG-1,Layer_3,4
ACTTTACCCTCATGAA-1,Layer_2,3
ACTTTCCTATAGCTTC-1,Layer_3,4
ACTTTGACTGCATCCT-1,Layer_5,6
AGAAATTATGACTCGC-1,Layer_3,4
AGAACGTGGTACATTC-1,Layer_3,3
AGAACTGTACTTTGTA-1,Layer_6,6
AGAAGAGCGCCGTTCC-1,Layer_3,3
AGAAGGTACACTTCAC-1,WM,1
AGAAGGTTGCCGAATT-1,Layer_5,7
AGAAGGTTGTAGGTCG-1,Layer_6,7
AGAAGTGATTCGTGAT-1,Layer_6,6
AGAATAAATCTTCAGG-1,Layer_5,7
AGAATACAGGCTATCC-1,Layer_6,6
AGAATGCGGGTTCGGA-1,Layer_1,2
AGAATTATGGATTCGA-1,Layer_3,3
AGAATTGTTTGACATA-1,Layer_3,4
AGACAGCTCAGAATCC-1,Layer_4,4
AGACATAGATCCTTCC-1,Layer_1,5
AGACCATGGGATACAA-1,Layer_3,4
AGACCCACCGCTGATC-1,Layer_5,4
AGACCCGCCCTCCTCG-1,Layer_3,4
AGACCGCTCCGCGGTT-1,Layer_3,4
AGACCGGGAAACCCTG-1,Layer_5,6
AGACGAAGTGCCGGTC-1,Layer_3,4
AGACGACGATGCCGCT-1,Layer_6,6
AGACGGGATTGGTATA-1,Layer_1,2
AGACGGGCCGATTTAA-1,Layer_1,5
AGACTAGCCTTCCAGA-1,Layer_3,4
AGACTGTTACCGGGTC-1,WM,1
AGAGAAACACCAGAAA-1,WM,1
AGAGAACCGTCTAGGA-1,Layer_2,3
AGAGAAGGAGTACAAT-1,WM,1
AGAGATCTCTAAAGCG-1,Layer_5,6
AGAGCAGTTATGAGAC-1,Layer_4,4
AGAGCCGCCGAGATTT-1,Layer_4,4
AGAGCGCTTGTAACGG-1,Layer_1,2
AGAGCGGGCTAATCAT-1,Layer_2,3
AGAGCGTACAAGCTCG-1,Layer_3,4
AGAGCTACGAAAGCAT-1,Layer_3,4
AGAGGCTTCGGAAACC-1,Layer_3,4
AGAGGGACAATTGTCC-1,Layer_2,3
AGAGGTATCTCGGTCC-1,Layer_1,2
AGAGTAAACTTCACTA-1,Layer_3,4
AGAGTGAACAGACACC-1,Layer_3,3
AGAGTTAGAGACCGAT-1,Layer_1,5
AGAGTTGCAGGCCTCC-1,Layer_2,5
AGATAACTTCAGGGCC-1,Layer_3,4
AGATACCAATAGAACC-1,Layer_5,7
AGATACCAGCACTTCA-1,Layer_1,2
AGATACCGGTGTTCAC-1,Layer_5,7
AGATACGACTTCATAT-1,Layer_3,3
AGATACTCAAGATCGA-1,Layer_4,4
AGATATAATACGACTA-1,Layer_6,6
AGATCGTGCATAAGAT-1,Layer_1,2
AGATCTCAGGTGTGAT-1,Layer_3,3
AGATGACTCGCCCACG-1,Layer_3,3
AGATGAGGGTTGCGAT-1,Layer_1,2
AGATGATGGAGTCTGG-1,Layer_2,3
AGATGCAAGACGTGCA-1,WM,1
AGATGCTATAACGAGC-1,Layer_3,4
AGATTATAGGACGTTT-1,Layer_3,4
AGATTCAAGCGGGTCG-1,Layer_3,3
AGATTCACAACCGATA-1,WM,1
AGCAAAGGCCGCTAGT-1,Layer_6,7
AGCAACATATCTTATT-1,Layer_3,4
AGCAACCGAAAGTAAT-1,WM,1
AGCACCAGTACTCACG-1,Layer_3,4
AGCACTACCGGCCTGT-1,Layer_5,7
AGCACTACCTCACCAG-1,Layer_5,4
AGCACTTAAGGACGCC-1,Layer_4,4
AGCAGAAGGAGAAAGA-1,Layer_6,6
AGCAGCCAGATGAATA-1,Layer_6,7
AGCAGTCGAAGCATGC-1,Layer_6,6
AGCATATCAATATGCT-1,Layer_4,4
AGCATCATTTCGAAAG-1,WM,1
AGCATCGTCGATAATT-1,Layer_3,4
AGCATTACGAGGCAAG-1,Layer_5,7
AGCCAAGCTTTGTGTC-1,Layer_6,6
AGCCACAGGTTACCCG-1,Layer_5,7
AGCCACTCCCGTGCTT-1,Layer_2,3
AGCCATATAGTATGTG-1,WM,1
AGCCCATACATGTAAG-1,Layer_5,7
AGCCCGCAACAAGCAG-1,WM,1
AGCCCGGCATTAGAGG-1,WM,1
AGCCCGGTAGCCTGTA-1,WM,6
AGCCCTAAGCGAAGTT-1,Layer_2,5
AGCCCTTCTAATCCGA-1,Layer_1,2
AGCCCTTGGACATCCC-1,Layer_4,4
AGCCGCAAATTCAAAT-1,Layer_6,6
AGCCGCTTGATTAGCG-1,Layer_3,4
AGCCGTGGCTAAATGT-1,Layer_6,6
AGCCTAATACCCACGT-1,WM,6
AGCCTTAAAGCGGAAG-1,Layer_3,4
AGCGACAGGAACGGTC-1,Layer_6,6
AGCGACATCCCATTCA-1,Layer_2,3
AGCGACCAACGATATT-1,Layer_3,4
AGCGATGCGCCTAATA-1,Layer_5,7
AGCGCATAATGAATCG-1,Layer_6,7
AGCGCGGGTGCCAATG-1,Layer_1,5
AGCGCTTATGGGCAAG-1,Layer_1,2
AGCGGACACTTCGTAG-1,Layer_6,6
AGCGGCGGTTAGCGGT-1,WM,6
AGCGGGAAGGGTCCAT-1,Layer_3,3
AGCGGGTCTGACACTC-1,Layer_6,6
AGCGGTTGAGATGTAC-1,Layer_2,3
AGCGGTTGCCGCTCTG-1,Layer_1,2
AGCGTACGAGAGCTAG-1,Layer_3,3
AGCGTAGCGCTAGACC-1,Layer_1,3
AGCGTCTGAACCCGCA-1,Layer_2,3
AGCGTGGTATTCTACT-1,Layer_4,4
AGCGTTCCGATTTAAA-1,Layer_2,5
AGCTAACAAGCAATGT-1,WM,1
AGCTAAGTACGCAGGC-1,Layer_5,7
AGCTAGAAGCAGAAGT-1,Layer_1,2
AGCTATTTAATCCAAC-1,Layer_1,2
AGCTCCATATATGTTC-1,Layer_4,4
AGCTCCTTCGCACATC-1,Layer_4,4
AGCTCGTTGATGGAAA-1,Layer_1,5
AGCTCTAGACGTTCCA-1,Layer_3,4
AGCTCTTCCCAGTGCA-1,Layer_1,2
AGCTCTTCGTAACCTT-1,Layer_3,3
AGCTCTTTACTCAGTT-1,Layer_5,7
AGCTGAAGTAAACCAA-1,Layer_1,5
AGCTGCATTTGAGGTG-1,Layer_3,3
AGCTGCTGTGCCGAAT-1,Layer_3,3
AGCTGTAACCTCAATC-1,WM,6
AGCTTATAGAGACCTG-1,Layer_1,2
AGCTTCAATACTTTGA-1,Layer_1,2
AGCTTCTTCTCGAGCA-1,Layer_6,6
AGCTTGATCTTAACTT-1,Layer_5,7
AGGAAAGCCTCTGATG-1,Layer_3,3
AGGAAGCTGTCCGCCG-1,Layer_6,7
AGGACAGTCGAATCCC-1,Layer_3,4
AGGACATCGCACGTCG-1,Layer_3,3
AGGACGACCCATTAGA-1,Layer_5,7
AGGACGCTCGATGTTG-1,Layer_1,2
AGGACTTATAGGAGAA-1,Layer_3,4
AGGAGGCCTTCGCGCG-1,Layer_4,4
AGGATAAAGTCGGGAT-1,Layer_5,7
AGGATATAGGGATTTA-1,Layer_3,4
AGGATATCCGACTGCA-1,Layer_6,6
AGGATCACGCGATCTG-1,Layer_6,6
AGGCAAAGAGGAATCA-1,Layer_1,2
AGGCACGTGACTGTCC-1,Layer_4,4
AGGCAGATGCGTAAAC-1,Layer_2,3
AGGCAGGGAGCGTACT-1,Layer_6,6
AGGCATTGTCGTAGGG-1,Layer_3,4
AGGCCACCCGTTATGA-1,Layer_3,4
AGGCCCAGTGACTGGT-1,Layer_3,4
AGGCCCATTGTACAGG-1,Layer_2,3
AGGCCCTAGAACGCCA-1,Layer_6,6
AGGCCTATCATACCAA-1,WM,1
AGGCCTGAGAATCTCG-1,Layer_5,7
AGGCGGTTTGTCCCGC-1,WM,1
AGGCGTCTATGGACGG-1,Layer_1,2
AGGCTATGGTTAGCTT-1,Layer_3,4
AGGCTTCCCGAAGAAG-1,Layer_5,7
AGGCTTGCTAGACACC-1,Layer_4,4
AGGGAAACGAGGTACT-1,Layer_1,2
AGGGACAGCACGGCGG-1,Layer_1,2
AGGGACCGGCTGCGTT-1,Layer_3,3
AGGGACTCTACGCGAC-1,Layer_6,7
AGGGAGACATACTTCG-1,Layer_1,2
AGGGCAGCGGCGTGGT-1,Layer_1,2
AGGGCGAGCAGCTGAT-1,Layer_6,6
AGGGCGTGATCGGCTA-1,Layer_3,4
AGGGCTGCAGTTACAG-1,Layer_3,4
AGGGTCAGAGCACTCG-1,WM,1
AGGGTCAGTAACCCTA-1,Layer_1,2
AGGGTCGATGCGAACT-1,Layer_3,3
AGGGTGCCGTTCTTTA-1,WM,1
AGGGTGCTCTCGAGGG-1,Layer_3,3
AGGGTGGATAGTGCAT-1,Layer_5,7
AGGGTGTGCTACACGC-1,Layer_3,3
AGGGTTCAGACGGTCC-1,WM,1
AGGGTTCCCTTTGGTT-1,Layer_3,3
AGGGTTTAGTTCGGGA-1,Layer_3,4
AGGTAACCTCCTATTC-1,Layer_3,3
AGGTACGATATTGCCA-1,Layer_1,2
AGGTAGATCGAGATAT-1,WM,1
AGGTAGGTACAAAGCT-1,Layer_4,4
AGGTATAATTGATAGT-1,Layer_2,3
AGGTCAGGTGAGAGTG-1,Layer_6,6
AGGTCGCCACTTCGGT-1,Layer_1,5
AGGTCGCGGAGTTACT-1,Layer_1,2
AGGTGCACGTCCACAT-1,Layer_6,6
AGGTGGTGACCTTCGC-1,WM,6
AGGTGTATCGCCATGA-1,Layer_5,7
AGGTTACACCATGCCG-1,Layer_3,4
AGGTTGAGGCACGCTT-1,Layer_3,3
AGGTTTCACACACCTT-1,Layer_4,4
AGTAACGTTCATCCTG-1,Layer_1,5
AGTAACTATAGCAGCC-1,Layer_6,6
AGTAATCTAAGGGTGG-1,Layer_6,6
AGTAATGTCTTGCCGC-1,Layer_2,3
AGTACAGAAGCTTATA-1,Layer_6,6
AGTACATCATTTATCA-1,Layer_1,5
AGTACCTTCGAGTGCT-1,Layer_1,5
AGTACGGCCCGTATCG-1,Layer_5,7
AGTACGGGCACCTGGC-1,Layer_3,3
AGTACGTGGCCTGTCT-1,Layer_1,2
AGTACTCTTATGCCCA-1,Layer_5,4
AGTAGAAGGCGCCTCA-1,WM,1
AGTAGCGTGAACGAAC-1,Layer_1,2
AGTAGCTAGACGCCGA-1,Layer_2,3
AGTAGGAAGGAAGTTG-1,Layer_1,2
AGTAGGTAACATACAT-1,Layer_2,3
AGTATAATACTAGGCA-1,Layer_3,4
AGTATACACAGCGACA-1,WM,1
AGTATCCATAATAACG-1,Layer_2,3
AGTATGCTGGAGACCA-1,WM,1
AGTATTTGGCACGACC-1,Layer_6,6
AGTCAAATGATGTGAT-1,WM,1
AGTCAACACCACCATC-1,Layer_5,4
AGTCAAGATGACACTT-1,Layer_3,4
AGTCACTAGCTCTCGA-1,Layer_4,4
AGTCACTCCGCCTCAT-1,Layer_2,3
AGTCAGCCACCGCCTG-1,Layer_3,4
AGTCCAGCGGGTACGT-1,Layer_2,3
AGTCCATTGGCTGATG-1,Layer_3,4
AGTCCCGCCTTTAATT-1,Layer_1,2
AGTCGACGGTCTCAAG-1,Layer_3,3
AGTCGGCCCAAACGAC-1,Layer_3,4
AGTCGGCTCAACTTTA-1,Layer_6,6
AGTCGGTTGCGTGAGA-1,Layer_3,3
AGTCGTATAAAGCAGA-1,Layer_6,7
AGTCGTCGACCACCAA-1,Layer_5,4
AGTCGTGGGCATTACG-1,Layer_6,6
AGTCTAAAGTATACTC-1,Layer_1,2
AGTCTCACAAGACTAC-1,Layer_6,6
AGTCTGGACATCCTTG-1,Layer_3,4
AGTCTTCTCCTCAAAT-1,Layer_3,3
AGTCTTTAAAGTGTCC-1,Layer_6,6
AGTGAACAAACTTCTC-1,Layer_3,4
AGTGAAGATGGTGTCC-1,Layer_1,2
AGTGACCTACTTTACG-1,Layer_5,7
AGTGACTGTGACACAA-1,WM,1
AGTGAGACTTCCAGTA-1,Layer_3,3
AGTGAGCCTCGCCGCC-1,Layer_2,5
AGTGAGGGTTTCTGAC-1,Layer_1,2
AGTGAGTCGAATTAAC-1,Layer_5,7
AGTGATAACCTGCGCG-1,Layer_5,7
AGTGATATGAGTAGTT-1,Layer_5,7
AGTGATTCAAGCAGGA-1,Layer_3,3
AGTGCACGCTTAAGAA-1,Layer_4,4
AGTGCGTAGCTCGTAA-1,Layer_5,7
AGTGCTAAACACAGCA-1,Layer_5,7
AGTGCTTGCACGAATA-1,Layer_3,4
AGTGGCCCGCAAATGG-1,Layer_6,6
AGTGGCGGCAATTTGA-1,Layer_1,5
AGTGGCGTCTGAAGGT-1,Layer_5,7
AGTGGCTCCGTCGGCC-1,Layer_5,6
AGTGGTGTTACCCGTG-1,Layer_6,6
AGTGGTTGCGTATAGG-1,Layer_5,6
AGTGTATTGCGCATTG-1,Layer_1,2
AGTGTGCTAAGATCGC-1,Layer_3,4
AGTGTGGTCTATTGTG-1,Layer_3,4
AGTTAAACACTTGCGA-1,Layer_5,7
AGTTAAGCGGTCCCGG-1,Layer_1,2
AGTTAAGTCAACCGCT-1,Layer_6,6
AGTTACCCTTAAGACT-1,Layer_4,4
AGTTACCGCACATGGT-1,Layer_4,4
AGTTACTCTATCGTGG-1,Layer_1,2
AGTTATTGAAAGGTAA-1,Layer_1,2
AGTTCACCGGTTGGAC-1,Layer_3,4
AGTTCCTACAGAATTA-1,Layer_3,4
AGTTCCTATTTATGTT-1,Layer_4,4
AGTTCTGCGTTGTATC-1,Layer_3,4
AGTTGACATCGGCTGG-1,Layer_3,3
AGTTGACGGTCCTTGC-1,Layer_6,6
AGTTGCTGACTGATAT-1,Layer_3,4
AGTTGGCAAGGCTAGA-1,Layer_5,7
AGTTTCGCAGGTCGGA-1,Layer_1,5
AGTTTGCACCTGCCTC-1,Layer_5,7
AGTTTGGCACGGGTTG-1,Layer_3,4
AGTTTGGCCAGACCTA-1,Layer_6,7
ATAAACCATTGGACGG-1,Layer_1,2
ATAAACGGACCCGTAA-1,Layer_5,4
ATAAACGTTGCACCAC-1,Layer_4,4
ATAAAGGCTCGGTCGT-1,Layer_3,4
ATAAAGGTCAAGTACG-1,Layer_1,2
ATAAATATTAGCAGCT-1,Layer_5,7
ATAACGCCGGAGGGTC-1,Layer_3,4
ATAACGGAGTCCAACG-1,Layer_3,3
ATAACGTTACCTCCAC-1,Layer_2,5
ATAAGCAAACACCGAG-1,Layer_2,3
ATAAGGTGGAGAACAT-1,Layer_5,4
ATAAGTACCCGATTGT-1,Layer_2,5
ATAAGTAGGATTCAGA-1,Layer_1,5
ATAAGTAGGGCGACTC-1,Layer_3,3
ATAAGTTACCGCGACG-1,Layer_5,7
ATAATACCGTTAGCCG-1,Layer_3,4
ATAATAGCTGTTGAAT-1,Layer_5,4
ATAATAGTGTAGGGAC-1,Layer_3,4
ATAATCTTGGAGAACC-1,Layer_5,7
ATAATTAGCTAAGTAG-1,Layer_6,6
ATACAGGCCCTCCAAT-1,Layer_5,7
ATACCACGGGCAACTT-1,Layer_5,7
ATACCAGCAAATTGCT-1,Layer_1,2
ATACCAGGCTAATAGA-1,Layer_1,5
ATACCAGGTGAGCGAT-1,Layer_1,2
ATACCGTCATCCATAA-1,Layer_1,2
ATACCTAACCAAGAAA-1,Layer_6,7
ATACGACAGATGGGTA-1,Layer_3,3
ATACGCCGATCTACCG-1,Layer_1,2
ATACGCCGGCGAAACC-1,Layer_3,4
ATACGGAACGTCGTTT-1,WM,1
ATACGGGTTTCGATTG-1,Layer_2,3
ATACGGTGAAGATGCA-1,Layer_5,7
ATACGTACTTAGCCAC-1,Layer_5,7
ATACGTCCACTCCTGT-1,Layer_3,4
ATACGTTATGCACGGA-1,Layer_6,6
ATACTACCCGTACCAC-1,Layer_5,4
ATACTAGCATGACCCT-1,Layer_3,3
ATACTCTCGCCACTCT-1,Layer_3,3
ATACTGCCTTACACCG-1,Layer_5,7
ATACTTGTTCTCGAGC-1,Layer_5,7
ATAGACAACGGGACCT-1,Layer_2,3
ATAGACGAAGAGAAAG-1,Layer_3,4
ATAGAGTACTGGGACA-1,Layer_3,4
ATAGAGTTATCAACTT-1,Layer_2,5
ATAGATTTGCAGTCGG-1,Layer_1,2
ATAGCAACTAGGGAAG-1,Layer_5,7
ATAGCCTCAGTACCCA-1,Layer_3,4
ATAGCTGCTCTTGTTA-1,Layer_3,4
ATAGGAATCTAAGCTT-1,Layer_2,5
ATAGGCGGCTATAGAA-1,Layer_5,7
ATAGGCTAGCTTCGCA-1,Layer_1,2
ATAGGGATATCCTTGA-1,Layer_3,3
ATAGGTTGGGCAGATG-1,Layer_3,4
ATAGTCTTTGACGTGC-1,Layer_1,2
ATAGTGAAGCGTTCTC-1,Layer_4,4
ATAGTTCCACCCACTC-1,Layer_3,3
ATATAAAGCGCTCGTG-1,Layer_5,7
ATATAAATGTAGCTGC-1,Layer_5,7
ATATAACACGGGCGCA-1,Layer_5,7
ATATACGCTCGTGACG-1,Layer_5,7
ATATCAACCTACAGAG-1,Layer_3,3
ATATCGGTAGGGAGAT-1,Layer_3,3
ATATCGTGCCAGACCC-1,Layer_1,2
ATATCGTTCCTCGAAC-1,Layer_5,7
ATATCTCCCTCGTTAA-1,Layer_1,2
ATATCTTAGGGCCTTC-1,Layer_3,4
ATATGGGATAGCAACT-1,WM,1
ATATGTCTAGAGCGTG-1,WM,6
ATATGTCTCCCTAGCC-1,Layer_3,3
ATATGTGCACAAACCA-1,Layer_2,3
ATATTCAGTTAAACCT-1,Layer_5,7
ATATTCCACATAGTGA-1,Layer_5,4
ATATTCCCACAGGTCA-1,Layer_1,5
ATATTGCTGTCAAAGT-1,Layer_3,4
ATATTTAACCCTCAAG-1,Layer_3,4
ATCAAACACTGTTCCA-1,Layer_3,4
ATCAAACGAAGGTTTG-1,Layer_6,6
ATCAAGATCCCAGGAC-1,WM,1
ATCAATCTGGGCTGCA-1,Layer_3,4
ATCACATTAGAATATC-1,Layer_1,5
ATCACGTGCTAATTAA-1,Layer_5,7
ATCACTTCATCCTCGC-1,Layer_3,3
ATCAGACGGCACGCCG-1,Layer_5,7
ATCAGCCTCATGCTGC-1,Layer_5,4
ATCAGCTCGTCCACTA-1,WM,6
ATCAGGTCGCCATTGC-1,Layer_1,2
ATCAGTAGGCAGGGAT-1,Layer_2,5
ATCATAGCCCTATGTA-1,Layer_5,7
ATCATCCAATATTTGT-1,Layer_4,4
ATCATCTGCCCAGTGT-1,Layer_1,5
ATCCAACGCAGTCATA-1,Layer_3,4
ATCCAATGGAGGGTCC-1,Layer_5,7
ATCCAATGGTACCGAA-1,Layer_5,6
ATCCACATCGACAGAA-1,Layer_6,6
ATCCACGCTAAATGTT-1,Layer_1,2
ATCCACTTTCAGACTA-1,Layer_2,3
ATCCAGAGCAACAACC-1,Layer_5,7
ATCCAGGATTCGTGAA-1,Layer_5,4
ATCCCATTTCCGTGGG-1,WM,1
ATCCTACCTAAGCTCT-1,Layer_5,7
ATCCTGAATCGCTGCG-1,Layer_5,7
ATCCTGCGTGGAATGG-1,Layer_5,7
ATCCTGCTGCAGATAG-1,Layer_1,5
ATCGACCCAATACAGA-1,Layer_4,4
ATCGACTCTTTCCGTT-1,Layer_3,3
ATCGCACGATTGTTCA-1,Layer_3,3
ATCGCACGCCGGGAGA-1,Layer_3,4
ATCGCCAGTCAACATT-1,Layer_3,4
ATCGCTGCGTGCAGCA-1,Layer_1,2
ATCGGAGACAGACGGC-1,Layer_5,4
ATCGGCAAGCAGTCCA-1,Layer_1,2
ATCGGTTACCTAGTAA-1,Layer_5,7
ATCGTATTCCGAGAAC-1,Layer_5,7
ATCGTCCAATCGAGTC-1,Layer_3,4
ATCGTTAGCTAGCGGA-1,Layer_5,4
ATCGTTCACTTTCGCC-1,Layer_1,2
ATCTAACGTCCCTATG-1,Layer_3,4
ATCTAATATCCTACGG-1,Layer_5,7
ATCTACCATCTGCTCC-1,Layer_6,6
ATCTAGCTTGTGAGGG-1,Layer_6,6
ATCTCATAAACCTACC-1,Layer_3,3
ATCTCCCACGGAATAT-1,Layer_5,7
ATCTCCCTGCAATCTA-1,Layer_1,5
ATCTCGTGAGCGAAAC-1,Layer_3,4
ATCTGACATGGAAGGA-1,WM,1
ATCTGATAGTGTCTTA-1,Layer_3,4
ATCTGCACCTCTGCGA-1,Layer_2,5
ATCTGCTGTTATCGCC-1,WM,1
ATCTGGGCTGTTCTTG-1,Layer_6,7
ATCTGGTTAAGACTGT-1,Layer_3,3
ATCTGTAATTGTACCC-1,Layer_2,3
ATCTTATCGCACACCC-1,Layer_5,7
ATCTTGACCTGCAACG-1,Layer_3,4
ATCTTGACTTGTCCAA-1,Layer_1,5
ATCTTTCGTATAACCA-1,Layer_1,2
ATGAAGCCAAGGAGCC-1,Layer_3,4
ATGAAGTGGACCCAGC-1,Layer_5,7
ATGACGCCGGCTCTAA-1,Layer_2,3
ATGACGCGTTCTATCC-1,Layer_6,6
ATGACTATCAGCTGTG-1,WM,1
ATGACTATGCGACATT-1,Layer_4,4
ATGAGGAGTGTTAATC-1,Layer_3,4
ATGAGGGCAGCGGCTA-1,Layer_3,3
ATGATCGGGAATAGAC-1,Layer_3,3
ATGATGCAATGGTACA-1,Layer_5,7
ATGCACCTTCCTTAAT-1,Layer_4,4
ATGCACTACCGCATTG-1,Layer_3,4
ATGCATGATCCAGGAT-1,Layer_3,3
ATGCATTCCGTGATGG-1,Layer_1,2
ATGCCAATCGCTCTGC-1,Layer_1,2
ATGCCATTTGCGACCA-1,Layer_3,4
ATGCCGGTCTTGCATA-1,Layer_3,3
ATGCCGGTTGATGGGA-1,Layer_1,2
ATGCGACAATTGGTCC-1,Layer_1,2
ATGCGACAGTCCCATT-1,Layer_3,4
ATGCGAGTCCCACCAC-1,Layer_3,4
ATGCTCAGTGTTGCAT-1,Layer_3,4
ATGCTCTGGCGCGGTA-1,Layer_5,7
ATGCTTAGGAGTTGAT-1,Layer_4,4
ATGGAACAGAATAAAC-1,Layer_3,3
ATGGAGCAGGCCGTGA-1,Layer_3,4
ATGGATCCGGCGTCCG-1,Layer_1,5
ATGGATTGACCAAACG-1,Layer_3,4
ATGGCAGCCGAGAAAC-1,Layer_5,7
ATGGCTGGAAATGGCC-1,Layer_1,2
ATGGGAACGGAAGCGG-1,Layer_1,5
ATGGGACCTGCTGAAC-1,WM,1
ATGGGCCTCGGCCTCT-1,Layer_3,4
ATGGTATTGGGAACCG-1,WM,6
ATGGTCGCGTGGTTTC-1,Layer_3,4
ATGGTGCTCAAAGCCA-1,Layer_1,2
ATGGTTACGAAACATG-1,Layer_2,3
ATGTAAGGCTGCTCTT-1,Layer_2,5
ATGTACATGCGGTGAG-1,Layer_5,7
ATGTACGATGACGTCG-1,Layer_6,6
ATGTAGCGCGCGTAGG-1,Layer_6,6
ATGTCATTTCCCATTG-1,Layer_3,4
ATGTGAAAGCCTAATG-1,Layer_6,6
ATGTGCATCCGACGCA-1,Layer_3,3
ATGTGGACATCTTGAT-1,Layer_4,4
ATGTGTAGTTTAGTCA-1,Layer_1,2
ATGTTACGAGCAATAC-1,Layer_3,4
ATGTTCCTGCCCACCT-1,Layer_3,4
ATGTTCGTCGACCCAC-1,Layer_5,7
ATGTTGATTAGAGACT-1,Layer_6,6
ATGTTGTAGTCTGTTT-1,WM,1
ATGTTTGTAAGATCAT-1,Layer_2,3
ATTAAACATGCGGACC-1,Layer_4,4
ATTAACACCTGAGATA-1,Layer_4,4
ATTAATACTACGCGGG-1,Layer_3,3
ATTAATGAACCAGTCG-1,Layer_2,3
ATTAATTCGGTCACTC-1,Layer_1,5
ATTACAACTACCGGCC-1,Layer_1,2
ATTACATGTCAGTCTT-1,Layer_3,4
ATTACCACACTGCCTG-1,Layer_3,4
ATTACGACTCCACAGT-1,Layer_1,2
ATTACGCGCTGGCAGG-1,Layer_5,7
ATTACTAGCCTCTTGC-1,Layer_3,4
ATTACTTACTGGGCAT-1,Layer_1,2
ATTAGATTCCTCAGCA-1,Layer_1,2
ATTAGATTGATAGCGG-1,Layer_3,3
ATTAGGCGATGCTTTC-1,Layer_3,4
ATTATACTTTGCTCGT-1,Layer_1,5
ATTATAGCTACTTTAC-1,Layer_2,5
ATTATCGGAATGTACG-1,WM,1
ATTATCTCGACAGATC-1,Layer_1,2
ATTATGCCATAGGGAG-1,Layer_3,3
ATTATGCTCAGTATTG-1,Layer_3,3
ATTATTATGTCCGTCA-1,WM,1
ATTATTCAGAGTCACT-1,Layer_6,6
ATTCAACCATTTAAGG-1,Layer_5,4
ATTCACTGATGTTGGA-1,Layer_5,7
ATTCAGATGAATCCCT-1,Layer_3,3
ATTCAGGACCTATTTC-1,Layer_1,2
ATTCAGGATCGCCTCT-1,Layer_1,5
ATTCAGTAGCAGGGTC-1,Layer_4,4
ATTCATATACTGTCCA-1,Layer_5,4
ATTCATCGTTGAGGCA-1,Layer_5,7
ATTCCCACATAAACAA-1,Layer_3,4
ATTCCTAAGACGTGGA-1,Layer_1,2
ATTCCTCCGCCAGTGC-1,Layer_3,4
ATTCCTTCCAGGCGGT-1,Layer_3,3
ATTCGACGCCGGGCCT-1,Layer_5,7
ATTCGCAGAGGACACT-1,Layer_1,5
ATTCGCGCCTTGAGAG-1,Layer_5,7
ATTCGTGCTATCTCTT-1,Layer_3,4
ATTCTCGTCTCTTTAG-1,Layer_2,3
ATTCTGAGTATGAACT-1,Layer_1,2
ATTCTTCGTACTTATG-1,Layer_1,2
ATTGAAGATCTTAGTG-1,Layer_3,4
ATTGACCGGCGATGAC-1,Layer_1,2
ATTGACGTAACTCGGT-1,Layer_1,2
ATTGATAGCAACGAGA-1,Layer_3,4
ATTGATGAGTCCTAAC-1,Layer_3,3
ATTGCCTTTATGTTTG-1,Layer_6,7
ATTGCGATCAGTAACT-1,Layer_4,4
ATTGCTGCTCCTCCAT-1,Layer_4,4
ATTGGATTACAGCGTA-1,Layer_4,4
ATTGGGAATATCTTGG-1,Layer_2,3
ATTGGGAGTTCTGTAA-1,Layer_2,3
ATTGGTAGGATCCGCT-1,Layer_5,4
ATTGGTTGTGCATTAC-1,Layer_6,7
ATTGTACAACTCGGCT-1,Layer_3,3
ATTGTCGCAATACCTT-1,Layer_1,2
ATTGTCTGTTTCATGT-1,WM,1
ATTGTGACTTCGCTGC-1,Layer_1,5
ATTTAACTCGTATTAC-1,Layer_2,3
ATTTACAGTTTACTGG-1,Layer_3,4
ATTTACTAAGTCCATT-1,Layer_1,5
ATTTATACTGGTAAAG-1,WM,6
ATTTCATTATTTCGCG-1,Layer_1,2
ATTTCCGGGTTCTGCG-1,Layer_6,6
ATTTGCCTAGTTACGA-1,Layer_1,2
ATTTGCGCGAGTAGCT-1,Layer_6,6
ATTTGTCTTGGGAGCT-1,Layer_3,4
ATTTGTTCCAGGGCTC-1,Layer_2,3
CAAACCAGGTCTGCAT-1,Layer_6,6
CAAACCCTCCGGCGGG-1,WM,6
CAAACGAGTATCGCAG-1,Layer_5,7
CAAACGGTCGCACTTT-1,Layer_3,4
CAAACGTGGTCTTGCG-1,Layer_1,2
CAAACTACGATAGAGA-1,Layer_1,2
CAAACTATTGAGCTTC-1,Layer_1,2
CAAACTCGCGACGCCG-1,Layer_3,4
CAAAGATTATTGGGCC-1,WM,6
CAAAGGTTAAATTCAG-1,Layer_3,3
CAAAGTCAGGTTAGCT-1,Layer_3,4
CAAATCTCTCACAAGG-1,Layer_6,6
CAAATGCGGAGTGTTC-1,Layer_1,2
CAAATGTCCTTCCGTG-1,Layer_5,7
CAAATTGGATTATGCC-1,Layer_1,2
CAAATTGTCAGCAAGC-1,Layer_1,2
CAACACATCTCCTGCC-1,Layer_1,5
CAACAGAATAACGCTA-1,Layer_2,3
CAACAGTGCCAAACGG-1,Layer_1,2
CAACATGGCCTGATAA-1,Layer_3,4
CAACCAGTGGCCTACC-1,Layer_5,7
CAACCGCACCTAGACA-1,Layer_3,4
CAACCTACCGAGCAGT-1,Layer_5,7
CAACGACCCGTTTACA-1,Layer_3,3
CAACGGTTCTTGATAC-1,Layer_3,4
CAACGTGGTGGAGTCT-1,Layer_4,4
CAACTATATCGAATGC-1,Layer_1,2
CAACTCCAACGTTTAG-1,Layer_1,2
CAACTCCGTAACTTGC-1,Layer_1,5
CAACTCCTTGATCCCG-1,Layer_3,3
CAACTGAGGGTATGAC-1,Layer_2,5
CAACTGCTCATCCGAT-1,Layer_6,6
CAACTTGTAGTGGGCA-1,Layer_2,3
CAAGAAACCCTAAACT-1,Layer_3,3
CAAGAGGGCGGAGTAC-1,Layer_4,4
CAAGATATTATAACGT-1,Layer_3,4
CAAGCAACGTCGGAGT-1,Layer_4,4
CAAGCACCAAATGCCT-1,Layer_2,3
CAAGCGGCACATAATT-1,Layer_5,7
CAAGGATCGCATGTTC-1,Layer_3,4
CAAGGCCAGTGGTGCA-1,Layer_5,7
CAAGGGAGTGTATTTG-1,Layer_1,5
CAAGGTCCTATAGGCT-1,Layer_2,3
CAAGTAAGTGATAGAC-1,WM,1
CAAGTGAACTTTGGTT-1,Layer_1,2
CAAGTGTGGTTGCAAA-1,Layer_3,3
CAATAAACCTTGGCCC-1,Layer_3,3
CAATACGAGAGTCTGA-1,Layer_3,3
CAATACGCTCTGAGGC-1,Layer_5,6
CAATATGTAGATTTAC-1,Layer_2,3
CAATATTCTTGACCTA-1,Layer_6,6
CAATATTGGACTAGTG-1,Layer_3,3
CAATCCATTATCCGTT-1,Layer_2,3
CAATCCCTATACCAGC-1,Layer_1,2
CAATCCTGCCGTGGAG-1,Layer_3,4
CAATGACCCTTAATTT-1,WM,6
CAATGAGGTTCGACTA-1,Layer_1,2
CAATGCGAGAAGTATC-1,Layer_5,4
CAATGGAATCTACATA-1,Layer_1,2
CAATGGATCTCTACCA-1,Layer_3,3
CAATGGTCGGCCTGGG-1,Layer_1,2
CAATGTGCCAACCCTT-1,Layer_2,3
CAATTAAGGGTGATGA-1,Layer_3,4
CAATTTCGTATAAGGG-1,Layer_3,4
CAATTTGACCGGGAAG-1,Layer_3,4
CACAAGAAAGATATTA-1,Layer_1,2
CACAATGAGCTGCTAT-1,Layer_5,4
CACACACGCTAACGAG-1,Layer_4,4
CACACAGCTTGCGCTC-1,Layer_3,4
CACACAGGGATAGATT-1,Layer_3,4
CACACGCGCTGTCTTA-1,Layer_3,3
CACACGTTTCAATGGG-1,Layer_1,2
CACACTTGTATTGCGA-1,Layer_2,5
CACAGCACCCACGGCA-1,Layer_3,4
CACAGCTAGGGAGTGA-1,Layer_3,3
CACAGGGCCATATAGT-1,Layer_5,4
CACAGGGCCGTTGTCA-1,Layer_6,6
CACAGTCCCGCTTCGC-1,Layer_5,7
CACAGTTCGCTTCCCA-1,Layer_3,4
CACATAAGGCGACCGT-1,Layer_1,2
CACATATTAGCAGGAT-1,Layer_4,4
CACATCGTGCACGCGC-1,WM,1
CACATCTCACCGACGA-1,Layer_5,7
CACATGATTCAGCAAC-1,Layer_3,4
CACATGTTTGGACATG-1,Layer_3,4
CACATTCTTTCGATGG-1,Layer_1,2
CACATTTCTTGTCAGA-1,Layer_3,4
CACCACGCCACACAGA-1,Layer_6,6
CACCAGTCAGCATGCA-1,WM,1
CACCATCGGAGGAGAC-1,Layer_1,5
CACCATGATCGCAAAG-1,Layer_1,5
CACCCAAATCTTATGT-1,Layer_3,3
CACCCACACGTCACCC-1,Layer_3,4
CACCCACGAGGCAATT-1,Layer_1,2
CACCCGGTTTGTGACT-1,Layer_6,6
CACCCTAACAAGATCT-1,Layer_5,7
CACCCTTGGTGAGACC-1,WM,6
CACCCTTTCCTCGCTC-1,Layer_2,3
CACCGATACACCGAGC-1,Layer_1,2
CACCGCCAGAAGGTTT-1,Layer_3,4
CACCGCCGACCAGCGA-1,Layer_1,2
CACCGCGTCCACTCTA-1,Layer_1,2
CACCGGAGATATCTCC-1,Layer_1,2
CACCGGGCATCACAAG-1,Layer_6,6
CACCGTATCCCATCCG-1,Layer_3,4
CACCGTTAGGGATCAC-1,Layer_6,6
CACCGTTGCGCGATAT-1,Layer_6,6
CACCTAATAGAGTCGT-1,Layer_3,4
CACCTAATCAGTTTAC-1,Layer_2,3
CACCTCGATGGTGGAC-1,Layer_2,3
CACCTCTACGAGTGTG-1,Layer_3,3
CACCTTGCGAAACTCG-1,Layer_2,3
CACCTTGGCGCCTTTG-1,Layer_3,4
CACGAAAGTTAGTCCC-1,Layer_4,7
CACGACCACAGACTTT-1,Layer_2,3
CACGACGTAATAGTAA-1,Layer_2,5
CACGACTAAAGTTCTG-1,Layer_1,2
CACGATTGGTCGTTAA-1,Layer_1,2
CACGCACAGCGCAGCT-1,Layer_3,3
CACGCAGCGAGGCTTT-1,Layer_3,4
CACGCGGAACTGTTGC-1,Layer_3,4
CACGGCGCGCCAAAGG-1,Layer_1,2
CACGGGATTGAGGGTT-1,Layer_5,7
CACGTCAATCAATGGA-1,Layer_5,7
CACGTCGGCAACCTCT-1,Layer_6,6
CACGTCGGGTTCTAGA-1,Layer_3,4
CACGTCTATGATGTGG-1,Layer_1,2
CACGTTCGTGCTCTAG-1,Layer_3,4
CACGTTTCGTACACAC-1,Layer_5,4
CACTAAAGTTGCCTAT-1,Layer_3,4
CACTACGGGAGCTGCC-1,Layer_5,4
CACTACTCAGTTCTGT-1,Layer_1,2
CACTCAAGAGCTATGG-1,Layer_4,4
CACTCAGCTCTTGAGG-1,Layer_1,2
CACTCCTATGTAAGAT-1,Layer_6,6
CACTCCTCTCGGTCGG-1,Layer_1,2
CACTCGAGCTGAACAA-1,Layer_4,4
CACTCGGTTAGGAGGA-1,Layer_5,7
CACTCTCAAGCATCGA-1,WM,1
CACTCTTCTGCTAGCC-1,Layer_5,7
CACTGACGATTGTGGA-1,WM,1
CACTGTCCAAGTGAGA-1,Layer_3,4
CACTTAATCAGACGGA-1,Layer_3,4
CACTTCGCCACAGGCT-1,Layer_3,4
CACTTCGTCTTATCTC-1,Layer_3,4
CAGAACTTAGCCCTCT-1,Layer_4,4
CAGAATAACACACGGA-1,Layer_4,4
CAGACACCGATCGCTG-1,Layer_5,7
CAGACCTGTAAGTGTT-1,Layer_2,3
CAGACGAACCTGATAC-1,Layer_5,7
CAGAGACGGTCACCCA-1,Layer_5,7
CAGAGCATGAGCTTGC-1,Layer_3,3
CAGAGGCGATGCATGA-1,Layer_6,7
CAGAGTGATTTAACGT-1,Layer_1,2
CAGATAATGGGCGGGT-1,Layer_5,7
CAGATACTAACATAGT-1,Layer_3,4
CAGATCATTTAAAGTC-1,Layer_1,2
CAGATCCTGGTTTGAA-1,WM,1
CAGCAGCCCGTTCCTT-1,Layer_3,3
CAGCAGTCCAGACTAT-1,Layer_3,4
CAGCAGTCTGTGCTGC-1,Layer_6,7
CAGCCCTCACAGGCAG-1,Layer_1,2
CAGCCGGGCCCTCTAT-1,Layer_1,2
CAGCCTCCTGCAGAGG-1,Layer_2,3
CAGCCTCTCCTCAAGA-1,Layer_1,2
CAGCGATTCCCTTCAA-1,Layer_6,6
CAGCGCCAACACGATA-1,Layer_5,6
CAGCTCACTGAGACAT-1,Layer_3,4
CAGCTCGACAAGTTAA-1,Layer_2,3
CAGCTCGTGCTTGTGT-1,Layer_3,3
CAGCTGGCGTAACCGT-1,Layer_6,6
CAGCTTAGTAGGTAGC-1,Layer_4,4
CAGGAAGACTTTATAT-1,Layer_1,2
CAGGATATATCGTTGT-1,Layer_4,4
CAGGATCCGCCCGACC-1,Layer_1,2
CAGGCAGTCTTACCAG-1,Layer_6,7
CAGGCCGTTTGGGTGT-1,Layer_4,7
CAGGCGCACGGTGGTC-1,WM,1
CAGGCGCCATGCTAGG-1,Layer_4,4
CAGGTTTAGTACTACA-1,Layer_1,5
CAGTAACTATTTATTG-1,Layer_1,2
CAGTAATCCCTCCCAG-1,Layer_3,4
CAGTACATTCTCTAAA-1,Layer_1,2
CAGTACCAGTTTACGT-1,Layer_6,6
CAGTAGATGATGTCCG-1,Layer_3,4
CAGTAGCCCACGCGGT-1,Layer_2,5
CAGTAGCGAGGTAGTA-1,Layer_2,5
CAGTCCAACGCCTTCT-1,Layer_2,3
CAGTCGAGGATGCAAT-1,Layer_1,2
CAGTCGGCCTAGATAT-1,Layer_6,6
CAGTCTCTCGGCTAAT-1,Layer_2,3
CAGTCTGTATACTGGG-1,Layer_4,4
CAGTGAATAAATGACT-1,Layer_2,3
CAGTGGTTGCACATGA-1,Layer_3,4
CAGTGTCCGCAGAATG-1,Layer_3,3
CAGTGTCGGCTGGCCC-1,Layer_4,4
CAGTTCAAATTGACAC-1,Layer_3,4
CAGTTCCGCGGGTCGA-1,Layer_3,4
CAGTTCGAGGACCCGA-1,WM,1
CATAACGGACAGTCGT-1,Layer_3,3
CATAAGAAGCTTGGCT-1,Layer_5,7
CATAAGCTCTCCGTCT-1,Layer_6,6
CATAATGAGCGGGCGA-1,Layer_1,5
CATACAAAGCCGAACC-1,Layer_3,3
CATACACGGTTCCCAC-1,Layer_6,6
CATACCCGTACCCAGT-1,Layer_5,7
CATACGAACTAGCTGG-1,WM,1
CATACGGCGTCTGGGC-1,Layer_3,4
CATACGGGTGCATGAT-1,Layer_3,3
CATACTATGTAATTGT-1,Layer_4,4
CATACTTAGGCAATAC-1,Layer_3,3
CATACTTCTTTCTCCG-1,WM,1
CATAGAGGAGATACTA-1,Layer_6,6
CATAGCCGCCCGGGAT-1,Layer_4,4
CATAGCGTTGCCCACC-1,Layer_6,6
CATAGTACATTGAGAG-1,Layer_1,2
CATAGTAGCATAGTAG-1,Layer_3,4
CATAGTCAAATACATA-1,Layer_5,7
CATAGTCCACAAGAAC-1,Layer_5,7
CATATACTACTGATAA-1,Layer_1,2
CATATAGGTACAGTCA-1,Layer_5,4
CATATGTCAGGCTACG-1,Layer_6,6
CATATTATTTGCCCTA-1,Layer_1,2
CATCAAACTGGCGCCC-1,Layer_1,2
CATCAACACCTACTAA-1,Layer_3,4
CATCATCTACCCGGAC-1,Layer_1,2
CATCATTACCCTGAGG-1,Layer_4,4
CATCCCGAGATTCATA-1,Layer_5,6
CATCCGCAGGCCCGAA-1,Layer_3,4
CATCCTCTCAAAGATC-1,Layer_4,4
CATCGAATGGATCTCT-1,Layer_2,3
CATCGCCCGCGGCCAA-1,Layer_3,3
CATCGGACGGGTTAAT-1,Layer_4,4
CATCGTCCGGTTACTA-1,Layer_4,4
CATCTACCCGAGAACG-1,Layer_2,3
CATCTATCCCGTGTCT-1,Layer_1,2
CATCTGCAGGATCATT-1,Layer_5,7
CATCTTACACCACCTC-1,Layer_3,3
CATGAACCGACATTTG-1,Layer_3,3
CATGAACCTCTTATCA-1,Layer_1,2
CATGACTTCGCTGAAT-1,Layer_3,3
CATGAGATGCACTCTC-1,Layer_5,7
CATGATACGGTGAAAC-1,WM,6
CATGATCGCTTTGAGA-1,Layer_5,7
CATGATGCACAATTCT-1,Layer_3,3
CATGATGGAAGTTAGC-1,Layer_3,4
CATGCACGTGTTACTG-1,Layer_1,5
CATGCATGGAGACCCT-1,Layer_1,2
CATGCCAACTCGCAAA-1,Layer_6,6
CATGCGACCAGTTTAA-1,Layer_1,5
CATGCGTTAGACAGAA-1,Layer_2,5
CATGCTGGCTCCAATT-1,Layer_1,5
CATGGAAATGGGACCA-1,Layer_1,5
CATGGATTGTCTTCCG-1,Layer_4,4
CATGGCAGGAAGATCG-1,Layer_3,3
CATGGCTCCCTATGTC-1,Layer_5,4
CATGGGTATGCCTTAT-1,Layer_5,7
CATGGGTCGGGTGTGG-1,Layer_1,5
CATGGTAAGTAGCGTT-1,Layer_4,4
CATGGTCTAGATACCG-1,Layer_3,3
CATGGTTTATTAATCA-1,Layer_6,6
CATGTAAGAGACATTT-1,Layer_4,4
CATGTAGGAGCGCCAA-1,Layer_1,2
CATGTCTCATTTATGG-1,Layer_4,4
CATGTGGGCTCATCAC-1,Layer_6,6
CATTACATAGATTGTG-1,Layer_1,2
CATTACGCAGGAAGGG-1,Layer_6,6
CATTACGTCGGCCCGT-1,Layer_2,3
CATTATAACAGGGTCC-1,Layer_1,2
CATTATCCCATTAACG-1,WM,1
CATTATGCTTGTTGTG-1,Layer_3,4
CATTCACTGACAGCTA-1,Layer_1,2
CATTCAGGTCAGTGCG-1,Layer_2,3
CATTCCCATTCCGTCG-1,Layer_1,5
CATTCCCTAAGTACAA-1,Layer_3,4
CATTGATGAACACGCC-1,Layer_1,2
CATTGCAAAGCATAAT-1,Layer_1,5
CATTGCGAAATGGGCG-1,Layer_5,7
CATTGCGGGTCAATTC-1,Layer_1,2
CATTGTGTGCTAGATC-1,Layer_3,4
CATTTAGCGGACCATG-1,Layer_2,3
CATTTATCGTTCAAGA-1,Layer_1,2
CATTTCTAGCAGACTA-1,Layer_3,4
CATTTGAGTGGTACGT-1,Layer_5,7
CCAAACAGAACCCTCG-1,Layer_3,4
CCAAAGCAGTTGGTTG-1,Layer_3,4
CCAAAGTCCCGCTAAC-1,Layer_1,2
CCAAATAACAAGATTC-1,Layer_3,4
CCAACCTTATGTAACT-1,WM,1
CCAACGATGCACTGAT-1,Layer_4,4
CCAACGCTTGCCAGGG-1,Layer_1,2
CCAAGAAAGTGGGCGA-1,Layer_5,7
CCAAGACTTCTGCGAA-1,Layer_3,3
CCAAGCGTAACTCGTA-1,Layer_3,4
CCAAGCTTGATCTCCT-1,Layer_1,5
CCAAGGAACAGAGAGG-1,Layer_3,3
CCAAGGTTGCCCTTTC-1,Layer_6,6
CCAAGTTTCTACAGAT-1,Layer_3,4
CCAATAGATTTCATCT-1,Layer_5,7
CCAATAGTGCCGTCGA-1,Layer_4,4
CCAATCGGTAGATCGA-1,Layer_1,2
CCAATGTCACAGCAAG-1,Layer_4,4
CCAATTACGGGTCGAG-1,Layer_1,2
CCAATTGAATGTTAAT-1,Layer_3,4
CCACAATGTACGTCTT-1,Layer_3,3
CCACACTGAGATATTA-1,Layer_4,4
CCACAGCTGAAATCAT-1,Layer_3,3
CCACAGTACCCATCCT-1,Layer_3,4
CCACATACTGCACCCA-1,Layer_3,4
CCACCAACTTTACTGT-1,Layer_6,6
CCACCCAAGGAAAGTG-1,Layer_3,4
CCACGAATTTAACCTC-1,Layer_3,3
CCACGAGAAGAGAATC-1,Layer_1,5
CCACGGAGCCATAAGA-1,Layer_6,6
CCACGGTGCCCGGTAG-1,Layer_3,3
CCACTAAACTGAATCG-1,Layer_2,3
CCACTATCCGGGTCAC-1,Layer_1,2
CCACTCAGATCCGCAA-1,Layer_6,6
CCACTGGTGGCTGGTT-1,Layer_5,7
CCACTGTTTGGATTAA-1,Layer_4,4
CCAGAAACTGATGCGA-1,Layer_5,6
CCAGAAAGCAACTCAT-1,Layer_6,6
CCAGAGACAAAGCCGG-1,Layer_3,4
CCAGATAGTTGAGTGA-1,Layer_3,3
CCAGATGTAAATGGGT-1,Layer_1,2
CCAGCCTGGACCAATA-1,Layer_3,4
CCAGCTACGCCTCATA-1,Layer_3,3
CCAGCTCGAACGCATT-1,Layer_6,6
CCAGCTGATGGTACTT-1,Layer_5,7
CCAGCTTCCGCCCGCA-1,Layer_4,4
CCAGGGACGTGGCCTC-1,Layer_3,4
CCAGTAGTCTGATCCA-1,Layer_2,3
CCAGTCAAATCTCTTA-1,Layer_6,6
CCAGTCCATTATTCGA-1,Layer_3,3
CCAGTCTAGACGGCGC-1,Layer_2,3
CCAGTCTTGTCATAGA-1,Layer_6,6
CCAGTTCGGTAACTCA-1,Layer_6,6
CCATAAACAACCCGAC-1,Layer_1,2
CCATACCTTTACTTGT-1,Layer_2,5
CCATACTCGCCTCTCC-1,Layer_5,6
CCATAGGTTGGCGTGG-1,Layer_2,3
CCATAGTCAGTAACCC-1,Layer_3,4
CCATATGGAAACTATA-1,Layer_4,4
CCATATTGGATCATGA-1,Layer_3,4
CCATCATAAGAACAGG-1,Layer_3,3
CCATCCATACCAAGTC-1,Layer_3,3
CCATCGCAGTTAAACT-1,Layer_5,7
CCATCTCACCAGTGAA-1,Layer_3,3
CCATCTTGTTCACAAT-1,Layer_2,5
CCATGCCCTAGATTTC-1,Layer_4,4
CCATGCCTGTTTAGTA-1,Layer_3,4
CCATGCTCTGCAGGAA-1,Layer_3,4
CCATGGCCCTTGTACC-1,Layer_5,7
CCATTAGCGATAATCC-1,Layer_3,4
CCATTCCCTGCCCACA-1,Layer_4,4
CCATTTCTACCTATTA-1,Layer_5,7
CCCAAACATGCTGCTC-1,Layer_3,3
CCCAACATACGTCGCG-1,Layer_5,7
CCCAACCACACTAACA-1,Layer_1,2
CCCAAGAATGCACGGT-1,Layer_1,5
CCCAAGACAGAGTATG-1,Layer_1,2
CCCAAGTCATTACACT-1,Layer_6,6
CCCAATGAGATTTGCA-1,WM,1
CCCAATTTCACAACTT-1,Layer_5,7
CCCAGAGGAGGGCGTA-1,Layer_1,2
CCCAGGAAGAATTCGA-1,WM,6
CCCAGGTCTGAAGGCT-1,Layer_3,4
CCCAGTAAACTTGGGA-1,WM,1
CCCAGTTAAGGCGCCG-1,Layer_3,4
CCCATATAGGTCGATT-1,Layer_5,7
CCCGAAGTTTCGCGAA-1,Layer_6,6
CCCGACCATAGTCCGC-1,Layer_2,3
CCCGAGTTTCTCCGTA-1,Layer_3,4
CCCGCAGCGCGAACTA-1,Layer_5,4
CCCGCAGGGCCCAAAG-1,Layer_1,2
CCCGCCATGCTCCCGT-1,Layer_3,4
CCCGCGCAATGCACCC-1,Layer_3,4
CCCGCTAGAGGGTTAA-1,Layer_1,5
CCCGCTTGCCCTCGTC-1,Layer_1,2
CCCGGGTCGTTCAGGG-1,WM,6
CCCGGTGGAAGAACCT-1,Layer_4,4
CCCGGTGTATCGGAAT-1,WM,1
CCCGTAAGTCTAGGCC-1,Layer_5,7
CCCGTAGCTGGGAAGA-1,Layer_6,6
CCCGTCAGCGTCTGAC-1,Layer_3,4
CCCGTGAGGGCGGTGA-1,Layer_6,6
CCCGTTTCGCAGATGT-1,Layer_3,4
CCCTACCCACACCCAG-1,Layer_6,6
CCCTACTTGAACAATG-1,Layer_6,6
CCCTAGTGTCAGGTGT-1,Layer_3,3
CCCTATGTAGAGCAGA-1,WM,1
CCCTCAAGCTCTTAGT-1,Layer_4,4
CCCTCATTCTGGAATT-1,Layer_3,3
CCCTCCTCGCTCGTAT-1,Layer_3,4
CCCTCGATAATACACA-1,WM,6
CCCTCGGGAGCCTTGT-1,Layer_1,2
CCCTGAAATGAGTTGA-1,Layer_3,4
CCCTGACTAACAAATT-1,Layer_5,6
CCCTGATGTAACTCGT-1,Layer_3,4
CCCTGCCCAATCCGCT-1,Layer_5,6
CCCTGCGCTACGCATA-1,Layer_5,7
CCCTGGTATGGGCGGC-1,Layer_1,2
CCCTGTTGGCAAAGAC-1,Layer_3,4
CCCTTCTCGTACGCGA-1,Layer_1,2
CCCTTTAATGGAGTTC-1,Layer_5,7
CCCTTTGACAGGTCTT-1,Layer_5,7
CCGAAAGTGGTGAGCA-1,Layer_3,4
CCGAACACTGGGCCTC-1,Layer_6,6
CCGAACCTTCCCGGCC-1,Layer_5,4
CCGAAGTATATTGTTC-1,Layer_3,4
CCGACAAACACATGAG-1,Layer_3,4
CCGACAAAGGGAGTGC-1,Layer_5,7
CCGACAATAGGCCGCC-1,Layer_4,4
CCGACGGGCATGAGGT-1,WM,6
CCGACGTAAACACAAC-1,Layer_1,2
CCGACTCGCATAGTCT-1,Layer_1,2
CCGAGAAGTCGCATAA-1,Layer_3,4
CCGAGCTGTGCTTGTC-1,Layer_1,2
CCGAGGGATGTTAGGC-1,Layer_1,2
CCGATCTCAACCTTAT-1,Layer_3,3
CCGATCTTAAGAGGCT-1,Layer_2,5
CCGATTCGAGGGACCC-1,Layer_5,7
CCGATTGGTCAATGAA-1,Layer_2,3
CCGCACAAAGACCAAC-1,Layer_3,4
CCGCACGTGACCTCGG-1,Layer_4,4
CCGCACTTGCAATGAC-1,Layer_6,6
CCGCATGTGGTACGAT-1,Layer_5,7
CCGCCACCACAATCCA-1,Layer_1,2
CCGCCGGTCAACACAC-1,Layer_2,3
CCGCCGTTGAGGATAA-1,Layer_3,3
CCGCCTGCGAATTGGT-1,Layer_1,2
CCGCCTTGCGATGTCG-1,Layer_6,6
CCGCGATTTGGTAGGT-1,Layer_5,6
CCGCGGAATGCGTCAC-1,Layer_5,7
CCGCGGGTACGAAGAA-1,Layer_4,7
CCGCGTAGGTAAGGGC-1,Layer_4,4
CCGCTATCAGCACCAG-1,Layer_4,4
CCGCTCCAGGGCGATC-1,WM,1
CCGCTCTTCCGAACTA-1,Layer_5,7
CCGCTGGTGCCATTCA-1,Layer_1,2
CCGCTTACCTCACTCT-1,Layer_5,7
CCGCTTCGCGGTTAAC-1,Layer_1,2
CCGCTTGCTGACATGG-1,Layer_1,2
CCGGAATGGTTTCAGT-1,Layer_3,4
CCGGAGCGTACTTTCT-1,Layer_6,6
CCGGAGGTCTTATGGT-1,Layer_1,2
CCGGCACGACCGTTTC-1,Layer_2,3
CCGGCGCATATTGGAT-1,Layer_2,3
CCGGCGTGAGACTCTG-1,Layer_6,6
CCGGGACCCGCAGAGA-1,Layer_3,3
CCGGGCGGTCTCGTCA-1,Layer_3,4
CCGGGCTGCTCCATAC-1,Layer_3,3
CCGGGTTCGAGGTTAC-1,Layer_5,7
CCGGTAATGGCTAGTC-1,Layer_3,3
CCGGTTTGTAATTGTG-1,Layer_6,6
CCGTAAGTTGGTCCCA-1,Layer_3,4
CCGTACCCAAGCGCCA-1,Layer_3,3
CCGTAGGAAATCCCTG-1,Layer_5,7
CCGTAGGGTTGTTTAC-1,Layer_5,7
CCGTATCTCGTCGTAG-1,WM,6
CCGTATTAGCGCAGTT-1,Layer_1,2
CCGTGAGGCATTCATG-1,Layer_2,3
CCGTGCCCATGACGGC-1,Layer_2,3
CCGTGGAACGATCCAA-1,Layer_1,2
CCGTGTTAAATTCCAT-1,Layer_5,7
CCGTTACGTTAGAACA-1,Layer_1,2
CCGTTCCGAATCTCGG-1,Layer_5,7
CCTAAACAGGGTCCGT-1,Layer_1,2
CCTAAAGGCTGACGCT-1,Layer_1,2
CCTAAATTAACGGTTC-1,Layer_4,4
CCTAAATTGTATCCTA-1,Layer_3,4
CCTAACCCAAACAAGT-1,Layer_4,4
CCTAACTAAGGCTCTA-1,Layer_1,2
CCTAAGTGTCTAACCG-1,Layer_1,5
CCTACAAGTCCGGAAT-1,Layer_1,5
CCTACAGTTGAGGGAG-1,WM,7
CCTACATTCACAGACG-1,Layer_6,6
CCTACGCGACCTTACA-1,Layer_1,5
CCTACGGCTCAGTCGA-1,Layer_3,3
CCTACTCAACACGATT-1,Layer_5,7
CCTACTGCGGCGGCCA-1,Layer_1,2
CCTACTGCTTACACTT-1,Layer_3,4
CCTAGGCGTAGCGATC-1,Layer_3,3
CCTAGGTAAAGGTAGC-1,WM,1
CCTAGTTAGTCGCATG-1,Layer_1,2
CCTATAATGAGTGCCC-1,Layer_5,4
CCTATACCGTCCTGTC-1,Layer_6,6
CCTATATTTGTCCTGG-1,Layer_6,6
CCTATCTATATCGGAA-1,Layer_1,5
CCTATGAAGTGGTGCC-1,Layer_3,3
CCTATGGCTCCTAGTG-1,WM,1
CCTATGGGTTACCGTC-1,Layer_3,4
CCTATGGTCAAAGCTG-1,Layer_6,6
CCTATGTCCACTCCAC-1,Layer_5,7
CCTCACCAATCTTGAC-1,Layer_3,4
CCTCACCTGAGGGAGC-1,Layer_1,5
CCTCACCTTAGCATCG-1,Layer_2,5
CCTCATGCAGCTACGA-1,Layer_3,3
CCTCCCGACAATCCCT-1,Layer_1,2
CCTCCGACAATTCAAG-1,Layer_4,4
CCTCCTGAGCCCACAT-1,Layer_5,6
CCTCCTGTTGTGTCGT-1,Layer_5,7
CCTCGAAGTGGACGGG-1,Layer_1,2
CCTCGACCCACTGCCT-1,Layer_1,2
CCTCGCCAGCAAATTA-1,Layer_2,5
CCTCGCGCGATATAGG-1,Layer_1,2
CCTCGCGCTGTGCGAT-1,Layer_6,7
CCTCGGACCGGGATAG-1,Layer_3,4
CCTCGGATGCTACCTG-1,Layer_5,7
CCTCGGTTTCCTTGCC-1,WM,1
CCTCGTTACGCCTGTT-1,Layer_2,3
CCTCTAATCTGCCAAG-1,Layer_3,3
CCTCTATCGATTAGCA-1,Layer_6,6
CCTCTCTCCCATCTAG-1,Layer_4,4
CCTCTGGCCTAGACGG-1,Layer_1,2
CCTCTGTACTATTCTA-1,Layer_5,7
CCTGAACGATATATTC-1,Layer_3,4
CCTGAATATTTACATA-1,Layer_3,3
CCTGACAAACTCGCGC-1,Layer_4,4
CCTGACCACCGATGGT-1,Layer_4,4
CCTGACGCAACCTTTA-1,Layer_1,5
CCTGAGAATAAATGCA-1,WM,1
CCTGCCCGTTGTCTAG-1,Layer_5,7
CCTGCGATAGAACTGT-1,Layer_3,3
CCTGCGTTCTACGCTT-1,Layer_5,7
CCTGCTATTTGAGAAG-1,Layer_3,4
CCTGGAAACGTTCTGC-1,Layer_3,3
CCTGGCTAGACCCGCC-1,Layer_3,4
CCTGGTCGAATGTGGG-1,Layer_6,7
CCTGTAAGACATGATA-1,Layer_4,4
CCTGTACTCACGCCCA-1,Layer_5,7
CCTGTCACCCGGGCTC-1,Layer_3,4
CCTGTCCCTCACGTTA-1,Layer_2,3
CCTGTCGCCCGTAAAT-1,Layer_3,4
CCTGTGAAACCGTAAC-1,Layer_5,6
CCTGTGCATAGGAGAC-1,Layer_2,3
CCTGTGCGGATTGTAA-1,Layer_2,3
CCTGTTCAACCTCGGG-1,WM,1
CCTGTTTGAAGACACG-1,Layer_5,4
CCTTAAGTACGCAATT-1,Layer_6,6
CCTTCAGTTAAAGTGA-1,WM,6
CCTTCGTATAGAATCC-1,WM,1
CCTTCTCAGCGTTCCT-1,Layer_6,6
CCTTCTTGATCCAGTG-1,Layer_2,3
CCTTGACCACTTTATT-1,Layer_4,4
CCTTTAAGGGAGCACT-1,Layer_6,6
CCTTTCAATGAAGAAA-1,Layer_1,5
CGAAACATAGATGGCA-1,Layer_1,2
CGAAACGCAATTCATG-1,Layer_5,7
CGAACAGTATGGGCGT-1,Layer_4,4
CGAACATAGTCAGAAA-1,Layer_2,3
CGAACCCGCATGCGTC-1,Layer_5,7
CGAACGCCCAGTGCCG-1,Layer_1,2
CGAACGGCCGGACAAC-1,Layer_6,6
CGAAGACGGTGAGTGC-1,Layer_5,6
CGAAGACTGCCCGGGA-1,Layer_1,2
CGAAGATCAGTTTCAT-1,WM,6
CGAAGCTATAAATTCA-1,Layer_1,2
CGAAGTTGCTCTGTGT-1,Layer_4,4
CGAATCTGCTCGACGC-1,WM,1
CGAATGACGCATAATG-1,Layer_6,6
CGAATTACATGGTGTT-1,Layer_2,3
CGACAATTTGATCTAA-1,Layer_3,4
CGACACCGCTTAAGGA-1,Layer_2,5
CGACACGCTCCGACAG-1,Layer_3,4
CGACACGGATGCCCAC-1,Layer_3,3
CGACAGTTCGCGTTAT-1,Layer_4,4
CGACATGCGATCTTCT-1,Layer_1,2
CGACCCTTAACGCCGG-1,Layer_6,6
CGACGCATCCGTACCT-1,WM,6
CGACTCAGGATGTTAT-1,Layer_1,5
CGACTCGGTACACGGT-1,Layer_2,5
CGACTTTGTATAGCCT-1,Layer_2,3
CGAGACCCTAGAGTGT-1,Layer_4,4
CGAGACTACTGCTGCT-1,Layer_6,6
CGAGAGATGTGAACCT-1,Layer_3,3
CGAGAGCGCGTAGATA-1,Layer_6,6
CGAGAGCTTTCACTAC-1,Layer_5,7
CGAGAGGGTAGCCGCG-1,Layer_4,4
CGAGATGTTGCCTATA-1,Layer_1,2
CGAGATTTCGCTCGGG-1,Layer_3,3
CGAGCACTTCAAGTTT-1,Layer_3,4
CGAGCCGAGCACTCGA-1,Layer_3,4
CGAGCGTTGATCAGCC-1,Layer_3,3
CGAGCTGGGCTTTAGG-1,Layer_2,3
CGAGGAGCTTCCATAT-1,Layer_1,2
CGAGGATCGGGAACGA-1,Layer_1,2
CGAGGCCAGGCATTGG-1,Layer_3,4
CGAGGCTAAATATGGC-1,Layer_3,3
CGAGGGACTGCGGTCG-1,Layer_3,4
CGAGGGTATCCAGGTG-1,Layer_6,6
CGAGTACTAAAGAGGA-1,Layer_5,7
CGAGTGAAGGTACCAG-1,WM,6
CGAGTGCTATAGTTCG-1,Layer_3,3
CGAGTTCTGTCCCACC-1,Layer_2,3
CGAGTTTATCGGACTG-1,Layer_3,3
CGATAACCAATTTGAG-1,Layer_3,3
CGATAATACTCAGGTT-1,Layer_3,3
CGATACCTCGCGGACA-1,Layer_4,4
CGATAGTCGTACTGCA-1,Layer_6,6
CGATATTAGCCGCAGG-1,Layer_2,3
CGATCATTAGAGGCAC-1,Layer_1,5
CGATCCACCATTGTTG-1,WM,1
CGATCCGACCCAGTGC-1,Layer_4,4
CGATCCTCGCAACATA-1,WM,1
CGATCGAGAAGCACCA-1,WM,6
CGATCTGTTGGAGGAC-1,Layer_6,6
CGATGGACCCTACGCC-1,Layer_1,2
CGATTAAATATCTCCT-1,Layer_5,7
CGATTCGCCTGGCTGC-1,Layer_5,7
CGCAAACACGAGTTAC-1,Layer_3,4
CGCAATCGATCATTAG-1,Layer_5,4
CGCAATTACTTTCGGT-1,Layer_3,4
CGCAATTAGGGTAATA-1,Layer_3,4
CGCAATTCTACAATAA-1,Layer_3,4
CGCACATGTCCACTAC-1,Layer_3,4
CGCACGTCTGTTTATG-1,WM,1
CGCACGTGCGCTATCA-1,Layer_3,3
CGCAGAAACATTTGCG-1,Layer_1,2
CGCAGATCTTCACCCG-1,Layer_1,2
CGCAGGCGATCCAAAC-1,Layer_4,4
CGCATCATGGCTTCAG-1,Layer_1,2
CGCATCCATCAGCCAG-1,Layer_1,2
CGCATGCCGAATGCGT-1,Layer_6,6
CGCATGGTGCGATGCT-1,Layer_3,4
CGCATTAGCTAATAGG-1,Layer_3,4
CGCCAAGAAGCCGAGT-1,Layer_5,6
CGCCACAGGTCGCGAT-1,WM,6
CGCCACCCGCATTAAC-1,Layer_3,3
CGCCATCCGATTATGA-1,Layer_2,3
CGCCCAGCACGCCTAG-1,Layer_6,6
CGCCCAGCGTTTCACG-1,Layer_5,6
CGCCCGCTTCCGTACA-1,Layer_1,5
CGCCCTTACATCCACC-1,Layer_2,3
CGCCCTTGAAGGCTGA-1,Layer_3,4
CGCCGACTATTCGCTA-1,Layer_5,6
CGCCGCCCATGCCTGT-1,Layer_3,4
CGCCGCGTTCTGAACG-1,WM,1
CGCCGGTGTCGCAGTA-1,Layer_3,3
CGCCGTTCAGCATAGT-1,Layer_5,4
CGCCTCCCTCCTCTAT-1,Layer_4,4
CGCCTGGCCTACGTAA-1,Layer_5,7
CGCCTTTAGCATGCTC-1,Layer_3,3
CGCGAAGTGGCATACT-1,Layer_5,7
CGCGACACTGCGCAGC-1,Layer_4,4
CGCGACCGCGACAGAT-1,Layer_5,7
CGCGAGAGGGACTTGT-1,Layer_1,2
CGCGAGTCTGCCGGGT-1,WM,1
CGCGCAAATGTCCAGA-1,WM,1
CGCGCAAGGAACTACA-1,Layer_2,3
CGCGCATGTTTGATTG-1,Layer_5,7
CGCGCCCGACTTAATA-1,Layer_2,3
CGCGGCAGTATTACGG-1,Layer_3,4
CGCGGCTCAACTTGAA-1,Layer_3,4
CGCGGGAATTAGGCAG-1,Layer_3,3
CGCGGGAATTCCTTTC-1,Layer_6,6
CGCGGTAAGTCTAGCT-1,Layer_1,2
CGCGGTACGGTATACA-1,Layer_5,7
CGCGGTCACAAACCAA-1,Layer_1,2
CGCGTACATTCTGGAA-1,Layer_3,3
CGCGTCATATTAAACC-1,Layer_1,2
CGCGTGCTATCAACGA-1,Layer_1,5
CGCGTTCATGAAATAC-1,Layer_3,4
CGCTACCGCCCTATGA-1,Layer_1,2
CGCTACGGGACATTTA-1,Layer_4,4
CGCTAGAGACCGCTGC-1,Layer_3,3
CGCTATACCGCCCACT-1,Layer_3,3
CGCTATCGTGGCTTTA-1,Layer_3,3
CGCTATTCAATGTATG-1,Layer_3,4
CGCTATTCTTAGGCTC-1,Layer_3,4
CGCTCGACATAATGAT-1,Layer_3,4
CGCTCTCCGTAGATTA-1,Layer_4,4
CGCTGAGGACGTCCAA-1,Layer_1,5
CGCTGGTGACTACCCT-1,Layer_3,4
CGCTGTGACGCCGCAC-1,Layer_3,4
CGCTGTGTGGATGTTG-1,WM,6
CGCTTAGTATTGATAC-1,WM,1
CGCTTATTCCCGGTCG-1,Layer_5,7
CGCTTCCACTGAAATC-1,Layer_3,4
CGCTTCGGTCTAAGAC-1,Layer_5,7
CGCTTGGACGGATAGA-1,Layer_5,7
CGCTTTCATACCGGTG-1,Layer_3,3
CGCTTTCCGCCAAGGT-1,Layer_6,6
CGCTTTCTTGCATTCG-1,Layer_3,3
CGGAAAGAATCAAACG-1,Layer_6,6
CGGAAAGCAAATGTGC-1,Layer_3,4
CGGAAATTTCACATCC-1,Layer_1,2
CGGAACGTAAACATAG-1,Layer_5,7
CGGACCTTTACGTCCC-1,WM,6
CGGACGTTACTTGAAG-1,Layer_6,6
CGGAGCAATTTAATCG-1,Layer_5,7
CGGAGCATGGCGATCC-1,Layer_3,4
CGGAGCTTATAACACC-1,Layer_1,2
CGGAGTCCTAACCTGG-1,Layer_3,3
CGGAGTTTGAGAGACA-1,Layer_4,4
CGGATAAGCGGACATG-1,Layer_3,4
CGGATCCTCAAGGACT-1,Layer_5,7
CGGCAAACATCGTGCG-1,Layer_5,7
CGGCAATAAGATCGCC-1,Layer_4,4
CGGCACCGTTAGCGCC-1,Layer_1,2
CGGCACTCAAGAAAGT-1,Layer_3,3
CGGCAGGGTCGGGTTG-1,Layer_3,3
CGGCCACGCACAAAGT-1,Layer_3,4
CGGCCAGAGCGACCAT-1,WM,1
CGGCCCAACCTGTAGT-1,Layer_1,2
CGGCCCAGGTATATCC-1,Layer_3,4
CGGCGCCATCAATCCC-1,Layer_5,7
CGGCTCTAAAGCTGCA-1,Layer_3,4
CGGCTCTTCGTCGAAC-1,Layer_1,2
CGGCTGAAGGTTACGC-1,Layer_3,3
CGGCTGCAAGATTAAG-1,Layer_1,2
CGGCTTTGTATGATAA-1,Layer_1,2
CGGGAATATAGTATAC-1,Layer_3,4
CGGGAATTTATGTAAA-1,Layer_4,4
CGGGAGCTTCAGTGTA-1,Layer_4,4
CGGGAGTATACCGCCG-1,Layer_3,4
CGGGATCAATGTAAGA-1,Layer_3,3
CGGGCAGCTAAACCGC-1,Layer_3,4
CGGGCCATAGCCGCAC-1,Layer_3,4
CGGGCCTTCTTTGTAA-1,Layer_4,4
CGGGCGATGGATCACG-1,Layer_6,6
CGGGCTACTTAAATTG-1,Layer_3,3
CGGGTGTACCCATTTA-1,Layer_3,3
CGGGTTCGGCACGTAT-1,Layer_2,5
CGGGTTGTAGCTTTGG-1,Layer_2,3
CGGGTTTGTTAGGGCT-1,Layer_4,4
CGGTACTAGAATCAAA-1,Layer_3,4
CGGTAGAGGTGCAGGT-1,Layer_1,5
CGGTATAGGTATTAGC-1,Layer_1,2
CGGTATGGGCACTCTG-1,WM,6
CGGTCAAGTGGGAACC-1,Layer_3,3
CGGTCCATGAGACTCC-1,Layer_1,2
CGGTCCGTCGCAAGCC-1,WM,6
CGGTCTATCAACCCGT-1,Layer_1,2
CGGTGAAGACTAAAGT-1,Layer_5,7
CGGTGCAGATAGAACG-1,Layer_5,7
CGGTGCGCGTTGGTCC-1,Layer_5,7
CGGTGGGCTCCAGCCT-1,Layer_1,2
CGGTGTACTTGATCCC-1,Layer_3,4
CGGTTATCCAACAGTG-1,Layer_2,3
CGGTTCAAGTAGGTGT-1,Layer_1,2
CGGTTCCGGCTTCTTG-1,Layer_3,3
CGGTTGACCTGGCATA-1,Layer_5,7
CGGTTGAGTATCCTTC-1,WM,1
CGGTTGGGCAGGGTCC-1,WM,6
CGGTTGGGTTCAAGTT-1,Layer_1,5
CGGTTTATGAAGGAAC-1,Layer_1,2
CGTAAACGCTTGAGTG-1,Layer_3,3
CGTAACGGAACGATCA-1,Layer_3,3
CGTAACTTCGACACTT-1,WM,1
CGTAATAATTACGAGT-1,Layer_3,4
CGTACCGAAAGTCTAG-1,Layer_3,4
CGTACCTGATAGGCCT-1,Layer_3,3
CGTAGAGAGTAATTAT-1,Layer_6,6
CGTAGCGAATTGTCAG-1,Layer_1,2
CGTAGCGCCGACGTTG-1,Layer_1,2
CGTATTAAGAGATCTA-1,Layer_3,4
CGTCAAATGGTCGCAG-1,Layer_1,2
CGTCAAGGCTATAAAT-1,Layer_5,7
CGTCAATCTTTAACAT-1,Layer_3,4
CGTCACGTCCATTGGT-1,Layer_5,7
CGTCAGCTATTTACTC-1,Layer_3,4
CGTCAGTGCGCACAAG-1,Layer_2,3
CGTCAGTTTATCGTCT-1,Layer_1,2
CGTCATACCATATCCA-1,Layer_3,4
CGTCCAGATGGCTCCA-1,Layer_3,4
CGTCGCATGTGAGCCA-1,Layer_6,6
CGTCGCGGCGGGATTT-1,Layer_3,4
CGTCGCTTGGTTATAC-1,WM,1
CGTCGGATAGTGTTGA-1,Layer_3,3
CGTCGGGTCTAAGCGC-1,WM,1
CGTCGTCCTTCGCGAA-1,Layer_5,7
CGTCTCTCGCCGAGGC-1,Layer_3,3
CGTCTGGAAGGGCCCG-1,Layer_2,3
CGTCTTGAGTGTGACG-1,,3
CGTGAAGTTAATTCAC-1,Layer_4,4
CGTGACATTGGGTCGT-1,Layer_1,2
CGTGACCAGTCCTCTG-1,Layer_6,6
CGTGCACACCACTGTA-1,Layer_6,6
CGTGCAGACTGGGACA-1,Layer_3,4
CGTGCATTGTCGACGC-1,Layer_5,7
CGTGCCCGACATTTGT-1,Layer_1,2
CGTGCCCTCCCGAAGA-1,Layer_3,4
CGTGCTGGCCTAGTCG-1,Layer_3,3
CGTGCTTCTACCTAAA-1,WM,1
CGTGGCCGAATATCTA-1,Layer_3,4
CGTGGTACCCAAAGGC-1,WM,1
CGTGTATGGGAGCTGA-1,Layer_5,7
CGTGTCCCATTCGCGA-1,Layer_3,4
CGTGTCTCGTTACGAC-1,WM,1
CGTGTGTTAAACCCTG-1,Layer_1,5
CGTTAAACTAGTTAGG-1,Layer_3,4
CGTTAATGTCCCGACG-1,Layer_5,7
CGTTAGCTCACAACTG-1,Layer_1,2
CGTTCAAGGAAACGGA-1,WM,1
CGTTCAGACCCGCGAA-1,Layer_6,6
CGTTCATGGTGCGCGT-1,Layer_6,6
CGTTCTTCGCACACCT-1,Layer_1,2
CGTTGAATACCGCGCT-1,Layer_5,7
CGTTGAGCGACCGTCG-1,Layer_4,4
CGTTGAGTAATTGCGT-1,Layer_1,2
CGTTGCCCGCGTGGGA-1,WM,1
CGTTGTAAACGTCAGG-1,Layer_3,4
CGTTGTAAGATTGATT-1,Layer_1,2
CGTTGTCGGCAATTGA-1,Layer_6,6
CGTTGTTTCAATTCCC-1,Layer_4,4
CGTTTAAGCGGAGCAC-1,Layer_1,5
CGTTTACAAGGCAGCT-1,Layer_1,2
CGTTTCACTTCGGGCG-1,Layer_1,2
CGTTTCGCTCATTACA-1,Layer_4,4
CGTTTGTGTAGAGGGT-1,Layer_6,6
CTAAACGGGTGTAATC-1,Layer_1,2
CTAAAGAATGCCTACT-1,Layer_4,4
CTAAAGGGAAATAGGA-1,Layer_4,4
CTAAAGTCCGAAGCTA-1,Layer_2,3
CTAAATCCGGTGTACA-1,WM,1
CTAAATCCTATTCCGG-1,Layer_2,3
CTAACCGCGCGCCCGT-1,Layer_5,4
CTAACGAAACTTGCTG-1,Layer_2,3
CTAACTGATAATCGCC-1,Layer_5,4
CTAACTGGTCCGGTTC-1,Layer_6,6
CTAAGGGAATGATTGG-1,Layer_4,4
CTAAGTACAGGGCTAC-1,Layer_1,5
CTAATTATGAAGCGTA-1,Layer_2,5
CTAATTCGCACGCGCT-1,Layer_3,4
CTAATTCTCAGATATT-1,Layer_1,5
CTAATTTCAACAACAC-1,Layer_3,4
CTACAAGAAATAACCC-1,WM,6
CTACACTAGCTTGTTC-1,Layer_1,5
CTACACTCGCAGATGG-1,Layer_4,4
CTACCCTAAGGTCATA-1,Layer_3,3
CTACGAACTAGGTCGA-1,Layer_1,2
CTACGACTAGCTATAA-1,Layer_5,7
CTACGCACGGAGTACC-1,Layer_3,4
CTACGCCATTTCCGAT-1,Layer_1,2
CTACGTGTTGCCACCA-1,Layer_2,3
CTACTATCATAGGTTT-1,WM,6
CTACTATCTTTCAGAG-1,Layer_2,3
CTACTCAAGGTATAGT-1,WM,6
CTACTCTAGGCCCGGC-1,Layer_4,7
CTACTGCCACCTGACC-1,Layer_3,4
CTAGACATATATGTAG-1,Layer_2,5
CTAGACTGCATTTCGT-1,Layer_1,2
CTAGATAAACTCCTCG-1,Layer_3,3
CTAGATGTGAGTGTAA-1,Layer_2,3
CTAGATTTACGACGGC-1,Layer_3,4
CTAGCAACTAATTTAC-1,Layer_1,5
CTAGCATAGTATAATG-1,Layer_3,4
CTAGCCACAGGCGAGC-1,Layer_4,7
CTAGCCGATGTTATGA-1,Layer_1,2
CTAGCGCCAATCCTAC-1,Layer_3,3
CTAGGCGCCCTATCAG-1,Layer_4,4
CTAGGCGGCAGAGAAT-1,Layer_1,5
CTAGGGATAGGGACAA-1,WM,1
CTAGGTCTGAAGGAAT-1,Layer_3,3
CTAGGTTCGGACGTGA-1,Layer_5,7
CTAGTAGAAAGGGATT-1,Layer_6,7
CTAGTATTCGGAATTA-1,Layer_1,2
CTAGTCACGTCTTAAG-1,Layer_3,4
CTAGTGAAGGACAGGA-1,Layer_4,4
CTAGTTACAACCCGGT-1,Layer_5,7
CTAGTTGGGCCCGGTA-1,Layer_3,3
CTATAAGAGCCAATCG-1,Layer_1,2
CTATAGGCGTTGATGT-1,WM,1
CTATATCCAGCCTGGC-1,WM,1
CTATCACAACGCTGGA-1,Layer_6,6
CTATCGACGAAATACA-1,Layer_4,4
CTATCGCGTAGAGAAC-1,Layer_4,4
CTATCGGGTCTCAACA-1,Layer_3,4
CTATGCCCGAATGCAA-1,Layer_6,6
CTATGGGAAGCGGAAT-1,Layer_4,4
CTATGTCACTAGCCCA-1,Layer_3,4
CTATGTCTATTGAAAC-1,Layer_1,5
CTATGTGAGTCACGGC-1,Layer_6,6
CTATTCATGTGTCCCA-1,Layer_5,7
CTATTGTGTTTGGTCA-1,Layer_1,2
CTATTTGCTTGGAGGA-1,WM,1
CTATTTGGTTACGGAT-1,Layer_3,4
CTCAAACCACTGCCCG-1,WM,1
CTCAACTAACCCGGAT-1,Layer_5,7
CTCAAGACATTAGCGC-1,Layer_1,2
CTCACACGCAAGCCTA-1,Layer_1,2
CTCACATTTACTAAAT-1,Layer_6,6
CTCACCAGTACAAGTG-1,Layer_5,7
CTCACCGATCCAAACT-1,Layer_2,3
CTCACTGTGATACTTA-1,Layer_6,6
CTCACTTGGCTGGTAA-1,Layer_5,7
CTCAGAGCTAATGTCG-1,WM,6
CTCAGATTGTGATAAG-1,Layer_6,6
CTCAGCAGACTGCCGA-1,Layer_3,3
CTCAGGACTCACCTGT-1,Layer_3,4
CTCAGTCACGACAAAT-1,Layer_1,5
CTCATGGCTCACAATC-1,Layer_1,5
CTCATGGTAATTTGCG-1,Layer_6,6
CTCATTCGTGAACATC-1,Layer_5,7
CTCATTGCTCTAACAA-1,Layer_5,7
CTCATTTGATGGGCGG-1,Layer_3,3
CTCCCAATGAGTCGCG-1,Layer_3,4
CTCCCTCCTTTCGATC-1,Layer_6,6
CTCCGAGTAAATCCGC-1,Layer_3,3
CTCCGCCCACATGAGG-1,Layer_5,7
CTCCGGCCTAATATGC-1,Layer_3,3
CTCCGGCTTGTAGACA-1,Layer_3,4
CTCCTAAGTTATGTCT-1,Layer_3,3
CTCCTCCAGCTCACAC-1,WM,6
CTCCTGTTCAAGGCAG-1,Layer_3,4
CTCCTTTACGCAAGTC-1,Layer_1,2
CTCGAATGGAACGTAT-1,Layer_1,5
CTCGAGATCCAAAGCA-1,Layer_3,4
CTCGAGGTCGAACAGT-1,Layer_3,4
CTCGATATTTGCGAGC-1,Layer_1,2
CTCGCACCTATATAGT-1,Layer_3,3
CTCGCCGAATGTAGGG-1,Layer_6,7
CTCGCTAGGTAAGCGA-1,Layer_6,6
CTCGGGCATCGTCGGG-1,Layer_1,2
CTCGGGTTCTCTGGCC-1,WM,1
CTCGGTACCACTGCTC-1,Layer_3,4
CTCGGTCCGTAGCCTG-1,Layer_3,3
CTCGGTTGTCGGCCCT-1,WM,1
CTCGTCTGTGCCTTCG-1,Layer_6,6
CTCGTTACGGCTACCA-1,WM,1
CTCGTTTCTAATGTTT-1,Layer_1,2
CTCTAATGCATTGATC-1,Layer_1,2
CTCTACACTGGCGATT-1,Layer_6,6
CTCTACATCCTGCGTG-1,WM,6
CTCTAGCCCTCGGAAA-1,Layer_6,6
CTCTATTTGGCTGCAG-1,Layer_4,4
CTCTCACAATCGATGA-1,Layer_3,4
CTCTCGATGTGCGCCT-1,Layer_1,2
CTCTCGCTGTACTATG-1,Layer_4,4
CTCTCTAACTGCCTAG-1,WM,1
CTCTGCGAAGCAAGCA-1,Layer_2,3
CTCTGGACGCCTGGTG-1,Layer_3,4
CTCTGTCCATGCACCA-1,Layer_6,6
CTCTGTGCCTGCTATG-1,Layer_1,2
CTCTGTTTGAGGATTC-1,Layer_1,2
CTCTTCTATTGACTGG-1,Layer_3,4
CTCTTCTGGAAGTTAG-1,WM,1
CTCTTGTCCCGCTTGG-1,Layer_5,7
CTGAAACGGCCCTCAG-1,Layer_3,3
CTGAAAGAGATCCGAC-1,Layer_2,3
CTGAATCCGAGACCTC-1,Layer_5,7
CTGAATTTATTGCCAG-1,Layer_1,2
CTGACTGCGCAGCTCG-1,Layer_2,3
CTGAGAAAGTTCGGCG-1,Layer_3,4
CTGAGCAAGTAACAAG-1,Layer_3,4
CTGATAGTGTATCTCA-1,Layer_5,7
CTGCAAATGGGCTCCA-1,Layer_1,2
CTGCAAGCACGTTCCG-1,Layer_5,7
CTGCACAACTACATAT-1,Layer_4,4
CTGCACCTAGTCCACA-1,Layer_1,2
CTGCACCTGGAACCGC-1,Layer_3,3
CTGCACTCCAGTACAG-1,Layer_5,7
CTGCAGAGAATCAGAG-1,Layer_5,7
CTGCCAAGGTTGGAAG-1,Layer_2,3
CTGCCATGCATCACAT-1,Layer_4,4
CTGCCCACGAAGCGTT-1,Layer_5,7
CTGCCTAGCCACCAAG-1,Layer_1,2
CTGCCTCATATGCAAC-1,Layer_1,5
CTGCCTTTAATACCTT-1,WM,1
CTGCCTTTCTAGTAAA-1,Layer_5,7
CTGCGACCTCGCCGAA-1,Layer_6,6
CTGCGATTTCGAGATT-1,WM,6
CTGCGGGTGAAATGTT-1,Layer_4,7
CTGCGGTAGTCACGTG-1,Layer_1,2
CTGCGTTACGATATAA-1,Layer_1,2
CTGCTCTGACGGCAAA-1,WM,6
CTGCTGAGGCCACGAA-1,Layer_6,6
CTGCTTGGCGATAGCT-1,Layer_5,4
CTGCTTTATGTCCGCG-1,Layer_1,2
CTGGAAATGGATGCTT-1,Layer_3,4
CTGGAAGACACGGTGG-1,Layer_4,4
CTGGACGCAGTCCGGC-1,WM,1
CTGGATTTACACTTGA-1,Layer_5,7
CTGGCATCCGAATGAG-1,Layer_6,6
CTGGCGACATAAGTCC-1,Layer_1,2
CTGGCGCACAGGTCTG-1,Layer_3,3
CTGGCGGGAATAAGTA-1,Layer_3,4
CTGGCTCCTGCGGGAT-1,Layer_3,3
CTGGCTGATTCATCCT-1,Layer_3,4
CTGGCTGCTAACGTAA-1,Layer_2,3
CTGGCTGGTTGTCAGT-1,Layer_5,7
CTGGGATAAATAATGG-1,Layer_3,4
CTGGGATACGCTACCC-1,Layer_2,3
CTGGGATCGCCCAGAT-1,Layer_1,2
CTGGGCACTAGTCGGA-1,Layer_2,3
CTGGGCCTGCTATATC-1,Layer_5,7
CTGGGCGGCCAAATGT-1,Layer_1,2
CTGGGCTATCCTTTGG-1,Layer_2,3
CTGGGTAGGCAGTTAA-1,Layer_3,4
CTGGTAAAGACTTACA-1,Layer_6,6
CTGGTAAAGTGTGGGC-1,Layer_5,7
CTGGTAACACATAGAA-1,Layer_3,4
CTGGTAACGAGCTCTT-1,Layer_2,3
CTGGTCATTCCAATCC-1,Layer_4,4
CTGGTCCTAACTTGGC-1,Layer_1,2
CTGGTTCAACGCATCA-1,Layer_2,3
CTGGTTTCGAGCAAGA-1,Layer_3,4
CTGTACTTCTTAGCAT-1,Layer_4,4
CTGTAGCCATCTCACT-1,Layer_6,6
CTGTAGTGAGGATCGA-1,WM,1
CTGTATGGTGTAGAAA-1,Layer_3,4
CTGTCAAATGGCTCGG-1,Layer_2,3
CTGTCACGCCAGGCGC-1,Layer_1,2
CTGTGCAGGGTAGGTC-1,Layer_4,4
CTGTGGTCGGGAGATA-1,Layer_4,4
CTGTTACCCAATCTAG-1,Layer_5,4
CTGTTCACTGCCTGTG-1,Layer_3,3
CTGTTCATCTCACGGG-1,Layer_3,4
CTGTTGGCTCTTCTGA-1,Layer_4,4
CTTAAATAAGACCCAT-1,Layer_4,4
CTTAACTTCGAAGTAC-1,Layer_1,2
CTTACACGGTATTCCA-1,Layer_3,4
CTTACACTGGGAAATA-1,Layer_3,3
CTTACATAGATTTCTT-1,Layer_6,6
CTTAGATGTTTCATCC-1,WM,6
CTTAGCCCGGATAGTG-1,Layer_5,7
CTTAGCCTTCCACATG-1,Layer_2,3
CTTAGTAGGCCTACAG-1,Layer_2,3
CTTAGTGTAGTAGCAT-1,Layer_5,7
CTTAGTTGAGGAATCG-1,WM,1
CTTATGCGCTCAGGGC-1,Layer_6,6
CTTATGTTGACTACCA-1,Layer_3,4
CTTCAACTCCACTTGG-1,Layer_5,7
CTTCAGTGGTCGCCTA-1,WM,1
CTTCAGTTGGACAACG-1,Layer_6,6
CTTCATAGCTCAAGAA-1,Layer_3,4
CTTCATCACCAGGGCT-1,Layer_6,6
CTTCATTGTCAGTGGA-1,Layer_3,4
CTTCCGCTCCGTGAAG-1,Layer_6,6
CTTCCTGCATATTTAC-1,Layer_2,3
CTTCGATTGCGCAAGC-1,Layer_6,6
CTTCGGCCAATTGTTT-1,Layer_3,4
CTTCGTAGATAGGTGA-1,Layer_4,4
CTTCGTGCCCGCATCG-1,Layer_1,5
CTTCTATGTTGAAGTA-1,Layer_6,6
CTTCTATTAATGCTAG-1,Layer_5,7
CTTCTGGGCGTACCTA-1,WM,1
CTTCTTACGTCGTATA-1,Layer_2,5
CTTGACCCGAAAGATA-1,Layer_1,2
CTTGAGGTTATCCCGA-1,Layer_3,3
CTTGAGTTAGGGTAAT-1,Layer_3,3
CTTGATGACCATCCAG-1,Layer_6,6
CTTGCAACCGCCTCCT-1,Layer_5,6
CTTGCCCACCCACGCA-1,Layer_6,6
CTTGCCCAGGCTCTAC-1,Layer_5,4
CTTGGCCAAGCTGGGA-1,Layer_6,6
CTTGTACTTGTTGACT-1,Layer_3,3
CTTGTCAACATTCGAG-1,Layer_5,7
CTTGTCGTACGTGTCA-1,Layer_1,2
CTTGTGAGGACAGCGG-1,Layer_3,4
CTTGTGAGTCTTTGAC-1,Layer_3,3
CTTGTGCTCACCGATT-1,Layer_1,2
CTTGTTGCTGAGTCAA-1,Layer_3,4
CTTGTTTATGTAGCCA-1,Layer_3,4
CTTTAACTTTCAAAGG-1,Layer_3,3
CTTTAATATTGGTCGA-1,Layer_5,4
CTTTACCGAATAGTAG-1,Layer_4,4
CTTTAGGAACACTGTT-1,Layer_3,4
CTTTAGTGCTATTATT-1,Layer_4,4
CTTTCTGTGCGGGCTT-1,Layer_5,7
CTTTGAAACATATTCC-1,Layer_2,3
CTTTGCATCGCTCTTG-1,Layer_5,7
CTTTGGCAGACAGAGT-1,Layer_2,3
CTTTGGCGCTTTATAC-1,Layer_5,7
CTTTGGCTTTAGTAAA-1,Layer_4,4
CTTTGGGATTGTTGCA-1,WM,1
GAAACAGATGACCACC-1,Layer_3,3
GAAACAGCCATGCAGT-1,Layer_1,5
GAAACATAGGAAACAG-1,WM,1
GAAACCATGGTGCGCT-1,Layer_1,2
GAAACCGAATTACCTT-1,Layer_5,7
GAAACCTATACAAATG-1,Layer_6,6
GAAACTCGTGCGATGC-1,Layer_4,4
GAAACTCTAATGAAGG-1,Layer_1,2
GAAAGAACAGCGTTAT-1,Layer_3,3
GAAAGCAGTGCACTTT-1,Layer_6,7
GAAAGCCCTTTGGACC-1,Layer_5,7
GAAAGTGACTAACTGC-1,Layer_3,4
GAAATACCTGCTGGCT-1,Layer_1,2
GAAATACTAAACGTTT-1,Layer_3,4
GAAATATCACCATCAG-1,Layer_5,7
GAAATATGCTTGAATG-1,Layer_1,2
GAAATCGCGCGCAACT-1,Layer_2,3
GAAATCTGACCAAGTT-1,Layer_4,4
GAAATGGCGGTGTTAG-1,Layer_3,4
GAAATGGGATGTAAAC-1,Layer_3,4
GAAATTAGCACGGATA-1,Layer_1,2
GAAATTCACATCGCTG-1,Layer_3,3
GAAATTGTCTCTATAA-1,Layer_5,4
GAACAACTGGGATGAA-1,Layer_6,6
GAACACACATCAACCA-1,Layer_3,4
GAACAGATTACTAAAT-1,Layer_5,7
GAACATTAGTATGTTA-1,Layer_1,5
GAACCATCTGGGAGAC-1,Layer_1,2
GAACCCTCTGTGTTCT-1,Layer_6,7
GAACCTCGACCTACAC-1,Layer_6,6
GAACCTTTAACGATCC-1,Layer_6,7
GAACGACCGAATGATA-1,Layer_3,3
GAACGCGGGTCACACG-1,Layer_3,4
GAACGGTGTAAAGCAG-1,Layer_2,3
GAACGTCTCATGGTCG-1,Layer_3,3
GAACGTTAGGAAGACG-1,Layer_5,7
GAACTGTGGAGAGACA-1,Layer_6,6
GAACTTAGCGCCCGGT-1,Layer_2,5
GAACTTGTGCACGGGA-1,Layer_1,2
GAAGAAACGATATTGT-1,WM,1
GAAGAACGGTGCAGGT-1,Layer_3,3
GAAGACTTCAATGCCG-1,Layer_1,2
GAAGCAAGGCAATGTT-1,Layer_1,2
GAAGCCACTGATTATG-1,Layer_6,6
GAAGCCGGGTAAGCTC-1,Layer_4,4
GAAGCCTGCACATTCC-1,Layer_6,6
GAAGCGTGAGGAATTT-1,Layer_3,4
GAAGCTCGGACCCGTC-1,WM,1
GAAGCTCTTTGCTTAG-1,Layer_3,4
GAAGCTTGCTGACCGC-1,Layer_3,4
GAAGGACTAAATTGAA-1,Layer_2,3
GAAGGAGTCGAGTGCG-1,WM,6
GAAGGCTACCATTGTT-1,Layer_1,2
GAAGGGCATAACCATG-1,Layer_3,4
GAAGGGTCATTAAGAC-1,Layer_6,6
GAAGTCAGTTGCACTA-1,Layer_5,7
GAAGTCTCCCTAGCGA-1,Layer_3,3
GAAGTGATTTATCGTG-1,Layer_4,4
GAAGTGCTGGATAGCT-1,Layer_2,3
GAAGTTTCCACTCAAT-1,Layer_4,4
GAATAGACGCGACCCA-1,Layer_3,4
GAATAGCATTTAGGGT-1,Layer_3,3
GAATAGCCCTGCGGTC-1,Layer_1,2
GAATAGTGCTCGATTA-1,WM,1
GAATATTCGGAGTCCC-1,Layer_1,2
GAATCGACATGGTCAC-1,Layer_3,4
GAATCGCCGGACACGG-1,Layer_3,3
GAATCTATACTCGGAC-1,Layer_1,2
GAATCTGAACATTCTC-1,Layer_4,4
GAATGAAGGTCTTCAG-1,Layer_1,2
GAATGCCGAAATGACC-1,Layer_3,4
GAATGCGAATCGGTTC-1,Layer_6,6
GAATGGGCTTATCGAC-1,Layer_6,6
GAATGTATGGCAGGTC-1,Layer_1,2
GAATGTGGTCCGGATT-1,Layer_3,4
GAATGTTGGGTAATCT-1,Layer_3,3
GAATTATAGTGAAAGG-1,Layer_3,4
GAATTATGCAACCTAC-1,Layer_3,3
GAATTCACCCGGGTGT-1,Layer_5,7
GAATTTCTCGCTGCAG-1,Layer_3,4
GACAAACATATGCAGG-1,Layer_3,4
GACAACGACCATTGAA-1,Layer_3,3
GACAACGCAGCTTACG-1,Layer_3,3
GACAAGAGATGAGATT-1,Layer_4,4
GACACAAGGGAAGAAA-1,Layer_3,4
GACACAGCCGGGACTG-1,Layer_6,6
GACACGAGTTAGAGGA-1,Layer_3,4
GACACTGAGTTCAGTG-1,Layer_5,7
GACACTGGAACCCGAT-1,Layer_3,4
GACACTTCCAATTACC-1,Layer_6,6
GACAGATTTCTGGCTC-1,Layer_6,6
GACAGCCAGACCTGAC-1,Layer_3,4
GACAGGCACACACTAT-1,Layer_5,7
GACATACTGTCGCAGA-1,Layer_4,4
GACATCCGTCGAACTG-1,Layer_6,6
GACATCGATTTATAAC-1,Layer_5,7
GACCAAACGTTGACTG-1,Layer_4,4
GACCACACTTCCCTTT-1,Layer_6,6
GACCAGAGCCCTGTAG-1,Layer_3,4
GACCAGGTCATTCATA-1,Layer_1,2
GACCCAATTATGATAC-1,WM,1
GACCCGTCGCCGGCTA-1,Layer_1,2
GACCGACGTGAAAGCA-1,Layer_3,3
GACCGACTGAAGCGTC-1,Layer_5,7
GACCGCGTCTGACGTG-1,Layer_3,4
GACCGTCAGGTCGTGA-1,Layer_1,2
GACCGTGCTGACGGTG-1,Layer_4,4
GACCGTTACATGCGAC-1,Layer_5,6
GACCTTCCACGTCTAC-1,Layer_6,6
GACGACGATCCGCGTT-1,Layer_5,7
GACGAGGCTAATAAAC-1,Layer_4,4
GACGCCGTAAAGGCTA-1,Layer_5,7
GACGCCTGTTGCAGGG-1,Layer_3,3
GACGCTTGCTTCTAAA-1,Layer_5,7
GACGGACCGCGTTCCT-1,Layer_1,2
GACGGGATGTCTTATG-1,Layer_1,5
GACGGGTTGGCCCGTA-1,Layer_6,6
GACGGTCAATAGAAGC-1,Layer_2,3
GACGGTCCTAGGGTGT-1,,3
GACGTGAGACTCCATG-1,Layer_3,3
GACGTGTAGGGATTAT-1,Layer_3,4
GACGTTCGTAAATACA-1,Layer_1,2
GACTAACACAGCACCT-1,Layer_1,2
GACTAAGATCATGCAC-1,Layer_3,3
GACTAAGTAGGCTCAC-1,Layer_3,4
GACTACAAAGCGGTGG-1,Layer_6,6
GACTACAATTGCTCGT-1,Layer_1,2
GACTAGGCCGTTAGGT-1,Layer_6,6
GACTCACCCACGTGAG-1,Layer_3,3
GACTCCCAGAATAAGG-1,Layer_1,2
GACTCGCGGGAATGAC-1,Layer_2,3
GACTCGGTCGGCGGAT-1,Layer_1,5
GACTGATTGGTCACAA-1,Layer_1,2
GACTGCAAATCGAGCT-1,Layer_5,7
GACTGCACCAGCCCAG-1,Layer_4,4
GACTGCGGCACGTGTA-1,Layer_4,4
GACTGCTGGTGAGAAA-1,WM,1
GACTGGGCGCCGCAAC-1,Layer_1,5
GACTTCAACGCATCAA-1,Layer_6,6
GAGAACGGTTCTGACT-1,Layer_5,7
GAGAATCTCACGATCA-1,Layer_5,7
GAGACCCTGCAACGCC-1,Layer_1,5
GAGACTGATGGGTAGA-1,Layer_3,4
GAGACTTCGCGACCGA-1,Layer_5,7
GAGAGCGCAGTCCCTG-1,Layer_5,7
GAGAGGCCTATGTGTA-1,Layer_5,7
GAGAGGGCGCGAGGTT-1,Layer_4,7
GAGAGGTGCATTCTGG-1,Layer_5,7
GAGATCTGCTTGGCAT-1,Layer_4,4
GAGATCTGTCACTCCG-1,Layer_3,3
GAGATCTTCCATGACA-1,Layer_4,4
GAGATGGCTTTAATCA-1,Layer_6,6
GAGATGGGAGTCGACA-1,Layer_5,4
GAGCACCTGTGTCCAG-1,Layer_5,7
GAGCATCAACAACTTG-1,WM,1
GAGCATCATCCCTGGG-1,Layer_3,3
GAGCCACGGTAGTAGG-1,Layer_2,3
GAGCCAGCTACCTGTG-1,Layer_4,4
GAGCCGAGCGTTTATT-1,Layer_1,2
GAGCGAGGGAGTACCG-1,Layer_2,3
GAGCGCAAATACTCCG-1,Layer_3,4
GAGCGCGCACGAGTAG-1,Layer_4,4
GAGCGCTATGTCAGGC-1,Layer_1,5
GAGCGCTGTTAGGTAA-1,WM,1
GAGCGGAATGCGGTGT-1,WM,1
GAGCTAAGGGCATATC-1,Layer_3,3
GAGCTCAACATGAGCG-1,WM,6
GAGCTCTCGGACCTAA-1,Layer_3,3
GAGCTGTCGTCTCGGA-1,Layer_1,2
GAGGAATATCTCTTTG-1,WM,1
GAGGAATGGAGAGGTT-1,Layer_3,4
GAGGAGATCCTCATGC-1,Layer_3,4
GAGGAGTAATTCCTAC-1,Layer_1,2
GAGGATAAACAGTGCT-1,Layer_3,3
GAGGCATTTGCAGCAG-1,Layer_1,2
GAGGCCCGACTCCGCA-1,WM,1
GAGGCCTGTTGATACA-1,Layer_5,7
GAGGCTATCAAAGTCG-1,Layer_5,7
GAGGGAGTCAGATCGC-1,WM,1
GAGGGCATCGCGTATC-1,Layer_3,3
GAGGGCCATAATATTA-1,Layer_1,2
GAGGGCCGGCAGAGTC-1,Layer_3,3
GAGGGCGCAGCTCTGC-1,Layer_2,3
GAGGGTAGTAACAAAG-1,WM,1
GAGGTACATCCATCTT-1,Layer_1,2
GAGGTACGCGTGTCCC-1,Layer_6,6
GAGGTCCCAAAGATCT-1,Layer_3,4
GAGGTCTTAGTGGGTC-1,Layer_1,5
GAGTAAACCGGAAAGT-1,Layer_3,4
GAGTAAGGCCACGGGA-1,Layer_6,6
GAGTACGGGTATACAA-1,Layer_3,3
GAGTAGATACTAGTTG-1,Layer_6,6
GAGTATACCCTAATCA-1,WM,6
GAGTATGCCCGCCTTG-1,Layer_5,7
GAGTATGCGCGTGCAT-1,Layer_6,6
GAGTCAGACCAGAATC-1,Layer_6,6
GAGTCCGCTTACCGGA-1,Layer_5,4
GAGTCGACAGACCCTC-1,Layer_5,7
GAGTGCACGGACAACA-1,Layer_1,2
GAGTGTCAACCAGAAA-1,Layer_5,7
GAGTGTGCGGTACCCA-1,Layer_3,4
GAGTTGATGGCAATTT-1,WM,6
GATAAATCGGTGGATG-1,Layer_3,3
GATAACTCGCACTGTG-1,Layer_3,3
GATAAGGCAGATGCAA-1,Layer_3,3
GATACGATGGGAGTCA-1,Layer_5,7
GATAGAACCCGCTAGG-1,WM,1
GATAGCGTACCACGCG-1,Layer_3,4
GATAGGATTAATTACA-1,,3
GATAGGTAACGTTGAC-1,Layer_5,4
GATAGTGCGAGTAAGT-1,WM,1
GATATCAGTATGTATC-1,Layer_3,4
GATATCTCATGCAATA-1,Layer_1,5
GATATGAGACACTAAC-1,Layer_3,4
GATATGCGGTAGCCAA-1,Layer_1,2
GATATGGATTACGCGG-1,Layer_4,4
GATATTGAGATTGGCG-1,Layer_3,3
GATATTTCCTACATGG-1,Layer_1,2
GATCAACATAAAGGGA-1,WM,1
GATCATTCCAAACATT-1,Layer_3,4
GATCCCTTTATACTGC-1,Layer_3,4
GATCCGGGAATTAACA-1,Layer_3,4
GATCCTAAATCGGGAC-1,Layer_2,5
GATCCTCGACACTGGC-1,Layer_6,6
GATCCTCTTGCGCTTA-1,Layer_1,2
GATCGACACTATCTGA-1,Layer_3,4
GATCGCGGGCTCTCCA-1,Layer_4,4
GATCGCTACCCGATTT-1,Layer_3,4
GATCGCTATATCTCAG-1,WM,1
GATCGGATAGAACCAT-1,Layer_5,6
GATCGGCGATAAGTCG-1,Layer_3,4
GATCGGTGGCCATAAC-1,Layer_3,3
GATCGTGACTGATATC-1,Layer_3,4
GATCTCGACGCTGTGG-1,Layer_3,4
GATCTGCTATCTAAGG-1,Layer_6,6
GATCTTAGTGAACGTG-1,Layer_3,3
GATCTTCATTGTCCTC-1,Layer_3,4
GATCTTGGAGGGCATA-1,Layer_4,4
GATCTTTGCAGGGTAT-1,Layer_4,4
GATCTTTGCTCAAAGA-1,Layer_1,5
GATGACAAGTAGGGCA-1,WM,6
GATGACGATGATCGCG-1,Layer_1,2
GATGAGGAACCTTCGG-1,Layer_6,6
GATGATTTGAAACTGG-1,Layer_1,2
GATGCCACACTACAGC-1,Layer_1,2
GATGCCAGCAGAAGGC-1,Layer_3,4
GATGCGAATGGTATTA-1,Layer_4,4
GATGCGTCCTGCATTC-1,Layer_3,4
GATGCTACAAGCGCCT-1,Layer_3,3
GATGCTACCTTCGATG-1,WM,1
GATGCTGTATTTCATC-1,Layer_3,4
GATGGCGCACACATTA-1,Layer_3,4
GATGGTGAAATAACCC-1,Layer_3,3
GATGGTGCCCTAGGCA-1,Layer_1,2
GATGTAACGAACCACC-1,WM,6
GATGTCCGGATCACAT-1,Layer_2,3
GATGTCGGTCAACTGC-1,Layer_1,2
GATGTGTTGTCACAAG-1,Layer_1,2
GATGTTCAATCCACGA-1,Layer_5,7
GATGTTTGTGCGAGAT-1,Layer_3,4
GATTAACCGAAAGCCC-1,Layer_4,4
GATTAATCCTGGCTCA-1,Layer_2,3
GATTACTGAATTTGGG-1,Layer_5,7
GATTATCTTGCATTAT-1,Layer_6,6
GATTCCCTTGTCGCAG-1,Layer_3,3
GATTCCGCGTTTCCGT-1,Layer_1,2
GATTCCTATACGGCGC-1,Layer_3,4
GATTCGACGGTTCACG-1,Layer_3,4
GATTCTGTTAATGAGT-1,WM,6
GATTGACACTCTGCTC-1,Layer_1,2
GATTGCTCCAGTTGCA-1,WM,1
GATTGGGAAAGGTTGT-1,Layer_6,6
GATTTAGTGCGTACTG-1,Layer_1,5
GCAAACCCTACATTAT-1,Layer_4,4
GCAAACCTTGGCCATA-1,Layer_5,7
GCAAACGTCGCCAGGT-1,Layer_3,4
GCAAATATTACGCTTT-1,Layer_4,4
GCAAATGAGGACACTT-1,Layer_6,6
GCAACACACTAGAACT-1,Layer_6,6
GCAACAGCAGTATGCG-1,Layer_3,4
GCAACCACCAGACCGG-1,Layer_1,2
GCAACCACGGCCGCGT-1,Layer_5,7
GCAACCCAAGTTGTTT-1,Layer_5,7
GCAACGGCTAGTTATG-1,Layer_3,4
GCAAGAATTCCTTGGC-1,Layer_5,7
GCAAGATGTGTTCGCG-1,Layer_1,2
GCAAGTGCACAGAGAA-1,Layer_3,4
GCAAGTGTAAAGCATG-1,WM,1
GCACAAACGAGGCGTG-1,Layer_3,3
GCACAAGTGGATCATA-1,Layer_3,4
GCACAAGTGTCGGAAG-1,Layer_1,2
GCACACACTGGTAGCC-1,Layer_5,4
GCACACAGCTATTACC-1,WM,6
GCACACGCCCATGGTC-1,Layer_5,7
GCACAGCACGGGCCGA-1,WM,1
GCACCTAGGCGAGTCC-1,Layer_6,6
GCACGCCGATTCCCGC-1,Layer_6,6
GCACGCCTACTTAGAT-1,Layer_6,6
GCACGTGGTTTACTTA-1,Layer_5,7
GCACTAGTCGCGCTAT-1,Layer_3,3
GCACTCCCACAGTCCC-1,Layer_1,2
GCACTGCCTACCTTTA-1,Layer_6,6
GCACTGTGCAAATGTA-1,Layer_3,3
GCAGAAACGTAATCCA-1,Layer_2,3
GCAGACCCAGCACGTA-1,Layer_3,3
GCAGATCCATAAGACT-1,Layer_4,4
GCAGATCCTCGCAAAT-1,Layer_4,4
GCAGATTAGGGATATC-1,Layer_3,4
GCAGCACACAGCCCAG-1,Layer_4,4
GCAGCCTATATCACAT-1,Layer_2,3
GCAGCGGTGGGCATTA-1,Layer_2,3
GCAGCTATGGACAGGT-1,Layer_1,5
GCAGCTGTCAACGCAT-1,Layer_6,6
GCAGGAACTTAGATCT-1,WM,1
GCAGGACTATAGAATA-1,Layer_4,4
GCAGGTAGAGTATGGT-1,Layer_1,2
GCAGTGTGGCTATAGG-1,Layer_5,7
GCAGTTCGATCCGAGC-1,Layer_4,4
GCATAAATTGAACGCC-1,Layer_3,3
GCATACGAGGTCTTTA-1,Layer_5,7
GCATAGAGCACTCAGG-1,Layer_3,4
GCATCCCTAACTTTGA-1,Layer_3,3
GCATCGGCCGTGTAGG-1,Layer_3,4
GCATGAGGGACGCGGC-1,Layer_3,3
GCATGCTAATAACGAT-1,Layer_6,6
GCATGGGTACTGACGC-1,Layer_6,6
GCATTCAAGGCAACGC-1,Layer_1,5
GCATTCGAAATGAACA-1,Layer_4,7
GCATTGTAATTCATAT-1,Layer_5,6
GCATTTCCAAGGCTCC-1,Layer_2,3
GCCAACCATTTCCGGA-1,Layer_1,2
GCCAAGAATACTTCTG-1,Layer_6,6
GCCAATAGGGCATCTC-1,Layer_1,2
GCCACAATTTAAGGAC-1,Layer_5,7
GCCACTCAGAGCGCGA-1,Layer_5,7
GCCACTCCTTACGGTA-1,Layer_3,4
GCCAGGAAAGAACACT-1,WM,1
GCCAGGAGTAACCGAT-1,Layer_1,2
GCCAGGCGTTCGCATG-1,Layer_1,2
GCCATATTGCACACAG-1,Layer_1,5
GCCATCGAGCTGCGTG-1,Layer_6,7
GCCATCGATGCTGCAT-1,Layer_2,5
GCCCACCAAGGCTGTC-1,Layer_3,3
GCCCACTGGTCCACAA-1,Layer_3,3
GCCCAGTTGGTATGCC-1,Layer_3,4
GCCCATGGGTGCAATG-1,Layer_2,3
GCCCGACTTCTTCCCG-1,Layer_6,6
GCCCGATCTGTGGTCG-1,Layer_5,7
GCCCGCGCGTAAACGG-1,Layer_5,7
GCCCGCGCGTTTGACA-1,Layer_3,4
GCCCGTAATACCTTCT-1,Layer_3,3
GCCCTAAGTGCAGGAT-1,WM,6
GCCCTAGCCGTCGCGA-1,WM,1
GCCCTGAGGATGGGCT-1,Layer_6,6
GCCGAAATTCCTACGT-1,Layer_4,4
GCCGACCCACGACTGC-1,WM,1
GCCGATTGGCCAAGCT-1,Layer_4,4
GCCGCATTAGTCCGGC-1,Layer_5,7
GCCGCTAGATACGCAG-1,Layer_2,3
GCCGCTTGTGAGAAAC-1,Layer_4,4
GCCGGAAACACATCTT-1,Layer_1,2
GCCGGGTTAGGGTCGC-1,Layer_4,4
GCCGGTCGTATCTCTC-1,WM,1
GCCGGTTTGGGCGGAT-1,Layer_1,5
GCCGTCGGTTTCGGGC-1,WM,1
GCCGTGGAAGAAATGT-1,Layer_3,3
GCCTACGTTCTGTGCA-1,Layer_6,6
GCCTAGCGATCTGACC-1,Layer_3,4
GCCTATAGTGTCAGGG-1,Layer_2,3
GCCTATGCTGGGCCTT-1,Layer_1,2
GCCTATTCCGATATAG-1,Layer_3,4
GCCTATTTGCTACACA-1,Layer_1,5
GCCTCATCTGGAAATA-1,Layer_3,4
GCCTCCGACAATTCAC-1,Layer_5,7
GCCTCTATACATAGCA-1,Layer_5,7
GCCTGCTACACTGAGA-1,Layer_1,5
GCCTGTCCCGGTGCAT-1,WM,6
GCCTTCAGCCCTACCG-1,Layer_3,3
GCCTTGTATATGCAGT-1,Layer_3,4
GCGAAACGATCGGGAG-1,Layer_4,4
GCGAAACTTAACTGGA-1,Layer_3,4
GCGAAGAATCTGACGG-1,Layer_6,6
GCGAAGCCATACCCGT-1,Layer_3,4
GCGAATGGACTAGCGA-1,WM,6
GCGACATGTAAACATC-1,Layer_3,3
GCGACCCAACCATCTG-1,WM,1
GCGACGATAGTTGTAC-1,Layer_5,7
GCGACGGTAGTCTCCT-1,WM,6
GCGAGAAACGGGAGTT-1,Layer_3,4
GCGAGAGGCCATGTAA-1,Layer_1,2
GCGAGAGTTGCGTCCA-1,Layer_2,3
GCGAGCGCATGCTCCC-1,Layer_3,3
GCGAGGCCCGAGCAGA-1,Layer_4,4
GCGAGTTCTGCAAAGA-1,Layer_3,4
GCGATGTCTGTGCTTG-1,Layer_4,4
GCGATTCTGGAAGCAG-1,Layer_1,2
GCGATTGTTAACGTTA-1,Layer_3,4
GCGCAAATATATTCAA-1,WM,1
GCGCAAGAGCGCGCTG-1,Layer_3,3
GCGCATCCAGTCAGCA-1,Layer_2,3
GCGCCGTTCCACGATA-1,Layer_4,4
GCGCCTCCCACTCCGA-1,Layer_3,4
GCGCGATGGGTCAAGT-1,Layer_1,2
GCGCGGTCTAGTAACT-1,WM,1
GCGCGTCATTGGTACA-1,Layer_5,7
GCGCTAAGTATGCATG-1,Layer_1,5
GCGCTAATTGAATAGA-1,Layer_3,4
GCGCTATGCCGAGGCA-1,Layer_5,7
GCGCTGATCCAGACTC-1,Layer_1,2
GCGCTGCTTTGCATTT-1,Layer_2,3
GCGCTTAAATAATTGG-1,Layer_5,4
GCGGACCGCGTTGTGG-1,Layer_6,7
GCGGAGAAACTTCGCA-1,Layer_6,6
GCGGAGAGGGAGAACG-1,Layer_4,4
GCGGCAAAGTATTGCC-1,WM,1
GCGGCTCTGACGTACC-1,Layer_5,7
GCGGCTTTAGCAAGTT-1,Layer_6,6
GCGGGAACCAGGCCCT-1,Layer_3,3
GCGGGCAGACGGGTGA-1,WM,6
GCGGGCATTACGATGC-1,Layer_1,5
GCGGGCGAGCCTTACC-1,Layer_6,7
GCGGTAACCCAAATGA-1,Layer_3,3
GCGGTCCCGGTGAAGG-1,Layer_1,2
GCGGTCCCTAGACGCA-1,Layer_3,3
GCGGTCTTGCTTTCAC-1,Layer_6,6
GCGGTGAACTGCGCTC-1,Layer_1,2
GCGGTGCGGAGCATCG-1,Layer_4,4
GCGGTTCCCTATCATG-1,Layer_5,7
GCGTAAATGGCCATAA-1,Layer_3,3
GCGTCCAGCTCGTGGC-1,Layer_1,5
GCGTCCCTAAGACATA-1,WM,1
GCGTCGAAATGTCGGT-1,Layer_2,3
GCGTCGCCAGGGTGAT-1,Layer_5,7
GCGTCGTAACATGGTC-1,WM,6
GCGTCTCTGCATTGGG-1,Layer_5,7
GCGTGGTACTGGGTTA-1,Layer_3,3
GCGTGTATGTCGTATT-1,Layer_1,2
GCGTTATATTTGGAAC-1,Layer_5,7
GCGTTCGGAGACCGGG-1,Layer_1,2
GCTAAACCTGAGGTGA-1,Layer_3,4
GCTAACTGAAGTCTGA-1,Layer_5,7
GCTAAGTAAAGGCGAT-1,Layer_4,4
GCTAAGTAGTTTCTCT-1,Layer_3,4
GCTAATACCGAATGCC-1,Layer_3,4
GCTACAATCGAGGATA-1,Layer_5,7
GCTACACTGTCCGAAC-1,Layer_2,5
GCTACAGTACGGACCG-1,Layer_5,6
GCTACGACTTATTGGG-1,Layer_4,4
GCTACTATAGTAGAGT-1,Layer_4,4
GCTAGACCGTCTACTG-1,Layer_3,4
GCTAGAGTAGAGATGT-1,Layer_4,4
GCTAGCAGGGAGTGGG-1,Layer_1,2
GCTAGCTTGAATAGCT-1,Layer_6,7
GCTAGGCACCACGGAG-1,Layer_5,4
GCTAGTAGAGCTTGTA-1,Layer_3,4
GCTAGTTTCATTGAGG-1,Layer_3,4
GCTATACGTCTCGGAC-1,Layer_4,4
GCTATCATACTCATGG-1,Layer_5,4
GCTATCGCGGCGCAAC-1,Layer_3,4
GCTATGCCAGCTTATG-1,Layer_6,6
GCTCAACCTCTTAGAG-1,Layer_3,4
GCTCAATCCGTTTATT-1,Layer_6,6
GCTCAATGTAATACCG-1,Layer_6,6
GCTCATTACTGCATGT-1,Layer_1,2
GCTCCATGCAAAGCAA-1,WM,1
GCTCCCAGTCGGTCCA-1,Layer_3,4
GCTCCGCTCGCTTCAG-1,Layer_3,4
GCTCCGGACGTTGATA-1,Layer_2,3
GCTCCTGACATACTGG-1,WM,6
GCTCGACCGAACTGAA-1,Layer_3,3
GCTCGCGGTTCCGCTC-1,Layer_4,4
GCTCGCTCATGTCCAA-1,Layer_3,4
GCTCGGAATTTAAAGC-1,Layer_2,5
GCTCTAAACCCTGACG-1,Layer_3,3
GCTCTATGTTACGTGC-1,Layer_3,4
GCTCTCGGGTACCGAA-1,Layer_3,4
GCTCTTTCCGCTAGTG-1,WM,6
GCTGAACTCTCCAGGG-1,Layer_3,3
GCTGAATCTTCCAATC-1,WM,1
GCTGAGCAACGGTTCT-1,Layer_3,4
GCTGAGGCGTGAGTAT-1,Layer_4,4
GCTGCACGGTTTCTTA-1,Layer_3,4
GCTGCGCCTCCCACGT-1,Layer_4,4
GCTGCTAAGTAGTCGA-1,Layer_6,7
GCTGCTACTGCGTAGC-1,Layer_5,4
GCTGCTCTCCGGACAC-1,Layer_3,4
GCTGGACCCAAAGTGG-1,Layer_1,2
GCTGGCAGGTGCCGTG-1,Layer_5,7
GCTGGCATATTCACCT-1,Layer_4,4
GCTGGCGGCGCATGCT-1,Layer_5,7
GCTGGGTCCGCTGTTA-1,Layer_2,3
GCTGGTGACTCGTAGT-1,Layer_1,5
GCTGTATTACTGGCCC-1,Layer_5,7
GCTGTCTGTGATCGAC-1,Layer_2,3
GCTGTTGCTACCGAAC-1,Layer_3,3
GCTTAATGTAACTAAC-1,Layer_3,4
GCTTACGTAGTTAGTA-1,Layer_2,3
GCTTAGGGAAGCGGTA-1,Layer_2,5
GCTTATGAAGCAGGAA-1,Layer_3,3
GCTTCAGTGGGATTAC-1,Layer_2,3
GCTTCCAGCTTAGATT-1,Layer_3,4
GCTTCCATGTAACCGC-1,Layer_6,6
GCTTCCCGTAAGCTCC-1,Layer_6,6
GCTTCCGTCCCTAGAC-1,Layer_3,3
GCTTGATGATAATCAG-1,Layer_3,4
GCTTGCAGCACAATTG-1,Layer_1,2
GCTTGGATCGATTAGG-1,Layer_2,3
GCTTTCAGAGGAGGTG-1,Layer_3,3
GCTTTCTATCTCAACT-1,Layer_3,3
GCTTTGCTGCCGGGTA-1,Layer_3,3
GGAAACCTTGTTGAAT-1,Layer_1,2
GGAAACTAAATGGGCC-1,Layer_5,7
GGAAAGGGAATTGAGC-1,WM,6
GGAAAGTGCCCATGCC-1,Layer_1,2
GGAACCCGAACAAGAA-1,Layer_4,4
GGAACCGTGTAAATTG-1,Layer_5,7
GGAACCTTGACTCTGC-1,WM,1
GGAACGGCCTGCAGCC-1,Layer_4,4
GGAACTTTGGCGATTA-1,Layer_5,7
GGAAGATAAGACTGTA-1,Layer_3,3
GGAAGCTCGCTTACAG-1,Layer_1,2
GGAAGGACACCGTATA-1,Layer_6,6
GGAATAACCTCAAGAA-1,Layer_1,2
GGAATGCGCTAGCGTG-1,Layer_3,3
GGACAACCATGAAGCC-1,Layer_6,6
GGACAAGTTGCAGTGA-1,Layer_5,7
GGACACAAGTTTACAC-1,Layer_3,4
GGACACCTCGGTGTTG-1,WM,6
GGACCAACAGGATAAC-1,Layer_5,7
GGACCTACGGTAACGT-1,Layer_1,2
GGACCTCTAGGCCGCC-1,WM,1
GGACGGCTTGCGCAAC-1,Layer_1,5
GGACGGGCGACCAACC-1,Layer_5,7
GGACGTCCATAGTTGG-1,Layer_1,2
GGACTAAGTCAGGAGT-1,Layer_5,7
GGACTCGACAGCGCAT-1,WM,1
GGACTCGTGAGTGGTC-1,WM,1
GGACTCTTTGACTAAG-1,Layer_6,6
GGAGAAGTCATTGGCA-1,Layer_3,4
GGAGACCAATGTGCTT-1,Layer_1,2
GGAGACGACACCTTTG-1,Layer_4,4
GGAGCAACATTTCAAG-1,Layer_4,4
GGAGCACCAAGAACTA-1,Layer_3,3
GGAGCGAGGCCTACTT-1,Layer_6,6
GGAGGATTGAAAGGAG-1,Layer_1,2
GGAGGCCGAAGTCGTC-1,Layer_3,3
GGAGGCGAAGAACCGC-1,Layer_2,3
GGAGGGCTTGGTTGGC-1,Layer_3,3
GGAGGGTCAAGTAAGA-1,Layer_5,7
GGAGTACACATGAGCT-1,Layer_3,4
GGAGTGCCGCCCTGGA-1,Layer_3,3
GGAGTTGATTCTGTGT-1,Layer_5,6
GGATACTCATGAATTG-1,Layer_2,3
GGATCAAAGGACGAGG-1,Layer_1,2
GGATCAGAGCCATCAG-1,Layer_6,6
GGATCATCCCGTACGC-1,Layer_1,2
GGATCCCTACCAGCTA-1,Layer_3,4
GGATCCGGAATATACT-1,Layer_3,4
GGATCTTACTGCCCTT-1,WM,1
GGATCTTGACTCAACC-1,WM,6
GGATGAAGATCGCTGA-1,Layer_3,4
GGATGACGCGAGTTTA-1,Layer_4,4
GGATGCTGGCGTTCCT-1,Layer_5,7
GGATGGCTTGAAGTAT-1,Layer_6,6
GGATGTCCTTACCGCA-1,Layer_3,3
GGATTAAGCTAAGGTC-1,Layer_1,2
GGATTAATCATGGACC-1,Layer_6,6
GGATTCAGTACGGTGG-1,Layer_3,4
GGATTCCGCTATACCC-1,Layer_1,5
GGATTGCTGTGACTCC-1,Layer_5,7
GGATTTCACTTCTATA-1,Layer_3,3
GGCAAAGGCGCCAATA-1,Layer_6,6
GGCAAATTACTTTACT-1,Layer_4,4
GGCAAGCCAGGGATAG-1,Layer_1,2
GGCAAGCCCATAGTGG-1,WM,1
GGCAAGGCGAAATAGC-1,Layer_4,4
GGCAATAGTCAATGAG-1,Layer_3,4
GGCACTCCACTGGGCA-1,Layer_4,4
GGCACTGCGGTGGTTT-1,Layer_6,6
GGCAGAGAGATCGGGA-1,Layer_5,6
GGCAGCAAACCTATGC-1,Layer_3,4
GGCAGCGGTAATCCTA-1,Layer_1,2
GGCATACAGGTAGCGG-1,Layer_4,4
GGCATATCGGTTCTGC-1,Layer_1,2
GGCATCAACGAGCACG-1,Layer_1,2
GGCATTGAACATCTCA-1,WM,6
GGCCAATTGTATAGAC-1,Layer_6,6
GGCCACAAGCGATGGC-1,Layer_1,2
GGCCACACGAAAGCCT-1,Layer_4,4
GGCCCAATCTAGAGGG-1,Layer_2,3
GGCCCAGCTGGTTTGC-1,Layer_6,6
GGCCCAGTTATCAGCA-1,Layer_1,5
GGCCCGGAGCATGTCT-1,Layer_2,3
GGCCCGTATACCATGC-1,Layer_1,2
GGCCCTCACCCACTTA-1,Layer_5,7
GGCCGAGACTCTGGTG-1,WM,1
GGCCGCAGGAACCGCA-1,Layer_5,6
GGCCGGCGTCTGCTAT-1,Layer_6,6
GGCCGTTTGGGTTTCA-1,Layer_6,6
GGCCTGCTCTGATGTT-1,WM,6
GGCCTGCTTCTCCCGA-1,Layer_4,7
GGCCTTTGCAACTGGC-1,Layer_5,6
GGCGAAATCTAACTTG-1,Layer_3,4
GGCGAACCGTTCTGAT-1,Layer_1,2
GGCGAGCATCGAGGAC-1,Layer_1,2
GGCGCAGGACATCTTC-1,Layer_5,7
GGCGCATGAATTGATG-1,Layer_4,4
GGCGCGGAGATCTTTC-1,Layer_5,7
GGCGCGTTCGAGTTTA-1,Layer_5,4
GGCGCTCCTCATCAAT-1,Layer_3,4
GGCGCTTCATTCCCTG-1,Layer_6,6
GGCGGAGTAATATTAG-1,Layer_3,4
GGCGGTAGGATCATTG-1,Layer_3,4
GGCGGTTTGCCGGTGC-1,Layer_3,4
GGCGTACCCTATATAA-1,Layer_1,2
GGCGTAGGGAAAGCTG-1,Layer_6,7
GGCGTCCTATCCGCTG-1,Layer_4,4
GGCTAAAGGGCGGGTC-1,Layer_1,2
GGCTAATGATTGAAAT-1,Layer_1,5
GGCTACTATACACTCC-1,WM,1
GGCTATTAAGTTGTAT-1,Layer_4,4
GGCTCCTCCACCTGTT-1,WM,1
GGCTCGCGTTGAGGTA-1,Layer_3,3
GGCTCGTGCCACCAGC-1,Layer_3,4
GGCTCTGCTCCAACGC-1,Layer_3,3
GGCTGAAATAGCAAAG-1,Layer_4,4
GGCTGAGCATCGTAAG-1,Layer_1,2
GGCTGGCAATCCCACG-1,Layer_6,6
GGCTGGCTAGCTTAAA-1,Layer_3,3
GGCTTCTCGTGGGTGG-1,Layer_6,7
GGCTTGGCTCTCACCT-1,Layer_5,4
GGCTTTCAATAAGGGT-1,Layer_6,6
GGGAACCACCTGTTTC-1,Layer_1,2
GGGAACGGGAGGTTAG-1,Layer_5,7
GGGAACGGTTTCAGAT-1,WM,1
GGGAAGACGGTCTGTC-1,Layer_6,6
GGGAAGGGCTTTCTCA-1,Layer_5,7
GGGAATGAGCCCTCAC-1,Layer_1,2
GGGAATTCTGTCCAGT-1,Layer_5,7
GGGACAGAGTTACTCC-1,WM,1
GGGACCCGTATATCTT-1,Layer_6,6
GGGACTGCATAGATAG-1,Layer_3,4
GGGAGAACTCACAGTA-1,Layer_3,4
GGGAGCGACCGTAGTG-1,Layer_6,6
GGGAGGATGCCCGAAA-1,Layer_4,4
GGGAGTAATGGCTGGC-1,Layer_2,3
GGGAGTTAATGAGGCG-1,Layer_3,4
GGGATACGGTAATAAT-1,Layer_4,4
GGGATCCCAATACAAA-1,Layer_1,2
GGGATGGTCGTAACCG-1,Layer_5,7
GGGATTTACCGCACCT-1,Layer_3,4
GGGCAACCGCACGTGC-1,WM,1
GGGCACGAATTGGCCG-1,Layer_5,7
GGGCACGTAGTACTGT-1,WM,1
GGGCAGAGCAATCGTT-1,Layer_6,7
GGGCAGTCAACGCCAA-1,Layer_6,6
GGGCATGCATGTCGAG-1,WM,6
GGGCCCGTCTTAAACA-1,Layer_5,4
GGGCCCTACGAAAGGG-1,Layer_5,7
GGGCCCTTATCTATAC-1,Layer_5,7
GGGCCGGCCGAAGTAC-1,Layer_3,4
GGGCCTAAATGGGCTA-1,Layer_6,6
GGGCCTATACAACCGG-1,Layer_3,3
GGGCCTATTTAAGTAT-1,Layer_1,5
GGGCGAATTTCTCCAC-1,Layer_3,4
GGGCGATATGTGTGAA-1,Layer_3,4
GGGCGCAGCGTTACTC-1,Layer_1,5
GGGCGGCAAATGAATT-1,Layer_5,7
GGGCGGGTTCCCTACG-1,Layer_5,7
GGGCGGTCCTATTGTC-1,Layer_3,4
GGGCGTACATTTATAT-1,Layer_3,3
GGGCGTCACCACGTAA-1,Layer_5,7
GGGCGTCCACTGGCTC-1,Layer_1,2
GGGCGTGGTTTCCCAG-1,Layer_5,7
GGGCTATGATCGATGG-1,Layer_6,6
GGGCTCATCGAACCCA-1,Layer_2,5
GGGCTGCCTAGGGCGA-1,Layer_3,4
GGGCTGGTTAGTCGCG-1,Layer_3,4
GGGTAATGCTGTGTTT-1,Layer_3,3
GGGTACCCACGGTCCT-1,Layer_3,4
GGGTACTTCATGAACT-1,Layer_4,4
GGGTATGTATGCACTT-1,Layer_4,4
GGGTATTCTAGCAAAC-1,WM,1
GGGTCACCGTGACGGT-1,Layer_4,4
GGGTCACGTGCTTATG-1,Layer_2,3
GGGTCACTGAGTAGTG-1,Layer_3,3
GGGTCAGGAGCTAGAT-1,WM,6
GGGTCATGCGTACCAT-1,Layer_3,4
GGGTCGTGGCAAGTGT-1,Layer_1,2
GGGTCTATCGCTTTCC-1,Layer_5,7
GGGTGACACCTTAACT-1,Layer_5,4
GGGTGCATATGAAAGC-1,Layer_1,5
GGGTGGTCCAGCCTGT-1,Layer_1,2
GGGTGTTTCAGCTATG-1,Layer_2,5
GGGTTAACATTTGAGT-1,Layer_6,7
GGGTTCAGACGAACAA-1,Layer_3,4
GGGTTTAGGATAGGAT-1,Layer_3,4
GGGTTTCCGGCTTCCA-1,Layer_1,5
GGTAAACTCTGCGCTG-1,Layer_5,7
GGTAAATGTGCGTTAC-1,Layer_1,2
GGTAACCGGGAGGATA-1,WM,1
GGTAACTATGTATCTG-1,Layer_3,3
GGTACAAACATGCTAT-1,Layer_4,4
GGTACACCAGATTTAT-1,Layer_1,2
GGTACATCTGGGACGA-1,Layer_5,7
GGTACCATTAAGACGG-1,Layer_1,5
GGTACGTTGCGGCCGG-1,Layer_5,7
GGTAGAAGACCGCCTG-1,Layer_5,7
GGTAGACCGTTGGGCG-1,Layer_5,7
GGTAGTGCTCGCACCA-1,Layer_3,4
GGTATAGTGACACATA-1,Layer_2,3
GGTATGAAAGAACTGA-1,Layer_5,6
GGTATTGCCGAGTTTA-1,Layer_3,4
GGTCAAGACTACTTCG-1,Layer_4,4
GGTCACGTTAGATTCA-1,Layer_2,5
GGTCAGTGGGTCCCAC-1,Layer_5,4
GGTCATTGTAGTCATA-1,Layer_1,5
GGTCCCATAACATAGA-1,Layer_2,3
GGTCCTTCATACGACT-1,Layer_3,4
GGTCGGATAAACGGCG-1,Layer_1,2
GGTCGGCCAGGAGCTT-1,Layer_3,3
GGTCGGTAATTAGACA-1,Layer_3,3
GGTCGGTCGTCCACAG-1,Layer_6,7
GGTCGTAAGCTCGCAC-1,Layer_6,6
GGTCTCCGTCCAGGTT-1,Layer_5,7
GGTCTCTGAATGGACT-1,Layer_6,6
GGTCTGAGAATCTGGA-1,Layer_3,3
GGTCTTGAGCGCTCTT-1,Layer_6,6
GGTGAAACCGGGAATG-1,Layer_1,2
GGTGAACGGGCTAGCC-1,Layer_3,3
GGTGAAGTACAGGGAT-1,Layer_5,7
GGTGAGATGCAGATAA-1,Layer_3,3
GGTGATAAGGAGCAGT-1,Layer_3,4
GGTGATGAAGGAAGTG-1,Layer_5,7
GGTGATTTCATCTTGT-1,Layer_2,3
GGTGCAGAGCCTATCG-1,Layer_1,2
GGTGCATAAATGATTA-1,WM,1
GGTGCGGATAAGTGGC-1,Layer_3,3
GGTGCTGATCACAAAG-1,Layer_4,4
GGTGCTGGTACACATT-1,Layer_5,7
GGTGGACCACGTGTTA-1,Layer_1,5
GGTGGACTGCTCTGGC-1,Layer_5,4
GGTGTAAATCGATTGT-1,WM,1
GGTGTAGGTAAGTAAA-1,WM,1
GGTGTTCTGTTTCTAC-1,Layer_1,5
GGTTACCACCCTCGGG-1,Layer_5,7
GGTTAGCTATATGTCT-1,Layer_3,4
GGTTAGGCTTGGAGAA-1,Layer_3,4
GGTTAGTTACGGCGCC-1,Layer_4,4
GGTTCCACCCGCTTCT-1,Layer_1,5
GGTTCCCTAGTGTCTC-1,Layer_3,3
GGTTCGATGCTGAGTT-1,Layer_3,3
GGTTCGGATTATACTA-1,Layer_6,6
GGTTCTACTCGTCTGA-1,Layer_3,3
GGTTGTATCGTGAAAT-1,Layer_1,2
GGTTGTGCTCTTGTCC-1,Layer_4,4
GGTTGTGTAGCCTGGC-1,Layer_5,7
GGTTTAATTACCATCG-1,WM,1
GGTTTAATTGAGCAGG-1,Layer_1,2
GGTTTACAATCTCAAT-1,Layer_3,3
GGTTTAGCCTTTCTTG-1,Layer_3,4
GGTTTCAATCGGTCAG-1,Layer_3,3
GGTTTGACAAGAAGCT-1,Layer_1,5
GGTTTGAGTGCTGGAA-1,Layer_3,3
GGTTTGCGAACACGTA-1,Layer_1,5
GGTTTGTGACCTGAGG-1,Layer_5,7
GTAACAACTGACCTTG-1,Layer_1,5
GTAACATCAGCTCATC-1,Layer_3,3
GTAACATCTAAGATAA-1,Layer_4,4
GTAACTGCCCAAGGAG-1,WM,1
GTAACTTGCGGCAGTC-1,Layer_3,3
GTAAGCGGGCAGTCAG-1,Layer_3,3
GTAAGGATTTGTCGGA-1,Layer_1,2
GTAAGTAACAGTCTGG-1,Layer_3,4
GTAAGTAGGGTATACC-1,Layer_3,4
GTAAGTCCACACTCTA-1,Layer_3,3
GTAATAAAGGGCTCCC-1,Layer_2,3
GTAATCTGATTCTTCG-1,Layer_5,7
GTACACTTACCTGAAG-1,Layer_3,4
GTACAGAGGCAAGGGT-1,Layer_3,4
GTACGACGGCGCTGCG-1,Layer_3,3
GTACGAGATTGCGACA-1,Layer_3,3
GTACGCTTCATTGCAC-1,Layer_4,4
GTACGTCACGTATTAA-1,Layer_1,2
GTACGTTTGCCCGTCA-1,Layer_4,4
GTACTAAGATTTGGAG-1,Layer_3,4
GTACTACGGCCTCGTT-1,Layer_6,6
GTACTCCCTTATCGCT-1,Layer_5,7
GTACTCCTGGGTATGC-1,Layer_1,2
GTACTGAGGTCGTAAC-1,Layer_2,3
GTACTGCATGAAGCGT-1,Layer_3,3
GTACTGGAGTTAGACC-1,Layer_3,4
GTACTTGGGCACTTCT-1,Layer_3,4
GTAGAAACGGGTGGAG-1,Layer_4,4
GTAGACAACCGATGAA-1,Layer_1,2
GTAGACACGCCTGACT-1,Layer_6,6
GTAGACGTCGTTACAT-1,Layer_3,3
GTAGAGGGAGACAAGT-1,Layer_6,6
GTAGCCAAACATGGGA-1,Layer_5,4
GTAGCGCTGTTGTAGT-1,Layer_1,2
GTAGCGGCTATACACT-1,Layer_3,4
GTAGCTAGTAAGCGCG-1,Layer_1,2
GTAGCTCCGGGAGGCT-1,WM,1
GTAGCTTCCTCTTGTT-1,Layer_3,3
GTAGGTGATCCGTGTA-1,Layer_1,2
GTAGTCGCGGGAATCA-1,Layer_4,4
GTAGTCTACGATATTG-1,Layer_6,7
GTAGTGAGCAACCTCA-1,Layer_5,6
GTAGTTAGACAATATA-1,Layer_3,3
GTAGTTCGAAGGCGAA-1,WM,1
GTATAATCTCCCGGAT-1,Layer_3,4
GTATAGGACTCAGTAG-1,Layer_3,3
GTATAGTGGCCCATGT-1,Layer_1,5
GTATATGTTACGGCGG-1,Layer_3,3
GTATCAAACGTTAGCT-1,Layer_4,4
GTATCAAGGTACTTCC-1,WM,6
GTATCAGCTTGGGTTC-1,Layer_3,4
GTATCCTTTGGTAACC-1,Layer_5,7
GTATCGGGACGAGCTG-1,Layer_3,3
GTATCTCAGTCTTGAC-1,WM,1
GTATCTCCCTAACTGT-1,Layer_1,2
GTATCTTGTTGCTCAC-1,Layer_1,2
GTATCTTTCATAACCA-1,Layer_4,4
GTATGAAATTTCACTC-1,WM,6
GTATGACGTGGGAAAC-1,Layer_2,3
GTATGTGGGTCTAGTT-1,Layer_3,3
GTATTAAGGCGTCTAA-1,Layer_3,4
GTATTAGGGTTCGCGT-1,Layer_2,5
GTATTCTGAGAAACGA-1,Layer_5,7
GTATTCTTACCGTGCT-1,Layer_3,3
GTCAAAGAAGTGGTGT-1,WM,1
GTCAAAGTTTACATAG-1,Layer_3,3
GTCAACCAGGCCTATA-1,Layer_5,7
GTCAAGCGGACTCGGG-1,Layer_3,4
GTCAATGCTATAATTT-1,Layer_1,2
GTCAATTGTACTGAAG-1,Layer_1,2
GTCACAAAGTTTCCAA-1,Layer_1,2
GTCACCTGTCTATGTC-1,Layer_2,3
GTCACTCTCCAAATCT-1,Layer_3,4
GTCAGAATAGTCTATG-1,Layer_4,4
GTCAGTTGTGCTCGTT-1,Layer_1,2
GTCAGTTTGGTAGTCG-1,Layer_5,7
GTCATCTCCTACAGCT-1,Layer_3,4
GTCATGCACCTCCGTT-1,Layer_3,4
GTCATGCGCGAGGGCT-1,Layer_5,7
GTCATGGACATGACTA-1,Layer_3,4
GTCATTAGAGCGAACG-1,Layer_3,4
GTCATTGCATTGACCC-1,Layer_5,7
GTCCAATATTTAGCCT-1,WM,1
GTCCACGTCGCATTCG-1,Layer_5,7
GTCCAGGCACGTGTGC-1,WM,1
GTCCATTACTGCTACG-1,Layer_3,4
GTCCCAACGTAAAGTA-1,Layer_3,4
GTCCCAATCATCCCGC-1,Layer_6,6
GTCCCGCGACGTTATG-1,Layer_5,7
GTCCGAGAGCAATCAT-1,Layer_5,7
GTCCGGACCTGAAATT-1,Layer_5,4
GTCCGGCTGAATTGCG-1,Layer_3,4
GTCCGGGTTCACATTA-1,Layer_6,6
GTCCGTTAGAGGGCCT-1,WM,6
GTCCTACAGGCGGCTC-1,Layer_3,4
GTCCTACGAATAGTCT-1,Layer_4,4
GTCCTATTGTTGTGGT-1,Layer_5,7
GTCCTTCTACAACCCA-1,Layer_4,4
GTCCTTCTAGTGGGTT-1,Layer_1,2
GTCCTTTAATGACTTC-1,Layer_1,5
GTCGCCGTTGTGTGTT-1,Layer_6,6
GTCGCGTAACCCGTTG-1,Layer_3,4
GTCGGAAGGATACCAG-1,Layer_1,5
GTCGGATATCTCAGAC-1,Layer_4,4
GTCGGATGTAGCGCGC-1,Layer_1,5
GTCGGGAACATGGTAG-1,Layer_6,6
GTCGGGAAGCAGAAAC-1,Layer_6,7
GTCGTACCATCTCGGG-1,Layer_5,4
GTCGTACCTACGATTG-1,Layer_5,6
GTCGTATTGGCGTACA-1,Layer_1,2
GTCGTCAATTATAAGG-1,Layer_2,3
GTCGTGTCTGGTCATC-1,Layer_1,2
GTCGTTATTCGCTTAT-1,Layer_4,4
GTCTAAGATGCCCAGC-1,Layer_3,3
GTCTACTCAATTACAA-1,Layer_5,7
GTCTAGTGAGCCGCTT-1,Layer_6,6
GTCTATCTGAGTTTCT-1,Layer_5,7
GTCTATTGCATGCTCG-1,Layer_5,7
GTCTATTGGTTCCGGT-1,Layer_4,4
GTCTCAAGGCCCGGCT-1,Layer_6,7
GTCTCCGCCTCAATAC-1,WM,1
GTCTCGACTAAGTTTG-1,Layer_1,2
GTCTCGATCTGCTTTC-1,Layer_1,5
GTCTCGCCAACACGCC-1,Layer_1,2
GTCTGCCGACTCGACG-1,Layer_6,6
GTCTGGGCGGTCGAGA-1,Layer_5,7
GTCTTAGTACAGCCGG-1,Layer_1,2
GTCTTCCTCACCTAAG-1,Layer_5,7
GTCTTGAGGAGCAGTG-1,Layer_2,3
GTCTTGTAGCTATTCA-1,Layer_3,4
GTGAAACGGCGCCACC-1,Layer_2,5
GTGAAACGTGCTCCAC-1,Layer_3,3
GTGAACTCCCATTCGA-1,Layer_2,5
GTGAAGATTTCAAGTG-1,Layer_1,2
GTGAAGCCGTATAGTC-1,Layer_1,2
GTGACAGCTTCCCACT-1,Layer_6,6
GTGACCGCACACTACG-1,Layer_3,3
GTGACGAGGGTGACCC-1,Layer_1,5
GTGACGCAGGTTTCAT-1,Layer_6,6
GTGACTTCAGTAGTGC-1,Layer_5,7
GTGAGATAACCTTATA-1,WM,1
GTGAGCGTGCTGCACT-1,Layer_5,7
GTGAGGACACTTAAGG-1,Layer_3,4
GTGAGGAGCGGTTGAG-1,Layer_1,2
GTGAGTCTAAGACGGA-1,Layer_4,4
GTGAGTGGTACAACGC-1,Layer_5,7
GTGATCAAGCGTGCAC-1,WM,1
GTGATCACTAACGCCT-1,Layer_3,4
GTGATCATAGATCTGC-1,Layer_5,4
GTGATCCTTGTCATGA-1,Layer_5,7
GTGATGCACAACATCT-1,Layer_1,2
GTGATTCGCCGCTCAA-1,Layer_5,7
GTGCAACAAATGTGGC-1,Layer_1,5
GTGCACCAGCTTCAAC-1,WM,1
GTGCACGAAAGTGACT-1,Layer_1,5
GTGCCATCACACGGTG-1,Layer_5,7
GTGCCCGTTCGGATTC-1,Layer_3,4
GTGCCGCTTCAAAGGT-1,Layer_5,7
GTGCCTAGCTATGCTT-1,Layer_3,4
GTGCCTCAGTGTACGG-1,Layer_1,2
GTGCCTGAGACCAAAC-1,Layer_6,6
GTGCGAAATCGAACAC-1,Layer_5,7
GTGCGACAGGGAGTGT-1,Layer_3,3
GTGCGCAGCTTGCTCC-1,Layer_2,3
GTGCGCTTACAAATGA-1,Layer_1,2
GTGCGGGACCATCGGC-1,Layer_2,5
GTGCGGGTCTCCAAAT-1,Layer_3,3
GTGCGTGTATATGAGC-1,Layer_3,4
GTGCTCAAGTACTGTC-1,Layer_3,4
GTGCTGCAGATAAGGA-1,Layer_5,6
GTGCTGTTAGAACATA-1,WM,7
GTGCTTACATCAGCGC-1,Layer_3,3
GTGGAACCTACATGCG-1,Layer_1,2
GTGGACCAACCCGATT-1,Layer_5,7
GTGGACGCATTTGTCC-1,Layer_5,7
GTGGACGTGCTGAGAC-1,Layer_3,4
GTGGAGTCGGCGGTTG-1,Layer_6,6
GTGGCAAACAGCGGCA-1,Layer_6,6
GTGGCCTAATATCATT-1,Layer_5,6
GTGGCGGGCCGTAGCT-1,Layer_1,2
GTGGCGGTCCCAGCGT-1,Layer_5,7
GTGGCGTGCACCAGAG-1,Layer_2,3
GTGGCTGTTTCTGTTC-1,Layer_6,6
GTGGGAACAAACCGGG-1,WM,1
GTGGGAAGACTGAATC-1,Layer_6,6
GTGGGCTTAGACACAC-1,Layer_3,4
GTGGGTCTTCTTTGCG-1,Layer_2,3
GTGGTATAGTCTGCCG-1,Layer_6,6
GTGGTCAGCGAAGTAT-1,Layer_1,2
GTGGTGGCCAAGTGAA-1,Layer_4,4
GTGGTTACTTCTTTCG-1,Layer_2,5
GTGGTTTCCGCCTTTC-1,Layer_5,7
GTGTACCTTGGCTACG-1,Layer_3,3
GTGTATATCAGCGGGC-1,Layer_5,7
GTGTATGACTTTAAAG-1,Layer_1,5
GTGTCAGTGTACGTGG-1,WM,1
GTGTCCGATAAGGCAT-1,Layer_2,5
GTGTCGTATAGCGTTC-1,Layer_5,7
GTGTCGTATTCACCTT-1,Layer_2,3
GTGTGAATAACTTAGG-1,Layer_3,3
GTGTGAGCCGAGGTGC-1,Layer_1,2
GTGTGTCGACGTCGCT-1,Layer_3,4
GTGTTACTATGCGTCC-1,Layer_3,4
GTTAAAGTAGGACTGG-1,Layer_4,4
GTTAACATCACTTAAA-1,Layer_5,7
GTTAACTATGTTGTCA-1,Layer_3,4
GTTAAGGGTGCGATGT-1,Layer_6,7
GTTAAGTTAGAGTGGG-1,Layer_2,3
GTTAATGTCTATCTTA-1,Layer_5,7
GTTACAATTGGTGACG-1,Layer_5,7
GTTACCTACAACTTGC-1,Layer_4,4
GTTACGAAATCCACGC-1,Layer_1,5
GTTACGGCCCGACTGC-1,Layer_1,2
GTTACTTTGGGCCTAG-1,Layer_5,4
GTTAGAGTGTGCCGCT-1,Layer_1,2
GTTAGCCCATGACATC-1,Layer_6,6
GTTAGCCGTAAATCAA-1,Layer_1,5
GTTAGGCTACCCGTTT-1,WM,1
GTTATAATACGGTGAA-1,Layer_4,4
GTTATATCAGGAGCCA-1,Layer_1,2
GTTATATTATCTCCCT-1,Layer_5,7
GTTATCAAGCTATCGA-1,Layer_6,6
GTTATCACCTTCTGAA-1,Layer_1,2
GTTATTAAATACGACC-1,Layer_1,5
GTTATTAACGTGGGAG-1,Layer_3,4
GTTCAAATCAGATGTC-1,Layer_4,4
GTTCAATCTATGTCAA-1,Layer_1,2
GTTCACAGGAGTCTAG-1,Layer_4,4
GTTCAGTCGCCAAATG-1,WM,1
GTTCATCGTTTGGCTG-1,Layer_2,3
GTTCCAAGACAGCGAC-1,Layer_2,3
GTTCCAGTCTGACCAT-1,Layer_3,3
GTTCCCGTAAACATAT-1,Layer_4,7
GTTCCGTCCGCCTGCA-1,WM,1
GTTCGCCATAAGTGCC-1,Layer_4,4
GTTCGCTGAGACGTCT-1,Layer_3,4
GTTCGGAGCACTCAAC-1,Layer_5,7
GTTCGGATCGGGAACA-1,Layer_3,4
GTTCGGGCGTACCATT-1,Layer_2,5
GTTCGTCTAAAGAACT-1,Layer_4,4
GTTCGTCTGGGTCCCT-1,Layer_1,2
GTTCGTTGCGGACCAG-1,Layer_1,2
GTTCTTCCCTCGATGT-1,Layer_3,3
GTTCTTGTAACTCAAT-1,WM,6
GTTGAACCGGTTCCAT-1,Layer_5,7
GTTGAGTCCCGCCGGT-1,Layer_5,4
GTTGCACGGAGTTTCG-1,Layer_3,4
GTTGCGCTAACATTAC-1,Layer_3,3
GTTGGACCGCATCAGG-1,Layer_1,2
GTTGGATTCAGTGGCT-1,Layer_1,2
GTTGGATTGAGAACAC-1,Layer_3,3
GTTGGATTTGCGTTGG-1,Layer_4,4
GTTGGTCATGCTATCC-1,Layer_5,7
GTTGTAGATTTATGAG-1,WM,1
GTTGTCGTGTTAGTTG-1,Layer_3,3
GTTGTTACATTGCGCT-1,Layer_1,5
GTTTACGTTCCATCTG-1,Layer_5,4
GTTTATGGGATTTAGA-1,Layer_4,4
GTTTCAAACGAGTTGT-1,Layer_5,7
GTTTCATATCGTCGCT-1,Layer_5,7
GTTTCCTGGAGGGTGA-1,Layer_3,4
GTTTCTAGAGGCGCGG-1,Layer_6,6
GTTTCTGCAGTCTCCC-1,Layer_3,4
GTTTGACCAAATCCTA-1,Layer_3,4
GTTTGAGCGGTTATGT-1,Layer_1,2
GTTTGGCCCAAGTTAT-1,Layer_3,4
GTTTGGCCGCTCAGCG-1,Layer_3,3
GTTTGGCGTCAGGCAC-1,Layer_3,3
GTTTGGGCTTGTGAGC-1,Layer_5,7
GTTTGGGTTTCGCCCG-1,Layer_5,7
GTTTGGTAGGGTCAAC-1,Layer_5,7
GTTTGGTGATCGGTGC-1,WM,1
TAAACCCAGGAGGGCA-1,Layer_6,6
TAAACGTCGTCAATGA-1,Layer_3,4
TAAAGACAACCCTTTA-1,Layer_3,3
TAAAGAGCCCGAAACC-1,Layer_2,3
TAAAGCGGTATTTCCA-1,WM,6
TAAAGCGTTAGGAGAA-1,Layer_2,3
TAAAGCTGCAATAGGG-1,Layer_1,2
TAAAGGAGAAACTAGT-1,Layer_1,2
TAAATCTTTACACCTC-1,Layer_1,2
TAAATGAATCCGTTTC-1,Layer_3,4
TAAATGCCGTCTCATG-1,Layer_1,2
TAAATTGTGGGTAAAG-1,WM,6
TAAATTTAGTAACACC-1,WM,1
TAACAAAGGGAGAAGC-1,Layer_3,4
TAACAATATTTGTTGC-1,Layer_4,4
TAACAGCGTTTGTGCT-1,WM,1
TAACAGGTTCCCTTAG-1,WM,6
TAACATACAATGTGGG-1,Layer_3,4
TAACATACACGCGATC-1,WM,1
TAACCGCCCGCAGTGC-1,Layer_2,5
TAACCGTCCAGTTCAT-1,Layer_2,5
TAACCTACCGTCCGAG-1,Layer_3,3
TAACCTAGGGAGTCCA-1,Layer_5,7
TAACGCTTTGAGAGCG-1,Layer_3,4
TAACTATCGAAGGTCC-1,Layer_3,4
TAACTATTACGCCAAA-1,Layer_1,5
TAACTCATCCGCGCGG-1,Layer_5,7
TAACTCCATGGAGGCT-1,Layer_3,4
TAAGATTTAGCGGGAG-1,Layer_1,5
TAAGCAGGCGACACGC-1,Layer_5,7
TAAGCCCTTACGACCA-1,Layer_1,2
TAAGGAACTTGTGGGA-1,Layer_3,3
TAAGGCAACATAAGAT-1,Layer_3,3
TAAGGCATAACATCAA-1,Layer_6,6
TAAGGCCCGTCACCCT-1,Layer_6,6
TAAGGCTGAATCCCTC-1,Layer_3,4
TAAGGGCCTGTCCGAT-1,Layer_5,4
TAAGGGCTGGGAGAGG-1,Layer_5,7
TAAGTAAATGTGCCGC-1,Layer_1,5
TAAGTAACATCTTGAC-1,Layer_5,7
TAAGTCGCCGAGTATC-1,Layer_6,6
TAAGTTGCGACGTAGG-1,Layer_4,4
TAATAAACAAGGAGAT-1,Layer_1,2
TAATACACAGTAGTAT-1,Layer_3,3
TAATACTAGAACAGAC-1,Layer_6,6
TAATAGAACAGAGTTA-1,Layer_6,6
TAATAGGTCACCAGAA-1,WM,1
TAATAGTGACGACCAG-1,Layer_3,3
TAATATTGAAATTCGC-1,Layer_3,3
TAATCAGGAATGCTGC-1,Layer_3,3
TAATCGATCCGTACGT-1,Layer_1,5
TAATGAAAGACCCTTG-1,Layer_4,4
TAATTACGTCAGTAGA-1,Layer_5,7
TAATTAGATGGATATG-1,Layer_3,3
TAATTAGGACATCCGT-1,Layer_3,4
TAATTGGAATCGGGAA-1,Layer_1,2
TAATTTCCGTCCAGTA-1,Layer_6,6
TACAAATTGCGGAGGT-1,Layer_1,2
TACAACGCACAACTCA-1,Layer_5,4
TACAAGCTGTTCACTG-1,Layer_1,2
TACAAGGGCTTCTTTA-1,Layer_6,6
TACAAGTCTCGTGCAT-1,Layer_4,4
TACAATGAAACCAGCA-1,Layer_1,2
TACACAGCCGTGGTGC-1,WM,6
TACACCGTCGTTAGTC-1,Layer_1,2
TACACCTCTTCGAATC-1,Layer_6,6
TACAGAAACGGTGGGC-1,Layer_5,7
TACATAGGCATACACC-1,Layer_4,4
TACATCCCTATCCCTG-1,Layer_6,6
TACATCTTGTTTCTTG-1,Layer_3,4
TACATGACCTTATCCG-1,Layer_4,4
TACATTTCTAACGTGC-1,Layer_4,4
TACCAAATAGCCCAGA-1,Layer_6,7
TACCAATAAAGTACCA-1,Layer_5,4
TACCAGAAGTAGGTTC-1,Layer_5,7
TACCAGCTAGGTTTAA-1,Layer_1,2
TACCAGGAATCCCGTC-1,WM,1
TACCGAATAATTGTAA-1,Layer_6,6
TACCGCGGACTTGCAG-1,Layer_3,3
TACCGGCTCACTGCCC-1,Layer_5,4
TACCGGTCGTTTCCAT-1,Layer_5,7
TACCGTAGGTTAACTA-1,Layer_6,6
TACCGTGCCTCGGACC-1,Layer_5,4
TACCTACTCCCAGTAT-1,Layer_6,7
TACCTATCCCTAGAGG-1,Layer_6,6
TACCTCACGCTTGTAC-1,Layer_3,3
TACCTCAGTTGTCTGT-1,Layer_6,6
TACCTCCACACCAATG-1,WM,1
TACCTGCTGCACTGTG-1,Layer_4,4
TACCTTAAGATTTCCC-1,Layer_6,6
TACGAACACGACTTCA-1,Layer_3,4
TACGACGCTTGCTGCG-1,Layer_5,7
TACGACTGCCTCTTAG-1,Layer_4,4
TACGAGAACTTCACGT-1,Layer_4,4
TACGATCCAAGCCACT-1,Layer_3,3
TACGATGTTGATCATC-1,Layer_4,4
TACGCAGTTCTTTCCT-1,Layer_4,4
TACGCCATATTCTAAT-1,Layer_4,4
TACGCCGAGGGTACCC-1,WM,6
TACGCCTCCATTCCGA-1,Layer_5,7
TACGCTATAGAAACCT-1,Layer_3,3
TACGCTCGGTATTGGA-1,Layer_5,7
TACGGAAGCCAAACCA-1,Layer_6,6
TACGGCATGGACGCTA-1,Layer_5,7
TACGGGATGCTAGCAG-1,Layer_1,5
TACGGGTAATAACATA-1,Layer_6,6
TACGTAAAGCGGAGTG-1,Layer_5,7
TACGTACTAGTGCTGA-1,WM,1
TACGTGCACTATGCTG-1,Layer_3,4
TACGTGGGCCCAGGGC-1,Layer_6,6
TACGTTTACCGGCAAT-1,Layer_5,7
TACTACGTGCAATGCG-1,Layer_6,6
TACTATGGTTCCTCAG-1,Layer_6,6
TACTCCTCTAGTTGAC-1,WM,1
TACTCGGCACGCCGGG-1,Layer_5,7
TACTCGTTTGAATCAA-1,Layer_6,6
TACTCTCCGAACAAAT-1,Layer_2,5
TACTCTTACTTTACTG-1,Layer_4,7
TACTCTTTCGTCTTCA-1,Layer_6,6
TACTGAACAGATTTAG-1,Layer_6,6
TACTGCAATCAATTAC-1,Layer_1,2
TACTGGACAGCTCGGC-1,Layer_5,7
TACTGTTTCTCTGGTA-1,Layer_3,4
TACTTAAACATGTACA-1,Layer_5,7
TACTTGTTAGTAGTCC-1,Layer_3,4
TACTTTACTGAGCCGG-1,Layer_2,3
TACTTTCCGCACGCCA-1,Layer_6,6
TAGAAACACAATAGTG-1,Layer_3,4
TAGAAACCACTAAGTA-1,Layer_1,2
TAGAAAGGTGGCGCTA-1,Layer_3,3
TAGAAATTCACGTATA-1,Layer_5,7
TAGAATAGCCGATGAA-1,Layer_5,7
TAGAATTAAGGGCAAC-1,Layer_1,2
TAGACGAAACGCCAAT-1,Layer_6,6
TAGACGCCCGTACCGG-1,Layer_3,3
TAGACTACCTAGCGTT-1,Layer_3,3
TAGAGATCATGCAACT-1,Layer_5,6
TAGAGCTACGAAGAAC-1,Layer_2,3
TAGAGGGAGTTTATCT-1,WM,6
TAGAGGTTCTACTTGT-1,Layer_4,4
TAGAGTCTAAGCGAAC-1,Layer_3,4
TAGATATGGACTGGAA-1,Layer_5,7
TAGATCCGAAGTCGCA-1,Layer_1,2
TAGATGGTTCCTTACT-1,Layer_5,7
TAGATTCAAAGTGCGG-1,WM,1
TAGATTCCTGGTTATT-1,Layer_5,7
TAGCAACCTGTCACAA-1,Layer_3,4
TAGCAGATACTTAGGG-1,Layer_6,6
TAGCAGTAAATACGCG-1,Layer_3,3
TAGCAGTATGACTAAA-1,Layer_5,7
TAGCCAGAGGGTCCGG-1,Layer_3,4
TAGCCATTTCAAAGTC-1,Layer_3,4
TAGCCGGCGGTCAGCG-1,Layer_3,3
TAGCGTCCCTCGATTG-1,Layer_3,4
TAGCGTCCGGTGTGGT-1,Layer_5,4
TAGCGTCGAATATTGA-1,Layer_5,6
TAGCGTTGGGTCTTAC-1,Layer_3,4
TAGCTAAGTCCGGGAG-1,Layer_3,4
TAGCTAGAAGGCATGA-1,Layer_5,7
TAGCTAGTGATGATGG-1,Layer_6,6
TAGCTCAGATCCTAGT-1,Layer_2,3
TAGCTCGCCTGATAAC-1,Layer_5,7
TAGCTGATGTGAAGCG-1,Layer_6,6
TAGGAACAGCCTCCAG-1,Layer_1,2
TAGGATCTTAACCGCA-1,WM,6
TAGGCATGTTACGCCA-1,Layer_2,3
TAGGCCTATATAGTCT-1,Layer_5,7
TAGGCTAAAGTGGCAC-1,Layer_5,7
TAGGGAGCTTGGGATG-1,Layer_3,3
TAGGGTGTTTCAAGAG-1,Layer_3,3
TAGGTCCAAGTAAGGA-1,Layer_4,4
TAGGTCGCCGGAACTG-1,Layer_2,3
TAGGTGACGATAACCT-1,Layer_5,7
TAGGTGAGCCCTACTC-1,Layer_3,4
TAGGTGCTCGCCTAGC-1,Layer_3,4
TAGGTGTTCCACAGAT-1,Layer_6,6
TAGGTTCGAGTTCGTC-1,Layer_3,4
TAGGTTCTGCTGAGAA-1,WM,6
TAGTACCTTAGTGGTC-1,Layer_3,4
TAGTAGCTTATACCAG-1,WM,1
TAGTCCCGGAGACCAC-1,WM,1
TAGTCCGCAGAGAATG-1,Layer_4,4
TAGTCCGTATGCATAA-1,Layer_3,4
TAGTCGATCACGGGTT-1,Layer_3,4
TAGTCGGGATTCTTCG-1,Layer_3,4
TAGTCTAACAACGAGA-1,Layer_5,7
TAGTCTGCGGCACATT-1,WM,1
TAGTCTGTGACGTTGC-1,Layer_1,2
TAGTCTTTCCGAATTG-1,Layer_3,4
TAGTGAGAAGTGGTTG-1,Layer_1,2
TAGTGCCCTCCAGAGT-1,Layer_3,4
TAGTGCTTGAATCCTT-1,Layer_3,4
TAGTGGAACTCATACA-1,Layer_1,2
TAGTGTCAGAAACGGC-1,Layer_3,4
TAGTTAAGATAGGATA-1,Layer_1,2
TAGTTTATTCTTGCTT-1,Layer_2,3
TATAAATCCACAAGCT-1,Layer_3,4
TATAAGTGAGGATAGC-1,Layer_3,4
TATACACAGACGCCTT-1,Layer_5,7
TATACACGCAAAGTAT-1,Layer_3,4
TATACGCGTCATCACT-1,Layer_6,7
TATACTCATGCGGCAA-1,Layer_3,4
TATAGAGTCGCTTGAA-1,WM,1
TATAGATGGTCGCAGT-1,Layer_3,3
TATAGCGCACGTTATC-1,Layer_6,6
TATAGGGTACTCATGA-1,Layer_5,7
TATATAGGGCTTTACG-1,WM,1
TATATATCGAGAAATG-1,WM,1
TATATCAAAGTGATCT-1,WM,1
TATATCATTGATCAGT-1,Layer_5,7
TATATCCCTGGGAGGA-1,Layer_3,3
TATATGCTGGGTTGCC-1,Layer_4,4
TATATTACAAATGTCG-1,Layer_1,2
TATATTCGCGTCGATA-1,Layer_1,2
TATCAAAGGTCTGTAA-1,Layer_5,4
TATCACAGCACGGGCA-1,Layer_1,2
TATCACCATGTAAAGT-1,Layer_1,2
TATCACCCAACCGACC-1,Layer_1,2
TATCACTTCGAGTAAC-1,Layer_1,2
TATCCAATTGGTTATC-1,Layer_5,4
TATCCATATCATGCGA-1,Layer_3,3
TATCCCTCGATCTGCA-1,Layer_6,7
TATCCGCACCGTCGGG-1,Layer_6,6
TATCCTATCAACTGGT-1,WM,1
TATCCTGCATGGGAAT-1,Layer_2,3
TATCGATCTATGCATA-1,Layer_1,5
TATCGATGATTAAACG-1,Layer_3,4
TATCTACAGAGGTAAT-1,Layer_4,4
TATCTACCACAGCGGG-1,Layer_4,4
TATCTAGCCTAAAGGA-1,Layer_5,7
TATGAAGAATTAAGGT-1,Layer_5,6
TATGAAGACAGGTGCG-1,Layer_4,4
TATGATAAATCTAACG-1,Layer_1,2
TATGATCCGGCACGCC-1,Layer_1,2
TATGATCTTCTCTTTA-1,Layer_5,7
TATGATTCTGCTTGGT-1,Layer_2,5
TATGCTCCCTACTTAC-1,Layer_3,4
TATGGAGTTTCTCGTT-1,Layer_2,3
TATGGATGTGCTACGC-1,Layer_3,4
TATGGCAGACTTTCGA-1,Layer_1,5
TATGGCCCGGCCTCGC-1,Layer_4,4
TATGGGACCGAGCAGG-1,Layer_3,4
TATGGGTACGTATCGT-1,Layer_3,4
TATGGTCTGAGTAACA-1,Layer_3,4
TATGGTTAGTGGGAGA-1,Layer_3,3
TATGTAAAGTGCTTAA-1,WM,1
TATGTCAAGACCGACT-1,Layer_1,2
TATGTCTCATTGTGCC-1,Layer_3,3
TATTAACCTGACCGCG-1,Layer_6,6
TATTACCATCCTGCTT-1,Layer_3,3
TATTATGTTTGCCTGC-1,WM,1
TATTCAATTCTAATCC-1,Layer_3,4
TATTCCACTCAGCTCG-1,Layer_5,7
TATTCCGAGCTGTTAT-1,Layer_5,4
TATTCCGGCAGTCCTA-1,Layer_1,2
TATTCCTCCGCCCACT-1,Layer_6,6
TATTCGTGCCAGAATA-1,Layer_3,4
TATTGACATTTCTGCC-1,Layer_1,3
TATTGCCGGGCTTGTA-1,Layer_5,7
TATTTAGTCTAGATCG-1,Layer_3,3
TATTTATACCGAGTAG-1,Layer_1,2
TATTTGATTTGCACAG-1,Layer_3,4
TATTTGTTACCCTTTA-1,Layer_3,4
TCAAACAACCGCGTCG-1,Layer_3,3
TCAAACAATTAGGACA-1,Layer_3,3
TCAAACTTAGATTGTT-1,Layer_3,4
TCAAATTGTTGTGCCG-1,Layer_6,6
TCAAATTTGAGACTCA-1,Layer_6,7
TCAACAAAGATAATTC-1,Layer_6,6
TCAACACATTGGGTAA-1,Layer_3,3
TCAACATAGCGCCCTA-1,Layer_6,6
TCAACATCGACCGAGA-1,Layer_6,6
TCAACCATGTTCGGGC-1,Layer_3,4
TCAACGAGGAGACAAA-1,Layer_4,4
TCAACGCAGGAAATAA-1,Layer_6,6
TCAACGCGACCGGCAG-1,Layer_5,7
TCAACTAACGTATAAC-1,Layer_5,7
TCAACTGCAGAGTCAG-1,Layer_4,4
TCAAGAAATACTAGCT-1,Layer_2,3
TCAAGCGCGGACGGTA-1,Layer_4,4
TCAAGGTTACTACACC-1,Layer_3,4
TCAATACAATTGCTGC-1,Layer_5,7
TCAATACGCCGTCATG-1,Layer_6,6
TCACAAACCGAGGTAC-1,Layer_5,7
TCACAGATCCTCAAAC-1,Layer_3,4
TCACAGCAAACTCGAA-1,Layer_5,7
TCACAGGAGAATAAGA-1,Layer_6,6
TCACAGGGAATCGCAA-1,Layer_4,4
TCACAGGTTATTGGGC-1,Layer_3,4
TCACATCTTATCTGAT-1,Layer_4,4
TCACCCTCTTAAGATT-1,Layer_5,4
TCACCGCTCGGCACTC-1,Layer_3,3
TCACGATGTCCGTGGA-1,Layer_6,6
TCACGCATTGTAGATC-1,Layer_3,4
TCACGGTCATCGCACA-1,Layer_3,4
TCACGTGCCCGATTCA-1,Layer_3,4
TCACTACGACCAATGC-1,Layer_1,2
TCACTATCCCTTCGGT-1,Layer_6,6
TCACTATCGTGCAATC-1,Layer_1,5
TCACTCAGCGCATTAG-1,Layer_1,2
TCACTCGTGCAACGGC-1,Layer_1,2
TCACTCTTCGTCTGTC-1,Layer_3,4
TCAGAACCTCCACAGG-1,Layer_2,5
TCAGAACGGCGGTAAT-1,Layer_6,6
TCAGACGCTATAGAAG-1,Layer_4,4
TCAGAGGACGCGTTAG-1,Layer_6,6
TCAGATGGAGACGTAG-1,Layer_2,5
TCAGCAAATGCATCTC-1,Layer_3,4
TCAGCAGTAGGCCCTG-1,WM,1
TCAGCCAATCCGTAAA-1,Layer_5,7
TCAGCGCACGCCGTTT-1,Layer_6,6
TCAGGGCGACTTCCTT-1,Layer_5,4
TCAGGGCGCAAACTCG-1,Layer_3,4
TCAGGGTGCACGAAAC-1,Layer_1,2
TCAGGGTGTAACGTAA-1,Layer_3,3
TCAGGTTCTTTGAGAA-1,Layer_3,4
TCAGTACTGACCCGCG-1,Layer_3,4
TCAGTAGGGACTATAA-1,Layer_5,7
TCAGTGTATACGTCAT-1,WM,6
TCAGTTACGGAATGAT-1,Layer_1,2
TCATACTTACAGATCC-1,Layer_3,4
TCATATGAGCTTTGTT-1,Layer_6,6
TCATCACTCGAGCTCG-1,Layer_3,4
TCATCCCAGAGGGTGG-1,Layer_1,2
TCATCCTCAGCTGCTT-1,Layer_6,6
TCATCGACGACCGTCG-1,Layer_6,6
TCATCGATGGTCCCAA-1,WM,1
TCATGCAGGTTCTCAT-1,Layer_1,2
TCATTCGTATAATTTG-1,Layer_2,3
TCATTTAAGTCTCCGA-1,Layer_3,3
TCATTTAGAAGTGTGA-1,Layer_4,4
TCCAACTCAGCTATCT-1,Layer_6,6
TCCAACTTTAAATTCT-1,Layer_5,7
TCCAAGCCTAGACACA-1,Layer_6,6
TCCAATAAAGGCTACC-1,WM,6
TCCACAATGGTTTACG-1,Layer_3,4
TCCACATCGTATATTG-1,WM,1
TCCACCAAGACATAGG-1,Layer_6,7
TCCACCTCTAGCCTTT-1,Layer_6,6
TCCACTTTATCTAGGT-1,Layer_3,3
TCCAGAGCACCGGTTC-1,Layer_3,4
TCCAGATGTACGCCAA-1,Layer_1,2
TCCAGCGCTATAAGCG-1,Layer_3,4
TCCAGGCAGGACGATC-1,WM,1
TCCAGGCGAGTACGGT-1,Layer_3,4
TCCAGGGTATATACGA-1,Layer_6,6
TCCATTAGTTGGATAG-1,Layer_2,3
TCCATTCCCACTAGAG-1,Layer_1,2
TCCATTGTGACCTCGT-1,Layer_1,2
TCCCAAACAGACAACG-1,Layer_1,2
TCCCAAAGACGAAGGA-1,Layer_3,4
TCCCAAAGCCCTAAAT-1,Layer_3,3
TCCCACGGAGGGAGCT-1,Layer_1,2
TCCCACTCTCTTCCGG-1,Layer_2,5
TCCCAGCTTTAGTCTG-1,Layer_3,4
TCCCAGGCTTAGCTAA-1,Layer_3,4
TCCCGCGTACTCCTGG-1,Layer_3,3
TCCCGGGTGTGCTGCT-1,Layer_4,4
TCCCGGTCAGGAATTT-1,Layer_2,3
TCCCGTCAGTCCCGCA-1,Layer_3,3
TCCCGTCGCGTCATAG-1,Layer_1,2
TCCCGTGTGCAATTTG-1,Layer_3,4
TCCCTAGATCAATAGG-1,Layer_1,2
TCCCTCCGAAATCGTT-1,Layer_1,5
TCCCTCTTCTCAAGGG-1,Layer_5,7
TCCCTGGCGTATTAAC-1,WM,1
TCCCTGGCTCGCTGGA-1,Layer_4,7
TCCCTTAGATTACTCG-1,Layer_1,2
TCCCTTGTCTGAAACT-1,Layer_5,7
TCCGAACTTGGCTTAC-1,Layer_5,7
TCCGAAGTAGTCACCA-1,Layer_1,2
TCCGAATGGTCCTGAG-1,Layer_1,5
TCCGACCGCTAATCAA-1,WM,1
TCCGAGAAGGCTAAGC-1,Layer_1,5
TCCGATAATTGCCATA-1,Layer_2,3
TCCGATGACTGAGCTC-1,Layer_2,3
TCCGATGGTGCGACAT-1,Layer_3,4
TCCGATTACATTGCCG-1,Layer_4,4
TCCGCAGCCACCTAGC-1,Layer_3,4
TCCGCCTGTCTACAAG-1,Layer_5,7
TCCGCGGCAGCATCTG-1,Layer_3,3
TCCGCGGCCCAATGAA-1,Layer_4,4
TCCGCTGTCATCCCGG-1,Layer_4,4
TCCGCTTATCCCATTA-1,Layer_5,7
TCCGGAGGAAGGGCTG-1,Layer_1,2
TCCGGCCTAGCGTACA-1,Layer_2,5
TCCGGCCTGCATCGAT-1,Layer_1,2
TCCGGGCTTGACGGGA-1,Layer_5,7
TCCGGTTCGTCCGGTC-1,Layer_5,7
TCCGTAACCACAATCC-1,Layer_3,4
TCCGTTAAGCTAATAT-1,Layer_4,4
TCCGTTTAGCCTTGAA-1,Layer_3,3
TCCTAAAGATTCAGAC-1,Layer_6,6
TCCTAAATTGGGAAGC-1,Layer_5,7
TCCTAACCGTCGGGCA-1,WM,6
TCCTACATCCACGGCC-1,Layer_3,4
TCCTAGCAAAGAAGCT-1,Layer_5,7
TCCTCCTAAGACATTC-1,Layer_6,6
TCCTCGGGCTGGGCTT-1,Layer_3,4
TCCTCTACGAGATGGC-1,Layer_3,4
TCCTCTCCAGTTGTCC-1,Layer_4,4
TCCTCTGGCCCATTAG-1,Layer_1,2
TCCTGCCAACTGGAGA-1,Layer_1,2
TCCTGCGTTGATACTC-1,Layer_5,7
TCCTGGCGCTGCCTGG-1,Layer_1,2
TCCTTACGACGGTCCG-1,Layer_3,4
TCCTTCAATCCCTACG-1,Layer_6,6
TCCTTCAGTGGTCGAA-1,Layer_1,5
TCCTTGTCCTTTAATT-1,Layer_6,6
TCCTTTAAATCCGCTT-1,Layer_5,4
TCCTTTCTTACGCTTA-1,Layer_3,4
TCGAAATTTAGGACCA-1,Layer_3,4
TCGAAGAACCGAGCAC-1,Layer_3,4
TCGAATATCCCGCAGG-1,WM,1
TCGAGACCAACACCGT-1,Layer_4,4
TCGAGCCAGGCAGGCC-1,WM,6
TCGATAGGCTAGTCGC-1,Layer_1,5
TCGATTTACGAAACGA-1,WM,6
TCGCAAAGATGCATTT-1,Layer_4,4
TCGCACCAGGAGGCAG-1,Layer_4,4
TCGCACTAACGTTTGT-1,Layer_3,4
TCGCATAAAGGGCGCA-1,Layer_5,7
TCGCATCCCTAAGTGT-1,Layer_3,3
TCGCATTCAATGACTT-1,Layer_3,3
TCGCCCAACTGACTCC-1,Layer_1,5
TCGCCCACTGCGAGAG-1,Layer_5,6
TCGCCGAAGTTGCGTC-1,Layer_5,7
TCGCCGACATATTCGC-1,Layer_6,6
TCGCCGCACCGCGTGA-1,Layer_6,6
TCGCCGGATGGGCAAG-1,Layer_5,7
TCGCCGGTCGATCCGT-1,Layer_3,3
TCGCCTCCTTCGGCTC-1,Layer_6,6
TCGCCTCGACCTGTTG-1,Layer_3,3
TCGCGTAGCAGTGTCC-1,Layer_5,4
TCGCGTCCAGAAGGTC-1,Layer_4,4
TCGCTAAACCGCTATC-1,Layer_1,2
TCGCTACTGGCTTTGA-1,Layer_6,6
TCGCTCGATATATTCC-1,Layer_3,4
TCGCTCGGCACCAGCG-1,Layer_1,2
TCGCTGCCAATGCTGT-1,Layer_6,6
TCGCTGGGCGGATTGT-1,Layer_3,3
TCGCTGTGCGTAAATC-1,Layer_3,4
TCGCTTAATTACGAAG-1,Layer_1,5
TCGCTTTAAACGTTTG-1,Layer_2,3
TCGGAATGACCATCAA-1,Layer_1,2
TCGGAATGCGCTCTGA-1,Layer_4,4
TCGGACGCCCAGCCCA-1,Layer_3,4
TCGGAGAGTATCGGGA-1,Layer_6,6
TCGGAGTACATGAGTA-1,Layer_3,4
TCGGCGAACCCAAACC-1,Layer_3,4
TCGGCGGTATTAGATT-1,Layer_3,3
TCGGCGTACTGCACAA-1,WM,6
TCGGCTAACTTCCCTT-1,Layer_1,2
TCGGCTTGTATCGACG-1,Layer_5,4
TCGGGAACGTGCCTAG-1,Layer_1,5
TCGGGAGACAGCGTAC-1,Layer_5,7
TCGGGATTCAAACATA-1,Layer_5,6
TCGGGCACTTCTGGAT-1,Layer_1,2
TCGGGCCGTCGTGGTA-1,Layer_3,4
TCGGGTGAAACTGCTA-1,Layer_1,5
TCGGTCCCGACAATAG-1,WM,1
TCGGTCCCTGACTCCA-1,Layer_1,2
TCGGTGACCGCTCCGG-1,Layer_1,2
TCGGTTAGCCATGTAG-1,Layer_1,5
TCGTAACTCCCAAGAC-1,Layer_5,7
TCGTAAGACGACATTG-1,Layer_3,3
TCGTAAGCTCCGAGGA-1,Layer_1,2
TCGTACCGACGTCAAG-1,WM,1
TCGTATAGTGCAATTA-1,Layer_1,5
TCGTATCACCAAGCTA-1,Layer_3,3
TCGTATTACCCATTGC-1,Layer_5,7
TCGTATTTCGTCCGGA-1,Layer_1,2
TCGTCAAGTACGCGCA-1,Layer_6,6
TCGTCACACTGTTAGC-1,Layer_4,4
TCGTCCGCTGGCGTCT-1,Layer_3,4
TCGTCCGGGTACACTC-1,Layer_2,3
TCGTCTTAGGCGTTAA-1,Layer_5,4
TCGTGTACTATGGATG-1,Layer_4,4
TCGTGTATTGGTCACG-1,Layer_3,4
TCGTGTCACGCTGACA-1,Layer_5,6
TCGTGTTCGACCACAA-1,Layer_4,4
TCGTTAGGAGTCCCTA-1,Layer_5,7
TCGTTCGTTATTATGT-1,Layer_1,2
TCGTTGACAGGGTCCC-1,Layer_5,7
TCGTTGCTATCCGGTC-1,Layer_6,6
TCGTTGGCTCGTCAAT-1,Layer_3,3
TCGTTTACGCGACCCT-1,Layer_6,6
TCTAACTGTATGTAAA-1,Layer_5,4
TCTAATACTGCCTCAG-1,WM,1
TCTACACGTTCATGCA-1,Layer_1,5
TCTACCCAATAGAGAG-1,Layer_4,4
TCTACCGTCCACAAGC-1,Layer_3,4
TCTACGGGCTCAGTTG-1,Layer_1,2
TCTAGCAATCTCCGCC-1,Layer_5,7
TCTAGCATCTTCGATG-1,Layer_3,4
TCTAGCATGCCCAGAA-1,Layer_5,4
TCTAGGTGGCGACGCT-1,Layer_2,3
TCTAGTGATATCGTGG-1,Layer_3,4
TCTAGTTATCAGAAGA-1,Layer_3,4
TCTATAGGTGGGTAAT-1,Layer_5,7
TCTATCATGCAGTTAC-1,Layer_3,4
TCTATCCGATTGCACA-1,Layer_6,6
TCTATCGGTCGCAACA-1,Layer_3,3
TCTATGCTATAACGAC-1,Layer_5,7
TCTATTACGCTGGCGA-1,Layer_3,3
TCTATTACTAGAGGAT-1,Layer_5,6
TCTCAAATCAATCGGG-1,Layer_6,6
TCTCATGAGATAGGGT-1,Layer_4,4
TCTCCAACGTAGGTTA-1,Layer_2,5
TCTCCACAAGTTGAAT-1,Layer_5,7
TCTCCCTGGGCAGCGT-1,Layer_5,4
TCTCGAACGAGGTCAC-1,Layer_1,2
TCTCGACGTATCGCCG-1,Layer_3,4
TCTCGAGGAGGTTCGC-1,Layer_3,4
TCTCGGCTCCAGGACT-1,Layer_3,3
TCTCGTGTTACGAGGA-1,Layer_6,6
TCTCTAATAGCTGGTA-1,Layer_3,3
TCTCTCGCCGCACATA-1,Layer_4,4
TCTCTTACCGCGAACC-1,WM,1
TCTGAACCGGTCGGCT-1,Layer_3,4
TCTGAACTCGTACCCG-1,Layer_3,4
TCTGAAGCACGTGGTC-1,Layer_5,4
TCTGAATTCCGTACAA-1,Layer_3,3
TCTGACTGTAATGGTT-1,Layer_3,3
TCTGAGCAATTGACTG-1,Layer_3,4
TCTGATCGGGTGCTAG-1,Layer_1,5
TCTGATGTATTCTGTC-1,Layer_4,4
TCTGCAGATTCGAGTC-1,Layer_5,4
TCTGCATACCTTGCTT-1,Layer_5,7
TCTGCCAGAAACTGCA-1,Layer_3,4
TCTGCGAATCGTTCGC-1,Layer_1,2
TCTGCGTCCGGTTTCT-1,Layer_3,4
TCTGGCGCAAGCCGGG-1,Layer_5,7
TCTGGGAACCTTTGAA-1,Layer_3,3
TCTGGGTAGCGCTCAT-1,Layer_5,7
TCTGTCATACAAGAGC-1,Layer_2,3
TCTGTGACTGACCGTT-1,Layer_2,3
TCTGTGATGGAGGTTG-1,Layer_2,3
TCTGTGCCATCATAGT-1,Layer_3,3
TCTGTGGCTACATTTC-1,Layer_1,2
TCTGTTACCCAGCATA-1,Layer_6,6
TCTTAACTCGGATGTA-1,Layer_3,4
TCTTACAGAGGTACCG-1,Layer_3,3
TCTTACCGGAACTCGT-1,Layer_1,2
TCTTACGGCATCCGAC-1,Layer_3,4
TCTTACTTATGCCTCT-1,Layer_3,4
TCTTAGAGCTCCAATT-1,Layer_3,3
TCTTAGAGTGAACTCT-1,Layer_3,4
TCTTATGGGTAGTACC-1,Layer_1,2
TCTTCCCATGGGCACA-1,Layer_3,3
TCTTCGAATAGACGTT-1,Layer_3,4
TCTTCGATACCAATAA-1,Layer_3,4
TCTTCGCGGTGAGAGG-1,Layer_4,7
TCTTCTATAACCCGCC-1,Layer_3,4
TCTTGATGCGTAGCGA-1,Layer_3,4
TCTTGCTCCCGATACT-1,Layer_6,6
TCTTGGTAACACCAAA-1,Layer_3,3
TCTTTAAGACTATGAA-1,Layer_3,3
TCTTTAGAGTCTAACA-1,Layer_3,4
TCTTTAGCAGGCGAAC-1,Layer_1,3
TCTTTCTCTTAAGGAG-1,Layer_1,2
TGAAACCTCAACTCAC-1,Layer_1,2
TGAAACTTATGCAAGC-1,Layer_1,2
TGAAAGGACCTGACTC-1,Layer_3,4
TGAACAAGCAGGGACT-1,WM,1
TGAACACCCGAAGCAG-1,Layer_2,3
TGAACTGCTATGACTT-1,Layer_6,6
TGAAGAGCGGTCCTAG-1,Layer_3,4
TGAAGTAGCTTACGGA-1,Layer_3,4
TGAATACCGACGCGTA-1,Layer_6,6
TGAATATGCTATAAAC-1,Layer_1,2
TGAATGAGATACAGCA-1,Layer_1,2
TGAATGAGTGTTTCCC-1,WM,1
TGAATGTCAGCCGGCC-1,Layer_3,4
TGAATTTCACTTGCCT-1,Layer_6,6
TGACACTTCTCTTTGC-1,Layer_1,2
TGACATATATGACGAT-1,Layer_6,6
TGACATCGAGCGGACC-1,Layer_3,3
TGACATGTAACGTGAC-1,WM,1
TGACCAAATCTTAAAC-1,Layer_6,6
TGACCAGCTTCAAAGT-1,Layer_1,5
TGACCCAACTCACATT-1,Layer_1,2
TGACCCACGTTAGACA-1,Layer_3,4
TGACCCAGCATTCCCG-1,Layer_2,3
TGACGAATATTTCCCT-1,Layer_6,6
TGACGATGCACTAGAA-1,Layer_3,3
TGACTATAATCCTTTC-1,Layer_4,4
TGAGAATGCTTTACCG-1,Layer_3,3
TGAGACGTACCTCTCA-1,Layer_6,6
TGAGAGATTTACCACG-1,Layer_3,4
TGAGATCAAATACTCA-1,Layer_1,2
TGAGATTAGGCCCTAA-1,Layer_1,2
TGAGCAGTCGTGAAGT-1,Layer_1,5
TGAGCCATACAGTCTC-1,Layer_5,7
TGAGCGGAAAGTGTTC-1,Layer_5,7
TGAGCTTTAATGACGC-1,Layer_1,2
TGAGGAGTGCCAGCTT-1,Layer_6,7
TGAGGTGTGTGGCGGA-1,WM,1
TGAGGTTGATCCCAAG-1,Layer_1,2
TGAGTAAATTAGCGTA-1,Layer_5,4
TGAGTGCCTCTTAAAT-1,Layer_5,7
TGAGTGGTCCGTGACG-1,Layer_3,3
TGAGTGTAACAACGGG-1,Layer_6,6
TGAGTTAAAGACATTC-1,Layer_3,4
TGATACATTTAGCCGT-1,Layer_6,6
TGATAGCGGGATTCTA-1,Layer_5,7
TGATCACCACACTGAC-1,WM,1
TGATCAGGGAACTGCT-1,Layer_5,7
TGATCCCAGCATTAGT-1,Layer_1,2
TGATCGGTTTGACCCT-1,Layer_3,4
TGATCTACGCTGATCT-1,Layer_1,2
TGATCTATCACACTCT-1,Layer_6,6
TGATCTCCGGCGCCAG-1,Layer_3,4
TGATGCTCACGTAGTC-1,Layer_3,3
TGATGGCTGTTTCTGA-1,Layer_1,2
TGATGTCAATTAAGTG-1,Layer_5,4
TGATTATGGCACGCAG-1,Layer_1,2
TGATTCAGGTCCCGCG-1,Layer_6,6
TGATTCCCGGTTACCT-1,WM,1
TGATTCGTCTATCACT-1,Layer_3,4
TGATTCTGTCGCCGGT-1,Layer_5,7
TGATTTATTAGCTGTG-1,Layer_5,7
TGATTTCCTCCTGACG-1,Layer_3,3
TGCAAACCCACATCAA-1,Layer_1,5
TGCAAAGTTCGTCTGT-1,WM,1
TGCAACCCATCTGCGG-1,Layer_5,7
TGCAACTACTGGTTGA-1,Layer_6,6
TGCAAGAATGACGTAA-1,Layer_3,4
TGCAATCTAACACGGT-1,Layer_5,7
TGCAATTTGGGCACGG-1,Layer_1,2
TGCACAGTGAAGTTAT-1,Layer_1,2
TGCACGAGTCGGCAGC-1,Layer_1,2
TGCACTATGTGAGTGC-1,Layer_3,4
TGCAGAACTATATCGT-1,Layer_5,6
TGCAGAGTACCGAGCA-1,Layer_4,4
TGCAGATCGTCCTAGG-1,Layer_5,6
TGCAGCTACGTACTTC-1,Layer_6,6
TGCAGGATCGGCAAAG-1,Layer_3,3
TGCAGTGAGGCTCGGG-1,Layer_1,5
TGCAGTTTCCTCCCAT-1,Layer_3,4
TGCATATGTCTGTCAC-1,Layer_3,3
TGCATCTCCGGATCTT-1,Layer_3,3
TGCATGGATCGGATCT-1,Layer_2,3
TGCATGGCAGTCTTGC-1,Layer_3,3
TGCATGTGACCCATAG-1,WM,1
TGCATGTGGTAATCTA-1,Layer_3,3
TGCCAAAGTCAGACTT-1,Layer_6,6
TGCCAATGGGTACTCT-1,Layer_6,7
TGCCACACTAGAGGAA-1,Layer_6,6
TGCCACCTGGCGAAAC-1,Layer_2,3
TGCCAGTACGTGGAGA-1,Layer_5,4
TGCCATGGCTTATAAG-1,Layer_1,5
TGCCATTACTAAAGAA-1,Layer_1,5
TGCCCGATAGTTAGAA-1,Layer_6,6
TGCCCGTACCGTTAAA-1,Layer_4,4
TGCCGAAAGCGTATTC-1,Layer_1,5
TGCCGGATGTACGAGC-1,WM,1
TGCCGTGGATCGTCCT-1,Layer_5,7
TGCCGTGGGACCCAAT-1,WM,1
TGCCTAATTGAAGATT-1,Layer_4,4
TGCCTGACATCGGTCA-1,Layer_3,4
TGCCTGATCAAACGAT-1,Layer_2,3
TGCCTTGGCCAGGCAA-1,Layer_4,4
TGCGAATATGGGATTT-1,Layer_6,6
TGCGACACCCTAGTGC-1,Layer_5,7
TGCGACGGCCGAACGT-1,WM,1
TGCGAGAATATTACCC-1,Layer_6,7
TGCGAGATGGCGGCCA-1,Layer_1,5
TGCGAGCCCTTCCGCG-1,Layer_1,2
TGCGATGCTAATGGCT-1,Layer_3,4
TGCGCAAAGCATTTGG-1,Layer_3,4
TGCGCGATTAACGGAG-1,Layer_3,4
TGCGGACTTGACTCCG-1,Layer_6,6
TGCGGAGTAAAGGTGC-1,Layer_3,3
TGCGGCATAGTTCAAC-1,Layer_2,3
TGCGGGTATTGGGATC-1,Layer_1,2
TGCGGTCTACGAGTAA-1,Layer_2,3
TGCGGTGAAATTTCAT-1,Layer_1,2
TGCGTAAGAACCTGAT-1,Layer_5,7
TGCGTACGGCTAATTG-1,Layer_5,7
TGCGTCATGACTGAGC-1,WM,1
TGCGTGATTGGGTGTC-1,Layer_3,4
TGCGTTTGTTGACACT-1,Layer_3,4
TGCTAAGTGTCTATTT-1,Layer_4,4
TGCTATACAAACGGAC-1,Layer_1,2
TGCTCACACAACAACC-1,Layer_3,3
TGCTCCACAGTTCTTA-1,Layer_3,4
TGCTCGGCGAAACCCA-1,Layer_6,7
TGCTCGGTGGGTCACC-1,Layer_6,6
TGCTCTTGAGAGTTTG-1,Layer_6,6
TGCTGCGTCAGAGTTA-1,Layer_2,3
TGCTGGTTGGACAATT-1,Layer_3,4
TGCTGTTGAAGAACTC-1,Layer_3,4
TGCTTAGAGAGAATGC-1,WM,1
TGCTTCCCAAGCAGTA-1,Layer_6,7
TGCTTGAAACCATGCA-1,Layer_3,4
TGGAAACGGAGTGAAC-1,Layer_3,3
TGGAACCACTGACACA-1,Layer_1,2
TGGAAGAAGGGAACGT-1,Layer_5,7
TGGAAGACGAACACCA-1,Layer_3,3
TGGAAGGATAAAGATG-1,Layer_2,3
TGGAATATCCTTGACC-1,Layer_1,2
TGGAATTAGACGCTTT-1,Layer_4,4
TGGACACCGTTGCTTG-1,Layer_3,4
TGGACCAATCTAAGAT-1,Layer_5,7
TGGACCACGGCGTTGA-1,Layer_3,3
TGGACGCAATCCAGCC-1,WM,1
TGGACGTAGGCGAATC-1,Layer_3,4
TGGACTGTTCGCTCAA-1,Layer_3,4
TGGAGCTAAAGTTCCC-1,Layer_1,2
TGGAGGGAAACACCTC-1,Layer_1,2
TGGAGTGATGCGATGA-1,Layer_3,4
TGGATAGAGTAACAGA-1,Layer_3,4
TGGCAAACTAAATTAC-1,Layer_4,4
TGGCAACTCGCGCGCC-1,Layer_1,5
TGGCAAGCACAAGTCG-1,WM,1
TGGCAATGGGACGGCG-1,Layer_4,4
TGGCACGAGCTCGAGT-1,Layer_1,5
TGGCAGATTACGATCA-1,Layer_4,4
TGGCAGCAGTAATAGT-1,Layer_4,4
TGGCCAAACTGAAGTA-1,Layer_3,3
TGGCCAATTTGGTACT-1,WM,6
TGGCCGTATATTGACC-1,Layer_3,4
TGGCGACTGCTCCAAA-1,Layer_6,6
TGGCGATCAAGTTATG-1,Layer_5,7
TGGCGGTGTGCGATTG-1,Layer_2,5
TGGCTACACTCTACCT-1,Layer_5,7
TGGCTATGTGACATAC-1,Layer_5,7
TGGCTCTTGTCGCGTA-1,Layer_6,6
TGGCTTGTACAAGCTT-1,Layer_1,2
TGGCTTTGGGTAGACA-1,Layer_3,3
TGGGAAATGCCTTTCC-1,Layer_3,4
TGGGATGCACTCATTC-1,Layer_1,2
TGGGCAATAGTTGGGT-1,Layer_3,4
TGGGCACAAACAGAAC-1,Layer_2,5
TGGGCACGTTCTATGG-1,Layer_1,2
TGGGCAGGCCACCGCA-1,Layer_3,4
TGGGCCACAAGAGCGC-1,Layer_2,3
TGGGCCCATACTAATT-1,Layer_3,4
TGGGCCTTGCCTGCAT-1,Layer_3,4
TGGGCGATACAATAAG-1,WM,1
TGGGTAAGGTTCCCGC-1,Layer_1,2
TGGGTGCACAAGCCAT-1,Layer_6,6
TGGGTGGGATGTCATT-1,Layer_1,5
TGGGTGTAATAGATTT-1,Layer_6,6
TGGGTGTTAAGTAGAA-1,WM,6
TGGGTTCCCGGACGGA-1,Layer_4,4
TGGTAAGCAGGATTGA-1,Layer_6,6
TGGTAGAATATATGGG-1,Layer_3,4
TGGTATCGCATCCCAA-1,Layer_1,2
TGGTATCGGTCTGTAT-1,Layer_1,2
TGGTCCCACGCTACGG-1,Layer_5,4
TGGTCGTGCAAGGCAA-1,Layer_6,6
TGGTCGTTTGATAGAT-1,Layer_3,3
TGGTCTAGCTTACATG-1,Layer_4,4
TGGTCTGTTGGGCGTA-1,Layer_5,7
TGGTGATCGTATTTGT-1,Layer_4,4
TGGTTAAGGGCGCTGG-1,Layer_1,2
TGGTTATGCTTGCGGT-1,Layer_5,4
TGGTTCAACGGGTAAT-1,Layer_5,4
TGGTTCGTAGCAAAGG-1,Layer_3,3
TGGTTGGAGGATCCTG-1,Layer_1,2
TGGTTTAAACGTGGGT-1,Layer_1,2
TGTAACTTGTCAACCT-1,Layer_1,5
TGTAATGACCACAATA-1,Layer_5,7
TGTAATGCCTTCGGAC-1,Layer_2,3
TGTACCTACACGAGGG-1,Layer_5,7
TGTACGAACAAATCCG-1,Layer_4,4
TGTACGCTATCAGCTT-1,Layer_1,5
TGTACTACTCTCACGG-1,Layer_1,2
TGTACTGTGCCAAAGT-1,Layer_1,5
TGTAGCCAATTCCGTT-1,Layer_6,6
TGTAGCCATCCCATTC-1,Layer_5,7
TGTAGGAGAAATTTCC-1,Layer_3,3
TGTAGTGATCTATAAT-1,Layer_4,4
TGTATAACAGATCCTG-1,Layer_3,3
TGTATCAGACTGAAGC-1,Layer_1,5
TGTATCCTTATTCCAT-1,Layer_2,3
TGTATGGCGCAGACAG-1,Layer_3,4
TGTATTTACCTAATGC-1,Layer_1,2
TGTCATTTGTTGGGAA-1,Layer_1,2
TGTCCACGGCTCAACT-1,Layer_5,7
TGTCCCGACATAGCAC-1,Layer_1,5
TGTCCGTGGCGCCTTT-1,Layer_5,7
TGTCCTAAGTCACCGC-1,Layer_4,7
TGTCGGCATGGTGGAA-1,Layer_3,3
TGTCGTGGGTATAGGC-1,WM,6
TGTCTACAGTTTCTGT-1,Layer_2,3
TGTGACTACGCCAGTC-1,Layer_2,3
TGTGACTAGAGTTTGC-1,Layer_5,6
TGTGAGACTAGCCCAA-1,Layer_6,7
TGTGATTCCAGCGCTT-1,Layer_2,5
TGTGCCGGTGCCGGAA-1,Layer_4,4
TGTGCTTTACGTAAGA-1,Layer_5,7
TGTGGAGGAAGCTTAA-1,Layer_1,2
TGTGGCAAAGCGTATG-1,Layer_3,3
TGTGGCGGGCTTCTGG-1,WM,6
TGTGGCTCCCACCAAC-1,Layer_3,3
TGTGGTTGCTAAAGCT-1,WM,1
TGTGTAGTAGCACGTG-1,Layer_4,4
TGTGTCGCGAGTTGCA-1,Layer_3,4
TGTGTTCGTATCCAAG-1,Layer_4,7
TGTTATTGTATGTGGC-1,Layer_3,4
TGTTCATAAATGTGCT-1,Layer_5,4
TGTTCCGCTTCCATGA-1,Layer_4,4
TGTTCCGGCCTGAGCT-1,WM,1
TGTTCGTATTGCGGTG-1,Layer_5,7
TGTTCTCTACTCCCTA-1,Layer_1,5
TGTTCTTCCATTGACT-1,Layer_4,4
TGTTGATCACTGTTTA-1,Layer_3,3
TGTTGTCAAGAAGTCT-1,Layer_2,3
TGTTTAATACTTCATC-1,Layer_1,2
TGTTTCGGTACTTCTC-1,Layer_3,3
TGTTTGAGATCGTCAG-1,Layer_3,4
TTAAACAGAGTCCCGC-1,Layer_3,3
TTAAACCGGTAGCGAC-1,Layer_1,5
TTAAACCTGGTTCCTT-1,Layer_4,4
TTAAACTCGAATTCAT-1,Layer_3,3
TTAAAGTAAGTCGCCA-1,Layer_6,6
TTAACACCTCGAACAT-1,Layer_3,4
TTAACCAACCCTCCCT-1,Layer_3,3
TTAACGAACAAGCAGT-1,Layer_1,2
TTAACGTCGCAAGACC-1,Layer_1,5
TTAACGTTAAAGCCTG-1,Layer_5,6
TTAACTCACGCGTGGA-1,Layer_4,4
TTAACTTCAGGTAGGA-1,Layer_6,6
TTAAGACGAACGAACC-1,Layer_1,5
TTAAGATAGGATTGAC-1,Layer_3,4
TTAAGCCGACAACTTC-1,Layer_1,2
TTAAGCGCCTGACCCA-1,Layer_3,4
TTAAGGATACGGAGGT-1,Layer_2,3
TTAAGGCCCGTACTTT-1,WM,1
TTAAGTATTGTTATCC-1,Layer_5,7
TTAATCAGTACGTCAG-1,Layer_1,5
TTAATGCGAGGTAACT-1,Layer_1,2
TTAATGTAGACCAGGT-1,Layer_3,4
TTAATGTGTTTGCAGG-1,Layer_3,4
TTAATTGCTTTGGGTG-1,Layer_6,7
TTAATTTCAGACGCGG-1,Layer_2,3
TTACAACTACGCATCC-1,Layer_3,4
TTACACGATCTGCGAC-1,Layer_5,7
TTACAGACCTAAATGA-1,Layer_1,5
TTACATCGTGGCCTGG-1,Layer_3,4
TTACATGCCACAACTA-1,Layer_3,3
TTACCATTGATTACCC-1,Layer_4,7
TTACCCATTGCCGGGT-1,Layer_1,2
TTACCCTAACAGTCCT-1,Layer_3,4
TTACCCTAGGGATTGG-1,Layer_6,6
TTACCGCCTTAGGGAA-1,Layer_3,4
TTACGGATGGTTCGAG-1,Layer_3,3
TTACGGTGTCACCGAG-1,Layer_1,5
TTACGTAGCGCGTGCT-1,Layer_2,3
TTACGTATCTATGACA-1,Layer_5,7
TTACTAAAGGACTTTA-1,Layer_4,4
TTACTATCGGCTTCTC-1,Layer_5,7
TTACTCCGGCCGGGAA-1,Layer_3,4
TTACTCTGGTACGTAC-1,Layer_5,7
TTACTGGGATATTTCA-1,Layer_5,4
TTACTGTCTAGAGCTC-1,Layer_1,2
TTACTGTTTCTCTACG-1,Layer_1,2
TTAGAAGAACATGACT-1,Layer_5,7
TTAGAATAAGGGTCGG-1,WM,6
TTAGACACGATCGTTG-1,Layer_1,2
TTAGACGAGTCACCTC-1,Layer_4,4
TTAGAGTTTAGAAGGA-1,Layer_3,4
TTAGATAGGTCGATAC-1,Layer_3,4
TTAGCAACATGGATGT-1,Layer_3,4
TTAGCTAATACGATCT-1,Layer_1,2
TTAGCTCTGTAATCCG-1,Layer_5,7
TTAGCTGATTTGCCGT-1,Layer_3,3
TTAGGTCATAACCGAC-1,WM,6
TTAGTAAACCTGCTCT-1,Layer_5,7
TTAGTAGGGCGGCGGG-1,Layer_5,7
TTAGTTATTCGTGGCA-1,Layer_3,4
TTAGTTCAAGTGTTCG-1,Layer_1,2
TTATAGATGCACATTA-1,Layer_1,2
TTATAGGTAATTGTCT-1,Layer_6,7
TTATAGTCCAAGGTGC-1,Layer_2,3
TTATATACGCTGTCAC-1,Layer_3,4
TTATATTTGGCAATCC-1,Layer_3,4
TTATCATACTCGCAAA-1,Layer_1,5
TTATCCAATCGAACTC-1,Layer_3,3
TTATCCGGGATCTATA-1,Layer_4,4
TTATCCTCAAGGAATA-1,WM,1
TTATCGCCTGCGAAGC-1,Layer_4,4
TTATCTGACATTAGGA-1,Layer_6,6
TTATCTGTATCATAAC-1,Layer_3,3
TTATGAATGAAAGGGA-1,Layer_4,4
TTATGACAAACTGGAT-1,Layer_3,4
TTATGATCTTAACGAA-1,Layer_3,4
TTATGCGTCCCGGTCC-1,Layer_1,5
TTATGTTTGCGATAGA-1,Layer_4,4
TTATTAGAGCGTGTTC-1,Layer_4,4
TTATTAGGGAAGCATC-1,Layer_2,3
TTATTTCATCCCAAAC-1,Layer_1,5
TTCAAAGTCTCTAGCC-1,Layer_3,4
TTCAACGACCCGACCG-1,Layer_3,3
TTCAAGCCGAGCTGAG-1,Layer_1,2
TTCAATACTCTGAATC-1,Layer_3,4
TTCAATTAGCCATAAT-1,Layer_1,2
TTCACGAAAGGATCAC-1,Layer_4,4
TTCACTCGAGCACCTA-1,Layer_5,7
TTCACTTCCTAGAACG-1,WM,1
TTCAGAGTAACCTGAC-1,Layer_3,3
TTCAGCCCTGGTCCAC-1,Layer_4,4
TTCAGCTGGCGTGCCC-1,Layer_4,4
TTCAGGCGTCAAAGCC-1,Layer_5,6
TTCAGTTCAAGAGGAG-1,WM,1
TTCAGTTTGTGGCAGC-1,Layer_5,7
TTCATAGCCTTGTAAC-1,Layer_3,3
TTCATAGGGTGTCCAT-1,Layer_3,4
TTCATGGCGCAACAGG-1,Layer_2,5
TTCCAATCAGAGCTAG-1,Layer_1,2
TTCCAATCTGGCTATC-1,Layer_5,7
TTCCACACAGATTTGA-1,Layer_5,7
TTCCACATTTCTCGTC-1,Layer_1,2
TTCCAGACGAGATTTA-1,Layer_3,3
TTCCATCATGCGGTGA-1,Layer_1,2
TTCCATCGACAGCGTG-1,Layer_5,7
TTCCCGACGCTTCACT-1,Layer_1,5
TTCCCGGCGCCAATAG-1,Layer_6,6
TTCCGCAGAGAAATAT-1,Layer_1,2
TTCCGCGTGAGGCGAT-1,Layer_4,4
TTCCGGCCTTGAGGCT-1,Layer_6,6
TTCCGGCTCGACTTCT-1,Layer_1,2
TTCCGGTATCTGTGTC-1,Layer_3,4
TTCCGGTTACCCACTT-1,Layer_3,4
TTCCTCGAGGGTGTCT-1,Layer_3,3
TTCCTCGGACTAACCA-1,Layer_4,4
TTCCTCTGCCCGAATA-1,Layer_5,7
TTCCTTTCTGTGTTGC-1,Layer_3,3
TTCGACAGAGCCCGTG-1,Layer_5,7
TTCGACGGGAAGGGCG-1,Layer_3,4
TTCGAGCCGGCGCTAC-1,Layer_2,3
TTCGCACTCGCGTGCT-1,Layer_3,4
TTCGCACTGTACGACA-1,Layer_6,6
TTCGCATCCGGAAGCA-1,Layer_3,4
TTCGCGCGCCATACGA-1,Layer_6,6
TTCGCTAGGAAGTTGT-1,Layer_3,3
TTCGCTATCTGACGTG-1,Layer_1,2
TTCGGACTGATGCCTT-1,Layer_1,5
TTCGGCAACCCGCTGA-1,Layer_1,2
TTCGGCTAGAGATGGT-1,Layer_3,4
TTCGGGACTAATCGCG-1,Layer_3,4
TTCGGGCGCTAGTCTT-1,Layer_6,6
TTCGGGTTGCCACGGG-1,Layer_5,7
TTCGGTACTGTAGAGG-1,WM,6
TTCGTAATCCCAGCGG-1,Layer_1,2
TTCGTACTCCAGAACG-1,Layer_4,4
TTCGTGGGCTGGAAGC-1,Layer_3,3
TTCGTTCAACGAAGTT-1,Layer_1,2
TTCTAACCGAAGCTTA-1,Layer_3,3
TTCTACCTTTATGTTG-1,Layer_1,2
TTCTACTTGCGAGGGC-1,Layer_3,4
TTCTAGAAAGTCTTAT-1,WM,6
TTCTAGGCCAATTGTG-1,Layer_3,4
TTCTATTAAACGCAGC-1,WM,1
TTCTGACCGGGCTCAA-1,Layer_4,4
TTCTGCCGCGCCTAGA-1,Layer_5,4
TTCTGCGAGCGCCCTT-1,Layer_5,7
TTCTGCGGGTTAGCGG-1,Layer_3,4
TTCTGCTAGACTCCAA-1,Layer_1,5
TTCTGTTTCCTGTCGC-1,Layer_3,4
TTCTTAGTGAACGGTG-1,Layer_3,4
TTCTTAGTGGCTCAGA-1,Layer_2,3
TTCTTATCCGCTGGGT-1,Layer_3,4
TTCTTCCCTTTGATAT-1,Layer_1,2
TTCTTCGCAATAGAGC-1,Layer_1,5
TTCTTGAGCCGCGCTA-1,Layer_5,7
TTCTTGCTAGCATCTC-1,Layer_3,3
TTCTTGGACGATCTGC-1,Layer_6,6
TTCTTGGAGTAATGAG-1,Layer_2,5
TTCTTGTAACCTAATG-1,Layer_3,4
TTCTTGTGTCCATCAG-1,Layer_5,7
TTCTTTGGTCGCGACG-1,Layer_1,2
TTGAAAGGTGTAAAGG-1,Layer_1,2
TTGAACGAATCCTTTG-1,Layer_3,4
TTGAACGACGTGCTGA-1,Layer_5,7
TTGAAGAATTCCCAGG-1,Layer_3,4
TTGAATATGGACTTTC-1,Layer_3,4
TTGAATCGTTGTATAA-1,Layer_6,6
TTGAATTCACGTGAGG-1,Layer_3,3
TTGACAGGAGCTCCCG-1,Layer_3,4
TTGACATGAACGTGGA-1,Layer_5,7
TTGACCAGGAACAACT-1,Layer_6,7
TTGACCATGTTCTCCG-1,Layer_3,3
TTGACCGTGTTAATGA-1,Layer_6,6
TTGACGATTCAGCACG-1,Layer_1,5
TTGACGCTCCATGAGC-1,Layer_3,3
TTGACTACCATATGGT-1,Layer_5,7
TTGACTATTGTCCGGC-1,Layer_3,4
TTGAGAAGTTTAGCAT-1,Layer_5,4
TTGAGAGTACTGCTAA-1,Layer_5,7
TTGAGCAGCCCACGGT-1,Layer_3,3
TTGAGCGCCACGTGAT-1,Layer_2,3
TTGAGGCATTTAACTC-1,Layer_1,2
TTGAGGGTCGAACGCG-1,Layer_3,3
TTGAGTCCCGCTGCTG-1,Layer_2,3
TTGATAGTCAATACAT-1,Layer_1,2
TTGATCTAACTTTGTC-1,Layer_3,4
TTGATGCCGCTCGTCG-1,WM,1
TTGATGTGTAGTCCCG-1,Layer_2,5
TTGATTAGCTGTTTCT-1,Layer_6,7
TTGATTATGCAGATGA-1,Layer_3,4
TTGCAAGAAGACTCCT-1,WM,1
TTGCACAATTCAGAAA-1,Layer_4,4
TTGCACGGAGCAGCAC-1,Layer_3,3
TTGCAGGTCATGAAGT-1,Layer_3,3
TTGCATGCTGATCACG-1,Layer_5,7
TTGCCAAGCAGAACCC-1,Layer_3,4
TTGCCATAGCCCGCTC-1,WM,1
TTGCCCTGATCACGGG-1,Layer_4,4
TTGCCGCTTTCTAGTA-1,Layer_6,7
TTGCCGGTGATCCCTC-1,Layer_1,2
TTGCCTTCTCGCCGGG-1,Layer_5,6
TTGCGCTCTCTCGCTT-1,Layer_4,4
TTGCGCTTGATCAATA-1,Layer_6,6
TTGCGGCATCAGAAAG-1,Layer_6,6
TTGCGGCGACTCATGC-1,Layer_1,2
TTGCGTAGTTTGAGGA-1,Layer_4,4
TTGCGTCGGCCAACCG-1,Layer_6,6
TTGCGTGAACGCTTAG-1,Layer_1,2
TTGCGTGTGTAGGCAT-1,Layer_6,6
TTGCTAGCTACCAATC-1,Layer_1,5
TTGCTCATAGTACGTG-1,Layer_5,7
TTGCTCCCATACCGGA-1,Layer_3,3
TTGCTGAAGGAACCAC-1,Layer_3,3
TTGCTGATCATGTTCG-1,Layer_3,4
TTGCTGCACCTATCCA-1,Layer_3,4
TTGCTGGCCGGGCTTC-1,Layer_1,2
TTGGAAGAATACAGTC-1,Layer_6,6
TTGGACATGTGGCTTA-1,Layer_5,7
TTGGACCATCTGGCAA-1,Layer_3,4
TTGGACCTATAACAGT-1,Layer_5,4
TTGGAGTCTCCCTTCT-1,Layer_2,5
TTGGATATCGTCTACG-1,Layer_5,7
TTGGATCGACTTCTGG-1,Layer_1,2
TTGGATTGGGTACCAC-1,Layer_3,3
TTGGCCAAATTGTATC-1,Layer_6,6
TTGGCCATCTTGCGCT-1,Layer_3,4
TTGGCCTAGAATTTCG-1,Layer_1,2
TTGGCGATCCGAATAT-1,Layer_1,3
TTGGCTCAATATGTGT-1,Layer_5,7
TTGGCTCGCATGAGAC-1,Layer_3,4
TTGGGAAGACGAGCCG-1,WM,1
TTGGGACACTGCCCGC-1,Layer_3,3
TTGGGACGTAAGAGTT-1,Layer_3,4
TTGGGCGGCGGTTGCC-1,Layer_3,3
TTGGGTTTATTCAGCG-1,Layer_1,5
TTGGTATGGCTTGTGT-1,Layer_1,5
TTGGTCACACTCGTAA-1,Layer_5,7
TTGGTGCGGTGTTGAA-1,Layer_3,3
TTGGTTCGCTCAAAGG-1,,3
TTGGTTGCGGTGCGCG-1,WM,1
TTGTAACTTCATAGCG-1,Layer_3,3
TTGTAAGGACCTAAGT-1,Layer_5,7
TTGTAAGGCCAGTTGG-1,Layer_3,3
TTGTAATCCGTACTCG-1,Layer_3,4
TTGTATCACACAGAAT-1,Layer_1,2
TTGTCGTTCAGTTACC-1,Layer_3,3
TTGTGAACCTAATCCG-1,Layer_5,4
TTGTGAGGCATGACGC-1,Layer_6,6
TTGTGATCTGTTCAGT-1,Layer_5,6
TTGTGCAGCCACGTCA-1,Layer_6,7
TTGTGGCCCTGACAGT-1,Layer_3,3
TTGTGGTAGGAGGGAT-1,Layer_6,6
TTGTGGTGGTACTAAG-1,Layer_5,7
TTGTGTATGCCACCAA-1,Layer_5,7
TTGTGTTTCCCGAAAG-1,Layer_5,7
TTGTTAGCAAATTCGA-1,Layer_3,4
TTGTTCAGTGTGCTAC-1,Layer_3,3
TTGTTCTAGATACGCT-1,Layer_4,4
TTGTTGTGTGTCAAGA-1,Layer_3,3
TTGTTTCACATCCAGG-1,Layer_6,6
TTGTTTCATTAGTCTA-1,WM,1
TTGTTTCCATACAACT-1,Layer_6,6
TTGTTTGTGTAAATTC-1,Layer_1,2
