,ground_truth,domain
AAACAACGAATAGTTC-1,Layer_1,1
AAACAAGTATCTCCCA-1,Layer_3,2
AAACAATCTACTAGCA-1,Layer_1,1
AAACACCAATAACTGC-1,WM,4
AAACAGCTTTCAGAAG-1,Layer_6,7
AAACAGGGTCTATATT-1,Layer_6,7
AAACAGTGTTCCTGGG-1,WM,4
AAACATTTCCCGGATT-1,Layer_5,3
AAACCACTACACAGAT-1,Layer_3,6
AAACCCGAACGAAATC-1,Layer_3,2
AAACCGGGTAGGTACC-1,Layer_5,3
AAACCGTTCGTCCAGG-1,Layer_6,3
AAACCTAAGCAGCCGG-1,Layer_6,3
AAACCTCATGAAGTTG-1,Layer_5,3
AAACGAAGAACATACC-1,Layer_1,1
AAACGACAGTCTTGCC-1,Layer_3,2
AAACGAGACGGTTGAT-1,Layer_3,2
AAACGCCCGAGATCGG-1,Layer_2,6
AAACGGGCGTACGGGT-1,Layer_5,3
AAACGGGTTGGTATCC-1,Layer_1,1
AAACGGTTGCGAACTG-1,WM,7
AAACGTGTTCGCCCTA-1,Layer_1,1
AAACTAACGTGGCGAC-1,Layer_1,6
AAACTCGGTTCGCAAT-1,Layer_6,7
AAACTCGTGATATAAG-1,Layer_1,1
AAACTGCTGGCTCCAA-1,Layer_4,5
AAACTTGCAAACGTAT-1,Layer_6,7
AAAGAATGTGGACTAA-1,Layer_6,3
AAAGACATGAAGTTTA-1,Layer_2,6
AAAGACCCAAGTCGCG-1,Layer_2,6
AAAGACTGGGCGCTTT-1,Layer_5,3
AAAGGCTACGGACCAT-1,Layer_6,7
AAAGGCTCTCGCGCCG-1,Layer_6,3
AAAGGGATGTAGCAAG-1,Layer_3,2
AAAGGGCAGCTTGAAT-1,Layer_3,5
AAAGGTAAGCTGTACC-1,Layer_1,1
AAAGGTCAACGACATG-1,Layer_3,6
AAAGTAGCATTGCTCA-1,Layer_6,7
AAAGTCACTGATGTAA-1,Layer_2,1
AAAGTCGACCCTCAGT-1,Layer_5,3
AAAGTGTGATTTATCT-1,Layer_3,2
AAAGTTGACTCCCGTA-1,Layer_3,2
AAATAACCATACGGGA-1,Layer_1,1
AAATAAGGTAGTGCCC-1,Layer_1,1
AAATACCTATAAGCAT-1,Layer_4,5
AAATAGCTTAGACTTT-1,Layer_3,6
AAATAGGGTGCTATTG-1,Layer_5,3
AAATCACTCCTAAACG-1,Layer_3,2
AAATCCGATACACGCC-1,Layer_6,3
AAATCGTGTACCACAA-1,Layer_5,5
AAATCTAGCCCTGCTA-1,Layer_4,5
AAATGATTCGATCAGC-1,Layer_1,1
AAATGCTCGTTACGTT-1,Layer_3,2
AAATGGCATGTCTTGT-1,Layer_1,1
AAATGGCCCGTGCCCT-1,Layer_6,7
AAATGGTCAATGTGCC-1,Layer_3,5
AAATGTATCTTATCCC-1,Layer_5,7
AAATGTGGGTGCTCCT-1,Layer_1,1
AAATTAACGGGTAGCT-1,Layer_3,5
AAATTAATAAGCGCGA-1,Layer_5,3
AAATTACACGACTCTG-1,Layer_1,1
AAATTACCTATCGATG-1,Layer_2,1
AAATTCCAGGTCCAAA-1,Layer_2,6
AAATTGATAGTCCTTT-1,WM,7
AAATTGCGGCGGTTCT-1,Layer_2,6
AAATTGGTGAGAAGCA-1,Layer_1,1
AAATTTACCGAAATCC-1,Layer_1,1
AAATTTGCGGGTGTGG-1,Layer_5,3
AACAACTGGTAGTTGC-1,Layer_3,5
AACAATACATTGTCGA-1,WM,7
AACAATTACTCTACGC-1,Layer_4,5
AACACACGCTCGCCGC-1,Layer_4,5
AACACGACTGTACTGA-1,Layer_1,1
AACACGAGACGCGGCC-1,Layer_6,7
AACACGCGGCCGCGAA-1,Layer_2,6
AACAGCTGTGTGGCAA-1,WM,7
AACAGGAAATCGAATA-1,Layer_1,1
AACAGGATGGGCCGCG-1,Layer_4,5
AACAGGTAGTATGGAT-1,Layer_3,2
AACATAGCGTGTATCG-1,Layer_6,7
AACATATCAACTGGTG-1,Layer_1,1
AACATCGATACGTCTA-1,Layer_1,1
AACATTGGTCAGCCGT-1,Layer_2,6
AACATTGTGACTCGAG-1,WM,7
AACCAAGACTTCTCTG-1,Layer_5,3
AACCAGTATCACTCTT-1,Layer_1,1
AACCATGGGATCGCTA-1,Layer_3,2
AACCCAGAGACGGAGA-1,Layer_3,2
AACCCGACAACCCGTG-1,WM,4
AACCCGAGCAGAATCG-1,Layer_4,5
AACCCGATAGGGCTTC-1,Layer_3,6
AACCCTACTGTCAATA-1,Layer_3,2
AACCCTGGTGGAACCA-1,Layer_1,1
AACCGAGCTTGGTCAT-1,Layer_3,6
AACCGCTAAGGGATGC-1,Layer_3,2
AACCGTTGTGTTTGCT-1,Layer_1,1
AACCTAAAGCCGTCCG-1,Layer_1,1
AACCTCGCTTTAGCCC-1,Layer_5,3
AACCTGTCACGGAATT-1,Layer_2,6
AACCTTTAAATACGGT-1,Layer_5,3
AACCTTTACGACGTCT-1,Layer_1,1
AACGATAATGCCGTAG-1,Layer_5,3
AACGATAGAAGGGCCG-1,Layer_3,6
AACGATATGTCAACTG-1,Layer_3,6
AACGCATGATCTGGGT-1,Layer_1,1
AACGCGAACGGCAACA-1,Layer_3,2
AACGCGACCTTGGGCG-1,WM,7
AACGCGGTCTCCAGCC-1,Layer_3,6
AACGCTGTTGCTGAAA-1,Layer_4,5
AACGGACGTACGTATA-1,Layer_4,5
AACGGCCATCTCCGGT-1,Layer_5,3
AACGTACTGTGGGTAC-1,Layer_5,3
AACGTAGTCTACCCAT-1,Layer_1,1
AACGTCAGACTAGTGG-1,Layer_3,5
AACGTGATGAAGGACA-1,Layer_1,1
AACGTGCGAAAGTCTC-1,Layer_3,2
AACGTTATCAGCACCT-1,Layer_4,2
AACTACCCGTTTGTCA-1,Layer_3,2
AACTAGCGTATCGCAC-1,Layer_1,1
AACTAGGCTTGGGTGT-1,Layer_5,3
AACTCAAGTTAATTGC-1,Layer_4,5
AACTCCAGAGCGTGTT-1,Layer_5,3
AACTCCTAATCCCATG-1,Layer_1,1
AACTCGATAAACACGT-1,Layer_3,6
AACTCGATGGCGCAGT-1,Layer_3,2
AACTCTCAATAGAGCG-1,Layer_3,6
AACTCTCAGTGTGCTC-1,Layer_6,3
AACTGAGGTCAGCGTC-1,Layer_1,1
AACTGATATTAGGCCT-1,Layer_2,6
AACTGGGTCCCGACGT-1,Layer_3,6
AACTGGGTTCGAGCCG-1,Layer_1,1
AACTGGTGTGGGCCTT-1,Layer_1,1
AACTTCTGCGTCTATC-1,Layer_3,2
AACTTGCCCGTATGCA-1,Layer_4,5
AACTTGCGTTCTCGCG-1,Layer_3,2
AACTTTACGGGAGCTT-1,Layer_5,3
AACTTTAGCTGCTGAG-1,Layer_1,1
AACTTTCTCGATCATG-1,Layer_1,1
AAGAAATCACCAGATT-1,Layer_1,1
AAGAAGGATCAGTTAG-1,Layer_3,2
AAGACATACGTGGTTT-1,Layer_5,3
AAGACCCAACTGAACA-1,Layer_6,3
AAGACTAACCCGTTGT-1,Layer_2,6
AAGACTCACGCCCACT-1,Layer_2,6
AAGACTGCAAGCTACT-1,Layer_3,2
AAGAGATGAATCGGTA-1,Layer_3,5
AAGAGCTCTTTATCGG-1,Layer_3,2
AAGAGGATGTACGCGA-1,Layer_5,3
AAGAGGCATGGATCGC-1,Layer_3,2
AAGAGGCCCTTTGGAA-1,Layer_5,5
AAGATGGCACCGGACC-1,WM,7
AAGATTGGCGGAACGT-1,Layer_2,6
AAGCACCCTGCGTATC-1,Layer_5,3
AAGCATACTCTCCTGA-1,Layer_5,3
AAGCCGAAGCGGTTTA-1,Layer_3,2
AAGCCGCTTTACCTTG-1,Layer_1,1
AAGCGCAGGGCTTTGA-1,Layer_6,7
AAGCGGAGTGCGCGCA-1,Layer_2,1
AAGCGGCGTCATGGGT-1,Layer_1,1
AAGCGTCCCTCATCGA-1,WM,7
AAGCTAGATCGAGTAA-1,Layer_5,5
AAGCTCGTGCCAAGTC-1,Layer_3,2
AAGCTCTTTCATGGTG-1,Layer_5,3
AAGGAGAACTTATAAG-1,Layer_1,1
AAGGAGCGGTTGGTGC-1,Layer_3,5
AAGGATCGATCGCTTG-1,Layer_3,2
AAGGATGAGGGACCTC-1,Layer_2,6
AAGGCAGGCTGTCTCC-1,Layer_3,2
AAGGCGCGTAAAGCTT-1,Layer_3,5
AAGGCTGTGCTCATCG-1,Layer_3,5
AAGGGACAGATTCTGT-1,Layer_2,6
AAGGGACTATGCATTC-1,WM,4
AAGGTATCCTAATATA-1,Layer_2,6
AAGGTGATAAACCAGC-1,Layer_3,2
AAGTAAGCTTCCAAAC-1,Layer_1,1
AAGTAGAAGACCGGGT-1,Layer_3,2
AAGTAGTGACGCGAGG-1,Layer_4,5
AAGTCAATTGTCGTCA-1,Layer_3,2
AAGTCTAGTAGCTGCC-1,Layer_1,1
AAGTCTTCTGTGGCCT-1,Layer_6,7
AAGTGACGACCGAATT-1,Layer_5,3
AAGTGAGTCGGGTTTA-1,WM,7
AAGTGCAAAGGTAGAC-1,Layer_5,3
AAGTGCCTTGACTGTA-1,Layer_3,2
AAGTGCGTTAGAATCT-1,Layer_6,7
AAGTGCTTCTCTATTG-1,WM,4
AAGTGTTTGGAGACGG-1,Layer_5,5
AAGTTCACTCCAAGCT-1,Layer_5,3
AAGTTCAGTCTGCGTA-1,Layer_1,1
AAGTTCGGCCAACAGG-1,Layer_5,3
AAGTTGTGATGTTATA-1,Layer_5,3
AAGTTTACTAATGGCA-1,Layer_1,1
AAGTTTATGGGCCCAA-1,Layer_6,7
AATAACAACGCTCGGC-1,Layer_5,3
AATAACACTAGAACAA-1,Layer_6,3
AATAAGTCCTCGAGAC-1,Layer_1,1
AATACAATGTTTCAGG-1,Layer_3,2
AATACCGGAGGGCTGT-1,WM,4
AATACCTGATGTGAAC-1,Layer_6,3
AATAGAACAGAGTGGC-1,Layer_6,3
AATAGAATCTGTTTCA-1,Layer_4,5
AATAGCAAGCCTCCTG-1,Layer_2,6
AATAGCTACCGCGTGC-1,Layer_1,1
AATAGTCCGTCCCGAC-1,Layer_6,3
AATAGTCGCGAGTCGG-1,Layer_4,7
AATATCAAGGTCGGAT-1,Layer_2,6
AATATCGAATCAATGC-1,Layer_3,2
AATATCGAGGGTTCTC-1,Layer_1,1
AATATTGGAGTATTGA-1,Layer_5,3
AATCAGACTGCAGGAC-1,Layer_2,6
AATCAGGTTTCATTTA-1,WM,4
AATCATGTAAAGACTC-1,Layer_4,5
AATCCAAGGGCCTGAG-1,Layer_3,6
AATCCATGCAAGGGTG-1,Layer_3,2
AATCGAGGTCTCAAGG-1,WM,3
AATCGCCTCAGCGCCA-1,Layer_3,2
AATCGCGCAGAGGACT-1,Layer_3,2
AATCGGGACACTACGA-1,Layer_1,1
AATCGGTATAGCCCTC-1,Layer_6,3
AATCGTGAGCCGAGCA-1,Layer_6,7
AATCTAGGTTTACTTG-1,WM,7
AATCTATGCCGGAGCC-1,Layer_1,1
AATCTCTACTGTGGTT-1,Layer_5,3
AATCTGCGTTGGGACG-1,Layer_3,6
AATCTGGCTTTCTAGT-1,WM,7
AATCTGGGTAGACCCT-1,Layer_1,1
AATGACAGCAATGTCT-1,Layer_6,3
AATGACGTAGGATGTC-1,Layer_3,5
AATGACTGTCAGCCGG-1,Layer_3,2
AATGAGTTCGCATATG-1,Layer_3,2
AATGATGATACGCTAT-1,Layer_1,1
AATGATGCGACTCCTG-1,Layer_1,1
AATGCAACCGGGTACC-1,Layer_3,2
AATGCACCAAGCAATG-1,Layer_1,1
AATGGCCGCCAATGCG-1,Layer_3,2
AATGGTCCACCGTTCA-1,Layer_5,3
AATGGTTCTCACAAGC-1,Layer_3,2
AATGTGCCCGAGGTGT-1,WM,7
AATGTGCTAATCTGAG-1,WM,4
AATGTTAAGACCCTGA-1,Layer_6,7
AATGTTGTCGTGAGAC-1,Layer_5,3
AATTAAAGGTCGGCGT-1,Layer_4,5
AATTAACGGATTTCCA-1,Layer_5,3
AATTACTCGTACGCTC-1,Layer_3,2
AATTAGCGCTGCAGCG-1,Layer_5,3
AATTATACCCAGCAAG-1,Layer_6,3
AATTCATAAGGGATCT-1,Layer_1,1
AATTCCAACTTGGTGA-1,Layer_2,6
AATTCCAAGCATGTAC-1,WM,7
AATTCGATTCGAGGAT-1,Layer_6,7
AATTCTAGAGTTAGGC-1,Layer_5,5
AATTGAACGCTCTGGT-1,Layer_3,5
AATTGCAGCAATCGAC-1,Layer_5,3
AATTGTGGTTGCCAAA-1,Layer_5,3
AATTTGGGACATAGTA-1,Layer_1,1
AATTTGGTTCCAAAGA-1,Layer_1,1
ACAAACCGACAAGGCG-1,Layer_1,1
ACAAAGAAGGTAGGCC-1,Layer_6,7
ACAAAGCATGACCTAG-1,Layer_5,3
ACAAATCGCACCGAAT-1,Layer_4,5
ACAAATGGTAGTGTTT-1,Layer_3,2
ACAAATTCAGATCTGA-1,Layer_1,1
ACAACAGCATGAGCTA-1,Layer_3,2
ACAACGGTCCCTGCGA-1,Layer_3,2
ACAAGCAGTGCCTAGC-1,Layer_4,5
ACAAGCTATATGGAAG-1,Layer_6,7
ACAAGGAAATCCGCCC-1,Layer_4,5
ACAAGGACAAGAGGTT-1,Layer_3,5
ACAAGGATGCTTTAGG-1,Layer_5,3
ACAAGGCCTACCAGCC-1,Layer_2,6
ACAAGGGCAGGCTCTG-1,Layer_4,5
ACAATAGTCGTACGTT-1,Layer_5,3
ACAATCCATTTAAACC-1,Layer_5,3
ACAATCGATCTTTATA-1,Layer_1,1
ACAATGAATACGGAGA-1,WM,7
ACAATGATTCTTCTAC-1,Layer_2,6
ACAATTGTGTCTCTTT-1,Layer_4,5
ACAATTTAGGAGGCTC-1,Layer_5,3
ACAATTTGAGCAGTGG-1,Layer_3,6
ACACAAAGACGGGTGG-1,Layer_3,2
ACACAAATATTCCTAG-1,Layer_1,1
ACACACCAGGACCAGT-1,Layer_3,2
ACACACTTTCTACACG-1,Layer_1,1
ACACATTGACGCAACA-1,Layer_3,2
ACACATTTCCGTAGAC-1,WM,7
ACACCACATAATTAGC-1,Layer_1,1
ACACCCAGCATGCAGC-1,Layer_3,2
ACACCCGAGAAATCCG-1,Layer_3,2
ACACCCGTAAATCTGT-1,Layer_3,2
ACACCGAGCGCTCTTT-1,Layer_3,7
ACACCTTAAGTAGGGC-1,Layer_3,5
ACACCTTACTACTTGC-1,Layer_3,2
ACACGAGACTCCTTCT-1,Layer_3,2
ACACGGCACTATGCAT-1,Layer_1,1
ACACGGGAACTTAGGG-1,Layer_3,2
ACACGTAGGCCACAAG-1,Layer_4,5
ACACTCCAATGTCACT-1,Layer_3,2
ACACTGATCAAGGTGT-1,Layer_5,3
ACACTGGGACAGTCGT-1,Layer_4,3
ACAGAACTGAGAACAA-1,WM,7
ACAGATTAGGTTAGTG-1,Layer_1,1
ACAGCATAGAGCCAGT-1,Layer_1,1
ACAGCGACATTCTCAT-1,Layer_5,5
ACAGCGCACCCGCAGC-1,Layer_1,1
ACAGGCACGGATCCTT-1,Layer_6,3
ACAGGCTTGCCCGACT-1,Layer_4,5
ACAGGTGGAGGTGAGG-1,Layer_6,3
ACAGGTGTGTTGTTGC-1,Layer_6,7
ACAGTAATACAACTTG-1,Layer_6,7
ACAGTATACCGTGGGA-1,Layer_1,1
ACAGTGCAGCGCATTT-1,Layer_3,6
ACATAATAAGGCGGTG-1,Layer_3,6
ACATCAGCTGGGACGC-1,Layer_5,3
ACATCCCGGCCATACG-1,Layer_5,3
ACATCCTGGTAACTGT-1,Layer_3,2
ACATCGATCGTTTACC-1,Layer_4,5
ACATCGGTCAGCCGCG-1,Layer_5,3
ACATCGTATGCAATGG-1,Layer_3,5
ACATCGTTAACCTAGT-1,Layer_1,1
ACATCTCAACGCGTAA-1,Layer_1,1
ACATGGCGCCAAAGTA-1,Layer_3,2
ACATGGCTCAATTTAG-1,Layer_3,2
ACATTAGTTTATATCC-1,Layer_5,3
ACATTTGAAACCTAAC-1,Layer_6,3
ACCAAACACCCAGCGA-1,Layer_1,1
ACCAAACTAGAAATCC-1,Layer_1,1
ACCAACACCACACACT-1,Layer_1,1
ACCAACCGCACTCCAC-1,Layer_5,3
ACCAACGCTTATTTAT-1,Layer_6,3
ACCAAGAACGCGTGTC-1,Layer_3,6
ACCAAGTCATCGGCAG-1,Layer_6,3
ACCAATATGCAAGTTA-1,Layer_5,3
ACCACAACTCAGAACA-1,Layer_1,1
ACCACAAGTTTCTATC-1,Layer_3,5
ACCACACGGTTGATGG-1,WM,7
ACCACCAATGTAACAA-1,Layer_3,2
ACCACCCTCTCTTCTA-1,Layer_1,1
ACCACGTGCAGCTATA-1,Layer_4,5
ACCACTGTTCAAGAAG-1,Layer_3,2
ACCAGACCATAACAAC-1,Layer_6,7
ACCAGCCCGGTCTTTG-1,Layer_1,1
ACCAGGAGTGTGATCT-1,Layer_1,1
ACCAGTGCCCGGTCAA-1,Layer_1,1
ACCAGTGCGGGAGACG-1,Layer_3,5
ACCATATCCGCAATAA-1,Layer_4,5
ACCATCCGCCAACTAG-1,Layer_6,7
ACCATCGTATATGGTA-1,Layer_5,3
ACCATTAAGGGTGTCA-1,Layer_3,5
ACCCAACGCCCGTGGC-1,Layer_3,6
ACCCACCTACATGCTC-1,Layer_3,5
ACCCATCTTGAGGGTA-1,Layer_4,5
ACCCATTTGTCCCTCT-1,Layer_5,3
ACCCGAGCGAAATTAC-1,WM,4
ACCCGATTGGTTCCGA-1,WM,4
ACCCGGAAACTCCCAG-1,Layer_5,3
ACCCGGATGACGCATC-1,Layer_3,6
ACCCGGTTACACTTCC-1,Layer_5,3
ACCCGTAGTCTAGTTG-1,Layer_5,3
ACCCGTGTCATCAGTA-1,Layer_6,3
ACCCTATAGGACTGAG-1,Layer_3,2
ACCCTATGCCATATCG-1,Layer_6,7
ACCCTCCCGTCAGGGC-1,Layer_6,3
ACCCTCCCTTGCTATT-1,Layer_4,5
ACCCTGGTAACGCCCT-1,Layer_1,1
ACCCTTCATCTGCGAA-1,Layer_1,1
ACCCTTGCCTGGGTCG-1,Layer_1,1
ACCCTTTAGTTCTCCA-1,Layer_1,1
ACCGAAAGGGCCCTGC-1,Layer_1,1
ACCGACACATCTCCCA-1,Layer_6,3
ACCGACTGAGTCCCAC-1,Layer_3,2
ACCGAGTCTCCTTATT-1,Layer_6,7
ACCGATAGGCATAACC-1,Layer_4,3
ACCGATGGTAGCATCG-1,Layer_3,2
ACCGCAATAACTGCCT-1,Layer_5,5
ACCGCGGTGGAAGTCG-1,Layer_3,2
ACCGGGCCTTTGTTGA-1,Layer_3,2
ACCGGTCTGAGTACGG-1,Layer_2,6
ACCGTGACCACGTGGG-1,WM,7
ACCGTTCCCGCTCTGA-1,Layer_1,1
ACCTAAGTACCTTTCA-1,Layer_6,7
ACCTAATCGACTTCCT-1,Layer_4,5
ACCTACAGTATGTGGT-1,Layer_3,2
ACCTACTATAAATCTA-1,WM,7
ACCTCCGCCCTCGCTG-1,Layer_4,5
ACCTCCGTTATTCACC-1,Layer_2,6
ACCTGCGTGTCATGTT-1,Layer_6,7
ACCTTTCCTTTAGAAG-1,Layer_1,1
ACGAAATGGGCGGCAC-1,Layer_4,3
ACGACTCTAGGGCCGA-1,Layer_6,3
ACGACTGGTCATACTC-1,WM,4
ACGAGAACCCATCACG-1,Layer_2,6
ACGAGATATTTGCTTA-1,Layer_1,1
ACGAGGATACCACTCT-1,WM,7
ACGAGTACGGATGCCC-1,Layer_1,1
ACGATACATAGAACTA-1,Layer_2,6
ACGATACCTATCCTGA-1,Layer_5,3
ACGATCATACATAGAG-1,Layer_3,2
ACGATCATCTTGTAAA-1,Layer_3,6
ACGATGCATATGTTAT-1,Layer_4,5
ACGATGGATCCGATGC-1,Layer_1,1
ACGCAAACTAATAGAT-1,WM,7
ACGCAATCACTACAGC-1,Layer_1,1
ACGCATAAATGACATG-1,Layer_2,6
ACGCATACGTTTACTA-1,Layer_4,5
ACGCATTCGTGAGTAC-1,Layer_3,5
ACGCCACTCGAAACAG-1,WM,7
ACGCCAGATGATTTCT-1,Layer_1,1
ACGCCAGTGCGTTTGC-1,Layer_6,3
ACGCCCAGCTGTCGAT-1,Layer_1,1
ACGCCGCTAGACGACC-1,Layer_4,5
ACGCGAAGTCAGACGA-1,Layer_5,5
ACGCGCTACACAGGGT-1,Layer_5,3
ACGCGGGCCAAGGACA-1,Layer_3,5
ACGCGTTTCTTAAGAG-1,Layer_5,3
ACGCTAGTATCAGTGC-1,Layer_3,2
ACGCTAGTGATACACT-1,Layer_2,1
ACGCTGTGAGGCGTAG-1,Layer_5,3
ACGCTTAGTGTCTCTC-1,Layer_1,1
ACGGAACACGAGTGCC-1,Layer_6,3
ACGGAATTTAGCAAAT-1,Layer_3,2
ACGGACTCTCAAAGCG-1,Layer_6,3
ACGGAGCGCAAATTAC-1,Layer_1,1
ACGGATGGTGCGGATA-1,Layer_5,3
ACGGCACTTGCTTGGG-1,Layer_5,3
ACGGCCAACATGGACT-1,Layer_5,3
ACGGCGACGATGGGAA-1,Layer_4,5
ACGGCGGGTTGCCCTG-1,Layer_2,6
ACGGGAGTGTCGGCCC-1,Layer_6,7
ACGGGCGTATGCGACA-1,Layer_1,1
ACGGGTCATGTGACTT-1,Layer_3,2
ACGGTACAGTTCAATG-1,Layer_6,3
ACGTACAGATTTCTCT-1,Layer_1,1
ACGTACTTTGGCACGG-1,WM,7
ACGTAGATTGCTGATG-1,Layer_3,2
ACGTAGGAGAGTCGCT-1,Layer_6,7
ACGTATTACTCCGATC-1,Layer_3,2
ACGTCCTAAACGAGAT-1,Layer_1,1
ACGTCTCGTTCCGGGA-1,Layer_6,7
ACGTGCGCCTCGTGCA-1,Layer_2,6
ACGTGGTCGAATGTGC-1,Layer_1,1
ACGTTAATGTCGAAGA-1,Layer_3,5
ACGTTAGATTTGCCCG-1,Layer_5,3
ACGTTATTGGTCACTC-1,Layer_3,2
ACGTTCCGCGCTCCGT-1,Layer_1,1
ACGTTCGCAATCAATT-1,Layer_2,6
ACGTTCGTTCAGGAAA-1,WM,7
ACGTTCTGTACAAGTC-1,Layer_5,3
ACGTTTAGTTGTGATC-1,Layer_1,1
ACTAAGGACGCACACC-1,Layer_2,1
ACTAATACGTCAGGCG-1,Layer_1,1
ACTACAAAGAGAGGTG-1,WM,4
ACTACCAGCTCTCTGG-1,Layer_3,5
ACTACGCGTTAGAATT-1,Layer_6,3
ACTAGTTGCGATCGTC-1,Layer_3,2
ACTATATGCTGTGTTC-1,Layer_1,1
ACTATCCAGGGCATGG-1,Layer_3,2
ACTATCGCCGGCTAAA-1,Layer_3,5
ACTATCTGCCCGCGTA-1,Layer_3,5
ACTATTCGTCCGTGGT-1,Layer_1,1
ACTATTTCCGGGCCCA-1,WM,7
ACTCAACGAATGTATT-1,Layer_2,6
ACTCAAGTGCAAGGCT-1,Layer_5,3
ACTCAATAAAGGCACG-1,Layer_3,6
ACTCAGACCTGCTTCT-1,Layer_2,6
ACTCCAATATCATCAT-1,WM,4
ACTCCCATTCCTAAAG-1,Layer_6,7
ACTCCCGAATTCGTTT-1,Layer_2,6
ACTCCCGTAGACTAGG-1,Layer_1,1
ACTCCCTAATGCTAAA-1,Layer_5,3
ACTCCCTAGAATAGTA-1,Layer_4,5
ACTCCGGCCGACCACT-1,Layer_6,3
ACTCGATGTATTTCAT-1,Layer_3,2
ACTCGCCGTTCGATAA-1,Layer_5,3
ACTCGTAACCCGTCCT-1,Layer_6,7
ACTCGTCAGTAATCCC-1,Layer_3,2
ACTCTAAACCTGGGAT-1,Layer_5,7
ACTCTCTGACTTAGGT-1,Layer_3,2
ACTCTCTTATACACGA-1,Layer_1,1
ACTCTGACCTAATAGA-1,Layer_6,3
ACTCTTGTATAGTAAC-1,Layer_3,2
ACTGAAACGCCGTTAG-1,Layer_5,5
ACTGAATGGCGAAAGT-1,Layer_4,5
ACTGATTTAGTGATTC-1,Layer_1,1
ACTGCCCGCCATTCTC-1,WM,4
ACTGCCGTCGTAACTC-1,Layer_1,1
ACTGCGGACACACCGT-1,Layer_2,6
ACTGGCGAACCTGCGT-1,Layer_2,6
ACTGTACGATACACAT-1,Layer_3,2
ACTGTAGCACTTTGGA-1,Layer_3,5
ACTGTATACGCGAGCA-1,Layer_3,6
ACTGTCCAGGATTATA-1,Layer_3,5
ACTGTCTTCTTTAGAA-1,Layer_3,2
ACTGTGCTAGTAGATC-1,Layer_3,2
ACTGTTTAGTGTAGGC-1,Layer_1,1
ACTTACCGGGCGCGCA-1,Layer_1,1
ACTTACGCATCCACGC-1,Layer_5,3
ACTTAGTACGACAAGA-1,Layer_3,2
ACTTATACTTACCCGG-1,Layer_3,2
ACTTATCTGATCTATA-1,Layer_1,1
ACTTATTAGGATCGGT-1,Layer_4,5
ACTTATTTATGTGCCA-1,Layer_3,2
ACTTCAGGCTGATCCC-1,Layer_4,5
ACTTCCATGCGGGACA-1,Layer_5,3
ACTTCCTGTCGTGCGA-1,Layer_3,2
ACTTCGCCATACGCAC-1,Layer_3,2
ACTTGACTCCCTCTTT-1,Layer_3,5
ACTTGCCATATTGTAC-1,Layer_1,1
ACTTGGGACCCGGTGG-1,Layer_3,5
ACTTGTAGTCCCTTCA-1,Layer_6,7
ACTTGTGGATGGAACG-1,Layer_3,5
ACTTTACCCTCATGAA-1,Layer_2,6
ACTTTCCTATAGCTTC-1,Layer_3,2
ACTTTGACTGCATCCT-1,Layer_5,3
AGAAATTATGACTCGC-1,Layer_3,5
AGAACGTGGTACATTC-1,Layer_3,2
AGAACTGTACTTTGTA-1,Layer_6,3
AGAAGAGCGCCGTTCC-1,Layer_3,2
AGAAGGTACACTTCAC-1,WM,7
AGAAGGTTGCCGAATT-1,Layer_5,3
AGAAGGTTGTAGGTCG-1,Layer_6,3
AGAAGTGATTCGTGAT-1,Layer_6,7
AGAATAAATCTTCAGG-1,Layer_5,3
AGAATACAGGCTATCC-1,Layer_6,3
AGAATGCGGGTTCGGA-1,Layer_1,1
AGAATTATGGATTCGA-1,Layer_3,6
AGAATTGTTTGACATA-1,Layer_3,2
AGACAGCTCAGAATCC-1,Layer_4,2
AGACATAGATCCTTCC-1,Layer_1,1
AGACCATGGGATACAA-1,Layer_3,2
AGACCCACCGCTGATC-1,Layer_5,5
AGACCCGCCCTCCTCG-1,Layer_3,2
AGACCGCTCCGCGGTT-1,Layer_3,2
AGACCGGGAAACCCTG-1,Layer_5,3
AGACGAAGTGCCGGTC-1,Layer_3,5
AGACGACGATGCCGCT-1,Layer_6,7
AGACGGGATTGGTATA-1,Layer_1,1
AGACGGGCCGATTTAA-1,Layer_1,1
AGACTAGCCTTCCAGA-1,Layer_3,5
AGACTGTTACCGGGTC-1,WM,7
AGAGAAACACCAGAAA-1,WM,4
AGAGAACCGTCTAGGA-1,Layer_2,6
AGAGAAGGAGTACAAT-1,WM,7
AGAGATCTCTAAAGCG-1,Layer_5,3
AGAGCAGTTATGAGAC-1,Layer_4,5
AGAGCCGCCGAGATTT-1,Layer_4,5
AGAGCGCTTGTAACGG-1,Layer_1,1
AGAGCGGGCTAATCAT-1,Layer_2,6
AGAGCGTACAAGCTCG-1,Layer_3,5
AGAGCTACGAAAGCAT-1,Layer_3,2
AGAGGCTTCGGAAACC-1,Layer_3,5
AGAGGGACAATTGTCC-1,Layer_2,6
AGAGGTATCTCGGTCC-1,Layer_1,1
AGAGTAAACTTCACTA-1,Layer_3,2
AGAGTGAACAGACACC-1,Layer_3,2
AGAGTTAGAGACCGAT-1,Layer_1,1
AGAGTTGCAGGCCTCC-1,Layer_2,1
AGATAACTTCAGGGCC-1,Layer_3,5
AGATACCAATAGAACC-1,Layer_5,3
AGATACCAGCACTTCA-1,Layer_1,1
AGATACCGGTGTTCAC-1,Layer_5,3
AGATACGACTTCATAT-1,Layer_3,2
AGATACTCAAGATCGA-1,Layer_4,5
AGATATAATACGACTA-1,Layer_6,7
AGATCGTGCATAAGAT-1,Layer_1,1
AGATCTCAGGTGTGAT-1,Layer_3,2
AGATGACTCGCCCACG-1,Layer_3,2
AGATGAGGGTTGCGAT-1,Layer_1,1
AGATGATGGAGTCTGG-1,Layer_2,6
AGATGCAAGACGTGCA-1,WM,7
AGATGCTATAACGAGC-1,Layer_3,2
AGATTATAGGACGTTT-1,Layer_3,5
AGATTCAAGCGGGTCG-1,Layer_3,6
AGATTCACAACCGATA-1,WM,7
AGCAAAGGCCGCTAGT-1,Layer_6,3
AGCAACATATCTTATT-1,Layer_3,2
AGCAACCGAAAGTAAT-1,WM,7
AGCACCAGTACTCACG-1,Layer_3,2
AGCACTACCGGCCTGT-1,Layer_5,3
AGCACTACCTCACCAG-1,Layer_5,3
AGCACTTAAGGACGCC-1,Layer_4,5
AGCAGAAGGAGAAAGA-1,Layer_6,7
AGCAGCCAGATGAATA-1,Layer_6,3
AGCAGTCGAAGCATGC-1,Layer_6,7
AGCATATCAATATGCT-1,Layer_4,5
AGCATCATTTCGAAAG-1,WM,7
AGCATCGTCGATAATT-1,Layer_3,2
AGCATTACGAGGCAAG-1,Layer_5,3
AGCCAAGCTTTGTGTC-1,Layer_6,7
AGCCACAGGTTACCCG-1,Layer_5,3
AGCCACTCCCGTGCTT-1,Layer_2,6
AGCCATATAGTATGTG-1,WM,7
AGCCCATACATGTAAG-1,Layer_5,3
AGCCCGCAACAAGCAG-1,WM,4
AGCCCGGCATTAGAGG-1,WM,4
AGCCCGGTAGCCTGTA-1,WM,7
AGCCCTAAGCGAAGTT-1,Layer_2,1
AGCCCTTCTAATCCGA-1,Layer_1,1
AGCCCTTGGACATCCC-1,Layer_4,5
AGCCGCAAATTCAAAT-1,Layer_6,7
AGCCGCTTGATTAGCG-1,Layer_3,5
AGCCGTGGCTAAATGT-1,Layer_6,7
AGCCTAATACCCACGT-1,WM,7
AGCCTTAAAGCGGAAG-1,Layer_3,2
AGCGACAGGAACGGTC-1,Layer_6,3
AGCGACATCCCATTCA-1,Layer_2,6
AGCGACCAACGATATT-1,Layer_3,2
AGCGATGCGCCTAATA-1,Layer_5,3
AGCGCATAATGAATCG-1,Layer_6,3
AGCGCGGGTGCCAATG-1,Layer_1,1
AGCGCTTATGGGCAAG-1,Layer_1,1
AGCGGACACTTCGTAG-1,Layer_6,3
AGCGGCGGTTAGCGGT-1,WM,7
AGCGGGAAGGGTCCAT-1,Layer_3,2
AGCGGGTCTGACACTC-1,Layer_6,7
AGCGGTTGAGATGTAC-1,Layer_2,1
AGCGGTTGCCGCTCTG-1,Layer_1,1
AGCGTACGAGAGCTAG-1,Layer_3,2
AGCGTAGCGCTAGACC-1,Layer_1,6
AGCGTCTGAACCCGCA-1,Layer_2,6
AGCGTGGTATTCTACT-1,Layer_4,5
AGCGTTCCGATTTAAA-1,Layer_2,1
AGCTAACAAGCAATGT-1,WM,7
AGCTAAGTACGCAGGC-1,Layer_5,3
AGCTAGAAGCAGAAGT-1,Layer_1,1
AGCTATTTAATCCAAC-1,Layer_1,1
AGCTCCATATATGTTC-1,Layer_4,5
AGCTCCTTCGCACATC-1,Layer_4,5
AGCTCGTTGATGGAAA-1,Layer_1,1
AGCTCTAGACGTTCCA-1,Layer_3,2
AGCTCTTCCCAGTGCA-1,Layer_1,1
AGCTCTTCGTAACCTT-1,Layer_3,2
AGCTCTTTACTCAGTT-1,Layer_5,3
AGCTGAAGTAAACCAA-1,Layer_1,1
AGCTGCATTTGAGGTG-1,Layer_3,6
AGCTGCTGTGCCGAAT-1,Layer_3,6
AGCTGTAACCTCAATC-1,WM,7
AGCTTATAGAGACCTG-1,Layer_1,1
AGCTTCAATACTTTGA-1,Layer_1,1
AGCTTCTTCTCGAGCA-1,Layer_6,3
AGCTTGATCTTAACTT-1,Layer_5,3
AGGAAAGCCTCTGATG-1,Layer_3,6
AGGAAGCTGTCCGCCG-1,Layer_6,3
AGGACAGTCGAATCCC-1,Layer_3,2
AGGACATCGCACGTCG-1,Layer_3,2
AGGACGACCCATTAGA-1,Layer_5,3
AGGACGCTCGATGTTG-1,Layer_1,1
AGGACTTATAGGAGAA-1,Layer_3,5
AGGAGGCCTTCGCGCG-1,Layer_4,5
AGGATAAAGTCGGGAT-1,Layer_5,3
AGGATATAGGGATTTA-1,Layer_3,2
AGGATATCCGACTGCA-1,Layer_6,3
AGGATCACGCGATCTG-1,Layer_6,7
AGGCAAAGAGGAATCA-1,Layer_1,1
AGGCACGTGACTGTCC-1,Layer_4,5
AGGCAGATGCGTAAAC-1,Layer_2,6
AGGCAGGGAGCGTACT-1,Layer_6,3
AGGCATTGTCGTAGGG-1,Layer_3,5
AGGCCACCCGTTATGA-1,Layer_3,5
AGGCCCAGTGACTGGT-1,Layer_3,2
AGGCCCATTGTACAGG-1,Layer_2,6
AGGCCCTAGAACGCCA-1,Layer_6,3
AGGCCTATCATACCAA-1,WM,4
AGGCCTGAGAATCTCG-1,Layer_5,3
AGGCGGTTTGTCCCGC-1,WM,4
AGGCGTCTATGGACGG-1,Layer_1,1
AGGCTATGGTTAGCTT-1,Layer_3,5
AGGCTTCCCGAAGAAG-1,Layer_5,3
AGGCTTGCTAGACACC-1,Layer_4,2
AGGGAAACGAGGTACT-1,Layer_1,1
AGGGACAGCACGGCGG-1,Layer_1,1
AGGGACCGGCTGCGTT-1,Layer_3,6
AGGGACTCTACGCGAC-1,Layer_6,3
AGGGAGACATACTTCG-1,Layer_1,1
AGGGCAGCGGCGTGGT-1,Layer_1,1
AGGGCGAGCAGCTGAT-1,Layer_6,3
AGGGCGTGATCGGCTA-1,Layer_3,2
AGGGCTGCAGTTACAG-1,Layer_3,5
AGGGTCAGAGCACTCG-1,WM,4
AGGGTCAGTAACCCTA-1,Layer_1,1
AGGGTCGATGCGAACT-1,Layer_3,6
AGGGTGCCGTTCTTTA-1,WM,4
AGGGTGCTCTCGAGGG-1,Layer_3,2
AGGGTGGATAGTGCAT-1,Layer_5,3
AGGGTGTGCTACACGC-1,Layer_3,2
AGGGTTCAGACGGTCC-1,WM,4
AGGGTTCCCTTTGGTT-1,Layer_3,6
AGGGTTTAGTTCGGGA-1,Layer_3,5
AGGTAACCTCCTATTC-1,Layer_3,2
AGGTACGATATTGCCA-1,Layer_1,1
AGGTAGATCGAGATAT-1,WM,4
AGGTAGGTACAAAGCT-1,Layer_4,5
AGGTATAATTGATAGT-1,Layer_2,6
AGGTCAGGTGAGAGTG-1,Layer_6,7
AGGTCGCCACTTCGGT-1,Layer_1,1
AGGTCGCGGAGTTACT-1,Layer_1,1
AGGTGCACGTCCACAT-1,Layer_6,3
AGGTGGTGACCTTCGC-1,WM,7
AGGTGTATCGCCATGA-1,Layer_5,3
AGGTTACACCATGCCG-1,Layer_3,2
AGGTTGAGGCACGCTT-1,Layer_3,6
AGGTTTCACACACCTT-1,Layer_4,5
AGTAACGTTCATCCTG-1,Layer_1,1
AGTAACTATAGCAGCC-1,Layer_6,3
AGTAATCTAAGGGTGG-1,Layer_6,3
AGTAATGTCTTGCCGC-1,Layer_2,6
AGTACAGAAGCTTATA-1,Layer_6,7
AGTACATCATTTATCA-1,Layer_1,1
AGTACCTTCGAGTGCT-1,Layer_1,1
AGTACGGCCCGTATCG-1,Layer_5,3
AGTACGGGCACCTGGC-1,Layer_3,6
AGTACGTGGCCTGTCT-1,Layer_1,1
AGTACTCTTATGCCCA-1,Layer_5,5
AGTAGAAGGCGCCTCA-1,WM,7
AGTAGCGTGAACGAAC-1,Layer_1,1
AGTAGCTAGACGCCGA-1,Layer_2,6
AGTAGGAAGGAAGTTG-1,Layer_1,1
AGTAGGTAACATACAT-1,Layer_2,6
AGTATAATACTAGGCA-1,Layer_3,5
AGTATACACAGCGACA-1,WM,7
AGTATCCATAATAACG-1,Layer_2,6
AGTATGCTGGAGACCA-1,WM,7
AGTATTTGGCACGACC-1,Layer_6,3
AGTCAAATGATGTGAT-1,WM,4
AGTCAACACCACCATC-1,Layer_5,3
AGTCAAGATGACACTT-1,Layer_3,5
AGTCACTAGCTCTCGA-1,Layer_4,5
AGTCACTCCGCCTCAT-1,Layer_2,6
AGTCAGCCACCGCCTG-1,Layer_3,2
AGTCCAGCGGGTACGT-1,Layer_2,6
AGTCCATTGGCTGATG-1,Layer_3,2
AGTCCCGCCTTTAATT-1,Layer_1,1
AGTCGACGGTCTCAAG-1,Layer_3,2
AGTCGGCCCAAACGAC-1,Layer_3,5
AGTCGGCTCAACTTTA-1,Layer_6,7
AGTCGGTTGCGTGAGA-1,Layer_3,2
AGTCGTATAAAGCAGA-1,Layer_6,3
AGTCGTCGACCACCAA-1,Layer_5,5
AGTCGTGGGCATTACG-1,Layer_6,7
AGTCTAAAGTATACTC-1,Layer_1,1
AGTCTCACAAGACTAC-1,Layer_6,7
AGTCTGGACATCCTTG-1,Layer_3,2
AGTCTTCTCCTCAAAT-1,Layer_3,6
AGTCTTTAAAGTGTCC-1,Layer_6,7
AGTGAACAAACTTCTC-1,Layer_3,2
AGTGAAGATGGTGTCC-1,Layer_1,1
AGTGACCTACTTTACG-1,Layer_5,3
AGTGACTGTGACACAA-1,WM,4
AGTGAGACTTCCAGTA-1,Layer_3,2
AGTGAGCCTCGCCGCC-1,Layer_2,1
AGTGAGGGTTTCTGAC-1,Layer_1,1
AGTGAGTCGAATTAAC-1,Layer_5,3
AGTGATAACCTGCGCG-1,Layer_5,3
AGTGATATGAGTAGTT-1,Layer_5,3
AGTGATTCAAGCAGGA-1,Layer_3,2
AGTGCACGCTTAAGAA-1,Layer_4,5
AGTGCGTAGCTCGTAA-1,Layer_5,3
AGTGCTAAACACAGCA-1,Layer_5,3
AGTGCTTGCACGAATA-1,Layer_3,2
AGTGGCCCGCAAATGG-1,Layer_6,3
AGTGGCGGCAATTTGA-1,Layer_1,1
AGTGGCGTCTGAAGGT-1,Layer_5,3
AGTGGCTCCGTCGGCC-1,Layer_5,3
AGTGGTGTTACCCGTG-1,Layer_6,7
AGTGGTTGCGTATAGG-1,Layer_5,3
AGTGTATTGCGCATTG-1,Layer_1,1
AGTGTGCTAAGATCGC-1,Layer_3,2
AGTGTGGTCTATTGTG-1,Layer_3,2
AGTTAAACACTTGCGA-1,Layer_5,3
AGTTAAGCGGTCCCGG-1,Layer_1,1
AGTTAAGTCAACCGCT-1,Layer_6,7
AGTTACCCTTAAGACT-1,Layer_4,7
AGTTACCGCACATGGT-1,Layer_4,5
AGTTACTCTATCGTGG-1,Layer_1,1
AGTTATTGAAAGGTAA-1,Layer_1,1
AGTTCACCGGTTGGAC-1,Layer_3,7
AGTTCCTACAGAATTA-1,Layer_3,5
AGTTCCTATTTATGTT-1,Layer_4,5
AGTTCTGCGTTGTATC-1,Layer_3,2
AGTTGACATCGGCTGG-1,Layer_3,2
AGTTGACGGTCCTTGC-1,Layer_6,7
AGTTGCTGACTGATAT-1,Layer_3,2
AGTTGGCAAGGCTAGA-1,Layer_5,3
AGTTTCGCAGGTCGGA-1,Layer_1,1
AGTTTGCACCTGCCTC-1,Layer_5,3
AGTTTGGCACGGGTTG-1,Layer_3,2
AGTTTGGCCAGACCTA-1,Layer_6,3
ATAAACCATTGGACGG-1,Layer_1,1
ATAAACGGACCCGTAA-1,Layer_5,5
ATAAACGTTGCACCAC-1,Layer_4,5
ATAAAGGCTCGGTCGT-1,Layer_3,5
ATAAAGGTCAAGTACG-1,Layer_1,1
ATAAATATTAGCAGCT-1,Layer_5,3
ATAACGCCGGAGGGTC-1,Layer_3,2
ATAACGGAGTCCAACG-1,Layer_3,6
ATAACGTTACCTCCAC-1,Layer_2,1
ATAAGCAAACACCGAG-1,Layer_2,6
ATAAGGTGGAGAACAT-1,Layer_5,5
ATAAGTACCCGATTGT-1,Layer_2,6
ATAAGTAGGATTCAGA-1,Layer_1,1
ATAAGTAGGGCGACTC-1,Layer_3,6
ATAAGTTACCGCGACG-1,Layer_5,3
ATAATACCGTTAGCCG-1,Layer_3,2
ATAATAGCTGTTGAAT-1,Layer_5,5
ATAATAGTGTAGGGAC-1,Layer_3,2
ATAATCTTGGAGAACC-1,Layer_5,3
ATAATTAGCTAAGTAG-1,Layer_6,7
ATACAGGCCCTCCAAT-1,Layer_5,3
ATACCACGGGCAACTT-1,Layer_5,3
ATACCAGCAAATTGCT-1,Layer_1,1
ATACCAGGCTAATAGA-1,Layer_1,1
ATACCAGGTGAGCGAT-1,Layer_1,1
ATACCGTCATCCATAA-1,Layer_1,1
ATACCTAACCAAGAAA-1,Layer_6,3
ATACGACAGATGGGTA-1,Layer_3,2
ATACGCCGATCTACCG-1,Layer_1,1
ATACGCCGGCGAAACC-1,Layer_3,2
ATACGGAACGTCGTTT-1,WM,7
ATACGGGTTTCGATTG-1,Layer_2,6
ATACGGTGAAGATGCA-1,Layer_5,3
ATACGTACTTAGCCAC-1,Layer_5,3
ATACGTCCACTCCTGT-1,Layer_3,2
ATACGTTATGCACGGA-1,Layer_6,3
ATACTACCCGTACCAC-1,Layer_5,5
ATACTAGCATGACCCT-1,Layer_3,2
ATACTCTCGCCACTCT-1,Layer_3,2
ATACTGCCTTACACCG-1,Layer_5,3
ATACTTGTTCTCGAGC-1,Layer_5,3
ATAGACAACGGGACCT-1,Layer_2,6
ATAGACGAAGAGAAAG-1,Layer_3,5
ATAGAGTACTGGGACA-1,Layer_3,2
ATAGAGTTATCAACTT-1,Layer_2,6
ATAGATTTGCAGTCGG-1,Layer_1,1
ATAGCAACTAGGGAAG-1,Layer_5,3
ATAGCCTCAGTACCCA-1,Layer_3,2
ATAGCTGCTCTTGTTA-1,Layer_3,2
ATAGGAATCTAAGCTT-1,Layer_2,6
ATAGGCGGCTATAGAA-1,Layer_5,3
ATAGGCTAGCTTCGCA-1,Layer_1,1
ATAGGGATATCCTTGA-1,Layer_3,6
ATAGGTTGGGCAGATG-1,Layer_3,2
ATAGTCTTTGACGTGC-1,Layer_1,1
ATAGTGAAGCGTTCTC-1,Layer_4,5
ATAGTTCCACCCACTC-1,Layer_3,6
ATATAAAGCGCTCGTG-1,Layer_5,3
ATATAAATGTAGCTGC-1,Layer_5,3
ATATAACACGGGCGCA-1,Layer_5,3
ATATACGCTCGTGACG-1,Layer_5,3
ATATCAACCTACAGAG-1,Layer_3,6
ATATCGGTAGGGAGAT-1,Layer_3,2
ATATCGTGCCAGACCC-1,Layer_1,1
ATATCGTTCCTCGAAC-1,Layer_5,5
ATATCTCCCTCGTTAA-1,Layer_1,1
ATATCTTAGGGCCTTC-1,Layer_3,5
ATATGGGATAGCAACT-1,WM,4
ATATGTCTAGAGCGTG-1,WM,7
ATATGTCTCCCTAGCC-1,Layer_3,6
ATATGTGCACAAACCA-1,Layer_2,6
ATATTCAGTTAAACCT-1,Layer_5,3
ATATTCCACATAGTGA-1,Layer_5,5
ATATTCCCACAGGTCA-1,Layer_1,1
ATATTGCTGTCAAAGT-1,Layer_3,2
ATATTTAACCCTCAAG-1,Layer_3,5
ATCAAACACTGTTCCA-1,Layer_3,2
ATCAAACGAAGGTTTG-1,Layer_6,3
ATCAAGATCCCAGGAC-1,WM,7
ATCAATCTGGGCTGCA-1,Layer_3,2
ATCACATTAGAATATC-1,Layer_1,1
ATCACGTGCTAATTAA-1,Layer_5,3
ATCACTTCATCCTCGC-1,Layer_3,6
ATCAGACGGCACGCCG-1,Layer_5,3
ATCAGCCTCATGCTGC-1,Layer_5,3
ATCAGCTCGTCCACTA-1,WM,7
ATCAGGTCGCCATTGC-1,Layer_1,1
ATCAGTAGGCAGGGAT-1,Layer_2,1
ATCATAGCCCTATGTA-1,Layer_5,3
ATCATCCAATATTTGT-1,Layer_4,5
ATCATCTGCCCAGTGT-1,Layer_1,1
ATCCAACGCAGTCATA-1,Layer_3,5
ATCCAATGGAGGGTCC-1,Layer_5,3
ATCCAATGGTACCGAA-1,Layer_5,3
ATCCACATCGACAGAA-1,Layer_6,3
ATCCACGCTAAATGTT-1,Layer_1,1
ATCCACTTTCAGACTA-1,Layer_2,6
ATCCAGAGCAACAACC-1,Layer_5,3
ATCCAGGATTCGTGAA-1,Layer_5,5
ATCCCATTTCCGTGGG-1,WM,4
ATCCTACCTAAGCTCT-1,Layer_5,3
ATCCTGAATCGCTGCG-1,Layer_5,3
ATCCTGCGTGGAATGG-1,Layer_5,3
ATCCTGCTGCAGATAG-1,Layer_1,1
ATCGACCCAATACAGA-1,Layer_4,5
ATCGACTCTTTCCGTT-1,Layer_3,2
ATCGCACGATTGTTCA-1,Layer_3,2
ATCGCACGCCGGGAGA-1,Layer_3,2
ATCGCCAGTCAACATT-1,Layer_3,2
ATCGCTGCGTGCAGCA-1,Layer_1,1
ATCGGAGACAGACGGC-1,Layer_5,5
ATCGGCAAGCAGTCCA-1,Layer_1,1
ATCGGTTACCTAGTAA-1,Layer_5,3
ATCGTATTCCGAGAAC-1,Layer_5,3
ATCGTCCAATCGAGTC-1,Layer_3,2
ATCGTTAGCTAGCGGA-1,Layer_5,5
ATCGTTCACTTTCGCC-1,Layer_1,1
ATCTAACGTCCCTATG-1,Layer_3,5
ATCTAATATCCTACGG-1,Layer_5,3
ATCTACCATCTGCTCC-1,Layer_6,3
ATCTAGCTTGTGAGGG-1,Layer_6,7
ATCTCATAAACCTACC-1,Layer_3,6
ATCTCCCACGGAATAT-1,Layer_5,5
ATCTCCCTGCAATCTA-1,Layer_1,1
ATCTCGTGAGCGAAAC-1,Layer_3,2
ATCTGACATGGAAGGA-1,WM,7
ATCTGATAGTGTCTTA-1,Layer_3,2
ATCTGCACCTCTGCGA-1,Layer_2,6
ATCTGCTGTTATCGCC-1,WM,7
ATCTGGGCTGTTCTTG-1,Layer_6,3
ATCTGGTTAAGACTGT-1,Layer_3,2
ATCTGTAATTGTACCC-1,Layer_2,6
ATCTTATCGCACACCC-1,Layer_5,3
ATCTTGACCTGCAACG-1,Layer_3,5
ATCTTGACTTGTCCAA-1,Layer_1,1
ATCTTTCGTATAACCA-1,Layer_1,1
ATGAAGCCAAGGAGCC-1,Layer_3,2
ATGAAGTGGACCCAGC-1,Layer_5,3
ATGACGCCGGCTCTAA-1,Layer_2,6
ATGACGCGTTCTATCC-1,Layer_6,7
ATGACTATCAGCTGTG-1,WM,7
ATGACTATGCGACATT-1,Layer_4,5
ATGAGGAGTGTTAATC-1,Layer_3,5
ATGAGGGCAGCGGCTA-1,Layer_3,2
ATGATCGGGAATAGAC-1,Layer_3,6
ATGATGCAATGGTACA-1,Layer_5,3
ATGCACCTTCCTTAAT-1,Layer_4,7
ATGCACTACCGCATTG-1,Layer_3,5
ATGCATGATCCAGGAT-1,Layer_3,2
ATGCATTCCGTGATGG-1,Layer_1,1
ATGCCAATCGCTCTGC-1,Layer_1,1
ATGCCATTTGCGACCA-1,Layer_3,2
ATGCCGGTCTTGCATA-1,Layer_3,2
ATGCCGGTTGATGGGA-1,Layer_1,1
ATGCGACAATTGGTCC-1,Layer_1,1
ATGCGACAGTCCCATT-1,Layer_3,2
ATGCGAGTCCCACCAC-1,Layer_3,2
ATGCTCAGTGTTGCAT-1,Layer_3,2
ATGCTCTGGCGCGGTA-1,Layer_5,3
ATGCTTAGGAGTTGAT-1,Layer_4,5
ATGGAACAGAATAAAC-1,Layer_3,6
ATGGAGCAGGCCGTGA-1,Layer_3,5
ATGGATCCGGCGTCCG-1,Layer_1,1
ATGGATTGACCAAACG-1,Layer_3,2
ATGGCAGCCGAGAAAC-1,Layer_5,3
ATGGCTGGAAATGGCC-1,Layer_1,1
ATGGGAACGGAAGCGG-1,Layer_1,1
ATGGGACCTGCTGAAC-1,WM,4
ATGGGCCTCGGCCTCT-1,Layer_3,2
ATGGTATTGGGAACCG-1,WM,7
ATGGTCGCGTGGTTTC-1,Layer_3,2
ATGGTGCTCAAAGCCA-1,Layer_1,1
ATGGTTACGAAACATG-1,Layer_2,6
ATGTAAGGCTGCTCTT-1,Layer_2,1
ATGTACATGCGGTGAG-1,Layer_5,3
ATGTACGATGACGTCG-1,Layer_6,7
ATGTAGCGCGCGTAGG-1,Layer_6,7
ATGTCATTTCCCATTG-1,Layer_3,7
ATGTGAAAGCCTAATG-1,Layer_6,7
ATGTGCATCCGACGCA-1,Layer_3,2
ATGTGGACATCTTGAT-1,Layer_4,5
ATGTGTAGTTTAGTCA-1,Layer_1,1
ATGTTACGAGCAATAC-1,Layer_3,2
ATGTTCCTGCCCACCT-1,Layer_3,2
ATGTTCGTCGACCCAC-1,Layer_5,3
ATGTTGATTAGAGACT-1,Layer_6,3
ATGTTGTAGTCTGTTT-1,WM,7
ATGTTTGTAAGATCAT-1,Layer_2,6
ATTAAACATGCGGACC-1,Layer_4,5
ATTAACACCTGAGATA-1,Layer_4,7
ATTAATACTACGCGGG-1,Layer_3,6
ATTAATGAACCAGTCG-1,Layer_2,6
ATTAATTCGGTCACTC-1,Layer_1,1
ATTACAACTACCGGCC-1,Layer_1,1
ATTACATGTCAGTCTT-1,Layer_3,2
ATTACCACACTGCCTG-1,Layer_3,2
ATTACGACTCCACAGT-1,Layer_1,1
ATTACGCGCTGGCAGG-1,Layer_5,3
ATTACTAGCCTCTTGC-1,Layer_3,2
ATTACTTACTGGGCAT-1,Layer_1,1
ATTAGATTCCTCAGCA-1,Layer_1,1
ATTAGATTGATAGCGG-1,Layer_3,2
ATTAGGCGATGCTTTC-1,Layer_3,2
ATTATACTTTGCTCGT-1,Layer_1,1
ATTATAGCTACTTTAC-1,Layer_2,6
ATTATCGGAATGTACG-1,WM,4
ATTATCTCGACAGATC-1,Layer_1,1
ATTATGCCATAGGGAG-1,Layer_3,2
ATTATGCTCAGTATTG-1,Layer_3,6
ATTATTATGTCCGTCA-1,WM,7
ATTATTCAGAGTCACT-1,Layer_6,3
ATTCAACCATTTAAGG-1,Layer_5,5
ATTCACTGATGTTGGA-1,Layer_5,3
ATTCAGATGAATCCCT-1,Layer_3,6
ATTCAGGACCTATTTC-1,Layer_1,1
ATTCAGGATCGCCTCT-1,Layer_1,1
ATTCAGTAGCAGGGTC-1,Layer_4,5
ATTCATATACTGTCCA-1,Layer_5,5
ATTCATCGTTGAGGCA-1,Layer_5,3
ATTCCCACATAAACAA-1,Layer_3,5
ATTCCTAAGACGTGGA-1,Layer_1,1
ATTCCTCCGCCAGTGC-1,Layer_3,5
ATTCCTTCCAGGCGGT-1,Layer_3,2
ATTCGACGCCGGGCCT-1,Layer_5,3
ATTCGCAGAGGACACT-1,Layer_1,1
ATTCGCGCCTTGAGAG-1,Layer_5,3
ATTCGTGCTATCTCTT-1,Layer_3,2
ATTCTCGTCTCTTTAG-1,Layer_2,6
ATTCTGAGTATGAACT-1,Layer_1,1
ATTCTTCGTACTTATG-1,Layer_1,1
ATTGAAGATCTTAGTG-1,Layer_3,5
ATTGACCGGCGATGAC-1,Layer_1,1
ATTGACGTAACTCGGT-1,Layer_1,1
ATTGATAGCAACGAGA-1,Layer_3,2
ATTGATGAGTCCTAAC-1,Layer_3,6
ATTGCCTTTATGTTTG-1,Layer_6,3
ATTGCGATCAGTAACT-1,Layer_4,5
ATTGCTGCTCCTCCAT-1,Layer_4,5
ATTGGATTACAGCGTA-1,Layer_4,5
ATTGGGAATATCTTGG-1,Layer_2,6
ATTGGGAGTTCTGTAA-1,Layer_2,6
ATTGGTAGGATCCGCT-1,Layer_5,7
ATTGGTTGTGCATTAC-1,Layer_6,3
ATTGTACAACTCGGCT-1,Layer_3,6
ATTGTCGCAATACCTT-1,Layer_1,1
ATTGTCTGTTTCATGT-1,WM,4
ATTGTGACTTCGCTGC-1,Layer_1,1
ATTTAACTCGTATTAC-1,Layer_2,6
ATTTACAGTTTACTGG-1,Layer_3,5
ATTTACTAAGTCCATT-1,Layer_1,1
ATTTATACTGGTAAAG-1,WM,7
ATTTCATTATTTCGCG-1,Layer_1,1
ATTTCCGGGTTCTGCG-1,Layer_6,7
ATTTGCCTAGTTACGA-1,Layer_1,1
ATTTGCGCGAGTAGCT-1,Layer_6,7
ATTTGTCTTGGGAGCT-1,Layer_3,2
ATTTGTTCCAGGGCTC-1,Layer_2,6
CAAACCAGGTCTGCAT-1,Layer_6,7
CAAACCCTCCGGCGGG-1,WM,7
CAAACGAGTATCGCAG-1,Layer_5,3
CAAACGGTCGCACTTT-1,Layer_3,5
CAAACGTGGTCTTGCG-1,Layer_1,1
CAAACTACGATAGAGA-1,Layer_1,1
CAAACTATTGAGCTTC-1,Layer_1,1
CAAACTCGCGACGCCG-1,Layer_3,2
CAAAGATTATTGGGCC-1,WM,7
CAAAGGTTAAATTCAG-1,Layer_3,6
CAAAGTCAGGTTAGCT-1,Layer_3,2
CAAATCTCTCACAAGG-1,Layer_6,3
CAAATGCGGAGTGTTC-1,Layer_1,1
CAAATGTCCTTCCGTG-1,Layer_5,3
CAAATTGGATTATGCC-1,Layer_1,1
CAAATTGTCAGCAAGC-1,Layer_1,1
CAACACATCTCCTGCC-1,Layer_1,1
CAACAGAATAACGCTA-1,Layer_2,6
CAACAGTGCCAAACGG-1,Layer_1,1
CAACATGGCCTGATAA-1,Layer_3,2
CAACCAGTGGCCTACC-1,Layer_5,3
CAACCGCACCTAGACA-1,Layer_3,5
CAACCTACCGAGCAGT-1,Layer_5,5
CAACGACCCGTTTACA-1,Layer_3,2
CAACGGTTCTTGATAC-1,Layer_3,2
CAACGTGGTGGAGTCT-1,Layer_4,5
CAACTATATCGAATGC-1,Layer_1,1
CAACTCCAACGTTTAG-1,Layer_1,1
CAACTCCGTAACTTGC-1,Layer_1,1
CAACTCCTTGATCCCG-1,Layer_3,2
CAACTGAGGGTATGAC-1,Layer_2,6
CAACTGCTCATCCGAT-1,Layer_6,3
CAACTTGTAGTGGGCA-1,Layer_2,6
CAAGAAACCCTAAACT-1,Layer_3,6
CAAGAGGGCGGAGTAC-1,Layer_4,5
CAAGATATTATAACGT-1,Layer_3,2
CAAGCAACGTCGGAGT-1,Layer_4,5
CAAGCACCAAATGCCT-1,Layer_2,6
CAAGCGGCACATAATT-1,Layer_5,3
CAAGGATCGCATGTTC-1,Layer_3,5
CAAGGCCAGTGGTGCA-1,Layer_5,3
CAAGGGAGTGTATTTG-1,Layer_1,1
CAAGGTCCTATAGGCT-1,Layer_2,6
CAAGTAAGTGATAGAC-1,WM,4
CAAGTGAACTTTGGTT-1,Layer_1,1
CAAGTGTGGTTGCAAA-1,Layer_3,2
CAATAAACCTTGGCCC-1,Layer_3,2
CAATACGAGAGTCTGA-1,Layer_3,2
CAATACGCTCTGAGGC-1,Layer_5,3
CAATATGTAGATTTAC-1,Layer_2,6
CAATATTCTTGACCTA-1,Layer_6,7
CAATATTGGACTAGTG-1,Layer_3,2
CAATCCATTATCCGTT-1,Layer_2,6
CAATCCCTATACCAGC-1,Layer_1,1
CAATCCTGCCGTGGAG-1,Layer_3,2
CAATGACCCTTAATTT-1,WM,7
CAATGAGGTTCGACTA-1,Layer_1,1
CAATGCGAGAAGTATC-1,Layer_5,3
CAATGGAATCTACATA-1,Layer_1,1
CAATGGATCTCTACCA-1,Layer_3,6
CAATGGTCGGCCTGGG-1,Layer_1,1
CAATGTGCCAACCCTT-1,Layer_2,6
CAATTAAGGGTGATGA-1,Layer_3,2
CAATTTCGTATAAGGG-1,Layer_3,5
CAATTTGACCGGGAAG-1,Layer_3,2
CACAAGAAAGATATTA-1,Layer_1,1
CACAATGAGCTGCTAT-1,Layer_5,3
CACACACGCTAACGAG-1,Layer_4,5
CACACAGCTTGCGCTC-1,Layer_3,2
CACACAGGGATAGATT-1,Layer_3,5
CACACGCGCTGTCTTA-1,Layer_3,2
CACACGTTTCAATGGG-1,Layer_1,1
CACACTTGTATTGCGA-1,Layer_2,1
CACAGCACCCACGGCA-1,Layer_3,2
CACAGCTAGGGAGTGA-1,Layer_3,2
CACAGGGCCATATAGT-1,Layer_5,5
CACAGGGCCGTTGTCA-1,Layer_6,7
CACAGTCCCGCTTCGC-1,Layer_5,3
CACAGTTCGCTTCCCA-1,Layer_3,5
CACATAAGGCGACCGT-1,Layer_1,1
CACATATTAGCAGGAT-1,Layer_4,5
CACATCGTGCACGCGC-1,WM,7
CACATCTCACCGACGA-1,Layer_5,3
CACATGATTCAGCAAC-1,Layer_3,5
CACATGTTTGGACATG-1,Layer_3,2
CACATTCTTTCGATGG-1,Layer_1,1
CACATTTCTTGTCAGA-1,Layer_3,2
CACCACGCCACACAGA-1,Layer_6,3
CACCAGTCAGCATGCA-1,WM,4
CACCATCGGAGGAGAC-1,Layer_1,1
CACCATGATCGCAAAG-1,Layer_1,1
CACCCAAATCTTATGT-1,Layer_3,6
CACCCACACGTCACCC-1,Layer_3,2
CACCCACGAGGCAATT-1,Layer_1,1
CACCCGGTTTGTGACT-1,Layer_6,7
CACCCTAACAAGATCT-1,Layer_5,3
CACCCTTGGTGAGACC-1,WM,7
CACCCTTTCCTCGCTC-1,Layer_2,6
CACCGATACACCGAGC-1,Layer_1,1
CACCGCCAGAAGGTTT-1,Layer_3,2
CACCGCCGACCAGCGA-1,Layer_1,1
CACCGCGTCCACTCTA-1,Layer_1,1
CACCGGAGATATCTCC-1,Layer_1,1
CACCGGGCATCACAAG-1,Layer_6,3
CACCGTATCCCATCCG-1,Layer_3,5
CACCGTTAGGGATCAC-1,Layer_6,7
CACCGTTGCGCGATAT-1,Layer_6,7
CACCTAATAGAGTCGT-1,Layer_3,2
CACCTAATCAGTTTAC-1,Layer_2,6
CACCTCGATGGTGGAC-1,Layer_2,6
CACCTCTACGAGTGTG-1,Layer_3,2
CACCTTGCGAAACTCG-1,Layer_2,6
CACCTTGGCGCCTTTG-1,Layer_3,2
CACGAAAGTTAGTCCC-1,Layer_4,3
CACGACCACAGACTTT-1,Layer_2,6
CACGACGTAATAGTAA-1,Layer_2,6
CACGACTAAAGTTCTG-1,Layer_1,1
CACGATTGGTCGTTAA-1,Layer_1,1
CACGCACAGCGCAGCT-1,Layer_3,6
CACGCAGCGAGGCTTT-1,Layer_3,5
CACGCGGAACTGTTGC-1,Layer_3,2
CACGGCGCGCCAAAGG-1,Layer_1,1
CACGGGATTGAGGGTT-1,Layer_5,3
CACGTCAATCAATGGA-1,Layer_5,3
CACGTCGGCAACCTCT-1,Layer_6,3
CACGTCGGGTTCTAGA-1,Layer_3,7
CACGTCTATGATGTGG-1,Layer_1,1
CACGTTCGTGCTCTAG-1,Layer_3,2
CACGTTTCGTACACAC-1,Layer_5,5
CACTAAAGTTGCCTAT-1,Layer_3,5
CACTACGGGAGCTGCC-1,Layer_5,5
CACTACTCAGTTCTGT-1,Layer_1,1
CACTCAAGAGCTATGG-1,Layer_4,5
CACTCAGCTCTTGAGG-1,Layer_1,1
CACTCCTATGTAAGAT-1,Layer_6,7
CACTCCTCTCGGTCGG-1,Layer_1,1
CACTCGAGCTGAACAA-1,Layer_4,5
CACTCGGTTAGGAGGA-1,Layer_5,3
CACTCTCAAGCATCGA-1,WM,4
CACTCTTCTGCTAGCC-1,Layer_5,5
CACTGACGATTGTGGA-1,WM,7
CACTGTCCAAGTGAGA-1,Layer_3,2
CACTTAATCAGACGGA-1,Layer_3,5
CACTTCGCCACAGGCT-1,Layer_3,2
CACTTCGTCTTATCTC-1,Layer_3,2
CAGAACTTAGCCCTCT-1,Layer_4,5
CAGAATAACACACGGA-1,Layer_4,5
CAGACACCGATCGCTG-1,Layer_5,3
CAGACCTGTAAGTGTT-1,Layer_2,6
CAGACGAACCTGATAC-1,Layer_5,3
CAGAGACGGTCACCCA-1,Layer_5,3
CAGAGCATGAGCTTGC-1,Layer_3,2
CAGAGGCGATGCATGA-1,Layer_6,3
CAGAGTGATTTAACGT-1,Layer_1,1
CAGATAATGGGCGGGT-1,Layer_5,3
CAGATACTAACATAGT-1,Layer_3,5
CAGATCATTTAAAGTC-1,Layer_1,1
CAGATCCTGGTTTGAA-1,WM,7
CAGCAGCCCGTTCCTT-1,Layer_3,2
CAGCAGTCCAGACTAT-1,Layer_3,2
CAGCAGTCTGTGCTGC-1,Layer_6,3
CAGCCCTCACAGGCAG-1,Layer_1,1
CAGCCGGGCCCTCTAT-1,Layer_1,1
CAGCCTCCTGCAGAGG-1,Layer_2,6
CAGCCTCTCCTCAAGA-1,Layer_1,1
CAGCGATTCCCTTCAA-1,Layer_6,3
CAGCGCCAACACGATA-1,Layer_5,3
CAGCTCACTGAGACAT-1,Layer_3,5
CAGCTCGACAAGTTAA-1,Layer_2,6
CAGCTCGTGCTTGTGT-1,Layer_3,2
CAGCTGGCGTAACCGT-1,Layer_6,7
CAGCTTAGTAGGTAGC-1,Layer_4,3
CAGGAAGACTTTATAT-1,Layer_1,1
CAGGATATATCGTTGT-1,Layer_4,5
CAGGATCCGCCCGACC-1,Layer_1,1
CAGGCAGTCTTACCAG-1,Layer_6,3
CAGGCCGTTTGGGTGT-1,Layer_4,5
CAGGCGCACGGTGGTC-1,WM,7
CAGGCGCCATGCTAGG-1,Layer_4,5
CAGGTTTAGTACTACA-1,Layer_1,1
CAGTAACTATTTATTG-1,Layer_1,1
CAGTAATCCCTCCCAG-1,Layer_3,2
CAGTACATTCTCTAAA-1,Layer_1,1
CAGTACCAGTTTACGT-1,Layer_6,7
CAGTAGATGATGTCCG-1,Layer_3,7
CAGTAGCCCACGCGGT-1,Layer_2,1
CAGTAGCGAGGTAGTA-1,Layer_2,6
CAGTCCAACGCCTTCT-1,Layer_2,6
CAGTCGAGGATGCAAT-1,Layer_1,1
CAGTCGGCCTAGATAT-1,Layer_6,7
CAGTCTCTCGGCTAAT-1,Layer_2,6
CAGTCTGTATACTGGG-1,Layer_4,5
CAGTGAATAAATGACT-1,Layer_2,6
CAGTGGTTGCACATGA-1,Layer_3,2
CAGTGTCCGCAGAATG-1,Layer_3,2
CAGTGTCGGCTGGCCC-1,Layer_4,5
CAGTTCAAATTGACAC-1,Layer_3,5
CAGTTCCGCGGGTCGA-1,Layer_3,5
CAGTTCGAGGACCCGA-1,WM,4
CATAACGGACAGTCGT-1,Layer_3,6
CATAAGAAGCTTGGCT-1,Layer_5,3
CATAAGCTCTCCGTCT-1,Layer_6,3
CATAATGAGCGGGCGA-1,Layer_1,1
CATACAAAGCCGAACC-1,Layer_3,2
CATACACGGTTCCCAC-1,Layer_6,7
CATACCCGTACCCAGT-1,Layer_5,3
CATACGAACTAGCTGG-1,WM,4
CATACGGCGTCTGGGC-1,Layer_3,5
CATACGGGTGCATGAT-1,Layer_3,6
CATACTATGTAATTGT-1,Layer_4,5
CATACTTAGGCAATAC-1,Layer_3,6
CATACTTCTTTCTCCG-1,WM,4
CATAGAGGAGATACTA-1,Layer_6,7
CATAGCCGCCCGGGAT-1,Layer_4,5
CATAGCGTTGCCCACC-1,Layer_6,3
CATAGTACATTGAGAG-1,Layer_1,1
CATAGTAGCATAGTAG-1,Layer_3,2
CATAGTCAAATACATA-1,Layer_5,3
CATAGTCCACAAGAAC-1,Layer_5,3
CATATACTACTGATAA-1,Layer_1,1
CATATAGGTACAGTCA-1,Layer_5,5
CATATGTCAGGCTACG-1,Layer_6,7
CATATTATTTGCCCTA-1,Layer_1,1
CATCAAACTGGCGCCC-1,Layer_1,1
CATCAACACCTACTAA-1,Layer_3,2
CATCATCTACCCGGAC-1,Layer_1,1
CATCATTACCCTGAGG-1,Layer_4,5
CATCCCGAGATTCATA-1,Layer_5,3
CATCCGCAGGCCCGAA-1,Layer_3,2
CATCCTCTCAAAGATC-1,Layer_4,5
CATCGAATGGATCTCT-1,Layer_2,6
CATCGCCCGCGGCCAA-1,Layer_3,2
CATCGGACGGGTTAAT-1,Layer_4,5
CATCGTCCGGTTACTA-1,Layer_4,2
CATCTACCCGAGAACG-1,Layer_2,6
CATCTATCCCGTGTCT-1,Layer_1,1
CATCTGCAGGATCATT-1,Layer_5,3
CATCTTACACCACCTC-1,Layer_3,6
CATGAACCGACATTTG-1,Layer_3,6
CATGAACCTCTTATCA-1,Layer_1,1
CATGACTTCGCTGAAT-1,Layer_3,2
CATGAGATGCACTCTC-1,Layer_5,3
CATGATACGGTGAAAC-1,WM,7
CATGATCGCTTTGAGA-1,Layer_5,3
CATGATGCACAATTCT-1,Layer_3,6
CATGATGGAAGTTAGC-1,Layer_3,2
CATGCACGTGTTACTG-1,Layer_1,1
CATGCATGGAGACCCT-1,Layer_1,1
CATGCCAACTCGCAAA-1,Layer_6,3
CATGCGACCAGTTTAA-1,Layer_1,1
CATGCGTTAGACAGAA-1,Layer_2,6
CATGCTGGCTCCAATT-1,Layer_1,1
CATGGAAATGGGACCA-1,Layer_1,1
CATGGATTGTCTTCCG-1,Layer_4,5
CATGGCAGGAAGATCG-1,Layer_3,6
CATGGCTCCCTATGTC-1,Layer_5,7
CATGGGTATGCCTTAT-1,Layer_5,3
CATGGGTCGGGTGTGG-1,Layer_1,1
CATGGTAAGTAGCGTT-1,Layer_4,5
CATGGTCTAGATACCG-1,Layer_3,2
CATGGTTTATTAATCA-1,Layer_6,3
CATGTAAGAGACATTT-1,Layer_4,5
CATGTAGGAGCGCCAA-1,Layer_1,1
CATGTCTCATTTATGG-1,Layer_4,5
CATGTGGGCTCATCAC-1,Layer_6,3
CATTACATAGATTGTG-1,Layer_1,1
CATTACGCAGGAAGGG-1,Layer_6,3
CATTACGTCGGCCCGT-1,Layer_2,6
CATTATAACAGGGTCC-1,Layer_1,1
CATTATCCCATTAACG-1,WM,4
CATTATGCTTGTTGTG-1,Layer_3,2
CATTCACTGACAGCTA-1,Layer_1,1
CATTCAGGTCAGTGCG-1,Layer_2,6
CATTCCCATTCCGTCG-1,Layer_1,1
CATTCCCTAAGTACAA-1,Layer_3,2
CATTGATGAACACGCC-1,Layer_1,1
CATTGCAAAGCATAAT-1,Layer_1,1
CATTGCGAAATGGGCG-1,Layer_5,3
CATTGCGGGTCAATTC-1,Layer_1,1
CATTGTGTGCTAGATC-1,Layer_3,2
CATTTAGCGGACCATG-1,Layer_2,6
CATTTATCGTTCAAGA-1,Layer_1,1
CATTTCTAGCAGACTA-1,Layer_3,2
CATTTGAGTGGTACGT-1,Layer_5,3
CCAAACAGAACCCTCG-1,Layer_3,2
CCAAAGCAGTTGGTTG-1,Layer_3,2
CCAAAGTCCCGCTAAC-1,Layer_1,1
CCAAATAACAAGATTC-1,Layer_3,5
CCAACCTTATGTAACT-1,WM,4
CCAACGATGCACTGAT-1,Layer_4,5
CCAACGCTTGCCAGGG-1,Layer_1,1
CCAAGAAAGTGGGCGA-1,Layer_5,3
CCAAGACTTCTGCGAA-1,Layer_3,6
CCAAGCGTAACTCGTA-1,Layer_3,2
CCAAGCTTGATCTCCT-1,Layer_1,1
CCAAGGAACAGAGAGG-1,Layer_3,6
CCAAGGTTGCCCTTTC-1,Layer_6,3
CCAAGTTTCTACAGAT-1,Layer_3,2
CCAATAGATTTCATCT-1,Layer_5,3
CCAATAGTGCCGTCGA-1,Layer_4,5
CCAATCGGTAGATCGA-1,Layer_1,1
CCAATGTCACAGCAAG-1,Layer_4,5
CCAATTACGGGTCGAG-1,Layer_1,1
CCAATTGAATGTTAAT-1,Layer_3,2
CCACAATGTACGTCTT-1,Layer_3,6
CCACACTGAGATATTA-1,Layer_4,5
CCACAGCTGAAATCAT-1,Layer_3,6
CCACAGTACCCATCCT-1,Layer_3,5
CCACATACTGCACCCA-1,Layer_3,5
CCACCAACTTTACTGT-1,Layer_6,3
CCACCCAAGGAAAGTG-1,Layer_3,2
CCACGAATTTAACCTC-1,Layer_3,2
CCACGAGAAGAGAATC-1,Layer_1,1
CCACGGAGCCATAAGA-1,Layer_6,7
CCACGGTGCCCGGTAG-1,Layer_3,6
CCACTAAACTGAATCG-1,Layer_2,6
CCACTATCCGGGTCAC-1,Layer_1,1
CCACTCAGATCCGCAA-1,Layer_6,7
CCACTGGTGGCTGGTT-1,Layer_5,3
CCACTGTTTGGATTAA-1,Layer_4,5
CCAGAAACTGATGCGA-1,Layer_5,3
CCAGAAAGCAACTCAT-1,Layer_6,3
CCAGAGACAAAGCCGG-1,Layer_3,2
CCAGATAGTTGAGTGA-1,Layer_3,6
CCAGATGTAAATGGGT-1,Layer_1,1
CCAGCCTGGACCAATA-1,Layer_3,5
CCAGCTACGCCTCATA-1,Layer_3,6
CCAGCTCGAACGCATT-1,Layer_6,3
CCAGCTGATGGTACTT-1,Layer_5,3
CCAGCTTCCGCCCGCA-1,Layer_4,5
CCAGGGACGTGGCCTC-1,Layer_3,2
CCAGTAGTCTGATCCA-1,Layer_2,6
CCAGTCAAATCTCTTA-1,Layer_6,7
CCAGTCCATTATTCGA-1,Layer_3,2
CCAGTCTAGACGGCGC-1,Layer_2,6
CCAGTCTTGTCATAGA-1,Layer_6,3
CCAGTTCGGTAACTCA-1,Layer_6,3
CCATAAACAACCCGAC-1,Layer_1,1
CCATACCTTTACTTGT-1,Layer_2,6
CCATACTCGCCTCTCC-1,Layer_5,3
CCATAGGTTGGCGTGG-1,Layer_2,6
CCATAGTCAGTAACCC-1,Layer_3,2
CCATATGGAAACTATA-1,Layer_4,5
CCATATTGGATCATGA-1,Layer_3,2
CCATCATAAGAACAGG-1,Layer_3,6
CCATCCATACCAAGTC-1,Layer_3,2
CCATCGCAGTTAAACT-1,Layer_5,3
CCATCTCACCAGTGAA-1,Layer_3,6
CCATCTTGTTCACAAT-1,Layer_2,6
CCATGCCCTAGATTTC-1,Layer_4,5
CCATGCCTGTTTAGTA-1,Layer_3,5
CCATGCTCTGCAGGAA-1,Layer_3,2
CCATGGCCCTTGTACC-1,Layer_5,3
CCATTAGCGATAATCC-1,Layer_3,5
CCATTCCCTGCCCACA-1,Layer_4,5
CCATTTCTACCTATTA-1,Layer_5,3
CCCAAACATGCTGCTC-1,Layer_3,2
CCCAACATACGTCGCG-1,Layer_5,3
CCCAACCACACTAACA-1,Layer_1,1
CCCAAGAATGCACGGT-1,Layer_1,1
CCCAAGACAGAGTATG-1,Layer_1,1
CCCAAGTCATTACACT-1,Layer_6,3
CCCAATGAGATTTGCA-1,WM,7
CCCAATTTCACAACTT-1,Layer_5,3
CCCAGAGGAGGGCGTA-1,Layer_1,1
CCCAGGAAGAATTCGA-1,WM,7
CCCAGGTCTGAAGGCT-1,Layer_3,5
CCCAGTAAACTTGGGA-1,WM,7
CCCAGTTAAGGCGCCG-1,Layer_3,2
CCCATATAGGTCGATT-1,Layer_5,3
CCCGAAGTTTCGCGAA-1,Layer_6,7
CCCGACCATAGTCCGC-1,Layer_2,6
CCCGAGTTTCTCCGTA-1,Layer_3,2
CCCGCAGCGCGAACTA-1,Layer_5,5
CCCGCAGGGCCCAAAG-1,Layer_1,1
CCCGCCATGCTCCCGT-1,Layer_3,2
CCCGCGCAATGCACCC-1,Layer_3,2
CCCGCTAGAGGGTTAA-1,Layer_1,1
CCCGCTTGCCCTCGTC-1,Layer_1,1
CCCGGGTCGTTCAGGG-1,WM,7
CCCGGTGGAAGAACCT-1,Layer_4,5
CCCGGTGTATCGGAAT-1,WM,7
CCCGTAAGTCTAGGCC-1,Layer_5,3
CCCGTAGCTGGGAAGA-1,Layer_6,7
CCCGTCAGCGTCTGAC-1,Layer_3,2
CCCGTGAGGGCGGTGA-1,Layer_6,7
CCCGTTTCGCAGATGT-1,Layer_3,5
CCCTACCCACACCCAG-1,Layer_6,3
CCCTACTTGAACAATG-1,Layer_6,7
CCCTAGTGTCAGGTGT-1,Layer_3,2
CCCTATGTAGAGCAGA-1,WM,4
CCCTCAAGCTCTTAGT-1,Layer_4,7
CCCTCATTCTGGAATT-1,Layer_3,2
CCCTCCTCGCTCGTAT-1,Layer_3,2
CCCTCGATAATACACA-1,WM,4
CCCTCGGGAGCCTTGT-1,Layer_1,1
CCCTGAAATGAGTTGA-1,Layer_3,5
CCCTGACTAACAAATT-1,Layer_5,3
CCCTGATGTAACTCGT-1,Layer_3,2
CCCTGCCCAATCCGCT-1,Layer_5,3
CCCTGCGCTACGCATA-1,Layer_5,3
CCCTGGTATGGGCGGC-1,Layer_1,1
CCCTGTTGGCAAAGAC-1,Layer_3,2
CCCTTCTCGTACGCGA-1,Layer_1,1
CCCTTTAATGGAGTTC-1,Layer_5,3
CCCTTTGACAGGTCTT-1,Layer_5,3
CCGAAAGTGGTGAGCA-1,Layer_3,2
CCGAACACTGGGCCTC-1,Layer_6,3
CCGAACCTTCCCGGCC-1,Layer_5,5
CCGAAGTATATTGTTC-1,Layer_3,2
CCGACAAACACATGAG-1,Layer_3,2
CCGACAAAGGGAGTGC-1,Layer_5,3
CCGACAATAGGCCGCC-1,Layer_4,5
CCGACGGGCATGAGGT-1,WM,7
CCGACGTAAACACAAC-1,Layer_1,1
CCGACTCGCATAGTCT-1,Layer_1,1
CCGAGAAGTCGCATAA-1,Layer_3,2
CCGAGCTGTGCTTGTC-1,Layer_1,1
CCGAGGGATGTTAGGC-1,Layer_1,1
CCGATCTCAACCTTAT-1,Layer_3,6
CCGATCTTAAGAGGCT-1,Layer_2,6
CCGATTCGAGGGACCC-1,Layer_5,3
CCGATTGGTCAATGAA-1,Layer_2,6
CCGCACAAAGACCAAC-1,Layer_3,2
CCGCACGTGACCTCGG-1,Layer_4,5
CCGCACTTGCAATGAC-1,Layer_6,3
CCGCATGTGGTACGAT-1,Layer_5,3
CCGCCACCACAATCCA-1,Layer_1,1
CCGCCGGTCAACACAC-1,Layer_2,6
CCGCCGTTGAGGATAA-1,Layer_3,2
CCGCCTGCGAATTGGT-1,Layer_1,1
CCGCCTTGCGATGTCG-1,Layer_6,7
CCGCGATTTGGTAGGT-1,Layer_5,3
CCGCGGAATGCGTCAC-1,Layer_5,3
CCGCGGGTACGAAGAA-1,Layer_4,3
CCGCGTAGGTAAGGGC-1,Layer_4,5
CCGCTATCAGCACCAG-1,Layer_4,5
CCGCTCCAGGGCGATC-1,WM,7
CCGCTCTTCCGAACTA-1,Layer_5,3
CCGCTGGTGCCATTCA-1,Layer_1,1
CCGCTTACCTCACTCT-1,Layer_5,3
CCGCTTCGCGGTTAAC-1,Layer_1,1
CCGCTTGCTGACATGG-1,Layer_1,1
CCGGAATGGTTTCAGT-1,Layer_3,5
CCGGAGCGTACTTTCT-1,Layer_6,3
CCGGAGGTCTTATGGT-1,Layer_1,1
CCGGCACGACCGTTTC-1,Layer_2,6
CCGGCGCATATTGGAT-1,Layer_2,6
CCGGCGTGAGACTCTG-1,Layer_6,7
CCGGGACCCGCAGAGA-1,Layer_3,6
CCGGGCGGTCTCGTCA-1,Layer_3,2
CCGGGCTGCTCCATAC-1,Layer_3,2
CCGGGTTCGAGGTTAC-1,Layer_5,3
CCGGTAATGGCTAGTC-1,Layer_3,6
CCGGTTTGTAATTGTG-1,Layer_6,7
CCGTAAGTTGGTCCCA-1,Layer_3,2
CCGTACCCAAGCGCCA-1,Layer_3,2
CCGTAGGAAATCCCTG-1,Layer_5,3
CCGTAGGGTTGTTTAC-1,Layer_5,5
CCGTATCTCGTCGTAG-1,WM,7
CCGTATTAGCGCAGTT-1,Layer_1,1
CCGTGAGGCATTCATG-1,Layer_2,6
CCGTGCCCATGACGGC-1,Layer_2,6
CCGTGGAACGATCCAA-1,Layer_1,1
CCGTGTTAAATTCCAT-1,Layer_5,3
CCGTTACGTTAGAACA-1,Layer_1,1
CCGTTCCGAATCTCGG-1,Layer_5,3
CCTAAACAGGGTCCGT-1,Layer_1,1
CCTAAAGGCTGACGCT-1,Layer_1,1
CCTAAATTAACGGTTC-1,Layer_4,5
CCTAAATTGTATCCTA-1,Layer_3,5
CCTAACCCAAACAAGT-1,Layer_4,5
CCTAACTAAGGCTCTA-1,Layer_1,1
CCTAAGTGTCTAACCG-1,Layer_1,6
CCTACAAGTCCGGAAT-1,Layer_1,1
CCTACAGTTGAGGGAG-1,WM,3
CCTACATTCACAGACG-1,Layer_6,7
CCTACGCGACCTTACA-1,Layer_1,1
CCTACGGCTCAGTCGA-1,Layer_3,2
CCTACTCAACACGATT-1,Layer_5,3
CCTACTGCGGCGGCCA-1,Layer_1,1
CCTACTGCTTACACTT-1,Layer_3,5
CCTAGGCGTAGCGATC-1,Layer_3,2
CCTAGGTAAAGGTAGC-1,WM,7
CCTAGTTAGTCGCATG-1,Layer_1,1
CCTATAATGAGTGCCC-1,Layer_5,3
CCTATACCGTCCTGTC-1,Layer_6,3
CCTATATTTGTCCTGG-1,Layer_6,7
CCTATCTATATCGGAA-1,Layer_1,1
CCTATGAAGTGGTGCC-1,Layer_3,6
CCTATGGCTCCTAGTG-1,WM,4
CCTATGGGTTACCGTC-1,Layer_3,2
CCTATGGTCAAAGCTG-1,Layer_6,7
CCTATGTCCACTCCAC-1,Layer_5,3
CCTCACCAATCTTGAC-1,Layer_3,2
CCTCACCTGAGGGAGC-1,Layer_1,1
CCTCACCTTAGCATCG-1,Layer_2,6
CCTCATGCAGCTACGA-1,Layer_3,2
CCTCCCGACAATCCCT-1,Layer_1,1
CCTCCGACAATTCAAG-1,Layer_4,5
CCTCCTGAGCCCACAT-1,Layer_5,3
CCTCCTGTTGTGTCGT-1,Layer_5,3
CCTCGAAGTGGACGGG-1,Layer_1,1
CCTCGACCCACTGCCT-1,Layer_1,1
CCTCGCCAGCAAATTA-1,Layer_2,1
CCTCGCGCGATATAGG-1,Layer_1,1
CCTCGCGCTGTGCGAT-1,Layer_6,3
CCTCGGACCGGGATAG-1,Layer_3,2
CCTCGGATGCTACCTG-1,Layer_5,3
CCTCGGTTTCCTTGCC-1,WM,4
CCTCGTTACGCCTGTT-1,Layer_2,6
CCTCTAATCTGCCAAG-1,Layer_3,6
CCTCTATCGATTAGCA-1,Layer_6,7
CCTCTCTCCCATCTAG-1,Layer_4,5
CCTCTGGCCTAGACGG-1,Layer_1,1
CCTCTGTACTATTCTA-1,Layer_5,3
CCTGAACGATATATTC-1,Layer_3,2
CCTGAATATTTACATA-1,Layer_3,6
CCTGACAAACTCGCGC-1,Layer_4,7
CCTGACCACCGATGGT-1,Layer_4,5
CCTGACGCAACCTTTA-1,Layer_1,1
CCTGAGAATAAATGCA-1,WM,7
CCTGCCCGTTGTCTAG-1,Layer_5,3
CCTGCGATAGAACTGT-1,Layer_3,2
CCTGCGTTCTACGCTT-1,Layer_5,3
CCTGCTATTTGAGAAG-1,Layer_3,2
CCTGGAAACGTTCTGC-1,Layer_3,2
CCTGGCTAGACCCGCC-1,Layer_3,5
CCTGGTCGAATGTGGG-1,Layer_6,3
CCTGTAAGACATGATA-1,Layer_4,5
CCTGTACTCACGCCCA-1,Layer_5,3
CCTGTCACCCGGGCTC-1,Layer_3,2
CCTGTCCCTCACGTTA-1,Layer_2,6
CCTGTCGCCCGTAAAT-1,Layer_3,5
CCTGTGAAACCGTAAC-1,Layer_5,3
CCTGTGCATAGGAGAC-1,Layer_2,6
CCTGTGCGGATTGTAA-1,Layer_2,6
CCTGTTCAACCTCGGG-1,WM,4
CCTGTTTGAAGACACG-1,Layer_5,5
CCTTAAGTACGCAATT-1,Layer_6,3
CCTTCAGTTAAAGTGA-1,WM,7
CCTTCGTATAGAATCC-1,WM,7
CCTTCTCAGCGTTCCT-1,Layer_6,3
CCTTCTTGATCCAGTG-1,Layer_2,6
CCTTGACCACTTTATT-1,Layer_4,5
CCTTTAAGGGAGCACT-1,Layer_6,3
CCTTTCAATGAAGAAA-1,Layer_1,1
CGAAACATAGATGGCA-1,Layer_1,1
CGAAACGCAATTCATG-1,Layer_5,3
CGAACAGTATGGGCGT-1,Layer_4,5
CGAACATAGTCAGAAA-1,Layer_2,6
CGAACCCGCATGCGTC-1,Layer_5,3
CGAACGCCCAGTGCCG-1,Layer_1,1
CGAACGGCCGGACAAC-1,Layer_6,7
CGAAGACGGTGAGTGC-1,Layer_5,3
CGAAGACTGCCCGGGA-1,Layer_1,1
CGAAGATCAGTTTCAT-1,WM,7
CGAAGCTATAAATTCA-1,Layer_1,1
CGAAGTTGCTCTGTGT-1,Layer_4,5
CGAATCTGCTCGACGC-1,WM,4
CGAATGACGCATAATG-1,Layer_6,7
CGAATTACATGGTGTT-1,Layer_2,6
CGACAATTTGATCTAA-1,Layer_3,2
CGACACCGCTTAAGGA-1,Layer_2,6
CGACACGCTCCGACAG-1,Layer_3,2
CGACACGGATGCCCAC-1,Layer_3,6
CGACAGTTCGCGTTAT-1,Layer_4,5
CGACATGCGATCTTCT-1,Layer_1,1
CGACCCTTAACGCCGG-1,Layer_6,7
CGACGCATCCGTACCT-1,WM,7
CGACTCAGGATGTTAT-1,Layer_1,1
CGACTCGGTACACGGT-1,Layer_2,1
CGACTTTGTATAGCCT-1,Layer_2,6
CGAGACCCTAGAGTGT-1,Layer_4,5
CGAGACTACTGCTGCT-1,Layer_6,3
CGAGAGATGTGAACCT-1,Layer_3,2
CGAGAGCGCGTAGATA-1,Layer_6,7
CGAGAGCTTTCACTAC-1,Layer_5,3
CGAGAGGGTAGCCGCG-1,Layer_4,5
CGAGATGTTGCCTATA-1,Layer_1,1
CGAGATTTCGCTCGGG-1,Layer_3,2
CGAGCACTTCAAGTTT-1,Layer_3,2
CGAGCCGAGCACTCGA-1,Layer_3,5
CGAGCGTTGATCAGCC-1,Layer_3,6
CGAGCTGGGCTTTAGG-1,Layer_2,6
CGAGGAGCTTCCATAT-1,Layer_1,1
CGAGGATCGGGAACGA-1,Layer_1,1
CGAGGCCAGGCATTGG-1,Layer_3,2
CGAGGCTAAATATGGC-1,Layer_3,2
CGAGGGACTGCGGTCG-1,Layer_3,2
CGAGGGTATCCAGGTG-1,Layer_6,7
CGAGTACTAAAGAGGA-1,Layer_5,3
CGAGTGAAGGTACCAG-1,WM,7
CGAGTGCTATAGTTCG-1,Layer_3,6
CGAGTTCTGTCCCACC-1,Layer_2,6
CGAGTTTATCGGACTG-1,Layer_3,6
CGATAACCAATTTGAG-1,Layer_3,6
CGATAATACTCAGGTT-1,Layer_3,2
CGATACCTCGCGGACA-1,Layer_4,5
CGATAGTCGTACTGCA-1,Layer_6,3
CGATATTAGCCGCAGG-1,Layer_2,6
CGATCATTAGAGGCAC-1,Layer_1,1
CGATCCACCATTGTTG-1,WM,4
CGATCCGACCCAGTGC-1,Layer_4,5
CGATCCTCGCAACATA-1,WM,4
CGATCGAGAAGCACCA-1,WM,7
CGATCTGTTGGAGGAC-1,Layer_6,7
CGATGGACCCTACGCC-1,Layer_1,1
CGATTAAATATCTCCT-1,Layer_5,3
CGATTCGCCTGGCTGC-1,Layer_5,3
CGCAAACACGAGTTAC-1,Layer_3,5
CGCAATCGATCATTAG-1,Layer_5,7
CGCAATTACTTTCGGT-1,Layer_3,5
CGCAATTAGGGTAATA-1,Layer_3,5
CGCAATTCTACAATAA-1,Layer_3,5
CGCACATGTCCACTAC-1,Layer_3,2
CGCACGTCTGTTTATG-1,WM,4
CGCACGTGCGCTATCA-1,Layer_3,6
CGCAGAAACATTTGCG-1,Layer_1,1
CGCAGATCTTCACCCG-1,Layer_1,1
CGCAGGCGATCCAAAC-1,Layer_4,5
CGCATCATGGCTTCAG-1,Layer_1,1
CGCATCCATCAGCCAG-1,Layer_1,1
CGCATGCCGAATGCGT-1,Layer_6,3
CGCATGGTGCGATGCT-1,Layer_3,5
CGCATTAGCTAATAGG-1,Layer_3,2
CGCCAAGAAGCCGAGT-1,Layer_5,3
CGCCACAGGTCGCGAT-1,WM,7
CGCCACCCGCATTAAC-1,Layer_3,6
CGCCATCCGATTATGA-1,Layer_2,6
CGCCCAGCACGCCTAG-1,Layer_6,3
CGCCCAGCGTTTCACG-1,Layer_5,3
CGCCCGCTTCCGTACA-1,Layer_1,1
CGCCCTTACATCCACC-1,Layer_2,6
CGCCCTTGAAGGCTGA-1,Layer_3,5
CGCCGACTATTCGCTA-1,Layer_5,3
CGCCGCCCATGCCTGT-1,Layer_3,2
CGCCGCGTTCTGAACG-1,WM,4
CGCCGGTGTCGCAGTA-1,Layer_3,6
CGCCGTTCAGCATAGT-1,Layer_5,5
CGCCTCCCTCCTCTAT-1,Layer_4,5
CGCCTGGCCTACGTAA-1,Layer_5,3
CGCCTTTAGCATGCTC-1,Layer_3,2
CGCGAAGTGGCATACT-1,Layer_5,3
CGCGACACTGCGCAGC-1,Layer_4,2
CGCGACCGCGACAGAT-1,Layer_5,3
CGCGAGAGGGACTTGT-1,Layer_1,1
CGCGAGTCTGCCGGGT-1,WM,7
CGCGCAAATGTCCAGA-1,WM,7
CGCGCAAGGAACTACA-1,Layer_2,6
CGCGCATGTTTGATTG-1,Layer_5,3
CGCGCCCGACTTAATA-1,Layer_2,6
CGCGGCAGTATTACGG-1,Layer_3,2
CGCGGCTCAACTTGAA-1,Layer_3,2
CGCGGGAATTAGGCAG-1,Layer_3,6
CGCGGGAATTCCTTTC-1,Layer_6,7
CGCGGTAAGTCTAGCT-1,Layer_1,1
CGCGGTACGGTATACA-1,Layer_5,3
CGCGGTCACAAACCAA-1,Layer_1,1
CGCGTACATTCTGGAA-1,Layer_3,6
CGCGTCATATTAAACC-1,Layer_1,1
CGCGTGCTATCAACGA-1,Layer_1,1
CGCGTTCATGAAATAC-1,Layer_3,2
CGCTACCGCCCTATGA-1,Layer_1,1
CGCTACGGGACATTTA-1,Layer_4,5
CGCTAGAGACCGCTGC-1,Layer_3,2
CGCTATACCGCCCACT-1,Layer_3,2
CGCTATCGTGGCTTTA-1,Layer_3,6
CGCTATTCAATGTATG-1,Layer_3,2
CGCTATTCTTAGGCTC-1,Layer_3,5
CGCTCGACATAATGAT-1,Layer_3,2
CGCTCTCCGTAGATTA-1,Layer_4,5
CGCTGAGGACGTCCAA-1,Layer_1,1
CGCTGGTGACTACCCT-1,Layer_3,2
CGCTGTGACGCCGCAC-1,Layer_3,2
CGCTGTGTGGATGTTG-1,WM,7
CGCTTAGTATTGATAC-1,WM,7
CGCTTATTCCCGGTCG-1,Layer_5,3
CGCTTCCACTGAAATC-1,Layer_3,2
CGCTTCGGTCTAAGAC-1,Layer_5,3
CGCTTGGACGGATAGA-1,Layer_5,3
CGCTTTCATACCGGTG-1,Layer_3,6
CGCTTTCCGCCAAGGT-1,Layer_6,7
CGCTTTCTTGCATTCG-1,Layer_3,6
CGGAAAGAATCAAACG-1,Layer_6,3
CGGAAAGCAAATGTGC-1,Layer_3,7
CGGAAATTTCACATCC-1,Layer_1,1
CGGAACGTAAACATAG-1,Layer_5,3
CGGACCTTTACGTCCC-1,WM,7
CGGACGTTACTTGAAG-1,Layer_6,7
CGGAGCAATTTAATCG-1,Layer_5,3
CGGAGCATGGCGATCC-1,Layer_3,5
CGGAGCTTATAACACC-1,Layer_1,1
CGGAGTCCTAACCTGG-1,Layer_3,6
CGGAGTTTGAGAGACA-1,Layer_4,5
CGGATAAGCGGACATG-1,Layer_3,2
CGGATCCTCAAGGACT-1,Layer_5,3
CGGCAAACATCGTGCG-1,Layer_5,3
CGGCAATAAGATCGCC-1,Layer_4,5
CGGCACCGTTAGCGCC-1,Layer_1,1
CGGCACTCAAGAAAGT-1,Layer_3,2
CGGCAGGGTCGGGTTG-1,Layer_3,6
CGGCCACGCACAAAGT-1,Layer_3,5
CGGCCAGAGCGACCAT-1,WM,4
CGGCCCAACCTGTAGT-1,Layer_1,1
CGGCCCAGGTATATCC-1,Layer_3,2
CGGCGCCATCAATCCC-1,Layer_5,3
CGGCTCTAAAGCTGCA-1,Layer_3,2
CGGCTCTTCGTCGAAC-1,Layer_1,1
CGGCTGAAGGTTACGC-1,Layer_3,2
CGGCTGCAAGATTAAG-1,Layer_1,1
CGGCTTTGTATGATAA-1,Layer_1,1
CGGGAATATAGTATAC-1,Layer_3,2
CGGGAATTTATGTAAA-1,Layer_4,5
CGGGAGCTTCAGTGTA-1,Layer_4,5
CGGGAGTATACCGCCG-1,Layer_3,2
CGGGATCAATGTAAGA-1,Layer_3,2
CGGGCAGCTAAACCGC-1,Layer_3,5
CGGGCCATAGCCGCAC-1,Layer_3,2
CGGGCCTTCTTTGTAA-1,Layer_4,5
CGGGCGATGGATCACG-1,Layer_6,7
CGGGCTACTTAAATTG-1,Layer_3,6
CGGGTGTACCCATTTA-1,Layer_3,2
CGGGTTCGGCACGTAT-1,Layer_2,1
CGGGTTGTAGCTTTGG-1,Layer_2,6
CGGGTTTGTTAGGGCT-1,Layer_4,5
CGGTACTAGAATCAAA-1,Layer_3,2
CGGTAGAGGTGCAGGT-1,Layer_1,1
CGGTATAGGTATTAGC-1,Layer_1,1
CGGTATGGGCACTCTG-1,WM,7
CGGTCAAGTGGGAACC-1,Layer_3,6
CGGTCCATGAGACTCC-1,Layer_1,1
CGGTCCGTCGCAAGCC-1,WM,7
CGGTCTATCAACCCGT-1,Layer_1,1
CGGTGAAGACTAAAGT-1,Layer_5,3
CGGTGCAGATAGAACG-1,Layer_5,3
CGGTGCGCGTTGGTCC-1,Layer_5,3
CGGTGGGCTCCAGCCT-1,Layer_1,1
CGGTGTACTTGATCCC-1,Layer_3,2
CGGTTATCCAACAGTG-1,Layer_2,6
CGGTTCAAGTAGGTGT-1,Layer_1,1
CGGTTCCGGCTTCTTG-1,Layer_3,2
CGGTTGACCTGGCATA-1,Layer_5,3
CGGTTGAGTATCCTTC-1,WM,4
CGGTTGGGCAGGGTCC-1,WM,7
CGGTTGGGTTCAAGTT-1,Layer_1,1
CGGTTTATGAAGGAAC-1,Layer_1,1
CGTAAACGCTTGAGTG-1,Layer_3,2
CGTAACGGAACGATCA-1,Layer_3,2
CGTAACTTCGACACTT-1,WM,4
CGTAATAATTACGAGT-1,Layer_3,2
CGTACCGAAAGTCTAG-1,Layer_3,2
CGTACCTGATAGGCCT-1,Layer_3,6
CGTAGAGAGTAATTAT-1,Layer_6,3
CGTAGCGAATTGTCAG-1,Layer_1,1
CGTAGCGCCGACGTTG-1,Layer_1,1
CGTATTAAGAGATCTA-1,Layer_3,5
CGTCAAATGGTCGCAG-1,Layer_1,1
CGTCAAGGCTATAAAT-1,Layer_5,3
CGTCAATCTTTAACAT-1,Layer_3,2
CGTCACGTCCATTGGT-1,Layer_5,3
CGTCAGCTATTTACTC-1,Layer_3,2
CGTCAGTGCGCACAAG-1,Layer_2,6
CGTCAGTTTATCGTCT-1,Layer_1,1
CGTCATACCATATCCA-1,Layer_3,2
CGTCCAGATGGCTCCA-1,Layer_3,5
CGTCGCATGTGAGCCA-1,Layer_6,7
CGTCGCGGCGGGATTT-1,Layer_3,2
CGTCGCTTGGTTATAC-1,WM,4
CGTCGGATAGTGTTGA-1,Layer_3,6
CGTCGGGTCTAAGCGC-1,WM,7
CGTCGTCCTTCGCGAA-1,Layer_5,3
CGTCTCTCGCCGAGGC-1,Layer_3,6
CGTCTGGAAGGGCCCG-1,Layer_2,6
CGTGAAGTTAATTCAC-1,Layer_4,5
CGTGACATTGGGTCGT-1,Layer_1,1
CGTGACCAGTCCTCTG-1,Layer_6,7
CGTGCACACCACTGTA-1,Layer_6,3
CGTGCAGACTGGGACA-1,Layer_3,5
CGTGCATTGTCGACGC-1,Layer_5,3
CGTGCCCGACATTTGT-1,Layer_1,1
CGTGCCCTCCCGAAGA-1,Layer_3,5
CGTGCTGGCCTAGTCG-1,Layer_3,2
CGTGCTTCTACCTAAA-1,WM,4
CGTGGCCGAATATCTA-1,Layer_3,2
CGTGGTACCCAAAGGC-1,WM,4
CGTGTATGGGAGCTGA-1,Layer_5,3
CGTGTCCCATTCGCGA-1,Layer_3,5
CGTGTCTCGTTACGAC-1,WM,7
CGTGTGTTAAACCCTG-1,Layer_1,1
CGTTAAACTAGTTAGG-1,Layer_3,2
CGTTAATGTCCCGACG-1,Layer_5,3
CGTTAGCTCACAACTG-1,Layer_1,1
CGTTCAAGGAAACGGA-1,WM,4
CGTTCAGACCCGCGAA-1,Layer_6,7
CGTTCATGGTGCGCGT-1,Layer_6,7
CGTTCTTCGCACACCT-1,Layer_1,1
CGTTGAATACCGCGCT-1,Layer_5,3
CGTTGAGCGACCGTCG-1,Layer_4,5
CGTTGAGTAATTGCGT-1,Layer_1,1
CGTTGCCCGCGTGGGA-1,WM,4
CGTTGTAAACGTCAGG-1,Layer_3,2
CGTTGTAAGATTGATT-1,Layer_1,1
CGTTGTCGGCAATTGA-1,Layer_6,7
CGTTGTTTCAATTCCC-1,Layer_4,5
CGTTTAAGCGGAGCAC-1,Layer_1,1
CGTTTACAAGGCAGCT-1,Layer_1,1
CGTTTCACTTCGGGCG-1,Layer_1,1
CGTTTCGCTCATTACA-1,Layer_4,5
CGTTTGTGTAGAGGGT-1,Layer_6,7
CTAAACGGGTGTAATC-1,Layer_1,1
CTAAAGAATGCCTACT-1,Layer_4,5
CTAAAGGGAAATAGGA-1,Layer_4,5
CTAAAGTCCGAAGCTA-1,Layer_2,6
CTAAATCCGGTGTACA-1,WM,7
CTAAATCCTATTCCGG-1,Layer_2,6
CTAACCGCGCGCCCGT-1,Layer_5,5
CTAACGAAACTTGCTG-1,Layer_2,6
CTAACTGATAATCGCC-1,Layer_5,5
CTAACTGGTCCGGTTC-1,Layer_6,3
CTAAGGGAATGATTGG-1,Layer_4,5
CTAAGTACAGGGCTAC-1,Layer_1,1
CTAATTATGAAGCGTA-1,Layer_2,1
CTAATTCGCACGCGCT-1,Layer_3,5
CTAATTCTCAGATATT-1,Layer_1,1
CTAATTTCAACAACAC-1,Layer_3,2
CTACAAGAAATAACCC-1,WM,7
CTACACTAGCTTGTTC-1,Layer_1,1
CTACACTCGCAGATGG-1,Layer_4,5
CTACCCTAAGGTCATA-1,Layer_3,6
CTACGAACTAGGTCGA-1,Layer_1,1
CTACGACTAGCTATAA-1,Layer_5,3
CTACGCACGGAGTACC-1,Layer_3,5
CTACGCCATTTCCGAT-1,Layer_1,1
CTACGTGTTGCCACCA-1,Layer_2,6
CTACTATCATAGGTTT-1,WM,7
CTACTATCTTTCAGAG-1,Layer_2,6
CTACTCAAGGTATAGT-1,WM,7
CTACTCTAGGCCCGGC-1,Layer_4,5
CTACTGCCACCTGACC-1,Layer_3,2
CTAGACATATATGTAG-1,Layer_2,1
CTAGACTGCATTTCGT-1,Layer_1,1
CTAGATAAACTCCTCG-1,Layer_3,6
CTAGATGTGAGTGTAA-1,Layer_2,6
CTAGATTTACGACGGC-1,Layer_3,5
CTAGCAACTAATTTAC-1,Layer_1,1
CTAGCATAGTATAATG-1,Layer_3,2
CTAGCCACAGGCGAGC-1,Layer_4,3
CTAGCCGATGTTATGA-1,Layer_1,1
CTAGCGCCAATCCTAC-1,Layer_3,6
CTAGGCGCCCTATCAG-1,Layer_4,5
CTAGGCGGCAGAGAAT-1,Layer_1,1
CTAGGGATAGGGACAA-1,WM,4
CTAGGTCTGAAGGAAT-1,Layer_3,6
CTAGGTTCGGACGTGA-1,Layer_5,3
CTAGTAGAAAGGGATT-1,Layer_6,3
CTAGTATTCGGAATTA-1,Layer_1,1
CTAGTCACGTCTTAAG-1,Layer_3,5
CTAGTGAAGGACAGGA-1,Layer_4,5
CTAGTTACAACCCGGT-1,Layer_5,3
CTAGTTGGGCCCGGTA-1,Layer_3,2
CTATAAGAGCCAATCG-1,Layer_1,1
CTATAGGCGTTGATGT-1,WM,7
CTATATCCAGCCTGGC-1,WM,4
CTATCACAACGCTGGA-1,Layer_6,7
CTATCGACGAAATACA-1,Layer_4,5
CTATCGCGTAGAGAAC-1,Layer_4,3
CTATCGGGTCTCAACA-1,Layer_3,2
CTATGCCCGAATGCAA-1,Layer_6,7
CTATGGGAAGCGGAAT-1,Layer_4,5
CTATGTCACTAGCCCA-1,Layer_3,2
CTATGTCTATTGAAAC-1,Layer_1,1
CTATGTGAGTCACGGC-1,Layer_6,3
CTATTCATGTGTCCCA-1,Layer_5,3
CTATTGTGTTTGGTCA-1,Layer_1,1
CTATTTGCTTGGAGGA-1,WM,7
CTATTTGGTTACGGAT-1,Layer_3,2
CTCAAACCACTGCCCG-1,WM,4
CTCAACTAACCCGGAT-1,Layer_5,3
CTCAAGACATTAGCGC-1,Layer_1,1
CTCACACGCAAGCCTA-1,Layer_1,1
CTCACATTTACTAAAT-1,Layer_6,3
CTCACCAGTACAAGTG-1,Layer_5,3
CTCACCGATCCAAACT-1,Layer_2,6
CTCACTGTGATACTTA-1,Layer_6,3
CTCACTTGGCTGGTAA-1,Layer_5,3
CTCAGAGCTAATGTCG-1,WM,7
CTCAGATTGTGATAAG-1,Layer_6,7
CTCAGCAGACTGCCGA-1,Layer_3,6
CTCAGGACTCACCTGT-1,Layer_3,2
CTCAGTCACGACAAAT-1,Layer_1,1
CTCATGGCTCACAATC-1,Layer_1,1
CTCATGGTAATTTGCG-1,Layer_6,7
CTCATTCGTGAACATC-1,Layer_5,7
CTCATTGCTCTAACAA-1,Layer_5,3
CTCATTTGATGGGCGG-1,Layer_3,2
CTCCCAATGAGTCGCG-1,Layer_3,5
CTCCCTCCTTTCGATC-1,Layer_6,7
CTCCGAGTAAATCCGC-1,Layer_3,2
CTCCGCCCACATGAGG-1,Layer_5,3
CTCCGGCCTAATATGC-1,Layer_3,6
CTCCGGCTTGTAGACA-1,Layer_3,2
CTCCTAAGTTATGTCT-1,Layer_3,2
CTCCTCCAGCTCACAC-1,WM,7
CTCCTGTTCAAGGCAG-1,Layer_3,5
CTCCTTTACGCAAGTC-1,Layer_1,1
CTCGAATGGAACGTAT-1,Layer_1,1
CTCGAGATCCAAAGCA-1,Layer_3,2
CTCGAGGTCGAACAGT-1,Layer_3,2
CTCGATATTTGCGAGC-1,Layer_1,1
CTCGCACCTATATAGT-1,Layer_3,6
CTCGCCGAATGTAGGG-1,Layer_6,3
CTCGCTAGGTAAGCGA-1,Layer_6,3
CTCGGGCATCGTCGGG-1,Layer_1,1
CTCGGGTTCTCTGGCC-1,WM,4
CTCGGTACCACTGCTC-1,Layer_3,2
CTCGGTCCGTAGCCTG-1,Layer_3,6
CTCGGTTGTCGGCCCT-1,WM,7
CTCGTCTGTGCCTTCG-1,Layer_6,7
CTCGTTACGGCTACCA-1,WM,4
CTCGTTTCTAATGTTT-1,Layer_1,1
CTCTAATGCATTGATC-1,Layer_1,1
CTCTACACTGGCGATT-1,Layer_6,3
CTCTACATCCTGCGTG-1,WM,7
CTCTAGCCCTCGGAAA-1,Layer_6,3
CTCTATTTGGCTGCAG-1,Layer_4,5
CTCTCACAATCGATGA-1,Layer_3,2
CTCTCGATGTGCGCCT-1,Layer_1,1
CTCTCGCTGTACTATG-1,Layer_4,7
CTCTCTAACTGCCTAG-1,WM,7
CTCTGCGAAGCAAGCA-1,Layer_2,6
CTCTGGACGCCTGGTG-1,Layer_3,2
CTCTGTCCATGCACCA-1,Layer_6,3
CTCTGTGCCTGCTATG-1,Layer_1,1
CTCTGTTTGAGGATTC-1,Layer_1,1
CTCTTCTATTGACTGG-1,Layer_3,2
CTCTTCTGGAAGTTAG-1,WM,7
CTCTTGTCCCGCTTGG-1,Layer_5,3
CTGAAACGGCCCTCAG-1,Layer_3,6
CTGAAAGAGATCCGAC-1,Layer_2,6
CTGAATCCGAGACCTC-1,Layer_5,3
CTGAATTTATTGCCAG-1,Layer_1,1
CTGACTGCGCAGCTCG-1,Layer_2,6
CTGAGAAAGTTCGGCG-1,Layer_3,2
CTGAGCAAGTAACAAG-1,Layer_3,2
CTGATAGTGTATCTCA-1,Layer_5,3
CTGCAAATGGGCTCCA-1,Layer_1,1
CTGCAAGCACGTTCCG-1,Layer_5,3
CTGCACAACTACATAT-1,Layer_4,5
CTGCACCTAGTCCACA-1,Layer_1,1
CTGCACCTGGAACCGC-1,Layer_3,6
CTGCACTCCAGTACAG-1,Layer_5,3
CTGCAGAGAATCAGAG-1,Layer_5,3
CTGCCAAGGTTGGAAG-1,Layer_2,6
CTGCCATGCATCACAT-1,Layer_4,5
CTGCCCACGAAGCGTT-1,Layer_5,3
CTGCCTAGCCACCAAG-1,Layer_1,1
CTGCCTCATATGCAAC-1,Layer_1,6
CTGCCTTTAATACCTT-1,WM,4
CTGCCTTTCTAGTAAA-1,Layer_5,3
CTGCGACCTCGCCGAA-1,Layer_6,7
CTGCGATTTCGAGATT-1,WM,7
CTGCGGGTGAAATGTT-1,Layer_4,5
CTGCGGTAGTCACGTG-1,Layer_1,1
CTGCGTTACGATATAA-1,Layer_1,1
CTGCTCTGACGGCAAA-1,WM,7
CTGCTGAGGCCACGAA-1,Layer_6,3
CTGCTTGGCGATAGCT-1,Layer_5,3
CTGCTTTATGTCCGCG-1,Layer_1,1
CTGGAAATGGATGCTT-1,Layer_3,2
CTGGAAGACACGGTGG-1,Layer_4,5
CTGGACGCAGTCCGGC-1,WM,7
CTGGATTTACACTTGA-1,Layer_5,3
CTGGCATCCGAATGAG-1,Layer_6,7
CTGGCGACATAAGTCC-1,Layer_1,1
CTGGCGCACAGGTCTG-1,Layer_3,2
CTGGCGGGAATAAGTA-1,Layer_3,2
CTGGCTCCTGCGGGAT-1,Layer_3,6
CTGGCTGATTCATCCT-1,Layer_3,2
CTGGCTGCTAACGTAA-1,Layer_2,6
CTGGCTGGTTGTCAGT-1,Layer_5,3
CTGGGATAAATAATGG-1,Layer_3,2
CTGGGATACGCTACCC-1,Layer_2,6
CTGGGATCGCCCAGAT-1,Layer_1,1
CTGGGCACTAGTCGGA-1,Layer_2,6
CTGGGCCTGCTATATC-1,Layer_5,3
CTGGGCGGCCAAATGT-1,Layer_1,1
CTGGGCTATCCTTTGG-1,Layer_2,6
CTGGGTAGGCAGTTAA-1,Layer_3,2
CTGGTAAAGACTTACA-1,Layer_6,3
CTGGTAAAGTGTGGGC-1,Layer_5,3
CTGGTAACACATAGAA-1,Layer_3,2
CTGGTAACGAGCTCTT-1,Layer_2,6
CTGGTCATTCCAATCC-1,Layer_4,2
CTGGTCCTAACTTGGC-1,Layer_1,1
CTGGTTCAACGCATCA-1,Layer_2,6
CTGGTTTCGAGCAAGA-1,Layer_3,2
CTGTACTTCTTAGCAT-1,Layer_4,5
CTGTAGCCATCTCACT-1,Layer_6,3
CTGTAGTGAGGATCGA-1,WM,4
CTGTATGGTGTAGAAA-1,Layer_3,2
CTGTCAAATGGCTCGG-1,Layer_2,6
CTGTCACGCCAGGCGC-1,Layer_1,1
CTGTGCAGGGTAGGTC-1,Layer_4,5
CTGTGGTCGGGAGATA-1,Layer_4,5
CTGTTACCCAATCTAG-1,Layer_5,5
CTGTTCACTGCCTGTG-1,Layer_3,2
CTGTTCATCTCACGGG-1,Layer_3,2
CTGTTGGCTCTTCTGA-1,Layer_4,7
CTTAAATAAGACCCAT-1,Layer_4,7
CTTAACTTCGAAGTAC-1,Layer_1,1
CTTACACGGTATTCCA-1,Layer_3,5
CTTACACTGGGAAATA-1,Layer_3,2
CTTACATAGATTTCTT-1,Layer_6,7
CTTAGATGTTTCATCC-1,WM,7
CTTAGCCCGGATAGTG-1,Layer_5,3
CTTAGCCTTCCACATG-1,Layer_2,6
CTTAGTAGGCCTACAG-1,Layer_2,6
CTTAGTGTAGTAGCAT-1,Layer_5,3
CTTAGTTGAGGAATCG-1,WM,4
CTTATGCGCTCAGGGC-1,Layer_6,7
CTTATGTTGACTACCA-1,Layer_3,2
CTTCAACTCCACTTGG-1,Layer_5,3
CTTCAGTGGTCGCCTA-1,WM,7
CTTCAGTTGGACAACG-1,Layer_6,3
CTTCATAGCTCAAGAA-1,Layer_3,2
CTTCATCACCAGGGCT-1,Layer_6,3
CTTCATTGTCAGTGGA-1,Layer_3,5
CTTCCGCTCCGTGAAG-1,Layer_6,3
CTTCCTGCATATTTAC-1,Layer_2,6
CTTCGATTGCGCAAGC-1,Layer_6,3
CTTCGGCCAATTGTTT-1,Layer_3,2
CTTCGTAGATAGGTGA-1,Layer_4,5
CTTCGTGCCCGCATCG-1,Layer_1,1
CTTCTATGTTGAAGTA-1,Layer_6,3
CTTCTATTAATGCTAG-1,Layer_5,3
CTTCTGGGCGTACCTA-1,WM,4
CTTCTTACGTCGTATA-1,Layer_2,6
CTTGACCCGAAAGATA-1,Layer_1,1
CTTGAGGTTATCCCGA-1,Layer_3,2
CTTGAGTTAGGGTAAT-1,Layer_3,2
CTTGATGACCATCCAG-1,Layer_6,3
CTTGCAACCGCCTCCT-1,Layer_5,3
CTTGCCCACCCACGCA-1,Layer_6,3
CTTGCCCAGGCTCTAC-1,Layer_5,5
CTTGGCCAAGCTGGGA-1,Layer_6,3
CTTGTACTTGTTGACT-1,Layer_3,2
CTTGTCAACATTCGAG-1,Layer_5,3
CTTGTCGTACGTGTCA-1,Layer_1,1
CTTGTGAGGACAGCGG-1,Layer_3,2
CTTGTGAGTCTTTGAC-1,Layer_3,6
CTTGTGCTCACCGATT-1,Layer_1,1
CTTGTTGCTGAGTCAA-1,Layer_3,2
CTTGTTTATGTAGCCA-1,Layer_3,2
CTTTAACTTTCAAAGG-1,Layer_3,6
CTTTAATATTGGTCGA-1,Layer_5,5
CTTTACCGAATAGTAG-1,Layer_4,5
CTTTAGGAACACTGTT-1,Layer_3,2
CTTTAGTGCTATTATT-1,Layer_4,5
CTTTCTGTGCGGGCTT-1,Layer_5,3
CTTTGAAACATATTCC-1,Layer_2,6
CTTTGCATCGCTCTTG-1,Layer_5,3
CTTTGGCAGACAGAGT-1,Layer_2,6
CTTTGGCGCTTTATAC-1,Layer_5,3
CTTTGGCTTTAGTAAA-1,Layer_4,5
CTTTGGGATTGTTGCA-1,WM,7
GAAACAGATGACCACC-1,Layer_3,2
GAAACAGCCATGCAGT-1,Layer_1,1
GAAACATAGGAAACAG-1,WM,4
GAAACCATGGTGCGCT-1,Layer_1,1
GAAACCGAATTACCTT-1,Layer_5,3
GAAACCTATACAAATG-1,Layer_6,7
GAAACTCGTGCGATGC-1,Layer_4,5
GAAACTCTAATGAAGG-1,Layer_1,1
GAAAGAACAGCGTTAT-1,Layer_3,6
GAAAGCAGTGCACTTT-1,Layer_6,3
GAAAGCCCTTTGGACC-1,Layer_5,3
GAAAGTGACTAACTGC-1,Layer_3,5
GAAATACCTGCTGGCT-1,Layer_1,1
GAAATACTAAACGTTT-1,Layer_3,2
GAAATATCACCATCAG-1,Layer_5,3
GAAATATGCTTGAATG-1,Layer_1,1
GAAATCGCGCGCAACT-1,Layer_2,6
GAAATCTGACCAAGTT-1,Layer_4,7
GAAATGGCGGTGTTAG-1,Layer_3,5
GAAATGGGATGTAAAC-1,Layer_3,2
GAAATTAGCACGGATA-1,Layer_1,1
GAAATTCACATCGCTG-1,Layer_3,6
GAAATTGTCTCTATAA-1,Layer_5,5
GAACAACTGGGATGAA-1,Layer_6,3
GAACACACATCAACCA-1,Layer_3,2
GAACAGATTACTAAAT-1,Layer_5,3
GAACATTAGTATGTTA-1,Layer_1,1
GAACCATCTGGGAGAC-1,Layer_1,1
GAACCCTCTGTGTTCT-1,Layer_6,3
GAACCTCGACCTACAC-1,Layer_6,7
GAACCTTTAACGATCC-1,Layer_6,3
GAACGACCGAATGATA-1,Layer_3,6
GAACGCGGGTCACACG-1,Layer_3,2
GAACGGTGTAAAGCAG-1,Layer_2,6
GAACGTCTCATGGTCG-1,Layer_3,6
GAACGTTAGGAAGACG-1,Layer_5,3
GAACTGTGGAGAGACA-1,Layer_6,7
GAACTTAGCGCCCGGT-1,Layer_2,1
GAACTTGTGCACGGGA-1,Layer_1,1
GAAGAAACGATATTGT-1,WM,7
GAAGAACGGTGCAGGT-1,Layer_3,2
GAAGACTTCAATGCCG-1,Layer_1,1
GAAGCAAGGCAATGTT-1,Layer_1,1
GAAGCCACTGATTATG-1,Layer_6,7
GAAGCCGGGTAAGCTC-1,Layer_4,7
GAAGCCTGCACATTCC-1,Layer_6,3
GAAGCGTGAGGAATTT-1,Layer_3,5
GAAGCTCGGACCCGTC-1,WM,7
GAAGCTCTTTGCTTAG-1,Layer_3,5
GAAGCTTGCTGACCGC-1,Layer_3,5
GAAGGACTAAATTGAA-1,Layer_2,6
GAAGGAGTCGAGTGCG-1,WM,7
GAAGGCTACCATTGTT-1,Layer_1,1
GAAGGGCATAACCATG-1,Layer_3,2
GAAGGGTCATTAAGAC-1,Layer_6,7
GAAGTCAGTTGCACTA-1,Layer_5,3
GAAGTCTCCCTAGCGA-1,Layer_3,2
GAAGTGATTTATCGTG-1,Layer_4,5
GAAGTGCTGGATAGCT-1,Layer_2,6
GAAGTTTCCACTCAAT-1,Layer_4,5
GAATAGACGCGACCCA-1,Layer_3,2
GAATAGCATTTAGGGT-1,Layer_3,2
GAATAGCCCTGCGGTC-1,Layer_1,1
GAATAGTGCTCGATTA-1,WM,7
GAATATTCGGAGTCCC-1,Layer_1,1
GAATCGACATGGTCAC-1,Layer_3,5
GAATCGCCGGACACGG-1,Layer_3,6
GAATCTATACTCGGAC-1,Layer_1,1
GAATCTGAACATTCTC-1,Layer_4,5
GAATGAAGGTCTTCAG-1,Layer_1,1
GAATGCCGAAATGACC-1,Layer_3,2
GAATGCGAATCGGTTC-1,Layer_6,3
GAATGGGCTTATCGAC-1,Layer_6,7
GAATGTATGGCAGGTC-1,Layer_1,1
GAATGTGGTCCGGATT-1,Layer_3,2
GAATGTTGGGTAATCT-1,Layer_3,6
GAATTATAGTGAAAGG-1,Layer_3,2
GAATTATGCAACCTAC-1,Layer_3,2
GAATTCACCCGGGTGT-1,Layer_5,5
GAATTTCTCGCTGCAG-1,Layer_3,5
GACAAACATATGCAGG-1,Layer_3,2
GACAACGACCATTGAA-1,Layer_3,6
GACAACGCAGCTTACG-1,Layer_3,2
GACAAGAGATGAGATT-1,Layer_4,5
GACACAAGGGAAGAAA-1,Layer_3,2
GACACAGCCGGGACTG-1,Layer_6,3
GACACGAGTTAGAGGA-1,Layer_3,2
GACACTGAGTTCAGTG-1,Layer_5,3
GACACTGGAACCCGAT-1,Layer_3,5
GACACTTCCAATTACC-1,Layer_6,3
GACAGATTTCTGGCTC-1,Layer_6,7
GACAGCCAGACCTGAC-1,Layer_3,2
GACAGGCACACACTAT-1,Layer_5,3
GACATACTGTCGCAGA-1,Layer_4,7
GACATCCGTCGAACTG-1,Layer_6,7
GACATCGATTTATAAC-1,Layer_5,3
GACCAAACGTTGACTG-1,Layer_4,5
GACCACACTTCCCTTT-1,Layer_6,7
GACCAGAGCCCTGTAG-1,Layer_3,5
GACCAGGTCATTCATA-1,Layer_1,1
GACCCAATTATGATAC-1,WM,7
GACCCGTCGCCGGCTA-1,Layer_1,1
GACCGACGTGAAAGCA-1,Layer_3,6
GACCGACTGAAGCGTC-1,Layer_5,3
GACCGCGTCTGACGTG-1,Layer_3,2
GACCGTCAGGTCGTGA-1,Layer_1,1
GACCGTGCTGACGGTG-1,Layer_4,5
GACCGTTACATGCGAC-1,Layer_5,3
GACCTTCCACGTCTAC-1,Layer_6,7
GACGACGATCCGCGTT-1,Layer_5,3
GACGAGGCTAATAAAC-1,Layer_4,5
GACGCCGTAAAGGCTA-1,Layer_5,3
GACGCCTGTTGCAGGG-1,Layer_3,2
GACGCTTGCTTCTAAA-1,Layer_5,3
GACGGACCGCGTTCCT-1,Layer_1,1
GACGGGATGTCTTATG-1,Layer_1,1
GACGGGTTGGCCCGTA-1,Layer_6,7
GACGGTCAATAGAAGC-1,Layer_2,6
GACGTGAGACTCCATG-1,Layer_3,6
GACGTGTAGGGATTAT-1,Layer_3,5
GACGTTCGTAAATACA-1,Layer_1,1
GACTAACACAGCACCT-1,Layer_1,1
GACTAAGATCATGCAC-1,Layer_3,2
GACTAAGTAGGCTCAC-1,Layer_3,5
GACTACAAAGCGGTGG-1,Layer_6,7
GACTACAATTGCTCGT-1,Layer_1,1
GACTAGGCCGTTAGGT-1,Layer_6,7
GACTCACCCACGTGAG-1,Layer_3,2
GACTCCCAGAATAAGG-1,Layer_1,1
GACTCGCGGGAATGAC-1,Layer_2,6
GACTCGGTCGGCGGAT-1,Layer_1,1
GACTGATTGGTCACAA-1,Layer_1,1
GACTGCAAATCGAGCT-1,Layer_5,3
GACTGCACCAGCCCAG-1,Layer_4,5
GACTGCGGCACGTGTA-1,Layer_4,5
GACTGCTGGTGAGAAA-1,WM,4
GACTGGGCGCCGCAAC-1,Layer_1,1
GACTTCAACGCATCAA-1,Layer_6,3
GAGAACGGTTCTGACT-1,Layer_5,3
GAGAATCTCACGATCA-1,Layer_5,3
GAGACCCTGCAACGCC-1,Layer_1,1
GAGACTGATGGGTAGA-1,Layer_3,2
GAGACTTCGCGACCGA-1,Layer_5,3
GAGAGCGCAGTCCCTG-1,Layer_5,3
GAGAGGCCTATGTGTA-1,Layer_5,3
GAGAGGGCGCGAGGTT-1,Layer_4,5
GAGAGGTGCATTCTGG-1,Layer_5,3
GAGATCTGCTTGGCAT-1,Layer_4,5
GAGATCTGTCACTCCG-1,Layer_3,2
GAGATCTTCCATGACA-1,Layer_4,5
GAGATGGCTTTAATCA-1,Layer_6,7
GAGATGGGAGTCGACA-1,Layer_5,3
GAGCACCTGTGTCCAG-1,Layer_5,3
GAGCATCAACAACTTG-1,WM,4
GAGCATCATCCCTGGG-1,Layer_3,6
GAGCCACGGTAGTAGG-1,Layer_2,6
GAGCCAGCTACCTGTG-1,Layer_4,5
GAGCCGAGCGTTTATT-1,Layer_1,1
GAGCGAGGGAGTACCG-1,Layer_2,6
GAGCGCAAATACTCCG-1,Layer_3,5
GAGCGCGCACGAGTAG-1,Layer_4,5
GAGCGCTATGTCAGGC-1,Layer_1,1
GAGCGCTGTTAGGTAA-1,WM,4
GAGCGGAATGCGGTGT-1,WM,4
GAGCTAAGGGCATATC-1,Layer_3,6
GAGCTCAACATGAGCG-1,WM,7
GAGCTCTCGGACCTAA-1,Layer_3,2
GAGCTGTCGTCTCGGA-1,Layer_1,1
GAGGAATATCTCTTTG-1,WM,4
GAGGAATGGAGAGGTT-1,Layer_3,5
GAGGAGATCCTCATGC-1,Layer_3,2
GAGGAGTAATTCCTAC-1,Layer_1,1
GAGGATAAACAGTGCT-1,Layer_3,2
GAGGCATTTGCAGCAG-1,Layer_1,1
GAGGCCCGACTCCGCA-1,WM,7
GAGGCCTGTTGATACA-1,Layer_5,3
GAGGCTATCAAAGTCG-1,Layer_5,3
GAGGGAGTCAGATCGC-1,WM,4
GAGGGCATCGCGTATC-1,Layer_3,2
GAGGGCCATAATATTA-1,Layer_1,1
GAGGGCCGGCAGAGTC-1,Layer_3,6
GAGGGCGCAGCTCTGC-1,Layer_2,6
GAGGGTAGTAACAAAG-1,WM,4
GAGGTACATCCATCTT-1,Layer_1,1
GAGGTACGCGTGTCCC-1,Layer_6,7
GAGGTCCCAAAGATCT-1,Layer_3,2
GAGGTCTTAGTGGGTC-1,Layer_1,1
GAGTAAACCGGAAAGT-1,Layer_3,5
GAGTAAGGCCACGGGA-1,Layer_6,7
GAGTACGGGTATACAA-1,Layer_3,2
GAGTAGATACTAGTTG-1,Layer_6,3
GAGTATACCCTAATCA-1,WM,7
GAGTATGCCCGCCTTG-1,Layer_5,3
GAGTATGCGCGTGCAT-1,Layer_6,3
GAGTCAGACCAGAATC-1,Layer_6,3
GAGTCCGCTTACCGGA-1,Layer_5,5
GAGTCGACAGACCCTC-1,Layer_5,3
GAGTGCACGGACAACA-1,Layer_1,1
GAGTGTCAACCAGAAA-1,Layer_5,3
GAGTGTGCGGTACCCA-1,Layer_3,2
GAGTTGATGGCAATTT-1,WM,7
GATAAATCGGTGGATG-1,Layer_3,2
GATAACTCGCACTGTG-1,Layer_3,2
GATAAGGCAGATGCAA-1,Layer_3,2
GATACGATGGGAGTCA-1,Layer_5,3
GATAGAACCCGCTAGG-1,WM,4
GATAGCGTACCACGCG-1,Layer_3,5
GATAGGTAACGTTGAC-1,Layer_5,5
GATAGTGCGAGTAAGT-1,WM,4
GATATCAGTATGTATC-1,Layer_3,2
GATATCTCATGCAATA-1,Layer_1,1
GATATGAGACACTAAC-1,Layer_3,2
GATATGCGGTAGCCAA-1,Layer_1,1
GATATGGATTACGCGG-1,Layer_4,5
GATATTGAGATTGGCG-1,Layer_3,6
GATATTTCCTACATGG-1,Layer_1,1
GATCAACATAAAGGGA-1,WM,7
GATCATTCCAAACATT-1,Layer_3,2
GATCCCTTTATACTGC-1,Layer_3,2
GATCCGGGAATTAACA-1,Layer_3,5
GATCCTAAATCGGGAC-1,Layer_2,6
GATCCTCGACACTGGC-1,Layer_6,7
GATCCTCTTGCGCTTA-1,Layer_1,1
GATCGACACTATCTGA-1,Layer_3,5
GATCGCGGGCTCTCCA-1,Layer_4,5
GATCGCTACCCGATTT-1,Layer_3,5
GATCGCTATATCTCAG-1,WM,4
GATCGGATAGAACCAT-1,Layer_5,3
GATCGGCGATAAGTCG-1,Layer_3,2
GATCGGTGGCCATAAC-1,Layer_3,2
GATCGTGACTGATATC-1,Layer_3,5
GATCTCGACGCTGTGG-1,Layer_3,5
GATCTGCTATCTAAGG-1,Layer_6,7
GATCTTAGTGAACGTG-1,Layer_3,6
GATCTTCATTGTCCTC-1,Layer_3,1
GATCTTGGAGGGCATA-1,Layer_4,5
GATCTTTGCAGGGTAT-1,Layer_4,5
GATCTTTGCTCAAAGA-1,Layer_1,1
GATGACAAGTAGGGCA-1,WM,7
GATGACGATGATCGCG-1,Layer_1,1
GATGAGGAACCTTCGG-1,Layer_6,7
GATGATTTGAAACTGG-1,Layer_1,1
GATGCCACACTACAGC-1,Layer_1,1
GATGCCAGCAGAAGGC-1,Layer_3,2
GATGCGAATGGTATTA-1,Layer_4,7
GATGCGTCCTGCATTC-1,Layer_3,5
GATGCTACAAGCGCCT-1,Layer_3,6
GATGCTACCTTCGATG-1,WM,4
GATGCTGTATTTCATC-1,Layer_3,5
GATGGCGCACACATTA-1,Layer_3,2
GATGGTGAAATAACCC-1,Layer_3,6
GATGGTGCCCTAGGCA-1,Layer_1,1
GATGTAACGAACCACC-1,WM,7
GATGTCCGGATCACAT-1,Layer_2,6
GATGTCGGTCAACTGC-1,Layer_1,1
GATGTGTTGTCACAAG-1,Layer_1,1
GATGTTCAATCCACGA-1,Layer_5,3
GATGTTTGTGCGAGAT-1,Layer_3,2
GATTAACCGAAAGCCC-1,Layer_4,5
GATTAATCCTGGCTCA-1,Layer_2,6
GATTACTGAATTTGGG-1,Layer_5,3
GATTATCTTGCATTAT-1,Layer_6,3
GATTCCCTTGTCGCAG-1,Layer_3,2
GATTCCGCGTTTCCGT-1,Layer_1,1
GATTCCTATACGGCGC-1,Layer_3,5
GATTCGACGGTTCACG-1,Layer_3,5
GATTCTGTTAATGAGT-1,WM,7
GATTGACACTCTGCTC-1,Layer_1,1
GATTGCTCCAGTTGCA-1,WM,4
GATTGGGAAAGGTTGT-1,Layer_6,7
GATTTAGTGCGTACTG-1,Layer_1,1
GCAAACCCTACATTAT-1,Layer_4,5
GCAAACCTTGGCCATA-1,Layer_5,3
GCAAACGTCGCCAGGT-1,Layer_3,2
GCAAATATTACGCTTT-1,Layer_4,5
GCAAATGAGGACACTT-1,Layer_6,7
GCAACACACTAGAACT-1,Layer_6,7
GCAACAGCAGTATGCG-1,Layer_3,2
GCAACCACCAGACCGG-1,Layer_1,1
GCAACCACGGCCGCGT-1,Layer_5,3
GCAACCCAAGTTGTTT-1,Layer_5,3
GCAACGGCTAGTTATG-1,Layer_3,2
GCAAGAATTCCTTGGC-1,Layer_5,3
GCAAGATGTGTTCGCG-1,Layer_1,1
GCAAGTGCACAGAGAA-1,Layer_3,5
GCAAGTGTAAAGCATG-1,WM,4
GCACAAACGAGGCGTG-1,Layer_3,2
GCACAAGTGGATCATA-1,Layer_3,2
GCACAAGTGTCGGAAG-1,Layer_1,1
GCACACACTGGTAGCC-1,Layer_5,5
GCACACAGCTATTACC-1,WM,7
GCACACGCCCATGGTC-1,Layer_5,3
GCACAGCACGGGCCGA-1,WM,4
GCACCTAGGCGAGTCC-1,Layer_6,3
GCACGCCGATTCCCGC-1,Layer_6,7
GCACGCCTACTTAGAT-1,Layer_6,7
GCACGTGGTTTACTTA-1,Layer_5,3
GCACTAGTCGCGCTAT-1,Layer_3,2
GCACTCCCACAGTCCC-1,Layer_1,1
GCACTGCCTACCTTTA-1,Layer_6,7
GCACTGTGCAAATGTA-1,Layer_3,6
GCAGAAACGTAATCCA-1,Layer_2,6
GCAGACCCAGCACGTA-1,Layer_3,2
GCAGATCCATAAGACT-1,Layer_4,5
GCAGATCCTCGCAAAT-1,Layer_4,2
GCAGATTAGGGATATC-1,Layer_3,5
GCAGCACACAGCCCAG-1,Layer_4,5
GCAGCCTATATCACAT-1,Layer_2,6
GCAGCGGTGGGCATTA-1,Layer_2,6
GCAGCTATGGACAGGT-1,Layer_1,1
GCAGCTGTCAACGCAT-1,Layer_6,7
GCAGGAACTTAGATCT-1,WM,7
GCAGGACTATAGAATA-1,Layer_4,5
GCAGGTAGAGTATGGT-1,Layer_1,1
GCAGTGTGGCTATAGG-1,Layer_5,3
GCAGTTCGATCCGAGC-1,Layer_4,5
GCATAAATTGAACGCC-1,Layer_3,6
GCATACGAGGTCTTTA-1,Layer_5,3
GCATAGAGCACTCAGG-1,Layer_3,5
GCATCCCTAACTTTGA-1,Layer_3,2
GCATCGGCCGTGTAGG-1,Layer_3,2
GCATGAGGGACGCGGC-1,Layer_3,6
GCATGCTAATAACGAT-1,Layer_6,3
GCATGGGTACTGACGC-1,Layer_6,7
GCATTCAAGGCAACGC-1,Layer_1,1
GCATTCGAAATGAACA-1,Layer_4,3
GCATTGTAATTCATAT-1,Layer_5,3
GCATTTCCAAGGCTCC-1,Layer_2,6
GCCAACCATTTCCGGA-1,Layer_1,1
GCCAAGAATACTTCTG-1,Layer_6,7
GCCAATAGGGCATCTC-1,Layer_1,1
GCCACAATTTAAGGAC-1,Layer_5,3
GCCACTCAGAGCGCGA-1,Layer_5,3
GCCACTCCTTACGGTA-1,Layer_3,5
GCCAGGAAAGAACACT-1,WM,4
GCCAGGAGTAACCGAT-1,Layer_1,1
GCCAGGCGTTCGCATG-1,Layer_1,1
GCCATATTGCACACAG-1,Layer_1,1
GCCATCGAGCTGCGTG-1,Layer_6,3
GCCATCGATGCTGCAT-1,Layer_2,6
GCCCACCAAGGCTGTC-1,Layer_3,6
GCCCACTGGTCCACAA-1,Layer_3,6
GCCCAGTTGGTATGCC-1,Layer_3,2
GCCCATGGGTGCAATG-1,Layer_2,1
GCCCGACTTCTTCCCG-1,Layer_6,7
GCCCGATCTGTGGTCG-1,Layer_5,3
GCCCGCGCGTAAACGG-1,Layer_5,3
GCCCGCGCGTTTGACA-1,Layer_3,2
GCCCGTAATACCTTCT-1,Layer_3,6
GCCCTAAGTGCAGGAT-1,WM,7
GCCCTAGCCGTCGCGA-1,WM,7
GCCCTGAGGATGGGCT-1,Layer_6,7
GCCGAAATTCCTACGT-1,Layer_4,5
GCCGACCCACGACTGC-1,WM,4
GCCGATTGGCCAAGCT-1,Layer_4,5
GCCGCATTAGTCCGGC-1,Layer_5,3
GCCGCTAGATACGCAG-1,Layer_2,6
GCCGCTTGTGAGAAAC-1,Layer_4,5
GCCGGAAACACATCTT-1,Layer_1,1
GCCGGGTTAGGGTCGC-1,Layer_4,5
GCCGGTCGTATCTCTC-1,WM,4
GCCGGTTTGGGCGGAT-1,Layer_1,1
GCCGTCGGTTTCGGGC-1,WM,4
GCCGTGGAAGAAATGT-1,Layer_3,6
GCCTACGTTCTGTGCA-1,Layer_6,7
GCCTAGCGATCTGACC-1,Layer_3,2
GCCTATAGTGTCAGGG-1,Layer_2,6
GCCTATGCTGGGCCTT-1,Layer_1,1
GCCTATTCCGATATAG-1,Layer_3,5
GCCTATTTGCTACACA-1,Layer_1,1
GCCTCATCTGGAAATA-1,Layer_3,2
GCCTCCGACAATTCAC-1,Layer_5,3
GCCTCTATACATAGCA-1,Layer_5,3
GCCTGCTACACTGAGA-1,Layer_1,1
GCCTGTCCCGGTGCAT-1,WM,7
GCCTTCAGCCCTACCG-1,Layer_3,6
GCCTTGTATATGCAGT-1,Layer_3,2
GCGAAACGATCGGGAG-1,Layer_4,5
GCGAAACTTAACTGGA-1,Layer_3,2
GCGAAGAATCTGACGG-1,Layer_6,3
GCGAAGCCATACCCGT-1,Layer_3,2
GCGAATGGACTAGCGA-1,WM,7
GCGACATGTAAACATC-1,Layer_3,6
GCGACCCAACCATCTG-1,WM,7
GCGACGATAGTTGTAC-1,Layer_5,3
GCGACGGTAGTCTCCT-1,WM,7
GCGAGAAACGGGAGTT-1,Layer_3,2
GCGAGAGGCCATGTAA-1,Layer_1,1
GCGAGAGTTGCGTCCA-1,Layer_2,6
GCGAGCGCATGCTCCC-1,Layer_3,6
GCGAGGCCCGAGCAGA-1,Layer_4,5
GCGAGTTCTGCAAAGA-1,Layer_3,5
GCGATGTCTGTGCTTG-1,Layer_4,7
GCGATTCTGGAAGCAG-1,Layer_1,1
GCGATTGTTAACGTTA-1,Layer_3,2
GCGCAAATATATTCAA-1,WM,7
GCGCAAGAGCGCGCTG-1,Layer_3,2
GCGCATCCAGTCAGCA-1,Layer_2,6
GCGCCGTTCCACGATA-1,Layer_4,5
GCGCCTCCCACTCCGA-1,Layer_3,2
GCGCGATGGGTCAAGT-1,Layer_1,1
GCGCGGTCTAGTAACT-1,WM,7
GCGCGTCATTGGTACA-1,Layer_5,3
GCGCTAAGTATGCATG-1,Layer_1,1
GCGCTAATTGAATAGA-1,Layer_3,2
GCGCTATGCCGAGGCA-1,Layer_5,3
GCGCTGATCCAGACTC-1,Layer_1,1
GCGCTGCTTTGCATTT-1,Layer_2,6
GCGCTTAAATAATTGG-1,Layer_5,3
GCGGACCGCGTTGTGG-1,Layer_6,3
GCGGAGAAACTTCGCA-1,Layer_6,7
GCGGAGAGGGAGAACG-1,Layer_4,5
GCGGCAAAGTATTGCC-1,WM,7
GCGGCTCTGACGTACC-1,Layer_5,3
GCGGCTTTAGCAAGTT-1,Layer_6,7
GCGGGAACCAGGCCCT-1,Layer_3,2
GCGGGCAGACGGGTGA-1,WM,7
GCGGGCATTACGATGC-1,Layer_1,1
GCGGGCGAGCCTTACC-1,Layer_6,3
GCGGTAACCCAAATGA-1,Layer_3,6
GCGGTCCCGGTGAAGG-1,Layer_1,1
GCGGTCCCTAGACGCA-1,Layer_3,6
GCGGTCTTGCTTTCAC-1,Layer_6,7
GCGGTGAACTGCGCTC-1,Layer_1,1
GCGGTGCGGAGCATCG-1,Layer_4,7
GCGGTTCCCTATCATG-1,Layer_5,3
GCGTAAATGGCCATAA-1,Layer_3,6
GCGTCCAGCTCGTGGC-1,Layer_1,1
GCGTCCCTAAGACATA-1,WM,7
GCGTCGAAATGTCGGT-1,Layer_2,6
GCGTCGCCAGGGTGAT-1,Layer_5,3
GCGTCGTAACATGGTC-1,WM,7
GCGTCTCTGCATTGGG-1,Layer_5,5
GCGTGGTACTGGGTTA-1,Layer_3,6
GCGTGTATGTCGTATT-1,Layer_1,1
GCGTTATATTTGGAAC-1,Layer_5,3
GCGTTCGGAGACCGGG-1,Layer_1,1
GCTAAACCTGAGGTGA-1,Layer_3,2
GCTAACTGAAGTCTGA-1,Layer_5,3
GCTAAGTAAAGGCGAT-1,Layer_4,5
GCTAAGTAGTTTCTCT-1,Layer_3,2
GCTAATACCGAATGCC-1,Layer_3,2
GCTACAATCGAGGATA-1,Layer_5,3
GCTACACTGTCCGAAC-1,Layer_2,1
GCTACAGTACGGACCG-1,Layer_5,3
GCTACGACTTATTGGG-1,Layer_4,5
GCTACTATAGTAGAGT-1,Layer_4,5
GCTAGACCGTCTACTG-1,Layer_3,2
GCTAGAGTAGAGATGT-1,Layer_4,5
GCTAGCAGGGAGTGGG-1,Layer_1,1
GCTAGCTTGAATAGCT-1,Layer_6,3
GCTAGGCACCACGGAG-1,Layer_5,3
GCTAGTAGAGCTTGTA-1,Layer_3,5
GCTAGTTTCATTGAGG-1,Layer_3,2
GCTATACGTCTCGGAC-1,Layer_4,5
GCTATCATACTCATGG-1,Layer_5,3
GCTATCGCGGCGCAAC-1,Layer_3,2
GCTATGCCAGCTTATG-1,Layer_6,7
GCTCAACCTCTTAGAG-1,Layer_3,2
GCTCAATCCGTTTATT-1,Layer_6,7
GCTCAATGTAATACCG-1,Layer_6,7
GCTCATTACTGCATGT-1,Layer_1,1
GCTCCATGCAAAGCAA-1,WM,4
GCTCCCAGTCGGTCCA-1,Layer_3,2
GCTCCGCTCGCTTCAG-1,Layer_3,2
GCTCCGGACGTTGATA-1,Layer_2,6
GCTCCTGACATACTGG-1,WM,7
GCTCGACCGAACTGAA-1,Layer_3,6
GCTCGCGGTTCCGCTC-1,Layer_4,5
GCTCGCTCATGTCCAA-1,Layer_3,2
GCTCGGAATTTAAAGC-1,Layer_2,1
GCTCTAAACCCTGACG-1,Layer_3,2
GCTCTATGTTACGTGC-1,Layer_3,5
GCTCTCGGGTACCGAA-1,Layer_3,2
GCTCTTTCCGCTAGTG-1,WM,7
GCTGAACTCTCCAGGG-1,Layer_3,2
GCTGAATCTTCCAATC-1,WM,4
GCTGAGCAACGGTTCT-1,Layer_3,7
GCTGAGGCGTGAGTAT-1,Layer_4,5
GCTGCACGGTTTCTTA-1,Layer_3,5
GCTGCGCCTCCCACGT-1,Layer_4,7
GCTGCTAAGTAGTCGA-1,Layer_6,3
GCTGCTACTGCGTAGC-1,Layer_5,5
GCTGCTCTCCGGACAC-1,Layer_3,2
GCTGGACCCAAAGTGG-1,Layer_1,1
GCTGGCAGGTGCCGTG-1,Layer_5,7
GCTGGCATATTCACCT-1,Layer_4,5
GCTGGCGGCGCATGCT-1,Layer_5,3
GCTGGGTCCGCTGTTA-1,Layer_2,6
GCTGGTGACTCGTAGT-1,Layer_1,1
GCTGTATTACTGGCCC-1,Layer_5,3
GCTGTCTGTGATCGAC-1,Layer_2,1
GCTGTTGCTACCGAAC-1,Layer_3,2
GCTTAATGTAACTAAC-1,Layer_3,2
GCTTACGTAGTTAGTA-1,Layer_2,6
GCTTAGGGAAGCGGTA-1,Layer_2,1
GCTTATGAAGCAGGAA-1,Layer_3,2
GCTTCAGTGGGATTAC-1,Layer_2,6
GCTTCCAGCTTAGATT-1,Layer_3,2
GCTTCCATGTAACCGC-1,Layer_6,3
GCTTCCCGTAAGCTCC-1,Layer_6,3
GCTTCCGTCCCTAGAC-1,Layer_3,2
GCTTGATGATAATCAG-1,Layer_3,2
GCTTGCAGCACAATTG-1,Layer_1,1
GCTTGGATCGATTAGG-1,Layer_2,6
GCTTTCAGAGGAGGTG-1,Layer_3,6
GCTTTCTATCTCAACT-1,Layer_3,6
GCTTTGCTGCCGGGTA-1,Layer_3,2
GGAAACCTTGTTGAAT-1,Layer_1,1
GGAAACTAAATGGGCC-1,Layer_5,5
GGAAAGGGAATTGAGC-1,WM,7
GGAAAGTGCCCATGCC-1,Layer_1,1
GGAACCCGAACAAGAA-1,Layer_4,7
GGAACCGTGTAAATTG-1,Layer_5,3
GGAACCTTGACTCTGC-1,WM,4
GGAACGGCCTGCAGCC-1,Layer_4,5
GGAACTTTGGCGATTA-1,Layer_5,3
GGAAGATAAGACTGTA-1,Layer_3,6
GGAAGCTCGCTTACAG-1,Layer_1,1
GGAAGGACACCGTATA-1,Layer_6,7
GGAATAACCTCAAGAA-1,Layer_1,1
GGAATGCGCTAGCGTG-1,Layer_3,2
GGACAACCATGAAGCC-1,Layer_6,3
GGACAAGTTGCAGTGA-1,Layer_5,3
GGACACAAGTTTACAC-1,Layer_3,2
GGACACCTCGGTGTTG-1,WM,7
GGACCAACAGGATAAC-1,Layer_5,3
GGACCTACGGTAACGT-1,Layer_1,1
GGACCTCTAGGCCGCC-1,WM,7
GGACGGCTTGCGCAAC-1,Layer_1,1
GGACGGGCGACCAACC-1,Layer_5,3
GGACGTCCATAGTTGG-1,Layer_1,1
GGACTAAGTCAGGAGT-1,Layer_5,7
GGACTCGACAGCGCAT-1,WM,4
GGACTCGTGAGTGGTC-1,WM,4
GGACTCTTTGACTAAG-1,Layer_6,7
GGAGAAGTCATTGGCA-1,Layer_3,2
GGAGACCAATGTGCTT-1,Layer_1,1
GGAGACGACACCTTTG-1,Layer_4,5
GGAGCAACATTTCAAG-1,Layer_4,5
GGAGCACCAAGAACTA-1,Layer_3,6
GGAGCGAGGCCTACTT-1,Layer_6,7
GGAGGATTGAAAGGAG-1,Layer_1,1
GGAGGCCGAAGTCGTC-1,Layer_3,2
GGAGGCGAAGAACCGC-1,Layer_2,6
GGAGGGCTTGGTTGGC-1,Layer_3,2
GGAGGGTCAAGTAAGA-1,Layer_5,3
GGAGTACACATGAGCT-1,Layer_3,7
GGAGTGCCGCCCTGGA-1,Layer_3,6
GGAGTTGATTCTGTGT-1,Layer_5,3
GGATACTCATGAATTG-1,Layer_2,6
GGATCAAAGGACGAGG-1,Layer_1,1
GGATCAGAGCCATCAG-1,Layer_6,7
GGATCATCCCGTACGC-1,Layer_1,1
GGATCCCTACCAGCTA-1,Layer_3,2
GGATCCGGAATATACT-1,Layer_3,2
GGATCTTACTGCCCTT-1,WM,4
GGATCTTGACTCAACC-1,WM,7
GGATGAAGATCGCTGA-1,Layer_3,2
GGATGACGCGAGTTTA-1,Layer_4,5
GGATGCTGGCGTTCCT-1,Layer_5,3
GGATGGCTTGAAGTAT-1,Layer_6,3
GGATGTCCTTACCGCA-1,Layer_3,2
GGATTAAGCTAAGGTC-1,Layer_1,1
GGATTAATCATGGACC-1,Layer_6,7
GGATTCAGTACGGTGG-1,Layer_3,2
GGATTCCGCTATACCC-1,Layer_1,1
GGATTGCTGTGACTCC-1,Layer_5,3
GGATTTCACTTCTATA-1,Layer_3,2
GGCAAAGGCGCCAATA-1,Layer_6,7
GGCAAATTACTTTACT-1,Layer_4,5
GGCAAGCCAGGGATAG-1,Layer_1,1
GGCAAGCCCATAGTGG-1,WM,7
GGCAAGGCGAAATAGC-1,Layer_4,5
GGCAATAGTCAATGAG-1,Layer_3,2
GGCACTCCACTGGGCA-1,Layer_4,5
GGCACTGCGGTGGTTT-1,Layer_6,3
GGCAGAGAGATCGGGA-1,Layer_5,3
GGCAGCAAACCTATGC-1,Layer_3,2
GGCAGCGGTAATCCTA-1,Layer_1,1
GGCATACAGGTAGCGG-1,Layer_4,5
GGCATATCGGTTCTGC-1,Layer_1,1
GGCATCAACGAGCACG-1,Layer_1,1
GGCATTGAACATCTCA-1,WM,7
GGCCAATTGTATAGAC-1,Layer_6,3
GGCCACAAGCGATGGC-1,Layer_1,1
GGCCACACGAAAGCCT-1,Layer_4,7
GGCCCAATCTAGAGGG-1,Layer_2,6
GGCCCAGCTGGTTTGC-1,Layer_6,7
GGCCCAGTTATCAGCA-1,Layer_1,1
GGCCCGGAGCATGTCT-1,Layer_2,6
GGCCCGTATACCATGC-1,Layer_1,1
GGCCCTCACCCACTTA-1,Layer_5,3
GGCCGAGACTCTGGTG-1,WM,4
GGCCGCAGGAACCGCA-1,Layer_5,3
GGCCGGCGTCTGCTAT-1,Layer_6,3
GGCCGTTTGGGTTTCA-1,Layer_6,7
GGCCTGCTCTGATGTT-1,WM,7
GGCCTGCTTCTCCCGA-1,Layer_4,3
GGCCTTTGCAACTGGC-1,Layer_5,3
GGCGAAATCTAACTTG-1,Layer_3,2
GGCGAACCGTTCTGAT-1,Layer_1,1
GGCGAGCATCGAGGAC-1,Layer_1,1
GGCGCAGGACATCTTC-1,Layer_5,3
GGCGCATGAATTGATG-1,Layer_4,5
GGCGCGGAGATCTTTC-1,Layer_5,3
GGCGCGTTCGAGTTTA-1,Layer_5,5
GGCGCTCCTCATCAAT-1,Layer_3,2
GGCGCTTCATTCCCTG-1,Layer_6,7
GGCGGAGTAATATTAG-1,Layer_3,5
GGCGGTAGGATCATTG-1,Layer_3,2
GGCGGTTTGCCGGTGC-1,Layer_3,2
GGCGTACCCTATATAA-1,Layer_1,1
GGCGTAGGGAAAGCTG-1,Layer_6,3
GGCGTCCTATCCGCTG-1,Layer_4,5
GGCTAAAGGGCGGGTC-1,Layer_1,1
GGCTAATGATTGAAAT-1,Layer_1,1
GGCTACTATACACTCC-1,WM,7
GGCTATTAAGTTGTAT-1,Layer_4,5
GGCTCCTCCACCTGTT-1,WM,7
GGCTCGCGTTGAGGTA-1,Layer_3,6
GGCTCGTGCCACCAGC-1,Layer_3,2
GGCTCTGCTCCAACGC-1,Layer_3,2
GGCTGAAATAGCAAAG-1,Layer_4,5
GGCTGAGCATCGTAAG-1,Layer_1,1
GGCTGGCAATCCCACG-1,Layer_6,3
GGCTGGCTAGCTTAAA-1,Layer_3,2
GGCTTCTCGTGGGTGG-1,Layer_6,3
GGCTTGGCTCTCACCT-1,Layer_5,7
GGCTTTCAATAAGGGT-1,Layer_6,3
GGGAACCACCTGTTTC-1,Layer_1,1
GGGAACGGGAGGTTAG-1,Layer_5,3
GGGAACGGTTTCAGAT-1,WM,4
GGGAAGACGGTCTGTC-1,Layer_6,3
GGGAAGGGCTTTCTCA-1,Layer_5,3
GGGAATGAGCCCTCAC-1,Layer_1,1
GGGAATTCTGTCCAGT-1,Layer_5,3
GGGACAGAGTTACTCC-1,WM,7
GGGACCCGTATATCTT-1,Layer_6,3
GGGACTGCATAGATAG-1,Layer_3,2
GGGAGAACTCACAGTA-1,Layer_3,2
GGGAGCGACCGTAGTG-1,Layer_6,3
GGGAGGATGCCCGAAA-1,Layer_4,5
GGGAGTAATGGCTGGC-1,Layer_2,6
GGGAGTTAATGAGGCG-1,Layer_3,2
GGGATACGGTAATAAT-1,Layer_4,7
GGGATCCCAATACAAA-1,Layer_1,1
GGGATGGTCGTAACCG-1,Layer_5,3
GGGATTTACCGCACCT-1,Layer_3,2
GGGCAACCGCACGTGC-1,WM,7
GGGCACGAATTGGCCG-1,Layer_5,3
GGGCACGTAGTACTGT-1,WM,4
GGGCAGAGCAATCGTT-1,Layer_6,3
GGGCAGTCAACGCCAA-1,Layer_6,7
GGGCATGCATGTCGAG-1,WM,7
GGGCCCGTCTTAAACA-1,Layer_5,5
GGGCCCTACGAAAGGG-1,Layer_5,3
GGGCCCTTATCTATAC-1,Layer_5,3
GGGCCGGCCGAAGTAC-1,Layer_3,2
GGGCCTAAATGGGCTA-1,Layer_6,7
GGGCCTATACAACCGG-1,Layer_3,6
GGGCCTATTTAAGTAT-1,Layer_1,1
GGGCGAATTTCTCCAC-1,Layer_3,7
GGGCGATATGTGTGAA-1,Layer_3,2
GGGCGCAGCGTTACTC-1,Layer_1,6
GGGCGGCAAATGAATT-1,Layer_5,3
GGGCGGGTTCCCTACG-1,Layer_5,3
GGGCGGTCCTATTGTC-1,Layer_3,2
GGGCGTACATTTATAT-1,Layer_3,2
GGGCGTCACCACGTAA-1,Layer_5,3
GGGCGTCCACTGGCTC-1,Layer_1,1
GGGCGTGGTTTCCCAG-1,Layer_5,3
GGGCTATGATCGATGG-1,Layer_6,3
GGGCTCATCGAACCCA-1,Layer_2,6
GGGCTGCCTAGGGCGA-1,Layer_3,2
GGGCTGGTTAGTCGCG-1,Layer_3,5
GGGTAATGCTGTGTTT-1,Layer_3,2
GGGTACCCACGGTCCT-1,Layer_3,2
GGGTACTTCATGAACT-1,Layer_4,5
GGGTATGTATGCACTT-1,Layer_4,5
GGGTATTCTAGCAAAC-1,WM,7
GGGTCACCGTGACGGT-1,Layer_4,5
GGGTCACGTGCTTATG-1,Layer_2,6
GGGTCACTGAGTAGTG-1,Layer_3,2
GGGTCAGGAGCTAGAT-1,WM,7
GGGTCATGCGTACCAT-1,Layer_3,2
GGGTCGTGGCAAGTGT-1,Layer_1,1
GGGTCTATCGCTTTCC-1,Layer_5,3
GGGTGACACCTTAACT-1,Layer_5,5
GGGTGCATATGAAAGC-1,Layer_1,1
GGGTGGTCCAGCCTGT-1,Layer_1,1
GGGTGTTTCAGCTATG-1,Layer_2,1
GGGTTAACATTTGAGT-1,Layer_6,3
GGGTTCAGACGAACAA-1,Layer_3,2
GGGTTTAGGATAGGAT-1,Layer_3,2
GGGTTTCCGGCTTCCA-1,Layer_1,1
GGTAAACTCTGCGCTG-1,Layer_5,3
GGTAAATGTGCGTTAC-1,Layer_1,1
GGTAACCGGGAGGATA-1,WM,7
GGTAACTATGTATCTG-1,Layer_3,6
GGTACAAACATGCTAT-1,Layer_4,5
GGTACACCAGATTTAT-1,Layer_1,1
GGTACATCTGGGACGA-1,Layer_5,3
GGTACCATTAAGACGG-1,Layer_1,1
GGTACGTTGCGGCCGG-1,Layer_5,3
GGTAGAAGACCGCCTG-1,Layer_5,3
GGTAGACCGTTGGGCG-1,Layer_5,3
GGTAGTGCTCGCACCA-1,Layer_3,2
GGTATAGTGACACATA-1,Layer_2,6
GGTATGAAAGAACTGA-1,Layer_5,3
GGTATTGCCGAGTTTA-1,Layer_3,5
GGTCAAGACTACTTCG-1,Layer_4,5
GGTCACGTTAGATTCA-1,Layer_2,6
GGTCAGTGGGTCCCAC-1,Layer_5,5
GGTCATTGTAGTCATA-1,Layer_1,1
GGTCCCATAACATAGA-1,Layer_2,6
GGTCCTTCATACGACT-1,Layer_3,2
GGTCGGATAAACGGCG-1,Layer_1,1
GGTCGGCCAGGAGCTT-1,Layer_3,2
GGTCGGTAATTAGACA-1,Layer_3,2
GGTCGGTCGTCCACAG-1,Layer_6,3
GGTCGTAAGCTCGCAC-1,Layer_6,7
GGTCTCCGTCCAGGTT-1,Layer_5,3
GGTCTCTGAATGGACT-1,Layer_6,7
GGTCTGAGAATCTGGA-1,Layer_3,2
GGTCTTGAGCGCTCTT-1,Layer_6,7
GGTGAAACCGGGAATG-1,Layer_1,1
GGTGAACGGGCTAGCC-1,Layer_3,6
GGTGAAGTACAGGGAT-1,Layer_5,3
GGTGAGATGCAGATAA-1,Layer_3,2
GGTGATAAGGAGCAGT-1,Layer_3,2
GGTGATGAAGGAAGTG-1,Layer_5,3
GGTGATTTCATCTTGT-1,Layer_2,6
GGTGCAGAGCCTATCG-1,Layer_1,1
GGTGCATAAATGATTA-1,WM,4
GGTGCGGATAAGTGGC-1,Layer_3,2
GGTGCTGATCACAAAG-1,Layer_4,5
GGTGCTGGTACACATT-1,Layer_5,3
GGTGGACCACGTGTTA-1,Layer_1,1
GGTGGACTGCTCTGGC-1,Layer_5,3
GGTGTAAATCGATTGT-1,WM,7
GGTGTAGGTAAGTAAA-1,WM,4
GGTGTTCTGTTTCTAC-1,Layer_1,1
GGTTACCACCCTCGGG-1,Layer_5,3
GGTTAGCTATATGTCT-1,Layer_3,5
GGTTAGGCTTGGAGAA-1,Layer_3,5
GGTTAGTTACGGCGCC-1,Layer_4,5
GGTTCCACCCGCTTCT-1,Layer_1,1
GGTTCCCTAGTGTCTC-1,Layer_3,6
GGTTCGATGCTGAGTT-1,Layer_3,6
GGTTCGGATTATACTA-1,Layer_6,3
GGTTCTACTCGTCTGA-1,Layer_3,2
GGTTGTATCGTGAAAT-1,Layer_1,1
GGTTGTGCTCTTGTCC-1,Layer_4,7
GGTTGTGTAGCCTGGC-1,Layer_5,3
GGTTTAATTACCATCG-1,WM,7
GGTTTAATTGAGCAGG-1,Layer_1,1
GGTTTACAATCTCAAT-1,Layer_3,6
GGTTTAGCCTTTCTTG-1,Layer_3,2
GGTTTCAATCGGTCAG-1,Layer_3,2
GGTTTGACAAGAAGCT-1,Layer_1,1
GGTTTGAGTGCTGGAA-1,Layer_3,6
GGTTTGCGAACACGTA-1,Layer_1,1
GGTTTGTGACCTGAGG-1,Layer_5,5
GTAACAACTGACCTTG-1,Layer_1,1
GTAACATCAGCTCATC-1,Layer_3,6
GTAACATCTAAGATAA-1,Layer_4,5
GTAACTGCCCAAGGAG-1,WM,4
GTAACTTGCGGCAGTC-1,Layer_3,6
GTAAGCGGGCAGTCAG-1,Layer_3,2
GTAAGGATTTGTCGGA-1,Layer_1,1
GTAAGTAACAGTCTGG-1,Layer_3,2
GTAAGTAGGGTATACC-1,Layer_3,5
GTAAGTCCACACTCTA-1,Layer_3,2
GTAATAAAGGGCTCCC-1,Layer_2,6
GTAATCTGATTCTTCG-1,Layer_5,3
GTACACTTACCTGAAG-1,Layer_3,5
GTACAGAGGCAAGGGT-1,Layer_3,2
GTACGACGGCGCTGCG-1,Layer_3,2
GTACGAGATTGCGACA-1,Layer_3,2
GTACGCTTCATTGCAC-1,Layer_4,5
GTACGTCACGTATTAA-1,Layer_1,1
GTACGTTTGCCCGTCA-1,Layer_4,5
GTACTAAGATTTGGAG-1,Layer_3,2
GTACTACGGCCTCGTT-1,Layer_6,3
GTACTCCCTTATCGCT-1,Layer_5,3
GTACTCCTGGGTATGC-1,Layer_1,1
GTACTGAGGTCGTAAC-1,Layer_2,6
GTACTGCATGAAGCGT-1,Layer_3,6
GTACTGGAGTTAGACC-1,Layer_3,2
GTACTTGGGCACTTCT-1,Layer_3,2
GTAGAAACGGGTGGAG-1,Layer_4,5
GTAGACAACCGATGAA-1,Layer_1,1
GTAGACACGCCTGACT-1,Layer_6,3
GTAGACGTCGTTACAT-1,Layer_3,2
GTAGAGGGAGACAAGT-1,Layer_6,7
GTAGCCAAACATGGGA-1,Layer_5,5
GTAGCGCTGTTGTAGT-1,Layer_1,1
GTAGCGGCTATACACT-1,Layer_3,5
GTAGCTAGTAAGCGCG-1,Layer_1,1
GTAGCTCCGGGAGGCT-1,WM,4
GTAGCTTCCTCTTGTT-1,Layer_3,6
GTAGGTGATCCGTGTA-1,Layer_1,1
GTAGTCGCGGGAATCA-1,Layer_4,5
GTAGTCTACGATATTG-1,Layer_6,3
GTAGTGAGCAACCTCA-1,Layer_5,3
GTAGTTAGACAATATA-1,Layer_3,2
GTAGTTCGAAGGCGAA-1,WM,4
GTATAATCTCCCGGAT-1,Layer_3,2
GTATAGGACTCAGTAG-1,Layer_3,2
GTATAGTGGCCCATGT-1,Layer_1,1
GTATATGTTACGGCGG-1,Layer_3,6
GTATCAAACGTTAGCT-1,Layer_4,5
GTATCAAGGTACTTCC-1,WM,7
GTATCAGCTTGGGTTC-1,Layer_3,2
GTATCCTTTGGTAACC-1,Layer_5,3
GTATCGGGACGAGCTG-1,Layer_3,6
GTATCTCAGTCTTGAC-1,WM,7
GTATCTCCCTAACTGT-1,Layer_1,1
GTATCTTGTTGCTCAC-1,Layer_1,1
GTATCTTTCATAACCA-1,Layer_4,5
GTATGAAATTTCACTC-1,WM,7
GTATGACGTGGGAAAC-1,Layer_2,6
GTATGTGGGTCTAGTT-1,Layer_3,2
GTATTAAGGCGTCTAA-1,Layer_3,2
GTATTAGGGTTCGCGT-1,Layer_2,6
GTATTCTGAGAAACGA-1,Layer_5,3
GTATTCTTACCGTGCT-1,Layer_3,6
GTCAAAGAAGTGGTGT-1,WM,7
GTCAAAGTTTACATAG-1,Layer_3,2
GTCAACCAGGCCTATA-1,Layer_5,3
GTCAAGCGGACTCGGG-1,Layer_3,2
GTCAATGCTATAATTT-1,Layer_1,1
GTCAATTGTACTGAAG-1,Layer_1,1
GTCACAAAGTTTCCAA-1,Layer_1,1
GTCACCTGTCTATGTC-1,Layer_2,6
GTCACTCTCCAAATCT-1,Layer_3,5
GTCAGAATAGTCTATG-1,Layer_4,5
GTCAGTTGTGCTCGTT-1,Layer_1,1
GTCAGTTTGGTAGTCG-1,Layer_5,3
GTCATCTCCTACAGCT-1,Layer_3,2
GTCATGCACCTCCGTT-1,Layer_3,2
GTCATGCGCGAGGGCT-1,Layer_5,3
GTCATGGACATGACTA-1,Layer_3,2
GTCATTAGAGCGAACG-1,Layer_3,5
GTCATTGCATTGACCC-1,Layer_5,3
GTCCAATATTTAGCCT-1,WM,7
GTCCACGTCGCATTCG-1,Layer_5,3
GTCCAGGCACGTGTGC-1,WM,4
GTCCATTACTGCTACG-1,Layer_3,2
GTCCCAACGTAAAGTA-1,Layer_3,2
GTCCCAATCATCCCGC-1,Layer_6,7
GTCCCGCGACGTTATG-1,Layer_5,3
GTCCGAGAGCAATCAT-1,Layer_5,3
GTCCGGACCTGAAATT-1,Layer_5,5
GTCCGGCTGAATTGCG-1,Layer_3,5
GTCCGGGTTCACATTA-1,Layer_6,7
GTCCGTTAGAGGGCCT-1,WM,7
GTCCTACAGGCGGCTC-1,Layer_3,2
GTCCTACGAATAGTCT-1,Layer_4,5
GTCCTATTGTTGTGGT-1,Layer_5,3
GTCCTTCTACAACCCA-1,Layer_4,7
GTCCTTCTAGTGGGTT-1,Layer_1,1
GTCCTTTAATGACTTC-1,Layer_1,1
GTCGCCGTTGTGTGTT-1,Layer_6,7
GTCGCGTAACCCGTTG-1,Layer_3,2
GTCGGAAGGATACCAG-1,Layer_1,1
GTCGGATATCTCAGAC-1,Layer_4,5
GTCGGATGTAGCGCGC-1,Layer_1,1
GTCGGGAACATGGTAG-1,Layer_6,7
GTCGGGAAGCAGAAAC-1,Layer_6,3
GTCGTACCATCTCGGG-1,Layer_5,5
GTCGTACCTACGATTG-1,Layer_5,3
GTCGTATTGGCGTACA-1,Layer_1,1
GTCGTCAATTATAAGG-1,Layer_2,6
GTCGTGTCTGGTCATC-1,Layer_1,1
GTCGTTATTCGCTTAT-1,Layer_4,5
GTCTAAGATGCCCAGC-1,Layer_3,6
GTCTACTCAATTACAA-1,Layer_5,3
GTCTAGTGAGCCGCTT-1,Layer_6,3
GTCTATCTGAGTTTCT-1,Layer_5,3
GTCTATTGCATGCTCG-1,Layer_5,3
GTCTATTGGTTCCGGT-1,Layer_4,5
GTCTCAAGGCCCGGCT-1,Layer_6,3
GTCTCCGCCTCAATAC-1,WM,4
GTCTCGACTAAGTTTG-1,Layer_1,1
GTCTCGATCTGCTTTC-1,Layer_1,6
GTCTCGCCAACACGCC-1,Layer_1,1
GTCTGCCGACTCGACG-1,Layer_6,3
GTCTGGGCGGTCGAGA-1,Layer_5,3
GTCTTAGTACAGCCGG-1,Layer_1,1
GTCTTCCTCACCTAAG-1,Layer_5,3
GTCTTGAGGAGCAGTG-1,Layer_2,6
GTCTTGTAGCTATTCA-1,Layer_3,2
GTGAAACGGCGCCACC-1,Layer_2,1
GTGAAACGTGCTCCAC-1,Layer_3,6
GTGAACTCCCATTCGA-1,Layer_2,1
GTGAAGATTTCAAGTG-1,Layer_1,1
GTGAAGCCGTATAGTC-1,Layer_1,1
GTGACAGCTTCCCACT-1,Layer_6,7
GTGACCGCACACTACG-1,Layer_3,2
GTGACGAGGGTGACCC-1,Layer_1,1
GTGACGCAGGTTTCAT-1,Layer_6,7
GTGACTTCAGTAGTGC-1,Layer_5,3
GTGAGATAACCTTATA-1,WM,4
GTGAGCGTGCTGCACT-1,Layer_5,3
GTGAGGACACTTAAGG-1,Layer_3,2
GTGAGGAGCGGTTGAG-1,Layer_1,1
GTGAGTCTAAGACGGA-1,Layer_4,2
GTGAGTGGTACAACGC-1,Layer_5,3
GTGATCAAGCGTGCAC-1,WM,4
GTGATCACTAACGCCT-1,Layer_3,2
GTGATCATAGATCTGC-1,Layer_5,5
GTGATCCTTGTCATGA-1,Layer_5,3
GTGATGCACAACATCT-1,Layer_1,1
GTGATTCGCCGCTCAA-1,Layer_5,3
GTGCAACAAATGTGGC-1,Layer_1,6
GTGCACCAGCTTCAAC-1,WM,7
GTGCACGAAAGTGACT-1,Layer_1,1
GTGCCATCACACGGTG-1,Layer_5,3
GTGCCCGTTCGGATTC-1,Layer_3,2
GTGCCGCTTCAAAGGT-1,Layer_5,3
GTGCCTAGCTATGCTT-1,Layer_3,2
GTGCCTCAGTGTACGG-1,Layer_1,1
GTGCCTGAGACCAAAC-1,Layer_6,3
GTGCGAAATCGAACAC-1,Layer_5,3
GTGCGACAGGGAGTGT-1,Layer_3,6
GTGCGCAGCTTGCTCC-1,Layer_2,6
GTGCGCTTACAAATGA-1,Layer_1,1
GTGCGGGACCATCGGC-1,Layer_2,1
GTGCGGGTCTCCAAAT-1,Layer_3,2
GTGCGTGTATATGAGC-1,Layer_3,2
GTGCTCAAGTACTGTC-1,Layer_3,5
GTGCTGCAGATAAGGA-1,Layer_5,3
GTGCTGTTAGAACATA-1,WM,3
GTGCTTACATCAGCGC-1,Layer_3,2
GTGGAACCTACATGCG-1,Layer_1,1
GTGGACCAACCCGATT-1,Layer_5,3
GTGGACGCATTTGTCC-1,Layer_5,3
GTGGACGTGCTGAGAC-1,Layer_3,2
GTGGAGTCGGCGGTTG-1,Layer_6,7
GTGGCAAACAGCGGCA-1,Layer_6,7
GTGGCCTAATATCATT-1,Layer_5,3
GTGGCGGGCCGTAGCT-1,Layer_1,1
GTGGCGGTCCCAGCGT-1,Layer_5,3
GTGGCGTGCACCAGAG-1,Layer_2,6
GTGGCTGTTTCTGTTC-1,Layer_6,3
GTGGGAACAAACCGGG-1,WM,4
GTGGGAAGACTGAATC-1,Layer_6,7
GTGGGCTTAGACACAC-1,Layer_3,5
GTGGGTCTTCTTTGCG-1,Layer_2,1
GTGGTATAGTCTGCCG-1,Layer_6,7
GTGGTCAGCGAAGTAT-1,Layer_1,1
GTGGTGGCCAAGTGAA-1,Layer_4,5
GTGGTTACTTCTTTCG-1,Layer_2,1
GTGGTTTCCGCCTTTC-1,Layer_5,3
GTGTACCTTGGCTACG-1,Layer_3,6
GTGTATATCAGCGGGC-1,Layer_5,3
GTGTATGACTTTAAAG-1,Layer_1,1
GTGTCAGTGTACGTGG-1,WM,4
GTGTCCGATAAGGCAT-1,Layer_2,1
GTGTCGTATAGCGTTC-1,Layer_5,3
GTGTCGTATTCACCTT-1,Layer_2,6
GTGTGAATAACTTAGG-1,Layer_3,2
GTGTGAGCCGAGGTGC-1,Layer_1,1
GTGTGTCGACGTCGCT-1,Layer_3,7
GTGTTACTATGCGTCC-1,Layer_3,2
GTTAAAGTAGGACTGG-1,Layer_4,5
GTTAACATCACTTAAA-1,Layer_5,3
GTTAACTATGTTGTCA-1,Layer_3,2
GTTAAGGGTGCGATGT-1,Layer_6,3
GTTAAGTTAGAGTGGG-1,Layer_2,6
GTTAATGTCTATCTTA-1,Layer_5,3
GTTACAATTGGTGACG-1,Layer_5,3
GTTACCTACAACTTGC-1,Layer_4,5
GTTACGAAATCCACGC-1,Layer_1,1
GTTACGGCCCGACTGC-1,Layer_1,1
GTTACTTTGGGCCTAG-1,Layer_5,3
GTTAGAGTGTGCCGCT-1,Layer_1,1
GTTAGCCCATGACATC-1,Layer_6,7
GTTAGCCGTAAATCAA-1,Layer_1,1
GTTAGGCTACCCGTTT-1,WM,7
GTTATAATACGGTGAA-1,Layer_4,5
GTTATATCAGGAGCCA-1,Layer_1,1
GTTATATTATCTCCCT-1,Layer_5,3
GTTATCAAGCTATCGA-1,Layer_6,3
GTTATCACCTTCTGAA-1,Layer_1,1
GTTATTAAATACGACC-1,Layer_1,1
GTTATTAACGTGGGAG-1,Layer_3,2
GTTCAAATCAGATGTC-1,Layer_4,7
GTTCAATCTATGTCAA-1,Layer_1,1
GTTCACAGGAGTCTAG-1,Layer_4,5
GTTCAGTCGCCAAATG-1,WM,4
GTTCATCGTTTGGCTG-1,Layer_2,6
GTTCCAAGACAGCGAC-1,Layer_2,6
GTTCCAGTCTGACCAT-1,Layer_3,6
GTTCCCGTAAACATAT-1,Layer_4,3
GTTCCGTCCGCCTGCA-1,WM,4
GTTCGCCATAAGTGCC-1,Layer_4,5
GTTCGCTGAGACGTCT-1,Layer_3,5
GTTCGGAGCACTCAAC-1,Layer_5,3
GTTCGGATCGGGAACA-1,Layer_3,2
GTTCGGGCGTACCATT-1,Layer_2,6
GTTCGTCTAAAGAACT-1,Layer_4,5
GTTCGTCTGGGTCCCT-1,Layer_1,1
GTTCGTTGCGGACCAG-1,Layer_1,1
GTTCTTCCCTCGATGT-1,Layer_3,6
GTTCTTGTAACTCAAT-1,WM,7
GTTGAACCGGTTCCAT-1,Layer_5,3
GTTGAGTCCCGCCGGT-1,Layer_5,3
GTTGCACGGAGTTTCG-1,Layer_3,2
GTTGCGCTAACATTAC-1,Layer_3,2
GTTGGACCGCATCAGG-1,Layer_1,1
GTTGGATTCAGTGGCT-1,Layer_1,1
GTTGGATTGAGAACAC-1,Layer_3,2
GTTGGATTTGCGTTGG-1,Layer_4,5
GTTGGTCATGCTATCC-1,Layer_5,3
GTTGTAGATTTATGAG-1,WM,7
GTTGTCGTGTTAGTTG-1,Layer_3,2
GTTGTTACATTGCGCT-1,Layer_1,1
GTTTACGTTCCATCTG-1,Layer_5,5
GTTTATGGGATTTAGA-1,Layer_4,7
GTTTCAAACGAGTTGT-1,Layer_5,3
GTTTCATATCGTCGCT-1,Layer_5,3
GTTTCCTGGAGGGTGA-1,Layer_3,2
GTTTCTAGAGGCGCGG-1,Layer_6,3
GTTTCTGCAGTCTCCC-1,Layer_3,5
GTTTGACCAAATCCTA-1,Layer_3,2
GTTTGAGCGGTTATGT-1,Layer_1,1
GTTTGGCCCAAGTTAT-1,Layer_3,2
GTTTGGCCGCTCAGCG-1,Layer_3,2
GTTTGGCGTCAGGCAC-1,Layer_3,6
GTTTGGGCTTGTGAGC-1,Layer_5,3
GTTTGGGTTTCGCCCG-1,Layer_5,3
GTTTGGTAGGGTCAAC-1,Layer_5,3
GTTTGGTGATCGGTGC-1,WM,4
TAAACCCAGGAGGGCA-1,Layer_6,7
TAAACGTCGTCAATGA-1,Layer_3,2
TAAAGACAACCCTTTA-1,Layer_3,2
TAAAGAGCCCGAAACC-1,Layer_2,6
TAAAGCGGTATTTCCA-1,WM,7
TAAAGCGTTAGGAGAA-1,Layer_2,6
TAAAGCTGCAATAGGG-1,Layer_1,1
TAAAGGAGAAACTAGT-1,Layer_1,1
TAAATCTTTACACCTC-1,Layer_1,1
TAAATGAATCCGTTTC-1,Layer_3,2
TAAATGCCGTCTCATG-1,Layer_1,1
TAAATTGTGGGTAAAG-1,WM,7
TAAATTTAGTAACACC-1,WM,4
TAACAAAGGGAGAAGC-1,Layer_3,2
TAACAATATTTGTTGC-1,Layer_4,5
TAACAGCGTTTGTGCT-1,WM,4
TAACAGGTTCCCTTAG-1,WM,7
TAACATACAATGTGGG-1,Layer_3,5
TAACATACACGCGATC-1,WM,7
TAACCGCCCGCAGTGC-1,Layer_2,6
TAACCGTCCAGTTCAT-1,Layer_2,6
TAACCTACCGTCCGAG-1,Layer_3,6
TAACCTAGGGAGTCCA-1,Layer_5,5
TAACGCTTTGAGAGCG-1,Layer_3,5
TAACTATCGAAGGTCC-1,Layer_3,5
TAACTATTACGCCAAA-1,Layer_1,1
TAACTCATCCGCGCGG-1,Layer_5,3
TAACTCCATGGAGGCT-1,Layer_3,2
TAAGATTTAGCGGGAG-1,Layer_1,1
TAAGCAGGCGACACGC-1,Layer_5,3
TAAGCCCTTACGACCA-1,Layer_1,1
TAAGGAACTTGTGGGA-1,Layer_3,2
TAAGGCAACATAAGAT-1,Layer_3,6
TAAGGCATAACATCAA-1,Layer_6,3
TAAGGCCCGTCACCCT-1,Layer_6,3
TAAGGCTGAATCCCTC-1,Layer_3,2
TAAGGGCCTGTCCGAT-1,Layer_5,5
TAAGGGCTGGGAGAGG-1,Layer_5,3
TAAGTAAATGTGCCGC-1,Layer_1,1
TAAGTAACATCTTGAC-1,Layer_5,3
TAAGTCGCCGAGTATC-1,Layer_6,7
TAAGTTGCGACGTAGG-1,Layer_4,5
TAATAAACAAGGAGAT-1,Layer_1,1
TAATACACAGTAGTAT-1,Layer_3,6
TAATACTAGAACAGAC-1,Layer_6,7
TAATAGAACAGAGTTA-1,Layer_6,3
TAATAGGTCACCAGAA-1,WM,4
TAATAGTGACGACCAG-1,Layer_3,6
TAATATTGAAATTCGC-1,Layer_3,2
TAATCAGGAATGCTGC-1,Layer_3,6
TAATCGATCCGTACGT-1,Layer_1,1
TAATGAAAGACCCTTG-1,Layer_4,5
TAATTACGTCAGTAGA-1,Layer_5,3
TAATTAGATGGATATG-1,Layer_3,6
TAATTAGGACATCCGT-1,Layer_3,2
TAATTGGAATCGGGAA-1,Layer_1,1
TAATTTCCGTCCAGTA-1,Layer_6,7
TACAAATTGCGGAGGT-1,Layer_1,1
TACAACGCACAACTCA-1,Layer_5,5
TACAAGCTGTTCACTG-1,Layer_1,1
TACAAGGGCTTCTTTA-1,Layer_6,3
TACAAGTCTCGTGCAT-1,Layer_4,5
TACAATGAAACCAGCA-1,Layer_1,1
TACACAGCCGTGGTGC-1,WM,7
TACACCGTCGTTAGTC-1,Layer_1,1
TACACCTCTTCGAATC-1,Layer_6,3
TACAGAAACGGTGGGC-1,Layer_5,3
TACATAGGCATACACC-1,Layer_4,5
TACATCCCTATCCCTG-1,Layer_6,3
TACATCTTGTTTCTTG-1,Layer_3,7
TACATGACCTTATCCG-1,Layer_4,7
TACATTTCTAACGTGC-1,Layer_4,5
TACCAAATAGCCCAGA-1,Layer_6,3
TACCAATAAAGTACCA-1,Layer_5,3
TACCAGAAGTAGGTTC-1,Layer_5,3
TACCAGCTAGGTTTAA-1,Layer_1,1
TACCAGGAATCCCGTC-1,WM,4
TACCGAATAATTGTAA-1,Layer_6,3
TACCGCGGACTTGCAG-1,Layer_3,6
TACCGGCTCACTGCCC-1,Layer_5,5
TACCGGTCGTTTCCAT-1,Layer_5,3
TACCGTAGGTTAACTA-1,Layer_6,3
TACCGTGCCTCGGACC-1,Layer_5,5
TACCTACTCCCAGTAT-1,Layer_6,3
TACCTATCCCTAGAGG-1,Layer_6,7
TACCTCACGCTTGTAC-1,Layer_3,6
TACCTCAGTTGTCTGT-1,Layer_6,7
TACCTCCACACCAATG-1,WM,4
TACCTGCTGCACTGTG-1,Layer_4,5
TACCTTAAGATTTCCC-1,Layer_6,7
TACGAACACGACTTCA-1,Layer_3,5
TACGACGCTTGCTGCG-1,Layer_5,3
TACGACTGCCTCTTAG-1,Layer_4,5
TACGAGAACTTCACGT-1,Layer_4,5
TACGATCCAAGCCACT-1,Layer_3,6
TACGATGTTGATCATC-1,Layer_4,5
TACGCAGTTCTTTCCT-1,Layer_4,5
TACGCCATATTCTAAT-1,Layer_4,5
TACGCCGAGGGTACCC-1,WM,7
TACGCCTCCATTCCGA-1,Layer_5,3
TACGCTATAGAAACCT-1,Layer_3,6
TACGCTCGGTATTGGA-1,Layer_5,3
TACGGAAGCCAAACCA-1,Layer_6,7
TACGGCATGGACGCTA-1,Layer_5,3
TACGGGATGCTAGCAG-1,Layer_1,1
TACGGGTAATAACATA-1,Layer_6,3
TACGTAAAGCGGAGTG-1,Layer_5,3
TACGTACTAGTGCTGA-1,WM,7
TACGTGCACTATGCTG-1,Layer_3,2
TACGTGGGCCCAGGGC-1,Layer_6,7
TACGTTTACCGGCAAT-1,Layer_5,3
TACTACGTGCAATGCG-1,Layer_6,7
TACTATGGTTCCTCAG-1,Layer_6,3
TACTCCTCTAGTTGAC-1,WM,4
TACTCGGCACGCCGGG-1,Layer_5,3
TACTCGTTTGAATCAA-1,Layer_6,7
TACTCTCCGAACAAAT-1,Layer_2,6
TACTCTTACTTTACTG-1,Layer_4,3
TACTCTTTCGTCTTCA-1,Layer_6,3
TACTGAACAGATTTAG-1,Layer_6,3
TACTGCAATCAATTAC-1,Layer_1,1
TACTGGACAGCTCGGC-1,Layer_5,3
TACTGTTTCTCTGGTA-1,Layer_3,2
TACTTAAACATGTACA-1,Layer_5,3
TACTTGTTAGTAGTCC-1,Layer_3,2
TACTTTACTGAGCCGG-1,Layer_2,6
TACTTTCCGCACGCCA-1,Layer_6,7
TAGAAACACAATAGTG-1,Layer_3,7
TAGAAACCACTAAGTA-1,Layer_1,1
TAGAAAGGTGGCGCTA-1,Layer_3,2
TAGAAATTCACGTATA-1,Layer_5,3
TAGAATAGCCGATGAA-1,Layer_5,3
TAGAATTAAGGGCAAC-1,Layer_1,1
TAGACGAAACGCCAAT-1,Layer_6,3
TAGACGCCCGTACCGG-1,Layer_3,6
TAGACTACCTAGCGTT-1,Layer_3,2
TAGAGATCATGCAACT-1,Layer_5,3
TAGAGCTACGAAGAAC-1,Layer_2,6
TAGAGGGAGTTTATCT-1,WM,7
TAGAGGTTCTACTTGT-1,Layer_4,5
TAGAGTCTAAGCGAAC-1,Layer_3,2
TAGATATGGACTGGAA-1,Layer_5,3
TAGATCCGAAGTCGCA-1,Layer_1,1
TAGATGGTTCCTTACT-1,Layer_5,5
TAGATTCAAAGTGCGG-1,WM,4
TAGATTCCTGGTTATT-1,Layer_5,3
TAGCAACCTGTCACAA-1,Layer_3,2
TAGCAGATACTTAGGG-1,Layer_6,3
TAGCAGTAAATACGCG-1,Layer_3,2
TAGCAGTATGACTAAA-1,Layer_5,3
TAGCCAGAGGGTCCGG-1,Layer_3,2
TAGCCATTTCAAAGTC-1,Layer_3,2
TAGCCGGCGGTCAGCG-1,Layer_3,2
TAGCGTCCCTCGATTG-1,Layer_3,2
TAGCGTCCGGTGTGGT-1,Layer_5,3
TAGCGTCGAATATTGA-1,Layer_5,3
TAGCGTTGGGTCTTAC-1,Layer_3,5
TAGCTAAGTCCGGGAG-1,Layer_3,2
TAGCTAGAAGGCATGA-1,Layer_5,3
TAGCTAGTGATGATGG-1,Layer_6,7
TAGCTCAGATCCTAGT-1,Layer_2,6
TAGCTCGCCTGATAAC-1,Layer_5,3
TAGCTGATGTGAAGCG-1,Layer_6,7
TAGGAACAGCCTCCAG-1,Layer_1,1
TAGGATCTTAACCGCA-1,WM,7
TAGGCATGTTACGCCA-1,Layer_2,6
TAGGCCTATATAGTCT-1,Layer_5,3
TAGGCTAAAGTGGCAC-1,Layer_5,3
TAGGGAGCTTGGGATG-1,Layer_3,6
TAGGGTGTTTCAAGAG-1,Layer_3,2
TAGGTCCAAGTAAGGA-1,Layer_4,5
TAGGTCGCCGGAACTG-1,Layer_2,6
TAGGTGACGATAACCT-1,Layer_5,3
TAGGTGAGCCCTACTC-1,Layer_3,5
TAGGTGCTCGCCTAGC-1,Layer_3,2
TAGGTGTTCCACAGAT-1,Layer_6,3
TAGGTTCGAGTTCGTC-1,Layer_3,2
TAGGTTCTGCTGAGAA-1,WM,7
TAGTACCTTAGTGGTC-1,Layer_3,2
TAGTAGCTTATACCAG-1,WM,7
TAGTCCCGGAGACCAC-1,WM,7
TAGTCCGCAGAGAATG-1,Layer_4,5
TAGTCCGTATGCATAA-1,Layer_3,2
TAGTCGATCACGGGTT-1,Layer_3,2
TAGTCGGGATTCTTCG-1,Layer_3,5
TAGTCTAACAACGAGA-1,Layer_5,3
TAGTCTGCGGCACATT-1,WM,4
TAGTCTGTGACGTTGC-1,Layer_1,1
TAGTCTTTCCGAATTG-1,Layer_3,5
TAGTGAGAAGTGGTTG-1,Layer_1,1
TAGTGCCCTCCAGAGT-1,Layer_3,5
TAGTGCTTGAATCCTT-1,Layer_3,5
TAGTGGAACTCATACA-1,Layer_1,1
TAGTGTCAGAAACGGC-1,Layer_3,2
TAGTTAAGATAGGATA-1,Layer_1,1
TAGTTTATTCTTGCTT-1,Layer_2,6
TATAAATCCACAAGCT-1,Layer_3,2
TATAAGTGAGGATAGC-1,Layer_3,2
TATACACAGACGCCTT-1,Layer_5,3
TATACACGCAAAGTAT-1,Layer_3,2
TATACGCGTCATCACT-1,Layer_6,3
TATACTCATGCGGCAA-1,Layer_3,2
TATAGAGTCGCTTGAA-1,WM,7
TATAGATGGTCGCAGT-1,Layer_3,2
TATAGCGCACGTTATC-1,Layer_6,7
TATAGGGTACTCATGA-1,Layer_5,3
TATATAGGGCTTTACG-1,WM,4
TATATATCGAGAAATG-1,WM,4
TATATCAAAGTGATCT-1,WM,4
TATATCATTGATCAGT-1,Layer_5,3
TATATCCCTGGGAGGA-1,Layer_3,6
TATATGCTGGGTTGCC-1,Layer_4,7
TATATTACAAATGTCG-1,Layer_1,1
TATATTCGCGTCGATA-1,Layer_1,1
TATCAAAGGTCTGTAA-1,Layer_5,7
TATCACAGCACGGGCA-1,Layer_1,1
TATCACCATGTAAAGT-1,Layer_1,1
TATCACCCAACCGACC-1,Layer_1,1
TATCACTTCGAGTAAC-1,Layer_1,1
TATCCAATTGGTTATC-1,Layer_5,3
TATCCATATCATGCGA-1,Layer_3,6
TATCCCTCGATCTGCA-1,Layer_6,3
TATCCGCACCGTCGGG-1,Layer_6,3
TATCCTATCAACTGGT-1,WM,4
TATCCTGCATGGGAAT-1,Layer_2,6
TATCGATCTATGCATA-1,Layer_1,1
TATCGATGATTAAACG-1,Layer_3,2
TATCTACAGAGGTAAT-1,Layer_4,5
TATCTACCACAGCGGG-1,Layer_4,5
TATCTAGCCTAAAGGA-1,Layer_5,3
TATGAAGAATTAAGGT-1,Layer_5,3
TATGAAGACAGGTGCG-1,Layer_4,5
TATGATAAATCTAACG-1,Layer_1,1
TATGATCCGGCACGCC-1,Layer_1,1
TATGATCTTCTCTTTA-1,Layer_5,3
TATGATTCTGCTTGGT-1,Layer_2,1
TATGCTCCCTACTTAC-1,Layer_3,2
TATGGAGTTTCTCGTT-1,Layer_2,6
TATGGATGTGCTACGC-1,Layer_3,2
TATGGCAGACTTTCGA-1,Layer_1,1
TATGGCCCGGCCTCGC-1,Layer_4,5
TATGGGACCGAGCAGG-1,Layer_3,5
TATGGGTACGTATCGT-1,Layer_3,5
TATGGTCTGAGTAACA-1,Layer_3,5
TATGGTTAGTGGGAGA-1,Layer_3,2
TATGTAAAGTGCTTAA-1,WM,4
TATGTCAAGACCGACT-1,Layer_1,1
TATGTCTCATTGTGCC-1,Layer_3,6
TATTAACCTGACCGCG-1,Layer_6,3
TATTACCATCCTGCTT-1,Layer_3,6
TATTATGTTTGCCTGC-1,WM,7
TATTCAATTCTAATCC-1,Layer_3,2
TATTCCACTCAGCTCG-1,Layer_5,3
TATTCCGAGCTGTTAT-1,Layer_5,5
TATTCCGGCAGTCCTA-1,Layer_1,1
TATTCCTCCGCCCACT-1,Layer_6,3
TATTCGTGCCAGAATA-1,Layer_3,5
TATTGACATTTCTGCC-1,Layer_1,6
TATTGCCGGGCTTGTA-1,Layer_5,3
TATTTAGTCTAGATCG-1,Layer_3,6
TATTTATACCGAGTAG-1,Layer_1,1
TATTTGATTTGCACAG-1,Layer_3,5
TATTTGTTACCCTTTA-1,Layer_3,2
TCAAACAACCGCGTCG-1,Layer_3,2
TCAAACAATTAGGACA-1,Layer_3,6
TCAAACTTAGATTGTT-1,Layer_3,2
TCAAATTGTTGTGCCG-1,Layer_6,7
TCAAATTTGAGACTCA-1,Layer_6,3
TCAACAAAGATAATTC-1,Layer_6,7
TCAACACATTGGGTAA-1,Layer_3,6
TCAACATAGCGCCCTA-1,Layer_6,7
TCAACATCGACCGAGA-1,Layer_6,3
TCAACCATGTTCGGGC-1,Layer_3,2
TCAACGAGGAGACAAA-1,Layer_4,5
TCAACGCAGGAAATAA-1,Layer_6,7
TCAACGCGACCGGCAG-1,Layer_5,3
TCAACTAACGTATAAC-1,Layer_5,5
TCAACTGCAGAGTCAG-1,Layer_4,5
TCAAGAAATACTAGCT-1,Layer_2,6
TCAAGCGCGGACGGTA-1,Layer_4,3
TCAAGGTTACTACACC-1,Layer_3,2
TCAATACAATTGCTGC-1,Layer_5,3
TCAATACGCCGTCATG-1,Layer_6,7
TCACAAACCGAGGTAC-1,Layer_5,3
TCACAGATCCTCAAAC-1,Layer_3,2
TCACAGCAAACTCGAA-1,Layer_5,3
TCACAGGAGAATAAGA-1,Layer_6,3
TCACAGGGAATCGCAA-1,Layer_4,5
TCACAGGTTATTGGGC-1,Layer_3,5
TCACATCTTATCTGAT-1,Layer_4,5
TCACCCTCTTAAGATT-1,Layer_5,5
TCACCGCTCGGCACTC-1,Layer_3,6
TCACGATGTCCGTGGA-1,Layer_6,7
TCACGCATTGTAGATC-1,Layer_3,5
TCACGGTCATCGCACA-1,Layer_3,2
TCACGTGCCCGATTCA-1,Layer_3,5
TCACTACGACCAATGC-1,Layer_1,1
TCACTATCCCTTCGGT-1,Layer_6,3
TCACTATCGTGCAATC-1,Layer_1,1
TCACTCAGCGCATTAG-1,Layer_1,1
TCACTCGTGCAACGGC-1,Layer_1,1
TCACTCTTCGTCTGTC-1,Layer_3,2
TCAGAACCTCCACAGG-1,Layer_2,1
TCAGAACGGCGGTAAT-1,Layer_6,7
TCAGACGCTATAGAAG-1,Layer_4,5
TCAGAGGACGCGTTAG-1,Layer_6,3
TCAGATGGAGACGTAG-1,Layer_2,1
TCAGCAAATGCATCTC-1,Layer_3,2
TCAGCAGTAGGCCCTG-1,WM,7
TCAGCCAATCCGTAAA-1,Layer_5,3
TCAGCGCACGCCGTTT-1,Layer_6,7
TCAGGGCGACTTCCTT-1,Layer_5,7
TCAGGGCGCAAACTCG-1,Layer_3,2
TCAGGGTGCACGAAAC-1,Layer_1,1
TCAGGGTGTAACGTAA-1,Layer_3,2
TCAGGTTCTTTGAGAA-1,Layer_3,5
TCAGTACTGACCCGCG-1,Layer_3,5
TCAGTAGGGACTATAA-1,Layer_5,3
TCAGTGTATACGTCAT-1,WM,7
TCAGTTACGGAATGAT-1,Layer_1,1
TCATACTTACAGATCC-1,Layer_3,2
TCATATGAGCTTTGTT-1,Layer_6,7
TCATCACTCGAGCTCG-1,Layer_3,2
TCATCCCAGAGGGTGG-1,Layer_1,1
TCATCCTCAGCTGCTT-1,Layer_6,3
TCATCGACGACCGTCG-1,Layer_6,7
TCATCGATGGTCCCAA-1,WM,7
TCATGCAGGTTCTCAT-1,Layer_1,1
TCATTCGTATAATTTG-1,Layer_2,6
TCATTTAAGTCTCCGA-1,Layer_3,6
TCATTTAGAAGTGTGA-1,Layer_4,5
TCCAACTCAGCTATCT-1,Layer_6,3
TCCAACTTTAAATTCT-1,Layer_5,3
TCCAAGCCTAGACACA-1,Layer_6,7
TCCAATAAAGGCTACC-1,WM,7
TCCACAATGGTTTACG-1,Layer_3,5
TCCACATCGTATATTG-1,WM,7
TCCACCAAGACATAGG-1,Layer_6,3
TCCACCTCTAGCCTTT-1,Layer_6,7
TCCACTTTATCTAGGT-1,Layer_3,2
TCCAGAGCACCGGTTC-1,Layer_3,5
TCCAGATGTACGCCAA-1,Layer_1,1
TCCAGCGCTATAAGCG-1,Layer_3,5
TCCAGGCAGGACGATC-1,WM,7
TCCAGGCGAGTACGGT-1,Layer_3,2
TCCAGGGTATATACGA-1,Layer_6,3
TCCATTAGTTGGATAG-1,Layer_2,6
TCCATTCCCACTAGAG-1,Layer_1,1
TCCATTGTGACCTCGT-1,Layer_1,1
TCCCAAACAGACAACG-1,Layer_1,1
TCCCAAAGACGAAGGA-1,Layer_3,2
TCCCAAAGCCCTAAAT-1,Layer_3,6
TCCCACGGAGGGAGCT-1,Layer_1,1
TCCCACTCTCTTCCGG-1,Layer_2,1
TCCCAGCTTTAGTCTG-1,Layer_3,5
TCCCAGGCTTAGCTAA-1,Layer_3,5
TCCCGCGTACTCCTGG-1,Layer_3,2
TCCCGGGTGTGCTGCT-1,Layer_4,5
TCCCGGTCAGGAATTT-1,Layer_2,6
TCCCGTCAGTCCCGCA-1,Layer_3,6
TCCCGTCGCGTCATAG-1,Layer_1,1
TCCCGTGTGCAATTTG-1,Layer_3,5
TCCCTAGATCAATAGG-1,Layer_1,1
TCCCTCCGAAATCGTT-1,Layer_1,1
TCCCTCTTCTCAAGGG-1,Layer_5,3
TCCCTGGCGTATTAAC-1,WM,7
TCCCTGGCTCGCTGGA-1,Layer_4,3
TCCCTTAGATTACTCG-1,Layer_1,1
TCCCTTGTCTGAAACT-1,Layer_5,3
TCCGAACTTGGCTTAC-1,Layer_5,3
TCCGAAGTAGTCACCA-1,Layer_1,1
TCCGAATGGTCCTGAG-1,Layer_1,1
TCCGACCGCTAATCAA-1,WM,4
TCCGAGAAGGCTAAGC-1,Layer_1,1
TCCGATAATTGCCATA-1,Layer_2,6
TCCGATGACTGAGCTC-1,Layer_2,6
TCCGATGGTGCGACAT-1,Layer_3,2
TCCGATTACATTGCCG-1,Layer_4,5
TCCGCAGCCACCTAGC-1,Layer_3,2
TCCGCCTGTCTACAAG-1,Layer_5,3
TCCGCGGCAGCATCTG-1,Layer_3,2
TCCGCGGCCCAATGAA-1,Layer_4,5
TCCGCTGTCATCCCGG-1,Layer_4,5
TCCGCTTATCCCATTA-1,Layer_5,5
TCCGGAGGAAGGGCTG-1,Layer_1,1
TCCGGCCTAGCGTACA-1,Layer_2,6
TCCGGCCTGCATCGAT-1,Layer_1,1
TCCGGGCTTGACGGGA-1,Layer_5,3
TCCGGTTCGTCCGGTC-1,Layer_5,3
TCCGTAACCACAATCC-1,Layer_3,2
TCCGTTAAGCTAATAT-1,Layer_4,5
TCCGTTTAGCCTTGAA-1,Layer_3,6
TCCTAAAGATTCAGAC-1,Layer_6,7
TCCTAAATTGGGAAGC-1,Layer_5,3
TCCTAACCGTCGGGCA-1,WM,7
TCCTACATCCACGGCC-1,Layer_3,5
TCCTAGCAAAGAAGCT-1,Layer_5,3
TCCTCCTAAGACATTC-1,Layer_6,7
TCCTCGGGCTGGGCTT-1,Layer_3,2
TCCTCTACGAGATGGC-1,Layer_3,5
TCCTCTCCAGTTGTCC-1,Layer_4,5
TCCTCTGGCCCATTAG-1,Layer_1,1
TCCTGCCAACTGGAGA-1,Layer_1,1
TCCTGCGTTGATACTC-1,Layer_5,3
TCCTGGCGCTGCCTGG-1,Layer_1,1
TCCTTACGACGGTCCG-1,Layer_3,5
TCCTTCAATCCCTACG-1,Layer_6,7
TCCTTCAGTGGTCGAA-1,Layer_1,1
TCCTTGTCCTTTAATT-1,Layer_6,7
TCCTTTAAATCCGCTT-1,Layer_5,5
TCCTTTCTTACGCTTA-1,Layer_3,2
TCGAAATTTAGGACCA-1,Layer_3,5
TCGAAGAACCGAGCAC-1,Layer_3,2
TCGAATATCCCGCAGG-1,WM,7
TCGAGACCAACACCGT-1,Layer_4,5
TCGAGCCAGGCAGGCC-1,WM,7
TCGATAGGCTAGTCGC-1,Layer_1,1
TCGATTTACGAAACGA-1,WM,7
TCGCAAAGATGCATTT-1,Layer_4,5
TCGCACCAGGAGGCAG-1,Layer_4,5
TCGCACTAACGTTTGT-1,Layer_3,3
TCGCATAAAGGGCGCA-1,Layer_5,3
TCGCATCCCTAAGTGT-1,Layer_3,2
TCGCATTCAATGACTT-1,Layer_3,6
TCGCCCAACTGACTCC-1,Layer_1,1
TCGCCCACTGCGAGAG-1,Layer_5,3
TCGCCGAAGTTGCGTC-1,Layer_5,3
TCGCCGACATATTCGC-1,Layer_6,3
TCGCCGCACCGCGTGA-1,Layer_6,7
TCGCCGGATGGGCAAG-1,Layer_5,7
TCGCCGGTCGATCCGT-1,Layer_3,6
TCGCCTCCTTCGGCTC-1,Layer_6,3
TCGCCTCGACCTGTTG-1,Layer_3,6
TCGCGTAGCAGTGTCC-1,Layer_5,5
TCGCGTCCAGAAGGTC-1,Layer_4,5
TCGCTAAACCGCTATC-1,Layer_1,1
TCGCTACTGGCTTTGA-1,Layer_6,7
TCGCTCGATATATTCC-1,Layer_3,2
TCGCTCGGCACCAGCG-1,Layer_1,1
TCGCTGCCAATGCTGT-1,Layer_6,7
TCGCTGGGCGGATTGT-1,Layer_3,2
TCGCTGTGCGTAAATC-1,Layer_3,2
TCGCTTAATTACGAAG-1,Layer_1,1
TCGCTTTAAACGTTTG-1,Layer_2,6
TCGGAATGACCATCAA-1,Layer_1,1
TCGGAATGCGCTCTGA-1,Layer_4,5
TCGGACGCCCAGCCCA-1,Layer_3,2
TCGGAGAGTATCGGGA-1,Layer_6,3
TCGGAGTACATGAGTA-1,Layer_3,2
TCGGCGAACCCAAACC-1,Layer_3,2
TCGGCGGTATTAGATT-1,Layer_3,2
TCGGCGTACTGCACAA-1,WM,7
TCGGCTAACTTCCCTT-1,Layer_1,1
TCGGCTTGTATCGACG-1,Layer_5,5
TCGGGAACGTGCCTAG-1,Layer_1,1
TCGGGAGACAGCGTAC-1,Layer_5,3
TCGGGATTCAAACATA-1,Layer_5,3
TCGGGCACTTCTGGAT-1,Layer_1,1
TCGGGCCGTCGTGGTA-1,Layer_3,2
TCGGGTGAAACTGCTA-1,Layer_1,1
TCGGTCCCGACAATAG-1,WM,7
TCGGTCCCTGACTCCA-1,Layer_1,1
TCGGTGACCGCTCCGG-1,Layer_1,1
TCGGTTAGCCATGTAG-1,Layer_1,1
TCGTAACTCCCAAGAC-1,Layer_5,3
TCGTAAGACGACATTG-1,Layer_3,2
TCGTAAGCTCCGAGGA-1,Layer_1,1
TCGTACCGACGTCAAG-1,WM,4
TCGTATAGTGCAATTA-1,Layer_1,6
TCGTATCACCAAGCTA-1,Layer_3,6
TCGTATTACCCATTGC-1,Layer_5,3
TCGTATTTCGTCCGGA-1,Layer_1,1
TCGTCAAGTACGCGCA-1,Layer_6,7
TCGTCACACTGTTAGC-1,Layer_4,5
TCGTCCGCTGGCGTCT-1,Layer_3,2
TCGTCCGGGTACACTC-1,Layer_2,6
TCGTCTTAGGCGTTAA-1,Layer_5,3
TCGTGTACTATGGATG-1,Layer_4,5
TCGTGTATTGGTCACG-1,Layer_3,5
TCGTGTCACGCTGACA-1,Layer_5,3
TCGTGTTCGACCACAA-1,Layer_4,5
TCGTTAGGAGTCCCTA-1,Layer_5,3
TCGTTCGTTATTATGT-1,Layer_1,1
TCGTTGACAGGGTCCC-1,Layer_5,3
TCGTTGCTATCCGGTC-1,Layer_6,3
TCGTTGGCTCGTCAAT-1,Layer_3,6
TCGTTTACGCGACCCT-1,Layer_6,3
TCTAACTGTATGTAAA-1,Layer_5,3
TCTAATACTGCCTCAG-1,WM,7
TCTACACGTTCATGCA-1,Layer_1,1
TCTACCCAATAGAGAG-1,Layer_4,5
TCTACCGTCCACAAGC-1,Layer_3,2
TCTACGGGCTCAGTTG-1,Layer_1,1
TCTAGCAATCTCCGCC-1,Layer_5,3
TCTAGCATCTTCGATG-1,Layer_3,2
TCTAGCATGCCCAGAA-1,Layer_5,5
TCTAGGTGGCGACGCT-1,Layer_2,6
TCTAGTGATATCGTGG-1,Layer_3,2
TCTAGTTATCAGAAGA-1,Layer_3,5
TCTATAGGTGGGTAAT-1,Layer_5,3
TCTATCATGCAGTTAC-1,Layer_3,2
TCTATCCGATTGCACA-1,Layer_6,7
TCTATCGGTCGCAACA-1,Layer_3,6
TCTATGCTATAACGAC-1,Layer_5,3
TCTATTACGCTGGCGA-1,Layer_3,2
TCTATTACTAGAGGAT-1,Layer_5,3
TCTCAAATCAATCGGG-1,Layer_6,3
TCTCATGAGATAGGGT-1,Layer_4,5
TCTCCAACGTAGGTTA-1,Layer_2,6
TCTCCACAAGTTGAAT-1,Layer_5,3
TCTCCCTGGGCAGCGT-1,Layer_5,3
TCTCGAACGAGGTCAC-1,Layer_1,1
TCTCGACGTATCGCCG-1,Layer_3,2
TCTCGAGGAGGTTCGC-1,Layer_3,5
TCTCGGCTCCAGGACT-1,Layer_3,2
TCTCGTGTTACGAGGA-1,Layer_6,7
TCTCTAATAGCTGGTA-1,Layer_3,2
TCTCTCGCCGCACATA-1,Layer_4,5
TCTCTTACCGCGAACC-1,WM,4
TCTGAACCGGTCGGCT-1,Layer_3,2
TCTGAACTCGTACCCG-1,Layer_3,2
TCTGAAGCACGTGGTC-1,Layer_5,3
TCTGAATTCCGTACAA-1,Layer_3,6
TCTGACTGTAATGGTT-1,Layer_3,6
TCTGAGCAATTGACTG-1,Layer_3,5
TCTGATCGGGTGCTAG-1,Layer_1,6
TCTGATGTATTCTGTC-1,Layer_4,5
TCTGCAGATTCGAGTC-1,Layer_5,7
TCTGCATACCTTGCTT-1,Layer_5,3
TCTGCCAGAAACTGCA-1,Layer_3,2
TCTGCGAATCGTTCGC-1,Layer_1,1
TCTGCGTCCGGTTTCT-1,Layer_3,2
TCTGGCGCAAGCCGGG-1,Layer_5,3
TCTGGGAACCTTTGAA-1,Layer_3,2
TCTGGGTAGCGCTCAT-1,Layer_5,3
TCTGTCATACAAGAGC-1,Layer_2,6
TCTGTGACTGACCGTT-1,Layer_2,6
TCTGTGATGGAGGTTG-1,Layer_2,6
TCTGTGCCATCATAGT-1,Layer_3,2
TCTGTGGCTACATTTC-1,Layer_1,1
TCTGTTACCCAGCATA-1,Layer_6,3
TCTTAACTCGGATGTA-1,Layer_3,7
TCTTACAGAGGTACCG-1,Layer_3,2
TCTTACCGGAACTCGT-1,Layer_1,1
TCTTACGGCATCCGAC-1,Layer_3,5
TCTTACTTATGCCTCT-1,Layer_3,2
TCTTAGAGCTCCAATT-1,Layer_3,2
TCTTAGAGTGAACTCT-1,Layer_3,2
TCTTATGGGTAGTACC-1,Layer_1,1
TCTTCCCATGGGCACA-1,Layer_3,6
TCTTCGAATAGACGTT-1,Layer_3,5
TCTTCGATACCAATAA-1,Layer_3,2
TCTTCGCGGTGAGAGG-1,Layer_4,3
TCTTCTATAACCCGCC-1,Layer_3,2
TCTTGATGCGTAGCGA-1,Layer_3,2
TCTTGCTCCCGATACT-1,Layer_6,7
TCTTGGTAACACCAAA-1,Layer_3,6
TCTTTAAGACTATGAA-1,Layer_3,6
TCTTTAGAGTCTAACA-1,Layer_3,5
TCTTTAGCAGGCGAAC-1,Layer_1,6
TCTTTCTCTTAAGGAG-1,Layer_1,1
TGAAACCTCAACTCAC-1,Layer_1,1
TGAAACTTATGCAAGC-1,Layer_1,1
TGAAAGGACCTGACTC-1,Layer_3,2
TGAACAAGCAGGGACT-1,WM,4
TGAACACCCGAAGCAG-1,Layer_2,6
TGAACTGCTATGACTT-1,Layer_6,7
TGAAGAGCGGTCCTAG-1,Layer_3,2
TGAAGTAGCTTACGGA-1,Layer_3,7
TGAATACCGACGCGTA-1,Layer_6,3
TGAATATGCTATAAAC-1,Layer_1,1
TGAATGAGATACAGCA-1,Layer_1,1
TGAATGAGTGTTTCCC-1,WM,7
TGAATGTCAGCCGGCC-1,Layer_3,2
TGAATTTCACTTGCCT-1,Layer_6,7
TGACACTTCTCTTTGC-1,Layer_1,1
TGACATATATGACGAT-1,Layer_6,7
TGACATCGAGCGGACC-1,Layer_3,6
TGACATGTAACGTGAC-1,WM,7
TGACCAAATCTTAAAC-1,Layer_6,7
TGACCAGCTTCAAAGT-1,Layer_1,1
TGACCCAACTCACATT-1,Layer_1,1
TGACCCACGTTAGACA-1,Layer_3,5
TGACCCAGCATTCCCG-1,Layer_2,6
TGACGAATATTTCCCT-1,Layer_6,3
TGACGATGCACTAGAA-1,Layer_3,6
TGACTATAATCCTTTC-1,Layer_4,5
TGAGAATGCTTTACCG-1,Layer_3,6
TGAGACGTACCTCTCA-1,Layer_6,7
TGAGAGATTTACCACG-1,Layer_3,2
TGAGATCAAATACTCA-1,Layer_1,1
TGAGATTAGGCCCTAA-1,Layer_1,1
TGAGCAGTCGTGAAGT-1,Layer_1,1
TGAGCCATACAGTCTC-1,Layer_5,3
TGAGCGGAAAGTGTTC-1,Layer_5,3
TGAGCTTTAATGACGC-1,Layer_1,1
TGAGGAGTGCCAGCTT-1,Layer_6,3
TGAGGTGTGTGGCGGA-1,WM,4
TGAGGTTGATCCCAAG-1,Layer_1,1
TGAGTAAATTAGCGTA-1,Layer_5,5
TGAGTGCCTCTTAAAT-1,Layer_5,3
TGAGTGGTCCGTGACG-1,Layer_3,6
TGAGTGTAACAACGGG-1,Layer_6,3
TGAGTTAAAGACATTC-1,Layer_3,2
TGATACATTTAGCCGT-1,Layer_6,3
TGATAGCGGGATTCTA-1,Layer_5,3
TGATCACCACACTGAC-1,WM,4
TGATCAGGGAACTGCT-1,Layer_5,3
TGATCCCAGCATTAGT-1,Layer_1,1
TGATCGGTTTGACCCT-1,Layer_3,2
TGATCTACGCTGATCT-1,Layer_1,1
TGATCTATCACACTCT-1,Layer_6,3
TGATCTCCGGCGCCAG-1,Layer_3,5
TGATGCTCACGTAGTC-1,Layer_3,6
TGATGGCTGTTTCTGA-1,Layer_1,1
TGATGTCAATTAAGTG-1,Layer_5,5
TGATTATGGCACGCAG-1,Layer_1,1
TGATTCAGGTCCCGCG-1,Layer_6,7
TGATTCCCGGTTACCT-1,WM,7
TGATTCGTCTATCACT-1,Layer_3,5
TGATTCTGTCGCCGGT-1,Layer_5,3
TGATTTATTAGCTGTG-1,Layer_5,3
TGATTTCCTCCTGACG-1,Layer_3,2
TGCAAACCCACATCAA-1,Layer_1,1
TGCAAAGTTCGTCTGT-1,WM,4
TGCAACCCATCTGCGG-1,Layer_5,3
TGCAACTACTGGTTGA-1,Layer_6,3
TGCAAGAATGACGTAA-1,Layer_3,2
TGCAATCTAACACGGT-1,Layer_5,3
TGCAATTTGGGCACGG-1,Layer_1,1
TGCACAGTGAAGTTAT-1,Layer_1,1
TGCACGAGTCGGCAGC-1,Layer_1,1
TGCACTATGTGAGTGC-1,Layer_3,2
TGCAGAACTATATCGT-1,Layer_5,3
TGCAGAGTACCGAGCA-1,Layer_4,5
TGCAGATCGTCCTAGG-1,Layer_5,3
TGCAGCTACGTACTTC-1,Layer_6,3
TGCAGGATCGGCAAAG-1,Layer_3,6
TGCAGTGAGGCTCGGG-1,Layer_1,1
TGCAGTTTCCTCCCAT-1,Layer_3,2
TGCATATGTCTGTCAC-1,Layer_3,2
TGCATCTCCGGATCTT-1,Layer_3,6
TGCATGGATCGGATCT-1,Layer_2,6
TGCATGGCAGTCTTGC-1,Layer_3,6
TGCATGTGACCCATAG-1,WM,4
TGCATGTGGTAATCTA-1,Layer_3,6
TGCCAAAGTCAGACTT-1,Layer_6,3
TGCCAATGGGTACTCT-1,Layer_6,3
TGCCACACTAGAGGAA-1,Layer_6,7
TGCCACCTGGCGAAAC-1,Layer_2,6
TGCCAGTACGTGGAGA-1,Layer_5,5
TGCCATGGCTTATAAG-1,Layer_1,1
TGCCATTACTAAAGAA-1,Layer_1,1
TGCCCGATAGTTAGAA-1,Layer_6,7
TGCCCGTACCGTTAAA-1,Layer_4,5
TGCCGAAAGCGTATTC-1,Layer_1,6
TGCCGGATGTACGAGC-1,WM,4
TGCCGTGGATCGTCCT-1,Layer_5,3
TGCCGTGGGACCCAAT-1,WM,7
TGCCTAATTGAAGATT-1,Layer_4,5
TGCCTGACATCGGTCA-1,Layer_3,2
TGCCTGATCAAACGAT-1,Layer_2,6
TGCCTTGGCCAGGCAA-1,Layer_4,5
TGCGAATATGGGATTT-1,Layer_6,7
TGCGACACCCTAGTGC-1,Layer_5,3
TGCGACGGCCGAACGT-1,WM,7
TGCGAGAATATTACCC-1,Layer_6,3
TGCGAGATGGCGGCCA-1,Layer_1,1
TGCGAGCCCTTCCGCG-1,Layer_1,1
TGCGATGCTAATGGCT-1,Layer_3,2
TGCGCAAAGCATTTGG-1,Layer_3,2
TGCGCGATTAACGGAG-1,Layer_3,5
TGCGGACTTGACTCCG-1,Layer_6,7
TGCGGAGTAAAGGTGC-1,Layer_3,6
TGCGGCATAGTTCAAC-1,Layer_2,6
TGCGGGTATTGGGATC-1,Layer_1,1
TGCGGTCTACGAGTAA-1,Layer_2,6
TGCGGTGAAATTTCAT-1,Layer_1,1
TGCGTAAGAACCTGAT-1,Layer_5,3
TGCGTACGGCTAATTG-1,Layer_5,3
TGCGTCATGACTGAGC-1,WM,7
TGCGTGATTGGGTGTC-1,Layer_3,2
TGCGTTTGTTGACACT-1,Layer_3,5
TGCTAAGTGTCTATTT-1,Layer_4,5
TGCTATACAAACGGAC-1,Layer_1,1
TGCTCACACAACAACC-1,Layer_3,6
TGCTCCACAGTTCTTA-1,Layer_3,2
TGCTCGGCGAAACCCA-1,Layer_6,3
TGCTCGGTGGGTCACC-1,Layer_6,7
TGCTCTTGAGAGTTTG-1,Layer_6,7
TGCTGCGTCAGAGTTA-1,Layer_2,6
TGCTGGTTGGACAATT-1,Layer_3,2
TGCTGTTGAAGAACTC-1,Layer_3,5
TGCTTAGAGAGAATGC-1,WM,4
TGCTTCCCAAGCAGTA-1,Layer_6,3
TGCTTGAAACCATGCA-1,Layer_3,2
TGGAAACGGAGTGAAC-1,Layer_3,6
TGGAACCACTGACACA-1,Layer_1,1
TGGAAGAAGGGAACGT-1,Layer_5,3
TGGAAGACGAACACCA-1,Layer_3,2
TGGAAGGATAAAGATG-1,Layer_2,6
TGGAATATCCTTGACC-1,Layer_1,1
TGGAATTAGACGCTTT-1,Layer_4,5
TGGACACCGTTGCTTG-1,Layer_3,1
TGGACCAATCTAAGAT-1,Layer_5,3
TGGACCACGGCGTTGA-1,Layer_3,6
TGGACGCAATCCAGCC-1,WM,4
TGGACGTAGGCGAATC-1,Layer_3,2
TGGACTGTTCGCTCAA-1,Layer_3,2
TGGAGCTAAAGTTCCC-1,Layer_1,1
TGGAGGGAAACACCTC-1,Layer_1,1
TGGAGTGATGCGATGA-1,Layer_3,5
TGGATAGAGTAACAGA-1,Layer_3,2
TGGCAAACTAAATTAC-1,Layer_4,5
TGGCAACTCGCGCGCC-1,Layer_1,1
TGGCAAGCACAAGTCG-1,WM,7
TGGCAATGGGACGGCG-1,Layer_4,5
TGGCACGAGCTCGAGT-1,Layer_1,1
TGGCAGATTACGATCA-1,Layer_4,5
TGGCAGCAGTAATAGT-1,Layer_4,5
TGGCCAAACTGAAGTA-1,Layer_3,2
TGGCCAATTTGGTACT-1,WM,7
TGGCCGTATATTGACC-1,Layer_3,5
TGGCGACTGCTCCAAA-1,Layer_6,3
TGGCGATCAAGTTATG-1,Layer_5,3
TGGCGGTGTGCGATTG-1,Layer_2,6
TGGCTACACTCTACCT-1,Layer_5,3
TGGCTATGTGACATAC-1,Layer_5,3
TGGCTCTTGTCGCGTA-1,Layer_6,3
TGGCTTGTACAAGCTT-1,Layer_1,1
TGGCTTTGGGTAGACA-1,Layer_3,6
TGGGAAATGCCTTTCC-1,Layer_3,2
TGGGATGCACTCATTC-1,Layer_1,1
TGGGCAATAGTTGGGT-1,Layer_3,2
TGGGCACAAACAGAAC-1,Layer_2,6
TGGGCACGTTCTATGG-1,Layer_1,1
TGGGCAGGCCACCGCA-1,Layer_3,5
TGGGCCACAAGAGCGC-1,Layer_2,6
TGGGCCCATACTAATT-1,Layer_3,2
TGGGCCTTGCCTGCAT-1,Layer_3,2
TGGGCGATACAATAAG-1,WM,7
TGGGTAAGGTTCCCGC-1,Layer_1,1
TGGGTGCACAAGCCAT-1,Layer_6,7
TGGGTGGGATGTCATT-1,Layer_1,1
TGGGTGTAATAGATTT-1,Layer_6,3
TGGGTGTTAAGTAGAA-1,WM,7
TGGGTTCCCGGACGGA-1,Layer_4,7
TGGTAAGCAGGATTGA-1,Layer_6,3
TGGTAGAATATATGGG-1,Layer_3,2
TGGTATCGCATCCCAA-1,Layer_1,1
TGGTATCGGTCTGTAT-1,Layer_1,1
TGGTCCCACGCTACGG-1,Layer_5,5
TGGTCGTGCAAGGCAA-1,Layer_6,7
TGGTCGTTTGATAGAT-1,Layer_3,6
TGGTCTAGCTTACATG-1,Layer_4,7
TGGTCTGTTGGGCGTA-1,Layer_5,3
TGGTGATCGTATTTGT-1,Layer_4,5
TGGTTAAGGGCGCTGG-1,Layer_1,1
TGGTTATGCTTGCGGT-1,Layer_5,7
TGGTTCAACGGGTAAT-1,Layer_5,5
TGGTTCGTAGCAAAGG-1,Layer_3,2
TGGTTGGAGGATCCTG-1,Layer_1,1
TGGTTTAAACGTGGGT-1,Layer_1,1
TGTAACTTGTCAACCT-1,Layer_1,1
TGTAATGACCACAATA-1,Layer_5,3
TGTAATGCCTTCGGAC-1,Layer_2,6
TGTACCTACACGAGGG-1,Layer_5,3
TGTACGAACAAATCCG-1,Layer_4,5
TGTACGCTATCAGCTT-1,Layer_1,1
TGTACTACTCTCACGG-1,Layer_1,1
TGTACTGTGCCAAAGT-1,Layer_1,1
TGTAGCCAATTCCGTT-1,Layer_6,7
TGTAGCCATCCCATTC-1,Layer_5,3
TGTAGGAGAAATTTCC-1,Layer_3,2
TGTAGTGATCTATAAT-1,Layer_4,5
TGTATAACAGATCCTG-1,Layer_3,2
TGTATCAGACTGAAGC-1,Layer_1,1
TGTATCCTTATTCCAT-1,Layer_2,6
TGTATGGCGCAGACAG-1,Layer_3,2
TGTATTTACCTAATGC-1,Layer_1,1
TGTCATTTGTTGGGAA-1,Layer_1,1
TGTCCACGGCTCAACT-1,Layer_5,3
TGTCCCGACATAGCAC-1,Layer_1,1
TGTCCGTGGCGCCTTT-1,Layer_5,5
TGTCCTAAGTCACCGC-1,Layer_4,3
TGTCGGCATGGTGGAA-1,Layer_3,2
TGTCGTGGGTATAGGC-1,WM,7
TGTCTACAGTTTCTGT-1,Layer_2,6
TGTGACTACGCCAGTC-1,Layer_2,6
TGTGACTAGAGTTTGC-1,Layer_5,3
TGTGAGACTAGCCCAA-1,Layer_6,3
TGTGATTCCAGCGCTT-1,Layer_2,1
TGTGCCGGTGCCGGAA-1,Layer_4,5
TGTGCTTTACGTAAGA-1,Layer_5,3
TGTGGAGGAAGCTTAA-1,Layer_1,1
TGTGGCAAAGCGTATG-1,Layer_3,6
TGTGGCGGGCTTCTGG-1,WM,7
TGTGGCTCCCACCAAC-1,Layer_3,2
TGTGGTTGCTAAAGCT-1,WM,7
TGTGTAGTAGCACGTG-1,Layer_4,3
TGTGTCGCGAGTTGCA-1,Layer_3,5
TGTGTTCGTATCCAAG-1,Layer_4,5
TGTTATTGTATGTGGC-1,Layer_3,2
TGTTCATAAATGTGCT-1,Layer_5,7
TGTTCCGCTTCCATGA-1,Layer_4,5
TGTTCCGGCCTGAGCT-1,WM,7
TGTTCGTATTGCGGTG-1,Layer_5,3
TGTTCTCTACTCCCTA-1,Layer_1,1
TGTTCTTCCATTGACT-1,Layer_4,5
TGTTGATCACTGTTTA-1,Layer_3,2
TGTTGTCAAGAAGTCT-1,Layer_2,6
TGTTTAATACTTCATC-1,Layer_1,1
TGTTTCGGTACTTCTC-1,Layer_3,6
TGTTTGAGATCGTCAG-1,Layer_3,2
TTAAACAGAGTCCCGC-1,Layer_3,2
TTAAACCGGTAGCGAC-1,Layer_1,1
TTAAACCTGGTTCCTT-1,Layer_4,5
TTAAACTCGAATTCAT-1,Layer_3,6
TTAAAGTAAGTCGCCA-1,Layer_6,3
TTAACACCTCGAACAT-1,Layer_3,5
TTAACCAACCCTCCCT-1,Layer_3,6
TTAACGAACAAGCAGT-1,Layer_1,1
TTAACGTCGCAAGACC-1,Layer_1,1
TTAACGTTAAAGCCTG-1,Layer_5,3
TTAACTCACGCGTGGA-1,Layer_4,2
TTAACTTCAGGTAGGA-1,Layer_6,7
TTAAGACGAACGAACC-1,Layer_1,1
TTAAGATAGGATTGAC-1,Layer_3,2
TTAAGCCGACAACTTC-1,Layer_1,1
TTAAGCGCCTGACCCA-1,Layer_3,5
TTAAGGATACGGAGGT-1,Layer_2,6
TTAAGGCCCGTACTTT-1,WM,4
TTAAGTATTGTTATCC-1,Layer_5,3
TTAATCAGTACGTCAG-1,Layer_1,1
TTAATGCGAGGTAACT-1,Layer_1,1
TTAATGTAGACCAGGT-1,Layer_3,2
TTAATGTGTTTGCAGG-1,Layer_3,5
TTAATTGCTTTGGGTG-1,Layer_6,3
TTAATTTCAGACGCGG-1,Layer_2,6
TTACAACTACGCATCC-1,Layer_3,2
TTACACGATCTGCGAC-1,Layer_5,3
TTACAGACCTAAATGA-1,Layer_1,1
TTACATCGTGGCCTGG-1,Layer_3,2
TTACATGCCACAACTA-1,Layer_3,2
TTACCATTGATTACCC-1,Layer_4,3
TTACCCATTGCCGGGT-1,Layer_1,1
TTACCCTAACAGTCCT-1,Layer_3,5
TTACCCTAGGGATTGG-1,Layer_6,3
TTACCGCCTTAGGGAA-1,Layer_3,2
TTACGGATGGTTCGAG-1,Layer_3,6
TTACGGTGTCACCGAG-1,Layer_1,1
TTACGTAGCGCGTGCT-1,Layer_2,6
TTACGTATCTATGACA-1,Layer_5,3
TTACTAAAGGACTTTA-1,Layer_4,5
TTACTATCGGCTTCTC-1,Layer_5,3
TTACTCCGGCCGGGAA-1,Layer_3,2
TTACTCTGGTACGTAC-1,Layer_5,3
TTACTGGGATATTTCA-1,Layer_5,5
TTACTGTCTAGAGCTC-1,Layer_1,1
TTACTGTTTCTCTACG-1,Layer_1,1
TTAGAAGAACATGACT-1,Layer_5,3
TTAGAATAAGGGTCGG-1,WM,7
TTAGACACGATCGTTG-1,Layer_1,1
TTAGACGAGTCACCTC-1,Layer_4,5
TTAGAGTTTAGAAGGA-1,Layer_3,5
TTAGATAGGTCGATAC-1,Layer_3,2
TTAGCAACATGGATGT-1,Layer_3,2
TTAGCTAATACGATCT-1,Layer_1,1
TTAGCTCTGTAATCCG-1,Layer_5,3
TTAGCTGATTTGCCGT-1,Layer_3,6
TTAGGTCATAACCGAC-1,WM,7
TTAGTAAACCTGCTCT-1,Layer_5,3
TTAGTAGGGCGGCGGG-1,Layer_5,3
TTAGTTATTCGTGGCA-1,Layer_3,2
TTAGTTCAAGTGTTCG-1,Layer_1,1
TTATAGATGCACATTA-1,Layer_1,1
TTATAGGTAATTGTCT-1,Layer_6,3
TTATAGTCCAAGGTGC-1,Layer_2,6
TTATATACGCTGTCAC-1,Layer_3,2
TTATATTTGGCAATCC-1,Layer_3,2
TTATCATACTCGCAAA-1,Layer_1,1
TTATCCAATCGAACTC-1,Layer_3,2
TTATCCGGGATCTATA-1,Layer_4,5
TTATCCTCAAGGAATA-1,WM,7
TTATCGCCTGCGAAGC-1,Layer_4,5
TTATCTGACATTAGGA-1,Layer_6,7
TTATCTGTATCATAAC-1,Layer_3,2
TTATGAATGAAAGGGA-1,Layer_4,5
TTATGACAAACTGGAT-1,Layer_3,5
TTATGATCTTAACGAA-1,Layer_3,2
TTATGCGTCCCGGTCC-1,Layer_1,1
TTATGTTTGCGATAGA-1,Layer_4,5
TTATTAGAGCGTGTTC-1,Layer_4,5
TTATTAGGGAAGCATC-1,Layer_2,6
TTATTTCATCCCAAAC-1,Layer_1,1
TTCAAAGTCTCTAGCC-1,Layer_3,2
TTCAACGACCCGACCG-1,Layer_3,2
TTCAAGCCGAGCTGAG-1,Layer_1,1
TTCAATACTCTGAATC-1,Layer_3,2
TTCAATTAGCCATAAT-1,Layer_1,1
TTCACGAAAGGATCAC-1,Layer_4,5
TTCACTCGAGCACCTA-1,Layer_5,3
TTCACTTCCTAGAACG-1,WM,4
TTCAGAGTAACCTGAC-1,Layer_3,6
TTCAGCCCTGGTCCAC-1,Layer_4,5
TTCAGCTGGCGTGCCC-1,Layer_4,5
TTCAGGCGTCAAAGCC-1,Layer_5,3
TTCAGTTCAAGAGGAG-1,WM,4
TTCAGTTTGTGGCAGC-1,Layer_5,3
TTCATAGCCTTGTAAC-1,Layer_3,2
TTCATAGGGTGTCCAT-1,Layer_3,7
TTCATGGCGCAACAGG-1,Layer_2,1
TTCCAATCAGAGCTAG-1,Layer_1,1
TTCCAATCTGGCTATC-1,Layer_5,3
TTCCACACAGATTTGA-1,Layer_5,3
TTCCACATTTCTCGTC-1,Layer_1,1
TTCCAGACGAGATTTA-1,Layer_3,2
TTCCATCATGCGGTGA-1,Layer_1,1
TTCCATCGACAGCGTG-1,Layer_5,5
TTCCCGACGCTTCACT-1,Layer_1,1
TTCCCGGCGCCAATAG-1,Layer_6,7
TTCCGCAGAGAAATAT-1,Layer_1,1
TTCCGCGTGAGGCGAT-1,Layer_4,5
TTCCGGCCTTGAGGCT-1,Layer_6,3
TTCCGGCTCGACTTCT-1,Layer_1,1
TTCCGGTATCTGTGTC-1,Layer_3,2
TTCCGGTTACCCACTT-1,Layer_3,2
TTCCTCGAGGGTGTCT-1,Layer_3,2
TTCCTCGGACTAACCA-1,Layer_4,5
TTCCTCTGCCCGAATA-1,Layer_5,3
TTCCTTTCTGTGTTGC-1,Layer_3,2
TTCGACAGAGCCCGTG-1,Layer_5,3
TTCGACGGGAAGGGCG-1,Layer_3,2
TTCGAGCCGGCGCTAC-1,Layer_2,6
TTCGCACTCGCGTGCT-1,Layer_3,5
TTCGCACTGTACGACA-1,Layer_6,3
TTCGCATCCGGAAGCA-1,Layer_3,2
TTCGCGCGCCATACGA-1,Layer_6,7
TTCGCTAGGAAGTTGT-1,Layer_3,2
TTCGCTATCTGACGTG-1,Layer_1,1
TTCGGACTGATGCCTT-1,Layer_1,1
TTCGGCAACCCGCTGA-1,Layer_1,1
TTCGGCTAGAGATGGT-1,Layer_3,2
TTCGGGACTAATCGCG-1,Layer_3,2
TTCGGGCGCTAGTCTT-1,Layer_6,7
TTCGGGTTGCCACGGG-1,Layer_5,3
TTCGGTACTGTAGAGG-1,WM,7
TTCGTAATCCCAGCGG-1,Layer_1,1
TTCGTACTCCAGAACG-1,Layer_4,5
TTCGTGGGCTGGAAGC-1,Layer_3,6
TTCGTTCAACGAAGTT-1,Layer_1,1
TTCTAACCGAAGCTTA-1,Layer_3,2
TTCTACCTTTATGTTG-1,Layer_1,1
TTCTACTTGCGAGGGC-1,Layer_3,2
TTCTAGAAAGTCTTAT-1,WM,7
TTCTAGGCCAATTGTG-1,Layer_3,2
TTCTATTAAACGCAGC-1,WM,7
TTCTGACCGGGCTCAA-1,Layer_4,5
TTCTGCCGCGCCTAGA-1,Layer_5,5
TTCTGCGAGCGCCCTT-1,Layer_5,3
TTCTGCGGGTTAGCGG-1,Layer_3,2
TTCTGCTAGACTCCAA-1,Layer_1,1
TTCTGTTTCCTGTCGC-1,Layer_3,1
TTCTTAGTGAACGGTG-1,Layer_3,2
TTCTTAGTGGCTCAGA-1,Layer_2,6
TTCTTATCCGCTGGGT-1,Layer_3,2
TTCTTCCCTTTGATAT-1,Layer_1,1
TTCTTCGCAATAGAGC-1,Layer_1,1
TTCTTGAGCCGCGCTA-1,Layer_5,3
TTCTTGCTAGCATCTC-1,Layer_3,2
TTCTTGGACGATCTGC-1,Layer_6,7
TTCTTGGAGTAATGAG-1,Layer_2,6
TTCTTGTAACCTAATG-1,Layer_3,5
TTCTTGTGTCCATCAG-1,Layer_5,3
TTCTTTGGTCGCGACG-1,Layer_1,1
TTGAAAGGTGTAAAGG-1,Layer_1,1
TTGAACGAATCCTTTG-1,Layer_3,2
TTGAACGACGTGCTGA-1,Layer_5,3
TTGAAGAATTCCCAGG-1,Layer_3,5
TTGAATATGGACTTTC-1,Layer_3,2
TTGAATCGTTGTATAA-1,Layer_6,7
TTGAATTCACGTGAGG-1,Layer_3,2
TTGACAGGAGCTCCCG-1,Layer_3,2
TTGACATGAACGTGGA-1,Layer_5,3
TTGACCAGGAACAACT-1,Layer_6,3
TTGACCATGTTCTCCG-1,Layer_3,6
TTGACCGTGTTAATGA-1,Layer_6,3
TTGACGATTCAGCACG-1,Layer_1,1
TTGACGCTCCATGAGC-1,Layer_3,2
TTGACTACCATATGGT-1,Layer_5,3
TTGACTATTGTCCGGC-1,Layer_3,2
TTGAGAAGTTTAGCAT-1,Layer_5,5
TTGAGAGTACTGCTAA-1,Layer_5,3
TTGAGCAGCCCACGGT-1,Layer_3,2
TTGAGCGCCACGTGAT-1,Layer_2,6
TTGAGGCATTTAACTC-1,Layer_1,1
TTGAGGGTCGAACGCG-1,Layer_3,2
TTGAGTCCCGCTGCTG-1,Layer_2,6
TTGATAGTCAATACAT-1,Layer_1,1
TTGATCTAACTTTGTC-1,Layer_3,5
TTGATGCCGCTCGTCG-1,WM,4
TTGATGTGTAGTCCCG-1,Layer_2,1
TTGATTAGCTGTTTCT-1,Layer_6,3
TTGATTATGCAGATGA-1,Layer_3,5
TTGCAAGAAGACTCCT-1,WM,7
TTGCACAATTCAGAAA-1,Layer_4,5
TTGCACGGAGCAGCAC-1,Layer_3,2
TTGCAGGTCATGAAGT-1,Layer_3,6
TTGCATGCTGATCACG-1,Layer_5,3
TTGCCAAGCAGAACCC-1,Layer_3,2
TTGCCATAGCCCGCTC-1,WM,7
TTGCCCTGATCACGGG-1,Layer_4,5
TTGCCGCTTTCTAGTA-1,Layer_6,3
TTGCCGGTGATCCCTC-1,Layer_1,1
TTGCCTTCTCGCCGGG-1,Layer_5,3
TTGCGCTCTCTCGCTT-1,Layer_4,7
TTGCGCTTGATCAATA-1,Layer_6,3
TTGCGGCATCAGAAAG-1,Layer_6,3
TTGCGGCGACTCATGC-1,Layer_1,1
TTGCGTAGTTTGAGGA-1,Layer_4,5
TTGCGTCGGCCAACCG-1,Layer_6,3
TTGCGTGAACGCTTAG-1,Layer_1,1
TTGCGTGTGTAGGCAT-1,Layer_6,7
TTGCTAGCTACCAATC-1,Layer_1,1
TTGCTCATAGTACGTG-1,Layer_5,3
TTGCTCCCATACCGGA-1,Layer_3,6
TTGCTGAAGGAACCAC-1,Layer_3,6
TTGCTGATCATGTTCG-1,Layer_3,5
TTGCTGCACCTATCCA-1,Layer_3,2
TTGCTGGCCGGGCTTC-1,Layer_1,1
TTGGAAGAATACAGTC-1,Layer_6,7
TTGGACATGTGGCTTA-1,Layer_5,3
TTGGACCATCTGGCAA-1,Layer_3,2
TTGGACCTATAACAGT-1,Layer_5,3
TTGGAGTCTCCCTTCT-1,Layer_2,6
TTGGATATCGTCTACG-1,Layer_5,3
TTGGATCGACTTCTGG-1,Layer_1,1
TTGGATTGGGTACCAC-1,Layer_3,6
TTGGCCAAATTGTATC-1,Layer_6,3
TTGGCCATCTTGCGCT-1,Layer_3,2
TTGGCCTAGAATTTCG-1,Layer_1,1
TTGGCGATCCGAATAT-1,Layer_1,6
TTGGCTCAATATGTGT-1,Layer_5,3
TTGGCTCGCATGAGAC-1,Layer_3,5
TTGGGAAGACGAGCCG-1,WM,7
TTGGGACACTGCCCGC-1,Layer_3,2
TTGGGACGTAAGAGTT-1,Layer_3,2
TTGGGCGGCGGTTGCC-1,Layer_3,2
TTGGGTTTATTCAGCG-1,Layer_1,1
TTGGTATGGCTTGTGT-1,Layer_1,6
TTGGTCACACTCGTAA-1,Layer_5,3
TTGGTGCGGTGTTGAA-1,Layer_3,6
TTGGTTGCGGTGCGCG-1,WM,7
TTGTAACTTCATAGCG-1,Layer_3,6
TTGTAAGGACCTAAGT-1,Layer_5,3
TTGTAAGGCCAGTTGG-1,Layer_3,6
TTGTAATCCGTACTCG-1,Layer_3,5
TTGTATCACACAGAAT-1,Layer_1,1
TTGTCGTTCAGTTACC-1,Layer_3,2
TTGTGAACCTAATCCG-1,Layer_5,5
TTGTGAGGCATGACGC-1,Layer_6,3
TTGTGATCTGTTCAGT-1,Layer_5,3
TTGTGCAGCCACGTCA-1,Layer_6,3
TTGTGGCCCTGACAGT-1,Layer_3,6
TTGTGGTAGGAGGGAT-1,Layer_6,7
TTGTGGTGGTACTAAG-1,Layer_5,3
TTGTGTATGCCACCAA-1,Layer_5,3
TTGTGTTTCCCGAAAG-1,Layer_5,3
TTGTTAGCAAATTCGA-1,Layer_3,2
TTGTTCAGTGTGCTAC-1,Layer_3,2
TTGTTCTAGATACGCT-1,Layer_4,7
TTGTTGTGTGTCAAGA-1,Layer_3,2
TTGTTTCACATCCAGG-1,Layer_6,7
TTGTTTCATTAGTCTA-1,WM,7
TTGTTTCCATACAACT-1,Layer_6,3
TTGTTTGTGTAAATTC-1,Layer_1,1
