,ground_truth,domain
AAACAAGTATCTCCCA-1,Layer_1,2
AAACAATCTACTAGCA-1,Layer_3,6
AAACACCAATAACTGC-1,Layer_6,5
AAACAGAGCGACTCCT-1,Layer_3,4
AAACAGCTTTCAGAAG-1,Layer_4,0
AAACAGGGTCTATATT-1,Layer_5,0
AAACAGTGTTCCTGGG-1,Layer_6,5
AAACATTTCCCGGATT-1,Layer_3,4
AAACCCGAACGAAATC-1,Layer_1,2
AAACCGGAAATGTTAA-1,Layer_2,2
AAACCGGGTAGGTACC-1,Layer_3,4
AAACCGTTCGTCCAGG-1,Layer_4,4
AAACCTAAGCAGCCGG-1,Layer_3,4
AAACCTCATGAAGTTG-1,Layer_3,4
AAACGAAGAACATACC-1,Layer_3,4
AAACGAAGATGGAGTA-1,Layer_6,3
AAACGAGACGGTTGAT-1,Layer_1,2
AAACGCCCGAGATCGG-1,Layer_3,4
AAACGCTGGGCACGAC-1,Layer_3,4
AAACGGGCGTACGGGT-1,Layer_3,4
AAACGGTTGCGAACTG-1,Layer_5,5
AAACGTGTTCGCCCTA-1,Layer_3,4
AAACTAACGTGGCGAC-1,Layer_3,4
AAACTCGGTTCGCAAT-1,Layer_4,0
AAACTCGTGATATAAG-1,Layer_3,4
AAACTGCTGGCTCCAA-1,Layer_3,4
AAACTTAATTGCACGC-1,WM,1
AAACTTGCAAACGTAT-1,Layer_4,0
AAAGAATGACCTTAGA-1,WM,3
AAAGAATGTGGACTAA-1,Layer_3,4
AAAGACATGAAGTTTA-1,Layer_3,4
AAAGACCCAAGTCGCG-1,Layer_1,2
AAAGACTGGGCGCTTT-1,Layer_3,4
AAAGCTTGCCTACATA-1,Layer_3,4
AAAGGCCCTATAATAC-1,Layer_6,3
AAAGGCTACGGACCAT-1,Layer_4,0
AAAGGCTCTCGCGCCG-1,Layer_3,4
AAAGGGATGTAGCAAG-1,Layer_1,2
AAAGGGCAGCTTGAAT-1,Layer_2,2
AAAGGTAAGCTGTACC-1,Layer_3,4
AAAGTAGCATTGCTCA-1,Layer_4,0
AAAGTCACTGATGTAA-1,Layer_2,6
AAAGTCGACCCTCAGT-1,Layer_3,4
AAAGTGCCATCAATTA-1,Layer_3,4
AAAGTGTGATTTATCT-1,Layer_1,2
AAAGTTGACTCCCGTA-1,Layer_1,2
AAATAACCATACGGGA-1,Layer_3,4
AAATAAGGTAGTGCCC-1,Layer_2,2
AAATACCTATAAGCAT-1,Layer_3,4
AAATAGCTTAGACTTT-1,Layer_1,2
AAATAGGGTGCTATTG-1,Layer_3,4
AAATCCGATACACGCC-1,Layer_3,4
AAATCGCGGAAGGAGT-1,Layer_6,3
AAATCGTGTACCACAA-1,Layer_3,4
AAATCTAGCCCTGCTA-1,Layer_2,6
AAATGACTGATCAAAC-1,Layer_6,5
AAATGATTCGATCAGC-1,Layer_3,4
AAATGCTCGTTACGTT-1,Layer_1,2
AAATGGCATGTCTTGT-1,Layer_2,6
AAATGGCCCGTGCCCT-1,Layer_5,0
AAATGGTCAATGTGCC-1,Layer_2,6
AAATGTATCTTATCCC-1,Layer_3,6
AAATGTGGGTGCTCCT-1,Layer_3,4
AAATTAACGGGTAGCT-1,Layer_2,6
AAATTAATAAGCGCGA-1,Layer_3,4
AAATTACACGACTCTG-1,Layer_3,4
AAATTACCTATCGATG-1,Layer_1,2
AAATTCCAGGTCCAAA-1,Layer_1,2
AAATTGATAGTCCTTT-1,Layer_5,0
AAATTGCGGCGGTTCT-1,Layer_1,2
AAATTGGTGAGAAGCA-1,Layer_3,4
AAATTTACCGAAATCC-1,Layer_3,4
AAATTTGCGGGTGTGG-1,Layer_4,4
AACAACTGGTAGTTGC-1,Layer_2,2
AACAATACATTGTCGA-1,Layer_5,5
AACAATTACTCTACGC-1,Layer_3,6
AACACACGCTCGCCGC-1,Layer_2,6
AACACGACTGTACTGA-1,Layer_3,6
AACACGAGACGCGGCC-1,Layer_4,0
AACACGCGGCCGCGAA-1,Layer_1,2
AACAGCTGTGTGGCAA-1,Layer_5,5
AACAGGAAATCGAATA-1,Layer_2,2
AACAGGATGGGCCGCG-1,Layer_3,6
AACAGGTAGTATGGAT-1,Layer_1,2
AACATAGCGTGTATCG-1,Layer_5,0
AACATATCAACTGGTG-1,Layer_1,2
AACATCGATACGTCTA-1,Layer_3,4
AACATTGAAGTTGATC-1,Layer_6,3
AACATTGTGACTCGAG-1,Layer_5,5
AACCAAGACTTCTCTG-1,Layer_3,4
AACCAGTATCACTCTT-1,Layer_3,4
AACCATAGGGTTGAAC-1,WM,1
AACCATGGGATCGCTA-1,Layer_1,2
AACCCAGAGACGGAGA-1,Layer_1,2
AACCCATCCCATGATC-1,Layer_5,5
AACCCGACAACCCGTG-1,Layer_5,5
AACCCGAGCAGAATCG-1,Layer_3,6
AACCCGCTGTATTCCA-1,Layer_6,5
AACCCTACTGTCAATA-1,Layer_1,2
AACCCTGGTGGAACCA-1,Layer_3,4
AACCGAGCTTGGTCAT-1,Layer_1,2
AACCGCTAAGGGATGC-1,Layer_2,2
AACCGTTGTGTTTGCT-1,Layer_2,6
AACCTAAAGCCGTCCG-1,Layer_3,4
AACCTCGCTTTAGCCC-1,Layer_3,4
AACCTGTCACGGAATT-1,Layer_1,2
AACCTTTAAATACGGT-1,Layer_3,4
AACCTTTACGACGTCT-1,Layer_3,4
AACGAAAGTCGTCCCA-1,Layer_6,3
AACGACCTCCTAGCCG-1,Layer_3,4
AACGATAATGCCGTAG-1,Layer_3,4
AACGATAGAAGGGCCG-1,Layer_1,2
AACGATATGTCAACTG-1,Layer_1,2
AACGCATGATCTGGGT-1,Layer_3,6
AACGCGAACGGCAACA-1,Layer_1,2
AACGCGACCTTGGGCG-1,Layer_5,5
AACGCGGTCTCCAGCC-1,Layer_1,2
AACGCTGTTGCTGAAA-1,Layer_3,4
AACGGACGTACGTATA-1,Layer_2,6
AACGGCCATCTCCGGT-1,Layer_3,4
AACGTACTGTGGGTAC-1,Layer_3,4
AACGTAGTCTACCCAT-1,Layer_3,6
AACGTCAGACTAGTGG-1,Layer_1,2
AACGTCATCCGGCTTG-1,Layer_6,5
AACGTCGCTGCACTTC-1,Layer_3,4
AACGTGATGAAGGACA-1,Layer_3,4
AACGTGCGAAAGTCTC-1,Layer_1,2
AACGTTATCAGCACCT-1,Layer_2,6
AACGTTCTACCATTGT-1,Layer_3,6
AACTACCCGTTTGTCA-1,Layer_1,2
AACTAGCGTATCGCAC-1,Layer_3,6
AACTAGGCTTGGGTGT-1,Layer_3,4
AACTCAAGTTAATTGC-1,Layer_3,4
AACTCCAGAGCGTGTT-1,Layer_3,4
AACTCCTAATCCCATG-1,Layer_3,4
AACTCGATGGCGCAGT-1,Layer_1,2
AACTCTCAATAGAGCG-1,Layer_1,2
AACTCTCAGTGTGCTC-1,Layer_4,0
AACTGAGGTCAGCGTC-1,Layer_3,4
AACTGAGTTATACTGA-1,Layer_1,2
AACTGATATTAGGCCT-1,Layer_1,2
AACTGGGTCCCGACGT-1,Layer_1,2
AACTGGGTTCGAGCCG-1,Layer_3,4
AACTGGTGTGGGCCTT-1,Layer_2,6
AACTTCTGCGTCTATC-1,Layer_1,2
AACTTGCCCGTATGCA-1,Layer_3,6
AACTTGCGTTCTCGCG-1,Layer_1,2
AACTTTACGGGAGCTT-1,Layer_3,4
AACTTTAGCTGCTGAG-1,Layer_2,4
AACTTTCTCGATCATG-1,Layer_3,4
AAGAAATCACCAGATT-1,Layer_3,4
AAGAAGGATCAGTTAG-1,Layer_1,2
AAGACATACGTGGTTT-1,Layer_3,4
AAGACCAAATAACTCA-1,WM,1
AAGACCCAACTGAACA-1,Layer_4,0
AAGACTAACCCGTTGT-1,Layer_1,2
AAGACTCACGCCCACT-1,Layer_3,4
AAGACTGCAAGCTACT-1,Layer_2,2
AAGAGATGAATCGGTA-1,Layer_2,6
AAGAGCTCTTTATCGG-1,Layer_1,2
AAGAGGATGTACGCGA-1,Layer_3,4
AAGAGGCATGGATCGC-1,Layer_1,2
AAGAGGCCCTTTGGAA-1,Layer_3,4
AAGATGGCACCGGACC-1,Layer_5,5
AAGATTGGCGGAACGT-1,Layer_1,2
AAGCACCCTGCGTATC-1,Layer_3,4
AAGCATACTCTCCTGA-1,Layer_3,4
AAGCCACTTGCAGGTA-1,WM,1
AAGCCGAAGCGGTTTA-1,Layer_1,2
AAGCCGCCGTGAAATC-1,Layer_6,3
AAGCCGCTTTACCTTG-1,Layer_3,4
AAGCCGGAGAGCAGGA-1,Layer_3,4
AAGCGCAGGGCTTTGA-1,Layer_4,0
AAGCGGAGTGCGCGCA-1,Layer_3,4
AAGCGGCGTCATGGGT-1,Layer_3,4
AAGCGTCCCTCATCGA-1,Layer_5,5
AAGCTAGATCGAGTAA-1,Layer_3,4
AAGCTCGTGCCAAGTC-1,Layer_1,2
AAGCTCTTTCATGGTG-1,Layer_3,4
AAGGAGAACTTATAAG-1,Layer_3,4
AAGGAGCGGTTGGTGC-1,Layer_1,2
AAGGATCGATCGCTTG-1,Layer_1,2
AAGGATGAGGGACCTC-1,Layer_1,2
AAGGCAGGCTGTCTCC-1,Layer_1,2
AAGGCGCGTAAAGCTT-1,Layer_1,2
AAGGCTGTGCTCATCG-1,Layer_2,6
AAGGGAACGACTGGCT-1,Layer_6,3
AAGGGACAGATTCTGT-1,Layer_1,2
AAGGGACTATGCATTC-1,Layer_5,5
AAGGGTTTGATTTCAG-1,Layer_6,3
AAGGTATCCTAATATA-1,Layer_1,2
AAGGTGATAAACCAGC-1,Layer_1,2
AAGTAAGCTTCCAAAC-1,Layer_3,6
AAGTAGAAGACCGGGT-1,Layer_1,2
AAGTAGTGACGCGAGG-1,Layer_3,4
AAGTCAATTGTCGTCA-1,Layer_1,2
AAGTCTAGTAGCTGCC-1,Layer_3,4
AAGTCTTCTGTGGCCT-1,Layer_4,4
AAGTGACGACCGAATT-1,Layer_3,4
AAGTGAGTCGGGTTTA-1,Layer_5,5
AAGTGCAAAGGTAGAC-1,Layer_3,4
AAGTGCCTTGACTGTA-1,Layer_1,2
AAGTGCGTTAGAATCT-1,Layer_4,0
AAGTGCTTCTCTATTG-1,Layer_6,5
AAGTGTTTGGAGACGG-1,Layer_3,4
AAGTTCACTCCAAGCT-1,Layer_3,4
AAGTTCAGTCTGCGTA-1,Layer_3,4
AAGTTCGGCCAACAGG-1,Layer_3,4
AAGTTGTGATGTTATA-1,Layer_3,4
AAGTTTACTAATGGCA-1,Layer_3,4
AAGTTTATGGGCCCAA-1,Layer_4,0
AATAACAACGCTCGGC-1,Layer_3,4
AATAACACTAGAACAA-1,Layer_4,0
AATAACGTCGCGCCCA-1,Layer_3,4
AATAAGTCCTCGAGAC-1,Layer_3,4
AATAATCTTCGTATCG-1,Layer_1,2
AATACAATGTTTCAGG-1,Layer_2,6
AATACCGGAGGGCTGT-1,Layer_5,5
AATACCTGATGTGAAC-1,Layer_3,4
AATAGAACAGAGTGGC-1,Layer_3,4
AATAGAATCTGTTTCA-1,Layer_3,6
AATAGCAAGCCTCCTG-1,Layer_3,4
AATAGCTACCGCGTGC-1,Layer_3,4
AATAGGCACGACCCTT-1,WM,3
AATAGTCCGTCCCGAC-1,Layer_3,0
AATAGTCGCGAGTCGG-1,Layer_3,6
AATATCAAGGTCGGAT-1,Layer_1,2
AATATCCTAGCAAACT-1,Layer_5,0
AATATCGAATCAATGC-1,Layer_1,2
AATATCGAGGGTTCTC-1,Layer_2,2
AATATTGGAGTATTGA-1,Layer_3,4
AATCAGACTGCAGGAC-1,Layer_1,2
AATCAGGTTTCATTTA-1,Layer_6,3
AATCATGTAAAGACTC-1,Layer_3,6
AATCCAAGGGCCTGAG-1,Layer_1,2
AATCCATGCAAGGGTG-1,Layer_1,2
AATCCCGCTCAGAGCC-1,Layer_6,5
AATCGAGGTCTCAAGG-1,Layer_5,0
AATCGCCTCAGCGCCA-1,Layer_2,2
AATCGCGCAGAGGACT-1,Layer_1,2
AATCGGGACACTACGA-1,Layer_3,6
AATCGGTATAGCCCTC-1,Layer_3,4
AATCGTGAGCCGAGCA-1,Layer_3,4
AATCTAGGTTTACTTG-1,Layer_5,5
AATCTATGCCGGAGCC-1,Layer_2,6
AATCTCTACTGTGGTT-1,Layer_3,4
AATCTGCGTTGGGACG-1,Layer_1,2
AATCTGGCTTTCTAGT-1,Layer_5,0
AATCTGGGTAGACCCT-1,Layer_3,4
AATGACAGCAATGTCT-1,Layer_4,0
AATGACGTAGGATGTC-1,Layer_3,6
AATGACTGTCAGCCGG-1,Layer_1,2
AATGAGTTCGCATATG-1,Layer_1,2
AATGATGATACGCTAT-1,Layer_2,6
AATGATGCGACTCCTG-1,Layer_2,2
AATGCAACCGGGTACC-1,Layer_1,2
AATGCACCAAGCAATG-1,Layer_3,6
AATGGTCCACCGTTCA-1,Layer_3,4
AATGGTTCTCACAAGC-1,Layer_1,2
AATGTATGGCACTGTA-1,WM,1
AATGTGCCCGAGGTGT-1,Layer_5,5
AATGTGCTAATCTGAG-1,Layer_6,5
AATGTTAAGACCCTGA-1,Layer_5,0
AATGTTGTCGTGAGAC-1,Layer_3,4
AATTAAAGGTCGGCGT-1,Layer_3,4
AATTAACGGATTTCCA-1,Layer_3,4
AATTACGAGACCCATC-1,WM,3
AATTACTCGTACGCTC-1,Layer_1,2
AATTAGCGCTGCAGCG-1,Layer_3,4
AATTATACCCAGCAAG-1,Layer_4,0
AATTCATAAGGGATCT-1,Layer_2,2
AATTCATTGTCATGCA-1,WM,1
AATTCCAAGCATGTAC-1,Layer_5,5
AATTCGATTCGAGGAT-1,Layer_4,0
AATTCTAGAGTTAGGC-1,Layer_3,4
AATTGAACGCTCTGGT-1,Layer_2,6
AATTGCAGCAATCGAC-1,Layer_3,4
AATTGCGTGGATTACA-1,WM,1
AATTGTGGTTGCCAAA-1,Layer_3,4
AATTTGGGACATAGTA-1,Layer_3,4
AATTTGGTTCCAAAGA-1,Layer_2,6
ACAAACCATGCGTCCT-1,WM,3
ACAAACCGACAAGGCG-1,Layer_3,4
ACAAACTCCATCAGAG-1,Layer_6,5
ACAAAGAAGGTAGGCC-1,Layer_5,0
ACAAAGCATGACCTAG-1,Layer_3,4
ACAAATCGCACCGAAT-1,Layer_3,4
ACAAATGGTAGTGTTT-1,Layer_2,6
ACAAATTCAGATCTGA-1,Layer_3,4
ACAACAGCATGAGCTA-1,Layer_1,2
ACAACGGTCCCTGCGA-1,Layer_1,2
ACAAGCAGTGCCTAGC-1,Layer_3,4
ACAAGCTATATGGAAG-1,Layer_4,4
ACAAGGAAATCCGCCC-1,Layer_3,4
ACAAGGACAAGAGGTT-1,Layer_2,6
ACAAGGATGCTTTAGG-1,Layer_3,4
ACAAGGCCTACCAGCC-1,Layer_3,4
ACAAGGGCAGGCTCTG-1,Layer_3,4
ACAAGTAATTGTAAGG-1,WM,1
ACAATAGTCGTACGTT-1,Layer_4,4
ACAATCCATTTAAACC-1,Layer_3,4
ACAATCGATCTTTATA-1,Layer_3,4
ACAATGAATACGGAGA-1,Layer_5,5
ACAATGATTCTTCTAC-1,Layer_3,4
ACAATTGTGTCTCTTT-1,Layer_2,6
ACAATTTAGGAGGCTC-1,Layer_3,4
ACAATTTGAGCAGTGG-1,Layer_1,2
ACAATTTGGCCATATT-1,Layer_1,2
ACACAAAGACGGGTGG-1,Layer_1,2
ACACAAATATTCCTAG-1,Layer_3,4
ACACACCAGGACCAGT-1,Layer_1,2
ACACACTTTCTACACG-1,Layer_2,2
ACACATGATCAAATCT-1,Layer_6,3
ACACATTGACGCAACA-1,Layer_1,2
ACACATTTCCGTAGAC-1,Layer_5,5
ACACCACATAATTAGC-1,Layer_2,6
ACACCCAGCATGCAGC-1,Layer_1,2
ACACCCGAGAAATCCG-1,Layer_1,2
ACACCGAGCGCTCTTT-1,Layer_1,2
ACACCGGTCTGACCGC-1,WM,3
ACACCTTAAGTAGGGC-1,Layer_1,2
ACACCTTACTACTTGC-1,Layer_1,2
ACACGAGACTCCTTCT-1,Layer_1,2
ACACGGCACTATGCAT-1,Layer_3,4
ACACGGGAACTTAGGG-1,Layer_1,2
ACACGTAGGCCACAAG-1,Layer_3,4
ACACTCCAATGTCACT-1,Layer_1,2
ACACTGATCAAGGTGT-1,Layer_3,4
ACACTGGGACAGTCGT-1,Layer_3,4
ACAGAACTGAGAACAA-1,Layer_5,0
ACAGATTAGGTTAGTG-1,Layer_3,4
ACAGCATAGAGCCAGT-1,Layer_2,6
ACAGCGACATTCTCAT-1,Layer_3,4
ACAGCGCACCCGCAGC-1,Layer_3,4
ACAGGCACGGATCCTT-1,Layer_3,4
ACAGGCTTGCCCGACT-1,Layer_3,4
ACAGGTGGAGGTGAGG-1,Layer_4,4
ACAGGTGTGTTGTTGC-1,Layer_4,4
ACAGTAATACAACTTG-1,Layer_4,0
ACAGTATACCGTGGGA-1,Layer_3,4
ACATAAGTCGTGGTGA-1,Layer_6,3
ACATAATAAGGCGGTG-1,Layer_1,2
ACATACAATCAAGCGG-1,Layer_4,0
ACATCAGCTGGGACGC-1,Layer_3,4
ACATCCCGGCCATACG-1,Layer_3,4
ACATCCTGGTAACTGT-1,Layer_1,2
ACATCGATCGTTTACC-1,Layer_3,4
ACATCGCAATATTCGG-1,WM,1
ACATCGGTCAGCCGCG-1,Layer_3,4
ACATCGTATGCAATGG-1,Layer_2,6
ACATCGTTAACCTAGT-1,Layer_3,4
ACATCTCAACGCGTAA-1,Layer_3,4
ACATGCTTACGGCAGC-1,WM,1
ACATGGCGCCAAAGTA-1,Layer_1,2
ACATGGCTCAATTTAG-1,Layer_1,2
ACATTAGTTTATATCC-1,Layer_3,4
ACATTCGCGCGGAATA-1,WM,1
ACATTTGAAACCTAAC-1,Layer_3,4
ACCAAACACCCAGCGA-1,Layer_3,4
ACCAAACTAGAAATCC-1,Layer_3,4
ACCAACACCACACACT-1,Layer_3,4
ACCAACCGCACTCCAC-1,Layer_3,4
ACCAACGCTTATTTAT-1,Layer_3,4
ACCAAGAACGCGTGTC-1,Layer_1,2
ACCAAGTCATCGGCAG-1,Layer_3,4
ACCAATATGCAAGTTA-1,Layer_3,4
ACCACAACTCAGAACA-1,Layer_3,4
ACCACAAGTTTCTATC-1,Layer_2,2
ACCACACGGTTGATGG-1,Layer_5,0
ACCACCAATGTAACAA-1,Layer_1,2
ACCACCCTCTCTTCTA-1,Layer_3,4
ACCACGTGCAGCTATA-1,Layer_3,4
ACCACTGTTCAAGAAG-1,Layer_1,2
ACCAGACCATAACAAC-1,Layer_4,4
ACCAGCCCGGTCTTTG-1,Layer_3,4
ACCAGGAGTGTGATCT-1,Layer_3,4
ACCAGTGCCCGGTCAA-1,Layer_3,4
ACCAGTGCGGGAGACG-1,Layer_2,2
ACCATATCCGCAATAA-1,Layer_3,4
ACCATCCGCCAACTAG-1,Layer_4,0
ACCATCGTATATGGTA-1,Layer_3,4
ACCATTAAGGGTGTCA-1,Layer_1,2
ACCCAACGCCCGTGGC-1,Layer_1,2
ACCCACCTACATGCTC-1,Layer_2,6
ACCCATCTTGAGGGTA-1,Layer_3,4
ACCCATTTGTCCCTCT-1,Layer_3,4
ACCCGAGCGAAATTAC-1,Layer_5,5
ACCCGATTGGTTCCGA-1,Layer_6,5
ACCCGGAAACTCCCAG-1,Layer_3,4
ACCCGGAGCACCACAA-1,Layer_3,4
ACCCGGATGACGCATC-1,Layer_1,2
ACCCGGTTACACTTCC-1,Layer_3,4
ACCCGTAGTCTAGTTG-1,Layer_3,4
ACCCGTGTCATCAGTA-1,Layer_4,0
ACCCTATAGGACTGAG-1,Layer_1,2
ACCCTATGCCATATCG-1,Layer_4,0
ACCCTCCCGTCAGGGC-1,Layer_3,4
ACCCTCCCTTGCTATT-1,Layer_3,4
ACCCTGGTAACGCCCT-1,Layer_3,4
ACCCTTCATCTGCGAA-1,Layer_2,6
ACCCTTGCCTGGGTCG-1,Layer_3,4
ACCCTTTAGTTCTCCA-1,Layer_3,4
ACCGAAAGGGCCCTGC-1,Layer_2,6
ACCGAAGAGTCTGGTT-1,Layer_6,5
ACCGACACATCTCCCA-1,Layer_3,0
ACCGACTGAGTCCCAC-1,Layer_1,2
ACCGAGTCTCCTTATT-1,Layer_4,0
ACCGATAGGCATAACC-1,Layer_3,4
ACCGATATTTAATCAT-1,Layer_2,2
ACCGATGGTAGCATCG-1,Layer_1,2
ACCGCAATAACTGCCT-1,Layer_3,4
ACCGCGGTGGAAGTCG-1,Layer_1,2
ACCGCTAGTCATTGGT-1,WM,3
ACCGGGCCTTTGTTGA-1,Layer_1,2
ACCGGTCAGGTACACC-1,Layer_6,3
ACCGGTCTGAGTACGG-1,Layer_3,4
ACCGTCCACTGGGCCC-1,WM,1
ACCGTGACCACGTGGG-1,Layer_5,5
ACCGTTCCCGCTCTGA-1,Layer_3,4
ACCTAAGTACCTTTCA-1,Layer_4,0
ACCTAATCGACTTCCT-1,Layer_3,4
ACCTACAGTATGTGGT-1,Layer_1,2
ACCTACTATAAATCTA-1,Layer_5,5
ACCTCAGCGAGGCGCA-1,Layer_3,0
ACCTCCGCCCTCGCTG-1,Layer_2,6
ACCTCCGTTATTCACC-1,Layer_1,2
ACCTCGAACTTATGCT-1,WM,1
ACCTGCGTGTCATGTT-1,Layer_4,0
ACCTTTCCTTTAGAAG-1,Layer_3,6
ACGAAATGGGCGGCAC-1,Layer_3,4
ACGACCCATGAGTTGC-1,Layer_3,4
ACGACTCTAGGGCCGA-1,Layer_3,4
ACGACTGGTCATACTC-1,Layer_5,5
ACGAGAACCCATCACG-1,Layer_1,2
ACGAGATATTTGCTTA-1,Layer_3,4
ACGAGGATACCACTCT-1,Layer_5,0
ACGAGGTTTACAACGT-1,Layer_6,5
ACGAGTACGGATGCCC-1,Layer_2,2
ACGATACATAGAACTA-1,Layer_1,2
ACGATACCTATCCTGA-1,Layer_3,4
ACGATCATACATAGAG-1,Layer_1,2
ACGATCATCTTGTAAA-1,Layer_1,2
ACGATGCATATGTTAT-1,Layer_3,4
ACGATGGATCCGATGC-1,Layer_3,4
ACGCAAACTAATAGAT-1,Layer_5,5
ACGCAATCACTACAGC-1,Layer_2,6
ACGCATACGTTTACTA-1,Layer_3,6
ACGCATTCGTGAGTAC-1,Layer_2,2
ACGCCACTCGAAACAG-1,Layer_5,5
ACGCCAGATGATTTCT-1,Layer_1,2
ACGCCAGTGCGTTTGC-1,Layer_3,4
ACGCCCAGCTGTCGAT-1,Layer_3,4
ACGCCGCTAGACGACC-1,Layer_3,4
ACGCGAAGTCAGACGA-1,Layer_3,4
ACGCGCTACACAGGGT-1,Layer_3,4
ACGCGGGCCAAGGACA-1,Layer_2,2
ACGCGTTTCTTAAGAG-1,Layer_3,4
ACGCTACTGAATGGGC-1,Layer_3,4
ACGCTAGTGATACACT-1,Layer_1,2
ACGCTGTGAGGCGTAG-1,Layer_3,4
ACGCTTAGTGTCTCTC-1,Layer_3,4
ACGGAACACGAGTGCC-1,Layer_3,4
ACGGAATTTAGCAAAT-1,Layer_1,2
ACGGACGCAGCGACAA-1,WM,1
ACGGACTCTCAAAGCG-1,Layer_3,4
ACGGAGCGCAAATTAC-1,Layer_3,4
ACGGATGGTGCGGATA-1,Layer_3,4
ACGGCACTTGCTTGGG-1,Layer_3,4
ACGGCCAACATGGACT-1,Layer_3,4
ACGGCGACGATGGGAA-1,Layer_3,4
ACGGCGGGTTGCCCTG-1,Layer_2,2
ACGGCTGGATGTAGAA-1,Layer_6,3
ACGGGAGTGTCGGCCC-1,Layer_4,0
ACGGGCGTATGCGACA-1,Layer_3,4
ACGGGTCATGTGACTT-1,Layer_1,2
ACGGTACAGTTCAATG-1,Layer_3,4
ACGGTCACCGAGAACA-1,WM,1
ACGTACAGATTTCTCT-1,Layer_3,6
ACGTACTTTGGCACGG-1,Layer_6,3
ACGTAGATTGCTGATG-1,Layer_1,2
ACGTAGGAGAGTCGCT-1,Layer_4,0
ACGTATTACTCCGATC-1,Layer_1,2
ACGTCCTAAACGAGAT-1,Layer_3,4
ACGTCTCGTTCCGGGA-1,Layer_5,0
ACGTGACAAAGTAAGT-1,Layer_5,5
ACGTGCGCCTCGTGCA-1,Layer_1,2
ACGTGGTCGAATGTGC-1,Layer_3,4
ACGTTAATGTCGAAGA-1,Layer_3,6
ACGTTAGATTTGCCCG-1,Layer_3,4
ACGTTATTGGTCACTC-1,Layer_1,2
ACGTTCACTATGCCGC-1,Layer_6,3
ACGTTCCGCGCTCCGT-1,Layer_2,6
ACGTTCGCAATCAATT-1,Layer_1,2
ACGTTCGTTCAGGAAA-1,Layer_4,5
ACGTTCTGTACAAGTC-1,Layer_3,4
ACGTTGTCGTTGAAAG-1,WM,3
ACGTTTAGTTGTGATC-1,Layer_2,6
ACGTTTCGGTGCACTT-1,Layer_3,4
ACTAAGGACGCACACC-1,Layer_3,4
ACTAATACGTCAGGCG-1,Layer_3,4
ACTACAAAGAGAGGTG-1,Layer_5,5
ACTACATCCCGACAAG-1,Layer_6,3
ACTACCAGCTCTCTGG-1,Layer_1,2
ACTACCATCCGAGGGC-1,WM,1
ACTACGCGTTAGAATT-1,Layer_4,0
ACTAGTTGCGATCGTC-1,Layer_1,2
ACTATATGCTGTGTTC-1,Layer_3,4
ACTATCCAGGGCATGG-1,Layer_1,2
ACTATCGCCGGCTAAA-1,Layer_1,2
ACTATCTGCCCGCGTA-1,Layer_1,2
ACTATGTCCAGCTGCC-1,Layer_6,3
ACTATTCGTCCGTGGT-1,Layer_2,6
ACTATTTCCGGGCCCA-1,Layer_4,5
ACTCAACGAATGTATT-1,Layer_1,2
ACTCAAGTGCAAGGCT-1,Layer_3,4
ACTCAATAAAGGCACG-1,Layer_1,2
ACTCAGACCTGCTTCT-1,Layer_1,2
ACTCATGGCAGCCTTC-1,WM,1
ACTCCAATATCATCAT-1,Layer_5,5
ACTCCCATTCCTAAAG-1,Layer_4,0
ACTCCCGAATTCGTTT-1,Layer_1,2
ACTCCCGTAGACTAGG-1,Layer_3,4
ACTCCCTAATGCTAAA-1,Layer_3,4
ACTCCCTAGAATAGTA-1,Layer_3,4
ACTCCGGCCGACCACT-1,Layer_3,4
ACTCGATGTATTTCAT-1,Layer_1,2
ACTCGCCGTTCGATAA-1,Layer_3,4
ACTCGCGATCTGACGC-1,Layer_1,2
ACTCGTAACCCGTCCT-1,Layer_4,0
ACTCGTCAGTAATCCC-1,Layer_1,2
ACTCTAAACCTGGGAT-1,Layer_3,4
ACTCTCTGACTTAGGT-1,Layer_2,6
ACTCTCTTATACACGA-1,Layer_3,4
ACTCTGACCTAATAGA-1,Layer_3,4
ACTCTTCAGCTCCCGC-1,Layer_2,2
ACTCTTGTATAGTAAC-1,Layer_1,2
ACTGAAACGCCGTTAG-1,Layer_3,4
ACTGAATGGCGAAAGT-1,Layer_3,4
ACTGATTTAGTGATTC-1,Layer_3,4
ACTGCCCGCCATTCTC-1,Layer_6,3
ACTGCCGTCGTAACTC-1,Layer_2,2
ACTGCGGACACACCGT-1,Layer_1,2
ACTGCTCGGAAGGATG-1,Layer_5,5
ACTGGCGAACCTGCGT-1,Layer_3,4
ACTGGGATGCCAGTGC-1,Layer_6,5
ACTGTACGATACACAT-1,Layer_1,2
ACTGTAGCACTTTGGA-1,Layer_2,2
ACTGTATACGCGAGCA-1,Layer_1,2
ACTGTCCAGGATTATA-1,Layer_2,6
ACTGTCTTCTTTAGAA-1,Layer_1,2
ACTGTGCTAGTAGATC-1,Layer_1,2
ACTGTTTAGTGTAGGC-1,Layer_3,4
ACTTACCGGGCGCGCA-1,Layer_3,4
ACTTACGCATCCACGC-1,Layer_3,4
ACTTAGTACGACAAGA-1,Layer_1,2
ACTTATACTTACCCGG-1,Layer_1,2
ACTTATCTGATCTATA-1,Layer_3,2
ACTTATTAGGATCGGT-1,Layer_3,4
ACTTATTTATGTGCCA-1,Layer_2,2
ACTTCAGGCTGATCCC-1,Layer_3,4
ACTTCCAGTGGAAGCT-1,Layer_6,5
ACTTCCATGCGGGACA-1,Layer_3,4
ACTTCGCCATACGCAC-1,Layer_1,2
ACTTCGCTAGCGAGTG-1,Layer_2,6
ACTTGACTCCCTCTTT-1,Layer_3,6
ACTTGCCATATTGTAC-1,Layer_3,4
ACTTGGGACCCGGTGG-1,Layer_2,2
ACTTGGGCTTTCGCCA-1,Layer_5,5
ACTTGTAGTCCCTTCA-1,Layer_4,0
ACTTGTGGATGGAACG-1,Layer_1,2
ACTTGTTACCGGATCA-1,Layer_6,5
ACTTTACCCTCATGAA-1,Layer_1,2
ACTTTCCTATAGCTTC-1,Layer_1,2
ACTTTGACTGCATCCT-1,Layer_4,4
ACTTTGGTCGTGCTCC-1,Layer_6,3
ACTTTGTCGACGCACT-1,Layer_2,6
AGAAATTATGACTCGC-1,Layer_2,2
AGAACACGGCGATGGT-1,WM,1
AGAACCCAGCGTGACA-1,Layer_1,2
AGAACCCTCAATTGGG-1,Layer_6,3
AGAACGTGGTACATTC-1,Layer_1,2
AGAACTGTACTTTGTA-1,Layer_4,0
AGAAGAGCGCCGTTCC-1,Layer_1,2
AGAAGGTACACTTCAC-1,Layer_5,5
AGAAGGTTGCCGAATT-1,Layer_3,4
AGAAGGTTGTAGGTCG-1,Layer_3,4
AGAAGTGATTCGTGAT-1,Layer_4,0
AGAATAAATCTTCAGG-1,Layer_3,4
AGAATACAGGCTATCC-1,Layer_3,4
AGAATGCGGGTTCGGA-1,Layer_3,4
AGAATTATGGATTCGA-1,Layer_1,2
AGAATTGTTTGACATA-1,Layer_1,2
AGACAGCTCAGAATCC-1,Layer_2,6
AGACAGGCATCTCAGC-1,Layer_2,6
AGACATAGATCCTTCC-1,Layer_2,6
AGACCAAACCACACCT-1,Layer_5,5
AGACCATGGGATACAA-1,Layer_1,2
AGACCCACCGCTGATC-1,Layer_3,4
AGACCCGCCCTCCTCG-1,Layer_1,2
AGACCGCTCCGCGGTT-1,Layer_1,2
AGACCGGGAAACCCTG-1,Layer_4,4
AGACGAAGTGCCGGTC-1,Layer_2,2
AGACGACGATGCCGCT-1,Layer_4,0
AGACGCCCACTTCGCC-1,Layer_3,4
AGACGGGATTGGTATA-1,Layer_3,4
AGACGGGCCGATTTAA-1,Layer_3,4
AGACTAGCCTTCCAGA-1,Layer_2,2
AGACTGTTACCGGGTC-1,Layer_5,5
AGAGAAACACCAGAAA-1,Layer_6,5
AGAGAACCGTCTAGGA-1,Layer_1,2
AGAGAAGGAGTACAAT-1,Layer_5,5
AGAGATCTCTAAAGCG-1,Layer_3,4
AGAGCAGTTATGAGAC-1,Layer_3,4
AGAGCCGCCGAGATTT-1,Layer_3,4
AGAGCGCTTGTAACGG-1,Layer_3,4
AGAGCGGGCTAATCAT-1,Layer_1,2
AGAGCGTACAAGCTCG-1,Layer_2,2
AGAGCTACGAAAGCAT-1,Layer_1,2
AGAGGCTTCGGAAACC-1,Layer_2,2
AGAGGTATCTCGGTCC-1,Layer_3,4
AGAGTAAACTTCACTA-1,Layer_1,2
AGAGTATAGTGTTACG-1,Layer_3,4
AGAGTCTTAATGAAAG-1,Layer_3,4
AGAGTTAGAGACCGAT-1,Layer_3,4
AGAGTTGCAGGCCTCC-1,Layer_3,4
AGATAACTTCAGGGCC-1,Layer_2,4
AGATAATCACACCTAT-1,WM,1
AGATACCAATAGAACC-1,Layer_3,4
AGATACCAGCACTTCA-1,Layer_3,4
AGATACCGGTGTTCAC-1,Layer_3,4
AGATACGACTTCATAT-1,Layer_1,2
AGATACTCAAGATCGA-1,Layer_3,6
AGATATAATACGACTA-1,Layer_4,0
AGATCGTGCATAAGAT-1,Layer_2,6
AGATCTCAGGTGTGAT-1,Layer_1,2
AGATCTGGAGAGGATA-1,WM,1
AGATGACTCGCCCACG-1,Layer_1,2
AGATGAGGGTTGCGAT-1,Layer_3,4
AGATGATGGAGTCTGG-1,Layer_1,2
AGATGCAAGACGTGCA-1,Layer_5,5
AGATGCATCCTGTGTC-1,Layer_5,0
AGATGCTATAACGAGC-1,Layer_1,2
AGATTATAGGACGTTT-1,Layer_2,4
AGATTCACAACCGATA-1,Layer_5,5
AGCAAAGGCCGCTAGT-1,Layer_3,4
AGCAACATATCTTATT-1,Layer_1,2
AGCAACCGAAAGTAAT-1,Layer_5,5
AGCACACGTTTAGACT-1,Layer_6,3
AGCACCAGTACTCACG-1,Layer_1,2
AGCACTACCGGCCTGT-1,Layer_3,4
AGCACTACCTCACCAG-1,Layer_3,4
AGCACTTAAGGACGCC-1,Layer_3,4
AGCAGAAGGAGAAAGA-1,Layer_4,0
AGCAGCCAGATGAATA-1,Layer_3,4
AGCAGTCGAAGCATGC-1,Layer_4,0
AGCATATCAATATGCT-1,Layer_2,6
AGCATCATTTCGAAAG-1,Layer_5,5
AGCATCGTCGATAATT-1,Layer_1,2
AGCATTACGAGGCAAG-1,Layer_3,4
AGCCAAGCTTTGTGTC-1,Layer_4,0
AGCCACAGGTTACCCG-1,Layer_3,4
AGCCACTCCCGTGCTT-1,Layer_1,2
AGCCATATAGTATGTG-1,Layer_5,5
AGCCCATACATGTAAG-1,Layer_3,4
AGCCCGCAACAAGCAG-1,Layer_5,5
AGCCCGCACTACAATG-1,Layer_3,4
AGCCCGGCATTAGAGG-1,Layer_6,5
AGCCCGGTAGCCTGTA-1,Layer_4,0
AGCCCTAAGCGAAGTT-1,Layer_1,2
AGCCCTCCCTGGTGGC-1,Layer_6,3
AGCCCTGTCGCACCGT-1,Layer_1,2
AGCCCTTCTAATCCGA-1,Layer_3,4
AGCCCTTGGACATCCC-1,Layer_3,6
AGCCGCAAATTCAAAT-1,Layer_4,4
AGCCGCTTGATTAGCG-1,Layer_1,2
AGCCGTGGCTAAATGT-1,Layer_4,0
AGCCTAATACCCACGT-1,Layer_5,0
AGCCTTAAAGCGGAAG-1,Layer_2,2
AGCGACAGGAACGGTC-1,Layer_4,0
AGCGACATCCCATTCA-1,Layer_1,2
AGCGACCAACGATATT-1,Layer_1,2
AGCGACTTTGAAGACA-1,Layer_6,5
AGCGAGACGTGAAGGC-1,Layer_6,3
AGCGATGCGCCTAATA-1,Layer_3,4
AGCGCATAATGAATCG-1,Layer_4,0
AGCGCGGGTGCCAATG-1,Layer_1,2
AGCGCTAGAGCGATGT-1,Layer_1,2
AGCGCTTATGGGCAAG-1,Layer_3,4
AGCGGACACTTCGTAG-1,Layer_4,0
AGCGGCGGTTAGCGGT-1,Layer_5,0
AGCGGGAAGGGTCCAT-1,Layer_1,2
AGCGGGTCTGACACTC-1,Layer_4,0
AGCGGTTGAGATGTAC-1,Layer_3,4
AGCGGTTGCCGCTCTG-1,Layer_3,4
AGCGTACGAGAGCTAG-1,Layer_1,2
AGCGTAGCGCTAGACC-1,Layer_2,2
AGCGTCTGAACCCGCA-1,Layer_2,2
AGCGTGGTATTCTACT-1,Layer_3,4
AGCGTTCCGATTTAAA-1,Layer_3,4
AGCTAACAAGCAATGT-1,Layer_5,5
AGCTAAGCTCCGTCCG-1,WM,3
AGCTAAGTACGCAGGC-1,Layer_3,4
AGCTACGAATGGTGGT-1,Layer_3,4
AGCTAGAAGCAGAAGT-1,Layer_2,6
AGCTATTTAATCCAAC-1,Layer_2,6
AGCTCCATATATGTTC-1,Layer_3,6
AGCTCCTTCGCACATC-1,Layer_3,4
AGCTCGTTGATGGAAA-1,Layer_3,4
AGCTCTAGACGTTCCA-1,Layer_2,2
AGCTCTTCCCAGTGCA-1,Layer_2,6
AGCTCTTCGTAACCTT-1,Layer_1,2
AGCTCTTTACTCAGTT-1,Layer_3,4
AGCTGAAGTAAACCAA-1,Layer_2,6
AGCTGCATTTGAGGTG-1,Layer_3,4
AGCTGTAACCTCAATC-1,Layer_5,0
AGCTTATAGAGACCTG-1,Layer_2,6
AGCTTCAATACTTTGA-1,Layer_3,4
AGCTTCTTCTCGAGCA-1,Layer_3,4
AGCTTGATCAGGGTAG-1,WM,1
AGCTTGATCTTAACTT-1,Layer_3,4
AGGAACGAACGACTTC-1,Layer_3,4
AGGAAGCTGTCCGCCG-1,Layer_4,0
AGGACAGTCGAATCCC-1,Layer_2,2
AGGACATCGCACGTCG-1,Layer_1,2
AGGACATCGGCACACT-1,Layer_3,4
AGGACGACCCATTAGA-1,Layer_3,4
AGGACGCTCGATGTTG-1,Layer_3,6
AGGACTTATAGGAGAA-1,Layer_1,2
AGGAGACATCCACAGT-1,Layer_3,4
AGGAGAGTCTGGCTAC-1,Layer_3,4
AGGAGCGTTTATTATC-1,Layer_3,4
AGGAGGCCTTCGCGCG-1,Layer_2,6
AGGATAAAGTCGGGAT-1,Layer_3,4
AGGATATAGGGATTTA-1,Layer_1,2
AGGATATCCGACTGCA-1,Layer_3,4
AGGATCACGCGATCTG-1,Layer_5,0
AGGATTGCTTACGACA-1,Layer_2,6
AGGCAAAGAGGAATCA-1,Layer_3,6
AGGCACGTGACTGTCC-1,Layer_3,6
AGGCAGATGCGTAAAC-1,Layer_1,2
AGGCAGGGAGCGTACT-1,Layer_4,0
AGGCATTGTCGTAGGG-1,Layer_2,2
AGGCCACATTGGTTAC-1,Layer_1,2
AGGCCACCCGTTATGA-1,Layer_2,6
AGGCCCAGTGACTGGT-1,Layer_1,2
AGGCCCATTGTACAGG-1,Layer_1,2
AGGCCCTAGAACGCCA-1,Layer_4,4
AGGCCTATCATACCAA-1,Layer_5,5
AGGCCTGAGAATCTCG-1,Layer_3,4
AGGCGATAACTGGCGT-1,Layer_3,6
AGGCGGTTTGTCCCGC-1,Layer_6,5
AGGCGTCTATGGACGG-1,Layer_3,4
AGGCTATGGTTAGCTT-1,Layer_2,6
AGGCTTAAGTTGCACA-1,Layer_5,5
AGGCTTCCCGAAGAAG-1,Layer_3,4
AGGCTTGCTAGACACC-1,Layer_2,6
AGGGAAACGAGGTACT-1,Layer_3,4
AGGGACAGCACGGCGG-1,Layer_3,6
AGGGACCGGCTGCGTT-1,Layer_1,2
AGGGACTCTACGCGAC-1,Layer_3,4
AGGGAGACATACTTCG-1,Layer_2,6
AGGGCAGCGGCGTGGT-1,Layer_3,4
AGGGCCCTAATGTTCT-1,Layer_3,4
AGGGCGAGCAGCTGAT-1,Layer_4,4
AGGGCGTGATCGGCTA-1,Layer_1,2
AGGGCTGCAGTTACAG-1,Layer_2,2
AGGGTCAGAGCACTCG-1,Layer_5,5
AGGGTCAGTAACCCTA-1,Layer_3,4
AGGGTCGATGCGAACT-1,Layer_1,2
AGGGTCTGGACGCAGT-1,Layer_3,4
AGGGTGCCGTTCTTTA-1,Layer_5,5
AGGGTGCTCTCGAGGG-1,Layer_1,2
AGGGTGGATAGTGCAT-1,Layer_3,4
AGGGTTCAGACGGTCC-1,Layer_5,5
AGGGTTCCCTTTGGTT-1,Layer_1,2
AGGGTTTAGTTCGGGA-1,Layer_1,2
AGGTAACCTCCTATTC-1,Layer_1,2
AGGTACGATATTGCCA-1,Layer_3,4
AGGTAGATCGAGATAT-1,Layer_5,5
AGGTAGGTACAAAGCT-1,Layer_3,4
AGGTATAATTGATAGT-1,Layer_1,2
AGGTATGCGGACATTA-1,Layer_1,2
AGGTCAGGTGAGAGTG-1,Layer_4,0
AGGTCGCCACTTCGGT-1,Layer_2,2
AGGTCGCCTCCCAACA-1,Layer_3,4
AGGTCGCGGAGTTACT-1,Layer_2,2
AGGTGCACGTCCACAT-1,Layer_3,4
AGGTGGTGACCTTCGC-1,Layer_4,0
AGGTGTATCGCCATGA-1,Layer_3,4
AGGTGTTGCCGACCAC-1,Layer_3,4
AGGTTACACCATGCCG-1,Layer_1,2
AGGTTCTCCTTTCCGG-1,WM,1
AGGTTGAGGCACGCTT-1,Layer_1,2
AGGTTTCACACACCTT-1,Layer_3,4
AGTAACGTTCATCCTG-1,Layer_3,4
AGTAACTATAGCAGCC-1,Layer_3,4
AGTAAGGGACAGAATC-1,Layer_3,4
AGTAATCTAAGGGTGG-1,Layer_4,0
AGTAATGTCTTGCCGC-1,Layer_1,2
AGTAATTTGCAAGCGT-1,WM,1
AGTACAGAAGCTTATA-1,Layer_4,0
AGTACATCATTTATCA-1,Layer_2,2
AGTACCTTCGAGTGCT-1,Layer_3,4
AGTACGGCCCGTATCG-1,Layer_3,4
AGTACGGGCACCTGGC-1,Layer_1,2
AGTACGTGGCCTGTCT-1,Layer_3,4
AGTACTCTTATGCCCA-1,Layer_3,4
AGTAGAAGGCGCCTCA-1,Layer_5,5
AGTAGCGTGAACGAAC-1,Layer_3,4
AGTAGCTAGACGCCGA-1,Layer_3,4
AGTAGGAAGGAAGTTG-1,Layer_3,4
AGTAGGTAACATACAT-1,Layer_1,2
AGTATAATACTAGGCA-1,Layer_2,2
AGTATACACAGCGACA-1,Layer_5,5
AGTATCCATAATAACG-1,Layer_1,2
AGTATGCTGGAGACCA-1,Layer_5,5
AGTATTTGGCACGACC-1,Layer_4,0
AGTCAAATGATGTGAT-1,Layer_6,5
AGTCAACACCACCATC-1,Layer_3,4
AGTCAAGATGACACTT-1,Layer_2,6
AGTCACTAGCTCTCGA-1,Layer_3,6
AGTCACTCCGCCTCAT-1,Layer_1,2
AGTCAGCCACCGCCTG-1,Layer_1,2
AGTCCAGCGGGTACGT-1,Layer_1,2
AGTCCATTGGCTGATG-1,Layer_1,2
AGTCCCGCCTTTAATT-1,Layer_3,4
AGTCCCTCGCAGAAAG-1,Layer_3,4
AGTCGAATTAGCGTAA-1,Layer_3,6
AGTCGACGGTCTCAAG-1,Layer_1,2
AGTCGGCCCAAACGAC-1,Layer_1,2
AGTCGGCTCAACTTTA-1,Layer_4,0
AGTCGGTTGCGTGAGA-1,Layer_1,2
AGTCGTATAAAGCAGA-1,Layer_3,4
AGTCGTCGACCACCAA-1,Layer_3,4
AGTCGTGGGCATTACG-1,Layer_4,0
AGTCTAAAGTATACTC-1,Layer_2,6
AGTCTCACAAGACTAC-1,Layer_5,0
AGTCTGGACATCCTTG-1,Layer_1,2
AGTCTTCTCCTCAAAT-1,Layer_1,2
AGTCTTTAAAGTGTCC-1,Layer_4,0
AGTGAACAAACTTCTC-1,Layer_1,2
AGTGAAGATGGTGTCC-1,Layer_3,4
AGTGACCTACTTTACG-1,Layer_3,4
AGTGACTGTGACACAA-1,Layer_6,3
AGTGAGACTTCCAGTA-1,Layer_1,2
AGTGAGCCTCGCCGCC-1,Layer_1,2
AGTGAGGGTTTCTGAC-1,Layer_3,4
AGTGAGTCGAATTAAC-1,Layer_3,4
AGTGATAACCTGCGCG-1,Layer_3,4
AGTGATATGAGTAGTT-1,Layer_3,4
AGTGATTCAAGCAGGA-1,Layer_1,2
AGTGCACGCTTAAGAA-1,Layer_2,6
AGTGCGTAGCTCGTAA-1,Layer_3,4
AGTGCTAAACACAGCA-1,Layer_3,4
AGTGCTTGCACGAATA-1,Layer_1,2
AGTGGCCCGCAAATGG-1,Layer_4,0
AGTGGCGGCAATTTGA-1,Layer_2,2
AGTGGCGTCTGAAGGT-1,Layer_3,4
AGTGGCTCCGTCGGCC-1,Layer_4,4
AGTGGTGTTACCCGTG-1,Layer_5,0
AGTGGTTGCGTATAGG-1,Layer_3,4
AGTGTATTGCGCATTG-1,Layer_3,4
AGTGTGCTAAGATCGC-1,Layer_1,2
AGTGTGGTCTATTGTG-1,Layer_1,2
AGTTAAACACTTGCGA-1,Layer_3,4
AGTTAAGCGGTCCCGG-1,Layer_2,6
AGTTAAGTCAACCGCT-1,Layer_4,0
AGTTACCCTTAAGACT-1,Layer_3,6
AGTTACCGCACATGGT-1,Layer_3,6
AGTTACTCTATCGTGG-1,Layer_3,4
AGTTATTCAGACTGTG-1,Layer_3,4
AGTTATTGAAAGGTAA-1,Layer_3,4
AGTTCACCGGTTGGAC-1,Layer_2,2
AGTTCCTACAGAATTA-1,Layer_2,6
AGTTCCTATTTATGTT-1,Layer_3,4
AGTTCTGCGTTGTATC-1,Layer_1,2
AGTTGACATCGGCTGG-1,Layer_1,2
AGTTGACGGTCCTTGC-1,Layer_4,0
AGTTGCGGTCCTCAAC-1,WM,1
AGTTGCTGACTGATAT-1,Layer_1,2
AGTTGGCAAGGCTAGA-1,Layer_3,4
AGTTTATGTAAAGACA-1,Layer_3,4
AGTTTCGCAGGTCGGA-1,Layer_2,6
AGTTTGCACCTGCCTC-1,Layer_3,4
AGTTTGGCACGGGTTG-1,Layer_1,2
AGTTTGGCCAGACCTA-1,Layer_4,4
ATAAACCATTGGACGG-1,Layer_3,6
ATAAACGGACCCGTAA-1,Layer_3,4
ATAAACGTTGCACCAC-1,Layer_3,6
ATAAAGGCTCGGTCGT-1,Layer_2,4
ATAAAGGTCAAGTACG-1,Layer_3,4
ATAAATATTAGCAGCT-1,Layer_3,4
ATAACGCCGGAGGGTC-1,Layer_1,2
ATAACGGAGTCCAACG-1,Layer_1,2
ATAACGTTACCTCCAC-1,Layer_3,4
ATAAGCAAACACCGAG-1,Layer_3,4
ATAAGGTGGAGAACAT-1,Layer_3,4
ATAAGTACCCGATTGT-1,Layer_3,4
ATAAGTAGGATTCAGA-1,Layer_2,2
ATAAGTAGGGCGACTC-1,Layer_1,2
ATAAGTTACCGCGACG-1,Layer_3,4
ATAATACCGTTAGCCG-1,Layer_1,2
ATAATAGCTGTTGAAT-1,Layer_3,4
ATAATAGTGTAGGGAC-1,Layer_1,2
ATAATCTTGGAGAACC-1,Layer_3,4
ATAATTAGCTAAGTAG-1,Layer_4,0
ATACAGGCCCTCCAAT-1,Layer_3,4
ATACCACGGGCAACTT-1,Layer_3,4
ATACCAGCAAATTGCT-1,Layer_3,4
ATACCAGGCTAATAGA-1,Layer_2,6
ATACCAGGTGAGCGAT-1,Layer_3,4
ATACCGTCATCCATAA-1,Layer_3,4
ATACCTAACCAAGAAA-1,Layer_3,4
ATACGAAGGCTTTCCA-1,Layer_1,2
ATACGAGGTTTGTAAG-1,Layer_6,5
ATACGCCGATCTACCG-1,Layer_2,2
ATACGCCGGCGAAACC-1,Layer_2,2
ATACGGAACGTCGTTT-1,Layer_5,5
ATACGGGTTTCGATTG-1,Layer_1,2
ATACGGTGAAGATGCA-1,Layer_3,4
ATACGTACTTAGCCAC-1,Layer_3,4
ATACGTCCACTCCTGT-1,Layer_2,2
ATACGTTATGCACGGA-1,Layer_4,0
ATACTACCCGTACCAC-1,Layer_3,4
ATACTAGCATGACCCT-1,Layer_1,2
ATACTCTCGCCACTCT-1,Layer_1,2
ATACTGCCTTACACCG-1,Layer_3,4
ATACTTGTTCTCGAGC-1,Layer_3,4
ATAGACAACGGGACCT-1,Layer_1,2
ATAGACGAAGAGAAAG-1,Layer_3,4
ATAGAGTACTGGGACA-1,Layer_1,2
ATAGAGTTATCAACTT-1,Layer_1,2
ATAGATTTGCAGTCGG-1,Layer_3,4
ATAGCAACTAGGGAAG-1,Layer_3,4
ATAGCCATAACAGTCA-1,Layer_3,4
ATAGCCTCAGTACCCA-1,Layer_1,2
ATAGCTGCTCTTGTTA-1,Layer_1,2
ATAGGAATCTAAGCTT-1,Layer_3,4
ATAGGCGGCTATAGAA-1,Layer_3,4
ATAGGCTAGCTTCGCA-1,Layer_2,2
ATAGGGATATCCTTGA-1,Layer_1,2
ATAGGTTGGGCAGATG-1,Layer_1,2
ATAGTCTTTGACGTGC-1,Layer_3,4
ATAGTGAAGCGTTCTC-1,Layer_3,4
ATAGTTCCACCCACTC-1,Layer_1,2
ATATAAAGCGCTCGTG-1,Layer_3,4
ATATAAATGTAGCTGC-1,Layer_3,4
ATATAACACGGGCGCA-1,Layer_3,4
ATATACATGTATGGTA-1,Layer_5,0
ATATACGCTCGTGACG-1,Layer_3,4
ATATAGAGTATTGGTC-1,WM,1
ATATCAACCTACAGAG-1,Layer_1,2
ATATCAATTCCAGCCT-1,Layer_6,5
ATATCGGTAGGGAGAT-1,Layer_1,2
ATATCGTGCCAGACCC-1,Layer_3,4
ATATCGTTCCTCGAAC-1,Layer_3,4
ATATCTCCCTCGTTAA-1,Layer_2,6
ATATCTTAGGGCCTTC-1,Layer_2,6
ATATGGGATAGCAACT-1,Layer_5,5
ATATGTCTAGAGCGTG-1,Layer_5,5
ATATGTCTCCCTAGCC-1,Layer_1,2
ATATGTGCACAAACCA-1,Layer_3,4
ATATTATCCCGTATTT-1,Layer_1,2
ATATTCAGTTAAACCT-1,Layer_3,4
ATATTCCACATAGTGA-1,Layer_3,4
ATATTCCCACAGGTCA-1,Layer_2,6
ATATTGCTGTCAAAGT-1,Layer_1,2
ATATTGGAGAGGCCTT-1,Layer_3,4
ATATTTAACCCTCAAG-1,Layer_2,2
ATCAAACACTGTTCCA-1,Layer_1,2
ATCAAACGAAGGTTTG-1,Layer_4,0
ATCAAAGAGCCGTGGT-1,Layer_6,5
ATCAAGATCCCAGGAC-1,Layer_5,5
ATCAATCTGGGCTGCA-1,Layer_1,2
ATCAATGCCGTGGCTG-1,Layer_6,3
ATCACATTAGAATATC-1,Layer_2,2
ATCACGTGCTAATTAA-1,Layer_3,4
ATCACTTCATCCTCGC-1,Layer_1,2
ATCAGACGGCACGCCG-1,Layer_3,4
ATCAGCCTCATGCTGC-1,Layer_3,4
ATCAGCTCGTCCACTA-1,Layer_5,0
ATCAGGTAGCTGACAG-1,Layer_2,2
ATCAGGTCGCCATTGC-1,Layer_3,4
ATCAGTAGGCAGGGAT-1,Layer_1,2
ATCATAGATCGACGAG-1,Layer_6,5
ATCATAGCCCTATGTA-1,Layer_3,4
ATCATCCAATATTTGT-1,Layer_3,4
ATCATCTGCCCAGTGT-1,Layer_3,4
ATCATGGACTACCGAC-1,Layer_1,2
ATCATTGTACCGCATT-1,WM,3
ATCCAACGCAGTCATA-1,Layer_1,2
ATCCAATGGAGGGTCC-1,Layer_3,4
ATCCAATGGTACCGAA-1,Layer_3,4
ATCCACATCGACAGAA-1,Layer_3,4
ATCCACGCTAAATGTT-1,Layer_3,4
ATCCAGAGCAACAACC-1,Layer_3,4
ATCCAGGATTCGTGAA-1,Layer_3,4
ATCCCATCCACAGCGC-1,Layer_6,3
ATCCCATTTCCGTGGG-1,Layer_5,5
ATCCGGACCAGCCTGA-1,Layer_3,4
ATCCTACCTAAGCTCT-1,Layer_3,4
ATCCTGAATCGCTGCG-1,Layer_3,4
ATCCTGCGTGGAATGG-1,Layer_3,4
ATCCTGCTGCAGATAG-1,Layer_2,6
ATCCTTCTGAAAGAAC-1,Layer_1,2
ATCGACCCAATACAGA-1,Layer_3,4
ATCGACTCTTTCCGTT-1,Layer_1,2
ATCGCACGATTGTTCA-1,Layer_1,2
ATCGCACGCCGGGAGA-1,Layer_1,2
ATCGCCAGTCAACATT-1,Layer_1,2
ATCGCCGTGGTTCATG-1,Layer_3,4
ATCGCTGCGTGCAGCA-1,Layer_3,4
ATCGCTTTACGTCTCA-1,Layer_2,2
ATCGGAGACAGACGGC-1,Layer_3,4
ATCGGCAAGCAGTCCA-1,Layer_2,6
ATCGGTTACCTAGTAA-1,Layer_3,4
ATCGTATTCCGAGAAC-1,Layer_3,4
ATCGTCCAATCGAGTC-1,Layer_1,2
ATCGTGGAAAGTCTGG-1,Layer_6,3
ATCGTTAGCTAGCGGA-1,Layer_3,4
ATCGTTCACTTTCGCC-1,Layer_3,4
ATCTAACGTCCCTATG-1,Layer_1,2
ATCTAATATCCTACGG-1,Layer_3,4
ATCTACCATCTGCTCC-1,Layer_4,0
ATCTAGCTTGTGAGGG-1,Layer_4,5
ATCTCATAAACCTACC-1,Layer_3,4
ATCTCCCACGGAATAT-1,Layer_3,4
ATCTCCCTGCAATCTA-1,Layer_2,2
ATCTCGTGAGCGAAAC-1,Layer_1,2
ATCTGACATGGAAGGA-1,Layer_5,5
ATCTGATAGTGTCTTA-1,Layer_1,2
ATCTGCACCTCTGCGA-1,Layer_1,2
ATCTGCTGTTATCGCC-1,Layer_5,5
ATCTGGGCTGTTCTTG-1,Layer_3,0
ATCTGGTTAAGACTGT-1,Layer_1,2
ATCTGTAATTGTACCC-1,Layer_1,2
ATCTTAGGGCATTAAT-1,WM,1
ATCTTATCGCACACCC-1,Layer_3,4
ATCTTGACCTGCAACG-1,Layer_1,2
ATCTTGACTTGTCCAA-1,Layer_1,2
ATCTTTCGTATAACCA-1,Layer_3,4
ATGAAGCCAAGGAGCC-1,Layer_1,2
ATGAAGTGGACCCAGC-1,Layer_3,4
ATGACGCCGGCTCTAA-1,Layer_1,2
ATGACGCGTTCTATCC-1,Layer_4,0
ATGACTATCAGCTGTG-1,Layer_5,5
ATGACTATGCGACATT-1,Layer_2,6
ATGAGGAGTGTTAATC-1,Layer_2,2
ATGAGGGCAGCGGCTA-1,Layer_1,2
ATGATCGGGAATAGAC-1,Layer_1,2
ATGATGCAATGGTACA-1,Layer_3,4
ATGCACCTTCCTTAAT-1,Layer_2,2
ATGCACGCGCTGTTCA-1,Layer_6,3
ATGCACTACCGCATTG-1,Layer_1,2
ATGCATGATCCAGGAT-1,Layer_1,2
ATGCATTCCGTGATGG-1,Layer_3,4
ATGCCAATCGCTCTGC-1,Layer_3,4
ATGCCATTTGCGACCA-1,Layer_1,2
ATGCCGGTCTTGCATA-1,Layer_1,2
ATGCCGGTTGATGGGA-1,Layer_2,6
ATGCGACAATTGGTCC-1,Layer_3,4
ATGCGACAGTCCCATT-1,Layer_1,2
ATGCGAGTCCCACCAC-1,Layer_1,2
ATGCTCAGTGTTGCAT-1,Layer_1,2
ATGCTCTGGCGCGGTA-1,Layer_3,4
ATGCTTAGGAGTTGAT-1,Layer_2,6
ATGGAAATTTAAGGAG-1,Layer_5,5
ATGGAACCTTTGCACA-1,Layer_1,2
ATGGACTGCTTAGTTG-1,Layer_6,3
ATGGAGCAGGCCGTGA-1,Layer_2,2
ATGGATCCGGCGTCCG-1,Layer_2,2
ATGGATTGACCAAACG-1,Layer_1,2
ATGGCAGCATTACGAT-1,Layer_6,3
ATGGCAGCCGAGAAAC-1,Layer_3,4
ATGGCCCGAAAGGTTA-1,Layer_3,4
ATGGCGGAATAGTCGC-1,Layer_2,2
ATGGCTGGAAATGGCC-1,Layer_3,4
ATGGGAACGGAAGCGG-1,Layer_3,4
ATGGGACCTGCTGAAC-1,Layer_5,5
ATGGGCCTCGGCCTCT-1,Layer_2,2
ATGGGTGTATACCTCC-1,Layer_6,3
ATGGTATTGGGAACCG-1,Layer_5,5
ATGGTATTTACTGATT-1,WM,1
ATGGTCGCGTGGTTTC-1,Layer_2,6
ATGGTGCTCAAAGCCA-1,Layer_3,4
ATGTAAGGCTGCTCTT-1,Layer_1,2
ATGTACATGCGGTGAG-1,Layer_3,4
ATGTACGATGACGTCG-1,Layer_4,0
ATGTAGCGCGCGTAGG-1,Layer_4,0
ATGTCATAATAAACGA-1,Layer_6,5
ATGTCATTTCCCATTG-1,Layer_2,2
ATGTCTTGTTTGACTC-1,Layer_6,3
ATGTGAAAGCCTAATG-1,Layer_4,0
ATGTGCATCCGACGCA-1,Layer_1,2
ATGTGGACATCTTGAT-1,Layer_3,4
ATGTGTAGTTTAGTCA-1,Layer_3,4
ATGTTACGAGCAATAC-1,Layer_1,2
ATGTTCCTGCCCACCT-1,Layer_1,2
ATGTTCGTCGACCCAC-1,Layer_3,4
ATGTTGATTAGAGACT-1,Layer_3,4
ATGTTGTAGTCTGTTT-1,Layer_5,5
ATGTTTCGGCCCGGAG-1,Layer_2,2
ATGTTTGTAAGATCAT-1,Layer_3,4
ATTAAACATGCGGACC-1,Layer_3,4
ATTAACACCTGAGATA-1,Layer_2,2
ATTAATACTACGCGGG-1,Layer_1,2
ATTAATGAACCAGTCG-1,Layer_1,2
ATTAATTCGGTCACTC-1,Layer_2,2
ATTACAACTACCGGCC-1,Layer_3,4
ATTACATGTCAGTCTT-1,Layer_1,2
ATTACCACACTGCCTG-1,Layer_1,2
ATTACGACTCCACAGT-1,Layer_3,4
ATTACGCGCTGGCAGG-1,Layer_3,4
ATTACTAGCCTCTTGC-1,Layer_1,2
ATTACTTACTGGGCAT-1,Layer_2,6
ATTAGATTCCTCAGCA-1,Layer_2,6
ATTAGATTGATAGCGG-1,Layer_1,2
ATTAGGCGATGCTTTC-1,Layer_2,2
ATTATACTTTGCTCGT-1,Layer_2,2
ATTATAGCTACTTTAC-1,Layer_1,2
ATTATCGGAATGTACG-1,Layer_5,5
ATTATCTCGACAGATC-1,Layer_3,4
ATTATGAGACCCAATT-1,WM,1
ATTATGCCATAGGGAG-1,Layer_1,2
ATTATTATGTCCGTCA-1,Layer_5,5
ATTATTCAGAGTCACT-1,Layer_3,4
ATTCAAAGTACCTGTT-1,Layer_1,2
ATTCAACCATTTAAGG-1,Layer_3,4
ATTCACTGATGTTGGA-1,Layer_3,4
ATTCAGGACCTATTTC-1,Layer_2,6
ATTCAGGATCGCCTCT-1,Layer_3,4
ATTCAGTAGCAGGGTC-1,Layer_2,6
ATTCATATACTGTCCA-1,Layer_3,4
ATTCATCGTTGAGGCA-1,Layer_3,4
ATTCCCACATAAACAA-1,Layer_2,6
ATTCCCGAAGGTACAG-1,WM,3
ATTCCTAAGACGTGGA-1,Layer_3,4
ATTCCTCCGCCAGTGC-1,Layer_1,2
ATTCCTTCCAGGCGGT-1,Layer_1,2
ATTCGACGCCGGGCCT-1,Layer_3,4
ATTCGCAGAGGACACT-1,Layer_3,4
ATTCGCGCCTTGAGAG-1,Layer_3,4
ATTCGTCCCGAGGTTA-1,Layer_3,4
ATTCGTGCTATCTCTT-1,Layer_1,2
ATTCGTGTACCCATTC-1,Layer_4,0
ATTCGTTTATCGTATT-1,Layer_3,4
ATTCTCGTCTCTTTAG-1,Layer_1,2
ATTCTGAGTATGAACT-1,Layer_3,4
ATTCTTCGTACTTATG-1,Layer_3,4
ATTGAAGATCTTAGTG-1,Layer_2,6
ATTGAATTCCCTGTAG-1,Layer_3,6
ATTGACCGGCGATGAC-1,Layer_3,4
ATTGACGTAACTCGGT-1,Layer_3,4
ATTGATAGCAACGAGA-1,Layer_1,2
ATTGATCACCACATTT-1,Layer_5,5
ATTGATGAGTCCTAAC-1,Layer_1,2
ATTGCCTATTAGACCG-1,Layer_6,3
ATTGCCTTTATGTTTG-1,Layer_3,4
ATTGCGATCAGTAACT-1,Layer_2,6
ATTGCTGCTCCTCCAT-1,Layer_3,4
ATTGGATTACAGCGTA-1,Layer_2,6
ATTGGGAATATCTTGG-1,Layer_1,2
ATTGGGAGTTCTGTAA-1,Layer_3,4
ATTGGTAGGATCCGCT-1,Layer_3,6
ATTGGTTGTGCATTAC-1,Layer_3,4
ATTGTACAACTCGGCT-1,Layer_1,2
ATTGTCGCAATACCTT-1,Layer_3,4
ATTGTCTGTTTCATGT-1,Layer_5,5
ATTGTGACTTCGCTGC-1,Layer_3,4
ATTGTTCAACGATCCG-1,Layer_1,2
ATTTAACTCGTATTAC-1,Layer_1,2
ATTTACAGTTTACTGG-1,Layer_2,6
ATTTACTAAGTCCATT-1,Layer_1,2
ATTTATACTGGTAAAG-1,Layer_5,5
ATTTCATTATTTCGCG-1,Layer_2,6
ATTTCCGGGTTCTGCG-1,Layer_4,0
ATTTGCCTAGTTACGA-1,Layer_3,4
ATTTGCGCGAGTAGCT-1,Layer_4,0
ATTTGGAGATTGCGGT-1,Layer_6,5
ATTTGTCTTGGGAGCT-1,Layer_1,2
ATTTGTTCCAGGGCTC-1,Layer_1,2
CAAACCAGGTCTGCAT-1,Layer_4,4
CAAACCATAAGCGTAT-1,Layer_4,0
CAAACCCTCCGGCGGG-1,Layer_4,5
CAAACGAGTATCGCAG-1,Layer_3,4
CAAACGGTCGCACTTT-1,Layer_2,6
CAAACGTGGTCTTGCG-1,Layer_3,4
CAAACTACGATAGAGA-1,Layer_3,4
CAAACTATTGAGCTTC-1,Layer_3,4
CAAACTCGCGACGCCG-1,Layer_1,2
CAAAGATTATTGGGCC-1,Layer_5,5
CAAAGGTCATCTGAAA-1,Layer_1,2
CAAAGTCAGGTTAGCT-1,Layer_1,2
CAAATCTCTCACAAGG-1,Layer_4,4
CAAATGCGGAGTGTTC-1,Layer_3,6
CAAATGTCCTTCCGTG-1,Layer_3,4
CAAATTGGATTATGCC-1,Layer_3,4
CAAATTGTCAGCAAGC-1,Layer_2,2
CAACACATCTCCTGCC-1,Layer_2,2
CAACAGAATAACGCTA-1,Layer_3,4
CAACAGTGCCAAACGG-1,Layer_3,6
CAACATGGCCTGATAA-1,Layer_1,2
CAACCAGTGGCCTACC-1,Layer_3,4
CAACCGCACCTAGACA-1,Layer_1,2
CAACCTACCGAGCAGT-1,Layer_3,4
CAACCTGAACCTGCCA-1,Layer_3,4
CAACGACCCGTTTACA-1,Layer_1,2
CAACGATCGATCCAAT-1,Layer_3,4
CAACGCGATGAGCCAA-1,Layer_6,3
CAACGGTTCTTGATAC-1,Layer_1,2
CAACGTGGTGGAGTCT-1,Layer_2,6
CAACTATATCGAATGC-1,Layer_2,6
CAACTCCAACGTTTAG-1,Layer_3,4
CAACTCCGTAACTTGC-1,Layer_3,4
CAACTCCTTGATCCCG-1,Layer_1,2
CAACTGAGGGTATGAC-1,Layer_3,4
CAACTGCTCATCCGAT-1,Layer_4,0
CAACTTGTAGTGGGCA-1,Layer_1,2
CAAGACTCAGAAGCGC-1,Layer_3,6
CAAGAGGGCGGAGTAC-1,Layer_3,4
CAAGATATTATAACGT-1,Layer_2,2
CAAGCAACGTCGGAGT-1,Layer_3,4
CAAGCACCAAATGCCT-1,Layer_1,2
CAAGCGGCACATAATT-1,Layer_3,4
CAAGGATCGCATGTTC-1,Layer_2,6
CAAGGCCAGTGGTGCA-1,Layer_3,4
CAAGGTCCTATAGGCT-1,Layer_1,2
CAAGTAAGTGATAGAC-1,Layer_5,5
CAAGTCGTTGAAATCT-1,Layer_6,5
CAAGTGAACTTTGGTT-1,Layer_3,4
CAAGTGTGGTTGCAAA-1,Layer_1,2
CAATAAACCTTGGCCC-1,Layer_1,2
CAATACGAGAGTCTGA-1,Layer_1,2
CAATACGCTCTGAGGC-1,Layer_4,4
CAATATGTAGATTTAC-1,Layer_3,4
CAATATTCTTGACCTA-1,Layer_4,0
CAATATTGGACTAGTG-1,Layer_1,2
CAATCCATTATCCGTT-1,Layer_3,4
CAATCCCTATACCAGC-1,Layer_3,4
CAATCCTGCCGTGGAG-1,Layer_1,2
CAATGACCCTTAATTT-1,Layer_5,5
CAATGAGGTTCGACTA-1,Layer_2,6
CAATGCGAGAAGTATC-1,Layer_3,4
CAATGGAATCTACATA-1,Layer_3,4
CAATGGATCTCTACCA-1,Layer_1,2
CAATGGTCGGCCTGGG-1,Layer_3,4
CAATGTGCCAACCCTT-1,Layer_1,2
CAATTAAGGGTGATGA-1,Layer_1,2
CAATTGGGCCGCACTC-1,Layer_6,5
CAATTTCGTATAAGGG-1,Layer_2,6
CAATTTGACCGGGAAG-1,Layer_1,2
CACAAACCGCAGAACT-1,Layer_3,4
CACAAGAAAGATATTA-1,Layer_3,4
CACAAGCTAAGAAAGG-1,WM,1
CACAATGAGCTGCTAT-1,Layer_3,4
CACACACGCTAACGAG-1,Layer_2,6
CACACAGCTTGCGCTC-1,Layer_1,2
CACACAGGGATAGATT-1,Layer_2,6
CACACGCGCTGTCTTA-1,Layer_1,2
CACACGTTTCAATGGG-1,Layer_3,4
CACACTTGTATTGCGA-1,Layer_3,4
CACAGAGACGAGGACG-1,Layer_6,3
CACAGCACCCACGGCA-1,Layer_1,2
CACAGCTAGGGAGTGA-1,Layer_1,2
CACAGGGCCATATAGT-1,Layer_3,4
CACAGGGCCGTTGTCA-1,Layer_4,0
CACAGTCCCGCTTCGC-1,Layer_3,4
CACAGTTCGCTTCCCA-1,Layer_2,2
CACATAAGGCGACCGT-1,Layer_2,2
CACATATTAGCAGGAT-1,Layer_3,4
CACATCGTGCACGCGC-1,Layer_5,5
CACATCTCACCGACGA-1,Layer_3,4
CACATGATTCAGCAAC-1,Layer_2,6
CACATGTTTGGACATG-1,Layer_1,2
CACATTCTTTCGATGG-1,Layer_2,6
CACATTTCTTGTCAGA-1,Layer_1,2
CACCAATCATCCGTCT-1,Layer_6,5
CACCACGCCACACAGA-1,Layer_4,4
CACCAGTCAGCATGCA-1,Layer_5,5
CACCATCGGAGGAGAC-1,Layer_2,6
CACCATGATCGCAAAG-1,Layer_3,4
CACCCAAATCTTATGT-1,Layer_1,2
CACCCACACGTCACCC-1,Layer_1,2
CACCCACGAGGCAATT-1,Layer_2,6
CACCCGCGTTTGACAC-1,Layer_3,4
CACCCGGTTTGTGACT-1,Layer_4,0
CACCCTAACAAGATCT-1,Layer_3,4
CACCCTTGGTGAGACC-1,Layer_5,0
CACCCTTTCCTCGCTC-1,Layer_1,2
CACCGATACACCGAGC-1,Layer_3,4
CACCGATGATGGGTAC-1,Layer_3,4
CACCGCCAGAAGGTTT-1,Layer_1,2
CACCGCCGACCAGCGA-1,Layer_3,4
CACCGCGTCCACTCTA-1,Layer_3,4
CACCGGAGATATCTCC-1,Layer_3,4
CACCGGGCATCACAAG-1,Layer_3,0
CACCGGTAGAGACATT-1,WM,1
CACCGTATCCCATCCG-1,Layer_2,2
CACCGTTAGGGATCAC-1,Layer_4,0
CACCGTTGCGCGATAT-1,Layer_4,4
CACCTAATAGAGTCGT-1,Layer_1,2
CACCTAATCAGTTTAC-1,Layer_1,2
CACCTCGATGGTGGAC-1,Layer_1,2
CACCTTGCGAAACTCG-1,Layer_1,2
CACCTTGGCGCCTTTG-1,Layer_1,2
CACGAAAGTTAGTCCC-1,Layer_3,4
CACGACCACAGACTTT-1,Layer_3,4
CACGACGTAATAGTAA-1,Layer_3,4
CACGACTAAAGTTCTG-1,Layer_3,4
CACGAGCAAACCAGAC-1,WM,1
CACGATTGGTCGTTAA-1,Layer_3,6
CACGCACAGCGCAGCT-1,Layer_1,2
CACGCAGCGAGGCTTT-1,Layer_2,6
CACGCGGAACTGTTGC-1,Layer_1,2
CACGGACGTGGATGGC-1,Layer_3,4
CACGGCGCGCCAAAGG-1,Layer_3,4
CACGGGATTGAGGGTT-1,Layer_3,4
CACGTCAATCAATGGA-1,Layer_3,4
CACGTCGGCAACCTCT-1,Layer_4,4
CACGTCGGGTTCTAGA-1,Layer_1,2
CACGTCTATGATGTGG-1,Layer_3,4
CACGTTCGTGCTCTAG-1,Layer_1,2
CACGTTTCGTACACAC-1,Layer_3,4
CACTAAAGTTGCCTAT-1,Layer_2,4
CACTACGGGAGCTGCC-1,Layer_3,4
CACTACTCAGTTCTGT-1,Layer_3,4
CACTCAAGAGCTATGG-1,Layer_3,4
CACTCAGCTCTTGAGG-1,Layer_3,6
CACTCCTATGTAAGAT-1,Layer_4,0
CACTCCTCTCGGTCGG-1,Layer_3,4
CACTCGAGCTGAACAA-1,Layer_3,4
CACTCGGTTAGGAGGA-1,Layer_3,4
CACTCTCAAGCATCGA-1,Layer_5,5
CACTCTTCTGCTAGCC-1,Layer_3,4
CACTGACGATTGTGGA-1,Layer_5,5
CACTGTCCAAGTGAGA-1,Layer_1,2
CACTTAATCAGACGGA-1,Layer_2,4
CACTTCGCCACAGGCT-1,Layer_1,2
CACTTCGTCTTATCTC-1,Layer_1,2
CAGAACTTAGCCCTCT-1,Layer_3,4
CAGAATAACACACGGA-1,Layer_2,6
CAGAATATTCGTTATC-1,Layer_1,2
CAGACACCGATCGCTG-1,Layer_3,4
CAGACCTGTAAGTGTT-1,Layer_1,2
CAGACGAACCTGATAC-1,Layer_3,4
CAGAGACGGTCACCCA-1,Layer_3,4
CAGAGCATGAGCTTGC-1,Layer_1,2
CAGAGCGATGGATGCT-1,Layer_3,4
CAGAGGCGATGCATGA-1,Layer_4,0
CAGAGTGATTTAACGT-1,Layer_3,4
CAGATAATGGGCGGGT-1,Layer_3,4
CAGATACTAACATAGT-1,Layer_1,2
CAGATATGAAGATGAC-1,Layer_6,3
CAGATCATTTAAAGTC-1,Layer_3,4
CAGATCCTGGTTTGAA-1,Layer_5,5
CAGATGTTTGTCCCAA-1,Layer_6,5
CAGCAGCCCGTTCCTT-1,Layer_1,2
CAGCAGTCCAGACTAT-1,Layer_2,2
CAGCAGTCTGTGCTGC-1,Layer_3,4
CAGCCCTCACAGGCAG-1,Layer_3,4
CAGCCGGGCCCTCTAT-1,Layer_3,4
CAGCCTCCTGCAGAGG-1,Layer_1,2
CAGCCTCGATAGCGGT-1,Layer_3,4
CAGCCTCTCCTCAAGA-1,Layer_3,4
CAGCGATTCCCTTCAA-1,Layer_4,0
CAGCGCCAACACGATA-1,Layer_4,4
CAGCTCACTGAGACAT-1,Layer_2,6
CAGCTCGACAAGTTAA-1,Layer_1,2
CAGCTCGTGCTTGTGT-1,Layer_1,2
CAGCTCTGGGCTCACT-1,Layer_6,3
CAGCTGGCGTAACCGT-1,Layer_4,0
CAGCTTAGTAGGTAGC-1,Layer_3,4
CAGGAAGACTTTATAT-1,Layer_3,4
CAGGACAGCTGCCCTT-1,Layer_2,2
CAGGATATATCGTTGT-1,Layer_3,4
CAGGATCCGCCCGACC-1,Layer_3,6
CAGGCAGTCTTACCAG-1,Layer_3,4
CAGGCCAGTACCACCT-1,WM,1
CAGGCCGTTTGGGTGT-1,Layer_3,4
CAGGCGCACGGTGGTC-1,Layer_5,5
CAGGCGCCATGCTAGG-1,Layer_3,4
CAGGGAGATAGGCCAG-1,WM,1
CAGGTTTAGTACTACA-1,Layer_3,4
CAGTAACTATTTATTG-1,Layer_3,6
CAGTAAGGGACGTCTC-1,WM,1
CAGTAATCCCTCCCAG-1,Layer_1,2
CAGTACATTCTCTAAA-1,Layer_3,6
CAGTACCAGTTTACGT-1,Layer_4,0
CAGTAGATGATGTCCG-1,Layer_1,2
CAGTAGCCCACGCGGT-1,Layer_1,2
CAGTAGCGAGGTAGTA-1,Layer_2,2
CAGTCGAGGATGCAAT-1,Layer_2,2
CAGTCGGCCTAGATAT-1,Layer_5,0
CAGTCTCTCGGCTAAT-1,Layer_1,2
CAGTCTGTATACTGGG-1,Layer_3,4
CAGTGAATAAATGACT-1,Layer_1,2
CAGTGGTTGCACATGA-1,Layer_1,2
CAGTGTCCGCAGAATG-1,Layer_1,2
CAGTGTCGGCTGGCCC-1,Layer_3,4
CAGTGTTAATCTCTCA-1,WM,1
CAGTTCAAATTGACAC-1,Layer_2,2
CAGTTCCGCGGGTCGA-1,Layer_2,6
CAGTTCGAGGACCCGA-1,Layer_5,5
CATAACGGACAGTCGT-1,Layer_1,2
CATAAGAAGCTTGGCT-1,Layer_3,4
CATAAGCTCTCCGTCT-1,Layer_4,4
CATAATGAGCGGGCGA-1,Layer_2,6
CATACAAAGCCGAACC-1,Layer_1,2
CATACACAAAGTCAGC-1,Layer_6,5
CATACACGGTTCCCAC-1,Layer_4,0
CATACCCGTACCCAGT-1,Layer_3,4
CATACGAACTAGCTGG-1,Layer_6,5
CATACGGCGTCTGGGC-1,Layer_3,6
CATACGGGTGCATGAT-1,Layer_1,2
CATACTATGTAATTGT-1,Layer_3,4
CATACTTAGGCAATAC-1,Layer_1,2
CATACTTCTTTCTCCG-1,Layer_5,5
CATAGAGGAGATACTA-1,Layer_3,4
CATAGCCGCCCGGGAT-1,Layer_2,6
CATAGCGTTGCCCACC-1,Layer_4,0
CATAGGGACACTTGTG-1,WM,1
CATAGTACATTGAGAG-1,Layer_2,6
CATAGTAGCATAGTAG-1,Layer_1,2
CATAGTCAAATACATA-1,Layer_3,4
CATAGTCCACAAGAAC-1,Layer_3,4
CATAGTGGGCACGCCT-1,Layer_3,4
CATATACTACTGATAA-1,Layer_3,4
CATATAGGTACAGTCA-1,Layer_3,4
CATATGTCAGGCTACG-1,Layer_4,0
CATATTATTTGCCCTA-1,Layer_3,4
CATCAAACTGGCGCCC-1,Layer_3,4
CATCAACACCTACTAA-1,Layer_1,2
CATCATCTACCCGGAC-1,Layer_3,6
CATCATTACCCTGAGG-1,Layer_3,6
CATCCAATATAGTTTG-1,Layer_6,3
CATCCCGAGATTCATA-1,Layer_3,4
CATCCGCAGGCCCGAA-1,Layer_1,2
CATCCTCTCAAAGATC-1,Layer_3,4
CATCGCCCGCGGCCAA-1,Layer_1,2
CATCGGACGGGTTAAT-1,Layer_3,4
CATCGTCCGGTTACTA-1,Layer_2,6
CATCTAGTGAAGGGAA-1,Layer_1,2
CATCTATCCCGTGTCT-1,Layer_3,4
CATCTGCAGGATCATT-1,Layer_3,4
CATCTTACACCACCTC-1,Layer_1,2
CATGAACCGACATTTG-1,Layer_1,2
CATGAACCTCTTATCA-1,Layer_3,4
CATGACTTCGCTGAAT-1,Layer_1,2
CATGAGATGCACTCTC-1,Layer_3,4
CATGAGTCCATCACGG-1,WM,3
CATGATACGGTGAAAC-1,Layer_5,0
CATGATCGCTTTGAGA-1,Layer_3,4
CATGATGCACAATTCT-1,Layer_1,2
CATGATGGAAGTTAGC-1,Layer_1,2
CATGCACATGAGAGGC-1,WM,1
CATGCACGTGTTACTG-1,Layer_3,4
CATGCATGGAGACCCT-1,Layer_3,4
CATGCCAACTCGCAAA-1,Layer_4,4
CATGCGACCAGTTTAA-1,Layer_2,2
CATGCGTTAGACAGAA-1,Layer_1,2
CATGCGTTGAGAGGAG-1,Layer_6,5
CATGCTGGCTCCAATT-1,Layer_2,2
CATGGAAATGGGACCA-1,Layer_3,4
CATGGATTGTCTTCCG-1,Layer_2,6
CATGGCAGGAAGATCG-1,Layer_1,2
CATGGCTCCCTATGTC-1,Layer_3,6
CATGGGTATGCCTTAT-1,Layer_3,4
CATGGGTCGGGTGTGG-1,Layer_2,2
CATGGTAAGTAGCGTT-1,Layer_3,4
CATGGTATTAGTTTGT-1,Layer_6,3
CATGGTCTAGATACCG-1,Layer_1,2
CATGGTTTATTAATCA-1,Layer_3,4
CATGTAAGAGACATTT-1,Layer_3,4
CATGTAGGAGCGCCAA-1,Layer_3,4
CATGTCTCATTTATGG-1,Layer_3,4
CATGTGGGCTCATCAC-1,Layer_4,0
CATTACATAGATTGTG-1,Layer_2,4
CATTACGCAGGAAGGG-1,Layer_3,4
CATTACGTCGGCCCGT-1,Layer_1,2
CATTATAACAGGGTCC-1,Layer_3,4
CATTATCCCATTAACG-1,Layer_6,5
CATTATGCTTGTTGTG-1,Layer_1,2
CATTCACTGACAGCTA-1,Layer_3,4
CATTCAGGTCAGTGCG-1,Layer_1,2
CATTCCCATTCCGTCG-1,Layer_2,2
CATTCCCTAAGTACAA-1,Layer_1,2
CATTCGTCGTAGCGGT-1,Layer_3,4
CATTGATGAACACGCC-1,Layer_3,4
CATTGCAAAGCATAAT-1,Layer_3,4
CATTGCGAAATGGGCG-1,Layer_3,4
CATTGCGGGTCAATTC-1,Layer_3,4
CATTGTGTGCTAGATC-1,Layer_1,2
CATTTAGCGGACCATG-1,Layer_1,2
CATTTATCGTTCAAGA-1,Layer_3,4
CATTTCTAGCAGACTA-1,Layer_1,2
CATTTGAGTGGTACGT-1,Layer_3,4
CCAAACAGAACCCTCG-1,Layer_1,2
CCAAAGCAGTTGGTTG-1,Layer_1,2
CCAAAGTCCCGCTAAC-1,Layer_2,2
CCAAATAACAAGATTC-1,Layer_1,2
CCAAATCAAAGGGCAA-1,WM,1
CCAACCTTATGTAACT-1,Layer_5,5
CCAACGATGCACTGAT-1,Layer_3,4
CCAACGCTTGCCAGGG-1,Layer_3,4
CCAACTTGATAGATCC-1,Layer_1,2
CCAAGAAAGTGGGCGA-1,Layer_3,4
CCAAGACTTCTGCGAA-1,Layer_1,2
CCAAGCGTAACTCGTA-1,Layer_1,2
CCAAGGAACAGAGAGG-1,Layer_1,2
CCAAGGTTGCCCTTTC-1,Layer_3,4
CCAAGTTTCTACAGAT-1,Layer_1,2
CCAATAGATTTCATCT-1,Layer_3,4
CCAATAGTGCCGTCGA-1,Layer_3,4
CCAATCGGTAGATCGA-1,Layer_3,4
CCAATGTCACAGCAAG-1,Layer_3,4
CCAATTACGGGTCGAG-1,Layer_2,6
CCAATTGAATGTTAAT-1,Layer_1,2
CCACAATGTACGTCTT-1,Layer_1,2
CCACACTGAGATATTA-1,Layer_3,4
CCACAGCTGAAATCAT-1,Layer_1,2
CCACAGTACCCATCCT-1,Layer_2,6
CCACATACTGCACCCA-1,Layer_1,2
CCACATGGCTCTTTAT-1,Layer_6,5
CCACCAACTTTACTGT-1,Layer_4,0
CCACCCAAGGAAAGTG-1,Layer_2,2
CCACCTGTATGGAATA-1,Layer_3,4
CCACGAATTTAACCTC-1,Layer_1,2
CCACGAGAAGAGAATC-1,Layer_2,2
CCACGGAGCCATAAGA-1,Layer_4,0
CCACGGCAGGTGTAGG-1,Layer_6,3
CCACGGTGCCCGGTAG-1,Layer_1,2
CCACGTAAATTAGACT-1,Layer_2,2
CCACTAAACTGAATCG-1,Layer_1,2
CCACTATCCGGGTCAC-1,Layer_2,6
CCACTCAGATCCGCAA-1,Layer_4,0
CCACTGGTGGCTGGTT-1,Layer_3,4
CCACTGTTTGGATTAA-1,Layer_3,4
CCACTTTCCTTCTAGG-1,Layer_3,4
CCAGAAACTGATGCGA-1,Layer_3,4
CCAGAAAGCAACTCAT-1,Layer_4,0
CCAGAGACAAAGCCGG-1,Layer_2,2
CCAGATAGTTGAGTGA-1,Layer_1,2
CCAGATGTAAATGGGT-1,Layer_3,4
CCAGCCTGGACCAATA-1,Layer_2,6
CCAGCGGGATCACCAG-1,Layer_2,6
CCAGCTACGCCTCATA-1,Layer_1,2
CCAGCTCGAACGCATT-1,Layer_4,0
CCAGCTGATGGTACTT-1,Layer_3,4
CCAGCTTCCGCCCGCA-1,Layer_3,4
CCAGGCGAGATGGTCT-1,WM,1
CCAGGCTGGCGTCTGA-1,Layer_2,6
CCAGGGACGTGGCCTC-1,Layer_1,2
CCAGTAGTCTGATCCA-1,Layer_1,2
CCAGTCAAATCTCTTA-1,Layer_4,4
CCAGTCCATTATTCGA-1,Layer_1,2
CCAGTCTAGACGGCGC-1,Layer_1,2
CCAGTCTTGTCATAGA-1,Layer_4,0
CCAGTGTACAGACCGA-1,WM,1
CCAGTTCGGTAACTCA-1,Layer_4,0
CCATAAACAACCCGAC-1,Layer_2,6
CCATAACCTGTGCAGT-1,Layer_5,5
CCATACCTTTACTTGT-1,Layer_1,2
CCATACTCGCCTCTCC-1,Layer_3,4
CCATAGAGGCTGCCAG-1,WM,3
CCATAGGTTGGCGTGG-1,Layer_1,2
CCATAGTCAGTAACCC-1,Layer_1,2
CCATATGGAAACTATA-1,Layer_2,6
CCATATTGGATCATGA-1,Layer_1,2
CCATCATAAGAACAGG-1,Layer_3,6
CCATCCATACCAAGTC-1,Layer_1,2
CCATCGCAGTTAAACT-1,Layer_3,4
CCATCTCACCAGTGAA-1,Layer_1,2
CCATCTTGTTCACAAT-1,Layer_2,2
CCATGCCCTAGATTTC-1,Layer_3,4
CCATGCCTGTTTAGTA-1,Layer_2,4
CCATGCTCTGCAGGAA-1,Layer_1,2
CCATGGCAAACGCTCA-1,Layer_6,3
CCATGGCCCTTGTACC-1,Layer_3,4
CCATGTTCATCTATAT-1,Layer_6,3
CCATTAGCGATAATCC-1,Layer_3,4
CCATTCCCTGCCCACA-1,Layer_3,4
CCATTGTTTCCTCCAT-1,Layer_3,6
CCATTTCTACCTATTA-1,Layer_3,4
CCCAAACATGCTGCTC-1,Layer_1,2
CCCAACATACGTCGCG-1,Layer_3,4
CCCAACCACACTAACA-1,Layer_3,4
CCCAAGAATGCACGGT-1,Layer_3,4
CCCAAGACAGAGTATG-1,Layer_3,4
CCCAAGTCATTACACT-1,Layer_3,4
CCCAATGAGATTTGCA-1,Layer_5,5
CCCAATTTCACAACTT-1,Layer_3,4
CCCACTCCACGGTATC-1,Layer_5,0
CCCAGAGGAGGGCGTA-1,Layer_3,6
CCCAGATTCCCGTGAC-1,WM,3
CCCAGGAAGAATTCGA-1,Layer_5,5
CCCAGGTCTGAAGGCT-1,Layer_1,2
CCCAGTAAACTTGGGA-1,Layer_5,5
CCCAGTTAAGGCGCCG-1,Layer_2,2
CCCATATAGGTCGATT-1,Layer_3,4
CCCATTATTGTATCCT-1,Layer_3,4
CCCGAAGTTTCGCGAA-1,Layer_4,0
CCCGACCATAGTCCGC-1,Layer_1,2
CCCGAGTTTCTCCGTA-1,Layer_1,2
CCCGATAGCCTCGCCT-1,Layer_2,2
CCCGCAAATAATCATC-1,Layer_6,5
CCCGCAGCGCGAACTA-1,Layer_3,4
CCCGCAGGGCCCAAAG-1,Layer_3,4
CCCGCCATGCTCCCGT-1,Layer_1,2
CCCGCGCAATGCACCC-1,Layer_1,2
CCCGCTAGAGGGTTAA-1,Layer_3,4
CCCGCTTGCCCTCGTC-1,Layer_3,6
CCCGGCACGTGTCAGG-1,Layer_3,4
CCCGGCTAGGTGAGAA-1,Layer_1,2
CCCGGGTCGTTCAGGG-1,Layer_4,5
CCCGGTGGAAGAACCT-1,Layer_2,6
CCCGGTGTATCGGAAT-1,Layer_5,5
CCCGTAAGTCTAGGCC-1,Layer_3,4
CCCGTAGCTGGGAAGA-1,Layer_4,0
CCCGTCAGCGTCTGAC-1,Layer_1,2
CCCGTGACAGTGCCTT-1,Layer_4,0
CCCGTGAGGGCGGTGA-1,Layer_5,0
CCCGTTTCGCAGATGT-1,Layer_2,2
CCCTACCCACACCCAG-1,Layer_4,0
CCCTACTTGAACAATG-1,Layer_4,0
CCCTAGCTCTAAGGTC-1,Layer_6,5
CCCTAGGCAACAAGAG-1,Layer_5,0
CCCTAGTGTCAGGTGT-1,Layer_1,2
CCCTATGTAGAGCAGA-1,Layer_5,5
CCCTCAAGCTCTTAGT-1,Layer_2,2
CCCTCAGATCGAGAAC-1,WM,1
CCCTCATCACAGAGTA-1,WM,1
CCCTCATTCTGGAATT-1,Layer_1,2
CCCTCCTCGCTCGTAT-1,Layer_1,2
CCCTCGATAATACACA-1,Layer_6,3
CCCTCGGGAGCCTTGT-1,Layer_3,4
CCCTGAAATGAGTTGA-1,Layer_3,6
CCCTGACTAACAAATT-1,Layer_3,4
CCCTGATGTAACTCGT-1,Layer_1,2
CCCTGCCCAATCCGCT-1,Layer_3,4
CCCTGCGCTACGCATA-1,Layer_3,4
CCCTGGCTGTTCCTTC-1,Layer_5,0
CCCTGGGAGGGATCCT-1,Layer_5,5
CCCTGGTATGGGCGGC-1,Layer_3,4
CCCTGTTGGCAAAGAC-1,Layer_1,2
CCCTTCTCGTACGCGA-1,Layer_2,2
CCCTTTAATGGAGTTC-1,Layer_3,4
CCCTTTGACAGGTCTT-1,Layer_3,4
CCGAAAGTGGTGAGCA-1,Layer_1,2
CCGAACACTGGGCCTC-1,Layer_4,0
CCGAACCTTCCCGGCC-1,Layer_3,4
CCGAAGCATTGACCAA-1,WM,3
CCGAAGGGCGTACCGC-1,Layer_3,6
CCGAAGTATATTGTTC-1,Layer_2,2
CCGACAAACACATGAG-1,Layer_1,2
CCGACAAAGGGAGTGC-1,Layer_3,4
CCGACAATAGGCCGCC-1,Layer_3,6
CCGACGGGCATGAGGT-1,Layer_5,0
CCGACGTAAACACAAC-1,Layer_3,4
CCGACTCGCATAGTCT-1,Layer_3,4
CCGAGAAGTCGCATAA-1,Layer_1,2
CCGAGCTGTGCTTGTC-1,Layer_3,4
CCGAGGGATGTTAGGC-1,Layer_3,4
CCGATATGACGTAAGG-1,Layer_2,2
CCGATCTCAACCTTAT-1,Layer_1,2
CCGATCTTAAGAGGCT-1,Layer_3,4
CCGATTCGAGGGACCC-1,Layer_3,4
CCGATTGGTCAATGAA-1,Layer_3,4
CCGCACAAAGACCAAC-1,Layer_1,2
CCGCACACGAACGTGT-1,Layer_1,2
CCGCACGTGACCTCGG-1,Layer_3,6
CCGCACTTGCAATGAC-1,Layer_3,4
CCGCATGTGGTACGAT-1,Layer_3,4
CCGCCACCACAATCCA-1,Layer_3,4
CCGCCGGAACTTCTCG-1,Layer_5,5
CCGCCGGTCAACACAC-1,Layer_1,2
CCGCCGTTGAGGATAA-1,Layer_1,2
CCGCCTGCGAATTGGT-1,Layer_3,4
CCGCCTTGCGATGTCG-1,Layer_4,0
CCGCGATTTGGTAGGT-1,Layer_4,4
CCGCGCAAGATACCCA-1,WM,3
CCGCGGAATGCGTCAC-1,Layer_3,4
CCGCGGGTACGAAGAA-1,Layer_3,4
CCGCGTAGGTAAGGGC-1,Layer_3,4
CCGCTATCAGCACCAG-1,Layer_3,4
CCGCTCCAGGGCGATC-1,Layer_5,5
CCGCTCCGGATAAGCT-1,WM,1
CCGCTCTTCCGAACTA-1,Layer_3,4
CCGCTGGTGCCATTCA-1,Layer_3,4
CCGCTTACCTCACTCT-1,Layer_3,4
CCGCTTCGCGGTTAAC-1,Layer_3,6
CCGCTTGCTGACATGG-1,Layer_2,6
CCGGAAGTGCAATATG-1,Layer_3,4
CCGGAAGTTATCAGTC-1,Layer_1,2
CCGGAATGGTTTCAGT-1,Layer_2,2
CCGGAGCGTACTTTCT-1,Layer_4,0
CCGGAGGTCTTATGGT-1,Layer_3,4
CCGGCACGACCGTTTC-1,Layer_1,2
CCGGCCGCGAGCATAT-1,Layer_6,3
CCGGCGCATATTGGAT-1,Layer_1,2
CCGGCGTGAGACTCTG-1,Layer_5,0
CCGGGACCCGCAGAGA-1,Layer_1,2
CCGGGCGGTCTCGTCA-1,Layer_1,2
CCGGGCTAAGAATTTC-1,WM,1
CCGGGCTGCTCCATAC-1,Layer_1,2
CCGGGTTCGAGGTTAC-1,Layer_3,4
CCGGTAATGGCTAGTC-1,Layer_1,2
CCGGTATCTGGCGACT-1,Layer_5,0
CCGGTGCGAGTGATAG-1,Layer_1,2
CCGGTTTGTAATTGTG-1,Layer_4,0
CCGTAAGTTGGTCCCA-1,Layer_1,2
CCGTACCCAAGCGCCA-1,Layer_1,2
CCGTAGGAAATCCCTG-1,Layer_3,4
CCGTAGGGTTGTTTAC-1,Layer_3,4
CCGTATCTCGTCGTAG-1,Layer_5,0
CCGTATTAGCGCAGTT-1,Layer_3,4
CCGTCAACCTCTGGCG-1,WM,1
CCGTGAGGCATTCATG-1,Layer_1,2
CCGTGCCCATGACGGC-1,Layer_1,2
CCGTGGAACGATCCAA-1,Layer_2,6
CCGTGTTAAATTCCAT-1,Layer_4,4
CCGTTACGTTAGAACA-1,Layer_2,6
CCGTTCCGAATCTCGG-1,Layer_3,4
CCGTTTCCTTTCCGTG-1,Layer_6,5
CCTAAACAGGGTCCGT-1,Layer_3,6
CCTAAAGGCTGACGCT-1,Layer_3,4
CCTAAATTAACGGTTC-1,Layer_3,4
CCTAAATTGTATCCTA-1,Layer_1,2
CCTAACCCAAACAAGT-1,Layer_2,6
CCTAACTAAGGCTCTA-1,Layer_2,6
CCTACAAGTCCGGAAT-1,Layer_3,4
CCTACAGTTGAGGGAG-1,Layer_5,0
CCTACATTCACAGACG-1,Layer_4,0
CCTACGCGACCTTACA-1,Layer_3,4
CCTACGGCTCAGTCGA-1,Layer_1,2
CCTACTCAACACGATT-1,Layer_3,4
CCTACTGCGGCGGCCA-1,Layer_3,4
CCTACTGCTTACACTT-1,Layer_1,2
CCTAGGCGTAGCGATC-1,Layer_1,2
CCTAGGTAAAGGTAGC-1,Layer_5,5
CCTAGTTAGTCGCATG-1,Layer_3,6
CCTATAATGAGTGCCC-1,Layer_3,4
CCTATACCGTCCTGTC-1,Layer_4,0
CCTATATCGTGTCACG-1,Layer_6,3
CCTATATTTGTCCTGG-1,Layer_4,0
CCTATCTATATCGGAA-1,Layer_1,2
CCTATGAAGTGGTGCC-1,Layer_1,2
CCTATGGCTCCTAGTG-1,Layer_6,5
CCTATGGGTTACCGTC-1,Layer_1,2
CCTATGGTCAAAGCTG-1,Layer_4,0
CCTATGTCCACTCCAC-1,Layer_3,4
CCTATTATTCCGGCCG-1,WM,1
CCTCAACGATCGCTGT-1,Layer_6,5
CCTCACCAATCTTGAC-1,Layer_1,2
CCTCACCTGAGGGAGC-1,Layer_1,2
CCTCACCTTAGCATCG-1,Layer_1,2
CCTCACGTCAGCTAAT-1,Layer_3,4
CCTCATGCAGCTACGA-1,Layer_1,2
CCTCCCGACAATCCCT-1,Layer_3,6
CCTCCGACAATTCAAG-1,Layer_3,4
CCTCCTAGCTAGAGTC-1,WM,1
CCTCCTGAGCCCACAT-1,Layer_4,4
CCTCCTGTTGTGTCGT-1,Layer_3,4
CCTCGAAGTGGACGGG-1,Layer_2,6
CCTCGACCCACTGCCT-1,Layer_3,4
CCTCGCCAGCAAATTA-1,Layer_1,2
CCTCGCGCGATATAGG-1,Layer_2,6
CCTCGCGCTGTGCGAT-1,Layer_3,0
CCTCGGACCGGGATAG-1,Layer_1,2
CCTCGGATGCTACCTG-1,Layer_3,4
CCTCGGTTTCCTTGCC-1,Layer_6,5
CCTCGTTACGCCTGTT-1,Layer_3,4
CCTCTAATCTGCCAAG-1,Layer_1,2
CCTCTACAAGGATTGG-1,Layer_6,3
CCTCTATCGATTAGCA-1,Layer_5,0
CCTCTCTCCCATCTAG-1,Layer_3,4
CCTCTGGCCTAGACGG-1,Layer_2,6
CCTCTGTACTATTCTA-1,Layer_3,4
CCTGAACGATATATTC-1,Layer_1,2
CCTGAATATTTACATA-1,Layer_1,2
CCTGACAAACTCGCGC-1,Layer_2,2
CCTGACCACCGATGGT-1,Layer_3,4
CCTGACGCAACCTTTA-1,Layer_3,4
CCTGAGAATAAATGCA-1,Layer_6,3
CCTGATTCGCGAAGAA-1,Layer_4,0
CCTGCCCGTTGTCTAG-1,Layer_3,4
CCTGCGATAGAACTGT-1,Layer_1,2
CCTGCGTTCTACGCTT-1,Layer_3,4
CCTGCTACAACCATAC-1,Layer_3,4
CCTGCTATTTGAGAAG-1,Layer_1,2
CCTGGAAACGTTCTGC-1,Layer_1,2
CCTGGCTAGACCCGCC-1,Layer_2,6
CCTGGTCGAATGTGGG-1,Layer_3,4
CCTGTAAGACATGATA-1,Layer_3,4
CCTGTACTCACGCCCA-1,Layer_3,4
CCTGTCACCCGGGCTC-1,Layer_1,2
CCTGTCCCTCACGTTA-1,Layer_1,2
CCTGTCGCCCGTAAAT-1,Layer_2,6
CCTGTCGTGTATGAAG-1,WM,1
CCTGTGAAACCGTAAC-1,Layer_3,4
CCTGTGCGGATTGTAA-1,Layer_3,4
CCTGTTCAACCTCGGG-1,Layer_5,5
CCTGTTTGAAGACACG-1,Layer_3,4
CCTTAAGTACGCAATT-1,Layer_4,0
CCTTCAGTTAAAGTGA-1,Layer_4,0
CCTTCCGCAACGCTGC-1,WM,1
CCTTCGTATAGAATCC-1,Layer_5,5
CCTTCTCAGCGTTCCT-1,Layer_4,4
CCTTCTTGATCCAGTG-1,Layer_1,2
CCTTGACCACTTTATT-1,Layer_2,6
CCTTGTGAACGTGGTT-1,Layer_6,5
CCTTTAAGGGAGCACT-1,Layer_4,0
CCTTTCAATGAAGAAA-1,Layer_2,2
CCTTTGAATTATGGCT-1,Layer_6,3
CGAAACATAGATGGCA-1,Layer_3,4
CGAAACGCAATTCATG-1,Layer_3,4
CGAACAGTATGGGCGT-1,Layer_2,6
CGAACATAGTCAGAAA-1,Layer_3,4
CGAACCCGCATGCGTC-1,Layer_3,4
CGAACCTCTTTCCTAG-1,WM,1
CGAACGCCCAGTGCCG-1,Layer_2,6
CGAACGGCCGGACAAC-1,Layer_4,0
CGAAGACGGTGAGTGC-1,Layer_3,4
CGAAGACTGCCCGGGA-1,Layer_3,6
CGAAGATCAGTTTCAT-1,Layer_5,5
CGAAGCTATAAATTCA-1,Layer_3,4
CGAAGGGTTTCAGATT-1,WM,1
CGAAGTTGCTCTGTGT-1,Layer_3,4
CGAATCTGCTCGACGC-1,Layer_6,3
CGAATGAAGTCATTGC-1,Layer_6,3
CGAATGACGCATAATG-1,Layer_4,0
CGAATGGTAGGTCGTC-1,WM,1
CGAATTACATGGTGTT-1,Layer_3,4
CGAATTCCCGGTTCAA-1,Layer_3,4
CGACAATTTGATCTAA-1,Layer_1,2
CGACACCGCTTAAGGA-1,Layer_3,4
CGACACGCTCCGACAG-1,Layer_2,2
CGACAGTTCGCGTTAT-1,Layer_3,4
CGACATGCGATCTTCT-1,Layer_3,4
CGACCCTTAACGCCGG-1,Layer_5,0
CGACCGTTGGTATTCG-1,WM,1
CGACCTACTAGACAAT-1,Layer_5,0
CGACGCATCCGTACCT-1,Layer_5,5
CGACTCAGGATGTTAT-1,Layer_1,2
CGACTCGGTACACGGT-1,Layer_3,4
CGACTTGCCGGGAAAT-1,WM,1
CGACTTTGTATAGCCT-1,Layer_1,2
CGAGACCCTAGAGTGT-1,Layer_3,4
CGAGACTACTGCTGCT-1,Layer_3,4
CGAGAGATGTGAACCT-1,Layer_1,2
CGAGAGCGCGTAGATA-1,Layer_5,0
CGAGAGCTTTCACTAC-1,Layer_3,4
CGAGAGGGTAGCCGCG-1,Layer_3,6
CGAGATGTTGCCTATA-1,Layer_2,2
CGAGATTTCGCTCGGG-1,Layer_1,2
CGAGCACTTCAAGTTT-1,Layer_2,2
CGAGCCGAGCACTCGA-1,Layer_1,2
CGAGCGTTGATCAGCC-1,Layer_1,2
CGAGCTGGGCTTTAGG-1,Layer_1,2
CGAGGAGCTTCCATAT-1,Layer_3,4
CGAGGATCGGGAACGA-1,Layer_2,4
CGAGGCCAGGCATTGG-1,Layer_1,2
CGAGGCTAAATATGGC-1,Layer_1,2
CGAGGGACTGCGGTCG-1,Layer_1,2
CGAGGGTATCCAGGTG-1,Layer_4,0
CGAGTACTAAAGAGGA-1,Layer_3,4
CGAGTGAAGGTACCAG-1,Layer_5,0
CGAGTGCTATAGTTCG-1,Layer_1,2
CGAGTTCTGTCCCACC-1,Layer_1,2
CGAGTTTATCGGACTG-1,Layer_1,2
CGATAATACTCAGGTT-1,Layer_1,2
CGATACCTCGCGGACA-1,Layer_3,4
CGATAGCGATACAGTG-1,WM,1
CGATAGTCGTACTGCA-1,Layer_3,4
CGATATTAGCCGCAGG-1,Layer_1,2
CGATCATTAGAGGCAC-1,Layer_3,4
CGATCCACCATTGTTG-1,Layer_5,5
CGATCCGACCCAGTGC-1,Layer_3,4
CGATCCTCGCAACATA-1,Layer_5,5
CGATCGAGAAGCACCA-1,Layer_5,5
CGATCTGTTGGAGGAC-1,Layer_4,0
CGATGGACCCTACGCC-1,Layer_2,6
CGATGTTGTTATCTAC-1,Layer_6,3
CGATTAAATATCTCCT-1,Layer_3,4
CGATTCGCCTGGCTGC-1,Layer_3,4
CGATTTGTCATTAATG-1,WM,1
CGCAAACACGAGTTAC-1,Layer_2,2
CGCAATCGATCATTAG-1,Layer_3,6
CGCAATTACTTTCGGT-1,Layer_1,2
CGCAATTAGGGTAATA-1,Layer_2,2
CGCAATTCTACAATAA-1,Layer_2,6
CGCACATGTCCACTAC-1,Layer_1,2
CGCACGTCTGTTTATG-1,Layer_6,5
CGCACGTGCGCTATCA-1,Layer_1,2
CGCAGAAACATTTGCG-1,Layer_2,6
CGCAGATCTTCACCCG-1,Layer_3,4
CGCAGGCGATCCAAAC-1,Layer_2,2
CGCAGTTCTATCTTTC-1,Layer_3,4
CGCATCATGGCTTCAG-1,Layer_3,4
CGCATCCATCAGCCAG-1,Layer_2,4
CGCATGCCGAATGCGT-1,Layer_3,4
CGCATGGTGCGATGCT-1,Layer_3,6
CGCATTAGCTAATAGG-1,Layer_1,2
CGCCAAGAAGCCGAGT-1,Layer_3,4
CGCCACAGGTCGCGAT-1,Layer_5,0
CGCCACCCGCATTAAC-1,Layer_1,2
CGCCATCCGATTATGA-1,Layer_1,2
CGCCCAGCACGCCTAG-1,Layer_4,0
CGCCCAGCGTTTCACG-1,Layer_3,4
CGCCCGCTTCCGTACA-1,Layer_2,2
CGCCCTAATTGTTCAA-1,WM,1
CGCCCTTACATCCACC-1,Layer_3,4
CGCCCTTGAAGGCTGA-1,Layer_2,6
CGCCGACTATTCGCTA-1,Layer_3,4
CGCCGCCCATGCCTGT-1,Layer_1,2
CGCCGCGTTCTGAACG-1,Layer_6,5
CGCCGGTGTCGCAGTA-1,Layer_3,4
CGCCGTCTACCCATCG-1,Layer_1,2
CGCCGTTCAGCATAGT-1,Layer_3,4
CGCCTCCCTCCTCTAT-1,Layer_3,4
CGCCTGGCCTACGTAA-1,Layer_3,4
CGCCTTTAGCATGCTC-1,Layer_1,2
CGCGAAGTGGCATACT-1,Layer_3,4
CGCGACACTGCGCAGC-1,Layer_2,6
CGCGACCGCGACAGAT-1,Layer_3,4
CGCGAGAGGGACTTGT-1,Layer_3,4
CGCGAGTCTGCCGGGT-1,Layer_5,0
CGCGCAAATGTCCAGA-1,Layer_5,5
CGCGCAAGGAACTACA-1,Layer_1,2
CGCGCATGTTTGATTG-1,Layer_3,4
CGCGCCCGACTTAATA-1,Layer_1,2
CGCGGCAGTATTACGG-1,Layer_1,2
CGCGGCTCAACTTGAA-1,Layer_1,2
CGCGGGAATTAGGCAG-1,Layer_1,2
CGCGGGAATTCCTTTC-1,Layer_4,0
CGCGGTAAGTCTAGCT-1,Layer_2,6
CGCGGTACGGTATACA-1,Layer_3,4
CGCGGTCACAAACCAA-1,Layer_3,4
CGCGTCATATTAAACC-1,Layer_3,4
CGCGTGCTATCAACGA-1,Layer_2,2
CGCGTTCATGAAATAC-1,Layer_1,2
CGCTACCGCCCTATGA-1,Layer_3,6
CGCTACGGGACATTTA-1,Layer_3,4
CGCTAGAGACCGCTGC-1,Layer_1,2
CGCTATACCGCCCACT-1,Layer_1,2
CGCTATTCAATGTATG-1,Layer_1,2
CGCTATTCTTAGGCTC-1,Layer_3,4
CGCTCGACATAATGAT-1,Layer_1,2
CGCTCTCCGTAGATTA-1,Layer_3,4
CGCTGAGGACGTCCAA-1,Layer_2,6
CGCTGGTGACTACCCT-1,Layer_1,2
CGCTGTGACGCCGCAC-1,Layer_1,2
CGCTGTGTGGATGTTG-1,Layer_4,0
CGCTTAGTATTGATAC-1,Layer_5,5
CGCTTATTCCCGGTCG-1,Layer_3,4
CGCTTCCACTGAAATC-1,Layer_1,2
CGCTTCGGTCTAAGAC-1,Layer_3,4
CGCTTGGACGGATAGA-1,Layer_3,4
CGCTTTCATACCGGTG-1,Layer_1,2
CGCTTTCCGCCAAGGT-1,Layer_5,0
CGCTTTCTTGCATTCG-1,Layer_1,2
CGGAAAGAATCAAACG-1,Layer_4,0
CGGAAAGCAAATGTGC-1,Layer_1,2
CGGAAATTTCACATCC-1,Layer_3,4
CGGAACGTAAACATAG-1,Layer_3,4
CGGACCTCTGTAGTTA-1,Layer_6,5
CGGACCTTTACGTCCC-1,Layer_5,5
CGGACGTTACTTGAAG-1,Layer_4,4
CGGAGCAATTTAATCG-1,Layer_3,4
CGGAGCATGGCGATCC-1,Layer_2,6
CGGAGCTTATAACACC-1,Layer_3,4
CGGAGTCCTAACCTGG-1,Layer_3,4
CGGAGTTTGAGAGACA-1,Layer_3,6
CGGATAAGCGGACATG-1,Layer_1,2
CGGATCCTCAAGGACT-1,Layer_3,4
CGGATGAATGCTGTGA-1,WM,1
CGGATTCTGCCTTATG-1,WM,3
CGGCAAACATCGTGCG-1,Layer_3,4
CGGCAATAAGATCGCC-1,Layer_2,6
CGGCACCGTTAGCGCC-1,Layer_3,4
CGGCACTCAAGAAAGT-1,Layer_1,2
CGGCAGGGTCGGGTTG-1,Layer_1,2
CGGCCACGCACAAAGT-1,Layer_2,6
CGGCCAGAGCGACCAT-1,Layer_5,5
CGGCCCAACCTGTAGT-1,Layer_2,6
CGGCCCAGGTATATCC-1,Layer_1,2
CGGCGCCATCAATCCC-1,Layer_3,4
CGGCTCTAAAGCTGCA-1,Layer_1,2
CGGCTCTTCGTCGAAC-1,Layer_3,4
CGGCTGCAAGATTAAG-1,Layer_3,4
CGGCTTTGTATGATAA-1,Layer_2,6
CGGGAACGCCCTGCAT-1,WM,1
CGGGAAGTACCGTGGC-1,WM,1
CGGGAATATAGTATAC-1,Layer_1,2
CGGGAATTTATGTAAA-1,Layer_3,4
CGGGAGCTTCAGTGTA-1,Layer_2,6
CGGGAGTATACCGCCG-1,Layer_1,2
CGGGATCAATGTAAGA-1,Layer_1,2
CGGGCAGCTAAACCGC-1,Layer_2,6
CGGGCCATAGCCGCAC-1,Layer_1,2
CGGGCCTTCTTTGTAA-1,Layer_3,4
CGGGCGATGGATCACG-1,Layer_4,0
CGGGTGTACCCATTTA-1,Layer_1,2
CGGGTTCGGCACGTAT-1,Layer_3,4
CGGGTTGTAGCTTTGG-1,Layer_1,2
CGGGTTTGTTAGGGCT-1,Layer_2,6
CGGTACGGCAAACCCA-1,Layer_6,5
CGGTACTAGAATCAAA-1,Layer_2,6
CGGTAGAGGTGCAGGT-1,Layer_2,6
CGGTATAGGTATTAGC-1,Layer_3,4
CGGTATGGGCACTCTG-1,Layer_5,0
CGGTCAAGTGGGAACC-1,Layer_1,2
CGGTCAGTCCATATTT-1,Layer_3,6
CGGTCCATGAGACTCC-1,Layer_3,4
CGGTCCGTCGCAAGCC-1,Layer_5,5
CGGTCTATCAACCCGT-1,Layer_2,6
CGGTGAAGACTAAAGT-1,Layer_3,4
CGGTGCAGATAGAACG-1,Layer_3,4
CGGTGCGCGTTGGTCC-1,Layer_4,4
CGGTGGGCTCCAGCCT-1,Layer_3,4
CGGTGTACTTGATCCC-1,Layer_1,2
CGGTTATCCAACAGTG-1,Layer_1,2
CGGTTCAAGTAGGTGT-1,Layer_2,6
CGGTTCCGGCTTCTTG-1,Layer_1,2
CGGTTGACCTGGCATA-1,Layer_3,4
CGGTTGAGTATCCTTC-1,Layer_6,5
CGGTTGGGCAGGGTCC-1,Layer_5,0
CGGTTGGGTTCAAGTT-1,Layer_3,4
CGGTTTATGAAGGAAC-1,Layer_3,4
CGTAAACGCTTGAGTG-1,Layer_1,2
CGTAAAGCAAGAAATC-1,Layer_6,3
CGTAAATAACAAAGGG-1,Layer_6,5
CGTAACTTCGACACTT-1,Layer_5,5
CGTAATAATTACGAGT-1,Layer_1,2
CGTAATATGGCCCTTG-1,Layer_3,6
CGTACCGAAAGTCTAG-1,Layer_1,2
CGTACCTGATAGGCCT-1,Layer_1,2
CGTAGAGAGTAATTAT-1,Layer_3,4
CGTAGCGAATTGTCAG-1,Layer_2,6
CGTAGCGCCGACGTTG-1,Layer_2,6
CGTATCTAGAACTAAG-1,Layer_3,4
CGTATTAAGAGATCTA-1,Layer_2,6
CGTATTGTTTCCTAAT-1,Layer_3,4
CGTCAAATGGTCGCAG-1,Layer_3,4
CGTCAAGGCTATAAAT-1,Layer_3,4
CGTCAATCTTTAACAT-1,Layer_1,2
CGTCACGTCCATTGGT-1,Layer_3,4
CGTCAGCTATTTACTC-1,Layer_1,2
CGTCAGTGCGCACAAG-1,Layer_1,2
CGTCAGTTTATCGTCT-1,Layer_3,4
CGTCATACCATATCCA-1,Layer_2,2
CGTCCAGATGGCTCCA-1,Layer_1,2
CGTCCTCATCGCGTGC-1,Layer_3,4
CGTCGCATGTGAGCCA-1,Layer_3,4
CGTCGCGGCGGGATTT-1,Layer_1,2
CGTCGCTTGGTTATAC-1,Layer_6,5
CGTCGGATAGTGTTGA-1,Layer_1,2
CGTCGGGTCTAAGCGC-1,Layer_5,5
CGTCGTCCTTCGCGAA-1,Layer_3,4
CGTCTGGAAGGGCCCG-1,Layer_1,2
CGTCTTGAGTGTGACG-1,Layer_1,2
CGTGAAGTTAATTCAC-1,Layer_3,4
CGTGACATTGGGTCGT-1,Layer_3,4
CGTGACCAGTCCTCTG-1,Layer_4,0
CGTGCACACCACTGTA-1,Layer_4,0
CGTGCAGACTGGGACA-1,Layer_2,6
CGTGCATTGTCGACGC-1,Layer_3,4
CGTGCCCGACATTTGT-1,Layer_3,4
CGTGCCCTCCCGAAGA-1,Layer_2,6
CGTGCTGGCCTAGTCG-1,Layer_1,2
CGTGCTTCTACCTAAA-1,Layer_5,5
CGTGGAAGCCTCGTAC-1,Layer_1,2
CGTGGCCGAATATCTA-1,Layer_1,2
CGTGGTACCCAAAGGC-1,Layer_5,5
CGTGTATGGGAGCTGA-1,Layer_3,4
CGTGTCCCATTCGCGA-1,Layer_2,2
CGTGTCTCGTTACGAC-1,Layer_5,5
CGTGTGTTAAACCCTG-1,Layer_2,2
CGTTAAACTAGTTAGG-1,Layer_1,2
CGTTAAATACGACCAG-1,Layer_3,4
CGTTAATGTCCCGACG-1,Layer_3,4
CGTTAGCTCACAACTG-1,Layer_3,4
CGTTATCATACTTCCA-1,Layer_5,0
CGTTCAAGGAAACGGA-1,Layer_5,5
CGTTCAGACCCGCGAA-1,Layer_4,0
CGTTCATGGTGCGCGT-1,Layer_4,0
CGTTCTTCGCACACCT-1,Layer_3,4
CGTTGAATACCGCGCT-1,Layer_3,4
CGTTGAGCGACCGTCG-1,Layer_3,4
CGTTGAGTAATTGCGT-1,Layer_3,4
CGTTGCCCGCGTGGGA-1,Layer_5,5
CGTTGTAAACGTCAGG-1,Layer_2,2
CGTTGTAAGATTGATT-1,Layer_2,6
CGTTGTCGGCAATTGA-1,Layer_4,0
CGTTGTTTCAATTCCC-1,Layer_3,4
CGTTTAAGCGGAGCAC-1,Layer_1,2
CGTTTACAAGGCAGCT-1,Layer_3,4
CGTTTCACTTCGGGCG-1,Layer_3,6
CGTTTCGCTCATTACA-1,Layer_3,4
CGTTTCGGTTATATGC-1,Layer_3,4
CGTTTGGTGTTGTGGG-1,Layer_3,4
CGTTTGTGTAGAGGGT-1,Layer_4,0
CTAAACGGGTGTAATC-1,Layer_2,6
CTAAAGAATGCCTACT-1,Layer_3,4
CTAAAGGATGAGATAC-1,Layer_6,5
CTAAAGGGAAATAGGA-1,Layer_3,4
CTAAAGTCCGAAGCTA-1,Layer_1,2
CTAAATCCGGTGTACA-1,Layer_5,5
CTAAATCCTATTCCGG-1,Layer_1,2
CTAACAGCACAATAAC-1,WM,3
CTAACCGCGCGCCCGT-1,Layer_3,4
CTAACGAAACTTGCTG-1,Layer_1,2
CTAACTGATAATCGCC-1,Layer_3,4
CTAACTGGTCCGGTTC-1,Layer_4,0
CTAAGGGAATGATTGG-1,Layer_3,4
CTAAGTACAGGGCTAC-1,Layer_3,4
CTAATTATGAAGCGTA-1,Layer_3,4
CTAATTCGCACGCGCT-1,Layer_2,6
CTAATTCTCAGATATT-1,Layer_2,2
CTAATTTCAACAACAC-1,Layer_1,2
CTACAAGAAATAACCC-1,Layer_4,0
CTACACTAGCTTGTTC-1,Layer_2,2
CTACACTCGCAGATGG-1,Layer_3,4
CTACATATCGCGGGAC-1,WM,1
CTACCCTAAGGTCATA-1,Layer_1,2
CTACGAACTAGGTCGA-1,Layer_3,4
CTACGACTAGCTATAA-1,Layer_3,4
CTACGATCCTATCCTA-1,WM,1
CTACGCACGGAGTACC-1,Layer_2,6
CTACGCCATTTCCGAT-1,Layer_3,4
CTACGTGTTGCCACCA-1,Layer_1,2
CTACTATCATAGGTTT-1,Layer_5,0
CTACTATCTTTCAGAG-1,Layer_1,2
CTACTCAAGGTATAGT-1,Layer_5,5
CTACTCTAGGCCCGGC-1,Layer_3,4
CTACTGCCACCTGACC-1,Layer_1,2
CTAGACATATATGTAG-1,Layer_3,4
CTAGACTGCATTTCGT-1,Layer_3,4
CTAGATAAACTCCTCG-1,Layer_1,2
CTAGATGTGAGTGTAA-1,Layer_1,2
CTAGATTTACGACGGC-1,Layer_2,6
CTAGCAACTAATTTAC-1,Layer_2,2
CTAGCATAGTATAATG-1,Layer_2,2
CTAGCCACAGGCGAGC-1,Layer_3,4
CTAGCCCGGGAGACGA-1,WM,3
CTAGCCGATGTTATGA-1,Layer_2,6
CTAGCTTAATGGTCCC-1,Layer_1,2
CTAGGCGCCCTATCAG-1,Layer_3,6
CTAGGCGGCAGAGAAT-1,Layer_2,2
CTAGGGATAGGGACAA-1,Layer_6,5
CTAGGTCTGAAGGAAT-1,Layer_1,2
CTAGGTTCGGACGTGA-1,Layer_3,4
CTAGTAGAAAGGGATT-1,Layer_3,4
CTAGTATTCGGAATTA-1,Layer_3,4
CTAGTCACGTCTTAAG-1,Layer_2,2
CTAGTGAAGGACAGGA-1,Layer_3,4
CTAGTTACAACCCGGT-1,Layer_3,4
CTAGTTGGGCCCGGTA-1,Layer_1,2
CTATAAGAGCCAATCG-1,Layer_2,2
CTATAAGTAGGGTTTG-1,WM,1
CTATACTTAAAGCGAG-1,WM,3
CTATAGGCGTTGATGT-1,Layer_5,5
CTATATCCAGCCTGGC-1,Layer_6,3
CTATCACAACGCTGGA-1,Layer_5,0
CTATCGACGAAATACA-1,Layer_3,4
CTATCGCGTAGAGAAC-1,Layer_3,4
CTATCGGGTCTCAACA-1,Layer_1,2
CTATGAACACCTTGCC-1,WM,1
CTATGCCCGAATGCAA-1,Layer_4,0
CTATGGGAAGCGGAAT-1,Layer_2,6
CTATGTCACTAGCCCA-1,Layer_1,2
CTATGTCTATTGAAAC-1,Layer_2,2
CTATGTGAGTCACGGC-1,Layer_4,0
CTATTCATGTGTCCCA-1,Layer_3,4
CTATTGTGTTTGGTCA-1,Layer_3,4
CTATTTGCTTGGAGGA-1,Layer_5,5
CTATTTGGTTACGGAT-1,Layer_1,2
CTCAAACCACTGCCCG-1,Layer_5,5
CTCAACTAACCCGGAT-1,Layer_3,4
CTCAAGACATTAGCGC-1,Layer_3,4
CTCACACGCAAGCCTA-1,Layer_3,4
CTCACATTTACTAAAT-1,Layer_4,0
CTCACCAGTACAAGTG-1,Layer_3,4
CTCACTGTGATACTTA-1,Layer_3,4
CTCACTTGGCTGGTAA-1,Layer_3,4
CTCAGAGCTAATGTCG-1,Layer_5,5
CTCAGATTGTGATAAG-1,Layer_4,0
CTCAGGACTCACCTGT-1,Layer_1,2
CTCAGTCACGACAAAT-1,Layer_2,2
CTCATAAATGTGTATA-1,Layer_3,4
CTCATCACTTAGTGAT-1,Layer_3,4
CTCATGGCTCACAATC-1,Layer_2,2
CTCATGGTAATTTGCG-1,Layer_4,0
CTCATTAACGTTGCCC-1,Layer_3,4
CTCATTCGTGAACATC-1,Layer_3,4
CTCATTGCTCTAACAA-1,Layer_3,4
CTCATTTGATGGGCGG-1,Layer_1,2
CTCCCAATGAGTCGCG-1,Layer_1,2
CTCCCTCCTTTCGATC-1,Layer_5,0
CTCCGCCCACATGAGG-1,Layer_3,4
CTCCGGCCTAATATGC-1,Layer_1,2
CTCCGGCTTGTAGACA-1,Layer_1,2
CTCCTAAGTTATGTCT-1,Layer_1,2
CTCCTAGTAATCGTGA-1,WM,1
CTCCTCCAGCTCACAC-1,Layer_4,0
CTCCTGTTCAAGGCAG-1,Layer_2,6
CTCCTTTACGCAAGTC-1,Layer_3,4
CTCGAATGGAACGTAT-1,Layer_3,4
CTCGAGACATACGATA-1,Layer_6,5
CTCGAGATCCAAAGCA-1,Layer_1,2
CTCGAGGCAAGTTTCA-1,Layer_6,3
CTCGAGGTCGAACAGT-1,Layer_1,2
CTCGATATTTGCGAGC-1,Layer_2,6
CTCGCACCTATATAGT-1,Layer_1,2
CTCGCATTGCATAGCC-1,Layer_6,3
CTCGCCGAATGTAGGG-1,Layer_3,0
CTCGCTAGGTAAGCGA-1,Layer_3,4
CTCGGGATAACACCTA-1,Layer_2,6
CTCGGGCATCGTCGGG-1,Layer_3,6
CTCGGGTTCTCTGGCC-1,Layer_5,5
CTCGGTACCACTGCTC-1,Layer_2,2
CTCGGTCCGTAGCCTG-1,Layer_1,2
CTCGGTTGTCGGCCCT-1,Layer_5,5
CTCGTCGAGGGCTCAT-1,Layer_6,3
CTCGTCTGTGCCTTCG-1,Layer_4,0
CTCGTGGCACTGAAAG-1,Layer_6,5
CTCGTTACGGCTACCA-1,Layer_6,5
CTCGTTTCTAATGTTT-1,Layer_2,6
CTCTAACACCGGCAGC-1,Layer_4,0
CTCTAATGCATTGATC-1,Layer_3,4
CTCTACACTGGCGATT-1,Layer_4,4
CTCTACATCCTGCGTG-1,Layer_5,5
CTCTAGCCCTCGGAAA-1,Layer_3,4
CTCTATTTGGCTGCAG-1,Layer_3,4
CTCTCACAATCGATGA-1,Layer_1,2
CTCTCGATGTGCGCCT-1,Layer_3,4
CTCTCGCTGTACTATG-1,Layer_3,6
CTCTCTAACTGCCTAG-1,Layer_5,5
CTCTGCAGGCATTCTT-1,WM,1
CTCTGCGAAGCAAGCA-1,Layer_1,2
CTCTGGACGCCTGGTG-1,Layer_1,2
CTCTGTCCATGCACCA-1,Layer_4,0
CTCTGTGCCTGCTATG-1,Layer_3,6
CTCTGTTTGAGGATTC-1,Layer_2,6
CTCTTCTATTGACTGG-1,Layer_1,2
CTCTTCTGGAAGTTAG-1,Layer_5,5
CTCTTGTCCCGCTTGG-1,Layer_3,4
CTGAAAGAGATCCGAC-1,Layer_1,2
CTGAATCCGAGACCTC-1,Layer_3,4
CTGAATTTATTGCCAG-1,Layer_3,6
CTGACATAGAAATAGA-1,Layer_1,2
CTGACTGCGCAGCTCG-1,Layer_1,2
CTGAGAAAGTTCGGCG-1,Layer_1,2
CTGAGAGTAGAAATAC-1,Layer_3,4
CTGAGCAAGTAACAAG-1,Layer_1,2
CTGAGCGAGACTTATT-1,Layer_2,6
CTGATAGTGTATCTCA-1,Layer_3,4
CTGATCCCTTTATGCA-1,Layer_6,3
CTGCAAATGGGCTCCA-1,Layer_3,6
CTGCAAGCACGTTCCG-1,Layer_3,4
CTGCACAACTACATAT-1,Layer_3,4
CTGCACCTAGTCCACA-1,Layer_2,6
CTGCACCTGGAACCGC-1,Layer_1,2
CTGCACTCCAGTACAG-1,Layer_3,4
CTGCAGAGAATCAGAG-1,Layer_3,4
CTGCAGGGTGACGCTC-1,Layer_3,4
CTGCCAAGGTTGGAAG-1,Layer_1,2
CTGCCATGCATCACAT-1,Layer_3,4
CTGCCCACGAAGCGTT-1,Layer_3,4
CTGCCTAGCCACCAAG-1,Layer_3,4
CTGCCTCATATGCAAC-1,Layer_2,2
CTGCCTTTAATACCTT-1,Layer_6,5
CTGCCTTTCTAGTAAA-1,Layer_3,4
CTGCGACCTCGCCGAA-1,Layer_4,0
CTGCGATTTCGAGATT-1,Layer_5,5
CTGCGGGTGAAATGTT-1,Layer_3,4
CTGCGGTAGTCACGTG-1,Layer_3,4
CTGCGTTACGATATAA-1,Layer_3,4
CTGCTCTCAACACACC-1,Layer_3,4
CTGCTCTGACGGCAAA-1,Layer_5,5
CTGCTGAGGCCACGAA-1,Layer_4,4
CTGCTGTCTAACGAGC-1,Layer_1,2
CTGCTTGGCGATAGCT-1,Layer_3,4
CTGCTTTATGTCCGCG-1,Layer_3,4
CTGGAAATGGATGCTT-1,Layer_1,2
CTGGAAGACACGGTGG-1,Layer_3,4
CTGGACGCAGTCCGGC-1,Layer_5,5
CTGGATTTACACTTGA-1,Layer_3,4
CTGGCATCCGAATGAG-1,Layer_4,0
CTGGCGACATAAGTCC-1,Layer_2,6
CTGGCGATTTACATGT-1,Layer_3,4
CTGGCGCACAGGTCTG-1,Layer_1,2
CTGGCGGGAATAAGTA-1,Layer_1,2
CTGGCTCCTGCGGGAT-1,Layer_1,2
CTGGCTGATTCATCCT-1,Layer_1,2
CTGGCTGCTAACGTAA-1,Layer_1,2
CTGGCTGGTTGTCAGT-1,Layer_3,4
CTGGGATAAATAATGG-1,Layer_1,2
CTGGGATACGCTACCC-1,Layer_1,2
CTGGGATCGCCCAGAT-1,Layer_3,4
CTGGGCACTAGTCGGA-1,Layer_3,4
CTGGGCCTGCTATATC-1,Layer_3,4
CTGGGCGGCCAAATGT-1,Layer_3,4
CTGGGCTACTGGAGAG-1,Layer_3,4
CTGGGCTATCCTTTGG-1,Layer_3,4
CTGGGTAGGCAGTTAA-1,Layer_2,6
CTGGGTTGAGTTAAAG-1,Layer_5,5
CTGGTAAAGACTTACA-1,Layer_3,4
CTGGTAAAGTGTGGGC-1,Layer_3,4
CTGGTAACACATAGAA-1,Layer_1,2
CTGGTAACGAGCTCTT-1,Layer_1,2
CTGGTCATTCCAATCC-1,Layer_2,6
CTGGTCCTAACTTGGC-1,Layer_3,4
CTGGTGAATGGGCCTA-1,Layer_6,3
CTGGTTCAACGCATCA-1,Layer_1,2
CTGGTTCGCGAGCTAC-1,Layer_1,2
CTGGTTTCGAGCAAGA-1,Layer_2,6
CTGTACTTCTTAGCAT-1,Layer_3,4
CTGTAGCCATCTCACT-1,Layer_4,0
CTGTAGTGAGGATCGA-1,Layer_5,5
CTGTATGGTGTAGAAA-1,Layer_1,2
CTGTCAAATGGCTCGG-1,Layer_1,2
CTGTCACGCCAGGCGC-1,Layer_3,4
CTGTGCAGGGTAGGTC-1,Layer_3,4
CTGTGGTCGGGAGATA-1,Layer_3,4
CTGTTACCCAATCTAG-1,Layer_3,4
CTGTTCACTGCCTGTG-1,Layer_1,2
CTGTTCATCTCACGGG-1,Layer_1,2
CTGTTGGCTCTTCTGA-1,Layer_2,2
CTGTTGTTCAGTCGTA-1,Layer_6,3
CTTAAATAAGACCCAT-1,Layer_3,6
CTTAACTTACAGTATA-1,Layer_3,4
CTTAACTTCGAAGTAC-1,Layer_2,6
CTTAAGCAGCGAGCCG-1,Layer_5,5
CTTAATCGACTTAGTA-1,Layer_5,5
CTTACACGGTATTCCA-1,Layer_2,6
CTTACACTGGGAAATA-1,Layer_1,2
CTTACATAGATTTCTT-1,Layer_4,0
CTTACTGACTCCTCTG-1,Layer_3,4
CTTAGATGTTTCATCC-1,Layer_5,5
CTTAGCCCGGATAGTG-1,Layer_3,4
CTTAGCCTTCCACATG-1,Layer_1,2
CTTAGGTATAGACCAG-1,Layer_6,3
CTTAGGTCCCAATCGT-1,Layer_3,4
CTTAGTAGGCCTACAG-1,Layer_1,2
CTTAGTGTAGTAGCAT-1,Layer_3,4
CTTAGTTGAGGAATCG-1,Layer_6,5
CTTATAGATGGCTGTT-1,Layer_3,4
CTTATGCGCTCAGGGC-1,Layer_4,0
CTTATGTTGACTACCA-1,Layer_1,2
CTTCAACTCCACTTGG-1,Layer_3,4
CTTCACGCCCTGGTAC-1,WM,1
CTTCAGTGGTCGCCTA-1,Layer_5,5
CTTCAGTTGGACAACG-1,Layer_4,0
CTTCATAGCTCAAGAA-1,Layer_1,2
CTTCATCACCAGGGCT-1,Layer_4,0
CTTCATTGTCAGTGGA-1,Layer_2,6
CTTCCGCTCCGTGAAG-1,Layer_4,0
CTTCCTGCATATTTAC-1,Layer_3,4
CTTCGATTGCGCAAGC-1,Layer_3,4
CTTCGGCCAATTGTTT-1,Layer_1,2
CTTCGTAGATAGGTGA-1,Layer_3,4
CTTCTATGTTGAAGTA-1,Layer_4,4
CTTCTATTAATGCTAG-1,Layer_3,4
CTTCTGGGCGTACCTA-1,Layer_6,5
CTTCTTACGTCGTATA-1,Layer_1,2
CTTGACCCGAAAGATA-1,Layer_2,6
CTTGAGGTTATCCCGA-1,Layer_1,2
CTTGAGTTAGGGTAAT-1,Layer_1,2
CTTGATGACCATCCAG-1,Layer_3,4
CTTGCAACCGCCTCCT-1,Layer_3,4
CTTGCCCACCCACGCA-1,Layer_3,4
CTTGCCCAGGCTCTAC-1,Layer_3,4
CTTGGCCAAGCTGGGA-1,Layer_4,0
CTTGTACTTGTTGACT-1,Layer_1,2
CTTGTCAACATTCGAG-1,Layer_3,4
CTTGTCGTACGTGTCA-1,Layer_2,2
CTTGTGAGGACAGCGG-1,Layer_1,2
CTTGTGAGTCTTTGAC-1,Layer_1,2
CTTGTGCTCACCGATT-1,Layer_2,6
CTTGTTGCTGAGTCAA-1,Layer_1,2
CTTGTTTATGTAGCCA-1,Layer_1,2
CTTTAACTTTCAAAGG-1,Layer_1,2
CTTTAATATTGGTCGA-1,Layer_3,4
CTTTACCGAATAGTAG-1,Layer_3,4
CTTTAGGAACACTGTT-1,Layer_1,2
CTTTAGTGCTATTATT-1,Layer_3,4
CTTTATCCGACGCATG-1,Layer_6,5
CTTTCTGTGCGGGCTT-1,Layer_3,4
CTTTGAAACATATTCC-1,Layer_3,4
CTTTGACGTCGCTTCT-1,Layer_5,0
CTTTGCATCGCTCTTG-1,Layer_3,4
CTTTGCTGTCATGGAT-1,Layer_1,2
CTTTGGCGCTTTATAC-1,Layer_3,4
CTTTGGCTTTAGTAAA-1,Layer_3,4
CTTTGGGATTGTTGCA-1,Layer_5,5
CTTTGTCGAATGCTCC-1,Layer_6,3
GAAACAGATGACCACC-1,Layer_1,2
GAAACAGCCATGCAGT-1,Layer_2,2
GAAACATAGGAAACAG-1,Layer_6,5
GAAACCATGGTGCGCT-1,Layer_2,6
GAAACCGAATTACCTT-1,Layer_3,4
GAAACCTATACAAATG-1,Layer_4,0
GAAACTCGTGCGATGC-1,Layer_3,6
GAAACTCTAATGAAGG-1,Layer_2,6
GAAAGAACAGCGTTAT-1,Layer_1,2
GAAAGCAGTGCACTTT-1,Layer_3,0
GAAAGCCCTTTGGACC-1,Layer_3,4
GAAAGTGACTAACTGC-1,Layer_2,2
GAAATACCTGCTGGCT-1,Layer_3,4
GAAATACTAAACGTTT-1,Layer_1,2
GAAATATCACCATCAG-1,Layer_3,4
GAAATATGCTTGAATG-1,Layer_3,4
GAAATCGCGCGCAACT-1,Layer_1,2
GAAATCTGACCAAGTT-1,Layer_2,2
GAAATGGCGGTGTTAG-1,Layer_2,2
GAAATGGGATGTAAAC-1,Layer_1,2
GAAATTAGCACGGATA-1,Layer_3,6
GAAATTCACATCGCTG-1,Layer_1,2
GAAATTGTCTCTATAA-1,Layer_3,4
GAACAACTGGGATGAA-1,Layer_3,4
GAACACACATCAACCA-1,Layer_1,2
GAACAGATTACTAAAT-1,Layer_3,4
GAACATTAGTATGTTA-1,Layer_3,4
GAACCATCTGGGAGAC-1,Layer_3,4
GAACCCTCTGTGTTCT-1,Layer_3,4
GAACCTCGACCTACAC-1,Layer_4,4
GAACCTTTAACGATCC-1,Layer_3,4
GAACGACCGAATGATA-1,Layer_1,2
GAACGATAAGTTAAAG-1,Layer_3,4
GAACGCGGGTCACACG-1,Layer_1,2
GAACGTCTCATGGTCG-1,Layer_1,2
GAACGTTAGGAAGACG-1,Layer_3,4
GAACGTTTGTATCCAC-1,Layer_3,6
GAACTGTGGAGAGACA-1,Layer_4,5
GAACTTAGCGCCCGGT-1,Layer_3,4
GAACTTGTGCACGGGA-1,Layer_3,4
GAAGAAACGATATTGT-1,Layer_5,5
GAAGAACGGTGCAGGT-1,Layer_1,2
GAAGACTTCAATGCCG-1,Layer_3,4
GAAGCAAGGCAATGTT-1,Layer_3,6
GAAGCCACTGATTATG-1,Layer_4,0
GAAGCCGGGTAAGCTC-1,Layer_3,6
GAAGCCTGCACATTCC-1,Layer_4,0
GAAGCGTGAGGAATTT-1,Layer_2,6
GAAGCTCGGACCCGTC-1,Layer_5,5
GAAGCTCTTTGCTTAG-1,Layer_1,2
GAAGCTTGCTGACCGC-1,Layer_2,6
GAAGGAGTCGAGTGCG-1,Layer_4,5
GAAGGCTACCATTGTT-1,Layer_3,4
GAAGGGCATAACCATG-1,Layer_1,2
GAAGGGTCATTAAGAC-1,Layer_4,0
GAAGTCAGTTGCACTA-1,Layer_3,4
GAAGTCTCCCTAGCGA-1,Layer_1,2
GAAGTGATTTATCGTG-1,Layer_3,4
GAAGTGCTGGATAGCT-1,Layer_1,2
GAAGTTTCCACTCAAT-1,Layer_3,4
GAATAGACGCGACCCA-1,Layer_1,2
GAATAGCATTTAGGGT-1,Layer_1,2
GAATAGCCCTGCGGTC-1,Layer_3,4
GAATAGTGCTCGATTA-1,Layer_5,5
GAATATTCGGAGTCCC-1,Layer_3,4
GAATCGACATGGTCAC-1,Layer_1,2
GAATCGCCGGACACGG-1,Layer_1,2
GAATCTATACTCGGAC-1,Layer_3,4
GAATCTGAACATTCTC-1,Layer_3,4
GAATGAAGGTCTTCAG-1,Layer_3,4
GAATGCCGAAATGACC-1,Layer_2,2
GAATGCGAATCGGTTC-1,Layer_4,0
GAATGGGCTTATCGAC-1,Layer_4,4
GAATGTATGGCAGGTC-1,Layer_3,4
GAATGTGGTCCGGATT-1,Layer_2,6
GAATGTTGGGTAATCT-1,Layer_1,2
GAATTATAGTGAAAGG-1,Layer_1,2
GAATTCACCCGGGTGT-1,Layer_3,4
GAATTTCTCGCTGCAG-1,Layer_2,6
GACAAACATATGCAGG-1,Layer_1,2
GACAACGACCATTGAA-1,Layer_1,2
GACAACGCAGCTTACG-1,Layer_1,2
GACAAGACGCCCGTGC-1,Layer_3,4
GACAAGAGATGAGATT-1,Layer_2,6
GACACAAGGGAAGAAA-1,Layer_1,2
GACACAGCCGGGACTG-1,Layer_3,4
GACACCCAAAGACGCG-1,WM,3
GACACGAGTTAGAGGA-1,Layer_1,2
GACACTGAGTTCAGTG-1,Layer_3,4
GACACTGGAACCCGAT-1,Layer_1,2
GACACTTCCAATTACC-1,Layer_3,4
GACAGAGGTCTTCAGT-1,Layer_5,5
GACAGATTTCTGGCTC-1,Layer_4,0
GACAGCCAGACCTGAC-1,Layer_1,2
GACAGGCACACACTAT-1,Layer_3,4
GACAGGTAATCCGTGT-1,Layer_3,4
GACATACTGTCGCAGA-1,Layer_2,2
GACATCCGTCGAACTG-1,Layer_4,0
GACATCGATTTATAAC-1,Layer_3,4
GACATTTCGCCCAGCC-1,WM,1
GACCAAACGTTGACTG-1,Layer_3,4
GACCACACTTCCCTTT-1,Layer_4,0
GACCAGAGCCCTGTAG-1,Layer_2,6
GACCAGGTCATTCATA-1,Layer_3,4
GACCCAATTATGATAC-1,Layer_5,5
GACCCGTCGCCGGCTA-1,Layer_2,6
GACCGACGTGAAAGCA-1,Layer_1,2
GACCGACTGAAGCGTC-1,Layer_3,4
GACCGATTAAATATGT-1,WM,1
GACCGCGTCTGACGTG-1,Layer_1,2
GACCGTCAGGTCGTGA-1,Layer_3,4
GACCGTGCTGACGGTG-1,Layer_3,4
GACCGTTACATGCGAC-1,Layer_4,4
GACCTGGTCTGGGCGT-1,Layer_1,2
GACCTTCCACGTCTAC-1,Layer_4,0
GACGACGATCCGCGTT-1,Layer_3,4
GACGAGGCTAATAAAC-1,Layer_3,6
GACGATATCACTGGGT-1,Layer_6,3
GACGCATACCCGTCGG-1,WM,1
GACGCCGTAAAGGCTA-1,Layer_3,4
GACGCCTGTTGCAGGG-1,Layer_1,2
GACGCTTGCTTCTAAA-1,Layer_3,4
GACGGACCGCGTTCCT-1,Layer_3,4
GACGGGATGTCTTATG-1,Layer_2,2
GACGGGCATCGAATTT-1,Layer_3,4
GACGGGTTGGCCCGTA-1,Layer_4,0
GACGGTCAATAGAAGC-1,Layer_1,2
GACGGTCCTAGGGTGT-1,Layer_1,2
GACGTGAGACTCCATG-1,Layer_1,2
GACGTGTAGGGATTAT-1,Layer_2,6
GACGTTCGTAAATACA-1,Layer_3,4
GACGTTGCTCGGCGGC-1,WM,3
GACTAACACAGCACCT-1,Layer_3,4
GACTAAGATCATGCAC-1,Layer_1,2
GACTAAGTAGGCTCAC-1,Layer_2,2
GACTACAAAGCGGTGG-1,Layer_4,0
GACTACAATTGCTCGT-1,Layer_3,4
GACTAGGCCGTTAGGT-1,Layer_4,0
GACTCACCCACGTGAG-1,Layer_1,2
GACTCCCAGAATAAGG-1,Layer_2,6
GACTCCTTCCAATTGA-1,Layer_6,5
GACTCGCGGGAATGAC-1,Layer_1,2
GACTCGGTCGGCGGAT-1,Layer_3,4
GACTCTAGAGTTCCAA-1,Layer_6,5
GACTGATTGGTCACAA-1,Layer_3,4
GACTGCAAATCGAGCT-1,Layer_3,4
GACTGCACCAGCCCAG-1,Layer_3,4
GACTGCGGCACGTGTA-1,Layer_3,4
GACTGCTGGTGAGAAA-1,Layer_5,5
GACTGGGCGCCGCAAC-1,Layer_3,4
GACTTCAACGCATCAA-1,Layer_4,0
GACTTTCGAGCGGTTC-1,Layer_5,5
GAGAAACTGGATCCCA-1,Layer_3,4
GAGAACGGTTCTGACT-1,Layer_3,4
GAGAATCTCACGATCA-1,Layer_3,4
GAGACCCTGCAACGCC-1,Layer_3,4
GAGACTGATGGGTAGA-1,Layer_1,2
GAGACTTCGCGACCGA-1,Layer_3,4
GAGAGCGCAGTCCCTG-1,Layer_3,4
GAGAGGCCTATGTGTA-1,Layer_3,4
GAGAGGGCGCGAGGTT-1,Layer_3,4
GAGAGGTGCATTCTGG-1,Layer_3,4
GAGAGTCTCGGGAGAG-1,Layer_6,5
GAGATCTGCTTGGCAT-1,Layer_3,4
GAGATCTGTCACTCCG-1,Layer_1,2
GAGATCTTCCATGACA-1,Layer_3,4
GAGATGACAATCCTTA-1,Layer_3,4
GAGATGGCTTTAATCA-1,Layer_4,0
GAGATGGGAGTCGACA-1,Layer_3,4
GAGCACCTGTGTCCAG-1,Layer_3,4
GAGCACGGCGCCTCTT-1,Layer_1,2
GAGCATCAACAACTTG-1,Layer_6,5
GAGCATCATCCCTGGG-1,Layer_1,2
GAGCCACGGTAGTAGG-1,Layer_2,2
GAGCCAGCTACCTGTG-1,Layer_3,4
GAGCCGAGCGTTTATT-1,Layer_3,4
GAGCGAGGGAGTACCG-1,Layer_1,2
GAGCGCAAATACTCCG-1,Layer_1,2
GAGCGCGCACGAGTAG-1,Layer_2,6
GAGCGCTGTTAGGTAA-1,Layer_6,5
GAGCGGAATGCGGTGT-1,Layer_5,5
GAGCTAAGGGCATATC-1,Layer_1,2
GAGCTCAACATGAGCG-1,Layer_5,5
GAGCTCTCGGACCTAA-1,Layer_1,2
GAGCTGTCGTCTCGGA-1,Layer_3,4
GAGGAATATCTCTTTG-1,Layer_6,5
GAGGAATGGAGAGGTT-1,Layer_2,6
GAGGAGATCCTCATGC-1,Layer_1,2
GAGGAGTAATTCCTAC-1,Layer_3,4
GAGGATAAACAGTGCT-1,Layer_1,2
GAGGCATTTGCAGCAG-1,Layer_3,4
GAGGCCCGACTCCGCA-1,Layer_5,5
GAGGCCTGTTGATACA-1,Layer_3,4
GAGGCTATCAAAGTCG-1,Layer_3,4
GAGGGAGTCAGATCGC-1,Layer_5,5
GAGGGCATCGCGTATC-1,Layer_1,2
GAGGGCCATAATATTA-1,Layer_3,4
GAGGGCGCAGCTCTGC-1,Layer_1,2
GAGGGTAGTAACAAAG-1,Layer_5,5
GAGGTACATCCATCTT-1,Layer_2,6
GAGGTACGCGTGTCCC-1,Layer_4,0
GAGGTCCCAAAGATCT-1,Layer_1,2
GAGGTCCGTTCGCTGT-1,WM,3
GAGGTCTTAGTGGGTC-1,Layer_3,4
GAGTAAACCGGAAAGT-1,Layer_1,2
GAGTAAATTAAGAACC-1,Layer_3,4
GAGTAAGGCCACGGGA-1,Layer_5,0
GAGTACGGGTATACAA-1,Layer_1,2
GAGTAGATACTAGTTG-1,Layer_4,0
GAGTATACCCTAATCA-1,Layer_6,3
GAGTATCAAAGTTACA-1,Layer_3,6
GAGTATGCCCGCCTTG-1,Layer_3,4
GAGTATGCGCGTGCAT-1,Layer_3,0
GAGTCAGACCAGAATC-1,Layer_4,0
GAGTCCACCAGGTTTA-1,Layer_4,0
GAGTCCGCTTACCGGA-1,Layer_3,4
GAGTCGACAGACCCTC-1,Layer_3,4
GAGTCTTGTAAAGGAC-1,Layer_5,0
GAGTGCACGGACAACA-1,Layer_3,4
GAGTGTCAACCAGAAA-1,Layer_3,4
GAGTGTGCGGTACCCA-1,Layer_2,2
GAGTTCTGTGGGTGCT-1,Layer_6,3
GAGTTGATGGCAATTT-1,Layer_5,0
GAGTTGTCACCAGTCT-1,WM,1
GATAAATCGGTGGATG-1,Layer_1,2
GATAACTCGCACTGTG-1,Layer_1,2
GATAAGGCAGATGCAA-1,Layer_1,2
GATACCGTGTCGGAGT-1,Layer_1,2
GATACGATGGGAGTCA-1,Layer_3,4
GATAGAACCCGCTAGG-1,Layer_5,5
GATAGATAGTACAGTC-1,Layer_3,4
GATAGCGTACCACGCG-1,Layer_1,2
GATAGGATTAATTACA-1,Layer_1,2
GATAGGTAACGTTGAC-1,Layer_3,4
GATAGGTGTCCCGGGC-1,Layer_1,2
GATAGTGCGAGTAAGT-1,Layer_5,5
GATATCAAGCAGGAGC-1,Layer_6,5
GATATCAGTATGTATC-1,Layer_1,2
GATATCTCATGCAATA-1,Layer_2,2
GATATGAGACACTAAC-1,Layer_1,2
GATATGCGGTAGCCAA-1,Layer_2,6
GATATGGATTACGCGG-1,Layer_3,4
GATATTGAGATTGGCG-1,Layer_1,2
GATATTTCCTACATGG-1,Layer_3,4
GATCAACATAAAGGGA-1,Layer_5,5
GATCATTCCAAACATT-1,Layer_2,2
GATCCAACCTTTAAAC-1,WM,3
GATCCCTTTATACTGC-1,Layer_1,2
GATCCGAATATAAGTG-1,Layer_1,2
GATCCGGGAATTAACA-1,Layer_2,6
GATCCTAAATCGGGAC-1,Layer_1,2
GATCCTCGACACTGGC-1,Layer_4,0
GATCCTCTTGCGCTTA-1,Layer_3,4
GATCGACACTATCTGA-1,Layer_1,2
GATCGCGGGCTCTCCA-1,Layer_3,4
GATCGCTACCCGATTT-1,Layer_2,2
GATCGCTATATCTCAG-1,Layer_5,5
GATCGCTGTGGTGCGT-1,WM,1
GATCGGATAGAACCAT-1,Layer_4,4
GATCGGCGATAAGTCG-1,Layer_2,2
GATCGGTGGCCATAAC-1,Layer_1,2
GATCGTGACTGATATC-1,Layer_2,2
GATCTAACCGTATTCA-1,Layer_5,5
GATCTCGACGCTGTGG-1,Layer_1,2
GATCTGCTATCTAAGG-1,Layer_4,0
GATCTTCATTGTCCTC-1,Layer_1,2
GATCTTGGAGGGCATA-1,Layer_3,4
GATCTTTGCAGGGTAT-1,Layer_3,4
GATCTTTGCTCAAAGA-1,Layer_3,4
GATGACAAGTAGGGCA-1,Layer_5,5
GATGACGATGATCGCG-1,Layer_3,4
GATGAGGAACCTTCGG-1,Layer_3,4
GATGATTTGAAACTGG-1,Layer_3,2
GATGCCACACTACAGC-1,Layer_3,6
GATGCCAGCAGAAGGC-1,Layer_2,6
GATGCCTTCTGCGGCA-1,Layer_6,5
GATGCGAATGGTATTA-1,Layer_3,6
GATGCGTCCTGCATTC-1,Layer_2,4
GATGCTACAAGCGCCT-1,Layer_1,2
GATGCTACCTTCGATG-1,Layer_5,5
GATGCTGTATTTCATC-1,Layer_3,6
GATGGCGCACACATTA-1,Layer_1,2
GATGGTGCCCTAGGCA-1,Layer_3,4
GATGTAACGAACCACC-1,Layer_5,0
GATGTCCGGATCACAT-1,Layer_1,2
GATGTCGGTCAACTGC-1,Layer_3,4
GATGTGTTGTCACAAG-1,Layer_3,4
GATGTTCAATCCACGA-1,Layer_3,4
GATGTTTGTGCGAGAT-1,Layer_1,2
GATTAACCGAAAGCCC-1,Layer_3,4
GATTAATCCTGGCTCA-1,Layer_2,2
GATTACTGAATTTGGG-1,Layer_3,4
GATTAGAAACAAGCGT-1,Layer_6,5
GATTATCTTGCATTAT-1,Layer_4,0
GATTCCCTTGTCGCAG-1,Layer_1,2
GATTCCGCGTTTCCGT-1,Layer_2,6
GATTCCTATACGGCGC-1,Layer_2,6
GATTCGACGGTTCACG-1,Layer_2,6
GATTCTGTTAATGAGT-1,Layer_5,5
GATTGACACTCTGCTC-1,Layer_3,4
GATTGCTCCAGTTGCA-1,Layer_6,5
GATTGGGAAAGGTTGT-1,Layer_3,4
GATTTAGTGCGTACTG-1,Layer_3,4
GATTTGCGCTAACACC-1,Layer_6,5
GCAAACCCTACATTAT-1,Layer_3,4
GCAAACCTTGGCCATA-1,Layer_3,4
GCAAACGTCGCCAGGT-1,Layer_1,2
GCAAAGGGCGTTAGCC-1,Layer_6,3
GCAAATATTACGCTTT-1,Layer_3,4
GCAAATGAGGACACTT-1,Layer_4,4
GCAACACACTAGAACT-1,Layer_4,0
GCAACAGCAGTATGCG-1,Layer_1,2
GCAACCACCAGACCGG-1,Layer_3,4
GCAACCACGGCCGCGT-1,Layer_3,4
GCAACCCAAGTTGTTT-1,Layer_3,4
GCAACGGCTAGTTATG-1,Layer_1,2
GCAAGAATTCCTTGGC-1,Layer_3,4
GCAAGATGTGTTCGCG-1,Layer_3,4
GCAAGCTGGAAACCGC-1,Layer_6,5
GCAAGTGCACAGAGAA-1,Layer_1,2
GCAAGTGTAAAGCATG-1,Layer_5,5
GCAATTAGTCGCACCG-1,Layer_2,6
GCACAAACCCTAGATG-1,Layer_6,3
GCACAAACGAGGCGTG-1,Layer_1,2
GCACAACCTCGGGCGT-1,Layer_6,3
GCACAAGTGGATCATA-1,Layer_1,2
GCACAAGTGTCGGAAG-1,Layer_2,6
GCACACACTGGTAGCC-1,Layer_3,4
GCACACAGCTATTACC-1,Layer_5,5
GCACACGCCCATGGTC-1,Layer_3,4
GCACAGCACGGGCCGA-1,Layer_6,5
GCACCTTCCCGAAGGT-1,Layer_3,4
GCACGCCGATTCCCGC-1,Layer_4,0
GCACGCCTACTTAGAT-1,Layer_4,0
GCACGTGGTTTACTTA-1,Layer_3,4
GCACTAGTCGCGCTAT-1,Layer_1,2
GCACTCCCACAGTCCC-1,Layer_3,6
GCACTGCCTACCTTTA-1,Layer_4,0
GCACTGTGCAAATGTA-1,Layer_1,2
GCAGAAGGTAATCTCC-1,Layer_1,2
GCAGACCCAGCACGTA-1,Layer_1,2
GCAGATCCATAAGACT-1,Layer_3,4
GCAGATCCTCGCAAAT-1,Layer_2,6
GCAGATTAGGGATATC-1,Layer_2,6
GCAGCACACAGCCCAG-1,Layer_3,4
GCAGCCTATATCACAT-1,Layer_1,2
GCAGCGGTGGGCATTA-1,Layer_1,2
GCAGCTATGGACAGGT-1,Layer_3,4
GCAGCTGTCAACGCAT-1,Layer_4,0
GCAGGAACTTAGATCT-1,Layer_5,5
GCAGGACTATAGAATA-1,Layer_3,4
GCAGGTAGAGTATGGT-1,Layer_3,4
GCAGTGCGGGCGGATG-1,Layer_2,6
GCAGTGTGGCTATAGG-1,Layer_3,4
GCAGTTCGATCCGAGC-1,Layer_2,6
GCATACGAGGTCTTTA-1,Layer_3,4
GCATAGAGCACTCAGG-1,Layer_2,4
GCATCCCTAACTTTGA-1,Layer_1,2
GCATCGGCCGTGTAGG-1,Layer_1,2
GCATGACACAAAGGAA-1,Layer_3,4
GCATGAGGGACGCGGC-1,Layer_1,2
GCATGCTAATAACGAT-1,Layer_3,4
GCATGGGTACTGACGC-1,Layer_4,4
GCATTCAAGGCAACGC-1,Layer_2,2
GCATTCGAAATGAACA-1,Layer_3,4
GCATTGACTTGCGGAA-1,Layer_5,5
GCATTGTAATTCATAT-1,Layer_3,4
GCATTTCCAAGGCTCC-1,Layer_1,2
GCCAACCATTTCCGGA-1,Layer_2,6
GCCAAGAATACTTCTG-1,Layer_5,0
GCCAATAGGGCATCTC-1,Layer_2,6
GCCACAATTTAAGGAC-1,Layer_3,4
GCCACTCAGAGCGCGA-1,Layer_3,4
GCCACTCCTTACGGTA-1,Layer_2,2
GCCAGGAAAGAACACT-1,Layer_6,3
GCCAGGAGTAACCGAT-1,Layer_2,6
GCCAGGCGTTCGCATG-1,Layer_3,4
GCCAGGCTTAGTGGTA-1,Layer_1,2
GCCATATTGCACACAG-1,Layer_2,6
GCCATCGAGCTGCGTG-1,Layer_3,4
GCCATCGATGCTGCAT-1,Layer_1,2
GCCATTAGCCTCAAAC-1,Layer_5,5
GCCCACCAAGGCTGTC-1,Layer_1,2
GCCCAGATGCTGGAGA-1,Layer_1,2
GCCCAGTTGGTATGCC-1,Layer_1,2
GCCCATGGGTGCAATG-1,Layer_3,4
GCCCGACTTCTTCCCG-1,Layer_4,0
GCCCGAGAGTCTAAAT-1,WM,1
GCCCGATCTGTGGTCG-1,Layer_3,4
GCCCGATGCCCAGTTC-1,WM,1
GCCCGCGCGTAAACGG-1,Layer_3,4
GCCCGCGCGTTTGACA-1,Layer_1,2
GCCCGTAATACCTTCT-1,Layer_1,2
GCCCGTCAAGCCCAAT-1,Layer_3,4
GCCCGTTCACACAATT-1,WM,5
GCCCTAAGTGCAGGAT-1,Layer_5,5
GCCCTAGCCGTCGCGA-1,Layer_5,5
GCCCTGAGGATGGGCT-1,Layer_4,0
GCCGAAATTCCTACGT-1,Layer_3,4
GCCGACCCACGACTGC-1,Layer_5,5
GCCGATTGGCCAAGCT-1,Layer_3,4
GCCGCACTCCGTTTCA-1,Layer_1,2
GCCGCATTAGTCCGGC-1,Layer_3,4
GCCGCTAGATACGCAG-1,Layer_3,4
GCCGCTTGTGAGAAAC-1,Layer_3,4
GCCGGAAACACATCTT-1,Layer_3,4
GCCGGGTTAGGGTCGC-1,Layer_3,4
GCCGGTCGTATCTCTC-1,Layer_5,5
GCCGGTTTGGGCGGAT-1,Layer_2,2
GCCGTCGGTTTCGGGC-1,Layer_6,5
GCCGTGGAAGAAATGT-1,Layer_1,2
GCCTAGCGATCTGACC-1,Layer_1,2
GCCTATAGTGTCAGGG-1,Layer_1,2
GCCTATCAGGTAAGAT-1,Layer_3,4
GCCTATGCTGGGCCTT-1,Layer_3,4
GCCTATTCCGATATAG-1,Layer_2,2
GCCTATTTGCTACACA-1,Layer_2,6
GCCTCAGGTACCGGTC-1,WM,1
GCCTCATCTGGAAATA-1,Layer_1,2
GCCTCCGACAATTCAC-1,Layer_3,4
GCCTCTATACATAGCA-1,Layer_3,4
GCCTGCTACACTGAGA-1,Layer_3,4
GCCTGTCCCGGTGCAT-1,Layer_5,5
GCCTTCAGCCCTACCG-1,Layer_1,2
GCCTTGTATATGCAGT-1,Layer_1,2
GCCTTTGTCAGTGGAC-1,WM,1
GCGAAACGATCGGGAG-1,Layer_2,6
GCGAAACTTAACTGGA-1,Layer_2,6
GCGAAGAATCTGACGG-1,Layer_3,4
GCGAAGCCATACCCGT-1,Layer_1,2
GCGAATGGACTAGCGA-1,Layer_5,5
GCGACATGTAAACATC-1,Layer_1,2
GCGACCCAACCATCTG-1,Layer_5,5
GCGACGATAGTTGTAC-1,Layer_3,4
GCGACGGTAGTCTCCT-1,Layer_5,5
GCGAGAAACGGGAGTT-1,Layer_1,2
GCGAGAGGCCATGTAA-1,Layer_3,4
GCGAGAGTTGCGTCCA-1,Layer_1,2
GCGAGCGCATGCTCCC-1,Layer_1,2
GCGAGGCCCGAGCAGA-1,Layer_3,4
GCGAGTTCTGCAAAGA-1,Layer_2,6
GCGATGTCTGTGCTTG-1,Layer_2,2
GCGATTCTGGAAGCAG-1,Layer_3,4
GCGATTGTTAACGTTA-1,Layer_1,2
GCGCAAATATATTCAA-1,Layer_5,5
GCGCAAGAGCGCGCTG-1,Layer_1,2
GCGCATCCAGTCAGCA-1,Layer_1,2
GCGCCGTTCCACGATA-1,Layer_3,4
GCGCCTCCCACTCCGA-1,Layer_1,2
GCGCGATGGGTCAAGT-1,Layer_3,6
GCGCGGTCTAGTAACT-1,Layer_5,5
GCGCGTCATTGGTACA-1,Layer_3,4
GCGCTAAGTATGCATG-1,Layer_3,4
GCGCTAATTGAATAGA-1,Layer_1,2
GCGCTATGCCGAGGCA-1,Layer_3,4
GCGCTCGATCACCTGT-1,Layer_1,2
GCGCTGATCCAGACTC-1,Layer_2,4
GCGCTGCTTTGCATTT-1,Layer_1,2
GCGCTGGCGGAAAGTC-1,Layer_1,2
GCGCTTAAATAATTGG-1,Layer_3,4
GCGGACCGCGTTGTGG-1,Layer_3,4
GCGGAGAAACTTCGCA-1,Layer_4,0
GCGGAGAGGGAGAACG-1,Layer_3,4
GCGGATTACTTGTTCT-1,Layer_3,4
GCGGCAAAGTATTGCC-1,Layer_5,5
GCGGCTCTGACGTACC-1,Layer_3,4
GCGGCTTTAGCAAGTT-1,Layer_4,0
GCGGGAACCAGGCCCT-1,Layer_1,2
GCGGGCAGACGGGTGA-1,Layer_5,5
GCGGGCATTACGATGC-1,Layer_2,6
GCGGGCGAGCCTTACC-1,Layer_3,0
GCGGTAACCCAAATGA-1,Layer_1,2
GCGGTCCCGGTGAAGG-1,Layer_3,4
GCGGTCCCTAGACGCA-1,Layer_1,2
GCGGTCTTGCTTTCAC-1,Layer_4,0
GCGGTGAACTGCGCTC-1,Layer_2,6
GCGGTGCGGAGCATCG-1,Layer_2,2
GCGGTTCCCTATCATG-1,Layer_3,4
GCGTAAATGGCCATAA-1,Layer_1,2
GCGTCCAGCTCGTGGC-1,Layer_2,2
GCGTCCCTAAGACATA-1,Layer_5,5
GCGTCGAAATGTCGGT-1,Layer_1,2
GCGTCGCCAGGGTGAT-1,Layer_3,4
GCGTCGTAACATGGTC-1,Layer_5,0
GCGTCTAACCTCCTAA-1,Layer_2,6
GCGTCTCTGCATTGGG-1,Layer_3,4
GCGTGGTACTGGGTTA-1,Layer_1,2
GCGTGTATGTCGTATT-1,Layer_3,4
GCGTTATATTTGGAAC-1,Layer_3,4
GCGTTCGGAGACCGGG-1,Layer_3,4
GCGTTCTGACTAAGCG-1,Layer_3,6
GCTAAACCTGAGGTGA-1,Layer_2,2
GCTAACTGAAGTCTGA-1,Layer_3,4
GCTAAGCCCAGTATGC-1,Layer_3,4
GCTAAGTAAAGGCGAT-1,Layer_3,4
GCTAAGTAGTTTCTCT-1,Layer_1,2
GCTAATACCGAATGCC-1,Layer_1,2
GCTACAATCGAGGATA-1,Layer_3,4
GCTACAGTACGGACCG-1,Layer_4,4
GCTACGACTTATTGGG-1,Layer_3,4
GCTACTATAGTAGAGT-1,Layer_2,6
GCTAGACCGTCTACTG-1,Layer_1,2
GCTAGAGTAGAGATGT-1,Layer_3,4
GCTAGCAACGCACCTA-1,Layer_4,0
GCTAGCACCTGGGCCA-1,Layer_1,2
GCTAGCAGGGAGTGGG-1,Layer_3,4
GCTAGCGATAGGTCTT-1,Layer_6,3
GCTAGCTTGAATAGCT-1,Layer_4,4
GCTAGGCACCACGGAG-1,Layer_3,4
GCTAGTAGAGCTTGTA-1,Layer_2,6
GCTAGTTTCATTGAGG-1,Layer_1,2
GCTATAAGGGCCAGGA-1,Layer_3,4
GCTATACGTCTCGGAC-1,Layer_3,4
GCTATCATACTCATGG-1,Layer_3,4
GCTATCGCGGCGCAAC-1,Layer_1,2
GCTATGCCAGCTTATG-1,Layer_5,0
GCTCAACCTCTTAGAG-1,Layer_1,2
GCTCAATCCGTTTATT-1,Layer_4,0
GCTCAATGTAATACCG-1,Layer_4,0
GCTCATTACTGCATGT-1,Layer_3,4
GCTCATTGATCATATC-1,Layer_6,5
GCTCCATGAGTGCAGA-1,Layer_3,6
GCTCCATGCAAAGCAA-1,Layer_5,5
GCTCCCAGTCGGTCCA-1,Layer_1,2
GCTCCGCTCGCTTCAG-1,Layer_1,2
GCTCCGGACGTTGATA-1,Layer_3,4
GCTCCTGACATACTGG-1,Layer_5,5
GCTCGCGGTTCCGCTC-1,Layer_3,6
GCTCGCTCATGTCCAA-1,Layer_1,2
GCTCGGAATTTAAAGC-1,Layer_1,2
GCTCTAAACCCTGACG-1,Layer_1,2
GCTCTATGTTACGTGC-1,Layer_1,2
GCTCTCGGGTACCGAA-1,Layer_1,2
GCTCTTTCCGCTAGTG-1,Layer_4,5
GCTGAACTCTCCAGGG-1,Layer_1,2
GCTGAATCTTCCAATC-1,Layer_5,5
GCTGAGCAACGGTTCT-1,Layer_1,2
GCTGAGGCGTGAGTAT-1,Layer_3,4
GCTGCACGGTTTCTTA-1,Layer_2,6
GCTGCGAAGAATTATT-1,Layer_6,5
GCTGCGCCTCCCACGT-1,Layer_2,2
GCTGCTAAGTAGTCGA-1,Layer_3,0
GCTGCTACTGCGTAGC-1,Layer_3,4
GCTGCTCTCCGGACAC-1,Layer_1,2
GCTGGACCCAAAGTGG-1,Layer_3,4
GCTGGCAGGTGCCGTG-1,Layer_3,6
GCTGGCATATTCACCT-1,Layer_3,4
GCTGGCGGCGCATGCT-1,Layer_3,4
GCTGGGAGCGCGTCAA-1,Layer_6,3
GCTGGTGACTCGTAGT-1,Layer_3,4
GCTGGTTTAGGCCATA-1,Layer_6,3
GCTGTATTACTGGCCC-1,Layer_3,4
GCTGTCTGTGATCGAC-1,Layer_3,4
GCTGTTGCTACCGAAC-1,Layer_1,2
GCTTAATGTAACTAAC-1,Layer_2,2
GCTTACGTAGTTAGTA-1,Layer_1,2
GCTTAGGGAAGCGGTA-1,Layer_3,4
GCTTATGAAGCAGGAA-1,Layer_1,2
GCTTCAGTGGGATTAC-1,Layer_3,4
GCTTCCAGCTTAGATT-1,Layer_1,2
GCTTCCATGTAACCGC-1,Layer_3,4
GCTTCCCGTAAGCTCC-1,Layer_4,0
GCTTCCGTCCCTAGAC-1,Layer_1,2
GCTTCGACGTTCAATC-1,WM,1
GCTTGAGTGACCTCTG-1,Layer_3,4
GCTTGATGATAATCAG-1,Layer_1,2
GCTTGCAGCACAATTG-1,Layer_3,4
GCTTGGATCGATTAGG-1,Layer_1,2
GCTTTACACAACTGGG-1,Layer_3,4
GCTTTATTAAGTTACC-1,Layer_5,0
GCTTTCAGAGGAGGTG-1,Layer_1,2
GGAAACAGAGCTTGGG-1,WM,1
GGAAACCTTGTTGAAT-1,Layer_3,4
GGAAACTAAATGGGCC-1,Layer_3,4
GGAAAGGGAATTGAGC-1,Layer_5,5
GGAAAGTCTTGATTGT-1,Layer_6,5
GGAAAGTGCCCATGCC-1,Layer_2,6
GGAACCCGAACAAGAA-1,Layer_2,6
GGAACCGTGTAAATTG-1,Layer_3,4
GGAACCTTGACTCTGC-1,Layer_5,5
GGAACGGCCTGCAGCC-1,Layer_2,6
GGAACTCGTGAATACG-1,WM,5
GGAACTTTGGCGATTA-1,Layer_3,4
GGAAGCTCGCTTACAG-1,Layer_3,4
GGAAGGACACCGTATA-1,Layer_4,0
GGAATAACCTCAAGAA-1,Layer_3,4
GGAATGCGCTAGCGTG-1,Layer_1,2
GGACAACCATGAAGCC-1,Layer_3,4
GGACAAGTTGCAGTGA-1,Layer_3,4
GGACACAAGTTTACAC-1,Layer_1,2
GGACACCTCGGTGTTG-1,Layer_5,5
GGACCAACAGGATAAC-1,Layer_3,4
GGACCTACGGTAACGT-1,Layer_3,4
GGACCTCTAGGCCGCC-1,Layer_5,5
GGACGGCTTGCGCAAC-1,Layer_3,4
GGACGGGCGACCAACC-1,Layer_3,4
GGACGTCCATAGTTGG-1,Layer_3,4
GGACTAAGTCAGGAGT-1,Layer_3,4
GGACTCACAAATTAGG-1,Layer_1,2
GGACTCGAAGCTTTCA-1,Layer_3,4
GGACTCGACAGCGCAT-1,Layer_5,5
GGACTCGTGAGTGGTC-1,Layer_5,5
GGACTCTTCCGGTTGA-1,Layer_3,6
GGACTCTTTGACTAAG-1,Layer_4,0
GGAGAAGTCATTGGCA-1,Layer_1,2
GGAGACCAATGTGCTT-1,Layer_3,4
GGAGACCATCTACATA-1,Layer_5,5
GGAGACGACACCTTTG-1,Layer_3,4
GGAGCAACATTTCAAG-1,Layer_3,4
GGAGCACCAAGAACTA-1,Layer_1,2
GGAGCGAGGCCTACTT-1,Layer_4,0
GGAGGATTGAAAGGAG-1,Layer_3,4
GGAGGCCGAAGTCGTC-1,Layer_1,2
GGAGGCGAAGAACCGC-1,Layer_3,4
GGAGGGCTTGGTTGGC-1,Layer_1,2
GGAGGGTCAAGTAAGA-1,Layer_3,4
GGAGTACACATGAGCT-1,Layer_1,2
GGAGTGCCGCCCTGGA-1,Layer_1,2
GGAGTTGATTCTGTGT-1,Layer_3,4
GGATACTCATGAATTG-1,Layer_1,2
GGATCAAAGGACGAGG-1,Layer_2,4
GGATCAGAGCCATCAG-1,Layer_5,0
GGATCATCCCGTACGC-1,Layer_3,4
GGATCCCTACCAGCTA-1,Layer_1,2
GGATCCGGAATATACT-1,Layer_1,2
GGATCTACCGTTCGTC-1,WM,3
GGATCTTACTGCCCTT-1,Layer_5,5
GGATCTTGACTCAACC-1,Layer_5,0
GGATGAAGATCGCTGA-1,Layer_1,2
GGATGACGCGAGTTTA-1,Layer_3,4
GGATGCTGGCGTTCCT-1,Layer_3,4
GGATGGCTTGAAGTAT-1,Layer_3,4
GGATGTCCTTACCGCA-1,Layer_1,2
GGATTAAGCTAAGGTC-1,Layer_3,4
GGATTAATCATGGACC-1,Layer_4,0
GGATTCAGTACGGTGG-1,Layer_1,2
GGATTCCGCTATACCC-1,Layer_2,2
GGATTGAAGTAGCCTC-1,Layer_3,4
GGATTGCTGTGACTCC-1,Layer_3,4
GGATTTCACTTCTATA-1,Layer_1,2
GGCAAAGGCGCCAATA-1,Layer_4,0
GGCAAATTACTTTACT-1,Layer_3,4
GGCAAGCCAGGGATAG-1,Layer_3,4
GGCAAGCCCATAGTGG-1,Layer_5,5
GGCAAGGCGAAATAGC-1,Layer_3,4
GGCAATAGTCAATGAG-1,Layer_1,2
GGCACGCTGCTACAGT-1,Layer_3,4
GGCACTCAGCCGACCC-1,Layer_2,6
GGCACTCCACTGGGCA-1,Layer_3,4
GGCACTGCGGTGGTTT-1,Layer_3,4
GGCAGAGAGATCGGGA-1,Layer_3,4
GGCAGCAAACCTATGC-1,Layer_2,2
GGCAGCGGTAATCCTA-1,Layer_3,4
GGCATACAGGTAGCGG-1,Layer_3,4
GGCATATCGGTTCTGC-1,Layer_2,6
GGCATCAACGAGCACG-1,Layer_3,4
GGCATTCCCTCCCTCG-1,Layer_3,4
GGCATTGAACATCTCA-1,Layer_5,5
GGCCAATTGTATAGAC-1,Layer_3,0
GGCCACAAGCGATGGC-1,Layer_2,6
GGCCACACGAAAGCCT-1,Layer_3,6
GGCCCAGCTGGTTTGC-1,Layer_4,0
GGCCCAGTTATCAGCA-1,Layer_3,4
GGCCCGGAGCATGTCT-1,Layer_1,2
GGCCCGTATACCATGC-1,Layer_3,4
GGCCCTCACCCACTTA-1,Layer_3,4
GGCCGAGACTCTGGTG-1,Layer_5,5
GGCCGCAGGAACCGCA-1,Layer_3,4
GGCCGGCGTCTGCTAT-1,Layer_3,4
GGCCGTTTGGGTTTCA-1,Layer_4,0
GGCCTGCTCTGATGTT-1,Layer_5,5
GGCCTGCTTCTCCCGA-1,Layer_3,4
GGCCTTTGCAACTGGC-1,Layer_3,4
GGCGAAATCTAACTTG-1,Layer_2,2
GGCGAACCGTTCTGAT-1,Layer_3,4
GGCGAGCATCGAGGAC-1,Layer_2,2
GGCGAGCGAAACGGCA-1,Layer_5,5
GGCGCACAGTTTACCT-1,Layer_3,4
GGCGCAGGACATCTTC-1,Layer_3,4
GGCGCATGAATTGATG-1,Layer_3,4
GGCGCGGAGATCTTTC-1,Layer_3,4
GGCGCGTTCGAGTTTA-1,Layer_3,4
GGCGCTCCTCATCAAT-1,Layer_1,2
GGCGCTTCATTCCCTG-1,Layer_4,0
GGCGGAGTAATATTAG-1,Layer_2,6
GGCGGGCTCTAAGAGT-1,Layer_1,2
GGCGGTAGGATCATTG-1,Layer_1,2
GGCGGTTTGCCGGTGC-1,Layer_1,2
GGCGTACCCTATATAA-1,Layer_3,4
GGCGTAGGGAAAGCTG-1,Layer_3,4
GGCGTCCTATCCGCTG-1,Layer_3,4
GGCTAAAGGGCGGGTC-1,Layer_3,6
GGCTAATGATTGAAAT-1,Layer_3,4
GGCTACTATACACTCC-1,Layer_5,5
GGCTATTAAGTTGTAT-1,Layer_3,4
GGCTCCTCCACCTGTT-1,Layer_5,5
GGCTCGCGTTGAGGTA-1,Layer_1,2
GGCTCGTGCCACCAGC-1,Layer_1,2
GGCTCTGCTCCAACGC-1,Layer_1,2
GGCTGAAATAGCAAAG-1,Layer_3,4
GGCTGAGCATCGTAAG-1,Layer_3,4
GGCTGGCAATCCCACG-1,Layer_4,0
GGCTGGCTAGCTTAAA-1,Layer_1,2
GGCTGTCCTACTGCGG-1,Layer_6,5
GGCTTCTCGTGGGTGG-1,Layer_5,0
GGCTTGGCTCTCACCT-1,Layer_3,6
GGCTTTCAATAAGGGT-1,Layer_4,0
GGGAAAGAATGCCAAC-1,Layer_3,4
GGGAACCACCTGTTTC-1,Layer_3,2
GGGAACGGGAGGTTAG-1,Layer_3,4
GGGAACGGTTTCAGAT-1,Layer_5,5
GGGAAGACGGTCTGTC-1,Layer_3,4
GGGAAGGGCTTTCTCA-1,Layer_3,4
GGGAATGAGCCCTCAC-1,Layer_3,4
GGGAATTCTGTCCAGT-1,Layer_3,4
GGGACAGAGTTACTCC-1,Layer_5,5
GGGACCCGTATATCTT-1,Layer_4,0
GGGACTGCATAGATAG-1,Layer_1,2
GGGAGAACTCACAGTA-1,Layer_1,2
GGGAGCGACCGTAGTG-1,Layer_3,4
GGGAGGATGCCCGAAA-1,Layer_3,4
GGGAGTAATGGCTGGC-1,Layer_1,2
GGGAGTTAATGAGGCG-1,Layer_1,2
GGGATACGGTAATAAT-1,Layer_2,2
GGGATATTGATCGCCA-1,WM,1
GGGATCCCAATACAAA-1,Layer_3,4
GGGATGGACCCGCGTC-1,WM,1
GGGATGGTCGTAACCG-1,Layer_3,4
GGGATTTACCGCACCT-1,Layer_1,2
GGGCAACCGCACGTGC-1,Layer_5,5
GGGCACGAATTGGCCG-1,Layer_3,4
GGGCACGTAGTACTGT-1,Layer_5,5
GGGCACTATTGACCAT-1,WM,3
GGGCAGACGTCACTGC-1,Layer_5,0
GGGCAGAGCAATCGTT-1,Layer_3,0
GGGCAGGATTTCTGTG-1,WM,1
GGGCAGTCAACGCCAA-1,Layer_4,0
GGGCATGCATGTCGAG-1,Layer_5,5
GGGCCATTCGTGCTGG-1,WM,1
GGGCCCGTCTTAAACA-1,Layer_3,4
GGGCCCTACGAAAGGG-1,Layer_3,4
GGGCCCTTATCTATAC-1,Layer_3,4
GGGCCGGCCGAAGTAC-1,Layer_1,2
GGGCCTAAATGGGCTA-1,Layer_4,0
GGGCCTATTTAAGTAT-1,Layer_3,4
GGGCGAATTTCTCCAC-1,Layer_1,2
GGGCGATATGTGTGAA-1,Layer_1,2
GGGCGCAGCGTTACTC-1,Layer_1,2
GGGCGGCAAATGAATT-1,Layer_3,4
GGGCGGGTTCCCTACG-1,Layer_3,4
GGGCGGTCCTATTGTC-1,Layer_1,2
GGGCGTACATTTATAT-1,Layer_1,2
GGGCGTCACCACGTAA-1,Layer_3,4
GGGCGTCCACTGGCTC-1,Layer_2,4
GGGCGTGGTTTCCCAG-1,Layer_3,4
GGGCGTTTACATTCAT-1,Layer_6,3
GGGCTACTATTTCGTG-1,Layer_5,5
GGGCTATGATCGATGG-1,Layer_4,0
GGGCTCATCGAACCCA-1,Layer_1,2
GGGCTGCCTAGGGCGA-1,Layer_1,2
GGGCTGGTTAGTCGCG-1,Layer_2,6
GGGTAATGCTGTGTTT-1,Layer_1,2
GGGTACCCACGGTCCT-1,Layer_1,2
GGGTACTTCATGAACT-1,Layer_3,4
GGGTATGTATGCACTT-1,Layer_2,6
GGGTATTCTAGCAAAC-1,Layer_5,5
GGGTCACCGTGACGGT-1,Layer_3,4
GGGTCACGTGCTTATG-1,Layer_3,4
GGGTCAGGAGCTAGAT-1,Layer_5,5
GGGTCATGCGTACCAT-1,Layer_2,2
GGGTCCTTGGAAGAAG-1,WM,1
GGGTCGTGGCAAGTGT-1,Layer_2,6
GGGTCTATCGCTTTCC-1,Layer_3,4
GGGTGACACCTTAACT-1,Layer_3,4
GGGTGCATATGAAAGC-1,Layer_2,2
GGGTGGTCCAGCCTGT-1,Layer_3,4
GGGTGTTTCAGCTATG-1,Layer_1,2
GGGTTAACATTTGAGT-1,Layer_3,4
GGGTTCAGACGAACAA-1,Layer_1,2
GGGTTTAGGATAGGAT-1,Layer_1,2
GGTAAACTCTGCGCTG-1,Layer_3,4
GGTAAATGTGCGTTAC-1,Layer_3,4
GGTAACCGGGAGGATA-1,Layer_5,5
GGTAACTATGTATCTG-1,Layer_1,2
GGTACAAACATGCTAT-1,Layer_3,4
GGTACACCAGATTTAT-1,Layer_3,4
GGTACATCTGGGACGA-1,Layer_3,4
GGTACCATTAAGACGG-1,Layer_1,2
GGTACGTTGCGGCCGG-1,Layer_3,4
GGTACTAAGTGCTTTG-1,Layer_1,2
GGTAGAAGACCGCCTG-1,Layer_3,4
GGTAGACCGTTGGGCG-1,Layer_3,4
GGTAGGCCAATATCAC-1,Layer_6,5
GGTAGTGCTCGCACCA-1,Layer_1,2
GGTATAGTGACACATA-1,Layer_1,2
GGTATGAAAGAACTGA-1,Layer_3,4
GGTATTGCCGAGTTTA-1,Layer_2,6
GGTCAAGACTACTTCG-1,Layer_2,6
GGTCACGTTAGATTCA-1,Layer_2,2
GGTCAGTGGGTCCCAC-1,Layer_3,4
GGTCATTGTAGTCATA-1,Layer_3,4
GGTCCACGTCTATTTG-1,WM,1
GGTCCCATAACATAGA-1,Layer_3,4
GGTCCTTCATACGACT-1,Layer_1,2
GGTCGGATAAACGGCG-1,Layer_2,6
GGTCGGCCAGGAGCTT-1,Layer_1,2
GGTCGGTAATTAGACA-1,Layer_1,2
GGTCGGTCGTCCACAG-1,Layer_4,0
GGTCGTAAGCTCGCAC-1,Layer_4,0
GGTCTCCAAGTAGTGC-1,Layer_1,2
GGTCTCCGTCCAGGTT-1,Layer_3,4
GGTCTCTGAATGGACT-1,Layer_4,0
GGTCTGAGAATCTGGA-1,Layer_1,2
GGTCTTGAGCGCTCTT-1,Layer_4,0
GGTGAAACCGGGAATG-1,Layer_2,6
GGTGAACGGGCTAGCC-1,Layer_1,2
GGTGAAGTACAGGGAT-1,Layer_3,4
GGTGACTGATAGAGAG-1,Layer_3,4
GGTGAGATGCAGATAA-1,Layer_1,2
GGTGATAAGGAGCAGT-1,Layer_1,2
GGTGATGAAGGAAGTG-1,Layer_3,4
GGTGATTTCATCTTGT-1,Layer_1,2
GGTGCAGAGCCTATCG-1,Layer_3,4
GGTGCATAAATGATTA-1,Layer_5,5
GGTGCGGATAAGTGGC-1,Layer_1,2
GGTGCTGATCACAAAG-1,Layer_3,6
GGTGCTGGTACACATT-1,Layer_3,4
GGTGGACCACGTGTTA-1,Layer_3,4
GGTGGACTGCTCTGGC-1,Layer_3,4
GGTGGAGGTTGATACG-1,Layer_1,2
GGTGGGATTAGGTCCC-1,WM,3
GGTGTAAATCGATTGT-1,Layer_5,5
GGTGTAGGTAAGTAAA-1,Layer_5,5
GGTGTTCTGTTTCTAC-1,Layer_3,4
GGTGTTGGGCGTCTTA-1,Layer_1,2
GGTTACCACCCTCGGG-1,Layer_3,4
GGTTACCCGACACTTT-1,Layer_2,2
GGTTACCGCTCCCTAC-1,Layer_6,5
GGTTAGCTATATGTCT-1,Layer_2,6
GGTTAGGCTTGGAGAA-1,Layer_2,6
GGTTAGGGATGCTAAT-1,WM,1
GGTTAGTTACGGCGCC-1,Layer_3,6
GGTTCCACCCGCTTCT-1,Layer_3,4
GGTTCCGTACGACTAA-1,WM,5
GGTTCGCATTTGCCGT-1,Layer_3,4
GGTTCGGATTATACTA-1,Layer_4,4
GGTTCTACTCGTCTGA-1,Layer_1,2
GGTTGTATCGTGAAAT-1,Layer_3,4
GGTTGTGCTCTTGTCC-1,Layer_3,6
GGTTGTGTAGCCTGGC-1,Layer_3,4
GGTTTAATTACCATCG-1,Layer_5,5
GGTTTAATTGAGCAGG-1,Layer_3,4
GGTTTACAATCTCAAT-1,Layer_1,2
GGTTTAGCCTTTCTTG-1,Layer_1,2
GGTTTCAATCGGTCAG-1,Layer_1,2
GGTTTGACAAGAAGCT-1,Layer_3,4
GGTTTGAGTGCTGGAA-1,Layer_1,2
GGTTTGCGAACACGTA-1,Layer_3,4
GGTTTGTGACCTGAGG-1,Layer_3,4
GTAACAACTGACCTTG-1,Layer_3,4
GTAACAGGTTAACGGC-1,Layer_6,5
GTAACATCTAAGATAA-1,Layer_2,6
GTAACTACGTAGACCT-1,WM,1
GTAACTGCCCAAGGAG-1,Layer_5,5
GTAACTTGCGGCAGTC-1,Layer_1,2
GTAAGCGGGCAGTCAG-1,Layer_1,2
GTAAGGATTTGTCGGA-1,Layer_3,6
GTAAGTAACAGTCTGG-1,Layer_2,2
GTAAGTAGGGTATACC-1,Layer_2,2
GTAAGTCCACACTCTA-1,Layer_1,2
GTAATAAAGGGCTCCC-1,Layer_1,2
GTAATCTGATTCTTCG-1,Layer_3,4
GTACACTTACCTGAAG-1,Layer_2,6
GTACAGAGGCAAGGGT-1,Layer_1,2
GTACGACGGCGCTGCG-1,Layer_1,2
GTACGAGATTGCGACA-1,Layer_1,2
GTACGCTTCATTGCAC-1,Layer_3,4
GTACGTCACGTATTAA-1,Layer_3,4
GTACGTTTGCCCGTCA-1,Layer_3,4
GTACTAAGATTTGGAG-1,Layer_1,2
GTACTACGGCCTCGTT-1,Layer_4,0
GTACTCCCTTATCGCT-1,Layer_3,4
GTACTCCTGGGTATGC-1,Layer_2,2
GTACTGAGGTCGTAAC-1,Layer_1,2
GTACTGCATGAAGCGT-1,Layer_1,2
GTACTGGAGTTAGACC-1,Layer_1,2
GTACTTGGGCACTTCT-1,Layer_1,2
GTAGAAACGGGTGGAG-1,Layer_2,6
GTAGACAACCGATGAA-1,Layer_2,4
GTAGACACGCCTGACT-1,Layer_4,0
GTAGACGTCGTTACAT-1,Layer_1,2
GTAGAGGGAGACAAGT-1,Layer_4,0
GTAGCCAAACATGGGA-1,Layer_3,4
GTAGCGCTGTTGTAGT-1,Layer_2,6
GTAGCGGCTATACACT-1,Layer_2,6
GTAGCTAGTAAGCGCG-1,Layer_3,4
GTAGCTCCGGGAGGCT-1,Layer_5,5
GTAGCTTCCTCTTGTT-1,Layer_1,2
GTAGGTGATCCGTGTA-1,Layer_2,6
GTAGTCGCGGGAATCA-1,Layer_3,4
GTAGTCTACGATATTG-1,Layer_3,4
GTAGTGAGCAACCTCA-1,Layer_3,4
GTAGTTCGAAGGCGAA-1,Layer_5,5
GTAGTTTAAGCACACG-1,WM,1
GTATAATCTCCCGGAT-1,Layer_1,2
GTATAGGACTCAGTAG-1,Layer_1,2
GTATAGTGGCCCATGT-1,Layer_3,4
GTATATGTTACGGCGG-1,Layer_1,2
GTATCAAACGTTAGCT-1,Layer_3,4
GTATCAAGGTACTTCC-1,Layer_5,5
GTATCAGCTTGGGTTC-1,Layer_1,2
GTATCCTTTGGTAACC-1,Layer_3,4
GTATCGGGACGAGCTG-1,Layer_1,2
GTATCTCAGTCTTGAC-1,Layer_5,5
GTATCTCCCTAACTGT-1,Layer_3,4
GTATCTCGGGCGCTTT-1,WM,1
GTATCTTGTTGCTCAC-1,Layer_3,6
GTATCTTTCATAACCA-1,Layer_3,4
GTATGAAATTTCACTC-1,Layer_5,0
GTATGACGTGGGAAAC-1,Layer_1,2
GTATGTGGGTCTAGTT-1,Layer_1,2
GTATTAAGGCGTCTAA-1,Layer_1,2
GTATTAGGGTTCGCGT-1,Layer_3,4
GTATTCTGAGAAACGA-1,Layer_3,4
GTATTCTTACCGTGCT-1,Layer_1,2
GTATTTAATGGCATAA-1,Layer_1,2
GTCAAAGAAGTGGTGT-1,Layer_5,5
GTCAAAGTTTACATAG-1,Layer_1,2
GTCAACCAGGCCTATA-1,Layer_3,4
GTCAAGCGGACTCGGG-1,Layer_2,2
GTCAATGCTATAATTT-1,Layer_3,4
GTCAATTGTACTGAAG-1,Layer_2,6
GTCACAAAGTTTCCAA-1,Layer_2,6
GTCACCTGTCTATGTC-1,Layer_3,4
GTCACTCTCCAAATCT-1,Layer_2,2
GTCAGAATAGTCTATG-1,Layer_3,6
GTCAGACAGCGTTGGA-1,Layer_1,2
GTCAGTTGTGCTCGTT-1,Layer_3,4
GTCAGTTTGGTAGTCG-1,Layer_3,4
GTCATCCCAAACTCAC-1,WM,1
GTCATCTCCTACAGCT-1,Layer_1,2
GTCATGCACCTCCGTT-1,Layer_1,2
GTCATGCGCGAGGGCT-1,Layer_3,4
GTCATGGACATGACTA-1,Layer_1,2
GTCATTAGAGCGAACG-1,Layer_2,6
GTCATTGCATTGACCC-1,Layer_3,4
GTCCAATATTTAGCCT-1,Layer_5,5
GTCCACGTCGCATTCG-1,Layer_3,4
GTCCAGGCACGTGTGC-1,Layer_6,5
GTCCATTACTGCTACG-1,Layer_1,2
GTCCCAACGTAAAGTA-1,Layer_1,2
GTCCCAATCATCCCGC-1,Layer_5,4
GTCCCGCGACGTTATG-1,Layer_3,4
GTCCGAGAGCAATCAT-1,Layer_3,4
GTCCGGACCTGAAATT-1,Layer_3,4
GTCCGGCTGAATTGCG-1,Layer_1,2
GTCCGGGTTCACATTA-1,Layer_4,0
GTCCGTTAGAGGGCCT-1,Layer_5,0
GTCCTACAGGCGGCTC-1,Layer_1,2
GTCCTACGAATAGTCT-1,Layer_3,4
GTCCTACTCTACGGGC-1,Layer_6,5
GTCCTAGGATACCTTA-1,WM,1
GTCCTATTGTTGTGGT-1,Layer_3,4
GTCCTTCTACAACCCA-1,Layer_2,6
GTCCTTCTAGTGGGTT-1,Layer_3,4
GTCCTTTAATGACTTC-1,Layer_3,4
GTCGAATTTGGGCGCT-1,WM,1
GTCGATAGGTGACTTT-1,Layer_1,2
GTCGCCGTTGTGTGTT-1,Layer_4,0
GTCGCGTAACCCGTTG-1,Layer_2,2
GTCGGAAGGATACCAG-1,Layer_3,4
GTCGGATATCTCAGAC-1,Layer_3,4
GTCGGATGTAGCGCGC-1,Layer_2,6
GTCGGGAACATGGTAG-1,Layer_4,4
GTCGGGAAGCAGAAAC-1,Layer_3,0
GTCGGGTGAAGTACCG-1,Layer_3,4
GTCGTACCATCTCGGG-1,Layer_3,4
GTCGTACCTACGATTG-1,Layer_3,4
GTCGTATTGGCGTACA-1,Layer_2,6
GTCGTCAATTATAAGG-1,Layer_1,2
GTCGTCTGGTTGGCTA-1,Layer_2,6
GTCGTGTCTGGTCATC-1,Layer_2,6
GTCGTTATTCGCTTAT-1,Layer_3,4
GTCTACTCAATTACAA-1,Layer_3,4
GTCTAGTGAGCCGCTT-1,Layer_3,4
GTCTATACACGCATGG-1,Layer_6,5
GTCTATCTGAGTTTCT-1,Layer_3,4
GTCTATTGCATGCTCG-1,Layer_3,4
GTCTATTGGTTCCGGT-1,Layer_3,6
GTCTCAAGGCCCGGCT-1,Layer_3,0
GTCTCCCGAGTCCCGT-1,Layer_3,4
GTCTCCGCCTCAATAC-1,Layer_5,5
GTCTCCTGCCAGTATG-1,Layer_6,3
GTCTCGACTAAGTTTG-1,Layer_2,6
GTCTCGATCTGCTTTC-1,Layer_1,2
GTCTCGCCAACACGCC-1,Layer_3,6
GTCTGCCGACTCGACG-1,Layer_4,0
GTCTGGGCGGTCGAGA-1,Layer_3,4
GTCTGTAGGTTGAACA-1,Layer_6,3
GTCTTACCACGCCAAG-1,Layer_3,4
GTCTTAGTACAGCCGG-1,Layer_3,4
GTCTTCCTCACCTAAG-1,Layer_3,4
GTCTTGAGGAGCAGTG-1,Layer_1,2
GTCTTGTAGCTATTCA-1,Layer_1,2
GTGAAACGGCGCCACC-1,Layer_1,2
GTGAAACGTGCTCCAC-1,Layer_1,2
GTGAACTCCCATTCGA-1,Layer_1,2
GTGAAGATTTCAAGTG-1,Layer_3,6
GTGAAGCCGTATAGTC-1,Layer_3,4
GTGAAGTCACGACTCG-1,Layer_5,0
GTGACAGCTTCCCACT-1,Layer_3,0
GTGACCGCACACTACG-1,Layer_1,2
GTGACCTAAAGAATAA-1,Layer_2,6
GTGACGAGGGTGACCC-1,Layer_2,2
GTGACGCAGGTTTCAT-1,Layer_4,0
GTGACTTCAGTAGTGC-1,Layer_3,4
GTGAGATAACCTTATA-1,Layer_6,5
GTGAGCGTGCTGCACT-1,Layer_3,4
GTGAGGACACTTAAGG-1,Layer_2,6
GTGAGGAGCGGTTGAG-1,Layer_3,4
GTGAGTCGACTAATAG-1,Layer_3,4
GTGAGTCTAAGACGGA-1,Layer_3,6
GTGAGTGGTACAACGC-1,Layer_3,4
GTGATCAAGCGTGCAC-1,Layer_6,5
GTGATCACTAACGCCT-1,Layer_1,2
GTGATCATAGATCTGC-1,Layer_3,4
GTGATCCTTGTCATGA-1,Layer_3,4
GTGATGCACAACATCT-1,Layer_3,4
GTGATTCGCCGCTCAA-1,Layer_3,4
GTGCAACAAATGTGGC-1,Layer_1,2
GTGCACCAGCTTCAAC-1,Layer_5,5
GTGCACGAAAGTGACT-1,Layer_1,2
GTGCAGCGTAGAGTAG-1,Layer_1,2
GTGCCAAACGTTTCGA-1,WM,1
GTGCCATCACACGGTG-1,Layer_3,4
GTGCCCGTTCGGATTC-1,Layer_1,2
GTGCCGCTTCAAAGGT-1,Layer_3,4
GTGCCTAGCTATGCTT-1,Layer_1,2
GTGCCTCAGTGTACGG-1,Layer_3,4
GTGCCTGAGACCAAAC-1,Layer_3,4
GTGCGAAATCGAACAC-1,Layer_3,4
GTGCGACAGGGAGTGT-1,Layer_1,2
GTGCGCAGCTTGCTCC-1,Layer_2,2
GTGCGCTTACAAATGA-1,Layer_3,6
GTGCGGGACCATCGGC-1,Layer_2,2
GTGCGGGTCTCCAAAT-1,Layer_1,2
GTGCGTGTATATGAGC-1,Layer_2,2
GTGCTATCCAGCTGGA-1,Layer_5,5
GTGCTCAAGTACTGTC-1,Layer_2,4
GTGCTGCAGATAAGGA-1,Layer_3,4
GTGCTGTTAGAACATA-1,Layer_5,0
GTGCTTACATCAGCGC-1,Layer_1,2
GTGGAACCTACATGCG-1,Layer_2,6
GTGGACCAACCCGATT-1,Layer_3,4
GTGGACGCATTTGTCC-1,Layer_3,4
GTGGACGTGCTGAGAC-1,Layer_1,2
GTGGAGCATGTCGGCC-1,Layer_1,2
GTGGAGCGTTTACCGA-1,Layer_6,5
GTGGAGTCGGCGGTTG-1,Layer_4,0
GTGGCAAACAGCGGCA-1,Layer_5,0
GTGGCCGGTTTCTCGG-1,WM,1
GTGGCCTAATATCATT-1,Layer_3,4
GTGGCGGGCCGTAGCT-1,Layer_3,4
GTGGCGGTCCCAGCGT-1,Layer_3,4
GTGGCGTGCACCAGAG-1,Layer_3,4
GTGGCTGTTTCTGTTC-1,Layer_3,4
GTGGGAACAAACCGGG-1,Layer_6,5
GTGGGAAGACTGAATC-1,Layer_4,0
GTGGGCTTAGACACAC-1,Layer_2,6
GTGGGTACTGAGCGTA-1,Layer_5,5
GTGGTATAGTCTGCCG-1,Layer_4,0
GTGGTCAGCGAAGTAT-1,Layer_3,4
GTGGTGATGGTTTGTG-1,Layer_2,2
GTGGTGGCCAAGTGAA-1,Layer_3,4
GTGGTTACTTCTTTCG-1,Layer_1,2
GTGGTTTCCGCCTTTC-1,Layer_3,4
GTGTACCTTGGCTACG-1,Layer_1,2
GTGTACGAACCGTTCC-1,Layer_1,2
GTGTATATCAGCGGGC-1,Layer_3,4
GTGTATGACTTTAAAG-1,Layer_2,6
GTGTCAGTGTACGTGG-1,Layer_5,5
GTGTCCGATAAGGCAT-1,Layer_3,4
GTGTCGTATAGCGTTC-1,Layer_3,4
GTGTCGTATTCACCTT-1,Layer_3,4
GTGTGAATAACTTAGG-1,Layer_1,2
GTGTGAGCCGAGGTGC-1,Layer_3,2
GTGTGTCGACGTCGCT-1,Layer_1,2
GTGTTACTATGCGTCC-1,Layer_2,6
GTTAAAGTAGGACTGG-1,Layer_3,4
GTTAACATCACTTAAA-1,Layer_3,4
GTTAACTATGTTGTCA-1,Layer_1,2
GTTAAGGGTGCGATGT-1,Layer_3,4
GTTAAGTTAGAGTGGG-1,Layer_1,2
GTTAATAGCGTCATTA-1,Layer_3,4
GTTAATGTCTATCTTA-1,Layer_3,4
GTTACAATTGGTGACG-1,Layer_3,4
GTTACCAAGGCGTACG-1,Layer_3,4
GTTACCTACAACTTGC-1,Layer_3,4
GTTACGAAATCCACGC-1,Layer_2,2
GTTACGGCCCGACTGC-1,Layer_2,6
GTTACTTTGGGCCTAG-1,Layer_3,4
GTTAGAGTGTGCCGCT-1,Layer_3,4
GTTAGCCCATGACATC-1,Layer_4,0
GTTAGCCGTAAATCAA-1,Layer_2,2
GTTAGGCTACCCGTTT-1,Layer_5,5
GTTATAATACGGTGAA-1,Layer_2,2
GTTATATCAGGAGCCA-1,Layer_3,4
GTTATATTATCTCCCT-1,Layer_3,4
GTTATCAAGCTATCGA-1,Layer_3,4
GTTATCACCTTCTGAA-1,Layer_3,4
GTTATTAAATACGACC-1,Layer_3,4
GTTATTAACGTGGGAG-1,Layer_2,2
GTTCAAATCAGATGTC-1,Layer_3,6
GTTCAATCTATGTCAA-1,Layer_3,4
GTTCACAGGAGTCTAG-1,Layer_3,4
GTTCAGTCGCCAAATG-1,Layer_5,5
GTTCATCGTTTGGCTG-1,Layer_1,2
GTTCCAAGACAGCGAC-1,Layer_1,2
GTTCCAGTCTGACCAT-1,Layer_1,2
GTTCCCGTAAACATAT-1,Layer_3,4
GTTCCGTCCGCCTGCA-1,Layer_6,5
GTTCGACAATTGTATA-1,Layer_6,3
GTTCGCCATAAGTGCC-1,Layer_3,4
GTTCGCTGAGACGTCT-1,Layer_2,2
GTTCGGAGCACTCAAC-1,Layer_3,4
GTTCGGATCGGGAACA-1,Layer_1,2
GTTCGGGCGTACCATT-1,Layer_1,2
GTTCGTCTAAAGAACT-1,Layer_3,4
GTTCGTCTGGGTCCCT-1,Layer_3,4
GTTCGTTGCGGACCAG-1,Layer_3,2
GTTCTTCCCTCGATGT-1,Layer_1,2
GTTCTTGTAACTCAAT-1,Layer_5,5
GTTGAACCGGTTCCAT-1,Layer_3,4
GTTGAGTCCCGCCGGT-1,Layer_3,4
GTTGCACGGAGTTTCG-1,Layer_1,2
GTTGCAGTCGACAACA-1,Layer_3,4
GTTGCCCTAACGGGTG-1,WM,1
GTTGCGCTAACATTAC-1,Layer_1,2
GTTGCGGACGGTCAGG-1,Layer_1,2
GTTGGACCGCATCAGG-1,Layer_3,4
GTTGGATTCAGTGGCT-1,Layer_3,4
GTTGGATTGAGAACAC-1,Layer_1,2
GTTGGATTTGCGTTGG-1,Layer_3,4
GTTGGTCATGCTATCC-1,Layer_3,4
GTTGTAGATTTATGAG-1,Layer_5,5
GTTGTCGTGTTAGTTG-1,Layer_1,2
GTTGTTACATTGCGCT-1,Layer_3,4
GTTGTTGCAAGATGGC-1,Layer_3,4
GTTTACGTTCCATCTG-1,Layer_3,4
GTTTATGGGATTTAGA-1,Layer_2,6
GTTTCAAACGAGTTGT-1,Layer_3,4
GTTTCATATCGTCGCT-1,Layer_3,4
GTTTCCTGGAGGGTGA-1,Layer_1,2
GTTTCTAGAGGCGCGG-1,Layer_3,4
GTTTCTGCAGTCTCCC-1,Layer_2,6
GTTTGACCAAATCCTA-1,Layer_1,2
GTTTGAGCGGTTATGT-1,Layer_3,6
GTTTGGCCCAAGTTAT-1,Layer_2,6
GTTTGGCCGCTCAGCG-1,Layer_1,2
GTTTGGGCTTGTGAGC-1,Layer_3,4
GTTTGGGTTTCGCCCG-1,Layer_3,4
GTTTGGTAGGGTCAAC-1,Layer_3,4
GTTTGGTGATCGGTGC-1,Layer_5,5
GTTTGTTAGCCAAGTA-1,Layer_6,5
TAAACCCAGGAGGGCA-1,Layer_4,0
TAAACGTCGTCAATGA-1,Layer_1,2
TAAAGACAACCCTTTA-1,Layer_1,2
TAAAGAGCCCGAAACC-1,Layer_1,2
TAAAGCGGTATTTCCA-1,Layer_5,5
TAAAGCGTTAGGAGAA-1,Layer_1,2
TAAAGCTGCAATAGGG-1,Layer_3,4
TAAAGGAGAAACTAGT-1,Layer_3,6
TAAAGTGCACGTCTCG-1,Layer_6,5
TAAATCTTTACACCTC-1,Layer_3,4
TAAATGAATCCGTTTC-1,Layer_2,2
TAAATGCCGTCTCATG-1,Layer_3,4
TAAATGGGCTACTGAG-1,Layer_3,4
TAAATTGTGGGTAAAG-1,Layer_5,5
TAAATTTAGTAACACC-1,Layer_6,5
TAACAAAGGGAGAAGC-1,Layer_1,2
TAACAATATTTGTTGC-1,Layer_3,4
TAACAGCGTTTGTGCT-1,Layer_5,5
TAACAGGTTCCCTTAG-1,Layer_5,5
TAACATACAATGTGGG-1,Layer_2,6
TAACATACACGCGATC-1,Layer_5,5
TAACCGCCCGCAGTGC-1,Layer_2,6
TAACCTACCGTCCGAG-1,Layer_1,2
TAACCTAGGGAGTCCA-1,Layer_3,4
TAACGCTTTGAGAGCG-1,Layer_2,6
TAACTATCGAAGGTCC-1,Layer_1,2
TAACTATTACGCCAAA-1,Layer_2,2
TAACTCATCCGCGCGG-1,Layer_3,4
TAACTCCATGGAGGCT-1,Layer_1,2
TAAGAGGGACAGGGAC-1,Layer_6,3
TAAGATTTAGCGGGAG-1,Layer_2,2
TAAGCAGGCGACACGC-1,Layer_3,4
TAAGCCCTTACGACCA-1,Layer_3,4
TAAGCGCGAATCAAAT-1,Layer_6,3
TAAGGAACTTGTGGGA-1,Layer_1,2
TAAGGCAACATAAGAT-1,Layer_1,2
TAAGGCATAACATCAA-1,Layer_4,0
TAAGGCCCGTCACCCT-1,Layer_3,0
TAAGGCTGAATCCCTC-1,Layer_1,2
TAAGGGCCTGTCCGAT-1,Layer_3,4
TAAGGGCTGGGAGAGG-1,Layer_3,4
TAAGTAAATGTGCCGC-1,Layer_3,4
TAAGTAACATCTTGAC-1,Layer_3,4
TAAGTCGCCGAGTATC-1,Layer_4,0
TAAGTCGGTGAGCTAG-1,Layer_3,4
TAAGTGAATAGTCTAC-1,WM,1
TAAGTTGCGACGTAGG-1,Layer_3,4
TAATAAACAAGGAGAT-1,Layer_3,4
TAATACACAGTAGTAT-1,Layer_1,2
TAATACTAGAACAGAC-1,Layer_4,0
TAATAGAACAGAGTTA-1,Layer_4,4
TAATAGCTAAATGATG-1,Layer_3,4
TAATAGGTCACCAGAA-1,Layer_6,5
TAATAGTGACGACCAG-1,Layer_1,2
TAATATTGAAATTCGC-1,Layer_1,2
TAATCAACCAAATGGG-1,Layer_1,2
TAATCAGGAATGCTGC-1,Layer_3,6
TAATCGATCCGTACGT-1,Layer_1,2
TAATGAAAGACCCTTG-1,Layer_2,6
TAATGTCGGTTCATGG-1,WM,1
TAATTACGTCAGTAGA-1,Layer_3,4
TAATTAGATGGATATG-1,Layer_1,2
TAATTAGGACATCCGT-1,Layer_1,2
TAATTCCAATGCTTCA-1,Layer_3,4
TAATTGGAATCGGGAA-1,Layer_3,4
TAATTTCCGTCCAGTA-1,Layer_4,4
TACAAATTGCGGAGGT-1,Layer_3,4
TACAACAGCGCATACA-1,Layer_3,4
TACAACGCACAACTCA-1,Layer_3,4
TACAAGCTGTTCACTG-1,Layer_3,4
TACAAGGGCTTCTTTA-1,Layer_3,4
TACAAGTCTCGTGCAT-1,Layer_3,4
TACAATGAAACCAGCA-1,Layer_3,6
TACACAGCCGTGGTGC-1,Layer_5,0
TACACCGTCGTTAGTC-1,Layer_3,4
TACACCTCTTCGAATC-1,Layer_4,0
TACAGAAACGGTGGGC-1,Layer_3,4
TACATAGGCATACACC-1,Layer_3,4
TACATCCCTATCCCTG-1,Layer_4,0
TACATCTTGTTTCTTG-1,Layer_1,2
TACATGACCTTATCCG-1,Layer_3,6
TACATGCCGGAATTGT-1,Layer_2,2
TACATTTCTAACGTGC-1,Layer_3,4
TACCAAATAGCCCAGA-1,Layer_3,0
TACCAATAAAGTACCA-1,Layer_3,4
TACCAGAAGTAGGTTC-1,Layer_3,4
TACCAGCTAGGTTTAA-1,Layer_2,6
TACCAGGAATCCCGTC-1,Layer_6,5
TACCATGTATTGATTT-1,Layer_1,2
TACCCTCGGTAACCCT-1,Layer_3,4
TACCGAATAATTGTAA-1,Layer_3,4
TACCGCGGACTTGCAG-1,Layer_1,2
TACCGGCTCACTGCCC-1,Layer_3,4
TACCGGTCGTTTCCAT-1,Layer_3,4
TACCGTAGGTTAACTA-1,Layer_4,0
TACCGTGCCTCGGACC-1,Layer_3,4
TACCTACTCCCAGTAT-1,Layer_3,0
TACCTATCCCTAGAGG-1,Layer_4,4
TACCTCACGCTTGTAC-1,Layer_1,2
TACCTCAGTTGTCTGT-1,Layer_4,0
TACCTCCACACCAATG-1,Layer_6,5
TACCTCTTTACCATCC-1,Layer_3,4
TACCTGCTGCACTGTG-1,Layer_3,6
TACCTTAAGATTTCCC-1,Layer_4,0
TACGAACACGACTTCA-1,Layer_2,6
TACGACGCTTGCTGCG-1,Layer_3,4
TACGACTGCCTCTTAG-1,Layer_3,4
TACGAGAACTTCACGT-1,Layer_3,4
TACGATCCAAGCCACT-1,Layer_3,4
TACGATGTTGATCATC-1,Layer_3,4
TACGCAGTTCTTTCCT-1,Layer_3,4
TACGCCATATTCTAAT-1,Layer_3,4
TACGCCGAGGGTACCC-1,Layer_4,0
TACGCCGCCTCAGAAG-1,Layer_1,2
TACGCCTCCATTCCGA-1,Layer_3,4
TACGCTATAGAAACCT-1,Layer_1,2
TACGCTCCTAGAACTG-1,Layer_6,5
TACGCTCGGTATTGGA-1,Layer_3,4
TACGCTGATAGTTGTA-1,WM,1
TACGCTGCACGGTCGT-1,Layer_3,4
TACGCTGCTGTGTTAA-1,Layer_6,3
TACGGAAGCCAAACCA-1,Layer_4,0
TACGGCATGGACGCTA-1,Layer_3,4
TACGGGATGCTAGCAG-1,Layer_1,2
TACGGGTAATAACATA-1,Layer_4,0
TACGTAAAGCGGAGTG-1,Layer_3,4
TACGTACTAGTGCTGA-1,Layer_5,5
TACGTGCAAGGTTCCT-1,Layer_2,2
TACGTGCACTATGCTG-1,Layer_1,2
TACGTGGGCCCAGGGC-1,Layer_4,0
TACGTTTACCGGCAAT-1,Layer_3,4
TACTACGTGCAATGCG-1,Layer_4,0
TACTATGGTTCCTCAG-1,Layer_4,0
TACTCATTGACGCATC-1,Layer_3,4
TACTCCTCTAGTTGAC-1,Layer_5,5
TACTCGGCACGCCGGG-1,Layer_3,4
TACTCGTTTGAATCAA-1,Layer_4,0
TACTCTCCGAACAAAT-1,Layer_1,2
TACTCTTACTTTACTG-1,Layer_3,4
TACTCTTTCGTCTTCA-1,Layer_4,0
TACTGAACAGATTTAG-1,Layer_4,0
TACTGAGGGAAGAAAG-1,WM,3
TACTGCAATCAATTAC-1,Layer_2,6
TACTGCATGATTAAAT-1,Layer_6,5
TACTGGACAGCTCGGC-1,Layer_3,4
TACTGTTTCTCTGGTA-1,Layer_1,2
TACTTAAACATGTACA-1,Layer_3,4
TACTTGTTAGTAGTCC-1,Layer_1,2
TACTTTACTGAGCCGG-1,Layer_1,2
TACTTTCCGCACGCCA-1,Layer_4,0
TAGAAACACAATAGTG-1,Layer_1,2
TAGAAACCACTAAGTA-1,Layer_3,4
TAGAAAGGTGGCGCTA-1,Layer_1,2
TAGAAATTCACGTATA-1,Layer_3,4
TAGAAGAAGGGTTACA-1,Layer_3,4
TAGAATAGCCGATGAA-1,Layer_3,4
TAGAATTAAGGGCAAC-1,Layer_3,4
TAGACGAAACGCCAAT-1,Layer_3,0
TAGACGCCCGTACCGG-1,Layer_1,2
TAGACTACCTAGCGTT-1,Layer_1,2
TAGACTCAGTTGGCCT-1,WM,1
TAGAGATCATGCAACT-1,Layer_3,4
TAGAGCTACGAAGAAC-1,Layer_1,2
TAGAGGGAGTTTATCT-1,Layer_5,5
TAGAGGTTCTACTTGT-1,Layer_3,4
TAGAGTCTAAGCGAAC-1,Layer_1,2
TAGAGTGTTCCGGGTA-1,Layer_3,4
TAGATATGGACTGGAA-1,Layer_3,4
TAGATCCGAAGTCGCA-1,Layer_3,4
TAGATGGTTCCTTACT-1,Layer_3,4
TAGATTCAAAGTGCGG-1,Layer_6,5
TAGATTCCTGGTTATT-1,Layer_3,4
TAGATTCTCTAGCAAA-1,Layer_3,4
TAGCAACCTGTCACAA-1,Layer_1,2
TAGCAGATACTTAGGG-1,Layer_4,0
TAGCAGTATGACTAAA-1,Layer_3,4
TAGCCAGAGGGTCCGG-1,Layer_1,2
TAGCCATTTCAAAGTC-1,Layer_1,2
TAGCCGGCGGTCAGCG-1,Layer_1,2
TAGCGTCCCTCGATTG-1,Layer_1,2
TAGCGTCCGGTGTGGT-1,Layer_3,4
TAGCGTCGAATATTGA-1,Layer_3,4
TAGCGTTGGGTCTTAC-1,Layer_2,6
TAGCTAAGTCCGGGAG-1,Layer_1,2
TAGCTAGAAGGCATGA-1,Layer_3,4
TAGCTAGTGATGATGG-1,Layer_4,0
TAGCTCACTGTGTTTG-1,Layer_3,4
TAGCTCAGATCCTAGT-1,Layer_3,4
TAGCTCGCCTGATAAC-1,Layer_3,4
TAGCTGATGTGAAGCG-1,Layer_4,4
TAGGAACAGCCTCCAG-1,Layer_3,4
TAGGAGGCTCGAGAAC-1,Layer_3,4
TAGGATCTTAACCGCA-1,Layer_5,5
TAGGCATGTTACGCCA-1,Layer_1,2
TAGGCCTATATAGTCT-1,Layer_3,4
TAGGCGATGAGGTCTC-1,Layer_5,5
TAGGCGGCTGCAAAGA-1,WM,1
TAGGCTAAAGTGGCAC-1,Layer_3,4
TAGGGAGCTTGGGATG-1,Layer_1,2
TAGGGTGTTTCAAGAG-1,Layer_1,2
TAGGTCCAAGTAAGGA-1,Layer_3,4
TAGGTCGCCGGAACTG-1,Layer_1,2
TAGGTGACGATAACCT-1,Layer_3,4
TAGGTGAGCCCTACTC-1,Layer_2,6
TAGGTGCTCGCCTAGC-1,Layer_1,2
TAGGTGTTCCACAGAT-1,Layer_4,0
TAGGTTCGAGTTCGTC-1,Layer_2,2
TAGGTTCTGCTGAGAA-1,Layer_5,5
TAGTACCACAACTTTC-1,Layer_6,3
TAGTACCTTAGTGGTC-1,Layer_2,2
TAGTAGCTTATACCAG-1,Layer_5,5
TAGTAGTTGCCGGACA-1,Layer_5,5
TAGTCCCGGAGACCAC-1,Layer_5,5
TAGTCCGCAGAGAATG-1,Layer_3,4
TAGTCCGTATGCATAA-1,Layer_1,2
TAGTCCTGCACTAAGC-1,Layer_6,3
TAGTCGATCACGGGTT-1,Layer_2,2
TAGTCGGGATTCTTCG-1,Layer_1,2
TAGTCTAACAACGAGA-1,Layer_3,4
TAGTCTGCGGCACATT-1,Layer_6,3
TAGTCTGTGACGTTGC-1,Layer_2,6
TAGTCTTTCCGAATTG-1,Layer_1,2
TAGTGACAAGCTCTAC-1,Layer_3,4
TAGTGAGAAGTGGTTG-1,Layer_2,6
TAGTGCCCTCCAGAGT-1,Layer_2,6
TAGTGCTTGAATCCTT-1,Layer_1,2
TAGTGGAACTCATACA-1,Layer_3,4
TAGTGTCAGAAACGGC-1,Layer_2,2
TAGTTAAGATAGGATA-1,Layer_3,4
TAGTTTATTCTTGCTT-1,Layer_1,2
TATAAATCCACAAGCT-1,Layer_1,2
TATAAGTGAGGATAGC-1,Layer_1,2
TATACACAGACGCCTT-1,Layer_3,4
TATACACGCAAAGTAT-1,Layer_1,2
TATACCGAGTGCCACA-1,Layer_1,2
TATACGCGTCATCACT-1,Layer_3,4
TATACTCATGCGGCAA-1,Layer_1,2
TATAGAGTCGCTTGAA-1,Layer_5,5
TATAGATGGTCGCAGT-1,Layer_1,2
TATAGCGCACGTTATC-1,Layer_5,0
TATAGGGTACTCATGA-1,Layer_3,4
TATAGTTAGGTGTACT-1,WM,1
TATATAGGGCTTTACG-1,Layer_5,5
TATATATCGAGAAATG-1,Layer_5,5
TATATCAAAGTGATCT-1,Layer_6,3
TATATCATTGATCAGT-1,Layer_3,4
TATATCCCTGGGAGGA-1,Layer_1,2
TATATGCTGGGTTGCC-1,Layer_2,6
TATATTACAAATGTCG-1,Layer_3,4
TATATTCGCGTCGATA-1,Layer_3,4
TATCAAAGGTCTGTAA-1,Layer_3,6
TATCACAGCACGGGCA-1,Layer_3,4
TATCACCATGTAAAGT-1,Layer_3,4
TATCACCCAACCGACC-1,Layer_2,6
TATCACTTCGAGTAAC-1,Layer_3,4
TATCAGTGGCGTAGTC-1,Layer_5,5
TATCCAATTGGTTATC-1,Layer_3,4
TATCCATATCATGCGA-1,Layer_1,2
TATCCATCTCGGTTAG-1,Layer_6,3
TATCCCTCGATCTGCA-1,Layer_5,0
TATCCGCACCGTCGGG-1,Layer_4,0
TATCCTATCAACTGGT-1,Layer_5,5
TATCCTGCATGGGAAT-1,Layer_1,2
TATCGATCTATGCATA-1,Layer_2,2
TATCGATGATTAAACG-1,Layer_1,2
TATCTACAGAGGTAAT-1,Layer_3,4
TATCTACCACAGCGGG-1,Layer_3,4
TATCTAGCCTAAAGGA-1,Layer_3,4
TATCTGAGCCGATATT-1,WM,1
TATCTTGCAATACAAC-1,Layer_5,5
TATGAAGAATTAAGGT-1,Layer_3,4
TATGAAGACAGGTGCG-1,Layer_3,4
TATGACCTTGCGCTGG-1,Layer_5,0
TATGATAAATCTAACG-1,Layer_3,4
TATGATCCGGCACGCC-1,Layer_2,6
TATGATCTTCTCTTTA-1,Layer_3,4
TATGATTCTGCTTGGT-1,Layer_2,2
TATGCTCCCTACTTAC-1,Layer_1,2
TATGGAGTTTCTCGTT-1,Layer_1,2
TATGGATGTGCTACGC-1,Layer_1,2
TATGGCCCGGCCTCGC-1,Layer_3,6
TATGGCTAGGCTAATT-1,Layer_3,4
TATGGGACCGAGCAGG-1,Layer_2,4
TATGGGTACGTATCGT-1,Layer_2,2
TATGGTCTGAGTAACA-1,Layer_2,6
TATGGTTAGTGGGAGA-1,Layer_1,2
TATGTAAAGTGCTTAA-1,Layer_5,5
TATGTAGAAACCCGGC-1,WM,3
TATGTCAAGACCGACT-1,Layer_2,6
TATGTCTCATTGTGCC-1,Layer_1,2
TATTAACACCAAAGCA-1,Layer_5,5
TATTAACCTGACCGCG-1,Layer_4,0
TATTACCATCCTGCTT-1,Layer_1,2
TATTATGTTTGCCTGC-1,Layer_5,5
TATTCAATTCTAATCC-1,Layer_1,2
TATTCCACTCAGCTCG-1,Layer_3,4
TATTCCGAGCTGTTAT-1,Layer_3,4
TATTCCGGCAGTCCTA-1,Layer_3,4
TATTCCTCCGCCCACT-1,Layer_4,4
TATTCGTGCCAGAATA-1,Layer_2,2
TATTGACATTTCTGCC-1,Layer_1,2
TATTGCCGGGCTTGTA-1,Layer_3,4
TATTTAGTCTAGATCG-1,Layer_1,2
TATTTATACCGAGTAG-1,Layer_2,6
TATTTGATTTGCACAG-1,Layer_2,2
TATTTGTTACCCTTTA-1,Layer_1,2
TCAAACAACCGCGTCG-1,Layer_1,2
TCAAACTTAGATTGTT-1,Layer_1,2
TCAAAGAGCTATCTGT-1,Layer_5,0
TCAAAGTCACGGCGTC-1,WM,1
TCAAATTATGTTCGAC-1,Layer_3,4
TCAAATTGTTGTGCCG-1,Layer_4,0
TCAAATTTGAGACTCA-1,Layer_3,4
TCAACAAAGATAATTC-1,Layer_4,0
TCAACACATTGGGTAA-1,Layer_1,2
TCAACATAGCGCCCTA-1,Layer_4,0
TCAACATCGACCGAGA-1,Layer_4,0
TCAACCATGTTCGGGC-1,Layer_1,2
TCAACGAGGAGACAAA-1,Layer_3,4
TCAACGCAGGAAATAA-1,Layer_4,0
TCAACGCGACCGGCAG-1,Layer_3,4
TCAACTAACGTATAAC-1,Layer_3,4
TCAACTGCAGAGTCAG-1,Layer_2,6
TCAAGAAATACTAGCT-1,Layer_1,2
TCAAGCGCGGACGGTA-1,Layer_3,4
TCAAGCTGCCTTGAAA-1,Layer_3,4
TCAAGGTTACTACACC-1,Layer_1,2
TCAATACAATTGCTGC-1,Layer_3,4
TCAATACGCCGTCATG-1,Layer_4,0
TCAATATACAGGAGGC-1,Layer_3,4
TCAATCCCGCGCCAAA-1,Layer_3,4
TCAATCCGGGAAGTTT-1,Layer_3,4
TCACAAACCGAGGTAC-1,Layer_3,4
TCACAGATCCTCAAAC-1,Layer_1,2
TCACAGCAAACTCGAA-1,Layer_3,4
TCACAGGAGAATAAGA-1,Layer_4,0
TCACAGGGAATCGCAA-1,Layer_3,4
TCACAGGTTATTGGGC-1,Layer_2,6
TCACATCTTATCTGAT-1,Layer_3,6
TCACCCTCTTAAGATT-1,Layer_3,4
TCACCGCTCGGCACTC-1,Layer_1,2
TCACGATGTCCGTGGA-1,Layer_4,0
TCACGCATTGTAGATC-1,Layer_2,4
TCACGGCCCAAGAGAG-1,WM,1
TCACGGTCATCGCACA-1,Layer_1,2
TCACGTGCCCGATTCA-1,Layer_2,6
TCACTACGACCAATGC-1,Layer_3,4
TCACTATCCCTTCGGT-1,Layer_3,4
TCACTATCGTGCAATC-1,Layer_2,2
TCACTCAGCGCATTAG-1,Layer_3,6
TCACTCGTGCAACGGC-1,Layer_3,4
TCACTCTTCGTCTGTC-1,Layer_1,2
TCAGAACCTCCACAGG-1,Layer_1,2
TCAGAACGGCGGTAAT-1,Layer_4,0
TCAGACGCTATAGAAG-1,Layer_3,4
TCAGAGGACGCGTTAG-1,Layer_4,0
TCAGAGTGTGAGCATG-1,Layer_3,4
TCAGATGGAGACGTAG-1,Layer_3,4
TCAGCAAATGCATCTC-1,Layer_1,2
TCAGCAGTAGGCCCTG-1,Layer_5,5
TCAGCCAATCCGTAAA-1,Layer_3,4
TCAGCGCACGCCGTTT-1,Layer_5,0
TCAGCTTGAGCTTTCG-1,WM,3
TCAGGGCGACTTCCTT-1,Layer_3,6
TCAGGGCGCAAACTCG-1,Layer_2,2
TCAGGGTGCACGAAAC-1,Layer_3,4
TCAGGGTGTAACGTAA-1,Layer_1,2
TCAGGTTCTTTGAGAA-1,Layer_2,6
TCAGTACTGACCCGCG-1,Layer_2,2
TCAGTAGGGACTATAA-1,Layer_3,4
TCAGTGTATACGTCAT-1,Layer_5,5
TCAGTTACGGAATGAT-1,Layer_3,4
TCATAAGTCCAAGAAG-1,Layer_3,4
TCATACTTACAGATCC-1,Layer_2,2
TCATATGAGCTTTGTT-1,Layer_4,0
TCATCACTCGAGCTCG-1,Layer_1,2
TCATCCATCTGATCAC-1,WM,1
TCATCCCAGAGGGTGG-1,Layer_2,6
TCATCCTCAGCTGCTT-1,Layer_3,4
TCATCGACGACCGTCG-1,Layer_4,0
TCATCGATGGTCCCAA-1,Layer_5,5
TCATGAAGCGCTGCAT-1,WM,1
TCATGCAGGTTCTCAT-1,Layer_2,6
TCATGGAGGCCTTTGT-1,Layer_3,4
TCATTCGTATAATTTG-1,Layer_3,4
TCATTTAAGTCTCCGA-1,Layer_1,2
TCATTTAGAAGTGTGA-1,Layer_2,2
TCCAACTCAGCTATCT-1,Layer_3,4
TCCAACTTTAAATTCT-1,Layer_3,4
TCCAAGCCTAGACACA-1,Layer_4,0
TCCAATAAAGGCTACC-1,Layer_4,0
TCCACAATGGTTTACG-1,Layer_2,6
TCCACATCGTATATTG-1,Layer_5,5
TCCACCAAGACATAGG-1,Layer_3,4
TCCACCTCTAGCCTTT-1,Layer_4,0
TCCACTTTATCTAGGT-1,Layer_1,2
TCCAGAGCACCGGTTC-1,Layer_2,6
TCCAGATGTACGCCAA-1,Layer_3,4
TCCAGCGCTATAAGCG-1,Layer_1,2
TCCAGGCAGGACGATC-1,Layer_5,5
TCCAGGCGAGTACGGT-1,Layer_2,2
TCCAGGGTATATACGA-1,Layer_4,0
TCCATCAATACTAATC-1,WM,1
TCCATTAGTTGGATAG-1,Layer_1,2
TCCATTCCCACTAGAG-1,Layer_3,4
TCCATTGTGACCTCGT-1,Layer_3,4
TCCCAAACAGACAACG-1,Layer_3,4
TCCCAAACATCCTCTA-1,WM,3
TCCCAAAGACGAAGGA-1,Layer_1,2
TCCCAAAGCCCTAAAT-1,Layer_1,2
TCCCAATATCGACGAC-1,Layer_3,4
TCCCACGGAGGGAGCT-1,Layer_3,4
TCCCACTCTCTTCCGG-1,Layer_1,2
TCCCAGCACACGACAT-1,Layer_2,6
TCCCAGCTTTAGTCTG-1,Layer_2,6
TCCCAGGCTTAGCTAA-1,Layer_2,6
TCCCGCCTATGTGCGT-1,Layer_2,6
TCCCGCGTACTCCTGG-1,Layer_1,2
TCCCGGGTGTGCTGCT-1,Layer_3,4
TCCCGGTCAGGAATTT-1,Layer_1,2
TCCCGTCAGTCCCGCA-1,Layer_1,2
TCCCGTCGCGTCATAG-1,Layer_2,6
TCCCGTGTGCAATTTG-1,Layer_2,6
TCCCTAGATCAATAGG-1,Layer_2,6
TCCCTCCGAAATCGTT-1,Layer_2,2
TCCCTCTTCTCAAGGG-1,Layer_3,4
TCCCTGGCGTATTAAC-1,Layer_5,5
TCCCTGGCTCGCTGGA-1,Layer_3,4
TCCCTTAGATTACTCG-1,Layer_2,6
TCCCTTGTCTGAAACT-1,Layer_3,4
TCCGAACGTTGCCGCT-1,Layer_1,2
TCCGAACTTGGCTTAC-1,Layer_3,4
TCCGAAGTAGTCACCA-1,Layer_3,4
TCCGAATGGTCCTGAG-1,Layer_2,2
TCCGACCGCTAATCAA-1,Layer_6,3
TCCGAGAAGGCTAAGC-1,Layer_2,6
TCCGATAATTGCCATA-1,Layer_1,2
TCCGATGACTGAGCTC-1,Layer_1,2
TCCGATGGTGCGACAT-1,Layer_1,2
TCCGATTACATTGCCG-1,Layer_3,4
TCCGCAGCCACCTAGC-1,Layer_1,2
TCCGCCTGTCTACAAG-1,Layer_3,4
TCCGCGGCAGCATCTG-1,Layer_1,2
TCCGCGGCCCAATGAA-1,Layer_2,6
TCCGCTGTCATCCCGG-1,Layer_3,4
TCCGCTTATCCCATTA-1,Layer_3,4
TCCGGAGGAAGGGCTG-1,Layer_3,4
TCCGGCCTAGCGTACA-1,Layer_1,2
TCCGGCCTGCATCGAT-1,Layer_3,4
TCCGGCTGTCGGGTCG-1,Layer_3,4
TCCGGGCCACTAACGG-1,Layer_3,0
TCCGGGCTTGACGGGA-1,Layer_3,4
TCCGGTTCGTCCGGTC-1,Layer_3,4
TCCGTAACCACAATCC-1,Layer_2,2
TCCGTTAAGCTAATAT-1,Layer_2,6
TCCGTTTAGCCTTGAA-1,Layer_1,2
TCCTAAAGATTCAGAC-1,Layer_3,4
TCCTAAATTGGGAAGC-1,Layer_3,4
TCCTAACCGTCGGGCA-1,Layer_5,5
TCCTACATCCACGGCC-1,Layer_2,6
TCCTAGCAAAGAAGCT-1,Layer_3,4
TCCTATCATAGGTAAC-1,Layer_1,2
TCCTCCTAAGACATTC-1,Layer_4,0
TCCTCGGGCTGGGCTT-1,Layer_2,2
TCCTCTACGAGATGGC-1,Layer_2,6
TCCTCTCCAGTTGTCC-1,Layer_3,4
TCCTCTGGCCCATTAG-1,Layer_3,4
TCCTGCAGCCGCCAAT-1,Layer_5,0
TCCTGCCAACTGGAGA-1,Layer_3,4
TCCTGCGTTGATACTC-1,Layer_3,4
TCCTGGCGCTGCCTGG-1,Layer_3,4
TCCTTACGACGGTCCG-1,Layer_2,6
TCCTTCAATCCCTACG-1,Layer_4,4
TCCTTCAGTGGTCGAA-1,Layer_2,2
TCCTTGTCCTTTAATT-1,Layer_4,0
TCCTTTAAATCCGCTT-1,Layer_3,4
TCCTTTCTTACGCTTA-1,Layer_1,2
TCGAAATTTAGGACCA-1,Layer_2,6
TCGAAGAACCGAGCAC-1,Layer_1,2
TCGAATATCCCGCAGG-1,Layer_5,5
TCGAATCGCAGGGTAG-1,Layer_6,5
TCGACAACTGAACCCG-1,Layer_6,5
TCGACATAGCGTAGCG-1,WM,3
TCGACTGACGATGGCT-1,Layer_3,4
TCGAGACCAACACCGT-1,Layer_3,4
TCGAGCCAGGCAGGCC-1,Layer_4,0
TCGAGGGCAACAGACG-1,Layer_3,6
TCGAGTCTACGATTCG-1,Layer_6,5
TCGATAGGCTAGTCGC-1,Layer_2,6
TCGATTTACGAAACGA-1,Layer_5,5
TCGCAAAGATGCATTT-1,Layer_3,4
TCGCACCAGGAGGCAG-1,Layer_3,4
TCGCACTAACGTTTGT-1,Layer_1,2
TCGCATAAAGGGCGCA-1,Layer_3,4
TCGCATCCCTAAGTGT-1,Layer_1,2
TCGCATTCAATGACTT-1,Layer_1,2
TCGCCACCCGGATTAC-1,WM,1
TCGCCCAACTGACTCC-1,Layer_3,4
TCGCCCACTGCGAGAG-1,Layer_4,4
TCGCCGAAGTTGCGTC-1,Layer_3,4
TCGCCGACATATTCGC-1,Layer_3,4
TCGCCGCACCGCGTGA-1,Layer_5,0
TCGCCGGATGGGCAAG-1,Layer_3,6
TCGCCGGTCGATCCGT-1,Layer_1,2
TCGCCTCCTTCGGCTC-1,Layer_4,0
TCGCGCGTTTACATGA-1,WM,1
TCGCGTAGCAGTGTCC-1,Layer_3,4
TCGCGTCCAGAAGGTC-1,Layer_3,4
TCGCTAAACCGCTATC-1,Layer_2,6
TCGCTACTGGCTTTGA-1,Layer_4,0
TCGCTCGATATATTCC-1,Layer_1,2
TCGCTCGGCACCAGCG-1,Layer_2,6
TCGCTGCCAATGCTGT-1,Layer_4,0
TCGCTGGGCGGATTGT-1,Layer_1,2
TCGCTGTGCGTAAATC-1,Layer_1,2
TCGCTTAATTACGAAG-1,Layer_3,4
TCGCTTTAAACGTTTG-1,Layer_1,2
TCGGAATGACCATCAA-1,Layer_3,4
TCGGAATGCGCTCTGA-1,Layer_3,4
TCGGACGCCCAGCCCA-1,Layer_1,2
TCGGAGAGTATCGGGA-1,Layer_4,4
TCGGAGTACATGAGTA-1,Layer_1,2
TCGGATCTGGATGACC-1,WM,1
TCGGCAGGGTTAAGGG-1,Layer_3,4
TCGGCGAACCCAAACC-1,Layer_1,2
TCGGCGTACTGCACAA-1,Layer_5,0
TCGGCTAACTTCCCTT-1,Layer_3,4
TCGGCTTGTATCGACG-1,Layer_3,4
TCGGGAACGTGCCTAG-1,Layer_1,2
TCGGGAGACAGCGTAC-1,Layer_3,4
TCGGGATTCAAACATA-1,Layer_3,4
TCGGGCACTTCTGGAT-1,Layer_3,6
TCGGGCCGTCGTGGTA-1,Layer_1,2
TCGGGTGAAACTGCTA-1,Layer_2,6
TCGGTCCCGACAATAG-1,Layer_5,5
TCGGTCCCTGACTCCA-1,Layer_3,4
TCGGTGACCGCTCCGG-1,Layer_3,4
TCGGTTAGCCATGTAG-1,Layer_3,4
TCGTAACTCCCAAGAC-1,Layer_3,4
TCGTAAGACGACATTG-1,Layer_1,2
TCGTAAGCTCCGAGGA-1,Layer_3,4
TCGTACCGACGTCAAG-1,Layer_5,5
TCGTATAGTGCAATTA-1,Layer_1,2
TCGTATTACCCATTGC-1,Layer_3,4
TCGTATTTCGTCCGGA-1,Layer_3,4
TCGTCAAGTACGCGCA-1,Layer_4,0
TCGTCACACTGTTAGC-1,Layer_3,6
TCGTCCGCTGGCGTCT-1,Layer_1,2
TCGTCCGGGTACACTC-1,Layer_3,4
TCGTCTTAGGCGTTAA-1,Layer_3,4
TCGTGTACTATGGATG-1,Layer_3,4
TCGTGTATTGGTCACG-1,Layer_1,2
TCGTGTCACGCTGACA-1,Layer_4,4
TCGTGTTCGACCACAA-1,Layer_3,6
TCGTTAGGAGTCCCTA-1,Layer_3,4
TCGTTCGTTATTATGT-1,Layer_2,6
TCGTTGACAGGGTCCC-1,Layer_3,4
TCGTTGCTATCCGGTC-1,Layer_4,0
TCGTTGGCTCGTCAAT-1,Layer_1,2
TCGTTTACGCGACCCT-1,Layer_3,4
TCTAAAGAACAGTCTC-1,Layer_5,5
TCTAACCTAGCCTGCG-1,Layer_3,4
TCTAACTGTATGTAAA-1,Layer_3,4
TCTAATACTGCCTCAG-1,Layer_5,5
TCTACACGTTCATGCA-1,Layer_3,4
TCTACCCAATAGAGAG-1,Layer_2,6
TCTACCCGCATCATTT-1,Layer_3,4
TCTACCGTCCACAAGC-1,Layer_1,2
TCTACGCACGATCTCC-1,WM,3
TCTACGGGCTCAGTTG-1,Layer_3,4
TCTAGCAATCTCCGCC-1,Layer_4,4
TCTAGCATCTTCGATG-1,Layer_1,2
TCTAGCATGCCCAGAA-1,Layer_3,4
TCTAGGTGGCGACGCT-1,Layer_1,2
TCTAGTGATATCGTGG-1,Layer_1,2
TCTAGTTATCAGAAGA-1,Layer_2,6
TCTATAGGTGGGTAAT-1,Layer_3,4
TCTATCATGCAGTTAC-1,Layer_1,2
TCTATCCGATTGCACA-1,Layer_4,0
TCTATCGGTCGCAACA-1,Layer_1,2
TCTATGCTATAACGAC-1,Layer_3,4
TCTATTACGCTGGCGA-1,Layer_1,2
TCTATTACTAGAGGAT-1,Layer_4,4
TCTCAAATCAATCGGG-1,Layer_4,0
TCTCAGGCTACTCGCT-1,Layer_3,4
TCTCATGAGATAGGGT-1,Layer_3,4
TCTCCAACGTAGGTTA-1,Layer_1,2
TCTCCACAAGTTGAAT-1,Layer_3,4
TCTCCCTGGGCAGCGT-1,Layer_3,4
TCTCGAACGAGGTCAC-1,Layer_3,4
TCTCGACGTATCGCCG-1,Layer_1,2
TCTCGAGGAGGTTCGC-1,Layer_1,2
TCTCGGCTCCAGGACT-1,Layer_1,2
TCTCGTGTTACGAGGA-1,Layer_5,0
TCTCTAATAGCTGGTA-1,Layer_1,2
TCTCTCGCCGCACATA-1,Layer_2,6
TCTCTTACCGCGAACC-1,Layer_5,5
TCTGAACCGGTCGGCT-1,Layer_1,2
TCTGAACTCGTACCCG-1,Layer_2,2
TCTGAAGCACGTGGTC-1,Layer_3,4
TCTGAATTCCGTACAA-1,Layer_1,2
TCTGACGGGCTAACCC-1,Layer_3,4
TCTGACTGTAATGGTT-1,Layer_1,2
TCTGAGCAATTGACTG-1,Layer_2,2
TCTGATCGGGTGCTAG-1,Layer_1,2
TCTGATGTATTCTGTC-1,Layer_3,4
TCTGATTGGAAATGGA-1,Layer_2,2
TCTGCACCATTAGTAA-1,Layer_3,4
TCTGCAGATTCGAGTC-1,Layer_3,6
TCTGCATACCTTGCTT-1,Layer_3,4
TCTGCCAGAAACTGCA-1,Layer_2,2
TCTGCGAATCGTTCGC-1,Layer_3,4
TCTGCGTCCGGTTTCT-1,Layer_1,2
TCTGCTTAGAACAAGC-1,Layer_1,2
TCTGGAGCGTAAGAGT-1,Layer_1,2
TCTGGCCGTTCAAGTT-1,Layer_1,2
TCTGGCGCAAGCCGGG-1,Layer_3,4
TCTGGGAACCTTTGAA-1,Layer_1,2
TCTGGGTAGCGCTCAT-1,Layer_3,4
TCTGTCATACAAGAGC-1,Layer_1,2
TCTGTGACTGACCGTT-1,Layer_2,2
TCTGTGCCATCATAGT-1,Layer_1,2
TCTGTGGCTACATTTC-1,Layer_3,6
TCTGTTACCCAGCATA-1,Layer_4,0
TCTTAACTCGGATGTA-1,Layer_1,2
TCTTACAGAGGTACCG-1,Layer_1,2
TCTTACCGGAACTCGT-1,Layer_2,6
TCTTACGGCATCCGAC-1,Layer_2,2
TCTTACTTATGCCTCT-1,Layer_1,2
TCTTAGAGCTCCAATT-1,Layer_1,2
TCTTAGAGTGAACTCT-1,Layer_1,2
TCTTATGGGTAGTACC-1,Layer_3,6
TCTTCCCATGGGCACA-1,Layer_1,2
TCTTCGAATAGACGTT-1,Layer_2,6
TCTTCGATACCAATAA-1,Layer_1,2
TCTTCGCGGTGAGAGG-1,Layer_3,4
TCTTCTATAACCCGCC-1,Layer_1,2
TCTTGATGCGTAGCGA-1,Layer_1,2
TCTTGCTCCCGATACT-1,Layer_4,0
TCTTGGTAACACCAAA-1,Layer_1,2
TCTTGGTCAATGATAC-1,WM,1
TCTTTAAGACTATGAA-1,Layer_1,2
TCTTTAGAGTCTAACA-1,Layer_1,2
TCTTTAGCAGGCGAAC-1,Layer_1,2
TCTTTCATCCGTCCTT-1,WM,1
TCTTTCCTTCGAGATA-1,Layer_3,4
TCTTTCTCTTAAGGAG-1,Layer_3,4
TGAAACCTCAACTCAC-1,Layer_3,2
TGAAACTTATGCAAGC-1,Layer_3,4
TGAAAGGACCTGACTC-1,Layer_1,2
TGAACAAGCAGGGACT-1,Layer_5,5
TGAACTGCTATGACTT-1,Layer_4,4
TGAAGAGCGGTCCTAG-1,Layer_1,2
TGAAGTAGCTTACGGA-1,Layer_1,2
TGAATACCGACGCGTA-1,Layer_3,4
TGAATATGCTATAAAC-1,Layer_3,4
TGAATGAGATACAGCA-1,Layer_3,4
TGAATGAGTGTTTCCC-1,Layer_5,5
TGAATGTCAGCCGGCC-1,Layer_1,2
TGAATTTCACTTGCCT-1,Layer_4,4
TGACAACGCATGTCGC-1,Layer_1,2
TGACAACTTAAAGGTG-1,WM,3
TGACACTTCTCTTTGC-1,Layer_3,4
TGACAGGACAAGTCCA-1,Layer_6,5
TGACATATATGACGAT-1,Layer_4,4
TGACATCGAGCGGACC-1,Layer_1,2
TGACATGTAACGTGAC-1,Layer_5,5
TGACCAAATCTTAAAC-1,Layer_4,5
TGACCAGCTTCAAAGT-1,Layer_3,4
TGACCCAACTCACATT-1,Layer_3,2
TGACCCACGTTAGACA-1,Layer_2,4
TGACCCAGCATTCCCG-1,Layer_3,4
TGACGAATATTTCCCT-1,Layer_4,4
TGACGATGCACTAGAA-1,Layer_1,2
TGACTATAATCCTTTC-1,Layer_3,4
TGACTCCGAATCATAC-1,Layer_6,3
TGACTCTAACTGGTAA-1,Layer_3,4
TGAGAATGCTTTACCG-1,Layer_1,2
TGAGACGTACCTCTCA-1,Layer_4,4
TGAGAGATTTACCACG-1,Layer_1,2
TGAGATCAAATACTCA-1,Layer_3,4
TGAGATTAGGCCCTAA-1,Layer_3,4
TGAGCAGTCGTGAAGT-1,Layer_2,2
TGAGCCATACAGTCTC-1,Layer_3,4
TGAGCGGAAAGTGTTC-1,Layer_3,4
TGAGCTCAACTGTATA-1,Layer_3,6
TGAGCTTTAATGACGC-1,Layer_2,6
TGAGGAGTGCCAGCTT-1,Layer_3,0
TGAGGCATGTACTGTG-1,Layer_6,5
TGAGGTGTGTGGCGGA-1,Layer_5,5
TGAGGTTGATCCCAAG-1,Layer_3,2
TGAGTAAATTAGCGTA-1,Layer_3,4
TGAGTGCCTCTTAAAT-1,Layer_3,4
TGAGTGGTCCGTGACG-1,Layer_1,2
TGAGTGTAACAACGGG-1,Layer_3,4
TGAGTTAAAGACATTC-1,Layer_1,2
TGATACATTTAGCCGT-1,Layer_4,0
TGATAGCGGGATTCTA-1,Layer_3,4
TGATCACCACACTGAC-1,Layer_5,5
TGATCAGGGAACTGCT-1,Layer_3,4
TGATCCCAGCATTAGT-1,Layer_2,2
TGATCGGTTTGACCCT-1,Layer_1,2
TGATCTACGCTGATCT-1,Layer_3,4
TGATCTATCACACTCT-1,Layer_4,0
TGATCTCCGGCGCCAG-1,Layer_1,2
TGATGGCTGTTTCTGA-1,Layer_2,6
TGATGTCAATTAAGTG-1,Layer_3,4
TGATTATGGCACGCAG-1,Layer_3,4
TGATTCAGGTCCCGCG-1,Layer_5,0
TGATTCCCGGTTACCT-1,Layer_5,5
TGATTCGTCTATCACT-1,Layer_2,6
TGATTCTGTCGCCGGT-1,Layer_3,4
TGATTTATTAGCTGTG-1,Layer_3,4
TGATTTCCTCCTGACG-1,Layer_1,2
TGCAAACGTACTAGTT-1,Layer_6,5
TGCAAAGTTCGTCTGT-1,Layer_5,5
TGCAACCCATCTGCGG-1,Layer_3,4
TGCAACTACTGGTTGA-1,Layer_3,4
TGCAAGAATGACGTAA-1,Layer_1,2
TGCAATCTAACACGGT-1,Layer_3,4
TGCAATTTGGGCACGG-1,Layer_3,4
TGCACAGTGAAGTTAT-1,Layer_3,4
TGCACGAGTCGGCAGC-1,Layer_3,4
TGCACTATGTGAGTGC-1,Layer_1,2
TGCAGAACTATATCGT-1,Layer_3,4
TGCAGAGTACCGAGCA-1,Layer_3,4
TGCAGATCGTCCTAGG-1,Layer_4,4
TGCAGCTACGTACTTC-1,Layer_4,4
TGCAGGATCGGCAAAG-1,Layer_1,2
TGCAGTGAGGCTCGGG-1,Layer_3,4
TGCAGTGGTAGGGAAC-1,WM,1
TGCAGTTTCCTCCCAT-1,Layer_1,2
TGCATATGTCTGTCAC-1,Layer_1,2
TGCATGGATCGGATCT-1,Layer_1,2
TGCATGGCAGTCTTGC-1,Layer_3,4
TGCATGTGACCCATAG-1,Layer_6,5
TGCATGTGGTAATCTA-1,Layer_1,2
TGCCAAAGTCAGACTT-1,Layer_4,4
TGCCAATGGGTACTCT-1,Layer_3,4
TGCCACACTAGAGGAA-1,Layer_5,0
TGCCACCTGGCGAAAC-1,Layer_1,2
TGCCAGTACGTGGAGA-1,Layer_3,4
TGCCATGGCTTATAAG-1,Layer_3,4
TGCCATTACTAAAGAA-1,Layer_2,6
TGCCCGATAGTTAGAA-1,Layer_4,0
TGCCCGTACCGTTAAA-1,Layer_3,4
TGCCGAAAGCGTATTC-1,Layer_2,2
TGCCGGATGTACGAGC-1,Layer_5,5
TGCCGTGGATCGTCCT-1,Layer_3,4
TGCCGTGGGACCCAAT-1,Layer_5,5
TGCCGTTCTTAATCGG-1,Layer_6,5
TGCCTAAATTTAATAG-1,Layer_1,2
TGCCTAATTGAAGATT-1,Layer_2,6
TGCCTGACATCGGTCA-1,Layer_1,2
TGCCTGATCAAACGAT-1,Layer_1,2
TGCCTTGGCCAGGCAA-1,Layer_3,4
TGCGAATATGGGATTT-1,Layer_4,0
TGCGACACCCTAGTGC-1,Layer_3,4
TGCGACGGCCGAACGT-1,Layer_5,5
TGCGAGAATATTACCC-1,Layer_4,4
TGCGAGATGGCGGCCA-1,Layer_3,4
TGCGAGCCCTTCCGCG-1,Layer_3,4
TGCGATGCTAATGGCT-1,Layer_2,2
TGCGCAAAGCATTTGG-1,Layer_1,2
TGCGCCGTTAATAACG-1,Layer_1,2
TGCGCGATTAACGGAG-1,Layer_2,2
TGCGGACTTGACTCCG-1,Layer_4,0
TGCGGAGTAAAGGTGC-1,Layer_1,2
TGCGGCATAGTTCAAC-1,Layer_1,2
TGCGGGTATTGGGATC-1,Layer_3,4
TGCGGTCTACGAGTAA-1,Layer_3,4
TGCGGTGAAATTTCAT-1,Layer_2,6
TGCGTAAGAACCTGAT-1,Layer_3,4
TGCGTACGGCTAATTG-1,Layer_3,4
TGCGTCATGACTGAGC-1,Layer_5,0
TGCGTGATTGGGTGTC-1,Layer_1,2
TGCGTTTGTTGACACT-1,Layer_2,6
TGCTAAGTGTCTATTT-1,Layer_3,4
TGCTATACAAACGGAC-1,Layer_3,4
TGCTATGGCAAAGGGA-1,WM,3
TGCTCAAAGGATGCAC-1,WM,1
TGCTCACACAACAACC-1,Layer_3,4
TGCTCCACAGTTCTTA-1,Layer_1,2
TGCTCGGCGAAACCCA-1,Layer_3,4
TGCTCGGTGGGTCACC-1,Layer_4,0
TGCTCTGCCGGTTCAC-1,Layer_3,4
TGCTCTTGAGAGTTTG-1,Layer_4,0
TGCTGCGTCAGAGTTA-1,Layer_3,4
TGCTGGTTGGACAATT-1,Layer_1,2
TGCTGTTGAAGAACTC-1,Layer_2,6
TGCTTAGAGAGAATGC-1,Layer_5,5
TGCTTCCCAAGCAGTA-1,Layer_4,0
TGCTTGAAACCATGCA-1,Layer_1,2
TGGAAACGGAGTGAAC-1,Layer_1,2
TGGAACCACTGACACA-1,Layer_2,6
TGGAAGAAGGGAACGT-1,Layer_3,4
TGGAAGACGAACACCA-1,Layer_1,2
TGGAAGGATAAAGATG-1,Layer_1,2
TGGAATATCCTTGACC-1,Layer_2,6
TGGAATTAGACGCTTT-1,Layer_3,6
TGGACACCGTTGCTTG-1,Layer_2,2
TGGACCAATCTAAGAT-1,Layer_3,4
TGGACCACGGCGTTGA-1,Layer_1,2
TGGACGCAATCCAGCC-1,Layer_5,5
TGGACGTAGGCGAATC-1,Layer_1,2
TGGACTGTTCGCTCAA-1,Layer_2,2
TGGAGAATAATCGTCC-1,Layer_6,5
TGGAGCTAAAGTTCCC-1,Layer_3,4
TGGAGGGAAACACCTC-1,Layer_3,4
TGGAGTGATGCGATGA-1,Layer_2,6
TGGATAGAGTAACAGA-1,Layer_1,2
TGGATGGCATCTTGGA-1,Layer_6,5
TGGCAAACTAAATTAC-1,Layer_3,4
TGGCAACTCGCGCGCC-1,Layer_1,2
TGGCAAGCACAAGTCG-1,Layer_5,5
TGGCAATGGGACGGCG-1,Layer_2,6
TGGCACGAGCTCGAGT-1,Layer_3,4
TGGCAGATTACGATCA-1,Layer_3,4
TGGCAGCAGTAATAGT-1,Layer_3,4
TGGCATGAAGTTTGGG-1,Layer_6,5
TGGCCAAACTGAAGTA-1,Layer_1,2
TGGCCAATTTGGTACT-1,Layer_5,0
TGGCCGTATATTGACC-1,Layer_1,2
TGGCGACTGCTCCAAA-1,Layer_4,0
TGGCGATCAAGTTATG-1,Layer_3,4
TGGCGGTGTGCGATTG-1,Layer_2,6
TGGCTACACTCTACCT-1,Layer_3,4
TGGCTATGTGACATAC-1,Layer_3,4
TGGCTCTTGTCGCGTA-1,Layer_4,4
TGGCTTATGTATAATG-1,Layer_6,5
TGGCTTGTACAAGCTT-1,Layer_3,4
TGGCTTTGGGTAGACA-1,Layer_1,2
TGGGAAATGCCTTTCC-1,Layer_2,2
TGGGATGCACTCATTC-1,Layer_3,4
TGGGCAATAGTTGGGT-1,Layer_1,2
TGGGCACAAACAGAAC-1,Layer_2,6
TGGGCACGTTCTATGG-1,Layer_2,6
TGGGCAGGCCACCGCA-1,Layer_2,2
TGGGCCACAAGAGCGC-1,Layer_1,2
TGGGCCCATACTAATT-1,Layer_2,6
TGGGCCTTGCCTGCAT-1,Layer_1,2
TGGGCGATACAATAAG-1,Layer_5,5
TGGGTAAGGTTCCCGC-1,Layer_3,4
TGGGTGCACAAGCCAT-1,Layer_4,0
TGGGTGGGATGTCATT-1,Layer_3,4
TGGGTGTAATAGATTT-1,Layer_3,4
TGGGTGTTAAGTAGAA-1,Layer_5,5
TGGGTTCCCGGACGGA-1,Layer_2,2
TGGGTTTCGGGCGTAC-1,WM,1
TGGTAAGCAGGATTGA-1,Layer_4,4
TGGTAGAATATATGGG-1,Layer_1,2
TGGTATCGCATCCCAA-1,Layer_3,4
TGGTATCGGTCTGTAT-1,Layer_3,4
TGGTCCCACGCTACGG-1,Layer_3,4
TGGTCGATATACCTCT-1,Layer_6,3
TGGTCGGGTACAGGGC-1,WM,1
TGGTCGTGCAAGGCAA-1,Layer_4,4
TGGTCGTTTGATAGAT-1,Layer_3,4
TGGTCTAGCTTACATG-1,Layer_2,2
TGGTCTGTTGGGCGTA-1,Layer_3,4
TGGTGATCGTATTTGT-1,Layer_3,6
TGGTGCCCTGCCTTAC-1,Layer_6,5
TGGTTAACTTACATTT-1,Layer_6,3
TGGTTAAGGGCGCTGG-1,Layer_2,4
TGGTTATGCTTGCGGT-1,Layer_3,6
TGGTTCAACGGGTAAT-1,Layer_3,4
TGGTTCGTAGCAAAGG-1,Layer_1,2
TGGTTGGAGGATCCTG-1,Layer_3,4
TGGTTTAAACGTGGGT-1,Layer_3,4
TGTAACTTGTCAACCT-1,Layer_2,2
TGTAATGACCACAATA-1,Layer_3,4
TGTAATGCCTTCGGAC-1,Layer_3,4
TGTACCCGACCCTAAT-1,WM,1
TGTACCTACACGAGGG-1,Layer_3,4
TGTACGAACAAATCCG-1,Layer_3,4
TGTACGCTATCAGCTT-1,Layer_3,4
TGTACTACTCTCACGG-1,Layer_3,4
TGTACTATCGCTCGTT-1,Layer_4,0
TGTACTGTGCCAAAGT-1,Layer_2,6
TGTACTTCCGGGCATG-1,Layer_3,4
TGTAGCCAATTCCGTT-1,Layer_4,0
TGTAGCCATCCCATTC-1,Layer_3,4
TGTAGGAGAAATTTCC-1,Layer_1,2
TGTAGTGATCTATAAT-1,Layer_3,4
TGTATAACAGATCCTG-1,Layer_1,2
TGTATACGGATGATGA-1,Layer_3,4
TGTATCAGACTGAAGC-1,Layer_3,4
TGTATCCTTATTCCAT-1,Layer_2,2
TGTATGGCGCAGACAG-1,Layer_1,2
TGTATTTACCTAATGC-1,Layer_3,4
TGTCATTTGTTGGGAA-1,Layer_3,4
TGTCCACGGCTCAACT-1,Layer_3,4
TGTCCCGACATAGCAC-1,Layer_2,6
TGTCCGCAAACAATTC-1,Layer_6,5
TGTCCGTGGCGCCTTT-1,Layer_3,4
TGTCCTAAGTCACCGC-1,Layer_3,4
TGTCGGCATGGTGGAA-1,Layer_1,2
TGTCGTGGGTATAGGC-1,Layer_5,5
TGTCGTTATCACATAT-1,Layer_6,3
TGTCTACAGTTTCTGT-1,Layer_1,2
TGTGACTACGCCAGTC-1,Layer_1,2
TGTGACTAGAGTTTGC-1,Layer_3,4
TGTGAGACTAGCCCAA-1,Layer_3,0
TGTGATTCCAGCGCTT-1,Layer_3,4
TGTGCCAGAGGCAAAG-1,Layer_6,5
TGTGCCGGTGCCGGAA-1,Layer_2,6
TGTGCTTTACGTAAGA-1,Layer_3,4
TGTGGACTATCTACGT-1,Layer_1,2
TGTGGAGGAAGCTTAA-1,Layer_3,4
TGTGGCAAAGCGTATG-1,Layer_1,2
TGTGGCGGGCTTCTGG-1,Layer_4,0
TGTGGCTCCCACCAAC-1,Layer_1,2
TGTGGTAGGGTGCCTT-1,Layer_1,2
TGTGGTTGCTAAAGCT-1,Layer_5,5
TGTGTAGTAGCACGTG-1,Layer_3,4
TGTGTCGAAGTCGAGG-1,Layer_5,4
TGTGTCGCGAGTTGCA-1,Layer_1,2
TGTGTGACCATGAATC-1,Layer_5,0
TGTGTTCGTATCCAAG-1,Layer_3,4
TGTTAACAAAGTGACT-1,Layer_3,4
TGTTATTGTATGTGGC-1,Layer_2,2
TGTTCATAAATGTGCT-1,Layer_3,6
TGTTCCGCTTCCATGA-1,Layer_3,4
TGTTCCGGCCTGAGCT-1,Layer_5,5
TGTTCGTATTGCGGTG-1,Layer_3,4
TGTTCTCATACTATAG-1,Layer_3,4
TGTTCTCTACTCCCTA-1,Layer_3,4
TGTTCTTCCATTGACT-1,Layer_3,4
TGTTGCCGTCGTCCCA-1,Layer_1,2
TGTTGTCAAGAAGTCT-1,Layer_1,2
TGTTTAATACTTCATC-1,Layer_3,4
TGTTTCGGTACTTCTC-1,Layer_1,2
TGTTTCTGAAGCGTGC-1,WM,1
TGTTTGAGATCGTCAG-1,Layer_1,2
TTAAACAGAGTCCCGC-1,Layer_1,2
TTAAACCGGTAGCGAC-1,Layer_2,6
TTAAACCTGGTTCCTT-1,Layer_3,6
TTAAACTCGAATTCAT-1,Layer_1,2
TTAAAGGCGATGCTCG-1,Layer_6,5
TTAAAGTAAGTCGCCA-1,Layer_3,4
TTAACACCTCGAACAT-1,Layer_2,6
TTAACCAACCCTCCCT-1,Layer_1,2
TTAACCCGAGGCGTGT-1,Layer_3,4
TTAACGAACAAGCAGT-1,Layer_3,4
TTAACGTCGCAAGACC-1,Layer_2,6
TTAACGTTAAAGCCTG-1,Layer_3,4
TTAACTCACGCGTGGA-1,Layer_2,6
TTAACTGATCGTTTGG-1,Layer_3,4
TTAACTTCAGGTAGGA-1,Layer_4,4
TTAAGACGAACGAACC-1,Layer_3,4
TTAAGATACCCAGAGA-1,WM,1
TTAAGATAGGATTGAC-1,Layer_1,2
TTAAGCCGACAACTTC-1,Layer_3,6
TTAAGCGCCTGACCCA-1,Layer_2,6
TTAAGGATACGGAGGT-1,Layer_2,2
TTAAGGCCCGTACTTT-1,Layer_5,5
TTAAGTATTGTTATCC-1,Layer_3,4
TTAATCAGTACGTCAG-1,Layer_2,2
TTAATGCGAGGTAACT-1,Layer_3,4
TTAATGTAGACCAGGT-1,Layer_1,2
TTAATGTGTTTGCAGG-1,Layer_1,2
TTAATTGCTTTGGGTG-1,Layer_3,4
TTAATTTCAGACGCGG-1,Layer_1,2
TTACAACTACGCATCC-1,Layer_1,2
TTACACGATCTGCGAC-1,Layer_3,4
TTACAGACCTAAATGA-1,Layer_1,2
TTACATCGTGGCCTGG-1,Layer_1,2
TTACATGCCACAACTA-1,Layer_1,2
TTACCATTGATTACCC-1,Layer_3,4
TTACCCATTGCCGGGT-1,Layer_2,6
TTACCCTAACAGTCCT-1,Layer_2,6
TTACCCTAGGGATTGG-1,Layer_4,0
TTACCGCCTTAGGGAA-1,Layer_1,2
TTACGGATGGTTCGAG-1,Layer_1,2
TTACGGTGTCACCGAG-1,Layer_2,2
TTACGTAGCGCGTGCT-1,Layer_3,4
TTACGTATCTATGACA-1,Layer_3,4
TTACTAAAGGACTTTA-1,Layer_3,4
TTACTATCGGCTTCTC-1,Layer_3,4
TTACTCCGGCCGGGAA-1,Layer_1,2
TTACTCTGGTACGTAC-1,Layer_3,4
TTACTGGGATATTTCA-1,Layer_3,4
TTACTGTCTAGAGCTC-1,Layer_3,4
TTACTGTTTCTCTACG-1,Layer_3,4
TTAGAAGAACATGACT-1,Layer_3,4
TTAGAATAAGGGTCGG-1,Layer_5,5
TTAGACACGATCGTTG-1,Layer_3,4
TTAGACGAGTCACCTC-1,Layer_3,4
TTAGAGGGATATACAG-1,Layer_6,5
TTAGAGTATTGTCGAG-1,WM,1
TTAGAGTTTAGAAGGA-1,Layer_2,6
TTAGATAGGTCGATAC-1,Layer_1,2
TTAGCAACATGGATGT-1,Layer_1,2
TTAGCCATAGGGCTCG-1,WM,3
TTAGCGAATAGATAGG-1,Layer_4,0
TTAGCTAATACGATCT-1,Layer_2,6
TTAGCTCTGTAATCCG-1,Layer_3,4
TTAGCTGATTTGCCGT-1,Layer_1,2
TTAGGATGGGAGGGTA-1,Layer_1,2
TTAGGTCATAACCGAC-1,Layer_4,5
TTAGTAAACCTGCTCT-1,Layer_3,4
TTAGTAGGGCGGCGGG-1,Layer_3,4
TTAGTTATTCGTGGCA-1,Layer_2,6
TTAGTTCAAGTGTTCG-1,Layer_3,4
TTATAGATGCACATTA-1,Layer_3,4
TTATAGGTAATTGTCT-1,Layer_3,4
TTATAGTCCAAGGTGC-1,Layer_3,4
TTATATACGCTGTCAC-1,Layer_2,2
TTATATTTGGCAATCC-1,Layer_1,2
TTATCCAATCGAACTC-1,Layer_1,2
TTATCCGGGATCTATA-1,Layer_3,4
TTATCCTCAAGGAATA-1,Layer_5,0
TTATCGCCTGCGAAGC-1,Layer_3,6
TTATCTGACATTAGGA-1,Layer_5,0
TTATCTGTATCATAAC-1,Layer_1,2
TTATGAATGAAAGGGA-1,Layer_3,4
TTATGACAAACTGGAT-1,Layer_2,6
TTATGATCTTAACGAA-1,Layer_1,2
TTATGCGTCCCGGTCC-1,Layer_2,6
TTATGTTTGCGATAGA-1,Layer_2,6
TTATTAGAGCGTGTTC-1,Layer_3,4
TTATTAGGGAAGCATC-1,Layer_1,2
TTATTATCTGGAAGGC-1,Layer_2,2
TTATTTAGGTTCCTTA-1,Layer_3,4
TTCAAAGTCTCTAGCC-1,Layer_1,2
TTCAACGACCCGACCG-1,Layer_1,2
TTCAAGCCGAGCTGAG-1,Layer_2,6
TTCAATACTCTGAATC-1,Layer_1,2
TTCAATTAGCCATAAT-1,Layer_3,4
TTCACGAAAGGATCAC-1,Layer_3,4
TTCACGGTCGTCACGT-1,WM,3
TTCACTCGAGCACCTA-1,Layer_3,4
TTCACTTCCTAGAACG-1,Layer_5,5
TTCAGAGTAACCTGAC-1,Layer_1,2
TTCAGCCCTGGTCCAC-1,Layer_2,6
TTCAGCTGGCGTGCCC-1,Layer_3,4
TTCAGGCGTCAAAGCC-1,Layer_4,4
TTCAGTTCAAGAGGAG-1,Layer_6,3
TTCAGTTTGTGGCAGC-1,Layer_3,4
TTCATAGCCTTGTAAC-1,Layer_1,2
TTCATAGGGTGTCCAT-1,Layer_1,2
TTCATGGCGCAACAGG-1,Layer_1,2
TTCCAATCAGAGCTAG-1,Layer_2,6
TTCCAATCTGGCTATC-1,Layer_3,4
TTCCACACAGATTTGA-1,Layer_3,4
TTCCACATTTCTCGTC-1,Layer_3,4
TTCCAGACGAGATTTA-1,Layer_1,2
TTCCAGTGGGTTTCGT-1,Layer_6,5
TTCCATCATGCGGTGA-1,Layer_3,4
TTCCATCGACAGCGTG-1,Layer_3,4
TTCCCAAAGTACTGAT-1,Layer_3,4
TTCCCGACGCTTCACT-1,Layer_3,4
TTCCCGGCGCCAATAG-1,Layer_4,0
TTCCGCAGAGAAATAT-1,Layer_2,6
TTCCGCGTGAGGCGAT-1,Layer_3,4
TTCCGGCCTTGAGGCT-1,Layer_4,0
TTCCGGCTCGACTTCT-1,Layer_3,4
TTCCGGTATCTGTGTC-1,Layer_1,2
TTCCGGTTACCCACTT-1,Layer_2,6
TTCCTCGAGGGTGTCT-1,Layer_1,2
TTCCTCGGACTAACCA-1,Layer_3,4
TTCCTCTGCCCGAATA-1,Layer_3,4
TTCCTTTCTGTGTTGC-1,Layer_1,2
TTCGAACGAAACATGC-1,Layer_6,5
TTCGACAGAGCCCGTG-1,Layer_3,4
TTCGACGGGAAGGGCG-1,Layer_1,2
TTCGAGCCGGCGCTAC-1,Layer_3,4
TTCGCACTCGCGTGCT-1,Layer_1,2
TTCGCACTGTACGACA-1,Layer_4,0
TTCGCATCCGGAAGCA-1,Layer_1,2
TTCGCCGCTCGCGCTA-1,Layer_6,3
TTCGCGCGCCATACGA-1,Layer_4,0
TTCGCTAGGAAGTTGT-1,Layer_1,2
TTCGCTATCTGACGTG-1,Layer_3,6
TTCGGACTGATGCCTT-1,Layer_3,4
TTCGGACTGGGCATGG-1,WM,1
TTCGGCAACCCGCTGA-1,Layer_3,4
TTCGGCTAGAGATGGT-1,Layer_1,2
TTCGGGACTAATCGCG-1,Layer_1,2
TTCGGGCGCTAGTCTT-1,Layer_4,0
TTCGGGTTGCCACGGG-1,Layer_3,4
TTCGGTACTGTAGAGG-1,Layer_4,5
TTCGGTGGAGACGCCC-1,Layer_1,2
TTCGTAATCCCAGCGG-1,Layer_3,4
TTCGTACTCCAGAACG-1,Layer_3,6
TTCGTGCATGTTATAG-1,Layer_6,5
TTCGTTCAACGAAGTT-1,Layer_2,6
TTCTAACCGAAGCTTA-1,Layer_1,2
TTCTACCTCAATCGGT-1,WM,1
TTCTACCTTTATGTTG-1,Layer_3,4
TTCTACTTGCGAGGGC-1,Layer_1,2
TTCTAGAAAGTCTTAT-1,Layer_4,0
TTCTAGGCCAATTGTG-1,Layer_1,2
TTCTATGCCTTTCGCA-1,Layer_2,6
TTCTATTAAACGCAGC-1,Layer_5,5
TTCTCAATTGCTACAA-1,WM,1
TTCTCTTACAGGTGAT-1,WM,1
TTCTGACCGGGCTCAA-1,Layer_3,4
TTCTGCCGCGCCTAGA-1,Layer_3,4
TTCTGCGAGCGCCCTT-1,Layer_3,4
TTCTGCGGGTTAGCGG-1,Layer_2,2
TTCTGCTAGACTCCAA-1,Layer_2,2
TTCTGTTTCCTGTCGC-1,Layer_2,2
TTCTTAGTGAACGGTG-1,Layer_1,2
TTCTTAGTGGCTCAGA-1,Layer_1,2
TTCTTATCCGCTGGGT-1,Layer_1,2
TTCTTCCCTTTGATAT-1,Layer_3,4
TTCTTCGCAATAGAGC-1,Layer_3,4
TTCTTGAGCCGCGCTA-1,Layer_3,4
TTCTTGCTAGCATCTC-1,Layer_1,2
TTCTTGGACGATCTGC-1,Layer_4,0
TTCTTGGAGTAATGAG-1,Layer_1,2
TTCTTGTAACCTAATG-1,Layer_1,2
TTCTTGTGTCCATCAG-1,Layer_3,4
TTCTTTGGTCGCGACG-1,Layer_2,6
TTGAAACCCTCATTCC-1,Layer_3,4
TTGAAAGGTGTAAAGG-1,Layer_3,4
TTGAACGAATCCTTTG-1,Layer_1,2
TTGAACGACGTGCTGA-1,Layer_3,4
TTGAAGAATTCCCAGG-1,Layer_2,6
TTGAAGGATGGGCGCC-1,Layer_6,3
TTGAATATGGACTTTC-1,Layer_1,2
TTGAATCGTTGTATAA-1,Layer_5,0
TTGAATTCACGTGAGG-1,Layer_1,2
TTGACAGGAGCTCCCG-1,Layer_1,2
TTGACATGAACGTGGA-1,Layer_3,4
TTGACCAGGAACAACT-1,Layer_3,4
TTGACCATGTTCTCCG-1,Layer_1,2
TTGACCGTGTTAATGA-1,Layer_4,0
TTGACGATTCAGCACG-1,Layer_2,6
TTGACGCTCCATGAGC-1,Layer_1,2
TTGACTACCATATGGT-1,Layer_3,4
TTGACTATTGTCCGGC-1,Layer_1,2
TTGAGAAGTTTAGCAT-1,Layer_3,4
TTGAGAGTACTGCTAA-1,Layer_3,4
TTGAGCAGCCCACGGT-1,Layer_1,2
TTGAGCGCCACGTGAT-1,Layer_1,2
TTGAGGCATTTAACTC-1,Layer_3,4
TTGAGTCCCGCTGCTG-1,Layer_1,2
TTGATAGTCAATACAT-1,Layer_2,6
TTGATCTAACTTTGTC-1,Layer_2,2
TTGATGCCGCTCGTCG-1,Layer_6,3
TTGATGTGTAGTCCCG-1,Layer_1,2
TTGATTAGCTGTTTCT-1,Layer_4,4
TTGATTATGCAGATGA-1,Layer_2,6
TTGCAAGAAGACTCCT-1,Layer_5,5
TTGCACAATTCAGAAA-1,Layer_3,4
TTGCACGGAGCAGCAC-1,Layer_1,2
TTGCAGGTCATGAAGT-1,Layer_3,6
TTGCATGCTGATCACG-1,Layer_3,4
TTGCCAAGCAGAACCC-1,Layer_1,2
TTGCCATAGCCCGCTC-1,Layer_5,5
TTGCCCTGATCACGGG-1,Layer_3,4
TTGCCGCAGACCTACA-1,Layer_6,3
TTGCCGCTTTCTAGTA-1,Layer_3,4
TTGCCGGTGATCCCTC-1,Layer_3,4
TTGCCTAATCCAAAGT-1,WM,1
TTGCCTTCTCGCCGGG-1,Layer_3,4
TTGCGCACAACCACGT-1,Layer_3,4
TTGCGCTCTCTCGCTT-1,Layer_2,6
TTGCGCTTGATCAATA-1,Layer_3,4
TTGCGGAAAGCTGCCC-1,Layer_6,5
TTGCGGCATCAGAAAG-1,Layer_4,0
TTGCGGCGACTCATGC-1,Layer_3,4
TTGCGTAGTTTGAGGA-1,Layer_2,6
TTGCGTCGGCCAACCG-1,Layer_4,4
TTGCGTGAACGCTTAG-1,Layer_3,4
TTGCGTGTGTAGGCAT-1,Layer_4,0
TTGCTAGCTACCAATC-1,Layer_2,2
TTGCTCATAGTACGTG-1,Layer_3,4
TTGCTCCCATACCGGA-1,Layer_1,2
TTGCTGAAGGAACCAC-1,Layer_1,2
TTGCTGATCATGTTCG-1,Layer_2,6
TTGCTGCACCTATCCA-1,Layer_2,2
TTGCTGGCCGGGCTTC-1,Layer_3,4
TTGGAAGAATACAGTC-1,Layer_4,0
TTGGACATGTGGCTTA-1,Layer_3,4
TTGGACCATCTGGCAA-1,Layer_1,2
TTGGACCTATAACAGT-1,Layer_3,4
TTGGAGTCTCCCTTCT-1,Layer_2,2
TTGGATATCGTCTACG-1,Layer_3,4
TTGGATCGACTTCTGG-1,Layer_2,6
TTGGATTGGGTACCAC-1,Layer_1,2
TTGGCCAAATTGTATC-1,Layer_4,0
TTGGCCATCTTGCGCT-1,Layer_1,2
TTGGCCTAGAATTTCG-1,Layer_2,6
TTGGCGATCCGAATAT-1,Layer_1,2
TTGGCTCAATATGTGT-1,Layer_3,4
TTGGCTCGCATGAGAC-1,Layer_1,2
TTGGGAAGACGAGCCG-1,Layer_5,5
TTGGGACACTGCCCGC-1,Layer_1,2
TTGGGACGTAAGAGTT-1,Layer_1,2
TTGGGCGGCGGTTGCC-1,Layer_1,2
TTGGGTTTATTCAGCG-1,Layer_3,4
TTGGTATGGCTTGTGT-1,Layer_2,2
TTGGTCACACTCGTAA-1,Layer_3,4
TTGGTTCGCTCAAAGG-1,Layer_1,2
TTGGTTGCGGTGCGCG-1,Layer_5,0
TTGTAAGGACCTAAGT-1,Layer_3,4
TTGTAAGGCCAGTTGG-1,Layer_1,2
TTGTAATCCGTACTCG-1,Layer_2,6
TTGTACACCTCGAACA-1,Layer_6,5
TTGTATCACACAGAAT-1,Layer_3,6
TTGTCACCGCGGTATC-1,Layer_6,5
TTGTCGTTCAGTTACC-1,Layer_1,2
TTGTCTCGGCAAGATG-1,Layer_6,5
TTGTGAACCTAATCCG-1,Layer_3,4
TTGTGAGGCATGACGC-1,Layer_4,0
TTGTGATCTGTTCAGT-1,Layer_3,4
TTGTGCAGCCACGTCA-1,Layer_3,4
TTGTGCGGAAGCGGAT-1,WM,3
TTGTGGAGACAGCCGG-1,WM,1
TTGTGGCCCTGACAGT-1,Layer_1,2
TTGTGGTAGGAGGGAT-1,Layer_4,0
TTGTGGTATAGGTATG-1,Layer_3,4
TTGTGGTGGTACTAAG-1,Layer_3,4
TTGTGTATGCCACCAA-1,Layer_3,4
TTGTGTTTCCCGAAAG-1,Layer_3,4
TTGTTAGCAAATTCGA-1,Layer_1,2
TTGTTCAGTGTGCTAC-1,Layer_1,2
TTGTTCTAGATACGCT-1,Layer_2,2
TTGTTGGCAATGACTG-1,WM,3
TTGTTGTGTGTCAAGA-1,Layer_1,2
TTGTTTCACATCCAGG-1,Layer_4,0
TTGTTTCATTAGTCTA-1,Layer_5,5
TTGTTTCCATACAACT-1,Layer_4,4
TTGTTTGTATTACACG-1,Layer_6,5
TTGTTTGTGTAAATTC-1,Layer_2,6
