,ground_truth,domain
AAACAAGTATCTCCCA-1,Layer_1,1
AAACACCAATAACTGC-1,Layer_5,3
AAACAGAGCGACTCCT-1,Layer_3,0
AAACAGCTTTCAGAAG-1,Layer_4,2
AAACAGGGTCTATATT-1,Layer_4,2
AAACAGTGTTCCTGGG-1,Layer_6,3
AAACATGGTGAGAGGA-1,WM,5
AAACATTTCCCGGATT-1,Layer_3,2
AAACCCGAACGAAATC-1,Layer_1,1
AAACCGGAAATGTTAA-1,Layer_2,4
AAACCGGGTAGGTACC-1,Layer_3,2
AAACCGTTCGTCCAGG-1,Layer_3,2
AAACCTAAGCAGCCGG-1,Layer_3,2
AAACCTCATGAAGTTG-1,Layer_3,2
AAACGAAGAACATACC-1,Layer_3,0
AAACGAAGATGGAGTA-1,Layer_6,3
AAACGAGACGGTTGAT-1,Layer_1,1
AAACGCTGGGCACGAC-1,Layer_3,2
AAACGGGCGTACGGGT-1,Layer_3,2
AAACGGTTGCGAACTG-1,Layer_5,3
AAACGTGTTCGCCCTA-1,Layer_3,2
AAACTCGGTTCGCAAT-1,Layer_4,3
AAACTCGTGATATAAG-1,Layer_3,0
AAACTGCTGGCTCCAA-1,Layer_2,0
AAACTTAATTGCACGC-1,WM,5
AAACTTGCAAACGTAT-1,Layer_3,2
AAAGAATGACCTTAGA-1,WM,5
AAAGAATGTGGACTAA-1,Layer_3,3
AAAGACCCAAGTCGCG-1,Layer_2,0
AAAGACTGGGCGCTTT-1,Layer_2,0
AAAGCTTGCCTACATA-1,Layer_3,0
AAAGGCCCTATAATAC-1,Layer_6,3
AAAGGCTACGGACCAT-1,Layer_4,3
AAAGGCTCTCGCGCCG-1,Layer_3,2
AAAGGGATGTAGCAAG-1,Layer_1,1
AAAGGGCAGCTTGAAT-1,Layer_1,1
AAAGGTAAGCTGTACC-1,Layer_3,2
AAAGTAGCATTGCTCA-1,Layer_4,2
AAAGTCACTGATGTAA-1,Layer_3,0
AAAGTCGACCCTCAGT-1,Layer_3,2
AAAGTGCCATCAATTA-1,Layer_3,0
AAAGTGTGATTTATCT-1,Layer_1,1
AAAGTTGACTCCCGTA-1,Layer_1,1
AAATAACCATACGGGA-1,Layer_3,0
AAATAAGGTAGTGCCC-1,Layer_2,0
AAATACCTATAAGCAT-1,Layer_3,0
AAATAGCTTAGACTTT-1,Layer_1,1
AAATAGGGTGCTATTG-1,Layer_3,2
AAATCCGATACACGCC-1,Layer_3,2
AAATCGCGGAAGGAGT-1,Layer_6,2
AAATCGTGTACCACAA-1,Layer_3,0
AAATCTAGCCCTGCTA-1,Layer_2,4
AAATGACTGATCAAAC-1,Layer_6,3
AAATGATTCGATCAGC-1,Layer_3,0
AAATGCTCGTTACGTT-1,Layer_1,1
AAATGGCATGTCTTGT-1,Layer_3,0
AAATGGCCCGTGCCCT-1,Layer_4,3
AAATGGTCAATGTGCC-1,Layer_1,0
AAATGTATCTTATCCC-1,Layer_3,0
AAATGTGGGTGCTCCT-1,Layer_3,2
AAATTAACGGGTAGCT-1,Layer_1,1
AAATTAATAAGCGCGA-1,Layer_3,0
AAATTACACGACTCTG-1,Layer_3,0
AAATTACCTATCGATG-1,Layer_2,0
AAATTCCAGGTCCAAA-1,Layer_1,4
AAATTGATAGTCCTTT-1,Layer_4,3
AAATTGGTGAGAAGCA-1,Layer_3,2
AAATTTACCGAAATCC-1,Layer_3,2
AAATTTGCGGGTGTGG-1,Layer_3,2
AACAACTGGTAGTTGC-1,Layer_1,1
AACAATACATTGTCGA-1,Layer_5,3
AACAATTACTCTACGC-1,Layer_2,1
AACACACGCTCGCCGC-1,Layer_2,4
AACACGACTGTACTGA-1,Layer_3,0
AACACGAGACGCGGCC-1,Layer_3,2
AACACGCGGCCGCGAA-1,Layer_3,0
AACAGCTGTGTGGCAA-1,Layer_5,3
AACAGGAAATCGAATA-1,Layer_2,0
AACAGGATGGGCCGCG-1,Layer_1,1
AACAGGTAGTATGGAT-1,Layer_1,1
AACATAGCGTGTATCG-1,Layer_4,3
AACATATCAACTGGTG-1,Layer_2,0
AACATCGATACGTCTA-1,Layer_3,2
AACATTGAAGTTGATC-1,Layer_6,3
AACATTGTGACTCGAG-1,Layer_4,3
AACCAAGACTTCTCTG-1,Layer_3,2
AACCAGTATCACTCTT-1,Layer_3,2
AACCATAGGGTTGAAC-1,WM,5
AACCATGGGATCGCTA-1,Layer_1,1
AACCCAGAGACGGAGA-1,Layer_1,1
AACCCATCCCATGATC-1,Layer_5,3
AACCCGACAACCCGTG-1,Layer_5,3
AACCCGAGCAGAATCG-1,Layer_2,4
AACCCGCTGTATTCCA-1,Layer_6,3
AACCCTACTGTCAATA-1,Layer_1,1
AACCCTGGTGGAACCA-1,Layer_3,0
AACCGAGCTTGGTCAT-1,Layer_1,1
AACCGCTAAGGGATGC-1,Layer_1,1
AACCGTTGTGTTTGCT-1,Layer_3,0
AACCTCGCTTTAGCCC-1,Layer_3,2
AACCTGTCACGGAATT-1,Layer_1,4
AACCTTTAAATACGGT-1,Layer_3,2
AACCTTTACGACGTCT-1,Layer_3,0
AACGAAAGTCGTCCCA-1,Layer_6,3
AACGACCTCCTAGCCG-1,Layer_3,2
AACGATAATGCCGTAG-1,Layer_3,2
AACGATAGAAGGGCCG-1,Layer_2,0
AACGATATGTCAACTG-1,Layer_1,0
AACGCATGATCTGGGT-1,Layer_3,0
AACGCGAACGGCAACA-1,Layer_2,1
AACGCGACCTTGGGCG-1,Layer_5,3
AACGCGGTCTCCAGCC-1,Layer_1,1
AACGCTGTTGCTGAAA-1,Layer_3,4
AACGGACGTACGTATA-1,Layer_2,4
AACGGCCATCTCCGGT-1,Layer_3,2
AACGTACTGTGGGTAC-1,Layer_3,2
AACGTAGTCTACCCAT-1,,3
AACGTCAGACTAGTGG-1,Layer_1,1
AACGTCATCCGGCTTG-1,Layer_6,3
AACGTCGCTGCACTTC-1,Layer_3,3
AACGTGATGAAGGACA-1,Layer_3,0
AACGTGCGAAAGTCTC-1,Layer_1,1
AACGTTATCAGCACCT-1,Layer_1,1
AACGTTCTACCATTGT-1,Layer_3,2
AACTACCCGTTTGTCA-1,Layer_1,1
AACTAGCGTATCGCAC-1,Layer_3,0
AACTAGGCTTGGGTGT-1,Layer_3,2
AACTCAAGTTAATTGC-1,Layer_2,2
AACTCCAGAGCGTGTT-1,Layer_3,2
AACTCCTAATCCCATG-1,Layer_3,0
AACTCGATGGCGCAGT-1,Layer_1,1
AACTCTCAATAGAGCG-1,Layer_1,1
AACTCTCAGTGTGCTC-1,Layer_3,2
AACTGAGTTATACTGA-1,Layer_1,1
AACTGATATTAGGCCT-1,Layer_2,0
AACTGGGTCCCGACGT-1,Layer_1,1
AACTGGGTTCGAGCCG-1,Layer_3,2
AACTGGTGTGGGCCTT-1,Layer_3,0
AACTTCTGCGTCTATC-1,Layer_1,1
AACTTGCCCGTATGCA-1,Layer_2,1
AACTTGCGTTCTCGCG-1,Layer_1,1
AACTTTACGGGAGCTT-1,Layer_3,0
AACTTTAGCTGCTGAG-1,Layer_3,0
AACTTTCTCGATCATG-1,Layer_3,0
AAGAAATCACCAGATT-1,Layer_3,0
AAGAAGGATCAGTTAG-1,Layer_1,1
AAGACATACGTGGTTT-1,Layer_3,2
AAGACCAAATAACTCA-1,WM,5
AAGACCCAACTGAACA-1,Layer_4,2
AAGACTCACGCCCACT-1,Layer_3,2
AAGACTGCAAGCTACT-1,Layer_1,1
AAGAGATGAATCGGTA-1,Layer_1,1
AAGAGCTCTTTATCGG-1,Layer_1,1
AAGAGGATGTACGCGA-1,Layer_3,2
AAGAGGCATGGATCGC-1,Layer_1,1
AAGAGGCCCTTTGGAA-1,Layer_3,4
AAGATGGCACCGGACC-1,Layer_4,3
AAGATTGGCGGAACGT-1,Layer_2,0
AAGCACCCTGCGTATC-1,Layer_3,2
AAGCATACTCTCCTGA-1,Layer_3,2
AAGCCACTTGCAGGTA-1,WM,5
AAGCCGAAGCGGTTTA-1,Layer_1,1
AAGCCGCCGTGAAATC-1,Layer_6,3
AAGCCGCTTTACCTTG-1,Layer_3,0
AAGCCGGAGAGCAGGA-1,Layer_3,0
AAGCGCAGGGCTTTGA-1,Layer_4,3
AAGCGGAGTGCGCGCA-1,Layer_3,2
AAGCGGCGTCATGGGT-1,Layer_3,2
AAGCGTCCCTCATCGA-1,Layer_4,3
AAGCTAGATCGAGTAA-1,Layer_3,2
AAGCTCGTGCCAAGTC-1,Layer_1,1
AAGCTCTTTCATGGTG-1,Layer_3,2
AAGGAGAACTTATAAG-1,Layer_3,0
AAGGAGCGGTTGGTGC-1,Layer_1,1
AAGGATCGATCGCTTG-1,Layer_1,1
AAGGATGAGGGACCTC-1,Layer_1,1
AAGGCAGGCTGTCTCC-1,Layer_1,1
AAGGCGCGTAAAGCTT-1,Layer_1,1
AAGGCTGTGCTCATCG-1,Layer_1,1
AAGGGAACGACTGGCT-1,Layer_6,3
AAGGGACAGATTCTGT-1,Layer_2,0
AAGGGACTATGCATTC-1,Layer_5,3
AAGGGTTAGCCATGCG-1,Layer_3,2
AAGGGTTTGATTTCAG-1,WM,1
AAGGTATCCTAATATA-1,Layer_1,0
AAGGTGATAAACCAGC-1,Layer_1,1
AAGTAAGCTTCCAAAC-1,,3
AAGTAGAAGACCGGGT-1,Layer_1,1
AAGTAGTGACGCGAGG-1,Layer_2,0
AAGTCAATTGTCGTCA-1,Layer_1,1
AAGTCTAGTAGCTGCC-1,Layer_3,0
AAGTCTTCTGTGGCCT-1,Layer_4,2
AAGTGACGACCGAATT-1,Layer_3,2
AAGTGAGTCGGGTTTA-1,Layer_4,3
AAGTGCAAAGGTAGAC-1,Layer_2,0
AAGTGCCTTGACTGTA-1,Layer_1,1
AAGTGCGTTAGAATCT-1,Layer_3,2
AAGTGCTTCTCTATTG-1,Layer_6,3
AAGTGTTTGGAGACGG-1,Layer_3,4
AAGTTCACTCCAAGCT-1,Layer_3,2
AAGTTCAGTCTGCGTA-1,Layer_3,0
AAGTTCGGCCAACAGG-1,Layer_3,2
AAGTTGTGATGTTATA-1,Layer_3,2
AAGTTTACTAATGGCA-1,Layer_3,0
AAGTTTATGGGCCCAA-1,Layer_4,3
AATAACAACGCTCGGC-1,Layer_3,2
AATAACACTAGAACAA-1,Layer_3,2
AATAACGTCGCGCCCA-1,Layer_3,2
AATAAGTCCTCGAGAC-1,Layer_3,0
AATAATCTTCGTATCG-1,Layer_1,1
AATACAATGTTTCAGG-1,Layer_1,1
AATACCGGAGGGCTGT-1,Layer_5,3
AATACCTGATGTGAAC-1,Layer_3,3
AATAGAACAGAGTGGC-1,Layer_3,2
AATAGAATCTGTTTCA-1,Layer_2,4
AATAGCTACCGCGTGC-1,Layer_3,0
AATAGGCACGACCCTT-1,WM,5
AATAGTCCGTCCCGAC-1,Layer_3,2
AATAGTCGCGAGTCGG-1,Layer_2,0
AATATCAAGGTCGGAT-1,Layer_2,0
AATATCCTAGCAAACT-1,Layer_5,2
AATATCGAATCAATGC-1,Layer_1,1
AATATCGAGGGTTCTC-1,Layer_2,0
AATATTGGAGTATTGA-1,Layer_3,2
AATCAGGTTTCATTTA-1,Layer_6,3
AATCATGTAAAGACTC-1,Layer_2,4
AATCCAAGGGCCTGAG-1,Layer_2,0
AATCCATGCAAGGGTG-1,Layer_2,0
AATCCCGCTCAGAGCC-1,Layer_6,3
AATCGAGGTCTCAAGG-1,Layer_5,3
AATCGCCTCAGCGCCA-1,Layer_1,1
AATCGCGCAGAGGACT-1,Layer_1,1
AATCGGGACACTACGA-1,Layer_3,0
AATCGGTATAGCCCTC-1,Layer_3,3
AATCGTGAGCCGAGCA-1,Layer_3,3
AATCTAGGTTTACTTG-1,Layer_5,3
AATCTATGCCGGAGCC-1,Layer_3,0
AATCTCTACTGTGGTT-1,Layer_3,2
AATCTGCGTTGGGACG-1,Layer_1,1
AATCTGGCTTTCTAGT-1,Layer_5,3
AATCTGGGTAGACCCT-1,Layer_3,2
AATGACAGCAATGTCT-1,Layer_3,2
AATGACGTAGGATGTC-1,Layer_2,0
AATGACTGTCAGCCGG-1,Layer_1,1
AATGAGTTCGCATATG-1,Layer_1,1
AATGATGATACGCTAT-1,Layer_2,0
AATGATGCGACTCCTG-1,Layer_2,0
AATGCAACCGGGTACC-1,Layer_1,1
AATGCACCAAGCAATG-1,Layer_3,0
AATGGTCCACCGTTCA-1,Layer_2,0
AATGGTTCTCACAAGC-1,Layer_1,1
AATGTATGGCACTGTA-1,WM,5
AATGTGCCCGAGGTGT-1,Layer_4,3
AATGTGCTAATCTGAG-1,Layer_6,3
AATGTTAAGACCCTGA-1,Layer_4,3
AATGTTGTCGTGAGAC-1,Layer_3,2
AATTAAAGGTCGGCGT-1,Layer_2,2
AATTAACGGATTTCCA-1,Layer_3,2
AATTACGAGACCCATC-1,Layer_6,3
AATTACTCGTACGCTC-1,Layer_1,1
AATTAGCGCTGCAGCG-1,Layer_3,2
AATTATACCCAGCAAG-1,Layer_4,3
AATTCATAAGGGATCT-1,Layer_2,0
AATTCATTGTCATGCA-1,WM,5
AATTCCAAGCATGTAC-1,Layer_4,3
AATTCGATTCGAGGAT-1,Layer_4,3
AATTCTAGAGTTAGGC-1,Layer_3,0
AATTGAACGCTCTGGT-1,Layer_2,0
AATTGCAGCAATCGAC-1,Layer_3,2
AATTGCGTGGATTACA-1,WM,5
AATTGTGGTTGCCAAA-1,Layer_3,4
AATTTGGGACATAGTA-1,Layer_3,0
AATTTGGTTCCAAAGA-1,Layer_3,0
ACAAACCATGCGTCCT-1,Layer_6,5
ACAAACCGACAAGGCG-1,,2
ACAAACTCCATCAGAG-1,WM,1
ACAAAGAAGGTAGGCC-1,Layer_5,2
ACAAAGCATGACCTAG-1,Layer_3,2
ACAAATCGCACCGAAT-1,Layer_2,4
ACAAATGGTAGTGTTT-1,Layer_2,0
ACAAATTCAGATCTGA-1,Layer_3,2
ACAACAGCATGAGCTA-1,Layer_1,1
ACAACGGTCCCTGCGA-1,Layer_1,1
ACAAGCAGTGCCTAGC-1,Layer_2,1
ACAAGCTATATGGAAG-1,Layer_3,2
ACAAGGAAATCCGCCC-1,Layer_3,0
ACAAGGACAAGAGGTT-1,Layer_1,1
ACAAGGATGCTTTAGG-1,Layer_3,2
ACAAGGGCAGGCTCTG-1,Layer_2,0
ACAAGTAATTGTAAGG-1,WM,5
ACAATAGTCGTACGTT-1,Layer_3,2
ACAATCCATTTAAACC-1,Layer_3,0
ACAATCGATCTTTATA-1,Layer_3,0
ACAATGAATACGGAGA-1,Layer_4,3
ACAATTGTGTCTCTTT-1,Layer_2,4
ACAATTTAGGAGGCTC-1,Layer_3,0
ACAATTTGAGCAGTGG-1,Layer_1,1
ACAATTTGGCCATATT-1,Layer_1,1
ACACAAAGACGGGTGG-1,Layer_1,1
ACACAAATATTCCTAG-1,Layer_3,2
ACACACCAGGACCAGT-1,Layer_1,1
ACACACTTTCTACACG-1,Layer_2,0
ACACATGATCAAATCT-1,Layer_6,3
ACACATTTCCGTAGAC-1,Layer_5,3
ACACCACATAATTAGC-1,Layer_2,0
ACACCCAGCATGCAGC-1,Layer_1,1
ACACCCGAGAAATCCG-1,Layer_1,1
ACACCGAGCGCTCTTT-1,Layer_1,1
ACACCGGTCTGACCGC-1,Layer_6,5
ACACCTTAAGTAGGGC-1,Layer_1,1
ACACCTTACTACTTGC-1,Layer_1,6
ACACGGCACTATGCAT-1,Layer_3,0
ACACGGGAACTTAGGG-1,Layer_1,1
ACACGTAGGCCACAAG-1,Layer_3,4
ACACTCCAATGTCACT-1,Layer_1,1
ACACTGATCAAGGTGT-1,Layer_3,2
ACACTGGGACAGTCGT-1,Layer_3,4
ACAGAACTGAGAACAA-1,Layer_4,3
ACAGATTAGGTTAGTG-1,Layer_3,0
ACAGCATAGAGCCAGT-1,Layer_3,0
ACAGCGACATTCTCAT-1,Layer_3,4
ACAGCGCACCCGCAGC-1,Layer_3,0
ACAGGCACGGATCCTT-1,Layer_3,3
ACAGGCTTGCCCGACT-1,Layer_3,4
ACAGGTGGAGGTGAGG-1,Layer_3,2
ACAGGTGTGTTGTTGC-1,Layer_4,2
ACAGTAATACAACTTG-1,Layer_4,2
ACAGTATACCGTGGGA-1,Layer_3,0
ACATAAGTCGTGGTGA-1,Layer_6,3
ACATAATAAGGCGGTG-1,Layer_1,1
ACATACAATCAAGCGG-1,Layer_4,3
ACATCAGCTGGGACGC-1,Layer_3,0
ACATCCCGGCCATACG-1,Layer_3,2
ACATCCTGGTAACTGT-1,Layer_1,1
ACATCGATCGTTTACC-1,Layer_2,0
ACATCGCAATATTCGG-1,WM,5
ACATCGGTCAGCCGCG-1,Layer_3,2
ACATCGTATGCAATGG-1,Layer_2,0
ACATCGTTAACCTAGT-1,Layer_3,0
ACATCTCAACGCGTAA-1,Layer_3,0
ACATGCTTACGGCAGC-1,WM,5
ACATGGCGCCAAAGTA-1,Layer_1,1
ACATGGCTCAATTTAG-1,Layer_1,1
ACATTAGTTTATATCC-1,Layer_3,2
ACATTCGCGCGGAATA-1,WM,5
ACATTTGAAACCTAAC-1,Layer_3,3
ACCAAACACCCAGCGA-1,Layer_3,2
ACCAAACTAGAAATCC-1,Layer_3,0
ACCAACACCACACACT-1,Layer_3,0
ACCAACCGCACTCCAC-1,Layer_3,2
ACCAACGCTTATTTAT-1,Layer_3,2
ACCAAGAACGCGTGTC-1,Layer_1,1
ACCAAGTCATCGGCAG-1,Layer_3,2
ACCAATATGCAAGTTA-1,Layer_3,2
ACCACAACTCAGAACA-1,Layer_3,0
ACCACAAGTTTCTATC-1,Layer_1,1
ACCACACGGTTGATGG-1,Layer_5,3
ACCACCAATGTAACAA-1,Layer_1,6
ACCACCCTCTCTTCTA-1,Layer_3,0
ACCACGTGCAGCTATA-1,Layer_2,0
ACCACTGTTCAAGAAG-1,Layer_1,1
ACCAGACCATAACAAC-1,Layer_3,2
ACCAGCCCGGTCTTTG-1,Layer_3,0
ACCAGGAGTGTGATCT-1,Layer_3,0
ACCAGTGCCCGGTCAA-1,Layer_3,2
ACCAGTGCGGGAGACG-1,Layer_1,1
ACCATATCCGCAATAA-1,Layer_2,0
ACCATCCGCCAACTAG-1,Layer_4,2
ACCATCGTATATGGTA-1,Layer_3,2
ACCATTAAGGGTGTCA-1,Layer_1,1
ACCCAACGCCCGTGGC-1,Layer_1,1
ACCCACCTACATGCTC-1,Layer_1,1
ACCCATCTTGAGGGTA-1,Layer_3,2
ACCCATTTGTCCCTCT-1,Layer_3,4
ACCCGAGCGAAATTAC-1,Layer_5,3
ACCCGATTGGTTCCGA-1,Layer_6,3
ACCCGGAAACTCCCAG-1,Layer_3,2
ACCCGGAGCACCACAA-1,Layer_3,4
ACCCGGATGACGCATC-1,Layer_1,1
ACCCGGTTACACTTCC-1,Layer_3,2
ACCCGTAGCAGAGAAT-1,WM,5
ACCCGTAGTCTAGTTG-1,Layer_3,2
ACCCGTGTCATCAGTA-1,Layer_3,2
ACCCTATAGGACTGAG-1,Layer_1,1
ACCCTATGCCATATCG-1,Layer_4,3
ACCCTCCCGTCAGGGC-1,Layer_3,3
ACCCTCCCTTGCTATT-1,Layer_2,0
ACCCTGGTAACGCCCT-1,Layer_3,0
ACCCTTCATCTGCGAA-1,Layer_3,0
ACCCTTGCCTGGGTCG-1,Layer_3,2
ACCCTTTAGTTCTCCA-1,Layer_3,0
ACCGAAAGGGCCCTGC-1,Layer_3,0
ACCGAAGAGTCTGGTT-1,Layer_5,3
ACCGACACATCTCCCA-1,Layer_3,2
ACCGACTGAGTCCCAC-1,Layer_1,1
ACCGAGTCTCCTTATT-1,Layer_4,3
ACCGATAGGCATAACC-1,Layer_3,4
ACCGATATTTAATCAT-1,Layer_1,4
ACCGATGGTAGCATCG-1,Layer_1,1
ACCGCAATAACTGCCT-1,Layer_3,0
ACCGCGGTGGAAGTCG-1,Layer_1,1
ACCGCTAGTCATTGGT-1,WM,5
ACCGGGCCTTTGTTGA-1,Layer_1,1
ACCGGTCAGGTACACC-1,Layer_6,3
ACCGTCCACTGGGCCC-1,WM,5
ACCGTGACCACGTGGG-1,Layer_5,3
ACCGTTCCCGCTCTGA-1,Layer_3,0
ACCTAAGTACCTTTCA-1,Layer_3,2
ACCTAATCGACTTCCT-1,Layer_2,0
ACCTACAGTATGTGGT-1,Layer_1,1
ACCTACTATAAATCTA-1,Layer_5,3
ACCTCAGCGAGGCGCA-1,Layer_3,3
ACCTCCGCCCTCGCTG-1,Layer_2,4
ACCTCCGTTATTCACC-1,Layer_1,1
ACCTCGAACTTATGCT-1,WM,5
ACCTGCGTGTCATGTT-1,Layer_4,2
ACGAAATGGGCGGCAC-1,Layer_2,1
ACGACCCATGAGTTGC-1,Layer_3,4
ACGACTCTAGGGCCGA-1,Layer_3,3
ACGACTGGTCATACTC-1,Layer_5,3
ACGAGAACCCATCACG-1,Layer_2,0
ACGAGATATTTGCTTA-1,Layer_3,0
ACGAGGATACCACTCT-1,Layer_4,3
ACGAGGTTTACAACGT-1,Layer_5,3
ACGAGTACGGATGCCC-1,Layer_2,0
ACGATACATAGAACTA-1,Layer_2,0
ACGATACCTATCCTGA-1,Layer_3,2
ACGATCATACATAGAG-1,Layer_1,1
ACGATCATCTTGTAAA-1,Layer_1,1
ACGATGCATATGTTAT-1,Layer_2,0
ACGATGGATCCGATGC-1,Layer_3,0
ACGCAAACTAATAGAT-1,Layer_4,3
ACGCAATCACTACAGC-1,Layer_3,0
ACGCATACGTTTACTA-1,Layer_3,4
ACGCATTCGTGAGTAC-1,Layer_1,1
ACGCCACTCGAAACAG-1,Layer_5,3
ACGCCAGATGATTTCT-1,Layer_2,0
ACGCCAGTGCGTTTGC-1,Layer_3,3
ACGCCCAGCTGTCGAT-1,Layer_3,0
ACGCCGCTAGACGACC-1,Layer_2,0
ACGCGAAGTCAGACGA-1,Layer_3,2
ACGCGCTACACAGGGT-1,Layer_3,2
ACGCGGGCCAAGGACA-1,Layer_1,1
ACGCGTTTCTTAAGAG-1,Layer_3,0
ACGCTACTGAATGGGC-1,Layer_3,2
ACGCTAGTGATACACT-1,Layer_2,0
ACGCTGTGAGGCGTAG-1,Layer_3,2
ACGCTTAGTGTCTCTC-1,Layer_3,2
ACGGAACACGAGTGCC-1,Layer_3,3
ACGGAATTTAGCAAAT-1,Layer_1,1
ACGGACGCAGCGACAA-1,WM,5
ACGGACTCTCAAAGCG-1,Layer_3,2
ACGGAGCGCAAATTAC-1,Layer_3,0
ACGGATGGTGCGGATA-1,Layer_3,2
ACGGCACTTGCTTGGG-1,Layer_3,2
ACGGCCAACATGGACT-1,Layer_3,2
ACGGCGACGATGGGAA-1,Layer_3,0
ACGGCGGGTTGCCCTG-1,Layer_3,0
ACGGCTGGATGTAGAA-1,Layer_6,3
ACGGGAGTGTCGGCCC-1,Layer_3,2
ACGGGCGTATGCGACA-1,Layer_3,0
ACGGGTCATGTGACTT-1,Layer_1,1
ACGGTACAGTTCAATG-1,Layer_3,3
ACGGTCACCGAGAACA-1,WM,5
ACGTACAGATTTCTCT-1,Layer_3,0
ACGTACTTTGGCACGG-1,Layer_6,3
ACGTAGATTGCTGATG-1,Layer_1,1
ACGTAGGAGAGTCGCT-1,Layer_4,3
ACGTATTACTCCGATC-1,Layer_1,1
ACGTCCTAAACGAGAT-1,,2
ACGTCTCGTTCCGGGA-1,Layer_4,2
ACGTGACAAAGTAAGT-1,Layer_5,3
ACGTGCGCCTCGTGCA-1,Layer_2,0
ACGTGGTCGAATGTGC-1,Layer_3,2
ACGTTAATGTCGAAGA-1,Layer_2,0
ACGTTAGATTTGCCCG-1,Layer_3,2
ACGTTATTGGTCACTC-1,Layer_1,1
ACGTTCACTATGCCGC-1,WM,1
ACGTTCCGCGCTCCGT-1,Layer_3,0
ACGTTCGCAATCAATT-1,Layer_2,4
ACGTTCGTTCAGGAAA-1,Layer_4,3
ACGTTCTGTACAAGTC-1,Layer_3,2
ACGTTGTCGTTGAAAG-1,WM,5
ACGTTTAGTTGTGATC-1,Layer_3,0
ACGTTTCGGTGCACTT-1,Layer_3,2
ACTAATACGTCAGGCG-1,Layer_3,2
ACTACAAAGAGAGGTG-1,Layer_6,3
ACTACATCCCGACAAG-1,Layer_6,5
ACTACCAGCTCTCTGG-1,Layer_1,1
ACTACCATCCGAGGGC-1,WM,5
ACTACGCGTTAGAATT-1,Layer_4,2
ACTAGTTGCGATCGTC-1,Layer_1,1
ACTATATGCTGTGTTC-1,Layer_3,2
ACTATCCAGGGCATGG-1,Layer_1,1
ACTATCGCCGGCTAAA-1,Layer_1,1
ACTATCTGCCCGCGTA-1,Layer_2,4
ACTATGTCCAGCTGCC-1,Layer_6,3
ACTATTCGTCCGTGGT-1,Layer_3,0
ACTATTTCCGGGCCCA-1,Layer_4,3
ACTCAACGAATGTATT-1,Layer_2,0
ACTCAAGTGCAAGGCT-1,Layer_3,2
ACTCAATAAAGGCACG-1,Layer_1,1
ACTCAGACCTGCTTCT-1,Layer_2,0
ACTCATGGCAGCCTTC-1,WM,5
ACTCCAATATCATCAT-1,Layer_5,3
ACTCCCATTCCTAAAG-1,Layer_4,2
ACTCCCGAATTCGTTT-1,Layer_1,1
ACTCCCGTAGACTAGG-1,Layer_3,0
ACTCCCTAATGCTAAA-1,Layer_3,2
ACTCCCTAGAATAGTA-1,Layer_3,0
ACTCCGGCCGACCACT-1,Layer_3,3
ACTCGATGTATTTCAT-1,Layer_1,1
ACTCGCCGTTCGATAA-1,Layer_3,2
ACTCGCGATCTGACGC-1,Layer_1,1
ACTCGTAACCCGTCCT-1,Layer_4,3
ACTCGTCAGTAATCCC-1,Layer_1,1
ACTCTAAACCTGGGAT-1,Layer_3,0
ACTCTCTGACTTAGGT-1,Layer_2,0
ACTCTCTTATACACGA-1,Layer_3,0
ACTCTGACCTAATAGA-1,Layer_3,3
ACTCTTCAGCTCCCGC-1,Layer_2,0
ACTCTTGTATAGTAAC-1,Layer_1,1
ACTGAAACGCCGTTAG-1,Layer_3,2
ACTGAATGGCGAAAGT-1,Layer_2,0
ACTGATTTAGTGATTC-1,Layer_3,0
ACTGCCCGCCATTCTC-1,Layer_6,3
ACTGCCGTCGTAACTC-1,Layer_2,0
ACTGCGGACACACCGT-1,Layer_1,1
ACTGCTCGGAAGGATG-1,Layer_5,3
ACTGGGATGCCAGTGC-1,Layer_6,3
ACTGTACGATACACAT-1,Layer_1,1
ACTGTAGCACTTTGGA-1,Layer_1,1
ACTGTATACGCGAGCA-1,Layer_2,0
ACTGTCCAGGATTATA-1,Layer_1,1
ACTGTCTTCTTTAGAA-1,Layer_1,1
ACTGTGCTAGTAGATC-1,Layer_1,1
ACTGTTTAGTGTAGGC-1,Layer_3,0
ACTTACCGGGCGCGCA-1,Layer_3,0
ACTTACGCATCCACGC-1,Layer_3,2
ACTTAGTACGACAAGA-1,Layer_1,1
ACTTATACTTACCCGG-1,Layer_1,1
ACTTATTAGGATCGGT-1,Layer_2,0
ACTTATTTATGTGCCA-1,Layer_1,1
ACTTCAGGCTGATCCC-1,Layer_3,4
ACTTCCAGTGGAAGCT-1,Layer_6,3
ACTTCCATGCGGGACA-1,Layer_3,2
ACTTCGCCATACGCAC-1,Layer_1,1
ACTTCGCTAGCGAGTG-1,Layer_2,0
ACTTGACTCCCTCTTT-1,Layer_2,0
ACTTGCCATATTGTAC-1,Layer_3,0
ACTTGGGACCCGGTGG-1,Layer_1,1
ACTTGGGCTTTCGCCA-1,Layer_5,3
ACTTGTAGTCCCTTCA-1,Layer_4,2
ACTTGTGGATGGAACG-1,Layer_1,1
ACTTGTTACCGGATCA-1,Layer_6,3
ACTTTACCCTCATGAA-1,Layer_1,1
ACTTTCCTATAGCTTC-1,Layer_1,1
ACTTTGACTGCATCCT-1,Layer_3,2
ACTTTGGTCGTGCTCC-1,Layer_6,3
ACTTTGTCGACGCACT-1,Layer_2,4
AGAAATTATGACTCGC-1,Layer_1,4
AGAACACGGCGATGGT-1,WM,5
AGAACCCAGCGTGACA-1,Layer_1,1
AGAACCCTCAATTGGG-1,WM,3
AGAACGTGGTACATTC-1,Layer_1,1
AGAACTGTACTTTGTA-1,Layer_3,3
AGAAGAGCGCCGTTCC-1,Layer_1,1
AGAAGGTACACTTCAC-1,Layer_5,3
AGAAGGTTGCCGAATT-1,Layer_3,2
AGAAGGTTGTAGGTCG-1,Layer_3,3
AGAAGTGATTCGTGAT-1,Layer_3,2
AGAATAAATCTTCAGG-1,Layer_3,2
AGAATACAGGCTATCC-1,Layer_3,3
AGAATGCGGGTTCGGA-1,Layer_3,2
AGAATTATGGATTCGA-1,Layer_1,1
AGAATTGTTTGACATA-1,Layer_1,1
AGACAGCTCAGAATCC-1,Layer_1,1
AGACAGGCATCTCAGC-1,Layer_2,4
AGACATAGATCCTTCC-1,Layer_3,0
AGACCAAACCACACCT-1,Layer_5,3
AGACCATGGGATACAA-1,Layer_1,1
AGACCCACCGCTGATC-1,Layer_3,0
AGACCCGCCCTCCTCG-1,Layer_1,1
AGACCGCTCCGCGGTT-1,Layer_1,1
AGACCGGGAAACCCTG-1,Layer_3,2
AGACGAAGTGCCGGTC-1,Layer_1,1
AGACGACGATGCCGCT-1,Layer_4,3
AGACGCCCACTTCGCC-1,Layer_3,4
AGACGGGATTGGTATA-1,Layer_3,2
AGACGGGCCGATTTAA-1,Layer_3,2
AGACTAGCCTTCCAGA-1,Layer_1,1
AGACTGTTACCGGGTC-1,Layer_5,3
AGAGAAACACCAGAAA-1,Layer_6,3
AGAGAACCGTCTAGGA-1,Layer_2,0
AGAGAAGGAGTACAAT-1,Layer_4,3
AGAGATCTCTAAAGCG-1,Layer_3,2
AGAGCAGTTATGAGAC-1,Layer_2,0
AGAGCCGCCGAGATTT-1,Layer_3,4
AGAGCGCTTGTAACGG-1,Layer_3,0
AGAGCGGGCTAATCAT-1,Layer_2,0
AGAGCGTACAAGCTCG-1,Layer_1,1
AGAGCTACGAAAGCAT-1,Layer_1,1
AGAGGCTTCGGAAACC-1,Layer_1,1
AGAGGTATCTCGGTCC-1,Layer_3,2
AGAGTAAACTTCACTA-1,Layer_1,1
AGAGTATAGTGTTACG-1,Layer_3,0
AGAGTCTTAATGAAAG-1,Layer_3,2
AGAGTTAGAGACCGAT-1,Layer_3,2
AGAGTTGCAGGCCTCC-1,Layer_3,2
AGATAACTTCAGGGCC-1,Layer_1,0
AGATAATCACACCTAT-1,WM,5
AGATACCAATAGAACC-1,Layer_3,2
AGATACCAGCACTTCA-1,Layer_3,2
AGATACCGGTGTTCAC-1,Layer_3,2
AGATACGACTTCATAT-1,Layer_1,1
AGATACTCAAGATCGA-1,Layer_2,0
AGATATAATACGACTA-1,Layer_3,3
AGATCGTGCATAAGAT-1,Layer_3,0
AGATCTCAGGTGTGAT-1,Layer_1,1
AGATCTGGAGAGGATA-1,WM,5
AGATGACTCGCCCACG-1,Layer_1,1
AGATGAGGGTTGCGAT-1,Layer_3,0
AGATGATGGAGTCTGG-1,Layer_1,1
AGATGCAAGACGTGCA-1,Layer_5,3
AGATGCATCCTGTGTC-1,Layer_5,2
AGATGCTATAACGAGC-1,Layer_1,1
AGATTATAGGACGTTT-1,Layer_2,0
AGATTCACAACCGATA-1,Layer_5,3
AGCAAAGGCCGCTAGT-1,Layer_3,2
AGCAACATATCTTATT-1,Layer_1,1
AGCAACCGAAAGTAAT-1,Layer_5,3
AGCACACGTTTAGACT-1,Layer_6,5
AGCACCAGTACTCACG-1,Layer_1,1
AGCACTACCGGCCTGT-1,Layer_3,2
AGCACTACCTCACCAG-1,Layer_3,4
AGCACTTAAGGACGCC-1,Layer_2,1
AGCAGAAGGAGAAAGA-1,Layer_4,3
AGCAGCCAGATGAATA-1,Layer_3,2
AGCAGTCGAAGCATGC-1,Layer_4,3
AGCATATCAATATGCT-1,Layer_2,4
AGCATCATTTCGAAAG-1,Layer_5,3
AGCATCGTCGATAATT-1,Layer_1,1
AGCATTACGAGGCAAG-1,Layer_3,2
AGCCAAGCTTTGTGTC-1,Layer_4,3
AGCCACAGGTTACCCG-1,Layer_3,2
AGCCACTCCCGTGCTT-1,Layer_2,0
AGCCATATAGTATGTG-1,Layer_5,3
AGCCCATACATGTAAG-1,Layer_3,2
AGCCCGCAACAAGCAG-1,Layer_5,3
AGCCCGCACTACAATG-1,Layer_3,3
AGCCCGGCATTAGAGG-1,Layer_6,3
AGCCCGGTAGCCTGTA-1,Layer_4,3
AGCCCTAAGCGAAGTT-1,Layer_2,0
AGCCCTCCCTGGTGGC-1,Layer_6,3
AGCCCTGTCGCACCGT-1,Layer_1,1
AGCCCTTCTAATCCGA-1,Layer_3,0
AGCCCTTGGACATCCC-1,Layer_2,4
AGCCGCAAATTCAAAT-1,Layer_3,2
AGCCGTGGCTAAATGT-1,Layer_4,3
AGCCTAATACCCACGT-1,Layer_5,3
AGCCTTAAAGCGGAAG-1,Layer_1,1
AGCGACAGGAACGGTC-1,Layer_3,2
AGCGACATCCCATTCA-1,Layer_2,1
AGCGACCAACGATATT-1,Layer_1,1
AGCGACTTTGAAGACA-1,Layer_6,1
AGCGAGACGTGAAGGC-1,WM,5
AGCGATGCGCCTAATA-1,Layer_3,2
AGCGCATAATGAATCG-1,Layer_3,2
AGCGCGGGTGCCAATG-1,Layer_2,0
AGCGCTAGAGCGATGT-1,Layer_1,1
AGCGCTTATGGGCAAG-1,Layer_3,2
AGCGGACACTTCGTAG-1,Layer_4,2
AGCGGCGGTTAGCGGT-1,Layer_5,3
AGCGGGAAGGGTCCAT-1,Layer_1,0
AGCGGGTCTGACACTC-1,Layer_4,3
AGCGGTTGCCGCTCTG-1,Layer_3,2
AGCGTACGAGAGCTAG-1,Layer_2,1
AGCGTCTGAACCCGCA-1,Layer_3,0
AGCGTGGTATTCTACT-1,Layer_2,0
AGCGTTCCGATTTAAA-1,Layer_3,2
AGCTAACAAGCAATGT-1,Layer_5,3
AGCTAAGCTCCGTCCG-1,WM,1
AGCTAAGTACGCAGGC-1,Layer_3,2
AGCTACGAATGGTGGT-1,Layer_3,3
AGCTAGAAGCAGAAGT-1,Layer_3,0
AGCTATTTAATCCAAC-1,Layer_3,0
AGCTCCATATATGTTC-1,Layer_3,4
AGCTCCTTCGCACATC-1,Layer_3,4
AGCTCGTTGATGGAAA-1,Layer_3,2
AGCTCTAGACGTTCCA-1,Layer_1,1
AGCTCTTCCCAGTGCA-1,Layer_3,0
AGCTCTTCGTAACCTT-1,Layer_1,1
AGCTCTTTACTCAGTT-1,Layer_3,2
AGCTGAAGTAAACCAA-1,Layer_2,0
AGCTGTAACCTCAATC-1,Layer_4,3
AGCTTATAGAGACCTG-1,Layer_3,0
AGCTTCTTCTCGAGCA-1,Layer_3,3
AGCTTGATCAGGGTAG-1,WM,5
AGCTTGATCTTAACTT-1,Layer_3,2
AGGAACGAACGACTTC-1,Layer_3,4
AGGAAGCTGTCCGCCG-1,Layer_3,2
AGGACAGTCGAATCCC-1,Layer_1,0
AGGACATCGCACGTCG-1,Layer_1,1
AGGACATCGGCACACT-1,Layer_3,2
AGGACGACCCATTAGA-1,Layer_3,2
AGGACGCTCGATGTTG-1,Layer_3,0
AGGACTTATAGGAGAA-1,Layer_1,1
AGGAGACATCCACAGT-1,Layer_3,0
AGGAGAGTCTGGCTAC-1,Layer_3,0
AGGAGCGTTTATTATC-1,Layer_3,2
AGGAGGCCTTCGCGCG-1,Layer_2,4
AGGATAAAGTCGGGAT-1,Layer_3,2
AGGATATAGGGATTTA-1,Layer_1,1
AGGATATCCGACTGCA-1,Layer_3,3
AGGATCACGCGATCTG-1,Layer_4,3
AGGATTGCTTACGACA-1,Layer_2,0
AGGCAAAGAGGAATCA-1,,3
AGGCACGTGACTGTCC-1,Layer_2,4
AGGCAGATGCGTAAAC-1,Layer_1,0
AGGCAGGGAGCGTACT-1,Layer_4,3
AGGCATTGTCGTAGGG-1,Layer_1,1
AGGCCACATTGGTTAC-1,Layer_1,1
AGGCCACCCGTTATGA-1,Layer_1,1
AGGCCCAGTGACTGGT-1,Layer_1,1
AGGCCCATTGTACAGG-1,Layer_2,0
AGGCCCTAGAACGCCA-1,Layer_3,2
AGGCCTATCATACCAA-1,Layer_5,3
AGGCCTGAGAATCTCG-1,Layer_3,2
AGGCGATAACTGGCGT-1,Layer_2,4
AGGCGGTTTGTCCCGC-1,Layer_5,3
AGGCGTCTATGGACGG-1,Layer_3,2
AGGCTATGGTTAGCTT-1,Layer_1,1
AGGCTTAAGTTGCACA-1,Layer_5,3
AGGCTTCCCGAAGAAG-1,Layer_3,2
AGGCTTGCTAGACACC-1,Layer_1,1
AGGGAAACGAGGTACT-1,Layer_3,0
AGGGACAGCACGGCGG-1,Layer_3,0
AGGGACCGGCTGCGTT-1,Layer_1,1
AGGGACTCTACGCGAC-1,Layer_3,2
AGGGAGACATACTTCG-1,Layer_2,0
AGGGCAGCGGCGTGGT-1,Layer_3,0
AGGGCCCTAATGTTCT-1,Layer_3,4
AGGGCGAGCAGCTGAT-1,Layer_3,2
AGGGCGTGATCGGCTA-1,Layer_1,1
AGGGCTGCAGTTACAG-1,Layer_1,1
AGGGTCAGAGCACTCG-1,Layer_5,3
AGGGTCAGTAACCCTA-1,Layer_3,0
AGGGTCGATGCGAACT-1,Layer_1,1
AGGGTCTGGACGCAGT-1,Layer_3,2
AGGGTGCCGTTCTTTA-1,Layer_5,3
AGGGTGCTCTCGAGGG-1,Layer_1,1
AGGGTGGATAGTGCAT-1,Layer_3,0
AGGGTTCAGACGGTCC-1,Layer_5,3
AGGGTTCCCTTTGGTT-1,Layer_1,1
AGGGTTTAGTTCGGGA-1,Layer_1,1
AGGTAACCTCCTATTC-1,Layer_2,0
AGGTACGATATTGCCA-1,Layer_3,0
AGGTAGATCGAGATAT-1,Layer_5,3
AGGTAGGTACAAAGCT-1,Layer_2,0
AGGTATAATTGATAGT-1,Layer_1,1
AGGTATGCGGACATTA-1,Layer_1,1
AGGTCAGGTGAGAGTG-1,Layer_3,2
AGGTCGCCTCCCAACA-1,Layer_3,4
AGGTCGCGGAGTTACT-1,Layer_2,0
AGGTGCACGTCCACAT-1,Layer_3,2
AGGTGGTGACCTTCGC-1,Layer_4,3
AGGTGTATCGCCATGA-1,Layer_3,2
AGGTGTTGCCGACCAC-1,Layer_3,4
AGGTTACACCATGCCG-1,Layer_1,1
AGGTTCTCCTTTCCGG-1,WM,5
AGGTTGAGGCACGCTT-1,Layer_1,0
AGGTTTCACACACCTT-1,Layer_2,0
AGTAACGTTCATCCTG-1,Layer_3,2
AGTAACTATAGCAGCC-1,Layer_3,2
AGTAAGGGACAGAATC-1,Layer_3,3
AGTAATCTAAGGGTGG-1,Layer_4,3
AGTAATGTCTTGCCGC-1,Layer_2,0
AGTAATTTGCAAGCGT-1,WM,5
AGTACAGAAGCTTATA-1,Layer_4,3
AGTACATCATTTATCA-1,Layer_2,0
AGTACCTTCGAGTGCT-1,Layer_3,2
AGTACGGCCCGTATCG-1,Layer_3,2
AGTACGGGCACCTGGC-1,Layer_1,1
AGTACGTGGCCTGTCT-1,Layer_3,0
AGTACTCTTATGCCCA-1,Layer_3,2
AGTAGAAGGCGCCTCA-1,Layer_5,3
AGTAGGAAGGAAGTTG-1,Layer_3,0
AGTAGGTAACATACAT-1,Layer_2,0
AGTATAATACTAGGCA-1,Layer_1,1
AGTATACACAGCGACA-1,Layer_5,3
AGTATGCTGGAGACCA-1,Layer_5,3
AGTATTTGGCACGACC-1,Layer_4,2
AGTCAAATGATGTGAT-1,Layer_6,3
AGTCAACACCACCATC-1,Layer_3,2
AGTCAAGATGACACTT-1,Layer_2,4
AGTCACTAGCTCTCGA-1,Layer_3,4
AGTCACTCCGCCTCAT-1,Layer_2,0
AGTCAGCCACCGCCTG-1,Layer_1,1
AGTCCATTGGCTGATG-1,Layer_1,1
AGTCCCGCCTTTAATT-1,Layer_3,0
AGTCCCTCGCAGAAAG-1,Layer_3,0
AGTCGAATTAGCGTAA-1,Layer_3,2
AGTCGACGGTCTCAAG-1,Layer_1,1
AGTCGGCCCAAACGAC-1,Layer_1,1
AGTCGGCTCAACTTTA-1,Layer_3,2
AGTCGGTTGCGTGAGA-1,Layer_1,1
AGTCGTATAAAGCAGA-1,Layer_3,2
AGTCGTCGACCACCAA-1,Layer_3,2
AGTCGTGGGCATTACG-1,Layer_4,3
AGTCTAAAGTATACTC-1,Layer_2,0
AGTCTCACAAGACTAC-1,Layer_4,3
AGTCTGGACATCCTTG-1,Layer_1,1
AGTCTTCTCCTCAAAT-1,Layer_1,1
AGTCTTTAAAGTGTCC-1,Layer_4,3
AGTGAACAAACTTCTC-1,Layer_1,1
AGTGAAGATGGTGTCC-1,Layer_3,0
AGTGACCTACTTTACG-1,Layer_3,2
AGTGACTGTGACACAA-1,Layer_6,3
AGTGAGACTTCCAGTA-1,Layer_1,1
AGTGAGCCTCGCCGCC-1,Layer_2,0
AGTGAGGGTTTCTGAC-1,Layer_3,0
AGTGAGTCGAATTAAC-1,Layer_3,2
AGTGATAACCTGCGCG-1,Layer_3,2
AGTGATATGAGTAGTT-1,Layer_3,2
AGTGATTCAAGCAGGA-1,Layer_1,1
AGTGCACGCTTAAGAA-1,Layer_2,4
AGTGCGTAGCTCGTAA-1,Layer_3,2
AGTGCTAAACACAGCA-1,Layer_3,2
AGTGCTTGCACGAATA-1,Layer_1,1
AGTGGCCCGCAAATGG-1,Layer_3,3
AGTGGCGGCAATTTGA-1,Layer_2,0
AGTGGCGTCTGAAGGT-1,Layer_3,2
AGTGGCTCCGTCGGCC-1,Layer_3,2
AGTGGTGTTACCCGTG-1,Layer_5,2
AGTGGTTGCGTATAGG-1,Layer_3,2
AGTGTATTGCGCATTG-1,Layer_3,0
AGTGTGCTAAGATCGC-1,Layer_1,1
AGTGTGGTCTATTGTG-1,Layer_1,1
AGTTAAACACTTGCGA-1,Layer_3,2
AGTTAAGCGGTCCCGG-1,Layer_3,0
AGTTAAGTCAACCGCT-1,Layer_4,2
AGTTACCCTTAAGACT-1,Layer_2,0
AGTTACCGCACATGGT-1,Layer_2,0
AGTTACTCTATCGTGG-1,Layer_3,0
AGTTATTCAGACTGTG-1,Layer_3,2
AGTTCACCGGTTGGAC-1,Layer_1,1
AGTTCCTACAGAATTA-1,Layer_1,1
AGTTCCTATTTATGTT-1,Layer_2,0
AGTTCTGCGTTGTATC-1,Layer_1,1
AGTTGACATCGGCTGG-1,Layer_1,1
AGTTGACGGTCCTTGC-1,Layer_4,2
AGTTGCGGTCCTCAAC-1,WM,5
AGTTGCTGACTGATAT-1,Layer_1,1
AGTTGGCAAGGCTAGA-1,Layer_3,2
AGTTTATGTAAAGACA-1,Layer_3,0
AGTTTCGCAGGTCGGA-1,Layer_3,0
AGTTTGCACCTGCCTC-1,Layer_3,2
AGTTTGGCACGGGTTG-1,Layer_1,1
AGTTTGGCCAGACCTA-1,Layer_3,2
ATAAACGGACCCGTAA-1,Layer_3,0
ATAAACGTTGCACCAC-1,Layer_3,4
ATAAAGGCTCGGTCGT-1,Layer_1,0
ATAAAGGTCAAGTACG-1,Layer_3,0
ATAAATATTAGCAGCT-1,Layer_3,2
ATAACGCCGGAGGGTC-1,Layer_1,1
ATAACGGAGTCCAACG-1,Layer_1,1
ATAACGTTACCTCCAC-1,Layer_3,2
ATAAGGTGGAGAACAT-1,Layer_3,0
ATAAGTAGGATTCAGA-1,Layer_2,0
ATAAGTAGGGCGACTC-1,Layer_1,1
ATAAGTTACCGCGACG-1,Layer_3,2
ATAATACCGTTAGCCG-1,Layer_1,1
ATAATAGCTGTTGAAT-1,Layer_3,0
ATAATAGTGTAGGGAC-1,Layer_1,1
ATAATCTTGGAGAACC-1,Layer_3,2
ATAATTAGCTAAGTAG-1,Layer_4,2
ATACAGGCCCTCCAAT-1,Layer_3,2
ATACCACGGGCAACTT-1,Layer_3,2
ATACCAGCAAATTGCT-1,Layer_3,0
ATACCAGGCTAATAGA-1,Layer_3,0
ATACCAGGTGAGCGAT-1,,2
ATACCGTCATCCATAA-1,Layer_3,0
ATACCTAACCAAGAAA-1,Layer_3,2
ATACGAAGGCTTTCCA-1,Layer_1,0
ATACGAGGTTTGTAAG-1,Layer_6,3
ATACGCCGGCGAAACC-1,Layer_1,1
ATACGGAACGTCGTTT-1,Layer_5,3
ATACGGGTTTCGATTG-1,Layer_2,0
ATACGGTGAAGATGCA-1,Layer_3,0
ATACGTACTTAGCCAC-1,Layer_3,2
ATACGTCCACTCCTGT-1,Layer_1,1
ATACGTTATGCACGGA-1,Layer_4,2
ATACTACCCGTACCAC-1,Layer_3,4
ATACTAGCATGACCCT-1,Layer_1,1
ATACTCTCGCCACTCT-1,Layer_2,1
ATACTGCCTTACACCG-1,Layer_3,2
ATACTTGTTCTCGAGC-1,Layer_3,0
ATAGACAACGGGACCT-1,Layer_1,0
ATAGACGAAGAGAAAG-1,Layer_1,0
ATAGAGTACTGGGACA-1,Layer_1,1
ATAGAGTTATCAACTT-1,Layer_2,0
ATAGCAACTAGGGAAG-1,Layer_3,2
ATAGCCATAACAGTCA-1,Layer_3,2
ATAGCCTCAGTACCCA-1,Layer_1,1
ATAGCTGCTCTTGTTA-1,Layer_1,1
ATAGGCGGCTATAGAA-1,Layer_3,2
ATAGGCTAGCTTCGCA-1,Layer_2,0
ATAGGGATATCCTTGA-1,Layer_1,0
ATAGGTTGGGCAGATG-1,Layer_1,1
ATAGTCTTTGACGTGC-1,Layer_3,0
ATAGTGAAGCGTTCTC-1,Layer_2,0
ATAGTTCCACCCACTC-1,Layer_1,1
ATATAAAGCGCTCGTG-1,Layer_3,2
ATATAAATGTAGCTGC-1,Layer_3,2
ATATAACACGGGCGCA-1,Layer_3,2
ATATACATGTATGGTA-1,Layer_5,2
ATATACGCTCGTGACG-1,Layer_3,4
ATATAGAGTATTGGTC-1,WM,5
ATATCAACCTACAGAG-1,Layer_1,1
ATATCAATTCCAGCCT-1,Layer_6,2
ATATCGGTAGGGAGAT-1,Layer_1,1
ATATCGTGCCAGACCC-1,Layer_3,2
ATATCGTTCCTCGAAC-1,Layer_3,2
ATATCTCCCTCGTTAA-1,Layer_3,0
ATATCTTAGGGCCTTC-1,Layer_1,1
ATATGGGATAGCAACT-1,Layer_5,3
ATATGTCTAGAGCGTG-1,Layer_5,3
ATATGTCTCCCTAGCC-1,Layer_1,1
ATATTCAGTTAAACCT-1,Layer_3,2
ATATTCCACATAGTGA-1,Layer_3,2
ATATTCCCACAGGTCA-1,Layer_3,0
ATATTGCTGTCAAAGT-1,Layer_1,1
ATATTGGAGAGGCCTT-1,Layer_3,4
ATATTTAACCCTCAAG-1,Layer_1,1
ATCAAACACTGTTCCA-1,Layer_1,1
ATCAAACGAAGGTTTG-1,Layer_3,2
ATCAAAGAGCCGTGGT-1,Layer_6,3
ATCAAGATCCCAGGAC-1,Layer_5,3
ATCAATCTGGGCTGCA-1,Layer_1,1
ATCAATGCCGTGGCTG-1,Layer_6,3
ATCACATTAGAATATC-1,Layer_2,0
ATCACGTGCTAATTAA-1,Layer_3,2
ATCACTTCATCCTCGC-1,Layer_1,0
ATCAGACGGCACGCCG-1,Layer_3,2
ATCAGCCTCATGCTGC-1,Layer_3,2
ATCAGCTCGTCCACTA-1,Layer_4,3
ATCAGGTAGCTGACAG-1,Layer_2,0
ATCAGGTCGCCATTGC-1,Layer_3,0
ATCAGTAGGCAGGGAT-1,Layer_2,0
ATCATAGATCGACGAG-1,Layer_6,3
ATCATAGCCCTATGTA-1,Layer_3,4
ATCATCCAATATTTGT-1,Layer_2,0
ATCATCTGCCCAGTGT-1,Layer_3,2
ATCATGGACTACCGAC-1,Layer_1,1
ATCATTGTACCGCATT-1,WM,5
ATCCAACGCAGTCATA-1,Layer_1,1
ATCCAATGGAGGGTCC-1,Layer_3,2
ATCCAATGGTACCGAA-1,Layer_3,2
ATCCACATCGACAGAA-1,Layer_3,3
ATCCACGCTAAATGTT-1,Layer_3,0
ATCCAGAGCAACAACC-1,Layer_3,2
ATCCAGGATTCGTGAA-1,Layer_3,2
ATCCCATCCACAGCGC-1,Layer_6,3
ATCCCATTTCCGTGGG-1,Layer_5,3
ATCCGGACCAGCCTGA-1,Layer_3,0
ATCCTACCTAAGCTCT-1,Layer_3,2
ATCCTGAATCGCTGCG-1,Layer_3,2
ATCCTGCGTGGAATGG-1,Layer_3,2
ATCCTGCTGCAGATAG-1,Layer_3,0
ATCCTTCTGAAAGAAC-1,Layer_1,1
ATCGACCCAATACAGA-1,Layer_2,0
ATCGACTCTTTCCGTT-1,Layer_1,1
ATCGCACGATTGTTCA-1,Layer_2,1
ATCGCACGCCGGGAGA-1,Layer_1,1
ATCGCCAGTCAACATT-1,Layer_1,1
ATCGCCGTGGTTCATG-1,Layer_3,2
ATCGCTGCGTGCAGCA-1,Layer_3,0
ATCGCTTTACGTCTCA-1,Layer_2,0
ATCGGAGACAGACGGC-1,Layer_3,2
ATCGGCAAGCAGTCCA-1,Layer_3,0
ATCGGTTACCTAGTAA-1,Layer_3,2
ATCGTATTCCGAGAAC-1,Layer_3,0
ATCGTCCAATCGAGTC-1,Layer_1,1
ATCGTGGAAAGTCTGG-1,Layer_6,3
ATCGTTAGCTAGCGGA-1,Layer_3,4
ATCGTTCACTTTCGCC-1,Layer_3,0
ATCTAATATCCTACGG-1,Layer_3,2
ATCTACCATCTGCTCC-1,Layer_3,3
ATCTAGCTTGTGAGGG-1,Layer_4,3
ATCTCCCACGGAATAT-1,Layer_3,4
ATCTCCCTGCAATCTA-1,Layer_2,0
ATCTCGTGAGCGAAAC-1,Layer_1,1
ATCTGACATGGAAGGA-1,Layer_5,3
ATCTGATAGTGTCTTA-1,Layer_1,1
ATCTGCACCTCTGCGA-1,Layer_2,0
ATCTGCTGTTATCGCC-1,Layer_5,3
ATCTGGGCTGTTCTTG-1,Layer_3,2
ATCTGGTTAAGACTGT-1,Layer_1,1
ATCTGTAATTGTACCC-1,Layer_2,0
ATCTTAGGGCATTAAT-1,WM,5
ATCTTATCGCACACCC-1,Layer_3,2
ATCTTGACCTGCAACG-1,Layer_1,1
ATCTTGACTTGTCCAA-1,Layer_2,0
ATCTTTCGTATAACCA-1,Layer_3,0
ATGAAGCCAAGGAGCC-1,Layer_1,1
ATGAAGTGGACCCAGC-1,Layer_3,0
ATGACGCCGGCTCTAA-1,Layer_2,0
ATGACGCGTTCTATCC-1,Layer_4,3
ATGACTATCAGCTGTG-1,Layer_5,3
ATGACTATGCGACATT-1,Layer_2,4
ATGAGGAGTGTTAATC-1,Layer_1,1
ATGAGGGCAGCGGCTA-1,Layer_1,1
ATGATCGGGAATAGAC-1,Layer_2,0
ATGATGCAATGGTACA-1,Layer_3,2
ATGCACCTTCCTTAAT-1,Layer_1,1
ATGCACGCGCTGTTCA-1,Layer_6,3
ATGCACTACCGCATTG-1,Layer_1,1
ATGCATGATCCAGGAT-1,Layer_1,1
ATGCATTCCGTGATGG-1,Layer_3,0
ATGCCAATCGCTCTGC-1,Layer_3,0
ATGCCATTTGCGACCA-1,Layer_1,1
ATGCCGGTCTTGCATA-1,Layer_1,1
ATGCCGGTTGATGGGA-1,Layer_2,0
ATGCGACAATTGGTCC-1,Layer_3,2
ATGCGACAGTCCCATT-1,Layer_1,1
ATGCGAGTCCCACCAC-1,Layer_1,1
ATGCTCAGTGTTGCAT-1,Layer_1,1
ATGCTCTGGCGCGGTA-1,Layer_3,2
ATGCTTAGGAGTTGAT-1,Layer_2,4
ATGGAAATTTAAGGAG-1,Layer_5,3
ATGGAACCTTTGCACA-1,Layer_1,1
ATGGACTGCTTAGTTG-1,WM,1
ATGGAGCAGGCCGTGA-1,Layer_1,1
ATGGATCCGGCGTCCG-1,Layer_2,0
ATGGATTGACCAAACG-1,Layer_1,1
ATGGCAGCATTACGAT-1,Layer_6,5
ATGGCAGCCGAGAAAC-1,Layer_3,0
ATGGCCCGAAAGGTTA-1,Layer_3,2
ATGGCGGAATAGTCGC-1,Layer_2,0
ATGGCTGGAAATGGCC-1,Layer_3,0
ATGGGAACGGAAGCGG-1,Layer_3,0
ATGGGACCTGCTGAAC-1,Layer_5,3
ATGGGCCTCGGCCTCT-1,Layer_1,1
ATGGGTGTATACCTCC-1,Layer_6,3
ATGGTATTGGGAACCG-1,Layer_5,3
ATGGTATTTACTGATT-1,WM,5
ATGGTCGCGTGGTTTC-1,Layer_2,0
ATGGTGCTCAAAGCCA-1,,2
ATGTAAGGCTGCTCTT-1,Layer_2,0
ATGTACATGCGGTGAG-1,Layer_3,2
ATGTACGATGACGTCG-1,Layer_4,3
ATGTAGCGCGCGTAGG-1,Layer_4,3
ATGTCATAATAAACGA-1,Layer_6,3
ATGTCATTTCCCATTG-1,Layer_1,1
ATGTCTTGTTTGACTC-1,WM,1
ATGTGAAAGCCTAATG-1,Layer_3,2
ATGTGCATCCGACGCA-1,Layer_1,1
ATGTGGACATCTTGAT-1,Layer_3,0
ATGTGTAGTTTAGTCA-1,Layer_3,0
ATGTTACGAGCAATAC-1,Layer_1,1
ATGTTCCTGCCCACCT-1,Layer_1,1
ATGTTCGTCGACCCAC-1,Layer_3,0
ATGTTGATTAGAGACT-1,Layer_3,3
ATGTTGTAGTCTGTTT-1,Layer_5,3
ATGTTTCGGCCCGGAG-1,Layer_2,0
ATTAAACATGCGGACC-1,Layer_2,0
ATTAACACCTGAGATA-1,Layer_1,1
ATTAATACTACGCGGG-1,Layer_1,1
ATTAATGAACCAGTCG-1,Layer_2,0
ATTAATTCGGTCACTC-1,Layer_3,0
ATTACAACTACCGGCC-1,Layer_3,0
ATTACATGTCAGTCTT-1,Layer_1,1
ATTACCACACTGCCTG-1,Layer_1,1
ATTACGACTCCACAGT-1,Layer_3,0
ATTACGCGCTGGCAGG-1,Layer_3,2
ATTACGGGCTACGGTT-1,WM,5
ATTACTAGCCTCTTGC-1,Layer_1,1
ATTACTTACTGGGCAT-1,Layer_3,0
ATTAGATTCCTCAGCA-1,Layer_2,0
ATTAGATTGATAGCGG-1,Layer_1,1
ATTAGGCGATGCTTTC-1,Layer_1,1
ATTATACTTTGCTCGT-1,Layer_2,0
ATTATAGCTACTTTAC-1,Layer_2,4
ATTATCGGAATGTACG-1,Layer_5,3
ATTATCTCGACAGATC-1,Layer_3,0
ATTATGAGACCCAATT-1,WM,5
ATTATGCCATAGGGAG-1,Layer_1,1
ATTATTATGTCCGTCA-1,Layer_4,3
ATTATTCAGAGTCACT-1,Layer_3,2
ATTCAACCATTTAAGG-1,Layer_3,4
ATTCACTGATGTTGGA-1,Layer_3,2
ATTCAGGACCTATTTC-1,Layer_3,0
ATTCAGTAGCAGGGTC-1,Layer_1,1
ATTCATATACTGTCCA-1,Layer_3,2
ATTCATCGTTGAGGCA-1,Layer_3,2
ATTCCCACATAAACAA-1,Layer_1,1
ATTCCCGAAGGTACAG-1,WM,5
ATTCCTAAGACGTGGA-1,Layer_3,0
ATTCCTCCGCCAGTGC-1,Layer_1,1
ATTCCTTCCAGGCGGT-1,Layer_1,1
ATTCGACGCCGGGCCT-1,Layer_3,2
ATTCGCAGAGGACACT-1,Layer_3,2
ATTCGCGCCTTGAGAG-1,Layer_3,2
ATTCGTCCCGAGGTTA-1,Layer_3,2
ATTCGTGCTATCTCTT-1,Layer_1,6
ATTCGTGTACCCATTC-1,Layer_4,3
ATTCGTTTATCGTATT-1,Layer_3,2
ATTCTCGTCTCTTTAG-1,Layer_2,0
ATTCTGAGTATGAACT-1,Layer_3,0
ATTCTTCGTACTTATG-1,Layer_3,0
ATTGAAGATCTTAGTG-1,Layer_1,1
ATTGAATTCCCTGTAG-1,Layer_3,2
ATTGACCGGCGATGAC-1,Layer_3,0
ATTGACGTAACTCGGT-1,Layer_3,0
ATTGATAGCAACGAGA-1,Layer_1,1
ATTGATCACCACATTT-1,Layer_5,3
ATTGATGAGTCCTAAC-1,Layer_1,1
ATTGCCTATTAGACCG-1,Layer_6,3
ATTGCCTTTATGTTTG-1,Layer_3,2
ATTGCGATCAGTAACT-1,Layer_1,1
ATTGCTGCTCCTCCAT-1,Layer_2,0
ATTGGATTACAGCGTA-1,Layer_2,4
ATTGGGAATATCTTGG-1,Layer_2,0
ATTGGTAGGATCCGCT-1,Layer_2,0
ATTGGTTGTGCATTAC-1,Layer_3,3
ATTGTACAACTCGGCT-1,Layer_1,1
ATTGTCGCAATACCTT-1,Layer_3,0
ATTGTCTGTTTCATGT-1,Layer_5,3
ATTGTGACTTCGCTGC-1,Layer_3,2
ATTGTTCAACGATCCG-1,Layer_1,1
ATTTAACTCGTATTAC-1,Layer_2,0
ATTTACAGTTTACTGG-1,Layer_1,1
ATTTACTAAGTCCATT-1,Layer_2,0
ATTTATACTGGTAAAG-1,Layer_5,3
ATTTCATTATTTCGCG-1,Layer_3,0
ATTTCCGGGTTCTGCG-1,Layer_4,3
ATTTGCCTAGTTACGA-1,,2
ATTTGCGCGAGTAGCT-1,Layer_4,3
ATTTGGAGATTGCGGT-1,Layer_6,1
ATTTGTCTTGGGAGCT-1,Layer_1,1
ATTTGTTCCAGGGCTC-1,Layer_2,0
CAAACCAGGTCTGCAT-1,Layer_3,2
CAAACCATAAGCGTAT-1,Layer_4,3
CAAACCCTCCGGCGGG-1,Layer_4,3
CAAACGAGTATCGCAG-1,Layer_3,2
CAAACGGTCGCACTTT-1,Layer_1,1
CAAACGTGGTCTTGCG-1,Layer_3,0
CAAACTACGATAGAGA-1,Layer_3,0
CAAACTATTGAGCTTC-1,Layer_3,0
CAAACTCGCGACGCCG-1,Layer_1,1
CAAAGATTATTGGGCC-1,Layer_4,3
CAAAGGTCATCTGAAA-1,Layer_1,1
CAAAGTCAGGTTAGCT-1,Layer_1,1
CAAATCTCTCACAAGG-1,Layer_3,2
CAAATGCGGAGTGTTC-1,,2
CAAATGTCCTTCCGTG-1,Layer_3,2
CAAATTGGATTATGCC-1,Layer_3,0
CAAATTGTCAGCAAGC-1,Layer_3,0
CAACACATCTCCTGCC-1,Layer_2,0
CAACAGAATAACGCTA-1,Layer_3,2
CAACCAGTGGCCTACC-1,Layer_3,4
CAACCGCACCTAGACA-1,Layer_1,1
CAACCTACCGAGCAGT-1,Layer_3,4
CAACCTGAACCTGCCA-1,Layer_3,0
CAACGACCCGTTTACA-1,Layer_1,1
CAACGAGCTTATTATG-1,WM,5
CAACGATCGATCCAAT-1,Layer_3,2
CAACGCGATGAGCCAA-1,WM,1
CAACGGTTCTTGATAC-1,Layer_1,1
CAACGTGGTGGAGTCT-1,Layer_2,4
CAACTATATCGAATGC-1,Layer_3,0
CAACTCCAACGTTTAG-1,Layer_3,0
CAACTCCGTAACTTGC-1,Layer_3,2
CAACTCCTTGATCCCG-1,Layer_1,1
CAACTGCTCATCCGAT-1,Layer_4,2
CAACTTGTAGTGGGCA-1,Layer_2,0
CAAGACTCAGAAGCGC-1,Layer_3,0
CAAGAGGGCGGAGTAC-1,Layer_2,0
CAAGATATTATAACGT-1,Layer_1,1
CAAGCAACGTCGGAGT-1,Layer_2,0
CAAGCACCAAATGCCT-1,Layer_2,0
CAAGCGGCACATAATT-1,Layer_3,2
CAAGGATCGCATGTTC-1,Layer_2,0
CAAGGCCAGTGGTGCA-1,Layer_3,2
CAAGGTCCTATAGGCT-1,Layer_1,1
CAAGTAAGTGATAGAC-1,Layer_5,3
CAAGTCGTTGAAATCT-1,Layer_6,3
CAAGTGAACTTTGGTT-1,Layer_3,0
CAAGTGTGGTTGCAAA-1,Layer_1,1
CAATAAACCTTGGCCC-1,Layer_1,1
CAATACGAGAGTCTGA-1,Layer_1,1
CAATACGCTCTGAGGC-1,Layer_3,2
CAATATTCTTGACCTA-1,Layer_4,2
CAATATTGGACTAGTG-1,Layer_2,1
CAATCCCTATACCAGC-1,Layer_3,0
CAATCCTGCCGTGGAG-1,Layer_1,1
CAATGACCCTTAATTT-1,Layer_5,3
CAATGAGGTTCGACTA-1,Layer_2,0
CAATGCGAGAAGTATC-1,Layer_3,4
CAATGGAATCTACATA-1,Layer_3,0
CAATGGATCTCTACCA-1,Layer_1,1
CAATGGTCGGCCTGGG-1,Layer_3,0
CAATGTGCCAACCCTT-1,Layer_1,1
CAATTAAGGGTGATGA-1,Layer_1,1
CAATTGGGCCGCACTC-1,Layer_6,2
CAATTTCGTATAAGGG-1,Layer_1,0
CACAAACCGCAGAACT-1,Layer_3,2
CACAAGAAAGATATTA-1,Layer_3,2
CACAAGCTAAGAAAGG-1,WM,5
CACAATGAGCTGCTAT-1,Layer_3,2
CACACACGCTAACGAG-1,Layer_2,4
CACACAGCTTGCGCTC-1,Layer_1,1
CACACAGGGATAGATT-1,Layer_1,1
CACACGCGCTGTCTTA-1,Layer_1,1
CACACGTTTCAATGGG-1,Layer_3,0
CACAGAGACGAGGACG-1,Layer_6,5
CACAGCACCCACGGCA-1,Layer_1,1
CACAGCTAGGGAGTGA-1,Layer_1,1
CACAGGGCCATATAGT-1,Layer_3,4
CACAGGGCCGTTGTCA-1,Layer_4,2
CACAGTCCCGCTTCGC-1,Layer_3,4
CACAGTTCGCTTCCCA-1,Layer_2,4
CACATATTAGCAGGAT-1,Layer_2,0
CACATCGTGCACGCGC-1,Layer_4,3
CACATCTCACCGACGA-1,Layer_3,2
CACATGATTCAGCAAC-1,Layer_1,0
CACATGTTTGGACATG-1,Layer_1,1
CACATTCTTTCGATGG-1,Layer_3,0
CACATTTCTTGTCAGA-1,Layer_1,1
CACCAATCATCCGTCT-1,Layer_5,3
CACCACGCCACACAGA-1,Layer_3,2
CACCAGTCAGCATGCA-1,Layer_5,3
CACCATCGGAGGAGAC-1,Layer_3,0
CACCATGATCGCAAAG-1,Layer_3,2
CACCCAAATCTTATGT-1,Layer_1,1
CACCCACACGTCACCC-1,Layer_1,1
CACCCACGAGGCAATT-1,Layer_2,0
CACCCGCGTTTGACAC-1,Layer_3,2
CACCCGGTTTGTGACT-1,Layer_3,2
CACCCTAACAAGATCT-1,Layer_3,2
CACCCTTGGTGAGACC-1,Layer_4,3
CACCCTTTCCTCGCTC-1,Layer_2,0
CACCGATACACCGAGC-1,Layer_3,0
CACCGATGATGGGTAC-1,Layer_3,2
CACCGCCAGAAGGTTT-1,Layer_1,1
CACCGCCGACCAGCGA-1,Layer_3,0
CACCGCGTCCACTCTA-1,Layer_3,0
CACCGGAGATATCTCC-1,Layer_3,2
CACCGGGCATCACAAG-1,Layer_3,3
CACCGGTAGAGACATT-1,WM,5
CACCGTATCCCATCCG-1,Layer_1,1
CACCGTTAGGGATCAC-1,Layer_4,2
CACCGTTGCGCGATAT-1,Layer_3,2
CACCTAATAGAGTCGT-1,Layer_1,1
CACCTAATCAGTTTAC-1,Layer_2,0
CACCTCGATGGTGGAC-1,Layer_2,0
CACCTTGCGAAACTCG-1,Layer_2,0
CACCTTGGCGCCTTTG-1,Layer_1,1
CACGAAAGTTAGTCCC-1,Layer_2,1
CACGACCACAGACTTT-1,,2
CACGACTAAAGTTCTG-1,Layer_3,0
CACGAGCAAACCAGAC-1,WM,5
CACGATTGGTCGTTAA-1,,2
CACGCACAGCGCAGCT-1,Layer_1,1
CACGCAGCGAGGCTTT-1,Layer_1,1
CACGCGGAACTGTTGC-1,Layer_1,1
CACGGACGTGGATGGC-1,Layer_3,0
CACGGCGCGCCAAAGG-1,Layer_3,0
CACGGGATTGAGGGTT-1,Layer_3,0
CACGTCAATCAATGGA-1,Layer_3,4
CACGTCGGCAACCTCT-1,Layer_3,2
CACGTCGGGTTCTAGA-1,Layer_1,1
CACGTCTATGATGTGG-1,Layer_3,2
CACGTTCGTGCTCTAG-1,Layer_1,1
CACGTTTCGTACACAC-1,Layer_3,4
CACTAAAGTTGCCTAT-1,Layer_2,0
CACTACGGGAGCTGCC-1,Layer_3,4
CACTACTCAGTTCTGT-1,Layer_3,0
CACTCAAGAGCTATGG-1,Layer_2,0
CACTCAGCTCTTGAGG-1,Layer_3,0
CACTCCTATGTAAGAT-1,Layer_4,3
CACTCCTCTCGGTCGG-1,Layer_3,0
CACTCGAGCTGAACAA-1,Layer_3,0
CACTCGGTTAGGAGGA-1,Layer_3,2
CACTCTCAAGCATCGA-1,Layer_5,3
CACTCTTCTGCTAGCC-1,Layer_3,4
CACTGACGATTGTGGA-1,Layer_5,3
CACTGTCCAAGTGAGA-1,Layer_1,1
CACTTAATCAGACGGA-1,Layer_2,0
CACTTCGCCACAGGCT-1,Layer_1,1
CACTTCGTCTTATCTC-1,Layer_1,1
CAGAACTTAGCCCTCT-1,Layer_3,4
CAGAATAACACACGGA-1,Layer_2,4
CAGAATATTCGTTATC-1,Layer_1,1
CAGACACCGATCGCTG-1,Layer_3,2
CAGACCTGTAAGTGTT-1,Layer_1,1
CAGACGAACCTGATAC-1,Layer_3,2
CAGAGACGGTCACCCA-1,Layer_3,2
CAGAGCATGAGCTTGC-1,Layer_1,1
CAGAGCGATGGATGCT-1,Layer_3,2
CAGAGGCGATGCATGA-1,Layer_3,2
CAGAGTGATTTAACGT-1,Layer_3,0
CAGATAATGGGCGGGT-1,Layer_3,2
CAGATACTAACATAGT-1,Layer_1,1
CAGATATGAAGATGAC-1,WM,5
CAGATCATTTAAAGTC-1,Layer_3,0
CAGATCCTGGTTTGAA-1,Layer_5,3
CAGATGTTTGTCCCAA-1,Layer_5,3
CAGCAGCCCGTTCCTT-1,Layer_1,1
CAGCAGTCCAGACTAT-1,Layer_1,1
CAGCAGTCTGTGCTGC-1,Layer_3,3
CAGCCCTCACAGGCAG-1,Layer_3,0
CAGCCGGGCCCTCTAT-1,Layer_3,0
CAGCCTCCTGCAGAGG-1,Layer_1,0
CAGCCTCGATAGCGGT-1,Layer_3,4
CAGCCTCTCCTCAAGA-1,Layer_3,0
CAGCGATTCCCTTCAA-1,Layer_3,2
CAGCGCCAACACGATA-1,Layer_3,2
CAGCTCACTGAGACAT-1,Layer_1,1
CAGCTCGACAAGTTAA-1,Layer_1,1
CAGCTCGTGCTTGTGT-1,Layer_1,1
CAGCTCTGGGCTCACT-1,WM,1
CAGCTGGCGTAACCGT-1,Layer_4,2
CAGCTTAGTAGGTAGC-1,Layer_2,1
CAGGAAGACTTTATAT-1,Layer_3,0
CAGGACAGCTGCCCTT-1,Layer_2,0
CAGGATATATCGTTGT-1,Layer_3,0
CAGGATCCGCCCGACC-1,,2
CAGGCAGTCTTACCAG-1,Layer_3,3
CAGGCCAGTACCACCT-1,WM,5
CAGGCCGTTTGGGTGT-1,Layer_3,2
CAGGCGCACGGTGGTC-1,Layer_4,3
CAGGCGCCATGCTAGG-1,Layer_3,0
CAGGGAGATAGGCCAG-1,WM,5
CAGGTTTAGTACTACA-1,Layer_3,2
CAGTAACTATTTATTG-1,Layer_3,0
CAGTAAGGGACGTCTC-1,WM,5
CAGTAATCCCTCCCAG-1,Layer_1,1
CAGTACATTCTCTAAA-1,Layer_3,0
CAGTACCAGTTTACGT-1,Layer_4,3
CAGTAGATGATGTCCG-1,Layer_1,1
CAGTAGCCCACGCGGT-1,Layer_2,0
CAGTCGAGGATGCAAT-1,Layer_2,0
CAGTCGGCCTAGATAT-1,Layer_5,2
CAGTCTCTCGGCTAAT-1,Layer_2,0
CAGTCTGTATACTGGG-1,Layer_2,0
CAGTGAATAAATGACT-1,Layer_1,0
CAGTGGTTGCACATGA-1,Layer_1,1
CAGTGTCCGCAGAATG-1,Layer_1,1
CAGTGTCGGCTGGCCC-1,Layer_2,4
CAGTGTTAATCTCTCA-1,WM,5
CAGTTCAAATTGACAC-1,Layer_1,1
CAGTTCCGCGGGTCGA-1,Layer_1,1
CAGTTCGAGGACCCGA-1,Layer_5,3
CATAACGGACAGTCGT-1,Layer_1,1
CATAAGAAGCTTGGCT-1,Layer_3,2
CATAAGCTCTCCGTCT-1,Layer_3,2
CATAATGAGCGGGCGA-1,Layer_3,0
CATACAAAGCCGAACC-1,Layer_1,1
CATACACAAAGTCAGC-1,Layer_6,2
CATACACGGTTCCCAC-1,Layer_4,3
CATACCCGTACCCAGT-1,Layer_3,0
CATACGAACTAGCTGG-1,Layer_5,3
CATACGGCGTCTGGGC-1,Layer_2,0
CATACTATGTAATTGT-1,Layer_2,0
CATACTTAGGCAATAC-1,Layer_1,1
CATACTTCTTTCTCCG-1,Layer_5,3
CATAGAGGAGATACTA-1,Layer_3,3
CATAGCCGCCCGGGAT-1,Layer_1,1
CATAGCGTTGCCCACC-1,Layer_3,2
CATAGGGACACTTGTG-1,WM,5
CATAGTACATTGAGAG-1,Layer_3,0
CATAGTAGCATAGTAG-1,Layer_1,1
CATAGTCAAATACATA-1,Layer_3,2
CATAGTCCACAAGAAC-1,Layer_3,2
CATAGTGGGCACGCCT-1,Layer_3,2
CATATACTACTGATAA-1,Layer_3,0
CATATAGGTACAGTCA-1,Layer_3,0
CATATGTCAGGCTACG-1,Layer_4,2
CATATTATTTGCCCTA-1,Layer_3,0
CATCAAACTGGCGCCC-1,Layer_3,2
CATCAACACCTACTAA-1,Layer_1,1
CATCATCTACCCGGAC-1,Layer_3,0
CATCATTACCCTGAGG-1,Layer_2,4
CATCCAATATAGTTTG-1,WM,5
CATCCCGAGATTCATA-1,Layer_3,2
CATCCGCAGGCCCGAA-1,Layer_1,1
CATCCTCTCAAAGATC-1,Layer_3,4
CATCGCCCGCGGCCAA-1,Layer_2,0
CATCGGACGGGTTAAT-1,Layer_2,0
CATCGTCCGGTTACTA-1,Layer_1,1
CATCTAGTGAAGGGAA-1,Layer_1,1
CATCTGCAGGATCATT-1,Layer_3,0
CATCTTACACCACCTC-1,Layer_1,1
CATGAACCGACATTTG-1,Layer_2,0
CATGAACCTCTTATCA-1,Layer_3,0
CATGACTTCGCTGAAT-1,Layer_1,6
CATGAGATGCACTCTC-1,Layer_3,2
CATGAGTCCATCACGG-1,WM,5
CATGATACGGTGAAAC-1,Layer_5,3
CATGATCGCTTTGAGA-1,Layer_3,2
CATGATGCACAATTCT-1,Layer_1,0
CATGATGGAAGTTAGC-1,Layer_1,1
CATGCACATGAGAGGC-1,WM,5
CATGCACGTGTTACTG-1,Layer_3,2
CATGCATGGAGACCCT-1,Layer_3,0
CATGCCAACTCGCAAA-1,Layer_3,2
CATGCGACCAGTTTAA-1,Layer_2,0
CATGCGTTAGACAGAA-1,Layer_2,0
CATGCGTTGAGAGGAG-1,Layer_6,3
CATGCTGGCTCCAATT-1,Layer_3,0
CATGGATTGTCTTCCG-1,Layer_2,4
CATGGCAGGAAGATCG-1,Layer_1,1
CATGGCTCCCTATGTC-1,Layer_2,0
CATGGGTATGCCTTAT-1,Layer_3,2
CATGGGTCGGGTGTGG-1,Layer_2,0
CATGGTAAGTAGCGTT-1,Layer_2,0
CATGGTATTAGTTTGT-1,Layer_6,3
CATGGTCTAGATACCG-1,Layer_1,1
CATGGTTTATTAATCA-1,Layer_3,2
CATGTAAGAGACATTT-1,Layer_3,4
CATGTAGGAGCGCCAA-1,Layer_3,2
CATGTCTCATTTATGG-1,Layer_2,4
CATGTGGGCTCATCAC-1,Layer_4,3
CATTACATAGATTGTG-1,Layer_3,0
CATTACGCAGGAAGGG-1,Layer_3,3
CATTACGTCGGCCCGT-1,Layer_2,0
CATTATAACAGGGTCC-1,,4
CATTATCCCATTAACG-1,Layer_6,3
CATTATGCTTGTTGTG-1,Layer_1,1
CATTCACTGACAGCTA-1,Layer_3,0
CATTCCCATTCCGTCG-1,Layer_2,0
CATTCCCTAAGTACAA-1,Layer_1,1
CATTCGTCGTAGCGGT-1,Layer_3,1
CATTGATGAACACGCC-1,Layer_3,0
CATTGCAAAGCATAAT-1,Layer_3,2
CATTGCGAAATGGGCG-1,Layer_3,2
CATTGCGGGTCAATTC-1,Layer_3,0
CATTGTGTGCTAGATC-1,Layer_1,1
CATTTAGCGGACCATG-1,Layer_2,0
CATTTATCGTTCAAGA-1,Layer_3,0
CATTTCTAGCAGACTA-1,Layer_1,1
CATTTGAGTGGTACGT-1,Layer_3,2
CCAAACAGAACCCTCG-1,Layer_1,1
CCAAAGCAGTTGGTTG-1,Layer_1,1
CCAAATAACAAGATTC-1,Layer_1,1
CCAAATCAAAGGGCAA-1,WM,5
CCAACCTTATGTAACT-1,Layer_5,3
CCAACGATGCACTGAT-1,Layer_1,1
CCAACGCTTGCCAGGG-1,Layer_3,2
CCAACTTGATAGATCC-1,Layer_1,1
CCAAGAAAGTGGGCGA-1,Layer_3,2
CCAAGACTTCTGCGAA-1,Layer_1,1
CCAAGCGTAACTCGTA-1,Layer_1,1
CCAAGGAACAGAGAGG-1,Layer_2,0
CCAAGGTTGCCCTTTC-1,Layer_3,2
CCAAGTTTCTACAGAT-1,Layer_1,1
CCAATAGATTTCATCT-1,Layer_3,0
CCAATAGTGCCGTCGA-1,Layer_2,0
CCAATCGGTAGATCGA-1,Layer_3,0
CCAATGTCACAGCAAG-1,Layer_2,0
CCAATTACGGGTCGAG-1,Layer_3,0
CCAATTGAATGTTAAT-1,Layer_1,1
CCACAATGTACGTCTT-1,Layer_1,1
CCACACTGAGATATTA-1,Layer_2,2
CCACAGCTGAAATCAT-1,Layer_2,0
CCACAGTACCCATCCT-1,Layer_2,0
CCACATACTGCACCCA-1,Layer_1,1
CCACATGGCTCTTTAT-1,Layer_6,2
CCACCAACTTTACTGT-1,Layer_3,2
CCACCCAAGGAAAGTG-1,Layer_1,1
CCACCTGTATGGAATA-1,Layer_3,4
CCACGAATTTAACCTC-1,Layer_1,6
CCACGAGAAGAGAATC-1,Layer_2,0
CCACGGAGCCATAAGA-1,Layer_3,2
CCACGGCAGGTGTAGG-1,Layer_6,3
CCACGGTGCCCGGTAG-1,Layer_1,1
CCACGTAAATTAGACT-1,Layer_2,0
CCACTATCCGGGTCAC-1,Layer_2,0
CCACTCAGATCCGCAA-1,Layer_4,3
CCACTGGTGGCTGGTT-1,Layer_3,2
CCACTGTTTGGATTAA-1,Layer_3,4
CCACTTTCCTTCTAGG-1,Layer_3,2
CCAGAAACTGATGCGA-1,Layer_3,2
CCAGAAAGCAACTCAT-1,Layer_3,2
CCAGAGACAAAGCCGG-1,Layer_1,1
CCAGATAGTTGAGTGA-1,Layer_1,1
CCAGATGTAAATGGGT-1,Layer_3,0
CCAGCCTGGACCAATA-1,Layer_1,1
CCAGCGGGATCACCAG-1,Layer_2,0
CCAGCTACGCCTCATA-1,Layer_2,0
CCAGCTCGAACGCATT-1,Layer_4,2
CCAGCTGATGGTACTT-1,Layer_3,2
CCAGCTTCCGCCCGCA-1,Layer_2,0
CCAGGCGAGATGGTCT-1,WM,5
CCAGGCTGGCGTCTGA-1,Layer_2,4
CCAGGGACGTGGCCTC-1,Layer_1,1
CCAGTAGTCTGATCCA-1,Layer_1,0
CCAGTCAAATCTCTTA-1,Layer_4,2
CCAGTCCATTATTCGA-1,Layer_1,1
CCAGTCTAGACGGCGC-1,Layer_2,0
CCAGTCTTGTCATAGA-1,Layer_3,2
CCAGTGTACAGACCGA-1,WM,5
CCAGTTCGGTAACTCA-1,Layer_4,3
CCATAAACAACCCGAC-1,Layer_3,0
CCATAACCTGTGCAGT-1,Layer_5,3
CCATACCTTTACTTGT-1,Layer_2,0
CCATACTCGCCTCTCC-1,Layer_3,0
CCATAGAGGCTGCCAG-1,WM,1
CCATAGGTTGGCGTGG-1,Layer_1,1
CCATAGTCAGTAACCC-1,Layer_1,1
CCATATGGAAACTATA-1,Layer_2,4
CCATATTGGATCATGA-1,Layer_1,1
CCATCCATACCAAGTC-1,Layer_1,1
CCATCGCAGTTAAACT-1,Layer_3,2
CCATCTCACCAGTGAA-1,Layer_1,1
CCATCTTGTTCACAAT-1,Layer_3,0
CCATGCCCTAGATTTC-1,Layer_3,4
CCATGCCTGTTTAGTA-1,Layer_2,0
CCATGCTCTGCAGGAA-1,Layer_1,1
CCATGGCAAACGCTCA-1,Layer_6,1
CCATGGCCCTTGTACC-1,Layer_2,0
CCATGTTCATCTATAT-1,Layer_6,3
CCATTAGCGATAATCC-1,Layer_1,0
CCATTCCCTGCCCACA-1,Layer_2,0
CCATTGTTTCCTCCAT-1,Layer_3,0
CCATTTCTACCTATTA-1,Layer_3,2
CCCAAACATGCTGCTC-1,Layer_1,1
CCCAACATACGTCGCG-1,Layer_3,2
CCCAACCACACTAACA-1,Layer_3,0
CCCAAGAATGCACGGT-1,Layer_3,2
CCCAAGACAGAGTATG-1,Layer_3,0
CCCAAGTCATTACACT-1,Layer_3,3
CCCAATGAGATTTGCA-1,Layer_4,3
CCCAATTTCACAACTT-1,Layer_3,2
CCCACTCCACGGTATC-1,Layer_5,2
CCCAGAGGAGGGCGTA-1,Layer_3,0
CCCAGATTCCCGTGAC-1,WM,1
CCCAGGAAGAATTCGA-1,Layer_5,3
CCCAGGTCTGAAGGCT-1,Layer_1,1
CCCAGTAAACTTGGGA-1,Layer_5,3
CCCAGTTAAGGCGCCG-1,Layer_1,1
CCCATATAGGTCGATT-1,Layer_3,2
CCCATTATTGTATCCT-1,Layer_3,2
CCCGAAGTTTCGCGAA-1,Layer_4,2
CCCGACCATAGTCCGC-1,Layer_2,0
CCCGAGTTTCTCCGTA-1,Layer_1,1
CCCGATAGCCTCGCCT-1,Layer_2,0
CCCGCAAATAATCATC-1,Layer_6,3
CCCGCAGCGCGAACTA-1,Layer_3,0
CCCGCAGGGCCCAAAG-1,Layer_3,0
CCCGCCATGCTCCCGT-1,Layer_1,1
CCCGCGCAATGCACCC-1,Layer_1,1
CCCGGCACGTGTCAGG-1,Layer_3,3
CCCGGGTCGTTCAGGG-1,Layer_4,3
CCCGGTGGAAGAACCT-1,Layer_1,1
CCCGGTGTATCGGAAT-1,Layer_5,3
CCCGTAAGTCTAGGCC-1,Layer_3,2
CCCGTAGCTGGGAAGA-1,Layer_4,3
CCCGTCAGCGTCTGAC-1,Layer_1,1
CCCGTGACAGTGCCTT-1,Layer_4,3
CCCGTGAGGGCGGTGA-1,Layer_4,2
CCCGTTTCGCAGATGT-1,Layer_1,1
CCCTACCCACACCCAG-1,Layer_4,3
CCCTACTTGAACAATG-1,Layer_3,3
CCCTAGCTCTAAGGTC-1,Layer_6,3
CCCTAGGCAACAAGAG-1,Layer_5,2
CCCTAGTGTCAGGTGT-1,Layer_1,1
CCCTATGTAGAGCAGA-1,Layer_5,3
CCCTCAAGCTCTTAGT-1,Layer_1,1
CCCTCAGATCGAGAAC-1,WM,5
CCCTCATCACAGAGTA-1,WM,5
CCCTCATTCTGGAATT-1,Layer_1,1
CCCTCCTCGCTCGTAT-1,Layer_1,1
CCCTCGATAATACACA-1,Layer_6,3
CCCTCGGGAGCCTTGT-1,Layer_3,2
CCCTGAAATGAGTTGA-1,Layer_1,1
CCCTGACTAACAAATT-1,Layer_3,2
CCCTGATGTAACTCGT-1,Layer_1,1
CCCTGCCCAATCCGCT-1,Layer_3,2
CCCTGCGCTACGCATA-1,Layer_3,2
CCCTGGCTGTTCCTTC-1,Layer_5,2
CCCTGGGAGGGATCCT-1,Layer_5,3
CCCTGGTATGGGCGGC-1,Layer_3,0
CCCTGTTGGCAAAGAC-1,Layer_1,1
CCCTTTAATGGAGTTC-1,Layer_3,4
CCCTTTGACAGGTCTT-1,Layer_3,2
CCGAAAGTGGTGAGCA-1,Layer_1,1
CCGAACACTGGGCCTC-1,Layer_3,2
CCGAACCTTCCCGGCC-1,Layer_3,0
CCGAAGCATTGACCAA-1,WM,5
CCGAAGGGCGTACCGC-1,Layer_3,0
CCGAAGTATATTGTTC-1,Layer_1,1
CCGACAAACACATGAG-1,Layer_1,1
CCGACAAAGGGAGTGC-1,Layer_3,2
CCGACAATAGGCCGCC-1,Layer_2,4
CCGACGGGCATGAGGT-1,Layer_4,3
CCGACGTAAACACAAC-1,Layer_3,0
CCGACTCGCATAGTCT-1,Layer_3,0
CCGAGAAGTCGCATAA-1,Layer_1,1
CCGAGCTGTGCTTGTC-1,Layer_3,2
CCGAGGGATGTTAGGC-1,Layer_3,0
CCGATATGACGTAAGG-1,Layer_2,4
CCGATCTCAACCTTAT-1,Layer_1,1
CCGATTCGAGGGACCC-1,Layer_3,2
CCGATTGGTCAATGAA-1,Layer_3,2
CCGCACAAAGACCAAC-1,Layer_1,1
CCGCACACGAACGTGT-1,Layer_1,1
CCGCACGTGACCTCGG-1,Layer_2,1
CCGCACTTGCAATGAC-1,Layer_3,2
CCGCATGTGGTACGAT-1,Layer_3,2
CCGCCACCACAATCCA-1,Layer_3,0
CCGCCGGAACTTCTCG-1,Layer_5,3
CCGCCGGTCAACACAC-1,Layer_2,0
CCGCCGTTGAGGATAA-1,Layer_1,1
CCGCCTGCGAATTGGT-1,Layer_3,0
CCGCCTTGCGATGTCG-1,Layer_4,2
CCGCGATTTGGTAGGT-1,Layer_3,2
CCGCGCAAGATACCCA-1,WM,5
CCGCGGAATGCGTCAC-1,Layer_3,2
CCGCGGGTACGAAGAA-1,Layer_2,1
CCGCGTAGGTAAGGGC-1,Layer_2,0
CCGCTATCAGCACCAG-1,Layer_3,0
CCGCTCCAGGGCGATC-1,Layer_5,3
CCGCTCCGGATAAGCT-1,WM,5
CCGCTCTTCCGAACTA-1,Layer_3,2
CCGCTGGTGCCATTCA-1,Layer_3,0
CCGCTTACCTCACTCT-1,Layer_3,2
CCGCTTGCTGACATGG-1,Layer_3,0
CCGGAAGTGCAATATG-1,Layer_3,3
CCGGAAGTTATCAGTC-1,Layer_1,1
CCGGAATGGTTTCAGT-1,Layer_1,1
CCGGAGCGTACTTTCT-1,Layer_3,2
CCGGAGGTCTTATGGT-1,Layer_3,2
CCGGCACGACCGTTTC-1,Layer_1,1
CCGGCCGCGAGCATAT-1,Layer_6,2
CCGGCGCATATTGGAT-1,Layer_2,0
CCGGCGTGAGACTCTG-1,Layer_4,2
CCGGGACCCGCAGAGA-1,Layer_1,0
CCGGGCGGTCTCGTCA-1,Layer_1,1
CCGGGCTAAGAATTTC-1,WM,5
CCGGGCTGCTCCATAC-1,Layer_1,1
CCGGGTTCGAGGTTAC-1,Layer_3,2
CCGGTAATGGCTAGTC-1,Layer_1,1
CCGGTATCTGGCGACT-1,Layer_5,3
CCGGTTTGTAATTGTG-1,Layer_4,3
CCGTAAGTTGGTCCCA-1,Layer_1,1
CCGTACCCAAGCGCCA-1,Layer_1,0
CCGTAGGAAATCCCTG-1,Layer_3,2
CCGTAGGGTTGTTTAC-1,Layer_3,4
CCGTATCTCGTCGTAG-1,Layer_4,3
CCGTATTAGCGCAGTT-1,Layer_3,0
CCGTCAACCTCTGGCG-1,WM,5
CCGTGAGGCATTCATG-1,Layer_1,4
CCGTGCCCATGACGGC-1,Layer_2,0
CCGTGGAACGATCCAA-1,Layer_3,0
CCGTGTTAAATTCCAT-1,Layer_3,2
CCGTTACGTTAGAACA-1,Layer_2,0
CCGTTCCGAATCTCGG-1,Layer_3,2
CCGTTTCCTTTCCGTG-1,Layer_6,1
CCTAAACAGGGTCCGT-1,,2
CCTAAAGGCTGACGCT-1,Layer_3,0
CCTAAATTAACGGTTC-1,Layer_2,0
CCTAAATTGTATCCTA-1,Layer_1,1
CCTAACCCAAACAAGT-1,Layer_2,4
CCTAACTAAGGCTCTA-1,Layer_3,0
CCTACAAGTCCGGAAT-1,Layer_3,2
CCTACAGTTGAGGGAG-1,Layer_5,3
CCTACATTCACAGACG-1,Layer_3,2
CCTACGCGACCTTACA-1,Layer_3,2
CCTACGGCTCAGTCGA-1,Layer_1,1
CCTACTCAACACGATT-1,Layer_3,4
CCTACTGCGGCGGCCA-1,Layer_3,0
CCTACTGCTTACACTT-1,Layer_1,1
CCTAGGCGTAGCGATC-1,Layer_1,1
CCTAGGTAAAGGTAGC-1,Layer_5,3
CCTAGTTAGTCGCATG-1,Layer_3,0
CCTATAATGAGTGCCC-1,Layer_3,2
CCTATACCGTCCTGTC-1,Layer_3,2
CCTATATCGTGTCACG-1,Layer_6,3
CCTATATTTGTCCTGG-1,Layer_4,3
CCTATCTATATCGGAA-1,Layer_2,0
CCTATGAAGTGGTGCC-1,Layer_1,1
CCTATGGCTCCTAGTG-1,Layer_5,3
CCTATGGGTTACCGTC-1,Layer_1,1
CCTATGGTCAAAGCTG-1,Layer_4,3
CCTATGTCCACTCCAC-1,Layer_3,2
CCTATTATTCCGGCCG-1,WM,5
CCTCAACGATCGCTGT-1,Layer_5,3
CCTCACCAATCTTGAC-1,Layer_1,1
CCTCACCTGAGGGAGC-1,Layer_2,0
CCTCACCTTAGCATCG-1,Layer_2,0
CCTCACGTCAGCTAAT-1,Layer_3,4
CCTCATGCAGCTACGA-1,Layer_2,0
CCTCCCGACAATCCCT-1,Layer_3,0
CCTCCGACAATTCAAG-1,Layer_2,0
CCTCCTAGCTAGAGTC-1,WM,5
CCTCCTGAGCCCACAT-1,Layer_3,2
CCTCCTGTTGTGTCGT-1,Layer_3,2
CCTCGAAGTGGACGGG-1,Layer_3,0
CCTCGACCCACTGCCT-1,Layer_3,0
CCTCGCCAGCAAATTA-1,Layer_2,0
CCTCGCGCGATATAGG-1,Layer_3,0
CCTCGCGCTGTGCGAT-1,Layer_3,2
CCTCGGACCGGGATAG-1,Layer_1,1
CCTCGGATGCTACCTG-1,Layer_3,0
CCTCGGTTTCCTTGCC-1,Layer_6,3
CCTCTAATCTGCCAAG-1,Layer_1,0
CCTCTACAAGGATTGG-1,Layer_6,3
CCTCTATCGATTAGCA-1,Layer_4,3
CCTCTCTCCCATCTAG-1,Layer_2,0
CCTCTGGCCTAGACGG-1,Layer_3,0
CCTCTGTACTATTCTA-1,Layer_3,2
CCTGAACGATATATTC-1,Layer_1,1
CCTGAATATTTACATA-1,Layer_1,0
CCTGACAAACTCGCGC-1,Layer_1,1
CCTGACCACCGATGGT-1,Layer_3,0
CCTGACGCAACCTTTA-1,Layer_3,0
CCTGAGAATAAATGCA-1,Layer_6,1
CCTGATTCGCGAAGAA-1,Layer_4,3
CCTGCCCGTTGTCTAG-1,Layer_3,2
CCTGCGATAGAACTGT-1,Layer_1,1
CCTGCGTTCTACGCTT-1,Layer_3,0
CCTGCTACAACCATAC-1,Layer_3,3
CCTGCTATTTGAGAAG-1,Layer_1,1
CCTGGAAACGTTCTGC-1,Layer_1,1
CCTGGCTAGACCCGCC-1,Layer_1,1
CCTGGTCGAATGTGGG-1,Layer_3,2
CCTGTAAGACATGATA-1,Layer_2,2
CCTGTACTCACGCCCA-1,Layer_3,2
CCTGTCACCCGGGCTC-1,Layer_1,1
CCTGTCCCTCACGTTA-1,Layer_1,1
CCTGTCGCCCGTAAAT-1,Layer_1,0
CCTGTCGTGTATGAAG-1,WM,5
CCTGTGAAACCGTAAC-1,Layer_3,2
CCTGTGCGGATTGTAA-1,Layer_3,2
CCTGTTCAACCTCGGG-1,Layer_5,3
CCTGTTTGAAGACACG-1,Layer_3,2
CCTTAAGTACGCAATT-1,Layer_3,3
CCTTCAGTTAAAGTGA-1,Layer_4,3
CCTTCCGCAACGCTGC-1,WM,5
CCTTCGTATAGAATCC-1,Layer_5,3
CCTTCTCAGCGTTCCT-1,Layer_3,2
CCTTCTTGATCCAGTG-1,Layer_2,0
CCTTGACCACTTTATT-1,Layer_2,4
CCTTGTGAACGTGGTT-1,Layer_6,3
CCTTTAAGGGAGCACT-1,Layer_4,2
CCTTTCAATGAAGAAA-1,Layer_2,0
CCTTTGAATTATGGCT-1,Layer_6,3
CGAAACATAGATGGCA-1,Layer_3,0
CGAAACGCAATTCATG-1,Layer_3,2
CGAACAGTATGGGCGT-1,Layer_2,4
CGAACCCGCATGCGTC-1,Layer_3,2
CGAACCTCTTTCCTAG-1,WM,5
CGAACGCCCAGTGCCG-1,Layer_3,0
CGAACGGCCGGACAAC-1,Layer_4,3
CGAAGACGGTGAGTGC-1,Layer_3,2
CGAAGACTGCCCGGGA-1,,3
CGAAGATCAGTTTCAT-1,Layer_5,3
CGAAGCCACAGCATGG-1,WM,5
CGAAGCTATAAATTCA-1,Layer_3,0
CGAAGGGTTTCAGATT-1,WM,5
CGAAGTTGCTCTGTGT-1,Layer_2,0
CGAATCTGCTCGACGC-1,Layer_6,3
CGAATGAAGTCATTGC-1,Layer_6,3
CGAATGACGCATAATG-1,Layer_4,3
CGAATGGTAGGTCGTC-1,WM,5
CGAATTACATGGTGTT-1,Layer_3,2
CGAATTCCCGGTTCAA-1,Layer_3,0
CGACAATTTGATCTAA-1,Layer_1,1
CGACACGCTCCGACAG-1,Layer_1,1
CGACAGTTCGCGTTAT-1,Layer_2,0
CGACATGCGATCTTCT-1,Layer_3,0
CGACCCTTAACGCCGG-1,Layer_5,2
CGACCGTTGGTATTCG-1,WM,5
CGACCTACTAGACAAT-1,Layer_5,2
CGACGCATCCGTACCT-1,Layer_5,3
CGACTCAGGATGTTAT-1,Layer_2,0
CGACTCGGTACACGGT-1,Layer_3,2
CGACTTGCCGGGAAAT-1,WM,5
CGACTTTGTATAGCCT-1,Layer_1,1
CGAGACCCTAGAGTGT-1,Layer_2,0
CGAGACTACTGCTGCT-1,Layer_3,3
CGAGAGATGTGAACCT-1,Layer_1,1
CGAGAGCGCGTAGATA-1,Layer_4,2
CGAGAGCTTTCACTAC-1,Layer_3,2
CGAGAGGGTAGCCGCG-1,Layer_3,4
CGAGATTTCGCTCGGG-1,Layer_1,1
CGAGCACTTCAAGTTT-1,Layer_1,1
CGAGCCGAGCACTCGA-1,Layer_1,1
CGAGCGTTGATCAGCC-1,Layer_2,0
CGAGCTGGGCTTTAGG-1,Layer_2,0
CGAGGAGCTTCCATAT-1,Layer_3,0
CGAGGATCGGGAACGA-1,Layer_3,0
CGAGGCCAGGCATTGG-1,Layer_1,1
CGAGGCTAAATATGGC-1,Layer_1,1
CGAGGGACTGCGGTCG-1,Layer_1,1
CGAGGGTATCCAGGTG-1,Layer_4,2
CGAGTACTAAAGAGGA-1,Layer_3,2
CGAGTGAAGGTACCAG-1,Layer_4,3
CGAGTGCTATAGTTCG-1,Layer_2,0
CGAGTTCTGTCCCACC-1,Layer_1,1
CGAGTTTATCGGACTG-1,Layer_1,1
CGATAATACTCAGGTT-1,Layer_1,1
CGATACCTCGCGGACA-1,Layer_3,2
CGATAGCGATACAGTG-1,WM,5
CGATAGTCGTACTGCA-1,Layer_3,2
CGATATTAGCCGCAGG-1,Layer_2,0
CGATCATTAGAGGCAC-1,Layer_3,2
CGATCCACCATTGTTG-1,Layer_5,3
CGATCCGACCCAGTGC-1,Layer_2,0
CGATCCTCGCAACATA-1,Layer_5,3
CGATCGAGAAGCACCA-1,Layer_5,3
CGATCTGTTGGAGGAC-1,Layer_3,2
CGATGGACCCTACGCC-1,Layer_3,0
CGATGTTGTTATCTAC-1,Layer_6,3
CGATTAAATATCTCCT-1,Layer_3,2
CGATTCGCCTGGCTGC-1,Layer_3,2
CGATTTGTCATTAATG-1,WM,5
CGCAAACACGAGTTAC-1,Layer_1,1
CGCAATCGATCATTAG-1,Layer_2,0
CGCAATTACTTTCGGT-1,Layer_1,1
CGCAATTAGGGTAATA-1,Layer_1,1
CGCAATTCTACAATAA-1,Layer_1,1
CGCACATGTCCACTAC-1,Layer_1,1
CGCACGTCTGTTTATG-1,Layer_6,3
CGCACGTGCGCTATCA-1,Layer_1,1
CGCAGAAACATTTGCG-1,Layer_3,0
CGCAGATCTTCACCCG-1,Layer_3,0
CGCAGGCGATCCAAAC-1,Layer_2,1
CGCAGTTCTATCTTTC-1,Layer_3,2
CGCATCATGGCTTCAG-1,Layer_3,0
CGCATCCATCAGCCAG-1,Layer_2,0
CGCATGCCGAATGCGT-1,Layer_3,2
CGCATGGTGCGATGCT-1,Layer_2,0
CGCATTAGCTAATAGG-1,Layer_1,1
CGCCAAGAAGCCGAGT-1,Layer_3,2
CGCCACAGGTCGCGAT-1,Layer_5,3
CGCCATCCGATTATGA-1,Layer_1,1
CGCCCAGCACGCCTAG-1,Layer_4,2
CGCCCAGCGTTTCACG-1,Layer_3,2
CGCCCGCTTCCGTACA-1,Layer_2,0
CGCCCTAATTGTTCAA-1,WM,5
CGCCCTTGAAGGCTGA-1,Layer_1,1
CGCCGACTATTCGCTA-1,Layer_3,2
CGCCGCCCATGCCTGT-1,Layer_1,1
CGCCGCGTTCTGAACG-1,Layer_6,3
CGCCGTCTACCCATCG-1,Layer_1,1
CGCCGTTCAGCATAGT-1,Layer_3,4
CGCCTCCCTCCTCTAT-1,Layer_2,0
CGCCTGGCCTACGTAA-1,Layer_3,2
CGCCTTTAGCATGCTC-1,Layer_1,1
CGCGAAGTGGCATACT-1,Layer_3,2
CGCGACACTGCGCAGC-1,Layer_2,0
CGCGACCGCGACAGAT-1,Layer_3,2
CGCGAGAGGGACTTGT-1,Layer_3,0
CGCGAGTCTGCCGGGT-1,Layer_4,3
CGCGCAAATGTCCAGA-1,Layer_5,3
CGCGCATGTTTGATTG-1,Layer_3,2
CGCGCCCGACTTAATA-1,Layer_2,0
CGCGGCAGTATTACGG-1,Layer_1,1
CGCGGCTCAACTTGAA-1,Layer_1,1
CGCGGGAATTAGGCAG-1,Layer_1,1
CGCGGGAATTCCTTTC-1,Layer_4,3
CGCGGTAAGTCTAGCT-1,Layer_2,0
CGCGGTACGGTATACA-1,Layer_3,4
CGCGGTCACAAACCAA-1,Layer_3,0
CGCGTCATATTAAACC-1,Layer_3,0
CGCGTTCATGAAATAC-1,Layer_1,1
CGCTACCGCCCTATGA-1,,3
CGCTACGGGACATTTA-1,Layer_2,0
CGCTAGAGACCGCTGC-1,Layer_1,1
CGCTATACCGCCCACT-1,Layer_1,1
CGCTATTCAATGTATG-1,Layer_1,1
CGCTATTCTTAGGCTC-1,Layer_2,0
CGCTCGACATAATGAT-1,Layer_1,1
CGCTCTCCGTAGATTA-1,Layer_2,0
CGCTGGTGACTACCCT-1,Layer_1,1
CGCTGTGACGCCGCAC-1,Layer_1,1
CGCTGTGTGGATGTTG-1,Layer_4,3
CGCTTAGTATTGATAC-1,Layer_5,3
CGCTTATTCCCGGTCG-1,Layer_3,2
CGCTTCCACTGAAATC-1,Layer_1,1
CGCTTCGGTCTAAGAC-1,Layer_3,2
CGCTTGGACGGATAGA-1,Layer_3,4
CGCTTTCATACCGGTG-1,Layer_2,0
CGCTTTCCGCCAAGGT-1,Layer_4,3
CGCTTTCTTGCATTCG-1,Layer_1,1
CGGAAAGAATCAAACG-1,Layer_4,2
CGGAAAGCAAATGTGC-1,Layer_1,1
CGGAAATTTCACATCC-1,Layer_3,0
CGGAACGTAAACATAG-1,Layer_3,2
CGGACCTCTGTAGTTA-1,Layer_6,3
CGGACCTTTACGTCCC-1,Layer_4,3
CGGACGTTACTTGAAG-1,Layer_4,2
CGGAGCAATTTAATCG-1,Layer_3,2
CGGAGCATGGCGATCC-1,Layer_2,0
CGGAGCTTATAACACC-1,Layer_3,0
CGGAGTTTGAGAGACA-1,Layer_1,1
CGGATAAGCGGACATG-1,Layer_1,1
CGGATCCTCAAGGACT-1,Layer_3,2
CGGATGAATGCTGTGA-1,WM,5
CGGATTCTGCCTTATG-1,WM,5
CGGCAAACATCGTGCG-1,Layer_3,2
CGGCAATAAGATCGCC-1,Layer_2,4
CGGCACCGTTAGCGCC-1,Layer_3,0
CGGCACTCAAGAAAGT-1,Layer_1,1
CGGCAGGGTCGGGTTG-1,Layer_1,1
CGGCCACGCACAAAGT-1,Layer_1,0
CGGCCAGAGCGACCAT-1,Layer_5,3
CGGCCCAACCTGTAGT-1,Layer_2,0
CGGCCCAGGTATATCC-1,Layer_1,1
CGGCGCCATCAATCCC-1,Layer_3,2
CGGCTCTAAAGCTGCA-1,Layer_1,1
CGGCTCTTCGTCGAAC-1,Layer_3,0
CGGCTGCAAGATTAAG-1,Layer_3,0
CGGCTTTGTATGATAA-1,Layer_3,0
CGGGAACGCCCTGCAT-1,WM,5
CGGGAAGTACCGTGGC-1,WM,5
CGGGAATATAGTATAC-1,Layer_1,1
CGGGAATTTATGTAAA-1,Layer_3,0
CGGGAGCTTCAGTGTA-1,Layer_2,4
CGGGAGTATACCGCCG-1,Layer_1,1
CGGGATCAATGTAAGA-1,Layer_1,1
CGGGCAGCTAAACCGC-1,Layer_1,1
CGGGCCATAGCCGCAC-1,Layer_1,1
CGGGCCTTCTTTGTAA-1,Layer_2,0
CGGGCGATGGATCACG-1,Layer_4,3
CGGGTGTACCCATTTA-1,Layer_1,1
CGGGTTTGTTAGGGCT-1,Layer_2,4
CGGTACGGCAAACCCA-1,Layer_5,3
CGGTACTAGAATCAAA-1,Layer_1,0
CGGTAGAGGTGCAGGT-1,Layer_2,0
CGGTATAGGTATTAGC-1,Layer_3,2
CGGTATGGGCACTCTG-1,Layer_5,3
CGGTCAAGTGGGAACC-1,Layer_1,1
CGGTCAGTCCATATTT-1,,4
CGGTCCATGAGACTCC-1,Layer_3,0
CGGTCCGTCGCAAGCC-1,Layer_4,3
CGGTCTATCAACCCGT-1,Layer_3,0
CGGTGAAGACTAAAGT-1,Layer_3,2
CGGTGCAGATAGAACG-1,Layer_3,2
CGGTGCGCGTTGGTCC-1,Layer_3,2
CGGTGGGCTCCAGCCT-1,Layer_3,0
CGGTGTACTTGATCCC-1,Layer_1,1
CGGTTATCCAACAGTG-1,Layer_1,1
CGGTTCAAGTAGGTGT-1,Layer_2,0
CGGTTCCGGCTTCTTG-1,Layer_2,0
CGGTTGACCTGGCATA-1,Layer_3,2
CGGTTGAGTATCCTTC-1,Layer_6,3
CGGTTGGGCAGGGTCC-1,Layer_5,3
CGGTTGGGTTCAAGTT-1,Layer_3,2
CGGTTTACTGAACATT-1,WM,5
CGGTTTATGAAGGAAC-1,Layer_3,2
CGTAAACGCTTGAGTG-1,Layer_1,1
CGTAAAGCAAGAAATC-1,Layer_6,3
CGTAAATAACAAAGGG-1,Layer_6,3
CGTAACTTCGACACTT-1,Layer_5,3
CGTAATAATTACGAGT-1,Layer_1,1
CGTAATATGGCCCTTG-1,Layer_3,2
CGTACCGAAAGTCTAG-1,Layer_1,1
CGTACCTGATAGGCCT-1,Layer_1,1
CGTAGAGAGTAATTAT-1,Layer_3,2
CGTAGCGAATTGTCAG-1,Layer_3,0
CGTAGCGCCGACGTTG-1,Layer_3,0
CGTATCTAGAACTAAG-1,Layer_3,2
CGTATTAAGAGATCTA-1,Layer_1,1
CGTATTGTTTCCTAAT-1,Layer_3,0
CGTCAAATGGTCGCAG-1,Layer_3,0
CGTCAAGGCTATAAAT-1,Layer_3,0
CGTCAATCTTTAACAT-1,Layer_1,1
CGTCACGTCCATTGGT-1,Layer_3,2
CGTCAGCTATTTACTC-1,Layer_1,1
CGTCAGTGCGCACAAG-1,Layer_2,0
CGTCAGTTTATCGTCT-1,Layer_3,2
CGTCATACCATATCCA-1,Layer_1,1
CGTCCAGATGGCTCCA-1,Layer_1,1
CGTCCTCATCGCGTGC-1,Layer_3,2
CGTCGCATGTGAGCCA-1,Layer_3,3
CGTCGCGGCGGGATTT-1,Layer_1,1
CGTCGCTTGGTTATAC-1,Layer_6,3
CGTCGGATAGTGTTGA-1,Layer_1,1
CGTCGGGTCTAAGCGC-1,Layer_5,3
CGTCGTCCTTCGCGAA-1,Layer_3,2
CGTCTGGAAGGGCCCG-1,Layer_2,0
CGTCTTGAGTGTGACG-1,Layer_1,1
CGTGAAGTTAATTCAC-1,Layer_2,0
CGTGACATTGGGTCGT-1,Layer_3,0
CGTGACCAGTCCTCTG-1,Layer_4,3
CGTGCACACCACTGTA-1,Layer_3,3
CGTGCAGACTGGGACA-1,Layer_1,0
CGTGCATTGTCGACGC-1,Layer_3,2
CGTGCCCGACATTTGT-1,,2
CGTGCCCTCCCGAAGA-1,Layer_2,0
CGTGCTGGCCTAGTCG-1,Layer_1,1
CGTGCTTCTACCTAAA-1,Layer_5,3
CGTGGAAGCCTCGTAC-1,Layer_1,1
CGTGGCCGAATATCTA-1,Layer_1,1
CGTGGTACCCAAAGGC-1,Layer_5,3
CGTGTATGGGAGCTGA-1,Layer_3,2
CGTGTCCCATTCGCGA-1,Layer_1,1
CGTGTCTCGTTACGAC-1,Layer_5,3
CGTGTGTTAAACCCTG-1,Layer_2,0
CGTTAAACTAGTTAGG-1,Layer_1,1
CGTTAAATACGACCAG-1,Layer_3,2
CGTTAATGTCCCGACG-1,Layer_3,2
CGTTAGCTCACAACTG-1,Layer_3,0
CGTTATCATACTTCCA-1,Layer_5,2
CGTTCAAGGAAACGGA-1,Layer_5,3
CGTTCAGACCCGCGAA-1,Layer_4,2
CGTTCATGGTGCGCGT-1,Layer_4,3
CGTTCTTCGCACACCT-1,Layer_3,0
CGTTGAATACCGCGCT-1,Layer_3,2
CGTTGAGCGACCGTCG-1,Layer_2,0
CGTTGAGTAATTGCGT-1,Layer_3,2
CGTTGCCCGCGTGGGA-1,Layer_5,3
CGTTGTAAACGTCAGG-1,Layer_1,1
CGTTGTAAGATTGATT-1,Layer_2,0
CGTTGTCGGCAATTGA-1,Layer_4,3
CGTTGTTTCAATTCCC-1,Layer_2,0
CGTTTAAGCGGAGCAC-1,Layer_2,0
CGTTTACAAGGCAGCT-1,Layer_3,0
CGTTTCACTTCGGGCG-1,Layer_3,0
CGTTTCGCTCATTACA-1,Layer_2,0
CGTTTCGGTTATATGC-1,Layer_3,2
CGTTTGGTGTTGTGGG-1,Layer_3,4
CGTTTGTGTAGAGGGT-1,Layer_4,2
CTAAAGAATGCCTACT-1,Layer_2,0
CTAAAGGATGAGATAC-1,Layer_6,3
CTAAAGGGAAATAGGA-1,Layer_3,0
CTAAATCCGGTGTACA-1,Layer_5,3
CTAAATCCTATTCCGG-1,Layer_1,0
CTAACAGCACAATAAC-1,WM,5
CTAACCGCGCGCCCGT-1,Layer_3,2
CTAACGAAACTTGCTG-1,Layer_1,1
CTAACTGATAATCGCC-1,Layer_3,4
CTAACTGGTCCGGTTC-1,Layer_3,2
CTAAGGGAATGATTGG-1,Layer_2,0
CTAAGTACAGGGCTAC-1,Layer_3,2
CTAATTATGAAGCGTA-1,Layer_3,2
CTAATTCGCACGCGCT-1,Layer_1,1
CTAATTCTCAGATATT-1,Layer_2,0
CTAATTTCAACAACAC-1,Layer_1,1
CTACAAGAAATAACCC-1,Layer_4,3
CTACACTCGCAGATGG-1,Layer_3,4
CTACATATCGCGGGAC-1,WM,5
CTACCCTAAGGTCATA-1,Layer_1,1
CTACGAACTAGGTCGA-1,Layer_3,0
CTACGACTAGCTATAA-1,Layer_3,2
CTACGATCCTATCCTA-1,WM,5
CTACGCACGGAGTACC-1,Layer_1,0
CTACGCCATTTCCGAT-1,Layer_3,0
CTACTATCATAGGTTT-1,Layer_4,3
CTACTATCTTTCAGAG-1,Layer_1,1
CTACTCAAGGTATAGT-1,Layer_4,3
CTACTCTAGGCCCGGC-1,Layer_2,1
CTACTGCCACCTGACC-1,Layer_1,1
CTAGACTGCATTTCGT-1,Layer_3,0
CTAGATAAACTCCTCG-1,Layer_2,1
CTAGATGTGAGTGTAA-1,Layer_1,1
CTAGATTTACGACGGC-1,Layer_2,0
CTAGCATAGTATAATG-1,Layer_1,1
CTAGCCACAGGCGAGC-1,Layer_3,4
CTAGCCCGGGAGACGA-1,WM,5
CTAGCCGATGTTATGA-1,Layer_3,0
CTAGCTTAATGGTCCC-1,Layer_1,1
CTAGGCGCCCTATCAG-1,Layer_2,4
CTAGGCGGCAGAGAAT-1,Layer_3,0
CTAGGGATAGGGACAA-1,Layer_6,3
CTAGGTCTGAAGGAAT-1,Layer_1,1
CTAGGTTCGGACGTGA-1,Layer_3,2
CTAGTAGAAAGGGATT-1,Layer_3,3
CTAGTATTCGGAATTA-1,Layer_3,0
CTAGTCACGTCTTAAG-1,Layer_1,1
CTAGTGAAGGACAGGA-1,Layer_2,0
CTAGTTACAACCCGGT-1,Layer_3,2
CTAGTTGGGCCCGGTA-1,Layer_1,1
CTATAAGAGCCAATCG-1,Layer_2,0
CTATAAGTAGGGTTTG-1,WM,5
CTATACTTAAAGCGAG-1,WM,5
CTATAGGCGTTGATGT-1,Layer_5,3
CTATATCCAGCCTGGC-1,Layer_6,3
CTATCACAACGCTGGA-1,Layer_5,3
CTATCGACGAAATACA-1,Layer_3,4
CTATCGCGTAGAGAAC-1,Layer_2,4
CTATCGGGTCTCAACA-1,Layer_1,1
CTATGAACACCTTGCC-1,WM,5
CTATGCCCGAATGCAA-1,Layer_4,3
CTATGGGAAGCGGAAT-1,Layer_2,4
CTATGTCACTAGCCCA-1,Layer_1,1
CTATGTCTATTGAAAC-1,Layer_3,0
CTATGTGAGTCACGGC-1,Layer_3,2
CTATTCATGTGTCCCA-1,Layer_3,2
CTATTGTGTTTGGTCA-1,Layer_3,2
CTATTTGCTTGGAGGA-1,Layer_5,3
CTATTTGGTTACGGAT-1,Layer_1,1
CTCAAACCACTGCCCG-1,Layer_5,3
CTCAACTAACCCGGAT-1,Layer_3,2
CTCAAGACATTAGCGC-1,Layer_3,0
CTCACACGCAAGCCTA-1,Layer_3,2
CTCACATTTACTAAAT-1,Layer_3,2
CTCACCAGTACAAGTG-1,Layer_3,0
CTCACTGTGATACTTA-1,Layer_3,3
CTCACTTGGCTGGTAA-1,Layer_3,2
CTCAGAGCTAATGTCG-1,Layer_5,3
CTCAGATTGTGATAAG-1,Layer_4,2
CTCAGGACTCACCTGT-1,Layer_1,1
CTCAGTCACGACAAAT-1,Layer_2,0
CTCATAAATGTGTATA-1,Layer_3,3
CTCATCACTTAGTGAT-1,Layer_3,0
CTCATGGCTCACAATC-1,Layer_3,0
CTCATGGTAATTTGCG-1,Layer_4,2
CTCATTAACGTTGCCC-1,Layer_3,0
CTCATTCGTGAACATC-1,Layer_3,0
CTCATTGCTCTAACAA-1,Layer_3,2
CTCATTTGATGGGCGG-1,Layer_1,1
CTCCCAATGAGTCGCG-1,Layer_1,1
CTCCCTCCTTTCGATC-1,Layer_4,3
CTCCGCCCACATGAGG-1,Layer_3,2
CTCCGGCCTAATATGC-1,Layer_1,1
CTCCGGCTTGTAGACA-1,Layer_1,1
CTCCTAAGTTATGTCT-1,Layer_1,1
CTCCTAGTAATCGTGA-1,WM,5
CTCCTCCAGCTCACAC-1,Layer_4,3
CTCCTGTTCAAGGCAG-1,Layer_2,4
CTCCTTTACGCAAGTC-1,Layer_3,0
CTCGAATGGAACGTAT-1,Layer_3,2
CTCGAGACATACGATA-1,Layer_5,3
CTCGAGATCCAAAGCA-1,Layer_1,1
CTCGAGGCAAGTTTCA-1,WM,1
CTCGAGGTCGAACAGT-1,Layer_1,1
CTCGATATTTGCGAGC-1,Layer_3,0
CTCGCACCTATATAGT-1,Layer_1,1
CTCGCATTGCATAGCC-1,Layer_6,3
CTCGCCGAATGTAGGG-1,Layer_3,2
CTCGCTAGGTAAGCGA-1,Layer_3,3
CTCGGGATAACACCTA-1,Layer_2,0
CTCGGGTTCTCTGGCC-1,Layer_5,3
CTCGGTACCACTGCTC-1,Layer_1,1
CTCGGTCCGTAGCCTG-1,Layer_1,1
CTCGGTTGTCGGCCCT-1,Layer_5,3
CTCGTCGAGGGCTCAT-1,Layer_5,3
CTCGTCTGTGCCTTCG-1,Layer_4,3
CTCGTGGCACTGAAAG-1,Layer_6,3
CTCGTTACGGCTACCA-1,Layer_6,3
CTCGTTTCTAATGTTT-1,Layer_3,0
CTCTAACACCGGCAGC-1,Layer_4,3
CTCTAATGCATTGATC-1,Layer_3,0
CTCTACACTGGCGATT-1,Layer_3,2
CTCTACATCCTGCGTG-1,Layer_5,3
CTCTAGCCCTCGGAAA-1,Layer_3,2
CTCTATTTGGCTGCAG-1,Layer_3,0
CTCTCACAATCGATGA-1,Layer_1,1
CTCTCGATGTGCGCCT-1,Layer_3,0
CTCTCGCTGTACTATG-1,Layer_2,0
CTCTCTAACTGCCTAG-1,Layer_5,3
CTCTGCAGGCATTCTT-1,WM,5
CTCTGCGAAGCAAGCA-1,Layer_2,0
CTCTGGACGCCTGGTG-1,Layer_1,1
CTCTGTCCATGCACCA-1,Layer_4,3
CTCTGTGCCTGCTATG-1,,2
CTCTGTTTGAGGATTC-1,Layer_3,0
CTCTTCTATTGACTGG-1,Layer_1,1
CTCTTCTGGAAGTTAG-1,Layer_5,3
CTCTTGTCCCGCTTGG-1,Layer_3,2
CTGAAAGAGATCCGAC-1,Layer_2,0
CTGAATCCGAGACCTC-1,Layer_3,2
CTGAATTTATTGCCAG-1,Layer_3,0
CTGACATAGAAATAGA-1,Layer_1,1
CTGACTGCGCAGCTCG-1,Layer_1,1
CTGAGAAAGTTCGGCG-1,Layer_1,1
CTGAGAGTAGAAATAC-1,Layer_3,4
CTGAGCAAGTAACAAG-1,Layer_1,1
CTGAGCGAGACTTATT-1,Layer_2,0
CTGATAGTGTATCTCA-1,Layer_3,0
CTGATCCCTTTATGCA-1,Layer_6,3
CTGCAAATGGGCTCCA-1,,2
CTGCAAGCACGTTCCG-1,Layer_3,4
CTGCACAACTACATAT-1,Layer_3,0
CTGCACCTAGTCCACA-1,Layer_2,0
CTGCACCTGGAACCGC-1,Layer_2,0
CTGCACTCCAGTACAG-1,Layer_3,2
CTGCAGAGAATCAGAG-1,Layer_3,4
CTGCAGGGTGACGCTC-1,Layer_3,2
CTGCCAAGGTTGGAAG-1,Layer_2,0
CTGCCATGCATCACAT-1,Layer_2,0
CTGCCCACGAAGCGTT-1,Layer_3,0
CTGCCTAGCCACCAAG-1,Layer_3,0
CTGCCTCATATGCAAC-1,Layer_2,0
CTGCCTTTAATACCTT-1,Layer_6,3
CTGCCTTTCTAGTAAA-1,Layer_3,2
CTGCGACCTCGCCGAA-1,Layer_4,3
CTGCGATTTCGAGATT-1,Layer_5,3
CTGCGGGTGAAATGTT-1,Layer_2,2
CTGCGGTAGTCACGTG-1,Layer_3,0
CTGCGTTACGATATAA-1,Layer_3,0
CTGCTCTCAACACACC-1,Layer_3,2
CTGCTCTGACGGCAAA-1,Layer_5,3
CTGCTGAGGCCACGAA-1,Layer_3,2
CTGCTGTCTAACGAGC-1,Layer_1,1
CTGCTTGGCGATAGCT-1,Layer_3,2
CTGCTTTATGTCCGCG-1,Layer_3,0
CTGGAAATGGATGCTT-1,Layer_1,1
CTGGAAGACACGGTGG-1,Layer_2,4
CTGGACGCAGTCCGGC-1,Layer_5,3
CTGGATTTACACTTGA-1,Layer_3,2
CTGGCATCCGAATGAG-1,Layer_3,2
CTGGCGACATAAGTCC-1,Layer_3,0
CTGGCGATTTACATGT-1,Layer_3,3
CTGGCGCACAGGTCTG-1,Layer_1,1
CTGGCGGGAATAAGTA-1,Layer_1,1
CTGGCTCCTGCGGGAT-1,Layer_2,0
CTGGCTGATTCATCCT-1,Layer_1,1
CTGGCTGGTTGTCAGT-1,Layer_3,2
CTGGGATAAATAATGG-1,Layer_1,1
CTGGGATACGCTACCC-1,Layer_1,1
CTGGGATCGCCCAGAT-1,,2
CTGGGCACTAGTCGGA-1,,2
CTGGGCCTGCTATATC-1,Layer_3,2
CTGGGCTACTGGAGAG-1,Layer_3,3
CTGGGTAGGCAGTTAA-1,Layer_2,0
CTGGGTTGAGTTAAAG-1,Layer_5,3
CTGGTAAAGACTTACA-1,Layer_3,3
CTGGTAAAGTGTGGGC-1,Layer_3,4
CTGGTAACACATAGAA-1,Layer_1,1
CTGGTAACGAGCTCTT-1,Layer_1,0
CTGGTCATTCCAATCC-1,Layer_1,1
CTGGTCCTAACTTGGC-1,Layer_3,0
CTGGTGAATGGGCCTA-1,Layer_6,5
CTGGTTCAACGCATCA-1,Layer_2,0
CTGGTTCGCGAGCTAC-1,Layer_1,1
CTGGTTTCGAGCAAGA-1,Layer_2,4
CTGTACTTCTTAGCAT-1,Layer_2,0
CTGTAGCCATCTCACT-1,Layer_4,2
CTGTAGTGAGGATCGA-1,Layer_5,3
CTGTATGGTGTAGAAA-1,Layer_1,1
CTGTCAAATGGCTCGG-1,Layer_2,0
CTGTCACGCCAGGCGC-1,Layer_3,4
CTGTGCAGGGTAGGTC-1,Layer_2,0
CTGTGGTCGGGAGATA-1,Layer_3,2
CTGTTACCCAATCTAG-1,Layer_3,2
CTGTTCACTGCCTGTG-1,Layer_1,1
CTGTTCATCTCACGGG-1,Layer_1,1
CTGTTGGCTCTTCTGA-1,Layer_1,1
CTGTTGTTCAGTCGTA-1,Layer_6,5
CTTAAATAAGACCCAT-1,Layer_2,0
CTTAACTTACAGTATA-1,Layer_3,2
CTTAACTTCGAAGTAC-1,Layer_3,0
CTTAAGCAGCGAGCCG-1,Layer_5,3
CTTAATCGACTTAGTA-1,Layer_6,3
CTTACACGGTATTCCA-1,Layer_1,1
CTTACACTGGGAAATA-1,Layer_1,0
CTTACATAGATTTCTT-1,Layer_4,3
CTTACTGACTCCTCTG-1,Layer_3,0
CTTAGATGTTTCATCC-1,Layer_5,3
CTTAGCCCGGATAGTG-1,Layer_2,0
CTTAGCCTTCCACATG-1,Layer_2,0
CTTAGGTATAGACCAG-1,Layer_6,5
CTTAGGTCCCAATCGT-1,Layer_3,0
CTTAGTAGGCCTACAG-1,Layer_1,1
CTTAGTGTAGTAGCAT-1,Layer_3,2
CTTAGTTGAGGAATCG-1,Layer_6,3
CTTATAGATGGCTGTT-1,Layer_3,4
CTTATGCGCTCAGGGC-1,Layer_4,2
CTTATGTTGACTACCA-1,Layer_1,1
CTTCAACTCCACTTGG-1,Layer_3,2
CTTCACGCCCTGGTAC-1,WM,5
CTTCAGTGGTCGCCTA-1,Layer_5,3
CTTCAGTTGGACAACG-1,Layer_4,3
CTTCATAGCTCAAGAA-1,Layer_1,1
CTTCATCACCAGGGCT-1,Layer_4,3
CTTCATTGTCAGTGGA-1,Layer_1,0
CTTCCGCTCCGTGAAG-1,Layer_3,2
CTTCGATTGCGCAAGC-1,Layer_3,3
CTTCGGCCAATTGTTT-1,Layer_1,1
CTTCGTAGATAGGTGA-1,Layer_3,2
CTTCTATGTTGAAGTA-1,Layer_3,2
CTTCTATTAATGCTAG-1,Layer_3,2
CTTCTGGGCGTACCTA-1,Layer_5,3
CTTCTTACGTCGTATA-1,Layer_2,0
CTTGACCCGAAAGATA-1,Layer_3,0
CTTGAGGTTATCCCGA-1,Layer_1,1
CTTGAGTTAGGGTAAT-1,Layer_1,1
CTTGATGACCATCCAG-1,Layer_3,3
CTTGCAACCGCCTCCT-1,Layer_3,2
CTTGCCCACCCACGCA-1,Layer_3,3
CTTGCCCAGGCTCTAC-1,Layer_3,2
CTTGGCCAAGCTGGGA-1,Layer_4,2
CTTGTACTTGTTGACT-1,Layer_1,1
CTTGTCAACATTCGAG-1,Layer_3,2
CTTGTGAGTCTTTGAC-1,Layer_2,0
CTTGTGCTCACCGATT-1,Layer_3,0
CTTGTTGCTGAGTCAA-1,Layer_1,1
CTTGTTTATGTAGCCA-1,Layer_1,1
CTTTAACTTTCAAAGG-1,Layer_1,1
CTTTAATATTGGTCGA-1,Layer_3,0
CTTTACCGAATAGTAG-1,Layer_2,4
CTTTAGGAACACTGTT-1,Layer_1,1
CTTTAGTGCTATTATT-1,Layer_2,0
CTTTATCCGACGCATG-1,Layer_6,3
CTTTCTGTGCGGGCTT-1,Layer_3,2
CTTTGACGTCGCTTCT-1,Layer_5,2
CTTTGCATCGCTCTTG-1,Layer_3,2
CTTTGCTGTCATGGAT-1,Layer_1,1
CTTTGGCGCTTTATAC-1,Layer_3,0
CTTTGGCTTTAGTAAA-1,Layer_1,0
CTTTGGGATTGTTGCA-1,Layer_4,3
CTTTGTCGAATGCTCC-1,Layer_6,2
GAAACAGATGACCACC-1,Layer_1,1
GAAACAGCCATGCAGT-1,Layer_2,0
GAAACATAGGAAACAG-1,Layer_5,3
GAAACCATGGTGCGCT-1,Layer_2,0
GAAACCGAATTACCTT-1,Layer_3,2
GAAACCTATACAAATG-1,Layer_4,2
GAAACTCGTGCGATGC-1,Layer_2,0
GAAACTCTAATGAAGG-1,Layer_3,0
GAAAGAACAGCGTTAT-1,Layer_1,1
GAAAGCCCTTTGGACC-1,Layer_3,2
GAAAGTGACTAACTGC-1,Layer_1,1
GAAATACCTGCTGGCT-1,Layer_3,0
GAAATACTAAACGTTT-1,Layer_1,1
GAAATATCACCATCAG-1,Layer_3,2
GAAATATGCTTGAATG-1,Layer_3,0
GAAATCGCGCGCAACT-1,Layer_2,0
GAAATCTGACCAAGTT-1,Layer_1,1
GAAATGGCGGTGTTAG-1,Layer_1,1
GAAATGGGATGTAAAC-1,Layer_1,1
GAAATTAGCACGGATA-1,Layer_3,0
GAAATTCACATCGCTG-1,Layer_2,0
GAAATTGTCTCTATAA-1,Layer_3,2
GAACAACTGGGATGAA-1,Layer_3,3
GAACACACATCAACCA-1,Layer_1,1
GAACAGATTACTAAAT-1,Layer_3,2
GAACATTAGTATGTTA-1,Layer_3,2
GAACCATCTGGGAGAC-1,Layer_3,0
GAACCCTCTGTGTTCT-1,Layer_3,2
GAACCTCGACCTACAC-1,Layer_4,2
GAACCTTTAACGATCC-1,Layer_3,3
GAACGACCGAATGATA-1,Layer_1,1
GAACGATAAGTTAAAG-1,Layer_3,0
GAACGCGGGTCACACG-1,Layer_1,1
GAACGTCTCATGGTCG-1,Layer_1,1
GAACGTTAGGAAGACG-1,Layer_3,0
GAACGTTTGTATCCAC-1,Layer_3,2
GAACTGTGGAGAGACA-1,Layer_4,3
GAACTTAGCGCCCGGT-1,Layer_3,2
GAACTTGTGCACGGGA-1,Layer_3,2
GAAGAAACGATATTGT-1,Layer_5,3
GAAGAACGGTGCAGGT-1,Layer_1,1
GAAGACTTCAATGCCG-1,Layer_3,0
GAAGCAAGGCAATGTT-1,,3
GAAGCCACTGATTATG-1,Layer_4,3
GAAGCCGGGTAAGCTC-1,Layer_2,0
GAAGCCTGCACATTCC-1,Layer_4,2
GAAGCGTGAGGAATTT-1,Layer_1,1
GAAGCTCGGACCCGTC-1,Layer_5,3
GAAGCTCTTTGCTTAG-1,Layer_1,1
GAAGCTTGCTGACCGC-1,Layer_1,1
GAAGGAGTCGAGTGCG-1,Layer_4,3
GAAGGCTACCATTGTT-1,Layer_3,0
GAAGGGTCATTAAGAC-1,Layer_4,3
GAAGTCAGTTGCACTA-1,Layer_3,2
GAAGTCTCCCTAGCGA-1,Layer_1,1
GAAGTGATTTATCGTG-1,Layer_2,2
GAAGTGCTGGATAGCT-1,Layer_2,0
GAAGTTTCCACTCAAT-1,Layer_2,0
GAATAGACGCGACCCA-1,Layer_1,1
GAATAGCATTTAGGGT-1,Layer_1,1
GAATAGCCCTGCGGTC-1,Layer_3,0
GAATAGTGCTCGATTA-1,Layer_5,3
GAATATTCGGAGTCCC-1,Layer_3,0
GAATCGACATGGTCAC-1,Layer_1,1
GAATCGCCGGACACGG-1,Layer_2,0
GAATCTGAACATTCTC-1,Layer_2,0
GAATGAAGGTCTTCAG-1,Layer_3,2
GAATGCCGAAATGACC-1,Layer_1,1
GAATGCGAATCGGTTC-1,Layer_3,3
GAATGGGCTTATCGAC-1,Layer_4,2
GAATGTATGGCAGGTC-1,Layer_3,0
GAATGTGGTCCGGATT-1,Layer_2,0
GAATGTTGGGTAATCT-1,Layer_1,1
GAATTATAGTGAAAGG-1,Layer_1,1
GAATTCACCCGGGTGT-1,Layer_3,2
GAATTTCTCGCTGCAG-1,Layer_1,1
GACAAACATATGCAGG-1,Layer_1,1
GACAACGACCATTGAA-1,Layer_1,1
GACAACGCAGCTTACG-1,Layer_1,1
GACAAGACGCCCGTGC-1,Layer_3,2
GACAAGAGATGAGATT-1,Layer_2,4
GACACAAGGGAAGAAA-1,Layer_1,1
GACACAGCCGGGACTG-1,Layer_3,3
GACACCCAAAGACGCG-1,WM,1
GACACGAGTTAGAGGA-1,Layer_1,1
GACACTGAGTTCAGTG-1,Layer_3,2
GACACTGGAACCCGAT-1,Layer_1,1
GACACTTCCAATTACC-1,Layer_3,3
GACAGAGGTCTTCAGT-1,Layer_6,3
GACAGATTTCTGGCTC-1,Layer_4,2
GACAGCCAGACCTGAC-1,Layer_1,1
GACAGGCACACACTAT-1,Layer_3,2
GACAGGTAATCCGTGT-1,Layer_3,2
GACATACTGTCGCAGA-1,Layer_1,1
GACATCCGTCGAACTG-1,Layer_4,3
GACATCGATTTATAAC-1,Layer_3,2
GACATTTCGCCCAGCC-1,WM,5
GACCAAACGTTGACTG-1,Layer_3,4
GACCACACTTCCCTTT-1,Layer_4,3
GACCAGAGCCCTGTAG-1,Layer_1,1
GACCAGGTCATTCATA-1,Layer_3,0
GACCCAATTATGATAC-1,Layer_5,3
GACCCGTCGCCGGCTA-1,Layer_3,0
GACCGACGTGAAAGCA-1,Layer_1,1
GACCGACTGAAGCGTC-1,Layer_3,2
GACCGATTAAATATGT-1,WM,5
GACCGCGTCTGACGTG-1,Layer_1,1
GACCGTCAGGTCGTGA-1,Layer_3,0
GACCGTGCTGACGGTG-1,Layer_2,2
GACCGTTACATGCGAC-1,Layer_3,2
GACCTTCCACGTCTAC-1,Layer_4,3
GACGACGATCCGCGTT-1,Layer_3,2
GACGAGGCTAATAAAC-1,Layer_3,4
GACGATATCACTGGGT-1,Layer_6,1
GACGCATACCCGTCGG-1,WM,5
GACGCCGTAAAGGCTA-1,Layer_3,2
GACGCCTGTTGCAGGG-1,Layer_1,1
GACGCTTGCTTCTAAA-1,Layer_3,2
GACGGACCGCGTTCCT-1,Layer_3,0
GACGGGCATCGAATTT-1,Layer_3,3
GACGGGTTGGCCCGTA-1,Layer_4,2
GACGGTCAATAGAAGC-1,Layer_1,1
GACGGTCCTAGGGTGT-1,Layer_1,1
GACGTGAGACTCCATG-1,Layer_2,0
GACGTGTAGGGATTAT-1,Layer_1,1
GACGTTCGTAAATACA-1,Layer_3,0
GACGTTGCTCGGCGGC-1,WM,5
GACTAACACAGCACCT-1,Layer_3,0
GACTAAGATCATGCAC-1,Layer_1,1
GACTAAGTAGGCTCAC-1,Layer_1,1
GACTACAAAGCGGTGG-1,Layer_4,3
GACTACAATTGCTCGT-1,Layer_3,0
GACTAGGCCGTTAGGT-1,Layer_3,3
GACTCACCCACGTGAG-1,Layer_1,1
GACTCCCAGAATAAGG-1,Layer_2,0
GACTCCTTCCAATTGA-1,Layer_5,3
GACTCGCGGGAATGAC-1,Layer_2,0
GACTCGGTCGGCGGAT-1,Layer_3,2
GACTCTAGAGTTCCAA-1,Layer_6,3
GACTGATTGGTCACAA-1,Layer_3,2
GACTGCAAATCGAGCT-1,Layer_3,2
GACTGCACCAGCCCAG-1,Layer_2,0
GACTGCGGCACGTGTA-1,Layer_2,0
GACTGCTGGTGAGAAA-1,Layer_5,3
GACTGGGCGCCGCAAC-1,Layer_3,2
GACTTCAACGCATCAA-1,Layer_3,3
GACTTTCGAGCGGTTC-1,Layer_5,3
GAGAAACTGGATCCCA-1,Layer_3,4
GAGAACGGTTCTGACT-1,Layer_3,2
GAGAATCTCACGATCA-1,Layer_3,0
GAGACCCTGCAACGCC-1,Layer_3,2
GAGACTGATGGGTAGA-1,Layer_1,1
GAGACTTCGCGACCGA-1,Layer_3,2
GAGAGCGCAGTCCCTG-1,Layer_3,0
GAGAGGCCTATGTGTA-1,Layer_3,2
GAGAGGGCGCGAGGTT-1,Layer_3,2
GAGAGGTGCATTCTGG-1,Layer_3,2
GAGAGTCTCGGGAGAG-1,Layer_6,3
GAGATCGATCTTACTC-1,WM,5
GAGATCTGCTTGGCAT-1,Layer_2,0
GAGATCTGTCACTCCG-1,Layer_1,1
GAGATCTTCCATGACA-1,Layer_2,0
GAGATGACAATCCTTA-1,Layer_3,0
GAGATGGCTTTAATCA-1,Layer_4,3
GAGATGGGAGTCGACA-1,Layer_3,2
GAGCACCTGTGTCCAG-1,Layer_3,2
GAGCACGGCGCCTCTT-1,Layer_1,1
GAGCATCAACAACTTG-1,Layer_5,3
GAGCATCATCCCTGGG-1,Layer_2,0
GAGCCACGGTAGTAGG-1,Layer_3,0
GAGCCAGCTACCTGTG-1,Layer_3,4
GAGCCGAGCGTTTATT-1,Layer_3,2
GAGCGAGGGAGTACCG-1,Layer_2,0
GAGCGCAAATACTCCG-1,Layer_1,1
GAGCGCGCACGAGTAG-1,Layer_2,4
GAGCGCTGTTAGGTAA-1,Layer_5,3
GAGCGGAATGCGGTGT-1,Layer_5,3
GAGCTAAGGGCATATC-1,Layer_1,1
GAGCTCAACATGAGCG-1,Layer_5,3
GAGCTCTCGGACCTAA-1,Layer_1,1
GAGCTGTCGTCTCGGA-1,Layer_3,0
GAGGAATATCTCTTTG-1,Layer_6,3
GAGGAATGGAGAGGTT-1,Layer_1,1
GAGGAGATCCTCATGC-1,Layer_1,1
GAGGAGTAATTCCTAC-1,,2
GAGGATAAACAGTGCT-1,Layer_1,1
GAGGCATTTGCAGCAG-1,Layer_3,2
GAGGCCCGACTCCGCA-1,Layer_5,3
GAGGCCTGTTGATACA-1,Layer_3,0
GAGGCTATCAAAGTCG-1,Layer_3,2
GAGGGAGTCAGATCGC-1,Layer_5,3
GAGGGCATCGCGTATC-1,Layer_2,0
GAGGGCCATAATATTA-1,Layer_3,0
GAGGGCGCAGCTCTGC-1,Layer_1,1
GAGGGTAGTAACAAAG-1,Layer_5,3
GAGGTACATCCATCTT-1,Layer_3,0
GAGGTACGCGTGTCCC-1,Layer_4,3
GAGGTCCCAAAGATCT-1,Layer_1,1
GAGGTCCGTTCGCTGT-1,WM,5
GAGGTCTTAGTGGGTC-1,Layer_3,2
GAGTAAACCGGAAAGT-1,Layer_1,1
GAGTAAATTAAGAACC-1,Layer_3,2
GAGTAAGGCCACGGGA-1,Layer_4,2
GAGTACGGGTATACAA-1,Layer_1,1
GAGTAGATACTAGTTG-1,Layer_4,2
GAGTATACCCTAATCA-1,Layer_6,3
GAGTATCAAAGTTACA-1,Layer_2,4
GAGTATGCCCGCCTTG-1,Layer_3,2
GAGTATGCGCGTGCAT-1,Layer_3,3
GAGTCAGACCAGAATC-1,Layer_3,2
GAGTCCACCAGGTTTA-1,Layer_4,3
GAGTCCGCTTACCGGA-1,Layer_3,2
GAGTCGACAGACCCTC-1,Layer_3,0
GAGTCTTGTAAAGGAC-1,Layer_5,2
GAGTGCACGGACAACA-1,Layer_3,0
GAGTGTCAACCAGAAA-1,Layer_3,2
GAGTGTGCGGTACCCA-1,Layer_1,1
GAGTTCTGTGGGTGCT-1,WM,3
GAGTTGATGGCAATTT-1,Layer_4,3
GAGTTGTCACCAGTCT-1,WM,5
GATAAATCGGTGGATG-1,Layer_1,1
GATAACTCGCACTGTG-1,Layer_1,1
GATAAGGCAGATGCAA-1,Layer_1,0
GATACCGTGTCGGAGT-1,Layer_1,1
GATACGATGGGAGTCA-1,Layer_3,2
GATAGAACCCGCTAGG-1,Layer_5,3
GATAGATAGTACAGTC-1,Layer_3,3
GATAGCGTACCACGCG-1,Layer_1,1
GATAGGATTAATTACA-1,Layer_1,1
GATAGGTAACGTTGAC-1,Layer_3,2
GATAGGTGTCCCGGGC-1,Layer_1,1
GATAGTGCGAGTAAGT-1,Layer_5,3
GATATCAAGCAGGAGC-1,Layer_6,2
GATATCAGTATGTATC-1,Layer_1,1
GATATCTCATGCAATA-1,Layer_3,0
GATATGAGACACTAAC-1,Layer_1,1
GATATGCGGTAGCCAA-1,Layer_3,0
GATATGGATTACGCGG-1,Layer_2,0
GATATTGAGATTGGCG-1,Layer_1,1
GATATTTCCTACATGG-1,Layer_3,0
GATCAACATAAAGGGA-1,Layer_5,3
GATCATTCCAAACATT-1,Layer_1,1
GATCCCTTTATACTGC-1,Layer_1,1
GATCCGAATATAAGTG-1,Layer_2,0
GATCCGGGAATTAACA-1,Layer_1,0
GATCCTAAATCGGGAC-1,Layer_2,0
GATCCTCGACACTGGC-1,Layer_3,2
GATCCTCTTGCGCTTA-1,Layer_3,0
GATCGACACTATCTGA-1,Layer_1,1
GATCGCGGGCTCTCCA-1,Layer_2,0
GATCGCTACCCGATTT-1,Layer_1,1
GATCGCTATATCTCAG-1,Layer_5,3
GATCGCTGTGGTGCGT-1,WM,5
GATCGGATAGAACCAT-1,Layer_3,2
GATCGGCGATAAGTCG-1,Layer_1,1
GATCGGTGGCCATAAC-1,Layer_1,1
GATCGTGACTGATATC-1,Layer_1,1
GATCTAACCGTATTCA-1,Layer_5,3
GATCTCGACGCTGTGG-1,Layer_1,1
GATCTGCTATCTAAGG-1,Layer_4,3
GATCTTCATTGTCCTC-1,Layer_1,1
GATCTTGGAGGGCATA-1,Layer_2,0
GATCTTTGCAGGGTAT-1,Layer_2,0
GATCTTTGCTCAAAGA-1,Layer_3,2
GATGACAAGTAGGGCA-1,Layer_4,3
GATGACGATGATCGCG-1,Layer_3,0
GATGAGGAACCTTCGG-1,Layer_3,3
GATGCCACACTACAGC-1,,3
GATGCCAGCAGAAGGC-1,Layer_1,1
GATGCCTTCTGCGGCA-1,Layer_5,3
GATGCGAATGGTATTA-1,Layer_2,0
GATGCGTCCTGCATTC-1,Layer_2,0
GATGCTACAAGCGCCT-1,Layer_1,0
GATGCTACCTTCGATG-1,Layer_5,3
GATGCTGTATTTCATC-1,Layer_2,0
GATGGCGCACACATTA-1,Layer_1,1
GATGGTGCCCTAGGCA-1,Layer_3,0
GATGTAACGAACCACC-1,Layer_4,3
GATGTCCGGATCACAT-1,Layer_2,0
GATGTCGGTCAACTGC-1,Layer_3,0
GATGTGTTGTCACAAG-1,Layer_3,0
GATGTTCAATCCACGA-1,Layer_3,2
GATGTTTGTGCGAGAT-1,Layer_1,1
GATTAACCGAAAGCCC-1,Layer_3,4
GATTACTGAATTTGGG-1,Layer_3,2
GATTAGAAACAAGCGT-1,Layer_6,1
GATTATCTTGCATTAT-1,Layer_4,3
GATTCCCTTGTCGCAG-1,Layer_1,1
GATTCCGCGTTTCCGT-1,Layer_3,0
GATTCCTATACGGCGC-1,Layer_1,1
GATTCGACGGTTCACG-1,Layer_2,0
GATTCTGTTAATGAGT-1,Layer_5,3
GATTGACACTCTGCTC-1,Layer_3,0
GATTGCTCCAGTTGCA-1,Layer_5,3
GATTGGGAAAGGTTGT-1,Layer_3,2
GATTTAGTGCGTACTG-1,Layer_3,2
GATTTGCGCTAACACC-1,Layer_6,3
GCAAACCCTACATTAT-1,Layer_2,0
GCAAACCTTGGCCATA-1,Layer_3,2
GCAAACGTAAGCGACC-1,WM,5
GCAAACGTCGCCAGGT-1,Layer_1,1
GCAAAGGGCGTTAGCC-1,Layer_6,5
GCAAATATTACGCTTT-1,Layer_2,0
GCAAATGAGGACACTT-1,Layer_4,2
GCAACACACTAGAACT-1,Layer_4,2
GCAACAGCAGTATGCG-1,Layer_1,1
GCAACCACCAGACCGG-1,Layer_3,0
GCAACCACGGCCGCGT-1,Layer_3,2
GCAACCCAAGTTGTTT-1,Layer_3,0
GCAACGGCTAGTTATG-1,Layer_1,6
GCAAGAATTCCTTGGC-1,Layer_3,2
GCAAGATGTGTTCGCG-1,Layer_3,2
GCAAGCTGGAAACCGC-1,Layer_6,3
GCAAGTGCACAGAGAA-1,Layer_1,1
GCAAGTGTAAAGCATG-1,Layer_5,3
GCAATTAGTCGCACCG-1,Layer_2,0
GCACAAACCCTAGATG-1,Layer_6,5
GCACAAACGAGGCGTG-1,Layer_1,1
GCACAACCTCGGGCGT-1,Layer_6,3
GCACAAGTGGATCATA-1,Layer_1,1
GCACAAGTGTCGGAAG-1,Layer_3,0
GCACACACTGGTAGCC-1,Layer_3,4
GCACACAGCTATTACC-1,Layer_5,3
GCACACGCCCATGGTC-1,Layer_3,2
GCACAGCACGGGCCGA-1,Layer_6,3
GCACCTAGGCGAGTCC-1,Layer_3,3
GCACCTTCCCGAAGGT-1,Layer_3,2
GCACGCCGATTCCCGC-1,Layer_4,3
GCACGCCTACTTAGAT-1,Layer_4,3
GCACGTGGTTTACTTA-1,Layer_3,2
GCACTAGTCGCGCTAT-1,Layer_2,0
GCACTCCCACAGTCCC-1,,2
GCACTGCCTACCTTTA-1,Layer_4,3
GCACTGTGCAAATGTA-1,Layer_2,0
GCAGAAGGTAATCTCC-1,Layer_1,1
GCAGACCCAGCACGTA-1,Layer_1,1
GCAGATCCATAAGACT-1,Layer_3,4
GCAGATCCTCGCAAAT-1,Layer_1,1
GCAGATTAGGGATATC-1,Layer_1,0
GCAGCACACAGCCCAG-1,Layer_3,2
GCAGCCTATATCACAT-1,Layer_1,1
GCAGCGGTGGGCATTA-1,Layer_2,0
GCAGCTATGGACAGGT-1,Layer_3,2
GCAGCTGTCAACGCAT-1,Layer_4,3
GCAGGAACTTAGATCT-1,Layer_5,3
GCAGGACTATAGAATA-1,Layer_2,0
GCAGGTAGAGTATGGT-1,Layer_3,0
GCAGTGCGGGCGGATG-1,Layer_2,4
GCAGTGTGGCTATAGG-1,Layer_3,2
GCAGTTCGATCCGAGC-1,Layer_2,4
GCATACGAGGTCTTTA-1,Layer_3,2
GCATAGAGCACTCAGG-1,Layer_2,0
GCATCCCTAACTTTGA-1,Layer_1,1
GCATCGGCCGTGTAGG-1,Layer_1,1
GCATGACACAAAGGAA-1,Layer_3,2
GCATGAGGGACGCGGC-1,Layer_1,1
GCATGCTAATAACGAT-1,Layer_3,2
GCATGGGTACTGACGC-1,Layer_4,2
GCATTCAAGGCAACGC-1,Layer_2,0
GCATTCGAAATGAACA-1,Layer_2,0
GCATTGACTTGCGGAA-1,Layer_5,3
GCATTGTAATTCATAT-1,Layer_3,2
GCATTTCCAAGGCTCC-1,Layer_1,1
GCCAACCATTTCCGGA-1,Layer_2,0
GCCAAGAATACTTCTG-1,Layer_4,2
GCCAATAGGGCATCTC-1,Layer_2,0
GCCACAATTTAAGGAC-1,Layer_3,2
GCCACTCAGAGCGCGA-1,Layer_3,2
GCCACTCCTTACGGTA-1,Layer_2,4
GCCAGGAAAGAACACT-1,Layer_6,1
GCCAGGAGTAACCGAT-1,Layer_2,0
GCCAGGCGTTCGCATG-1,Layer_3,0
GCCATATTGCACACAG-1,Layer_2,0
GCCATCGAGCTGCGTG-1,Layer_3,2
GCCATCGATGCTGCAT-1,Layer_2,0
GCCATTAGCCTCAAAC-1,Layer_5,3
GCCCACCAAGGCTGTC-1,Layer_2,0
GCCCAGATGCTGGAGA-1,Layer_1,1
GCCCAGTTGGTATGCC-1,Layer_1,1
GCCCGACTTCTTCCCG-1,Layer_4,2
GCCCGAGAGTCTAAAT-1,WM,5
GCCCGATCTGTGGTCG-1,Layer_3,2
GCCCGATGCCCAGTTC-1,WM,5
GCCCGCGCGTAAACGG-1,Layer_3,2
GCCCGCGCGTTTGACA-1,Layer_1,1
GCCCGTAATACCTTCT-1,Layer_1,1
GCCCGTCAAGCCCAAT-1,Layer_3,2
GCCCGTTCACACAATT-1,WM,1
GCCCTAAGTGCAGGAT-1,Layer_5,3
GCCCTAGCCGTCGCGA-1,Layer_5,3
GCCCTGAGGATGGGCT-1,Layer_4,3
GCCGAAATTCCTACGT-1,Layer_2,0
GCCGACCCACGACTGC-1,Layer_5,3
GCCGATTGGCCAAGCT-1,Layer_2,0
GCCGCACTCCGTTTCA-1,Layer_1,1
GCCGCATTAGTCCGGC-1,Layer_3,2
GCCGCTAGATACGCAG-1,Layer_3,2
GCCGCTTGTGAGAAAC-1,Layer_2,0
GCCGGAAACACATCTT-1,Layer_3,0
GCCGGGTTAGGGTCGC-1,Layer_2,0
GCCGGTCGTATCTCTC-1,Layer_5,3
GCCGTCGGTTTCGGGC-1,Layer_6,3
GCCGTGGAAGAAATGT-1,Layer_1,1
GCCTACGTTCTGTGCA-1,Layer_3,3
GCCTAGCGATCTGACC-1,Layer_1,1
GCCTATAGTGTCAGGG-1,Layer_1,1
GCCTATCAGGTAAGAT-1,Layer_3,0
GCCTATGCTGGGCCTT-1,Layer_3,2
GCCTATTCCGATATAG-1,Layer_1,1
GCCTATTTGCTACACA-1,Layer_3,0
GCCTCAGGTACCGGTC-1,WM,5
GCCTCATCTGGAAATA-1,Layer_1,1
GCCTCCGACAATTCAC-1,Layer_3,2
GCCTCTATACATAGCA-1,Layer_3,2
GCCTGTCCCGGTGCAT-1,Layer_5,3
GCCTTCAGCCCTACCG-1,Layer_1,0
GCCTTGTATATGCAGT-1,Layer_1,1
GCCTTTGTCAGTGGAC-1,WM,5
GCGAAACGATCGGGAG-1,Layer_2,4
GCGAAACTTAACTGGA-1,Layer_2,0
GCGAAGAATCTGACGG-1,Layer_3,3
GCGAAGCCATACCCGT-1,Layer_1,1
GCGAATGGACTAGCGA-1,Layer_5,3
GCGACATGTAAACATC-1,Layer_1,1
GCGACCCAACCATCTG-1,Layer_5,3
GCGACGATAGTTGTAC-1,Layer_3,2
GCGACGGTAGTCTCCT-1,Layer_5,3
GCGAGAAACGGGAGTT-1,Layer_1,1
GCGAGAGGCCATGTAA-1,Layer_3,0
GCGAGAGTTGCGTCCA-1,Layer_1,1
GCGAGCGCATGCTCCC-1,Layer_1,1
GCGAGGCCCGAGCAGA-1,Layer_2,0
GCGAGTTCTGCAAAGA-1,Layer_1,1
GCGATGTCTGTGCTTG-1,Layer_1,1
GCGATTCTGGAAGCAG-1,Layer_3,0
GCGATTGTTAACGTTA-1,Layer_1,1
GCGCAAATATATTCAA-1,Layer_5,3
GCGCAAGAGCGCGCTG-1,Layer_1,1
GCGCATCCAGTCAGCA-1,Layer_1,1
GCGCCGTTCCACGATA-1,Layer_2,0
GCGCCTCCCACTCCGA-1,Layer_1,1
GCGCGATGGGTCAAGT-1,,2
GCGCGGTCTAGTAACT-1,Layer_5,3
GCGCTAAGTATGCATG-1,Layer_3,2
GCGCTAATTGAATAGA-1,Layer_1,1
GCGCTATGCCGAGGCA-1,Layer_3,2
GCGCTCGATCACCTGT-1,Layer_1,1
GCGCTGATCCAGACTC-1,Layer_3,0
GCGCTGCTTTGCATTT-1,Layer_1,1
GCGCTTAAATAATTGG-1,Layer_3,2
GCGGACCGCGTTGTGG-1,Layer_3,2
GCGGAGAAACTTCGCA-1,Layer_4,3
GCGGAGAGGGAGAACG-1,Layer_2,0
GCGGATTACTTGTTCT-1,Layer_3,2
GCGGCAAAGTATTGCC-1,Layer_5,3
GCGGCTCTGACGTACC-1,Layer_3,2
GCGGCTTTAGCAAGTT-1,Layer_4,3
GCGGGAACCAGGCCCT-1,Layer_1,1
GCGGGCAGACGGGTGA-1,Layer_5,3
GCGGGCATTACGATGC-1,Layer_2,0
GCGGGCGAGCCTTACC-1,Layer_3,2
GCGGTAACCCAAATGA-1,Layer_2,1
GCGGTCCCGGTGAAGG-1,Layer_3,2
GCGGTCCCTAGACGCA-1,Layer_2,0
GCGGTCTTGCTTTCAC-1,Layer_4,3
GCGGTGAACTGCGCTC-1,Layer_3,0
GCGGTGCGGAGCATCG-1,Layer_1,1
GCGGTTCCCTATCATG-1,Layer_3,2
GCGTAAATGGCCATAA-1,Layer_1,1
GCGTCCCTAAGACATA-1,Layer_5,3
GCGTCGAAATGTCGGT-1,Layer_2,0
GCGTCGCCAGGGTGAT-1,Layer_3,2
GCGTCGTAACATGGTC-1,Layer_5,3
GCGTCTAACCTCCTAA-1,Layer_2,0
GCGTCTCTGCATTGGG-1,Layer_3,2
GCGTGGTACTGGGTTA-1,Layer_1,1
GCGTGTATGTCGTATT-1,Layer_3,0
GCGTTATATTTGGAAC-1,Layer_3,0
GCGTTCGGAGACCGGG-1,Layer_3,0
GCGTTCTGACTAAGCG-1,Layer_2,4
GCTAAACCTGAGGTGA-1,Layer_1,1
GCTAACTGAAGTCTGA-1,Layer_3,2
GCTAAGCCCAGTATGC-1,Layer_3,3
GCTAAGTAAAGGCGAT-1,Layer_2,0
GCTAAGTAGTTTCTCT-1,Layer_1,1
GCTAATACCGAATGCC-1,Layer_1,1
GCTACAATCGAGGATA-1,Layer_3,4
GCTACAGTACGGACCG-1,Layer_3,2
GCTACGACTTATTGGG-1,Layer_2,0
GCTACTATAGTAGAGT-1,Layer_2,4
GCTAGACCGTCTACTG-1,Layer_1,6
GCTAGAGTAGAGATGT-1,Layer_3,4
GCTAGCAACGCACCTA-1,Layer_3,3
GCTAGCACCTGGGCCA-1,Layer_1,1
GCTAGCAGGGAGTGGG-1,Layer_3,0
GCTAGCGATAGGTCTT-1,Layer_6,3
GCTAGCTTGAATAGCT-1,Layer_3,2
GCTAGGCACCACGGAG-1,Layer_3,4
GCTAGTAGAGCTTGTA-1,Layer_2,0
GCTAGTTTCATTGAGG-1,Layer_1,1
GCTATAAGGGCCAGGA-1,Layer_3,2
GCTATACGTCTCGGAC-1,Layer_3,4
GCTATCATACTCATGG-1,Layer_3,2
GCTATCGCGGCGCAAC-1,Layer_1,1
GCTATGCCAGCTTATG-1,Layer_4,2
GCTCAACCTCTTAGAG-1,Layer_1,1
GCTCAATCCGTTTATT-1,Layer_4,3
GCTCAATGTAATACCG-1,Layer_4,3
GCTCATTACTGCATGT-1,Layer_3,0
GCTCATTGATCATATC-1,Layer_6,3
GCTCCATGAGTGCAGA-1,Layer_2,4
GCTCCATGCAAAGCAA-1,Layer_5,3
GCTCCCAGTCGGTCCA-1,Layer_1,6
GCTCCGCTCGCTTCAG-1,Layer_1,6
GCTCCTGACATACTGG-1,Layer_4,3
GCTCGCGGTTCCGCTC-1,Layer_2,0
GCTCGCTCATGTCCAA-1,Layer_1,1
GCTCGGAATTTAAAGC-1,Layer_2,0
GCTCTAAACCCTGACG-1,Layer_1,1
GCTCTATGTTACGTGC-1,Layer_1,1
GCTCTCGGGTACCGAA-1,Layer_1,1
GCTCTTTCCGCTAGTG-1,Layer_4,3
GCTGAACTCTCCAGGG-1,Layer_1,1
GCTGAATCTTCCAATC-1,Layer_5,3
GCTGAGCAACGGTTCT-1,Layer_1,1
GCTGAGGCGTGAGTAT-1,Layer_2,0
GCTGCACGGTTTCTTA-1,Layer_2,0
GCTGCGAAGAATTATT-1,Layer_6,3
GCTGCGCCTCCCACGT-1,Layer_1,1
GCTGCTAAGTAGTCGA-1,Layer_3,2
GCTGCTACTGCGTAGC-1,Layer_3,2
GCTGCTCTCCGGACAC-1,Layer_1,1
GCTGGACCCAAAGTGG-1,Layer_3,2
GCTGGCAGGTGCCGTG-1,Layer_3,0
GCTGGCATATTCACCT-1,Layer_2,0
GCTGGCGGCGCATGCT-1,Layer_3,2
GCTGGGAGCGCGTCAA-1,WM,1
GCTGGTGACTCGTAGT-1,Layer_3,2
GCTGGTTTAGGCCATA-1,Layer_6,3
GCTGTATTACTGGCCC-1,Layer_3,2
GCTGTCTGTGATCGAC-1,Layer_3,2
GCTGTTGCTACCGAAC-1,Layer_1,1
GCTTAATGTAACTAAC-1,Layer_1,1
GCTTACGTAGTTAGTA-1,Layer_1,1
GCTTAGGGAAGCGGTA-1,Layer_3,2
GCTTATGAAGCAGGAA-1,Layer_1,1
GCTTCCAGCTTAGATT-1,Layer_2,1
GCTTCCATGTAACCGC-1,Layer_3,3
GCTTCCCGTAAGCTCC-1,Layer_4,3
GCTTCCGTCCCTAGAC-1,Layer_1,1
GCTTCGACGTTCAATC-1,WM,5
GCTTGAGTGACCTCTG-1,Layer_3,3
GCTTGATGATAATCAG-1,Layer_1,1
GCTTGCAGCACAATTG-1,Layer_3,0
GCTTGGATCGATTAGG-1,Layer_1,1
GCTTTACACAACTGGG-1,Layer_3,2
GCTTTATTAAGTTACC-1,Layer_5,3
GCTTTCAGAGGAGGTG-1,Layer_1,1
GGAAACAGAGCTTGGG-1,WM,5
GGAAACCTTGTTGAAT-1,Layer_3,0
GGAAACTAAATGGGCC-1,Layer_3,4
GGAAAGGGAATTGAGC-1,Layer_5,3
GGAAAGTCTTGATTGT-1,Layer_6,1
GGAAAGTGCCCATGCC-1,Layer_3,0
GGAACCCGAACAAGAA-1,Layer_2,1
GGAACCGTGTAAATTG-1,Layer_3,2
GGAACCTTGACTCTGC-1,Layer_5,3
GGAACGGCCTGCAGCC-1,Layer_2,0
GGAACTCGTGAATACG-1,Layer_6,1
GGAACTTTGGCGATTA-1,Layer_3,4
GGAAGCTCGCTTACAG-1,Layer_3,0
GGAAGGACACCGTATA-1,Layer_4,3
GGAATAACCTCAAGAA-1,Layer_3,0
GGAATGCGCTAGCGTG-1,Layer_1,1
GGACAACCATGAAGCC-1,Layer_3,3
GGACAAGCCATGATCG-1,WM,5
GGACAAGTTGCAGTGA-1,Layer_3,0
GGACACAAGTTTACAC-1,Layer_1,1
GGACACCTCGGTGTTG-1,Layer_5,3
GGACCAACAGGATAAC-1,Layer_3,2
GGACCTACGGTAACGT-1,Layer_3,0
GGACCTCTAGGCCGCC-1,Layer_5,3
GGACGGCTTGCGCAAC-1,Layer_3,2
GGACGGGCGACCAACC-1,Layer_3,2
GGACGTCCATAGTTGG-1,Layer_3,2
GGACTAAGTCAGGAGT-1,Layer_3,0
GGACTCACAAATTAGG-1,Layer_1,1
GGACTCGAAGCTTTCA-1,Layer_3,4
GGACTCGACAGCGCAT-1,Layer_5,3
GGACTCGTGAGTGGTC-1,Layer_5,3
GGACTCTTCCGGTTGA-1,Layer_2,4
GGACTCTTTGACTAAG-1,Layer_4,3
GGAGAAGTCATTGGCA-1,Layer_1,1
GGAGACCAATGTGCTT-1,Layer_3,0
GGAGACCATCTACATA-1,Layer_5,3
GGAGACGACACCTTTG-1,Layer_2,0
GGAGCAACATTTCAAG-1,Layer_3,4
GGAGCACCAAGAACTA-1,Layer_1,0
GGAGCGAGGCCTACTT-1,Layer_4,3
GGAGGATTGAAAGGAG-1,Layer_3,0
GGAGGCCGAAGTCGTC-1,Layer_1,1
GGAGGGCTTGGTTGGC-1,Layer_1,1
GGAGGGTCAAGTAAGA-1,Layer_3,4
GGAGTACACATGAGCT-1,Layer_1,1
GGAGTGCCGCCCTGGA-1,Layer_1,1
GGAGTTGATTCTGTGT-1,Layer_3,2
GGATACTCATGAATTG-1,Layer_2,0
GGATCAAAGGACGAGG-1,Layer_3,0
GGATCAGAGCCATCAG-1,Layer_4,2
GGATCATCCCGTACGC-1,Layer_3,0
GGATCCCTACCAGCTA-1,Layer_1,1
GGATCCGGAATATACT-1,Layer_1,1
GGATCTACCGTTCGTC-1,WM,5
GGATCTTACTGCCCTT-1,Layer_5,3
GGATCTTGACTCAACC-1,Layer_4,3
GGATGAAGATCGCTGA-1,Layer_1,1
GGATGACGCGAGTTTA-1,Layer_2,0
GGATGCTGGCGTTCCT-1,Layer_3,2
GGATGGCTTGAAGTAT-1,Layer_3,3
GGATGTCCTTACCGCA-1,Layer_1,1
GGATTAAGCTAAGGTC-1,Layer_3,0
GGATTAATCATGGACC-1,Layer_4,3
GGATTCAGTACGGTGG-1,Layer_1,1
GGATTCCGCTATACCC-1,Layer_2,0
GGATTGAAGTAGCCTC-1,Layer_3,3
GGATTGCTGTGACTCC-1,Layer_3,2
GGATTTCACTTCTATA-1,Layer_1,1
GGCAAAGGCGCCAATA-1,Layer_4,3
GGCAAATTACTTTACT-1,Layer_2,2
GGCAAGCCAGGGATAG-1,Layer_3,2
GGCAAGCCCATAGTGG-1,Layer_4,3
GGCAAGGCGAAATAGC-1,Layer_2,0
GGCAATAGTCAATGAG-1,Layer_1,1
GGCACGCTGCTACAGT-1,Layer_3,2
GGCACTCAGCCGACCC-1,Layer_2,4
GGCACTCCACTGGGCA-1,Layer_2,0
GGCACTGCGGTGGTTT-1,Layer_3,2
GGCAGAGAGATCGGGA-1,Layer_3,2
GGCAGCAAACCTATGC-1,Layer_1,1
GGCAGCGGTAATCCTA-1,Layer_3,0
GGCATACAGGTAGCGG-1,Layer_2,0
GGCATATCGGTTCTGC-1,Layer_3,0
GGCATCAACGAGCACG-1,Layer_3,0
GGCATTCCCTCCCTCG-1,Layer_3,2
GGCATTGAACATCTCA-1,Layer_5,3
GGCCAATTGTATAGAC-1,Layer_3,3
GGCCACACGAAAGCCT-1,Layer_2,0
GGCCCAGCTGGTTTGC-1,Layer_4,3
GGCCCAGTTATCAGCA-1,Layer_3,2
GGCCCGGAGCATGTCT-1,Layer_2,4
GGCCCGTATACCATGC-1,Layer_3,0
GGCCCTCACCCACTTA-1,Layer_3,2
GGCCGAGACTCTGGTG-1,Layer_5,3
GGCCGCAGGAACCGCA-1,Layer_3,2
GGCCGGCGTCTGCTAT-1,Layer_3,2
GGCCGTTTGGGTTTCA-1,Layer_4,3
GGCCTGCTCTGATGTT-1,Layer_5,3
GGCCTGCTTCTCCCGA-1,Layer_3,4
GGCCTTTGCAACTGGC-1,Layer_3,2
GGCGAAATCTAACTTG-1,Layer_1,1
GGCGAACCGTTCTGAT-1,Layer_3,2
GGCGAGCGAAACGGCA-1,Layer_5,3
GGCGCACAGTTTACCT-1,Layer_3,3
GGCGCAGGACATCTTC-1,Layer_3,2
GGCGCATGAATTGATG-1,Layer_3,0
GGCGCGGAGATCTTTC-1,Layer_3,2
GGCGCGTTCGAGTTTA-1,Layer_3,2
GGCGCTCCTCATCAAT-1,Layer_1,1
GGCGCTTCATTCCCTG-1,Layer_4,3
GGCGGAGTAATATTAG-1,Layer_1,1
GGCGGGCTCTAAGAGT-1,Layer_1,1
GGCGGTAGGATCATTG-1,Layer_1,1
GGCGGTTTGCCGGTGC-1,Layer_1,1
GGCGTACCCTATATAA-1,Layer_3,2
GGCGTAGGGAAAGCTG-1,Layer_3,2
GGCGTCCTATCCGCTG-1,Layer_2,1
GGCTAAAGGGCGGGTC-1,Layer_3,0
GGCTAATGATTGAAAT-1,Layer_3,2
GGCTACTATACACTCC-1,Layer_5,3
GGCTATTAAGTTGTAT-1,Layer_2,0
GGCTCCTCCACCTGTT-1,Layer_4,3
GGCTCGCGTTGAGGTA-1,Layer_1,1
GGCTCGTGCCACCAGC-1,Layer_1,1
GGCTCTGCTCCAACGC-1,Layer_1,1
GGCTGAAATAGCAAAG-1,Layer_2,0
GGCTGAGCATCGTAAG-1,Layer_3,2
GGCTGGCAATCCCACG-1,Layer_4,3
GGCTGGCTAGCTTAAA-1,Layer_1,1
GGCTGTCCTACTGCGG-1,Layer_6,3
GGCTTCTCGTGGGTGG-1,Layer_5,3
GGCTTGGCTCTCACCT-1,Layer_2,0
GGCTTTCAATAAGGGT-1,Layer_3,2
GGGAAAGAATGCCAAC-1,Layer_3,2
GGGAACGGGAGGTTAG-1,Layer_3,2
GGGAACGGTTTCAGAT-1,Layer_5,3
GGGAAGACGGTCTGTC-1,Layer_3,3
GGGAAGGGCTTTCTCA-1,Layer_3,2
GGGAATGAGCCCTCAC-1,Layer_3,0
GGGAATTCTGTCCAGT-1,Layer_3,0
GGGACAGAGTTACTCC-1,Layer_5,3
GGGACCCGTATATCTT-1,Layer_3,2
GGGACTGCATAGATAG-1,Layer_1,1
GGGAGAACTCACAGTA-1,Layer_1,1
GGGAGCGACCGTAGTG-1,Layer_3,3
GGGAGGATGCCCGAAA-1,Layer_2,0
GGGAGTAATGGCTGGC-1,Layer_2,0
GGGAGTTAATGAGGCG-1,Layer_1,1
GGGATACGGTAATAAT-1,Layer_1,1
GGGATATTGATCGCCA-1,WM,5
GGGATCCCAATACAAA-1,Layer_3,2
GGGATGGACCCGCGTC-1,WM,5
GGGATGGTCGTAACCG-1,Layer_3,2
GGGATTTACCGCACCT-1,Layer_1,1
GGGCAACCGCACGTGC-1,Layer_5,3
GGGCACGAATTGGCCG-1,Layer_3,0
GGGCACGTAGTACTGT-1,Layer_5,3
GGGCACTATTGACCAT-1,WM,5
GGGCAGACGTCACTGC-1,Layer_5,2
GGGCAGAGCAATCGTT-1,Layer_3,2
GGGCAGGATTTCTGTG-1,WM,5
GGGCAGTCAACGCCAA-1,Layer_4,3
GGGCATGCATGTCGAG-1,Layer_5,3
GGGCCATTCGTGCTGG-1,WM,5
GGGCCCGTCTTAAACA-1,Layer_3,2
GGGCCCTACGAAAGGG-1,Layer_3,2
GGGCCCTTATCTATAC-1,Layer_3,0
GGGCCGGCCGAAGTAC-1,Layer_1,1
GGGCCTAAATGGGCTA-1,Layer_4,2
GGGCCTATTTAAGTAT-1,Layer_3,2
GGGCGAATTTCTCCAC-1,Layer_1,1
GGGCGATATGTGTGAA-1,Layer_1,1
GGGCGCAGCGTTACTC-1,Layer_2,0
GGGCGGCAAATGAATT-1,Layer_3,2
GGGCGGGTTCCCTACG-1,Layer_3,2
GGGCGGTCCTATTGTC-1,Layer_1,1
GGGCGTACATTTATAT-1,Layer_1,1
GGGCGTCACCACGTAA-1,Layer_3,2
GGGCGTCCACTGGCTC-1,Layer_3,0
GGGCGTGGTTTCCCAG-1,Layer_3,2
GGGCGTTTACATTCAT-1,Layer_6,3
GGGCTACTATTTCGTG-1,Layer_5,3
GGGCTATGATCGATGG-1,Layer_3,2
GGGCTCATCGAACCCA-1,Layer_2,0
GGGCTGCCTAGGGCGA-1,Layer_1,1
GGGCTGGTTAGTCGCG-1,Layer_1,1
GGGTAATGCTGTGTTT-1,Layer_1,1
GGGTACCCACGGTCCT-1,Layer_1,1
GGGTACTTCATGAACT-1,Layer_2,2
GGGTATGTATGCACTT-1,Layer_1,1
GGGTATTCTAGCAAAC-1,Layer_5,3
GGGTCACCGTGACGGT-1,Layer_2,0
GGGTCAGGAGCTAGAT-1,Layer_4,3
GGGTCATGCGTACCAT-1,Layer_1,1
GGGTCCTTGGAAGAAG-1,WM,5
GGGTCGTGGCAAGTGT-1,Layer_3,0
GGGTCTATCGCTTTCC-1,Layer_3,2
GGGTGACACCTTAACT-1,Layer_3,2
GGGTGCATATGAAAGC-1,Layer_2,0
GGGTGGTCCAGCCTGT-1,Layer_3,0
GGGTGTTTCAGCTATG-1,Layer_2,0
GGGTTAACATTTGAGT-1,Layer_3,2
GGGTTCAGACGAACAA-1,Layer_1,1
GGGTTTAGGATAGGAT-1,Layer_1,6
GGTAAACTCTGCGCTG-1,Layer_3,2
GGTAAATGTGCGTTAC-1,Layer_3,0
GGTAACCGGGAGGATA-1,Layer_5,3
GGTAACTATGTATCTG-1,Layer_2,0
GGTACAAACATGCTAT-1,Layer_2,1
GGTACACCAGATTTAT-1,Layer_3,0
GGTACATCTGGGACGA-1,Layer_3,2
GGTACCATTAAGACGG-1,Layer_2,0
GGTACGTTGCGGCCGG-1,Layer_3,2
GGTACTAAGTGCTTTG-1,Layer_1,1
GGTAGAAGACCGCCTG-1,Layer_3,2
GGTAGACCGTTGGGCG-1,Layer_3,2
GGTAGGCCAATATCAC-1,Layer_6,3
GGTAGTGCTCGCACCA-1,Layer_1,1
GGTATAGTGACACATA-1,Layer_1,4
GGTATGAAAGAACTGA-1,Layer_3,2
GGTATTGCCGAGTTTA-1,Layer_1,1
GGTCAAGACTACTTCG-1,Layer_2,4
GGTCACGTTAGATTCA-1,Layer_3,0
GGTCAGTGGGTCCCAC-1,Layer_3,0
GGTCATTGTAGTCATA-1,Layer_3,2
GGTCCACGTCTATTTG-1,WM,5
GGTCCTTCATACGACT-1,Layer_1,1
GGTCGGATAAACGGCG-1,Layer_3,0
GGTCGGCCAGGAGCTT-1,Layer_1,1
GGTCGGTAATTAGACA-1,Layer_1,0
GGTCGGTCGTCCACAG-1,Layer_3,2
GGTCGTAAGCTCGCAC-1,Layer_4,3
GGTCTCCAAGTAGTGC-1,Layer_1,1
GGTCTCCGTCCAGGTT-1,Layer_3,4
GGTCTCTGAATGGACT-1,Layer_4,2
GGTCTGAGAATCTGGA-1,Layer_1,1
GGTCTTGAGCGCTCTT-1,Layer_4,3
GGTGAAACCGGGAATG-1,Layer_3,0
GGTGAACGGGCTAGCC-1,Layer_2,0
GGTGAAGTACAGGGAT-1,Layer_3,2
GGTGACTGATAGAGAG-1,Layer_3,0
GGTGAGATGCAGATAA-1,Layer_1,1
GGTGATAAGGAGCAGT-1,Layer_1,1
GGTGATGAAGGAAGTG-1,Layer_3,0
GGTGATTTCATCTTGT-1,Layer_2,0
GGTGCAGAGCCTATCG-1,Layer_3,2
GGTGCATAAATGATTA-1,Layer_5,3
GGTGCGGATAAGTGGC-1,Layer_1,1
GGTGCTGATCACAAAG-1,Layer_2,0
GGTGCTGGTACACATT-1,Layer_3,2
GGTGGACTGCTCTGGC-1,Layer_3,4
GGTGGAGGTTGATACG-1,Layer_1,1
GGTGGGATTAGGTCCC-1,WM,5
GGTGTAAATCGATTGT-1,Layer_5,3
GGTGTAGGTAAGTAAA-1,Layer_5,3
GGTGTTCTGTTTCTAC-1,Layer_3,0
GGTGTTGGGCGTCTTA-1,Layer_1,1
GGTTACCACCCTCGGG-1,Layer_3,2
GGTTACCCGACACTTT-1,Layer_2,0
GGTTACCGCTCCCTAC-1,Layer_6,1
GGTTAGCTATATGTCT-1,Layer_2,4
GGTTAGGCTTGGAGAA-1,Layer_1,1
GGTTAGGGATGCTAAT-1,WM,5
GGTTAGTTACGGCGCC-1,Layer_2,0
GGTTCCACCCGCTTCT-1,Layer_3,2
GGTTCCGTACGACTAA-1,WM,1
GGTTCGCATTTGCCGT-1,Layer_3,3
GGTTCGGATTATACTA-1,Layer_3,2
GGTTCTACTCGTCTGA-1,Layer_1,1
GGTTGTATCGTGAAAT-1,,2
GGTTGTGCTCTTGTCC-1,Layer_2,0
GGTTGTGTAGCCTGGC-1,Layer_3,0
GGTTTAATTACCATCG-1,Layer_5,3
GGTTTAATTGAGCAGG-1,Layer_3,0
GGTTTACAATCTCAAT-1,Layer_1,1
GGTTTAGCCTTTCTTG-1,Layer_1,1
GGTTTCAATCGGTCAG-1,Layer_1,1
GGTTTGACAAGAAGCT-1,Layer_3,2
GGTTTGAGTGCTGGAA-1,Layer_2,0
GGTTTGCGAACACGTA-1,Layer_3,2
GGTTTGTGACCTGAGG-1,Layer_3,4
GTAACAACTGACCTTG-1,Layer_3,2
GTAACAGGTTAACGGC-1,Layer_6,3
GTAACATCTAAGATAA-1,Layer_2,4
GTAACTACGTAGACCT-1,WM,5
GTAACTGCCCAAGGAG-1,Layer_5,3
GTAACTTGCGGCAGTC-1,Layer_2,0
GTAAGCGGGCAGTCAG-1,Layer_1,1
GTAAGGATTTGTCGGA-1,Layer_3,0
GTAAGTAACAGTCTGG-1,Layer_1,1
GTAAGTAGGGTATACC-1,Layer_1,1
GTAAGTCCACACTCTA-1,Layer_1,1
GTAATAAAGGGCTCCC-1,Layer_1,1
GTAATCTGATTCTTCG-1,Layer_3,2
GTACACTTACCTGAAG-1,Layer_1,1
GTACAGAGGCAAGGGT-1,Layer_1,1
GTACGACGGCGCTGCG-1,Layer_1,1
GTACGAGATTGCGACA-1,Layer_1,1
GTACGCTTCATTGCAC-1,Layer_2,0
GTACGTCACGTATTAA-1,Layer_3,2
GTACGTTTGCCCGTCA-1,Layer_2,0
GTACTAAGATTTGGAG-1,Layer_1,1
GTACTACGGCCTCGTT-1,Layer_4,3
GTACTCCCTTATCGCT-1,Layer_3,2
GTACTCCTGGGTATGC-1,Layer_2,0
GTACTGAGGTCGTAAC-1,Layer_2,0
GTACTGCATGAAGCGT-1,Layer_2,0
GTACTGGAGTTAGACC-1,Layer_1,1
GTACTTGGGCACTTCT-1,Layer_1,1
GTAGAAACGGGTGGAG-1,Layer_1,1
GTAGACAACCGATGAA-1,Layer_3,0
GTAGACACGCCTGACT-1,Layer_4,3
GTAGACGTCGTTACAT-1,Layer_1,0
GTAGAGGGAGACAAGT-1,Layer_4,2
GTAGCCAAACATGGGA-1,Layer_3,0
GTAGCGCTGTTGTAGT-1,Layer_3,0
GTAGCGGCTATACACT-1,Layer_2,0
GTAGCTAGTAAGCGCG-1,Layer_3,2
GTAGCTCCGGGAGGCT-1,Layer_5,3
GTAGCTTCCTCTTGTT-1,Layer_1,1
GTAGGTGATCCGTGTA-1,Layer_3,0
GTAGTCGCGGGAATCA-1,Layer_2,0
GTAGTCTACGATATTG-1,Layer_3,3
GTAGTGAGCAACCTCA-1,Layer_3,2
GTAGTTCGAAGGCGAA-1,Layer_5,3
GTAGTTTAAGCACACG-1,WM,5
GTATAATCTCCCGGAT-1,Layer_1,1
GTATAGGACTCAGTAG-1,Layer_1,1
GTATAGTGGCCCATGT-1,Layer_3,2
GTATATGTTACGGCGG-1,Layer_2,1
GTATCAAACGTTAGCT-1,Layer_3,4
GTATCAAGGTACTTCC-1,Layer_5,3
GTATCAGCTTGGGTTC-1,Layer_1,1
GTATCCTTTGGTAACC-1,Layer_3,2
GTATCTCAGTCTTGAC-1,Layer_5,3
GTATCTCCCTAACTGT-1,,2
GTATCTCGGGCGCTTT-1,WM,5
GTATCTTGTTGCTCAC-1,,2
GTATCTTTCATAACCA-1,Layer_3,0
GTATGAAATTTCACTC-1,Layer_4,3
GTATGACGTGGGAAAC-1,Layer_2,0
GTATGTGGGTCTAGTT-1,Layer_1,1
GTATTAAGGCGTCTAA-1,Layer_1,1
GTATTCTGAGAAACGA-1,Layer_3,2
GTATTCTTACCGTGCT-1,Layer_2,1
GTATTTAATGGCATAA-1,Layer_1,1
GTCAAAGAAGTGGTGT-1,Layer_5,3
GTCAAAGTTTACATAG-1,Layer_1,1
GTCAACCAGGCCTATA-1,Layer_3,2
GTCAAGCGGACTCGGG-1,Layer_1,1
GTCAATGCTATAATTT-1,Layer_3,0
GTCAATTGTACTGAAG-1,Layer_3,0
GTCACAAAGTTTCCAA-1,Layer_3,0
GTCACCTGTCTATGTC-1,Layer_3,2
GTCACTCTCCAAATCT-1,Layer_1,1
GTCAGAATAGTCTATG-1,Layer_2,1
GTCAGTTGTGCTCGTT-1,Layer_3,0
GTCAGTTTGGTAGTCG-1,Layer_2,0
GTCATCCCAAACTCAC-1,WM,5
GTCATCTCCTACAGCT-1,Layer_1,1
GTCATGCACCTCCGTT-1,Layer_1,1
GTCATGCGCGAGGGCT-1,Layer_3,2
GTCATGGACATGACTA-1,Layer_1,1
GTCATTAGAGCGAACG-1,Layer_1,0
GTCATTGCATTGACCC-1,Layer_3,0
GTCCAATATTTAGCCT-1,Layer_4,3
GTCCACGTCGCATTCG-1,Layer_3,4
GTCCAGGCACGTGTGC-1,Layer_6,3
GTCCATTACTGCTACG-1,Layer_1,6
GTCCCAACGTAAAGTA-1,Layer_1,1
GTCCCAATCATCCCGC-1,Layer_4,2
GTCCCGCGACGTTATG-1,Layer_3,2
GTCCGAGAGCAATCAT-1,Layer_3,0
GTCCGGACCTGAAATT-1,Layer_3,4
GTCCGGCTGAATTGCG-1,Layer_1,1
GTCCGGGTTCACATTA-1,Layer_4,3
GTCCGTTAGAGGGCCT-1,Layer_5,3
GTCCTACAGGCGGCTC-1,Layer_1,1
GTCCTACGAATAGTCT-1,Layer_3,4
GTCCTACTCTACGGGC-1,Layer_5,3
GTCCTAGGATACCTTA-1,WM,5
GTCCTATTGTTGTGGT-1,Layer_3,0
GTCCTTCTACAACCCA-1,Layer_1,1
GTCCTTCTAGTGGGTT-1,Layer_3,0
GTCCTTTAATGACTTC-1,Layer_3,2
GTCGAATTTGGGCGCT-1,WM,5
GTCGATAGGTGACTTT-1,Layer_1,1
GTCGCCGTTGTGTGTT-1,Layer_4,3
GTCGCGTAACCCGTTG-1,Layer_1,1
GTCGGAAGGATACCAG-1,Layer_3,2
GTCGGATATCTCAGAC-1,Layer_2,0
GTCGGATGTAGCGCGC-1,Layer_3,0
GTCGGGAACATGGTAG-1,Layer_4,2
GTCGGGAAGCAGAAAC-1,Layer_3,2
GTCGGGTGAAGTACCG-1,Layer_3,2
GTCGTACCATCTCGGG-1,Layer_3,0
GTCGTACCTACGATTG-1,Layer_3,2
GTCGTATTGGCGTACA-1,Layer_3,0
GTCGTCAATTATAAGG-1,Layer_2,0
GTCGTCTGGTTGGCTA-1,Layer_2,0
GTCGTGTCTGGTCATC-1,Layer_2,0
GTCGTTATTCGCTTAT-1,Layer_2,0
GTCTACTCAATTACAA-1,Layer_3,2
GTCTAGTGAGCCGCTT-1,Layer_3,2
GTCTATACACGCATGG-1,Layer_6,3
GTCTATCTGAGTTTCT-1,Layer_3,2
GTCTATTGCATGCTCG-1,Layer_3,2
GTCTATTGGTTCCGGT-1,Layer_2,4
GTCTCAAGGCCCGGCT-1,Layer_3,2
GTCTCCCGAGTCCCGT-1,Layer_3,3
GTCTCCGCCTCAATAC-1,Layer_5,3
GTCTCCTGCCAGTATG-1,Layer_6,3
GTCTCGACTAAGTTTG-1,Layer_3,0
GTCTCGATCTGCTTTC-1,Layer_2,0
GTCTGCCGACTCGACG-1,Layer_4,3
GTCTGGGCGGTCGAGA-1,Layer_3,2
GTCTGTAGGTTGAACA-1,Layer_6,1
GTCTTACCACGCCAAG-1,Layer_3,2
GTCTTAGTACAGCCGG-1,Layer_3,0
GTCTTCCTCACCTAAG-1,Layer_3,0
GTCTTGAGGAGCAGTG-1,Layer_1,1
GTCTTGTAGCTATTCA-1,Layer_1,6
GTGAAACGGCGCCACC-1,Layer_2,0
GTGAAACGTGCTCCAC-1,Layer_2,0
GTGAACTCCCATTCGA-1,Layer_2,0
GTGAAGATTTCAAGTG-1,Layer_3,0
GTGAAGCCGTATAGTC-1,Layer_3,0
GTGAAGTCACGACTCG-1,Layer_5,3
GTGACAGCTTCCCACT-1,Layer_3,3
GTGACCGCACACTACG-1,Layer_1,1
GTGACCTAAAGAATAA-1,Layer_2,0
GTGACGAGGGTGACCC-1,Layer_2,0
GTGACGCAGGTTTCAT-1,Layer_3,3
GTGACTTCAGTAGTGC-1,Layer_3,2
GTGAGATAACCTTATA-1,Layer_6,3
GTGAGCGTGCTGCACT-1,Layer_2,2
GTGAGGACACTTAAGG-1,Layer_1,0
GTGAGGAGCGGTTGAG-1,Layer_3,0
GTGAGTCGACTAATAG-1,Layer_3,2
GTGAGTCTAAGACGGA-1,Layer_2,0
GTGAGTGGTACAACGC-1,Layer_3,2
GTGATCAAGCGTGCAC-1,Layer_6,3
GTGATCACTAACGCCT-1,Layer_1,1
GTGATCATAGATCTGC-1,Layer_3,0
GTGATCCTTGTCATGA-1,Layer_3,2
GTGATGCACAACATCT-1,Layer_3,0
GTGATTCGCCGCTCAA-1,Layer_3,2
GTGCAACAAATGTGGC-1,Layer_2,0
GTGCACCAGCTTCAAC-1,Layer_5,3
GTGCACGAAAGTGACT-1,Layer_2,0
GTGCAGCGTAGAGTAG-1,Layer_1,1
GTGCCAAACGTTTCGA-1,WM,5
GTGCCATCACACGGTG-1,Layer_3,2
GTGCCCGTTCGGATTC-1,Layer_1,1
GTGCCGCTTCAAAGGT-1,Layer_3,2
GTGCCTAGCTATGCTT-1,Layer_1,1
GTGCCTCAGTGTACGG-1,Layer_3,0
GTGCCTGAGACCAAAC-1,Layer_3,3
GTGCGAAATCGAACAC-1,Layer_3,2
GTGCGACAGGGAGTGT-1,Layer_1,1
GTGCGCAGCTTGCTCC-1,Layer_3,0
GTGCGCTTACAAATGA-1,,3
GTGCGGGACCATCGGC-1,Layer_3,0
GTGCGGGTCTCCAAAT-1,Layer_1,1
GTGCGTGTATATGAGC-1,Layer_1,1
GTGCTATCCAGCTGGA-1,Layer_5,3
GTGCTCAAGTACTGTC-1,Layer_1,0
GTGCTGCAGATAAGGA-1,Layer_3,2
GTGCTGTTAGAACATA-1,Layer_5,3
GTGCTTACATCAGCGC-1,Layer_1,1
GTGGAACCTACATGCG-1,Layer_3,0
GTGGACCAACCCGATT-1,Layer_3,2
GTGGACGCATTTGTCC-1,Layer_3,2
GTGGACGTGCTGAGAC-1,Layer_1,1
GTGGAGCATGTCGGCC-1,Layer_2,0
GTGGAGCGTTTACCGA-1,Layer_5,3
GTGGAGTCGGCGGTTG-1,Layer_4,2
GTGGCAAACAGCGGCA-1,Layer_4,3
GTGGCCGGTTTCTCGG-1,WM,5
GTGGCCTAATATCATT-1,Layer_3,2
GTGGCGGTCCCAGCGT-1,Layer_3,2
GTGGCTGTTTCTGTTC-1,Layer_3,3
GTGGGAACAAACCGGG-1,Layer_6,3
GTGGGAAGACTGAATC-1,Layer_4,2
GTGGGCTTAGACACAC-1,Layer_1,1
GTGGGTACTGAGCGTA-1,Layer_5,3
GTGGTATAGTCTGCCG-1,Layer_4,3
GTGGTCAGCGAAGTAT-1,Layer_3,0
GTGGTGATGGTTTGTG-1,Layer_1,1
GTGGTGGCCAAGTGAA-1,Layer_2,0
GTGGTTACTTCTTTCG-1,Layer_1,0
GTGGTTTCCGCCTTTC-1,Layer_3,2
GTGTACCTTGGCTACG-1,Layer_1,1
GTGTACGAACCGTTCC-1,Layer_1,1
GTGTATATCAGCGGGC-1,Layer_3,2
GTGTATGACTTTAAAG-1,Layer_3,0
GTGTCAGTGTACGTGG-1,Layer_5,3
GTGTCCGATAAGGCAT-1,Layer_3,2
GTGTCGTATAGCGTTC-1,Layer_3,2
GTGTGAATAACTTAGG-1,Layer_1,1
GTGTGTCGACGTCGCT-1,Layer_1,1
GTGTTACTATGCGTCC-1,Layer_2,0
GTTAAAGTAGGACTGG-1,Layer_2,4
GTTAACATCACTTAAA-1,Layer_3,2
GTTAACTATGTTGTCA-1,Layer_1,6
GTTAAGGGTGCGATGT-1,Layer_3,2
GTTAAGTTAGAGTGGG-1,Layer_1,1
GTTAATAGCGTCATTA-1,Layer_3,2
GTTAATGTCTATCTTA-1,Layer_3,0
GTTACAATTGGTGACG-1,Layer_3,0
GTTACCAAGGCGTACG-1,Layer_3,2
GTTACCTACAACTTGC-1,Layer_3,0
GTTACTTTGGGCCTAG-1,Layer_3,2
GTTAGAGTGTGCCGCT-1,Layer_3,0
GTTAGCCCATGACATC-1,Layer_4,3
GTTAGCCGTAAATCAA-1,Layer_2,0
GTTAGGCTACCCGTTT-1,Layer_5,3
GTTATAATACGGTGAA-1,Layer_2,4
GTTATATCAGGAGCCA-1,Layer_3,0
GTTATATTATCTCCCT-1,Layer_3,2
GTTATCAAGCTATCGA-1,Layer_3,3
GTTATCACCTTCTGAA-1,Layer_3,0
GTTATTAAATACGACC-1,Layer_3,2
GTTATTAACGTGGGAG-1,Layer_1,1
GTTCAAATCAGATGTC-1,Layer_2,0
GTTCAATCTATGTCAA-1,Layer_3,0
GTTCACAGGAGTCTAG-1,Layer_2,0
GTTCAGTCGCCAAATG-1,Layer_5,3
GTTCATCGTTTGGCTG-1,Layer_1,1
GTTCCAGTCTGACCAT-1,Layer_1,0
GTTCCCGTAAACATAT-1,Layer_3,4
GTTCCGTCCGCCTGCA-1,Layer_6,3
GTTCGACAATTGTATA-1,Layer_6,5
GTTCGCCATAAGTGCC-1,Layer_2,0
GTTCGCTGAGACGTCT-1,Layer_2,0
GTTCGGAGCACTCAAC-1,Layer_3,2
GTTCGGATCGGGAACA-1,Layer_1,6
GTTCGGGCGTACCATT-1,Layer_1,1
GTTCGTCTAAAGAACT-1,Layer_2,4
GTTCGTCTGGGTCCCT-1,Layer_3,0
GTTCTTCCCTCGATGT-1,Layer_2,0
GTTCTTGTAACTCAAT-1,Layer_5,3
GTTGAACCGGTTCCAT-1,Layer_3,2
GTTGAGTCCCGCCGGT-1,Layer_3,2
GTTGCACGGAGTTTCG-1,Layer_1,1
GTTGCAGTCGACAACA-1,Layer_3,4
GTTGCCCTAACGGGTG-1,WM,5
GTTGCGCTAACATTAC-1,Layer_1,1
GTTGCGGACGGTCAGG-1,Layer_1,1
GTTGGACCGCATCAGG-1,Layer_3,0
GTTGGATTCAGTGGCT-1,Layer_3,0
GTTGGATTGAGAACAC-1,Layer_1,1
GTTGGATTTGCGTTGG-1,Layer_2,0
GTTGGTCATGCTATCC-1,Layer_3,2
GTTGTAGATTTATGAG-1,Layer_5,3
GTTGTCGTGTTAGTTG-1,Layer_1,0
GTTGTTACATTGCGCT-1,Layer_3,2
GTTGTTGCAAGATGGC-1,Layer_3,4
GTTTACGTTCCATCTG-1,Layer_3,0
GTTTATGGGATTTAGA-1,Layer_1,1
GTTTCAAACGAGTTGT-1,Layer_3,4
GTTTCATATCGTCGCT-1,Layer_3,2
GTTTCCTGGAGGGTGA-1,Layer_1,1
GTTTCTAGAGGCGCGG-1,Layer_3,3
GTTTCTGCAGTCTCCC-1,Layer_2,0
GTTTGACCAAATCCTA-1,Layer_1,1
GTTTGAGCGGTTATGT-1,,3
GTTTGGCCCAAGTTAT-1,Layer_1,0
GTTTGGCCGCTCAGCG-1,Layer_1,1
GTTTGGGCTTGTGAGC-1,Layer_3,2
GTTTGGGTTTCGCCCG-1,Layer_3,2
GTTTGGTAGGGTCAAC-1,Layer_3,2
GTTTGGTGATCGGTGC-1,Layer_5,3
GTTTGTTAGCCAAGTA-1,Layer_5,3
TAAACCCAGGAGGGCA-1,Layer_4,3
TAAACGTCGTCAATGA-1,Layer_1,1
TAAAGACAACCCTTTA-1,Layer_1,1
TAAAGAGCCCGAAACC-1,Layer_2,0
TAAAGCGGTATTTCCA-1,Layer_4,3
TAAAGCGTTAGGAGAA-1,Layer_1,1
TAAAGCTGCAATAGGG-1,Layer_3,0
TAAAGTGCACGTCTCG-1,Layer_6,3
TAAATCTTTACACCTC-1,Layer_3,0
TAAATGAATCCGTTTC-1,Layer_1,1
TAAATGCCGTCTCATG-1,Layer_3,2
TAAATGGGCTACTGAG-1,Layer_3,4
TAAATTGTGGGTAAAG-1,Layer_5,3
TAAATTTAGTAACACC-1,Layer_6,3
TAACAAAGGGAGAAGC-1,Layer_1,1
TAACAATATTTGTTGC-1,Layer_2,0
TAACAGCGTTTGTGCT-1,Layer_5,3
TAACAGGTTCCCTTAG-1,Layer_5,3
TAACATACAATGTGGG-1,Layer_1,0
TAACATACACGCGATC-1,Layer_5,3
TAACCGCCCGCAGTGC-1,Layer_3,0
TAACCTACCGTCCGAG-1,Layer_1,1
TAACCTAGGGAGTCCA-1,Layer_3,4
TAACGCTTTGAGAGCG-1,Layer_1,1
TAACTATCGAAGGTCC-1,Layer_1,1
TAACTATTACGCCAAA-1,Layer_2,0
TAACTCATCCGCGCGG-1,Layer_3,2
TAACTCCATGGAGGCT-1,Layer_1,1
TAACTGAAATACGCCT-1,WM,5
TAAGAGGGACAGGGAC-1,Layer_6,3
TAAGATTTAGCGGGAG-1,Layer_3,0
TAAGCAGGCGACACGC-1,Layer_3,2
TAAGCCCTTACGACCA-1,Layer_3,2
TAAGCGCGAATCAAAT-1,Layer_6,3
TAAGGAACTTGTGGGA-1,Layer_1,1
TAAGGCAACATAAGAT-1,Layer_1,1
TAAGGCATAACATCAA-1,Layer_4,2
TAAGGCCCGTCACCCT-1,Layer_3,3
TAAGGCTGAATCCCTC-1,Layer_1,1
TAAGGGCCTGTCCGAT-1,Layer_3,4
TAAGGGCTGGGAGAGG-1,Layer_3,2
TAAGTAAATGTGCCGC-1,Layer_3,2
TAAGTAACATCTTGAC-1,Layer_3,2
TAAGTCGCCGAGTATC-1,Layer_4,3
TAAGTCGGTGAGCTAG-1,Layer_3,2
TAAGTGAATAGTCTAC-1,WM,5
TAAGTTGCGACGTAGG-1,Layer_2,4
TAATAAACAAGGAGAT-1,Layer_3,0
TAATACACAGTAGTAT-1,Layer_1,1
TAATACTAGAACAGAC-1,Layer_4,3
TAATAGAACAGAGTTA-1,Layer_3,2
TAATAGCTAAATGATG-1,Layer_3,0
TAATAGGTCACCAGAA-1,Layer_5,3
TAATAGTGACGACCAG-1,Layer_1,1
TAATATTGAAATTCGC-1,Layer_1,1
TAATCAACCAAATGGG-1,Layer_1,1
TAATCGATCCGTACGT-1,Layer_2,0
TAATGAAAGACCCTTG-1,Layer_2,0
TAATGTCGGTTCATGG-1,WM,5
TAATTACGTCAGTAGA-1,Layer_3,4
TAATTAGATGGATATG-1,Layer_2,0
TAATTAGGACATCCGT-1,Layer_1,6
TAATTCCAATGCTTCA-1,Layer_3,4
TAATTGGAATCGGGAA-1,Layer_3,0
TAATTTCCGTCCAGTA-1,Layer_4,2
TACAAATTGCGGAGGT-1,Layer_3,2
TACAACAGCGCATACA-1,Layer_3,2
TACAACGCACAACTCA-1,Layer_3,2
TACAAGCTGTTCACTG-1,,2
TACAAGGGCTTCTTTA-1,Layer_3,3
TACAAGTCTCGTGCAT-1,Layer_2,1
TACAATGAAACCAGCA-1,,3
TACACAGCCGTGGTGC-1,Layer_4,3
TACACCGTCGTTAGTC-1,Layer_3,0
TACACCTCTTCGAATC-1,Layer_3,3
TACAGAAACGGTGGGC-1,Layer_3,2
TACATAGGCATACACC-1,Layer_2,0
TACATCCCTATCCCTG-1,Layer_4,2
TACATCTTGTTTCTTG-1,Layer_1,1
TACATGACCTTATCCG-1,Layer_2,0
TACATGCCGGAATTGT-1,Layer_2,4
TACATTTCTAACGTGC-1,Layer_2,0
TACCAAATAGCCCAGA-1,Layer_3,2
TACCAATAAAGTACCA-1,Layer_3,4
TACCAGAAGTAGGTTC-1,Layer_3,2
TACCAGCTAGGTTTAA-1,Layer_3,0
TACCAGGAATCCCGTC-1,Layer_6,3
TACCATGTATTGATTT-1,Layer_1,1
TACCCTCGGTAACCCT-1,Layer_3,4
TACCGAATAATTGTAA-1,Layer_3,3
TACCGCGGACTTGCAG-1,Layer_1,1
TACCGGCTCACTGCCC-1,Layer_3,0
TACCGGTCGTTTCCAT-1,Layer_3,2
TACCGTAGGTTAACTA-1,Layer_3,2
TACCGTGCCTCGGACC-1,Layer_3,2
TACCTACTCCCAGTAT-1,Layer_3,2
TACCTATCCCTAGAGG-1,Layer_4,2
TACCTCACCAATTGTA-1,Layer_3,2
TACCTCACGCTTGTAC-1,Layer_2,0
TACCTCAGTTGTCTGT-1,Layer_4,3
TACCTCCACACCAATG-1,Layer_6,3
TACCTCTTTACCATCC-1,Layer_3,4
TACCTGCTGCACTGTG-1,Layer_2,0
TACCTTAAGATTTCCC-1,Layer_3,2
TACGAACACGACTTCA-1,Layer_1,1
TACGACGCTTGCTGCG-1,Layer_3,2
TACGACTGCCTCTTAG-1,Layer_2,0
TACGAGAACTTCACGT-1,Layer_2,0
TACGATGTTGATCATC-1,Layer_2,0
TACGCAGTTCTTTCCT-1,Layer_3,2
TACGCCATATTCTAAT-1,Layer_2,0
TACGCCGAGGGTACCC-1,Layer_4,3
TACGCCGCCTCAGAAG-1,Layer_1,1
TACGCCTCCATTCCGA-1,Layer_3,2
TACGCTATAGAAACCT-1,Layer_1,1
TACGCTCCTAGAACTG-1,Layer_6,3
TACGCTCGGTATTGGA-1,Layer_3,4
TACGCTGATAGTTGTA-1,WM,5
TACGCTGCACGGTCGT-1,Layer_3,2
TACGCTGCTGTGTTAA-1,Layer_6,5
TACGGAAGCCAAACCA-1,Layer_4,3
TACGGCATGGACGCTA-1,Layer_3,4
TACGGGATGCTAGCAG-1,Layer_2,0
TACGGGTAATAACATA-1,Layer_4,3
TACGTAAAGCGGAGTG-1,Layer_3,4
TACGTACTAGTGCTGA-1,Layer_5,3
TACGTGCAAGGTTCCT-1,Layer_2,0
TACGTGCACTATGCTG-1,Layer_1,1
TACGTGGGCCCAGGGC-1,Layer_4,3
TACGTTTACCGGCAAT-1,Layer_3,2
TACTACGTGCAATGCG-1,Layer_4,3
TACTATGGTTCCTCAG-1,Layer_4,3
TACTCATTGACGCATC-1,Layer_3,2
TACTCCTCTAGTTGAC-1,Layer_5,3
TACTCGGCACGCCGGG-1,Layer_3,2
TACTCGTTTGAATCAA-1,Layer_4,3
TACTCTCCGAACAAAT-1,Layer_2,0
TACTCTTACTTTACTG-1,Layer_3,4
TACTCTTTCGTCTTCA-1,Layer_4,3
TACTGAACAGATTTAG-1,Layer_4,2
TACTGAGGGAAGAAAG-1,WM,5
TACTGCAATCAATTAC-1,Layer_3,0
TACTGCATGATTAAAT-1,Layer_6,3
TACTGGACAGCTCGGC-1,Layer_3,2
TACTGTTTCTCTGGTA-1,Layer_1,1
TACTTAAACATGTACA-1,Layer_3,2
TACTTGTTAGTAGTCC-1,Layer_1,1
TACTTTACTGAGCCGG-1,Layer_1,1
TACTTTCCGCACGCCA-1,Layer_4,3
TAGAAACACAATAGTG-1,Layer_1,1
TAGAAACCACTAAGTA-1,Layer_3,0
TAGAAAGGTGGCGCTA-1,Layer_1,1
TAGAAATTCACGTATA-1,Layer_3,2
TAGAAGAAGGGTTACA-1,Layer_3,4
TAGAATAGCCGATGAA-1,Layer_3,2
TAGAATTAAGGGCAAC-1,Layer_3,0
TAGACGAAACGCCAAT-1,Layer_3,3
TAGACGCCCGTACCGG-1,Layer_1,1
TAGACTACCTAGCGTT-1,Layer_1,1
TAGACTCAGTTGGCCT-1,WM,5
TAGAGATCATGCAACT-1,Layer_3,2
TAGAGCTACGAAGAAC-1,Layer_2,0
TAGAGGGAGTTTATCT-1,Layer_5,3
TAGAGGTTCTACTTGT-1,Layer_3,4
TAGAGTCTAAGCGAAC-1,Layer_1,1
TAGAGTGTTCCGGGTA-1,Layer_3,3
TAGATATGGACTGGAA-1,Layer_3,2
TAGATCCGAAGTCGCA-1,Layer_3,0
TAGATGGTTCCTTACT-1,Layer_3,4
TAGATTCAAAGTGCGG-1,Layer_6,3
TAGATTCCTGGTTATT-1,Layer_3,0
TAGATTCTCTAGCAAA-1,Layer_3,2
TAGCAACCTGTCACAA-1,Layer_1,1
TAGCAGATACTTAGGG-1,Layer_3,3
TAGCAGTATGACTAAA-1,Layer_3,2
TAGCCATTTCAAAGTC-1,Layer_1,1
TAGCCGGCGGTCAGCG-1,Layer_1,1
TAGCGTCCCTCGATTG-1,Layer_1,1
TAGCGTCCGGTGTGGT-1,Layer_3,2
TAGCGTCGAATATTGA-1,Layer_3,2
TAGCGTTGGGTCTTAC-1,Layer_1,0
TAGCTAAGTCCGGGAG-1,Layer_1,1
TAGCTAGAAGGCATGA-1,Layer_3,2
TAGCTAGTGATGATGG-1,Layer_4,3
TAGCTCACTGTGTTTG-1,Layer_3,2
TAGCTCGCCTGATAAC-1,Layer_3,2
TAGCTGATGTGAAGCG-1,Layer_4,2
TAGGAACAGCCTCCAG-1,Layer_3,0
TAGGAGGCTCGAGAAC-1,Layer_3,3
TAGGATCTTAACCGCA-1,Layer_5,3
TAGGCATGTTACGCCA-1,Layer_2,0
TAGGCCTATATAGTCT-1,Layer_3,2
TAGGCGATGAGGTCTC-1,Layer_5,3
TAGGCGGCTGCAAAGA-1,WM,5
TAGGCTAAAGTGGCAC-1,Layer_3,2
TAGGGAGCTTGGGATG-1,Layer_1,1
TAGGGTGTTTCAAGAG-1,Layer_1,1
TAGGTCCAAGTAAGGA-1,Layer_2,0
TAGGTCGCCGGAACTG-1,Layer_1,1
TAGGTGACGATAACCT-1,Layer_3,2
TAGGTGAGCCCTACTC-1,Layer_1,1
TAGGTGCTCGCCTAGC-1,Layer_1,1
TAGGTGTTCCACAGAT-1,Layer_3,2
TAGGTTCGAGTTCGTC-1,Layer_1,1
TAGGTTCTGCTGAGAA-1,Layer_5,3
TAGTACCACAACTTTC-1,WM,5
TAGTACCTTAGTGGTC-1,Layer_1,1
TAGTAGCTTATACCAG-1,Layer_4,3
TAGTAGTTGCCGGACA-1,Layer_5,3
TAGTCCCGGAGACCAC-1,Layer_5,3
TAGTCCGCAGAGAATG-1,Layer_2,0
TAGTCCGTATGCATAA-1,Layer_1,1
TAGTCCTGCACTAAGC-1,Layer_6,5
TAGTCGATCACGGGTT-1,Layer_1,1
TAGTCGGGATTCTTCG-1,Layer_1,1
TAGTCTAACAACGAGA-1,Layer_3,2
TAGTCTGCGGCACATT-1,Layer_6,1
TAGTCTGTGACGTTGC-1,Layer_3,0
TAGTCTTTCCGAATTG-1,Layer_1,1
TAGTGACAAGCTCTAC-1,Layer_3,2
TAGTGCCCTCCAGAGT-1,Layer_1,1
TAGTGGAACTCATACA-1,Layer_3,2
TAGTGTCAGAAACGGC-1,Layer_1,1
TAGTTAAGATAGGATA-1,Layer_3,0
TAGTTTATTCTTGCTT-1,Layer_2,0
TATAAATCCACAAGCT-1,Layer_1,1
TATAAGTGAGGATAGC-1,Layer_1,1
TATACACAGACGCCTT-1,Layer_3,2
TATACACGCAAAGTAT-1,Layer_1,1
TATACCGAGTGCCACA-1,Layer_1,1
TATACGCGTCATCACT-1,Layer_3,2
TATACTCATGCGGCAA-1,Layer_1,1
TATAGAGTCGCTTGAA-1,Layer_5,3
TATAGATGGTCGCAGT-1,Layer_1,1
TATAGCGCACGTTATC-1,Layer_5,2
TATAGGGTACTCATGA-1,Layer_3,2
TATAGTTAGGTGTACT-1,WM,5
TATATAGGGCTTTACG-1,Layer_5,3
TATATATCGAGAAATG-1,Layer_5,3
TATATCAAAGTGATCT-1,Layer_6,1
TATATCATTGATCAGT-1,Layer_3,0
TATATCCCTGGGAGGA-1,Layer_1,1
TATATGCTGGGTTGCC-1,Layer_1,0
TATATTACAAATGTCG-1,Layer_3,0
TATATTCGCGTCGATA-1,Layer_3,0
TATCAAAGGTCTGTAA-1,Layer_2,0
TATCACAGCACGGGCA-1,Layer_3,0
TATCACCATGTAAAGT-1,Layer_3,2
TATCACCCAACCGACC-1,Layer_2,0
TATCACTTCGAGTAAC-1,Layer_3,0
TATCAGTGGCGTAGTC-1,Layer_5,3
TATCCAATTGGTTATC-1,Layer_3,2
TATCCATATCATGCGA-1,Layer_1,1
TATCCATCTCGGTTAG-1,Layer_6,3
TATCCCTCGATCTGCA-1,Layer_4,3
TATCCGCACCGTCGGG-1,Layer_4,2
TATCCTATCAACTGGT-1,Layer_5,3
TATCCTGCATGGGAAT-1,Layer_2,0
TATCGATCTATGCATA-1,Layer_2,0
TATCGATGATTAAACG-1,Layer_1,1
TATCTACAGAGGTAAT-1,Layer_2,1
TATCTACCACAGCGGG-1,Layer_2,0
TATCTAGCCTAAAGGA-1,Layer_3,0
TATCTGAGCCGATATT-1,WM,5
TATCTTGCAATACAAC-1,Layer_5,3
TATGAAGAATTAAGGT-1,Layer_3,2
TATGAAGACAGGTGCG-1,Layer_2,0
TATGACCTTGCGCTGG-1,Layer_5,2
TATGATAAATCTAACG-1,Layer_3,0
TATGATCCGGCACGCC-1,Layer_3,0
TATGATCTTCTCTTTA-1,Layer_3,2
TATGATTCTGCTTGGT-1,Layer_3,0
TATGCTCCCTACTTAC-1,Layer_1,1
TATGGAGTTTCTCGTT-1,Layer_2,0
TATGGATGTGCTACGC-1,Layer_1,1
TATGGCCCGGCCTCGC-1,Layer_2,1
TATGGCTAGGCTAATT-1,Layer_3,0
TATGGGACCGAGCAGG-1,Layer_2,0
TATGGGTACGTATCGT-1,Layer_1,1
TATGGTCTGAGTAACA-1,Layer_2,0
TATGGTTAGTGGGAGA-1,Layer_1,6
TATGTAAAGTGCTTAA-1,Layer_5,3
TATGTAGAAACCCGGC-1,WM,5
TATGTCAAGACCGACT-1,Layer_3,0
TATGTCTCATTGTGCC-1,Layer_1,1
TATTAACACCAAAGCA-1,Layer_5,3
TATTAACCTGACCGCG-1,Layer_4,3
TATTACCATCCTGCTT-1,Layer_1,1
TATTATGTTTGCCTGC-1,Layer_5,3
TATTCAATTCTAATCC-1,Layer_1,1
TATTCCACTCAGCTCG-1,Layer_3,2
TATTCCGAGCTGTTAT-1,Layer_3,4
TATTCCGGCAGTCCTA-1,Layer_3,0
TATTCCTCCGCCCACT-1,Layer_3,2
TATTCGTGCCAGAATA-1,Layer_1,1
TATTGACATTTCTGCC-1,Layer_1,4
TATTGCCGGGCTTGTA-1,Layer_3,2
TATTTAGTCTAGATCG-1,Layer_1,1
TATTTATACCGAGTAG-1,Layer_3,0
TATTTGATTTGCACAG-1,Layer_2,4
TATTTGTTACCCTTTA-1,Layer_1,1
TCAAACAACCGCGTCG-1,Layer_1,1
TCAAACTTAGATTGTT-1,Layer_1,1
TCAAAGAGCTATCTGT-1,Layer_5,2
TCAAAGTCACGGCGTC-1,WM,5
TCAAATTATGTTCGAC-1,Layer_3,2
TCAAATTGTTGTGCCG-1,Layer_4,3
TCAAATTTGAGACTCA-1,Layer_3,2
TCAACAAAGATAATTC-1,Layer_4,3
TCAACACATTGGGTAA-1,Layer_2,0
TCAACATAGCGCCCTA-1,Layer_4,3
TCAACATCGACCGAGA-1,Layer_3,2
TCAACCATGTTCGGGC-1,Layer_1,1
TCAACGAGGAGACAAA-1,Layer_2,0
TCAACGCAGGAAATAA-1,Layer_3,2
TCAACGCGACCGGCAG-1,Layer_3,2
TCAACTAACGTATAAC-1,Layer_2,0
TCAACTGCAGAGTCAG-1,Layer_2,4
TCAAGAAATACTAGCT-1,Layer_1,1
TCAAGCGCGGACGGTA-1,Layer_3,4
TCAAGCTGCCTTGAAA-1,Layer_3,0
TCAAGGTTACTACACC-1,Layer_1,1
TCAATACAATTGCTGC-1,Layer_3,0
TCAATACGCCGTCATG-1,Layer_4,2
TCAATATACAGGAGGC-1,Layer_3,2
TCAATCCCGCGCCAAA-1,Layer_3,2
TCAATCCGGGAAGTTT-1,Layer_3,3
TCACAAACCGAGGTAC-1,Layer_3,2
TCACAGATCCTCAAAC-1,Layer_1,1
TCACAGCAAACTCGAA-1,Layer_3,2
TCACAGGAGAATAAGA-1,Layer_3,2
TCACAGGGAATCGCAA-1,Layer_2,0
TCACAGGTTATTGGGC-1,Layer_1,1
TCACATCTTATCTGAT-1,Layer_2,0
TCACCCTCTTAAGATT-1,Layer_3,0
TCACCGCTCGGCACTC-1,Layer_1,1
TCACGATGTCCGTGGA-1,Layer_4,3
TCACGCATTGTAGATC-1,Layer_1,0
TCACGGCCCAAGAGAG-1,WM,5
TCACGGTCATCGCACA-1,Layer_1,1
TCACGTGCCCGATTCA-1,Layer_2,0
TCACTACGACCAATGC-1,Layer_3,0
TCACTATCCCTTCGGT-1,Layer_3,3
TCACTATCGTGCAATC-1,Layer_3,0
TCACTCAGCGCATTAG-1,,3
TCACTCGTGCAACGGC-1,Layer_3,0
TCACTCTTCGTCTGTC-1,Layer_1,1
TCAGAACCTCCACAGG-1,Layer_2,0
TCAGAACGGCGGTAAT-1,Layer_4,3
TCAGACGCTATAGAAG-1,Layer_3,0
TCAGAGGACGCGTTAG-1,Layer_4,3
TCAGAGTGTGAGCATG-1,Layer_3,0
TCAGATGGAGACGTAG-1,Layer_3,2
TCAGCAAATGCATCTC-1,Layer_1,1
TCAGCAGTAGGCCCTG-1,Layer_4,3
TCAGCCAATCCGTAAA-1,Layer_3,4
TCAGCGCACGCCGTTT-1,Layer_4,3
TCAGCTTGAGCTTTCG-1,WM,5
TCAGGGCGACTTCCTT-1,Layer_2,0
TCAGGGCGCAAACTCG-1,Layer_1,1
TCAGGGTGCACGAAAC-1,Layer_3,0
TCAGGGTGTAACGTAA-1,Layer_1,1
TCAGGTTCTTTGAGAA-1,Layer_1,1
TCAGTACTGACCCGCG-1,Layer_1,1
TCAGTAGGGACTATAA-1,Layer_3,2
TCAGTGTATACGTCAT-1,Layer_4,3
TCAGTTACGGAATGAT-1,Layer_3,0
TCATAAGTCCAAGAAG-1,Layer_3,0
TCATACTTACAGATCC-1,Layer_1,1
TCATATGAGCTTTGTT-1,Layer_4,2
TCATCACTCGAGCTCG-1,Layer_1,1
TCATCCATCTGATCAC-1,WM,5
TCATCCCAGAGGGTGG-1,Layer_3,0
TCATCCTCAGCTGCTT-1,Layer_3,3
TCATCGACGACCGTCG-1,Layer_4,3
TCATCGATGGTCCCAA-1,Layer_5,3
TCATGAAGCGCTGCAT-1,WM,5
TCATGCAGGTTCTCAT-1,Layer_3,0
TCATGGAGGCCTTTGT-1,Layer_3,2
TCATTTAAGTCTCCGA-1,Layer_1,1
TCATTTAGAAGTGTGA-1,Layer_2,4
TCCAACTCAGCTATCT-1,Layer_3,2
TCCAACTTTAAATTCT-1,Layer_3,2
TCCAAGCCTAGACACA-1,Layer_3,3
TCCAATAAAGGCTACC-1,Layer_4,3
TCCACAATGGTTTACG-1,Layer_1,1
TCCACATCGTATATTG-1,Layer_4,3
TCCACCAAGACATAGG-1,Layer_3,3
TCCACCTCTAGCCTTT-1,Layer_4,2
TCCACTTTATCTAGGT-1,Layer_1,1
TCCAGAGCACCGGTTC-1,Layer_2,0
TCCAGATGTACGCCAA-1,Layer_3,0
TCCAGCGCTATAAGCG-1,Layer_1,1
TCCAGGCAGGACGATC-1,Layer_5,3
TCCAGGCGAGTACGGT-1,Layer_1,1
TCCAGGGTATATACGA-1,Layer_3,2
TCCATCAATACTAATC-1,WM,5
TCCATTAGTTGGATAG-1,Layer_2,0
TCCATTCCCACTAGAG-1,Layer_3,2
TCCATTGTGACCTCGT-1,Layer_3,0
TCCCAAACAGACAACG-1,Layer_3,0
TCCCAAACATCCTCTA-1,WM,1
TCCCAAAGACGAAGGA-1,Layer_1,1
TCCCAAAGCCCTAAAT-1,Layer_1,1
TCCCAATATCGACGAC-1,Layer_3,3
TCCCACTCTCTTCCGG-1,Layer_2,0
TCCCAGCACACGACAT-1,Layer_2,4
TCCCAGCTTTAGTCTG-1,Layer_1,1
TCCCAGGCTTAGCTAA-1,Layer_1,1
TCCCGCCTATGTGCGT-1,Layer_2,0
TCCCGCGTACTCCTGG-1,Layer_1,1
TCCCGGGTGTGCTGCT-1,Layer_2,0
TCCCGGTCAGGAATTT-1,Layer_2,0
TCCCGTCAGTCCCGCA-1,Layer_1,0
TCCCGTCGCGTCATAG-1,Layer_2,0
TCCCGTGTGCAATTTG-1,Layer_2,0
TCCCTAGATCAATAGG-1,Layer_2,0
TCCCTCTTCTCAAGGG-1,Layer_3,2
TCCCTGGCGTATTAAC-1,Layer_5,3
TCCCTGGCTCGCTGGA-1,Layer_2,1
TCCCTTAGATTACTCG-1,Layer_3,0
TCCCTTGTCTGAAACT-1,Layer_3,2
TCCGAACGTTGCCGCT-1,Layer_1,1
TCCGAACTTGGCTTAC-1,Layer_3,1
TCCGAAGTAGTCACCA-1,Layer_3,2
TCCGAATGGTCCTGAG-1,Layer_2,0
TCCGACCGCTAATCAA-1,Layer_6,3
TCCGAGAAGGCTAAGC-1,Layer_3,0
TCCGATAATTGCCATA-1,Layer_2,0
TCCGATGACTGAGCTC-1,Layer_1,0
TCCGATGGTGCGACAT-1,Layer_1,1
TCCGATTACATTGCCG-1,Layer_2,0
TCCGCAGCCACCTAGC-1,Layer_1,1
TCCGCCTGTCTACAAG-1,Layer_3,2
TCCGCGGCAGCATCTG-1,Layer_1,1
TCCGCGGCCCAATGAA-1,Layer_2,4
TCCGCTGTCATCCCGG-1,Layer_2,0
TCCGCTTATCCCATTA-1,Layer_3,2
TCCGGAGGAAGGGCTG-1,Layer_3,2
TCCGGCCTAGCGTACA-1,Layer_2,0
TCCGGCCTGCATCGAT-1,Layer_3,2
TCCGGCTGTCGGGTCG-1,Layer_3,4
TCCGGGCCACTAACGG-1,Layer_3,3
TCCGGGCTTGACGGGA-1,Layer_3,2
TCCGGTTCGTCCGGTC-1,Layer_3,2
TCCGTAACCACAATCC-1,Layer_1,1
TCCGTTAAGCTAATAT-1,Layer_2,0
TCCGTTTAGCCTTGAA-1,Layer_1,1
TCCTAAAGATTCAGAC-1,Layer_3,3
TCCTAAATTGGGAAGC-1,Layer_3,2
TCCTAACCGTCGGGCA-1,Layer_4,3
TCCTACATCCACGGCC-1,Layer_2,0
TCCTAGCAAAGAAGCT-1,Layer_3,2
TCCTATCATAGGTAAC-1,Layer_1,1
TCCTCCTAAGACATTC-1,Layer_4,2
TCCTCGGGCTGGGCTT-1,Layer_1,0
TCCTCTACGAGATGGC-1,Layer_1,1
TCCTCTCCAGTTGTCC-1,Layer_2,0
TCCTCTGGCCCATTAG-1,Layer_3,0
TCCTGCAGCCGCCAAT-1,Layer_5,3
TCCTGCCAACTGGAGA-1,Layer_3,0
TCCTGCGTTGATACTC-1,Layer_3,2
TCCTGGCGCTGCCTGG-1,Layer_3,2
TCCTTACGACGGTCCG-1,Layer_2,4
TCCTTCAATCCCTACG-1,Layer_4,2
TCCTTCAGTGGTCGAA-1,Layer_3,0
TCCTTGTCCTTTAATT-1,Layer_4,3
TCCTTTAAATCCGCTT-1,Layer_3,4
TCCTTTCTTACGCTTA-1,Layer_1,1
TCGAAATTTAGGACCA-1,Layer_1,1
TCGAAGAACCGAGCAC-1,Layer_1,1
TCGAATATCCCGCAGG-1,Layer_5,3
TCGAATCGCAGGGTAG-1,Layer_6,3
TCGACAACTGAACCCG-1,Layer_5,3
TCGACATAGCGTAGCG-1,WM,5
TCGACTGACGATGGCT-1,Layer_3,2
TCGAGACCAACACCGT-1,Layer_2,0
TCGAGCCAGGCAGGCC-1,Layer_4,3
TCGAGGGCAACAGACG-1,Layer_2,4
TCGAGTCTACGATTCG-1,Layer_6,2
TCGATAGGCTAGTCGC-1,Layer_3,0
TCGATTTACGAAACGA-1,Layer_5,3
TCGCAAAGATGCATTT-1,Layer_2,0
TCGCACCAGGAGGCAG-1,Layer_3,4
TCGCACTAACGTTTGT-1,Layer_1,1
TCGCATAAAGGGCGCA-1,Layer_3,2
TCGCATCCCTAAGTGT-1,Layer_1,1
TCGCATTCAATGACTT-1,Layer_2,0
TCGCCACCCGGATTAC-1,WM,5
TCGCCCACTGCGAGAG-1,Layer_3,2
TCGCCGAAGTTGCGTC-1,Layer_3,2
TCGCCGACATATTCGC-1,Layer_3,3
TCGCCGCACCGCGTGA-1,Layer_5,2
TCGCCGGATGGGCAAG-1,Layer_2,0
TCGCCGGTCGATCCGT-1,Layer_1,1
TCGCCTCCTTCGGCTC-1,Layer_4,3
TCGCGTAGCAGTGTCC-1,Layer_3,4
TCGCGTCCAGAAGGTC-1,Layer_2,1
TCGCTAAACCGCTATC-1,Layer_3,0
TCGCTACTGGCTTTGA-1,Layer_4,3
TCGCTCGATATATTCC-1,Layer_1,1
TCGCTCGGCACCAGCG-1,Layer_3,0
TCGCTGCCAATGCTGT-1,Layer_4,3
TCGCTGGGCGGATTGT-1,Layer_1,1
TCGCTGTGCGTAAATC-1,Layer_1,1
TCGCTTAATTACGAAG-1,Layer_3,2
TCGCTTTAAACGTTTG-1,Layer_2,0
TCGGAATGACCATCAA-1,Layer_3,0
TCGGAATGCGCTCTGA-1,Layer_2,1
TCGGACGCCCAGCCCA-1,Layer_1,1
TCGGAGAGTATCGGGA-1,Layer_3,2
TCGGAGTACATGAGTA-1,Layer_1,1
TCGGATCTGGATGACC-1,WM,5
TCGGCAGGGTTAAGGG-1,Layer_3,2
TCGGCGAACCCAAACC-1,Layer_1,1
TCGGCGTACTGCACAA-1,Layer_5,3
TCGGCTAACTTCCCTT-1,Layer_3,0
TCGGCTTGTATCGACG-1,Layer_3,4
TCGGGAACGTGCCTAG-1,Layer_2,0
TCGGGAGACAGCGTAC-1,Layer_3,2
TCGGGATTCAAACATA-1,Layer_3,2
TCGGGCACTTCTGGAT-1,,2
TCGGGCCGTCGTGGTA-1,Layer_1,1
TCGGGTGAAACTGCTA-1,Layer_3,0
TCGGTCCCGACAATAG-1,Layer_5,3
TCGGTCCCTGACTCCA-1,Layer_3,0
TCGGTGACCGCTCCGG-1,Layer_3,2
TCGGTTAGCCATGTAG-1,Layer_3,2
TCGTAACTCCCAAGAC-1,Layer_3,2
TCGTAAGACGACATTG-1,Layer_1,1
TCGTAAGCTCCGAGGA-1,Layer_3,0
TCGTACCGACGTCAAG-1,Layer_5,3
TCGTATAGTGCAATTA-1,Layer_2,0
TCGTATTACCCATTGC-1,Layer_3,2
TCGTATTTCGTCCGGA-1,Layer_3,0
TCGTCAAGTACGCGCA-1,Layer_4,3
TCGTCACACTGTTAGC-1,Layer_2,0
TCGTCCGCTGGCGTCT-1,Layer_1,1
TCGTCTTAGGCGTTAA-1,Layer_3,4
TCGTGTACTATGGATG-1,Layer_2,0
TCGTGTATTGGTCACG-1,Layer_1,1
TCGTGTCACGCTGACA-1,Layer_3,2
TCGTGTTCGACCACAA-1,Layer_3,4
TCGTTAGGAGTCCCTA-1,Layer_3,2
TCGTTCGTTATTATGT-1,Layer_3,0
TCGTTGACAGGGTCCC-1,Layer_3,0
TCGTTGCTATCCGGTC-1,Layer_3,2
TCGTTGGCTCGTCAAT-1,Layer_2,0
TCGTTTACGCGACCCT-1,Layer_3,3
TCTAAAGAACAGTCTC-1,Layer_5,3
TCTAACCTAGCCTGCG-1,Layer_3,2
TCTAACTGTATGTAAA-1,Layer_2,0
TCTAATACTGCCTCAG-1,Layer_5,3
TCTACACGTTCATGCA-1,Layer_3,2
TCTACCCAATAGAGAG-1,Layer_2,4
TCTACCCGCATCATTT-1,Layer_3,2
TCTACCGTCCACAAGC-1,Layer_1,1
TCTACGCACGATCTCC-1,WM,5
TCTACGGGCTCAGTTG-1,Layer_3,2
TCTAGCAATCTCCGCC-1,Layer_3,2
TCTAGCATCTTCGATG-1,Layer_1,1
TCTAGCATGCCCAGAA-1,Layer_3,0
TCTAGGTGGCGACGCT-1,Layer_1,1
TCTAGTGATATCGTGG-1,Layer_1,1
TCTAGTTATCAGAAGA-1,Layer_1,0
TCTATAGGTGGGTAAT-1,Layer_3,2
TCTATCATGCAGTTAC-1,Layer_1,1
TCTATCCGATTGCACA-1,Layer_4,3
TCTATCGGTCGCAACA-1,Layer_1,1
TCTATGCTATAACGAC-1,Layer_3,2
TCTATTACGCTGGCGA-1,Layer_1,1
TCTATTACTAGAGGAT-1,Layer_3,2
TCTCAAATCAATCGGG-1,Layer_3,3
TCTCAGGCTACTCGCT-1,Layer_3,2
TCTCATGAGATAGGGT-1,Layer_2,4
TCTCCAACGTAGGTTA-1,Layer_2,0
TCTCCACAAGTTGAAT-1,Layer_3,2
TCTCCCTGGGCAGCGT-1,Layer_3,2
TCTCGAACGAGGTCAC-1,Layer_3,0
TCTCGACGTATCGCCG-1,Layer_1,1
TCTCGAGGAGGTTCGC-1,Layer_1,1
TCTCGGCTCCAGGACT-1,Layer_1,1
TCTCGTGTTACGAGGA-1,Layer_4,2
TCTCTAATAGCTGGTA-1,Layer_1,1
TCTCTCGCCGCACATA-1,Layer_2,4
TCTCTTACCGCGAACC-1,Layer_5,3
TCTGAACCGGTCGGCT-1,Layer_1,1
TCTGAACTCGTACCCG-1,Layer_1,1
TCTGAAGCACGTGGTC-1,Layer_3,4
TCTGAATTCCGTACAA-1,Layer_1,1
TCTGACGGGCTAACCC-1,Layer_3,0
TCTGAGCAATTGACTG-1,Layer_2,4
TCTGATCGGGTGCTAG-1,Layer_2,4
TCTGATGTATTCTGTC-1,Layer_3,4
TCTGATTGGAAATGGA-1,Layer_2,0
TCTGCACCATTAGTAA-1,Layer_3,0
TCTGCAGATTCGAGTC-1,Layer_2,0
TCTGCATACCTTGCTT-1,Layer_3,2
TCTGCCAGAAACTGCA-1,Layer_1,0
TCTGCGAATCGTTCGC-1,Layer_3,2
TCTGCGTCCGGTTTCT-1,Layer_1,1
TCTGCTTAGAACAAGC-1,Layer_1,1
TCTGGAGCGTAAGAGT-1,Layer_1,1
TCTGGCCGTTCAAGTT-1,Layer_1,0
TCTGGCGCAAGCCGGG-1,Layer_3,0
TCTGGGAACCTTTGAA-1,Layer_1,1
TCTGGGTAGCGCTCAT-1,Layer_3,2
TCTGTCATACAAGAGC-1,Layer_2,0
TCTGTGCCATCATAGT-1,Layer_1,1
TCTGTTACCCAGCATA-1,Layer_3,2
TCTTAACTCGGATGTA-1,Layer_1,1
TCTTACAGAGGTACCG-1,Layer_1,0
TCTTACCGGAACTCGT-1,Layer_2,0
TCTTACGGCATCCGAC-1,Layer_1,1
TCTTACTTATGCCTCT-1,Layer_1,1
TCTTAGAGCTCCAATT-1,Layer_1,6
TCTTAGAGTGAACTCT-1,Layer_1,1
TCTTATGGGTAGTACC-1,,2
TCTTCCCATGGGCACA-1,Layer_1,1
TCTTCGAATAGACGTT-1,Layer_1,0
TCTTCGATACCAATAA-1,Layer_1,1
TCTTCGCGGTGAGAGG-1,Layer_3,4
TCTTCTATAACCCGCC-1,Layer_1,1
TCTTGATGCGTAGCGA-1,Layer_1,1
TCTTGCTCCCGATACT-1,Layer_4,3
TCTTGGTAACACCAAA-1,Layer_1,1
TCTTGGTCAATGATAC-1,WM,5
TCTTTAAGACTATGAA-1,Layer_1,1
TCTTTAGAGTCTAACA-1,Layer_1,1
TCTTTAGCAGGCGAAC-1,Layer_2,4
TCTTTCATCCGTCCTT-1,WM,5
TCTTTCCTTCGAGATA-1,Layer_2,4
TCTTTCTCTTAAGGAG-1,Layer_3,0
TGAAACTTATGCAAGC-1,Layer_3,0
TGAAAGGACCTGACTC-1,Layer_1,1
TGAACAAGCAGGGACT-1,Layer_5,3
TGAACTGCTATGACTT-1,Layer_4,2
TGAAGAGCGGTCCTAG-1,Layer_1,1
TGAAGTAGCTTACGGA-1,Layer_1,1
TGAATACCGACGCGTA-1,Layer_3,2
TGAATATGCTATAAAC-1,Layer_3,0
TGAATGAGATACAGCA-1,Layer_3,2
TGAATGAGTGTTTCCC-1,Layer_5,3
TGAATGTCAGCCGGCC-1,Layer_1,1
TGAATTTCACTTGCCT-1,Layer_4,2
TGACAACGCATGTCGC-1,Layer_1,1
TGACAACTTAAAGGTG-1,WM,5
TGACACTTCTCTTTGC-1,Layer_3,0
TGACAGGACAAGTCCA-1,Layer_5,3
TGACATATATGACGAT-1,Layer_3,2
TGACATCGAGCGGACC-1,Layer_1,1
TGACATGTAACGTGAC-1,Layer_5,3
TGACCAAATCTTAAAC-1,Layer_4,3
TGACCAGCTTCAAAGT-1,Layer_3,2
TGACCCACGTTAGACA-1,Layer_1,0
TGACGAATATTTCCCT-1,Layer_3,2
TGACGATGCACTAGAA-1,Layer_1,1
TGACTATAATCCTTTC-1,Layer_3,0
TGACTCCGAATCATAC-1,Layer_6,3
TGACTCTAACTGGTAA-1,Layer_3,4
TGAGAATGCTTTACCG-1,Layer_1,1
TGAGACGTACCTCTCA-1,Layer_3,2
TGAGAGATTTACCACG-1,Layer_1,1
TGAGATCAAATACTCA-1,Layer_3,0
TGAGATTAGGCCCTAA-1,Layer_3,0
TGAGCAGTCGTGAAGT-1,Layer_3,0
TGAGCCATACAGTCTC-1,Layer_3,2
TGAGCGGAAAGTGTTC-1,Layer_3,2
TGAGCTCAACTGTATA-1,Layer_2,4
TGAGCTTTAATGACGC-1,Layer_3,0
TGAGGAGTGCCAGCTT-1,Layer_3,2
TGAGGCATGTACTGTG-1,Layer_6,3
TGAGGTGTGTGGCGGA-1,Layer_5,3
TGAGGTTGATCCCAAG-1,,3
TGAGTAAATTAGCGTA-1,Layer_3,2
TGAGTGCCTCTTAAAT-1,Layer_3,2
TGAGTGGTCCGTGACG-1,Layer_1,1
TGAGTGTAACAACGGG-1,Layer_3,3
TGAGTTAAAGACATTC-1,Layer_1,1
TGATACATTTAGCCGT-1,Layer_4,2
TGATAGCGGGATTCTA-1,Layer_2,0
TGATCACCACACTGAC-1,Layer_5,3
TGATCAGGGAACTGCT-1,Layer_3,2
TGATCCCAGCATTAGT-1,Layer_2,0
TGATCGGTTTGACCCT-1,Layer_1,1
TGATCTACGCTGATCT-1,Layer_3,0
TGATCTATCACACTCT-1,Layer_3,3
TGATCTCCGGCGCCAG-1,Layer_1,1
TGATGGCTGTTTCTGA-1,Layer_2,0
TGATGTCAATTAAGTG-1,Layer_3,4
TGATTATGGCACGCAG-1,Layer_3,2
TGATTCAGGTCCCGCG-1,Layer_5,3
TGATTCCCGGTTACCT-1,Layer_4,3
TGATTCGTCTATCACT-1,Layer_1,0
TGATTCTGTCGCCGGT-1,Layer_3,2
TGATTTATTAGCTGTG-1,Layer_3,2
TGATTTCCTCCTGACG-1,Layer_1,1
TGCAAACGTACTAGTT-1,Layer_6,3
TGCAAAGTTCGTCTGT-1,Layer_5,3
TGCAACCCATCTGCGG-1,Layer_3,2
TGCAACTACTGGTTGA-1,Layer_3,3
TGCAAGAATGACGTAA-1,Layer_1,1
TGCAATCTAACACGGT-1,Layer_3,2
TGCAATTTGGGCACGG-1,Layer_3,0
TGCACAGTGAAGTTAT-1,Layer_3,2
TGCACGAGTCGGCAGC-1,Layer_3,0
TGCACTATGTGAGTGC-1,Layer_1,1
TGCAGAACTATATCGT-1,Layer_3,2
TGCAGAGTACCGAGCA-1,Layer_2,0
TGCAGATCGTCCTAGG-1,Layer_3,2
TGCAGCTACGTACTTC-1,Layer_3,2
TGCAGGATCGGCAAAG-1,Layer_1,1
TGCAGTGAGGCTCGGG-1,Layer_3,2
TGCAGTGGTAGGGAAC-1,WM,5
TGCAGTTTCCTCCCAT-1,Layer_1,1
TGCATATGTCTGTCAC-1,Layer_1,1
TGCATGGATCGGATCT-1,Layer_2,0
TGCATGTGACCCATAG-1,Layer_6,3
TGCATGTGGTAATCTA-1,Layer_1,1
TGCCAAAGTCAGACTT-1,Layer_3,2
TGCCAATGGGTACTCT-1,Layer_3,2
TGCCACACTAGAGGAA-1,Layer_4,2
TGCCACCTGGCGAAAC-1,Layer_2,0
TGCCAGTACGTGGAGA-1,Layer_3,2
TGCCATGGCTTATAAG-1,Layer_3,2
TGCCATTACTAAAGAA-1,Layer_2,0
TGCCCGATAGTTAGAA-1,Layer_4,3
TGCCCGTACCGTTAAA-1,Layer_2,0
TGCCGAAAGCGTATTC-1,Layer_2,0
TGCCGGATGTACGAGC-1,Layer_5,3
TGCCGTGGATCGTCCT-1,Layer_3,2
TGCCGTGGGACCCAAT-1,Layer_5,3
TGCCGTTCTTAATCGG-1,Layer_6,2
TGCCTAAATTTAATAG-1,Layer_1,1
TGCCTAATTGAAGATT-1,Layer_2,4
TGCCTGACATCGGTCA-1,Layer_1,1
TGCCTGATCAAACGAT-1,Layer_2,0
TGCCTTGGCCAGGCAA-1,Layer_3,4
TGCGAATATGGGATTT-1,Layer_4,2
TGCGACACCCTAGTGC-1,Layer_3,2
TGCGACGGCCGAACGT-1,Layer_5,3
TGCGAGAATATTACCC-1,Layer_3,2
TGCGAGATGGCGGCCA-1,Layer_3,2
TGCGAGCCCTTCCGCG-1,Layer_3,2
TGCGATGCTAATGGCT-1,Layer_1,1
TGCGCAAAGCATTTGG-1,Layer_1,1
TGCGCCGTTAATAACG-1,Layer_1,1
TGCGCGATTAACGGAG-1,Layer_1,1
TGCGGACTTGACTCCG-1,Layer_4,3
TGCGGAGTAAAGGTGC-1,Layer_1,1
TGCGGCATAGTTCAAC-1,Layer_2,0
TGCGGTGAAATTTCAT-1,Layer_3,0
TGCGTAAGAACCTGAT-1,Layer_3,2
TGCGTACGGCTAATTG-1,Layer_3,2
TGCGTCATGACTGAGC-1,Layer_4,3
TGCGTGATTGGGTGTC-1,Layer_1,1
TGCGTTTGTTGACACT-1,Layer_2,0
TGCTAAGTGTCTATTT-1,Layer_3,4
TGCTATACAAACGGAC-1,Layer_3,0
TGCTATGGCAAAGGGA-1,Layer_6,5
TGCTCAAAGGATGCAC-1,WM,5
TGCTCCACAGTTCTTA-1,Layer_1,1
TGCTCGGCGAAACCCA-1,Layer_3,2
TGCTCGGTGGGTCACC-1,Layer_4,3
TGCTCTGCCGGTTCAC-1,Layer_3,0
TGCTCTTGAGAGTTTG-1,Layer_4,3
TGCTGGTTGGACAATT-1,Layer_1,1
TGCTGTTGAAGAACTC-1,Layer_1,0
TGCTTAGAGAGAATGC-1,Layer_5,3
TGCTTCCCAAGCAGTA-1,Layer_3,2
TGCTTGAAACCATGCA-1,Layer_1,1
TGGAACCACTGACACA-1,Layer_3,0
TGGAAGAAGGGAACGT-1,Layer_3,2
TGGAAGACGAACACCA-1,Layer_2,0
TGGAAGGATAAAGATG-1,Layer_1,0
TGGAATATCCTTGACC-1,Layer_3,0
TGGAATTAGACGCTTT-1,Layer_2,0
TGGACACCGTTGCTTG-1,Layer_1,1
TGGACCAATCTAAGAT-1,Layer_3,3
TGGACCACGGCGTTGA-1,Layer_2,1
TGGACGCAATCCAGCC-1,Layer_5,3
TGGACGTAGGCGAATC-1,Layer_1,1
TGGACTGTTCGCTCAA-1,Layer_1,1
TGGAGAATAATCGTCC-1,Layer_6,3
TGGAGCTAAAGTTCCC-1,Layer_3,0
TGGAGGGAAACACCTC-1,Layer_3,0
TGGAGTGATGCGATGA-1,Layer_1,1
TGGATAGAGTAACAGA-1,Layer_1,1
TGGATGGCATCTTGGA-1,Layer_6,3
TGGCAAACTAAATTAC-1,Layer_3,0
TGGCAACTCGCGCGCC-1,Layer_2,0
TGGCAAGCACAAGTCG-1,Layer_5,3
TGGCAATGGGACGGCG-1,Layer_2,4
TGGCACGAGCTCGAGT-1,Layer_3,2
TGGCAGATTACGATCA-1,Layer_3,0
TGGCAGCAGTAATAGT-1,Layer_2,0
TGGCATGAAGTTTGGG-1,Layer_5,3
TGGCCAAACTGAAGTA-1,Layer_1,1
TGGCCAATTTGGTACT-1,Layer_5,3
TGGCCGTATATTGACC-1,Layer_1,1
TGGCGACTGCTCCAAA-1,Layer_3,2
TGGCGATCAAGTTATG-1,Layer_3,2
TGGCGGTGTGCGATTG-1,Layer_3,0
TGGCTACACTCTACCT-1,Layer_3,2
TGGCTATGTGACATAC-1,Layer_3,2
TGGCTCTTGTCGCGTA-1,Layer_3,2
TGGCTTATGTATAATG-1,Layer_6,2
TGGCTTGTACAAGCTT-1,Layer_3,0
TGGCTTTGGGTAGACA-1,Layer_1,1
TGGGAAATGCCTTTCC-1,Layer_1,1
TGGGATGCACTCATTC-1,Layer_3,0
TGGGCAATAGTTGGGT-1,Layer_1,1
TGGGCACAAACAGAAC-1,Layer_3,0
TGGGCACGTTCTATGG-1,Layer_3,0
TGGGCAGGCCACCGCA-1,Layer_2,4
TGGGCCACAAGAGCGC-1,Layer_2,0
TGGGCCCATACTAATT-1,Layer_2,4
TGGGCGATACAATAAG-1,Layer_5,3
TGGGTAAGGTTCCCGC-1,Layer_3,0
TGGGTGCACAAGCCAT-1,Layer_3,3
TGGGTGGGATGTCATT-1,Layer_3,2
TGGGTGTAATAGATTT-1,Layer_3,2
TGGGTGTTAAGTAGAA-1,Layer_5,3
TGGGTTCCCGGACGGA-1,Layer_1,1
TGGGTTTCGGGCGTAC-1,WM,5
TGGTAAGCAGGATTGA-1,Layer_3,2
TGGTAGAATATATGGG-1,Layer_1,1
TGGTATCGCATCCCAA-1,Layer_3,0
TGGTATCGGTCTGTAT-1,Layer_3,0
TGGTCCCACGCTACGG-1,Layer_3,2
TGGTCGATATACCTCT-1,Layer_6,1
TGGTCGGGTACAGGGC-1,WM,5
TGGTCGTGCAAGGCAA-1,Layer_4,2
TGGTCTAGCTTACATG-1,Layer_1,1
TGGTCTGTTGGGCGTA-1,Layer_3,2
TGGTGATCGTATTTGT-1,Layer_2,0
TGGTGCCCTGCCTTAC-1,Layer_6,3
TGGTTAACTTACATTT-1,Layer_6,3
TGGTTAAGGGCGCTGG-1,Layer_3,0
TGGTTATGCTTGCGGT-1,Layer_2,0
TGGTTCAACGGGTAAT-1,Layer_3,0
TGGTTCGTAGCAAAGG-1,Layer_1,1
TGGTTGGAGGATCCTG-1,Layer_3,0
TGGTTTAAACGTGGGT-1,Layer_3,0
TGTAATGACCACAATA-1,Layer_3,2
TGTACCCGACCCTAAT-1,WM,5
TGTACCTACACGAGGG-1,Layer_3,2
TGTACGAACAAATCCG-1,Layer_2,0
TGTACTACTCTCACGG-1,Layer_3,0
TGTACTATCGCTCGTT-1,Layer_4,3
TGTACTGTGCCAAAGT-1,Layer_3,0
TGTACTTCCGGGCATG-1,Layer_3,2
TGTAGCCAATTCCGTT-1,Layer_4,3
TGTAGCCATCCCATTC-1,Layer_3,2
TGTAGGAGAAATTTCC-1,Layer_1,1
TGTAGTGATCTATAAT-1,Layer_2,0
TGTATAACAGATCCTG-1,Layer_1,1
TGTATACGGATGATGA-1,Layer_3,0
TGTATCAGACTGAAGC-1,Layer_3,2
TGTATCCTTATTCCAT-1,Layer_2,0
TGTATGGCGCAGACAG-1,Layer_1,1
TGTATTTACCTAATGC-1,Layer_3,2
TGTCATTTGTTGGGAA-1,Layer_3,0
TGTCCACGGCTCAACT-1,Layer_3,2
TGTCCCGACATAGCAC-1,Layer_3,0
TGTCCGCAAACAATTC-1,Layer_6,3
TGTCCGTGGCGCCTTT-1,Layer_2,0
TGTCCTAAGTCACCGC-1,Layer_2,2
TGTCGGCATGGTGGAA-1,Layer_2,1
TGTCGTGGGTATAGGC-1,Layer_5,3
TGTCGTTATCACATAT-1,Layer_6,3
TGTCTACAGTTTCTGT-1,Layer_2,0
TGTGACTACGCCAGTC-1,Layer_1,0
TGTGACTAGAGTTTGC-1,Layer_3,2
TGTGAGACTAGCCCAA-1,Layer_3,2
TGTGCCAGAGGCAAAG-1,Layer_6,3
TGTGCCGGTGCCGGAA-1,Layer_2,4
TGTGCTTTACGTAAGA-1,Layer_3,2
TGTGGACTATCTACGT-1,Layer_1,1
TGTGGAGGAAGCTTAA-1,Layer_3,2
TGTGGCAAAGCGTATG-1,Layer_1,1
TGTGGCGGGCTTCTGG-1,Layer_4,3
TGTGGCTCCCACCAAC-1,Layer_1,1
TGTGGTAGGGTGCCTT-1,Layer_1,1
TGTGGTTGCTAAAGCT-1,Layer_5,3
TGTGTAGTAGCACGTG-1,Layer_3,4
TGTGTCGAAGTCGAGG-1,Layer_4,2
TGTGTCGCGAGTTGCA-1,Layer_1,1
TGTGTGACCATGAATC-1,Layer_5,2
TGTGTTCGTATCCAAG-1,Layer_2,0
TGTTAACAAAGTGACT-1,Layer_3,2
TGTTATTGTATGTGGC-1,Layer_1,1
TGTTCATAAATGTGCT-1,Layer_2,0
TGTTCCGCTTCCATGA-1,Layer_2,0
TGTTCCGGCCTGAGCT-1,Layer_5,3
TGTTCGTATTGCGGTG-1,Layer_3,2
TGTTCTCATACTATAG-1,Layer_3,2
TGTTCTCTACTCCCTA-1,Layer_3,2
TGTTCTTCCATTGACT-1,Layer_1,0
TGTTGCCGTCGTCCCA-1,Layer_1,1
TGTTGTCAAGAAGTCT-1,Layer_2,0
TGTTTAATACTTCATC-1,Layer_3,0
TGTTTCGGTACTTCTC-1,Layer_1,1
TGTTTCTGAAGCGTGC-1,WM,5
TGTTTGAGATCGTCAG-1,Layer_1,1
TTAAACAGAGTCCCGC-1,Layer_2,0
TTAAACCGGTAGCGAC-1,Layer_3,0
TTAAACCTGGTTCCTT-1,Layer_2,0
TTAAACTCGAATTCAT-1,Layer_1,1
TTAAAGGCGATGCTCG-1,Layer_6,3
TTAAAGTAAGTCGCCA-1,Layer_3,2
TTAACACCTCGAACAT-1,Layer_1,1
TTAACCAACCCTCCCT-1,Layer_1,1
TTAACCCGAGGCGTGT-1,Layer_3,2
TTAACGAACAAGCAGT-1,Layer_3,0
TTAACGTCGCAAGACC-1,Layer_3,0
TTAACGTTAAAGCCTG-1,Layer_3,2
TTAACTCACGCGTGGA-1,Layer_1,1
TTAACTGATCGTTTGG-1,Layer_3,2
TTAACTTCAGGTAGGA-1,Layer_3,2
TTAAGACGAACGAACC-1,Layer_3,2
TTAAGATACCCAGAGA-1,WM,5
TTAAGATAGGATTGAC-1,Layer_1,1
TTAAGCCGACAACTTC-1,Layer_3,0
TTAAGCGCCTGACCCA-1,Layer_1,1
TTAAGGATACGGAGGT-1,Layer_3,0
TTAAGGCCCGTACTTT-1,Layer_5,3
TTAAGTATTGTTATCC-1,Layer_3,2
TTAATCAGTACGTCAG-1,Layer_2,0
TTAATGCGAGGTAACT-1,Layer_3,0
TTAATGTAGACCAGGT-1,Layer_1,1
TTAATGTGTTTGCAGG-1,Layer_1,1
TTAATTGCTTTGGGTG-1,Layer_3,3
TTAATTTCAGACGCGG-1,Layer_2,0
TTACAACTACGCATCC-1,Layer_1,1
TTACACGATCTGCGAC-1,Layer_3,4
TTACAGACCTAAATGA-1,Layer_2,0
TTACATCGTGGCCTGG-1,Layer_1,1
TTACATGCCACAACTA-1,Layer_1,1
TTACCATTGATTACCC-1,Layer_2,2
TTACCCATTGCCGGGT-1,Layer_3,0
TTACCCTAACAGTCCT-1,Layer_1,1
TTACCCTAGGGATTGG-1,Layer_4,2
TTACCGCCTTAGGGAA-1,Layer_1,1
TTACGGATGGTTCGAG-1,Layer_1,1
TTACGGTGTCACCGAG-1,Layer_3,0
TTACGTAGCGCGTGCT-1,,2
TTACGTATCTATGACA-1,Layer_3,2
TTACTAAAGGACTTTA-1,Layer_2,0
TTACTATCGGCTTCTC-1,Layer_3,2
TTACTCCGGCCGGGAA-1,Layer_1,1
TTACTCTGGTACGTAC-1,Layer_3,2
TTACTGGGATATTTCA-1,Layer_3,0
TTACTGTCTAGAGCTC-1,Layer_3,0
TTAGAAGAACATGACT-1,Layer_3,2
TTAGAATAAGGGTCGG-1,Layer_4,3
TTAGACACGATCGTTG-1,Layer_3,0
TTAGACGAGTCACCTC-1,Layer_2,0
TTAGAGGGATATACAG-1,Layer_5,3
TTAGAGTATTGTCGAG-1,WM,5
TTAGAGTTTAGAAGGA-1,Layer_2,0
TTAGATAGGTCGATAC-1,Layer_1,1
TTAGCAACATGGATGT-1,Layer_1,1
TTAGCCATAGGGCTCG-1,WM,5
TTAGCGAATAGATAGG-1,Layer_4,3
TTAGCTAATACGATCT-1,Layer_3,0
TTAGCTCTGTAATCCG-1,Layer_3,0
TTAGCTGATTTGCCGT-1,Layer_1,1
TTAGGATGGGAGGGTA-1,Layer_1,1
TTAGGTCATAACCGAC-1,Layer_4,3
TTAGTAAACCTGCTCT-1,Layer_3,2
TTAGTAGGGCGGCGGG-1,Layer_3,2
TTAGTTATTCGTGGCA-1,Layer_2,1
TTAGTTCAAGTGTTCG-1,Layer_3,0
TTATAGATGCACATTA-1,Layer_3,0
TTATAGGTAATTGTCT-1,Layer_3,2
TTATATACGCTGTCAC-1,Layer_1,1
TTATATTTGGCAATCC-1,Layer_1,1
TTATCCAATCGAACTC-1,Layer_1,1
TTATCCGGGATCTATA-1,Layer_2,4
TTATCCTCAAGGAATA-1,Layer_4,3
TTATCGCCTGCGAAGC-1,Layer_2,0
TTATCTGACATTAGGA-1,Layer_4,2
TTATCTGTATCATAAC-1,Layer_1,1
TTATGAATGAAAGGGA-1,Layer_2,0
TTATGACAAACTGGAT-1,Layer_1,1
TTATGATCTTAACGAA-1,Layer_1,1
TTATGCGTCCCGGTCC-1,Layer_3,0
TTATGTTTGCGATAGA-1,Layer_2,1
TTATTAGAGCGTGTTC-1,Layer_2,0
TTATTAGGGAAGCATC-1,Layer_2,0
TTATTATCTGGAAGGC-1,Layer_2,4
TTATTTAGGTTCCTTA-1,Layer_3,4
TTCAAAGTCTCTAGCC-1,Layer_1,1
TTCAACGACCCGACCG-1,Layer_1,1
TTCAAGCCGAGCTGAG-1,Layer_3,0
TTCAATACTCTGAATC-1,Layer_1,1
TTCAATTAGCCATAAT-1,Layer_3,0
TTCACGAAAGGATCAC-1,Layer_2,0
TTCACGGTCGTCACGT-1,WM,5
TTCACTCGAGCACCTA-1,Layer_3,2
TTCACTTCCTAGAACG-1,Layer_5,3
TTCAGAGTAACCTGAC-1,Layer_2,1
TTCAGCCCTGGTCCAC-1,Layer_2,0
TTCAGCTGGCGTGCCC-1,Layer_3,4
TTCAGGCGTCAAAGCC-1,Layer_3,2
TTCAGTTCAAGAGGAG-1,Layer_6,3
TTCAGTTTGTGGCAGC-1,Layer_2,0
TTCATAGCCTTGTAAC-1,Layer_2,1
TTCATAGGGTGTCCAT-1,Layer_1,1
TTCATGGCGCAACAGG-1,Layer_2,0
TTCCAATCAGAGCTAG-1,Layer_2,0
TTCCAATCTGGCTATC-1,Layer_3,2
TTCCACACAGATTTGA-1,Layer_3,2
TTCCAGACGAGATTTA-1,Layer_1,1
TTCCAGTGGGTTTCGT-1,Layer_6,3
TTCCATCATGCGGTGA-1,Layer_3,0
TTCCATCGACAGCGTG-1,Layer_3,4
TTCCCAAAGTACTGAT-1,Layer_3,2
TTCCCGGCGCCAATAG-1,Layer_4,2
TTCCGCAGAGAAATAT-1,Layer_3,0
TTCCGCGTGAGGCGAT-1,Layer_3,0
TTCCGGCCTTGAGGCT-1,Layer_3,2
TTCCGGCTCGACTTCT-1,Layer_3,2
TTCCGGTATCTGTGTC-1,Layer_1,1
TTCCGGTTACCCACTT-1,Layer_2,1
TTCCTCGAGGGTGTCT-1,Layer_1,1
TTCCTCGGACTAACCA-1,Layer_2,4
TTCCTCTGCCCGAATA-1,Layer_3,2
TTCCTTTCTGTGTTGC-1,Layer_1,1
TTCGAACGAAACATGC-1,Layer_6,3
TTCGACAGAGCCCGTG-1,Layer_3,2
TTCGACGGGAAGGGCG-1,Layer_1,1
TTCGCACTCGCGTGCT-1,Layer_1,1
TTCGCACTGTACGACA-1,Layer_4,2
TTCGCATCCGGAAGCA-1,Layer_1,1
TTCGCCGCTCGCGCTA-1,Layer_6,3
TTCGCGCGCCATACGA-1,Layer_4,3
TTCGCTAGGAAGTTGT-1,Layer_1,1
TTCGCTATCTGACGTG-1,Layer_3,0
TTCGGACTGATGCCTT-1,Layer_3,2
TTCGGACTGGGCATGG-1,WM,5
TTCGGCAACCCGCTGA-1,Layer_3,0
TTCGGCTAGAGATGGT-1,Layer_1,1
TTCGGGACTAATCGCG-1,Layer_1,1
TTCGGGCGCTAGTCTT-1,Layer_4,3
TTCGGGTTGCCACGGG-1,Layer_3,4
TTCGGTACTGTAGAGG-1,Layer_4,3
TTCGGTGGAGACGCCC-1,Layer_1,1
TTCGTAATCCCAGCGG-1,Layer_3,0
TTCGTACTCCAGAACG-1,Layer_2,1
TTCGTGCATGTTATAG-1,Layer_6,3
TTCGTTCAACGAAGTT-1,Layer_3,0
TTCTAACCGAAGCTTA-1,Layer_1,1
TTCTACCTCAATCGGT-1,WM,5
TTCTACCTTTATGTTG-1,Layer_3,0
TTCTACTTGCGAGGGC-1,Layer_1,1
TTCTAGAAAGTCTTAT-1,Layer_4,3
TTCTAGGCCAATTGTG-1,Layer_1,1
TTCTATGCCTTTCGCA-1,Layer_3,0
TTCTATTAAACGCAGC-1,Layer_5,3
TTCTCAATTGCTACAA-1,WM,5
TTCTCTTACAGGTGAT-1,WM,5
TTCTGACCGGGCTCAA-1,Layer_3,4
TTCTGCCGCGCCTAGA-1,Layer_3,0
TTCTGCGAGCGCCCTT-1,Layer_3,0
TTCTGCGGGTTAGCGG-1,Layer_1,1
TTCTGCTAGACTCCAA-1,Layer_2,0
TTCTGTTTCCTGTCGC-1,Layer_1,1
TTCTTAGTGAACGGTG-1,Layer_1,1
TTCTTAGTGGCTCAGA-1,Layer_2,1
TTCTTATCCGCTGGGT-1,Layer_1,1
TTCTTCCCTTTGATAT-1,Layer_3,0
TTCTTCGCAATAGAGC-1,Layer_3,2
TTCTTGAGCCGCGCTA-1,Layer_3,2
TTCTTGCTAGCATCTC-1,Layer_1,1
TTCTTGGACGATCTGC-1,Layer_4,3
TTCTTGGAGTAATGAG-1,Layer_2,0
TTCTTGTAACCTAATG-1,Layer_1,1
TTCTTGTGTCCATCAG-1,Layer_3,0
TTCTTTGGTCGCGACG-1,Layer_3,0
TTGAAACCCTCATTCC-1,Layer_3,2
TTGAAAGGTGTAAAGG-1,Layer_3,2
TTGAACGAATCCTTTG-1,Layer_1,1
TTGAACGACGTGCTGA-1,Layer_3,2
TTGAAGAATTCCCAGG-1,Layer_1,1
TTGAAGGATGGGCGCC-1,Layer_6,5
TTGAAGTGCATCTACA-1,Layer_3,2
TTGAATATGGACTTTC-1,Layer_1,1
TTGAATCGTTGTATAA-1,Layer_5,2
TTGAATTCACGTGAGG-1,Layer_1,1
TTGACAGGAGCTCCCG-1,Layer_1,1
TTGACATGAACGTGGA-1,Layer_3,2
TTGACCAGGAACAACT-1,Layer_3,3
TTGACCATGTTCTCCG-1,Layer_1,1
TTGACCGTGTTAATGA-1,Layer_3,2
TTGACGATTCAGCACG-1,Layer_3,0
TTGACGCTCCATGAGC-1,Layer_1,1
TTGACTACCATATGGT-1,Layer_3,2
TTGACTATTGTCCGGC-1,Layer_1,1
TTGAGAAGTTTAGCAT-1,Layer_3,4
TTGAGAGTACTGCTAA-1,Layer_3,2
TTGAGCAGCCCACGGT-1,Layer_1,1
TTGAGCGCCACGTGAT-1,Layer_1,1
TTGAGGCATTTAACTC-1,Layer_3,2
TTGAGTCCCGCTGCTG-1,Layer_1,1
TTGATAGTCAATACAT-1,Layer_3,0
TTGATCTAACTTTGTC-1,Layer_1,1
TTGATGCCGCTCGTCG-1,Layer_6,1
TTGATGTGTAGTCCCG-1,Layer_2,0
TTGATTAGCTGTTTCT-1,Layer_3,2
TTGATTATGCAGATGA-1,Layer_1,1
TTGCAAGAAGACTCCT-1,Layer_4,3
TTGCACAATTCAGAAA-1,Layer_3,0
TTGCACGGAGCAGCAC-1,Layer_1,1
TTGCATGCTGATCACG-1,Layer_3,2
TTGCCAAGCAGAACCC-1,Layer_1,1
TTGCCATAGCCCGCTC-1,Layer_4,3
TTGCCCTGATCACGGG-1,Layer_3,0
TTGCCGCAGACCTACA-1,Layer_6,3
TTGCCGCTTTCTAGTA-1,Layer_3,3
TTGCCGGTGATCCCTC-1,Layer_3,0
TTGCCTAATCCAAAGT-1,WM,5
TTGCCTTCTCGCCGGG-1,Layer_3,2
TTGCGCACAACCACGT-1,Layer_3,3
TTGCGCTCTCTCGCTT-1,Layer_2,0
TTGCGCTTGATCAATA-1,Layer_3,3
TTGCGGAAAGCTGCCC-1,Layer_6,1
TTGCGGCATCAGAAAG-1,Layer_3,2
TTGCGGCGACTCATGC-1,Layer_3,0
TTGCGTAGTTTGAGGA-1,Layer_1,1
TTGCGTCGGCCAACCG-1,Layer_3,2
TTGCGTGAACGCTTAG-1,Layer_3,0
TTGCGTGTGTAGGCAT-1,Layer_3,3
TTGCTCATAGTACGTG-1,Layer_3,2
TTGCTCCCATACCGGA-1,Layer_1,0
TTGCTGAAGGAACCAC-1,Layer_1,1
TTGCTGATCATGTTCG-1,Layer_1,1
TTGCTGCACCTATCCA-1,Layer_1,1
TTGCTGGCCGGGCTTC-1,Layer_3,0
TTGGAAGAATACAGTC-1,Layer_4,3
TTGGACATGTGGCTTA-1,Layer_3,2
TTGGACCATCTGGCAA-1,Layer_1,1
TTGGACCTATAACAGT-1,Layer_3,4
TTGGAGTCTCCCTTCT-1,Layer_3,0
TTGGATATCGTCTACG-1,Layer_3,2
TTGGATCGACTTCTGG-1,Layer_3,0
TTGGATTGGGTACCAC-1,Layer_1,1
TTGGCCAAATTGTATC-1,Layer_4,3
TTGGCCATCTTGCGCT-1,Layer_1,1
TTGGCCTAGAATTTCG-1,Layer_3,0
TTGGCGATCCGAATAT-1,Layer_2,0
TTGGCTCAATATGTGT-1,Layer_3,2
TTGGCTCGCATGAGAC-1,Layer_1,1
TTGGGAAGACGAGCCG-1,Layer_4,3
TTGGGACACTGCCCGC-1,Layer_1,1
TTGGGACGTAAGAGTT-1,Layer_1,1
TTGGGCGGCGGTTGCC-1,Layer_1,1
TTGGGTTTATTCAGCG-1,Layer_3,2
TTGGTATGGCTTGTGT-1,Layer_2,4
TTGGTCACACTCGTAA-1,Layer_3,2
TTGGTTCGCTCAAAGG-1,Layer_1,1
TTGGTTGCGGTGCGCG-1,Layer_4,3
TTGTAAGGACCTAAGT-1,Layer_3,2
TTGTAAGGCCAGTTGG-1,Layer_1,1
TTGTAATCCGTACTCG-1,Layer_1,0
TTGTACACCTCGAACA-1,Layer_5,3
TTGTATCACACAGAAT-1,Layer_3,0
TTGTCACCGCGGTATC-1,Layer_5,3
TTGTCGTTCAGTTACC-1,Layer_1,1
TTGTCTCGGCAAGATG-1,Layer_6,1
TTGTGAACCTAATCCG-1,Layer_3,2
TTGTGAGGCATGACGC-1,Layer_4,2
TTGTGATCTGTTCAGT-1,Layer_3,2
TTGTGCAGCCACGTCA-1,Layer_3,2
TTGTGCGGAAGCGGAT-1,WM,1
TTGTGGAGACAGCCGG-1,WM,5
TTGTGGCCCTGACAGT-1,Layer_1,1
TTGTGGTAGGAGGGAT-1,Layer_4,2
TTGTGGTATAGGTATG-1,Layer_3,0
TTGTGGTGGTACTAAG-1,Layer_3,2
TTGTGTATGCCACCAA-1,Layer_3,2
TTGTGTTTCCCGAAAG-1,Layer_3,2
TTGTTAGCAAATTCGA-1,Layer_1,1
TTGTTCAGTGTGCTAC-1,Layer_1,1
TTGTTCTAGATACGCT-1,Layer_1,1
TTGTTGGCAATGACTG-1,WM,5
TTGTTGTGTGTCAAGA-1,Layer_1,1
TTGTTTCACATCCAGG-1,Layer_4,3
TTGTTTCATTAGTCTA-1,Layer_5,3
TTGTTTCCATACAACT-1,Layer_3,2
TTGTTTGTATTACACG-1,Layer_6,3
TTGTTTGTGTAAATTC-1,Layer_3,0
