,ground_truth,domain
AAACAACGAATAGTTC-1,Layer_1,3
AAACAAGTATCTCCCA-1,Layer_3,1
AAACAATCTACTAGCA-1,Layer_1,2
AAACACCAATAACTGC-1,WM,1
AAACAGCTTTCAGAAG-1,Layer_6,5
AAACAGGGTCTATATT-1,Layer_6,5
AAACAGTGTTCCTGGG-1,WM,4
AAACATTTCCCGGATT-1,Layer_5,5
AAACCACTACACAGAT-1,Layer_3,3
AAACCCGAACGAAATC-1,Layer_3,1
AAACCGGGTAGGTACC-1,Layer_5,5
AAACCGTTCGTCCAGG-1,Layer_6,5
AAACCTAAGCAGCCGG-1,Layer_6,5
AAACCTCATGAAGTTG-1,Layer_5,5
AAACGAAGAACATACC-1,Layer_1,2
AAACGACAGTCTTGCC-1,Layer_3,3
AAACGAGACGGTTGAT-1,Layer_3,1
AAACGCCCGAGATCGG-1,Layer_2,3
AAACGGGCGTACGGGT-1,Layer_5,5
AAACGGGTTGGTATCC-1,Layer_1,3
AAACGGTTGCGAACTG-1,WM,5
AAACGTGTTCGCCCTA-1,Layer_1,7
AAACTAACGTGGCGAC-1,Layer_1,3
AAACTCGGTTCGCAAT-1,Layer_6,5
AAACTCGTGATATAAG-1,Layer_1,7
AAACTGCTGGCTCCAA-1,Layer_4,1
AAACTTGCAAACGTAT-1,Layer_6,5
AAAGAATGTGGACTAA-1,Layer_6,5
AAAGACATGAAGTTTA-1,Layer_2,3
AAAGACCCAAGTCGCG-1,Layer_2,3
AAAGACTGGGCGCTTT-1,Layer_5,1
AAAGGCTACGGACCAT-1,Layer_6,5
AAAGGCTCTCGCGCCG-1,Layer_6,5
AAAGGGATGTAGCAAG-1,Layer_3,3
AAAGGGCAGCTTGAAT-1,Layer_3,1
AAAGGTAAGCTGTACC-1,Layer_1,7
AAAGGTCAACGACATG-1,Layer_3,3
AAAGTAGCATTGCTCA-1,Layer_6,5
AAAGTCACTGATGTAA-1,Layer_2,3
AAAGTCGACCCTCAGT-1,Layer_5,5
AAAGTGTGATTTATCT-1,Layer_3,1
AAAGTTGACTCCCGTA-1,Layer_3,3
AAATAACCATACGGGA-1,Layer_1,2
AAATAAGGTAGTGCCC-1,Layer_1,3
AAATACCTATAAGCAT-1,Layer_4,1
AAATAGCTTAGACTTT-1,Layer_3,3
AAATAGGGTGCTATTG-1,Layer_5,5
AAATCACTCCTAAACG-1,Layer_3,3
AAATCCGATACACGCC-1,Layer_6,5
AAATCGTGTACCACAA-1,Layer_5,1
AAATCTAGCCCTGCTA-1,Layer_4,1
AAATGATTCGATCAGC-1,Layer_1,7
AAATGCTCGTTACGTT-1,Layer_3,1
AAATGGCATGTCTTGT-1,Layer_1,2
AAATGGCCCGTGCCCT-1,Layer_6,5
AAATGGTCAATGTGCC-1,Layer_3,1
AAATGTATCTTATCCC-1,Layer_5,1
AAATGTGGGTGCTCCT-1,Layer_1,2
AAATTAACGGGTAGCT-1,Layer_3,1
AAATTAATAAGCGCGA-1,Layer_5,5
AAATTACACGACTCTG-1,Layer_1,2
AAATTACCTATCGATG-1,Layer_2,3
AAATTCCAGGTCCAAA-1,Layer_2,3
AAATTGATAGTCCTTT-1,WM,5
AAATTGCGGCGGTTCT-1,Layer_2,3
AAATTGGTGAGAAGCA-1,Layer_1,7
AAATTTACCGAAATCC-1,Layer_1,2
AAATTTGCGGGTGTGG-1,Layer_5,5
AACAACTGGTAGTTGC-1,Layer_3,1
AACAATACATTGTCGA-1,WM,5
AACAATTACTCTACGC-1,Layer_4,1
AACACACGCTCGCCGC-1,Layer_4,1
AACACGACTGTACTGA-1,Layer_1,2
AACACGAGACGCGGCC-1,Layer_6,5
AACACGCGGCCGCGAA-1,Layer_2,3
AACAGCTGTGTGGCAA-1,WM,5
AACAGGAAATCGAATA-1,Layer_1,3
AACAGGATGGGCCGCG-1,Layer_4,1
AACAGGTAGTATGGAT-1,Layer_3,1
AACATAGCGTGTATCG-1,Layer_6,5
AACATATCAACTGGTG-1,Layer_1,7
AACATCGATACGTCTA-1,Layer_1,7
AACATTGGTCAGCCGT-1,Layer_2,3
AACATTGTGACTCGAG-1,WM,5
AACCAAGACTTCTCTG-1,Layer_5,5
AACCAGTATCACTCTT-1,Layer_1,2
AACCATGGGATCGCTA-1,Layer_3,3
AACCCAGAGACGGAGA-1,Layer_3,3
AACCCGACAACCCGTG-1,WM,4
AACCCGAGCAGAATCG-1,Layer_4,1
AACCCGATAGGGCTTC-1,Layer_3,3
AACCCTACTGTCAATA-1,Layer_3,3
AACCCTGGTGGAACCA-1,Layer_1,2
AACCGAGCTTGGTCAT-1,Layer_3,3
AACCGCTAAGGGATGC-1,Layer_3,1
AACCGTTGTGTTTGCT-1,Layer_1,2
AACCTAAAGCCGTCCG-1,Layer_1,2
AACCTCGCTTTAGCCC-1,Layer_5,5
AACCTGTCACGGAATT-1,Layer_2,3
AACCTTTAAATACGGT-1,Layer_5,5
AACCTTTACGACGTCT-1,Layer_1,2
AACGATAATGCCGTAG-1,Layer_5,5
AACGATAGAAGGGCCG-1,Layer_3,3
AACGATATGTCAACTG-1,Layer_3,3
AACGCATGATCTGGGT-1,Layer_1,7
AACGCGAACGGCAACA-1,Layer_3,3
AACGCGACCTTGGGCG-1,WM,4
AACGCGGTCTCCAGCC-1,Layer_3,3
AACGCTGTTGCTGAAA-1,Layer_4,1
AACGGACGTACGTATA-1,Layer_4,1
AACGGCCATCTCCGGT-1,Layer_5,5
AACGTACTGTGGGTAC-1,Layer_5,5
AACGTAGTCTACCCAT-1,Layer_1,2
AACGTCAGACTAGTGG-1,Layer_3,1
AACGTGATGAAGGACA-1,Layer_1,2
AACGTGCGAAAGTCTC-1,Layer_3,1
AACGTTATCAGCACCT-1,Layer_4,1
AACTACCCGTTTGTCA-1,Layer_3,1
AACTAGCGTATCGCAC-1,Layer_1,2
AACTAGGCTTGGGTGT-1,Layer_5,5
AACTCAAGTTAATTGC-1,Layer_4,1
AACTCCAGAGCGTGTT-1,Layer_5,5
AACTCCTAATCCCATG-1,Layer_1,2
AACTCGATAAACACGT-1,Layer_3,3
AACTCGATGGCGCAGT-1,Layer_3,3
AACTCTCAATAGAGCG-1,Layer_3,3
AACTCTCAGTGTGCTC-1,Layer_6,5
AACTGAGGTCAGCGTC-1,Layer_1,3
AACTGATATTAGGCCT-1,Layer_2,3
AACTGGGTCCCGACGT-1,Layer_3,3
AACTGGGTTCGAGCCG-1,Layer_1,2
AACTGGTGTGGGCCTT-1,Layer_1,2
AACTTCTGCGTCTATC-1,Layer_3,1
AACTTGCCCGTATGCA-1,Layer_4,1
AACTTGCGTTCTCGCG-1,Layer_3,1
AACTTTACGGGAGCTT-1,Layer_5,5
AACTTTAGCTGCTGAG-1,Layer_1,2
AACTTTCTCGATCATG-1,Layer_1,7
AAGAAATCACCAGATT-1,Layer_1,7
AAGAAGGATCAGTTAG-1,Layer_3,3
AAGACATACGTGGTTT-1,Layer_5,5
AAGACCCAACTGAACA-1,Layer_6,5
AAGACTAACCCGTTGT-1,Layer_2,3
AAGACTCACGCCCACT-1,Layer_2,3
AAGACTGCAAGCTACT-1,Layer_3,1
AAGAGATGAATCGGTA-1,Layer_3,1
AAGAGCTCTTTATCGG-1,Layer_3,1
AAGAGGATGTACGCGA-1,Layer_5,5
AAGAGGCATGGATCGC-1,Layer_3,1
AAGAGGCCCTTTGGAA-1,Layer_5,1
AAGATGGCACCGGACC-1,WM,5
AAGATTGGCGGAACGT-1,Layer_2,3
AAGCACCCTGCGTATC-1,Layer_5,5
AAGCATACTCTCCTGA-1,Layer_5,5
AAGCCGAAGCGGTTTA-1,Layer_3,1
AAGCCGCTTTACCTTG-1,Layer_1,7
AAGCGCAGGGCTTTGA-1,Layer_6,5
AAGCGGAGTGCGCGCA-1,Layer_2,3
AAGCGGCGTCATGGGT-1,Layer_1,7
AAGCGTCCCTCATCGA-1,WM,5
AAGCTAGATCGAGTAA-1,Layer_5,1
AAGCTCGTGCCAAGTC-1,Layer_3,1
AAGCTCTTTCATGGTG-1,Layer_5,5
AAGGAGAACTTATAAG-1,Layer_1,2
AAGGAGCGGTTGGTGC-1,Layer_3,1
AAGGATCGATCGCTTG-1,Layer_3,3
AAGGATGAGGGACCTC-1,Layer_2,3
AAGGCAGGCTGTCTCC-1,Layer_3,3
AAGGCGCGTAAAGCTT-1,Layer_3,1
AAGGCTGTGCTCATCG-1,Layer_3,1
AAGGGACAGATTCTGT-1,Layer_2,3
AAGGGACTATGCATTC-1,WM,4
AAGGTATCCTAATATA-1,Layer_2,3
AAGGTGATAAACCAGC-1,Layer_3,1
AAGTAAGCTTCCAAAC-1,Layer_1,2
AAGTAGAAGACCGGGT-1,Layer_3,3
AAGTAGTGACGCGAGG-1,Layer_4,1
AAGTCAATTGTCGTCA-1,Layer_3,1
AAGTCTAGTAGCTGCC-1,Layer_1,7
AAGTCTTCTGTGGCCT-1,Layer_6,5
AAGTGACGACCGAATT-1,Layer_5,5
AAGTGAGTCGGGTTTA-1,WM,5
AAGTGCAAAGGTAGAC-1,Layer_5,1
AAGTGCCTTGACTGTA-1,Layer_3,1
AAGTGCGTTAGAATCT-1,Layer_6,5
AAGTGCTTCTCTATTG-1,WM,4
AAGTGTTTGGAGACGG-1,Layer_5,1
AAGTTCACTCCAAGCT-1,Layer_5,5
AAGTTCAGTCTGCGTA-1,Layer_1,7
AAGTTCGGCCAACAGG-1,Layer_5,5
AAGTTGTGATGTTATA-1,Layer_5,5
AAGTTTACTAATGGCA-1,Layer_1,2
AAGTTTATGGGCCCAA-1,Layer_6,5
AATAACAACGCTCGGC-1,Layer_5,5
AATAACACTAGAACAA-1,Layer_6,5
AATAAGTCCTCGAGAC-1,Layer_1,2
AATACAATGTTTCAGG-1,Layer_3,1
AATACCGGAGGGCTGT-1,WM,4
AATACCTGATGTGAAC-1,Layer_6,5
AATAGAACAGAGTGGC-1,Layer_6,5
AATAGAATCTGTTTCA-1,Layer_4,1
AATAGCAAGCCTCCTG-1,Layer_2,3
AATAGCTACCGCGTGC-1,Layer_1,7
AATAGTCCGTCCCGAC-1,Layer_6,5
AATAGTCGCGAGTCGG-1,Layer_4,1
AATATCAAGGTCGGAT-1,Layer_2,3
AATATCGAATCAATGC-1,Layer_3,1
AATATCGAGGGTTCTC-1,Layer_1,7
AATATTGGAGTATTGA-1,Layer_5,5
AATCAGACTGCAGGAC-1,Layer_2,3
AATCAGGTTTCATTTA-1,WM,4
AATCATGTAAAGACTC-1,Layer_4,1
AATCCAAGGGCCTGAG-1,Layer_3,3
AATCCATGCAAGGGTG-1,Layer_3,3
AATCGAGGTCTCAAGG-1,WM,5
AATCGCCTCAGCGCCA-1,Layer_3,1
AATCGCGCAGAGGACT-1,Layer_3,3
AATCGGGACACTACGA-1,Layer_1,2
AATCGGTATAGCCCTC-1,Layer_6,5
AATCGTGAGCCGAGCA-1,Layer_6,5
AATCTAGGTTTACTTG-1,WM,5
AATCTATGCCGGAGCC-1,Layer_1,7
AATCTCTACTGTGGTT-1,Layer_5,5
AATCTGCGTTGGGACG-1,Layer_3,3
AATCTGGCTTTCTAGT-1,WM,5
AATCTGGGTAGACCCT-1,Layer_1,3
AATGACAGCAATGTCT-1,Layer_6,5
AATGACGTAGGATGTC-1,Layer_3,1
AATGACTGTCAGCCGG-1,Layer_3,1
AATGAGTTCGCATATG-1,Layer_3,1
AATGATGATACGCTAT-1,Layer_1,7
AATGATGCGACTCCTG-1,Layer_1,7
AATGCAACCGGGTACC-1,Layer_3,1
AATGCACCAAGCAATG-1,Layer_1,7
AATGGCCGCCAATGCG-1,Layer_3,3
AATGGTCCACCGTTCA-1,Layer_5,1
AATGGTTCTCACAAGC-1,Layer_3,1
AATGTGCCCGAGGTGT-1,WM,5
AATGTGCTAATCTGAG-1,WM,4
AATGTTAAGACCCTGA-1,Layer_6,5
AATGTTGTCGTGAGAC-1,Layer_5,5
AATTAAAGGTCGGCGT-1,Layer_4,1
AATTAACGGATTTCCA-1,Layer_5,5
AATTACTCGTACGCTC-1,Layer_3,1
AATTAGCGCTGCAGCG-1,Layer_5,5
AATTATACCCAGCAAG-1,Layer_6,5
AATTCATAAGGGATCT-1,Layer_1,2
AATTCCAACTTGGTGA-1,Layer_2,3
AATTCCAAGCATGTAC-1,WM,5
AATTCGATTCGAGGAT-1,Layer_6,5
AATTCTAGAGTTAGGC-1,Layer_5,1
AATTGAACGCTCTGGT-1,Layer_3,1
AATTGCAGCAATCGAC-1,Layer_5,5
AATTGTGGTTGCCAAA-1,Layer_5,5
AATTTGGGACATAGTA-1,Layer_1,2
AATTTGGTTCCAAAGA-1,Layer_1,2
ACAAACCGACAAGGCG-1,Layer_1,2
ACAAAGAAGGTAGGCC-1,Layer_6,5
ACAAAGCATGACCTAG-1,Layer_5,5
ACAAATCGCACCGAAT-1,Layer_4,1
ACAAATGGTAGTGTTT-1,Layer_3,1
ACAAATTCAGATCTGA-1,Layer_1,3
ACAACAGCATGAGCTA-1,Layer_3,1
ACAACGGTCCCTGCGA-1,Layer_3,1
ACAAGCAGTGCCTAGC-1,Layer_4,1
ACAAGCTATATGGAAG-1,Layer_6,5
ACAAGGAAATCCGCCC-1,Layer_4,1
ACAAGGACAAGAGGTT-1,Layer_3,1
ACAAGGATGCTTTAGG-1,Layer_5,5
ACAAGGCCTACCAGCC-1,Layer_2,3
ACAAGGGCAGGCTCTG-1,Layer_4,1
ACAATAGTCGTACGTT-1,Layer_5,5
ACAATCCATTTAAACC-1,Layer_5,5
ACAATCGATCTTTATA-1,Layer_1,2
ACAATGAATACGGAGA-1,WM,5
ACAATGATTCTTCTAC-1,Layer_2,3
ACAATTGTGTCTCTTT-1,Layer_4,1
ACAATTTAGGAGGCTC-1,Layer_5,5
ACAATTTGAGCAGTGG-1,Layer_3,3
ACACAAAGACGGGTGG-1,Layer_3,1
ACACAAATATTCCTAG-1,Layer_1,7
ACACACCAGGACCAGT-1,Layer_3,1
ACACACTTTCTACACG-1,Layer_1,2
ACACATTGACGCAACA-1,Layer_3,1
ACACATTTCCGTAGAC-1,WM,5
ACACCACATAATTAGC-1,Layer_1,3
ACACCCAGCATGCAGC-1,Layer_3,1
ACACCCGAGAAATCCG-1,Layer_3,1
ACACCCGTAAATCTGT-1,Layer_3,3
ACACCGAGCGCTCTTT-1,Layer_3,1
ACACCTTAAGTAGGGC-1,Layer_3,1
ACACCTTACTACTTGC-1,Layer_3,3
ACACGAGACTCCTTCT-1,Layer_3,1
ACACGGCACTATGCAT-1,Layer_1,2
ACACGGGAACTTAGGG-1,Layer_3,3
ACACGTAGGCCACAAG-1,Layer_4,1
ACACTCCAATGTCACT-1,Layer_3,1
ACACTGATCAAGGTGT-1,Layer_5,5
ACACTGGGACAGTCGT-1,Layer_4,1
ACAGAACTGAGAACAA-1,WM,5
ACAGATTAGGTTAGTG-1,Layer_1,2
ACAGCATAGAGCCAGT-1,Layer_1,2
ACAGCGACATTCTCAT-1,Layer_5,1
ACAGCGCACCCGCAGC-1,Layer_1,2
ACAGGCACGGATCCTT-1,Layer_6,5
ACAGGCTTGCCCGACT-1,Layer_4,1
ACAGGTGGAGGTGAGG-1,Layer_6,5
ACAGGTGTGTTGTTGC-1,Layer_6,5
ACAGTAATACAACTTG-1,Layer_6,5
ACAGTATACCGTGGGA-1,Layer_1,7
ACAGTGCAGCGCATTT-1,Layer_3,3
ACATAATAAGGCGGTG-1,Layer_3,3
ACATCAGCTGGGACGC-1,Layer_5,5
ACATCCCGGCCATACG-1,Layer_5,5
ACATCCTGGTAACTGT-1,Layer_3,1
ACATCGATCGTTTACC-1,Layer_4,1
ACATCGGTCAGCCGCG-1,Layer_5,5
ACATCGTATGCAATGG-1,Layer_3,1
ACATCGTTAACCTAGT-1,Layer_1,2
ACATCTCAACGCGTAA-1,Layer_1,2
ACATGGCGCCAAAGTA-1,Layer_3,3
ACATGGCTCAATTTAG-1,Layer_3,3
ACATTAGTTTATATCC-1,Layer_5,5
ACATTTGAAACCTAAC-1,Layer_6,5
ACCAAACACCCAGCGA-1,Layer_1,7
ACCAAACTAGAAATCC-1,Layer_1,2
ACCAACACCACACACT-1,Layer_1,7
ACCAACCGCACTCCAC-1,Layer_5,5
ACCAACGCTTATTTAT-1,Layer_6,5
ACCAAGAACGCGTGTC-1,Layer_3,3
ACCAAGTCATCGGCAG-1,Layer_6,5
ACCAATATGCAAGTTA-1,Layer_5,5
ACCACAACTCAGAACA-1,Layer_1,2
ACCACAAGTTTCTATC-1,Layer_3,1
ACCACACGGTTGATGG-1,WM,5
ACCACCAATGTAACAA-1,Layer_3,3
ACCACCCTCTCTTCTA-1,Layer_1,7
ACCACGTGCAGCTATA-1,Layer_4,1
ACCACTGTTCAAGAAG-1,Layer_3,1
ACCAGACCATAACAAC-1,Layer_6,5
ACCAGCCCGGTCTTTG-1,Layer_1,2
ACCAGGAGTGTGATCT-1,Layer_1,2
ACCAGTGCCCGGTCAA-1,Layer_1,7
ACCAGTGCGGGAGACG-1,Layer_3,1
ACCATATCCGCAATAA-1,Layer_4,1
ACCATCCGCCAACTAG-1,Layer_6,5
ACCATCGTATATGGTA-1,Layer_5,5
ACCATTAAGGGTGTCA-1,Layer_3,1
ACCCAACGCCCGTGGC-1,Layer_3,3
ACCCACCTACATGCTC-1,Layer_3,1
ACCCATCTTGAGGGTA-1,Layer_4,1
ACCCATTTGTCCCTCT-1,Layer_5,5
ACCCGAGCGAAATTAC-1,WM,4
ACCCGATTGGTTCCGA-1,WM,4
ACCCGGAAACTCCCAG-1,Layer_5,5
ACCCGGATGACGCATC-1,Layer_3,3
ACCCGGTTACACTTCC-1,Layer_5,1
ACCCGTAGTCTAGTTG-1,Layer_5,5
ACCCGTGTCATCAGTA-1,Layer_6,5
ACCCTATAGGACTGAG-1,Layer_3,1
ACCCTATGCCATATCG-1,Layer_6,5
ACCCTCCCGTCAGGGC-1,Layer_6,5
ACCCTCCCTTGCTATT-1,Layer_4,1
ACCCTGGTAACGCCCT-1,Layer_1,7
ACCCTTCATCTGCGAA-1,Layer_1,2
ACCCTTGCCTGGGTCG-1,Layer_1,7
ACCCTTTAGTTCTCCA-1,Layer_1,2
ACCGAAAGGGCCCTGC-1,Layer_1,2
ACCGACACATCTCCCA-1,Layer_6,5
ACCGACTGAGTCCCAC-1,Layer_3,1
ACCGAGTCTCCTTATT-1,Layer_6,5
ACCGATAGGCATAACC-1,Layer_4,5
ACCGATGGTAGCATCG-1,Layer_3,3
ACCGCAATAACTGCCT-1,Layer_5,1
ACCGCGGTGGAAGTCG-1,Layer_3,1
ACCGGGCCTTTGTTGA-1,Layer_3,1
ACCGGTCTGAGTACGG-1,Layer_2,3
ACCGTGACCACGTGGG-1,WM,5
ACCGTTCCCGCTCTGA-1,Layer_1,2
ACCTAAGTACCTTTCA-1,Layer_6,5
ACCTAATCGACTTCCT-1,Layer_4,1
ACCTACAGTATGTGGT-1,Layer_3,3
ACCTACTATAAATCTA-1,WM,4
ACCTCCGCCCTCGCTG-1,Layer_4,1
ACCTCCGTTATTCACC-1,Layer_2,3
ACCTGCGTGTCATGTT-1,Layer_6,5
ACCTTTCCTTTAGAAG-1,Layer_1,2
ACGAAATGGGCGGCAC-1,Layer_4,1
ACGACTCTAGGGCCGA-1,Layer_6,5
ACGACTGGTCATACTC-1,WM,4
ACGAGAACCCATCACG-1,Layer_2,3
ACGAGATATTTGCTTA-1,Layer_1,2
ACGAGGATACCACTCT-1,WM,5
ACGAGTACGGATGCCC-1,Layer_1,7
ACGATACATAGAACTA-1,Layer_2,3
ACGATACCTATCCTGA-1,Layer_5,5
ACGATCATACATAGAG-1,Layer_3,3
ACGATCATCTTGTAAA-1,Layer_3,3
ACGATGCATATGTTAT-1,Layer_4,1
ACGATGGATCCGATGC-1,Layer_1,2
ACGCAAACTAATAGAT-1,WM,5
ACGCAATCACTACAGC-1,Layer_1,7
ACGCATAAATGACATG-1,Layer_2,3
ACGCATACGTTTACTA-1,Layer_4,1
ACGCATTCGTGAGTAC-1,Layer_3,1
ACGCCACTCGAAACAG-1,WM,5
ACGCCAGATGATTTCT-1,Layer_1,3
ACGCCAGTGCGTTTGC-1,Layer_6,5
ACGCCCAGCTGTCGAT-1,Layer_1,2
ACGCCGCTAGACGACC-1,Layer_4,1
ACGCGAAGTCAGACGA-1,Layer_5,5
ACGCGCTACACAGGGT-1,Layer_5,5
ACGCGGGCCAAGGACA-1,Layer_3,1
ACGCGTTTCTTAAGAG-1,Layer_5,5
ACGCTAGTATCAGTGC-1,Layer_3,3
ACGCTAGTGATACACT-1,Layer_2,3
ACGCTGTGAGGCGTAG-1,Layer_5,5
ACGCTTAGTGTCTCTC-1,Layer_1,2
ACGGAACACGAGTGCC-1,Layer_6,5
ACGGAATTTAGCAAAT-1,Layer_3,1
ACGGACTCTCAAAGCG-1,Layer_6,5
ACGGAGCGCAAATTAC-1,Layer_1,7
ACGGATGGTGCGGATA-1,Layer_5,5
ACGGCACTTGCTTGGG-1,Layer_5,5
ACGGCCAACATGGACT-1,Layer_5,5
ACGGCGACGATGGGAA-1,Layer_4,1
ACGGCGGGTTGCCCTG-1,Layer_2,3
ACGGGAGTGTCGGCCC-1,Layer_6,5
ACGGGCGTATGCGACA-1,Layer_1,7
ACGGGTCATGTGACTT-1,Layer_3,1
ACGGTACAGTTCAATG-1,Layer_6,5
ACGTACAGATTTCTCT-1,Layer_1,2
ACGTACTTTGGCACGG-1,WM,4
ACGTAGATTGCTGATG-1,Layer_3,1
ACGTAGGAGAGTCGCT-1,Layer_6,5
ACGTATTACTCCGATC-1,Layer_3,3
ACGTCCTAAACGAGAT-1,Layer_1,2
ACGTCTCGTTCCGGGA-1,Layer_6,5
ACGTGCGCCTCGTGCA-1,Layer_2,3
ACGTGGTCGAATGTGC-1,Layer_1,2
ACGTTAATGTCGAAGA-1,Layer_3,1
ACGTTAGATTTGCCCG-1,Layer_5,1
ACGTTATTGGTCACTC-1,Layer_3,1
ACGTTCCGCGCTCCGT-1,Layer_1,2
ACGTTCGCAATCAATT-1,Layer_2,3
ACGTTCGTTCAGGAAA-1,WM,5
ACGTTCTGTACAAGTC-1,Layer_5,5
ACGTTTAGTTGTGATC-1,Layer_1,2
ACTAAGGACGCACACC-1,Layer_2,3
ACTAATACGTCAGGCG-1,Layer_1,2
ACTACAAAGAGAGGTG-1,WM,4
ACTACCAGCTCTCTGG-1,Layer_3,1
ACTACGCGTTAGAATT-1,Layer_6,5
ACTAGTTGCGATCGTC-1,Layer_3,1
ACTATATGCTGTGTTC-1,Layer_1,7
ACTATCCAGGGCATGG-1,Layer_3,3
ACTATCGCCGGCTAAA-1,Layer_3,1
ACTATCTGCCCGCGTA-1,Layer_3,1
ACTATTCGTCCGTGGT-1,Layer_1,2
ACTATTTCCGGGCCCA-1,WM,5
ACTCAACGAATGTATT-1,Layer_2,3
ACTCAAGTGCAAGGCT-1,Layer_5,5
ACTCAATAAAGGCACG-1,Layer_3,3
ACTCAGACCTGCTTCT-1,Layer_2,3
ACTCCAATATCATCAT-1,WM,4
ACTCCCATTCCTAAAG-1,Layer_6,5
ACTCCCGAATTCGTTT-1,Layer_2,3
ACTCCCGTAGACTAGG-1,Layer_1,7
ACTCCCTAATGCTAAA-1,Layer_5,5
ACTCCCTAGAATAGTA-1,Layer_4,1
ACTCCGGCCGACCACT-1,Layer_6,5
ACTCGATGTATTTCAT-1,Layer_3,1
ACTCGCCGTTCGATAA-1,Layer_5,5
ACTCGCGATCTGACGC-1,,3
ACTCGTAACCCGTCCT-1,Layer_6,5
ACTCGTCAGTAATCCC-1,Layer_3,1
ACTCTAAACCTGGGAT-1,Layer_5,1
ACTCTCTGACTTAGGT-1,Layer_3,1
ACTCTCTTATACACGA-1,Layer_1,2
ACTCTGACCTAATAGA-1,Layer_6,5
ACTCTTGTATAGTAAC-1,Layer_3,1
ACTGAAACGCCGTTAG-1,Layer_5,1
ACTGAATGGCGAAAGT-1,Layer_4,1
ACTGATTTAGTGATTC-1,Layer_1,2
ACTGCCCGCCATTCTC-1,WM,4
ACTGCCGTCGTAACTC-1,Layer_1,3
ACTGCGGACACACCGT-1,Layer_2,3
ACTGGCGAACCTGCGT-1,Layer_2,3
ACTGTACGATACACAT-1,Layer_3,3
ACTGTAGCACTTTGGA-1,Layer_3,1
ACTGTATACGCGAGCA-1,Layer_3,3
ACTGTCCAGGATTATA-1,Layer_3,1
ACTGTCTTCTTTAGAA-1,Layer_3,1
ACTGTGCTAGTAGATC-1,Layer_3,3
ACTGTTTAGTGTAGGC-1,Layer_1,2
ACTTACCGGGCGCGCA-1,Layer_1,7
ACTTACGCATCCACGC-1,Layer_5,5
ACTTAGTACGACAAGA-1,Layer_3,3
ACTTATACTTACCCGG-1,Layer_3,3
ACTTATCTGATCTATA-1,Layer_1,2
ACTTATTAGGATCGGT-1,Layer_4,1
ACTTATTTATGTGCCA-1,Layer_3,1
ACTTCAGGCTGATCCC-1,Layer_4,1
ACTTCCATGCGGGACA-1,Layer_5,5
ACTTCCTGTCGTGCGA-1,Layer_3,3
ACTTCGCCATACGCAC-1,Layer_3,3
ACTTGACTCCCTCTTT-1,Layer_3,1
ACTTGCCATATTGTAC-1,Layer_1,2
ACTTGGGACCCGGTGG-1,Layer_3,1
ACTTGTAGTCCCTTCA-1,Layer_6,5
ACTTGTGGATGGAACG-1,Layer_3,1
ACTTTACCCTCATGAA-1,Layer_2,3
ACTTTCCTATAGCTTC-1,Layer_3,1
ACTTTGACTGCATCCT-1,Layer_5,5
AGAAATTATGACTCGC-1,Layer_3,1
AGAACGTGGTACATTC-1,Layer_3,3
AGAACTGTACTTTGTA-1,Layer_6,5
AGAAGAGCGCCGTTCC-1,Layer_3,3
AGAAGGTACACTTCAC-1,WM,5
AGAAGGTTGCCGAATT-1,Layer_5,5
AGAAGGTTGTAGGTCG-1,Layer_6,5
AGAAGTGATTCGTGAT-1,Layer_6,5
AGAATAAATCTTCAGG-1,Layer_5,5
AGAATACAGGCTATCC-1,Layer_6,5
AGAATGCGGGTTCGGA-1,Layer_1,7
AGAATTATGGATTCGA-1,Layer_3,3
AGAATTGTTTGACATA-1,Layer_3,1
AGACAGCTCAGAATCC-1,Layer_4,1
AGACATAGATCCTTCC-1,Layer_1,2
AGACCATGGGATACAA-1,Layer_3,1
AGACCCACCGCTGATC-1,Layer_5,1
AGACCCGCCCTCCTCG-1,Layer_3,1
AGACCGCTCCGCGGTT-1,Layer_3,1
AGACCGGGAAACCCTG-1,Layer_5,5
AGACGAAGTGCCGGTC-1,Layer_3,1
AGACGACGATGCCGCT-1,Layer_6,5
AGACGGGATTGGTATA-1,Layer_1,2
AGACGGGCCGATTTAA-1,Layer_1,3
AGACTAGCCTTCCAGA-1,Layer_3,1
AGACTGTTACCGGGTC-1,WM,5
AGAGAAACACCAGAAA-1,WM,4
AGAGAACCGTCTAGGA-1,Layer_2,3
AGAGAAGGAGTACAAT-1,WM,5
AGAGATCTCTAAAGCG-1,Layer_5,5
AGAGCAGTTATGAGAC-1,Layer_4,1
AGAGCCGCCGAGATTT-1,Layer_4,1
AGAGCGCTTGTAACGG-1,Layer_1,7
AGAGCGGGCTAATCAT-1,Layer_2,3
AGAGCGTACAAGCTCG-1,Layer_3,1
AGAGCTACGAAAGCAT-1,Layer_3,1
AGAGGCTTCGGAAACC-1,Layer_3,1
AGAGGGACAATTGTCC-1,Layer_2,3
AGAGGTATCTCGGTCC-1,Layer_1,2
AGAGTAAACTTCACTA-1,Layer_3,1
AGAGTGAACAGACACC-1,Layer_3,3
AGAGTTAGAGACCGAT-1,Layer_1,3
AGAGTTGCAGGCCTCC-1,Layer_2,3
AGATAACTTCAGGGCC-1,Layer_3,1
AGATACCAATAGAACC-1,Layer_5,5
AGATACCAGCACTTCA-1,Layer_1,7
AGATACCGGTGTTCAC-1,Layer_5,5
AGATACGACTTCATAT-1,Layer_3,3
AGATACTCAAGATCGA-1,Layer_4,1
AGATATAATACGACTA-1,Layer_6,5
AGATCGTGCATAAGAT-1,Layer_1,7
AGATCTCAGGTGTGAT-1,Layer_3,3
AGATGACTCGCCCACG-1,Layer_3,3
AGATGAGGGTTGCGAT-1,Layer_1,7
AGATGATGGAGTCTGG-1,Layer_2,3
AGATGCAAGACGTGCA-1,WM,4
AGATGCTATAACGAGC-1,Layer_3,1
AGATTATAGGACGTTT-1,Layer_3,1
AGATTCAAGCGGGTCG-1,Layer_3,3
AGATTCACAACCGATA-1,WM,5
AGCAAAGGCCGCTAGT-1,Layer_6,5
AGCAACATATCTTATT-1,Layer_3,3
AGCAACCGAAAGTAAT-1,WM,1
AGCACCAGTACTCACG-1,Layer_3,1
AGCACTACCGGCCTGT-1,Layer_5,5
AGCACTACCTCACCAG-1,Layer_5,1
AGCACTTAAGGACGCC-1,Layer_4,1
AGCAGAAGGAGAAAGA-1,Layer_6,5
AGCAGCCAGATGAATA-1,Layer_6,5
AGCAGTCGAAGCATGC-1,Layer_6,5
AGCATATCAATATGCT-1,Layer_4,1
AGCATCATTTCGAAAG-1,WM,1
AGCATCGTCGATAATT-1,Layer_3,3
AGCATTACGAGGCAAG-1,Layer_5,5
AGCCAAGCTTTGTGTC-1,Layer_6,5
AGCCACAGGTTACCCG-1,Layer_5,5
AGCCACTCCCGTGCTT-1,Layer_2,3
AGCCATATAGTATGTG-1,WM,5
AGCCCATACATGTAAG-1,Layer_5,5
AGCCCGCAACAAGCAG-1,WM,4
AGCCCGGCATTAGAGG-1,WM,4
AGCCCGGTAGCCTGTA-1,WM,5
AGCCCTAAGCGAAGTT-1,Layer_2,3
AGCCCTTCTAATCCGA-1,Layer_1,7
AGCCCTTGGACATCCC-1,Layer_4,1
AGCCGCAAATTCAAAT-1,Layer_6,5
AGCCGCTTGATTAGCG-1,Layer_3,1
AGCCGTGGCTAAATGT-1,Layer_6,5
AGCCTAATACCCACGT-1,WM,5
AGCCTTAAAGCGGAAG-1,Layer_3,1
AGCGACAGGAACGGTC-1,Layer_6,5
AGCGACATCCCATTCA-1,Layer_2,3
AGCGACCAACGATATT-1,Layer_3,1
AGCGATGCGCCTAATA-1,Layer_5,5
AGCGCATAATGAATCG-1,Layer_6,5
AGCGCGGGTGCCAATG-1,Layer_1,3
AGCGCTTATGGGCAAG-1,Layer_1,2
AGCGGACACTTCGTAG-1,Layer_6,5
AGCGGCGGTTAGCGGT-1,WM,5
AGCGGGAAGGGTCCAT-1,Layer_3,3
AGCGGGTCTGACACTC-1,Layer_6,5
AGCGGTTGAGATGTAC-1,Layer_2,3
AGCGGTTGCCGCTCTG-1,Layer_1,7
AGCGTACGAGAGCTAG-1,Layer_3,3
AGCGTAGCGCTAGACC-1,Layer_1,3
AGCGTCTGAACCCGCA-1,Layer_2,3
AGCGTGGTATTCTACT-1,Layer_4,1
AGCGTTCCGATTTAAA-1,Layer_2,3
AGCTAACAAGCAATGT-1,WM,4
AGCTAAGTACGCAGGC-1,Layer_5,5
AGCTAGAAGCAGAAGT-1,Layer_1,7
AGCTATTTAATCCAAC-1,Layer_1,2
AGCTCCATATATGTTC-1,Layer_4,1
AGCTCCTTCGCACATC-1,Layer_4,1
AGCTCGTTGATGGAAA-1,Layer_1,7
AGCTCTAGACGTTCCA-1,Layer_3,1
AGCTCTTCCCAGTGCA-1,Layer_1,2
AGCTCTTCGTAACCTT-1,Layer_3,3
AGCTCTTTACTCAGTT-1,Layer_5,1
AGCTGAAGTAAACCAA-1,Layer_1,2
AGCTGCATTTGAGGTG-1,Layer_3,3
AGCTGCTGTGCCGAAT-1,Layer_3,3
AGCTGTAACCTCAATC-1,WM,5
AGCTTATAGAGACCTG-1,Layer_1,2
AGCTTCAATACTTTGA-1,Layer_1,2
AGCTTCTTCTCGAGCA-1,Layer_6,5
AGCTTGATCTTAACTT-1,Layer_5,5
AGGAAAGCCTCTGATG-1,Layer_3,3
AGGAAGCTGTCCGCCG-1,Layer_6,5
AGGACAGTCGAATCCC-1,Layer_3,1
AGGACATCGCACGTCG-1,Layer_3,3
AGGACGACCCATTAGA-1,Layer_5,5
AGGACGCTCGATGTTG-1,Layer_1,7
AGGACTTATAGGAGAA-1,Layer_3,1
AGGAGGCCTTCGCGCG-1,Layer_4,1
AGGATAAAGTCGGGAT-1,Layer_5,5
AGGATATAGGGATTTA-1,Layer_3,1
AGGATATCCGACTGCA-1,Layer_6,5
AGGATCACGCGATCTG-1,Layer_6,5
AGGCAAAGAGGAATCA-1,Layer_1,2
AGGCACGTGACTGTCC-1,Layer_4,1
AGGCAGATGCGTAAAC-1,Layer_2,3
AGGCAGGGAGCGTACT-1,Layer_6,5
AGGCATTGTCGTAGGG-1,Layer_3,1
AGGCCACCCGTTATGA-1,Layer_3,1
AGGCCCAGTGACTGGT-1,Layer_3,1
AGGCCCATTGTACAGG-1,Layer_2,3
AGGCCCTAGAACGCCA-1,Layer_6,5
AGGCCTATCATACCAA-1,WM,4
AGGCCTGAGAATCTCG-1,Layer_5,5
AGGCGGTTTGTCCCGC-1,WM,1
AGGCGTCTATGGACGG-1,Layer_1,7
AGGCTATGGTTAGCTT-1,Layer_3,1
AGGCTTCCCGAAGAAG-1,Layer_5,5
AGGCTTGCTAGACACC-1,Layer_4,1
AGGGAAACGAGGTACT-1,Layer_1,2
AGGGACAGCACGGCGG-1,Layer_1,2
AGGGACCGGCTGCGTT-1,Layer_3,3
AGGGACTCTACGCGAC-1,Layer_6,5
AGGGAGACATACTTCG-1,Layer_1,7
AGGGCAGCGGCGTGGT-1,Layer_1,2
AGGGCGAGCAGCTGAT-1,Layer_6,5
AGGGCGTGATCGGCTA-1,Layer_3,3
AGGGCTGCAGTTACAG-1,Layer_3,1
AGGGTCAGAGCACTCG-1,WM,4
AGGGTCAGTAACCCTA-1,Layer_1,7
AGGGTCGATGCGAACT-1,Layer_3,3
AGGGTGCCGTTCTTTA-1,WM,4
AGGGTGCTCTCGAGGG-1,Layer_3,3
AGGGTGGATAGTGCAT-1,Layer_5,5
AGGGTGTGCTACACGC-1,Layer_3,3
AGGGTTCAGACGGTCC-1,WM,4
AGGGTTCCCTTTGGTT-1,Layer_3,3
AGGGTTTAGTTCGGGA-1,Layer_3,1
AGGTAACCTCCTATTC-1,Layer_3,3
AGGTACGATATTGCCA-1,Layer_1,2
AGGTAGATCGAGATAT-1,WM,4
AGGTAGGTACAAAGCT-1,Layer_4,5
AGGTATAATTGATAGT-1,Layer_2,3
AGGTCAGGTGAGAGTG-1,Layer_6,5
AGGTCGCCACTTCGGT-1,Layer_1,3
AGGTCGCGGAGTTACT-1,Layer_1,7
AGGTGCACGTCCACAT-1,Layer_6,5
AGGTGGTGACCTTCGC-1,WM,5
AGGTGTATCGCCATGA-1,Layer_5,5
AGGTTACACCATGCCG-1,Layer_3,3
AGGTTGAGGCACGCTT-1,Layer_3,3
AGGTTTCACACACCTT-1,Layer_4,1
AGTAACGTTCATCCTG-1,Layer_1,2
AGTAACTATAGCAGCC-1,Layer_6,5
AGTAATCTAAGGGTGG-1,Layer_6,5
AGTAATGTCTTGCCGC-1,Layer_2,3
AGTACAGAAGCTTATA-1,Layer_6,5
AGTACATCATTTATCA-1,Layer_1,7
AGTACCTTCGAGTGCT-1,Layer_1,7
AGTACGGCCCGTATCG-1,Layer_5,5
AGTACGGGCACCTGGC-1,Layer_3,3
AGTACGTGGCCTGTCT-1,Layer_1,2
AGTACTCTTATGCCCA-1,Layer_5,1
AGTAGAAGGCGCCTCA-1,WM,5
AGTAGCGTGAACGAAC-1,Layer_1,2
AGTAGCTAGACGCCGA-1,Layer_2,3
AGTAGGAAGGAAGTTG-1,Layer_1,7
AGTAGGTAACATACAT-1,Layer_2,3
AGTATAATACTAGGCA-1,Layer_3,1
AGTATACACAGCGACA-1,WM,5
AGTATCCATAATAACG-1,Layer_2,3
AGTATGCTGGAGACCA-1,WM,4
AGTATTTGGCACGACC-1,Layer_6,5
AGTCAAATGATGTGAT-1,WM,4
AGTCAACACCACCATC-1,Layer_5,1
AGTCAAGATGACACTT-1,Layer_3,1
AGTCACTAGCTCTCGA-1,Layer_4,1
AGTCACTCCGCCTCAT-1,Layer_2,3
AGTCAGCCACCGCCTG-1,Layer_3,1
AGTCCAGCGGGTACGT-1,Layer_2,3
AGTCCATTGGCTGATG-1,Layer_3,1
AGTCCCGCCTTTAATT-1,Layer_1,2
AGTCGACGGTCTCAAG-1,Layer_3,3
AGTCGGCCCAAACGAC-1,Layer_3,1
AGTCGGCTCAACTTTA-1,Layer_6,5
AGTCGGTTGCGTGAGA-1,Layer_3,3
AGTCGTATAAAGCAGA-1,Layer_6,5
AGTCGTCGACCACCAA-1,Layer_5,1
AGTCGTGGGCATTACG-1,Layer_6,5
AGTCTAAAGTATACTC-1,Layer_1,7
AGTCTCACAAGACTAC-1,Layer_6,5
AGTCTGGACATCCTTG-1,Layer_3,1
AGTCTTCTCCTCAAAT-1,Layer_3,3
AGTCTTTAAAGTGTCC-1,Layer_6,5
AGTGAACAAACTTCTC-1,Layer_3,1
AGTGAAGATGGTGTCC-1,Layer_1,7
AGTGACCTACTTTACG-1,Layer_5,1
AGTGACTGTGACACAA-1,WM,4
AGTGAGACTTCCAGTA-1,Layer_3,3
AGTGAGCCTCGCCGCC-1,Layer_2,3
AGTGAGGGTTTCTGAC-1,Layer_1,2
AGTGAGTCGAATTAAC-1,Layer_5,5
AGTGATAACCTGCGCG-1,Layer_5,5
AGTGATATGAGTAGTT-1,Layer_5,5
AGTGATTCAAGCAGGA-1,Layer_3,3
AGTGCACGCTTAAGAA-1,Layer_4,1
AGTGCGTAGCTCGTAA-1,Layer_5,5
AGTGCTAAACACAGCA-1,Layer_5,5
AGTGCTTGCACGAATA-1,Layer_3,1
AGTGGCCCGCAAATGG-1,Layer_6,5
AGTGGCGGCAATTTGA-1,Layer_1,7
AGTGGCGTCTGAAGGT-1,Layer_5,5
AGTGGCTCCGTCGGCC-1,Layer_5,5
AGTGGTGTTACCCGTG-1,Layer_6,5
AGTGGTTGCGTATAGG-1,Layer_5,5
AGTGTATTGCGCATTG-1,Layer_1,2
AGTGTGCTAAGATCGC-1,Layer_3,1
AGTGTGGTCTATTGTG-1,Layer_3,1
AGTTAAACACTTGCGA-1,Layer_5,1
AGTTAAGCGGTCCCGG-1,Layer_1,2
AGTTAAGTCAACCGCT-1,Layer_6,5
AGTTACCCTTAAGACT-1,Layer_4,1
AGTTACCGCACATGGT-1,Layer_4,1
AGTTACTCTATCGTGG-1,Layer_1,2
AGTTATTGAAAGGTAA-1,Layer_1,2
AGTTCACCGGTTGGAC-1,Layer_3,1
AGTTCCTACAGAATTA-1,Layer_3,1
AGTTCCTATTTATGTT-1,Layer_4,1
AGTTCTGCGTTGTATC-1,Layer_3,1
AGTTGACATCGGCTGG-1,Layer_3,3
AGTTGACGGTCCTTGC-1,Layer_6,5
AGTTGCTGACTGATAT-1,Layer_3,1
AGTTGGCAAGGCTAGA-1,Layer_5,5
AGTTTCGCAGGTCGGA-1,Layer_1,2
AGTTTGCACCTGCCTC-1,Layer_5,5
AGTTTGGCACGGGTTG-1,Layer_3,1
AGTTTGGCCAGACCTA-1,Layer_6,5
ATAAACCATTGGACGG-1,Layer_1,2
ATAAACGGACCCGTAA-1,Layer_5,1
ATAAACGTTGCACCAC-1,Layer_4,1
ATAAAGGCTCGGTCGT-1,Layer_3,1
ATAAAGGTCAAGTACG-1,Layer_1,2
ATAAATATTAGCAGCT-1,Layer_5,5
ATAACGCCGGAGGGTC-1,Layer_3,3
ATAACGGAGTCCAACG-1,Layer_3,3
ATAACGTTACCTCCAC-1,Layer_2,3
ATAAGCAAACACCGAG-1,Layer_2,3
ATAAGGTGGAGAACAT-1,Layer_5,1
ATAAGTACCCGATTGT-1,Layer_2,3
ATAAGTAGGATTCAGA-1,Layer_1,7
ATAAGTAGGGCGACTC-1,Layer_3,3
ATAAGTTACCGCGACG-1,Layer_5,5
ATAATACCGTTAGCCG-1,Layer_3,1
ATAATAGCTGTTGAAT-1,Layer_5,1
ATAATAGTGTAGGGAC-1,Layer_3,1
ATAATCTTGGAGAACC-1,Layer_5,5
ATAATTAGCTAAGTAG-1,Layer_6,5
ATACAGGCCCTCCAAT-1,Layer_5,5
ATACCACGGGCAACTT-1,Layer_5,5
ATACCAGCAAATTGCT-1,Layer_1,2
ATACCAGGCTAATAGA-1,Layer_1,2
ATACCAGGTGAGCGAT-1,Layer_1,2
ATACCGTCATCCATAA-1,Layer_1,7
ATACCTAACCAAGAAA-1,Layer_6,5
ATACGACAGATGGGTA-1,Layer_3,3
ATACGCCGATCTACCG-1,Layer_1,2
ATACGCCGGCGAAACC-1,Layer_3,1
ATACGGAACGTCGTTT-1,WM,1
ATACGGGTTTCGATTG-1,Layer_2,3
ATACGGTGAAGATGCA-1,Layer_5,5
ATACGTACTTAGCCAC-1,Layer_5,5
ATACGTCCACTCCTGT-1,Layer_3,1
ATACGTTATGCACGGA-1,Layer_6,5
ATACTACCCGTACCAC-1,Layer_5,1
ATACTAGCATGACCCT-1,Layer_3,3
ATACTCTCGCCACTCT-1,Layer_3,3
ATACTGCCTTACACCG-1,Layer_5,5
ATACTTGTTCTCGAGC-1,Layer_5,5
ATAGACAACGGGACCT-1,Layer_2,3
ATAGACGAAGAGAAAG-1,Layer_3,1
ATAGAGTACTGGGACA-1,Layer_3,1
ATAGAGTTATCAACTT-1,Layer_2,3
ATAGATTTGCAGTCGG-1,Layer_1,2
ATAGCAACTAGGGAAG-1,Layer_5,5
ATAGCCTCAGTACCCA-1,Layer_3,1
ATAGCTGCTCTTGTTA-1,Layer_3,1
ATAGGAATCTAAGCTT-1,Layer_2,3
ATAGGCGGCTATAGAA-1,Layer_5,5
ATAGGCTAGCTTCGCA-1,Layer_1,7
ATAGGGATATCCTTGA-1,Layer_3,3
ATAGGTTGGGCAGATG-1,Layer_3,1
ATAGTCTTTGACGTGC-1,Layer_1,2
ATAGTGAAGCGTTCTC-1,Layer_4,1
ATAGTTCCACCCACTC-1,Layer_3,3
ATATAAAGCGCTCGTG-1,Layer_5,5
ATATAAATGTAGCTGC-1,Layer_5,5
ATATAACACGGGCGCA-1,Layer_5,5
ATATACGCTCGTGACG-1,Layer_5,5
ATATCAACCTACAGAG-1,Layer_3,3
ATATCGGTAGGGAGAT-1,Layer_3,3
ATATCGTGCCAGACCC-1,Layer_1,2
ATATCGTTCCTCGAAC-1,Layer_5,1
ATATCTCCCTCGTTAA-1,Layer_1,2
ATATCTTAGGGCCTTC-1,Layer_3,1
ATATGGGATAGCAACT-1,WM,4
ATATGTCTAGAGCGTG-1,WM,5
ATATGTCTCCCTAGCC-1,Layer_3,3
ATATGTGCACAAACCA-1,Layer_2,3
ATATTCAGTTAAACCT-1,Layer_5,5
ATATTCCACATAGTGA-1,Layer_5,1
ATATTCCCACAGGTCA-1,Layer_1,2
ATATTGCTGTCAAAGT-1,Layer_3,1
ATATTTAACCCTCAAG-1,Layer_3,1
ATCAAACACTGTTCCA-1,Layer_3,1
ATCAAACGAAGGTTTG-1,Layer_6,5
ATCAAGATCCCAGGAC-1,WM,5
ATCAATCTGGGCTGCA-1,Layer_3,1
ATCACATTAGAATATC-1,Layer_1,2
ATCACGTGCTAATTAA-1,Layer_5,5
ATCACTTCATCCTCGC-1,Layer_3,3
ATCAGACGGCACGCCG-1,Layer_5,5
ATCAGCCTCATGCTGC-1,Layer_5,5
ATCAGCTCGTCCACTA-1,WM,5
ATCAGGTCGCCATTGC-1,Layer_1,2
ATCAGTAGGCAGGGAT-1,Layer_2,3
ATCATAGCCCTATGTA-1,Layer_5,5
ATCATCCAATATTTGT-1,Layer_4,1
ATCATCTGCCCAGTGT-1,Layer_1,2
ATCCAACGCAGTCATA-1,Layer_3,1
ATCCAATGGAGGGTCC-1,Layer_5,5
ATCCAATGGTACCGAA-1,Layer_5,5
ATCCACATCGACAGAA-1,Layer_6,5
ATCCACGCTAAATGTT-1,Layer_1,2
ATCCACTTTCAGACTA-1,Layer_2,3
ATCCAGAGCAACAACC-1,Layer_5,5
ATCCAGGATTCGTGAA-1,Layer_5,1
ATCCCATTTCCGTGGG-1,WM,4
ATCCTACCTAAGCTCT-1,Layer_5,5
ATCCTGAATCGCTGCG-1,Layer_5,5
ATCCTGCGTGGAATGG-1,Layer_5,5
ATCCTGCTGCAGATAG-1,Layer_1,2
ATCGACCCAATACAGA-1,Layer_4,1
ATCGACTCTTTCCGTT-1,Layer_3,3
ATCGCACGATTGTTCA-1,Layer_3,3
ATCGCACGCCGGGAGA-1,Layer_3,1
ATCGCCAGTCAACATT-1,Layer_3,1
ATCGCTGCGTGCAGCA-1,Layer_1,7
ATCGGAGACAGACGGC-1,Layer_5,1
ATCGGCAAGCAGTCCA-1,Layer_1,7
ATCGGTTACCTAGTAA-1,Layer_5,5
ATCGTATTCCGAGAAC-1,Layer_5,5
ATCGTCCAATCGAGTC-1,Layer_3,1
ATCGTTAGCTAGCGGA-1,Layer_5,1
ATCGTTCACTTTCGCC-1,Layer_1,2
ATCTAACGTCCCTATG-1,Layer_3,1
ATCTAATATCCTACGG-1,Layer_5,5
ATCTACCATCTGCTCC-1,Layer_6,5
ATCTAGCTTGTGAGGG-1,Layer_6,5
ATCTCATAAACCTACC-1,Layer_3,3
ATCTCCCACGGAATAT-1,Layer_5,5
ATCTCCCTGCAATCTA-1,Layer_1,2
ATCTCGTGAGCGAAAC-1,Layer_3,1
ATCTGACATGGAAGGA-1,WM,4
ATCTGATAGTGTCTTA-1,Layer_3,1
ATCTGCACCTCTGCGA-1,Layer_2,3
ATCTGCTGTTATCGCC-1,WM,5
ATCTGGGCTGTTCTTG-1,Layer_6,5
ATCTGGTTAAGACTGT-1,Layer_3,3
ATCTGTAATTGTACCC-1,Layer_2,3
ATCTTATCGCACACCC-1,Layer_5,5
ATCTTGACCTGCAACG-1,Layer_3,1
ATCTTGACTTGTCCAA-1,Layer_1,3
ATCTTTCGTATAACCA-1,Layer_1,7
ATGAAGCCAAGGAGCC-1,Layer_3,1
ATGAAGTGGACCCAGC-1,Layer_5,5
ATGACGCCGGCTCTAA-1,Layer_2,3
ATGACGCGTTCTATCC-1,Layer_6,5
ATGACTATCAGCTGTG-1,WM,5
ATGACTATGCGACATT-1,Layer_4,1
ATGAGGAGTGTTAATC-1,Layer_3,1
ATGAGGGCAGCGGCTA-1,Layer_3,3
ATGATCGGGAATAGAC-1,Layer_3,3
ATGATGCAATGGTACA-1,Layer_5,5
ATGCACCTTCCTTAAT-1,Layer_4,1
ATGCACTACCGCATTG-1,Layer_3,1
ATGCATGATCCAGGAT-1,Layer_3,3
ATGCATTCCGTGATGG-1,Layer_1,2
ATGCCAATCGCTCTGC-1,Layer_1,7
ATGCCATTTGCGACCA-1,Layer_3,1
ATGCCGGTCTTGCATA-1,Layer_3,3
ATGCCGGTTGATGGGA-1,Layer_1,2
ATGCGACAATTGGTCC-1,Layer_1,7
ATGCGACAGTCCCATT-1,Layer_3,1
ATGCGAGTCCCACCAC-1,Layer_3,1
ATGCTCAGTGTTGCAT-1,Layer_3,1
ATGCTCTGGCGCGGTA-1,Layer_5,5
ATGCTTAGGAGTTGAT-1,Layer_4,1
ATGGAACAGAATAAAC-1,Layer_3,3
ATGGAGCAGGCCGTGA-1,Layer_3,1
ATGGATCCGGCGTCCG-1,Layer_1,3
ATGGATTGACCAAACG-1,Layer_3,1
ATGGCAGCCGAGAAAC-1,Layer_5,5
ATGGCTGGAAATGGCC-1,Layer_1,2
ATGGGAACGGAAGCGG-1,Layer_1,2
ATGGGACCTGCTGAAC-1,WM,4
ATGGGCCTCGGCCTCT-1,Layer_3,1
ATGGTATTGGGAACCG-1,WM,5
ATGGTCGCGTGGTTTC-1,Layer_3,1
ATGGTGCTCAAAGCCA-1,Layer_1,2
ATGGTTACGAAACATG-1,Layer_2,3
ATGTAAGGCTGCTCTT-1,Layer_2,3
ATGTACATGCGGTGAG-1,Layer_5,5
ATGTACGATGACGTCG-1,Layer_6,5
ATGTAGCGCGCGTAGG-1,Layer_6,5
ATGTCATTTCCCATTG-1,Layer_3,1
ATGTGAAAGCCTAATG-1,Layer_6,5
ATGTGCATCCGACGCA-1,Layer_3,3
ATGTGGACATCTTGAT-1,Layer_4,1
ATGTGTAGTTTAGTCA-1,Layer_1,2
ATGTTACGAGCAATAC-1,Layer_3,1
ATGTTCCTGCCCACCT-1,Layer_3,1
ATGTTCGTCGACCCAC-1,Layer_5,5
ATGTTGATTAGAGACT-1,Layer_6,5
ATGTTGTAGTCTGTTT-1,WM,4
ATGTTTGTAAGATCAT-1,Layer_2,3
ATTAAACATGCGGACC-1,Layer_4,1
ATTAACACCTGAGATA-1,Layer_4,1
ATTAATACTACGCGGG-1,Layer_3,3
ATTAATGAACCAGTCG-1,Layer_2,3
ATTAATTCGGTCACTC-1,Layer_1,2
ATTACAACTACCGGCC-1,Layer_1,2
ATTACATGTCAGTCTT-1,Layer_3,1
ATTACCACACTGCCTG-1,Layer_3,1
ATTACGACTCCACAGT-1,Layer_1,7
ATTACGCGCTGGCAGG-1,Layer_5,5
ATTACTAGCCTCTTGC-1,Layer_3,3
ATTACTTACTGGGCAT-1,Layer_1,7
ATTAGATTCCTCAGCA-1,Layer_1,7
ATTAGATTGATAGCGG-1,Layer_3,3
ATTAGGCGATGCTTTC-1,Layer_3,1
ATTATACTTTGCTCGT-1,Layer_1,2
ATTATAGCTACTTTAC-1,Layer_2,3
ATTATCGGAATGTACG-1,WM,4
ATTATCTCGACAGATC-1,Layer_1,2
ATTATGCCATAGGGAG-1,Layer_3,3
ATTATGCTCAGTATTG-1,Layer_3,3
ATTATTATGTCCGTCA-1,WM,5
ATTATTCAGAGTCACT-1,Layer_6,5
ATTCAACCATTTAAGG-1,Layer_5,1
ATTCACTGATGTTGGA-1,Layer_5,5
ATTCAGATGAATCCCT-1,Layer_3,3
ATTCAGGACCTATTTC-1,Layer_1,7
ATTCAGGATCGCCTCT-1,Layer_1,2
ATTCAGTAGCAGGGTC-1,Layer_4,1
ATTCATATACTGTCCA-1,Layer_5,1
ATTCATCGTTGAGGCA-1,Layer_5,5
ATTCCCACATAAACAA-1,Layer_3,1
ATTCCTAAGACGTGGA-1,Layer_1,7
ATTCCTCCGCCAGTGC-1,Layer_3,1
ATTCCTTCCAGGCGGT-1,Layer_3,3
ATTCGACGCCGGGCCT-1,Layer_5,5
ATTCGCAGAGGACACT-1,Layer_1,7
ATTCGCGCCTTGAGAG-1,Layer_5,5
ATTCGTGCTATCTCTT-1,Layer_3,3
ATTCTCGTCTCTTTAG-1,Layer_2,3
ATTCTGAGTATGAACT-1,Layer_1,2
ATTCTTCGTACTTATG-1,Layer_1,2
ATTGAAGATCTTAGTG-1,Layer_3,1
ATTGACCGGCGATGAC-1,Layer_1,7
ATTGACGTAACTCGGT-1,Layer_1,2
ATTGATAGCAACGAGA-1,Layer_3,3
ATTGATGAGTCCTAAC-1,Layer_3,3
ATTGCCTTTATGTTTG-1,Layer_6,5
ATTGCGATCAGTAACT-1,Layer_4,1
ATTGCTGCTCCTCCAT-1,Layer_4,1
ATTGGATTACAGCGTA-1,Layer_4,1
ATTGGGAATATCTTGG-1,Layer_2,3
ATTGGGAGTTCTGTAA-1,Layer_2,3
ATTGGTAGGATCCGCT-1,Layer_5,1
ATTGGTTGTGCATTAC-1,Layer_6,5
ATTGTACAACTCGGCT-1,Layer_3,3
ATTGTCGCAATACCTT-1,Layer_1,2
ATTGTCTGTTTCATGT-1,WM,4
ATTGTGACTTCGCTGC-1,Layer_1,7
ATTTAACTCGTATTAC-1,Layer_2,3
ATTTACAGTTTACTGG-1,Layer_3,1
ATTTACTAAGTCCATT-1,Layer_1,3
ATTTATACTGGTAAAG-1,WM,5
ATTTCATTATTTCGCG-1,Layer_1,2
ATTTCCGGGTTCTGCG-1,Layer_6,5
ATTTGCCTAGTTACGA-1,Layer_1,2
ATTTGCGCGAGTAGCT-1,Layer_6,5
ATTTGTCTTGGGAGCT-1,Layer_3,1
ATTTGTTCCAGGGCTC-1,Layer_2,3
CAAACCAGGTCTGCAT-1,Layer_6,5
CAAACCCTCCGGCGGG-1,WM,5
CAAACGAGTATCGCAG-1,Layer_5,5
CAAACGGTCGCACTTT-1,Layer_3,1
CAAACGTGGTCTTGCG-1,Layer_1,2
CAAACTACGATAGAGA-1,Layer_1,2
CAAACTATTGAGCTTC-1,Layer_1,2
CAAACTCGCGACGCCG-1,Layer_3,1
CAAAGATTATTGGGCC-1,WM,5
CAAAGGTTAAATTCAG-1,Layer_3,3
CAAAGTCAGGTTAGCT-1,Layer_3,1
CAAATCTCTCACAAGG-1,Layer_6,5
CAAATGCGGAGTGTTC-1,Layer_1,2
CAAATGTCCTTCCGTG-1,Layer_5,1
CAAATTGGATTATGCC-1,Layer_1,7
CAAATTGTCAGCAAGC-1,Layer_1,2
CAACACATCTCCTGCC-1,Layer_1,3
CAACAGAATAACGCTA-1,Layer_2,3
CAACAGTGCCAAACGG-1,Layer_1,2
CAACATGGCCTGATAA-1,Layer_3,3
CAACCAGTGGCCTACC-1,Layer_5,5
CAACCGCACCTAGACA-1,Layer_3,1
CAACCTACCGAGCAGT-1,Layer_5,5
CAACGACCCGTTTACA-1,Layer_3,3
CAACGGTTCTTGATAC-1,Layer_3,1
CAACGTGGTGGAGTCT-1,Layer_4,1
CAACTATATCGAATGC-1,Layer_1,2
CAACTCCAACGTTTAG-1,Layer_1,2
CAACTCCGTAACTTGC-1,Layer_1,7
CAACTCCTTGATCCCG-1,Layer_3,3
CAACTGAGGGTATGAC-1,Layer_2,3
CAACTGCTCATCCGAT-1,Layer_6,5
CAACTTGTAGTGGGCA-1,Layer_2,3
CAAGAAACCCTAAACT-1,Layer_3,3
CAAGAGGGCGGAGTAC-1,Layer_4,1
CAAGATATTATAACGT-1,Layer_3,1
CAAGCAACGTCGGAGT-1,Layer_4,1
CAAGCACCAAATGCCT-1,Layer_2,3
CAAGCGGCACATAATT-1,Layer_5,5
CAAGGATCGCATGTTC-1,Layer_3,1
CAAGGCCAGTGGTGCA-1,Layer_5,5
CAAGGGAGTGTATTTG-1,Layer_1,3
CAAGGTCCTATAGGCT-1,Layer_2,3
CAAGTAAGTGATAGAC-1,WM,4
CAAGTGAACTTTGGTT-1,Layer_1,2
CAAGTGTGGTTGCAAA-1,Layer_3,3
CAATAAACCTTGGCCC-1,Layer_3,3
CAATACGAGAGTCTGA-1,Layer_3,3
CAATACGCTCTGAGGC-1,Layer_5,5
CAATATGTAGATTTAC-1,Layer_2,3
CAATATTCTTGACCTA-1,Layer_6,5
CAATATTGGACTAGTG-1,Layer_3,3
CAATCCATTATCCGTT-1,Layer_2,3
CAATCCCTATACCAGC-1,Layer_1,2
CAATCCTGCCGTGGAG-1,Layer_3,1
CAATGACCCTTAATTT-1,WM,5
CAATGAGGTTCGACTA-1,Layer_1,7
CAATGCGAGAAGTATC-1,Layer_5,1
CAATGGAATCTACATA-1,Layer_1,2
CAATGGATCTCTACCA-1,Layer_3,3
CAATGGTCGGCCTGGG-1,Layer_1,2
CAATGTGCCAACCCTT-1,Layer_2,3
CAATTAAGGGTGATGA-1,Layer_3,1
CAATTTCGTATAAGGG-1,Layer_3,1
CAATTTGACCGGGAAG-1,Layer_3,3
CACAAGAAAGATATTA-1,Layer_1,7
CACAATGAGCTGCTAT-1,Layer_5,1
CACACACGCTAACGAG-1,Layer_4,1
CACACAGCTTGCGCTC-1,Layer_3,1
CACACAGGGATAGATT-1,Layer_3,1
CACACGCGCTGTCTTA-1,Layer_3,3
CACACGTTTCAATGGG-1,Layer_1,2
CACACTTGTATTGCGA-1,Layer_2,3
CACAGCACCCACGGCA-1,Layer_3,1
CACAGCTAGGGAGTGA-1,Layer_3,3
CACAGGGCCATATAGT-1,Layer_5,1
CACAGGGCCGTTGTCA-1,Layer_6,5
CACAGTCCCGCTTCGC-1,Layer_5,5
CACAGTTCGCTTCCCA-1,Layer_3,1
CACATAAGGCGACCGT-1,Layer_1,2
CACATATTAGCAGGAT-1,Layer_4,1
CACATCGTGCACGCGC-1,WM,5
CACATCTCACCGACGA-1,Layer_5,5
CACATGATTCAGCAAC-1,Layer_3,1
CACATGTTTGGACATG-1,Layer_3,3
CACATTCTTTCGATGG-1,Layer_1,2
CACATTTCTTGTCAGA-1,Layer_3,1
CACCACGCCACACAGA-1,Layer_6,5
CACCAGTCAGCATGCA-1,WM,4
CACCATCGGAGGAGAC-1,Layer_1,2
CACCATGATCGCAAAG-1,Layer_1,7
CACCCAAATCTTATGT-1,Layer_3,3
CACCCACACGTCACCC-1,Layer_3,3
CACCCACGAGGCAATT-1,Layer_1,2
CACCCGGTTTGTGACT-1,Layer_6,5
CACCCTAACAAGATCT-1,Layer_5,5
CACCCTTGGTGAGACC-1,WM,5
CACCCTTTCCTCGCTC-1,Layer_2,3
CACCGATACACCGAGC-1,Layer_1,2
CACCGCCAGAAGGTTT-1,Layer_3,1
CACCGCCGACCAGCGA-1,Layer_1,2
CACCGCGTCCACTCTA-1,Layer_1,7
CACCGGAGATATCTCC-1,Layer_1,2
CACCGGGCATCACAAG-1,Layer_6,5
CACCGTATCCCATCCG-1,Layer_3,1
CACCGTTAGGGATCAC-1,Layer_6,5
CACCGTTGCGCGATAT-1,Layer_6,5
CACCTAATAGAGTCGT-1,Layer_3,1
CACCTAATCAGTTTAC-1,Layer_2,3
CACCTCGATGGTGGAC-1,Layer_2,3
CACCTCTACGAGTGTG-1,Layer_3,3
CACCTTGCGAAACTCG-1,Layer_2,3
CACCTTGGCGCCTTTG-1,Layer_3,1
CACGAAAGTTAGTCCC-1,Layer_4,1
CACGACCACAGACTTT-1,Layer_2,3
CACGACGTAATAGTAA-1,Layer_2,3
CACGACTAAAGTTCTG-1,Layer_1,2
CACGATTGGTCGTTAA-1,Layer_1,2
CACGCACAGCGCAGCT-1,Layer_3,3
CACGCAGCGAGGCTTT-1,Layer_3,1
CACGCGGAACTGTTGC-1,Layer_3,1
CACGGCGCGCCAAAGG-1,Layer_1,7
CACGGGATTGAGGGTT-1,Layer_5,5
CACGTCAATCAATGGA-1,Layer_5,5
CACGTCGGCAACCTCT-1,Layer_6,5
CACGTCGGGTTCTAGA-1,Layer_3,1
CACGTCTATGATGTGG-1,Layer_1,2
CACGTTCGTGCTCTAG-1,Layer_3,1
CACGTTTCGTACACAC-1,Layer_5,1
CACTAAAGTTGCCTAT-1,Layer_3,1
CACTACGGGAGCTGCC-1,Layer_5,1
CACTACTCAGTTCTGT-1,Layer_1,2
CACTCAAGAGCTATGG-1,Layer_4,1
CACTCAGCTCTTGAGG-1,Layer_1,2
CACTCCTATGTAAGAT-1,Layer_6,5
CACTCCTCTCGGTCGG-1,Layer_1,2
CACTCGAGCTGAACAA-1,Layer_4,1
CACTCGGTTAGGAGGA-1,Layer_5,5
CACTCTCAAGCATCGA-1,WM,4
CACTCTTCTGCTAGCC-1,Layer_5,1
CACTGACGATTGTGGA-1,WM,5
CACTGTCCAAGTGAGA-1,Layer_3,1
CACTTAATCAGACGGA-1,Layer_3,1
CACTTCGCCACAGGCT-1,Layer_3,1
CACTTCGTCTTATCTC-1,Layer_3,1
CAGAACTTAGCCCTCT-1,Layer_4,1
CAGAATAACACACGGA-1,Layer_4,1
CAGACACCGATCGCTG-1,Layer_5,5
CAGACCTGTAAGTGTT-1,Layer_2,3
CAGACGAACCTGATAC-1,Layer_5,5
CAGAGACGGTCACCCA-1,Layer_5,5
CAGAGCATGAGCTTGC-1,Layer_3,3
CAGAGGCGATGCATGA-1,Layer_6,5
CAGAGTGATTTAACGT-1,Layer_1,2
CAGATAATGGGCGGGT-1,Layer_5,5
CAGATACTAACATAGT-1,Layer_3,1
CAGATCATTTAAAGTC-1,Layer_1,7
CAGATCCTGGTTTGAA-1,WM,1
CAGCAGCCCGTTCCTT-1,Layer_3,3
CAGCAGTCCAGACTAT-1,Layer_3,1
CAGCAGTCTGTGCTGC-1,Layer_6,5
CAGCCCTCACAGGCAG-1,Layer_1,2
CAGCCGGGCCCTCTAT-1,Layer_1,2
CAGCCTCCTGCAGAGG-1,Layer_2,3
CAGCCTCTCCTCAAGA-1,Layer_1,7
CAGCGATTCCCTTCAA-1,Layer_6,5
CAGCGCCAACACGATA-1,Layer_5,5
CAGCTCACTGAGACAT-1,Layer_3,1
CAGCTCGACAAGTTAA-1,Layer_2,3
CAGCTCGTGCTTGTGT-1,Layer_3,3
CAGCTGGCGTAACCGT-1,Layer_6,5
CAGCTTAGTAGGTAGC-1,Layer_4,1
CAGGAAGACTTTATAT-1,Layer_1,2
CAGGATATATCGTTGT-1,Layer_4,1
CAGGATCCGCCCGACC-1,Layer_1,2
CAGGCAGTCTTACCAG-1,Layer_6,5
CAGGCCGTTTGGGTGT-1,Layer_4,1
CAGGCGCACGGTGGTC-1,WM,5
CAGGCGCCATGCTAGG-1,Layer_4,1
CAGGTTTAGTACTACA-1,Layer_1,7
CAGTAACTATTTATTG-1,Layer_1,7
CAGTAATCCCTCCCAG-1,Layer_3,1
CAGTACATTCTCTAAA-1,Layer_1,7
CAGTACCAGTTTACGT-1,Layer_6,5
CAGTAGATGATGTCCG-1,Layer_3,1
CAGTAGCCCACGCGGT-1,Layer_2,3
CAGTAGCGAGGTAGTA-1,Layer_2,3
CAGTCCAACGCCTTCT-1,Layer_2,3
CAGTCGAGGATGCAAT-1,Layer_1,7
CAGTCGGCCTAGATAT-1,Layer_6,5
CAGTCTCTCGGCTAAT-1,Layer_2,3
CAGTCTGTATACTGGG-1,Layer_4,1
CAGTGAATAAATGACT-1,Layer_2,3
CAGTGGTTGCACATGA-1,Layer_3,1
CAGTGTCCGCAGAATG-1,Layer_3,3
CAGTGTCGGCTGGCCC-1,Layer_4,1
CAGTTCAAATTGACAC-1,Layer_3,1
CAGTTCCGCGGGTCGA-1,Layer_3,1
CAGTTCGAGGACCCGA-1,WM,4
CATAACGGACAGTCGT-1,Layer_3,3
CATAAGAAGCTTGGCT-1,Layer_5,5
CATAAGCTCTCCGTCT-1,Layer_6,5
CATAATGAGCGGGCGA-1,Layer_1,2
CATACAAAGCCGAACC-1,Layer_3,3
CATACACGGTTCCCAC-1,Layer_6,5
CATACCCGTACCCAGT-1,Layer_5,5
CATACGAACTAGCTGG-1,WM,4
CATACGGCGTCTGGGC-1,Layer_3,1
CATACGGGTGCATGAT-1,Layer_3,3
CATACTATGTAATTGT-1,Layer_4,1
CATACTTAGGCAATAC-1,Layer_3,3
CATACTTCTTTCTCCG-1,WM,4
CATAGAGGAGATACTA-1,Layer_6,5
CATAGCCGCCCGGGAT-1,Layer_4,1
CATAGCGTTGCCCACC-1,Layer_6,5
CATAGTACATTGAGAG-1,Layer_1,2
CATAGTAGCATAGTAG-1,Layer_3,1
CATAGTCAAATACATA-1,Layer_5,5
CATAGTCCACAAGAAC-1,Layer_5,5
CATATACTACTGATAA-1,Layer_1,7
CATATAGGTACAGTCA-1,Layer_5,1
CATATGTCAGGCTACG-1,Layer_6,5
CATATTATTTGCCCTA-1,Layer_1,2
CATCAAACTGGCGCCC-1,Layer_1,7
CATCAACACCTACTAA-1,Layer_3,1
CATCATCTACCCGGAC-1,Layer_1,2
CATCATTACCCTGAGG-1,Layer_4,1
CATCCCGAGATTCATA-1,Layer_5,5
CATCCGCAGGCCCGAA-1,Layer_3,1
CATCCTCTCAAAGATC-1,Layer_4,1
CATCGAATGGATCTCT-1,Layer_2,3
CATCGCCCGCGGCCAA-1,Layer_3,3
CATCGGACGGGTTAAT-1,Layer_4,1
CATCGTCCGGTTACTA-1,Layer_4,1
CATCTACCCGAGAACG-1,Layer_2,3
CATCTATCCCGTGTCT-1,Layer_1,7
CATCTGCAGGATCATT-1,Layer_5,1
CATCTTACACCACCTC-1,Layer_3,3
CATGAACCGACATTTG-1,Layer_3,3
CATGAACCTCTTATCA-1,Layer_1,2
CATGACTTCGCTGAAT-1,Layer_3,3
CATGAGATGCACTCTC-1,Layer_5,5
CATGATACGGTGAAAC-1,WM,5
CATGATCGCTTTGAGA-1,Layer_5,5
CATGATGCACAATTCT-1,Layer_3,3
CATGATGGAAGTTAGC-1,Layer_3,1
CATGCACGTGTTACTG-1,Layer_1,3
CATGCATGGAGACCCT-1,Layer_1,2
CATGCCAACTCGCAAA-1,Layer_6,5
CATGCGACCAGTTTAA-1,Layer_1,7
CATGCGTTAGACAGAA-1,Layer_2,3
CATGCTGGCTCCAATT-1,Layer_1,2
CATGGAAATGGGACCA-1,Layer_1,3
CATGGATTGTCTTCCG-1,Layer_4,1
CATGGCAGGAAGATCG-1,Layer_3,3
CATGGCTCCCTATGTC-1,Layer_5,1
CATGGGTATGCCTTAT-1,Layer_5,5
CATGGGTCGGGTGTGG-1,Layer_1,2
CATGGTAAGTAGCGTT-1,Layer_4,1
CATGGTCTAGATACCG-1,Layer_3,3
CATGGTTTATTAATCA-1,Layer_6,5
CATGTAAGAGACATTT-1,Layer_4,1
CATGTAGGAGCGCCAA-1,Layer_1,7
CATGTCTCATTTATGG-1,Layer_4,1
CATGTGGGCTCATCAC-1,Layer_6,5
CATTACATAGATTGTG-1,Layer_1,7
CATTACGCAGGAAGGG-1,Layer_6,5
CATTACGTCGGCCCGT-1,Layer_2,3
CATTATAACAGGGTCC-1,Layer_1,2
CATTATCCCATTAACG-1,WM,4
CATTATGCTTGTTGTG-1,Layer_3,1
CATTCACTGACAGCTA-1,Layer_1,2
CATTCAGGTCAGTGCG-1,Layer_2,3
CATTCCCATTCCGTCG-1,Layer_1,3
CATTCCCTAAGTACAA-1,Layer_3,1
CATTGATGAACACGCC-1,Layer_1,7
CATTGCAAAGCATAAT-1,Layer_1,2
CATTGCGAAATGGGCG-1,Layer_5,5
CATTGCGGGTCAATTC-1,Layer_1,7
CATTGTGTGCTAGATC-1,Layer_3,1
CATTTAGCGGACCATG-1,Layer_2,3
CATTTATCGTTCAAGA-1,Layer_1,2
CATTTCTAGCAGACTA-1,Layer_3,1
CATTTGAGTGGTACGT-1,Layer_5,5
CCAAACAGAACCCTCG-1,Layer_3,1
CCAAAGCAGTTGGTTG-1,Layer_3,1
CCAAAGTCCCGCTAAC-1,Layer_1,2
CCAAATAACAAGATTC-1,Layer_3,1
CCAACCTTATGTAACT-1,WM,4
CCAACGATGCACTGAT-1,Layer_4,1
CCAACGCTTGCCAGGG-1,Layer_1,7
CCAAGAAAGTGGGCGA-1,Layer_5,5
CCAAGACTTCTGCGAA-1,Layer_3,3
CCAAGCGTAACTCGTA-1,Layer_3,1
CCAAGCTTGATCTCCT-1,Layer_1,3
CCAAGGAACAGAGAGG-1,Layer_3,3
CCAAGGTTGCCCTTTC-1,Layer_6,5
CCAAGTTTCTACAGAT-1,Layer_3,1
CCAATAGATTTCATCT-1,Layer_5,5
CCAATAGTGCCGTCGA-1,Layer_4,1
CCAATCGGTAGATCGA-1,Layer_1,2
CCAATGTCACAGCAAG-1,Layer_4,1
CCAATTACGGGTCGAG-1,Layer_1,2
CCAATTGAATGTTAAT-1,Layer_3,1
CCACAATGTACGTCTT-1,Layer_3,3
CCACACTGAGATATTA-1,Layer_4,1
CCACAGCTGAAATCAT-1,Layer_3,3
CCACAGTACCCATCCT-1,Layer_3,1
CCACATACTGCACCCA-1,Layer_3,1
CCACCAACTTTACTGT-1,Layer_6,5
CCACCCAAGGAAAGTG-1,Layer_3,1
CCACGAATTTAACCTC-1,Layer_3,3
CCACGAGAAGAGAATC-1,Layer_1,7
CCACGGAGCCATAAGA-1,Layer_6,5
CCACGGTGCCCGGTAG-1,Layer_3,3
CCACTAAACTGAATCG-1,Layer_2,3
CCACTATCCGGGTCAC-1,Layer_1,7
CCACTCAGATCCGCAA-1,Layer_6,5
CCACTGGTGGCTGGTT-1,Layer_5,5
CCACTGTTTGGATTAA-1,Layer_4,1
CCAGAAACTGATGCGA-1,Layer_5,5
CCAGAAAGCAACTCAT-1,Layer_6,5
CCAGAGACAAAGCCGG-1,Layer_3,1
CCAGATAGTTGAGTGA-1,Layer_3,3
CCAGATGTAAATGGGT-1,Layer_1,7
CCAGCCTGGACCAATA-1,Layer_3,1
CCAGCTACGCCTCATA-1,Layer_3,3
CCAGCTCGAACGCATT-1,Layer_6,5
CCAGCTGATGGTACTT-1,Layer_5,5
CCAGCTTCCGCCCGCA-1,Layer_4,1
CCAGGGACGTGGCCTC-1,Layer_3,1
CCAGTAGTCTGATCCA-1,Layer_2,3
CCAGTCAAATCTCTTA-1,Layer_6,5
CCAGTCCATTATTCGA-1,Layer_3,3
CCAGTCTAGACGGCGC-1,Layer_2,3
CCAGTCTTGTCATAGA-1,Layer_6,5
CCAGTTCGGTAACTCA-1,Layer_6,5
CCATAAACAACCCGAC-1,Layer_1,2
CCATACCTTTACTTGT-1,Layer_2,3
CCATACTCGCCTCTCC-1,Layer_5,5
CCATAGGTTGGCGTGG-1,Layer_2,3
CCATAGTCAGTAACCC-1,Layer_3,1
CCATATGGAAACTATA-1,Layer_4,1
CCATATTGGATCATGA-1,Layer_3,1
CCATCATAAGAACAGG-1,Layer_3,3
CCATCCATACCAAGTC-1,Layer_3,3
CCATCGCAGTTAAACT-1,Layer_5,5
CCATCTCACCAGTGAA-1,Layer_3,3
CCATCTTGTTCACAAT-1,Layer_2,3
CCATGCCCTAGATTTC-1,Layer_4,1
CCATGCCTGTTTAGTA-1,Layer_3,1
CCATGCTCTGCAGGAA-1,Layer_3,1
CCATGGCCCTTGTACC-1,Layer_5,5
CCATTAGCGATAATCC-1,Layer_3,1
CCATTCCCTGCCCACA-1,Layer_4,1
CCATTTCTACCTATTA-1,Layer_5,5
CCCAAACATGCTGCTC-1,Layer_3,3
CCCAACATACGTCGCG-1,Layer_5,5
CCCAACCACACTAACA-1,Layer_1,2
CCCAAGAATGCACGGT-1,Layer_1,2
CCCAAGACAGAGTATG-1,Layer_1,2
CCCAAGTCATTACACT-1,Layer_6,5
CCCAATGAGATTTGCA-1,WM,5
CCCAATTTCACAACTT-1,Layer_5,5
CCCAGAGGAGGGCGTA-1,Layer_1,7
CCCAGGAAGAATTCGA-1,WM,5
CCCAGGTCTGAAGGCT-1,Layer_3,1
CCCAGTAAACTTGGGA-1,WM,5
CCCAGTTAAGGCGCCG-1,Layer_3,1
CCCATATAGGTCGATT-1,Layer_5,5
CCCGAAGTTTCGCGAA-1,Layer_6,5
CCCGACCATAGTCCGC-1,Layer_2,3
CCCGAGTTTCTCCGTA-1,Layer_3,1
CCCGCAGCGCGAACTA-1,Layer_5,1
CCCGCAGGGCCCAAAG-1,Layer_1,2
CCCGCCATGCTCCCGT-1,Layer_3,1
CCCGCGCAATGCACCC-1,Layer_3,1
CCCGCTAGAGGGTTAA-1,Layer_1,2
CCCGCTTGCCCTCGTC-1,Layer_1,2
CCCGGGTCGTTCAGGG-1,WM,5
CCCGGTGGAAGAACCT-1,Layer_4,1
CCCGGTGTATCGGAAT-1,WM,1
CCCGTAAGTCTAGGCC-1,Layer_5,5
CCCGTAGCTGGGAAGA-1,Layer_6,5
CCCGTCAGCGTCTGAC-1,Layer_3,1
CCCGTGAGGGCGGTGA-1,Layer_6,5
CCCGTTTCGCAGATGT-1,Layer_3,1
CCCTACCCACACCCAG-1,Layer_6,5
CCCTACTTGAACAATG-1,Layer_6,5
CCCTAGTGTCAGGTGT-1,Layer_3,3
CCCTATGTAGAGCAGA-1,WM,4
CCCTCAAGCTCTTAGT-1,Layer_4,1
CCCTCATTCTGGAATT-1,Layer_3,3
CCCTCCTCGCTCGTAT-1,Layer_3,1
CCCTCGATAATACACA-1,WM,4
CCCTCGGGAGCCTTGT-1,Layer_1,2
CCCTGAAATGAGTTGA-1,Layer_3,1
CCCTGACTAACAAATT-1,Layer_5,5
CCCTGATGTAACTCGT-1,Layer_3,1
CCCTGCCCAATCCGCT-1,Layer_5,5
CCCTGCGCTACGCATA-1,Layer_5,5
CCCTGGTATGGGCGGC-1,Layer_1,2
CCCTGTTGGCAAAGAC-1,Layer_3,1
CCCTTCTCGTACGCGA-1,Layer_1,2
CCCTTTAATGGAGTTC-1,Layer_5,5
CCCTTTGACAGGTCTT-1,Layer_5,5
CCGAAAGTGGTGAGCA-1,Layer_3,1
CCGAACACTGGGCCTC-1,Layer_6,5
CCGAACCTTCCCGGCC-1,Layer_5,1
CCGAAGTATATTGTTC-1,Layer_3,1
CCGACAAACACATGAG-1,Layer_3,1
CCGACAAAGGGAGTGC-1,Layer_5,5
CCGACAATAGGCCGCC-1,Layer_4,1
CCGACGGGCATGAGGT-1,WM,5
CCGACGTAAACACAAC-1,Layer_1,7
CCGACTCGCATAGTCT-1,Layer_1,2
CCGAGAAGTCGCATAA-1,Layer_3,1
CCGAGCTGTGCTTGTC-1,Layer_1,7
CCGAGGGATGTTAGGC-1,Layer_1,2
CCGATCTCAACCTTAT-1,Layer_3,3
CCGATCTTAAGAGGCT-1,Layer_2,3
CCGATTCGAGGGACCC-1,Layer_5,5
CCGATTGGTCAATGAA-1,Layer_2,3
CCGCACAAAGACCAAC-1,Layer_3,1
CCGCACGTGACCTCGG-1,Layer_4,1
CCGCACTTGCAATGAC-1,Layer_6,5
CCGCATGTGGTACGAT-1,Layer_5,5
CCGCCACCACAATCCA-1,Layer_1,2
CCGCCGGTCAACACAC-1,Layer_2,3
CCGCCGTTGAGGATAA-1,Layer_3,3
CCGCCTGCGAATTGGT-1,Layer_1,7
CCGCCTTGCGATGTCG-1,Layer_6,5
CCGCGATTTGGTAGGT-1,Layer_5,5
CCGCGGAATGCGTCAC-1,Layer_5,5
CCGCGGGTACGAAGAA-1,Layer_4,1
CCGCGTAGGTAAGGGC-1,Layer_4,1
CCGCTATCAGCACCAG-1,Layer_4,1
CCGCTCCAGGGCGATC-1,WM,5
CCGCTCTTCCGAACTA-1,Layer_5,5
CCGCTGGTGCCATTCA-1,Layer_1,2
CCGCTTACCTCACTCT-1,Layer_5,5
CCGCTTCGCGGTTAAC-1,Layer_1,2
CCGCTTGCTGACATGG-1,Layer_1,7
CCGGAATGGTTTCAGT-1,Layer_3,1
CCGGAGCGTACTTTCT-1,Layer_6,5
CCGGAGGTCTTATGGT-1,Layer_1,7
CCGGCACGACCGTTTC-1,Layer_2,3
CCGGCGCATATTGGAT-1,Layer_2,3
CCGGCGTGAGACTCTG-1,Layer_6,5
CCGGGACCCGCAGAGA-1,Layer_3,3
CCGGGCGGTCTCGTCA-1,Layer_3,3
CCGGGCTGCTCCATAC-1,Layer_3,3
CCGGGTTCGAGGTTAC-1,Layer_5,5
CCGGTAATGGCTAGTC-1,Layer_3,3
CCGGTTTGTAATTGTG-1,Layer_6,5
CCGTAAGTTGGTCCCA-1,Layer_3,3
CCGTACCCAAGCGCCA-1,Layer_3,3
CCGTAGGAAATCCCTG-1,Layer_5,5
CCGTAGGGTTGTTTAC-1,Layer_5,1
CCGTATCTCGTCGTAG-1,WM,5
CCGTATTAGCGCAGTT-1,Layer_1,7
CCGTGAGGCATTCATG-1,Layer_2,3
CCGTGCCCATGACGGC-1,Layer_2,3
CCGTGGAACGATCCAA-1,Layer_1,7
CCGTGTTAAATTCCAT-1,Layer_5,5
CCGTTACGTTAGAACA-1,Layer_1,2
CCGTTCCGAATCTCGG-1,Layer_5,5
CCTAAACAGGGTCCGT-1,Layer_1,2
CCTAAAGGCTGACGCT-1,Layer_1,2
CCTAAATTAACGGTTC-1,Layer_4,1
CCTAAATTGTATCCTA-1,Layer_3,1
CCTAACCCAAACAAGT-1,Layer_4,1
CCTAACTAAGGCTCTA-1,Layer_1,2
CCTAAGTGTCTAACCG-1,Layer_1,3
CCTACAAGTCCGGAAT-1,Layer_1,7
CCTACAGTTGAGGGAG-1,WM,5
CCTACATTCACAGACG-1,Layer_6,5
CCTACGCGACCTTACA-1,Layer_1,3
CCTACGGCTCAGTCGA-1,Layer_3,1
CCTACTCAACACGATT-1,Layer_5,5
CCTACTGCGGCGGCCA-1,Layer_1,7
CCTACTGCTTACACTT-1,Layer_3,1
CCTAGGCGTAGCGATC-1,Layer_3,3
CCTAGGTAAAGGTAGC-1,WM,5
CCTAGTTAGTCGCATG-1,Layer_1,2
CCTATAATGAGTGCCC-1,Layer_5,5
CCTATACCGTCCTGTC-1,Layer_6,5
CCTATATTTGTCCTGG-1,Layer_6,5
CCTATCTATATCGGAA-1,Layer_1,3
CCTATGAAGTGGTGCC-1,Layer_3,3
CCTATGGCTCCTAGTG-1,WM,4
CCTATGGGTTACCGTC-1,Layer_3,3
CCTATGGTCAAAGCTG-1,Layer_6,5
CCTATGTCCACTCCAC-1,Layer_5,5
CCTCACCAATCTTGAC-1,Layer_3,1
CCTCACCTGAGGGAGC-1,Layer_1,7
CCTCACCTTAGCATCG-1,Layer_2,3
CCTCATGCAGCTACGA-1,Layer_3,3
CCTCCCGACAATCCCT-1,Layer_1,2
CCTCCGACAATTCAAG-1,Layer_4,1
CCTCCTGAGCCCACAT-1,Layer_5,5
CCTCCTGTTGTGTCGT-1,Layer_5,5
CCTCGAAGTGGACGGG-1,Layer_1,2
CCTCGACCCACTGCCT-1,Layer_1,2
CCTCGCCAGCAAATTA-1,Layer_2,3
CCTCGCGCGATATAGG-1,Layer_1,7
CCTCGCGCTGTGCGAT-1,Layer_6,5
CCTCGGACCGGGATAG-1,Layer_3,1
CCTCGGATGCTACCTG-1,Layer_5,5
CCTCGGTTTCCTTGCC-1,WM,4
CCTCGTTACGCCTGTT-1,Layer_2,3
CCTCTAATCTGCCAAG-1,Layer_3,3
CCTCTATCGATTAGCA-1,Layer_6,5
CCTCTCTCCCATCTAG-1,Layer_4,1
CCTCTGGCCTAGACGG-1,Layer_1,2
CCTCTGTACTATTCTA-1,Layer_5,5
CCTGAACGATATATTC-1,Layer_3,3
CCTGAATATTTACATA-1,Layer_3,3
CCTGACAAACTCGCGC-1,Layer_4,1
CCTGACCACCGATGGT-1,Layer_4,1
CCTGACGCAACCTTTA-1,Layer_1,2
CCTGAGAATAAATGCA-1,WM,4
CCTGCCCGTTGTCTAG-1,Layer_5,5
CCTGCGATAGAACTGT-1,Layer_3,3
CCTGCGTTCTACGCTT-1,Layer_5,5
CCTGCTATTTGAGAAG-1,Layer_3,1
CCTGGAAACGTTCTGC-1,Layer_3,3
CCTGGCTAGACCCGCC-1,Layer_3,1
CCTGGTCGAATGTGGG-1,Layer_6,5
CCTGTAAGACATGATA-1,Layer_4,1
CCTGTACTCACGCCCA-1,Layer_5,5
CCTGTCACCCGGGCTC-1,Layer_3,1
CCTGTCCCTCACGTTA-1,Layer_2,3
CCTGTCGCCCGTAAAT-1,Layer_3,1
CCTGTGAAACCGTAAC-1,Layer_5,5
CCTGTGCATAGGAGAC-1,Layer_2,3
CCTGTGCGGATTGTAA-1,Layer_2,3
CCTGTTCAACCTCGGG-1,WM,4
CCTGTTTGAAGACACG-1,Layer_5,1
CCTTAAGTACGCAATT-1,Layer_6,5
CCTTCAGTTAAAGTGA-1,WM,5
CCTTCGTATAGAATCC-1,WM,5
CCTTCTCAGCGTTCCT-1,Layer_6,5
CCTTCTTGATCCAGTG-1,Layer_2,3
CCTTGACCACTTTATT-1,Layer_4,1
CCTTTAAGGGAGCACT-1,Layer_6,5
CCTTTCAATGAAGAAA-1,Layer_1,7
CGAAACATAGATGGCA-1,Layer_1,2
CGAAACGCAATTCATG-1,Layer_5,5
CGAACAGTATGGGCGT-1,Layer_4,1
CGAACATAGTCAGAAA-1,Layer_2,3
CGAACCCGCATGCGTC-1,Layer_5,5
CGAACGCCCAGTGCCG-1,Layer_1,2
CGAACGGCCGGACAAC-1,Layer_6,5
CGAAGACGGTGAGTGC-1,Layer_5,5
CGAAGACTGCCCGGGA-1,Layer_1,2
CGAAGATCAGTTTCAT-1,WM,5
CGAAGCTATAAATTCA-1,Layer_1,7
CGAAGTTGCTCTGTGT-1,Layer_4,1
CGAATCTGCTCGACGC-1,WM,4
CGAATGACGCATAATG-1,Layer_6,5
CGAATTACATGGTGTT-1,Layer_2,3
CGACAATTTGATCTAA-1,Layer_3,1
CGACACCGCTTAAGGA-1,Layer_2,3
CGACACGCTCCGACAG-1,Layer_3,1
CGACACGGATGCCCAC-1,Layer_3,3
CGACAGTTCGCGTTAT-1,Layer_4,1
CGACATGCGATCTTCT-1,Layer_1,2
CGACCCTTAACGCCGG-1,Layer_6,5
CGACGCATCCGTACCT-1,WM,5
CGACTCAGGATGTTAT-1,Layer_1,2
CGACTCGGTACACGGT-1,Layer_2,3
CGACTTTGTATAGCCT-1,Layer_2,3
CGAGACCCTAGAGTGT-1,Layer_4,1
CGAGACTACTGCTGCT-1,Layer_6,5
CGAGAGATGTGAACCT-1,Layer_3,3
CGAGAGCGCGTAGATA-1,Layer_6,5
CGAGAGCTTTCACTAC-1,Layer_5,5
CGAGAGGGTAGCCGCG-1,Layer_4,1
CGAGATGTTGCCTATA-1,Layer_1,2
CGAGATTTCGCTCGGG-1,Layer_3,3
CGAGCACTTCAAGTTT-1,Layer_3,1
CGAGCCGAGCACTCGA-1,Layer_3,1
CGAGCGTTGATCAGCC-1,Layer_3,3
CGAGCTGGGCTTTAGG-1,Layer_2,3
CGAGGAGCTTCCATAT-1,Layer_1,7
CGAGGATCGGGAACGA-1,Layer_1,7
CGAGGCCAGGCATTGG-1,Layer_3,1
CGAGGCTAAATATGGC-1,Layer_3,3
CGAGGGACTGCGGTCG-1,Layer_3,1
CGAGGGTATCCAGGTG-1,Layer_6,5
CGAGTACTAAAGAGGA-1,Layer_5,5
CGAGTGAAGGTACCAG-1,WM,5
CGAGTGCTATAGTTCG-1,Layer_3,3
CGAGTTCTGTCCCACC-1,Layer_2,3
CGAGTTTATCGGACTG-1,Layer_3,3
CGATAACCAATTTGAG-1,Layer_3,3
CGATAATACTCAGGTT-1,Layer_3,3
CGATACCTCGCGGACA-1,Layer_4,1
CGATAGTCGTACTGCA-1,Layer_6,5
CGATATTAGCCGCAGG-1,Layer_2,3
CGATCATTAGAGGCAC-1,Layer_1,7
CGATCCACCATTGTTG-1,WM,4
CGATCCGACCCAGTGC-1,Layer_4,1
CGATCCTCGCAACATA-1,WM,4
CGATCGAGAAGCACCA-1,WM,5
CGATCTGTTGGAGGAC-1,Layer_6,5
CGATGGACCCTACGCC-1,Layer_1,7
CGATTAAATATCTCCT-1,Layer_5,5
CGATTCGCCTGGCTGC-1,Layer_5,5
CGCAAACACGAGTTAC-1,Layer_3,1
CGCAATCGATCATTAG-1,Layer_5,1
CGCAATTACTTTCGGT-1,Layer_3,1
CGCAATTAGGGTAATA-1,Layer_3,1
CGCAATTCTACAATAA-1,Layer_3,1
CGCACATGTCCACTAC-1,Layer_3,1
CGCACGTCTGTTTATG-1,WM,4
CGCACGTGCGCTATCA-1,Layer_3,3
CGCAGAAACATTTGCG-1,Layer_1,2
CGCAGATCTTCACCCG-1,Layer_1,7
CGCAGGCGATCCAAAC-1,Layer_4,1
CGCATCATGGCTTCAG-1,Layer_1,2
CGCATCCATCAGCCAG-1,Layer_1,7
CGCATGCCGAATGCGT-1,Layer_6,5
CGCATGGTGCGATGCT-1,Layer_3,1
CGCATTAGCTAATAGG-1,Layer_3,1
CGCCAAGAAGCCGAGT-1,Layer_5,5
CGCCACAGGTCGCGAT-1,WM,5
CGCCACCCGCATTAAC-1,Layer_3,3
CGCCATCCGATTATGA-1,Layer_2,3
CGCCCAGCACGCCTAG-1,Layer_6,5
CGCCCAGCGTTTCACG-1,Layer_5,5
CGCCCGCTTCCGTACA-1,Layer_1,2
CGCCCTTACATCCACC-1,Layer_2,3
CGCCCTTGAAGGCTGA-1,Layer_3,1
CGCCGACTATTCGCTA-1,Layer_5,5
CGCCGCCCATGCCTGT-1,Layer_3,1
CGCCGCGTTCTGAACG-1,WM,4
CGCCGGTGTCGCAGTA-1,Layer_3,3
CGCCGTTCAGCATAGT-1,Layer_5,1
CGCCTCCCTCCTCTAT-1,Layer_4,1
CGCCTGGCCTACGTAA-1,Layer_5,5
CGCCTTTAGCATGCTC-1,Layer_3,3
CGCGAAGTGGCATACT-1,Layer_5,5
CGCGACACTGCGCAGC-1,Layer_4,1
CGCGACCGCGACAGAT-1,Layer_5,5
CGCGAGAGGGACTTGT-1,Layer_1,7
CGCGAGTCTGCCGGGT-1,WM,5
CGCGCAAATGTCCAGA-1,WM,1
CGCGCAAGGAACTACA-1,Layer_2,3
CGCGCATGTTTGATTG-1,Layer_5,5
CGCGCCCGACTTAATA-1,Layer_2,3
CGCGGCAGTATTACGG-1,Layer_3,1
CGCGGCTCAACTTGAA-1,Layer_3,1
CGCGGGAATTAGGCAG-1,Layer_3,3
CGCGGGAATTCCTTTC-1,Layer_6,5
CGCGGTAAGTCTAGCT-1,Layer_1,7
CGCGGTACGGTATACA-1,Layer_5,5
CGCGGTCACAAACCAA-1,Layer_1,7
CGCGTACATTCTGGAA-1,Layer_3,3
CGCGTCATATTAAACC-1,Layer_1,2
CGCGTGCTATCAACGA-1,Layer_1,2
CGCGTTCATGAAATAC-1,Layer_3,1
CGCTACCGCCCTATGA-1,Layer_1,2
CGCTACGGGACATTTA-1,Layer_4,1
CGCTAGAGACCGCTGC-1,Layer_3,3
CGCTATACCGCCCACT-1,Layer_3,3
CGCTATCGTGGCTTTA-1,Layer_3,3
CGCTATTCAATGTATG-1,Layer_3,1
CGCTATTCTTAGGCTC-1,Layer_3,1
CGCTCGACATAATGAT-1,Layer_3,1
CGCTCTCCGTAGATTA-1,Layer_4,1
CGCTGAGGACGTCCAA-1,Layer_1,2
CGCTGGTGACTACCCT-1,Layer_3,1
CGCTGTGACGCCGCAC-1,Layer_3,1
CGCTGTGTGGATGTTG-1,WM,5
CGCTTAGTATTGATAC-1,WM,4
CGCTTATTCCCGGTCG-1,Layer_5,5
CGCTTCCACTGAAATC-1,Layer_3,1
CGCTTCGGTCTAAGAC-1,Layer_5,5
CGCTTGGACGGATAGA-1,Layer_5,5
CGCTTTCATACCGGTG-1,Layer_3,3
CGCTTTCCGCCAAGGT-1,Layer_6,5
CGCTTTCTTGCATTCG-1,Layer_3,3
CGGAAAGAATCAAACG-1,Layer_6,5
CGGAAAGCAAATGTGC-1,Layer_3,1
CGGAAATTTCACATCC-1,Layer_1,2
CGGAACGTAAACATAG-1,Layer_5,5
CGGACCTTTACGTCCC-1,WM,5
CGGACGTTACTTGAAG-1,Layer_6,5
CGGAGCAATTTAATCG-1,Layer_5,5
CGGAGCATGGCGATCC-1,Layer_3,1
CGGAGCTTATAACACC-1,Layer_1,2
CGGAGTCCTAACCTGG-1,Layer_3,3
CGGAGTTTGAGAGACA-1,Layer_4,1
CGGATAAGCGGACATG-1,Layer_3,1
CGGATCCTCAAGGACT-1,Layer_5,5
CGGCAAACATCGTGCG-1,Layer_5,5
CGGCAATAAGATCGCC-1,Layer_4,1
CGGCACCGTTAGCGCC-1,Layer_1,2
CGGCACTCAAGAAAGT-1,Layer_3,3
CGGCAGGGTCGGGTTG-1,Layer_3,3
CGGCCACGCACAAAGT-1,Layer_3,1
CGGCCAGAGCGACCAT-1,WM,4
CGGCCCAACCTGTAGT-1,Layer_1,7
CGGCCCAGGTATATCC-1,Layer_3,1
CGGCGCCATCAATCCC-1,Layer_5,5
CGGCTCTAAAGCTGCA-1,Layer_3,1
CGGCTCTTCGTCGAAC-1,Layer_1,2
CGGCTGAAGGTTACGC-1,Layer_3,3
CGGCTGCAAGATTAAG-1,Layer_1,2
CGGCTTTGTATGATAA-1,Layer_1,2
CGGGAATATAGTATAC-1,Layer_3,1
CGGGAATTTATGTAAA-1,Layer_4,1
CGGGAGCTTCAGTGTA-1,Layer_4,1
CGGGAGTATACCGCCG-1,Layer_3,1
CGGGATCAATGTAAGA-1,Layer_3,3
CGGGCAGCTAAACCGC-1,Layer_3,1
CGGGCCATAGCCGCAC-1,Layer_3,1
CGGGCCTTCTTTGTAA-1,Layer_4,1
CGGGCGATGGATCACG-1,Layer_6,5
CGGGCTACTTAAATTG-1,Layer_3,3
CGGGTGTACCCATTTA-1,Layer_3,3
CGGGTTCGGCACGTAT-1,Layer_2,3
CGGGTTGTAGCTTTGG-1,Layer_2,3
CGGGTTTGTTAGGGCT-1,Layer_4,1
CGGTACTAGAATCAAA-1,Layer_3,1
CGGTAGAGGTGCAGGT-1,Layer_1,2
CGGTATAGGTATTAGC-1,Layer_1,7
CGGTATGGGCACTCTG-1,WM,5
CGGTCAAGTGGGAACC-1,Layer_3,3
CGGTCCATGAGACTCC-1,Layer_1,7
CGGTCCGTCGCAAGCC-1,WM,5
CGGTCTATCAACCCGT-1,Layer_1,2
CGGTGAAGACTAAAGT-1,Layer_5,5
CGGTGCAGATAGAACG-1,Layer_5,5
CGGTGCGCGTTGGTCC-1,Layer_5,5
CGGTGGGCTCCAGCCT-1,Layer_1,7
CGGTGTACTTGATCCC-1,Layer_3,1
CGGTTATCCAACAGTG-1,Layer_2,3
CGGTTCAAGTAGGTGT-1,Layer_1,7
CGGTTCCGGCTTCTTG-1,Layer_3,3
CGGTTGACCTGGCATA-1,Layer_5,5
CGGTTGAGTATCCTTC-1,WM,4
CGGTTGGGCAGGGTCC-1,WM,5
CGGTTGGGTTCAAGTT-1,Layer_1,2
CGGTTTATGAAGGAAC-1,Layer_1,7
CGTAAACGCTTGAGTG-1,Layer_3,3
CGTAACGGAACGATCA-1,Layer_3,3
CGTAACTTCGACACTT-1,WM,4
CGTAATAATTACGAGT-1,Layer_3,1
CGTACCGAAAGTCTAG-1,Layer_3,1
CGTACCTGATAGGCCT-1,Layer_3,3
CGTAGAGAGTAATTAT-1,Layer_6,5
CGTAGCGAATTGTCAG-1,Layer_1,2
CGTAGCGCCGACGTTG-1,Layer_1,2
CGTATTAAGAGATCTA-1,Layer_3,1
CGTCAAATGGTCGCAG-1,Layer_1,7
CGTCAAGGCTATAAAT-1,Layer_5,5
CGTCAATCTTTAACAT-1,Layer_3,1
CGTCACGTCCATTGGT-1,Layer_5,5
CGTCAGCTATTTACTC-1,Layer_3,1
CGTCAGTGCGCACAAG-1,Layer_2,3
CGTCAGTTTATCGTCT-1,Layer_1,2
CGTCATACCATATCCA-1,Layer_3,1
CGTCCAGATGGCTCCA-1,Layer_3,1
CGTCGCATGTGAGCCA-1,Layer_6,5
CGTCGCGGCGGGATTT-1,Layer_3,1
CGTCGCTTGGTTATAC-1,WM,4
CGTCGGATAGTGTTGA-1,Layer_3,3
CGTCGGGTCTAAGCGC-1,WM,1
CGTCGTCCTTCGCGAA-1,Layer_5,5
CGTCTCTCGCCGAGGC-1,Layer_3,3
CGTCTGGAAGGGCCCG-1,Layer_2,3
CGTCTTGAGTGTGACG-1,,3
CGTGAAGTTAATTCAC-1,Layer_4,1
CGTGACATTGGGTCGT-1,Layer_1,2
CGTGACCAGTCCTCTG-1,Layer_6,5
CGTGCACACCACTGTA-1,Layer_6,5
CGTGCAGACTGGGACA-1,Layer_3,1
CGTGCATTGTCGACGC-1,Layer_5,5
CGTGCCCGACATTTGT-1,Layer_1,2
CGTGCCCTCCCGAAGA-1,Layer_3,1
CGTGCTGGCCTAGTCG-1,Layer_3,3
CGTGCTTCTACCTAAA-1,WM,4
CGTGGCCGAATATCTA-1,Layer_3,1
CGTGGTACCCAAAGGC-1,WM,4
CGTGTATGGGAGCTGA-1,Layer_5,5
CGTGTCCCATTCGCGA-1,Layer_3,1
CGTGTCTCGTTACGAC-1,WM,5
CGTGTGTTAAACCCTG-1,Layer_1,3
CGTTAAACTAGTTAGG-1,Layer_3,1
CGTTAATGTCCCGACG-1,Layer_5,5
CGTTAGCTCACAACTG-1,Layer_1,2
CGTTCAAGGAAACGGA-1,WM,4
CGTTCAGACCCGCGAA-1,Layer_6,5
CGTTCATGGTGCGCGT-1,Layer_6,5
CGTTCTTCGCACACCT-1,Layer_1,7
CGTTGAATACCGCGCT-1,Layer_5,5
CGTTGAGCGACCGTCG-1,Layer_4,1
CGTTGAGTAATTGCGT-1,Layer_1,7
CGTTGCCCGCGTGGGA-1,WM,4
CGTTGTAAACGTCAGG-1,Layer_3,1
CGTTGTAAGATTGATT-1,Layer_1,7
CGTTGTCGGCAATTGA-1,Layer_6,5
CGTTGTTTCAATTCCC-1,Layer_4,1
CGTTTAAGCGGAGCAC-1,Layer_1,3
CGTTTACAAGGCAGCT-1,Layer_1,7
CGTTTCACTTCGGGCG-1,Layer_1,2
CGTTTCGCTCATTACA-1,Layer_4,1
CGTTTGTGTAGAGGGT-1,Layer_6,5
CTAAACGGGTGTAATC-1,Layer_1,2
CTAAAGAATGCCTACT-1,Layer_4,1
CTAAAGGGAAATAGGA-1,Layer_4,1
CTAAAGTCCGAAGCTA-1,Layer_2,3
CTAAATCCGGTGTACA-1,WM,4
CTAAATCCTATTCCGG-1,Layer_2,3
CTAACCGCGCGCCCGT-1,Layer_5,1
CTAACGAAACTTGCTG-1,Layer_2,3
CTAACTGATAATCGCC-1,Layer_5,1
CTAACTGGTCCGGTTC-1,Layer_6,5
CTAAGGGAATGATTGG-1,Layer_4,1
CTAAGTACAGGGCTAC-1,Layer_1,3
CTAATTATGAAGCGTA-1,Layer_2,3
CTAATTCGCACGCGCT-1,Layer_3,1
CTAATTCTCAGATATT-1,Layer_1,7
CTAATTTCAACAACAC-1,Layer_3,1
CTACAAGAAATAACCC-1,WM,5
CTACACTAGCTTGTTC-1,Layer_1,2
CTACACTCGCAGATGG-1,Layer_4,1
CTACCCTAAGGTCATA-1,Layer_3,3
CTACGAACTAGGTCGA-1,Layer_1,2
CTACGACTAGCTATAA-1,Layer_5,5
CTACGCACGGAGTACC-1,Layer_3,1
CTACGCCATTTCCGAT-1,Layer_1,2
CTACGTGTTGCCACCA-1,Layer_2,3
CTACTATCATAGGTTT-1,WM,5
CTACTATCTTTCAGAG-1,Layer_2,3
CTACTCAAGGTATAGT-1,WM,5
CTACTCTAGGCCCGGC-1,Layer_4,1
CTACTGCCACCTGACC-1,Layer_3,1
CTAGACATATATGTAG-1,Layer_2,3
CTAGACTGCATTTCGT-1,Layer_1,7
CTAGATAAACTCCTCG-1,Layer_3,3
CTAGATGTGAGTGTAA-1,Layer_2,3
CTAGATTTACGACGGC-1,Layer_3,1
CTAGCAACTAATTTAC-1,Layer_1,3
CTAGCATAGTATAATG-1,Layer_3,1
CTAGCCACAGGCGAGC-1,Layer_4,5
CTAGCCGATGTTATGA-1,Layer_1,7
CTAGCGCCAATCCTAC-1,Layer_3,3
CTAGGCGCCCTATCAG-1,Layer_4,1
CTAGGCGGCAGAGAAT-1,Layer_1,3
CTAGGGATAGGGACAA-1,WM,4
CTAGGTCTGAAGGAAT-1,Layer_3,3
CTAGGTTCGGACGTGA-1,Layer_5,5
CTAGTAGAAAGGGATT-1,Layer_6,5
CTAGTATTCGGAATTA-1,Layer_1,2
CTAGTCACGTCTTAAG-1,Layer_3,1
CTAGTGAAGGACAGGA-1,Layer_4,1
CTAGTTACAACCCGGT-1,Layer_5,5
CTAGTTGGGCCCGGTA-1,Layer_3,3
CTATAAGAGCCAATCG-1,Layer_1,7
CTATAGGCGTTGATGT-1,WM,4
CTATATCCAGCCTGGC-1,WM,4
CTATCACAACGCTGGA-1,Layer_6,5
CTATCGACGAAATACA-1,Layer_4,1
CTATCGCGTAGAGAAC-1,Layer_4,1
CTATCGGGTCTCAACA-1,Layer_3,1
CTATGCCCGAATGCAA-1,Layer_6,5
CTATGGGAAGCGGAAT-1,Layer_4,1
CTATGTCACTAGCCCA-1,Layer_3,1
CTATGTCTATTGAAAC-1,Layer_1,3
CTATGTGAGTCACGGC-1,Layer_6,5
CTATTCATGTGTCCCA-1,Layer_5,5
CTATTGTGTTTGGTCA-1,Layer_1,7
CTATTTGCTTGGAGGA-1,WM,5
CTATTTGGTTACGGAT-1,Layer_3,3
CTCAAACCACTGCCCG-1,WM,4
CTCAACTAACCCGGAT-1,Layer_5,5
CTCAAGACATTAGCGC-1,Layer_1,7
CTCACACGCAAGCCTA-1,Layer_1,7
CTCACATTTACTAAAT-1,Layer_6,5
CTCACCAGTACAAGTG-1,Layer_5,5
CTCACCGATCCAAACT-1,Layer_2,3
CTCACTGTGATACTTA-1,Layer_6,5
CTCACTTGGCTGGTAA-1,Layer_5,5
CTCAGAGCTAATGTCG-1,WM,5
CTCAGATTGTGATAAG-1,Layer_6,5
CTCAGCAGACTGCCGA-1,Layer_3,3
CTCAGGACTCACCTGT-1,Layer_3,1
CTCAGTCACGACAAAT-1,Layer_1,7
CTCATGGCTCACAATC-1,Layer_1,2
CTCATGGTAATTTGCG-1,Layer_6,5
CTCATTCGTGAACATC-1,Layer_5,1
CTCATTGCTCTAACAA-1,Layer_5,5
CTCATTTGATGGGCGG-1,Layer_3,3
CTCCCAATGAGTCGCG-1,Layer_3,1
CTCCCTCCTTTCGATC-1,Layer_6,5
CTCCGAGTAAATCCGC-1,Layer_3,3
CTCCGCCCACATGAGG-1,Layer_5,5
CTCCGGCCTAATATGC-1,Layer_3,3
CTCCGGCTTGTAGACA-1,Layer_3,1
CTCCTAAGTTATGTCT-1,Layer_3,3
CTCCTCCAGCTCACAC-1,WM,5
CTCCTGTTCAAGGCAG-1,Layer_3,1
CTCCTTTACGCAAGTC-1,Layer_1,7
CTCGAATGGAACGTAT-1,Layer_1,3
CTCGAGATCCAAAGCA-1,Layer_3,1
CTCGAGGTCGAACAGT-1,Layer_3,1
CTCGATATTTGCGAGC-1,Layer_1,7
CTCGCACCTATATAGT-1,Layer_3,3
CTCGCCGAATGTAGGG-1,Layer_6,5
CTCGCTAGGTAAGCGA-1,Layer_6,5
CTCGGGCATCGTCGGG-1,Layer_1,2
CTCGGGTTCTCTGGCC-1,WM,4
CTCGGTACCACTGCTC-1,Layer_3,1
CTCGGTCCGTAGCCTG-1,Layer_3,3
CTCGGTTGTCGGCCCT-1,WM,5
CTCGTCTGTGCCTTCG-1,Layer_6,5
CTCGTTACGGCTACCA-1,WM,4
CTCGTTTCTAATGTTT-1,Layer_1,7
CTCTAATGCATTGATC-1,Layer_1,7
CTCTACACTGGCGATT-1,Layer_6,5
CTCTACATCCTGCGTG-1,WM,5
CTCTAGCCCTCGGAAA-1,Layer_6,5
CTCTATTTGGCTGCAG-1,Layer_4,1
CTCTCACAATCGATGA-1,Layer_3,1
CTCTCGATGTGCGCCT-1,Layer_1,2
CTCTCGCTGTACTATG-1,Layer_4,1
CTCTCTAACTGCCTAG-1,WM,1
CTCTGCGAAGCAAGCA-1,Layer_2,3
CTCTGGACGCCTGGTG-1,Layer_3,1
CTCTGTCCATGCACCA-1,Layer_6,5
CTCTGTGCCTGCTATG-1,Layer_1,2
CTCTGTTTGAGGATTC-1,Layer_1,2
CTCTTCTATTGACTGG-1,Layer_3,1
CTCTTCTGGAAGTTAG-1,WM,5
CTCTTGTCCCGCTTGG-1,Layer_5,5
CTGAAACGGCCCTCAG-1,Layer_3,3
CTGAAAGAGATCCGAC-1,Layer_2,3
CTGAATCCGAGACCTC-1,Layer_5,5
CTGAATTTATTGCCAG-1,Layer_1,7
CTGACTGCGCAGCTCG-1,Layer_2,3
CTGAGAAAGTTCGGCG-1,Layer_3,1
CTGAGCAAGTAACAAG-1,Layer_3,1
CTGATAGTGTATCTCA-1,Layer_5,5
CTGCAAATGGGCTCCA-1,Layer_1,2
CTGCAAGCACGTTCCG-1,Layer_5,5
CTGCACAACTACATAT-1,Layer_4,1
CTGCACCTAGTCCACA-1,Layer_1,7
CTGCACCTGGAACCGC-1,Layer_3,3
CTGCACTCCAGTACAG-1,Layer_5,5
CTGCAGAGAATCAGAG-1,Layer_5,5
CTGCCAAGGTTGGAAG-1,Layer_2,3
CTGCCATGCATCACAT-1,Layer_4,1
CTGCCCACGAAGCGTT-1,Layer_5,5
CTGCCTAGCCACCAAG-1,Layer_1,2
CTGCCTCATATGCAAC-1,Layer_1,3
CTGCCTTTAATACCTT-1,WM,4
CTGCCTTTCTAGTAAA-1,Layer_5,5
CTGCGACCTCGCCGAA-1,Layer_6,5
CTGCGATTTCGAGATT-1,WM,5
CTGCGGGTGAAATGTT-1,Layer_4,1
CTGCGGTAGTCACGTG-1,Layer_1,2
CTGCGTTACGATATAA-1,Layer_1,2
CTGCTCTGACGGCAAA-1,WM,5
CTGCTGAGGCCACGAA-1,Layer_6,5
CTGCTTGGCGATAGCT-1,Layer_5,5
CTGCTTTATGTCCGCG-1,Layer_1,7
CTGGAAATGGATGCTT-1,Layer_3,1
CTGGAAGACACGGTGG-1,Layer_4,1
CTGGACGCAGTCCGGC-1,WM,5
CTGGATTTACACTTGA-1,Layer_5,5
CTGGCATCCGAATGAG-1,Layer_6,5
CTGGCGACATAAGTCC-1,Layer_1,2
CTGGCGCACAGGTCTG-1,Layer_3,3
CTGGCGGGAATAAGTA-1,Layer_3,1
CTGGCTCCTGCGGGAT-1,Layer_3,3
CTGGCTGATTCATCCT-1,Layer_3,1
CTGGCTGCTAACGTAA-1,Layer_2,3
CTGGCTGGTTGTCAGT-1,Layer_5,5
CTGGGATAAATAATGG-1,Layer_3,1
CTGGGATACGCTACCC-1,Layer_2,3
CTGGGATCGCCCAGAT-1,Layer_1,2
CTGGGCACTAGTCGGA-1,Layer_2,3
CTGGGCCTGCTATATC-1,Layer_5,5
CTGGGCGGCCAAATGT-1,Layer_1,2
CTGGGCTATCCTTTGG-1,Layer_2,3
CTGGGTAGGCAGTTAA-1,Layer_3,1
CTGGTAAAGACTTACA-1,Layer_6,5
CTGGTAAAGTGTGGGC-1,Layer_5,5
CTGGTAACACATAGAA-1,Layer_3,1
CTGGTAACGAGCTCTT-1,Layer_2,3
CTGGTCATTCCAATCC-1,Layer_4,1
CTGGTCCTAACTTGGC-1,Layer_1,2
CTGGTTCAACGCATCA-1,Layer_2,3
CTGGTTTCGAGCAAGA-1,Layer_3,1
CTGTACTTCTTAGCAT-1,Layer_4,1
CTGTAGCCATCTCACT-1,Layer_6,5
CTGTAGTGAGGATCGA-1,WM,4
CTGTATGGTGTAGAAA-1,Layer_3,1
CTGTCAAATGGCTCGG-1,Layer_2,3
CTGTCACGCCAGGCGC-1,Layer_1,7
CTGTGCAGGGTAGGTC-1,Layer_4,1
CTGTGGTCGGGAGATA-1,Layer_4,1
CTGTTACCCAATCTAG-1,Layer_5,5
CTGTTCACTGCCTGTG-1,Layer_3,3
CTGTTCATCTCACGGG-1,Layer_3,1
CTGTTGGCTCTTCTGA-1,Layer_4,1
CTTAAATAAGACCCAT-1,Layer_4,1
CTTAACTTCGAAGTAC-1,Layer_1,2
CTTACACGGTATTCCA-1,Layer_3,1
CTTACACTGGGAAATA-1,Layer_3,3
CTTACATAGATTTCTT-1,Layer_6,5
CTTAGATGTTTCATCC-1,WM,5
CTTAGCCCGGATAGTG-1,Layer_5,1
CTTAGCCTTCCACATG-1,Layer_2,3
CTTAGTAGGCCTACAG-1,Layer_2,3
CTTAGTGTAGTAGCAT-1,Layer_5,5
CTTAGTTGAGGAATCG-1,WM,4
CTTATGCGCTCAGGGC-1,Layer_6,5
CTTATGTTGACTACCA-1,Layer_3,3
CTTCAACTCCACTTGG-1,Layer_5,5
CTTCAGTGGTCGCCTA-1,WM,1
CTTCAGTTGGACAACG-1,Layer_6,5
CTTCATAGCTCAAGAA-1,Layer_3,1
CTTCATCACCAGGGCT-1,Layer_6,5
CTTCATTGTCAGTGGA-1,Layer_3,1
CTTCCGCTCCGTGAAG-1,Layer_6,5
CTTCCTGCATATTTAC-1,Layer_2,3
CTTCGATTGCGCAAGC-1,Layer_6,5
CTTCGGCCAATTGTTT-1,Layer_3,1
CTTCGTAGATAGGTGA-1,Layer_4,1
CTTCGTGCCCGCATCG-1,Layer_1,3
CTTCTATGTTGAAGTA-1,Layer_6,5
CTTCTATTAATGCTAG-1,Layer_5,5
CTTCTGGGCGTACCTA-1,WM,4
CTTCTTACGTCGTATA-1,Layer_2,3
CTTGACCCGAAAGATA-1,Layer_1,2
CTTGAGGTTATCCCGA-1,Layer_3,3
CTTGAGTTAGGGTAAT-1,Layer_3,3
CTTGATGACCATCCAG-1,Layer_6,5
CTTGCAACCGCCTCCT-1,Layer_5,5
CTTGCCCACCCACGCA-1,Layer_6,5
CTTGCCCAGGCTCTAC-1,Layer_5,1
CTTGGCCAAGCTGGGA-1,Layer_6,5
CTTGTACTTGTTGACT-1,Layer_3,3
CTTGTCAACATTCGAG-1,Layer_5,1
CTTGTCGTACGTGTCA-1,Layer_1,2
CTTGTGAGGACAGCGG-1,Layer_3,3
CTTGTGAGTCTTTGAC-1,Layer_3,3
CTTGTGCTCACCGATT-1,Layer_1,7
CTTGTTGCTGAGTCAA-1,Layer_3,1
CTTGTTTATGTAGCCA-1,Layer_3,1
CTTTAACTTTCAAAGG-1,Layer_3,3
CTTTAATATTGGTCGA-1,Layer_5,1
CTTTACCGAATAGTAG-1,Layer_4,1
CTTTAGGAACACTGTT-1,Layer_3,1
CTTTAGTGCTATTATT-1,Layer_4,1
CTTTCTGTGCGGGCTT-1,Layer_5,5
CTTTGAAACATATTCC-1,Layer_2,3
CTTTGCATCGCTCTTG-1,Layer_5,5
CTTTGGCAGACAGAGT-1,Layer_2,3
CTTTGGCGCTTTATAC-1,Layer_5,5
CTTTGGCTTTAGTAAA-1,Layer_4,1
CTTTGGGATTGTTGCA-1,WM,5
GAAACAGATGACCACC-1,Layer_3,3
GAAACAGCCATGCAGT-1,Layer_1,2
GAAACATAGGAAACAG-1,WM,4
GAAACCATGGTGCGCT-1,Layer_1,7
GAAACCGAATTACCTT-1,Layer_5,5
GAAACCTATACAAATG-1,Layer_6,5
GAAACTCGTGCGATGC-1,Layer_4,1
GAAACTCTAATGAAGG-1,Layer_1,2
GAAAGAACAGCGTTAT-1,Layer_3,3
GAAAGCAGTGCACTTT-1,Layer_6,5
GAAAGCCCTTTGGACC-1,Layer_5,5
GAAAGTGACTAACTGC-1,Layer_3,1
GAAATACCTGCTGGCT-1,Layer_1,2
GAAATACTAAACGTTT-1,Layer_3,1
GAAATATCACCATCAG-1,Layer_5,5
GAAATATGCTTGAATG-1,Layer_1,7
GAAATCGCGCGCAACT-1,Layer_2,3
GAAATCTGACCAAGTT-1,Layer_4,1
GAAATGGCGGTGTTAG-1,Layer_3,1
GAAATGGGATGTAAAC-1,Layer_3,1
GAAATTAGCACGGATA-1,Layer_1,7
GAAATTCACATCGCTG-1,Layer_3,3
GAAATTGTCTCTATAA-1,Layer_5,1
GAACAACTGGGATGAA-1,Layer_6,5
GAACACACATCAACCA-1,Layer_3,1
GAACAGATTACTAAAT-1,Layer_5,5
GAACATTAGTATGTTA-1,Layer_1,7
GAACCATCTGGGAGAC-1,Layer_1,2
GAACCCTCTGTGTTCT-1,Layer_6,5
GAACCTCGACCTACAC-1,Layer_6,5
GAACCTTTAACGATCC-1,Layer_6,5
GAACGACCGAATGATA-1,Layer_3,3
GAACGCGGGTCACACG-1,Layer_3,1
GAACGGTGTAAAGCAG-1,Layer_2,3
GAACGTCTCATGGTCG-1,Layer_3,3
GAACGTTAGGAAGACG-1,Layer_5,5
GAACTGTGGAGAGACA-1,Layer_6,5
GAACTTAGCGCCCGGT-1,Layer_2,3
GAACTTGTGCACGGGA-1,Layer_1,7
GAAGAAACGATATTGT-1,WM,5
GAAGAACGGTGCAGGT-1,Layer_3,3
GAAGACTTCAATGCCG-1,Layer_1,2
GAAGCAAGGCAATGTT-1,Layer_1,2
GAAGCCACTGATTATG-1,Layer_6,5
GAAGCCGGGTAAGCTC-1,Layer_4,1
GAAGCCTGCACATTCC-1,Layer_6,5
GAAGCGTGAGGAATTT-1,Layer_3,1
GAAGCTCGGACCCGTC-1,WM,1
GAAGCTCTTTGCTTAG-1,Layer_3,1
GAAGCTTGCTGACCGC-1,Layer_3,1
GAAGGACTAAATTGAA-1,Layer_2,3
GAAGGAGTCGAGTGCG-1,WM,5
GAAGGCTACCATTGTT-1,Layer_1,7
GAAGGGCATAACCATG-1,Layer_3,1
GAAGGGTCATTAAGAC-1,Layer_6,5
GAAGTCAGTTGCACTA-1,Layer_5,5
GAAGTCTCCCTAGCGA-1,Layer_3,3
GAAGTGATTTATCGTG-1,Layer_4,1
GAAGTGCTGGATAGCT-1,Layer_2,3
GAAGTTTCCACTCAAT-1,Layer_4,1
GAATAGACGCGACCCA-1,Layer_3,1
GAATAGCATTTAGGGT-1,Layer_3,1
GAATAGCCCTGCGGTC-1,Layer_1,7
GAATAGTGCTCGATTA-1,WM,5
GAATATTCGGAGTCCC-1,Layer_1,2
GAATCGACATGGTCAC-1,Layer_3,1
GAATCGCCGGACACGG-1,Layer_3,3
GAATCTATACTCGGAC-1,Layer_1,2
GAATCTGAACATTCTC-1,Layer_4,1
GAATGAAGGTCTTCAG-1,Layer_1,7
GAATGCCGAAATGACC-1,Layer_3,1
GAATGCGAATCGGTTC-1,Layer_6,5
GAATGGGCTTATCGAC-1,Layer_6,5
GAATGTATGGCAGGTC-1,Layer_1,2
GAATGTGGTCCGGATT-1,Layer_3,1
GAATGTTGGGTAATCT-1,Layer_3,3
GAATTATAGTGAAAGG-1,Layer_3,1
GAATTATGCAACCTAC-1,Layer_3,3
GAATTCACCCGGGTGT-1,Layer_5,5
GAATTTCTCGCTGCAG-1,Layer_3,1
GACAAACATATGCAGG-1,Layer_3,1
GACAACGACCATTGAA-1,Layer_3,3
GACAACGCAGCTTACG-1,Layer_3,3
GACAAGAGATGAGATT-1,Layer_4,1
GACACAAGGGAAGAAA-1,Layer_3,3
GACACAGCCGGGACTG-1,Layer_6,5
GACACGAGTTAGAGGA-1,Layer_3,1
GACACTGAGTTCAGTG-1,Layer_5,5
GACACTGGAACCCGAT-1,Layer_3,1
GACACTTCCAATTACC-1,Layer_6,5
GACAGATTTCTGGCTC-1,Layer_6,5
GACAGCCAGACCTGAC-1,Layer_3,1
GACAGGCACACACTAT-1,Layer_5,5
GACATACTGTCGCAGA-1,Layer_4,1
GACATCCGTCGAACTG-1,Layer_6,5
GACATCGATTTATAAC-1,Layer_5,5
GACCAAACGTTGACTG-1,Layer_4,1
GACCACACTTCCCTTT-1,Layer_6,5
GACCAGAGCCCTGTAG-1,Layer_3,1
GACCAGGTCATTCATA-1,Layer_1,2
GACCCAATTATGATAC-1,WM,1
GACCCGTCGCCGGCTA-1,Layer_1,2
GACCGACGTGAAAGCA-1,Layer_3,3
GACCGACTGAAGCGTC-1,Layer_5,5
GACCGCGTCTGACGTG-1,Layer_3,1
GACCGTCAGGTCGTGA-1,Layer_1,2
GACCGTGCTGACGGTG-1,Layer_4,1
GACCGTTACATGCGAC-1,Layer_5,5
GACCTTCCACGTCTAC-1,Layer_6,5
GACGACGATCCGCGTT-1,Layer_5,5
GACGAGGCTAATAAAC-1,Layer_4,1
GACGCCGTAAAGGCTA-1,Layer_5,5
GACGCCTGTTGCAGGG-1,Layer_3,3
GACGCTTGCTTCTAAA-1,Layer_5,1
GACGGACCGCGTTCCT-1,Layer_1,2
GACGGGATGTCTTATG-1,Layer_1,3
GACGGGTTGGCCCGTA-1,Layer_6,5
GACGGTCAATAGAAGC-1,Layer_2,3
GACGGTCCTAGGGTGT-1,,3
GACGTGAGACTCCATG-1,Layer_3,3
GACGTGTAGGGATTAT-1,Layer_3,1
GACGTTCGTAAATACA-1,Layer_1,7
GACTAACACAGCACCT-1,Layer_1,2
GACTAAGATCATGCAC-1,Layer_3,1
GACTAAGTAGGCTCAC-1,Layer_3,1
GACTACAAAGCGGTGG-1,Layer_6,5
GACTACAATTGCTCGT-1,Layer_1,2
GACTAGGCCGTTAGGT-1,Layer_6,5
GACTCACCCACGTGAG-1,Layer_3,3
GACTCCCAGAATAAGG-1,Layer_1,7
GACTCGCGGGAATGAC-1,Layer_2,3
GACTCGGTCGGCGGAT-1,Layer_1,3
GACTGATTGGTCACAA-1,Layer_1,7
GACTGCAAATCGAGCT-1,Layer_5,5
GACTGCACCAGCCCAG-1,Layer_4,1
GACTGCGGCACGTGTA-1,Layer_4,1
GACTGCTGGTGAGAAA-1,WM,4
GACTGGGCGCCGCAAC-1,Layer_1,2
GACTTCAACGCATCAA-1,Layer_6,5
GAGAACGGTTCTGACT-1,Layer_5,5
GAGAATCTCACGATCA-1,Layer_5,5
GAGACCCTGCAACGCC-1,Layer_1,7
GAGACTGATGGGTAGA-1,Layer_3,1
GAGACTTCGCGACCGA-1,Layer_5,5
GAGAGCGCAGTCCCTG-1,Layer_5,1
GAGAGGCCTATGTGTA-1,Layer_5,5
GAGAGGGCGCGAGGTT-1,Layer_4,1
GAGAGGTGCATTCTGG-1,Layer_5,5
GAGATCTGCTTGGCAT-1,Layer_4,1
GAGATCTGTCACTCCG-1,Layer_3,3
GAGATCTTCCATGACA-1,Layer_4,1
GAGATGGCTTTAATCA-1,Layer_6,5
GAGATGGGAGTCGACA-1,Layer_5,5
GAGCACCTGTGTCCAG-1,Layer_5,5
GAGCATCAACAACTTG-1,WM,4
GAGCATCATCCCTGGG-1,Layer_3,3
GAGCCACGGTAGTAGG-1,Layer_2,3
GAGCCAGCTACCTGTG-1,Layer_4,1
GAGCCGAGCGTTTATT-1,Layer_1,7
GAGCGAGGGAGTACCG-1,Layer_2,3
GAGCGCAAATACTCCG-1,Layer_3,1
GAGCGCGCACGAGTAG-1,Layer_4,1
GAGCGCTATGTCAGGC-1,Layer_1,3
GAGCGCTGTTAGGTAA-1,WM,4
GAGCGGAATGCGGTGT-1,WM,4
GAGCTAAGGGCATATC-1,Layer_3,3
GAGCTCAACATGAGCG-1,WM,5
GAGCTCTCGGACCTAA-1,Layer_3,3
GAGCTGTCGTCTCGGA-1,Layer_1,7
GAGGAATATCTCTTTG-1,WM,4
GAGGAATGGAGAGGTT-1,Layer_3,1
GAGGAGATCCTCATGC-1,Layer_3,1
GAGGAGTAATTCCTAC-1,Layer_1,2
GAGGATAAACAGTGCT-1,Layer_3,3
GAGGCATTTGCAGCAG-1,Layer_1,7
GAGGCCCGACTCCGCA-1,WM,1
GAGGCCTGTTGATACA-1,Layer_5,5
GAGGCTATCAAAGTCG-1,Layer_5,5
GAGGGAGTCAGATCGC-1,WM,4
GAGGGCATCGCGTATC-1,Layer_3,3
GAGGGCCATAATATTA-1,Layer_1,7
GAGGGCCGGCAGAGTC-1,Layer_3,3
GAGGGCGCAGCTCTGC-1,Layer_2,3
GAGGGTAGTAACAAAG-1,WM,4
GAGGTACATCCATCTT-1,Layer_1,2
GAGGTACGCGTGTCCC-1,Layer_6,5
GAGGTCCCAAAGATCT-1,Layer_3,1
GAGGTCTTAGTGGGTC-1,Layer_1,3
GAGTAAACCGGAAAGT-1,Layer_3,1
GAGTAAGGCCACGGGA-1,Layer_6,5
GAGTACGGGTATACAA-1,Layer_3,3
GAGTAGATACTAGTTG-1,Layer_6,5
GAGTATACCCTAATCA-1,WM,4
GAGTATGCCCGCCTTG-1,Layer_5,5
GAGTATGCGCGTGCAT-1,Layer_6,5
GAGTCAGACCAGAATC-1,Layer_6,5
GAGTCCGCTTACCGGA-1,Layer_5,1
GAGTCGACAGACCCTC-1,Layer_5,5
GAGTGCACGGACAACA-1,Layer_1,7
GAGTGTCAACCAGAAA-1,Layer_5,5
GAGTGTGCGGTACCCA-1,Layer_3,1
GAGTTGATGGCAATTT-1,WM,5
GATAAATCGGTGGATG-1,Layer_3,3
GATAACTCGCACTGTG-1,Layer_3,3
GATAAGGCAGATGCAA-1,Layer_3,3
GATACGATGGGAGTCA-1,Layer_5,5
GATAGAACCCGCTAGG-1,WM,4
GATAGCGTACCACGCG-1,Layer_3,1
GATAGGATTAATTACA-1,,3
GATAGGTAACGTTGAC-1,Layer_5,1
GATAGTGCGAGTAAGT-1,WM,4
GATATCAGTATGTATC-1,Layer_3,1
GATATCTCATGCAATA-1,Layer_1,3
GATATGAGACACTAAC-1,Layer_3,1
GATATGCGGTAGCCAA-1,Layer_1,2
GATATGGATTACGCGG-1,Layer_4,1
GATATTGAGATTGGCG-1,Layer_3,3
GATATTTCCTACATGG-1,Layer_1,2
GATCAACATAAAGGGA-1,WM,4
GATCATTCCAAACATT-1,Layer_3,1
GATCCCTTTATACTGC-1,Layer_3,1
GATCCGGGAATTAACA-1,Layer_3,1
GATCCTAAATCGGGAC-1,Layer_2,3
GATCCTCGACACTGGC-1,Layer_6,5
GATCCTCTTGCGCTTA-1,Layer_1,2
GATCGACACTATCTGA-1,Layer_3,1
GATCGCGGGCTCTCCA-1,Layer_4,1
GATCGCTACCCGATTT-1,Layer_3,1
GATCGCTATATCTCAG-1,WM,4
GATCGGATAGAACCAT-1,Layer_5,5
GATCGGCGATAAGTCG-1,Layer_3,1
GATCGGTGGCCATAAC-1,Layer_3,3
GATCGTGACTGATATC-1,Layer_3,1
GATCTCGACGCTGTGG-1,Layer_3,1
GATCTGCTATCTAAGG-1,Layer_6,5
GATCTTAGTGAACGTG-1,Layer_3,3
GATCTTCATTGTCCTC-1,Layer_3,1
GATCTTGGAGGGCATA-1,Layer_4,1
GATCTTTGCAGGGTAT-1,Layer_4,1
GATCTTTGCTCAAAGA-1,Layer_1,7
GATGACAAGTAGGGCA-1,WM,5
GATGACGATGATCGCG-1,Layer_1,7
GATGAGGAACCTTCGG-1,Layer_6,5
GATGATTTGAAACTGG-1,Layer_1,2
GATGCCACACTACAGC-1,Layer_1,2
GATGCCAGCAGAAGGC-1,Layer_3,1
GATGCGAATGGTATTA-1,Layer_4,1
GATGCGTCCTGCATTC-1,Layer_3,1
GATGCTACAAGCGCCT-1,Layer_3,3
GATGCTACCTTCGATG-1,WM,4
GATGCTGTATTTCATC-1,Layer_3,1
GATGGCGCACACATTA-1,Layer_3,1
GATGGTGAAATAACCC-1,Layer_3,3
GATGGTGCCCTAGGCA-1,Layer_1,2
GATGTAACGAACCACC-1,WM,5
GATGTCCGGATCACAT-1,Layer_2,3
GATGTCGGTCAACTGC-1,Layer_1,2
GATGTGTTGTCACAAG-1,Layer_1,2
GATGTTCAATCCACGA-1,Layer_5,1
GATGTTTGTGCGAGAT-1,Layer_3,1
GATTAACCGAAAGCCC-1,Layer_4,1
GATTAATCCTGGCTCA-1,Layer_2,3
GATTACTGAATTTGGG-1,Layer_5,5
GATTATCTTGCATTAT-1,Layer_6,5
GATTCCCTTGTCGCAG-1,Layer_3,3
GATTCCGCGTTTCCGT-1,Layer_1,2
GATTCCTATACGGCGC-1,Layer_3,1
GATTCGACGGTTCACG-1,Layer_3,1
GATTCTGTTAATGAGT-1,WM,5
GATTGACACTCTGCTC-1,Layer_1,2
GATTGCTCCAGTTGCA-1,WM,4
GATTGGGAAAGGTTGT-1,Layer_6,5
GATTTAGTGCGTACTG-1,Layer_1,7
GCAAACCCTACATTAT-1,Layer_4,1
GCAAACCTTGGCCATA-1,Layer_5,5
GCAAACGTCGCCAGGT-1,Layer_3,1
GCAAATATTACGCTTT-1,Layer_4,1
GCAAATGAGGACACTT-1,Layer_6,5
GCAACACACTAGAACT-1,Layer_6,5
GCAACAGCAGTATGCG-1,Layer_3,1
GCAACCACCAGACCGG-1,Layer_1,2
GCAACCACGGCCGCGT-1,Layer_5,5
GCAACCCAAGTTGTTT-1,Layer_5,5
GCAACGGCTAGTTATG-1,Layer_3,3
GCAAGAATTCCTTGGC-1,Layer_5,5
GCAAGATGTGTTCGCG-1,Layer_1,7
GCAAGTGCACAGAGAA-1,Layer_3,1
GCAAGTGTAAAGCATG-1,WM,4
GCACAAACGAGGCGTG-1,Layer_3,1
GCACAAGTGGATCATA-1,Layer_3,1
GCACAAGTGTCGGAAG-1,Layer_1,2
GCACACACTGGTAGCC-1,Layer_5,1
GCACACAGCTATTACC-1,WM,5
GCACACGCCCATGGTC-1,Layer_5,5
GCACAGCACGGGCCGA-1,WM,4
GCACCTAGGCGAGTCC-1,Layer_6,5
GCACGCCGATTCCCGC-1,Layer_6,5
GCACGCCTACTTAGAT-1,Layer_6,5
GCACGTGGTTTACTTA-1,Layer_5,5
GCACTAGTCGCGCTAT-1,Layer_3,3
GCACTCCCACAGTCCC-1,Layer_1,2
GCACTGCCTACCTTTA-1,Layer_6,5
GCACTGTGCAAATGTA-1,Layer_3,3
GCAGAAACGTAATCCA-1,Layer_2,3
GCAGACCCAGCACGTA-1,Layer_3,3
GCAGATCCATAAGACT-1,Layer_4,1
GCAGATCCTCGCAAAT-1,Layer_4,1
GCAGATTAGGGATATC-1,Layer_3,1
GCAGCACACAGCCCAG-1,Layer_4,1
GCAGCCTATATCACAT-1,Layer_2,3
GCAGCGGTGGGCATTA-1,Layer_2,3
GCAGCTATGGACAGGT-1,Layer_1,7
GCAGCTGTCAACGCAT-1,Layer_6,5
GCAGGAACTTAGATCT-1,WM,5
GCAGGACTATAGAATA-1,Layer_4,1
GCAGGTAGAGTATGGT-1,Layer_1,2
GCAGTGTGGCTATAGG-1,Layer_5,5
GCAGTTCGATCCGAGC-1,Layer_4,1
GCATAAATTGAACGCC-1,Layer_3,3
GCATACGAGGTCTTTA-1,Layer_5,5
GCATAGAGCACTCAGG-1,Layer_3,1
GCATCCCTAACTTTGA-1,Layer_3,3
GCATCGGCCGTGTAGG-1,Layer_3,1
GCATGAGGGACGCGGC-1,Layer_3,3
GCATGCTAATAACGAT-1,Layer_6,5
GCATGGGTACTGACGC-1,Layer_6,5
GCATTCAAGGCAACGC-1,Layer_1,7
GCATTCGAAATGAACA-1,Layer_4,1
GCATTGTAATTCATAT-1,Layer_5,5
GCATTTCCAAGGCTCC-1,Layer_2,3
GCCAACCATTTCCGGA-1,Layer_1,7
GCCAAGAATACTTCTG-1,Layer_6,5
GCCAATAGGGCATCTC-1,Layer_1,7
GCCACAATTTAAGGAC-1,Layer_5,5
GCCACTCAGAGCGCGA-1,Layer_5,1
GCCACTCCTTACGGTA-1,Layer_3,1
GCCAGGAAAGAACACT-1,WM,4
GCCAGGAGTAACCGAT-1,Layer_1,2
GCCAGGCGTTCGCATG-1,Layer_1,2
GCCATATTGCACACAG-1,Layer_1,2
GCCATCGAGCTGCGTG-1,Layer_6,5
GCCATCGATGCTGCAT-1,Layer_2,3
GCCCACCAAGGCTGTC-1,Layer_3,3
GCCCACTGGTCCACAA-1,Layer_3,3
GCCCAGTTGGTATGCC-1,Layer_3,1
GCCCATGGGTGCAATG-1,Layer_2,2
GCCCGACTTCTTCCCG-1,Layer_6,5
GCCCGATCTGTGGTCG-1,Layer_5,5
GCCCGCGCGTAAACGG-1,Layer_5,5
GCCCGCGCGTTTGACA-1,Layer_3,1
GCCCGTAATACCTTCT-1,Layer_3,3
GCCCTAAGTGCAGGAT-1,WM,5
GCCCTAGCCGTCGCGA-1,WM,1
GCCCTGAGGATGGGCT-1,Layer_6,5
GCCGAAATTCCTACGT-1,Layer_4,1
GCCGACCCACGACTGC-1,WM,4
GCCGATTGGCCAAGCT-1,Layer_4,1
GCCGCATTAGTCCGGC-1,Layer_5,5
GCCGCTAGATACGCAG-1,Layer_2,3
GCCGCTTGTGAGAAAC-1,Layer_4,1
GCCGGAAACACATCTT-1,Layer_1,2
GCCGGGTTAGGGTCGC-1,Layer_4,1
GCCGGTCGTATCTCTC-1,WM,4
GCCGGTTTGGGCGGAT-1,Layer_1,2
GCCGTCGGTTTCGGGC-1,WM,4
GCCGTGGAAGAAATGT-1,Layer_3,3
GCCTACGTTCTGTGCA-1,Layer_6,5
GCCTAGCGATCTGACC-1,Layer_3,1
GCCTATAGTGTCAGGG-1,Layer_2,3
GCCTATGCTGGGCCTT-1,Layer_1,7
GCCTATTCCGATATAG-1,Layer_3,1
GCCTATTTGCTACACA-1,Layer_1,2
GCCTCATCTGGAAATA-1,Layer_3,3
GCCTCCGACAATTCAC-1,Layer_5,5
GCCTCTATACATAGCA-1,Layer_5,5
GCCTGCTACACTGAGA-1,Layer_1,3
GCCTGTCCCGGTGCAT-1,WM,5
GCCTTCAGCCCTACCG-1,Layer_3,3
GCCTTGTATATGCAGT-1,Layer_3,1
GCGAAACGATCGGGAG-1,Layer_4,1
GCGAAACTTAACTGGA-1,Layer_3,1
GCGAAGAATCTGACGG-1,Layer_6,5
GCGAAGCCATACCCGT-1,Layer_3,1
GCGAATGGACTAGCGA-1,WM,5
GCGACATGTAAACATC-1,Layer_3,3
GCGACCCAACCATCTG-1,WM,5
GCGACGATAGTTGTAC-1,Layer_5,5
GCGACGGTAGTCTCCT-1,WM,5
GCGAGAAACGGGAGTT-1,Layer_3,1
GCGAGAGGCCATGTAA-1,Layer_1,7
GCGAGAGTTGCGTCCA-1,Layer_2,3
GCGAGCGCATGCTCCC-1,Layer_3,3
GCGAGGCCCGAGCAGA-1,Layer_4,1
GCGAGTTCTGCAAAGA-1,Layer_3,1
GCGATGTCTGTGCTTG-1,Layer_4,1
GCGATTCTGGAAGCAG-1,Layer_1,2
GCGATTGTTAACGTTA-1,Layer_3,1
GCGCAAATATATTCAA-1,WM,5
GCGCAAGAGCGCGCTG-1,Layer_3,3
GCGCATCCAGTCAGCA-1,Layer_2,3
GCGCCGTTCCACGATA-1,Layer_4,1
GCGCCTCCCACTCCGA-1,Layer_3,1
GCGCGATGGGTCAAGT-1,Layer_1,2
GCGCGGTCTAGTAACT-1,WM,5
GCGCGTCATTGGTACA-1,Layer_5,5
GCGCTAAGTATGCATG-1,Layer_1,2
GCGCTAATTGAATAGA-1,Layer_3,1
GCGCTATGCCGAGGCA-1,Layer_5,5
GCGCTGATCCAGACTC-1,Layer_1,2
GCGCTGCTTTGCATTT-1,Layer_2,3
GCGCTTAAATAATTGG-1,Layer_5,1
GCGGACCGCGTTGTGG-1,Layer_6,5
GCGGAGAAACTTCGCA-1,Layer_6,5
GCGGAGAGGGAGAACG-1,Layer_4,1
GCGGCAAAGTATTGCC-1,WM,4
GCGGCTCTGACGTACC-1,Layer_5,1
GCGGCTTTAGCAAGTT-1,Layer_6,5
GCGGGAACCAGGCCCT-1,Layer_3,3
GCGGGCAGACGGGTGA-1,WM,5
GCGGGCATTACGATGC-1,Layer_1,3
GCGGGCGAGCCTTACC-1,Layer_6,5
GCGGTAACCCAAATGA-1,Layer_3,3
GCGGTCCCGGTGAAGG-1,Layer_1,7
GCGGTCCCTAGACGCA-1,Layer_3,3
GCGGTCTTGCTTTCAC-1,Layer_6,5
GCGGTGAACTGCGCTC-1,Layer_1,2
GCGGTGCGGAGCATCG-1,Layer_4,1
GCGGTTCCCTATCATG-1,Layer_5,5
GCGTAAATGGCCATAA-1,Layer_3,3
GCGTCCAGCTCGTGGC-1,Layer_1,2
GCGTCCCTAAGACATA-1,WM,4
GCGTCGAAATGTCGGT-1,Layer_2,3
GCGTCGCCAGGGTGAT-1,Layer_5,5
GCGTCGTAACATGGTC-1,WM,5
GCGTCTCTGCATTGGG-1,Layer_5,1
GCGTGGTACTGGGTTA-1,Layer_3,3
GCGTGTATGTCGTATT-1,Layer_1,2
GCGTTATATTTGGAAC-1,Layer_5,5
GCGTTCGGAGACCGGG-1,Layer_1,7
GCTAAACCTGAGGTGA-1,Layer_3,1
GCTAACTGAAGTCTGA-1,Layer_5,5
GCTAAGTAAAGGCGAT-1,Layer_4,1
GCTAAGTAGTTTCTCT-1,Layer_3,3
GCTAATACCGAATGCC-1,Layer_3,1
GCTACAATCGAGGATA-1,Layer_5,5
GCTACACTGTCCGAAC-1,Layer_2,3
GCTACAGTACGGACCG-1,Layer_5,5
GCTACGACTTATTGGG-1,Layer_4,1
GCTACTATAGTAGAGT-1,Layer_4,1
GCTAGACCGTCTACTG-1,Layer_3,1
GCTAGAGTAGAGATGT-1,Layer_4,1
GCTAGCAGGGAGTGGG-1,Layer_1,7
GCTAGCTTGAATAGCT-1,Layer_6,5
GCTAGGCACCACGGAG-1,Layer_5,1
GCTAGTAGAGCTTGTA-1,Layer_3,1
GCTAGTTTCATTGAGG-1,Layer_3,1
GCTATACGTCTCGGAC-1,Layer_4,1
GCTATCATACTCATGG-1,Layer_5,5
GCTATCGCGGCGCAAC-1,Layer_3,1
GCTATGCCAGCTTATG-1,Layer_6,5
GCTCAACCTCTTAGAG-1,Layer_3,1
GCTCAATCCGTTTATT-1,Layer_6,5
GCTCAATGTAATACCG-1,Layer_6,5
GCTCATTACTGCATGT-1,Layer_1,2
GCTCCATGCAAAGCAA-1,WM,4
GCTCCCAGTCGGTCCA-1,Layer_3,3
GCTCCGCTCGCTTCAG-1,Layer_3,3
GCTCCGGACGTTGATA-1,Layer_2,3
GCTCCTGACATACTGG-1,WM,5
GCTCGACCGAACTGAA-1,Layer_3,3
GCTCGCGGTTCCGCTC-1,Layer_4,1
GCTCGCTCATGTCCAA-1,Layer_3,3
GCTCGGAATTTAAAGC-1,Layer_2,3
GCTCTAAACCCTGACG-1,Layer_3,3
GCTCTATGTTACGTGC-1,Layer_3,1
GCTCTCGGGTACCGAA-1,Layer_3,1
GCTCTTTCCGCTAGTG-1,WM,5
GCTGAACTCTCCAGGG-1,Layer_3,3
GCTGAATCTTCCAATC-1,WM,4
GCTGAGCAACGGTTCT-1,Layer_3,1
GCTGAGGCGTGAGTAT-1,Layer_4,1
GCTGCACGGTTTCTTA-1,Layer_3,1
GCTGCGCCTCCCACGT-1,Layer_4,1
GCTGCTAAGTAGTCGA-1,Layer_6,5
GCTGCTACTGCGTAGC-1,Layer_5,1
GCTGCTCTCCGGACAC-1,Layer_3,1
GCTGGACCCAAAGTGG-1,Layer_1,7
GCTGGCAGGTGCCGTG-1,Layer_5,1
GCTGGCATATTCACCT-1,Layer_4,1
GCTGGCGGCGCATGCT-1,Layer_5,5
GCTGGGTCCGCTGTTA-1,Layer_2,3
GCTGGTGACTCGTAGT-1,Layer_1,7
GCTGTATTACTGGCCC-1,Layer_5,5
GCTGTCTGTGATCGAC-1,Layer_2,3
GCTGTTGCTACCGAAC-1,Layer_3,3
GCTTAATGTAACTAAC-1,Layer_3,1
GCTTACGTAGTTAGTA-1,Layer_2,3
GCTTAGGGAAGCGGTA-1,Layer_2,7
GCTTATGAAGCAGGAA-1,Layer_3,3
GCTTCAGTGGGATTAC-1,Layer_2,3
GCTTCCAGCTTAGATT-1,Layer_3,3
GCTTCCATGTAACCGC-1,Layer_6,5
GCTTCCCGTAAGCTCC-1,Layer_6,5
GCTTCCGTCCCTAGAC-1,Layer_3,3
GCTTGATGATAATCAG-1,Layer_3,1
GCTTGCAGCACAATTG-1,Layer_1,7
GCTTGGATCGATTAGG-1,Layer_2,3
GCTTTCAGAGGAGGTG-1,Layer_3,3
GCTTTCTATCTCAACT-1,Layer_3,3
GCTTTGCTGCCGGGTA-1,Layer_3,3
GGAAACCTTGTTGAAT-1,Layer_1,7
GGAAACTAAATGGGCC-1,Layer_5,1
GGAAAGGGAATTGAGC-1,WM,5
GGAAAGTGCCCATGCC-1,Layer_1,2
GGAACCCGAACAAGAA-1,Layer_4,1
GGAACCGTGTAAATTG-1,Layer_5,5
GGAACCTTGACTCTGC-1,WM,4
GGAACGGCCTGCAGCC-1,Layer_4,1
GGAACTTTGGCGATTA-1,Layer_5,5
GGAAGATAAGACTGTA-1,Layer_3,3
GGAAGCTCGCTTACAG-1,Layer_1,2
GGAAGGACACCGTATA-1,Layer_6,5
GGAATAACCTCAAGAA-1,Layer_1,2
GGAATGCGCTAGCGTG-1,Layer_3,3
GGACAACCATGAAGCC-1,Layer_6,5
GGACAAGTTGCAGTGA-1,Layer_5,5
GGACACAAGTTTACAC-1,Layer_3,1
GGACACCTCGGTGTTG-1,WM,5
GGACCAACAGGATAAC-1,Layer_5,5
GGACCTACGGTAACGT-1,Layer_1,7
GGACCTCTAGGCCGCC-1,WM,5
GGACGGCTTGCGCAAC-1,Layer_1,3
GGACGGGCGACCAACC-1,Layer_5,5
GGACGTCCATAGTTGG-1,Layer_1,7
GGACTAAGTCAGGAGT-1,Layer_5,1
GGACTCGACAGCGCAT-1,WM,4
GGACTCGTGAGTGGTC-1,WM,4
GGACTCTTTGACTAAG-1,Layer_6,5
GGAGAAGTCATTGGCA-1,Layer_3,1
GGAGACCAATGTGCTT-1,Layer_1,7
GGAGACGACACCTTTG-1,Layer_4,1
GGAGCAACATTTCAAG-1,Layer_4,1
GGAGCACCAAGAACTA-1,Layer_3,3
GGAGCGAGGCCTACTT-1,Layer_6,5
GGAGGATTGAAAGGAG-1,Layer_1,2
GGAGGCCGAAGTCGTC-1,Layer_3,3
GGAGGCGAAGAACCGC-1,Layer_2,3
GGAGGGCTTGGTTGGC-1,Layer_3,3
GGAGGGTCAAGTAAGA-1,Layer_5,5
GGAGTACACATGAGCT-1,Layer_3,1
GGAGTGCCGCCCTGGA-1,Layer_3,3
GGAGTTGATTCTGTGT-1,Layer_5,5
GGATACTCATGAATTG-1,Layer_2,3
GGATCAAAGGACGAGG-1,Layer_1,2
GGATCAGAGCCATCAG-1,Layer_6,5
GGATCATCCCGTACGC-1,Layer_1,7
GGATCCCTACCAGCTA-1,Layer_3,1
GGATCCGGAATATACT-1,Layer_3,3
GGATCTTACTGCCCTT-1,WM,4
GGATCTTGACTCAACC-1,WM,5
GGATGAAGATCGCTGA-1,Layer_3,3
GGATGACGCGAGTTTA-1,Layer_4,1
GGATGCTGGCGTTCCT-1,Layer_5,5
GGATGGCTTGAAGTAT-1,Layer_6,5
GGATGTCCTTACCGCA-1,Layer_3,3
GGATTAAGCTAAGGTC-1,Layer_1,2
GGATTAATCATGGACC-1,Layer_6,5
GGATTCAGTACGGTGG-1,Layer_3,1
GGATTCCGCTATACCC-1,Layer_1,2
GGATTGCTGTGACTCC-1,Layer_5,5
GGATTTCACTTCTATA-1,Layer_3,3
GGCAAAGGCGCCAATA-1,Layer_6,5
GGCAAATTACTTTACT-1,Layer_4,1
GGCAAGCCAGGGATAG-1,Layer_1,7
GGCAAGCCCATAGTGG-1,WM,5
GGCAAGGCGAAATAGC-1,Layer_4,1
GGCAATAGTCAATGAG-1,Layer_3,1
GGCACTCCACTGGGCA-1,Layer_4,1
GGCACTGCGGTGGTTT-1,Layer_6,5
GGCAGAGAGATCGGGA-1,Layer_5,5
GGCAGCAAACCTATGC-1,Layer_3,1
GGCAGCGGTAATCCTA-1,Layer_1,7
GGCATACAGGTAGCGG-1,Layer_4,1
GGCATATCGGTTCTGC-1,Layer_1,2
GGCATCAACGAGCACG-1,Layer_1,2
GGCATTGAACATCTCA-1,WM,5
GGCCAATTGTATAGAC-1,Layer_6,5
GGCCACAAGCGATGGC-1,Layer_1,2
GGCCACACGAAAGCCT-1,Layer_4,1
GGCCCAATCTAGAGGG-1,Layer_2,3
GGCCCAGCTGGTTTGC-1,Layer_6,5
GGCCCAGTTATCAGCA-1,Layer_1,7
GGCCCGGAGCATGTCT-1,Layer_2,3
GGCCCGTATACCATGC-1,Layer_1,7
GGCCCTCACCCACTTA-1,Layer_5,5
GGCCGAGACTCTGGTG-1,WM,4
GGCCGCAGGAACCGCA-1,Layer_5,5
GGCCGGCGTCTGCTAT-1,Layer_6,5
GGCCGTTTGGGTTTCA-1,Layer_6,5
GGCCTGCTCTGATGTT-1,WM,5
GGCCTGCTTCTCCCGA-1,Layer_4,1
GGCCTTTGCAACTGGC-1,Layer_5,5
GGCGAAATCTAACTTG-1,Layer_3,1
GGCGAACCGTTCTGAT-1,Layer_1,7
GGCGAGCATCGAGGAC-1,Layer_1,3
GGCGCAGGACATCTTC-1,Layer_5,5
GGCGCATGAATTGATG-1,Layer_4,1
GGCGCGGAGATCTTTC-1,Layer_5,5
GGCGCGTTCGAGTTTA-1,Layer_5,1
GGCGCTCCTCATCAAT-1,Layer_3,1
GGCGCTTCATTCCCTG-1,Layer_6,5
GGCGGAGTAATATTAG-1,Layer_3,1
GGCGGTAGGATCATTG-1,Layer_3,1
GGCGGTTTGCCGGTGC-1,Layer_3,1
GGCGTACCCTATATAA-1,Layer_1,2
GGCGTAGGGAAAGCTG-1,Layer_6,5
GGCGTCCTATCCGCTG-1,Layer_4,1
GGCTAAAGGGCGGGTC-1,Layer_1,7
GGCTAATGATTGAAAT-1,Layer_1,7
GGCTACTATACACTCC-1,WM,4
GGCTATTAAGTTGTAT-1,Layer_4,1
GGCTCCTCCACCTGTT-1,WM,5
GGCTCGCGTTGAGGTA-1,Layer_3,3
GGCTCGTGCCACCAGC-1,Layer_3,1
GGCTCTGCTCCAACGC-1,Layer_3,3
GGCTGAAATAGCAAAG-1,Layer_4,1
GGCTGAGCATCGTAAG-1,Layer_1,7
GGCTGGCAATCCCACG-1,Layer_6,5
GGCTGGCTAGCTTAAA-1,Layer_3,3
GGCTTCTCGTGGGTGG-1,Layer_6,5
GGCTTGGCTCTCACCT-1,Layer_5,1
GGCTTTCAATAAGGGT-1,Layer_6,5
GGGAACCACCTGTTTC-1,Layer_1,2
GGGAACGGGAGGTTAG-1,Layer_5,5
GGGAACGGTTTCAGAT-1,WM,4
GGGAAGACGGTCTGTC-1,Layer_6,5
GGGAAGGGCTTTCTCA-1,Layer_5,5
GGGAATGAGCCCTCAC-1,Layer_1,7
GGGAATTCTGTCCAGT-1,Layer_5,5
GGGACAGAGTTACTCC-1,WM,1
GGGACCCGTATATCTT-1,Layer_6,5
GGGACTGCATAGATAG-1,Layer_3,1
GGGAGAACTCACAGTA-1,Layer_3,1
GGGAGCGACCGTAGTG-1,Layer_6,5
GGGAGGATGCCCGAAA-1,Layer_4,1
GGGAGTAATGGCTGGC-1,Layer_2,3
GGGAGTTAATGAGGCG-1,Layer_3,1
GGGATACGGTAATAAT-1,Layer_4,1
GGGATCCCAATACAAA-1,Layer_1,7
GGGATGGTCGTAACCG-1,Layer_5,5
GGGATTTACCGCACCT-1,Layer_3,1
GGGCAACCGCACGTGC-1,WM,1
GGGCACGAATTGGCCG-1,Layer_5,5
GGGCACGTAGTACTGT-1,WM,4
GGGCAGAGCAATCGTT-1,Layer_6,5
GGGCAGTCAACGCCAA-1,Layer_6,5
GGGCATGCATGTCGAG-1,WM,4
GGGCCCGTCTTAAACA-1,Layer_5,1
GGGCCCTACGAAAGGG-1,Layer_5,5
GGGCCCTTATCTATAC-1,Layer_5,5
GGGCCGGCCGAAGTAC-1,Layer_3,3
GGGCCTAAATGGGCTA-1,Layer_6,5
GGGCCTATACAACCGG-1,Layer_3,3
GGGCCTATTTAAGTAT-1,Layer_1,7
GGGCGAATTTCTCCAC-1,Layer_3,1
GGGCGATATGTGTGAA-1,Layer_3,1
GGGCGCAGCGTTACTC-1,Layer_1,3
GGGCGGCAAATGAATT-1,Layer_5,5
GGGCGGGTTCCCTACG-1,Layer_5,5
GGGCGGTCCTATTGTC-1,Layer_3,3
GGGCGTACATTTATAT-1,Layer_3,1
GGGCGTCACCACGTAA-1,Layer_5,5
GGGCGTCCACTGGCTC-1,Layer_1,2
GGGCGTGGTTTCCCAG-1,Layer_5,5
GGGCTATGATCGATGG-1,Layer_6,5
GGGCTCATCGAACCCA-1,Layer_2,3
GGGCTGCCTAGGGCGA-1,Layer_3,1
GGGCTGGTTAGTCGCG-1,Layer_3,1
GGGTAATGCTGTGTTT-1,Layer_3,3
GGGTACCCACGGTCCT-1,Layer_3,1
GGGTACTTCATGAACT-1,Layer_4,1
GGGTATGTATGCACTT-1,Layer_4,1
GGGTATTCTAGCAAAC-1,WM,1
GGGTCACCGTGACGGT-1,Layer_4,1
GGGTCACGTGCTTATG-1,Layer_2,3
GGGTCACTGAGTAGTG-1,Layer_3,3
GGGTCAGGAGCTAGAT-1,WM,5
GGGTCATGCGTACCAT-1,Layer_3,1
GGGTCGTGGCAAGTGT-1,Layer_1,7
GGGTCTATCGCTTTCC-1,Layer_5,5
GGGTGACACCTTAACT-1,Layer_5,1
GGGTGCATATGAAAGC-1,Layer_1,7
GGGTGGTCCAGCCTGT-1,Layer_1,2
GGGTGTTTCAGCTATG-1,Layer_2,3
GGGTTAACATTTGAGT-1,Layer_6,5
GGGTTCAGACGAACAA-1,Layer_3,1
GGGTTTAGGATAGGAT-1,Layer_3,1
GGGTTTCCGGCTTCCA-1,Layer_1,3
GGTAAACTCTGCGCTG-1,Layer_5,5
GGTAAATGTGCGTTAC-1,Layer_1,2
GGTAACCGGGAGGATA-1,WM,5
GGTAACTATGTATCTG-1,Layer_3,3
GGTACAAACATGCTAT-1,Layer_4,1
GGTACACCAGATTTAT-1,Layer_1,7
GGTACATCTGGGACGA-1,Layer_5,5
GGTACCATTAAGACGG-1,Layer_1,3
GGTACGTTGCGGCCGG-1,Layer_5,5
GGTAGAAGACCGCCTG-1,Layer_5,5
GGTAGACCGTTGGGCG-1,Layer_5,5
GGTAGTGCTCGCACCA-1,Layer_3,1
GGTATAGTGACACATA-1,Layer_2,3
GGTATGAAAGAACTGA-1,Layer_5,5
GGTATTGCCGAGTTTA-1,Layer_3,1
GGTCAAGACTACTTCG-1,Layer_4,1
GGTCACGTTAGATTCA-1,Layer_2,3
GGTCAGTGGGTCCCAC-1,Layer_5,1
GGTCATTGTAGTCATA-1,Layer_1,7
GGTCCCATAACATAGA-1,Layer_2,3
GGTCCTTCATACGACT-1,Layer_3,1
GGTCGGATAAACGGCG-1,Layer_1,7
GGTCGGCCAGGAGCTT-1,Layer_3,3
GGTCGGTAATTAGACA-1,Layer_3,3
GGTCGGTCGTCCACAG-1,Layer_6,5
GGTCGTAAGCTCGCAC-1,Layer_6,5
GGTCTCCGTCCAGGTT-1,Layer_5,5
GGTCTCTGAATGGACT-1,Layer_6,5
GGTCTGAGAATCTGGA-1,Layer_3,3
GGTCTTGAGCGCTCTT-1,Layer_6,5
GGTGAAACCGGGAATG-1,Layer_1,2
GGTGAACGGGCTAGCC-1,Layer_3,3
GGTGAAGTACAGGGAT-1,Layer_5,5
GGTGAGATGCAGATAA-1,Layer_3,1
GGTGATAAGGAGCAGT-1,Layer_3,1
GGTGATGAAGGAAGTG-1,Layer_5,5
GGTGATTTCATCTTGT-1,Layer_2,3
GGTGCAGAGCCTATCG-1,Layer_1,7
GGTGCATAAATGATTA-1,WM,4
GGTGCGGATAAGTGGC-1,Layer_3,3
GGTGCTGATCACAAAG-1,Layer_4,1
GGTGCTGGTACACATT-1,Layer_5,1
GGTGGACCACGTGTTA-1,Layer_1,3
GGTGGACTGCTCTGGC-1,Layer_5,1
GGTGTAAATCGATTGT-1,WM,5
GGTGTAGGTAAGTAAA-1,WM,4
GGTGTTCTGTTTCTAC-1,Layer_1,2
GGTTACCACCCTCGGG-1,Layer_5,5
GGTTAGCTATATGTCT-1,Layer_3,1
GGTTAGGCTTGGAGAA-1,Layer_3,1
GGTTAGTTACGGCGCC-1,Layer_4,1
GGTTCCACCCGCTTCT-1,Layer_1,2
GGTTCCCTAGTGTCTC-1,Layer_3,3
GGTTCGATGCTGAGTT-1,Layer_3,3
GGTTCGGATTATACTA-1,Layer_6,5
GGTTCTACTCGTCTGA-1,Layer_3,3
GGTTGTATCGTGAAAT-1,Layer_1,2
GGTTGTGCTCTTGTCC-1,Layer_4,1
GGTTGTGTAGCCTGGC-1,Layer_5,5
GGTTTAATTACCATCG-1,WM,4
GGTTTAATTGAGCAGG-1,Layer_1,7
GGTTTACAATCTCAAT-1,Layer_3,3
GGTTTAGCCTTTCTTG-1,Layer_3,1
GGTTTCAATCGGTCAG-1,Layer_3,3
GGTTTGACAAGAAGCT-1,Layer_1,7
GGTTTGAGTGCTGGAA-1,Layer_3,3
GGTTTGCGAACACGTA-1,Layer_1,7
GGTTTGTGACCTGAGG-1,Layer_5,5
GTAACAACTGACCTTG-1,Layer_1,3
GTAACATCAGCTCATC-1,Layer_3,3
GTAACATCTAAGATAA-1,Layer_4,1
GTAACTGCCCAAGGAG-1,WM,4
GTAACTTGCGGCAGTC-1,Layer_3,3
GTAAGCGGGCAGTCAG-1,Layer_3,3
GTAAGGATTTGTCGGA-1,Layer_1,2
GTAAGTAACAGTCTGG-1,Layer_3,1
GTAAGTAGGGTATACC-1,Layer_3,1
GTAAGTCCACACTCTA-1,Layer_3,3
GTAATAAAGGGCTCCC-1,Layer_2,3
GTAATCTGATTCTTCG-1,Layer_5,5
GTACACTTACCTGAAG-1,Layer_3,1
GTACAGAGGCAAGGGT-1,Layer_3,1
GTACGACGGCGCTGCG-1,Layer_3,3
GTACGAGATTGCGACA-1,Layer_3,3
GTACGCTTCATTGCAC-1,Layer_4,1
GTACGTCACGTATTAA-1,Layer_1,7
GTACGTTTGCCCGTCA-1,Layer_4,1
GTACTAAGATTTGGAG-1,Layer_3,1
GTACTACGGCCTCGTT-1,Layer_6,5
GTACTCCCTTATCGCT-1,Layer_5,5
GTACTCCTGGGTATGC-1,Layer_1,7
GTACTGAGGTCGTAAC-1,Layer_2,3
GTACTGCATGAAGCGT-1,Layer_3,3
GTACTGGAGTTAGACC-1,Layer_3,3
GTACTTGGGCACTTCT-1,Layer_3,1
GTAGAAACGGGTGGAG-1,Layer_4,1
GTAGACAACCGATGAA-1,Layer_1,2
GTAGACACGCCTGACT-1,Layer_6,5
GTAGACGTCGTTACAT-1,Layer_3,3
GTAGAGGGAGACAAGT-1,Layer_6,5
GTAGCCAAACATGGGA-1,Layer_5,1
GTAGCGCTGTTGTAGT-1,Layer_1,2
GTAGCGGCTATACACT-1,Layer_3,1
GTAGCTAGTAAGCGCG-1,Layer_1,2
GTAGCTCCGGGAGGCT-1,WM,4
GTAGCTTCCTCTTGTT-1,Layer_3,3
GTAGGTGATCCGTGTA-1,Layer_1,2
GTAGTCGCGGGAATCA-1,Layer_4,1
GTAGTCTACGATATTG-1,Layer_6,5
GTAGTGAGCAACCTCA-1,Layer_5,5
GTAGTTAGACAATATA-1,Layer_3,3
GTAGTTCGAAGGCGAA-1,WM,4
GTATAATCTCCCGGAT-1,Layer_3,1
GTATAGGACTCAGTAG-1,Layer_3,3
GTATAGTGGCCCATGT-1,Layer_1,2
GTATATGTTACGGCGG-1,Layer_3,3
GTATCAAACGTTAGCT-1,Layer_4,1
GTATCAAGGTACTTCC-1,WM,5
GTATCAGCTTGGGTTC-1,Layer_3,1
GTATCCTTTGGTAACC-1,Layer_5,5
GTATCGGGACGAGCTG-1,Layer_3,3
GTATCTCAGTCTTGAC-1,WM,1
GTATCTCCCTAACTGT-1,Layer_1,2
GTATCTTGTTGCTCAC-1,Layer_1,2
GTATCTTTCATAACCA-1,Layer_4,1
GTATGAAATTTCACTC-1,WM,5
GTATGACGTGGGAAAC-1,Layer_2,3
GTATGTGGGTCTAGTT-1,Layer_3,3
GTATTAAGGCGTCTAA-1,Layer_3,1
GTATTAGGGTTCGCGT-1,Layer_2,3
GTATTCTGAGAAACGA-1,Layer_5,5
GTATTCTTACCGTGCT-1,Layer_3,3
GTCAAAGAAGTGGTGT-1,WM,1
GTCAAAGTTTACATAG-1,Layer_3,3
GTCAACCAGGCCTATA-1,Layer_5,5
GTCAAGCGGACTCGGG-1,Layer_3,1
GTCAATGCTATAATTT-1,Layer_1,7
GTCAATTGTACTGAAG-1,Layer_1,2
GTCACAAAGTTTCCAA-1,Layer_1,2
GTCACCTGTCTATGTC-1,Layer_2,3
GTCACTCTCCAAATCT-1,Layer_3,1
GTCAGAATAGTCTATG-1,Layer_4,1
GTCAGTTGTGCTCGTT-1,Layer_1,2
GTCAGTTTGGTAGTCG-1,Layer_5,1
GTCATCTCCTACAGCT-1,Layer_3,1
GTCATGCACCTCCGTT-1,Layer_3,1
GTCATGCGCGAGGGCT-1,Layer_5,5
GTCATGGACATGACTA-1,Layer_3,1
GTCATTAGAGCGAACG-1,Layer_3,1
GTCATTGCATTGACCC-1,Layer_5,1
GTCCAATATTTAGCCT-1,WM,5
GTCCACGTCGCATTCG-1,Layer_5,5
GTCCAGGCACGTGTGC-1,WM,4
GTCCATTACTGCTACG-1,Layer_3,3
GTCCCAACGTAAAGTA-1,Layer_3,1
GTCCCAATCATCCCGC-1,Layer_6,5
GTCCCGCGACGTTATG-1,Layer_5,5
GTCCGAGAGCAATCAT-1,Layer_5,5
GTCCGGACCTGAAATT-1,Layer_5,1
GTCCGGCTGAATTGCG-1,Layer_3,1
GTCCGGGTTCACATTA-1,Layer_6,5
GTCCGTTAGAGGGCCT-1,WM,5
GTCCTACAGGCGGCTC-1,Layer_3,1
GTCCTACGAATAGTCT-1,Layer_4,1
GTCCTATTGTTGTGGT-1,Layer_5,5
GTCCTTCTACAACCCA-1,Layer_4,1
GTCCTTCTAGTGGGTT-1,Layer_1,2
GTCCTTTAATGACTTC-1,Layer_1,3
GTCGCCGTTGTGTGTT-1,Layer_6,5
GTCGCGTAACCCGTTG-1,Layer_3,1
GTCGGAAGGATACCAG-1,Layer_1,7
GTCGGATATCTCAGAC-1,Layer_4,1
GTCGGATGTAGCGCGC-1,Layer_1,2
GTCGGGAACATGGTAG-1,Layer_6,5
GTCGGGAAGCAGAAAC-1,Layer_6,5
GTCGTACCATCTCGGG-1,Layer_5,1
GTCGTACCTACGATTG-1,Layer_5,5
GTCGTATTGGCGTACA-1,Layer_1,2
GTCGTCAATTATAAGG-1,Layer_2,3
GTCGTGTCTGGTCATC-1,Layer_1,7
GTCGTTATTCGCTTAT-1,Layer_4,1
GTCTAAGATGCCCAGC-1,Layer_3,3
GTCTACTCAATTACAA-1,Layer_5,5
GTCTAGTGAGCCGCTT-1,Layer_6,5
GTCTATCTGAGTTTCT-1,Layer_5,1
GTCTATTGCATGCTCG-1,Layer_5,5
GTCTATTGGTTCCGGT-1,Layer_4,1
GTCTCAAGGCCCGGCT-1,Layer_6,5
GTCTCCGCCTCAATAC-1,WM,5
GTCTCGACTAAGTTTG-1,Layer_1,7
GTCTCGATCTGCTTTC-1,Layer_1,3
GTCTCGCCAACACGCC-1,Layer_1,2
GTCTGCCGACTCGACG-1,Layer_6,5
GTCTGGGCGGTCGAGA-1,Layer_5,5
GTCTTAGTACAGCCGG-1,Layer_1,2
GTCTTCCTCACCTAAG-1,Layer_5,5
GTCTTGAGGAGCAGTG-1,Layer_2,3
GTCTTGTAGCTATTCA-1,Layer_3,3
GTGAAACGGCGCCACC-1,Layer_2,3
GTGAAACGTGCTCCAC-1,Layer_3,3
GTGAACTCCCATTCGA-1,Layer_2,3
GTGAAGATTTCAAGTG-1,Layer_1,7
GTGAAGCCGTATAGTC-1,Layer_1,7
GTGACAGCTTCCCACT-1,Layer_6,5
GTGACCGCACACTACG-1,Layer_3,3
GTGACGAGGGTGACCC-1,Layer_1,3
GTGACGCAGGTTTCAT-1,Layer_6,5
GTGACTTCAGTAGTGC-1,Layer_5,5
GTGAGATAACCTTATA-1,WM,4
GTGAGCGTGCTGCACT-1,Layer_5,5
GTGAGGACACTTAAGG-1,Layer_3,1
GTGAGGAGCGGTTGAG-1,Layer_1,2
GTGAGTCTAAGACGGA-1,Layer_4,1
GTGAGTGGTACAACGC-1,Layer_5,5
GTGATCAAGCGTGCAC-1,WM,4
GTGATCACTAACGCCT-1,Layer_3,1
GTGATCATAGATCTGC-1,Layer_5,1
GTGATCCTTGTCATGA-1,Layer_5,5
GTGATGCACAACATCT-1,Layer_1,7
GTGATTCGCCGCTCAA-1,Layer_5,5
GTGCAACAAATGTGGC-1,Layer_1,3
GTGCACCAGCTTCAAC-1,WM,5
GTGCACGAAAGTGACT-1,Layer_1,3
GTGCCATCACACGGTG-1,Layer_5,5
GTGCCCGTTCGGATTC-1,Layer_3,1
GTGCCGCTTCAAAGGT-1,Layer_5,5
GTGCCTAGCTATGCTT-1,Layer_3,1
GTGCCTCAGTGTACGG-1,Layer_1,2
GTGCCTGAGACCAAAC-1,Layer_6,5
GTGCGAAATCGAACAC-1,Layer_5,5
GTGCGACAGGGAGTGT-1,Layer_3,3
GTGCGCAGCTTGCTCC-1,Layer_2,3
GTGCGCTTACAAATGA-1,Layer_1,2
GTGCGGGACCATCGGC-1,Layer_2,2
GTGCGGGTCTCCAAAT-1,Layer_3,3
GTGCGTGTATATGAGC-1,Layer_3,1
GTGCTCAAGTACTGTC-1,Layer_3,1
GTGCTGCAGATAAGGA-1,Layer_5,5
GTGCTGTTAGAACATA-1,WM,5
GTGCTTACATCAGCGC-1,Layer_3,1
GTGGAACCTACATGCG-1,Layer_1,2
GTGGACCAACCCGATT-1,Layer_5,5
GTGGACGCATTTGTCC-1,Layer_5,5
GTGGACGTGCTGAGAC-1,Layer_3,1
GTGGAGTCGGCGGTTG-1,Layer_6,5
GTGGCAAACAGCGGCA-1,Layer_6,5
GTGGCCTAATATCATT-1,Layer_5,5
GTGGCGGGCCGTAGCT-1,Layer_1,2
GTGGCGGTCCCAGCGT-1,Layer_5,5
GTGGCGTGCACCAGAG-1,Layer_2,3
GTGGCTGTTTCTGTTC-1,Layer_6,5
GTGGGAACAAACCGGG-1,WM,4
GTGGGAAGACTGAATC-1,Layer_6,5
GTGGGCTTAGACACAC-1,Layer_3,1
GTGGGTCTTCTTTGCG-1,Layer_2,3
GTGGTATAGTCTGCCG-1,Layer_6,5
GTGGTCAGCGAAGTAT-1,Layer_1,2
GTGGTGGCCAAGTGAA-1,Layer_4,1
GTGGTTACTTCTTTCG-1,Layer_2,3
GTGGTTTCCGCCTTTC-1,Layer_5,5
GTGTACCTTGGCTACG-1,Layer_3,3
GTGTATATCAGCGGGC-1,Layer_5,5
GTGTATGACTTTAAAG-1,Layer_1,2
GTGTCAGTGTACGTGG-1,WM,4
GTGTCCGATAAGGCAT-1,Layer_2,3
GTGTCGTATAGCGTTC-1,Layer_5,5
GTGTCGTATTCACCTT-1,Layer_2,3
GTGTGAATAACTTAGG-1,Layer_3,3
GTGTGAGCCGAGGTGC-1,Layer_1,2
GTGTGTCGACGTCGCT-1,Layer_3,1
GTGTTACTATGCGTCC-1,Layer_3,1
GTTAAAGTAGGACTGG-1,Layer_4,1
GTTAACATCACTTAAA-1,Layer_5,5
GTTAACTATGTTGTCA-1,Layer_3,3
GTTAAGGGTGCGATGT-1,Layer_6,5
GTTAAGTTAGAGTGGG-1,Layer_2,3
GTTAATGTCTATCTTA-1,Layer_5,5
GTTACAATTGGTGACG-1,Layer_5,5
GTTACCTACAACTTGC-1,Layer_4,1
GTTACGAAATCCACGC-1,Layer_1,2
GTTACGGCCCGACTGC-1,Layer_1,2
GTTACTTTGGGCCTAG-1,Layer_5,1
GTTAGAGTGTGCCGCT-1,Layer_1,2
GTTAGCCCATGACATC-1,Layer_6,5
GTTAGCCGTAAATCAA-1,Layer_1,7
GTTAGGCTACCCGTTT-1,WM,1
GTTATAATACGGTGAA-1,Layer_4,1
GTTATATCAGGAGCCA-1,Layer_1,7
GTTATATTATCTCCCT-1,Layer_5,5
GTTATCAAGCTATCGA-1,Layer_6,5
GTTATCACCTTCTGAA-1,Layer_1,2
GTTATTAAATACGACC-1,Layer_1,2
GTTATTAACGTGGGAG-1,Layer_3,1
GTTCAAATCAGATGTC-1,Layer_4,1
GTTCAATCTATGTCAA-1,Layer_1,2
GTTCACAGGAGTCTAG-1,Layer_4,1
GTTCAGTCGCCAAATG-1,WM,5
GTTCATCGTTTGGCTG-1,Layer_2,3
GTTCCAAGACAGCGAC-1,Layer_2,3
GTTCCAGTCTGACCAT-1,Layer_3,3
GTTCCCGTAAACATAT-1,Layer_4,5
GTTCCGTCCGCCTGCA-1,WM,4
GTTCGCCATAAGTGCC-1,Layer_4,1
GTTCGCTGAGACGTCT-1,Layer_3,1
GTTCGGAGCACTCAAC-1,Layer_5,5
GTTCGGATCGGGAACA-1,Layer_3,3
GTTCGGGCGTACCATT-1,Layer_2,3
GTTCGTCTAAAGAACT-1,Layer_4,1
GTTCGTCTGGGTCCCT-1,Layer_1,7
GTTCGTTGCGGACCAG-1,Layer_1,2
GTTCTTCCCTCGATGT-1,Layer_3,3
GTTCTTGTAACTCAAT-1,WM,5
GTTGAACCGGTTCCAT-1,Layer_5,5
GTTGAGTCCCGCCGGT-1,Layer_5,1
GTTGCACGGAGTTTCG-1,Layer_3,1
GTTGCGCTAACATTAC-1,Layer_3,3
GTTGGACCGCATCAGG-1,Layer_1,7
GTTGGATTCAGTGGCT-1,Layer_1,7
GTTGGATTGAGAACAC-1,Layer_3,3
GTTGGATTTGCGTTGG-1,Layer_4,1
GTTGGTCATGCTATCC-1,Layer_5,5
GTTGTAGATTTATGAG-1,WM,5
GTTGTCGTGTTAGTTG-1,Layer_3,3
GTTGTTACATTGCGCT-1,Layer_1,7
GTTTACGTTCCATCTG-1,Layer_5,1
GTTTATGGGATTTAGA-1,Layer_4,1
GTTTCAAACGAGTTGT-1,Layer_5,5
GTTTCATATCGTCGCT-1,Layer_5,5
GTTTCCTGGAGGGTGA-1,Layer_3,1
GTTTCTAGAGGCGCGG-1,Layer_6,5
GTTTCTGCAGTCTCCC-1,Layer_3,1
GTTTGACCAAATCCTA-1,Layer_3,1
GTTTGAGCGGTTATGT-1,Layer_1,2
GTTTGGCCCAAGTTAT-1,Layer_3,1
GTTTGGCCGCTCAGCG-1,Layer_3,3
GTTTGGCGTCAGGCAC-1,Layer_3,3
GTTTGGGCTTGTGAGC-1,Layer_5,5
GTTTGGGTTTCGCCCG-1,Layer_5,5
GTTTGGTAGGGTCAAC-1,Layer_5,5
GTTTGGTGATCGGTGC-1,WM,4
TAAACCCAGGAGGGCA-1,Layer_6,5
TAAACGTCGTCAATGA-1,Layer_3,1
TAAAGACAACCCTTTA-1,Layer_3,3
TAAAGAGCCCGAAACC-1,Layer_2,3
TAAAGCGGTATTTCCA-1,WM,5
TAAAGCGTTAGGAGAA-1,Layer_2,3
TAAAGCTGCAATAGGG-1,Layer_1,7
TAAAGGAGAAACTAGT-1,Layer_1,2
TAAATCTTTACACCTC-1,Layer_1,7
TAAATGAATCCGTTTC-1,Layer_3,1
TAAATGCCGTCTCATG-1,Layer_1,7
TAAATTGTGGGTAAAG-1,WM,5
TAAATTTAGTAACACC-1,WM,4
TAACAAAGGGAGAAGC-1,Layer_3,1
TAACAATATTTGTTGC-1,Layer_4,1
TAACAGCGTTTGTGCT-1,WM,4
TAACAGGTTCCCTTAG-1,WM,5
TAACATACAATGTGGG-1,Layer_3,1
TAACATACACGCGATC-1,WM,5
TAACCGCCCGCAGTGC-1,Layer_2,3
TAACCGTCCAGTTCAT-1,Layer_2,3
TAACCTACCGTCCGAG-1,Layer_3,3
TAACCTAGGGAGTCCA-1,Layer_5,5
TAACGCTTTGAGAGCG-1,Layer_3,1
TAACTATCGAAGGTCC-1,Layer_3,1
TAACTATTACGCCAAA-1,Layer_1,7
TAACTCATCCGCGCGG-1,Layer_5,1
TAACTCCATGGAGGCT-1,Layer_3,1
TAAGATTTAGCGGGAG-1,Layer_1,2
TAAGCAGGCGACACGC-1,Layer_5,5
TAAGCCCTTACGACCA-1,Layer_1,7
TAAGGAACTTGTGGGA-1,Layer_3,3
TAAGGCAACATAAGAT-1,Layer_3,3
TAAGGCATAACATCAA-1,Layer_6,5
TAAGGCCCGTCACCCT-1,Layer_6,5
TAAGGCTGAATCCCTC-1,Layer_3,1
TAAGGGCCTGTCCGAT-1,Layer_5,1
TAAGGGCTGGGAGAGG-1,Layer_5,5
TAAGTAAATGTGCCGC-1,Layer_1,3
TAAGTAACATCTTGAC-1,Layer_5,5
TAAGTCGCCGAGTATC-1,Layer_6,5
TAAGTTGCGACGTAGG-1,Layer_4,1
TAATAAACAAGGAGAT-1,Layer_1,2
TAATACACAGTAGTAT-1,Layer_3,3
TAATACTAGAACAGAC-1,Layer_6,5
TAATAGAACAGAGTTA-1,Layer_6,5
TAATAGGTCACCAGAA-1,WM,4
TAATAGTGACGACCAG-1,Layer_3,3
TAATATTGAAATTCGC-1,Layer_3,3
TAATCAGGAATGCTGC-1,Layer_3,3
TAATCGATCCGTACGT-1,Layer_1,3
TAATGAAAGACCCTTG-1,Layer_4,1
TAATTACGTCAGTAGA-1,Layer_5,5
TAATTAGATGGATATG-1,Layer_3,3
TAATTAGGACATCCGT-1,Layer_3,3
TAATTGGAATCGGGAA-1,Layer_1,7
TAATTTCCGTCCAGTA-1,Layer_6,5
TACAAATTGCGGAGGT-1,Layer_1,2
TACAACGCACAACTCA-1,Layer_5,1
TACAAGCTGTTCACTG-1,Layer_1,2
TACAAGGGCTTCTTTA-1,Layer_6,5
TACAAGTCTCGTGCAT-1,Layer_4,1
TACAATGAAACCAGCA-1,Layer_1,2
TACACAGCCGTGGTGC-1,WM,5
TACACCGTCGTTAGTC-1,Layer_1,7
TACACCTCTTCGAATC-1,Layer_6,5
TACAGAAACGGTGGGC-1,Layer_5,5
TACATAGGCATACACC-1,Layer_4,1
TACATCCCTATCCCTG-1,Layer_6,5
TACATCTTGTTTCTTG-1,Layer_3,1
TACATGACCTTATCCG-1,Layer_4,1
TACATTTCTAACGTGC-1,Layer_4,1
TACCAAATAGCCCAGA-1,Layer_6,5
TACCAATAAAGTACCA-1,Layer_5,5
TACCAGAAGTAGGTTC-1,Layer_5,5
TACCAGCTAGGTTTAA-1,Layer_1,2
TACCAGGAATCCCGTC-1,WM,4
TACCGAATAATTGTAA-1,Layer_6,5
TACCGCGGACTTGCAG-1,Layer_3,3
TACCGGCTCACTGCCC-1,Layer_5,1
TACCGGTCGTTTCCAT-1,Layer_5,5
TACCGTAGGTTAACTA-1,Layer_6,5
TACCGTGCCTCGGACC-1,Layer_5,1
TACCTACTCCCAGTAT-1,Layer_6,5
TACCTATCCCTAGAGG-1,Layer_6,5
TACCTCACGCTTGTAC-1,Layer_3,3
TACCTCAGTTGTCTGT-1,Layer_6,5
TACCTCCACACCAATG-1,WM,4
TACCTGCTGCACTGTG-1,Layer_4,1
TACCTTAAGATTTCCC-1,Layer_6,5
TACGAACACGACTTCA-1,Layer_3,1
TACGACGCTTGCTGCG-1,Layer_5,1
TACGACTGCCTCTTAG-1,Layer_4,1
TACGAGAACTTCACGT-1,Layer_4,1
TACGATCCAAGCCACT-1,Layer_3,3
TACGATGTTGATCATC-1,Layer_4,1
TACGCAGTTCTTTCCT-1,Layer_4,1
TACGCCATATTCTAAT-1,Layer_4,1
TACGCCGAGGGTACCC-1,WM,5
TACGCCTCCATTCCGA-1,Layer_5,5
TACGCTATAGAAACCT-1,Layer_3,3
TACGCTCGGTATTGGA-1,Layer_5,5
TACGGAAGCCAAACCA-1,Layer_6,5
TACGGCATGGACGCTA-1,Layer_5,5
TACGGGATGCTAGCAG-1,Layer_1,3
TACGGGTAATAACATA-1,Layer_6,5
TACGTAAAGCGGAGTG-1,Layer_5,5
TACGTACTAGTGCTGA-1,WM,5
TACGTGCACTATGCTG-1,Layer_3,1
TACGTGGGCCCAGGGC-1,Layer_6,5
TACGTTTACCGGCAAT-1,Layer_5,5
TACTACGTGCAATGCG-1,Layer_6,5
TACTATGGTTCCTCAG-1,Layer_6,5
TACTCCTCTAGTTGAC-1,WM,4
TACTCGGCACGCCGGG-1,Layer_5,5
TACTCGTTTGAATCAA-1,Layer_6,5
TACTCTCCGAACAAAT-1,Layer_2,3
TACTCTTACTTTACTG-1,Layer_4,1
TACTCTTTCGTCTTCA-1,Layer_6,5
TACTGAACAGATTTAG-1,Layer_6,5
TACTGCAATCAATTAC-1,Layer_1,7
TACTGGACAGCTCGGC-1,Layer_5,5
TACTGTTTCTCTGGTA-1,Layer_3,1
TACTTAAACATGTACA-1,Layer_5,5
TACTTGTTAGTAGTCC-1,Layer_3,3
TACTTTACTGAGCCGG-1,Layer_2,3
TACTTTCCGCACGCCA-1,Layer_6,5
TAGAAACACAATAGTG-1,Layer_3,1
TAGAAACCACTAAGTA-1,Layer_1,2
TAGAAAGGTGGCGCTA-1,Layer_3,3
TAGAAATTCACGTATA-1,Layer_5,5
TAGAATAGCCGATGAA-1,Layer_5,5
TAGAATTAAGGGCAAC-1,Layer_1,2
TAGACGAAACGCCAAT-1,Layer_6,5
TAGACGCCCGTACCGG-1,Layer_3,3
TAGACTACCTAGCGTT-1,Layer_3,3
TAGAGATCATGCAACT-1,Layer_5,5
TAGAGCTACGAAGAAC-1,Layer_2,3
TAGAGGGAGTTTATCT-1,WM,5
TAGAGGTTCTACTTGT-1,Layer_4,1
TAGAGTCTAAGCGAAC-1,Layer_3,1
TAGATATGGACTGGAA-1,Layer_5,5
TAGATCCGAAGTCGCA-1,Layer_1,2
TAGATGGTTCCTTACT-1,Layer_5,1
TAGATTCAAAGTGCGG-1,WM,4
TAGATTCCTGGTTATT-1,Layer_5,5
TAGCAACCTGTCACAA-1,Layer_3,1
TAGCAGATACTTAGGG-1,Layer_6,5
TAGCAGTAAATACGCG-1,Layer_3,3
TAGCAGTATGACTAAA-1,Layer_5,5
TAGCCAGAGGGTCCGG-1,Layer_3,1
TAGCCATTTCAAAGTC-1,Layer_3,1
TAGCCGGCGGTCAGCG-1,Layer_3,3
TAGCGTCCCTCGATTG-1,Layer_3,1
TAGCGTCCGGTGTGGT-1,Layer_5,5
TAGCGTCGAATATTGA-1,Layer_5,5
TAGCGTTGGGTCTTAC-1,Layer_3,1
TAGCTAAGTCCGGGAG-1,Layer_3,1
TAGCTAGAAGGCATGA-1,Layer_5,5
TAGCTAGTGATGATGG-1,Layer_6,5
TAGCTCAGATCCTAGT-1,Layer_2,3
TAGCTCGCCTGATAAC-1,Layer_5,5
TAGCTGATGTGAAGCG-1,Layer_6,5
TAGGAACAGCCTCCAG-1,Layer_1,2
TAGGATCTTAACCGCA-1,WM,5
TAGGCATGTTACGCCA-1,Layer_2,3
TAGGCCTATATAGTCT-1,Layer_5,5
TAGGCTAAAGTGGCAC-1,Layer_5,5
TAGGGAGCTTGGGATG-1,Layer_3,3
TAGGGTGTTTCAAGAG-1,Layer_3,3
TAGGTCCAAGTAAGGA-1,Layer_4,1
TAGGTCGCCGGAACTG-1,Layer_2,3
TAGGTGACGATAACCT-1,Layer_5,5
TAGGTGAGCCCTACTC-1,Layer_3,1
TAGGTGCTCGCCTAGC-1,Layer_3,1
TAGGTGTTCCACAGAT-1,Layer_6,5
TAGGTTCGAGTTCGTC-1,Layer_3,1
TAGGTTCTGCTGAGAA-1,WM,5
TAGTACCTTAGTGGTC-1,Layer_3,1
TAGTAGCTTATACCAG-1,WM,5
TAGTCCCGGAGACCAC-1,WM,4
TAGTCCGCAGAGAATG-1,Layer_4,1
TAGTCCGTATGCATAA-1,Layer_3,1
TAGTCGATCACGGGTT-1,Layer_3,1
TAGTCGGGATTCTTCG-1,Layer_3,1
TAGTCTAACAACGAGA-1,Layer_5,5
TAGTCTGCGGCACATT-1,WM,4
TAGTCTGTGACGTTGC-1,Layer_1,7
TAGTCTTTCCGAATTG-1,Layer_3,1
TAGTGAGAAGTGGTTG-1,Layer_1,2
TAGTGCCCTCCAGAGT-1,Layer_3,1
TAGTGCTTGAATCCTT-1,Layer_3,1
TAGTGGAACTCATACA-1,Layer_1,2
TAGTGTCAGAAACGGC-1,Layer_3,1
TAGTTAAGATAGGATA-1,Layer_1,2
TAGTTTATTCTTGCTT-1,Layer_2,3
TATAAATCCACAAGCT-1,Layer_3,1
TATAAGTGAGGATAGC-1,Layer_3,1
TATACACAGACGCCTT-1,Layer_5,5
TATACACGCAAAGTAT-1,Layer_3,1
TATACGCGTCATCACT-1,Layer_6,5
TATACTCATGCGGCAA-1,Layer_3,1
TATAGAGTCGCTTGAA-1,WM,5
TATAGATGGTCGCAGT-1,Layer_3,3
TATAGCGCACGTTATC-1,Layer_6,5
TATAGGGTACTCATGA-1,Layer_5,5
TATATAGGGCTTTACG-1,WM,4
TATATATCGAGAAATG-1,WM,4
TATATCAAAGTGATCT-1,WM,4
TATATCATTGATCAGT-1,Layer_5,5
TATATCCCTGGGAGGA-1,Layer_3,3
TATATGCTGGGTTGCC-1,Layer_4,1
TATATTACAAATGTCG-1,Layer_1,7
TATATTCGCGTCGATA-1,Layer_1,2
TATCAAAGGTCTGTAA-1,Layer_5,1
TATCACAGCACGGGCA-1,Layer_1,2
TATCACCATGTAAAGT-1,Layer_1,2
TATCACCCAACCGACC-1,Layer_1,7
TATCACTTCGAGTAAC-1,Layer_1,7
TATCCAATTGGTTATC-1,Layer_5,5
TATCCATATCATGCGA-1,Layer_3,3
TATCCCTCGATCTGCA-1,Layer_6,5
TATCCGCACCGTCGGG-1,Layer_6,5
TATCCTATCAACTGGT-1,WM,4
TATCCTGCATGGGAAT-1,Layer_2,3
TATCGATCTATGCATA-1,Layer_1,2
TATCGATGATTAAACG-1,Layer_3,1
TATCTACAGAGGTAAT-1,Layer_4,1
TATCTACCACAGCGGG-1,Layer_4,1
TATCTAGCCTAAAGGA-1,Layer_5,5
TATGAAGAATTAAGGT-1,Layer_5,5
TATGAAGACAGGTGCG-1,Layer_4,1
TATGATAAATCTAACG-1,Layer_1,2
TATGATCCGGCACGCC-1,Layer_1,7
TATGATCTTCTCTTTA-1,Layer_5,5
TATGATTCTGCTTGGT-1,Layer_2,3
TATGCTCCCTACTTAC-1,Layer_3,3
TATGGAGTTTCTCGTT-1,Layer_2,3
TATGGATGTGCTACGC-1,Layer_3,1
TATGGCAGACTTTCGA-1,Layer_1,3
TATGGCCCGGCCTCGC-1,Layer_4,1
TATGGGACCGAGCAGG-1,Layer_3,1
TATGGGTACGTATCGT-1,Layer_3,1
TATGGTCTGAGTAACA-1,Layer_3,1
TATGGTTAGTGGGAGA-1,Layer_3,3
TATGTAAAGTGCTTAA-1,WM,4
TATGTCAAGACCGACT-1,Layer_1,2
TATGTCTCATTGTGCC-1,Layer_3,3
TATTAACCTGACCGCG-1,Layer_6,5
TATTACCATCCTGCTT-1,Layer_3,3
TATTATGTTTGCCTGC-1,WM,1
TATTCAATTCTAATCC-1,Layer_3,1
TATTCCACTCAGCTCG-1,Layer_5,5
TATTCCGAGCTGTTAT-1,Layer_5,1
TATTCCGGCAGTCCTA-1,Layer_1,2
TATTCCTCCGCCCACT-1,Layer_6,5
TATTCGTGCCAGAATA-1,Layer_3,1
TATTGACATTTCTGCC-1,Layer_1,3
TATTGCCGGGCTTGTA-1,Layer_5,5
TATTTAGTCTAGATCG-1,Layer_3,3
TATTTATACCGAGTAG-1,Layer_1,2
TATTTGATTTGCACAG-1,Layer_3,1
TATTTGTTACCCTTTA-1,Layer_3,1
TCAAACAACCGCGTCG-1,Layer_3,3
TCAAACAATTAGGACA-1,Layer_3,3
TCAAACTTAGATTGTT-1,Layer_3,1
TCAAATTGTTGTGCCG-1,Layer_6,5
TCAAATTTGAGACTCA-1,Layer_6,5
TCAACAAAGATAATTC-1,Layer_6,5
TCAACACATTGGGTAA-1,Layer_3,3
TCAACATAGCGCCCTA-1,Layer_6,5
TCAACATCGACCGAGA-1,Layer_6,5
TCAACCATGTTCGGGC-1,Layer_3,1
TCAACGAGGAGACAAA-1,Layer_4,1
TCAACGCAGGAAATAA-1,Layer_6,5
TCAACGCGACCGGCAG-1,Layer_5,5
TCAACTAACGTATAAC-1,Layer_5,1
TCAACTGCAGAGTCAG-1,Layer_4,1
TCAAGAAATACTAGCT-1,Layer_2,3
TCAAGCGCGGACGGTA-1,Layer_4,1
TCAAGGTTACTACACC-1,Layer_3,1
TCAATACAATTGCTGC-1,Layer_5,5
TCAATACGCCGTCATG-1,Layer_6,5
TCACAAACCGAGGTAC-1,Layer_5,5
TCACAGATCCTCAAAC-1,Layer_3,1
TCACAGCAAACTCGAA-1,Layer_5,5
TCACAGGAGAATAAGA-1,Layer_6,5
TCACAGGGAATCGCAA-1,Layer_4,1
TCACAGGTTATTGGGC-1,Layer_3,1
TCACATCTTATCTGAT-1,Layer_4,1
TCACCCTCTTAAGATT-1,Layer_5,1
TCACCGCTCGGCACTC-1,Layer_3,3
TCACGATGTCCGTGGA-1,Layer_6,5
TCACGCATTGTAGATC-1,Layer_3,1
TCACGGTCATCGCACA-1,Layer_3,1
TCACGTGCCCGATTCA-1,Layer_3,1
TCACTACGACCAATGC-1,Layer_1,7
TCACTATCCCTTCGGT-1,Layer_6,5
TCACTATCGTGCAATC-1,Layer_1,2
TCACTCAGCGCATTAG-1,Layer_1,2
TCACTCGTGCAACGGC-1,Layer_1,2
TCACTCTTCGTCTGTC-1,Layer_3,1
TCAGAACCTCCACAGG-1,Layer_2,3
TCAGAACGGCGGTAAT-1,Layer_6,5
TCAGACGCTATAGAAG-1,Layer_4,1
TCAGAGGACGCGTTAG-1,Layer_6,5
TCAGATGGAGACGTAG-1,Layer_2,7
TCAGCAAATGCATCTC-1,Layer_3,3
TCAGCAGTAGGCCCTG-1,WM,5
TCAGCCAATCCGTAAA-1,Layer_5,5
TCAGCGCACGCCGTTT-1,Layer_6,5
TCAGGGCGACTTCCTT-1,Layer_5,1
TCAGGGCGCAAACTCG-1,Layer_3,1
TCAGGGTGCACGAAAC-1,Layer_1,2
TCAGGGTGTAACGTAA-1,Layer_3,3
TCAGGTTCTTTGAGAA-1,Layer_3,1
TCAGTACTGACCCGCG-1,Layer_3,1
TCAGTAGGGACTATAA-1,Layer_5,5
TCAGTGTATACGTCAT-1,WM,5
TCAGTTACGGAATGAT-1,Layer_1,2
TCATACTTACAGATCC-1,Layer_3,1
TCATATGAGCTTTGTT-1,Layer_6,5
TCATCACTCGAGCTCG-1,Layer_3,1
TCATCCCAGAGGGTGG-1,Layer_1,2
TCATCCTCAGCTGCTT-1,Layer_6,5
TCATCGACGACCGTCG-1,Layer_6,5
TCATCGATGGTCCCAA-1,WM,5
TCATGCAGGTTCTCAT-1,Layer_1,2
TCATTCGTATAATTTG-1,Layer_2,3
TCATTTAAGTCTCCGA-1,Layer_3,3
TCATTTAGAAGTGTGA-1,Layer_4,1
TCCAACTCAGCTATCT-1,Layer_6,5
TCCAACTTTAAATTCT-1,Layer_5,5
TCCAAGCCTAGACACA-1,Layer_6,5
TCCAATAAAGGCTACC-1,WM,5
TCCACAATGGTTTACG-1,Layer_3,1
TCCACATCGTATATTG-1,WM,5
TCCACCAAGACATAGG-1,Layer_6,5
TCCACCTCTAGCCTTT-1,Layer_6,5
TCCACTTTATCTAGGT-1,Layer_3,3
TCCAGAGCACCGGTTC-1,Layer_3,1
TCCAGATGTACGCCAA-1,Layer_1,7
TCCAGCGCTATAAGCG-1,Layer_3,1
TCCAGGCAGGACGATC-1,WM,4
TCCAGGCGAGTACGGT-1,Layer_3,1
TCCAGGGTATATACGA-1,Layer_6,5
TCCATTAGTTGGATAG-1,Layer_2,3
TCCATTCCCACTAGAG-1,Layer_1,7
TCCATTGTGACCTCGT-1,Layer_1,2
TCCCAAACAGACAACG-1,Layer_1,7
TCCCAAAGACGAAGGA-1,Layer_3,1
TCCCAAAGCCCTAAAT-1,Layer_3,3
TCCCACGGAGGGAGCT-1,Layer_1,2
TCCCACTCTCTTCCGG-1,Layer_2,3
TCCCAGCTTTAGTCTG-1,Layer_3,1
TCCCAGGCTTAGCTAA-1,Layer_3,1
TCCCGCGTACTCCTGG-1,Layer_3,3
TCCCGGGTGTGCTGCT-1,Layer_4,1
TCCCGGTCAGGAATTT-1,Layer_2,3
TCCCGTCAGTCCCGCA-1,Layer_3,3
TCCCGTCGCGTCATAG-1,Layer_1,7
TCCCGTGTGCAATTTG-1,Layer_3,1
TCCCTAGATCAATAGG-1,Layer_1,7
TCCCTCCGAAATCGTT-1,Layer_1,3
TCCCTCTTCTCAAGGG-1,Layer_5,5
TCCCTGGCGTATTAAC-1,WM,1
TCCCTGGCTCGCTGGA-1,Layer_4,5
TCCCTTAGATTACTCG-1,Layer_1,2
TCCCTTGTCTGAAACT-1,Layer_5,5
TCCGAACTTGGCTTAC-1,Layer_5,5
TCCGAAGTAGTCACCA-1,Layer_1,7
TCCGAATGGTCCTGAG-1,Layer_1,3
TCCGACCGCTAATCAA-1,WM,4
TCCGAGAAGGCTAAGC-1,Layer_1,2
TCCGATAATTGCCATA-1,Layer_2,3
TCCGATGACTGAGCTC-1,Layer_2,3
TCCGATGGTGCGACAT-1,Layer_3,1
TCCGATTACATTGCCG-1,Layer_4,1
TCCGCAGCCACCTAGC-1,Layer_3,1
TCCGCCTGTCTACAAG-1,Layer_5,5
TCCGCGGCAGCATCTG-1,Layer_3,3
TCCGCGGCCCAATGAA-1,Layer_4,1
TCCGCTGTCATCCCGG-1,Layer_4,1
TCCGCTTATCCCATTA-1,Layer_5,1
TCCGGAGGAAGGGCTG-1,Layer_1,7
TCCGGCCTAGCGTACA-1,Layer_2,3
TCCGGCCTGCATCGAT-1,Layer_1,2
TCCGGGCTTGACGGGA-1,Layer_5,5
TCCGGTTCGTCCGGTC-1,Layer_5,5
TCCGTAACCACAATCC-1,Layer_3,1
TCCGTTAAGCTAATAT-1,Layer_4,1
TCCGTTTAGCCTTGAA-1,Layer_3,3
TCCTAAAGATTCAGAC-1,Layer_6,5
TCCTAAATTGGGAAGC-1,Layer_5,5
TCCTAACCGTCGGGCA-1,WM,5
TCCTACATCCACGGCC-1,Layer_3,1
TCCTAGCAAAGAAGCT-1,Layer_5,5
TCCTCCTAAGACATTC-1,Layer_6,5
TCCTCGGGCTGGGCTT-1,Layer_3,1
TCCTCTACGAGATGGC-1,Layer_3,1
TCCTCTCCAGTTGTCC-1,Layer_4,1
TCCTCTGGCCCATTAG-1,Layer_1,2
TCCTGCCAACTGGAGA-1,Layer_1,2
TCCTGCGTTGATACTC-1,Layer_5,5
TCCTGGCGCTGCCTGG-1,Layer_1,7
TCCTTACGACGGTCCG-1,Layer_3,1
TCCTTCAATCCCTACG-1,Layer_6,5
TCCTTCAGTGGTCGAA-1,Layer_1,2
TCCTTGTCCTTTAATT-1,Layer_6,5
TCCTTTAAATCCGCTT-1,Layer_5,1
TCCTTTCTTACGCTTA-1,Layer_3,1
TCGAAATTTAGGACCA-1,Layer_3,1
TCGAAGAACCGAGCAC-1,Layer_3,1
TCGAATATCCCGCAGG-1,WM,5
TCGAGACCAACACCGT-1,Layer_4,1
TCGAGCCAGGCAGGCC-1,WM,5
TCGATAGGCTAGTCGC-1,Layer_1,2
TCGATTTACGAAACGA-1,WM,5
TCGCAAAGATGCATTT-1,Layer_4,1
TCGCACCAGGAGGCAG-1,Layer_4,1
TCGCACTAACGTTTGT-1,Layer_3,1
TCGCATAAAGGGCGCA-1,Layer_5,5
TCGCATCCCTAAGTGT-1,Layer_3,3
TCGCATTCAATGACTT-1,Layer_3,3
TCGCCCAACTGACTCC-1,Layer_1,3
TCGCCCACTGCGAGAG-1,Layer_5,5
TCGCCGAAGTTGCGTC-1,Layer_5,5
TCGCCGACATATTCGC-1,Layer_6,5
TCGCCGCACCGCGTGA-1,Layer_6,5
TCGCCGGATGGGCAAG-1,Layer_5,1
TCGCCGGTCGATCCGT-1,Layer_3,3
TCGCCTCCTTCGGCTC-1,Layer_6,5
TCGCCTCGACCTGTTG-1,Layer_3,3
TCGCGTAGCAGTGTCC-1,Layer_5,1
TCGCGTCCAGAAGGTC-1,Layer_4,1
TCGCTAAACCGCTATC-1,Layer_1,2
TCGCTACTGGCTTTGA-1,Layer_6,5
TCGCTCGATATATTCC-1,Layer_3,1
TCGCTCGGCACCAGCG-1,Layer_1,7
TCGCTGCCAATGCTGT-1,Layer_6,5
TCGCTGGGCGGATTGT-1,Layer_3,3
TCGCTGTGCGTAAATC-1,Layer_3,3
TCGCTTAATTACGAAG-1,Layer_1,7
TCGCTTTAAACGTTTG-1,Layer_2,3
TCGGAATGACCATCAA-1,Layer_1,2
TCGGAATGCGCTCTGA-1,Layer_4,1
TCGGACGCCCAGCCCA-1,Layer_3,3
TCGGAGAGTATCGGGA-1,Layer_6,5
TCGGAGTACATGAGTA-1,Layer_3,3
TCGGCGAACCCAAACC-1,Layer_3,1
TCGGCGGTATTAGATT-1,Layer_3,3
TCGGCGTACTGCACAA-1,WM,5
TCGGCTAACTTCCCTT-1,Layer_1,2
TCGGCTTGTATCGACG-1,Layer_5,1
TCGGGAACGTGCCTAG-1,Layer_1,3
TCGGGAGACAGCGTAC-1,Layer_5,5
TCGGGATTCAAACATA-1,Layer_5,5
TCGGGCACTTCTGGAT-1,Layer_1,2
TCGGGCCGTCGTGGTA-1,Layer_3,1
TCGGGTGAAACTGCTA-1,Layer_1,2
TCGGTCCCGACAATAG-1,WM,1
TCGGTCCCTGACTCCA-1,Layer_1,2
TCGGTGACCGCTCCGG-1,Layer_1,7
TCGGTTAGCCATGTAG-1,Layer_1,2
TCGTAACTCCCAAGAC-1,Layer_5,5
TCGTAAGACGACATTG-1,Layer_3,3
TCGTAAGCTCCGAGGA-1,Layer_1,7
TCGTACCGACGTCAAG-1,WM,4
TCGTATAGTGCAATTA-1,Layer_1,3
TCGTATCACCAAGCTA-1,Layer_3,3
TCGTATTACCCATTGC-1,Layer_5,5
TCGTATTTCGTCCGGA-1,Layer_1,2
TCGTCAAGTACGCGCA-1,Layer_6,5
TCGTCACACTGTTAGC-1,Layer_4,1
TCGTCCGCTGGCGTCT-1,Layer_3,1
TCGTCCGGGTACACTC-1,Layer_2,3
TCGTCTTAGGCGTTAA-1,Layer_5,1
TCGTGTACTATGGATG-1,Layer_4,1
TCGTGTATTGGTCACG-1,Layer_3,1
TCGTGTCACGCTGACA-1,Layer_5,5
TCGTGTTCGACCACAA-1,Layer_4,1
TCGTTAGGAGTCCCTA-1,Layer_5,5
TCGTTCGTTATTATGT-1,Layer_1,2
TCGTTGACAGGGTCCC-1,Layer_5,5
TCGTTGCTATCCGGTC-1,Layer_6,5
TCGTTGGCTCGTCAAT-1,Layer_3,3
TCGTTTACGCGACCCT-1,Layer_6,5
TCTAACTGTATGTAAA-1,Layer_5,1
TCTAATACTGCCTCAG-1,WM,1
TCTACACGTTCATGCA-1,Layer_1,2
TCTACCCAATAGAGAG-1,Layer_4,1
TCTACCGTCCACAAGC-1,Layer_3,3
TCTACGGGCTCAGTTG-1,Layer_1,7
TCTAGCAATCTCCGCC-1,Layer_5,5
TCTAGCATCTTCGATG-1,Layer_3,1
TCTAGCATGCCCAGAA-1,Layer_5,1
TCTAGGTGGCGACGCT-1,Layer_2,3
TCTAGTGATATCGTGG-1,Layer_3,1
TCTAGTTATCAGAAGA-1,Layer_3,1
TCTATAGGTGGGTAAT-1,Layer_5,5
TCTATCATGCAGTTAC-1,Layer_3,1
TCTATCCGATTGCACA-1,Layer_6,5
TCTATCGGTCGCAACA-1,Layer_3,3
TCTATGCTATAACGAC-1,Layer_5,5
TCTATTACGCTGGCGA-1,Layer_3,3
TCTATTACTAGAGGAT-1,Layer_5,5
TCTCAAATCAATCGGG-1,Layer_6,5
TCTCATGAGATAGGGT-1,Layer_4,1
TCTCCAACGTAGGTTA-1,Layer_2,3
TCTCCACAAGTTGAAT-1,Layer_5,5
TCTCCCTGGGCAGCGT-1,Layer_5,5
TCTCGAACGAGGTCAC-1,Layer_1,7
TCTCGACGTATCGCCG-1,Layer_3,1
TCTCGAGGAGGTTCGC-1,Layer_3,1
TCTCGGCTCCAGGACT-1,Layer_3,3
TCTCGTGTTACGAGGA-1,Layer_6,5
TCTCTAATAGCTGGTA-1,Layer_3,3
TCTCTCGCCGCACATA-1,Layer_4,1
TCTCTTACCGCGAACC-1,WM,4
TCTGAACCGGTCGGCT-1,Layer_3,1
TCTGAACTCGTACCCG-1,Layer_3,1
TCTGAAGCACGTGGTC-1,Layer_5,5
TCTGAATTCCGTACAA-1,Layer_3,3
TCTGACTGTAATGGTT-1,Layer_3,3
TCTGAGCAATTGACTG-1,Layer_3,1
TCTGATCGGGTGCTAG-1,Layer_1,3
TCTGATGTATTCTGTC-1,Layer_4,1
TCTGCAGATTCGAGTC-1,Layer_5,1
TCTGCATACCTTGCTT-1,Layer_5,5
TCTGCCAGAAACTGCA-1,Layer_3,1
TCTGCGAATCGTTCGC-1,Layer_1,7
TCTGCGTCCGGTTTCT-1,Layer_3,1
TCTGGCGCAAGCCGGG-1,Layer_5,5
TCTGGGAACCTTTGAA-1,Layer_3,3
TCTGGGTAGCGCTCAT-1,Layer_5,5
TCTGTCATACAAGAGC-1,Layer_2,3
TCTGTGACTGACCGTT-1,Layer_2,3
TCTGTGATGGAGGTTG-1,Layer_2,3
TCTGTGCCATCATAGT-1,Layer_3,3
TCTGTGGCTACATTTC-1,Layer_1,2
TCTGTTACCCAGCATA-1,Layer_6,5
TCTTAACTCGGATGTA-1,Layer_3,1
TCTTACAGAGGTACCG-1,Layer_3,3
TCTTACCGGAACTCGT-1,Layer_1,2
TCTTACGGCATCCGAC-1,Layer_3,1
TCTTACTTATGCCTCT-1,Layer_3,1
TCTTAGAGCTCCAATT-1,Layer_3,3
TCTTAGAGTGAACTCT-1,Layer_3,1
TCTTATGGGTAGTACC-1,Layer_1,2
TCTTCCCATGGGCACA-1,Layer_3,3
TCTTCGAATAGACGTT-1,Layer_3,1
TCTTCGATACCAATAA-1,Layer_3,1
TCTTCGCGGTGAGAGG-1,Layer_4,5
TCTTCTATAACCCGCC-1,Layer_3,1
TCTTGATGCGTAGCGA-1,Layer_3,1
TCTTGCTCCCGATACT-1,Layer_6,5
TCTTGGTAACACCAAA-1,Layer_3,3
TCTTTAAGACTATGAA-1,Layer_3,3
TCTTTAGAGTCTAACA-1,Layer_3,1
TCTTTAGCAGGCGAAC-1,Layer_1,3
TCTTTCTCTTAAGGAG-1,Layer_1,2
TGAAACCTCAACTCAC-1,Layer_1,2
TGAAACTTATGCAAGC-1,Layer_1,2
TGAAAGGACCTGACTC-1,Layer_3,3
TGAACAAGCAGGGACT-1,WM,4
TGAACACCCGAAGCAG-1,Layer_2,3
TGAACTGCTATGACTT-1,Layer_6,5
TGAAGAGCGGTCCTAG-1,Layer_3,1
TGAAGTAGCTTACGGA-1,Layer_3,1
TGAATACCGACGCGTA-1,Layer_6,5
TGAATATGCTATAAAC-1,Layer_1,7
TGAATGAGATACAGCA-1,Layer_1,7
TGAATGAGTGTTTCCC-1,WM,4
TGAATGTCAGCCGGCC-1,Layer_3,1
TGAATTTCACTTGCCT-1,Layer_6,5
TGACACTTCTCTTTGC-1,Layer_1,7
TGACATATATGACGAT-1,Layer_6,5
TGACATCGAGCGGACC-1,Layer_3,3
TGACATGTAACGTGAC-1,WM,5
TGACCAAATCTTAAAC-1,Layer_6,5
TGACCAGCTTCAAAGT-1,Layer_1,2
TGACCCAACTCACATT-1,Layer_1,2
TGACCCACGTTAGACA-1,Layer_3,1
TGACCCAGCATTCCCG-1,Layer_2,3
TGACGAATATTTCCCT-1,Layer_6,5
TGACGATGCACTAGAA-1,Layer_3,3
TGACTATAATCCTTTC-1,Layer_4,1
TGAGAATGCTTTACCG-1,Layer_3,3
TGAGACGTACCTCTCA-1,Layer_6,5
TGAGAGATTTACCACG-1,Layer_3,3
TGAGATCAAATACTCA-1,Layer_1,2
TGAGATTAGGCCCTAA-1,Layer_1,2
TGAGCAGTCGTGAAGT-1,Layer_1,2
TGAGCCATACAGTCTC-1,Layer_5,5
TGAGCGGAAAGTGTTC-1,Layer_5,5
TGAGCTTTAATGACGC-1,Layer_1,2
TGAGGAGTGCCAGCTT-1,Layer_6,5
TGAGGTGTGTGGCGGA-1,WM,4
TGAGGTTGATCCCAAG-1,Layer_1,2
TGAGTAAATTAGCGTA-1,Layer_5,1
TGAGTGCCTCTTAAAT-1,Layer_5,5
TGAGTGGTCCGTGACG-1,Layer_3,3
TGAGTGTAACAACGGG-1,Layer_6,5
TGAGTTAAAGACATTC-1,Layer_3,1
TGATACATTTAGCCGT-1,Layer_6,5
TGATAGCGGGATTCTA-1,Layer_5,1
TGATCACCACACTGAC-1,WM,4
TGATCAGGGAACTGCT-1,Layer_5,5
TGATCCCAGCATTAGT-1,Layer_1,7
TGATCGGTTTGACCCT-1,Layer_3,1
TGATCTACGCTGATCT-1,Layer_1,7
TGATCTATCACACTCT-1,Layer_6,5
TGATCTCCGGCGCCAG-1,Layer_3,1
TGATGCTCACGTAGTC-1,Layer_3,3
TGATGGCTGTTTCTGA-1,Layer_1,7
TGATGTCAATTAAGTG-1,Layer_5,1
TGATTATGGCACGCAG-1,Layer_1,7
TGATTCAGGTCCCGCG-1,Layer_6,5
TGATTCCCGGTTACCT-1,WM,5
TGATTCGTCTATCACT-1,Layer_3,1
TGATTCTGTCGCCGGT-1,Layer_5,5
TGATTTATTAGCTGTG-1,Layer_5,5
TGATTTCCTCCTGACG-1,Layer_3,1
TGCAAACCCACATCAA-1,Layer_1,3
TGCAAAGTTCGTCTGT-1,WM,5
TGCAACCCATCTGCGG-1,Layer_5,5
TGCAACTACTGGTTGA-1,Layer_6,5
TGCAAGAATGACGTAA-1,Layer_3,1
TGCAATCTAACACGGT-1,Layer_5,5
TGCAATTTGGGCACGG-1,Layer_1,7
TGCACAGTGAAGTTAT-1,Layer_1,7
TGCACGAGTCGGCAGC-1,Layer_1,2
TGCACTATGTGAGTGC-1,Layer_3,1
TGCAGAACTATATCGT-1,Layer_5,5
TGCAGAGTACCGAGCA-1,Layer_4,1
TGCAGATCGTCCTAGG-1,Layer_5,5
TGCAGCTACGTACTTC-1,Layer_6,5
TGCAGGATCGGCAAAG-1,Layer_3,3
TGCAGTGAGGCTCGGG-1,Layer_1,7
TGCAGTTTCCTCCCAT-1,Layer_3,3
TGCATATGTCTGTCAC-1,Layer_3,3
TGCATCTCCGGATCTT-1,Layer_3,3
TGCATGGATCGGATCT-1,Layer_2,3
TGCATGGCAGTCTTGC-1,Layer_3,3
TGCATGTGACCCATAG-1,WM,4
TGCATGTGGTAATCTA-1,Layer_3,3
TGCCAAAGTCAGACTT-1,Layer_6,5
TGCCAATGGGTACTCT-1,Layer_6,5
TGCCACACTAGAGGAA-1,Layer_6,5
TGCCACCTGGCGAAAC-1,Layer_2,3
TGCCAGTACGTGGAGA-1,Layer_5,1
TGCCATGGCTTATAAG-1,Layer_1,3
TGCCATTACTAAAGAA-1,Layer_1,2
TGCCCGATAGTTAGAA-1,Layer_6,5
TGCCCGTACCGTTAAA-1,Layer_4,1
TGCCGAAAGCGTATTC-1,Layer_1,3
TGCCGGATGTACGAGC-1,WM,4
TGCCGTGGATCGTCCT-1,Layer_5,5
TGCCGTGGGACCCAAT-1,WM,5
TGCCTAATTGAAGATT-1,Layer_4,1
TGCCTGACATCGGTCA-1,Layer_3,1
TGCCTGATCAAACGAT-1,Layer_2,3
TGCCTTGGCCAGGCAA-1,Layer_4,1
TGCGAATATGGGATTT-1,Layer_6,5
TGCGACACCCTAGTGC-1,Layer_5,5
TGCGACGGCCGAACGT-1,WM,4
TGCGAGAATATTACCC-1,Layer_6,5
TGCGAGATGGCGGCCA-1,Layer_1,7
TGCGAGCCCTTCCGCG-1,Layer_1,7
TGCGATGCTAATGGCT-1,Layer_3,1
TGCGCAAAGCATTTGG-1,Layer_3,1
TGCGCGATTAACGGAG-1,Layer_3,1
TGCGGACTTGACTCCG-1,Layer_6,5
TGCGGAGTAAAGGTGC-1,Layer_3,3
TGCGGCATAGTTCAAC-1,Layer_2,3
TGCGGGTATTGGGATC-1,Layer_1,2
TGCGGTCTACGAGTAA-1,Layer_2,3
TGCGGTGAAATTTCAT-1,Layer_1,2
TGCGTAAGAACCTGAT-1,Layer_5,5
TGCGTACGGCTAATTG-1,Layer_5,5
TGCGTCATGACTGAGC-1,WM,1
TGCGTGATTGGGTGTC-1,Layer_3,1
TGCGTTTGTTGACACT-1,Layer_3,1
TGCTAAGTGTCTATTT-1,Layer_4,1
TGCTATACAAACGGAC-1,Layer_1,2
TGCTCACACAACAACC-1,Layer_3,3
TGCTCCACAGTTCTTA-1,Layer_3,1
TGCTCGGCGAAACCCA-1,Layer_6,5
TGCTCGGTGGGTCACC-1,Layer_6,5
TGCTCTTGAGAGTTTG-1,Layer_6,5
TGCTGCGTCAGAGTTA-1,Layer_2,3
TGCTGGTTGGACAATT-1,Layer_3,1
TGCTGTTGAAGAACTC-1,Layer_3,1
TGCTTAGAGAGAATGC-1,WM,4
TGCTTCCCAAGCAGTA-1,Layer_6,5
TGCTTGAAACCATGCA-1,Layer_3,3
TGGAAACGGAGTGAAC-1,Layer_3,3
TGGAACCACTGACACA-1,Layer_1,7
TGGAAGAAGGGAACGT-1,Layer_5,5
TGGAAGACGAACACCA-1,Layer_3,3
TGGAAGGATAAAGATG-1,Layer_2,3
TGGAATATCCTTGACC-1,Layer_1,7
TGGAATTAGACGCTTT-1,Layer_4,1
TGGACACCGTTGCTTG-1,Layer_3,1
TGGACCAATCTAAGAT-1,Layer_5,5
TGGACCACGGCGTTGA-1,Layer_3,3
TGGACGCAATCCAGCC-1,WM,1
TGGACGTAGGCGAATC-1,Layer_3,1
TGGACTGTTCGCTCAA-1,Layer_3,1
TGGAGCTAAAGTTCCC-1,Layer_1,2
TGGAGGGAAACACCTC-1,Layer_1,7
TGGAGTGATGCGATGA-1,Layer_3,1
TGGATAGAGTAACAGA-1,Layer_3,1
TGGCAAACTAAATTAC-1,Layer_4,1
TGGCAACTCGCGCGCC-1,Layer_1,2
TGGCAAGCACAAGTCG-1,WM,5
TGGCAATGGGACGGCG-1,Layer_4,1
TGGCACGAGCTCGAGT-1,Layer_1,3
TGGCAGATTACGATCA-1,Layer_4,1
TGGCAGCAGTAATAGT-1,Layer_4,1
TGGCCAAACTGAAGTA-1,Layer_3,3
TGGCCAATTTGGTACT-1,WM,5
TGGCCGTATATTGACC-1,Layer_3,1
TGGCGACTGCTCCAAA-1,Layer_6,5
TGGCGATCAAGTTATG-1,Layer_5,5
TGGCGGTGTGCGATTG-1,Layer_2,3
TGGCTACACTCTACCT-1,Layer_5,5
TGGCTATGTGACATAC-1,Layer_5,5
TGGCTCTTGTCGCGTA-1,Layer_6,5
TGGCTTGTACAAGCTT-1,Layer_1,7
TGGCTTTGGGTAGACA-1,Layer_3,3
TGGGAAATGCCTTTCC-1,Layer_3,1
TGGGATGCACTCATTC-1,Layer_1,7
TGGGCAATAGTTGGGT-1,Layer_3,1
TGGGCACAAACAGAAC-1,Layer_2,3
TGGGCACGTTCTATGG-1,Layer_1,2
TGGGCAGGCCACCGCA-1,Layer_3,1
TGGGCCACAAGAGCGC-1,Layer_2,3
TGGGCCCATACTAATT-1,Layer_3,1
TGGGCCTTGCCTGCAT-1,Layer_3,1
TGGGCGATACAATAAG-1,WM,5
TGGGTAAGGTTCCCGC-1,Layer_1,2
TGGGTGCACAAGCCAT-1,Layer_6,5
TGGGTGGGATGTCATT-1,Layer_1,3
TGGGTGTAATAGATTT-1,Layer_6,5
TGGGTGTTAAGTAGAA-1,WM,5
TGGGTTCCCGGACGGA-1,Layer_4,1
TGGTAAGCAGGATTGA-1,Layer_6,5
TGGTAGAATATATGGG-1,Layer_3,1
TGGTATCGCATCCCAA-1,Layer_1,2
TGGTATCGGTCTGTAT-1,Layer_1,2
TGGTCCCACGCTACGG-1,Layer_5,1
TGGTCGTGCAAGGCAA-1,Layer_6,5
TGGTCGTTTGATAGAT-1,Layer_3,3
TGGTCTAGCTTACATG-1,Layer_4,1
TGGTCTGTTGGGCGTA-1,Layer_5,5
TGGTGATCGTATTTGT-1,Layer_4,1
TGGTTAAGGGCGCTGG-1,Layer_1,7
TGGTTATGCTTGCGGT-1,Layer_5,1
TGGTTCAACGGGTAAT-1,Layer_5,1
TGGTTCGTAGCAAAGG-1,Layer_3,3
TGGTTGGAGGATCCTG-1,Layer_1,2
TGGTTTAAACGTGGGT-1,Layer_1,7
TGTAACTTGTCAACCT-1,Layer_1,2
TGTAATGACCACAATA-1,Layer_5,5
TGTAATGCCTTCGGAC-1,Layer_2,3
TGTACCTACACGAGGG-1,Layer_5,5
TGTACGAACAAATCCG-1,Layer_4,1
TGTACGCTATCAGCTT-1,Layer_1,2
TGTACTACTCTCACGG-1,Layer_1,7
TGTACTGTGCCAAAGT-1,Layer_1,2
TGTAGCCAATTCCGTT-1,Layer_6,5
TGTAGCCATCCCATTC-1,Layer_5,5
TGTAGGAGAAATTTCC-1,Layer_3,3
TGTAGTGATCTATAAT-1,Layer_4,1
TGTATAACAGATCCTG-1,Layer_3,3
TGTATCAGACTGAAGC-1,Layer_1,7
TGTATCCTTATTCCAT-1,Layer_2,3
TGTATGGCGCAGACAG-1,Layer_3,1
TGTATTTACCTAATGC-1,Layer_1,7
TGTCATTTGTTGGGAA-1,Layer_1,7
TGTCCACGGCTCAACT-1,Layer_5,5
TGTCCCGACATAGCAC-1,Layer_1,2
TGTCCGTGGCGCCTTT-1,Layer_5,1
TGTCCTAAGTCACCGC-1,Layer_4,1
TGTCGGCATGGTGGAA-1,Layer_3,3
TGTCGTGGGTATAGGC-1,WM,5
TGTCTACAGTTTCTGT-1,Layer_2,3
TGTGACTACGCCAGTC-1,Layer_2,3
TGTGACTAGAGTTTGC-1,Layer_5,5
TGTGAGACTAGCCCAA-1,Layer_6,5
TGTGATTCCAGCGCTT-1,Layer_2,2
TGTGCCGGTGCCGGAA-1,Layer_4,1
TGTGCTTTACGTAAGA-1,Layer_5,5
TGTGGAGGAAGCTTAA-1,Layer_1,2
TGTGGCAAAGCGTATG-1,Layer_3,3
TGTGGCGGGCTTCTGG-1,WM,5
TGTGGCTCCCACCAAC-1,Layer_3,3
TGTGGTTGCTAAAGCT-1,WM,5
TGTGTAGTAGCACGTG-1,Layer_4,1
TGTGTCGCGAGTTGCA-1,Layer_3,1
TGTGTTCGTATCCAAG-1,Layer_4,1
TGTTATTGTATGTGGC-1,Layer_3,1
TGTTCATAAATGTGCT-1,Layer_5,1
TGTTCCGCTTCCATGA-1,Layer_4,1
TGTTCCGGCCTGAGCT-1,WM,5
TGTTCGTATTGCGGTG-1,Layer_5,1
TGTTCTCTACTCCCTA-1,Layer_1,7
TGTTCTTCCATTGACT-1,Layer_4,1
TGTTGATCACTGTTTA-1,Layer_3,3
TGTTGTCAAGAAGTCT-1,Layer_2,3
TGTTTAATACTTCATC-1,Layer_1,2
TGTTTCGGTACTTCTC-1,Layer_3,3
TGTTTGAGATCGTCAG-1,Layer_3,1
TTAAACAGAGTCCCGC-1,Layer_3,3
TTAAACCGGTAGCGAC-1,Layer_1,2
TTAAACCTGGTTCCTT-1,Layer_4,1
TTAAACTCGAATTCAT-1,Layer_3,3
TTAAAGTAAGTCGCCA-1,Layer_6,5
TTAACACCTCGAACAT-1,Layer_3,1
TTAACCAACCCTCCCT-1,Layer_3,3
TTAACGAACAAGCAGT-1,Layer_1,7
TTAACGTCGCAAGACC-1,Layer_1,2
TTAACGTTAAAGCCTG-1,Layer_5,5
TTAACTCACGCGTGGA-1,Layer_4,1
TTAACTTCAGGTAGGA-1,Layer_6,5
TTAAGACGAACGAACC-1,Layer_1,2
TTAAGATAGGATTGAC-1,Layer_3,1
TTAAGCCGACAACTTC-1,Layer_1,2
TTAAGCGCCTGACCCA-1,Layer_3,1
TTAAGGATACGGAGGT-1,Layer_2,3
TTAAGGCCCGTACTTT-1,WM,4
TTAAGTATTGTTATCC-1,Layer_5,5
TTAATCAGTACGTCAG-1,Layer_1,3
TTAATGCGAGGTAACT-1,Layer_1,2
TTAATGTAGACCAGGT-1,Layer_3,1
TTAATGTGTTTGCAGG-1,Layer_3,1
TTAATTGCTTTGGGTG-1,Layer_6,5
TTAATTTCAGACGCGG-1,Layer_2,3
TTACAACTACGCATCC-1,Layer_3,1
TTACACGATCTGCGAC-1,Layer_5,5
TTACAGACCTAAATGA-1,Layer_1,3
TTACATCGTGGCCTGG-1,Layer_3,1
TTACATGCCACAACTA-1,Layer_3,3
TTACCATTGATTACCC-1,Layer_4,5
TTACCCATTGCCGGGT-1,Layer_1,2
TTACCCTAACAGTCCT-1,Layer_3,1
TTACCCTAGGGATTGG-1,Layer_6,5
TTACCGCCTTAGGGAA-1,Layer_3,3
TTACGGATGGTTCGAG-1,Layer_3,3
TTACGGTGTCACCGAG-1,Layer_1,2
TTACGTAGCGCGTGCT-1,Layer_2,3
TTACGTATCTATGACA-1,Layer_5,5
TTACTAAAGGACTTTA-1,Layer_4,1
TTACTATCGGCTTCTC-1,Layer_5,5
TTACTCCGGCCGGGAA-1,Layer_3,3
TTACTCTGGTACGTAC-1,Layer_5,5
TTACTGGGATATTTCA-1,Layer_5,1
TTACTGTCTAGAGCTC-1,Layer_1,7
TTACTGTTTCTCTACG-1,Layer_1,2
TTAGAAGAACATGACT-1,Layer_5,5
TTAGAATAAGGGTCGG-1,WM,5
TTAGACACGATCGTTG-1,Layer_1,2
TTAGACGAGTCACCTC-1,Layer_4,1
TTAGAGTTTAGAAGGA-1,Layer_3,1
TTAGATAGGTCGATAC-1,Layer_3,1
TTAGCAACATGGATGT-1,Layer_3,1
TTAGCTAATACGATCT-1,Layer_1,7
TTAGCTCTGTAATCCG-1,Layer_5,5
TTAGCTGATTTGCCGT-1,Layer_3,3
TTAGGTCATAACCGAC-1,WM,5
TTAGTAAACCTGCTCT-1,Layer_5,5
TTAGTAGGGCGGCGGG-1,Layer_5,5
TTAGTTATTCGTGGCA-1,Layer_3,1
TTAGTTCAAGTGTTCG-1,Layer_1,7
TTATAGATGCACATTA-1,Layer_1,2
TTATAGGTAATTGTCT-1,Layer_6,5
TTATAGTCCAAGGTGC-1,Layer_2,3
TTATATACGCTGTCAC-1,Layer_3,1
TTATATTTGGCAATCC-1,Layer_3,1
TTATCATACTCGCAAA-1,Layer_1,3
TTATCCAATCGAACTC-1,Layer_3,3
TTATCCGGGATCTATA-1,Layer_4,1
TTATCCTCAAGGAATA-1,WM,5
TTATCGCCTGCGAAGC-1,Layer_4,1
TTATCTGACATTAGGA-1,Layer_6,5
TTATCTGTATCATAAC-1,Layer_3,3
TTATGAATGAAAGGGA-1,Layer_4,1
TTATGACAAACTGGAT-1,Layer_3,1
TTATGATCTTAACGAA-1,Layer_3,1
TTATGCGTCCCGGTCC-1,Layer_1,2
TTATGTTTGCGATAGA-1,Layer_4,1
TTATTAGAGCGTGTTC-1,Layer_4,1
TTATTAGGGAAGCATC-1,Layer_2,3
TTATTTCATCCCAAAC-1,Layer_1,3
TTCAAAGTCTCTAGCC-1,Layer_3,1
TTCAACGACCCGACCG-1,Layer_3,3
TTCAAGCCGAGCTGAG-1,Layer_1,2
TTCAATACTCTGAATC-1,Layer_3,1
TTCAATTAGCCATAAT-1,Layer_1,2
TTCACGAAAGGATCAC-1,Layer_4,1
TTCACTCGAGCACCTA-1,Layer_5,5
TTCACTTCCTAGAACG-1,WM,4
TTCAGAGTAACCTGAC-1,Layer_3,3
TTCAGCCCTGGTCCAC-1,Layer_4,1
TTCAGCTGGCGTGCCC-1,Layer_4,1
TTCAGGCGTCAAAGCC-1,Layer_5,5
TTCAGTTCAAGAGGAG-1,WM,4
TTCAGTTTGTGGCAGC-1,Layer_5,1
TTCATAGCCTTGTAAC-1,Layer_3,3
TTCATAGGGTGTCCAT-1,Layer_3,1
TTCATGGCGCAACAGG-1,Layer_2,3
TTCCAATCAGAGCTAG-1,Layer_1,7
TTCCAATCTGGCTATC-1,Layer_5,5
TTCCACACAGATTTGA-1,Layer_5,5
TTCCACATTTCTCGTC-1,Layer_1,2
TTCCAGACGAGATTTA-1,Layer_3,3
TTCCATCATGCGGTGA-1,Layer_1,7
TTCCATCGACAGCGTG-1,Layer_5,5
TTCCCGACGCTTCACT-1,Layer_1,3
TTCCCGGCGCCAATAG-1,Layer_6,5
TTCCGCAGAGAAATAT-1,Layer_1,7
TTCCGCGTGAGGCGAT-1,Layer_4,1
TTCCGGCCTTGAGGCT-1,Layer_6,5
TTCCGGCTCGACTTCT-1,Layer_1,7
TTCCGGTATCTGTGTC-1,Layer_3,3
TTCCGGTTACCCACTT-1,Layer_3,1
TTCCTCGAGGGTGTCT-1,Layer_3,1
TTCCTCGGACTAACCA-1,Layer_4,1
TTCCTCTGCCCGAATA-1,Layer_5,5
TTCCTTTCTGTGTTGC-1,Layer_3,3
TTCGACAGAGCCCGTG-1,Layer_5,5
TTCGACGGGAAGGGCG-1,Layer_3,1
TTCGAGCCGGCGCTAC-1,Layer_2,3
TTCGCACTCGCGTGCT-1,Layer_3,1
TTCGCACTGTACGACA-1,Layer_6,5
TTCGCATCCGGAAGCA-1,Layer_3,1
TTCGCGCGCCATACGA-1,Layer_6,5
TTCGCTAGGAAGTTGT-1,Layer_3,3
TTCGCTATCTGACGTG-1,Layer_1,7
TTCGGACTGATGCCTT-1,Layer_1,2
TTCGGCAACCCGCTGA-1,Layer_1,2
TTCGGCTAGAGATGGT-1,Layer_3,1
TTCGGGACTAATCGCG-1,Layer_3,1
TTCGGGCGCTAGTCTT-1,Layer_6,5
TTCGGGTTGCCACGGG-1,Layer_5,5
TTCGGTACTGTAGAGG-1,WM,5
TTCGTAATCCCAGCGG-1,Layer_1,2
TTCGTACTCCAGAACG-1,Layer_4,1
TTCGTGGGCTGGAAGC-1,Layer_3,3
TTCGTTCAACGAAGTT-1,Layer_1,7
TTCTAACCGAAGCTTA-1,Layer_3,3
TTCTACCTTTATGTTG-1,Layer_1,2
TTCTACTTGCGAGGGC-1,Layer_3,1
TTCTAGAAAGTCTTAT-1,WM,5
TTCTAGGCCAATTGTG-1,Layer_3,1
TTCTATTAAACGCAGC-1,WM,4
TTCTGACCGGGCTCAA-1,Layer_4,1
TTCTGCCGCGCCTAGA-1,Layer_5,1
TTCTGCGAGCGCCCTT-1,Layer_5,5
TTCTGCGGGTTAGCGG-1,Layer_3,1
TTCTGCTAGACTCCAA-1,Layer_1,7
TTCTGTTTCCTGTCGC-1,Layer_3,1
TTCTTAGTGAACGGTG-1,Layer_3,1
TTCTTAGTGGCTCAGA-1,Layer_2,3
TTCTTATCCGCTGGGT-1,Layer_3,1
TTCTTCCCTTTGATAT-1,Layer_1,2
TTCTTCGCAATAGAGC-1,Layer_1,2
TTCTTGAGCCGCGCTA-1,Layer_5,5
TTCTTGCTAGCATCTC-1,Layer_3,3
TTCTTGGACGATCTGC-1,Layer_6,5
TTCTTGGAGTAATGAG-1,Layer_2,3
TTCTTGTAACCTAATG-1,Layer_3,1
TTCTTGTGTCCATCAG-1,Layer_5,5
TTCTTTGGTCGCGACG-1,Layer_1,7
TTGAAAGGTGTAAAGG-1,Layer_1,7
TTGAACGAATCCTTTG-1,Layer_3,1
TTGAACGACGTGCTGA-1,Layer_5,5
TTGAAGAATTCCCAGG-1,Layer_3,1
TTGAATATGGACTTTC-1,Layer_3,1
TTGAATCGTTGTATAA-1,Layer_6,5
TTGAATTCACGTGAGG-1,Layer_3,3
TTGACAGGAGCTCCCG-1,Layer_3,1
TTGACATGAACGTGGA-1,Layer_5,5
TTGACCAGGAACAACT-1,Layer_6,5
TTGACCATGTTCTCCG-1,Layer_3,3
TTGACCGTGTTAATGA-1,Layer_6,5
TTGACGATTCAGCACG-1,Layer_1,2
TTGACGCTCCATGAGC-1,Layer_3,3
TTGACTACCATATGGT-1,Layer_5,5
TTGACTATTGTCCGGC-1,Layer_3,1
TTGAGAAGTTTAGCAT-1,Layer_5,1
TTGAGAGTACTGCTAA-1,Layer_5,5
TTGAGCAGCCCACGGT-1,Layer_3,3
TTGAGCGCCACGTGAT-1,Layer_2,3
TTGAGGCATTTAACTC-1,Layer_1,2
TTGAGGGTCGAACGCG-1,Layer_3,3
TTGAGTCCCGCTGCTG-1,Layer_2,3
TTGATAGTCAATACAT-1,Layer_1,7
TTGATCTAACTTTGTC-1,Layer_3,1
TTGATGCCGCTCGTCG-1,WM,4
TTGATGTGTAGTCCCG-1,Layer_2,3
TTGATTAGCTGTTTCT-1,Layer_6,5
TTGATTATGCAGATGA-1,Layer_3,1
TTGCAAGAAGACTCCT-1,WM,5
TTGCACAATTCAGAAA-1,Layer_4,1
TTGCACGGAGCAGCAC-1,Layer_3,3
TTGCAGGTCATGAAGT-1,Layer_3,3
TTGCATGCTGATCACG-1,Layer_5,5
TTGCCAAGCAGAACCC-1,Layer_3,3
TTGCCATAGCCCGCTC-1,WM,5
TTGCCCTGATCACGGG-1,Layer_4,1
TTGCCGCTTTCTAGTA-1,Layer_6,5
TTGCCGGTGATCCCTC-1,Layer_1,7
TTGCCTTCTCGCCGGG-1,Layer_5,5
TTGCGCTCTCTCGCTT-1,Layer_4,1
TTGCGCTTGATCAATA-1,Layer_6,5
TTGCGGCATCAGAAAG-1,Layer_6,5
TTGCGGCGACTCATGC-1,Layer_1,2
TTGCGTAGTTTGAGGA-1,Layer_4,1
TTGCGTCGGCCAACCG-1,Layer_6,5
TTGCGTGAACGCTTAG-1,Layer_1,7
TTGCGTGTGTAGGCAT-1,Layer_6,5
TTGCTAGCTACCAATC-1,Layer_1,3
TTGCTCATAGTACGTG-1,Layer_5,5
TTGCTCCCATACCGGA-1,Layer_3,3
TTGCTGAAGGAACCAC-1,Layer_3,3
TTGCTGATCATGTTCG-1,Layer_3,1
TTGCTGCACCTATCCA-1,Layer_3,1
TTGCTGGCCGGGCTTC-1,Layer_1,2
TTGGAAGAATACAGTC-1,Layer_6,5
TTGGACATGTGGCTTA-1,Layer_5,5
TTGGACCATCTGGCAA-1,Layer_3,1
TTGGACCTATAACAGT-1,Layer_5,1
TTGGAGTCTCCCTTCT-1,Layer_2,3
TTGGATATCGTCTACG-1,Layer_5,5
TTGGATCGACTTCTGG-1,Layer_1,2
TTGGATTGGGTACCAC-1,Layer_3,3
TTGGCCAAATTGTATC-1,Layer_6,5
TTGGCCATCTTGCGCT-1,Layer_3,1
TTGGCCTAGAATTTCG-1,Layer_1,2
TTGGCGATCCGAATAT-1,Layer_1,3
TTGGCTCAATATGTGT-1,Layer_5,5
TTGGCTCGCATGAGAC-1,Layer_3,1
TTGGGAAGACGAGCCG-1,WM,5
TTGGGACACTGCCCGC-1,Layer_3,3
TTGGGACGTAAGAGTT-1,Layer_3,1
TTGGGCGGCGGTTGCC-1,Layer_3,3
TTGGGTTTATTCAGCG-1,Layer_1,7
TTGGTATGGCTTGTGT-1,Layer_1,3
TTGGTCACACTCGTAA-1,Layer_5,5
TTGGTGCGGTGTTGAA-1,Layer_3,3
TTGGTTCGCTCAAAGG-1,,3
TTGGTTGCGGTGCGCG-1,WM,5
TTGTAACTTCATAGCG-1,Layer_3,3
TTGTAAGGACCTAAGT-1,Layer_5,5
TTGTAAGGCCAGTTGG-1,Layer_3,3
TTGTAATCCGTACTCG-1,Layer_3,1
TTGTATCACACAGAAT-1,Layer_1,2
TTGTCGTTCAGTTACC-1,Layer_3,3
TTGTGAACCTAATCCG-1,Layer_5,1
TTGTGAGGCATGACGC-1,Layer_6,5
TTGTGATCTGTTCAGT-1,Layer_5,5
TTGTGCAGCCACGTCA-1,Layer_6,5
TTGTGGCCCTGACAGT-1,Layer_3,3
TTGTGGTAGGAGGGAT-1,Layer_6,5
TTGTGGTGGTACTAAG-1,Layer_5,5
TTGTGTATGCCACCAA-1,Layer_5,5
TTGTGTTTCCCGAAAG-1,Layer_5,5
TTGTTAGCAAATTCGA-1,Layer_3,1
TTGTTCAGTGTGCTAC-1,Layer_3,3
TTGTTCTAGATACGCT-1,Layer_4,1
TTGTTGTGTGTCAAGA-1,Layer_3,3
TTGTTTCACATCCAGG-1,Layer_6,5
TTGTTTCATTAGTCTA-1,WM,4
TTGTTTCCATACAACT-1,Layer_6,5
TTGTTTGTGTAAATTC-1,Layer_1,2
