,ground_truth,domain
AAACAAGTATCTCCCA-1,Layer_1,2
AAACACCAATAACTGC-1,Layer_5,5
AAACAGAGCGACTCCT-1,Layer_3,4
AAACAGCTTTCAGAAG-1,Layer_4,3
AAACAGGGTCTATATT-1,Layer_4,3
AAACAGTGTTCCTGGG-1,Layer_6,5
AAACATGGTGAGAGGA-1,WM,6
AAACATTTCCCGGATT-1,Layer_3,4
AAACCCGAACGAAATC-1,Layer_1,7
AAACCGGAAATGTTAA-1,Layer_2,2
AAACCGGGTAGGTACC-1,Layer_3,4
AAACCGTTCGTCCAGG-1,Layer_3,3
AAACCTAAGCAGCCGG-1,Layer_3,3
AAACCTCATGAAGTTG-1,Layer_3,4
AAACGAAGAACATACC-1,Layer_3,1
AAACGAAGATGGAGTA-1,Layer_6,5
AAACGAGACGGTTGAT-1,Layer_1,7
AAACGCTGGGCACGAC-1,Layer_3,4
AAACGGGCGTACGGGT-1,Layer_3,4
AAACGGTTGCGAACTG-1,Layer_5,5
AAACGTGTTCGCCCTA-1,Layer_3,4
AAACTCGGTTCGCAAT-1,Layer_4,3
AAACTCGTGATATAAG-1,Layer_3,4
AAACTGCTGGCTCCAA-1,Layer_2,4
AAACTTAATTGCACGC-1,WM,5
AAACTTGCAAACGTAT-1,Layer_3,3
AAAGAATGACCTTAGA-1,WM,6
AAAGAATGTGGACTAA-1,Layer_3,4
AAAGACCCAAGTCGCG-1,Layer_2,1
AAAGACTGGGCGCTTT-1,Layer_2,1
AAAGCTTGCCTACATA-1,Layer_3,4
AAAGGCCCTATAATAC-1,Layer_6,5
AAAGGCTACGGACCAT-1,Layer_4,3
AAAGGCTCTCGCGCCG-1,Layer_3,3
AAAGGGATGTAGCAAG-1,Layer_1,7
AAAGGGCAGCTTGAAT-1,Layer_1,2
AAAGGTAAGCTGTACC-1,Layer_3,4
AAAGTAGCATTGCTCA-1,Layer_4,5
AAAGTCACTGATGTAA-1,Layer_3,1
AAAGTCGACCCTCAGT-1,Layer_3,4
AAAGTGCCATCAATTA-1,Layer_3,4
AAAGTGTGATTTATCT-1,Layer_1,7
AAAGTTGACTCCCGTA-1,Layer_1,7
AAATAACCATACGGGA-1,Layer_3,4
AAATAAGGTAGTGCCC-1,Layer_2,1
AAATACCTATAAGCAT-1,Layer_3,4
AAATAGCTTAGACTTT-1,Layer_1,2
AAATAGGGTGCTATTG-1,Layer_3,4
AAATCCGATACACGCC-1,Layer_3,4
AAATCGCGGAAGGAGT-1,Layer_6,5
AAATCGTGTACCACAA-1,Layer_3,4
AAATCTAGCCCTGCTA-1,Layer_2,1
AAATGACTGATCAAAC-1,Layer_6,5
AAATGATTCGATCAGC-1,Layer_3,4
AAATGCTCGTTACGTT-1,Layer_1,7
AAATGGCATGTCTTGT-1,Layer_3,1
AAATGGCCCGTGCCCT-1,Layer_4,3
AAATGGTCAATGTGCC-1,Layer_1,1
AAATGTATCTTATCCC-1,Layer_3,1
AAATGTGGGTGCTCCT-1,Layer_3,4
AAATTAACGGGTAGCT-1,Layer_1,1
AAATTAATAAGCGCGA-1,Layer_3,4
AAATTACACGACTCTG-1,Layer_3,4
AAATTACCTATCGATG-1,Layer_2,1
AAATTCCAGGTCCAAA-1,Layer_1,1
AAATTGATAGTCCTTT-1,Layer_4,5
AAATTGGTGAGAAGCA-1,Layer_3,4
AAATTTACCGAAATCC-1,Layer_3,4
AAATTTGCGGGTGTGG-1,Layer_3,3
AACAACTGGTAGTTGC-1,Layer_1,2
AACAATACATTGTCGA-1,Layer_5,5
AACAATTACTCTACGC-1,Layer_2,1
AACACACGCTCGCCGC-1,Layer_2,1
AACACGACTGTACTGA-1,Layer_3,1
AACACGAGACGCGGCC-1,Layer_3,3
AACACGCGGCCGCGAA-1,Layer_3,1
AACAGCTGTGTGGCAA-1,Layer_5,5
AACAGGAAATCGAATA-1,Layer_2,1
AACAGGATGGGCCGCG-1,Layer_1,1
AACAGGTAGTATGGAT-1,Layer_1,2
AACATAGCGTGTATCG-1,Layer_4,5
AACATATCAACTGGTG-1,Layer_2,1
AACATCGATACGTCTA-1,Layer_3,4
AACATTGAAGTTGATC-1,Layer_6,5
AACATTGTGACTCGAG-1,Layer_4,5
AACCAAGACTTCTCTG-1,Layer_3,4
AACCAGTATCACTCTT-1,Layer_3,4
AACCATAGGGTTGAAC-1,WM,5
AACCATGGGATCGCTA-1,Layer_1,2
AACCCAGAGACGGAGA-1,Layer_1,2
AACCCATCCCATGATC-1,Layer_5,5
AACCCGACAACCCGTG-1,Layer_5,5
AACCCGAGCAGAATCG-1,Layer_2,1
AACCCGCTGTATTCCA-1,Layer_6,5
AACCCTACTGTCAATA-1,Layer_1,7
AACCCTGGTGGAACCA-1,Layer_3,1
AACCGAGCTTGGTCAT-1,Layer_1,2
AACCGCTAAGGGATGC-1,Layer_1,2
AACCGTTGTGTTTGCT-1,Layer_3,1
AACCTCGCTTTAGCCC-1,Layer_3,3
AACCTGTCACGGAATT-1,Layer_1,2
AACCTTTAAATACGGT-1,Layer_3,4
AACCTTTACGACGTCT-1,Layer_3,4
AACGAAAGTCGTCCCA-1,Layer_6,5
AACGACCTCCTAGCCG-1,Layer_3,4
AACGATAATGCCGTAG-1,Layer_3,4
AACGATAGAAGGGCCG-1,Layer_2,1
AACGATATGTCAACTG-1,Layer_1,2
AACGCATGATCTGGGT-1,Layer_3,4
AACGCGAACGGCAACA-1,Layer_2,1
AACGCGACCTTGGGCG-1,Layer_5,5
AACGCGGTCTCCAGCC-1,Layer_1,7
AACGCTGTTGCTGAAA-1,Layer_3,1
AACGGACGTACGTATA-1,Layer_2,1
AACGGCCATCTCCGGT-1,Layer_3,3
AACGTACTGTGGGTAC-1,Layer_3,3
AACGTAGTCTACCCAT-1,,5
AACGTCAGACTAGTGG-1,Layer_1,7
AACGTCATCCGGCTTG-1,Layer_6,5
AACGTCGCTGCACTTC-1,Layer_3,3
AACGTGATGAAGGACA-1,Layer_3,4
AACGTGCGAAAGTCTC-1,Layer_1,7
AACGTTATCAGCACCT-1,Layer_1,2
AACGTTCTACCATTGT-1,Layer_3,3
AACTACCCGTTTGTCA-1,Layer_1,7
AACTAGCGTATCGCAC-1,Layer_3,4
AACTAGGCTTGGGTGT-1,Layer_3,3
AACTCAAGTTAATTGC-1,Layer_2,4
AACTCCAGAGCGTGTT-1,Layer_3,4
AACTCCTAATCCCATG-1,Layer_3,4
AACTCGATGGCGCAGT-1,Layer_1,2
AACTCTCAATAGAGCG-1,Layer_1,7
AACTCTCAGTGTGCTC-1,Layer_3,3
AACTGAGTTATACTGA-1,Layer_1,7
AACTGATATTAGGCCT-1,Layer_2,1
AACTGGGTCCCGACGT-1,Layer_1,2
AACTGGGTTCGAGCCG-1,Layer_3,4
AACTGGTGTGGGCCTT-1,Layer_3,1
AACTTCTGCGTCTATC-1,Layer_1,7
AACTTGCCCGTATGCA-1,Layer_2,1
AACTTGCGTTCTCGCG-1,Layer_1,7
AACTTTACGGGAGCTT-1,Layer_3,4
AACTTTAGCTGCTGAG-1,Layer_3,4
AACTTTCTCGATCATG-1,Layer_3,4
AAGAAATCACCAGATT-1,Layer_3,4
AAGAAGGATCAGTTAG-1,Layer_1,7
AAGACATACGTGGTTT-1,Layer_3,4
AAGACCAAATAACTCA-1,WM,6
AAGACCCAACTGAACA-1,Layer_4,3
AAGACTCACGCCCACT-1,Layer_3,4
AAGACTGCAAGCTACT-1,Layer_1,2
AAGAGATGAATCGGTA-1,Layer_1,1
AAGAGCTCTTTATCGG-1,Layer_1,7
AAGAGGATGTACGCGA-1,Layer_3,4
AAGAGGCATGGATCGC-1,Layer_1,7
AAGAGGCCCTTTGGAA-1,Layer_3,1
AAGATGGCACCGGACC-1,Layer_4,5
AAGATTGGCGGAACGT-1,Layer_2,1
AAGCACCCTGCGTATC-1,Layer_3,3
AAGCATACTCTCCTGA-1,Layer_3,4
AAGCCACTTGCAGGTA-1,WM,6
AAGCCGAAGCGGTTTA-1,Layer_1,2
AAGCCGCCGTGAAATC-1,Layer_6,5
AAGCCGCTTTACCTTG-1,Layer_3,4
AAGCCGGAGAGCAGGA-1,Layer_3,4
AAGCGCAGGGCTTTGA-1,Layer_4,3
AAGCGGAGTGCGCGCA-1,Layer_3,3
AAGCGGCGTCATGGGT-1,Layer_3,4
AAGCGTCCCTCATCGA-1,Layer_4,5
AAGCTAGATCGAGTAA-1,Layer_3,4
AAGCTCGTGCCAAGTC-1,Layer_1,7
AAGCTCTTTCATGGTG-1,Layer_3,4
AAGGAGAACTTATAAG-1,Layer_3,4
AAGGAGCGGTTGGTGC-1,Layer_1,7
AAGGATCGATCGCTTG-1,Layer_1,7
AAGGATGAGGGACCTC-1,Layer_1,2
AAGGCAGGCTGTCTCC-1,Layer_1,7
AAGGCGCGTAAAGCTT-1,Layer_1,7
AAGGCTGTGCTCATCG-1,Layer_1,2
AAGGGAACGACTGGCT-1,Layer_6,5
AAGGGACAGATTCTGT-1,Layer_2,1
AAGGGACTATGCATTC-1,Layer_5,5
AAGGGTTAGCCATGCG-1,Layer_3,3
AAGGGTTTGATTTCAG-1,WM,5
AAGGTATCCTAATATA-1,Layer_1,1
AAGGTGATAAACCAGC-1,Layer_1,7
AAGTAAGCTTCCAAAC-1,,5
AAGTAGAAGACCGGGT-1,Layer_1,2
AAGTAGTGACGCGAGG-1,Layer_2,1
AAGTCAATTGTCGTCA-1,Layer_1,7
AAGTCTAGTAGCTGCC-1,Layer_3,4
AAGTCTTCTGTGGCCT-1,Layer_4,3
AAGTGACGACCGAATT-1,Layer_3,4
AAGTGAGTCGGGTTTA-1,Layer_4,5
AAGTGCAAAGGTAGAC-1,Layer_2,1
AAGTGCCTTGACTGTA-1,Layer_1,7
AAGTGCGTTAGAATCT-1,Layer_3,5
AAGTGCTTCTCTATTG-1,Layer_6,5
AAGTGTTTGGAGACGG-1,Layer_3,4
AAGTTCACTCCAAGCT-1,Layer_3,4
AAGTTCAGTCTGCGTA-1,Layer_3,4
AAGTTCGGCCAACAGG-1,Layer_3,4
AAGTTGTGATGTTATA-1,Layer_3,4
AAGTTTACTAATGGCA-1,Layer_3,4
AAGTTTATGGGCCCAA-1,Layer_4,3
AATAACAACGCTCGGC-1,Layer_3,4
AATAACACTAGAACAA-1,Layer_3,3
AATAACGTCGCGCCCA-1,Layer_3,3
AATAAGTCCTCGAGAC-1,Layer_3,4
AATAATCTTCGTATCG-1,Layer_1,2
AATACAATGTTTCAGG-1,Layer_1,2
AATACCGGAGGGCTGT-1,Layer_5,5
AATACCTGATGTGAAC-1,Layer_3,3
AATAGAACAGAGTGGC-1,Layer_3,3
AATAGAATCTGTTTCA-1,Layer_2,1
AATAGCTACCGCGTGC-1,Layer_3,4
AATAGGCACGACCCTT-1,WM,6
AATAGTCCGTCCCGAC-1,Layer_3,3
AATAGTCGCGAGTCGG-1,Layer_2,1
AATATCAAGGTCGGAT-1,Layer_2,1
AATATCCTAGCAAACT-1,Layer_5,5
AATATCGAATCAATGC-1,Layer_1,2
AATATCGAGGGTTCTC-1,Layer_2,1
AATATTGGAGTATTGA-1,Layer_3,4
AATCAGGTTTCATTTA-1,Layer_6,5
AATCATGTAAAGACTC-1,Layer_2,1
AATCCAAGGGCCTGAG-1,Layer_2,1
AATCCATGCAAGGGTG-1,Layer_2,1
AATCCCGCTCAGAGCC-1,Layer_6,5
AATCGAGGTCTCAAGG-1,Layer_5,5
AATCGCCTCAGCGCCA-1,Layer_1,2
AATCGCGCAGAGGACT-1,Layer_1,7
AATCGGGACACTACGA-1,Layer_3,1
AATCGGTATAGCCCTC-1,Layer_3,4
AATCGTGAGCCGAGCA-1,Layer_3,3
AATCTAGGTTTACTTG-1,Layer_5,5
AATCTATGCCGGAGCC-1,Layer_3,1
AATCTCTACTGTGGTT-1,Layer_3,4
AATCTGCGTTGGGACG-1,Layer_1,7
AATCTGGCTTTCTAGT-1,Layer_5,5
AATCTGGGTAGACCCT-1,Layer_3,4
AATGACAGCAATGTCT-1,Layer_3,3
AATGACGTAGGATGTC-1,Layer_2,1
AATGACTGTCAGCCGG-1,Layer_1,7
AATGAGTTCGCATATG-1,Layer_1,7
AATGATGATACGCTAT-1,Layer_2,1
AATGATGCGACTCCTG-1,Layer_2,1
AATGCAACCGGGTACC-1,Layer_1,7
AATGCACCAAGCAATG-1,Layer_3,1
AATGGTCCACCGTTCA-1,Layer_2,4
AATGGTTCTCACAAGC-1,Layer_1,7
AATGTATGGCACTGTA-1,WM,6
AATGTGCCCGAGGTGT-1,Layer_4,5
AATGTGCTAATCTGAG-1,Layer_6,5
AATGTTAAGACCCTGA-1,Layer_4,5
AATGTTGTCGTGAGAC-1,Layer_3,4
AATTAAAGGTCGGCGT-1,Layer_2,4
AATTAACGGATTTCCA-1,Layer_3,3
AATTACGAGACCCATC-1,Layer_6,5
AATTACTCGTACGCTC-1,Layer_1,7
AATTAGCGCTGCAGCG-1,Layer_3,4
AATTATACCCAGCAAG-1,Layer_4,5
AATTCATAAGGGATCT-1,Layer_2,1
AATTCATTGTCATGCA-1,WM,5
AATTCCAAGCATGTAC-1,Layer_4,3
AATTCGATTCGAGGAT-1,Layer_4,3
AATTCTAGAGTTAGGC-1,Layer_3,4
AATTGAACGCTCTGGT-1,Layer_2,1
AATTGCAGCAATCGAC-1,Layer_3,4
AATTGCGTGGATTACA-1,WM,6
AATTGTGGTTGCCAAA-1,Layer_3,4
AATTTGGGACATAGTA-1,Layer_3,4
AATTTGGTTCCAAAGA-1,Layer_3,1
ACAAACCATGCGTCCT-1,Layer_6,5
ACAAACCGACAAGGCG-1,,5
ACAAACTCCATCAGAG-1,WM,5
ACAAAGAAGGTAGGCC-1,Layer_5,5
ACAAAGCATGACCTAG-1,Layer_3,4
ACAAATCGCACCGAAT-1,Layer_2,4
ACAAATGGTAGTGTTT-1,Layer_2,1
ACAAATTCAGATCTGA-1,Layer_3,4
ACAACAGCATGAGCTA-1,Layer_1,2
ACAACGGTCCCTGCGA-1,Layer_1,7
ACAAGCAGTGCCTAGC-1,Layer_2,1
ACAAGCTATATGGAAG-1,Layer_3,4
ACAAGGAAATCCGCCC-1,Layer_3,4
ACAAGGACAAGAGGTT-1,Layer_1,2
ACAAGGATGCTTTAGG-1,Layer_3,3
ACAAGGGCAGGCTCTG-1,Layer_2,1
ACAAGTAATTGTAAGG-1,WM,6
ACAATAGTCGTACGTT-1,Layer_3,4
ACAATCCATTTAAACC-1,Layer_3,4
ACAATCGATCTTTATA-1,Layer_3,4
ACAATGAATACGGAGA-1,Layer_4,5
ACAATTGTGTCTCTTT-1,Layer_2,1
ACAATTTAGGAGGCTC-1,Layer_3,4
ACAATTTGAGCAGTGG-1,Layer_1,2
ACAATTTGGCCATATT-1,Layer_1,7
ACACAAAGACGGGTGG-1,Layer_1,7
ACACAAATATTCCTAG-1,Layer_3,3
ACACACCAGGACCAGT-1,Layer_1,2
ACACACTTTCTACACG-1,Layer_2,1
ACACATGATCAAATCT-1,Layer_6,5
ACACATTTCCGTAGAC-1,Layer_5,5
ACACCACATAATTAGC-1,Layer_2,1
ACACCCAGCATGCAGC-1,Layer_1,7
ACACCCGAGAAATCCG-1,Layer_1,7
ACACCGAGCGCTCTTT-1,Layer_1,7
ACACCGGTCTGACCGC-1,Layer_6,5
ACACCTTAAGTAGGGC-1,Layer_1,7
ACACCTTACTACTTGC-1,Layer_1,7
ACACGGCACTATGCAT-1,Layer_3,4
ACACGGGAACTTAGGG-1,Layer_1,7
ACACGTAGGCCACAAG-1,Layer_3,1
ACACTCCAATGTCACT-1,Layer_1,7
ACACTGATCAAGGTGT-1,Layer_3,3
ACACTGGGACAGTCGT-1,Layer_3,1
ACAGAACTGAGAACAA-1,Layer_4,3
ACAGATTAGGTTAGTG-1,Layer_3,1
ACAGCATAGAGCCAGT-1,Layer_3,1
ACAGCGACATTCTCAT-1,Layer_3,4
ACAGCGCACCCGCAGC-1,Layer_3,1
ACAGGCACGGATCCTT-1,Layer_3,3
ACAGGCTTGCCCGACT-1,Layer_3,4
ACAGGTGGAGGTGAGG-1,Layer_3,3
ACAGGTGTGTTGTTGC-1,Layer_4,3
ACAGTAATACAACTTG-1,Layer_4,3
ACAGTATACCGTGGGA-1,Layer_3,4
ACATAAGTCGTGGTGA-1,Layer_6,5
ACATAATAAGGCGGTG-1,Layer_1,2
ACATACAATCAAGCGG-1,Layer_4,3
ACATCAGCTGGGACGC-1,Layer_3,4
ACATCCCGGCCATACG-1,Layer_3,3
ACATCCTGGTAACTGT-1,Layer_1,7
ACATCGATCGTTTACC-1,Layer_2,1
ACATCGCAATATTCGG-1,WM,6
ACATCGGTCAGCCGCG-1,Layer_3,4
ACATCGTATGCAATGG-1,Layer_2,1
ACATCGTTAACCTAGT-1,Layer_3,4
ACATCTCAACGCGTAA-1,Layer_3,4
ACATGCTTACGGCAGC-1,WM,6
ACATGGCGCCAAAGTA-1,Layer_1,7
ACATGGCTCAATTTAG-1,Layer_1,1
ACATTAGTTTATATCC-1,Layer_3,4
ACATTCGCGCGGAATA-1,WM,6
ACATTTGAAACCTAAC-1,Layer_3,3
ACCAAACACCCAGCGA-1,Layer_3,4
ACCAAACTAGAAATCC-1,Layer_3,4
ACCAACACCACACACT-1,Layer_3,4
ACCAACCGCACTCCAC-1,Layer_3,4
ACCAACGCTTATTTAT-1,Layer_3,3
ACCAAGAACGCGTGTC-1,Layer_1,2
ACCAAGTCATCGGCAG-1,Layer_3,4
ACCAATATGCAAGTTA-1,Layer_3,4
ACCACAACTCAGAACA-1,Layer_3,4
ACCACAAGTTTCTATC-1,Layer_1,2
ACCACACGGTTGATGG-1,Layer_5,5
ACCACCAATGTAACAA-1,Layer_1,7
ACCACCCTCTCTTCTA-1,Layer_3,4
ACCACGTGCAGCTATA-1,Layer_2,4
ACCACTGTTCAAGAAG-1,Layer_1,7
ACCAGACCATAACAAC-1,Layer_3,4
ACCAGCCCGGTCTTTG-1,Layer_3,4
ACCAGGAGTGTGATCT-1,Layer_3,4
ACCAGTGCCCGGTCAA-1,Layer_3,4
ACCAGTGCGGGAGACG-1,Layer_1,1
ACCATATCCGCAATAA-1,Layer_2,1
ACCATCCGCCAACTAG-1,Layer_4,3
ACCATCGTATATGGTA-1,Layer_3,4
ACCATTAAGGGTGTCA-1,Layer_1,7
ACCCAACGCCCGTGGC-1,Layer_1,2
ACCCACCTACATGCTC-1,Layer_1,2
ACCCATCTTGAGGGTA-1,Layer_3,4
ACCCATTTGTCCCTCT-1,Layer_3,4
ACCCGAGCGAAATTAC-1,Layer_5,5
ACCCGATTGGTTCCGA-1,Layer_6,5
ACCCGGAAACTCCCAG-1,Layer_3,3
ACCCGGAGCACCACAA-1,Layer_3,1
ACCCGGATGACGCATC-1,Layer_1,7
ACCCGGTTACACTTCC-1,Layer_3,4
ACCCGTAGCAGAGAAT-1,WM,6
ACCCGTAGTCTAGTTG-1,Layer_3,4
ACCCGTGTCATCAGTA-1,Layer_3,3
ACCCTATAGGACTGAG-1,Layer_1,7
ACCCTATGCCATATCG-1,Layer_4,3
ACCCTCCCGTCAGGGC-1,Layer_3,3
ACCCTCCCTTGCTATT-1,Layer_2,1
ACCCTGGTAACGCCCT-1,Layer_3,4
ACCCTTCATCTGCGAA-1,Layer_3,1
ACCCTTGCCTGGGTCG-1,Layer_3,4
ACCCTTTAGTTCTCCA-1,Layer_3,4
ACCGAAAGGGCCCTGC-1,Layer_3,1
ACCGAAGAGTCTGGTT-1,Layer_5,5
ACCGACACATCTCCCA-1,Layer_3,3
ACCGACTGAGTCCCAC-1,Layer_1,7
ACCGAGTCTCCTTATT-1,Layer_4,3
ACCGATAGGCATAACC-1,Layer_3,1
ACCGATATTTAATCAT-1,Layer_1,2
ACCGATGGTAGCATCG-1,Layer_1,7
ACCGCAATAACTGCCT-1,Layer_3,4
ACCGCGGTGGAAGTCG-1,Layer_1,7
ACCGCTAGTCATTGGT-1,WM,6
ACCGGGCCTTTGTTGA-1,Layer_1,7
ACCGGTCAGGTACACC-1,Layer_6,5
ACCGTCCACTGGGCCC-1,WM,6
ACCGTGACCACGTGGG-1,Layer_5,5
ACCGTTCCCGCTCTGA-1,Layer_3,1
ACCTAAGTACCTTTCA-1,Layer_3,3
ACCTAATCGACTTCCT-1,Layer_2,1
ACCTACAGTATGTGGT-1,Layer_1,7
ACCTACTATAAATCTA-1,Layer_5,5
ACCTCAGCGAGGCGCA-1,Layer_3,3
ACCTCCGCCCTCGCTG-1,Layer_2,1
ACCTCCGTTATTCACC-1,Layer_1,1
ACCTCGAACTTATGCT-1,WM,5
ACCTGCGTGTCATGTT-1,Layer_4,3
ACGAAATGGGCGGCAC-1,Layer_2,4
ACGACCCATGAGTTGC-1,Layer_3,1
ACGACTCTAGGGCCGA-1,Layer_3,3
ACGACTGGTCATACTC-1,Layer_5,5
ACGAGAACCCATCACG-1,Layer_2,1
ACGAGATATTTGCTTA-1,Layer_3,4
ACGAGGATACCACTCT-1,Layer_4,3
ACGAGGTTTACAACGT-1,Layer_5,5
ACGAGTACGGATGCCC-1,Layer_2,1
ACGATACATAGAACTA-1,Layer_2,1
ACGATACCTATCCTGA-1,Layer_3,4
ACGATCATACATAGAG-1,Layer_1,7
ACGATCATCTTGTAAA-1,Layer_1,7
ACGATGCATATGTTAT-1,Layer_2,1
ACGATGGATCCGATGC-1,Layer_3,1
ACGCAAACTAATAGAT-1,Layer_4,5
ACGCAATCACTACAGC-1,Layer_3,1
ACGCATACGTTTACTA-1,Layer_3,1
ACGCATTCGTGAGTAC-1,Layer_1,2
ACGCCACTCGAAACAG-1,Layer_5,5
ACGCCAGATGATTTCT-1,Layer_2,1
ACGCCAGTGCGTTTGC-1,Layer_3,4
ACGCCCAGCTGTCGAT-1,Layer_3,4
ACGCCGCTAGACGACC-1,Layer_2,1
ACGCGAAGTCAGACGA-1,Layer_3,4
ACGCGCTACACAGGGT-1,Layer_3,4
ACGCGGGCCAAGGACA-1,Layer_1,2
ACGCGTTTCTTAAGAG-1,Layer_3,4
ACGCTACTGAATGGGC-1,Layer_3,3
ACGCTAGTGATACACT-1,Layer_2,1
ACGCTGTGAGGCGTAG-1,Layer_3,4
ACGCTTAGTGTCTCTC-1,Layer_3,4
ACGGAACACGAGTGCC-1,Layer_3,3
ACGGAATTTAGCAAAT-1,Layer_1,7
ACGGACGCAGCGACAA-1,WM,6
ACGGACTCTCAAAGCG-1,Layer_3,3
ACGGAGCGCAAATTAC-1,Layer_3,4
ACGGATGGTGCGGATA-1,Layer_3,4
ACGGCACTTGCTTGGG-1,Layer_3,4
ACGGCCAACATGGACT-1,Layer_3,3
ACGGCGACGATGGGAA-1,Layer_3,4
ACGGCGGGTTGCCCTG-1,Layer_3,1
ACGGCTGGATGTAGAA-1,Layer_6,5
ACGGGAGTGTCGGCCC-1,Layer_3,3
ACGGGCGTATGCGACA-1,Layer_3,4
ACGGGTCATGTGACTT-1,Layer_1,7
ACGGTACAGTTCAATG-1,Layer_3,3
ACGGTCACCGAGAACA-1,WM,6
ACGTACAGATTTCTCT-1,Layer_3,1
ACGTACTTTGGCACGG-1,Layer_6,5
ACGTAGATTGCTGATG-1,Layer_1,2
ACGTAGGAGAGTCGCT-1,Layer_4,3
ACGTATTACTCCGATC-1,Layer_1,7
ACGTCCTAAACGAGAT-1,,3
ACGTCTCGTTCCGGGA-1,Layer_4,3
ACGTGACAAAGTAAGT-1,Layer_5,5
ACGTGCGCCTCGTGCA-1,Layer_2,1
ACGTGGTCGAATGTGC-1,Layer_3,3
ACGTTAATGTCGAAGA-1,Layer_2,1
ACGTTAGATTTGCCCG-1,Layer_3,4
ACGTTATTGGTCACTC-1,Layer_1,7
ACGTTCACTATGCCGC-1,WM,5
ACGTTCCGCGCTCCGT-1,Layer_3,1
ACGTTCGCAATCAATT-1,Layer_2,1
ACGTTCGTTCAGGAAA-1,Layer_4,3
ACGTTCTGTACAAGTC-1,Layer_3,4
ACGTTGTCGTTGAAAG-1,WM,6
ACGTTTAGTTGTGATC-1,Layer_3,1
ACGTTTCGGTGCACTT-1,Layer_3,3
ACTAATACGTCAGGCG-1,Layer_3,4
ACTACAAAGAGAGGTG-1,Layer_6,5
ACTACATCCCGACAAG-1,Layer_6,5
ACTACCAGCTCTCTGG-1,Layer_1,7
ACTACCATCCGAGGGC-1,WM,6
ACTACGCGTTAGAATT-1,Layer_4,3
ACTAGTTGCGATCGTC-1,Layer_1,2
ACTATATGCTGTGTTC-1,Layer_3,4
ACTATCCAGGGCATGG-1,Layer_1,7
ACTATCGCCGGCTAAA-1,Layer_1,7
ACTATCTGCCCGCGTA-1,Layer_2,1
ACTATGTCCAGCTGCC-1,Layer_6,5
ACTATTCGTCCGTGGT-1,Layer_3,1
ACTATTTCCGGGCCCA-1,Layer_4,3
ACTCAACGAATGTATT-1,Layer_2,1
ACTCAAGTGCAAGGCT-1,Layer_3,4
ACTCAATAAAGGCACG-1,Layer_1,2
ACTCAGACCTGCTTCT-1,Layer_2,1
ACTCATGGCAGCCTTC-1,WM,5
ACTCCAATATCATCAT-1,Layer_5,5
ACTCCCATTCCTAAAG-1,Layer_4,3
ACTCCCGAATTCGTTT-1,Layer_1,2
ACTCCCGTAGACTAGG-1,Layer_3,4
ACTCCCTAATGCTAAA-1,Layer_3,3
ACTCCCTAGAATAGTA-1,Layer_3,4
ACTCCGGCCGACCACT-1,Layer_3,3
ACTCGATGTATTTCAT-1,Layer_1,7
ACTCGCCGTTCGATAA-1,Layer_3,4
ACTCGCGATCTGACGC-1,Layer_1,7
ACTCGTAACCCGTCCT-1,Layer_4,3
ACTCGTCAGTAATCCC-1,Layer_1,7
ACTCTAAACCTGGGAT-1,Layer_3,1
ACTCTCTGACTTAGGT-1,Layer_2,1
ACTCTCTTATACACGA-1,Layer_3,4
ACTCTGACCTAATAGA-1,Layer_3,3
ACTCTTCAGCTCCCGC-1,Layer_2,1
ACTCTTGTATAGTAAC-1,Layer_1,2
ACTGAAACGCCGTTAG-1,Layer_3,4
ACTGAATGGCGAAAGT-1,Layer_2,1
ACTGATTTAGTGATTC-1,Layer_3,4
ACTGCCCGCCATTCTC-1,Layer_6,5
ACTGCCGTCGTAACTC-1,Layer_2,1
ACTGCGGACACACCGT-1,Layer_1,2
ACTGCTCGGAAGGATG-1,Layer_5,5
ACTGGGATGCCAGTGC-1,Layer_6,5
ACTGTACGATACACAT-1,Layer_1,7
ACTGTAGCACTTTGGA-1,Layer_1,2
ACTGTATACGCGAGCA-1,Layer_2,1
ACTGTCCAGGATTATA-1,Layer_1,1
ACTGTCTTCTTTAGAA-1,Layer_1,2
ACTGTGCTAGTAGATC-1,Layer_1,2
ACTGTTTAGTGTAGGC-1,Layer_3,4
ACTTACCGGGCGCGCA-1,Layer_3,4
ACTTACGCATCCACGC-1,Layer_3,4
ACTTAGTACGACAAGA-1,Layer_1,2
ACTTATACTTACCCGG-1,Layer_1,7
ACTTATTAGGATCGGT-1,Layer_2,1
ACTTATTTATGTGCCA-1,Layer_1,1
ACTTCAGGCTGATCCC-1,Layer_3,4
ACTTCCAGTGGAAGCT-1,Layer_6,5
ACTTCCATGCGGGACA-1,Layer_3,3
ACTTCGCCATACGCAC-1,Layer_1,2
ACTTCGCTAGCGAGTG-1,Layer_2,1
ACTTGACTCCCTCTTT-1,Layer_2,1
ACTTGCCATATTGTAC-1,Layer_3,4
ACTTGGGACCCGGTGG-1,Layer_1,7
ACTTGGGCTTTCGCCA-1,Layer_5,5
ACTTGTAGTCCCTTCA-1,Layer_4,3
ACTTGTGGATGGAACG-1,Layer_1,2
ACTTGTTACCGGATCA-1,Layer_6,5
ACTTTACCCTCATGAA-1,Layer_1,2
ACTTTCCTATAGCTTC-1,Layer_1,7
ACTTTGACTGCATCCT-1,Layer_3,4
ACTTTGGTCGTGCTCC-1,Layer_6,5
ACTTTGTCGACGCACT-1,Layer_2,1
AGAAATTATGACTCGC-1,Layer_1,1
AGAACACGGCGATGGT-1,WM,6
AGAACCCAGCGTGACA-1,Layer_1,7
AGAACCCTCAATTGGG-1,WM,5
AGAACGTGGTACATTC-1,Layer_1,2
AGAACTGTACTTTGTA-1,Layer_3,3
AGAAGAGCGCCGTTCC-1,Layer_1,7
AGAAGGTACACTTCAC-1,Layer_5,5
AGAAGGTTGCCGAATT-1,Layer_3,4
AGAAGGTTGTAGGTCG-1,Layer_3,3
AGAAGTGATTCGTGAT-1,Layer_3,3
AGAATAAATCTTCAGG-1,Layer_3,4
AGAATACAGGCTATCC-1,Layer_3,3
AGAATGCGGGTTCGGA-1,Layer_3,4
AGAATTATGGATTCGA-1,Layer_1,2
AGAATTGTTTGACATA-1,Layer_1,7
AGACAGCTCAGAATCC-1,Layer_1,2
AGACAGGCATCTCAGC-1,Layer_2,1
AGACATAGATCCTTCC-1,Layer_3,1
AGACCAAACCACACCT-1,Layer_5,5
AGACCATGGGATACAA-1,Layer_1,7
AGACCCACCGCTGATC-1,Layer_3,4
AGACCCGCCCTCCTCG-1,Layer_1,7
AGACCGCTCCGCGGTT-1,Layer_1,2
AGACCGGGAAACCCTG-1,Layer_3,4
AGACGAAGTGCCGGTC-1,Layer_1,2
AGACGACGATGCCGCT-1,Layer_4,5
AGACGCCCACTTCGCC-1,Layer_3,1
AGACGGGATTGGTATA-1,Layer_3,3
AGACGGGCCGATTTAA-1,Layer_3,4
AGACTAGCCTTCCAGA-1,Layer_1,7
AGACTGTTACCGGGTC-1,Layer_5,5
AGAGAAACACCAGAAA-1,Layer_6,5
AGAGAACCGTCTAGGA-1,Layer_2,1
AGAGAAGGAGTACAAT-1,Layer_4,5
AGAGATCTCTAAAGCG-1,Layer_3,4
AGAGCAGTTATGAGAC-1,Layer_2,1
AGAGCCGCCGAGATTT-1,Layer_3,1
AGAGCGCTTGTAACGG-1,Layer_3,4
AGAGCGGGCTAATCAT-1,Layer_2,1
AGAGCGTACAAGCTCG-1,Layer_1,2
AGAGCTACGAAAGCAT-1,Layer_1,2
AGAGGCTTCGGAAACC-1,Layer_1,2
AGAGGTATCTCGGTCC-1,Layer_3,4
AGAGTAAACTTCACTA-1,Layer_1,7
AGAGTATAGTGTTACG-1,Layer_3,1
AGAGTCTTAATGAAAG-1,Layer_3,3
AGAGTTAGAGACCGAT-1,Layer_3,4
AGAGTTGCAGGCCTCC-1,Layer_3,3
AGATAACTTCAGGGCC-1,Layer_1,1
AGATAATCACACCTAT-1,WM,6
AGATACCAATAGAACC-1,Layer_3,4
AGATACCAGCACTTCA-1,Layer_3,4
AGATACCGGTGTTCAC-1,Layer_3,4
AGATACGACTTCATAT-1,Layer_1,7
AGATACTCAAGATCGA-1,Layer_2,1
AGATATAATACGACTA-1,Layer_3,3
AGATCGTGCATAAGAT-1,Layer_3,1
AGATCTCAGGTGTGAT-1,Layer_1,2
AGATCTGGAGAGGATA-1,WM,6
AGATGACTCGCCCACG-1,Layer_1,7
AGATGAGGGTTGCGAT-1,Layer_3,4
AGATGATGGAGTCTGG-1,Layer_1,2
AGATGCAAGACGTGCA-1,Layer_5,5
AGATGCATCCTGTGTC-1,Layer_5,5
AGATGCTATAACGAGC-1,Layer_1,7
AGATTATAGGACGTTT-1,Layer_2,1
AGATTCACAACCGATA-1,Layer_5,5
AGCAAAGGCCGCTAGT-1,Layer_3,3
AGCAACATATCTTATT-1,Layer_1,7
AGCAACCGAAAGTAAT-1,Layer_5,5
AGCACACGTTTAGACT-1,Layer_6,5
AGCACCAGTACTCACG-1,Layer_1,7
AGCACTACCGGCCTGT-1,Layer_3,4
AGCACTACCTCACCAG-1,Layer_3,4
AGCACTTAAGGACGCC-1,Layer_2,1
AGCAGAAGGAGAAAGA-1,Layer_4,3
AGCAGCCAGATGAATA-1,Layer_3,3
AGCAGTCGAAGCATGC-1,Layer_4,3
AGCATATCAATATGCT-1,Layer_2,1
AGCATCATTTCGAAAG-1,Layer_5,5
AGCATCGTCGATAATT-1,Layer_1,7
AGCATTACGAGGCAAG-1,Layer_3,4
AGCCAAGCTTTGTGTC-1,Layer_4,3
AGCCACAGGTTACCCG-1,Layer_3,4
AGCCACTCCCGTGCTT-1,Layer_2,1
AGCCATATAGTATGTG-1,Layer_5,5
AGCCCATACATGTAAG-1,Layer_3,4
AGCCCGCAACAAGCAG-1,Layer_5,5
AGCCCGCACTACAATG-1,Layer_3,3
AGCCCGGCATTAGAGG-1,Layer_6,5
AGCCCGGTAGCCTGTA-1,Layer_4,3
AGCCCTAAGCGAAGTT-1,Layer_2,1
AGCCCTCCCTGGTGGC-1,Layer_6,5
AGCCCTGTCGCACCGT-1,Layer_1,7
AGCCCTTCTAATCCGA-1,Layer_3,4
AGCCCTTGGACATCCC-1,Layer_2,1
AGCCGCAAATTCAAAT-1,Layer_3,4
AGCCGTGGCTAAATGT-1,Layer_4,3
AGCCTAATACCCACGT-1,Layer_5,5
AGCCTTAAAGCGGAAG-1,Layer_1,7
AGCGACAGGAACGGTC-1,Layer_3,3
AGCGACATCCCATTCA-1,Layer_2,2
AGCGACCAACGATATT-1,Layer_1,7
AGCGACTTTGAAGACA-1,Layer_6,5
AGCGAGACGTGAAGGC-1,WM,5
AGCGATGCGCCTAATA-1,Layer_3,4
AGCGCATAATGAATCG-1,Layer_3,3
AGCGCGGGTGCCAATG-1,Layer_2,1
AGCGCTAGAGCGATGT-1,Layer_1,2
AGCGCTTATGGGCAAG-1,Layer_3,4
AGCGGACACTTCGTAG-1,Layer_4,3
AGCGGCGGTTAGCGGT-1,Layer_5,5
AGCGGGAAGGGTCCAT-1,Layer_1,2
AGCGGGTCTGACACTC-1,Layer_4,3
AGCGGTTGCCGCTCTG-1,Layer_3,4
AGCGTACGAGAGCTAG-1,Layer_2,1
AGCGTCTGAACCCGCA-1,Layer_3,1
AGCGTGGTATTCTACT-1,Layer_2,1
AGCGTTCCGATTTAAA-1,Layer_3,4
AGCTAACAAGCAATGT-1,Layer_5,5
AGCTAAGCTCCGTCCG-1,WM,6
AGCTAAGTACGCAGGC-1,Layer_3,4
AGCTACGAATGGTGGT-1,Layer_3,3
AGCTAGAAGCAGAAGT-1,Layer_3,1
AGCTATTTAATCCAAC-1,Layer_3,1
AGCTCCATATATGTTC-1,Layer_3,1
AGCTCCTTCGCACATC-1,Layer_3,1
AGCTCGTTGATGGAAA-1,Layer_3,4
AGCTCTAGACGTTCCA-1,Layer_1,2
AGCTCTTCCCAGTGCA-1,Layer_3,1
AGCTCTTCGTAACCTT-1,Layer_1,7
AGCTCTTTACTCAGTT-1,Layer_3,4
AGCTGAAGTAAACCAA-1,Layer_2,1
AGCTGTAACCTCAATC-1,Layer_4,3
AGCTTATAGAGACCTG-1,Layer_3,1
AGCTTCTTCTCGAGCA-1,Layer_3,4
AGCTTGATCAGGGTAG-1,WM,6
AGCTTGATCTTAACTT-1,Layer_3,4
AGGAACGAACGACTTC-1,Layer_3,4
AGGAAGCTGTCCGCCG-1,Layer_3,3
AGGACAGTCGAATCCC-1,Layer_1,2
AGGACATCGCACGTCG-1,Layer_1,2
AGGACATCGGCACACT-1,Layer_3,4
AGGACGACCCATTAGA-1,Layer_3,4
AGGACGCTCGATGTTG-1,Layer_3,4
AGGACTTATAGGAGAA-1,Layer_1,7
AGGAGACATCCACAGT-1,Layer_3,4
AGGAGAGTCTGGCTAC-1,Layer_3,1
AGGAGCGTTTATTATC-1,Layer_3,3
AGGAGGCCTTCGCGCG-1,Layer_2,1
AGGATAAAGTCGGGAT-1,Layer_3,4
AGGATATAGGGATTTA-1,Layer_1,7
AGGATATCCGACTGCA-1,Layer_3,3
AGGATCACGCGATCTG-1,Layer_4,3
AGGATTGCTTACGACA-1,Layer_2,1
AGGCAAAGAGGAATCA-1,,5
AGGCACGTGACTGTCC-1,Layer_2,1
AGGCAGATGCGTAAAC-1,Layer_1,1
AGGCAGGGAGCGTACT-1,Layer_4,3
AGGCATTGTCGTAGGG-1,Layer_1,2
AGGCCACATTGGTTAC-1,Layer_1,7
AGGCCACCCGTTATGA-1,Layer_1,2
AGGCCCAGTGACTGGT-1,Layer_1,2
AGGCCCATTGTACAGG-1,Layer_2,1
AGGCCCTAGAACGCCA-1,Layer_3,3
AGGCCTATCATACCAA-1,Layer_5,5
AGGCCTGAGAATCTCG-1,Layer_3,4
AGGCGATAACTGGCGT-1,Layer_2,1
AGGCGGTTTGTCCCGC-1,Layer_5,5
AGGCGTCTATGGACGG-1,Layer_3,4
AGGCTATGGTTAGCTT-1,Layer_1,2
AGGCTTAAGTTGCACA-1,Layer_5,5
AGGCTTCCCGAAGAAG-1,Layer_3,3
AGGCTTGCTAGACACC-1,Layer_1,2
AGGGAAACGAGGTACT-1,Layer_3,4
AGGGACAGCACGGCGG-1,Layer_3,4
AGGGACCGGCTGCGTT-1,Layer_1,2
AGGGACTCTACGCGAC-1,Layer_3,3
AGGGAGACATACTTCG-1,Layer_2,1
AGGGCAGCGGCGTGGT-1,Layer_3,4
AGGGCCCTAATGTTCT-1,Layer_3,4
AGGGCGAGCAGCTGAT-1,Layer_3,3
AGGGCGTGATCGGCTA-1,Layer_1,2
AGGGCTGCAGTTACAG-1,Layer_1,2
AGGGTCAGAGCACTCG-1,Layer_5,5
AGGGTCAGTAACCCTA-1,Layer_3,4
AGGGTCGATGCGAACT-1,Layer_1,7
AGGGTCTGGACGCAGT-1,Layer_3,4
AGGGTGCCGTTCTTTA-1,Layer_5,5
AGGGTGCTCTCGAGGG-1,Layer_1,7
AGGGTGGATAGTGCAT-1,Layer_3,1
AGGGTTCAGACGGTCC-1,Layer_5,5
AGGGTTCCCTTTGGTT-1,Layer_1,2
AGGGTTTAGTTCGGGA-1,Layer_1,2
AGGTAACCTCCTATTC-1,Layer_2,1
AGGTACGATATTGCCA-1,Layer_3,1
AGGTAGATCGAGATAT-1,Layer_5,5
AGGTAGGTACAAAGCT-1,Layer_2,4
AGGTATAATTGATAGT-1,Layer_1,2
AGGTATGCGGACATTA-1,Layer_1,2
AGGTCAGGTGAGAGTG-1,Layer_3,3
AGGTCGCCTCCCAACA-1,Layer_3,4
AGGTCGCGGAGTTACT-1,Layer_2,1
AGGTGCACGTCCACAT-1,Layer_3,4
AGGTGGTGACCTTCGC-1,Layer_4,3
AGGTGTATCGCCATGA-1,Layer_3,4
AGGTGTTGCCGACCAC-1,Layer_3,4
AGGTTACACCATGCCG-1,Layer_1,7
AGGTTCTCCTTTCCGG-1,WM,6
AGGTTGAGGCACGCTT-1,Layer_1,2
AGGTTTCACACACCTT-1,Layer_2,1
AGTAACGTTCATCCTG-1,Layer_3,4
AGTAACTATAGCAGCC-1,Layer_3,4
AGTAAGGGACAGAATC-1,Layer_3,3
AGTAATCTAAGGGTGG-1,Layer_4,3
AGTAATGTCTTGCCGC-1,Layer_2,1
AGTAATTTGCAAGCGT-1,WM,6
AGTACAGAAGCTTATA-1,Layer_4,3
AGTACATCATTTATCA-1,Layer_2,1
AGTACCTTCGAGTGCT-1,Layer_3,4
AGTACGGCCCGTATCG-1,Layer_3,4
AGTACGGGCACCTGGC-1,Layer_1,1
AGTACGTGGCCTGTCT-1,Layer_3,4
AGTACTCTTATGCCCA-1,Layer_3,4
AGTAGAAGGCGCCTCA-1,Layer_5,5
AGTAGGAAGGAAGTTG-1,Layer_3,4
AGTAGGTAACATACAT-1,Layer_2,1
AGTATAATACTAGGCA-1,Layer_1,2
AGTATACACAGCGACA-1,Layer_5,5
AGTATGCTGGAGACCA-1,Layer_5,5
AGTATTTGGCACGACC-1,Layer_4,3
AGTCAAATGATGTGAT-1,Layer_6,5
AGTCAACACCACCATC-1,Layer_3,4
AGTCAAGATGACACTT-1,Layer_2,1
AGTCACTAGCTCTCGA-1,Layer_3,1
AGTCACTCCGCCTCAT-1,Layer_2,1
AGTCAGCCACCGCCTG-1,Layer_1,7
AGTCCATTGGCTGATG-1,Layer_1,7
AGTCCCGCCTTTAATT-1,Layer_3,4
AGTCCCTCGCAGAAAG-1,Layer_3,4
AGTCGAATTAGCGTAA-1,Layer_3,3
AGTCGACGGTCTCAAG-1,Layer_1,7
AGTCGGCCCAAACGAC-1,Layer_1,7
AGTCGGCTCAACTTTA-1,Layer_3,3
AGTCGGTTGCGTGAGA-1,Layer_1,7
AGTCGTATAAAGCAGA-1,Layer_3,3
AGTCGTCGACCACCAA-1,Layer_3,4
AGTCGTGGGCATTACG-1,Layer_4,5
AGTCTAAAGTATACTC-1,Layer_2,1
AGTCTCACAAGACTAC-1,Layer_4,3
AGTCTGGACATCCTTG-1,Layer_1,7
AGTCTTCTCCTCAAAT-1,Layer_1,7
AGTCTTTAAAGTGTCC-1,Layer_4,3
AGTGAACAAACTTCTC-1,Layer_1,7
AGTGAAGATGGTGTCC-1,Layer_3,4
AGTGACCTACTTTACG-1,Layer_3,4
AGTGACTGTGACACAA-1,Layer_6,5
AGTGAGACTTCCAGTA-1,Layer_1,7
AGTGAGCCTCGCCGCC-1,Layer_2,1
AGTGAGGGTTTCTGAC-1,Layer_3,4
AGTGAGTCGAATTAAC-1,Layer_3,4
AGTGATAACCTGCGCG-1,Layer_3,4
AGTGATATGAGTAGTT-1,Layer_3,4
AGTGATTCAAGCAGGA-1,Layer_1,7
AGTGCACGCTTAAGAA-1,Layer_2,1
AGTGCGTAGCTCGTAA-1,Layer_3,3
AGTGCTAAACACAGCA-1,Layer_3,4
AGTGCTTGCACGAATA-1,Layer_1,7
AGTGGCCCGCAAATGG-1,Layer_3,3
AGTGGCGGCAATTTGA-1,Layer_2,1
AGTGGCGTCTGAAGGT-1,Layer_3,3
AGTGGCTCCGTCGGCC-1,Layer_3,4
AGTGGTGTTACCCGTG-1,Layer_5,3
AGTGGTTGCGTATAGG-1,Layer_3,4
AGTGTATTGCGCATTG-1,Layer_3,4
AGTGTGCTAAGATCGC-1,Layer_1,7
AGTGTGGTCTATTGTG-1,Layer_1,7
AGTTAAACACTTGCGA-1,Layer_3,4
AGTTAAGCGGTCCCGG-1,Layer_3,1
AGTTAAGTCAACCGCT-1,Layer_4,5
AGTTACCCTTAAGACT-1,Layer_2,1
AGTTACCGCACATGGT-1,Layer_2,1
AGTTACTCTATCGTGG-1,Layer_3,4
AGTTATTCAGACTGTG-1,Layer_3,3
AGTTCACCGGTTGGAC-1,Layer_1,7
AGTTCCTACAGAATTA-1,Layer_1,2
AGTTCCTATTTATGTT-1,Layer_2,1
AGTTCTGCGTTGTATC-1,Layer_1,7
AGTTGACATCGGCTGG-1,Layer_1,2
AGTTGACGGTCCTTGC-1,Layer_4,3
AGTTGCGGTCCTCAAC-1,WM,6
AGTTGCTGACTGATAT-1,Layer_1,7
AGTTGGCAAGGCTAGA-1,Layer_3,4
AGTTTATGTAAAGACA-1,Layer_3,4
AGTTTCGCAGGTCGGA-1,Layer_3,1
AGTTTGCACCTGCCTC-1,Layer_3,3
AGTTTGGCACGGGTTG-1,Layer_1,2
AGTTTGGCCAGACCTA-1,Layer_3,3
ATAAACGGACCCGTAA-1,Layer_3,4
ATAAACGTTGCACCAC-1,Layer_3,1
ATAAAGGCTCGGTCGT-1,Layer_1,1
ATAAAGGTCAAGTACG-1,Layer_3,4
ATAAATATTAGCAGCT-1,Layer_3,4
ATAACGCCGGAGGGTC-1,Layer_1,7
ATAACGGAGTCCAACG-1,Layer_1,2
ATAACGTTACCTCCAC-1,Layer_3,4
ATAAGGTGGAGAACAT-1,Layer_3,4
ATAAGTAGGATTCAGA-1,Layer_2,1
ATAAGTAGGGCGACTC-1,Layer_1,2
ATAAGTTACCGCGACG-1,Layer_3,4
ATAATACCGTTAGCCG-1,Layer_1,7
ATAATAGCTGTTGAAT-1,Layer_3,4
ATAATAGTGTAGGGAC-1,Layer_1,7
ATAATCTTGGAGAACC-1,Layer_3,4
ATAATTAGCTAAGTAG-1,Layer_4,3
ATACAGGCCCTCCAAT-1,Layer_3,3
ATACCACGGGCAACTT-1,Layer_3,4
ATACCAGCAAATTGCT-1,Layer_3,4
ATACCAGGCTAATAGA-1,Layer_3,1
ATACCAGGTGAGCGAT-1,,3
ATACCGTCATCCATAA-1,Layer_3,4
ATACCTAACCAAGAAA-1,Layer_3,3
ATACGAAGGCTTTCCA-1,Layer_1,1
ATACGAGGTTTGTAAG-1,Layer_6,5
ATACGCCGGCGAAACC-1,Layer_1,1
ATACGGAACGTCGTTT-1,Layer_5,5
ATACGGGTTTCGATTG-1,Layer_2,1
ATACGGTGAAGATGCA-1,Layer_3,4
ATACGTACTTAGCCAC-1,Layer_3,4
ATACGTCCACTCCTGT-1,Layer_1,2
ATACGTTATGCACGGA-1,Layer_4,3
ATACTACCCGTACCAC-1,Layer_3,1
ATACTAGCATGACCCT-1,Layer_1,7
ATACTCTCGCCACTCT-1,Layer_2,1
ATACTGCCTTACACCG-1,Layer_3,4
ATACTTGTTCTCGAGC-1,Layer_3,4
ATAGACAACGGGACCT-1,Layer_1,1
ATAGACGAAGAGAAAG-1,Layer_1,1
ATAGAGTACTGGGACA-1,Layer_1,7
ATAGAGTTATCAACTT-1,Layer_2,1
ATAGCAACTAGGGAAG-1,Layer_3,4
ATAGCCATAACAGTCA-1,Layer_3,3
ATAGCCTCAGTACCCA-1,Layer_1,7
ATAGCTGCTCTTGTTA-1,Layer_1,7
ATAGGCGGCTATAGAA-1,Layer_3,4
ATAGGCTAGCTTCGCA-1,Layer_2,1
ATAGGGATATCCTTGA-1,Layer_1,2
ATAGGTTGGGCAGATG-1,Layer_1,2
ATAGTCTTTGACGTGC-1,Layer_3,2
ATAGTGAAGCGTTCTC-1,Layer_2,4
ATAGTTCCACCCACTC-1,Layer_1,7
ATATAAAGCGCTCGTG-1,Layer_3,3
ATATAAATGTAGCTGC-1,Layer_3,4
ATATAACACGGGCGCA-1,Layer_3,4
ATATACATGTATGGTA-1,Layer_5,5
ATATACGCTCGTGACG-1,Layer_3,4
ATATAGAGTATTGGTC-1,WM,5
ATATCAACCTACAGAG-1,Layer_1,7
ATATCAATTCCAGCCT-1,Layer_6,5
ATATCGGTAGGGAGAT-1,Layer_1,7
ATATCGTGCCAGACCC-1,Layer_3,4
ATATCGTTCCTCGAAC-1,Layer_3,4
ATATCTCCCTCGTTAA-1,Layer_3,1
ATATCTTAGGGCCTTC-1,Layer_1,1
ATATGGGATAGCAACT-1,Layer_5,5
ATATGTCTAGAGCGTG-1,Layer_5,5
ATATGTCTCCCTAGCC-1,Layer_1,7
ATATTCAGTTAAACCT-1,Layer_3,4
ATATTCCACATAGTGA-1,Layer_3,4
ATATTCCCACAGGTCA-1,Layer_3,1
ATATTGCTGTCAAAGT-1,Layer_1,7
ATATTGGAGAGGCCTT-1,Layer_3,1
ATATTTAACCCTCAAG-1,Layer_1,2
ATCAAACACTGTTCCA-1,Layer_1,7
ATCAAACGAAGGTTTG-1,Layer_3,3
ATCAAAGAGCCGTGGT-1,Layer_6,5
ATCAAGATCCCAGGAC-1,Layer_5,5
ATCAATCTGGGCTGCA-1,Layer_1,2
ATCAATGCCGTGGCTG-1,Layer_6,5
ATCACATTAGAATATC-1,Layer_2,1
ATCACGTGCTAATTAA-1,Layer_3,4
ATCACTTCATCCTCGC-1,Layer_1,2
ATCAGACGGCACGCCG-1,Layer_3,4
ATCAGCCTCATGCTGC-1,Layer_3,4
ATCAGCTCGTCCACTA-1,Layer_4,3
ATCAGGTAGCTGACAG-1,Layer_2,1
ATCAGGTCGCCATTGC-1,Layer_3,4
ATCAGTAGGCAGGGAT-1,Layer_2,1
ATCATAGATCGACGAG-1,Layer_6,5
ATCATAGCCCTATGTA-1,Layer_3,4
ATCATCCAATATTTGT-1,Layer_2,1
ATCATCTGCCCAGTGT-1,Layer_3,4
ATCATGGACTACCGAC-1,Layer_1,7
ATCATTGTACCGCATT-1,WM,6
ATCCAACGCAGTCATA-1,Layer_1,2
ATCCAATGGAGGGTCC-1,Layer_3,4
ATCCAATGGTACCGAA-1,Layer_3,4
ATCCACATCGACAGAA-1,Layer_3,3
ATCCACGCTAAATGTT-1,Layer_3,4
ATCCAGAGCAACAACC-1,Layer_3,3
ATCCAGGATTCGTGAA-1,Layer_3,4
ATCCCATCCACAGCGC-1,Layer_6,5
ATCCCATTTCCGTGGG-1,Layer_5,5
ATCCGGACCAGCCTGA-1,Layer_3,4
ATCCTACCTAAGCTCT-1,Layer_3,4
ATCCTGAATCGCTGCG-1,Layer_3,4
ATCCTGCGTGGAATGG-1,Layer_3,4
ATCCTGCTGCAGATAG-1,Layer_3,1
ATCCTTCTGAAAGAAC-1,Layer_1,7
ATCGACCCAATACAGA-1,Layer_2,4
ATCGACTCTTTCCGTT-1,Layer_1,7
ATCGCACGATTGTTCA-1,Layer_2,1
ATCGCACGCCGGGAGA-1,Layer_1,7
ATCGCCAGTCAACATT-1,Layer_1,7
ATCGCCGTGGTTCATG-1,Layer_3,4
ATCGCTGCGTGCAGCA-1,Layer_3,1
ATCGCTTTACGTCTCA-1,Layer_2,1
ATCGGAGACAGACGGC-1,Layer_3,4
ATCGGCAAGCAGTCCA-1,Layer_3,1
ATCGGTTACCTAGTAA-1,Layer_3,4
ATCGTATTCCGAGAAC-1,Layer_3,4
ATCGTCCAATCGAGTC-1,Layer_1,2
ATCGTGGAAAGTCTGG-1,Layer_6,5
ATCGTTAGCTAGCGGA-1,Layer_3,1
ATCGTTCACTTTCGCC-1,Layer_3,4
ATCTAATATCCTACGG-1,Layer_3,3
ATCTACCATCTGCTCC-1,Layer_3,3
ATCTAGCTTGTGAGGG-1,Layer_4,3
ATCTCCCACGGAATAT-1,Layer_3,1
ATCTCCCTGCAATCTA-1,Layer_2,1
ATCTCGTGAGCGAAAC-1,Layer_1,7
ATCTGACATGGAAGGA-1,Layer_5,5
ATCTGATAGTGTCTTA-1,Layer_1,7
ATCTGCACCTCTGCGA-1,Layer_2,1
ATCTGCTGTTATCGCC-1,Layer_5,5
ATCTGGGCTGTTCTTG-1,Layer_3,3
ATCTGGTTAAGACTGT-1,Layer_1,2
ATCTGTAATTGTACCC-1,Layer_2,1
ATCTTAGGGCATTAAT-1,WM,6
ATCTTATCGCACACCC-1,Layer_3,4
ATCTTGACCTGCAACG-1,Layer_1,7
ATCTTGACTTGTCCAA-1,Layer_2,1
ATCTTTCGTATAACCA-1,Layer_3,1
ATGAAGCCAAGGAGCC-1,Layer_1,7
ATGAAGTGGACCCAGC-1,Layer_3,4
ATGACGCCGGCTCTAA-1,Layer_2,1
ATGACGCGTTCTATCC-1,Layer_4,3
ATGACTATCAGCTGTG-1,Layer_5,5
ATGACTATGCGACATT-1,Layer_2,1
ATGAGGAGTGTTAATC-1,Layer_1,2
ATGAGGGCAGCGGCTA-1,Layer_1,7
ATGATCGGGAATAGAC-1,Layer_2,1
ATGATGCAATGGTACA-1,Layer_3,4
ATGCACCTTCCTTAAT-1,Layer_1,7
ATGCACGCGCTGTTCA-1,Layer_6,5
ATGCACTACCGCATTG-1,Layer_1,7
ATGCATGATCCAGGAT-1,Layer_1,7
ATGCATTCCGTGATGG-1,Layer_3,4
ATGCCAATCGCTCTGC-1,Layer_3,4
ATGCCATTTGCGACCA-1,Layer_1,7
ATGCCGGTCTTGCATA-1,Layer_1,2
ATGCCGGTTGATGGGA-1,Layer_2,1
ATGCGACAATTGGTCC-1,Layer_3,4
ATGCGACAGTCCCATT-1,Layer_1,7
ATGCGAGTCCCACCAC-1,Layer_1,2
ATGCTCAGTGTTGCAT-1,Layer_1,7
ATGCTCTGGCGCGGTA-1,Layer_3,3
ATGCTTAGGAGTTGAT-1,Layer_2,1
ATGGAAATTTAAGGAG-1,Layer_5,5
ATGGAACCTTTGCACA-1,Layer_1,2
ATGGACTGCTTAGTTG-1,WM,5
ATGGAGCAGGCCGTGA-1,Layer_1,2
ATGGATCCGGCGTCCG-1,Layer_2,1
ATGGATTGACCAAACG-1,Layer_1,7
ATGGCAGCATTACGAT-1,Layer_6,5
ATGGCAGCCGAGAAAC-1,Layer_3,4
ATGGCCCGAAAGGTTA-1,Layer_3,3
ATGGCGGAATAGTCGC-1,Layer_2,1
ATGGCTGGAAATGGCC-1,Layer_3,4
ATGGGAACGGAAGCGG-1,Layer_3,4
ATGGGACCTGCTGAAC-1,Layer_5,5
ATGGGCCTCGGCCTCT-1,Layer_1,2
ATGGGTGTATACCTCC-1,Layer_6,5
ATGGTATTGGGAACCG-1,Layer_5,5
ATGGTATTTACTGATT-1,WM,6
ATGGTCGCGTGGTTTC-1,Layer_2,1
ATGGTGCTCAAAGCCA-1,,3
ATGTAAGGCTGCTCTT-1,Layer_2,1
ATGTACATGCGGTGAG-1,Layer_3,4
ATGTACGATGACGTCG-1,Layer_4,3
ATGTAGCGCGCGTAGG-1,Layer_4,3
ATGTCATAATAAACGA-1,Layer_6,5
ATGTCATTTCCCATTG-1,Layer_1,7
ATGTCTTGTTTGACTC-1,WM,5
ATGTGAAAGCCTAATG-1,Layer_3,3
ATGTGCATCCGACGCA-1,Layer_1,7
ATGTGGACATCTTGAT-1,Layer_3,4
ATGTGTAGTTTAGTCA-1,Layer_3,1
ATGTTACGAGCAATAC-1,Layer_1,7
ATGTTCCTGCCCACCT-1,Layer_1,7
ATGTTCGTCGACCCAC-1,Layer_3,4
ATGTTGATTAGAGACT-1,Layer_3,3
ATGTTGTAGTCTGTTT-1,Layer_5,5
ATGTTTCGGCCCGGAG-1,Layer_2,1
ATTAAACATGCGGACC-1,Layer_2,4
ATTAACACCTGAGATA-1,Layer_1,7
ATTAATACTACGCGGG-1,Layer_1,2
ATTAATGAACCAGTCG-1,Layer_2,1
ATTAATTCGGTCACTC-1,Layer_3,1
ATTACAACTACCGGCC-1,Layer_3,4
ATTACATGTCAGTCTT-1,Layer_1,2
ATTACCACACTGCCTG-1,Layer_1,7
ATTACGACTCCACAGT-1,Layer_3,4
ATTACGCGCTGGCAGG-1,Layer_3,4
ATTACGGGCTACGGTT-1,WM,6
ATTACTAGCCTCTTGC-1,Layer_1,2
ATTACTTACTGGGCAT-1,Layer_3,1
ATTAGATTCCTCAGCA-1,Layer_2,1
ATTAGATTGATAGCGG-1,Layer_1,2
ATTAGGCGATGCTTTC-1,Layer_1,2
ATTATACTTTGCTCGT-1,Layer_2,1
ATTATAGCTACTTTAC-1,Layer_2,1
ATTATCGGAATGTACG-1,Layer_5,5
ATTATCTCGACAGATC-1,Layer_3,1
ATTATGAGACCCAATT-1,WM,6
ATTATGCCATAGGGAG-1,Layer_1,7
ATTATTATGTCCGTCA-1,Layer_4,5
ATTATTCAGAGTCACT-1,Layer_3,3
ATTCAACCATTTAAGG-1,Layer_3,1
ATTCACTGATGTTGGA-1,Layer_3,3
ATTCAGGACCTATTTC-1,Layer_3,1
ATTCAGTAGCAGGGTC-1,Layer_1,1
ATTCATATACTGTCCA-1,Layer_3,4
ATTCATCGTTGAGGCA-1,Layer_3,4
ATTCCCACATAAACAA-1,Layer_1,1
ATTCCCGAAGGTACAG-1,WM,5
ATTCCTAAGACGTGGA-1,Layer_3,4
ATTCCTCCGCCAGTGC-1,Layer_1,7
ATTCCTTCCAGGCGGT-1,Layer_1,2
ATTCGACGCCGGGCCT-1,Layer_3,4
ATTCGCAGAGGACACT-1,Layer_3,4
ATTCGCGCCTTGAGAG-1,Layer_3,4
ATTCGTCCCGAGGTTA-1,Layer_3,3
ATTCGTGCTATCTCTT-1,Layer_1,7
ATTCGTGTACCCATTC-1,Layer_4,3
ATTCGTTTATCGTATT-1,Layer_3,3
ATTCTCGTCTCTTTAG-1,Layer_2,1
ATTCTGAGTATGAACT-1,Layer_3,4
ATTCTTCGTACTTATG-1,Layer_3,4
ATTGAAGATCTTAGTG-1,Layer_1,2
ATTGAATTCCCTGTAG-1,Layer_3,3
ATTGACCGGCGATGAC-1,Layer_3,4
ATTGACGTAACTCGGT-1,Layer_3,4
ATTGATAGCAACGAGA-1,Layer_1,2
ATTGATCACCACATTT-1,Layer_5,5
ATTGATGAGTCCTAAC-1,Layer_1,2
ATTGCCTATTAGACCG-1,Layer_6,5
ATTGCCTTTATGTTTG-1,Layer_3,3
ATTGCGATCAGTAACT-1,Layer_1,2
ATTGCTGCTCCTCCAT-1,Layer_2,1
ATTGGATTACAGCGTA-1,Layer_2,1
ATTGGGAATATCTTGG-1,Layer_2,1
ATTGGTAGGATCCGCT-1,Layer_2,1
ATTGGTTGTGCATTAC-1,Layer_3,4
ATTGTACAACTCGGCT-1,Layer_1,2
ATTGTCGCAATACCTT-1,Layer_3,4
ATTGTCTGTTTCATGT-1,Layer_5,5
ATTGTGACTTCGCTGC-1,Layer_3,4
ATTGTTCAACGATCCG-1,Layer_1,2
ATTTAACTCGTATTAC-1,Layer_2,1
ATTTACAGTTTACTGG-1,Layer_1,2
ATTTACTAAGTCCATT-1,Layer_2,1
ATTTATACTGGTAAAG-1,Layer_5,5
ATTTCATTATTTCGCG-1,Layer_3,4
ATTTCCGGGTTCTGCG-1,Layer_4,5
ATTTGCCTAGTTACGA-1,,4
ATTTGCGCGAGTAGCT-1,Layer_4,3
ATTTGGAGATTGCGGT-1,Layer_6,5
ATTTGTCTTGGGAGCT-1,Layer_1,2
ATTTGTTCCAGGGCTC-1,Layer_2,1
CAAACCAGGTCTGCAT-1,Layer_3,4
CAAACCATAAGCGTAT-1,Layer_4,5
CAAACCCTCCGGCGGG-1,Layer_4,3
CAAACGAGTATCGCAG-1,Layer_3,4
CAAACGGTCGCACTTT-1,Layer_1,1
CAAACGTGGTCTTGCG-1,Layer_3,4
CAAACTACGATAGAGA-1,Layer_3,4
CAAACTATTGAGCTTC-1,Layer_3,1
CAAACTCGCGACGCCG-1,Layer_1,7
CAAAGATTATTGGGCC-1,Layer_4,5
CAAAGGTCATCTGAAA-1,Layer_1,7
CAAAGTCAGGTTAGCT-1,Layer_1,2
CAAATCTCTCACAAGG-1,Layer_3,3
CAAATGCGGAGTGTTC-1,,3
CAAATGTCCTTCCGTG-1,Layer_3,4
CAAATTGGATTATGCC-1,Layer_3,4
CAAATTGTCAGCAAGC-1,Layer_3,1
CAACACATCTCCTGCC-1,Layer_2,1
CAACAGAATAACGCTA-1,Layer_3,3
CAACCAGTGGCCTACC-1,Layer_3,1
CAACCGCACCTAGACA-1,Layer_1,7
CAACCTACCGAGCAGT-1,Layer_3,4
CAACCTGAACCTGCCA-1,Layer_3,4
CAACGACCCGTTTACA-1,Layer_1,2
CAACGAGCTTATTATG-1,WM,6
CAACGATCGATCCAAT-1,Layer_3,3
CAACGCGATGAGCCAA-1,WM,5
CAACGGTTCTTGATAC-1,Layer_1,7
CAACGTGGTGGAGTCT-1,Layer_2,1
CAACTATATCGAATGC-1,Layer_3,4
CAACTCCAACGTTTAG-1,Layer_3,4
CAACTCCGTAACTTGC-1,Layer_3,3
CAACTCCTTGATCCCG-1,Layer_1,2
CAACTGCTCATCCGAT-1,Layer_4,3
CAACTTGTAGTGGGCA-1,Layer_2,1
CAAGACTCAGAAGCGC-1,Layer_3,1
CAAGAGGGCGGAGTAC-1,Layer_2,1
CAAGATATTATAACGT-1,Layer_1,1
CAAGCAACGTCGGAGT-1,Layer_2,1
CAAGCACCAAATGCCT-1,Layer_2,1
CAAGCGGCACATAATT-1,Layer_3,4
CAAGGATCGCATGTTC-1,Layer_2,1
CAAGGCCAGTGGTGCA-1,Layer_3,4
CAAGGTCCTATAGGCT-1,Layer_1,2
CAAGTAAGTGATAGAC-1,Layer_5,5
CAAGTCGTTGAAATCT-1,Layer_6,5
CAAGTGAACTTTGGTT-1,Layer_3,4
CAAGTGTGGTTGCAAA-1,Layer_1,7
CAATAAACCTTGGCCC-1,Layer_1,2
CAATACGAGAGTCTGA-1,Layer_1,7
CAATACGCTCTGAGGC-1,Layer_3,4
CAATATTCTTGACCTA-1,Layer_4,3
CAATATTGGACTAGTG-1,Layer_2,1
CAATCCCTATACCAGC-1,Layer_3,4
CAATCCTGCCGTGGAG-1,Layer_1,7
CAATGACCCTTAATTT-1,Layer_5,5
CAATGAGGTTCGACTA-1,Layer_2,1
CAATGCGAGAAGTATC-1,Layer_3,4
CAATGGAATCTACATA-1,Layer_3,4
CAATGGATCTCTACCA-1,Layer_1,2
CAATGGTCGGCCTGGG-1,Layer_3,1
CAATGTGCCAACCCTT-1,Layer_1,2
CAATTAAGGGTGATGA-1,Layer_1,2
CAATTGGGCCGCACTC-1,Layer_6,5
CAATTTCGTATAAGGG-1,Layer_1,1
CACAAACCGCAGAACT-1,Layer_3,4
CACAAGAAAGATATTA-1,Layer_3,4
CACAAGCTAAGAAAGG-1,WM,5
CACAATGAGCTGCTAT-1,Layer_3,4
CACACACGCTAACGAG-1,Layer_2,1
CACACAGCTTGCGCTC-1,Layer_1,7
CACACAGGGATAGATT-1,Layer_1,2
CACACGCGCTGTCTTA-1,Layer_1,7
CACACGTTTCAATGGG-1,Layer_3,4
CACAGAGACGAGGACG-1,Layer_6,5
CACAGCACCCACGGCA-1,Layer_1,2
CACAGCTAGGGAGTGA-1,Layer_1,2
CACAGGGCCATATAGT-1,Layer_3,1
CACAGGGCCGTTGTCA-1,Layer_4,3
CACAGTCCCGCTTCGC-1,Layer_3,1
CACAGTTCGCTTCCCA-1,Layer_2,1
CACATATTAGCAGGAT-1,Layer_2,1
CACATCGTGCACGCGC-1,Layer_4,5
CACATCTCACCGACGA-1,Layer_3,3
CACATGATTCAGCAAC-1,Layer_1,1
CACATGTTTGGACATG-1,Layer_1,2
CACATTCTTTCGATGG-1,Layer_3,4
CACATTTCTTGTCAGA-1,Layer_1,7
CACCAATCATCCGTCT-1,Layer_5,5
CACCACGCCACACAGA-1,Layer_3,3
CACCAGTCAGCATGCA-1,Layer_5,5
CACCATCGGAGGAGAC-1,Layer_3,1
CACCATGATCGCAAAG-1,Layer_3,4
CACCCAAATCTTATGT-1,Layer_1,2
CACCCACACGTCACCC-1,Layer_1,2
CACCCACGAGGCAATT-1,Layer_2,1
CACCCGCGTTTGACAC-1,Layer_3,3
CACCCGGTTTGTGACT-1,Layer_3,3
CACCCTAACAAGATCT-1,Layer_3,4
CACCCTTGGTGAGACC-1,Layer_4,3
CACCCTTTCCTCGCTC-1,Layer_2,1
CACCGATACACCGAGC-1,Layer_3,4
CACCGATGATGGGTAC-1,Layer_3,4
CACCGCCAGAAGGTTT-1,Layer_1,7
CACCGCCGACCAGCGA-1,Layer_3,1
CACCGCGTCCACTCTA-1,Layer_3,4
CACCGGAGATATCTCC-1,Layer_3,4
CACCGGGCATCACAAG-1,Layer_3,3
CACCGGTAGAGACATT-1,WM,5
CACCGTATCCCATCCG-1,Layer_1,2
CACCGTTAGGGATCAC-1,Layer_4,3
CACCGTTGCGCGATAT-1,Layer_3,3
CACCTAATAGAGTCGT-1,Layer_1,7
CACCTAATCAGTTTAC-1,Layer_2,1
CACCTCGATGGTGGAC-1,Layer_2,1
CACCTTGCGAAACTCG-1,Layer_2,1
CACCTTGGCGCCTTTG-1,Layer_1,7
CACGAAAGTTAGTCCC-1,Layer_2,4
CACGACCACAGACTTT-1,,3
CACGACTAAAGTTCTG-1,Layer_3,4
CACGAGCAAACCAGAC-1,WM,6
CACGATTGGTCGTTAA-1,,5
CACGCACAGCGCAGCT-1,Layer_1,2
CACGCAGCGAGGCTTT-1,Layer_1,1
CACGCGGAACTGTTGC-1,Layer_1,7
CACGGACGTGGATGGC-1,Layer_3,4
CACGGCGCGCCAAAGG-1,Layer_3,4
CACGGGATTGAGGGTT-1,Layer_3,4
CACGTCAATCAATGGA-1,Layer_3,4
CACGTCGGCAACCTCT-1,Layer_3,3
CACGTCGGGTTCTAGA-1,Layer_1,7
CACGTCTATGATGTGG-1,Layer_3,4
CACGTTCGTGCTCTAG-1,Layer_1,7
CACGTTTCGTACACAC-1,Layer_3,4
CACTAAAGTTGCCTAT-1,Layer_2,1
CACTACGGGAGCTGCC-1,Layer_3,1
CACTACTCAGTTCTGT-1,Layer_3,4
CACTCAAGAGCTATGG-1,Layer_2,1
CACTCAGCTCTTGAGG-1,Layer_3,1
CACTCCTATGTAAGAT-1,Layer_4,5
CACTCCTCTCGGTCGG-1,Layer_3,4
CACTCGAGCTGAACAA-1,Layer_3,4
CACTCGGTTAGGAGGA-1,Layer_3,4
CACTCTCAAGCATCGA-1,Layer_5,5
CACTCTTCTGCTAGCC-1,Layer_3,4
CACTGACGATTGTGGA-1,Layer_5,5
CACTGTCCAAGTGAGA-1,Layer_1,7
CACTTAATCAGACGGA-1,Layer_2,1
CACTTCGCCACAGGCT-1,Layer_1,7
CACTTCGTCTTATCTC-1,Layer_1,7
CAGAACTTAGCCCTCT-1,Layer_3,4
CAGAATAACACACGGA-1,Layer_2,1
CAGAATATTCGTTATC-1,Layer_1,7
CAGACACCGATCGCTG-1,Layer_3,3
CAGACCTGTAAGTGTT-1,Layer_1,2
CAGACGAACCTGATAC-1,Layer_3,3
CAGAGACGGTCACCCA-1,Layer_3,3
CAGAGCATGAGCTTGC-1,Layer_1,7
CAGAGCGATGGATGCT-1,Layer_3,4
CAGAGGCGATGCATGA-1,Layer_3,3
CAGAGTGATTTAACGT-1,Layer_3,1
CAGATAATGGGCGGGT-1,Layer_3,4
CAGATACTAACATAGT-1,Layer_1,7
CAGATATGAAGATGAC-1,WM,5
CAGATCATTTAAAGTC-1,Layer_3,4
CAGATCCTGGTTTGAA-1,Layer_5,5
CAGATGTTTGTCCCAA-1,Layer_5,5
CAGCAGCCCGTTCCTT-1,Layer_1,2
CAGCAGTCCAGACTAT-1,Layer_1,2
CAGCAGTCTGTGCTGC-1,Layer_3,3
CAGCCCTCACAGGCAG-1,Layer_3,4
CAGCCGGGCCCTCTAT-1,Layer_3,4
CAGCCTCCTGCAGAGG-1,Layer_1,1
CAGCCTCGATAGCGGT-1,Layer_3,4
CAGCCTCTCCTCAAGA-1,Layer_3,4
CAGCGATTCCCTTCAA-1,Layer_3,3
CAGCGCCAACACGATA-1,Layer_3,4
CAGCTCACTGAGACAT-1,Layer_1,2
CAGCTCGACAAGTTAA-1,Layer_1,2
CAGCTCGTGCTTGTGT-1,Layer_1,2
CAGCTCTGGGCTCACT-1,WM,5
CAGCTGGCGTAACCGT-1,Layer_4,3
CAGCTTAGTAGGTAGC-1,Layer_2,4
CAGGAAGACTTTATAT-1,Layer_3,4
CAGGACAGCTGCCCTT-1,Layer_2,1
CAGGATATATCGTTGT-1,Layer_3,4
CAGGATCCGCCCGACC-1,,5
CAGGCAGTCTTACCAG-1,Layer_3,4
CAGGCCAGTACCACCT-1,WM,6
CAGGCCGTTTGGGTGT-1,Layer_3,4
CAGGCGCACGGTGGTC-1,Layer_4,5
CAGGCGCCATGCTAGG-1,Layer_3,4
CAGGGAGATAGGCCAG-1,WM,6
CAGGTTTAGTACTACA-1,Layer_3,3
CAGTAACTATTTATTG-1,Layer_3,1
CAGTAAGGGACGTCTC-1,WM,6
CAGTAATCCCTCCCAG-1,Layer_1,7
CAGTACATTCTCTAAA-1,Layer_3,1
CAGTACCAGTTTACGT-1,Layer_4,3
CAGTAGATGATGTCCG-1,Layer_1,7
CAGTAGCCCACGCGGT-1,Layer_2,1
CAGTCGAGGATGCAAT-1,Layer_2,1
CAGTCGGCCTAGATAT-1,Layer_5,3
CAGTCTCTCGGCTAAT-1,Layer_2,1
CAGTCTGTATACTGGG-1,Layer_2,1
CAGTGAATAAATGACT-1,Layer_1,1
CAGTGGTTGCACATGA-1,Layer_1,7
CAGTGTCCGCAGAATG-1,Layer_1,7
CAGTGTCGGCTGGCCC-1,Layer_2,1
CAGTGTTAATCTCTCA-1,WM,6
CAGTTCAAATTGACAC-1,Layer_1,7
CAGTTCCGCGGGTCGA-1,Layer_1,2
CAGTTCGAGGACCCGA-1,Layer_5,5
CATAACGGACAGTCGT-1,Layer_1,7
CATAAGAAGCTTGGCT-1,Layer_3,3
CATAAGCTCTCCGTCT-1,Layer_3,3
CATAATGAGCGGGCGA-1,Layer_3,1
CATACAAAGCCGAACC-1,Layer_1,2
CATACACAAAGTCAGC-1,Layer_6,5
CATACACGGTTCCCAC-1,Layer_4,3
CATACCCGTACCCAGT-1,Layer_3,4
CATACGAACTAGCTGG-1,Layer_5,5
CATACGGCGTCTGGGC-1,Layer_2,1
CATACTATGTAATTGT-1,Layer_2,1
CATACTTAGGCAATAC-1,Layer_1,2
CATACTTCTTTCTCCG-1,Layer_5,5
CATAGAGGAGATACTA-1,Layer_3,3
CATAGCCGCCCGGGAT-1,Layer_1,1
CATAGCGTTGCCCACC-1,Layer_3,3
CATAGGGACACTTGTG-1,WM,6
CATAGTACATTGAGAG-1,Layer_3,1
CATAGTAGCATAGTAG-1,Layer_1,7
CATAGTCAAATACATA-1,Layer_3,4
CATAGTCCACAAGAAC-1,Layer_3,4
CATAGTGGGCACGCCT-1,Layer_3,4
CATATACTACTGATAA-1,Layer_3,4
CATATAGGTACAGTCA-1,Layer_3,4
CATATGTCAGGCTACG-1,Layer_4,3
CATATTATTTGCCCTA-1,Layer_3,4
CATCAAACTGGCGCCC-1,Layer_3,4
CATCAACACCTACTAA-1,Layer_1,7
CATCATCTACCCGGAC-1,Layer_3,1
CATCATTACCCTGAGG-1,Layer_2,1
CATCCAATATAGTTTG-1,WM,5
CATCCCGAGATTCATA-1,Layer_3,4
CATCCGCAGGCCCGAA-1,Layer_1,7
CATCCTCTCAAAGATC-1,Layer_3,4
CATCGCCCGCGGCCAA-1,Layer_2,1
CATCGGACGGGTTAAT-1,Layer_2,4
CATCGTCCGGTTACTA-1,Layer_1,2
CATCTAGTGAAGGGAA-1,Layer_1,7
CATCTGCAGGATCATT-1,Layer_3,1
CATCTTACACCACCTC-1,Layer_1,7
CATGAACCGACATTTG-1,Layer_2,1
CATGAACCTCTTATCA-1,Layer_3,4
CATGACTTCGCTGAAT-1,Layer_1,7
CATGAGATGCACTCTC-1,Layer_3,4
CATGAGTCCATCACGG-1,WM,6
CATGATACGGTGAAAC-1,Layer_5,5
CATGATCGCTTTGAGA-1,Layer_3,4
CATGATGCACAATTCT-1,Layer_1,2
CATGATGGAAGTTAGC-1,Layer_1,7
CATGCACATGAGAGGC-1,WM,6
CATGCACGTGTTACTG-1,Layer_3,4
CATGCATGGAGACCCT-1,Layer_3,4
CATGCCAACTCGCAAA-1,Layer_3,4
CATGCGACCAGTTTAA-1,Layer_2,1
CATGCGTTAGACAGAA-1,Layer_2,1
CATGCGTTGAGAGGAG-1,Layer_6,5
CATGCTGGCTCCAATT-1,Layer_3,1
CATGGATTGTCTTCCG-1,Layer_2,1
CATGGCAGGAAGATCG-1,Layer_1,2
CATGGCTCCCTATGTC-1,Layer_2,1
CATGGGTATGCCTTAT-1,Layer_3,4
CATGGGTCGGGTGTGG-1,Layer_2,1
CATGGTAAGTAGCGTT-1,Layer_2,1
CATGGTATTAGTTTGT-1,Layer_6,5
CATGGTCTAGATACCG-1,Layer_1,7
CATGGTTTATTAATCA-1,Layer_3,4
CATGTAAGAGACATTT-1,Layer_3,4
CATGTAGGAGCGCCAA-1,Layer_3,4
CATGTCTCATTTATGG-1,Layer_2,1
CATGTGGGCTCATCAC-1,Layer_4,5
CATTACATAGATTGTG-1,Layer_3,1
CATTACGCAGGAAGGG-1,Layer_3,3
CATTACGTCGGCCCGT-1,Layer_2,1
CATTATAACAGGGTCC-1,,4
CATTATCCCATTAACG-1,Layer_6,5
CATTATGCTTGTTGTG-1,Layer_1,7
CATTCACTGACAGCTA-1,Layer_3,1
CATTCCCATTCCGTCG-1,Layer_2,1
CATTCCCTAAGTACAA-1,Layer_1,7
CATTCGTCGTAGCGGT-1,Layer_3,4
CATTGATGAACACGCC-1,Layer_3,4
CATTGCAAAGCATAAT-1,Layer_3,4
CATTGCGAAATGGGCG-1,Layer_3,4
CATTGCGGGTCAATTC-1,Layer_3,1
CATTGTGTGCTAGATC-1,Layer_1,7
CATTTAGCGGACCATG-1,Layer_2,1
CATTTATCGTTCAAGA-1,Layer_3,4
CATTTCTAGCAGACTA-1,Layer_1,7
CATTTGAGTGGTACGT-1,Layer_3,3
CCAAACAGAACCCTCG-1,Layer_1,7
CCAAAGCAGTTGGTTG-1,Layer_1,2
CCAAATAACAAGATTC-1,Layer_1,2
CCAAATCAAAGGGCAA-1,WM,6
CCAACCTTATGTAACT-1,Layer_5,5
CCAACGATGCACTGAT-1,Layer_1,1
CCAACGCTTGCCAGGG-1,Layer_3,4
CCAACTTGATAGATCC-1,Layer_1,7
CCAAGAAAGTGGGCGA-1,Layer_3,3
CCAAGACTTCTGCGAA-1,Layer_1,2
CCAAGCGTAACTCGTA-1,Layer_1,7
CCAAGGAACAGAGAGG-1,Layer_2,1
CCAAGGTTGCCCTTTC-1,Layer_3,4
CCAAGTTTCTACAGAT-1,Layer_1,7
CCAATAGATTTCATCT-1,Layer_3,4
CCAATAGTGCCGTCGA-1,Layer_2,1
CCAATCGGTAGATCGA-1,Layer_3,4
CCAATGTCACAGCAAG-1,Layer_2,1
CCAATTACGGGTCGAG-1,Layer_3,4
CCAATTGAATGTTAAT-1,Layer_1,7
CCACAATGTACGTCTT-1,Layer_1,2
CCACACTGAGATATTA-1,Layer_2,4
CCACAGCTGAAATCAT-1,Layer_2,1
CCACAGTACCCATCCT-1,Layer_2,1
CCACATACTGCACCCA-1,Layer_1,2
CCACATGGCTCTTTAT-1,Layer_6,5
CCACCAACTTTACTGT-1,Layer_3,3
CCACCCAAGGAAAGTG-1,Layer_1,2
CCACCTGTATGGAATA-1,Layer_3,4
CCACGAATTTAACCTC-1,Layer_1,7
CCACGAGAAGAGAATC-1,Layer_2,1
CCACGGAGCCATAAGA-1,Layer_3,3
CCACGGCAGGTGTAGG-1,Layer_6,5
CCACGGTGCCCGGTAG-1,Layer_1,2
CCACGTAAATTAGACT-1,Layer_2,1
CCACTATCCGGGTCAC-1,Layer_2,1
CCACTCAGATCCGCAA-1,Layer_4,3
CCACTGGTGGCTGGTT-1,Layer_3,4
CCACTGTTTGGATTAA-1,Layer_3,1
CCACTTTCCTTCTAGG-1,Layer_3,3
CCAGAAACTGATGCGA-1,Layer_3,4
CCAGAAAGCAACTCAT-1,Layer_3,3
CCAGAGACAAAGCCGG-1,Layer_1,7
CCAGATAGTTGAGTGA-1,Layer_1,2
CCAGATGTAAATGGGT-1,Layer_3,4
CCAGCCTGGACCAATA-1,Layer_1,1
CCAGCGGGATCACCAG-1,Layer_2,1
CCAGCTACGCCTCATA-1,Layer_2,1
CCAGCTCGAACGCATT-1,Layer_4,3
CCAGCTGATGGTACTT-1,Layer_3,4
CCAGCTTCCGCCCGCA-1,Layer_2,4
CCAGGCGAGATGGTCT-1,WM,6
CCAGGCTGGCGTCTGA-1,Layer_2,1
CCAGGGACGTGGCCTC-1,Layer_1,7
CCAGTAGTCTGATCCA-1,Layer_1,1
CCAGTCAAATCTCTTA-1,Layer_4,3
CCAGTCCATTATTCGA-1,Layer_1,1
CCAGTCTAGACGGCGC-1,Layer_2,1
CCAGTCTTGTCATAGA-1,Layer_3,3
CCAGTGTACAGACCGA-1,WM,6
CCAGTTCGGTAACTCA-1,Layer_4,3
CCATAAACAACCCGAC-1,Layer_3,1
CCATAACCTGTGCAGT-1,Layer_5,5
CCATACCTTTACTTGT-1,Layer_2,2
CCATACTCGCCTCTCC-1,Layer_3,4
CCATAGAGGCTGCCAG-1,WM,5
CCATAGGTTGGCGTGG-1,Layer_1,1
CCATAGTCAGTAACCC-1,Layer_1,7
CCATATGGAAACTATA-1,Layer_2,1
CCATATTGGATCATGA-1,Layer_1,7
CCATCCATACCAAGTC-1,Layer_1,2
CCATCGCAGTTAAACT-1,Layer_3,4
CCATCTCACCAGTGAA-1,Layer_1,7
CCATCTTGTTCACAAT-1,Layer_3,1
CCATGCCCTAGATTTC-1,Layer_3,1
CCATGCCTGTTTAGTA-1,Layer_2,1
CCATGCTCTGCAGGAA-1,Layer_1,7
CCATGGCAAACGCTCA-1,Layer_6,5
CCATGGCCCTTGTACC-1,Layer_2,4
CCATGTTCATCTATAT-1,Layer_6,5
CCATTAGCGATAATCC-1,Layer_1,1
CCATTCCCTGCCCACA-1,Layer_2,1
CCATTGTTTCCTCCAT-1,Layer_3,1
CCATTTCTACCTATTA-1,Layer_3,4
CCCAAACATGCTGCTC-1,Layer_1,7
CCCAACATACGTCGCG-1,Layer_3,4
CCCAACCACACTAACA-1,Layer_3,1
CCCAAGAATGCACGGT-1,Layer_3,4
CCCAAGACAGAGTATG-1,Layer_3,4
CCCAAGTCATTACACT-1,Layer_3,3
CCCAATGAGATTTGCA-1,Layer_4,5
CCCAATTTCACAACTT-1,Layer_3,4
CCCACTCCACGGTATC-1,Layer_5,5
CCCAGAGGAGGGCGTA-1,Layer_3,4
CCCAGATTCCCGTGAC-1,WM,5
CCCAGGAAGAATTCGA-1,Layer_5,5
CCCAGGTCTGAAGGCT-1,Layer_1,1
CCCAGTAAACTTGGGA-1,Layer_5,5
CCCAGTTAAGGCGCCG-1,Layer_1,1
CCCATATAGGTCGATT-1,Layer_3,4
CCCATTATTGTATCCT-1,Layer_3,4
CCCGAAGTTTCGCGAA-1,Layer_4,3
CCCGACCATAGTCCGC-1,Layer_2,1
CCCGAGTTTCTCCGTA-1,Layer_1,7
CCCGATAGCCTCGCCT-1,Layer_2,1
CCCGCAAATAATCATC-1,Layer_6,5
CCCGCAGCGCGAACTA-1,Layer_3,4
CCCGCAGGGCCCAAAG-1,Layer_3,1
CCCGCCATGCTCCCGT-1,Layer_1,7
CCCGCGCAATGCACCC-1,Layer_1,7
CCCGGCACGTGTCAGG-1,Layer_3,3
CCCGGGTCGTTCAGGG-1,Layer_4,3
CCCGGTGGAAGAACCT-1,Layer_1,2
CCCGGTGTATCGGAAT-1,Layer_5,5
CCCGTAAGTCTAGGCC-1,Layer_3,4
CCCGTAGCTGGGAAGA-1,Layer_4,5
CCCGTCAGCGTCTGAC-1,Layer_1,7
CCCGTGACAGTGCCTT-1,Layer_4,5
CCCGTGAGGGCGGTGA-1,Layer_4,3
CCCGTTTCGCAGATGT-1,Layer_1,2
CCCTACCCACACCCAG-1,Layer_4,3
CCCTACTTGAACAATG-1,Layer_3,3
CCCTAGCTCTAAGGTC-1,Layer_6,5
CCCTAGGCAACAAGAG-1,Layer_5,5
CCCTAGTGTCAGGTGT-1,Layer_1,2
CCCTATGTAGAGCAGA-1,Layer_5,5
CCCTCAAGCTCTTAGT-1,Layer_1,7
CCCTCAGATCGAGAAC-1,WM,6
CCCTCATCACAGAGTA-1,WM,6
CCCTCATTCTGGAATT-1,Layer_1,2
CCCTCCTCGCTCGTAT-1,Layer_1,2
CCCTCGATAATACACA-1,Layer_6,5
CCCTCGGGAGCCTTGT-1,Layer_3,4
CCCTGAAATGAGTTGA-1,Layer_1,1
CCCTGACTAACAAATT-1,Layer_3,4
CCCTGATGTAACTCGT-1,Layer_1,7
CCCTGCCCAATCCGCT-1,Layer_3,4
CCCTGCGCTACGCATA-1,Layer_3,4
CCCTGGCTGTTCCTTC-1,Layer_5,5
CCCTGGGAGGGATCCT-1,Layer_5,5
CCCTGGTATGGGCGGC-1,Layer_3,4
CCCTGTTGGCAAAGAC-1,Layer_1,7
CCCTTTAATGGAGTTC-1,Layer_3,4
CCCTTTGACAGGTCTT-1,Layer_3,3
CCGAAAGTGGTGAGCA-1,Layer_1,7
CCGAACACTGGGCCTC-1,Layer_3,3
CCGAACCTTCCCGGCC-1,Layer_3,4
CCGAAGCATTGACCAA-1,WM,5
CCGAAGGGCGTACCGC-1,Layer_3,1
CCGAAGTATATTGTTC-1,Layer_1,7
CCGACAAACACATGAG-1,Layer_1,7
CCGACAAAGGGAGTGC-1,Layer_3,4
CCGACAATAGGCCGCC-1,Layer_2,1
CCGACGGGCATGAGGT-1,Layer_4,3
CCGACGTAAACACAAC-1,Layer_3,4
CCGACTCGCATAGTCT-1,Layer_3,4
CCGAGAAGTCGCATAA-1,Layer_1,7
CCGAGCTGTGCTTGTC-1,Layer_3,4
CCGAGGGATGTTAGGC-1,Layer_3,1
CCGATATGACGTAAGG-1,Layer_2,1
CCGATCTCAACCTTAT-1,Layer_1,7
CCGATTCGAGGGACCC-1,Layer_3,4
CCGATTGGTCAATGAA-1,Layer_3,3
CCGCACAAAGACCAAC-1,Layer_1,7
CCGCACACGAACGTGT-1,Layer_1,7
CCGCACGTGACCTCGG-1,Layer_2,1
CCGCACTTGCAATGAC-1,Layer_3,4
CCGCATGTGGTACGAT-1,Layer_3,3
CCGCCACCACAATCCA-1,Layer_3,4
CCGCCGGAACTTCTCG-1,Layer_5,5
CCGCCGGTCAACACAC-1,Layer_2,1
CCGCCGTTGAGGATAA-1,Layer_1,7
CCGCCTGCGAATTGGT-1,Layer_3,4
CCGCCTTGCGATGTCG-1,Layer_4,3
CCGCGATTTGGTAGGT-1,Layer_3,4
CCGCGCAAGATACCCA-1,WM,6
CCGCGGAATGCGTCAC-1,Layer_3,3
CCGCGGGTACGAAGAA-1,Layer_2,4
CCGCGTAGGTAAGGGC-1,Layer_2,4
CCGCTATCAGCACCAG-1,Layer_3,4
CCGCTCCAGGGCGATC-1,Layer_5,5
CCGCTCCGGATAAGCT-1,WM,6
CCGCTCTTCCGAACTA-1,Layer_3,4
CCGCTGGTGCCATTCA-1,Layer_3,4
CCGCTTACCTCACTCT-1,Layer_3,3
CCGCTTGCTGACATGG-1,Layer_3,1
CCGGAAGTGCAATATG-1,Layer_3,3
CCGGAAGTTATCAGTC-1,Layer_1,7
CCGGAATGGTTTCAGT-1,Layer_1,7
CCGGAGCGTACTTTCT-1,Layer_3,3
CCGGAGGTCTTATGGT-1,Layer_3,4
CCGGCACGACCGTTTC-1,Layer_1,2
CCGGCCGCGAGCATAT-1,Layer_6,5
CCGGCGCATATTGGAT-1,Layer_2,1
CCGGCGTGAGACTCTG-1,Layer_4,3
CCGGGACCCGCAGAGA-1,Layer_1,1
CCGGGCGGTCTCGTCA-1,Layer_1,7
CCGGGCTAAGAATTTC-1,WM,6
CCGGGCTGCTCCATAC-1,Layer_1,7
CCGGGTTCGAGGTTAC-1,Layer_3,4
CCGGTAATGGCTAGTC-1,Layer_1,2
CCGGTATCTGGCGACT-1,Layer_5,5
CCGGTTTGTAATTGTG-1,Layer_4,3
CCGTAAGTTGGTCCCA-1,Layer_1,7
CCGTACCCAAGCGCCA-1,Layer_1,1
CCGTAGGAAATCCCTG-1,Layer_3,4
CCGTAGGGTTGTTTAC-1,Layer_3,1
CCGTATCTCGTCGTAG-1,Layer_4,3
CCGTATTAGCGCAGTT-1,Layer_3,4
CCGTCAACCTCTGGCG-1,WM,6
CCGTGAGGCATTCATG-1,Layer_1,2
CCGTGCCCATGACGGC-1,Layer_2,1
CCGTGGAACGATCCAA-1,Layer_3,1
CCGTGTTAAATTCCAT-1,Layer_3,3
CCGTTACGTTAGAACA-1,Layer_2,1
CCGTTCCGAATCTCGG-1,Layer_3,4
CCGTTTCCTTTCCGTG-1,Layer_6,5
CCTAAACAGGGTCCGT-1,,3
CCTAAAGGCTGACGCT-1,Layer_3,4
CCTAAATTAACGGTTC-1,Layer_2,1
CCTAAATTGTATCCTA-1,Layer_1,2
CCTAACCCAAACAAGT-1,Layer_2,1
CCTAACTAAGGCTCTA-1,Layer_3,1
CCTACAAGTCCGGAAT-1,Layer_3,4
CCTACAGTTGAGGGAG-1,Layer_5,5
CCTACATTCACAGACG-1,Layer_3,5
CCTACGCGACCTTACA-1,Layer_3,4
CCTACGGCTCAGTCGA-1,Layer_1,7
CCTACTCAACACGATT-1,Layer_3,4
CCTACTGCGGCGGCCA-1,Layer_3,4
CCTACTGCTTACACTT-1,Layer_1,7
CCTAGGCGTAGCGATC-1,Layer_1,7
CCTAGGTAAAGGTAGC-1,Layer_5,5
CCTAGTTAGTCGCATG-1,Layer_3,1
CCTATAATGAGTGCCC-1,Layer_3,4
CCTATACCGTCCTGTC-1,Layer_3,3
CCTATATCGTGTCACG-1,Layer_6,5
CCTATATTTGTCCTGG-1,Layer_4,3
CCTATCTATATCGGAA-1,Layer_2,1
CCTATGAAGTGGTGCC-1,Layer_1,2
CCTATGGCTCCTAGTG-1,Layer_5,5
CCTATGGGTTACCGTC-1,Layer_1,2
CCTATGGTCAAAGCTG-1,Layer_4,3
CCTATGTCCACTCCAC-1,Layer_3,4
CCTATTATTCCGGCCG-1,WM,6
CCTCAACGATCGCTGT-1,Layer_5,5
CCTCACCAATCTTGAC-1,Layer_1,7
CCTCACCTGAGGGAGC-1,Layer_2,1
CCTCACCTTAGCATCG-1,Layer_2,1
CCTCACGTCAGCTAAT-1,Layer_3,4
CCTCATGCAGCTACGA-1,Layer_2,1
CCTCCCGACAATCCCT-1,Layer_3,1
CCTCCGACAATTCAAG-1,Layer_2,1
CCTCCTAGCTAGAGTC-1,WM,6
CCTCCTGAGCCCACAT-1,Layer_3,4
CCTCCTGTTGTGTCGT-1,Layer_3,4
CCTCGAAGTGGACGGG-1,Layer_3,1
CCTCGACCCACTGCCT-1,Layer_3,4
CCTCGCCAGCAAATTA-1,Layer_2,1
CCTCGCGCGATATAGG-1,Layer_3,1
CCTCGCGCTGTGCGAT-1,Layer_3,3
CCTCGGACCGGGATAG-1,Layer_1,2
CCTCGGATGCTACCTG-1,Layer_3,4
CCTCGGTTTCCTTGCC-1,Layer_6,5
CCTCTAATCTGCCAAG-1,Layer_1,2
CCTCTACAAGGATTGG-1,Layer_6,5
CCTCTATCGATTAGCA-1,Layer_4,3
CCTCTCTCCCATCTAG-1,Layer_2,1
CCTCTGGCCTAGACGG-1,Layer_3,1
CCTCTGTACTATTCTA-1,Layer_3,3
CCTGAACGATATATTC-1,Layer_1,7
CCTGAATATTTACATA-1,Layer_1,2
CCTGACAAACTCGCGC-1,Layer_1,7
CCTGACCACCGATGGT-1,Layer_3,4
CCTGACGCAACCTTTA-1,Layer_3,4
CCTGAGAATAAATGCA-1,Layer_6,5
CCTGATTCGCGAAGAA-1,Layer_4,3
CCTGCCCGTTGTCTAG-1,Layer_3,4
CCTGCGATAGAACTGT-1,Layer_1,1
CCTGCGTTCTACGCTT-1,Layer_3,4
CCTGCTACAACCATAC-1,Layer_3,3
CCTGCTATTTGAGAAG-1,Layer_1,7
CCTGGAAACGTTCTGC-1,Layer_1,7
CCTGGCTAGACCCGCC-1,Layer_1,2
CCTGGTCGAATGTGGG-1,Layer_3,3
CCTGTAAGACATGATA-1,Layer_2,4
CCTGTACTCACGCCCA-1,Layer_3,4
CCTGTCACCCGGGCTC-1,Layer_1,7
CCTGTCCCTCACGTTA-1,Layer_1,2
CCTGTCGCCCGTAAAT-1,Layer_1,1
CCTGTCGTGTATGAAG-1,WM,6
CCTGTGAAACCGTAAC-1,Layer_3,4
CCTGTGCGGATTGTAA-1,Layer_3,3
CCTGTTCAACCTCGGG-1,Layer_5,5
CCTGTTTGAAGACACG-1,Layer_3,1
CCTTAAGTACGCAATT-1,Layer_3,3
CCTTCAGTTAAAGTGA-1,Layer_4,3
CCTTCCGCAACGCTGC-1,WM,6
CCTTCGTATAGAATCC-1,Layer_5,5
CCTTCTCAGCGTTCCT-1,Layer_3,3
CCTTCTTGATCCAGTG-1,Layer_2,1
CCTTGACCACTTTATT-1,Layer_2,1
CCTTGTGAACGTGGTT-1,Layer_6,5
CCTTTAAGGGAGCACT-1,Layer_4,3
CCTTTCAATGAAGAAA-1,Layer_2,1
CCTTTGAATTATGGCT-1,Layer_6,5
CGAAACATAGATGGCA-1,Layer_3,1
CGAAACGCAATTCATG-1,Layer_3,4
CGAACAGTATGGGCGT-1,Layer_2,1
CGAACCCGCATGCGTC-1,Layer_3,3
CGAACCTCTTTCCTAG-1,WM,6
CGAACGCCCAGTGCCG-1,Layer_3,1
CGAACGGCCGGACAAC-1,Layer_4,3
CGAAGACGGTGAGTGC-1,Layer_3,4
CGAAGACTGCCCGGGA-1,,5
CGAAGATCAGTTTCAT-1,Layer_5,5
CGAAGCCACAGCATGG-1,WM,6
CGAAGCTATAAATTCA-1,Layer_3,4
CGAAGGGTTTCAGATT-1,WM,5
CGAAGTTGCTCTGTGT-1,Layer_2,1
CGAATCTGCTCGACGC-1,Layer_6,5
CGAATGAAGTCATTGC-1,Layer_6,5
CGAATGACGCATAATG-1,Layer_4,3
CGAATGGTAGGTCGTC-1,WM,6
CGAATTACATGGTGTT-1,Layer_3,4
CGAATTCCCGGTTCAA-1,Layer_3,3
CGACAATTTGATCTAA-1,Layer_1,7
CGACACGCTCCGACAG-1,Layer_1,2
CGACAGTTCGCGTTAT-1,Layer_2,4
CGACATGCGATCTTCT-1,Layer_3,1
CGACCCTTAACGCCGG-1,Layer_5,3
CGACCGTTGGTATTCG-1,WM,6
CGACCTACTAGACAAT-1,Layer_5,5
CGACGCATCCGTACCT-1,Layer_5,5
CGACTCAGGATGTTAT-1,Layer_2,1
CGACTCGGTACACGGT-1,Layer_3,3
CGACTTGCCGGGAAAT-1,WM,6
CGACTTTGTATAGCCT-1,Layer_1,2
CGAGACCCTAGAGTGT-1,Layer_2,4
CGAGACTACTGCTGCT-1,Layer_3,3
CGAGAGATGTGAACCT-1,Layer_1,2
CGAGAGCGCGTAGATA-1,Layer_4,3
CGAGAGCTTTCACTAC-1,Layer_3,4
CGAGAGGGTAGCCGCG-1,Layer_3,1
CGAGATTTCGCTCGGG-1,Layer_1,7
CGAGCACTTCAAGTTT-1,Layer_1,2
CGAGCCGAGCACTCGA-1,Layer_1,7
CGAGCGTTGATCAGCC-1,Layer_2,1
CGAGCTGGGCTTTAGG-1,Layer_2,1
CGAGGAGCTTCCATAT-1,Layer_3,4
CGAGGATCGGGAACGA-1,Layer_3,1
CGAGGCCAGGCATTGG-1,Layer_1,7
CGAGGCTAAATATGGC-1,Layer_1,7
CGAGGGACTGCGGTCG-1,Layer_1,2
CGAGGGTATCCAGGTG-1,Layer_4,3
CGAGTACTAAAGAGGA-1,Layer_3,4
CGAGTGAAGGTACCAG-1,Layer_4,3
CGAGTGCTATAGTTCG-1,Layer_2,1
CGAGTTCTGTCCCACC-1,Layer_1,2
CGAGTTTATCGGACTG-1,Layer_1,7
CGATAATACTCAGGTT-1,Layer_1,7
CGATACCTCGCGGACA-1,Layer_3,4
CGATAGCGATACAGTG-1,WM,6
CGATAGTCGTACTGCA-1,Layer_3,4
CGATATTAGCCGCAGG-1,Layer_2,1
CGATCATTAGAGGCAC-1,Layer_3,3
CGATCCACCATTGTTG-1,Layer_5,5
CGATCCGACCCAGTGC-1,Layer_2,4
CGATCCTCGCAACATA-1,Layer_5,5
CGATCGAGAAGCACCA-1,Layer_5,5
CGATCTGTTGGAGGAC-1,Layer_3,3
CGATGGACCCTACGCC-1,Layer_3,1
CGATGTTGTTATCTAC-1,Layer_6,5
CGATTAAATATCTCCT-1,Layer_3,3
CGATTCGCCTGGCTGC-1,Layer_3,3
CGATTTGTCATTAATG-1,WM,6
CGCAAACACGAGTTAC-1,Layer_1,2
CGCAATCGATCATTAG-1,Layer_2,1
CGCAATTACTTTCGGT-1,Layer_1,7
CGCAATTAGGGTAATA-1,Layer_1,2
CGCAATTCTACAATAA-1,Layer_1,2
CGCACATGTCCACTAC-1,Layer_1,7
CGCACGTCTGTTTATG-1,Layer_6,5
CGCACGTGCGCTATCA-1,Layer_1,7
CGCAGAAACATTTGCG-1,Layer_3,1
CGCAGATCTTCACCCG-1,Layer_3,1
CGCAGGCGATCCAAAC-1,Layer_2,2
CGCAGTTCTATCTTTC-1,Layer_3,3
CGCATCATGGCTTCAG-1,Layer_3,4
CGCATCCATCAGCCAG-1,Layer_2,1
CGCATGCCGAATGCGT-1,Layer_3,3
CGCATGGTGCGATGCT-1,Layer_2,1
CGCATTAGCTAATAGG-1,Layer_1,7
CGCCAAGAAGCCGAGT-1,Layer_3,4
CGCCACAGGTCGCGAT-1,Layer_5,5
CGCCATCCGATTATGA-1,Layer_1,1
CGCCCAGCACGCCTAG-1,Layer_4,3
CGCCCAGCGTTTCACG-1,Layer_3,4
CGCCCGCTTCCGTACA-1,Layer_2,1
CGCCCTAATTGTTCAA-1,WM,6
CGCCCTTGAAGGCTGA-1,Layer_1,2
CGCCGACTATTCGCTA-1,Layer_3,4
CGCCGCCCATGCCTGT-1,Layer_1,7
CGCCGCGTTCTGAACG-1,Layer_6,5
CGCCGTCTACCCATCG-1,Layer_1,2
CGCCGTTCAGCATAGT-1,Layer_3,1
CGCCTCCCTCCTCTAT-1,Layer_2,1
CGCCTGGCCTACGTAA-1,Layer_3,4
CGCCTTTAGCATGCTC-1,Layer_1,7
CGCGAAGTGGCATACT-1,Layer_3,4
CGCGACACTGCGCAGC-1,Layer_2,1
CGCGACCGCGACAGAT-1,Layer_3,4
CGCGAGAGGGACTTGT-1,Layer_3,4
CGCGAGTCTGCCGGGT-1,Layer_4,5
CGCGCAAATGTCCAGA-1,Layer_5,5
CGCGCATGTTTGATTG-1,Layer_3,3
CGCGCCCGACTTAATA-1,Layer_2,1
CGCGGCAGTATTACGG-1,Layer_1,7
CGCGGCTCAACTTGAA-1,Layer_1,7
CGCGGGAATTAGGCAG-1,Layer_1,2
CGCGGGAATTCCTTTC-1,Layer_4,3
CGCGGTAAGTCTAGCT-1,Layer_2,1
CGCGGTACGGTATACA-1,Layer_3,4
CGCGGTCACAAACCAA-1,Layer_3,4
CGCGTCATATTAAACC-1,Layer_3,4
CGCGTTCATGAAATAC-1,Layer_1,7
CGCTACCGCCCTATGA-1,,5
CGCTACGGGACATTTA-1,Layer_2,4
CGCTAGAGACCGCTGC-1,Layer_1,7
CGCTATACCGCCCACT-1,Layer_1,2
CGCTATTCAATGTATG-1,Layer_1,7
CGCTATTCTTAGGCTC-1,Layer_2,1
CGCTCGACATAATGAT-1,Layer_1,7
CGCTCTCCGTAGATTA-1,Layer_2,1
CGCTGGTGACTACCCT-1,Layer_1,2
CGCTGTGACGCCGCAC-1,Layer_1,7
CGCTGTGTGGATGTTG-1,Layer_4,3
CGCTTAGTATTGATAC-1,Layer_5,5
CGCTTATTCCCGGTCG-1,Layer_3,4
CGCTTCCACTGAAATC-1,Layer_1,2
CGCTTCGGTCTAAGAC-1,Layer_3,4
CGCTTGGACGGATAGA-1,Layer_3,4
CGCTTTCATACCGGTG-1,Layer_2,1
CGCTTTCCGCCAAGGT-1,Layer_4,5
CGCTTTCTTGCATTCG-1,Layer_1,7
CGGAAAGAATCAAACG-1,Layer_4,5
CGGAAAGCAAATGTGC-1,Layer_1,7
CGGAAATTTCACATCC-1,Layer_3,4
CGGAACGTAAACATAG-1,Layer_3,3
CGGACCTCTGTAGTTA-1,Layer_6,5
CGGACCTTTACGTCCC-1,Layer_4,3
CGGACGTTACTTGAAG-1,Layer_4,3
CGGAGCAATTTAATCG-1,Layer_3,3
CGGAGCATGGCGATCC-1,Layer_2,1
CGGAGCTTATAACACC-1,Layer_3,4
CGGAGTTTGAGAGACA-1,Layer_1,1
CGGATAAGCGGACATG-1,Layer_1,7
CGGATCCTCAAGGACT-1,Layer_3,4
CGGATGAATGCTGTGA-1,WM,6
CGGATTCTGCCTTATG-1,WM,6
CGGCAAACATCGTGCG-1,Layer_3,4
CGGCAATAAGATCGCC-1,Layer_2,1
CGGCACCGTTAGCGCC-1,Layer_3,4
CGGCACTCAAGAAAGT-1,Layer_1,2
CGGCAGGGTCGGGTTG-1,Layer_1,2
CGGCCACGCACAAAGT-1,Layer_1,1
CGGCCAGAGCGACCAT-1,Layer_5,5
CGGCCCAACCTGTAGT-1,Layer_2,1
CGGCCCAGGTATATCC-1,Layer_1,7
CGGCGCCATCAATCCC-1,Layer_3,4
CGGCTCTAAAGCTGCA-1,Layer_1,7
CGGCTCTTCGTCGAAC-1,Layer_3,4
CGGCTGCAAGATTAAG-1,Layer_3,4
CGGCTTTGTATGATAA-1,Layer_3,1
CGGGAACGCCCTGCAT-1,WM,6
CGGGAAGTACCGTGGC-1,WM,6
CGGGAATATAGTATAC-1,Layer_1,7
CGGGAATTTATGTAAA-1,Layer_3,4
CGGGAGCTTCAGTGTA-1,Layer_2,1
CGGGAGTATACCGCCG-1,Layer_1,7
CGGGATCAATGTAAGA-1,Layer_1,7
CGGGCAGCTAAACCGC-1,Layer_1,2
CGGGCCATAGCCGCAC-1,Layer_1,7
CGGGCCTTCTTTGTAA-1,Layer_2,4
CGGGCGATGGATCACG-1,Layer_4,3
CGGGTGTACCCATTTA-1,Layer_1,7
CGGGTTTGTTAGGGCT-1,Layer_2,1
CGGTACGGCAAACCCA-1,Layer_5,5
CGGTACTAGAATCAAA-1,Layer_1,1
CGGTAGAGGTGCAGGT-1,Layer_2,1
CGGTATAGGTATTAGC-1,Layer_3,4
CGGTATGGGCACTCTG-1,Layer_5,5
CGGTCAAGTGGGAACC-1,Layer_1,2
CGGTCAGTCCATATTT-1,,1
CGGTCCATGAGACTCC-1,Layer_3,4
CGGTCCGTCGCAAGCC-1,Layer_4,5
CGGTCTATCAACCCGT-1,Layer_3,1
CGGTGAAGACTAAAGT-1,Layer_3,4
CGGTGCAGATAGAACG-1,Layer_3,4
CGGTGCGCGTTGGTCC-1,Layer_3,3
CGGTGGGCTCCAGCCT-1,Layer_3,4
CGGTGTACTTGATCCC-1,Layer_1,7
CGGTTATCCAACAGTG-1,Layer_1,2
CGGTTCAAGTAGGTGT-1,Layer_2,1
CGGTTCCGGCTTCTTG-1,Layer_2,1
CGGTTGACCTGGCATA-1,Layer_3,4
CGGTTGAGTATCCTTC-1,Layer_6,5
CGGTTGGGCAGGGTCC-1,Layer_5,5
CGGTTGGGTTCAAGTT-1,Layer_3,4
CGGTTTACTGAACATT-1,WM,6
CGGTTTATGAAGGAAC-1,Layer_3,4
CGTAAACGCTTGAGTG-1,Layer_1,2
CGTAAAGCAAGAAATC-1,Layer_6,5
CGTAAATAACAAAGGG-1,Layer_6,5
CGTAACTTCGACACTT-1,Layer_5,5
CGTAATAATTACGAGT-1,Layer_1,7
CGTAATATGGCCCTTG-1,Layer_3,3
CGTACCGAAAGTCTAG-1,Layer_1,2
CGTACCTGATAGGCCT-1,Layer_1,2
CGTAGAGAGTAATTAT-1,Layer_3,3
CGTAGCGAATTGTCAG-1,Layer_3,1
CGTAGCGCCGACGTTG-1,Layer_3,4
CGTATCTAGAACTAAG-1,Layer_3,4
CGTATTAAGAGATCTA-1,Layer_1,2
CGTATTGTTTCCTAAT-1,Layer_3,4
CGTCAAATGGTCGCAG-1,Layer_3,4
CGTCAAGGCTATAAAT-1,Layer_3,4
CGTCAATCTTTAACAT-1,Layer_1,7
CGTCACGTCCATTGGT-1,Layer_3,4
CGTCAGCTATTTACTC-1,Layer_1,7
CGTCAGTGCGCACAAG-1,Layer_2,1
CGTCAGTTTATCGTCT-1,Layer_3,4
CGTCATACCATATCCA-1,Layer_1,7
CGTCCAGATGGCTCCA-1,Layer_1,7
CGTCCTCATCGCGTGC-1,Layer_3,4
CGTCGCATGTGAGCCA-1,Layer_3,3
CGTCGCGGCGGGATTT-1,Layer_1,7
CGTCGCTTGGTTATAC-1,Layer_6,5
CGTCGGATAGTGTTGA-1,Layer_1,7
CGTCGGGTCTAAGCGC-1,Layer_5,5
CGTCGTCCTTCGCGAA-1,Layer_3,4
CGTCTGGAAGGGCCCG-1,Layer_2,1
CGTCTTGAGTGTGACG-1,Layer_1,7
CGTGAAGTTAATTCAC-1,Layer_2,4
CGTGACATTGGGTCGT-1,Layer_3,4
CGTGACCAGTCCTCTG-1,Layer_4,3
CGTGCACACCACTGTA-1,Layer_3,3
CGTGCAGACTGGGACA-1,Layer_1,1
CGTGCATTGTCGACGC-1,Layer_3,4
CGTGCCCGACATTTGT-1,,3
CGTGCCCTCCCGAAGA-1,Layer_2,1
CGTGCTGGCCTAGTCG-1,Layer_1,1
CGTGCTTCTACCTAAA-1,Layer_5,5
CGTGGAAGCCTCGTAC-1,Layer_1,7
CGTGGCCGAATATCTA-1,Layer_1,7
CGTGGTACCCAAAGGC-1,Layer_5,5
CGTGTATGGGAGCTGA-1,Layer_3,4
CGTGTCCCATTCGCGA-1,Layer_1,2
CGTGTCTCGTTACGAC-1,Layer_5,5
CGTGTGTTAAACCCTG-1,Layer_2,1
CGTTAAACTAGTTAGG-1,Layer_1,2
CGTTAAATACGACCAG-1,Layer_3,3
CGTTAATGTCCCGACG-1,Layer_3,4
CGTTAGCTCACAACTG-1,Layer_3,4
CGTTATCATACTTCCA-1,Layer_5,5
CGTTCAAGGAAACGGA-1,Layer_5,5
CGTTCAGACCCGCGAA-1,Layer_4,3
CGTTCATGGTGCGCGT-1,Layer_4,3
CGTTCTTCGCACACCT-1,Layer_3,4
CGTTGAATACCGCGCT-1,Layer_3,4
CGTTGAGCGACCGTCG-1,Layer_2,1
CGTTGAGTAATTGCGT-1,Layer_3,4
CGTTGCCCGCGTGGGA-1,Layer_5,5
CGTTGTAAACGTCAGG-1,Layer_1,7
CGTTGTAAGATTGATT-1,Layer_2,1
CGTTGTCGGCAATTGA-1,Layer_4,3
CGTTGTTTCAATTCCC-1,Layer_2,1
CGTTTAAGCGGAGCAC-1,Layer_2,1
CGTTTACAAGGCAGCT-1,Layer_3,4
CGTTTCACTTCGGGCG-1,Layer_3,4
CGTTTCGCTCATTACA-1,Layer_2,1
CGTTTCGGTTATATGC-1,Layer_3,3
CGTTTGGTGTTGTGGG-1,Layer_3,4
CGTTTGTGTAGAGGGT-1,Layer_4,3
CTAAAGAATGCCTACT-1,Layer_2,4
CTAAAGGATGAGATAC-1,Layer_6,5
CTAAAGGGAAATAGGA-1,Layer_3,4
CTAAATCCGGTGTACA-1,Layer_5,5
CTAAATCCTATTCCGG-1,Layer_1,1
CTAACAGCACAATAAC-1,WM,6
CTAACCGCGCGCCCGT-1,Layer_3,4
CTAACGAAACTTGCTG-1,Layer_1,2
CTAACTGATAATCGCC-1,Layer_3,1
CTAACTGGTCCGGTTC-1,Layer_3,3
CTAAGGGAATGATTGG-1,Layer_2,1
CTAAGTACAGGGCTAC-1,Layer_3,4
CTAATTATGAAGCGTA-1,Layer_3,3
CTAATTCGCACGCGCT-1,Layer_1,2
CTAATTCTCAGATATT-1,Layer_2,1
CTAATTTCAACAACAC-1,Layer_1,7
CTACAAGAAATAACCC-1,Layer_4,3
CTACACTCGCAGATGG-1,Layer_3,1
CTACATATCGCGGGAC-1,WM,6
CTACCCTAAGGTCATA-1,Layer_1,2
CTACGAACTAGGTCGA-1,Layer_3,4
CTACGACTAGCTATAA-1,Layer_3,4
CTACGATCCTATCCTA-1,WM,6
CTACGCACGGAGTACC-1,Layer_1,1
CTACGCCATTTCCGAT-1,Layer_3,1
CTACTATCATAGGTTT-1,Layer_4,3
CTACTATCTTTCAGAG-1,Layer_1,2
CTACTCAAGGTATAGT-1,Layer_4,5
CTACTCTAGGCCCGGC-1,Layer_2,4
CTACTGCCACCTGACC-1,Layer_1,7
CTAGACTGCATTTCGT-1,Layer_3,4
CTAGATAAACTCCTCG-1,Layer_2,1
CTAGATGTGAGTGTAA-1,Layer_1,2
CTAGATTTACGACGGC-1,Layer_2,1
CTAGCATAGTATAATG-1,Layer_1,2
CTAGCCACAGGCGAGC-1,Layer_3,1
CTAGCCCGGGAGACGA-1,WM,6
CTAGCCGATGTTATGA-1,Layer_3,1
CTAGCTTAATGGTCCC-1,Layer_1,7
CTAGGCGCCCTATCAG-1,Layer_2,1
CTAGGCGGCAGAGAAT-1,Layer_3,1
CTAGGGATAGGGACAA-1,Layer_6,5
CTAGGTCTGAAGGAAT-1,Layer_1,7
CTAGGTTCGGACGTGA-1,Layer_3,3
CTAGTAGAAAGGGATT-1,Layer_3,3
CTAGTATTCGGAATTA-1,Layer_3,4
CTAGTCACGTCTTAAG-1,Layer_1,2
CTAGTGAAGGACAGGA-1,Layer_2,1
CTAGTTACAACCCGGT-1,Layer_3,4
CTAGTTGGGCCCGGTA-1,Layer_1,7
CTATAAGAGCCAATCG-1,Layer_2,1
CTATAAGTAGGGTTTG-1,WM,6
CTATACTTAAAGCGAG-1,WM,6
CTATAGGCGTTGATGT-1,Layer_5,5
CTATATCCAGCCTGGC-1,Layer_6,5
CTATCACAACGCTGGA-1,Layer_5,5
CTATCGACGAAATACA-1,Layer_3,1
CTATCGCGTAGAGAAC-1,Layer_2,1
CTATCGGGTCTCAACA-1,Layer_1,2
CTATGAACACCTTGCC-1,WM,6
CTATGCCCGAATGCAA-1,Layer_4,3
CTATGGGAAGCGGAAT-1,Layer_2,1
CTATGTCACTAGCCCA-1,Layer_1,2
CTATGTCTATTGAAAC-1,Layer_3,1
CTATGTGAGTCACGGC-1,Layer_3,3
CTATTCATGTGTCCCA-1,Layer_3,4
CTATTGTGTTTGGTCA-1,Layer_3,4
CTATTTGCTTGGAGGA-1,Layer_5,5
CTATTTGGTTACGGAT-1,Layer_1,7
CTCAAACCACTGCCCG-1,Layer_5,5
CTCAACTAACCCGGAT-1,Layer_3,3
CTCAAGACATTAGCGC-1,Layer_3,4
CTCACACGCAAGCCTA-1,Layer_3,4
CTCACATTTACTAAAT-1,Layer_3,3
CTCACCAGTACAAGTG-1,Layer_3,4
CTCACTGTGATACTTA-1,Layer_3,3
CTCACTTGGCTGGTAA-1,Layer_3,4
CTCAGAGCTAATGTCG-1,Layer_5,5
CTCAGATTGTGATAAG-1,Layer_4,3
CTCAGGACTCACCTGT-1,Layer_1,7
CTCAGTCACGACAAAT-1,Layer_2,1
CTCATAAATGTGTATA-1,Layer_3,3
CTCATCACTTAGTGAT-1,Layer_3,1
CTCATGGCTCACAATC-1,Layer_3,1
CTCATGGTAATTTGCG-1,Layer_4,5
CTCATTAACGTTGCCC-1,Layer_3,1
CTCATTCGTGAACATC-1,Layer_3,1
CTCATTGCTCTAACAA-1,Layer_3,4
CTCATTTGATGGGCGG-1,Layer_1,7
CTCCCAATGAGTCGCG-1,Layer_1,2
CTCCCTCCTTTCGATC-1,Layer_4,3
CTCCGCCCACATGAGG-1,Layer_3,4
CTCCGGCCTAATATGC-1,Layer_1,2
CTCCGGCTTGTAGACA-1,Layer_1,7
CTCCTAAGTTATGTCT-1,Layer_1,2
CTCCTAGTAATCGTGA-1,WM,6
CTCCTCCAGCTCACAC-1,Layer_4,5
CTCCTGTTCAAGGCAG-1,Layer_2,1
CTCCTTTACGCAAGTC-1,Layer_3,1
CTCGAATGGAACGTAT-1,Layer_3,4
CTCGAGACATACGATA-1,Layer_5,5
CTCGAGATCCAAAGCA-1,Layer_1,7
CTCGAGGCAAGTTTCA-1,WM,5
CTCGAGGTCGAACAGT-1,Layer_1,2
CTCGATATTTGCGAGC-1,Layer_3,1
CTCGCACCTATATAGT-1,Layer_1,2
CTCGCATTGCATAGCC-1,Layer_6,5
CTCGCCGAATGTAGGG-1,Layer_3,3
CTCGCTAGGTAAGCGA-1,Layer_3,3
CTCGGGATAACACCTA-1,Layer_2,1
CTCGGGTTCTCTGGCC-1,Layer_5,5
CTCGGTACCACTGCTC-1,Layer_1,2
CTCGGTCCGTAGCCTG-1,Layer_1,2
CTCGGTTGTCGGCCCT-1,Layer_5,5
CTCGTCGAGGGCTCAT-1,Layer_5,5
CTCGTCTGTGCCTTCG-1,Layer_4,3
CTCGTGGCACTGAAAG-1,Layer_6,5
CTCGTTACGGCTACCA-1,Layer_6,5
CTCGTTTCTAATGTTT-1,Layer_3,4
CTCTAACACCGGCAGC-1,Layer_4,5
CTCTAATGCATTGATC-1,Layer_3,1
CTCTACACTGGCGATT-1,Layer_3,4
CTCTACATCCTGCGTG-1,Layer_5,5
CTCTAGCCCTCGGAAA-1,Layer_3,4
CTCTATTTGGCTGCAG-1,Layer_3,4
CTCTCACAATCGATGA-1,Layer_1,7
CTCTCGATGTGCGCCT-1,Layer_3,4
CTCTCGCTGTACTATG-1,Layer_2,1
CTCTCTAACTGCCTAG-1,Layer_5,5
CTCTGCAGGCATTCTT-1,WM,6
CTCTGCGAAGCAAGCA-1,Layer_2,1
CTCTGGACGCCTGGTG-1,Layer_1,2
CTCTGTCCATGCACCA-1,Layer_4,3
CTCTGTGCCTGCTATG-1,,5
CTCTGTTTGAGGATTC-1,Layer_3,1
CTCTTCTATTGACTGG-1,Layer_1,7
CTCTTCTGGAAGTTAG-1,Layer_5,5
CTCTTGTCCCGCTTGG-1,Layer_3,3
CTGAAAGAGATCCGAC-1,Layer_2,1
CTGAATCCGAGACCTC-1,Layer_3,4
CTGAATTTATTGCCAG-1,Layer_3,1
CTGACATAGAAATAGA-1,Layer_1,2
CTGACTGCGCAGCTCG-1,Layer_1,2
CTGAGAAAGTTCGGCG-1,Layer_1,2
CTGAGAGTAGAAATAC-1,Layer_3,4
CTGAGCAAGTAACAAG-1,Layer_1,7
CTGAGCGAGACTTATT-1,Layer_2,1
CTGATAGTGTATCTCA-1,Layer_3,4
CTGATCCCTTTATGCA-1,Layer_6,5
CTGCAAATGGGCTCCA-1,,4
CTGCAAGCACGTTCCG-1,Layer_3,4
CTGCACAACTACATAT-1,Layer_3,4
CTGCACCTAGTCCACA-1,Layer_2,1
CTGCACCTGGAACCGC-1,Layer_2,1
CTGCACTCCAGTACAG-1,Layer_3,4
CTGCAGAGAATCAGAG-1,Layer_3,4
CTGCAGGGTGACGCTC-1,Layer_3,3
CTGCCAAGGTTGGAAG-1,Layer_2,1
CTGCCATGCATCACAT-1,Layer_2,1
CTGCCCACGAAGCGTT-1,Layer_3,4
CTGCCTAGCCACCAAG-1,Layer_3,4
CTGCCTCATATGCAAC-1,Layer_2,1
CTGCCTTTAATACCTT-1,Layer_6,5
CTGCCTTTCTAGTAAA-1,Layer_3,4
CTGCGACCTCGCCGAA-1,Layer_4,3
CTGCGATTTCGAGATT-1,Layer_5,5
CTGCGGGTGAAATGTT-1,Layer_2,4
CTGCGGTAGTCACGTG-1,Layer_3,4
CTGCGTTACGATATAA-1,Layer_3,4
CTGCTCTCAACACACC-1,Layer_3,3
CTGCTCTGACGGCAAA-1,Layer_5,5
CTGCTGAGGCCACGAA-1,Layer_3,3
CTGCTGTCTAACGAGC-1,Layer_1,2
CTGCTTGGCGATAGCT-1,Layer_3,4
CTGCTTTATGTCCGCG-1,Layer_3,4
CTGGAAATGGATGCTT-1,Layer_1,7
CTGGAAGACACGGTGG-1,Layer_2,1
CTGGACGCAGTCCGGC-1,Layer_5,5
CTGGATTTACACTTGA-1,Layer_3,3
CTGGCATCCGAATGAG-1,Layer_3,3
CTGGCGACATAAGTCC-1,Layer_3,1
CTGGCGATTTACATGT-1,Layer_3,3
CTGGCGCACAGGTCTG-1,Layer_1,7
CTGGCGGGAATAAGTA-1,Layer_1,7
CTGGCTCCTGCGGGAT-1,Layer_2,1
CTGGCTGATTCATCCT-1,Layer_1,7
CTGGCTGGTTGTCAGT-1,Layer_3,3
CTGGGATAAATAATGG-1,Layer_1,7
CTGGGATACGCTACCC-1,Layer_1,2
CTGGGATCGCCCAGAT-1,,4
CTGGGCACTAGTCGGA-1,,3
CTGGGCCTGCTATATC-1,Layer_3,4
CTGGGCTACTGGAGAG-1,Layer_3,3
CTGGGTAGGCAGTTAA-1,Layer_2,1
CTGGGTTGAGTTAAAG-1,Layer_5,5
CTGGTAAAGACTTACA-1,Layer_3,3
CTGGTAAAGTGTGGGC-1,Layer_3,1
CTGGTAACACATAGAA-1,Layer_1,2
CTGGTAACGAGCTCTT-1,Layer_1,1
CTGGTCATTCCAATCC-1,Layer_1,2
CTGGTCCTAACTTGGC-1,Layer_3,1
CTGGTGAATGGGCCTA-1,Layer_6,5
CTGGTTCAACGCATCA-1,Layer_2,1
CTGGTTCGCGAGCTAC-1,Layer_1,7
CTGGTTTCGAGCAAGA-1,Layer_2,1
CTGTACTTCTTAGCAT-1,Layer_2,4
CTGTAGCCATCTCACT-1,Layer_4,3
CTGTAGTGAGGATCGA-1,Layer_5,5
CTGTATGGTGTAGAAA-1,Layer_1,7
CTGTCAAATGGCTCGG-1,Layer_2,1
CTGTCACGCCAGGCGC-1,Layer_3,4
CTGTGCAGGGTAGGTC-1,Layer_2,1
CTGTGGTCGGGAGATA-1,Layer_3,4
CTGTTACCCAATCTAG-1,Layer_3,4
CTGTTCACTGCCTGTG-1,Layer_1,7
CTGTTCATCTCACGGG-1,Layer_1,7
CTGTTGGCTCTTCTGA-1,Layer_1,7
CTGTTGTTCAGTCGTA-1,Layer_6,5
CTTAAATAAGACCCAT-1,Layer_2,1
CTTAACTTACAGTATA-1,Layer_3,4
CTTAACTTCGAAGTAC-1,Layer_3,1
CTTAAGCAGCGAGCCG-1,Layer_5,5
CTTAATCGACTTAGTA-1,Layer_6,5
CTTACACGGTATTCCA-1,Layer_1,1
CTTACACTGGGAAATA-1,Layer_1,2
CTTACATAGATTTCTT-1,Layer_4,3
CTTACTGACTCCTCTG-1,Layer_3,4
CTTAGATGTTTCATCC-1,Layer_5,5
CTTAGCCCGGATAGTG-1,Layer_2,1
CTTAGCCTTCCACATG-1,Layer_2,1
CTTAGGTATAGACCAG-1,Layer_6,5
CTTAGGTCCCAATCGT-1,Layer_3,4
CTTAGTAGGCCTACAG-1,Layer_1,2
CTTAGTGTAGTAGCAT-1,Layer_3,3
CTTAGTTGAGGAATCG-1,Layer_6,5
CTTATAGATGGCTGTT-1,Layer_3,1
CTTATGCGCTCAGGGC-1,Layer_4,3
CTTATGTTGACTACCA-1,Layer_1,2
CTTCAACTCCACTTGG-1,Layer_3,3
CTTCACGCCCTGGTAC-1,WM,6
CTTCAGTGGTCGCCTA-1,Layer_5,5
CTTCAGTTGGACAACG-1,Layer_4,3
CTTCATAGCTCAAGAA-1,Layer_1,7
CTTCATCACCAGGGCT-1,Layer_4,5
CTTCATTGTCAGTGGA-1,Layer_1,1
CTTCCGCTCCGTGAAG-1,Layer_3,3
CTTCGATTGCGCAAGC-1,Layer_3,3
CTTCGGCCAATTGTTT-1,Layer_1,2
CTTCGTAGATAGGTGA-1,Layer_3,4
CTTCTATGTTGAAGTA-1,Layer_3,3
CTTCTATTAATGCTAG-1,Layer_3,3
CTTCTGGGCGTACCTA-1,Layer_5,5
CTTCTTACGTCGTATA-1,Layer_2,1
CTTGACCCGAAAGATA-1,Layer_3,1
CTTGAGGTTATCCCGA-1,Layer_1,2
CTTGAGTTAGGGTAAT-1,Layer_1,7
CTTGATGACCATCCAG-1,Layer_3,3
CTTGCAACCGCCTCCT-1,Layer_3,4
CTTGCCCACCCACGCA-1,Layer_3,3
CTTGCCCAGGCTCTAC-1,Layer_3,4
CTTGGCCAAGCTGGGA-1,Layer_4,3
CTTGTACTTGTTGACT-1,Layer_1,7
CTTGTCAACATTCGAG-1,Layer_3,4
CTTGTGAGTCTTTGAC-1,Layer_2,1
CTTGTGCTCACCGATT-1,Layer_3,1
CTTGTTGCTGAGTCAA-1,Layer_1,2
CTTGTTTATGTAGCCA-1,Layer_1,7
CTTTAACTTTCAAAGG-1,Layer_1,2
CTTTAATATTGGTCGA-1,Layer_3,4
CTTTACCGAATAGTAG-1,Layer_2,1
CTTTAGGAACACTGTT-1,Layer_1,2
CTTTAGTGCTATTATT-1,Layer_2,4
CTTTATCCGACGCATG-1,Layer_6,5
CTTTCTGTGCGGGCTT-1,Layer_3,3
CTTTGACGTCGCTTCT-1,Layer_5,3
CTTTGCATCGCTCTTG-1,Layer_3,4
CTTTGCTGTCATGGAT-1,Layer_1,7
CTTTGGCGCTTTATAC-1,Layer_3,4
CTTTGGCTTTAGTAAA-1,Layer_1,1
CTTTGGGATTGTTGCA-1,Layer_4,5
CTTTGTCGAATGCTCC-1,Layer_6,5
GAAACAGATGACCACC-1,Layer_1,7
GAAACAGCCATGCAGT-1,Layer_2,1
GAAACATAGGAAACAG-1,Layer_5,5
GAAACCATGGTGCGCT-1,Layer_2,1
GAAACCGAATTACCTT-1,Layer_3,4
GAAACCTATACAAATG-1,Layer_4,3
GAAACTCGTGCGATGC-1,Layer_2,1
GAAACTCTAATGAAGG-1,Layer_3,1
GAAAGAACAGCGTTAT-1,Layer_1,7
GAAAGCCCTTTGGACC-1,Layer_3,4
GAAAGTGACTAACTGC-1,Layer_1,2
GAAATACCTGCTGGCT-1,Layer_3,4
GAAATACTAAACGTTT-1,Layer_1,7
GAAATATCACCATCAG-1,Layer_3,4
GAAATATGCTTGAATG-1,Layer_3,4
GAAATCGCGCGCAACT-1,Layer_2,1
GAAATCTGACCAAGTT-1,Layer_1,7
GAAATGGCGGTGTTAG-1,Layer_1,2
GAAATGGGATGTAAAC-1,Layer_1,7
GAAATTAGCACGGATA-1,Layer_3,4
GAAATTCACATCGCTG-1,Layer_2,1
GAAATTGTCTCTATAA-1,Layer_3,4
GAACAACTGGGATGAA-1,Layer_3,3
GAACACACATCAACCA-1,Layer_1,7
GAACAGATTACTAAAT-1,Layer_3,3
GAACATTAGTATGTTA-1,Layer_3,3
GAACCATCTGGGAGAC-1,Layer_3,4
GAACCCTCTGTGTTCT-1,Layer_3,3
GAACCTCGACCTACAC-1,Layer_4,3
GAACCTTTAACGATCC-1,Layer_3,3
GAACGACCGAATGATA-1,Layer_1,2
GAACGATAAGTTAAAG-1,Layer_3,1
GAACGCGGGTCACACG-1,Layer_1,7
GAACGTCTCATGGTCG-1,Layer_1,7
GAACGTTAGGAAGACG-1,Layer_3,4
GAACGTTTGTATCCAC-1,Layer_3,3
GAACTGTGGAGAGACA-1,Layer_4,3
GAACTTAGCGCCCGGT-1,Layer_3,4
GAACTTGTGCACGGGA-1,Layer_3,4
GAAGAAACGATATTGT-1,Layer_5,5
GAAGAACGGTGCAGGT-1,Layer_1,2
GAAGACTTCAATGCCG-1,Layer_3,4
GAAGCAAGGCAATGTT-1,,5
GAAGCCACTGATTATG-1,Layer_4,3
GAAGCCGGGTAAGCTC-1,Layer_2,1
GAAGCCTGCACATTCC-1,Layer_4,3
GAAGCGTGAGGAATTT-1,Layer_1,1
GAAGCTCGGACCCGTC-1,Layer_5,5
GAAGCTCTTTGCTTAG-1,Layer_1,7
GAAGCTTGCTGACCGC-1,Layer_1,2
GAAGGAGTCGAGTGCG-1,Layer_4,3
GAAGGCTACCATTGTT-1,Layer_3,4
GAAGGGTCATTAAGAC-1,Layer_4,3
GAAGTCAGTTGCACTA-1,Layer_3,3
GAAGTCTCCCTAGCGA-1,Layer_1,7
GAAGTGATTTATCGTG-1,Layer_2,4
GAAGTGCTGGATAGCT-1,Layer_2,1
GAAGTTTCCACTCAAT-1,Layer_2,1
GAATAGACGCGACCCA-1,Layer_1,7
GAATAGCATTTAGGGT-1,Layer_1,7
GAATAGCCCTGCGGTC-1,Layer_3,4
GAATAGTGCTCGATTA-1,Layer_5,5
GAATATTCGGAGTCCC-1,Layer_3,4
GAATCGACATGGTCAC-1,Layer_1,7
GAATCGCCGGACACGG-1,Layer_2,1
GAATCTGAACATTCTC-1,Layer_2,1
GAATGAAGGTCTTCAG-1,Layer_3,4
GAATGCCGAAATGACC-1,Layer_1,7
GAATGCGAATCGGTTC-1,Layer_3,3
GAATGGGCTTATCGAC-1,Layer_4,3
GAATGTATGGCAGGTC-1,Layer_3,4
GAATGTGGTCCGGATT-1,Layer_2,1
GAATGTTGGGTAATCT-1,Layer_1,2
GAATTATAGTGAAAGG-1,Layer_1,2
GAATTCACCCGGGTGT-1,Layer_3,4
GAATTTCTCGCTGCAG-1,Layer_1,1
GACAAACATATGCAGG-1,Layer_1,7
GACAACGACCATTGAA-1,Layer_1,2
GACAACGCAGCTTACG-1,Layer_1,2
GACAAGACGCCCGTGC-1,Layer_3,4
GACAAGAGATGAGATT-1,Layer_2,1
GACACAAGGGAAGAAA-1,Layer_1,2
GACACAGCCGGGACTG-1,Layer_3,3
GACACCCAAAGACGCG-1,WM,5
GACACGAGTTAGAGGA-1,Layer_1,7
GACACTGAGTTCAGTG-1,Layer_3,4
GACACTGGAACCCGAT-1,Layer_1,2
GACACTTCCAATTACC-1,Layer_3,3
GACAGAGGTCTTCAGT-1,Layer_6,5
GACAGATTTCTGGCTC-1,Layer_4,3
GACAGCCAGACCTGAC-1,Layer_1,2
GACAGGCACACACTAT-1,Layer_3,4
GACAGGTAATCCGTGT-1,Layer_3,3
GACATACTGTCGCAGA-1,Layer_1,7
GACATCCGTCGAACTG-1,Layer_4,3
GACATCGATTTATAAC-1,Layer_3,3
GACATTTCGCCCAGCC-1,WM,6
GACCAAACGTTGACTG-1,Layer_3,1
GACCACACTTCCCTTT-1,Layer_4,3
GACCAGAGCCCTGTAG-1,Layer_1,1
GACCAGGTCATTCATA-1,Layer_3,4
GACCCAATTATGATAC-1,Layer_5,5
GACCCGTCGCCGGCTA-1,Layer_3,1
GACCGACGTGAAAGCA-1,Layer_1,7
GACCGACTGAAGCGTC-1,Layer_3,4
GACCGATTAAATATGT-1,WM,6
GACCGCGTCTGACGTG-1,Layer_1,2
GACCGTCAGGTCGTGA-1,Layer_3,4
GACCGTGCTGACGGTG-1,Layer_2,4
GACCGTTACATGCGAC-1,Layer_3,3
GACCTTCCACGTCTAC-1,Layer_4,3
GACGACGATCCGCGTT-1,Layer_3,4
GACGAGGCTAATAAAC-1,Layer_3,1
GACGATATCACTGGGT-1,Layer_6,5
GACGCATACCCGTCGG-1,WM,6
GACGCCGTAAAGGCTA-1,Layer_3,3
GACGCCTGTTGCAGGG-1,Layer_1,2
GACGCTTGCTTCTAAA-1,Layer_3,4
GACGGACCGCGTTCCT-1,Layer_3,4
GACGGGCATCGAATTT-1,Layer_3,3
GACGGGTTGGCCCGTA-1,Layer_4,3
GACGGTCAATAGAAGC-1,Layer_1,2
GACGGTCCTAGGGTGT-1,Layer_1,7
GACGTGAGACTCCATG-1,Layer_2,1
GACGTGTAGGGATTAT-1,Layer_1,1
GACGTTCGTAAATACA-1,Layer_3,4
GACGTTGCTCGGCGGC-1,WM,6
GACTAACACAGCACCT-1,Layer_3,4
GACTAAGATCATGCAC-1,Layer_1,7
GACTAAGTAGGCTCAC-1,Layer_1,7
GACTACAAAGCGGTGG-1,Layer_4,3
GACTACAATTGCTCGT-1,Layer_3,4
GACTAGGCCGTTAGGT-1,Layer_3,3
GACTCACCCACGTGAG-1,Layer_1,7
GACTCCCAGAATAAGG-1,Layer_2,1
GACTCCTTCCAATTGA-1,Layer_5,5
GACTCGCGGGAATGAC-1,Layer_2,1
GACTCGGTCGGCGGAT-1,Layer_3,4
GACTCTAGAGTTCCAA-1,Layer_6,5
GACTGATTGGTCACAA-1,Layer_3,4
GACTGCAAATCGAGCT-1,Layer_3,3
GACTGCACCAGCCCAG-1,Layer_2,1
GACTGCGGCACGTGTA-1,Layer_2,1
GACTGCTGGTGAGAAA-1,Layer_5,5
GACTGGGCGCCGCAAC-1,Layer_3,4
GACTTCAACGCATCAA-1,Layer_3,3
GACTTTCGAGCGGTTC-1,Layer_5,5
GAGAAACTGGATCCCA-1,Layer_3,4
GAGAACGGTTCTGACT-1,Layer_3,4
GAGAATCTCACGATCA-1,Layer_3,4
GAGACCCTGCAACGCC-1,Layer_3,4
GAGACTGATGGGTAGA-1,Layer_1,7
GAGACTTCGCGACCGA-1,Layer_3,3
GAGAGCGCAGTCCCTG-1,Layer_3,4
GAGAGGCCTATGTGTA-1,Layer_3,4
GAGAGGGCGCGAGGTT-1,Layer_3,4
GAGAGGTGCATTCTGG-1,Layer_3,4
GAGAGTCTCGGGAGAG-1,Layer_6,5
GAGATCGATCTTACTC-1,WM,6
GAGATCTGCTTGGCAT-1,Layer_2,1
GAGATCTGTCACTCCG-1,Layer_1,2
GAGATCTTCCATGACA-1,Layer_2,1
GAGATGACAATCCTTA-1,Layer_3,1
GAGATGGCTTTAATCA-1,Layer_4,3
GAGATGGGAGTCGACA-1,Layer_3,4
GAGCACCTGTGTCCAG-1,Layer_3,4
GAGCACGGCGCCTCTT-1,Layer_1,7
GAGCATCAACAACTTG-1,Layer_5,5
GAGCATCATCCCTGGG-1,Layer_2,1
GAGCCACGGTAGTAGG-1,Layer_3,1
GAGCCAGCTACCTGTG-1,Layer_3,1
GAGCCGAGCGTTTATT-1,Layer_3,4
GAGCGAGGGAGTACCG-1,Layer_2,1
GAGCGCAAATACTCCG-1,Layer_1,2
GAGCGCGCACGAGTAG-1,Layer_2,1
GAGCGCTGTTAGGTAA-1,Layer_5,5
GAGCGGAATGCGGTGT-1,Layer_5,5
GAGCTAAGGGCATATC-1,Layer_1,2
GAGCTCAACATGAGCG-1,Layer_5,5
GAGCTCTCGGACCTAA-1,Layer_1,7
GAGCTGTCGTCTCGGA-1,Layer_3,4
GAGGAATATCTCTTTG-1,Layer_6,5
GAGGAATGGAGAGGTT-1,Layer_1,2
GAGGAGATCCTCATGC-1,Layer_1,7
GAGGAGTAATTCCTAC-1,,4
GAGGATAAACAGTGCT-1,Layer_1,7
GAGGCATTTGCAGCAG-1,Layer_3,4
GAGGCCCGACTCCGCA-1,Layer_5,5
GAGGCCTGTTGATACA-1,Layer_3,4
GAGGCTATCAAAGTCG-1,Layer_3,4
GAGGGAGTCAGATCGC-1,Layer_5,5
GAGGGCATCGCGTATC-1,Layer_2,1
GAGGGCCATAATATTA-1,Layer_3,4
GAGGGCGCAGCTCTGC-1,Layer_1,2
GAGGGTAGTAACAAAG-1,Layer_5,5
GAGGTACATCCATCTT-1,Layer_3,1
GAGGTACGCGTGTCCC-1,Layer_4,3
GAGGTCCCAAAGATCT-1,Layer_1,7
GAGGTCCGTTCGCTGT-1,WM,6
GAGGTCTTAGTGGGTC-1,Layer_3,4
GAGTAAACCGGAAAGT-1,Layer_1,2
GAGTAAATTAAGAACC-1,Layer_3,4
GAGTAAGGCCACGGGA-1,Layer_4,3
GAGTACGGGTATACAA-1,Layer_1,2
GAGTAGATACTAGTTG-1,Layer_4,3
GAGTATACCCTAATCA-1,Layer_6,5
GAGTATCAAAGTTACA-1,Layer_2,1
GAGTATGCCCGCCTTG-1,Layer_3,3
GAGTATGCGCGTGCAT-1,Layer_3,3
GAGTCAGACCAGAATC-1,Layer_3,3
GAGTCCACCAGGTTTA-1,Layer_4,3
GAGTCCGCTTACCGGA-1,Layer_3,4
GAGTCGACAGACCCTC-1,Layer_3,4
GAGTCTTGTAAAGGAC-1,Layer_5,5
GAGTGCACGGACAACA-1,Layer_3,4
GAGTGTCAACCAGAAA-1,Layer_3,3
GAGTGTGCGGTACCCA-1,Layer_1,2
GAGTTCTGTGGGTGCT-1,WM,5
GAGTTGATGGCAATTT-1,Layer_4,3
GAGTTGTCACCAGTCT-1,WM,6
GATAAATCGGTGGATG-1,Layer_1,2
GATAACTCGCACTGTG-1,Layer_1,7
GATAAGGCAGATGCAA-1,Layer_1,2
GATACCGTGTCGGAGT-1,Layer_1,7
GATACGATGGGAGTCA-1,Layer_3,4
GATAGAACCCGCTAGG-1,Layer_5,5
GATAGATAGTACAGTC-1,Layer_3,3
GATAGCGTACCACGCG-1,Layer_1,7
GATAGGATTAATTACA-1,Layer_1,2
GATAGGTAACGTTGAC-1,Layer_3,4
GATAGGTGTCCCGGGC-1,Layer_1,2
GATAGTGCGAGTAAGT-1,Layer_5,5
GATATCAAGCAGGAGC-1,Layer_6,5
GATATCAGTATGTATC-1,Layer_1,2
GATATCTCATGCAATA-1,Layer_3,1
GATATGAGACACTAAC-1,Layer_1,2
GATATGCGGTAGCCAA-1,Layer_3,1
GATATGGATTACGCGG-1,Layer_2,1
GATATTGAGATTGGCG-1,Layer_1,2
GATATTTCCTACATGG-1,Layer_3,1
GATCAACATAAAGGGA-1,Layer_5,5
GATCATTCCAAACATT-1,Layer_1,2
GATCCCTTTATACTGC-1,Layer_1,7
GATCCGAATATAAGTG-1,Layer_2,1
GATCCGGGAATTAACA-1,Layer_1,2
GATCCTAAATCGGGAC-1,Layer_2,1
GATCCTCGACACTGGC-1,Layer_3,3
GATCCTCTTGCGCTTA-1,Layer_3,4
GATCGACACTATCTGA-1,Layer_1,7
GATCGCGGGCTCTCCA-1,Layer_2,1
GATCGCTACCCGATTT-1,Layer_1,2
GATCGCTATATCTCAG-1,Layer_5,5
GATCGCTGTGGTGCGT-1,WM,6
GATCGGATAGAACCAT-1,Layer_3,4
GATCGGCGATAAGTCG-1,Layer_1,7
GATCGGTGGCCATAAC-1,Layer_1,7
GATCGTGACTGATATC-1,Layer_1,2
GATCTAACCGTATTCA-1,Layer_5,5
GATCTCGACGCTGTGG-1,Layer_1,2
GATCTGCTATCTAAGG-1,Layer_4,3
GATCTTCATTGTCCTC-1,Layer_1,7
GATCTTGGAGGGCATA-1,Layer_2,1
GATCTTTGCAGGGTAT-1,Layer_2,4
GATCTTTGCTCAAAGA-1,Layer_3,3
GATGACAAGTAGGGCA-1,Layer_4,5
GATGACGATGATCGCG-1,Layer_3,4
GATGAGGAACCTTCGG-1,Layer_3,3
GATGCCACACTACAGC-1,,5
GATGCCAGCAGAAGGC-1,Layer_1,2
GATGCCTTCTGCGGCA-1,Layer_5,5
GATGCGAATGGTATTA-1,Layer_2,1
GATGCGTCCTGCATTC-1,Layer_2,1
GATGCTACAAGCGCCT-1,Layer_1,2
GATGCTACCTTCGATG-1,Layer_5,5
GATGCTGTATTTCATC-1,Layer_2,1
GATGGCGCACACATTA-1,Layer_1,7
GATGGTGCCCTAGGCA-1,Layer_3,4
GATGTAACGAACCACC-1,Layer_4,3
GATGTCCGGATCACAT-1,Layer_2,1
GATGTCGGTCAACTGC-1,Layer_3,4
GATGTGTTGTCACAAG-1,Layer_3,4
GATGTTCAATCCACGA-1,Layer_3,4
GATGTTTGTGCGAGAT-1,Layer_1,7
GATTAACCGAAAGCCC-1,Layer_3,4
GATTACTGAATTTGGG-1,Layer_3,4
GATTAGAAACAAGCGT-1,Layer_6,5
GATTATCTTGCATTAT-1,Layer_4,3
GATTCCCTTGTCGCAG-1,Layer_1,7
GATTCCGCGTTTCCGT-1,Layer_3,1
GATTCCTATACGGCGC-1,Layer_1,2
GATTCGACGGTTCACG-1,Layer_2,1
GATTCTGTTAATGAGT-1,Layer_5,5
GATTGACACTCTGCTC-1,Layer_3,4
GATTGCTCCAGTTGCA-1,Layer_5,5
GATTGGGAAAGGTTGT-1,Layer_3,3
GATTTAGTGCGTACTG-1,Layer_3,4
GATTTGCGCTAACACC-1,Layer_6,5
GCAAACCCTACATTAT-1,Layer_2,1
GCAAACCTTGGCCATA-1,Layer_3,3
GCAAACGTAAGCGACC-1,WM,6
GCAAACGTCGCCAGGT-1,Layer_1,7
GCAAAGGGCGTTAGCC-1,Layer_6,5
GCAAATATTACGCTTT-1,Layer_2,1
GCAAATGAGGACACTT-1,Layer_4,3
GCAACACACTAGAACT-1,Layer_4,3
GCAACAGCAGTATGCG-1,Layer_1,7
GCAACCACCAGACCGG-1,Layer_3,4
GCAACCACGGCCGCGT-1,Layer_3,4
GCAACCCAAGTTGTTT-1,Layer_3,4
GCAACGGCTAGTTATG-1,Layer_1,7
GCAAGAATTCCTTGGC-1,Layer_3,4
GCAAGATGTGTTCGCG-1,Layer_3,4
GCAAGCTGGAAACCGC-1,Layer_6,5
GCAAGTGCACAGAGAA-1,Layer_1,7
GCAAGTGTAAAGCATG-1,Layer_5,5
GCAATTAGTCGCACCG-1,Layer_2,1
GCACAAACCCTAGATG-1,Layer_6,5
GCACAAACGAGGCGTG-1,Layer_1,7
GCACAACCTCGGGCGT-1,Layer_6,5
GCACAAGTGGATCATA-1,Layer_1,7
GCACAAGTGTCGGAAG-1,Layer_3,1
GCACACACTGGTAGCC-1,Layer_3,4
GCACACAGCTATTACC-1,Layer_5,5
GCACACGCCCATGGTC-1,Layer_3,4
GCACAGCACGGGCCGA-1,Layer_6,5
GCACCTAGGCGAGTCC-1,Layer_3,3
GCACCTTCCCGAAGGT-1,Layer_3,4
GCACGCCGATTCCCGC-1,Layer_4,3
GCACGCCTACTTAGAT-1,Layer_4,3
GCACGTGGTTTACTTA-1,Layer_3,4
GCACTAGTCGCGCTAT-1,Layer_2,1
GCACTCCCACAGTCCC-1,,5
GCACTGCCTACCTTTA-1,Layer_4,3
GCACTGTGCAAATGTA-1,Layer_2,1
GCAGAAGGTAATCTCC-1,Layer_1,2
GCAGACCCAGCACGTA-1,Layer_1,7
GCAGATCCATAAGACT-1,Layer_3,1
GCAGATCCTCGCAAAT-1,Layer_1,2
GCAGATTAGGGATATC-1,Layer_1,1
GCAGCACACAGCCCAG-1,Layer_3,4
GCAGCCTATATCACAT-1,Layer_1,2
GCAGCGGTGGGCATTA-1,Layer_2,1
GCAGCTATGGACAGGT-1,Layer_3,4
GCAGCTGTCAACGCAT-1,Layer_4,3
GCAGGAACTTAGATCT-1,Layer_5,5
GCAGGACTATAGAATA-1,Layer_2,1
GCAGGTAGAGTATGGT-1,Layer_3,4
GCAGTGCGGGCGGATG-1,Layer_2,1
GCAGTGTGGCTATAGG-1,Layer_3,4
GCAGTTCGATCCGAGC-1,Layer_2,1
GCATACGAGGTCTTTA-1,Layer_3,4
GCATAGAGCACTCAGG-1,Layer_2,1
GCATCCCTAACTTTGA-1,Layer_1,2
GCATCGGCCGTGTAGG-1,Layer_1,2
GCATGACACAAAGGAA-1,Layer_3,4
GCATGAGGGACGCGGC-1,Layer_1,2
GCATGCTAATAACGAT-1,Layer_3,4
GCATGGGTACTGACGC-1,Layer_4,3
GCATTCAAGGCAACGC-1,Layer_2,1
GCATTCGAAATGAACA-1,Layer_2,1
GCATTGACTTGCGGAA-1,Layer_5,5
GCATTGTAATTCATAT-1,Layer_3,4
GCATTTCCAAGGCTCC-1,Layer_1,1
GCCAACCATTTCCGGA-1,Layer_2,1
GCCAAGAATACTTCTG-1,Layer_4,3
GCCAATAGGGCATCTC-1,Layer_2,1
GCCACAATTTAAGGAC-1,Layer_3,4
GCCACTCAGAGCGCGA-1,Layer_3,1
GCCACTCCTTACGGTA-1,Layer_2,1
GCCAGGAAAGAACACT-1,Layer_6,5
GCCAGGAGTAACCGAT-1,Layer_2,1
GCCAGGCGTTCGCATG-1,Layer_3,4
GCCATATTGCACACAG-1,Layer_2,1
GCCATCGAGCTGCGTG-1,Layer_3,3
GCCATCGATGCTGCAT-1,Layer_2,1
GCCATTAGCCTCAAAC-1,Layer_5,5
GCCCACCAAGGCTGTC-1,Layer_2,1
GCCCAGATGCTGGAGA-1,Layer_1,2
GCCCAGTTGGTATGCC-1,Layer_1,7
GCCCGACTTCTTCCCG-1,Layer_4,5
GCCCGAGAGTCTAAAT-1,WM,5
GCCCGATCTGTGGTCG-1,Layer_3,4
GCCCGATGCCCAGTTC-1,WM,6
GCCCGCGCGTAAACGG-1,Layer_3,3
GCCCGCGCGTTTGACA-1,Layer_1,7
GCCCGTAATACCTTCT-1,Layer_1,2
GCCCGTCAAGCCCAAT-1,Layer_3,3
GCCCGTTCACACAATT-1,WM,5
GCCCTAAGTGCAGGAT-1,Layer_5,5
GCCCTAGCCGTCGCGA-1,Layer_5,5
GCCCTGAGGATGGGCT-1,Layer_4,3
GCCGAAATTCCTACGT-1,Layer_2,1
GCCGACCCACGACTGC-1,Layer_5,5
GCCGATTGGCCAAGCT-1,Layer_2,1
GCCGCACTCCGTTTCA-1,Layer_1,7
GCCGCATTAGTCCGGC-1,Layer_3,4
GCCGCTAGATACGCAG-1,Layer_3,3
GCCGCTTGTGAGAAAC-1,Layer_2,4
GCCGGAAACACATCTT-1,Layer_3,4
GCCGGGTTAGGGTCGC-1,Layer_2,1
GCCGGTCGTATCTCTC-1,Layer_5,5
GCCGTCGGTTTCGGGC-1,Layer_6,5
GCCGTGGAAGAAATGT-1,Layer_1,7
GCCTACGTTCTGTGCA-1,Layer_3,3
GCCTAGCGATCTGACC-1,Layer_1,7
GCCTATAGTGTCAGGG-1,Layer_1,2
GCCTATCAGGTAAGAT-1,Layer_3,1
GCCTATGCTGGGCCTT-1,Layer_3,4
GCCTATTCCGATATAG-1,Layer_1,2
GCCTATTTGCTACACA-1,Layer_3,1
GCCTCAGGTACCGGTC-1,WM,6
GCCTCATCTGGAAATA-1,Layer_1,7
GCCTCCGACAATTCAC-1,Layer_3,4
GCCTCTATACATAGCA-1,Layer_3,4
GCCTGTCCCGGTGCAT-1,Layer_5,5
GCCTTCAGCCCTACCG-1,Layer_1,1
GCCTTGTATATGCAGT-1,Layer_1,7
GCCTTTGTCAGTGGAC-1,WM,5
GCGAAACGATCGGGAG-1,Layer_2,1
GCGAAACTTAACTGGA-1,Layer_2,1
GCGAAGAATCTGACGG-1,Layer_3,3
GCGAAGCCATACCCGT-1,Layer_1,2
GCGAATGGACTAGCGA-1,Layer_5,5
GCGACATGTAAACATC-1,Layer_1,7
GCGACCCAACCATCTG-1,Layer_5,5
GCGACGATAGTTGTAC-1,Layer_3,4
GCGACGGTAGTCTCCT-1,Layer_5,5
GCGAGAAACGGGAGTT-1,Layer_1,7
GCGAGAGGCCATGTAA-1,Layer_3,4
GCGAGAGTTGCGTCCA-1,Layer_1,2
GCGAGCGCATGCTCCC-1,Layer_1,2
GCGAGGCCCGAGCAGA-1,Layer_2,1
GCGAGTTCTGCAAAGA-1,Layer_1,1
GCGATGTCTGTGCTTG-1,Layer_1,7
GCGATTCTGGAAGCAG-1,Layer_3,1
GCGATTGTTAACGTTA-1,Layer_1,2
GCGCAAATATATTCAA-1,Layer_5,5
GCGCAAGAGCGCGCTG-1,Layer_1,7
GCGCATCCAGTCAGCA-1,Layer_1,2
GCGCCGTTCCACGATA-1,Layer_2,1
GCGCCTCCCACTCCGA-1,Layer_1,7
GCGCGATGGGTCAAGT-1,,5
GCGCGGTCTAGTAACT-1,Layer_5,5
GCGCTAAGTATGCATG-1,Layer_3,4
GCGCTAATTGAATAGA-1,Layer_1,7
GCGCTATGCCGAGGCA-1,Layer_3,4
GCGCTCGATCACCTGT-1,Layer_1,7
GCGCTGATCCAGACTC-1,Layer_3,1
GCGCTGCTTTGCATTT-1,Layer_1,1
GCGCTTAAATAATTGG-1,Layer_3,4
GCGGACCGCGTTGTGG-1,Layer_3,3
GCGGAGAAACTTCGCA-1,Layer_4,5
GCGGAGAGGGAGAACG-1,Layer_2,1
GCGGATTACTTGTTCT-1,Layer_3,3
GCGGCAAAGTATTGCC-1,Layer_5,5
GCGGCTCTGACGTACC-1,Layer_3,4
GCGGCTTTAGCAAGTT-1,Layer_4,3
GCGGGAACCAGGCCCT-1,Layer_1,2
GCGGGCAGACGGGTGA-1,Layer_5,5
GCGGGCATTACGATGC-1,Layer_2,1
GCGGGCGAGCCTTACC-1,Layer_3,3
GCGGTAACCCAAATGA-1,Layer_2,1
GCGGTCCCGGTGAAGG-1,Layer_3,4
GCGGTCCCTAGACGCA-1,Layer_2,1
GCGGTCTTGCTTTCAC-1,Layer_4,3
GCGGTGAACTGCGCTC-1,Layer_3,1
GCGGTGCGGAGCATCG-1,Layer_1,7
GCGGTTCCCTATCATG-1,Layer_3,4
GCGTAAATGGCCATAA-1,Layer_1,2
GCGTCCCTAAGACATA-1,Layer_5,5
GCGTCGAAATGTCGGT-1,Layer_2,1
GCGTCGCCAGGGTGAT-1,Layer_3,3
GCGTCGTAACATGGTC-1,Layer_5,5
GCGTCTAACCTCCTAA-1,Layer_2,1
GCGTCTCTGCATTGGG-1,Layer_3,4
GCGTGGTACTGGGTTA-1,Layer_1,7
GCGTGTATGTCGTATT-1,Layer_3,4
GCGTTATATTTGGAAC-1,Layer_3,4
GCGTTCGGAGACCGGG-1,Layer_3,4
GCGTTCTGACTAAGCG-1,Layer_2,1
GCTAAACCTGAGGTGA-1,Layer_1,2
GCTAACTGAAGTCTGA-1,Layer_3,4
GCTAAGCCCAGTATGC-1,Layer_3,3
GCTAAGTAAAGGCGAT-1,Layer_2,1
GCTAAGTAGTTTCTCT-1,Layer_1,7
GCTAATACCGAATGCC-1,Layer_1,7
GCTACAATCGAGGATA-1,Layer_3,4
GCTACAGTACGGACCG-1,Layer_3,4
GCTACGACTTATTGGG-1,Layer_2,1
GCTACTATAGTAGAGT-1,Layer_2,1
GCTAGACCGTCTACTG-1,Layer_1,7
GCTAGAGTAGAGATGT-1,Layer_3,1
GCTAGCAACGCACCTA-1,Layer_3,3
GCTAGCACCTGGGCCA-1,Layer_1,2
GCTAGCAGGGAGTGGG-1,Layer_3,4
GCTAGCGATAGGTCTT-1,Layer_6,5
GCTAGCTTGAATAGCT-1,Layer_3,3
GCTAGGCACCACGGAG-1,Layer_3,4
GCTAGTAGAGCTTGTA-1,Layer_2,1
GCTAGTTTCATTGAGG-1,Layer_1,7
GCTATAAGGGCCAGGA-1,Layer_3,3
GCTATACGTCTCGGAC-1,Layer_3,1
GCTATCATACTCATGG-1,Layer_3,4
GCTATCGCGGCGCAAC-1,Layer_1,7
GCTATGCCAGCTTATG-1,Layer_4,3
GCTCAACCTCTTAGAG-1,Layer_1,7
GCTCAATCCGTTTATT-1,Layer_4,3
GCTCAATGTAATACCG-1,Layer_4,3
GCTCATTACTGCATGT-1,Layer_3,4
GCTCATTGATCATATC-1,Layer_6,5
GCTCCATGAGTGCAGA-1,Layer_2,1
GCTCCATGCAAAGCAA-1,Layer_5,5
GCTCCCAGTCGGTCCA-1,Layer_1,7
GCTCCGCTCGCTTCAG-1,Layer_1,7
GCTCCTGACATACTGG-1,Layer_4,5
GCTCGCGGTTCCGCTC-1,Layer_2,1
GCTCGCTCATGTCCAA-1,Layer_1,7
GCTCGGAATTTAAAGC-1,Layer_2,1
GCTCTAAACCCTGACG-1,Layer_1,7
GCTCTATGTTACGTGC-1,Layer_1,7
GCTCTCGGGTACCGAA-1,Layer_1,7
GCTCTTTCCGCTAGTG-1,Layer_4,5
GCTGAACTCTCCAGGG-1,Layer_1,2
GCTGAATCTTCCAATC-1,Layer_5,5
GCTGAGCAACGGTTCT-1,Layer_1,7
GCTGAGGCGTGAGTAT-1,Layer_2,1
GCTGCACGGTTTCTTA-1,Layer_2,1
GCTGCGAAGAATTATT-1,Layer_6,5
GCTGCGCCTCCCACGT-1,Layer_1,2
GCTGCTAAGTAGTCGA-1,Layer_3,3
GCTGCTACTGCGTAGC-1,Layer_3,4
GCTGCTCTCCGGACAC-1,Layer_1,2
GCTGGACCCAAAGTGG-1,Layer_3,4
GCTGGCAGGTGCCGTG-1,Layer_3,1
GCTGGCATATTCACCT-1,Layer_2,1
GCTGGCGGCGCATGCT-1,Layer_3,3
GCTGGGAGCGCGTCAA-1,WM,5
GCTGGTGACTCGTAGT-1,Layer_3,4
GCTGGTTTAGGCCATA-1,Layer_6,5
GCTGTATTACTGGCCC-1,Layer_3,4
GCTGTCTGTGATCGAC-1,Layer_3,4
GCTGTTGCTACCGAAC-1,Layer_1,7
GCTTAATGTAACTAAC-1,Layer_1,2
GCTTACGTAGTTAGTA-1,Layer_1,2
GCTTAGGGAAGCGGTA-1,Layer_3,3
GCTTATGAAGCAGGAA-1,Layer_1,7
GCTTCCAGCTTAGATT-1,Layer_2,1
GCTTCCATGTAACCGC-1,Layer_3,3
GCTTCCCGTAAGCTCC-1,Layer_4,3
GCTTCCGTCCCTAGAC-1,Layer_1,2
GCTTCGACGTTCAATC-1,WM,6
GCTTGAGTGACCTCTG-1,Layer_3,3
GCTTGATGATAATCAG-1,Layer_1,7
GCTTGCAGCACAATTG-1,Layer_3,4
GCTTGGATCGATTAGG-1,Layer_1,2
GCTTTACACAACTGGG-1,Layer_3,4
GCTTTATTAAGTTACC-1,Layer_5,5
GCTTTCAGAGGAGGTG-1,Layer_1,2
GGAAACAGAGCTTGGG-1,WM,6
GGAAACCTTGTTGAAT-1,Layer_3,4
GGAAACTAAATGGGCC-1,Layer_3,4
GGAAAGGGAATTGAGC-1,Layer_5,5
GGAAAGTCTTGATTGT-1,Layer_6,5
GGAAAGTGCCCATGCC-1,Layer_3,1
GGAACCCGAACAAGAA-1,Layer_2,2
GGAACCGTGTAAATTG-1,Layer_3,3
GGAACCTTGACTCTGC-1,Layer_5,5
GGAACGGCCTGCAGCC-1,Layer_2,1
GGAACTCGTGAATACG-1,Layer_6,5
GGAACTTTGGCGATTA-1,Layer_3,1
GGAAGCTCGCTTACAG-1,Layer_3,4
GGAAGGACACCGTATA-1,Layer_4,3
GGAATAACCTCAAGAA-1,Layer_3,1
GGAATGCGCTAGCGTG-1,Layer_1,7
GGACAACCATGAAGCC-1,Layer_3,4
GGACAAGCCATGATCG-1,WM,6
GGACAAGTTGCAGTGA-1,Layer_3,4
GGACACAAGTTTACAC-1,Layer_1,7
GGACACCTCGGTGTTG-1,Layer_5,5
GGACCAACAGGATAAC-1,Layer_3,4
GGACCTACGGTAACGT-1,Layer_3,4
GGACCTCTAGGCCGCC-1,Layer_5,5
GGACGGCTTGCGCAAC-1,Layer_3,4
GGACGGGCGACCAACC-1,Layer_3,4
GGACGTCCATAGTTGG-1,Layer_3,4
GGACTAAGTCAGGAGT-1,Layer_3,1
GGACTCACAAATTAGG-1,Layer_1,7
GGACTCGAAGCTTTCA-1,Layer_3,1
GGACTCGACAGCGCAT-1,Layer_5,5
GGACTCGTGAGTGGTC-1,Layer_5,5
GGACTCTTCCGGTTGA-1,Layer_2,1
GGACTCTTTGACTAAG-1,Layer_4,3
GGAGAAGTCATTGGCA-1,Layer_1,7
GGAGACCAATGTGCTT-1,Layer_3,4
GGAGACCATCTACATA-1,Layer_5,5
GGAGACGACACCTTTG-1,Layer_2,1
GGAGCAACATTTCAAG-1,Layer_3,1
GGAGCACCAAGAACTA-1,Layer_1,1
GGAGCGAGGCCTACTT-1,Layer_4,3
GGAGGATTGAAAGGAG-1,Layer_3,4
GGAGGCCGAAGTCGTC-1,Layer_1,7
GGAGGGCTTGGTTGGC-1,Layer_1,7
GGAGGGTCAAGTAAGA-1,Layer_3,4
GGAGTACACATGAGCT-1,Layer_1,7
GGAGTGCCGCCCTGGA-1,Layer_1,2
GGAGTTGATTCTGTGT-1,Layer_3,4
GGATACTCATGAATTG-1,Layer_2,1
GGATCAAAGGACGAGG-1,Layer_3,4
GGATCAGAGCCATCAG-1,Layer_4,3
GGATCATCCCGTACGC-1,Layer_3,4
GGATCCCTACCAGCTA-1,Layer_1,2
GGATCCGGAATATACT-1,Layer_1,7
GGATCTACCGTTCGTC-1,WM,6
GGATCTTACTGCCCTT-1,Layer_5,5
GGATCTTGACTCAACC-1,Layer_4,5
GGATGAAGATCGCTGA-1,Layer_1,7
GGATGACGCGAGTTTA-1,Layer_2,1
GGATGCTGGCGTTCCT-1,Layer_3,4
GGATGGCTTGAAGTAT-1,Layer_3,3
GGATGTCCTTACCGCA-1,Layer_1,7
GGATTAAGCTAAGGTC-1,Layer_3,4
GGATTAATCATGGACC-1,Layer_4,3
GGATTCAGTACGGTGG-1,Layer_1,7
GGATTCCGCTATACCC-1,Layer_2,1
GGATTGAAGTAGCCTC-1,Layer_3,3
GGATTGCTGTGACTCC-1,Layer_3,4
GGATTTCACTTCTATA-1,Layer_1,7
GGCAAAGGCGCCAATA-1,Layer_4,3
GGCAAATTACTTTACT-1,Layer_2,4
GGCAAGCCAGGGATAG-1,Layer_3,4
GGCAAGCCCATAGTGG-1,Layer_4,3
GGCAAGGCGAAATAGC-1,Layer_2,1
GGCAATAGTCAATGAG-1,Layer_1,2
GGCACGCTGCTACAGT-1,Layer_3,3
GGCACTCAGCCGACCC-1,Layer_2,1
GGCACTCCACTGGGCA-1,Layer_2,1
GGCACTGCGGTGGTTT-1,Layer_3,4
GGCAGAGAGATCGGGA-1,Layer_3,4
GGCAGCAAACCTATGC-1,Layer_1,2
GGCAGCGGTAATCCTA-1,Layer_3,4
GGCATACAGGTAGCGG-1,Layer_2,1
GGCATATCGGTTCTGC-1,Layer_3,1
GGCATCAACGAGCACG-1,Layer_3,4
GGCATTCCCTCCCTCG-1,Layer_3,3
GGCATTGAACATCTCA-1,Layer_5,5
GGCCAATTGTATAGAC-1,Layer_3,3
GGCCACACGAAAGCCT-1,Layer_2,2
GGCCCAGCTGGTTTGC-1,Layer_4,3
GGCCCAGTTATCAGCA-1,Layer_3,4
GGCCCGGAGCATGTCT-1,Layer_2,1
GGCCCGTATACCATGC-1,Layer_3,1
GGCCCTCACCCACTTA-1,Layer_3,4
GGCCGAGACTCTGGTG-1,Layer_5,5
GGCCGCAGGAACCGCA-1,Layer_3,4
GGCCGGCGTCTGCTAT-1,Layer_3,3
GGCCGTTTGGGTTTCA-1,Layer_4,5
GGCCTGCTCTGATGTT-1,Layer_5,5
GGCCTGCTTCTCCCGA-1,Layer_3,1
GGCCTTTGCAACTGGC-1,Layer_3,4
GGCGAAATCTAACTTG-1,Layer_1,2
GGCGAACCGTTCTGAT-1,Layer_3,4
GGCGAGCGAAACGGCA-1,Layer_5,5
GGCGCACAGTTTACCT-1,Layer_3,3
GGCGCAGGACATCTTC-1,Layer_3,4
GGCGCATGAATTGATG-1,Layer_3,4
GGCGCGGAGATCTTTC-1,Layer_3,4
GGCGCGTTCGAGTTTA-1,Layer_3,4
GGCGCTCCTCATCAAT-1,Layer_1,7
GGCGCTTCATTCCCTG-1,Layer_4,3
GGCGGAGTAATATTAG-1,Layer_1,1
GGCGGGCTCTAAGAGT-1,Layer_1,2
GGCGGTAGGATCATTG-1,Layer_1,7
GGCGGTTTGCCGGTGC-1,Layer_1,7
GGCGTACCCTATATAA-1,Layer_3,4
GGCGTAGGGAAAGCTG-1,Layer_3,3
GGCGTCCTATCCGCTG-1,Layer_2,1
GGCTAAAGGGCGGGTC-1,Layer_3,1
GGCTAATGATTGAAAT-1,Layer_3,4
GGCTACTATACACTCC-1,Layer_5,5
GGCTATTAAGTTGTAT-1,Layer_2,1
GGCTCCTCCACCTGTT-1,Layer_4,5
GGCTCGCGTTGAGGTA-1,Layer_1,2
GGCTCGTGCCACCAGC-1,Layer_1,7
GGCTCTGCTCCAACGC-1,Layer_1,2
GGCTGAAATAGCAAAG-1,Layer_2,4
GGCTGAGCATCGTAAG-1,Layer_3,4
GGCTGGCAATCCCACG-1,Layer_4,5
GGCTGGCTAGCTTAAA-1,Layer_1,2
GGCTGTCCTACTGCGG-1,Layer_6,5
GGCTTCTCGTGGGTGG-1,Layer_5,5
GGCTTGGCTCTCACCT-1,Layer_2,1
GGCTTTCAATAAGGGT-1,Layer_3,3
GGGAAAGAATGCCAAC-1,Layer_3,4
GGGAACGGGAGGTTAG-1,Layer_3,4
GGGAACGGTTTCAGAT-1,Layer_5,5
GGGAAGACGGTCTGTC-1,Layer_3,3
GGGAAGGGCTTTCTCA-1,Layer_3,3
GGGAATGAGCCCTCAC-1,Layer_3,4
GGGAATTCTGTCCAGT-1,Layer_3,4
GGGACAGAGTTACTCC-1,Layer_5,5
GGGACCCGTATATCTT-1,Layer_3,3
GGGACTGCATAGATAG-1,Layer_1,2
GGGAGAACTCACAGTA-1,Layer_1,7
GGGAGCGACCGTAGTG-1,Layer_3,3
GGGAGGATGCCCGAAA-1,Layer_2,1
GGGAGTAATGGCTGGC-1,Layer_2,1
GGGAGTTAATGAGGCG-1,Layer_1,7
GGGATACGGTAATAAT-1,Layer_1,7
GGGATATTGATCGCCA-1,WM,6
GGGATCCCAATACAAA-1,Layer_3,4
GGGATGGACCCGCGTC-1,WM,6
GGGATGGTCGTAACCG-1,Layer_3,3
GGGATTTACCGCACCT-1,Layer_1,2
GGGCAACCGCACGTGC-1,Layer_5,5
GGGCACGAATTGGCCG-1,Layer_3,4
GGGCACGTAGTACTGT-1,Layer_5,5
GGGCACTATTGACCAT-1,WM,6
GGGCAGACGTCACTGC-1,Layer_5,5
GGGCAGAGCAATCGTT-1,Layer_3,3
GGGCAGGATTTCTGTG-1,WM,6
GGGCAGTCAACGCCAA-1,Layer_4,3
GGGCATGCATGTCGAG-1,Layer_5,5
GGGCCATTCGTGCTGG-1,WM,6
GGGCCCGTCTTAAACA-1,Layer_3,4
GGGCCCTACGAAAGGG-1,Layer_3,4
GGGCCCTTATCTATAC-1,Layer_3,4
GGGCCGGCCGAAGTAC-1,Layer_1,7
GGGCCTAAATGGGCTA-1,Layer_4,3
GGGCCTATTTAAGTAT-1,Layer_3,4
GGGCGAATTTCTCCAC-1,Layer_1,7
GGGCGATATGTGTGAA-1,Layer_1,7
GGGCGCAGCGTTACTC-1,Layer_2,1
GGGCGGCAAATGAATT-1,Layer_3,3
GGGCGGGTTCCCTACG-1,Layer_3,4
GGGCGGTCCTATTGTC-1,Layer_1,2
GGGCGTACATTTATAT-1,Layer_1,7
GGGCGTCACCACGTAA-1,Layer_3,4
GGGCGTCCACTGGCTC-1,Layer_3,1
GGGCGTGGTTTCCCAG-1,Layer_3,3
GGGCGTTTACATTCAT-1,Layer_6,5
GGGCTACTATTTCGTG-1,Layer_5,5
GGGCTATGATCGATGG-1,Layer_3,3
GGGCTCATCGAACCCA-1,Layer_2,1
GGGCTGCCTAGGGCGA-1,Layer_1,7
GGGCTGGTTAGTCGCG-1,Layer_1,2
GGGTAATGCTGTGTTT-1,Layer_1,1
GGGTACCCACGGTCCT-1,Layer_1,7
GGGTACTTCATGAACT-1,Layer_2,4
GGGTATGTATGCACTT-1,Layer_1,1
GGGTATTCTAGCAAAC-1,Layer_5,5
GGGTCACCGTGACGGT-1,Layer_2,1
GGGTCAGGAGCTAGAT-1,Layer_4,5
GGGTCATGCGTACCAT-1,Layer_1,2
GGGTCCTTGGAAGAAG-1,WM,6
GGGTCGTGGCAAGTGT-1,Layer_3,1
GGGTCTATCGCTTTCC-1,Layer_3,4
GGGTGACACCTTAACT-1,Layer_3,4
GGGTGCATATGAAAGC-1,Layer_2,1
GGGTGGTCCAGCCTGT-1,Layer_3,1
GGGTGTTTCAGCTATG-1,Layer_2,1
GGGTTAACATTTGAGT-1,Layer_3,3
GGGTTCAGACGAACAA-1,Layer_1,7
GGGTTTAGGATAGGAT-1,Layer_1,7
GGTAAACTCTGCGCTG-1,Layer_3,4
GGTAAATGTGCGTTAC-1,Layer_3,1
GGTAACCGGGAGGATA-1,Layer_5,5
GGTAACTATGTATCTG-1,Layer_2,1
GGTACAAACATGCTAT-1,Layer_2,4
GGTACACCAGATTTAT-1,Layer_3,1
GGTACATCTGGGACGA-1,Layer_3,4
GGTACCATTAAGACGG-1,Layer_2,1
GGTACGTTGCGGCCGG-1,Layer_3,4
GGTACTAAGTGCTTTG-1,Layer_1,2
GGTAGAAGACCGCCTG-1,Layer_3,4
GGTAGACCGTTGGGCG-1,Layer_3,3
GGTAGGCCAATATCAC-1,Layer_6,5
GGTAGTGCTCGCACCA-1,Layer_1,7
GGTATAGTGACACATA-1,Layer_1,1
GGTATGAAAGAACTGA-1,Layer_3,4
GGTATTGCCGAGTTTA-1,Layer_1,1
GGTCAAGACTACTTCG-1,Layer_2,1
GGTCACGTTAGATTCA-1,Layer_3,1
GGTCAGTGGGTCCCAC-1,Layer_3,4
GGTCATTGTAGTCATA-1,Layer_3,3
GGTCCACGTCTATTTG-1,WM,6
GGTCCTTCATACGACT-1,Layer_1,7
GGTCGGATAAACGGCG-1,Layer_3,1
GGTCGGCCAGGAGCTT-1,Layer_1,7
GGTCGGTAATTAGACA-1,Layer_1,1
GGTCGGTCGTCCACAG-1,Layer_3,3
GGTCGTAAGCTCGCAC-1,Layer_4,3
GGTCTCCAAGTAGTGC-1,Layer_1,7
GGTCTCCGTCCAGGTT-1,Layer_3,4
GGTCTCTGAATGGACT-1,Layer_4,5
GGTCTGAGAATCTGGA-1,Layer_1,7
GGTCTTGAGCGCTCTT-1,Layer_4,3
GGTGAAACCGGGAATG-1,Layer_3,1
GGTGAACGGGCTAGCC-1,Layer_2,1
GGTGAAGTACAGGGAT-1,Layer_3,3
GGTGACTGATAGAGAG-1,Layer_3,4
GGTGAGATGCAGATAA-1,Layer_1,7
GGTGATAAGGAGCAGT-1,Layer_1,7
GGTGATGAAGGAAGTG-1,Layer_3,4
GGTGATTTCATCTTGT-1,Layer_2,1
GGTGCAGAGCCTATCG-1,Layer_3,4
GGTGCATAAATGATTA-1,Layer_5,5
GGTGCGGATAAGTGGC-1,Layer_1,2
GGTGCTGATCACAAAG-1,Layer_2,1
GGTGCTGGTACACATT-1,Layer_3,4
GGTGGACTGCTCTGGC-1,Layer_3,4
GGTGGAGGTTGATACG-1,Layer_1,7
GGTGGGATTAGGTCCC-1,WM,6
GGTGTAAATCGATTGT-1,Layer_5,5
GGTGTAGGTAAGTAAA-1,Layer_5,5
GGTGTTCTGTTTCTAC-1,Layer_3,4
GGTGTTGGGCGTCTTA-1,Layer_1,7
GGTTACCACCCTCGGG-1,Layer_3,4
GGTTACCCGACACTTT-1,Layer_2,1
GGTTACCGCTCCCTAC-1,Layer_6,5
GGTTAGCTATATGTCT-1,Layer_2,1
GGTTAGGCTTGGAGAA-1,Layer_1,2
GGTTAGGGATGCTAAT-1,WM,6
GGTTAGTTACGGCGCC-1,Layer_2,1
GGTTCCACCCGCTTCT-1,Layer_3,4
GGTTCCGTACGACTAA-1,WM,5
GGTTCGCATTTGCCGT-1,Layer_3,3
GGTTCGGATTATACTA-1,Layer_3,3
GGTTCTACTCGTCTGA-1,Layer_1,7
GGTTGTATCGTGAAAT-1,,3
GGTTGTGCTCTTGTCC-1,Layer_2,1
GGTTGTGTAGCCTGGC-1,Layer_3,4
GGTTTAATTACCATCG-1,Layer_5,5
GGTTTAATTGAGCAGG-1,Layer_3,1
GGTTTACAATCTCAAT-1,Layer_1,2
GGTTTAGCCTTTCTTG-1,Layer_1,7
GGTTTCAATCGGTCAG-1,Layer_1,7
GGTTTGACAAGAAGCT-1,Layer_3,4
GGTTTGAGTGCTGGAA-1,Layer_2,1
GGTTTGCGAACACGTA-1,Layer_3,4
GGTTTGTGACCTGAGG-1,Layer_3,4
GTAACAACTGACCTTG-1,Layer_3,3
GTAACAGGTTAACGGC-1,Layer_6,5
GTAACATCTAAGATAA-1,Layer_2,1
GTAACTACGTAGACCT-1,WM,6
GTAACTGCCCAAGGAG-1,Layer_5,5
GTAACTTGCGGCAGTC-1,Layer_2,1
GTAAGCGGGCAGTCAG-1,Layer_1,7
GTAAGGATTTGTCGGA-1,Layer_3,1
GTAAGTAACAGTCTGG-1,Layer_1,2
GTAAGTAGGGTATACC-1,Layer_1,2
GTAAGTCCACACTCTA-1,Layer_1,7
GTAATAAAGGGCTCCC-1,Layer_1,2
GTAATCTGATTCTTCG-1,Layer_3,3
GTACACTTACCTGAAG-1,Layer_1,1
GTACAGAGGCAAGGGT-1,Layer_1,7
GTACGACGGCGCTGCG-1,Layer_1,2
GTACGAGATTGCGACA-1,Layer_1,2
GTACGCTTCATTGCAC-1,Layer_2,4
GTACGTCACGTATTAA-1,Layer_3,4
GTACGTTTGCCCGTCA-1,Layer_2,1
GTACTAAGATTTGGAG-1,Layer_1,7
GTACTACGGCCTCGTT-1,Layer_4,3
GTACTCCCTTATCGCT-1,Layer_3,4
GTACTCCTGGGTATGC-1,Layer_2,1
GTACTGAGGTCGTAAC-1,Layer_2,1
GTACTGCATGAAGCGT-1,Layer_2,1
GTACTGGAGTTAGACC-1,Layer_1,7
GTACTTGGGCACTTCT-1,Layer_1,7
GTAGAAACGGGTGGAG-1,Layer_1,2
GTAGACAACCGATGAA-1,Layer_3,1
GTAGACACGCCTGACT-1,Layer_4,3
GTAGACGTCGTTACAT-1,Layer_1,1
GTAGAGGGAGACAAGT-1,Layer_4,5
GTAGCCAAACATGGGA-1,Layer_3,4
GTAGCGCTGTTGTAGT-1,Layer_3,4
GTAGCGGCTATACACT-1,Layer_2,1
GTAGCTAGTAAGCGCG-1,Layer_3,4
GTAGCTCCGGGAGGCT-1,Layer_5,5
GTAGCTTCCTCTTGTT-1,Layer_1,2
GTAGGTGATCCGTGTA-1,Layer_3,1
GTAGTCGCGGGAATCA-1,Layer_2,4
GTAGTCTACGATATTG-1,Layer_3,3
GTAGTGAGCAACCTCA-1,Layer_3,4
GTAGTTCGAAGGCGAA-1,Layer_5,5
GTAGTTTAAGCACACG-1,WM,6
GTATAATCTCCCGGAT-1,Layer_1,7
GTATAGGACTCAGTAG-1,Layer_1,2
GTATAGTGGCCCATGT-1,Layer_3,4
GTATATGTTACGGCGG-1,Layer_2,1
GTATCAAACGTTAGCT-1,Layer_3,1
GTATCAAGGTACTTCC-1,Layer_5,5
GTATCAGCTTGGGTTC-1,Layer_1,7
GTATCCTTTGGTAACC-1,Layer_3,4
GTATCTCAGTCTTGAC-1,Layer_5,5
GTATCTCCCTAACTGT-1,,3
GTATCTCGGGCGCTTT-1,WM,6
GTATCTTGTTGCTCAC-1,,3
GTATCTTTCATAACCA-1,Layer_3,4
GTATGAAATTTCACTC-1,Layer_4,5
GTATGACGTGGGAAAC-1,Layer_2,1
GTATGTGGGTCTAGTT-1,Layer_1,7
GTATTAAGGCGTCTAA-1,Layer_1,7
GTATTCTGAGAAACGA-1,Layer_3,3
GTATTCTTACCGTGCT-1,Layer_2,1
GTATTTAATGGCATAA-1,Layer_1,2
GTCAAAGAAGTGGTGT-1,Layer_5,5
GTCAAAGTTTACATAG-1,Layer_1,2
GTCAACCAGGCCTATA-1,Layer_3,4
GTCAAGCGGACTCGGG-1,Layer_1,2
GTCAATGCTATAATTT-1,Layer_3,4
GTCAATTGTACTGAAG-1,Layer_3,1
GTCACAAAGTTTCCAA-1,Layer_3,1
GTCACCTGTCTATGTC-1,Layer_3,4
GTCACTCTCCAAATCT-1,Layer_1,7
GTCAGAATAGTCTATG-1,Layer_2,1
GTCAGTTGTGCTCGTT-1,Layer_3,1
GTCAGTTTGGTAGTCG-1,Layer_2,1
GTCATCCCAAACTCAC-1,WM,6
GTCATCTCCTACAGCT-1,Layer_1,7
GTCATGCACCTCCGTT-1,Layer_1,2
GTCATGCGCGAGGGCT-1,Layer_3,4
GTCATGGACATGACTA-1,Layer_1,7
GTCATTAGAGCGAACG-1,Layer_1,2
GTCATTGCATTGACCC-1,Layer_3,4
GTCCAATATTTAGCCT-1,Layer_4,5
GTCCACGTCGCATTCG-1,Layer_3,4
GTCCAGGCACGTGTGC-1,Layer_6,5
GTCCATTACTGCTACG-1,Layer_1,7
GTCCCAACGTAAAGTA-1,Layer_1,7
GTCCCAATCATCCCGC-1,Layer_4,3
GTCCCGCGACGTTATG-1,Layer_3,4
GTCCGAGAGCAATCAT-1,Layer_3,4
GTCCGGACCTGAAATT-1,Layer_3,4
GTCCGGCTGAATTGCG-1,Layer_1,7
GTCCGGGTTCACATTA-1,Layer_4,3
GTCCGTTAGAGGGCCT-1,Layer_5,5
GTCCTACAGGCGGCTC-1,Layer_1,7
GTCCTACGAATAGTCT-1,Layer_3,1
GTCCTACTCTACGGGC-1,Layer_5,5
GTCCTAGGATACCTTA-1,WM,6
GTCCTATTGTTGTGGT-1,Layer_3,4
GTCCTTCTACAACCCA-1,Layer_1,2
GTCCTTCTAGTGGGTT-1,Layer_3,4
GTCCTTTAATGACTTC-1,Layer_3,4
GTCGAATTTGGGCGCT-1,WM,6
GTCGATAGGTGACTTT-1,Layer_1,2
GTCGCCGTTGTGTGTT-1,Layer_4,3
GTCGCGTAACCCGTTG-1,Layer_1,2
GTCGGAAGGATACCAG-1,Layer_3,4
GTCGGATATCTCAGAC-1,Layer_2,1
GTCGGATGTAGCGCGC-1,Layer_3,1
GTCGGGAACATGGTAG-1,Layer_4,3
GTCGGGAAGCAGAAAC-1,Layer_3,3
GTCGGGTGAAGTACCG-1,Layer_3,3
GTCGTACCATCTCGGG-1,Layer_3,4
GTCGTACCTACGATTG-1,Layer_3,4
GTCGTATTGGCGTACA-1,Layer_3,1
GTCGTCAATTATAAGG-1,Layer_2,1
GTCGTCTGGTTGGCTA-1,Layer_2,1
GTCGTGTCTGGTCATC-1,Layer_2,1
GTCGTTATTCGCTTAT-1,Layer_2,1
GTCTACTCAATTACAA-1,Layer_3,4
GTCTAGTGAGCCGCTT-1,Layer_3,4
GTCTATACACGCATGG-1,Layer_6,5
GTCTATCTGAGTTTCT-1,Layer_3,4
GTCTATTGCATGCTCG-1,Layer_3,4
GTCTATTGGTTCCGGT-1,Layer_2,1
GTCTCAAGGCCCGGCT-1,Layer_3,3
GTCTCCCGAGTCCCGT-1,Layer_3,3
GTCTCCGCCTCAATAC-1,Layer_5,5
GTCTCCTGCCAGTATG-1,Layer_6,5
GTCTCGACTAAGTTTG-1,Layer_3,1
GTCTCGATCTGCTTTC-1,Layer_2,1
GTCTGCCGACTCGACG-1,Layer_4,3
GTCTGGGCGGTCGAGA-1,Layer_3,4
GTCTGTAGGTTGAACA-1,Layer_6,5
GTCTTACCACGCCAAG-1,Layer_3,3
GTCTTAGTACAGCCGG-1,Layer_3,1
GTCTTCCTCACCTAAG-1,Layer_3,4
GTCTTGAGGAGCAGTG-1,Layer_1,2
GTCTTGTAGCTATTCA-1,Layer_1,7
GTGAAACGGCGCCACC-1,Layer_2,1
GTGAAACGTGCTCCAC-1,Layer_2,1
GTGAACTCCCATTCGA-1,Layer_2,1
GTGAAGATTTCAAGTG-1,Layer_3,1
GTGAAGCCGTATAGTC-1,Layer_3,4
GTGAAGTCACGACTCG-1,Layer_5,5
GTGACAGCTTCCCACT-1,Layer_3,3
GTGACCGCACACTACG-1,Layer_1,7
GTGACCTAAAGAATAA-1,Layer_2,1
GTGACGAGGGTGACCC-1,Layer_2,1
GTGACGCAGGTTTCAT-1,Layer_3,3
GTGACTTCAGTAGTGC-1,Layer_3,4
GTGAGATAACCTTATA-1,Layer_6,5
GTGAGCGTGCTGCACT-1,Layer_2,4
GTGAGGACACTTAAGG-1,Layer_1,1
GTGAGGAGCGGTTGAG-1,Layer_3,4
GTGAGTCGACTAATAG-1,Layer_3,4
GTGAGTCTAAGACGGA-1,Layer_2,1
GTGAGTGGTACAACGC-1,Layer_3,3
GTGATCAAGCGTGCAC-1,Layer_6,5
GTGATCACTAACGCCT-1,Layer_1,2
GTGATCATAGATCTGC-1,Layer_3,4
GTGATCCTTGTCATGA-1,Layer_3,3
GTGATGCACAACATCT-1,Layer_3,4
GTGATTCGCCGCTCAA-1,Layer_3,3
GTGCAACAAATGTGGC-1,Layer_2,1
GTGCACCAGCTTCAAC-1,Layer_5,5
GTGCACGAAAGTGACT-1,Layer_2,1
GTGCAGCGTAGAGTAG-1,Layer_1,2
GTGCCAAACGTTTCGA-1,WM,6
GTGCCATCACACGGTG-1,Layer_3,4
GTGCCCGTTCGGATTC-1,Layer_1,7
GTGCCGCTTCAAAGGT-1,Layer_3,4
GTGCCTAGCTATGCTT-1,Layer_1,7
GTGCCTCAGTGTACGG-1,Layer_3,4
GTGCCTGAGACCAAAC-1,Layer_3,3
GTGCGAAATCGAACAC-1,Layer_3,4
GTGCGACAGGGAGTGT-1,Layer_1,7
GTGCGCAGCTTGCTCC-1,Layer_3,1
GTGCGCTTACAAATGA-1,,5
GTGCGGGACCATCGGC-1,Layer_3,1
GTGCGGGTCTCCAAAT-1,Layer_1,2
GTGCGTGTATATGAGC-1,Layer_1,2
GTGCTATCCAGCTGGA-1,Layer_5,5
GTGCTCAAGTACTGTC-1,Layer_1,1
GTGCTGCAGATAAGGA-1,Layer_3,4
GTGCTGTTAGAACATA-1,Layer_5,5
GTGCTTACATCAGCGC-1,Layer_1,7
GTGGAACCTACATGCG-1,Layer_3,4
GTGGACCAACCCGATT-1,Layer_3,3
GTGGACGCATTTGTCC-1,Layer_3,3
GTGGACGTGCTGAGAC-1,Layer_1,2
GTGGAGCATGTCGGCC-1,Layer_2,1
GTGGAGCGTTTACCGA-1,Layer_5,5
GTGGAGTCGGCGGTTG-1,Layer_4,3
GTGGCAAACAGCGGCA-1,Layer_4,3
GTGGCCGGTTTCTCGG-1,WM,6
GTGGCCTAATATCATT-1,Layer_3,4
GTGGCGGTCCCAGCGT-1,Layer_3,4
GTGGCTGTTTCTGTTC-1,Layer_3,3
GTGGGAACAAACCGGG-1,Layer_6,5
GTGGGAAGACTGAATC-1,Layer_4,3
GTGGGCTTAGACACAC-1,Layer_1,2
GTGGGTACTGAGCGTA-1,Layer_5,5
GTGGTATAGTCTGCCG-1,Layer_4,3
GTGGTCAGCGAAGTAT-1,Layer_3,4
GTGGTGATGGTTTGTG-1,Layer_1,2
GTGGTGGCCAAGTGAA-1,Layer_2,1
GTGGTTACTTCTTTCG-1,Layer_1,2
GTGGTTTCCGCCTTTC-1,Layer_3,4
GTGTACCTTGGCTACG-1,Layer_1,2
GTGTACGAACCGTTCC-1,Layer_1,7
GTGTATATCAGCGGGC-1,Layer_3,3
GTGTATGACTTTAAAG-1,Layer_3,1
GTGTCAGTGTACGTGG-1,Layer_5,5
GTGTCCGATAAGGCAT-1,Layer_3,4
GTGTCGTATAGCGTTC-1,Layer_3,4
GTGTGAATAACTTAGG-1,Layer_1,7
GTGTGTCGACGTCGCT-1,Layer_1,7
GTGTTACTATGCGTCC-1,Layer_2,1
GTTAAAGTAGGACTGG-1,Layer_2,1
GTTAACATCACTTAAA-1,Layer_3,4
GTTAACTATGTTGTCA-1,Layer_1,7
GTTAAGGGTGCGATGT-1,Layer_3,3
GTTAAGTTAGAGTGGG-1,Layer_1,2
GTTAATAGCGTCATTA-1,Layer_3,3
GTTAATGTCTATCTTA-1,Layer_3,4
GTTACAATTGGTGACG-1,Layer_3,4
GTTACCAAGGCGTACG-1,Layer_3,4
GTTACCTACAACTTGC-1,Layer_3,4
GTTACTTTGGGCCTAG-1,Layer_3,4
GTTAGAGTGTGCCGCT-1,Layer_3,4
GTTAGCCCATGACATC-1,Layer_4,3
GTTAGCCGTAAATCAA-1,Layer_2,1
GTTAGGCTACCCGTTT-1,Layer_5,5
GTTATAATACGGTGAA-1,Layer_2,1
GTTATATCAGGAGCCA-1,Layer_3,4
GTTATATTATCTCCCT-1,Layer_3,4
GTTATCAAGCTATCGA-1,Layer_3,4
GTTATCACCTTCTGAA-1,Layer_3,1
GTTATTAAATACGACC-1,Layer_3,4
GTTATTAACGTGGGAG-1,Layer_1,7
GTTCAAATCAGATGTC-1,Layer_2,1
GTTCAATCTATGTCAA-1,Layer_3,4
GTTCACAGGAGTCTAG-1,Layer_2,1
GTTCAGTCGCCAAATG-1,Layer_5,5
GTTCATCGTTTGGCTG-1,Layer_1,2
GTTCCAGTCTGACCAT-1,Layer_1,2
GTTCCCGTAAACATAT-1,Layer_3,1
GTTCCGTCCGCCTGCA-1,Layer_6,5
GTTCGACAATTGTATA-1,Layer_6,5
GTTCGCCATAAGTGCC-1,Layer_2,1
GTTCGCTGAGACGTCT-1,Layer_2,1
GTTCGGAGCACTCAAC-1,Layer_3,4
GTTCGGATCGGGAACA-1,Layer_1,7
GTTCGGGCGTACCATT-1,Layer_1,1
GTTCGTCTAAAGAACT-1,Layer_2,1
GTTCGTCTGGGTCCCT-1,Layer_3,4
GTTCTTCCCTCGATGT-1,Layer_2,1
GTTCTTGTAACTCAAT-1,Layer_5,5
GTTGAACCGGTTCCAT-1,Layer_3,4
GTTGAGTCCCGCCGGT-1,Layer_3,4
GTTGCACGGAGTTTCG-1,Layer_1,7
GTTGCAGTCGACAACA-1,Layer_3,4
GTTGCCCTAACGGGTG-1,WM,6
GTTGCGCTAACATTAC-1,Layer_1,7
GTTGCGGACGGTCAGG-1,Layer_1,2
GTTGGACCGCATCAGG-1,Layer_3,4
GTTGGATTCAGTGGCT-1,Layer_3,4
GTTGGATTGAGAACAC-1,Layer_1,7
GTTGGATTTGCGTTGG-1,Layer_2,1
GTTGGTCATGCTATCC-1,Layer_3,3
GTTGTAGATTTATGAG-1,Layer_5,5
GTTGTCGTGTTAGTTG-1,Layer_1,1
GTTGTTACATTGCGCT-1,Layer_3,3
GTTGTTGCAAGATGGC-1,Layer_3,4
GTTTACGTTCCATCTG-1,Layer_3,4
GTTTATGGGATTTAGA-1,Layer_1,2
GTTTCAAACGAGTTGT-1,Layer_3,4
GTTTCATATCGTCGCT-1,Layer_3,4
GTTTCCTGGAGGGTGA-1,Layer_1,7
GTTTCTAGAGGCGCGG-1,Layer_3,3
GTTTCTGCAGTCTCCC-1,Layer_2,1
GTTTGACCAAATCCTA-1,Layer_1,2
GTTTGAGCGGTTATGT-1,,5
GTTTGGCCCAAGTTAT-1,Layer_1,1
GTTTGGCCGCTCAGCG-1,Layer_1,2
GTTTGGGCTTGTGAGC-1,Layer_3,4
GTTTGGGTTTCGCCCG-1,Layer_3,4
GTTTGGTAGGGTCAAC-1,Layer_3,3
GTTTGGTGATCGGTGC-1,Layer_5,5
GTTTGTTAGCCAAGTA-1,Layer_5,5
TAAACCCAGGAGGGCA-1,Layer_4,3
TAAACGTCGTCAATGA-1,Layer_1,7
TAAAGACAACCCTTTA-1,Layer_1,7
TAAAGAGCCCGAAACC-1,Layer_2,1
TAAAGCGGTATTTCCA-1,Layer_4,5
TAAAGCGTTAGGAGAA-1,Layer_1,2
TAAAGCTGCAATAGGG-1,Layer_3,4
TAAAGTGCACGTCTCG-1,Layer_6,5
TAAATCTTTACACCTC-1,Layer_3,4
TAAATGAATCCGTTTC-1,Layer_1,7
TAAATGCCGTCTCATG-1,Layer_3,4
TAAATGGGCTACTGAG-1,Layer_3,4
TAAATTGTGGGTAAAG-1,Layer_5,5
TAAATTTAGTAACACC-1,Layer_6,5
TAACAAAGGGAGAAGC-1,Layer_1,7
TAACAATATTTGTTGC-1,Layer_2,1
TAACAGCGTTTGTGCT-1,Layer_5,5
TAACAGGTTCCCTTAG-1,Layer_5,5
TAACATACAATGTGGG-1,Layer_1,2
TAACATACACGCGATC-1,Layer_5,5
TAACCGCCCGCAGTGC-1,Layer_3,1
TAACCTACCGTCCGAG-1,Layer_1,2
TAACCTAGGGAGTCCA-1,Layer_3,1
TAACGCTTTGAGAGCG-1,Layer_1,1
TAACTATCGAAGGTCC-1,Layer_1,7
TAACTATTACGCCAAA-1,Layer_2,1
TAACTCATCCGCGCGG-1,Layer_3,4
TAACTCCATGGAGGCT-1,Layer_1,7
TAACTGAAATACGCCT-1,WM,6
TAAGAGGGACAGGGAC-1,Layer_6,5
TAAGATTTAGCGGGAG-1,Layer_3,1
TAAGCAGGCGACACGC-1,Layer_3,4
TAAGCCCTTACGACCA-1,Layer_3,4
TAAGCGCGAATCAAAT-1,Layer_6,5
TAAGGAACTTGTGGGA-1,Layer_1,2
TAAGGCAACATAAGAT-1,Layer_1,2
TAAGGCATAACATCAA-1,Layer_4,3
TAAGGCCCGTCACCCT-1,Layer_3,3
TAAGGCTGAATCCCTC-1,Layer_1,7
TAAGGGCCTGTCCGAT-1,Layer_3,1
TAAGGGCTGGGAGAGG-1,Layer_3,4
TAAGTAAATGTGCCGC-1,Layer_3,4
TAAGTAACATCTTGAC-1,Layer_3,3
TAAGTCGCCGAGTATC-1,Layer_4,5
TAAGTCGGTGAGCTAG-1,Layer_3,4
TAAGTGAATAGTCTAC-1,WM,6
TAAGTTGCGACGTAGG-1,Layer_2,1
TAATAAACAAGGAGAT-1,Layer_3,4
TAATACACAGTAGTAT-1,Layer_1,2
TAATACTAGAACAGAC-1,Layer_4,3
TAATAGAACAGAGTTA-1,Layer_3,3
TAATAGCTAAATGATG-1,Layer_3,1
TAATAGGTCACCAGAA-1,Layer_5,5
TAATAGTGACGACCAG-1,Layer_1,2
TAATATTGAAATTCGC-1,Layer_1,2
TAATCAACCAAATGGG-1,Layer_1,7
TAATCGATCCGTACGT-1,Layer_2,1
TAATGAAAGACCCTTG-1,Layer_2,1
TAATGTCGGTTCATGG-1,WM,6
TAATTACGTCAGTAGA-1,Layer_3,4
TAATTAGATGGATATG-1,Layer_2,1
TAATTAGGACATCCGT-1,Layer_1,7
TAATTCCAATGCTTCA-1,Layer_3,4
TAATTGGAATCGGGAA-1,Layer_3,4
TAATTTCCGTCCAGTA-1,Layer_4,3
TACAAATTGCGGAGGT-1,Layer_3,3
TACAACAGCGCATACA-1,Layer_3,3
TACAACGCACAACTCA-1,Layer_3,4
TACAAGCTGTTCACTG-1,,3
TACAAGGGCTTCTTTA-1,Layer_3,3
TACAAGTCTCGTGCAT-1,Layer_2,1
TACAATGAAACCAGCA-1,,5
TACACAGCCGTGGTGC-1,Layer_4,5
TACACCGTCGTTAGTC-1,Layer_3,1
TACACCTCTTCGAATC-1,Layer_3,3
TACAGAAACGGTGGGC-1,Layer_3,4
TACATAGGCATACACC-1,Layer_2,1
TACATCCCTATCCCTG-1,Layer_4,3
TACATCTTGTTTCTTG-1,Layer_1,7
TACATGACCTTATCCG-1,Layer_2,2
TACATGCCGGAATTGT-1,Layer_2,2
TACATTTCTAACGTGC-1,Layer_2,4
TACCAAATAGCCCAGA-1,Layer_3,3
TACCAATAAAGTACCA-1,Layer_3,4
TACCAGAAGTAGGTTC-1,Layer_3,3
TACCAGCTAGGTTTAA-1,Layer_3,1
TACCAGGAATCCCGTC-1,Layer_6,5
TACCATGTATTGATTT-1,Layer_1,7
TACCCTCGGTAACCCT-1,Layer_3,4
TACCGAATAATTGTAA-1,Layer_3,3
TACCGCGGACTTGCAG-1,Layer_1,2
TACCGGCTCACTGCCC-1,Layer_3,4
TACCGGTCGTTTCCAT-1,Layer_3,4
TACCGTAGGTTAACTA-1,Layer_3,3
TACCGTGCCTCGGACC-1,Layer_3,4
TACCTACTCCCAGTAT-1,Layer_3,3
TACCTATCCCTAGAGG-1,Layer_4,3
TACCTCACCAATTGTA-1,Layer_3,3
TACCTCACGCTTGTAC-1,Layer_2,1
TACCTCAGTTGTCTGT-1,Layer_4,3
TACCTCCACACCAATG-1,Layer_6,5
TACCTCTTTACCATCC-1,Layer_3,4
TACCTGCTGCACTGTG-1,Layer_2,1
TACCTTAAGATTTCCC-1,Layer_3,3
TACGAACACGACTTCA-1,Layer_1,2
TACGACGCTTGCTGCG-1,Layer_3,4
TACGACTGCCTCTTAG-1,Layer_2,1
TACGAGAACTTCACGT-1,Layer_2,1
TACGATGTTGATCATC-1,Layer_2,1
TACGCAGTTCTTTCCT-1,Layer_3,4
TACGCCATATTCTAAT-1,Layer_2,1
TACGCCGAGGGTACCC-1,Layer_4,5
TACGCCGCCTCAGAAG-1,Layer_1,7
TACGCCTCCATTCCGA-1,Layer_3,3
TACGCTATAGAAACCT-1,Layer_1,2
TACGCTCCTAGAACTG-1,Layer_6,5
TACGCTCGGTATTGGA-1,Layer_3,4
TACGCTGATAGTTGTA-1,WM,6
TACGCTGCACGGTCGT-1,Layer_3,3
TACGCTGCTGTGTTAA-1,Layer_6,5
TACGGAAGCCAAACCA-1,Layer_4,3
TACGGCATGGACGCTA-1,Layer_3,4
TACGGGATGCTAGCAG-1,Layer_2,1
TACGGGTAATAACATA-1,Layer_4,3
TACGTAAAGCGGAGTG-1,Layer_3,4
TACGTACTAGTGCTGA-1,Layer_5,5
TACGTGCAAGGTTCCT-1,Layer_2,1
TACGTGCACTATGCTG-1,Layer_1,7
TACGTGGGCCCAGGGC-1,Layer_4,3
TACGTTTACCGGCAAT-1,Layer_3,4
TACTACGTGCAATGCG-1,Layer_4,3
TACTATGGTTCCTCAG-1,Layer_4,5
TACTCATTGACGCATC-1,Layer_3,4
TACTCCTCTAGTTGAC-1,Layer_5,5
TACTCGGCACGCCGGG-1,Layer_3,4
TACTCGTTTGAATCAA-1,Layer_4,3
TACTCTCCGAACAAAT-1,Layer_2,1
TACTCTTACTTTACTG-1,Layer_3,1
TACTCTTTCGTCTTCA-1,Layer_4,3
TACTGAACAGATTTAG-1,Layer_4,3
TACTGAGGGAAGAAAG-1,WM,5
TACTGCAATCAATTAC-1,Layer_3,1
TACTGCATGATTAAAT-1,Layer_6,5
TACTGGACAGCTCGGC-1,Layer_3,4
TACTGTTTCTCTGGTA-1,Layer_1,7
TACTTAAACATGTACA-1,Layer_3,4
TACTTGTTAGTAGTCC-1,Layer_1,7
TACTTTACTGAGCCGG-1,Layer_1,2
TACTTTCCGCACGCCA-1,Layer_4,3
TAGAAACACAATAGTG-1,Layer_1,7
TAGAAACCACTAAGTA-1,Layer_3,4
TAGAAAGGTGGCGCTA-1,Layer_1,7
TAGAAATTCACGTATA-1,Layer_3,4
TAGAAGAAGGGTTACA-1,Layer_3,4
TAGAATAGCCGATGAA-1,Layer_3,4
TAGAATTAAGGGCAAC-1,Layer_3,1
TAGACGAAACGCCAAT-1,Layer_3,3
TAGACGCCCGTACCGG-1,Layer_1,7
TAGACTACCTAGCGTT-1,Layer_1,7
TAGACTCAGTTGGCCT-1,WM,6
TAGAGATCATGCAACT-1,Layer_3,3
TAGAGCTACGAAGAAC-1,Layer_2,1
TAGAGGGAGTTTATCT-1,Layer_5,5
TAGAGGTTCTACTTGT-1,Layer_3,1
TAGAGTCTAAGCGAAC-1,Layer_1,2
TAGAGTGTTCCGGGTA-1,Layer_3,3
TAGATATGGACTGGAA-1,Layer_3,3
TAGATCCGAAGTCGCA-1,Layer_3,1
TAGATGGTTCCTTACT-1,Layer_3,4
TAGATTCAAAGTGCGG-1,Layer_6,5
TAGATTCCTGGTTATT-1,Layer_3,4
TAGATTCTCTAGCAAA-1,Layer_3,3
TAGCAACCTGTCACAA-1,Layer_1,7
TAGCAGATACTTAGGG-1,Layer_3,3
TAGCAGTATGACTAAA-1,Layer_3,4
TAGCCATTTCAAAGTC-1,Layer_1,2
TAGCCGGCGGTCAGCG-1,Layer_1,7
TAGCGTCCCTCGATTG-1,Layer_1,7
TAGCGTCCGGTGTGGT-1,Layer_3,4
TAGCGTCGAATATTGA-1,Layer_3,4
TAGCGTTGGGTCTTAC-1,Layer_1,1
TAGCTAAGTCCGGGAG-1,Layer_1,2
TAGCTAGAAGGCATGA-1,Layer_3,3
TAGCTAGTGATGATGG-1,Layer_4,3
TAGCTCACTGTGTTTG-1,Layer_3,4
TAGCTCGCCTGATAAC-1,Layer_3,3
TAGCTGATGTGAAGCG-1,Layer_4,3
TAGGAACAGCCTCCAG-1,Layer_3,4
TAGGAGGCTCGAGAAC-1,Layer_3,3
TAGGATCTTAACCGCA-1,Layer_5,5
TAGGCATGTTACGCCA-1,Layer_2,1
TAGGCCTATATAGTCT-1,Layer_3,4
TAGGCGATGAGGTCTC-1,Layer_5,5
TAGGCGGCTGCAAAGA-1,WM,5
TAGGCTAAAGTGGCAC-1,Layer_3,4
TAGGGAGCTTGGGATG-1,Layer_1,7
TAGGGTGTTTCAAGAG-1,Layer_1,7
TAGGTCCAAGTAAGGA-1,Layer_2,1
TAGGTCGCCGGAACTG-1,Layer_1,2
TAGGTGACGATAACCT-1,Layer_3,3
TAGGTGAGCCCTACTC-1,Layer_1,1
TAGGTGCTCGCCTAGC-1,Layer_1,2
TAGGTGTTCCACAGAT-1,Layer_3,3
TAGGTTCGAGTTCGTC-1,Layer_1,2
TAGGTTCTGCTGAGAA-1,Layer_5,5
TAGTACCACAACTTTC-1,WM,5
TAGTACCTTAGTGGTC-1,Layer_1,7
TAGTAGCTTATACCAG-1,Layer_4,5
TAGTAGTTGCCGGACA-1,Layer_5,5
TAGTCCCGGAGACCAC-1,Layer_5,5
TAGTCCGCAGAGAATG-1,Layer_2,4
TAGTCCGTATGCATAA-1,Layer_1,7
TAGTCCTGCACTAAGC-1,Layer_6,5
TAGTCGATCACGGGTT-1,Layer_1,2
TAGTCGGGATTCTTCG-1,Layer_1,7
TAGTCTAACAACGAGA-1,Layer_3,4
TAGTCTGCGGCACATT-1,Layer_6,5
TAGTCTGTGACGTTGC-1,Layer_3,1
TAGTCTTTCCGAATTG-1,Layer_1,2
TAGTGACAAGCTCTAC-1,Layer_3,3
TAGTGCCCTCCAGAGT-1,Layer_1,2
TAGTGGAACTCATACA-1,Layer_3,4
TAGTGTCAGAAACGGC-1,Layer_1,7
TAGTTAAGATAGGATA-1,Layer_3,4
TAGTTTATTCTTGCTT-1,Layer_2,1
TATAAATCCACAAGCT-1,Layer_1,7
TATAAGTGAGGATAGC-1,Layer_1,7
TATACACAGACGCCTT-1,Layer_3,4
TATACACGCAAAGTAT-1,Layer_1,7
TATACCGAGTGCCACA-1,Layer_1,2
TATACGCGTCATCACT-1,Layer_3,3
TATACTCATGCGGCAA-1,Layer_1,7
TATAGAGTCGCTTGAA-1,Layer_5,5
TATAGATGGTCGCAGT-1,Layer_1,7
TATAGCGCACGTTATC-1,Layer_5,3
TATAGGGTACTCATGA-1,Layer_3,4
TATAGTTAGGTGTACT-1,WM,6
TATATAGGGCTTTACG-1,Layer_5,5
TATATATCGAGAAATG-1,Layer_5,5
TATATCAAAGTGATCT-1,Layer_6,5
TATATCATTGATCAGT-1,Layer_3,4
TATATCCCTGGGAGGA-1,Layer_1,7
TATATGCTGGGTTGCC-1,Layer_1,2
TATATTACAAATGTCG-1,Layer_3,4
TATATTCGCGTCGATA-1,Layer_3,1
TATCAAAGGTCTGTAA-1,Layer_2,1
TATCACAGCACGGGCA-1,Layer_3,4
TATCACCATGTAAAGT-1,Layer_3,4
TATCACCCAACCGACC-1,Layer_2,1
TATCACTTCGAGTAAC-1,Layer_3,4
TATCAGTGGCGTAGTC-1,Layer_5,5
TATCCAATTGGTTATC-1,Layer_3,4
TATCCATATCATGCGA-1,Layer_1,2
TATCCATCTCGGTTAG-1,Layer_6,5
TATCCCTCGATCTGCA-1,Layer_4,5
TATCCGCACCGTCGGG-1,Layer_4,3
TATCCTATCAACTGGT-1,Layer_5,5
TATCCTGCATGGGAAT-1,Layer_2,1
TATCGATCTATGCATA-1,Layer_2,1
TATCGATGATTAAACG-1,Layer_1,7
TATCTACAGAGGTAAT-1,Layer_2,4
TATCTACCACAGCGGG-1,Layer_2,1
TATCTAGCCTAAAGGA-1,Layer_3,4
TATCTGAGCCGATATT-1,WM,6
TATCTTGCAATACAAC-1,Layer_5,5
TATGAAGAATTAAGGT-1,Layer_3,4
TATGAAGACAGGTGCG-1,Layer_2,4
TATGACCTTGCGCTGG-1,Layer_5,5
TATGATAAATCTAACG-1,Layer_3,4
TATGATCCGGCACGCC-1,Layer_3,1
TATGATCTTCTCTTTA-1,Layer_3,4
TATGATTCTGCTTGGT-1,Layer_3,1
TATGCTCCCTACTTAC-1,Layer_1,7
TATGGAGTTTCTCGTT-1,Layer_2,1
TATGGATGTGCTACGC-1,Layer_1,7
TATGGCCCGGCCTCGC-1,Layer_2,1
TATGGCTAGGCTAATT-1,Layer_3,1
TATGGGACCGAGCAGG-1,Layer_2,1
TATGGGTACGTATCGT-1,Layer_1,2
TATGGTCTGAGTAACA-1,Layer_2,1
TATGGTTAGTGGGAGA-1,Layer_1,7
TATGTAAAGTGCTTAA-1,Layer_5,5
TATGTAGAAACCCGGC-1,WM,5
TATGTCAAGACCGACT-1,Layer_3,1
TATGTCTCATTGTGCC-1,Layer_1,7
TATTAACACCAAAGCA-1,Layer_5,5
TATTAACCTGACCGCG-1,Layer_4,3
TATTACCATCCTGCTT-1,Layer_1,7
TATTATGTTTGCCTGC-1,Layer_5,5
TATTCAATTCTAATCC-1,Layer_1,7
TATTCCACTCAGCTCG-1,Layer_3,3
TATTCCGAGCTGTTAT-1,Layer_3,4
TATTCCGGCAGTCCTA-1,Layer_3,1
TATTCCTCCGCCCACT-1,Layer_3,3
TATTCGTGCCAGAATA-1,Layer_1,2
TATTGACATTTCTGCC-1,Layer_1,1
TATTGCCGGGCTTGTA-1,Layer_3,4
TATTTAGTCTAGATCG-1,Layer_1,2
TATTTATACCGAGTAG-1,Layer_3,1
TATTTGATTTGCACAG-1,Layer_2,1
TATTTGTTACCCTTTA-1,Layer_1,7
TCAAACAACCGCGTCG-1,Layer_1,7
TCAAACTTAGATTGTT-1,Layer_1,7
TCAAAGAGCTATCTGT-1,Layer_5,5
TCAAAGTCACGGCGTC-1,WM,5
TCAAATTATGTTCGAC-1,Layer_3,3
TCAAATTGTTGTGCCG-1,Layer_4,3
TCAAATTTGAGACTCA-1,Layer_3,3
TCAACAAAGATAATTC-1,Layer_4,3
TCAACACATTGGGTAA-1,Layer_2,1
TCAACATAGCGCCCTA-1,Layer_4,3
TCAACATCGACCGAGA-1,Layer_3,3
TCAACCATGTTCGGGC-1,Layer_1,7
TCAACGAGGAGACAAA-1,Layer_2,4
TCAACGCAGGAAATAA-1,Layer_3,3
TCAACGCGACCGGCAG-1,Layer_3,4
TCAACTAACGTATAAC-1,Layer_2,4
TCAACTGCAGAGTCAG-1,Layer_2,1
TCAAGAAATACTAGCT-1,Layer_1,2
TCAAGCGCGGACGGTA-1,Layer_3,1
TCAAGCTGCCTTGAAA-1,Layer_3,1
TCAAGGTTACTACACC-1,Layer_1,7
TCAATACAATTGCTGC-1,Layer_3,4
TCAATACGCCGTCATG-1,Layer_4,3
TCAATATACAGGAGGC-1,Layer_3,4
TCAATCCCGCGCCAAA-1,Layer_3,4
TCAATCCGGGAAGTTT-1,Layer_3,3
TCACAAACCGAGGTAC-1,Layer_3,4
TCACAGATCCTCAAAC-1,Layer_1,2
TCACAGCAAACTCGAA-1,Layer_3,3
TCACAGGAGAATAAGA-1,Layer_3,3
TCACAGGGAATCGCAA-1,Layer_2,1
TCACAGGTTATTGGGC-1,Layer_1,1
TCACATCTTATCTGAT-1,Layer_2,1
TCACCCTCTTAAGATT-1,Layer_3,4
TCACCGCTCGGCACTC-1,Layer_1,2
TCACGATGTCCGTGGA-1,Layer_4,3
TCACGCATTGTAGATC-1,Layer_1,1
TCACGGCCCAAGAGAG-1,WM,5
TCACGGTCATCGCACA-1,Layer_1,7
TCACGTGCCCGATTCA-1,Layer_2,1
TCACTACGACCAATGC-1,Layer_3,4
TCACTATCCCTTCGGT-1,Layer_3,4
TCACTATCGTGCAATC-1,Layer_3,1
TCACTCAGCGCATTAG-1,,5
TCACTCGTGCAACGGC-1,Layer_3,4
TCACTCTTCGTCTGTC-1,Layer_1,7
TCAGAACCTCCACAGG-1,Layer_2,1
TCAGAACGGCGGTAAT-1,Layer_4,3
TCAGACGCTATAGAAG-1,Layer_3,4
TCAGAGGACGCGTTAG-1,Layer_4,3
TCAGAGTGTGAGCATG-1,Layer_3,4
TCAGATGGAGACGTAG-1,Layer_3,4
TCAGCAAATGCATCTC-1,Layer_1,2
TCAGCAGTAGGCCCTG-1,Layer_4,5
TCAGCCAATCCGTAAA-1,Layer_3,4
TCAGCGCACGCCGTTT-1,Layer_4,5
TCAGCTTGAGCTTTCG-1,WM,6
TCAGGGCGACTTCCTT-1,Layer_2,1
TCAGGGCGCAAACTCG-1,Layer_1,2
TCAGGGTGCACGAAAC-1,Layer_3,4
TCAGGGTGTAACGTAA-1,Layer_1,2
TCAGGTTCTTTGAGAA-1,Layer_1,2
TCAGTACTGACCCGCG-1,Layer_1,2
TCAGTAGGGACTATAA-1,Layer_3,4
TCAGTGTATACGTCAT-1,Layer_4,5
TCAGTTACGGAATGAT-1,Layer_3,4
TCATAAGTCCAAGAAG-1,Layer_3,4
TCATACTTACAGATCC-1,Layer_1,7
TCATATGAGCTTTGTT-1,Layer_4,3
TCATCACTCGAGCTCG-1,Layer_1,7
TCATCCATCTGATCAC-1,WM,6
TCATCCCAGAGGGTGG-1,Layer_3,1
TCATCCTCAGCTGCTT-1,Layer_3,3
TCATCGACGACCGTCG-1,Layer_4,3
TCATCGATGGTCCCAA-1,Layer_5,5
TCATGAAGCGCTGCAT-1,WM,6
TCATGCAGGTTCTCAT-1,Layer_3,1
TCATGGAGGCCTTTGT-1,Layer_3,3
TCATTTAAGTCTCCGA-1,Layer_1,7
TCATTTAGAAGTGTGA-1,Layer_2,1
TCCAACTCAGCTATCT-1,Layer_3,3
TCCAACTTTAAATTCT-1,Layer_3,4
TCCAAGCCTAGACACA-1,Layer_3,3
TCCAATAAAGGCTACC-1,Layer_4,5
TCCACAATGGTTTACG-1,Layer_1,1
TCCACATCGTATATTG-1,Layer_4,5
TCCACCAAGACATAGG-1,Layer_3,3
TCCACCTCTAGCCTTT-1,Layer_4,3
TCCACTTTATCTAGGT-1,Layer_1,7
TCCAGAGCACCGGTTC-1,Layer_2,1
TCCAGATGTACGCCAA-1,Layer_3,1
TCCAGCGCTATAAGCG-1,Layer_1,2
TCCAGGCAGGACGATC-1,Layer_5,5
TCCAGGCGAGTACGGT-1,Layer_1,2
TCCAGGGTATATACGA-1,Layer_3,3
TCCATCAATACTAATC-1,WM,5
TCCATTAGTTGGATAG-1,Layer_2,1
TCCATTCCCACTAGAG-1,Layer_3,4
TCCATTGTGACCTCGT-1,Layer_3,4
TCCCAAACAGACAACG-1,Layer_3,4
TCCCAAACATCCTCTA-1,WM,6
TCCCAAAGACGAAGGA-1,Layer_1,7
TCCCAAAGCCCTAAAT-1,Layer_1,2
TCCCAATATCGACGAC-1,Layer_3,3
TCCCACTCTCTTCCGG-1,Layer_2,1
TCCCAGCACACGACAT-1,Layer_2,1
TCCCAGCTTTAGTCTG-1,Layer_1,1
TCCCAGGCTTAGCTAA-1,Layer_1,2
TCCCGCCTATGTGCGT-1,Layer_2,1
TCCCGCGTACTCCTGG-1,Layer_1,7
TCCCGGGTGTGCTGCT-1,Layer_2,1
TCCCGGTCAGGAATTT-1,Layer_2,1
TCCCGTCAGTCCCGCA-1,Layer_1,2
TCCCGTCGCGTCATAG-1,Layer_2,1
TCCCGTGTGCAATTTG-1,Layer_2,1
TCCCTAGATCAATAGG-1,Layer_2,1
TCCCTCTTCTCAAGGG-1,Layer_3,4
TCCCTGGCGTATTAAC-1,Layer_5,5
TCCCTGGCTCGCTGGA-1,Layer_2,4
TCCCTTAGATTACTCG-1,Layer_3,1
TCCCTTGTCTGAAACT-1,Layer_3,4
TCCGAACGTTGCCGCT-1,Layer_1,2
TCCGAACTTGGCTTAC-1,Layer_3,4
TCCGAAGTAGTCACCA-1,Layer_3,4
TCCGAATGGTCCTGAG-1,Layer_2,1
TCCGACCGCTAATCAA-1,Layer_6,5
TCCGAGAAGGCTAAGC-1,Layer_3,1
TCCGATAATTGCCATA-1,Layer_2,1
TCCGATGACTGAGCTC-1,Layer_1,2
TCCGATGGTGCGACAT-1,Layer_1,7
TCCGATTACATTGCCG-1,Layer_2,1
TCCGCAGCCACCTAGC-1,Layer_1,7
TCCGCCTGTCTACAAG-1,Layer_3,3
TCCGCGGCAGCATCTG-1,Layer_1,7
TCCGCGGCCCAATGAA-1,Layer_2,1
TCCGCTGTCATCCCGG-1,Layer_2,1
TCCGCTTATCCCATTA-1,Layer_3,4
TCCGGAGGAAGGGCTG-1,Layer_3,4
TCCGGCCTAGCGTACA-1,Layer_2,1
TCCGGCCTGCATCGAT-1,Layer_3,4
TCCGGCTGTCGGGTCG-1,Layer_3,1
TCCGGGCCACTAACGG-1,Layer_3,3
TCCGGGCTTGACGGGA-1,Layer_3,4
TCCGGTTCGTCCGGTC-1,Layer_3,3
TCCGTAACCACAATCC-1,Layer_1,7
TCCGTTAAGCTAATAT-1,Layer_2,2
TCCGTTTAGCCTTGAA-1,Layer_1,2
TCCTAAAGATTCAGAC-1,Layer_3,3
TCCTAAATTGGGAAGC-1,Layer_3,3
TCCTAACCGTCGGGCA-1,Layer_4,5
TCCTACATCCACGGCC-1,Layer_2,1
TCCTAGCAAAGAAGCT-1,Layer_3,4
TCCTATCATAGGTAAC-1,Layer_1,7
TCCTCCTAAGACATTC-1,Layer_4,3
TCCTCGGGCTGGGCTT-1,Layer_1,1
TCCTCTACGAGATGGC-1,Layer_1,2
TCCTCTCCAGTTGTCC-1,Layer_2,4
TCCTCTGGCCCATTAG-1,Layer_3,4
TCCTGCAGCCGCCAAT-1,Layer_5,5
TCCTGCCAACTGGAGA-1,Layer_3,4
TCCTGCGTTGATACTC-1,Layer_3,4
TCCTGGCGCTGCCTGG-1,Layer_3,4
TCCTTACGACGGTCCG-1,Layer_2,1
TCCTTCAATCCCTACG-1,Layer_4,3
TCCTTCAGTGGTCGAA-1,Layer_3,1
TCCTTGTCCTTTAATT-1,Layer_4,5
TCCTTTAAATCCGCTT-1,Layer_3,4
TCCTTTCTTACGCTTA-1,Layer_1,2
TCGAAATTTAGGACCA-1,Layer_1,2
TCGAAGAACCGAGCAC-1,Layer_1,7
TCGAATATCCCGCAGG-1,Layer_5,5
TCGAATCGCAGGGTAG-1,Layer_6,5
TCGACAACTGAACCCG-1,Layer_5,5
TCGACATAGCGTAGCG-1,WM,5
TCGACTGACGATGGCT-1,Layer_3,3
TCGAGACCAACACCGT-1,Layer_2,1
TCGAGCCAGGCAGGCC-1,Layer_4,5
TCGAGGGCAACAGACG-1,Layer_2,1
TCGAGTCTACGATTCG-1,Layer_6,5
TCGATAGGCTAGTCGC-1,Layer_3,1
TCGATTTACGAAACGA-1,Layer_5,5
TCGCAAAGATGCATTT-1,Layer_2,4
TCGCACCAGGAGGCAG-1,Layer_3,4
TCGCACTAACGTTTGT-1,Layer_1,7
TCGCATAAAGGGCGCA-1,Layer_3,4
TCGCATCCCTAAGTGT-1,Layer_1,7
TCGCATTCAATGACTT-1,Layer_2,1
TCGCCACCCGGATTAC-1,WM,6
TCGCCCACTGCGAGAG-1,Layer_3,4
TCGCCGAAGTTGCGTC-1,Layer_3,4
TCGCCGACATATTCGC-1,Layer_3,3
TCGCCGCACCGCGTGA-1,Layer_5,3
TCGCCGGATGGGCAAG-1,Layer_2,1
TCGCCGGTCGATCCGT-1,Layer_1,2
TCGCCTCCTTCGGCTC-1,Layer_4,3
TCGCGTAGCAGTGTCC-1,Layer_3,1
TCGCGTCCAGAAGGTC-1,Layer_2,1
TCGCTAAACCGCTATC-1,Layer_3,1
TCGCTACTGGCTTTGA-1,Layer_4,3
TCGCTCGATATATTCC-1,Layer_1,2
TCGCTCGGCACCAGCG-1,Layer_3,1
TCGCTGCCAATGCTGT-1,Layer_4,3
TCGCTGGGCGGATTGT-1,Layer_1,2
TCGCTGTGCGTAAATC-1,Layer_1,2
TCGCTTAATTACGAAG-1,Layer_3,3
TCGCTTTAAACGTTTG-1,Layer_2,1
TCGGAATGACCATCAA-1,Layer_3,4
TCGGAATGCGCTCTGA-1,Layer_2,1
TCGGACGCCCAGCCCA-1,Layer_1,7
TCGGAGAGTATCGGGA-1,Layer_3,3
TCGGAGTACATGAGTA-1,Layer_1,7
TCGGATCTGGATGACC-1,WM,6
TCGGCAGGGTTAAGGG-1,Layer_3,4
TCGGCGAACCCAAACC-1,Layer_1,2
TCGGCGTACTGCACAA-1,Layer_5,3
TCGGCTAACTTCCCTT-1,Layer_3,4
TCGGCTTGTATCGACG-1,Layer_3,4
TCGGGAACGTGCCTAG-1,Layer_2,1
TCGGGAGACAGCGTAC-1,Layer_3,3
TCGGGATTCAAACATA-1,Layer_3,4
TCGGGCACTTCTGGAT-1,,5
TCGGGCCGTCGTGGTA-1,Layer_1,7
TCGGGTGAAACTGCTA-1,Layer_3,1
TCGGTCCCGACAATAG-1,Layer_5,5
TCGGTCCCTGACTCCA-1,Layer_3,4
TCGGTGACCGCTCCGG-1,Layer_3,4
TCGGTTAGCCATGTAG-1,Layer_3,4
TCGTAACTCCCAAGAC-1,Layer_3,4
TCGTAAGACGACATTG-1,Layer_1,2
TCGTAAGCTCCGAGGA-1,Layer_3,4
TCGTACCGACGTCAAG-1,Layer_5,5
TCGTATAGTGCAATTA-1,Layer_2,1
TCGTATTACCCATTGC-1,Layer_3,4
TCGTATTTCGTCCGGA-1,Layer_3,4
TCGTCAAGTACGCGCA-1,Layer_4,3
TCGTCACACTGTTAGC-1,Layer_2,1
TCGTCCGCTGGCGTCT-1,Layer_1,7
TCGTCTTAGGCGTTAA-1,Layer_3,4
TCGTGTACTATGGATG-1,Layer_2,1
TCGTGTATTGGTCACG-1,Layer_1,2
TCGTGTCACGCTGACA-1,Layer_3,4
TCGTGTTCGACCACAA-1,Layer_3,1
TCGTTAGGAGTCCCTA-1,Layer_3,3
TCGTTCGTTATTATGT-1,Layer_3,1
TCGTTGACAGGGTCCC-1,Layer_3,1
TCGTTGCTATCCGGTC-1,Layer_3,3
TCGTTGGCTCGTCAAT-1,Layer_2,1
TCGTTTACGCGACCCT-1,Layer_3,3
TCTAAAGAACAGTCTC-1,Layer_5,5
TCTAACCTAGCCTGCG-1,Layer_3,3
TCTAACTGTATGTAAA-1,Layer_2,1
TCTAATACTGCCTCAG-1,Layer_5,5
TCTACACGTTCATGCA-1,Layer_3,4
TCTACCCAATAGAGAG-1,Layer_2,1
TCTACCCGCATCATTT-1,Layer_3,3
TCTACCGTCCACAAGC-1,Layer_1,7
TCTACGCACGATCTCC-1,WM,6
TCTACGGGCTCAGTTG-1,Layer_3,4
TCTAGCAATCTCCGCC-1,Layer_3,4
TCTAGCATCTTCGATG-1,Layer_1,7
TCTAGCATGCCCAGAA-1,Layer_3,4
TCTAGGTGGCGACGCT-1,Layer_1,2
TCTAGTGATATCGTGG-1,Layer_1,7
TCTAGTTATCAGAAGA-1,Layer_1,1
TCTATAGGTGGGTAAT-1,Layer_3,4
TCTATCATGCAGTTAC-1,Layer_1,7
TCTATCCGATTGCACA-1,Layer_4,3
TCTATCGGTCGCAACA-1,Layer_1,2
TCTATGCTATAACGAC-1,Layer_3,4
TCTATTACGCTGGCGA-1,Layer_1,2
TCTATTACTAGAGGAT-1,Layer_3,4
TCTCAAATCAATCGGG-1,Layer_3,3
TCTCAGGCTACTCGCT-1,Layer_3,3
TCTCATGAGATAGGGT-1,Layer_2,1
TCTCCAACGTAGGTTA-1,Layer_2,1
TCTCCACAAGTTGAAT-1,Layer_3,4
TCTCCCTGGGCAGCGT-1,Layer_3,4
TCTCGAACGAGGTCAC-1,Layer_3,4
TCTCGACGTATCGCCG-1,Layer_1,7
TCTCGAGGAGGTTCGC-1,Layer_1,2
TCTCGGCTCCAGGACT-1,Layer_1,7
TCTCGTGTTACGAGGA-1,Layer_4,3
TCTCTAATAGCTGGTA-1,Layer_1,7
TCTCTCGCCGCACATA-1,Layer_2,1
TCTCTTACCGCGAACC-1,Layer_5,5
TCTGAACCGGTCGGCT-1,Layer_1,7
TCTGAACTCGTACCCG-1,Layer_1,2
TCTGAAGCACGTGGTC-1,Layer_3,4
TCTGAATTCCGTACAA-1,Layer_1,7
TCTGACGGGCTAACCC-1,Layer_3,1
TCTGAGCAATTGACTG-1,Layer_2,1
TCTGATCGGGTGCTAG-1,Layer_2,1
TCTGATGTATTCTGTC-1,Layer_3,1
TCTGATTGGAAATGGA-1,Layer_2,1
TCTGCACCATTAGTAA-1,Layer_3,4
TCTGCAGATTCGAGTC-1,Layer_2,1
TCTGCATACCTTGCTT-1,Layer_3,4
TCTGCCAGAAACTGCA-1,Layer_1,1
TCTGCGAATCGTTCGC-1,Layer_3,4
TCTGCGTCCGGTTTCT-1,Layer_1,7
TCTGCTTAGAACAAGC-1,Layer_1,7
TCTGGAGCGTAAGAGT-1,Layer_1,2
TCTGGCCGTTCAAGTT-1,Layer_1,1
TCTGGCGCAAGCCGGG-1,Layer_3,4
TCTGGGAACCTTTGAA-1,Layer_1,7
TCTGGGTAGCGCTCAT-1,Layer_3,4
TCTGTCATACAAGAGC-1,Layer_2,1
TCTGTGCCATCATAGT-1,Layer_1,7
TCTGTTACCCAGCATA-1,Layer_3,3
TCTTAACTCGGATGTA-1,Layer_1,7
TCTTACAGAGGTACCG-1,Layer_1,2
TCTTACCGGAACTCGT-1,Layer_2,1
TCTTACGGCATCCGAC-1,Layer_1,2
TCTTACTTATGCCTCT-1,Layer_1,7
TCTTAGAGCTCCAATT-1,Layer_1,7
TCTTAGAGTGAACTCT-1,Layer_1,7
TCTTATGGGTAGTACC-1,,5
TCTTCCCATGGGCACA-1,Layer_1,2
TCTTCGAATAGACGTT-1,Layer_1,1
TCTTCGATACCAATAA-1,Layer_1,7
TCTTCGCGGTGAGAGG-1,Layer_3,1
TCTTCTATAACCCGCC-1,Layer_1,7
TCTTGATGCGTAGCGA-1,Layer_1,7
TCTTGCTCCCGATACT-1,Layer_4,3
TCTTGGTAACACCAAA-1,Layer_1,2
TCTTGGTCAATGATAC-1,WM,6
TCTTTAAGACTATGAA-1,Layer_1,7
TCTTTAGAGTCTAACA-1,Layer_1,2
TCTTTAGCAGGCGAAC-1,Layer_2,1
TCTTTCATCCGTCCTT-1,WM,6
TCTTTCCTTCGAGATA-1,Layer_2,1
TCTTTCTCTTAAGGAG-1,Layer_3,4
TGAAACTTATGCAAGC-1,Layer_3,1
TGAAAGGACCTGACTC-1,Layer_1,7
TGAACAAGCAGGGACT-1,Layer_5,5
TGAACTGCTATGACTT-1,Layer_4,3
TGAAGAGCGGTCCTAG-1,Layer_1,7
TGAAGTAGCTTACGGA-1,Layer_1,7
TGAATACCGACGCGTA-1,Layer_3,3
TGAATATGCTATAAAC-1,Layer_3,4
TGAATGAGATACAGCA-1,Layer_3,4
TGAATGAGTGTTTCCC-1,Layer_5,5
TGAATGTCAGCCGGCC-1,Layer_1,7
TGAATTTCACTTGCCT-1,Layer_4,3
TGACAACGCATGTCGC-1,Layer_1,2
TGACAACTTAAAGGTG-1,WM,6
TGACACTTCTCTTTGC-1,Layer_3,4
TGACAGGACAAGTCCA-1,Layer_5,5
TGACATATATGACGAT-1,Layer_3,3
TGACATCGAGCGGACC-1,Layer_1,7
TGACATGTAACGTGAC-1,Layer_5,5
TGACCAAATCTTAAAC-1,Layer_4,3
TGACCAGCTTCAAAGT-1,Layer_3,4
TGACCCACGTTAGACA-1,Layer_1,1
TGACGAATATTTCCCT-1,Layer_3,3
TGACGATGCACTAGAA-1,Layer_1,7
TGACTATAATCCTTTC-1,Layer_3,4
TGACTCCGAATCATAC-1,Layer_6,5
TGACTCTAACTGGTAA-1,Layer_3,4
TGAGAATGCTTTACCG-1,Layer_1,2
TGAGACGTACCTCTCA-1,Layer_3,3
TGAGAGATTTACCACG-1,Layer_1,7
TGAGATCAAATACTCA-1,Layer_3,1
TGAGATTAGGCCCTAA-1,Layer_3,4
TGAGCAGTCGTGAAGT-1,Layer_3,1
TGAGCCATACAGTCTC-1,Layer_3,4
TGAGCGGAAAGTGTTC-1,Layer_3,3
TGAGCTCAACTGTATA-1,Layer_2,1
TGAGCTTTAATGACGC-1,Layer_3,1
TGAGGAGTGCCAGCTT-1,Layer_3,3
TGAGGCATGTACTGTG-1,Layer_6,5
TGAGGTGTGTGGCGGA-1,Layer_5,5
TGAGGTTGATCCCAAG-1,,5
TGAGTAAATTAGCGTA-1,Layer_3,4
TGAGTGCCTCTTAAAT-1,Layer_3,4
TGAGTGGTCCGTGACG-1,Layer_1,7
TGAGTGTAACAACGGG-1,Layer_3,3
TGAGTTAAAGACATTC-1,Layer_1,7
TGATACATTTAGCCGT-1,Layer_4,3
TGATAGCGGGATTCTA-1,Layer_2,1
TGATCACCACACTGAC-1,Layer_5,5
TGATCAGGGAACTGCT-1,Layer_3,4
TGATCCCAGCATTAGT-1,Layer_2,1
TGATCGGTTTGACCCT-1,Layer_1,7
TGATCTACGCTGATCT-1,Layer_3,4
TGATCTATCACACTCT-1,Layer_3,3
TGATCTCCGGCGCCAG-1,Layer_1,7
TGATGGCTGTTTCTGA-1,Layer_2,1
TGATGTCAATTAAGTG-1,Layer_3,1
TGATTATGGCACGCAG-1,Layer_3,4
TGATTCAGGTCCCGCG-1,Layer_5,3
TGATTCCCGGTTACCT-1,Layer_4,5
TGATTCGTCTATCACT-1,Layer_1,1
TGATTCTGTCGCCGGT-1,Layer_3,3
TGATTTATTAGCTGTG-1,Layer_3,4
TGATTTCCTCCTGACG-1,Layer_1,7
TGCAAACGTACTAGTT-1,Layer_6,5
TGCAAAGTTCGTCTGT-1,Layer_5,5
TGCAACCCATCTGCGG-1,Layer_3,4
TGCAACTACTGGTTGA-1,Layer_3,3
TGCAAGAATGACGTAA-1,Layer_1,2
TGCAATCTAACACGGT-1,Layer_3,4
TGCAATTTGGGCACGG-1,Layer_3,4
TGCACAGTGAAGTTAT-1,Layer_3,4
TGCACGAGTCGGCAGC-1,Layer_3,4
TGCACTATGTGAGTGC-1,Layer_1,7
TGCAGAACTATATCGT-1,Layer_3,4
TGCAGAGTACCGAGCA-1,Layer_2,1
TGCAGATCGTCCTAGG-1,Layer_3,4
TGCAGCTACGTACTTC-1,Layer_3,4
TGCAGGATCGGCAAAG-1,Layer_1,2
TGCAGTGAGGCTCGGG-1,Layer_3,4
TGCAGTGGTAGGGAAC-1,WM,5
TGCAGTTTCCTCCCAT-1,Layer_1,7
TGCATATGTCTGTCAC-1,Layer_1,7
TGCATGGATCGGATCT-1,Layer_2,1
TGCATGTGACCCATAG-1,Layer_6,5
TGCATGTGGTAATCTA-1,Layer_1,2
TGCCAAAGTCAGACTT-1,Layer_3,4
TGCCAATGGGTACTCT-1,Layer_3,3
TGCCACACTAGAGGAA-1,Layer_4,3
TGCCACCTGGCGAAAC-1,Layer_2,1
TGCCAGTACGTGGAGA-1,Layer_3,4
TGCCATGGCTTATAAG-1,Layer_3,4
TGCCATTACTAAAGAA-1,Layer_2,1
TGCCCGATAGTTAGAA-1,Layer_4,3
TGCCCGTACCGTTAAA-1,Layer_2,1
TGCCGAAAGCGTATTC-1,Layer_2,1
TGCCGGATGTACGAGC-1,Layer_5,5
TGCCGTGGATCGTCCT-1,Layer_3,3
TGCCGTGGGACCCAAT-1,Layer_5,5
TGCCGTTCTTAATCGG-1,Layer_6,5
TGCCTAAATTTAATAG-1,Layer_1,2
TGCCTAATTGAAGATT-1,Layer_2,1
TGCCTGACATCGGTCA-1,Layer_1,7
TGCCTGATCAAACGAT-1,Layer_2,1
TGCCTTGGCCAGGCAA-1,Layer_3,4
TGCGAATATGGGATTT-1,Layer_4,3
TGCGACACCCTAGTGC-1,Layer_3,4
TGCGACGGCCGAACGT-1,Layer_5,5
TGCGAGAATATTACCC-1,Layer_3,3
TGCGAGATGGCGGCCA-1,Layer_3,4
TGCGAGCCCTTCCGCG-1,Layer_3,4
TGCGATGCTAATGGCT-1,Layer_1,7
TGCGCAAAGCATTTGG-1,Layer_1,7
TGCGCCGTTAATAACG-1,Layer_1,7
TGCGCGATTAACGGAG-1,Layer_1,7
TGCGGACTTGACTCCG-1,Layer_4,3
TGCGGAGTAAAGGTGC-1,Layer_1,2
TGCGGCATAGTTCAAC-1,Layer_2,1
TGCGGTGAAATTTCAT-1,Layer_3,1
TGCGTAAGAACCTGAT-1,Layer_3,4
TGCGTACGGCTAATTG-1,Layer_3,4
TGCGTCATGACTGAGC-1,Layer_4,5
TGCGTGATTGGGTGTC-1,Layer_1,7
TGCGTTTGTTGACACT-1,Layer_2,1
TGCTAAGTGTCTATTT-1,Layer_3,1
TGCTATACAAACGGAC-1,Layer_3,4
TGCTATGGCAAAGGGA-1,Layer_6,5
TGCTCAAAGGATGCAC-1,WM,6
TGCTCCACAGTTCTTA-1,Layer_1,7
TGCTCGGCGAAACCCA-1,Layer_3,3
TGCTCGGTGGGTCACC-1,Layer_4,3
TGCTCTGCCGGTTCAC-1,Layer_3,1
TGCTCTTGAGAGTTTG-1,Layer_4,3
TGCTGGTTGGACAATT-1,Layer_1,7
TGCTGTTGAAGAACTC-1,Layer_1,1
TGCTTAGAGAGAATGC-1,Layer_5,5
TGCTTCCCAAGCAGTA-1,Layer_3,3
TGCTTGAAACCATGCA-1,Layer_1,2
TGGAACCACTGACACA-1,Layer_3,1
TGGAAGAAGGGAACGT-1,Layer_3,4
TGGAAGACGAACACCA-1,Layer_2,1
TGGAAGGATAAAGATG-1,Layer_1,1
TGGAATATCCTTGACC-1,Layer_3,1
TGGAATTAGACGCTTT-1,Layer_2,1
TGGACACCGTTGCTTG-1,Layer_1,7
TGGACCAATCTAAGAT-1,Layer_3,3
TGGACCACGGCGTTGA-1,Layer_2,1
TGGACGCAATCCAGCC-1,Layer_5,5
TGGACGTAGGCGAATC-1,Layer_1,2
TGGACTGTTCGCTCAA-1,Layer_1,2
TGGAGAATAATCGTCC-1,Layer_6,5
TGGAGCTAAAGTTCCC-1,Layer_3,4
TGGAGGGAAACACCTC-1,Layer_3,4
TGGAGTGATGCGATGA-1,Layer_1,2
TGGATAGAGTAACAGA-1,Layer_1,2
TGGATGGCATCTTGGA-1,Layer_6,5
TGGCAAACTAAATTAC-1,Layer_3,4
TGGCAACTCGCGCGCC-1,Layer_2,1
TGGCAAGCACAAGTCG-1,Layer_5,5
TGGCAATGGGACGGCG-1,Layer_2,1
TGGCACGAGCTCGAGT-1,Layer_3,4
TGGCAGATTACGATCA-1,Layer_3,4
TGGCAGCAGTAATAGT-1,Layer_2,1
TGGCATGAAGTTTGGG-1,Layer_5,5
TGGCCAAACTGAAGTA-1,Layer_1,2
TGGCCAATTTGGTACT-1,Layer_5,5
TGGCCGTATATTGACC-1,Layer_1,2
TGGCGACTGCTCCAAA-1,Layer_3,3
TGGCGATCAAGTTATG-1,Layer_3,3
TGGCGGTGTGCGATTG-1,Layer_3,1
TGGCTACACTCTACCT-1,Layer_3,4
TGGCTATGTGACATAC-1,Layer_3,4
TGGCTCTTGTCGCGTA-1,Layer_3,3
TGGCTTATGTATAATG-1,Layer_6,5
TGGCTTGTACAAGCTT-1,Layer_3,4
TGGCTTTGGGTAGACA-1,Layer_1,2
TGGGAAATGCCTTTCC-1,Layer_1,7
TGGGATGCACTCATTC-1,Layer_3,4
TGGGCAATAGTTGGGT-1,Layer_1,7
TGGGCACAAACAGAAC-1,Layer_3,1
TGGGCACGTTCTATGG-1,Layer_3,1
TGGGCAGGCCACCGCA-1,Layer_2,1
TGGGCCACAAGAGCGC-1,Layer_2,1
TGGGCCCATACTAATT-1,Layer_2,1
TGGGCGATACAATAAG-1,Layer_5,5
TGGGTAAGGTTCCCGC-1,Layer_3,4
TGGGTGCACAAGCCAT-1,Layer_3,3
TGGGTGGGATGTCATT-1,Layer_3,4
TGGGTGTAATAGATTT-1,Layer_3,4
TGGGTGTTAAGTAGAA-1,Layer_5,5
TGGGTTCCCGGACGGA-1,Layer_1,7
TGGGTTTCGGGCGTAC-1,WM,5
TGGTAAGCAGGATTGA-1,Layer_3,3
TGGTAGAATATATGGG-1,Layer_1,2
TGGTATCGCATCCCAA-1,Layer_3,1
TGGTATCGGTCTGTAT-1,Layer_3,1
TGGTCCCACGCTACGG-1,Layer_3,4
TGGTCGATATACCTCT-1,Layer_6,5
TGGTCGGGTACAGGGC-1,WM,6
TGGTCGTGCAAGGCAA-1,Layer_4,3
TGGTCTAGCTTACATG-1,Layer_1,7
TGGTCTGTTGGGCGTA-1,Layer_3,4
TGGTGATCGTATTTGT-1,Layer_2,1
TGGTGCCCTGCCTTAC-1,Layer_6,5
TGGTTAACTTACATTT-1,Layer_6,5
TGGTTAAGGGCGCTGG-1,Layer_3,1
TGGTTATGCTTGCGGT-1,Layer_2,1
TGGTTCAACGGGTAAT-1,Layer_3,4
TGGTTCGTAGCAAAGG-1,Layer_1,7
TGGTTGGAGGATCCTG-1,Layer_3,4
TGGTTTAAACGTGGGT-1,Layer_3,1
TGTAATGACCACAATA-1,Layer_3,4
TGTACCCGACCCTAAT-1,WM,6
TGTACCTACACGAGGG-1,Layer_3,4
TGTACGAACAAATCCG-1,Layer_2,1
TGTACTACTCTCACGG-1,Layer_3,4
TGTACTATCGCTCGTT-1,Layer_4,3
TGTACTGTGCCAAAGT-1,Layer_3,1
TGTACTTCCGGGCATG-1,Layer_3,4
TGTAGCCAATTCCGTT-1,Layer_4,3
TGTAGCCATCCCATTC-1,Layer_3,4
TGTAGGAGAAATTTCC-1,Layer_1,7
TGTAGTGATCTATAAT-1,Layer_2,1
TGTATAACAGATCCTG-1,Layer_1,2
TGTATACGGATGATGA-1,Layer_3,4
TGTATCAGACTGAAGC-1,Layer_3,4
TGTATCCTTATTCCAT-1,Layer_2,1
TGTATGGCGCAGACAG-1,Layer_1,7
TGTATTTACCTAATGC-1,Layer_3,4
TGTCATTTGTTGGGAA-1,Layer_3,4
TGTCCACGGCTCAACT-1,Layer_3,4
TGTCCCGACATAGCAC-1,Layer_3,1
TGTCCGCAAACAATTC-1,Layer_6,5
TGTCCGTGGCGCCTTT-1,Layer_2,1
TGTCCTAAGTCACCGC-1,Layer_2,4
TGTCGGCATGGTGGAA-1,Layer_2,1
TGTCGTGGGTATAGGC-1,Layer_5,5
TGTCGTTATCACATAT-1,Layer_6,5
TGTCTACAGTTTCTGT-1,Layer_2,1
TGTGACTACGCCAGTC-1,Layer_1,2
TGTGACTAGAGTTTGC-1,Layer_3,4
TGTGAGACTAGCCCAA-1,Layer_3,3
TGTGCCAGAGGCAAAG-1,Layer_6,5
TGTGCCGGTGCCGGAA-1,Layer_2,1
TGTGCTTTACGTAAGA-1,Layer_3,4
TGTGGACTATCTACGT-1,Layer_1,2
TGTGGAGGAAGCTTAA-1,Layer_3,4
TGTGGCAAAGCGTATG-1,Layer_1,2
TGTGGCGGGCTTCTGG-1,Layer_4,3
TGTGGCTCCCACCAAC-1,Layer_1,7
TGTGGTAGGGTGCCTT-1,Layer_1,2
TGTGGTTGCTAAAGCT-1,Layer_5,5
TGTGTAGTAGCACGTG-1,Layer_3,1
TGTGTCGAAGTCGAGG-1,Layer_4,3
TGTGTCGCGAGTTGCA-1,Layer_1,7
TGTGTGACCATGAATC-1,Layer_5,5
TGTGTTCGTATCCAAG-1,Layer_2,4
TGTTAACAAAGTGACT-1,Layer_3,4
TGTTATTGTATGTGGC-1,Layer_1,2
TGTTCATAAATGTGCT-1,Layer_2,1
TGTTCCGCTTCCATGA-1,Layer_2,1
TGTTCCGGCCTGAGCT-1,Layer_5,5
TGTTCGTATTGCGGTG-1,Layer_3,4
TGTTCTCATACTATAG-1,Layer_3,3
TGTTCTCTACTCCCTA-1,Layer_3,3
TGTTCTTCCATTGACT-1,Layer_1,1
TGTTGCCGTCGTCCCA-1,Layer_1,7
TGTTGTCAAGAAGTCT-1,Layer_2,1
TGTTTAATACTTCATC-1,Layer_3,4
TGTTTCGGTACTTCTC-1,Layer_1,2
TGTTTCTGAAGCGTGC-1,WM,6
TGTTTGAGATCGTCAG-1,Layer_1,2
TTAAACAGAGTCCCGC-1,Layer_2,1
TTAAACCGGTAGCGAC-1,Layer_3,1
TTAAACCTGGTTCCTT-1,Layer_2,1
TTAAACTCGAATTCAT-1,Layer_1,2
TTAAAGGCGATGCTCG-1,Layer_6,5
TTAAAGTAAGTCGCCA-1,Layer_3,4
TTAACACCTCGAACAT-1,Layer_1,2
TTAACCAACCCTCCCT-1,Layer_1,2
TTAACCCGAGGCGTGT-1,Layer_3,3
TTAACGAACAAGCAGT-1,Layer_3,4
TTAACGTCGCAAGACC-1,Layer_3,1
TTAACGTTAAAGCCTG-1,Layer_3,4
TTAACTCACGCGTGGA-1,Layer_1,1
TTAACTGATCGTTTGG-1,Layer_3,4
TTAACTTCAGGTAGGA-1,Layer_3,3
TTAAGACGAACGAACC-1,Layer_3,4
TTAAGATACCCAGAGA-1,WM,6
TTAAGATAGGATTGAC-1,Layer_1,7
TTAAGCCGACAACTTC-1,Layer_3,1
TTAAGCGCCTGACCCA-1,Layer_1,2
TTAAGGATACGGAGGT-1,Layer_3,1
TTAAGGCCCGTACTTT-1,Layer_5,5
TTAAGTATTGTTATCC-1,Layer_3,4
TTAATCAGTACGTCAG-1,Layer_2,1
TTAATGCGAGGTAACT-1,Layer_3,4
TTAATGTAGACCAGGT-1,Layer_1,7
TTAATGTGTTTGCAGG-1,Layer_1,7
TTAATTGCTTTGGGTG-1,Layer_3,3
TTAATTTCAGACGCGG-1,Layer_2,1
TTACAACTACGCATCC-1,Layer_1,7
TTACACGATCTGCGAC-1,Layer_3,4
TTACAGACCTAAATGA-1,Layer_2,1
TTACATCGTGGCCTGG-1,Layer_1,7
TTACATGCCACAACTA-1,Layer_1,7
TTACCATTGATTACCC-1,Layer_2,4
TTACCCATTGCCGGGT-1,Layer_3,1
TTACCCTAACAGTCCT-1,Layer_1,2
TTACCCTAGGGATTGG-1,Layer_4,3
TTACCGCCTTAGGGAA-1,Layer_1,2
TTACGGATGGTTCGAG-1,Layer_1,7
TTACGGTGTCACCGAG-1,Layer_3,1
TTACGTAGCGCGTGCT-1,,3
TTACGTATCTATGACA-1,Layer_3,4
TTACTAAAGGACTTTA-1,Layer_2,4
TTACTATCGGCTTCTC-1,Layer_3,4
TTACTCCGGCCGGGAA-1,Layer_1,7
TTACTCTGGTACGTAC-1,Layer_3,4
TTACTGGGATATTTCA-1,Layer_3,4
TTACTGTCTAGAGCTC-1,Layer_3,4
TTAGAAGAACATGACT-1,Layer_3,4
TTAGAATAAGGGTCGG-1,Layer_4,3
TTAGACACGATCGTTG-1,Layer_3,1
TTAGACGAGTCACCTC-1,Layer_2,1
TTAGAGGGATATACAG-1,Layer_5,5
TTAGAGTATTGTCGAG-1,WM,6
TTAGAGTTTAGAAGGA-1,Layer_2,1
TTAGATAGGTCGATAC-1,Layer_1,7
TTAGCAACATGGATGT-1,Layer_1,7
TTAGCCATAGGGCTCG-1,WM,6
TTAGCGAATAGATAGG-1,Layer_4,3
TTAGCTAATACGATCT-1,Layer_3,1
TTAGCTCTGTAATCCG-1,Layer_3,4
TTAGCTGATTTGCCGT-1,Layer_1,7
TTAGGATGGGAGGGTA-1,Layer_1,7
TTAGGTCATAACCGAC-1,Layer_4,5
TTAGTAAACCTGCTCT-1,Layer_3,4
TTAGTAGGGCGGCGGG-1,Layer_3,4
TTAGTTATTCGTGGCA-1,Layer_2,1
TTAGTTCAAGTGTTCG-1,Layer_3,4
TTATAGATGCACATTA-1,Layer_3,4
TTATAGGTAATTGTCT-1,Layer_3,3
TTATATACGCTGTCAC-1,Layer_1,2
TTATATTTGGCAATCC-1,Layer_1,7
TTATCCAATCGAACTC-1,Layer_1,2
TTATCCGGGATCTATA-1,Layer_2,1
TTATCCTCAAGGAATA-1,Layer_4,5
TTATCGCCTGCGAAGC-1,Layer_2,1
TTATCTGACATTAGGA-1,Layer_4,3
TTATCTGTATCATAAC-1,Layer_1,7
TTATGAATGAAAGGGA-1,Layer_2,1
TTATGACAAACTGGAT-1,Layer_1,2
TTATGATCTTAACGAA-1,Layer_1,7
TTATGCGTCCCGGTCC-1,Layer_3,1
TTATGTTTGCGATAGA-1,Layer_2,1
TTATTAGAGCGTGTTC-1,Layer_2,4
TTATTAGGGAAGCATC-1,Layer_2,1
TTATTATCTGGAAGGC-1,Layer_2,1
TTATTTAGGTTCCTTA-1,Layer_3,4
TTCAAAGTCTCTAGCC-1,Layer_1,7
TTCAACGACCCGACCG-1,Layer_1,7
TTCAAGCCGAGCTGAG-1,Layer_3,1
TTCAATACTCTGAATC-1,Layer_1,7
TTCAATTAGCCATAAT-1,Layer_3,4
TTCACGAAAGGATCAC-1,Layer_2,1
TTCACGGTCGTCACGT-1,WM,5
TTCACTCGAGCACCTA-1,Layer_3,4
TTCACTTCCTAGAACG-1,Layer_5,5
TTCAGAGTAACCTGAC-1,Layer_2,1
TTCAGCCCTGGTCCAC-1,Layer_2,1
TTCAGCTGGCGTGCCC-1,Layer_3,1
TTCAGGCGTCAAAGCC-1,Layer_3,4
TTCAGTTCAAGAGGAG-1,Layer_6,5
TTCAGTTTGTGGCAGC-1,Layer_2,1
TTCATAGCCTTGTAAC-1,Layer_2,1
TTCATAGGGTGTCCAT-1,Layer_1,7
TTCATGGCGCAACAGG-1,Layer_2,1
TTCCAATCAGAGCTAG-1,Layer_2,1
TTCCAATCTGGCTATC-1,Layer_3,4
TTCCACACAGATTTGA-1,Layer_3,3
TTCCAGACGAGATTTA-1,Layer_1,7
TTCCAGTGGGTTTCGT-1,Layer_6,5
TTCCATCATGCGGTGA-1,Layer_3,4
TTCCATCGACAGCGTG-1,Layer_3,4
TTCCCAAAGTACTGAT-1,Layer_3,3
TTCCCGGCGCCAATAG-1,Layer_4,3
TTCCGCAGAGAAATAT-1,Layer_3,1
TTCCGCGTGAGGCGAT-1,Layer_3,4
TTCCGGCCTTGAGGCT-1,Layer_3,3
TTCCGGCTCGACTTCT-1,Layer_3,4
TTCCGGTATCTGTGTC-1,Layer_1,7
TTCCGGTTACCCACTT-1,Layer_2,1
TTCCTCGAGGGTGTCT-1,Layer_1,7
TTCCTCGGACTAACCA-1,Layer_2,1
TTCCTCTGCCCGAATA-1,Layer_3,4
TTCCTTTCTGTGTTGC-1,Layer_1,2
TTCGAACGAAACATGC-1,Layer_6,5
TTCGACAGAGCCCGTG-1,Layer_3,4
TTCGACGGGAAGGGCG-1,Layer_1,7
TTCGCACTCGCGTGCT-1,Layer_1,7
TTCGCACTGTACGACA-1,Layer_4,3
TTCGCATCCGGAAGCA-1,Layer_1,2
TTCGCCGCTCGCGCTA-1,Layer_6,5
TTCGCGCGCCATACGA-1,Layer_4,3
TTCGCTAGGAAGTTGT-1,Layer_1,7
TTCGCTATCTGACGTG-1,Layer_3,1
TTCGGACTGATGCCTT-1,Layer_3,4
TTCGGACTGGGCATGG-1,WM,6
TTCGGCAACCCGCTGA-1,Layer_3,1
TTCGGCTAGAGATGGT-1,Layer_1,7
TTCGGGACTAATCGCG-1,Layer_1,2
TTCGGGCGCTAGTCTT-1,Layer_4,3
TTCGGGTTGCCACGGG-1,Layer_3,1
TTCGGTACTGTAGAGG-1,Layer_4,3
TTCGGTGGAGACGCCC-1,Layer_1,7
TTCGTAATCCCAGCGG-1,Layer_3,4
TTCGTACTCCAGAACG-1,Layer_2,1
TTCGTGCATGTTATAG-1,Layer_6,5
TTCGTTCAACGAAGTT-1,Layer_3,1
TTCTAACCGAAGCTTA-1,Layer_1,7
TTCTACCTCAATCGGT-1,WM,5
TTCTACCTTTATGTTG-1,Layer_3,4
TTCTACTTGCGAGGGC-1,Layer_1,7
TTCTAGAAAGTCTTAT-1,Layer_4,3
TTCTAGGCCAATTGTG-1,Layer_1,7
TTCTATGCCTTTCGCA-1,Layer_3,1
TTCTATTAAACGCAGC-1,Layer_5,5
TTCTCAATTGCTACAA-1,WM,6
TTCTCTTACAGGTGAT-1,WM,5
TTCTGACCGGGCTCAA-1,Layer_3,4
TTCTGCCGCGCCTAGA-1,Layer_3,4
TTCTGCGAGCGCCCTT-1,Layer_3,4
TTCTGCGGGTTAGCGG-1,Layer_1,2
TTCTGCTAGACTCCAA-1,Layer_2,1
TTCTGTTTCCTGTCGC-1,Layer_1,7
TTCTTAGTGAACGGTG-1,Layer_1,7
TTCTTAGTGGCTCAGA-1,Layer_2,1
TTCTTATCCGCTGGGT-1,Layer_1,2
TTCTTCCCTTTGATAT-1,Layer_3,4
TTCTTCGCAATAGAGC-1,Layer_3,4
TTCTTGAGCCGCGCTA-1,Layer_3,3
TTCTTGCTAGCATCTC-1,Layer_1,7
TTCTTGGACGATCTGC-1,Layer_4,3
TTCTTGGAGTAATGAG-1,Layer_2,1
TTCTTGTAACCTAATG-1,Layer_1,7
TTCTTGTGTCCATCAG-1,Layer_3,4
TTCTTTGGTCGCGACG-1,Layer_3,1
TTGAAACCCTCATTCC-1,Layer_3,4
TTGAAAGGTGTAAAGG-1,Layer_3,4
TTGAACGAATCCTTTG-1,Layer_1,7
TTGAACGACGTGCTGA-1,Layer_3,4
TTGAAGAATTCCCAGG-1,Layer_1,1
TTGAAGGATGGGCGCC-1,Layer_6,5
TTGAAGTGCATCTACA-1,Layer_3,3
TTGAATATGGACTTTC-1,Layer_1,7
TTGAATCGTTGTATAA-1,Layer_5,3
TTGAATTCACGTGAGG-1,Layer_1,7
TTGACAGGAGCTCCCG-1,Layer_1,2
TTGACATGAACGTGGA-1,Layer_3,4
TTGACCAGGAACAACT-1,Layer_3,4
TTGACCATGTTCTCCG-1,Layer_1,1
TTGACCGTGTTAATGA-1,Layer_3,3
TTGACGATTCAGCACG-1,Layer_3,1
TTGACGCTCCATGAGC-1,Layer_1,7
TTGACTACCATATGGT-1,Layer_3,4
TTGACTATTGTCCGGC-1,Layer_1,7
TTGAGAAGTTTAGCAT-1,Layer_3,4
TTGAGAGTACTGCTAA-1,Layer_3,4
TTGAGCAGCCCACGGT-1,Layer_1,7
TTGAGCGCCACGTGAT-1,Layer_1,2
TTGAGGCATTTAACTC-1,Layer_3,4
TTGAGTCCCGCTGCTG-1,Layer_1,2
TTGATAGTCAATACAT-1,Layer_3,1
TTGATCTAACTTTGTC-1,Layer_1,2
TTGATGCCGCTCGTCG-1,Layer_6,5
TTGATGTGTAGTCCCG-1,Layer_2,1
TTGATTAGCTGTTTCT-1,Layer_3,3
TTGATTATGCAGATGA-1,Layer_1,2
TTGCAAGAAGACTCCT-1,Layer_4,5
TTGCACAATTCAGAAA-1,Layer_3,4
TTGCACGGAGCAGCAC-1,Layer_1,2
TTGCATGCTGATCACG-1,Layer_3,4
TTGCCAAGCAGAACCC-1,Layer_1,7
TTGCCATAGCCCGCTC-1,Layer_4,5
TTGCCCTGATCACGGG-1,Layer_3,4
TTGCCGCAGACCTACA-1,Layer_6,5
TTGCCGCTTTCTAGTA-1,Layer_3,3
TTGCCGGTGATCCCTC-1,Layer_3,4
TTGCCTAATCCAAAGT-1,WM,5
TTGCCTTCTCGCCGGG-1,Layer_3,4
TTGCGCACAACCACGT-1,Layer_3,3
TTGCGCTCTCTCGCTT-1,Layer_2,2
TTGCGCTTGATCAATA-1,Layer_3,4
TTGCGGAAAGCTGCCC-1,Layer_6,5
TTGCGGCATCAGAAAG-1,Layer_3,3
TTGCGGCGACTCATGC-1,Layer_3,4
TTGCGTAGTTTGAGGA-1,Layer_1,1
TTGCGTCGGCCAACCG-1,Layer_3,3
TTGCGTGAACGCTTAG-1,Layer_3,4
TTGCGTGTGTAGGCAT-1,Layer_3,3
TTGCTCATAGTACGTG-1,Layer_3,4
TTGCTCCCATACCGGA-1,Layer_1,2
TTGCTGAAGGAACCAC-1,Layer_1,2
TTGCTGATCATGTTCG-1,Layer_1,2
TTGCTGCACCTATCCA-1,Layer_1,7
TTGCTGGCCGGGCTTC-1,Layer_3,4
TTGGAAGAATACAGTC-1,Layer_4,3
TTGGACATGTGGCTTA-1,Layer_3,4
TTGGACCATCTGGCAA-1,Layer_1,2
TTGGACCTATAACAGT-1,Layer_3,4
TTGGAGTCTCCCTTCT-1,Layer_3,1
TTGGATATCGTCTACG-1,Layer_3,3
TTGGATCGACTTCTGG-1,Layer_3,1
TTGGATTGGGTACCAC-1,Layer_1,2
TTGGCCAAATTGTATC-1,Layer_4,3
TTGGCCATCTTGCGCT-1,Layer_1,7
TTGGCCTAGAATTTCG-1,Layer_3,1
TTGGCGATCCGAATAT-1,Layer_2,1
TTGGCTCAATATGTGT-1,Layer_3,4
TTGGCTCGCATGAGAC-1,Layer_1,7
TTGGGAAGACGAGCCG-1,Layer_4,3
TTGGGACACTGCCCGC-1,Layer_1,7
TTGGGACGTAAGAGTT-1,Layer_1,2
TTGGGCGGCGGTTGCC-1,Layer_1,2
TTGGGTTTATTCAGCG-1,Layer_3,4
TTGGTATGGCTTGTGT-1,Layer_2,1
TTGGTCACACTCGTAA-1,Layer_3,3
TTGGTTCGCTCAAAGG-1,Layer_1,2
TTGGTTGCGGTGCGCG-1,Layer_4,5
TTGTAAGGACCTAAGT-1,Layer_3,3
TTGTAAGGCCAGTTGG-1,Layer_1,2
TTGTAATCCGTACTCG-1,Layer_1,1
TTGTACACCTCGAACA-1,Layer_5,5
TTGTATCACACAGAAT-1,Layer_3,1
TTGTCACCGCGGTATC-1,Layer_5,5
TTGTCGTTCAGTTACC-1,Layer_1,7
TTGTCTCGGCAAGATG-1,Layer_6,5
TTGTGAACCTAATCCG-1,Layer_3,4
TTGTGAGGCATGACGC-1,Layer_4,3
TTGTGATCTGTTCAGT-1,Layer_3,4
TTGTGCAGCCACGTCA-1,Layer_3,3
TTGTGCGGAAGCGGAT-1,WM,5
TTGTGGAGACAGCCGG-1,WM,6
TTGTGGCCCTGACAGT-1,Layer_1,2
TTGTGGTAGGAGGGAT-1,Layer_4,5
TTGTGGTATAGGTATG-1,Layer_3,4
TTGTGGTGGTACTAAG-1,Layer_3,4
TTGTGTATGCCACCAA-1,Layer_3,3
TTGTGTTTCCCGAAAG-1,Layer_3,3
TTGTTAGCAAATTCGA-1,Layer_1,7
TTGTTCAGTGTGCTAC-1,Layer_1,7
TTGTTCTAGATACGCT-1,Layer_1,7
TTGTTGGCAATGACTG-1,WM,6
TTGTTGTGTGTCAAGA-1,Layer_1,7
TTGTTTCACATCCAGG-1,Layer_4,3
TTGTTTCATTAGTCTA-1,Layer_5,5
TTGTTTCCATACAACT-1,Layer_3,3
TTGTTTGTATTACACG-1,Layer_6,5
TTGTTTGTGTAAATTC-1,Layer_3,1
