,ground_truth,domain
AAACAAGTATCTCCCA-1,Layer_1,5
AAACAATCTACTAGCA-1,Layer_3,4
AAACACCAATAACTGC-1,Layer_6,3
AAACAGAGCGACTCCT-1,Layer_3,6
AAACAGCTTTCAGAAG-1,Layer_4,1
AAACAGGGTCTATATT-1,Layer_5,1
AAACAGTGTTCCTGGG-1,Layer_6,3
AAACATTTCCCGGATT-1,Layer_3,7
AAACCCGAACGAAATC-1,Layer_1,5
AAACCGGAAATGTTAA-1,Layer_2,5
AAACCGGGTAGGTACC-1,Layer_3,7
AAACCGTTCGTCCAGG-1,Layer_4,1
AAACCTAAGCAGCCGG-1,Layer_3,7
AAACCTCATGAAGTTG-1,Layer_3,7
AAACGAAGAACATACC-1,Layer_3,6
AAACGAAGATGGAGTA-1,Layer_6,3
AAACGAGACGGTTGAT-1,Layer_1,5
AAACGCCCGAGATCGG-1,Layer_3,7
AAACGCTGGGCACGAC-1,Layer_3,7
AAACGGGCGTACGGGT-1,Layer_3,7
AAACGGTTGCGAACTG-1,Layer_5,3
AAACGTGTTCGCCCTA-1,Layer_3,7
AAACTAACGTGGCGAC-1,Layer_3,7
AAACTCGGTTCGCAAT-1,Layer_4,1
AAACTCGTGATATAAG-1,Layer_3,6
AAACTGCTGGCTCCAA-1,Layer_3,7
AAACTTAATTGCACGC-1,WM,2
AAACTTGCAAACGTAT-1,Layer_4,1
AAAGAATGACCTTAGA-1,WM,2
AAAGAATGTGGACTAA-1,Layer_3,7
AAAGACATGAAGTTTA-1,Layer_3,7
AAAGACCCAAGTCGCG-1,Layer_1,4
AAAGACTGGGCGCTTT-1,Layer_3,6
AAAGCTTGCCTACATA-1,Layer_3,6
AAAGGCCCTATAATAC-1,Layer_6,3
AAAGGCTACGGACCAT-1,Layer_4,1
AAAGGCTCTCGCGCCG-1,Layer_3,1
AAAGGGATGTAGCAAG-1,Layer_1,5
AAAGGGCAGCTTGAAT-1,Layer_2,4
AAAGGTAAGCTGTACC-1,Layer_3,7
AAAGTAGCATTGCTCA-1,Layer_4,1
AAAGTCACTGATGTAA-1,Layer_2,4
AAAGTCGACCCTCAGT-1,Layer_3,7
AAAGTGCCATCAATTA-1,Layer_3,7
AAAGTGTGATTTATCT-1,Layer_1,5
AAAGTTGACTCCCGTA-1,Layer_1,5
AAATAACCATACGGGA-1,Layer_3,6
AAATAAGGTAGTGCCC-1,Layer_2,4
AAATACCTATAAGCAT-1,Layer_3,7
AAATAGCTTAGACTTT-1,Layer_1,5
AAATAGGGTGCTATTG-1,Layer_3,7
AAATCCGATACACGCC-1,Layer_3,7
AAATCGCGGAAGGAGT-1,Layer_6,3
AAATCGTGTACCACAA-1,Layer_3,7
AAATCTAGCCCTGCTA-1,Layer_2,4
AAATGACTGATCAAAC-1,Layer_6,3
AAATGATTCGATCAGC-1,Layer_3,6
AAATGCTCGTTACGTT-1,Layer_1,5
AAATGGCATGTCTTGT-1,Layer_2,4
AAATGGCCCGTGCCCT-1,Layer_5,1
AAATGGTCAATGTGCC-1,Layer_2,4
AAATGTATCTTATCCC-1,Layer_3,7
AAATGTGGGTGCTCCT-1,Layer_3,6
AAATTAACGGGTAGCT-1,Layer_2,4
AAATTAATAAGCGCGA-1,Layer_3,7
AAATTACACGACTCTG-1,Layer_3,6
AAATTACCTATCGATG-1,Layer_1,5
AAATTCCAGGTCCAAA-1,Layer_1,5
AAATTGATAGTCCTTT-1,Layer_5,3
AAATTGCGGCGGTTCT-1,Layer_1,5
AAATTGGTGAGAAGCA-1,Layer_3,7
AAATTTACCGAAATCC-1,Layer_3,7
AAATTTGCGGGTGTGG-1,Layer_4,1
AACAACTGGTAGTTGC-1,Layer_2,4
AACAATACATTGTCGA-1,Layer_5,3
AACAATTACTCTACGC-1,Layer_3,6
AACACACGCTCGCCGC-1,Layer_2,4
AACACGACTGTACTGA-1,Layer_3,6
AACACGAGACGCGGCC-1,Layer_4,7
AACACGCGGCCGCGAA-1,Layer_1,5
AACAGCTGTGTGGCAA-1,Layer_5,3
AACAGGAAATCGAATA-1,Layer_2,4
AACAGGATGGGCCGCG-1,Layer_3,6
AACAGGTAGTATGGAT-1,Layer_1,5
AACATAGCGTGTATCG-1,Layer_5,3
AACATATCAACTGGTG-1,Layer_1,5
AACATCGATACGTCTA-1,Layer_3,6
AACATTGAAGTTGATC-1,Layer_6,3
AACATTGTGACTCGAG-1,Layer_5,3
AACCAAGACTTCTCTG-1,Layer_3,7
AACCAGTATCACTCTT-1,Layer_3,7
AACCATAGGGTTGAAC-1,WM,2
AACCATGGGATCGCTA-1,Layer_1,5
AACCCAGAGACGGAGA-1,Layer_1,5
AACCCATCCCATGATC-1,Layer_5,3
AACCCGACAACCCGTG-1,Layer_5,3
AACCCGAGCAGAATCG-1,Layer_3,4
AACCCGCTGTATTCCA-1,Layer_6,3
AACCCTACTGTCAATA-1,Layer_1,5
AACCCTGGTGGAACCA-1,Layer_3,6
AACCGAGCTTGGTCAT-1,Layer_1,5
AACCGCTAAGGGATGC-1,Layer_2,5
AACCGTTGTGTTTGCT-1,Layer_2,4
AACCTAAAGCCGTCCG-1,Layer_3,7
AACCTCGCTTTAGCCC-1,Layer_3,7
AACCTGTCACGGAATT-1,Layer_1,5
AACCTTTAAATACGGT-1,Layer_3,7
AACCTTTACGACGTCT-1,Layer_3,6
AACGAAAGTCGTCCCA-1,Layer_6,3
AACGACCTCCTAGCCG-1,Layer_3,7
AACGATAATGCCGTAG-1,Layer_3,7
AACGATAGAAGGGCCG-1,Layer_1,5
AACGATATGTCAACTG-1,Layer_1,5
AACGCATGATCTGGGT-1,Layer_3,4
AACGCGAACGGCAACA-1,Layer_1,5
AACGCGACCTTGGGCG-1,Layer_5,3
AACGCGGTCTCCAGCC-1,Layer_1,5
AACGCTGTTGCTGAAA-1,Layer_3,6
AACGGACGTACGTATA-1,Layer_2,4
AACGGCCATCTCCGGT-1,Layer_3,7
AACGTACTGTGGGTAC-1,Layer_3,7
AACGTAGTCTACCCAT-1,Layer_3,4
AACGTCAGACTAGTGG-1,Layer_1,5
AACGTCATCCGGCTTG-1,Layer_6,3
AACGTCGCTGCACTTC-1,Layer_3,1
AACGTGATGAAGGACA-1,Layer_3,6
AACGTGCGAAAGTCTC-1,Layer_1,5
AACGTTATCAGCACCT-1,Layer_2,4
AACGTTCTACCATTGT-1,Layer_3,1
AACTACCCGTTTGTCA-1,Layer_1,5
AACTAGCGTATCGCAC-1,Layer_3,6
AACTAGGCTTGGGTGT-1,Layer_3,1
AACTCAAGTTAATTGC-1,Layer_3,6
AACTCCAGAGCGTGTT-1,Layer_3,7
AACTCCTAATCCCATG-1,Layer_3,6
AACTCGATGGCGCAGT-1,Layer_1,5
AACTCTCAATAGAGCG-1,Layer_1,5
AACTCTCAGTGTGCTC-1,Layer_4,1
AACTGAGGTCAGCGTC-1,Layer_3,7
AACTGAGTTATACTGA-1,Layer_1,5
AACTGATATTAGGCCT-1,Layer_1,5
AACTGGGTCCCGACGT-1,Layer_1,5
AACTGGGTTCGAGCCG-1,Layer_3,7
AACTGGTGTGGGCCTT-1,Layer_2,4
AACTTCTGCGTCTATC-1,Layer_1,5
AACTTGCCCGTATGCA-1,Layer_3,6
AACTTGCGTTCTCGCG-1,Layer_1,5
AACTTTACGGGAGCTT-1,Layer_3,7
AACTTTAGCTGCTGAG-1,Layer_2,4
AACTTTCTCGATCATG-1,Layer_3,6
AAGAAATCACCAGATT-1,Layer_3,7
AAGAAGGATCAGTTAG-1,Layer_1,5
AAGACATACGTGGTTT-1,Layer_3,7
AAGACCAAATAACTCA-1,WM,2
AAGACCCAACTGAACA-1,Layer_4,1
AAGACTAACCCGTTGT-1,Layer_1,5
AAGACTCACGCCCACT-1,Layer_3,7
AAGACTGCAAGCTACT-1,Layer_2,4
AAGAGATGAATCGGTA-1,Layer_2,4
AAGAGCTCTTTATCGG-1,Layer_1,5
AAGAGGATGTACGCGA-1,Layer_3,7
AAGAGGCATGGATCGC-1,Layer_1,5
AAGAGGCCCTTTGGAA-1,Layer_3,6
AAGATGGCACCGGACC-1,Layer_5,3
AAGATTGGCGGAACGT-1,Layer_1,5
AAGCACCCTGCGTATC-1,Layer_3,7
AAGCATACTCTCCTGA-1,Layer_3,7
AAGCCACTTGCAGGTA-1,WM,2
AAGCCGAAGCGGTTTA-1,Layer_1,5
AAGCCGCCGTGAAATC-1,Layer_6,3
AAGCCGCTTTACCTTG-1,Layer_3,7
AAGCCGGAGAGCAGGA-1,Layer_3,6
AAGCGCAGGGCTTTGA-1,Layer_4,1
AAGCGGAGTGCGCGCA-1,Layer_3,7
AAGCGGCGTCATGGGT-1,Layer_3,6
AAGCGTCCCTCATCGA-1,Layer_5,3
AAGCTAGATCGAGTAA-1,Layer_3,7
AAGCTCGTGCCAAGTC-1,Layer_1,5
AAGCTCTTTCATGGTG-1,Layer_3,7
AAGGAGAACTTATAAG-1,Layer_3,6
AAGGAGCGGTTGGTGC-1,Layer_1,5
AAGGATCGATCGCTTG-1,Layer_1,5
AAGGATGAGGGACCTC-1,Layer_1,5
AAGGCAGGCTGTCTCC-1,Layer_1,5
AAGGCGCGTAAAGCTT-1,Layer_1,5
AAGGCTGTGCTCATCG-1,Layer_2,4
AAGGGAACGACTGGCT-1,Layer_6,3
AAGGGACAGATTCTGT-1,Layer_1,5
AAGGGACTATGCATTC-1,Layer_5,3
AAGGGTTTGATTTCAG-1,Layer_6,3
AAGGTATCCTAATATA-1,Layer_1,5
AAGGTGATAAACCAGC-1,Layer_1,5
AAGTAAGCTTCCAAAC-1,Layer_3,4
AAGTAGAAGACCGGGT-1,Layer_1,5
AAGTAGTGACGCGAGG-1,Layer_3,7
AAGTCAATTGTCGTCA-1,Layer_1,5
AAGTCTAGTAGCTGCC-1,Layer_3,6
AAGTCTTCTGTGGCCT-1,Layer_4,7
AAGTGACGACCGAATT-1,Layer_3,7
AAGTGAGTCGGGTTTA-1,Layer_5,3
AAGTGCAAAGGTAGAC-1,Layer_3,7
AAGTGCCTTGACTGTA-1,Layer_1,5
AAGTGCGTTAGAATCT-1,Layer_4,1
AAGTGCTTCTCTATTG-1,Layer_6,3
AAGTGTTTGGAGACGG-1,Layer_3,7
AAGTTCACTCCAAGCT-1,Layer_3,7
AAGTTCAGTCTGCGTA-1,Layer_3,6
AAGTTCGGCCAACAGG-1,Layer_3,7
AAGTTGTGATGTTATA-1,Layer_3,7
AAGTTTACTAATGGCA-1,Layer_3,6
AAGTTTATGGGCCCAA-1,Layer_4,1
AATAACAACGCTCGGC-1,Layer_3,7
AATAACACTAGAACAA-1,Layer_4,1
AATAACGTCGCGCCCA-1,Layer_3,1
AATAAGTCCTCGAGAC-1,Layer_3,6
AATAATCTTCGTATCG-1,Layer_1,5
AATACAATGTTTCAGG-1,Layer_2,4
AATACCGGAGGGCTGT-1,Layer_5,3
AATACCTGATGTGAAC-1,Layer_3,1
AATAGAACAGAGTGGC-1,Layer_3,1
AATAGAATCTGTTTCA-1,Layer_3,6
AATAGCAAGCCTCCTG-1,Layer_3,7
AATAGCTACCGCGTGC-1,Layer_3,6
AATAGGCACGACCCTT-1,WM,2
AATAGTCCGTCCCGAC-1,Layer_3,1
AATAGTCGCGAGTCGG-1,Layer_3,7
AATATCAAGGTCGGAT-1,Layer_1,4
AATATCCTAGCAAACT-1,Layer_5,1
AATATCGAATCAATGC-1,Layer_1,5
AATATCGAGGGTTCTC-1,Layer_2,4
AATATTGGAGTATTGA-1,Layer_3,7
AATCAGACTGCAGGAC-1,Layer_1,5
AATCAGGTTTCATTTA-1,Layer_6,3
AATCATGTAAAGACTC-1,Layer_3,4
AATCCAAGGGCCTGAG-1,Layer_1,5
AATCCATGCAAGGGTG-1,Layer_1,5
AATCCCGCTCAGAGCC-1,Layer_6,3
AATCGAGGTCTCAAGG-1,Layer_5,3
AATCGCCTCAGCGCCA-1,Layer_2,5
AATCGCGCAGAGGACT-1,Layer_1,5
AATCGGGACACTACGA-1,Layer_3,6
AATCGGTATAGCCCTC-1,Layer_3,7
AATCGTGAGCCGAGCA-1,Layer_3,1
AATCTAGGTTTACTTG-1,Layer_5,3
AATCTATGCCGGAGCC-1,Layer_2,4
AATCTCTACTGTGGTT-1,Layer_3,7
AATCTGCGTTGGGACG-1,Layer_1,5
AATCTGGCTTTCTAGT-1,Layer_5,3
AATCTGGGTAGACCCT-1,Layer_3,7
AATGACAGCAATGTCT-1,Layer_4,1
AATGACGTAGGATGTC-1,Layer_3,6
AATGACTGTCAGCCGG-1,Layer_1,5
AATGAGTTCGCATATG-1,Layer_1,5
AATGATGATACGCTAT-1,Layer_2,4
AATGATGCGACTCCTG-1,Layer_2,4
AATGCAACCGGGTACC-1,Layer_1,5
AATGCACCAAGCAATG-1,Layer_3,4
AATGGTCCACCGTTCA-1,Layer_3,7
AATGGTTCTCACAAGC-1,Layer_1,5
AATGTATGGCACTGTA-1,WM,2
AATGTGCCCGAGGTGT-1,Layer_5,3
AATGTGCTAATCTGAG-1,Layer_6,3
AATGTTAAGACCCTGA-1,Layer_5,3
AATGTTGTCGTGAGAC-1,Layer_3,7
AATTAAAGGTCGGCGT-1,Layer_3,7
AATTAACGGATTTCCA-1,Layer_3,1
AATTACGAGACCCATC-1,WM,3
AATTACTCGTACGCTC-1,Layer_1,5
AATTAGCGCTGCAGCG-1,Layer_3,7
AATTATACCCAGCAAG-1,Layer_4,3
AATTCATAAGGGATCT-1,Layer_2,4
AATTCATTGTCATGCA-1,WM,2
AATTCCAAGCATGTAC-1,Layer_5,3
AATTCGATTCGAGGAT-1,Layer_4,1
AATTCTAGAGTTAGGC-1,Layer_3,7
AATTGAACGCTCTGGT-1,Layer_2,4
AATTGCAGCAATCGAC-1,Layer_3,7
AATTGCGTGGATTACA-1,WM,2
AATTGTGGTTGCCAAA-1,Layer_3,7
AATTTGGGACATAGTA-1,Layer_3,6
AATTTGGTTCCAAAGA-1,Layer_2,4
ACAAACCATGCGTCCT-1,WM,3
ACAAACCGACAAGGCG-1,Layer_3,6
ACAAACTCCATCAGAG-1,Layer_6,3
ACAAAGAAGGTAGGCC-1,Layer_5,1
ACAAAGCATGACCTAG-1,Layer_3,7
ACAAATCGCACCGAAT-1,Layer_3,7
ACAAATGGTAGTGTTT-1,Layer_2,4
ACAAATTCAGATCTGA-1,Layer_3,7
ACAACAGCATGAGCTA-1,Layer_1,5
ACAACGGTCCCTGCGA-1,Layer_1,5
ACAAGCAGTGCCTAGC-1,Layer_3,7
ACAAGCTATATGGAAG-1,Layer_4,7
ACAAGGAAATCCGCCC-1,Layer_3,7
ACAAGGACAAGAGGTT-1,Layer_2,4
ACAAGGATGCTTTAGG-1,Layer_3,7
ACAAGGCCTACCAGCC-1,Layer_3,7
ACAAGGGCAGGCTCTG-1,Layer_3,6
ACAAGTAATTGTAAGG-1,WM,2
ACAATAGTCGTACGTT-1,Layer_4,7
ACAATCCATTTAAACC-1,Layer_3,7
ACAATCGATCTTTATA-1,Layer_3,6
ACAATGAATACGGAGA-1,Layer_5,3
ACAATGATTCTTCTAC-1,Layer_3,7
ACAATTGTGTCTCTTT-1,Layer_2,4
ACAATTTAGGAGGCTC-1,Layer_3,7
ACAATTTGAGCAGTGG-1,Layer_1,5
ACAATTTGGCCATATT-1,Layer_1,5
ACACAAAGACGGGTGG-1,Layer_1,5
ACACAAATATTCCTAG-1,Layer_3,7
ACACACCAGGACCAGT-1,Layer_1,5
ACACACTTTCTACACG-1,Layer_2,5
ACACATGATCAAATCT-1,Layer_6,3
ACACATTGACGCAACA-1,Layer_1,5
ACACATTTCCGTAGAC-1,Layer_5,3
ACACCACATAATTAGC-1,Layer_2,4
ACACCCAGCATGCAGC-1,Layer_1,5
ACACCCGAGAAATCCG-1,Layer_1,5
ACACCGAGCGCTCTTT-1,Layer_1,5
ACACCGGTCTGACCGC-1,WM,3
ACACCTTAAGTAGGGC-1,Layer_1,5
ACACCTTACTACTTGC-1,Layer_1,5
ACACGAGACTCCTTCT-1,Layer_1,5
ACACGGCACTATGCAT-1,Layer_3,6
ACACGGGAACTTAGGG-1,Layer_1,5
ACACGTAGGCCACAAG-1,Layer_3,6
ACACTCCAATGTCACT-1,Layer_1,5
ACACTGATCAAGGTGT-1,Layer_3,1
ACACTGGGACAGTCGT-1,Layer_3,6
ACAGAACTGAGAACAA-1,Layer_5,1
ACAGATTAGGTTAGTG-1,Layer_3,6
ACAGCATAGAGCCAGT-1,Layer_2,4
ACAGCGACATTCTCAT-1,Layer_3,6
ACAGCGCACCCGCAGC-1,Layer_3,6
ACAGGCACGGATCCTT-1,Layer_3,7
ACAGGCTTGCCCGACT-1,Layer_3,6
ACAGGTGGAGGTGAGG-1,Layer_4,1
ACAGGTGTGTTGTTGC-1,Layer_4,7
ACAGTAATACAACTTG-1,Layer_4,1
ACAGTATACCGTGGGA-1,Layer_3,7
ACATAAGTCGTGGTGA-1,Layer_6,3
ACATAATAAGGCGGTG-1,Layer_1,5
ACATACAATCAAGCGG-1,Layer_4,1
ACATCAGCTGGGACGC-1,Layer_3,7
ACATCCCGGCCATACG-1,Layer_3,1
ACATCCTGGTAACTGT-1,Layer_1,5
ACATCGATCGTTTACC-1,Layer_3,6
ACATCGCAATATTCGG-1,WM,2
ACATCGGTCAGCCGCG-1,Layer_3,7
ACATCGTATGCAATGG-1,Layer_2,6
ACATCGTTAACCTAGT-1,Layer_3,6
ACATCTCAACGCGTAA-1,Layer_3,6
ACATGCTTACGGCAGC-1,WM,2
ACATGGCGCCAAAGTA-1,Layer_1,5
ACATGGCTCAATTTAG-1,Layer_1,5
ACATTAGTTTATATCC-1,Layer_3,7
ACATTCGCGCGGAATA-1,WM,2
ACATTTGAAACCTAAC-1,Layer_3,1
ACCAAACACCCAGCGA-1,Layer_3,7
ACCAAACTAGAAATCC-1,Layer_3,6
ACCAACACCACACACT-1,Layer_3,6
ACCAACCGCACTCCAC-1,Layer_3,7
ACCAACGCTTATTTAT-1,Layer_3,1
ACCAAGAACGCGTGTC-1,Layer_1,5
ACCAAGTCATCGGCAG-1,Layer_3,7
ACCAATATGCAAGTTA-1,Layer_3,7
ACCACAACTCAGAACA-1,Layer_3,6
ACCACAAGTTTCTATC-1,Layer_2,5
ACCACACGGTTGATGG-1,Layer_5,3
ACCACCAATGTAACAA-1,Layer_1,5
ACCACCCTCTCTTCTA-1,Layer_3,6
ACCACGTGCAGCTATA-1,Layer_3,7
ACCACTGTTCAAGAAG-1,Layer_1,5
ACCAGACCATAACAAC-1,Layer_4,7
ACCAGCCCGGTCTTTG-1,Layer_3,6
ACCAGGAGTGTGATCT-1,Layer_3,6
ACCAGTGCCCGGTCAA-1,Layer_3,7
ACCAGTGCGGGAGACG-1,Layer_2,4
ACCATATCCGCAATAA-1,Layer_3,6
ACCATCCGCCAACTAG-1,Layer_4,1
ACCATCGTATATGGTA-1,Layer_3,7
ACCATTAAGGGTGTCA-1,Layer_1,5
ACCCAACGCCCGTGGC-1,Layer_1,5
ACCCACCTACATGCTC-1,Layer_2,4
ACCCATCTTGAGGGTA-1,Layer_3,7
ACCCATTTGTCCCTCT-1,Layer_3,6
ACCCGAGCGAAATTAC-1,Layer_5,3
ACCCGATTGGTTCCGA-1,Layer_6,3
ACCCGGAAACTCCCAG-1,Layer_3,1
ACCCGGAGCACCACAA-1,Layer_3,4
ACCCGGATGACGCATC-1,Layer_1,5
ACCCGGTTACACTTCC-1,Layer_3,7
ACCCGTAGTCTAGTTG-1,Layer_3,7
ACCCGTGTCATCAGTA-1,Layer_4,1
ACCCTATAGGACTGAG-1,Layer_1,5
ACCCTATGCCATATCG-1,Layer_4,1
ACCCTCCCGTCAGGGC-1,Layer_3,7
ACCCTCCCTTGCTATT-1,Layer_3,6
ACCCTGGTAACGCCCT-1,Layer_3,6
ACCCTTCATCTGCGAA-1,Layer_2,4
ACCCTTGCCTGGGTCG-1,Layer_3,7
ACCCTTTAGTTCTCCA-1,Layer_3,6
ACCGAAAGGGCCCTGC-1,Layer_2,4
ACCGAAGAGTCTGGTT-1,Layer_6,3
ACCGACACATCTCCCA-1,Layer_3,1
ACCGACTGAGTCCCAC-1,Layer_1,5
ACCGAGTCTCCTTATT-1,Layer_4,1
ACCGATAGGCATAACC-1,Layer_3,6
ACCGATATTTAATCAT-1,Layer_2,5
ACCGATGGTAGCATCG-1,Layer_1,5
ACCGCAATAACTGCCT-1,Layer_3,7
ACCGCGGTGGAAGTCG-1,Layer_1,5
ACCGCTAGTCATTGGT-1,WM,2
ACCGGGCCTTTGTTGA-1,Layer_1,5
ACCGGTCAGGTACACC-1,Layer_6,3
ACCGGTCTGAGTACGG-1,Layer_3,7
ACCGTCCACTGGGCCC-1,WM,2
ACCGTGACCACGTGGG-1,Layer_5,3
ACCGTTCCCGCTCTGA-1,Layer_3,6
ACCTAAGTACCTTTCA-1,Layer_4,1
ACCTAATCGACTTCCT-1,Layer_3,7
ACCTACAGTATGTGGT-1,Layer_1,5
ACCTACTATAAATCTA-1,Layer_5,3
ACCTCAGCGAGGCGCA-1,Layer_3,1
ACCTCCGCCCTCGCTG-1,Layer_2,4
ACCTCCGTTATTCACC-1,Layer_1,5
ACCTCGAACTTATGCT-1,WM,3
ACCTGCGTGTCATGTT-1,Layer_4,1
ACCTTTCCTTTAGAAG-1,Layer_3,6
ACGAAATGGGCGGCAC-1,Layer_3,7
ACGACCCATGAGTTGC-1,Layer_3,4
ACGACTCTAGGGCCGA-1,Layer_3,1
ACGACTGGTCATACTC-1,Layer_5,3
ACGAGAACCCATCACG-1,Layer_1,5
ACGAGATATTTGCTTA-1,Layer_3,6
ACGAGGATACCACTCT-1,Layer_5,1
ACGAGGTTTACAACGT-1,Layer_6,3
ACGAGTACGGATGCCC-1,Layer_2,5
ACGATACATAGAACTA-1,Layer_1,5
ACGATACCTATCCTGA-1,Layer_3,7
ACGATCATACATAGAG-1,Layer_1,5
ACGATCATCTTGTAAA-1,Layer_1,5
ACGATGCATATGTTAT-1,Layer_3,6
ACGATGGATCCGATGC-1,Layer_3,6
ACGCAAACTAATAGAT-1,Layer_5,3
ACGCAATCACTACAGC-1,Layer_2,4
ACGCATACGTTTACTA-1,Layer_3,4
ACGCATTCGTGAGTAC-1,Layer_2,4
ACGCCACTCGAAACAG-1,Layer_5,3
ACGCCAGATGATTTCT-1,Layer_1,4
ACGCCAGTGCGTTTGC-1,Layer_3,7
ACGCCCAGCTGTCGAT-1,Layer_3,6
ACGCCGCTAGACGACC-1,Layer_3,6
ACGCGAAGTCAGACGA-1,Layer_3,7
ACGCGCTACACAGGGT-1,Layer_3,7
ACGCGGGCCAAGGACA-1,Layer_2,4
ACGCGTTTCTTAAGAG-1,Layer_3,7
ACGCTACTGAATGGGC-1,Layer_3,1
ACGCTAGTGATACACT-1,Layer_1,5
ACGCTGTGAGGCGTAG-1,Layer_3,7
ACGCTTAGTGTCTCTC-1,Layer_3,7
ACGGAACACGAGTGCC-1,Layer_3,1
ACGGAATTTAGCAAAT-1,Layer_1,5
ACGGACGCAGCGACAA-1,WM,2
ACGGACTCTCAAAGCG-1,Layer_3,7
ACGGAGCGCAAATTAC-1,Layer_3,6
ACGGATGGTGCGGATA-1,Layer_3,7
ACGGCACTTGCTTGGG-1,Layer_3,7
ACGGCCAACATGGACT-1,Layer_3,7
ACGGCGACGATGGGAA-1,Layer_3,7
ACGGCGGGTTGCCCTG-1,Layer_2,5
ACGGCTGGATGTAGAA-1,Layer_6,3
ACGGGAGTGTCGGCCC-1,Layer_4,7
ACGGGCGTATGCGACA-1,Layer_3,6
ACGGGTCATGTGACTT-1,Layer_1,5
ACGGTACAGTTCAATG-1,Layer_3,1
ACGGTCACCGAGAACA-1,WM,2
ACGTACAGATTTCTCT-1,Layer_3,4
ACGTACTTTGGCACGG-1,Layer_6,3
ACGTAGATTGCTGATG-1,Layer_1,5
ACGTAGGAGAGTCGCT-1,Layer_4,1
ACGTATTACTCCGATC-1,Layer_1,5
ACGTCCTAAACGAGAT-1,Layer_3,6
ACGTCTCGTTCCGGGA-1,Layer_5,1
ACGTGACAAAGTAAGT-1,Layer_5,3
ACGTGCGCCTCGTGCA-1,Layer_1,5
ACGTGGTCGAATGTGC-1,Layer_3,6
ACGTTAATGTCGAAGA-1,Layer_3,6
ACGTTAGATTTGCCCG-1,Layer_3,7
ACGTTATTGGTCACTC-1,Layer_1,5
ACGTTCACTATGCCGC-1,Layer_6,3
ACGTTCCGCGCTCCGT-1,Layer_2,4
ACGTTCGCAATCAATT-1,Layer_1,5
ACGTTCGTTCAGGAAA-1,Layer_4,3
ACGTTCTGTACAAGTC-1,Layer_3,7
ACGTTGTCGTTGAAAG-1,WM,2
ACGTTTAGTTGTGATC-1,Layer_2,4
ACGTTTCGGTGCACTT-1,Layer_3,1
ACTAAGGACGCACACC-1,Layer_3,7
ACTAATACGTCAGGCG-1,Layer_3,7
ACTACAAAGAGAGGTG-1,Layer_5,3
ACTACATCCCGACAAG-1,Layer_6,3
ACTACCAGCTCTCTGG-1,Layer_1,5
ACTACCATCCGAGGGC-1,WM,2
ACTACGCGTTAGAATT-1,Layer_4,1
ACTAGTTGCGATCGTC-1,Layer_1,5
ACTATATGCTGTGTTC-1,Layer_3,7
ACTATCCAGGGCATGG-1,Layer_1,5
ACTATCGCCGGCTAAA-1,Layer_1,5
ACTATCTGCCCGCGTA-1,Layer_1,5
ACTATGTCCAGCTGCC-1,Layer_6,3
ACTATTCGTCCGTGGT-1,Layer_2,4
ACTATTTCCGGGCCCA-1,Layer_4,3
ACTCAACGAATGTATT-1,Layer_1,5
ACTCAAGTGCAAGGCT-1,Layer_3,7
ACTCAATAAAGGCACG-1,Layer_1,5
ACTCAGACCTGCTTCT-1,Layer_1,4
ACTCATGGCAGCCTTC-1,WM,2
ACTCCAATATCATCAT-1,Layer_5,3
ACTCCCATTCCTAAAG-1,Layer_4,1
ACTCCCGAATTCGTTT-1,Layer_1,5
ACTCCCGTAGACTAGG-1,Layer_3,6
ACTCCCTAATGCTAAA-1,Layer_3,7
ACTCCCTAGAATAGTA-1,Layer_3,7
ACTCCGGCCGACCACT-1,Layer_3,1
ACTCGATGTATTTCAT-1,Layer_1,5
ACTCGCCGTTCGATAA-1,Layer_3,7
ACTCGCGATCTGACGC-1,Layer_1,5
ACTCGTAACCCGTCCT-1,Layer_4,1
ACTCGTCAGTAATCCC-1,Layer_1,5
ACTCTAAACCTGGGAT-1,Layer_3,7
ACTCTCTGACTTAGGT-1,Layer_2,4
ACTCTCTTATACACGA-1,Layer_3,6
ACTCTGACCTAATAGA-1,Layer_3,7
ACTCTTCAGCTCCCGC-1,Layer_2,5
ACTCTTGTATAGTAAC-1,Layer_1,4
ACTGAAACGCCGTTAG-1,Layer_3,6
ACTGAATGGCGAAAGT-1,Layer_3,6
ACTGATTTAGTGATTC-1,Layer_3,7
ACTGCCCGCCATTCTC-1,Layer_6,3
ACTGCCGTCGTAACTC-1,Layer_2,4
ACTGCGGACACACCGT-1,Layer_1,5
ACTGCTCGGAAGGATG-1,Layer_5,3
ACTGGCGAACCTGCGT-1,Layer_3,7
ACTGGGATGCCAGTGC-1,Layer_6,3
ACTGTACGATACACAT-1,Layer_1,5
ACTGTAGCACTTTGGA-1,Layer_2,4
ACTGTATACGCGAGCA-1,Layer_1,5
ACTGTCCAGGATTATA-1,Layer_2,4
ACTGTCTTCTTTAGAA-1,Layer_1,5
ACTGTGCTAGTAGATC-1,Layer_1,5
ACTGTTTAGTGTAGGC-1,Layer_3,6
ACTTACCGGGCGCGCA-1,Layer_3,6
ACTTACGCATCCACGC-1,Layer_3,7
ACTTAGTACGACAAGA-1,Layer_1,5
ACTTATACTTACCCGG-1,Layer_1,5
ACTTATCTGATCTATA-1,Layer_3,5
ACTTATTAGGATCGGT-1,Layer_3,6
ACTTATTTATGTGCCA-1,Layer_2,4
ACTTCAGGCTGATCCC-1,Layer_3,7
ACTTCCAGTGGAAGCT-1,Layer_6,3
ACTTCCATGCGGGACA-1,Layer_3,7
ACTTCGCCATACGCAC-1,Layer_1,5
ACTTCGCTAGCGAGTG-1,Layer_2,4
ACTTGACTCCCTCTTT-1,Layer_3,6
ACTTGCCATATTGTAC-1,Layer_3,6
ACTTGGGACCCGGTGG-1,Layer_2,4
ACTTGGGCTTTCGCCA-1,Layer_5,3
ACTTGTAGTCCCTTCA-1,Layer_4,1
ACTTGTGGATGGAACG-1,Layer_1,5
ACTTGTTACCGGATCA-1,Layer_6,3
ACTTTACCCTCATGAA-1,Layer_1,5
ACTTTCCTATAGCTTC-1,Layer_1,5
ACTTTGACTGCATCCT-1,Layer_4,7
ACTTTGGTCGTGCTCC-1,Layer_6,3
ACTTTGTCGACGCACT-1,Layer_2,4
AGAAATTATGACTCGC-1,Layer_2,5
AGAACACGGCGATGGT-1,WM,2
AGAACCCAGCGTGACA-1,Layer_1,5
AGAACCCTCAATTGGG-1,Layer_6,3
AGAACGTGGTACATTC-1,Layer_1,5
AGAACTGTACTTTGTA-1,Layer_4,1
AGAAGAGCGCCGTTCC-1,Layer_1,5
AGAAGGTACACTTCAC-1,Layer_5,3
AGAAGGTTGCCGAATT-1,Layer_3,7
AGAAGGTTGTAGGTCG-1,Layer_3,7
AGAAGTGATTCGTGAT-1,Layer_4,1
AGAATAAATCTTCAGG-1,Layer_3,7
AGAATACAGGCTATCC-1,Layer_3,1
AGAATGCGGGTTCGGA-1,Layer_3,7
AGAATTATGGATTCGA-1,Layer_1,5
AGAATTGTTTGACATA-1,Layer_1,5
AGACAGCTCAGAATCC-1,Layer_2,4
AGACAGGCATCTCAGC-1,Layer_2,4
AGACATAGATCCTTCC-1,Layer_2,4
AGACCAAACCACACCT-1,Layer_5,3
AGACCATGGGATACAA-1,Layer_1,5
AGACCCACCGCTGATC-1,Layer_3,7
AGACCCGCCCTCCTCG-1,Layer_1,5
AGACCGCTCCGCGGTT-1,Layer_1,5
AGACCGGGAAACCCTG-1,Layer_4,7
AGACGAAGTGCCGGTC-1,Layer_2,4
AGACGACGATGCCGCT-1,Layer_4,1
AGACGCCCACTTCGCC-1,Layer_3,6
AGACGGGATTGGTATA-1,Layer_3,7
AGACGGGCCGATTTAA-1,Layer_3,7
AGACTAGCCTTCCAGA-1,Layer_2,5
AGACTGTTACCGGGTC-1,Layer_5,3
AGAGAAACACCAGAAA-1,Layer_6,3
AGAGAACCGTCTAGGA-1,Layer_1,5
AGAGAAGGAGTACAAT-1,Layer_5,3
AGAGATCTCTAAAGCG-1,Layer_3,7
AGAGCAGTTATGAGAC-1,Layer_3,6
AGAGCCGCCGAGATTT-1,Layer_3,6
AGAGCGCTTGTAACGG-1,Layer_3,7
AGAGCGGGCTAATCAT-1,Layer_1,5
AGAGCGTACAAGCTCG-1,Layer_2,4
AGAGCTACGAAAGCAT-1,Layer_1,5
AGAGGCTTCGGAAACC-1,Layer_2,5
AGAGGTATCTCGGTCC-1,Layer_3,6
AGAGTAAACTTCACTA-1,Layer_1,5
AGAGTATAGTGTTACG-1,Layer_3,6
AGAGTCTTAATGAAAG-1,Layer_3,1
AGAGTTAGAGACCGAT-1,Layer_3,7
AGAGTTGCAGGCCTCC-1,Layer_3,7
AGATAACTTCAGGGCC-1,Layer_2,4
AGATAATCACACCTAT-1,WM,2
AGATACCAATAGAACC-1,Layer_3,7
AGATACCAGCACTTCA-1,Layer_3,7
AGATACCGGTGTTCAC-1,Layer_3,7
AGATACGACTTCATAT-1,Layer_1,5
AGATACTCAAGATCGA-1,Layer_3,6
AGATATAATACGACTA-1,Layer_4,1
AGATCGTGCATAAGAT-1,Layer_2,4
AGATCTCAGGTGTGAT-1,Layer_1,5
AGATCTGGAGAGGATA-1,WM,2
AGATGACTCGCCCACG-1,Layer_1,5
AGATGAGGGTTGCGAT-1,Layer_3,6
AGATGATGGAGTCTGG-1,Layer_1,5
AGATGCAAGACGTGCA-1,Layer_5,3
AGATGCATCCTGTGTC-1,Layer_5,3
AGATGCTATAACGAGC-1,Layer_1,5
AGATTATAGGACGTTT-1,Layer_2,6
AGATTCACAACCGATA-1,Layer_5,3
AGCAAAGGCCGCTAGT-1,Layer_3,7
AGCAACATATCTTATT-1,Layer_1,5
AGCAACCGAAAGTAAT-1,Layer_5,3
AGCACACGTTTAGACT-1,Layer_6,3
AGCACCAGTACTCACG-1,Layer_1,5
AGCACTACCGGCCTGT-1,Layer_3,7
AGCACTACCTCACCAG-1,Layer_3,7
AGCACTTAAGGACGCC-1,Layer_3,6
AGCAGAAGGAGAAAGA-1,Layer_4,1
AGCAGCCAGATGAATA-1,Layer_3,1
AGCAGTCGAAGCATGC-1,Layer_4,3
AGCATATCAATATGCT-1,Layer_2,4
AGCATCATTTCGAAAG-1,Layer_5,3
AGCATCGTCGATAATT-1,Layer_1,5
AGCATTACGAGGCAAG-1,Layer_3,7
AGCCAAGCTTTGTGTC-1,Layer_4,1
AGCCACAGGTTACCCG-1,Layer_3,7
AGCCACTCCCGTGCTT-1,Layer_1,5
AGCCATATAGTATGTG-1,Layer_5,3
AGCCCATACATGTAAG-1,Layer_3,7
AGCCCGCAACAAGCAG-1,Layer_5,3
AGCCCGCACTACAATG-1,Layer_3,1
AGCCCGGCATTAGAGG-1,Layer_6,3
AGCCCGGTAGCCTGTA-1,Layer_4,1
AGCCCTAAGCGAAGTT-1,Layer_1,5
AGCCCTCCCTGGTGGC-1,Layer_6,3
AGCCCTGTCGCACCGT-1,Layer_1,5
AGCCCTTCTAATCCGA-1,Layer_3,6
AGCCCTTGGACATCCC-1,Layer_3,4
AGCCGCAAATTCAAAT-1,Layer_4,7
AGCCGCTTGATTAGCG-1,Layer_1,5
AGCCGTGGCTAAATGT-1,Layer_4,1
AGCCTAATACCCACGT-1,Layer_5,3
AGCCTTAAAGCGGAAG-1,Layer_2,4
AGCGACAGGAACGGTC-1,Layer_4,1
AGCGACATCCCATTCA-1,Layer_1,5
AGCGACCAACGATATT-1,Layer_1,5
AGCGACTTTGAAGACA-1,Layer_6,3
AGCGAGACGTGAAGGC-1,Layer_6,3
AGCGATGCGCCTAATA-1,Layer_3,7
AGCGCATAATGAATCG-1,Layer_4,1
AGCGCGGGTGCCAATG-1,Layer_1,4
AGCGCTAGAGCGATGT-1,Layer_1,5
AGCGCTTATGGGCAAG-1,Layer_3,7
AGCGGACACTTCGTAG-1,Layer_4,1
AGCGGCGGTTAGCGGT-1,Layer_5,3
AGCGGGAAGGGTCCAT-1,Layer_1,5
AGCGGGTCTGACACTC-1,Layer_4,1
AGCGGTTGAGATGTAC-1,Layer_3,7
AGCGGTTGCCGCTCTG-1,Layer_3,7
AGCGTACGAGAGCTAG-1,Layer_1,5
AGCGTAGCGCTAGACC-1,Layer_2,5
AGCGTCTGAACCCGCA-1,Layer_2,4
AGCGTGGTATTCTACT-1,Layer_3,6
AGCGTTCCGATTTAAA-1,Layer_3,7
AGCTAACAAGCAATGT-1,Layer_5,3
AGCTAAGCTCCGTCCG-1,WM,3
AGCTAAGTACGCAGGC-1,Layer_3,7
AGCTACGAATGGTGGT-1,Layer_3,1
AGCTAGAAGCAGAAGT-1,Layer_2,4
AGCTATTTAATCCAAC-1,Layer_2,4
AGCTCCATATATGTTC-1,Layer_3,4
AGCTCCTTCGCACATC-1,Layer_3,6
AGCTCGTTGATGGAAA-1,Layer_3,7
AGCTCTAGACGTTCCA-1,Layer_2,5
AGCTCTTCCCAGTGCA-1,Layer_2,4
AGCTCTTCGTAACCTT-1,Layer_1,5
AGCTCTTTACTCAGTT-1,Layer_3,7
AGCTGAAGTAAACCAA-1,Layer_2,4
AGCTGCATTTGAGGTG-1,Layer_3,7
AGCTGTAACCTCAATC-1,Layer_5,3
AGCTTATAGAGACCTG-1,Layer_2,4
AGCTTCAATACTTTGA-1,Layer_3,6
AGCTTCTTCTCGAGCA-1,Layer_3,7
AGCTTGATCAGGGTAG-1,WM,2
AGCTTGATCTTAACTT-1,Layer_3,7
AGGAACGAACGACTTC-1,Layer_3,7
AGGAAGCTGTCCGCCG-1,Layer_4,1
AGGACAGTCGAATCCC-1,Layer_2,4
AGGACATCGCACGTCG-1,Layer_1,5
AGGACATCGGCACACT-1,Layer_3,7
AGGACGACCCATTAGA-1,Layer_3,7
AGGACGCTCGATGTTG-1,Layer_3,4
AGGACTTATAGGAGAA-1,Layer_1,5
AGGAGACATCCACAGT-1,Layer_3,6
AGGAGAGTCTGGCTAC-1,Layer_3,6
AGGAGCGTTTATTATC-1,Layer_3,1
AGGAGGCCTTCGCGCG-1,Layer_2,4
AGGATAAAGTCGGGAT-1,Layer_3,7
AGGATATAGGGATTTA-1,Layer_1,5
AGGATATCCGACTGCA-1,Layer_3,1
AGGATCACGCGATCTG-1,Layer_5,1
AGGATTGCTTACGACA-1,Layer_2,4
AGGCAAAGAGGAATCA-1,Layer_3,4
AGGCACGTGACTGTCC-1,Layer_3,4
AGGCAGATGCGTAAAC-1,Layer_1,5
AGGCAGGGAGCGTACT-1,Layer_4,1
AGGCATTGTCGTAGGG-1,Layer_2,5
AGGCCACATTGGTTAC-1,Layer_1,5
AGGCCACCCGTTATGA-1,Layer_2,4
AGGCCCAGTGACTGGT-1,Layer_1,5
AGGCCCATTGTACAGG-1,Layer_1,5
AGGCCCTAGAACGCCA-1,Layer_4,7
AGGCCTATCATACCAA-1,Layer_5,3
AGGCCTGAGAATCTCG-1,Layer_3,7
AGGCGATAACTGGCGT-1,Layer_3,4
AGGCGGTTTGTCCCGC-1,Layer_6,3
AGGCGTCTATGGACGG-1,Layer_3,6
AGGCTATGGTTAGCTT-1,Layer_2,4
AGGCTTAAGTTGCACA-1,Layer_5,3
AGGCTTCCCGAAGAAG-1,Layer_3,7
AGGCTTGCTAGACACC-1,Layer_2,4
AGGGAAACGAGGTACT-1,Layer_3,6
AGGGACAGCACGGCGG-1,Layer_3,4
AGGGACCGGCTGCGTT-1,Layer_1,5
AGGGACTCTACGCGAC-1,Layer_3,1
AGGGAGACATACTTCG-1,Layer_2,4
AGGGCAGCGGCGTGGT-1,Layer_3,6
AGGGCCCTAATGTTCT-1,Layer_3,7
AGGGCGAGCAGCTGAT-1,Layer_4,1
AGGGCGTGATCGGCTA-1,Layer_1,5
AGGGCTGCAGTTACAG-1,Layer_2,4
AGGGTCAGAGCACTCG-1,Layer_5,3
AGGGTCAGTAACCCTA-1,Layer_3,7
AGGGTCGATGCGAACT-1,Layer_1,5
AGGGTCTGGACGCAGT-1,Layer_3,7
AGGGTGCCGTTCTTTA-1,Layer_5,3
AGGGTGCTCTCGAGGG-1,Layer_1,5
AGGGTGGATAGTGCAT-1,Layer_3,7
AGGGTTCAGACGGTCC-1,Layer_5,3
AGGGTTCCCTTTGGTT-1,Layer_1,5
AGGGTTTAGTTCGGGA-1,Layer_1,5
AGGTAACCTCCTATTC-1,Layer_1,5
AGGTACGATATTGCCA-1,Layer_3,6
AGGTAGATCGAGATAT-1,Layer_5,3
AGGTAGGTACAAAGCT-1,Layer_3,7
AGGTATAATTGATAGT-1,Layer_1,5
AGGTATGCGGACATTA-1,Layer_1,5
AGGTCAGGTGAGAGTG-1,Layer_4,1
AGGTCGCCACTTCGGT-1,Layer_2,5
AGGTCGCCTCCCAACA-1,Layer_3,6
AGGTCGCGGAGTTACT-1,Layer_2,4
AGGTGCACGTCCACAT-1,Layer_3,7
AGGTGGTGACCTTCGC-1,Layer_4,1
AGGTGTATCGCCATGA-1,Layer_3,7
AGGTGTTGCCGACCAC-1,Layer_3,7
AGGTTACACCATGCCG-1,Layer_1,5
AGGTTCTCCTTTCCGG-1,WM,2
AGGTTGAGGCACGCTT-1,Layer_1,5
AGGTTTCACACACCTT-1,Layer_3,6
AGTAACGTTCATCCTG-1,Layer_3,7
AGTAACTATAGCAGCC-1,Layer_3,1
AGTAAGGGACAGAATC-1,Layer_3,1
AGTAATCTAAGGGTGG-1,Layer_4,1
AGTAATGTCTTGCCGC-1,Layer_1,5
AGTAATTTGCAAGCGT-1,WM,2
AGTACAGAAGCTTATA-1,Layer_4,1
AGTACATCATTTATCA-1,Layer_2,4
AGTACCTTCGAGTGCT-1,Layer_3,7
AGTACGGCCCGTATCG-1,Layer_3,7
AGTACGGGCACCTGGC-1,Layer_1,5
AGTACGTGGCCTGTCT-1,Layer_3,7
AGTACTCTTATGCCCA-1,Layer_3,7
AGTAGAAGGCGCCTCA-1,Layer_5,3
AGTAGCGTGAACGAAC-1,Layer_3,6
AGTAGCTAGACGCCGA-1,Layer_3,7
AGTAGGAAGGAAGTTG-1,Layer_3,6
AGTAGGTAACATACAT-1,Layer_1,5
AGTATAATACTAGGCA-1,Layer_2,4
AGTATACACAGCGACA-1,Layer_5,3
AGTATCCATAATAACG-1,Layer_1,5
AGTATGCTGGAGACCA-1,Layer_5,3
AGTATTTGGCACGACC-1,Layer_4,1
AGTCAAATGATGTGAT-1,Layer_6,3
AGTCAACACCACCATC-1,Layer_3,7
AGTCAAGATGACACTT-1,Layer_2,4
AGTCACTAGCTCTCGA-1,Layer_3,4
AGTCACTCCGCCTCAT-1,Layer_1,5
AGTCAGCCACCGCCTG-1,Layer_1,5
AGTCCAGCGGGTACGT-1,Layer_1,5
AGTCCATTGGCTGATG-1,Layer_1,5
AGTCCCGCCTTTAATT-1,Layer_3,4
AGTCCCTCGCAGAAAG-1,Layer_3,6
AGTCGAATTAGCGTAA-1,Layer_3,1
AGTCGACGGTCTCAAG-1,Layer_1,5
AGTCGGCCCAAACGAC-1,Layer_1,5
AGTCGGCTCAACTTTA-1,Layer_4,1
AGTCGGTTGCGTGAGA-1,Layer_1,5
AGTCGTATAAAGCAGA-1,Layer_3,1
AGTCGTCGACCACCAA-1,Layer_3,7
AGTCGTGGGCATTACG-1,Layer_4,1
AGTCTAAAGTATACTC-1,Layer_2,4
AGTCTCACAAGACTAC-1,Layer_5,3
AGTCTGGACATCCTTG-1,Layer_1,5
AGTCTTCTCCTCAAAT-1,Layer_1,5
AGTCTTTAAAGTGTCC-1,Layer_4,1
AGTGAACAAACTTCTC-1,Layer_1,5
AGTGAAGATGGTGTCC-1,Layer_3,6
AGTGACCTACTTTACG-1,Layer_3,7
AGTGACTGTGACACAA-1,Layer_6,3
AGTGAGACTTCCAGTA-1,Layer_1,5
AGTGAGCCTCGCCGCC-1,Layer_1,5
AGTGAGGGTTTCTGAC-1,Layer_3,6
AGTGAGTCGAATTAAC-1,Layer_3,7
AGTGATAACCTGCGCG-1,Layer_3,7
AGTGATATGAGTAGTT-1,Layer_3,7
AGTGATTCAAGCAGGA-1,Layer_1,5
AGTGCACGCTTAAGAA-1,Layer_2,4
AGTGCGTAGCTCGTAA-1,Layer_3,7
AGTGCTAAACACAGCA-1,Layer_3,7
AGTGCTTGCACGAATA-1,Layer_1,5
AGTGGCCCGCAAATGG-1,Layer_4,1
AGTGGCGGCAATTTGA-1,Layer_2,4
AGTGGCGTCTGAAGGT-1,Layer_3,7
AGTGGCTCCGTCGGCC-1,Layer_4,7
AGTGGTGTTACCCGTG-1,Layer_5,1
AGTGGTTGCGTATAGG-1,Layer_3,7
AGTGTATTGCGCATTG-1,Layer_3,4
AGTGTGCTAAGATCGC-1,Layer_1,5
AGTGTGGTCTATTGTG-1,Layer_1,5
AGTTAAACACTTGCGA-1,Layer_3,7
AGTTAAGCGGTCCCGG-1,Layer_2,4
AGTTAAGTCAACCGCT-1,Layer_4,1
AGTTACCCTTAAGACT-1,Layer_3,6
AGTTACCGCACATGGT-1,Layer_3,6
AGTTACTCTATCGTGG-1,Layer_3,6
AGTTATTCAGACTGTG-1,Layer_3,1
AGTTATTGAAAGGTAA-1,Layer_3,6
AGTTCACCGGTTGGAC-1,Layer_2,4
AGTTCCTACAGAATTA-1,Layer_2,4
AGTTCCTATTTATGTT-1,Layer_3,6
AGTTCTGCGTTGTATC-1,Layer_1,5
AGTTGACATCGGCTGG-1,Layer_1,5
AGTTGACGGTCCTTGC-1,Layer_4,1
AGTTGCGGTCCTCAAC-1,WM,2
AGTTGCTGACTGATAT-1,Layer_1,5
AGTTGGCAAGGCTAGA-1,Layer_3,7
AGTTTATGTAAAGACA-1,Layer_3,6
AGTTTCGCAGGTCGGA-1,Layer_2,4
AGTTTGCACCTGCCTC-1,Layer_3,7
AGTTTGGCACGGGTTG-1,Layer_1,5
AGTTTGGCCAGACCTA-1,Layer_4,1
ATAAACCATTGGACGG-1,Layer_3,4
ATAAACGGACCCGTAA-1,Layer_3,7
ATAAACGTTGCACCAC-1,Layer_3,4
ATAAAGGCTCGGTCGT-1,Layer_2,6
ATAAAGGTCAAGTACG-1,Layer_3,7
ATAAATATTAGCAGCT-1,Layer_3,7
ATAACGCCGGAGGGTC-1,Layer_1,5
ATAACGGAGTCCAACG-1,Layer_1,5
ATAACGTTACCTCCAC-1,Layer_3,7
ATAAGCAAACACCGAG-1,Layer_3,7
ATAAGGTGGAGAACAT-1,Layer_3,7
ATAAGTACCCGATTGT-1,Layer_3,7
ATAAGTAGGATTCAGA-1,Layer_2,4
ATAAGTAGGGCGACTC-1,Layer_1,5
ATAAGTTACCGCGACG-1,Layer_3,7
ATAATACCGTTAGCCG-1,Layer_1,5
ATAATAGCTGTTGAAT-1,Layer_3,7
ATAATAGTGTAGGGAC-1,Layer_1,5
ATAATCTTGGAGAACC-1,Layer_3,7
ATAATTAGCTAAGTAG-1,Layer_4,1
ATACAGGCCCTCCAAT-1,Layer_3,7
ATACCACGGGCAACTT-1,Layer_3,7
ATACCAGCAAATTGCT-1,Layer_3,6
ATACCAGGCTAATAGA-1,Layer_2,4
ATACCAGGTGAGCGAT-1,Layer_3,6
ATACCGTCATCCATAA-1,Layer_3,7
ATACCTAACCAAGAAA-1,Layer_3,1
ATACGAAGGCTTTCCA-1,Layer_1,5
ATACGAGGTTTGTAAG-1,Layer_6,3
ATACGCCGATCTACCG-1,Layer_2,5
ATACGCCGGCGAAACC-1,Layer_2,4
ATACGGAACGTCGTTT-1,Layer_5,3
ATACGGGTTTCGATTG-1,Layer_1,5
ATACGGTGAAGATGCA-1,Layer_3,7
ATACGTACTTAGCCAC-1,Layer_3,7
ATACGTCCACTCCTGT-1,Layer_2,4
ATACGTTATGCACGGA-1,Layer_4,1
ATACTACCCGTACCAC-1,Layer_3,6
ATACTAGCATGACCCT-1,Layer_1,5
ATACTCTCGCCACTCT-1,Layer_1,5
ATACTGCCTTACACCG-1,Layer_3,7
ATACTTGTTCTCGAGC-1,Layer_3,7
ATAGACAACGGGACCT-1,Layer_1,5
ATAGACGAAGAGAAAG-1,Layer_3,6
ATAGAGTACTGGGACA-1,Layer_1,5
ATAGAGTTATCAACTT-1,Layer_1,5
ATAGATTTGCAGTCGG-1,Layer_3,6
ATAGCAACTAGGGAAG-1,Layer_3,7
ATAGCCATAACAGTCA-1,Layer_3,1
ATAGCCTCAGTACCCA-1,Layer_1,5
ATAGCTGCTCTTGTTA-1,Layer_1,5
ATAGGAATCTAAGCTT-1,Layer_3,7
ATAGGCGGCTATAGAA-1,Layer_3,7
ATAGGCTAGCTTCGCA-1,Layer_2,4
ATAGGGATATCCTTGA-1,Layer_1,5
ATAGGTTGGGCAGATG-1,Layer_1,5
ATAGTCTTTGACGTGC-1,Layer_3,6
ATAGTGAAGCGTTCTC-1,Layer_3,6
ATAGTTCCACCCACTC-1,Layer_1,5
ATATAAAGCGCTCGTG-1,Layer_3,1
ATATAAATGTAGCTGC-1,Layer_3,7
ATATAACACGGGCGCA-1,Layer_3,7
ATATACATGTATGGTA-1,Layer_5,3
ATATACGCTCGTGACG-1,Layer_3,6
ATATAGAGTATTGGTC-1,WM,3
ATATCAACCTACAGAG-1,Layer_1,5
ATATCAATTCCAGCCT-1,Layer_6,3
ATATCGGTAGGGAGAT-1,Layer_1,5
ATATCGTGCCAGACCC-1,Layer_3,7
ATATCGTTCCTCGAAC-1,Layer_3,7
ATATCTCCCTCGTTAA-1,Layer_2,4
ATATCTTAGGGCCTTC-1,Layer_2,4
ATATGGGATAGCAACT-1,Layer_5,3
ATATGTCTAGAGCGTG-1,Layer_5,3
ATATGTCTCCCTAGCC-1,Layer_1,5
ATATGTGCACAAACCA-1,Layer_3,7
ATATTATCCCGTATTT-1,Layer_1,5
ATATTCAGTTAAACCT-1,Layer_3,7
ATATTCCACATAGTGA-1,Layer_3,7
ATATTCCCACAGGTCA-1,Layer_2,4
ATATTGCTGTCAAAGT-1,Layer_1,5
ATATTGGAGAGGCCTT-1,Layer_3,4
ATATTTAACCCTCAAG-1,Layer_2,4
ATCAAACACTGTTCCA-1,Layer_1,5
ATCAAACGAAGGTTTG-1,Layer_4,1
ATCAAAGAGCCGTGGT-1,Layer_6,3
ATCAAGATCCCAGGAC-1,Layer_5,3
ATCAATCTGGGCTGCA-1,Layer_1,5
ATCAATGCCGTGGCTG-1,Layer_6,3
ATCACATTAGAATATC-1,Layer_2,4
ATCACGTGCTAATTAA-1,Layer_3,7
ATCACTTCATCCTCGC-1,Layer_1,5
ATCAGACGGCACGCCG-1,Layer_3,7
ATCAGCCTCATGCTGC-1,Layer_3,7
ATCAGCTCGTCCACTA-1,Layer_5,3
ATCAGGTAGCTGACAG-1,Layer_2,4
ATCAGGTCGCCATTGC-1,Layer_3,7
ATCAGTAGGCAGGGAT-1,Layer_1,4
ATCATAGATCGACGAG-1,Layer_6,3
ATCATAGCCCTATGTA-1,Layer_3,6
ATCATCCAATATTTGT-1,Layer_3,6
ATCATCTGCCCAGTGT-1,Layer_3,7
ATCATGGACTACCGAC-1,Layer_1,5
ATCATTGTACCGCATT-1,WM,2
ATCCAACGCAGTCATA-1,Layer_1,5
ATCCAATGGAGGGTCC-1,Layer_3,7
ATCCAATGGTACCGAA-1,Layer_3,7
ATCCACATCGACAGAA-1,Layer_3,1
ATCCACGCTAAATGTT-1,Layer_3,7
ATCCAGAGCAACAACC-1,Layer_3,7
ATCCAGGATTCGTGAA-1,Layer_3,7
ATCCCATCCACAGCGC-1,Layer_6,3
ATCCCATTTCCGTGGG-1,Layer_5,3
ATCCGGACCAGCCTGA-1,Layer_3,7
ATCCTACCTAAGCTCT-1,Layer_3,7
ATCCTGAATCGCTGCG-1,Layer_3,7
ATCCTGCGTGGAATGG-1,Layer_3,7
ATCCTGCTGCAGATAG-1,Layer_2,4
ATCCTTCTGAAAGAAC-1,Layer_1,5
ATCGACCCAATACAGA-1,Layer_3,6
ATCGACTCTTTCCGTT-1,Layer_1,5
ATCGCACGATTGTTCA-1,Layer_1,5
ATCGCACGCCGGGAGA-1,Layer_1,5
ATCGCCAGTCAACATT-1,Layer_1,5
ATCGCCGTGGTTCATG-1,Layer_3,7
ATCGCTGCGTGCAGCA-1,Layer_3,4
ATCGCTTTACGTCTCA-1,Layer_2,5
ATCGGAGACAGACGGC-1,Layer_3,7
ATCGGCAAGCAGTCCA-1,Layer_2,4
ATCGGTTACCTAGTAA-1,Layer_3,7
ATCGTATTCCGAGAAC-1,Layer_3,7
ATCGTCCAATCGAGTC-1,Layer_1,5
ATCGTGGAAAGTCTGG-1,Layer_6,3
ATCGTTAGCTAGCGGA-1,Layer_3,6
ATCGTTCACTTTCGCC-1,Layer_3,6
ATCTAACGTCCCTATG-1,Layer_1,5
ATCTAATATCCTACGG-1,Layer_3,7
ATCTACCATCTGCTCC-1,Layer_4,1
ATCTAGCTTGTGAGGG-1,Layer_4,3
ATCTCATAAACCTACC-1,Layer_3,7
ATCTCCCACGGAATAT-1,Layer_3,6
ATCTCCCTGCAATCTA-1,Layer_2,4
ATCTCGTGAGCGAAAC-1,Layer_1,5
ATCTGACATGGAAGGA-1,Layer_5,3
ATCTGATAGTGTCTTA-1,Layer_1,5
ATCTGCACCTCTGCGA-1,Layer_1,5
ATCTGCTGTTATCGCC-1,Layer_5,3
ATCTGGGCTGTTCTTG-1,Layer_3,1
ATCTGGTTAAGACTGT-1,Layer_1,5
ATCTGTAATTGTACCC-1,Layer_1,5
ATCTTAGGGCATTAAT-1,WM,2
ATCTTATCGCACACCC-1,Layer_3,7
ATCTTGACCTGCAACG-1,Layer_1,5
ATCTTGACTTGTCCAA-1,Layer_1,5
ATCTTTCGTATAACCA-1,Layer_3,6
ATGAAGCCAAGGAGCC-1,Layer_1,5
ATGAAGTGGACCCAGC-1,Layer_3,7
ATGACGCCGGCTCTAA-1,Layer_1,5
ATGACGCGTTCTATCC-1,Layer_4,1
ATGACTATCAGCTGTG-1,Layer_5,3
ATGACTATGCGACATT-1,Layer_2,6
ATGAGGAGTGTTAATC-1,Layer_2,4
ATGAGGGCAGCGGCTA-1,Layer_1,5
ATGATCGGGAATAGAC-1,Layer_1,5
ATGATGCAATGGTACA-1,Layer_3,7
ATGCACCTTCCTTAAT-1,Layer_2,4
ATGCACGCGCTGTTCA-1,Layer_6,3
ATGCACTACCGCATTG-1,Layer_1,5
ATGCATGATCCAGGAT-1,Layer_1,5
ATGCATTCCGTGATGG-1,Layer_3,6
ATGCCAATCGCTCTGC-1,Layer_3,7
ATGCCATTTGCGACCA-1,Layer_1,5
ATGCCGGTCTTGCATA-1,Layer_1,5
ATGCCGGTTGATGGGA-1,Layer_2,4
ATGCGACAATTGGTCC-1,Layer_3,7
ATGCGACAGTCCCATT-1,Layer_1,5
ATGCGAGTCCCACCAC-1,Layer_1,5
ATGCTCAGTGTTGCAT-1,Layer_1,5
ATGCTCTGGCGCGGTA-1,Layer_3,7
ATGCTTAGGAGTTGAT-1,Layer_2,4
ATGGAAATTTAAGGAG-1,Layer_5,3
ATGGAACCTTTGCACA-1,Layer_1,5
ATGGACTGCTTAGTTG-1,Layer_6,3
ATGGAGCAGGCCGTGA-1,Layer_2,4
ATGGATCCGGCGTCCG-1,Layer_2,4
ATGGATTGACCAAACG-1,Layer_1,5
ATGGCAGCATTACGAT-1,Layer_6,3
ATGGCAGCCGAGAAAC-1,Layer_3,7
ATGGCCCGAAAGGTTA-1,Layer_3,1
ATGGCGGAATAGTCGC-1,Layer_2,4
ATGGCTGGAAATGGCC-1,Layer_3,6
ATGGGAACGGAAGCGG-1,Layer_3,7
ATGGGACCTGCTGAAC-1,Layer_5,3
ATGGGCCTCGGCCTCT-1,Layer_2,5
ATGGGTGTATACCTCC-1,Layer_6,3
ATGGTATTGGGAACCG-1,Layer_5,3
ATGGTATTTACTGATT-1,WM,2
ATGGTCGCGTGGTTTC-1,Layer_2,4
ATGGTGCTCAAAGCCA-1,Layer_3,6
ATGTAAGGCTGCTCTT-1,Layer_1,5
ATGTACATGCGGTGAG-1,Layer_3,7
ATGTACGATGACGTCG-1,Layer_4,1
ATGTAGCGCGCGTAGG-1,Layer_4,1
ATGTCATAATAAACGA-1,Layer_6,3
ATGTCATTTCCCATTG-1,Layer_2,5
ATGTCTTGTTTGACTC-1,Layer_6,3
ATGTGAAAGCCTAATG-1,Layer_4,7
ATGTGCATCCGACGCA-1,Layer_1,5
ATGTGGACATCTTGAT-1,Layer_3,7
ATGTGTAGTTTAGTCA-1,Layer_3,6
ATGTTACGAGCAATAC-1,Layer_1,5
ATGTTCCTGCCCACCT-1,Layer_1,5
ATGTTCGTCGACCCAC-1,Layer_3,7
ATGTTGATTAGAGACT-1,Layer_3,7
ATGTTGTAGTCTGTTT-1,Layer_5,3
ATGTTTCGGCCCGGAG-1,Layer_2,4
ATGTTTGTAAGATCAT-1,Layer_3,7
ATTAAACATGCGGACC-1,Layer_3,7
ATTAACACCTGAGATA-1,Layer_2,4
ATTAATACTACGCGGG-1,Layer_1,5
ATTAATGAACCAGTCG-1,Layer_1,5
ATTAATTCGGTCACTC-1,Layer_2,4
ATTACAACTACCGGCC-1,Layer_3,6
ATTACATGTCAGTCTT-1,Layer_1,5
ATTACCACACTGCCTG-1,Layer_1,5
ATTACGACTCCACAGT-1,Layer_3,7
ATTACGCGCTGGCAGG-1,Layer_3,7
ATTACTAGCCTCTTGC-1,Layer_1,5
ATTACTTACTGGGCAT-1,Layer_2,4
ATTAGATTCCTCAGCA-1,Layer_2,4
ATTAGATTGATAGCGG-1,Layer_1,5
ATTAGGCGATGCTTTC-1,Layer_2,4
ATTATACTTTGCTCGT-1,Layer_2,4
ATTATAGCTACTTTAC-1,Layer_1,5
ATTATCGGAATGTACG-1,Layer_5,3
ATTATCTCGACAGATC-1,Layer_3,6
ATTATGAGACCCAATT-1,WM,2
ATTATGCCATAGGGAG-1,Layer_1,5
ATTATTATGTCCGTCA-1,Layer_5,3
ATTATTCAGAGTCACT-1,Layer_3,7
ATTCAAAGTACCTGTT-1,Layer_1,5
ATTCAACCATTTAAGG-1,Layer_3,6
ATTCACTGATGTTGGA-1,Layer_3,7
ATTCAGGACCTATTTC-1,Layer_2,4
ATTCAGGATCGCCTCT-1,Layer_3,7
ATTCAGTAGCAGGGTC-1,Layer_2,4
ATTCATATACTGTCCA-1,Layer_3,7
ATTCATCGTTGAGGCA-1,Layer_3,7
ATTCCCACATAAACAA-1,Layer_2,4
ATTCCCGAAGGTACAG-1,WM,2
ATTCCTAAGACGTGGA-1,Layer_3,6
ATTCCTCCGCCAGTGC-1,Layer_1,5
ATTCCTTCCAGGCGGT-1,Layer_1,5
ATTCGACGCCGGGCCT-1,Layer_3,7
ATTCGCAGAGGACACT-1,Layer_3,7
ATTCGCGCCTTGAGAG-1,Layer_3,7
ATTCGTCCCGAGGTTA-1,Layer_3,1
ATTCGTGCTATCTCTT-1,Layer_1,5
ATTCGTGTACCCATTC-1,Layer_4,1
ATTCGTTTATCGTATT-1,Layer_3,1
ATTCTCGTCTCTTTAG-1,Layer_1,4
ATTCTGAGTATGAACT-1,Layer_3,6
ATTCTTCGTACTTATG-1,Layer_3,6
ATTGAAGATCTTAGTG-1,Layer_2,4
ATTGAATTCCCTGTAG-1,Layer_3,1
ATTGACCGGCGATGAC-1,Layer_3,6
ATTGACGTAACTCGGT-1,Layer_3,6
ATTGATAGCAACGAGA-1,Layer_1,5
ATTGATCACCACATTT-1,Layer_5,3
ATTGATGAGTCCTAAC-1,Layer_1,5
ATTGCCTATTAGACCG-1,Layer_6,3
ATTGCCTTTATGTTTG-1,Layer_3,7
ATTGCGATCAGTAACT-1,Layer_2,4
ATTGCTGCTCCTCCAT-1,Layer_3,6
ATTGGATTACAGCGTA-1,Layer_2,4
ATTGGGAATATCTTGG-1,Layer_1,4
ATTGGGAGTTCTGTAA-1,Layer_3,7
ATTGGTAGGATCCGCT-1,Layer_3,7
ATTGGTTGTGCATTAC-1,Layer_3,1
ATTGTACAACTCGGCT-1,Layer_1,5
ATTGTCGCAATACCTT-1,Layer_3,6
ATTGTCTGTTTCATGT-1,Layer_5,3
ATTGTGACTTCGCTGC-1,Layer_3,7
ATTGTTCAACGATCCG-1,Layer_1,5
ATTTAACTCGTATTAC-1,Layer_1,5
ATTTACAGTTTACTGG-1,Layer_2,4
ATTTACTAAGTCCATT-1,Layer_1,4
ATTTATACTGGTAAAG-1,Layer_5,3
ATTTCATTATTTCGCG-1,Layer_2,4
ATTTCCGGGTTCTGCG-1,Layer_4,1
ATTTGCCTAGTTACGA-1,Layer_3,6
ATTTGCGCGAGTAGCT-1,Layer_4,3
ATTTGGAGATTGCGGT-1,Layer_6,3
ATTTGTCTTGGGAGCT-1,Layer_1,5
ATTTGTTCCAGGGCTC-1,Layer_1,5
CAAACCAGGTCTGCAT-1,Layer_4,7
CAAACCATAAGCGTAT-1,Layer_4,3
CAAACCCTCCGGCGGG-1,Layer_4,3
CAAACGAGTATCGCAG-1,Layer_3,7
CAAACGGTCGCACTTT-1,Layer_2,4
CAAACGTGGTCTTGCG-1,Layer_3,7
CAAACTACGATAGAGA-1,Layer_3,6
CAAACTATTGAGCTTC-1,Layer_3,6
CAAACTCGCGACGCCG-1,Layer_1,5
CAAAGATTATTGGGCC-1,Layer_5,3
CAAAGGTCATCTGAAA-1,Layer_1,5
CAAAGTCAGGTTAGCT-1,Layer_1,5
CAAATCTCTCACAAGG-1,Layer_4,7
CAAATGCGGAGTGTTC-1,Layer_3,6
CAAATGTCCTTCCGTG-1,Layer_3,7
CAAATTGGATTATGCC-1,Layer_3,6
CAAATTGTCAGCAAGC-1,Layer_2,4
CAACACATCTCCTGCC-1,Layer_2,4
CAACAGAATAACGCTA-1,Layer_3,7
CAACAGTGCCAAACGG-1,Layer_3,6
CAACATGGCCTGATAA-1,Layer_1,5
CAACCAGTGGCCTACC-1,Layer_3,6
CAACCGCACCTAGACA-1,Layer_1,5
CAACCTACCGAGCAGT-1,Layer_3,6
CAACCTGAACCTGCCA-1,Layer_3,6
CAACGACCCGTTTACA-1,Layer_1,5
CAACGATCGATCCAAT-1,Layer_3,1
CAACGCGATGAGCCAA-1,Layer_6,3
CAACGGTTCTTGATAC-1,Layer_1,5
CAACGTGGTGGAGTCT-1,Layer_2,4
CAACTATATCGAATGC-1,Layer_2,4
CAACTCCAACGTTTAG-1,Layer_3,7
CAACTCCGTAACTTGC-1,Layer_3,7
CAACTCCTTGATCCCG-1,Layer_1,5
CAACTGAGGGTATGAC-1,Layer_3,7
CAACTGCTCATCCGAT-1,Layer_4,1
CAACTTGTAGTGGGCA-1,Layer_1,4
CAAGACTCAGAAGCGC-1,Layer_3,4
CAAGAGGGCGGAGTAC-1,Layer_3,6
CAAGATATTATAACGT-1,Layer_2,4
CAAGCAACGTCGGAGT-1,Layer_3,6
CAAGCACCAAATGCCT-1,Layer_1,5
CAAGCGGCACATAATT-1,Layer_3,7
CAAGGATCGCATGTTC-1,Layer_2,4
CAAGGCCAGTGGTGCA-1,Layer_3,7
CAAGGTCCTATAGGCT-1,Layer_1,5
CAAGTAAGTGATAGAC-1,Layer_5,3
CAAGTCGTTGAAATCT-1,Layer_6,3
CAAGTGAACTTTGGTT-1,Layer_3,6
CAAGTGTGGTTGCAAA-1,Layer_1,5
CAATAAACCTTGGCCC-1,Layer_1,5
CAATACGAGAGTCTGA-1,Layer_1,5
CAATACGCTCTGAGGC-1,Layer_4,7
CAATATGTAGATTTAC-1,Layer_3,7
CAATATTCTTGACCTA-1,Layer_4,1
CAATATTGGACTAGTG-1,Layer_1,5
CAATCCATTATCCGTT-1,Layer_3,7
CAATCCCTATACCAGC-1,Layer_3,6
CAATCCTGCCGTGGAG-1,Layer_1,5
CAATGACCCTTAATTT-1,Layer_5,3
CAATGAGGTTCGACTA-1,Layer_2,4
CAATGCGAGAAGTATC-1,Layer_3,7
CAATGGAATCTACATA-1,Layer_3,6
CAATGGATCTCTACCA-1,Layer_1,5
CAATGGTCGGCCTGGG-1,Layer_3,6
CAATGTGCCAACCCTT-1,Layer_1,5
CAATTAAGGGTGATGA-1,Layer_1,5
CAATTGGGCCGCACTC-1,Layer_6,3
CAATTTCGTATAAGGG-1,Layer_2,4
CAATTTGACCGGGAAG-1,Layer_1,5
CACAAACCGCAGAACT-1,Layer_3,7
CACAAGAAAGATATTA-1,Layer_3,7
CACAAGCTAAGAAAGG-1,WM,2
CACAATGAGCTGCTAT-1,Layer_3,7
CACACACGCTAACGAG-1,Layer_2,4
CACACAGCTTGCGCTC-1,Layer_1,5
CACACAGGGATAGATT-1,Layer_2,4
CACACGCGCTGTCTTA-1,Layer_1,5
CACACGTTTCAATGGG-1,Layer_3,7
CACACTTGTATTGCGA-1,Layer_3,7
CACAGAGACGAGGACG-1,Layer_6,3
CACAGCACCCACGGCA-1,Layer_1,5
CACAGCTAGGGAGTGA-1,Layer_1,5
CACAGGGCCATATAGT-1,Layer_3,6
CACAGGGCCGTTGTCA-1,Layer_4,1
CACAGTCCCGCTTCGC-1,Layer_3,6
CACAGTTCGCTTCCCA-1,Layer_2,4
CACATAAGGCGACCGT-1,Layer_2,5
CACATATTAGCAGGAT-1,Layer_3,7
CACATCGTGCACGCGC-1,Layer_5,3
CACATCTCACCGACGA-1,Layer_3,7
CACATGATTCAGCAAC-1,Layer_2,4
CACATGTTTGGACATG-1,Layer_1,5
CACATTCTTTCGATGG-1,Layer_2,4
CACATTTCTTGTCAGA-1,Layer_1,5
CACCAATCATCCGTCT-1,Layer_6,3
CACCACGCCACACAGA-1,Layer_4,7
CACCAGTCAGCATGCA-1,Layer_5,3
CACCATCGGAGGAGAC-1,Layer_2,4
CACCATGATCGCAAAG-1,Layer_3,7
CACCCAAATCTTATGT-1,Layer_1,5
CACCCACACGTCACCC-1,Layer_1,5
CACCCACGAGGCAATT-1,Layer_2,4
CACCCGCGTTTGACAC-1,Layer_3,1
CACCCGGTTTGTGACT-1,Layer_4,1
CACCCTAACAAGATCT-1,Layer_3,7
CACCCTTGGTGAGACC-1,Layer_5,3
CACCCTTTCCTCGCTC-1,Layer_1,4
CACCGATACACCGAGC-1,Layer_3,6
CACCGATGATGGGTAC-1,Layer_3,7
CACCGCCAGAAGGTTT-1,Layer_1,5
CACCGCCGACCAGCGA-1,Layer_3,6
CACCGCGTCCACTCTA-1,Layer_3,6
CACCGGAGATATCTCC-1,Layer_3,7
CACCGGGCATCACAAG-1,Layer_3,1
CACCGGTAGAGACATT-1,WM,2
CACCGTATCCCATCCG-1,Layer_2,5
CACCGTTAGGGATCAC-1,Layer_4,1
CACCGTTGCGCGATAT-1,Layer_4,1
CACCTAATAGAGTCGT-1,Layer_1,5
CACCTAATCAGTTTAC-1,Layer_1,5
CACCTCGATGGTGGAC-1,Layer_1,5
CACCTTGCGAAACTCG-1,Layer_1,5
CACCTTGGCGCCTTTG-1,Layer_1,5
CACGAAAGTTAGTCCC-1,Layer_3,7
CACGACCACAGACTTT-1,Layer_3,7
CACGACGTAATAGTAA-1,Layer_3,7
CACGACTAAAGTTCTG-1,Layer_3,6
CACGAGCAAACCAGAC-1,WM,2
CACGATTGGTCGTTAA-1,Layer_3,6
CACGCACAGCGCAGCT-1,Layer_1,5
CACGCAGCGAGGCTTT-1,Layer_2,4
CACGCGGAACTGTTGC-1,Layer_1,5
CACGGACGTGGATGGC-1,Layer_3,6
CACGGCGCGCCAAAGG-1,Layer_3,6
CACGGGATTGAGGGTT-1,Layer_3,7
CACGTCAATCAATGGA-1,Layer_3,6
CACGTCGGCAACCTCT-1,Layer_4,1
CACGTCGGGTTCTAGA-1,Layer_1,5
CACGTCTATGATGTGG-1,Layer_3,7
CACGTTCGTGCTCTAG-1,Layer_1,5
CACGTTTCGTACACAC-1,Layer_3,6
CACTAAAGTTGCCTAT-1,Layer_2,6
CACTACGGGAGCTGCC-1,Layer_3,6
CACTACTCAGTTCTGT-1,Layer_3,6
CACTCAAGAGCTATGG-1,Layer_3,6
CACTCAGCTCTTGAGG-1,Layer_3,6
CACTCCTATGTAAGAT-1,Layer_4,1
CACTCCTCTCGGTCGG-1,Layer_3,6
CACTCGAGCTGAACAA-1,Layer_3,7
CACTCGGTTAGGAGGA-1,Layer_3,7
CACTCTCAAGCATCGA-1,Layer_5,3
CACTCTTCTGCTAGCC-1,Layer_3,6
CACTGACGATTGTGGA-1,Layer_5,3
CACTGTCCAAGTGAGA-1,Layer_1,5
CACTTAATCAGACGGA-1,Layer_2,6
CACTTCGCCACAGGCT-1,Layer_1,5
CACTTCGTCTTATCTC-1,Layer_1,5
CAGAACTTAGCCCTCT-1,Layer_3,7
CAGAATAACACACGGA-1,Layer_2,4
CAGAATATTCGTTATC-1,Layer_1,5
CAGACACCGATCGCTG-1,Layer_3,1
CAGACCTGTAAGTGTT-1,Layer_1,5
CAGACGAACCTGATAC-1,Layer_3,7
CAGAGACGGTCACCCA-1,Layer_3,7
CAGAGCATGAGCTTGC-1,Layer_1,5
CAGAGCGATGGATGCT-1,Layer_3,7
CAGAGGCGATGCATGA-1,Layer_4,1
CAGAGTGATTTAACGT-1,Layer_3,6
CAGATAATGGGCGGGT-1,Layer_3,7
CAGATACTAACATAGT-1,Layer_1,5
CAGATATGAAGATGAC-1,Layer_6,3
CAGATCATTTAAAGTC-1,Layer_3,4
CAGATCCTGGTTTGAA-1,Layer_5,3
CAGATGTTTGTCCCAA-1,Layer_6,3
CAGCAGCCCGTTCCTT-1,Layer_1,5
CAGCAGTCCAGACTAT-1,Layer_2,5
CAGCAGTCTGTGCTGC-1,Layer_3,7
CAGCCCTCACAGGCAG-1,Layer_3,6
CAGCCGGGCCCTCTAT-1,Layer_3,6
CAGCCTCCTGCAGAGG-1,Layer_1,5
CAGCCTCGATAGCGGT-1,Layer_3,7
CAGCCTCTCCTCAAGA-1,Layer_3,6
CAGCGATTCCCTTCAA-1,Layer_4,1
CAGCGCCAACACGATA-1,Layer_4,7
CAGCTCACTGAGACAT-1,Layer_2,4
CAGCTCGACAAGTTAA-1,Layer_1,5
CAGCTCGTGCTTGTGT-1,Layer_1,5
CAGCTCTGGGCTCACT-1,Layer_6,3
CAGCTGGCGTAACCGT-1,Layer_4,1
CAGCTTAGTAGGTAGC-1,Layer_3,7
CAGGAAGACTTTATAT-1,Layer_3,6
CAGGACAGCTGCCCTT-1,Layer_2,4
CAGGATATATCGTTGT-1,Layer_3,7
CAGGATCCGCCCGACC-1,Layer_3,6
CAGGCAGTCTTACCAG-1,Layer_3,7
CAGGCCAGTACCACCT-1,WM,2
CAGGCCGTTTGGGTGT-1,Layer_3,7
CAGGCGCACGGTGGTC-1,Layer_5,3
CAGGCGCCATGCTAGG-1,Layer_3,7
CAGGGAGATAGGCCAG-1,WM,2
CAGGTTTAGTACTACA-1,Layer_3,7
CAGTAACTATTTATTG-1,Layer_3,4
CAGTAAGGGACGTCTC-1,WM,2
CAGTAATCCCTCCCAG-1,Layer_1,5
CAGTACATTCTCTAAA-1,Layer_3,4
CAGTACCAGTTTACGT-1,Layer_4,1
CAGTAGATGATGTCCG-1,Layer_1,5
CAGTAGCCCACGCGGT-1,Layer_1,5
CAGTAGCGAGGTAGTA-1,Layer_2,5
CAGTCGAGGATGCAAT-1,Layer_2,4
CAGTCGGCCTAGATAT-1,Layer_5,1
CAGTCTCTCGGCTAAT-1,Layer_1,5
CAGTCTGTATACTGGG-1,Layer_3,6
CAGTGAATAAATGACT-1,Layer_1,5
CAGTGGTTGCACATGA-1,Layer_1,5
CAGTGTCCGCAGAATG-1,Layer_1,5
CAGTGTCGGCTGGCCC-1,Layer_3,6
CAGTGTTAATCTCTCA-1,WM,2
CAGTTCAAATTGACAC-1,Layer_2,5
CAGTTCCGCGGGTCGA-1,Layer_2,4
CAGTTCGAGGACCCGA-1,Layer_5,3
CATAACGGACAGTCGT-1,Layer_1,5
CATAAGAAGCTTGGCT-1,Layer_3,7
CATAAGCTCTCCGTCT-1,Layer_4,7
CATAATGAGCGGGCGA-1,Layer_2,4
CATACAAAGCCGAACC-1,Layer_1,5
CATACACAAAGTCAGC-1,Layer_6,3
CATACACGGTTCCCAC-1,Layer_4,1
CATACCCGTACCCAGT-1,Layer_3,7
CATACGAACTAGCTGG-1,Layer_6,3
CATACGGCGTCTGGGC-1,Layer_3,6
CATACGGGTGCATGAT-1,Layer_1,5
CATACTATGTAATTGT-1,Layer_3,6
CATACTTAGGCAATAC-1,Layer_1,5
CATACTTCTTTCTCCG-1,Layer_5,3
CATAGAGGAGATACTA-1,Layer_3,1
CATAGCCGCCCGGGAT-1,Layer_2,6
CATAGCGTTGCCCACC-1,Layer_4,1
CATAGGGACACTTGTG-1,WM,2
CATAGTACATTGAGAG-1,Layer_2,4
CATAGTAGCATAGTAG-1,Layer_1,5
CATAGTCAAATACATA-1,Layer_3,7
CATAGTCCACAAGAAC-1,Layer_3,7
CATAGTGGGCACGCCT-1,Layer_3,7
CATATACTACTGATAA-1,Layer_3,6
CATATAGGTACAGTCA-1,Layer_3,7
CATATGTCAGGCTACG-1,Layer_4,1
CATATTATTTGCCCTA-1,Layer_3,6
CATCAAACTGGCGCCC-1,Layer_3,7
CATCAACACCTACTAA-1,Layer_1,5
CATCATCTACCCGGAC-1,Layer_3,6
CATCATTACCCTGAGG-1,Layer_3,4
CATCCAATATAGTTTG-1,Layer_6,3
CATCCCGAGATTCATA-1,Layer_3,7
CATCCGCAGGCCCGAA-1,Layer_1,5
CATCCTCTCAAAGATC-1,Layer_3,6
CATCGCCCGCGGCCAA-1,Layer_1,5
CATCGGACGGGTTAAT-1,Layer_3,6
CATCGTCCGGTTACTA-1,Layer_2,6
CATCTAGTGAAGGGAA-1,Layer_1,5
CATCTATCCCGTGTCT-1,Layer_3,4
CATCTGCAGGATCATT-1,Layer_3,7
CATCTTACACCACCTC-1,Layer_1,5
CATGAACCGACATTTG-1,Layer_1,5
CATGAACCTCTTATCA-1,Layer_3,6
CATGACTTCGCTGAAT-1,Layer_1,5
CATGAGATGCACTCTC-1,Layer_3,7
CATGAGTCCATCACGG-1,WM,2
CATGATACGGTGAAAC-1,Layer_5,3
CATGATCGCTTTGAGA-1,Layer_3,7
CATGATGCACAATTCT-1,Layer_1,5
CATGATGGAAGTTAGC-1,Layer_1,5
CATGCACATGAGAGGC-1,WM,2
CATGCACGTGTTACTG-1,Layer_3,7
CATGCATGGAGACCCT-1,Layer_3,6
CATGCCAACTCGCAAA-1,Layer_4,7
CATGCGACCAGTTTAA-1,Layer_2,4
CATGCGTTAGACAGAA-1,Layer_1,5
CATGCGTTGAGAGGAG-1,Layer_6,3
CATGCTGGCTCCAATT-1,Layer_2,4
CATGGAAATGGGACCA-1,Layer_3,7
CATGGATTGTCTTCCG-1,Layer_2,4
CATGGCAGGAAGATCG-1,Layer_1,5
CATGGCTCCCTATGTC-1,Layer_3,7
CATGGGTATGCCTTAT-1,Layer_3,7
CATGGGTCGGGTGTGG-1,Layer_2,4
CATGGTAAGTAGCGTT-1,Layer_3,6
CATGGTATTAGTTTGT-1,Layer_6,3
CATGGTCTAGATACCG-1,Layer_1,5
CATGGTTTATTAATCA-1,Layer_3,7
CATGTAAGAGACATTT-1,Layer_3,6
CATGTAGGAGCGCCAA-1,Layer_3,7
CATGTCTCATTTATGG-1,Layer_3,6
CATGTGGGCTCATCAC-1,Layer_4,3
CATTACATAGATTGTG-1,Layer_2,4
CATTACGCAGGAAGGG-1,Layer_3,7
CATTACGTCGGCCCGT-1,Layer_1,5
CATTATAACAGGGTCC-1,Layer_3,6
CATTATCCCATTAACG-1,Layer_6,3
CATTATGCTTGTTGTG-1,Layer_1,5
CATTCACTGACAGCTA-1,Layer_3,6
CATTCAGGTCAGTGCG-1,Layer_1,5
CATTCCCATTCCGTCG-1,Layer_2,4
CATTCCCTAAGTACAA-1,Layer_1,5
CATTCGTCGTAGCGGT-1,Layer_3,7
CATTGATGAACACGCC-1,Layer_3,6
CATTGCAAAGCATAAT-1,Layer_3,7
CATTGCGAAATGGGCG-1,Layer_3,7
CATTGCGGGTCAATTC-1,Layer_3,6
CATTGTGTGCTAGATC-1,Layer_1,5
CATTTAGCGGACCATG-1,Layer_1,5
CATTTATCGTTCAAGA-1,Layer_3,6
CATTTCTAGCAGACTA-1,Layer_1,5
CATTTGAGTGGTACGT-1,Layer_3,7
CCAAACAGAACCCTCG-1,Layer_1,5
CCAAAGCAGTTGGTTG-1,Layer_1,5
CCAAAGTCCCGCTAAC-1,Layer_2,4
CCAAATAACAAGATTC-1,Layer_1,5
CCAAATCAAAGGGCAA-1,WM,2
CCAACCTTATGTAACT-1,Layer_5,3
CCAACGATGCACTGAT-1,Layer_3,6
CCAACGCTTGCCAGGG-1,Layer_3,7
CCAACTTGATAGATCC-1,Layer_1,5
CCAAGAAAGTGGGCGA-1,Layer_3,7
CCAAGACTTCTGCGAA-1,Layer_1,5
CCAAGCGTAACTCGTA-1,Layer_1,5
CCAAGGAACAGAGAGG-1,Layer_1,5
CCAAGGTTGCCCTTTC-1,Layer_3,7
CCAAGTTTCTACAGAT-1,Layer_1,5
CCAATAGATTTCATCT-1,Layer_3,7
CCAATAGTGCCGTCGA-1,Layer_3,6
CCAATCGGTAGATCGA-1,Layer_3,6
CCAATGTCACAGCAAG-1,Layer_3,6
CCAATTACGGGTCGAG-1,Layer_2,4
CCAATTGAATGTTAAT-1,Layer_1,5
CCACAATGTACGTCTT-1,Layer_1,5
CCACACTGAGATATTA-1,Layer_3,7
CCACAGCTGAAATCAT-1,Layer_1,5
CCACAGTACCCATCCT-1,Layer_2,4
CCACATACTGCACCCA-1,Layer_1,5
CCACATGGCTCTTTAT-1,Layer_6,3
CCACCAACTTTACTGT-1,Layer_4,1
CCACCCAAGGAAAGTG-1,Layer_2,5
CCACCTGTATGGAATA-1,Layer_3,6
CCACGAATTTAACCTC-1,Layer_1,5
CCACGAGAAGAGAATC-1,Layer_2,4
CCACGGAGCCATAAGA-1,Layer_4,1
CCACGGCAGGTGTAGG-1,Layer_6,3
CCACGGTGCCCGGTAG-1,Layer_1,5
CCACGTAAATTAGACT-1,Layer_2,4
CCACTAAACTGAATCG-1,Layer_1,5
CCACTATCCGGGTCAC-1,Layer_2,4
CCACTCAGATCCGCAA-1,Layer_4,1
CCACTGGTGGCTGGTT-1,Layer_3,7
CCACTGTTTGGATTAA-1,Layer_3,6
CCACTTTCCTTCTAGG-1,Layer_3,1
CCAGAAACTGATGCGA-1,Layer_3,7
CCAGAAAGCAACTCAT-1,Layer_4,1
CCAGAGACAAAGCCGG-1,Layer_2,4
CCAGATAGTTGAGTGA-1,Layer_1,5
CCAGATGTAAATGGGT-1,Layer_3,7
CCAGCCTGGACCAATA-1,Layer_2,4
CCAGCGGGATCACCAG-1,Layer_2,4
CCAGCTACGCCTCATA-1,Layer_1,5
CCAGCTCGAACGCATT-1,Layer_4,1
CCAGCTGATGGTACTT-1,Layer_3,7
CCAGCTTCCGCCCGCA-1,Layer_3,6
CCAGGCGAGATGGTCT-1,WM,2
CCAGGCTGGCGTCTGA-1,Layer_2,4
CCAGGGACGTGGCCTC-1,Layer_1,5
CCAGTAGTCTGATCCA-1,Layer_1,5
CCAGTCAAATCTCTTA-1,Layer_4,1
CCAGTCCATTATTCGA-1,Layer_1,5
CCAGTCTAGACGGCGC-1,Layer_1,5
CCAGTCTTGTCATAGA-1,Layer_4,1
CCAGTGTACAGACCGA-1,WM,2
CCAGTTCGGTAACTCA-1,Layer_4,1
CCATAAACAACCCGAC-1,Layer_2,4
CCATAACCTGTGCAGT-1,Layer_5,3
CCATACCTTTACTTGT-1,Layer_1,5
CCATACTCGCCTCTCC-1,Layer_3,7
CCATAGAGGCTGCCAG-1,WM,3
CCATAGGTTGGCGTGG-1,Layer_1,5
CCATAGTCAGTAACCC-1,Layer_1,5
CCATATGGAAACTATA-1,Layer_2,4
CCATATTGGATCATGA-1,Layer_1,5
CCATCATAAGAACAGG-1,Layer_3,7
CCATCCATACCAAGTC-1,Layer_1,5
CCATCGCAGTTAAACT-1,Layer_3,7
CCATCTCACCAGTGAA-1,Layer_1,5
CCATCTTGTTCACAAT-1,Layer_2,4
CCATGCCCTAGATTTC-1,Layer_3,4
CCATGCCTGTTTAGTA-1,Layer_2,6
CCATGCTCTGCAGGAA-1,Layer_1,5
CCATGGCAAACGCTCA-1,Layer_6,3
CCATGGCCCTTGTACC-1,Layer_3,7
CCATGTTCATCTATAT-1,Layer_6,3
CCATTAGCGATAATCC-1,Layer_3,6
CCATTCCCTGCCCACA-1,Layer_3,6
CCATTGTTTCCTCCAT-1,Layer_3,4
CCATTTCTACCTATTA-1,Layer_3,7
CCCAAACATGCTGCTC-1,Layer_1,5
CCCAACATACGTCGCG-1,Layer_3,7
CCCAACCACACTAACA-1,Layer_3,6
CCCAAGAATGCACGGT-1,Layer_3,7
CCCAAGACAGAGTATG-1,Layer_3,6
CCCAAGTCATTACACT-1,Layer_3,7
CCCAATGAGATTTGCA-1,Layer_5,3
CCCAATTTCACAACTT-1,Layer_3,7
CCCACTCCACGGTATC-1,Layer_5,3
CCCAGAGGAGGGCGTA-1,Layer_3,4
CCCAGATTCCCGTGAC-1,WM,3
CCCAGGAAGAATTCGA-1,Layer_5,3
CCCAGGTCTGAAGGCT-1,Layer_1,4
CCCAGTAAACTTGGGA-1,Layer_5,3
CCCAGTTAAGGCGCCG-1,Layer_2,4
CCCATATAGGTCGATT-1,Layer_3,7
CCCATTATTGTATCCT-1,Layer_3,1
CCCGAAGTTTCGCGAA-1,Layer_4,1
CCCGACCATAGTCCGC-1,Layer_1,5
CCCGAGTTTCTCCGTA-1,Layer_1,5
CCCGATAGCCTCGCCT-1,Layer_2,5
CCCGCAAATAATCATC-1,Layer_6,3
CCCGCAGCGCGAACTA-1,Layer_3,7
CCCGCAGGGCCCAAAG-1,Layer_3,6
CCCGCCATGCTCCCGT-1,Layer_1,5
CCCGCGCAATGCACCC-1,Layer_1,5
CCCGCTAGAGGGTTAA-1,Layer_3,7
CCCGCTTGCCCTCGTC-1,Layer_3,4
CCCGGCACGTGTCAGG-1,Layer_3,1
CCCGGCTAGGTGAGAA-1,Layer_1,5
CCCGGGTCGTTCAGGG-1,Layer_4,3
CCCGGTGGAAGAACCT-1,Layer_2,4
CCCGGTGTATCGGAAT-1,Layer_5,3
CCCGTAAGTCTAGGCC-1,Layer_3,7
CCCGTAGCTGGGAAGA-1,Layer_4,1
CCCGTCAGCGTCTGAC-1,Layer_1,5
CCCGTGACAGTGCCTT-1,Layer_4,3
CCCGTGAGGGCGGTGA-1,Layer_5,1
CCCGTTTCGCAGATGT-1,Layer_2,5
CCCTACCCACACCCAG-1,Layer_4,1
CCCTACTTGAACAATG-1,Layer_4,1
CCCTAGCTCTAAGGTC-1,Layer_6,3
CCCTAGGCAACAAGAG-1,Layer_5,1
CCCTAGTGTCAGGTGT-1,Layer_1,5
CCCTATGTAGAGCAGA-1,Layer_5,3
CCCTCAAGCTCTTAGT-1,Layer_2,4
CCCTCAGATCGAGAAC-1,WM,2
CCCTCATCACAGAGTA-1,WM,2
CCCTCATTCTGGAATT-1,Layer_1,5
CCCTCCTCGCTCGTAT-1,Layer_1,5
CCCTCGATAATACACA-1,Layer_6,3
CCCTCGGGAGCCTTGT-1,Layer_3,6
CCCTGAAATGAGTTGA-1,Layer_3,6
CCCTGACTAACAAATT-1,Layer_3,7
CCCTGATGTAACTCGT-1,Layer_1,5
CCCTGCCCAATCCGCT-1,Layer_3,7
CCCTGCGCTACGCATA-1,Layer_3,7
CCCTGGCTGTTCCTTC-1,Layer_5,1
CCCTGGGAGGGATCCT-1,Layer_5,3
CCCTGGTATGGGCGGC-1,Layer_3,6
CCCTGTTGGCAAAGAC-1,Layer_1,5
CCCTTCTCGTACGCGA-1,Layer_2,5
CCCTTTAATGGAGTTC-1,Layer_3,7
CCCTTTGACAGGTCTT-1,Layer_3,7
CCGAAAGTGGTGAGCA-1,Layer_1,5
CCGAACACTGGGCCTC-1,Layer_4,1
CCGAACCTTCCCGGCC-1,Layer_3,7
CCGAAGCATTGACCAA-1,WM,2
CCGAAGGGCGTACCGC-1,Layer_3,6
CCGAAGTATATTGTTC-1,Layer_2,4
CCGACAAACACATGAG-1,Layer_1,5
CCGACAAAGGGAGTGC-1,Layer_3,7
CCGACAATAGGCCGCC-1,Layer_3,4
CCGACGGGCATGAGGT-1,Layer_5,3
CCGACGTAAACACAAC-1,Layer_3,6
CCGACTCGCATAGTCT-1,Layer_3,6
CCGAGAAGTCGCATAA-1,Layer_1,5
CCGAGCTGTGCTTGTC-1,Layer_3,6
CCGAGGGATGTTAGGC-1,Layer_3,6
CCGATATGACGTAAGG-1,Layer_2,4
CCGATCTCAACCTTAT-1,Layer_1,5
CCGATCTTAAGAGGCT-1,Layer_3,7
CCGATTCGAGGGACCC-1,Layer_3,7
CCGATTGGTCAATGAA-1,Layer_3,7
CCGCACAAAGACCAAC-1,Layer_1,5
CCGCACACGAACGTGT-1,Layer_1,5
CCGCACGTGACCTCGG-1,Layer_3,6
CCGCACTTGCAATGAC-1,Layer_3,7
CCGCATGTGGTACGAT-1,Layer_3,7
CCGCCACCACAATCCA-1,Layer_3,6
CCGCCGGAACTTCTCG-1,Layer_5,3
CCGCCGGTCAACACAC-1,Layer_1,5
CCGCCGTTGAGGATAA-1,Layer_1,5
CCGCCTGCGAATTGGT-1,Layer_3,6
CCGCCTTGCGATGTCG-1,Layer_4,1
CCGCGATTTGGTAGGT-1,Layer_4,7
CCGCGCAAGATACCCA-1,WM,2
CCGCGGAATGCGTCAC-1,Layer_3,7
CCGCGGGTACGAAGAA-1,Layer_3,7
CCGCGTAGGTAAGGGC-1,Layer_3,7
CCGCTATCAGCACCAG-1,Layer_3,7
CCGCTCCAGGGCGATC-1,Layer_5,3
CCGCTCCGGATAAGCT-1,WM,2
CCGCTCTTCCGAACTA-1,Layer_3,7
CCGCTGGTGCCATTCA-1,Layer_3,6
CCGCTTACCTCACTCT-1,Layer_3,1
CCGCTTCGCGGTTAAC-1,Layer_3,4
CCGCTTGCTGACATGG-1,Layer_2,4
CCGGAAGTGCAATATG-1,Layer_3,1
CCGGAAGTTATCAGTC-1,Layer_1,5
CCGGAATGGTTTCAGT-1,Layer_2,4
CCGGAGCGTACTTTCT-1,Layer_4,1
CCGGAGGTCTTATGGT-1,Layer_3,7
CCGGCACGACCGTTTC-1,Layer_1,5
CCGGCCGCGAGCATAT-1,Layer_6,3
CCGGCGCATATTGGAT-1,Layer_1,5
CCGGCGTGAGACTCTG-1,Layer_5,1
CCGGGACCCGCAGAGA-1,Layer_1,5
CCGGGCGGTCTCGTCA-1,Layer_1,5
CCGGGCTAAGAATTTC-1,WM,2
CCGGGCTGCTCCATAC-1,Layer_1,5
CCGGGTTCGAGGTTAC-1,Layer_3,7
CCGGTAATGGCTAGTC-1,Layer_1,5
CCGGTATCTGGCGACT-1,Layer_5,3
CCGGTGCGAGTGATAG-1,Layer_1,5
CCGGTTTGTAATTGTG-1,Layer_4,1
CCGTAAGTTGGTCCCA-1,Layer_1,5
CCGTACCCAAGCGCCA-1,Layer_1,5
CCGTAGGAAATCCCTG-1,Layer_3,6
CCGTAGGGTTGTTTAC-1,Layer_3,6
CCGTATCTCGTCGTAG-1,Layer_5,3
CCGTATTAGCGCAGTT-1,Layer_3,6
CCGTCAACCTCTGGCG-1,WM,2
CCGTGAGGCATTCATG-1,Layer_1,5
CCGTGCCCATGACGGC-1,Layer_1,5
CCGTGGAACGATCCAA-1,Layer_2,4
CCGTGTTAAATTCCAT-1,Layer_4,1
CCGTTACGTTAGAACA-1,Layer_2,4
CCGTTCCGAATCTCGG-1,Layer_3,7
CCGTTTCCTTTCCGTG-1,Layer_6,3
CCTAAACAGGGTCCGT-1,Layer_3,6
CCTAAAGGCTGACGCT-1,Layer_3,6
CCTAAATTAACGGTTC-1,Layer_3,6
CCTAAATTGTATCCTA-1,Layer_1,5
CCTAACCCAAACAAGT-1,Layer_2,4
CCTAACTAAGGCTCTA-1,Layer_2,4
CCTACAAGTCCGGAAT-1,Layer_3,7
CCTACAGTTGAGGGAG-1,Layer_5,3
CCTACATTCACAGACG-1,Layer_4,1
CCTACGCGACCTTACA-1,Layer_3,7
CCTACGGCTCAGTCGA-1,Layer_1,5
CCTACTCAACACGATT-1,Layer_3,7
CCTACTGCGGCGGCCA-1,Layer_3,6
CCTACTGCTTACACTT-1,Layer_1,5
CCTAGGCGTAGCGATC-1,Layer_1,5
CCTAGGTAAAGGTAGC-1,Layer_5,3
CCTAGTTAGTCGCATG-1,Layer_3,6
CCTATAATGAGTGCCC-1,Layer_3,7
CCTATACCGTCCTGTC-1,Layer_4,1
CCTATATCGTGTCACG-1,Layer_6,3
CCTATATTTGTCCTGG-1,Layer_4,1
CCTATCTATATCGGAA-1,Layer_1,4
CCTATGAAGTGGTGCC-1,Layer_1,5
CCTATGGCTCCTAGTG-1,Layer_6,3
CCTATGGGTTACCGTC-1,Layer_1,5
CCTATGGTCAAAGCTG-1,Layer_4,3
CCTATGTCCACTCCAC-1,Layer_3,7
CCTATTATTCCGGCCG-1,WM,2
CCTCAACGATCGCTGT-1,Layer_6,3
CCTCACCAATCTTGAC-1,Layer_1,5
CCTCACCTGAGGGAGC-1,Layer_1,5
CCTCACCTTAGCATCG-1,Layer_1,5
CCTCACGTCAGCTAAT-1,Layer_3,6
CCTCATGCAGCTACGA-1,Layer_1,5
CCTCCCGACAATCCCT-1,Layer_3,4
CCTCCGACAATTCAAG-1,Layer_3,7
CCTCCTAGCTAGAGTC-1,WM,2
CCTCCTGAGCCCACAT-1,Layer_4,7
CCTCCTGTTGTGTCGT-1,Layer_3,7
CCTCGAAGTGGACGGG-1,Layer_2,4
CCTCGACCCACTGCCT-1,Layer_3,6
CCTCGCCAGCAAATTA-1,Layer_1,5
CCTCGCGCGATATAGG-1,Layer_2,4
CCTCGCGCTGTGCGAT-1,Layer_3,1
CCTCGGACCGGGATAG-1,Layer_1,5
CCTCGGATGCTACCTG-1,Layer_3,7
CCTCGGTTTCCTTGCC-1,Layer_6,3
CCTCGTTACGCCTGTT-1,Layer_3,7
CCTCTAATCTGCCAAG-1,Layer_1,5
CCTCTACAAGGATTGG-1,Layer_6,3
CCTCTATCGATTAGCA-1,Layer_5,3
CCTCTCTCCCATCTAG-1,Layer_3,6
CCTCTGGCCTAGACGG-1,Layer_2,4
CCTCTGTACTATTCTA-1,Layer_3,7
CCTGAACGATATATTC-1,Layer_1,5
CCTGAATATTTACATA-1,Layer_1,5
CCTGACAAACTCGCGC-1,Layer_2,4
CCTGACCACCGATGGT-1,Layer_3,7
CCTGACGCAACCTTTA-1,Layer_3,7
CCTGAGAATAAATGCA-1,Layer_6,3
CCTGATTCGCGAAGAA-1,Layer_4,1
CCTGCCCGTTGTCTAG-1,Layer_3,7
CCTGCGATAGAACTGT-1,Layer_1,5
CCTGCGTTCTACGCTT-1,Layer_3,7
CCTGCTACAACCATAC-1,Layer_3,1
CCTGCTATTTGAGAAG-1,Layer_1,5
CCTGGAAACGTTCTGC-1,Layer_1,5
CCTGGCTAGACCCGCC-1,Layer_2,4
CCTGGTCGAATGTGGG-1,Layer_3,1
CCTGTAAGACATGATA-1,Layer_3,6
CCTGTACTCACGCCCA-1,Layer_3,7
CCTGTCACCCGGGCTC-1,Layer_1,5
CCTGTCCCTCACGTTA-1,Layer_1,5
CCTGTCGCCCGTAAAT-1,Layer_2,4
CCTGTCGTGTATGAAG-1,WM,2
CCTGTGAAACCGTAAC-1,Layer_3,7
CCTGTGCGGATTGTAA-1,Layer_3,7
CCTGTTCAACCTCGGG-1,Layer_5,3
CCTGTTTGAAGACACG-1,Layer_3,6
CCTTAAGTACGCAATT-1,Layer_4,1
CCTTCAGTTAAAGTGA-1,Layer_4,3
CCTTCCGCAACGCTGC-1,WM,2
CCTTCGTATAGAATCC-1,Layer_5,3
CCTTCTCAGCGTTCCT-1,Layer_4,1
CCTTCTTGATCCAGTG-1,Layer_1,5
CCTTGACCACTTTATT-1,Layer_2,4
CCTTGTGAACGTGGTT-1,Layer_6,3
CCTTTAAGGGAGCACT-1,Layer_4,1
CCTTTCAATGAAGAAA-1,Layer_2,4
CCTTTGAATTATGGCT-1,Layer_6,3
CGAAACATAGATGGCA-1,Layer_3,6
CGAAACGCAATTCATG-1,Layer_3,7
CGAACAGTATGGGCGT-1,Layer_2,4
CGAACATAGTCAGAAA-1,Layer_3,7
CGAACCCGCATGCGTC-1,Layer_3,7
CGAACCTCTTTCCTAG-1,WM,2
CGAACGCCCAGTGCCG-1,Layer_2,4
CGAACGGCCGGACAAC-1,Layer_4,1
CGAAGACGGTGAGTGC-1,Layer_3,7
CGAAGACTGCCCGGGA-1,Layer_3,6
CGAAGATCAGTTTCAT-1,Layer_5,3
CGAAGCTATAAATTCA-1,Layer_3,4
CGAAGGGTTTCAGATT-1,WM,2
CGAAGTTGCTCTGTGT-1,Layer_3,6
CGAATCTGCTCGACGC-1,Layer_6,3
CGAATGAAGTCATTGC-1,Layer_6,3
CGAATGACGCATAATG-1,Layer_4,1
CGAATGGTAGGTCGTC-1,WM,2
CGAATTACATGGTGTT-1,Layer_3,7
CGAATTCCCGGTTCAA-1,Layer_3,7
CGACAATTTGATCTAA-1,Layer_1,5
CGACACCGCTTAAGGA-1,Layer_3,7
CGACACGCTCCGACAG-1,Layer_2,5
CGACAGTTCGCGTTAT-1,Layer_3,6
CGACATGCGATCTTCT-1,Layer_3,6
CGACCCTTAACGCCGG-1,Layer_5,3
CGACCGTTGGTATTCG-1,WM,2
CGACCTACTAGACAAT-1,Layer_5,1
CGACGCATCCGTACCT-1,Layer_5,3
CGACTCAGGATGTTAT-1,Layer_1,4
CGACTCGGTACACGGT-1,Layer_3,7
CGACTTGCCGGGAAAT-1,WM,2
CGACTTTGTATAGCCT-1,Layer_1,5
CGAGACCCTAGAGTGT-1,Layer_3,7
CGAGACTACTGCTGCT-1,Layer_3,1
CGAGAGATGTGAACCT-1,Layer_1,5
CGAGAGCGCGTAGATA-1,Layer_5,1
CGAGAGCTTTCACTAC-1,Layer_3,7
CGAGAGGGTAGCCGCG-1,Layer_3,4
CGAGATGTTGCCTATA-1,Layer_2,5
CGAGATTTCGCTCGGG-1,Layer_1,5
CGAGCACTTCAAGTTT-1,Layer_2,4
CGAGCCGAGCACTCGA-1,Layer_1,5
CGAGCGTTGATCAGCC-1,Layer_1,5
CGAGCTGGGCTTTAGG-1,Layer_1,5
CGAGGAGCTTCCATAT-1,Layer_3,6
CGAGGATCGGGAACGA-1,Layer_2,4
CGAGGCCAGGCATTGG-1,Layer_1,5
CGAGGCTAAATATGGC-1,Layer_1,5
CGAGGGACTGCGGTCG-1,Layer_1,5
CGAGGGTATCCAGGTG-1,Layer_4,1
CGAGTACTAAAGAGGA-1,Layer_3,7
CGAGTGAAGGTACCAG-1,Layer_5,3
CGAGTGCTATAGTTCG-1,Layer_1,5
CGAGTTCTGTCCCACC-1,Layer_1,5
CGAGTTTATCGGACTG-1,Layer_1,5
CGATAATACTCAGGTT-1,Layer_1,5
CGATACCTCGCGGACA-1,Layer_3,7
CGATAGCGATACAGTG-1,WM,2
CGATAGTCGTACTGCA-1,Layer_3,7
CGATATTAGCCGCAGG-1,Layer_1,5
CGATCATTAGAGGCAC-1,Layer_3,7
CGATCCACCATTGTTG-1,Layer_5,3
CGATCCGACCCAGTGC-1,Layer_3,7
CGATCCTCGCAACATA-1,Layer_5,3
CGATCGAGAAGCACCA-1,Layer_5,3
CGATCTGTTGGAGGAC-1,Layer_4,7
CGATGGACCCTACGCC-1,Layer_2,4
CGATGTTGTTATCTAC-1,Layer_6,3
CGATTAAATATCTCCT-1,Layer_3,1
CGATTCGCCTGGCTGC-1,Layer_3,7
CGATTTGTCATTAATG-1,WM,2
CGCAAACACGAGTTAC-1,Layer_2,4
CGCAATCGATCATTAG-1,Layer_3,7
CGCAATTACTTTCGGT-1,Layer_1,5
CGCAATTAGGGTAATA-1,Layer_2,4
CGCAATTCTACAATAA-1,Layer_2,4
CGCACATGTCCACTAC-1,Layer_1,5
CGCACGTCTGTTTATG-1,Layer_6,3
CGCACGTGCGCTATCA-1,Layer_1,5
CGCAGAAACATTTGCG-1,Layer_2,4
CGCAGATCTTCACCCG-1,Layer_3,4
CGCAGGCGATCCAAAC-1,Layer_2,4
CGCAGTTCTATCTTTC-1,Layer_3,1
CGCATCATGGCTTCAG-1,Layer_3,6
CGCATCCATCAGCCAG-1,Layer_2,4
CGCATGCCGAATGCGT-1,Layer_3,7
CGCATGGTGCGATGCT-1,Layer_3,6
CGCATTAGCTAATAGG-1,Layer_1,5
CGCCAAGAAGCCGAGT-1,Layer_3,7
CGCCACAGGTCGCGAT-1,Layer_5,3
CGCCACCCGCATTAAC-1,Layer_1,5
CGCCATCCGATTATGA-1,Layer_1,5
CGCCCAGCACGCCTAG-1,Layer_4,1
CGCCCAGCGTTTCACG-1,Layer_3,7
CGCCCGCTTCCGTACA-1,Layer_2,4
CGCCCTAATTGTTCAA-1,WM,2
CGCCCTTACATCCACC-1,Layer_3,7
CGCCCTTGAAGGCTGA-1,Layer_2,4
CGCCGACTATTCGCTA-1,Layer_3,7
CGCCGCCCATGCCTGT-1,Layer_1,5
CGCCGCGTTCTGAACG-1,Layer_6,3
CGCCGGTGTCGCAGTA-1,Layer_3,7
CGCCGTCTACCCATCG-1,Layer_1,5
CGCCGTTCAGCATAGT-1,Layer_3,6
CGCCTCCCTCCTCTAT-1,Layer_3,6
CGCCTGGCCTACGTAA-1,Layer_3,7
CGCCTTTAGCATGCTC-1,Layer_1,5
CGCGAAGTGGCATACT-1,Layer_3,7
CGCGACACTGCGCAGC-1,Layer_2,6
CGCGACCGCGACAGAT-1,Layer_3,7
CGCGAGAGGGACTTGT-1,Layer_3,6
CGCGAGTCTGCCGGGT-1,Layer_5,1
CGCGCAAATGTCCAGA-1,Layer_5,3
CGCGCAAGGAACTACA-1,Layer_1,5
CGCGCATGTTTGATTG-1,Layer_3,7
CGCGCCCGACTTAATA-1,Layer_1,5
CGCGGCAGTATTACGG-1,Layer_1,5
CGCGGCTCAACTTGAA-1,Layer_1,5
CGCGGGAATTAGGCAG-1,Layer_1,5
CGCGGGAATTCCTTTC-1,Layer_4,1
CGCGGTAAGTCTAGCT-1,Layer_2,4
CGCGGTACGGTATACA-1,Layer_3,6
CGCGGTCACAAACCAA-1,Layer_3,6
CGCGTCATATTAAACC-1,Layer_3,6
CGCGTGCTATCAACGA-1,Layer_2,5
CGCGTTCATGAAATAC-1,Layer_1,5
CGCTACCGCCCTATGA-1,Layer_3,4
CGCTACGGGACATTTA-1,Layer_3,7
CGCTAGAGACCGCTGC-1,Layer_1,5
CGCTATACCGCCCACT-1,Layer_1,5
CGCTATTCAATGTATG-1,Layer_1,5
CGCTATTCTTAGGCTC-1,Layer_3,6
CGCTCGACATAATGAT-1,Layer_1,5
CGCTCTCCGTAGATTA-1,Layer_3,6
CGCTGAGGACGTCCAA-1,Layer_2,4
CGCTGGTGACTACCCT-1,Layer_1,5
CGCTGTGACGCCGCAC-1,Layer_1,5
CGCTGTGTGGATGTTG-1,Layer_4,3
CGCTTAGTATTGATAC-1,Layer_5,3
CGCTTATTCCCGGTCG-1,Layer_3,7
CGCTTCCACTGAAATC-1,Layer_1,5
CGCTTCGGTCTAAGAC-1,Layer_3,7
CGCTTGGACGGATAGA-1,Layer_3,7
CGCTTTCATACCGGTG-1,Layer_1,5
CGCTTTCCGCCAAGGT-1,Layer_5,3
CGCTTTCTTGCATTCG-1,Layer_1,5
CGGAAAGAATCAAACG-1,Layer_4,1
CGGAAAGCAAATGTGC-1,Layer_1,5
CGGAAATTTCACATCC-1,Layer_3,7
CGGAACGTAAACATAG-1,Layer_3,7
CGGACCTCTGTAGTTA-1,Layer_6,3
CGGACCTTTACGTCCC-1,Layer_5,3
CGGACGTTACTTGAAG-1,Layer_4,1
CGGAGCAATTTAATCG-1,Layer_3,1
CGGAGCATGGCGATCC-1,Layer_2,4
CGGAGCTTATAACACC-1,Layer_3,6
CGGAGTCCTAACCTGG-1,Layer_3,7
CGGAGTTTGAGAGACA-1,Layer_3,6
CGGATAAGCGGACATG-1,Layer_1,5
CGGATCCTCAAGGACT-1,Layer_3,7
CGGATGAATGCTGTGA-1,WM,2
CGGATTCTGCCTTATG-1,WM,2
CGGCAAACATCGTGCG-1,Layer_3,7
CGGCAATAAGATCGCC-1,Layer_2,4
CGGCACCGTTAGCGCC-1,Layer_3,6
CGGCACTCAAGAAAGT-1,Layer_1,5
CGGCAGGGTCGGGTTG-1,Layer_1,5
CGGCCACGCACAAAGT-1,Layer_2,4
CGGCCAGAGCGACCAT-1,Layer_5,3
CGGCCCAACCTGTAGT-1,Layer_2,4
CGGCCCAGGTATATCC-1,Layer_1,5
CGGCGCCATCAATCCC-1,Layer_3,7
CGGCTCTAAAGCTGCA-1,Layer_1,5
CGGCTCTTCGTCGAAC-1,Layer_3,6
CGGCTGCAAGATTAAG-1,Layer_3,6
CGGCTTTGTATGATAA-1,Layer_2,4
CGGGAACGCCCTGCAT-1,WM,2
CGGGAAGTACCGTGGC-1,WM,2
CGGGAATATAGTATAC-1,Layer_1,5
CGGGAATTTATGTAAA-1,Layer_3,7
CGGGAGCTTCAGTGTA-1,Layer_2,4
CGGGAGTATACCGCCG-1,Layer_1,5
CGGGATCAATGTAAGA-1,Layer_1,5
CGGGCAGCTAAACCGC-1,Layer_2,4
CGGGCCATAGCCGCAC-1,Layer_1,5
CGGGCCTTCTTTGTAA-1,Layer_3,7
CGGGCGATGGATCACG-1,Layer_4,1
CGGGTGTACCCATTTA-1,Layer_1,5
CGGGTTCGGCACGTAT-1,Layer_3,7
CGGGTTGTAGCTTTGG-1,Layer_1,5
CGGGTTTGTTAGGGCT-1,Layer_2,4
CGGTACGGCAAACCCA-1,Layer_6,3
CGGTACTAGAATCAAA-1,Layer_2,4
CGGTAGAGGTGCAGGT-1,Layer_2,4
CGGTATAGGTATTAGC-1,Layer_3,6
CGGTATGGGCACTCTG-1,Layer_5,3
CGGTCAAGTGGGAACC-1,Layer_1,5
CGGTCAGTCCATATTT-1,Layer_3,4
CGGTCCATGAGACTCC-1,Layer_3,7
CGGTCCGTCGCAAGCC-1,Layer_5,3
CGGTCTATCAACCCGT-1,Layer_2,4
CGGTGAAGACTAAAGT-1,Layer_3,7
CGGTGCAGATAGAACG-1,Layer_3,7
CGGTGCGCGTTGGTCC-1,Layer_4,1
CGGTGGGCTCCAGCCT-1,Layer_3,6
CGGTGTACTTGATCCC-1,Layer_1,5
CGGTTATCCAACAGTG-1,Layer_1,5
CGGTTCAAGTAGGTGT-1,Layer_2,4
CGGTTCCGGCTTCTTG-1,Layer_1,5
CGGTTGACCTGGCATA-1,Layer_3,7
CGGTTGAGTATCCTTC-1,Layer_6,3
CGGTTGGGCAGGGTCC-1,Layer_5,3
CGGTTGGGTTCAAGTT-1,Layer_3,7
CGGTTTATGAAGGAAC-1,Layer_3,7
CGTAAACGCTTGAGTG-1,Layer_1,5
CGTAAAGCAAGAAATC-1,Layer_6,3
CGTAAATAACAAAGGG-1,Layer_6,3
CGTAACTTCGACACTT-1,Layer_5,3
CGTAATAATTACGAGT-1,Layer_1,5
CGTAATATGGCCCTTG-1,Layer_3,1
CGTACCGAAAGTCTAG-1,Layer_1,5
CGTACCTGATAGGCCT-1,Layer_1,5
CGTAGAGAGTAATTAT-1,Layer_3,1
CGTAGCGAATTGTCAG-1,Layer_2,4
CGTAGCGCCGACGTTG-1,Layer_2,4
CGTATCTAGAACTAAG-1,Layer_3,7
CGTATTAAGAGATCTA-1,Layer_2,4
CGTATTGTTTCCTAAT-1,Layer_3,6
CGTCAAATGGTCGCAG-1,Layer_3,7
CGTCAAGGCTATAAAT-1,Layer_3,7
CGTCAATCTTTAACAT-1,Layer_1,5
CGTCACGTCCATTGGT-1,Layer_3,7
CGTCAGCTATTTACTC-1,Layer_1,5
CGTCAGTGCGCACAAG-1,Layer_1,4
CGTCAGTTTATCGTCT-1,Layer_3,6
CGTCATACCATATCCA-1,Layer_2,5
CGTCCAGATGGCTCCA-1,Layer_1,5
CGTCCTCATCGCGTGC-1,Layer_3,7
CGTCGCATGTGAGCCA-1,Layer_3,1
CGTCGCGGCGGGATTT-1,Layer_1,5
CGTCGCTTGGTTATAC-1,Layer_6,3
CGTCGGATAGTGTTGA-1,Layer_1,5
CGTCGGGTCTAAGCGC-1,Layer_5,3
CGTCGTCCTTCGCGAA-1,Layer_3,7
CGTCTGGAAGGGCCCG-1,Layer_1,5
CGTCTTGAGTGTGACG-1,Layer_1,5
CGTGAAGTTAATTCAC-1,Layer_3,6
CGTGACATTGGGTCGT-1,Layer_3,6
CGTGACCAGTCCTCTG-1,Layer_4,1
CGTGCACACCACTGTA-1,Layer_4,1
CGTGCAGACTGGGACA-1,Layer_2,4
CGTGCATTGTCGACGC-1,Layer_3,7
CGTGCCCGACATTTGT-1,Layer_3,6
CGTGCCCTCCCGAAGA-1,Layer_2,6
CGTGCTGGCCTAGTCG-1,Layer_1,5
CGTGCTTCTACCTAAA-1,Layer_5,3
CGTGGAAGCCTCGTAC-1,Layer_1,5
CGTGGCCGAATATCTA-1,Layer_1,5
CGTGGTACCCAAAGGC-1,Layer_5,3
CGTGTATGGGAGCTGA-1,Layer_3,7
CGTGTCCCATTCGCGA-1,Layer_2,4
CGTGTCTCGTTACGAC-1,Layer_5,3
CGTGTGTTAAACCCTG-1,Layer_2,4
CGTTAAACTAGTTAGG-1,Layer_1,5
CGTTAAATACGACCAG-1,Layer_3,1
CGTTAATGTCCCGACG-1,Layer_3,7
CGTTAGCTCACAACTG-1,Layer_3,6
CGTTATCATACTTCCA-1,Layer_5,1
CGTTCAAGGAAACGGA-1,Layer_5,3
CGTTCAGACCCGCGAA-1,Layer_4,1
CGTTCATGGTGCGCGT-1,Layer_4,1
CGTTCTTCGCACACCT-1,Layer_3,6
CGTTGAATACCGCGCT-1,Layer_3,7
CGTTGAGCGACCGTCG-1,Layer_3,6
CGTTGAGTAATTGCGT-1,Layer_3,6
CGTTGCCCGCGTGGGA-1,Layer_5,3
CGTTGTAAACGTCAGG-1,Layer_2,4
CGTTGTAAGATTGATT-1,Layer_2,4
CGTTGTCGGCAATTGA-1,Layer_4,1
CGTTGTTTCAATTCCC-1,Layer_3,6
CGTTTAAGCGGAGCAC-1,Layer_1,5
CGTTTACAAGGCAGCT-1,Layer_3,6
CGTTTCACTTCGGGCG-1,Layer_3,4
CGTTTCGCTCATTACA-1,Layer_3,6
CGTTTCGGTTATATGC-1,Layer_3,1
CGTTTGGTGTTGTGGG-1,Layer_3,7
CGTTTGTGTAGAGGGT-1,Layer_4,1
CTAAACGGGTGTAATC-1,Layer_2,4
CTAAAGAATGCCTACT-1,Layer_3,7
CTAAAGGATGAGATAC-1,Layer_6,3
CTAAAGGGAAATAGGA-1,Layer_3,7
CTAAAGTCCGAAGCTA-1,Layer_1,5
CTAAATCCGGTGTACA-1,Layer_5,3
CTAAATCCTATTCCGG-1,Layer_1,5
CTAACAGCACAATAAC-1,WM,2
CTAACCGCGCGCCCGT-1,Layer_3,7
CTAACGAAACTTGCTG-1,Layer_1,5
CTAACTGATAATCGCC-1,Layer_3,6
CTAACTGGTCCGGTTC-1,Layer_4,1
CTAAGGGAATGATTGG-1,Layer_3,6
CTAAGTACAGGGCTAC-1,Layer_3,7
CTAATTATGAAGCGTA-1,Layer_3,7
CTAATTCGCACGCGCT-1,Layer_2,4
CTAATTCTCAGATATT-1,Layer_2,4
CTAATTTCAACAACAC-1,Layer_1,5
CTACAAGAAATAACCC-1,Layer_4,3
CTACACTAGCTTGTTC-1,Layer_2,4
CTACACTCGCAGATGG-1,Layer_3,6
CTACATATCGCGGGAC-1,WM,2
CTACCCTAAGGTCATA-1,Layer_1,5
CTACGAACTAGGTCGA-1,Layer_3,6
CTACGACTAGCTATAA-1,Layer_3,7
CTACGATCCTATCCTA-1,WM,2
CTACGCACGGAGTACC-1,Layer_2,4
CTACGCCATTTCCGAT-1,Layer_3,6
CTACGTGTTGCCACCA-1,Layer_1,5
CTACTATCATAGGTTT-1,Layer_5,3
CTACTATCTTTCAGAG-1,Layer_1,5
CTACTCAAGGTATAGT-1,Layer_5,3
CTACTCTAGGCCCGGC-1,Layer_3,7
CTACTGCCACCTGACC-1,Layer_1,5
CTAGACATATATGTAG-1,Layer_3,7
CTAGACTGCATTTCGT-1,Layer_3,6
CTAGATAAACTCCTCG-1,Layer_1,5
CTAGATGTGAGTGTAA-1,Layer_1,5
CTAGATTTACGACGGC-1,Layer_2,4
CTAGCAACTAATTTAC-1,Layer_2,5
CTAGCATAGTATAATG-1,Layer_2,5
CTAGCCACAGGCGAGC-1,Layer_3,6
CTAGCCCGGGAGACGA-1,WM,3
CTAGCCGATGTTATGA-1,Layer_2,4
CTAGCTTAATGGTCCC-1,Layer_1,5
CTAGGCGCCCTATCAG-1,Layer_3,6
CTAGGCGGCAGAGAAT-1,Layer_2,5
CTAGGGATAGGGACAA-1,Layer_6,3
CTAGGTCTGAAGGAAT-1,Layer_1,5
CTAGGTTCGGACGTGA-1,Layer_3,7
CTAGTAGAAAGGGATT-1,Layer_3,7
CTAGTATTCGGAATTA-1,Layer_3,4
CTAGTCACGTCTTAAG-1,Layer_2,4
CTAGTGAAGGACAGGA-1,Layer_3,6
CTAGTTACAACCCGGT-1,Layer_3,7
CTAGTTGGGCCCGGTA-1,Layer_1,5
CTATAAGAGCCAATCG-1,Layer_2,4
CTATAAGTAGGGTTTG-1,WM,2
CTATACTTAAAGCGAG-1,WM,2
CTATAGGCGTTGATGT-1,Layer_5,3
CTATATCCAGCCTGGC-1,Layer_6,3
CTATCACAACGCTGGA-1,Layer_5,3
CTATCGACGAAATACA-1,Layer_3,6
CTATCGCGTAGAGAAC-1,Layer_3,4
CTATCGGGTCTCAACA-1,Layer_1,5
CTATGAACACCTTGCC-1,WM,3
CTATGCCCGAATGCAA-1,Layer_4,1
CTATGGGAAGCGGAAT-1,Layer_2,4
CTATGTCACTAGCCCA-1,Layer_1,5
CTATGTCTATTGAAAC-1,Layer_2,4
CTATGTGAGTCACGGC-1,Layer_4,1
CTATTCATGTGTCCCA-1,Layer_3,7
CTATTGTGTTTGGTCA-1,Layer_3,7
CTATTTGCTTGGAGGA-1,Layer_5,3
CTATTTGGTTACGGAT-1,Layer_1,5
CTCAAACCACTGCCCG-1,Layer_5,3
CTCAACTAACCCGGAT-1,Layer_3,7
CTCAAGACATTAGCGC-1,Layer_3,7
CTCACACGCAAGCCTA-1,Layer_3,7
CTCACATTTACTAAAT-1,Layer_4,1
CTCACCAGTACAAGTG-1,Layer_3,7
CTCACTGTGATACTTA-1,Layer_3,7
CTCACTTGGCTGGTAA-1,Layer_3,7
CTCAGAGCTAATGTCG-1,Layer_5,3
CTCAGATTGTGATAAG-1,Layer_4,1
CTCAGGACTCACCTGT-1,Layer_1,5
CTCAGTCACGACAAAT-1,Layer_2,4
CTCATAAATGTGTATA-1,Layer_3,1
CTCATCACTTAGTGAT-1,Layer_3,6
CTCATGGCTCACAATC-1,Layer_2,4
CTCATGGTAATTTGCG-1,Layer_4,1
CTCATTAACGTTGCCC-1,Layer_3,6
CTCATTCGTGAACATC-1,Layer_3,7
CTCATTGCTCTAACAA-1,Layer_3,7
CTCATTTGATGGGCGG-1,Layer_1,5
CTCCCAATGAGTCGCG-1,Layer_1,5
CTCCCTCCTTTCGATC-1,Layer_5,1
CTCCGCCCACATGAGG-1,Layer_3,7
CTCCGGCCTAATATGC-1,Layer_1,5
CTCCGGCTTGTAGACA-1,Layer_1,5
CTCCTAAGTTATGTCT-1,Layer_1,5
CTCCTAGTAATCGTGA-1,WM,2
CTCCTCCAGCTCACAC-1,Layer_4,3
CTCCTGTTCAAGGCAG-1,Layer_2,4
CTCCTTTACGCAAGTC-1,Layer_3,4
CTCGAATGGAACGTAT-1,Layer_3,7
CTCGAGACATACGATA-1,Layer_6,3
CTCGAGATCCAAAGCA-1,Layer_1,5
CTCGAGGCAAGTTTCA-1,Layer_6,3
CTCGAGGTCGAACAGT-1,Layer_1,5
CTCGATATTTGCGAGC-1,Layer_2,4
CTCGCACCTATATAGT-1,Layer_1,5
CTCGCATTGCATAGCC-1,Layer_6,3
CTCGCCGAATGTAGGG-1,Layer_3,1
CTCGCTAGGTAAGCGA-1,Layer_3,1
CTCGGGATAACACCTA-1,Layer_2,4
CTCGGGCATCGTCGGG-1,Layer_3,6
CTCGGGTTCTCTGGCC-1,Layer_5,3
CTCGGTACCACTGCTC-1,Layer_2,4
CTCGGTCCGTAGCCTG-1,Layer_1,5
CTCGGTTGTCGGCCCT-1,Layer_5,3
CTCGTCGAGGGCTCAT-1,Layer_6,3
CTCGTCTGTGCCTTCG-1,Layer_4,1
CTCGTGGCACTGAAAG-1,Layer_6,3
CTCGTTACGGCTACCA-1,Layer_6,3
CTCGTTTCTAATGTTT-1,Layer_2,4
CTCTAACACCGGCAGC-1,Layer_4,3
CTCTAATGCATTGATC-1,Layer_3,4
CTCTACACTGGCGATT-1,Layer_4,1
CTCTACATCCTGCGTG-1,Layer_5,3
CTCTAGCCCTCGGAAA-1,Layer_3,7
CTCTATTTGGCTGCAG-1,Layer_3,7
CTCTCACAATCGATGA-1,Layer_1,5
CTCTCGATGTGCGCCT-1,Layer_3,6
CTCTCGCTGTACTATG-1,Layer_3,6
CTCTCTAACTGCCTAG-1,Layer_5,3
CTCTGCAGGCATTCTT-1,WM,2
CTCTGCGAAGCAAGCA-1,Layer_1,5
CTCTGGACGCCTGGTG-1,Layer_1,5
CTCTGTCCATGCACCA-1,Layer_4,1
CTCTGTGCCTGCTATG-1,Layer_3,6
CTCTGTTTGAGGATTC-1,Layer_2,4
CTCTTCTATTGACTGG-1,Layer_1,5
CTCTTCTGGAAGTTAG-1,Layer_5,3
CTCTTGTCCCGCTTGG-1,Layer_3,1
CTGAAAGAGATCCGAC-1,Layer_1,5
CTGAATCCGAGACCTC-1,Layer_3,7
CTGAATTTATTGCCAG-1,Layer_3,4
CTGACATAGAAATAGA-1,Layer_1,5
CTGACTGCGCAGCTCG-1,Layer_1,5
CTGAGAAAGTTCGGCG-1,Layer_1,5
CTGAGAGTAGAAATAC-1,Layer_3,7
CTGAGCAAGTAACAAG-1,Layer_1,5
CTGAGCGAGACTTATT-1,Layer_2,4
CTGATAGTGTATCTCA-1,Layer_3,7
CTGATCCCTTTATGCA-1,Layer_6,3
CTGCAAATGGGCTCCA-1,Layer_3,6
CTGCAAGCACGTTCCG-1,Layer_3,6
CTGCACAACTACATAT-1,Layer_3,7
CTGCACCTAGTCCACA-1,Layer_2,4
CTGCACCTGGAACCGC-1,Layer_1,5
CTGCACTCCAGTACAG-1,Layer_3,7
CTGCAGAGAATCAGAG-1,Layer_3,6
CTGCAGGGTGACGCTC-1,Layer_3,1
CTGCCAAGGTTGGAAG-1,Layer_1,5
CTGCCATGCATCACAT-1,Layer_3,6
CTGCCCACGAAGCGTT-1,Layer_3,7
CTGCCTAGCCACCAAG-1,Layer_3,6
CTGCCTCATATGCAAC-1,Layer_2,4
CTGCCTTTAATACCTT-1,Layer_6,3
CTGCCTTTCTAGTAAA-1,Layer_3,7
CTGCGACCTCGCCGAA-1,Layer_4,3
CTGCGATTTCGAGATT-1,Layer_5,3
CTGCGGGTGAAATGTT-1,Layer_3,7
CTGCGGTAGTCACGTG-1,Layer_3,6
CTGCGTTACGATATAA-1,Layer_3,6
CTGCTCTCAACACACC-1,Layer_3,1
CTGCTCTGACGGCAAA-1,Layer_5,3
CTGCTGAGGCCACGAA-1,Layer_4,1
CTGCTGTCTAACGAGC-1,Layer_1,5
CTGCTTGGCGATAGCT-1,Layer_3,7
CTGCTTTATGTCCGCG-1,Layer_3,6
CTGGAAATGGATGCTT-1,Layer_1,5
CTGGAAGACACGGTGG-1,Layer_3,6
CTGGACGCAGTCCGGC-1,Layer_5,3
CTGGATTTACACTTGA-1,Layer_3,7
CTGGCATCCGAATGAG-1,Layer_4,1
CTGGCGACATAAGTCC-1,Layer_2,4
CTGGCGATTTACATGT-1,Layer_3,1
CTGGCGCACAGGTCTG-1,Layer_1,5
CTGGCGGGAATAAGTA-1,Layer_1,5
CTGGCTCCTGCGGGAT-1,Layer_1,5
CTGGCTGATTCATCCT-1,Layer_1,5
CTGGCTGCTAACGTAA-1,Layer_1,5
CTGGCTGGTTGTCAGT-1,Layer_3,1
CTGGGATAAATAATGG-1,Layer_1,5
CTGGGATACGCTACCC-1,Layer_1,5
CTGGGATCGCCCAGAT-1,Layer_3,6
CTGGGCACTAGTCGGA-1,Layer_3,7
CTGGGCCTGCTATATC-1,Layer_3,7
CTGGGCGGCCAAATGT-1,Layer_3,6
CTGGGCTACTGGAGAG-1,Layer_3,1
CTGGGCTATCCTTTGG-1,Layer_3,7
CTGGGTAGGCAGTTAA-1,Layer_2,4
CTGGGTTGAGTTAAAG-1,Layer_5,3
CTGGTAAAGACTTACA-1,Layer_3,7
CTGGTAAAGTGTGGGC-1,Layer_3,6
CTGGTAACACATAGAA-1,Layer_1,5
CTGGTAACGAGCTCTT-1,Layer_1,5
CTGGTCATTCCAATCC-1,Layer_2,4
CTGGTCCTAACTTGGC-1,Layer_3,6
CTGGTGAATGGGCCTA-1,Layer_6,3
CTGGTTCAACGCATCA-1,Layer_1,4
CTGGTTCGCGAGCTAC-1,Layer_1,5
CTGGTTTCGAGCAAGA-1,Layer_2,4
CTGTACTTCTTAGCAT-1,Layer_3,7
CTGTAGCCATCTCACT-1,Layer_4,1
CTGTAGTGAGGATCGA-1,Layer_5,3
CTGTATGGTGTAGAAA-1,Layer_1,5
CTGTCAAATGGCTCGG-1,Layer_1,5
CTGTCACGCCAGGCGC-1,Layer_3,6
CTGTGCAGGGTAGGTC-1,Layer_3,6
CTGTGGTCGGGAGATA-1,Layer_3,6
CTGTTACCCAATCTAG-1,Layer_3,7
CTGTTCACTGCCTGTG-1,Layer_1,5
CTGTTCATCTCACGGG-1,Layer_1,5
CTGTTGGCTCTTCTGA-1,Layer_2,4
CTGTTGTTCAGTCGTA-1,Layer_6,3
CTTAAATAAGACCCAT-1,Layer_3,6
CTTAACTTACAGTATA-1,Layer_3,7
CTTAACTTCGAAGTAC-1,Layer_2,4
CTTAAGCAGCGAGCCG-1,Layer_5,3
CTTAATCGACTTAGTA-1,Layer_5,3
CTTACACGGTATTCCA-1,Layer_2,4
CTTACACTGGGAAATA-1,Layer_1,5
CTTACATAGATTTCTT-1,Layer_4,3
CTTACTGACTCCTCTG-1,Layer_3,7
CTTAGATGTTTCATCC-1,Layer_5,3
CTTAGCCCGGATAGTG-1,Layer_3,6
CTTAGCCTTCCACATG-1,Layer_1,5
CTTAGGTATAGACCAG-1,Layer_6,3
CTTAGGTCCCAATCGT-1,Layer_3,6
CTTAGTAGGCCTACAG-1,Layer_1,5
CTTAGTGTAGTAGCAT-1,Layer_3,7
CTTAGTTGAGGAATCG-1,Layer_6,3
CTTATAGATGGCTGTT-1,Layer_3,6
CTTATGCGCTCAGGGC-1,Layer_4,1
CTTATGTTGACTACCA-1,Layer_1,5
CTTCAACTCCACTTGG-1,Layer_3,7
CTTCACGCCCTGGTAC-1,WM,2
CTTCAGTGGTCGCCTA-1,Layer_5,3
CTTCAGTTGGACAACG-1,Layer_4,1
CTTCATAGCTCAAGAA-1,Layer_1,5
CTTCATCACCAGGGCT-1,Layer_4,3
CTTCATTGTCAGTGGA-1,Layer_2,4
CTTCCGCTCCGTGAAG-1,Layer_4,1
CTTCCTGCATATTTAC-1,Layer_3,7
CTTCGATTGCGCAAGC-1,Layer_3,1
CTTCGGCCAATTGTTT-1,Layer_1,5
CTTCGTAGATAGGTGA-1,Layer_3,7
CTTCTATGTTGAAGTA-1,Layer_4,7
CTTCTATTAATGCTAG-1,Layer_3,7
CTTCTGGGCGTACCTA-1,Layer_6,3
CTTCTTACGTCGTATA-1,Layer_1,5
CTTGACCCGAAAGATA-1,Layer_2,4
CTTGAGGTTATCCCGA-1,Layer_1,5
CTTGAGTTAGGGTAAT-1,Layer_1,5
CTTGATGACCATCCAG-1,Layer_3,7
CTTGCAACCGCCTCCT-1,Layer_3,7
CTTGCCCACCCACGCA-1,Layer_3,7
CTTGCCCAGGCTCTAC-1,Layer_3,7
CTTGGCCAAGCTGGGA-1,Layer_4,1
CTTGTACTTGTTGACT-1,Layer_1,5
CTTGTCAACATTCGAG-1,Layer_3,7
CTTGTCGTACGTGTCA-1,Layer_2,5
CTTGTGAGGACAGCGG-1,Layer_1,5
CTTGTGAGTCTTTGAC-1,Layer_1,5
CTTGTGCTCACCGATT-1,Layer_2,4
CTTGTTGCTGAGTCAA-1,Layer_1,5
CTTGTTTATGTAGCCA-1,Layer_1,5
CTTTAACTTTCAAAGG-1,Layer_1,5
CTTTAATATTGGTCGA-1,Layer_3,7
CTTTACCGAATAGTAG-1,Layer_3,6
CTTTAGGAACACTGTT-1,Layer_1,5
CTTTAGTGCTATTATT-1,Layer_3,7
CTTTATCCGACGCATG-1,Layer_6,3
CTTTCTGTGCGGGCTT-1,Layer_3,7
CTTTGAAACATATTCC-1,Layer_3,7
CTTTGACGTCGCTTCT-1,Layer_5,1
CTTTGCATCGCTCTTG-1,Layer_3,7
CTTTGCTGTCATGGAT-1,Layer_1,5
CTTTGGCGCTTTATAC-1,Layer_3,7
CTTTGGCTTTAGTAAA-1,Layer_3,6
CTTTGGGATTGTTGCA-1,Layer_5,3
CTTTGTCGAATGCTCC-1,Layer_6,3
GAAACAGATGACCACC-1,Layer_1,5
GAAACAGCCATGCAGT-1,Layer_2,5
GAAACATAGGAAACAG-1,Layer_6,3
GAAACCATGGTGCGCT-1,Layer_2,4
GAAACCGAATTACCTT-1,Layer_3,7
GAAACCTATACAAATG-1,Layer_4,1
GAAACTCGTGCGATGC-1,Layer_3,6
GAAACTCTAATGAAGG-1,Layer_2,4
GAAAGAACAGCGTTAT-1,Layer_1,5
GAAAGCAGTGCACTTT-1,Layer_3,1
GAAAGCCCTTTGGACC-1,Layer_3,7
GAAAGTGACTAACTGC-1,Layer_2,4
GAAATACCTGCTGGCT-1,Layer_3,6
GAAATACTAAACGTTT-1,Layer_1,5
GAAATATCACCATCAG-1,Layer_3,7
GAAATATGCTTGAATG-1,Layer_3,6
GAAATCGCGCGCAACT-1,Layer_1,5
GAAATCTGACCAAGTT-1,Layer_2,4
GAAATGGCGGTGTTAG-1,Layer_2,4
GAAATGGGATGTAAAC-1,Layer_1,5
GAAATTAGCACGGATA-1,Layer_3,4
GAAATTCACATCGCTG-1,Layer_1,5
GAAATTGTCTCTATAA-1,Layer_3,7
GAACAACTGGGATGAA-1,Layer_3,1
GAACACACATCAACCA-1,Layer_1,5
GAACAGATTACTAAAT-1,Layer_3,7
GAACATTAGTATGTTA-1,Layer_3,7
GAACCATCTGGGAGAC-1,Layer_3,6
GAACCCTCTGTGTTCT-1,Layer_3,1
GAACCTCGACCTACAC-1,Layer_4,1
GAACCTTTAACGATCC-1,Layer_3,7
GAACGACCGAATGATA-1,Layer_1,5
GAACGATAAGTTAAAG-1,Layer_3,6
GAACGCGGGTCACACG-1,Layer_1,5
GAACGTCTCATGGTCG-1,Layer_1,5
GAACGTTAGGAAGACG-1,Layer_3,7
GAACGTTTGTATCCAC-1,Layer_3,1
GAACTGTGGAGAGACA-1,Layer_4,3
GAACTTAGCGCCCGGT-1,Layer_3,7
GAACTTGTGCACGGGA-1,Layer_3,7
GAAGAAACGATATTGT-1,Layer_5,3
GAAGAACGGTGCAGGT-1,Layer_1,5
GAAGACTTCAATGCCG-1,Layer_3,6
GAAGCAAGGCAATGTT-1,Layer_3,4
GAAGCCACTGATTATG-1,Layer_4,1
GAAGCCGGGTAAGCTC-1,Layer_3,7
GAAGCCTGCACATTCC-1,Layer_4,1
GAAGCGTGAGGAATTT-1,Layer_2,4
GAAGCTCGGACCCGTC-1,Layer_5,3
GAAGCTCTTTGCTTAG-1,Layer_1,5
GAAGCTTGCTGACCGC-1,Layer_2,4
GAAGGAGTCGAGTGCG-1,Layer_4,3
GAAGGCTACCATTGTT-1,Layer_3,6
GAAGGGCATAACCATG-1,Layer_1,5
GAAGGGTCATTAAGAC-1,Layer_4,1
GAAGTCAGTTGCACTA-1,Layer_3,7
GAAGTCTCCCTAGCGA-1,Layer_1,5
GAAGTGATTTATCGTG-1,Layer_3,7
GAAGTGCTGGATAGCT-1,Layer_1,5
GAAGTTTCCACTCAAT-1,Layer_3,6
GAATAGACGCGACCCA-1,Layer_1,5
GAATAGCATTTAGGGT-1,Layer_1,5
GAATAGCCCTGCGGTC-1,Layer_3,6
GAATAGTGCTCGATTA-1,Layer_5,3
GAATATTCGGAGTCCC-1,Layer_3,6
GAATCGACATGGTCAC-1,Layer_1,5
GAATCGCCGGACACGG-1,Layer_1,5
GAATCTATACTCGGAC-1,Layer_3,6
GAATCTGAACATTCTC-1,Layer_3,6
GAATGAAGGTCTTCAG-1,Layer_3,7
GAATGCCGAAATGACC-1,Layer_2,4
GAATGCGAATCGGTTC-1,Layer_4,1
GAATGGGCTTATCGAC-1,Layer_4,1
GAATGTATGGCAGGTC-1,Layer_3,6
GAATGTGGTCCGGATT-1,Layer_2,4
GAATGTTGGGTAATCT-1,Layer_1,5
GAATTATAGTGAAAGG-1,Layer_1,5
GAATTCACCCGGGTGT-1,Layer_3,7
GAATTTCTCGCTGCAG-1,Layer_2,4
GACAAACATATGCAGG-1,Layer_1,5
GACAACGACCATTGAA-1,Layer_1,5
GACAACGCAGCTTACG-1,Layer_1,5
GACAAGACGCCCGTGC-1,Layer_3,7
GACAAGAGATGAGATT-1,Layer_2,4
GACACAAGGGAAGAAA-1,Layer_1,5
GACACAGCCGGGACTG-1,Layer_3,7
GACACCCAAAGACGCG-1,WM,3
GACACGAGTTAGAGGA-1,Layer_1,5
GACACTGAGTTCAGTG-1,Layer_3,7
GACACTGGAACCCGAT-1,Layer_1,5
GACACTTCCAATTACC-1,Layer_3,1
GACAGAGGTCTTCAGT-1,Layer_5,3
GACAGATTTCTGGCTC-1,Layer_4,1
GACAGCCAGACCTGAC-1,Layer_1,4
GACAGGCACACACTAT-1,Layer_3,7
GACAGGTAATCCGTGT-1,Layer_3,1
GACATACTGTCGCAGA-1,Layer_2,4
GACATCCGTCGAACTG-1,Layer_4,1
GACATCGATTTATAAC-1,Layer_3,7
GACATTTCGCCCAGCC-1,WM,2
GACCAAACGTTGACTG-1,Layer_3,6
GACCACACTTCCCTTT-1,Layer_4,1
GACCAGAGCCCTGTAG-1,Layer_2,4
GACCAGGTCATTCATA-1,Layer_3,6
GACCCAATTATGATAC-1,Layer_5,3
GACCCGTCGCCGGCTA-1,Layer_2,4
GACCGACGTGAAAGCA-1,Layer_1,5
GACCGACTGAAGCGTC-1,Layer_3,7
GACCGATTAAATATGT-1,WM,2
GACCGCGTCTGACGTG-1,Layer_1,5
GACCGTCAGGTCGTGA-1,Layer_3,6
GACCGTGCTGACGGTG-1,Layer_3,7
GACCGTTACATGCGAC-1,Layer_4,7
GACCTGGTCTGGGCGT-1,Layer_1,5
GACCTTCCACGTCTAC-1,Layer_4,1
GACGACGATCCGCGTT-1,Layer_3,7
GACGAGGCTAATAAAC-1,Layer_3,4
GACGATATCACTGGGT-1,Layer_6,3
GACGCATACCCGTCGG-1,WM,2
GACGCCGTAAAGGCTA-1,Layer_3,1
GACGCCTGTTGCAGGG-1,Layer_1,5
GACGCTTGCTTCTAAA-1,Layer_3,7
GACGGACCGCGTTCCT-1,Layer_3,6
GACGGGATGTCTTATG-1,Layer_2,5
GACGGGCATCGAATTT-1,Layer_3,1
GACGGGTTGGCCCGTA-1,Layer_4,1
GACGGTCAATAGAAGC-1,Layer_1,5
GACGGTCCTAGGGTGT-1,Layer_1,5
GACGTGAGACTCCATG-1,Layer_1,5
GACGTGTAGGGATTAT-1,Layer_2,4
GACGTTCGTAAATACA-1,Layer_3,6
GACGTTGCTCGGCGGC-1,WM,3
GACTAACACAGCACCT-1,Layer_3,6
GACTAAGATCATGCAC-1,Layer_1,5
GACTAAGTAGGCTCAC-1,Layer_2,5
GACTACAAAGCGGTGG-1,Layer_4,1
GACTACAATTGCTCGT-1,Layer_3,6
GACTAGGCCGTTAGGT-1,Layer_4,1
GACTCACCCACGTGAG-1,Layer_1,5
GACTCCCAGAATAAGG-1,Layer_2,4
GACTCCTTCCAATTGA-1,Layer_6,3
GACTCGCGGGAATGAC-1,Layer_1,5
GACTCGGTCGGCGGAT-1,Layer_3,7
GACTCTAGAGTTCCAA-1,Layer_6,3
GACTGATTGGTCACAA-1,Layer_3,7
GACTGCAAATCGAGCT-1,Layer_3,7
GACTGCACCAGCCCAG-1,Layer_3,6
GACTGCGGCACGTGTA-1,Layer_3,6
GACTGCTGGTGAGAAA-1,Layer_5,3
GACTGGGCGCCGCAAC-1,Layer_3,7
GACTTCAACGCATCAA-1,Layer_4,1
GACTTTCGAGCGGTTC-1,Layer_5,3
GAGAAACTGGATCCCA-1,Layer_3,7
GAGAACGGTTCTGACT-1,Layer_3,7
GAGAATCTCACGATCA-1,Layer_3,7
GAGACCCTGCAACGCC-1,Layer_3,7
GAGACTGATGGGTAGA-1,Layer_1,5
GAGACTTCGCGACCGA-1,Layer_3,1
GAGAGCGCAGTCCCTG-1,Layer_3,7
GAGAGGCCTATGTGTA-1,Layer_3,7
GAGAGGGCGCGAGGTT-1,Layer_3,7
GAGAGGTGCATTCTGG-1,Layer_3,7
GAGAGTCTCGGGAGAG-1,Layer_6,3
GAGATCTGCTTGGCAT-1,Layer_3,6
GAGATCTGTCACTCCG-1,Layer_1,5
GAGATCTTCCATGACA-1,Layer_3,6
GAGATGACAATCCTTA-1,Layer_3,6
GAGATGGCTTTAATCA-1,Layer_4,1
GAGATGGGAGTCGACA-1,Layer_3,7
GAGCACCTGTGTCCAG-1,Layer_3,7
GAGCACGGCGCCTCTT-1,Layer_1,5
GAGCATCAACAACTTG-1,Layer_6,3
GAGCATCATCCCTGGG-1,Layer_1,5
GAGCCACGGTAGTAGG-1,Layer_2,4
GAGCCAGCTACCTGTG-1,Layer_3,6
GAGCCGAGCGTTTATT-1,Layer_3,7
GAGCGAGGGAGTACCG-1,Layer_1,5
GAGCGCAAATACTCCG-1,Layer_1,5
GAGCGCGCACGAGTAG-1,Layer_2,4
GAGCGCTGTTAGGTAA-1,Layer_6,3
GAGCGGAATGCGGTGT-1,Layer_5,3
GAGCTAAGGGCATATC-1,Layer_1,5
GAGCTCAACATGAGCG-1,Layer_5,3
GAGCTCTCGGACCTAA-1,Layer_1,5
GAGCTGTCGTCTCGGA-1,Layer_3,4
GAGGAATATCTCTTTG-1,Layer_6,3
GAGGAATGGAGAGGTT-1,Layer_2,4
GAGGAGATCCTCATGC-1,Layer_1,5
GAGGAGTAATTCCTAC-1,Layer_3,6
GAGGATAAACAGTGCT-1,Layer_1,5
GAGGCATTTGCAGCAG-1,Layer_3,7
GAGGCCCGACTCCGCA-1,Layer_5,3
GAGGCCTGTTGATACA-1,Layer_3,7
GAGGCTATCAAAGTCG-1,Layer_3,7
GAGGGAGTCAGATCGC-1,Layer_5,3
GAGGGCATCGCGTATC-1,Layer_1,5
GAGGGCCATAATATTA-1,Layer_3,7
GAGGGCGCAGCTCTGC-1,Layer_1,5
GAGGGTAGTAACAAAG-1,Layer_5,3
GAGGTACATCCATCTT-1,Layer_2,4
GAGGTACGCGTGTCCC-1,Layer_4,1
GAGGTCCCAAAGATCT-1,Layer_1,5
GAGGTCCGTTCGCTGT-1,WM,2
GAGGTCTTAGTGGGTC-1,Layer_3,7
GAGTAAACCGGAAAGT-1,Layer_1,5
GAGTAAATTAAGAACC-1,Layer_3,7
GAGTAAGGCCACGGGA-1,Layer_5,3
GAGTACGGGTATACAA-1,Layer_1,5
GAGTAGATACTAGTTG-1,Layer_4,1
GAGTATACCCTAATCA-1,Layer_6,3
GAGTATCAAAGTTACA-1,Layer_3,4
GAGTATGCCCGCCTTG-1,Layer_3,7
GAGTATGCGCGTGCAT-1,Layer_3,1
GAGTCAGACCAGAATC-1,Layer_4,1
GAGTCCACCAGGTTTA-1,Layer_4,1
GAGTCCGCTTACCGGA-1,Layer_3,7
GAGTCGACAGACCCTC-1,Layer_3,7
GAGTCTTGTAAAGGAC-1,Layer_5,1
GAGTGCACGGACAACA-1,Layer_3,6
GAGTGTCAACCAGAAA-1,Layer_3,7
GAGTGTGCGGTACCCA-1,Layer_2,4
GAGTTCTGTGGGTGCT-1,Layer_6,3
GAGTTGATGGCAATTT-1,Layer_5,1
GAGTTGTCACCAGTCT-1,WM,2
GATAAATCGGTGGATG-1,Layer_1,5
GATAACTCGCACTGTG-1,Layer_1,5
GATAAGGCAGATGCAA-1,Layer_1,5
GATACCGTGTCGGAGT-1,Layer_1,5
GATACGATGGGAGTCA-1,Layer_3,7
GATAGAACCCGCTAGG-1,Layer_5,3
GATAGATAGTACAGTC-1,Layer_3,1
GATAGCGTACCACGCG-1,Layer_1,5
GATAGGATTAATTACA-1,Layer_1,5
GATAGGTAACGTTGAC-1,Layer_3,7
GATAGGTGTCCCGGGC-1,Layer_1,5
GATAGTGCGAGTAAGT-1,Layer_5,3
GATATCAAGCAGGAGC-1,Layer_6,3
GATATCAGTATGTATC-1,Layer_1,5
GATATCTCATGCAATA-1,Layer_2,4
GATATGAGACACTAAC-1,Layer_1,5
GATATGCGGTAGCCAA-1,Layer_2,4
GATATGGATTACGCGG-1,Layer_3,6
GATATTGAGATTGGCG-1,Layer_1,5
GATATTTCCTACATGG-1,Layer_3,4
GATCAACATAAAGGGA-1,Layer_5,3
GATCATTCCAAACATT-1,Layer_2,5
GATCCAACCTTTAAAC-1,WM,2
GATCCCTTTATACTGC-1,Layer_1,5
GATCCGAATATAAGTG-1,Layer_1,5
GATCCGGGAATTAACA-1,Layer_2,4
GATCCTAAATCGGGAC-1,Layer_1,5
GATCCTCGACACTGGC-1,Layer_4,1
GATCCTCTTGCGCTTA-1,Layer_3,6
GATCGACACTATCTGA-1,Layer_1,5
GATCGCGGGCTCTCCA-1,Layer_3,6
GATCGCTACCCGATTT-1,Layer_2,4
GATCGCTATATCTCAG-1,Layer_5,3
GATCGCTGTGGTGCGT-1,WM,2
GATCGGATAGAACCAT-1,Layer_4,7
GATCGGCGATAAGTCG-1,Layer_2,4
GATCGGTGGCCATAAC-1,Layer_1,5
GATCGTGACTGATATC-1,Layer_2,4
GATCTAACCGTATTCA-1,Layer_5,3
GATCTCGACGCTGTGG-1,Layer_1,5
GATCTGCTATCTAAGG-1,Layer_4,1
GATCTTCATTGTCCTC-1,Layer_1,5
GATCTTGGAGGGCATA-1,Layer_3,6
GATCTTTGCAGGGTAT-1,Layer_3,6
GATCTTTGCTCAAAGA-1,Layer_3,7
GATGACAAGTAGGGCA-1,Layer_5,3
GATGACGATGATCGCG-1,Layer_3,6
GATGAGGAACCTTCGG-1,Layer_3,1
GATGATTTGAAACTGG-1,Layer_3,5
GATGCCACACTACAGC-1,Layer_3,4
GATGCCAGCAGAAGGC-1,Layer_2,4
GATGCCTTCTGCGGCA-1,Layer_6,3
GATGCGAATGGTATTA-1,Layer_3,6
GATGCGTCCTGCATTC-1,Layer_2,6
GATGCTACAAGCGCCT-1,Layer_1,5
GATGCTACCTTCGATG-1,Layer_5,3
GATGCTGTATTTCATC-1,Layer_3,6
GATGGCGCACACATTA-1,Layer_1,5
GATGGTGCCCTAGGCA-1,Layer_3,6
GATGTAACGAACCACC-1,Layer_5,1
GATGTCCGGATCACAT-1,Layer_1,5
GATGTCGGTCAACTGC-1,Layer_3,6
GATGTGTTGTCACAAG-1,Layer_3,6
GATGTTCAATCCACGA-1,Layer_3,7
GATGTTTGTGCGAGAT-1,Layer_1,5
GATTAACCGAAAGCCC-1,Layer_3,6
GATTAATCCTGGCTCA-1,Layer_2,5
GATTACTGAATTTGGG-1,Layer_3,7
GATTAGAAACAAGCGT-1,Layer_6,3
GATTATCTTGCATTAT-1,Layer_4,1
GATTCCCTTGTCGCAG-1,Layer_1,5
GATTCCGCGTTTCCGT-1,Layer_2,4
GATTCCTATACGGCGC-1,Layer_2,4
GATTCGACGGTTCACG-1,Layer_2,4
GATTCTGTTAATGAGT-1,Layer_5,3
GATTGACACTCTGCTC-1,Layer_3,6
GATTGCTCCAGTTGCA-1,Layer_6,3
GATTGGGAAAGGTTGT-1,Layer_3,1
GATTTAGTGCGTACTG-1,Layer_3,7
GATTTGCGCTAACACC-1,Layer_6,3
GCAAACCCTACATTAT-1,Layer_3,6
GCAAACCTTGGCCATA-1,Layer_3,7
GCAAACGTCGCCAGGT-1,Layer_1,5
GCAAAGGGCGTTAGCC-1,Layer_6,3
GCAAATATTACGCTTT-1,Layer_3,6
GCAAATGAGGACACTT-1,Layer_4,1
GCAACACACTAGAACT-1,Layer_4,1
GCAACAGCAGTATGCG-1,Layer_1,5
GCAACCACCAGACCGG-1,Layer_3,6
GCAACCACGGCCGCGT-1,Layer_3,7
GCAACCCAAGTTGTTT-1,Layer_3,7
GCAACGGCTAGTTATG-1,Layer_1,5
GCAAGAATTCCTTGGC-1,Layer_3,7
GCAAGATGTGTTCGCG-1,Layer_3,7
GCAAGCTGGAAACCGC-1,Layer_6,3
GCAAGTGCACAGAGAA-1,Layer_1,5
GCAAGTGTAAAGCATG-1,Layer_5,3
GCAATTAGTCGCACCG-1,Layer_2,4
GCACAAACCCTAGATG-1,Layer_6,3
GCACAAACGAGGCGTG-1,Layer_1,5
GCACAACCTCGGGCGT-1,Layer_6,3
GCACAAGTGGATCATA-1,Layer_1,5
GCACAAGTGTCGGAAG-1,Layer_2,4
GCACACACTGGTAGCC-1,Layer_3,6
GCACACAGCTATTACC-1,Layer_5,3
GCACACGCCCATGGTC-1,Layer_3,7
GCACAGCACGGGCCGA-1,Layer_6,3
GCACCTTCCCGAAGGT-1,Layer_3,7
GCACGCCGATTCCCGC-1,Layer_4,3
GCACGCCTACTTAGAT-1,Layer_4,1
GCACGTGGTTTACTTA-1,Layer_3,7
GCACTAGTCGCGCTAT-1,Layer_1,5
GCACTCCCACAGTCCC-1,Layer_3,6
GCACTGCCTACCTTTA-1,Layer_4,1
GCACTGTGCAAATGTA-1,Layer_1,5
GCAGAAGGTAATCTCC-1,Layer_1,5
GCAGACCCAGCACGTA-1,Layer_1,5
GCAGATCCATAAGACT-1,Layer_3,6
GCAGATCCTCGCAAAT-1,Layer_2,6
GCAGATTAGGGATATC-1,Layer_2,4
GCAGCACACAGCCCAG-1,Layer_3,7
GCAGCCTATATCACAT-1,Layer_1,5
GCAGCGGTGGGCATTA-1,Layer_1,5
GCAGCTATGGACAGGT-1,Layer_3,7
GCAGCTGTCAACGCAT-1,Layer_4,1
GCAGGAACTTAGATCT-1,Layer_5,3
GCAGGACTATAGAATA-1,Layer_3,6
GCAGGTAGAGTATGGT-1,Layer_3,4
GCAGTGCGGGCGGATG-1,Layer_2,4
GCAGTGTGGCTATAGG-1,Layer_3,7
GCAGTTCGATCCGAGC-1,Layer_2,4
GCATACGAGGTCTTTA-1,Layer_3,7
GCATAGAGCACTCAGG-1,Layer_2,6
GCATCCCTAACTTTGA-1,Layer_1,5
GCATCGGCCGTGTAGG-1,Layer_1,5
GCATGACACAAAGGAA-1,Layer_3,1
GCATGAGGGACGCGGC-1,Layer_1,5
GCATGCTAATAACGAT-1,Layer_3,7
GCATGGGTACTGACGC-1,Layer_4,1
GCATTCAAGGCAACGC-1,Layer_2,4
GCATTCGAAATGAACA-1,Layer_3,6
GCATTGACTTGCGGAA-1,Layer_5,3
GCATTGTAATTCATAT-1,Layer_3,7
GCATTTCCAAGGCTCC-1,Layer_1,5
GCCAACCATTTCCGGA-1,Layer_2,4
GCCAAGAATACTTCTG-1,Layer_5,1
GCCAATAGGGCATCTC-1,Layer_2,4
GCCACAATTTAAGGAC-1,Layer_3,7
GCCACTCAGAGCGCGA-1,Layer_3,6
GCCACTCCTTACGGTA-1,Layer_2,4
GCCAGGAAAGAACACT-1,Layer_6,3
GCCAGGAGTAACCGAT-1,Layer_2,4
GCCAGGCGTTCGCATG-1,Layer_3,6
GCCAGGCTTAGTGGTA-1,Layer_1,5
GCCATATTGCACACAG-1,Layer_2,4
GCCATCGAGCTGCGTG-1,Layer_3,1
GCCATCGATGCTGCAT-1,Layer_1,5
GCCATTAGCCTCAAAC-1,Layer_5,3
GCCCACCAAGGCTGTC-1,Layer_1,5
GCCCAGATGCTGGAGA-1,Layer_1,5
GCCCAGTTGGTATGCC-1,Layer_1,5
GCCCATGGGTGCAATG-1,Layer_3,7
GCCCGACTTCTTCCCG-1,Layer_4,1
GCCCGAGAGTCTAAAT-1,WM,3
GCCCGATCTGTGGTCG-1,Layer_3,7
GCCCGATGCCCAGTTC-1,WM,2
GCCCGCGCGTAAACGG-1,Layer_3,7
GCCCGCGCGTTTGACA-1,Layer_1,5
GCCCGTAATACCTTCT-1,Layer_1,5
GCCCGTCAAGCCCAAT-1,Layer_3,1
GCCCGTTCACACAATT-1,WM,3
GCCCTAAGTGCAGGAT-1,Layer_5,3
GCCCTAGCCGTCGCGA-1,Layer_5,3
GCCCTGAGGATGGGCT-1,Layer_4,1
GCCGAAATTCCTACGT-1,Layer_3,6
GCCGACCCACGACTGC-1,Layer_5,3
GCCGATTGGCCAAGCT-1,Layer_3,6
GCCGCACTCCGTTTCA-1,Layer_1,5
GCCGCATTAGTCCGGC-1,Layer_3,7
GCCGCTAGATACGCAG-1,Layer_3,7
GCCGCTTGTGAGAAAC-1,Layer_3,6
GCCGGAAACACATCTT-1,Layer_3,6
GCCGGGTTAGGGTCGC-1,Layer_3,6
GCCGGTCGTATCTCTC-1,Layer_5,3
GCCGGTTTGGGCGGAT-1,Layer_2,5
GCCGTCGGTTTCGGGC-1,Layer_6,3
GCCGTGGAAGAAATGT-1,Layer_1,5
GCCTAGCGATCTGACC-1,Layer_1,5
GCCTATAGTGTCAGGG-1,Layer_1,5
GCCTATCAGGTAAGAT-1,Layer_3,6
GCCTATGCTGGGCCTT-1,Layer_3,6
GCCTATTCCGATATAG-1,Layer_2,4
GCCTATTTGCTACACA-1,Layer_2,4
GCCTCAGGTACCGGTC-1,WM,2
GCCTCATCTGGAAATA-1,Layer_1,5
GCCTCCGACAATTCAC-1,Layer_3,6
GCCTCTATACATAGCA-1,Layer_3,7
GCCTGCTACACTGAGA-1,Layer_3,7
GCCTGTCCCGGTGCAT-1,Layer_5,3
GCCTTCAGCCCTACCG-1,Layer_1,5
GCCTTGTATATGCAGT-1,Layer_1,5
GCCTTTGTCAGTGGAC-1,WM,2
GCGAAACGATCGGGAG-1,Layer_2,4
GCGAAACTTAACTGGA-1,Layer_2,4
GCGAAGAATCTGACGG-1,Layer_3,7
GCGAAGCCATACCCGT-1,Layer_1,5
GCGAATGGACTAGCGA-1,Layer_5,3
GCGACATGTAAACATC-1,Layer_1,5
GCGACCCAACCATCTG-1,Layer_5,3
GCGACGATAGTTGTAC-1,Layer_3,7
GCGACGGTAGTCTCCT-1,Layer_5,3
GCGAGAAACGGGAGTT-1,Layer_1,5
GCGAGAGGCCATGTAA-1,Layer_3,6
GCGAGAGTTGCGTCCA-1,Layer_1,5
GCGAGCGCATGCTCCC-1,Layer_1,5
GCGAGGCCCGAGCAGA-1,Layer_3,6
GCGAGTTCTGCAAAGA-1,Layer_2,4
GCGATGTCTGTGCTTG-1,Layer_2,4
GCGATTCTGGAAGCAG-1,Layer_3,6
GCGATTGTTAACGTTA-1,Layer_1,5
GCGCAAATATATTCAA-1,Layer_5,3
GCGCAAGAGCGCGCTG-1,Layer_1,5
GCGCATCCAGTCAGCA-1,Layer_1,5
GCGCCGTTCCACGATA-1,Layer_3,6
GCGCCTCCCACTCCGA-1,Layer_1,5
GCGCGATGGGTCAAGT-1,Layer_3,4
GCGCGGTCTAGTAACT-1,Layer_5,3
GCGCGTCATTGGTACA-1,Layer_3,7
GCGCTAAGTATGCATG-1,Layer_3,7
GCGCTAATTGAATAGA-1,Layer_1,5
GCGCTATGCCGAGGCA-1,Layer_3,7
GCGCTCGATCACCTGT-1,Layer_1,5
GCGCTGATCCAGACTC-1,Layer_2,4
GCGCTGCTTTGCATTT-1,Layer_1,5
GCGCTGGCGGAAAGTC-1,Layer_1,5
GCGCTTAAATAATTGG-1,Layer_3,7
GCGGACCGCGTTGTGG-1,Layer_3,7
GCGGAGAAACTTCGCA-1,Layer_4,3
GCGGAGAGGGAGAACG-1,Layer_3,6
GCGGATTACTTGTTCT-1,Layer_3,1
GCGGCAAAGTATTGCC-1,Layer_5,3
GCGGCTCTGACGTACC-1,Layer_3,7
GCGGCTTTAGCAAGTT-1,Layer_4,1
GCGGGAACCAGGCCCT-1,Layer_1,5
GCGGGCAGACGGGTGA-1,Layer_5,3
GCGGGCATTACGATGC-1,Layer_2,4
GCGGGCGAGCCTTACC-1,Layer_3,1
GCGGTAACCCAAATGA-1,Layer_1,5
GCGGTCCCGGTGAAGG-1,Layer_3,7
GCGGTCCCTAGACGCA-1,Layer_1,5
GCGGTCTTGCTTTCAC-1,Layer_4,1
GCGGTGAACTGCGCTC-1,Layer_2,4
GCGGTGCGGAGCATCG-1,Layer_2,4
GCGGTTCCCTATCATG-1,Layer_3,7
GCGTAAATGGCCATAA-1,Layer_1,5
GCGTCCAGCTCGTGGC-1,Layer_2,5
GCGTCCCTAAGACATA-1,Layer_5,3
GCGTCGAAATGTCGGT-1,Layer_1,5
GCGTCGCCAGGGTGAT-1,Layer_3,1
GCGTCGTAACATGGTC-1,Layer_5,3
GCGTCTAACCTCCTAA-1,Layer_2,4
GCGTCTCTGCATTGGG-1,Layer_3,7
GCGTGGTACTGGGTTA-1,Layer_1,5
GCGTGTATGTCGTATT-1,Layer_3,6
GCGTTATATTTGGAAC-1,Layer_3,7
GCGTTCGGAGACCGGG-1,Layer_3,4
GCGTTCTGACTAAGCG-1,Layer_3,4
GCTAAACCTGAGGTGA-1,Layer_2,4
GCTAACTGAAGTCTGA-1,Layer_3,7
GCTAAGCCCAGTATGC-1,Layer_3,1
GCTAAGTAAAGGCGAT-1,Layer_3,6
GCTAAGTAGTTTCTCT-1,Layer_1,5
GCTAATACCGAATGCC-1,Layer_1,5
GCTACAATCGAGGATA-1,Layer_3,6
GCTACAGTACGGACCG-1,Layer_4,7
GCTACGACTTATTGGG-1,Layer_3,6
GCTACTATAGTAGAGT-1,Layer_2,4
GCTAGACCGTCTACTG-1,Layer_1,5
GCTAGAGTAGAGATGT-1,Layer_3,6
GCTAGCAACGCACCTA-1,Layer_4,1
GCTAGCACCTGGGCCA-1,Layer_1,5
GCTAGCAGGGAGTGGG-1,Layer_3,6
GCTAGCGATAGGTCTT-1,Layer_6,3
GCTAGCTTGAATAGCT-1,Layer_4,1
GCTAGGCACCACGGAG-1,Layer_3,7
GCTAGTAGAGCTTGTA-1,Layer_2,4
GCTAGTTTCATTGAGG-1,Layer_1,5
GCTATAAGGGCCAGGA-1,Layer_3,1
GCTATACGTCTCGGAC-1,Layer_3,6
GCTATCATACTCATGG-1,Layer_3,7
GCTATCGCGGCGCAAC-1,Layer_1,5
GCTATGCCAGCTTATG-1,Layer_5,1
GCTCAACCTCTTAGAG-1,Layer_1,5
GCTCAATCCGTTTATT-1,Layer_4,1
GCTCAATGTAATACCG-1,Layer_4,1
GCTCATTACTGCATGT-1,Layer_3,6
GCTCATTGATCATATC-1,Layer_6,3
GCTCCATGAGTGCAGA-1,Layer_3,4
GCTCCATGCAAAGCAA-1,Layer_5,3
GCTCCCAGTCGGTCCA-1,Layer_1,5
GCTCCGCTCGCTTCAG-1,Layer_1,5
GCTCCGGACGTTGATA-1,Layer_3,7
GCTCCTGACATACTGG-1,Layer_5,3
GCTCGCGGTTCCGCTC-1,Layer_3,6
GCTCGCTCATGTCCAA-1,Layer_1,5
GCTCGGAATTTAAAGC-1,Layer_1,4
GCTCTAAACCCTGACG-1,Layer_1,5
GCTCTATGTTACGTGC-1,Layer_1,5
GCTCTCGGGTACCGAA-1,Layer_1,5
GCTCTTTCCGCTAGTG-1,Layer_4,3
GCTGAACTCTCCAGGG-1,Layer_1,5
GCTGAATCTTCCAATC-1,Layer_5,3
GCTGAGCAACGGTTCT-1,Layer_1,5
GCTGAGGCGTGAGTAT-1,Layer_3,6
GCTGCACGGTTTCTTA-1,Layer_2,4
GCTGCGAAGAATTATT-1,Layer_6,3
GCTGCGCCTCCCACGT-1,Layer_2,4
GCTGCTAAGTAGTCGA-1,Layer_3,1
GCTGCTACTGCGTAGC-1,Layer_3,7
GCTGCTCTCCGGACAC-1,Layer_1,5
GCTGGACCCAAAGTGG-1,Layer_3,7
GCTGGCAGGTGCCGTG-1,Layer_3,7
GCTGGCATATTCACCT-1,Layer_3,6
GCTGGCGGCGCATGCT-1,Layer_3,7
GCTGGGAGCGCGTCAA-1,Layer_6,3
GCTGGTGACTCGTAGT-1,Layer_3,7
GCTGGTTTAGGCCATA-1,Layer_6,3
GCTGTATTACTGGCCC-1,Layer_3,7
GCTGTCTGTGATCGAC-1,Layer_3,7
GCTGTTGCTACCGAAC-1,Layer_1,5
GCTTAATGTAACTAAC-1,Layer_2,4
GCTTACGTAGTTAGTA-1,Layer_1,5
GCTTAGGGAAGCGGTA-1,Layer_3,7
GCTTATGAAGCAGGAA-1,Layer_1,5
GCTTCAGTGGGATTAC-1,Layer_3,7
GCTTCCAGCTTAGATT-1,Layer_1,5
GCTTCCATGTAACCGC-1,Layer_3,1
GCTTCCCGTAAGCTCC-1,Layer_4,1
GCTTCCGTCCCTAGAC-1,Layer_1,5
GCTTCGACGTTCAATC-1,WM,2
GCTTGAGTGACCTCTG-1,Layer_3,1
GCTTGATGATAATCAG-1,Layer_1,5
GCTTGCAGCACAATTG-1,Layer_3,7
GCTTGGATCGATTAGG-1,Layer_1,5
GCTTTACACAACTGGG-1,Layer_3,7
GCTTTATTAAGTTACC-1,Layer_5,3
GCTTTCAGAGGAGGTG-1,Layer_1,5
GGAAACAGAGCTTGGG-1,WM,2
GGAAACCTTGTTGAAT-1,Layer_3,4
GGAAACTAAATGGGCC-1,Layer_3,6
GGAAAGGGAATTGAGC-1,Layer_5,3
GGAAAGTCTTGATTGT-1,Layer_6,3
GGAAAGTGCCCATGCC-1,Layer_2,4
GGAACCCGAACAAGAA-1,Layer_2,6
GGAACCGTGTAAATTG-1,Layer_3,7
GGAACCTTGACTCTGC-1,Layer_5,3
GGAACGGCCTGCAGCC-1,Layer_2,6
GGAACTCGTGAATACG-1,WM,3
GGAACTTTGGCGATTA-1,Layer_3,6
GGAAGCTCGCTTACAG-1,Layer_3,6
GGAAGGACACCGTATA-1,Layer_4,1
GGAATAACCTCAAGAA-1,Layer_3,6
GGAATGCGCTAGCGTG-1,Layer_1,5
GGACAACCATGAAGCC-1,Layer_3,7
GGACAAGTTGCAGTGA-1,Layer_3,7
GGACACAAGTTTACAC-1,Layer_1,5
GGACACCTCGGTGTTG-1,Layer_5,3
GGACCAACAGGATAAC-1,Layer_3,7
GGACCTACGGTAACGT-1,Layer_3,6
GGACCTCTAGGCCGCC-1,Layer_5,3
GGACGGCTTGCGCAAC-1,Layer_3,7
GGACGGGCGACCAACC-1,Layer_3,7
GGACGTCCATAGTTGG-1,Layer_3,7
GGACTAAGTCAGGAGT-1,Layer_3,7
GGACTCACAAATTAGG-1,Layer_1,5
GGACTCGAAGCTTTCA-1,Layer_3,6
GGACTCGACAGCGCAT-1,Layer_5,3
GGACTCGTGAGTGGTC-1,Layer_5,3
GGACTCTTCCGGTTGA-1,Layer_3,4
GGACTCTTTGACTAAG-1,Layer_4,1
GGAGAAGTCATTGGCA-1,Layer_1,5
GGAGACCAATGTGCTT-1,Layer_3,6
GGAGACCATCTACATA-1,Layer_5,3
GGAGACGACACCTTTG-1,Layer_3,6
GGAGCAACATTTCAAG-1,Layer_3,4
GGAGCACCAAGAACTA-1,Layer_1,5
GGAGCGAGGCCTACTT-1,Layer_4,1
GGAGGATTGAAAGGAG-1,Layer_3,6
GGAGGCCGAAGTCGTC-1,Layer_1,5
GGAGGCGAAGAACCGC-1,Layer_3,7
GGAGGGCTTGGTTGGC-1,Layer_1,5
GGAGGGTCAAGTAAGA-1,Layer_3,6
GGAGTACACATGAGCT-1,Layer_1,5
GGAGTGCCGCCCTGGA-1,Layer_1,5
GGAGTTGATTCTGTGT-1,Layer_3,7
GGATACTCATGAATTG-1,Layer_1,4
GGATCAAAGGACGAGG-1,Layer_2,6
GGATCAGAGCCATCAG-1,Layer_5,1
GGATCATCCCGTACGC-1,Layer_3,6
GGATCCCTACCAGCTA-1,Layer_1,5
GGATCCGGAATATACT-1,Layer_1,5
GGATCTACCGTTCGTC-1,WM,2
GGATCTTACTGCCCTT-1,Layer_5,3
GGATCTTGACTCAACC-1,Layer_5,3
GGATGAAGATCGCTGA-1,Layer_1,5
GGATGACGCGAGTTTA-1,Layer_3,6
GGATGCTGGCGTTCCT-1,Layer_3,7
GGATGGCTTGAAGTAT-1,Layer_3,7
GGATGTCCTTACCGCA-1,Layer_1,5
GGATTAAGCTAAGGTC-1,Layer_3,6
GGATTAATCATGGACC-1,Layer_4,1
GGATTCAGTACGGTGG-1,Layer_1,5
GGATTCCGCTATACCC-1,Layer_2,4
GGATTGAAGTAGCCTC-1,Layer_3,1
GGATTGCTGTGACTCC-1,Layer_3,7
GGATTTCACTTCTATA-1,Layer_1,5
GGCAAAGGCGCCAATA-1,Layer_4,1
GGCAAATTACTTTACT-1,Layer_3,7
GGCAAGCCAGGGATAG-1,Layer_3,7
GGCAAGCCCATAGTGG-1,Layer_5,3
GGCAAGGCGAAATAGC-1,Layer_3,6
GGCAATAGTCAATGAG-1,Layer_1,5
GGCACGCTGCTACAGT-1,Layer_3,1
GGCACTCAGCCGACCC-1,Layer_2,4
GGCACTCCACTGGGCA-1,Layer_3,6
GGCACTGCGGTGGTTT-1,Layer_3,7
GGCAGAGAGATCGGGA-1,Layer_3,7
GGCAGCAAACCTATGC-1,Layer_2,5
GGCAGCGGTAATCCTA-1,Layer_3,6
GGCATACAGGTAGCGG-1,Layer_3,7
GGCATATCGGTTCTGC-1,Layer_2,4
GGCATCAACGAGCACG-1,Layer_3,6
GGCATTCCCTCCCTCG-1,Layer_3,1
GGCATTGAACATCTCA-1,Layer_5,3
GGCCAATTGTATAGAC-1,Layer_3,1
GGCCACAAGCGATGGC-1,Layer_2,4
GGCCACACGAAAGCCT-1,Layer_3,6
GGCCCAGCTGGTTTGC-1,Layer_4,1
GGCCCAGTTATCAGCA-1,Layer_3,7
GGCCCGGAGCATGTCT-1,Layer_1,5
GGCCCGTATACCATGC-1,Layer_3,6
GGCCCTCACCCACTTA-1,Layer_3,7
GGCCGAGACTCTGGTG-1,Layer_5,3
GGCCGCAGGAACCGCA-1,Layer_3,7
GGCCGGCGTCTGCTAT-1,Layer_3,1
GGCCGTTTGGGTTTCA-1,Layer_4,1
GGCCTGCTCTGATGTT-1,Layer_5,3
GGCCTGCTTCTCCCGA-1,Layer_3,6
GGCCTTTGCAACTGGC-1,Layer_3,7
GGCGAAATCTAACTTG-1,Layer_2,5
GGCGAACCGTTCTGAT-1,Layer_3,7
GGCGAGCATCGAGGAC-1,Layer_2,5
GGCGAGCGAAACGGCA-1,Layer_5,3
GGCGCACAGTTTACCT-1,Layer_3,1
GGCGCAGGACATCTTC-1,Layer_3,7
GGCGCATGAATTGATG-1,Layer_3,7
GGCGCGGAGATCTTTC-1,Layer_3,7
GGCGCGTTCGAGTTTA-1,Layer_3,7
GGCGCTCCTCATCAAT-1,Layer_1,5
GGCGCTTCATTCCCTG-1,Layer_4,1
GGCGGAGTAATATTAG-1,Layer_2,4
GGCGGGCTCTAAGAGT-1,Layer_1,5
GGCGGTAGGATCATTG-1,Layer_1,5
GGCGGTTTGCCGGTGC-1,Layer_1,5
GGCGTACCCTATATAA-1,Layer_3,6
GGCGTAGGGAAAGCTG-1,Layer_3,7
GGCGTCCTATCCGCTG-1,Layer_3,6
GGCTAAAGGGCGGGTC-1,Layer_3,4
GGCTAATGATTGAAAT-1,Layer_3,7
GGCTACTATACACTCC-1,Layer_5,3
GGCTATTAAGTTGTAT-1,Layer_3,6
GGCTCCTCCACCTGTT-1,Layer_5,3
GGCTCGCGTTGAGGTA-1,Layer_1,5
GGCTCGTGCCACCAGC-1,Layer_1,5
GGCTCTGCTCCAACGC-1,Layer_1,5
GGCTGAAATAGCAAAG-1,Layer_3,7
GGCTGAGCATCGTAAG-1,Layer_3,7
GGCTGGCAATCCCACG-1,Layer_4,3
GGCTGGCTAGCTTAAA-1,Layer_1,5
GGCTGTCCTACTGCGG-1,Layer_6,3
GGCTTCTCGTGGGTGG-1,Layer_5,3
GGCTTGGCTCTCACCT-1,Layer_3,7
GGCTTTCAATAAGGGT-1,Layer_4,1
GGGAAAGAATGCCAAC-1,Layer_3,7
GGGAACCACCTGTTTC-1,Layer_3,5
GGGAACGGGAGGTTAG-1,Layer_3,7
GGGAACGGTTTCAGAT-1,Layer_5,3
GGGAAGACGGTCTGTC-1,Layer_3,1
GGGAAGGGCTTTCTCA-1,Layer_3,7
GGGAATGAGCCCTCAC-1,Layer_3,6
GGGAATTCTGTCCAGT-1,Layer_3,7
GGGACAGAGTTACTCC-1,Layer_5,3
GGGACCCGTATATCTT-1,Layer_4,1
GGGACTGCATAGATAG-1,Layer_1,5
GGGAGAACTCACAGTA-1,Layer_1,5
GGGAGCGACCGTAGTG-1,Layer_3,1
GGGAGGATGCCCGAAA-1,Layer_3,6
GGGAGTAATGGCTGGC-1,Layer_1,5
GGGAGTTAATGAGGCG-1,Layer_1,5
GGGATACGGTAATAAT-1,Layer_2,4
GGGATATTGATCGCCA-1,WM,2
GGGATCCCAATACAAA-1,Layer_3,7
GGGATGGACCCGCGTC-1,WM,2
GGGATGGTCGTAACCG-1,Layer_3,7
GGGATTTACCGCACCT-1,Layer_1,5
GGGCAACCGCACGTGC-1,Layer_5,3
GGGCACGAATTGGCCG-1,Layer_3,7
GGGCACGTAGTACTGT-1,Layer_5,3
GGGCACTATTGACCAT-1,WM,2
GGGCAGACGTCACTGC-1,Layer_5,3
GGGCAGAGCAATCGTT-1,Layer_3,1
GGGCAGGATTTCTGTG-1,WM,2
GGGCAGTCAACGCCAA-1,Layer_4,1
GGGCATGCATGTCGAG-1,Layer_5,3
GGGCCATTCGTGCTGG-1,WM,2
GGGCCCGTCTTAAACA-1,Layer_3,7
GGGCCCTACGAAAGGG-1,Layer_3,7
GGGCCCTTATCTATAC-1,Layer_3,7
GGGCCGGCCGAAGTAC-1,Layer_1,5
GGGCCTAAATGGGCTA-1,Layer_4,1
GGGCCTATTTAAGTAT-1,Layer_3,7
GGGCGAATTTCTCCAC-1,Layer_1,5
GGGCGATATGTGTGAA-1,Layer_1,5
GGGCGCAGCGTTACTC-1,Layer_1,4
GGGCGGCAAATGAATT-1,Layer_3,7
GGGCGGGTTCCCTACG-1,Layer_3,7
GGGCGGTCCTATTGTC-1,Layer_1,5
GGGCGTACATTTATAT-1,Layer_1,5
GGGCGTCACCACGTAA-1,Layer_3,7
GGGCGTCCACTGGCTC-1,Layer_2,4
GGGCGTGGTTTCCCAG-1,Layer_3,7
GGGCGTTTACATTCAT-1,Layer_6,3
GGGCTACTATTTCGTG-1,Layer_5,3
GGGCTATGATCGATGG-1,Layer_4,1
GGGCTCATCGAACCCA-1,Layer_1,5
GGGCTGCCTAGGGCGA-1,Layer_1,5
GGGCTGGTTAGTCGCG-1,Layer_2,4
GGGTAATGCTGTGTTT-1,Layer_1,5
GGGTACCCACGGTCCT-1,Layer_1,5
GGGTACTTCATGAACT-1,Layer_3,7
GGGTATGTATGCACTT-1,Layer_2,4
GGGTATTCTAGCAAAC-1,Layer_5,3
GGGTCACCGTGACGGT-1,Layer_3,6
GGGTCACGTGCTTATG-1,Layer_3,7
GGGTCAGGAGCTAGAT-1,Layer_5,3
GGGTCATGCGTACCAT-1,Layer_2,4
GGGTCCTTGGAAGAAG-1,WM,2
GGGTCGTGGCAAGTGT-1,Layer_2,4
GGGTCTATCGCTTTCC-1,Layer_3,7
GGGTGACACCTTAACT-1,Layer_3,7
GGGTGCATATGAAAGC-1,Layer_2,4
GGGTGGTCCAGCCTGT-1,Layer_3,6
GGGTGTTTCAGCTATG-1,Layer_1,5
GGGTTAACATTTGAGT-1,Layer_3,1
GGGTTCAGACGAACAA-1,Layer_1,5
GGGTTTAGGATAGGAT-1,Layer_1,5
GGTAAACTCTGCGCTG-1,Layer_3,7
GGTAAATGTGCGTTAC-1,Layer_3,6
GGTAACCGGGAGGATA-1,Layer_5,3
GGTAACTATGTATCTG-1,Layer_1,5
GGTACAAACATGCTAT-1,Layer_3,7
GGTACACCAGATTTAT-1,Layer_3,6
GGTACATCTGGGACGA-1,Layer_3,7
GGTACCATTAAGACGG-1,Layer_1,5
GGTACGTTGCGGCCGG-1,Layer_3,7
GGTACTAAGTGCTTTG-1,Layer_1,5
GGTAGAAGACCGCCTG-1,Layer_3,7
GGTAGACCGTTGGGCG-1,Layer_3,1
GGTAGGCCAATATCAC-1,Layer_6,3
GGTAGTGCTCGCACCA-1,Layer_1,5
GGTATAGTGACACATA-1,Layer_1,5
GGTATGAAAGAACTGA-1,Layer_3,7
GGTATTGCCGAGTTTA-1,Layer_2,4
GGTCAAGACTACTTCG-1,Layer_2,4
GGTCACGTTAGATTCA-1,Layer_2,4
GGTCAGTGGGTCCCAC-1,Layer_3,7
GGTCATTGTAGTCATA-1,Layer_3,7
GGTCCACGTCTATTTG-1,WM,2
GGTCCCATAACATAGA-1,Layer_3,7
GGTCCTTCATACGACT-1,Layer_1,5
GGTCGGATAAACGGCG-1,Layer_2,4
GGTCGGCCAGGAGCTT-1,Layer_1,5
GGTCGGTAATTAGACA-1,Layer_1,5
GGTCGGTCGTCCACAG-1,Layer_4,1
GGTCGTAAGCTCGCAC-1,Layer_4,1
GGTCTCCAAGTAGTGC-1,Layer_1,5
GGTCTCCGTCCAGGTT-1,Layer_3,7
GGTCTCTGAATGGACT-1,Layer_4,1
GGTCTGAGAATCTGGA-1,Layer_1,5
GGTCTTGAGCGCTCTT-1,Layer_4,1
GGTGAAACCGGGAATG-1,Layer_2,4
GGTGAACGGGCTAGCC-1,Layer_1,5
GGTGAAGTACAGGGAT-1,Layer_3,1
GGTGACTGATAGAGAG-1,Layer_3,7
GGTGAGATGCAGATAA-1,Layer_1,5
GGTGATAAGGAGCAGT-1,Layer_1,5
GGTGATGAAGGAAGTG-1,Layer_3,7
GGTGATTTCATCTTGT-1,Layer_1,5
GGTGCAGAGCCTATCG-1,Layer_3,7
GGTGCATAAATGATTA-1,Layer_5,3
GGTGCGGATAAGTGGC-1,Layer_1,5
GGTGCTGATCACAAAG-1,Layer_3,6
GGTGCTGGTACACATT-1,Layer_3,7
GGTGGACCACGTGTTA-1,Layer_3,7
GGTGGACTGCTCTGGC-1,Layer_3,7
GGTGGAGGTTGATACG-1,Layer_1,5
GGTGGGATTAGGTCCC-1,WM,2
GGTGTAAATCGATTGT-1,Layer_5,3
GGTGTAGGTAAGTAAA-1,Layer_5,3
GGTGTTCTGTTTCTAC-1,Layer_3,7
GGTGTTGGGCGTCTTA-1,Layer_1,5
GGTTACCACCCTCGGG-1,Layer_3,7
GGTTACCCGACACTTT-1,Layer_2,4
GGTTACCGCTCCCTAC-1,Layer_6,3
GGTTAGCTATATGTCT-1,Layer_2,4
GGTTAGGCTTGGAGAA-1,Layer_2,4
GGTTAGGGATGCTAAT-1,WM,2
GGTTAGTTACGGCGCC-1,Layer_3,6
GGTTCCACCCGCTTCT-1,Layer_3,7
GGTTCCGTACGACTAA-1,WM,3
GGTTCGCATTTGCCGT-1,Layer_3,1
GGTTCGGATTATACTA-1,Layer_4,7
GGTTCTACTCGTCTGA-1,Layer_1,5
GGTTGTATCGTGAAAT-1,Layer_3,6
GGTTGTGCTCTTGTCC-1,Layer_3,6
GGTTGTGTAGCCTGGC-1,Layer_3,7
GGTTTAATTACCATCG-1,Layer_5,3
GGTTTAATTGAGCAGG-1,Layer_3,4
GGTTTACAATCTCAAT-1,Layer_1,5
GGTTTAGCCTTTCTTG-1,Layer_1,5
GGTTTCAATCGGTCAG-1,Layer_1,5
GGTTTGACAAGAAGCT-1,Layer_3,7
GGTTTGAGTGCTGGAA-1,Layer_1,5
GGTTTGCGAACACGTA-1,Layer_3,7
GGTTTGTGACCTGAGG-1,Layer_3,6
GTAACAACTGACCTTG-1,Layer_3,7
GTAACAGGTTAACGGC-1,Layer_6,3
GTAACATCTAAGATAA-1,Layer_2,4
GTAACTACGTAGACCT-1,WM,2
GTAACTGCCCAAGGAG-1,Layer_5,3
GTAACTTGCGGCAGTC-1,Layer_1,5
GTAAGCGGGCAGTCAG-1,Layer_1,5
GTAAGGATTTGTCGGA-1,Layer_3,6
GTAAGTAACAGTCTGG-1,Layer_2,5
GTAAGTAGGGTATACC-1,Layer_2,4
GTAAGTCCACACTCTA-1,Layer_1,5
GTAATAAAGGGCTCCC-1,Layer_1,5
GTAATCTGATTCTTCG-1,Layer_3,7
GTACACTTACCTGAAG-1,Layer_2,4
GTACAGAGGCAAGGGT-1,Layer_1,5
GTACGACGGCGCTGCG-1,Layer_1,5
GTACGAGATTGCGACA-1,Layer_1,5
GTACGCTTCATTGCAC-1,Layer_3,6
GTACGTCACGTATTAA-1,Layer_3,7
GTACGTTTGCCCGTCA-1,Layer_3,6
GTACTAAGATTTGGAG-1,Layer_1,5
GTACTACGGCCTCGTT-1,Layer_4,3
GTACTCCCTTATCGCT-1,Layer_3,7
GTACTCCTGGGTATGC-1,Layer_2,4
GTACTGAGGTCGTAAC-1,Layer_1,5
GTACTGCATGAAGCGT-1,Layer_1,5
GTACTGGAGTTAGACC-1,Layer_1,5
GTACTTGGGCACTTCT-1,Layer_1,5
GTAGAAACGGGTGGAG-1,Layer_2,6
GTAGACAACCGATGAA-1,Layer_2,6
GTAGACACGCCTGACT-1,Layer_4,1
GTAGACGTCGTTACAT-1,Layer_1,5
GTAGAGGGAGACAAGT-1,Layer_4,1
GTAGCCAAACATGGGA-1,Layer_3,7
GTAGCGCTGTTGTAGT-1,Layer_2,4
GTAGCGGCTATACACT-1,Layer_2,4
GTAGCTAGTAAGCGCG-1,Layer_3,7
GTAGCTCCGGGAGGCT-1,Layer_5,3
GTAGCTTCCTCTTGTT-1,Layer_1,5
GTAGGTGATCCGTGTA-1,Layer_2,4
GTAGTCGCGGGAATCA-1,Layer_3,6
GTAGTCTACGATATTG-1,Layer_3,7
GTAGTGAGCAACCTCA-1,Layer_3,7
GTAGTTCGAAGGCGAA-1,Layer_5,3
GTAGTTTAAGCACACG-1,WM,2
GTATAATCTCCCGGAT-1,Layer_1,5
GTATAGGACTCAGTAG-1,Layer_1,5
GTATAGTGGCCCATGT-1,Layer_3,7
GTATATGTTACGGCGG-1,Layer_1,5
GTATCAAACGTTAGCT-1,Layer_3,4
GTATCAAGGTACTTCC-1,Layer_5,3
GTATCAGCTTGGGTTC-1,Layer_1,5
GTATCCTTTGGTAACC-1,Layer_3,7
GTATCGGGACGAGCTG-1,Layer_1,5
GTATCTCAGTCTTGAC-1,Layer_5,3
GTATCTCCCTAACTGT-1,Layer_3,6
GTATCTCGGGCGCTTT-1,WM,2
GTATCTTGTTGCTCAC-1,Layer_3,6
GTATCTTTCATAACCA-1,Layer_3,7
GTATGAAATTTCACTC-1,Layer_5,1
GTATGACGTGGGAAAC-1,Layer_1,5
GTATGTGGGTCTAGTT-1,Layer_1,5
GTATTAAGGCGTCTAA-1,Layer_1,5
GTATTAGGGTTCGCGT-1,Layer_3,7
GTATTCTGAGAAACGA-1,Layer_3,1
GTATTCTTACCGTGCT-1,Layer_1,5
GTATTTAATGGCATAA-1,Layer_1,5
GTCAAAGAAGTGGTGT-1,Layer_5,3
GTCAAAGTTTACATAG-1,Layer_1,5
GTCAACCAGGCCTATA-1,Layer_3,7
GTCAAGCGGACTCGGG-1,Layer_2,5
GTCAATGCTATAATTT-1,Layer_3,6
GTCAATTGTACTGAAG-1,Layer_2,4
GTCACAAAGTTTCCAA-1,Layer_2,4
GTCACCTGTCTATGTC-1,Layer_3,7
GTCACTCTCCAAATCT-1,Layer_2,5
GTCAGAATAGTCTATG-1,Layer_3,6
GTCAGACAGCGTTGGA-1,Layer_1,5
GTCAGTTGTGCTCGTT-1,Layer_3,6
GTCAGTTTGGTAGTCG-1,Layer_3,6
GTCATCCCAAACTCAC-1,WM,2
GTCATCTCCTACAGCT-1,Layer_1,5
GTCATGCACCTCCGTT-1,Layer_1,5
GTCATGCGCGAGGGCT-1,Layer_3,7
GTCATGGACATGACTA-1,Layer_1,5
GTCATTAGAGCGAACG-1,Layer_2,4
GTCATTGCATTGACCC-1,Layer_3,7
GTCCAATATTTAGCCT-1,Layer_5,3
GTCCACGTCGCATTCG-1,Layer_3,7
GTCCAGGCACGTGTGC-1,Layer_6,3
GTCCATTACTGCTACG-1,Layer_1,5
GTCCCAACGTAAAGTA-1,Layer_1,5
GTCCCAATCATCCCGC-1,Layer_5,1
GTCCCGCGACGTTATG-1,Layer_3,7
GTCCGAGAGCAATCAT-1,Layer_3,7
GTCCGGACCTGAAATT-1,Layer_3,6
GTCCGGCTGAATTGCG-1,Layer_1,5
GTCCGGGTTCACATTA-1,Layer_4,1
GTCCGTTAGAGGGCCT-1,Layer_5,3
GTCCTACAGGCGGCTC-1,Layer_1,5
GTCCTACGAATAGTCT-1,Layer_3,6
GTCCTACTCTACGGGC-1,Layer_6,3
GTCCTAGGATACCTTA-1,WM,2
GTCCTATTGTTGTGGT-1,Layer_3,7
GTCCTTCTACAACCCA-1,Layer_2,6
GTCCTTCTAGTGGGTT-1,Layer_3,6
GTCCTTTAATGACTTC-1,Layer_3,7
GTCGAATTTGGGCGCT-1,WM,2
GTCGATAGGTGACTTT-1,Layer_1,5
GTCGCCGTTGTGTGTT-1,Layer_4,1
GTCGCGTAACCCGTTG-1,Layer_2,5
GTCGGAAGGATACCAG-1,Layer_3,7
GTCGGATATCTCAGAC-1,Layer_3,6
GTCGGATGTAGCGCGC-1,Layer_2,4
GTCGGGAACATGGTAG-1,Layer_4,1
GTCGGGAAGCAGAAAC-1,Layer_3,1
GTCGGGTGAAGTACCG-1,Layer_3,1
GTCGTACCATCTCGGG-1,Layer_3,7
GTCGTACCTACGATTG-1,Layer_3,7
GTCGTATTGGCGTACA-1,Layer_2,4
GTCGTCAATTATAAGG-1,Layer_1,5
GTCGTCTGGTTGGCTA-1,Layer_2,4
GTCGTGTCTGGTCATC-1,Layer_2,4
GTCGTTATTCGCTTAT-1,Layer_3,6
GTCTACTCAATTACAA-1,Layer_3,7
GTCTAGTGAGCCGCTT-1,Layer_3,7
GTCTATACACGCATGG-1,Layer_6,3
GTCTATCTGAGTTTCT-1,Layer_3,7
GTCTATTGCATGCTCG-1,Layer_3,7
GTCTATTGGTTCCGGT-1,Layer_3,6
GTCTCAAGGCCCGGCT-1,Layer_3,1
GTCTCCCGAGTCCCGT-1,Layer_3,1
GTCTCCGCCTCAATAC-1,Layer_5,3
GTCTCCTGCCAGTATG-1,Layer_6,3
GTCTCGACTAAGTTTG-1,Layer_2,4
GTCTCGATCTGCTTTC-1,Layer_1,4
GTCTCGCCAACACGCC-1,Layer_3,6
GTCTGCCGACTCGACG-1,Layer_4,1
GTCTGGGCGGTCGAGA-1,Layer_3,7
GTCTGTAGGTTGAACA-1,Layer_6,3
GTCTTACCACGCCAAG-1,Layer_3,1
GTCTTAGTACAGCCGG-1,Layer_3,6
GTCTTCCTCACCTAAG-1,Layer_3,7
GTCTTGAGGAGCAGTG-1,Layer_1,5
GTCTTGTAGCTATTCA-1,Layer_1,5
GTGAAACGGCGCCACC-1,Layer_1,5
GTGAAACGTGCTCCAC-1,Layer_1,5
GTGAACTCCCATTCGA-1,Layer_1,5
GTGAAGATTTCAAGTG-1,Layer_3,4
GTGAAGCCGTATAGTC-1,Layer_3,4
GTGAAGTCACGACTCG-1,Layer_5,3
GTGACAGCTTCCCACT-1,Layer_3,1
GTGACCGCACACTACG-1,Layer_1,5
GTGACCTAAAGAATAA-1,Layer_2,4
GTGACGAGGGTGACCC-1,Layer_2,4
GTGACGCAGGTTTCAT-1,Layer_4,1
GTGACTTCAGTAGTGC-1,Layer_3,7
GTGAGATAACCTTATA-1,Layer_6,3
GTGAGCGTGCTGCACT-1,Layer_3,7
GTGAGGACACTTAAGG-1,Layer_2,4
GTGAGGAGCGGTTGAG-1,Layer_3,6
GTGAGTCGACTAATAG-1,Layer_3,7
GTGAGTCTAAGACGGA-1,Layer_3,6
GTGAGTGGTACAACGC-1,Layer_3,7
GTGATCAAGCGTGCAC-1,Layer_6,3
GTGATCACTAACGCCT-1,Layer_1,5
GTGATCATAGATCTGC-1,Layer_3,7
GTGATCCTTGTCATGA-1,Layer_3,7
GTGATGCACAACATCT-1,Layer_3,6
GTGATTCGCCGCTCAA-1,Layer_3,7
GTGCAACAAATGTGGC-1,Layer_1,5
GTGCACCAGCTTCAAC-1,Layer_5,3
GTGCACGAAAGTGACT-1,Layer_1,4
GTGCAGCGTAGAGTAG-1,Layer_1,5
GTGCCAAACGTTTCGA-1,WM,2
GTGCCATCACACGGTG-1,Layer_3,7
GTGCCCGTTCGGATTC-1,Layer_1,5
GTGCCGCTTCAAAGGT-1,Layer_3,7
GTGCCTAGCTATGCTT-1,Layer_1,5
GTGCCTCAGTGTACGG-1,Layer_3,6
GTGCCTGAGACCAAAC-1,Layer_3,1
GTGCGAAATCGAACAC-1,Layer_3,7
GTGCGACAGGGAGTGT-1,Layer_1,5
GTGCGCAGCTTGCTCC-1,Layer_2,5
GTGCGCTTACAAATGA-1,Layer_3,6
GTGCGGGACCATCGGC-1,Layer_2,4
GTGCGGGTCTCCAAAT-1,Layer_1,5
GTGCGTGTATATGAGC-1,Layer_2,5
GTGCTATCCAGCTGGA-1,Layer_5,3
GTGCTCAAGTACTGTC-1,Layer_2,6
GTGCTGCAGATAAGGA-1,Layer_3,7
GTGCTGTTAGAACATA-1,Layer_5,3
GTGCTTACATCAGCGC-1,Layer_1,5
GTGGAACCTACATGCG-1,Layer_2,4
GTGGACCAACCCGATT-1,Layer_3,7
GTGGACGCATTTGTCC-1,Layer_3,1
GTGGACGTGCTGAGAC-1,Layer_1,5
GTGGAGCATGTCGGCC-1,Layer_1,5
GTGGAGCGTTTACCGA-1,Layer_6,3
GTGGAGTCGGCGGTTG-1,Layer_4,1
GTGGCAAACAGCGGCA-1,Layer_5,1
GTGGCCGGTTTCTCGG-1,WM,2
GTGGCCTAATATCATT-1,Layer_3,7
GTGGCGGGCCGTAGCT-1,Layer_3,6
GTGGCGGTCCCAGCGT-1,Layer_3,7
GTGGCGTGCACCAGAG-1,Layer_3,7
GTGGCTGTTTCTGTTC-1,Layer_3,1
GTGGGAACAAACCGGG-1,Layer_6,3
GTGGGAAGACTGAATC-1,Layer_4,1
GTGGGCTTAGACACAC-1,Layer_2,4
GTGGGTACTGAGCGTA-1,Layer_5,3
GTGGTATAGTCTGCCG-1,Layer_4,1
GTGGTCAGCGAAGTAT-1,Layer_3,6
GTGGTGATGGTTTGTG-1,Layer_2,5
GTGGTGGCCAAGTGAA-1,Layer_3,6
GTGGTTACTTCTTTCG-1,Layer_1,5
GTGGTTTCCGCCTTTC-1,Layer_3,7
GTGTACCTTGGCTACG-1,Layer_1,5
GTGTACGAACCGTTCC-1,Layer_1,5
GTGTATATCAGCGGGC-1,Layer_3,7
GTGTATGACTTTAAAG-1,Layer_2,4
GTGTCAGTGTACGTGG-1,Layer_5,3
GTGTCCGATAAGGCAT-1,Layer_3,7
GTGTCGTATAGCGTTC-1,Layer_3,7
GTGTCGTATTCACCTT-1,Layer_3,7
GTGTGAATAACTTAGG-1,Layer_1,5
GTGTGAGCCGAGGTGC-1,Layer_3,5
GTGTGTCGACGTCGCT-1,Layer_1,5
GTGTTACTATGCGTCC-1,Layer_2,4
GTTAAAGTAGGACTGG-1,Layer_3,6
GTTAACATCACTTAAA-1,Layer_3,7
GTTAACTATGTTGTCA-1,Layer_1,5
GTTAAGGGTGCGATGT-1,Layer_3,1
GTTAAGTTAGAGTGGG-1,Layer_1,5
GTTAATAGCGTCATTA-1,Layer_3,1
GTTAATGTCTATCTTA-1,Layer_3,7
GTTACAATTGGTGACG-1,Layer_3,7
GTTACCAAGGCGTACG-1,Layer_3,7
GTTACCTACAACTTGC-1,Layer_3,7
GTTACGAAATCCACGC-1,Layer_2,5
GTTACGGCCCGACTGC-1,Layer_2,4
GTTACTTTGGGCCTAG-1,Layer_3,7
GTTAGAGTGTGCCGCT-1,Layer_3,6
GTTAGCCCATGACATC-1,Layer_4,1
GTTAGCCGTAAATCAA-1,Layer_2,4
GTTAGGCTACCCGTTT-1,Layer_5,3
GTTATAATACGGTGAA-1,Layer_2,4
GTTATATCAGGAGCCA-1,Layer_3,6
GTTATATTATCTCCCT-1,Layer_3,7
GTTATCAAGCTATCGA-1,Layer_3,7
GTTATCACCTTCTGAA-1,Layer_3,6
GTTATTAAATACGACC-1,Layer_3,7
GTTATTAACGTGGGAG-1,Layer_2,4
GTTCAAATCAGATGTC-1,Layer_3,6
GTTCAATCTATGTCAA-1,Layer_3,7
GTTCACAGGAGTCTAG-1,Layer_3,6
GTTCAGTCGCCAAATG-1,Layer_5,3
GTTCATCGTTTGGCTG-1,Layer_1,5
GTTCCAAGACAGCGAC-1,Layer_1,5
GTTCCAGTCTGACCAT-1,Layer_1,5
GTTCCCGTAAACATAT-1,Layer_3,4
GTTCCGTCCGCCTGCA-1,Layer_6,3
GTTCGACAATTGTATA-1,Layer_6,3
GTTCGCCATAAGTGCC-1,Layer_3,6
GTTCGCTGAGACGTCT-1,Layer_2,4
GTTCGGAGCACTCAAC-1,Layer_3,7
GTTCGGATCGGGAACA-1,Layer_1,5
GTTCGGGCGTACCATT-1,Layer_1,5
GTTCGTCTAAAGAACT-1,Layer_3,6
GTTCGTCTGGGTCCCT-1,Layer_3,6
GTTCGTTGCGGACCAG-1,Layer_3,5
GTTCTTCCCTCGATGT-1,Layer_1,5
GTTCTTGTAACTCAAT-1,Layer_5,3
GTTGAACCGGTTCCAT-1,Layer_3,7
GTTGAGTCCCGCCGGT-1,Layer_3,7
GTTGCACGGAGTTTCG-1,Layer_1,5
GTTGCAGTCGACAACA-1,Layer_3,6
GTTGCCCTAACGGGTG-1,WM,2
GTTGCGCTAACATTAC-1,Layer_1,5
GTTGCGGACGGTCAGG-1,Layer_1,5
GTTGGACCGCATCAGG-1,Layer_3,6
GTTGGATTCAGTGGCT-1,Layer_3,6
GTTGGATTGAGAACAC-1,Layer_1,5
GTTGGATTTGCGTTGG-1,Layer_3,6
GTTGGTCATGCTATCC-1,Layer_3,1
GTTGTAGATTTATGAG-1,Layer_5,3
GTTGTCGTGTTAGTTG-1,Layer_1,5
GTTGTTACATTGCGCT-1,Layer_3,7
GTTGTTGCAAGATGGC-1,Layer_3,7
GTTTACGTTCCATCTG-1,Layer_3,7
GTTTATGGGATTTAGA-1,Layer_2,4
GTTTCAAACGAGTTGT-1,Layer_3,6
GTTTCATATCGTCGCT-1,Layer_3,7
GTTTCCTGGAGGGTGA-1,Layer_1,5
GTTTCTAGAGGCGCGG-1,Layer_3,1
GTTTCTGCAGTCTCCC-1,Layer_2,4
GTTTGACCAAATCCTA-1,Layer_1,5
GTTTGAGCGGTTATGT-1,Layer_3,4
GTTTGGCCCAAGTTAT-1,Layer_2,4
GTTTGGCCGCTCAGCG-1,Layer_1,5
GTTTGGGCTTGTGAGC-1,Layer_3,7
GTTTGGGTTTCGCCCG-1,Layer_3,7
GTTTGGTAGGGTCAAC-1,Layer_3,1
GTTTGGTGATCGGTGC-1,Layer_5,3
GTTTGTTAGCCAAGTA-1,Layer_6,3
TAAACCCAGGAGGGCA-1,Layer_4,1
TAAACGTCGTCAATGA-1,Layer_1,5
TAAAGACAACCCTTTA-1,Layer_1,5
TAAAGAGCCCGAAACC-1,Layer_1,4
TAAAGCGGTATTTCCA-1,Layer_5,3
TAAAGCGTTAGGAGAA-1,Layer_1,5
TAAAGCTGCAATAGGG-1,Layer_3,6
TAAAGGAGAAACTAGT-1,Layer_3,6
TAAAGTGCACGTCTCG-1,Layer_6,3
TAAATCTTTACACCTC-1,Layer_3,6
TAAATGAATCCGTTTC-1,Layer_2,4
TAAATGCCGTCTCATG-1,Layer_3,7
TAAATGGGCTACTGAG-1,Layer_3,7
TAAATTGTGGGTAAAG-1,Layer_5,3
TAAATTTAGTAACACC-1,Layer_6,3
TAACAAAGGGAGAAGC-1,Layer_1,5
TAACAATATTTGTTGC-1,Layer_3,6
TAACAGCGTTTGTGCT-1,Layer_5,3
TAACAGGTTCCCTTAG-1,Layer_5,3
TAACATACAATGTGGG-1,Layer_2,4
TAACATACACGCGATC-1,Layer_5,3
TAACCGCCCGCAGTGC-1,Layer_2,4
TAACCTACCGTCCGAG-1,Layer_1,5
TAACCTAGGGAGTCCA-1,Layer_3,6
TAACGCTTTGAGAGCG-1,Layer_2,4
TAACTATCGAAGGTCC-1,Layer_1,5
TAACTATTACGCCAAA-1,Layer_2,4
TAACTCATCCGCGCGG-1,Layer_3,7
TAACTCCATGGAGGCT-1,Layer_1,5
TAAGAGGGACAGGGAC-1,Layer_6,3
TAAGATTTAGCGGGAG-1,Layer_2,5
TAAGCAGGCGACACGC-1,Layer_3,7
TAAGCCCTTACGACCA-1,Layer_3,7
TAAGCGCGAATCAAAT-1,Layer_6,3
TAAGGAACTTGTGGGA-1,Layer_1,5
TAAGGCAACATAAGAT-1,Layer_1,5
TAAGGCATAACATCAA-1,Layer_4,1
TAAGGCCCGTCACCCT-1,Layer_3,1
TAAGGCTGAATCCCTC-1,Layer_1,5
TAAGGGCCTGTCCGAT-1,Layer_3,6
TAAGGGCTGGGAGAGG-1,Layer_3,7
TAAGTAAATGTGCCGC-1,Layer_3,7
TAAGTAACATCTTGAC-1,Layer_3,7
TAAGTCGCCGAGTATC-1,Layer_4,3
TAAGTCGGTGAGCTAG-1,Layer_3,7
TAAGTGAATAGTCTAC-1,WM,2
TAAGTTGCGACGTAGG-1,Layer_3,4
TAATAAACAAGGAGAT-1,Layer_3,4
TAATACACAGTAGTAT-1,Layer_1,5
TAATACTAGAACAGAC-1,Layer_4,1
TAATAGAACAGAGTTA-1,Layer_4,1
TAATAGCTAAATGATG-1,Layer_3,6
TAATAGGTCACCAGAA-1,Layer_6,3
TAATAGTGACGACCAG-1,Layer_1,5
TAATATTGAAATTCGC-1,Layer_1,5
TAATCAACCAAATGGG-1,Layer_1,5
TAATCAGGAATGCTGC-1,Layer_3,7
TAATCGATCCGTACGT-1,Layer_1,5
TAATGAAAGACCCTTG-1,Layer_2,6
TAATGTCGGTTCATGG-1,WM,2
TAATTACGTCAGTAGA-1,Layer_3,6
TAATTAGATGGATATG-1,Layer_1,5
TAATTAGGACATCCGT-1,Layer_1,5
TAATTCCAATGCTTCA-1,Layer_3,7
TAATTGGAATCGGGAA-1,Layer_3,6
TAATTTCCGTCCAGTA-1,Layer_4,1
TACAAATTGCGGAGGT-1,Layer_3,7
TACAACAGCGCATACA-1,Layer_3,1
TACAACGCACAACTCA-1,Layer_3,7
TACAAGCTGTTCACTG-1,Layer_3,6
TACAAGGGCTTCTTTA-1,Layer_3,7
TACAAGTCTCGTGCAT-1,Layer_3,7
TACAATGAAACCAGCA-1,Layer_3,4
TACACAGCCGTGGTGC-1,Layer_5,3
TACACCGTCGTTAGTC-1,Layer_3,6
TACACCTCTTCGAATC-1,Layer_4,1
TACAGAAACGGTGGGC-1,Layer_3,7
TACATAGGCATACACC-1,Layer_3,6
TACATCCCTATCCCTG-1,Layer_4,1
TACATCTTGTTTCTTG-1,Layer_1,5
TACATGACCTTATCCG-1,Layer_3,6
TACATGCCGGAATTGT-1,Layer_2,5
TACATTTCTAACGTGC-1,Layer_3,6
TACCAAATAGCCCAGA-1,Layer_3,1
TACCAATAAAGTACCA-1,Layer_3,7
TACCAGAAGTAGGTTC-1,Layer_3,7
TACCAGCTAGGTTTAA-1,Layer_2,4
TACCAGGAATCCCGTC-1,Layer_6,3
TACCATGTATTGATTT-1,Layer_1,5
TACCCTCGGTAACCCT-1,Layer_3,7
TACCGAATAATTGTAA-1,Layer_3,7
TACCGCGGACTTGCAG-1,Layer_1,5
TACCGGCTCACTGCCC-1,Layer_3,7
TACCGGTCGTTTCCAT-1,Layer_3,7
TACCGTAGGTTAACTA-1,Layer_4,1
TACCGTGCCTCGGACC-1,Layer_3,7
TACCTACTCCCAGTAT-1,Layer_3,1
TACCTATCCCTAGAGG-1,Layer_4,1
TACCTCACGCTTGTAC-1,Layer_1,5
TACCTCAGTTGTCTGT-1,Layer_4,1
TACCTCCACACCAATG-1,Layer_6,3
TACCTCTTTACCATCC-1,Layer_3,7
TACCTGCTGCACTGTG-1,Layer_3,6
TACCTTAAGATTTCCC-1,Layer_4,1
TACGAACACGACTTCA-1,Layer_2,4
TACGACGCTTGCTGCG-1,Layer_3,7
TACGACTGCCTCTTAG-1,Layer_3,6
TACGAGAACTTCACGT-1,Layer_3,6
TACGATCCAAGCCACT-1,Layer_3,7
TACGATGTTGATCATC-1,Layer_3,7
TACGCAGTTCTTTCCT-1,Layer_3,7
TACGCCATATTCTAAT-1,Layer_3,6
TACGCCGAGGGTACCC-1,Layer_4,3
TACGCCGCCTCAGAAG-1,Layer_1,5
TACGCCTCCATTCCGA-1,Layer_3,1
TACGCTATAGAAACCT-1,Layer_1,5
TACGCTCCTAGAACTG-1,Layer_6,3
TACGCTCGGTATTGGA-1,Layer_3,6
TACGCTGATAGTTGTA-1,WM,2
TACGCTGCACGGTCGT-1,Layer_3,1
TACGCTGCTGTGTTAA-1,Layer_6,3
TACGGAAGCCAAACCA-1,Layer_4,1
TACGGCATGGACGCTA-1,Layer_3,7
TACGGGATGCTAGCAG-1,Layer_1,4
TACGGGTAATAACATA-1,Layer_4,1
TACGTAAAGCGGAGTG-1,Layer_3,6
TACGTACTAGTGCTGA-1,Layer_5,3
TACGTGCAAGGTTCCT-1,Layer_2,4
TACGTGCACTATGCTG-1,Layer_1,5
TACGTGGGCCCAGGGC-1,Layer_4,1
TACGTTTACCGGCAAT-1,Layer_3,7
TACTACGTGCAATGCG-1,Layer_4,1
TACTATGGTTCCTCAG-1,Layer_4,1
TACTCATTGACGCATC-1,Layer_3,1
TACTCCTCTAGTTGAC-1,Layer_5,3
TACTCGGCACGCCGGG-1,Layer_3,7
TACTCGTTTGAATCAA-1,Layer_4,1
TACTCTCCGAACAAAT-1,Layer_1,4
TACTCTTACTTTACTG-1,Layer_3,6
TACTCTTTCGTCTTCA-1,Layer_4,1
TACTGAACAGATTTAG-1,Layer_4,1
TACTGAGGGAAGAAAG-1,WM,3
TACTGCAATCAATTAC-1,Layer_2,4
TACTGCATGATTAAAT-1,Layer_6,3
TACTGGACAGCTCGGC-1,Layer_3,7
TACTGTTTCTCTGGTA-1,Layer_1,5
TACTTAAACATGTACA-1,Layer_3,7
TACTTGTTAGTAGTCC-1,Layer_1,5
TACTTTACTGAGCCGG-1,Layer_1,5
TACTTTCCGCACGCCA-1,Layer_4,1
TAGAAACACAATAGTG-1,Layer_1,5
TAGAAACCACTAAGTA-1,Layer_3,7
TAGAAAGGTGGCGCTA-1,Layer_1,5
TAGAAATTCACGTATA-1,Layer_3,7
TAGAAGAAGGGTTACA-1,Layer_3,7
TAGAATAGCCGATGAA-1,Layer_3,6
TAGAATTAAGGGCAAC-1,Layer_3,6
TAGACGAAACGCCAAT-1,Layer_3,1
TAGACGCCCGTACCGG-1,Layer_1,5
TAGACTACCTAGCGTT-1,Layer_1,5
TAGACTCAGTTGGCCT-1,WM,2
TAGAGATCATGCAACT-1,Layer_3,7
TAGAGCTACGAAGAAC-1,Layer_1,5
TAGAGGGAGTTTATCT-1,Layer_5,3
TAGAGGTTCTACTTGT-1,Layer_3,4
TAGAGTCTAAGCGAAC-1,Layer_1,5
TAGAGTGTTCCGGGTA-1,Layer_3,1
TAGATATGGACTGGAA-1,Layer_3,7
TAGATCCGAAGTCGCA-1,Layer_3,6
TAGATGGTTCCTTACT-1,Layer_3,6
TAGATTCAAAGTGCGG-1,Layer_6,3
TAGATTCCTGGTTATT-1,Layer_3,7
TAGATTCTCTAGCAAA-1,Layer_3,1
TAGCAACCTGTCACAA-1,Layer_1,5
TAGCAGATACTTAGGG-1,Layer_4,1
TAGCAGTATGACTAAA-1,Layer_3,7
TAGCCAGAGGGTCCGG-1,Layer_1,5
TAGCCATTTCAAAGTC-1,Layer_1,5
TAGCCGGCGGTCAGCG-1,Layer_1,5
TAGCGTCCCTCGATTG-1,Layer_1,5
TAGCGTCCGGTGTGGT-1,Layer_3,7
TAGCGTCGAATATTGA-1,Layer_3,7
TAGCGTTGGGTCTTAC-1,Layer_2,4
TAGCTAAGTCCGGGAG-1,Layer_1,5
TAGCTAGAAGGCATGA-1,Layer_3,7
TAGCTAGTGATGATGG-1,Layer_4,1
TAGCTCACTGTGTTTG-1,Layer_3,7
TAGCTCAGATCCTAGT-1,Layer_3,7
TAGCTCGCCTGATAAC-1,Layer_3,7
TAGCTGATGTGAAGCG-1,Layer_4,1
TAGGAACAGCCTCCAG-1,Layer_3,7
TAGGAGGCTCGAGAAC-1,Layer_3,1
TAGGATCTTAACCGCA-1,Layer_5,3
TAGGCATGTTACGCCA-1,Layer_1,5
TAGGCCTATATAGTCT-1,Layer_3,7
TAGGCGATGAGGTCTC-1,Layer_5,3
TAGGCGGCTGCAAAGA-1,WM,2
TAGGCTAAAGTGGCAC-1,Layer_3,7
TAGGGAGCTTGGGATG-1,Layer_1,5
TAGGGTGTTTCAAGAG-1,Layer_1,5
TAGGTCCAAGTAAGGA-1,Layer_3,6
TAGGTCGCCGGAACTG-1,Layer_1,5
TAGGTGACGATAACCT-1,Layer_3,7
TAGGTGAGCCCTACTC-1,Layer_2,6
TAGGTGCTCGCCTAGC-1,Layer_1,5
TAGGTGTTCCACAGAT-1,Layer_4,1
TAGGTTCGAGTTCGTC-1,Layer_2,5
TAGGTTCTGCTGAGAA-1,Layer_5,3
TAGTACCACAACTTTC-1,Layer_6,3
TAGTACCTTAGTGGTC-1,Layer_2,5
TAGTAGCTTATACCAG-1,Layer_5,3
TAGTAGTTGCCGGACA-1,Layer_5,3
TAGTCCCGGAGACCAC-1,Layer_5,3
TAGTCCGCAGAGAATG-1,Layer_3,7
TAGTCCGTATGCATAA-1,Layer_1,5
TAGTCCTGCACTAAGC-1,Layer_6,3
TAGTCGATCACGGGTT-1,Layer_2,4
TAGTCGGGATTCTTCG-1,Layer_1,5
TAGTCTAACAACGAGA-1,Layer_3,7
TAGTCTGCGGCACATT-1,Layer_6,3
TAGTCTGTGACGTTGC-1,Layer_2,4
TAGTCTTTCCGAATTG-1,Layer_1,5
TAGTGACAAGCTCTAC-1,Layer_3,1
TAGTGAGAAGTGGTTG-1,Layer_2,4
TAGTGCCCTCCAGAGT-1,Layer_2,4
TAGTGCTTGAATCCTT-1,Layer_1,5
TAGTGGAACTCATACA-1,Layer_3,7
TAGTGTCAGAAACGGC-1,Layer_2,4
TAGTTAAGATAGGATA-1,Layer_3,6
TAGTTTATTCTTGCTT-1,Layer_1,5
TATAAATCCACAAGCT-1,Layer_1,5
TATAAGTGAGGATAGC-1,Layer_1,5
TATACACAGACGCCTT-1,Layer_3,7
TATACACGCAAAGTAT-1,Layer_1,5
TATACCGAGTGCCACA-1,Layer_1,5
TATACGCGTCATCACT-1,Layer_3,1
TATACTCATGCGGCAA-1,Layer_1,5
TATAGAGTCGCTTGAA-1,Layer_5,3
TATAGATGGTCGCAGT-1,Layer_1,5
TATAGCGCACGTTATC-1,Layer_5,1
TATAGGGTACTCATGA-1,Layer_3,7
TATAGTTAGGTGTACT-1,WM,2
TATATAGGGCTTTACG-1,Layer_5,3
TATATATCGAGAAATG-1,Layer_5,3
TATATCAAAGTGATCT-1,Layer_6,3
TATATCATTGATCAGT-1,Layer_3,7
TATATCCCTGGGAGGA-1,Layer_1,5
TATATGCTGGGTTGCC-1,Layer_2,6
TATATTACAAATGTCG-1,Layer_3,6
TATATTCGCGTCGATA-1,Layer_3,6
TATCAAAGGTCTGTAA-1,Layer_3,7
TATCACAGCACGGGCA-1,Layer_3,6
TATCACCATGTAAAGT-1,Layer_3,7
TATCACCCAACCGACC-1,Layer_2,4
TATCACTTCGAGTAAC-1,Layer_3,6
TATCAGTGGCGTAGTC-1,Layer_5,3
TATCCAATTGGTTATC-1,Layer_3,7
TATCCATATCATGCGA-1,Layer_1,5
TATCCATCTCGGTTAG-1,Layer_6,3
TATCCCTCGATCTGCA-1,Layer_5,3
TATCCGCACCGTCGGG-1,Layer_4,1
TATCCTATCAACTGGT-1,Layer_5,3
TATCCTGCATGGGAAT-1,Layer_1,5
TATCGATCTATGCATA-1,Layer_2,4
TATCGATGATTAAACG-1,Layer_1,5
TATCTACAGAGGTAAT-1,Layer_3,7
TATCTACCACAGCGGG-1,Layer_3,6
TATCTAGCCTAAAGGA-1,Layer_3,7
TATCTGAGCCGATATT-1,WM,2
TATCTTGCAATACAAC-1,Layer_5,3
TATGAAGAATTAAGGT-1,Layer_3,7
TATGAAGACAGGTGCG-1,Layer_3,6
TATGACCTTGCGCTGG-1,Layer_5,3
TATGATAAATCTAACG-1,Layer_3,6
TATGATCCGGCACGCC-1,Layer_2,4
TATGATCTTCTCTTTA-1,Layer_3,7
TATGATTCTGCTTGGT-1,Layer_2,5
TATGCTCCCTACTTAC-1,Layer_1,5
TATGGAGTTTCTCGTT-1,Layer_1,5
TATGGATGTGCTACGC-1,Layer_1,5
TATGGCCCGGCCTCGC-1,Layer_3,6
TATGGCTAGGCTAATT-1,Layer_3,6
TATGGGACCGAGCAGG-1,Layer_2,6
TATGGGTACGTATCGT-1,Layer_2,4
TATGGTCTGAGTAACA-1,Layer_2,6
TATGGTTAGTGGGAGA-1,Layer_1,5
TATGTAAAGTGCTTAA-1,Layer_5,3
TATGTAGAAACCCGGC-1,WM,3
TATGTCAAGACCGACT-1,Layer_2,4
TATGTCTCATTGTGCC-1,Layer_1,5
TATTAACACCAAAGCA-1,Layer_5,3
TATTAACCTGACCGCG-1,Layer_4,1
TATTACCATCCTGCTT-1,Layer_1,5
TATTATGTTTGCCTGC-1,Layer_5,3
TATTCAATTCTAATCC-1,Layer_1,5
TATTCCACTCAGCTCG-1,Layer_3,7
TATTCCGAGCTGTTAT-1,Layer_3,7
TATTCCGGCAGTCCTA-1,Layer_3,6
TATTCCTCCGCCCACT-1,Layer_4,1
TATTCGTGCCAGAATA-1,Layer_2,4
TATTGACATTTCTGCC-1,Layer_1,5
TATTGCCGGGCTTGTA-1,Layer_3,7
TATTTAGTCTAGATCG-1,Layer_1,5
TATTTATACCGAGTAG-1,Layer_2,4
TATTTGATTTGCACAG-1,Layer_2,5
TATTTGTTACCCTTTA-1,Layer_1,5
TCAAACAACCGCGTCG-1,Layer_1,5
TCAAACTTAGATTGTT-1,Layer_1,5
TCAAAGAGCTATCTGT-1,Layer_5,3
TCAAAGTCACGGCGTC-1,WM,3
TCAAATTATGTTCGAC-1,Layer_3,1
TCAAATTGTTGTGCCG-1,Layer_4,1
TCAAATTTGAGACTCA-1,Layer_3,1
TCAACAAAGATAATTC-1,Layer_4,3
TCAACACATTGGGTAA-1,Layer_1,5
TCAACATAGCGCCCTA-1,Layer_4,1
TCAACATCGACCGAGA-1,Layer_4,1
TCAACCATGTTCGGGC-1,Layer_1,5
TCAACGAGGAGACAAA-1,Layer_3,7
TCAACGCAGGAAATAA-1,Layer_4,1
TCAACGCGACCGGCAG-1,Layer_3,7
TCAACTAACGTATAAC-1,Layer_3,7
TCAACTGCAGAGTCAG-1,Layer_2,4
TCAAGAAATACTAGCT-1,Layer_1,5
TCAAGCGCGGACGGTA-1,Layer_3,4
TCAAGCTGCCTTGAAA-1,Layer_3,6
TCAAGGTTACTACACC-1,Layer_1,5
TCAATACAATTGCTGC-1,Layer_3,7
TCAATACGCCGTCATG-1,Layer_4,1
TCAATATACAGGAGGC-1,Layer_3,7
TCAATCCCGCGCCAAA-1,Layer_3,7
TCAATCCGGGAAGTTT-1,Layer_3,1
TCACAAACCGAGGTAC-1,Layer_3,7
TCACAGATCCTCAAAC-1,Layer_1,5
TCACAGCAAACTCGAA-1,Layer_3,7
TCACAGGAGAATAAGA-1,Layer_4,1
TCACAGGGAATCGCAA-1,Layer_3,6
TCACAGGTTATTGGGC-1,Layer_2,4
TCACATCTTATCTGAT-1,Layer_3,6
TCACCCTCTTAAGATT-1,Layer_3,7
TCACCGCTCGGCACTC-1,Layer_1,5
TCACGATGTCCGTGGA-1,Layer_4,3
TCACGCATTGTAGATC-1,Layer_2,6
TCACGGCCCAAGAGAG-1,WM,2
TCACGGTCATCGCACA-1,Layer_1,5
TCACGTGCCCGATTCA-1,Layer_2,6
TCACTACGACCAATGC-1,Layer_3,6
TCACTATCCCTTCGGT-1,Layer_3,1
TCACTATCGTGCAATC-1,Layer_2,5
TCACTCAGCGCATTAG-1,Layer_3,4
TCACTCGTGCAACGGC-1,Layer_3,6
TCACTCTTCGTCTGTC-1,Layer_1,5
TCAGAACCTCCACAGG-1,Layer_1,5
TCAGAACGGCGGTAAT-1,Layer_4,3
TCAGACGCTATAGAAG-1,Layer_3,7
TCAGAGGACGCGTTAG-1,Layer_4,3
TCAGAGTGTGAGCATG-1,Layer_3,7
TCAGATGGAGACGTAG-1,Layer_3,7
TCAGCAAATGCATCTC-1,Layer_1,5
TCAGCAGTAGGCCCTG-1,Layer_5,3
TCAGCCAATCCGTAAA-1,Layer_3,6
TCAGCGCACGCCGTTT-1,Layer_5,3
TCAGCTTGAGCTTTCG-1,WM,2
TCAGGGCGACTTCCTT-1,Layer_3,7
TCAGGGCGCAAACTCG-1,Layer_2,4
TCAGGGTGCACGAAAC-1,Layer_3,7
TCAGGGTGTAACGTAA-1,Layer_1,5
TCAGGTTCTTTGAGAA-1,Layer_2,4
TCAGTACTGACCCGCG-1,Layer_2,4
TCAGTAGGGACTATAA-1,Layer_3,7
TCAGTGTATACGTCAT-1,Layer_5,3
TCAGTTACGGAATGAT-1,Layer_3,6
TCATAAGTCCAAGAAG-1,Layer_3,6
TCATACTTACAGATCC-1,Layer_2,5
TCATATGAGCTTTGTT-1,Layer_4,1
TCATCACTCGAGCTCG-1,Layer_1,5
TCATCCATCTGATCAC-1,WM,2
TCATCCCAGAGGGTGG-1,Layer_2,4
TCATCCTCAGCTGCTT-1,Layer_3,7
TCATCGACGACCGTCG-1,Layer_4,1
TCATCGATGGTCCCAA-1,Layer_5,3
TCATGAAGCGCTGCAT-1,WM,2
TCATGCAGGTTCTCAT-1,Layer_2,4
TCATGGAGGCCTTTGT-1,Layer_3,1
TCATTCGTATAATTTG-1,Layer_3,7
TCATTTAAGTCTCCGA-1,Layer_1,5
TCATTTAGAAGTGTGA-1,Layer_2,4
TCCAACTCAGCTATCT-1,Layer_3,7
TCCAACTTTAAATTCT-1,Layer_3,7
TCCAAGCCTAGACACA-1,Layer_4,1
TCCAATAAAGGCTACC-1,Layer_4,1
TCCACAATGGTTTACG-1,Layer_2,4
TCCACATCGTATATTG-1,Layer_5,3
TCCACCAAGACATAGG-1,Layer_3,1
TCCACCTCTAGCCTTT-1,Layer_4,1
TCCACTTTATCTAGGT-1,Layer_1,5
TCCAGAGCACCGGTTC-1,Layer_2,4
TCCAGATGTACGCCAA-1,Layer_3,6
TCCAGCGCTATAAGCG-1,Layer_1,5
TCCAGGCAGGACGATC-1,Layer_5,3
TCCAGGCGAGTACGGT-1,Layer_2,5
TCCAGGGTATATACGA-1,Layer_4,1
TCCATCAATACTAATC-1,WM,3
TCCATTAGTTGGATAG-1,Layer_1,5
TCCATTCCCACTAGAG-1,Layer_3,7
TCCATTGTGACCTCGT-1,Layer_3,6
TCCCAAACAGACAACG-1,Layer_3,4
TCCCAAACATCCTCTA-1,WM,2
TCCCAAAGACGAAGGA-1,Layer_1,5
TCCCAAAGCCCTAAAT-1,Layer_1,5
TCCCAATATCGACGAC-1,Layer_3,1
TCCCACGGAGGGAGCT-1,Layer_3,6
TCCCACTCTCTTCCGG-1,Layer_1,5
TCCCAGCACACGACAT-1,Layer_2,4
TCCCAGCTTTAGTCTG-1,Layer_2,4
TCCCAGGCTTAGCTAA-1,Layer_2,4
TCCCGCCTATGTGCGT-1,Layer_2,4
TCCCGCGTACTCCTGG-1,Layer_1,5
TCCCGGGTGTGCTGCT-1,Layer_3,7
TCCCGGTCAGGAATTT-1,Layer_1,5
TCCCGTCAGTCCCGCA-1,Layer_1,5
TCCCGTCGCGTCATAG-1,Layer_2,4
TCCCGTGTGCAATTTG-1,Layer_2,4
TCCCTAGATCAATAGG-1,Layer_2,4
TCCCTCCGAAATCGTT-1,Layer_2,5
TCCCTCTTCTCAAGGG-1,Layer_3,7
TCCCTGGCGTATTAAC-1,Layer_5,3
TCCCTGGCTCGCTGGA-1,Layer_3,7
TCCCTTAGATTACTCG-1,Layer_2,4
TCCCTTGTCTGAAACT-1,Layer_3,7
TCCGAACGTTGCCGCT-1,Layer_1,5
TCCGAACTTGGCTTAC-1,Layer_3,7
TCCGAAGTAGTCACCA-1,Layer_3,7
TCCGAATGGTCCTGAG-1,Layer_2,4
TCCGACCGCTAATCAA-1,Layer_6,3
TCCGAGAAGGCTAAGC-1,Layer_2,4
TCCGATAATTGCCATA-1,Layer_1,5
TCCGATGACTGAGCTC-1,Layer_1,5
TCCGATGGTGCGACAT-1,Layer_1,5
TCCGATTACATTGCCG-1,Layer_3,7
TCCGCAGCCACCTAGC-1,Layer_1,5
TCCGCCTGTCTACAAG-1,Layer_3,7
TCCGCGGCAGCATCTG-1,Layer_1,5
TCCGCGGCCCAATGAA-1,Layer_2,4
TCCGCTGTCATCCCGG-1,Layer_3,6
TCCGCTTATCCCATTA-1,Layer_3,7
TCCGGAGGAAGGGCTG-1,Layer_3,7
TCCGGCCTAGCGTACA-1,Layer_1,5
TCCGGCCTGCATCGAT-1,Layer_3,7
TCCGGCTGTCGGGTCG-1,Layer_3,4
TCCGGGCCACTAACGG-1,Layer_3,1
TCCGGGCTTGACGGGA-1,Layer_3,7
TCCGGTTCGTCCGGTC-1,Layer_3,7
TCCGTAACCACAATCC-1,Layer_2,4
TCCGTTAAGCTAATAT-1,Layer_2,4
TCCGTTTAGCCTTGAA-1,Layer_1,5
TCCTAAAGATTCAGAC-1,Layer_3,1
TCCTAAATTGGGAAGC-1,Layer_3,7
TCCTAACCGTCGGGCA-1,Layer_5,3
TCCTACATCCACGGCC-1,Layer_2,6
TCCTAGCAAAGAAGCT-1,Layer_3,7
TCCTATCATAGGTAAC-1,Layer_1,5
TCCTCCTAAGACATTC-1,Layer_4,1
TCCTCGGGCTGGGCTT-1,Layer_2,4
TCCTCTACGAGATGGC-1,Layer_2,4
TCCTCTCCAGTTGTCC-1,Layer_3,7
TCCTCTGGCCCATTAG-1,Layer_3,6
TCCTGCAGCCGCCAAT-1,Layer_5,3
TCCTGCCAACTGGAGA-1,Layer_3,6
TCCTGCGTTGATACTC-1,Layer_3,7
TCCTGGCGCTGCCTGG-1,Layer_3,7
TCCTTACGACGGTCCG-1,Layer_2,4
TCCTTCAATCCCTACG-1,Layer_4,1
TCCTTCAGTGGTCGAA-1,Layer_2,4
TCCTTGTCCTTTAATT-1,Layer_4,3
TCCTTTAAATCCGCTT-1,Layer_3,6
TCCTTTCTTACGCTTA-1,Layer_1,5
TCGAAATTTAGGACCA-1,Layer_2,4
TCGAAGAACCGAGCAC-1,Layer_1,5
TCGAATATCCCGCAGG-1,Layer_5,3
TCGAATCGCAGGGTAG-1,Layer_6,3
TCGACAACTGAACCCG-1,Layer_6,3
TCGACATAGCGTAGCG-1,WM,3
TCGACTGACGATGGCT-1,Layer_3,1
TCGAGACCAACACCGT-1,Layer_3,6
TCGAGCCAGGCAGGCC-1,Layer_4,3
TCGAGGGCAACAGACG-1,Layer_3,4
TCGAGTCTACGATTCG-1,Layer_6,3
TCGATAGGCTAGTCGC-1,Layer_2,4
TCGATTTACGAAACGA-1,Layer_5,3
TCGCAAAGATGCATTT-1,Layer_3,6
TCGCACCAGGAGGCAG-1,Layer_3,7
TCGCACTAACGTTTGT-1,Layer_1,5
TCGCATAAAGGGCGCA-1,Layer_3,7
TCGCATCCCTAAGTGT-1,Layer_1,5
TCGCATTCAATGACTT-1,Layer_1,5
TCGCCACCCGGATTAC-1,WM,2
TCGCCCAACTGACTCC-1,Layer_3,7
TCGCCCACTGCGAGAG-1,Layer_4,7
TCGCCGAAGTTGCGTC-1,Layer_3,7
TCGCCGACATATTCGC-1,Layer_3,7
TCGCCGCACCGCGTGA-1,Layer_5,1
TCGCCGGATGGGCAAG-1,Layer_3,7
TCGCCGGTCGATCCGT-1,Layer_1,5
TCGCCTCCTTCGGCTC-1,Layer_4,1
TCGCGCGTTTACATGA-1,WM,2
TCGCGTAGCAGTGTCC-1,Layer_3,6
TCGCGTCCAGAAGGTC-1,Layer_3,6
TCGCTAAACCGCTATC-1,Layer_2,4
TCGCTACTGGCTTTGA-1,Layer_4,1
TCGCTCGATATATTCC-1,Layer_1,5
TCGCTCGGCACCAGCG-1,Layer_2,4
TCGCTGCCAATGCTGT-1,Layer_4,1
TCGCTGGGCGGATTGT-1,Layer_1,5
TCGCTGTGCGTAAATC-1,Layer_1,5
TCGCTTAATTACGAAG-1,Layer_3,7
TCGCTTTAAACGTTTG-1,Layer_1,5
TCGGAATGACCATCAA-1,Layer_3,6
TCGGAATGCGCTCTGA-1,Layer_3,6
TCGGACGCCCAGCCCA-1,Layer_1,5
TCGGAGAGTATCGGGA-1,Layer_4,7
TCGGAGTACATGAGTA-1,Layer_1,5
TCGGATCTGGATGACC-1,WM,2
TCGGCAGGGTTAAGGG-1,Layer_3,7
TCGGCGAACCCAAACC-1,Layer_1,5
TCGGCGTACTGCACAA-1,Layer_5,3
TCGGCTAACTTCCCTT-1,Layer_3,6
TCGGCTTGTATCGACG-1,Layer_3,6
TCGGGAACGTGCCTAG-1,Layer_1,5
TCGGGAGACAGCGTAC-1,Layer_3,7
TCGGGATTCAAACATA-1,Layer_3,7
TCGGGCACTTCTGGAT-1,Layer_3,4
TCGGGCCGTCGTGGTA-1,Layer_1,5
TCGGGTGAAACTGCTA-1,Layer_2,4
TCGGTCCCGACAATAG-1,Layer_5,3
TCGGTCCCTGACTCCA-1,Layer_3,6
TCGGTGACCGCTCCGG-1,Layer_3,6
TCGGTTAGCCATGTAG-1,Layer_3,7
TCGTAACTCCCAAGAC-1,Layer_3,7
TCGTAAGACGACATTG-1,Layer_1,5
TCGTAAGCTCCGAGGA-1,Layer_3,6
TCGTACCGACGTCAAG-1,Layer_5,3
TCGTATAGTGCAATTA-1,Layer_1,4
TCGTATTACCCATTGC-1,Layer_3,7
TCGTATTTCGTCCGGA-1,Layer_3,7
TCGTCAAGTACGCGCA-1,Layer_4,1
TCGTCACACTGTTAGC-1,Layer_3,6
TCGTCCGCTGGCGTCT-1,Layer_1,5
TCGTCCGGGTACACTC-1,Layer_3,7
TCGTCTTAGGCGTTAA-1,Layer_3,7
TCGTGTACTATGGATG-1,Layer_3,6
TCGTGTATTGGTCACG-1,Layer_1,5
TCGTGTCACGCTGACA-1,Layer_4,7
TCGTGTTCGACCACAA-1,Layer_3,4
TCGTTAGGAGTCCCTA-1,Layer_3,7
TCGTTCGTTATTATGT-1,Layer_2,4
TCGTTGACAGGGTCCC-1,Layer_3,7
TCGTTGCTATCCGGTC-1,Layer_4,1
TCGTTGGCTCGTCAAT-1,Layer_1,5
TCGTTTACGCGACCCT-1,Layer_3,1
TCTAAAGAACAGTCTC-1,Layer_5,3
TCTAACCTAGCCTGCG-1,Layer_3,1
TCTAACTGTATGTAAA-1,Layer_3,6
TCTAATACTGCCTCAG-1,Layer_5,3
TCTACACGTTCATGCA-1,Layer_3,7
TCTACCCAATAGAGAG-1,Layer_2,4
TCTACCCGCATCATTT-1,Layer_3,1
TCTACCGTCCACAAGC-1,Layer_1,5
TCTACGCACGATCTCC-1,WM,2
TCTACGGGCTCAGTTG-1,Layer_3,7
TCTAGCAATCTCCGCC-1,Layer_4,7
TCTAGCATCTTCGATG-1,Layer_1,5
TCTAGCATGCCCAGAA-1,Layer_3,7
TCTAGGTGGCGACGCT-1,Layer_1,5
TCTAGTGATATCGTGG-1,Layer_1,5
TCTAGTTATCAGAAGA-1,Layer_2,6
TCTATAGGTGGGTAAT-1,Layer_3,7
TCTATCATGCAGTTAC-1,Layer_1,5
TCTATCCGATTGCACA-1,Layer_4,1
TCTATCGGTCGCAACA-1,Layer_1,5
TCTATGCTATAACGAC-1,Layer_3,7
TCTATTACGCTGGCGA-1,Layer_1,5
TCTATTACTAGAGGAT-1,Layer_4,7
TCTCAAATCAATCGGG-1,Layer_4,1
TCTCAGGCTACTCGCT-1,Layer_3,1
TCTCATGAGATAGGGT-1,Layer_3,6
TCTCCAACGTAGGTTA-1,Layer_1,5
TCTCCACAAGTTGAAT-1,Layer_3,7
TCTCCCTGGGCAGCGT-1,Layer_3,7
TCTCGAACGAGGTCAC-1,Layer_3,6
TCTCGACGTATCGCCG-1,Layer_1,5
TCTCGAGGAGGTTCGC-1,Layer_1,5
TCTCGGCTCCAGGACT-1,Layer_1,5
TCTCGTGTTACGAGGA-1,Layer_5,1
TCTCTAATAGCTGGTA-1,Layer_1,5
TCTCTCGCCGCACATA-1,Layer_2,4
TCTCTTACCGCGAACC-1,Layer_5,3
TCTGAACCGGTCGGCT-1,Layer_1,5
TCTGAACTCGTACCCG-1,Layer_2,5
TCTGAAGCACGTGGTC-1,Layer_3,7
TCTGAATTCCGTACAA-1,Layer_1,5
TCTGACGGGCTAACCC-1,Layer_3,4
TCTGACTGTAATGGTT-1,Layer_1,5
TCTGAGCAATTGACTG-1,Layer_2,4
TCTGATCGGGTGCTAG-1,Layer_1,5
TCTGATGTATTCTGTC-1,Layer_3,7
TCTGATTGGAAATGGA-1,Layer_2,4
TCTGCACCATTAGTAA-1,Layer_3,6
TCTGCAGATTCGAGTC-1,Layer_3,7
TCTGCATACCTTGCTT-1,Layer_3,6
TCTGCCAGAAACTGCA-1,Layer_2,4
TCTGCGAATCGTTCGC-1,Layer_3,7
TCTGCGTCCGGTTTCT-1,Layer_1,5
TCTGCTTAGAACAAGC-1,Layer_1,5
TCTGGAGCGTAAGAGT-1,Layer_1,5
TCTGGCCGTTCAAGTT-1,Layer_1,5
TCTGGCGCAAGCCGGG-1,Layer_3,7
TCTGGGAACCTTTGAA-1,Layer_1,5
TCTGGGTAGCGCTCAT-1,Layer_3,7
TCTGTCATACAAGAGC-1,Layer_1,4
TCTGTGACTGACCGTT-1,Layer_2,5
TCTGTGCCATCATAGT-1,Layer_1,5
TCTGTGGCTACATTTC-1,Layer_3,6
TCTGTTACCCAGCATA-1,Layer_4,1
TCTTAACTCGGATGTA-1,Layer_1,5
TCTTACAGAGGTACCG-1,Layer_1,5
TCTTACCGGAACTCGT-1,Layer_2,4
TCTTACGGCATCCGAC-1,Layer_2,4
TCTTACTTATGCCTCT-1,Layer_1,5
TCTTAGAGCTCCAATT-1,Layer_1,5
TCTTAGAGTGAACTCT-1,Layer_1,5
TCTTATGGGTAGTACC-1,Layer_3,6
TCTTCCCATGGGCACA-1,Layer_1,5
TCTTCGAATAGACGTT-1,Layer_2,4
TCTTCGATACCAATAA-1,Layer_1,5
TCTTCGCGGTGAGAGG-1,Layer_3,6
TCTTCTATAACCCGCC-1,Layer_1,5
TCTTGATGCGTAGCGA-1,Layer_1,5
TCTTGCTCCCGATACT-1,Layer_4,1
TCTTGGTAACACCAAA-1,Layer_1,5
TCTTGGTCAATGATAC-1,WM,2
TCTTTAAGACTATGAA-1,Layer_1,5
TCTTTAGAGTCTAACA-1,Layer_1,5
TCTTTAGCAGGCGAAC-1,Layer_1,5
TCTTTCATCCGTCCTT-1,WM,2
TCTTTCCTTCGAGATA-1,Layer_3,4
TCTTTCTCTTAAGGAG-1,Layer_3,6
TGAAACCTCAACTCAC-1,Layer_3,5
TGAAACTTATGCAAGC-1,Layer_3,6
TGAAAGGACCTGACTC-1,Layer_1,5
TGAACAAGCAGGGACT-1,Layer_5,3
TGAACTGCTATGACTT-1,Layer_4,7
TGAAGAGCGGTCCTAG-1,Layer_1,5
TGAAGTAGCTTACGGA-1,Layer_1,5
TGAATACCGACGCGTA-1,Layer_3,1
TGAATATGCTATAAAC-1,Layer_3,7
TGAATGAGATACAGCA-1,Layer_3,7
TGAATGAGTGTTTCCC-1,Layer_5,3
TGAATGTCAGCCGGCC-1,Layer_1,5
TGAATTTCACTTGCCT-1,Layer_4,1
TGACAACGCATGTCGC-1,Layer_1,5
TGACAACTTAAAGGTG-1,WM,2
TGACACTTCTCTTTGC-1,Layer_3,6
TGACAGGACAAGTCCA-1,Layer_6,3
TGACATATATGACGAT-1,Layer_4,7
TGACATCGAGCGGACC-1,Layer_1,5
TGACATGTAACGTGAC-1,Layer_5,3
TGACCAAATCTTAAAC-1,Layer_4,1
TGACCAGCTTCAAAGT-1,Layer_3,7
TGACCCAACTCACATT-1,Layer_3,5
TGACCCACGTTAGACA-1,Layer_2,6
TGACCCAGCATTCCCG-1,Layer_3,7
TGACGAATATTTCCCT-1,Layer_4,7
TGACGATGCACTAGAA-1,Layer_1,5
TGACTATAATCCTTTC-1,Layer_3,7
TGACTCCGAATCATAC-1,Layer_6,3
TGACTCTAACTGGTAA-1,Layer_3,7
TGAGAATGCTTTACCG-1,Layer_1,5
TGAGACGTACCTCTCA-1,Layer_4,7
TGAGAGATTTACCACG-1,Layer_1,5
TGAGATCAAATACTCA-1,Layer_3,6
TGAGATTAGGCCCTAA-1,Layer_3,6
TGAGCAGTCGTGAAGT-1,Layer_2,4
TGAGCCATACAGTCTC-1,Layer_3,7
TGAGCGGAAAGTGTTC-1,Layer_3,7
TGAGCTCAACTGTATA-1,Layer_3,4
TGAGCTTTAATGACGC-1,Layer_2,4
TGAGGAGTGCCAGCTT-1,Layer_3,1
TGAGGCATGTACTGTG-1,Layer_6,3
TGAGGTGTGTGGCGGA-1,Layer_5,3
TGAGGTTGATCCCAAG-1,Layer_3,5
TGAGTAAATTAGCGTA-1,Layer_3,7
TGAGTGCCTCTTAAAT-1,Layer_3,7
TGAGTGGTCCGTGACG-1,Layer_1,5
TGAGTGTAACAACGGG-1,Layer_3,1
TGAGTTAAAGACATTC-1,Layer_1,5
TGATACATTTAGCCGT-1,Layer_4,1
TGATAGCGGGATTCTA-1,Layer_3,6
TGATCACCACACTGAC-1,Layer_5,3
TGATCAGGGAACTGCT-1,Layer_3,7
TGATCCCAGCATTAGT-1,Layer_2,4
TGATCGGTTTGACCCT-1,Layer_1,5
TGATCTACGCTGATCT-1,Layer_3,6
TGATCTATCACACTCT-1,Layer_4,1
TGATCTCCGGCGCCAG-1,Layer_1,5
TGATGGCTGTTTCTGA-1,Layer_2,4
TGATGTCAATTAAGTG-1,Layer_3,6
TGATTATGGCACGCAG-1,Layer_3,7
TGATTCAGGTCCCGCG-1,Layer_5,3
TGATTCCCGGTTACCT-1,Layer_5,3
TGATTCGTCTATCACT-1,Layer_2,4
TGATTCTGTCGCCGGT-1,Layer_3,7
TGATTTATTAGCTGTG-1,Layer_3,7
TGATTTCCTCCTGACG-1,Layer_1,5
TGCAAACGTACTAGTT-1,Layer_6,3
TGCAAAGTTCGTCTGT-1,Layer_5,3
TGCAACCCATCTGCGG-1,Layer_3,7
TGCAACTACTGGTTGA-1,Layer_3,1
TGCAAGAATGACGTAA-1,Layer_1,5
TGCAATCTAACACGGT-1,Layer_3,7
TGCAATTTGGGCACGG-1,Layer_3,7
TGCACAGTGAAGTTAT-1,Layer_3,6
TGCACGAGTCGGCAGC-1,Layer_3,6
TGCACTATGTGAGTGC-1,Layer_1,5
TGCAGAACTATATCGT-1,Layer_3,7
TGCAGAGTACCGAGCA-1,Layer_3,7
TGCAGATCGTCCTAGG-1,Layer_4,7
TGCAGCTACGTACTTC-1,Layer_4,7
TGCAGGATCGGCAAAG-1,Layer_1,5
TGCAGTGAGGCTCGGG-1,Layer_3,7
TGCAGTGGTAGGGAAC-1,WM,2
TGCAGTTTCCTCCCAT-1,Layer_1,5
TGCATATGTCTGTCAC-1,Layer_1,5
TGCATGGATCGGATCT-1,Layer_1,5
TGCATGGCAGTCTTGC-1,Layer_3,7
TGCATGTGACCCATAG-1,Layer_6,3
TGCATGTGGTAATCTA-1,Layer_1,5
TGCCAAAGTCAGACTT-1,Layer_4,7
TGCCAATGGGTACTCT-1,Layer_3,1
TGCCACACTAGAGGAA-1,Layer_5,1
TGCCACCTGGCGAAAC-1,Layer_1,5
TGCCAGTACGTGGAGA-1,Layer_3,7
TGCCATGGCTTATAAG-1,Layer_3,7
TGCCATTACTAAAGAA-1,Layer_2,4
TGCCCGATAGTTAGAA-1,Layer_4,1
TGCCCGTACCGTTAAA-1,Layer_3,6
TGCCGAAAGCGTATTC-1,Layer_2,4
TGCCGGATGTACGAGC-1,Layer_5,3
TGCCGTGGATCGTCCT-1,Layer_3,1
TGCCGTGGGACCCAAT-1,Layer_5,3
TGCCGTTCTTAATCGG-1,Layer_6,3
TGCCTAAATTTAATAG-1,Layer_1,5
TGCCTAATTGAAGATT-1,Layer_2,4
TGCCTGACATCGGTCA-1,Layer_1,5
TGCCTGATCAAACGAT-1,Layer_1,5
TGCCTTGGCCAGGCAA-1,Layer_3,7
TGCGAATATGGGATTT-1,Layer_4,1
TGCGACACCCTAGTGC-1,Layer_3,7
TGCGACGGCCGAACGT-1,Layer_5,3
TGCGAGAATATTACCC-1,Layer_4,1
TGCGAGATGGCGGCCA-1,Layer_3,7
TGCGAGCCCTTCCGCG-1,Layer_3,7
TGCGATGCTAATGGCT-1,Layer_2,4
TGCGCAAAGCATTTGG-1,Layer_1,5
TGCGCCGTTAATAACG-1,Layer_1,5
TGCGCGATTAACGGAG-1,Layer_2,4
TGCGGACTTGACTCCG-1,Layer_4,1
TGCGGAGTAAAGGTGC-1,Layer_1,5
TGCGGCATAGTTCAAC-1,Layer_1,4
TGCGGGTATTGGGATC-1,Layer_3,6
TGCGGTCTACGAGTAA-1,Layer_3,7
TGCGGTGAAATTTCAT-1,Layer_2,4
TGCGTAAGAACCTGAT-1,Layer_3,7
TGCGTACGGCTAATTG-1,Layer_3,7
TGCGTCATGACTGAGC-1,Layer_5,3
TGCGTGATTGGGTGTC-1,Layer_1,5
TGCGTTTGTTGACACT-1,Layer_2,4
TGCTAAGTGTCTATTT-1,Layer_3,6
TGCTATACAAACGGAC-1,Layer_3,6
TGCTATGGCAAAGGGA-1,WM,3
TGCTCAAAGGATGCAC-1,WM,2
TGCTCACACAACAACC-1,Layer_3,7
TGCTCCACAGTTCTTA-1,Layer_1,5
TGCTCGGCGAAACCCA-1,Layer_3,1
TGCTCGGTGGGTCACC-1,Layer_4,1
TGCTCTGCCGGTTCAC-1,Layer_3,6
TGCTCTTGAGAGTTTG-1,Layer_4,1
TGCTGCGTCAGAGTTA-1,Layer_3,7
TGCTGGTTGGACAATT-1,Layer_1,5
TGCTGTTGAAGAACTC-1,Layer_2,4
TGCTTAGAGAGAATGC-1,Layer_5,3
TGCTTCCCAAGCAGTA-1,Layer_4,1
TGCTTGAAACCATGCA-1,Layer_1,5
TGGAAACGGAGTGAAC-1,Layer_1,5
TGGAACCACTGACACA-1,Layer_2,4
TGGAAGAAGGGAACGT-1,Layer_3,7
TGGAAGACGAACACCA-1,Layer_1,5
TGGAAGGATAAAGATG-1,Layer_1,5
TGGAATATCCTTGACC-1,Layer_2,4
TGGAATTAGACGCTTT-1,Layer_3,6
TGGACACCGTTGCTTG-1,Layer_2,4
TGGACCAATCTAAGAT-1,Layer_3,7
TGGACCACGGCGTTGA-1,Layer_1,5
TGGACGCAATCCAGCC-1,Layer_5,3
TGGACGTAGGCGAATC-1,Layer_1,5
TGGACTGTTCGCTCAA-1,Layer_2,5
TGGAGAATAATCGTCC-1,Layer_6,3
TGGAGCTAAAGTTCCC-1,Layer_3,6
TGGAGGGAAACACCTC-1,Layer_3,6
TGGAGTGATGCGATGA-1,Layer_2,4
TGGATAGAGTAACAGA-1,Layer_1,5
TGGATGGCATCTTGGA-1,Layer_6,3
TGGCAAACTAAATTAC-1,Layer_3,7
TGGCAACTCGCGCGCC-1,Layer_1,4
TGGCAAGCACAAGTCG-1,Layer_5,3
TGGCAATGGGACGGCG-1,Layer_2,4
TGGCACGAGCTCGAGT-1,Layer_3,7
TGGCAGATTACGATCA-1,Layer_3,7
TGGCAGCAGTAATAGT-1,Layer_3,6
TGGCATGAAGTTTGGG-1,Layer_6,3
TGGCCAAACTGAAGTA-1,Layer_1,5
TGGCCAATTTGGTACT-1,Layer_5,3
TGGCCGTATATTGACC-1,Layer_1,5
TGGCGACTGCTCCAAA-1,Layer_4,1
TGGCGATCAAGTTATG-1,Layer_3,7
TGGCGGTGTGCGATTG-1,Layer_2,4
TGGCTACACTCTACCT-1,Layer_3,7
TGGCTATGTGACATAC-1,Layer_3,7
TGGCTCTTGTCGCGTA-1,Layer_4,7
TGGCTTATGTATAATG-1,Layer_6,3
TGGCTTGTACAAGCTT-1,Layer_3,7
TGGCTTTGGGTAGACA-1,Layer_1,5
TGGGAAATGCCTTTCC-1,Layer_2,4
TGGGATGCACTCATTC-1,Layer_3,6
TGGGCAATAGTTGGGT-1,Layer_1,5
TGGGCACAAACAGAAC-1,Layer_2,4
TGGGCACGTTCTATGG-1,Layer_2,4
TGGGCAGGCCACCGCA-1,Layer_2,5
TGGGCCACAAGAGCGC-1,Layer_1,5
TGGGCCCATACTAATT-1,Layer_2,4
TGGGCCTTGCCTGCAT-1,Layer_1,5
TGGGCGATACAATAAG-1,Layer_5,3
TGGGTAAGGTTCCCGC-1,Layer_3,6
TGGGTGCACAAGCCAT-1,Layer_4,1
TGGGTGGGATGTCATT-1,Layer_3,7
TGGGTGTAATAGATTT-1,Layer_3,7
TGGGTGTTAAGTAGAA-1,Layer_5,3
TGGGTTCCCGGACGGA-1,Layer_2,4
TGGGTTTCGGGCGTAC-1,WM,2
TGGTAAGCAGGATTGA-1,Layer_4,7
TGGTAGAATATATGGG-1,Layer_1,5
TGGTATCGCATCCCAA-1,Layer_3,6
TGGTATCGGTCTGTAT-1,Layer_3,6
TGGTCCCACGCTACGG-1,Layer_3,7
TGGTCGATATACCTCT-1,Layer_6,3
TGGTCGGGTACAGGGC-1,WM,2
TGGTCGTGCAAGGCAA-1,Layer_4,1
TGGTCGTTTGATAGAT-1,Layer_3,7
TGGTCTAGCTTACATG-1,Layer_2,4
TGGTCTGTTGGGCGTA-1,Layer_3,7
TGGTGATCGTATTTGT-1,Layer_3,6
TGGTGCCCTGCCTTAC-1,Layer_6,3
TGGTTAACTTACATTT-1,Layer_6,3
TGGTTAAGGGCGCTGG-1,Layer_2,4
TGGTTATGCTTGCGGT-1,Layer_3,7
TGGTTCAACGGGTAAT-1,Layer_3,7
TGGTTCGTAGCAAAGG-1,Layer_1,5
TGGTTGGAGGATCCTG-1,Layer_3,6
TGGTTTAAACGTGGGT-1,Layer_3,4
TGTAACTTGTCAACCT-1,Layer_2,5
TGTAATGACCACAATA-1,Layer_3,7
TGTAATGCCTTCGGAC-1,Layer_3,7
TGTACCCGACCCTAAT-1,WM,2
TGTACCTACACGAGGG-1,Layer_3,7
TGTACGAACAAATCCG-1,Layer_3,6
TGTACGCTATCAGCTT-1,Layer_3,7
TGTACTACTCTCACGG-1,Layer_3,7
TGTACTATCGCTCGTT-1,Layer_4,1
TGTACTGTGCCAAAGT-1,Layer_2,4
TGTACTTCCGGGCATG-1,Layer_3,7
TGTAGCCAATTCCGTT-1,Layer_4,1
TGTAGCCATCCCATTC-1,Layer_3,6
TGTAGGAGAAATTTCC-1,Layer_1,5
TGTAGTGATCTATAAT-1,Layer_3,7
TGTATAACAGATCCTG-1,Layer_1,5
TGTATACGGATGATGA-1,Layer_3,6
TGTATCAGACTGAAGC-1,Layer_3,7
TGTATCCTTATTCCAT-1,Layer_2,4
TGTATGGCGCAGACAG-1,Layer_1,5
TGTATTTACCTAATGC-1,Layer_3,7
TGTCATTTGTTGGGAA-1,Layer_3,4
TGTCCACGGCTCAACT-1,Layer_3,7
TGTCCCGACATAGCAC-1,Layer_2,4
TGTCCGCAAACAATTC-1,Layer_6,3
TGTCCGTGGCGCCTTT-1,Layer_3,7
TGTCCTAAGTCACCGC-1,Layer_3,7
TGTCGGCATGGTGGAA-1,Layer_1,5
TGTCGTGGGTATAGGC-1,Layer_5,3
TGTCGTTATCACATAT-1,Layer_6,3
TGTCTACAGTTTCTGT-1,Layer_1,4
TGTGACTACGCCAGTC-1,Layer_1,5
TGTGACTAGAGTTTGC-1,Layer_3,7
TGTGAGACTAGCCCAA-1,Layer_3,1
TGTGATTCCAGCGCTT-1,Layer_3,7
TGTGCCAGAGGCAAAG-1,Layer_6,3
TGTGCCGGTGCCGGAA-1,Layer_2,4
TGTGCTTTACGTAAGA-1,Layer_3,7
TGTGGACTATCTACGT-1,Layer_1,5
TGTGGAGGAAGCTTAA-1,Layer_3,6
TGTGGCAAAGCGTATG-1,Layer_1,5
TGTGGCGGGCTTCTGG-1,Layer_4,1
TGTGGCTCCCACCAAC-1,Layer_1,5
TGTGGTAGGGTGCCTT-1,Layer_1,5
TGTGGTTGCTAAAGCT-1,Layer_5,3
TGTGTAGTAGCACGTG-1,Layer_3,4
TGTGTCGAAGTCGAGG-1,Layer_5,1
TGTGTCGCGAGTTGCA-1,Layer_1,5
TGTGTGACCATGAATC-1,Layer_5,3
TGTGTTCGTATCCAAG-1,Layer_3,7
TGTTAACAAAGTGACT-1,Layer_3,7
TGTTATTGTATGTGGC-1,Layer_2,4
TGTTCATAAATGTGCT-1,Layer_3,7
TGTTCCGCTTCCATGA-1,Layer_3,6
TGTTCCGGCCTGAGCT-1,Layer_5,3
TGTTCGTATTGCGGTG-1,Layer_3,7
TGTTCTCATACTATAG-1,Layer_3,7
TGTTCTCTACTCCCTA-1,Layer_3,7
TGTTCTTCCATTGACT-1,Layer_3,6
TGTTGCCGTCGTCCCA-1,Layer_1,5
TGTTGTCAAGAAGTCT-1,Layer_1,5
TGTTTAATACTTCATC-1,Layer_3,6
TGTTTCGGTACTTCTC-1,Layer_1,5
TGTTTCTGAAGCGTGC-1,WM,2
TGTTTGAGATCGTCAG-1,Layer_1,5
TTAAACAGAGTCCCGC-1,Layer_1,5
TTAAACCGGTAGCGAC-1,Layer_2,4
TTAAACCTGGTTCCTT-1,Layer_3,6
TTAAACTCGAATTCAT-1,Layer_1,5
TTAAAGGCGATGCTCG-1,Layer_6,3
TTAAAGTAAGTCGCCA-1,Layer_3,7
TTAACACCTCGAACAT-1,Layer_2,4
TTAACCAACCCTCCCT-1,Layer_1,5
TTAACCCGAGGCGTGT-1,Layer_3,1
TTAACGAACAAGCAGT-1,Layer_3,6
TTAACGTCGCAAGACC-1,Layer_2,4
TTAACGTTAAAGCCTG-1,Layer_3,7
TTAACTCACGCGTGGA-1,Layer_2,6
TTAACTGATCGTTTGG-1,Layer_3,7
TTAACTTCAGGTAGGA-1,Layer_4,7
TTAAGACGAACGAACC-1,Layer_3,7
TTAAGATACCCAGAGA-1,WM,2
TTAAGATAGGATTGAC-1,Layer_1,5
TTAAGCCGACAACTTC-1,Layer_3,6
TTAAGCGCCTGACCCA-1,Layer_2,4
TTAAGGATACGGAGGT-1,Layer_2,4
TTAAGGCCCGTACTTT-1,Layer_5,3
TTAAGTATTGTTATCC-1,Layer_3,7
TTAATCAGTACGTCAG-1,Layer_2,4
TTAATGCGAGGTAACT-1,Layer_3,6
TTAATGTAGACCAGGT-1,Layer_1,5
TTAATGTGTTTGCAGG-1,Layer_1,5
TTAATTGCTTTGGGTG-1,Layer_3,7
TTAATTTCAGACGCGG-1,Layer_1,5
TTACAACTACGCATCC-1,Layer_1,5
TTACACGATCTGCGAC-1,Layer_3,6
TTACAGACCTAAATGA-1,Layer_1,5
TTACATCGTGGCCTGG-1,Layer_1,5
TTACATGCCACAACTA-1,Layer_1,5
TTACCATTGATTACCC-1,Layer_3,7
TTACCCATTGCCGGGT-1,Layer_2,4
TTACCCTAACAGTCCT-1,Layer_2,4
TTACCCTAGGGATTGG-1,Layer_4,1
TTACCGCCTTAGGGAA-1,Layer_1,5
TTACGGATGGTTCGAG-1,Layer_1,5
TTACGGTGTCACCGAG-1,Layer_2,4
TTACGTAGCGCGTGCT-1,Layer_3,7
TTACGTATCTATGACA-1,Layer_3,7
TTACTAAAGGACTTTA-1,Layer_3,7
TTACTATCGGCTTCTC-1,Layer_3,7
TTACTCCGGCCGGGAA-1,Layer_1,5
TTACTCTGGTACGTAC-1,Layer_3,7
TTACTGGGATATTTCA-1,Layer_3,7
TTACTGTCTAGAGCTC-1,Layer_3,6
TTACTGTTTCTCTACG-1,Layer_3,6
TTAGAAGAACATGACT-1,Layer_3,7
TTAGAATAAGGGTCGG-1,Layer_5,3
TTAGACACGATCGTTG-1,Layer_3,4
TTAGACGAGTCACCTC-1,Layer_3,6
TTAGAGGGATATACAG-1,Layer_6,3
TTAGAGTATTGTCGAG-1,WM,2
TTAGAGTTTAGAAGGA-1,Layer_2,4
TTAGATAGGTCGATAC-1,Layer_1,5
TTAGCAACATGGATGT-1,Layer_1,5
TTAGCCATAGGGCTCG-1,WM,2
TTAGCGAATAGATAGG-1,Layer_4,1
TTAGCTAATACGATCT-1,Layer_2,4
TTAGCTCTGTAATCCG-1,Layer_3,7
TTAGCTGATTTGCCGT-1,Layer_1,5
TTAGGATGGGAGGGTA-1,Layer_1,5
TTAGGTCATAACCGAC-1,Layer_4,3
TTAGTAAACCTGCTCT-1,Layer_3,7
TTAGTAGGGCGGCGGG-1,Layer_3,7
TTAGTTATTCGTGGCA-1,Layer_2,4
TTAGTTCAAGTGTTCG-1,Layer_3,6
TTATAGATGCACATTA-1,Layer_3,6
TTATAGGTAATTGTCT-1,Layer_3,7
TTATAGTCCAAGGTGC-1,Layer_3,7
TTATATACGCTGTCAC-1,Layer_2,4
TTATATTTGGCAATCC-1,Layer_1,5
TTATCCAATCGAACTC-1,Layer_1,5
TTATCCGGGATCTATA-1,Layer_3,6
TTATCCTCAAGGAATA-1,Layer_5,3
TTATCGCCTGCGAAGC-1,Layer_3,6
TTATCTGACATTAGGA-1,Layer_5,1
TTATCTGTATCATAAC-1,Layer_1,5
TTATGAATGAAAGGGA-1,Layer_3,6
TTATGACAAACTGGAT-1,Layer_2,4
TTATGATCTTAACGAA-1,Layer_1,5
TTATGCGTCCCGGTCC-1,Layer_2,4
TTATGTTTGCGATAGA-1,Layer_2,6
TTATTAGAGCGTGTTC-1,Layer_3,6
TTATTAGGGAAGCATC-1,Layer_1,5
TTATTATCTGGAAGGC-1,Layer_2,4
TTATTTAGGTTCCTTA-1,Layer_3,7
TTCAAAGTCTCTAGCC-1,Layer_1,5
TTCAACGACCCGACCG-1,Layer_1,5
TTCAAGCCGAGCTGAG-1,Layer_2,4
TTCAATACTCTGAATC-1,Layer_1,5
TTCAATTAGCCATAAT-1,Layer_3,6
TTCACGAAAGGATCAC-1,Layer_3,6
TTCACGGTCGTCACGT-1,WM,3
TTCACTCGAGCACCTA-1,Layer_3,7
TTCACTTCCTAGAACG-1,Layer_5,3
TTCAGAGTAACCTGAC-1,Layer_1,5
TTCAGCCCTGGTCCAC-1,Layer_2,6
TTCAGCTGGCGTGCCC-1,Layer_3,6
TTCAGGCGTCAAAGCC-1,Layer_4,7
TTCAGTTCAAGAGGAG-1,Layer_6,3
TTCAGTTTGTGGCAGC-1,Layer_3,7
TTCATAGCCTTGTAAC-1,Layer_1,5
TTCATAGGGTGTCCAT-1,Layer_1,5
TTCATGGCGCAACAGG-1,Layer_1,5
TTCCAATCAGAGCTAG-1,Layer_2,4
TTCCAATCTGGCTATC-1,Layer_3,7
TTCCACACAGATTTGA-1,Layer_3,7
TTCCACATTTCTCGTC-1,Layer_3,6
TTCCAGACGAGATTTA-1,Layer_1,5
TTCCAGTGGGTTTCGT-1,Layer_6,3
TTCCATCATGCGGTGA-1,Layer_3,6
TTCCATCGACAGCGTG-1,Layer_3,6
TTCCCAAAGTACTGAT-1,Layer_3,1
TTCCCGACGCTTCACT-1,Layer_3,7
TTCCCGGCGCCAATAG-1,Layer_4,1
TTCCGCAGAGAAATAT-1,Layer_2,4
TTCCGCGTGAGGCGAT-1,Layer_3,7
TTCCGGCCTTGAGGCT-1,Layer_4,1
TTCCGGCTCGACTTCT-1,Layer_3,7
TTCCGGTATCTGTGTC-1,Layer_1,5
TTCCGGTTACCCACTT-1,Layer_2,4
TTCCTCGAGGGTGTCT-1,Layer_1,5
TTCCTCGGACTAACCA-1,Layer_3,6
TTCCTCTGCCCGAATA-1,Layer_3,7
TTCCTTTCTGTGTTGC-1,Layer_1,5
TTCGAACGAAACATGC-1,Layer_6,3
TTCGACAGAGCCCGTG-1,Layer_3,7
TTCGACGGGAAGGGCG-1,Layer_1,5
TTCGAGCCGGCGCTAC-1,Layer_3,7
TTCGCACTCGCGTGCT-1,Layer_1,5
TTCGCACTGTACGACA-1,Layer_4,1
TTCGCATCCGGAAGCA-1,Layer_1,5
TTCGCCGCTCGCGCTA-1,Layer_6,3
TTCGCGCGCCATACGA-1,Layer_4,1
TTCGCTAGGAAGTTGT-1,Layer_1,5
TTCGCTATCTGACGTG-1,Layer_3,4
TTCGGACTGATGCCTT-1,Layer_3,7
TTCGGACTGGGCATGG-1,WM,2
TTCGGCAACCCGCTGA-1,Layer_3,6
TTCGGCTAGAGATGGT-1,Layer_1,5
TTCGGGACTAATCGCG-1,Layer_1,5
TTCGGGCGCTAGTCTT-1,Layer_4,1
TTCGGGTTGCCACGGG-1,Layer_3,6
TTCGGTACTGTAGAGG-1,Layer_4,3
TTCGGTGGAGACGCCC-1,Layer_1,5
TTCGTAATCCCAGCGG-1,Layer_3,6
TTCGTACTCCAGAACG-1,Layer_3,6
TTCGTGCATGTTATAG-1,Layer_6,3
TTCGTTCAACGAAGTT-1,Layer_2,4
TTCTAACCGAAGCTTA-1,Layer_1,5
TTCTACCTCAATCGGT-1,WM,3
TTCTACCTTTATGTTG-1,Layer_3,6
TTCTACTTGCGAGGGC-1,Layer_1,5
TTCTAGAAAGTCTTAT-1,Layer_4,3
TTCTAGGCCAATTGTG-1,Layer_1,5
TTCTATGCCTTTCGCA-1,Layer_2,4
TTCTATTAAACGCAGC-1,Layer_5,3
TTCTCAATTGCTACAA-1,WM,2
TTCTCTTACAGGTGAT-1,WM,2
TTCTGACCGGGCTCAA-1,Layer_3,7
TTCTGCCGCGCCTAGA-1,Layer_3,7
TTCTGCGAGCGCCCTT-1,Layer_3,7
TTCTGCGGGTTAGCGG-1,Layer_2,5
TTCTGCTAGACTCCAA-1,Layer_2,4
TTCTGTTTCCTGTCGC-1,Layer_2,4
TTCTTAGTGAACGGTG-1,Layer_1,5
TTCTTAGTGGCTCAGA-1,Layer_1,5
TTCTTATCCGCTGGGT-1,Layer_1,5
TTCTTCCCTTTGATAT-1,Layer_3,6
TTCTTCGCAATAGAGC-1,Layer_3,7
TTCTTGAGCCGCGCTA-1,Layer_3,7
TTCTTGCTAGCATCTC-1,Layer_1,5
TTCTTGGACGATCTGC-1,Layer_4,1
TTCTTGGAGTAATGAG-1,Layer_1,5
TTCTTGTAACCTAATG-1,Layer_1,5
TTCTTGTGTCCATCAG-1,Layer_3,7
TTCTTTGGTCGCGACG-1,Layer_2,4
TTGAAACCCTCATTCC-1,Layer_3,7
TTGAAAGGTGTAAAGG-1,Layer_3,7
TTGAACGAATCCTTTG-1,Layer_1,5
TTGAACGACGTGCTGA-1,Layer_3,7
TTGAAGAATTCCCAGG-1,Layer_2,4
TTGAAGGATGGGCGCC-1,Layer_6,3
TTGAATATGGACTTTC-1,Layer_1,5
TTGAATCGTTGTATAA-1,Layer_5,3
TTGAATTCACGTGAGG-1,Layer_1,5
TTGACAGGAGCTCCCG-1,Layer_1,5
TTGACATGAACGTGGA-1,Layer_3,7
TTGACCAGGAACAACT-1,Layer_3,7
TTGACCATGTTCTCCG-1,Layer_1,5
TTGACCGTGTTAATGA-1,Layer_4,1
TTGACGATTCAGCACG-1,Layer_2,4
TTGACGCTCCATGAGC-1,Layer_1,5
TTGACTACCATATGGT-1,Layer_3,7
TTGACTATTGTCCGGC-1,Layer_1,5
TTGAGAAGTTTAGCAT-1,Layer_3,7
TTGAGAGTACTGCTAA-1,Layer_3,7
TTGAGCAGCCCACGGT-1,Layer_1,5
TTGAGCGCCACGTGAT-1,Layer_1,5
TTGAGGCATTTAACTC-1,Layer_3,7
TTGAGTCCCGCTGCTG-1,Layer_1,5
TTGATAGTCAATACAT-1,Layer_2,4
TTGATCTAACTTTGTC-1,Layer_2,4
TTGATGCCGCTCGTCG-1,Layer_6,3
TTGATGTGTAGTCCCG-1,Layer_1,4
TTGATTAGCTGTTTCT-1,Layer_4,1
TTGATTATGCAGATGA-1,Layer_2,4
TTGCAAGAAGACTCCT-1,Layer_5,3
TTGCACAATTCAGAAA-1,Layer_3,7
TTGCACGGAGCAGCAC-1,Layer_1,5
TTGCAGGTCATGAAGT-1,Layer_3,7
TTGCATGCTGATCACG-1,Layer_3,7
TTGCCAAGCAGAACCC-1,Layer_1,5
TTGCCATAGCCCGCTC-1,Layer_5,3
TTGCCCTGATCACGGG-1,Layer_3,7
TTGCCGCAGACCTACA-1,Layer_6,3
TTGCCGCTTTCTAGTA-1,Layer_3,7
TTGCCGGTGATCCCTC-1,Layer_3,6
TTGCCTAATCCAAAGT-1,WM,2
TTGCCTTCTCGCCGGG-1,Layer_3,7
TTGCGCACAACCACGT-1,Layer_3,1
TTGCGCTCTCTCGCTT-1,Layer_2,6
TTGCGCTTGATCAATA-1,Layer_3,7
TTGCGGAAAGCTGCCC-1,Layer_6,3
TTGCGGCATCAGAAAG-1,Layer_4,1
TTGCGGCGACTCATGC-1,Layer_3,6
TTGCGTAGTTTGAGGA-1,Layer_2,6
TTGCGTCGGCCAACCG-1,Layer_4,1
TTGCGTGAACGCTTAG-1,Layer_3,6
TTGCGTGTGTAGGCAT-1,Layer_4,1
TTGCTAGCTACCAATC-1,Layer_2,5
TTGCTCATAGTACGTG-1,Layer_3,7
TTGCTCCCATACCGGA-1,Layer_1,5
TTGCTGAAGGAACCAC-1,Layer_1,5
TTGCTGATCATGTTCG-1,Layer_2,4
TTGCTGCACCTATCCA-1,Layer_2,4
TTGCTGGCCGGGCTTC-1,Layer_3,6
TTGGAAGAATACAGTC-1,Layer_4,1
TTGGACATGTGGCTTA-1,Layer_3,7
TTGGACCATCTGGCAA-1,Layer_1,5
TTGGACCTATAACAGT-1,Layer_3,7
TTGGAGTCTCCCTTCT-1,Layer_2,4
TTGGATATCGTCTACG-1,Layer_3,7
TTGGATCGACTTCTGG-1,Layer_2,4
TTGGATTGGGTACCAC-1,Layer_1,5
TTGGCCAAATTGTATC-1,Layer_4,3
TTGGCCATCTTGCGCT-1,Layer_1,5
TTGGCCTAGAATTTCG-1,Layer_2,4
TTGGCGATCCGAATAT-1,Layer_1,5
TTGGCTCAATATGTGT-1,Layer_3,7
TTGGCTCGCATGAGAC-1,Layer_1,5
TTGGGAAGACGAGCCG-1,Layer_5,3
TTGGGACACTGCCCGC-1,Layer_1,5
TTGGGACGTAAGAGTT-1,Layer_1,5
TTGGGCGGCGGTTGCC-1,Layer_1,5
TTGGGTTTATTCAGCG-1,Layer_3,7
TTGGTATGGCTTGTGT-1,Layer_2,4
TTGGTCACACTCGTAA-1,Layer_3,7
TTGGTTCGCTCAAAGG-1,Layer_1,5
TTGGTTGCGGTGCGCG-1,Layer_5,3
TTGTAAGGACCTAAGT-1,Layer_3,1
TTGTAAGGCCAGTTGG-1,Layer_1,5
TTGTAATCCGTACTCG-1,Layer_2,6
TTGTACACCTCGAACA-1,Layer_6,3
TTGTATCACACAGAAT-1,Layer_3,6
TTGTCACCGCGGTATC-1,Layer_6,3
TTGTCGTTCAGTTACC-1,Layer_1,5
TTGTCTCGGCAAGATG-1,Layer_6,3
TTGTGAACCTAATCCG-1,Layer_3,7
TTGTGAGGCATGACGC-1,Layer_4,1
TTGTGATCTGTTCAGT-1,Layer_3,7
TTGTGCAGCCACGTCA-1,Layer_3,7
TTGTGCGGAAGCGGAT-1,WM,3
TTGTGGAGACAGCCGG-1,WM,2
TTGTGGCCCTGACAGT-1,Layer_1,5
TTGTGGTAGGAGGGAT-1,Layer_4,1
TTGTGGTATAGGTATG-1,Layer_3,6
TTGTGGTGGTACTAAG-1,Layer_3,7
TTGTGTATGCCACCAA-1,Layer_3,1
TTGTGTTTCCCGAAAG-1,Layer_3,7
TTGTTAGCAAATTCGA-1,Layer_1,5
TTGTTCAGTGTGCTAC-1,Layer_1,5
TTGTTCTAGATACGCT-1,Layer_2,4
TTGTTGGCAATGACTG-1,WM,2
TTGTTGTGTGTCAAGA-1,Layer_1,5
TTGTTTCACATCCAGG-1,Layer_4,1
TTGTTTCATTAGTCTA-1,Layer_5,3
TTGTTTCCATACAACT-1,Layer_4,7
TTGTTTGTATTACACG-1,Layer_6,3
TTGTTTGTGTAAATTC-1,Layer_2,4
