,ground_truth,domain
AAACAAGTATCTCCCA-1,Layer_3,1
AAACAATCTACTAGCA-1,Layer_1,2
AAACACCAATAACTGC-1,WM,4
AAACAGAGCGACTCCT-1,Layer_3,1
AAACAGCTTTCAGAAG-1,Layer_5,3
AAACAGGGTCTATATT-1,Layer_6,3
AAACAGTGTTCCTGGG-1,WM,3
AAACATTTCCCGGATT-1,Layer_3,1
AAACCCGAACGAAATC-1,Layer_2,1
AAACCGGGTAGGTACC-1,Layer_6,3
AAACCGTTCGTCCAGG-1,WM,4
AAACCTAAGCAGCCGG-1,Layer_4,3
AAACCTCATGAAGTTG-1,Layer_5,3
AAACGAAGAACATACC-1,Layer_2,1
AAACGAGACGGTTGAT-1,Layer_5,3
AAACGGGCGTACGGGT-1,Layer_3,3
AAACGGTTGCGAACTG-1,Layer_6,3
AAACTCGGTTCGCAAT-1,Layer_5,3
AAACTCGTGATATAAG-1,Layer_2,1
AAACTGCTGGCTCCAA-1,Layer_6,3
AAACTTAATTGCACGC-1,WM,4
AAACTTGCAAACGTAT-1,Layer_6,3
AAAGACATGAAGTTTA-1,Layer_1,2
AAAGACCCAAGTCGCG-1,Layer_2,1
AAAGACTGGGCGCTTT-1,Layer_3,3
AAAGGCCCTATAATAC-1,WM,4
AAAGGCTACGGACCAT-1,Layer_6,3
AAAGGCTCTCGCGCCG-1,WM,3
AAAGGGATGTAGCAAG-1,Layer_5,5
AAAGGGCAGCTTGAAT-1,Layer_3,1
AAAGGTAAGCTGTACC-1,Layer_1,2
AAAGTAGCATTGCTCA-1,WM,4
AAAGTCACTGATGTAA-1,Layer_3,1
AAAGTCGACCCTCAGT-1,Layer_5,3
AAAGTGTGATTTATCT-1,Layer_4,5
AAAGTTGACTCCCGTA-1,Layer_4,3
AAATAACCATACGGGA-1,Layer_3,1
AAATACCTATAAGCAT-1,Layer_6,3
AAATAGCTTAGACTTT-1,Layer_3,3
AAATAGGGTGCTATTG-1,Layer_5,3
AAATCCGATACACGCC-1,Layer_3,3
AAATCGTGTACCACAA-1,Layer_6,3
AAATCTAGCCCTGCTA-1,Layer_3,1
AAATGATTCGATCAGC-1,Layer_2,1
AAATGCTCGTTACGTT-1,Layer_2,1
AAATGGCATGTCTTGT-1,Layer_3,5
AAATGGCCCGTGCCCT-1,WM,4
AAATGGTCAATGTGCC-1,Layer_6,3
AAATGTGGGTGCTCCT-1,Layer_1,2
AAATTAACGGGTAGCT-1,Layer_6,3
AAATTACACGACTCTG-1,Layer_3,5
AAATTACCTATCGATG-1,Layer_3,5
AAATTGATAGTCCTTT-1,WM,4
AAATTGCGGCGGTTCT-1,Layer_1,2
AAATTGGTGAGAAGCA-1,,4
AAATTTACCGAAATCC-1,Layer_3,1
AAATTTGCGGGTGTGG-1,WM,4
AACAACTGGTAGTTGC-1,Layer_5,3
AACAATACATTGTCGA-1,WM,4
AACAATTACTCTACGC-1,Layer_4,3
AACACACGCTCGCCGC-1,Layer_4,3
AACACGACTGTACTGA-1,Layer_3,1
AACACGAGACGCGGCC-1,Layer_6,3
AACACGCGGCCGCGAA-1,Layer_1,2
AACAGCTGTGTGGCAA-1,WM,4
AACAGGAAATCGAATA-1,Layer_3,5
AACAGGATGGGCCGCG-1,Layer_4,3
AACAGGTAGTATGGAT-1,Layer_3,1
AACATATCAACTGGTG-1,Layer_3,5
AACATTGAAGTTGATC-1,WM,4
AACATTGTGACTCGAG-1,Layer_6,3
AACCAAGACTTCTCTG-1,Layer_5,3
AACCAGTATCACTCTT-1,Layer_2,1
AACCATAGGGTTGAAC-1,WM,4
AACCATGGGATCGCTA-1,Layer_2,1
AACCCAGAGACGGAGA-1,Layer_3,1
AACCCATCCCATGATC-1,WM,4
AACCCGACAACCCGTG-1,WM,4
AACCCGAGCAGAATCG-1,Layer_2,1
AACCCTACTGTCAATA-1,Layer_4,3
AACCCTGGTGGAACCA-1,Layer_3,1
AACCGAGCTTGGTCAT-1,Layer_5,5
AACCGCTAAGGGATGC-1,Layer_4,3
AACCGTTGTGTTTGCT-1,Layer_3,1
AACCTAAAGCCGTCCG-1,Layer_1,2
AACCTCGCTTTAGCCC-1,Layer_5,3
AACCTTTAAATACGGT-1,Layer_6,3
AACCTTTACGACGTCT-1,Layer_3,1
AACGAAAGTCGTCCCA-1,WM,4
AACGATAATGCCGTAG-1,Layer_6,3
AACGATAGAAGGGCCG-1,Layer_3,1
AACGATATGTCAACTG-1,Layer_5,5
AACGCGAACGGCAACA-1,Layer_1,2
AACGCGACCTTGGGCG-1,Layer_6,3
AACGCGGTCTCCAGCC-1,Layer_5,5
AACGCTGTTGCTGAAA-1,Layer_3,3
AACGGACGTACGTATA-1,Layer_4,3
AACGGCCATCTCCGGT-1,WM,4
AACGTACTGTGGGTAC-1,WM,4
AACGTAGTCTACCCAT-1,Layer_1,2
AACGTCAGACTAGTGG-1,Layer_4,3
AACGTCGCTGCACTTC-1,,3
AACGTGATGAAGGACA-1,Layer_3,1
AACGTGCGAAAGTCTC-1,Layer_6,3
AACTACCCGTTTGTCA-1,Layer_3,1
AACTAGCGTATCGCAC-1,Layer_1,2
AACTAGGCTTGGGTGT-1,Layer_6,3
AACTCAAGTTAATTGC-1,Layer_6,3
AACTCCAGAGCGTGTT-1,Layer_3,3
AACTCCTAATCCCATG-1,Layer_3,1
AACTCGATGGCGCAGT-1,Layer_1,2
AACTCTCAATAGAGCG-1,Layer_4,5
AACTCTCAGTGTGCTC-1,WM,4
AACTGATATTAGGCCT-1,Layer_3,5
AACTGGGTCCCGACGT-1,Layer_5,5
AACTGGGTTCGAGCCG-1,Layer_2,1
AACTGGTGTGGGCCTT-1,Layer_1,2
AACTTCTGCGTCTATC-1,Layer_2,1
AACTTGCCCGTATGCA-1,Layer_4,3
AACTTGCGTTCTCGCG-1,Layer_1,2
AACTTTAGCTGCTGAG-1,Layer_1,2
AAGAAGGATCAGTTAG-1,Layer_1,2
AAGACATACGTGGTTT-1,,3
AAGACCAAATAACTCA-1,WM,4
AAGACCCAACTGAACA-1,WM,3
AAGACTAACCCGTTGT-1,Layer_1,2
AAGACTCACGCCCACT-1,Layer_1,2
AAGACTGCAAGCTACT-1,Layer_6,3
AAGAGATGAATCGGTA-1,Layer_3,3
AAGAGCTCTTTATCGG-1,Layer_5,3
AAGAGGATGTACGCGA-1,Layer_6,3
AAGAGGCATGGATCGC-1,Layer_5,5
AAGAGGCCCTTTGGAA-1,Layer_3,1
AAGATGGCACCGGACC-1,WM,4
AAGATTGGCGGAACGT-1,Layer_4,5
AAGCACCCTGCGTATC-1,Layer_5,3
AAGCATACTCTCCTGA-1,Layer_6,3
AAGCCGAAGCGGTTTA-1,Layer_3,1
AAGCCGCCGTGAAATC-1,WM,4
AAGCGCAGGGCTTTGA-1,Layer_5,3
AAGCGGCGTCATGGGT-1,Layer_2,1
AAGCGTCCCTCATCGA-1,WM,4
AAGCTAGATCGAGTAA-1,Layer_6,3
AAGCTCGTGCCAAGTC-1,Layer_6,3
AAGCTCTTTCATGGTG-1,Layer_5,3
AAGGAGAACTTATAAG-1,Layer_1,2
AAGGAGCGGTTGGTGC-1,Layer_5,3
AAGGATCGATCGCTTG-1,Layer_3,1
AAGGATGAGGGACCTC-1,Layer_5,5
AAGGCGCGTAAAGCTT-1,Layer_4,5
AAGGCTGTGCTCATCG-1,Layer_5,3
AAGGGAACGACTGGCT-1,WM,4
AAGGGACAGATTCTGT-1,Layer_4,5
AAGGGACTATGCATTC-1,WM,4
AAGGTATCCTAATATA-1,Layer_5,5
AAGGTGATAAACCAGC-1,Layer_4,3
AAGTAAGCTTCCAAAC-1,Layer_1,2
AAGTAGAAGACCGGGT-1,Layer_3,5
AAGTAGTGACGCGAGG-1,Layer_5,3
AAGTCAATTGTCGTCA-1,Layer_3,1
AAGTGACGACCGAATT-1,Layer_6,3
AAGTGAGTCGGGTTTA-1,WM,4
AAGTGCAAAGGTAGAC-1,Layer_3,3
AAGTGCCTTGACTGTA-1,Layer_3,1
AAGTGCGTTAGAATCT-1,WM,4
AAGTGCTTCTCTATTG-1,WM,4
AAGTGTTTGGAGACGG-1,Layer_5,3
AAGTTCACTCCAAGCT-1,Layer_4,3
AAGTTCAGTCTGCGTA-1,Layer_3,1
AAGTTCGGCCAACAGG-1,WM,4
AAGTTTACTAATGGCA-1,Layer_1,2
AAGTTTATGGGCCCAA-1,Layer_5,3
AATAACAACGCTCGGC-1,Layer_5,3
AATAACACTAGAACAA-1,WM,4
AATAAGTCCTCGAGAC-1,Layer_2,1
AATACAATGTTTCAGG-1,Layer_3,1
AATACCGGAGGGCTGT-1,WM,4
AATAGAACAGAGTGGC-1,WM,4
AATAGAATCTGTTTCA-1,Layer_5,3
AATAGCTACCGCGTGC-1,Layer_2,2
AATAGTCCGTCCCGAC-1,Layer_6,3
AATATCAAGGTCGGAT-1,Layer_1,2
AATATCGAATCAATGC-1,Layer_3,1
AATATCGAGGGTTCTC-1,Layer_3,5
AATATTGGAGTATTGA-1,Layer_5,3
AATCAGACTGCAGGAC-1,Layer_1,2
AATCAGGTTTCATTTA-1,WM,4
AATCATGTAAAGACTC-1,Layer_3,1
AATCCAAGGGCCTGAG-1,Layer_3,1
AATCCATGCAAGGGTG-1,Layer_1,2
AATCGCCTCAGCGCCA-1,Layer_5,5
AATCGCGCAGAGGACT-1,Layer_2,1
AATCGGGACACTACGA-1,Layer_2,1
AATCGGTATAGCCCTC-1,,3
AATCGTGAGCCGAGCA-1,Layer_4,3
AATCTAGGTTTACTTG-1,WM,4
AATCTATGCCGGAGCC-1,Layer_3,1
AATCTCTACTGTGGTT-1,Layer_5,3
AATCTGCGTTGGGACG-1,Layer_4,5
AATCTGGCTTTCTAGT-1,WM,4
AATCTGGGTAGACCCT-1,Layer_2,1
AATGACAGCAATGTCT-1,WM,4
AATGACGTAGGATGTC-1,Layer_5,5
AATGACTGTCAGCCGG-1,Layer_5,5
AATGAGTTCGCATATG-1,Layer_1,2
AATGATGATACGCTAT-1,Layer_3,5
AATGATGCGACTCCTG-1,Layer_3,5
AATGCAACCGGGTACC-1,Layer_5,5
AATGCACCAAGCAATG-1,Layer_3,1
AATGGTCCACCGTTCA-1,Layer_3,3
AATGGTTCTCACAAGC-1,Layer_3,1
AATGTATGGCACTGTA-1,WM,4
AATGTGCCCGAGGTGT-1,WM,4
AATGTGCTAATCTGAG-1,WM,4
AATGTTGTCGTGAGAC-1,,3
AATTAAAGGTCGGCGT-1,Layer_6,3
AATTAACGGATTTCCA-1,Layer_6,3
AATTACTCGTACGCTC-1,Layer_1,2
AATTAGCGCTGCAGCG-1,Layer_6,3
AATTCATAAGGGATCT-1,Layer_3,5
AATTCATTGTCATGCA-1,WM,4
AATTCCAAGCATGTAC-1,Layer_6,3
AATTCGATTCGAGGAT-1,Layer_5,3
AATTCTAGAGTTAGGC-1,Layer_6,3
AATTGAACGCTCTGGT-1,Layer_5,5
AATTGCAGCAATCGAC-1,Layer_3,1
AATTGCGTGGATTACA-1,WM,4
AATTTGGGACATAGTA-1,Layer_3,1
AATTTGGTTCCAAAGA-1,Layer_3,1
ACAAACCATGCGTCCT-1,WM,4
ACAAACCGACAAGGCG-1,Layer_1,2
ACAAAGCATGACCTAG-1,Layer_3,3
ACAAATCGCACCGAAT-1,Layer_5,3
ACAAATGGTAGTGTTT-1,Layer_5,5
ACAAATTCAGATCTGA-1,Layer_1,2
ACAACAGCATGAGCTA-1,Layer_6,3
ACAACGGTCCCTGCGA-1,Layer_3,1
ACAAGCAGTGCCTAGC-1,Layer_4,3
ACAAGGAAATCCGCCC-1,Layer_6,3
ACAAGGACAAGAGGTT-1,Layer_5,3
ACAAGGATGCTTTAGG-1,Layer_4,3
ACAAGGGCAGGCTCTG-1,Layer_6,3
ACAATAGTCGTACGTT-1,Layer_6,3
ACAATCCATTTAAACC-1,Layer_5,3
ACAATCGATCTTTATA-1,Layer_1,2
ACAATGAATACGGAGA-1,WM,4
ACAATTGTGTCTCTTT-1,Layer_3,1
ACAATTTAGGAGGCTC-1,Layer_3,3
ACAATTTGAGCAGTGG-1,Layer_5,5
ACACAAAGACGGGTGG-1,Layer_5,5
ACACACCAGGACCAGT-1,Layer_5,3
ACACACTTTCTACACG-1,Layer_3,5
ACACATGATCAAATCT-1,WM,4
ACACATTGACGCAACA-1,Layer_1,2
ACACCCAGCATGCAGC-1,Layer_5,5
ACACCCGAGAAATCCG-1,Layer_3,5
ACACCGGTCTGACCGC-1,WM,4
ACACCTTAAGTAGGGC-1,Layer_5,5
ACACCTTACTACTTGC-1,Layer_3,1
ACACGAGACTCCTTCT-1,Layer_6,3
ACACGGCACTATGCAT-1,Layer_3,1
ACACGGGAACTTAGGG-1,Layer_5,5
ACACGTAGGCCACAAG-1,Layer_3,1
ACACTCCAATGTCACT-1,Layer_2,1
ACACTGATCAAGGTGT-1,WM,4
ACACTGGGACAGTCGT-1,Layer_2,2
ACAGAACTGAGAACAA-1,WM,4
ACAGATTAGGTTAGTG-1,Layer_2,1
ACAGCATAGAGCCAGT-1,Layer_3,1
ACAGCGACATTCTCAT-1,Layer_3,1
ACAGCGCACCCGCAGC-1,Layer_3,1
ACAGGCTTGCCCGACT-1,Layer_4,3
ACAGGTGGAGGTGAGG-1,WM,4
ACAGTAATACAACTTG-1,Layer_6,3
ACATAAGTCGTGGTGA-1,WM,4
ACATAATAAGGCGGTG-1,Layer_5,5
ACATCAGCTGGGACGC-1,Layer_3,3
ACATCCCGGCCATACG-1,Layer_6,3
ACATCCTGGTAACTGT-1,Layer_3,1
ACATCGATCGTTTACC-1,Layer_6,3
ACATCGGTCAGCCGCG-1,Layer_6,3
ACATCGTATGCAATGG-1,Layer_5,5
ACATCGTTAACCTAGT-1,Layer_3,1
ACATCTCAACGCGTAA-1,Layer_2,1
ACATGGCGCCAAAGTA-1,Layer_3,1
ACATGGCTCAATTTAG-1,Layer_1,2
ACATTAGTTTATATCC-1,Layer_6,3
ACCAAACTAGAAATCC-1,Layer_1,2
ACCAACCGCACTCCAC-1,Layer_3,3
ACCAACGCTTATTTAT-1,WM,4
ACCAAGAACGCGTGTC-1,Layer_3,1
ACCAATATGCAAGTTA-1,Layer_5,3
ACCACAACTCAGAACA-1,Layer_3,1
ACCACAAGTTTCTATC-1,Layer_6,3
ACCACCAATGTAACAA-1,Layer_3,1
ACCACGTGCAGCTATA-1,Layer_5,3
ACCAGCCCGGTCTTTG-1,Layer_2,1
ACCAGGAGTGTGATCT-1,Layer_1,2
ACCAGTGCCCGGTCAA-1,Layer_1,2
ACCAGTGCGGGAGACG-1,Layer_4,3
ACCATATCCGCAATAA-1,Layer_6,3
ACCATCCGCCAACTAG-1,Layer_5,3
ACCATCGTATATGGTA-1,Layer_6,3
ACCATTAAGGGTGTCA-1,Layer_1,2
ACCCAACGCCCGTGGC-1,Layer_5,5
ACCCACCTACATGCTC-1,Layer_3,3
ACCCATCTTGAGGGTA-1,Layer_6,3
ACCCATTTGTCCCTCT-1,Layer_3,1
ACCCGAGCGAAATTAC-1,WM,4
ACCCGATTGGTTCCGA-1,WM,4
ACCCGGAAACTCCCAG-1,Layer_6,3
ACCCGGATGACGCATC-1,Layer_3,3
ACCCGGTTACACTTCC-1,Layer_6,4
ACCCGTGTCATCAGTA-1,WM,3
ACCCTATAGGACTGAG-1,Layer_1,2
ACCCTATGCCATATCG-1,WM,4
ACCCTCCCTTGCTATT-1,Layer_5,3
ACCCTTCATCTGCGAA-1,Layer_3,1
ACCCTTTAGTTCTCCA-1,Layer_3,1
ACCGAAAGGGCCCTGC-1,Layer_2,1
ACCGAAGAGTCTGGTT-1,WM,4
ACCGACACATCTCCCA-1,Layer_6,3
ACCGACTGAGTCCCAC-1,Layer_6,5
ACCGATGGTAGCATCG-1,Layer_5,5
ACCGCAATAACTGCCT-1,Layer_5,3
ACCGCGGTGGAAGTCG-1,Layer_3,1
ACCGGGCCTTTGTTGA-1,Layer_3,1
ACCGGTCAGGTACACC-1,WM,4
ACCGGTCTGAGTACGG-1,Layer_1,2
ACCGTGACCACGTGGG-1,WM,4
ACCGTTCCCGCTCTGA-1,Layer_2,1
ACCTAAGTACCTTTCA-1,WM,4
ACCTAATCGACTTCCT-1,Layer_5,3
ACCTACAGTATGTGGT-1,Layer_2,1
ACCTACTATAAATCTA-1,Layer_6,3
ACCTCCGCCCTCGCTG-1,Layer_3,1
ACCTCCGTTATTCACC-1,Layer_2,1
ACCTCGAACTTATGCT-1,WM,4
ACCTGCGTGTCATGTT-1,Layer_6,3
ACCTTTCCTTTAGAAG-1,Layer_1,2
ACGAAATGGGCGGCAC-1,Layer_5,3
ACGACTGGTCATACTC-1,WM,4
ACGAGAACCCATCACG-1,Layer_1,2
ACGAGATATTTGCTTA-1,Layer_3,1
ACGAGGATACCACTCT-1,WM,4
ACGAGGTTTACAACGT-1,WM,4
ACGAGTACGGATGCCC-1,Layer_3,1
ACGATACATAGAACTA-1,Layer_4,5
ACGATCATACATAGAG-1,Layer_5,5
ACGATCATCTTGTAAA-1,Layer_3,3
ACGATGCATATGTTAT-1,Layer_6,3
ACGATGGATCCGATGC-1,Layer_3,1
ACGCAAACTAATAGAT-1,WM,4
ACGCAATCACTACAGC-1,Layer_3,1
ACGCATACGTTTACTA-1,Layer_3,1
ACGCATTCGTGAGTAC-1,Layer_6,3
ACGCCAGATGATTTCT-1,Layer_4,5
ACGCCCAGCTGTCGAT-1,Layer_1,2
ACGCCGCTAGACGACC-1,Layer_6,3
ACGCGAAGTCAGACGA-1,Layer_6,3
ACGCGCTACACAGGGT-1,Layer_6,3
ACGCGGGCCAAGGACA-1,Layer_6,3
ACGCTAGTGATACACT-1,Layer_3,5
ACGCTGTGAGGCGTAG-1,Layer_5,3
ACGCTTAGTGTCTCTC-1,Layer_2,1
ACGGAATTTAGCAAAT-1,Layer_2,1
ACGGACGCAGCGACAA-1,WM,4
ACGGACTCTCAAAGCG-1,Layer_5,3
ACGGAGCGCAAATTAC-1,Layer_2,1
ACGGATGGTGCGGATA-1,Layer_5,3
ACGGCACTTGCTTGGG-1,Layer_6,3
ACGGCCAACATGGACT-1,WM,4
ACGGCGACGATGGGAA-1,Layer_5,3
ACGGCGGGTTGCCCTG-1,Layer_1,2
ACGGCTGGATGTAGAA-1,WM,4
ACGGGAGTGTCGGCCC-1,WM,4
ACGGGTCATGTGACTT-1,Layer_1,2
ACGGTCACCGAGAACA-1,WM,4
ACGTACAGATTTCTCT-1,Layer_3,1
ACGTACTTTGGCACGG-1,WM,4
ACGTAGATTGCTGATG-1,Layer_6,3
ACGTATTACTCCGATC-1,Layer_4,3
ACGTCCTAAACGAGAT-1,Layer_1,2
ACGTGCGCCTCGTGCA-1,Layer_4,5
ACGTGGTCGAATGTGC-1,Layer_2,2
ACGTTAATGTCGAAGA-1,Layer_6,3
ACGTTAGATTTGCCCG-1,Layer_6,3
ACGTTCACTATGCCGC-1,WM,3
ACGTTCCGCGCTCCGT-1,Layer_2,1
ACGTTCGCAATCAATT-1,Layer_2,1
ACGTTCGTTCAGGAAA-1,WM,4
ACGTTCTGTACAAGTC-1,Layer_3,3
ACGTTTAGTTGTGATC-1,Layer_3,5
ACTAATACGTCAGGCG-1,Layer_2,1
ACTACATCCCGACAAG-1,WM,4
ACTACCAGCTCTCTGG-1,Layer_4,3
ACTACGCGTTAGAATT-1,Layer_6,3
ACTAGTTGCGATCGTC-1,Layer_3,1
ACTATATGCTGTGTTC-1,Layer_2,1
ACTATCCAGGGCATGG-1,Layer_3,1
ACTATCTGCCCGCGTA-1,Layer_2,1
ACTATGTCCAGCTGCC-1,WM,4
ACTATTCGTCCGTGGT-1,Layer_3,5
ACTATTTCCGGGCCCA-1,WM,4
ACTCAAGTGCAAGGCT-1,Layer_4,3
ACTCAATAAAGGCACG-1,Layer_5,5
ACTCAGACCTGCTTCT-1,Layer_1,2
ACTCATGGCAGCCTTC-1,WM,4
ACTCCAATATCATCAT-1,WM,4
ACTCCCATTCCTAAAG-1,Layer_6,3
ACTCCCGAATTCGTTT-1,Layer_3,1
ACTCCCTAATGCTAAA-1,Layer_6,3
ACTCCCTAGAATAGTA-1,Layer_6,3
ACTCGATGTATTTCAT-1,Layer_1,2
ACTCGCCGTTCGATAA-1,,3
ACTCGTAACCCGTCCT-1,WM,4
ACTCGTCAGTAATCCC-1,Layer_5,5
ACTCTCTGACTTAGGT-1,Layer_5,5
ACTCTCTTATACACGA-1,Layer_3,1
ACTCTTGTATAGTAAC-1,Layer_6,3
ACTGAAACGCCGTTAG-1,Layer_3,3
ACTGAATGGCGAAAGT-1,Layer_5,3
ACTGATTTAGTGATTC-1,Layer_2,1
ACTGCCCGCCATTCTC-1,WM,4
ACTGCCGTCGTAACTC-1,Layer_3,5
ACTGCTCGGAAGGATG-1,WM,4
ACTGTACGATACACAT-1,Layer_5,5
ACTGTAGCACTTTGGA-1,Layer_5,3
ACTGTATACGCGAGCA-1,Layer_1,2
ACTGTCCAGGATTATA-1,Layer_6,3
ACTGTCTTCTTTAGAA-1,Layer_6,3
ACTGTGCTAGTAGATC-1,Layer_1,2
ACTGTTTAGTGTAGGC-1,Layer_1,2
ACTTACCGGGCGCGCA-1,Layer_3,1
ACTTACGCATCCACGC-1,Layer_5,3
ACTTAGTACGACAAGA-1,Layer_2,1
ACTTATACTTACCCGG-1,Layer_5,5
ACTTATCTGATCTATA-1,Layer_1,2
ACTTATTAGGATCGGT-1,Layer_6,3
ACTTATTTATGTGCCA-1,Layer_5,3
ACTTCAGGCTGATCCC-1,Layer_5,3
ACTTCCATGCGGGACA-1,Layer_4,3
ACTTCGCCATACGCAC-1,Layer_5,5
ACTTGACTCCCTCTTT-1,Layer_6,3
ACTTGCCATATTGTAC-1,Layer_1,2
ACTTGGGACCCGGTGG-1,Layer_5,3
ACTTGTAGTCCCTTCA-1,Layer_5,3
ACTTGTGGATGGAACG-1,Layer_3,1
ACTTTACCCTCATGAA-1,Layer_3,1
ACTTTCCTATAGCTTC-1,Layer_6,5
ACTTTGACTGCATCCT-1,Layer_5,3
ACTTTGGTCGTGCTCC-1,WM,4
AGAAATTATGACTCGC-1,Layer_2,2
AGAACCCTCAATTGGG-1,WM,4
AGAACGTGGTACATTC-1,Layer_5,5
AGAAGAGCGCCGTTCC-1,Layer_5,5
AGAAGGTACACTTCAC-1,WM,4
AGAAGGTTGCCGAATT-1,Layer_6,3
AGAAGGTTGTAGGTCG-1,Layer_5,3
AGAAGTGATTCGTGAT-1,WM,4
AGAATAAATCTTCAGG-1,Layer_5,3
AGAATGCGGGTTCGGA-1,Layer_1,2
AGAATTATGGATTCGA-1,Layer_3,5
AGAATTGTTTGACATA-1,Layer_2,1
AGACATAGATCCTTCC-1,Layer_1,2
AGACCAAACCACACCT-1,Layer_6,4
AGACCATGGGATACAA-1,Layer_3,1
AGACCCACCGCTGATC-1,Layer_6,3
AGACCCGCCCTCCTCG-1,Layer_5,5
AGACCGCTCCGCGGTT-1,Layer_3,1
AGACCGGGAAACCCTG-1,Layer_5,3
AGACGAAGTGCCGGTC-1,Layer_3,3
AGACGACGATGCCGCT-1,WM,4
AGACGGGATTGGTATA-1,Layer_1,2
AGACGGGCCGATTTAA-1,Layer_1,2
AGACTAGCCTTCCAGA-1,Layer_5,3
AGACTGTTACCGGGTC-1,WM,4
AGAGAAACACCAGAAA-1,WM,4
AGAGAACCGTCTAGGA-1,Layer_4,5
AGAGAAGGAGTACAAT-1,WM,4
AGAGATCTCTAAAGCG-1,Layer_5,3
AGAGCAGTTATGAGAC-1,Layer_3,3
AGAGCCGCCGAGATTT-1,Layer_2,1
AGAGCGGGCTAATCAT-1,Layer_3,5
AGAGCGTACAAGCTCG-1,Layer_3,3
AGAGCTACGAAAGCAT-1,Layer_1,2
AGAGGCTTCGGAAACC-1,Layer_3,1
AGAGGTATCTCGGTCC-1,Layer_1,2
AGAGTAAACTTCACTA-1,Layer_3,1
AGAGTTAGAGACCGAT-1,Layer_1,2
AGATAACTTCAGGGCC-1,Layer_5,3
AGATACCAATAGAACC-1,Layer_2,1
AGATACCGGTGTTCAC-1,Layer_6,3
AGATACGACTTCATAT-1,Layer_3,1
AGATACTCAAGATCGA-1,Layer_5,3
AGATATAATACGACTA-1,Layer_5,3
AGATCGTGCATAAGAT-1,Layer_3,1
AGATCTCAGGTGTGAT-1,Layer_5,5
AGATGACTCGCCCACG-1,Layer_5,5
AGATGAGGGTTGCGAT-1,Layer_3,1
AGATGATGGAGTCTGG-1,Layer_3,1
AGATGCAAGACGTGCA-1,WM,4
AGATGCTATAACGAGC-1,Layer_1,2
AGATTATAGGACGTTT-1,Layer_6,3
AGATTCACAACCGATA-1,WM,4
AGCAAAGGCCGCTAGT-1,Layer_5,3
AGCAACATATCTTATT-1,Layer_4,5
AGCAACCGAAAGTAAT-1,WM,4
AGCACACGTTTAGACT-1,WM,4
AGCACCAGTACTCACG-1,Layer_5,5
AGCACTACCGGCCTGT-1,Layer_5,3
AGCACTACCTCACCAG-1,Layer_5,3
AGCACTTAAGGACGCC-1,Layer_5,3
AGCAGAAGGAGAAAGA-1,Layer_5,3
AGCAGCCAGATGAATA-1,Layer_6,3
AGCATATCAATATGCT-1,Layer_3,3
AGCATCATTTCGAAAG-1,WM,4
AGCATCGTCGATAATT-1,Layer_5,5
AGCATTACGAGGCAAG-1,,3
AGCCAAGCTTTGTGTC-1,Layer_6,3
AGCCACAGGTTACCCG-1,Layer_3,3
AGCCACTCCCGTGCTT-1,Layer_5,5
AGCCATATAGTATGTG-1,Layer_6,3
AGCCCATACATGTAAG-1,Layer_6,3
AGCCCGCAACAAGCAG-1,Layer_6,3
AGCCCGGCATTAGAGG-1,WM,4
AGCCCGGTAGCCTGTA-1,WM,4
AGCCCTAAGCGAAGTT-1,Layer_3,5
AGCCCTCCCTGGTGGC-1,WM,4
AGCCCTTCTAATCCGA-1,Layer_3,1
AGCCGTGGCTAAATGT-1,WM,4
AGCCTAATACCCACGT-1,WM,4
AGCCTTAAAGCGGAAG-1,Layer_3,1
AGCGACAGGAACGGTC-1,WM,4
AGCGACATCCCATTCA-1,Layer_4,5
AGCGACCAACGATATT-1,Layer_5,5
AGCGAGACGTGAAGGC-1,WM,4
AGCGATGCGCCTAATA-1,Layer_3,1
AGCGCATAATGAATCG-1,WM,3
AGCGCGGGTGCCAATG-1,Layer_3,5
AGCGCTTATGGGCAAG-1,Layer_2,1
AGCGGACACTTCGTAG-1,Layer_6,3
AGCGGCGGTTAGCGGT-1,Layer_6,4
AGCGGGAAGGGTCCAT-1,Layer_2,1
AGCGGGTCTGACACTC-1,Layer_6,3
AGCGGTTGAGATGTAC-1,Layer_1,2
AGCGTACGAGAGCTAG-1,Layer_1,2
AGCGTAGCGCTAGACC-1,Layer_1,2
AGCGTGGTATTCTACT-1,Layer_6,3
AGCGTTCCGATTTAAA-1,Layer_1,2
AGCTAACAAGCAATGT-1,WM,4
AGCTAAGTACGCAGGC-1,Layer_4,3
AGCTAGAAGCAGAAGT-1,Layer_3,1
AGCTATTTAATCCAAC-1,Layer_3,5
AGCTCCATATATGTTC-1,Layer_3,1
AGCTCCTTCGCACATC-1,Layer_5,3
AGCTCTAGACGTTCCA-1,Layer_6,3
AGCTCTTCCCAGTGCA-1,Layer_3,5
AGCTCTTCGTAACCTT-1,Layer_3,1
AGCTCTTTACTCAGTT-1,Layer_6,3
AGCTGAAGTAAACCAA-1,Layer_4,5
AGCTGTAACCTCAATC-1,WM,4
AGCTTATAGAGACCTG-1,Layer_1,2
AGCTTCAATACTTTGA-1,Layer_1,2
AGCTTGATCAGGGTAG-1,WM,4
AGCTTGATCTTAACTT-1,Layer_6,3
AGGAAGCTGTCCGCCG-1,Layer_6,3
AGGACAGTCGAATCCC-1,Layer_5,5
AGGACATCGCACGTCG-1,Layer_3,1
AGGACGACCCATTAGA-1,WM,4
AGGACGCTCGATGTTG-1,Layer_3,1
AGGAGGCCTTCGCGCG-1,Layer_3,1
AGGATAAAGTCGGGAT-1,Layer_6,3
AGGATATAGGGATTTA-1,Layer_4,5
AGGATCACGCGATCTG-1,Layer_6,3
AGGCAAAGAGGAATCA-1,Layer_1,2
AGGCACGTGACTGTCC-1,Layer_2,2
AGGCAGATGCGTAAAC-1,Layer_5,5
AGGCAGGGAGCGTACT-1,WM,4
AGGCATTGTCGTAGGG-1,Layer_3,1
AGGCCACCCGTTATGA-1,Layer_5,3
AGGCCCAGTGACTGGT-1,Layer_1,2
AGGCCCATTGTACAGG-1,Layer_3,5
AGGCCCTAGAACGCCA-1,Layer_6,3
AGGCCTGAGAATCTCG-1,Layer_4,3
AGGCGGTTTGTCCCGC-1,WM,4
AGGCTATGGTTAGCTT-1,Layer_3,3
AGGCTTCCCGAAGAAG-1,WM,4
AGGCTTGCTAGACACC-1,Layer_3,1
AGGGAAACGAGGTACT-1,Layer_3,1
AGGGACAGCACGGCGG-1,Layer_1,2
AGGGACCGGCTGCGTT-1,Layer_3,1
AGGGACTCTACGCGAC-1,WM,4
AGGGAGACATACTTCG-1,Layer_2,1
AGGGCAGCGGCGTGGT-1,Layer_3,1
AGGGCGAGCAGCTGAT-1,Layer_6,3
AGGGCGTGATCGGCTA-1,Layer_3,1
AGGGCTGCAGTTACAG-1,Layer_6,3
AGGGTCAGAGCACTCG-1,WM,4
AGGGTCGATGCGAACT-1,Layer_4,3
AGGGTGCCGTTCTTTA-1,WM,4
AGGGTGCTCTCGAGGG-1,Layer_4,5
AGGGTGGATAGTGCAT-1,Layer_3,3
AGGGTTCAGACGGTCC-1,WM,4
AGGGTTCCCTTTGGTT-1,Layer_5,5
AGGGTTTAGTTCGGGA-1,Layer_6,3
AGGTAACCTCCTATTC-1,Layer_3,1
AGGTACGATATTGCCA-1,Layer_3,5
AGGTAGATCGAGATAT-1,WM,4
AGGTAGGTACAAAGCT-1,Layer_5,3
AGGTATAATTGATAGT-1,Layer_3,1
AGGTCAGGTGAGAGTG-1,Layer_6,3
AGGTCGCCACTTCGGT-1,Layer_1,2
AGGTCGCGGAGTTACT-1,Layer_3,1
AGGTGGTGACCTTCGC-1,Layer_6,3
AGGTGTATCGCCATGA-1,Layer_5,3
AGGTTACACCATGCCG-1,Layer_2,1
AGGTTCTCCTTTCCGG-1,WM,4
AGGTTGAGGCACGCTT-1,Layer_5,5
AGGTTTCACACACCTT-1,Layer_6,3
AGTAACGTTCATCCTG-1,Layer_2,1
AGTAAGGGACAGAATC-1,,3
AGTAATGTCTTGCCGC-1,Layer_3,5
AGTAATTTGCAAGCGT-1,WM,4
AGTACATCATTTATCA-1,Layer_3,1
AGTACCTTCGAGTGCT-1,,2
AGTACGGCCCGTATCG-1,Layer_4,3
AGTACGGGCACCTGGC-1,Layer_5,5
AGTACGTGGCCTGTCT-1,Layer_3,1
AGTACTCTTATGCCCA-1,Layer_4,3
AGTAGAAGGCGCCTCA-1,Layer_6,3
AGTAGCGTGAACGAAC-1,Layer_1,2
AGTAGGAAGGAAGTTG-1,Layer_3,1
AGTAGGTAACATACAT-1,Layer_3,1
AGTATAATACTAGGCA-1,Layer_3,3
AGTATACACAGCGACA-1,WM,4
AGTATCCATAATAACG-1,Layer_1,2
AGTATGCTGGAGACCA-1,WM,4
AGTATTTGGCACGACC-1,WM,4
AGTCAAATGATGTGAT-1,WM,4
AGTCAACACCACCATC-1,Layer_6,3
AGTCAAGATGACACTT-1,Layer_4,3
AGTCACTAGCTCTCGA-1,Layer_3,1
AGTCACTCCGCCTCAT-1,Layer_1,2
AGTCAGCCACCGCCTG-1,Layer_2,1
AGTCCATTGGCTGATG-1,Layer_3,1
AGTCCCGCCTTTAATT-1,Layer_3,1
AGTCGACGGTCTCAAG-1,Layer_5,5
AGTCGGCCCAAACGAC-1,Layer_4,3
AGTCGGCTCAACTTTA-1,WM,3
AGTCGGTTGCGTGAGA-1,Layer_3,1
AGTCGTATAAAGCAGA-1,Layer_4,3
AGTCGTCGACCACCAA-1,Layer_3,3
AGTCGTGGGCATTACG-1,WM,4
AGTCTAAAGTATACTC-1,Layer_2,1
AGTCTCACAAGACTAC-1,WM,4
AGTCTGGACATCCTTG-1,Layer_2,1
AGTCTTCTCCTCAAAT-1,Layer_5,5
AGTCTTTAAAGTGTCC-1,Layer_5,3
AGTGAACAAACTTCTC-1,Layer_3,1
AGTGACCTACTTTACG-1,WM,4
AGTGACTGTGACACAA-1,WM,4
AGTGAGACTTCCAGTA-1,Layer_5,5
AGTGAGCCTCGCCGCC-1,Layer_3,1
AGTGAGGGTTTCTGAC-1,Layer_3,1
AGTGAGTCGAATTAAC-1,,3
AGTGATAACCTGCGCG-1,Layer_4,3
AGTGATATGAGTAGTT-1,WM,4
AGTGATTCAAGCAGGA-1,Layer_5,5
AGTGCACGCTTAAGAA-1,Layer_3,3
AGTGCGTAGCTCGTAA-1,WM,4
AGTGCTAAACACAGCA-1,Layer_3,3
AGTGCTTGCACGAATA-1,Layer_5,5
AGTGGCGGCAATTTGA-1,Layer_3,5
AGTGGCGTCTGAAGGT-1,Layer_4,3
AGTGGCTCCGTCGGCC-1,Layer_5,3
AGTGGTGTTACCCGTG-1,Layer_6,3
AGTGTATTGCGCATTG-1,Layer_3,1
AGTGTGCTAAGATCGC-1,Layer_1,2
AGTGTGGTCTATTGTG-1,Layer_3,1
AGTTAAACACTTGCGA-1,Layer_6,3
AGTTAAGCGGTCCCGG-1,Layer_3,5
AGTTAAGTCAACCGCT-1,WM,4
AGTTACCGCACATGGT-1,Layer_3,3
AGTTACTCTATCGTGG-1,Layer_3,1
AGTTATTGAAAGGTAA-1,Layer_1,2
AGTTCCTACAGAATTA-1,Layer_5,3
AGTTCCTATTTATGTT-1,Layer_6,3
AGTTCTGCGTTGTATC-1,Layer_1,2
AGTTGACATCGGCTGG-1,Layer_1,2
AGTTGACGGTCCTTGC-1,Layer_6,3
AGTTGCGGTCCTCAAC-1,WM,4
AGTTGCTGACTGATAT-1,Layer_1,2
AGTTGGCAAGGCTAGA-1,,3
AGTTTCGCAGGTCGGA-1,Layer_3,1
AGTTTGCACCTGCCTC-1,Layer_5,3
AGTTTGGCACGGGTTG-1,Layer_3,1
AGTTTGGCCAGACCTA-1,WM,4
ATAAACCATTGGACGG-1,Layer_1,2
ATAAACGGACCCGTAA-1,Layer_6,3
ATAAACGTTGCACCAC-1,Layer_3,1
ATAAAGGCTCGGTCGT-1,Layer_6,3
ATAAAGGTCAAGTACG-1,Layer_3,1
ATAAATATTAGCAGCT-1,Layer_5,3
ATAACGCCGGAGGGTC-1,Layer_5,5
ATAACGGAGTCCAACG-1,Layer_5,5
ATAAGGTGGAGAACAT-1,Layer_6,3
ATAAGTAGGATTCAGA-1,Layer_3,1
ATAAGTAGGGCGACTC-1,Layer_3,1
ATAAGTTACCGCGACG-1,WM,4
ATAATACCGTTAGCCG-1,Layer_1,1
ATAATAGCTGTTGAAT-1,Layer_6,3
ATAATAGTGTAGGGAC-1,Layer_3,1
ATAATCTTGGAGAACC-1,Layer_5,3
ATAATTAGCTAAGTAG-1,Layer_6,3
ATACAGGCCCTCCAAT-1,Layer_6,3
ATACCACGGGCAACTT-1,Layer_5,3
ATACCAGCAAATTGCT-1,Layer_1,2
ATACCAGGCTAATAGA-1,Layer_2,1
ATACCAGGTGAGCGAT-1,Layer_1,2
ATACCTAACCAAGAAA-1,Layer_6,3
ATACGCCGATCTACCG-1,Layer_1,2
ATACGCCGGCGAAACC-1,Layer_5,5
ATACGGAACGTCGTTT-1,WM,4
ATACGGGTTTCGATTG-1,Layer_4,5
ATACGGTGAAGATGCA-1,Layer_3,3
ATACGTACTTAGCCAC-1,Layer_5,3
ATACGTCCACTCCTGT-1,Layer_4,3
ATACGTTATGCACGGA-1,Layer_6,3
ATACTACCCGTACCAC-1,Layer_3,1
ATACTAGCATGACCCT-1,Layer_5,5
ATACTGCCTTACACCG-1,Layer_5,3
ATAGACAACGGGACCT-1,Layer_4,5
ATAGACGAAGAGAAAG-1,Layer_6,3
ATAGAGTACTGGGACA-1,Layer_5,5
ATAGAGTTATCAACTT-1,Layer_4,5
ATAGATTTGCAGTCGG-1,Layer_1,2
ATAGCAACTAGGGAAG-1,Layer_3,1
ATAGCCTCAGTACCCA-1,Layer_2,1
ATAGCTGCTCTTGTTA-1,Layer_1,2
ATAGGCGGCTATAGAA-1,Layer_6,3
ATAGGCTAGCTTCGCA-1,Layer_3,5
ATAGGGATATCCTTGA-1,Layer_5,5
ATAGGTTGGGCAGATG-1,Layer_6,5
ATAGTCTTTGACGTGC-1,Layer_3,1
ATAGTGAAGCGTTCTC-1,Layer_6,3
ATAGTTCCACCCACTC-1,Layer_3,3
ATATAAAGCGCTCGTG-1,Layer_6,3
ATATAAATGTAGCTGC-1,Layer_6,3
ATATAACACGGGCGCA-1,Layer_3,3
ATATACGCTCGTGACG-1,Layer_3,1
ATATAGAGTATTGGTC-1,WM,4
ATATCAACCTACAGAG-1,Layer_3,3
ATATCGGTAGGGAGAT-1,Layer_3,1
ATATCGTGCCAGACCC-1,Layer_2,1
ATATCGTTCCTCGAAC-1,Layer_3,3
ATATCTCCCTCGTTAA-1,Layer_3,5
ATATCTTAGGGCCTTC-1,Layer_6,3
ATATGTCTCCCTAGCC-1,Layer_4,3
ATATTCAGTTAAACCT-1,WM,4
ATATTCCACATAGTGA-1,Layer_5,3
ATATTCCCACAGGTCA-1,Layer_3,1
ATATTGCTGTCAAAGT-1,Layer_3,1
ATATTTAACCCTCAAG-1,Layer_6,3
ATCAAACACTGTTCCA-1,Layer_3,1
ATCAAACGAAGGTTTG-1,WM,4
ATCAATCTGGGCTGCA-1,Layer_6,3
ATCAATGCCGTGGCTG-1,WM,4
ATCACATTAGAATATC-1,Layer_4,5
ATCACGTGCTAATTAA-1,WM,4
ATCACTTCATCCTCGC-1,Layer_5,5
ATCAGACGGCACGCCG-1,WM,4
ATCAGCCTCATGCTGC-1,Layer_4,3
ATCAGCTCGTCCACTA-1,Layer_6,4
ATCAGGTCGCCATTGC-1,Layer_3,1
ATCAGTAGGCAGGGAT-1,Layer_4,5
ATCATAGATCGACGAG-1,WM,3
ATCATAGCCCTATGTA-1,Layer_3,1
ATCATCCAATATTTGT-1,Layer_6,3
ATCATCTGCCCAGTGT-1,Layer_2,1
ATCCAACGCAGTCATA-1,Layer_4,3
ATCCAATGGAGGGTCC-1,Layer_6,3
ATCCACATCGACAGAA-1,Layer_5,3
ATCCACGCTAAATGTT-1,Layer_3,1
ATCCAGAGCAACAACC-1,WM,4
ATCCAGGATTCGTGAA-1,Layer_6,3
ATCCCATCCACAGCGC-1,WM,4
ATCCTACCTAAGCTCT-1,WM,4
ATCCTGAATCGCTGCG-1,Layer_5,3
ATCCTGCGTGGAATGG-1,WM,4
ATCCTGCTGCAGATAG-1,Layer_1,2
ATCGACCCAATACAGA-1,Layer_6,3
ATCGACTCTTTCCGTT-1,Layer_5,5
ATCGCACGATTGTTCA-1,Layer_1,2
ATCGCACGCCGGGAGA-1,Layer_5,5
ATCGCCAGTCAACATT-1,Layer_3,1
ATCGCTGCGTGCAGCA-1,Layer_2,1
ATCGGAGACAGACGGC-1,Layer_5,3
ATCGGCAAGCAGTCCA-1,Layer_3,5
ATCGTCCAATCGAGTC-1,Layer_1,2
ATCGTGGAAAGTCTGG-1,WM,4
ATCGTTAGCTAGCGGA-1,Layer_3,1
ATCGTTCACTTTCGCC-1,Layer_3,1
ATCTAATATCCTACGG-1,Layer_6,3
ATCTAGCTTGTGAGGG-1,Layer_6,3
ATCTCCCACGGAATAT-1,Layer_3,1
ATCTCCCTGCAATCTA-1,Layer_3,5
ATCTCGTGAGCGAAAC-1,Layer_2,1
ATCTGACATGGAAGGA-1,WM,4
ATCTGATAGTGTCTTA-1,Layer_1,1
ATCTGCACCTCTGCGA-1,Layer_3,5
ATCTGCTGTTATCGCC-1,Layer_6,3
ATCTGGGCTGTTCTTG-1,Layer_6,3
ATCTGGTTAAGACTGT-1,Layer_5,5
ATCTGTAATTGTACCC-1,Layer_3,5
ATCTTAGGGCATTAAT-1,WM,4
ATCTTATCGCACACCC-1,Layer_3,1
ATCTTGACCTGCAACG-1,Layer_5,5
ATCTTGACTTGTCCAA-1,Layer_3,1
ATGAAGCCAAGGAGCC-1,Layer_4,5
ATGACGCCGGCTCTAA-1,Layer_3,5
ATGACGCGTTCTATCC-1,WM,4
ATGACTATCAGCTGTG-1,WM,4
ATGACTATGCGACATT-1,Layer_5,3
ATGAGGAGTGTTAATC-1,Layer_4,3
ATGATCGGGAATAGAC-1,Layer_3,5
ATGATGCAATGGTACA-1,WM,4
ATGCACGCGCTGTTCA-1,WM,4
ATGCACTACCGCATTG-1,Layer_5,3
ATGCATGATCCAGGAT-1,Layer_5,5
ATGCATTCCGTGATGG-1,Layer_1,2
ATGCCAATCGCTCTGC-1,Layer_2,1
ATGCCATTTGCGACCA-1,Layer_5,3
ATGCCGGTCTTGCATA-1,Layer_5,5
ATGCCGGTTGATGGGA-1,Layer_3,5
ATGCGACAATTGGTCC-1,Layer_1,2
ATGCGACAGTCCCATT-1,Layer_6,3
ATGCGAGTCCCACCAC-1,Layer_3,1
ATGCTCAGTGTTGCAT-1,Layer_3,1
ATGCTCTGGCGCGGTA-1,Layer_5,3
ATGCTTAGGAGTTGAT-1,Layer_2,1
ATGGAAATTTAAGGAG-1,WM,4
ATGGACTGCTTAGTTG-1,WM,3
ATGGAGCAGGCCGTGA-1,Layer_6,3
ATGGATCCGGCGTCCG-1,Layer_4,5
ATGGATTGACCAAACG-1,Layer_5,5
ATGGCAGCATTACGAT-1,WM,4
ATGGCTGGAAATGGCC-1,Layer_3,1
ATGGGAACGGAAGCGG-1,Layer_2,1
ATGGGACCTGCTGAAC-1,WM,4
ATGGGCCTCGGCCTCT-1,Layer_4,3
ATGGGTGTATACCTCC-1,WM,4
ATGGTATTTACTGATT-1,WM,4
ATGGTCGCGTGGTTTC-1,Layer_5,3
ATGGTGCTCAAAGCCA-1,Layer_1,2
ATGTAAGGCTGCTCTT-1,Layer_2,1
ATGTACATGCGGTGAG-1,,3
ATGTACGATGACGTCG-1,Layer_6,3
ATGTAGCGCGCGTAGG-1,Layer_5,3
ATGTGAAAGCCTAATG-1,Layer_6,3
ATGTGCATCCGACGCA-1,Layer_5,5
ATGTGGACATCTTGAT-1,Layer_6,3
ATGTGTAGTTTAGTCA-1,Layer_1,2
ATGTTACGAGCAATAC-1,Layer_2,1
ATGTTCCTGCCCACCT-1,Layer_1,2
ATGTTCGTCGACCCAC-1,Layer_4,3
ATGTTGTAGTCTGTTT-1,WM,4
ATTAAACATGCGGACC-1,Layer_6,3
ATTAATACTACGCGGG-1,Layer_5,5
ATTAATGAACCAGTCG-1,Layer_5,5
ATTAATTCGGTCACTC-1,Layer_3,5
ATTACAACTACCGGCC-1,Layer_3,1
ATTACATGTCAGTCTT-1,Layer_3,1
ATTACCACACTGCCTG-1,Layer_2,1
ATTACGCGCTGGCAGG-1,Layer_6,3
ATTACTAGCCTCTTGC-1,Layer_3,1
ATTACTTACTGGGCAT-1,Layer_3,1
ATTAGATTCCTCAGCA-1,Layer_3,1
ATTAGATTGATAGCGG-1,Layer_4,5
ATTAGGCGATGCTTTC-1,Layer_6,3
ATTATACTTTGCTCGT-1,Layer_4,5
ATTATAGCTACTTTAC-1,Layer_2,1
ATTATCGGAATGTACG-1,Layer_6,3
ATTATCTCGACAGATC-1,Layer_2,1
ATTATGAGACCCAATT-1,WM,4
ATTATGCCATAGGGAG-1,Layer_5,5
ATTATTATGTCCGTCA-1,WM,4
ATTATTCAGAGTCACT-1,Layer_3,3
ATTCAACCATTTAAGG-1,Layer_3,1
ATTCACTGATGTTGGA-1,Layer_6,3
ATTCAGGACCTATTTC-1,Layer_3,1
ATTCAGGATCGCCTCT-1,Layer_1,2
ATTCAGTAGCAGGGTC-1,Layer_3,3
ATTCATATACTGTCCA-1,Layer_6,3
ATTCATCGTTGAGGCA-1,Layer_3,3
ATTCCCACATAAACAA-1,Layer_3,3
ATTCCTAAGACGTGGA-1,Layer_2,1
ATTCCTCCGCCAGTGC-1,Layer_4,5
ATTCCTTCCAGGCGGT-1,Layer_1,2
ATTCGACGCCGGGCCT-1,Layer_5,3
ATTCGCGCCTTGAGAG-1,Layer_3,1
ATTCGTGCTATCTCTT-1,Layer_3,1
ATTCTCGTCTCTTTAG-1,Layer_3,1
ATTCTGAGTATGAACT-1,Layer_3,1
ATTCTTCGTACTTATG-1,Layer_3,1
ATTGAAGATCTTAGTG-1,Layer_5,3
ATTGACGTAACTCGGT-1,Layer_3,1
ATTGATAGCAACGAGA-1,Layer_1,2
ATTGATCACCACATTT-1,WM,4
ATTGATGAGTCCTAAC-1,Layer_3,3
ATTGCCTATTAGACCG-1,WM,4
ATTGCCTTTATGTTTG-1,Layer_4,3
ATTGCGATCAGTAACT-1,Layer_3,1
ATTGCTGCTCCTCCAT-1,Layer_6,3
ATTGGATTACAGCGTA-1,Layer_3,1
ATTGGGAATATCTTGG-1,Layer_3,1
ATTGTACAACTCGGCT-1,Layer_3,3
ATTGTCGCAATACCTT-1,Layer_3,5
ATTTAACTCGTATTAC-1,Layer_3,1
ATTTACAGTTTACTGG-1,Layer_5,3
ATTTACTAAGTCCATT-1,Layer_3,1
ATTTCATTATTTCGCG-1,Layer_3,5
ATTTCCGGGTTCTGCG-1,WM,4
ATTTGCCTAGTTACGA-1,Layer_1,2
ATTTGCGCGAGTAGCT-1,WM,4
ATTTGTCTTGGGAGCT-1,Layer_5,5
ATTTGTTCCAGGGCTC-1,Layer_4,5
CAAACCCTCCGGCGGG-1,Layer_5,3
CAAACGAGTATCGCAG-1,WM,4
CAAACGGTCGCACTTT-1,Layer_5,3
CAAACGTGGTCTTGCG-1,Layer_2,1
CAAACTACGATAGAGA-1,Layer_3,5
CAAACTATTGAGCTTC-1,Layer_3,1
CAAACTCGCGACGCCG-1,Layer_3,1
CAAAGATTATTGGGCC-1,WM,4
CAAAGTCAGGTTAGCT-1,Layer_1,2
CAAATCTCTCACAAGG-1,Layer_6,3
CAAATGCGGAGTGTTC-1,Layer_1,2
CAAATGTCCTTCCGTG-1,WM,4
CAAATTGTCAGCAAGC-1,Layer_3,5
CAACAGAATAACGCTA-1,Layer_1,2
CAACAGTGCCAAACGG-1,Layer_1,2
CAACATGGCCTGATAA-1,Layer_1,2
CAACCGCACCTAGACA-1,Layer_1,2
CAACCTACCGAGCAGT-1,Layer_3,1
CAACGACCCGTTTACA-1,Layer_4,5
CAACGCGATGAGCCAA-1,WM,3
CAACGGTTCTTGATAC-1,Layer_3,1
CAACGTGGTGGAGTCT-1,Layer_2,1
CAACTATATCGAATGC-1,Layer_3,5
CAACTCCAACGTTTAG-1,Layer_2,1
CAACTCCTTGATCCCG-1,Layer_3,1
CAACTGCTCATCCGAT-1,Layer_6,3
CAACTTGTAGTGGGCA-1,Layer_1,2
CAAGAGGGCGGAGTAC-1,Layer_6,3
CAAGATATTATAACGT-1,Layer_5,3
CAAGCAACGTCGGAGT-1,Layer_5,3
CAAGCACCAAATGCCT-1,Layer_4,5
CAAGCGGCACATAATT-1,Layer_6,3
CAAGGATCGCATGTTC-1,Layer_6,3
CAAGGCCAGTGGTGCA-1,Layer_3,1
CAAGGTCCTATAGGCT-1,Layer_3,1
CAAGTAAGTGATAGAC-1,Layer_6,3
CAAGTGAACTTTGGTT-1,Layer_1,2
CAAGTGTGGTTGCAAA-1,Layer_4,5
CAATAAACCTTGGCCC-1,Layer_5,5
CAATACGCTCTGAGGC-1,Layer_5,3
CAATATTCTTGACCTA-1,WM,4
CAATATTGGACTAGTG-1,Layer_1,2
CAATCCCTATACCAGC-1,Layer_3,1
CAATCCTGCCGTGGAG-1,Layer_1,2
CAATGCGAGAAGTATC-1,Layer_5,3
CAATGGAATCTACATA-1,Layer_3,1
CAATGGATCTCTACCA-1,Layer_5,5
CAATGGTCGGCCTGGG-1,Layer_1,1
CAATTAAGGGTGATGA-1,Layer_6,3
CAATTTCGTATAAGGG-1,Layer_6,3
CAATTTGACCGGGAAG-1,Layer_1,2
CACAAGCTAAGAAAGG-1,WM,4
CACAATGAGCTGCTAT-1,Layer_6,4
CACACACGCTAACGAG-1,Layer_3,1
CACACAGCTTGCGCTC-1,Layer_2,1
CACACAGGGATAGATT-1,Layer_3,3
CACACGCGCTGTCTTA-1,Layer_5,5
CACACGTTTCAATGGG-1,Layer_3,1
CACAGAGACGAGGACG-1,WM,4
CACAGCACCCACGGCA-1,Layer_6,3
CACAGCTAGGGAGTGA-1,Layer_5,5
CACAGGGCCATATAGT-1,Layer_3,1
CACAGGGCCGTTGTCA-1,Layer_6,3
CACAGTCCCGCTTCGC-1,Layer_2,1
CACAGTTCGCTTCCCA-1,Layer_2,1
CACATAAGGCGACCGT-1,Layer_1,2
CACATATTAGCAGGAT-1,Layer_6,3
CACATCGTGCACGCGC-1,WM,4
CACATCTCACCGACGA-1,Layer_5,3
CACATGATTCAGCAAC-1,Layer_6,3
CACATGTTTGGACATG-1,Layer_1,2
CACATTCTTTCGATGG-1,Layer_3,5
CACATTTCTTGTCAGA-1,Layer_3,1
CACCAGTCAGCATGCA-1,WM,4
CACCATCGGAGGAGAC-1,Layer_3,1
CACCCAAATCTTATGT-1,Layer_3,3
CACCCACACGTCACCC-1,Layer_3,1
CACCCACGAGGCAATT-1,Layer_3,5
CACCCGGTTTGTGACT-1,WM,4
CACCCTAACAAGATCT-1,Layer_5,3
CACCCTTGGTGAGACC-1,WM,4
CACCCTTTCCTCGCTC-1,Layer_1,2
CACCGATACACCGAGC-1,Layer_3,1
CACCGCCAGAAGGTTT-1,Layer_5,5
CACCGCCGACCAGCGA-1,Layer_3,1
CACCGCGTCCACTCTA-1,Layer_3,1
CACCGGAGATATCTCC-1,Layer_2,1
CACCGGTAGAGACATT-1,WM,4
CACCGTATCCCATCCG-1,Layer_3,1
CACCGTTAGGGATCAC-1,WM,4
CACCGTTGCGCGATAT-1,WM,4
CACCTAATAGAGTCGT-1,Layer_2,1
CACCTAATCAGTTTAC-1,Layer_5,5
CACCTCGATGGTGGAC-1,Layer_4,5
CACCTTGCGAAACTCG-1,Layer_5,5
CACCTTGGCGCCTTTG-1,Layer_3,1
CACGAAAGTTAGTCCC-1,Layer_5,3
CACGACTAAAGTTCTG-1,Layer_1,2
CACGATTGGTCGTTAA-1,Layer_1,2
CACGCACAGCGCAGCT-1,Layer_5,5
CACGCAGCGAGGCTTT-1,Layer_5,3
CACGCGGAACTGTTGC-1,Layer_3,3
CACGGCGCGCCAAAGG-1,Layer_3,1
CACGGGATTGAGGGTT-1,Layer_3,3
CACGTCGGCAACCTCT-1,WM,4
CACGTCTATGATGTGG-1,Layer_2,1
CACGTTCGTGCTCTAG-1,Layer_5,5
CACGTTTCGTACACAC-1,Layer_4,3
CACTAAAGTTGCCTAT-1,Layer_6,3
CACTACGGGAGCTGCC-1,Layer_3,1
CACTACTCAGTTCTGT-1,Layer_3,1
CACTCAAGAGCTATGG-1,Layer_6,3
CACTCAGCTCTTGAGG-1,Layer_3,5
CACTCCTATGTAAGAT-1,WM,4
CACTCCTCTCGGTCGG-1,Layer_3,1
CACTCGAGCTGAACAA-1,Layer_6,3
CACTCGGTTAGGAGGA-1,Layer_4,3
CACTCTCAAGCATCGA-1,WM,4
CACTCTTCTGCTAGCC-1,Layer_3,1
CACTGACGATTGTGGA-1,WM,3
CACTGTCCAAGTGAGA-1,Layer_3,5
CACTTAATCAGACGGA-1,Layer_6,3
CACTTCGCCACAGGCT-1,Layer_3,1
CACTTCGTCTTATCTC-1,Layer_1,2
CAGAACTTAGCCCTCT-1,Layer_5,3
CAGAATAACACACGGA-1,Layer_3,1
CAGACACCGATCGCTG-1,WM,4
CAGACCTGTAAGTGTT-1,Layer_3,5
CAGACGAACCTGATAC-1,WM,4
CAGAGACGGTCACCCA-1,Layer_6,3
CAGAGCATGAGCTTGC-1,Layer_5,5
CAGAGGCGATGCATGA-1,WM,4
CAGAGTGATTTAACGT-1,Layer_3,1
CAGATAATGGGCGGGT-1,Layer_3,1
CAGATACTAACATAGT-1,Layer_5,5
CAGATATGAAGATGAC-1,WM,4
CAGATCATTTAAAGTC-1,Layer_3,1
CAGATCCTGGTTTGAA-1,WM,4
CAGCAGCCCGTTCCTT-1,Layer_5,5
CAGCAGTCCAGACTAT-1,Layer_3,1
CAGCAGTCTGTGCTGC-1,Layer_5,3
CAGCCCTCACAGGCAG-1,Layer_1,2
CAGCCGGGCCCTCTAT-1,Layer_3,1
CAGCCTCCTGCAGAGG-1,Layer_5,5
CAGCCTCTCCTCAAGA-1,Layer_3,1
CAGCGATTCCCTTCAA-1,WM,4
CAGCTCACTGAGACAT-1,Layer_6,3
CAGCTCGACAAGTTAA-1,Layer_4,5
CAGCTCGTGCTTGTGT-1,Layer_3,1
CAGCTGGCGTAACCGT-1,WM,4
CAGCTTAGTAGGTAGC-1,Layer_5,3
CAGGAAGACTTTATAT-1,Layer_3,1
CAGGATATATCGTTGT-1,Layer_6,3
CAGGATCCGCCCGACC-1,Layer_1,2
CAGGCAGTCTTACCAG-1,Layer_4,3
CAGGCCAGTACCACCT-1,WM,4
CAGGCCGTTTGGGTGT-1,Layer_6,3
CAGGCGCACGGTGGTC-1,WM,4
CAGGCGCCATGCTAGG-1,Layer_6,3
CAGTAATCCCTCCCAG-1,Layer_3,1
CAGTACATTCTCTAAA-1,Layer_3,1
CAGTACCAGTTTACGT-1,Layer_6,4
CAGTAGCCCACGCGGT-1,Layer_3,5
CAGTAGCGAGGTAGTA-1,Layer_1,2
CAGTCGAGGATGCAAT-1,Layer_3,5
CAGTCTCTCGGCTAAT-1,Layer_1,2
CAGTCTGTATACTGGG-1,Layer_6,3
CAGTGAATAAATGACT-1,Layer_5,5
CAGTGGTTGCACATGA-1,Layer_2,2
CAGTGTCCGCAGAATG-1,Layer_3,1
CAGTGTCGGCTGGCCC-1,Layer_4,3
CAGTGTTAATCTCTCA-1,WM,4
CAGTTCAAATTGACAC-1,Layer_5,3
CAGTTCCGCGGGTCGA-1,Layer_3,3
CAGTTCGAGGACCCGA-1,Layer_6,3
CATAACGGACAGTCGT-1,Layer_4,5
CATAAGAAGCTTGGCT-1,Layer_6,3
CATAAGCTCTCCGTCT-1,Layer_5,3
CATAATGAGCGGGCGA-1,Layer_1,2
CATACAAAGCCGAACC-1,Layer_2,2
CATACCCGTACCCAGT-1,Layer_5,3
CATACGAACTAGCTGG-1,WM,4
CATACGGCGTCTGGGC-1,Layer_6,3
CATACGGGTGCATGAT-1,Layer_1,2
CATACTATGTAATTGT-1,Layer_6,3
CATACTTAGGCAATAC-1,Layer_2,1
CATACTTCTTTCTCCG-1,Layer_6,3
CATAGCCGCCCGGGAT-1,Layer_3,3
CATAGCGTTGCCCACC-1,WM,4
CATAGTACATTGAGAG-1,Layer_3,5
CATAGTAGCATAGTAG-1,Layer_3,5
CATAGTCAAATACATA-1,Layer_3,3
CATAGTCCACAAGAAC-1,Layer_6,3
CATATACTACTGATAA-1,Layer_3,1
CATATAGGTACAGTCA-1,Layer_6,3
CATATGTCAGGCTACG-1,WM,4
CATATTATTTGCCCTA-1,Layer_3,1
CATCAACACCTACTAA-1,Layer_1,2
CATCATCTACCCGGAC-1,Layer_3,5
CATCATTACCCTGAGG-1,Layer_3,3
CATCCAATATAGTTTG-1,WM,4
CATCCGCAGGCCCGAA-1,Layer_1,2
CATCCTCTCAAAGATC-1,Layer_3,3
CATCGAATGGATCTCT-1,Layer_1,2
CATCGCCCGCGGCCAA-1,Layer_3,1
CATCGGACGGGTTAAT-1,Layer_6,3
CATCTATCCCGTGTCT-1,Layer_3,1
CATCTGCAGGATCATT-1,Layer_3,3
CATCTTACACCACCTC-1,Layer_3,3
CATGAACCGACATTTG-1,Layer_2,1
CATGAACCTCTTATCA-1,Layer_2,1
CATGACTTCGCTGAAT-1,Layer_3,1
CATGAGATGCACTCTC-1,Layer_5,3
CATGATCGCTTTGAGA-1,,3
CATGATGCACAATTCT-1,Layer_5,5
CATGATGGAAGTTAGC-1,Layer_3,1
CATGCACATGAGAGGC-1,WM,4
CATGCACGTGTTACTG-1,Layer_2,1
CATGCATGGAGACCCT-1,Layer_3,1
CATGCCAACTCGCAAA-1,Layer_6,3
CATGCGACCAGTTTAA-1,Layer_3,5
CATGCGTTAGACAGAA-1,Layer_3,5
CATGCTGGCTCCAATT-1,Layer_3,1
CATGGATTGTCTTCCG-1,Layer_3,1
CATGGCAGGAAGATCG-1,Layer_3,5
CATGGGTATGCCTTAT-1,Layer_5,3
CATGGGTCGGGTGTGG-1,Layer_4,5
CATGGTAAGTAGCGTT-1,Layer_6,3
CATGGTATTAGTTTGT-1,WM,4
CATGGTCTAGATACCG-1,Layer_5,5
CATGTAAGAGACATTT-1,Layer_4,3
CATGTCTCATTTATGG-1,Layer_5,3
CATTACGTCGGCCCGT-1,Layer_5,5
CATTATAACAGGGTCC-1,Layer_1,2
CATTATCCCATTAACG-1,WM,4
CATTATGCTTGTTGTG-1,Layer_5,5
CATTCACTGACAGCTA-1,Layer_2,1
CATTCAGGTCAGTGCG-1,Layer_1,2
CATTCCCTAAGTACAA-1,Layer_1,2
CATTGCAAAGCATAAT-1,Layer_1,2
CATTGCGAAATGGGCG-1,Layer_4,3
CATTGTGTGCTAGATC-1,Layer_1,2
CATTTAGCGGACCATG-1,Layer_5,5
CATTTATCGTTCAAGA-1,Layer_3,1
CATTTCTAGCAGACTA-1,Layer_2,1
CATTTGAGTGGTACGT-1,WM,4
CCAAACAGAACCCTCG-1,Layer_4,5
CCAAAGCAGTTGGTTG-1,Layer_1,2
CCAAAGTCCCGCTAAC-1,Layer_1,2
CCAAATAACAAGATTC-1,Layer_3,1
CCAACCTTATGTAACT-1,WM,4
CCAACGATGCACTGAT-1,Layer_5,3
CCAACGCTTGCCAGGG-1,Layer_2,1
CCAAGAAAGTGGGCGA-1,WM,4
CCAAGACTTCTGCGAA-1,Layer_5,5
CCAAGCGTAACTCGTA-1,Layer_6,3
CCAAGGAACAGAGAGG-1,Layer_3,1
CCAATAGTGCCGTCGA-1,Layer_6,3
CCAATCGGTAGATCGA-1,Layer_3,5
CCAATGTCACAGCAAG-1,Layer_6,3
CCAATTACGGGTCGAG-1,Layer_3,5
CCAATTGAATGTTAAT-1,Layer_4,5
CCACAATGTACGTCTT-1,Layer_5,5
CCACACTGAGATATTA-1,Layer_6,3
CCACAGTACCCATCCT-1,Layer_4,3
CCACATACTGCACCCA-1,Layer_2,2
CCACCAACTTTACTGT-1,WM,4
CCACCCAAGGAAAGTG-1,Layer_6,3
CCACGAATTTAACCTC-1,Layer_3,1
CCACGAGAAGAGAATC-1,Layer_3,5
CCACGGAGCCATAAGA-1,WM,4
CCACGGTGCCCGGTAG-1,Layer_3,1
CCACTAAACTGAATCG-1,Layer_1,2
CCACTGGTGGCTGGTT-1,Layer_5,3
CCACTGTTTGGATTAA-1,Layer_3,1
CCAGAAAGCAACTCAT-1,WM,4
CCAGAGACAAAGCCGG-1,Layer_3,1
CCAGATAGTTGAGTGA-1,Layer_5,5
CCAGCCTGGACCAATA-1,Layer_6,3
CCAGCTACGCCTCATA-1,Layer_1,2
CCAGCTCGAACGCATT-1,Layer_6,3
CCAGCTGATGGTACTT-1,Layer_5,3
CCAGCTTCCGCCCGCA-1,Layer_3,3
CCAGGGACGTGGCCTC-1,Layer_5,5
CCAGTAGTCTGATCCA-1,Layer_4,5
CCAGTCTAGACGGCGC-1,Layer_4,5
CCAGTCTTGTCATAGA-1,Layer_6,3
CCATAAACAACCCGAC-1,Layer_3,5
CCATACCTTTACTTGT-1,Layer_3,1
CCATAGGTTGGCGTGG-1,Layer_4,5
CCATAGTCAGTAACCC-1,Layer_1,2
CCATATGGAAACTATA-1,Layer_3,1
CCATATTGGATCATGA-1,Layer_1,2
CCATCCATACCAAGTC-1,Layer_3,1
CCATCGCAGTTAAACT-1,Layer_6,3
CCATCTCACCAGTGAA-1,Layer_3,3
CCATCTTGTTCACAAT-1,Layer_1,2
CCATGCCCTAGATTTC-1,Layer_3,1
CCATGCCTGTTTAGTA-1,Layer_6,3
CCATGCTCTGCAGGAA-1,Layer_3,5
CCATGGCAAACGCTCA-1,WM,3
CCATGGCCCTTGTACC-1,Layer_4,3
CCATGTTCATCTATAT-1,WM,4
CCATTAGCGATAATCC-1,Layer_5,3
CCATTCCCTGCCCACA-1,Layer_5,3
CCATTTCTACCTATTA-1,Layer_6,3
CCCAAACATGCTGCTC-1,Layer_5,5
CCCAACATACGTCGCG-1,Layer_6,3
CCCAACCACACTAACA-1,Layer_3,1
CCCAAGAATGCACGGT-1,Layer_1,2
CCCAAGACAGAGTATG-1,Layer_1,2
CCCAATGAGATTTGCA-1,WM,4
CCCAATTTCACAACTT-1,Layer_6,3
CCCAGAGGAGGGCGTA-1,Layer_3,1
CCCAGGTCTGAAGGCT-1,Layer_3,1
CCCAGTAAACTTGGGA-1,WM,4
CCCAGTTAAGGCGCCG-1,Layer_5,5
CCCGAAGTTTCGCGAA-1,Layer_5,3
CCCGACCATAGTCCGC-1,Layer_5,5
CCCGAGTTTCTCCGTA-1,Layer_3,1
CCCGCAGCGCGAACTA-1,Layer_6,3
CCCGCAGGGCCCAAAG-1,Layer_3,5
CCCGCCATGCTCCCGT-1,Layer_3,5
CCCGCGCAATGCACCC-1,Layer_3,1
CCCGCTAGAGGGTTAA-1,Layer_1,2
CCCGCTTGCCCTCGTC-1,Layer_1,2
CCCGGGTCGTTCAGGG-1,Layer_6,3
CCCGGTGGAAGAACCT-1,Layer_3,3
CCCGGTGTATCGGAAT-1,WM,4
CCCGTAAGTCTAGGCC-1,Layer_6,3
CCCGTAGCTGGGAAGA-1,WM,4
CCCGTCAGCGTCTGAC-1,Layer_5,5
CCCGTTTCGCAGATGT-1,Layer_3,1
CCCTATGTAGAGCAGA-1,WM,4
CCCTCATTCTGGAATT-1,Layer_3,1
CCCTCCTCGCTCGTAT-1,Layer_3,1
CCCTCGATAATACACA-1,WM,4
CCCTCGGGAGCCTTGT-1,Layer_1,2
CCCTGAAATGAGTTGA-1,Layer_5,3
CCCTGACTAACAAATT-1,Layer_5,3
CCCTGATGTAACTCGT-1,Layer_1,2
CCCTGCCCAATCCGCT-1,Layer_5,3
CCCTGCGCTACGCATA-1,Layer_5,3
CCCTGGTATGGGCGGC-1,Layer_3,1
CCCTTCTCGTACGCGA-1,Layer_1,2
CCCTTTAATGGAGTTC-1,Layer_2,1
CCCTTTGACAGGTCTT-1,Layer_6,3
CCGAAAGTGGTGAGCA-1,Layer_3,1
CCGAACACTGGGCCTC-1,Layer_6,3
CCGAACCTTCCCGGCC-1,Layer_6,3
CCGAAGCATTGACCAA-1,WM,4
CCGAAGTATATTGTTC-1,Layer_3,1
CCGACAAACACATGAG-1,Layer_1,1
CCGACAAAGGGAGTGC-1,Layer_5,3
CCGACAATAGGCCGCC-1,Layer_2,1
CCGACGGGCATGAGGT-1,WM,4
CCGACGTAAACACAAC-1,Layer_3,1
CCGACTCGCATAGTCT-1,Layer_2,1
CCGAGAAGTCGCATAA-1,Layer_3,1
CCGAGCTGTGCTTGTC-1,Layer_1,2
CCGAGGGATGTTAGGC-1,Layer_2,1
CCGATCTCAACCTTAT-1,Layer_3,3
CCGATTCGAGGGACCC-1,Layer_5,3
CCGATTGGTCAATGAA-1,Layer_1,2
CCGCACAAAGACCAAC-1,Layer_6,3
CCGCACGTGACCTCGG-1,Layer_4,3
CCGCACTTGCAATGAC-1,,3
CCGCATGTGGTACGAT-1,Layer_6,3
CCGCCACCACAATCCA-1,Layer_1,2
CCGCCGGAACTTCTCG-1,WM,4
CCGCCGGTCAACACAC-1,Layer_3,1
CCGCCTGCGAATTGGT-1,Layer_3,1
CCGCGGAATGCGTCAC-1,WM,4
CCGCGGGTACGAAGAA-1,Layer_5,3
CCGCGTAGGTAAGGGC-1,Layer_4,3
CCGCTATCAGCACCAG-1,Layer_6,3
CCGCTCCAGGGCGATC-1,Layer_5,3
CCGCTCTTCCGAACTA-1,Layer_3,1
CCGCTGGTGCCATTCA-1,Layer_3,1
CCGCTTACCTCACTCT-1,WM,4
CCGCTTCGCGGTTAAC-1,Layer_1,2
CCGCTTGCTGACATGG-1,Layer_2,1
CCGGAAGTGCAATATG-1,,3
CCGGAATGGTTTCAGT-1,Layer_3,3
CCGGAGCGTACTTTCT-1,Layer_6,3
CCGGCACGACCGTTTC-1,Layer_3,1
CCGGCGCATATTGGAT-1,Layer_3,1
CCGGCGTGAGACTCTG-1,Layer_6,3
CCGGGACCCGCAGAGA-1,Layer_3,1
CCGGGCGGTCTCGTCA-1,Layer_5,5
CCGGGCTAAGAATTTC-1,WM,4
CCGGGCTGCTCCATAC-1,Layer_5,5
CCGGGTTCGAGGTTAC-1,Layer_6,3
CCGGTAATGGCTAGTC-1,Layer_2,1
CCGGTTTGTAATTGTG-1,WM,4
CCGTAAGTTGGTCCCA-1,Layer_5,5
CCGTACCCAAGCGCCA-1,Layer_1,2
CCGTAGGAAATCCCTG-1,Layer_3,3
CCGTAGGGTTGTTTAC-1,Layer_3,1
CCGTATCTCGTCGTAG-1,WM,4
CCGTATTAGCGCAGTT-1,Layer_1,2
CCGTCAACCTCTGGCG-1,WM,4
CCGTGCCCATGACGGC-1,Layer_3,1
CCGTGGAACGATCCAA-1,Layer_3,1
CCGTGTTAAATTCCAT-1,WM,4
CCGTTACGTTAGAACA-1,Layer_3,5
CCGTTCCGAATCTCGG-1,Layer_5,3
CCTAAACAGGGTCCGT-1,Layer_1,2
CCTAAAGGCTGACGCT-1,Layer_3,5
CCTAAATTAACGGTTC-1,Layer_6,3
CCTAAATTGTATCCTA-1,Layer_2,1
CCTAACCCAAACAAGT-1,Layer_4,3
CCTAACTAAGGCTCTA-1,Layer_3,5
CCTACAAGTCCGGAAT-1,Layer_1,2
CCTACATTCACAGACG-1,WM,4
CCTACGCGACCTTACA-1,Layer_1,1
CCTACGGCTCAGTCGA-1,Layer_3,1
CCTACTGCTTACACTT-1,Layer_5,5
CCTAGGCGTAGCGATC-1,Layer_5,5
CCTAGGTAAAGGTAGC-1,WM,4
CCTAGTTAGTCGCATG-1,Layer_3,5
CCTATAATGAGTGCCC-1,Layer_5,3
CCTATACCGTCCTGTC-1,WM,4
CCTATATCGTGTCACG-1,WM,4
CCTATATTTGTCCTGG-1,WM,4
CCTATCTATATCGGAA-1,Layer_4,5
CCTATGAAGTGGTGCC-1,Layer_3,1
CCTATGGCTCCTAGTG-1,WM,4
CCTATGGGTTACCGTC-1,Layer_6,5
CCTATGGTCAAAGCTG-1,Layer_5,3
CCTATGTCCACTCCAC-1,Layer_3,3
CCTCACCAATCTTGAC-1,Layer_3,1
CCTCACCTGAGGGAGC-1,Layer_3,5
CCTCACCTTAGCATCG-1,Layer_3,5
CCTCATGCAGCTACGA-1,Layer_1,2
CCTCCCGACAATCCCT-1,Layer_3,1
CCTCCGACAATTCAAG-1,Layer_5,3
CCTCCTAGCTAGAGTC-1,WM,4
CCTCCTGTTGTGTCGT-1,Layer_3,3
CCTCGAAGTGGACGGG-1,Layer_3,5
CCTCGACCCACTGCCT-1,Layer_2,2
CCTCGCCAGCAAATTA-1,Layer_4,5
CCTCGCGCGATATAGG-1,Layer_3,5
CCTCGCGCTGTGCGAT-1,Layer_6,3
CCTCGGACCGGGATAG-1,Layer_5,5
CCTCGGATGCTACCTG-1,Layer_3,3
CCTCGGTTTCCTTGCC-1,WM,4
CCTCTAATCTGCCAAG-1,Layer_5,5
CCTCTACAAGGATTGG-1,WM,4
CCTCTATCGATTAGCA-1,WM,4
CCTCTCTCCCATCTAG-1,Layer_5,3
CCTCTGGCCTAGACGG-1,Layer_3,5
CCTCTGTACTATTCTA-1,Layer_6,3
CCTGAACGATATATTC-1,Layer_5,5
CCTGAATATTTACATA-1,Layer_5,5
CCTGACCACCGATGGT-1,Layer_6,3
CCTGACGCAACCTTTA-1,Layer_2,1
CCTGCGATAGAACTGT-1,Layer_1,2
CCTGCGTTCTACGCTT-1,Layer_3,3
CCTGCTATTTGAGAAG-1,Layer_5,5
CCTGGAAACGTTCTGC-1,Layer_2,1
CCTGGCTAGACCCGCC-1,Layer_5,3
CCTGGTCGAATGTGGG-1,Layer_6,3
CCTGTAAGACATGATA-1,Layer_6,3
CCTGTACTCACGCCCA-1,Layer_6,3
CCTGTCACCCGGGCTC-1,Layer_6,3
CCTGTCGCCCGTAAAT-1,Layer_6,3
CCTGTCGTGTATGAAG-1,WM,4
CCTGTGCGGATTGTAA-1,Layer_1,2
CCTGTTTGAAGACACG-1,Layer_3,3
CCTTCAGTTAAAGTGA-1,WM,4
CCTTCCGCAACGCTGC-1,WM,4
CCTTCGTATAGAATCC-1,Layer_6,3
CCTTCTCAGCGTTCCT-1,Layer_5,3
CCTTCTTGATCCAGTG-1,Layer_4,5
CCTTGACCACTTTATT-1,Layer_3,1
CCTTTAAGGGAGCACT-1,WM,4
CCTTTCAATGAAGAAA-1,Layer_3,5
CCTTTGAATTATGGCT-1,WM,4
CGAAACATAGATGGCA-1,Layer_3,5
CGAAACGCAATTCATG-1,Layer_6,3
CGAACAGTATGGGCGT-1,Layer_3,3
CGAACCCGCATGCGTC-1,WM,4
CGAACGCCCAGTGCCG-1,Layer_3,5
CGAACGGCCGGACAAC-1,Layer_6,3
CGAAGACTGCCCGGGA-1,Layer_1,2
CGAAGCCACAGCATGG-1,WM,4
CGAAGCTATAAATTCA-1,Layer_3,1
CGAAGGGTTTCAGATT-1,WM,4
CGAAGTTGCTCTGTGT-1,Layer_5,3
CGAATCTGCTCGACGC-1,WM,4
CGAATGAAGTCATTGC-1,WM,4
CGAATGACGCATAATG-1,Layer_6,3
CGAATTACATGGTGTT-1,Layer_1,2
CGACAATTTGATCTAA-1,Layer_4,5
CGACACGCTCCGACAG-1,Layer_4,3
CGACAGTTCGCGTTAT-1,Layer_6,3
CGACATGCGATCTTCT-1,Layer_3,1
CGACCCTTAACGCCGG-1,Layer_6,3
CGACGCATCCGTACCT-1,Layer_6,3
CGACTCAGGATGTTAT-1,Layer_3,5
CGACTTTGTATAGCCT-1,Layer_3,1
CGAGACCCTAGAGTGT-1,Layer_6,3
CGAGAGATGTGAACCT-1,Layer_5,5
CGAGAGCTTTCACTAC-1,Layer_3,3
CGAGAGGGTAGCCGCG-1,Layer_3,1
CGAGATGTTGCCTATA-1,Layer_1,2
CGAGATTTCGCTCGGG-1,Layer_2,1
CGAGCACTTCAAGTTT-1,Layer_3,1
CGAGCGTTGATCAGCC-1,Layer_3,1
CGAGCTGGGCTTTAGG-1,Layer_4,5
CGAGGCCAGGCATTGG-1,Layer_1,2
CGAGGCTAAATATGGC-1,Layer_6,5
CGAGGGACTGCGGTCG-1,Layer_5,5
CGAGGGTATCCAGGTG-1,Layer_6,3
CGAGTACTAAAGAGGA-1,WM,3
CGAGTGAAGGTACCAG-1,WM,4
CGAGTGCTATAGTTCG-1,Layer_1,2
CGAGTTCTGTCCCACC-1,Layer_5,5
CGAGTTTATCGGACTG-1,Layer_4,5
CGATAATACTCAGGTT-1,Layer_2,1
CGATACCTCGCGGACA-1,Layer_6,3
CGATAGCGATACAGTG-1,WM,4
CGATAGTCGTACTGCA-1,Layer_3,3
CGATCCGACCCAGTGC-1,Layer_6,3
CGATCCTCGCAACATA-1,WM,4
CGATCTGTTGGAGGAC-1,Layer_6,3
CGATGGACCCTACGCC-1,Layer_3,5
CGATGTTGTTATCTAC-1,WM,4
CGATTAAATATCTCCT-1,Layer_6,3
CGATTCGCCTGGCTGC-1,Layer_6,3
CGCAAACACGAGTTAC-1,Layer_5,3
CGCAATTACTTTCGGT-1,Layer_3,1
CGCAATTAGGGTAATA-1,Layer_5,3
CGCAATTCTACAATAA-1,Layer_3,3
CGCACATGTCCACTAC-1,Layer_5,5
CGCACGTCTGTTTATG-1,WM,4
CGCACGTGCGCTATCA-1,Layer_3,3
CGCAGAAACATTTGCG-1,Layer_2,1
CGCAGATCTTCACCCG-1,Layer_2,1
CGCAGGCGATCCAAAC-1,Layer_3,1
CGCATCATGGCTTCAG-1,Layer_3,1
CGCATGCCGAATGCGT-1,Layer_3,3
CGCATGGTGCGATGCT-1,Layer_6,3
CGCATTAGCTAATAGG-1,Layer_5,5
CGCCAAGAAGCCGAGT-1,Layer_5,3
CGCCACAGGTCGCGAT-1,Layer_6,3
CGCCACCCGCATTAAC-1,Layer_1,2
CGCCATCCGATTATGA-1,Layer_5,5
CGCCCAGCACGCCTAG-1,WM,4
CGCCCAGCGTTTCACG-1,Layer_3,3
CGCCCGCTTCCGTACA-1,Layer_3,5
CGCCCTAATTGTTCAA-1,WM,4
CGCCCTTGAAGGCTGA-1,Layer_3,1
CGCCGCCCATGCCTGT-1,Layer_5,5
CGCCGTTCAGCATAGT-1,Layer_3,1
CGCCTCCCTCCTCTAT-1,Layer_6,3
CGCCTGGCCTACGTAA-1,Layer_6,3
CGCCTTTAGCATGCTC-1,Layer_2,1
CGCGAAGTGGCATACT-1,Layer_3,3
CGCGACCGCGACAGAT-1,Layer_5,3
CGCGAGAGGGACTTGT-1,Layer_2,1
CGCGAGTCTGCCGGGT-1,WM,4
CGCGCAAATGTCCAGA-1,WM,4
CGCGCAAGGAACTACA-1,Layer_1,2
CGCGCATGTTTGATTG-1,WM,4
CGCGCCCGACTTAATA-1,Layer_5,5
CGCGGCAGTATTACGG-1,Layer_1,2
CGCGGCTCAACTTGAA-1,Layer_3,3
CGCGGGAATTAGGCAG-1,Layer_5,5
CGCGGTCACAAACCAA-1,Layer_2,1
CGCGTCATATTAAACC-1,Layer_1,2
CGCGTGCTATCAACGA-1,Layer_1,2
CGCGTTCATGAAATAC-1,Layer_5,5
CGCTACCGCCCTATGA-1,Layer_1,2
CGCTACGGGACATTTA-1,Layer_6,3
CGCTAGAGACCGCTGC-1,Layer_3,3
CGCTATACCGCCCACT-1,Layer_3,1
CGCTATTCAATGTATG-1,Layer_3,1
CGCTATTCTTAGGCTC-1,Layer_6,3
CGCTCGACATAATGAT-1,Layer_4,5
CGCTCTCCGTAGATTA-1,Layer_5,3
CGCTGAGGACGTCCAA-1,Layer_1,2
CGCTGGTGACTACCCT-1,Layer_3,1
CGCTGTGACGCCGCAC-1,Layer_5,5
CGCTGTGTGGATGTTG-1,WM,4
CGCTTAGTATTGATAC-1,Layer_6,3
CGCTTATTCCCGGTCG-1,Layer_6,3
CGCTTCCACTGAAATC-1,Layer_3,1
CGCTTTCATACCGGTG-1,Layer_3,1
CGCTTTCTTGCATTCG-1,Layer_5,5
CGGAAAGAATCAAACG-1,WM,4
CGGAAATTTCACATCC-1,Layer_2,1
CGGAACGTAAACATAG-1,WM,4
CGGAGCAATTTAATCG-1,Layer_6,3
CGGAGCATGGCGATCC-1,Layer_6,3
CGGAGCTTATAACACC-1,Layer_3,1
CGGAGTTTGAGAGACA-1,Layer_5,3
CGGATAAGCGGACATG-1,Layer_3,1
CGGATCCTCAAGGACT-1,Layer_5,3
CGGATGAATGCTGTGA-1,WM,4
CGGCAAACATCGTGCG-1,Layer_6,3
CGGCAATAAGATCGCC-1,Layer_3,1
CGGCACCGTTAGCGCC-1,Layer_3,1
CGGCACTCAAGAAAGT-1,Layer_1,2
CGGCAGGGTCGGGTTG-1,Layer_4,5
CGGCCACGCACAAAGT-1,Layer_6,3
CGGCCAGAGCGACCAT-1,WM,3
CGGCCCAACCTGTAGT-1,Layer_2,1
CGGCCCAGGTATATCC-1,Layer_3,1
CGGCGCCATCAATCCC-1,Layer_3,3
CGGCTCTAAAGCTGCA-1,Layer_3,1
CGGCTCTTCGTCGAAC-1,Layer_3,1
CGGCTGCAAGATTAAG-1,Layer_2,1
CGGCTTTGTATGATAA-1,Layer_2,1
CGGGAACGCCCTGCAT-1,WM,4
CGGGAAGTACCGTGGC-1,WM,4
CGGGAATATAGTATAC-1,Layer_3,1
CGGGAATTTATGTAAA-1,Layer_6,3
CGGGAGCTTCAGTGTA-1,Layer_4,3
CGGGAGTATACCGCCG-1,Layer_2,1
CGGGATCAATGTAAGA-1,Layer_5,5
CGGGCAGCTAAACCGC-1,Layer_6,3
CGGGCCATAGCCGCAC-1,Layer_1,2
CGGGCCTTCTTTGTAA-1,Layer_6,3
CGGGCGATGGATCACG-1,Layer_5,3
CGGGTGTACCCATTTA-1,Layer_5,5
CGGGTTTGTTAGGGCT-1,Layer_2,1
CGGTACTAGAATCAAA-1,Layer_5,5
CGGTAGAGGTGCAGGT-1,Layer_3,5
CGGTATAGGTATTAGC-1,Layer_2,1
CGGTCAAGTGGGAACC-1,Layer_5,5
CGGTCCGTCGCAAGCC-1,WM,4
CGGTCTATCAACCCGT-1,Layer_3,5
CGGTGAAGACTAAAGT-1,Layer_5,3
CGGTGCAGATAGAACG-1,Layer_6,3
CGGTGCGCGTTGGTCC-1,WM,4
CGGTGGGCTCCAGCCT-1,Layer_3,1
CGGTGTACTTGATCCC-1,Layer_3,1
CGGTTATCCAACAGTG-1,Layer_3,5
CGGTTCAAGTAGGTGT-1,Layer_3,5
CGGTTCCGGCTTCTTG-1,Layer_1,2
CGGTTGACCTGGCATA-1,Layer_5,3
CGGTTGAGTATCCTTC-1,WM,4
CGGTTGGGTTCAAGTT-1,Layer_1,1
CGGTTTATGAAGGAAC-1,Layer_1,2
CGTAAACGCTTGAGTG-1,Layer_1,2
CGTAAAGCAAGAAATC-1,WM,4
CGTAACTTCGACACTT-1,Layer_6,3
CGTAATAATTACGAGT-1,Layer_1,2
CGTACCGAAAGTCTAG-1,Layer_1,2
CGTACCTGATAGGCCT-1,Layer_5,5
CGTAGAGAGTAATTAT-1,Layer_3,3
CGTAGCGAATTGTCAG-1,Layer_3,5
CGTAGCGCCGACGTTG-1,Layer_1,2
CGTATTAAGAGATCTA-1,Layer_6,3
CGTCAAGGCTATAAAT-1,Layer_3,3
CGTCACGTCCATTGGT-1,WM,4
CGTCAGCTATTTACTC-1,Layer_1,2
CGTCAGTGCGCACAAG-1,Layer_3,1
CGTCAGTTTATCGTCT-1,Layer_1,2
CGTCATACCATATCCA-1,Layer_3,1
CGTCGCATGTGAGCCA-1,Layer_5,3
CGTCGCTTGGTTATAC-1,WM,4
CGTCGGATAGTGTTGA-1,Layer_4,5
CGTCGGGTCTAAGCGC-1,WM,4
CGTCGTCCTTCGCGAA-1,Layer_5,3
CGTCTGGAAGGGCCCG-1,Layer_3,5
CGTGAAGTTAATTCAC-1,Layer_6,3
CGTGACATTGGGTCGT-1,Layer_3,5
CGTGACCAGTCCTCTG-1,Layer_6,3
CGTGCAGACTGGGACA-1,Layer_6,3
CGTGCATTGTCGACGC-1,Layer_6,3
CGTGCCCGACATTTGT-1,Layer_1,2
CGTGCCCTCCCGAAGA-1,Layer_5,5
CGTGCTGGCCTAGTCG-1,Layer_1,2
CGTGCTTCTACCTAAA-1,WM,4
CGTGGCCGAATATCTA-1,Layer_3,1
CGTGGTACCCAAAGGC-1,WM,4
CGTGTCCCATTCGCGA-1,Layer_5,3
CGTGTCTCGTTACGAC-1,WM,4
CGTTAAACTAGTTAGG-1,Layer_3,1
CGTTAATGTCCCGACG-1,Layer_4,3
CGTTAGCTCACAACTG-1,Layer_3,1
CGTTCAAGGAAACGGA-1,WM,4
CGTTCAGACCCGCGAA-1,Layer_6,3
CGTTCATGGTGCGCGT-1,WM,3
CGTTCTTCGCACACCT-1,Layer_2,1
CGTTGAATACCGCGCT-1,Layer_5,3
CGTTGAGCGACCGTCG-1,Layer_6,3
CGTTGAGTAATTGCGT-1,Layer_2,1
CGTTGCCCGCGTGGGA-1,WM,4
CGTTGTAAGATTGATT-1,Layer_3,1
CGTTGTCGGCAATTGA-1,Layer_6,3
CGTTGTTTCAATTCCC-1,Layer_5,3
CGTTTAAGCGGAGCAC-1,Layer_3,1
CGTTTCACTTCGGGCG-1,Layer_3,5
CGTTTCGCTCATTACA-1,Layer_6,3
CGTTTGTGTAGAGGGT-1,WM,4
CTAAACGGGTGTAATC-1,Layer_1,2
CTAAAGAATGCCTACT-1,Layer_6,3
CTAAAGGGAAATAGGA-1,Layer_6,3
CTAAATCCGGTGTACA-1,WM,4
CTAAATCCTATTCCGG-1,Layer_5,5
CTAACCGCGCGCCCGT-1,Layer_6,3
CTAACGAAACTTGCTG-1,Layer_4,5
CTAACTGATAATCGCC-1,Layer_3,1
CTAACTGGTCCGGTTC-1,WM,4
CTAAGGGAATGATTGG-1,Layer_6,3
CTAAGTACAGGGCTAC-1,Layer_1,2
CTAATTCGCACGCGCT-1,Layer_4,3
CTAATTCTCAGATATT-1,Layer_3,1
CTAATTTCAACAACAC-1,Layer_3,1
CTACAAGAAATAACCC-1,WM,4
CTACACTAGCTTGTTC-1,Layer_1,2
CTACACTCGCAGATGG-1,Layer_3,1
CTACATATCGCGGGAC-1,WM,4
CTACCCTAAGGTCATA-1,Layer_5,5
CTACGAACTAGGTCGA-1,Layer_2,1
CTACGACTAGCTATAA-1,Layer_5,3
CTACGATCCTATCCTA-1,WM,4
CTACGCACGGAGTACC-1,Layer_6,3
CTACGCCATTTCCGAT-1,Layer_3,5
CTACGTGTTGCCACCA-1,Layer_1,2
CTACTATCATAGGTTT-1,WM,4
CTACTATCTTTCAGAG-1,Layer_4,5
CTACTCAAGGTATAGT-1,WM,4
CTACTCTAGGCCCGGC-1,Layer_4,3
CTACTGCCACCTGACC-1,Layer_5,5
CTAGACTGCATTTCGT-1,Layer_3,1
CTAGATAAACTCCTCG-1,Layer_1,2
CTAGATGTGAGTGTAA-1,Layer_3,3
CTAGATTTACGACGGC-1,Layer_6,3
CTAGCAACTAATTTAC-1,Layer_1,2
CTAGCATAGTATAATG-1,Layer_6,3
CTAGCCGATGTTATGA-1,Layer_3,1
CTAGGCGCCCTATCAG-1,Layer_4,3
CTAGGCGGCAGAGAAT-1,Layer_1,2
CTAGGGATAGGGACAA-1,WM,4
CTAGGTCTGAAGGAAT-1,Layer_3,3
CTAGGTTCGGACGTGA-1,Layer_6,3
CTAGTAGAAAGGGATT-1,Layer_5,3
CTAGTATTCGGAATTA-1,Layer_3,5
CTAGTCACGTCTTAAG-1,Layer_6,3
CTAGTGAAGGACAGGA-1,Layer_5,3
CTAGTTACAACCCGGT-1,Layer_6,3
CTAGTTGGGCCCGGTA-1,Layer_5,5
CTATAAGAGCCAATCG-1,Layer_3,5
CTATAGGCGTTGATGT-1,WM,4
CTATATCCAGCCTGGC-1,WM,4
CTATCGACGAAATACA-1,Layer_3,3
CTATCGGGTCTCAACA-1,Layer_6,3
CTATGCCCGAATGCAA-1,Layer_6,3
CTATGGGAAGCGGAAT-1,Layer_3,1
CTATGTCACTAGCCCA-1,Layer_6,3
CTATGTCTATTGAAAC-1,Layer_3,1
CTATGTGAGTCACGGC-1,Layer_6,3
CTATTCATGTGTCCCA-1,Layer_6,3
CTATTGTGTTTGGTCA-1,Layer_2,1
CTATTTGCTTGGAGGA-1,Layer_6,3
CTATTTGGTTACGGAT-1,Layer_5,5
CTCAAACCACTGCCCG-1,WM,4
CTCAACTAACCCGGAT-1,Layer_4,3
CTCAAGACATTAGCGC-1,Layer_3,1
CTCACATTTACTAAAT-1,Layer_6,3
CTCACTGTGATACTTA-1,Layer_5,3
CTCACTTGGCTGGTAA-1,Layer_6,3
CTCAGGACTCACCTGT-1,Layer_3,1
CTCAGTCACGACAAAT-1,Layer_3,5
CTCATAAATGTGTATA-1,,3
CTCATGGCTCACAATC-1,Layer_3,5
CTCATGGTAATTTGCG-1,WM,4
CTCATTGCTCTAACAA-1,Layer_5,3
CTCATTTGATGGGCGG-1,Layer_5,5
CTCCCAATGAGTCGCG-1,Layer_2,1
CTCCCTCCTTTCGATC-1,WM,4
CTCCGCCCACATGAGG-1,Layer_6,3
CTCCGGCCTAATATGC-1,Layer_4,5
CTCCGGCTTGTAGACA-1,Layer_1,2
CTCCTAAGTTATGTCT-1,Layer_1,2
CTCCTCCAGCTCACAC-1,WM,4
CTCCTGTTCAAGGCAG-1,Layer_2,2
CTCCTTTACGCAAGTC-1,Layer_2,1
CTCGAATGGAACGTAT-1,Layer_1,2
CTCGAGACATACGATA-1,WM,4
CTCGAGATCCAAAGCA-1,Layer_1,2
CTCGAGGTCGAACAGT-1,Layer_6,3
CTCGATATTTGCGAGC-1,Layer_3,1
CTCGCACCTATATAGT-1,Layer_5,5
CTCGCATTGCATAGCC-1,WM,4
CTCGCCGAATGTAGGG-1,Layer_6,3
CTCGGGCATCGTCGGG-1,Layer_1,2
CTCGGGTTCTCTGGCC-1,WM,4
CTCGGTACCACTGCTC-1,Layer_5,5
CTCGGTCCGTAGCCTG-1,Layer_3,5
CTCGGTTGTCGGCCCT-1,WM,4
CTCGTCGAGGGCTCAT-1,WM,4
CTCGTTACGGCTACCA-1,WM,4
CTCGTTTCTAATGTTT-1,Layer_3,1
CTCTAATGCATTGATC-1,Layer_2,1
CTCTACACTGGCGATT-1,Layer_6,3
CTCTACATCCTGCGTG-1,Layer_6,3
CTCTAGCCCTCGGAAA-1,Layer_3,3
CTCTATTTGGCTGCAG-1,Layer_6,3
CTCTCACAATCGATGA-1,Layer_6,3
CTCTCGATGTGCGCCT-1,Layer_1,2
CTCTCTAACTGCCTAG-1,WM,4
CTCTGCGAAGCAAGCA-1,Layer_3,1
CTCTGGACGCCTGGTG-1,Layer_6,3
CTCTGTGCCTGCTATG-1,Layer_1,2
CTCTGTTTGAGGATTC-1,Layer_3,5
CTCTTCTATTGACTGG-1,Layer_3,1
CTCTTCTGGAAGTTAG-1,WM,4
CTCTTGTCCCGCTTGG-1,Layer_6,3
CTGAAAGAGATCCGAC-1,Layer_5,5
CTGAATCCGAGACCTC-1,WM,4
CTGAATTTATTGCCAG-1,Layer_3,1
CTGACTGCGCAGCTCG-1,Layer_3,1
CTGAGAAAGTTCGGCG-1,Layer_2,2
CTGAGCAAGTAACAAG-1,Layer_2,1
CTGATAGTGTATCTCA-1,Layer_4,3
CTGCAAATGGGCTCCA-1,Layer_1,2
CTGCAAGCACGTTCCG-1,Layer_2,1
CTGCACAACTACATAT-1,Layer_5,3
CTGCACCTGGAACCGC-1,Layer_3,1
CTGCACTCCAGTACAG-1,Layer_6,3
CTGCAGAGAATCAGAG-1,Layer_3,1
CTGCCAAGGTTGGAAG-1,Layer_5,5
CTGCCATGCATCACAT-1,Layer_6,3
CTGCCTAGCCACCAAG-1,Layer_3,1
CTGCCTTTAATACCTT-1,WM,4
CTGCCTTTCTAGTAAA-1,Layer_3,3
CTGCGATTTCGAGATT-1,Layer_6,3
CTGCGGGTGAAATGTT-1,Layer_4,3
CTGCGGTAGTCACGTG-1,Layer_3,1
CTGCGTTACGATATAA-1,Layer_3,1
CTGCTGAGGCCACGAA-1,WM,4
CTGCTTGGCGATAGCT-1,Layer_5,3
CTGGAAATGGATGCTT-1,Layer_5,3
CTGGAAGACACGGTGG-1,Layer_5,3
CTGGACGCAGTCCGGC-1,WM,4
CTGGATTTACACTTGA-1,WM,4
CTGGCATCCGAATGAG-1,WM,4
CTGGCGACATAAGTCC-1,Layer_3,5
CTGGCGATTTACATGT-1,,3
CTGGCGCACAGGTCTG-1,Layer_5,5
CTGGCGGGAATAAGTA-1,Layer_3,1
CTGGCTCCTGCGGGAT-1,Layer_1,2
CTGGCTGATTCATCCT-1,Layer_4,5
CTGGCTGCTAACGTAA-1,Layer_1,2
CTGGCTGGTTGTCAGT-1,Layer_6,3
CTGGGATAAATAATGG-1,Layer_5,5
CTGGGATCGCCCAGAT-1,Layer_1,2
CTGGGCCTGCTATATC-1,Layer_6,3
CTGGGCGGCCAAATGT-1,Layer_1,2
CTGGGTAGGCAGTTAA-1,Layer_5,5
CTGGGTTGAGTTAAAG-1,WM,4
CTGGTAACACATAGAA-1,Layer_5,5
CTGGTAACGAGCTCTT-1,Layer_3,5
CTGGTCATTCCAATCC-1,Layer_3,1
CTGGTCCTAACTTGGC-1,Layer_2,1
CTGGTGAATGGGCCTA-1,WM,4
CTGGTTCAACGCATCA-1,Layer_1,2
CTGGTTTCGAGCAAGA-1,Layer_5,3
CTGTACTTCTTAGCAT-1,Layer_6,3
CTGTAGCCATCTCACT-1,WM,4
CTGTAGTGAGGATCGA-1,WM,4
CTGTATGGTGTAGAAA-1,Layer_3,1
CTGTCAAATGGCTCGG-1,Layer_4,5
CTGTCACGCCAGGCGC-1,Layer_2,1
CTGTGCAGGGTAGGTC-1,Layer_6,3
CTGTGGTCGGGAGATA-1,Layer_4,3
CTGTTACCCAATCTAG-1,Layer_6,3
CTGTTCACTGCCTGTG-1,Layer_5,5
CTGTTCATCTCACGGG-1,Layer_3,1
CTGTTGTTCAGTCGTA-1,WM,4
CTTAACTTACAGTATA-1,,3
CTTAACTTCGAAGTAC-1,Layer_3,1
CTTACACGGTATTCCA-1,Layer_5,3
CTTACACTGGGAAATA-1,Layer_3,1
CTTAGCCTTCCACATG-1,Layer_5,5
CTTAGGTATAGACCAG-1,WM,4
CTTAGTAGGCCTACAG-1,Layer_3,5
CTTAGTGTAGTAGCAT-1,Layer_4,3
CTTAGTTGAGGAATCG-1,WM,4
CTTATGCGCTCAGGGC-1,Layer_5,3
CTTATGTTGACTACCA-1,Layer_1,2
CTTCAACTCCACTTGG-1,Layer_5,3
CTTCAGTGGTCGCCTA-1,WM,4
CTTCATAGCTCAAGAA-1,Layer_3,1
CTTCATTGTCAGTGGA-1,Layer_6,3
CTTCCGCTCCGTGAAG-1,WM,4
CTTCGATTGCGCAAGC-1,Layer_3,3
CTTCGGCCAATTGTTT-1,Layer_3,1
CTTCGTAGATAGGTGA-1,Layer_6,3
CTTCTATGTTGAAGTA-1,WM,3
CTTCTATTAATGCTAG-1,WM,4
CTTCTGGGCGTACCTA-1,WM,4
CTTCTTACGTCGTATA-1,Layer_3,5
CTTGACCCGAAAGATA-1,Layer_3,1
CTTGAGGTTATCCCGA-1,Layer_1,2
CTTGAGTTAGGGTAAT-1,Layer_4,5
CTTGCAACCGCCTCCT-1,Layer_6,3
CTTGCCCAGGCTCTAC-1,Layer_6,3
CTTGGCCAAGCTGGGA-1,Layer_6,3
CTTGTACTTGTTGACT-1,Layer_4,5
CTTGTCAACATTCGAG-1,Layer_6,3
CTTGTCGTACGTGTCA-1,Layer_1,2
CTTGTGAGTCTTTGAC-1,Layer_1,2
CTTGTGCTCACCGATT-1,Layer_3,5
CTTGTTGCTGAGTCAA-1,Layer_5,5
CTTGTTTATGTAGCCA-1,Layer_3,1
CTTTAACTTTCAAAGG-1,Layer_5,5
CTTTAATATTGGTCGA-1,Layer_6,3
CTTTACCGAATAGTAG-1,Layer_5,3
CTTTAGGAACACTGTT-1,Layer_5,5
CTTTAGTGCTATTATT-1,Layer_6,3
CTTTCTGTGCGGGCTT-1,Layer_6,3
CTTTGAAACATATTCC-1,Layer_1,2
CTTTGCATCGCTCTTG-1,Layer_3,3
CTTTGGCGCTTTATAC-1,Layer_4,3
CTTTGGCTTTAGTAAA-1,Layer_5,3
CTTTGGGATTGTTGCA-1,WM,4
CTTTGTCGAATGCTCC-1,WM,4
GAAACAGATGACCACC-1,Layer_5,5
GAAACAGCCATGCAGT-1,Layer_3,5
GAAACATAGGAAACAG-1,WM,4
GAAACCATGGTGCGCT-1,Layer_3,1
GAAACCGAATTACCTT-1,WM,4
GAAACCTATACAAATG-1,WM,4
GAAACTCGTGCGATGC-1,Layer_3,3
GAAACTCTAATGAAGG-1,Layer_3,5
GAAAGAACAGCGTTAT-1,Layer_3,3
GAAAGCAGTGCACTTT-1,WM,3
GAAAGCCCTTTGGACC-1,Layer_5,3
GAAAGTGACTAACTGC-1,Layer_3,3
GAAATACCTGCTGGCT-1,Layer_3,1
GAAATACTAAACGTTT-1,Layer_3,1
GAAATATCACCATCAG-1,Layer_5,3
GAAATATGCTTGAATG-1,Layer_1,2
GAAATCGCGCGCAACT-1,Layer_4,5
GAAATGGCGGTGTTAG-1,Layer_5,3
GAAATGGGATGTAAAC-1,Layer_1,2
GAAATTAGCACGGATA-1,Layer_3,5
GAAATTCACATCGCTG-1,Layer_3,1
GAAATTGTCTCTATAA-1,Layer_6,3
GAACAACTGGGATGAA-1,Layer_4,3
GAACACACATCAACCA-1,Layer_5,5
GAACAGATTACTAAAT-1,Layer_6,3
GAACCATCTGGGAGAC-1,Layer_1,2
GAACCCTCTGTGTTCT-1,Layer_6,3
GAACCTCGACCTACAC-1,Layer_5,3
GAACCTTTAACGATCC-1,Layer_5,3
GAACGACCGAATGATA-1,Layer_5,5
GAACGCGGGTCACACG-1,Layer_2,1
GAACGTCTCATGGTCG-1,Layer_5,5
GAACGTTAGGAAGACG-1,Layer_4,3
GAACTGTGGAGAGACA-1,Layer_6,3
GAACTTAGCGCCCGGT-1,Layer_1,2
GAAGAAACGATATTGT-1,WM,4
GAAGAACGGTGCAGGT-1,Layer_3,1
GAAGACTTCAATGCCG-1,Layer_1,2
GAAGCAAGGCAATGTT-1,Layer_1,2
GAAGCCACTGATTATG-1,Layer_5,3
GAAGCCTGCACATTCC-1,Layer_6,3
GAAGCGTGAGGAATTT-1,Layer_6,3
GAAGCTCGGACCCGTC-1,WM,4
GAAGCTTGCTGACCGC-1,Layer_5,3
GAAGGAGTCGAGTGCG-1,Layer_6,3
GAAGGGCATAACCATG-1,Layer_1,2
GAAGTCAGTTGCACTA-1,Layer_6,3
GAAGTCTCCCTAGCGA-1,Layer_5,5
GAAGTGATTTATCGTG-1,Layer_6,3
GAAGTGCTGGATAGCT-1,Layer_3,5
GAAGTTTCCACTCAAT-1,Layer_6,3
GAATAGACGCGACCCA-1,Layer_4,5
GAATAGCCCTGCGGTC-1,Layer_2,1
GAATAGTGCTCGATTA-1,WM,4
GAATATTCGGAGTCCC-1,Layer_3,5
GAATCGACATGGTCAC-1,Layer_5,5
GAATCGCCGGACACGG-1,Layer_2,2
GAATCTATACTCGGAC-1,Layer_1,2
GAATCTGAACATTCTC-1,Layer_6,3
GAATGCCGAAATGACC-1,Layer_3,1
GAATGCGAATCGGTTC-1,Layer_5,3
GAATGTATGGCAGGTC-1,Layer_3,1
GAATGTGGTCCGGATT-1,Layer_5,5
GAATGTTGGGTAATCT-1,Layer_5,5
GAATTATAGTGAAAGG-1,Layer_6,3
GAATTCACCCGGGTGT-1,WM,3
GAATTTCTCGCTGCAG-1,Layer_4,3
GACAAACATATGCAGG-1,Layer_3,1
GACAACGACCATTGAA-1,Layer_5,5
GACAACGCAGCTTACG-1,Layer_5,5
GACAAGAGATGAGATT-1,Layer_2,2
GACACAAGGGAAGAAA-1,Layer_6,5
GACACCCAAAGACGCG-1,WM,3
GACACGAGTTAGAGGA-1,Layer_3,1
GACACTGAGTTCAGTG-1,WM,4
GACACTGGAACCCGAT-1,Layer_3,1
GACAGATTTCTGGCTC-1,Layer_5,3
GACAGCCAGACCTGAC-1,Layer_5,5
GACAGGCACACACTAT-1,Layer_5,3
GACATCCGTCGAACTG-1,Layer_5,3
GACATCGATTTATAAC-1,WM,4
GACCAAACGTTGACTG-1,Layer_3,1
GACCAGAGCCCTGTAG-1,Layer_5,3
GACCAGGTCATTCATA-1,Layer_1,2
GACCCAATTATGATAC-1,WM,4
GACCCGTCGCCGGCTA-1,Layer_3,1
GACCGACGTGAAAGCA-1,Layer_2,1
GACCGACTGAAGCGTC-1,Layer_5,3
GACCGATTAAATATGT-1,WM,4
GACCGCGTCTGACGTG-1,Layer_3,1
GACCGTCAGGTCGTGA-1,Layer_3,5
GACCGTGCTGACGGTG-1,Layer_6,3
GACCTTCCACGTCTAC-1,Layer_5,3
GACGACGATCCGCGTT-1,Layer_6,3
GACGAGGCTAATAAAC-1,Layer_3,1
GACGCATACCCGTCGG-1,WM,4
GACGCCGTAAAGGCTA-1,WM,4
GACGCCTGTTGCAGGG-1,Layer_1,2
GACGCTTGCTTCTAAA-1,Layer_6,3
GACGGACCGCGTTCCT-1,Layer_1,2
GACGGGATGTCTTATG-1,Layer_1,2
GACGGGCATCGAATTT-1,,3
GACGGGTTGGCCCGTA-1,WM,4
GACGGTCAATAGAAGC-1,Layer_3,5
GACGTGTAGGGATTAT-1,Layer_4,3
GACTAACACAGCACCT-1,Layer_3,1
GACTAAGATCATGCAC-1,Layer_5,5
GACTAAGTAGGCTCAC-1,Layer_5,3
GACTACAAAGCGGTGG-1,WM,4
GACTACAATTGCTCGT-1,Layer_3,1
GACTAGGCCGTTAGGT-1,Layer_5,3
GACTCACCCACGTGAG-1,Layer_3,1
GACTCCCAGAATAAGG-1,Layer_2,1
GACTCCTTCCAATTGA-1,WM,4
GACTCGCGGGAATGAC-1,Layer_3,5
GACTGATTGGTCACAA-1,Layer_1,1
GACTGCAAATCGAGCT-1,Layer_5,3
GACTGCACCAGCCCAG-1,Layer_5,5
GACTGCGGCACGTGTA-1,Layer_3,3
GACTGCTGGTGAGAAA-1,WM,4
GACTGGGCGCCGCAAC-1,Layer_2,1
GAGACCCTGCAACGCC-1,,2
GAGACTGATGGGTAGA-1,Layer_5,5
GAGACTTCGCGACCGA-1,Layer_6,3
GAGAGGGCGCGAGGTT-1,Layer_6,3
GAGAGGTGCATTCTGG-1,Layer_6,3
GAGAGTCTCGGGAGAG-1,WM,3
GAGATCTGCTTGGCAT-1,Layer_6,3
GAGATCTGTCACTCCG-1,Layer_5,5
GAGATCTTCCATGACA-1,Layer_5,3
GAGATGGGAGTCGACA-1,Layer_6,3
GAGCACCTGTGTCCAG-1,Layer_5,3
GAGCATCAACAACTTG-1,WM,4
GAGCATCATCCCTGGG-1,Layer_2,1
GAGCCACGGTAGTAGG-1,Layer_2,2
GAGCCAGCTACCTGTG-1,Layer_4,3
GAGCCGAGCGTTTATT-1,Layer_1,2
GAGCGAGGGAGTACCG-1,Layer_3,1
GAGCGCAAATACTCCG-1,Layer_3,1
GAGCGCGCACGAGTAG-1,Layer_4,3
GAGCGCTGTTAGGTAA-1,WM,4
GAGCGGAATGCGGTGT-1,WM,4
GAGCTAAGGGCATATC-1,Layer_5,5
GAGCTCTCGGACCTAA-1,Layer_3,1
GAGGAATGGAGAGGTT-1,Layer_4,3
GAGGAGATCCTCATGC-1,Layer_1,2
GAGGAGTAATTCCTAC-1,Layer_1,2
GAGGATAAACAGTGCT-1,Layer_2,1
GAGGCCCGACTCCGCA-1,WM,4
GAGGCCTGTTGATACA-1,Layer_3,1
GAGGCTATCAAAGTCG-1,Layer_5,3
GAGGGAGTCAGATCGC-1,WM,4
GAGGGCATCGCGTATC-1,Layer_1,2
GAGGGCGCAGCTCTGC-1,Layer_4,5
GAGGGTAGTAACAAAG-1,WM,4
GAGGTACATCCATCTT-1,Layer_3,5
GAGGTACGCGTGTCCC-1,Layer_5,3
GAGGTCCCAAAGATCT-1,Layer_3,1
GAGGTCTTAGTGGGTC-1,Layer_1,2
GAGTAAACCGGAAAGT-1,Layer_2,2
GAGTAAGGCCACGGGA-1,Layer_6,3
GAGTACGGGTATACAA-1,Layer_3,1
GAGTAGATACTAGTTG-1,Layer_6,3
GAGTATACCCTAATCA-1,WM,4
GAGTATGCCCGCCTTG-1,WM,4
GAGTATGCGCGTGCAT-1,Layer_5,3
GAGTCAGACCAGAATC-1,WM,4
GAGTCCGCTTACCGGA-1,Layer_6,3
GAGTCGACAGACCCTC-1,Layer_3,3
GAGTGTCAACCAGAAA-1,Layer_4,3
GAGTGTGCGGTACCCA-1,Layer_5,3
GAGTTGATGGCAATTT-1,WM,4
GAGTTGTCACCAGTCT-1,WM,4
GATAAATCGGTGGATG-1,Layer_3,1
GATAACTCGCACTGTG-1,Layer_5,5
GATAAGGCAGATGCAA-1,Layer_1,2
GATACGATGGGAGTCA-1,WM,4
GATAGAACCCGCTAGG-1,Layer_6,3
GATAGGTAACGTTGAC-1,Layer_6,3
GATAGTGCGAGTAAGT-1,WM,4
GATATCAGTATGTATC-1,Layer_1,2
GATATCTCATGCAATA-1,Layer_3,1
GATATGAGACACTAAC-1,Layer_5,5
GATATGCGGTAGCCAA-1,Layer_3,5
GATATGGATTACGCGG-1,Layer_3,3
GATATTGAGATTGGCG-1,Layer_3,3
GATATTTCCTACATGG-1,Layer_3,5
GATCAACATAAAGGGA-1,WM,4
GATCATTCCAAACATT-1,Layer_6,3
GATCCCTTTATACTGC-1,Layer_6,3
GATCCGGGAATTAACA-1,Layer_6,3
GATCCTAAATCGGGAC-1,Layer_3,5
GATCCTCGACACTGGC-1,WM,4
GATCCTCTTGCGCTTA-1,Layer_3,1
GATCGACACTATCTGA-1,Layer_5,3
GATCGCGGGCTCTCCA-1,Layer_6,3
GATCGCTACCCGATTT-1,Layer_3,1
GATCGCTATATCTCAG-1,WM,4
GATCGCTGTGGTGCGT-1,WM,4
GATCGGATAGAACCAT-1,Layer_5,3
GATCGGCGATAAGTCG-1,Layer_3,1
GATCGGTGGCCATAAC-1,Layer_6,5
GATCGTGACTGATATC-1,Layer_6,3
GATCTCGACGCTGTGG-1,Layer_2,2
GATCTGCTATCTAAGG-1,Layer_6,3
GATCTTGGAGGGCATA-1,Layer_6,3
GATCTTTGCAGGGTAT-1,Layer_6,3
GATGACAAGTAGGGCA-1,WM,4
GATGACGATGATCGCG-1,Layer_1,2
GATGAGGAACCTTCGG-1,Layer_4,3
GATGATTTGAAACTGG-1,Layer_1,2
GATGCCACACTACAGC-1,Layer_1,2
GATGCCAGCAGAAGGC-1,Layer_3,1
GATGCCTTCTGCGGCA-1,WM,4
GATGCGTCCTGCATTC-1,Layer_6,3
GATGCTACAAGCGCCT-1,Layer_3,5
GATGCTACCTTCGATG-1,Layer_6,3
GATGCTGTATTTCATC-1,Layer_6,3
GATGGCGCACACATTA-1,Layer_3,1
GATGGTGCCCTAGGCA-1,Layer_3,1
GATGTAACGAACCACC-1,WM,4
GATGTCCGGATCACAT-1,Layer_1,2
GATGTCGGTCAACTGC-1,Layer_3,1
GATGTGTTGTCACAAG-1,Layer_3,1
GATGTTCAATCCACGA-1,Layer_6,3
GATGTTTGTGCGAGAT-1,Layer_3,1
GATTAACCGAAAGCCC-1,Layer_3,3
GATTAATCCTGGCTCA-1,Layer_1,2
GATTACTGAATTTGGG-1,Layer_6,3
GATTCCCTTGTCGCAG-1,Layer_5,5
GATTCCGCGTTTCCGT-1,Layer_3,5
GATTCCTATACGGCGC-1,Layer_3,3
GATTCGACGGTTCACG-1,Layer_6,3
GATTGACACTCTGCTC-1,Layer_1,1
GATTGCTCCAGTTGCA-1,WM,4
GATTGGGAAAGGTTGT-1,Layer_5,3
GCAAACCCTACATTAT-1,Layer_5,3
GCAAACCTTGGCCATA-1,Layer_6,3
GCAAACGTAAGCGACC-1,WM,4
GCAAACGTCGCCAGGT-1,Layer_2,1
GCAAAGGGCGTTAGCC-1,WM,4
GCAAATATTACGCTTT-1,Layer_6,3
GCAACACACTAGAACT-1,Layer_6,3
GCAACAGCAGTATGCG-1,Layer_3,1
GCAACCACCAGACCGG-1,Layer_3,1
GCAACCACGGCCGCGT-1,Layer_6,3
GCAACGGCTAGTTATG-1,Layer_2,1
GCAAGAATTCCTTGGC-1,Layer_6,3
GCAAGATGTGTTCGCG-1,Layer_1,2
GCAAGTGCACAGAGAA-1,Layer_4,5
GCAAGTGTAAAGCATG-1,WM,4
GCACAAACCCTAGATG-1,WM,4
GCACAAACGAGGCGTG-1,Layer_2,1
GCACAACCTCGGGCGT-1,WM,4
GCACAAGTGTCGGAAG-1,Layer_3,1
GCACACACTGGTAGCC-1,Layer_3,3
GCACACGCCCATGGTC-1,Layer_4,3
GCACAGCACGGGCCGA-1,WM,3
GCACGCCTACTTAGAT-1,WM,4
GCACGTGGTTTACTTA-1,Layer_3,1
GCACTAGTCGCGCTAT-1,Layer_3,1
GCACTCCCACAGTCCC-1,Layer_1,2
GCACTGCCTACCTTTA-1,Layer_5,3
GCACTGTGCAAATGTA-1,Layer_1,2
GCAGACCCAGCACGTA-1,Layer_3,3
GCAGATCCATAAGACT-1,Layer_5,3
GCAGATTAGGGATATC-1,Layer_6,3
GCAGCACACAGCCCAG-1,Layer_6,3
GCAGCCTATATCACAT-1,Layer_2,1
GCAGGAACTTAGATCT-1,WM,4
GCAGGACTATAGAATA-1,Layer_5,3
GCAGGTAGAGTATGGT-1,Layer_3,5
GCAGTGTGGCTATAGG-1,Layer_5,3
GCATACGAGGTCTTTA-1,Layer_5,3
GCATAGAGCACTCAGG-1,Layer_6,3
GCATCCCTAACTTTGA-1,Layer_3,1
GCATCGGCCGTGTAGG-1,Layer_3,1
GCATGAGGGACGCGGC-1,Layer_5,5
GCATGCTAATAACGAT-1,Layer_3,3
GCATTCAAGGCAACGC-1,Layer_3,1
GCATTCGAAATGAACA-1,Layer_3,3
GCATTGTAATTCATAT-1,Layer_5,3
GCATTTCCAAGGCTCC-1,Layer_3,1
GCCAACCATTTCCGGA-1,Layer_3,1
GCCAAGAATACTTCTG-1,Layer_6,3
GCCAATAGGGCATCTC-1,Layer_3,1
GCCACAATTTAAGGAC-1,WM,4
GCCACTCAGAGCGCGA-1,Layer_3,3
GCCAGGAGTAACCGAT-1,Layer_3,5
GCCAGGCGTTCGCATG-1,Layer_3,1
GCCATATTGCACACAG-1,Layer_3,5
GCCATCGAGCTGCGTG-1,WM,4
GCCATCGATGCTGCAT-1,Layer_3,1
GCCATTAGCCTCAAAC-1,WM,4
GCCCACCAAGGCTGTC-1,Layer_2,2
GCCCAGTTGGTATGCC-1,Layer_3,5
GCCCATGGGTGCAATG-1,Layer_1,2
GCCCGACTTCTTCCCG-1,WM,4
GCCCGAGAGTCTAAAT-1,WM,4
GCCCGATCTGTGGTCG-1,Layer_6,3
GCCCGATGCCCAGTTC-1,WM,4
GCCCGCGCGTAAACGG-1,WM,4
GCCCGCGCGTTTGACA-1,Layer_3,5
GCCCGTAATACCTTCT-1,Layer_5,5
GCCCTAGCCGTCGCGA-1,WM,4
GCCCTGAGGATGGGCT-1,Layer_5,3
GCCGAAATTCCTACGT-1,Layer_6,3
GCCGACCCACGACTGC-1,WM,4
GCCGATTGGCCAAGCT-1,Layer_6,3
GCCGCATTAGTCCGGC-1,Layer_5,3
GCCGCTAGATACGCAG-1,Layer_1,2
GCCGCTTGTGAGAAAC-1,Layer_6,3
GCCGGAAACACATCTT-1,Layer_1,2
GCCGGGTTAGGGTCGC-1,Layer_6,3
GCCGGTCGTATCTCTC-1,Layer_6,3
GCCGGTTTGGGCGGAT-1,Layer_1,2
GCCGTCGGTTTCGGGC-1,WM,4
GCCGTGGAAGAAATGT-1,Layer_2,1
GCCTACGTTCTGTGCA-1,Layer_4,3
GCCTAGCGATCTGACC-1,Layer_3,5
GCCTATAGTGTCAGGG-1,Layer_4,5
GCCTATTCCGATATAG-1,Layer_3,3
GCCTATTTGCTACACA-1,Layer_2,2
GCCTCATCTGGAAATA-1,Layer_4,3
GCCTCCGACAATTCAC-1,Layer_3,1
GCCTCTATACATAGCA-1,Layer_5,3
GCCTTCAGCCCTACCG-1,Layer_3,1
GCCTTGTATATGCAGT-1,Layer_2,1
GCCTTTGTCAGTGGAC-1,WM,4
GCGAAACGATCGGGAG-1,Layer_3,1
GCGAAACTTAACTGGA-1,Layer_5,5
GCGAAGAATCTGACGG-1,Layer_4,3
GCGAAGCCATACCCGT-1,Layer_6,3
GCGACATGTAAACATC-1,Layer_3,3
GCGACCCAACCATCTG-1,WM,4
GCGACGATAGTTGTAC-1,WM,4
GCGAGAAACGGGAGTT-1,Layer_1,2
GCGAGAGTTGCGTCCA-1,Layer_3,1
GCGAGCGCATGCTCCC-1,Layer_3,1
GCGAGGCCCGAGCAGA-1,Layer_6,3
GCGAGTTCTGCAAAGA-1,Layer_6,3
GCGATTCTGGAAGCAG-1,Layer_3,1
GCGATTGTTAACGTTA-1,Layer_6,5
GCGCAAATATATTCAA-1,WM,4
GCGCAAGAGCGCGCTG-1,Layer_3,3
GCGCATCCAGTCAGCA-1,Layer_4,5
GCGCCGTTCCACGATA-1,Layer_6,3
GCGCCTCCCACTCCGA-1,Layer_3,1
GCGCGATGGGTCAAGT-1,Layer_1,2
GCGCGGTCTAGTAACT-1,Layer_6,3
GCGCGTCATTGGTACA-1,Layer_5,3
GCGCTAAGTATGCATG-1,Layer_2,2
GCGCTAATTGAATAGA-1,Layer_6,3
GCGCTATGCCGAGGCA-1,WM,4
GCGCTGATCCAGACTC-1,Layer_3,5
GCGCTGCTTTGCATTT-1,Layer_4,5
GCGCTTAAATAATTGG-1,Layer_4,3
GCGGACCGCGTTGTGG-1,WM,4
GCGGAGAAACTTCGCA-1,WM,4
GCGGAGAGGGAGAACG-1,Layer_5,5
GCGGCAAAGTATTGCC-1,WM,4
GCGGCTCTGACGTACC-1,Layer_6,3
GCGGGAACCAGGCCCT-1,Layer_3,1
GCGGGCGAGCCTTACC-1,WM,4
GCGGTAACCCAAATGA-1,Layer_1,2
GCGGTCCCTAGACGCA-1,Layer_3,1
GCGGTGAACTGCGCTC-1,Layer_3,5
GCGGTTCCCTATCATG-1,WM,4
GCGTAAATGGCCATAA-1,Layer_3,3
GCGTCCAGCTCGTGGC-1,Layer_1,2
GCGTCCCTAAGACATA-1,WM,4
GCGTCGAAATGTCGGT-1,Layer_4,5
GCGTCGCCAGGGTGAT-1,Layer_6,3
GCGTCTCTGCATTGGG-1,Layer_6,3
GCGTGGTACTGGGTTA-1,Layer_4,5
GCGTGTATGTCGTATT-1,Layer_1,2
GCGTTATATTTGGAAC-1,Layer_3,3
GCGTTCGGAGACCGGG-1,Layer_3,1
GCTAAACCTGAGGTGA-1,Layer_3,1
GCTAACTGAAGTCTGA-1,Layer_4,3
GCTAAGCCCAGTATGC-1,,3
GCTAAGTAAAGGCGAT-1,Layer_3,3
GCTAAGTAGTTTCTCT-1,Layer_5,5
GCTAATACCGAATGCC-1,Layer_4,5
GCTACAATCGAGGATA-1,Layer_3,1
GCTACAGTACGGACCG-1,Layer_5,3
GCTACGACTTATTGGG-1,Layer_6,3
GCTACTATAGTAGAGT-1,Layer_4,3
GCTAGACCGTCTACTG-1,Layer_3,1
GCTAGAGTAGAGATGT-1,Layer_3,3
GCTAGCAGGGAGTGGG-1,Layer_3,1
GCTAGCGATAGGTCTT-1,WM,4
GCTAGCTTGAATAGCT-1,WM,4
GCTAGGCACCACGGAG-1,Layer_5,3
GCTAGTAGAGCTTGTA-1,Layer_6,3
GCTAGTTTCATTGAGG-1,Layer_3,1
GCTATACGTCTCGGAC-1,Layer_4,3
GCTATCATACTCATGG-1,Layer_5,3
GCTATCGCGGCGCAAC-1,Layer_3,1
GCTCAACCTCTTAGAG-1,Layer_1,2
GCTCAATCCGTTTATT-1,WM,4
GCTCAATGTAATACCG-1,Layer_6,3
GCTCATTACTGCATGT-1,Layer_3,1
GCTCCATGCAAAGCAA-1,Layer_6,3
GCTCCCAGTCGGTCCA-1,Layer_3,1
GCTCCGCTCGCTTCAG-1,Layer_3,1
GCTCCTGACATACTGG-1,WM,4
GCTCGCGGTTCCGCTC-1,Layer_3,3
GCTCGCTCATGTCCAA-1,Layer_3,3
GCTCGGAATTTAAAGC-1,Layer_4,5
GCTCTAAACCCTGACG-1,Layer_5,5
GCTCTATGTTACGTGC-1,Layer_5,3
GCTCTCGGGTACCGAA-1,Layer_5,5
GCTCTTTCCGCTAGTG-1,Layer_6,3
GCTGAATCTTCCAATC-1,WM,4
GCTGAGGCGTGAGTAT-1,Layer_6,3
GCTGCACGGTTTCTTA-1,Layer_6,3
GCTGCTAAGTAGTCGA-1,Layer_6,3
GCTGCTACTGCGTAGC-1,Layer_6,3
GCTGCTCTCCGGACAC-1,Layer_6,3
GCTGGACCCAAAGTGG-1,Layer_2,1
GCTGGCATATTCACCT-1,Layer_5,3
GCTGGCGGCGCATGCT-1,Layer_6,3
GCTGGTTTAGGCCATA-1,WM,4
GCTGTATTACTGGCCC-1,WM,4
GCTGTCTGTGATCGAC-1,Layer_1,2
GCTGTTGCTACCGAAC-1,Layer_4,3
GCTTAATGTAACTAAC-1,Layer_5,5
GCTTATGAAGCAGGAA-1,Layer_5,5
GCTTCCAGCTTAGATT-1,Layer_1,2
GCTTCCGTCCCTAGAC-1,Layer_5,5
GCTTCGACGTTCAATC-1,WM,4
GCTTGATGATAATCAG-1,Layer_3,5
GCTTGGATCGATTAGG-1,Layer_3,5
GCTTTCAGAGGAGGTG-1,Layer_4,5
GGAAACTAAATGGGCC-1,Layer_3,1
GGAAAGTCTTGATTGT-1,WM,3
GGAAAGTGCCCATGCC-1,Layer_3,5
GGAACCGTGTAAATTG-1,WM,4
GGAACCTTGACTCTGC-1,WM,4
GGAACGGCCTGCAGCC-1,Layer_3,3
GGAACTTTGGCGATTA-1,Layer_2,1
GGAAGCTCGCTTACAG-1,Layer_3,5
GGAATAACCTCAAGAA-1,Layer_2,1
GGAATGCGCTAGCGTG-1,Layer_5,5
GGACACAAGTTTACAC-1,Layer_3,1
GGACCAACAGGATAAC-1,Layer_6,3
GGACCTACGGTAACGT-1,Layer_2,1
GGACCTCTAGGCCGCC-1,WM,4
GGACGGCTTGCGCAAC-1,Layer_1,2
GGACGGGCGACCAACC-1,,3
GGACTCGACAGCGCAT-1,WM,4
GGACTCGTGAGTGGTC-1,WM,4
GGAGAAGTCATTGGCA-1,Layer_4,5
GGAGACCATCTACATA-1,Layer_6,3
GGAGACGACACCTTTG-1,Layer_6,3
GGAGCAACATTTCAAG-1,Layer_3,1
GGAGCACCAAGAACTA-1,Layer_5,5
GGAGCGAGGCCTACTT-1,Layer_5,3
GGAGGATTGAAAGGAG-1,Layer_3,1
GGAGGCCGAAGTCGTC-1,Layer_2,1
GGAGGGCTTGGTTGGC-1,Layer_5,5
GGAGTGCCGCCCTGGA-1,Layer_4,5
GGAGTTGATTCTGTGT-1,,3
GGATACTCATGAATTG-1,Layer_1,2
GGATCAAAGGACGAGG-1,Layer_1,2
GGATCATCCCGTACGC-1,Layer_3,1
GGATCCCTACCAGCTA-1,Layer_1,2
GGATCCGGAATATACT-1,Layer_5,5
GGATCTTACTGCCCTT-1,WM,4
GGATCTTGACTCAACC-1,WM,4
GGATGAAGATCGCTGA-1,Layer_4,5
GGATGACGCGAGTTTA-1,Layer_6,3
GGATGCTGGCGTTCCT-1,Layer_5,3
GGATGTCCTTACCGCA-1,Layer_5,5
GGATTAAGCTAAGGTC-1,Layer_3,1
GGATTCAGTACGGTGG-1,Layer_3,1
GGATTCCGCTATACCC-1,Layer_4,5
GGATTGCTGTGACTCC-1,Layer_4,3
GGATTTCACTTCTATA-1,Layer_5,5
GGCAAAGGCGCCAATA-1,WM,4
GGCAAATTACTTTACT-1,Layer_6,3
GGCAAGCCCATAGTGG-1,Layer_6,3
GGCAAGGCGAAATAGC-1,Layer_6,3
GGCAATAGTCAATGAG-1,Layer_6,5
GGCACTCCACTGGGCA-1,Layer_6,3
GGCAGCAAACCTATGC-1,Layer_3,1
GGCAGCGGTAATCCTA-1,Layer_3,1
GGCATACAGGTAGCGG-1,Layer_5,3
GGCATATCGGTTCTGC-1,Layer_3,5
GGCATCAACGAGCACG-1,Layer_1,2
GGCCACAAGCGATGGC-1,Layer_1,2
GGCCCTCACCCACTTA-1,Layer_5,3
GGCCGAGACTCTGGTG-1,WM,4
GGCCGGCGTCTGCTAT-1,Layer_5,3
GGCCGTTTGGGTTTCA-1,WM,4
GGCCTGCTCTGATGTT-1,Layer_6,3
GGCCTGCTTCTCCCGA-1,Layer_2,1
GGCGAAATCTAACTTG-1,Layer_5,3
GGCGAGCATCGAGGAC-1,Layer_1,2
GGCGAGCGAAACGGCA-1,Layer_6,4
GGCGCAGGACATCTTC-1,Layer_5,3
GGCGCATGAATTGATG-1,Layer_6,3
GGCGCGGAGATCTTTC-1,Layer_4,3
GGCGCGTTCGAGTTTA-1,Layer_6,3
GGCGCTCCTCATCAAT-1,Layer_2,1
GGCGCTTCATTCCCTG-1,Layer_5,3
GGCGGAGTAATATTAG-1,Layer_5,3
GGCGGTAGGATCATTG-1,Layer_6,3
GGCGGTTTGCCGGTGC-1,Layer_1,2
GGCGTACCCTATATAA-1,Layer_1,2
GGCGTAGGGAAAGCTG-1,Layer_4,3
GGCGTCCTATCCGCTG-1,Layer_5,3
GGCTAAAGGGCGGGTC-1,Layer_3,1
GGCTACTATACACTCC-1,WM,4
GGCTATTAAGTTGTAT-1,Layer_5,3
GGCTCCTCCACCTGTT-1,WM,4
GGCTCGCGTTGAGGTA-1,Layer_4,5
GGCTCGTGCCACCAGC-1,Layer_3,5
GGCTCTGCTCCAACGC-1,Layer_5,5
GGCTGAAATAGCAAAG-1,Layer_5,3
GGCTGAGCATCGTAAG-1,Layer_2,1
GGCTGGCTAGCTTAAA-1,Layer_1,2
GGCTTTCAATAAGGGT-1,Layer_6,3
GGGAACCACCTGTTTC-1,Layer_1,2
GGGAACGGGAGGTTAG-1,Layer_6,3
GGGAACGGTTTCAGAT-1,WM,4
GGGAAGACGGTCTGTC-1,Layer_5,3
GGGAAGGGCTTTCTCA-1,Layer_4,3
GGGAATGAGCCCTCAC-1,Layer_2,1
GGGACAGAGTTACTCC-1,WM,4
GGGACCCGTATATCTT-1,WM,4
GGGACTGCATAGATAG-1,Layer_6,3
GGGAGAACTCACAGTA-1,Layer_6,3
GGGAGCGACCGTAGTG-1,Layer_3,3
GGGAGGATGCCCGAAA-1,Layer_6,3
GGGAGTAATGGCTGGC-1,Layer_1,2
GGGAGTTAATGAGGCG-1,Layer_6,3
GGGATGGTCGTAACCG-1,WM,4
GGGATTTACCGCACCT-1,Layer_5,3
GGGCAACCGCACGTGC-1,WM,4
GGGCACGTAGTACTGT-1,Layer_6,4
GGGCAGAGCAATCGTT-1,Layer_6,3
GGGCAGGATTTCTGTG-1,WM,4
GGGCCATTCGTGCTGG-1,WM,4
GGGCCCGTCTTAAACA-1,Layer_6,3
GGGCCCTACGAAAGGG-1,Layer_5,3
GGGCCGGCCGAAGTAC-1,Layer_5,5
GGGCCTAAATGGGCTA-1,Layer_5,3
GGGCGAATTTCTCCAC-1,Layer_1,2
GGGCGATATGTGTGAA-1,Layer_5,5
GGGCGGCAAATGAATT-1,WM,4
GGGCGGGTTCCCTACG-1,Layer_6,3
GGGCGGTCCTATTGTC-1,Layer_1,1
GGGCGTACATTTATAT-1,Layer_5,5
GGGCGTCACCACGTAA-1,WM,4
GGGCGTCCACTGGCTC-1,Layer_3,5
GGGCGTGGTTTCCCAG-1,Layer_5,3
GGGCGTTTACATTCAT-1,WM,4
GGGCTATGATCGATGG-1,WM,4
GGGCTCATCGAACCCA-1,Layer_4,5
GGGCTGCCTAGGGCGA-1,Layer_6,3
GGGCTGGTTAGTCGCG-1,Layer_6,3
GGGTAATGCTGTGTTT-1,Layer_1,2
GGGTACCCACGGTCCT-1,Layer_1,2
GGGTACTTCATGAACT-1,Layer_6,3
GGGTATGTATGCACTT-1,Layer_4,3
GGGTATTCTAGCAAAC-1,WM,4
GGGTCACCGTGACGGT-1,Layer_6,3
GGGTCAGGAGCTAGAT-1,Layer_6,3
GGGTCATGCGTACCAT-1,Layer_3,1
GGGTCCTTGGAAGAAG-1,WM,4
GGGTCGTGGCAAGTGT-1,Layer_3,1
GGGTCTATCGCTTTCC-1,,3
GGGTGACACCTTAACT-1,Layer_6,3
GGGTGCATATGAAAGC-1,Layer_2,1
GGGTGGTCCAGCCTGT-1,Layer_3,1
GGGTGTTTCAGCTATG-1,Layer_3,5
GGGTTAACATTTGAGT-1,WM,4
GGGTTCAGACGAACAA-1,Layer_3,1
GGGTTTAGGATAGGAT-1,Layer_3,1
GGTAAACTCTGCGCTG-1,,3
GGTAAATGTGCGTTAC-1,Layer_3,5
GGTAACCGGGAGGATA-1,WM,4
GGTAACTATGTATCTG-1,Layer_3,1
GGTACAAACATGCTAT-1,Layer_6,3
GGTACATCTGGGACGA-1,Layer_5,3
GGTACCATTAAGACGG-1,Layer_3,1
GGTACGTTGCGGCCGG-1,,3
GGTAGAAGACCGCCTG-1,Layer_6,3
GGTAGACCGTTGGGCG-1,WM,4
GGTAGTGCTCGCACCA-1,Layer_6,3
GGTATAGTGACACATA-1,Layer_2,1
GGTATTGCCGAGTTTA-1,Layer_6,3
GGTCAAGACTACTTCG-1,Layer_3,1
GGTCAGTGGGTCCCAC-1,Layer_6,3
GGTCCTTCATACGACT-1,Layer_1,2
GGTCGGATAAACGGCG-1,Layer_3,5
GGTCGGCCAGGAGCTT-1,Layer_5,5
GGTCGGTAATTAGACA-1,Layer_2,2
GGTCGGTCGTCCACAG-1,WM,4
GGTCGTAAGCTCGCAC-1,WM,4
GGTCTCCGTCCAGGTT-1,Layer_3,1
GGTCTCTGAATGGACT-1,WM,4
GGTCTGAGAATCTGGA-1,Layer_5,5
GGTCTTGAGCGCTCTT-1,Layer_6,3
GGTGAAACCGGGAATG-1,Layer_1,2
GGTGAAGTACAGGGAT-1,WM,4
GGTGAGATGCAGATAA-1,Layer_3,1
GGTGATAAGGAGCAGT-1,Layer_5,5
GGTGATTTCATCTTGT-1,Layer_1,2
GGTGCAGAGCCTATCG-1,Layer_1,1
GGTGCATAAATGATTA-1,WM,4
GGTGCGGATAAGTGGC-1,Layer_3,1
GGTGCTGATCACAAAG-1,Layer_3,3
GGTGCTGGTACACATT-1,Layer_6,4
GGTGGACTGCTCTGGC-1,Layer_5,3
GGTGTAAATCGATTGT-1,Layer_6,3
GGTGTAGGTAAGTAAA-1,Layer_6,3
GGTGTTCTGTTTCTAC-1,Layer_2,1
GGTTACCACCCTCGGG-1,WM,3
GGTTAGCTATATGTCT-1,Layer_5,3
GGTTAGGCTTGGAGAA-1,Layer_5,3
GGTTAGTTACGGCGCC-1,Layer_3,3
GGTTCCACCCGCTTCT-1,Layer_1,2
GGTTCGCATTTGCCGT-1,,3
GGTTCTACTCGTCTGA-1,Layer_3,1
GGTTGTATCGTGAAAT-1,Layer_1,2
GGTTGTGTAGCCTGGC-1,Layer_4,3
GGTTTAATTACCATCG-1,WM,4
GGTTTACAATCTCAAT-1,Layer_5,5
GGTTTAGCCTTTCTTG-1,Layer_3,1
GGTTTCAATCGGTCAG-1,Layer_5,5
GGTTTGAGTGCTGGAA-1,Layer_2,1
GGTTTGTGACCTGAGG-1,Layer_3,1
GTAACATCTAAGATAA-1,Layer_3,1
GTAACTACGTAGACCT-1,WM,4
GTAACTGCCCAAGGAG-1,WM,4
GTAACTTGCGGCAGTC-1,Layer_1,2
GTAAGCGGGCAGTCAG-1,Layer_5,5
GTAAGGATTTGTCGGA-1,Layer_3,1
GTAAGTAACAGTCTGG-1,Layer_5,5
GTAAGTAGGGTATACC-1,Layer_4,3
GTAATAAAGGGCTCCC-1,Layer_3,1
GTAATCTGATTCTTCG-1,WM,4
GTACACTTACCTGAAG-1,Layer_6,3
GTACAGAGGCAAGGGT-1,Layer_5,5
GTACGACGGCGCTGCG-1,Layer_1,2
GTACGAGATTGCGACA-1,Layer_5,5
GTACGCTTCATTGCAC-1,Layer_6,3
GTACGTCACGTATTAA-1,Layer_1,2
GTACGTTTGCCCGTCA-1,Layer_6,3
GTACTAAGATTTGGAG-1,Layer_5,5
GTACTCCCTTATCGCT-1,Layer_5,3
GTACTCCTGGGTATGC-1,Layer_3,1
GTACTGAGGTCGTAAC-1,Layer_3,1
GTACTGCATGAAGCGT-1,Layer_2,2
GTACTGGAGTTAGACC-1,Layer_5,5
GTACTTGGGCACTTCT-1,Layer_3,1
GTAGAAACGGGTGGAG-1,Layer_3,1
GTAGACAACCGATGAA-1,Layer_2,1
GTAGACACGCCTGACT-1,Layer_6,3
GTAGACGTCGTTACAT-1,Layer_2,1
GTAGAGGGAGACAAGT-1,WM,4
GTAGCCAAACATGGGA-1,Layer_6,3
GTAGCGCTGTTGTAGT-1,Layer_1,2
GTAGCGGCTATACACT-1,Layer_6,3
GTAGCTAGTAAGCGCG-1,Layer_1,2
GTAGCTCCGGGAGGCT-1,WM,4
GTAGCTTCCTCTTGTT-1,Layer_5,5
GTAGGTGATCCGTGTA-1,Layer_3,5
GTAGTCGCGGGAATCA-1,Layer_5,3
GTAGTCTACGATATTG-1,Layer_5,3
GTAGTTCGAAGGCGAA-1,WM,4
GTATAGGACTCAGTAG-1,Layer_5,5
GTATAGTGGCCCATGT-1,Layer_2,1
GTATATGTTACGGCGG-1,Layer_1,2
GTATCAAACGTTAGCT-1,Layer_3,5
GTATCAGCTTGGGTTC-1,Layer_3,1
GTATCCTTTGGTAACC-1,Layer_3,3
GTATCTCAGTCTTGAC-1,WM,4
GTATCTCCCTAACTGT-1,Layer_1,2
GTATCTCGGGCGCTTT-1,WM,4
GTATCTTGTTGCTCAC-1,Layer_1,2
GTATCTTTCATAACCA-1,Layer_6,3
GTATGAAATTTCACTC-1,WM,4
GTATGACGTGGGAAAC-1,Layer_1,2
GTATGTGGGTCTAGTT-1,Layer_5,5
GTATTAAGGCGTCTAA-1,Layer_3,1
GTATTCTGAGAAACGA-1,WM,4
GTATTCTTACCGTGCT-1,Layer_1,2
GTCAAAGAAGTGGTGT-1,WM,4
GTCAAAGTTTACATAG-1,Layer_1,2
GTCAACCAGGCCTATA-1,Layer_3,1
GTCAAGCGGACTCGGG-1,Layer_5,5
GTCAATTGTACTGAAG-1,Layer_1,2
GTCACAAAGTTTCCAA-1,Layer_3,1
GTCACCTGTCTATGTC-1,Layer_1,2
GTCACTCTCCAAATCT-1,Layer_3,1
GTCAGAATAGTCTATG-1,Layer_5,3
GTCAGTTGTGCTCGTT-1,Layer_3,1
GTCAGTTTGGTAGTCG-1,Layer_3,3
GTCATGCACCTCCGTT-1,Layer_6,3
GTCATGCGCGAGGGCT-1,Layer_3,3
GTCATGGACATGACTA-1,Layer_5,5
GTCATTAGAGCGAACG-1,Layer_6,3
GTCATTGCATTGACCC-1,Layer_3,3
GTCCAATATTTAGCCT-1,Layer_6,3
GTCCAGGCACGTGTGC-1,WM,4
GTCCATTACTGCTACG-1,Layer_3,1
GTCCCAACGTAAAGTA-1,Layer_6,3
GTCCCGCGACGTTATG-1,Layer_5,3
GTCCGGACCTGAAATT-1,Layer_4,3
GTCCGGCTGAATTGCG-1,Layer_5,5
GTCCGGGTTCACATTA-1,Layer_5,3
GTCCTACAGGCGGCTC-1,Layer_2,1
GTCCTACGAATAGTCT-1,Layer_4,3
GTCCTAGGATACCTTA-1,WM,4
GTCCTTCTAGTGGGTT-1,Layer_3,1
GTCCTTTAATGACTTC-1,Layer_1,2
GTCGAATTTGGGCGCT-1,WM,4
GTCGCCGTTGTGTGTT-1,WM,4
GTCGCGTAACCCGTTG-1,Layer_6,3
GTCGGATATCTCAGAC-1,Layer_5,3
GTCGGATGTAGCGCGC-1,Layer_3,5
GTCGGGAAGCAGAAAC-1,Layer_6,3
GTCGTACCATCTCGGG-1,Layer_6,3
GTCGTATTGGCGTACA-1,Layer_3,5
GTCGTCAATTATAAGG-1,Layer_2,1
GTCGTGTCTGGTCATC-1,Layer_3,1
GTCGTTATTCGCTTAT-1,Layer_6,3
GTCTACTCAATTACAA-1,Layer_5,3
GTCTAGTGAGCCGCTT-1,Layer_3,3
GTCTATCTGAGTTTCT-1,Layer_6,3
GTCTATTGCATGCTCG-1,Layer_3,1
GTCTATTGGTTCCGGT-1,Layer_4,3
GTCTCAAGGCCCGGCT-1,Layer_6,3
GTCTCCCGAGTCCCGT-1,,3
GTCTCCGCCTCAATAC-1,Layer_6,3
GTCTCCTGCCAGTATG-1,WM,4
GTCTCGACTAAGTTTG-1,Layer_2,1
GTCTCGATCTGCTTTC-1,Layer_4,5
GTCTCGCCAACACGCC-1,Layer_1,2
GTCTGGGCGGTCGAGA-1,WM,4
GTCTGTAGGTTGAACA-1,WM,3
GTCTTAGTACAGCCGG-1,Layer_3,5
GTCTTGTAGCTATTCA-1,Layer_3,1
GTGAAACGGCGCCACC-1,Layer_4,5
GTGAAACGTGCTCCAC-1,Layer_1,2
GTGAACTCCCATTCGA-1,Layer_3,1
GTGAAGATTTCAAGTG-1,Layer_3,1
GTGAAGCCGTATAGTC-1,Layer_3,1
GTGACAGCTTCCCACT-1,Layer_5,3
GTGACCGCACACTACG-1,Layer_5,5
GTGACGAGGGTGACCC-1,Layer_2,1
GTGACGCAGGTTTCAT-1,Layer_5,3
GTGACTTCAGTAGTGC-1,WM,4
GTGAGATAACCTTATA-1,WM,4
GTGAGCGTGCTGCACT-1,Layer_5,3
GTGAGGACACTTAAGG-1,Layer_5,3
GTGAGGAGCGGTTGAG-1,Layer_3,1
GTGAGTGGTACAACGC-1,Layer_6,3
GTGATCAAGCGTGCAC-1,WM,4
GTGATCACTAACGCCT-1,Layer_3,1
GTGATCATAGATCTGC-1,Layer_6,3
GTGATCCTTGTCATGA-1,Layer_4,3
GTGATGCACAACATCT-1,Layer_3,1
GTGATTCGCCGCTCAA-1,WM,4
GTGCAACAAATGTGGC-1,Layer_3,5
GTGCACCAGCTTCAAC-1,Layer_6,3
GTGCACGAAAGTGACT-1,Layer_4,5
GTGCCATCACACGGTG-1,Layer_6,3
GTGCCCGTTCGGATTC-1,Layer_5,5
GTGCCGCTTCAAAGGT-1,WM,4
GTGCCTCAGTGTACGG-1,Layer_3,1
GTGCGAAATCGAACAC-1,WM,4
GTGCGACAGGGAGTGT-1,Layer_3,3
GTGCGCAGCTTGCTCC-1,Layer_1,2
GTGCGCTTACAAATGA-1,Layer_1,2
GTGCGGGACCATCGGC-1,Layer_1,2
GTGCGGGTCTCCAAAT-1,Layer_5,5
GTGCGTGTATATGAGC-1,Layer_5,5
GTGCTCAAGTACTGTC-1,Layer_6,3
GTGCTTACATCAGCGC-1,Layer_2,1
GTGGAACCTACATGCG-1,Layer_3,5
GTGGACCAACCCGATT-1,Layer_6,3
GTGGACGCATTTGTCC-1,Layer_6,3
GTGGACGTGCTGAGAC-1,Layer_3,1
GTGGAGCGTTTACCGA-1,WM,4
GTGGAGTCGGCGGTTG-1,WM,4
GTGGCAAACAGCGGCA-1,WM,4
GTGGCCGGTTTCTCGG-1,WM,4
GTGGCGGGCCGTAGCT-1,Layer_1,2
GTGGCGGTCCCAGCGT-1,Layer_5,3
GTGGGAAGACTGAATC-1,Layer_6,3
GTGGGCTTAGACACAC-1,Layer_5,3
GTGGTATAGTCTGCCG-1,WM,4
GTGGTCAGCGAAGTAT-1,Layer_3,1
GTGGTGGCCAAGTGAA-1,Layer_5,5
GTGGTTACTTCTTTCG-1,Layer_3,1
GTGGTTTCCGCCTTTC-1,Layer_6,3
GTGTACCTTGGCTACG-1,Layer_5,5
GTGTATATCAGCGGGC-1,Layer_5,3
GTGTCAGTGTACGTGG-1,WM,4
GTGTCCGATAAGGCAT-1,Layer_1,2
GTGTCGTATAGCGTTC-1,Layer_5,3
GTGTGAATAACTTAGG-1,Layer_5,5
GTGTGAGCCGAGGTGC-1,Layer_1,2
GTGTTACTATGCGTCC-1,Layer_6,3
GTTAAAGTAGGACTGG-1,Layer_5,3
GTTAACATCACTTAAA-1,Layer_6,3
GTTAACTATGTTGTCA-1,Layer_3,1
GTTAAGGGTGCGATGT-1,Layer_5,3
GTTAATGTCTATCTTA-1,Layer_3,3
GTTACAATTGGTGACG-1,Layer_6,3
GTTACCTACAACTTGC-1,Layer_6,3
GTTACGAAATCCACGC-1,Layer_1,2
GTTACGGCCCGACTGC-1,Layer_1,2
GTTACTTTGGGCCTAG-1,WM,3
GTTAGAGTGTGCCGCT-1,Layer_3,1
GTTAGCCCATGACATC-1,Layer_5,3
GTTAGCCGTAAATCAA-1,Layer_3,1
GTTAGGCTACCCGTTT-1,WM,4
GTTATAATACGGTGAA-1,Layer_3,1
GTTATATTATCTCCCT-1,Layer_6,3
GTTATCACCTTCTGAA-1,Layer_2,1
GTTATTAAATACGACC-1,Layer_2,1
GTTATTAACGTGGGAG-1,Layer_3,1
GTTCAATCTATGTCAA-1,Layer_2,1
GTTCACAGGAGTCTAG-1,Layer_5,3
GTTCAGTCGCCAAATG-1,Layer_6,3
GTTCATCGTTTGGCTG-1,Layer_3,1
GTTCCAAGACAGCGAC-1,Layer_1,2
GTTCCAGTCTGACCAT-1,Layer_3,5
GTTCCGTCCGCCTGCA-1,WM,4
GTTCGACAATTGTATA-1,WM,4
GTTCGCCATAAGTGCC-1,Layer_6,3
GTTCGCTGAGACGTCT-1,Layer_3,1
GTTCGGAGCACTCAAC-1,,3
GTTCGGATCGGGAACA-1,Layer_3,1
GTTCGGGCGTACCATT-1,Layer_3,1
GTTCGTCTAAAGAACT-1,Layer_4,3
GTTCGTTGCGGACCAG-1,Layer_1,2
GTTCTTCCCTCGATGT-1,Layer_3,1
GTTGAACCGGTTCCAT-1,Layer_6,3
GTTGAGTCCCGCCGGT-1,Layer_5,3
GTTGCACGGAGTTTCG-1,Layer_5,5
GTTGCCCTAACGGGTG-1,WM,4
GTTGCGGACGGTCAGG-1,Layer_2,2
GTTGGATTCAGTGGCT-1,Layer_3,1
GTTGGATTGAGAACAC-1,Layer_5,5
GTTGGATTTGCGTTGG-1,Layer_6,3
GTTGGTCATGCTATCC-1,Layer_6,3
GTTGTAGATTTATGAG-1,Layer_6,3
GTTGTCGTGTTAGTTG-1,Layer_3,1
GTTTACGTTCCATCTG-1,Layer_6,3
GTTTCAAACGAGTTGT-1,Layer_2,1
GTTTCATATCGTCGCT-1,Layer_6,3
GTTTCCTGGAGGGTGA-1,Layer_5,5
GTTTCTGCAGTCTCCC-1,Layer_6,3
GTTTGACCAAATCCTA-1,Layer_6,3
GTTTGAGCGGTTATGT-1,Layer_1,2
GTTTGGCCCAAGTTAT-1,Layer_5,5
GTTTGGCCGCTCAGCG-1,Layer_1,2
GTTTGGGCTTGTGAGC-1,Layer_6,3
GTTTGGGTTTCGCCCG-1,Layer_3,3
GTTTGGTAGGGTCAAC-1,Layer_6,3
GTTTGGTGATCGGTGC-1,WM,4
TAAACCCAGGAGGGCA-1,WM,4
TAAACGTCGTCAATGA-1,Layer_1,1
TAAAGAGCCCGAAACC-1,Layer_2,1
TAAAGCGGTATTTCCA-1,WM,4
TAAAGCGTTAGGAGAA-1,Layer_5,5
TAAAGCTGCAATAGGG-1,Layer_3,1
TAAAGGAGAAACTAGT-1,Layer_1,2
TAAATGAATCCGTTTC-1,Layer_3,1
TAAATGCCGTCTCATG-1,Layer_1,1
TAAATTTAGTAACACC-1,WM,4
TAACAAAGGGAGAAGC-1,Layer_3,1
TAACAATATTTGTTGC-1,Layer_3,3
TAACAGCGTTTGTGCT-1,WM,4
TAACATACAATGTGGG-1,Layer_6,3
TAACATACACGCGATC-1,WM,4
TAACCGCCCGCAGTGC-1,Layer_2,1
TAACCTACCGTCCGAG-1,Layer_3,3
TAACCTAGGGAGTCCA-1,Layer_3,1
TAACGCTTTGAGAGCG-1,Layer_4,3
TAACTATCGAAGGTCC-1,Layer_3,3
TAACTATTACGCCAAA-1,Layer_3,1
TAACTCATCCGCGCGG-1,WM,4
TAACTCCATGGAGGCT-1,Layer_3,1
TAACTGAAATACGCCT-1,WM,4
TAAGAGGGACAGGGAC-1,WM,4
TAAGATTTAGCGGGAG-1,Layer_1,2
TAAGCAGGCGACACGC-1,Layer_5,3
TAAGCGCGAATCAAAT-1,WM,4
TAAGGAACTTGTGGGA-1,Layer_3,1
TAAGGCAACATAAGAT-1,Layer_5,5
TAAGGCATAACATCAA-1,WM,4
TAAGGCCCGTCACCCT-1,Layer_5,3
TAAGGCTGAATCCCTC-1,Layer_3,5
TAAGGGCCTGTCCGAT-1,Layer_3,3
TAAGGGCTGGGAGAGG-1,Layer_5,3
TAAGTAAATGTGCCGC-1,Layer_1,2
TAAGTAACATCTTGAC-1,WM,4
TAAGTCGCCGAGTATC-1,WM,4
TAAGTTGCGACGTAGG-1,Layer_3,3
TAATAAACAAGGAGAT-1,Layer_3,5
TAATACACAGTAGTAT-1,Layer_5,5
TAATACTAGAACAGAC-1,Layer_5,3
TAATAGAACAGAGTTA-1,WM,4
TAATAGGTCACCAGAA-1,WM,4
TAATAGTGACGACCAG-1,Layer_5,5
TAATATTGAAATTCGC-1,Layer_3,1
TAATCGATCCGTACGT-1,Layer_3,5
TAATGAAAGACCCTTG-1,Layer_3,1
TAATTACGTCAGTAGA-1,Layer_3,1
TAATTAGATGGATATG-1,Layer_1,2
TAATTAGGACATCCGT-1,Layer_3,1
TAATTGCGCTGATTAC-1,WM,4
TAATTGGAATCGGGAA-1,Layer_3,1
TACAAATTGCGGAGGT-1,Layer_1,2
TACAACGCACAACTCA-1,Layer_6,3
TACAAGCTGTTCACTG-1,Layer_1,2
TACAAGTCTCGTGCAT-1,Layer_5,3
TACAATGAAACCAGCA-1,Layer_1,2
TACAGAAACGGTGGGC-1,Layer_4,3
TACATAGGCATACACC-1,Layer_6,3
TACATCCCTATCCCTG-1,Layer_6,3
TACATTTCTAACGTGC-1,Layer_6,3
TACCAAATAGCCCAGA-1,Layer_6,3
TACCAATAAAGTACCA-1,Layer_5,3
TACCAGAAGTAGGTTC-1,WM,4
TACCAGCTAGGTTTAA-1,Layer_3,1
TACCAGGAATCCCGTC-1,WM,4
TACCGAATAATTGTAA-1,Layer_3,3
TACCGCGGACTTGCAG-1,Layer_4,3
TACCGGCTCACTGCCC-1,Layer_6,3
TACCGGTCGTTTCCAT-1,Layer_6,3
TACCGTAGGTTAACTA-1,Layer_6,3
TACCGTGCCTCGGACC-1,Layer_6,3
TACCTACTCCCAGTAT-1,Layer_6,3
TACCTCACGCTTGTAC-1,Layer_3,5
TACCTCAGTTGTCTGT-1,WM,4
TACCTCCACACCAATG-1,WM,4
TACCTGCTGCACTGTG-1,Layer_3,3
TACCTTAAGATTTCCC-1,WM,4
TACGAACACGACTTCA-1,Layer_6,3
TACGACGCTTGCTGCG-1,WM,4
TACGACTGCCTCTTAG-1,Layer_6,3
TACGAGAACTTCACGT-1,Layer_6,3
TACGATGTTGATCATC-1,Layer_5,3
TACGCAGTTCTTTCCT-1,Layer_6,3
TACGCCATATTCTAAT-1,Layer_6,3
TACGCCGAGGGTACCC-1,WM,4
TACGCCTCCATTCCGA-1,Layer_6,3
TACGCTATAGAAACCT-1,Layer_3,1
TACGCTCGGTATTGGA-1,Layer_2,1
TACGCTGCTGTGTTAA-1,WM,4
TACGGAAGCCAAACCA-1,Layer_5,3
TACGGGATGCTAGCAG-1,Layer_4,5
TACGTAAAGCGGAGTG-1,Layer_3,1
TACGTACTAGTGCTGA-1,WM,4
TACGTGCACTATGCTG-1,Layer_3,1
TACGTTTACCGGCAAT-1,Layer_6,3
TACTATGGTTCCTCAG-1,WM,4
TACTCCTCTAGTTGAC-1,WM,4
TACTCGGCACGCCGGG-1,Layer_5,3
TACTCTCCGAACAAAT-1,Layer_4,5
TACTCTTACTTTACTG-1,Layer_2,1
TACTCTTTCGTCTTCA-1,WM,4
TACTGAACAGATTTAG-1,WM,4
TACTGAGGGAAGAAAG-1,WM,4
TACTGCAATCAATTAC-1,Layer_3,1
TACTGGACAGCTCGGC-1,Layer_5,3
TACTTGTTAGTAGTCC-1,Layer_5,5
TACTTTACTGAGCCGG-1,Layer_4,5
TACTTTCCGCACGCCA-1,Layer_6,3
TAGAAACCACTAAGTA-1,Layer_3,1
TAGAAAGGTGGCGCTA-1,Layer_5,5
TAGAAATTCACGTATA-1,Layer_4,3
TAGAATAGCCGATGAA-1,Layer_3,1
TAGAATTAAGGGCAAC-1,Layer_3,1
TAGACGAAACGCCAAT-1,Layer_5,3
TAGACGCCCGTACCGG-1,Layer_5,5
TAGACTACCTAGCGTT-1,Layer_3,3
TAGACTCAGTTGGCCT-1,WM,4
TAGAGATCATGCAACT-1,Layer_6,3
TAGAGCTACGAAGAAC-1,Layer_3,1
TAGAGGTTCTACTTGT-1,Layer_3,3
TAGAGTCTAAGCGAAC-1,Layer_5,3
TAGATATGGACTGGAA-1,WM,4
TAGATCCGAAGTCGCA-1,Layer_3,1
TAGATGGTTCCTTACT-1,Layer_3,1
TAGATTCAAAGTGCGG-1,WM,4
TAGATTCCTGGTTATT-1,Layer_4,3
TAGCAACCTGTCACAA-1,Layer_3,1
TAGCAGTATGACTAAA-1,Layer_3,3
TAGCCAGAGGGTCCGG-1,Layer_1,2
TAGCCATTTCAAAGTC-1,Layer_5,3
TAGCCGGCGGTCAGCG-1,Layer_5,5
TAGCGTCCCTCGATTG-1,Layer_3,1
TAGCGTCCGGTGTGGT-1,Layer_5,3
TAGCGTTGGGTCTTAC-1,Layer_6,3
TAGCTAAGTCCGGGAG-1,Layer_6,3
TAGCTAGAAGGCATGA-1,WM,4
TAGCTAGTGATGATGG-1,WM,4
TAGCTCGCCTGATAAC-1,Layer_6,3
TAGCTGATGTGAAGCG-1,Layer_5,3
TAGGAACAGCCTCCAG-1,Layer_3,1
TAGGCATGTTACGCCA-1,Layer_4,5
TAGGCCTATATAGTCT-1,,3
TAGGCGATGAGGTCTC-1,WM,4
TAGGCGGCTGCAAAGA-1,WM,4
TAGGCTAAAGTGGCAC-1,Layer_3,1
TAGGGAGCTTGGGATG-1,Layer_4,3
TAGGGTGTTTCAAGAG-1,Layer_5,5
TAGGTCCAAGTAAGGA-1,Layer_3,3
TAGGTCGCCGGAACTG-1,Layer_3,5
TAGGTGACGATAACCT-1,Layer_5,3
TAGGTGAGCCCTACTC-1,Layer_5,3
TAGGTGCTCGCCTAGC-1,Layer_5,5
TAGGTGTTCCACAGAT-1,Layer_6,3
TAGGTTCGAGTTCGTC-1,Layer_6,3
TAGGTTCTGCTGAGAA-1,Layer_6,3
TAGTACCACAACTTTC-1,WM,4
TAGTACCTTAGTGGTC-1,Layer_3,1
TAGTAGCTTATACCAG-1,WM,4
TAGTCCCGGAGACCAC-1,WM,4
TAGTCCGCAGAGAATG-1,Layer_6,3
TAGTCCGTATGCATAA-1,Layer_1,2
TAGTCCTGCACTAAGC-1,WM,4
TAGTCGATCACGGGTT-1,Layer_4,3
TAGTCGGGATTCTTCG-1,Layer_1,2
TAGTCTAACAACGAGA-1,Layer_6,3
TAGTCTGTGACGTTGC-1,Layer_3,1
TAGTCTTTCCGAATTG-1,Layer_2,2
TAGTGAGAAGTGGTTG-1,Layer_1,2
TAGTGCCCTCCAGAGT-1,Layer_6,3
TAGTGCTTGAATCCTT-1,Layer_1,2
TAGTGGAACTCATACA-1,Layer_2,1
TAGTGTCAGAAACGGC-1,Layer_3,1
TAGTTAAGATAGGATA-1,Layer_3,5
TAGTTTATTCTTGCTT-1,Layer_3,1
TATAAATCCACAAGCT-1,Layer_3,5
TATAAGTGAGGATAGC-1,Layer_3,5
TATACACAGACGCCTT-1,Layer_6,3
TATACACGCAAAGTAT-1,Layer_3,1
TATACGCGTCATCACT-1,Layer_6,3
TATACTCATGCGGCAA-1,Layer_3,1
TATAGAGTCGCTTGAA-1,WM,4
TATAGATGGTCGCAGT-1,Layer_3,3
TATAGCGCACGTTATC-1,Layer_6,3
TATAGGGTACTCATGA-1,Layer_5,3
TATAGTTAGGTGTACT-1,WM,4
TATATAGGGCTTTACG-1,WM,4
TATATATCGAGAAATG-1,WM,4
TATATCAAAGTGATCT-1,WM,4
TATATCCCTGGGAGGA-1,Layer_3,3
TATATTACAAATGTCG-1,Layer_2,1
TATATTCGCGTCGATA-1,Layer_3,1
TATCACAGCACGGGCA-1,Layer_1,2
TATCACCATGTAAAGT-1,Layer_3,1
TATCACCCAACCGACC-1,Layer_3,1
TATCACTTCGAGTAAC-1,Layer_3,1
TATCAGTGGCGTAGTC-1,WM,4
TATCCAATTGGTTATC-1,Layer_5,3
TATCCATATCATGCGA-1,Layer_4,5
TATCCATCTCGGTTAG-1,WM,4
TATCCGCACCGTCGGG-1,WM,4
TATCCTATCAACTGGT-1,Layer_6,3
TATCCTGCATGGGAAT-1,Layer_3,1
TATCGATCTATGCATA-1,Layer_3,5
TATCGATGATTAAACG-1,Layer_5,5
TATCTACAGAGGTAAT-1,Layer_4,3
TATCTACCACAGCGGG-1,Layer_6,3
TATCTAGCCTAAAGGA-1,Layer_4,3
TATCTGAGCCGATATT-1,WM,4
TATCTTGCAATACAAC-1,WM,4
TATGAAGAATTAAGGT-1,Layer_3,1
TATGAAGACAGGTGCG-1,Layer_3,3
TATGATAAATCTAACG-1,Layer_3,1
TATGATCCGGCACGCC-1,Layer_2,1
TATGATCTTCTCTTTA-1,Layer_4,3
TATGATTCTGCTTGGT-1,Layer_1,2
TATGCTCCCTACTTAC-1,Layer_5,5
TATGGAGTTTCTCGTT-1,Layer_1,2
TATGGATGTGCTACGC-1,Layer_5,5
TATGGCCCGGCCTCGC-1,Layer_5,3
TATGGGACCGAGCAGG-1,Layer_6,3
TATGGGTACGTATCGT-1,Layer_6,3
TATGGTCTGAGTAACA-1,Layer_6,3
TATGGTTAGTGGGAGA-1,Layer_3,1
TATGTAAAGTGCTTAA-1,WM,4
TATGTAGAAACCCGGC-1,WM,4
TATGTCAAGACCGACT-1,Layer_3,5
TATGTCTCATTGTGCC-1,Layer_5,5
TATTAACACCAAAGCA-1,WM,4
TATTAACCTGACCGCG-1,WM,4
TATTACCATCCTGCTT-1,Layer_4,3
TATTATGTTTGCCTGC-1,WM,4
TATTCAATTCTAATCC-1,Layer_6,3
TATTCCACTCAGCTCG-1,Layer_6,3
TATTCCGAGCTGTTAT-1,Layer_5,3
TATTCCGGCAGTCCTA-1,Layer_1,2
TATTCCTCCGCCCACT-1,WM,4
TATTCGTGCCAGAATA-1,Layer_6,3
TATTTAGTCTAGATCG-1,Layer_4,5
TATTTATACCGAGTAG-1,Layer_3,5
TATTTGATTTGCACAG-1,Layer_2,2
TATTTGTTACCCTTTA-1,Layer_5,5
TCAAACAACCGCGTCG-1,Layer_5,5
TCAAACTTAGATTGTT-1,Layer_6,3
TCAAAGTCACGGCGTC-1,WM,4
TCAAATTGTTGTGCCG-1,Layer_5,3
TCAAATTTGAGACTCA-1,Layer_6,3
TCAACAAAGATAATTC-1,WM,4
TCAACACATTGGGTAA-1,Layer_1,2
TCAACATAGCGCCCTA-1,WM,4
TCAACATCGACCGAGA-1,Layer_6,3
TCAACCATGTTCGGGC-1,Layer_5,5
TCAACGAGGAGACAAA-1,Layer_6,3
TCAACGCAGGAAATAA-1,WM,4
TCAACGCGACCGGCAG-1,Layer_5,3
TCAACTAACGTATAAC-1,Layer_4,3
TCAACTGCAGAGTCAG-1,Layer_3,1
TCAAGAAATACTAGCT-1,Layer_3,1
TCAAGCGCGGACGGTA-1,Layer_2,2
TCAAGGTTACTACACC-1,Layer_3,1
TCAATACGCCGTCATG-1,Layer_6,3
TCACAAACCGAGGTAC-1,Layer_3,3
TCACAGCAAACTCGAA-1,WM,4
TCACAGGAGAATAAGA-1,WM,4
TCACAGGGAATCGCAA-1,Layer_5,5
TCACAGGTTATTGGGC-1,Layer_6,3
TCACATCTTATCTGAT-1,Layer_3,3
TCACCCTCTTAAGATT-1,Layer_6,3
TCACCGCTCGGCACTC-1,Layer_4,5
TCACGATGTCCGTGGA-1,WM,4
TCACGCATTGTAGATC-1,Layer_6,3
TCACGGCCCAAGAGAG-1,WM,4
TCACGGTCATCGCACA-1,Layer_4,5
TCACGTGCCCGATTCA-1,Layer_6,3
TCACTACGACCAATGC-1,Layer_3,1
TCACTATCGTGCAATC-1,Layer_1,2
TCACTCAGCGCATTAG-1,Layer_1,2
TCACTCGTGCAACGGC-1,Layer_3,1
TCACTCTTCGTCTGTC-1,Layer_1,2
TCAGAACCTCCACAGG-1,Layer_3,1
TCAGACGCTATAGAAG-1,Layer_6,3
TCAGCAAATGCATCTC-1,Layer_6,5
TCAGCAGTAGGCCCTG-1,WM,4
TCAGCCAATCCGTAAA-1,Layer_3,1
TCAGGGCGCAAACTCG-1,Layer_3,1
TCAGGGTGCACGAAAC-1,Layer_3,1
TCAGGGTGTAACGTAA-1,Layer_5,5
TCAGGTTCTTTGAGAA-1,Layer_5,3
TCAGTACTGACCCGCG-1,Layer_4,3
TCAGTAGGGACTATAA-1,WM,4
TCAGTGTATACGTCAT-1,WM,4
TCAGTTACGGAATGAT-1,Layer_2,1
TCATACTTACAGATCC-1,Layer_3,1
TCATATGAGCTTTGTT-1,Layer_6,3
TCATCACTCGAGCTCG-1,Layer_3,1
TCATCCCAGAGGGTGG-1,Layer_3,5
TCATCCTCAGCTGCTT-1,Layer_3,3
TCATCGATGGTCCCAA-1,WM,4
TCATGCAGGTTCTCAT-1,Layer_3,5
TCATTTAAGTCTCCGA-1,Layer_3,3
TCATTTAGAAGTGTGA-1,Layer_3,1
TCCAACTCAGCTATCT-1,Layer_3,3
TCCAACTTTAAATTCT-1,Layer_6,3
TCCAAGCCTAGACACA-1,Layer_5,3
TCCAATAAAGGCTACC-1,Layer_6,3
TCCACAATGGTTTACG-1,Layer_5,3
TCCACATCGTATATTG-1,Layer_5,3
TCCACCAAGACATAGG-1,,3
TCCACCTCTAGCCTTT-1,WM,4
TCCACTTTATCTAGGT-1,Layer_5,5
TCCAGAGCACCGGTTC-1,Layer_6,3
TCCAGCGCTATAAGCG-1,Layer_2,2
TCCAGGCGAGTACGGT-1,Layer_6,3
TCCAGGGTATATACGA-1,Layer_6,3
TCCATCAATACTAATC-1,WM,4
TCCATTAGTTGGATAG-1,Layer_1,2
TCCATTGTGACCTCGT-1,Layer_3,1
TCCCAAACAGACAACG-1,Layer_2,1
TCCCAAAGACGAAGGA-1,Layer_5,5
TCCCACGGAGGGAGCT-1,Layer_1,2
TCCCACTCTCTTCCGG-1,Layer_3,1
TCCCAGCTTTAGTCTG-1,Layer_6,3
TCCCAGGCTTAGCTAA-1,Layer_5,3
TCCCGCGTACTCCTGG-1,Layer_5,5
TCCCGGGTGTGCTGCT-1,Layer_5,3
TCCCGGTCAGGAATTT-1,Layer_1,2
TCCCGTCAGTCCCGCA-1,Layer_5,5
TCCCGTGTGCAATTTG-1,Layer_5,5
TCCCTCCGAAATCGTT-1,Layer_1,2
TCCCTGGCGTATTAAC-1,WM,4
TCCCTGGCTCGCTGGA-1,Layer_5,3
TCCCTTAGATTACTCG-1,Layer_3,5
TCCCTTGTCTGAAACT-1,,3
TCCGAACTTGGCTTAC-1,Layer_4,3
TCCGAAGTAGTCACCA-1,Layer_1,2
TCCGAATGGTCCTGAG-1,Layer_2,1
TCCGACCGCTAATCAA-1,WM,4
TCCGAGAAGGCTAAGC-1,Layer_1,2
TCCGATAATTGCCATA-1,Layer_4,5
TCCGATGACTGAGCTC-1,Layer_5,5
TCCGATGGTGCGACAT-1,Layer_5,5
TCCGATTACATTGCCG-1,Layer_5,3
TCCGCAGCCACCTAGC-1,Layer_1,2
TCCGCCTGTCTACAAG-1,Layer_5,3
TCCGCGGCAGCATCTG-1,Layer_5,5
TCCGCGGCCCAATGAA-1,Layer_3,1
TCCGCTGTCATCCCGG-1,Layer_5,3
TCCGCTTATCCCATTA-1,Layer_6,3
TCCGGAGGAAGGGCTG-1,Layer_1,2
TCCGGCCTAGCGTACA-1,Layer_3,5
TCCGGCCTGCATCGAT-1,Layer_2,1
TCCGGGCTTGACGGGA-1,Layer_3,3
TCCGGTTCGTCCGGTC-1,WM,4
TCCGTAACCACAATCC-1,Layer_3,1
TCCGTTAAGCTAATAT-1,Layer_3,1
TCCGTTTAGCCTTGAA-1,Layer_5,5
TCCTAAAGATTCAGAC-1,Layer_4,3
TCCTAAATTGGGAAGC-1,Layer_6,3
TCCTAACCGTCGGGCA-1,WM,4
TCCTACATCCACGGCC-1,Layer_5,3
TCCTAGCAAAGAAGCT-1,Layer_6,3
TCCTCCTAAGACATTC-1,Layer_6,3
TCCTCGGGCTGGGCTT-1,Layer_6,3
TCCTCTACGAGATGGC-1,Layer_4,3
TCCTCTCCAGTTGTCC-1,Layer_3,3
TCCTCTGGCCCATTAG-1,Layer_3,1
TCCTGCCAACTGGAGA-1,Layer_3,1
TCCTGCGTTGATACTC-1,Layer_6,3
TCCTGGCGCTGCCTGG-1,Layer_1,2
TCCTTACGACGGTCCG-1,Layer_4,3
TCCTTCAGTGGTCGAA-1,Layer_3,5
TCCTTGTCCTTTAATT-1,Layer_5,3
TCCTTTAAATCCGCTT-1,Layer_3,3
TCCTTTCTTACGCTTA-1,Layer_6,3
TCGAAATTTAGGACCA-1,Layer_5,3
TCGAAGAACCGAGCAC-1,Layer_3,1
TCGAATATCCCGCAGG-1,WM,4
TCGACAACTGAACCCG-1,WM,4
TCGAGACCAACACCGT-1,Layer_6,3
TCGAGCCAGGCAGGCC-1,WM,4
TCGATAGGCTAGTCGC-1,Layer_1,2
TCGCAAAGATGCATTT-1,Layer_6,3
TCGCACCAGGAGGCAG-1,Layer_5,3
TCGCATAAAGGGCGCA-1,Layer_2,1
TCGCATCCCTAAGTGT-1,Layer_2,1
TCGCATTCAATGACTT-1,Layer_1,2
TCGCCGAAGTTGCGTC-1,WM,4
TCGCCGACATATTCGC-1,Layer_4,3
TCGCCGGTCGATCCGT-1,Layer_4,5
TCGCGCGTTTACATGA-1,WM,4
TCGCGTAGCAGTGTCC-1,Layer_3,1
TCGCGTCCAGAAGGTC-1,Layer_5,3
TCGCTAAACCGCTATC-1,Layer_3,5
TCGCTACTGGCTTTGA-1,Layer_5,3
TCGCTCGATATATTCC-1,Layer_6,3
TCGCTCGGCACCAGCG-1,Layer_3,1
TCGCTGCCAATGCTGT-1,Layer_4,3
TCGCTGGGCGGATTGT-1,Layer_5,5
TCGCTGTGCGTAAATC-1,Layer_3,1
TCGCTTTAAACGTTTG-1,Layer_4,5
TCGGAATGACCATCAA-1,Layer_3,1
TCGGAATGCGCTCTGA-1,Layer_4,3
TCGGACGCCCAGCCCA-1,Layer_5,5
TCGGAGAGTATCGGGA-1,Layer_6,3
TCGGAGTACATGAGTA-1,Layer_6,5
TCGGAGTCCTGGTTGC-1,WM,4
TCGGCGAACCCAAACC-1,Layer_3,1
TCGGCGTACTGCACAA-1,Layer_6,3
TCGGCTAACTTCCCTT-1,Layer_2,1
TCGGCTTGTATCGACG-1,Layer_3,3
TCGGGAACGTGCCTAG-1,Layer_3,1
TCGGGAGACAGCGTAC-1,Layer_6,3
TCGGGATTCAAACATA-1,Layer_5,3
TCGGGCACTTCTGGAT-1,Layer_1,2
TCGGGCCGTCGTGGTA-1,Layer_5,5
TCGGGTGAAACTGCTA-1,Layer_3,1
TCGGTCCCGACAATAG-1,WM,4
TCGGTCCCTGACTCCA-1,Layer_3,1
TCGGTGACCGCTCCGG-1,Layer_1,2
TCGGTTAGCCATGTAG-1,Layer_2,1
TCGTAAGACGACATTG-1,Layer_5,5
TCGTAAGCTCCGAGGA-1,Layer_2,1
TCGTACCGACGTCAAG-1,Layer_6,3
TCGTATAGTGCAATTA-1,Layer_3,1
TCGTATTACCCATTGC-1,Layer_5,3
TCGTATTTCGTCCGGA-1,Layer_3,1
TCGTCAAGTACGCGCA-1,WM,4
TCGTCACACTGTTAGC-1,Layer_3,3
TCGTCCGCTGGCGTCT-1,Layer_4,5
TCGTCTTAGGCGTTAA-1,Layer_5,3
TCGTGTACTATGGATG-1,Layer_5,3
TCGTGTATTGGTCACG-1,Layer_2,2
TCGTGTCACGCTGACA-1,Layer_6,3
TCGTGTTCGACCACAA-1,Layer_3,1
TCGTTAGGAGTCCCTA-1,WM,4
TCGTTCGTTATTATGT-1,Layer_3,1
TCGTTGCTATCCGGTC-1,WM,4
TCGTTGGCTCGTCAAT-1,Layer_1,2
TCTAAAGAACAGTCTC-1,WM,4
TCTAACTGTATGTAAA-1,Layer_3,3
TCTAATACTGCCTCAG-1,WM,4
TCTACACGTTCATGCA-1,Layer_2,1
TCTACCCAATAGAGAG-1,Layer_3,1
TCTACCGTCCACAAGC-1,Layer_5,5
TCTAGCAATCTCCGCC-1,WM,3
TCTAGCATCTTCGATG-1,Layer_4,5
TCTAGCATGCCCAGAA-1,Layer_6,3
TCTAGGTGGCGACGCT-1,Layer_3,5
TCTAGTGATATCGTGG-1,Layer_3,5
TCTAGTTATCAGAAGA-1,Layer_6,3
TCTATCATGCAGTTAC-1,Layer_3,1
TCTATCGGTCGCAACA-1,Layer_5,5
TCTATGCTATAACGAC-1,Layer_3,3
TCTATTACGCTGGCGA-1,Layer_2,1
TCTATTACTAGAGGAT-1,Layer_5,3
TCTCATGAGATAGGGT-1,Layer_5,3
TCTCCAACGTAGGTTA-1,Layer_4,5
TCTCCACAAGTTGAAT-1,Layer_3,3
TCTCCCTGGGCAGCGT-1,Layer_5,3
TCTCGAACGAGGTCAC-1,Layer_3,1
TCTCGACGTATCGCCG-1,Layer_3,1
TCTCGAGGAGGTTCGC-1,Layer_3,1
TCTCGGCTCCAGGACT-1,Layer_1,2
TCTCTAATAGCTGGTA-1,Layer_4,5
TCTCTCGCCGCACATA-1,Layer_2,2
TCTCTTACCGCGAACC-1,WM,4
TCTGAACCGGTCGGCT-1,Layer_3,5
TCTGAACTCGTACCCG-1,Layer_4,3
TCTGAAGCACGTGGTC-1,Layer_5,3
TCTGAATTCCGTACAA-1,Layer_4,5
TCTGACTGTAATGGTT-1,Layer_1,2
TCTGAGCAATTGACTG-1,Layer_3,1
TCTGATGTATTCTGTC-1,Layer_5,3
TCTGCATACCTTGCTT-1,Layer_3,1
TCTGCCAGAAACTGCA-1,Layer_5,5
TCTGCGTCCGGTTTCT-1,Layer_1,2
TCTGGGAACCTTTGAA-1,Layer_3,3
TCTGGGTAGCGCTCAT-1,Layer_6,3
TCTGTCATACAAGAGC-1,Layer_2,2
TCTGTGACTGACCGTT-1,Layer_1,2
TCTGTGCCATCATAGT-1,Layer_5,5
TCTGTGGCTACATTTC-1,Layer_1,2
TCTGTTACCCAGCATA-1,WM,4
TCTTACAGAGGTACCG-1,Layer_3,1
TCTTACCGGAACTCGT-1,Layer_3,5
TCTTACGGCATCCGAC-1,Layer_3,3
TCTTACTTATGCCTCT-1,Layer_4,3
TCTTAGAGCTCCAATT-1,Layer_3,1
TCTTAGAGTGAACTCT-1,Layer_3,1
TCTTATGGGTAGTACC-1,Layer_1,2
TCTTCCCATGGGCACA-1,Layer_4,5
TCTTCGAATAGACGTT-1,Layer_6,3
TCTTCGATACCAATAA-1,Layer_6,3
TCTTCTATAACCCGCC-1,Layer_3,1
TCTTGATGCGTAGCGA-1,Layer_6,3
TCTTGCTCCCGATACT-1,Layer_6,3
TCTTGGTAACACCAAA-1,Layer_5,5
TCTTTAAGACTATGAA-1,Layer_3,3
TCTTTAGAGTCTAACA-1,Layer_2,1
TCTTTCTCTTAAGGAG-1,Layer_3,1
TGAAACCTCAACTCAC-1,Layer_1,2
TGAAACTTATGCAAGC-1,Layer_3,1
TGAAAGGACCTGACTC-1,Layer_5,5
TGAACAAGCAGGGACT-1,WM,4
TGAATACCGACGCGTA-1,Layer_4,3
TGAATGAGTGTTTCCC-1,WM,3
TGAATGTCAGCCGGCC-1,Layer_3,1
TGACACTTCTCTTTGC-1,Layer_3,1
TGACAGAAATCTTGCT-1,WM,4
TGACAGGACAAGTCCA-1,WM,4
TGACATCGAGCGGACC-1,Layer_3,3
TGACATGTAACGTGAC-1,Layer_6,3
TGACCAAATCTTAAAC-1,Layer_6,3
TGACCAGCTTCAAAGT-1,Layer_2,1
TGACCCAACTCACATT-1,Layer_1,1
TGACCCACGTTAGACA-1,Layer_6,3
TGACGAATATTTCCCT-1,Layer_6,3
TGACGATGCACTAGAA-1,Layer_4,3
TGACTATAATCCTTTC-1,Layer_6,3
TGACTCCGAATCATAC-1,WM,4
TGAGAATGCTTTACCG-1,Layer_4,5
TGAGAGATTTACCACG-1,Layer_5,5
TGAGATCAAATACTCA-1,Layer_2,1
TGAGATTAGGCCCTAA-1,Layer_3,1
TGAGCCATACAGTCTC-1,Layer_6,3
TGAGCGGAAAGTGTTC-1,Layer_6,3
TGAGCTTTAATGACGC-1,Layer_3,5
TGAGGAGTGCCAGCTT-1,Layer_6,3
TGAGGCATGTACTGTG-1,WM,4
TGAGGTGTGTGGCGGA-1,Layer_6,3
TGAGGTTGATCCCAAG-1,Layer_1,2
TGAGTAAATTAGCGTA-1,Layer_6,3
TGAGTGCCTCTTAAAT-1,WM,4
TGAGTGGTCCGTGACG-1,Layer_5,5
TGAGTTAAAGACATTC-1,Layer_3,1
TGATACATTTAGCCGT-1,WM,4
TGATAGCGGGATTCTA-1,Layer_3,3
TGATCACCACACTGAC-1,Layer_6,3
TGATCAGGGAACTGCT-1,Layer_6,3
TGATCCCAGCATTAGT-1,Layer_3,1
TGATCGGTTTGACCCT-1,Layer_5,5
TGATCTACGCTGATCT-1,Layer_3,1
TGATCTCCGGCGCCAG-1,Layer_5,5
TGATGTCAATTAAGTG-1,Layer_3,1
TGATTCAGGTCCCGCG-1,Layer_6,3
TGATTCCCGGTTACCT-1,WM,4
TGATTCGTCTATCACT-1,Layer_5,3
TGATTCTGTCGCCGGT-1,WM,4
TGATTTATTAGCTGTG-1,Layer_6,3
TGATTTCCTCCTGACG-1,Layer_3,1
TGCAAAGTTCGTCTGT-1,Layer_6,3
TGCAACCCATCTGCGG-1,Layer_3,3
TGCAAGAATGACGTAA-1,Layer_6,3
TGCAATCTAACACGGT-1,Layer_3,3
TGCAATTTGGGCACGG-1,Layer_2,1
TGCACAGTGAAGTTAT-1,Layer_2,1
TGCACGAGTCGGCAGC-1,Layer_2,1
TGCACTATGTGAGTGC-1,Layer_1,1
TGCAGAACTATATCGT-1,Layer_6,3
TGCAGAGTACCGAGCA-1,Layer_6,3
TGCAGATCGTCCTAGG-1,Layer_5,3
TGCAGCTACGTACTTC-1,Layer_5,3
TGCAGGATCGGCAAAG-1,Layer_5,5
TGCAGTGGTAGGGAAC-1,WM,4
TGCAGTTTCCTCCCAT-1,Layer_5,5
TGCATATGTCTGTCAC-1,Layer_5,5
TGCATGGATCGGATCT-1,Layer_5,5
TGCATGTGACCCATAG-1,WM,4
TGCATGTGGTAATCTA-1,Layer_5,5
TGCCAAAGTCAGACTT-1,Layer_6,3
TGCCAATGGGTACTCT-1,WM,4
TGCCACCTGGCGAAAC-1,Layer_4,5
TGCCAGTACGTGGAGA-1,Layer_6,3
TGCCATGGCTTATAAG-1,Layer_1,2
TGCCATTACTAAAGAA-1,Layer_3,5
TGCCCGTACCGTTAAA-1,Layer_6,3
TGCCGGATGTACGAGC-1,WM,4
TGCCGTGGATCGTCCT-1,Layer_6,3
TGCCGTGGGACCCAAT-1,Layer_5,3
TGCCTAATTGAAGATT-1,Layer_3,1
TGCCTGACATCGGTCA-1,Layer_2,2
TGCCTGATCAAACGAT-1,Layer_5,5
TGCCTTGGCCAGGCAA-1,Layer_5,3
TGCGAATATGGGATTT-1,Layer_6,3
TGCGACACCCTAGTGC-1,WM,4
TGCGACGGCCGAACGT-1,WM,4
TGCGAGAATATTACCC-1,WM,4
TGCGAGCCCTTCCGCG-1,Layer_2,1
TGCGCAAAGCATTTGG-1,Layer_6,3
TGCGCGATTAACGGAG-1,Layer_5,3
TGCGGACTTGACTCCG-1,Layer_5,3
TGCGGAGTAAAGGTGC-1,Layer_5,5
TGCGGCATAGTTCAAC-1,Layer_3,1
TGCGGGTATTGGGATC-1,Layer_1,2
TGCGGTCTACGAGTAA-1,Layer_1,2
TGCGGTGAAATTTCAT-1,Layer_3,1
TGCGTAAGAACCTGAT-1,Layer_6,4
TGCGTCATGACTGAGC-1,WM,4
TGCGTTTGTTGACACT-1,Layer_6,3
TGCTAAGTGTCTATTT-1,Layer_4,3
TGCTATACAAACGGAC-1,Layer_1,2
TGCTATGGCAAAGGGA-1,WM,4
TGCTCCACAGTTCTTA-1,Layer_4,5
TGCTCGGCGAAACCCA-1,Layer_6,3
TGCTCGGTGGGTCACC-1,Layer_5,3
TGCTCTTGAGAGTTTG-1,Layer_5,3
TGCTGGTTGGACAATT-1,Layer_3,5
TGCTGTTGAAGAACTC-1,Layer_6,3
TGCTTAGAGAGAATGC-1,WM,4
TGCTTCCCAAGCAGTA-1,Layer_6,3
TGCTTGAAACCATGCA-1,Layer_1,2
TGGAAACGGAGTGAAC-1,Layer_1,2
TGGAACCACTGACACA-1,Layer_3,1
TGGAAGAAGGGAACGT-1,Layer_6,3
TGGAAGACGAACACCA-1,Layer_3,1
TGGAAGGATAAAGATG-1,Layer_5,5
TGGAATATCCTTGACC-1,Layer_3,1
TGGAATTAGACGCTTT-1,Layer_3,3
TGGACCAATCTAAGAT-1,Layer_5,3
TGGACCACGGCGTTGA-1,Layer_1,2
TGGACGCAATCCAGCC-1,WM,4
TGGACGTAGGCGAATC-1,Layer_1,2
TGGACTGTTCGCTCAA-1,Layer_6,3
TGGAGCTAAAGTTCCC-1,Layer_2,1
TGGAGTGATGCGATGA-1,Layer_5,3
TGGATAGAGTAACAGA-1,Layer_1,2
TGGCAAACTAAATTAC-1,Layer_5,3
TGGCAACTCGCGCGCC-1,Layer_4,5
TGGCAAGCACAAGTCG-1,Layer_6,3
TGGCAATGGGACGGCG-1,Layer_3,1
TGGCACGAGCTCGAGT-1,Layer_1,2
TGGCAGATTACGATCA-1,Layer_6,3
TGGCAGCAGTAATAGT-1,Layer_6,3
TGGCATGAAGTTTGGG-1,WM,4
TGGCCAAACTGAAGTA-1,Layer_5,5
TGGCCAATTTGGTACT-1,Layer_6,3
TGGCCGTATATTGACC-1,Layer_4,3
TGGCGACTGCTCCAAA-1,WM,4
TGGCGATCAAGTTATG-1,WM,3
TGGCGGTGTGCGATTG-1,Layer_1,2
TGGCTACACTCTACCT-1,Layer_3,1
TGGCTATGTGACATAC-1,Layer_5,3
TGGCTCTTGTCGCGTA-1,Layer_5,3
TGGCTTTGGGTAGACA-1,Layer_4,5
TGGGAAATGCCTTTCC-1,Layer_3,1
TGGGATGCACTCATTC-1,Layer_3,1
TGGGCAATAGTTGGGT-1,Layer_3,1
TGGGCACAAACAGAAC-1,Layer_1,2
TGGGCACGTTCTATGG-1,Layer_3,5
TGGGCAGGCCACCGCA-1,Layer_2,2
TGGGCCACAAGAGCGC-1,Layer_4,5
TGGGCCCATACTAATT-1,Layer_5,3
TGGGCCTTGCCTGCAT-1,Layer_1,2
TGGGCGATACAATAAG-1,Layer_6,3
TGGGTAAGGTTCCCGC-1,Layer_3,5
TGGGTGGGATGTCATT-1,,2
TGGGTGTTAAGTAGAA-1,Layer_5,3
TGGTAAGCAGGATTGA-1,Layer_5,3
TGGTAGAATATATGGG-1,Layer_3,1
TGGTATCGCATCCCAA-1,Layer_3,1
TGGTATCGGTCTGTAT-1,Layer_2,1
TGGTCCCACGCTACGG-1,Layer_6,3
TGGTCGATATACCTCT-1,WM,3
TGGTCTGTTGGGCGTA-1,Layer_5,3
TGGTGATCGTATTTGT-1,Layer_3,3
TGGTTAACTTACATTT-1,WM,4
TGGTTCAACGGGTAAT-1,Layer_6,3
TGGTTCGTAGCAAAGG-1,Layer_5,5
TGGTTGGAGGATCCTG-1,Layer_3,1
TGGTTTAAACGTGGGT-1,Layer_2,1
TGTAACTTGTCAACCT-1,Layer_1,2
TGTAATGACCACAATA-1,Layer_5,3
TGTACCCGACCCTAAT-1,WM,4
TGTACCTACACGAGGG-1,Layer_3,3
TGTACGAACAAATCCG-1,Layer_6,3
TGTACGCTATCAGCTT-1,Layer_1,2
TGTACTGTGCCAAAGT-1,Layer_1,2
TGTAGCCATCCCATTC-1,Layer_2,1
TGTAGGAGAAATTTCC-1,Layer_5,5
TGTAGTGATCTATAAT-1,Layer_5,3
TGTATAACAGATCCTG-1,Layer_5,5
TGTATCAGACTGAAGC-1,,2
TGTATCCTTATTCCAT-1,Layer_2,1
TGTATGGCGCAGACAG-1,Layer_4,5
TGTATTTACCTAATGC-1,Layer_2,1
TGTCATTTGTTGGGAA-1,Layer_2,1
TGTCCACGGCTCAACT-1,Layer_3,1
TGTCCCGACATAGCAC-1,Layer_3,1
TGTCCGTGGCGCCTTT-1,Layer_3,3
TGTCCTAAGTCACCGC-1,Layer_5,3
TGTCGTTATCACATAT-1,WM,4
TGTCTACAGTTTCTGT-1,Layer_3,1
TGTGACTACGCCAGTC-1,Layer_5,5
TGTGACTAGAGTTTGC-1,,3
TGTGAGACTAGCCCAA-1,Layer_6,3
TGTGATTCCAGCGCTT-1,Layer_1,2
TGTGCCGGTGCCGGAA-1,Layer_3,1
TGTGCTTTACGTAAGA-1,Layer_5,3
TGTGGAGGAAGCTTAA-1,Layer_1,2
TGTGGCAAAGCGTATG-1,Layer_5,5
TGTGGCGGGCTTCTGG-1,Layer_6,3
TGTGGTTGCTAAAGCT-1,WM,4
TGTGTCGCGAGTTGCA-1,Layer_4,5
TGTGTTCGTATCCAAG-1,Layer_4,3
TGTTATTGTATGTGGC-1,Layer_5,3
TGTTCCGCTTCCATGA-1,Layer_6,3
TGTTCCGGCCTGAGCT-1,Layer_6,3
TGTTCGTATTGCGGTG-1,Layer_6,3
TGTTCTTCCATTGACT-1,Layer_5,3
TGTTGTCAAGAAGTCT-1,Layer_5,5
TGTTTAATACTTCATC-1,Layer_3,1
TGTTTCGGTACTTCTC-1,Layer_4,5
TGTTTCTGAAGCGTGC-1,WM,4
TGTTTGAGATCGTCAG-1,Layer_2,1
TTAAACCGGTAGCGAC-1,Layer_2,1
TTAAACCTGGTTCCTT-1,Layer_3,3
TTAAACTCGAATTCAT-1,Layer_4,5
TTAACACCTCGAACAT-1,Layer_3,1
TTAACCAACCCTCCCT-1,Layer_4,5
TTAACGTCGCAAGACC-1,Layer_3,1
TTAACTCACGCGTGGA-1,Layer_3,1
TTAACTTCAGGTAGGA-1,Layer_6,3
TTAAGACGAACGAACC-1,Layer_2,1
TTAAGATAGGATTGAC-1,Layer_3,1
TTAAGCCGACAACTTC-1,Layer_3,5
TTAAGCGCCTGACCCA-1,Layer_5,3
TTAAGGATACGGAGGT-1,Layer_1,2
TTAAGGCCCGTACTTT-1,WM,4
TTAAGTATTGTTATCC-1,Layer_3,3
TTAATCAGTACGTCAG-1,Layer_4,5
TTAATGCGAGGTAACT-1,Layer_2,1
TTAATGTAGACCAGGT-1,Layer_6,3
TTAATGTGTTTGCAGG-1,Layer_1,2
TTAATTGCTTTGGGTG-1,Layer_5,3
TTAATTTCAGACGCGG-1,Layer_4,5
TTACAACTACGCATCC-1,Layer_5,5
TTACACGATCTGCGAC-1,Layer_2,1
TTACAGACCTAAATGA-1,Layer_3,5
TTACATCGTGGCCTGG-1,Layer_3,1
TTACATGCCACAACTA-1,Layer_3,1
TTACCATTGATTACCC-1,Layer_5,3
TTACCCATTGCCGGGT-1,Layer_3,5
TTACCCTAACAGTCCT-1,Layer_3,1
TTACCCTAGGGATTGG-1,Layer_6,3
TTACCGCCTTAGGGAA-1,Layer_1,2
TTACGGATGGTTCGAG-1,Layer_4,5
TTACGGTGTCACCGAG-1,Layer_1,2
TTACTAAAGGACTTTA-1,Layer_5,3
TTACTATCGGCTTCTC-1,Layer_4,3
TTACTCCGGCCGGGAA-1,Layer_5,3
TTACTCTGGTACGTAC-1,Layer_6,3
TTACTGGGATATTTCA-1,Layer_6,3
TTACTGTTTCTCTACG-1,Layer_1,2
TTAGAAGAACATGACT-1,Layer_6,3
TTAGAATAAGGGTCGG-1,WM,4
TTAGACACGATCGTTG-1,Layer_3,5
TTAGACGAGTCACCTC-1,Layer_5,3
TTAGAGTTTAGAAGGA-1,Layer_5,3
TTAGATAGGTCGATAC-1,Layer_1,2
TTAGCAACATGGATGT-1,Layer_3,1
TTAGCTAATACGATCT-1,Layer_3,1
TTAGCTCTGTAATCCG-1,Layer_3,3
TTAGCTGATTTGCCGT-1,Layer_4,5
TTAGGTCATAACCGAC-1,WM,4
TTAGTAAACCTGCTCT-1,Layer_3,3
TTAGTAGGGCGGCGGG-1,Layer_5,3
TTAGTTATTCGTGGCA-1,Layer_4,3
TTAGTTCAAGTGTTCG-1,Layer_2,1
TTATAGATGCACATTA-1,Layer_1,2
TTATAGGTAATTGTCT-1,Layer_5,3
TTATATACGCTGTCAC-1,Layer_6,3
TTATATTTGGCAATCC-1,Layer_5,5
TTATCATACTCGCAAA-1,Layer_1,2
TTATCCAATCGAACTC-1,Layer_2,2
TTATCCGGGATCTATA-1,Layer_5,3
TTATCCTCAAGGAATA-1,WM,4
TTATCGCCTGCGAAGC-1,Layer_3,3
TTATCTGACATTAGGA-1,Layer_5,3
TTATCTGTATCATAAC-1,Layer_5,5
TTATGAATGAAAGGGA-1,Layer_6,3
TTATGACAAACTGGAT-1,Layer_4,3
TTATGATCTTAACGAA-1,Layer_5,5
TTATGCGTCCCGGTCC-1,Layer_1,2
TTATGTTTGCGATAGA-1,Layer_3,3
TTATTAGAGCGTGTTC-1,Layer_6,3
TTATTAGGGAAGCATC-1,Layer_3,1
TTCAAAGTCTCTAGCC-1,Layer_6,3
TTCAACGACCCGACCG-1,Layer_4,5
TTCAAGCCGAGCTGAG-1,Layer_3,5
TTCAATACTCTGAATC-1,Layer_5,5
TTCAATTAGCCATAAT-1,Layer_3,1
TTCACGAAAGGATCAC-1,Layer_6,3
TTCACTCGAGCACCTA-1,Layer_6,3
TTCACTTCCTAGAACG-1,Layer_6,3
TTCAGAGTAACCTGAC-1,Layer_1,2
TTCAGCCCTGGTCCAC-1,Layer_5,3
TTCAGCTGGCGTGCCC-1,Layer_3,3
TTCAGGCGTCAAAGCC-1,Layer_5,3
TTCAGTTCAAGAGGAG-1,WM,3
TTCATAGCCTTGTAAC-1,Layer_1,2
TTCATGGCGCAACAGG-1,Layer_4,5
TTCCAATCAGAGCTAG-1,Layer_3,5
TTCCAATCTGGCTATC-1,WM,4
TTCCACACAGATTTGA-1,WM,4
TTCCACATTTCTCGTC-1,Layer_1,2
TTCCAGACGAGATTTA-1,Layer_3,1
TTCCATCATGCGGTGA-1,Layer_3,1
TTCCATCGACAGCGTG-1,Layer_3,1
TTCCCGACGCTTCACT-1,Layer_1,2
TTCCCGGCGCCAATAG-1,Layer_6,3
TTCCGCAGAGAAATAT-1,Layer_3,1
TTCCGCGTGAGGCGAT-1,Layer_6,3
TTCCGGCCTTGAGGCT-1,WM,4
TTCCGGTATCTGTGTC-1,Layer_2,1
TTCCGGTTACCCACTT-1,Layer_5,3
TTCCTCGAGGGTGTCT-1,Layer_4,5
TTCCTCGGACTAACCA-1,Layer_5,3
TTCCTCTGCCCGAATA-1,Layer_5,3
TTCCTTTCTGTGTTGC-1,Layer_1,2
TTCGAACGAAACATGC-1,WM,3
TTCGACAGAGCCCGTG-1,Layer_6,3
TTCGACGGGAAGGGCG-1,Layer_5,5
TTCGCACTCGCGTGCT-1,Layer_5,5
TTCGCACTGTACGACA-1,Layer_6,3
TTCGCCGCTCGCGCTA-1,WM,4
TTCGCGCGCCATACGA-1,WM,4
TTCGCTATCTGACGTG-1,Layer_3,1
TTCGGACTGATGCCTT-1,Layer_1,1
TTCGGACTGGGCATGG-1,WM,4
TTCGGCAACCCGCTGA-1,Layer_3,5
TTCGGCTAGAGATGGT-1,Layer_3,1
TTCGGGACTAATCGCG-1,Layer_6,3
TTCGGGCGCTAGTCTT-1,WM,4
TTCGGTACTGTAGAGG-1,Layer_6,3
TTCGTAATCCCAGCGG-1,Layer_3,1
TTCGTACTCCAGAACG-1,Layer_4,3
TTCGTTCAACGAAGTT-1,Layer_3,1
TTCTAACCGAAGCTTA-1,Layer_5,5
TTCTACCTCAATCGGT-1,WM,4
TTCTACCTTTATGTTG-1,Layer_3,1
TTCTACTTGCGAGGGC-1,Layer_3,1
TTCTAGAAAGTCTTAT-1,WM,4
TTCTAGGCCAATTGTG-1,Layer_4,5
TTCTATTAAACGCAGC-1,Layer_6,3
TTCTCAATTGCTACAA-1,WM,4
TTCTCTTACAGGTGAT-1,WM,4
TTCTGACCGGGCTCAA-1,Layer_5,3
TTCTGCCGCGCCTAGA-1,Layer_6,3
TTCTGCGAGCGCCCTT-1,Layer_4,3
TTCTGCGGGTTAGCGG-1,Layer_5,5
TTCTGCTAGACTCCAA-1,Layer_3,1
TTCTTAGTGAACGGTG-1,Layer_3,1
TTCTTAGTGGCTCAGA-1,Layer_4,5
TTCTTATCCGCTGGGT-1,Layer_3,1
TTCTTCCCTTTGATAT-1,Layer_1,2
TTCTTCGCAATAGAGC-1,Layer_1,2
TTCTTGAGCCGCGCTA-1,WM,4
TTCTTGCTAGCATCTC-1,Layer_3,1
TTCTTGGACGATCTGC-1,WM,4
TTCTTGGAGTAATGAG-1,Layer_4,5
TTCTTGTAACCTAATG-1,Layer_3,5
TTCTTTGGTCGCGACG-1,Layer_3,1
TTGAAAGGTGTAAAGG-1,Layer_2,1
TTGAACGAATCCTTTG-1,Layer_3,1
TTGAACGACGTGCTGA-1,Layer_4,3
TTGAAGAATTCCCAGG-1,Layer_6,3
TTGAAGGATGGGCGCC-1,WM,4
TTGAATATGGACTTTC-1,Layer_5,3
TTGAATCGTTGTATAA-1,Layer_6,3
TTGAATTCACGTGAGG-1,Layer_4,3
TTGACAGGAGCTCCCG-1,Layer_3,1
TTGACATGAACGTGGA-1,Layer_6,3
TTGACCAGGAACAACT-1,Layer_5,3
TTGACCATGTTCTCCG-1,Layer_5,5
TTGACCGTGTTAATGA-1,WM,4
TTGACGATTCAGCACG-1,Layer_2,1
TTGACGCTCCATGAGC-1,Layer_3,1
TTGACTACCATATGGT-1,Layer_6,3
TTGACTATTGTCCGGC-1,Layer_3,1
TTGAGAAGTTTAGCAT-1,Layer_4,3
TTGAGAGTACTGCTAA-1,WM,4
TTGAGCAGCCCACGGT-1,Layer_2,1
TTGAGGCATTTAACTC-1,Layer_3,1
TTGATCTAACTTTGTC-1,Layer_5,3
TTGATGCCGCTCGTCG-1,WM,4
TTGATGTGTAGTCCCG-1,Layer_3,5
TTGATTAGCTGTTTCT-1,WM,4
TTGATTATGCAGATGA-1,Layer_4,3
TTGCAAGAAGACTCCT-1,Layer_5,3
TTGCACAATTCAGAAA-1,Layer_6,3
TTGCACGGAGCAGCAC-1,Layer_5,5
TTGCATGCTGATCACG-1,Layer_6,3
TTGCCAAGCAGAACCC-1,Layer_2,1
TTGCCATAGCCCGCTC-1,WM,4
TTGCCCTGATCACGGG-1,Layer_5,3
TTGCCGCAGACCTACA-1,WM,4
TTGCCGCTTTCTAGTA-1,Layer_5,3
TTGCCGGTGATCCCTC-1,Layer_3,1
TTGCCTAATCCAAAGT-1,WM,4
TTGCCTTCTCGCCGGG-1,,3
TTGCGGAAAGCTGCCC-1,WM,3
TTGCGGCATCAGAAAG-1,WM,4
TTGCGGCGACTCATGC-1,Layer_1,2
TTGCGTAGTTTGAGGA-1,Layer_3,1
TTGCGTCGGCCAACCG-1,WM,4
TTGCGTGAACGCTTAG-1,Layer_3,1
TTGCTAGCTACCAATC-1,Layer_1,2
TTGCTCATAGTACGTG-1,,3
TTGCTCCCATACCGGA-1,Layer_5,5
TTGCTGAAGGAACCAC-1,Layer_4,5
TTGCTGATCATGTTCG-1,Layer_6,3
TTGCTGCACCTATCCA-1,Layer_3,1
TTGCTGGCCGGGCTTC-1,Layer_3,1
TTGGAAGAATACAGTC-1,WM,4
TTGGACATGTGGCTTA-1,Layer_6,3
TTGGACCATCTGGCAA-1,Layer_3,1
TTGGACCTATAACAGT-1,Layer_4,3
TTGGAGTCTCCCTTCT-1,Layer_1,2
TTGGATATCGTCTACG-1,WM,4
TTGGATCGACTTCTGG-1,Layer_3,1
TTGGATTGGGTACCAC-1,Layer_3,5
TTGGCCATCTTGCGCT-1,Layer_2,1
TTGGCCTAGAATTTCG-1,Layer_3,5
TTGGCTCAATATGTGT-1,,3
TTGGCTCGCATGAGAC-1,Layer_4,5
TTGGGAAGACGAGCCG-1,Layer_6,3
TTGGGACACTGCCCGC-1,Layer_5,5
TTGGGACGTAAGAGTT-1,Layer_3,1
TTGGGCGGCGGTTGCC-1,Layer_5,5
TTGGTCACACTCGTAA-1,WM,4
TTGGTTGCGGTGCGCG-1,WM,4
TTGTAAGGACCTAAGT-1,WM,3
TTGTAAGGCCAGTTGG-1,Layer_5,5
TTGTAATCCGTACTCG-1,Layer_6,3
TTGTATCACACAGAAT-1,Layer_3,5
TTGTCGTTCAGTTACC-1,Layer_5,5
TTGTCTCGGCAAGATG-1,WM,3
TTGTGAACCTAATCCG-1,Layer_4,3
TTGTGAGGCATGACGC-1,Layer_5,3
TTGTGCAGCCACGTCA-1,Layer_5,3
TTGTGGCCCTGACAGT-1,Layer_4,5
TTGTGGTAGGAGGGAT-1,WM,4
TTGTGGTGGTACTAAG-1,Layer_3,3
TTGTGTATGCCACCAA-1,Layer_6,3
TTGTGTTTCCCGAAAG-1,Layer_6,3
TTGTTAGCAAATTCGA-1,Layer_4,5
TTGTTCAGTGTGCTAC-1,Layer_5,5
TTGTTGTGTGTCAAGA-1,Layer_5,5
TTGTTTCACATCCAGG-1,WM,4
TTGTTTCATTAGTCTA-1,WM,4
TTGTTTCCATACAACT-1,Layer_6,3
TTGTTTGTATTACACG-1,WM,3
TTGTTTGTGTAAATTC-1,Layer_1,2
