,ground_truth,domain
AAACAAGTATCTCCCA-1,Layer_3,4
AAACAATCTACTAGCA-1,Layer_1,6
AAACACCAATAACTGC-1,WM,5
AAACAGAGCGACTCCT-1,Layer_3,1
AAACAGCTTTCAGAAG-1,Layer_5,7
AAACAGGGTCTATATT-1,Layer_6,2
AAACAGTGTTCCTGGG-1,WM,2
AAACATTTCCCGGATT-1,Layer_3,4
AAACCCGAACGAAATC-1,Layer_2,1
AAACCGGGTAGGTACC-1,Layer_6,7
AAACCGTTCGTCCAGG-1,WM,5
AAACCTAAGCAGCCGG-1,Layer_4,4
AAACCTCATGAAGTTG-1,Layer_5,7
AAACGAAGAACATACC-1,Layer_2,1
AAACGAGACGGTTGAT-1,Layer_5,3
AAACGGGCGTACGGGT-1,Layer_3,4
AAACGGTTGCGAACTG-1,Layer_6,2
AAACTCGGTTCGCAAT-1,Layer_5,7
AAACTCGTGATATAAG-1,Layer_2,1
AAACTGCTGGCTCCAA-1,Layer_6,7
AAACTTAATTGCACGC-1,WM,5
AAACTTGCAAACGTAT-1,Layer_6,2
AAAGACATGAAGTTTA-1,Layer_1,6
AAAGACCCAAGTCGCG-1,Layer_2,6
AAAGACTGGGCGCTTT-1,Layer_3,4
AAAGGCCCTATAATAC-1,WM,5
AAAGGCTACGGACCAT-1,Layer_6,2
AAAGGCTCTCGCGCCG-1,WM,2
AAAGGGATGTAGCAAG-1,Layer_5,4
AAAGGGCAGCTTGAAT-1,Layer_3,4
AAAGGTAAGCTGTACC-1,Layer_1,6
AAAGTAGCATTGCTCA-1,WM,5
AAAGTCACTGATGTAA-1,Layer_3,1
AAAGTCGACCCTCAGT-1,Layer_5,7
AAAGTGTGATTTATCT-1,Layer_4,4
AAAGTTGACTCCCGTA-1,Layer_4,4
AAATAACCATACGGGA-1,Layer_3,4
AAATACCTATAAGCAT-1,Layer_6,7
AAATAGCTTAGACTTT-1,Layer_3,1
AAATAGGGTGCTATTG-1,Layer_5,3
AAATCCGATACACGCC-1,Layer_3,4
AAATCGTGTACCACAA-1,Layer_6,2
AAATCTAGCCCTGCTA-1,Layer_3,4
AAATGATTCGATCAGC-1,Layer_2,1
AAATGCTCGTTACGTT-1,Layer_2,6
AAATGGCATGTCTTGT-1,Layer_3,4
AAATGGCCCGTGCCCT-1,WM,2
AAATGGTCAATGTGCC-1,Layer_6,7
AAATGTGGGTGCTCCT-1,Layer_1,6
AAATTAACGGGTAGCT-1,Layer_6,7
AAATTACACGACTCTG-1,Layer_3,4
AAATTACCTATCGATG-1,Layer_3,4
AAATTGATAGTCCTTT-1,WM,5
AAATTGCGGCGGTTCT-1,Layer_1,6
AAATTTACCGAAATCC-1,Layer_3,1
AAATTTGCGGGTGTGG-1,WM,2
AACAACTGGTAGTTGC-1,Layer_5,3
AACAATACATTGTCGA-1,WM,5
AACAATTACTCTACGC-1,Layer_4,3
AACACACGCTCGCCGC-1,Layer_4,4
AACACGACTGTACTGA-1,Layer_3,1
AACACGAGACGCGGCC-1,Layer_6,2
AACACGCGGCCGCGAA-1,Layer_1,6
AACAGCTGTGTGGCAA-1,WM,5
AACAGGAAATCGAATA-1,Layer_3,4
AACAGGATGGGCCGCG-1,Layer_4,3
AACAGGTAGTATGGAT-1,Layer_3,1
AACATATCAACTGGTG-1,Layer_3,4
AACATTGAAGTTGATC-1,WM,5
AACATTGTGACTCGAG-1,Layer_6,2
AACCAAGACTTCTCTG-1,Layer_5,7
AACCAGTATCACTCTT-1,Layer_2,1
AACCATAGGGTTGAAC-1,WM,5
AACCATGGGATCGCTA-1,Layer_2,6
AACCCAGAGACGGAGA-1,Layer_3,1
AACCCATCCCATGATC-1,WM,5
AACCCGACAACCCGTG-1,WM,5
AACCCGAGCAGAATCG-1,Layer_2,6
AACCCTACTGTCAATA-1,Layer_4,4
AACCCTGGTGGAACCA-1,Layer_3,1
AACCGAGCTTGGTCAT-1,Layer_5,4
AACCGCTAAGGGATGC-1,Layer_4,4
AACCGTTGTGTTTGCT-1,Layer_3,4
AACCTAAAGCCGTCCG-1,Layer_1,6
AACCTCGCTTTAGCCC-1,Layer_5,4
AACCTTTAAATACGGT-1,Layer_6,7
AACCTTTACGACGTCT-1,Layer_3,1
AACGAAAGTCGTCCCA-1,WM,5
AACGATAATGCCGTAG-1,Layer_6,3
AACGATAGAAGGGCCG-1,Layer_3,4
AACGATATGTCAACTG-1,Layer_5,4
AACGCGAACGGCAACA-1,Layer_1,6
AACGCGACCTTGGGCG-1,Layer_6,2
AACGCGGTCTCCAGCC-1,Layer_5,4
AACGCTGTTGCTGAAA-1,Layer_3,4
AACGGACGTACGTATA-1,Layer_4,4
AACGGCCATCTCCGGT-1,WM,5
AACGTACTGTGGGTAC-1,WM,5
AACGTAGTCTACCCAT-1,Layer_1,6
AACGTCAGACTAGTGG-1,Layer_4,4
AACGTGATGAAGGACA-1,Layer_3,1
AACGTGCGAAAGTCTC-1,Layer_6,7
AACTACCCGTTTGTCA-1,Layer_3,1
AACTAGCGTATCGCAC-1,Layer_1,6
AACTAGGCTTGGGTGT-1,Layer_6,2
AACTCAAGTTAATTGC-1,Layer_6,7
AACTCCAGAGCGTGTT-1,Layer_3,4
AACTCCTAATCCCATG-1,Layer_3,1
AACTCGATGGCGCAGT-1,Layer_1,6
AACTCTCAATAGAGCG-1,Layer_4,4
AACTCTCAGTGTGCTC-1,WM,5
AACTGATATTAGGCCT-1,Layer_3,4
AACTGGGTCCCGACGT-1,Layer_5,4
AACTGGGTTCGAGCCG-1,Layer_2,6
AACTGGTGTGGGCCTT-1,Layer_1,6
AACTTCTGCGTCTATC-1,Layer_2,6
AACTTGCCCGTATGCA-1,Layer_4,3
AACTTGCGTTCTCGCG-1,Layer_1,6
AACTTTAGCTGCTGAG-1,Layer_1,6
AAGAAGGATCAGTTAG-1,Layer_1,6
AAGACCAAATAACTCA-1,WM,5
AAGACCCAACTGAACA-1,WM,2
AAGACTAACCCGTTGT-1,Layer_1,6
AAGACTCACGCCCACT-1,Layer_1,6
AAGACTGCAAGCTACT-1,Layer_6,7
AAGAGATGAATCGGTA-1,Layer_3,3
AAGAGCTCTTTATCGG-1,Layer_5,3
AAGAGGATGTACGCGA-1,Layer_6,7
AAGAGGCATGGATCGC-1,Layer_5,3
AAGAGGCCCTTTGGAA-1,Layer_3,1
AAGATGGCACCGGACC-1,WM,5
AAGATTGGCGGAACGT-1,Layer_4,4
AAGCACCCTGCGTATC-1,Layer_5,3
AAGCATACTCTCCTGA-1,Layer_6,7
AAGCCGAAGCGGTTTA-1,Layer_3,1
AAGCCGCCGTGAAATC-1,WM,5
AAGCGCAGGGCTTTGA-1,Layer_5,3
AAGCGGCGTCATGGGT-1,Layer_2,1
AAGCGTCCCTCATCGA-1,WM,5
AAGCTAGATCGAGTAA-1,Layer_6,7
AAGCTCGTGCCAAGTC-1,Layer_6,7
AAGCTCTTTCATGGTG-1,Layer_5,3
AAGGAGAACTTATAAG-1,Layer_1,6
AAGGAGCGGTTGGTGC-1,Layer_5,3
AAGGATCGATCGCTTG-1,Layer_3,1
AAGGATGAGGGACCTC-1,Layer_5,4
AAGGCGCGTAAAGCTT-1,Layer_4,4
AAGGCTGTGCTCATCG-1,Layer_5,7
AAGGGAACGACTGGCT-1,WM,5
AAGGGACAGATTCTGT-1,Layer_4,4
AAGGGACTATGCATTC-1,WM,5
AAGGTATCCTAATATA-1,Layer_5,4
AAGGTGATAAACCAGC-1,Layer_4,4
AAGTAAGCTTCCAAAC-1,Layer_1,6
AAGTAGAAGACCGGGT-1,Layer_3,4
AAGTAGTGACGCGAGG-1,Layer_5,3
AAGTCAATTGTCGTCA-1,Layer_3,4
AAGTGACGACCGAATT-1,Layer_6,7
AAGTGAGTCGGGTTTA-1,WM,2
AAGTGCAAAGGTAGAC-1,Layer_3,4
AAGTGCCTTGACTGTA-1,Layer_3,4
AAGTGCGTTAGAATCT-1,WM,5
AAGTGCTTCTCTATTG-1,WM,5
AAGTGTTTGGAGACGG-1,Layer_5,3
AAGTTCACTCCAAGCT-1,Layer_4,4
AAGTTCAGTCTGCGTA-1,Layer_3,1
AAGTTCGGCCAACAGG-1,WM,2
AAGTTTACTAATGGCA-1,Layer_1,6
AAGTTTATGGGCCCAA-1,Layer_5,7
AATAACAACGCTCGGC-1,Layer_5,7
AATAACACTAGAACAA-1,WM,5
AATAAGTCCTCGAGAC-1,Layer_2,1
AATACAATGTTTCAGG-1,Layer_3,1
AATACCGGAGGGCTGT-1,WM,5
AATAGAACAGAGTGGC-1,WM,5
AATAGAATCTGTTTCA-1,Layer_5,4
AATAGCTACCGCGTGC-1,Layer_2,1
AATAGTCCGTCCCGAC-1,Layer_6,2
AATATCAAGGTCGGAT-1,Layer_1,6
AATATCGAATCAATGC-1,Layer_3,1
AATATCGAGGGTTCTC-1,Layer_3,4
AATATTGGAGTATTGA-1,Layer_5,7
AATCAGACTGCAGGAC-1,Layer_1,6
AATCAGGTTTCATTTA-1,WM,5
AATCATGTAAAGACTC-1,Layer_3,4
AATCCAAGGGCCTGAG-1,Layer_3,1
AATCCATGCAAGGGTG-1,Layer_1,6
AATCGCCTCAGCGCCA-1,Layer_5,3
AATCGCGCAGAGGACT-1,Layer_2,1
AATCGGGACACTACGA-1,Layer_2,1
AATCGTGAGCCGAGCA-1,Layer_4,4
AATCTAGGTTTACTTG-1,WM,5
AATCTATGCCGGAGCC-1,Layer_3,1
AATCTCTACTGTGGTT-1,Layer_5,7
AATCTGCGTTGGGACG-1,Layer_4,4
AATCTGGCTTTCTAGT-1,WM,5
AATCTGGGTAGACCCT-1,Layer_2,6
AATGACAGCAATGTCT-1,WM,5
AATGACGTAGGATGTC-1,Layer_5,3
AATGACTGTCAGCCGG-1,Layer_5,4
AATGAGTTCGCATATG-1,Layer_1,6
AATGATGATACGCTAT-1,Layer_3,4
AATGATGCGACTCCTG-1,Layer_3,4
AATGCAACCGGGTACC-1,Layer_5,3
AATGCACCAAGCAATG-1,Layer_3,4
AATGGTCCACCGTTCA-1,Layer_3,4
AATGGTTCTCACAAGC-1,Layer_3,1
AATGTATGGCACTGTA-1,WM,5
AATGTGCCCGAGGTGT-1,WM,5
AATGTGCTAATCTGAG-1,WM,5
AATTAAAGGTCGGCGT-1,Layer_6,2
AATTAACGGATTTCCA-1,Layer_6,7
AATTACTCGTACGCTC-1,Layer_1,6
AATTAGCGCTGCAGCG-1,Layer_6,7
AATTCATAAGGGATCT-1,Layer_3,4
AATTCATTGTCATGCA-1,WM,5
AATTCCAAGCATGTAC-1,Layer_6,2
AATTCGATTCGAGGAT-1,Layer_5,3
AATTCTAGAGTTAGGC-1,Layer_6,2
AATTGAACGCTCTGGT-1,Layer_5,4
AATTGCAGCAATCGAC-1,Layer_3,1
AATTGCGTGGATTACA-1,WM,5
AATTTGGGACATAGTA-1,Layer_3,1
AATTTGGTTCCAAAGA-1,Layer_3,4
ACAAACCATGCGTCCT-1,WM,5
ACAAACCGACAAGGCG-1,Layer_1,6
ACAAAGCATGACCTAG-1,Layer_3,4
ACAAATCGCACCGAAT-1,Layer_5,3
ACAAATGGTAGTGTTT-1,Layer_5,4
ACAAATTCAGATCTGA-1,Layer_1,6
ACAACAGCATGAGCTA-1,Layer_6,3
ACAACGGTCCCTGCGA-1,Layer_3,4
ACAAGCAGTGCCTAGC-1,Layer_4,3
ACAAGGAAATCCGCCC-1,Layer_6,3
ACAAGGACAAGAGGTT-1,Layer_5,3
ACAAGGATGCTTTAGG-1,Layer_4,4
ACAAGGGCAGGCTCTG-1,Layer_6,3
ACAATAGTCGTACGTT-1,Layer_6,7
ACAATCCATTTAAACC-1,Layer_5,7
ACAATCGATCTTTATA-1,Layer_1,6
ACAATGAATACGGAGA-1,WM,5
ACAATTGTGTCTCTTT-1,Layer_3,4
ACAATTTAGGAGGCTC-1,Layer_3,4
ACAATTTGAGCAGTGG-1,Layer_5,4
ACACAAAGACGGGTGG-1,Layer_5,4
ACACACCAGGACCAGT-1,Layer_5,4
ACACACTTTCTACACG-1,Layer_3,4
ACACATGATCAAATCT-1,WM,5
ACACATTGACGCAACA-1,Layer_1,6
ACACCCAGCATGCAGC-1,Layer_5,4
ACACCCGAGAAATCCG-1,Layer_3,4
ACACCGGTCTGACCGC-1,WM,5
ACACCTTAAGTAGGGC-1,Layer_5,4
ACACCTTACTACTTGC-1,Layer_3,1
ACACGAGACTCCTTCT-1,Layer_6,3
ACACGGCACTATGCAT-1,Layer_3,1
ACACGGGAACTTAGGG-1,Layer_5,3
ACACGTAGGCCACAAG-1,Layer_3,1
ACACTCCAATGTCACT-1,Layer_2,6
ACACTGATCAAGGTGT-1,WM,5
ACACTGGGACAGTCGT-1,Layer_2,1
ACAGAACTGAGAACAA-1,WM,5
ACAGATTAGGTTAGTG-1,Layer_2,1
ACAGCATAGAGCCAGT-1,Layer_3,1
ACAGCGACATTCTCAT-1,Layer_3,4
ACAGCGCACCCGCAGC-1,Layer_3,1
ACAGGCTTGCCCGACT-1,Layer_4,4
ACAGGTGGAGGTGAGG-1,WM,5
ACAGTAATACAACTTG-1,Layer_6,2
ACATAAGTCGTGGTGA-1,WM,5
ACATAATAAGGCGGTG-1,Layer_5,4
ACATCAGCTGGGACGC-1,Layer_3,3
ACATCCCGGCCATACG-1,Layer_6,2
ACATCCTGGTAACTGT-1,Layer_3,4
ACATCGATCGTTTACC-1,Layer_6,2
ACATCGGTCAGCCGCG-1,Layer_6,2
ACATCGTATGCAATGG-1,Layer_5,3
ACATCGTTAACCTAGT-1,Layer_3,1
ACATCTCAACGCGTAA-1,Layer_2,1
ACATGGCGCCAAAGTA-1,Layer_3,4
ACATGGCTCAATTTAG-1,Layer_1,6
ACATTAGTTTATATCC-1,Layer_6,2
ACCAAACTAGAAATCC-1,Layer_1,6
ACCAACCGCACTCCAC-1,Layer_3,4
ACCAACGCTTATTTAT-1,WM,5
ACCAAGAACGCGTGTC-1,Layer_3,4
ACCAATATGCAAGTTA-1,Layer_5,3
ACCACAACTCAGAACA-1,Layer_3,1
ACCACAAGTTTCTATC-1,Layer_6,7
ACCACCAATGTAACAA-1,Layer_3,4
ACCACGTGCAGCTATA-1,Layer_5,3
ACCAGCCCGGTCTTTG-1,Layer_2,1
ACCAGGAGTGTGATCT-1,Layer_1,6
ACCAGTGCCCGGTCAA-1,Layer_1,6
ACCAGTGCGGGAGACG-1,Layer_4,4
ACCATATCCGCAATAA-1,Layer_6,2
ACCATCCGCCAACTAG-1,Layer_5,7
ACCATCGTATATGGTA-1,Layer_6,2
ACCATTAAGGGTGTCA-1,Layer_1,6
ACCCAACGCCCGTGGC-1,Layer_5,4
ACCCACCTACATGCTC-1,Layer_3,4
ACCCATCTTGAGGGTA-1,Layer_6,7
ACCCATTTGTCCCTCT-1,Layer_3,1
ACCCGAGCGAAATTAC-1,WM,5
ACCCGATTGGTTCCGA-1,WM,5
ACCCGGAAACTCCCAG-1,Layer_6,7
ACCCGGATGACGCATC-1,Layer_3,4
ACCCGGTTACACTTCC-1,Layer_6,2
ACCCGTGTCATCAGTA-1,WM,2
ACCCTATAGGACTGAG-1,Layer_1,6
ACCCTATGCCATATCG-1,WM,5
ACCCTCCCTTGCTATT-1,Layer_5,4
ACCCTTCATCTGCGAA-1,Layer_3,4
ACCCTTTAGTTCTCCA-1,Layer_3,1
ACCGAAAGGGCCCTGC-1,Layer_2,1
ACCGAAGAGTCTGGTT-1,WM,5
ACCGACACATCTCCCA-1,Layer_6,7
ACCGACTGAGTCCCAC-1,Layer_6,3
ACCGATGGTAGCATCG-1,Layer_5,4
ACCGCAATAACTGCCT-1,Layer_5,3
ACCGCGGTGGAAGTCG-1,Layer_3,1
ACCGGGCCTTTGTTGA-1,Layer_3,4
ACCGGTCAGGTACACC-1,WM,5
ACCGGTCTGAGTACGG-1,Layer_1,6
ACCGTGACCACGTGGG-1,WM,5
ACCGTTCCCGCTCTGA-1,Layer_2,6
ACCTAAGTACCTTTCA-1,WM,5
ACCTAATCGACTTCCT-1,Layer_5,3
ACCTACAGTATGTGGT-1,Layer_2,1
ACCTACTATAAATCTA-1,Layer_6,2
ACCTCCGCCCTCGCTG-1,Layer_3,1
ACCTCCGTTATTCACC-1,Layer_2,1
ACCTCGAACTTATGCT-1,WM,5
ACCTGCGTGTCATGTT-1,Layer_6,2
ACCTTTCCTTTAGAAG-1,Layer_1,6
ACGAAATGGGCGGCAC-1,Layer_5,3
ACGACTGGTCATACTC-1,WM,5
ACGAGAACCCATCACG-1,Layer_1,6
ACGAGATATTTGCTTA-1,Layer_3,1
ACGAGGATACCACTCT-1,WM,5
ACGAGGTTTACAACGT-1,WM,5
ACGAGTACGGATGCCC-1,Layer_3,1
ACGATACATAGAACTA-1,Layer_4,4
ACGATCATACATAGAG-1,Layer_5,3
ACGATCATCTTGTAAA-1,Layer_3,4
ACGATGCATATGTTAT-1,Layer_6,7
ACGATGGATCCGATGC-1,Layer_3,1
ACGCAAACTAATAGAT-1,WM,2
ACGCAATCACTACAGC-1,Layer_3,1
ACGCATACGTTTACTA-1,Layer_3,1
ACGCATTCGTGAGTAC-1,Layer_6,7
ACGCCAGATGATTTCT-1,Layer_4,4
ACGCCCAGCTGTCGAT-1,Layer_1,6
ACGCCGCTAGACGACC-1,Layer_6,7
ACGCGAAGTCAGACGA-1,Layer_6,2
ACGCGCTACACAGGGT-1,Layer_6,7
ACGCGGGCCAAGGACA-1,Layer_6,7
ACGCTAGTGATACACT-1,Layer_3,4
ACGCTGTGAGGCGTAG-1,Layer_5,7
ACGCTTAGTGTCTCTC-1,Layer_2,1
ACGGAATTTAGCAAAT-1,Layer_2,6
ACGGACGCAGCGACAA-1,WM,5
ACGGACTCTCAAAGCG-1,Layer_5,3
ACGGAGCGCAAATTAC-1,Layer_2,1
ACGGATGGTGCGGATA-1,Layer_5,3
ACGGCACTTGCTTGGG-1,Layer_6,2
ACGGCCAACATGGACT-1,WM,2
ACGGCGACGATGGGAA-1,Layer_5,3
ACGGCGGGTTGCCCTG-1,Layer_1,6
ACGGCTGGATGTAGAA-1,WM,5
ACGGGAGTGTCGGCCC-1,WM,2
ACGGGTCATGTGACTT-1,Layer_1,6
ACGGTCACCGAGAACA-1,WM,5
ACGTACAGATTTCTCT-1,Layer_3,1
ACGTACTTTGGCACGG-1,WM,5
ACGTAGATTGCTGATG-1,Layer_6,7
ACGTATTACTCCGATC-1,Layer_4,4
ACGTCCTAAACGAGAT-1,Layer_1,6
ACGTGCGCCTCGTGCA-1,Layer_4,4
ACGTGGTCGAATGTGC-1,Layer_2,6
ACGTTAATGTCGAAGA-1,Layer_6,7
ACGTTAGATTTGCCCG-1,Layer_6,7
ACGTTCACTATGCCGC-1,WM,2
ACGTTCCGCGCTCCGT-1,Layer_2,1
ACGTTCGCAATCAATT-1,Layer_2,1
ACGTTCGTTCAGGAAA-1,WM,5
ACGTTCTGTACAAGTC-1,Layer_3,4
ACGTTTAGTTGTGATC-1,Layer_3,4
ACTAATACGTCAGGCG-1,Layer_2,6
ACTACATCCCGACAAG-1,WM,5
ACTACCAGCTCTCTGG-1,Layer_4,4
ACTACGCGTTAGAATT-1,Layer_6,2
ACTAGTTGCGATCGTC-1,Layer_3,1
ACTATATGCTGTGTTC-1,Layer_2,1
ACTATCCAGGGCATGG-1,Layer_3,1
ACTATCTGCCCGCGTA-1,Layer_2,1
ACTATGTCCAGCTGCC-1,WM,5
ACTATTCGTCCGTGGT-1,Layer_3,4
ACTATTTCCGGGCCCA-1,WM,5
ACTCAAGTGCAAGGCT-1,Layer_4,4
ACTCAATAAAGGCACG-1,Layer_5,3
ACTCAGACCTGCTTCT-1,Layer_1,6
ACTCATGGCAGCCTTC-1,WM,5
ACTCCAATATCATCAT-1,WM,5
ACTCCCATTCCTAAAG-1,Layer_6,2
ACTCCCGAATTCGTTT-1,Layer_3,1
ACTCCCTAATGCTAAA-1,Layer_6,7
ACTCCCTAGAATAGTA-1,Layer_6,7
ACTCGATGTATTTCAT-1,Layer_1,6
ACTCGTAACCCGTCCT-1,WM,5
ACTCGTCAGTAATCCC-1,Layer_5,3
ACTCTCTGACTTAGGT-1,Layer_5,3
ACTCTCTTATACACGA-1,Layer_3,1
ACTCTTGTATAGTAAC-1,Layer_6,7
ACTGAAACGCCGTTAG-1,Layer_3,4
ACTGAATGGCGAAAGT-1,Layer_5,4
ACTGATTTAGTGATTC-1,Layer_2,1
ACTGCCCGCCATTCTC-1,WM,5
ACTGCCGTCGTAACTC-1,Layer_3,4
ACTGCTCGGAAGGATG-1,WM,5
ACTGTACGATACACAT-1,Layer_5,3
ACTGTAGCACTTTGGA-1,Layer_5,3
ACTGTATACGCGAGCA-1,Layer_1,6
ACTGTCCAGGATTATA-1,Layer_6,7
ACTGTCTTCTTTAGAA-1,Layer_6,7
ACTGTGCTAGTAGATC-1,Layer_1,6
ACTGTTTAGTGTAGGC-1,Layer_1,6
ACTTACCGGGCGCGCA-1,Layer_3,1
ACTTACGCATCCACGC-1,Layer_5,3
ACTTAGTACGACAAGA-1,Layer_2,6
ACTTATACTTACCCGG-1,Layer_5,4
ACTTATCTGATCTATA-1,Layer_1,6
ACTTATTAGGATCGGT-1,Layer_6,2
ACTTATTTATGTGCCA-1,Layer_5,4
ACTTCAGGCTGATCCC-1,Layer_5,3
ACTTCCATGCGGGACA-1,Layer_4,4
ACTTCGCCATACGCAC-1,Layer_5,3
ACTTGACTCCCTCTTT-1,Layer_6,7
ACTTGCCATATTGTAC-1,Layer_1,6
ACTTGGGACCCGGTGG-1,Layer_5,3
ACTTGTAGTCCCTTCA-1,Layer_5,7
ACTTGTGGATGGAACG-1,Layer_3,1
ACTTTACCCTCATGAA-1,Layer_3,1
ACTTTCCTATAGCTTC-1,Layer_6,3
ACTTTGACTGCATCCT-1,Layer_5,7
ACTTTGGTCGTGCTCC-1,WM,5
AGAAATTATGACTCGC-1,Layer_2,6
AGAACCCTCAATTGGG-1,WM,5
AGAACGTGGTACATTC-1,Layer_5,3
AGAAGAGCGCCGTTCC-1,Layer_5,4
AGAAGGTACACTTCAC-1,WM,5
AGAAGGTTGCCGAATT-1,Layer_6,2
AGAAGGTTGTAGGTCG-1,Layer_5,3
AGAAGTGATTCGTGAT-1,WM,5
AGAATAAATCTTCAGG-1,Layer_5,7
AGAATGCGGGTTCGGA-1,Layer_1,6
AGAATTATGGATTCGA-1,Layer_3,4
AGAATTGTTTGACATA-1,Layer_2,1
AGACATAGATCCTTCC-1,Layer_1,6
AGACCAAACCACACCT-1,Layer_6,5
AGACCATGGGATACAA-1,Layer_3,1
AGACCCACCGCTGATC-1,Layer_6,7
AGACCCGCCCTCCTCG-1,Layer_5,3
AGACCGCTCCGCGGTT-1,Layer_3,1
AGACCGGGAAACCCTG-1,Layer_5,7
AGACGAAGTGCCGGTC-1,Layer_3,4
AGACGACGATGCCGCT-1,WM,5
AGACGGGATTGGTATA-1,Layer_1,6
AGACGGGCCGATTTAA-1,Layer_1,6
AGACTAGCCTTCCAGA-1,Layer_5,3
AGACTGTTACCGGGTC-1,WM,5
AGAGAAACACCAGAAA-1,WM,5
AGAGAACCGTCTAGGA-1,Layer_4,4
AGAGAAGGAGTACAAT-1,WM,5
AGAGATCTCTAAAGCG-1,Layer_5,7
AGAGCAGTTATGAGAC-1,Layer_3,4
AGAGCCGCCGAGATTT-1,Layer_2,1
AGAGCGGGCTAATCAT-1,Layer_3,4
AGAGCGTACAAGCTCG-1,Layer_3,4
AGAGCTACGAAAGCAT-1,Layer_1,6
AGAGGCTTCGGAAACC-1,Layer_3,4
AGAGGTATCTCGGTCC-1,Layer_1,6
AGAGTAAACTTCACTA-1,Layer_3,1
AGAGTTAGAGACCGAT-1,Layer_1,6
AGATAACTTCAGGGCC-1,Layer_5,7
AGATACCAATAGAACC-1,Layer_2,1
AGATACCGGTGTTCAC-1,Layer_6,2
AGATACGACTTCATAT-1,Layer_3,1
AGATACTCAAGATCGA-1,Layer_5,4
AGATATAATACGACTA-1,Layer_5,3
AGATCGTGCATAAGAT-1,Layer_3,4
AGATCTCAGGTGTGAT-1,Layer_5,3
AGATGACTCGCCCACG-1,Layer_5,4
AGATGAGGGTTGCGAT-1,Layer_3,1
AGATGATGGAGTCTGG-1,Layer_3,1
AGATGCAAGACGTGCA-1,WM,5
AGATGCTATAACGAGC-1,Layer_1,6
AGATTATAGGACGTTT-1,Layer_6,2
AGATTCACAACCGATA-1,WM,5
AGCAAAGGCCGCTAGT-1,Layer_5,3
AGCAACATATCTTATT-1,Layer_4,4
AGCAACCGAAAGTAAT-1,WM,5
AGCACACGTTTAGACT-1,WM,5
AGCACCAGTACTCACG-1,Layer_5,3
AGCACTACCGGCCTGT-1,Layer_5,7
AGCACTACCTCACCAG-1,Layer_5,3
AGCACTTAAGGACGCC-1,Layer_5,3
AGCAGAAGGAGAAAGA-1,Layer_5,7
AGCAGCCAGATGAATA-1,Layer_6,2
AGCATATCAATATGCT-1,Layer_3,4
AGCATCATTTCGAAAG-1,WM,5
AGCATCGTCGATAATT-1,Layer_5,4
AGCCAAGCTTTGTGTC-1,Layer_6,2
AGCCACAGGTTACCCG-1,Layer_3,4
AGCCACTCCCGTGCTT-1,Layer_5,4
AGCCATATAGTATGTG-1,Layer_6,2
AGCCCATACATGTAAG-1,Layer_6,7
AGCCCGCAACAAGCAG-1,Layer_6,2
AGCCCGGCATTAGAGG-1,WM,5
AGCCCGGTAGCCTGTA-1,WM,2
AGCCCTAAGCGAAGTT-1,Layer_3,4
AGCCCTCCCTGGTGGC-1,WM,5
AGCCCTTCTAATCCGA-1,Layer_3,1
AGCCGTGGCTAAATGT-1,WM,5
AGCCTAATACCCACGT-1,WM,5
AGCCTTAAAGCGGAAG-1,Layer_3,1
AGCGACAGGAACGGTC-1,WM,5
AGCGACATCCCATTCA-1,Layer_4,4
AGCGACCAACGATATT-1,Layer_5,3
AGCGAGACGTGAAGGC-1,WM,5
AGCGATGCGCCTAATA-1,Layer_3,1
AGCGCATAATGAATCG-1,WM,2
AGCGCGGGTGCCAATG-1,Layer_3,4
AGCGCTTATGGGCAAG-1,Layer_2,1
AGCGGACACTTCGTAG-1,Layer_6,7
AGCGGCGGTTAGCGGT-1,Layer_6,5
AGCGGGAAGGGTCCAT-1,Layer_2,6
AGCGGGTCTGACACTC-1,Layer_6,7
AGCGGTTGAGATGTAC-1,Layer_1,6
AGCGTACGAGAGCTAG-1,Layer_1,6
AGCGTAGCGCTAGACC-1,Layer_1,6
AGCGTGGTATTCTACT-1,Layer_6,7
AGCGTTCCGATTTAAA-1,Layer_1,6
AGCTAACAAGCAATGT-1,WM,5
AGCTAAGTACGCAGGC-1,Layer_4,4
AGCTAGAAGCAGAAGT-1,Layer_3,4
AGCTATTTAATCCAAC-1,Layer_3,4
AGCTCCATATATGTTC-1,Layer_3,1
AGCTCCTTCGCACATC-1,Layer_5,4
AGCTCTAGACGTTCCA-1,Layer_6,3
AGCTCTTCCCAGTGCA-1,Layer_3,4
AGCTCTTCGTAACCTT-1,Layer_3,1
AGCTCTTTACTCAGTT-1,Layer_6,2
AGCTGAAGTAAACCAA-1,Layer_4,4
AGCTGTAACCTCAATC-1,WM,5
AGCTTATAGAGACCTG-1,Layer_1,6
AGCTTCAATACTTTGA-1,Layer_1,6
AGCTTGATCAGGGTAG-1,WM,5
AGCTTGATCTTAACTT-1,Layer_6,7
AGGAAGCTGTCCGCCG-1,Layer_6,7
AGGACAGTCGAATCCC-1,Layer_5,4
AGGACATCGCACGTCG-1,Layer_3,1
AGGACGACCCATTAGA-1,WM,2
AGGACGCTCGATGTTG-1,Layer_3,4
AGGAGGCCTTCGCGCG-1,Layer_3,4
AGGATAAAGTCGGGAT-1,Layer_6,7
AGGATATAGGGATTTA-1,Layer_4,4
AGGATCACGCGATCTG-1,Layer_6,2
AGGCAAAGAGGAATCA-1,Layer_1,6
AGGCACGTGACTGTCC-1,Layer_2,6
AGGCAGATGCGTAAAC-1,Layer_5,4
AGGCAGGGAGCGTACT-1,WM,2
AGGCATTGTCGTAGGG-1,Layer_3,4
AGGCCACCCGTTATGA-1,Layer_5,3
AGGCCCAGTGACTGGT-1,Layer_1,6
AGGCCCATTGTACAGG-1,Layer_3,4
AGGCCCTAGAACGCCA-1,Layer_6,2
AGGCCTGAGAATCTCG-1,Layer_4,4
AGGCGGTTTGTCCCGC-1,WM,5
AGGCTATGGTTAGCTT-1,Layer_3,4
AGGCTTCCCGAAGAAG-1,WM,5
AGGCTTGCTAGACACC-1,Layer_3,4
AGGGAAACGAGGTACT-1,Layer_3,4
AGGGACAGCACGGCGG-1,Layer_1,6
AGGGACCGGCTGCGTT-1,Layer_3,1
AGGGACTCTACGCGAC-1,WM,2
AGGGAGACATACTTCG-1,Layer_2,1
AGGGCAGCGGCGTGGT-1,Layer_3,1
AGGGCGAGCAGCTGAT-1,Layer_6,7
AGGGCGTGATCGGCTA-1,Layer_3,1
AGGGCTGCAGTTACAG-1,Layer_6,7
AGGGTCAGAGCACTCG-1,WM,5
AGGGTCGATGCGAACT-1,Layer_4,4
AGGGTGCCGTTCTTTA-1,WM,5
AGGGTGCTCTCGAGGG-1,Layer_4,4
AGGGTGGATAGTGCAT-1,Layer_3,4
AGGGTTCAGACGGTCC-1,WM,5
AGGGTTCCCTTTGGTT-1,Layer_5,4
AGGGTTTAGTTCGGGA-1,Layer_6,7
AGGTAACCTCCTATTC-1,Layer_3,1
AGGTACGATATTGCCA-1,Layer_3,4
AGGTAGATCGAGATAT-1,WM,5
AGGTAGGTACAAAGCT-1,Layer_5,7
AGGTATAATTGATAGT-1,Layer_3,1
AGGTCAGGTGAGAGTG-1,Layer_6,2
AGGTCGCCACTTCGGT-1,Layer_1,6
AGGTCGCGGAGTTACT-1,Layer_3,1
AGGTGGTGACCTTCGC-1,Layer_6,2
AGGTGTATCGCCATGA-1,Layer_5,7
AGGTTACACCATGCCG-1,Layer_2,1
AGGTTCTCCTTTCCGG-1,WM,5
AGGTTGAGGCACGCTT-1,Layer_5,4
AGGTTTCACACACCTT-1,Layer_6,7
AGTAACGTTCATCCTG-1,Layer_2,1
AGTAATGTCTTGCCGC-1,Layer_3,4
AGTAATTTGCAAGCGT-1,WM,5
AGTACATCATTTATCA-1,Layer_3,1
AGTACGGCCCGTATCG-1,Layer_4,7
AGTACGGGCACCTGGC-1,Layer_5,4
AGTACGTGGCCTGTCT-1,Layer_3,1
AGTACTCTTATGCCCA-1,Layer_4,4
AGTAGAAGGCGCCTCA-1,Layer_6,2
AGTAGCGTGAACGAAC-1,Layer_1,6
AGTAGGAAGGAAGTTG-1,Layer_3,1
AGTAGGTAACATACAT-1,Layer_3,1
AGTATAATACTAGGCA-1,Layer_3,4
AGTATACACAGCGACA-1,WM,2
AGTATCCATAATAACG-1,Layer_1,6
AGTATGCTGGAGACCA-1,WM,5
AGTATTTGGCACGACC-1,WM,2
AGTCAAATGATGTGAT-1,WM,5
AGTCAACACCACCATC-1,Layer_6,2
AGTCAAGATGACACTT-1,Layer_4,4
AGTCACTAGCTCTCGA-1,Layer_3,4
AGTCACTCCGCCTCAT-1,Layer_1,6
AGTCAGCCACCGCCTG-1,Layer_2,1
AGTCCATTGGCTGATG-1,Layer_3,4
AGTCCCGCCTTTAATT-1,Layer_3,4
AGTCGACGGTCTCAAG-1,Layer_5,4
AGTCGGCCCAAACGAC-1,Layer_4,4
AGTCGGCTCAACTTTA-1,WM,2
AGTCGGTTGCGTGAGA-1,Layer_3,1
AGTCGTATAAAGCAGA-1,Layer_4,4
AGTCGTCGACCACCAA-1,Layer_3,4
AGTCGTGGGCATTACG-1,WM,5
AGTCTAAAGTATACTC-1,Layer_2,1
AGTCTCACAAGACTAC-1,WM,5
AGTCTGGACATCCTTG-1,Layer_2,1
AGTCTTCTCCTCAAAT-1,Layer_5,4
AGTCTTTAAAGTGTCC-1,Layer_5,3
AGTGAACAAACTTCTC-1,Layer_3,4
AGTGACCTACTTTACG-1,WM,2
AGTGACTGTGACACAA-1,WM,5
AGTGAGACTTCCAGTA-1,Layer_5,4
AGTGAGCCTCGCCGCC-1,Layer_3,4
AGTGAGGGTTTCTGAC-1,Layer_3,1
AGTGATAACCTGCGCG-1,Layer_4,4
AGTGATATGAGTAGTT-1,WM,2
AGTGATTCAAGCAGGA-1,Layer_5,4
AGTGCACGCTTAAGAA-1,Layer_3,4
AGTGCGTAGCTCGTAA-1,WM,5
AGTGCTAAACACAGCA-1,Layer_3,4
AGTGCTTGCACGAATA-1,Layer_5,4
AGTGGCGGCAATTTGA-1,Layer_3,4
AGTGGCGTCTGAAGGT-1,Layer_4,4
AGTGGCTCCGTCGGCC-1,Layer_5,7
AGTGGTGTTACCCGTG-1,Layer_6,2
AGTGTATTGCGCATTG-1,Layer_3,4
AGTGTGCTAAGATCGC-1,Layer_1,6
AGTGTGGTCTATTGTG-1,Layer_3,1
AGTTAAACACTTGCGA-1,Layer_6,2
AGTTAAGCGGTCCCGG-1,Layer_3,4
AGTTAAGTCAACCGCT-1,WM,5
AGTTACCGCACATGGT-1,Layer_3,4
AGTTACTCTATCGTGG-1,Layer_3,4
AGTTATTGAAAGGTAA-1,Layer_1,6
AGTTCCTACAGAATTA-1,Layer_5,7
AGTTCCTATTTATGTT-1,Layer_6,7
AGTTCTGCGTTGTATC-1,Layer_1,6
AGTTGACATCGGCTGG-1,Layer_1,6
AGTTGACGGTCCTTGC-1,Layer_6,7
AGTTGCGGTCCTCAAC-1,WM,5
AGTTGCTGACTGATAT-1,Layer_1,6
AGTTTCGCAGGTCGGA-1,Layer_3,4
AGTTTGCACCTGCCTC-1,Layer_5,3
AGTTTGGCACGGGTTG-1,Layer_3,4
AGTTTGGCCAGACCTA-1,WM,2
ATAAACCATTGGACGG-1,Layer_1,6
ATAAACGGACCCGTAA-1,Layer_6,2
ATAAACGTTGCACCAC-1,Layer_3,1
ATAAAGGCTCGGTCGT-1,Layer_6,7
ATAAAGGTCAAGTACG-1,Layer_3,1
ATAAATATTAGCAGCT-1,Layer_5,7
ATAACGCCGGAGGGTC-1,Layer_5,3
ATAACGGAGTCCAACG-1,Layer_5,4
ATAAGGTGGAGAACAT-1,Layer_6,3
ATAAGTAGGATTCAGA-1,Layer_3,4
ATAAGTAGGGCGACTC-1,Layer_3,1
ATAAGTTACCGCGACG-1,WM,2
ATAATACCGTTAGCCG-1,Layer_1,6
ATAATAGCTGTTGAAT-1,Layer_6,2
ATAATAGTGTAGGGAC-1,Layer_3,1
ATAATCTTGGAGAACC-1,Layer_5,3
ATAATTAGCTAAGTAG-1,Layer_6,7
ATACAGGCCCTCCAAT-1,Layer_6,7
ATACCACGGGCAACTT-1,Layer_5,7
ATACCAGCAAATTGCT-1,Layer_1,6
ATACCAGGCTAATAGA-1,Layer_2,1
ATACCAGGTGAGCGAT-1,Layer_1,6
ATACCTAACCAAGAAA-1,Layer_6,7
ATACGCCGATCTACCG-1,Layer_1,6
ATACGCCGGCGAAACC-1,Layer_5,3
ATACGGAACGTCGTTT-1,WM,5
ATACGGGTTTCGATTG-1,Layer_4,4
ATACGGTGAAGATGCA-1,Layer_3,3
ATACGTACTTAGCCAC-1,Layer_5,3
ATACGTCCACTCCTGT-1,Layer_4,4
ATACGTTATGCACGGA-1,Layer_6,7
ATACTACCCGTACCAC-1,Layer_3,1
ATACTAGCATGACCCT-1,Layer_5,4
ATACTGCCTTACACCG-1,Layer_5,4
ATAGACAACGGGACCT-1,Layer_4,4
ATAGACGAAGAGAAAG-1,Layer_6,7
ATAGAGTACTGGGACA-1,Layer_5,3
ATAGAGTTATCAACTT-1,Layer_4,4
ATAGATTTGCAGTCGG-1,Layer_1,6
ATAGCAACTAGGGAAG-1,Layer_3,4
ATAGCCTCAGTACCCA-1,Layer_2,6
ATAGCTGCTCTTGTTA-1,Layer_1,6
ATAGGCGGCTATAGAA-1,Layer_6,2
ATAGGCTAGCTTCGCA-1,Layer_3,4
ATAGGGATATCCTTGA-1,Layer_5,4
ATAGGTTGGGCAGATG-1,Layer_6,3
ATAGTCTTTGACGTGC-1,Layer_3,1
ATAGTGAAGCGTTCTC-1,Layer_6,2
ATAGTTCCACCCACTC-1,Layer_3,4
ATATAAAGCGCTCGTG-1,Layer_6,7
ATATAAATGTAGCTGC-1,Layer_6,3
ATATAACACGGGCGCA-1,Layer_3,4
ATATACGCTCGTGACG-1,Layer_3,1
ATATAGAGTATTGGTC-1,WM,5
ATATCAACCTACAGAG-1,Layer_3,4
ATATCGGTAGGGAGAT-1,Layer_3,1
ATATCGTGCCAGACCC-1,Layer_2,6
ATATCGTTCCTCGAAC-1,Layer_3,4
ATATCTCCCTCGTTAA-1,Layer_3,4
ATATCTTAGGGCCTTC-1,Layer_6,7
ATATGTCTCCCTAGCC-1,Layer_4,4
ATATTCAGTTAAACCT-1,WM,2
ATATTCCACATAGTGA-1,Layer_5,3
ATATTCCCACAGGTCA-1,Layer_3,1
ATATTGCTGTCAAAGT-1,Layer_3,1
ATATTTAACCCTCAAG-1,Layer_6,7
ATCAAACACTGTTCCA-1,Layer_3,1
ATCAAACGAAGGTTTG-1,WM,5
ATCAATCTGGGCTGCA-1,Layer_6,7
ATCAATGCCGTGGCTG-1,WM,5
ATCACATTAGAATATC-1,Layer_4,4
ATCACGTGCTAATTAA-1,WM,2
ATCACTTCATCCTCGC-1,Layer_5,4
ATCAGACGGCACGCCG-1,WM,2
ATCAGCCTCATGCTGC-1,Layer_4,4
ATCAGCTCGTCCACTA-1,Layer_6,2
ATCAGGTCGCCATTGC-1,Layer_3,1
ATCAGTAGGCAGGGAT-1,Layer_4,4
ATCATAGATCGACGAG-1,WM,2
ATCATAGCCCTATGTA-1,Layer_3,1
ATCATCCAATATTTGT-1,Layer_6,2
ATCATCTGCCCAGTGT-1,Layer_2,6
ATCCAACGCAGTCATA-1,Layer_4,4
ATCCAATGGAGGGTCC-1,Layer_6,2
ATCCACATCGACAGAA-1,Layer_5,3
ATCCACGCTAAATGTT-1,Layer_3,1
ATCCAGAGCAACAACC-1,WM,2
ATCCAGGATTCGTGAA-1,Layer_6,2
ATCCCATCCACAGCGC-1,WM,5
ATCCTACCTAAGCTCT-1,WM,2
ATCCTGAATCGCTGCG-1,Layer_5,7
ATCCTGCGTGGAATGG-1,WM,2
ATCCTGCTGCAGATAG-1,Layer_1,6
ATCGACCCAATACAGA-1,Layer_6,2
ATCGACTCTTTCCGTT-1,Layer_5,4
ATCGCACGATTGTTCA-1,Layer_1,6
ATCGCACGCCGGGAGA-1,Layer_5,3
ATCGCCAGTCAACATT-1,Layer_3,1
ATCGCTGCGTGCAGCA-1,Layer_2,1
ATCGGAGACAGACGGC-1,Layer_5,3
ATCGGCAAGCAGTCCA-1,Layer_3,4
ATCGTCCAATCGAGTC-1,Layer_1,6
ATCGTGGAAAGTCTGG-1,WM,5
ATCGTTAGCTAGCGGA-1,Layer_3,4
ATCGTTCACTTTCGCC-1,Layer_3,1
ATCTAATATCCTACGG-1,Layer_6,7
ATCTAGCTTGTGAGGG-1,Layer_6,7
ATCTCCCACGGAATAT-1,Layer_3,1
ATCTCCCTGCAATCTA-1,Layer_3,4
ATCTCGTGAGCGAAAC-1,Layer_2,1
ATCTGACATGGAAGGA-1,WM,5
ATCTGATAGTGTCTTA-1,Layer_1,6
ATCTGCACCTCTGCGA-1,Layer_3,4
ATCTGCTGTTATCGCC-1,Layer_6,2
ATCTGGGCTGTTCTTG-1,Layer_6,7
ATCTGGTTAAGACTGT-1,Layer_5,4
ATCTGTAATTGTACCC-1,Layer_3,4
ATCTTAGGGCATTAAT-1,WM,5
ATCTTATCGCACACCC-1,Layer_3,1
ATCTTGACCTGCAACG-1,Layer_5,3
ATCTTGACTTGTCCAA-1,Layer_3,1
ATGAAGCCAAGGAGCC-1,Layer_4,4
ATGACGCCGGCTCTAA-1,Layer_3,4
ATGACGCGTTCTATCC-1,WM,5
ATGACTATCAGCTGTG-1,WM,5
ATGACTATGCGACATT-1,Layer_5,4
ATGAGGAGTGTTAATC-1,Layer_4,4
ATGATCGGGAATAGAC-1,Layer_3,4
ATGATGCAATGGTACA-1,WM,2
ATGCACGCGCTGTTCA-1,WM,5
ATGCACTACCGCATTG-1,Layer_5,3
ATGCATGATCCAGGAT-1,Layer_5,3
ATGCATTCCGTGATGG-1,Layer_1,6
ATGCCAATCGCTCTGC-1,Layer_2,1
ATGCCATTTGCGACCA-1,Layer_5,4
ATGCCGGTCTTGCATA-1,Layer_5,3
ATGCCGGTTGATGGGA-1,Layer_3,4
ATGCGACAATTGGTCC-1,Layer_1,6
ATGCGACAGTCCCATT-1,Layer_6,7
ATGCGAGTCCCACCAC-1,Layer_3,4
ATGCTCAGTGTTGCAT-1,Layer_3,1
ATGCTCTGGCGCGGTA-1,Layer_5,3
ATGCTTAGGAGTTGAT-1,Layer_2,1
ATGGAAATTTAAGGAG-1,WM,5
ATGGACTGCTTAGTTG-1,WM,2
ATGGAGCAGGCCGTGA-1,Layer_6,7
ATGGATCCGGCGTCCG-1,Layer_4,4
ATGGATTGACCAAACG-1,Layer_5,3
ATGGCAGCATTACGAT-1,WM,5
ATGGCTGGAAATGGCC-1,Layer_3,1
ATGGGAACGGAAGCGG-1,Layer_2,1
ATGGGACCTGCTGAAC-1,WM,5
ATGGGCCTCGGCCTCT-1,Layer_4,4
ATGGGTGTATACCTCC-1,WM,5
ATGGTATTTACTGATT-1,WM,5
ATGGTCGCGTGGTTTC-1,Layer_5,4
ATGGTGCTCAAAGCCA-1,Layer_1,6
ATGTAAGGCTGCTCTT-1,Layer_2,1
ATGTACGATGACGTCG-1,Layer_6,7
ATGTAGCGCGCGTAGG-1,Layer_5,7
ATGTGAAAGCCTAATG-1,Layer_6,2
ATGTGCATCCGACGCA-1,Layer_5,4
ATGTGGACATCTTGAT-1,Layer_6,7
ATGTGTAGTTTAGTCA-1,Layer_1,6
ATGTTACGAGCAATAC-1,Layer_2,6
ATGTTCCTGCCCACCT-1,Layer_1,6
ATGTTCGTCGACCCAC-1,Layer_4,3
ATGTTGTAGTCTGTTT-1,WM,5
ATTAAACATGCGGACC-1,Layer_6,2
ATTAATACTACGCGGG-1,Layer_5,4
ATTAATGAACCAGTCG-1,Layer_5,4
ATTAATTCGGTCACTC-1,Layer_3,4
ATTACAACTACCGGCC-1,Layer_3,4
ATTACATGTCAGTCTT-1,Layer_3,1
ATTACCACACTGCCTG-1,Layer_2,1
ATTACGCGCTGGCAGG-1,Layer_6,7
ATTACTAGCCTCTTGC-1,Layer_3,4
ATTACTTACTGGGCAT-1,Layer_3,1
ATTAGATTCCTCAGCA-1,Layer_3,1
ATTAGATTGATAGCGG-1,Layer_4,4
ATTAGGCGATGCTTTC-1,Layer_6,7
ATTATACTTTGCTCGT-1,Layer_4,4
ATTATAGCTACTTTAC-1,Layer_2,1
ATTATCGGAATGTACG-1,Layer_6,2
ATTATCTCGACAGATC-1,Layer_2,1
ATTATGAGACCCAATT-1,WM,5
ATTATGCCATAGGGAG-1,Layer_5,4
ATTATTATGTCCGTCA-1,WM,5
ATTATTCAGAGTCACT-1,Layer_3,4
ATTCAACCATTTAAGG-1,Layer_3,1
ATTCACTGATGTTGGA-1,Layer_6,7
ATTCAGGACCTATTTC-1,Layer_3,4
ATTCAGGATCGCCTCT-1,Layer_1,6
ATTCAGTAGCAGGGTC-1,Layer_3,3
ATTCATATACTGTCCA-1,Layer_6,2
ATTCATCGTTGAGGCA-1,Layer_3,4
ATTCCCACATAAACAA-1,Layer_3,4
ATTCCTAAGACGTGGA-1,Layer_2,1
ATTCCTCCGCCAGTGC-1,Layer_4,4
ATTCCTTCCAGGCGGT-1,Layer_1,6
ATTCGACGCCGGGCCT-1,Layer_5,7
ATTCGCGCCTTGAGAG-1,Layer_3,1
ATTCGTGCTATCTCTT-1,Layer_3,1
ATTCTCGTCTCTTTAG-1,Layer_3,1
ATTCTGAGTATGAACT-1,Layer_3,1
ATTCTTCGTACTTATG-1,Layer_3,1
ATTGAAGATCTTAGTG-1,Layer_5,7
ATTGACGTAACTCGGT-1,Layer_3,1
ATTGATAGCAACGAGA-1,Layer_1,6
ATTGATCACCACATTT-1,WM,5
ATTGATGAGTCCTAAC-1,Layer_3,4
ATTGCCTATTAGACCG-1,WM,5
ATTGCCTTTATGTTTG-1,Layer_4,4
ATTGCGATCAGTAACT-1,Layer_3,4
ATTGCTGCTCCTCCAT-1,Layer_6,7
ATTGGATTACAGCGTA-1,Layer_3,1
ATTGGGAATATCTTGG-1,Layer_3,1
ATTGTACAACTCGGCT-1,Layer_3,4
ATTGTCGCAATACCTT-1,Layer_3,4
ATTTAACTCGTATTAC-1,Layer_3,1
ATTTACAGTTTACTGG-1,Layer_5,3
ATTTACTAAGTCCATT-1,Layer_3,1
ATTTCATTATTTCGCG-1,Layer_3,4
ATTTCCGGGTTCTGCG-1,WM,5
ATTTGCCTAGTTACGA-1,Layer_1,6
ATTTGCGCGAGTAGCT-1,WM,5
ATTTGTCTTGGGAGCT-1,Layer_5,4
ATTTGTTCCAGGGCTC-1,Layer_4,4
CAAACCCTCCGGCGGG-1,Layer_5,7
CAAACGAGTATCGCAG-1,WM,5
CAAACGGTCGCACTTT-1,Layer_5,3
CAAACGTGGTCTTGCG-1,Layer_2,1
CAAACTACGATAGAGA-1,Layer_3,4
CAAACTATTGAGCTTC-1,Layer_3,4
CAAACTCGCGACGCCG-1,Layer_3,1
CAAAGATTATTGGGCC-1,WM,5
CAAAGTCAGGTTAGCT-1,Layer_1,6
CAAATCTCTCACAAGG-1,Layer_6,2
CAAATGCGGAGTGTTC-1,Layer_1,6
CAAATGTCCTTCCGTG-1,WM,2
CAAATTGTCAGCAAGC-1,Layer_3,4
CAACAGAATAACGCTA-1,Layer_1,6
CAACAGTGCCAAACGG-1,Layer_1,6
CAACATGGCCTGATAA-1,Layer_1,6
CAACCGCACCTAGACA-1,Layer_1,6
CAACCTACCGAGCAGT-1,Layer_3,1
CAACGACCCGTTTACA-1,Layer_4,4
CAACGCGATGAGCCAA-1,WM,2
CAACGGTTCTTGATAC-1,Layer_3,1
CAACGTGGTGGAGTCT-1,Layer_2,6
CAACTATATCGAATGC-1,Layer_3,4
CAACTCCAACGTTTAG-1,Layer_2,1
CAACTCCTTGATCCCG-1,Layer_3,4
CAACTGCTCATCCGAT-1,Layer_6,2
CAACTTGTAGTGGGCA-1,Layer_1,6
CAAGAGGGCGGAGTAC-1,Layer_6,3
CAAGATATTATAACGT-1,Layer_5,4
CAAGCAACGTCGGAGT-1,Layer_5,3
CAAGCACCAAATGCCT-1,Layer_4,4
CAAGCGGCACATAATT-1,Layer_6,7
CAAGGATCGCATGTTC-1,Layer_6,7
CAAGGCCAGTGGTGCA-1,Layer_3,1
CAAGGTCCTATAGGCT-1,Layer_3,1
CAAGTAAGTGATAGAC-1,Layer_6,2
CAAGTGAACTTTGGTT-1,Layer_1,6
CAAGTGTGGTTGCAAA-1,Layer_4,4
CAATAAACCTTGGCCC-1,Layer_5,4
CAATACGCTCTGAGGC-1,Layer_5,7
CAATATTCTTGACCTA-1,WM,5
CAATATTGGACTAGTG-1,Layer_1,6
CAATCCCTATACCAGC-1,Layer_3,4
CAATCCTGCCGTGGAG-1,Layer_1,6
CAATGCGAGAAGTATC-1,Layer_5,4
CAATGGAATCTACATA-1,Layer_3,1
CAATGGATCTCTACCA-1,Layer_5,4
CAATGGTCGGCCTGGG-1,Layer_1,6
CAATTAAGGGTGATGA-1,Layer_6,7
CAATTTCGTATAAGGG-1,Layer_6,7
CAATTTGACCGGGAAG-1,Layer_1,6
CACAAGCTAAGAAAGG-1,WM,5
CACAATGAGCTGCTAT-1,Layer_6,2
CACACACGCTAACGAG-1,Layer_3,1
CACACAGCTTGCGCTC-1,Layer_2,1
CACACAGGGATAGATT-1,Layer_3,4
CACACGCGCTGTCTTA-1,Layer_5,4
CACACGTTTCAATGGG-1,Layer_3,1
CACAGAGACGAGGACG-1,WM,5
CACAGCACCCACGGCA-1,Layer_6,7
CACAGCTAGGGAGTGA-1,Layer_5,4
CACAGGGCCATATAGT-1,Layer_3,4
CACAGGGCCGTTGTCA-1,Layer_6,2
CACAGTCCCGCTTCGC-1,Layer_2,1
CACAGTTCGCTTCCCA-1,Layer_2,6
CACATAAGGCGACCGT-1,Layer_1,6
CACATATTAGCAGGAT-1,Layer_6,3
CACATCGTGCACGCGC-1,WM,5
CACATCTCACCGACGA-1,Layer_5,3
CACATGATTCAGCAAC-1,Layer_6,7
CACATGTTTGGACATG-1,Layer_1,6
CACATTCTTTCGATGG-1,Layer_3,4
CACATTTCTTGTCAGA-1,Layer_3,1
CACCAGTCAGCATGCA-1,WM,5
CACCATCGGAGGAGAC-1,Layer_3,1
CACCCAAATCTTATGT-1,Layer_3,1
CACCCACACGTCACCC-1,Layer_3,1
CACCCACGAGGCAATT-1,Layer_3,4
CACCCGGTTTGTGACT-1,WM,5
CACCCTAACAAGATCT-1,Layer_5,3
CACCCTTGGTGAGACC-1,WM,5
CACCCTTTCCTCGCTC-1,Layer_1,6
CACCGATACACCGAGC-1,Layer_3,1
CACCGCCAGAAGGTTT-1,Layer_5,3
CACCGCCGACCAGCGA-1,Layer_3,1
CACCGCGTCCACTCTA-1,Layer_3,1
CACCGGAGATATCTCC-1,Layer_2,1
CACCGGTAGAGACATT-1,WM,5
CACCGTATCCCATCCG-1,Layer_3,1
CACCGTTAGGGATCAC-1,WM,5
CACCGTTGCGCGATAT-1,WM,2
CACCTAATAGAGTCGT-1,Layer_2,1
CACCTAATCAGTTTAC-1,Layer_5,4
CACCTCGATGGTGGAC-1,Layer_4,4
CACCTTGCGAAACTCG-1,Layer_5,4
CACCTTGGCGCCTTTG-1,Layer_3,4
CACGAAAGTTAGTCCC-1,Layer_5,3
CACGACTAAAGTTCTG-1,Layer_1,6
CACGATTGGTCGTTAA-1,Layer_1,6
CACGCACAGCGCAGCT-1,Layer_5,4
CACGCAGCGAGGCTTT-1,Layer_5,7
CACGCGGAACTGTTGC-1,Layer_3,4
CACGGCGCGCCAAAGG-1,Layer_3,1
CACGGGATTGAGGGTT-1,Layer_3,4
CACGTCGGCAACCTCT-1,WM,5
CACGTCTATGATGTGG-1,Layer_2,1
CACGTTCGTGCTCTAG-1,Layer_5,3
CACGTTTCGTACACAC-1,Layer_4,4
CACTAAAGTTGCCTAT-1,Layer_6,7
CACTACGGGAGCTGCC-1,Layer_3,1
CACTACTCAGTTCTGT-1,Layer_3,1
CACTCAAGAGCTATGG-1,Layer_6,2
CACTCAGCTCTTGAGG-1,Layer_3,4
CACTCCTATGTAAGAT-1,WM,5
CACTCCTCTCGGTCGG-1,Layer_3,4
CACTCGAGCTGAACAA-1,Layer_6,3
CACTCGGTTAGGAGGA-1,Layer_4,7
CACTCTCAAGCATCGA-1,WM,5
CACTCTTCTGCTAGCC-1,Layer_3,1
CACTGACGATTGTGGA-1,WM,2
CACTGTCCAAGTGAGA-1,Layer_3,4
CACTTAATCAGACGGA-1,Layer_6,7
CACTTCGCCACAGGCT-1,Layer_3,1
CACTTCGTCTTATCTC-1,Layer_1,6
CAGAACTTAGCCCTCT-1,Layer_5,4
CAGAATAACACACGGA-1,Layer_3,1
CAGACACCGATCGCTG-1,WM,2
CAGACCTGTAAGTGTT-1,Layer_3,4
CAGACGAACCTGATAC-1,WM,2
CAGAGACGGTCACCCA-1,Layer_6,2
CAGAGCATGAGCTTGC-1,Layer_5,3
CAGAGGCGATGCATGA-1,WM,5
CAGAGTGATTTAACGT-1,Layer_3,1
CAGATAATGGGCGGGT-1,Layer_3,1
CAGATACTAACATAGT-1,Layer_5,3
CAGATATGAAGATGAC-1,WM,5
CAGATCATTTAAAGTC-1,Layer_3,1
CAGATCCTGGTTTGAA-1,WM,5
CAGCAGCCCGTTCCTT-1,Layer_5,3
CAGCAGTCCAGACTAT-1,Layer_3,4
CAGCAGTCTGTGCTGC-1,Layer_5,3
CAGCCCTCACAGGCAG-1,Layer_1,6
CAGCCGGGCCCTCTAT-1,Layer_3,4
CAGCCTCCTGCAGAGG-1,Layer_5,4
CAGCCTCTCCTCAAGA-1,Layer_3,1
CAGCGATTCCCTTCAA-1,WM,5
CAGCTCACTGAGACAT-1,Layer_6,7
CAGCTCGACAAGTTAA-1,Layer_4,4
CAGCTCGTGCTTGTGT-1,Layer_3,1
CAGCTGGCGTAACCGT-1,WM,2
CAGCTTAGTAGGTAGC-1,Layer_5,3
CAGGAAGACTTTATAT-1,Layer_3,4
CAGGATATATCGTTGT-1,Layer_6,2
CAGGATCCGCCCGACC-1,Layer_1,6
CAGGCAGTCTTACCAG-1,Layer_4,4
CAGGCCAGTACCACCT-1,WM,5
CAGGCCGTTTGGGTGT-1,Layer_6,2
CAGGCGCACGGTGGTC-1,WM,5
CAGGCGCCATGCTAGG-1,Layer_6,3
CAGTAATCCCTCCCAG-1,Layer_3,1
CAGTACATTCTCTAAA-1,Layer_3,1
CAGTACCAGTTTACGT-1,Layer_6,2
CAGTAGCCCACGCGGT-1,Layer_3,4
CAGTAGCGAGGTAGTA-1,Layer_1,6
CAGTCGAGGATGCAAT-1,Layer_3,4
CAGTCTCTCGGCTAAT-1,Layer_1,6
CAGTCTGTATACTGGG-1,Layer_6,7
CAGTGAATAAATGACT-1,Layer_5,4
CAGTGGTTGCACATGA-1,Layer_2,6
CAGTGTCCGCAGAATG-1,Layer_3,1
CAGTGTCGGCTGGCCC-1,Layer_4,4
CAGTGTTAATCTCTCA-1,WM,5
CAGTTCAAATTGACAC-1,Layer_5,3
CAGTTCCGCGGGTCGA-1,Layer_3,4
CAGTTCGAGGACCCGA-1,Layer_6,2
CATAACGGACAGTCGT-1,Layer_4,4
CATAAGAAGCTTGGCT-1,Layer_6,3
CATAAGCTCTCCGTCT-1,Layer_5,7
CATAATGAGCGGGCGA-1,Layer_1,6
CATACAAAGCCGAACC-1,Layer_2,6
CATACCCGTACCCAGT-1,Layer_5,7
CATACGAACTAGCTGG-1,WM,5
CATACGGCGTCTGGGC-1,Layer_6,2
CATACGGGTGCATGAT-1,Layer_1,6
CATACTATGTAATTGT-1,Layer_6,7
CATACTTAGGCAATAC-1,Layer_2,1
CATACTTCTTTCTCCG-1,Layer_6,2
CATAGCCGCCCGGGAT-1,Layer_3,4
CATAGCGTTGCCCACC-1,WM,5
CATAGTACATTGAGAG-1,Layer_3,4
CATAGTAGCATAGTAG-1,Layer_3,4
CATAGTCAAATACATA-1,Layer_3,4
CATAGTCCACAAGAAC-1,Layer_6,2
CATATACTACTGATAA-1,Layer_3,1
CATATAGGTACAGTCA-1,Layer_6,2
CATATGTCAGGCTACG-1,WM,2
CATATTATTTGCCCTA-1,Layer_3,1
CATCAACACCTACTAA-1,Layer_1,6
CATCATCTACCCGGAC-1,Layer_3,4
CATCATTACCCTGAGG-1,Layer_3,4
CATCCAATATAGTTTG-1,WM,5
CATCCGCAGGCCCGAA-1,Layer_1,6
CATCCTCTCAAAGATC-1,Layer_3,4
CATCGAATGGATCTCT-1,Layer_1,6
CATCGCCCGCGGCCAA-1,Layer_3,1
CATCGGACGGGTTAAT-1,Layer_6,2
CATCTATCCCGTGTCT-1,Layer_3,1
CATCTGCAGGATCATT-1,Layer_3,4
CATCTTACACCACCTC-1,Layer_3,4
CATGAACCGACATTTG-1,Layer_2,6
CATGAACCTCTTATCA-1,Layer_2,1
CATGACTTCGCTGAAT-1,Layer_3,4
CATGAGATGCACTCTC-1,Layer_5,3
CATGATGCACAATTCT-1,Layer_5,4
CATGATGGAAGTTAGC-1,Layer_3,4
CATGCACATGAGAGGC-1,WM,5
CATGCACGTGTTACTG-1,Layer_2,6
CATGCATGGAGACCCT-1,Layer_3,1
CATGCCAACTCGCAAA-1,Layer_6,7
CATGCGACCAGTTTAA-1,Layer_3,4
CATGCGTTAGACAGAA-1,Layer_3,4
CATGCTGGCTCCAATT-1,Layer_3,1
CATGGATTGTCTTCCG-1,Layer_3,1
CATGGCAGGAAGATCG-1,Layer_3,4
CATGGGTATGCCTTAT-1,Layer_5,4
CATGGGTCGGGTGTGG-1,Layer_4,4
CATGGTAAGTAGCGTT-1,Layer_6,3
CATGGTATTAGTTTGT-1,WM,5
CATGGTCTAGATACCG-1,Layer_5,3
CATGTAAGAGACATTT-1,Layer_4,4
CATGTCTCATTTATGG-1,Layer_5,4
CATTACGTCGGCCCGT-1,Layer_5,4
CATTATAACAGGGTCC-1,Layer_1,6
CATTATCCCATTAACG-1,WM,5
CATTATGCTTGTTGTG-1,Layer_5,3
CATTCACTGACAGCTA-1,Layer_2,6
CATTCAGGTCAGTGCG-1,Layer_1,6
CATTCCCTAAGTACAA-1,Layer_1,6
CATTGCAAAGCATAAT-1,Layer_1,6
CATTGCGAAATGGGCG-1,Layer_4,7
CATTGTGTGCTAGATC-1,Layer_1,6
CATTTAGCGGACCATG-1,Layer_5,4
CATTTATCGTTCAAGA-1,Layer_3,1
CATTTCTAGCAGACTA-1,Layer_2,6
CATTTGAGTGGTACGT-1,WM,5
CCAAACAGAACCCTCG-1,Layer_4,4
CCAAAGCAGTTGGTTG-1,Layer_1,6
CCAAAGTCCCGCTAAC-1,Layer_1,6
CCAAATAACAAGATTC-1,Layer_3,1
CCAACCTTATGTAACT-1,WM,5
CCAACGATGCACTGAT-1,Layer_5,3
CCAACGCTTGCCAGGG-1,Layer_2,1
CCAAGAAAGTGGGCGA-1,WM,2
CCAAGACTTCTGCGAA-1,Layer_5,4
CCAAGCGTAACTCGTA-1,Layer_6,7
CCAAGGAACAGAGAGG-1,Layer_3,1
CCAATAGTGCCGTCGA-1,Layer_6,7
CCAATCGGTAGATCGA-1,Layer_3,4
CCAATGTCACAGCAAG-1,Layer_6,2
CCAATTACGGGTCGAG-1,Layer_3,4
CCAATTGAATGTTAAT-1,Layer_4,4
CCACAATGTACGTCTT-1,Layer_5,4
CCACACTGAGATATTA-1,Layer_6,2
CCACAGTACCCATCCT-1,Layer_4,4
CCACATACTGCACCCA-1,Layer_2,6
CCACCAACTTTACTGT-1,WM,5
CCACCCAAGGAAAGTG-1,Layer_6,3
CCACGAATTTAACCTC-1,Layer_3,1
CCACGAGAAGAGAATC-1,Layer_3,4
CCACGGAGCCATAAGA-1,WM,2
CCACGGTGCCCGGTAG-1,Layer_3,1
CCACTAAACTGAATCG-1,Layer_1,6
CCACTGGTGGCTGGTT-1,Layer_5,7
CCACTGTTTGGATTAA-1,Layer_3,1
CCAGAAAGCAACTCAT-1,WM,5
CCAGAGACAAAGCCGG-1,Layer_3,1
CCAGATAGTTGAGTGA-1,Layer_5,4
CCAGCCTGGACCAATA-1,Layer_6,7
CCAGCTACGCCTCATA-1,Layer_1,6
CCAGCTCGAACGCATT-1,Layer_6,7
CCAGCTGATGGTACTT-1,Layer_5,7
CCAGCTTCCGCCCGCA-1,Layer_3,4
CCAGGGACGTGGCCTC-1,Layer_5,3
CCAGTAGTCTGATCCA-1,Layer_4,4
CCAGTCTAGACGGCGC-1,Layer_4,4
CCAGTCTTGTCATAGA-1,Layer_6,2
CCATAAACAACCCGAC-1,Layer_3,4
CCATACCTTTACTTGT-1,Layer_3,4
CCATAGGTTGGCGTGG-1,Layer_4,4
CCATAGTCAGTAACCC-1,Layer_1,6
CCATATGGAAACTATA-1,Layer_3,1
CCATATTGGATCATGA-1,Layer_1,6
CCATCCATACCAAGTC-1,Layer_3,1
CCATCGCAGTTAAACT-1,Layer_6,2
CCATCTCACCAGTGAA-1,Layer_3,4
CCATCTTGTTCACAAT-1,Layer_1,6
CCATGCCCTAGATTTC-1,Layer_3,4
CCATGCCTGTTTAGTA-1,Layer_6,2
CCATGCTCTGCAGGAA-1,Layer_3,4
CCATGGCAAACGCTCA-1,WM,2
CCATGGCCCTTGTACC-1,Layer_4,3
CCATGTTCATCTATAT-1,WM,5
CCATTAGCGATAATCC-1,Layer_5,7
CCATTCCCTGCCCACA-1,Layer_5,7
CCATTTCTACCTATTA-1,Layer_6,7
CCCAAACATGCTGCTC-1,Layer_5,4
CCCAACATACGTCGCG-1,Layer_6,2
CCCAACCACACTAACA-1,Layer_3,1
CCCAAGAATGCACGGT-1,Layer_1,6
CCCAAGACAGAGTATG-1,Layer_1,6
CCCAATGAGATTTGCA-1,WM,5
CCCAATTTCACAACTT-1,Layer_6,7
CCCAGAGGAGGGCGTA-1,Layer_3,1
CCCAGGTCTGAAGGCT-1,Layer_3,1
CCCAGTAAACTTGGGA-1,WM,5
CCCAGTTAAGGCGCCG-1,Layer_5,3
CCCGAAGTTTCGCGAA-1,Layer_5,7
CCCGACCATAGTCCGC-1,Layer_5,4
CCCGAGTTTCTCCGTA-1,Layer_3,1
CCCGCAGCGCGAACTA-1,Layer_6,7
CCCGCAGGGCCCAAAG-1,Layer_3,4
CCCGCCATGCTCCCGT-1,Layer_3,4
CCCGCGCAATGCACCC-1,Layer_3,1
CCCGCTAGAGGGTTAA-1,Layer_1,6
CCCGCTTGCCCTCGTC-1,Layer_1,6
CCCGGGTCGTTCAGGG-1,Layer_6,2
CCCGGTGGAAGAACCT-1,Layer_3,4
CCCGGTGTATCGGAAT-1,WM,5
CCCGTAAGTCTAGGCC-1,Layer_6,7
CCCGTAGCTGGGAAGA-1,WM,5
CCCGTCAGCGTCTGAC-1,Layer_5,4
CCCGTTTCGCAGATGT-1,Layer_3,1
CCCTATGTAGAGCAGA-1,WM,5
CCCTCATTCTGGAATT-1,Layer_3,1
CCCTCCTCGCTCGTAT-1,Layer_3,1
CCCTCGATAATACACA-1,WM,5
CCCTCGGGAGCCTTGT-1,Layer_1,6
CCCTGAAATGAGTTGA-1,Layer_5,3
CCCTGACTAACAAATT-1,Layer_5,7
CCCTGATGTAACTCGT-1,Layer_1,6
CCCTGCCCAATCCGCT-1,Layer_5,7
CCCTGCGCTACGCATA-1,Layer_5,7
CCCTGGTATGGGCGGC-1,Layer_3,1
CCCTTCTCGTACGCGA-1,Layer_1,6
CCCTTTAATGGAGTTC-1,Layer_2,1
CCCTTTGACAGGTCTT-1,Layer_6,2
CCGAAAGTGGTGAGCA-1,Layer_3,1
CCGAACACTGGGCCTC-1,Layer_6,7
CCGAACCTTCCCGGCC-1,Layer_6,3
CCGAAGCATTGACCAA-1,WM,5
CCGAAGTATATTGTTC-1,Layer_3,1
CCGACAAACACATGAG-1,Layer_1,6
CCGACAAAGGGAGTGC-1,Layer_5,3
CCGACAATAGGCCGCC-1,Layer_2,1
CCGACGGGCATGAGGT-1,WM,5
CCGACGTAAACACAAC-1,Layer_3,1
CCGACTCGCATAGTCT-1,Layer_2,1
CCGAGAAGTCGCATAA-1,Layer_3,1
CCGAGCTGTGCTTGTC-1,Layer_1,1
CCGAGGGATGTTAGGC-1,Layer_2,6
CCGATCTCAACCTTAT-1,Layer_3,4
CCGATTCGAGGGACCC-1,Layer_5,7
CCGATTGGTCAATGAA-1,Layer_1,6
CCGCACAAAGACCAAC-1,Layer_6,3
CCGCACGTGACCTCGG-1,Layer_4,3
CCGCATGTGGTACGAT-1,Layer_6,7
CCGCCACCACAATCCA-1,Layer_1,6
CCGCCGGAACTTCTCG-1,WM,5
CCGCCGGTCAACACAC-1,Layer_3,1
CCGCCTGCGAATTGGT-1,Layer_3,1
CCGCGGAATGCGTCAC-1,WM,5
CCGCGGGTACGAAGAA-1,Layer_5,3
CCGCGTAGGTAAGGGC-1,Layer_4,3
CCGCTATCAGCACCAG-1,Layer_6,7
CCGCTCCAGGGCGATC-1,Layer_5,7
CCGCTCTTCCGAACTA-1,Layer_3,4
CCGCTGGTGCCATTCA-1,Layer_3,1
CCGCTTACCTCACTCT-1,WM,5
CCGCTTCGCGGTTAAC-1,Layer_1,6
CCGCTTGCTGACATGG-1,Layer_2,1
CCGGAATGGTTTCAGT-1,Layer_3,4
CCGGAGCGTACTTTCT-1,Layer_6,2
CCGGCACGACCGTTTC-1,Layer_3,1
CCGGCGCATATTGGAT-1,Layer_3,4
CCGGCGTGAGACTCTG-1,Layer_6,2
CCGGGACCCGCAGAGA-1,Layer_3,4
CCGGGCGGTCTCGTCA-1,Layer_5,3
CCGGGCTAAGAATTTC-1,WM,5
CCGGGCTGCTCCATAC-1,Layer_5,4
CCGGGTTCGAGGTTAC-1,Layer_6,7
CCGGTAATGGCTAGTC-1,Layer_2,1
CCGGTTTGTAATTGTG-1,WM,5
CCGTAAGTTGGTCCCA-1,Layer_5,3
CCGTACCCAAGCGCCA-1,Layer_1,6
CCGTAGGAAATCCCTG-1,Layer_3,4
CCGTAGGGTTGTTTAC-1,Layer_3,1
CCGTATCTCGTCGTAG-1,WM,5
CCGTATTAGCGCAGTT-1,Layer_1,1
CCGTCAACCTCTGGCG-1,WM,5
CCGTGCCCATGACGGC-1,Layer_3,1
CCGTGGAACGATCCAA-1,Layer_3,1
CCGTGTTAAATTCCAT-1,WM,5
CCGTTACGTTAGAACA-1,Layer_3,4
CCGTTCCGAATCTCGG-1,Layer_5,7
CCTAAACAGGGTCCGT-1,Layer_1,6
CCTAAAGGCTGACGCT-1,Layer_3,4
CCTAAATTAACGGTTC-1,Layer_6,7
CCTAAATTGTATCCTA-1,Layer_2,6
CCTAACCCAAACAAGT-1,Layer_4,4
CCTAACTAAGGCTCTA-1,Layer_3,4
CCTACAAGTCCGGAAT-1,Layer_1,6
CCTACATTCACAGACG-1,WM,5
CCTACGCGACCTTACA-1,Layer_1,6
CCTACGGCTCAGTCGA-1,Layer_3,1
CCTACTGCTTACACTT-1,Layer_5,3
CCTAGGCGTAGCGATC-1,Layer_5,4
CCTAGGTAAAGGTAGC-1,WM,5
CCTAGTTAGTCGCATG-1,Layer_3,4
CCTATAATGAGTGCCC-1,Layer_5,3
CCTATACCGTCCTGTC-1,WM,5
CCTATATCGTGTCACG-1,WM,5
CCTATATTTGTCCTGG-1,WM,2
CCTATCTATATCGGAA-1,Layer_4,4
CCTATGAAGTGGTGCC-1,Layer_3,1
CCTATGGCTCCTAGTG-1,WM,5
CCTATGGGTTACCGTC-1,Layer_6,3
CCTATGGTCAAAGCTG-1,Layer_5,7
CCTATGTCCACTCCAC-1,Layer_3,4
CCTCACCAATCTTGAC-1,Layer_3,1
CCTCACCTGAGGGAGC-1,Layer_3,4
CCTCACCTTAGCATCG-1,Layer_3,4
CCTCATGCAGCTACGA-1,Layer_1,6
CCTCCCGACAATCCCT-1,Layer_3,1
CCTCCGACAATTCAAG-1,Layer_5,3
CCTCCTAGCTAGAGTC-1,WM,5
CCTCCTGTTGTGTCGT-1,Layer_3,4
CCTCGAAGTGGACGGG-1,Layer_3,4
CCTCGACCCACTGCCT-1,Layer_2,6
CCTCGCCAGCAAATTA-1,Layer_4,4
CCTCGCGCGATATAGG-1,Layer_3,4
CCTCGCGCTGTGCGAT-1,Layer_6,2
CCTCGGACCGGGATAG-1,Layer_5,4
CCTCGGATGCTACCTG-1,Layer_3,3
CCTCGGTTTCCTTGCC-1,WM,5
CCTCTAATCTGCCAAG-1,Layer_5,4
CCTCTACAAGGATTGG-1,WM,5
CCTCTATCGATTAGCA-1,WM,5
CCTCTCTCCCATCTAG-1,Layer_5,7
CCTCTGGCCTAGACGG-1,Layer_3,4
CCTCTGTACTATTCTA-1,Layer_6,2
CCTGAACGATATATTC-1,Layer_5,4
CCTGAATATTTACATA-1,Layer_5,4
CCTGACCACCGATGGT-1,Layer_6,2
CCTGACGCAACCTTTA-1,Layer_2,6
CCTGCGATAGAACTGT-1,Layer_1,6
CCTGCGTTCTACGCTT-1,Layer_3,3
CCTGCTATTTGAGAAG-1,Layer_5,3
CCTGGAAACGTTCTGC-1,Layer_2,1
CCTGGCTAGACCCGCC-1,Layer_5,3
CCTGGTCGAATGTGGG-1,Layer_6,7
CCTGTAAGACATGATA-1,Layer_6,7
CCTGTACTCACGCCCA-1,Layer_6,7
CCTGTCACCCGGGCTC-1,Layer_6,7
CCTGTCGCCCGTAAAT-1,Layer_6,7
CCTGTCGTGTATGAAG-1,WM,5
CCTGTGCGGATTGTAA-1,Layer_1,6
CCTGTTTGAAGACACG-1,Layer_3,4
CCTTCAGTTAAAGTGA-1,WM,2
CCTTCCGCAACGCTGC-1,WM,5
CCTTCGTATAGAATCC-1,Layer_6,2
CCTTCTCAGCGTTCCT-1,Layer_5,7
CCTTCTTGATCCAGTG-1,Layer_4,4
CCTTGACCACTTTATT-1,Layer_3,1
CCTTTAAGGGAGCACT-1,WM,2
CCTTTCAATGAAGAAA-1,Layer_3,4
CCTTTGAATTATGGCT-1,WM,5
CGAAACATAGATGGCA-1,Layer_3,4
CGAAACGCAATTCATG-1,Layer_6,2
CGAACAGTATGGGCGT-1,Layer_3,4
CGAACCCGCATGCGTC-1,WM,5
CGAACGCCCAGTGCCG-1,Layer_3,4
CGAACGGCCGGACAAC-1,Layer_6,2
CGAAGACTGCCCGGGA-1,Layer_1,6
CGAAGCCACAGCATGG-1,WM,5
CGAAGCTATAAATTCA-1,Layer_3,1
CGAAGGGTTTCAGATT-1,WM,5
CGAAGTTGCTCTGTGT-1,Layer_5,7
CGAATCTGCTCGACGC-1,WM,5
CGAATGAAGTCATTGC-1,WM,5
CGAATGACGCATAATG-1,Layer_6,2
CGAATTACATGGTGTT-1,Layer_1,6
CGACAATTTGATCTAA-1,Layer_4,4
CGACACGCTCCGACAG-1,Layer_4,4
CGACAGTTCGCGTTAT-1,Layer_6,7
CGACATGCGATCTTCT-1,Layer_3,1
CGACCCTTAACGCCGG-1,Layer_6,2
CGACGCATCCGTACCT-1,Layer_6,5
CGACTCAGGATGTTAT-1,Layer_3,4
CGACTTTGTATAGCCT-1,Layer_3,1
CGAGACCCTAGAGTGT-1,Layer_6,2
CGAGAGATGTGAACCT-1,Layer_5,3
CGAGAGCTTTCACTAC-1,Layer_3,4
CGAGAGGGTAGCCGCG-1,Layer_3,1
CGAGATGTTGCCTATA-1,Layer_1,6
CGAGATTTCGCTCGGG-1,Layer_2,1
CGAGCACTTCAAGTTT-1,Layer_3,4
CGAGCGTTGATCAGCC-1,Layer_3,1
CGAGCTGGGCTTTAGG-1,Layer_4,4
CGAGGCCAGGCATTGG-1,Layer_1,6
CGAGGCTAAATATGGC-1,Layer_6,3
CGAGGGACTGCGGTCG-1,Layer_5,3
CGAGGGTATCCAGGTG-1,Layer_6,2
CGAGTACTAAAGAGGA-1,WM,2
CGAGTGAAGGTACCAG-1,WM,5
CGAGTGCTATAGTTCG-1,Layer_1,6
CGAGTTCTGTCCCACC-1,Layer_5,4
CGAGTTTATCGGACTG-1,Layer_4,4
CGATAATACTCAGGTT-1,Layer_2,1
CGATACCTCGCGGACA-1,Layer_6,2
CGATAGCGATACAGTG-1,WM,5
CGATAGTCGTACTGCA-1,Layer_3,4
CGATCCGACCCAGTGC-1,Layer_6,2
CGATCCTCGCAACATA-1,WM,5
CGATCTGTTGGAGGAC-1,Layer_6,2
CGATGGACCCTACGCC-1,Layer_3,4
CGATGTTGTTATCTAC-1,WM,5
CGATTAAATATCTCCT-1,Layer_6,2
CGATTCGCCTGGCTGC-1,Layer_6,3
CGCAAACACGAGTTAC-1,Layer_5,3
CGCAATTACTTTCGGT-1,Layer_3,4
CGCAATTAGGGTAATA-1,Layer_5,3
CGCAATTCTACAATAA-1,Layer_3,4
CGCACATGTCCACTAC-1,Layer_5,4
CGCACGTCTGTTTATG-1,WM,5
CGCACGTGCGCTATCA-1,Layer_3,4
CGCAGAAACATTTGCG-1,Layer_2,1
CGCAGATCTTCACCCG-1,Layer_2,1
CGCAGGCGATCCAAAC-1,Layer_3,1
CGCATCATGGCTTCAG-1,Layer_3,1
CGCATGCCGAATGCGT-1,Layer_3,4
CGCATGGTGCGATGCT-1,Layer_6,7
CGCATTAGCTAATAGG-1,Layer_5,3
CGCCAAGAAGCCGAGT-1,Layer_5,7
CGCCACAGGTCGCGAT-1,Layer_6,2
CGCCACCCGCATTAAC-1,Layer_1,6
CGCCATCCGATTATGA-1,Layer_5,4
CGCCCAGCACGCCTAG-1,WM,2
CGCCCAGCGTTTCACG-1,Layer_3,4
CGCCCGCTTCCGTACA-1,Layer_3,4
CGCCCTAATTGTTCAA-1,WM,5
CGCCCTTGAAGGCTGA-1,Layer_3,4
CGCCGCCCATGCCTGT-1,Layer_5,4
CGCCGTTCAGCATAGT-1,Layer_3,1
CGCCTCCCTCCTCTAT-1,Layer_6,3
CGCCTGGCCTACGTAA-1,Layer_6,7
CGCCTTTAGCATGCTC-1,Layer_2,1
CGCGAAGTGGCATACT-1,Layer_3,4
CGCGACCGCGACAGAT-1,Layer_5,3
CGCGAGAGGGACTTGT-1,Layer_2,1
CGCGAGTCTGCCGGGT-1,WM,5
CGCGCAAATGTCCAGA-1,WM,5
CGCGCAAGGAACTACA-1,Layer_1,6
CGCGCATGTTTGATTG-1,WM,2
CGCGCCCGACTTAATA-1,Layer_5,4
CGCGGCAGTATTACGG-1,Layer_1,6
CGCGGCTCAACTTGAA-1,Layer_3,4
CGCGGGAATTAGGCAG-1,Layer_5,3
CGCGGTCACAAACCAA-1,Layer_2,1
CGCGTCATATTAAACC-1,Layer_1,6
CGCGTGCTATCAACGA-1,Layer_1,6
CGCGTTCATGAAATAC-1,Layer_5,3
CGCTACCGCCCTATGA-1,Layer_1,6
CGCTACGGGACATTTA-1,Layer_6,2
CGCTAGAGACCGCTGC-1,Layer_3,4
CGCTATACCGCCCACT-1,Layer_3,6
CGCTATTCAATGTATG-1,Layer_3,1
CGCTATTCTTAGGCTC-1,Layer_6,2
CGCTCGACATAATGAT-1,Layer_4,4
CGCTCTCCGTAGATTA-1,Layer_5,7
CGCTGAGGACGTCCAA-1,Layer_1,6
CGCTGGTGACTACCCT-1,Layer_3,4
CGCTGTGACGCCGCAC-1,Layer_5,3
CGCTGTGTGGATGTTG-1,WM,5
CGCTTAGTATTGATAC-1,Layer_6,2
CGCTTATTCCCGGTCG-1,Layer_6,2
CGCTTCCACTGAAATC-1,Layer_3,4
CGCTTTCATACCGGTG-1,Layer_3,1
CGCTTTCTTGCATTCG-1,Layer_5,4
CGGAAAGAATCAAACG-1,WM,5
CGGAAATTTCACATCC-1,Layer_2,1
CGGAACGTAAACATAG-1,WM,5
CGGAGCAATTTAATCG-1,Layer_6,2
CGGAGCATGGCGATCC-1,Layer_6,7
CGGAGCTTATAACACC-1,Layer_3,1
CGGAGTTTGAGAGACA-1,Layer_5,3
CGGATAAGCGGACATG-1,Layer_3,1
CGGATCCTCAAGGACT-1,Layer_5,3
CGGATGAATGCTGTGA-1,WM,5
CGGCAAACATCGTGCG-1,Layer_6,7
CGGCAATAAGATCGCC-1,Layer_3,1
CGGCACCGTTAGCGCC-1,Layer_3,4
CGGCACTCAAGAAAGT-1,Layer_1,6
CGGCAGGGTCGGGTTG-1,Layer_4,4
CGGCCACGCACAAAGT-1,Layer_6,7
CGGCCAGAGCGACCAT-1,WM,2
CGGCCCAACCTGTAGT-1,Layer_2,1
CGGCCCAGGTATATCC-1,Layer_3,4
CGGCGCCATCAATCCC-1,Layer_3,4
CGGCTCTAAAGCTGCA-1,Layer_3,1
CGGCTCTTCGTCGAAC-1,Layer_3,1
CGGCTGCAAGATTAAG-1,Layer_2,6
CGGCTTTGTATGATAA-1,Layer_2,1
CGGGAACGCCCTGCAT-1,WM,5
CGGGAAGTACCGTGGC-1,WM,5
CGGGAATATAGTATAC-1,Layer_3,1
CGGGAATTTATGTAAA-1,Layer_6,7
CGGGAGCTTCAGTGTA-1,Layer_4,4
CGGGAGTATACCGCCG-1,Layer_2,1
CGGGATCAATGTAAGA-1,Layer_5,4
CGGGCAGCTAAACCGC-1,Layer_6,7
CGGGCCATAGCCGCAC-1,Layer_1,6
CGGGCCTTCTTTGTAA-1,Layer_6,2
CGGGCGATGGATCACG-1,Layer_5,3
CGGGTGTACCCATTTA-1,Layer_5,4
CGGGTTTGTTAGGGCT-1,Layer_2,6
CGGTACTAGAATCAAA-1,Layer_5,4
CGGTAGAGGTGCAGGT-1,Layer_3,4
CGGTATAGGTATTAGC-1,Layer_2,1
CGGTCAAGTGGGAACC-1,Layer_5,4
CGGTCCGTCGCAAGCC-1,WM,2
CGGTCTATCAACCCGT-1,Layer_3,4
CGGTGAAGACTAAAGT-1,Layer_5,7
CGGTGCAGATAGAACG-1,Layer_6,2
CGGTGCGCGTTGGTCC-1,WM,5
CGGTGGGCTCCAGCCT-1,Layer_3,1
CGGTGTACTTGATCCC-1,Layer_3,1
CGGTTATCCAACAGTG-1,Layer_3,4
CGGTTCAAGTAGGTGT-1,Layer_3,4
CGGTTCCGGCTTCTTG-1,Layer_1,6
CGGTTGACCTGGCATA-1,Layer_5,7
CGGTTGAGTATCCTTC-1,WM,5
CGGTTGGGTTCAAGTT-1,Layer_1,6
CGGTTTATGAAGGAAC-1,Layer_1,6
CGTAAACGCTTGAGTG-1,Layer_1,6
CGTAAAGCAAGAAATC-1,WM,5
CGTAACTTCGACACTT-1,Layer_6,2
CGTAATAATTACGAGT-1,Layer_1,6
CGTACCGAAAGTCTAG-1,Layer_1,6
CGTACCTGATAGGCCT-1,Layer_5,4
CGTAGAGAGTAATTAT-1,Layer_3,4
CGTAGCGAATTGTCAG-1,Layer_3,4
CGTAGCGCCGACGTTG-1,Layer_1,6
CGTATTAAGAGATCTA-1,Layer_6,7
CGTCAAGGCTATAAAT-1,Layer_3,4
CGTCACGTCCATTGGT-1,WM,2
CGTCAGCTATTTACTC-1,Layer_1,6
CGTCAGTGCGCACAAG-1,Layer_3,1
CGTCAGTTTATCGTCT-1,Layer_1,6
CGTCATACCATATCCA-1,Layer_3,1
CGTCGCATGTGAGCCA-1,Layer_5,3
CGTCGCTTGGTTATAC-1,WM,5
CGTCGGATAGTGTTGA-1,Layer_4,4
CGTCGGGTCTAAGCGC-1,WM,5
CGTCGTCCTTCGCGAA-1,Layer_5,3
CGTCTGGAAGGGCCCG-1,Layer_3,4
CGTGAAGTTAATTCAC-1,Layer_6,2
CGTGACATTGGGTCGT-1,Layer_3,4
CGTGACCAGTCCTCTG-1,Layer_6,2
CGTGCAGACTGGGACA-1,Layer_6,3
CGTGCATTGTCGACGC-1,Layer_6,7
CGTGCCCGACATTTGT-1,Layer_1,6
CGTGCCCTCCCGAAGA-1,Layer_5,3
CGTGCTGGCCTAGTCG-1,Layer_1,6
CGTGCTTCTACCTAAA-1,WM,5
CGTGGCCGAATATCTA-1,Layer_3,4
CGTGGTACCCAAAGGC-1,WM,5
CGTGTCCCATTCGCGA-1,Layer_5,3
CGTGTCTCGTTACGAC-1,WM,5
CGTTAAACTAGTTAGG-1,Layer_3,1
CGTTAATGTCCCGACG-1,Layer_4,4
CGTTAGCTCACAACTG-1,Layer_3,4
CGTTCAAGGAAACGGA-1,WM,5
CGTTCAGACCCGCGAA-1,Layer_6,7
CGTTCATGGTGCGCGT-1,WM,2
CGTTCTTCGCACACCT-1,Layer_2,1
CGTTGAATACCGCGCT-1,Layer_5,3
CGTTGAGCGACCGTCG-1,Layer_6,3
CGTTGAGTAATTGCGT-1,Layer_2,1
CGTTGCCCGCGTGGGA-1,WM,5
CGTTGTAAGATTGATT-1,Layer_3,1
CGTTGTCGGCAATTGA-1,Layer_6,7
CGTTGTTTCAATTCCC-1,Layer_5,7
CGTTTAAGCGGAGCAC-1,Layer_3,1
CGTTTCACTTCGGGCG-1,Layer_3,4
CGTTTCGCTCATTACA-1,Layer_6,7
CGTTTGTGTAGAGGGT-1,WM,5
CTAAACGGGTGTAATC-1,Layer_1,6
CTAAAGAATGCCTACT-1,Layer_6,7
CTAAAGGGAAATAGGA-1,Layer_6,2
CTAAATCCGGTGTACA-1,WM,5
CTAAATCCTATTCCGG-1,Layer_5,4
CTAACCGCGCGCCCGT-1,Layer_6,7
CTAACGAAACTTGCTG-1,Layer_4,4
CTAACTGATAATCGCC-1,Layer_3,1
CTAACTGGTCCGGTTC-1,WM,5
CTAAGGGAATGATTGG-1,Layer_6,3
CTAAGTACAGGGCTAC-1,Layer_1,6
CTAATTCGCACGCGCT-1,Layer_4,3
CTAATTCTCAGATATT-1,Layer_3,1
CTAATTTCAACAACAC-1,Layer_3,1
CTACAAGAAATAACCC-1,WM,5
CTACACTAGCTTGTTC-1,Layer_1,6
CTACACTCGCAGATGG-1,Layer_3,1
CTACATATCGCGGGAC-1,WM,5
CTACCCTAAGGTCATA-1,Layer_5,4
CTACGAACTAGGTCGA-1,Layer_2,1
CTACGACTAGCTATAA-1,Layer_5,7
CTACGATCCTATCCTA-1,WM,5
CTACGCACGGAGTACC-1,Layer_6,2
CTACGCCATTTCCGAT-1,Layer_3,4
CTACGTGTTGCCACCA-1,Layer_1,6
CTACTATCATAGGTTT-1,WM,5
CTACTATCTTTCAGAG-1,Layer_4,4
CTACTCAAGGTATAGT-1,WM,5
CTACTCTAGGCCCGGC-1,Layer_4,3
CTACTGCCACCTGACC-1,Layer_5,3
CTAGACTGCATTTCGT-1,Layer_3,1
CTAGATAAACTCCTCG-1,Layer_1,6
CTAGATGTGAGTGTAA-1,Layer_3,4
CTAGATTTACGACGGC-1,Layer_6,3
CTAGCAACTAATTTAC-1,Layer_1,6
CTAGCATAGTATAATG-1,Layer_6,7
CTAGCCGATGTTATGA-1,Layer_3,4
CTAGGCGCCCTATCAG-1,Layer_4,4
CTAGGCGGCAGAGAAT-1,Layer_1,6
CTAGGGATAGGGACAA-1,WM,5
CTAGGTCTGAAGGAAT-1,Layer_3,4
CTAGGTTCGGACGTGA-1,Layer_6,7
CTAGTAGAAAGGGATT-1,Layer_5,4
CTAGTATTCGGAATTA-1,Layer_3,4
CTAGTCACGTCTTAAG-1,Layer_6,7
CTAGTGAAGGACAGGA-1,Layer_5,7
CTAGTTACAACCCGGT-1,Layer_6,7
CTAGTTGGGCCCGGTA-1,Layer_5,3
CTATAAGAGCCAATCG-1,Layer_3,4
CTATAGGCGTTGATGT-1,WM,5
CTATATCCAGCCTGGC-1,WM,5
CTATCGACGAAATACA-1,Layer_3,4
CTATCGGGTCTCAACA-1,Layer_6,7
CTATGCCCGAATGCAA-1,Layer_6,2
CTATGGGAAGCGGAAT-1,Layer_3,1
CTATGTCACTAGCCCA-1,Layer_6,7
CTATGTCTATTGAAAC-1,Layer_3,1
CTATGTGAGTCACGGC-1,Layer_6,7
CTATTCATGTGTCCCA-1,Layer_6,2
CTATTGTGTTTGGTCA-1,Layer_2,1
CTATTTGCTTGGAGGA-1,Layer_6,2
CTATTTGGTTACGGAT-1,Layer_5,3
CTCAAACCACTGCCCG-1,WM,5
CTCAACTAACCCGGAT-1,Layer_4,4
CTCAAGACATTAGCGC-1,Layer_3,1
CTCACATTTACTAAAT-1,Layer_6,7
CTCACTGTGATACTTA-1,Layer_5,3
CTCACTTGGCTGGTAA-1,Layer_6,7
CTCAGGACTCACCTGT-1,Layer_3,1
CTCAGTCACGACAAAT-1,Layer_3,4
CTCATGGCTCACAATC-1,Layer_3,4
CTCATGGTAATTTGCG-1,WM,5
CTCATTGCTCTAACAA-1,Layer_5,3
CTCATTTGATGGGCGG-1,Layer_5,4
CTCCCAATGAGTCGCG-1,Layer_2,6
CTCCCTCCTTTCGATC-1,WM,5
CTCCGCCCACATGAGG-1,Layer_6,2
CTCCGGCCTAATATGC-1,Layer_4,4
CTCCGGCTTGTAGACA-1,Layer_1,6
CTCCTAAGTTATGTCT-1,Layer_1,6
CTCCTCCAGCTCACAC-1,WM,2
CTCCTGTTCAAGGCAG-1,Layer_2,6
CTCCTTTACGCAAGTC-1,Layer_2,1
CTCGAATGGAACGTAT-1,Layer_1,6
CTCGAGACATACGATA-1,WM,5
CTCGAGATCCAAAGCA-1,Layer_1,6
CTCGAGGTCGAACAGT-1,Layer_6,7
CTCGATATTTGCGAGC-1,Layer_3,4
CTCGCACCTATATAGT-1,Layer_5,4
CTCGCATTGCATAGCC-1,WM,5
CTCGCCGAATGTAGGG-1,Layer_6,7
CTCGGGCATCGTCGGG-1,Layer_1,6
CTCGGGTTCTCTGGCC-1,WM,5
CTCGGTACCACTGCTC-1,Layer_5,3
CTCGGTCCGTAGCCTG-1,Layer_3,4
CTCGGTTGTCGGCCCT-1,WM,5
CTCGTCGAGGGCTCAT-1,WM,5
CTCGTTACGGCTACCA-1,WM,5
CTCGTTTCTAATGTTT-1,Layer_3,1
CTCTAATGCATTGATC-1,Layer_2,1
CTCTACACTGGCGATT-1,Layer_6,7
CTCTACATCCTGCGTG-1,Layer_6,2
CTCTAGCCCTCGGAAA-1,Layer_3,4
CTCTATTTGGCTGCAG-1,Layer_6,7
CTCTCACAATCGATGA-1,Layer_6,7
CTCTCGATGTGCGCCT-1,Layer_1,6
CTCTCTAACTGCCTAG-1,WM,5
CTCTGCGAAGCAAGCA-1,Layer_3,1
CTCTGGACGCCTGGTG-1,Layer_6,7
CTCTGTGCCTGCTATG-1,Layer_1,6
CTCTGTTTGAGGATTC-1,Layer_3,4
CTCTTCTATTGACTGG-1,Layer_3,4
CTCTTCTGGAAGTTAG-1,WM,5
CTCTTGTCCCGCTTGG-1,Layer_6,2
CTGAAAGAGATCCGAC-1,Layer_5,4
CTGAATCCGAGACCTC-1,WM,2
CTGAATTTATTGCCAG-1,Layer_3,1
CTGACTGCGCAGCTCG-1,Layer_3,4
CTGAGAAAGTTCGGCG-1,Layer_2,1
CTGAGCAAGTAACAAG-1,Layer_2,6
CTGATAGTGTATCTCA-1,Layer_4,3
CTGCAAATGGGCTCCA-1,Layer_1,6
CTGCAAGCACGTTCCG-1,Layer_2,1
CTGCACAACTACATAT-1,Layer_5,3
CTGCACCTGGAACCGC-1,Layer_3,1
CTGCACTCCAGTACAG-1,Layer_6,7
CTGCAGAGAATCAGAG-1,Layer_3,1
CTGCCAAGGTTGGAAG-1,Layer_5,4
CTGCCATGCATCACAT-1,Layer_6,2
CTGCCTAGCCACCAAG-1,Layer_3,1
CTGCCTTTAATACCTT-1,WM,5
CTGCCTTTCTAGTAAA-1,Layer_3,4
CTGCGATTTCGAGATT-1,Layer_6,2
CTGCGGGTGAAATGTT-1,Layer_4,3
CTGCGGTAGTCACGTG-1,Layer_3,1
CTGCGTTACGATATAA-1,Layer_3,4
CTGCTGAGGCCACGAA-1,WM,5
CTGCTTGGCGATAGCT-1,Layer_5,3
CTGGAAATGGATGCTT-1,Layer_5,7
CTGGAAGACACGGTGG-1,Layer_5,4
CTGGACGCAGTCCGGC-1,WM,5
CTGGATTTACACTTGA-1,WM,2
CTGGCATCCGAATGAG-1,WM,2
CTGGCGACATAAGTCC-1,Layer_3,4
CTGGCGCACAGGTCTG-1,Layer_5,4
CTGGCGGGAATAAGTA-1,Layer_3,1
CTGGCTCCTGCGGGAT-1,Layer_1,6
CTGGCTGATTCATCCT-1,Layer_4,4
CTGGCTGCTAACGTAA-1,Layer_1,6
CTGGCTGGTTGTCAGT-1,Layer_6,2
CTGGGATAAATAATGG-1,Layer_5,4
CTGGGATCGCCCAGAT-1,Layer_1,6
CTGGGCCTGCTATATC-1,Layer_6,2
CTGGGCGGCCAAATGT-1,Layer_1,6
CTGGGTAGGCAGTTAA-1,Layer_5,3
CTGGGTTGAGTTAAAG-1,WM,5
CTGGTAACACATAGAA-1,Layer_5,4
CTGGTAACGAGCTCTT-1,Layer_3,4
CTGGTCATTCCAATCC-1,Layer_3,1
CTGGTCCTAACTTGGC-1,Layer_2,1
CTGGTGAATGGGCCTA-1,WM,5
CTGGTTCAACGCATCA-1,Layer_1,6
CTGGTTTCGAGCAAGA-1,Layer_5,4
CTGTACTTCTTAGCAT-1,Layer_6,2
CTGTAGCCATCTCACT-1,WM,5
CTGTAGTGAGGATCGA-1,WM,5
CTGTATGGTGTAGAAA-1,Layer_3,1
CTGTCAAATGGCTCGG-1,Layer_4,4
CTGTCACGCCAGGCGC-1,Layer_2,1
CTGTGCAGGGTAGGTC-1,Layer_6,7
CTGTGGTCGGGAGATA-1,Layer_4,4
CTGTTACCCAATCTAG-1,Layer_6,2
CTGTTCACTGCCTGTG-1,Layer_5,4
CTGTTCATCTCACGGG-1,Layer_3,4
CTGTTGTTCAGTCGTA-1,WM,5
CTTAACTTCGAAGTAC-1,Layer_3,1
CTTACACGGTATTCCA-1,Layer_5,7
CTTACACTGGGAAATA-1,Layer_3,4
CTTAGCCTTCCACATG-1,Layer_5,4
CTTAGGTATAGACCAG-1,WM,5
CTTAGTAGGCCTACAG-1,Layer_3,4
CTTAGTGTAGTAGCAT-1,Layer_4,4
CTTAGTTGAGGAATCG-1,WM,5
CTTATGCGCTCAGGGC-1,Layer_5,7
CTTATGTTGACTACCA-1,Layer_1,6
CTTCAACTCCACTTGG-1,Layer_5,3
CTTCAGTGGTCGCCTA-1,WM,5
CTTCATAGCTCAAGAA-1,Layer_3,4
CTTCATTGTCAGTGGA-1,Layer_6,2
CTTCCGCTCCGTGAAG-1,WM,2
CTTCGATTGCGCAAGC-1,Layer_3,4
CTTCGGCCAATTGTTT-1,Layer_3,1
CTTCGTAGATAGGTGA-1,Layer_6,2
CTTCTATGTTGAAGTA-1,WM,2
CTTCTATTAATGCTAG-1,WM,5
CTTCTGGGCGTACCTA-1,WM,5
CTTCTTACGTCGTATA-1,Layer_3,4
CTTGACCCGAAAGATA-1,Layer_3,1
CTTGAGGTTATCCCGA-1,Layer_1,6
CTTGAGTTAGGGTAAT-1,Layer_4,4
CTTGCAACCGCCTCCT-1,Layer_6,2
CTTGCCCAGGCTCTAC-1,Layer_6,2
CTTGGCCAAGCTGGGA-1,Layer_6,2
CTTGTACTTGTTGACT-1,Layer_4,4
CTTGTCAACATTCGAG-1,Layer_6,7
CTTGTCGTACGTGTCA-1,Layer_1,6
CTTGTGAGTCTTTGAC-1,Layer_1,6
CTTGTGCTCACCGATT-1,Layer_3,4
CTTGTTGCTGAGTCAA-1,Layer_5,3
CTTGTTTATGTAGCCA-1,Layer_3,1
CTTTAACTTTCAAAGG-1,Layer_5,4
CTTTAATATTGGTCGA-1,Layer_6,3
CTTTACCGAATAGTAG-1,Layer_5,4
CTTTAGGAACACTGTT-1,Layer_5,4
CTTTAGTGCTATTATT-1,Layer_6,7
CTTTCTGTGCGGGCTT-1,Layer_6,7
CTTTGAAACATATTCC-1,Layer_1,6
CTTTGCATCGCTCTTG-1,Layer_3,4
CTTTGGCGCTTTATAC-1,Layer_4,3
CTTTGGCTTTAGTAAA-1,Layer_5,7
CTTTGGGATTGTTGCA-1,WM,5
CTTTGTCGAATGCTCC-1,WM,5
GAAACAGATGACCACC-1,Layer_5,4
GAAACAGCCATGCAGT-1,Layer_3,4
GAAACATAGGAAACAG-1,WM,5
GAAACCATGGTGCGCT-1,Layer_3,1
GAAACCGAATTACCTT-1,WM,2
GAAACCTATACAAATG-1,WM,2
GAAACTCGTGCGATGC-1,Layer_3,3
GAAACTCTAATGAAGG-1,Layer_3,4
GAAAGAACAGCGTTAT-1,Layer_3,4
GAAAGCAGTGCACTTT-1,WM,2
GAAAGCCCTTTGGACC-1,Layer_5,7
GAAAGTGACTAACTGC-1,Layer_3,4
GAAATACCTGCTGGCT-1,Layer_3,1
GAAATACTAAACGTTT-1,Layer_3,1
GAAATATCACCATCAG-1,Layer_5,3
GAAATATGCTTGAATG-1,Layer_1,1
GAAATCGCGCGCAACT-1,Layer_4,4
GAAATGGCGGTGTTAG-1,Layer_5,7
GAAATGGGATGTAAAC-1,Layer_1,6
GAAATTAGCACGGATA-1,Layer_3,4
GAAATTCACATCGCTG-1,Layer_3,1
GAAATTGTCTCTATAA-1,Layer_6,2
GAACAACTGGGATGAA-1,Layer_4,4
GAACACACATCAACCA-1,Layer_5,4
GAACAGATTACTAAAT-1,Layer_6,7
GAACCATCTGGGAGAC-1,Layer_1,6
GAACCCTCTGTGTTCT-1,Layer_6,7
GAACCTCGACCTACAC-1,Layer_5,7
GAACCTTTAACGATCC-1,Layer_5,4
GAACGACCGAATGATA-1,Layer_5,4
GAACGCGGGTCACACG-1,Layer_2,1
GAACGTCTCATGGTCG-1,Layer_5,4
GAACGTTAGGAAGACG-1,Layer_4,3
GAACTGTGGAGAGACA-1,Layer_6,7
GAACTTAGCGCCCGGT-1,Layer_1,6
GAAGAAACGATATTGT-1,WM,5
GAAGAACGGTGCAGGT-1,Layer_3,1
GAAGACTTCAATGCCG-1,Layer_1,6
GAAGCAAGGCAATGTT-1,Layer_1,6
GAAGCCACTGATTATG-1,Layer_5,7
GAAGCCTGCACATTCC-1,Layer_6,2
GAAGCGTGAGGAATTT-1,Layer_6,7
GAAGCTCGGACCCGTC-1,WM,5
GAAGCTTGCTGACCGC-1,Layer_5,3
GAAGGAGTCGAGTGCG-1,Layer_6,2
GAAGGGCATAACCATG-1,Layer_1,6
GAAGTCAGTTGCACTA-1,Layer_6,2
GAAGTCTCCCTAGCGA-1,Layer_5,4
GAAGTGATTTATCGTG-1,Layer_6,2
GAAGTGCTGGATAGCT-1,Layer_3,4
GAAGTTTCCACTCAAT-1,Layer_6,7
GAATAGACGCGACCCA-1,Layer_4,4
GAATAGCCCTGCGGTC-1,Layer_2,1
GAATAGTGCTCGATTA-1,WM,5
GAATATTCGGAGTCCC-1,Layer_3,4
GAATCGACATGGTCAC-1,Layer_5,3
GAATCGCCGGACACGG-1,Layer_2,6
GAATCTATACTCGGAC-1,Layer_1,6
GAATCTGAACATTCTC-1,Layer_6,2
GAATGCCGAAATGACC-1,Layer_3,1
GAATGCGAATCGGTTC-1,Layer_5,7
GAATGTATGGCAGGTC-1,Layer_3,1
GAATGTGGTCCGGATT-1,Layer_5,3
GAATGTTGGGTAATCT-1,Layer_5,4
GAATTATAGTGAAAGG-1,Layer_6,7
GAATTCACCCGGGTGT-1,WM,2
GAATTTCTCGCTGCAG-1,Layer_4,3
GACAAACATATGCAGG-1,Layer_3,4
GACAACGACCATTGAA-1,Layer_5,4
GACAACGCAGCTTACG-1,Layer_5,4
GACAAGAGATGAGATT-1,Layer_2,6
GACACAAGGGAAGAAA-1,Layer_6,3
GACACCCAAAGACGCG-1,WM,2
GACACGAGTTAGAGGA-1,Layer_3,1
GACACTGAGTTCAGTG-1,WM,2
GACACTGGAACCCGAT-1,Layer_3,1
GACAGATTTCTGGCTC-1,Layer_5,7
GACAGCCAGACCTGAC-1,Layer_5,4
GACAGGCACACACTAT-1,Layer_5,7
GACATCCGTCGAACTG-1,Layer_5,7
GACATCGATTTATAAC-1,WM,5
GACCAAACGTTGACTG-1,Layer_3,1
GACCAGAGCCCTGTAG-1,Layer_5,7
GACCAGGTCATTCATA-1,Layer_1,6
GACCCAATTATGATAC-1,WM,5
GACCCGTCGCCGGCTA-1,Layer_3,1
GACCGACGTGAAAGCA-1,Layer_2,1
GACCGACTGAAGCGTC-1,Layer_5,7
GACCGATTAAATATGT-1,WM,5
GACCGCGTCTGACGTG-1,Layer_3,1
GACCGTCAGGTCGTGA-1,Layer_3,4
GACCGTGCTGACGGTG-1,Layer_6,2
GACCTTCCACGTCTAC-1,Layer_5,3
GACGACGATCCGCGTT-1,Layer_6,7
GACGAGGCTAATAAAC-1,Layer_3,4
GACGCATACCCGTCGG-1,WM,5
GACGCCGTAAAGGCTA-1,WM,2
GACGCCTGTTGCAGGG-1,Layer_1,6
GACGCTTGCTTCTAAA-1,Layer_6,7
GACGGACCGCGTTCCT-1,Layer_1,6
GACGGGATGTCTTATG-1,Layer_1,6
GACGGGTTGGCCCGTA-1,WM,2
GACGGTCAATAGAAGC-1,Layer_3,4
GACGTGTAGGGATTAT-1,Layer_4,3
GACTAACACAGCACCT-1,Layer_3,1
GACTAAGATCATGCAC-1,Layer_5,4
GACTAAGTAGGCTCAC-1,Layer_5,3
GACTACAAAGCGGTGG-1,WM,5
GACTACAATTGCTCGT-1,Layer_3,1
GACTAGGCCGTTAGGT-1,Layer_5,3
GACTCACCCACGTGAG-1,Layer_3,4
GACTCCCAGAATAAGG-1,Layer_2,1
GACTCCTTCCAATTGA-1,WM,5
GACTCGCGGGAATGAC-1,Layer_3,4
GACTGATTGGTCACAA-1,Layer_1,6
GACTGCAAATCGAGCT-1,Layer_5,3
GACTGCACCAGCCCAG-1,Layer_5,3
GACTGCGGCACGTGTA-1,Layer_3,4
GACTGCTGGTGAGAAA-1,WM,5
GACTGGGCGCCGCAAC-1,Layer_2,1
GAGACTGATGGGTAGA-1,Layer_5,3
GAGACTTCGCGACCGA-1,Layer_6,2
GAGAGGGCGCGAGGTT-1,Layer_6,7
GAGAGGTGCATTCTGG-1,Layer_6,2
GAGAGTCTCGGGAGAG-1,WM,2
GAGATCTGCTTGGCAT-1,Layer_6,7
GAGATCTGTCACTCCG-1,Layer_5,3
GAGATCTTCCATGACA-1,Layer_5,3
GAGATGGGAGTCGACA-1,Layer_6,3
GAGCACCTGTGTCCAG-1,Layer_5,3
GAGCATCAACAACTTG-1,WM,5
GAGCATCATCCCTGGG-1,Layer_2,6
GAGCCACGGTAGTAGG-1,Layer_2,6
GAGCCAGCTACCTGTG-1,Layer_4,4
GAGCCGAGCGTTTATT-1,Layer_1,6
GAGCGAGGGAGTACCG-1,Layer_3,4
GAGCGCAAATACTCCG-1,Layer_3,1
GAGCGCGCACGAGTAG-1,Layer_4,4
GAGCGCTGTTAGGTAA-1,WM,5
GAGCGGAATGCGGTGT-1,WM,2
GAGCTAAGGGCATATC-1,Layer_5,4
GAGCTCTCGGACCTAA-1,Layer_3,6
GAGGAATGGAGAGGTT-1,Layer_4,3
GAGGAGATCCTCATGC-1,Layer_1,6
GAGGAGTAATTCCTAC-1,Layer_1,6
GAGGATAAACAGTGCT-1,Layer_2,1
GAGGCCCGACTCCGCA-1,WM,5
GAGGCCTGTTGATACA-1,Layer_3,1
GAGGCTATCAAAGTCG-1,Layer_5,7
GAGGGAGTCAGATCGC-1,WM,5
GAGGGCATCGCGTATC-1,Layer_1,6
GAGGGCGCAGCTCTGC-1,Layer_4,4
GAGGGTAGTAACAAAG-1,WM,5
GAGGTACATCCATCTT-1,Layer_3,4
GAGGTACGCGTGTCCC-1,Layer_5,7
GAGGTCCCAAAGATCT-1,Layer_3,1
GAGGTCTTAGTGGGTC-1,Layer_1,6
GAGTAAACCGGAAAGT-1,Layer_2,6
GAGTAAGGCCACGGGA-1,Layer_6,2
GAGTACGGGTATACAA-1,Layer_3,1
GAGTAGATACTAGTTG-1,Layer_6,7
GAGTATACCCTAATCA-1,WM,5
GAGTATGCCCGCCTTG-1,WM,5
GAGTATGCGCGTGCAT-1,Layer_5,7
GAGTCAGACCAGAATC-1,WM,5
GAGTCCGCTTACCGGA-1,Layer_6,2
GAGTCGACAGACCCTC-1,Layer_3,4
GAGTGTCAACCAGAAA-1,Layer_4,4
GAGTGTGCGGTACCCA-1,Layer_5,4
GAGTTGATGGCAATTT-1,WM,5
GAGTTGTCACCAGTCT-1,WM,5
GATAAATCGGTGGATG-1,Layer_3,1
GATAACTCGCACTGTG-1,Layer_5,4
GATAAGGCAGATGCAA-1,Layer_1,6
GATACGATGGGAGTCA-1,WM,2
GATAGAACCCGCTAGG-1,Layer_6,2
GATAGGTAACGTTGAC-1,Layer_6,2
GATAGTGCGAGTAAGT-1,WM,5
GATATCAGTATGTATC-1,Layer_1,6
GATATCTCATGCAATA-1,Layer_3,1
GATATGAGACACTAAC-1,Layer_5,3
GATATGCGGTAGCCAA-1,Layer_3,4
GATATGGATTACGCGG-1,Layer_3,4
GATATTGAGATTGGCG-1,Layer_3,4
GATATTTCCTACATGG-1,Layer_3,4
GATCAACATAAAGGGA-1,WM,5
GATCATTCCAAACATT-1,Layer_6,7
GATCCCTTTATACTGC-1,Layer_6,3
GATCCGGGAATTAACA-1,Layer_6,7
GATCCTAAATCGGGAC-1,Layer_3,4
GATCCTCGACACTGGC-1,WM,5
GATCCTCTTGCGCTTA-1,Layer_3,1
GATCGACACTATCTGA-1,Layer_5,3
GATCGCGGGCTCTCCA-1,Layer_6,2
GATCGCTACCCGATTT-1,Layer_3,4
GATCGCTATATCTCAG-1,WM,5
GATCGCTGTGGTGCGT-1,WM,5
GATCGGATAGAACCAT-1,Layer_5,7
GATCGGCGATAAGTCG-1,Layer_3,1
GATCGGTGGCCATAAC-1,Layer_6,3
GATCGTGACTGATATC-1,Layer_6,7
GATCTCGACGCTGTGG-1,Layer_2,6
GATCTGCTATCTAAGG-1,Layer_6,2
GATCTTGGAGGGCATA-1,Layer_6,7
GATCTTTGCAGGGTAT-1,Layer_6,7
GATGACAAGTAGGGCA-1,WM,5
GATGACGATGATCGCG-1,Layer_1,1
GATGAGGAACCTTCGG-1,Layer_4,4
GATGATTTGAAACTGG-1,Layer_1,6
GATGCCACACTACAGC-1,Layer_1,6
GATGCCAGCAGAAGGC-1,Layer_3,1
GATGCCTTCTGCGGCA-1,WM,5
GATGCGTCCTGCATTC-1,Layer_6,2
GATGCTACAAGCGCCT-1,Layer_3,4
GATGCTACCTTCGATG-1,Layer_6,2
GATGCTGTATTTCATC-1,Layer_6,3
GATGGCGCACACATTA-1,Layer_3,1
GATGGTGCCCTAGGCA-1,Layer_3,4
GATGTAACGAACCACC-1,WM,5
GATGTCCGGATCACAT-1,Layer_1,6
GATGTCGGTCAACTGC-1,Layer_3,1
GATGTGTTGTCACAAG-1,Layer_3,1
GATGTTCAATCCACGA-1,Layer_6,2
GATGTTTGTGCGAGAT-1,Layer_3,1
GATTAACCGAAAGCCC-1,Layer_3,4
GATTAATCCTGGCTCA-1,Layer_1,6
GATTACTGAATTTGGG-1,Layer_6,2
GATTCCCTTGTCGCAG-1,Layer_5,3
GATTCCGCGTTTCCGT-1,Layer_3,4
GATTCCTATACGGCGC-1,Layer_3,4
GATTCGACGGTTCACG-1,Layer_6,7
GATTGACACTCTGCTC-1,Layer_1,6
GATTGCTCCAGTTGCA-1,WM,5
GATTGGGAAAGGTTGT-1,Layer_5,4
GCAAACCCTACATTAT-1,Layer_5,3
GCAAACCTTGGCCATA-1,Layer_6,7
GCAAACGTAAGCGACC-1,WM,5
GCAAACGTCGCCAGGT-1,Layer_2,1
GCAAAGGGCGTTAGCC-1,WM,5
GCAAATATTACGCTTT-1,Layer_6,7
GCAACACACTAGAACT-1,Layer_6,2
GCAACAGCAGTATGCG-1,Layer_3,1
GCAACCACCAGACCGG-1,Layer_3,1
GCAACCACGGCCGCGT-1,Layer_6,2
GCAACGGCTAGTTATG-1,Layer_2,1
GCAAGAATTCCTTGGC-1,Layer_6,2
GCAAGATGTGTTCGCG-1,Layer_1,6
GCAAGTGCACAGAGAA-1,Layer_4,4
GCAAGTGTAAAGCATG-1,WM,5
GCACAAACCCTAGATG-1,WM,5
GCACAAACGAGGCGTG-1,Layer_2,1
GCACAACCTCGGGCGT-1,WM,5
GCACAAGTGTCGGAAG-1,Layer_3,1
GCACACACTGGTAGCC-1,Layer_3,4
GCACACGCCCATGGTC-1,Layer_4,3
GCACAGCACGGGCCGA-1,WM,2
GCACGCCTACTTAGAT-1,WM,5
GCACGTGGTTTACTTA-1,Layer_3,1
GCACTAGTCGCGCTAT-1,Layer_3,1
GCACTCCCACAGTCCC-1,Layer_1,6
GCACTGCCTACCTTTA-1,Layer_5,7
GCACTGTGCAAATGTA-1,Layer_1,6
GCAGACCCAGCACGTA-1,Layer_3,4
GCAGATCCATAAGACT-1,Layer_5,4
GCAGATTAGGGATATC-1,Layer_6,2
GCAGCACACAGCCCAG-1,Layer_6,7
GCAGCCTATATCACAT-1,Layer_2,1
GCAGGAACTTAGATCT-1,WM,5
GCAGGACTATAGAATA-1,Layer_5,7
GCAGGTAGAGTATGGT-1,Layer_3,4
GCAGTGTGGCTATAGG-1,Layer_5,4
GCATACGAGGTCTTTA-1,Layer_5,7
GCATAGAGCACTCAGG-1,Layer_6,2
GCATCCCTAACTTTGA-1,Layer_3,1
GCATCGGCCGTGTAGG-1,Layer_3,4
GCATGAGGGACGCGGC-1,Layer_5,4
GCATGCTAATAACGAT-1,Layer_3,4
GCATTCAAGGCAACGC-1,Layer_3,1
GCATTCGAAATGAACA-1,Layer_3,4
GCATTGTAATTCATAT-1,Layer_5,7
GCATTTCCAAGGCTCC-1,Layer_3,1
GCCAACCATTTCCGGA-1,Layer_3,1
GCCAAGAATACTTCTG-1,Layer_6,2
GCCAATAGGGCATCTC-1,Layer_3,4
GCCACAATTTAAGGAC-1,WM,2
GCCACTCAGAGCGCGA-1,Layer_3,4
GCCAGGAGTAACCGAT-1,Layer_3,4
GCCAGGCGTTCGCATG-1,Layer_3,1
GCCATATTGCACACAG-1,Layer_3,4
GCCATCGAGCTGCGTG-1,WM,5
GCCATCGATGCTGCAT-1,Layer_3,1
GCCATTAGCCTCAAAC-1,WM,5
GCCCACCAAGGCTGTC-1,Layer_2,6
GCCCAGTTGGTATGCC-1,Layer_3,4
GCCCATGGGTGCAATG-1,Layer_1,6
GCCCGACTTCTTCCCG-1,WM,5
GCCCGAGAGTCTAAAT-1,WM,5
GCCCGATCTGTGGTCG-1,Layer_6,7
GCCCGATGCCCAGTTC-1,WM,5
GCCCGCGCGTAAACGG-1,WM,5
GCCCGCGCGTTTGACA-1,Layer_3,4
GCCCGTAATACCTTCT-1,Layer_5,4
GCCCTAGCCGTCGCGA-1,WM,5
GCCCTGAGGATGGGCT-1,Layer_5,3
GCCGAAATTCCTACGT-1,Layer_6,7
GCCGACCCACGACTGC-1,WM,5
GCCGATTGGCCAAGCT-1,Layer_6,2
GCCGCATTAGTCCGGC-1,Layer_5,7
GCCGCTAGATACGCAG-1,Layer_1,6
GCCGCTTGTGAGAAAC-1,Layer_6,7
GCCGGAAACACATCTT-1,Layer_1,6
GCCGGGTTAGGGTCGC-1,Layer_6,2
GCCGGTCGTATCTCTC-1,Layer_6,2
GCCGGTTTGGGCGGAT-1,Layer_1,6
GCCGTCGGTTTCGGGC-1,WM,5
GCCGTGGAAGAAATGT-1,Layer_2,1
GCCTACGTTCTGTGCA-1,Layer_4,4
GCCTAGCGATCTGACC-1,Layer_3,4
GCCTATAGTGTCAGGG-1,Layer_4,4
GCCTATTCCGATATAG-1,Layer_3,4
GCCTATTTGCTACACA-1,Layer_2,6
GCCTCATCTGGAAATA-1,Layer_4,4
GCCTCCGACAATTCAC-1,Layer_3,4
GCCTCTATACATAGCA-1,Layer_5,3
GCCTTCAGCCCTACCG-1,Layer_3,4
GCCTTGTATATGCAGT-1,Layer_2,6
GCCTTTGTCAGTGGAC-1,WM,5
GCGAAACGATCGGGAG-1,Layer_3,4
GCGAAACTTAACTGGA-1,Layer_5,4
GCGAAGAATCTGACGG-1,Layer_4,4
GCGAAGCCATACCCGT-1,Layer_6,7
GCGACATGTAAACATC-1,Layer_3,1
GCGACCCAACCATCTG-1,WM,5
GCGACGATAGTTGTAC-1,WM,2
GCGAGAAACGGGAGTT-1,Layer_1,6
GCGAGAGTTGCGTCCA-1,Layer_3,1
GCGAGCGCATGCTCCC-1,Layer_3,1
GCGAGGCCCGAGCAGA-1,Layer_6,7
GCGAGTTCTGCAAAGA-1,Layer_6,7
GCGATTCTGGAAGCAG-1,Layer_3,4
GCGATTGTTAACGTTA-1,Layer_6,3
GCGCAAATATATTCAA-1,WM,5
GCGCAAGAGCGCGCTG-1,Layer_3,4
GCGCATCCAGTCAGCA-1,Layer_4,4
GCGCCGTTCCACGATA-1,Layer_6,7
GCGCCTCCCACTCCGA-1,Layer_3,1
GCGCGATGGGTCAAGT-1,Layer_1,6
GCGCGGTCTAGTAACT-1,Layer_6,2
GCGCGTCATTGGTACA-1,Layer_5,4
GCGCTAAGTATGCATG-1,Layer_2,6
GCGCTAATTGAATAGA-1,Layer_6,7
GCGCTATGCCGAGGCA-1,WM,2
GCGCTGATCCAGACTC-1,Layer_3,4
GCGCTGCTTTGCATTT-1,Layer_4,4
GCGCTTAAATAATTGG-1,Layer_4,4
GCGGACCGCGTTGTGG-1,WM,5
GCGGAGAAACTTCGCA-1,WM,5
GCGGAGAGGGAGAACG-1,Layer_5,3
GCGGCAAAGTATTGCC-1,WM,5
GCGGCTCTGACGTACC-1,Layer_6,7
GCGGGAACCAGGCCCT-1,Layer_3,4
GCGGGCGAGCCTTACC-1,WM,2
GCGGTAACCCAAATGA-1,Layer_1,6
GCGGTCCCTAGACGCA-1,Layer_3,1
GCGGTGAACTGCGCTC-1,Layer_3,4
GCGGTTCCCTATCATG-1,WM,5
GCGTAAATGGCCATAA-1,Layer_3,4
GCGTCCAGCTCGTGGC-1,Layer_1,6
GCGTCCCTAAGACATA-1,WM,5
GCGTCGAAATGTCGGT-1,Layer_4,4
GCGTCGCCAGGGTGAT-1,Layer_6,2
GCGTCTCTGCATTGGG-1,Layer_6,7
GCGTGGTACTGGGTTA-1,Layer_4,4
GCGTGTATGTCGTATT-1,Layer_1,6
GCGTTATATTTGGAAC-1,Layer_3,3
GCGTTCGGAGACCGGG-1,Layer_3,1
GCTAAACCTGAGGTGA-1,Layer_3,1
GCTAACTGAAGTCTGA-1,Layer_4,4
GCTAAGTAAAGGCGAT-1,Layer_3,4
GCTAAGTAGTTTCTCT-1,Layer_5,3
GCTAATACCGAATGCC-1,Layer_4,4
GCTACAATCGAGGATA-1,Layer_3,1
GCTACAGTACGGACCG-1,Layer_5,7
GCTACGACTTATTGGG-1,Layer_6,7
GCTACTATAGTAGAGT-1,Layer_4,4
GCTAGACCGTCTACTG-1,Layer_3,4
GCTAGAGTAGAGATGT-1,Layer_3,4
GCTAGCAGGGAGTGGG-1,Layer_3,1
GCTAGCGATAGGTCTT-1,WM,5
GCTAGCTTGAATAGCT-1,WM,5
GCTAGGCACCACGGAG-1,Layer_5,4
GCTAGTAGAGCTTGTA-1,Layer_6,7
GCTAGTTTCATTGAGG-1,Layer_3,1
GCTATACGTCTCGGAC-1,Layer_4,4
GCTATCATACTCATGG-1,Layer_5,3
GCTATCGCGGCGCAAC-1,Layer_3,1
GCTCAACCTCTTAGAG-1,Layer_1,6
GCTCAATCCGTTTATT-1,WM,5
GCTCAATGTAATACCG-1,Layer_6,2
GCTCATTACTGCATGT-1,Layer_3,1
GCTCCATGCAAAGCAA-1,Layer_6,2
GCTCCCAGTCGGTCCA-1,Layer_3,1
GCTCCGCTCGCTTCAG-1,Layer_3,1
GCTCCTGACATACTGG-1,WM,5
GCTCGCGGTTCCGCTC-1,Layer_3,4
GCTCGCTCATGTCCAA-1,Layer_3,4
GCTCGGAATTTAAAGC-1,Layer_4,4
GCTCTAAACCCTGACG-1,Layer_5,4
GCTCTATGTTACGTGC-1,Layer_5,3
GCTCTCGGGTACCGAA-1,Layer_5,3
GCTCTTTCCGCTAGTG-1,Layer_6,2
GCTGAATCTTCCAATC-1,WM,5
GCTGAGGCGTGAGTAT-1,Layer_6,7
GCTGCACGGTTTCTTA-1,Layer_6,7
GCTGCTAAGTAGTCGA-1,Layer_6,2
GCTGCTACTGCGTAGC-1,Layer_6,3
GCTGCTCTCCGGACAC-1,Layer_6,7
GCTGGACCCAAAGTGG-1,Layer_2,1
GCTGGCATATTCACCT-1,Layer_5,3
GCTGGCGGCGCATGCT-1,Layer_6,7
GCTGGTTTAGGCCATA-1,WM,5
GCTGTATTACTGGCCC-1,WM,5
GCTGTCTGTGATCGAC-1,Layer_1,6
GCTGTTGCTACCGAAC-1,Layer_4,4
GCTTAATGTAACTAAC-1,Layer_5,4
GCTTATGAAGCAGGAA-1,Layer_5,4
GCTTCCAGCTTAGATT-1,Layer_1,6
GCTTCCGTCCCTAGAC-1,Layer_5,3
GCTTCGACGTTCAATC-1,WM,5
GCTTGATGATAATCAG-1,Layer_3,4
GCTTGGATCGATTAGG-1,Layer_3,4
GCTTTCAGAGGAGGTG-1,Layer_4,4
GGAAACTAAATGGGCC-1,Layer_3,1
GGAAAGTCTTGATTGT-1,WM,2
GGAAAGTGCCCATGCC-1,Layer_3,4
GGAACCGTGTAAATTG-1,WM,5
GGAACCTTGACTCTGC-1,WM,5
GGAACGGCCTGCAGCC-1,Layer_3,4
GGAACTTTGGCGATTA-1,Layer_2,1
GGAAGCTCGCTTACAG-1,Layer_3,4
GGAATAACCTCAAGAA-1,Layer_2,6
GGAATGCGCTAGCGTG-1,Layer_5,3
GGACACAAGTTTACAC-1,Layer_3,1
GGACCAACAGGATAAC-1,Layer_6,7
GGACCTACGGTAACGT-1,Layer_2,1
GGACCTCTAGGCCGCC-1,WM,5
GGACGGCTTGCGCAAC-1,Layer_1,6
GGACTCGACAGCGCAT-1,WM,5
GGACTCGTGAGTGGTC-1,WM,5
GGAGAAGTCATTGGCA-1,Layer_4,4
GGAGACCATCTACATA-1,Layer_6,5
GGAGACGACACCTTTG-1,Layer_6,7
GGAGCAACATTTCAAG-1,Layer_3,1
GGAGCACCAAGAACTA-1,Layer_5,4
GGAGCGAGGCCTACTT-1,Layer_5,7
GGAGGATTGAAAGGAG-1,Layer_3,1
GGAGGCCGAAGTCGTC-1,Layer_2,1
GGAGGGCTTGGTTGGC-1,Layer_5,3
GGAGTGCCGCCCTGGA-1,Layer_4,4
GGATACTCATGAATTG-1,Layer_1,6
GGATCAAAGGACGAGG-1,Layer_1,6
GGATCATCCCGTACGC-1,Layer_3,1
GGATCCCTACCAGCTA-1,Layer_1,6
GGATCCGGAATATACT-1,Layer_5,3
GGATCTTACTGCCCTT-1,WM,5
GGATCTTGACTCAACC-1,WM,5
GGATGAAGATCGCTGA-1,Layer_4,4
GGATGACGCGAGTTTA-1,Layer_6,7
GGATGCTGGCGTTCCT-1,Layer_5,7
GGATGTCCTTACCGCA-1,Layer_5,4
GGATTAAGCTAAGGTC-1,Layer_3,1
GGATTCAGTACGGTGG-1,Layer_3,1
GGATTCCGCTATACCC-1,Layer_4,4
GGATTGCTGTGACTCC-1,Layer_4,4
GGATTTCACTTCTATA-1,Layer_5,3
GGCAAAGGCGCCAATA-1,WM,5
GGCAAATTACTTTACT-1,Layer_6,2
GGCAAGCCCATAGTGG-1,Layer_6,7
GGCAAGGCGAAATAGC-1,Layer_6,7
GGCAATAGTCAATGAG-1,Layer_6,3
GGCACTCCACTGGGCA-1,Layer_6,7
GGCAGCAAACCTATGC-1,Layer_3,1
GGCAGCGGTAATCCTA-1,Layer_3,1
GGCATACAGGTAGCGG-1,Layer_5,7
GGCATATCGGTTCTGC-1,Layer_3,4
GGCATCAACGAGCACG-1,Layer_1,6
GGCCACAAGCGATGGC-1,Layer_1,6
GGCCCTCACCCACTTA-1,Layer_5,7
GGCCGAGACTCTGGTG-1,WM,5
GGCCGGCGTCTGCTAT-1,Layer_5,3
GGCCGTTTGGGTTTCA-1,WM,5
GGCCTGCTCTGATGTT-1,Layer_6,2
GGCCTGCTTCTCCCGA-1,Layer_2,1
GGCGAAATCTAACTTG-1,Layer_5,4
GGCGAGCATCGAGGAC-1,Layer_1,6
GGCGAGCGAAACGGCA-1,Layer_6,5
GGCGCAGGACATCTTC-1,Layer_5,7
GGCGCATGAATTGATG-1,Layer_6,2
GGCGCGGAGATCTTTC-1,Layer_4,4
GGCGCGTTCGAGTTTA-1,Layer_6,2
GGCGCTCCTCATCAAT-1,Layer_2,6
GGCGCTTCATTCCCTG-1,Layer_5,7
GGCGGAGTAATATTAG-1,Layer_5,7
GGCGGTAGGATCATTG-1,Layer_6,7
GGCGGTTTGCCGGTGC-1,Layer_1,6
GGCGTACCCTATATAA-1,Layer_1,6
GGCGTAGGGAAAGCTG-1,Layer_4,4
GGCGTCCTATCCGCTG-1,Layer_5,3
GGCTAAAGGGCGGGTC-1,Layer_3,1
GGCTACTATACACTCC-1,WM,5
GGCTATTAAGTTGTAT-1,Layer_5,7
GGCTCCTCCACCTGTT-1,WM,5
GGCTCGCGTTGAGGTA-1,Layer_4,4
GGCTCGTGCCACCAGC-1,Layer_3,4
GGCTCTGCTCCAACGC-1,Layer_5,3
GGCTGAAATAGCAAAG-1,Layer_5,3
GGCTGAGCATCGTAAG-1,Layer_2,1
GGCTGGCTAGCTTAAA-1,Layer_1,6
GGCTTTCAATAAGGGT-1,Layer_6,7
GGGAACCACCTGTTTC-1,Layer_1,6
GGGAACGGGAGGTTAG-1,Layer_6,7
GGGAACGGTTTCAGAT-1,WM,5
GGGAAGACGGTCTGTC-1,Layer_5,3
GGGAAGGGCTTTCTCA-1,Layer_4,4
GGGAATGAGCCCTCAC-1,Layer_2,1
GGGACAGAGTTACTCC-1,WM,5
GGGACCCGTATATCTT-1,WM,2
GGGACTGCATAGATAG-1,Layer_6,7
GGGAGAACTCACAGTA-1,Layer_6,7
GGGAGCGACCGTAGTG-1,Layer_3,4
GGGAGGATGCCCGAAA-1,Layer_6,2
GGGAGTAATGGCTGGC-1,Layer_1,6
GGGAGTTAATGAGGCG-1,Layer_6,3
GGGATGGTCGTAACCG-1,WM,5
GGGATTTACCGCACCT-1,Layer_5,4
GGGCAACCGCACGTGC-1,WM,5
GGGCACGTAGTACTGT-1,Layer_6,2
GGGCAGAGCAATCGTT-1,Layer_6,2
GGGCAGGATTTCTGTG-1,WM,5
GGGCCATTCGTGCTGG-1,WM,5
GGGCCCGTCTTAAACA-1,Layer_6,2
GGGCCCTACGAAAGGG-1,Layer_5,7
GGGCCGGCCGAAGTAC-1,Layer_5,4
GGGCCTAAATGGGCTA-1,Layer_5,7
GGGCGAATTTCTCCAC-1,Layer_1,6
GGGCGATATGTGTGAA-1,Layer_5,3
GGGCGGCAAATGAATT-1,WM,5
GGGCGGGTTCCCTACG-1,Layer_6,2
GGGCGGTCCTATTGTC-1,Layer_1,6
GGGCGTACATTTATAT-1,Layer_5,4
GGGCGTCACCACGTAA-1,WM,2
GGGCGTCCACTGGCTC-1,Layer_3,4
GGGCGTGGTTTCCCAG-1,Layer_5,4
GGGCGTTTACATTCAT-1,WM,5
GGGCTATGATCGATGG-1,WM,2
GGGCTCATCGAACCCA-1,Layer_4,4
GGGCTGCCTAGGGCGA-1,Layer_6,7
GGGCTGGTTAGTCGCG-1,Layer_6,7
GGGTAATGCTGTGTTT-1,Layer_1,6
GGGTACCCACGGTCCT-1,Layer_1,6
GGGTACTTCATGAACT-1,Layer_6,7
GGGTATGTATGCACTT-1,Layer_4,3
GGGTATTCTAGCAAAC-1,WM,5
GGGTCACCGTGACGGT-1,Layer_6,7
GGGTCAGGAGCTAGAT-1,Layer_6,2
GGGTCATGCGTACCAT-1,Layer_3,1
GGGTCCTTGGAAGAAG-1,WM,5
GGGTCGTGGCAAGTGT-1,Layer_3,1
GGGTGACACCTTAACT-1,Layer_6,2
GGGTGCATATGAAAGC-1,Layer_2,1
GGGTGGTCCAGCCTGT-1,Layer_3,1
GGGTGTTTCAGCTATG-1,Layer_3,4
GGGTTAACATTTGAGT-1,WM,5
GGGTTCAGACGAACAA-1,Layer_3,1
GGGTTTAGGATAGGAT-1,Layer_3,1
GGTAAATGTGCGTTAC-1,Layer_3,4
GGTAACCGGGAGGATA-1,WM,5
GGTAACTATGTATCTG-1,Layer_3,1
GGTACAAACATGCTAT-1,Layer_6,2
GGTACATCTGGGACGA-1,Layer_5,7
GGTACCATTAAGACGG-1,Layer_3,1
GGTAGAAGACCGCCTG-1,Layer_6,7
GGTAGACCGTTGGGCG-1,WM,2
GGTAGTGCTCGCACCA-1,Layer_6,7
GGTATAGTGACACATA-1,Layer_2,1
GGTATTGCCGAGTTTA-1,Layer_6,7
GGTCAAGACTACTTCG-1,Layer_3,1
GGTCAGTGGGTCCCAC-1,Layer_6,2
GGTCCTTCATACGACT-1,Layer_1,6
GGTCGGATAAACGGCG-1,Layer_3,4
GGTCGGCCAGGAGCTT-1,Layer_5,3
GGTCGGTAATTAGACA-1,Layer_2,6
GGTCGGTCGTCCACAG-1,WM,2
GGTCGTAAGCTCGCAC-1,WM,2
GGTCTCCGTCCAGGTT-1,Layer_3,1
GGTCTCTGAATGGACT-1,WM,5
GGTCTGAGAATCTGGA-1,Layer_5,3
GGTCTTGAGCGCTCTT-1,Layer_6,7
GGTGAAACCGGGAATG-1,Layer_1,6
GGTGAAGTACAGGGAT-1,WM,5
GGTGAGATGCAGATAA-1,Layer_3,1
GGTGATAAGGAGCAGT-1,Layer_5,3
GGTGATTTCATCTTGT-1,Layer_1,6
GGTGCAGAGCCTATCG-1,Layer_1,6
GGTGCATAAATGATTA-1,WM,5
GGTGCGGATAAGTGGC-1,Layer_3,1
GGTGCTGATCACAAAG-1,Layer_3,4
GGTGCTGGTACACATT-1,Layer_6,2
GGTGGACTGCTCTGGC-1,Layer_5,4
GGTGTAAATCGATTGT-1,Layer_6,7
GGTGTAGGTAAGTAAA-1,Layer_6,2
GGTGTTCTGTTTCTAC-1,Layer_2,6
GGTTACCACCCTCGGG-1,WM,2
GGTTAGCTATATGTCT-1,Layer_5,4
GGTTAGGCTTGGAGAA-1,Layer_5,3
GGTTAGTTACGGCGCC-1,Layer_3,4
GGTTCCACCCGCTTCT-1,Layer_1,6
GGTTCTACTCGTCTGA-1,Layer_3,4
GGTTGTATCGTGAAAT-1,Layer_1,6
GGTTGTGTAGCCTGGC-1,Layer_4,3
GGTTTAATTACCATCG-1,WM,5
GGTTTACAATCTCAAT-1,Layer_5,4
GGTTTAGCCTTTCTTG-1,Layer_3,4
GGTTTCAATCGGTCAG-1,Layer_5,4
GGTTTGAGTGCTGGAA-1,Layer_2,6
GGTTTGTGACCTGAGG-1,Layer_3,1
GTAACATCTAAGATAA-1,Layer_3,1
GTAACTACGTAGACCT-1,WM,5
GTAACTGCCCAAGGAG-1,WM,5
GTAACTTGCGGCAGTC-1,Layer_1,6
GTAAGCGGGCAGTCAG-1,Layer_5,4
GTAAGGATTTGTCGGA-1,Layer_3,1
GTAAGTAACAGTCTGG-1,Layer_5,4
GTAAGTAGGGTATACC-1,Layer_4,4
GTAATAAAGGGCTCCC-1,Layer_3,1
GTAATCTGATTCTTCG-1,WM,5
GTACACTTACCTGAAG-1,Layer_6,7
GTACAGAGGCAAGGGT-1,Layer_5,4
GTACGACGGCGCTGCG-1,Layer_1,6
GTACGAGATTGCGACA-1,Layer_5,4
GTACGCTTCATTGCAC-1,Layer_6,3
GTACGTCACGTATTAA-1,Layer_1,6
GTACGTTTGCCCGTCA-1,Layer_6,7
GTACTAAGATTTGGAG-1,Layer_5,3
GTACTCCCTTATCGCT-1,Layer_5,7
GTACTCCTGGGTATGC-1,Layer_3,4
GTACTGAGGTCGTAAC-1,Layer_3,1
GTACTGCATGAAGCGT-1,Layer_2,6
GTACTGGAGTTAGACC-1,Layer_5,3
GTACTTGGGCACTTCT-1,Layer_3,1
GTAGAAACGGGTGGAG-1,Layer_3,4
GTAGACAACCGATGAA-1,Layer_2,6
GTAGACACGCCTGACT-1,Layer_6,7
GTAGACGTCGTTACAT-1,Layer_2,6
GTAGAGGGAGACAAGT-1,WM,5
GTAGCCAAACATGGGA-1,Layer_6,7
GTAGCGCTGTTGTAGT-1,Layer_1,6
GTAGCGGCTATACACT-1,Layer_6,7
GTAGCTAGTAAGCGCG-1,Layer_1,6
GTAGCTCCGGGAGGCT-1,WM,5
GTAGCTTCCTCTTGTT-1,Layer_5,4
GTAGGTGATCCGTGTA-1,Layer_3,4
GTAGTCGCGGGAATCA-1,Layer_5,3
GTAGTCTACGATATTG-1,Layer_5,3
GTAGTTCGAAGGCGAA-1,WM,5
GTATAGGACTCAGTAG-1,Layer_5,4
GTATAGTGGCCCATGT-1,Layer_2,6
GTATATGTTACGGCGG-1,Layer_1,6
GTATCAAACGTTAGCT-1,Layer_3,4
GTATCAGCTTGGGTTC-1,Layer_3,4
GTATCCTTTGGTAACC-1,Layer_3,4
GTATCTCAGTCTTGAC-1,WM,5
GTATCTCCCTAACTGT-1,Layer_1,6
GTATCTCGGGCGCTTT-1,WM,5
GTATCTTGTTGCTCAC-1,Layer_1,6
GTATCTTTCATAACCA-1,Layer_6,7
GTATGAAATTTCACTC-1,WM,5
GTATGACGTGGGAAAC-1,Layer_1,6
GTATGTGGGTCTAGTT-1,Layer_5,4
GTATTAAGGCGTCTAA-1,Layer_3,1
GTATTCTGAGAAACGA-1,WM,5
GTATTCTTACCGTGCT-1,Layer_1,6
GTCAAAGAAGTGGTGT-1,WM,5
GTCAAAGTTTACATAG-1,Layer_1,6
GTCAACCAGGCCTATA-1,Layer_3,1
GTCAAGCGGACTCGGG-1,Layer_5,3
GTCAATTGTACTGAAG-1,Layer_1,6
GTCACAAAGTTTCCAA-1,Layer_3,1
GTCACCTGTCTATGTC-1,Layer_1,6
GTCACTCTCCAAATCT-1,Layer_3,4
GTCAGAATAGTCTATG-1,Layer_5,3
GTCAGTTGTGCTCGTT-1,Layer_3,1
GTCAGTTTGGTAGTCG-1,Layer_3,4
GTCATGCACCTCCGTT-1,Layer_6,7
GTCATGCGCGAGGGCT-1,Layer_3,4
GTCATGGACATGACTA-1,Layer_5,3
GTCATTAGAGCGAACG-1,Layer_6,7
GTCATTGCATTGACCC-1,Layer_3,3
GTCCAATATTTAGCCT-1,Layer_6,2
GTCCAGGCACGTGTGC-1,WM,5
GTCCATTACTGCTACG-1,Layer_3,4
GTCCCAACGTAAAGTA-1,Layer_6,3
GTCCCGCGACGTTATG-1,Layer_5,4
GTCCGGACCTGAAATT-1,Layer_4,4
GTCCGGCTGAATTGCG-1,Layer_5,3
GTCCGGGTTCACATTA-1,Layer_5,7
GTCCTACAGGCGGCTC-1,Layer_2,1
GTCCTACGAATAGTCT-1,Layer_4,4
GTCCTAGGATACCTTA-1,WM,5
GTCCTTCTAGTGGGTT-1,Layer_3,1
GTCCTTTAATGACTTC-1,Layer_1,6
GTCGAATTTGGGCGCT-1,WM,5
GTCGCCGTTGTGTGTT-1,WM,5
GTCGCGTAACCCGTTG-1,Layer_6,3
GTCGGATATCTCAGAC-1,Layer_5,3
GTCGGATGTAGCGCGC-1,Layer_3,4
GTCGGGAAGCAGAAAC-1,Layer_6,7
GTCGTACCATCTCGGG-1,Layer_6,2
GTCGTATTGGCGTACA-1,Layer_3,4
GTCGTCAATTATAAGG-1,Layer_2,6
GTCGTGTCTGGTCATC-1,Layer_3,1
GTCGTTATTCGCTTAT-1,Layer_6,3
GTCTACTCAATTACAA-1,Layer_5,7
GTCTAGTGAGCCGCTT-1,Layer_3,4
GTCTATCTGAGTTTCT-1,Layer_6,2
GTCTATTGCATGCTCG-1,Layer_3,1
GTCTATTGGTTCCGGT-1,Layer_4,4
GTCTCAAGGCCCGGCT-1,Layer_6,7
GTCTCCGCCTCAATAC-1,Layer_6,2
GTCTCCTGCCAGTATG-1,WM,5
GTCTCGACTAAGTTTG-1,Layer_2,1
GTCTCGATCTGCTTTC-1,Layer_4,4
GTCTCGCCAACACGCC-1,Layer_1,6
GTCTGGGCGGTCGAGA-1,WM,2
GTCTGTAGGTTGAACA-1,WM,2
GTCTTAGTACAGCCGG-1,Layer_3,4
GTCTTGTAGCTATTCA-1,Layer_3,1
GTGAAACGGCGCCACC-1,Layer_4,4
GTGAAACGTGCTCCAC-1,Layer_1,6
GTGAACTCCCATTCGA-1,Layer_3,1
GTGAAGATTTCAAGTG-1,Layer_3,1
GTGAAGCCGTATAGTC-1,Layer_3,1
GTGACAGCTTCCCACT-1,Layer_5,3
GTGACCGCACACTACG-1,Layer_5,4
GTGACGAGGGTGACCC-1,Layer_2,1
GTGACGCAGGTTTCAT-1,Layer_5,3
GTGACTTCAGTAGTGC-1,WM,2
GTGAGATAACCTTATA-1,WM,5
GTGAGCGTGCTGCACT-1,Layer_5,3
GTGAGGACACTTAAGG-1,Layer_5,3
GTGAGGAGCGGTTGAG-1,Layer_3,4
GTGAGTGGTACAACGC-1,Layer_6,2
GTGATCAAGCGTGCAC-1,WM,5
GTGATCACTAACGCCT-1,Layer_3,4
GTGATCATAGATCTGC-1,Layer_6,2
GTGATCCTTGTCATGA-1,Layer_4,4
GTGATGCACAACATCT-1,Layer_3,1
GTGATTCGCCGCTCAA-1,WM,5
GTGCAACAAATGTGGC-1,Layer_3,4
GTGCACCAGCTTCAAC-1,Layer_6,2
GTGCACGAAAGTGACT-1,Layer_4,4
GTGCCATCACACGGTG-1,Layer_6,2
GTGCCCGTTCGGATTC-1,Layer_5,4
GTGCCGCTTCAAAGGT-1,WM,2
GTGCCTCAGTGTACGG-1,Layer_3,1
GTGCGAAATCGAACAC-1,WM,2
GTGCGACAGGGAGTGT-1,Layer_3,4
GTGCGCAGCTTGCTCC-1,Layer_1,6
GTGCGCTTACAAATGA-1,Layer_1,6
GTGCGGGACCATCGGC-1,Layer_1,6
GTGCGGGTCTCCAAAT-1,Layer_5,4
GTGCGTGTATATGAGC-1,Layer_5,4
GTGCTCAAGTACTGTC-1,Layer_6,7
GTGCTTACATCAGCGC-1,Layer_2,1
GTGGAACCTACATGCG-1,Layer_3,4
GTGGACCAACCCGATT-1,Layer_6,2
GTGGACGCATTTGTCC-1,Layer_6,7
GTGGACGTGCTGAGAC-1,Layer_3,1
GTGGAGCGTTTACCGA-1,WM,5
GTGGAGTCGGCGGTTG-1,WM,5
GTGGCAAACAGCGGCA-1,WM,5
GTGGCCGGTTTCTCGG-1,WM,5
GTGGCGGGCCGTAGCT-1,Layer_1,6
GTGGCGGTCCCAGCGT-1,Layer_5,7
GTGGGAAGACTGAATC-1,Layer_6,7
GTGGGCTTAGACACAC-1,Layer_5,3
GTGGTATAGTCTGCCG-1,WM,5
GTGGTCAGCGAAGTAT-1,Layer_3,1
GTGGTGGCCAAGTGAA-1,Layer_5,3
GTGGTTACTTCTTTCG-1,Layer_3,1
GTGGTTTCCGCCTTTC-1,Layer_6,2
GTGTACCTTGGCTACG-1,Layer_5,4
GTGTATATCAGCGGGC-1,Layer_5,3
GTGTCAGTGTACGTGG-1,WM,5
GTGTCCGATAAGGCAT-1,Layer_1,6
GTGTCGTATAGCGTTC-1,Layer_5,3
GTGTGAATAACTTAGG-1,Layer_5,3
GTGTGAGCCGAGGTGC-1,Layer_1,6
GTGTTACTATGCGTCC-1,Layer_6,3
GTTAAAGTAGGACTGG-1,Layer_5,4
GTTAACATCACTTAAA-1,Layer_6,3
GTTAACTATGTTGTCA-1,Layer_3,1
GTTAAGGGTGCGATGT-1,Layer_5,3
GTTAATGTCTATCTTA-1,Layer_3,4
GTTACAATTGGTGACG-1,Layer_6,7
GTTACCTACAACTTGC-1,Layer_6,7
GTTACGAAATCCACGC-1,Layer_1,6
GTTACGGCCCGACTGC-1,Layer_1,6
GTTACTTTGGGCCTAG-1,WM,2
GTTAGAGTGTGCCGCT-1,Layer_3,1
GTTAGCCCATGACATC-1,Layer_5,3
GTTAGCCGTAAATCAA-1,Layer_3,1
GTTAGGCTACCCGTTT-1,WM,5
GTTATAATACGGTGAA-1,Layer_3,1
GTTATATTATCTCCCT-1,Layer_6,2
GTTATCACCTTCTGAA-1,Layer_2,6
GTTATTAAATACGACC-1,Layer_2,6
GTTATTAACGTGGGAG-1,Layer_3,1
GTTCAATCTATGTCAA-1,Layer_2,1
GTTCACAGGAGTCTAG-1,Layer_5,3
GTTCAGTCGCCAAATG-1,Layer_6,2
GTTCATCGTTTGGCTG-1,Layer_3,1
GTTCCAAGACAGCGAC-1,Layer_1,6
GTTCCAGTCTGACCAT-1,Layer_3,4
GTTCCGTCCGCCTGCA-1,WM,5
GTTCGACAATTGTATA-1,WM,5
GTTCGCCATAAGTGCC-1,Layer_6,2
GTTCGCTGAGACGTCT-1,Layer_3,1
GTTCGGATCGGGAACA-1,Layer_3,1
GTTCGGGCGTACCATT-1,Layer_3,1
GTTCGTCTAAAGAACT-1,Layer_4,4
GTTCGTTGCGGACCAG-1,Layer_1,6
GTTCTTCCCTCGATGT-1,Layer_3,4
GTTGAACCGGTTCCAT-1,Layer_6,2
GTTGAGTCCCGCCGGT-1,Layer_5,3
GTTGCACGGAGTTTCG-1,Layer_5,4
GTTGCCCTAACGGGTG-1,WM,5
GTTGCGGACGGTCAGG-1,Layer_2,6
GTTGGATTCAGTGGCT-1,Layer_3,1
GTTGGATTGAGAACAC-1,Layer_5,4
GTTGGATTTGCGTTGG-1,Layer_6,2
GTTGGTCATGCTATCC-1,Layer_6,2
GTTGTAGATTTATGAG-1,Layer_6,2
GTTGTCGTGTTAGTTG-1,Layer_3,1
GTTTACGTTCCATCTG-1,Layer_6,7
GTTTCAAACGAGTTGT-1,Layer_2,1
GTTTCATATCGTCGCT-1,Layer_6,7
GTTTCCTGGAGGGTGA-1,Layer_5,3
GTTTCTGCAGTCTCCC-1,Layer_6,7
GTTTGACCAAATCCTA-1,Layer_6,7
GTTTGAGCGGTTATGT-1,Layer_1,6
GTTTGGCCCAAGTTAT-1,Layer_5,3
GTTTGGCCGCTCAGCG-1,Layer_1,6
GTTTGGGCTTGTGAGC-1,Layer_6,7
GTTTGGGTTTCGCCCG-1,Layer_3,4
GTTTGGTAGGGTCAAC-1,Layer_6,2
GTTTGGTGATCGGTGC-1,WM,5
TAAACCCAGGAGGGCA-1,WM,5
TAAACGTCGTCAATGA-1,Layer_1,6
TAAAGAGCCCGAAACC-1,Layer_2,6
TAAAGCGGTATTTCCA-1,WM,2
TAAAGCGTTAGGAGAA-1,Layer_5,4
TAAAGCTGCAATAGGG-1,Layer_3,4
TAAAGGAGAAACTAGT-1,Layer_1,6
TAAATGAATCCGTTTC-1,Layer_3,4
TAAATGCCGTCTCATG-1,Layer_1,6
TAAATTTAGTAACACC-1,WM,5
TAACAAAGGGAGAAGC-1,Layer_3,4
TAACAATATTTGTTGC-1,Layer_3,4
TAACAGCGTTTGTGCT-1,WM,5
TAACATACAATGTGGG-1,Layer_6,7
TAACATACACGCGATC-1,WM,5
TAACCGCCCGCAGTGC-1,Layer_2,6
TAACCTACCGTCCGAG-1,Layer_3,4
TAACCTAGGGAGTCCA-1,Layer_3,1
TAACGCTTTGAGAGCG-1,Layer_4,3
TAACTATCGAAGGTCC-1,Layer_3,4
TAACTATTACGCCAAA-1,Layer_3,1
TAACTCATCCGCGCGG-1,WM,2
TAACTCCATGGAGGCT-1,Layer_3,1
TAACTGAAATACGCCT-1,WM,5
TAAGAGGGACAGGGAC-1,WM,5
TAAGATTTAGCGGGAG-1,Layer_1,6
TAAGCAGGCGACACGC-1,Layer_5,7
TAAGCGCGAATCAAAT-1,WM,5
TAAGGAACTTGTGGGA-1,Layer_3,1
TAAGGCAACATAAGAT-1,Layer_5,3
TAAGGCATAACATCAA-1,WM,5
TAAGGCCCGTCACCCT-1,Layer_5,7
TAAGGCTGAATCCCTC-1,Layer_3,4
TAAGGGCCTGTCCGAT-1,Layer_3,4
TAAGGGCTGGGAGAGG-1,Layer_5,3
TAAGTAAATGTGCCGC-1,Layer_1,6
TAAGTAACATCTTGAC-1,WM,5
TAAGTCGCCGAGTATC-1,WM,5
TAAGTTGCGACGTAGG-1,Layer_3,4
TAATAAACAAGGAGAT-1,Layer_3,4
TAATACACAGTAGTAT-1,Layer_5,4
TAATACTAGAACAGAC-1,Layer_5,3
TAATAGAACAGAGTTA-1,WM,5
TAATAGGTCACCAGAA-1,WM,5
TAATAGTGACGACCAG-1,Layer_5,4
TAATATTGAAATTCGC-1,Layer_3,4
TAATCGATCCGTACGT-1,Layer_3,4
TAATGAAAGACCCTTG-1,Layer_3,4
TAATTACGTCAGTAGA-1,Layer_3,1
TAATTAGATGGATATG-1,Layer_1,6
TAATTAGGACATCCGT-1,Layer_3,1
TAATTGCGCTGATTAC-1,WM,5
TAATTGGAATCGGGAA-1,Layer_3,1
TACAAATTGCGGAGGT-1,Layer_1,6
TACAACGCACAACTCA-1,Layer_6,2
TACAAGCTGTTCACTG-1,Layer_1,6
TACAAGTCTCGTGCAT-1,Layer_5,3
TACAATGAAACCAGCA-1,Layer_1,6
TACAGAAACGGTGGGC-1,Layer_4,4
TACATAGGCATACACC-1,Layer_6,2
TACATCCCTATCCCTG-1,Layer_6,7
TACATTTCTAACGTGC-1,Layer_6,2
TACCAAATAGCCCAGA-1,Layer_6,2
TACCAATAAAGTACCA-1,Layer_5,4
TACCAGAAGTAGGTTC-1,WM,2
TACCAGCTAGGTTTAA-1,Layer_3,1
TACCAGGAATCCCGTC-1,WM,5
TACCGAATAATTGTAA-1,Layer_3,4
TACCGCGGACTTGCAG-1,Layer_4,4
TACCGGCTCACTGCCC-1,Layer_6,7
TACCGGTCGTTTCCAT-1,Layer_6,2
TACCGTAGGTTAACTA-1,Layer_6,2
TACCGTGCCTCGGACC-1,Layer_6,7
TACCTACTCCCAGTAT-1,Layer_6,2
TACCTCACGCTTGTAC-1,Layer_3,4
TACCTCAGTTGTCTGT-1,WM,2
TACCTCCACACCAATG-1,WM,5
TACCTGCTGCACTGTG-1,Layer_3,4
TACCTTAAGATTTCCC-1,WM,5
TACGAACACGACTTCA-1,Layer_6,7
TACGACGCTTGCTGCG-1,WM,2
TACGACTGCCTCTTAG-1,Layer_6,7
TACGAGAACTTCACGT-1,Layer_6,7
TACGATGTTGATCATC-1,Layer_5,7
TACGCAGTTCTTTCCT-1,Layer_6,2
TACGCCATATTCTAAT-1,Layer_6,2
TACGCCGAGGGTACCC-1,WM,5
TACGCCTCCATTCCGA-1,Layer_6,2
TACGCTATAGAAACCT-1,Layer_3,4
TACGCTCGGTATTGGA-1,Layer_2,1
TACGCTGCTGTGTTAA-1,WM,5
TACGGAAGCCAAACCA-1,Layer_5,7
TACGGGATGCTAGCAG-1,Layer_4,4
TACGTAAAGCGGAGTG-1,Layer_3,1
TACGTACTAGTGCTGA-1,WM,5
TACGTGCACTATGCTG-1,Layer_3,4
TACGTTTACCGGCAAT-1,Layer_6,7
TACTATGGTTCCTCAG-1,WM,5
TACTCCTCTAGTTGAC-1,WM,5
TACTCGGCACGCCGGG-1,Layer_5,7
TACTCTCCGAACAAAT-1,Layer_4,4
TACTCTTACTTTACTG-1,Layer_2,1
TACTCTTTCGTCTTCA-1,WM,5
TACTGAACAGATTTAG-1,WM,5
TACTGAGGGAAGAAAG-1,WM,5
TACTGCAATCAATTAC-1,Layer_3,1
TACTGGACAGCTCGGC-1,Layer_5,7
TACTTGTTAGTAGTCC-1,Layer_5,4
TACTTTACTGAGCCGG-1,Layer_4,4
TACTTTCCGCACGCCA-1,Layer_6,2
TAGAAACCACTAAGTA-1,Layer_3,1
TAGAAAGGTGGCGCTA-1,Layer_5,3
TAGAAATTCACGTATA-1,Layer_4,7
TAGAATAGCCGATGAA-1,Layer_3,4
TAGAATTAAGGGCAAC-1,Layer_3,1
TAGACGAAACGCCAAT-1,Layer_5,3
TAGACGCCCGTACCGG-1,Layer_5,4
TAGACTACCTAGCGTT-1,Layer_3,4
TAGACTCAGTTGGCCT-1,WM,5
TAGAGATCATGCAACT-1,Layer_6,2
TAGAGCTACGAAGAAC-1,Layer_3,1
TAGAGGTTCTACTTGT-1,Layer_3,4
TAGAGTCTAAGCGAAC-1,Layer_5,7
TAGATATGGACTGGAA-1,WM,2
TAGATCCGAAGTCGCA-1,Layer_3,4
TAGATGGTTCCTTACT-1,Layer_3,4
TAGATTCAAAGTGCGG-1,WM,5
TAGATTCCTGGTTATT-1,Layer_4,3
TAGCAACCTGTCACAA-1,Layer_3,1
TAGCAGTATGACTAAA-1,Layer_3,4
TAGCCAGAGGGTCCGG-1,Layer_1,6
TAGCCATTTCAAAGTC-1,Layer_5,4
TAGCCGGCGGTCAGCG-1,Layer_5,4
TAGCGTCCCTCGATTG-1,Layer_3,1
TAGCGTCCGGTGTGGT-1,Layer_5,3
TAGCGTTGGGTCTTAC-1,Layer_6,7
TAGCTAAGTCCGGGAG-1,Layer_6,7
TAGCTAGAAGGCATGA-1,WM,2
TAGCTAGTGATGATGG-1,WM,2
TAGCTCGCCTGATAAC-1,Layer_6,2
TAGCTGATGTGAAGCG-1,Layer_5,7
TAGGAACAGCCTCCAG-1,Layer_3,1
TAGGCATGTTACGCCA-1,Layer_4,4
TAGGCGATGAGGTCTC-1,WM,5
TAGGCGGCTGCAAAGA-1,WM,5
TAGGCTAAAGTGGCAC-1,Layer_3,1
TAGGGAGCTTGGGATG-1,Layer_4,4
TAGGGTGTTTCAAGAG-1,Layer_5,4
TAGGTCCAAGTAAGGA-1,Layer_3,3
TAGGTCGCCGGAACTG-1,Layer_3,4
TAGGTGACGATAACCT-1,Layer_5,4
TAGGTGAGCCCTACTC-1,Layer_5,3
TAGGTGCTCGCCTAGC-1,Layer_5,4
TAGGTGTTCCACAGAT-1,Layer_6,2
TAGGTTCGAGTTCGTC-1,Layer_6,7
TAGGTTCTGCTGAGAA-1,Layer_6,2
TAGTACCACAACTTTC-1,WM,5
TAGTACCTTAGTGGTC-1,Layer_3,1
TAGTAGCTTATACCAG-1,WM,5
TAGTCCCGGAGACCAC-1,WM,2
TAGTCCGCAGAGAATG-1,Layer_6,2
TAGTCCGTATGCATAA-1,Layer_1,6
TAGTCCTGCACTAAGC-1,WM,5
TAGTCGATCACGGGTT-1,Layer_4,4
TAGTCGGGATTCTTCG-1,Layer_1,6
TAGTCTAACAACGAGA-1,Layer_6,7
TAGTCTGTGACGTTGC-1,Layer_3,1
TAGTCTTTCCGAATTG-1,Layer_2,1
TAGTGAGAAGTGGTTG-1,Layer_1,6
TAGTGCCCTCCAGAGT-1,Layer_6,7
TAGTGCTTGAATCCTT-1,Layer_1,6
TAGTGGAACTCATACA-1,Layer_2,6
TAGTGTCAGAAACGGC-1,Layer_3,1
TAGTTAAGATAGGATA-1,Layer_3,4
TAGTTTATTCTTGCTT-1,Layer_3,1
TATAAATCCACAAGCT-1,Layer_3,4
TATAAGTGAGGATAGC-1,Layer_3,4
TATACACAGACGCCTT-1,Layer_6,2
TATACACGCAAAGTAT-1,Layer_3,1
TATACGCGTCATCACT-1,Layer_6,7
TATACTCATGCGGCAA-1,Layer_3,1
TATAGAGTCGCTTGAA-1,WM,5
TATAGATGGTCGCAGT-1,Layer_3,4
TATAGCGCACGTTATC-1,Layer_6,2
TATAGGGTACTCATGA-1,Layer_5,7
TATAGTTAGGTGTACT-1,WM,5
TATATAGGGCTTTACG-1,WM,5
TATATATCGAGAAATG-1,WM,5
TATATCAAAGTGATCT-1,WM,5
TATATCCCTGGGAGGA-1,Layer_3,4
TATATTACAAATGTCG-1,Layer_2,1
TATATTCGCGTCGATA-1,Layer_3,1
TATCACAGCACGGGCA-1,Layer_1,6
TATCACCATGTAAAGT-1,Layer_3,1
TATCACCCAACCGACC-1,Layer_3,4
TATCACTTCGAGTAAC-1,Layer_3,1
TATCAGTGGCGTAGTC-1,WM,5
TATCCAATTGGTTATC-1,Layer_5,3
TATCCATATCATGCGA-1,Layer_4,4
TATCCATCTCGGTTAG-1,WM,5
TATCCGCACCGTCGGG-1,WM,2
TATCCTATCAACTGGT-1,Layer_6,2
TATCCTGCATGGGAAT-1,Layer_3,1
TATCGATCTATGCATA-1,Layer_3,4
TATCGATGATTAAACG-1,Layer_5,4
TATCTACAGAGGTAAT-1,Layer_4,3
TATCTACCACAGCGGG-1,Layer_6,2
TATCTAGCCTAAAGGA-1,Layer_4,3
TATCTGAGCCGATATT-1,WM,5
TATCTTGCAATACAAC-1,WM,5
TATGAAGAATTAAGGT-1,Layer_3,4
TATGAAGACAGGTGCG-1,Layer_3,3
TATGATAAATCTAACG-1,Layer_3,1
TATGATCCGGCACGCC-1,Layer_2,1
TATGATCTTCTCTTTA-1,Layer_4,4
TATGATTCTGCTTGGT-1,Layer_1,6
TATGCTCCCTACTTAC-1,Layer_5,3
TATGGAGTTTCTCGTT-1,Layer_1,6
TATGGATGTGCTACGC-1,Layer_5,3
TATGGCCCGGCCTCGC-1,Layer_5,3
TATGGGACCGAGCAGG-1,Layer_6,2
TATGGGTACGTATCGT-1,Layer_6,7
TATGGTCTGAGTAACA-1,Layer_6,2
TATGGTTAGTGGGAGA-1,Layer_3,4
TATGTAAAGTGCTTAA-1,WM,5
TATGTAGAAACCCGGC-1,WM,5
TATGTCAAGACCGACT-1,Layer_3,4
TATGTCTCATTGTGCC-1,Layer_5,3
TATTAACACCAAAGCA-1,WM,5
TATTAACCTGACCGCG-1,WM,5
TATTACCATCCTGCTT-1,Layer_4,4
TATTATGTTTGCCTGC-1,WM,5
TATTCAATTCTAATCC-1,Layer_6,3
TATTCCACTCAGCTCG-1,Layer_6,2
TATTCCGAGCTGTTAT-1,Layer_5,4
TATTCCGGCAGTCCTA-1,Layer_1,6
TATTCCTCCGCCCACT-1,WM,5
TATTCGTGCCAGAATA-1,Layer_6,7
TATTTAGTCTAGATCG-1,Layer_4,4
TATTTATACCGAGTAG-1,Layer_3,4
TATTTGATTTGCACAG-1,Layer_2,6
TATTTGTTACCCTTTA-1,Layer_5,4
TCAAACAACCGCGTCG-1,Layer_5,4
TCAAACTTAGATTGTT-1,Layer_6,7
TCAAAGTCACGGCGTC-1,WM,5
TCAAATTGTTGTGCCG-1,Layer_5,3
TCAAATTTGAGACTCA-1,Layer_6,7
TCAACAAAGATAATTC-1,WM,5
TCAACACATTGGGTAA-1,Layer_1,6
TCAACATAGCGCCCTA-1,WM,5
TCAACATCGACCGAGA-1,Layer_6,7
TCAACCATGTTCGGGC-1,Layer_5,3
TCAACGAGGAGACAAA-1,Layer_6,2
TCAACGCAGGAAATAA-1,WM,5
TCAACGCGACCGGCAG-1,Layer_5,7
TCAACTAACGTATAAC-1,Layer_4,3
TCAACTGCAGAGTCAG-1,Layer_3,1
TCAAGAAATACTAGCT-1,Layer_3,1
TCAAGCGCGGACGGTA-1,Layer_2,1
TCAAGGTTACTACACC-1,Layer_3,4
TCAATACGCCGTCATG-1,Layer_6,7
TCACAAACCGAGGTAC-1,Layer_3,4
TCACAGCAAACTCGAA-1,WM,5
TCACAGGAGAATAAGA-1,WM,5
TCACAGGGAATCGCAA-1,Layer_5,3
TCACAGGTTATTGGGC-1,Layer_6,7
TCACATCTTATCTGAT-1,Layer_3,4
TCACCCTCTTAAGATT-1,Layer_6,2
TCACCGCTCGGCACTC-1,Layer_4,4
TCACGATGTCCGTGGA-1,WM,5
TCACGCATTGTAGATC-1,Layer_6,7
TCACGGCCCAAGAGAG-1,WM,5
TCACGGTCATCGCACA-1,Layer_4,4
TCACGTGCCCGATTCA-1,Layer_6,7
TCACTACGACCAATGC-1,Layer_3,1
TCACTATCGTGCAATC-1,Layer_1,6
TCACTCAGCGCATTAG-1,Layer_1,6
TCACTCGTGCAACGGC-1,Layer_3,1
TCACTCTTCGTCTGTC-1,Layer_1,6
TCAGAACCTCCACAGG-1,Layer_3,1
TCAGACGCTATAGAAG-1,Layer_6,3
TCAGCAAATGCATCTC-1,Layer_6,3
TCAGCAGTAGGCCCTG-1,WM,5
TCAGCCAATCCGTAAA-1,Layer_3,1
TCAGGGCGCAAACTCG-1,Layer_3,1
TCAGGGTGCACGAAAC-1,Layer_3,1
TCAGGGTGTAACGTAA-1,Layer_5,3
TCAGGTTCTTTGAGAA-1,Layer_5,3
TCAGTACTGACCCGCG-1,Layer_4,4
TCAGTAGGGACTATAA-1,WM,5
TCAGTGTATACGTCAT-1,WM,5
TCAGTTACGGAATGAT-1,Layer_2,6
TCATACTTACAGATCC-1,Layer_3,1
TCATATGAGCTTTGTT-1,Layer_6,7
TCATCACTCGAGCTCG-1,Layer_3,1
TCATCCCAGAGGGTGG-1,Layer_3,4
TCATCCTCAGCTGCTT-1,Layer_3,4
TCATCGATGGTCCCAA-1,WM,5
TCATGCAGGTTCTCAT-1,Layer_3,4
TCATTTAAGTCTCCGA-1,Layer_3,4
TCATTTAGAAGTGTGA-1,Layer_3,1
TCCAACTCAGCTATCT-1,Layer_3,4
TCCAACTTTAAATTCT-1,Layer_6,2
TCCAAGCCTAGACACA-1,Layer_5,3
TCCAATAAAGGCTACC-1,Layer_6,2
TCCACAATGGTTTACG-1,Layer_5,3
TCCACATCGTATATTG-1,Layer_5,7
TCCACCTCTAGCCTTT-1,WM,2
TCCACTTTATCTAGGT-1,Layer_5,3
TCCAGAGCACCGGTTC-1,Layer_6,7
TCCAGCGCTATAAGCG-1,Layer_2,6
TCCAGGCGAGTACGGT-1,Layer_6,7
TCCAGGGTATATACGA-1,Layer_6,7
TCCATCAATACTAATC-1,WM,5
TCCATTAGTTGGATAG-1,Layer_1,6
TCCATTGTGACCTCGT-1,Layer_3,1
TCCCAAACAGACAACG-1,Layer_2,1
TCCCAAAGACGAAGGA-1,Layer_5,3
TCCCACGGAGGGAGCT-1,Layer_1,6
TCCCACTCTCTTCCGG-1,Layer_3,1
TCCCAGCTTTAGTCTG-1,Layer_6,7
TCCCAGGCTTAGCTAA-1,Layer_5,7
TCCCGCGTACTCCTGG-1,Layer_5,3
TCCCGGGTGTGCTGCT-1,Layer_5,7
TCCCGGTCAGGAATTT-1,Layer_1,6
TCCCGTCAGTCCCGCA-1,Layer_5,4
TCCCGTGTGCAATTTG-1,Layer_5,3
TCCCTCCGAAATCGTT-1,Layer_1,6
TCCCTGGCGTATTAAC-1,WM,5
TCCCTGGCTCGCTGGA-1,Layer_5,3
TCCCTTAGATTACTCG-1,Layer_3,4
TCCGAACTTGGCTTAC-1,Layer_4,3
TCCGAAGTAGTCACCA-1,Layer_1,6
TCCGAATGGTCCTGAG-1,Layer_2,1
TCCGACCGCTAATCAA-1,WM,5
TCCGAGAAGGCTAAGC-1,Layer_1,6
TCCGATAATTGCCATA-1,Layer_4,4
TCCGATGACTGAGCTC-1,Layer_5,4
TCCGATGGTGCGACAT-1,Layer_5,3
TCCGATTACATTGCCG-1,Layer_5,3
TCCGCAGCCACCTAGC-1,Layer_1,6
TCCGCCTGTCTACAAG-1,Layer_5,3
TCCGCGGCAGCATCTG-1,Layer_5,3
TCCGCGGCCCAATGAA-1,Layer_3,4
TCCGCTGTCATCCCGG-1,Layer_5,3
TCCGCTTATCCCATTA-1,Layer_6,7
TCCGGAGGAAGGGCTG-1,Layer_1,6
TCCGGCCTAGCGTACA-1,Layer_3,4
TCCGGCCTGCATCGAT-1,Layer_2,6
TCCGGGCTTGACGGGA-1,Layer_3,4
TCCGGTTCGTCCGGTC-1,WM,2
TCCGTAACCACAATCC-1,Layer_3,1
TCCGTTAAGCTAATAT-1,Layer_3,4
TCCGTTTAGCCTTGAA-1,Layer_5,4
TCCTAAAGATTCAGAC-1,Layer_4,4
TCCTAAATTGGGAAGC-1,Layer_6,7
TCCTAACCGTCGGGCA-1,WM,5
TCCTACATCCACGGCC-1,Layer_5,4
TCCTAGCAAAGAAGCT-1,Layer_6,2
TCCTCCTAAGACATTC-1,Layer_6,2
TCCTCGGGCTGGGCTT-1,Layer_6,3
TCCTCTACGAGATGGC-1,Layer_4,4
TCCTCTCCAGTTGTCC-1,Layer_3,3
TCCTCTGGCCCATTAG-1,Layer_3,1
TCCTGCCAACTGGAGA-1,Layer_3,1
TCCTGCGTTGATACTC-1,Layer_6,7
TCCTGGCGCTGCCTGG-1,Layer_1,6
TCCTTACGACGGTCCG-1,Layer_4,4
TCCTTCAGTGGTCGAA-1,Layer_3,4
TCCTTGTCCTTTAATT-1,Layer_5,7
TCCTTTAAATCCGCTT-1,Layer_3,4
TCCTTTCTTACGCTTA-1,Layer_6,7
TCGAAATTTAGGACCA-1,Layer_5,3
TCGAAGAACCGAGCAC-1,Layer_3,4
TCGAATATCCCGCAGG-1,WM,5
TCGACAACTGAACCCG-1,WM,5
TCGAGACCAACACCGT-1,Layer_6,2
TCGAGCCAGGCAGGCC-1,WM,5
TCGATAGGCTAGTCGC-1,Layer_1,6
TCGCAAAGATGCATTT-1,Layer_6,3
TCGCACCAGGAGGCAG-1,Layer_5,3
TCGCATAAAGGGCGCA-1,Layer_2,1
TCGCATCCCTAAGTGT-1,Layer_2,6
TCGCATTCAATGACTT-1,Layer_1,6
TCGCCGAAGTTGCGTC-1,WM,2
TCGCCGACATATTCGC-1,Layer_4,4
TCGCCGGTCGATCCGT-1,Layer_4,4
TCGCGCGTTTACATGA-1,WM,5
TCGCGTAGCAGTGTCC-1,Layer_3,4
TCGCGTCCAGAAGGTC-1,Layer_5,3
TCGCTAAACCGCTATC-1,Layer_3,4
TCGCTACTGGCTTTGA-1,Layer_5,3
TCGCTCGATATATTCC-1,Layer_6,7
TCGCTCGGCACCAGCG-1,Layer_3,1
TCGCTGCCAATGCTGT-1,Layer_4,3
TCGCTGGGCGGATTGT-1,Layer_5,3
TCGCTGTGCGTAAATC-1,Layer_3,1
TCGCTTTAAACGTTTG-1,Layer_4,4
TCGGAATGACCATCAA-1,Layer_3,1
TCGGAATGCGCTCTGA-1,Layer_4,3
TCGGACGCCCAGCCCA-1,Layer_5,3
TCGGAGAGTATCGGGA-1,Layer_6,2
TCGGAGTACATGAGTA-1,Layer_6,3
TCGGAGTCCTGGTTGC-1,WM,5
TCGGCGAACCCAAACC-1,Layer_3,1
TCGGCGTACTGCACAA-1,Layer_6,2
TCGGCTAACTTCCCTT-1,Layer_2,6
TCGGCTTGTATCGACG-1,Layer_3,4
TCGGGAACGTGCCTAG-1,Layer_3,1
TCGGGAGACAGCGTAC-1,Layer_6,3
TCGGGATTCAAACATA-1,Layer_5,7
TCGGGCACTTCTGGAT-1,Layer_1,6
TCGGGCCGTCGTGGTA-1,Layer_5,4
TCGGGTGAAACTGCTA-1,Layer_3,1
TCGGTCCCGACAATAG-1,WM,5
TCGGTCCCTGACTCCA-1,Layer_3,1
TCGGTGACCGCTCCGG-1,Layer_1,1
TCGGTTAGCCATGTAG-1,Layer_2,6
TCGTAAGACGACATTG-1,Layer_5,3
TCGTAAGCTCCGAGGA-1,Layer_2,1
TCGTACCGACGTCAAG-1,Layer_6,2
TCGTATAGTGCAATTA-1,Layer_3,1
TCGTATTACCCATTGC-1,Layer_5,7
TCGTATTTCGTCCGGA-1,Layer_3,1
TCGTCAAGTACGCGCA-1,WM,5
TCGTCACACTGTTAGC-1,Layer_3,4
TCGTCCGCTGGCGTCT-1,Layer_4,4
TCGTCTTAGGCGTTAA-1,Layer_5,4
TCGTGTACTATGGATG-1,Layer_5,3
TCGTGTATTGGTCACG-1,Layer_2,6
TCGTGTCACGCTGACA-1,Layer_6,7
TCGTGTTCGACCACAA-1,Layer_3,1
TCGTTAGGAGTCCCTA-1,WM,2
TCGTTCGTTATTATGT-1,Layer_3,1
TCGTTGCTATCCGGTC-1,WM,5
TCGTTGGCTCGTCAAT-1,Layer_1,6
TCTAAAGAACAGTCTC-1,WM,5
TCTAACTGTATGTAAA-1,Layer_3,4
TCTAATACTGCCTCAG-1,WM,5
TCTACACGTTCATGCA-1,Layer_2,1
TCTACCCAATAGAGAG-1,Layer_3,1
TCTACCGTCCACAAGC-1,Layer_5,3
TCTAGCAATCTCCGCC-1,WM,2
TCTAGCATCTTCGATG-1,Layer_4,4
TCTAGCATGCCCAGAA-1,Layer_6,7
TCTAGGTGGCGACGCT-1,Layer_3,4
TCTAGTGATATCGTGG-1,Layer_3,4
TCTAGTTATCAGAAGA-1,Layer_6,7
TCTATCATGCAGTTAC-1,Layer_3,1
TCTATCGGTCGCAACA-1,Layer_5,4
TCTATGCTATAACGAC-1,Layer_3,4
TCTATTACGCTGGCGA-1,Layer_2,6
TCTATTACTAGAGGAT-1,Layer_5,7
TCTCATGAGATAGGGT-1,Layer_5,4
TCTCCAACGTAGGTTA-1,Layer_4,4
TCTCCACAAGTTGAAT-1,Layer_3,4
TCTCCCTGGGCAGCGT-1,Layer_5,3
TCTCGAACGAGGTCAC-1,Layer_3,1
TCTCGACGTATCGCCG-1,Layer_3,1
TCTCGAGGAGGTTCGC-1,Layer_3,1
TCTCGGCTCCAGGACT-1,Layer_1,6
TCTCTAATAGCTGGTA-1,Layer_4,4
TCTCTCGCCGCACATA-1,Layer_2,6
TCTCTTACCGCGAACC-1,WM,5
TCTGAACCGGTCGGCT-1,Layer_3,4
TCTGAACTCGTACCCG-1,Layer_4,4
TCTGAAGCACGTGGTC-1,Layer_5,4
TCTGAATTCCGTACAA-1,Layer_4,4
TCTGACTGTAATGGTT-1,Layer_1,6
TCTGAGCAATTGACTG-1,Layer_3,1
TCTGATGTATTCTGTC-1,Layer_5,4
TCTGCATACCTTGCTT-1,Layer_3,4
TCTGCCAGAAACTGCA-1,Layer_5,3
TCTGCGTCCGGTTTCT-1,Layer_1,6
TCTGGGAACCTTTGAA-1,Layer_3,4
TCTGGGTAGCGCTCAT-1,Layer_6,2
TCTGTCATACAAGAGC-1,Layer_2,6
TCTGTGACTGACCGTT-1,Layer_1,6
TCTGTGCCATCATAGT-1,Layer_5,3
TCTGTGGCTACATTTC-1,Layer_1,6
TCTGTTACCCAGCATA-1,WM,5
TCTTACAGAGGTACCG-1,Layer_3,1
TCTTACCGGAACTCGT-1,Layer_3,4
TCTTACGGCATCCGAC-1,Layer_3,4
TCTTACTTATGCCTCT-1,Layer_4,4
TCTTAGAGCTCCAATT-1,Layer_3,1
TCTTAGAGTGAACTCT-1,Layer_3,4
TCTTATGGGTAGTACC-1,Layer_1,6
TCTTCCCATGGGCACA-1,Layer_4,4
TCTTCGAATAGACGTT-1,Layer_6,7
TCTTCGATACCAATAA-1,Layer_6,7
TCTTCTATAACCCGCC-1,Layer_3,1
TCTTGATGCGTAGCGA-1,Layer_6,7
TCTTGCTCCCGATACT-1,Layer_6,7
TCTTGGTAACACCAAA-1,Layer_5,4
TCTTTAAGACTATGAA-1,Layer_3,4
TCTTTAGAGTCTAACA-1,Layer_2,1
TCTTTCTCTTAAGGAG-1,Layer_3,1
TGAAACCTCAACTCAC-1,Layer_1,6
TGAAACTTATGCAAGC-1,Layer_3,4
TGAAAGGACCTGACTC-1,Layer_5,3
TGAACAAGCAGGGACT-1,WM,5
TGAATACCGACGCGTA-1,Layer_4,4
TGAATGAGTGTTTCCC-1,WM,2
TGAATGTCAGCCGGCC-1,Layer_3,1
TGACACTTCTCTTTGC-1,Layer_3,1
TGACAGAAATCTTGCT-1,WM,5
TGACAGGACAAGTCCA-1,WM,5
TGACATCGAGCGGACC-1,Layer_3,4
TGACATGTAACGTGAC-1,Layer_6,2
TGACCAAATCTTAAAC-1,Layer_6,7
TGACCAGCTTCAAAGT-1,Layer_2,6
TGACCCAACTCACATT-1,Layer_1,6
TGACCCACGTTAGACA-1,Layer_6,7
TGACGAATATTTCCCT-1,Layer_6,7
TGACGATGCACTAGAA-1,Layer_4,4
TGACTATAATCCTTTC-1,Layer_6,7
TGACTCCGAATCATAC-1,WM,5
TGAGAATGCTTTACCG-1,Layer_4,4
TGAGAGATTTACCACG-1,Layer_5,4
TGAGATCAAATACTCA-1,Layer_2,1
TGAGATTAGGCCCTAA-1,Layer_3,1
TGAGCCATACAGTCTC-1,Layer_6,2
TGAGCGGAAAGTGTTC-1,Layer_6,7
TGAGCTTTAATGACGC-1,Layer_3,4
TGAGGAGTGCCAGCTT-1,Layer_6,2
TGAGGCATGTACTGTG-1,WM,5
TGAGGTGTGTGGCGGA-1,Layer_6,2
TGAGGTTGATCCCAAG-1,Layer_1,6
TGAGTAAATTAGCGTA-1,Layer_6,2
TGAGTGCCTCTTAAAT-1,WM,2
TGAGTGGTCCGTGACG-1,Layer_5,4
TGAGTTAAAGACATTC-1,Layer_3,1
TGATACATTTAGCCGT-1,WM,5
TGATAGCGGGATTCTA-1,Layer_3,4
TGATCACCACACTGAC-1,Layer_6,2
TGATCAGGGAACTGCT-1,Layer_6,7
TGATCCCAGCATTAGT-1,Layer_3,1
TGATCGGTTTGACCCT-1,Layer_5,3
TGATCTACGCTGATCT-1,Layer_3,1
TGATCTCCGGCGCCAG-1,Layer_5,3
TGATGTCAATTAAGTG-1,Layer_3,1
TGATTCAGGTCCCGCG-1,Layer_6,2
TGATTCCCGGTTACCT-1,WM,2
TGATTCGTCTATCACT-1,Layer_5,7
TGATTCTGTCGCCGGT-1,WM,5
TGATTTATTAGCTGTG-1,Layer_6,7
TGATTTCCTCCTGACG-1,Layer_3,1
TGCAAAGTTCGTCTGT-1,Layer_6,2
TGCAACCCATCTGCGG-1,Layer_3,4
TGCAAGAATGACGTAA-1,Layer_6,7
TGCAATCTAACACGGT-1,Layer_3,4
TGCAATTTGGGCACGG-1,Layer_2,1
TGCACAGTGAAGTTAT-1,Layer_2,1
TGCACGAGTCGGCAGC-1,Layer_2,1
TGCACTATGTGAGTGC-1,Layer_1,6
TGCAGAACTATATCGT-1,Layer_6,7
TGCAGAGTACCGAGCA-1,Layer_6,7
TGCAGATCGTCCTAGG-1,Layer_5,7
TGCAGCTACGTACTTC-1,Layer_5,7
TGCAGGATCGGCAAAG-1,Layer_5,4
TGCAGTGGTAGGGAAC-1,WM,5
TGCAGTTTCCTCCCAT-1,Layer_5,4
TGCATATGTCTGTCAC-1,Layer_5,4
TGCATGGATCGGATCT-1,Layer_5,4
TGCATGTGACCCATAG-1,WM,5
TGCATGTGGTAATCTA-1,Layer_5,3
TGCCAAAGTCAGACTT-1,Layer_6,7
TGCCAATGGGTACTCT-1,WM,2
TGCCACCTGGCGAAAC-1,Layer_4,4
TGCCAGTACGTGGAGA-1,Layer_6,7
TGCCATGGCTTATAAG-1,Layer_1,6
TGCCATTACTAAAGAA-1,Layer_3,4
TGCCCGTACCGTTAAA-1,Layer_6,3
TGCCGGATGTACGAGC-1,WM,5
TGCCGTGGATCGTCCT-1,Layer_6,2
TGCCGTGGGACCCAAT-1,Layer_5,7
TGCCTAATTGAAGATT-1,Layer_3,1
TGCCTGACATCGGTCA-1,Layer_2,6
TGCCTGATCAAACGAT-1,Layer_5,4
TGCCTTGGCCAGGCAA-1,Layer_5,3
TGCGAATATGGGATTT-1,Layer_6,7
TGCGACACCCTAGTGC-1,WM,5
TGCGACGGCCGAACGT-1,WM,5
TGCGAGAATATTACCC-1,WM,5
TGCGAGCCCTTCCGCG-1,Layer_2,1
TGCGCAAAGCATTTGG-1,Layer_6,7
TGCGCGATTAACGGAG-1,Layer_5,3
TGCGGACTTGACTCCG-1,Layer_5,3
TGCGGAGTAAAGGTGC-1,Layer_5,4
TGCGGCATAGTTCAAC-1,Layer_3,1
TGCGGGTATTGGGATC-1,Layer_1,6
TGCGGTCTACGAGTAA-1,Layer_1,6
TGCGGTGAAATTTCAT-1,Layer_3,4
TGCGTAAGAACCTGAT-1,Layer_6,2
TGCGTCATGACTGAGC-1,WM,5
TGCGTTTGTTGACACT-1,Layer_6,3
TGCTAAGTGTCTATTT-1,Layer_4,4
TGCTATACAAACGGAC-1,Layer_1,6
TGCTATGGCAAAGGGA-1,WM,5
TGCTCCACAGTTCTTA-1,Layer_4,4
TGCTCGGCGAAACCCA-1,Layer_6,2
TGCTCGGTGGGTCACC-1,Layer_5,7
TGCTCTTGAGAGTTTG-1,Layer_5,7
TGCTGGTTGGACAATT-1,Layer_3,4
TGCTGTTGAAGAACTC-1,Layer_6,7
TGCTTAGAGAGAATGC-1,WM,5
TGCTTCCCAAGCAGTA-1,Layer_6,7
TGCTTGAAACCATGCA-1,Layer_1,6
TGGAAACGGAGTGAAC-1,Layer_1,6
TGGAACCACTGACACA-1,Layer_3,4
TGGAAGAAGGGAACGT-1,Layer_6,7
TGGAAGACGAACACCA-1,Layer_3,1
TGGAAGGATAAAGATG-1,Layer_5,4
TGGAATATCCTTGACC-1,Layer_3,1
TGGAATTAGACGCTTT-1,Layer_3,4
TGGACCAATCTAAGAT-1,Layer_5,4
TGGACCACGGCGTTGA-1,Layer_1,6
TGGACGCAATCCAGCC-1,WM,5
TGGACGTAGGCGAATC-1,Layer_1,6
TGGACTGTTCGCTCAA-1,Layer_6,7
TGGAGCTAAAGTTCCC-1,Layer_2,1
TGGAGTGATGCGATGA-1,Layer_5,3
TGGATAGAGTAACAGA-1,Layer_1,6
TGGCAAACTAAATTAC-1,Layer_5,3
TGGCAACTCGCGCGCC-1,Layer_4,4
TGGCAAGCACAAGTCG-1,Layer_6,2
TGGCAATGGGACGGCG-1,Layer_3,1
TGGCACGAGCTCGAGT-1,Layer_1,6
TGGCAGATTACGATCA-1,Layer_6,2
TGGCAGCAGTAATAGT-1,Layer_6,2
TGGCATGAAGTTTGGG-1,WM,5
TGGCCAAACTGAAGTA-1,Layer_5,3
TGGCCAATTTGGTACT-1,Layer_6,2
TGGCCGTATATTGACC-1,Layer_4,3
TGGCGACTGCTCCAAA-1,WM,5
TGGCGATCAAGTTATG-1,WM,2
TGGCGGTGTGCGATTG-1,Layer_1,6
TGGCTACACTCTACCT-1,Layer_3,1
TGGCTATGTGACATAC-1,Layer_5,4
TGGCTCTTGTCGCGTA-1,Layer_5,7
TGGCTTTGGGTAGACA-1,Layer_4,4
TGGGAAATGCCTTTCC-1,Layer_3,4
TGGGATGCACTCATTC-1,Layer_3,1
TGGGCAATAGTTGGGT-1,Layer_3,1
TGGGCACAAACAGAAC-1,Layer_1,6
TGGGCACGTTCTATGG-1,Layer_3,4
TGGGCAGGCCACCGCA-1,Layer_2,6
TGGGCCACAAGAGCGC-1,Layer_4,4
TGGGCCCATACTAATT-1,Layer_5,4
TGGGCCTTGCCTGCAT-1,Layer_1,6
TGGGCGATACAATAAG-1,Layer_6,7
TGGGTAAGGTTCCCGC-1,Layer_3,4
TGGGTGTTAAGTAGAA-1,Layer_5,7
TGGTAAGCAGGATTGA-1,Layer_5,7
TGGTAGAATATATGGG-1,Layer_3,4
TGGTATCGCATCCCAA-1,Layer_3,1
TGGTATCGGTCTGTAT-1,Layer_2,1
TGGTCCCACGCTACGG-1,Layer_6,3
TGGTCGATATACCTCT-1,WM,2
TGGTCTGTTGGGCGTA-1,Layer_5,7
TGGTGATCGTATTTGT-1,Layer_3,4
TGGTTAACTTACATTT-1,WM,5
TGGTTCAACGGGTAAT-1,Layer_6,3
TGGTTCGTAGCAAAGG-1,Layer_5,4
TGGTTGGAGGATCCTG-1,Layer_3,1
TGGTTTAAACGTGGGT-1,Layer_2,1
TGTAACTTGTCAACCT-1,Layer_1,6
TGTAATGACCACAATA-1,Layer_5,7
TGTACCCGACCCTAAT-1,WM,5
TGTACCTACACGAGGG-1,Layer_3,4
TGTACGAACAAATCCG-1,Layer_6,2
TGTACGCTATCAGCTT-1,Layer_1,6
TGTACTGTGCCAAAGT-1,Layer_1,6
TGTAGCCATCCCATTC-1,Layer_2,1
TGTAGGAGAAATTTCC-1,Layer_5,4
TGTAGTGATCTATAAT-1,Layer_5,7
TGTATAACAGATCCTG-1,Layer_5,3
TGTATCCTTATTCCAT-1,Layer_2,1
TGTATGGCGCAGACAG-1,Layer_4,4
TGTATTTACCTAATGC-1,Layer_2,6
TGTCATTTGTTGGGAA-1,Layer_2,1
TGTCCACGGCTCAACT-1,Layer_3,1
TGTCCCGACATAGCAC-1,Layer_3,1
TGTCCGTGGCGCCTTT-1,Layer_3,4
TGTCCTAAGTCACCGC-1,Layer_5,7
TGTCGTTATCACATAT-1,WM,5
TGTCTACAGTTTCTGT-1,Layer_3,1
TGTGACTACGCCAGTC-1,Layer_5,4
TGTGAGACTAGCCCAA-1,Layer_6,7
TGTGATTCCAGCGCTT-1,Layer_1,6
TGTGCCGGTGCCGGAA-1,Layer_3,4
TGTGCTTTACGTAAGA-1,Layer_5,7
TGTGGAGGAAGCTTAA-1,Layer_1,6
TGTGGCAAAGCGTATG-1,Layer_5,4
TGTGGCGGGCTTCTGG-1,Layer_6,2
TGTGGTTGCTAAAGCT-1,WM,2
TGTGTCGCGAGTTGCA-1,Layer_4,4
TGTGTTCGTATCCAAG-1,Layer_4,3
TGTTATTGTATGTGGC-1,Layer_5,4
TGTTCCGCTTCCATGA-1,Layer_6,7
TGTTCCGGCCTGAGCT-1,Layer_6,7
TGTTCGTATTGCGGTG-1,Layer_6,2
TGTTCTTCCATTGACT-1,Layer_5,7
TGTTGTCAAGAAGTCT-1,Layer_5,4
TGTTTAATACTTCATC-1,Layer_3,1
TGTTTCGGTACTTCTC-1,Layer_4,4
TGTTTCTGAAGCGTGC-1,WM,5
TGTTTGAGATCGTCAG-1,Layer_2,1
TTAAACCGGTAGCGAC-1,Layer_2,6
TTAAACCTGGTTCCTT-1,Layer_3,4
TTAAACTCGAATTCAT-1,Layer_4,4
TTAACACCTCGAACAT-1,Layer_3,4
TTAACCAACCCTCCCT-1,Layer_4,4
TTAACGTCGCAAGACC-1,Layer_3,1
TTAACTCACGCGTGGA-1,Layer_3,4
TTAACTTCAGGTAGGA-1,Layer_6,2
TTAAGACGAACGAACC-1,Layer_2,6
TTAAGATAGGATTGAC-1,Layer_3,4
TTAAGCCGACAACTTC-1,Layer_3,4
TTAAGCGCCTGACCCA-1,Layer_5,3
TTAAGGATACGGAGGT-1,Layer_1,6
TTAAGGCCCGTACTTT-1,WM,5
TTAAGTATTGTTATCC-1,Layer_3,4
TTAATCAGTACGTCAG-1,Layer_4,4
TTAATGCGAGGTAACT-1,Layer_2,6
TTAATGTAGACCAGGT-1,Layer_6,7
TTAATGTGTTTGCAGG-1,Layer_1,6
TTAATTGCTTTGGGTG-1,Layer_5,3
TTAATTTCAGACGCGG-1,Layer_4,4
TTACAACTACGCATCC-1,Layer_5,4
TTACACGATCTGCGAC-1,Layer_2,1
TTACAGACCTAAATGA-1,Layer_3,4
TTACATCGTGGCCTGG-1,Layer_3,4
TTACATGCCACAACTA-1,Layer_3,4
TTACCATTGATTACCC-1,Layer_5,7
TTACCCATTGCCGGGT-1,Layer_3,4
TTACCCTAACAGTCCT-1,Layer_3,4
TTACCCTAGGGATTGG-1,Layer_6,2
TTACCGCCTTAGGGAA-1,Layer_1,6
TTACGGATGGTTCGAG-1,Layer_4,4
TTACGGTGTCACCGAG-1,Layer_1,6
TTACTAAAGGACTTTA-1,Layer_5,3
TTACTATCGGCTTCTC-1,Layer_4,3
TTACTCCGGCCGGGAA-1,Layer_5,3
TTACTCTGGTACGTAC-1,Layer_6,2
TTACTGGGATATTTCA-1,Layer_6,2
TTACTGTTTCTCTACG-1,Layer_1,6
TTAGAAGAACATGACT-1,Layer_6,7
TTAGAATAAGGGTCGG-1,WM,5
TTAGACACGATCGTTG-1,Layer_3,4
TTAGACGAGTCACCTC-1,Layer_5,3
TTAGAGTTTAGAAGGA-1,Layer_5,4
TTAGATAGGTCGATAC-1,Layer_1,6
TTAGCAACATGGATGT-1,Layer_3,1
TTAGCTAATACGATCT-1,Layer_3,4
TTAGCTCTGTAATCCG-1,Layer_3,3
TTAGCTGATTTGCCGT-1,Layer_4,4
TTAGGTCATAACCGAC-1,WM,5
TTAGTAAACCTGCTCT-1,Layer_3,4
TTAGTAGGGCGGCGGG-1,Layer_5,7
TTAGTTATTCGTGGCA-1,Layer_4,4
TTAGTTCAAGTGTTCG-1,Layer_2,1
TTATAGATGCACATTA-1,Layer_1,6
TTATAGGTAATTGTCT-1,Layer_5,3
TTATATACGCTGTCAC-1,Layer_6,7
TTATATTTGGCAATCC-1,Layer_5,3
TTATCATACTCGCAAA-1,Layer_1,6
TTATCCAATCGAACTC-1,Layer_2,6
TTATCCGGGATCTATA-1,Layer_5,4
TTATCCTCAAGGAATA-1,WM,5
TTATCGCCTGCGAAGC-1,Layer_3,4
TTATCTGACATTAGGA-1,Layer_5,2
TTATCTGTATCATAAC-1,Layer_5,4
TTATGAATGAAAGGGA-1,Layer_6,2
TTATGACAAACTGGAT-1,Layer_4,3
TTATGATCTTAACGAA-1,Layer_5,3
TTATGCGTCCCGGTCC-1,Layer_1,6
TTATGTTTGCGATAGA-1,Layer_3,4
TTATTAGAGCGTGTTC-1,Layer_6,7
TTATTAGGGAAGCATC-1,Layer_3,4
TTCAAAGTCTCTAGCC-1,Layer_6,3
TTCAACGACCCGACCG-1,Layer_4,4
TTCAAGCCGAGCTGAG-1,Layer_3,4
TTCAATACTCTGAATC-1,Layer_5,4
TTCAATTAGCCATAAT-1,Layer_3,1
TTCACGAAAGGATCAC-1,Layer_6,2
TTCACTCGAGCACCTA-1,Layer_6,7
TTCACTTCCTAGAACG-1,Layer_6,2
TTCAGAGTAACCTGAC-1,Layer_1,6
TTCAGCCCTGGTCCAC-1,Layer_5,4
TTCAGCTGGCGTGCCC-1,Layer_3,4
TTCAGGCGTCAAAGCC-1,Layer_5,7
TTCAGTTCAAGAGGAG-1,WM,2
TTCATAGCCTTGTAAC-1,Layer_1,6
TTCATGGCGCAACAGG-1,Layer_4,4
TTCCAATCAGAGCTAG-1,Layer_3,4
TTCCAATCTGGCTATC-1,WM,5
TTCCACACAGATTTGA-1,WM,5
TTCCACATTTCTCGTC-1,Layer_1,6
TTCCAGACGAGATTTA-1,Layer_3,1
TTCCATCATGCGGTGA-1,Layer_3,1
TTCCATCGACAGCGTG-1,Layer_3,1
TTCCCGACGCTTCACT-1,Layer_1,6
TTCCCGGCGCCAATAG-1,Layer_6,2
TTCCGCAGAGAAATAT-1,Layer_3,1
TTCCGCGTGAGGCGAT-1,Layer_6,7
TTCCGGCCTTGAGGCT-1,WM,5
TTCCGGTATCTGTGTC-1,Layer_2,1
TTCCGGTTACCCACTT-1,Layer_5,4
TTCCTCGAGGGTGTCT-1,Layer_4,4
TTCCTCGGACTAACCA-1,Layer_5,4
TTCCTCTGCCCGAATA-1,Layer_5,7
TTCCTTTCTGTGTTGC-1,Layer_1,6
TTCGAACGAAACATGC-1,WM,2
TTCGACAGAGCCCGTG-1,Layer_6,7
TTCGACGGGAAGGGCG-1,Layer_5,4
TTCGCACTCGCGTGCT-1,Layer_5,4
TTCGCACTGTACGACA-1,Layer_6,2
TTCGCCGCTCGCGCTA-1,WM,5
TTCGCGCGCCATACGA-1,WM,5
TTCGCTATCTGACGTG-1,Layer_3,1
TTCGGACTGATGCCTT-1,Layer_1,6
TTCGGACTGGGCATGG-1,WM,5
TTCGGCAACCCGCTGA-1,Layer_3,4
TTCGGCTAGAGATGGT-1,Layer_3,1
TTCGGGACTAATCGCG-1,Layer_6,7
TTCGGGCGCTAGTCTT-1,WM,5
TTCGGTACTGTAGAGG-1,Layer_6,7
TTCGTAATCCCAGCGG-1,Layer_3,4
TTCGTACTCCAGAACG-1,Layer_4,3
TTCGTTCAACGAAGTT-1,Layer_3,1
TTCTAACCGAAGCTTA-1,Layer_5,4
TTCTACCTCAATCGGT-1,WM,5
TTCTACCTTTATGTTG-1,Layer_3,1
TTCTACTTGCGAGGGC-1,Layer_3,4
TTCTAGAAAGTCTTAT-1,WM,5
TTCTAGGCCAATTGTG-1,Layer_4,4
TTCTATTAAACGCAGC-1,Layer_6,2
TTCTCAATTGCTACAA-1,WM,5
TTCTCTTACAGGTGAT-1,WM,5
TTCTGACCGGGCTCAA-1,Layer_5,4
TTCTGCCGCGCCTAGA-1,Layer_6,7
TTCTGCGAGCGCCCTT-1,Layer_4,3
TTCTGCGGGTTAGCGG-1,Layer_5,3
TTCTGCTAGACTCCAA-1,Layer_3,1
TTCTTAGTGAACGGTG-1,Layer_3,1
TTCTTAGTGGCTCAGA-1,Layer_4,4
TTCTTATCCGCTGGGT-1,Layer_3,4
TTCTTCCCTTTGATAT-1,Layer_1,6
TTCTTCGCAATAGAGC-1,Layer_1,6
TTCTTGAGCCGCGCTA-1,WM,5
TTCTTGCTAGCATCTC-1,Layer_3,1
TTCTTGGACGATCTGC-1,WM,5
TTCTTGGAGTAATGAG-1,Layer_4,4
TTCTTGTAACCTAATG-1,Layer_3,4
TTCTTTGGTCGCGACG-1,Layer_3,1
TTGAAAGGTGTAAAGG-1,Layer_2,1
TTGAACGAATCCTTTG-1,Layer_3,1
TTGAACGACGTGCTGA-1,Layer_4,4
TTGAAGAATTCCCAGG-1,Layer_6,7
TTGAAGGATGGGCGCC-1,WM,5
TTGAATATGGACTTTC-1,Layer_5,3
TTGAATCGTTGTATAA-1,Layer_6,2
TTGAATTCACGTGAGG-1,Layer_4,4
TTGACAGGAGCTCCCG-1,Layer_3,4
TTGACATGAACGTGGA-1,Layer_6,2
TTGACCAGGAACAACT-1,Layer_5,4
TTGACCATGTTCTCCG-1,Layer_5,4
TTGACCGTGTTAATGA-1,WM,5
TTGACGATTCAGCACG-1,Layer_2,1
TTGACGCTCCATGAGC-1,Layer_3,4
TTGACTACCATATGGT-1,Layer_6,2
TTGACTATTGTCCGGC-1,Layer_3,4
TTGAGAAGTTTAGCAT-1,Layer_4,4
TTGAGAGTACTGCTAA-1,WM,2
TTGAGCAGCCCACGGT-1,Layer_2,1
TTGAGGCATTTAACTC-1,Layer_3,1
TTGATCTAACTTTGTC-1,Layer_5,3
TTGATGCCGCTCGTCG-1,WM,5
TTGATGTGTAGTCCCG-1,Layer_3,4
TTGATTAGCTGTTTCT-1,WM,5
TTGATTATGCAGATGA-1,Layer_4,3
TTGCAAGAAGACTCCT-1,Layer_5,7
TTGCACAATTCAGAAA-1,Layer_6,2
TTGCACGGAGCAGCAC-1,Layer_5,4
TTGCATGCTGATCACG-1,Layer_6,2
TTGCCAAGCAGAACCC-1,Layer_2,1
TTGCCATAGCCCGCTC-1,WM,5
TTGCCCTGATCACGGG-1,Layer_5,7
TTGCCGCAGACCTACA-1,WM,5
TTGCCGCTTTCTAGTA-1,Layer_5,3
TTGCCGGTGATCCCTC-1,Layer_3,1
TTGCCTAATCCAAAGT-1,WM,5
TTGCGGAAAGCTGCCC-1,WM,2
TTGCGGCATCAGAAAG-1,WM,5
TTGCGGCGACTCATGC-1,Layer_1,6
TTGCGTAGTTTGAGGA-1,Layer_3,4
TTGCGTCGGCCAACCG-1,WM,5
TTGCGTGAACGCTTAG-1,Layer_3,1
TTGCTAGCTACCAATC-1,Layer_1,6
TTGCTCCCATACCGGA-1,Layer_5,4
TTGCTGAAGGAACCAC-1,Layer_4,4
TTGCTGATCATGTTCG-1,Layer_6,7
TTGCTGCACCTATCCA-1,Layer_3,1
TTGCTGGCCGGGCTTC-1,Layer_3,1
TTGGAAGAATACAGTC-1,WM,5
TTGGACATGTGGCTTA-1,Layer_6,7
TTGGACCATCTGGCAA-1,Layer_3,1
TTGGACCTATAACAGT-1,Layer_4,4
TTGGAGTCTCCCTTCT-1,Layer_1,6
TTGGATATCGTCTACG-1,WM,2
TTGGATCGACTTCTGG-1,Layer_3,1
TTGGATTGGGTACCAC-1,Layer_3,4
TTGGCCATCTTGCGCT-1,Layer_2,6
TTGGCCTAGAATTTCG-1,Layer_3,4
TTGGCTCGCATGAGAC-1,Layer_4,4
TTGGGAAGACGAGCCG-1,Layer_6,7
TTGGGACACTGCCCGC-1,Layer_5,3
TTGGGACGTAAGAGTT-1,Layer_3,1
TTGGGCGGCGGTTGCC-1,Layer_5,3
TTGGTCACACTCGTAA-1,WM,5
TTGGTTGCGGTGCGCG-1,WM,5
TTGTAAGGACCTAAGT-1,WM,2
TTGTAAGGCCAGTTGG-1,Layer_5,4
TTGTAATCCGTACTCG-1,Layer_6,2
TTGTATCACACAGAAT-1,Layer_3,4
TTGTCGTTCAGTTACC-1,Layer_5,4
TTGTCTCGGCAAGATG-1,WM,2
TTGTGAACCTAATCCG-1,Layer_4,4
TTGTGAGGCATGACGC-1,Layer_5,7
TTGTGCAGCCACGTCA-1,Layer_5,3
TTGTGGCCCTGACAGT-1,Layer_4,4
TTGTGGTAGGAGGGAT-1,WM,5
TTGTGGTGGTACTAAG-1,Layer_3,4
TTGTGTATGCCACCAA-1,Layer_6,2
TTGTGTTTCCCGAAAG-1,Layer_6,2
TTGTTAGCAAATTCGA-1,Layer_4,4
TTGTTCAGTGTGCTAC-1,Layer_5,4
TTGTTGTGTGTCAAGA-1,Layer_5,3
TTGTTTCACATCCAGG-1,WM,5
TTGTTTCATTAGTCTA-1,WM,5
TTGTTTCCATACAACT-1,Layer_6,2
TTGTTTGTATTACACG-1,WM,2
TTGTTTGTGTAAATTC-1,Layer_1,6
