,ground_truth,domain
AAACAAGTATCTCCCA-1,Layer_4,3
AAACACCAATAACTGC-1,Layer_6,1
AAACAGAGCGACTCCT-1,Layer_3,2
AAACAGCTTTCAGAAG-1,Layer_4,3
AAACAGGGTCTATATT-1,Layer_5,3
AAACATTTCCCGGATT-1,Layer_5,1
AAACCCGAACGAAATC-1,Layer_3,3
AAACCGGAAATGTTAA-1,Layer_3,3
AAACCGGGTAGGTACC-1,Layer_5,3
AAACCGTTCGTCCAGG-1,Layer_6,1
AAACCTAAGCAGCCGG-1,WM,1
AAACCTCATGAAGTTG-1,Layer_3,3
AAACGAAGAACATACC-1,Layer_3,2
AAACGAGACGGTTGAT-1,Layer_3,3
AAACTCGGTTCGCAAT-1,WM,4
AAACTCGTGATATAAG-1,Layer_3,2
AAACTGCTGGCTCCAA-1,Layer_5,5
AAACTTAATTGCACGC-1,Layer_6,1
AAACTTGCAAACGTAT-1,Layer_5,3
AAAGACCCAAGTCGCG-1,Layer_3,2
AAAGACTGGGCGCTTT-1,Layer_3,3
AAAGCTTGCCTACATA-1,Layer_3,4
AAAGGCCCTATAATAC-1,Layer_6,1
AAAGGCTACGGACCAT-1,WM,4
AAAGGCTCTCGCGCCG-1,Layer_6,1
AAAGGGATGTAGCAAG-1,Layer_3,3
AAAGGGCAGCTTGAAT-1,Layer_3,3
AAAGTAGCATTGCTCA-1,Layer_5,5
AAAGTCACTGATGTAA-1,Layer_3,2
AAAGTCGACCCTCAGT-1,Layer_3,3
AAAGTGTGATTTATCT-1,Layer_3,3
AAAGTTGACTCCCGTA-1,Layer_3,3
AAATAACCATACGGGA-1,Layer_3,2
AAATAAGGTAGTGCCC-1,Layer_3,4
AAATACCTATAAGCAT-1,Layer_5,5
AAATAGCTTAGACTTT-1,Layer_3,2
AAATAGGGTGCTATTG-1,Layer_5,5
AAATCGTGTACCACAA-1,Layer_5,5
AAATCTAGCCCTGCTA-1,Layer_5,5
AAATGATTCGATCAGC-1,Layer_3,2
AAATGCTCGTTACGTT-1,Layer_3,3
AAATGGCATGTCTTGT-1,Layer_3,3
AAATGGCCCGTGCCCT-1,Layer_5,5
AAATGGTCAATGTGCC-1,Layer_3,3
AAATGTATCTTATCCC-1,Layer_3,2
AAATTAACGGGTAGCT-1,Layer_3,3
AAATTACACGACTCTG-1,Layer_3,2
AAATTACCTATCGATG-1,Layer_3,2
AAATTCCAGGTCCAAA-1,Layer_3,2
AAATTGATAGTCCTTT-1,Layer_6,1
AAATTTACCGAAATCC-1,Layer_3,2
AAATTTGCGGGTGTGG-1,Layer_5,5
AACAACTGGTAGTTGC-1,Layer_3,3
AACAATACATTGTCGA-1,WM,1
AACAATTACTCTACGC-1,Layer_3,3
AACACACGCTCGCCGC-1,Layer_5,5
AACACGACTGTACTGA-1,Layer_3,2
AACACGAGACGCGGCC-1,Layer_5,5
AACACGCGGCCGCGAA-1,Layer_3,2
AACAGCTGTGTGGCAA-1,Layer_6,1
AACAGGAAATCGAATA-1,Layer_3,3
AACAGGATGGGCCGCG-1,Layer_3,3
AACAGGTAGTATGGAT-1,Layer_3,3
AACATATCAACTGGTG-1,Layer_3,2
AACATTGTGACTCGAG-1,WM,4
AACCAAGACTTCTCTG-1,Layer_3,3
AACCAGTATCACTCTT-1,Layer_3,2
AACCATGGGATCGCTA-1,Layer_3,3
AACCCAGAGACGGAGA-1,Layer_3,3
AACCCATCCCATGATC-1,Layer_5,5
AACCCGAGCAGAATCG-1,Layer_5,5
AACCCTACTGTCAATA-1,Layer_3,3
AACCCTGGTGGAACCA-1,Layer_3,2
AACCGAGCTTGGTCAT-1,Layer_3,2
AACCGCTAAGGGATGC-1,Layer_4,3
AACCGTTGTGTTTGCT-1,Layer_3,3
AACCTCGCTTTAGCCC-1,Layer_6,1
AACCTGTCACGGAATT-1,Layer_3,2
AACCTTTAAATACGGT-1,Layer_6,1
AACCTTTACGACGTCT-1,Layer_3,2
AACGAAAGTCGTCCCA-1,Layer_5,5
AACGATAATGCCGTAG-1,Layer_5,1
AACGATAGAAGGGCCG-1,Layer_3,3
AACGATATGTCAACTG-1,Layer_3,2
AACGCATGATCTGGGT-1,Layer_3,2
AACGCGAACGGCAACA-1,Layer_3,2
AACGCGGTCTCCAGCC-1,Layer_3,2
AACGCTGTTGCTGAAA-1,Layer_5,5
AACGGACGTACGTATA-1,Layer_5,5
AACGGCCATCTCCGGT-1,Layer_5,5
AACGTACTGTGGGTAC-1,Layer_5,5
AACGTCAGACTAGTGG-1,Layer_3,3
AACGTGATGAAGGACA-1,Layer_3,2
AACGTGCGAAAGTCTC-1,Layer_3,3
AACGTTATCAGCACCT-1,Layer_3,2
AACTACCCGTTTGTCA-1,Layer_3,3
AACTAGGCTTGGGTGT-1,Layer_6,1
AACTCAAGTTAATTGC-1,Layer_4,3
AACTCCAGAGCGTGTT-1,Layer_5,1
AACTCCTAATCCCATG-1,Layer_3,2
AACTCGATGGCGCAGT-1,Layer_3,2
AACTCTCAATAGAGCG-1,Layer_3,2
AACTCTCAGTGTGCTC-1,Layer_6,1
AACTGAGTTATACTGA-1,Layer_3,3
AACTGATATTAGGCCT-1,Layer_3,3
AACTGGGTCCCGACGT-1,Layer_3,2
AACTGGGTTCGAGCCG-1,Layer_3,1
AACTGGTGTGGGCCTT-1,Layer_3,2
AACTTCTGCGTCTATC-1,Layer_3,3
AACTTGCCCGTATGCA-1,Layer_3,3
AACTTGCGTTCTCGCG-1,Layer_3,2
AACTTTAGCTGCTGAG-1,Layer_3,2
AACTTTCTCGATCATG-1,Layer_3,4
AAGAAATCACCAGATT-1,Layer_3,4
AAGAAGGATCAGTTAG-1,Layer_3,2
AAGACCCAACTGAACA-1,WM,1
AAGACTGCAAGCTACT-1,Layer_3,3
AAGAGATGAATCGGTA-1,Layer_3,3
AAGAGCTCTTTATCGG-1,Layer_3,3
AAGAGGATGTACGCGA-1,Layer_4,3
AAGAGGCATGGATCGC-1,Layer_3,3
AAGAGGCCCTTTGGAA-1,Layer_5,5
AAGATGGCACCGGACC-1,WM,1
AAGATTGGCGGAACGT-1,Layer_3,2
AAGCACCCTGCGTATC-1,Layer_6,1
AAGCATACTCTCCTGA-1,Layer_6,1
AAGCCGAAGCGGTTTA-1,Layer_3,3
AAGCCGCCGTGAAATC-1,Layer_6,1
AAGCCGCTTTACCTTG-1,Layer_3,4
AAGCGGCGTCATGGGT-1,Layer_3,2
AAGCGTCCCTCATCGA-1,Layer_6,1
AAGCTAGATCGAGTAA-1,Layer_5,5
AAGCTCGTGCCAAGTC-1,Layer_3,3
AAGCTCTTTCATGGTG-1,Layer_6,1
AAGGAGAACTTATAAG-1,Layer_3,2
AAGGAGCGGTTGGTGC-1,Layer_3,3
AAGGATCGATCGCTTG-1,Layer_3,2
AAGGATGAGGGACCTC-1,Layer_3,2
AAGGCAGGCTGTCTCC-1,Layer_3,2
AAGGCGCGTAAAGCTT-1,Layer_3,3
AAGGCTGTGCTCATCG-1,Layer_3,3
AAGGGAACGACTGGCT-1,Layer_6,1
AAGGGACAGATTCTGT-1,Layer_3,2
AAGGGACTATGCATTC-1,Layer_6,1
AAGGTATCCTAATATA-1,Layer_3,2
AAGGTGATAAACCAGC-1,Layer_3,3
AAGTAGAAGACCGGGT-1,Layer_3,3
AAGTAGTGACGCGAGG-1,Layer_3,3
AAGTCAATTGTCGTCA-1,Layer_3,3
AAGTCTAGTAGCTGCC-1,Layer_3,4
AAGTGACGACCGAATT-1,Layer_5,3
AAGTGAGTCGGGTTTA-1,WM,4
AAGTGCAAAGGTAGAC-1,Layer_3,3
AAGTGCCTTGACTGTA-1,Layer_3,3
AAGTGCGTTAGAATCT-1,Layer_5,5
AAGTGTTTGGAGACGG-1,Layer_5,5
AAGTTCACTCCAAGCT-1,Layer_5,5
AAGTTCAGTCTGCGTA-1,Layer_3,2
AAGTTCGGCCAACAGG-1,Layer_5,5
AAGTTTACTAATGGCA-1,Layer_3,2
AATAACAACGCTCGGC-1,Layer_3,3
AATAACACTAGAACAA-1,Layer_6,1
AATAAGTCCTCGAGAC-1,Layer_3,2
AATAATCTTCGTATCG-1,Layer_3,3
AATACAATGTTTCAGG-1,Layer_3,3
AATAGAACAGAGTGGC-1,Layer_6,1
AATAGAATCTGTTTCA-1,Layer_5,3
AATAGCTACCGCGTGC-1,Layer_3,2
AATAGTCCGTCCCGAC-1,Layer_6,1
AATAGTCGCGAGTCGG-1,Layer_3,2
AATATCAAGGTCGGAT-1,Layer_3,2
AATATCGAATCAATGC-1,Layer_3,3
AATATCGAGGGTTCTC-1,Layer_3,4
AATATTGGAGTATTGA-1,Layer_3,3
AATCATGTAAAGACTC-1,Layer_5,5
AATCCAAGGGCCTGAG-1,Layer_3,3
AATCCATGCAAGGGTG-1,Layer_3,2
AATCGCCTCAGCGCCA-1,Layer_3,3
AATCGCGCAGAGGACT-1,Layer_3,2
AATCGGGACACTACGA-1,Layer_3,2
AATCTAGGTTTACTTG-1,Layer_5,5
AATCTATGCCGGAGCC-1,Layer_3,4
AATCTCTACTGTGGTT-1,Layer_3,3
AATCTGCGTTGGGACG-1,Layer_3,2
AATCTGGCTTTCTAGT-1,Layer_5,5
AATCTGGGTAGACCCT-1,Layer_3,1
AATGACAGCAATGTCT-1,Layer_5,5
AATGACGTAGGATGTC-1,Layer_4,3
AATGACTGTCAGCCGG-1,Layer_3,3
AATGAGTTCGCATATG-1,Layer_3,3
AATGATGATACGCTAT-1,Layer_3,2
AATGATGCGACTCCTG-1,Layer_3,2
AATGCAACCGGGTACC-1,Layer_3,3
AATGCACCAAGCAATG-1,Layer_3,2
AATGGTCCACCGTTCA-1,Layer_3,3
AATGGTTCTCACAAGC-1,Layer_3,3
AATGTGCCCGAGGTGT-1,Layer_6,1
AATGTGCTAATCTGAG-1,WM,1
AATTAAAGGTCGGCGT-1,Layer_4,3
AATTAACGGATTTCCA-1,WM,1
AATTAGCGCTGCAGCG-1,Layer_5,5
AATTCATAAGGGATCT-1,Layer_3,2
AATTCATTGTCATGCA-1,Layer_6,5
AATTCCAAGCATGTAC-1,WM,4
AATTCTAGAGTTAGGC-1,Layer_5,5
AATTGAACGCTCTGGT-1,Layer_4,3
AATTTGGGACATAGTA-1,Layer_3,2
AATTTGGTTCCAAAGA-1,Layer_3,3
ACAAACCATGCGTCCT-1,Layer_6,1
ACAAAGCATGACCTAG-1,Layer_6,1
ACAAATCGCACCGAAT-1,Layer_5,5
ACAAATGGTAGTGTTT-1,Layer_4,3
ACAAATTCAGATCTGA-1,Layer_3,1
ACAACAGCATGAGCTA-1,Layer_3,3
ACAACGGTCCCTGCGA-1,Layer_3,3
ACAAGCAGTGCCTAGC-1,Layer_3,3
ACAAGCTATATGGAAG-1,Layer_3,3
ACAAGGAAATCCGCCC-1,Layer_5,5
ACAAGGACAAGAGGTT-1,Layer_3,3
ACAAGGATGCTTTAGG-1,Layer_6,1
ACAAGGCCTACCAGCC-1,Layer_3,1
ACAAGGGCAGGCTCTG-1,Layer_4,3
ACAATAGTCGTACGTT-1,Layer_4,3
ACAATCCATTTAAACC-1,Layer_3,3
ACAATCGATCTTTATA-1,Layer_3,1
ACAATGAATACGGAGA-1,Layer_6,1
ACAATTGTGTCTCTTT-1,Layer_5,5
ACAATTTAGGAGGCTC-1,Layer_3,3
ACAATTTGAGCAGTGG-1,Layer_3,2
ACAATTTGGCCATATT-1,Layer_3,2
ACACAAAGACGGGTGG-1,Layer_3,3
ACACACCAGGACCAGT-1,Layer_3,3
ACACACTTTCTACACG-1,Layer_3,3
ACACATGATCAAATCT-1,Layer_6,5
ACACCACATAATTAGC-1,Layer_3,4
ACACCCAGCATGCAGC-1,Layer_3,3
ACACCCGAGAAATCCG-1,Layer_3,3
ACACCGGTCTGACCGC-1,Layer_6,1
ACACCTTAAGTAGGGC-1,Layer_3,3
ACACCTTACTACTTGC-1,Layer_3,2
ACACGAGACTCCTTCT-1,Layer_3,3
ACACGGCACTATGCAT-1,Layer_3,2
ACACGGGAACTTAGGG-1,Layer_3,3
ACACGTAGGCCACAAG-1,Layer_5,5
ACACTCCAATGTCACT-1,Layer_3,3
ACACTGATCAAGGTGT-1,Layer_6,1
ACACTGGGACAGTCGT-1,Layer_5,5
ACAGAACTGAGAACAA-1,Layer_5,5
ACAGATTAGGTTAGTG-1,Layer_3,2
ACAGCATAGAGCCAGT-1,Layer_3,2
ACAGCGACATTCTCAT-1,Layer_5,5
ACAGCGCACCCGCAGC-1,Layer_3,2
ACAGGCTTGCCCGACT-1,Layer_5,5
ACAGGTGGAGGTGAGG-1,Layer_5,5
ACAGGTGTGTTGTTGC-1,Layer_3,3
ACAGTAATACAACTTG-1,Layer_5,3
ACAGTATACCGTGGGA-1,Layer_3,2
ACATAAGTCGTGGTGA-1,Layer_6,5
ACATAATAAGGCGGTG-1,Layer_3,3
ACATCAGCTGGGACGC-1,Layer_3,3
ACATCCCGGCCATACG-1,Layer_6,1
ACATCCTGGTAACTGT-1,Layer_3,3
ACATCGATCGTTTACC-1,Layer_4,3
ACATCGGTCAGCCGCG-1,Layer_5,3
ACATCGTATGCAATGG-1,Layer_4,3
ACATCGTTAACCTAGT-1,Layer_3,2
ACATCTCAACGCGTAA-1,Layer_3,2
ACATGGCGCCAAAGTA-1,Layer_3,3
ACATTAGTTTATATCC-1,Layer_6,5
ACCAAACTAGAAATCC-1,Layer_3,2
ACCAACACCACACACT-1,Layer_3,2
ACCAACGCTTATTTAT-1,Layer_6,1
ACCAAGAACGCGTGTC-1,Layer_3,3
ACCAATATGCAAGTTA-1,Layer_6,1
ACCACAACTCAGAACA-1,Layer_3,2
ACCACAAGTTTCTATC-1,Layer_3,3
ACCACCAATGTAACAA-1,Layer_3,2
ACCACCCTCTCTTCTA-1,Layer_3,4
ACCACGTGCAGCTATA-1,Layer_5,5
ACCAGACCATAACAAC-1,Layer_3,3
ACCAGCCCGGTCTTTG-1,Layer_3,2
ACCAGTGCCCGGTCAA-1,Layer_3,1
ACCAGTGCGGGAGACG-1,Layer_4,3
ACCATATCCGCAATAA-1,Layer_4,3
ACCATCCGCCAACTAG-1,Layer_4,3
ACCATCGTATATGGTA-1,Layer_5,5
ACCCAACGCCCGTGGC-1,Layer_3,2
ACCCACCTACATGCTC-1,Layer_3,3
ACCCATCTTGAGGGTA-1,Layer_4,3
ACCCATTTGTCCCTCT-1,Layer_5,1
ACCCGAGCGAAATTAC-1,Layer_6,1
ACCCGGAAACTCCCAG-1,Layer_6,1
ACCCGGATGACGCATC-1,Layer_3,2
ACCCGGTTACACTTCC-1,Layer_5,5
ACCCGTGTCATCAGTA-1,WM,1
ACCCTATAGGACTGAG-1,Layer_3,2
ACCCTATGCCATATCG-1,Layer_6,1
ACCCTCCCTTGCTATT-1,Layer_5,5
ACCCTGGTAACGCCCT-1,Layer_3,2
ACCCTTCATCTGCGAA-1,Layer_3,3
ACCCTTGCCTGGGTCG-1,Layer_3,4
ACCCTTTAGTTCTCCA-1,Layer_3,2
ACCGAAAGGGCCCTGC-1,Layer_3,2
ACCGAAGAGTCTGGTT-1,Layer_5,5
ACCGACACATCTCCCA-1,WM,1
ACCGACTGAGTCCCAC-1,Layer_3,3
ACCGATATTTAATCAT-1,Layer_4,3
ACCGATGGTAGCATCG-1,Layer_3,2
ACCGCAATAACTGCCT-1,Layer_5,5
ACCGCGGTGGAAGTCG-1,Layer_3,3
ACCGGGCCTTTGTTGA-1,Layer_3,3
ACCGGTCAGGTACACC-1,Layer_6,5
ACCGGTCTGAGTACGG-1,Layer_3,1
ACCGTGACCACGTGGG-1,WM,1
ACCGTTCCCGCTCTGA-1,Layer_3,2
ACCTAAGTACCTTTCA-1,Layer_5,5
ACCTAATCGACTTCCT-1,Layer_3,3
ACCTACAGTATGTGGT-1,Layer_3,2
ACCTCCGCCCTCGCTG-1,Layer_5,5
ACCTCCGTTATTCACC-1,Layer_3,2
ACCTCGAACTTATGCT-1,Layer_6,1
ACCTGCGTGTCATGTT-1,Layer_5,5
ACGAAATGGGCGGCAC-1,Layer_3,3
ACGACTGGTCATACTC-1,WM,1
ACGAGAACCCATCACG-1,Layer_3,2
ACGAGATATTTGCTTA-1,Layer_3,2
ACGAGGATACCACTCT-1,Layer_5,5
ACGAGGTTTACAACGT-1,Layer_5,5
ACGAGTACGGATGCCC-1,Layer_3,4
ACGATACATAGAACTA-1,Layer_3,2
ACGATCATACATAGAG-1,Layer_3,3
ACGATCATCTTGTAAA-1,Layer_3,2
ACGATGCATATGTTAT-1,Layer_4,3
ACGATGGATCCGATGC-1,Layer_3,2
ACGCAAACTAATAGAT-1,WM,4
ACGCAATCACTACAGC-1,Layer_3,4
ACGCATACGTTTACTA-1,Layer_5,5
ACGCATTCGTGAGTAC-1,Layer_3,3
ACGCCAGATGATTTCT-1,Layer_3,2
ACGCCCAGCTGTCGAT-1,Layer_3,3
ACGCCGCTAGACGACC-1,Layer_4,3
ACGCGAAGTCAGACGA-1,Layer_5,5
ACGCGCTACACAGGGT-1,Layer_5,3
ACGCGGGCCAAGGACA-1,Layer_3,3
ACGCGTTTCTTAAGAG-1,Layer_3,4
ACGCTAGTGATACACT-1,Layer_3,2
ACGCTGTGAGGCGTAG-1,Layer_3,3
ACGGAATTTAGCAAAT-1,Layer_3,3
ACGGACTCTCAAAGCG-1,WM,1
ACGGAGCGCAAATTAC-1,Layer_3,2
ACGGATGGTGCGGATA-1,Layer_6,1
ACGGCACTTGCTTGGG-1,Layer_6,1
ACGGCCAACATGGACT-1,Layer_6,1
ACGGCGACGATGGGAA-1,Layer_5,5
ACGGCTGGATGTAGAA-1,Layer_6,5
ACGGGAGTGTCGGCCC-1,Layer_5,5
ACGGGCGTATGCGACA-1,Layer_3,4
ACGTACAGATTTCTCT-1,Layer_3,2
ACGTAGATTGCTGATG-1,Layer_3,3
ACGTATTACTCCGATC-1,Layer_3,3
ACGTGCGCCTCGTGCA-1,Layer_3,3
ACGTTAATGTCGAAGA-1,Layer_4,3
ACGTTAGATTTGCCCG-1,Layer_4,3
ACGTTATTGGTCACTC-1,Layer_3,2
ACGTTCCGCGCTCCGT-1,Layer_3,2
ACGTTCGCAATCAATT-1,Layer_3,4
ACGTTCGTTCAGGAAA-1,WM,1
ACGTTTAGTTGTGATC-1,Layer_3,3
ACTAATACGTCAGGCG-1,Layer_3,2
ACTACATCCCGACAAG-1,Layer_6,1
ACTACCAGCTCTCTGG-1,Layer_3,3
ACTACGCGTTAGAATT-1,WM,1
ACTAGTTGCGATCGTC-1,Layer_4,3
ACTATCCAGGGCATGG-1,Layer_3,2
ACTATCTGCCCGCGTA-1,Layer_4,3
ACTATGTCCAGCTGCC-1,Layer_6,1
ACTATTCGTCCGTGGT-1,Layer_3,2
ACTATTTCCGGGCCCA-1,WM,1
ACTCAACGAATGTATT-1,Layer_3,2
ACTCAAGTGCAAGGCT-1,Layer_6,1
ACTCAATAAAGGCACG-1,Layer_3,3
ACTCAGACCTGCTTCT-1,Layer_3,2
ACTCCAATATCATCAT-1,WM,1
ACTCCCATTCCTAAAG-1,Layer_5,5
ACTCCCGAATTCGTTT-1,Layer_3,2
ACTCCCGTAGACTAGG-1,Layer_3,4
ACTCCCTAATGCTAAA-1,Layer_6,1
ACTCCCTAGAATAGTA-1,Layer_5,5
ACTCGATGTATTTCAT-1,Layer_3,2
ACTCGTAACCCGTCCT-1,Layer_5,5
ACTCGTCAGTAATCCC-1,Layer_3,3
ACTCTAAACCTGGGAT-1,Layer_3,4
ACTCTCTGACTTAGGT-1,Layer_3,3
ACTCTCTTATACACGA-1,Layer_3,2
ACTCTTCAGCTCCCGC-1,Layer_3,2
ACTCTTGTATAGTAAC-1,Layer_3,3
ACTGAAACGCCGTTAG-1,Layer_5,5
ACTGAATGGCGAAAGT-1,Layer_4,3
ACTGATTTAGTGATTC-1,Layer_3,2
ACTGCCGTCGTAACTC-1,Layer_3,3
ACTGCGGACACACCGT-1,Layer_3,2
ACTGCTCGGAAGGATG-1,Layer_5,5
ACTGTACGATACACAT-1,Layer_3,3
ACTGTAGCACTTTGGA-1,Layer_3,3
ACTGTATACGCGAGCA-1,Layer_3,2
ACTGTCCAGGATTATA-1,Layer_3,3
ACTGTCTTCTTTAGAA-1,Layer_3,3
ACTGTGCTAGTAGATC-1,Layer_3,2
ACTGTTTAGTGTAGGC-1,Layer_3,2
ACTTACCGGGCGCGCA-1,Layer_3,2
ACTTACGCATCCACGC-1,Layer_6,1
ACTTAGTACGACAAGA-1,Layer_3,3
ACTTATACTTACCCGG-1,Layer_3,2
ACTTATTAGGATCGGT-1,Layer_4,3
ACTTATTTATGTGCCA-1,Layer_4,3
ACTTCAGGCTGATCCC-1,Layer_5,5
ACTTCCATGCGGGACA-1,Layer_6,1
ACTTCGCCATACGCAC-1,Layer_3,2
ACTTCGCTAGCGAGTG-1,Layer_3,4
ACTTGACTCCCTCTTT-1,Layer_4,3
ACTTGCCATATTGTAC-1,Layer_3,2
ACTTGGGACCCGGTGG-1,Layer_3,3
ACTTGTAGTCCCTTCA-1,Layer_4,3
ACTTGTGGATGGAACG-1,Layer_4,3
ACTTTACCCTCATGAA-1,Layer_3,2
ACTTTCCTATAGCTTC-1,Layer_3,3
ACTTTGACTGCATCCT-1,Layer_3,3
ACTTTGGTCGTGCTCC-1,Layer_6,5
ACTTTGTCGACGCACT-1,Layer_4,5
AGAAATTATGACTCGC-1,Layer_4,3
AGAACCCAGCGTGACA-1,Layer_3,2
AGAACCCTCAATTGGG-1,Layer_6,5
AGAACGTGGTACATTC-1,Layer_3,2
AGAAGAGCGCCGTTCC-1,Layer_3,2
AGAAGGTACACTTCAC-1,Layer_5,5
AGAAGGTTGCCGAATT-1,Layer_5,5
AGAAGGTTGTAGGTCG-1,WM,4
AGAAGTGATTCGTGAT-1,Layer_5,5
AGAATAAATCTTCAGG-1,Layer_3,3
AGAATTATGGATTCGA-1,Layer_3,2
AGAATTGTTTGACATA-1,Layer_3,3
AGACAGCTCAGAATCC-1,Layer_3,3
AGACATAGATCCTTCC-1,Layer_3,2
AGACCAAACCACACCT-1,Layer_5,5
AGACCATGGGATACAA-1,Layer_3,3
AGACCCACCGCTGATC-1,Layer_5,5
AGACCCGCCCTCCTCG-1,Layer_3,3
AGACCGCTCCGCGGTT-1,Layer_4,3
AGACCGGGAAACCCTG-1,Layer_4,3
AGACGAAGTGCCGGTC-1,Layer_4,3
AGACGACGATGCCGCT-1,Layer_6,1
AGACGGGCCGATTTAA-1,Layer_3,1
AGACTAGCCTTCCAGA-1,Layer_3,3
AGACTGTTACCGGGTC-1,WM,4
AGAGAACCGTCTAGGA-1,Layer_3,2
AGAGAAGGAGTACAAT-1,Layer_6,1
AGAGATCTCTAAAGCG-1,Layer_4,3
AGAGCAGTTATGAGAC-1,Layer_3,3
AGAGCCGCCGAGATTT-1,Layer_5,5
AGAGCGGGCTAATCAT-1,Layer_3,3
AGAGCGTACAAGCTCG-1,Layer_3,3
AGAGCTACGAAAGCAT-1,Layer_3,2
AGAGGCTTCGGAAACC-1,Layer_4,3
AGAGTAAACTTCACTA-1,Layer_3,3
AGAGTATAGTGTTACG-1,Layer_3,4
AGAGTTAGAGACCGAT-1,Layer_3,2
AGATAACTTCAGGGCC-1,Layer_3,3
AGATACCGGTGTTCAC-1,Layer_5,3
AGATACGACTTCATAT-1,Layer_3,3
AGATACTCAAGATCGA-1,Layer_4,3
AGATATAATACGACTA-1,WM,4
AGATCGTGCATAAGAT-1,Layer_3,2
AGATCTCAGGTGTGAT-1,Layer_3,2
AGATGACTCGCCCACG-1,Layer_3,3
AGATGAGGGTTGCGAT-1,Layer_3,2
AGATGATGGAGTCTGG-1,Layer_3,2
AGATGCAAGACGTGCA-1,Layer_6,1
AGATTATAGGACGTTT-1,Layer_3,3
AGATTCACAACCGATA-1,Layer_5,5
AGCAAAGGCCGCTAGT-1,WM,1
AGCAACATATCTTATT-1,Layer_3,3
AGCAACCGAAAGTAAT-1,Layer_6,5
AGCACCAGTACTCACG-1,Layer_3,3
AGCACTACCGGCCTGT-1,Layer_3,3
AGCACTACCTCACCAG-1,Layer_5,5
AGCACTTAAGGACGCC-1,Layer_3,3
AGCAGAAGGAGAAAGA-1,WM,4
AGCAGCCAGATGAATA-1,Layer_6,1
AGCATATCAATATGCT-1,Layer_5,5
AGCATCATTTCGAAAG-1,Layer_5,5
AGCATCGTCGATAATT-1,Layer_3,3
AGCCAAGCTTTGTGTC-1,WM,4
AGCCACAGGTTACCCG-1,Layer_6,1
AGCCACTCCCGTGCTT-1,Layer_3,2
AGCCCATACATGTAAG-1,Layer_5,3
AGCCCGGCATTAGAGG-1,WM,1
AGCCCGGTAGCCTGTA-1,WM,1
AGCCCTAAGCGAAGTT-1,Layer_3,3
AGCCCTGTCGCACCGT-1,Layer_3,2
AGCCCTTCTAATCCGA-1,Layer_3,2
AGCCCTTGGACATCCC-1,Layer_5,5
AGCCGCAAATTCAAAT-1,Layer_3,3
AGCCGTGGCTAAATGT-1,Layer_5,5
AGCCTAATACCCACGT-1,Layer_5,5
AGCCTTAAAGCGGAAG-1,Layer_3,3
AGCGACAGGAACGGTC-1,Layer_5,5
AGCGACATCCCATTCA-1,Layer_3,3
AGCGACCAACGATATT-1,Layer_3,3
AGCGCATAATGAATCG-1,Layer_6,1
AGCGCGGGTGCCAATG-1,Layer_3,2
AGCGCTAGAGCGATGT-1,Layer_3,2
AGCGCTTATGGGCAAG-1,Layer_3,2
AGCGGACACTTCGTAG-1,WM,4
AGCGGCGGTTAGCGGT-1,Layer_5,5
AGCGGGAAGGGTCCAT-1,Layer_3,3
AGCGGGTCTGACACTC-1,WM,4
AGCGGTTGCCGCTCTG-1,Layer_3,2
AGCGTACGAGAGCTAG-1,Layer_3,2
AGCGTCTGAACCCGCA-1,Layer_3,2
AGCGTGGTATTCTACT-1,Layer_5,5
AGCGTTCCGATTTAAA-1,Layer_3,1
AGCTAACAAGCAATGT-1,WM,1
AGCTAAGTACGCAGGC-1,Layer_6,1
AGCTAGAAGCAGAAGT-1,Layer_3,2
AGCTATTTAATCCAAC-1,Layer_3,2
AGCTCCATATATGTTC-1,Layer_5,5
AGCTCCTTCGCACATC-1,Layer_5,5
AGCTCTAGACGTTCCA-1,Layer_3,3
AGCTCTTCCCAGTGCA-1,Layer_3,2
AGCTCTTCGTAACCTT-1,Layer_3,2
AGCTCTTTACTCAGTT-1,Layer_5,3
AGCTGAAGTAAACCAA-1,Layer_3,2
AGCTGTAACCTCAATC-1,Layer_6,5
AGCTTATAGAGACCTG-1,Layer_3,2
AGCTTGATCTTAACTT-1,Layer_4,3
AGGAAGCTGTCCGCCG-1,WM,4
AGGACAGTCGAATCCC-1,Layer_3,3
AGGACATCGCACGTCG-1,Layer_3,3
AGGACGACCCATTAGA-1,Layer_5,5
AGGACGCTCGATGTTG-1,Layer_3,2
AGGAGACATCCACAGT-1,Layer_3,4
AGGAGAGTCTGGCTAC-1,Layer_3,4
AGGAGGCCTTCGCGCG-1,Layer_5,5
AGGATAAAGTCGGGAT-1,Layer_6,1
AGGATATAGGGATTTA-1,Layer_3,3
AGGATCACGCGATCTG-1,Layer_5,5
AGGATTGCTTACGACA-1,Layer_3,4
AGGCACGTGACTGTCC-1,Layer_5,5
AGGCAGATGCGTAAAC-1,Layer_3,2
AGGCAGGGAGCGTACT-1,WM,1
AGGCATTGTCGTAGGG-1,Layer_4,3
AGGCCACCCGTTATGA-1,Layer_3,3
AGGCCCATTGTACAGG-1,Layer_3,3
AGGCCCTAGAACGCCA-1,Layer_5,5
AGGCCTGAGAATCTCG-1,Layer_6,1
AGGCGATAACTGGCGT-1,Layer_4,5
AGGCGGTTTGTCCCGC-1,Layer_6,1
AGGCTATGGTTAGCTT-1,Layer_3,3
AGGCTTCCCGAAGAAG-1,Layer_5,5
AGGCTTGCTAGACACC-1,Layer_3,3
AGGGAAACGAGGTACT-1,Layer_3,2
AGGGACCGGCTGCGTT-1,Layer_3,2
AGGGACTCTACGCGAC-1,Layer_6,1
AGGGAGACATACTTCG-1,Layer_3,4
AGGGCAGCGGCGTGGT-1,Layer_3,2
AGGGCGAGCAGCTGAT-1,Layer_5,3
AGGGCGTGATCGGCTA-1,Layer_3,3
AGGGCTGCAGTTACAG-1,Layer_3,3
AGGGTCGATGCGAACT-1,Layer_3,2
AGGGTGCCGTTCTTTA-1,WM,1
AGGGTGCTCTCGAGGG-1,Layer_3,2
AGGGTGGATAGTGCAT-1,Layer_3,3
AGGGTTCCCTTTGGTT-1,Layer_3,2
AGGGTTTAGTTCGGGA-1,Layer_3,3
AGGTAACCTCCTATTC-1,Layer_3,3
AGGTACGATATTGCCA-1,Layer_3,2
AGGTAGATCGAGATAT-1,WM,1
AGGTAGGTACAAAGCT-1,Layer_3,3
AGGTATAATTGATAGT-1,Layer_3,2
AGGTATGCGGACATTA-1,Layer_3,2
AGGTCAGGTGAGAGTG-1,Layer_5,5
AGGTCGCGGAGTTACT-1,Layer_3,4
AGGTGGTGACCTTCGC-1,WM,4
AGGTGTATCGCCATGA-1,Layer_3,3
AGGTTACACCATGCCG-1,Layer_3,2
AGGTTGAGGCACGCTT-1,Layer_3,2
AGGTTTCACACACCTT-1,Layer_4,3
AGTAACGTTCATCCTG-1,Layer_3,2
AGTAATGTCTTGCCGC-1,Layer_3,3
AGTACATCATTTATCA-1,Layer_3,4
AGTACGGCCCGTATCG-1,Layer_3,3
AGTACGGGCACCTGGC-1,Layer_3,2
AGTACGTGGCCTGTCT-1,Layer_3,2
AGTACTCTTATGCCCA-1,Layer_5,5
AGTAGCGTGAACGAAC-1,Layer_3,3
AGTAGCTAGACGCCGA-1,Layer_3,1
AGTAGGAAGGAAGTTG-1,Layer_3,2
AGTAGGTAACATACAT-1,Layer_3,3
AGTATAATACTAGGCA-1,Layer_3,3
AGTATACACAGCGACA-1,WM,4
AGTATGCTGGAGACCA-1,Layer_6,1
AGTATTTGGCACGACC-1,WM,1
AGTCAACACCACCATC-1,Layer_5,3
AGTCAAGATGACACTT-1,Layer_4,3
AGTCACTAGCTCTCGA-1,Layer_5,5
AGTCACTCCGCCTCAT-1,Layer_3,2
AGTCAGCCACCGCCTG-1,Layer_3,3
AGTCCATTGGCTGATG-1,Layer_3,3
AGTCCCGCCTTTAATT-1,Layer_3,2
AGTCCCTCGCAGAAAG-1,Layer_3,4
AGTCGACGGTCTCAAG-1,Layer_3,2
AGTCGGCCCAAACGAC-1,Layer_3,3
AGTCGGCTCAACTTTA-1,Layer_5,5
AGTCGGTTGCGTGAGA-1,Layer_3,2
AGTCGTATAAAGCAGA-1,WM,1
AGTCGTCGACCACCAA-1,Layer_5,5
AGTCGTGGGCATTACG-1,Layer_5,5
AGTCTAAAGTATACTC-1,Layer_3,4
AGTCTCACAAGACTAC-1,Layer_6,1
AGTCTGGACATCCTTG-1,Layer_3,3
AGTCTTCTCCTCAAAT-1,Layer_3,2
AGTGAACAAACTTCTC-1,Layer_3,3
AGTGAAGATGGTGTCC-1,Layer_3,4
AGTGACCTACTTTACG-1,Layer_5,5
AGTGACTGTGACACAA-1,WM,1
AGTGAGACTTCCAGTA-1,Layer_3,2
AGTGAGCCTCGCCGCC-1,Layer_3,2
AGTGAGGGTTTCTGAC-1,Layer_3,2
AGTGATAACCTGCGCG-1,Layer_6,1
AGTGATATGAGTAGTT-1,Layer_5,5
AGTGATTCAAGCAGGA-1,Layer_3,2
AGTGCACGCTTAAGAA-1,Layer_5,5
AGTGCGTAGCTCGTAA-1,Layer_5,5
AGTGCTAAACACAGCA-1,Layer_6,1
AGTGCTTGCACGAATA-1,Layer_3,3
AGTGGCGGCAATTTGA-1,Layer_3,2
AGTGGCGTCTGAAGGT-1,Layer_6,1
AGTGGCTCCGTCGGCC-1,Layer_3,3
AGTGGTGTTACCCGTG-1,Layer_5,3
AGTGTATTGCGCATTG-1,Layer_3,2
AGTGTGGTCTATTGTG-1,Layer_3,3
AGTTAAACACTTGCGA-1,Layer_5,3
AGTTAAGCGGTCCCGG-1,Layer_3,2
AGTTAAGTCAACCGCT-1,Layer_5,5
AGTTACCCTTAAGACT-1,Layer_3,2
AGTTACCGCACATGGT-1,Layer_3,3
AGTTACTCTATCGTGG-1,Layer_3,2
AGTTCACCGGTTGGAC-1,Layer_3,2
AGTTCCTACAGAATTA-1,Layer_3,3
AGTTCCTATTTATGTT-1,Layer_5,5
AGTTCTGCGTTGTATC-1,Layer_3,2
AGTTGACATCGGCTGG-1,Layer_3,2
AGTTGACGGTCCTTGC-1,WM,4
AGTTGCTGACTGATAT-1,Layer_3,2
AGTTTATGTAAAGACA-1,Layer_3,4
AGTTTCGCAGGTCGGA-1,Layer_3,2
AGTTTGCACCTGCCTC-1,Layer_6,1
AGTTTGGCACGGGTTG-1,Layer_4,3
AGTTTGGCCAGACCTA-1,Layer_5,5
ATAAACGGACCCGTAA-1,Layer_5,5
ATAAACGTTGCACCAC-1,Layer_5,5
ATAAAGGCTCGGTCGT-1,Layer_3,3
ATAAAGGTCAAGTACG-1,Layer_3,2
ATAAATATTAGCAGCT-1,Layer_4,3
ATAACGCCGGAGGGTC-1,Layer_3,3
ATAACGGAGTCCAACG-1,Layer_3,2
ATAAGGTGGAGAACAT-1,Layer_5,5
ATAAGTAGGATTCAGA-1,Layer_3,4
ATAAGTAGGGCGACTC-1,Layer_3,2
ATAAGTTACCGCGACG-1,Layer_5,5
ATAATACCGTTAGCCG-1,Layer_3,2
ATAATAGCTGTTGAAT-1,Layer_5,5
ATAATAGTGTAGGGAC-1,Layer_3,3
ATAATCTTGGAGAACC-1,WM,1
ATAATTAGCTAAGTAG-1,WM,4
ATACAGGCCCTCCAAT-1,Layer_6,1
ATACCACGGGCAACTT-1,Layer_3,3
ATACCAGCAAATTGCT-1,Layer_3,2
ATACCAGGCTAATAGA-1,Layer_3,2
ATACCTAACCAAGAAA-1,WM,1
ATACGAAGGCTTTCCA-1,Layer_3,2
ATACGCCGGCGAAACC-1,Layer_3,3
ATACGGAACGTCGTTT-1,Layer_6,1
ATACGGGTTTCGATTG-1,Layer_3,2
ATACGGTGAAGATGCA-1,Layer_3,3
ATACGTACTTAGCCAC-1,Layer_5,1
ATACGTCCACTCCTGT-1,Layer_4,3
ATACGTTATGCACGGA-1,WM,4
ATACTACCCGTACCAC-1,Layer_5,5
ATACTAGCATGACCCT-1,Layer_3,3
ATACTCTCGCCACTCT-1,Layer_3,2
ATACTGCCTTACACCG-1,Layer_6,1
ATACTTGTTCTCGAGC-1,Layer_3,3
ATAGACAACGGGACCT-1,Layer_3,2
ATAGACGAAGAGAAAG-1,Layer_3,3
ATAGAGTACTGGGACA-1,Layer_3,3
ATAGAGTTATCAACTT-1,Layer_3,2
ATAGCAACTAGGGAAG-1,Layer_5,1
ATAGCCTCAGTACCCA-1,Layer_3,2
ATAGCTGCTCTTGTTA-1,Layer_3,2
ATAGGAATCTAAGCTT-1,Layer_3,1
ATAGGCGGCTATAGAA-1,Layer_5,5
ATAGGCTAGCTTCGCA-1,Layer_3,2
ATAGGGATATCCTTGA-1,Layer_3,2
ATAGGTTGGGCAGATG-1,Layer_3,3
ATAGTCTTTGACGTGC-1,Layer_3,2
ATAGTGAAGCGTTCTC-1,Layer_4,3
ATAGTTCCACCCACTC-1,Layer_3,2
ATATAAAGCGCTCGTG-1,Layer_6,1
ATATAAATGTAGCTGC-1,Layer_6,1
ATATAGAGTATTGGTC-1,Layer_6,5
ATATCAACCTACAGAG-1,Layer_3,2
ATATCGGTAGGGAGAT-1,Layer_3,2
ATATCGTTCCTCGAAC-1,Layer_5,5
ATATCTCCCTCGTTAA-1,Layer_3,2
ATATCTTAGGGCCTTC-1,Layer_3,3
ATATGTCTCCCTAGCC-1,Layer_3,2
ATATTCAGTTAAACCT-1,Layer_5,5
ATATTCCACATAGTGA-1,Layer_5,5
ATATTCCCACAGGTCA-1,Layer_3,2
ATATTGCTGTCAAAGT-1,Layer_3,3
ATATTTAACCCTCAAG-1,Layer_3,3
ATCAAACACTGTTCCA-1,Layer_3,3
ATCAAACGAAGGTTTG-1,Layer_5,5
ATCAATCTGGGCTGCA-1,Layer_3,3
ATCAATGCCGTGGCTG-1,Layer_6,1
ATCACATTAGAATATC-1,Layer_3,2
ATCACGTGCTAATTAA-1,Layer_5,5
ATCACTTCATCCTCGC-1,Layer_3,2
ATCAGACGGCACGCCG-1,Layer_5,5
ATCAGCCTCATGCTGC-1,Layer_5,1
ATCAGCTCGTCCACTA-1,Layer_5,5
ATCAGGTAGCTGACAG-1,Layer_3,4
ATCAGGTCGCCATTGC-1,Layer_3,2
ATCAGTAGGCAGGGAT-1,Layer_3,2
ATCATCCAATATTTGT-1,Layer_4,3
ATCCAACGCAGTCATA-1,Layer_3,3
ATCCAATGGAGGGTCC-1,Layer_5,3
ATCCACATCGACAGAA-1,WM,1
ATCCACGCTAAATGTT-1,Layer_3,2
ATCCAGAGCAACAACC-1,Layer_5,1
ATCCAGGATTCGTGAA-1,Layer_5,3
ATCCCATCCACAGCGC-1,Layer_6,5
ATCCTACCTAAGCTCT-1,Layer_5,5
ATCCTGAATCGCTGCG-1,Layer_4,3
ATCCTGCGTGGAATGG-1,Layer_5,5
ATCCTGCTGCAGATAG-1,Layer_3,2
ATCCTTCTGAAAGAAC-1,Layer_3,2
ATCGACCCAATACAGA-1,Layer_5,5
ATCGACTCTTTCCGTT-1,Layer_3,3
ATCGCACGCCGGGAGA-1,Layer_3,3
ATCGCCAGTCAACATT-1,Layer_3,3
ATCGCTGCGTGCAGCA-1,Layer_3,2
ATCGCTTTACGTCTCA-1,Layer_3,4
ATCGGAGACAGACGGC-1,Layer_5,5
ATCGGCAAGCAGTCCA-1,Layer_3,2
ATCGGTTACCTAGTAA-1,Layer_3,3
ATCGTATTCCGAGAAC-1,Layer_3,4
ATCGTGGAAAGTCTGG-1,Layer_6,1
ATCGTTAGCTAGCGGA-1,Layer_5,5
ATCGTTCACTTTCGCC-1,Layer_3,2
ATCTAATATCCTACGG-1,Layer_6,1
ATCTCCCACGGAATAT-1,Layer_5,5
ATCTCCCTGCAATCTA-1,Layer_3,2
ATCTCGTGAGCGAAAC-1,Layer_3,3
ATCTGACATGGAAGGA-1,WM,4
ATCTGATAGTGTCTTA-1,Layer_3,2
ATCTGCACCTCTGCGA-1,Layer_3,2
ATCTGGGCTGTTCTTG-1,WM,1
ATCTGGTTAAGACTGT-1,Layer_3,2
ATCTGTAATTGTACCC-1,Layer_3,3
ATCTTGACCTGCAACG-1,Layer_3,3
ATCTTGACTTGTCCAA-1,Layer_3,4
ATCTTTCGTATAACCA-1,Layer_3,4
ATGAAGCCAAGGAGCC-1,Layer_3,3
ATGACGCCGGCTCTAA-1,Layer_3,3
ATGACGCGTTCTATCC-1,Layer_5,5
ATGACTATCAGCTGTG-1,WM,4
ATGACTATGCGACATT-1,Layer_4,3
ATGAGGAGTGTTAATC-1,Layer_3,3
ATGAGGGCAGCGGCTA-1,Layer_3,2
ATGATCGGGAATAGAC-1,Layer_3,3
ATGATGCAATGGTACA-1,Layer_5,5
ATGCACGCGCTGTTCA-1,Layer_6,5
ATGCACTACCGCATTG-1,Layer_3,3
ATGCATGATCCAGGAT-1,Layer_3,3
ATGCATTCCGTGATGG-1,Layer_3,2
ATGCCATTTGCGACCA-1,Layer_3,3
ATGCCGGTCTTGCATA-1,Layer_3,3
ATGCCGGTTGATGGGA-1,Layer_3,2
ATGCGACAGTCCCATT-1,Layer_3,3
ATGCGAGTCCCACCAC-1,Layer_3,3
ATGCTCAGTGTTGCAT-1,Layer_3,3
ATGCTCTGGCGCGGTA-1,Layer_6,1
ATGCTTAGGAGTTGAT-1,Layer_5,5
ATGGAAATTTAAGGAG-1,Layer_5,5
ATGGAACCTTTGCACA-1,Layer_3,2
ATGGAGCAGGCCGTGA-1,Layer_3,3
ATGGATCCGGCGTCCG-1,Layer_3,2
ATGGATTGACCAAACG-1,Layer_3,3
ATGGCAGCATTACGAT-1,Layer_6,1
ATGGCAGCCGAGAAAC-1,Layer_3,3
ATGGCGGAATAGTCGC-1,Layer_3,4
ATGGCTGGAAATGGCC-1,Layer_3,2
ATGGGAACGGAAGCGG-1,Layer_3,2
ATGGGACCTGCTGAAC-1,WM,1
ATGGGCCTCGGCCTCT-1,Layer_3,3
ATGGGTGTATACCTCC-1,Layer_6,1
ATGGTCGCGTGGTTTC-1,Layer_4,3
ATGTAAGGCTGCTCTT-1,Layer_3,4
ATGTGAAAGCCTAATG-1,Layer_5,5
ATGTGCATCCGACGCA-1,Layer_3,3
ATGTGGACATCTTGAT-1,Layer_5,5
ATGTGTAGTTTAGTCA-1,Layer_3,2
ATGTTACGAGCAATAC-1,Layer_3,3
ATGTTCGTCGACCCAC-1,Layer_3,3
ATGTTGTAGTCTGTTT-1,WM,4
ATGTTTCGGCCCGGAG-1,Layer_3,4
ATGTTTGTAAGATCAT-1,Layer_3,1
ATTAAACATGCGGACC-1,Layer_5,5
ATTAATACTACGCGGG-1,Layer_3,2
ATTAATGAACCAGTCG-1,Layer_3,2
ATTAATTCGGTCACTC-1,Layer_3,3
ATTACAACTACCGGCC-1,Layer_3,2
ATTACATGTCAGTCTT-1,Layer_4,3
ATTACCACACTGCCTG-1,Layer_3,3
ATTACGACTCCACAGT-1,Layer_3,4
ATTACGCGCTGGCAGG-1,Layer_5,3
ATTACTAGCCTCTTGC-1,Layer_3,3
ATTACTTACTGGGCAT-1,Layer_3,2
ATTAGATTCCTCAGCA-1,Layer_3,4
ATTAGATTGATAGCGG-1,Layer_3,3
ATTAGGCGATGCTTTC-1,Layer_3,3
ATTATACTTTGCTCGT-1,Layer_3,2
ATTATAGCTACTTTAC-1,Layer_3,4
ATTATCTCGACAGATC-1,Layer_3,2
ATTATGCCATAGGGAG-1,Layer_3,3
ATTATTATGTCCGTCA-1,WM,1
ATTCAACCATTTAAGG-1,Layer_5,5
ATTCACTGATGTTGGA-1,Layer_6,1
ATTCAGGACCTATTTC-1,Layer_3,2
ATTCAGTAGCAGGGTC-1,Layer_3,3
ATTCATATACTGTCCA-1,Layer_5,5
ATTCATCGTTGAGGCA-1,Layer_6,1
ATTCCCACATAAACAA-1,Layer_3,3
ATTCCTCCGCCAGTGC-1,Layer_3,3
ATTCCTTCCAGGCGGT-1,Layer_3,2
ATTCGACGCCGGGCCT-1,Layer_3,3
ATTCGTGCTATCTCTT-1,Layer_3,2
ATTCTCGTCTCTTTAG-1,Layer_3,2
ATTCTGAGTATGAACT-1,Layer_3,2
ATTCTTCGTACTTATG-1,Layer_3,2
ATTGAAGATCTTAGTG-1,Layer_3,3
ATTGACCGGCGATGAC-1,Layer_3,2
ATTGACGTAACTCGGT-1,Layer_3,2
ATTGATAGCAACGAGA-1,Layer_3,2
ATTGATCACCACATTT-1,Layer_5,5
ATTGATGAGTCCTAAC-1,Layer_3,2
ATTGCCTTTATGTTTG-1,Layer_6,1
ATTGCGATCAGTAACT-1,Layer_4,3
ATTGCTGCTCCTCCAT-1,Layer_3,3
ATTGGATTACAGCGTA-1,Layer_5,5
ATTGGGAATATCTTGG-1,Layer_3,3
ATTGGTAGGATCCGCT-1,Layer_3,2
ATTGTACAACTCGGCT-1,Layer_3,2
ATTGTCGCAATACCTT-1,Layer_3,2
ATTGTTCAACGATCCG-1,Layer_3,3
ATTTAACTCGTATTAC-1,Layer_3,3
ATTTACAGTTTACTGG-1,Layer_3,3
ATTTACTAAGTCCATT-1,Layer_3,4
ATTTCATTATTTCGCG-1,Layer_3,2
ATTTCCGGGTTCTGCG-1,Layer_6,1
ATTTGCGCGAGTAGCT-1,Layer_6,1
ATTTGTCTTGGGAGCT-1,Layer_3,3
ATTTGTTCCAGGGCTC-1,Layer_3,2
CAAACCAGGTCTGCAT-1,Layer_3,3
CAAACGAGTATCGCAG-1,Layer_5,5
CAAACGGTCGCACTTT-1,Layer_3,3
CAAACGTGGTCTTGCG-1,Layer_3,2
CAAACTACGATAGAGA-1,Layer_3,2
CAAACTATTGAGCTTC-1,Layer_3,2
CAAACTCGCGACGCCG-1,Layer_3,3
CAAAGATTATTGGGCC-1,Layer_6,1
CAAAGGTCATCTGAAA-1,Layer_3,2
CAAATCTCTCACAAGG-1,Layer_5,5
CAAATGTCCTTCCGTG-1,Layer_5,5
CAAATTGGATTATGCC-1,Layer_3,2
CAAATTGTCAGCAAGC-1,Layer_3,3
CAACACATCTCCTGCC-1,Layer_3,4
CAACAGAATAACGCTA-1,Layer_3,1
CAACCTACCGAGCAGT-1,Layer_5,1
CAACCTGAACCTGCCA-1,Layer_3,4
CAACGACCCGTTTACA-1,Layer_3,3
CAACGGTTCTTGATAC-1,Layer_3,3
CAACGTGGTGGAGTCT-1,Layer_5,5
CAACTATATCGAATGC-1,Layer_3,2
CAACTCCAACGTTTAG-1,Layer_3,2
CAACTCCTTGATCCCG-1,Layer_3,3
CAACTGCTCATCCGAT-1,WM,1
CAACTTGTAGTGGGCA-1,Layer_3,2
CAAGACTCAGAAGCGC-1,Layer_3,4
CAAGAGGGCGGAGTAC-1,Layer_5,5
CAAGATATTATAACGT-1,Layer_4,3
CAAGCAACGTCGGAGT-1,Layer_3,3
CAAGCACCAAATGCCT-1,Layer_3,3
CAAGCGGCACATAATT-1,Layer_6,1
CAAGGATCGCATGTTC-1,Layer_3,3
CAAGGTCCTATAGGCT-1,Layer_3,2
CAAGTGAACTTTGGTT-1,Layer_3,2
CAAGTGTGGTTGCAAA-1,Layer_3,3
CAATAAACCTTGGCCC-1,Layer_3,2
CAATACGAGAGTCTGA-1,Layer_3,2
CAATACGCTCTGAGGC-1,Layer_3,3
CAATATGTAGATTTAC-1,Layer_3,1
CAATATTCTTGACCTA-1,Layer_6,1
CAATCCCTATACCAGC-1,Layer_3,2
CAATCCTGCCGTGGAG-1,Layer_3,3
CAATGAGGTTCGACTA-1,Layer_3,4
CAATGCGAGAAGTATC-1,Layer_5,5
CAATGGAATCTACATA-1,Layer_3,2
CAATGGATCTCTACCA-1,Layer_3,2
CAATGGTCGGCCTGGG-1,Layer_3,2
CAATGTGCCAACCCTT-1,Layer_3,2
CAATTAAGGGTGATGA-1,Layer_3,3
CAATTTCGTATAAGGG-1,Layer_3,3
CACAAGCTAAGAAAGG-1,,1
CACAATGAGCTGCTAT-1,Layer_5,5
CACACACGCTAACGAG-1,Layer_5,5
CACACAGCTTGCGCTC-1,Layer_3,3
CACACAGGGATAGATT-1,Layer_3,3
CACACGCGCTGTCTTA-1,Layer_3,2
CACACGTTTCAATGGG-1,Layer_3,2
CACAGAGACGAGGACG-1,Layer_6,1
CACAGCACCCACGGCA-1,Layer_3,3
CACAGCTAGGGAGTGA-1,Layer_3,3
CACAGGGCCATATAGT-1,Layer_5,5
CACAGGGCCGTTGTCA-1,WM,4
CACAGTCCCGCTTCGC-1,Layer_5,5
CACAGTTCGCTTCCCA-1,Layer_4,5
CACATATTAGCAGGAT-1,Layer_5,5
CACATCGTGCACGCGC-1,WM,1
CACATCTCACCGACGA-1,Layer_6,1
CACATGATTCAGCAAC-1,Layer_3,3
CACATGTTTGGACATG-1,Layer_3,2
CACATTCTTTCGATGG-1,Layer_3,2
CACATTTCTTGTCAGA-1,Layer_3,3
CACCACGCCACACAGA-1,Layer_3,3
CACCAGTCAGCATGCA-1,Layer_6,1
CACCATCGGAGGAGAC-1,Layer_3,2
CACCCAAATCTTATGT-1,Layer_3,2
CACCCACACGTCACCC-1,Layer_3,3
CACCCACGAGGCAATT-1,Layer_3,2
CACCCGGTTTGTGACT-1,Layer_6,1
CACCCTAACAAGATCT-1,Layer_5,1
CACCCTTGGTGAGACC-1,Layer_5,5
CACCCTTTCCTCGCTC-1,Layer_3,2
CACCGATACACCGAGC-1,Layer_3,2
CACCGCCAGAAGGTTT-1,Layer_3,3
CACCGCCGACCAGCGA-1,Layer_3,2
CACCGCGTCCACTCTA-1,Layer_3,2
CACCGGAGATATCTCC-1,Layer_3,2
CACCGTATCCCATCCG-1,Layer_4,3
CACCGTTAGGGATCAC-1,Layer_6,1
CACCGTTGCGCGATAT-1,Layer_5,5
CACCTAATAGAGTCGT-1,Layer_3,3
CACCTAATCAGTTTAC-1,Layer_3,2
CACCTCGATGGTGGAC-1,Layer_3,2
CACCTTGCGAAACTCG-1,Layer_3,2
CACCTTGGCGCCTTTG-1,Layer_3,3
CACGAAAGTTAGTCCC-1,Layer_3,3
CACGCACAGCGCAGCT-1,Layer_3,2
CACGCAGCGAGGCTTT-1,Layer_3,3
CACGCGGAACTGTTGC-1,Layer_3,3
CACGGACGTGGATGGC-1,Layer_3,4
CACGGCGCGCCAAAGG-1,Layer_3,2
CACGGGATTGAGGGTT-1,Layer_3,3
CACGTCGGCAACCTCT-1,Layer_5,5
CACGTCTATGATGTGG-1,Layer_3,2
CACGTTCGTGCTCTAG-1,Layer_3,3
CACGTTTCGTACACAC-1,Layer_5,5
CACTAAAGTTGCCTAT-1,Layer_3,3
CACTACGGGAGCTGCC-1,Layer_5,5
CACTACTCAGTTCTGT-1,Layer_3,2
CACTCAAGAGCTATGG-1,Layer_4,3
CACTCAGCTCTTGAGG-1,Layer_3,2
CACTCCTATGTAAGAT-1,Layer_6,1
CACTCCTCTCGGTCGG-1,Layer_3,2
CACTCGAGCTGAACAA-1,Layer_5,5
CACTCGGTTAGGAGGA-1,Layer_3,3
CACTCTTCTGCTAGCC-1,Layer_5,5
CACTGACGATTGTGGA-1,WM,4
CACTGTCCAAGTGAGA-1,Layer_3,3
CACTTAATCAGACGGA-1,Layer_3,3
CACTTCGCCACAGGCT-1,Layer_3,3
CACTTCGTCTTATCTC-1,Layer_3,2
CAGAACTTAGCCCTCT-1,Layer_5,5
CAGAATAACACACGGA-1,Layer_5,5
CAGAATATTCGTTATC-1,Layer_3,3
CAGACACCGATCGCTG-1,Layer_6,1
CAGACCTGTAAGTGTT-1,Layer_3,2
CAGACGAACCTGATAC-1,Layer_5,1
CAGAGACGGTCACCCA-1,Layer_6,1
CAGAGCATGAGCTTGC-1,Layer_3,3
CAGAGGCGATGCATGA-1,Layer_6,1
CAGAGTGATTTAACGT-1,Layer_3,2
CAGATACTAACATAGT-1,Layer_3,3
CAGATCATTTAAAGTC-1,Layer_3,2
CAGATCCTGGTTTGAA-1,Layer_5,5
CAGCAGCCCGTTCCTT-1,Layer_3,2
CAGCAGTCCAGACTAT-1,Layer_4,3
CAGCAGTCTGTGCTGC-1,WM,1
CAGCCCTCACAGGCAG-1,Layer_3,2
CAGCCGGGCCCTCTAT-1,Layer_3,2
CAGCCTCCTGCAGAGG-1,Layer_3,2
CAGCCTCTCCTCAAGA-1,Layer_3,2
CAGCGATTCCCTTCAA-1,Layer_6,1
CAGCTCACTGAGACAT-1,Layer_3,3
CAGCTCGACAAGTTAA-1,Layer_3,2
CAGCTCGTGCTTGTGT-1,Layer_3,3
CAGCTGGCGTAACCGT-1,Layer_5,5
CAGCTTAGTAGGTAGC-1,Layer_3,3
CAGGAAGACTTTATAT-1,Layer_3,2
CAGGACAGCTGCCCTT-1,Layer_3,4
CAGGATATATCGTTGT-1,Layer_5,5
CAGGCCGTTTGGGTGT-1,Layer_4,3
CAGGCGCACGGTGGTC-1,Layer_6,1
CAGGCGCCATGCTAGG-1,Layer_5,5
CAGTAACTATTTATTG-1,Layer_3,2
CAGTAATCCCTCCCAG-1,Layer_3,3
CAGTACATTCTCTAAA-1,Layer_3,2
CAGTACCAGTTTACGT-1,Layer_5,5
CAGTAGCCCACGCGGT-1,Layer_3,2
CAGTCGAGGATGCAAT-1,Layer_3,2
CAGTCTCTCGGCTAAT-1,Layer_3,2
CAGTCTGTATACTGGG-1,Layer_4,3
CAGTGAATAAATGACT-1,Layer_3,2
CAGTGGTTGCACATGA-1,Layer_3,3
CAGTGTCCGCAGAATG-1,Layer_3,3
CAGTGTCGGCTGGCCC-1,Layer_5,5
CAGTTCAAATTGACAC-1,Layer_3,3
CAGTTCCGCGGGTCGA-1,Layer_3,3
CATAACGGACAGTCGT-1,Layer_3,2
CATAAGAAGCTTGGCT-1,Layer_6,1
CATAAGCTCTCCGTCT-1,Layer_4,3
CATAATGAGCGGGCGA-1,Layer_3,2
CATACAAAGCCGAACC-1,Layer_3,3
CATACACGGTTCCCAC-1,WM,4
CATACCCGTACCCAGT-1,Layer_4,3
CATACGAACTAGCTGG-1,WM,1
CATACGGCGTCTGGGC-1,Layer_4,3
CATACTATGTAATTGT-1,Layer_3,3
CATACTTAGGCAATAC-1,Layer_3,2
CATAGCCGCCCGGGAT-1,Layer_3,3
CATAGCGTTGCCCACC-1,Layer_6,1
CATAGTACATTGAGAG-1,Layer_3,2
CATAGTAGCATAGTAG-1,Layer_3,3
CATAGTCCACAAGAAC-1,Layer_5,5
CATATACTACTGATAA-1,Layer_3,2
CATATAGGTACAGTCA-1,Layer_5,5
CATATGTCAGGCTACG-1,Layer_5,5
CATATTATTTGCCCTA-1,Layer_3,2
CATCAACACCTACTAA-1,Layer_3,2
CATCATCTACCCGGAC-1,Layer_3,2
CATCATTACCCTGAGG-1,Layer_5,5
CATCCGCAGGCCCGAA-1,Layer_3,2
CATCCTCTCAAAGATC-1,Layer_5,5
CATCGCCCGCGGCCAA-1,Layer_3,3
CATCGGACGGGTTAAT-1,Layer_5,5
CATCGTCCGGTTACTA-1,Layer_3,3
CATCTAGTGAAGGGAA-1,Layer_3,2
CATCTATCCCGTGTCT-1,Layer_3,2
CATCTGCAGGATCATT-1,Layer_3,3
CATCTTACACCACCTC-1,Layer_3,2
CATGAACCGACATTTG-1,Layer_3,2
CATGAACCTCTTATCA-1,Layer_3,2
CATGACTTCGCTGAAT-1,Layer_3,2
CATGAGATGCACTCTC-1,Layer_6,1
CATGATGCACAATTCT-1,Layer_3,2
CATGATGGAAGTTAGC-1,Layer_3,3
CATGCACGTGTTACTG-1,Layer_3,1
CATGCATGGAGACCCT-1,Layer_3,2
CATGCCAACTCGCAAA-1,Layer_5,3
CATGCGACCAGTTTAA-1,Layer_3,2
CATGCGTTAGACAGAA-1,Layer_3,3
CATGCTGGCTCCAATT-1,Layer_3,2
CATGGAAATGGGACCA-1,Layer_3,1
CATGGATTGTCTTCCG-1,Layer_5,5
CATGGCAGGAAGATCG-1,Layer_3,3
CATGGGTATGCCTTAT-1,Layer_5,1
CATGGGTCGGGTGTGG-1,Layer_3,2
CATGGTAAGTAGCGTT-1,Layer_5,5
CATGGTCTAGATACCG-1,Layer_3,3
CATGTAAGAGACATTT-1,Layer_5,5
CATGTCTCATTTATGG-1,Layer_5,5
CATTACATAGATTGTG-1,Layer_3,4
CATTACGTCGGCCCGT-1,Layer_3,3
CATTATGCTTGTTGTG-1,Layer_3,3
CATTCACTGACAGCTA-1,Layer_3,2
CATTCCCATTCCGTCG-1,Layer_3,4
CATTCCCTAAGTACAA-1,Layer_3,2
CATTGATGAACACGCC-1,Layer_3,4
CATTGCGAAATGGGCG-1,Layer_3,3
CATTGCGGGTCAATTC-1,Layer_3,4
CATTGTGTGCTAGATC-1,Layer_3,2
CATTTAGCGGACCATG-1,Layer_3,2
CATTTATCGTTCAAGA-1,Layer_3,2
CATTTCTAGCAGACTA-1,Layer_3,3
CATTTGAGTGGTACGT-1,Layer_5,1
CCAAACAGAACCCTCG-1,Layer_3,3
CCAAATAACAAGATTC-1,Layer_4,3
CCAACGATGCACTGAT-1,Layer_3,3
CCAACGCTTGCCAGGG-1,Layer_3,2
CCAACTTGATAGATCC-1,Layer_3,2
CCAAGAAAGTGGGCGA-1,Layer_6,1
CCAAGACTTCTGCGAA-1,Layer_3,3
CCAAGCGTAACTCGTA-1,Layer_3,3
CCAAGGAACAGAGAGG-1,Layer_3,3
CCAATAGATTTCATCT-1,Layer_3,4
CCAATAGTGCCGTCGA-1,Layer_3,3
CCAATCGGTAGATCGA-1,Layer_3,2
CCAATGTCACAGCAAG-1,Layer_4,3
CCAATTACGGGTCGAG-1,Layer_3,2
CCAATTGAATGTTAAT-1,Layer_3,3
CCACAATGTACGTCTT-1,Layer_3,2
CCACACTGAGATATTA-1,Layer_4,3
CCACAGCTGAAATCAT-1,Layer_3,2
CCACAGTACCCATCCT-1,Layer_4,3
CCACATACTGCACCCA-1,Layer_3,3
CCACCAACTTTACTGT-1,Layer_6,1
CCACCCAAGGAAAGTG-1,Layer_3,3
CCACGAATTTAACCTC-1,Layer_3,2
CCACGAGAAGAGAATC-1,Layer_3,2
CCACGGAGCCATAAGA-1,Layer_5,5
CCACGGTGCCCGGTAG-1,Layer_3,2
CCACGTAAATTAGACT-1,Layer_3,4
CCACTATCCGGGTCAC-1,Layer_3,4
CCACTGGTGGCTGGTT-1,Layer_4,3
CCACTGTTTGGATTAA-1,Layer_5,5
CCAGAAAGCAACTCAT-1,Layer_6,1
CCAGAGACAAAGCCGG-1,Layer_3,3
CCAGATAGTTGAGTGA-1,Layer_3,2
CCAGATGTAAATGGGT-1,Layer_3,4
CCAGCCTGGACCAATA-1,Layer_3,3
CCAGCGGGATCACCAG-1,Layer_3,4
CCAGCTACGCCTCATA-1,Layer_3,2
CCAGCTCGAACGCATT-1,WM,4
CCAGCTGATGGTACTT-1,Layer_3,3
CCAGCTTCCGCCCGCA-1,Layer_3,3
CCAGGGACGTGGCCTC-1,Layer_3,3
CCAGTAGTCTGATCCA-1,Layer_3,2
CCAGTCAAATCTCTTA-1,Layer_3,3
CCAGTCCATTATTCGA-1,Layer_3,2
CCAGTCTAGACGGCGC-1,Layer_3,2
CCAGTCTTGTCATAGA-1,WM,1
CCATAAACAACCCGAC-1,Layer_3,2
CCATACCTTTACTTGT-1,Layer_3,2
CCATAGGTTGGCGTGG-1,Layer_3,3
CCATAGTCAGTAACCC-1,Layer_3,2
CCATATGGAAACTATA-1,Layer_5,5
CCATCCATACCAAGTC-1,Layer_3,3
CCATCGCAGTTAAACT-1,Layer_5,5
CCATCTCACCAGTGAA-1,Layer_3,2
CCATCTTGTTCACAAT-1,Layer_3,2
CCATGCCCTAGATTTC-1,Layer_5,5
CCATGCCTGTTTAGTA-1,Layer_3,3
CCATGCTCTGCAGGAA-1,Layer_3,3
CCATGGCCCTTGTACC-1,Layer_3,3
CCATTAGCGATAATCC-1,Layer_3,3
CCATTCCCTGCCCACA-1,Layer_3,3
CCATTGTTTCCTCCAT-1,Layer_3,4
CCATTTCTACCTATTA-1,Layer_6,1
CCCAAACATGCTGCTC-1,Layer_3,2
CCCAACATACGTCGCG-1,Layer_5,5
CCCAACCACACTAACA-1,Layer_3,2
CCCAAGAATGCACGGT-1,Layer_3,1
CCCAATGAGATTTGCA-1,WM,1
CCCAATTTCACAACTT-1,Layer_4,3
CCCAGAGGAGGGCGTA-1,Layer_3,2
CCCAGGTCTGAAGGCT-1,Layer_4,3
CCCAGTAAACTTGGGA-1,Layer_5,5
CCCAGTTAAGGCGCCG-1,Layer_3,3
CCCGAAGTTTCGCGAA-1,Layer_4,3
CCCGACCATAGTCCGC-1,Layer_3,2
CCCGAGTTTCTCCGTA-1,Layer_3,3
CCCGATAGCCTCGCCT-1,Layer_3,2
CCCGCAGCGCGAACTA-1,Layer_5,5
CCCGCAGGGCCCAAAG-1,Layer_3,2
CCCGCCATGCTCCCGT-1,Layer_3,3
CCCGCGCAATGCACCC-1,Layer_3,3
CCCGGGTCGTTCAGGG-1,WM,4
CCCGGTGGAAGAACCT-1,Layer_3,3
CCCGGTGTATCGGAAT-1,Layer_5,5
CCCGTAAGTCTAGGCC-1,Layer_4,3
CCCGTAGCTGGGAAGA-1,Layer_6,1
CCCGTCAGCGTCTGAC-1,Layer_3,3
CCCGTTTCGCAGATGT-1,Layer_4,3
CCCTAGTGTCAGGTGT-1,Layer_3,2
CCCTATGTAGAGCAGA-1,Layer_6,1
CCCTCATTCTGGAATT-1,Layer_3,3
CCCTCCTCGCTCGTAT-1,Layer_4,3
CCCTGAAATGAGTTGA-1,Layer_3,3
CCCTGACTAACAAATT-1,Layer_3,3
CCCTGATGTAACTCGT-1,Layer_3,2
CCCTGCCCAATCCGCT-1,Layer_4,3
CCCTGCGCTACGCATA-1,Layer_3,3
CCCTGGCTGTTCCTTC-1,Layer_4,3
CCCTGGTATGGGCGGC-1,Layer_3,2
CCCTTTGACAGGTCTT-1,Layer_5,5
CCGAAAGTGGTGAGCA-1,Layer_3,3
CCGAACACTGGGCCTC-1,Layer_5,3
CCGAACCTTCCCGGCC-1,Layer_5,5
CCGAAGGGCGTACCGC-1,Layer_3,4
CCGAAGTATATTGTTC-1,Layer_3,3
CCGACAAACACATGAG-1,Layer_3,2
CCGACAAAGGGAGTGC-1,Layer_3,3
CCGACAATAGGCCGCC-1,Layer_5,5
CCGACGGGCATGAGGT-1,Layer_6,1
CCGACGTAAACACAAC-1,Layer_3,2
CCGACTCGCATAGTCT-1,Layer_3,2
CCGAGAAGTCGCATAA-1,Layer_3,3
CCGAGCTGTGCTTGTC-1,Layer_3,2
CCGAGGGATGTTAGGC-1,Layer_3,2
CCGATCTCAACCTTAT-1,Layer_3,2
CCGATTCGAGGGACCC-1,Layer_3,3
CCGCACAAAGACCAAC-1,Layer_3,3
CCGCACACGAACGTGT-1,Layer_3,2
CCGCACGTGACCTCGG-1,Layer_3,3
CCGCATGTGGTACGAT-1,Layer_6,1
CCGCCACCACAATCCA-1,Layer_3,2
CCGCCGGAACTTCTCG-1,Layer_5,5
CCGCCGGTCAACACAC-1,Layer_3,3
CCGCCGTTGAGGATAA-1,Layer_3,2
CCGCCTGCGAATTGGT-1,Layer_3,2
CCGCGATTTGGTAGGT-1,Layer_3,3
CCGCGGAATGCGTCAC-1,Layer_6,1
CCGCGGGTACGAAGAA-1,Layer_3,3
CCGCGTAGGTAAGGGC-1,Layer_3,3
CCGCTATCAGCACCAG-1,Layer_5,5
CCGCTCTTCCGAACTA-1,Layer_5,1
CCGCTGGTGCCATTCA-1,Layer_3,2
CCGCTTACCTCACTCT-1,Layer_5,5
CCGCTTGCTGACATGG-1,Layer_3,4
CCGGAATGGTTTCAGT-1,Layer_3,3
CCGGAGCGTACTTTCT-1,WM,1
CCGGAGGTCTTATGGT-1,Layer_3,2
CCGGCACGACCGTTTC-1,Layer_3,2
CCGGCGCATATTGGAT-1,Layer_3,3
CCGGCGTGAGACTCTG-1,Layer_5,3
CCGGGACCCGCAGAGA-1,Layer_3,3
CCGGGCGGTCTCGTCA-1,Layer_3,3
CCGGGCTAAGAATTTC-1,,1
CCGGGCTGCTCCATAC-1,Layer_3,3
CCGGGTTCGAGGTTAC-1,Layer_4,3
CCGGTAATGGCTAGTC-1,Layer_3,2
CCGGTTTGTAATTGTG-1,Layer_6,1
CCGTAAGTTGGTCCCA-1,Layer_3,3
CCGTACCCAAGCGCCA-1,Layer_3,2
CCGTAGGAAATCCCTG-1,Layer_5,1
CCGTAGGGTTGTTTAC-1,Layer_5,5
CCGTATCTCGTCGTAG-1,Layer_5,5
CCGTATTAGCGCAGTT-1,Layer_3,2
CCGTCAACCTCTGGCG-1,,1
CCGTGAGGCATTCATG-1,Layer_3,4
CCGTGCCCATGACGGC-1,Layer_3,3
CCGTGGAACGATCCAA-1,Layer_3,2
CCGTGTTAAATTCCAT-1,Layer_5,5
CCGTTACGTTAGAACA-1,Layer_3,2
CCGTTCCGAATCTCGG-1,Layer_4,3
CCTAAAGGCTGACGCT-1,Layer_3,2
CCTAAATTAACGGTTC-1,Layer_4,3
CCTAAATTGTATCCTA-1,Layer_4,3
CCTAACCCAAACAAGT-1,Layer_5,5
CCTAACTAAGGCTCTA-1,Layer_3,2
CCTACAAGTCCGGAAT-1,Layer_3,1
CCTACATTCACAGACG-1,Layer_5,5
CCTACGCGACCTTACA-1,Layer_3,1
CCTACGGCTCAGTCGA-1,Layer_3,3
CCTACTGCGGCGGCCA-1,Layer_3,4
CCTACTGCTTACACTT-1,Layer_3,3
CCTAGGCGTAGCGATC-1,Layer_3,2
CCTAGGTAAAGGTAGC-1,Layer_5,5
CCTAGTTAGTCGCATG-1,Layer_3,2
CCTATAATGAGTGCCC-1,Layer_5,5
CCTATACCGTCCTGTC-1,Layer_6,1
CCTATATCGTGTCACG-1,Layer_6,5
CCTATATTTGTCCTGG-1,WM,4
CCTATCTATATCGGAA-1,Layer_3,2
CCTATGAAGTGGTGCC-1,Layer_3,2
CCTATGGCTCCTAGTG-1,Layer_6,1
CCTATGGGTTACCGTC-1,Layer_3,3
CCTATGTCCACTCCAC-1,Layer_6,1
CCTCACCAATCTTGAC-1,Layer_3,3
CCTCACCTGAGGGAGC-1,Layer_3,4
CCTCACCTTAGCATCG-1,Layer_3,2
CCTCATGCAGCTACGA-1,Layer_3,2
CCTCCCGACAATCCCT-1,Layer_3,2
CCTCCGACAATTCAAG-1,Layer_3,3
CCTCCTAGCTAGAGTC-1,,1
CCTCCTGAGCCCACAT-1,Layer_3,3
CCTCCTGTTGTGTCGT-1,Layer_6,1
CCTCGAAGTGGACGGG-1,Layer_3,3
CCTCGACCCACTGCCT-1,Layer_3,3
CCTCGCCAGCAAATTA-1,Layer_3,2
CCTCGCGCGATATAGG-1,Layer_3,2
CCTCGCGCTGTGCGAT-1,Layer_6,1
CCTCGGACCGGGATAG-1,Layer_3,3
CCTCGGATGCTACCTG-1,Layer_3,3
CCTCTAATCTGCCAAG-1,Layer_3,2
CCTCTATCGATTAGCA-1,Layer_5,5
CCTCTCTCCCATCTAG-1,Layer_3,3
CCTCTGGCCTAGACGG-1,Layer_3,2
CCTCTGTACTATTCTA-1,Layer_6,1
CCTGAACGATATATTC-1,Layer_3,3
CCTGAATATTTACATA-1,Layer_3,2
CCTGACCACCGATGGT-1,Layer_5,5
CCTGACGCAACCTTTA-1,Layer_3,1
CCTGCCCGTTGTCTAG-1,Layer_3,3
CCTGCGATAGAACTGT-1,Layer_3,2
CCTGCGTTCTACGCTT-1,Layer_3,3
CCTGCTATTTGAGAAG-1,Layer_3,3
CCTGGAAACGTTCTGC-1,Layer_3,2
CCTGGCTAGACCCGCC-1,Layer_3,3
CCTGGTCGAATGTGGG-1,WM,1
CCTGTAAGACATGATA-1,Layer_4,3
CCTGTACTCACGCCCA-1,Layer_4,3
CCTGTCACCCGGGCTC-1,Layer_3,3
CCTGTCCCTCACGTTA-1,Layer_3,2
CCTGTCGCCCGTAAAT-1,Layer_3,3
CCTGTGCGGATTGTAA-1,Layer_3,1
CCTGTTTGAAGACACG-1,Layer_5,5
CCTTCAGTTAAAGTGA-1,WM,1
CCTTCTCAGCGTTCCT-1,Layer_4,3
CCTTCTTGATCCAGTG-1,Layer_3,2
CCTTGACCACTTTATT-1,Layer_5,5
CCTTTAAGGGAGCACT-1,WM,1
CCTTTCAATGAAGAAA-1,Layer_3,2
CGAAACATAGATGGCA-1,Layer_3,2
CGAAACGCAATTCATG-1,Layer_5,3
CGAACAGTATGGGCGT-1,Layer_4,3
CGAACCCGCATGCGTC-1,Layer_5,5
CGAACGCCCAGTGCCG-1,Layer_3,3
CGAACGGCCGGACAAC-1,Layer_5,5
CGAAGCTATAAATTCA-1,Layer_3,2
CGAAGTTGCTCTGTGT-1,Layer_3,3
CGAATCTGCTCGACGC-1,Layer_6,1
CGAATGAAGTCATTGC-1,Layer_6,1
CGAATGACGCATAATG-1,WM,4
CGAATTACATGGTGTT-1,Layer_3,1
CGACAATTTGATCTAA-1,Layer_3,3
CGACACGCTCCGACAG-1,Layer_4,3
CGACAGTTCGCGTTAT-1,Layer_3,3
CGACATGCGATCTTCT-1,Layer_3,2
CGACCCTTAACGCCGG-1,Layer_5,5
CGACGCATCCGTACCT-1,Layer_5,5
CGACTCAGGATGTTAT-1,Layer_3,2
CGACTTTGTATAGCCT-1,Layer_3,2
CGAGACCCTAGAGTGT-1,Layer_5,5
CGAGAGATGTGAACCT-1,Layer_3,3
CGAGAGCGCGTAGATA-1,Layer_4,3
CGAGAGCTTTCACTAC-1,Layer_6,1
CGAGAGGGTAGCCGCG-1,Layer_5,5
CGAGATTTCGCTCGGG-1,Layer_3,2
CGAGCACTTCAAGTTT-1,Layer_3,3
CGAGCGTTGATCAGCC-1,Layer_3,2
CGAGCTGGGCTTTAGG-1,Layer_3,3
CGAGGAGCTTCCATAT-1,Layer_3,4
CGAGGATCGGGAACGA-1,Layer_3,4
CGAGGCCAGGCATTGG-1,Layer_3,2
CGAGGCTAAATATGGC-1,Layer_3,3
CGAGGGACTGCGGTCG-1,Layer_3,3
CGAGGGTATCCAGGTG-1,WM,4
CGAGTACTAAAGAGGA-1,Layer_5,5
CGAGTGAAGGTACCAG-1,Layer_6,1
CGAGTGCTATAGTTCG-1,Layer_3,2
CGAGTTCTGTCCCACC-1,Layer_3,2
CGAGTTTATCGGACTG-1,Layer_3,2
CGATAATACTCAGGTT-1,Layer_3,2
CGATACCTCGCGGACA-1,Layer_5,3
CGATATTAGCCGCAGG-1,Layer_3,2
CGATCCGACCCAGTGC-1,Layer_4,3
CGATCTGTTGGAGGAC-1,Layer_5,5
CGATGGACCCTACGCC-1,Layer_3,2
CGATGTTGTTATCTAC-1,Layer_6,5
CGATTAAATATCTCCT-1,Layer_6,1
CGATTCGCCTGGCTGC-1,Layer_6,1
CGCAAACACGAGTTAC-1,Layer_3,3
CGCAATCGATCATTAG-1,Layer_3,2
CGCAATTACTTTCGGT-1,Layer_3,3
CGCAATTAGGGTAATA-1,Layer_3,3
CGCAATTCTACAATAA-1,Layer_3,3
CGCACATGTCCACTAC-1,Layer_3,3
CGCACGTGCGCTATCA-1,Layer_3,3
CGCAGAAACATTTGCG-1,Layer_3,2
CGCAGATCTTCACCCG-1,Layer_3,4
CGCAGGCGATCCAAAC-1,Layer_5,3
CGCATCATGGCTTCAG-1,Layer_3,2
CGCATCCATCAGCCAG-1,Layer_3,4
CGCATGGTGCGATGCT-1,Layer_4,3
CGCATTAGCTAATAGG-1,Layer_3,3
CGCCAAGAAGCCGAGT-1,Layer_3,3
CGCCACAGGTCGCGAT-1,Layer_5,5
CGCCATCCGATTATGA-1,Layer_3,2
CGCCCAGCACGCCTAG-1,WM,1
CGCCCGCTTCCGTACA-1,Layer_3,2
CGCCCTAATTGTTCAA-1,,1
CGCCCTTGAAGGCTGA-1,Layer_3,3
CGCCGCCCATGCCTGT-1,Layer_3,3
CGCCGTCTACCCATCG-1,Layer_3,2
CGCCGTTCAGCATAGT-1,Layer_5,5
CGCCTCCCTCCTCTAT-1,Layer_4,3
CGCCTGGCCTACGTAA-1,Layer_5,3
CGCCTTTAGCATGCTC-1,Layer_3,3
CGCGACACTGCGCAGC-1,Layer_3,3
CGCGACCGCGACAGAT-1,Layer_6,1
CGCGAGTCTGCCGGGT-1,Layer_5,5
CGCGCAAATGTCCAGA-1,Layer_6,1
CGCGCATGTTTGATTG-1,Layer_5,1
CGCGCCCGACTTAATA-1,Layer_3,2
CGCGGCAGTATTACGG-1,Layer_3,2
CGCGGCTCAACTTGAA-1,Layer_3,3
CGCGGGAATTAGGCAG-1,Layer_3,2
CGCGGTAAGTCTAGCT-1,Layer_3,4
CGCGGTCACAAACCAA-1,Layer_3,2
CGCGTACATTCTGGAA-1,,1
CGCGTCATATTAAACC-1,Layer_3,2
CGCGTTCATGAAATAC-1,Layer_3,3
CGCTACGGGACATTTA-1,Layer_4,3
CGCTAGAGACCGCTGC-1,Layer_3,2
CGCTATACCGCCCACT-1,Layer_3,3
CGCTATTCAATGTATG-1,Layer_3,3
CGCTATTCTTAGGCTC-1,Layer_4,3
CGCTCGACATAATGAT-1,Layer_3,3
CGCTCTCCGTAGATTA-1,Layer_3,3
CGCTGGTGACTACCCT-1,Layer_4,3
CGCTGTGACGCCGCAC-1,Layer_3,3
CGCTGTGTGGATGTTG-1,WM,1
CGCTTAGTATTGATAC-1,WM,4
CGCTTATTCCCGGTCG-1,Layer_5,3
CGCTTCCACTGAAATC-1,Layer_3,3
CGCTTTCATACCGGTG-1,Layer_3,3
CGCTTTCTTGCATTCG-1,Layer_3,2
CGGAAAGAATCAAACG-1,WM,1
CGGAAATTTCACATCC-1,Layer_3,2
CGGAACGTAAACATAG-1,Layer_5,5
CGGAGCAATTTAATCG-1,Layer_6,1
CGGAGCATGGCGATCC-1,Layer_3,3
CGGAGCTTATAACACC-1,Layer_3,2
CGGAGTCCTAACCTGG-1,Layer_3,1
CGGAGTTTGAGAGACA-1,Layer_3,3
CGGATAAGCGGACATG-1,Layer_3,3
CGGATCCTCAAGGACT-1,Layer_6,1
CGGCAAACATCGTGCG-1,Layer_6,1
CGGCAATAAGATCGCC-1,Layer_5,5
CGGCACCGTTAGCGCC-1,Layer_3,2
CGGCACTCAAGAAAGT-1,Layer_3,2
CGGCAGGGTCGGGTTG-1,Layer_3,2
CGGCCACGCACAAAGT-1,Layer_3,3
CGGCCCAACCTGTAGT-1,Layer_3,4
CGGCCCAGGTATATCC-1,Layer_3,3
CGGCGCCATCAATCCC-1,Layer_5,1
CGGCTCTAAAGCTGCA-1,Layer_3,3
CGGCTCTTCGTCGAAC-1,Layer_3,2
CGGCTGCAAGATTAAG-1,Layer_3,2
CGGCTTTGTATGATAA-1,Layer_3,2
CGGGAATATAGTATAC-1,Layer_3,3
CGGGAATTTATGTAAA-1,Layer_5,5
CGGGAGCTTCAGTGTA-1,Layer_4,3
CGGGAGTATACCGCCG-1,Layer_3,3
CGGGATCAATGTAAGA-1,Layer_3,3
CGGGCAGCTAAACCGC-1,Layer_3,3
CGGGCCATAGCCGCAC-1,Layer_3,2
CGGGCCTTCTTTGTAA-1,Layer_5,3
CGGGTGTACCCATTTA-1,Layer_3,2
CGGGTTTGTTAGGGCT-1,Layer_5,5
CGGTACTAGAATCAAA-1,Layer_3,3
CGGTAGAGGTGCAGGT-1,Layer_3,2
CGGTCAAGTGGGAACC-1,Layer_3,2
CGGTCCATGAGACTCC-1,Layer_3,2
CGGTCCGTCGCAAGCC-1,WM,4
CGGTCTATCAACCCGT-1,Layer_3,2
CGGTGAAGACTAAAGT-1,Layer_3,3
CGGTGCAGATAGAACG-1,Layer_5,3
CGGTGCGCGTTGGTCC-1,Layer_5,5
CGGTGGGCTCCAGCCT-1,Layer_3,2
CGGTGTACTTGATCCC-1,Layer_3,3
CGGTTATCCAACAGTG-1,Layer_3,2
CGGTTCAAGTAGGTGT-1,Layer_3,2
CGGTTCCGGCTTCTTG-1,Layer_3,2
CGGTTGACCTGGCATA-1,Layer_4,3
CGGTTGAGTATCCTTC-1,WM,1
CGGTTGGGTTCAAGTT-1,Layer_3,2
CGTAAACGCTTGAGTG-1,Layer_3,2
CGTACCTGATAGGCCT-1,Layer_3,2
CGTAGCGAATTGTCAG-1,Layer_3,3
CGTAGCGCCGACGTTG-1,Layer_3,2
CGTATTAAGAGATCTA-1,Layer_3,3
CGTATTGTTTCCTAAT-1,Layer_3,4
CGTCAAATGGTCGCAG-1,Layer_3,4
CGTCAAGGCTATAAAT-1,Layer_3,3
CGTCACGTCCATTGGT-1,Layer_5,5
CGTCAGCTATTTACTC-1,Layer_3,2
CGTCAGTGCGCACAAG-1,Layer_3,2
CGTCATACCATATCCA-1,Layer_3,3
CGTCGCGGCGGGATTT-1,Layer_3,2
CGTCGCTTGGTTATAC-1,Layer_6,1
CGTCGGATAGTGTTGA-1,Layer_3,2
CGTCGGGTCTAAGCGC-1,Layer_5,5
CGTCGTCCTTCGCGAA-1,Layer_6,1
CGTCTGGAAGGGCCCG-1,Layer_3,3
CGTCTTGAGTGTGACG-1,Layer_3,2
CGTGAAGTTAATTCAC-1,Layer_4,3
CGTGACATTGGGTCGT-1,Layer_3,2
CGTGACCAGTCCTCTG-1,WM,4
CGTGCAGACTGGGACA-1,Layer_3,3
CGTGCATTGTCGACGC-1,Layer_4,3
CGTGCCCTCCCGAAGA-1,Layer_4,3
CGTGCTGGCCTAGTCG-1,Layer_3,2
CGTGCTTCTACCTAAA-1,Layer_6,1
CGTGGAAGCCTCGTAC-1,Layer_3,3
CGTGGCCGAATATCTA-1,Layer_3,3
CGTGTCCCATTCGCGA-1,Layer_3,3
CGTGTCTCGTTACGAC-1,WM,1
CGTGTGTTAAACCCTG-1,Layer_3,4
CGTTAAACTAGTTAGG-1,Layer_3,3
CGTTAATGTCCCGACG-1,Layer_6,1
CGTTAGCTCACAACTG-1,Layer_3,2
CGTTCAGACCCGCGAA-1,WM,4
CGTTCATGGTGCGCGT-1,Layer_5,5
CGTTCTTCGCACACCT-1,Layer_3,2
CGTTGAATACCGCGCT-1,Layer_6,1
CGTTGAGCGACCGTCG-1,Layer_4,3
CGTTGCCCGCGTGGGA-1,WM,4
CGTTGTAAACGTCAGG-1,Layer_3,3
CGTTGTAAGATTGATT-1,Layer_3,4
CGTTGTCGGCAATTGA-1,WM,4
CGTTGTTTCAATTCCC-1,Layer_3,3
CGTTTAAGCGGAGCAC-1,Layer_3,2
CGTTTACAAGGCAGCT-1,Layer_3,2
CGTTTCACTTCGGGCG-1,Layer_3,2
CGTTTCGCTCATTACA-1,Layer_3,3
CGTTTGTGTAGAGGGT-1,Layer_6,1
CTAAAGAATGCCTACT-1,Layer_4,3
CTAAAGGGAAATAGGA-1,Layer_5,5
CTAAATCCGGTGTACA-1,WM,1
CTAAATCCTATTCCGG-1,Layer_3,2
CTAACCGCGCGCCCGT-1,Layer_4,3
CTAACGAAACTTGCTG-1,Layer_3,2
CTAACTGATAATCGCC-1,Layer_5,5
CTAACTGGTCCGGTTC-1,Layer_5,5
CTAAGGGAATGATTGG-1,Layer_4,3
CTAAGTACAGGGCTAC-1,Layer_3,1
CTAATTCGCACGCGCT-1,Layer_3,3
CTAATTCTCAGATATT-1,Layer_3,4
CTAATTTCAACAACAC-1,Layer_3,3
CTACAAGAAATAACCC-1,WM,1
CTACACTCGCAGATGG-1,Layer_5,5
CTACATATCGCGGGAC-1,,1
CTACCCTAAGGTCATA-1,Layer_3,2
CTACGAACTAGGTCGA-1,Layer_3,2
CTACGACTAGCTATAA-1,Layer_4,3
CTACGCACGGAGTACC-1,Layer_3,3
CTACGCCATTTCCGAT-1,Layer_3,2
CTACTATCATAGGTTT-1,Layer_5,5
CTACTATCTTTCAGAG-1,Layer_3,2
CTACTCAAGGTATAGT-1,WM,1
CTACTCTAGGCCCGGC-1,Layer_3,3
CTACTGCCACCTGACC-1,Layer_3,3
CTAGACTGCATTTCGT-1,Layer_3,2
CTAGATAAACTCCTCG-1,Layer_3,2
CTAGATGTGAGTGTAA-1,Layer_3,2
CTAGATTTACGACGGC-1,Layer_4,3
CTAGCATAGTATAATG-1,Layer_3,3
CTAGCCACAGGCGAGC-1,Layer_5,5
CTAGCCGATGTTATGA-1,Layer_3,2
CTAGCTTAATGGTCCC-1,Layer_3,2
CTAGGCGCCCTATCAG-1,Layer_5,5
CTAGGTCTGAAGGAAT-1,Layer_3,2
CTAGGTTCGGACGTGA-1,Layer_6,1
CTAGTAGAAAGGGATT-1,Layer_6,1
CTAGTATTCGGAATTA-1,Layer_3,2
CTAGTCACGTCTTAAG-1,Layer_3,3
CTAGTGAAGGACAGGA-1,Layer_3,3
CTAGTTACAACCCGGT-1,Layer_6,1
CTAGTTGGGCCCGGTA-1,Layer_3,3
CTATAAGAGCCAATCG-1,Layer_3,4
CTATAGGCGTTGATGT-1,WM,1
CTATCGACGAAATACA-1,Layer_5,5
CTATCGCGTAGAGAAC-1,Layer_5,5
CTATCGGGTCTCAACA-1,Layer_3,3
CTATGCCCGAATGCAA-1,WM,4
CTATGGGAAGCGGAAT-1,Layer_5,5
CTATGTCACTAGCCCA-1,Layer_3,3
CTATGTCTATTGAAAC-1,Layer_3,2
CTATGTGAGTCACGGC-1,Layer_5,3
CTATTCATGTGTCCCA-1,Layer_6,1
CTATTTGGTTACGGAT-1,Layer_3,3
CTCAAACCACTGCCCG-1,WM,4
CTCAACTAACCCGGAT-1,Layer_6,1
CTCAAGACATTAGCGC-1,Layer_3,2
CTCACACGCAAGCCTA-1,Layer_3,4
CTCACATTTACTAAAT-1,WM,4
CTCACTGTGATACTTA-1,WM,4
CTCACTTGGCTGGTAA-1,Layer_4,3
CTCAGGACTCACCTGT-1,Layer_3,3
CTCAGTCACGACAAAT-1,Layer_3,2
CTCATCACTTAGTGAT-1,Layer_3,4
CTCATGGCTCACAATC-1,Layer_3,3
CTCATGGTAATTTGCG-1,Layer_5,5
CTCATTAACGTTGCCC-1,Layer_3,4
CTCATTCGTGAACATC-1,Layer_3,4
CTCATTGCTCTAACAA-1,Layer_6,1
CTCATTTGATGGGCGG-1,Layer_3,3
CTCCCAATGAGTCGCG-1,Layer_3,3
CTCCCTCCTTTCGATC-1,Layer_5,5
CTCCGCCCACATGAGG-1,Layer_5,5
CTCCGGCCTAATATGC-1,Layer_3,3
CTCCGGCTTGTAGACA-1,Layer_3,2
CTCCTAAGTTATGTCT-1,Layer_3,2
CTCCTCCAGCTCACAC-1,WM,4
CTCCTGTTCAAGGCAG-1,Layer_4,5
CTCCTTTACGCAAGTC-1,Layer_3,2
CTCGAATGGAACGTAT-1,Layer_3,1
CTCGAGGTCGAACAGT-1,Layer_3,3
CTCGATATTTGCGAGC-1,Layer_3,2
CTCGCACCTATATAGT-1,Layer_3,2
CTCGCATTGCATAGCC-1,Layer_6,5
CTCGCCGAATGTAGGG-1,WM,1
CTCGGGATAACACCTA-1,Layer_3,4
CTCGGGTTCTCTGGCC-1,Layer_6,1
CTCGGTACCACTGCTC-1,Layer_3,3
CTCGGTCCGTAGCCTG-1,Layer_3,3
CTCGGTTGTCGGCCCT-1,Layer_6,1
CTCGTCGAGGGCTCAT-1,Layer_6,1
CTCGTTTCTAATGTTT-1,Layer_3,2
CTCTAATGCATTGATC-1,Layer_3,2
CTCTACACTGGCGATT-1,Layer_4,3
CTCTATTTGGCTGCAG-1,Layer_5,5
CTCTCACAATCGATGA-1,Layer_3,3
CTCTCGATGTGCGCCT-1,Layer_3,2
CTCTCGCTGTACTATG-1,Layer_3,2
CTCTCTAACTGCCTAG-1,Layer_6,1
CTCTGCAGGCATTCTT-1,,1
CTCTGCGAAGCAAGCA-1,Layer_3,2
CTCTGGACGCCTGGTG-1,Layer_3,3
CTCTGTTTGAGGATTC-1,Layer_3,3
CTCTTCTATTGACTGG-1,Layer_3,3
CTCTTCTGGAAGTTAG-1,WM,1
CTCTTGTCCCGCTTGG-1,Layer_6,1
CTGAAAGAGATCCGAC-1,Layer_3,2
CTGAATCCGAGACCTC-1,Layer_5,5
CTGAATTTATTGCCAG-1,Layer_3,2
CTGACATAGAAATAGA-1,Layer_3,3
CTGACTGCGCAGCTCG-1,Layer_3,2
CTGAGAAAGTTCGGCG-1,Layer_3,3
CTGAGCAAGTAACAAG-1,Layer_3,3
CTGAGCGAGACTTATT-1,Layer_3,4
CTGATAGTGTATCTCA-1,Layer_3,3
CTGCAAGCACGTTCCG-1,Layer_5,5
CTGCACAACTACATAT-1,Layer_5,5
CTGCACCTAGTCCACA-1,Layer_3,4
CTGCACCTGGAACCGC-1,Layer_3,3
CTGCACTCCAGTACAG-1,Layer_6,1
CTGCAGAGAATCAGAG-1,Layer_5,1
CTGCCAAGGTTGGAAG-1,Layer_3,2
CTGCCATGCATCACAT-1,Layer_4,3
CTGCCTAGCCACCAAG-1,Layer_3,2
CTGCCTCATATGCAAC-1,Layer_3,4
CTGCCTTTAATACCTT-1,WM,1
CTGCCTTTCTAGTAAA-1,Layer_6,1
CTGCGGGTGAAATGTT-1,Layer_3,3
CTGCGGTAGTCACGTG-1,Layer_3,2
CTGCGTTACGATATAA-1,Layer_3,2
CTGCTGAGGCCACGAA-1,Layer_5,5
CTGCTGTCTAACGAGC-1,Layer_3,3
CTGCTTGGCGATAGCT-1,Layer_5,1
CTGCTTTATGTCCGCG-1,Layer_3,2
CTGGAAATGGATGCTT-1,Layer_3,3
CTGGAAGACACGGTGG-1,Layer_5,5
CTGGACGCAGTCCGGC-1,Layer_5,5
CTGGATTTACACTTGA-1,Layer_5,5
CTGGCATCCGAATGAG-1,Layer_5,5
CTGGCGACATAAGTCC-1,Layer_3,2
CTGGCGCACAGGTCTG-1,Layer_3,2
CTGGCGGGAATAAGTA-1,Layer_3,3
CTGGCTCCTGCGGGAT-1,Layer_3,2
CTGGCTGATTCATCCT-1,Layer_3,3
CTGGCTGGTTGTCAGT-1,Layer_6,1
CTGGGATAAATAATGG-1,Layer_3,3
CTGGGATACGCTACCC-1,Layer_3,2
CTGGGCCTGCTATATC-1,Layer_5,5
CTGGGTAGGCAGTTAA-1,Layer_4,3
CTGGGTTGAGTTAAAG-1,Layer_5,5
CTGGTAAAGTGTGGGC-1,Layer_5,5
CTGGTAACACATAGAA-1,Layer_3,3
CTGGTAACGAGCTCTT-1,Layer_3,2
CTGGTCATTCCAATCC-1,Layer_3,3
CTGGTCCTAACTTGGC-1,Layer_3,2
CTGGTGAATGGGCCTA-1,Layer_6,1
CTGGTTCAACGCATCA-1,Layer_3,2
CTGGTTCGCGAGCTAC-1,Layer_3,2
CTGGTTTCGAGCAAGA-1,Layer_4,3
CTGTACTTCTTAGCAT-1,Layer_4,3
CTGTAGCCATCTCACT-1,Layer_6,1
CTGTATGGTGTAGAAA-1,Layer_3,3
CTGTCAAATGGCTCGG-1,Layer_3,2
CTGTCACGCCAGGCGC-1,Layer_3,2
CTGTGCAGGGTAGGTC-1,Layer_4,3
CTGTGGTCGGGAGATA-1,Layer_5,5
CTGTTACCCAATCTAG-1,Layer_5,5
CTGTTCACTGCCTGTG-1,Layer_3,3
CTGTTCATCTCACGGG-1,Layer_3,3
CTTAAATAAGACCCAT-1,Layer_3,2
CTTAACTTCGAAGTAC-1,Layer_3,2
CTTACACGGTATTCCA-1,Layer_3,3
CTTACACTGGGAAATA-1,Layer_3,3
CTTAGCCCGGATAGTG-1,Layer_3,3
CTTAGCCTTCCACATG-1,Layer_3,2
CTTAGGTATAGACCAG-1,Layer_6,1
CTTAGTAGGCCTACAG-1,Layer_3,2
CTTAGTGTAGTAGCAT-1,Layer_6,1
CTTATGCGCTCAGGGC-1,Layer_4,3
CTTATGTTGACTACCA-1,Layer_3,2
CTTCAACTCCACTTGG-1,Layer_6,1
CTTCACGCCCTGGTAC-1,,1
CTTCAGTGGTCGCCTA-1,Layer_5,5
CTTCATAGCTCAAGAA-1,Layer_3,3
CTTCATTGTCAGTGGA-1,Layer_3,3
CTTCCGCTCCGTGAAG-1,Layer_6,1
CTTCCTGCATATTTAC-1,Layer_3,1
CTTCGGCCAATTGTTT-1,Layer_3,3
CTTCGTAGATAGGTGA-1,Layer_4,3
CTTCTATGTTGAAGTA-1,Layer_5,5
CTTCTATTAATGCTAG-1,Layer_6,1
CTTCTGGGCGTACCTA-1,WM,1
CTTCTTACGTCGTATA-1,Layer_3,3
CTTGACCCGAAAGATA-1,Layer_3,2
CTTGAGGTTATCCCGA-1,Layer_3,2
CTTGAGTTAGGGTAAT-1,Layer_3,2
CTTGCAACCGCCTCCT-1,Layer_5,3
CTTGCCCAGGCTCTAC-1,Layer_5,5
CTTGGCCAAGCTGGGA-1,WM,4
CTTGTACTTGTTGACT-1,Layer_3,3
CTTGTCAACATTCGAG-1,Layer_5,5
CTTGTGAGTCTTTGAC-1,Layer_3,2
CTTGTGCTCACCGATT-1,Layer_3,2
CTTGTTGCTGAGTCAA-1,Layer_3,3
CTTGTTTATGTAGCCA-1,Layer_3,3
CTTTAACTTTCAAAGG-1,Layer_3,2
CTTTAATATTGGTCGA-1,Layer_5,5
CTTTACCGAATAGTAG-1,Layer_5,5
CTTTAGGAACACTGTT-1,Layer_3,3
CTTTAGTGCTATTATT-1,Layer_5,5
CTTTCTGTGCGGGCTT-1,Layer_6,1
CTTTGCATCGCTCTTG-1,Layer_5,1
CTTTGCTGTCATGGAT-1,Layer_3,3
CTTTGGCGCTTTATAC-1,Layer_3,3
CTTTGGCTTTAGTAAA-1,Layer_3,3
CTTTGGGATTGTTGCA-1,WM,1
GAAACAGATGACCACC-1,Layer_3,3
GAAACAGCCATGCAGT-1,Layer_3,3
GAAACATAGGAAACAG-1,Layer_6,1
GAAACCATGGTGCGCT-1,Layer_3,4
GAAACCGAATTACCTT-1,Layer_5,5
GAAACCTATACAAATG-1,WM,1
GAAACTCGTGCGATGC-1,Layer_3,3
GAAACTCTAATGAAGG-1,Layer_3,2
GAAAGAACAGCGTTAT-1,Layer_3,2
GAAAGCAGTGCACTTT-1,Layer_6,1
GAAAGCCCTTTGGACC-1,Layer_3,3
GAAAGTGACTAACTGC-1,Layer_3,3
GAAATACCTGCTGGCT-1,Layer_3,2
GAAATACTAAACGTTT-1,Layer_3,3
GAAATATCACCATCAG-1,Layer_3,3
GAAATCGCGCGCAACT-1,Layer_3,3
GAAATGGCGGTGTTAG-1,Layer_3,3
GAAATGGGATGTAAAC-1,Layer_3,2
GAAATTAGCACGGATA-1,Layer_3,2
GAAATTCACATCGCTG-1,Layer_3,3
GAAATTGTCTCTATAA-1,Layer_5,5
GAACACACATCAACCA-1,Layer_3,3
GAACAGATTACTAAAT-1,Layer_6,1
GAACCATCTGGGAGAC-1,Layer_3,2
GAACCCTCTGTGTTCT-1,WM,1
GAACCTCGACCTACAC-1,Layer_3,3
GAACCTTTAACGATCC-1,WM,1
GAACGACCGAATGATA-1,Layer_3,3
GAACGATAAGTTAAAG-1,Layer_3,4
GAACGCGGGTCACACG-1,Layer_3,3
GAACGTCTCATGGTCG-1,Layer_3,2
GAACGTTAGGAAGACG-1,Layer_3,3
GAACTTAGCGCCCGGT-1,Layer_3,1
GAACTTGTGCACGGGA-1,Layer_3,4
GAAGAAACGATATTGT-1,Layer_6,1
GAAGAACGGTGCAGGT-1,Layer_3,3
GAAGACTTCAATGCCG-1,Layer_3,2
GAAGCCACTGATTATG-1,WM,4
GAAGCCGGGTAAGCTC-1,Layer_3,2
GAAGCCTGCACATTCC-1,WM,4
GAAGCGTGAGGAATTT-1,Layer_3,3
GAAGCTCGGACCCGTC-1,Layer_5,5
GAAGCTTGCTGACCGC-1,Layer_3,3
GAAGGAGTCGAGTGCG-1,WM,4
GAAGGCTACCATTGTT-1,Layer_3,4
GAAGTCAGTTGCACTA-1,Layer_6,1
GAAGTCTCCCTAGCGA-1,Layer_3,2
GAAGTGATTTATCGTG-1,Layer_4,3
GAAGTGCTGGATAGCT-1,Layer_3,3
GAAGTTTCCACTCAAT-1,Layer_3,3
GAATAGACGCGACCCA-1,Layer_3,3
GAATAGCATTTAGGGT-1,Layer_3,3
GAATAGCCCTGCGGTC-1,Layer_3,2
GAATAGTGCTCGATTA-1,WM,1
GAATATTCGGAGTCCC-1,Layer_3,2
GAATCGACATGGTCAC-1,Layer_3,3
GAATCGCCGGACACGG-1,Layer_3,2
GAATCTGAACATTCTC-1,Layer_4,3
GAATGCCGAAATGACC-1,Layer_3,3
GAATGCGAATCGGTTC-1,WM,4
GAATGTATGGCAGGTC-1,Layer_3,2
GAATGTGGTCCGGATT-1,Layer_3,3
GAATGTTGGGTAATCT-1,Layer_3,2
GAATTATAGTGAAAGG-1,Layer_3,3
GAATTCACCCGGGTGT-1,Layer_5,5
GAATTTCTCGCTGCAG-1,Layer_3,3
GACAAACATATGCAGG-1,Layer_3,3
GACAACGACCATTGAA-1,Layer_3,2
GACAACGCAGCTTACG-1,Layer_3,3
GACAAGAGATGAGATT-1,Layer_5,5
GACACAAGGGAAGAAA-1,Layer_3,3
GACACGAGTTAGAGGA-1,Layer_3,3
GACACTGAGTTCAGTG-1,Layer_5,5
GACACTGGAACCCGAT-1,Layer_4,3
GACAGATTTCTGGCTC-1,Layer_4,3
GACAGCCAGACCTGAC-1,Layer_3,3
GACAGGCACACACTAT-1,Layer_3,3
GACATACTGTCGCAGA-1,Layer_3,2
GACATCCGTCGAACTG-1,WM,4
GACATCGATTTATAAC-1,Layer_6,1
GACCAAACGTTGACTG-1,Layer_5,5
GACCAGAGCCCTGTAG-1,Layer_3,3
GACCAGGTCATTCATA-1,Layer_3,3
GACCCAATTATGATAC-1,Layer_5,5
GACCCGTCGCCGGCTA-1,Layer_3,2
GACCGACGTGAAAGCA-1,Layer_3,2
GACCGACTGAAGCGTC-1,Layer_3,3
GACCGCGTCTGACGTG-1,Layer_3,3
GACCGTCAGGTCGTGA-1,Layer_3,2
GACCGTGCTGACGGTG-1,Layer_4,3
GACCGTTACATGCGAC-1,Layer_3,3
GACGACGATCCGCGTT-1,Layer_5,1
GACGAGGCTAATAAAC-1,Layer_5,5
GACGCCGTAAAGGCTA-1,Layer_6,1
GACGCCTGTTGCAGGG-1,Layer_3,2
GACGCTTGCTTCTAAA-1,Layer_4,3
GACGGACCGCGTTCCT-1,Layer_3,2
GACGGGTTGGCCCGTA-1,WM,1
GACGGTCAATAGAAGC-1,Layer_3,2
GACGTGAGACTCCATG-1,Layer_3,2
GACGTGTAGGGATTAT-1,Layer_3,3
GACGTTCGTAAATACA-1,Layer_3,4
GACTAACACAGCACCT-1,Layer_3,2
GACTAAGATCATGCAC-1,Layer_3,3
GACTAAGTAGGCTCAC-1,Layer_3,3
GACTACAAAGCGGTGG-1,Layer_5,5
GACTACAATTGCTCGT-1,Layer_3,2
GACTCACCCACGTGAG-1,Layer_3,2
GACTCCCAGAATAAGG-1,Layer_3,4
GACTCCTTCCAATTGA-1,Layer_5,5
GACTCGCGGGAATGAC-1,Layer_3,2
GACTGATTGGTCACAA-1,Layer_3,2
GACTGCAAATCGAGCT-1,Layer_6,1
GACTGCACCAGCCCAG-1,Layer_4,3
GACTGCGGCACGTGTA-1,Layer_3,3
GACTGGGCGCCGCAAC-1,Layer_3,2
GAGACTGATGGGTAGA-1,Layer_3,3
GAGACTTCGCGACCGA-1,Layer_6,1
GAGAGCGCAGTCCCTG-1,Layer_3,4
GAGAGGGCGCGAGGTT-1,Layer_4,3
GAGAGGTGCATTCTGG-1,Layer_5,5
GAGATCTGCTTGGCAT-1,Layer_3,3
GAGATCTGTCACTCCG-1,Layer_3,3
GAGATCTTCCATGACA-1,Layer_4,3
GAGATGACAATCCTTA-1,Layer_3,4
GAGATGGGAGTCGACA-1,Layer_5,1
GAGCACCTGTGTCCAG-1,Layer_6,1
GAGCACGGCGCCTCTT-1,Layer_3,2
GAGCATCAACAACTTG-1,WM,1
GAGCATCATCCCTGGG-1,Layer_3,3
GAGCCACGGTAGTAGG-1,Layer_3,2
GAGCCAGCTACCTGTG-1,Layer_5,5
GAGCGAGGGAGTACCG-1,Layer_3,3
GAGCGCAAATACTCCG-1,Layer_4,3
GAGCGCGCACGAGTAG-1,Layer_4,3
GAGCGCTGTTAGGTAA-1,Layer_6,1
GAGCTAAGGGCATATC-1,Layer_3,2
GAGCTCTCGGACCTAA-1,Layer_3,3
GAGCTGTCGTCTCGGA-1,Layer_3,2
GAGGAATGGAGAGGTT-1,Layer_3,3
GAGGATAAACAGTGCT-1,Layer_3,2
GAGGCCCGACTCCGCA-1,Layer_6,1
GAGGCTATCAAAGTCG-1,Layer_3,3
GAGGGAGTCAGATCGC-1,WM,4
GAGGGCATCGCGTATC-1,Layer_3,2
GAGGGCCATAATATTA-1,Layer_3,4
GAGGGCGCAGCTCTGC-1,Layer_3,2
GAGGGTAGTAACAAAG-1,WM,1
GAGGTACATCCATCTT-1,Layer_3,3
GAGGTCCCAAAGATCT-1,Layer_3,3
GAGGTCTTAGTGGGTC-1,Layer_3,1
GAGTAAACCGGAAAGT-1,Layer_3,3
GAGTAAGGCCACGGGA-1,Layer_5,5
GAGTACGGGTATACAA-1,Layer_3,3
GAGTAGATACTAGTTG-1,WM,4
GAGTATCAAAGTTACA-1,Layer_4,5
GAGTATGCCCGCCTTG-1,Layer_5,5
GAGTATGCGCGTGCAT-1,WM,4
GAGTCAGACCAGAATC-1,Layer_6,1
GAGTCCGCTTACCGGA-1,Layer_5,5
GAGTCGACAGACCCTC-1,Layer_3,3
GAGTGTCAACCAGAAA-1,Layer_6,1
GAGTGTGCGGTACCCA-1,Layer_3,3
GAGTTGATGGCAATTT-1,Layer_5,5
GATAAATCGGTGGATG-1,Layer_3,3
GATAACTCGCACTGTG-1,Layer_3,3
GATAAGGCAGATGCAA-1,Layer_3,2
GATACGATGGGAGTCA-1,Layer_5,5
GATAGGTAACGTTGAC-1,Layer_5,5
GATAGGTGTCCCGGGC-1,Layer_3,2
GATATCTCATGCAATA-1,Layer_3,2
GATATGAGACACTAAC-1,Layer_3,3
GATATGCGGTAGCCAA-1,Layer_3,2
GATATGGATTACGCGG-1,Layer_3,3
GATATTGAGATTGGCG-1,Layer_3,2
GATATTTCCTACATGG-1,Layer_3,2
GATCAACATAAAGGGA-1,WM,1
GATCATTCCAAACATT-1,Layer_3,3
GATCCCTTTATACTGC-1,Layer_3,3
GATCCGAATATAAGTG-1,Layer_3,2
GATCCGGGAATTAACA-1,Layer_3,3
GATCCTAAATCGGGAC-1,Layer_3,2
GATCCTCGACACTGGC-1,Layer_5,5
GATCCTCTTGCGCTTA-1,Layer_3,2
GATCGACACTATCTGA-1,Layer_3,3
GATCGCGGGCTCTCCA-1,Layer_3,3
GATCGCTACCCGATTT-1,Layer_4,3
GATCGCTATATCTCAG-1,Layer_6,1
GATCGCTGTGGTGCGT-1,,1
GATCGGATAGAACCAT-1,Layer_3,3
GATCGGCGATAAGTCG-1,Layer_3,3
GATCGGTGGCCATAAC-1,Layer_3,3
GATCGTGACTGATATC-1,Layer_3,3
GATCTCGACGCTGTGG-1,Layer_3,3
GATCTGCTATCTAAGG-1,WM,4
GATCTTCATTGTCCTC-1,Layer_3,2
GATCTTGGAGGGCATA-1,Layer_5,3
GATCTTTGCAGGGTAT-1,Layer_4,3
GATGACAAGTAGGGCA-1,Layer_6,1
GATGACGATGATCGCG-1,Layer_3,2
GATGCCAGCAGAAGGC-1,Layer_3,3
GATGCCTTCTGCGGCA-1,Layer_6,5
GATGCGAATGGTATTA-1,Layer_3,3
GATGCGTCCTGCATTC-1,Layer_3,3
GATGCTACAAGCGCCT-1,Layer_3,3
GATGCTGTATTTCATC-1,Layer_4,3
GATGGCGCACACATTA-1,Layer_3,3
GATGGTGCCCTAGGCA-1,Layer_3,2
GATGTAACGAACCACC-1,Layer_5,5
GATGTCCGGATCACAT-1,Layer_3,2
GATGTCGGTCAACTGC-1,Layer_3,2
GATGTGTTGTCACAAG-1,Layer_3,2
GATGTTCAATCCACGA-1,Layer_5,3
GATGTTTGTGCGAGAT-1,Layer_3,3
GATTAACCGAAAGCCC-1,Layer_5,5
GATTACTGAATTTGGG-1,Layer_5,3
GATTCCCTTGTCGCAG-1,Layer_3,3
GATTCCGCGTTTCCGT-1,Layer_3,2
GATTCCTATACGGCGC-1,Layer_3,3
GATTCGACGGTTCACG-1,Layer_4,3
GATTGACACTCTGCTC-1,Layer_3,2
GATTGCTCCAGTTGCA-1,WM,1
GCAAACCCTACATTAT-1,Layer_5,5
GCAAACCTTGGCCATA-1,Layer_6,1
GCAAACGTCGCCAGGT-1,Layer_3,3
GCAAAGGGCGTTAGCC-1,Layer_6,1
GCAAATATTACGCTTT-1,Layer_3,3
GCAACACACTAGAACT-1,Layer_5,3
GCAACAGCAGTATGCG-1,Layer_3,3
GCAACCACCAGACCGG-1,Layer_3,2
GCAACCACGGCCGCGT-1,Layer_5,3
GCAACGGCTAGTTATG-1,Layer_3,3
GCAAGAATTCCTTGGC-1,Layer_5,5
GCAAGTGCACAGAGAA-1,Layer_3,3
GCAATTAGTCGCACCG-1,Layer_3,4
GCACAAACCCTAGATG-1,Layer_6,1
GCACAAACGAGGCGTG-1,Layer_3,3
GCACAACCTCGGGCGT-1,Layer_5,5
GCACAAGTGTCGGAAG-1,Layer_3,2
GCACACACTGGTAGCC-1,Layer_5,5
GCACACGCCCATGGTC-1,Layer_3,3
GCACGCCTACTTAGAT-1,Layer_6,1
GCACTAGTCGCGCTAT-1,Layer_3,3
GCACTGTGCAAATGTA-1,Layer_3,2
GCAGAAGGTAATCTCC-1,Layer_3,3
GCAGACCCAGCACGTA-1,Layer_3,2
GCAGATCCATAAGACT-1,Layer_5,5
GCAGATCCTCGCAAAT-1,Layer_3,3
GCAGATTAGGGATATC-1,Layer_3,3
GCAGCACACAGCCCAG-1,Layer_4,3
GCAGCCTATATCACAT-1,Layer_3,2
GCAGCGGTGGGCATTA-1,Layer_3,2
GCAGGAACTTAGATCT-1,Layer_5,5
GCAGGACTATAGAATA-1,Layer_3,3
GCAGGTAGAGTATGGT-1,Layer_3,2
GCAGTGTGGCTATAGG-1,Layer_6,1
GCAGTTCGATCCGAGC-1,Layer_5,5
GCATACGAGGTCTTTA-1,Layer_3,3
GCATAGAGCACTCAGG-1,Layer_3,3
GCATCCCTAACTTTGA-1,Layer_3,3
GCATCGGCCGTGTAGG-1,Layer_4,3
GCATGAGGGACGCGGC-1,Layer_3,2
GCATTCAAGGCAACGC-1,Layer_3,4
GCATTCGAAATGAACA-1,Layer_3,3
GCATTGTAATTCATAT-1,Layer_4,3
GCATTTCCAAGGCTCC-1,Layer_3,2
GCCAACCATTTCCGGA-1,Layer_3,4
GCCAAGAATACTTCTG-1,Layer_4,3
GCCAATAGGGCATCTC-1,Layer_3,4
GCCACAATTTAAGGAC-1,Layer_5,5
GCCACTCAGAGCGCGA-1,Layer_5,5
GCCACTCCTTACGGTA-1,Layer_4,5
GCCAGGAGTAACCGAT-1,Layer_3,2
GCCAGGCGTTCGCATG-1,Layer_3,2
GCCATATTGCACACAG-1,Layer_3,2
GCCATCGAGCTGCGTG-1,Layer_6,1
GCCATCGATGCTGCAT-1,Layer_3,4
GCCATTAGCCTCAAAC-1,Layer_5,5
GCCCACCAAGGCTGTC-1,Layer_3,3
GCCCAGATGCTGGAGA-1,Layer_3,2
GCCCAGTTGGTATGCC-1,Layer_3,3
GCCCGACTTCTTCCCG-1,Layer_5,5
GCCCGAGAGTCTAAAT-1,Layer_6,5
GCCCGATCTGTGGTCG-1,Layer_6,1
GCCCGCGCGTAAACGG-1,Layer_5,5
GCCCGCGCGTTTGACA-1,Layer_3,3
GCCCGTAATACCTTCT-1,Layer_3,2
GCCCTAGCCGTCGCGA-1,Layer_5,5
GCCGAAATTCCTACGT-1,Layer_3,3
GCCGACCCACGACTGC-1,WM,1
GCCGATTGGCCAAGCT-1,Layer_4,3
GCCGCACTCCGTTTCA-1,Layer_3,2
GCCGCATTAGTCCGGC-1,Layer_3,3
GCCGCTAGATACGCAG-1,Layer_3,1
GCCGCTTGTGAGAAAC-1,Layer_3,3
GCCGGGTTAGGGTCGC-1,Layer_4,3
GCCGTGGAAGAAATGT-1,Layer_3,2
GCCTAGCGATCTGACC-1,Layer_3,3
GCCTATAGTGTCAGGG-1,Layer_3,2
GCCTATGCTGGGCCTT-1,Layer_3,2
GCCTATTCCGATATAG-1,Layer_3,3
GCCTATTTGCTACACA-1,Layer_3,2
GCCTCATCTGGAAATA-1,Layer_3,3
GCCTCCGACAATTCAC-1,Layer_5,1
GCCTCTATACATAGCA-1,Layer_6,1
GCCTGCTACACTGAGA-1,Layer_3,1
GCCTTCAGCCCTACCG-1,Layer_3,3
GCCTTGTATATGCAGT-1,Layer_3,2
GCCTTTGTCAGTGGAC-1,Layer_6,5
GCGAAACGATCGGGAG-1,Layer_5,5
GCGAAACTTAACTGGA-1,Layer_4,3
GCGAAGCCATACCCGT-1,Layer_3,3
GCGACATGTAAACATC-1,Layer_3,2
GCGACCCAACCATCTG-1,Layer_6,1
GCGACGATAGTTGTAC-1,Layer_5,5
GCGAGAAACGGGAGTT-1,Layer_3,2
GCGAGAGGCCATGTAA-1,Layer_3,2
GCGAGAGTTGCGTCCA-1,Layer_3,2
GCGAGCGCATGCTCCC-1,Layer_3,2
GCGAGGCCCGAGCAGA-1,Layer_4,3
GCGAGTTCTGCAAAGA-1,Layer_3,3
GCGATTCTGGAAGCAG-1,Layer_3,2
GCGATTGTTAACGTTA-1,Layer_3,3
GCGCAAATATATTCAA-1,Layer_6,1
GCGCAAGAGCGCGCTG-1,Layer_3,3
GCGCATCCAGTCAGCA-1,Layer_3,2
GCGCCGTTCCACGATA-1,Layer_4,3
GCGCCTCCCACTCCGA-1,Layer_3,3
GCGCGTCATTGGTACA-1,Layer_6,1
GCGCTAATTGAATAGA-1,Layer_3,3
GCGCTATGCCGAGGCA-1,Layer_5,5
GCGCTGATCCAGACTC-1,Layer_3,2
GCGCTGCTTTGCATTT-1,Layer_3,2
GCGCTTAAATAATTGG-1,Layer_5,5
GCGGACCGCGTTGTGG-1,Layer_6,1
GCGGAGAAACTTCGCA-1,Layer_6,1
GCGGAGAGGGAGAACG-1,Layer_5,3
GCGGCAAAGTATTGCC-1,Layer_6,1
GCGGCTCTGACGTACC-1,Layer_4,3
GCGGGAACCAGGCCCT-1,Layer_3,3
GCGGGCATTACGATGC-1,Layer_3,4
GCGGGCGAGCCTTACC-1,Layer_6,1
GCGGTAACCCAAATGA-1,Layer_3,2
GCGGTCCCGGTGAAGG-1,Layer_3,4
GCGGTCCCTAGACGCA-1,Layer_3,3
GCGGTGAACTGCGCTC-1,Layer_3,2
GCGGTTCCCTATCATG-1,Layer_5,5
GCGTAAATGGCCATAA-1,Layer_3,2
GCGTCCCTAAGACATA-1,WM,4
GCGTCGAAATGTCGGT-1,Layer_3,3
GCGTCGCCAGGGTGAT-1,Layer_6,1
GCGTCTAACCTCCTAA-1,Layer_3,4
GCGTCTCTGCATTGGG-1,Layer_4,3
GCGTGGTACTGGGTTA-1,Layer_3,2
GCGTGTATGTCGTATT-1,Layer_3,2
GCGTTATATTTGGAAC-1,Layer_3,3
GCGTTCGGAGACCGGG-1,Layer_3,2
GCTAAACCTGAGGTGA-1,Layer_3,3
GCTAACTGAAGTCTGA-1,Layer_5,1
GCTAAGTAAAGGCGAT-1,Layer_3,3
GCTAAGTAGTTTCTCT-1,Layer_3,3
GCTAATACCGAATGCC-1,Layer_3,3
GCTACAGTACGGACCG-1,Layer_3,3
GCTACGACTTATTGGG-1,Layer_4,3
GCTACTATAGTAGAGT-1,Layer_5,3
GCTAGACCGTCTACTG-1,Layer_3,3
GCTAGAGTAGAGATGT-1,Layer_5,5
GCTAGCACCTGGGCCA-1,Layer_3,2
GCTAGCAGGGAGTGGG-1,Layer_3,2
GCTAGCGATAGGTCTT-1,WM,1
GCTAGCTTGAATAGCT-1,Layer_6,1
GCTAGGCACCACGGAG-1,Layer_5,5
GCTAGTAGAGCTTGTA-1,Layer_3,3
GCTAGTTTCATTGAGG-1,Layer_3,3
GCTATACGTCTCGGAC-1,Layer_5,5
GCTATCATACTCATGG-1,Layer_5,1
GCTATCGCGGCGCAAC-1,Layer_3,3
GCTCAACCTCTTAGAG-1,Layer_3,2
GCTCAATCCGTTTATT-1,Layer_6,1
GCTCAATGTAATACCG-1,WM,4
GCTCATTACTGCATGT-1,Layer_3,2
GCTCCCAGTCGGTCCA-1,Layer_3,3
GCTCCGCTCGCTTCAG-1,Layer_3,2
GCTCCGGACGTTGATA-1,Layer_3,1
GCTCCTGACATACTGG-1,Layer_6,1
GCTCGCGGTTCCGCTC-1,Layer_3,3
GCTCGCTCATGTCCAA-1,Layer_3,3
GCTCGGAATTTAAAGC-1,Layer_3,2
GCTCTAAACCCTGACG-1,Layer_3,3
GCTCTATGTTACGTGC-1,Layer_3,3
GCTCTCGGGTACCGAA-1,Layer_3,3
GCTCTTTCCGCTAGTG-1,WM,4
GCTGAACTCTCCAGGG-1,Layer_3,2
GCTGAATCTTCCAATC-1,Layer_6,1
GCTGAGCAACGGTTCT-1,Layer_3,2
GCTGAGGCGTGAGTAT-1,Layer_4,3
GCTGCACGGTTTCTTA-1,Layer_3,3
GCTGCTAAGTAGTCGA-1,Layer_6,1
GCTGCTACTGCGTAGC-1,Layer_5,5
GCTGCTCTCCGGACAC-1,Layer_3,3
GCTGGCAGGTGCCGTG-1,Layer_3,2
GCTGGCATATTCACCT-1,Layer_3,3
GCTGGCGGCGCATGCT-1,Layer_6,1
GCTGGTTTAGGCCATA-1,Layer_6,5
GCTGTATTACTGGCCC-1,Layer_5,5
GCTGTCTGTGATCGAC-1,Layer_3,1
GCTGTTGCTACCGAAC-1,Layer_3,2
GCTTAATGTAACTAAC-1,Layer_3,3
GCTTACGTAGTTAGTA-1,Layer_3,2
GCTTATGAAGCAGGAA-1,Layer_3,2
GCTTCCGTCCCTAGAC-1,Layer_3,2
GCTTGATGATAATCAG-1,Layer_3,3
GCTTGCAGCACAATTG-1,Layer_3,2
GCTTGGATCGATTAGG-1,Layer_3,2
GCTTTCAGAGGAGGTG-1,Layer_3,2
GGAAACCTTGTTGAAT-1,Layer_3,2
GGAAACTAAATGGGCC-1,Layer_5,1
GGAAAGTGCCCATGCC-1,Layer_3,2
GGAACCCGAACAAGAA-1,Layer_3,2
GGAACCGTGTAAATTG-1,Layer_5,5
GGAACCTTGACTCTGC-1,Layer_6,1
GGAACGGCCTGCAGCC-1,Layer_3,3
GGAACTTTGGCGATTA-1,Layer_5,5
GGAAGCTCGCTTACAG-1,Layer_3,2
GGAATAACCTCAAGAA-1,Layer_3,2
GGAATGCGCTAGCGTG-1,Layer_3,3
GGACACAAGTTTACAC-1,Layer_3,3
GGACCAACAGGATAAC-1,Layer_5,5
GGACCTACGGTAACGT-1,Layer_3,2
GGACCTCTAGGCCGCC-1,Layer_6,1
GGACGGCTTGCGCAAC-1,Layer_3,1
GGACTAAGTCAGGAGT-1,Layer_3,4
GGACTCACAAATTAGG-1,Layer_3,3
GGACTCGTGAGTGGTC-1,WM,1
GGAGAAGTCATTGGCA-1,Layer_3,3
GGAGACCAATGTGCTT-1,Layer_3,2
GGAGACCATCTACATA-1,Layer_5,5
GGAGACGACACCTTTG-1,Layer_4,3
GGAGCAACATTTCAAG-1,Layer_5,5
GGAGCACCAAGAACTA-1,Layer_3,2
GGAGGATTGAAAGGAG-1,Layer_3,2
GGAGGCCGAAGTCGTC-1,Layer_3,2
GGAGGCGAAGAACCGC-1,Layer_3,1
GGAGGGCTTGGTTGGC-1,Layer_3,3
GGAGTGCCGCCCTGGA-1,Layer_3,3
GGATACTCATGAATTG-1,Layer_3,2
GGATCAAAGGACGAGG-1,Layer_3,2
GGATCATCCCGTACGC-1,Layer_3,2
GGATCCGGAATATACT-1,Layer_3,3
GGATCTTACTGCCCTT-1,WM,1
GGATCTTGACTCAACC-1,Layer_5,5
GGATGAAGATCGCTGA-1,Layer_3,3
GGATGACGCGAGTTTA-1,Layer_4,3
GGATGCTGGCGTTCCT-1,Layer_3,3
GGATGTCCTTACCGCA-1,Layer_3,2
GGATTAAGCTAAGGTC-1,Layer_3,2
GGATTCAGTACGGTGG-1,Layer_3,3
GGATTCCGCTATACCC-1,Layer_3,2
GGATTGCTGTGACTCC-1,Layer_6,1
GGATTTCACTTCTATA-1,Layer_3,3
GGCAAAGGCGCCAATA-1,Layer_6,1
GGCAAATTACTTTACT-1,Layer_5,3
GGCAAGCCAGGGATAG-1,Layer_3,4
GGCAAGGCGAAATAGC-1,Layer_5,5
GGCAATAGTCAATGAG-1,Layer_3,3
GGCACTCAGCCGACCC-1,Layer_4,3
GGCACTCCACTGGGCA-1,Layer_3,3
GGCAGAGAGATCGGGA-1,Layer_3,3
GGCAGCAAACCTATGC-1,Layer_4,3
GGCAGCGGTAATCCTA-1,Layer_3,2
GGCATACAGGTAGCGG-1,Layer_3,3
GGCATATCGGTTCTGC-1,Layer_3,2
GGCATCAACGAGCACG-1,Layer_3,2
GGCCCGGAGCATGTCT-1,Layer_3,4
GGCCCGTATACCATGC-1,Layer_3,4
GGCCCTCACCCACTTA-1,Layer_3,3
GGCCGAGACTCTGGTG-1,WM,1
GGCCGGCGTCTGCTAT-1,WM,4
GGCCGTTTGGGTTTCA-1,WM,1
GGCCTGCTTCTCCCGA-1,Layer_5,5
GGCCTTTGCAACTGGC-1,Layer_3,3
GGCGAAATCTAACTTG-1,Layer_3,3
GGCGAACCGTTCTGAT-1,Layer_3,4
GGCGAGCGAAACGGCA-1,Layer_5,5
GGCGCAGGACATCTTC-1,Layer_3,3
GGCGCATGAATTGATG-1,Layer_5,5
GGCGCGGAGATCTTTC-1,Layer_6,1
GGCGCGTTCGAGTTTA-1,Layer_5,5
GGCGCTCCTCATCAAT-1,Layer_3,3
GGCGGAGTAATATTAG-1,Layer_3,3
GGCGGTAGGATCATTG-1,Layer_3,3
GGCGGTTTGCCGGTGC-1,Layer_3,2
GGCGTAGGGAAAGCTG-1,Layer_6,1
GGCGTCCTATCCGCTG-1,Layer_3,3
GGCTAAAGGGCGGGTC-1,Layer_3,2
GGCTACTATACACTCC-1,WM,4
GGCTATTAAGTTGTAT-1,Layer_3,3
GGCTCCTCCACCTGTT-1,WM,1
GGCTCGCGTTGAGGTA-1,Layer_3,2
GGCTCGTGCCACCAGC-1,Layer_3,3
GGCTCTGCTCCAACGC-1,Layer_3,2
GGCTGAAATAGCAAAG-1,Layer_5,5
GGCTGAGCATCGTAAG-1,Layer_3,2
GGCTGGCTAGCTTAAA-1,Layer_3,2
GGCTTGGCTCTCACCT-1,Layer_3,2
GGCTTTCAATAAGGGT-1,WM,1
GGGAACGGGAGGTTAG-1,Layer_4,3
GGGAACGGTTTCAGAT-1,WM,1
GGGAAGACGGTCTGTC-1,WM,4
GGGAAGGGCTTTCTCA-1,Layer_6,1
GGGAATGAGCCCTCAC-1,Layer_3,2
GGGAATTCTGTCCAGT-1,Layer_3,4
GGGACAGAGTTACTCC-1,Layer_6,1
GGGACCCGTATATCTT-1,Layer_6,1
GGGACTGCATAGATAG-1,Layer_3,3
GGGAGAACTCACAGTA-1,Layer_3,3
GGGAGGATGCCCGAAA-1,Layer_4,3
GGGAGTAATGGCTGGC-1,Layer_3,2
GGGAGTTAATGAGGCG-1,Layer_3,3
GGGATACGGTAATAAT-1,Layer_3,2
GGGATCCCAATACAAA-1,Layer_3,4
GGGATGGTCGTAACCG-1,Layer_5,5
GGGATTTACCGCACCT-1,Layer_3,3
GGGCAACCGCACGTGC-1,Layer_5,5
GGGCAGAGCAATCGTT-1,WM,1
GGGCCCGTCTTAAACA-1,Layer_5,5
GGGCCCTACGAAAGGG-1,Layer_3,3
GGGCCGGCCGAAGTAC-1,Layer_3,3
GGGCCTAAATGGGCTA-1,Layer_4,3
GGGCGAATTTCTCCAC-1,Layer_3,2
GGGCGATATGTGTGAA-1,Layer_3,3
GGGCGCAGCGTTACTC-1,Layer_3,4
GGGCGGCAAATGAATT-1,Layer_5,5
GGGCGGGTTCCCTACG-1,Layer_5,5
GGGCGGTCCTATTGTC-1,Layer_3,3
GGGCGTACATTTATAT-1,Layer_3,3
GGGCGTCACCACGTAA-1,Layer_5,5
GGGCGTCCACTGGCTC-1,Layer_3,2
GGGCGTGGTTTCCCAG-1,Layer_6,1
GGGCGTTTACATTCAT-1,WM,1
GGGCTATGATCGATGG-1,Layer_6,1
GGGCTCATCGAACCCA-1,Layer_3,2
GGGCTGCCTAGGGCGA-1,Layer_3,3
GGGCTGGTTAGTCGCG-1,Layer_3,3
GGGTAATGCTGTGTTT-1,Layer_3,2
GGGTACCCACGGTCCT-1,Layer_3,3
GGGTACTTCATGAACT-1,Layer_4,3
GGGTATGTATGCACTT-1,Layer_3,3
GGGTATTCTAGCAAAC-1,Layer_5,5
GGGTCACCGTGACGGT-1,Layer_3,3
GGGTCACGTGCTTATG-1,Layer_3,1
GGGTCAGGAGCTAGAT-1,WM,4
GGGTCATGCGTACCAT-1,Layer_3,3
GGGTCGTGGCAAGTGT-1,Layer_3,4
GGGTGACACCTTAACT-1,Layer_5,5
GGGTGCATATGAAAGC-1,Layer_3,4
GGGTGGTCCAGCCTGT-1,Layer_3,2
GGGTGTTTCAGCTATG-1,Layer_3,3
GGGTTAACATTTGAGT-1,Layer_6,1
GGGTTCAGACGAACAA-1,Layer_3,3
GGGTTTAGGATAGGAT-1,Layer_3,3
GGTAAATGTGCGTTAC-1,Layer_3,2
GGTAACCGGGAGGATA-1,Layer_6,1
GGTAACTATGTATCTG-1,Layer_3,2
GGTACAAACATGCTAT-1,Layer_4,3
GGTACACCAGATTTAT-1,Layer_3,4
GGTACATCTGGGACGA-1,Layer_3,3
GGTACCATTAAGACGG-1,Layer_3,4
GGTACTAAGTGCTTTG-1,Layer_3,3
GGTAGAAGACCGCCTG-1,Layer_6,1
GGTAGACCGTTGGGCG-1,Layer_6,1
GGTAGTGCTCGCACCA-1,Layer_3,3
GGTATAGTGACACATA-1,Layer_3,2
GGTATTGCCGAGTTTA-1,Layer_3,3
GGTCAAGACTACTTCG-1,Layer_5,5
GGTCACGTTAGATTCA-1,Layer_3,2
GGTCAGTGGGTCCCAC-1,Layer_5,5
GGTCCCATAACATAGA-1,Layer_3,1
GGTCGGATAAACGGCG-1,Layer_3,2
GGTCGGCCAGGAGCTT-1,Layer_3,3
GGTCGGTAATTAGACA-1,Layer_3,2
GGTCGGTCGTCCACAG-1,Layer_6,1
GGTCGTAAGCTCGCAC-1,Layer_5,5
GGTCTCCAAGTAGTGC-1,Layer_3,3
GGTCTCTGAATGGACT-1,Layer_6,1
GGTCTGAGAATCTGGA-1,Layer_3,3
GGTCTTGAGCGCTCTT-1,WM,4
GGTGAAACCGGGAATG-1,Layer_3,2
GGTGAACGGGCTAGCC-1,Layer_3,2
GGTGAAGTACAGGGAT-1,Layer_5,5
GGTGAGATGCAGATAA-1,Layer_3,3
GGTGATAAGGAGCAGT-1,Layer_3,3
GGTGATTTCATCTTGT-1,Layer_3,2
GGTGCGGATAAGTGGC-1,Layer_3,3
GGTGCTGATCACAAAG-1,Layer_3,3
GGTGCTGGTACACATT-1,Layer_5,5
GGTGGACCACGTGTTA-1,Layer_3,1
GGTGGACTGCTCTGGC-1,Layer_5,5
GGTGGAGGTTGATACG-1,Layer_3,2
GGTGTTCTGTTTCTAC-1,Layer_3,1
GGTGTTGGGCGTCTTA-1,Layer_3,3
GGTTACCACCCTCGGG-1,Layer_5,5
GGTTACCCGACACTTT-1,Layer_3,4
GGTTAGCTATATGTCT-1,Layer_4,3
GGTTAGGCTTGGAGAA-1,Layer_3,3
GGTTAGTTACGGCGCC-1,Layer_3,3
GGTTCCACCCGCTTCT-1,Layer_3,1
GGTTCTACTCGTCTGA-1,Layer_3,2
GGTTGTGCTCTTGTCC-1,Layer_3,3
GGTTGTGTAGCCTGGC-1,Layer_3,3
GGTTTAATTACCATCG-1,WM,1
GGTTTAATTGAGCAGG-1,Layer_3,4
GGTTTACAATCTCAAT-1,Layer_3,2
GGTTTAGCCTTTCTTG-1,Layer_3,3
GGTTTCAATCGGTCAG-1,Layer_3,2
GGTTTGAGTGCTGGAA-1,Layer_3,2
GGTTTGTGACCTGAGG-1,Layer_5,5
GTAACATCTAAGATAA-1,Layer_5,5
GTAACTGCCCAAGGAG-1,WM,4
GTAACTTGCGGCAGTC-1,Layer_3,2
GTAAGCGGGCAGTCAG-1,Layer_3,3
GTAAGGATTTGTCGGA-1,Layer_3,2
GTAAGTAACAGTCTGG-1,Layer_3,3
GTAAGTAGGGTATACC-1,Layer_3,3
GTAAGTCCACACTCTA-1,Layer_3,2
GTAATAAAGGGCTCCC-1,Layer_3,2
GTAATCTGATTCTTCG-1,Layer_5,1
GTACACTTACCTGAAG-1,Layer_3,3
GTACAGAGGCAAGGGT-1,Layer_3,3
GTACGACGGCGCTGCG-1,Layer_3,2
GTACGAGATTGCGACA-1,Layer_3,3
GTACGCTTCATTGCAC-1,Layer_5,5
GTACGTTTGCCCGTCA-1,Layer_5,5
GTACTAAGATTTGGAG-1,Layer_3,3
GTACTCCCTTATCGCT-1,Layer_3,3
GTACTCCTGGGTATGC-1,Layer_3,4
GTACTGAGGTCGTAAC-1,Layer_3,2
GTACTGCATGAAGCGT-1,Layer_3,2
GTACTGGAGTTAGACC-1,Layer_3,3
GTACTTGGGCACTTCT-1,Layer_3,3
GTAGAAACGGGTGGAG-1,Layer_3,3
GTAGACAACCGATGAA-1,Layer_3,2
GTAGACACGCCTGACT-1,WM,4
GTAGACGTCGTTACAT-1,Layer_3,3
GTAGAGGGAGACAAGT-1,Layer_5,5
GTAGCCAAACATGGGA-1,Layer_5,5
GTAGCGCTGTTGTAGT-1,Layer_3,2
GTAGCGGCTATACACT-1,Layer_3,3
GTAGCTCCGGGAGGCT-1,WM,1
GTAGCTTCCTCTTGTT-1,Layer_3,2
GTAGGTGATCCGTGTA-1,Layer_3,2
GTAGTCGCGGGAATCA-1,Layer_5,5
GTAGTCTACGATATTG-1,WM,1
GTAGTTCGAAGGCGAA-1,WM,4
GTATAATCTCCCGGAT-1,Layer_3,2
GTATAGGACTCAGTAG-1,Layer_3,3
GTATAGTGGCCCATGT-1,Layer_3,1
GTATCAAACGTTAGCT-1,Layer_5,5
GTATCAGCTTGGGTTC-1,Layer_3,3
GTATCCTTTGGTAACC-1,Layer_6,1
GTATCTCAGTCTTGAC-1,Layer_6,1
GTATCTCGGGCGCTTT-1,,1
GTATCTTTCATAACCA-1,Layer_5,5
GTATGAAATTTCACTC-1,Layer_5,5
GTATGACGTGGGAAAC-1,Layer_3,2
GTATGTGGGTCTAGTT-1,Layer_3,2
GTATTAAGGCGTCTAA-1,Layer_3,3
GTATTCTGAGAAACGA-1,Layer_5,5
GTATTTAATGGCATAA-1,Layer_3,3
GTCAAAGAAGTGGTGT-1,Layer_6,5
GTCAAAGTTTACATAG-1,Layer_3,2
GTCAAGCGGACTCGGG-1,Layer_3,3
GTCAATGCTATAATTT-1,Layer_3,4
GTCAATTGTACTGAAG-1,Layer_3,2
GTCACAAAGTTTCCAA-1,Layer_3,2
GTCACCTGTCTATGTC-1,Layer_3,1
GTCACTCTCCAAATCT-1,Layer_3,3
GTCAGAATAGTCTATG-1,Layer_3,3
GTCAGTTGTGCTCGTT-1,Layer_3,2
GTCAGTTTGGTAGTCG-1,Layer_3,3
GTCATGCACCTCCGTT-1,Layer_3,3
GTCATGGACATGACTA-1,Layer_3,3
GTCATTAGAGCGAACG-1,Layer_3,3
GTCATTGCATTGACCC-1,Layer_3,3
GTCCAATATTTAGCCT-1,WM,4
GTCCATTACTGCTACG-1,Layer_3,3
GTCCCAACGTAAAGTA-1,Layer_3,3
GTCCCGCGACGTTATG-1,Layer_6,1
GTCCGAGAGCAATCAT-1,Layer_3,3
GTCCGGACCTGAAATT-1,Layer_5,5
GTCCGGCTGAATTGCG-1,Layer_3,3
GTCCTACAGGCGGCTC-1,Layer_3,3
GTCCTACGAATAGTCT-1,Layer_5,5
GTCCTATTGTTGTGGT-1,Layer_3,3
GTCCTTCTACAACCCA-1,Layer_3,2
GTCCTTCTAGTGGGTT-1,Layer_3,2
GTCCTTTAATGACTTC-1,Layer_3,1
GTCGATAGGTGACTTT-1,Layer_3,3
GTCGCCGTTGTGTGTT-1,Layer_6,1
GTCGCGTAACCCGTTG-1,Layer_3,3
GTCGGATATCTCAGAC-1,Layer_3,3
GTCGGATGTAGCGCGC-1,Layer_3,2
GTCGGGAAGCAGAAAC-1,WM,1
GTCGTACCATCTCGGG-1,Layer_5,5
GTCGTACCTACGATTG-1,Layer_3,3
GTCGTATTGGCGTACA-1,Layer_3,2
GTCGTCAATTATAAGG-1,Layer_3,2
GTCGTCTGGTTGGCTA-1,Layer_3,4
GTCGTGTCTGGTCATC-1,Layer_3,4
GTCGTTATTCGCTTAT-1,Layer_5,5
GTCTACTCAATTACAA-1,Layer_3,3
GTCTATCTGAGTTTCT-1,Layer_5,3
GTCTATTGGTTCCGGT-1,Layer_5,5
GTCTCAAGGCCCGGCT-1,WM,1
GTCTCCTGCCAGTATG-1,Layer_6,5
GTCTCGACTAAGTTTG-1,Layer_3,4
GTCTCGATCTGCTTTC-1,Layer_3,2
GTCTGGGCGGTCGAGA-1,Layer_5,5
GTCTTAGTACAGCCGG-1,Layer_3,2
GTCTTGAGGAGCAGTG-1,Layer_3,2
GTCTTGTAGCTATTCA-1,Layer_3,3
GTGAAACGGCGCCACC-1,Layer_3,2
GTGAAACGTGCTCCAC-1,Layer_3,2
GTGAACTCCCATTCGA-1,Layer_3,2
GTGAAGATTTCAAGTG-1,Layer_3,2
GTGAAGCCGTATAGTC-1,Layer_3,2
GTGACAGCTTCCCACT-1,WM,4
GTGACCGCACACTACG-1,Layer_3,3
GTGACCTAAAGAATAA-1,Layer_3,4
GTGACGAGGGTGACCC-1,Layer_3,4
GTGACGCAGGTTTCAT-1,WM,4
GTGACTTCAGTAGTGC-1,Layer_5,5
GTGAGCGTGCTGCACT-1,Layer_3,3
GTGAGGACACTTAAGG-1,Layer_3,3
GTGAGGAGCGGTTGAG-1,Layer_3,2
GTGAGTCTAAGACGGA-1,Layer_3,3
GTGAGTGGTACAACGC-1,Layer_6,1
GTGATCAAGCGTGCAC-1,WM,1
GTGATCACTAACGCCT-1,Layer_4,3
GTGATCATAGATCTGC-1,Layer_5,5
GTGATCCTTGTCATGA-1,Layer_6,1
GTGATGCACAACATCT-1,Layer_3,2
GTGATTCGCCGCTCAA-1,Layer_5,5
GTGCAACAAATGTGGC-1,Layer_3,3
GTGCACCAGCTTCAAC-1,WM,4
GTGCACGAAAGTGACT-1,Layer_3,2
GTGCAGCGTAGAGTAG-1,Layer_3,3
GTGCCATCACACGGTG-1,Layer_5,3
GTGCCCGTTCGGATTC-1,Layer_3,3
GTGCCGCTTCAAAGGT-1,Layer_5,5
GTGCCTCAGTGTACGG-1,Layer_3,2
GTGCGAAATCGAACAC-1,Layer_5,5
GTGCGACAGGGAGTGT-1,Layer_3,2
GTGCGGGACCATCGGC-1,Layer_3,2
GTGCGGGTCTCCAAAT-1,Layer_3,3
GTGCGTGTATATGAGC-1,Layer_3,3
GTGCTCAAGTACTGTC-1,Layer_3,3
GTGCTTACATCAGCGC-1,Layer_3,3
GTGGAACCTACATGCG-1,Layer_3,2
GTGGACCAACCCGATT-1,Layer_5,5
GTGGACGCATTTGTCC-1,Layer_6,1
GTGGACGTGCTGAGAC-1,Layer_3,3
GTGGAGCATGTCGGCC-1,Layer_3,2
GTGGAGCGTTTACCGA-1,Layer_6,5
GTGGAGTCGGCGGTTG-1,Layer_6,1
GTGGCAAACAGCGGCA-1,Layer_5,5
GTGGCCTAATATCATT-1,Layer_3,3
GTGGCGGTCCCAGCGT-1,Layer_4,3
GTGGCGTGCACCAGAG-1,Layer_3,1
GTGGGAAGACTGAATC-1,Layer_5,3
GTGGGCTTAGACACAC-1,Layer_3,3
GTGGTATAGTCTGCCG-1,Layer_6,1
GTGGTCAGCGAAGTAT-1,Layer_3,2
GTGGTGGCCAAGTGAA-1,Layer_4,3
GTGGTTACTTCTTTCG-1,Layer_3,2
GTGGTTTCCGCCTTTC-1,Layer_5,3
GTGTACCTTGGCTACG-1,Layer_3,2
GTGTATATCAGCGGGC-1,Layer_6,1
GTGTCCGATAAGGCAT-1,Layer_3,1
GTGTCGTATAGCGTTC-1,Layer_5,1
GTGTGAATAACTTAGG-1,Layer_3,3
GTGTTACTATGCGTCC-1,Layer_3,3
GTTAAAGTAGGACTGG-1,Layer_5,5
GTTAACATCACTTAAA-1,Layer_6,1
GTTAACTATGTTGTCA-1,Layer_3,3
GTTAAGGGTGCGATGT-1,WM,1
GTTAAGTTAGAGTGGG-1,Layer_3,2
GTTAATGTCTATCTTA-1,Layer_3,3
GTTACAATTGGTGACG-1,Layer_4,3
GTTACCTACAACTTGC-1,Layer_5,5
GTTACTTTGGGCCTAG-1,Layer_5,5
GTTAGAGTGTGCCGCT-1,Layer_3,2
GTTAGCCGTAAATCAA-1,Layer_3,4
GTTAGGCTACCCGTTT-1,Layer_5,5
GTTATAATACGGTGAA-1,Layer_4,5
GTTATATCAGGAGCCA-1,Layer_3,2
GTTATATTATCTCCCT-1,Layer_5,5
GTTATCACCTTCTGAA-1,Layer_3,2
GTTATTAAATACGACC-1,Layer_3,2
GTTATTAACGTGGGAG-1,Layer_3,3
GTTCAATCTATGTCAA-1,Layer_3,2
GTTCACAGGAGTCTAG-1,Layer_3,3
GTTCATCGTTTGGCTG-1,Layer_3,2
GTTCCAGTCTGACCAT-1,Layer_3,3
GTTCCCGTAAACATAT-1,Layer_5,5
GTTCGCCATAAGTGCC-1,Layer_4,3
GTTCGCTGAGACGTCT-1,Layer_4,3
GTTCGGATCGGGAACA-1,Layer_3,3
GTTCGGGCGTACCATT-1,Layer_3,2
GTTCGTCTAAAGAACT-1,Layer_5,5
GTTCGTCTGGGTCCCT-1,Layer_3,2
GTTCTTCCCTCGATGT-1,Layer_3,3
GTTGAACCGGTTCCAT-1,Layer_5,5
GTTGAGTCCCGCCGGT-1,Layer_5,5
GTTGCACGGAGTTTCG-1,Layer_3,3
GTTGCGCTAACATTAC-1,Layer_3,2
GTTGCGGACGGTCAGG-1,Layer_4,3
GTTGGACCGCATCAGG-1,Layer_3,2
GTTGGATTCAGTGGCT-1,Layer_3,2
GTTGGATTGAGAACAC-1,Layer_3,2
GTTGGATTTGCGTTGG-1,Layer_3,3
GTTGGTCATGCTATCC-1,Layer_6,1
GTTGTCGTGTTAGTTG-1,Layer_3,3
GTTTACGTTCCATCTG-1,Layer_5,5
GTTTATGGGATTTAGA-1,Layer_3,2
GTTTCAAACGAGTTGT-1,Layer_5,5
GTTTCATATCGTCGCT-1,Layer_4,3
GTTTCCTGGAGGGTGA-1,Layer_3,3
GTTTCTGCAGTCTCCC-1,Layer_3,3
GTTTGACCAAATCCTA-1,Layer_3,3
GTTTGGCCCAAGTTAT-1,Layer_3,3
GTTTGGCCGCTCAGCG-1,Layer_3,2
GTTTGGGCTTGTGAGC-1,Layer_5,5
GTTTGGGTTTCGCCCG-1,Layer_6,1
GTTTGGTAGGGTCAAC-1,Layer_6,1
GTTTGGTGATCGGTGC-1,WM,1
TAAACCCAGGAGGGCA-1,Layer_6,1
TAAACGTCGTCAATGA-1,Layer_3,2
TAAAGACAACCCTTTA-1,Layer_3,2
TAAAGAGCCCGAAACC-1,Layer_3,2
TAAAGCGGTATTTCCA-1,WM,4
TAAAGCGTTAGGAGAA-1,Layer_3,2
TAAAGCTGCAATAGGG-1,Layer_3,2
TAAATCTTTACACCTC-1,Layer_3,4
TAAATGAATCCGTTTC-1,Layer_3,3
TAACAAAGGGAGAAGC-1,Layer_3,3
TAACAATATTTGTTGC-1,Layer_3,3
TAACAGCGTTTGTGCT-1,WM,1
TAACATACAATGTGGG-1,Layer_3,3
TAACATACACGCGATC-1,Layer_6,5
TAACCGCCCGCAGTGC-1,Layer_3,2
TAACCTACCGTCCGAG-1,Layer_3,2
TAACCTAGGGAGTCCA-1,Layer_5,5
TAACGCTTTGAGAGCG-1,Layer_3,3
TAACTATCGAAGGTCC-1,Layer_3,3
TAACTATTACGCCAAA-1,Layer_3,4
TAACTCATCCGCGCGG-1,Layer_5,5
TAACTCCATGGAGGCT-1,Layer_3,3
TAAGAGGGACAGGGAC-1,Layer_6,1
TAAGCAGGCGACACGC-1,Layer_3,3
TAAGCGCGAATCAAAT-1,WM,1
TAAGGAACTTGTGGGA-1,Layer_3,3
TAAGGCAACATAAGAT-1,Layer_3,2
TAAGGCATAACATCAA-1,Layer_6,1
TAAGGCCCGTCACCCT-1,WM,4
TAAGGCTGAATCCCTC-1,Layer_3,3
TAAGGGCCTGTCCGAT-1,Layer_5,5
TAAGGGCTGGGAGAGG-1,Layer_3,3
TAAGTAAATGTGCCGC-1,Layer_3,1
TAAGTAACATCTTGAC-1,Layer_5,5
TAAGTCGCCGAGTATC-1,Layer_6,1
TAAGTTGCGACGTAGG-1,Layer_5,5
TAATAAACAAGGAGAT-1,Layer_3,2
TAATACACAGTAGTAT-1,Layer_3,3
TAATAGAACAGAGTTA-1,Layer_5,5
TAATAGCTAAATGATG-1,Layer_3,4
TAATAGGTCACCAGAA-1,Layer_6,1
TAATAGTGACGACCAG-1,Layer_3,2
TAATATTGAAATTCGC-1,Layer_3,3
TAATCAACCAAATGGG-1,Layer_3,3
TAATCGATCCGTACGT-1,Layer_3,2
TAATGAAAGACCCTTG-1,Layer_3,3
TAATTACGTCAGTAGA-1,Layer_5,1
TAATTAGATGGATATG-1,Layer_3,2
TAATTAGGACATCCGT-1,Layer_3,3
TAATTGGAATCGGGAA-1,Layer_3,2
TACAACGCACAACTCA-1,Layer_5,3
TACAAGTCTCGTGCAT-1,Layer_3,3
TACACCGTCGTTAGTC-1,Layer_3,4
TACAGAAACGGTGGGC-1,Layer_6,1
TACATAGGCATACACC-1,Layer_4,3
TACATCCCTATCCCTG-1,Layer_4,3
TACATGACCTTATCCG-1,Layer_3,2
TACATGCCGGAATTGT-1,Layer_4,3
TACATTTCTAACGTGC-1,Layer_4,3
TACCAAATAGCCCAGA-1,WM,1
TACCAATAAAGTACCA-1,Layer_5,5
TACCAGAAGTAGGTTC-1,Layer_5,5
TACCAGCTAGGTTTAA-1,Layer_3,2
TACCATGTATTGATTT-1,Layer_3,3
TACCGCGGACTTGCAG-1,Layer_3,2
TACCGGCTCACTGCCC-1,Layer_5,5
TACCGGTCGTTTCCAT-1,Layer_5,5
TACCGTAGGTTAACTA-1,WM,1
TACCGTGCCTCGGACC-1,Layer_5,5
TACCTACTCCCAGTAT-1,WM,1
TACCTCACGCTTGTAC-1,Layer_3,3
TACCTCAGTTGTCTGT-1,WM,1
TACCTCCACACCAATG-1,WM,1
TACCTGCTGCACTGTG-1,Layer_3,3
TACCTTAAGATTTCCC-1,Layer_5,5
TACGAACACGACTTCA-1,Layer_3,3
TACGACGCTTGCTGCG-1,Layer_5,5
TACGACTGCCTCTTAG-1,Layer_5,5
TACGAGAACTTCACGT-1,Layer_3,3
TACGATGTTGATCATC-1,Layer_3,3
TACGCAGTTCTTTCCT-1,Layer_5,5
TACGCCATATTCTAAT-1,Layer_4,3
TACGCCGAGGGTACCC-1,Layer_6,1
TACGCCTCCATTCCGA-1,Layer_6,1
TACGCTATAGAAACCT-1,Layer_3,2
TACGCTCGGTATTGGA-1,Layer_5,5
TACGGGATGCTAGCAG-1,Layer_3,2
TACGTACTAGTGCTGA-1,WM,1
TACGTGCAAGGTTCCT-1,Layer_3,4
TACGTGCACTATGCTG-1,Layer_3,3
TACGTTTACCGGCAAT-1,Layer_5,3
TACTATGGTTCCTCAG-1,Layer_6,1
TACTCCTCTAGTTGAC-1,WM,1
TACTCGGCACGCCGGG-1,Layer_3,3
TACTCTCCGAACAAAT-1,Layer_3,2
TACTCTTACTTTACTG-1,Layer_5,5
TACTCTTTCGTCTTCA-1,WM,1
TACTGAACAGATTTAG-1,Layer_6,1
TACTGCAATCAATTAC-1,Layer_3,2
TACTGGACAGCTCGGC-1,Layer_3,3
TACTGTTTCTCTGGTA-1,Layer_3,3
TACTTGTTAGTAGTCC-1,Layer_3,2
TACTTTACTGAGCCGG-1,Layer_3,2
TACTTTCCGCACGCCA-1,Layer_5,5
TAGAAACCACTAAGTA-1,Layer_3,2
TAGAAAGGTGGCGCTA-1,Layer_3,3
TAGAAATTCACGTATA-1,Layer_3,3
TAGAATAGCCGATGAA-1,Layer_5,1
TAGAATTAAGGGCAAC-1,Layer_3,2
TAGACGAAACGCCAAT-1,WM,4
TAGACGCCCGTACCGG-1,Layer_3,2
TAGACTACCTAGCGTT-1,Layer_3,2
TAGAGATCATGCAACT-1,Layer_5,5
TAGAGCTACGAAGAAC-1,Layer_3,3
TAGAGGTTCTACTTGT-1,Layer_5,5
TAGAGTCTAAGCGAAC-1,Layer_3,3
TAGATATGGACTGGAA-1,Layer_5,5
TAGATCCGAAGTCGCA-1,Layer_3,2
TAGATGGTTCCTTACT-1,Layer_5,5
TAGATTCCTGGTTATT-1,Layer_3,3
TAGCAACCTGTCACAA-1,Layer_3,3
TAGCCATTTCAAAGTC-1,Layer_3,3
TAGCCGGCGGTCAGCG-1,Layer_3,3
TAGCGTCCCTCGATTG-1,Layer_3,3
TAGCGTCCGGTGTGGT-1,Layer_5,1
TAGCGTTGGGTCTTAC-1,Layer_3,3
TAGCTAAGTCCGGGAG-1,Layer_3,3
TAGCTAGAAGGCATGA-1,Layer_6,1
TAGCTAGTGATGATGG-1,WM,1
TAGCTCGCCTGATAAC-1,Layer_5,5
TAGCTGATGTGAAGCG-1,Layer_3,3
TAGGAACAGCCTCCAG-1,Layer_3,2
TAGGCATGTTACGCCA-1,Layer_3,2
TAGGCGATGAGGTCTC-1,Layer_5,5
TAGGGAGCTTGGGATG-1,Layer_3,2
TAGGGTGTTTCAAGAG-1,Layer_3,3
TAGGTCCAAGTAAGGA-1,Layer_3,3
TAGGTCGCCGGAACTG-1,Layer_3,2
TAGGTGACGATAACCT-1,Layer_6,1
TAGGTGAGCCCTACTC-1,Layer_3,3
TAGGTGCTCGCCTAGC-1,Layer_3,3
TAGGTGTTCCACAGAT-1,WM,1
TAGGTTCGAGTTCGTC-1,Layer_3,3
TAGTACCACAACTTTC-1,Layer_6,1
TAGTACCTTAGTGGTC-1,Layer_3,3
TAGTAGCTTATACCAG-1,WM,1
TAGTCCCGGAGACCAC-1,WM,4
TAGTCCGCAGAGAATG-1,Layer_4,3
TAGTCCGTATGCATAA-1,Layer_3,2
TAGTCGATCACGGGTT-1,Layer_4,3
TAGTCTAACAACGAGA-1,Layer_5,3
TAGTCTGTGACGTTGC-1,Layer_3,2
TAGTCTTTCCGAATTG-1,Layer_3,3
TAGTGCCCTCCAGAGT-1,Layer_3,3
TAGTGTCAGAAACGGC-1,Layer_3,3
TAGTTAAGATAGGATA-1,Layer_3,2
TAGTTTATTCTTGCTT-1,Layer_3,3
TATAAATCCACAAGCT-1,Layer_3,3
TATAAGTGAGGATAGC-1,Layer_3,3
TATACACAGACGCCTT-1,Layer_5,5
TATACACGCAAAGTAT-1,Layer_3,3
TATACCGAGTGCCACA-1,Layer_3,3
TATACGCGTCATCACT-1,WM,1
TATACTCATGCGGCAA-1,Layer_3,3
TATAGAGTCGCTTGAA-1,WM,4
TATAGATGGTCGCAGT-1,Layer_3,3
TATAGCGCACGTTATC-1,Layer_4,3
TATAGGGTACTCATGA-1,Layer_3,3
TATATAGGGCTTTACG-1,WM,1
TATATATCGAGAAATG-1,Layer_6,1
TATATCCCTGGGAGGA-1,Layer_3,2
TATATGCTGGGTTGCC-1,Layer_3,2
TATATTACAAATGTCG-1,Layer_3,2
TATATTCGCGTCGATA-1,Layer_3,2
TATCAAAGGTCTGTAA-1,Layer_3,2
TATCACAGCACGGGCA-1,Layer_3,2
TATCACCATGTAAAGT-1,Layer_3,2
TATCACCCAACCGACC-1,Layer_3,2
TATCACTTCGAGTAAC-1,Layer_3,2
TATCAGTGGCGTAGTC-1,Layer_5,5
TATCCAATTGGTTATC-1,Layer_5,1
TATCCATATCATGCGA-1,Layer_3,3
TATCCATCTCGGTTAG-1,Layer_6,1
TATCCGCACCGTCGGG-1,WM,1
TATCCTGCATGGGAAT-1,Layer_3,3
TATCGATCTATGCATA-1,Layer_3,2
TATCGATGATTAAACG-1,Layer_3,3
TATCTACAGAGGTAAT-1,Layer_3,3
TATCTACCACAGCGGG-1,Layer_4,3
TATCTAGCCTAAAGGA-1,Layer_3,3
TATCTTGCAATACAAC-1,Layer_5,5
TATGAAGACAGGTGCG-1,Layer_3,3
TATGATAAATCTAACG-1,Layer_3,2
TATGATCCGGCACGCC-1,Layer_3,4
TATGATCTTCTCTTTA-1,Layer_5,5
TATGATTCTGCTTGGT-1,Layer_3,2
TATGCTCCCTACTTAC-1,Layer_3,3
TATGGAGTTTCTCGTT-1,Layer_3,2
TATGGATGTGCTACGC-1,Layer_3,3
TATGGCCCGGCCTCGC-1,Layer_3,3
TATGGCTAGGCTAATT-1,Layer_3,4
TATGGGACCGAGCAGG-1,Layer_3,3
TATGGGTACGTATCGT-1,Layer_3,3
TATGGTCTGAGTAACA-1,Layer_3,3
TATGGTTAGTGGGAGA-1,Layer_3,3
TATGTCAAGACCGACT-1,Layer_3,2
TATGTCTCATTGTGCC-1,Layer_3,3
TATTAACACCAAAGCA-1,Layer_5,5
TATTAACCTGACCGCG-1,Layer_6,1
TATTACCATCCTGCTT-1,Layer_3,2
TATTATGTTTGCCTGC-1,Layer_6,5
TATTCAATTCTAATCC-1,Layer_3,3
TATTCCACTCAGCTCG-1,Layer_5,5
TATTCCGAGCTGTTAT-1,Layer_5,5
TATTCCGGCAGTCCTA-1,Layer_3,2
TATTCCTCCGCCCACT-1,Layer_5,5
TATTCGTGCCAGAATA-1,Layer_3,3
TATTGACATTTCTGCC-1,Layer_3,4
TATTTAGTCTAGATCG-1,Layer_3,3
TATTTATACCGAGTAG-1,Layer_3,2
TATTTGATTTGCACAG-1,Layer_4,3
TATTTGTTACCCTTTA-1,Layer_3,3
TCAAACAACCGCGTCG-1,Layer_3,3
TCAAACTTAGATTGTT-1,Layer_3,3
TCAAAGTCACGGCGTC-1,,1
TCAAATTTGAGACTCA-1,WM,1
TCAACAAAGATAATTC-1,Layer_5,5
TCAACACATTGGGTAA-1,Layer_3,2
TCAACATAGCGCCCTA-1,WM,1
TCAACATCGACCGAGA-1,Layer_5,3
TCAACCATGTTCGGGC-1,Layer_3,3
TCAACGAGGAGACAAA-1,Layer_5,5
TCAACGCAGGAAATAA-1,Layer_5,5
TCAACGCGACCGGCAG-1,Layer_4,3
TCAACTAACGTATAAC-1,Layer_3,3
TCAACTGCAGAGTCAG-1,Layer_5,5
TCAAGAAATACTAGCT-1,Layer_3,2
TCAAGCGCGGACGGTA-1,Layer_5,5
TCAAGCTGCCTTGAAA-1,Layer_3,4
TCAAGGTTACTACACC-1,Layer_3,3
TCAATACGCCGTCATG-1,WM,4
TCACAAACCGAGGTAC-1,Layer_5,1
TCACAGATCCTCAAAC-1,Layer_3,2
TCACAGCAAACTCGAA-1,Layer_6,1
TCACAGGAGAATAAGA-1,Layer_6,1
TCACAGGGAATCGCAA-1,Layer_5,3
TCACAGGTTATTGGGC-1,Layer_3,3
TCACATCTTATCTGAT-1,Layer_3,3
TCACCCTCTTAAGATT-1,Layer_5,5
TCACCGCTCGGCACTC-1,Layer_3,2
TCACGATGTCCGTGGA-1,Layer_5,5
TCACGCATTGTAGATC-1,Layer_3,3
TCACGGTCATCGCACA-1,Layer_3,3
TCACGTGCCCGATTCA-1,Layer_3,3
TCACTACGACCAATGC-1,Layer_3,2
TCACTCGTGCAACGGC-1,Layer_3,2
TCACTCTTCGTCTGTC-1,Layer_3,2
TCAGAACCTCCACAGG-1,Layer_3,4
TCAGACGCTATAGAAG-1,Layer_5,5
TCAGCAAATGCATCTC-1,Layer_3,3
TCAGCAGTAGGCCCTG-1,WM,1
TCAGGGCGACTTCCTT-1,Layer_3,2
TCAGGGCGCAAACTCG-1,Layer_3,3
TCAGGGTGCACGAAAC-1,Layer_3,2
TCAGGGTGTAACGTAA-1,Layer_3,3
TCAGGTTCTTTGAGAA-1,Layer_3,3
TCAGTACTGACCCGCG-1,Layer_3,3
TCAGTAGGGACTATAA-1,Layer_5,5
TCAGTGTATACGTCAT-1,Layer_6,1
TCAGTTACGGAATGAT-1,Layer_3,2
TCATACTTACAGATCC-1,Layer_3,3
TCATATGAGCTTTGTT-1,WM,4
TCATCACTCGAGCTCG-1,Layer_3,3
TCATCCCAGAGGGTGG-1,Layer_3,3
TCATCGATGGTCCCAA-1,Layer_6,1
TCATGCAGGTTCTCAT-1,Layer_3,2
TCATTTAAGTCTCCGA-1,Layer_3,2
TCATTTAGAAGTGTGA-1,Layer_5,5
TCCAACTTTAAATTCT-1,Layer_5,3
TCCAATAAAGGCTACC-1,WM,4
TCCACAATGGTTTACG-1,Layer_3,3
TCCACCTCTAGCCTTT-1,WM,4
TCCACTTTATCTAGGT-1,Layer_3,3
TCCAGAGCACCGGTTC-1,Layer_3,3
TCCAGATGTACGCCAA-1,Layer_3,4
TCCAGCGCTATAAGCG-1,Layer_4,3
TCCAGGCGAGTACGGT-1,Layer_3,3
TCCAGGGTATATACGA-1,WM,4
TCCATCAATACTAATC-1,Layer_6,1
TCCATTAGTTGGATAG-1,Layer_3,2
TCCATTCCCACTAGAG-1,Layer_3,4
TCCATTGTGACCTCGT-1,Layer_3,2
TCCCAAACAGACAACG-1,Layer_3,2
TCCCAAAGACGAAGGA-1,Layer_3,3
TCCCAAAGCCCTAAAT-1,Layer_3,2
TCCCACTCTCTTCCGG-1,Layer_3,4
TCCCAGCTTTAGTCTG-1,Layer_3,3
TCCCAGGCTTAGCTAA-1,Layer_3,3
TCCCGCCTATGTGCGT-1,Layer_3,4
TCCCGCGTACTCCTGG-1,Layer_3,3
TCCCGGGTGTGCTGCT-1,Layer_3,3
TCCCGGTCAGGAATTT-1,Layer_3,2
TCCCGTCAGTCCCGCA-1,Layer_3,2
TCCCGTCGCGTCATAG-1,Layer_3,4
TCCCGTGTGCAATTTG-1,Layer_4,3
TCCCTAGATCAATAGG-1,Layer_3,4
TCCCTGGCGTATTAAC-1,Layer_6,1
TCCCTGGCTCGCTGGA-1,Layer_3,3
TCCCTTAGATTACTCG-1,Layer_3,2
TCCGAACGTTGCCGCT-1,Layer_3,3
TCCGAACTTGGCTTAC-1,Layer_3,3
TCCGAATGGTCCTGAG-1,Layer_3,4
TCCGAGAAGGCTAAGC-1,Layer_3,2
TCCGATAATTGCCATA-1,Layer_3,3
TCCGATGACTGAGCTC-1,Layer_3,2
TCCGATGGTGCGACAT-1,Layer_3,3
TCCGATTACATTGCCG-1,Layer_3,3
TCCGCCTGTCTACAAG-1,Layer_6,1
TCCGCGGCAGCATCTG-1,Layer_3,3
TCCGCGGCCCAATGAA-1,Layer_5,5
TCCGCTGTCATCCCGG-1,Layer_5,3
TCCGCTTATCCCATTA-1,Layer_5,5
TCCGGCCTAGCGTACA-1,Layer_3,2
TCCGGTTCGTCCGGTC-1,Layer_6,1
TCCGTAACCACAATCC-1,Layer_3,3
TCCGTTAAGCTAATAT-1,Layer_5,5
TCCGTTTAGCCTTGAA-1,Layer_3,2
TCCTAAATTGGGAAGC-1,Layer_6,1
TCCTAACCGTCGGGCA-1,WM,1
TCCTACATCCACGGCC-1,Layer_4,3
TCCTAGCAAAGAAGCT-1,Layer_5,3
TCCTATCATAGGTAAC-1,Layer_3,2
TCCTCCTAAGACATTC-1,Layer_5,5
TCCTCGGGCTGGGCTT-1,Layer_3,3
TCCTCTACGAGATGGC-1,Layer_3,3
TCCTCTCCAGTTGTCC-1,Layer_3,3
TCCTCTGGCCCATTAG-1,Layer_3,2
TCCTGCCAACTGGAGA-1,Layer_3,2
TCCTGCGTTGATACTC-1,Layer_4,3
TCCTTACGACGGTCCG-1,Layer_4,3
TCCTTCAGTGGTCGAA-1,Layer_3,3
TCCTTTAAATCCGCTT-1,Layer_5,5
TCCTTTCTTACGCTTA-1,Layer_3,3
TCGAAATTTAGGACCA-1,Layer_3,3
TCGAAGAACCGAGCAC-1,Layer_3,3
TCGAATATCCCGCAGG-1,Layer_6,1
TCGACAACTGAACCCG-1,Layer_6,5
TCGAGACCAACACCGT-1,Layer_4,3
TCGAGCCAGGCAGGCC-1,Layer_6,1
TCGAGGGCAACAGACG-1,Layer_5,5
TCGATAGGCTAGTCGC-1,Layer_3,2
TCGCAAAGATGCATTT-1,Layer_5,5
TCGCACCAGGAGGCAG-1,Layer_5,5
TCGCATCCCTAAGTGT-1,Layer_3,3
TCGCATTCAATGACTT-1,Layer_3,2
TCGCCCACTGCGAGAG-1,Layer_3,3
TCGCCGAAGTTGCGTC-1,Layer_5,5
TCGCCGGATGGGCAAG-1,Layer_3,2
TCGCCGGTCGATCCGT-1,Layer_3,3
TCGCGTAGCAGTGTCC-1,Layer_5,5
TCGCGTCCAGAAGGTC-1,Layer_3,3
TCGCTAAACCGCTATC-1,Layer_3,2
TCGCTACTGGCTTTGA-1,WM,4
TCGCTCGATATATTCC-1,Layer_3,3
TCGCTCGGCACCAGCG-1,Layer_3,2
TCGCTGGGCGGATTGT-1,Layer_3,2
TCGCTGTGCGTAAATC-1,Layer_3,3
TCGCTTTAAACGTTTG-1,Layer_3,2
TCGGAATGACCATCAA-1,Layer_3,2
TCGGAATGCGCTCTGA-1,Layer_3,3
TCGGACGCCCAGCCCA-1,Layer_3,3
TCGGAGAGTATCGGGA-1,Layer_5,5
TCGGAGTACATGAGTA-1,Layer_3,3
TCGGCGAACCCAAACC-1,Layer_4,3
TCGGCGTACTGCACAA-1,Layer_5,5
TCGGCTTGTATCGACG-1,Layer_5,5
TCGGGAACGTGCCTAG-1,Layer_3,4
TCGGGAGACAGCGTAC-1,WM,1
TCGGGATTCAAACATA-1,Layer_3,3
TCGGGCCGTCGTGGTA-1,Layer_3,3
TCGGGTGAAACTGCTA-1,Layer_3,2
TCGGTCCCGACAATAG-1,Layer_6,1
TCGGTCCCTGACTCCA-1,Layer_3,2
TCGGTTAGCCATGTAG-1,Layer_3,1
TCGTAAGACGACATTG-1,Layer_3,2
TCGTAAGCTCCGAGGA-1,Layer_3,2
TCGTATAGTGCAATTA-1,Layer_3,2
TCGTATTACCCATTGC-1,Layer_3,3
TCGTATTTCGTCCGGA-1,Layer_3,2
TCGTCAAGTACGCGCA-1,Layer_6,1
TCGTCACACTGTTAGC-1,Layer_3,3
TCGTCCGCTGGCGTCT-1,Layer_3,3
TCGTCTTAGGCGTTAA-1,Layer_5,5
TCGTGTACTATGGATG-1,Layer_5,5
TCGTGTATTGGTCACG-1,Layer_4,3
TCGTGTCACGCTGACA-1,Layer_5,3
TCGTGTTCGACCACAA-1,Layer_5,5
TCGTTAGGAGTCCCTA-1,Layer_6,1
TCGTTCGTTATTATGT-1,Layer_3,2
TCGTTGACAGGGTCCC-1,Layer_3,4
TCGTTGCTATCCGGTC-1,Layer_6,1
TCGTTGGCTCGTCAAT-1,Layer_3,2
TCTAAAGAACAGTCTC-1,Layer_5,5
TCTAACTGTATGTAAA-1,Layer_3,3
TCTAATACTGCCTCAG-1,Layer_6,1
TCTACACGTTCATGCA-1,Layer_3,1
TCTACCCAATAGAGAG-1,Layer_5,5
TCTACCGTCCACAAGC-1,Layer_3,3
TCTAGCAATCTCCGCC-1,Layer_5,5
TCTAGCATCTTCGATG-1,Layer_3,3
TCTAGCATGCCCAGAA-1,Layer_5,5
TCTAGGTGGCGACGCT-1,Layer_3,2
TCTAGTGATATCGTGG-1,Layer_3,3
TCTAGTTATCAGAAGA-1,Layer_3,3
TCTATCATGCAGTTAC-1,Layer_3,3
TCTATCGGTCGCAACA-1,Layer_3,3
TCTATTACGCTGGCGA-1,Layer_3,3
TCTATTACTAGAGGAT-1,Layer_4,3
TCTCATGAGATAGGGT-1,Layer_5,5
TCTCCAACGTAGGTTA-1,Layer_3,2
TCTCCACAAGTTGAAT-1,Layer_6,1
TCTCCCTGGGCAGCGT-1,Layer_5,1
TCTCGAACGAGGTCAC-1,Layer_3,2
TCTCGACGTATCGCCG-1,Layer_3,3
TCTCGAGGAGGTTCGC-1,Layer_4,3
TCTCGGCTCCAGGACT-1,Layer_3,2
TCTCTAATAGCTGGTA-1,Layer_3,3
TCTCTCGCCGCACATA-1,Layer_5,5
TCTCTTACCGCGAACC-1,WM,4
TCTGAACCGGTCGGCT-1,Layer_3,3
TCTGAACTCGTACCCG-1,Layer_4,3
TCTGAAGCACGTGGTC-1,Layer_5,5
TCTGAATTCCGTACAA-1,Layer_3,2
TCTGACGGGCTAACCC-1,Layer_3,4
TCTGAGCAATTGACTG-1,Layer_4,5
TCTGATCGGGTGCTAG-1,Layer_3,4
TCTGATGTATTCTGTC-1,Layer_5,5
TCTGATTGGAAATGGA-1,Layer_3,4
TCTGCACCATTAGTAA-1,Layer_3,4
TCTGCAGATTCGAGTC-1,Layer_3,2
TCTGCATACCTTGCTT-1,Layer_5,1
TCTGCCAGAAACTGCA-1,Layer_3,3
TCTGCGAATCGTTCGC-1,Layer_3,4
TCTGCGTCCGGTTTCT-1,Layer_3,3
TCTGGAGCGTAAGAGT-1,Layer_3,2
TCTGGCCGTTCAAGTT-1,Layer_3,4
TCTGGGAACCTTTGAA-1,Layer_3,3
TCTGGGTAGCGCTCAT-1,Layer_5,3
TCTGTCATACAAGAGC-1,Layer_3,2
TCTGTGCCATCATAGT-1,Layer_3,3
TCTGTTACCCAGCATA-1,Layer_5,5
TCTTACAGAGGTACCG-1,Layer_3,3
TCTTACCGGAACTCGT-1,Layer_3,2
TCTTACGGCATCCGAC-1,Layer_3,3
TCTTACTTATGCCTCT-1,Layer_3,3
TCTTAGAGCTCCAATT-1,Layer_3,2
TCTTAGAGTGAACTCT-1,Layer_3,3
TCTTCCCATGGGCACA-1,Layer_3,2
TCTTCGAATAGACGTT-1,Layer_3,3
TCTTCGATACCAATAA-1,Layer_3,3
TCTTCGCGGTGAGAGG-1,Layer_5,5
TCTTCTATAACCCGCC-1,Layer_3,3
TCTTGATGCGTAGCGA-1,Layer_3,3
TCTTGCTCCCGATACT-1,WM,4
TCTTGGTAACACCAAA-1,Layer_3,3
TCTTTAAGACTATGAA-1,Layer_3,2
TCTTTAGAGTCTAACA-1,Layer_3,3
TCTTTAGCAGGCGAAC-1,Layer_3,4
TCTTTCCTTCGAGATA-1,Layer_5,5
TCTTTCTCTTAAGGAG-1,Layer_3,2
TGAAACTTATGCAAGC-1,Layer_3,2
TGAAAGGACCTGACTC-1,Layer_3,3
TGAACAAGCAGGGACT-1,WM,1
TGAAGAGCGGTCCTAG-1,Layer_3,2
TGAAGTAGCTTACGGA-1,Layer_3,2
TGAATGAGATACAGCA-1,Layer_3,4
TGAATGAGTGTTTCCC-1,WM,4
TGAATGTCAGCCGGCC-1,Layer_3,3
TGACAACGCATGTCGC-1,Layer_3,2
TGACACTTCTCTTTGC-1,Layer_3,2
TGACAGGACAAGTCCA-1,Layer_5,5
TGACATATATGACGAT-1,Layer_3,3
TGACATCGAGCGGACC-1,Layer_3,2
TGACCAAATCTTAAAC-1,WM,4
TGACCAGCTTCAAAGT-1,Layer_3,2
TGACCCACGTTAGACA-1,Layer_3,3
TGACCCAGCATTCCCG-1,Layer_3,1
TGACGAATATTTCCCT-1,Layer_5,3
TGACGATGCACTAGAA-1,Layer_3,2
TGACTATAATCCTTTC-1,Layer_5,5
TGACTCCGAATCATAC-1,Layer_6,1
TGAGAATGCTTTACCG-1,Layer_3,3
TGAGAGATTTACCACG-1,Layer_3,3
TGAGATCAAATACTCA-1,Layer_3,2
TGAGATTAGGCCCTAA-1,Layer_3,2
TGAGCCATACAGTCTC-1,Layer_5,5
TGAGCGGAAAGTGTTC-1,Layer_6,1
TGAGCTTTAATGACGC-1,Layer_3,2
TGAGGAGTGCCAGCTT-1,WM,1
TGAGGCATGTACTGTG-1,Layer_5,5
TGAGTAAATTAGCGTA-1,Layer_5,5
TGAGTGCCTCTTAAAT-1,Layer_5,5
TGAGTGGTCCGTGACG-1,Layer_3,2
TGAGTTAAAGACATTC-1,Layer_3,3
TGATACATTTAGCCGT-1,Layer_6,1
TGATAGCGGGATTCTA-1,Layer_3,3
TGATCAGGGAACTGCT-1,Layer_5,3
TGATCCCAGCATTAGT-1,Layer_3,4
TGATCGGTTTGACCCT-1,Layer_3,3
TGATCTACGCTGATCT-1,Layer_3,2
TGATCTCCGGCGCCAG-1,Layer_3,3
TGATGGCTGTTTCTGA-1,Layer_3,4
TGATGTCAATTAAGTG-1,Layer_5,5
TGATTCAGGTCCCGCG-1,Layer_5,3
TGATTCCCGGTTACCT-1,WM,4
TGATTCGTCTATCACT-1,Layer_3,3
TGATTCTGTCGCCGGT-1,Layer_5,5
TGATTTATTAGCTGTG-1,Layer_4,3
TGATTTCCTCCTGACG-1,Layer_3,3
TGCAACCCATCTGCGG-1,Layer_6,1
TGCAAGAATGACGTAA-1,Layer_3,3
TGCAATCTAACACGGT-1,Layer_6,1
TGCACGAGTCGGCAGC-1,Layer_3,2
TGCACTATGTGAGTGC-1,Layer_3,2
TGCAGAACTATATCGT-1,Layer_5,3
TGCAGAGTACCGAGCA-1,Layer_4,3
TGCAGATCGTCCTAGG-1,Layer_4,3
TGCAGCTACGTACTTC-1,Layer_4,3
TGCAGGATCGGCAAAG-1,Layer_3,2
TGCAGTTTCCTCCCAT-1,Layer_3,3
TGCATATGTCTGTCAC-1,Layer_3,3
TGCATGGATCGGATCT-1,Layer_3,3
TGCATGGCAGTCTTGC-1,Layer_3,1
TGCATGTGGTAATCTA-1,Layer_3,2
TGCCAAAGTCAGACTT-1,Layer_5,3
TGCCAATGGGTACTCT-1,Layer_6,1
TGCCACCTGGCGAAAC-1,Layer_3,2
TGCCAGTACGTGGAGA-1,Layer_5,5
TGCCATGGCTTATAAG-1,Layer_3,1
TGCCATTACTAAAGAA-1,Layer_3,2
TGCCCGTACCGTTAAA-1,Layer_4,3
TGCCGAAAGCGTATTC-1,Layer_3,4
TGCCGGATGTACGAGC-1,WM,1
TGCCGTGGATCGTCCT-1,Layer_6,1
TGCCTAATTGAAGATT-1,Layer_5,5
TGCCTGACATCGGTCA-1,Layer_3,3
TGCCTGATCAAACGAT-1,Layer_3,2
TGCCTTGGCCAGGCAA-1,Layer_5,5
TGCGAATATGGGATTT-1,Layer_5,3
TGCGACACCCTAGTGC-1,Layer_5,5
TGCGACGGCCGAACGT-1,WM,1
TGCGAGAATATTACCC-1,Layer_5,5
TGCGATGCTAATGGCT-1,Layer_3,3
TGCGCAAAGCATTTGG-1,Layer_3,3
TGCGCCGTTAATAACG-1,Layer_3,2
TGCGCGATTAACGGAG-1,Layer_3,3
TGCGGAGTAAAGGTGC-1,Layer_3,2
TGCGGCATAGTTCAAC-1,Layer_3,3
TGCGGTGAAATTTCAT-1,Layer_3,3
TGCGTAAGAACCTGAT-1,Layer_5,5
TGCGTCATGACTGAGC-1,Layer_5,5
TGCGTGATTGGGTGTC-1,Layer_3,2
TGCGTTTGTTGACACT-1,Layer_3,3
TGCTAAGTGTCTATTT-1,Layer_5,5
TGCTATACAAACGGAC-1,Layer_3,2
TGCTCCACAGTTCTTA-1,Layer_3,3
TGCTCGGCGAAACCCA-1,Layer_6,1
TGCTCGGTGGGTCACC-1,WM,4
TGCTCTGCCGGTTCAC-1,Layer_3,4
TGCTCTTGAGAGTTTG-1,WM,4
TGCTGGTTGGACAATT-1,Layer_3,3
TGCTGTTGAAGAACTC-1,Layer_3,3
TGCTTAGAGAGAATGC-1,Layer_6,1
TGCTTCCCAAGCAGTA-1,WM,4
TGCTTGAAACCATGCA-1,Layer_3,2
TGGAACCACTGACACA-1,Layer_3,2
TGGAAGAAGGGAACGT-1,Layer_4,3
TGGAAGACGAACACCA-1,Layer_3,3
TGGAAGGATAAAGATG-1,Layer_3,2
TGGAATATCCTTGACC-1,Layer_3,2
TGGAATTAGACGCTTT-1,Layer_3,3
TGGACACCGTTGCTTG-1,Layer_3,2
TGGACCAATCTAAGAT-1,Layer_6,1
TGGACGCAATCCAGCC-1,Layer_6,1
TGGACTGTTCGCTCAA-1,Layer_3,3
TGGAGCTAAAGTTCCC-1,Layer_3,2
TGGAGGGAAACACCTC-1,Layer_3,4
TGGAGTGATGCGATGA-1,Layer_3,3
TGGCAAACTAAATTAC-1,Layer_5,5
TGGCAACTCGCGCGCC-1,Layer_3,2
TGGCAAGCACAAGTCG-1,WM,4
TGGCAATGGGACGGCG-1,Layer_5,5
TGGCACGAGCTCGAGT-1,Layer_3,1
TGGCAGATTACGATCA-1,Layer_5,5
TGGCAGCAGTAATAGT-1,Layer_4,3
TGGCATGAAGTTTGGG-1,Layer_5,5
TGGCCAAACTGAAGTA-1,Layer_3,2
TGGCCAATTTGGTACT-1,Layer_5,5
TGGCCGTATATTGACC-1,Layer_3,3
TGGCGACTGCTCCAAA-1,Layer_6,1
TGGCGATCAAGTTATG-1,Layer_6,1
TGGCGGTGTGCGATTG-1,Layer_3,2
TGGCTATGTGACATAC-1,Layer_6,1
TGGCTCTTGTCGCGTA-1,Layer_4,3
TGGCTTTGGGTAGACA-1,Layer_3,3
TGGGAAATGCCTTTCC-1,Layer_3,3
TGGGATGCACTCATTC-1,Layer_3,2
TGGGCAATAGTTGGGT-1,Layer_3,3
TGGGCACAAACAGAAC-1,Layer_3,2
TGGGCACGTTCTATGG-1,Layer_3,2
TGGGCAGGCCACCGCA-1,Layer_4,3
TGGGCCACAAGAGCGC-1,Layer_3,2
TGGGCCCATACTAATT-1,Layer_4,3
TGGGTAAGGTTCCCGC-1,Layer_3,2
TGGTAAGCAGGATTGA-1,Layer_3,3
TGGTAGAATATATGGG-1,Layer_4,3
TGGTATCGCATCCCAA-1,Layer_3,2
TGGTATCGGTCTGTAT-1,Layer_3,2
TGGTCCCACGCTACGG-1,Layer_5,5
TGGTCGTTTGATAGAT-1,Layer_3,1
TGGTCTAGCTTACATG-1,Layer_3,2
TGGTCTGTTGGGCGTA-1,Layer_4,3
TGGTGATCGTATTTGT-1,Layer_3,3
TGGTTAACTTACATTT-1,Layer_6,5
TGGTTAAGGGCGCTGG-1,Layer_3,4
TGGTTATGCTTGCGGT-1,Layer_3,1
TGGTTCAACGGGTAAT-1,Layer_5,5
TGGTTCGTAGCAAAGG-1,Layer_3,3
TGGTTGGAGGATCCTG-1,Layer_3,2
TGGTTTAAACGTGGGT-1,Layer_3,2
TGTAATGACCACAATA-1,Layer_3,3
TGTAATGCCTTCGGAC-1,Layer_3,1
TGTACCTACACGAGGG-1,Layer_5,1
TGTACGAACAAATCCG-1,Layer_4,3
TGTACTACTCTCACGG-1,Layer_3,4
TGTACTGTGCCAAAGT-1,Layer_3,2
TGTAGGAGAAATTTCC-1,Layer_3,3
TGTAGTGATCTATAAT-1,Layer_3,3
TGTATAACAGATCCTG-1,Layer_3,2
TGTATACGGATGATGA-1,Layer_3,4
TGTATCCTTATTCCAT-1,Layer_3,2
TGTATGGCGCAGACAG-1,Layer_3,3
TGTCATTTGTTGGGAA-1,Layer_3,2
TGTCCCGACATAGCAC-1,Layer_3,2
TGTCCGTGGCGCCTTT-1,Layer_3,3
TGTCCTAAGTCACCGC-1,Layer_3,3
TGTCGGCATGGTGGAA-1,Layer_3,2
TGTCGTTATCACATAT-1,Layer_6,5
TGTCTACAGTTTCTGT-1,Layer_3,2
TGTGACTACGCCAGTC-1,Layer_3,2
TGTGAGACTAGCCCAA-1,WM,1
TGTGCCGGTGCCGGAA-1,Layer_5,5
TGTGCTTTACGTAAGA-1,Layer_3,3
TGTGGCAAAGCGTATG-1,Layer_3,2
TGTGGCGGGCTTCTGG-1,WM,4
TGTGGCTCCCACCAAC-1,Layer_3,2
TGTGGTTGCTAAAGCT-1,WM,4
TGTGTAGTAGCACGTG-1,Layer_5,5
TGTGTCGCGAGTTGCA-1,Layer_3,3
TGTGTTCGTATCCAAG-1,Layer_3,3
TGTTATTGTATGTGGC-1,Layer_3,3
TGTTCATAAATGTGCT-1,Layer_3,3
TGTTCCGCTTCCATGA-1,Layer_3,3
TGTTCGTATTGCGGTG-1,Layer_5,5
TGTTCTTCCATTGACT-1,Layer_3,3
TGTTGCCGTCGTCCCA-1,Layer_3,2
TGTTGTCAAGAAGTCT-1,Layer_3,2
TGTTTAATACTTCATC-1,Layer_3,2
TGTTTCGGTACTTCTC-1,Layer_3,3
TGTTTGAGATCGTCAG-1,Layer_3,3
TTAAACAGAGTCCCGC-1,Layer_3,2
TTAAACCGGTAGCGAC-1,Layer_3,2
TTAAACCTGGTTCCTT-1,Layer_3,3
TTAAACTCGAATTCAT-1,Layer_3,2
TTAACACCTCGAACAT-1,Layer_3,3
TTAACCAACCCTCCCT-1,Layer_3,3
TTAACGAACAAGCAGT-1,Layer_3,2
TTAACGTCGCAAGACC-1,Layer_3,2
TTAACGTTAAAGCCTG-1,Layer_3,3
TTAACTCACGCGTGGA-1,Layer_3,3
TTAACTTCAGGTAGGA-1,Layer_5,5
TTAAGACGAACGAACC-1,Layer_3,2
TTAAGATAGGATTGAC-1,Layer_3,3
TTAAGCCGACAACTTC-1,Layer_3,2
TTAAGCGCCTGACCCA-1,Layer_3,3
TTAAGGATACGGAGGT-1,Layer_3,2
TTAAGGCCCGTACTTT-1,Layer_6,1
TTAAGTATTGTTATCC-1,Layer_6,1
TTAATCAGTACGTCAG-1,Layer_3,2
TTAATGCGAGGTAACT-1,Layer_3,3
TTAATGTAGACCAGGT-1,Layer_3,3
TTAATTGCTTTGGGTG-1,WM,1
TTAATTTCAGACGCGG-1,Layer_3,3
TTACAACTACGCATCC-1,Layer_3,3
TTACAGACCTAAATGA-1,Layer_3,2
TTACATCGTGGCCTGG-1,Layer_3,3
TTACATGCCACAACTA-1,Layer_3,3
TTACCATTGATTACCC-1,Layer_3,3
TTACCCATTGCCGGGT-1,Layer_3,2
TTACCCTAACAGTCCT-1,Layer_3,3
TTACCCTAGGGATTGG-1,WM,1
TTACCGCCTTAGGGAA-1,Layer_3,2
TTACGGATGGTTCGAG-1,Layer_3,2
TTACGTAGCGCGTGCT-1,Layer_3,1
TTACTAAAGGACTTTA-1,Layer_5,5
TTACTATCGGCTTCTC-1,Layer_3,3
TTACTCCGGCCGGGAA-1,Layer_3,3
TTACTCTGGTACGTAC-1,Layer_5,5
TTACTGGGATATTTCA-1,Layer_5,5
TTACTGTCTAGAGCTC-1,Layer_3,2
TTACTGTTTCTCTACG-1,Layer_3,3
TTAGAAGAACATGACT-1,Layer_6,1
TTAGAATAAGGGTCGG-1,WM,1
TTAGACACGATCGTTG-1,Layer_3,2
TTAGACGAGTCACCTC-1,Layer_5,5
TTAGAGTTTAGAAGGA-1,Layer_4,3
TTAGATAGGTCGATAC-1,Layer_3,2
TTAGCAACATGGATGT-1,Layer_3,3
TTAGCTAATACGATCT-1,Layer_3,2
TTAGCTCTGTAATCCG-1,Layer_3,3
TTAGCTGATTTGCCGT-1,Layer_3,2
TTAGGTCATAACCGAC-1,WM,1
TTAGTAAACCTGCTCT-1,Layer_6,1
TTAGTAGGGCGGCGGG-1,Layer_3,3
TTAGTTATTCGTGGCA-1,Layer_4,3
TTAGTTCAAGTGTTCG-1,Layer_3,2
TTATAGATGCACATTA-1,Layer_3,2
TTATAGGTAATTGTCT-1,WM,1
TTATATACGCTGTCAC-1,Layer_3,3
TTATATTTGGCAATCC-1,Layer_3,3
TTATCCAATCGAACTC-1,Layer_3,2
TTATCCGGGATCTATA-1,Layer_5,5
TTATCCTCAAGGAATA-1,Layer_5,5
TTATCGCCTGCGAAGC-1,Layer_3,3
TTATCTGACATTAGGA-1,Layer_4,3
TTATCTGTATCATAAC-1,Layer_3,3
TTATGAATGAAAGGGA-1,Layer_4,3
TTATGACAAACTGGAT-1,Layer_3,3
TTATGATCTTAACGAA-1,Layer_3,3
TTATGCGTCCCGGTCC-1,Layer_3,2
TTATGTTTGCGATAGA-1,Layer_3,3
TTATTAGAGCGTGTTC-1,Layer_5,5
TTATTAGGGAAGCATC-1,Layer_3,3
TTATTATCTGGAAGGC-1,Layer_4,3
TTCAAAGTCTCTAGCC-1,Layer_3,3
TTCAACGACCCGACCG-1,Layer_3,3
TTCAAGCCGAGCTGAG-1,Layer_3,2
TTCAATACTCTGAATC-1,Layer_3,3
TTCAATTAGCCATAAT-1,Layer_3,2
TTCACGAAAGGATCAC-1,Layer_4,3
TTCACTCGAGCACCTA-1,Layer_6,1
TTCAGCCCTGGTCCAC-1,Layer_4,3
TTCAGCTGGCGTGCCC-1,Layer_5,5
TTCAGGCGTCAAAGCC-1,Layer_3,3
TTCAGTTTGTGGCAGC-1,Layer_3,4
TTCATGGCGCAACAGG-1,Layer_3,2
TTCCAATCAGAGCTAG-1,Layer_3,2
TTCCAATCTGGCTATC-1,Layer_5,5
TTCCACACAGATTTGA-1,Layer_5,1
TTCCAGACGAGATTTA-1,Layer_3,2
TTCCATCATGCGGTGA-1,Layer_3,2
TTCCATCGACAGCGTG-1,Layer_5,5
TTCCCGACGCTTCACT-1,Layer_3,1
TTCCCGGCGCCAATAG-1,Layer_5,3
TTCCGCAGAGAAATAT-1,Layer_3,2
TTCCGCGTGAGGCGAT-1,Layer_5,5
TTCCGGCCTTGAGGCT-1,Layer_6,1
TTCCGGTATCTGTGTC-1,Layer_3,2
TTCCGGTTACCCACTT-1,Layer_4,3
TTCCTCGAGGGTGTCT-1,Layer_3,3
TTCCTCGGACTAACCA-1,Layer_5,5
TTCCTCTGCCCGAATA-1,Layer_3,3
TTCCTTTCTGTGTTGC-1,Layer_3,2
TTCGACAGAGCCCGTG-1,Layer_5,1
TTCGACGGGAAGGGCG-1,Layer_3,3
TTCGCACTCGCGTGCT-1,Layer_3,3
TTCGCACTGTACGACA-1,WM,4
TTCGCATCCGGAAGCA-1,Layer_3,2
TTCGCCGCTCGCGCTA-1,Layer_5,5
TTCGCGCGCCATACGA-1,WM,1
TTCGCTAGGAAGTTGT-1,Layer_3,2
TTCGCTATCTGACGTG-1,Layer_3,2
TTCGGACTGATGCCTT-1,Layer_3,2
TTCGGACTGGGCATGG-1,,1
TTCGGCAACCCGCTGA-1,Layer_3,2
TTCGGCTAGAGATGGT-1,Layer_3,3
TTCGGGACTAATCGCG-1,Layer_3,3
TTCGGGCGCTAGTCTT-1,Layer_6,1
TTCGGTGGAGACGCCC-1,Layer_3,2
TTCGTAATCCCAGCGG-1,Layer_3,2
TTCGTACTCCAGAACG-1,Layer_3,3
TTCGTTCAACGAAGTT-1,Layer_3,2
TTCTAACCGAAGCTTA-1,Layer_3,2
TTCTACCTCAATCGGT-1,,1
TTCTACCTTTATGTTG-1,Layer_3,2
TTCTACTTGCGAGGGC-1,Layer_3,3
TTCTAGAAAGTCTTAT-1,WM,1
TTCTAGGCCAATTGTG-1,Layer_3,3
TTCTATGCCTTTCGCA-1,Layer_3,4
TTCTGACCGGGCTCAA-1,Layer_5,5
TTCTGCCGCGCCTAGA-1,Layer_5,5
TTCTGCGAGCGCCCTT-1,Layer_3,3
TTCTGCGGGTTAGCGG-1,Layer_3,3
TTCTGCTAGACTCCAA-1,Layer_3,4
TTCTGTTTCCTGTCGC-1,Layer_3,3
TTCTTAGTGAACGGTG-1,Layer_3,3
TTCTTAGTGGCTCAGA-1,Layer_3,3
TTCTTATCCGCTGGGT-1,Layer_4,3
TTCTTCCCTTTGATAT-1,Layer_3,3
TTCTTGAGCCGCGCTA-1,Layer_5,5
TTCTTGCTAGCATCTC-1,Layer_3,2
TTCTTGGACGATCTGC-1,Layer_5,1
TTCTTGGAGTAATGAG-1,Layer_3,2
TTCTTGTAACCTAATG-1,Layer_3,3
TTCTTGTGTCCATCAG-1,Layer_3,3
TTCTTTGGTCGCGACG-1,Layer_3,2
TTGAACGAATCCTTTG-1,Layer_3,3
TTGAACGACGTGCTGA-1,Layer_6,1
TTGAAGAATTCCCAGG-1,Layer_3,3
TTGAAGGATGGGCGCC-1,Layer_6,5
TTGAATATGGACTTTC-1,Layer_3,3
TTGAATCGTTGTATAA-1,Layer_5,5
TTGAATTCACGTGAGG-1,Layer_3,2
TTGACAGGAGCTCCCG-1,Layer_3,3
TTGACATGAACGTGGA-1,Layer_5,5
TTGACCAGGAACAACT-1,WM,1
TTGACCATGTTCTCCG-1,Layer_3,2
TTGACCGTGTTAATGA-1,Layer_5,5
TTGACGATTCAGCACG-1,Layer_3,2
TTGACGCTCCATGAGC-1,Layer_3,3
TTGACTACCATATGGT-1,Layer_5,5
TTGACTATTGTCCGGC-1,Layer_3,3
TTGAGAAGTTTAGCAT-1,Layer_5,5
TTGAGAGTACTGCTAA-1,Layer_5,5
TTGAGCAGCCCACGGT-1,Layer_3,2
TTGAGCGCCACGTGAT-1,Layer_3,2
TTGAGGCATTTAACTC-1,Layer_3,2
TTGAGTCCCGCTGCTG-1,Layer_3,2
TTGATAGTCAATACAT-1,Layer_3,4
TTGATCTAACTTTGTC-1,Layer_3,3
TTGATGTGTAGTCCCG-1,Layer_3,2
TTGATTAGCTGTTTCT-1,Layer_5,5
TTGATTATGCAGATGA-1,Layer_3,3
TTGCACAATTCAGAAA-1,Layer_5,5
TTGCACGGAGCAGCAC-1,Layer_3,3
TTGCATGCTGATCACG-1,Layer_5,3
TTGCCAAGCAGAACCC-1,Layer_3,3
TTGCCATAGCCCGCTC-1,Layer_5,5
TTGCCCTGATCACGGG-1,Layer_4,3
TTGCCGCAGACCTACA-1,Layer_6,1
TTGCCGCTTTCTAGTA-1,WM,1
TTGCCGGTGATCCCTC-1,Layer_3,2
TTGCGCTCTCTCGCTT-1,Layer_3,2
TTGCGGCATCAGAAAG-1,Layer_6,1
TTGCGGCGACTCATGC-1,Layer_3,3
TTGCGTAGTTTGAGGA-1,Layer_3,3
TTGCGTCGGCCAACCG-1,Layer_5,5
TTGCGTGAACGCTTAG-1,Layer_3,2
TTGCTCCCATACCGGA-1,Layer_3,2
TTGCTGAAGGAACCAC-1,Layer_3,3
TTGCTGATCATGTTCG-1,Layer_3,3
TTGCTGCACCTATCCA-1,Layer_3,3
TTGCTGGCCGGGCTTC-1,Layer_3,2
TTGGAAGAATACAGTC-1,Layer_5,5
TTGGACATGTGGCTTA-1,Layer_5,3
TTGGACCATCTGGCAA-1,Layer_4,3
TTGGACCTATAACAGT-1,Layer_5,1
TTGGAGTCTCCCTTCT-1,Layer_3,2
TTGGATATCGTCTACG-1,Layer_5,5
TTGGATCGACTTCTGG-1,Layer_3,2
TTGGATTGGGTACCAC-1,Layer_3,3
TTGGCCATCTTGCGCT-1,Layer_3,3
TTGGCCTAGAATTTCG-1,Layer_3,2
TTGGCGATCCGAATAT-1,Layer_3,4
TTGGCTCGCATGAGAC-1,Layer_3,3
TTGGGACACTGCCCGC-1,Layer_3,3
TTGGGACGTAAGAGTT-1,Layer_4,3
TTGGGCGGCGGTTGCC-1,Layer_3,3
TTGGGTTTATTCAGCG-1,Layer_3,4
TTGGTATGGCTTGTGT-1,Layer_3,4
TTGGTCACACTCGTAA-1,Layer_5,5
TTGGTTCGCTCAAAGG-1,Layer_3,2
TTGGTTGCGGTGCGCG-1,Layer_5,5
TTGTAAGGACCTAAGT-1,Layer_5,5
TTGTAAGGCCAGTTGG-1,Layer_3,2
TTGTAATCCGTACTCG-1,Layer_3,3
TTGTATCACACAGAAT-1,Layer_3,2
TTGTCGTTCAGTTACC-1,Layer_3,3
TTGTGAACCTAATCCG-1,Layer_5,5
TTGTGAGGCATGACGC-1,Layer_4,3
TTGTGCAGCCACGTCA-1,WM,1
TTGTGGCCCTGACAGT-1,Layer_3,3
TTGTGGTAGGAGGGAT-1,Layer_5,5
TTGTGGTATAGGTATG-1,Layer_3,4
TTGTGGTGGTACTAAG-1,Layer_6,1
TTGTGTATGCCACCAA-1,Layer_6,1
TTGTGTTTCCCGAAAG-1,Layer_6,1
TTGTTAGCAAATTCGA-1,Layer_3,3
TTGTTCAGTGTGCTAC-1,Layer_3,3
TTGTTGTGTGTCAAGA-1,Layer_3,3
TTGTTTCACATCCAGG-1,WM,1
TTGTTTCATTAGTCTA-1,Layer_6,1
TTGTTTCCATACAACT-1,Layer_5,5
TTGTTTGTGTAAATTC-1,Layer_3,2
