,ground_truth,domain
AAACAAGTATCTCCCA-1,Layer_3,4
AAACAATCTACTAGCA-1,Layer_1,6
AAACACCAATAACTGC-1,WM,3
AAACAGAGCGACTCCT-1,Layer_3,4
AAACAGCTTTCAGAAG-1,Layer_5,5
AAACAGGGTCTATATT-1,Layer_6,5
AAACAGTGTTCCTGGG-1,WM,3
AAACATTTCCCGGATT-1,Layer_3,4
AAACCCGAACGAAATC-1,Layer_2,1
AAACCGGGTAGGTACC-1,Layer_6,5
AAACCGTTCGTCCAGG-1,WM,3
AAACCTAAGCAGCCGG-1,Layer_4,7
AAACCTCATGAAGTTG-1,Layer_5,2
AAACGAAGAACATACC-1,Layer_3,4
AAACGAGACGGTTGAT-1,Layer_5,5
AAACGGGCGTACGGGT-1,Layer_3,7
AAACGGTTGCGAACTG-1,Layer_6,5
AAACTCGGTTCGCAAT-1,Layer_5,2
AAACTCGTGATATAAG-1,Layer_2,1
AAACTGCTGGCTCCAA-1,Layer_6,5
AAACTTAATTGCACGC-1,WM,3
AAACTTGCAAACGTAT-1,Layer_6,5
AAAGACATGAAGTTTA-1,Layer_2,1
AAAGACCCAAGTCGCG-1,Layer_3,4
AAAGACTGGGCGCTTT-1,Layer_3,7
AAAGGCCCTATAATAC-1,WM,3
AAAGGCTACGGACCAT-1,Layer_6,5
AAAGGCTCTCGCGCCG-1,Layer_6,5
AAAGGGATGTAGCAAG-1,Layer_5,5
AAAGGGCAGCTTGAAT-1,Layer_3,7
AAAGGTAAGCTGTACC-1,Layer_1,1
AAAGTAGCATTGCTCA-1,WM,3
AAAGTCACTGATGTAA-1,Layer_3,4
AAAGTCGACCCTCAGT-1,Layer_5,2
AAAGTGTGATTTATCT-1,Layer_4,7
AAAGTTGACTCCCGTA-1,Layer_4,7
AAATAACCATACGGGA-1,Layer_3,7
AAATAAGGTAGTGCCC-1,Layer_2,1
AAATACCTATAAGCAT-1,Layer_6,5
AAATAGCTTAGACTTT-1,Layer_3,4
AAATAGGGTGCTATTG-1,Layer_5,2
AAATCCGATACACGCC-1,Layer_3,7
AAATCGTGTACCACAA-1,Layer_6,5
AAATCTAGCCCTGCTA-1,Layer_3,4
AAATGATTCGATCAGC-1,Layer_2,1
AAATGCTCGTTACGTT-1,Layer_3,4
AAATGGCATGTCTTGT-1,Layer_3,7
AAATGGCCCGTGCCCT-1,Layer_6,3
AAATGGTCAATGTGCC-1,Layer_6,5
AAATGTGGGTGCTCCT-1,Layer_1,6
AAATTAACGGGTAGCT-1,Layer_6,5
AAATTACACGACTCTG-1,Layer_3,7
AAATTACCTATCGATG-1,Layer_4,7
AAATTGATAGTCCTTT-1,WM,3
AAATTGCGGCGGTTCT-1,Layer_1,6
AAATTTACCGAAATCC-1,Layer_3,4
AAATTTGCGGGTGTGG-1,WM,3
AACAACTGGTAGTTGC-1,Layer_5,2
AACAATACATTGTCGA-1,WM,3
AACAATTACTCTACGC-1,Layer_4,7
AACACACGCTCGCCGC-1,Layer_4,7
AACACGACTGTACTGA-1,Layer_3,4
AACACGAGACGCGGCC-1,Layer_6,5
AACACGCGGCCGCGAA-1,Layer_1,6
AACAGCTGTGTGGCAA-1,WM,3
AACAGGAAATCGAATA-1,Layer_3,7
AACAGGATGGGCCGCG-1,Layer_5,2
AACAGGTAGTATGGAT-1,Layer_2,1
AACATATCAACTGGTG-1,Layer_3,7
AACATCGATACGTCTA-1,Layer_2,1
AACATTGAAGTTGATC-1,WM,3
AACATTGGTCAGCCGT-1,Layer_1,6
AACATTGTGACTCGAG-1,Layer_6,5
AACCAAGACTTCTCTG-1,Layer_5,2
AACCAGTATCACTCTT-1,Layer_3,4
AACCATAGGGTTGAAC-1,WM,3
AACCATGGGATCGCTA-1,Layer_2,1
AACCCAGAGACGGAGA-1,Layer_3,4
AACCCATCCCATGATC-1,WM,3
AACCCGACAACCCGTG-1,WM,3
AACCCGAGCAGAATCG-1,Layer_2,1
AACCCTACTGTCAATA-1,Layer_4,7
AACCCTGGTGGAACCA-1,Layer_3,4
AACCGAGCTTGGTCAT-1,Layer_5,2
AACCGCTAAGGGATGC-1,Layer_4,7
AACCGTTGTGTTTGCT-1,Layer_3,7
AACCTAAAGCCGTCCG-1,Layer_2,1
AACCTCGCTTTAGCCC-1,Layer_4,2
AACCTTTAAATACGGT-1,Layer_6,5
AACCTTTACGACGTCT-1,Layer_3,7
AACGAAAGTCGTCCCA-1,WM,3
AACGATAATGCCGTAG-1,Layer_6,5
AACGATAGAAGGGCCG-1,Layer_3,7
AACGATATGTCAACTG-1,Layer_5,2
AACGCATGATCTGGGT-1,Layer_3,4
AACGCGACCTTGGGCG-1,Layer_6,5
AACGCGGTCTCCAGCC-1,Layer_5,2
AACGCTGTTGCTGAAA-1,Layer_3,7
AACGGACGTACGTATA-1,Layer_4,7
AACGGCCATCTCCGGT-1,WM,3
AACGTACTGTGGGTAC-1,WM,3
AACGTAGTCTACCCAT-1,Layer_1,6
AACGTCAGACTAGTGG-1,Layer_5,2
AACGTGATGAAGGACA-1,Layer_3,4
AACGTGCGAAAGTCTC-1,Layer_6,5
AACTACCCGTTTGTCA-1,Layer_3,1
AACTAGCGTATCGCAC-1,Layer_1,6
AACTAGGCTTGGGTGT-1,Layer_6,5
AACTCAAGTTAATTGC-1,Layer_6,5
AACTCCAGAGCGTGTT-1,Layer_3,7
AACTCCTAATCCCATG-1,Layer_3,4
AACTCGATAAACACGT-1,Layer_1,6
AACTCGATGGCGCAGT-1,Layer_1,6
AACTCTCAATAGAGCG-1,Layer_4,7
AACTCTCAGTGTGCTC-1,WM,3
AACTGATATTAGGCCT-1,Layer_4,2
AACTGGGTCCCGACGT-1,Layer_5,2
AACTGGGTTCGAGCCG-1,Layer_3,1
AACTGGTGTGGGCCTT-1,Layer_2,1
AACTTCTGCGTCTATC-1,Layer_3,4
AACTTGCCCGTATGCA-1,Layer_5,2
AACTTGCGTTCTCGCG-1,Layer_2,6
AACTTTAGCTGCTGAG-1,Layer_1,6
AAGAAGGATCAGTTAG-1,Layer_2,6
AAGACATACGTGGTTT-1,,6
AAGACCAAATAACTCA-1,WM,3
AAGACCCAACTGAACA-1,Layer_6,5
AAGACTAACCCGTTGT-1,Layer_1,6
AAGACTCACGCCCACT-1,Layer_2,1
AAGACTGCAAGCTACT-1,Layer_6,5
AAGAGATGAATCGGTA-1,Layer_4,7
AAGAGCTCTTTATCGG-1,Layer_6,5
AAGAGGATGTACGCGA-1,Layer_6,5
AAGAGGCATGGATCGC-1,Layer_5,2
AAGAGGCCCTTTGGAA-1,Layer_3,1
AAGATGGCACCGGACC-1,WM,3
AAGATTGGCGGAACGT-1,Layer_4,2
AAGCACCCTGCGTATC-1,Layer_5,2
AAGCATACTCTCCTGA-1,Layer_6,5
AAGCCGAAGCGGTTTA-1,Layer_3,4
AAGCCGCCGTGAAATC-1,WM,3
AAGCGCAGGGCTTTGA-1,Layer_5,2
AAGCGGCGTCATGGGT-1,Layer_3,1
AAGCGTCCCTCATCGA-1,WM,3
AAGCTAGATCGAGTAA-1,Layer_6,5
AAGCTCGTGCCAAGTC-1,Layer_6,5
AAGCTCTTTCATGGTG-1,Layer_5,2
AAGGAGAACTTATAAG-1,Layer_1,6
AAGGAGCGGTTGGTGC-1,Layer_5,5
AAGGATCGATCGCTTG-1,Layer_3,4
AAGGATGAGGGACCTC-1,Layer_5,2
AAGGCAGGCTGTCTCC-1,Layer_2,1
AAGGCGCGTAAAGCTT-1,Layer_4,2
AAGGCTGTGCTCATCG-1,Layer_5,5
AAGGGAACGACTGGCT-1,WM,3
AAGGGACAGATTCTGT-1,Layer_4,2
AAGGGACTATGCATTC-1,WM,3
AAGGTATCCTAATATA-1,Layer_5,2
AAGGTGATAAACCAGC-1,Layer_5,7
AAGTAAGCTTCCAAAC-1,Layer_1,6
AAGTAGAAGACCGGGT-1,Layer_4,7
AAGTAGTGACGCGAGG-1,Layer_5,2
AAGTCAATTGTCGTCA-1,Layer_3,4
AAGTGACGACCGAATT-1,Layer_6,5
AAGTGAGTCGGGTTTA-1,WM,3
AAGTGCAAAGGTAGAC-1,Layer_3,7
AAGTGCCTTGACTGTA-1,Layer_3,4
AAGTGCGTTAGAATCT-1,WM,3
AAGTGCTTCTCTATTG-1,WM,3
AAGTGTTTGGAGACGG-1,Layer_5,2
AAGTTCACTCCAAGCT-1,Layer_4,7
AAGTTCAGTCTGCGTA-1,Layer_3,4
AAGTTCGGCCAACAGG-1,WM,3
AAGTTGTGATGTTATA-1,,6
AAGTTTACTAATGGCA-1,Layer_2,1
AAGTTTATGGGCCCAA-1,Layer_5,2
AATAACAACGCTCGGC-1,Layer_5,5
AATAACACTAGAACAA-1,WM,3
AATAAGTCCTCGAGAC-1,Layer_3,4
AATACAATGTTTCAGG-1,Layer_3,4
AATACCGGAGGGCTGT-1,WM,3
AATACCTGATGTGAAC-1,,6
AATAGAACAGAGTGGC-1,WM,3
AATAGAATCTGTTTCA-1,Layer_5,2
AATAGCTACCGCGTGC-1,Layer_2,1
AATAGTCCGTCCCGAC-1,Layer_6,5
AATATCAAGGTCGGAT-1,Layer_1,1
AATATCGAATCAATGC-1,Layer_3,1
AATATCGAGGGTTCTC-1,Layer_3,4
AATATTGGAGTATTGA-1,Layer_5,2
AATCAGACTGCAGGAC-1,Layer_1,6
AATCATGTAAAGACTC-1,Layer_3,7
AATCCAAGGGCCTGAG-1,Layer_3,4
AATCCATGCAAGGGTG-1,Layer_1,6
AATCGCCTCAGCGCCA-1,Layer_5,2
AATCGCGCAGAGGACT-1,Layer_2,1
AATCGGGACACTACGA-1,Layer_3,4
AATCGGTATAGCCCTC-1,,6
AATCGTGAGCCGAGCA-1,Layer_3,7
AATCTAGGTTTACTTG-1,WM,3
AATCTATGCCGGAGCC-1,Layer_3,1
AATCTCTACTGTGGTT-1,Layer_5,2
AATCTGCGTTGGGACG-1,Layer_4,2
AATCTGGCTTTCTAGT-1,WM,3
AATCTGGGTAGACCCT-1,Layer_3,1
AATGACAGCAATGTCT-1,WM,3
AATGACGTAGGATGTC-1,Layer_5,5
AATGACTGTCAGCCGG-1,Layer_5,2
AATGAGTTCGCATATG-1,Layer_2,1
AATGATGATACGCTAT-1,Layer_4,7
AATGATGCGACTCCTG-1,Layer_3,4
AATGCAACCGGGTACC-1,Layer_5,5
AATGCACCAAGCAATG-1,Layer_3,7
AATGGTCCACCGTTCA-1,Layer_3,7
AATGGTTCTCACAAGC-1,Layer_3,7
AATGTATGGCACTGTA-1,WM,3
AATGTGCCCGAGGTGT-1,WM,3
AATGTGCTAATCTGAG-1,WM,3
AATTAAAGGTCGGCGT-1,Layer_6,5
AATTAACGGATTTCCA-1,Layer_6,5
AATTACGAGACCCATC-1,WM,3
AATTACTCGTACGCTC-1,Layer_1,6
AATTAGCGCTGCAGCG-1,Layer_6,5
AATTCATAAGGGATCT-1,Layer_4,7
AATTCATTGTCATGCA-1,WM,3
AATTCCAAGCATGTAC-1,Layer_6,5
AATTCGATTCGAGGAT-1,Layer_5,2
AATTCTAGAGTTAGGC-1,Layer_6,5
AATTGAACGCTCTGGT-1,Layer_5,2
AATTGCAGCAATCGAC-1,Layer_3,4
AATTGCGTGGATTACA-1,WM,3
AATTTGGGACATAGTA-1,Layer_3,4
AATTTGGTTCCAAAGA-1,Layer_3,7
ACAAACCATGCGTCCT-1,WM,3
ACAAACCGACAAGGCG-1,Layer_2,1
ACAAAGCATGACCTAG-1,Layer_3,4
ACAAATCGCACCGAAT-1,Layer_5,2
ACAAATGGTAGTGTTT-1,Layer_5,2
ACAAATTCAGATCTGA-1,Layer_1,1
ACAACAGCATGAGCTA-1,Layer_6,5
ACAACGGTCCCTGCGA-1,Layer_3,7
ACAAGCAGTGCCTAGC-1,Layer_5,2
ACAAGGAAATCCGCCC-1,Layer_5,5
ACAAGGACAAGAGGTT-1,Layer_5,2
ACAAGGATGCTTTAGG-1,Layer_3,7
ACAAGGGCAGGCTCTG-1,Layer_6,5
ACAATAGTCGTACGTT-1,Layer_6,5
ACAATCCATTTAAACC-1,Layer_5,5
ACAATCGATCTTTATA-1,Layer_1,1
ACAATGAATACGGAGA-1,WM,3
ACAATTGTGTCTCTTT-1,Layer_3,7
ACAATTTGAGCAGTGG-1,Layer_5,2
ACACAAAGACGGGTGG-1,Layer_5,5
ACACACCAGGACCAGT-1,Layer_5,2
ACACACTTTCTACACG-1,Layer_3,7
ACACATGATCAAATCT-1,WM,3
ACACATTGACGCAACA-1,Layer_1,6
ACACCCAGCATGCAGC-1,Layer_5,2
ACACCCGAGAAATCCG-1,Layer_3,7
ACACCGGTCTGACCGC-1,WM,3
ACACCTTAAGTAGGGC-1,Layer_5,2
ACACCTTACTACTTGC-1,Layer_3,1
ACACGAGACTCCTTCT-1,Layer_6,5
ACACGGCACTATGCAT-1,Layer_3,4
ACACGGGAACTTAGGG-1,Layer_6,5
ACACGTAGGCCACAAG-1,Layer_3,1
ACACTCCAATGTCACT-1,Layer_2,4
ACACTGATCAAGGTGT-1,WM,3
ACACTGGGACAGTCGT-1,Layer_2,1
ACAGAACTGAGAACAA-1,WM,3
ACAGATTAGGTTAGTG-1,Layer_3,4
ACAGCATAGAGCCAGT-1,Layer_3,4
ACAGCGACATTCTCAT-1,Layer_3,4
ACAGCGCACCCGCAGC-1,Layer_3,7
ACAGGCTTGCCCGACT-1,Layer_5,7
ACAGGTGGAGGTGAGG-1,WM,3
ACAGTAATACAACTTG-1,Layer_6,5
ACATAAGTCGTGGTGA-1,WM,3
ACATAATAAGGCGGTG-1,Layer_5,2
ACATCAGCTGGGACGC-1,Layer_4,7
ACATCCCGGCCATACG-1,Layer_6,5
ACATCCTGGTAACTGT-1,Layer_3,7
ACATCGATCGTTTACC-1,Layer_6,5
ACATCGGTCAGCCGCG-1,Layer_6,5
ACATCGTATGCAATGG-1,Layer_5,2
ACATCGTTAACCTAGT-1,Layer_3,4
ACATCTCAACGCGTAA-1,Layer_3,4
ACATGGCGCCAAAGTA-1,Layer_3,4
ACATGGCTCAATTTAG-1,Layer_1,6
ACATTAGTTTATATCC-1,Layer_6,5
ACCAAACTAGAAATCC-1,Layer_3,1
ACCAACACCACACACT-1,Layer_2,1
ACCAACCGCACTCCAC-1,Layer_3,4
ACCAACGCTTATTTAT-1,WM,3
ACCAAGAACGCGTGTC-1,Layer_4,7
ACCAATATGCAAGTTA-1,Layer_5,2
ACCACAACTCAGAACA-1,Layer_3,4
ACCACAAGTTTCTATC-1,Layer_6,5
ACCACCAATGTAACAA-1,Layer_3,4
ACCACGTGCAGCTATA-1,Layer_5,5
ACCACTGTTCAAGAAG-1,Layer_1,6
ACCAGCCCGGTCTTTG-1,Layer_3,1
ACCAGGAGTGTGATCT-1,Layer_1,6
ACCAGTGCCCGGTCAA-1,Layer_2,1
ACCAGTGCGGGAGACG-1,Layer_4,7
ACCATATCCGCAATAA-1,Layer_6,5
ACCATCCGCCAACTAG-1,Layer_5,5
ACCATCGTATATGGTA-1,Layer_6,3
ACCCAACGCCCGTGGC-1,Layer_5,2
ACCCACCTACATGCTC-1,Layer_3,7
ACCCATCTTGAGGGTA-1,Layer_6,5
ACCCATTTGTCCCTCT-1,Layer_3,4
ACCCGAGCGAAATTAC-1,WM,3
ACCCGGAAACTCCCAG-1,Layer_6,5
ACCCGGATGACGCATC-1,Layer_3,7
ACCCGGTTACACTTCC-1,Layer_6,5
ACCCGTGTCATCAGTA-1,Layer_6,5
ACCCTATAGGACTGAG-1,Layer_1,6
ACCCTATGCCATATCG-1,WM,3
ACCCTCCCTTGCTATT-1,Layer_5,2
ACCCTTCATCTGCGAA-1,Layer_3,7
ACCCTTTAGTTCTCCA-1,Layer_3,4
ACCGAAAGGGCCCTGC-1,Layer_3,4
ACCGAAGAGTCTGGTT-1,WM,3
ACCGACACATCTCCCA-1,Layer_6,5
ACCGACTGAGTCCCAC-1,Layer_6,5
ACCGATGGTAGCATCG-1,Layer_5,7
ACCGCAATAACTGCCT-1,Layer_5,2
ACCGCGGTGGAAGTCG-1,Layer_3,4
ACCGGGCCTTTGTTGA-1,Layer_3,7
ACCGGTCAGGTACACC-1,WM,3
ACCGGTCTGAGTACGG-1,Layer_1,1
ACCGTCCACTGGGCCC-1,WM,3
ACCGTGACCACGTGGG-1,WM,3
ACCGTTCCCGCTCTGA-1,Layer_3,1
ACCTAAGTACCTTTCA-1,WM,3
ACCTAATCGACTTCCT-1,Layer_5,2
ACCTACAGTATGTGGT-1,Layer_3,1
ACCTACTATAAATCTA-1,Layer_6,5
ACCTCCGCCCTCGCTG-1,Layer_3,1
ACCTCCGTTATTCACC-1,Layer_3,4
ACCTCGAACTTATGCT-1,WM,3
ACCTGCGTGTCATGTT-1,Layer_6,5
ACCTTTCCTTTAGAAG-1,Layer_1,1
ACGAAATGGGCGGCAC-1,Layer_5,2
ACGACTGGTCATACTC-1,WM,3
ACGAGAACCCATCACG-1,Layer_1,6
ACGAGATATTTGCTTA-1,Layer_3,4
ACGAGGATACCACTCT-1,Layer_6,3
ACGAGGTTTACAACGT-1,WM,3
ACGAGTACGGATGCCC-1,Layer_3,4
ACGATACATAGAACTA-1,Layer_5,2
ACGATCATACATAGAG-1,Layer_5,5
ACGATCATCTTGTAAA-1,Layer_3,7
ACGATGCATATGTTAT-1,Layer_6,5
ACGATGGATCCGATGC-1,Layer_3,7
ACGCAAACTAATAGAT-1,WM,3
ACGCAATCACTACAGC-1,Layer_3,1
ACGCATACGTTTACTA-1,Layer_3,4
ACGCATTCGTGAGTAC-1,Layer_6,5
ACGCCAGATGATTTCT-1,Layer_4,2
ACGCCCAGCTGTCGAT-1,Layer_3,1
ACGCCGCTAGACGACC-1,Layer_6,5
ACGCGAAGTCAGACGA-1,Layer_6,5
ACGCGCTACACAGGGT-1,Layer_6,5
ACGCGGGCCAAGGACA-1,Layer_6,5
ACGCTAGTGATACACT-1,Layer_3,7
ACGCTGTGAGGCGTAG-1,Layer_5,2
ACGCTTAGTGTCTCTC-1,Layer_3,1
ACGGAATTTAGCAAAT-1,Layer_3,4
ACGGACTCTCAAAGCG-1,Layer_5,2
ACGGAGCGCAAATTAC-1,Layer_3,1
ACGGATGGTGCGGATA-1,Layer_5,2
ACGGCACTTGCTTGGG-1,Layer_6,5
ACGGCCAACATGGACT-1,Layer_6,5
ACGGCGACGATGGGAA-1,Layer_5,5
ACGGCGGGTTGCCCTG-1,Layer_1,6
ACGGCTGGATGTAGAA-1,WM,3
ACGGGAGTGTCGGCCC-1,Layer_6,3
ACGGGTCATGTGACTT-1,Layer_1,6
ACGTACAGATTTCTCT-1,Layer_3,7
ACGTAGATTGCTGATG-1,Layer_6,5
ACGTATTACTCCGATC-1,Layer_3,7
ACGTCCTAAACGAGAT-1,Layer_1,6
ACGTGCGCCTCGTGCA-1,Layer_4,2
ACGTGGTCGAATGTGC-1,Layer_3,1
ACGTTAATGTCGAAGA-1,Layer_6,5
ACGTTAGATTTGCCCG-1,Layer_6,5
ACGTTCCGCGCTCCGT-1,Layer_3,4
ACGTTCGCAATCAATT-1,Layer_2,4
ACGTTCGTTCAGGAAA-1,WM,3
ACGTTCTGTACAAGTC-1,Layer_3,4
ACGTTTAGTTGTGATC-1,Layer_3,7
ACTAATACGTCAGGCG-1,Layer_2,1
ACTACATCCCGACAAG-1,WM,3
ACTACCAGCTCTCTGG-1,Layer_5,2
ACTACGCGTTAGAATT-1,Layer_6,5
ACTAGTTGCGATCGTC-1,Layer_3,4
ACTATATGCTGTGTTC-1,Layer_2,1
ACTATCCAGGGCATGG-1,Layer_3,4
ACTATCTGCCCGCGTA-1,Layer_2,1
ACTATGTCCAGCTGCC-1,WM,3
ACTATTCGTCCGTGGT-1,Layer_3,7
ACTATTTCCGGGCCCA-1,WM,3
ACTCAACGAATGTATT-1,Layer_1,6
ACTCAAGTGCAAGGCT-1,Layer_4,7
ACTCAATAAAGGCACG-1,Layer_5,5
ACTCAGACCTGCTTCT-1,Layer_2,1
ACTCATGGCAGCCTTC-1,WM,3
ACTCCAATATCATCAT-1,WM,3
ACTCCCATTCCTAAAG-1,Layer_6,5
ACTCCCGAATTCGTTT-1,Layer_3,4
ACTCCCTAATGCTAAA-1,Layer_6,5
ACTCCCTAGAATAGTA-1,Layer_6,5
ACTCGCCGTTCGATAA-1,,6
ACTCGTAACCCGTCCT-1,WM,3
ACTCGTCAGTAATCCC-1,Layer_5,5
ACTCTCTGACTTAGGT-1,Layer_5,5
ACTCTCTTATACACGA-1,Layer_3,4
ACTCTTGTATAGTAAC-1,Layer_6,5
ACTGAAACGCCGTTAG-1,Layer_3,7
ACTGAATGGCGAAAGT-1,Layer_5,2
ACTGATTTAGTGATTC-1,Layer_3,4
ACTGCCCGCCATTCTC-1,WM,3
ACTGCCGTCGTAACTC-1,Layer_4,2
ACTGCTCGGAAGGATG-1,WM,3
ACTGTACGATACACAT-1,Layer_5,2
ACTGTAGCACTTTGGA-1,Layer_5,2
ACTGTATACGCGAGCA-1,Layer_2,1
ACTGTCCAGGATTATA-1,Layer_6,5
ACTGTCTTCTTTAGAA-1,Layer_6,5
ACTGTGCTAGTAGATC-1,Layer_2,1
ACTGTTTAGTGTAGGC-1,Layer_1,1
ACTTACCGGGCGCGCA-1,Layer_3,4
ACTTACGCATCCACGC-1,Layer_5,2
ACTTAGTACGACAAGA-1,Layer_3,4
ACTTATACTTACCCGG-1,Layer_5,2
ACTTATCTGATCTATA-1,Layer_1,6
ACTTATTAGGATCGGT-1,Layer_6,5
ACTTATTTATGTGCCA-1,Layer_5,7
ACTTCAGGCTGATCCC-1,Layer_5,2
ACTTCCATGCGGGACA-1,Layer_4,7
ACTTCGCCATACGCAC-1,Layer_5,2
ACTTGACTCCCTCTTT-1,Layer_6,5
ACTTGCCATATTGTAC-1,Layer_1,1
ACTTGGGACCCGGTGG-1,Layer_5,5
ACTTGTAGTCCCTTCA-1,Layer_5,5
ACTTGTGGATGGAACG-1,Layer_3,1
ACTTTACCCTCATGAA-1,Layer_3,4
ACTTTCCTATAGCTTC-1,Layer_6,5
ACTTTGACTGCATCCT-1,Layer_5,2
ACTTTGGTCGTGCTCC-1,WM,3
AGAAATTATGACTCGC-1,Layer_2,1
AGAACCCTCAATTGGG-1,WM,3
AGAACGTGGTACATTC-1,Layer_5,5
AGAAGAGCGCCGTTCC-1,Layer_5,2
AGAAGGTACACTTCAC-1,WM,3
AGAAGGTTGCCGAATT-1,Layer_6,3
AGAAGGTTGTAGGTCG-1,Layer_5,2
AGAAGTGATTCGTGAT-1,WM,3
AGAATAAATCTTCAGG-1,Layer_5,2
AGAATGCGGGTTCGGA-1,Layer_1,1
AGAATTATGGATTCGA-1,Layer_3,7
AGAATTGTTTGACATA-1,Layer_3,4
AGACATAGATCCTTCC-1,Layer_2,1
AGACCAAACCACACCT-1,Layer_6,3
AGACCATGGGATACAA-1,Layer_3,4
AGACCCACCGCTGATC-1,Layer_6,5
AGACCCGCCCTCCTCG-1,Layer_5,5
AGACCGCTCCGCGGTT-1,Layer_3,1
AGACCGGGAAACCCTG-1,Layer_5,5
AGACGAAGTGCCGGTC-1,Layer_3,7
AGACGACGATGCCGCT-1,WM,3
AGACGGGATTGGTATA-1,Layer_2,1
AGACGGGCCGATTTAA-1,Layer_2,1
AGACTAGCCTTCCAGA-1,Layer_5,2
AGACTGTTACCGGGTC-1,WM,3
AGAGAAACACCAGAAA-1,WM,3
AGAGAACCGTCTAGGA-1,Layer_5,2
AGAGAAGGAGTACAAT-1,WM,3
AGAGATCTCTAAAGCG-1,Layer_5,5
AGAGCAGTTATGAGAC-1,Layer_4,7
AGAGCCGCCGAGATTT-1,Layer_2,1
AGAGCGGGCTAATCAT-1,Layer_4,7
AGAGCGTACAAGCTCG-1,Layer_3,7
AGAGGCTTCGGAAACC-1,Layer_3,4
AGAGGTATCTCGGTCC-1,Layer_1,6
AGAGTAAACTTCACTA-1,Layer_3,4
AGAGTTAGAGACCGAT-1,Layer_2,1
AGATAACTTCAGGGCC-1,Layer_5,5
AGATACCGGTGTTCAC-1,Layer_6,5
AGATACGACTTCATAT-1,Layer_3,4
AGATACTCAAGATCGA-1,Layer_5,2
AGATATAATACGACTA-1,Layer_5,2
AGATCGTGCATAAGAT-1,Layer_3,7
AGATCTCAGGTGTGAT-1,Layer_6,5
AGATGACTCGCCCACG-1,Layer_5,2
AGATGAGGGTTGCGAT-1,Layer_3,4
AGATGATGGAGTCTGG-1,Layer_3,4
AGATGCAAGACGTGCA-1,WM,3
AGATGCTATAACGAGC-1,Layer_1,6
AGATTATAGGACGTTT-1,Layer_6,5
AGATTCACAACCGATA-1,WM,3
AGCAAAGGCCGCTAGT-1,Layer_5,2
AGCAACATATCTTATT-1,Layer_4,7
AGCAACCGAAAGTAAT-1,WM,3
AGCACACGTTTAGACT-1,WM,3
AGCACCAGTACTCACG-1,Layer_6,5
AGCACTACCGGCCTGT-1,Layer_5,2
AGCACTACCTCACCAG-1,Layer_5,2
AGCACTTAAGGACGCC-1,Layer_5,2
AGCAGAAGGAGAAAGA-1,Layer_6,2
AGCAGCCAGATGAATA-1,Layer_6,5
AGCATATCAATATGCT-1,Layer_3,7
AGCATCATTTCGAAAG-1,WM,3
AGCATCGTCGATAATT-1,Layer_5,2
AGCATTACGAGGCAAG-1,,6
AGCCAAGCTTTGTGTC-1,Layer_6,5
AGCCACAGGTTACCCG-1,Layer_3,7
AGCCACTCCCGTGCTT-1,Layer_5,2
AGCCCATACATGTAAG-1,Layer_6,5
AGCCCGGCATTAGAGG-1,WM,3
AGCCCGGTAGCCTGTA-1,Layer_6,3
AGCCCTAAGCGAAGTT-1,Layer_3,7
AGCCCTCCCTGGTGGC-1,WM,3
AGCCCTTCTAATCCGA-1,Layer_3,4
AGCCGTGGCTAAATGT-1,WM,3
AGCCTAATACCCACGT-1,Layer_6,3
AGCCTTAAAGCGGAAG-1,Layer_3,4
AGCGACAGGAACGGTC-1,WM,3
AGCGACATCCCATTCA-1,Layer_4,2
AGCGACCAACGATATT-1,Layer_5,5
AGCGAGACGTGAAGGC-1,WM,3
AGCGATGCGCCTAATA-1,Layer_3,1
AGCGCATAATGAATCG-1,Layer_6,5
AGCGCGGGTGCCAATG-1,Layer_4,7
AGCGCTTATGGGCAAG-1,Layer_3,1
AGCGGACACTTCGTAG-1,Layer_6,5
AGCGGCGGTTAGCGGT-1,Layer_6,3
AGCGGGAAGGGTCCAT-1,Layer_3,4
AGCGGGTCTGACACTC-1,Layer_6,5
AGCGGTTGAGATGTAC-1,Layer_2,1
AGCGTAGCGCTAGACC-1,Layer_1,6
AGCGTCTGAACCCGCA-1,Layer_1,6
AGCGTGGTATTCTACT-1,Layer_6,5
AGCGTTCCGATTTAAA-1,Layer_3,1
AGCTAACAAGCAATGT-1,WM,3
AGCTAAGTACGCAGGC-1,Layer_3,7
AGCTAGAAGCAGAAGT-1,Layer_3,4
AGCTATTTAATCCAAC-1,Layer_4,7
AGCTCCATATATGTTC-1,Layer_3,1
AGCTCCTTCGCACATC-1,Layer_5,2
AGCTCTAGACGTTCCA-1,Layer_6,5
AGCTCTTCCCAGTGCA-1,Layer_4,7
AGCTCTTCGTAACCTT-1,Layer_3,4
AGCTCTTTACTCAGTT-1,Layer_6,5
AGCTGAAGTAAACCAA-1,Layer_5,2
AGCTGTAACCTCAATC-1,WM,3
AGCTTATAGAGACCTG-1,Layer_1,6
AGCTTCAATACTTTGA-1,Layer_2,1
AGCTTGATCTTAACTT-1,Layer_6,5
AGGAAAGCCTCTGATG-1,Layer_1,6
AGGAAGCTGTCCGCCG-1,Layer_6,5
AGGACAGTCGAATCCC-1,Layer_5,2
AGGACATCGCACGTCG-1,Layer_3,4
AGGACGACCCATTAGA-1,WM,3
AGGACGCTCGATGTTG-1,Layer_3,4
AGGAGGCCTTCGCGCG-1,Layer_3,7
AGGATAAAGTCGGGAT-1,Layer_6,5
AGGATATAGGGATTTA-1,Layer_4,7
AGGATCACGCGATCTG-1,Layer_6,5
AGGCAAAGAGGAATCA-1,Layer_1,6
AGGCACGTGACTGTCC-1,Layer_2,1
AGGCAGATGCGTAAAC-1,Layer_5,2
AGGCAGGGAGCGTACT-1,WM,3
AGGCATTGTCGTAGGG-1,Layer_3,7
AGGCCACCCGTTATGA-1,Layer_5,2
AGGCCCATTGTACAGG-1,Layer_3,7
AGGCCCTAGAACGCCA-1,Layer_6,5
AGGCCTGAGAATCTCG-1,Layer_3,7
AGGCGGTTTGTCCCGC-1,WM,3
AGGCGTCTATGGACGG-1,Layer_2,1
AGGCTATGGTTAGCTT-1,Layer_4,7
AGGCTTCCCGAAGAAG-1,WM,3
AGGCTTGCTAGACACC-1,Layer_3,4
AGGGAAACGAGGTACT-1,Layer_3,4
AGGGACAGCACGGCGG-1,Layer_1,6
AGGGACCGGCTGCGTT-1,Layer_3,4
AGGGACTCTACGCGAC-1,Layer_6,5
AGGGAGACATACTTCG-1,Layer_2,1
AGGGCAGCGGCGTGGT-1,Layer_3,4
AGGGCGAGCAGCTGAT-1,Layer_6,5
AGGGCGTGATCGGCTA-1,Layer_3,7
AGGGCTGCAGTTACAG-1,Layer_6,5
AGGGTCAGAGCACTCG-1,WM,3
AGGGTCGATGCGAACT-1,Layer_3,7
AGGGTGCCGTTCTTTA-1,WM,3
AGGGTGCTCTCGAGGG-1,Layer_5,2
AGGGTGGATAGTGCAT-1,Layer_3,7
AGGGTTCCCTTTGGTT-1,Layer_5,2
AGGGTTTAGTTCGGGA-1,Layer_6,5
AGGTAACCTCCTATTC-1,Layer_3,4
AGGTACGATATTGCCA-1,Layer_3,7
AGGTAGATCGAGATAT-1,WM,3
AGGTAGGTACAAAGCT-1,Layer_5,5
AGGTATAATTGATAGT-1,Layer_3,4
AGGTCAGGTGAGAGTG-1,Layer_6,5
AGGTCGCCACTTCGGT-1,Layer_1,6
AGGTCGCGGAGTTACT-1,Layer_3,4
AGGTGGTGACCTTCGC-1,Layer_6,5
AGGTGTATCGCCATGA-1,Layer_5,2
AGGTTACACCATGCCG-1,Layer_2,1
AGGTTCTCCTTTCCGG-1,WM,3
AGGTTGAGGCACGCTT-1,Layer_5,2
AGGTTTCACACACCTT-1,Layer_6,5
AGTAACGTTCATCCTG-1,Layer_3,4
AGTAACTATAGCAGCC-1,,6
AGTAATGTCTTGCCGC-1,Layer_4,7
AGTAATTTGCAAGCGT-1,WM,3
AGTACATCATTTATCA-1,Layer_3,4
AGTACCTTCGAGTGCT-1,Layer_1,1
AGTACGGCCCGTATCG-1,Layer_5,2
AGTACGGGCACCTGGC-1,Layer_5,2
AGTACGTGGCCTGTCT-1,Layer_3,4
AGTACTCTTATGCCCA-1,Layer_4,7
AGTAGAAGGCGCCTCA-1,Layer_6,5
AGTAGCGTGAACGAAC-1,Layer_3,1
AGTAGCTAGACGCCGA-1,Layer_1,6
AGTAGGAAGGAAGTTG-1,Layer_3,4
AGTAGGTAACATACAT-1,Layer_3,4
AGTATAATACTAGGCA-1,Layer_4,7
AGTATACACAGCGACA-1,Layer_6,5
AGTATCCATAATAACG-1,Layer_1,6
AGTATGCTGGAGACCA-1,WM,3
AGTATTTGGCACGACC-1,Layer_6,5
AGTCAAATGATGTGAT-1,WM,3
AGTCAACACCACCATC-1,Layer_6,5
AGTCAAGATGACACTT-1,Layer_5,7
AGTCACTAGCTCTCGA-1,Layer_3,4
AGTCACTCCGCCTCAT-1,Layer_1,6
AGTCAGCCACCGCCTG-1,Layer_3,4
AGTCCAGCGGGTACGT-1,Layer_1,6
AGTCCATTGGCTGATG-1,Layer_3,7
AGTCCCGCCTTTAATT-1,Layer_3,7
AGTCGACGGTCTCAAG-1,Layer_5,2
AGTCGGCCCAAACGAC-1,Layer_5,2
AGTCGGCTCAACTTTA-1,Layer_6,3
AGTCGGTTGCGTGAGA-1,Layer_3,1
AGTCGTATAAAGCAGA-1,Layer_4,2
AGTCGTCGACCACCAA-1,Layer_3,7
AGTCGTGGGCATTACG-1,WM,3
AGTCTAAAGTATACTC-1,Layer_3,1
AGTCTCACAAGACTAC-1,WM,3
AGTCTGGACATCCTTG-1,Layer_3,4
AGTCTTCTCCTCAAAT-1,Layer_5,2
AGTCTTTAAAGTGTCC-1,Layer_5,2
AGTGAACAAACTTCTC-1,Layer_3,4
AGTGACCTACTTTACG-1,WM,5
AGTGACTGTGACACAA-1,WM,3
AGTGAGACTTCCAGTA-1,Layer_5,2
AGTGAGCCTCGCCGCC-1,Layer_3,7
AGTGAGGGTTTCTGAC-1,Layer_3,4
AGTGATAACCTGCGCG-1,Layer_3,7
AGTGATATGAGTAGTT-1,WM,3
AGTGATTCAAGCAGGA-1,Layer_5,2
AGTGCACGCTTAAGAA-1,Layer_3,7
AGTGCGTAGCTCGTAA-1,WM,3
AGTGCTAAACACAGCA-1,Layer_3,7
AGTGCTTGCACGAATA-1,Layer_5,2
AGTGGCGGCAATTTGA-1,Layer_4,7
AGTGGCGTCTGAAGGT-1,Layer_3,7
AGTGGCTCCGTCGGCC-1,Layer_5,5
AGTGGTGTTACCCGTG-1,Layer_6,5
AGTGTATTGCGCATTG-1,Layer_3,4
AGTGTGCTAAGATCGC-1,Layer_1,6
AGTGTGGTCTATTGTG-1,Layer_3,4
AGTTAAACACTTGCGA-1,Layer_6,5
AGTTAAGCGGTCCCGG-1,Layer_4,7
AGTTAAGTCAACCGCT-1,WM,3
AGTTACCGCACATGGT-1,Layer_3,4
AGTTACTCTATCGTGG-1,Layer_3,7
AGTTATTGAAAGGTAA-1,Layer_3,1
AGTTCCTACAGAATTA-1,Layer_5,5
AGTTCCTATTTATGTT-1,Layer_6,5
AGTTCTGCGTTGTATC-1,Layer_1,6
AGTTGACATCGGCTGG-1,Layer_1,6
AGTTGACGGTCCTTGC-1,Layer_6,5
AGTTGCTGACTGATAT-1,Layer_2,4
AGTTTCGCAGGTCGGA-1,Layer_3,7
AGTTTGCACCTGCCTC-1,Layer_5,2
AGTTTGGCACGGGTTG-1,Layer_3,4
AGTTTGGCCAGACCTA-1,WM,3
ATAAACCATTGGACGG-1,Layer_1,6
ATAAACGGACCCGTAA-1,Layer_6,5
ATAAACGTTGCACCAC-1,Layer_3,1
ATAAAGGCTCGGTCGT-1,Layer_6,5
ATAAAGGTCAAGTACG-1,Layer_3,4
ATAAATATTAGCAGCT-1,Layer_5,5
ATAACGCCGGAGGGTC-1,Layer_5,2
ATAACGGAGTCCAACG-1,Layer_5,2
ATAAGGTGGAGAACAT-1,Layer_6,5
ATAAGTAGGATTCAGA-1,Layer_3,4
ATAAGTAGGGCGACTC-1,Layer_3,4
ATAAGTTACCGCGACG-1,WM,3
ATAATACCGTTAGCCG-1,Layer_2,4
ATAATAGCTGTTGAAT-1,Layer_6,5
ATAATAGTGTAGGGAC-1,Layer_3,4
ATAATCTTGGAGAACC-1,Layer_5,2
ATAATTAGCTAAGTAG-1,Layer_6,5
ATACAGGCCCTCCAAT-1,Layer_5,2
ATACCACGGGCAACTT-1,Layer_5,2
ATACCAGCAAATTGCT-1,Layer_2,1
ATACCAGGCTAATAGA-1,Layer_3,4
ATACCAGGTGAGCGAT-1,Layer_1,6
ATACCTAACCAAGAAA-1,Layer_6,5
ATACGCCGATCTACCG-1,Layer_1,6
ATACGCCGGCGAAACC-1,Layer_5,2
ATACGGAACGTCGTTT-1,WM,3
ATACGGGTTTCGATTG-1,Layer_5,2
ATACGGTGAAGATGCA-1,Layer_4,7
ATACGTACTTAGCCAC-1,Layer_5,2
ATACGTCCACTCCTGT-1,Layer_4,7
ATACGTTATGCACGGA-1,Layer_6,5
ATACTACCCGTACCAC-1,Layer_3,1
ATACTAGCATGACCCT-1,Layer_5,2
ATACTCTCGCCACTCT-1,Layer_1,6
ATACTGCCTTACACCG-1,Layer_5,7
ATACTTGTTCTCGAGC-1,Layer_3,7
ATAGACAACGGGACCT-1,Layer_4,7
ATAGACGAAGAGAAAG-1,Layer_6,5
ATAGAGTACTGGGACA-1,Layer_5,2
ATAGAGTTATCAACTT-1,Layer_4,7
ATAGATTTGCAGTCGG-1,Layer_2,1
ATAGCAACTAGGGAAG-1,Layer_3,4
ATAGCCTCAGTACCCA-1,Layer_2,4
ATAGCTGCTCTTGTTA-1,Layer_1,6
ATAGGAATCTAAGCTT-1,Layer_1,1
ATAGGCGGCTATAGAA-1,Layer_6,5
ATAGGCTAGCTTCGCA-1,Layer_3,7
ATAGGGATATCCTTGA-1,Layer_5,2
ATAGGTTGGGCAGATG-1,Layer_6,5
ATAGTCTTTGACGTGC-1,Layer_3,4
ATAGTGAAGCGTTCTC-1,Layer_6,5
ATAGTTCCACCCACTC-1,Layer_3,7
ATATAAAGCGCTCGTG-1,Layer_6,5
ATATAAATGTAGCTGC-1,Layer_5,2
ATATAACACGGGCGCA-1,Layer_3,7
ATATACGCTCGTGACG-1,Layer_3,1
ATATAGAGTATTGGTC-1,WM,3
ATATCAACCTACAGAG-1,Layer_3,7
ATATCAATTCCAGCCT-1,WM,3
ATATCGGTAGGGAGAT-1,Layer_3,4
ATATCGTGCCAGACCC-1,Layer_3,1
ATATCGTTCCTCGAAC-1,Layer_3,7
ATATCTCCCTCGTTAA-1,Layer_4,7
ATATCTTAGGGCCTTC-1,Layer_6,5
ATATGTCTCCCTAGCC-1,Layer_3,7
ATATTCAGTTAAACCT-1,WM,3
ATATTCCACATAGTGA-1,Layer_5,2
ATATTCCCACAGGTCA-1,Layer_3,7
ATATTGCTGTCAAAGT-1,Layer_3,4
ATATTTAACCCTCAAG-1,Layer_6,5
ATCAAACACTGTTCCA-1,Layer_3,4
ATCAAACGAAGGTTTG-1,WM,3
ATCAATCTGGGCTGCA-1,Layer_6,5
ATCAATGCCGTGGCTG-1,WM,3
ATCACATTAGAATATC-1,Layer_5,2
ATCACGTGCTAATTAA-1,WM,3
ATCACTTCATCCTCGC-1,Layer_5,2
ATCAGACGGCACGCCG-1,WM,3
ATCAGCCTCATGCTGC-1,Layer_4,7
ATCAGCTCGTCCACTA-1,Layer_6,3
ATCAGGTCGCCATTGC-1,Layer_3,4
ATCAGTAGGCAGGGAT-1,Layer_5,2
ATCATAGCCCTATGTA-1,Layer_3,1
ATCATCCAATATTTGT-1,Layer_6,5
ATCATCTGCCCAGTGT-1,Layer_3,1
ATCCAACGCAGTCATA-1,Layer_5,2
ATCCAATGGAGGGTCC-1,Layer_6,5
ATCCACATCGACAGAA-1,Layer_5,2
ATCCACGCTAAATGTT-1,Layer_3,4
ATCCAGAGCAACAACC-1,Layer_6,3
ATCCAGGATTCGTGAA-1,Layer_6,5
ATCCCATCCACAGCGC-1,WM,3
ATCCTACCTAAGCTCT-1,WM,3
ATCCTGAATCGCTGCG-1,Layer_5,5
ATCCTGCGTGGAATGG-1,WM,3
ATCCTGCTGCAGATAG-1,Layer_1,6
ATCGACCCAATACAGA-1,Layer_6,5
ATCGACTCTTTCCGTT-1,Layer_5,5
ATCGCACGATTGTTCA-1,Layer_1,6
ATCGCACGCCGGGAGA-1,Layer_5,5
ATCGCCAGTCAACATT-1,Layer_3,4
ATCGCTGCGTGCAGCA-1,Layer_2,1
ATCGGAGACAGACGGC-1,Layer_5,2
ATCGGCAAGCAGTCCA-1,Layer_3,7
ATCGTGGAAAGTCTGG-1,WM,3
ATCGTTAGCTAGCGGA-1,Layer_3,4
ATCGTTCACTTTCGCC-1,Layer_3,4
ATCTAATATCCTACGG-1,Layer_6,5
ATCTAGCTTGTGAGGG-1,Layer_6,5
ATCTCCCACGGAATAT-1,Layer_3,1
ATCTCCCTGCAATCTA-1,Layer_4,2
ATCTCGTGAGCGAAAC-1,Layer_2,1
ATCTGACATGGAAGGA-1,WM,3
ATCTGATAGTGTCTTA-1,Layer_1,6
ATCTGCACCTCTGCGA-1,Layer_3,7
ATCTGCTGTTATCGCC-1,Layer_6,5
ATCTGGGCTGTTCTTG-1,Layer_6,5
ATCTGGTTAAGACTGT-1,Layer_5,2
ATCTGTAATTGTACCC-1,Layer_3,7
ATCTTAGGGCATTAAT-1,WM,3
ATCTTATCGCACACCC-1,Layer_3,1
ATCTTGACCTGCAACG-1,Layer_5,2
ATCTTGACTTGTCCAA-1,Layer_3,4
ATGAAGCCAAGGAGCC-1,Layer_5,2
ATGACGCCGGCTCTAA-1,Layer_4,7
ATGACGCGTTCTATCC-1,WM,3
ATGACTATCAGCTGTG-1,WM,3
ATGACTATGCGACATT-1,Layer_5,7
ATGAGGAGTGTTAATC-1,Layer_4,2
ATGATCGGGAATAGAC-1,Layer_4,7
ATGATGCAATGGTACA-1,WM,3
ATGCACGCGCTGTTCA-1,WM,3
ATGCACTACCGCATTG-1,Layer_5,2
ATGCATGATCCAGGAT-1,Layer_5,5
ATGCATTCCGTGATGG-1,Layer_1,6
ATGCCAATCGCTCTGC-1,Layer_3,1
ATGCCATTTGCGACCA-1,Layer_5,7
ATGCCGGTCTTGCATA-1,Layer_6,5
ATGCCGGTTGATGGGA-1,Layer_5,7
ATGCGACAATTGGTCC-1,Layer_2,1
ATGCGACAGTCCCATT-1,Layer_6,5
ATGCGAGTCCCACCAC-1,Layer_3,4
ATGCTCAGTGTTGCAT-1,Layer_3,4
ATGCTCTGGCGCGGTA-1,Layer_5,2
ATGCTTAGGAGTTGAT-1,Layer_2,1
ATGGAAATTTAAGGAG-1,WM,3
ATGGAGCAGGCCGTGA-1,Layer_6,5
ATGGATCCGGCGTCCG-1,Layer_5,2
ATGGATTGACCAAACG-1,Layer_6,5
ATGGCAGCATTACGAT-1,WM,3
ATGGCTGGAAATGGCC-1,Layer_3,4
ATGGGAACGGAAGCGG-1,Layer_3,4
ATGGGACCTGCTGAAC-1,WM,3
ATGGGCCTCGGCCTCT-1,Layer_5,7
ATGGGTGTATACCTCC-1,WM,3
ATGGTATTTACTGATT-1,WM,3
ATGGTCGCGTGGTTTC-1,Layer_5,2
ATGGTGCTCAAAGCCA-1,Layer_1,6
ATGTAAGGCTGCTCTT-1,Layer_3,4
ATGTACATGCGGTGAG-1,Layer_2,6
ATGTACGATGACGTCG-1,Layer_6,5
ATGTAGCGCGCGTAGG-1,Layer_5,2
ATGTGAAAGCCTAATG-1,Layer_6,5
ATGTGCATCCGACGCA-1,Layer_5,2
ATGTGGACATCTTGAT-1,Layer_6,5
ATGTGTAGTTTAGTCA-1,Layer_2,1
ATGTTACGAGCAATAC-1,Layer_3,4
ATGTTCGTCGACCCAC-1,Layer_5,2
ATGTTGTAGTCTGTTT-1,Layer_6,5
ATTAAACATGCGGACC-1,Layer_6,5
ATTAATACTACGCGGG-1,Layer_5,2
ATTAATGAACCAGTCG-1,Layer_5,2
ATTAATTCGGTCACTC-1,Layer_3,7
ATTACAACTACCGGCC-1,Layer_3,4
ATTACATGTCAGTCTT-1,Layer_3,1
ATTACCACACTGCCTG-1,Layer_2,1
ATTACGCGCTGGCAGG-1,Layer_6,5
ATTACTAGCCTCTTGC-1,Layer_3,7
ATTACTTACTGGGCAT-1,Layer_3,4
ATTAGATTCCTCAGCA-1,Layer_3,4
ATTAGATTGATAGCGG-1,Layer_4,7
ATTAGGCGATGCTTTC-1,Layer_6,5
ATTATACTTTGCTCGT-1,Layer_5,2
ATTATAGCTACTTTAC-1,Layer_2,4
ATTATCTCGACAGATC-1,Layer_3,4
ATTATGAGACCCAATT-1,WM,3
ATTATGCCATAGGGAG-1,Layer_5,2
ATTATTATGTCCGTCA-1,WM,3
ATTCAAAGTACCTGTT-1,Layer_1,6
ATTCAACCATTTAAGG-1,Layer_3,4
ATTCACTGATGTTGGA-1,Layer_6,5
ATTCAGGACCTATTTC-1,Layer_3,7
ATTCAGGATCGCCTCT-1,Layer_3,1
ATTCAGTAGCAGGGTC-1,Layer_4,7
ATTCATATACTGTCCA-1,Layer_6,5
ATTCATCGTTGAGGCA-1,Layer_3,7
ATTCCCACATAAACAA-1,Layer_3,7
ATTCCTAAGACGTGGA-1,Layer_2,1
ATTCCTCCGCCAGTGC-1,Layer_4,7
ATTCCTTCCAGGCGGT-1,Layer_1,6
ATTCGACGCCGGGCCT-1,Layer_5,2
ATTCGTGCTATCTCTT-1,Layer_3,4
ATTCTCGTCTCTTTAG-1,Layer_3,4
ATTCTGAGTATGAACT-1,Layer_3,4
ATTCTTCGTACTTATG-1,Layer_3,4
ATTGAAGATCTTAGTG-1,Layer_6,5
ATTGACGTAACTCGGT-1,Layer_3,4
ATTGATAGCAACGAGA-1,Layer_1,6
ATTGATCACCACATTT-1,Layer_6,3
ATTGATGAGTCCTAAC-1,Layer_3,7
ATTGCCTATTAGACCG-1,WM,3
ATTGCCTTTATGTTTG-1,Layer_4,7
ATTGCGATCAGTAACT-1,Layer_3,4
ATTGCTGCTCCTCCAT-1,Layer_6,5
ATTGGATTACAGCGTA-1,Layer_3,4
ATTGGGAATATCTTGG-1,Layer_3,4
ATTGGTTGTGCATTAC-1,,6
ATTGTACAACTCGGCT-1,Layer_3,7
ATTGTCGCAATACCTT-1,Layer_3,7
ATTGTGACTTCGCTGC-1,Layer_1,1
ATTTAACTCGTATTAC-1,Layer_3,7
ATTTACAGTTTACTGG-1,Layer_5,2
ATTTACTAAGTCCATT-1,Layer_3,4
ATTTCATTATTTCGCG-1,Layer_3,7
ATTTCCGGGTTCTGCG-1,WM,3
ATTTGCCTAGTTACGA-1,Layer_1,6
ATTTGCGCGAGTAGCT-1,WM,3
ATTTGTCTTGGGAGCT-1,Layer_5,2
ATTTGTTCCAGGGCTC-1,Layer_5,2
CAAACGAGTATCGCAG-1,WM,3
CAAACGGTCGCACTTT-1,Layer_5,2
CAAACGTGGTCTTGCG-1,Layer_3,4
CAAACTACGATAGAGA-1,Layer_3,7
CAAACTATTGAGCTTC-1,Layer_3,7
CAAACTCGCGACGCCG-1,Layer_3,1
CAAAGATTATTGGGCC-1,WM,3
CAAATCTCTCACAAGG-1,Layer_6,5
CAAATGCGGAGTGTTC-1,Layer_1,6
CAAATGTCCTTCCGTG-1,Layer_6,5
CAAATTGTCAGCAAGC-1,Layer_3,7
CAACAGAATAACGCTA-1,Layer_2,1
CAACAGTGCCAAACGG-1,Layer_2,1
CAACATGGCCTGATAA-1,Layer_1,6
CAACCTACCGAGCAGT-1,Layer_3,1
CAACGACCCGTTTACA-1,Layer_5,2
CAACGGTTCTTGATAC-1,Layer_3,7
CAACGTGGTGGAGTCT-1,Layer_2,1
CAACTATATCGAATGC-1,Layer_3,7
CAACTCCAACGTTTAG-1,Layer_3,4
CAACTCCGTAACTTGC-1,Layer_1,6
CAACTCCTTGATCCCG-1,Layer_3,7
CAACTGCTCATCCGAT-1,Layer_6,5
CAACTTGTAGTGGGCA-1,Layer_2,1
CAAGAGGGCGGAGTAC-1,Layer_6,5
CAAGATATTATAACGT-1,Layer_5,2
CAAGCAACGTCGGAGT-1,Layer_5,2
CAAGCACCAAATGCCT-1,Layer_5,2
CAAGCGGCACATAATT-1,Layer_6,5
CAAGGATCGCATGTTC-1,Layer_6,5
CAAGGTCCTATAGGCT-1,Layer_3,4
CAAGTGAACTTTGGTT-1,Layer_2,1
CAAGTGTGGTTGCAAA-1,Layer_4,7
CAATAAACCTTGGCCC-1,Layer_5,2
CAATACGCTCTGAGGC-1,Layer_5,5
CAATATGTAGATTTAC-1,Layer_1,6
CAATATTCTTGACCTA-1,WM,3
CAATCCATTATCCGTT-1,Layer_1,6
CAATCCCTATACCAGC-1,Layer_3,4
CAATCCTGCCGTGGAG-1,Layer_2,1
CAATGCGAGAAGTATC-1,Layer_5,2
CAATGGAATCTACATA-1,Layer_3,4
CAATGGATCTCTACCA-1,Layer_5,2
CAATGGTCGGCCTGGG-1,Layer_2,1
CAATGTGCCAACCCTT-1,Layer_2,1
CAATTAAGGGTGATGA-1,Layer_6,5
CAATTTCGTATAAGGG-1,Layer_6,5
CAATTTGACCGGGAAG-1,Layer_1,6
CACAAGAAAGATATTA-1,Layer_1,1
CACAAGCTAAGAAAGG-1,WM,3
CACAATGAGCTGCTAT-1,Layer_6,5
CACACACGCTAACGAG-1,Layer_3,4
CACACAGCTTGCGCTC-1,Layer_2,1
CACACAGGGATAGATT-1,Layer_3,7
CACACGCGCTGTCTTA-1,Layer_5,2
CACACGTTTCAATGGG-1,Layer_3,4
CACACTTGTATTGCGA-1,Layer_1,6
CACAGAGACGAGGACG-1,WM,3
CACAGCACCCACGGCA-1,Layer_6,5
CACAGCTAGGGAGTGA-1,Layer_5,2
CACAGGGCCATATAGT-1,Layer_3,4
CACAGGGCCGTTGTCA-1,Layer_6,5
CACAGTCCCGCTTCGC-1,Layer_2,1
CACAGTTCGCTTCCCA-1,Layer_2,1
CACATAAGGCGACCGT-1,Layer_1,6
CACATATTAGCAGGAT-1,Layer_6,5
CACATCGTGCACGCGC-1,WM,3
CACATCTCACCGACGA-1,Layer_5,2
CACATGATTCAGCAAC-1,Layer_6,5
CACATGTTTGGACATG-1,Layer_1,6
CACATTCTTTCGATGG-1,Layer_3,7
CACATTTCTTGTCAGA-1,Layer_3,4
CACCAGTCAGCATGCA-1,WM,3
CACCATCGGAGGAGAC-1,Layer_3,7
CACCCAAATCTTATGT-1,Layer_3,7
CACCCACACGTCACCC-1,Layer_3,7
CACCCACGAGGCAATT-1,Layer_4,7
CACCCGGTTTGTGACT-1,WM,3
CACCCTAACAAGATCT-1,Layer_5,2
CACCCTTGGTGAGACC-1,Layer_6,3
CACCCTTTCCTCGCTC-1,Layer_1,6
CACCGATACACCGAGC-1,Layer_3,4
CACCGCCAGAAGGTTT-1,Layer_5,5
CACCGCCGACCAGCGA-1,Layer_3,4
CACCGCGTCCACTCTA-1,Layer_3,4
CACCGGAGATATCTCC-1,Layer_3,4
CACCGGTAGAGACATT-1,WM,3
CACCGTATCCCATCCG-1,Layer_3,4
CACCGTTAGGGATCAC-1,WM,3
CACCGTTGCGCGATAT-1,Layer_6,3
CACCTAATAGAGTCGT-1,Layer_3,4
CACCTAATCAGTTTAC-1,Layer_5,2
CACCTCGATGGTGGAC-1,Layer_5,2
CACCTTGCGAAACTCG-1,Layer_5,2
CACCTTGGCGCCTTTG-1,Layer_3,4
CACGAAAGTTAGTCCC-1,Layer_5,2
CACGACCACAGACTTT-1,Layer_1,6
CACGACGTAATAGTAA-1,Layer_1,6
CACGACTAAAGTTCTG-1,Layer_1,6
CACGATTGGTCGTTAA-1,Layer_1,6
CACGCACAGCGCAGCT-1,Layer_5,2
CACGCAGCGAGGCTTT-1,Layer_5,5
CACGCGGAACTGTTGC-1,Layer_3,7
CACGGCGCGCCAAAGG-1,Layer_3,1
CACGGGATTGAGGGTT-1,Layer_3,7
CACGTCGGCAACCTCT-1,WM,3
CACGTCTATGATGTGG-1,Layer_3,1
CACGTTCGTGCTCTAG-1,Layer_5,2
CACGTTTCGTACACAC-1,Layer_4,7
CACTAAAGTTGCCTAT-1,Layer_6,5
CACTACGGGAGCTGCC-1,Layer_3,1
CACTACTCAGTTCTGT-1,Layer_3,4
CACTCAAGAGCTATGG-1,Layer_6,5
CACTCAGCTCTTGAGG-1,Layer_3,7
CACTCCTATGTAAGAT-1,WM,3
CACTCCTCTCGGTCGG-1,Layer_3,7
CACTCGAGCTGAACAA-1,Layer_6,5
CACTCGGTTAGGAGGA-1,Layer_5,2
CACTCTTCTGCTAGCC-1,Layer_3,4
CACTGACGATTGTGGA-1,Layer_6,5
CACTGTCCAAGTGAGA-1,Layer_3,7
CACTTAATCAGACGGA-1,Layer_6,5
CACTTCGCCACAGGCT-1,Layer_3,4
CACTTCGTCTTATCTC-1,Layer_1,6
CAGAACTTAGCCCTCT-1,Layer_5,2
CAGAATAACACACGGA-1,Layer_3,1
CAGACACCGATCGCTG-1,WM,3
CAGACCTGTAAGTGTT-1,Layer_3,7
CAGACGAACCTGATAC-1,WM,3
CAGAGACGGTCACCCA-1,Layer_6,5
CAGAGCATGAGCTTGC-1,Layer_5,5
CAGAGGCGATGCATGA-1,WM,3
CAGAGTGATTTAACGT-1,Layer_3,4
CAGATACTAACATAGT-1,Layer_5,2
CAGATATGAAGATGAC-1,WM,3
CAGATCATTTAAAGTC-1,Layer_3,4
CAGATCCTGGTTTGAA-1,WM,3
CAGCAGCCCGTTCCTT-1,Layer_5,2
CAGCAGTCCAGACTAT-1,Layer_3,4
CAGCAGTCTGTGCTGC-1,Layer_5,2
CAGCCCTCACAGGCAG-1,Layer_2,1
CAGCCGGGCCCTCTAT-1,Layer_3,4
CAGCCTCCTGCAGAGG-1,Layer_5,2
CAGCCTCTCCTCAAGA-1,Layer_3,4
CAGCGATTCCCTTCAA-1,WM,3
CAGCTCACTGAGACAT-1,Layer_6,5
CAGCTCGACAAGTTAA-1,Layer_5,2
CAGCTCGTGCTTGTGT-1,Layer_3,4
CAGCTGGCGTAACCGT-1,Layer_6,3
CAGCTTAGTAGGTAGC-1,Layer_5,2
CAGGAAGACTTTATAT-1,Layer_3,7
CAGGATATATCGTTGT-1,Layer_6,5
CAGGATCCGCCCGACC-1,Layer_1,6
CAGGCAGTCTTACCAG-1,Layer_3,7
CAGGCCGTTTGGGTGT-1,Layer_6,5
CAGGCGCACGGTGGTC-1,WM,3
CAGGCGCCATGCTAGG-1,Layer_6,5
CAGTAACTATTTATTG-1,Layer_3,4
CAGTAATCCCTCCCAG-1,Layer_3,4
CAGTACATTCTCTAAA-1,Layer_3,4
CAGTACCAGTTTACGT-1,Layer_6,3
CAGTAGCCCACGCGGT-1,Layer_4,2
CAGTAGCGAGGTAGTA-1,Layer_1,6
CAGTCGAGGATGCAAT-1,Layer_3,4
CAGTCTCTCGGCTAAT-1,Layer_1,6
CAGTCTGTATACTGGG-1,Layer_6,5
CAGTGAATAAATGACT-1,Layer_5,2
CAGTGGTTGCACATGA-1,Layer_3,4
CAGTGTCCGCAGAATG-1,Layer_3,4
CAGTGTCGGCTGGCCC-1,Layer_4,7
CAGTGTTAATCTCTCA-1,WM,3
CAGTTCAAATTGACAC-1,Layer_5,5
CAGTTCCGCGGGTCGA-1,Layer_4,7
CATAACGGACAGTCGT-1,Layer_4,7
CATAAGAAGCTTGGCT-1,Layer_5,5
CATAAGCTCTCCGTCT-1,Layer_5,5
CATAATGAGCGGGCGA-1,Layer_1,6
CATACAAAGCCGAACC-1,Layer_3,4
CATACACGGTTCCCAC-1,Layer_6,5
CATACCCGTACCCAGT-1,Layer_5,5
CATACGAACTAGCTGG-1,WM,3
CATACGGCGTCTGGGC-1,Layer_6,5
CATACGGGTGCATGAT-1,Layer_1,6
CATACTATGTAATTGT-1,Layer_6,5
CATACTTAGGCAATAC-1,Layer_3,1
CATAGCCGCCCGGGAT-1,Layer_3,7
CATAGCGTTGCCCACC-1,WM,3
CATAGTACATTGAGAG-1,Layer_3,7
CATAGTAGCATAGTAG-1,Layer_4,7
CATAGTCAAATACATA-1,Layer_3,7
CATAGTCCACAAGAAC-1,Layer_6,3
CATATACTACTGATAA-1,Layer_3,4
CATATAGGTACAGTCA-1,Layer_6,5
CATATGTCAGGCTACG-1,Layer_6,3
CATATTATTTGCCCTA-1,Layer_3,4
CATCATCTACCCGGAC-1,Layer_3,7
CATCATTACCCTGAGG-1,Layer_3,7
CATCCAATATAGTTTG-1,WM,3
CATCCGCAGGCCCGAA-1,Layer_1,6
CATCCTCTCAAAGATC-1,Layer_3,7
CATCGAATGGATCTCT-1,Layer_1,6
CATCGCCCGCGGCCAA-1,Layer_3,4
CATCGGACGGGTTAAT-1,Layer_6,5
CATCTATCCCGTGTCT-1,Layer_3,4
CATCTTACACCACCTC-1,Layer_3,7
CATGAACCGACATTTG-1,Layer_3,1
CATGAACCTCTTATCA-1,Layer_3,4
CATGACTTCGCTGAAT-1,Layer_3,4
CATGAGATGCACTCTC-1,Layer_5,2
CATGATCGCTTTGAGA-1,,6
CATGATGCACAATTCT-1,Layer_5,2
CATGATGGAAGTTAGC-1,Layer_3,4
CATGCACGTGTTACTG-1,Layer_3,1
CATGCATGGAGACCCT-1,Layer_3,4
CATGCCAACTCGCAAA-1,Layer_6,5
CATGCGACCAGTTTAA-1,Layer_3,7
CATGCGTTAGACAGAA-1,Layer_3,7
CATGCTGGCTCCAATT-1,Layer_3,7
CATGGAAATGGGACCA-1,Layer_1,1
CATGGATTGTCTTCCG-1,Layer_3,4
CATGGCAGGAAGATCG-1,Layer_4,7
CATGGGTATGCCTTAT-1,Layer_5,2
CATGGGTCGGGTGTGG-1,Layer_5,2
CATGGTAAGTAGCGTT-1,Layer_6,5
CATGGTATTAGTTTGT-1,WM,3
CATGGTCTAGATACCG-1,Layer_6,5
CATGTAAGAGACATTT-1,Layer_4,7
CATGTAGGAGCGCCAA-1,Layer_2,1
CATGTCTCATTTATGG-1,Layer_5,2
CATTACGTCGGCCCGT-1,Layer_5,2
CATTATAACAGGGTCC-1,Layer_2,1
CATTATCCCATTAACG-1,WM,3
CATTATGCTTGTTGTG-1,Layer_5,5
CATTCACTGACAGCTA-1,Layer_3,4
CATTCAGGTCAGTGCG-1,Layer_1,6
CATTCCCTAAGTACAA-1,Layer_1,6
CATTGCAAAGCATAAT-1,Layer_2,1
CATTGCGAAATGGGCG-1,Layer_5,2
CATTGTGTGCTAGATC-1,Layer_1,6
CATTTAGCGGACCATG-1,Layer_5,2
CATTTATCGTTCAAGA-1,Layer_3,4
CATTTCTAGCAGACTA-1,Layer_3,4
CATTTGAGTGGTACGT-1,WM,3
CCAAACAGAACCCTCG-1,Layer_5,2
CCAAAGCAGTTGGTTG-1,Layer_1,6
CCAAATAACAAGATTC-1,Layer_2,1
CCAACCTTATGTAACT-1,WM,3
CCAACGATGCACTGAT-1,Layer_5,2
CCAACGCTTGCCAGGG-1,Layer_3,1
CCAAGAAAGTGGGCGA-1,Layer_6,3
CCAAGACTTCTGCGAA-1,Layer_5,2
CCAAGCGTAACTCGTA-1,Layer_6,5
CCAAGGAACAGAGAGG-1,Layer_3,4
CCAATAGTGCCGTCGA-1,Layer_6,5
CCAATCGGTAGATCGA-1,Layer_3,7
CCAATGTCACAGCAAG-1,Layer_6,5
CCAATTACGGGTCGAG-1,Layer_3,7
CCAATTGAATGTTAAT-1,Layer_4,7
CCACAATGTACGTCTT-1,Layer_5,2
CCACACTGAGATATTA-1,Layer_6,5
CCACAGCTGAAATCAT-1,Layer_1,6
CCACAGTACCCATCCT-1,Layer_4,7
CCACATACTGCACCCA-1,Layer_2,6
CCACCAACTTTACTGT-1,WM,3
CCACCCAAGGAAAGTG-1,Layer_6,5
CCACGAATTTAACCTC-1,Layer_3,4
CCACGAGAAGAGAATC-1,Layer_4,2
CCACGGAGCCATAAGA-1,Layer_6,3
CCACGGTGCCCGGTAG-1,Layer_3,4
CCACTAAACTGAATCG-1,Layer_1,6
CCACTGGTGGCTGGTT-1,Layer_5,5
CCACTGTTTGGATTAA-1,Layer_3,1
CCAGAAAGCAACTCAT-1,WM,3
CCAGAGACAAAGCCGG-1,Layer_3,4
CCAGATAGTTGAGTGA-1,Layer_5,2
CCAGCCTGGACCAATA-1,Layer_6,5
CCAGCTACGCCTCATA-1,Layer_1,6
CCAGCTCGAACGCATT-1,Layer_6,5
CCAGCTGATGGTACTT-1,Layer_5,2
CCAGCTTCCGCCCGCA-1,Layer_3,7
CCAGGGACGTGGCCTC-1,Layer_5,5
CCAGTAGTCTGATCCA-1,Layer_4,2
CCAGTCAAATCTCTTA-1,Layer_5,5
CCAGTCCATTATTCGA-1,Layer_1,6
CCAGTCTAGACGGCGC-1,Layer_5,2
CCAGTCTTGTCATAGA-1,Layer_6,5
CCATAAACAACCCGAC-1,Layer_3,7
CCATACCTTTACTTGT-1,Layer_3,7
CCATAGGTTGGCGTGG-1,Layer_5,2
CCATAGTCAGTAACCC-1,Layer_2,6
CCATATGGAAACTATA-1,Layer_3,4
CCATATTGGATCATGA-1,Layer_1,6
CCATCCATACCAAGTC-1,Layer_3,4
CCATCGCAGTTAAACT-1,Layer_6,5
CCATCTCACCAGTGAA-1,Layer_3,7
CCATCTTGTTCACAAT-1,Layer_1,6
CCATGCCCTAGATTTC-1,Layer_3,4
CCATGCCTGTTTAGTA-1,Layer_6,5
CCATGCTCTGCAGGAA-1,Layer_4,7
CCATGGCCCTTGTACC-1,Layer_5,2
CCATGTTCATCTATAT-1,WM,3
CCATTAGCGATAATCC-1,Layer_5,5
CCATTCCCTGCCCACA-1,Layer_5,5
CCATTTCTACCTATTA-1,Layer_6,5
CCCAAACATGCTGCTC-1,Layer_5,2
CCCAACATACGTCGCG-1,Layer_6,5
CCCAACCACACTAACA-1,Layer_3,4
CCCAAGAATGCACGGT-1,Layer_3,1
CCCAAGACAGAGTATG-1,Layer_1,6
CCCAATGAGATTTGCA-1,WM,3
CCCAATTTCACAACTT-1,Layer_6,5
CCCAGAGGAGGGCGTA-1,Layer_3,4
CCCAGGTCTGAAGGCT-1,Layer_3,1
CCCAGTAAACTTGGGA-1,WM,3
CCCAGTTAAGGCGCCG-1,Layer_5,2
CCCATATAGGTCGATT-1,,6
CCCGAAGTTTCGCGAA-1,Layer_6,5
CCCGACCATAGTCCGC-1,Layer_5,2
CCCGAGTTTCTCCGTA-1,Layer_3,4
CCCGCAGCGCGAACTA-1,Layer_6,5
CCCGCAGGGCCCAAAG-1,Layer_3,7
CCCGCCATGCTCCCGT-1,Layer_3,7
CCCGCGCAATGCACCC-1,Layer_3,4
CCCGCTAGAGGGTTAA-1,Layer_2,1
CCCGGCACGTGTCAGG-1,,6
CCCGGGTCGTTCAGGG-1,Layer_6,5
CCCGGTGGAAGAACCT-1,Layer_3,4
CCCGGTGTATCGGAAT-1,WM,3
CCCGTAAGTCTAGGCC-1,Layer_6,5
CCCGTAGCTGGGAAGA-1,WM,3
CCCGTCAGCGTCTGAC-1,Layer_5,2
CCCGTTTCGCAGATGT-1,Layer_3,1
CCCTAGTGTCAGGTGT-1,Layer_1,6
CCCTATGTAGAGCAGA-1,WM,3
CCCTCATTCTGGAATT-1,Layer_3,4
CCCTCCTCGCTCGTAT-1,Layer_3,4
CCCTCGGGAGCCTTGT-1,Layer_1,6
CCCTGAAATGAGTTGA-1,Layer_5,2
CCCTGACTAACAAATT-1,Layer_5,2
CCCTGATGTAACTCGT-1,Layer_1,6
CCCTGCCCAATCCGCT-1,Layer_5,5
CCCTGCGCTACGCATA-1,Layer_5,2
CCCTGGTATGGGCGGC-1,Layer_3,4
CCCTGTTGGCAAAGAC-1,Layer_1,6
CCCTTCTCGTACGCGA-1,Layer_1,6
CCCTTTAATGGAGTTC-1,Layer_3,1
CCCTTTGACAGGTCTT-1,Layer_6,5
CCGAAAGTGGTGAGCA-1,Layer_3,4
CCGAACACTGGGCCTC-1,Layer_6,5
CCGAACCTTCCCGGCC-1,Layer_6,5
CCGAAGTATATTGTTC-1,Layer_3,4
CCGACAAACACATGAG-1,Layer_2,6
CCGACAAAGGGAGTGC-1,Layer_5,2
CCGACAATAGGCCGCC-1,Layer_2,1
CCGACGGGCATGAGGT-1,WM,3
CCGACGTAAACACAAC-1,Layer_3,4
CCGACTCGCATAGTCT-1,Layer_3,4
CCGAGAAGTCGCATAA-1,Layer_3,1
CCGAGCTGTGCTTGTC-1,Layer_2,1
CCGAGGGATGTTAGGC-1,Layer_3,4
CCGATCTCAACCTTAT-1,Layer_3,7
CCGATTCGAGGGACCC-1,Layer_5,2
CCGATTGGTCAATGAA-1,Layer_1,6
CCGCACAAAGACCAAC-1,Layer_6,5
CCGCACGTGACCTCGG-1,Layer_4,7
CCGCATGTGGTACGAT-1,Layer_6,5
CCGCCACCACAATCCA-1,Layer_3,1
CCGCCGGAACTTCTCG-1,WM,3
CCGCCGGTCAACACAC-1,Layer_3,7
CCGCCGTTGAGGATAA-1,Layer_2,1
CCGCCTGCGAATTGGT-1,Layer_3,4
CCGCGATTTGGTAGGT-1,Layer_5,2
CCGCGGAATGCGTCAC-1,WM,3
CCGCGGGTACGAAGAA-1,Layer_5,2
CCGCGTAGGTAAGGGC-1,Layer_4,2
CCGCTATCAGCACCAG-1,Layer_6,5
CCGCTCTTCCGAACTA-1,Layer_3,4
CCGCTGGTGCCATTCA-1,Layer_3,4
CCGCTTACCTCACTCT-1,WM,3
CCGCTTCGCGGTTAAC-1,Layer_1,6
CCGCTTGCTGACATGG-1,Layer_2,1
CCGGAATGGTTTCAGT-1,Layer_4,7
CCGGAGCGTACTTTCT-1,Layer_6,5
CCGGCACGACCGTTTC-1,Layer_3,4
CCGGCGCATATTGGAT-1,Layer_3,7
CCGGCGTGAGACTCTG-1,Layer_6,5
CCGGGACCCGCAGAGA-1,Layer_3,7
CCGGGCGGTCTCGTCA-1,Layer_6,5
CCGGGCTAAGAATTTC-1,WM,3
CCGGGCTGCTCCATAC-1,Layer_5,2
CCGGGTTCGAGGTTAC-1,Layer_6,5
CCGGTAATGGCTAGTC-1,Layer_2,1
CCGGTTTGTAATTGTG-1,WM,3
CCGTAAGTTGGTCCCA-1,Layer_6,5
CCGTACCCAAGCGCCA-1,Layer_2,1
CCGTAGGAAATCCCTG-1,Layer_3,4
CCGTAGGGTTGTTTAC-1,Layer_3,1
CCGTATCTCGTCGTAG-1,WM,3
CCGTATTAGCGCAGTT-1,Layer_2,1
CCGTCAACCTCTGGCG-1,WM,3
CCGTGCCCATGACGGC-1,Layer_3,4
CCGTGGAACGATCCAA-1,Layer_3,4
CCGTGTTAAATTCCAT-1,WM,3
CCGTTACGTTAGAACA-1,Layer_4,7
CCGTTCCGAATCTCGG-1,Layer_5,5
CCTAAACAGGGTCCGT-1,Layer_1,6
CCTAAAGGCTGACGCT-1,Layer_3,7
CCTAAATTAACGGTTC-1,Layer_6,5
CCTAAATTGTATCCTA-1,Layer_2,1
CCTAACCCAAACAAGT-1,Layer_5,7
CCTAACTAAGGCTCTA-1,Layer_3,7
CCTAAGTGTCTAACCG-1,Layer_1,6
CCTACAAGTCCGGAAT-1,Layer_1,1
CCTACATTCACAGACG-1,WM,3
CCTACGCGACCTTACA-1,Layer_3,1
CCTACGGCTCAGTCGA-1,Layer_3,4
CCTACTGCTTACACTT-1,Layer_5,5
CCTAGGCGTAGCGATC-1,Layer_5,2
CCTAGGTAAAGGTAGC-1,Layer_6,3
CCTAGTTAGTCGCATG-1,Layer_3,7
CCTATAATGAGTGCCC-1,Layer_5,2
CCTATACCGTCCTGTC-1,WM,3
CCTATATCGTGTCACG-1,WM,3
CCTATATTTGTCCTGG-1,Layer_6,5
CCTATCTATATCGGAA-1,Layer_5,2
CCTATGAAGTGGTGCC-1,Layer_3,4
CCTATGGCTCCTAGTG-1,WM,3
CCTATGGGTTACCGTC-1,Layer_6,5
CCTATGGTCAAAGCTG-1,Layer_6,5
CCTATGTCCACTCCAC-1,Layer_3,7
CCTCACCAATCTTGAC-1,Layer_3,4
CCTCACCTGAGGGAGC-1,Layer_3,7
CCTCACCTTAGCATCG-1,Layer_3,7
CCTCATGCAGCTACGA-1,Layer_1,6
CCTCCCGACAATCCCT-1,Layer_3,4
CCTCCGACAATTCAAG-1,Layer_5,2
CCTCCTAGCTAGAGTC-1,WM,3
CCTCCTGTTGTGTCGT-1,Layer_3,4
CCTCGAAGTGGACGGG-1,Layer_3,7
CCTCGACCCACTGCCT-1,Layer_3,1
CCTCGCCAGCAAATTA-1,Layer_5,2
CCTCGCGCGATATAGG-1,Layer_3,7
CCTCGCGCTGTGCGAT-1,Layer_6,5
CCTCGGACCGGGATAG-1,Layer_5,2
CCTCGGATGCTACCTG-1,Layer_3,7
CCTCGGTTTCCTTGCC-1,WM,3
CCTCTAATCTGCCAAG-1,Layer_5,2
CCTCTACAAGGATTGG-1,WM,3
CCTCTATCGATTAGCA-1,WM,3
CCTCTCTCCCATCTAG-1,Layer_5,5
CCTCTGGCCTAGACGG-1,Layer_3,7
CCTCTGTACTATTCTA-1,Layer_6,5
CCTGAACGATATATTC-1,Layer_5,2
CCTGAATATTTACATA-1,Layer_5,2
CCTGACCACCGATGGT-1,Layer_6,5
CCTGACGCAACCTTTA-1,Layer_3,1
CCTGCGTTCTACGCTT-1,Layer_4,7
CCTGCTATTTGAGAAG-1,Layer_5,2
CCTGGAAACGTTCTGC-1,Layer_3,1
CCTGGCTAGACCCGCC-1,Layer_5,2
CCTGGTCGAATGTGGG-1,Layer_6,5
CCTGTAAGACATGATA-1,Layer_6,5
CCTGTACTCACGCCCA-1,Layer_6,5
CCTGTCACCCGGGCTC-1,Layer_6,5
CCTGTCCCTCACGTTA-1,Layer_2,1
CCTGTCGCCCGTAAAT-1,Layer_6,5
CCTGTGCATAGGAGAC-1,Layer_1,6
CCTGTGCGGATTGTAA-1,Layer_1,1
CCTGTTTGAAGACACG-1,Layer_3,7
CCTTCAGTTAAAGTGA-1,WM,3
CCTTCGTATAGAATCC-1,Layer_6,5
CCTTCTCAGCGTTCCT-1,Layer_6,5
CCTTCTTGATCCAGTG-1,Layer_5,2
CCTTGACCACTTTATT-1,Layer_3,1
CCTTTAAGGGAGCACT-1,WM,3
CCTTTCAATGAAGAAA-1,Layer_3,7
CCTTTGAATTATGGCT-1,WM,3
CGAAACATAGATGGCA-1,Layer_3,7
CGAAACGCAATTCATG-1,Layer_6,5
CGAACAGTATGGGCGT-1,Layer_3,7
CGAACCCGCATGCGTC-1,WM,3
CGAACGCCCAGTGCCG-1,Layer_3,7
CGAACGGCCGGACAAC-1,Layer_6,5
CGAAGACTGCCCGGGA-1,Layer_1,6
CGAAGCTATAAATTCA-1,Layer_3,4
CGAAGGGTTTCAGATT-1,WM,3
CGAAGTTGCTCTGTGT-1,Layer_5,2
CGAATCTGCTCGACGC-1,WM,3
CGAATGAAGTCATTGC-1,WM,3
CGAATGACGCATAATG-1,Layer_6,5
CGAATTACATGGTGTT-1,Layer_2,1
CGACAATTTGATCTAA-1,Layer_4,7
CGACACGCTCCGACAG-1,Layer_4,7
CGACAGTTCGCGTTAT-1,Layer_6,5
CGACATGCGATCTTCT-1,Layer_3,4
CGACCCTTAACGCCGG-1,Layer_6,5
CGACGCATCCGTACCT-1,Layer_6,3
CGACTCAGGATGTTAT-1,Layer_4,2
CGACTTTGTATAGCCT-1,Layer_3,4
CGAGACCCTAGAGTGT-1,Layer_6,5
CGAGAGATGTGAACCT-1,Layer_6,5
CGAGAGCGCGTAGATA-1,Layer_5,5
CGAGAGCTTTCACTAC-1,Layer_3,7
CGAGAGGGTAGCCGCG-1,Layer_3,1
CGAGATGTTGCCTATA-1,Layer_1,6
CGAGATTTCGCTCGGG-1,Layer_2,1
CGAGCACTTCAAGTTT-1,Layer_3,4
CGAGCGTTGATCAGCC-1,Layer_3,4
CGAGCTGGGCTTTAGG-1,Layer_4,2
CGAGGCCAGGCATTGG-1,Layer_2,1
CGAGGCTAAATATGGC-1,Layer_6,5
CGAGGGACTGCGGTCG-1,Layer_5,5
CGAGGGTATCCAGGTG-1,Layer_6,5
CGAGTACTAAAGAGGA-1,WM,3
CGAGTGAAGGTACCAG-1,WM,3
CGAGTGCTATAGTTCG-1,Layer_2,1
CGAGTTCTGTCCCACC-1,Layer_5,2
CGAGTTTATCGGACTG-1,Layer_4,7
CGATAATACTCAGGTT-1,Layer_2,1
CGATACCTCGCGGACA-1,Layer_6,5
CGATAGCGATACAGTG-1,WM,3
CGATAGTCGTACTGCA-1,Layer_3,7
CGATATTAGCCGCAGG-1,Layer_1,6
CGATCCGACCCAGTGC-1,Layer_6,5
CGATCCTCGCAACATA-1,WM,3
CGATCTGTTGGAGGAC-1,Layer_6,3
CGATGGACCCTACGCC-1,Layer_3,7
CGATGTTGTTATCTAC-1,WM,3
CGATTAAATATCTCCT-1,Layer_6,5
CGATTCGCCTGGCTGC-1,Layer_5,2
CGCAAACACGAGTTAC-1,Layer_5,2
CGCAATTACTTTCGGT-1,Layer_4,7
CGCAATTAGGGTAATA-1,Layer_5,2
CGCAATTCTACAATAA-1,Layer_4,7
CGCACATGTCCACTAC-1,Layer_5,2
CGCACGTCTGTTTATG-1,WM,3
CGCACGTGCGCTATCA-1,Layer_3,7
CGCAGAAACATTTGCG-1,Layer_3,4
CGCAGATCTTCACCCG-1,Layer_2,1
CGCAGGCGATCCAAAC-1,Layer_3,4
CGCATCATGGCTTCAG-1,Layer_3,4
CGCATGGTGCGATGCT-1,Layer_6,5
CGCATTAGCTAATAGG-1,Layer_5,5
CGCCAAGAAGCCGAGT-1,Layer_5,5
CGCCACAGGTCGCGAT-1,Layer_6,3
CGCCACCCGCATTAAC-1,Layer_1,6
CGCCATCCGATTATGA-1,Layer_5,2
CGCCCAGCACGCCTAG-1,Layer_6,5
CGCCCAGCGTTTCACG-1,Layer_3,7
CGCCCGCTTCCGTACA-1,Layer_4,2
CGCCCTAATTGTTCAA-1,WM,3
CGCCCTTACATCCACC-1,Layer_1,6
CGCCCTTGAAGGCTGA-1,Layer_3,4
CGCCGCCCATGCCTGT-1,Layer_5,2
CGCCGCGTTCTGAACG-1,WM,3
CGCCGTTCAGCATAGT-1,Layer_3,1
CGCCTCCCTCCTCTAT-1,Layer_6,5
CGCCTGGCCTACGTAA-1,Layer_6,5
CGCCTTTAGCATGCTC-1,Layer_2,1
CGCGAAGTGGCATACT-1,Layer_3,4
CGCGACCGCGACAGAT-1,Layer_5,2
CGCGAGAGGGACTTGT-1,Layer_2,1
CGCGAGTCTGCCGGGT-1,WM,3
CGCGCAAATGTCCAGA-1,WM,3
CGCGCAAGGAACTACA-1,Layer_1,6
CGCGCATGTTTGATTG-1,Layer_6,5
CGCGCCCGACTTAATA-1,Layer_5,2
CGCGGCAGTATTACGG-1,Layer_1,6
CGCGGCTCAACTTGAA-1,Layer_3,7
CGCGGGAATTAGGCAG-1,Layer_5,2
CGCGGTCACAAACCAA-1,Layer_3,4
CGCGTCATATTAAACC-1,Layer_2,1
CGCGTGCTATCAACGA-1,Layer_1,6
CGCGTTCATGAAATAC-1,Layer_5,5
CGCTACGGGACATTTA-1,Layer_6,5
CGCTAGAGACCGCTGC-1,Layer_3,7
CGCTATACCGCCCACT-1,Layer_3,4
CGCTATTCAATGTATG-1,Layer_3,4
CGCTATTCTTAGGCTC-1,Layer_6,5
CGCTCGACATAATGAT-1,Layer_4,7
CGCTCTCCGTAGATTA-1,Layer_5,5
CGCTGAGGACGTCCAA-1,Layer_1,6
CGCTGGTGACTACCCT-1,Layer_3,7
CGCTGTGACGCCGCAC-1,Layer_5,2
CGCTGTGTGGATGTTG-1,WM,3
CGCTTAGTATTGATAC-1,Layer_6,5
CGCTTATTCCCGGTCG-1,Layer_6,5
CGCTTCCACTGAAATC-1,Layer_3,7
CGCTTCGGTCTAAGAC-1,,1
CGCTTTCATACCGGTG-1,Layer_3,4
CGCTTTCTTGCATTCG-1,Layer_5,2
CGGAAAGAATCAAACG-1,WM,3
CGGAAATTTCACATCC-1,Layer_3,4
CGGAACGTAAACATAG-1,WM,3
CGGAGCAATTTAATCG-1,Layer_6,5
CGGAGCATGGCGATCC-1,Layer_6,5
CGGAGCTTATAACACC-1,Layer_3,4
CGGAGTTTGAGAGACA-1,Layer_5,2
CGGATAAGCGGACATG-1,Layer_3,4
CGGATCCTCAAGGACT-1,Layer_5,2
CGGCAAACATCGTGCG-1,Layer_6,5
CGGCAATAAGATCGCC-1,Layer_3,1
CGGCACCGTTAGCGCC-1,Layer_3,4
CGGCACTCAAGAAAGT-1,Layer_2,1
CGGCAGGGTCGGGTTG-1,Layer_4,7
CGGCCACGCACAAAGT-1,Layer_6,5
CGGCCAGAGCGACCAT-1,Layer_6,5
CGGCCCAACCTGTAGT-1,Layer_2,1
CGGCCCAGGTATATCC-1,Layer_3,4
CGGCGCCATCAATCCC-1,Layer_3,7
CGGCTCTAAAGCTGCA-1,Layer_3,4
CGGCTCTTCGTCGAAC-1,Layer_3,4
CGGCTGCAAGATTAAG-1,Layer_3,1
CGGCTTTGTATGATAA-1,Layer_3,4
CGGGAATATAGTATAC-1,Layer_3,4
CGGGAATTTATGTAAA-1,Layer_6,5
CGGGAGCTTCAGTGTA-1,Layer_4,7
CGGGAGTATACCGCCG-1,Layer_3,4
CGGGATCAATGTAAGA-1,Layer_5,2
CGGGCAGCTAAACCGC-1,Layer_6,5
CGGGCCATAGCCGCAC-1,Layer_1,6
CGGGCCTTCTTTGTAA-1,Layer_6,5
CGGGTGTACCCATTTA-1,Layer_5,2
CGGGTTCGGCACGTAT-1,Layer_1,1
CGGGTTGTAGCTTTGG-1,Layer_1,6
CGGGTTTGTTAGGGCT-1,Layer_2,1
CGGTACTAGAATCAAA-1,Layer_5,2
CGGTAGAGGTGCAGGT-1,Layer_4,7
CGGTATAGGTATTAGC-1,Layer_3,4
CGGTCAAGTGGGAACC-1,Layer_5,2
CGGTCCGTCGCAAGCC-1,Layer_6,5
CGGTCTATCAACCCGT-1,Layer_4,7
CGGTGAAGACTAAAGT-1,Layer_5,2
CGGTGCAGATAGAACG-1,Layer_6,5
CGGTGCGCGTTGGTCC-1,WM,3
CGGTGGGCTCCAGCCT-1,Layer_3,4
CGGTGTACTTGATCCC-1,Layer_3,4
CGGTTATCCAACAGTG-1,Layer_3,7
CGGTTCAAGTAGGTGT-1,Layer_3,4
CGGTTCCGGCTTCTTG-1,Layer_1,6
CGGTTGACCTGGCATA-1,Layer_5,5
CGGTTGAGTATCCTTC-1,WM,3
CGGTTGGGTTCAAGTT-1,Layer_2,1
CGGTTTATGAAGGAAC-1,Layer_2,1
CGTAAACGCTTGAGTG-1,Layer_1,6
CGTAACTTCGACACTT-1,Layer_6,5
CGTACCTGATAGGCCT-1,Layer_5,2
CGTAGAGAGTAATTAT-1,Layer_3,7
CGTAGCGAATTGTCAG-1,Layer_3,7
CGTAGCGCCGACGTTG-1,Layer_2,1
CGTATTAAGAGATCTA-1,Layer_6,5
CGTCAAGGCTATAAAT-1,Layer_3,7
CGTCAATCTTTAACAT-1,Layer_1,6
CGTCACGTCCATTGGT-1,WM,3
CGTCAGTGCGCACAAG-1,Layer_3,4
CGTCAGTTTATCGTCT-1,Layer_1,6
CGTCATACCATATCCA-1,Layer_3,4
CGTCGCATGTGAGCCA-1,Layer_5,2
CGTCGCGGCGGGATTT-1,Layer_1,6
CGTCGCTTGGTTATAC-1,WM,3
CGTCGGATAGTGTTGA-1,Layer_3,7
CGTCGGGTCTAAGCGC-1,WM,3
CGTCGTCCTTCGCGAA-1,Layer_5,2
CGTCTGGAAGGGCCCG-1,Layer_4,7
CGTGAAGTTAATTCAC-1,Layer_6,5
CGTGACATTGGGTCGT-1,Layer_3,7
CGTGACCAGTCCTCTG-1,Layer_6,5
CGTGCAGACTGGGACA-1,Layer_6,5
CGTGCATTGTCGACGC-1,Layer_6,5
CGTGCCCGACATTTGT-1,Layer_1,6
CGTGCCCTCCCGAAGA-1,Layer_6,5
CGTGCTTCTACCTAAA-1,WM,3
CGTGGCCGAATATCTA-1,Layer_3,4
CGTGGTACCCAAAGGC-1,WM,3
CGTGTATGGGAGCTGA-1,,6
CGTGTCCCATTCGCGA-1,Layer_5,2
CGTGTCTCGTTACGAC-1,WM,3
CGTGTGTTAAACCCTG-1,Layer_2,1
CGTTAAACTAGTTAGG-1,Layer_3,1
CGTTAATGTCCCGACG-1,Layer_4,7
CGTTAGCTCACAACTG-1,Layer_3,4
CGTTCAGACCCGCGAA-1,Layer_6,5
CGTTCATGGTGCGCGT-1,Layer_6,3
CGTTCTTCGCACACCT-1,Layer_2,1
CGTTGAATACCGCGCT-1,Layer_5,2
CGTTGAGCGACCGTCG-1,Layer_6,5
CGTTGAGTAATTGCGT-1,Layer_3,1
CGTTGCCCGCGTGGGA-1,WM,3
CGTTGTAAACGTCAGG-1,Layer_3,4
CGTTGTAAGATTGATT-1,Layer_3,4
CGTTGTCGGCAATTGA-1,Layer_6,5
CGTTGTTTCAATTCCC-1,Layer_6,5
CGTTTAAGCGGAGCAC-1,Layer_3,7
CGTTTCACTTCGGGCG-1,Layer_3,7
CGTTTCGCTCATTACA-1,Layer_6,5
CGTTTGTGTAGAGGGT-1,WM,3
CTAAACGGGTGTAATC-1,Layer_1,6
CTAAAGAATGCCTACT-1,Layer_6,5
CTAAAGGGAAATAGGA-1,Layer_6,5
CTAAAGTCCGAAGCTA-1,Layer_1,6
CTAAATCCGGTGTACA-1,WM,3
CTAAATCCTATTCCGG-1,Layer_5,2
CTAACCGCGCGCCCGT-1,Layer_6,5
CTAACGAAACTTGCTG-1,Layer_4,7
CTAACTGATAATCGCC-1,Layer_3,4
CTAACTGGTCCGGTTC-1,WM,3
CTAAGGGAATGATTGG-1,Layer_6,5
CTAAGTACAGGGCTAC-1,Layer_1,1
CTAATTCGCACGCGCT-1,Layer_5,2
CTAATTCTCAGATATT-1,Layer_3,4
CTAATTTCAACAACAC-1,Layer_3,4
CTACAAGAAATAACCC-1,WM,3
CTACACTAGCTTGTTC-1,Layer_1,6
CTACACTCGCAGATGG-1,Layer_3,4
CTACATATCGCGGGAC-1,WM,3
CTACCCTAAGGTCATA-1,Layer_5,2
CTACGAACTAGGTCGA-1,Layer_3,4
CTACGACTAGCTATAA-1,Layer_5,5
CTACGATCCTATCCTA-1,WM,3
CTACGCACGGAGTACC-1,Layer_6,5
CTACGCCATTTCCGAT-1,Layer_3,7
CTACGTGTTGCCACCA-1,Layer_1,6
CTACTATCATAGGTTT-1,WM,3
CTACTATCTTTCAGAG-1,Layer_4,7
CTACTCAAGGTATAGT-1,WM,3
CTACTCTAGGCCCGGC-1,Layer_5,2
CTACTGCCACCTGACC-1,Layer_6,5
CTAGACATATATGTAG-1,Layer_1,1
CTAGACTGCATTTCGT-1,Layer_3,1
CTAGATAAACTCCTCG-1,Layer_1,6
CTAGATGTGAGTGTAA-1,Layer_3,7
CTAGATTTACGACGGC-1,Layer_6,5
CTAGCAACTAATTTAC-1,Layer_1,6
CTAGCATAGTATAATG-1,Layer_6,5
CTAGCCGATGTTATGA-1,Layer_3,4
CTAGGCGCCCTATCAG-1,Layer_4,7
CTAGGCGGCAGAGAAT-1,Layer_1,6
CTAGGGATAGGGACAA-1,WM,3
CTAGGTCTGAAGGAAT-1,Layer_3,7
CTAGGTTCGGACGTGA-1,Layer_6,5
CTAGTAGAAAGGGATT-1,Layer_5,2
CTAGTATTCGGAATTA-1,Layer_3,7
CTAGTCACGTCTTAAG-1,Layer_6,5
CTAGTGAAGGACAGGA-1,Layer_5,5
CTAGTTACAACCCGGT-1,Layer_6,5
CTAGTTGGGCCCGGTA-1,Layer_6,5
CTATAAGAGCCAATCG-1,Layer_3,4
CTATAGGCGTTGATGT-1,WM,3
CTATCGACGAAATACA-1,Layer_3,7
CTATCGGGTCTCAACA-1,Layer_6,5
CTATGCCCGAATGCAA-1,Layer_6,5
CTATGGGAAGCGGAAT-1,Layer_3,4
CTATGTCACTAGCCCA-1,Layer_6,5
CTATGTCTATTGAAAC-1,Layer_3,4
CTATGTGAGTCACGGC-1,Layer_6,5
CTATTCATGTGTCCCA-1,Layer_6,5
CTATTGTGTTTGGTCA-1,Layer_3,4
CTATTTGCTTGGAGGA-1,Layer_6,5
CTATTTGGTTACGGAT-1,Layer_5,2
CTCAAACCACTGCCCG-1,WM,3
CTCAACTAACCCGGAT-1,Layer_4,7
CTCAAGACATTAGCGC-1,Layer_3,4
CTCACATTTACTAAAT-1,Layer_6,5
CTCACTGTGATACTTA-1,Layer_5,2
CTCACTTGGCTGGTAA-1,Layer_6,5
CTCAGGACTCACCTGT-1,Layer_3,4
CTCAGTCACGACAAAT-1,Layer_3,7
CTCATAAATGTGTATA-1,,6
CTCATGGCTCACAATC-1,Layer_3,7
CTCATGGTAATTTGCG-1,WM,3
CTCATTGCTCTAACAA-1,Layer_5,2
CTCATTTGATGGGCGG-1,Layer_5,2
CTCCCAATGAGTCGCG-1,Layer_2,1
CTCCCTCCTTTCGATC-1,WM,3
CTCCGCCCACATGAGG-1,Layer_6,3
CTCCGGCCTAATATGC-1,Layer_5,2
CTCCGGCTTGTAGACA-1,Layer_2,6
CTCCTAAGTTATGTCT-1,Layer_2,1
CTCCTCCAGCTCACAC-1,Layer_6,5
CTCCTGTTCAAGGCAG-1,Layer_2,6
CTCCTTTACGCAAGTC-1,Layer_3,1
CTCGAATGGAACGTAT-1,Layer_2,1
CTCGAGACATACGATA-1,WM,3
CTCGAGGTCGAACAGT-1,Layer_6,5
CTCGATATTTGCGAGC-1,Layer_3,4
CTCGCACCTATATAGT-1,Layer_5,2
CTCGCATTGCATAGCC-1,WM,3
CTCGCCGAATGTAGGG-1,Layer_6,5
CTCGGGCATCGTCGGG-1,Layer_2,1
CTCGGGTTCTCTGGCC-1,WM,3
CTCGGTACCACTGCTC-1,Layer_5,2
CTCGGTCCGTAGCCTG-1,Layer_4,7
CTCGGTTGTCGGCCCT-1,WM,3
CTCGTCGAGGGCTCAT-1,WM,3
CTCGTTACGGCTACCA-1,WM,3
CTCGTTTCTAATGTTT-1,Layer_3,4
CTCTAATGCATTGATC-1,Layer_3,1
CTCTACACTGGCGATT-1,Layer_6,5
CTCTAGCCCTCGGAAA-1,Layer_3,7
CTCTATTTGGCTGCAG-1,Layer_6,5
CTCTCACAATCGATGA-1,Layer_6,5
CTCTCGATGTGCGCCT-1,Layer_2,1
CTCTCTAACTGCCTAG-1,WM,3
CTCTGCGAAGCAAGCA-1,Layer_3,4
CTCTGGACGCCTGGTG-1,Layer_6,5
CTCTGTGCCTGCTATG-1,Layer_1,6
CTCTGTTTGAGGATTC-1,Layer_3,7
CTCTTCTATTGACTGG-1,Layer_3,4
CTCTTCTGGAAGTTAG-1,WM,3
CTCTTGTCCCGCTTGG-1,Layer_6,5
CTGAAAGAGATCCGAC-1,Layer_5,2
CTGAATCCGAGACCTC-1,Layer_6,5
CTGAATTTATTGCCAG-1,Layer_3,4
CTGACATAGAAATAGA-1,Layer_2,6
CTGACTGCGCAGCTCG-1,Layer_3,7
CTGAGAAAGTTCGGCG-1,Layer_2,1
CTGAGCAAGTAACAAG-1,Layer_2,4
CTGATAGTGTATCTCA-1,Layer_4,7
CTGCAAATGGGCTCCA-1,Layer_1,1
CTGCAAGCACGTTCCG-1,Layer_2,1
CTGCACAACTACATAT-1,Layer_5,2
CTGCACCTGGAACCGC-1,Layer_3,7
CTGCACTCCAGTACAG-1,Layer_6,5
CTGCAGAGAATCAGAG-1,Layer_3,4
CTGCCAAGGTTGGAAG-1,Layer_5,2
CTGCCATGCATCACAT-1,Layer_6,5
CTGCCTAGCCACCAAG-1,Layer_3,4
CTGCCTTTAATACCTT-1,WM,3
CTGCCTTTCTAGTAAA-1,Layer_3,7
CTGCGGGTGAAATGTT-1,Layer_5,2
CTGCGGTAGTCACGTG-1,Layer_3,4
CTGCGTTACGATATAA-1,Layer_3,7
CTGCTGAGGCCACGAA-1,WM,3
CTGCTGTCTAACGAGC-1,Layer_2,1
CTGCTTGGCGATAGCT-1,Layer_5,2
CTGCTTTATGTCCGCG-1,Layer_2,1
CTGGAAATGGATGCTT-1,Layer_5,5
CTGGAAGACACGGTGG-1,Layer_5,7
CTGGACGCAGTCCGGC-1,Layer_6,3
CTGGATTTACACTTGA-1,Layer_6,5
CTGGCATCCGAATGAG-1,WM,3
CTGGCGACATAAGTCC-1,Layer_4,7
CTGGCGATTTACATGT-1,,6
CTGGCGCACAGGTCTG-1,Layer_5,2
CTGGCGGGAATAAGTA-1,Layer_3,4
CTGGCTCCTGCGGGAT-1,Layer_1,6
CTGGCTGATTCATCCT-1,Layer_4,7
CTGGCTGCTAACGTAA-1,Layer_1,6
CTGGCTGGTTGTCAGT-1,Layer_6,5
CTGGGATAAATAATGG-1,Layer_5,2
CTGGGATACGCTACCC-1,Layer_2,1
CTGGGATCGCCCAGAT-1,Layer_1,1
CTGGGCACTAGTCGGA-1,Layer_1,1
CTGGGCCTGCTATATC-1,Layer_6,5
CTGGGCGGCCAAATGT-1,Layer_2,1
CTGGGTAGGCAGTTAA-1,Layer_5,5
CTGGGTTGAGTTAAAG-1,WM,3
CTGGTAAAGTGTGGGC-1,Layer_2,1
CTGGTAACACATAGAA-1,Layer_5,2
CTGGTAACGAGCTCTT-1,Layer_3,7
CTGGTCATTCCAATCC-1,Layer_3,4
CTGGTCCTAACTTGGC-1,Layer_3,4
CTGGTGAATGGGCCTA-1,WM,3
CTGGTTCAACGCATCA-1,Layer_1,6
CTGGTTTCGAGCAAGA-1,Layer_5,2
CTGTACTTCTTAGCAT-1,Layer_6,5
CTGTAGCCATCTCACT-1,WM,3
CTGTAGTGAGGATCGA-1,WM,3
CTGTATGGTGTAGAAA-1,Layer_3,7
CTGTCAAATGGCTCGG-1,Layer_5,2
CTGTCACGCCAGGCGC-1,Layer_3,1
CTGTGCAGGGTAGGTC-1,Layer_6,5
CTGTGGTCGGGAGATA-1,Layer_4,7
CTGTTACCCAATCTAG-1,Layer_6,5
CTGTTCACTGCCTGTG-1,Layer_5,2
CTGTTCATCTCACGGG-1,Layer_3,7
CTGTTGTTCAGTCGTA-1,WM,3
CTTAACTTCGAAGTAC-1,Layer_3,7
CTTACACGGTATTCCA-1,Layer_5,5
CTTACACTGGGAAATA-1,Layer_3,7
CTTAGCCTTCCACATG-1,Layer_5,2
CTTAGGTATAGACCAG-1,WM,3
CTTAGTAGGCCTACAG-1,Layer_3,7
CTTAGTGTAGTAGCAT-1,Layer_4,2
CTTAGTTGAGGAATCG-1,WM,3
CTTATGCGCTCAGGGC-1,Layer_5,5
CTTATGTTGACTACCA-1,Layer_2,1
CTTCAACTCCACTTGG-1,Layer_5,2
CTTCAGTGGTCGCCTA-1,WM,3
CTTCATAGCTCAAGAA-1,Layer_3,7
CTTCATTGTCAGTGGA-1,Layer_6,5
CTTCCGCTCCGTGAAG-1,WM,3
CTTCCTGCATATTTAC-1,Layer_1,6
CTTCGGCCAATTGTTT-1,Layer_3,1
CTTCGTAGATAGGTGA-1,Layer_6,5
CTTCGTGCCCGCATCG-1,Layer_1,6
CTTCTATGTTGAAGTA-1,Layer_6,3
CTTCTATTAATGCTAG-1,WM,3
CTTCTGGGCGTACCTA-1,WM,3
CTTCTTACGTCGTATA-1,Layer_3,7
CTTGACCCGAAAGATA-1,Layer_3,4
CTTGAGGTTATCCCGA-1,Layer_1,6
CTTGAGTTAGGGTAAT-1,Layer_4,7
CTTGCAACCGCCTCCT-1,Layer_6,5
CTTGCCCAGGCTCTAC-1,Layer_6,5
CTTGGCCAAGCTGGGA-1,Layer_6,5
CTTGTACTTGTTGACT-1,Layer_5,2
CTTGTCAACATTCGAG-1,Layer_6,5
CTTGTCGTACGTGTCA-1,Layer_1,6
CTTGTGAGGACAGCGG-1,Layer_1,6
CTTGTGAGTCTTTGAC-1,Layer_2,6
CTTGTGCTCACCGATT-1,Layer_3,7
CTTGTTGCTGAGTCAA-1,Layer_5,2
CTTGTTTATGTAGCCA-1,Layer_3,4
CTTTAACTTTCAAAGG-1,Layer_5,2
CTTTAATATTGGTCGA-1,Layer_6,5
CTTTACCGAATAGTAG-1,Layer_5,2
CTTTAGGAACACTGTT-1,Layer_5,2
CTTTAGTGCTATTATT-1,Layer_6,5
CTTTCTGTGCGGGCTT-1,Layer_6,5
CTTTGAAACATATTCC-1,Layer_1,1
CTTTGCATCGCTCTTG-1,Layer_3,4
CTTTGGCGCTTTATAC-1,Layer_4,2
CTTTGGCTTTAGTAAA-1,Layer_5,5
CTTTGGGATTGTTGCA-1,WM,3
CTTTGTCGAATGCTCC-1,WM,3
GAAACAGATGACCACC-1,Layer_5,7
GAAACAGCCATGCAGT-1,Layer_3,7
GAAACATAGGAAACAG-1,WM,3
GAAACCATGGTGCGCT-1,Layer_3,1
GAAACCGAATTACCTT-1,WM,3
GAAACCTATACAAATG-1,Layer_6,5
GAAACTCGTGCGATGC-1,Layer_4,7
GAAACTCTAATGAAGG-1,Layer_3,7
GAAAGAACAGCGTTAT-1,Layer_3,7
GAAAGCAGTGCACTTT-1,Layer_6,5
GAAAGCCCTTTGGACC-1,Layer_5,2
GAAAGTGACTAACTGC-1,Layer_4,7
GAAATACCTGCTGGCT-1,Layer_3,4
GAAATACTAAACGTTT-1,Layer_3,4
GAAATATCACCATCAG-1,Layer_5,2
GAAATATGCTTGAATG-1,Layer_2,1
GAAATCGCGCGCAACT-1,Layer_5,2
GAAATGGCGGTGTTAG-1,Layer_6,5
GAAATGGGATGTAAAC-1,Layer_1,6
GAAATTAGCACGGATA-1,Layer_3,4
GAAATTCACATCGCTG-1,Layer_3,4
GAAATTGTCTCTATAA-1,Layer_6,5
GAACAACTGGGATGAA-1,Layer_3,7
GAACACACATCAACCA-1,Layer_5,2
GAACAGATTACTAAAT-1,Layer_6,5
GAACCATCTGGGAGAC-1,Layer_1,6
GAACCCTCTGTGTTCT-1,Layer_6,5
GAACCTCGACCTACAC-1,Layer_5,5
GAACCTTTAACGATCC-1,Layer_5,2
GAACGACCGAATGATA-1,Layer_5,2
GAACGCGGGTCACACG-1,Layer_2,1
GAACGTCTCATGGTCG-1,Layer_5,2
GAACGTTAGGAAGACG-1,Layer_4,2
GAACTGTGGAGAGACA-1,Layer_6,5
GAACTTAGCGCCCGGT-1,Layer_1,1
GAAGAAACGATATTGT-1,WM,3
GAAGAACGGTGCAGGT-1,Layer_3,4
GAAGACTTCAATGCCG-1,Layer_2,1
GAAGCAAGGCAATGTT-1,Layer_1,6
GAAGCCACTGATTATG-1,Layer_5,2
GAAGCCTGCACATTCC-1,Layer_6,5
GAAGCGTGAGGAATTT-1,Layer_6,5
GAAGCTCGGACCCGTC-1,WM,3
GAAGCTTGCTGACCGC-1,Layer_5,2
GAAGGACTAAATTGAA-1,Layer_1,6
GAAGGAGTCGAGTGCG-1,Layer_6,5
GAAGGGCATAACCATG-1,Layer_1,6
GAAGTCAGTTGCACTA-1,Layer_6,5
GAAGTCTCCCTAGCGA-1,Layer_5,2
GAAGTGATTTATCGTG-1,Layer_6,5
GAAGTGCTGGATAGCT-1,Layer_3,7
GAAGTTTCCACTCAAT-1,Layer_6,5
GAATAGACGCGACCCA-1,Layer_5,7
GAATAGCATTTAGGGT-1,Layer_2,1
GAATAGCCCTGCGGTC-1,Layer_2,1
GAATAGTGCTCGATTA-1,WM,3
GAATATTCGGAGTCCC-1,Layer_3,7
GAATCGACATGGTCAC-1,Layer_5,2
GAATCGCCGGACACGG-1,Layer_3,1
GAATCTATACTCGGAC-1,Layer_3,1
GAATCTGAACATTCTC-1,Layer_6,5
GAATGCCGAAATGACC-1,Layer_3,4
GAATGCGAATCGGTTC-1,Layer_5,2
GAATGTATGGCAGGTC-1,Layer_3,7
GAATGTGGTCCGGATT-1,Layer_5,2
GAATGTTGGGTAATCT-1,Layer_5,2
GAATTATAGTGAAAGG-1,Layer_6,5
GAATTCACCCGGGTGT-1,Layer_6,5
GAATTTCTCGCTGCAG-1,Layer_5,2
GACAAACATATGCAGG-1,Layer_3,7
GACAACGACCATTGAA-1,Layer_5,2
GACAACGCAGCTTACG-1,Layer_5,2
GACAAGAGATGAGATT-1,Layer_2,1
GACACAAGGGAAGAAA-1,Layer_6,5
GACACGAGTTAGAGGA-1,Layer_3,4
GACACTGAGTTCAGTG-1,WM,3
GACACTGGAACCCGAT-1,Layer_3,1
GACAGATTTCTGGCTC-1,Layer_5,5
GACAGCCAGACCTGAC-1,Layer_5,2
GACAGGCACACACTAT-1,Layer_5,5
GACATCCGTCGAACTG-1,Layer_5,2
GACATCGATTTATAAC-1,WM,3
GACCAAACGTTGACTG-1,Layer_3,1
GACCAGAGCCCTGTAG-1,Layer_5,5
GACCAGGTCATTCATA-1,Layer_3,1
GACCCAATTATGATAC-1,WM,3
GACCCGTCGCCGGCTA-1,Layer_3,4
GACCGACGTGAAAGCA-1,Layer_3,1
GACCGACTGAAGCGTC-1,Layer_5,2
GACCGATTAAATATGT-1,WM,3
GACCGCGTCTGACGTG-1,Layer_3,1
GACCGTCAGGTCGTGA-1,Layer_3,7
GACCGTGCTGACGGTG-1,Layer_6,5
GACCTTCCACGTCTAC-1,Layer_5,2
GACGACGATCCGCGTT-1,Layer_6,5
GACGAGGCTAATAAAC-1,Layer_3,4
GACGCATACCCGTCGG-1,WM,3
GACGCCGTAAAGGCTA-1,Layer_6,5
GACGCCTGTTGCAGGG-1,Layer_2,1
GACGCTTGCTTCTAAA-1,Layer_6,5
GACGGACCGCGTTCCT-1,Layer_2,1
GACGGGATGTCTTATG-1,Layer_1,6
GACGGGTTGGCCCGTA-1,Layer_6,5
GACGGTCAATAGAAGC-1,Layer_3,7
GACGTGAGACTCCATG-1,Layer_1,6
GACGTGTAGGGATTAT-1,Layer_5,2
GACTAACACAGCACCT-1,Layer_3,4
GACTAAGATCATGCAC-1,Layer_5,2
GACTAAGTAGGCTCAC-1,Layer_5,2
GACTACAAAGCGGTGG-1,Layer_6,3
GACTACAATTGCTCGT-1,Layer_3,4
GACTAGGCCGTTAGGT-1,Layer_5,2
GACTCACCCACGTGAG-1,Layer_3,4
GACTCCCAGAATAAGG-1,Layer_2,1
GACTCCTTCCAATTGA-1,WM,3
GACTCGCGGGAATGAC-1,Layer_3,7
GACTCGGTCGGCGGAT-1,Layer_1,1
GACTGATTGGTCACAA-1,Layer_2,1
GACTGCAAATCGAGCT-1,Layer_5,2
GACTGCACCAGCCCAG-1,Layer_5,2
GACTGCGGCACGTGTA-1,Layer_3,7
GACTGCTGGTGAGAAA-1,WM,3
GACTGGGCGCCGCAAC-1,Layer_3,1
GAGACTGATGGGTAGA-1,Layer_6,5
GAGACTTCGCGACCGA-1,Layer_6,5
GAGAGGGCGCGAGGTT-1,Layer_6,5
GAGAGGTGCATTCTGG-1,Layer_6,5
GAGAGTCTCGGGAGAG-1,WM,3
GAGATCTGCTTGGCAT-1,Layer_6,5
GAGATCTGTCACTCCG-1,Layer_6,5
GAGATCTTCCATGACA-1,Layer_5,5
GAGATGGGAGTCGACA-1,Layer_6,5
GAGCACCTGTGTCCAG-1,Layer_5,2
GAGCATCAACAACTTG-1,WM,3
GAGCATCATCCCTGGG-1,Layer_3,4
GAGCCACGGTAGTAGG-1,Layer_3,1
GAGCCAGCTACCTGTG-1,Layer_4,7
GAGCCGAGCGTTTATT-1,Layer_2,1
GAGCGAGGGAGTACCG-1,Layer_3,7
GAGCGCAAATACTCCG-1,Layer_3,1
GAGCGCGCACGAGTAG-1,Layer_4,7
GAGCGCTATGTCAGGC-1,Layer_1,6
GAGCGCTGTTAGGTAA-1,WM,3
GAGCGGAATGCGGTGT-1,Layer_6,5
GAGCTAAGGGCATATC-1,Layer_5,2
GAGCTCTCGGACCTAA-1,Layer_3,4
GAGCTGTCGTCTCGGA-1,Layer_3,1
GAGGAATGGAGAGGTT-1,Layer_4,2
GAGGAGATCCTCATGC-1,Layer_1,6
GAGGAGTAATTCCTAC-1,Layer_1,6
GAGGATAAACAGTGCT-1,Layer_2,1
GAGGCCCGACTCCGCA-1,WM,3
GAGGCCTGTTGATACA-1,Layer_3,1
GAGGCTATCAAAGTCG-1,Layer_5,2
GAGGGAGTCAGATCGC-1,WM,3
GAGGGCATCGCGTATC-1,Layer_2,1
GAGGGCGCAGCTCTGC-1,Layer_5,2
GAGGGTAGTAACAAAG-1,WM,3
GAGGTACATCCATCTT-1,Layer_3,7
GAGGTACGCGTGTCCC-1,Layer_6,5
GAGGTCCCAAAGATCT-1,Layer_3,4
GAGGTCTTAGTGGGTC-1,Layer_2,1
GAGTAAACCGGAAAGT-1,Layer_2,6
GAGTAAGGCCACGGGA-1,Layer_6,5
GAGTACGGGTATACAA-1,Layer_3,4
GAGTAGATACTAGTTG-1,Layer_6,5
GAGTATGCCCGCCTTG-1,WM,3
GAGTATGCGCGTGCAT-1,Layer_5,2
GAGTCAGACCAGAATC-1,WM,3
GAGTCCGCTTACCGGA-1,Layer_6,5
GAGTGTCAACCAGAAA-1,Layer_4,7
GAGTGTGCGGTACCCA-1,Layer_5,2
GAGTTGATGGCAATTT-1,WM,3
GAGTTGTCACCAGTCT-1,WM,3
GATAAATCGGTGGATG-1,Layer_3,4
GATAACTCGCACTGTG-1,Layer_5,2
GATAAGGCAGATGCAA-1,Layer_1,6
GATACGATGGGAGTCA-1,WM,3
GATAGGTAACGTTGAC-1,Layer_6,5
GATAGTGCGAGTAAGT-1,WM,3
GATATCTCATGCAATA-1,Layer_3,7
GATATGAGACACTAAC-1,Layer_5,2
GATATGCGGTAGCCAA-1,Layer_3,7
GATATGGATTACGCGG-1,Layer_3,7
GATATTGAGATTGGCG-1,Layer_3,7
GATATTTCCTACATGG-1,Layer_3,7
GATCAACATAAAGGGA-1,WM,3
GATCATTCCAAACATT-1,Layer_6,5
GATCCCTTTATACTGC-1,Layer_6,5
GATCCGGGAATTAACA-1,Layer_6,5
GATCCTAAATCGGGAC-1,Layer_3,7
GATCCTCGACACTGGC-1,WM,3
GATCCTCTTGCGCTTA-1,Layer_3,4
GATCGACACTATCTGA-1,Layer_5,2
GATCGCGGGCTCTCCA-1,Layer_6,5
GATCGCTACCCGATTT-1,Layer_3,7
GATCGCTATATCTCAG-1,WM,3
GATCGGATAGAACCAT-1,Layer_5,5
GATCGGCGATAAGTCG-1,Layer_3,4
GATCGGTGGCCATAAC-1,Layer_6,5
GATCGTGACTGATATC-1,Layer_6,5
GATCTCGACGCTGTGG-1,Layer_2,1
GATCTGCTATCTAAGG-1,Layer_6,5
GATCTTGGAGGGCATA-1,Layer_6,5
GATCTTTGCAGGGTAT-1,Layer_6,5
GATGACAAGTAGGGCA-1,WM,3
GATGACGATGATCGCG-1,Layer_2,1
GATGAGGAACCTTCGG-1,Layer_4,2
GATGATTTGAAACTGG-1,Layer_1,6
GATGCCACACTACAGC-1,Layer_1,6
GATGCCAGCAGAAGGC-1,Layer_3,4
GATGCCTTCTGCGGCA-1,WM,3
GATGCGTCCTGCATTC-1,Layer_6,5
GATGCTACAAGCGCCT-1,Layer_4,7
GATGCTGTATTTCATC-1,Layer_6,5
GATGGCGCACACATTA-1,Layer_3,4
GATGGTGCCCTAGGCA-1,Layer_3,7
GATGTAACGAACCACC-1,WM,3
GATGTCCGGATCACAT-1,Layer_1,6
GATGTCGGTCAACTGC-1,Layer_3,4
GATGTGTTGTCACAAG-1,Layer_3,4
GATGTTCAATCCACGA-1,Layer_6,5
GATGTTTGTGCGAGAT-1,Layer_3,4
GATTAACCGAAAGCCC-1,Layer_3,7
GATTAATCCTGGCTCA-1,Layer_1,6
GATTACTGAATTTGGG-1,Layer_6,5
GATTCCCTTGTCGCAG-1,Layer_5,5
GATTCCGCGTTTCCGT-1,Layer_4,7
GATTCCTATACGGCGC-1,Layer_3,4
GATTCGACGGTTCACG-1,Layer_6,5
GATTGACACTCTGCTC-1,Layer_3,1
GATTGCTCCAGTTGCA-1,WM,3
GATTGGGAAAGGTTGT-1,Layer_4,2
GCAAACCCTACATTAT-1,Layer_5,2
GCAAACCTTGGCCATA-1,Layer_6,5
GCAAACGTAAGCGACC-1,WM,3
GCAAACGTCGCCAGGT-1,Layer_2,1
GCAAAGGGCGTTAGCC-1,WM,3
GCAAATATTACGCTTT-1,Layer_6,5
GCAACACACTAGAACT-1,Layer_6,5
GCAACAGCAGTATGCG-1,Layer_3,4
GCAACCACCAGACCGG-1,Layer_3,4
GCAACCACGGCCGCGT-1,Layer_6,5
GCAACGGCTAGTTATG-1,Layer_3,1
GCAAGAATTCCTTGGC-1,Layer_6,3
GCAAGATGTGTTCGCG-1,Layer_2,1
GCAAGTGCACAGAGAA-1,Layer_5,2
GCAAGTGTAAAGCATG-1,WM,3
GCACAAACCCTAGATG-1,WM,3
GCACAAACGAGGCGTG-1,Layer_2,1
GCACAACCTCGGGCGT-1,WM,3
GCACAAGTGTCGGAAG-1,Layer_3,7
GCACACACTGGTAGCC-1,Layer_3,7
GCACACGCCCATGGTC-1,Layer_4,2
GCACAGCACGGGCCGA-1,WM,3
GCACGCCTACTTAGAT-1,WM,3
GCACGTGGTTTACTTA-1,Layer_3,1
GCACTAGTCGCGCTAT-1,Layer_3,4
GCACTGCCTACCTTTA-1,Layer_5,2
GCACTGTGCAAATGTA-1,Layer_1,6
GCAGACCCAGCACGTA-1,Layer_3,7
GCAGATCCATAAGACT-1,Layer_5,2
GCAGATCCTCGCAAAT-1,Layer_3,4
GCAGATTAGGGATATC-1,Layer_6,5
GCAGCACACAGCCCAG-1,Layer_6,5
GCAGCCTATATCACAT-1,Layer_2,4
GCAGCGGTGGGCATTA-1,Layer_1,6
GCAGGAACTTAGATCT-1,WM,3
GCAGGACTATAGAATA-1,Layer_5,5
GCAGGTAGAGTATGGT-1,Layer_3,7
GCAGTGTGGCTATAGG-1,Layer_5,7
GCATACGAGGTCTTTA-1,Layer_5,2
GCATAGAGCACTCAGG-1,Layer_6,5
GCATCCCTAACTTTGA-1,Layer_3,4
GCATCGGCCGTGTAGG-1,Layer_3,4
GCATGAGGGACGCGGC-1,Layer_5,2
GCATTCAAGGCAACGC-1,Layer_3,4
GCATTCGAAATGAACA-1,Layer_3,7
GCATTGTAATTCATAT-1,Layer_6,5
GCATTTCCAAGGCTCC-1,Layer_3,4
GCCAACCATTTCCGGA-1,Layer_3,4
GCCAAGAATACTTCTG-1,Layer_6,5
GCCAATAGGGCATCTC-1,Layer_3,4
GCCACAATTTAAGGAC-1,WM,3
GCCACTCAGAGCGCGA-1,Layer_3,4
GCCAGGAAAGAACACT-1,WM,3
GCCAGGAGTAACCGAT-1,Layer_4,7
GCCAGGCGTTCGCATG-1,Layer_3,4
GCCATATTGCACACAG-1,Layer_4,7
GCCATCGAGCTGCGTG-1,WM,3
GCCATCGATGCTGCAT-1,Layer_3,4
GCCATTAGCCTCAAAC-1,WM,3
GCCCACCAAGGCTGTC-1,Layer_3,1
GCCCAGTTGGTATGCC-1,Layer_4,7
GCCCATGGGTGCAATG-1,Layer_2,1
GCCCGACTTCTTCCCG-1,WM,3
GCCCGAGAGTCTAAAT-1,WM,3
GCCCGATCTGTGGTCG-1,Layer_6,5
GCCCGCGCGTAAACGG-1,WM,3
GCCCGCGCGTTTGACA-1,Layer_3,7
GCCCGTAATACCTTCT-1,Layer_5,2
GCCCTAGCCGTCGCGA-1,WM,3
GCCCTGAGGATGGGCT-1,Layer_5,2
GCCGAAATTCCTACGT-1,Layer_6,5
GCCGACCCACGACTGC-1,WM,3
GCCGATTGGCCAAGCT-1,Layer_6,5
GCCGCATTAGTCCGGC-1,Layer_5,2
GCCGCTAGATACGCAG-1,Layer_2,1
GCCGCTTGTGAGAAAC-1,Layer_6,5
GCCGGAAACACATCTT-1,Layer_1,6
GCCGGGTTAGGGTCGC-1,Layer_6,5
GCCGGTTTGGGCGGAT-1,Layer_1,6
GCCGTCGGTTTCGGGC-1,WM,3
GCCGTGGAAGAAATGT-1,Layer_2,1
GCCTAGCGATCTGACC-1,Layer_4,7
GCCTATAGTGTCAGGG-1,Layer_4,2
GCCTATTCCGATATAG-1,Layer_4,7
GCCTATTTGCTACACA-1,Layer_2,1
GCCTCATCTGGAAATA-1,Layer_4,7
GCCTCCGACAATTCAC-1,Layer_3,4
GCCTCTATACATAGCA-1,Layer_5,2
GCCTGCTACACTGAGA-1,Layer_1,1
GCCTTCAGCCCTACCG-1,Layer_3,7
GCCTTGTATATGCAGT-1,Layer_2,4
GCCTTTGTCAGTGGAC-1,WM,3
GCGAAACGATCGGGAG-1,Layer_3,4
GCGAAACTTAACTGGA-1,Layer_5,2
GCGAAGAATCTGACGG-1,Layer_3,7
GCGAAGCCATACCCGT-1,Layer_6,5
GCGACATGTAAACATC-1,Layer_3,4
GCGACCCAACCATCTG-1,WM,3
GCGACGATAGTTGTAC-1,Layer_6,5
GCGAGAAACGGGAGTT-1,Layer_1,6
GCGAGAGGCCATGTAA-1,Layer_2,1
GCGAGAGTTGCGTCCA-1,Layer_3,4
GCGAGCGCATGCTCCC-1,Layer_3,4
GCGAGGCCCGAGCAGA-1,Layer_6,5
GCGAGTTCTGCAAAGA-1,Layer_6,5
GCGATTCTGGAAGCAG-1,Layer_3,7
GCGATTGTTAACGTTA-1,Layer_6,5
GCGCAAATATATTCAA-1,WM,3
GCGCAAGAGCGCGCTG-1,Layer_3,7
GCGCATCCAGTCAGCA-1,Layer_4,7
GCGCCGTTCCACGATA-1,Layer_6,5
GCGCCTCCCACTCCGA-1,Layer_3,1
GCGCGGTCTAGTAACT-1,Layer_6,5
GCGCGTCATTGGTACA-1,Layer_5,2
GCGCTAAGTATGCATG-1,Layer_3,1
GCGCTAATTGAATAGA-1,Layer_6,5
GCGCTATGCCGAGGCA-1,WM,3
GCGCTGATCCAGACTC-1,Layer_3,7
GCGCTGCTTTGCATTT-1,Layer_4,7
GCGCTTAAATAATTGG-1,Layer_4,7
GCGGACCGCGTTGTGG-1,WM,3
GCGGAGAAACTTCGCA-1,WM,3
GCGGAGAGGGAGAACG-1,Layer_5,5
GCGGCAAAGTATTGCC-1,WM,3
GCGGCTCTGACGTACC-1,Layer_6,5
GCGGGAACCAGGCCCT-1,Layer_4,7
GCGGGCGAGCCTTACC-1,WM,3
GCGGTCCCTAGACGCA-1,Layer_3,4
GCGGTGAACTGCGCTC-1,Layer_3,7
GCGGTTCCCTATCATG-1,WM,3
GCGTAAATGGCCATAA-1,Layer_3,7
GCGTCCCTAAGACATA-1,WM,3
GCGTCGAAATGTCGGT-1,Layer_4,2
GCGTCGCCAGGGTGAT-1,Layer_6,5
GCGTCTCTGCATTGGG-1,Layer_6,5
GCGTGGTACTGGGTTA-1,Layer_4,7
GCGTGTATGTCGTATT-1,Layer_2,1
GCGTTATATTTGGAAC-1,Layer_3,7
GCGTTCGGAGACCGGG-1,Layer_3,4
GCTAAACCTGAGGTGA-1,Layer_3,4
GCTAACTGAAGTCTGA-1,Layer_4,7
GCTAAGTAAAGGCGAT-1,Layer_3,7
GCTAAGTAGTTTCTCT-1,Layer_5,2
GCTAATACCGAATGCC-1,Layer_5,2
GCTACAATCGAGGATA-1,Layer_3,1
GCTACAGTACGGACCG-1,Layer_5,5
GCTACGACTTATTGGG-1,Layer_6,5
GCTACTATAGTAGAGT-1,Layer_4,7
GCTAGACCGTCTACTG-1,Layer_3,4
GCTAGAGTAGAGATGT-1,Layer_3,7
GCTAGCAGGGAGTGGG-1,Layer_3,4
GCTAGCGATAGGTCTT-1,WM,3
GCTAGCTTGAATAGCT-1,WM,3
GCTAGGCACCACGGAG-1,Layer_5,2
GCTAGTAGAGCTTGTA-1,Layer_6,5
GCTAGTTTCATTGAGG-1,Layer_3,4
GCTATACGTCTCGGAC-1,Layer_4,7
GCTATCATACTCATGG-1,Layer_5,2
GCTATCGCGGCGCAAC-1,Layer_3,4
GCTCAATCCGTTTATT-1,WM,3
GCTCAATGTAATACCG-1,Layer_6,5
GCTCATTACTGCATGT-1,Layer_3,4
GCTCCCAGTCGGTCCA-1,Layer_3,4
GCTCCGCTCGCTTCAG-1,Layer_3,1
GCTCCGGACGTTGATA-1,Layer_1,6
GCTCCTGACATACTGG-1,WM,3
GCTCGCGGTTCCGCTC-1,Layer_3,4
GCTCGCTCATGTCCAA-1,Layer_3,7
GCTCGGAATTTAAAGC-1,Layer_5,2
GCTCTAAACCCTGACG-1,Layer_5,5
GCTCTATGTTACGTGC-1,Layer_5,2
GCTCTCGGGTACCGAA-1,Layer_5,5
GCTCTTTCCGCTAGTG-1,Layer_6,5
GCTGAATCTTCCAATC-1,WM,3
GCTGAGGCGTGAGTAT-1,Layer_6,5
GCTGCACGGTTTCTTA-1,Layer_6,5
GCTGCTAAGTAGTCGA-1,Layer_6,5
GCTGCTACTGCGTAGC-1,Layer_5,5
GCTGCTCTCCGGACAC-1,Layer_6,5
GCTGGACCCAAAGTGG-1,Layer_2,1
GCTGGCATATTCACCT-1,Layer_5,2
GCTGGCGGCGCATGCT-1,Layer_6,5
GCTGGGTCCGCTGTTA-1,Layer_1,6
GCTGGTTTAGGCCATA-1,WM,3
GCTGTATTACTGGCCC-1,WM,3
GCTGTCTGTGATCGAC-1,Layer_2,1
GCTGTTGCTACCGAAC-1,Layer_4,7
GCTTAATGTAACTAAC-1,Layer_5,2
GCTTACGTAGTTAGTA-1,Layer_3,4
GCTTATGAAGCAGGAA-1,Layer_5,2
GCTTCCATGTAACCGC-1,,6
GCTTCCGTCCCTAGAC-1,Layer_5,2
GCTTCGACGTTCAATC-1,WM,3
GCTTGATGATAATCAG-1,Layer_4,7
GCTTGGATCGATTAGG-1,Layer_3,7
GCTTTCAGAGGAGGTG-1,Layer_4,7
GGAAACCTTGTTGAAT-1,Layer_3,4
GGAAACTAAATGGGCC-1,Layer_3,4
GGAAAGTGCCCATGCC-1,Layer_4,7
GGAACCGTGTAAATTG-1,WM,3
GGAACCTTGACTCTGC-1,WM,3
GGAACGGCCTGCAGCC-1,Layer_3,4
GGAACTTTGGCGATTA-1,Layer_2,1
GGAAGCTCGCTTACAG-1,Layer_3,7
GGAATAACCTCAAGAA-1,Layer_3,4
GGAATGCGCTAGCGTG-1,Layer_5,2
GGACACAAGTTTACAC-1,Layer_3,1
GGACCAACAGGATAAC-1,Layer_6,5
GGACCTACGGTAACGT-1,Layer_2,1
GGACCTCTAGGCCGCC-1,WM,3
GGACGGCTTGCGCAAC-1,Layer_2,1
GGACTCGACAGCGCAT-1,WM,3
GGACTCGTGAGTGGTC-1,WM,3
GGAGAAGTCATTGGCA-1,Layer_4,2
GGAGACCATCTACATA-1,Layer_6,3
GGAGACGACACCTTTG-1,Layer_6,5
GGAGCAACATTTCAAG-1,Layer_3,4
GGAGCACCAAGAACTA-1,Layer_5,2
GGAGCGAGGCCTACTT-1,Layer_5,5
GGAGGATTGAAAGGAG-1,Layer_3,4
GGAGGCCGAAGTCGTC-1,Layer_2,1
GGAGGCGAAGAACCGC-1,Layer_1,6
GGAGGGCTTGGTTGGC-1,Layer_5,5
GGAGGGTCAAGTAAGA-1,Layer_2,6
GGAGTGCCGCCCTGGA-1,Layer_4,2
GGAGTTGATTCTGTGT-1,,6
GGATACTCATGAATTG-1,Layer_2,1
GGATCAAAGGACGAGG-1,Layer_2,1
GGATCATCCCGTACGC-1,Layer_3,4
GGATCCCTACCAGCTA-1,Layer_1,6
GGATCCGGAATATACT-1,Layer_5,2
GGATCTTACTGCCCTT-1,WM,3
GGATCTTGACTCAACC-1,WM,3
GGATGAAGATCGCTGA-1,Layer_4,7
GGATGACGCGAGTTTA-1,Layer_6,5
GGATGCTGGCGTTCCT-1,Layer_5,5
GGATGTCCTTACCGCA-1,Layer_5,2
GGATTAAGCTAAGGTC-1,Layer_3,4
GGATTCAGTACGGTGG-1,Layer_3,4
GGATTCCGCTATACCC-1,Layer_5,2
GGATTGAAGTAGCCTC-1,,6
GGATTGCTGTGACTCC-1,Layer_4,7
GGATTTCACTTCTATA-1,Layer_5,2
GGCAAAGGCGCCAATA-1,WM,3
GGCAAATTACTTTACT-1,Layer_6,5
GGCAAGCCCATAGTGG-1,Layer_6,5
GGCAAGGCGAAATAGC-1,Layer_6,5
GGCAATAGTCAATGAG-1,Layer_6,5
GGCACTCCACTGGGCA-1,Layer_6,5
GGCAGCAAACCTATGC-1,Layer_3,4
GGCAGCGGTAATCCTA-1,Layer_3,4
GGCATACAGGTAGCGG-1,Layer_5,2
GGCATATCGGTTCTGC-1,Layer_4,7
GGCATCAACGAGCACG-1,Layer_1,6
GGCCACAAGCGATGGC-1,Layer_1,6
GGCCCTCACCCACTTA-1,Layer_5,2
GGCCGAGACTCTGGTG-1,WM,3
GGCCGGCGTCTGCTAT-1,Layer_5,2
GGCCGTTTGGGTTTCA-1,WM,3
GGCCTGCTTCTCCCGA-1,Layer_2,1
GGCGAAATCTAACTTG-1,Layer_5,2
GGCGAGCATCGAGGAC-1,Layer_1,6
GGCGAGCGAAACGGCA-1,Layer_6,3
GGCGCAGGACATCTTC-1,Layer_5,2
GGCGCATGAATTGATG-1,Layer_6,5
GGCGCGGAGATCTTTC-1,Layer_4,7
GGCGCGTTCGAGTTTA-1,Layer_6,5
GGCGCTCCTCATCAAT-1,Layer_3,4
GGCGCTTCATTCCCTG-1,Layer_5,2
GGCGGAGTAATATTAG-1,Layer_6,5
GGCGGTAGGATCATTG-1,Layer_6,5
GGCGGTTTGCCGGTGC-1,Layer_1,6
GGCGTACCCTATATAA-1,Layer_1,6
GGCGTAGGGAAAGCTG-1,Layer_4,7
GGCGTCCTATCCGCTG-1,Layer_5,2
GGCTAAAGGGCGGGTC-1,Layer_3,4
GGCTACTATACACTCC-1,WM,3
GGCTATTAAGTTGTAT-1,Layer_5,5
GGCTCCTCCACCTGTT-1,WM,3
GGCTCGCGTTGAGGTA-1,Layer_4,7
GGCTCGTGCCACCAGC-1,Layer_3,7
GGCTCTGCTCCAACGC-1,Layer_5,5
GGCTGAAATAGCAAAG-1,Layer_5,2
GGCTGAGCATCGTAAG-1,Layer_2,1
GGCTGGCTAGCTTAAA-1,Layer_1,6
GGCTTTCAATAAGGGT-1,Layer_6,5
GGGAACCACCTGTTTC-1,Layer_1,6
GGGAACGGGAGGTTAG-1,Layer_6,5
GGGAACGGTTTCAGAT-1,WM,3
GGGAAGACGGTCTGTC-1,Layer_5,2
GGGAAGGGCTTTCTCA-1,Layer_3,7
GGGAATGAGCCCTCAC-1,Layer_3,4
GGGACAGAGTTACTCC-1,WM,3
GGGACCCGTATATCTT-1,Layer_6,5
GGGACTGCATAGATAG-1,Layer_6,5
GGGAGAACTCACAGTA-1,Layer_6,5
GGGAGGATGCCCGAAA-1,Layer_6,5
GGGAGTAATGGCTGGC-1,Layer_2,1
GGGAGTTAATGAGGCG-1,Layer_6,5
GGGATGGACCCGCGTC-1,WM,3
GGGATGGTCGTAACCG-1,WM,3
GGGATTTACCGCACCT-1,Layer_5,2
GGGCAACCGCACGTGC-1,WM,3
GGGCAGAGCAATCGTT-1,Layer_6,5
GGGCAGGATTTCTGTG-1,WM,3
GGGCCATTCGTGCTGG-1,WM,3
GGGCCCGTCTTAAACA-1,Layer_6,5
GGGCCCTACGAAAGGG-1,Layer_5,2
GGGCCGGCCGAAGTAC-1,Layer_5,2
GGGCCTAAATGGGCTA-1,Layer_5,5
GGGCGATATGTGTGAA-1,Layer_6,5
GGGCGGCAAATGAATT-1,WM,3
GGGCGGGTTCCCTACG-1,Layer_6,3
GGGCGGTCCTATTGTC-1,Layer_2,1
GGGCGTACATTTATAT-1,Layer_5,2
GGGCGTCACCACGTAA-1,WM,3
GGGCGTCCACTGGCTC-1,Layer_3,7
GGGCGTGGTTTCCCAG-1,Layer_5,2
GGGCGTTTACATTCAT-1,WM,3
GGGCTATGATCGATGG-1,Layer_6,5
GGGCTCATCGAACCCA-1,Layer_5,2
GGGCTGCCTAGGGCGA-1,Layer_6,5
GGGCTGGTTAGTCGCG-1,Layer_6,5
GGGTAATGCTGTGTTT-1,Layer_1,6
GGGTACACTCTGGAGG-1,Layer_1,6
GGGTACCCACGGTCCT-1,Layer_2,1
GGGTACTTCATGAACT-1,Layer_6,5
GGGTATGTATGCACTT-1,Layer_4,7
GGGTATTCTAGCAAAC-1,WM,3
GGGTCACCGTGACGGT-1,Layer_6,5
GGGTCACGTGCTTATG-1,Layer_1,6
GGGTCAGGAGCTAGAT-1,Layer_6,5
GGGTCATGCGTACCAT-1,Layer_3,4
GGGTCGTGGCAAGTGT-1,Layer_3,4
GGGTCTATCGCTTTCC-1,Layer_2,6
GGGTGACACCTTAACT-1,Layer_6,5
GGGTGCATATGAAAGC-1,Layer_2,1
GGGTGGTCCAGCCTGT-1,Layer_3,4
GGGTGTTTCAGCTATG-1,Layer_4,2
GGGTTAACATTTGAGT-1,WM,3
GGGTTCAGACGAACAA-1,Layer_3,4
GGGTTTAGGATAGGAT-1,Layer_3,4
GGTAAACTCTGCGCTG-1,,6
GGTAAATGTGCGTTAC-1,Layer_3,7
GGTAACCGGGAGGATA-1,WM,3
GGTAACTATGTATCTG-1,Layer_3,4
GGTACAAACATGCTAT-1,Layer_6,5
GGTACATCTGGGACGA-1,Layer_5,2
GGTACCATTAAGACGG-1,Layer_3,4
GGTAGAAGACCGCCTG-1,Layer_6,5
GGTAGACCGTTGGGCG-1,Layer_6,3
GGTAGTGCTCGCACCA-1,Layer_6,5
GGTATAGTGACACATA-1,Layer_2,1
GGTATTGCCGAGTTTA-1,Layer_6,5
GGTCAAGACTACTTCG-1,Layer_3,4
GGTCACGTTAGATTCA-1,Layer_1,6
GGTCAGTGGGTCCCAC-1,Layer_6,5
GGTCATTGTAGTCATA-1,Layer_1,6
GGTCCTTCATACGACT-1,Layer_1,6
GGTCGGATAAACGGCG-1,Layer_3,7
GGTCGGCCAGGAGCTT-1,Layer_5,2
GGTCGGTAATTAGACA-1,Layer_2,1
GGTCGGTCGTCCACAG-1,Layer_6,5
GGTCGTAAGCTCGCAC-1,Layer_6,3
GGTCTCCGTCCAGGTT-1,Layer_3,4
GGTCTCTGAATGGACT-1,WM,3
GGTCTGAGAATCTGGA-1,Layer_5,2
GGTCTTGAGCGCTCTT-1,Layer_6,5
GGTGAAACCGGGAATG-1,Layer_1,6
GGTGAACGGGCTAGCC-1,Layer_1,6
GGTGAAGTACAGGGAT-1,WM,3
GGTGAGATGCAGATAA-1,Layer_3,4
GGTGATAAGGAGCAGT-1,Layer_5,2
GGTGATTTCATCTTGT-1,Layer_2,1
GGTGCAGAGCCTATCG-1,Layer_2,1
GGTGCATAAATGATTA-1,Layer_6,5
GGTGCGGATAAGTGGC-1,Layer_3,7
GGTGCTGATCACAAAG-1,Layer_3,7
GGTGCTGGTACACATT-1,Layer_6,5
GGTGGACCACGTGTTA-1,Layer_1,1
GGTGGACTGCTCTGGC-1,Layer_5,2
GGTGTAAATCGATTGT-1,Layer_6,5
GGTGTTCTGTTTCTAC-1,Layer_3,4
GGTTACCACCCTCGGG-1,Layer_6,3
GGTTAGCTATATGTCT-1,Layer_5,2
GGTTAGGCTTGGAGAA-1,Layer_5,2
GGTTAGTTACGGCGCC-1,Layer_3,7
GGTTCCACCCGCTTCT-1,Layer_3,1
GGTTCTACTCGTCTGA-1,Layer_3,4
GGTTGTATCGTGAAAT-1,Layer_1,6
GGTTGTGTAGCCTGGC-1,Layer_4,2
GGTTTAATTACCATCG-1,WM,3
GGTTTACAATCTCAAT-1,Layer_5,2
GGTTTAGCCTTTCTTG-1,Layer_3,4
GGTTTCAATCGGTCAG-1,Layer_5,2
GGTTTGAGTGCTGGAA-1,Layer_3,4
GGTTTGTGACCTGAGG-1,Layer_3,1
GTAACATCTAAGATAA-1,Layer_3,1
GTAACTGCCCAAGGAG-1,Layer_6,3
GTAACTTGCGGCAGTC-1,Layer_2,1
GTAAGCGGGCAGTCAG-1,Layer_5,2
GTAAGGATTTGTCGGA-1,Layer_3,7
GTAAGTAACAGTCTGG-1,Layer_5,2
GTAAGTAGGGTATACC-1,Layer_5,2
GTAATAAAGGGCTCCC-1,Layer_3,7
GTAATCTGATTCTTCG-1,WM,3
GTACACTTACCTGAAG-1,Layer_6,5
GTACAGAGGCAAGGGT-1,Layer_5,2
GTACGACGGCGCTGCG-1,Layer_1,6
GTACGAGATTGCGACA-1,Layer_5,2
GTACGCTTCATTGCAC-1,Layer_6,5
GTACGTCACGTATTAA-1,Layer_1,1
GTACGTTTGCCCGTCA-1,Layer_6,5
GTACTAAGATTTGGAG-1,Layer_5,5
GTACTCCCTTATCGCT-1,Layer_5,2
GTACTCCTGGGTATGC-1,Layer_3,4
GTACTGAGGTCGTAAC-1,Layer_3,4
GTACTGCATGAAGCGT-1,Layer_2,1
GTACTGGAGTTAGACC-1,Layer_5,2
GTACTTGGGCACTTCT-1,Layer_3,4
GTAGAAACGGGTGGAG-1,Layer_3,4
GTAGACAACCGATGAA-1,Layer_3,1
GTAGACACGCCTGACT-1,Layer_6,5
GTAGACGTCGTTACAT-1,Layer_3,4
GTAGAGGGAGACAAGT-1,WM,3
GTAGCCAAACATGGGA-1,Layer_6,5
GTAGCGCTGTTGTAGT-1,Layer_2,1
GTAGCGGCTATACACT-1,Layer_6,5
GTAGCTAGTAAGCGCG-1,Layer_3,1
GTAGCTCCGGGAGGCT-1,WM,3
GTAGCTTCCTCTTGTT-1,Layer_5,2
GTAGGTGATCCGTGTA-1,Layer_4,7
GTAGTCGCGGGAATCA-1,Layer_5,2
GTAGTCTACGATATTG-1,Layer_5,2
GTAGTTCGAAGGCGAA-1,WM,3
GTATAATCTCCCGGAT-1,Layer_1,6
GTATAGGACTCAGTAG-1,Layer_5,2
GTATAGTGGCCCATGT-1,Layer_3,1
GTATATGTTACGGCGG-1,Layer_1,6
GTATCAAACGTTAGCT-1,Layer_3,7
GTATCAGCTTGGGTTC-1,Layer_3,7
GTATCCTTTGGTAACC-1,Layer_3,7
GTATCGGGACGAGCTG-1,Layer_1,6
GTATCTCAGTCTTGAC-1,WM,3
GTATCTCCCTAACTGT-1,Layer_1,6
GTATCTTGTTGCTCAC-1,Layer_1,6
GTATCTTTCATAACCA-1,Layer_6,5
GTATGAAATTTCACTC-1,WM,3
GTATGACGTGGGAAAC-1,Layer_1,6
GTATGTGGGTCTAGTT-1,Layer_5,7
GTATTAAGGCGTCTAA-1,Layer_3,4
GTATTCTGAGAAACGA-1,WM,3
GTATTTAATGGCATAA-1,Layer_2,6
GTCAAAGAAGTGGTGT-1,WM,3
GTCAAAGTTTACATAG-1,Layer_2,1
GTCAACCAGGCCTATA-1,Layer_3,1
GTCAAGCGGACTCGGG-1,Layer_6,5
GTCAATTGTACTGAAG-1,Layer_1,6
GTCACAAAGTTTCCAA-1,Layer_3,4
GTCACCTGTCTATGTC-1,Layer_2,1
GTCACTCTCCAAATCT-1,Layer_3,7
GTCAGAATAGTCTATG-1,Layer_5,2
GTCAGTTGTGCTCGTT-1,Layer_3,4
GTCAGTTTGGTAGTCG-1,Layer_3,7
GTCATCTCCTACAGCT-1,Layer_1,6
GTCATGCACCTCCGTT-1,Layer_6,5
GTCATGCGCGAGGGCT-1,Layer_3,4
GTCATGGACATGACTA-1,Layer_5,5
GTCATTAGAGCGAACG-1,Layer_6,5
GTCATTGCATTGACCC-1,Layer_4,7
GTCCAATATTTAGCCT-1,Layer_6,5
GTCCATTACTGCTACG-1,Layer_3,4
GTCCCAACGTAAAGTA-1,Layer_6,5
GTCCCGCGACGTTATG-1,Layer_5,2
GTCCGGACCTGAAATT-1,Layer_4,7
GTCCGGCTGAATTGCG-1,Layer_5,5
GTCCTACAGGCGGCTC-1,Layer_3,4
GTCCTACGAATAGTCT-1,Layer_4,7
GTCCTAGGATACCTTA-1,WM,3
GTCCTTCTAGTGGGTT-1,Layer_3,4
GTCCTTTAATGACTTC-1,Layer_1,1
GTCGAATTTGGGCGCT-1,WM,3
GTCGCCGTTGTGTGTT-1,WM,3
GTCGCGTAACCCGTTG-1,Layer_6,5
GTCGGATATCTCAGAC-1,Layer_5,2
GTCGGATGTAGCGCGC-1,Layer_4,2
GTCGGGAAGCAGAAAC-1,Layer_6,5
GTCGTACCATCTCGGG-1,Layer_6,5
GTCGTATTGGCGTACA-1,Layer_3,7
GTCGTCAATTATAAGG-1,Layer_3,1
GTCGTGTCTGGTCATC-1,Layer_3,1
GTCGTTATTCGCTTAT-1,Layer_5,5
GTCTACTCAATTACAA-1,Layer_5,2
GTCTAGTGAGCCGCTT-1,Layer_3,7
GTCTATCTGAGTTTCT-1,Layer_6,5
GTCTATTGGTTCCGGT-1,Layer_4,7
GTCTCAAGGCCCGGCT-1,Layer_6,5
GTCTCCTGCCAGTATG-1,WM,3
GTCTCGACTAAGTTTG-1,Layer_2,1
GTCTCGATCTGCTTTC-1,Layer_5,2
GTCTCGCCAACACGCC-1,Layer_2,1
GTCTGGGCGGTCGAGA-1,WM,3
GTCTGTAGGTTGAACA-1,WM,3
GTCTTAGTACAGCCGG-1,Layer_3,7
GTCTTGAGGAGCAGTG-1,Layer_2,1
GTCTTGTAGCTATTCA-1,Layer_3,1
GTGAAACGGCGCCACC-1,Layer_5,2
GTGAAACGTGCTCCAC-1,Layer_2,1
GTGAACTCCCATTCGA-1,Layer_3,4
GTGAAGATTTCAAGTG-1,Layer_3,4
GTGAAGCCGTATAGTC-1,Layer_3,4
GTGAAGTCACGACTCG-1,Layer_6,5
GTGACAGCTTCCCACT-1,Layer_5,2
GTGACCGCACACTACG-1,Layer_5,2
GTGACGAGGGTGACCC-1,Layer_2,4
GTGACGCAGGTTTCAT-1,Layer_5,2
GTGACTTCAGTAGTGC-1,WM,3
GTGAGATAACCTTATA-1,WM,3
GTGAGCGTGCTGCACT-1,Layer_5,2
GTGAGGACACTTAAGG-1,Layer_6,5
GTGAGGAGCGGTTGAG-1,Layer_3,7
GTGAGTGGTACAACGC-1,Layer_6,5
GTGATCAAGCGTGCAC-1,WM,3
GTGATCACTAACGCCT-1,Layer_3,7
GTGATCATAGATCTGC-1,Layer_6,5
GTGATCCTTGTCATGA-1,Layer_4,7
GTGATGCACAACATCT-1,Layer_3,4
GTGATTCGCCGCTCAA-1,WM,3
GTGCAACAAATGTGGC-1,Layer_3,7
GTGCACCAGCTTCAAC-1,Layer_6,5
GTGCACGAAAGTGACT-1,Layer_4,2
GTGCCATCACACGGTG-1,Layer_6,5
GTGCCCGTTCGGATTC-1,Layer_5,2
GTGCCGCTTCAAAGGT-1,WM,3
GTGCCTAGCTATGCTT-1,Layer_1,6
GTGCCTCAGTGTACGG-1,Layer_3,4
GTGCGAAATCGAACAC-1,WM,3
GTGCGACAGGGAGTGT-1,Layer_3,7
GTGCGCAGCTTGCTCC-1,Layer_1,6
GTGCGCTTACAAATGA-1,Layer_1,6
GTGCGGGACCATCGGC-1,Layer_1,6
GTGCGGGTCTCCAAAT-1,Layer_5,2
GTGCGTGTATATGAGC-1,Layer_5,2
GTGCTCAAGTACTGTC-1,Layer_6,5
GTGCTTACATCAGCGC-1,Layer_2,1
GTGGAACCTACATGCG-1,Layer_3,7
GTGGACCAACCCGATT-1,Layer_6,3
GTGGACGCATTTGTCC-1,Layer_6,5
GTGGACGTGCTGAGAC-1,Layer_3,4
GTGGAGCGTTTACCGA-1,WM,3
GTGGAGTCGGCGGTTG-1,WM,3
GTGGCAAACAGCGGCA-1,WM,3
GTGGCCGGTTTCTCGG-1,WM,3
GTGGCGGGCCGTAGCT-1,Layer_2,1
GTGGCGGTCCCAGCGT-1,Layer_5,5
GTGGCGTGCACCAGAG-1,Layer_1,6
GTGGGAAGACTGAATC-1,Layer_6,5
GTGGGCTTAGACACAC-1,Layer_5,2
GTGGTATAGTCTGCCG-1,WM,3
GTGGTCAGCGAAGTAT-1,Layer_3,4
GTGGTGGCCAAGTGAA-1,Layer_5,2
GTGGTTACTTCTTTCG-1,Layer_3,4
GTGGTTTCCGCCTTTC-1,Layer_6,5
GTGTACCTTGGCTACG-1,Layer_5,2
GTGTATATCAGCGGGC-1,Layer_5,2
GTGTATGACTTTAAAG-1,Layer_1,6
GTGTCAGTGTACGTGG-1,WM,3
GTGTCCGATAAGGCAT-1,Layer_2,1
GTGTCGTATAGCGTTC-1,Layer_5,2
GTGTGAATAACTTAGG-1,Layer_5,2
GTGTGAGCCGAGGTGC-1,Layer_1,6
GTGTTACTATGCGTCC-1,Layer_6,5
GTTAAAGTAGGACTGG-1,Layer_5,2
GTTAACATCACTTAAA-1,Layer_5,5
GTTAACTATGTTGTCA-1,Layer_3,1
GTTAAGGGTGCGATGT-1,Layer_5,2
GTTAAGTTAGAGTGGG-1,Layer_2,1
GTTAATGTCTATCTTA-1,Layer_3,7
GTTACAATTGGTGACG-1,Layer_6,5
GTTACCTACAACTTGC-1,Layer_6,5
GTTACGAAATCCACGC-1,Layer_1,6
GTTACTTTGGGCCTAG-1,Layer_6,5
GTTAGAGTGTGCCGCT-1,Layer_3,4
GTTAGCCCATGACATC-1,Layer_5,2
GTTAGCCGTAAATCAA-1,Layer_3,4
GTTAGGCTACCCGTTT-1,WM,3
GTTATAATACGGTGAA-1,Layer_3,1
GTTATATTATCTCCCT-1,Layer_6,5
GTTATCACCTTCTGAA-1,Layer_2,1
GTTATTAAATACGACC-1,Layer_3,1
GTTATTAACGTGGGAG-1,Layer_3,4
GTTCAATCTATGTCAA-1,Layer_3,4
GTTCACAGGAGTCTAG-1,Layer_5,2
GTTCAGTCGCCAAATG-1,Layer_6,5
GTTCATCGTTTGGCTG-1,Layer_3,4
GTTCCAAGACAGCGAC-1,Layer_1,6
GTTCCAGTCTGACCAT-1,Layer_4,7
GTTCCGTCCGCCTGCA-1,WM,3
GTTCGCCATAAGTGCC-1,Layer_6,5
GTTCGCTGAGACGTCT-1,Layer_3,1
GTTCGGATCGGGAACA-1,Layer_3,1
GTTCGGGCGTACCATT-1,Layer_3,4
GTTCGTCTAAAGAACT-1,Layer_4,7
GTTCGTTGCGGACCAG-1,Layer_1,6
GTTCTTCCCTCGATGT-1,Layer_3,7
GTTGAACCGGTTCCAT-1,Layer_6,3
GTTGAGTCCCGCCGGT-1,Layer_5,2
GTTGCACGGAGTTTCG-1,Layer_5,2
GTTGCGGACGGTCAGG-1,Layer_2,6
GTTGGATTCAGTGGCT-1,Layer_3,4
GTTGGATTGAGAACAC-1,Layer_5,2
GTTGGATTTGCGTTGG-1,Layer_6,5
GTTGGTCATGCTATCC-1,Layer_6,5
GTTGTCGTGTTAGTTG-1,Layer_3,4
GTTTACGTTCCATCTG-1,Layer_6,5
GTTTCAAACGAGTTGT-1,Layer_3,1
GTTTCATATCGTCGCT-1,Layer_6,5
GTTTCCTGGAGGGTGA-1,Layer_5,2
GTTTCTGCAGTCTCCC-1,Layer_6,5
GTTTGACCAAATCCTA-1,Layer_6,5
GTTTGAGCGGTTATGT-1,Layer_1,6
GTTTGGCCCAAGTTAT-1,Layer_5,2
GTTTGGCCGCTCAGCG-1,Layer_2,1
GTTTGGGCTTGTGAGC-1,Layer_6,5
GTTTGGGTTTCGCCCG-1,Layer_3,7
GTTTGGTAGGGTCAAC-1,Layer_6,5
GTTTGGTGATCGGTGC-1,WM,3
TAAACCCAGGAGGGCA-1,WM,3
TAAAGAGCCCGAAACC-1,Layer_3,1
TAAAGCGGTATTTCCA-1,Layer_6,5
TAAAGCGTTAGGAGAA-1,Layer_5,2
TAAAGCTGCAATAGGG-1,Layer_3,4
TAAAGGAGAAACTAGT-1,Layer_2,1
TAAATGAATCCGTTTC-1,Layer_3,7
TAAATGCCGTCTCATG-1,Layer_2,1
TAAATTTAGTAACACC-1,WM,3
TAACAAAGGGAGAAGC-1,Layer_3,7
TAACAATATTTGTTGC-1,Layer_3,7
TAACAGCGTTTGTGCT-1,WM,3
TAACATACAATGTGGG-1,Layer_6,5
TAACATACACGCGATC-1,WM,3
TAACCGCCCGCAGTGC-1,Layer_3,1
TAACCTACCGTCCGAG-1,Layer_3,7
TAACCTAGGGAGTCCA-1,Layer_3,1
TAACGCTTTGAGAGCG-1,Layer_4,7
TAACTATCGAAGGTCC-1,Layer_4,7
TAACTATTACGCCAAA-1,Layer_3,4
TAACTCATCCGCGCGG-1,WM,3
TAACTCCATGGAGGCT-1,Layer_3,4
TAAGAGGGACAGGGAC-1,WM,3
TAAGATTTAGCGGGAG-1,Layer_1,6
TAAGCAGGCGACACGC-1,Layer_5,2
TAAGCGCGAATCAAAT-1,WM,3
TAAGGAACTTGTGGGA-1,Layer_3,4
TAAGGCAACATAAGAT-1,Layer_5,2
TAAGGCATAACATCAA-1,WM,3
TAAGGCCCGTCACCCT-1,Layer_5,2
TAAGGCTGAATCCCTC-1,Layer_3,7
TAAGGGCCTGTCCGAT-1,Layer_3,7
TAAGGGCTGGGAGAGG-1,Layer_5,2
TAAGTAAATGTGCCGC-1,Layer_2,1
TAAGTAACATCTTGAC-1,WM,3
TAAGTCGCCGAGTATC-1,WM,3
TAAGTTGCGACGTAGG-1,Layer_3,7
TAATAAACAAGGAGAT-1,Layer_3,7
TAATACACAGTAGTAT-1,Layer_5,2
TAATAGAACAGAGTTA-1,WM,3
TAATAGGTCACCAGAA-1,WM,3
TAATAGTGACGACCAG-1,Layer_5,2
TAATATTGAAATTCGC-1,Layer_3,7
TAATCGATCCGTACGT-1,Layer_4,7
TAATGAAAGACCCTTG-1,Layer_3,4
TAATTACGTCAGTAGA-1,Layer_3,1
TAATTAGATGGATATG-1,Layer_1,6
TAATTAGGACATCCGT-1,Layer_3,4
TAATTGGAATCGGGAA-1,Layer_3,4
TACAAATTGCGGAGGT-1,Layer_2,1
TACAACGCACAACTCA-1,Layer_6,5
TACAAGCTGTTCACTG-1,Layer_1,6
TACAAGTCTCGTGCAT-1,Layer_5,2
TACAGAAACGGTGGGC-1,Layer_4,7
TACATAGGCATACACC-1,Layer_6,5
TACATCCCTATCCCTG-1,Layer_6,5
TACATTTCTAACGTGC-1,Layer_6,5
TACCAAATAGCCCAGA-1,Layer_6,5
TACCAATAAAGTACCA-1,Layer_5,2
TACCAGAAGTAGGTTC-1,WM,3
TACCAGCTAGGTTTAA-1,Layer_3,7
TACCAGGAATCCCGTC-1,WM,3
TACCGCGGACTTGCAG-1,Layer_3,7
TACCGGCTCACTGCCC-1,Layer_6,5
TACCGGTCGTTTCCAT-1,Layer_6,3
TACCGTAGGTTAACTA-1,Layer_6,5
TACCGTGCCTCGGACC-1,Layer_6,5
TACCTACTCCCAGTAT-1,Layer_6,5
TACCTCACGCTTGTAC-1,Layer_4,7
TACCTCAGTTGTCTGT-1,Layer_6,5
TACCTCCACACCAATG-1,WM,3
TACCTGCTGCACTGTG-1,Layer_4,7
TACCTTAAGATTTCCC-1,WM,3
TACGAACACGACTTCA-1,Layer_6,5
TACGACGCTTGCTGCG-1,Layer_6,5
TACGACTGCCTCTTAG-1,Layer_6,5
TACGAGAACTTCACGT-1,Layer_6,5
TACGATGTTGATCATC-1,Layer_5,5
TACGCAGTTCTTTCCT-1,Layer_6,5
TACGCCATATTCTAAT-1,Layer_6,5
TACGCCGAGGGTACCC-1,WM,3
TACGCCTCCATTCCGA-1,Layer_6,5
TACGCTATAGAAACCT-1,Layer_3,7
TACGCTCGGTATTGGA-1,Layer_2,1
TACGCTGCTGTGTTAA-1,WM,3
TACGGGATGCTAGCAG-1,Layer_5,2
TACGTAAAGCGGAGTG-1,Layer_3,1
TACGTACTAGTGCTGA-1,WM,3
TACGTGCACTATGCTG-1,Layer_3,7
TACGTTTACCGGCAAT-1,Layer_6,5
TACTATGGTTCCTCAG-1,WM,3
TACTCCTCTAGTTGAC-1,WM,3
TACTCGGCACGCCGGG-1,Layer_5,2
TACTCTCCGAACAAAT-1,Layer_5,2
TACTCTTACTTTACTG-1,Layer_2,1
TACTCTTTCGTCTTCA-1,WM,3
TACTGAACAGATTTAG-1,WM,3
TACTGAGGGAAGAAAG-1,WM,3
TACTGCAATCAATTAC-1,Layer_3,4
TACTGGACAGCTCGGC-1,Layer_5,2
TACTGTTTCTCTGGTA-1,Layer_2,1
TACTTGTTAGTAGTCC-1,Layer_5,2
TACTTTACTGAGCCGG-1,Layer_3,7
TACTTTCCGCACGCCA-1,Layer_6,5
TAGAAACCACTAAGTA-1,Layer_3,4
TAGAAAGGTGGCGCTA-1,Layer_5,2
TAGAAATTCACGTATA-1,Layer_5,2
TAGAATAGCCGATGAA-1,Layer_3,4
TAGAATTAAGGGCAAC-1,Layer_3,7
TAGACGAAACGCCAAT-1,Layer_5,2
TAGACGCCCGTACCGG-1,Layer_5,2
TAGACTACCTAGCGTT-1,Layer_3,7
TAGAGATCATGCAACT-1,Layer_6,5
TAGAGCTACGAAGAAC-1,Layer_3,4
TAGAGGTTCTACTTGT-1,Layer_3,7
TAGAGTCTAAGCGAAC-1,Layer_6,5
TAGATATGGACTGGAA-1,Layer_6,3
TAGATCCGAAGTCGCA-1,Layer_3,7
TAGATGGTTCCTTACT-1,Layer_3,4
TAGATTCAAAGTGCGG-1,WM,3
TAGATTCCTGGTTATT-1,Layer_5,2
TAGCAACCTGTCACAA-1,Layer_3,4
TAGCAGTATGACTAAA-1,Layer_3,4
TAGCCAGAGGGTCCGG-1,Layer_1,6
TAGCCATTTCAAAGTC-1,Layer_5,2
TAGCCGGCGGTCAGCG-1,Layer_5,2
TAGCGTCCCTCGATTG-1,Layer_3,4
TAGCGTCCGGTGTGGT-1,Layer_5,2
TAGCGTTGGGTCTTAC-1,Layer_6,5
TAGCTAAGTCCGGGAG-1,Layer_6,5
TAGCTAGAAGGCATGA-1,WM,3
TAGCTAGTGATGATGG-1,WM,3
TAGCTCGCCTGATAAC-1,Layer_6,5
TAGCTGATGTGAAGCG-1,Layer_5,5
TAGGAACAGCCTCCAG-1,Layer_3,4
TAGGCATGTTACGCCA-1,Layer_5,2
TAGGCCTATATAGTCT-1,,6
TAGGCGATGAGGTCTC-1,WM,3
TAGGCGGCTGCAAAGA-1,WM,3
TAGGCTAAAGTGGCAC-1,Layer_3,4
TAGGGAGCTTGGGATG-1,Layer_3,7
TAGGGTGTTTCAAGAG-1,Layer_5,2
TAGGTCCAAGTAAGGA-1,Layer_4,7
TAGGTCGCCGGAACTG-1,Layer_3,7
TAGGTGACGATAACCT-1,Layer_5,2
TAGGTGAGCCCTACTC-1,Layer_5,2
TAGGTGCTCGCCTAGC-1,Layer_5,2
TAGGTGTTCCACAGAT-1,Layer_6,5
TAGGTTCGAGTTCGTC-1,Layer_6,5
TAGTACCACAACTTTC-1,WM,3
TAGTACCTTAGTGGTC-1,Layer_3,4
TAGTAGCTTATACCAG-1,WM,3
TAGTCCCGGAGACCAC-1,Layer_6,5
TAGTCCGCAGAGAATG-1,Layer_6,5
TAGTCCGTATGCATAA-1,Layer_1,6
TAGTCGATCACGGGTT-1,Layer_3,7
TAGTCTAACAACGAGA-1,Layer_6,5
TAGTCTGCGGCACATT-1,WM,3
TAGTCTGTGACGTTGC-1,Layer_3,4
TAGTCTTTCCGAATTG-1,Layer_2,1
TAGTGCCCTCCAGAGT-1,Layer_6,5
TAGTGGAACTCATACA-1,Layer_3,1
TAGTGTCAGAAACGGC-1,Layer_3,4
TAGTTAAGATAGGATA-1,Layer_3,7
TAGTTTATTCTTGCTT-1,Layer_3,7
TATAAATCCACAAGCT-1,Layer_4,7
TATAAGTGAGGATAGC-1,Layer_4,7
TATACACAGACGCCTT-1,Layer_6,5
TATACACGCAAAGTAT-1,Layer_3,4
TATACCGAGTGCCACA-1,Layer_2,1
TATACGCGTCATCACT-1,Layer_6,5
TATACTCATGCGGCAA-1,Layer_3,4
TATAGAGTCGCTTGAA-1,WM,3
TATAGATGGTCGCAGT-1,Layer_3,7
TATAGGGTACTCATGA-1,Layer_5,2
TATATAGGGCTTTACG-1,WM,3
TATATATCGAGAAATG-1,WM,3
TATATCAAAGTGATCT-1,WM,3
TATATCCCTGGGAGGA-1,Layer_3,7
TATATTACAAATGTCG-1,Layer_3,1
TATATTCGCGTCGATA-1,Layer_3,4
TATCACAGCACGGGCA-1,Layer_2,1
TATCACCATGTAAAGT-1,Layer_3,1
TATCACCCAACCGACC-1,Layer_3,4
TATCACTTCGAGTAAC-1,Layer_3,4
TATCAGTGGCGTAGTC-1,WM,3
TATCCAATTGGTTATC-1,Layer_5,2
TATCCATATCATGCGA-1,Layer_4,7
TATCCATCTCGGTTAG-1,WM,3
TATCCGCACCGTCGGG-1,Layer_6,5
TATCCTATCAACTGGT-1,Layer_6,5
TATCCTGCATGGGAAT-1,Layer_3,7
TATCGATCTATGCATA-1,Layer_5,2
TATCGATGATTAAACG-1,Layer_5,2
TATCTACAGAGGTAAT-1,Layer_4,2
TATCTACCACAGCGGG-1,Layer_6,5
TATCTAGCCTAAAGGA-1,Layer_4,2
TATCTGAGCCGATATT-1,WM,3
TATCTTGCAATACAAC-1,WM,3
TATGAAGACAGGTGCG-1,Layer_4,7
TATGATAAATCTAACG-1,Layer_3,4
TATGATCCGGCACGCC-1,Layer_2,1
TATGATCTTCTCTTTA-1,Layer_3,7
TATGATTCTGCTTGGT-1,Layer_1,6
TATGCTCCCTACTTAC-1,Layer_5,5
TATGGAGTTTCTCGTT-1,Layer_1,6
TATGGATGTGCTACGC-1,Layer_5,5
TATGGCCCGGCCTCGC-1,Layer_5,2
TATGGGACCGAGCAGG-1,Layer_6,5
TATGGGTACGTATCGT-1,Layer_6,5
TATGGTCTGAGTAACA-1,Layer_6,5
TATGGTTAGTGGGAGA-1,Layer_3,4
TATGTAAAGTGCTTAA-1,WM,3
TATGTAGAAACCCGGC-1,WM,3
TATGTCAAGACCGACT-1,Layer_3,7
TATGTCTCATTGTGCC-1,Layer_5,2
TATTAACACCAAAGCA-1,WM,3
TATTAACCTGACCGCG-1,WM,3
TATTACCATCCTGCTT-1,Layer_4,7
TATTATGTTTGCCTGC-1,WM,3
TATTCAATTCTAATCC-1,Layer_6,5
TATTCCACTCAGCTCG-1,Layer_6,5
TATTCCGAGCTGTTAT-1,Layer_5,2
TATTCCGGCAGTCCTA-1,Layer_2,1
TATTCCTCCGCCCACT-1,WM,3
TATTCGTGCCAGAATA-1,Layer_6,5
TATTGCCGGGCTTGTA-1,,6
TATTTAGTCTAGATCG-1,Layer_4,2
TATTTATACCGAGTAG-1,Layer_4,7
TATTTGATTTGCACAG-1,Layer_2,6
TATTTGTTACCCTTTA-1,Layer_5,2
TCAAACAACCGCGTCG-1,Layer_5,5
TCAAACTTAGATTGTT-1,Layer_6,5
TCAAATTTGAGACTCA-1,Layer_6,5
TCAACAAAGATAATTC-1,WM,3
TCAACACATTGGGTAA-1,Layer_2,1
TCAACATAGCGCCCTA-1,WM,3
TCAACATCGACCGAGA-1,Layer_6,5
TCAACCATGTTCGGGC-1,Layer_5,2
TCAACGAGGAGACAAA-1,Layer_6,5
TCAACGCAGGAAATAA-1,WM,3
TCAACGCGACCGGCAG-1,Layer_5,5
TCAACTAACGTATAAC-1,Layer_4,7
TCAACTGCAGAGTCAG-1,Layer_3,1
TCAAGAAATACTAGCT-1,Layer_3,4
TCAAGCGCGGACGGTA-1,Layer_2,1
TCAAGGTTACTACACC-1,Layer_3,4
TCAATACGCCGTCATG-1,Layer_6,5
TCAATCCGGGAAGTTT-1,,6
TCACAAACCGAGGTAC-1,Layer_3,4
TCACAGATCCTCAAAC-1,Layer_1,6
TCACAGCAAACTCGAA-1,WM,3
TCACAGGAGAATAAGA-1,WM,3
TCACAGGGAATCGCAA-1,Layer_5,2
TCACAGGTTATTGGGC-1,Layer_6,5
TCACATCTTATCTGAT-1,Layer_3,7
TCACCCTCTTAAGATT-1,Layer_6,5
TCACCGCTCGGCACTC-1,Layer_4,2
TCACGATGTCCGTGGA-1,WM,3
TCACGCATTGTAGATC-1,Layer_6,5
TCACGGCCCAAGAGAG-1,WM,3
TCACGGTCATCGCACA-1,Layer_5,2
TCACGTGCCCGATTCA-1,Layer_6,5
TCACTACGACCAATGC-1,Layer_3,4
TCACTATCGTGCAATC-1,Layer_1,6
TCACTCAGCGCATTAG-1,Layer_1,6
TCACTCGTGCAACGGC-1,Layer_3,4
TCAGAACCTCCACAGG-1,Layer_3,4
TCAGACGCTATAGAAG-1,Layer_6,5
TCAGCAAATGCATCTC-1,Layer_6,5
TCAGCAGTAGGCCCTG-1,WM,3
TCAGCCAATCCGTAAA-1,Layer_3,1
TCAGGGCGCAAACTCG-1,Layer_3,4
TCAGGGTGCACGAAAC-1,Layer_3,4
TCAGGGTGTAACGTAA-1,Layer_6,5
TCAGGTTCTTTGAGAA-1,Layer_5,2
TCAGTACTGACCCGCG-1,Layer_5,2
TCAGTAGGGACTATAA-1,WM,3
TCAGTGTATACGTCAT-1,WM,3
TCAGTTACGGAATGAT-1,Layer_3,1
TCATACTTACAGATCC-1,Layer_3,4
TCATATGAGCTTTGTT-1,Layer_6,5
TCATCACTCGAGCTCG-1,Layer_3,4
TCATCCCAGAGGGTGG-1,Layer_3,7
TCATCGATGGTCCCAA-1,WM,3
TCATGCAGGTTCTCAT-1,Layer_4,7
TCATTTAAGTCTCCGA-1,Layer_3,7
TCATTTAGAAGTGTGA-1,Layer_3,1
TCCAACTCAGCTATCT-1,Layer_3,7
TCCAACTTTAAATTCT-1,Layer_6,5
TCCAAGCCTAGACACA-1,Layer_5,2
TCCAATAAAGGCTACC-1,Layer_6,5
TCCACAATGGTTTACG-1,Layer_5,2
TCCACATCGTATATTG-1,Layer_6,5
TCCACCAAGACATAGG-1,,6
TCCACCTCTAGCCTTT-1,Layer_6,5
TCCACTTTATCTAGGT-1,Layer_5,2
TCCAGAGCACCGGTTC-1,Layer_6,5
TCCAGCGCTATAAGCG-1,Layer_2,1
TCCAGGCGAGTACGGT-1,Layer_6,5
TCCAGGGTATATACGA-1,Layer_6,5
TCCATCAATACTAATC-1,WM,3
TCCATTAGTTGGATAG-1,Layer_1,6
TCCATTGTGACCTCGT-1,Layer_3,4
TCCCAAACAGACAACG-1,Layer_2,1
TCCCAAAGACGAAGGA-1,Layer_5,5
TCCCAAAGCCCTAAAT-1,Layer_2,1
TCCCACGGAGGGAGCT-1,Layer_2,1
TCCCACTCTCTTCCGG-1,Layer_3,4
TCCCAGCTTTAGTCTG-1,Layer_6,5
TCCCAGGCTTAGCTAA-1,Layer_5,5
TCCCGCGTACTCCTGG-1,Layer_6,5
TCCCGGGTGTGCTGCT-1,Layer_5,5
TCCCGGTCAGGAATTT-1,Layer_1,6
TCCCGTCAGTCCCGCA-1,Layer_5,2
TCCCGTGTGCAATTTG-1,Layer_5,2
TCCCTAGATCAATAGG-1,Layer_2,1
TCCCTGGCGTATTAAC-1,WM,3
TCCCTGGCTCGCTGGA-1,Layer_5,2
TCCCTTAGATTACTCG-1,Layer_4,7
TCCCTTGTCTGAAACT-1,,6
TCCGAACTTGGCTTAC-1,Layer_5,2
TCCGAAGTAGTCACCA-1,Layer_2,1
TCCGAATGGTCCTGAG-1,Layer_2,1
TCCGACCGCTAATCAA-1,WM,3
TCCGAGAAGGCTAAGC-1,Layer_1,6
TCCGATAATTGCCATA-1,Layer_5,2
TCCGATGACTGAGCTC-1,Layer_5,2
TCCGATGGTGCGACAT-1,Layer_5,2
TCCGATTACATTGCCG-1,Layer_5,2
TCCGCCTGTCTACAAG-1,Layer_5,2
TCCGCGGCAGCATCTG-1,Layer_5,2
TCCGCGGCCCAATGAA-1,Layer_3,4
TCCGCTGTCATCCCGG-1,Layer_5,2
TCCGCTTATCCCATTA-1,Layer_6,5
TCCGGAGGAAGGGCTG-1,Layer_2,1
TCCGGCCTAGCGTACA-1,Layer_3,7
TCCGGCCTGCATCGAT-1,Layer_3,1
TCCGGGCTTGACGGGA-1,Layer_3,4
TCCGGTTCGTCCGGTC-1,Layer_6,3
TCCGTAACCACAATCC-1,Layer_3,4
TCCGTTAAGCTAATAT-1,Layer_3,4
TCCGTTTAGCCTTGAA-1,Layer_5,2
TCCTAAATTGGGAAGC-1,Layer_6,5
TCCTAACCGTCGGGCA-1,WM,3
TCCTACATCCACGGCC-1,Layer_5,2
TCCTAGCAAAGAAGCT-1,Layer_6,5
TCCTCCTAAGACATTC-1,Layer_6,3
TCCTCGGGCTGGGCTT-1,Layer_6,5
TCCTCTACGAGATGGC-1,Layer_4,7
TCCTCTCCAGTTGTCC-1,Layer_4,7
TCCTCTGGCCCATTAG-1,Layer_3,4
TCCTGCCAACTGGAGA-1,Layer_3,4
TCCTGCGTTGATACTC-1,Layer_6,5
TCCTGGCGCTGCCTGG-1,Layer_2,1
TCCTTACGACGGTCCG-1,Layer_3,7
TCCTTCAGTGGTCGAA-1,Layer_3,7
TCCTTGTCCTTTAATT-1,Layer_5,5
TCCTTTAAATCCGCTT-1,Layer_3,7
TCCTTTCTTACGCTTA-1,Layer_6,5
TCGAAATTTAGGACCA-1,Layer_5,2
TCGAAGAACCGAGCAC-1,Layer_3,7
TCGAATATCCCGCAGG-1,WM,3
TCGACAACTGAACCCG-1,WM,3
TCGAGACCAACACCGT-1,Layer_6,5
TCGAGCCAGGCAGGCC-1,WM,3
TCGATAGGCTAGTCGC-1,Layer_2,1
TCGCAAAGATGCATTT-1,Layer_6,5
TCGCACCAGGAGGCAG-1,Layer_5,2
TCGCATAAAGGGCGCA-1,Layer_2,1
TCGCATCCCTAAGTGT-1,Layer_3,4
TCGCATTCAATGACTT-1,Layer_1,6
TCGCCCAACTGACTCC-1,Layer_1,1
TCGCCGAAGTTGCGTC-1,WM,3
TCGCCGACATATTCGC-1,Layer_3,7
TCGCCGGTCGATCCGT-1,Layer_5,2
TCGCCTCGACCTGTTG-1,Layer_1,6
TCGCGTAGCAGTGTCC-1,Layer_3,4
TCGCGTCCAGAAGGTC-1,Layer_5,2
TCGCTAAACCGCTATC-1,Layer_4,7
TCGCTACTGGCTTTGA-1,Layer_5,2
TCGCTCGATATATTCC-1,Layer_6,5
TCGCTCGGCACCAGCG-1,Layer_3,1
TCGCTGGGCGGATTGT-1,Layer_6,5
TCGCTGTGCGTAAATC-1,Layer_3,7
TCGCTTTAAACGTTTG-1,Layer_5,2
TCGGAATGACCATCAA-1,Layer_3,4
TCGGAATGCGCTCTGA-1,Layer_5,2
TCGGACGCCCAGCCCA-1,Layer_5,2
TCGGAGAGTATCGGGA-1,Layer_6,5
TCGGAGTACATGAGTA-1,Layer_6,5
TCGGATCTGGATGACC-1,WM,3
TCGGCGAACCCAAACC-1,Layer_3,4
TCGGCGTACTGCACAA-1,Layer_6,3
TCGGCTAACTTCCCTT-1,Layer_3,1
TCGGCTTGTATCGACG-1,Layer_3,4
TCGGGAACGTGCCTAG-1,Layer_3,4
TCGGGAGACAGCGTAC-1,Layer_5,2
TCGGGATTCAAACATA-1,Layer_5,2
TCGGGCACTTCTGGAT-1,Layer_1,6
TCGGGCCGTCGTGGTA-1,Layer_5,2
TCGGGTGAAACTGCTA-1,Layer_3,4
TCGGTCCCGACAATAG-1,WM,3
TCGGTCCCTGACTCCA-1,Layer_3,4
TCGGTGACCGCTCCGG-1,Layer_2,1
TCGGTTAGCCATGTAG-1,Layer_3,1
TCGTAAGACGACATTG-1,Layer_5,2
TCGTAAGCTCCGAGGA-1,Layer_3,1
TCGTATAGTGCAATTA-1,Layer_3,4
TCGTATTACCCATTGC-1,Layer_5,2
TCGTATTTCGTCCGGA-1,Layer_3,4
TCGTCAAGTACGCGCA-1,WM,3
TCGTCACACTGTTAGC-1,Layer_3,7
TCGTCCGCTGGCGTCT-1,Layer_4,7
TCGTCTTAGGCGTTAA-1,Layer_5,2
TCGTGTACTATGGATG-1,Layer_5,5
TCGTGTATTGGTCACG-1,Layer_2,6
TCGTGTCACGCTGACA-1,Layer_6,5
TCGTGTTCGACCACAA-1,Layer_3,1
TCGTTAGGAGTCCCTA-1,Layer_6,5
TCGTTCGTTATTATGT-1,Layer_3,7
TCGTTGCTATCCGGTC-1,WM,3
TCGTTGGCTCGTCAAT-1,Layer_1,6
TCTAAAGAACAGTCTC-1,WM,3
TCTAACTGTATGTAAA-1,Layer_3,7
TCTAATACTGCCTCAG-1,WM,3
TCTACACGTTCATGCA-1,Layer_3,1
TCTACCCAATAGAGAG-1,Layer_3,1
TCTACCGTCCACAAGC-1,Layer_6,5
TCTAGCAATCTCCGCC-1,Layer_6,3
TCTAGCATCTTCGATG-1,Layer_5,2
TCTAGCATGCCCAGAA-1,Layer_6,5
TCTAGGTGGCGACGCT-1,Layer_3,7
TCTAGTGATATCGTGG-1,Layer_3,7
TCTAGTTATCAGAAGA-1,Layer_6,5
TCTATAGGTGGGTAAT-1,,6
TCTATCATGCAGTTAC-1,Layer_3,7
TCTATCGGTCGCAACA-1,Layer_5,2
TCTATGCTATAACGAC-1,Layer_3,7
TCTATTACGCTGGCGA-1,Layer_3,4
TCTATTACTAGAGGAT-1,Layer_5,5
TCTCATGAGATAGGGT-1,Layer_5,2
TCTCCAACGTAGGTTA-1,Layer_5,2
TCTCCACAAGTTGAAT-1,Layer_3,4
TCTCCCTGGGCAGCGT-1,Layer_5,2
TCTCGAACGAGGTCAC-1,Layer_3,4
TCTCGACGTATCGCCG-1,Layer_3,1
TCTCGAGGAGGTTCGC-1,Layer_3,1
TCTCGGCTCCAGGACT-1,Layer_2,6
TCTCTAATAGCTGGTA-1,Layer_5,2
TCTCTCGCCGCACATA-1,Layer_2,1
TCTCTTACCGCGAACC-1,WM,3
TCTGAACCGGTCGGCT-1,Layer_3,7
TCTGAACTCGTACCCG-1,Layer_4,7
TCTGAAGCACGTGGTC-1,Layer_5,2
TCTGAATTCCGTACAA-1,Layer_4,7
TCTGACTGTAATGGTT-1,Layer_1,6
TCTGAGCAATTGACTG-1,Layer_2,1
TCTGATGTATTCTGTC-1,Layer_5,2
TCTGCATACCTTGCTT-1,Layer_3,4
TCTGCCAGAAACTGCA-1,Layer_5,2
TCTGCGTCCGGTTTCT-1,Layer_2,1
TCTGGGAACCTTTGAA-1,Layer_3,7
TCTGGGTAGCGCTCAT-1,Layer_6,5
TCTGTCATACAAGAGC-1,Layer_3,1
TCTGTGACTGACCGTT-1,Layer_1,6
TCTGTGCCATCATAGT-1,Layer_5,2
TCTGTGGCTACATTTC-1,Layer_1,6
TCTGTTACCCAGCATA-1,WM,3
TCTTACAGAGGTACCG-1,Layer_3,4
TCTTACCGGAACTCGT-1,Layer_4,7
TCTTACGGCATCCGAC-1,Layer_4,7
TCTTACTTATGCCTCT-1,Layer_4,7
TCTTAGAGCTCCAATT-1,Layer_3,4
TCTTAGAGTGAACTCT-1,Layer_3,7
TCTTATGGGTAGTACC-1,Layer_1,6
TCTTCCCATGGGCACA-1,Layer_3,7
TCTTCGAATAGACGTT-1,Layer_6,5
TCTTCGATACCAATAA-1,Layer_6,5
TCTTCTATAACCCGCC-1,Layer_3,4
TCTTGATGCGTAGCGA-1,Layer_6,5
TCTTGCTCCCGATACT-1,Layer_6,5
TCTTGGTAACACCAAA-1,Layer_5,2
TCTTTAAGACTATGAA-1,Layer_3,7
TCTTTAGAGTCTAACA-1,Layer_2,1
TCTTTCTCTTAAGGAG-1,Layer_3,4
TGAAACCTCAACTCAC-1,Layer_1,6
TGAAACTTATGCAAGC-1,Layer_3,7
TGAAAGGACCTGACTC-1,Layer_5,2
TGAACAAGCAGGGACT-1,WM,3
TGAATACCGACGCGTA-1,Layer_4,7
TGAATGAGTGTTTCCC-1,Layer_6,5
TGAATGTCAGCCGGCC-1,Layer_3,4
TGACACTTCTCTTTGC-1,Layer_3,4
TGACAGGACAAGTCCA-1,WM,3
TGACATCGAGCGGACC-1,Layer_3,7
TGACATGTAACGTGAC-1,Layer_6,5
TGACCAAATCTTAAAC-1,Layer_6,5
TGACCAGCTTCAAAGT-1,Layer_3,1
TGACCCAACTCACATT-1,Layer_1,6
TGACCCACGTTAGACA-1,Layer_6,5
TGACGAATATTTCCCT-1,Layer_6,5
TGACGATGCACTAGAA-1,Layer_4,7
TGACTATAATCCTTTC-1,Layer_6,5
TGACTCCGAATCATAC-1,WM,3
TGAGAATGCTTTACCG-1,Layer_4,2
TGAGAGATTTACCACG-1,Layer_5,2
TGAGATCAAATACTCA-1,Layer_3,4
TGAGATTAGGCCCTAA-1,Layer_3,4
TGAGCAGTCGTGAAGT-1,Layer_1,6
TGAGCCATACAGTCTC-1,Layer_6,5
TGAGCGGAAAGTGTTC-1,Layer_6,5
TGAGCTTTAATGACGC-1,Layer_4,7
TGAGGAGTGCCAGCTT-1,Layer_6,5
TGAGGCATGTACTGTG-1,WM,3
TGAGGTTGATCCCAAG-1,Layer_1,6
TGAGTAAATTAGCGTA-1,Layer_6,5
TGAGTGCCTCTTAAAT-1,WM,3
TGAGTGGTCCGTGACG-1,Layer_5,2
TGAGTGTAACAACGGG-1,,6
TGAGTTAAAGACATTC-1,Layer_3,1
TGATACATTTAGCCGT-1,WM,3
TGATAGCGGGATTCTA-1,Layer_3,7
TGATCAGGGAACTGCT-1,Layer_6,5
TGATCCCAGCATTAGT-1,Layer_3,4
TGATCGGTTTGACCCT-1,Layer_5,5
TGATCTACGCTGATCT-1,Layer_3,4
TGATCTCCGGCGCCAG-1,Layer_5,5
TGATGGCTGTTTCTGA-1,Layer_2,1
TGATGGGACTAAGTCA-1,Layer_1,6
TGATGTCAATTAAGTG-1,Layer_3,1
TGATTATGGCACGCAG-1,Layer_1,1
TGATTCAGGTCCCGCG-1,Layer_6,5
TGATTCCCGGTTACCT-1,Layer_6,5
TGATTCGTCTATCACT-1,Layer_5,2
TGATTCTGTCGCCGGT-1,WM,3
TGATTTATTAGCTGTG-1,Layer_6,5
TGATTTCCTCCTGACG-1,Layer_3,4
TGCAACCCATCTGCGG-1,Layer_3,7
TGCAAGAATGACGTAA-1,Layer_6,5
TGCAATCTAACACGGT-1,Layer_3,7
TGCAATTTGGGCACGG-1,Layer_3,1
TGCACAGTGAAGTTAT-1,Layer_3,1
TGCACGAGTCGGCAGC-1,Layer_3,4
TGCACTATGTGAGTGC-1,Layer_2,6
TGCAGAACTATATCGT-1,Layer_6,5
TGCAGAGTACCGAGCA-1,Layer_6,5
TGCAGATCGTCCTAGG-1,Layer_6,5
TGCAGCTACGTACTTC-1,Layer_5,5
TGCAGGATCGGCAAAG-1,Layer_5,2
TGCAGTGGTAGGGAAC-1,WM,3
TGCAGTTTCCTCCCAT-1,Layer_5,2
TGCATATGTCTGTCAC-1,Layer_5,2
TGCATGGATCGGATCT-1,Layer_5,2
TGCATGTGACCCATAG-1,WM,3
TGCATGTGGTAATCTA-1,Layer_5,2
TGCCAAAGTCAGACTT-1,Layer_6,5
TGCCAATGGGTACTCT-1,Layer_6,3
TGCCACCTGGCGAAAC-1,Layer_5,2
TGCCAGTACGTGGAGA-1,Layer_6,5
TGCCATGGCTTATAAG-1,Layer_2,1
TGCCATTACTAAAGAA-1,Layer_5,7
TGCCCGTACCGTTAAA-1,Layer_6,5
TGCCGGATGTACGAGC-1,WM,3
TGCCGTGGATCGTCCT-1,Layer_6,5
TGCCTAATTGAAGATT-1,Layer_3,4
TGCCTGACATCGGTCA-1,Layer_2,4
TGCCTGATCAAACGAT-1,Layer_5,2
TGCCTTGGCCAGGCAA-1,Layer_5,2
TGCGAATATGGGATTT-1,Layer_6,5
TGCGACACCCTAGTGC-1,WM,3
TGCGACGGCCGAACGT-1,WM,3
TGCGAGAATATTACCC-1,WM,3
TGCGAGCCCTTCCGCG-1,Layer_3,1
TGCGCAAAGCATTTGG-1,Layer_6,5
TGCGCGATTAACGGAG-1,Layer_5,2
TGCGGACTTGACTCCG-1,Layer_5,2
TGCGGAGTAAAGGTGC-1,Layer_5,2
TGCGGCATAGTTCAAC-1,Layer_3,4
TGCGGGTATTGGGATC-1,Layer_2,1
TGCGGTCTACGAGTAA-1,Layer_2,1
TGCGGTGAAATTTCAT-1,Layer_3,7
TGCGTAAGAACCTGAT-1,WM,3
TGCGTCATGACTGAGC-1,WM,3
TGCGTGATTGGGTGTC-1,Layer_1,6
TGCGTTTGTTGACACT-1,Layer_6,5
TGCTAAGTGTCTATTT-1,Layer_4,7
TGCTATACAAACGGAC-1,Layer_2,1
TGCTCCACAGTTCTTA-1,Layer_4,7
TGCTCGGCGAAACCCA-1,Layer_6,5
TGCTCGGTGGGTCACC-1,Layer_5,2
TGCTCTTGAGAGTTTG-1,Layer_5,2
TGCTGGTTGGACAATT-1,Layer_4,7
TGCTGTTGAAGAACTC-1,Layer_6,5
TGCTTAGAGAGAATGC-1,WM,3
TGCTTCCCAAGCAGTA-1,Layer_6,5
TGGAAACGGAGTGAAC-1,Layer_1,6
TGGAACCACTGACACA-1,Layer_3,4
TGGAAGAAGGGAACGT-1,Layer_6,5
TGGAAGACGAACACCA-1,Layer_3,4
TGGAAGGATAAAGATG-1,Layer_5,2
TGGAATATCCTTGACC-1,Layer_3,4
TGGAATTAGACGCTTT-1,Layer_3,4
TGGACCAATCTAAGAT-1,Layer_5,2
TGGACGCAATCCAGCC-1,WM,3
TGGACTGTTCGCTCAA-1,Layer_6,5
TGGAGAATAATCGTCC-1,WM,3
TGGAGCTAAAGTTCCC-1,Layer_3,4
TGGAGTGATGCGATGA-1,Layer_5,2
TGGCAAACTAAATTAC-1,Layer_5,2
TGGCAACTCGCGCGCC-1,Layer_5,2
TGGCAAGCACAAGTCG-1,Layer_6,5
TGGCAATGGGACGGCG-1,Layer_3,1
TGGCACGAGCTCGAGT-1,Layer_2,1
TGGCAGATTACGATCA-1,Layer_6,5
TGGCAGCAGTAATAGT-1,Layer_6,5
TGGCATGAAGTTTGGG-1,WM,3
TGGCCAAACTGAAGTA-1,Layer_5,2
TGGCCAATTTGGTACT-1,Layer_6,3
TGGCCGTATATTGACC-1,Layer_5,2
TGGCGACTGCTCCAAA-1,WM,3
TGGCGATCAAGTTATG-1,Layer_6,5
TGGCGGTGTGCGATTG-1,Layer_1,6
TGGCTACACTCTACCT-1,Layer_3,4
TGGCTATGTGACATAC-1,Layer_5,2
TGGCTCTTGTCGCGTA-1,Layer_5,5
TGGCTTTGGGTAGACA-1,Layer_4,2
TGGGAAATGCCTTTCC-1,Layer_3,7
TGGGATGCACTCATTC-1,Layer_3,4
TGGGCAATAGTTGGGT-1,Layer_3,4
TGGGCACAAACAGAAC-1,Layer_2,1
TGGGCACGTTCTATGG-1,Layer_3,7
TGGGCAGGCCACCGCA-1,Layer_2,6
TGGGCCACAAGAGCGC-1,Layer_5,2
TGGGCCCATACTAATT-1,Layer_5,2
TGGGCCTTGCCTGCAT-1,Layer_1,6
TGGGCGATACAATAAG-1,Layer_6,5
TGGGTAAGGTTCCCGC-1,Layer_3,7
TGGTAAGCAGGATTGA-1,Layer_5,5
TGGTAGAATATATGGG-1,Layer_3,4
TGGTATCGCATCCCAA-1,Layer_3,4
TGGTATCGGTCTGTAT-1,Layer_3,4
TGGTCCCACGCTACGG-1,Layer_5,5
TGGTCTGTTGGGCGTA-1,Layer_5,5
TGGTGATCGTATTTGT-1,Layer_3,4
TGGTTAACTTACATTT-1,WM,3
TGGTTCAACGGGTAAT-1,Layer_6,5
TGGTTCGTAGCAAAGG-1,Layer_5,2
TGGTTGGAGGATCCTG-1,Layer_3,4
TGGTTTAAACGTGGGT-1,Layer_2,1
TGTAACTTGTCAACCT-1,Layer_1,6
TGTAATGACCACAATA-1,Layer_5,2
TGTACCCGACCCTAAT-1,WM,3
TGTACCTACACGAGGG-1,Layer_3,7
TGTACGAACAAATCCG-1,Layer_6,5
TGTACGCTATCAGCTT-1,Layer_2,1
TGTACTGTGCCAAAGT-1,Layer_1,6
TGTAGCCATCCCATTC-1,Layer_2,1
TGTAGGAGAAATTTCC-1,Layer_5,2
TGTAGTGATCTATAAT-1,Layer_5,5
TGTATAACAGATCCTG-1,Layer_5,2
TGTATCCTTATTCCAT-1,Layer_3,4
TGTATGGCGCAGACAG-1,Layer_4,7
TGTATTTACCTAATGC-1,Layer_2,1
TGTCATTTGTTGGGAA-1,Layer_3,1
TGTCCACGGCTCAACT-1,Layer_3,4
TGTCCCGACATAGCAC-1,Layer_3,4
TGTCCGTGGCGCCTTT-1,Layer_4,7
TGTCCTAAGTCACCGC-1,Layer_5,2
TGTCGGCATGGTGGAA-1,Layer_1,6
TGTCGTTATCACATAT-1,WM,3
TGTCTACAGTTTCTGT-1,Layer_3,4
TGTGACTACGCCAGTC-1,Layer_5,2
TGTGAGACTAGCCCAA-1,Layer_6,5
TGTGATTCCAGCGCTT-1,Layer_2,1
TGTGCCGGTGCCGGAA-1,Layer_3,7
TGTGCTTTACGTAAGA-1,Layer_5,2
TGTGGAGGAAGCTTAA-1,Layer_1,6
TGTGGCAAAGCGTATG-1,Layer_5,2
TGTGGCGGGCTTCTGG-1,Layer_6,5
TGTGGCTCCCACCAAC-1,Layer_2,1
TGTGGTTGCTAAAGCT-1,Layer_6,5
TGTGTCGCGAGTTGCA-1,Layer_4,7
TGTGTTCGTATCCAAG-1,Layer_4,2
TGTTATTGTATGTGGC-1,Layer_5,2
TGTTCCGCTTCCATGA-1,Layer_6,5
TGTTCCGGCCTGAGCT-1,Layer_6,5
TGTTCGTATTGCGGTG-1,Layer_6,5
TGTTCTTCCATTGACT-1,Layer_6,5
TGTTGTCAAGAAGTCT-1,Layer_5,2
TGTTTAATACTTCATC-1,Layer_3,4
TGTTTCGGTACTTCTC-1,Layer_4,2
TGTTTCTGAAGCGTGC-1,WM,3
TGTTTGAGATCGTCAG-1,Layer_2,1
TTAAACAGAGTCCCGC-1,Layer_1,6
TTAAACCGGTAGCGAC-1,Layer_3,1
TTAAACCTGGTTCCTT-1,Layer_3,4
TTAAACTCGAATTCAT-1,Layer_4,7
TTAACACCTCGAACAT-1,Layer_3,4
TTAACCAACCCTCCCT-1,Layer_5,2
TTAACGTCGCAAGACC-1,Layer_3,4
TTAACTCACGCGTGGA-1,Layer_3,4
TTAACTTCAGGTAGGA-1,Layer_6,3
TTAAGACGAACGAACC-1,Layer_3,1
TTAAGATAGGATTGAC-1,Layer_3,7
TTAAGCCGACAACTTC-1,Layer_3,7
TTAAGCGCCTGACCCA-1,Layer_5,5
TTAAGGATACGGAGGT-1,Layer_1,6
TTAAGGCCCGTACTTT-1,WM,3
TTAAGTATTGTTATCC-1,Layer_3,7
TTAATCAGTACGTCAG-1,Layer_5,2
TTAATGCGAGGTAACT-1,Layer_3,1
TTAATGTAGACCAGGT-1,Layer_6,5
TTAATTGCTTTGGGTG-1,Layer_5,2
TTAATTTCAGACGCGG-1,Layer_4,2
TTACAACTACGCATCC-1,Layer_5,2
TTACACGATCTGCGAC-1,Layer_2,1
TTACAGACCTAAATGA-1,Layer_3,7
TTACATCGTGGCCTGG-1,Layer_3,7
TTACATGCCACAACTA-1,Layer_3,4
TTACCATTGATTACCC-1,Layer_5,2
TTACCCATTGCCGGGT-1,Layer_4,7
TTACCCTAACAGTCCT-1,Layer_3,4
TTACCCTAGGGATTGG-1,Layer_6,5
TTACCGCCTTAGGGAA-1,Layer_1,6
TTACGGATGGTTCGAG-1,Layer_4,7
TTACGGTGTCACCGAG-1,Layer_1,6
TTACGTAGCGCGTGCT-1,Layer_1,6
TTACTAAAGGACTTTA-1,Layer_5,2
TTACTATCGGCTTCTC-1,Layer_5,2
TTACTCCGGCCGGGAA-1,Layer_6,5
TTACTCTGGTACGTAC-1,Layer_6,5
TTACTGGGATATTTCA-1,Layer_6,5
TTACTGTTTCTCTACG-1,Layer_2,1
TTAGAAGAACATGACT-1,Layer_6,5
TTAGAATAAGGGTCGG-1,WM,3
TTAGACACGATCGTTG-1,Layer_3,7
TTAGACGAGTCACCTC-1,Layer_5,2
TTAGAGTTTAGAAGGA-1,Layer_5,2
TTAGATAGGTCGATAC-1,Layer_1,6
TTAGCAACATGGATGT-1,Layer_3,4
TTAGCTAATACGATCT-1,Layer_3,7
TTAGCTCTGTAATCCG-1,Layer_4,7
TTAGCTGATTTGCCGT-1,Layer_4,7
TTAGGTCATAACCGAC-1,WM,3
TTAGTAAACCTGCTCT-1,Layer_3,4
TTAGTAGGGCGGCGGG-1,Layer_5,2
TTAGTTATTCGTGGCA-1,Layer_4,7
TTAGTTCAAGTGTTCG-1,Layer_2,1
TTATAGATGCACATTA-1,Layer_2,1
TTATAGGTAATTGTCT-1,Layer_5,2
TTATATACGCTGTCAC-1,Layer_6,5
TTATATTTGGCAATCC-1,Layer_6,5
TTATCCAATCGAACTC-1,Layer_2,4
TTATCCGGGATCTATA-1,Layer_5,2
TTATCCTCAAGGAATA-1,WM,3
TTATCGCCTGCGAAGC-1,Layer_3,7
TTATCTGACATTAGGA-1,Layer_6,5
TTATCTGTATCATAAC-1,Layer_5,2
TTATGAATGAAAGGGA-1,Layer_6,5
TTATGACAAACTGGAT-1,Layer_5,2
TTATGATCTTAACGAA-1,Layer_5,2
TTATGCGTCCCGGTCC-1,Layer_1,1
TTATGTTTGCGATAGA-1,Layer_3,7
TTATTAGAGCGTGTTC-1,Layer_6,5
TTATTAGGGAAGCATC-1,Layer_3,7
TTATTTCATCCCAAAC-1,Layer_1,6
TTCAAAGTCTCTAGCC-1,Layer_6,5
TTCAACGACCCGACCG-1,Layer_4,2
TTCAAGCCGAGCTGAG-1,Layer_3,7
TTCAATACTCTGAATC-1,Layer_5,2
TTCAATTAGCCATAAT-1,Layer_3,4
TTCACGAAAGGATCAC-1,Layer_6,5
TTCACTCGAGCACCTA-1,Layer_6,5
TTCACTTCCTAGAACG-1,Layer_6,5
TTCAGAGTAACCTGAC-1,Layer_1,6
TTCAGCCCTGGTCCAC-1,Layer_5,2
TTCAGCTGGCGTGCCC-1,Layer_3,7
TTCAGGCGTCAAAGCC-1,Layer_5,5
TTCAGTTCAAGAGGAG-1,WM,3
TTCATAGCCTTGTAAC-1,Layer_1,6
TTCATGGCGCAACAGG-1,Layer_5,2
TTCCAATCAGAGCTAG-1,Layer_3,7
TTCCAATCTGGCTATC-1,WM,3
TTCCACACAGATTTGA-1,WM,3
TTCCACATTTCTCGTC-1,Layer_2,1
TTCCAGACGAGATTTA-1,Layer_3,1
TTCCATCATGCGGTGA-1,Layer_3,4
TTCCATCGACAGCGTG-1,Layer_3,1
TTCCCGACGCTTCACT-1,Layer_3,1
TTCCCGGCGCCAATAG-1,Layer_6,5
TTCCGCAGAGAAATAT-1,Layer_3,4
TTCCGCGTGAGGCGAT-1,Layer_6,5
TTCCGGCCTTGAGGCT-1,WM,3
TTCCGGCTCGACTTCT-1,Layer_1,1
TTCCGGTATCTGTGTC-1,Layer_2,1
TTCCGGTTACCCACTT-1,Layer_5,2
TTCCTCGAGGGTGTCT-1,Layer_5,2
TTCCTCGGACTAACCA-1,Layer_5,2
TTCCTCTGCCCGAATA-1,Layer_5,2
TTCCTTTCTGTGTTGC-1,Layer_1,6
TTCGACAGAGCCCGTG-1,Layer_6,5
TTCGACGGGAAGGGCG-1,Layer_5,2
TTCGCACTCGCGTGCT-1,Layer_5,2
TTCGCACTGTACGACA-1,Layer_6,5
TTCGCATCCGGAAGCA-1,Layer_1,6
TTCGCCGCTCGCGCTA-1,WM,3
TTCGCGCGCCATACGA-1,WM,3
TTCGCTAGGAAGTTGT-1,Layer_2,1
TTCGCTATCTGACGTG-1,Layer_3,4
TTCGGACTGATGCCTT-1,Layer_2,1
TTCGGACTGGGCATGG-1,WM,3
TTCGGCAACCCGCTGA-1,Layer_3,7
TTCGGCTAGAGATGGT-1,Layer_3,4
TTCGGGACTAATCGCG-1,Layer_6,5
TTCGGGCGCTAGTCTT-1,WM,3
TTCGGTACTGTAGAGG-1,Layer_6,5
TTCGTAATCCCAGCGG-1,Layer_3,4
TTCGTACTCCAGAACG-1,Layer_5,2
TTCGTTCAACGAAGTT-1,Layer_3,4
TTCTAACCGAAGCTTA-1,Layer_5,2
TTCTACCTCAATCGGT-1,WM,3
TTCTACCTTTATGTTG-1,Layer_3,4
TTCTACTTGCGAGGGC-1,Layer_3,7
TTCTAGAAAGTCTTAT-1,WM,3
TTCTAGGCCAATTGTG-1,Layer_4,2
TTCTATTAAACGCAGC-1,Layer_6,5
TTCTCTTACAGGTGAT-1,WM,3
TTCTGACCGGGCTCAA-1,Layer_5,2
TTCTGCCGCGCCTAGA-1,Layer_6,5
TTCTGCGAGCGCCCTT-1,Layer_5,2
TTCTGCGGGTTAGCGG-1,Layer_5,2
TTCTGCTAGACTCCAA-1,Layer_3,4
TTCTTAGTGAACGGTG-1,Layer_3,4
TTCTTAGTGGCTCAGA-1,Layer_4,2
TTCTTATCCGCTGGGT-1,Layer_3,4
TTCTTCCCTTTGATAT-1,Layer_3,1
TTCTTCGCAATAGAGC-1,Layer_2,1
TTCTTGAGCCGCGCTA-1,WM,3
TTCTTGCTAGCATCTC-1,Layer_3,4
TTCTTGGACGATCTGC-1,WM,3
TTCTTGGAGTAATGAG-1,Layer_5,2
TTCTTGTAACCTAATG-1,Layer_4,7
TTCTTTGGTCGCGACG-1,Layer_3,4
TTGAAAGGTGTAAAGG-1,Layer_3,1
TTGAACGAATCCTTTG-1,Layer_3,4
TTGAACGACGTGCTGA-1,Layer_3,7
TTGAAGAATTCCCAGG-1,Layer_6,5
TTGAAGGATGGGCGCC-1,WM,3
TTGAATATGGACTTTC-1,Layer_6,5
TTGAATCGTTGTATAA-1,Layer_6,5
TTGAATTCACGTGAGG-1,Layer_3,7
TTGACAGGAGCTCCCG-1,Layer_3,7
TTGACATGAACGTGGA-1,Layer_6,3
TTGACCAGGAACAACT-1,Layer_5,2
TTGACCATGTTCTCCG-1,Layer_5,2
TTGACCGTGTTAATGA-1,WM,3
TTGACGATTCAGCACG-1,Layer_3,4
TTGACGCTCCATGAGC-1,Layer_3,7
TTGACTACCATATGGT-1,WM,3
TTGACTATTGTCCGGC-1,Layer_3,4
TTGAGAAGTTTAGCAT-1,Layer_4,7
TTGAGAGTACTGCTAA-1,WM,3
TTGAGCAGCCCACGGT-1,Layer_2,1
TTGAGCGCCACGTGAT-1,Layer_2,1
TTGAGGCATTTAACTC-1,Layer_3,4
TTGATCTAACTTTGTC-1,Layer_5,5
TTGATGTGTAGTCCCG-1,Layer_4,2
TTGATTAGCTGTTTCT-1,WM,3
TTGATTATGCAGATGA-1,Layer_5,2
TTGCAAGAAGACTCCT-1,Layer_6,5
TTGCACAATTCAGAAA-1,Layer_6,5
TTGCACGGAGCAGCAC-1,Layer_5,2
TTGCATGCTGATCACG-1,Layer_6,5
TTGCCAAGCAGAACCC-1,Layer_2,1
TTGCCATAGCCCGCTC-1,WM,3
TTGCCCTGATCACGGG-1,Layer_5,5
TTGCCGCAGACCTACA-1,WM,3
TTGCCGCTTTCTAGTA-1,Layer_5,2
TTGCCGGTGATCCCTC-1,Layer_3,4
TTGCCTAATCCAAAGT-1,WM,3
TTGCGGCATCAGAAAG-1,WM,3
TTGCGGCGACTCATGC-1,Layer_2,1
TTGCGTAGTTTGAGGA-1,Layer_3,4
TTGCGTCGGCCAACCG-1,WM,3
TTGCGTGAACGCTTAG-1,Layer_3,4
TTGCTAGCTACCAATC-1,Layer_1,6
TTGCTCATAGTACGTG-1,,6
TTGCTCCCATACCGGA-1,Layer_5,2
TTGCTGAAGGAACCAC-1,Layer_5,2
TTGCTGATCATGTTCG-1,Layer_6,5
TTGCTGCACCTATCCA-1,Layer_3,4
TTGCTGGCCGGGCTTC-1,Layer_3,4
TTGGAAGAATACAGTC-1,WM,3
TTGGACATGTGGCTTA-1,Layer_6,5
TTGGACCATCTGGCAA-1,Layer_3,4
TTGGACCTATAACAGT-1,Layer_4,7
TTGGAGTCTCCCTTCT-1,Layer_2,1
TTGGATATCGTCTACG-1,WM,3
TTGGATCGACTTCTGG-1,Layer_3,7
TTGGATTGGGTACCAC-1,Layer_4,7
TTGGCCATCTTGCGCT-1,Layer_3,4
TTGGCCTAGAATTTCG-1,Layer_3,7
TTGGCTCAATATGTGT-1,,6
TTGGCTCGCATGAGAC-1,Layer_4,7
TTGGGAAGACGAGCCG-1,Layer_6,5
TTGGGACACTGCCCGC-1,Layer_6,5
TTGGGACGTAAGAGTT-1,Layer_3,1
TTGGGCGGCGGTTGCC-1,Layer_5,5
TTGGTCACACTCGTAA-1,WM,3
TTGGTTGCGGTGCGCG-1,WM,3
TTGTAAGGACCTAAGT-1,WM,3
TTGTAAGGCCAGTTGG-1,Layer_5,2
TTGTAATCCGTACTCG-1,Layer_6,5
TTGTATCACACAGAAT-1,Layer_3,7
TTGTCGTTCAGTTACC-1,Layer_5,2
TTGTGAACCTAATCCG-1,Layer_4,7
TTGTGAGGCATGACGC-1,Layer_5,5
TTGTGCAGCCACGTCA-1,Layer_5,2
TTGTGGCCCTGACAGT-1,Layer_5,2
TTGTGGTAGGAGGGAT-1,WM,3
TTGTGGTGGTACTAAG-1,Layer_3,4
TTGTGTATGCCACCAA-1,Layer_6,5
TTGTGTTTCCCGAAAG-1,Layer_6,5
TTGTTAGCAAATTCGA-1,Layer_4,7
TTGTTCAGTGTGCTAC-1,Layer_5,5
TTGTTGTGTGTCAAGA-1,Layer_5,5
TTGTTTCACATCCAGG-1,WM,3
TTGTTTCATTAGTCTA-1,WM,3
TTGTTTCCATACAACT-1,Layer_6,5
TTGTTTGTATTACACG-1,WM,3
TTGTTTGTGTAAATTC-1,Layer_2,1
