,ground_truth,domain
AAACAACGAATAGTTC-1,Layer_1,4
AAACAAGTATCTCCCA-1,Layer_3,1
AAACACCAATAACTGC-1,WM,0
AAACAGAGCGACTCCT-1,Layer_3,6
AAACAGGGTCTATATT-1,Layer_5,2
AAACAGTGTTCCTGGG-1,WM,0
AAACATTTCCCGGATT-1,Layer_3,5
AAACCCGAACGAAATC-1,Layer_2,6
AAACCGGGTAGGTACC-1,Layer_5,2
AAACCGTTCGTCCAGG-1,WM,0
AAACCTAAGCAGCCGG-1,Layer_5,2
AAACCTCATGAAGTTG-1,Layer_5,2
AAACGAAGAACATACC-1,Layer_1,4
AAACGAGACGGTTGAT-1,Layer_5,2
AAACGGGCGTACGGGT-1,Layer_4,2
AAACGGTTGCGAACTG-1,Layer_6,3
AAACTCGGTTCGCAAT-1,Layer_5,2
AAACTGCTGGCTCCAA-1,Layer_6,3
AAACTTAATTGCACGC-1,WM,0
AAACTTGCAAACGTAT-1,Layer_5,2
AAAGACCCAAGTCGCG-1,Layer_1,4
AAAGACTGGGCGCTTT-1,Layer_3,1
AAAGGCCCTATAATAC-1,WM,0
AAAGGCTACGGACCAT-1,WM,0
AAAGGCTCTCGCGCCG-1,WM,0
AAAGGGATGTAGCAAG-1,Layer_5,2
AAAGGGCAGCTTGAAT-1,Layer_3,1
AAAGTAGCATTGCTCA-1,WM,3
AAAGTCACTGATGTAA-1,Layer_1,4
AAAGTCGACCCTCAGT-1,Layer_4,2
AAAGTGTGATTTATCT-1,Layer_5,2
AAAGTTGACTCCCGTA-1,Layer_4,5
AAATAACCATACGGGA-1,Layer_3,1
AAATACCTATAAGCAT-1,Layer_6,3
AAATAGCTTAGACTTT-1,Layer_3,1
AAATAGGGTGCTATTG-1,Layer_5,2
AAATCCGATACACGCC-1,Layer_4,2
AAATCGTGTACCACAA-1,Layer_6,3
AAATCTAGCCCTGCTA-1,Layer_4,1
AAATGATTCGATCAGC-1,Layer_2,6
AAATGCTCGTTACGTT-1,Layer_1,4
AAATGGCATGTCTTGT-1,Layer_3,1
AAATGGCCCGTGCCCT-1,Layer_6,3
AAATGGTCAATGTGCC-1,Layer_5,2
AAATGTATCTTATCCC-1,Layer_1,4
AAATTAACGGGTAGCT-1,Layer_6,2
AAATTACACGACTCTG-1,Layer_3,1
AAATTACCTATCGATG-1,Layer_4,5
AAATTCCAGGTCCAAA-1,Layer_2,6
AAATTGATAGTCCTTT-1,WM,0
AAATTTACCGAAATCC-1,Layer_2,6
AAATTTGCGGGTGTGG-1,Layer_6,3
AACAACTGGTAGTTGC-1,Layer_5,2
AACAATACATTGTCGA-1,WM,0
AACAATTACTCTACGC-1,Layer_3,5
AACACACGCTCGCCGC-1,Layer_5,2
AACACGACTGTACTGA-1,Layer_2,6
AACACGAGACGCGGCC-1,Layer_5,2
AACAGCTGTGTGGCAA-1,WM,0
AACAGGAAATCGAATA-1,Layer_3,1
AACAGGATGGGCCGCG-1,Layer_4,5
AACAGGTAGTATGGAT-1,Layer_3,6
AACATATCAACTGGTG-1,Layer_3,1
AACATTGAAGTTGATC-1,WM,0
AACATTGTGACTCGAG-1,WM,0
AACCAAGACTTCTCTG-1,Layer_5,2
AACCAGTATCACTCTT-1,Layer_2,6
AACCATAGGGTTGAAC-1,WM,0
AACCCAGAGACGGAGA-1,Layer_1,4
AACCCATCCCATGATC-1,WM,0
AACCCGACAACCCGTG-1,WM,0
AACCCGAGCAGAATCG-1,Layer_3,6
AACCCTACTGTCAATA-1,Layer_4,5
AACCCTGGTGGAACCA-1,Layer_2,6
AACCGAGCTTGGTCAT-1,Layer_5,2
AACCGCTAAGGGATGC-1,Layer_5,2
AACCGTTGTGTTTGCT-1,Layer_3,1
AACCTCGCTTTAGCCC-1,Layer_5,2
AACCTTTAAATACGGT-1,Layer_6,3
AACCTTTACGACGTCT-1,Layer_3,1
AACGATAATGCCGTAG-1,Layer_6,2
AACGATAGAAGGGCCG-1,Layer_3,1
AACGATATGTCAACTG-1,Layer_5,2
AACGCATGATCTGGGT-1,Layer_2,6
AACGCGACCTTGGGCG-1,WM,0
AACGCGGTCTCCAGCC-1,Layer_5,2
AACGCTGTTGCTGAAA-1,Layer_4,5
AACGGACGTACGTATA-1,Layer_5,2
AACGGCCATCTCCGGT-1,WM,3
AACGTACTGTGGGTAC-1,WM,0
AACGTCAGACTAGTGG-1,Layer_3,1
AACGTGATGAAGGACA-1,Layer_3,6
AACGTGCGAAAGTCTC-1,Layer_6,2
AACGTTATCAGCACCT-1,Layer_1,4
AACTACCCGTTTGTCA-1,Layer_3,6
AACTAGGCTTGGGTGT-1,Layer_6,3
AACTCAAGTTAATTGC-1,Layer_6,2
AACTCCAGAGCGTGTT-1,Layer_4,2
AACTCCTAATCCCATG-1,Layer_3,6
AACTCGATAAACACGT-1,Layer_1,4
AACTCTCAATAGAGCG-1,Layer_5,2
AACTCTCAGTGTGCTC-1,WM,0
AACTGATATTAGGCCT-1,Layer_3,1
AACTGGGTCCCGACGT-1,Layer_4,5
AACTGGGTTCGAGCCG-1,Layer_1,4
AACTTCTGCGTCTATC-1,Layer_1,4
AACTTGCCCGTATGCA-1,Layer_3,5
AAGAAAGTTTGATGGG-1,WM,0
AAGACATACGTGGTTT-1,Layer_3,4
AAGACCCAACTGAACA-1,WM,0
AAGACTGCAAGCTACT-1,Layer_6,2
AAGAGATGAATCGGTA-1,Layer_3,1
AAGAGCTCTTTATCGG-1,Layer_6,2
AAGAGGATGTACGCGA-1,Layer_5,2
AAGAGGCATGGATCGC-1,Layer_5,2
AAGAGGCCCTTTGGAA-1,Layer_3,6
AAGATGGCACCGGACC-1,WM,0
AAGATTGGCGGAACGT-1,Layer_4,5
AAGCACCCTGCGTATC-1,Layer_6,2
AAGCATACTCTCCTGA-1,Layer_6,3
AAGCCGAAGCGGTTTA-1,Layer_3,1
AAGCCGCCGTGAAATC-1,WM,0
AAGCGCAGGGCTTTGA-1,Layer_5,2
AAGCGGCGTCATGGGT-1,Layer_2,6
AAGCGTCCCTCATCGA-1,WM,0
AAGCTAGATCGAGTAA-1,Layer_6,3
AAGCTCGTGCCAAGTC-1,Layer_6,2
AAGCTCTTTCATGGTG-1,Layer_5,2
AAGGAGCGGTTGGTGC-1,Layer_5,2
AAGGATCGATCGCTTG-1,Layer_3,6
AAGGATGAGGGACCTC-1,Layer_5,2
AAGGCAGGCTGTCTCC-1,Layer_2,6
AAGGCGCGTAAAGCTT-1,Layer_3,1
AAGGCTGTGCTCATCG-1,Layer_5,2
AAGGGAACGACTGGCT-1,WM,0
AAGGGACAGATTCTGT-1,Layer_4,5
AAGGGACTATGCATTC-1,WM,0
AAGGTATCCTAATATA-1,Layer_5,2
AAGGTGATAAACCAGC-1,Layer_5,2
AAGTAGAAGACCGGGT-1,Layer_3,1
AAGTAGTGACGCGAGG-1,Layer_5,2
AAGTCAATTGTCGTCA-1,Layer_4,5
AAGTGACGACCGAATT-1,Layer_5,2
AAGTGAGTCGGGTTTA-1,WM,0
AAGTGCAAAGGTAGAC-1,Layer_1,4
AAGTGCCTTGACTGTA-1,Layer_3,1
AAGTGCGTTAGAATCT-1,Layer_6,3
AAGTGCTTCTCTATTG-1,WM,0
AAGTGTTTGGAGACGG-1,Layer_5,2
AAGTTCACTCCAAGCT-1,Layer_5,2
AAGTTCAGTCTGCGTA-1,Layer_2,6
AAGTTCGGCCAACAGG-1,Layer_6,3
AAGTTGTGATGTTATA-1,Layer_3,1
AAGTTTATGGGCCCAA-1,Layer_5,2
AATAACAACGCTCGGC-1,Layer_5,2
AATAACACTAGAACAA-1,WM,0
AATAATCTTCGTATCG-1,Layer_2,4
AATACAATGTTTCAGG-1,Layer_2,4
AATACCGGAGGGCTGT-1,WM,0
AATAGAACAGAGTGGC-1,WM,0
AATAGAATCTGTTTCA-1,Layer_5,2
AATAGCTACCGCGTGC-1,Layer_1,4
AATAGTCCGTCCCGAC-1,WM,0
AATAGTCGCGAGTCGG-1,Layer_1,4
AATATCGAATCAATGC-1,Layer_3,6
AATATCGAGGGTTCTC-1,Layer_3,1
AATATTGGAGTATTGA-1,Layer_5,2
AATCAGGTTTCATTTA-1,WM,0
AATCATGTAAAGACTC-1,Layer_4,5
AATCCAAGGGCCTGAG-1,Layer_2,4
AATCGCCTCAGCGCCA-1,Layer_6,2
AATCGCGCAGAGGACT-1,Layer_2,6
AATCGGGACACTACGA-1,Layer_1,4
AATCGTGAGCCGAGCA-1,Layer_5,2
AATCTAGGTTTACTTG-1,Layer_6,3
AATCTATGCCGGAGCC-1,Layer_2,6
AATCTGCGTTGGGACG-1,Layer_5,5
AATCTGGCTTTCTAGT-1,Layer_6,3
AATCTGGGTAGACCCT-1,Layer_1,4
AATGACAGCAATGTCT-1,Layer_6,3
AATGACGTAGGATGTC-1,Layer_6,2
AATGACTGTCAGCCGG-1,Layer_4,5
AATGATGATACGCTAT-1,Layer_3,1
AATGATGCGACTCCTG-1,Layer_3,1
AATGCAACCGGGTACC-1,Layer_5,2
AATGCACCAAGCAATG-1,Layer_3,1
AATGGTCCACCGTTCA-1,Layer_3,1
AATGGTTCTCACAAGC-1,Layer_3,6
AATGTATGGCACTGTA-1,WM,0
AATGTGCCCGAGGTGT-1,WM,0
AATGTGCTAATCTGAG-1,WM,0
AATGTTGTCGTGAGAC-1,Layer_3,1
AATTAAAGGTCGGCGT-1,Layer_6,3
AATTAACGGATTTCCA-1,Layer_6,3
AATTACTCGTACGCTC-1,Layer_1,4
AATTAGCGCTGCAGCG-1,Layer_6,3
AATTCATAAGGGATCT-1,Layer_3,5
AATTCCAACTTGGTGA-1,Layer_1,4
AATTCCAAGCATGTAC-1,WM,3
AATTCGATTCGAGGAT-1,Layer_5,2
AATTCTAGAGTTAGGC-1,Layer_6,3
AATTGAACGCTCTGGT-1,Layer_5,2
AATTGCAGCAATCGAC-1,Layer_3,1
AATTGCGTGGATTACA-1,WM,0
AATTTGGGACATAGTA-1,Layer_3,6
AATTTGGTTCCAAAGA-1,Layer_3,6
ACAAACCATGCGTCCT-1,WM,0
ACAAAGCATGACCTAG-1,Layer_3,5
ACAAATCGCACCGAAT-1,Layer_5,2
ACAAATGGTAGTGTTT-1,Layer_5,2
ACAACAGCATGAGCTA-1,Layer_5,2
ACAACGGTCCCTGCGA-1,Layer_3,6
ACAAGCAGTGCCTAGC-1,Layer_4,5
ACAAGGAAATCCGCCC-1,Layer_6,2
ACAAGGACAAGAGGTT-1,Layer_4,2
ACAAGGATGCTTTAGG-1,Layer_5,2
ACAAGGGCAGGCTCTG-1,Layer_6,2
ACAATAGTCGTACGTT-1,Layer_5,2
ACAATCCATTTAAACC-1,Layer_5,2
ACAATGAATACGGAGA-1,WM,0
ACAATTGTGTCTCTTT-1,Layer_4,5
ACAATTTGAGCAGTGG-1,Layer_5,2
ACACAAAGACGGGTGG-1,Layer_5,2
ACACACCAGGACCAGT-1,Layer_5,2
ACACACTTTCTACACG-1,Layer_3,1
ACACATGATCAAATCT-1,WM,0
ACACATTGACGCAACA-1,Layer_1,4
ACACATTTCCGTAGAC-1,Layer_5,3
ACACCCAGCATGCAGC-1,Layer_4,5
ACACCCGAGAAATCCG-1,Layer_3,6
ACACCGAGCGCTCTTT-1,Layer_1,4
ACACCGGTCTGACCGC-1,WM,0
ACACCTTAAGTAGGGC-1,Layer_4,5
ACACCTTACTACTTGC-1,Layer_3,6
ACACGAGACTCCTTCT-1,Layer_5,2
ACACGGCACTATGCAT-1,Layer_2,6
ACACGGGAACTTAGGG-1,Layer_5,2
ACACGTAGGCCACAAG-1,Layer_3,6
ACACTCCAATGTCACT-1,Layer_1,4
ACACTGATCAAGGTGT-1,WM,0
ACACTGGGACAGTCGT-1,Layer_3,6
ACAGAACTGAGAACAA-1,WM,0
ACAGATTAGGTTAGTG-1,Layer_1,4
ACAGCATAGAGCCAGT-1,Layer_2,4
ACAGCGACATTCTCAT-1,Layer_3,5
ACAGCGCACCCGCAGC-1,Layer_3,6
ACAGGCACGGATCCTT-1,Layer_3,5
ACAGGCTTGCCCGACT-1,Layer_5,2
ACAGGTGGAGGTGAGG-1,WM,0
ACAGTAATACAACTTG-1,Layer_5,2
ACATAAGTCGTGGTGA-1,WM,0
ACATAATAAGGCGGTG-1,Layer_5,5
ACATCAGCTGGGACGC-1,Layer_3,5
ACATCCCGGCCATACG-1,WM,0
ACATCCTGGTAACTGT-1,Layer_3,5
ACATCGATCGTTTACC-1,Layer_6,3
ACATCGGTCAGCCGCG-1,Layer_6,2
ACATCGTATGCAATGG-1,Layer_5,2
ACATCGTTAACCTAGT-1,Layer_3,6
ACATGGCGCCAAAGTA-1,Layer_3,1
ACATGGCTCAATTTAG-1,Layer_1,4
ACATTAGTTTATATCC-1,WM,3
ACATTCGCGCGGAATA-1,WM,0
ACCAACACCACACACT-1,Layer_2,6
ACCAACCGCACTCCAC-1,Layer_3,5
ACCAACGCTTATTTAT-1,WM,0
ACCAAGAACGCGTGTC-1,Layer_3,1
ACCAATATGCAAGTTA-1,Layer_5,2
ACCACAACTCAGAACA-1,Layer_3,6
ACCACAAGTTTCTATC-1,Layer_5,2
ACCACCAATGTAACAA-1,Layer_3,1
ACCACGTGCAGCTATA-1,Layer_6,2
ACCACTGTTCAAGAAG-1,Layer_1,4
ACCAGTGCGGGAGACG-1,Layer_5,2
ACCATATCCGCAATAA-1,Layer_6,2
ACCATCCGCCAACTAG-1,Layer_5,2
ACCATCGTATATGGTA-1,Layer_6,3
ACCATTAAGGGTGTCA-1,Layer_1,4
ACCCAACGCCCGTGGC-1,Layer_5,2
ACCCACCTACATGCTC-1,Layer_3,1
ACCCATCTTGAGGGTA-1,Layer_5,2
ACCCATTTGTCCCTCT-1,Layer_3,1
ACCCGAGCGAAATTAC-1,WM,0
ACCCGATTGGTTCCGA-1,WM,0
ACCCGGAAACTCCCAG-1,Layer_6,3
ACCCGGATGACGCATC-1,Layer_4,5
ACCCGGTTACACTTCC-1,Layer_6,3
ACCCGTAGCAGAGAAT-1,WM,0
ACCCGTGTCATCAGTA-1,WM,0
ACCCTATGCCATATCG-1,WM,0
ACCCTCCCGTCAGGGC-1,Layer_3,5
ACCCTCCCTTGCTATT-1,Layer_5,2
ACCCTTCATCTGCGAA-1,Layer_3,1
ACCCTTTAGTTCTCCA-1,Layer_2,6
ACCGAAAGGGCCCTGC-1,Layer_1,4
ACCGAAGAGTCTGGTT-1,WM,0
ACCGACACATCTCCCA-1,Layer_6,3
ACCGACTGAGTCCCAC-1,Layer_5,2
ACCGAGTCTCCTTATT-1,Layer_5,2
ACCGATAGGCATAACC-1,Layer_2,6
ACCGATATTTAATCAT-1,Layer_2,6
ACCGATGGTAGCATCG-1,Layer_5,2
ACCGCAATAACTGCCT-1,Layer_5,2
ACCGCGGTGGAAGTCG-1,Layer_3,1
ACCGGGCCTTTGTTGA-1,Layer_4,5
ACCGGTCAGGTACACC-1,WM,0
ACCGTGACCACGTGGG-1,WM,0
ACCTAAGTACCTTTCA-1,Layer_6,3
ACCTAATCGACTTCCT-1,Layer_4,2
ACCTACAGTATGTGGT-1,Layer_2,6
ACCTACTATAAATCTA-1,WM,3
ACCTCCGCCCTCGCTG-1,Layer_3,1
ACCTCCGTTATTCACC-1,Layer_2,6
ACCTCGAACTTATGCT-1,WM,0
ACCTGCGTGTCATGTT-1,Layer_5,2
ACGAAATGGGCGGCAC-1,Layer_4,5
ACGACTGGTCATACTC-1,WM,0
ACGAGATATTTGCTTA-1,Layer_3,6
ACGAGGATACCACTCT-1,Layer_6,3
ACGAGGTTTACAACGT-1,WM,0
ACGAGTACGGATGCCC-1,Layer_3,6
ACGAGTCGCCGGCGTT-1,Layer_1,4
ACGATACATAGAACTA-1,Layer_5,5
ACGATCATACATAGAG-1,Layer_5,2
ACGATCATCTTGTAAA-1,Layer_3,1
ACGATGCATATGTTAT-1,Layer_6,2
ACGATGGATCCGATGC-1,Layer_3,6
ACGCAAACTAATAGAT-1,WM,0
ACGCAATCACTACAGC-1,Layer_2,6
ACGCATACGTTTACTA-1,Layer_3,1
ACGCATTCGTGAGTAC-1,Layer_6,2
ACGCCAGATGATTTCT-1,Layer_3,5
ACGCCGCTAGACGACC-1,Layer_6,2
ACGCGAAGTCAGACGA-1,WM,3
ACGCGCTACACAGGGT-1,Layer_5,2
ACGCGGGCCAAGGACA-1,Layer_6,2
ACGCGTTTCTTAAGAG-1,Layer_1,4
ACGCTAGTGATACACT-1,Layer_3,1
ACGCTGTGAGGCGTAG-1,Layer_5,2
ACGGAATTTAGCAAAT-1,Layer_1,4
ACGGACGCAGCGACAA-1,WM,0
ACGGACTCTCAAAGCG-1,Layer_5,2
ACGGAGCGCAAATTAC-1,Layer_2,6
ACGGATGGTGCGGATA-1,Layer_5,2
ACGGCACTTGCTTGGG-1,WM,3
ACGGCCAACATGGACT-1,WM,0
ACGGCGACGATGGGAA-1,Layer_6,2
ACGGCTGGATGTAGAA-1,WM,0
ACGGGAGTGTCGGCCC-1,Layer_6,3
ACGGGTCATGTGACTT-1,Layer_1,4
ACGGTCACCGAGAACA-1,WM,0
ACGTACAGATTTCTCT-1,Layer_2,6
ACGTACTTTGGCACGG-1,WM,0
ACGTAGATTGCTGATG-1,Layer_6,2
ACGTAGGAGAGTCGCT-1,Layer_5,2
ACGTATTACTCCGATC-1,Layer_4,5
ACGTGCGCCTCGTGCA-1,Layer_3,1
ACGTTAATGTCGAAGA-1,Layer_6,2
ACGTTAGATTTGCCCG-1,Layer_6,2
ACGTTATTGGTCACTC-1,Layer_1,4
ACGTTCCGCGCTCCGT-1,Layer_1,4
ACGTTCGCAATCAATT-1,Layer_2,6
ACGTTCGTTCAGGAAA-1,WM,0
ACGTTCTGTACAAGTC-1,Layer_3,5
ACGTTTAGTTGTGATC-1,Layer_3,1
ACTAATACGTCAGGCG-1,Layer_2,4
ACTACAAAGAGAGGTG-1,WM,0
ACTACATCCCGACAAG-1,WM,0
ACTACCAGCTCTCTGG-1,Layer_4,5
ACTACGCGTTAGAATT-1,WM,0
ACTAGTTGCGATCGTC-1,Layer_3,1
ACTATATGCTGTGTTC-1,Layer_1,4
ACTATCCAGGGCATGG-1,Layer_3,6
ACTATCGCCGGCTAAA-1,Layer_1,4
ACTATCTGCCCGCGTA-1,Layer_3,6
ACTATGTCCAGCTGCC-1,WM,0
ACTATTCGTCCGTGGT-1,Layer_3,1
ACTATTTCCGGGCCCA-1,WM,0
ACTCAAGTGCAAGGCT-1,Layer_5,2
ACTCAATAAAGGCACG-1,Layer_5,2
ACTCATGGCAGCCTTC-1,WM,0
ACTCCAATATCATCAT-1,WM,0
ACTCCCATTCCTAAAG-1,Layer_5,2
ACTCCCGAATTCGTTT-1,Layer_3,1
ACTCCCTAATGCTAAA-1,Layer_6,3
ACTCCCTAGAATAGTA-1,Layer_6,3
ACTCCGGCCGACCACT-1,Layer_3,2
ACTCGATGTATTTCAT-1,Layer_1,4
ACTCGCCGTTCGATAA-1,Layer_3,6
ACTCGTAACCCGTCCT-1,Layer_6,3
ACTCGTCAGTAATCCC-1,Layer_6,2
ACTCTAAACCTGGGAT-1,Layer_1,4
ACTCTCTGACTTAGGT-1,Layer_6,2
ACTCTCTTATACACGA-1,Layer_3,6
ACTCTGACCTAATAGA-1,Layer_3,5
ACTCTTGTATAGTAAC-1,Layer_6,2
ACTGAAACGCCGTTAG-1,Layer_4,2
ACTGAATGGCGAAAGT-1,Layer_5,2
ACTGATTTAGTGATTC-1,Layer_2,6
ACTGCCCGCCATTCTC-1,WM,0
ACTGCCGTCGTAACTC-1,Layer_3,1
ACTGTACGATACACAT-1,Layer_5,2
ACTGTAGCACTTTGGA-1,Layer_4,5
ACTGTCCAGGATTATA-1,Layer_5,2
ACTGTCTTCTTTAGAA-1,Layer_5,2
ACTTACCGGGCGCGCA-1,Layer_3,6
ACTTACGCATCCACGC-1,Layer_5,2
ACTTAGTACGACAAGA-1,Layer_1,4
ACTTATACTTACCCGG-1,Layer_5,2
ACTTATTAGGATCGGT-1,Layer_6,2
ACTTATTTATGTGCCA-1,Layer_5,2
ACTTCAGGCTGATCCC-1,Layer_5,2
ACTTCCATGCGGGACA-1,Layer_5,2
ACTTCGCCATACGCAC-1,Layer_5,2
ACTTGACTCCCTCTTT-1,Layer_6,2
ACTTGGGACCCGGTGG-1,Layer_5,2
ACTTGTGGATGGAACG-1,Layer_3,6
ACTTTACCCTCATGAA-1,Layer_3,6
ACTTTATACACCACTT-1,WM,0
ACTTTCCTATAGCTTC-1,Layer_5,2
ACTTTGGTCGTGCTCC-1,WM,0
ACTTTGTCGACGCACT-1,Layer_2,6
AGAAATTATGACTCGC-1,Layer_3,6
AGAACACGGCGATGGT-1,WM,0
AGAACGTGGTACATTC-1,Layer_5,2
AGAAGAGCGCCGTTCC-1,Layer_5,2
AGAAGGTACACTTCAC-1,Layer_6,3
AGAAGGTTGCCGAATT-1,Layer_6,3
AGAAGGTTGTAGGTCG-1,Layer_5,2
AGAAGTGATTCGTGAT-1,Layer_6,3
AGAATAAATCTTCAGG-1,Layer_4,2
AGAATTATGGATTCGA-1,Layer_4,5
AGAATTGTTTGACATA-1,Layer_1,4
AGACAGCTCAGAATCC-1,Layer_1,4
AGACCATGGGATACAA-1,Layer_3,6
AGACCCACCGCTGATC-1,Layer_6,3
AGACCCGCCCTCCTCG-1,Layer_5,2
AGACCGCTCCGCGGTT-1,Layer_3,6
AGACCGGGAAACCCTG-1,Layer_5,2
AGACGAAGTGCCGGTC-1,Layer_4,5
AGACGACGATGCCGCT-1,WM,0
AGACGCCCACTTCGCC-1,Layer_2,6
AGACTAGCCTTCCAGA-1,Layer_5,2
AGACTGTTACCGGGTC-1,WM,0
AGAGAAACACCAGAAA-1,WM,0
AGAGAACCGTCTAGGA-1,Layer_5,5
AGAGAAGGAGTACAAT-1,WM,0
AGAGATCTCTAAAGCG-1,Layer_5,2
AGAGCAGTTATGAGAC-1,Layer_3,1
AGAGCCGCCGAGATTT-1,Layer_3,6
AGAGCGGGCTAATCAT-1,Layer_3,1
AGAGCGTACAAGCTCG-1,Layer_3,1
AGAGGCTTCGGAAACC-1,Layer_4,1
AGAGTAAACTTCACTA-1,Layer_3,1
AGAGTTAGAGACCGAT-1,Layer_1,4
AGATAACTTCAGGGCC-1,Layer_5,2
AGATACCAATAGAACC-1,Layer_3,6
AGATACCGGTGTTCAC-1,Layer_6,2
AGATACGACTTCATAT-1,Layer_1,4
AGATACTCAAGATCGA-1,Layer_5,2
AGATATAATACGACTA-1,Layer_5,2
AGATCGTGCATAAGAT-1,Layer_3,1
AGATCTCAGGTGTGAT-1,Layer_5,2
AGATCTGGAGAGGATA-1,WM,0
AGATGACTCGCCCACG-1,Layer_4,5
AGATGAGGGTTGCGAT-1,Layer_3,6
AGATGATGGAGTCTGG-1,Layer_3,1
AGATGCAAGACGTGCA-1,WM,0
AGATGCTATAACGAGC-1,Layer_1,4
AGATTATAGGACGTTT-1,Layer_6,2
AGATTCACAACCGATA-1,Layer_6,3
AGCAAAGGCCGCTAGT-1,Layer_6,2
AGCAACATATCTTATT-1,Layer_5,2
AGCAACCGAAAGTAAT-1,WM,0
AGCACACGTTTAGACT-1,WM,0
AGCACCAGTACTCACG-1,Layer_5,2
AGCACTACCGGCCTGT-1,Layer_4,2
AGCACTACCTCACCAG-1,Layer_5,2
AGCACTTAAGGACGCC-1,Layer_5,2
AGCAGAAGGAGAAAGA-1,Layer_6,2
AGCAGCCAGATGAATA-1,WM,0
AGCATATCAATATGCT-1,Layer_5,5
AGCATCATTTCGAAAG-1,WM,0
AGCATCGTCGATAATT-1,Layer_4,5
AGCATTACGAGGCAAG-1,Layer_3,1
AGCCAAGCTTTGTGTC-1,WM,3
AGCCACAGGTTACCCG-1,Layer_4,2
AGCCACTCCCGTGCTT-1,Layer_5,2
AGCCATATAGTATGTG-1,Layer_6,3
AGCCCATACATGTAAG-1,Layer_5,2
AGCCCGCAACAAGCAG-1,WM,0
AGCCCGGCATTAGAGG-1,WM,0
AGCCCGGTAGCCTGTA-1,WM,0
AGCCCTAAGCGAAGTT-1,Layer_3,1
AGCCCTCCCTGGTGGC-1,WM,0
AGCCCTTCTAATCCGA-1,Layer_2,6
AGCCCTTGGACATCCC-1,Layer_2,6
AGCCGTGGCTAAATGT-1,Layer_6,3
AGCCTAATACCCACGT-1,Layer_6,3
AGCCTTAAAGCGGAAG-1,Layer_1,4
AGCGACAGGAACGGTC-1,WM,0
AGCGACATCCCATTCA-1,Layer_3,1
AGCGACCAACGATATT-1,Layer_5,2
AGCGACTTTGAAGACA-1,WM,3
AGCGAGACGTGAAGGC-1,WM,0
AGCGATGCGCCTAATA-1,Layer_3,6
AGCGCATAATGAATCG-1,WM,0
AGCGCGGGTGCCAATG-1,Layer_3,5
AGCGCTTATGGGCAAG-1,Layer_2,6
AGCGGACACTTCGTAG-1,Layer_6,3
AGCGGCGGTTAGCGGT-1,Layer_6,3
AGCGGGAAGGGTCCAT-1,Layer_1,4
AGCGGGTCTGACACTC-1,Layer_6,2
AGCGTGGTATTCTACT-1,Layer_6,2
AGCGTTCCGATTTAAA-1,Layer_1,4
AGCTAACAAGCAATGT-1,WM,0
AGCTAAGTACGCAGGC-1,Layer_5,2
AGCTAGAAGCAGAAGT-1,Layer_3,1
AGCTATTTAATCCAAC-1,Layer_3,1
AGCTCCATATATGTTC-1,Layer_3,6
AGCTCCTTCGCACATC-1,Layer_5,2
AGCTCTAGACGTTCCA-1,Layer_6,2
AGCTCTTCCCAGTGCA-1,Layer_3,1
AGCTCTTCGTAACCTT-1,Layer_3,1
AGCTCTTTACTCAGTT-1,Layer_6,3
AGCTGAAGTAAACCAA-1,Layer_4,5
AGCTGTAACCTCAATC-1,WM,0
AGCTTCTTCTCGAGCA-1,Layer_3,1
AGCTTGATCAGGGTAG-1,WM,0
AGCTTGATCTTAACTT-1,Layer_5,2
AGGAAAGCCTCTGATG-1,Layer_1,4
AGGAAGCTGTCCGCCG-1,Layer_6,3
AGGACAGTCGAATCCC-1,Layer_5,2
AGGACATCGCACGTCG-1,Layer_2,4
AGGACGACCCATTAGA-1,Layer_6,3
AGGACGCTCGATGTTG-1,Layer_3,6
AGGACTTATAGGAGAA-1,Layer_1,4
AGGAGGCCTTCGCGCG-1,Layer_4,5
AGGATAAAGTCGGGAT-1,Layer_6,3
AGGATATAGGGATTTA-1,Layer_4,5
AGGATCACGCGATCTG-1,Layer_6,3
AGGCACGTGACTGTCC-1,Layer_3,6
AGGCAGATGCGTAAAC-1,Layer_5,2
AGGCAGGGAGCGTACT-1,WM,0
AGGCATTGTCGTAGGG-1,Layer_4,5
AGGCCACCCGTTATGA-1,Layer_4,5
AGGCCCAGTGACTGGT-1,Layer_1,4
AGGCCCATTGTACAGG-1,Layer_3,1
AGGCCCTAGAACGCCA-1,Layer_6,2
AGGCCTATCATACCAA-1,WM,0
AGGCCTGAGAATCTCG-1,Layer_5,2
AGGCGATAACTGGCGT-1,Layer_2,4
AGGCGGTTTGTCCCGC-1,WM,0
AGGCTATGGTTAGCTT-1,Layer_3,1
AGGCTTCCCGAAGAAG-1,WM,0
AGGCTTGCTAGACACC-1,Layer_2,6
AGGGAAACGAGGTACT-1,Layer_3,1
AGGGACCGGCTGCGTT-1,Layer_3,6
AGGGACTCTACGCGAC-1,WM,0
AGGGAGACATACTTCG-1,Layer_2,6
AGGGCAGCGGCGTGGT-1,Layer_3,6
AGGGCGAGCAGCTGAT-1,Layer_5,2
AGGGCGTGATCGGCTA-1,Layer_3,6
AGGGCTGCAGTTACAG-1,Layer_6,2
AGGGTCAGAGCACTCG-1,WM,0
AGGGTCGATGCGAACT-1,Layer_4,5
AGGGTGCCGTTCTTTA-1,WM,0
AGGGTGCTCTCGAGGG-1,Layer_5,2
AGGGTTCAGACGGTCC-1,WM,0
AGGGTTCCCTTTGGTT-1,Layer_5,2
AGGGTTTAGTTCGGGA-1,Layer_6,2
AGGTAACCTCCTATTC-1,Layer_1,4
AGGTACGATATTGCCA-1,Layer_3,1
AGGTAGATCGAGATAT-1,WM,0
AGGTAGGTACAAAGCT-1,Layer_5,2
AGGTATAATTGATAGT-1,Layer_3,6
AGGTCAGGTGAGAGTG-1,Layer_6,2
AGGTCGCGGAGTTACT-1,Layer_3,6
AGGTGGTGACCTTCGC-1,WM,0
AGGTGTATCGCCATGA-1,Layer_5,2
AGGTTACACCATGCCG-1,Layer_2,6
AGGTTGAGGCACGCTT-1,Layer_5,2
AGGTTTCACACACCTT-1,Layer_6,3
AGTAACGTTCATCCTG-1,Layer_2,6
AGTAATGTCTTGCCGC-1,Layer_3,1
AGTAATTTGCAAGCGT-1,WM,0
AGTACAGAAGCTTATA-1,Layer_5,2
AGTACATCATTTATCA-1,Layer_2,6
AGTACGGCCCGTATCG-1,Layer_3,5
AGTACGGGCACCTGGC-1,Layer_5,2
AGTACGTGGCCTGTCT-1,Layer_2,6
AGTACTCTTATGCCCA-1,Layer_5,2
AGTAGAAGGCGCCTCA-1,Layer_6,3
AGTAGGAAGGAAGTTG-1,Layer_3,6
AGTAGGTAACATACAT-1,Layer_2,4
AGTATAATACTAGGCA-1,Layer_3,1
AGTATACACAGCGACA-1,WM,0
AGTATGCTGGAGACCA-1,WM,0
AGTATTTGGCACGACC-1,WM,0
AGTCAAATGATGTGAT-1,WM,0
AGTCAACACCACCATC-1,Layer_6,3
AGTCAAGATGACACTT-1,Layer_5,2
AGTCACTAGCTCTCGA-1,Layer_4,5
AGTCAGCCACCGCCTG-1,Layer_1,4
AGTCCATTGGCTGATG-1,Layer_4,5
AGTCCCGCCTTTAATT-1,Layer_3,1
AGTCGACGGTCTCAAG-1,Layer_5,2
AGTCGGCCCAAACGAC-1,Layer_3,5
AGTCGGCTCAACTTTA-1,Layer_6,3
AGTCGGTTGCGTGAGA-1,Layer_3,6
AGTCGTATAAAGCAGA-1,Layer_5,2
AGTCGTCGACCACCAA-1,Layer_5,2
AGTCGTGGGCATTACG-1,WM,0
AGTCTAAAGTATACTC-1,Layer_2,6
AGTCTCACAAGACTAC-1,WM,0
AGTCTGGACATCCTTG-1,Layer_1,4
AGTCTTCTCCTCAAAT-1,Layer_5,2
AGTCTTTAAAGTGTCC-1,Layer_5,2
AGTGAACAAACTTCTC-1,Layer_3,5
AGTGACCTACTTTACG-1,WM,3
AGTGACTGTGACACAA-1,WM,0
AGTGAGACTTCCAGTA-1,Layer_5,2
AGTGAGCCTCGCCGCC-1,Layer_3,1
AGTGAGGGTTTCTGAC-1,Layer_3,6
AGTGAGTCGAATTAAC-1,Layer_3,6
AGTGATAACCTGCGCG-1,Layer_5,2
AGTGATATGAGTAGTT-1,WM,3
AGTGATTCAAGCAGGA-1,Layer_5,2
AGTGCACGCTTAAGAA-1,Layer_4,5
AGTGCGTAGCTCGTAA-1,WM,3
AGTGCTAAACACAGCA-1,Layer_4,2
AGTGCTTGCACGAATA-1,Layer_5,2
AGTGGCGGCAATTTGA-1,Layer_3,1
AGTGGCGTCTGAAGGT-1,Layer_5,2
AGTGGCTCCGTCGGCC-1,Layer_5,2
AGTGTATTGCGCATTG-1,Layer_3,1
AGTGTGCTAAGATCGC-1,Layer_1,4
AGTGTGGTCTATTGTG-1,Layer_2,4
AGTTAAACACTTGCGA-1,Layer_6,2
AGTTAAGCGGTCCCGG-1,Layer_3,1
AGTTAAGTCAACCGCT-1,Layer_6,3
AGTTACCCTTAAGACT-1,Layer_1,4
AGTTACTCTATCGTGG-1,Layer_3,1
AGTTCACCGGTTGGAC-1,Layer_1,4
AGTTCCTACAGAATTA-1,Layer_5,2
AGTTCCTATTTATGTT-1,Layer_6,3
AGTTGACGGTCCTTGC-1,Layer_6,3
AGTTGCGGTCCTCAAC-1,WM,0
AGTTGGCAAGGCTAGA-1,Layer_3,1
AGTTTCGCAGGTCGGA-1,Layer_3,1
AGTTTGCACCTGCCTC-1,Layer_6,2
AGTTTGGCACGGGTTG-1,Layer_3,1
AGTTTGGCCAGACCTA-1,Layer_6,3
ATAAACGGACCCGTAA-1,Layer_6,3
ATAAACGTTGCACCAC-1,Layer_3,6
ATAAAGGCTCGGTCGT-1,Layer_5,2
ATAAAGGTCAAGTACG-1,Layer_2,6
ATAAATATTAGCAGCT-1,Layer_5,2
ATAACGCCGGAGGGTC-1,Layer_5,2
ATAACGGAGTCCAACG-1,Layer_5,2
ATAAGGTGGAGAACAT-1,Layer_6,2
ATAAGTAGGATTCAGA-1,Layer_3,6
ATAAGTAGGGCGACTC-1,Layer_3,6
ATAAGTTACCGCGACG-1,WM,0
ATAATAGCTGTTGAAT-1,Layer_6,3
ATAATAGTGTAGGGAC-1,Layer_2,4
ATAATCTTGGAGAACC-1,Layer_5,2
ATAATTAGCTAAGTAG-1,Layer_6,3
ATACAGGCCCTCCAAT-1,Layer_6,2
ATACCACGGGCAACTT-1,Layer_5,2
ATACCAGGCTAATAGA-1,Layer_1,4
ATACCCTGGCTCAAAT-1,Layer_1,4
ATACCTAACCAAGAAA-1,Layer_6,3
ATACGCCGGCGAAACC-1,Layer_6,2
ATACGGAACGTCGTTT-1,WM,0
ATACGGGTTTCGATTG-1,Layer_5,5
ATACGGTGAAGATGCA-1,Layer_3,5
ATACGTACTTAGCCAC-1,Layer_5,2
ATACGTCCACTCCTGT-1,Layer_5,2
ATACGTTATGCACGGA-1,Layer_6,3
ATACTACCCGTACCAC-1,Layer_3,1
ATACTAGCATGACCCT-1,Layer_4,5
ATACTGCCTTACACCG-1,Layer_5,2
ATAGACAACGGGACCT-1,Layer_4,5
ATAGACGAAGAGAAAG-1,Layer_5,2
ATAGAGTACTGGGACA-1,Layer_5,5
ATAGAGTTATCAACTT-1,Layer_4,5
ATAGCAACTAGGGAAG-1,Layer_3,5
ATAGCCTCAGTACCCA-1,Layer_1,4
ATAGCTGCTCTTGTTA-1,Layer_1,4
ATAGGCGGCTATAGAA-1,Layer_6,2
ATAGGCTAGCTTCGCA-1,Layer_3,1
ATAGGGATATCCTTGA-1,Layer_5,5
ATAGGTTGGGCAGATG-1,Layer_5,2
ATAGTCTTTGACGTGC-1,Layer_1,4
ATAGTGAAGCGTTCTC-1,Layer_6,3
ATAGTTCCACCCACTC-1,Layer_3,1
ATATAAAGCGCTCGTG-1,Layer_6,3
ATATAAATGTAGCTGC-1,Layer_6,2
ATATAACACGGGCGCA-1,Layer_3,5
ATATACGCTCGTGACG-1,Layer_3,6
ATATAGAGTATTGGTC-1,WM,0
ATATCAACCTACAGAG-1,Layer_3,1
ATATCGGTAGGGAGAT-1,Layer_3,6
ATATCGTTCCTCGAAC-1,Layer_4,2
ATATCTCCCTCGTTAA-1,Layer_3,5
ATATCTTAGGGCCTTC-1,Layer_6,2
ATATGGGATAGCAACT-1,WM,0
ATATGTCTAGAGCGTG-1,Layer_5,3
ATATGTCTCCCTAGCC-1,Layer_4,5
ATATTATCCCGTATTT-1,Layer_1,4
ATATTCAGTTAAACCT-1,Layer_6,3
ATATTCCACATAGTGA-1,Layer_6,2
ATATTCCCACAGGTCA-1,Layer_2,4
ATATTGCTGTCAAAGT-1,Layer_2,4
ATATTGGAGAGGCCTT-1,Layer_2,4
ATATTTAACCCTCAAG-1,Layer_5,2
ATCAAACACTGTTCCA-1,Layer_3,1
ATCAAACGAAGGTTTG-1,Layer_6,3
ATCAAGATCCCAGGAC-1,Layer_6,3
ATCAATCTGGGCTGCA-1,Layer_6,2
ATCAATGCCGTGGCTG-1,WM,0
ATCACATTAGAATATC-1,Layer_4,5
ATCACGTGCTAATTAA-1,Layer_6,3
ATCACTTCATCCTCGC-1,Layer_5,5
ATCAGACGGCACGCCG-1,Layer_6,3
ATCAGCCTCATGCTGC-1,Layer_5,2
ATCAGCTCGTCCACTA-1,Layer_6,3
ATCAGGTCGCCATTGC-1,Layer_2,6
ATCAGTAGGCAGGGAT-1,Layer_4,5
ATCATAGATCGACGAG-1,WM,0
ATCATAGCCCTATGTA-1,Layer_3,1
ATCATCCAATATTTGT-1,Layer_6,3
ATCCAACGCAGTCATA-1,Layer_3,1
ATCCAATGGAGGGTCC-1,Layer_6,2
ATCCACATCGACAGAA-1,Layer_6,2
ATCCACGCTAAATGTT-1,Layer_2,6
ATCCAGAGCAACAACC-1,WM,0
ATCCAGGATTCGTGAA-1,Layer_6,2
ATCCCATCCACAGCGC-1,WM,0
ATCCCATTTCCGTGGG-1,WM,3
ATCCTACCTAAGCTCT-1,Layer_6,3
ATCCTGAATCGCTGCG-1,Layer_5,2
ATCCTGCGTGGAATGG-1,WM,3
ATCGACCCAATACAGA-1,Layer_6,3
ATCGACTCTTTCCGTT-1,Layer_5,2
ATCGCACGCCGGGAGA-1,Layer_5,2
ATCGCCAGTCAACATT-1,Layer_3,1
ATCGCTGCGTGCAGCA-1,Layer_2,6
ATCGGAGACAGACGGC-1,Layer_6,2
ATCGGCAAGCAGTCCA-1,Layer_3,1
ATCGTATTCCGAGAAC-1,Layer_1,4
ATCGTCCAATCGAGTC-1,Layer_1,4
ATCGTGGAAAGTCTGG-1,WM,0
ATCGTTAGCTAGCGGA-1,Layer_4,5
ATCGTTCACTTTCGCC-1,Layer_3,6
ATCTAACGTCCCTATG-1,Layer_1,4
ATCTAATATCCTACGG-1,Layer_6,3
ATCTACCATCTGCTCC-1,Layer_3,2
ATCTAGCTTGTGAGGG-1,Layer_6,2
ATCTCCCACGGAATAT-1,Layer_3,6
ATCTCCCTGCAATCTA-1,Layer_3,1
ATCTCGTGAGCGAAAC-1,Layer_2,6
ATCTGACATGGAAGGA-1,WM,0
ATCTGCACCTCTGCGA-1,Layer_3,1
ATCTGCTGTTATCGCC-1,WM,3
ATCTGGGCTGTTCTTG-1,Layer_6,2
ATCTGGTTAAGACTGT-1,Layer_5,2
ATCTGTAATTGTACCC-1,Layer_3,1
ATCTTAGGGCATTAAT-1,WM,0
ATCTTATCGCACACCC-1,Layer_3,1
ATCTTGACCTGCAACG-1,Layer_4,5
ATCTTGACTTGTCCAA-1,Layer_3,6
ATGAAGCCAAGGAGCC-1,Layer_3,1
ATGACGCCGGCTCTAA-1,Layer_3,1
ATGACGCGTTCTATCC-1,WM,0
ATGACTATCAGCTGTG-1,WM,0
ATGACTATGCGACATT-1,Layer_5,2
ATGAGGAGTGTTAATC-1,Layer_3,1
ATGATCGGGAATAGAC-1,Layer_3,1
ATGATGCAATGGTACA-1,WM,3
ATGCACCTTCCTTAAT-1,Layer_1,4
ATGCACGCGCTGTTCA-1,WM,0
ATGCACTACCGCATTG-1,Layer_5,5
ATGCATGATCCAGGAT-1,Layer_5,2
ATGCCAATCGCTCTGC-1,Layer_2,6
ATGCCATTTGCGACCA-1,Layer_5,2
ATGCCGGTCTTGCATA-1,Layer_5,2
ATGCCGGTTGATGGGA-1,Layer_4,5
ATGCGACAGTCCCATT-1,Layer_6,2
ATGCGAGTCCCACCAC-1,Layer_3,1
ATGCTCAGTGTTGCAT-1,Layer_3,6
ATGCTCTGGCGCGGTA-1,Layer_5,2
ATGCTTAGGAGTTGAT-1,Layer_3,6
ATGGAGCAGGCCGTGA-1,Layer_6,2
ATGGATCCGGCGTCCG-1,Layer_4,5
ATGGATTGACCAAACG-1,Layer_5,2
ATGGCAGCATTACGAT-1,WM,0
ATGGCTGGAAATGGCC-1,Layer_3,6
ATGGGAACGGAAGCGG-1,Layer_2,6
ATGGGACCTGCTGAAC-1,WM,0
ATGGGCCTCGGCCTCT-1,Layer_5,2
ATGGGTGTATACCTCC-1,WM,0
ATGGTATTTACTGATT-1,WM,0
ATGGTCGCGTGGTTTC-1,Layer_5,2
ATGTAAGGCTGCTCTT-1,Layer_2,6
ATGTACATGCGGTGAG-1,Layer_3,6
ATGTACGATGACGTCG-1,Layer_6,3
ATGTAGCGCGCGTAGG-1,Layer_5,2
ATGTCATTTCCCATTG-1,Layer_1,4
ATGTGAAAGCCTAATG-1,Layer_6,2
ATGTGCATCCGACGCA-1,Layer_5,5
ATGTGGACATCTTGAT-1,Layer_6,2
ATGTTACGAGCAATAC-1,Layer_1,4
ATGTTCCTGCCCACCT-1,Layer_1,4
ATGTTCGTCGACCCAC-1,Layer_3,5
ATGTTGATTAGAGACT-1,Layer_3,5
ATGTTGTAGTCTGTTT-1,WM,0
ATTAAACATGCGGACC-1,Layer_6,3
ATTAACACCTGAGATA-1,Layer_1,4
ATTAATACTACGCGGG-1,Layer_5,5
ATTAATGAACCAGTCG-1,Layer_5,2
ATTAATTCGGTCACTC-1,Layer_3,1
ATTACAACTACCGGCC-1,Layer_3,6
ATTACATGTCAGTCTT-1,Layer_3,1
ATTACCACACTGCCTG-1,Layer_2,6
ATTACGCGCTGGCAGG-1,Layer_5,2
ATTACTAGCCTCTTGC-1,Layer_3,6
ATTACTTACTGGGCAT-1,Layer_3,6
ATTAGATTCCTCAGCA-1,Layer_3,6
ATTAGATTGATAGCGG-1,Layer_3,1
ATTAGGCGATGCTTTC-1,Layer_6,2
ATTATACTTTGCTCGT-1,Layer_3,5
ATTATCGGAATGTACG-1,WM,3
ATTATCTCGACAGATC-1,Layer_1,4
ATTATGAGACCCAATT-1,WM,0
ATTATGCCATAGGGAG-1,Layer_4,5
ATTATTATGTCCGTCA-1,WM,0
ATTATTCAGAGTCACT-1,Layer_3,5
ATTCAAAGTACCTGTT-1,Layer_1,4
ATTCAACCATTTAAGG-1,Layer_3,1
ATTCACTGATGTTGGA-1,Layer_6,3
ATTCAGGACCTATTTC-1,Layer_3,1
ATTCAGTAGCAGGGTC-1,Layer_3,1
ATTCATATACTGTCCA-1,Layer_6,3
ATTCATCGTTGAGGCA-1,Layer_4,2
ATTCCCACATAAACAA-1,Layer_3,1
ATTCCTAAGACGTGGA-1,Layer_1,4
ATTCCTCCGCCAGTGC-1,Layer_3,1
ATTCGACGCCGGGCCT-1,Layer_5,2
ATTCGCGCCTTGAGAG-1,Layer_3,1
ATTCGTGCTATCTCTT-1,Layer_3,6
ATTCTCGTCTCTTTAG-1,Layer_1,4
ATTCTGAGTATGAACT-1,Layer_2,6
ATTCTTCGTACTTATG-1,Layer_3,6
ATTGAAGATCTTAGTG-1,Layer_5,2
ATTGACGTAACTCGGT-1,Layer_2,6
ATTGATGAGTCCTAAC-1,Layer_3,5
ATTGCCTATTAGACCG-1,WM,0
ATTGCCTTTATGTTTG-1,Layer_5,2
ATTGCGATCAGTAACT-1,Layer_4,5
ATTGCTGCTCCTCCAT-1,Layer_5,2
ATTGGATTACAGCGTA-1,Layer_3,1
ATTGGGAATATCTTGG-1,Layer_2,4
ATTGGTAGGATCCGCT-1,Layer_1,4
ATTGTACAACTCGGCT-1,Layer_3,1
ATTGTCGCAATACCTT-1,Layer_3,1
ATTGTCTGTTTCATGT-1,WM,0
ATTTAACTCGTATTAC-1,Layer_2,6
ATTTACAGTTTACTGG-1,Layer_5,2
ATTTACTAAGTCCATT-1,Layer_2,6
ATTTCATTATTTCGCG-1,Layer_3,1
ATTTCCGGGTTCTGCG-1,WM,0
ATTTGCGCGAGTAGCT-1,WM,0
ATTTGTCTTGGGAGCT-1,Layer_5,2
ATTTGTTCCAGGGCTC-1,Layer_4,5
CAAACCCTCCGGCGGG-1,Layer_5,2
CAAACGAGTATCGCAG-1,WM,0
CAAACGGTCGCACTTT-1,Layer_5,2
CAAACGTGGTCTTGCG-1,Layer_2,6
CAAACTACGATAGAGA-1,Layer_3,1
CAAACTATTGAGCTTC-1,Layer_3,1
CAAACTCGCGACGCCG-1,Layer_3,6
CAAAGATTATTGGGCC-1,WM,0
CAAAGTCAGGTTAGCT-1,Layer_1,4
CAAATCTCTCACAAGG-1,Layer_6,2
CAAATGTCCTTCCGTG-1,WM,3
CAAATTGTCAGCAAGC-1,Layer_3,1
CAACAGAATAACGCTA-1,Layer_1,4
CAACATGGCCTGATAA-1,Layer_1,4
CAACCAGTGGCCTACC-1,Layer_3,6
CAACCGCACCTAGACA-1,Layer_1,4
CAACCTACCGAGCAGT-1,Layer_3,1
CAACGACCCGTTTACA-1,Layer_3,1
CAACGGTTCTTGATAC-1,Layer_2,6
CAACGTGGTGGAGTCT-1,Layer_3,6
CAACTATATCGAATGC-1,Layer_3,1
CAACTCCAACGTTTAG-1,Layer_2,6
CAACTCCTTGATCCCG-1,Layer_3,1
CAACTGCTCATCCGAT-1,WM,0
CAAGAGGGCGGAGTAC-1,Layer_6,2
CAAGATATTATAACGT-1,Layer_5,2
CAAGCAACGTCGGAGT-1,Layer_5,2
CAAGCACCAAATGCCT-1,Layer_4,5
CAAGCGGCACATAATT-1,Layer_6,2
CAAGGATCGCATGTTC-1,Layer_6,2
CAAGGCCAGTGGTGCA-1,Layer_3,1
CAAGGGAGTGTATTTG-1,Layer_1,4
CAAGGTCCTATAGGCT-1,Layer_3,6
CAAGTAAGTGATAGAC-1,WM,0
CAAGTGTGGTTGCAAA-1,Layer_5,2
CAATAAACCTTGGCCC-1,Layer_5,2
CAATATTCTTGACCTA-1,WM,0
CAATCCCTATACCAGC-1,Layer_3,1
CAATGCGAGAAGTATC-1,Layer_5,2
CAATGGAATCTACATA-1,Layer_3,6
CAATGGATCTCTACCA-1,Layer_5,2
CAATGTGCCAACCCTT-1,Layer_2,6
CAATTAAGGGTGATGA-1,Layer_5,2
CAATTTCGTATAAGGG-1,Layer_6,2
CAATTTGACCGGGAAG-1,Layer_1,4
CACAAGCTAAGAAAGG-1,WM,0
CACAATGAGCTGCTAT-1,Layer_6,3
CACACACGCTAACGAG-1,Layer_3,1
CACACAGCTTGCGCTC-1,Layer_2,6
CACACAGGGATAGATT-1,Layer_3,1
CACACGCGCTGTCTTA-1,Layer_5,2
CACACGTTTCAATGGG-1,Layer_2,6
CACAGAGACGAGGACG-1,WM,0
CACAGCACCCACGGCA-1,Layer_5,2
CACAGCTAGGGAGTGA-1,Layer_4,5
CACAGGGCCATATAGT-1,Layer_4,5
CACAGGGCCGTTGTCA-1,WM,3
CACAGTCCCGCTTCGC-1,Layer_3,6
CACAGTTCGCTTCCCA-1,Layer_3,6
CACATATTAGCAGGAT-1,Layer_6,2
CACATCGTGCACGCGC-1,WM,0
CACATCTCACCGACGA-1,Layer_6,2
CACATGATTCAGCAAC-1,Layer_6,2
CACATTCTTTCGATGG-1,Layer_3,1
CACATTTCTTGTCAGA-1,Layer_3,1
CACCAGTCAGCATGCA-1,WM,0
CACCATCGGAGGAGAC-1,Layer_2,6
CACCCAAATCTTATGT-1,Layer_3,1
CACCCACACGTCACCC-1,Layer_2,6
CACCCACGAGGCAATT-1,Layer_4,5
CACCCGGTTTGTGACT-1,WM,0
CACCCTAACAAGATCT-1,Layer_5,2
CACCCTTGGTGAGACC-1,Layer_6,3
CACCGATACACCGAGC-1,Layer_3,6
CACCGCCAGAAGGTTT-1,Layer_5,2
CACCGCCGACCAGCGA-1,Layer_2,6
CACCGCGTCCACTCTA-1,Layer_2,6
CACCGGAGATATCTCC-1,Layer_2,6
CACCGGTAGAGACATT-1,WM,0
CACCGTATCCCATCCG-1,Layer_3,1
CACCGTTAGGGATCAC-1,WM,0
CACCGTTGCGCGATAT-1,Layer_6,3
CACCTAATAGAGTCGT-1,Layer_1,4
CACCTAATCAGTTTAC-1,Layer_4,5
CACCTCGATGGTGGAC-1,Layer_4,5
CACCTTGCGAAACTCG-1,Layer_5,5
CACCTTGGCGCCTTTG-1,Layer_3,1
CACGAAAGTTAGTCCC-1,Layer_5,2
CACGAGCAAACCAGAC-1,WM,0
CACGCACAGCGCAGCT-1,Layer_5,2
CACGCAGCGAGGCTTT-1,Layer_5,2
CACGCGGAACTGTTGC-1,Layer_4,5
CACGGCGCGCCAAAGG-1,Layer_2,6
CACGTCAATCAATGGA-1,Layer_3,6
CACGTCGGCAACCTCT-1,WM,0
CACGTCGGGTTCTAGA-1,Layer_1,4
CACGTCTATGATGTGG-1,Layer_2,6
CACGTTCGTGCTCTAG-1,Layer_5,2
CACGTTTCGTACACAC-1,Layer_5,2
CACTAAAGTTGCCTAT-1,Layer_6,2
CACTACGGGAGCTGCC-1,Layer_3,6
CACTACTCAGTTCTGT-1,Layer_2,6
CACTCAAGAGCTATGG-1,Layer_6,3
CACTCAGCTCTTGAGG-1,Layer_3,6
CACTCCTATGTAAGAT-1,WM,0
CACTCCTCTCGGTCGG-1,Layer_3,1
CACTCGAGCTGAACAA-1,Layer_6,2
CACTCGGTTAGGAGGA-1,Layer_4,5
CACTCTCAAGCATCGA-1,WM,0
CACTCTTCTGCTAGCC-1,Layer_3,1
CACTGACGATTGTGGA-1,WM,0
CACTGTCCAAGTGAGA-1,Layer_3,1
CACTTAATCAGACGGA-1,Layer_5,2
CACTTCGCCACAGGCT-1,Layer_3,6
CACTTCGTCTTATCTC-1,Layer_1,4
CAGAACTTAGCCCTCT-1,Layer_5,2
CAGAATAACACACGGA-1,Layer_3,6
CAGACACCGATCGCTG-1,WM,0
CAGACCTGTAAGTGTT-1,Layer_3,1
CAGACGAACCTGATAC-1,WM,0
CAGAGACGGTCACCCA-1,WM,0
CAGAGCATGAGCTTGC-1,Layer_5,2
CAGAGGCGATGCATGA-1,WM,0
CAGAGTGATTTAACGT-1,Layer_2,6
CAGATAATGGGCGGGT-1,Layer_3,1
CAGATACTAACATAGT-1,Layer_5,5
CAGATATGAAGATGAC-1,WM,0
CAGATCATTTAAAGTC-1,Layer_2,6
CAGATCCTGGTTTGAA-1,WM,0
CAGCAGCCCGTTCCTT-1,Layer_5,2
CAGCAGTCCAGACTAT-1,Layer_4,5
CAGCAGTCTGTGCTGC-1,Layer_5,2
CAGCCGGGCCCTCTAT-1,Layer_3,1
CAGCCTCCTGCAGAGG-1,Layer_5,2
CAGCCTCTCCTCAAGA-1,Layer_3,6
CAGCGATTCCCTTCAA-1,WM,0
CAGCTCACTGAGACAT-1,Layer_6,2
CAGCTCGACAAGTTAA-1,Layer_5,5
CAGCTCGTGCTTGTGT-1,Layer_1,4
CAGCTCTGGGCTCACT-1,WM,0
CAGCTGGCGTAACCGT-1,Layer_6,3
CAGCTTAGTAGGTAGC-1,Layer_4,2
CAGGAAGACTTTATAT-1,Layer_3,1
CAGGATATATCGTTGT-1,Layer_6,3
CAGGCAGTCTTACCAG-1,Layer_5,2
CAGGCCAGTACCACCT-1,WM,0
CAGGCCGTTTGGGTGT-1,Layer_6,2
CAGGCGCACGGTGGTC-1,WM,0
CAGGCGCCATGCTAGG-1,Layer_6,2
CAGGGAGATAGGCCAG-1,WM,0
CAGTAACTATTTATTG-1,Layer_3,6
CAGTAATCCCTCCCAG-1,Layer_2,6
CAGTACATTCTCTAAA-1,Layer_3,6
CAGTACCAGTTTACGT-1,Layer_6,3
CAGTAGATGATGTCCG-1,Layer_1,4
CAGTAGCCCACGCGGT-1,Layer_4,5
CAGTCGAGGATGCAAT-1,Layer_3,1
CAGTCTGTATACTGGG-1,Layer_6,3
CAGTGAATAAATGACT-1,Layer_5,2
CAGTGTCCGCAGAATG-1,Layer_1,4
CAGTGTCGGCTGGCCC-1,Layer_5,2
CAGTGTTAATCTCTCA-1,WM,0
CAGTTCAAATTGACAC-1,Layer_5,2
CAGTTCCGCGGGTCGA-1,Layer_3,1
CAGTTCGAGGACCCGA-1,WM,0
CATAACGGACAGTCGT-1,Layer_5,5
CATAAGAAGCTTGGCT-1,Layer_6,2
CATAAGCTCTCCGTCT-1,Layer_5,2
CATACAAAGCCGAACC-1,Layer_1,4
CATACACGGTTCCCAC-1,WM,0
CATACCCGTACCCAGT-1,Layer_5,2
CATACGAACTAGCTGG-1,WM,0
CATACGGCGTCTGGGC-1,Layer_6,3
CATACTATGTAATTGT-1,Layer_6,2
CATACTTAGGCAATAC-1,Layer_2,6
CATACTTCTTTCTCCG-1,WM,0
CATAGAGGAGATACTA-1,Layer_4,2
CATAGCCGCCCGGGAT-1,Layer_3,1
CATAGCGTTGCCCACC-1,WM,0
CATAGTACATTGAGAG-1,Layer_3,1
CATAGTAGCATAGTAG-1,Layer_3,1
CATAGTCAAATACATA-1,Layer_3,5
CATAGTCCACAAGAAC-1,Layer_6,3
CATATACTACTGATAA-1,Layer_3,6
CATATAGGTACAGTCA-1,Layer_6,3
CATATGTCAGGCTACG-1,Layer_6,3
CATATTATTTGCCCTA-1,Layer_3,6
CATCAACACCTACTAA-1,Layer_1,4
CATCATCTACCCGGAC-1,Layer_3,6
CATCATTACCCTGAGG-1,Layer_5,5
CATCCAATATAGTTTG-1,WM,0
CATCCTCTCAAAGATC-1,Layer_5,2
CATCGCCCGCGGCCAA-1,Layer_1,4
CATCGGACGGGTTAAT-1,Layer_6,3
CATCGTCCGGTTACTA-1,Layer_1,4
CATCTATCCCGTGTCT-1,Layer_3,6
CATCTTACACCACCTC-1,Layer_4,5
CATGAACCGACATTTG-1,Layer_1,4
CATGACTTCGCTGAAT-1,Layer_3,1
CATGAGATGCACTCTC-1,Layer_5,2
CATGATCGCTTTGAGA-1,Layer_3,6
CATGATGCACAATTCT-1,Layer_5,5
CATGATGGAAGTTAGC-1,Layer_3,1
CATGCACATGAGAGGC-1,WM,0
CATGCACGTGTTACTG-1,Layer_1,4
CATGCATGGAGACCCT-1,Layer_1,6
CATGCCAACTCGCAAA-1,Layer_5,2
CATGCGACCAGTTTAA-1,Layer_3,1
CATGCGTTAGACAGAA-1,Layer_3,1
CATGCGTTGAGAGGAG-1,WM,0
CATGCTGGCTCCAATT-1,Layer_2,6
CATGGATTGTCTTCCG-1,Layer_3,1
CATGGCAGGAAGATCG-1,Layer_3,1
CATGGGTATGCCTTAT-1,Layer_5,2
CATGGGTCGGGTGTGG-1,Layer_4,5
CATGGTAAGTAGCGTT-1,Layer_6,2
CATGGTCTAGATACCG-1,Layer_5,2
CATGGTTTATTAATCA-1,Layer_3,1
CATGTAAGAGACATTT-1,Layer_5,2
CATGTCTCATTTATGG-1,Layer_5,2
CATTACGTCGGCCCGT-1,Layer_4,5
CATTATCCCATTAACG-1,WM,0
CATTATGCTTGTTGTG-1,Layer_5,2
CATTCGTCGTAGCGGT-1,Layer_2,4
CATTGCGAAATGGGCG-1,Layer_4,5
CATTTAGCGGACCATG-1,Layer_5,5
CATTTATCGTTCAAGA-1,Layer_2,6
CATTTCTAGCAGACTA-1,Layer_1,4
CATTTGAGTGGTACGT-1,WM,0
CCAAACAGAACCCTCG-1,Layer_3,5
CCAAAGCAGTTGGTTG-1,Layer_1,4
CCAAATAACAAGATTC-1,Layer_3,6
CCAAATCAAAGGGCAA-1,WM,0
CCAACCTTATGTAACT-1,WM,0
CCAACGATGCACTGAT-1,Layer_5,2
CCAACGCTTGCCAGGG-1,Layer_2,4
CCAAGAAAGTGGGCGA-1,WM,0
CCAAGACTTCTGCGAA-1,Layer_4,5
CCAAGCGTAACTCGTA-1,Layer_6,2
CCAAGCTTGATCTCCT-1,Layer_1,4
CCAAGGAACAGAGAGG-1,Layer_2,4
CCAAGTTTCTACAGAT-1,Layer_1,4
CCAATAGTGCCGTCGA-1,Layer_5,2
CCAATCGGTAGATCGA-1,Layer_3,1
CCAATGTCACAGCAAG-1,Layer_6,2
CCAATTACGGGTCGAG-1,Layer_3,1
CCAATTGAATGTTAAT-1,Layer_3,1
CCACAATGTACGTCTT-1,Layer_5,2
CCACACTGAGATATTA-1,Layer_6,2
CCACAGTACCCATCCT-1,Layer_5,2
CCACATACTGCACCCA-1,Layer_2,6
CCACCAACTTTACTGT-1,WM,0
CCACCCAAGGAAAGTG-1,Layer_6,2
CCACGAATTTAACCTC-1,Layer_3,1
CCACGAGAAGAGAATC-1,Layer_3,5
CCACGGAGCCATAAGA-1,Layer_6,3
CCACGGCAGGTGTAGG-1,WM,0
CCACGGTGCCCGGTAG-1,Layer_3,6
CCACTGGTGGCTGGTT-1,Layer_5,2
CCACTGTTTGGATTAA-1,Layer_3,1
CCAGAAAGCAACTCAT-1,WM,0
CCAGAGACAAAGCCGG-1,Layer_3,6
CCAGATAGTTGAGTGA-1,Layer_5,2
CCAGCCTGGACCAATA-1,Layer_6,2
CCAGCTCGAACGCATT-1,Layer_6,3
CCAGCTGATGGTACTT-1,Layer_5,2
CCAGCTTCCGCCCGCA-1,Layer_3,1
CCAGGCTGGCGTCTGA-1,Layer_2,4
CCAGGGACGTGGCCTC-1,Layer_5,2
CCAGTAGTCTGATCCA-1,Layer_4,5
CCAGTCTAGACGGCGC-1,Layer_5,5
CCAGTCTTGTCATAGA-1,WM,3
CCAGTGAGCTCCTTGT-1,Layer_1,4
CCAGTGTACAGACCGA-1,WM,0
CCATAAACAACCCGAC-1,Layer_3,1
CCATACCTTTACTTGT-1,Layer_3,1
CCATAGGTTGGCGTGG-1,Layer_3,5
CCATATGGAAACTATA-1,Layer_3,1
CCATATTGGATCATGA-1,Layer_1,4
CCATCCATACCAAGTC-1,Layer_1,4
CCATCGCAGTTAAACT-1,Layer_6,3
CCATCTCACCAGTGAA-1,Layer_4,5
CCATGCCCTAGATTTC-1,Layer_4,5
CCATGCCTGTTTAGTA-1,Layer_6,2
CCATGCTCTGCAGGAA-1,Layer_3,1
CCATGGCAAACGCTCA-1,WM,0
CCATGGCCCTTGTACC-1,Layer_4,5
CCATGTTCATCTATAT-1,WM,0
CCATTAGCGATAATCC-1,Layer_5,2
CCATTCCCTGCCCACA-1,Layer_5,2
CCATTTCTACCTATTA-1,Layer_6,2
CCCAAACATGCTGCTC-1,Layer_5,2
CCCAACATACGTCGCG-1,Layer_6,2
CCCAACCACACTAACA-1,Layer_2,6
CCCAAGAATGCACGGT-1,Layer_1,4
CCCAAGTCATTACACT-1,Layer_3,5
CCCAATGAGATTTGCA-1,WM,0
CCCAATTTCACAACTT-1,Layer_5,2
CCCAGAGGAGGGCGTA-1,Layer_2,6
CCCAGGAAGAATTCGA-1,Layer_6,3
CCCAGGTCTGAAGGCT-1,Layer_3,6
CCCAGTAAACTTGGGA-1,Layer_6,3
CCCAGTTAAGGCGCCG-1,Layer_5,2
CCCATATAGGTCGATT-1,Layer_2,6
CCCGAAGTTTCGCGAA-1,Layer_5,2
CCCGACCATAGTCCGC-1,Layer_4,5
CCCGAGTTTCTCCGTA-1,Layer_3,1
CCCGCAGCGCGAACTA-1,Layer_6,3
CCCGCAGGGCCCAAAG-1,Layer_3,1
CCCGCCATGCTCCCGT-1,Layer_3,6
CCCGCGCAATGCACCC-1,Layer_1,4
CCCGGCTAGGTGAGAA-1,Layer_1,4
CCCGGGTCGTTCAGGG-1,WM,3
CCCGGTGGAAGAACCT-1,Layer_3,1
CCCGGTGTATCGGAAT-1,Layer_6,0
CCCGTAAGTCTAGGCC-1,Layer_5,2
CCCGTAGCTGGGAAGA-1,WM,0
CCCGTCAGCGTCTGAC-1,Layer_4,5
CCCGTGGGTTAATTGA-1,Layer_1,4
CCCGTTTCGCAGATGT-1,Layer_3,1
CCCTACTTGAACAATG-1,Layer_4,2
CCCTATGTAGAGCAGA-1,WM,0
CCCTCAAGCTCTTAGT-1,Layer_1,4
CCCTCAGATCGAGAAC-1,WM,0
CCCTCATTCTGGAATT-1,Layer_2,6
CCCTCCTCGCTCGTAT-1,Layer_3,1
CCCTCGATAATACACA-1,WM,0
CCCTGAAATGAGTTGA-1,Layer_5,2
CCCTGACTAACAAATT-1,Layer_4,2
CCCTGCCCAATCCGCT-1,Layer_5,2
CCCTGCGCTACGCATA-1,Layer_4,2
CCCTGGTATGGGCGGC-1,Layer_2,6
CCCTGTTGGCAAAGAC-1,Layer_1,4
CCCTTTAATGGAGTTC-1,Layer_3,6
CCCTTTGACAGGTCTT-1,WM,0
CCGAAAGTGGTGAGCA-1,Layer_1,4
CCGAACACTGGGCCTC-1,Layer_5,2
CCGAACCTTCCCGGCC-1,Layer_6,2
CCGAAGTATATTGTTC-1,Layer_2,6
CCGACAAACACATGAG-1,Layer_1,4
CCGACAAAGGGAGTGC-1,Layer_4,5
CCGACAATAGGCCGCC-1,Layer_3,6
CCGACGGGCATGAGGT-1,WM,0
CCGACGTAAACACAAC-1,Layer_3,6
CCGAGAAGTCGCATAA-1,Layer_3,6
CCGAGGGATGTTAGGC-1,Layer_1,4
CCGATCTCAACCTTAT-1,Layer_3,5
CCGATTCGAGGGACCC-1,Layer_5,2
CCGCACAAAGACCAAC-1,Layer_6,2
CCGCACGTGACCTCGG-1,Layer_3,1
CCGCATGTGGTACGAT-1,Layer_6,3
CCGCCGGAACTTCTCG-1,Layer_6,0
CCGCCGGTCAACACAC-1,Layer_2,6
CCGCCGTTGAGGATAA-1,Layer_2,6
CCGCCTGCGAATTGGT-1,Layer_3,6
CCGCGGAATGCGTCAC-1,WM,0
CCGCGGGTACGAAGAA-1,Layer_4,5
CCGCGTAGGTAAGGGC-1,Layer_3,5
CCGCTATCAGCACCAG-1,Layer_6,3
CCGCTCCAGGGCGATC-1,Layer_5,2
CCGCTCCGGATAAGCT-1,WM,0
CCGCTCTTCCGAACTA-1,Layer_3,5
CCGCTGGTGCCATTCA-1,Layer_2,6
CCGCTTACCTCACTCT-1,Layer_6,3
CCGGAATGGTTTCAGT-1,Layer_3,1
CCGGAGCGTACTTTCT-1,WM,0
CCGGCACGACCGTTTC-1,Layer_3,6
CCGGCGCATATTGGAT-1,Layer_3,1
CCGGCGTGAGACTCTG-1,Layer_5,2
CCGGGACCCGCAGAGA-1,Layer_3,1
CCGGGCGGTCTCGTCA-1,Layer_5,2
CCGGGCTAAGAATTTC-1,WM,0
CCGGGCTGCTCCATAC-1,Layer_5,2
CCGGGTTCGAGGTTAC-1,Layer_5,2
CCGGTAATGGCTAGTC-1,Layer_2,6
CCGGTGCGAGTGATAG-1,Layer_1,4
CCGGTTTGTAATTGTG-1,WM,0
CCGTAAGTTGGTCCCA-1,Layer_5,2
CCGTAGGAAATCCCTG-1,Layer_4,5
CCGTAGGGTTGTTTAC-1,Layer_3,1
CCGTATCTCGTCGTAG-1,WM,0
CCGTCAACCTCTGGCG-1,WM,0
CCGTGCCCATGACGGC-1,Layer_1,4
CCGTGGAACGATCCAA-1,Layer_3,6
CCGTGTTAAATTCCAT-1,WM,3
CCGTTACGTTAGAACA-1,Layer_3,5
CCGTTCCGAATCTCGG-1,Layer_5,2
CCGTTTCCTTTCCGTG-1,WM,0
CCTAAAGGCTGACGCT-1,Layer_3,1
CCTAAATTAACGGTTC-1,Layer_6,3
CCTAAATTGTATCCTA-1,Layer_3,6
CCTAACCCAAACAAGT-1,Layer_5,2
CCTAACTAAGGCTCTA-1,Layer_3,1
CCTACATTCACAGACG-1,WM,0
CCTACGCGACCTTACA-1,Layer_1,4
CCTACGGCTCAGTCGA-1,Layer_1,4
CCTACTCAACACGATT-1,Layer_2,6
CCTACTGCTTACACTT-1,Layer_5,2
CCTAGGCGTAGCGATC-1,Layer_5,2
CCTAGGTAAAGGTAGC-1,Layer_6,3
CCTAGTTAGTCGCATG-1,Layer_3,1
CCTATAATGAGTGCCC-1,Layer_5,2
CCTATACCGTCCTGTC-1,WM,0
CCTATATCGTGTCACG-1,WM,0
CCTATATTTGTCCTGG-1,WM,0
CCTATCTATATCGGAA-1,Layer_4,5
CCTATGAAGTGGTGCC-1,Layer_3,6
CCTATGGCTCCTAGTG-1,WM,0
CCTATGGGTTACCGTC-1,Layer_5,2
CCTATGGTCAAAGCTG-1,Layer_6,2
CCTATGTCCACTCCAC-1,Layer_4,2
CCTCACCAATCTTGAC-1,Layer_2,4
CCTCACCTGAGGGAGC-1,Layer_3,1
CCTCACCTTAGCATCG-1,Layer_3,1
CCTCCCGACAATCCCT-1,Layer_2,4
CCTCCGACAATTCAAG-1,Layer_5,2
CCTCCTAGCTAGAGTC-1,WM,0
CCTCCTGTTGTGTCGT-1,Layer_3,5
CCTCGAAGTGGACGGG-1,Layer_3,1
CCTCGCCAGCAAATTA-1,Layer_4,5
CCTCGCGCGATATAGG-1,Layer_3,1
CCTCGCGCTGTGCGAT-1,WM,3
CCTCGGACCGGGATAG-1,Layer_5,2
CCTCGGTTTCCTTGCC-1,WM,0
CCTCTAATCTGCCAAG-1,Layer_5,2
CCTCTACAAGGATTGG-1,WM,0
CCTCTATCGATTAGCA-1,WM,0
CCTCTCTCCCATCTAG-1,Layer_5,2
CCTCTGGCCTAGACGG-1,Layer_3,1
CCTCTGTACTATTCTA-1,Layer_6,3
CCTGAACGATATATTC-1,Layer_5,2
CCTGAATATTTACATA-1,Layer_5,2
CCTGACAAACTCGCGC-1,Layer_1,4
CCTGACCACCGATGGT-1,Layer_6,3
CCTGACGCAACCTTTA-1,Layer_1,4
CCTGAGAATAAATGCA-1,WM,0
CCTGCGTTCTACGCTT-1,Layer_3,5
CCTGCTATTTGAGAAG-1,Layer_5,2
CCTGGAAACGTTCTGC-1,Layer_2,6
CCTGGCTAGACCCGCC-1,Layer_5,2
CCTGGTCGAATGTGGG-1,Layer_6,2
CCTGTAAGACATGATA-1,Layer_5,2
CCTGTACTCACGCCCA-1,Layer_5,2
CCTGTCACCCGGGCTC-1,Layer_5,2
CCTGTCCCTCACGTTA-1,Layer_2,6
CCTGTCGCCCGTAAAT-1,Layer_6,2
CCTGTCGTGTATGAAG-1,WM,0
CCTGTGCATAGGAGAC-1,Layer_1,4
CCTGTTCAACCTCGGG-1,WM,0
CCTGTTTGAAGACACG-1,Layer_4,5
CCTTCAGTTAAAGTGA-1,WM,0
CCTTCCGCAACGCTGC-1,WM,0
CCTTCGTATAGAATCC-1,Layer_6,3
CCTTCTCAGCGTTCCT-1,Layer_5,2
CCTTCTTGATCCAGTG-1,Layer_4,5
CCTTGACCACTTTATT-1,Layer_3,6
CCTTGTGAACGTGGTT-1,WM,0
CCTTTAAGGGAGCACT-1,WM,0
CCTTTCAATGAAGAAA-1,Layer_3,1
CGAAACATAGATGGCA-1,Layer_3,1
CGAAACGCAATTCATG-1,Layer_6,2
CGAACAGTATGGGCGT-1,Layer_4,5
CGAACCCGCATGCGTC-1,WM,0
CGAACCTCTTTCCTAG-1,WM,0
CGAACGCCCAGTGCCG-1,Layer_3,1
CGAACGGCCGGACAAC-1,Layer_5,2
CGAAGCCACAGCATGG-1,WM,0
CGAAGCTATAAATTCA-1,Layer_2,6
CGAAGGGTTTCAGATT-1,WM,0
CGAAGTTGCTCTGTGT-1,Layer_5,2
CGAATCTGCTCGACGC-1,WM,0
CGAATGAAGTCATTGC-1,WM,0
CGAATGACGCATAATG-1,WM,3
CGAATGGTAGGTCGTC-1,WM,0
CGAATTACATGGTGTT-1,Layer_1,4
CGACAATTTGATCTAA-1,Layer_5,2
CGACACGCTCCGACAG-1,Layer_5,2
CGACAGTTCGCGTTAT-1,Layer_5,2
CGACATGCGATCTTCT-1,Layer_1,4
CGACCCTTAACGCCGG-1,Layer_5,3
CGACGCATCCGTACCT-1,Layer_5,3
CGACTCAGGATGTTAT-1,Layer_4,5
CGACTTTGTATAGCCT-1,Layer_3,6
CGAGACCCTAGAGTGT-1,Layer_6,3
CGAGAGATGTGAACCT-1,Layer_5,2
CGAGAGCTTTCACTAC-1,Layer_4,2
CGAGAGGGTAGCCGCG-1,Layer_3,1
CGAGATTTCGCTCGGG-1,Layer_2,6
CGAGCACTTCAAGTTT-1,Layer_3,6
CGAGCCGAGCACTCGA-1,Layer_1,4
CGAGCGTTGATCAGCC-1,Layer_1,4
CGAGCTGGGCTTTAGG-1,Layer_3,5
CGAGGCTAAATATGGC-1,Layer_5,2
CGAGGGACTGCGGTCG-1,Layer_6,2
CGAGGGTATCCAGGTG-1,Layer_6,3
CGAGTACTAAAGAGGA-1,Layer_6,3
CGAGTGAAGGTACCAG-1,WM,0
CGAGTTCTGTCCCACC-1,Layer_5,2
CGAGTTTATCGGACTG-1,Layer_5,2
CGATAATACTCAGGTT-1,Layer_2,6
CGATACCTCGCGGACA-1,Layer_6,3
CGATAGCGATACAGTG-1,WM,0
CGATAGTCGTACTGCA-1,Layer_4,2
CGATCCACCATTGTTG-1,WM,0
CGATCCGACCCAGTGC-1,Layer_6,2
CGATCCTCGCAACATA-1,WM,0
CGATCTGTTGGAGGAC-1,Layer_6,3
CGATGGACCCTACGCC-1,Layer_3,1
CGATGTTGTTATCTAC-1,WM,0
CGATTAAATATCTCCT-1,Layer_6,3
CGATTCGCCTGGCTGC-1,Layer_6,2
CGCAAACACGAGTTAC-1,Layer_4,5
CGCAATCGATCATTAG-1,Layer_1,4
CGCAATTACTTTCGGT-1,Layer_3,1
CGCAATTAGGGTAATA-1,Layer_5,2
CGCAATTCTACAATAA-1,Layer_3,1
CGCACATGTCCACTAC-1,Layer_5,2
CGCACGTCTGTTTATG-1,WM,0
CGCACGTGCGCTATCA-1,Layer_4,5
CGCAGAAACATTTGCG-1,Layer_1,4
CGCAGATCTTCACCCG-1,Layer_2,6
CGCAGGCGATCCAAAC-1,Layer_3,1
CGCATCATGGCTTCAG-1,Layer_3,6
CGCATGCCGAATGCGT-1,Layer_4,2
CGCATGGTGCGATGCT-1,Layer_6,3
CGCATTAGCTAATAGG-1,Layer_5,2
CGCCAAGAAGCCGAGT-1,Layer_5,2
CGCCAATTATTGCGTT-1,Layer_1,4
CGCCAGTAGTACCTTG-1,WM,0
CGCCATCCGATTATGA-1,Layer_5,2
CGCCCAGCACGCCTAG-1,WM,0
CGCCCAGCGTTTCACG-1,Layer_4,2
CGCCCGCTTCCGTACA-1,Layer_3,5
CGCCCTAATTGTTCAA-1,WM,0
CGCCCTTGAAGGCTGA-1,Layer_3,6
CGCCGCCCATGCCTGT-1,Layer_5,2
CGCCGCGTTCTGAACG-1,WM,0
CGCCGTTCAGCATAGT-1,Layer_3,1
CGCCTCCCTCCTCTAT-1,Layer_6,2
CGCCTGGCCTACGTAA-1,Layer_5,2
CGCCTTTAGCATGCTC-1,Layer_2,6
CGCGAAGTGGCATACT-1,Layer_3,5
CGCGACACTGCGCAGC-1,Layer_1,4
CGCGACCGCGACAGAT-1,Layer_5,2
CGCGAGAGGGACTTGT-1,Layer_1,4
CGCGAGTCTGCCGGGT-1,Layer_6,3
CGCGCAAATGTCCAGA-1,WM,0
CGCGCATGTTTGATTG-1,WM,0
CGCGCCCGACTTAATA-1,Layer_5,5
CGCGGCTCAACTTGAA-1,Layer_4,5
CGCGGGAATTAGGCAG-1,Layer_5,2
CGCGGTACGGTATACA-1,Layer_2,6
CGCGGTCACAAACCAA-1,Layer_2,6
CGCGTTCATGAAATAC-1,Layer_5,2
CGCTACGGGACATTTA-1,Layer_6,2
CGCTAGAGACCGCTGC-1,Layer_4,5
CGCTATACCGCCCACT-1,Layer_1,4
CGCTATTCAATGTATG-1,Layer_2,6
CGCTATTCTTAGGCTC-1,Layer_6,2
CGCTCGACATAATGAT-1,Layer_3,1
CGCTCTCCGTAGATTA-1,Layer_5,2
CGCTGGTGACTACCCT-1,Layer_4,5
CGCTGTGACGCCGCAC-1,Layer_4,5
CGCTGTGTGGATGTTG-1,WM,0
CGCTTAGTATTGATAC-1,WM,0
CGCTTATTCCCGGTCG-1,Layer_6,2
CGCTTCCACTGAAATC-1,Layer_3,6
CGCTTCGGTCTAAGAC-1,Layer_3,1
CGCTTGGACGGATAGA-1,Layer_2,6
CGCTTTCATACCGGTG-1,Layer_2,4
CGCTTTCTTGCATTCG-1,Layer_5,2
CGGAAAGAATCAAACG-1,WM,0
CGGAAAGCAAATGTGC-1,Layer_1,4
CGGAAATTTCACATCC-1,Layer_2,6
CGGAACGTAAACATAG-1,WM,0
CGGACCTTTACGTCCC-1,Layer_5,2
CGGAGCAATTTAATCG-1,WM,0
CGGAGCATGGCGATCC-1,Layer_6,2
CGGAGCTTATAACACC-1,Layer_3,6
CGGAGTTTGAGAGACA-1,Layer_4,2
CGGATAAGCGGACATG-1,Layer_1,4
CGGATCCTCAAGGACT-1,Layer_5,2
CGGATGAATGCTGTGA-1,WM,0
CGGCAAACATCGTGCG-1,Layer_6,3
CGGCAATAAGATCGCC-1,Layer_3,6
CGGCACCGTTAGCGCC-1,Layer_3,6
CGGCAGGGTCGGGTTG-1,Layer_4,5
CGGCCACGCACAAAGT-1,Layer_6,2
CGGCCAGAGCGACCAT-1,WM,0
CGGCCCAACCTGTAGT-1,Layer_2,6
CGGCCCAGGTATATCC-1,Layer_3,1
CGGCGCCATCAATCCC-1,Layer_4,5
CGGCTCTAAAGCTGCA-1,Layer_3,6
CGGCTCTTCGTCGAAC-1,Layer_3,6
CGGCTTTGTATGATAA-1,Layer_1,4
CGGGAACGCCCTGCAT-1,WM,0
CGGGAAGTACCGTGGC-1,WM,0
CGGGAATATAGTATAC-1,Layer_3,1
CGGGAATTTATGTAAA-1,Layer_6,3
CGGGAGCTTCAGTGTA-1,Layer_5,2
CGGGAGTATACCGCCG-1,Layer_1,4
CGGGATCAATGTAAGA-1,Layer_5,5
CGGGCAGCTAAACCGC-1,Layer_5,2
CGGGCCTTCTTTGTAA-1,Layer_6,3
CGGGCGATGGATCACG-1,Layer_5,2
CGGGTGTACCCATTTA-1,Layer_5,2
CGGGTTTGTTAGGGCT-1,Layer_3,6
CGGTACTAGAATCAAA-1,Layer_5,2
CGGTAGAGGTGCAGGT-1,Layer_3,1
CGGTATAGGTATTAGC-1,Layer_2,6
CGGTCAAGTGGGAACC-1,Layer_5,2
CGGTCCGTCGCAAGCC-1,WM,0
CGGTCTATCAACCCGT-1,Layer_3,5
CGGTGAAGACTAAAGT-1,Layer_5,2
CGGTGCAGATAGAACG-1,Layer_6,2
CGGTGCGCGTTGGTCC-1,WM,0
CGGTGGGCTCCAGCCT-1,Layer_3,6
CGGTGTACTTGATCCC-1,Layer_1,4
CGGTTATCCAACAGTG-1,Layer_3,5
CGGTTCAAGTAGGTGT-1,Layer_3,1
CGGTTGACCTGGCATA-1,Layer_5,2
CGGTTGAGTATCCTTC-1,WM,0
CGGTTGGGTTCAAGTT-1,Layer_1,4
CGTAAAGCAAGAAATC-1,WM,0
CGTAACTTCGACACTT-1,WM,0
CGTAATAATTACGAGT-1,Layer_1,4
CGTACCGAAAGTCTAG-1,Layer_1,4
CGTACCTGATAGGCCT-1,Layer_5,2
CGTAGAGAGTAATTAT-1,Layer_4,2
CGTAGCGAATTGTCAG-1,Layer_3,1
CGTATTAAGAGATCTA-1,Layer_5,2
CGTCAAGGCTATAAAT-1,Layer_3,1
CGTCAATCTTTAACAT-1,Layer_1,4
CGTCACGTCCATTGGT-1,WM,0
CGTCAGTGCGCACAAG-1,Layer_1,4
CGTCATACCATATCCA-1,Layer_1,4
CGTCCAGATGGCTCCA-1,Layer_1,4
CGTCGCATGTGAGCCA-1,Layer_5,2
CGTCGCGGCGGGATTT-1,Layer_1,4
CGTCGCTTGGTTATAC-1,WM,0
CGTCGGATAGTGTTGA-1,Layer_4,5
CGTCGGGTCTAAGCGC-1,WM,0
CGTCGTCCTTCGCGAA-1,Layer_5,2
CGTCTGGAAGGGCCCG-1,Layer_3,1
CGTGAAGTTAATTCAC-1,Layer_6,3
CGTGACATTGGGTCGT-1,Layer_3,1
CGTGACCAGTCCTCTG-1,WM,0
CGTGCAGACTGGGACA-1,Layer_6,2
CGTGCATTGTCGACGC-1,Layer_5,2
CGTGCCCTCCCGAAGA-1,Layer_6,2
CGTGCTTCTACCTAAA-1,WM,0
CGTGGAAGCCTCGTAC-1,Layer_2,6
CGTGGCCGAATATCTA-1,Layer_4,5
CGTGGTACCCAAAGGC-1,WM,0
CGTGTATGGGAGCTGA-1,Layer_3,6
CGTGTCCCATTCGCGA-1,Layer_4,5
CGTGTCTCGTTACGAC-1,WM,0
CGTTAAACTAGTTAGG-1,Layer_3,6
CGTTAATGTCCCGACG-1,Layer_5,2
CGTTAGCTCACAACTG-1,Layer_3,1
CGTTCAAGGAAACGGA-1,WM,0
CGTTCAGACCCGCGAA-1,Layer_6,3
CGTTCATGGTGCGCGT-1,Layer_6,3
CGTTCTTCGCACACCT-1,Layer_2,6
CGTTGAATACCGCGCT-1,Layer_5,2
CGTTGAGCGACCGTCG-1,Layer_6,2
CGTTGAGTAATTGCGT-1,Layer_2,4
CGTTGCCCGCGTGGGA-1,WM,0
CGTTGTAAACGTCAGG-1,Layer_1,4
CGTTGTAAGATTGATT-1,Layer_3,6
CGTTGTCGGCAATTGA-1,Layer_6,2
CGTTGTTTCAATTCCC-1,Layer_5,2
CGTTTAAGCGGAGCAC-1,Layer_3,1
CGTTTCACTTCGGGCG-1,Layer_3,1
CGTTTCGCTCATTACA-1,Layer_6,2
CGTTTGGTGTTGTGGG-1,Layer_2,6
CGTTTGTGTAGAGGGT-1,WM,0
CTAAAGAATGCCTACT-1,Layer_5,2
CTAAAGGGAAATAGGA-1,Layer_6,3
CTAAATCCGGTGTACA-1,WM,0
CTAAATCCTATTCCGG-1,Layer_5,2
CTAACCGCGCGCCCGT-1,Layer_5,2
CTAACGAAACTTGCTG-1,Layer_4,5
CTAACTGATAATCGCC-1,Layer_3,1
CTAACTGGTCCGGTTC-1,WM,0
CTAAGGGAATGATTGG-1,Layer_6,2
CTAATGCGCCCAACAA-1,Layer_1,4
CTAATTCGCACGCGCT-1,Layer_4,5
CTAATTCTCAGATATT-1,Layer_3,6
CTAATTTCAACAACAC-1,Layer_2,6
CTACAAGAAATAACCC-1,WM,0
CTACACTCGCAGATGG-1,Layer_3,1
CTACATATCGCGGGAC-1,WM,0
CTACCCTAAGGTCATA-1,Layer_5,5
CTACGAACTAGGTCGA-1,Layer_1,6
CTACGACTAGCTATAA-1,Layer_5,2
CTACGATCCTATCCTA-1,WM,0
CTACGCACGGAGTACC-1,Layer_6,2
CTACGCCATTTCCGAT-1,Layer_3,1
CTACTATCATAGGTTT-1,WM,0
CTACTATCTTTCAGAG-1,Layer_4,5
CTACTCAAGGTATAGT-1,WM,0
CTACTCTAGGCCCGGC-1,Layer_4,5
CTACTGCCACCTGACC-1,Layer_5,2
CTAGACTGCATTTCGT-1,Layer_2,6
CTAGATGTGAGTGTAA-1,Layer_3,1
CTAGATTTACGACGGC-1,Layer_6,2
CTAGCATAGTATAATG-1,Layer_6,2
CTAGCCACAGGCGAGC-1,Layer_2,6
CTAGCCGATGTTATGA-1,Layer_3,6
CTAGGCGCCCTATCAG-1,Layer_5,2
CTAGGGATAGGGACAA-1,WM,0
CTAGGTCTGAAGGAAT-1,Layer_3,1
CTAGGTTCGGACGTGA-1,Layer_6,2
CTAGTAGAAAGGGATT-1,Layer_5,2
CTAGTATTCGGAATTA-1,Layer_3,1
CTAGTCACGTCTTAAG-1,Layer_6,2
CTAGTGAAGGACAGGA-1,Layer_5,2
CTAGTTACAACCCGGT-1,Layer_6,3
CTAGTTGGGCCCGGTA-1,Layer_5,2
CTATAAGAGCCAATCG-1,Layer_3,1
CTATAAGTAGGGTTTG-1,WM,0
CTATAGGCGTTGATGT-1,WM,0
CTATATCCAGCCTGGC-1,WM,0
CTATCGACGAAATACA-1,Layer_5,2
CTATCGCGTAGAGAAC-1,Layer_2,6
CTATCGGGTCTCAACA-1,Layer_6,2
CTATGAACACCTTGCC-1,WM,0
CTATGCCCGAATGCAA-1,WM,3
CTATGGGAAGCGGAAT-1,Layer_3,1
CTATGTCACTAGCCCA-1,Layer_5,2
CTATGTCTATTGAAAC-1,Layer_2,4
CTATGTGAGTCACGGC-1,Layer_5,2
CTATTCATGTGTCCCA-1,Layer_6,3
CTATTGTGTTTGGTCA-1,Layer_2,6
CTATTTGCTTGGAGGA-1,Layer_6,3
CTATTTGGTTACGGAT-1,Layer_5,2
CTCAAACCACTGCCCG-1,WM,0
CTCAACTAACCCGGAT-1,Layer_5,2
CTCAAGACATTAGCGC-1,Layer_2,6
CTCACATTTACTAAAT-1,Layer_6,2
CTCACTGTGATACTTA-1,Layer_5,2
CTCACTTGGCTGGTAA-1,Layer_5,2
CTCAGGACTCACCTGT-1,Layer_1,4
CTCAGTCACGACAAAT-1,Layer_3,1
CTCATGGCTCACAATC-1,Layer_3,1
CTCATGGTAATTTGCG-1,Layer_6,3
CTCATTCGTGAACATC-1,Layer_1,4
CTCATTGCTCTAACAA-1,Layer_5,2
CTCATTTGATGGGCGG-1,Layer_5,5
CTCCCAATGAGTCGCG-1,Layer_3,6
CTCCCTCCTTTCGATC-1,Layer_6,3
CTCCCTTGTATCAAGG-1,WM,0
CTCCGCCCACATGAGG-1,Layer_6,3
CTCCGGCCTAATATGC-1,Layer_3,5
CTCCTCCAGCTCACAC-1,WM,0
CTCCTGTTCAAGGCAG-1,Layer_2,6
CTCCTTTACGCAAGTC-1,Layer_2,6
CTCGAGATCCAAAGCA-1,Layer_1,4
CTCGAGGCAAGTTTCA-1,WM,0
CTCGAGGTCGAACAGT-1,Layer_5,2
CTCGATATTTGCGAGC-1,Layer_3,1
CTCGCACCTATATAGT-1,Layer_5,2
CTCGCATTGCATAGCC-1,WM,0
CTCGCCGAATGTAGGG-1,Layer_6,3
CTCGGGTTCTCTGGCC-1,WM,0
CTCGGTACCACTGCTC-1,Layer_5,2
CTCGGTCCGTAGCCTG-1,Layer_3,1
CTCGGTTGTCGGCCCT-1,WM,0
CTCGTCGAGGGCTCAT-1,WM,0
CTCGTCTGTGCCTTCG-1,Layer_4,2
CTCGTTACGGCTACCA-1,WM,0
CTCGTTTCTAATGTTT-1,Layer_3,6
CTCTAATGCATTGATC-1,Layer_2,6
CTCTACACTGGCGATT-1,Layer_5,2
CTCTACATCCTGCGTG-1,Layer_6,3
CTCTAGCCCTCGGAAA-1,Layer_4,2
CTCTATTTGGCTGCAG-1,Layer_6,3
CTCTCACAATCGATGA-1,Layer_6,2
CTCTCGCTGTACTATG-1,Layer_1,4
CTCTCTAACTGCCTAG-1,WM,0
CTCTGCAGGCATTCTT-1,WM,0
CTCTGCGAAGCAAGCA-1,Layer_1,4
CTCTGGACGCCTGGTG-1,Layer_5,2
CTCTGTTTGAGGATTC-1,Layer_3,1
CTCTTCTATTGACTGG-1,Layer_4,5
CTCTTCTGGAAGTTAG-1,WM,0
CTCTTGTCCCGCTTGG-1,WM,0
CTGAAAGAGATCCGAC-1,Layer_4,5
CTGAATCCGAGACCTC-1,WM,0
CTGAATTTATTGCCAG-1,Layer_2,6
CTGACATAGAAATAGA-1,Layer_2,6
CTGACTGCGCAGCTCG-1,Layer_3,1
CTGAGAAAGTTCGGCG-1,Layer_2,6
CTGATAGTGTATCTCA-1,Layer_3,5
CTGATCCCTTTATGCA-1,WM,0
CTGCAAGCACGTTCCG-1,Layer_3,6
CTGCACAACTACATAT-1,Layer_6,2
CTGCACCTGGAACCGC-1,Layer_2,6
CTGCACTCCAGTACAG-1,Layer_6,2
CTGCAGAGAATCAGAG-1,Layer_3,1
CTGCAGGTGCTCGGCC-1,Layer_1,4
CTGCCAAGGTTGGAAG-1,Layer_5,5
CTGCCATGCATCACAT-1,Layer_6,3
CTGCCTAGCCACCAAG-1,Layer_3,6
CTGCCTTTAATACCTT-1,WM,0
CTGCCTTTCTAGTAAA-1,Layer_4,5
CTGCGACCTCGCCGAA-1,Layer_5,2
CTGCGATTTCGAGATT-1,Layer_6,3
CTGCGGGTGAAATGTT-1,Layer_4,5
CTGCGGTAGTCACGTG-1,Layer_3,6
CTGCGTTACGATATAA-1,Layer_3,1
CTGCTGAGGCCACGAA-1,WM,3
CTGCTGTCTAACGAGC-1,Layer_2,6
CTGCTTGGCGATAGCT-1,Layer_6,2
CTGGAAATGGATGCTT-1,Layer_5,2
CTGGAAGACACGGTGG-1,Layer_5,2
CTGGACGCAGTCCGGC-1,Layer_6,3
CTGGATTTACACTTGA-1,WM,0
CTGGCATCCGAATGAG-1,Layer_6,3
CTGGCGACATAAGTCC-1,Layer_3,5
CTGGCGCACAGGTCTG-1,Layer_5,2
CTGGCGGGAATAAGTA-1,Layer_1,4
CTGGCTGATTCATCCT-1,Layer_4,5
CTGGCTGGTTGTCAGT-1,WM,0
CTGGGATAAATAATGG-1,Layer_5,2
CTGGGCCTGCTATATC-1,Layer_6,2
CTGGGTAGGCAGTTAA-1,Layer_6,2
CTGGGTTGAGTTAAAG-1,Layer_6,3
CTGGTAAAGTGTGGGC-1,Layer_3,6
CTGGTAACACATAGAA-1,Layer_5,2
CTGGTAACGAGCTCTT-1,Layer_4,5
CTGGTCATTCCAATCC-1,Layer_1,4
CTGGTCCTAACTTGGC-1,Layer_1,4
CTGGTGAATGGGCCTA-1,WM,0
CTGGTTTCGAGCAAGA-1,Layer_5,2
CTGTACTTCTTAGCAT-1,Layer_6,2
CTGTAGCCATCTCACT-1,WM,0
CTGTAGTGAGGATCGA-1,WM,0
CTGTATGGTGTAGAAA-1,Layer_3,6
CTGTCAAATGGCTCGG-1,Layer_5,5
CTGTCACGCCAGGCGC-1,Layer_2,6
CTGTGCAGGGTAGGTC-1,Layer_6,2
CTGTGGTCGGGAGATA-1,Layer_5,2
CTGTTACCCAATCTAG-1,WM,3
CTGTTCACTGCCTGTG-1,Layer_4,5
CTGTTCATCTCACGGG-1,Layer_3,1
CTGTTGGCTCTTCTGA-1,Layer_1,4
CTGTTGTTCAGTCGTA-1,WM,0
CTTAACTTCGAAGTAC-1,Layer_2,6
CTTACACGGTATTCCA-1,Layer_5,2
CTTACACTGGGAAATA-1,Layer_3,6
CTTAGCCTTCCACATG-1,Layer_5,2
CTTAGGTATAGACCAG-1,WM,0
CTTAGTAGGCCTACAG-1,Layer_3,1
CTTAGTGTAGTAGCAT-1,Layer_5,2
CTTAGTTGAGGAATCG-1,WM,0
CTTATAGATGGCTGTT-1,Layer_2,6
CTTATGCGCTCAGGGC-1,Layer_5,2
CTTCAACTCCACTTGG-1,Layer_5,2
CTTCACGCCCTGGTAC-1,WM,0
CTTCAGTGGTCGCCTA-1,WM,0
CTTCATAGCTCAAGAA-1,Layer_3,6
CTTCATTGTCAGTGGA-1,Layer_6,2
CTTCCGCTCCGTGAAG-1,WM,0
CTTCGATTGCGCAAGC-1,Layer_4,2
CTTCGGCCAATTGTTT-1,Layer_3,6
CTTCGTAGATAGGTGA-1,Layer_6,2
CTTCTATGTTGAAGTA-1,Layer_6,3
CTTCTATTAATGCTAG-1,WM,0
CTTCTGGGCGTACCTA-1,WM,0
CTTCTTACGTCGTATA-1,Layer_3,1
CTTGACCCGAAAGATA-1,Layer_1,4
CTTGAGTTAGGGTAAT-1,Layer_5,2
CTTGCAACCGCCTCCT-1,Layer_5,2
CTTGCCCAGGCTCTAC-1,WM,3
CTTGGCCAAGCTGGGA-1,WM,0
CTTGTACTTGTTGACT-1,Layer_3,5
CTTGTCAACATTCGAG-1,Layer_6,3
CTTGTGAGGACAGCGG-1,Layer_1,4
CTTGTGCTCACCGATT-1,Layer_3,1
CTTGTTGCTGAGTCAA-1,Layer_5,2
CTTGTTTATGTAGCCA-1,Layer_1,4
CTTTAACTTTCAAAGG-1,Layer_5,2
CTTTAATATTGGTCGA-1,Layer_6,2
CTTTACCGAATAGTAG-1,Layer_5,2
CTTTAGGAACACTGTT-1,Layer_5,2
CTTTAGTGCTATTATT-1,Layer_6,3
CTTTCTGTGCGGGCTT-1,Layer_6,3
CTTTGCATCGCTCTTG-1,Layer_4,5
CTTTGGCGCTTTATAC-1,Layer_3,5
CTTTGGCTTTAGTAAA-1,Layer_5,2
CTTTGGGATTGTTGCA-1,WM,0
GAAACAGATGACCACC-1,Layer_5,2
GAAACAGCCATGCAGT-1,Layer_3,1
GAAACATAGGAAACAG-1,WM,0
GAAACCATGGTGCGCT-1,Layer_2,6
GAAACCGAATTACCTT-1,WM,3
GAAACCTATACAAATG-1,WM,0
GAAACTCGTGCGATGC-1,Layer_3,1
GAAACTCTAATGAAGG-1,Layer_3,1
GAAAGAACAGCGTTAT-1,Layer_3,1
GAAAGCAGTGCACTTT-1,WM,0
GAAAGCCCTTTGGACC-1,Layer_4,2
GAAAGTGACTAACTGC-1,Layer_3,1
GAAATACCTGCTGGCT-1,Layer_3,6
GAAATACTAAACGTTT-1,Layer_1,4
GAAATATCACCATCAG-1,Layer_4,5
GAAATCGCGCGCAACT-1,Layer_4,5
GAAATGGCGGTGTTAG-1,Layer_5,2
GAAATTAGCACGGATA-1,Layer_3,1
GAAATTCACATCGCTG-1,Layer_2,4
GAAATTGTCTCTATAA-1,Layer_6,3
GAACAACTGGGATGAA-1,Layer_4,2
GAACACACATCAACCA-1,Layer_4,5
GAACAGATTACTAAAT-1,Layer_6,2
GAACCCTCTGTGTTCT-1,Layer_6,3
GAACCTTTAACGATCC-1,Layer_5,2
GAACGACCGAATGATA-1,Layer_4,5
GAACGCGGGTCACACG-1,Layer_3,6
GAACGTCTCATGGTCG-1,Layer_5,2
GAACGTTAGGAAGACG-1,Layer_3,5
GAACTGTGGAGAGACA-1,Layer_6,2
GAAGAAACGATATTGT-1,WM,0
GAAGAACGGTGCAGGT-1,Layer_1,4
GAAGCCACTGATTATG-1,Layer_6,2
GAAGCCGGGTAAGCTC-1,Layer_1,4
GAAGCCTGCACATTCC-1,Layer_6,3
GAAGCGTGAGGAATTT-1,Layer_6,2
GAAGCTCGGACCCGTC-1,WM,0
GAAGCTCTTTGCTTAG-1,Layer_1,4
GAAGCTTGCTGACCGC-1,Layer_4,5
GAAGGACTAAATTGAA-1,Layer_1,4
GAAGGAGTCGAGTGCG-1,Layer_6,3
GAAGGGCATAACCATG-1,Layer_1,4
GAAGTCAGTTGCACTA-1,WM,0
GAAGTCTCCCTAGCGA-1,Layer_5,2
GAAGTGATTTATCGTG-1,Layer_6,2
GAAGTGCTGGATAGCT-1,Layer_3,1
GAAGTTTCCACTCAAT-1,Layer_6,2
GAATAGACGCGACCCA-1,Layer_5,2
GAATAGCATTTAGGGT-1,Layer_2,6
GAATAGCCCTGCGGTC-1,Layer_1,4
GAATAGTGCTCGATTA-1,WM,0
GAATATTCGGAGTCCC-1,Layer_3,1
GAATCGACATGGTCAC-1,Layer_4,5
GAATCTGAACATTCTC-1,Layer_6,3
GAATGCCGAAATGACC-1,Layer_1,4
GAATGCGAATCGGTTC-1,Layer_6,2
GAATGTATGGCAGGTC-1,Layer_3,1
GAATGTGGTCCGGATT-1,Layer_5,2
GAATGTTGGGTAATCT-1,Layer_5,2
GAATTATAGTGAAAGG-1,Layer_6,2
GAATTCACCCGGGTGT-1,WM,0
GAATTTCTCGCTGCAG-1,Layer_3,5
GACAAACATATGCAGG-1,Layer_4,5
GACAACGACCATTGAA-1,Layer_5,2
GACAACGCAGCTTACG-1,Layer_3,5
GACAAGAGATGAGATT-1,Layer_3,6
GACACAAGGGAAGAAA-1,Layer_5,2
GACACGAGTTAGAGGA-1,Layer_1,4
GACACTGAGTTCAGTG-1,Layer_6,3
GACACTGGAACCCGAT-1,Layer_3,6
GACAGCCAGACCTGAC-1,Layer_5,2
GACAGGCACACACTAT-1,Layer_5,2
GACATACTGTCGCAGA-1,Layer_1,4
GACATCCGTCGAACTG-1,Layer_5,2
GACATCGATTTATAAC-1,WM,0
GACATTTCGCCCAGCC-1,WM,0
GACCAAACGTTGACTG-1,Layer_3,6
GACCACACTTCCCTTT-1,Layer_5,2
GACCAGAGCCCTGTAG-1,Layer_5,2
GACCCAATTATGATAC-1,WM,0
GACCCGTCGCCGGCTA-1,Layer_1,4
GACCGACCGCTAATAT-1,Layer_1,4
GACCGACGTGAAAGCA-1,Layer_2,6
GACCGACTGAAGCGTC-1,Layer_4,2
GACCGATTAAATATGT-1,WM,0
GACCGCGTCTGACGTG-1,Layer_3,6
GACCGTCAGGTCGTGA-1,Layer_3,1
GACCGTGCTGACGGTG-1,Layer_6,3
GACCTGGTCTGGGCGT-1,Layer_1,4
GACCTTCCACGTCTAC-1,Layer_5,2
GACGACGATCCGCGTT-1,Layer_6,2
GACGACTTTCCAAGAA-1,Layer_1,4
GACGAGGCTAATAAAC-1,Layer_3,1
GACGATATCACTGGGT-1,WM,0
GACGCCGTAAAGGCTA-1,WM,0
GACGCTTGCTTCTAAA-1,Layer_5,2
GACGGGTTGGCCCGTA-1,WM,0
GACGGTCAATAGAAGC-1,Layer_3,1
GACGTGTAGGGATTAT-1,Layer_4,5
GACGTTGCTCGGCGGC-1,WM,0
GACTAACACAGCACCT-1,Layer_3,6
GACTAAGATCATGCAC-1,Layer_4,5
GACTAAGTAGGCTCAC-1,Layer_5,5
GACTACAAAGCGGTGG-1,Layer_6,3
GACTACAATTGCTCGT-1,Layer_3,6
GACTAGGCCGTTAGGT-1,Layer_5,2
GACTCACCCACGTGAG-1,Layer_3,1
GACTCCCAGAATAAGG-1,Layer_2,6
GACTCCTTCCAATTGA-1,WM,0
GACTCGCGGGAATGAC-1,Layer_4,5
GACTGATTGGTCACAA-1,Layer_1,4
GACTGCAAATCGAGCT-1,Layer_5,2
GACTGCACCAGCCCAG-1,Layer_6,2
GACTGCGGCACGTGTA-1,Layer_3,4
GACTGCTGGTGAGAAA-1,WM,0
GACTGGGCGCCGCAAC-1,Layer_2,6
GAGAACGGTTCTGACT-1,Layer_3,1
GAGACTGATGGGTAGA-1,Layer_5,2
GAGACTTCGCGACCGA-1,WM,0
GAGAGGCCTATGTGTA-1,Layer_2,4
GAGAGGGCGCGAGGTT-1,Layer_6,2
GAGAGGTGCATTCTGG-1,Layer_6,2
GAGAGTCTCGGGAGAG-1,WM,0
GAGATCTGCTTGGCAT-1,Layer_5,2
GAGATCTGTCACTCCG-1,Layer_5,2
GAGATCTTCCATGACA-1,Layer_6,2
GAGATGGCTTTAATCA-1,Layer_5,2
GAGATGGGAGTCGACA-1,Layer_6,2
GAGCACCTGTGTCCAG-1,Layer_5,2
GAGCATCAACAACTTG-1,WM,0
GAGCATCATCCCTGGG-1,Layer_1,4
GAGCCAGCTACCTGTG-1,Layer_5,2
GAGCGAGGGAGTACCG-1,Layer_3,1
GAGCGCAAATACTCCG-1,Layer_3,1
GAGCGCGCACGAGTAG-1,Layer_5,2
GAGCGCTGTTAGGTAA-1,WM,0
GAGCGGAATGCGGTGT-1,WM,0
GAGCTAAGGGCATATC-1,Layer_5,2
GAGCTCAACATGAGCG-1,Layer_5,3
GAGCTCTCGGACCTAA-1,Layer_1,4
GAGCTGTCGTCTCGGA-1,Layer_2,6
GAGGAATATCTCTTTG-1,WM,0
GAGGAATGGAGAGGTT-1,Layer_3,5
GAGGAGATCCTCATGC-1,Layer_1,4
GAGGATAAACAGTGCT-1,Layer_2,6
GAGGCCCGACTCCGCA-1,WM,0
GAGGCCTGTTGATACA-1,Layer_3,6
GAGGCTATCAAAGTCG-1,Layer_5,2
GAGGGAGTCAGATCGC-1,WM,0
GAGGGCGCAGCTCTGC-1,Layer_5,5
GAGGGTAGTAACAAAG-1,WM,0
GAGGTACATCCATCTT-1,Layer_3,1
GAGGTACGCGTGTCCC-1,Layer_6,2
GAGGTCCCAAAGATCT-1,Layer_1,4
GAGGTCTTAGTGGGTC-1,Layer_1,4
GAGTAAACCGGAAAGT-1,Layer_2,6
GAGTAAGGCCACGGGA-1,Layer_5,3
GAGTACGGGTATACAA-1,Layer_2,4
GAGTAGATACTAGTTG-1,Layer_6,3
GAGTATACCCTAATCA-1,WM,0
GAGTATCAAAGTTACA-1,Layer_2,6
GAGTATGCCCGCCTTG-1,WM,0
GAGTATGCGCGTGCAT-1,Layer_6,2
GAGTCAGACCAGAATC-1,WM,0
GAGTCCGCTTACCGGA-1,Layer_6,3
GAGTGTCAACCAGAAA-1,Layer_5,2
GAGTGTGCGGTACCCA-1,Layer_5,2
GAGTTGATGGCAATTT-1,Layer_6,3
GAGTTGTCACCAGTCT-1,WM,0
GATAAATCGGTGGATG-1,Layer_2,4
GATAACTCGCACTGTG-1,Layer_5,2
GATACGATGGGAGTCA-1,WM,3
GATAGAACCCGCTAGG-1,WM,3
GATAGCGTACCACGCG-1,Layer_1,4
GATAGGTAACGTTGAC-1,Layer_6,3
GATAGTGCGAGTAAGT-1,WM,0
GATATCAGTATGTATC-1,Layer_1,4
GATATCTCATGCAATA-1,Layer_2,6
GATATGAGACACTAAC-1,Layer_5,2
GATATGCGGTAGCCAA-1,Layer_3,1
GATATGGATTACGCGG-1,Layer_3,1
GATATTGAGATTGGCG-1,Layer_3,5
GATATTTCCTACATGG-1,Layer_3,1
GATCAACATAAAGGGA-1,WM,0
GATCATTCCAAACATT-1,Layer_5,2
GATCCCTTTATACTGC-1,Layer_5,2
GATCCGGGAATTAACA-1,Layer_6,2
GATCCTAAATCGGGAC-1,Layer_4,5
GATCCTCGACACTGGC-1,WM,3
GATCCTCTTGCGCTTA-1,Layer_3,6
GATCGACACTATCTGA-1,Layer_5,2
GATCGCGGGCTCTCCA-1,Layer_6,2
GATCGCTACCCGATTT-1,Layer_4,5
GATCGCTATATCTCAG-1,WM,0
GATCGCTGTGGTGCGT-1,WM,0
GATCGGATAGAACCAT-1,Layer_5,2
GATCGGCGATAAGTCG-1,Layer_1,4
GATCGGTGGCCATAAC-1,Layer_5,2
GATCGTGACTGATATC-1,Layer_6,2
GATCTCGACGCTGTGG-1,Layer_2,6
GATCTGCTATCTAAGG-1,WM,0
GATCTTCATTGTCCTC-1,Layer_1,4
GATCTTGGAGGGCATA-1,Layer_6,2
GATCTTTGCAGGGTAT-1,Layer_5,2
GATGACAAGTAGGGCA-1,WM,0
GATGAGGAACCTTCGG-1,Layer_5,2
GATGCCAGCAGAAGGC-1,Layer_2,4
GATGCCTTCTGCGGCA-1,WM,0
GATGCGAATGGTATTA-1,Layer_1,4
GATGCGTCCTGCATTC-1,Layer_6,2
GATGCTACAAGCGCCT-1,Layer_3,1
GATGCTACCTTCGATG-1,Layer_6,3
GATGCTGTATTTCATC-1,Layer_6,2
GATGGCGCACACATTA-1,Layer_2,4
GATGGTGCCCTAGGCA-1,Layer_3,6
GATGTAACGAACCACC-1,Layer_6,3
GATGTCGGTCAACTGC-1,Layer_3,6
GATGTGTTGTCACAAG-1,Layer_2,6
GATGTTCAATCCACGA-1,Layer_6,2
GATGTTTGTGCGAGAT-1,Layer_2,6
GATTAACCGAAAGCCC-1,Layer_4,2
GATTACTGAATTTGGG-1,Layer_6,2
GATTAGAAACAAGCGT-1,WM,0
GATTCCCTTGTCGCAG-1,Layer_5,2
GATTCCGCGTTTCCGT-1,Layer_3,1
GATTCCTATACGGCGC-1,Layer_3,1
GATTCGACGGTTCACG-1,Layer_6,2
GATTGCTCCAGTTGCA-1,WM,0
GATTGGGAAAGGTTGT-1,Layer_5,2
GCAAACCCTACATTAT-1,Layer_5,2
GCAAACCTTGGCCATA-1,Layer_6,3
GCAAACGTCGCCAGGT-1,Layer_2,6
GCAAAGGGCGTTAGCC-1,WM,0
GCAAATATTACGCTTT-1,Layer_5,2
GCAACACACTAGAACT-1,Layer_5,2
GCAACAGCAGTATGCG-1,Layer_3,1
GCAACCACCAGACCGG-1,Layer_3,6
GCAACCACGGCCGCGT-1,Layer_6,2
GCAACGGCTAGTTATG-1,Layer_3,6
GCAAGAATTCCTTGGC-1,Layer_6,3
GCAAGTGCACAGAGAA-1,Layer_3,5
GCAAGTGTAAAGCATG-1,WM,0
GCACAAACCCTAGATG-1,WM,0
GCACAAACGAGGCGTG-1,Layer_3,6
GCACAACCTCGGGCGT-1,WM,0
GCACAAGTGGATCATA-1,Layer_1,4
GCACAAGTGTCGGAAG-1,Layer_2,6
GCACACACTGGTAGCC-1,Layer_4,5
GCACACAGCTATTACC-1,Layer_5,3
GCACACGCCCATGGTC-1,Layer_3,5
GCACAGCACGGGCCGA-1,WM,0
GCACGCCTACTTAGAT-1,WM,0
GCACGTGGTTTACTTA-1,Layer_3,1
GCACTAGTCGCGCTAT-1,Layer_1,4
GCACTGCCTACCTTTA-1,Layer_6,2
GCAGAAGGTAATCTCC-1,Layer_2,6
GCAGACCCAGCACGTA-1,Layer_3,1
GCAGATCCATAAGACT-1,Layer_5,2
GCAGATTAGGGATATC-1,Layer_6,2
GCAGCACACAGCCCAG-1,Layer_6,2
GCAGCCTATATCACAT-1,Layer_2,6
GCAGGAACTTAGATCT-1,Layer_6,3
GCAGGACTATAGAATA-1,Layer_5,2
GCAGGTAGAGTATGGT-1,Layer_3,1
GCAGTGTGGCTATAGG-1,Layer_5,2
GCAGTTCGATCCGAGC-1,Layer_2,6
GCATACGAGGTCTTTA-1,Layer_5,2
GCATAGAGCACTCAGG-1,Layer_6,2
GCATCCCTAACTTTGA-1,Layer_2,6
GCATCCTCTCCTATTA-1,Layer_1,4
GCATCGGCCGTGTAGG-1,Layer_3,1
GCATGAGGGACGCGGC-1,Layer_5,2
GCATGCTAATAACGAT-1,Layer_3,5
GCATTCAAGGCAACGC-1,Layer_3,6
GCATTCGAAATGAACA-1,Layer_3,1
GCATTGTAATTCATAT-1,Layer_5,2
GCATTTCCAAGGCTCC-1,Layer_2,6
GCCAACCATTTCCGGA-1,Layer_3,6
GCCAAGAATACTTCTG-1,Layer_5,2
GCCAATAGGGCATCTC-1,Layer_3,6
GCCACAATTTAAGGAC-1,Layer_6,3
GCCACCCATTCCACTT-1,Layer_1,4
GCCACTCAGAGCGCGA-1,Layer_4,5
GCCACTCCTTACGGTA-1,Layer_2,6
GCCAGGAAAGAACACT-1,WM,0
GCCAGGAGTAACCGAT-1,Layer_3,5
GCCAGGCGTTCGCATG-1,Layer_3,6
GCCAGGCTTAGTGGTA-1,Layer_1,4
GCCATATTGCACACAG-1,Layer_3,5
GCCATCGAGCTGCGTG-1,WM,0
GCCATCGATGCTGCAT-1,Layer_3,6
GCCATTAGCCTCAAAC-1,WM,0
GCCCAGTTGGTATGCC-1,Layer_3,1
GCCCGACTTCTTCCCG-1,Layer_6,3
GCCCGAGAGTCTAAAT-1,WM,0
GCCCGATCTGTGGTCG-1,Layer_6,3
GCCCGATGCCCAGTTC-1,WM,0
GCCCGCGCGTAAACGG-1,WM,0
GCCCGCGCGTTTGACA-1,Layer_3,6
GCCCGTAATACCTTCT-1,Layer_5,2
GCCCTAGCCGTCGCGA-1,WM,0
GCCCTGAGGATGGGCT-1,Layer_5,2
GCCGAAATTCCTACGT-1,Layer_5,2
GCCGACCCACGACTGC-1,WM,0
GCCGATTGGCCAAGCT-1,Layer_6,3
GCCGCATTAGTCCGGC-1,Layer_4,2
GCCGCTTGTGAGAAAC-1,Layer_5,2
GCCGGGTTAGGGTCGC-1,Layer_6,3
GCCGGTCGTATCTCTC-1,WM,0
GCCGTCGGTTTCGGGC-1,WM,0
GCCGTGGAAGAAATGT-1,Layer_2,6
GCCTACGTTCTGTGCA-1,Layer_5,2
GCCTAGCGATCTGACC-1,Layer_3,1
GCCTATAGTGTCAGGG-1,Layer_4,5
GCCTATTCCGATATAG-1,Layer_3,1
GCCTCATCTGGAAATA-1,Layer_5,2
GCCTCCGACAATTCAC-1,Layer_3,5
GCCTCTATACATAGCA-1,Layer_6,2
GCCTTCAGCCCTACCG-1,Layer_3,1
GCCTTGTATATGCAGT-1,Layer_1,4
GCCTTTGTCAGTGGAC-1,WM,0
GCGAAACGATCGGGAG-1,Layer_4,5
GCGAAACTTAACTGGA-1,Layer_5,2
GCGAAGAATCTGACGG-1,Layer_5,2
GCGAAGCCATACCCGT-1,Layer_5,2
GCGACATGTAAACATC-1,Layer_3,1
GCGACCCAACCATCTG-1,WM,0
GCGACGATAGTTGTAC-1,WM,0
GCGACGGTAGTCTCCT-1,Layer_5,3
GCGAGAAACGGGAGTT-1,Layer_1,4
GCGAGAGTTGCGTCCA-1,Layer_3,6
GCGAGCGCATGCTCCC-1,Layer_3,6
GCGAGGCCCGAGCAGA-1,Layer_6,2
GCGAGGGACTGCTAGA-1,Layer_1,4
GCGAGTTCTGCAAAGA-1,Layer_6,2
GCGATTCTGGAAGCAG-1,Layer_3,6
GCGATTGTTAACGTTA-1,Layer_6,2
GCGCAAATATATTCAA-1,WM,0
GCGCAAGAGCGCGCTG-1,Layer_4,5
GCGCATCCAGTCAGCA-1,Layer_4,5
GCGCCGTTCCACGATA-1,Layer_6,3
GCGCCTCCCACTCCGA-1,Layer_3,6
GCGCGGTCTAGTAACT-1,Layer_6,3
GCGCGTCATTGGTACA-1,Layer_5,2
GCGCGTTTAAATCGTA-1,Layer_1,4
GCGCTAATTGAATAGA-1,Layer_6,2
GCGCTATGCCGAGGCA-1,Layer_6,3
GCGCTGATCCAGACTC-1,Layer_3,1
GCGCTGCTTTGCATTT-1,Layer_4,5
GCGCTTAAATAATTGG-1,Layer_5,2
GCGGACCGCGTTGTGG-1,WM,0
GCGGAGAAACTTCGCA-1,WM,0
GCGGAGAGGGAGAACG-1,Layer_6,2
GCGGCAAAGTATTGCC-1,WM,0
GCGGCTCTGACGTACC-1,Layer_5,2
GCGGCTTTAGCAAGTT-1,Layer_5,2
GCGGGAACCAGGCCCT-1,Layer_3,1
GCGGGCGAGCCTTACC-1,WM,0
GCGGTCCCTAGACGCA-1,Layer_1,4
GCGGTGAACTGCGCTC-1,Layer_3,1
GCGGTGCGGAGCATCG-1,Layer_1,4
GCGGTTCCCTATCATG-1,WM,0
GCGTAAATGGCCATAA-1,Layer_3,1
GCGTCCCTAAGACATA-1,WM,0
GCGTCGAAATGTCGGT-1,Layer_3,1
GCGTCGCCAGGGTGAT-1,Layer_6,3
GCGTCTCTGCATTGGG-1,Layer_6,2
GCGTGGTACTGGGTTA-1,Layer_5,5
GCGTTATATTTGGAAC-1,Layer_3,5
GCGTTCGGAGACCGGG-1,Layer_2,6
GCTAAACCTGAGGTGA-1,Layer_3,6
GCTAACTGAAGTCTGA-1,Layer_5,2
GCTAAGTAGTTTCTCT-1,Layer_5,2
GCTAATACCGAATGCC-1,Layer_3,1
GCTACAATCGAGGATA-1,Layer_3,1
GCTACAGTACGGACCG-1,Layer_5,2
GCTACGACTTATTGGG-1,Layer_6,3
GCTACTATAGTAGAGT-1,Layer_5,2
GCTAGACCGTCTACTG-1,Layer_3,1
GCTAGAGTAGAGATGT-1,Layer_4,5
GCTAGCAGGGAGTGGG-1,Layer_2,6
GCTAGCGATAGGTCTT-1,WM,0
GCTAGCTTGAATAGCT-1,WM,0
GCTAGGCACCACGGAG-1,Layer_5,2
GCTAGTAGAGCTTGTA-1,Layer_6,2
GCTAGTTTCATTGAGG-1,Layer_2,4
GCTATACGTCTCGGAC-1,Layer_5,2
GCTATCATACTCATGG-1,Layer_5,2
GCTATCGCGGCGCAAC-1,Layer_2,4
GCTCAACCTCTTAGAG-1,Layer_1,4
GCTCAATCCGTTTATT-1,WM,0
GCTCAATGTAATACCG-1,WM,3
GCTCATTACTGCATGT-1,Layer_3,6
GCTCATTGATCATATC-1,WM,0
GCTCCATGCAAAGCAA-1,WM,0
GCTCCCAGTCGGTCCA-1,Layer_3,1
GCTCCGCTCGCTTCAG-1,Layer_3,6
GCTCCTGACATACTGG-1,WM,0
GCTCGCTCATGTCCAA-1,Layer_4,5
GCTCGGAATTTAAAGC-1,Layer_4,5
GCTCTAAACCCTGACG-1,Layer_5,2
GCTCTATGTTACGTGC-1,Layer_4,5
GCTCTCGGGTACCGAA-1,Layer_5,2
GCTCTTTCCGCTAGTG-1,WM,0
GCTGAATCTTCCAATC-1,WM,0
GCTGAGCAACGGTTCT-1,Layer_1,4
GCTGAGGCGTGAGTAT-1,Layer_6,3
GCTGCACGGTTTCTTA-1,Layer_6,2
GCTGCGAAGAATTATT-1,WM,0
GCTGCGCCTCCCACGT-1,Layer_1,4
GCTGCTAAGTAGTCGA-1,WM,0
GCTGCTACTGCGTAGC-1,Layer_6,2
GCTGCTCTCCGGACAC-1,Layer_5,2
GCTGGACCCAAAGTGG-1,Layer_1,4
GCTGGCAGGTGCCGTG-1,Layer_1,4
GCTGGCATATTCACCT-1,Layer_4,2
GCTGGCGGCGCATGCT-1,Layer_6,3
GCTGGGAGCGCGTCAA-1,WM,0
GCTGGGTCCGCTGTTA-1,Layer_1,4
GCTGGTTTAGGCCATA-1,WM,0
GCTGTATTACTGGCCC-1,Layer_6,3
GCTGTCTGTGATCGAC-1,Layer_1,4
GCTGTTGCTACCGAAC-1,Layer_5,2
GCTTAATGTAACTAAC-1,Layer_5,2
GCTTACGTAGTTAGTA-1,Layer_2,6
GCTTATGAAGCAGGAA-1,Layer_5,2
GCTTCCGTCCCTAGAC-1,Layer_5,2
GCTTCGACGTTCAATC-1,WM,0
GCTTGATGATAATCAG-1,Layer_3,1
GCTTGGATCGATTAGG-1,Layer_4,5
GCTTTCAGAGGAGGTG-1,Layer_4,5
GGAAACCTTGTTGAAT-1,Layer_2,6
GGAAACTAAATGGGCC-1,Layer_3,1
GGAAAGGGAATTGAGC-1,Layer_5,3
GGAAAGTCTTGATTGT-1,WM,0
GGAAAGTGCCCATGCC-1,Layer_3,1
GGAACCCGAACAAGAA-1,Layer_1,4
GGAACCGTGTAAATTG-1,WM,0
GGAACCTTGACTCTGC-1,WM,0
GGAACGGCCTGCAGCC-1,Layer_2,4
GGAACTCGTGAATACG-1,WM,3
GGAACTTTGGCGATTA-1,Layer_3,6
GGAAGCTCGCTTACAG-1,Layer_3,1
GGAATGCGCTAGCGTG-1,Layer_5,2
GGACACAAGTTTACAC-1,Layer_3,6
GGACCAACAGGATAAC-1,Layer_6,3
GGACCTACGGTAACGT-1,Layer_1,4
GGACCTCTAGGCCGCC-1,WM,0
GGACGGGCGACCAACC-1,Layer_2,4
GGACTCACAAATTAGG-1,Layer_2,6
GGACTCGACAGCGCAT-1,WM,0
GGACTCGTGAGTGGTC-1,WM,0
GGACTCTTTGACTAAG-1,Layer_4,2
GGAGAAGTCATTGGCA-1,Layer_3,1
GGAGACATTCACGGGC-1,Layer_1,4
GGAGACGACACCTTTG-1,Layer_6,3
GGAGCAACATTTCAAG-1,Layer_3,1
GGAGCACCAAGAACTA-1,Layer_5,2
GGAGCGAGGCCTACTT-1,Layer_5,2
GGAGGAGTGTGTTTAT-1,Layer_1,4
GGAGGATTGAAAGGAG-1,Layer_2,6
GGAGGCCGAAGTCGTC-1,Layer_2,6
GGAGGGCTTGGTTGGC-1,Layer_5,2
GGAGGGTCAAGTAAGA-1,Layer_3,6
GGAGTACACATGAGCT-1,Layer_1,4
GGAGTGCCGCCCTGGA-1,Layer_3,1
GGAGTTGATTCTGTGT-1,Layer_3,4
GGATCATCCCGTACGC-1,Layer_3,6
GGATCCCTACCAGCTA-1,Layer_1,4
GGATCCGGAATATACT-1,Layer_5,2
GGATCTTACTGCCCTT-1,WM,0
GGATCTTGACTCAACC-1,Layer_6,3
GGATGAAGATCGCTGA-1,Layer_5,2
GGATGACGCGAGTTTA-1,Layer_6,2
GGATGCTGGCGTTCCT-1,Layer_5,2
GGATGGCTTGAAGTAT-1,Layer_3,5
GGATGTCCTTACCGCA-1,Layer_5,2
GGATTAAGCTAAGGTC-1,Layer_3,6
GGATTAATCATGGACC-1,Layer_5,2
GGATTCAGTACGGTGG-1,Layer_2,6
GGATTCCGCTATACCC-1,Layer_4,5
GGATTGCTGTGACTCC-1,Layer_5,2
GGATTTCACTTCTATA-1,Layer_5,2
GGCAAAGGCGCCAATA-1,WM,0
GGCAAATTACTTTACT-1,Layer_6,3
GGCAAGCCCATAGTGG-1,Layer_6,3
GGCAAGGCGAAATAGC-1,Layer_6,3
GGCAATAGTCAATGAG-1,Layer_5,2
GGCACTCCACTGGGCA-1,Layer_5,2
GGCACTGCGGTGGTTT-1,Layer_3,1
GGCAGCAAACCTATGC-1,Layer_3,1
GGCAGCGGTAATCCTA-1,Layer_2,6
GGCATACAGGTAGCGG-1,Layer_5,2
GGCATATCGGTTCTGC-1,Layer_3,1
GGCCCAGCTGGTTTGC-1,Layer_5,2
GGCCCTCACCCACTTA-1,Layer_5,2
GGCCGAGACTCTGGTG-1,WM,0
GGCCGGCGTCTGCTAT-1,Layer_5,2
GGCCGTTTGGGTTTCA-1,WM,0
GGCCTGCTCTGATGTT-1,Layer_6,3
GGCCTGCTTCTCCCGA-1,Layer_3,6
GGCGAAATCTAACTTG-1,Layer_5,2
GGCGCAGGACATCTTC-1,Layer_5,2
GGCGCATGAATTGATG-1,Layer_6,3
GGCGCGGAGATCTTTC-1,Layer_5,2
GGCGCGTTCGAGTTTA-1,Layer_6,3
GGCGCTCCTCATCAAT-1,Layer_1,4
GGCGCTTCATTCCCTG-1,Layer_5,2
GGCGGAGTAATATTAG-1,Layer_5,2
GGCGGTAGGATCATTG-1,Layer_5,2
GGCGGTTTGCCGGTGC-1,Layer_1,4
GGCGTAGGGAAAGCTG-1,Layer_5,2
GGCGTCCTATCCGCTG-1,Layer_4,2
GGCTAAAGGGCGGGTC-1,Layer_3,6
GGCTACTATACACTCC-1,WM,0
GGCTATTAAGTTGTAT-1,Layer_5,2
GGCTCCTCCACCTGTT-1,WM,0
GGCTCGCGTTGAGGTA-1,Layer_4,5
GGCTCGTGCCACCAGC-1,Layer_3,6
GGCTCTGCTCCAACGC-1,Layer_5,2
GGCTGAAATAGCAAAG-1,Layer_6,2
GGCTGAGCATCGTAAG-1,Layer_2,4
GGCTGGCAGCTTTATG-1,Layer_1,4
GGCTTGGCTCTCACCT-1,Layer_1,4
GGCTTTCAATAAGGGT-1,Layer_6,3
GGGAACGGGAGGTTAG-1,Layer_6,2
GGGAACGGTTTCAGAT-1,WM,0
GGGAAGACGGTCTGTC-1,Layer_5,2
GGGAAGGGCTTTCTCA-1,Layer_5,2
GGGAATGAGCCCTCAC-1,Layer_2,6
GGGAATTCTGTCCAGT-1,Layer_1,4
GGGACAGAGTTACTCC-1,WM,0
GGGACCCGTATATCTT-1,WM,0
GGGACTGCATAGATAG-1,Layer_5,2
GGGAGAACTCACAGTA-1,Layer_6,2
GGGAGCGACCGTAGTG-1,Layer_4,2
GGGAGGATGCCCGAAA-1,Layer_6,2
GGGAGTTAATGAGGCG-1,Layer_6,2
GGGATACGGTAATAAT-1,Layer_1,4
GGGATGGTCGTAACCG-1,WM,3
GGGATTATCTCACAAC-1,Layer_1,4
GGGATTTACCGCACCT-1,Layer_5,2
GGGCAACCGCACGTGC-1,WM,0
GGGCACGAATTGGCCG-1,Layer_1,4
GGGCACGTAGTACTGT-1,WM,0
GGGCAGAGCAATCGTT-1,WM,3
GGGCAGTCAACGCCAA-1,Layer_5,2
GGGCCCGTCTTAAACA-1,Layer_6,3
GGGCCCTACGAAAGGG-1,Layer_5,2
GGGCCGGCCGAAGTAC-1,Layer_5,2
GGGCGAATTTCTCCAC-1,Layer_1,4
GGGCGATATGTGTGAA-1,Layer_5,2
GGGCGGCAAATGAATT-1,WM,0
GGGCGGGTTCCCTACG-1,Layer_6,3
GGGCGTACATTTATAT-1,Layer_5,2
GGGCGTCACCACGTAA-1,WM,0
GGGCGTCCACTGGCTC-1,Layer_3,1
GGGCGTGGTTTCCCAG-1,Layer_5,2
GGGCGTTTACATTCAT-1,WM,0
GGGCTATGATCGATGG-1,WM,0
GGGCTCATCGAACCCA-1,Layer_4,5
GGGCTGCCTAGGGCGA-1,Layer_6,2
GGGCTGGTTAGTCGCG-1,Layer_5,2
GGGTACACTCTGGAGG-1,Layer_1,4
GGGTACTTCATGAACT-1,Layer_5,2
GGGTATGTATGCACTT-1,Layer_3,5
GGGTATTCTAGCAAAC-1,WM,0
GGGTCACCGTGACGGT-1,Layer_5,2
GGGTCAGGAGCTAGAT-1,WM,0
GGGTCCTTGGAAGAAG-1,WM,0
GGGTCGTGGCAAGTGT-1,Layer_3,6
GGGTCTATCGCTTTCC-1,Layer_3,6
GGGTGACACCTTAACT-1,WM,3
GGGTGCATATGAAAGC-1,Layer_2,6
GGGTGGTCCAGCCTGT-1,Layer_2,6
GGGTGTTTCAGCTATG-1,Layer_3,1
GGGTTAACATTTGAGT-1,WM,0
GGGTTCAGACGAACAA-1,Layer_1,4
GGGTTTAGGATAGGAT-1,Layer_3,1
GGGTTTCCGGCTTCCA-1,Layer_1,4
GGTAAACTCTGCGCTG-1,Layer_3,6
GGTAAATGTGCGTTAC-1,Layer_3,1
GGTAACCGGCAAAGGT-1,Layer_1,4
GGTAACCGGGAGGATA-1,WM,0
GGTAACTATGTATCTG-1,Layer_1,4
GGTACAAACATGCTAT-1,Layer_6,3
GGTACATCTGGGACGA-1,Layer_5,2
GGTACCATTAAGACGG-1,Layer_3,6
GGTACGTTGCGGCCGG-1,Layer_3,6
GGTAGAAGACCGCCTG-1,Layer_6,2
GGTAGACCGTTGGGCG-1,WM,0
GGTAGTGCTCGCACCA-1,Layer_6,2
GGTATAGTGACACATA-1,Layer_2,6
GGTATCAAGCATAGAA-1,Layer_1,4
GGTATTGCCGAGTTTA-1,Layer_5,2
GGTCAAGACTACTTCG-1,Layer_3,1
GGTCAGTGGGTCCCAC-1,Layer_6,3
GGTCCACGTCTATTTG-1,WM,0
GGTCCTTCATACGACT-1,Layer_1,4
GGTCGGATAAACGGCG-1,Layer_3,1
GGTCGGCCAGGAGCTT-1,Layer_5,2
GGTCGGTCGTCCACAG-1,WM,0
GGTCGTAAGCTCGCAC-1,Layer_6,3
GGTCTCCGTCCAGGTT-1,Layer_3,1
GGTCTCTGAATGGACT-1,WM,0
GGTCTGAGAATCTGGA-1,Layer_5,2
GGTCTTGAGCGCTCTT-1,Layer_6,2
GGTGAAGTACAGGGAT-1,Layer_6,3
GGTGAGATGCAGATAA-1,Layer_1,4
GGTGATAAGGAGCAGT-1,Layer_6,2
GGTGCAGAGCCTATCG-1,Layer_1,4
GGTGCATAAATGATTA-1,WM,0
GGTGCGGATAAGTGGC-1,Layer_2,6
GGTGCTGATCACAAAG-1,Layer_3,1
GGTGCTGGTACACATT-1,Layer_6,3
GGTGGACTGCTCTGGC-1,Layer_5,2
GGTGTAAATCGATTGT-1,Layer_6,2
GGTGTAGGTAAGTAAA-1,WM,0
GGTGTTCTGTTTCTAC-1,Layer_2,6
GGTTACCACCCTCGGG-1,Layer_6,3
GGTTACCGCTCCCTAC-1,WM,0
GGTTAGCTATATGTCT-1,Layer_5,2
GGTTAGGCTTGGAGAA-1,Layer_4,5
GGTTAGTTACGGCGCC-1,Layer_3,1
GGTTCCACCCGCTTCT-1,Layer_1,4
GGTTCTACTCGTCTGA-1,Layer_3,1
GGTTGTGTAGCCTGGC-1,Layer_3,5
GGTTTAATTACCATCG-1,WM,0
GGTTTACAATCTCAAT-1,Layer_5,2
GGTTTAGCCTTTCTTG-1,Layer_3,1
GGTTTCAATCGGTCAG-1,Layer_5,2
GGTTTGAGTGCTGGAA-1,Layer_1,4
GGTTTGTGACCTGAGG-1,Layer_3,1
GTAACATCTAAGATAA-1,Layer_3,6
GTAACTACGTAGACCT-1,WM,0
GTAACTGCCCAAGGAG-1,WM,0
GTAAGCGGGCAGTCAG-1,Layer_5,2
GTAAGGATTTGTCGGA-1,Layer_3,6
GTAAGTAACAGTCTGG-1,Layer_5,2
GTAAGTAGGGTATACC-1,Layer_3,5
GTAAGTCCACACTCTA-1,Layer_2,6
GTAATAAAGGGCTCCC-1,Layer_3,1
GTAATCTGATTCTTCG-1,WM,0
GTACACTTACCTGAAG-1,Layer_6,2
GTACAGAGGCAAGGGT-1,Layer_5,2
GTACGAGATTGCGACA-1,Layer_4,5
GTACGCTTCATTGCAC-1,Layer_6,2
GTACGTTTGCCCGTCA-1,Layer_6,3
GTACTAAGATTTGGAG-1,Layer_5,2
GTACTCCCTTATCGCT-1,Layer_5,2
GTACTCCTGGGTATGC-1,Layer_3,6
GTACTGAGGTCGTAAC-1,Layer_1,4
GTACTGGAGTTAGACC-1,Layer_5,2
GTACTTGGGCACTTCT-1,Layer_2,4
GTAGAAACGGGTGGAG-1,Layer_2,4
GTAGACAACCGATGAA-1,Layer_1,4
GTAGACACGCCTGACT-1,Layer_6,2
GTAGACGTCGTTACAT-1,Layer_1,4
GTAGAGGGAGACAAGT-1,WM,0
GTAGCCAAACATGGGA-1,Layer_6,2
GTAGCGGCTATACACT-1,Layer_6,2
GTAGCTCCGGGAGGCT-1,WM,0
GTAGCTTCCTCTTGTT-1,Layer_5,2
GTAGGTGATCCGTGTA-1,Layer_3,5
GTAGTCGCGGGAATCA-1,Layer_5,2
GTAGTCTACGATATTG-1,Layer_5,2
GTAGTGAGCAACCTCA-1,Layer_3,4
GTAGTTCGAAGGCGAA-1,WM,0
GTAGTTTAAGCACACG-1,WM,0
GTATAATCTCCCGGAT-1,Layer_1,4
GTATAGGACTCAGTAG-1,Layer_4,5
GTATAGTGGCCCATGT-1,Layer_1,4
GTATCAAACGTTAGCT-1,Layer_4,5
GTATCAAGGTACTTCC-1,Layer_5,2
GTATCAGCTTGGGTTC-1,Layer_3,6
GTATCCTTTGGTAACC-1,Layer_4,2
GTATCGGGACGAGCTG-1,Layer_1,4
GTATCTCAGTCTTGAC-1,WM,0
GTATCTCGGGCGCTTT-1,WM,0
GTATCTTTCATAACCA-1,Layer_6,3
GTATGAAATTTCACTC-1,Layer_6,3
GTATGTGGGTCTAGTT-1,Layer_5,2
GTATTAAGGCGTCTAA-1,Layer_2,4
GTATTCTGAGAAACGA-1,WM,3
GTATTTAATGGCATAA-1,Layer_2,6
GTCAAAGAAGTGGTGT-1,WM,0
GTCAACCAGGCCTATA-1,Layer_3,1
GTCAAGCGGACTCGGG-1,Layer_6,2
GTCACAAAGTTTCCAA-1,Layer_1,4
GTCACTCTCCAAATCT-1,Layer_3,1
GTCAGAATAGTCTATG-1,Layer_4,5
GTCAGTTGTGCTCGTT-1,Layer_3,6
GTCAGTTTGGTAGTCG-1,Layer_3,1
GTCATCTCCTACAGCT-1,Layer_1,4
GTCATGCACCTCCGTT-1,Layer_5,2
GTCATGCGCGAGGGCT-1,Layer_3,5
GTCATGGACATGACTA-1,Layer_5,2
GTCATTAGAGCGAACG-1,Layer_6,2
GTCATTGCATTGACCC-1,Layer_3,5
GTCCAATATTTAGCCT-1,WM,0
GTCCACGTCGCATTCG-1,Layer_2,6
GTCCAGGCACGTGTGC-1,WM,0
GTCCATTACTGCTACG-1,Layer_3,1
GTCCCAACGTAAAGTA-1,Layer_6,2
GTCCCGCGACGTTATG-1,Layer_5,2
GTCCGGACCTGAAATT-1,Layer_5,2
GTCCGGCTGAATTGCG-1,Layer_5,2
GTCCGGGTTCACATTA-1,Layer_5,2
GTCCTACAGGCGGCTC-1,Layer_1,4
GTCCTACGAATAGTCT-1,Layer_5,2
GTCCTTCTACAACCCA-1,Layer_1,4
GTCCTTCTAGTGGGTT-1,Layer_3,6
GTCGAATTTGGGCGCT-1,WM,0
GTCGATAGGTGACTTT-1,Layer_2,4
GTCGCCGTTGTGTGTT-1,WM,0
GTCGCGTAACCCGTTG-1,Layer_6,2
GTCGGATATCTCAGAC-1,Layer_5,2
GTCGGATGTAGCGCGC-1,Layer_3,5
GTCGGGAAGCAGAAAC-1,Layer_6,3
GTCGTACCATCTCGGG-1,Layer_6,3
GTCGTATTGGCGTACA-1,Layer_3,1
GTCGTCAATTATAAGG-1,Layer_1,4
GTCGTGTCTGGTCATC-1,Layer_2,6
GTCGTTATTCGCTTAT-1,Layer_6,2
GTCTACTCAATTACAA-1,Layer_4,2
GTCTAGTGAGCCGCTT-1,Layer_3,5
GTCTATCTGAGTTTCT-1,Layer_6,2
GTCTATTGCATGCTCG-1,Layer_3,1
GTCTATTGGTTCCGGT-1,Layer_5,2
GTCTCAAGGCCCGGCT-1,Layer_6,3
GTCTCCGCCTCAATAC-1,Layer_6,3
GTCTCCTGCCAGTATG-1,WM,0
GTCTCGACTAAGTTTG-1,Layer_2,6
GTCTCGATCTGCTTTC-1,Layer_4,5
GTCTGGGCGGTCGAGA-1,WM,3
GTCTGTAGGTTGAACA-1,WM,0
GTCTTAGTACAGCCGG-1,Layer_3,1
GTCTTGAGGAGCAGTG-1,Layer_2,6
GTCTTGTAGCTATTCA-1,Layer_3,6
GTGAAACGGCGCCACC-1,Layer_4,5
GTGAACTCCCATTCGA-1,Layer_3,1
GTGAAGATTTCAAGTG-1,Layer_3,6
GTGAAGCCGTATAGTC-1,Layer_2,6
GTGACAGCTTCCCACT-1,Layer_5,2
GTGACCGCACACTACG-1,Layer_5,2
GTGACGCAGGTTTCAT-1,Layer_5,2
GTGACTTCAGTAGTGC-1,WM,0
GTGAGATAACCTTATA-1,WM,0
GTGAGCGTGCTGCACT-1,Layer_4,2
GTGAGGACACTTAAGG-1,Layer_6,2
GTGAGGAGCGGTTGAG-1,Layer_3,1
GTGAGTCTAAGACGGA-1,Layer_1,4
GTGAGTGGTACAACGC-1,WM,0
GTGATCAAGCGTGCAC-1,WM,0
GTGATCACTAACGCCT-1,Layer_4,5
GTGATCATAGATCTGC-1,Layer_6,3
GTGATCCTTGTCATGA-1,Layer_5,2
GTGATGCACAACATCT-1,Layer_3,6
GTGATTCGCCGCTCAA-1,WM,3
GTGCAACAAATGTGGC-1,Layer_3,1
GTGCACCAGCTTCAAC-1,WM,0
GTGCACGAAAGTGACT-1,Layer_3,5
GTGCCATCACACGGTG-1,Layer_6,2
GTGCCCGTTCGGATTC-1,Layer_5,2
GTGCCGCTTCAAAGGT-1,Layer_6,3
GTGCCTAGCTATGCTT-1,Layer_1,4
GTGCCTCAGTGTACGG-1,Layer_3,6
GTGCCTGAGACCAAAC-1,Layer_3,2
GTGCGAAATCGAACAC-1,Layer_6,3
GTGCGACAGGGAGTGT-1,Layer_4,5
GTGCGGGTCTCCAAAT-1,Layer_4,5
GTGCGTGTATATGAGC-1,Layer_5,2
GTGCTCAAGTACTGTC-1,Layer_5,2
GTGCTTACATCAGCGC-1,Layer_2,6
GTGGAACCTACATGCG-1,Layer_3,1
GTGGACCAACCCGATT-1,Layer_6,3
GTGGACGCATTTGTCC-1,Layer_6,3
GTGGACGTGCTGAGAC-1,Layer_2,6
GTGGAGCGTTTACCGA-1,WM,0
GTGGAGTCGGCGGTTG-1,WM,0
GTGGCAAACAGCGGCA-1,Layer_6,3
GTGGCCGGTTTCTCGG-1,WM,0
GTGGCGGTCCCAGCGT-1,Layer_5,2
GTGGCTGTTTCTGTTC-1,Layer_3,5
GTGGGAACAAACCGGG-1,WM,0
GTGGGAAGACTGAATC-1,Layer_5,2
GTGGGCTTAGACACAC-1,Layer_5,2
GTGGTATAGTCTGCCG-1,WM,0
GTGGTCAGCGAAGTAT-1,Layer_3,6
GTGGTGGCCAAGTGAA-1,Layer_6,2
GTGGTTACTTCTTTCG-1,Layer_3,1
GTGGTTTCCGCCTTTC-1,Layer_6,2
GTGTACCTTGGCTACG-1,Layer_5,2
GTGTATATCAGCGGGC-1,Layer_5,2
GTGTCAGTGTACGTGG-1,WM,0
GTGTCCGATAAGGCAT-1,Layer_1,4
GTGTCGTATAGCGTTC-1,Layer_6,2
GTGTGAATAACTTAGG-1,Layer_5,2
GTGTGTCGACGTCGCT-1,Layer_1,4
GTGTTACTATGCGTCC-1,Layer_6,2
GTTAAAGTAGGACTGG-1,Layer_5,2
GTTAACATCACTTAAA-1,Layer_6,2
GTTAACTATGTTGTCA-1,Layer_3,6
GTTAAGGGTGCGATGT-1,Layer_6,2
GTTACAATTGGTGACG-1,Layer_5,2
GTTACCTACAACTTGC-1,Layer_6,3
GTTACTTTGGGCCTAG-1,Layer_6,3
GTTAGAGTGTGCCGCT-1,Layer_2,6
GTTAGCCCATGACATC-1,Layer_5,2
GTTAGCCGTAAATCAA-1,Layer_2,6
GTTAGGCTACCCGTTT-1,Layer_6,0
GTTATAATACGGTGAA-1,Layer_3,1
GTTATATTATCTCCCT-1,WM,0
GTTATTAAATACGACC-1,Layer_1,6
GTTATTAACGTGGGAG-1,Layer_2,4
GTTCAAATCAGATGTC-1,Layer_1,4
GTTCAATCTATGTCAA-1,Layer_2,6
GTTCACAGGAGTCTAG-1,Layer_5,2
GTTCAGTCGCCAAATG-1,Layer_6,3
GTTCATCGTTTGGCTG-1,Layer_3,1
GTTCCAGTCTGACCAT-1,Layer_3,1
GTTCCCGTAAACATAT-1,Layer_2,6
GTTCCGTCCGCCTGCA-1,WM,0
GTTCGACAATTGTATA-1,WM,0
GTTCGCCATAAGTGCC-1,Layer_6,2
GTTCGCTGAGACGTCT-1,Layer_3,6
GTTCGGAGCACTCAAC-1,Layer_3,6
GTTCGGATCGGGAACA-1,Layer_3,6
GTTCGGGCGTACCATT-1,Layer_3,6
GTTCGGTGTGGATTTA-1,Layer_1,4
GTTCGTCTAAAGAACT-1,Layer_5,2
GTTCTTCCCTCGATGT-1,Layer_3,6
GTTGAACCGGTTCCAT-1,Layer_6,2
GTTGAGTCCCGCCGGT-1,Layer_5,2
GTTGCACGGAGTTTCG-1,Layer_4,5
GTTGCCCTAACGGGTG-1,WM,0
GTTGCGCTAACATTAC-1,Layer_2,6
GTTGCGGACGGTCAGG-1,Layer_2,6
GTTGGATTCAGTGGCT-1,Layer_3,6
GTTGGATTGAGAACAC-1,Layer_5,2
GTTGGATTTGCGTTGG-1,Layer_6,2
GTTGGTCATGCTATCC-1,Layer_6,3
GTTGTAGATTTATGAG-1,Layer_6,3
GTTGTCGTGTTAGTTG-1,Layer_2,4
GTTTACGTTCCATCTG-1,Layer_6,3
GTTTATGGGATTTAGA-1,Layer_1,4
GTTTCAAACGAGTTGT-1,Layer_3,6
GTTTCATATCGTCGCT-1,Layer_5,2
GTTTCCTGGAGGGTGA-1,Layer_4,5
GTTTCTAGAGGCGCGG-1,Layer_3,5
GTTTCTGCAGTCTCCC-1,Layer_6,2
GTTTGACCAAATCCTA-1,Layer_5,2
GTTTGGCCCAAGTTAT-1,Layer_5,2
GTTTGGGCTTGTGAGC-1,Layer_6,3
GTTTGGGTTTCGCCCG-1,Layer_4,2
GTTTGGTAGGGTCAAC-1,WM,0
GTTTGGTGATCGGTGC-1,WM,0
TAAACCCAGGAGGGCA-1,WM,0
TAAACGTCGTCAATGA-1,Layer_1,4
TAAAGACAACCCTTTA-1,Layer_2,6
TAAAGAGCCCGAAACC-1,Layer_1,4
TAAAGCGGTATTTCCA-1,WM,0
TAAAGCGTTAGGAGAA-1,Layer_5,2
TAAAGCTGCAATAGGG-1,Layer_3,6
TAAAGTGCACGTCTCG-1,WM,0
TAAATGAATCCGTTTC-1,Layer_3,1
TAAATGCCGTCTCATG-1,Layer_1,4
TAAATTTAGTAACACC-1,WM,0
TAACAAAGGGAGAAGC-1,Layer_3,6
TAACAATATTTGTTGC-1,Layer_3,1
TAACAGCGTTTGTGCT-1,WM,0
TAACATACAATGTGGG-1,Layer_6,2
TAACATACACGCGATC-1,WM,0
TAACCGCCCGCAGTGC-1,Layer_1,4
TAACCTACCGTCCGAG-1,Layer_3,1
TAACCTAGGGAGTCCA-1,Layer_3,1
TAACGCTTTGAGAGCG-1,Layer_3,1
TAACTATCGAAGGTCC-1,Layer_3,1
TAACTATTACGCCAAA-1,Layer_3,6
TAACTCATCCGCGCGG-1,Layer_6,3
TAACTCCATGGAGGCT-1,Layer_2,4
TAAGAGGGACAGGGAC-1,WM,0
TAAGCAGGCGACACGC-1,Layer_4,2
TAAGCGCGAATCAAAT-1,WM,0
TAAGGAACTTGTGGGA-1,Layer_2,4
TAAGGCAACATAAGAT-1,Layer_5,2
TAAGGCATAACATCAA-1,WM,0
TAAGGCCCGTCACCCT-1,Layer_6,2
TAAGGCTGAATCCCTC-1,Layer_4,5
TAAGGGCCTGTCCGAT-1,Layer_4,5
TAAGGGCTGGGAGAGG-1,Layer_4,5
TAAGTAAATGTGCCGC-1,Layer_1,4
TAAGTAACATCTTGAC-1,Layer_6,3
TAAGTCGCCGAGTATC-1,WM,0
TAAGTGAATAGTCTAC-1,WM,0
TAAGTTGCGACGTAGG-1,Layer_4,5
TAATAAACAAGGAGAT-1,Layer_3,1
TAATACACAGTAGTAT-1,Layer_4,5
TAATACTAGAACAGAC-1,Layer_5,2
TAATAGAACAGAGTTA-1,WM,0
TAATAGGTCACCAGAA-1,WM,0
TAATAGTGACGACCAG-1,Layer_5,2
TAATATTGAAATTCGC-1,Layer_3,1
TAATCGATCCGTACGT-1,Layer_4,5
TAATGAAAGACCCTTG-1,Layer_3,4
TAATTACGTCAGTAGA-1,Layer_3,1
TAATTAGGACATCCGT-1,Layer_3,1
TAATTGGAATCGGGAA-1,Layer_2,6
TACAACGCACAACTCA-1,Layer_6,3
TACAAGGGCTTCTTTA-1,Layer_3,5
TACAAGTCTCGTGCAT-1,Layer_4,5
TACACAGCCGTGGTGC-1,Layer_5,2
TACAGAAACGGTGGGC-1,Layer_5,2
TACATAGGCATACACC-1,Layer_6,3
TACATCCCTATCCCTG-1,Layer_5,2
TACATCTTGTTTCTTG-1,Layer_1,4
TACATGACCTTATCCG-1,Layer_1,4
TACATGCCGGAATTGT-1,Layer_2,4
TACATTTCTAACGTGC-1,Layer_6,3
TACCAAATAGCCCAGA-1,Layer_6,3
TACCAATAAAGTACCA-1,Layer_5,2
TACCAGAAGTAGGTTC-1,WM,0
TACCAGCTAGGTTTAA-1,Layer_3,6
TACCAGGAATCCCGTC-1,WM,0
TACCGAATAATTGTAA-1,Layer_3,5
TACCGCGGACTTGCAG-1,Layer_4,5
TACCGGCTCACTGCCC-1,Layer_6,3
TACCGGTCGTTTCCAT-1,Layer_6,3
TACCGTAGGTTAACTA-1,WM,0
TACCGTGCCTCGGACC-1,Layer_6,3
TACCTACTCCCAGTAT-1,Layer_6,3
TACCTCACGCTTGTAC-1,Layer_3,1
TACCTCAGTTGTCTGT-1,WM,0
TACCTCCACACCAATG-1,WM,0
TACCTGCTGCACTGTG-1,Layer_3,1
TACCTTAAGATTTCCC-1,Layer_6,3
TACGAACACGACTTCA-1,Layer_5,2
TACGACGCTTGCTGCG-1,WM,3
TACGACTGCCTCTTAG-1,Layer_6,3
TACGAGAACTTCACGT-1,Layer_5,2
TACGATGTTGATCATC-1,Layer_5,2
TACGCAGTTCTTTCCT-1,Layer_6,3
TACGCCATATTCTAAT-1,Layer_6,3
TACGCCGAGGGTACCC-1,WM,0
TACGCCTCCATTCCGA-1,WM,0
TACGCTATAGAAACCT-1,Layer_3,1
TACGCTCCTAGAACTG-1,WM,0
TACGCTCGGTATTGGA-1,Layer_3,6
TACGCTGATAGTTGTA-1,WM,0
TACGCTGCTGTGTTAA-1,WM,0
TACGGAAGCCAAACCA-1,Layer_5,2
TACGGCATGGACGCTA-1,Layer_3,6
TACGGGATGCTAGCAG-1,Layer_4,5
TACGTAAAGCGGAGTG-1,Layer_3,1
TACGTACTAGTGCTGA-1,WM,0
TACGTGCACTATGCTG-1,Layer_3,6
TACGTGGGCCCAGGGC-1,Layer_5,2
TACGTTTACCGGCAAT-1,Layer_5,2
TACTATGGTTCCTCAG-1,WM,0
TACTCACAACGTAGTA-1,Layer_1,4
TACTCCTCTAGTTGAC-1,WM,0
TACTCGGCACGCCGGG-1,Layer_4,2
TACTCTCCGAACAAAT-1,Layer_4,5
TACTCTTACTTTACTG-1,Layer_3,6
TACTCTTTCGTCTTCA-1,WM,0
TACTGAACAGATTTAG-1,WM,0
TACTGCAATCAATTAC-1,Layer_3,6
TACTGGACAGCTCGGC-1,Layer_5,2
TACTGTTTCTCTGGTA-1,Layer_2,6
TACTTAAACATGTACA-1,Layer_3,6
TACTTGTTAGTAGTCC-1,Layer_5,2
TACTTTACTGAGCCGG-1,Layer_4,5
TACTTTCCGCACGCCA-1,Layer_6,3
TAGAAACACAATAGTG-1,Layer_1,4
TAGAAACCACTAAGTA-1,Layer_2,6
TAGAAAGGTGGCGCTA-1,Layer_5,2
TAGAACGCCAGTAACG-1,Layer_1,4
TAGAATAGCCGATGAA-1,Layer_3,1
TAGAATTAAGGGCAAC-1,Layer_3,6
TAGACGAAACGCCAAT-1,Layer_5,2
TAGACGCCCGTACCGG-1,Layer_5,2
TAGACTACCTAGCGTT-1,Layer_3,1
TAGACTCAGTTGGCCT-1,WM,0
TAGAGATCATGCAACT-1,Layer_6,2
TAGAGCTACGAAGAAC-1,Layer_2,4
TAGAGGGAGTTTATCT-1,Layer_6,3
TAGAGGTTCTACTTGT-1,Layer_4,5
TAGAGTCTAAGCGAAC-1,Layer_5,2
TAGATATGGACTGGAA-1,WM,0
TAGATCCGAAGTCGCA-1,Layer_3,6
TAGATGGTTCCTTACT-1,Layer_4,5
TAGATTCAAAGTGCGG-1,WM,0
TAGATTCCTGGTTATT-1,Layer_4,5
TAGCAACCTGTCACAA-1,Layer_3,6
TAGCAGTATGACTAAA-1,Layer_3,5
TAGCCAGAGGGTCCGG-1,Layer_1,4
TAGCCATTTCAAAGTC-1,Layer_5,2
TAGCCGGCGGTCAGCG-1,Layer_5,2
TAGCGTCCCTCGATTG-1,Layer_3,1
TAGCGTCCGGTGTGGT-1,Layer_6,2
TAGCGTTGGGTCTTAC-1,Layer_6,2
TAGCTAAGTCCGGGAG-1,Layer_5,2
TAGCTAGAAGGCATGA-1,WM,0
TAGCTAGTGATGATGG-1,WM,0
TAGCTCGCCTGATAAC-1,WM,0
TAGGAACAGCCTCCAG-1,Layer_2,6
TAGGCATGTTACGCCA-1,Layer_4,5
TAGGCCTATATAGTCT-1,Layer_3,6
TAGGCGATGAGGTCTC-1,Layer_6,0
TAGGCGGCTGCAAAGA-1,WM,0
TAGGCTAAAGTGGCAC-1,Layer_3,5
TAGGGAGCTTGGGATG-1,Layer_4,5
TAGGGTGTTTCAAGAG-1,Layer_4,5
TAGGTCCAAGTAAGGA-1,Layer_3,1
TAGGTCGCCGGAACTG-1,Layer_3,1
TAGGTGACGATAACCT-1,Layer_5,2
TAGGTGAGCCCTACTC-1,Layer_4,5
TAGGTGCTCGCCTAGC-1,Layer_5,2
TAGGTGTTCCACAGAT-1,WM,3
TAGGTTCGAGTTCGTC-1,Layer_6,2
TAGGTTCTGCTGAGAA-1,Layer_6,3
TAGTACCACAACTTTC-1,WM,0
TAGTACCTTAGTGGTC-1,Layer_2,4
TAGTAGCTTATACCAG-1,WM,0
TAGTCCCGGAGACCAC-1,WM,0
TAGTCCGCAGAGAATG-1,Layer_6,3
TAGTCCGTATGCATAA-1,Layer_1,4
TAGTCCTGCACTAAGC-1,WM,0
TAGTCGATCACGGGTT-1,Layer_4,5
TAGTCGGGATTCTTCG-1,Layer_1,4
TAGTCTAACAACGAGA-1,Layer_6,2
TAGTCTGCGGCACATT-1,WM,0
TAGTCTGTGACGTTGC-1,Layer_3,6
TAGTCTTTCCGAATTG-1,Layer_2,6
TAGTGCCCTCCAGAGT-1,Layer_5,2
TAGTGCTTGAATCCTT-1,Layer_1,4
TAGTGTCAGAAACGGC-1,Layer_2,4
TAGTTAAGATAGGATA-1,Layer_3,1
TAGTTTATTCTTGCTT-1,Layer_2,6
TATAAATCCACAAGCT-1,Layer_3,1
TATAAGTGAGGATAGC-1,Layer_3,1
TATACACAGACGCCTT-1,WM,3
TATACACGCAAAGTAT-1,Layer_2,6
TATACCGAGTGCCACA-1,Layer_2,6
TATACGCGTCATCACT-1,Layer_6,3
TATACTCATGCGGCAA-1,Layer_1,4
TATAGAGTCGCTTGAA-1,WM,0
TATAGATGGTCGCAGT-1,Layer_3,5
TATAGGGTACTCATGA-1,Layer_5,2
TATAGTTAGGTGTACT-1,WM,0
TATATAGGGCTTTACG-1,WM,0
TATATATCGAGAAATG-1,WM,0
TATATCAAAGTGATCT-1,WM,0
TATATCCCTGGGAGGA-1,Layer_4,5
TATATGCTGGGTTGCC-1,Layer_1,4
TATATTACAAATGTCG-1,Layer_2,6
TATATTCGCGTCGATA-1,Layer_1,4
TATCAAAGGTCTGTAA-1,Layer_1,4
TATCACCATGTAAAGT-1,Layer_2,6
TATCACCCAACCGACC-1,Layer_3,1
TATCACTTCGAGTAAC-1,Layer_3,6
TATCCAATTGGTTATC-1,Layer_5,2
TATCCATATCATGCGA-1,Layer_3,1
TATCCATCTCGGTTAG-1,WM,0
TATCCGCACCGTCGGG-1,WM,0
TATCCTATCAACTGGT-1,Layer_6,3
TATCCTGCATGGGAAT-1,Layer_3,1
TATCGATCTATGCATA-1,Layer_4,5
TATCGATGATTAAACG-1,Layer_4,5
TATCTACAGAGGTAAT-1,Layer_3,5
TATCTACCACAGCGGG-1,Layer_6,3
TATCTAGCCTAAAGGA-1,Layer_3,5
TATCTTGCAATACAAC-1,WM,0
TATGAAGAATTAAGGT-1,Layer_3,5
TATGAAGACAGGTGCG-1,Layer_3,1
TATGATAAATCTAACG-1,Layer_2,6
TATGATCCGGCACGCC-1,Layer_2,6
TATGATCTTCTCTTTA-1,Layer_5,2
TATGCTCCCTACTTAC-1,Layer_5,2
TATGGATGTGCTACGC-1,Layer_5,2
TATGGCCCGGCCTCGC-1,Layer_4,5
TATGGGACCGAGCAGG-1,Layer_6,2
TATGGGTACGTATCGT-1,Layer_5,2
TATGGTCTGAGTAACA-1,Layer_6,2
TATGGTTAGTGGGAGA-1,Layer_3,1
TATGTAAAGTGCTTAA-1,WM,0
TATGTCAAGACCGACT-1,Layer_3,1
TATGTCTCATTGTGCC-1,Layer_5,2
TATTAACACCAAAGCA-1,Layer_6,3
TATTAACCTGACCGCG-1,WM,0
TATTACCATCCTGCTT-1,Layer_4,5
TATTATGTTTGCCTGC-1,WM,0
TATTCAATTCTAATCC-1,Layer_6,2
TATTCCACTCAGCTCG-1,WM,0
TATTCCGAGCTGTTAT-1,Layer_5,2
TATTCCTCCGCCCACT-1,Layer_6,3
TATTCGTGCCAGAATA-1,Layer_6,2
TATTGCCGGGCTTGTA-1,Layer_3,6
TATTTAGTCTAGATCG-1,Layer_3,1
TATTTATACCGAGTAG-1,Layer_3,1
TATTTGATTTGCACAG-1,Layer_2,6
TATTTGTTACCCTTTA-1,Layer_4,5
TCAAACAACCGCGTCG-1,Layer_5,2
TCAAACTTAGATTGTT-1,Layer_5,2
TCAAAGTCACGGCGTC-1,WM,0
TCAAATTGTTGTGCCG-1,Layer_5,2
TCAAATTTGAGACTCA-1,Layer_6,2
TCAACAAAGATAATTC-1,WM,0
TCAACATAGCGCCCTA-1,WM,0
TCAACATCGACCGAGA-1,Layer_5,2
TCAACCATGTTCGGGC-1,Layer_5,2
TCAACGAGGAGACAAA-1,Layer_6,3
TCAACGCAGGAAATAA-1,Layer_6,3
TCAACGCGACCGGCAG-1,Layer_5,2
TCAACTAACGTATAAC-1,Layer_3,5
TCAACTGCAGAGTCAG-1,Layer_3,6
TCAAGAAATACTAGCT-1,Layer_3,6
TCAAGCGCGGACGGTA-1,Layer_3,6
TCAAGGTTACTACACC-1,Layer_3,1
TCAATACGCCGTCATG-1,Layer_6,3
TCACAAACCGAGGTAC-1,Layer_4,5
TCACAGATCCTCAAAC-1,Layer_1,4
TCACAGCAAACTCGAA-1,WM,0
TCACAGGAGAATAAGA-1,WM,0
TCACAGGGAATCGCAA-1,Layer_6,2
TCACAGGTTATTGGGC-1,Layer_5,2
TCACATCTTATCTGAT-1,Layer_3,1
TCACCCTCTTAAGATT-1,Layer_6,3
TCACCGCTCGGCACTC-1,Layer_4,5
TCACGATGTCCGTGGA-1,WM,0
TCACGCATTGTAGATC-1,Layer_5,2
TCACGGCCCAAGAGAG-1,WM,0
TCACGGTCATCGCACA-1,Layer_3,5
TCACGTGCCCGATTCA-1,Layer_6,2
TCACTACGACCAATGC-1,Layer_3,6
TCACTCGTGCAACGGC-1,Layer_3,1
TCACTCTTCGTCTGTC-1,Layer_1,4
TCAGAACCTCCACAGG-1,Layer_3,6
TCAGACGCTATAGAAG-1,Layer_6,2
TCAGCAAATGCATCTC-1,Layer_5,2
TCAGCAGTAGGCCCTG-1,WM,0
TCAGCCAATCCGTAAA-1,Layer_3,1
TCAGGGCGACTTCCTT-1,Layer_1,4
TCAGGGCGCAAACTCG-1,Layer_1,4
TCAGGGTGCACGAAAC-1,Layer_3,6
TCAGGGTGTAACGTAA-1,Layer_5,2
TCAGGTTCTTTGAGAA-1,Layer_5,2
TCAGTACTGACCCGCG-1,Layer_3,5
TCAGTAGGGACTATAA-1,WM,3
TCAGTGTATACGTCAT-1,WM,0
TCATACTTACAGATCC-1,Layer_2,6
TCATATGAGCTTTGTT-1,Layer_6,3
TCATCACTCGAGCTCG-1,Layer_1,4
TCATCCATCTGATCAC-1,WM,0
TCATCCCAGAGGGTGG-1,Layer_3,1
TCATCCTCAGCTGCTT-1,Layer_3,2
TCATCGACGACCGTCG-1,Layer_4,2
TCATCGATGGTCCCAA-1,WM,0
TCATGCAGGTTCTCAT-1,Layer_3,5
TCATTTAAGTCTCCGA-1,Layer_4,5
TCATTTAGAAGTGTGA-1,Layer_3,6
TCCAACTCAGCTATCT-1,Layer_3,2
TCCAACTTTAAATTCT-1,Layer_6,2
TCCAAGCCTAGACACA-1,Layer_5,2
TCCAATAAAGGCTACC-1,WM,0
TCCACAATGGTTTACG-1,Layer_5,2
TCCACATCGTATATTG-1,Layer_6,2
TCCACCTCTAGCCTTT-1,WM,0
TCCACTTTATCTAGGT-1,Layer_5,2
TCCAGAGCACCGGTTC-1,Layer_6,2
TCCAGCGCTATAAGCG-1,Layer_3,6
TCCAGGCAGGACGATC-1,WM,3
TCCAGGCGAGTACGGT-1,Layer_5,2
TCCAGGGTATATACGA-1,Layer_6,3
TCCATCAATACTAATC-1,WM,0
TCCATTGTGACCTCGT-1,Layer_3,6
TCCCAAACAGACAACG-1,Layer_2,6
TCCCAAAGACGAAGGA-1,Layer_5,2
TCCCAAAGCCCTAAAT-1,Layer_2,6
TCCCACTCTCTTCCGG-1,Layer_3,6
TCCCAGCTTTAGTCTG-1,Layer_6,2
TCCCAGGCTTAGCTAA-1,Layer_5,2
TCCCGCGTACTCCTGG-1,Layer_5,2
TCCCGGGTGTGCTGCT-1,Layer_5,2
TCCCGTCAGTCCCGCA-1,Layer_5,2
TCCCGTGTGCAATTTG-1,Layer_5,2
TCCCTCTTCTCAAGGG-1,Layer_3,6
TCCCTGGCGTATTAAC-1,WM,0
TCCCTGGCTCGCTGGA-1,Layer_4,2
TCCCTTAGATTACTCG-1,Layer_3,1
TCCCTTGTCTGAAACT-1,Layer_3,6
TCCGAACGTTGCCGCT-1,Layer_2,6
TCCGAACTTGGCTTAC-1,Layer_4,5
TCCGAATGGTCCTGAG-1,Layer_2,6
TCCGACCGCTAATCAA-1,WM,0
TCCGATAATTGCCATA-1,Layer_4,5
TCCGATGACTGAGCTC-1,Layer_5,2
TCCGATGGTGCGACAT-1,Layer_5,2
TCCGATTACATTGCCG-1,Layer_5,2
TCCGCAGCCACCTAGC-1,Layer_1,4
TCCGCCTGTCTACAAG-1,Layer_6,2
TCCGCGGCAGCATCTG-1,Layer_5,2
TCCGCGGCCCAATGAA-1,Layer_4,5
TCCGCTGTCATCCCGG-1,Layer_5,2
TCCGCTTATCCCATTA-1,Layer_6,3
TCCGGCCTAGCGTACA-1,Layer_3,1
TCCGGGCTTGACGGGA-1,Layer_3,5
TCCGGTTCGTCCGGTC-1,WM,0
TCCGTAACCACAATCC-1,Layer_1,4
TCCGTTAAGCTAATAT-1,Layer_4,5
TCCGTTTAGCCTTGAA-1,Layer_5,2
TCCTAAAGATTCAGAC-1,Layer_4,2
TCCTAAATTGGGAAGC-1,Layer_6,2
TCCTAACCGTCGGGCA-1,WM,0
TCCTACATCCACGGCC-1,Layer_5,2
TCCTAGCAAAGAAGCT-1,Layer_6,2
TCCTATCATAGGTAAC-1,Layer_2,6
TCCTCCTAAGACATTC-1,Layer_6,3
TCCTCGGGCTGGGCTT-1,Layer_6,2
TCCTCTACGAGATGGC-1,Layer_3,1
TCCTCTCCAGTTGTCC-1,Layer_3,1
TCCTCTGGCCCATTAG-1,Layer_3,6
TCCTGCCAACTGGAGA-1,Layer_3,6
TCCTGCGTTGATACTC-1,Layer_5,2
TCCTTACGACGGTCCG-1,Layer_5,5
TCCTTCAGTGGTCGAA-1,Layer_3,1
TCCTTGTCCTTTAATT-1,Layer_5,2
TCCTTTAAATCCGCTT-1,Layer_5,2
TCCTTTCTTACGCTTA-1,Layer_5,2
TCGAAATTTAGGACCA-1,Layer_5,2
TCGAAGAACCGAGCAC-1,Layer_4,5
TCGAATATCCCGCAGG-1,WM,0
TCGACAACTGAACCCG-1,WM,0
TCGACATAGCGTAGCG-1,WM,0
TCGAGACCAACACCGT-1,Layer_6,2
TCGAGCCAGGCAGGCC-1,WM,0
TCGAGGGCAACAGACG-1,Layer_2,6
TCGCAAAGATGCATTT-1,Layer_6,2
TCGCACCAGGAGGCAG-1,Layer_5,2
TCGCACTAACGTTTGT-1,Layer_1,4
TCGCATAAAGGGCGCA-1,Layer_3,6
TCGCATCCCTAAGTGT-1,Layer_1,4
TCGCCGAAGTTGCGTC-1,Layer_6,3
TCGCCGACATATTCGC-1,Layer_4,2
TCGCCGGATGGGCAAG-1,Layer_1,4
TCGCCGGTCGATCCGT-1,Layer_4,5
TCGCCTCGACCTGTTG-1,Layer_1,4
TCGCGTAGCAGTGTCC-1,Layer_4,5
TCGCGTCCAGAAGGTC-1,Layer_4,5
TCGCTAAACCGCTATC-1,Layer_3,1
TCGCTACTGGCTTTGA-1,Layer_5,2
TCGCTCGATATATTCC-1,Layer_5,2
TCGCTCGGCACCAGCG-1,Layer_2,6
TCGCTGCCAATGCTGT-1,Layer_5,2
TCGCTGGGCGGATTGT-1,Layer_5,2
TCGCTGTGCGTAAATC-1,Layer_2,6
TCGCTTTAAACGTTTG-1,Layer_5,5
TCGGAATGACCATCAA-1,Layer_2,6
TCGGAATGCGCTCTGA-1,Layer_4,5
TCGGACGCCCAGCCCA-1,Layer_5,2
TCGGAGAGTATCGGGA-1,Layer_6,2
TCGGAGTACATGAGTA-1,Layer_5,2
TCGGCGAACCCAAACC-1,Layer_3,1
TCGGCGTACTGCACAA-1,Layer_5,3
TCGGCTTGTATCGACG-1,Layer_4,5
TCGGGAACGTGCCTAG-1,Layer_3,6
TCGGGAGACAGCGTAC-1,Layer_6,2
TCGGGATTCAAACATA-1,Layer_5,2
TCGGGCCGTCGTGGTA-1,Layer_5,2
TCGGGTGAAACTGCTA-1,Layer_1,4
TCGGTCCCGACAATAG-1,WM,0
TCGGTCCCTGACTCCA-1,Layer_3,6
TCGGTTAGCCATGTAG-1,Layer_1,4
TCGTAAGACGACATTG-1,Layer_5,2
TCGTAAGCTCCGAGGA-1,Layer_2,6
TCGTACCGACGTCAAG-1,WM,0
TCGTATAGTGCAATTA-1,Layer_2,4
TCGTATTACCCATTGC-1,Layer_5,2
TCGTATTTCGTCCGGA-1,Layer_2,6
TCGTCAAGTACGCGCA-1,WM,0
TCGTCACACTGTTAGC-1,Layer_3,1
TCGTCCGCTGGCGTCT-1,Layer_3,1
TCGTCTTAGGCGTTAA-1,Layer_5,2
TCGTGTACTATGGATG-1,Layer_6,2
TCGTGTATTGGTCACG-1,Layer_2,6
TCGTGTCACGCTGACA-1,Layer_5,2
TCGTGTTCGACCACAA-1,Layer_3,1
TCGTTAGGAGTCCCTA-1,WM,0
TCGTTCGTTATTATGT-1,Layer_2,4
TCGTTGACAGGGTCCC-1,Layer_1,4
TCGTTGCTATCCGGTC-1,WM,0
TCGTTTACGCGACCCT-1,Layer_3,5
TCTAAAGAACAGTCTC-1,Layer_6,3
TCTAATACTGCCTCAG-1,WM,0
TCTACACGTTCATGCA-1,Layer_1,6
TCTACCCAATAGAGAG-1,Layer_3,1
TCTACCGTCCACAAGC-1,Layer_5,2
TCTAGCAATCTCCGCC-1,Layer_6,3
TCTAGCATCTTCGATG-1,Layer_3,1
TCTAGCATGCCCAGAA-1,Layer_6,3
TCTAGGTGGCGACGCT-1,Layer_3,1
TCTAGTGATATCGTGG-1,Layer_4,5
TCTAGTTATCAGAAGA-1,Layer_6,2
TCTATAGGTGGGTAAT-1,Layer_3,6
TCTATCATGCAGTTAC-1,Layer_3,6
TCTATCGGTCGCAACA-1,Layer_5,5
TCTATGCTATAACGAC-1,Layer_3,5
TCTATTACGCTGGCGA-1,Layer_1,4
TCTATTACTAGAGGAT-1,Layer_5,2
TCTCATGAGATAGGGT-1,Layer_5,2
TCTCCAACGTAGGTTA-1,Layer_4,5
TCTCCACAAGTTGAAT-1,Layer_4,5
TCTCCCTGGGCAGCGT-1,Layer_5,2
TCTCGAACGAGGTCAC-1,Layer_3,6
TCTCGACGTATCGCCG-1,Layer_3,6
TCTCGAGGAGGTTCGC-1,Layer_3,6
TCTCTAATAGCTGGTA-1,Layer_3,1
TCTCTCGCCGCACATA-1,Layer_3,6
TCTCTTACCGCGAACC-1,WM,0
TCTGAACCGGTCGGCT-1,Layer_3,1
TCTGAACTCGTACCCG-1,Layer_5,5
TCTGAAGCACGTGGTC-1,Layer_5,2
TCTGAATTCCGTACAA-1,Layer_5,5
TCTGACTGTAATGGTT-1,Layer_1,4
TCTGAGCAATTGACTG-1,Layer_3,6
TCTGATGTATTCTGTC-1,Layer_5,2
TCTGCATACCTTGCTT-1,Layer_3,5
TCTGCCAGAAACTGCA-1,Layer_6,2
TCTGGGAACCTTTGAA-1,Layer_4,5
TCTGGGTAGCGCTCAT-1,Layer_6,2
TCTGTCATACAAGAGC-1,Layer_1,4
TCTGTGCCATCATAGT-1,Layer_5,2
TCTGTTACCCAGCATA-1,WM,0
TCTTAACTCGGATGTA-1,Layer_1,4
TCTTACAGAGGTACCG-1,Layer_2,4
TCTTACCGGAACTCGT-1,Layer_3,1
TCTTACGGCATCCGAC-1,Layer_3,1
TCTTACTTATGCCTCT-1,Layer_5,2
TCTTAGAGCTCCAATT-1,Layer_3,1
TCTTAGAGTGAACTCT-1,Layer_4,5
TCTTCCCATGGGCACA-1,Layer_4,5
TCTTCGAATAGACGTT-1,Layer_6,2
TCTTCGATACCAATAA-1,Layer_6,2
TCTTCGCGGTGAGAGG-1,Layer_3,6
TCTTCTATAACCCGCC-1,Layer_3,1
TCTTGATGCGTAGCGA-1,Layer_6,2
TCTTGCTCCCGATACT-1,Layer_6,2
TCTTGGTAACACCAAA-1,Layer_5,5
TCTTGGTCAATGATAC-1,WM,0
TCTTTAAGACTATGAA-1,Layer_4,5
TCTTTAGAGTCTAACA-1,Layer_3,6
TCTTTCCTTCGAGATA-1,Layer_2,6
TCTTTCGGCGGGACAC-1,Layer_1,4
TCTTTCTCTTAAGGAG-1,Layer_3,6
TGAAACTTATGCAAGC-1,Layer_3,1
TGAAAGGACCTGACTC-1,Layer_5,2
TGAACAAGCAGGGACT-1,WM,0
TGAACACCCGAAGCAG-1,Layer_1,4
TGAAGAGCGGTCCTAG-1,Layer_1,4
TGAAGTAGCTTACGGA-1,Layer_1,4
TGAATACCGACGCGTA-1,Layer_5,2
TGAATGAGTGTTTCCC-1,WM,0
TGAATGTCAGCCGGCC-1,Layer_3,1
TGACACTTCTCTTTGC-1,Layer_2,6
TGACATCGAGCGGACC-1,Layer_3,1
TGACATGTAACGTGAC-1,Layer_6,3
TGACCAAATCTTAAAC-1,Layer_6,3
TGACCAGCTTCAAAGT-1,Layer_1,4
TGACCCACGTTAGACA-1,Layer_5,2
TGACGAATATTTCCCT-1,Layer_5,2
TGACGATGCACTAGAA-1,Layer_5,5
TGACTATAATCCTTTC-1,Layer_6,3
TGACTCCGAATCATAC-1,WM,0
TGAGAATGCTTTACCG-1,Layer_3,1
TGAGAGATTTACCACG-1,Layer_5,2
TGAGATCAAATACTCA-1,Layer_1,4
TGAGATTAGGCCCTAA-1,Layer_3,1
TGAGCCATACAGTCTC-1,Layer_6,2
TGAGCGGAAAGTGTTC-1,Layer_6,3
TGAGCTTTAATGACGC-1,Layer_3,5
TGAGGAGTGCCAGCTT-1,WM,0
TGAGGTGTGTGGCGGA-1,WM,0
TGAGTAAATTAGCGTA-1,WM,3
TGAGTGCCTCTTAAAT-1,Layer_6,3
TGAGTGGTCCGTGACG-1,Layer_5,2
TGAGTTAAAGACATTC-1,Layer_3,6
TGATACATTTAGCCGT-1,WM,0
TGATCACCACACTGAC-1,WM,0
TGATCAGGGAACTGCT-1,Layer_5,2
TGATCCCAGCATTAGT-1,Layer_3,6
TGATCGGTTTGACCCT-1,Layer_5,2
TGATCTACGCTGATCT-1,Layer_3,6
TGATCTCCGGCGCCAG-1,Layer_5,2
TGATGGGACTAAGTCA-1,Layer_1,4
TGATGTCAATTAAGTG-1,Layer_3,1
TGATTCCCGGTTACCT-1,WM,0
TGATTCGTCTATCACT-1,Layer_5,2
TGATTCTGTCGCCGGT-1,WM,0
TGATTTATTAGCTGTG-1,Layer_5,2
TGATTTCCTCCTGACG-1,Layer_1,4
TGCAAAGTTCGTCTGT-1,Layer_6,3
TGCAACCCATCTGCGG-1,Layer_4,2
TGCAACTACTGGTTGA-1,Layer_3,5
TGCAAGAATGACGTAA-1,Layer_5,2
TGCAATCTAACACGGT-1,Layer_4,2
TGCAATTTGGGCACGG-1,Layer_2,6
TGCACAGTGAAGTTAT-1,Layer_2,6
TGCACGAGTCGGCAGC-1,Layer_1,4
TGCACTATGTGAGTGC-1,Layer_1,4
TGCAGAACTATATCGT-1,Layer_5,2
TGCAGAGTACCGAGCA-1,Layer_6,2
TGCAGATCGTCCTAGG-1,Layer_5,2
TGCAGCTACGTACTTC-1,Layer_5,2
TGCAGGATCGGCAAAG-1,Layer_5,2
TGCAGTGGTAGGGAAC-1,WM,0
TGCAGTTTCCTCCCAT-1,Layer_5,2
TGCATATGTCTGTCAC-1,Layer_5,2
TGCATGAGTAGATTCG-1,Layer_1,4
TGCATGGATCGGATCT-1,Layer_4,5
TGCATGTGACCCATAG-1,WM,0
TGCATGTGGTAATCTA-1,Layer_5,2
TGCCAAAGTCAGACTT-1,Layer_5,2
TGCCAATGGGTACTCT-1,WM,0
TGCCACCTGGCGAAAC-1,Layer_4,5
TGCCAGTACGTGGAGA-1,Layer_6,2
TGCCATGGCTTATAAG-1,Layer_1,4
TGCCATTACTAAAGAA-1,Layer_4,5
TGCCCGTACCGTTAAA-1,Layer_6,2
TGCCGATGTCATCAAT-1,Layer_1,4
TGCCGGATGTACGAGC-1,WM,0
TGCCGTGGATCGTCCT-1,Layer_6,3
TGCCGTGGGACCCAAT-1,Layer_5,3
TGCCTAATTGAAGATT-1,Layer_3,1
TGCCTGATCAAACGAT-1,Layer_4,5
TGCCTTGCCCTTACGG-1,Layer_1,4
TGCCTTGGCCAGGCAA-1,Layer_5,2
TGCGAATATGGGATTT-1,Layer_5,2
TGCGACACCCTAGTGC-1,WM,3
TGCGACGGCCGAACGT-1,WM,0
TGCGAGAAACGTTACG-1,Layer_1,4
TGCGAGAATATTACCC-1,WM,0
TGCGAGCCCTTCCGCG-1,Layer_2,4
TGCGATGCTAATGGCT-1,Layer_1,4
TGCGCAAAGCATTTGG-1,Layer_5,2
TGCGCGATTAACGGAG-1,Layer_4,5
TGCGGACTTGACTCCG-1,Layer_5,2
TGCGGAGTAAAGGTGC-1,Layer_5,2
TGCGGCATAGTTCAAC-1,Layer_2,4
TGCGGTCTACGAGTAA-1,Layer_1,4
TGCGGTGAAATTTCAT-1,Layer_3,1
TGCGTAAGAACCTGAT-1,Layer_6,3
TGCGTACGGCTAATTG-1,Layer_3,1
TGCGTCATGACTGAGC-1,WM,0
TGCGTTTGTTGACACT-1,Layer_6,2
TGCTAAGTGTCTATTT-1,Layer_5,2
TGCTATGGCAAAGGGA-1,WM,0
TGCTCCACAGTTCTTA-1,Layer_5,5
TGCTCGGCGAAACCCA-1,Layer_6,3
TGCTCGGTGGGTCACC-1,Layer_5,2
TGCTCTTGAGAGTTTG-1,Layer_6,2
TGCTGGTTGGACAATT-1,Layer_3,1
TGCTGTTGAAGAACTC-1,Layer_6,2
TGCTTAGAGAGAATGC-1,WM,0
TGCTTCCCAAGCAGTA-1,Layer_6,3
TGGAAACGGAGTGAAC-1,Layer_1,4
TGGAACCACTGACACA-1,Layer_3,6
TGGAAGAAGGGAACGT-1,Layer_5,2
TGGAAGACGAACACCA-1,Layer_2,4
TGGAAGGATAAAGATG-1,Layer_4,5
TGGAATATCCTTGACC-1,Layer_2,6
TGGAATTAGACGCTTT-1,Layer_3,1
TGGACACCGTTGCTTG-1,Layer_1,4
TGGACCAATCTAAGAT-1,Layer_5,2
TGGACGCAATCCAGCC-1,WM,0
TGGACGTAGGCGAATC-1,Layer_1,4
TGGACTGTTCGCTCAA-1,Layer_6,2
TGGAGAATAATCGTCC-1,WM,0
TGGAGCTAAAGTTCCC-1,Layer_1,4
TGGAGTGATGCGATGA-1,Layer_5,2
TGGATAGAGTAACAGA-1,Layer_1,4
TGGCAAACTAAATTAC-1,Layer_6,2
TGGCAACTCGCGCGCC-1,Layer_4,5
TGGCAAGCACAAGTCG-1,WM,0
TGGCAATGGGACGGCG-1,Layer_3,1
TGGCACGAGCTCGAGT-1,Layer_1,4
TGGCAGATTACGATCA-1,Layer_6,3
TGGCAGCAGTAATAGT-1,Layer_6,3
TGGCATGAAGTTTGGG-1,WM,0
TGGCCAAACTGAAGTA-1,Layer_5,2
TGGCCAATTTGGTACT-1,Layer_5,3
TGGCCGTATATTGACC-1,Layer_4,5
TGGCGACTGCTCCAAA-1,WM,0
TGGCGATCAAGTTATG-1,WM,0
TGGCTACACTCTACCT-1,Layer_3,1
TGGCTATGTGACATAC-1,Layer_5,2
TGGCTCTTGTCGCGTA-1,Layer_5,2
TGGCTTTGGGTAGACA-1,Layer_3,1
TGGGAAATGCCTTTCC-1,Layer_3,1
TGGGATGCACTCATTC-1,Layer_2,6
TGGGCAATAGTTGGGT-1,Layer_3,1
TGGGCACGTTCTATGG-1,Layer_3,1
TGGGCAGGCCACCGCA-1,Layer_3,6
TGGGCCACAAGAGCGC-1,Layer_4,5
TGGGCCCATACTAATT-1,Layer_5,2
TGGGCCTTGCCTGCAT-1,Layer_1,4
TGGGCGATACAATAAG-1,Layer_6,3
TGGGTAAGGTTCCCGC-1,Layer_3,1
TGGGTGCACAAGCCAT-1,Layer_4,2
TGGGTGTAATAGATTT-1,Layer_3,1
TGGGTGTTAAGTAGAA-1,Layer_5,3
TGGGTTTCGGGCGTAC-1,WM,0
TGGTAAGCAGGATTGA-1,Layer_5,2
TGGTACCGGCACAGCC-1,Layer_1,4
TGGTAGAATATATGGG-1,Layer_4,5
TGGTATCGCATCCCAA-1,Layer_2,6
TGGTATCGGTCTGTAT-1,Layer_1,4
TGGTCCCACGCTACGG-1,Layer_6,2
TGGTCGATATACCTCT-1,WM,0
TGGTCTAGCTTACATG-1,Layer_1,4
TGGTCTGTTGGGCGTA-1,Layer_5,2
TGGTGATCGTATTTGT-1,Layer_3,4
TGGTGTGACAGACGAT-1,Layer_1,4
TGGTTATGCTTGCGGT-1,Layer_1,4
TGGTTCAACGGGTAAT-1,Layer_6,2
TGGTTCGTAGCAAAGG-1,Layer_4,5
TGGTTGGAGGATCCTG-1,Layer_3,6
TGGTTTAAACGTGGGT-1,Layer_2,6
TGTAATGACCACAATA-1,Layer_4,2
TGTACCTACACGAGGG-1,Layer_4,2
TGTACGAACAAATCCG-1,Layer_6,2
TGTAGCCAATTCCGTT-1,Layer_4,2
TGTAGCCATCCCATTC-1,Layer_3,6
TGTAGGAGAAATTTCC-1,Layer_5,2
TGTAGTGATCTATAAT-1,Layer_5,2
TGTATAACAGATCCTG-1,Layer_5,2
TGTATCCTTATTCCAT-1,Layer_1,4
TGTATGGCGCAGACAG-1,Layer_5,2
TGTATTTACCTAATGC-1,Layer_1,4
TGTCATTTGTTGGGAA-1,Layer_2,6
TGTCCACGGCTCAACT-1,Layer_3,1
TGTCCCGACATAGCAC-1,Layer_2,4
TGTCCGCAAACAATTC-1,WM,0
TGTCCGTGGCGCCTTT-1,Layer_3,1
TGTCCTAAGTCACCGC-1,Layer_5,2
TGTCGTTATCACATAT-1,WM,0
TGTCTACAGTTTCTGT-1,Layer_1,4
TGTGACTACGCCAGTC-1,Layer_5,5
TGTGACTAGAGTTTGC-1,Layer_3,1
TGTGAGACTAGCCCAA-1,Layer_6,3
TGTGCCGGTGCCGGAA-1,Layer_4,5
TGTGCTTTACGTAAGA-1,Layer_4,2
TGTGGCAAAGCGTATG-1,Layer_5,2
TGTGGCGGGCTTCTGG-1,WM,3
TGTGGCTCCCACCAAC-1,Layer_2,6
TGTGGTTGCTAAAGCT-1,WM,0
TGTGTAGTAGCACGTG-1,Layer_3,6
TGTGTCGCGAGTTGCA-1,Layer_3,1
TGTGTTCGTATCCAAG-1,Layer_3,5
TGTTATTGTATGTGGC-1,Layer_5,2
TGTTCCGCTTCCATGA-1,Layer_5,2
TGTTCCGGCCTGAGCT-1,Layer_6,2
TGTTCGTATTGCGGTG-1,Layer_6,3
TGTTCTTCCATTGACT-1,Layer_5,2
TGTTGTCAAGAAGTCT-1,Layer_5,2
TGTTTAATACTTCATC-1,Layer_3,6
TGTTTCGGTACTTCTC-1,Layer_3,1
TGTTTGAGATCGTCAG-1,Layer_3,6
TTAAACCGGTAGCGAC-1,Layer_1,4
TTAAACTCGAATTCAT-1,Layer_4,5
TTAAAGGCGATGCTCG-1,WM,0
TTAACACCTCGAACAT-1,Layer_3,6
TTAACCAACCCTCCCT-1,Layer_3,1
TTAACGTCGCAAGACC-1,Layer_1,4
TTAACTCACGCGTGGA-1,Layer_1,4
TTAACTTCAGGTAGGA-1,Layer_6,3
TTAAGACGAACGAACC-1,Layer_1,4
TTAAGATACCCAGAGA-1,WM,0
TTAAGATAGGATTGAC-1,Layer_4,5
TTAAGCCGACAACTTC-1,Layer_3,1
TTAAGCGCCTGACCCA-1,Layer_5,2
TTAAGGCCCGTACTTT-1,WM,0
TTAAGTATTGTTATCC-1,Layer_4,2
TTAATCAGTACGTCAG-1,Layer_4,5
TTAATGTAGACCAGGT-1,Layer_5,2
TTAATGTGTTTGCAGG-1,Layer_1,4
TTAATTGCTTTGGGTG-1,Layer_5,2
TTAATTTCAGACGCGG-1,Layer_3,5
TTACAACTACGCATCC-1,Layer_4,5
TTACACGATCTGCGAC-1,Layer_3,6
TTACAGACCTAAATGA-1,Layer_3,1
TTACATCGTGGCCTGG-1,Layer_3,6
TTACATGCCACAACTA-1,Layer_3,1
TTACCATTGATTACCC-1,Layer_5,2
TTACCCATTGCCGGGT-1,Layer_3,1
TTACCCTAACAGTCCT-1,Layer_3,1
TTACCCTAGGGATTGG-1,WM,0
TTACGGATGGTTCGAG-1,Layer_5,5
TTACGTATCTATGACA-1,Layer_3,6
TTACTAAAGGACTTTA-1,Layer_6,2
TTACTATCGGCTTCTC-1,Layer_4,5
TTACTCCGGCCGGGAA-1,Layer_5,2
TTACTCTGGTACGTAC-1,Layer_6,2
TTACTGGGATATTTCA-1,WM,3
TTAGAAGAACATGACT-1,Layer_6,3
TTAGAATAAGGGTCGG-1,WM,0
TTAGACACGATCGTTG-1,Layer_3,1
TTAGACGAGTCACCTC-1,Layer_5,2
TTAGAGTTTAGAAGGA-1,Layer_5,2
TTAGCAACATGGATGT-1,Layer_2,6
TTAGCTAATACGATCT-1,Layer_3,1
TTAGCTCTGTAATCCG-1,Layer_3,5
TTAGCTGATTTGCCGT-1,Layer_5,2
TTAGGTCATAACCGAC-1,WM,0
TTAGGTGTGACTGGTC-1,Layer_1,4
TTAGTAAACCTGCTCT-1,Layer_4,5
TTAGTAGGGCGGCGGG-1,Layer_5,2
TTAGTTATTCGTGGCA-1,Layer_5,2
TTAGTTCAAGTGTTCG-1,Layer_2,6
TTATAGGTAATTGTCT-1,Layer_6,2
TTATATACGCTGTCAC-1,Layer_6,2
TTATATTTGGCAATCC-1,Layer_5,2
TTATCCGGGATCTATA-1,Layer_5,2
TTATCCTCAAGGAATA-1,Layer_6,3
TTATCGCCTGCGAAGC-1,Layer_3,1
TTATCTGTATCATAAC-1,Layer_5,5
TTATGAATGAAAGGGA-1,Layer_6,3
TTATGACAAACTGGAT-1,Layer_4,5
TTATGATCTTAACGAA-1,Layer_5,2
TTATGTTTGCGATAGA-1,Layer_3,1
TTATTAGAGCGTGTTC-1,Layer_6,3
TTATTAGGGAAGCATC-1,Layer_3,1
TTATTATCTGGAAGGC-1,Layer_2,4
TTATTTCATCCCAAAC-1,Layer_1,4
TTCAAAGTCTCTAGCC-1,Layer_6,2
TTCAACGACCCGACCG-1,Layer_3,1
TTCAAGCCGAGCTGAG-1,Layer_3,1
TTCAATACTCTGAATC-1,Layer_5,2
TTCAATTAGCCATAAT-1,Layer_2,6
TTCACGAAAGGATCAC-1,Layer_6,2
TTCACGGTCGTCACGT-1,WM,0
TTCACTCGAGCACCTA-1,Layer_6,3
TTCACTTCCTAGAACG-1,WM,0
TTCAGCCCTGGTCCAC-1,Layer_5,2
TTCAGCTGGCGTGCCC-1,Layer_4,5
TTCAGGCGTCAAAGCC-1,Layer_5,2
TTCAGTTCAAGAGGAG-1,WM,0
TTCATAGCCTTGTAAC-1,Layer_1,4
TTCATAGGGTGTCCAT-1,Layer_1,4
TTCATGGCGCAACAGG-1,Layer_4,5
TTCCAATCAGAGCTAG-1,Layer_3,1
TTCCAATCTGGCTATC-1,WM,0
TTCCACACAGATTTGA-1,WM,0
TTCCAGACGAGATTTA-1,Layer_3,6
TTCCAGTGGGTTTCGT-1,WM,0
TTCCATCATGCGGTGA-1,Layer_2,6
TTCCATCGACAGCGTG-1,Layer_3,6
TTCCCGACGCTTCACT-1,Layer_1,4
TTCCCGGCGCCAATAG-1,Layer_5,2
TTCCGCAGAGAAATAT-1,Layer_3,6
TTCCGCGTGAGGCGAT-1,Layer_6,3
TTCCGGCCTTGAGGCT-1,WM,0
TTCCGGTATCTGTGTC-1,Layer_2,6
TTCCGGTTACCCACTT-1,Layer_5,2
TTCCTCGAGGGTGTCT-1,Layer_3,1
TTCCTCGGACTAACCA-1,Layer_5,2
TTCCTCTGCCCGAATA-1,Layer_4,5
TTCGAACGAAACATGC-1,WM,0
TTCGACAGAGCCCGTG-1,Layer_6,3
TTCGACGGGAAGGGCG-1,Layer_4,5
TTCGCACTCGCGTGCT-1,Layer_4,5
TTCGCACTGTACGACA-1,WM,3
TTCGCGCGCCATACGA-1,WM,0
TTCGCTAGGAAGTTGT-1,Layer_2,6
TTCGCTATCTGACGTG-1,Layer_3,6
TTCGGACTGATGCCTT-1,Layer_1,4
TTCGGCAACCCGCTGA-1,Layer_3,1
TTCGGCTAGAGATGGT-1,Layer_1,4
TTCGGGACTAATCGCG-1,Layer_6,2
TTCGGGCGCTAGTCTT-1,WM,0
TTCGGGTTGCCACGGG-1,Layer_2,6
TTCGGTACTGTAGAGG-1,Layer_6,3
TTCGTAATCCCAGCGG-1,Layer_3,1
TTCGTACTCCAGAACG-1,Layer_4,5
TTCGTTCAACGAAGTT-1,Layer_3,6
TTCTAACCGAAGCTTA-1,Layer_5,2
TTCTACCTCAATCGGT-1,WM,0
TTCTACCTTTATGTTG-1,Layer_2,6
TTCTACTTGCGAGGGC-1,Layer_3,1
TTCTAGAAAGTCTTAT-1,WM,0
TTCTAGGCCAATTGTG-1,Layer_3,1
TTCTATTAAACGCAGC-1,WM,0
TTCTCAATTGCTACAA-1,WM,0
TTCTGACCGGGCTCAA-1,Layer_5,2
TTCTGCCGCGCCTAGA-1,Layer_6,3
TTCTGCGAGCGCCCTT-1,Layer_3,5
TTCTGCGGGTTAGCGG-1,Layer_5,2
TTCTGCTAGACTCCAA-1,Layer_3,6
TTCTGTTTCCTGTCGC-1,Layer_1,4
TTCTTAGTGAACGGTG-1,Layer_2,6
TTCTTAGTGGCTCAGA-1,Layer_3,1
TTCTTATCCGCTGGGT-1,Layer_4,5
TTCTTGAGCCGCGCTA-1,WM,3
TTCTTGCTAGCATCTC-1,Layer_3,6
TTCTTGGACGATCTGC-1,WM,0
TTCTTGGAGTAATGAG-1,Layer_5,5
TTCTTGTAACCTAATG-1,Layer_3,1
TTCTTTGGTCGCGACG-1,Layer_3,6
TTGAAAGGTGTAAAGG-1,Layer_2,4
TTGAACGAATCCTTTG-1,Layer_1,4
TTGAACGACGTGCTGA-1,Layer_5,2
TTGAAGAATTCCCAGG-1,Layer_5,2
TTGAAGGATGGGCGCC-1,WM,0
TTGAATATGGACTTTC-1,Layer_6,2
TTGAATCGTTGTATAA-1,Layer_5,3
TTGAATTCACGTGAGG-1,Layer_4,5
TTGACAGGAGCTCCCG-1,Layer_4,5
TTGACATGAACGTGGA-1,Layer_6,2
TTGACCAGGAACAACT-1,Layer_5,2
TTGACCATGTTCTCCG-1,Layer_5,2
TTGACCGTGTTAATGA-1,WM,0
TTGACGATTCAGCACG-1,Layer_1,4
TTGACGCTCCATGAGC-1,Layer_4,5
TTGACTACCATATGGT-1,Layer_6,3
TTGACTATTGTCCGGC-1,Layer_3,1
TTGAGAAGTTTAGCAT-1,Layer_5,2
TTGAGAGTACTGCTAA-1,Layer_6,3
TTGAGCAGCCCACGGT-1,Layer_2,6
TTGAGGCATTTAACTC-1,Layer_2,6
TTGATCTAACTTTGTC-1,Layer_5,2
TTGATGCCGCTCGTCG-1,WM,0
TTGATGTGTAGTCCCG-1,Layer_4,5
TTGATTAGCTGTTTCT-1,Layer_6,3
TTGATTATGCAGATGA-1,Layer_3,5
TTGCAAGAAGACTCCT-1,Layer_5,2
TTGCACAATTCAGAAA-1,Layer_6,3
TTGCACGGAGCAGCAC-1,Layer_4,5
TTGCATGCTGATCACG-1,Layer_6,2
TTGCCAAGCAGAACCC-1,Layer_2,6
TTGCCATAGCCCGCTC-1,WM,0
TTGCCCTGATCACGGG-1,Layer_5,2
TTGCCGCAGACCTACA-1,WM,0
TTGCCGCTTTCTAGTA-1,Layer_5,2
TTGCCGGTGATCCCTC-1,Layer_2,6
TTGCCTAATCCAAAGT-1,WM,0
TTGCCTTCTCGCCGGG-1,Layer_3,1
TTGCGCTCTCTCGCTT-1,Layer_1,4
TTGCGCTTGATCAATA-1,Layer_3,1
TTGCGGAAAGCTGCCC-1,WM,0
TTGCGGCATCAGAAAG-1,WM,0
TTGCGTAGTTTGAGGA-1,Layer_3,6
TTGCGTCGGCCAACCG-1,WM,0
TTGCGTGAACGCTTAG-1,Layer_3,6
TTGCGTGTGTAGGCAT-1,Layer_4,2
TTGCTCATAGTACGTG-1,Layer_3,1
TTGCTCCCATACCGGA-1,Layer_5,2
TTGCTGAAGGAACCAC-1,Layer_3,5
TTGCTGATCATGTTCG-1,Layer_5,2
TTGCTGCACCTATCCA-1,Layer_2,4
TTGCTGGCCGGGCTTC-1,Layer_3,6
TTGGAAGAATACAGTC-1,Layer_6,3
TTGGACATGTGGCTTA-1,Layer_5,2
TTGGACCATCTGGCAA-1,Layer_3,1
TTGGACCTATAACAGT-1,Layer_5,2
TTGGATATCGTCTACG-1,WM,0
TTGGATCGACTTCTGG-1,Layer_2,4
TTGGATTGGGTACCAC-1,Layer_3,1
TTGGCCATCTTGCGCT-1,Layer_1,4
TTGGCCTAGAATTTCG-1,Layer_3,1
TTGGCTCAATATGTGT-1,Layer_3,6
TTGGCTCGCATGAGAC-1,Layer_3,1
TTGGGAAGACGAGCCG-1,Layer_6,3
TTGGGACACTGCCCGC-1,Layer_5,2
TTGGGACGTAAGAGTT-1,Layer_3,6
TTGGGCGGCGGTTGCC-1,Layer_5,2
TTGGTCACACTCGTAA-1,WM,0
TTGGTTGCGGTGCGCG-1,WM,0
TTGTAAGGACCTAAGT-1,Layer_6,3
TTGTAAGGCCAGTTGG-1,Layer_5,2
TTGTAATCCGTACTCG-1,Layer_6,2
TTGTATCACACAGAAT-1,Layer_3,1
TTGTCGTTCAGTTACC-1,Layer_4,5
TTGTGAACCTAATCCG-1,Layer_5,2
TTGTGAGGCATGACGC-1,Layer_5,2
TTGTGATCTGTTCAGT-1,Layer_3,1
TTGTGCAGCCACGTCA-1,Layer_5,2
TTGTGGCCCTGACAGT-1,Layer_3,1
TTGTGGTAGGAGGGAT-1,Layer_6,3
TTGTGGTGGTACTAAG-1,Layer_3,5
TTGTGTATGCCACCAA-1,WM,3
TTGTGTTTCCCGAAAG-1,WM,3
TTGTTAGCAAATTCGA-1,Layer_3,1
TTGTTCAGTGTGCTAC-1,Layer_5,2
TTGTTGTGTGTCAAGA-1,Layer_5,2
TTGTTTCACATCCAGG-1,WM,0
TTGTTTCATTAGTCTA-1,WM,0
TTGTTTCCATACAACT-1,Layer_6,2
TTGTTTGTATTACACG-1,WM,0
