,ground_truth,domain
AAACAAGTATCTCCCA-1,Layer_5,2
AAACACCAATAACTGC-1,Layer_6,4
AAACAGAGCGACTCCT-1,Layer_3,3
AAACAGCTTTCAGAAG-1,Layer_5,2
AAACAGGGTCTATATT-1,Layer_5,2
AAACATTTCCCGGATT-1,Layer_6,4
AAACCACTACACAGAT-1,Layer_3,1
AAACCCGAACGAAATC-1,Layer_4,3
AAACCGGAAATGTTAA-1,Layer_5,2
AAACCGGGTAGGTACC-1,Layer_6,4
AAACCGTTCGTCCAGG-1,Layer_6,4
AAACCTAAGCAGCCGG-1,WM,5
AAACCTCATGAAGTTG-1,Layer_5,2
AAACGAAGAACATACC-1,Layer_3,3
AAACGACAGTCTTGCC-1,Layer_3,1
AAACGAGACGGTTGAT-1,Layer_4,2
AAACGCCCGAGATCGG-1,Layer_3,1
AAACGGGCGTACGGGT-1,Layer_6,4
AAACGGTTGCGAACTG-1,WM,5
AAACGTGTTCGCCCTA-1,Layer_3,1
AAACTAACGTGGCGAC-1,Layer_3,1
AAACTCGGTTCGCAAT-1,WM,5
AAACTCGTGATATAAG-1,Layer_3,1
AAACTGCTGGCTCCAA-1,Layer_6,4
AAACTTAATTGCACGC-1,Layer_6,4
AAACTTGCAAACGTAT-1,Layer_6,2
AAAGACATGAAGTTTA-1,Layer_3,1
AAAGACCCAAGTCGCG-1,Layer_3,3
AAAGACTGGGCGCTTT-1,Layer_5,3
AAAGCTTGCCTACATA-1,Layer_3,1
AAAGGCCCTATAATAC-1,Layer_6,4
AAAGGCTACGGACCAT-1,WM,5
AAAGGCTCTCGCGCCG-1,WM,4
AAAGGGATGTAGCAAG-1,Layer_3,3
AAAGGGCAGCTTGAAT-1,Layer_5,3
AAAGGTAAGCTGTACC-1,Layer_3,1
AAAGGTCAACGACATG-1,Layer_3,1
AAAGTAGCATTGCTCA-1,Layer_6,4
AAAGTCACTGATGTAA-1,Layer_3,3
AAAGTCGACCCTCAGT-1,Layer_5,2
AAAGTGTGATTTATCT-1,Layer_5,2
AAAGTTGACTCCCGTA-1,Layer_4,2
AAATAACCATACGGGA-1,Layer_3,3
AAATAAGGTAGTGCCC-1,Layer_3,1
AAATACCTATAAGCAT-1,Layer_6,4
AAATAGCTTAGACTTT-1,Layer_3,3
AAATAGGGTGCTATTG-1,Layer_6,4
AAATCCGATACACGCC-1,WM,4
AAATCGTGTACCACAA-1,Layer_6,4
AAATCTAGCCCTGCTA-1,Layer_6,4
AAATGATTCGATCAGC-1,Layer_3,1
AAATGCTCGTTACGTT-1,Layer_3,3
AAATGGCATGTCTTGT-1,Layer_3,3
AAATGGCCCGTGCCCT-1,Layer_6,4
AAATGGTCAATGTGCC-1,Layer_5,2
AAATGTATCTTATCCC-1,,1
AAATGTGGGTGCTCCT-1,Layer_3,3
AAATTAACGGGTAGCT-1,Layer_5,2
AAATTAATAAGCGCGA-1,,3
AAATTACACGACTCTG-1,Layer_3,3
AAATTACCTATCGATG-1,Layer_3,3
AAATTCCAGGTCCAAA-1,Layer_3,3
AAATTGATAGTCCTTT-1,Layer_6,4
AAATTGCGGCGGTTCT-1,,1
AAATTGGTGAGAAGCA-1,Layer_3,1
AAATTTACCGAAATCC-1,Layer_3,3
AAATTTGCGGGTGTGG-1,Layer_6,4
AACAACTGGTAGTTGC-1,Layer_5,2
AACAATACATTGTCGA-1,WM,5
AACAATTACTCTACGC-1,Layer_5,2
AACACACGCTCGCCGC-1,Layer_6,4
AACACGACTGTACTGA-1,Layer_3,3
AACACGAGACGCGGCC-1,Layer_6,4
AACACGCGGCCGCGAA-1,Layer_3,3
AACAGCTGTGTGGCAA-1,Layer_6,4
AACAGGAAATCGAATA-1,Layer_3,3
AACAGGATGGGCCGCG-1,Layer_5,2
AACAGGTAGTATGGAT-1,Layer_5,2
AACATATCAACTGGTG-1,Layer_3,3
AACATCGATACGTCTA-1,Layer_3,1
AACATTGAAGTTGATC-1,Layer_6,4
AACATTGTGACTCGAG-1,WM,5
AACCAAGACTTCTCTG-1,Layer_5,2
AACCAGTATCACTCTT-1,Layer_3,3
AACCATAGGGTTGAAC-1,Layer_6,4
AACCATGGGATCGCTA-1,Layer_3,3
AACCCAGAGACGGAGA-1,Layer_3,3
AACCCATCCCATGATC-1,Layer_6,4
AACCCGACAACCCGTG-1,WM,5
AACCCGAGCAGAATCG-1,Layer_6,4
AACCCGATAGGGCTTC-1,Layer_3,1
AACCCTACTGTCAATA-1,Layer_4,3
AACCCTGGTGGAACCA-1,Layer_3,3
AACCGAGCTTGGTCAT-1,Layer_3,3
AACCGCTAAGGGATGC-1,Layer_5,2
AACCGTTGTGTTTGCT-1,Layer_3,3
AACCTAAAGCCGTCCG-1,Layer_3,3
AACCTCGCTTTAGCCC-1,WM,5
AACCTGTCACGGAATT-1,Layer_3,3
AACCTTTAAATACGGT-1,Layer_6,4
AACCTTTACGACGTCT-1,Layer_3,3
AACGAAAGTCGTCCCA-1,Layer_6,2
AACGATAATGCCGTAG-1,Layer_6,4
AACGATAGAAGGGCCG-1,Layer_3,3
AACGATATGTCAACTG-1,Layer_3,3
AACGCATGATCTGGGT-1,Layer_3,1
AACGCGAACGGCAACA-1,Layer_3,3
AACGCGACCTTGGGCG-1,WM,5
AACGCGGTCTCCAGCC-1,Layer_3,3
AACGCTGTTGCTGAAA-1,Layer_6,4
AACGGACGTACGTATA-1,Layer_6,4
AACGGCCATCTCCGGT-1,Layer_6,4
AACGTACTGTGGGTAC-1,Layer_6,4
AACGTCAGACTAGTGG-1,Layer_5,2
AACGTGATGAAGGACA-1,Layer_3,3
AACGTGCGAAAGTCTC-1,Layer_5,2
AACGTTATCAGCACCT-1,Layer_3,3
AACTACCCGTTTGTCA-1,Layer_4,2
AACTAGCGTATCGCAC-1,Layer_3,3
AACTAGGCTTGGGTGT-1,WM,4
AACTCAAGTTAATTGC-1,Layer_5,2
AACTCCAGAGCGTGTT-1,Layer_6,4
AACTCCTAATCCCATG-1,Layer_3,3
AACTCGATGGCGCAGT-1,Layer_3,3
AACTCTCAATAGAGCG-1,Layer_3,3
AACTCTCAGTGTGCTC-1,Layer_6,4
AACTGAGGTCAGCGTC-1,Layer_3,1
AACTGATATTAGGCCT-1,Layer_3,3
AACTGGGTCCCGACGT-1,Layer_3,3
AACTGGGTTCGAGCCG-1,Layer_3,3
AACTGGTGTGGGCCTT-1,Layer_3,3
AACTTCTGCGTCTATC-1,Layer_3,3
AACTTGCCCGTATGCA-1,Layer_5,2
AACTTGCGTTCTCGCG-1,Layer_3,3
AACTTTACGGGAGCTT-1,Layer_4,3
AACTTTAGCTGCTGAG-1,Layer_3,3
AACTTTCTCGATCATG-1,Layer_3,1
AAGAAATCACCAGATT-1,Layer_3,1
AAGAAGGATCAGTTAG-1,Layer_3,3
AAGACCCAACTGAACA-1,WM,5
AAGACTAACCCGTTGT-1,,1
AAGACTCACGCCCACT-1,Layer_3,1
AAGACTGCAAGCTACT-1,Layer_5,2
AAGAGATGAATCGGTA-1,Layer_5,2
AAGAGCTCTTTATCGG-1,Layer_4,2
AAGAGGATGTACGCGA-1,Layer_5,2
AAGAGGCATGGATCGC-1,Layer_4,2
AAGAGGCCCTTTGGAA-1,Layer_6,4
AAGATGGCACCGGACC-1,WM,5
AAGATTGGCGGAACGT-1,Layer_3,3
AAGCACCCTGCGTATC-1,WM,5
AAGCATACTCTCCTGA-1,Layer_6,4
AAGCCGAAGCGGTTTA-1,Layer_5,2
AAGCCGCCGTGAAATC-1,Layer_6,4
AAGCCGCTTTACCTTG-1,Layer_3,1
AAGCGCAGGGCTTTGA-1,WM,5
AAGCGGAGTGCGCGCA-1,Layer_3,1
AAGCGGCGTCATGGGT-1,Layer_3,3
AAGCGTCCCTCATCGA-1,Layer_6,4
AAGCTAGATCGAGTAA-1,Layer_6,4
AAGCTCGTGCCAAGTC-1,Layer_5,2
AAGCTCTTTCATGGTG-1,Layer_6,4
AAGGAGAACTTATAAG-1,Layer_3,3
AAGGAGCGGTTGGTGC-1,Layer_5,2
AAGGATCGATCGCTTG-1,Layer_3,3
AAGGATGAGGGACCTC-1,Layer_3,3
AAGGCAGGCTGTCTCC-1,Layer_3,3
AAGGCGCGTAAAGCTT-1,Layer_5,2
AAGGCTGTGCTCATCG-1,Layer_5,2
AAGGGAACGACTGGCT-1,Layer_6,4
AAGGGACAGATTCTGT-1,Layer_3,3
AAGGGACTATGCATTC-1,Layer_6,4
AAGGTATCCTAATATA-1,Layer_3,3
AAGGTGATAAACCAGC-1,Layer_5,2
AAGTAGAAGACCGGGT-1,Layer_3,3
AAGTAGTGACGCGAGG-1,Layer_5,2
AAGTCAATTGTCGTCA-1,Layer_5,2
AAGTCTAGTAGCTGCC-1,Layer_3,1
AAGTGACGACCGAATT-1,Layer_5,2
AAGTGAGTCGGGTTTA-1,WM,5
AAGTGCAAAGGTAGAC-1,Layer_4,3
AAGTGCCTTGACTGTA-1,Layer_4,2
AAGTGCGTTAGAATCT-1,Layer_6,4
AAGTGCTTCTCTATTG-1,WM,5
AAGTGTTTGGAGACGG-1,Layer_6,4
AAGTTCACTCCAAGCT-1,Layer_6,4
AAGTTCAGTCTGCGTA-1,Layer_3,1
AAGTTCGGCCAACAGG-1,Layer_6,4
AAGTTGTGATGTTATA-1,Layer_6,4
AAGTTTACTAATGGCA-1,Layer_3,3
AAGTTTATGGGCCCAA-1,WM,5
AATAACAACGCTCGGC-1,Layer_5,2
AATAACACTAGAACAA-1,Layer_6,4
AATAAGTCCTCGAGAC-1,Layer_3,3
AATAATCTTCGTATCG-1,Layer_5,2
AATACAATGTTTCAGG-1,Layer_4,3
AATACCGGAGGGCTGT-1,WM,5
AATAGAACAGAGTGGC-1,Layer_6,4
AATAGAATCTGTTTCA-1,Layer_6,4
AATAGCAAGCCTCCTG-1,Layer_3,1
AATAGCTACCGCGTGC-1,Layer_3,1
AATAGTCCGTCCCGAC-1,WM,5
AATAGTCGCGAGTCGG-1,Layer_3,3
AATATCAAGGTCGGAT-1,Layer_3,3
AATATCGAATCAATGC-1,Layer_5,2
AATATCGAGGGTTCTC-1,Layer_3,1
AATATTGGAGTATTGA-1,Layer_5,2
AATCAGACTGCAGGAC-1,,1
AATCAGGTTTCATTTA-1,WM,5
AATCATGTAAAGACTC-1,Layer_6,4
AATCCAAGGGCCTGAG-1,Layer_3,3
AATCCATGCAAGGGTG-1,Layer_3,3
AATCGCCTCAGCGCCA-1,Layer_5,2
AATCGCGCAGAGGACT-1,Layer_3,3
AATCGGGACACTACGA-1,Layer_3,3
AATCGTGAGCCGAGCA-1,WM,5
AATCTAGGTTTACTTG-1,Layer_6,4
AATCTATGCCGGAGCC-1,Layer_3,1
AATCTCTACTGTGGTT-1,Layer_5,2
AATCTGCGTTGGGACG-1,Layer_3,3
AATCTGGCTTTCTAGT-1,Layer_6,4
AATCTGGGTAGACCCT-1,Layer_3,3
AATGACAGCAATGTCT-1,Layer_6,4
AATGACGTAGGATGTC-1,Layer_5,2
AATGACTGTCAGCCGG-1,Layer_4,2
AATGAGTTCGCATATG-1,Layer_3,3
AATGATGATACGCTAT-1,Layer_3,3
AATGATGCGACTCCTG-1,Layer_3,1
AATGCAACCGGGTACC-1,Layer_4,3
AATGCACCAAGCAATG-1,Layer_3,1
AATGGCCGCCAATGCG-1,Layer_3,1
AATGGTCCACCGTTCA-1,Layer_5,2
AATGGTTCTCACAAGC-1,Layer_4,3
AATGTGCCCGAGGTGT-1,Layer_6,4
AATGTGCTAATCTGAG-1,WM,5
AATTAAAGGTCGGCGT-1,Layer_6,4
AATTAACGGATTTCCA-1,WM,5
AATTAGCGCTGCAGCG-1,Layer_6,4
AATTCATAAGGGATCT-1,Layer_3,3
AATTCATTGTCATGCA-1,Layer_6,4
AATTCCAAGCATGTAC-1,WM,5
AATTCGATTCGAGGAT-1,WM,5
AATTCTAGAGTTAGGC-1,Layer_6,4
AATTGAACGCTCTGGT-1,Layer_5,4
AATTGCAGCAATCGAC-1,Layer_6,4
AATTTGGGACATAGTA-1,Layer_3,3
AATTTGGTTCCAAAGA-1,Layer_3,3
ACAAACCATGCGTCCT-1,Layer_6,4
ACAAACCGACAAGGCG-1,Layer_3,3
ACAAAGCATGACCTAG-1,Layer_6,4
ACAAATCGCACCGAAT-1,Layer_6,4
ACAAATGGTAGTGTTT-1,Layer_5,2
ACAAATTCAGATCTGA-1,Layer_3,3
ACAACAGCATGAGCTA-1,Layer_4,2
ACAACGGTCCCTGCGA-1,Layer_4,3
ACAAGCAGTGCCTAGC-1,Layer_5,2
ACAAGCTATATGGAAG-1,,2
ACAAGGAAATCCGCCC-1,Layer_6,4
ACAAGGACAAGAGGTT-1,Layer_5,2
ACAAGGATGCTTTAGG-1,Layer_6,4
ACAAGGCCTACCAGCC-1,Layer_3,1
ACAAGGGCAGGCTCTG-1,Layer_5,2
ACAATAGTCGTACGTT-1,Layer_5,2
ACAATCCATTTAAACC-1,Layer_5,2
ACAATCGATCTTTATA-1,Layer_3,3
ACAATGAATACGGAGA-1,Layer_6,4
ACAATGATTCTTCTAC-1,Layer_3,1
ACAATTGTGTCTCTTT-1,Layer_6,4
ACAATTTAGGAGGCTC-1,Layer_4,3
ACAATTTGAGCAGTGG-1,Layer_3,3
ACAATTTGGCCATATT-1,Layer_3,3
ACACAAAGACGGGTGG-1,Layer_4,3
ACACAAATATTCCTAG-1,Layer_3,1
ACACACCAGGACCAGT-1,Layer_5,2
ACACACTTTCTACACG-1,Layer_3,3
ACACATGATCAAATCT-1,Layer_6,4
ACACATTGACGCAACA-1,,3
ACACCACATAATTAGC-1,Layer_3,1
ACACCCAGCATGCAGC-1,Layer_4,2
ACACCCGAGAAATCCG-1,Layer_4,3
ACACCGGTCTGACCGC-1,Layer_6,4
ACACCTTAAGTAGGGC-1,Layer_5,2
ACACCTTACTACTTGC-1,Layer_3,3
ACACGAGACTCCTTCT-1,Layer_4,3
ACACGGCACTATGCAT-1,Layer_3,3
ACACGGGAACTTAGGG-1,Layer_3,3
ACACGTAGGCCACAAG-1,Layer_6,4
ACACTCCAATGTCACT-1,Layer_3,3
ACACTGATCAAGGTGT-1,Layer_6,4
ACACTGGGACAGTCGT-1,Layer_6,4
ACAGAACTGAGAACAA-1,Layer_6,4
ACAGATTAGGTTAGTG-1,Layer_3,3
ACAGCATAGAGCCAGT-1,Layer_3,3
ACAGCGACATTCTCAT-1,Layer_6,4
ACAGCGCACCCGCAGC-1,Layer_3,3
ACAGGCTTGCCCGACT-1,Layer_6,4
ACAGGTGGAGGTGAGG-1,Layer_6,4
ACAGGTGTGTTGTTGC-1,,2
ACAGTAATACAACTTG-1,Layer_5,2
ACAGTGCAGCGCATTT-1,Layer_3,1
ACATAAGTCGTGGTGA-1,Layer_6,4
ACATAATAAGGCGGTG-1,Layer_3,3
ACATCAGCTGGGACGC-1,Layer_5,2
ACATCCCGGCCATACG-1,WM,4
ACATCCTGGTAACTGT-1,Layer_4,3
ACATCGATCGTTTACC-1,Layer_6,4
ACATCGGTCAGCCGCG-1,Layer_6,4
ACATCGTATGCAATGG-1,Layer_5,4
ACATCGTTAACCTAGT-1,Layer_3,3
ACATCTCAACGCGTAA-1,Layer_3,3
ACATGGCGCCAAAGTA-1,Layer_4,3
ACATTAGTTTATATCC-1,Layer_6,4
ACCAAACACCCAGCGA-1,Layer_3,1
ACCAAACTAGAAATCC-1,Layer_3,3
ACCAACACCACACACT-1,Layer_3,1
ACCAACCGCACTCCAC-1,Layer_6,4
ACCAACGCTTATTTAT-1,WM,4
ACCAAGAACGCGTGTC-1,Layer_3,3
ACCAATATGCAAGTTA-1,Layer_6,4
ACCACAACTCAGAACA-1,Layer_3,3
ACCACAAGTTTCTATC-1,Layer_5,2
ACCACCAATGTAACAA-1,Layer_4,3
ACCACCCTCTCTTCTA-1,Layer_3,1
ACCACGTGCAGCTATA-1,Layer_6,4
ACCAGCCCGGTCTTTG-1,Layer_3,3
ACCAGGAGTGTGATCT-1,Layer_3,3
ACCAGTGCCCGGTCAA-1,Layer_3,1
ACCAGTGCGGGAGACG-1,Layer_5,2
ACCATATCCGCAATAA-1,Layer_5,2
ACCATCCGCCAACTAG-1,Layer_5,2
ACCATCGTATATGGTA-1,Layer_6,4
ACCCAACGCCCGTGGC-1,Layer_3,3
ACCCACCTACATGCTC-1,Layer_5,2
ACCCATCTTGAGGGTA-1,Layer_5,2
ACCCATTTGTCCCTCT-1,Layer_6,4
ACCCGAGCGAAATTAC-1,Layer_6,4
ACCCGATTGGTTCCGA-1,WM,5
ACCCGGAAACTCCCAG-1,WM,4
ACCCGGATGACGCATC-1,Layer_3,3
ACCCGGTTACACTTCC-1,Layer_6,4
ACCCGTGTCATCAGTA-1,WM,5
ACCCTATAGGACTGAG-1,Layer_3,3
ACCCTATGCCATATCG-1,WM,4
ACCCTCCCTTGCTATT-1,Layer_6,4
ACCCTGGTAACGCCCT-1,Layer_3,1
ACCCTTCATCTGCGAA-1,Layer_3,3
ACCCTTGCCTGGGTCG-1,Layer_3,1
ACCCTTTAGTTCTCCA-1,Layer_3,3
ACCGAAAGGGCCCTGC-1,Layer_3,3
ACCGAAGAGTCTGGTT-1,Layer_6,4
ACCGACACATCTCCCA-1,WM,5
ACCGACTGAGTCCCAC-1,Layer_4,3
ACCGATAGGCATAACC-1,Layer_6,4
ACCGATATTTAATCAT-1,Layer_5,2
ACCGATGGTAGCATCG-1,Layer_4,3
ACCGCAATAACTGCCT-1,Layer_6,4
ACCGCGGTGGAAGTCG-1,Layer_4,2
ACCGGGCCTTTGTTGA-1,Layer_5,2
ACCGGTCAGGTACACC-1,Layer_6,4
ACCGGTCTGAGTACGG-1,Layer_3,1
ACCGTGACCACGTGGG-1,WM,5
ACCGTTCCCGCTCTGA-1,Layer_3,3
ACCTAAGTACCTTTCA-1,Layer_6,4
ACCTAATCGACTTCCT-1,Layer_5,2
ACCTACAGTATGTGGT-1,Layer_3,3
ACCTACTATAAATCTA-1,WM,5
ACCTCCGCCCTCGCTG-1,Layer_6,4
ACCTCCGTTATTCACC-1,Layer_3,1
ACCTCGAACTTATGCT-1,Layer_6,4
ACCTGCGTGTCATGTT-1,Layer_6,4
ACGAAATGGGCGGCAC-1,Layer_5,2
ACGACTGGTCATACTC-1,WM,5
ACGAGAACCCATCACG-1,Layer_3,3
ACGAGATATTTGCTTA-1,Layer_3,3
ACGAGGATACCACTCT-1,Layer_6,4
ACGAGGTTTACAACGT-1,Layer_6,4
ACGAGTACGGATGCCC-1,Layer_3,1
ACGATACATAGAACTA-1,Layer_3,3
ACGATACCTATCCTGA-1,,1
ACGATCATACATAGAG-1,Layer_3,3
ACGATCATCTTGTAAA-1,Layer_3,3
ACGATGCATATGTTAT-1,Layer_5,2
ACGATGGATCCGATGC-1,Layer_3,3
ACGCAAACTAATAGAT-1,WM,5
ACGCAATCACTACAGC-1,Layer_3,1
ACGCATAAATGACATG-1,Layer_3,1
ACGCATACGTTTACTA-1,Layer_6,4
ACGCATTCGTGAGTAC-1,Layer_5,2
ACGCCAGATGATTTCT-1,Layer_3,3
ACGCCCAGCTGTCGAT-1,Layer_3,3
ACGCCGCTAGACGACC-1,Layer_5,2
ACGCGAAGTCAGACGA-1,Layer_6,4
ACGCGCTACACAGGGT-1,Layer_6,4
ACGCGGGCCAAGGACA-1,Layer_5,2
ACGCGTTTCTTAAGAG-1,Layer_4,1
ACGCTAGTGATACACT-1,Layer_3,3
ACGCTGTGAGGCGTAG-1,Layer_5,2
ACGCTTAGTGTCTCTC-1,Layer_3,3
ACGGAATTTAGCAAAT-1,Layer_3,3
ACGGACTCTCAAAGCG-1,WM,5
ACGGAGCGCAAATTAC-1,Layer_3,1
ACGGATGGTGCGGATA-1,Layer_6,4
ACGGCACTTGCTTGGG-1,Layer_6,4
ACGGCCAACATGGACT-1,WM,4
ACGGCGACGATGGGAA-1,Layer_6,4
ACGGCGGGTTGCCCTG-1,Layer_3,3
ACGGCTGGATGTAGAA-1,Layer_6,4
ACGGGAGTGTCGGCCC-1,Layer_6,4
ACGGGCGTATGCGACA-1,Layer_3,1
ACGGGTCATGTGACTT-1,Layer_3,3
ACGTACAGATTTCTCT-1,Layer_3,3
ACGTAGATTGCTGATG-1,Layer_4,2
ACGTATTACTCCGATC-1,Layer_4,2
ACGTGCGCCTCGTGCA-1,Layer_3,3
ACGTGGTCGAATGTGC-1,Layer_3,3
ACGTTAATGTCGAAGA-1,Layer_5,2
ACGTTAGATTTGCCCG-1,Layer_5,2
ACGTTATTGGTCACTC-1,Layer_3,3
ACGTTCCGCGCTCCGT-1,Layer_3,3
ACGTTCGCAATCAATT-1,Layer_3,1
ACGTTCGTTCAGGAAA-1,WM,5
ACGTTCTGTACAAGTC-1,Layer_6,4
ACGTTTAGTTGTGATC-1,Layer_3,3
ACTAAGGACGCACACC-1,Layer_3,1
ACTAATACGTCAGGCG-1,Layer_3,3
ACTACATCCCGACAAG-1,Layer_6,4
ACTACCAGCTCTCTGG-1,Layer_5,2
ACTACGCGTTAGAATT-1,WM,5
ACTAGTTGCGATCGTC-1,Layer_5,2
ACTATATGCTGTGTTC-1,Layer_3,1
ACTATCCAGGGCATGG-1,Layer_3,3
ACTATCTGCCCGCGTA-1,Layer_5,2
ACTATGTCCAGCTGCC-1,Layer_6,4
ACTATTCGTCCGTGGT-1,Layer_3,3
ACTATTTCCGGGCCCA-1,WM,5
ACTCAACGAATGTATT-1,Layer_3,3
ACTCAAGTGCAAGGCT-1,Layer_6,4
ACTCAATAAAGGCACG-1,Layer_3,3
ACTCAGACCTGCTTCT-1,Layer_3,3
ACTCATGGCAGCCTTC-1,Layer_6,4
ACTCCAATATCATCAT-1,Layer_6,4
ACTCCCATTCCTAAAG-1,Layer_6,2
ACTCCCGAATTCGTTT-1,Layer_3,3
ACTCCCTAATGCTAAA-1,WM,4
ACTCCCTAGAATAGTA-1,Layer_6,4
ACTCGATGTATTTCAT-1,Layer_3,3
ACTCGTAACCCGTCCT-1,Layer_6,4
ACTCGTCAGTAATCCC-1,Layer_4,2
ACTCTAAACCTGGGAT-1,,1
ACTCTCTGACTTAGGT-1,Layer_5,2
ACTCTCTTATACACGA-1,Layer_3,3
ACTCTTCAGCTCCCGC-1,Layer_3,1
ACTCTTGTATAGTAAC-1,Layer_5,2
ACTGAAACGCCGTTAG-1,Layer_6,4
ACTGAATGGCGAAAGT-1,Layer_5,4
ACTGATTTAGTGATTC-1,Layer_3,3
ACTGCCCGCCATTCTC-1,,4
ACTGCCGTCGTAACTC-1,Layer_3,3
ACTGCGGACACACCGT-1,Layer_3,3
ACTGCTCGGAAGGATG-1,Layer_6,2
ACTGGCGAACCTGCGT-1,Layer_3,1
ACTGTACGATACACAT-1,Layer_3,3
ACTGTAGCACTTTGGA-1,Layer_5,2
ACTGTATACGCGAGCA-1,Layer_3,3
ACTGTCCAGGATTATA-1,Layer_5,2
ACTGTCTTCTTTAGAA-1,Layer_4,2
ACTGTGCTAGTAGATC-1,Layer_3,3
ACTGTTTAGTGTAGGC-1,Layer_3,3
ACTTACCGGGCGCGCA-1,Layer_3,3
ACTTACGCATCCACGC-1,Layer_6,4
ACTTAGTACGACAAGA-1,Layer_3,3
ACTTATACTTACCCGG-1,Layer_4,3
ACTTATTAGGATCGGT-1,Layer_5,2
ACTTATTTATGTGCCA-1,Layer_5,2
ACTTCAGGCTGATCCC-1,Layer_6,4
ACTTCCATGCGGGACA-1,Layer_6,4
ACTTCGCCATACGCAC-1,Layer_3,3
ACTTGACTCCCTCTTT-1,Layer_5,2
ACTTGCCATATTGTAC-1,Layer_3,3
ACTTGGGACCCGGTGG-1,Layer_5,2
ACTTGTAGTCCCTTCA-1,Layer_5,2
ACTTGTGGATGGAACG-1,Layer_5,2
ACTTTACCCTCATGAA-1,Layer_3,3
ACTTTCCTATAGCTTC-1,Layer_4,2
ACTTTGACTGCATCCT-1,Layer_5,2
ACTTTGGTCGTGCTCC-1,Layer_6,4
ACTTTGTCGACGCACT-1,Layer_5,2
AGAAATTATGACTCGC-1,Layer_5,2
AGAACCCAGCGTGACA-1,Layer_3,3
AGAACCCTCAATTGGG-1,Layer_6,4
AGAACGTGGTACATTC-1,Layer_3,3
AGAAGAGCGCCGTTCC-1,Layer_4,2
AGAAGGTACACTTCAC-1,Layer_6,4
AGAAGGTTGCCGAATT-1,Layer_6,4
AGAAGGTTGTAGGTCG-1,WM,5
AGAAGTGATTCGTGAT-1,Layer_6,4
AGAATAAATCTTCAGG-1,Layer_5,2
AGAATGCGGGTTCGGA-1,Layer_3,1
AGAATTATGGATTCGA-1,Layer_3,3
AGAATTGTTTGACATA-1,Layer_3,3
AGACAGCTCAGAATCC-1,Layer_3,3
AGACAGGCATCTCAGC-1,Layer_5,2
AGACATAGATCCTTCC-1,Layer_3,3
AGACCAAACCACACCT-1,Layer_5,2
AGACCATGGGATACAA-1,Layer_4,3
AGACCCACCGCTGATC-1,Layer_6,4
AGACCCGCCCTCCTCG-1,Layer_4,2
AGACCGCTCCGCGGTT-1,Layer_5,2
AGACCGGGAAACCCTG-1,Layer_5,2
AGACGAAGTGCCGGTC-1,Layer_5,2
AGACGACGATGCCGCT-1,Layer_6,4
AGACGCCCACTTCGCC-1,Layer_6,2
AGACGGGATTGGTATA-1,Layer_3,3
AGACGGGCCGATTTAA-1,Layer_3,3
AGACTAGCCTTCCAGA-1,Layer_5,2
AGACTGTTACCGGGTC-1,WM,5
AGAGAAACACCAGAAA-1,WM,5
AGAGAACCGTCTAGGA-1,Layer_3,3
AGAGAAGGAGTACAAT-1,Layer_6,4
AGAGATCTCTAAAGCG-1,Layer_5,2
AGAGCAGTTATGAGAC-1,Layer_5,2
AGAGCCGCCGAGATTT-1,Layer_6,4
AGAGCGCTTGTAACGG-1,Layer_3,1
AGAGCGGGCTAATCAT-1,Layer_3,3
AGAGCGTACAAGCTCG-1,Layer_5,2
AGAGCTACGAAAGCAT-1,Layer_3,3
AGAGGCTTCGGAAACC-1,Layer_5,2
AGAGGGACAATTGTCC-1,Layer_3,1
AGAGGTATCTCGGTCC-1,Layer_3,3
AGAGTAAACTTCACTA-1,Layer_5,2
AGAGTATAGTGTTACG-1,Layer_3,1
AGAGTGAACAGACACC-1,Layer_3,1
AGAGTTAGAGACCGAT-1,Layer_3,3
AGAGTTGCAGGCCTCC-1,Layer_3,1
AGATAACTTCAGGGCC-1,Layer_5,2
AGATACCAATAGAACC-1,Layer_6,4
AGATACCAGCACTTCA-1,Layer_3,1
AGATACCGGTGTTCAC-1,Layer_6,4
AGATACGACTTCATAT-1,Layer_3,3
AGATACTCAAGATCGA-1,Layer_5,4
AGATATAATACGACTA-1,WM,5
AGATCGTGCATAAGAT-1,Layer_3,1
AGATCTCAGGTGTGAT-1,Layer_3,3
AGATGACTCGCCCACG-1,Layer_3,3
AGATGAGGGTTGCGAT-1,Layer_3,3
AGATGATGGAGTCTGG-1,Layer_3,3
AGATGCAAGACGTGCA-1,Layer_6,4
AGATTATAGGACGTTT-1,Layer_5,2
AGATTCAAGCGGGTCG-1,Layer_3,1
AGATTCACAACCGATA-1,Layer_6,2
AGCAAAGGCCGCTAGT-1,WM,5
AGCAACATATCTTATT-1,Layer_5,2
AGCAACCGAAAGTAAT-1,Layer_6,4
AGCACACGTTTAGACT-1,Layer_6,4
AGCACCAGTACTCACG-1,Layer_3,3
AGCACTACCGGCCTGT-1,Layer_5,2
AGCACTACCTCACCAG-1,Layer_6,4
AGCACTTAAGGACGCC-1,Layer_5,2
AGCAGAAGGAGAAAGA-1,WM,5
AGCAGCCAGATGAATA-1,WM,5
AGCATATCAATATGCT-1,Layer_6,4
AGCATCATTTCGAAAG-1,Layer_6,4
AGCATCGTCGATAATT-1,Layer_3,3
AGCCAAGCTTTGTGTC-1,WM,5
AGCCACAGGTTACCCG-1,Layer_6,4
AGCCACTCCCGTGCTT-1,Layer_3,3
AGCCCATACATGTAAG-1,Layer_6,4
AGCCCGCAACAAGCAG-1,WM,5
AGCCCGGCATTAGAGG-1,Layer_6,4
AGCCCGGTAGCCTGTA-1,WM,5
AGCCCTAAGCGAAGTT-1,Layer_3,3
AGCCCTCCCTGGTGGC-1,Layer_6,4
AGCCCTGTCGCACCGT-1,Layer_3,3
AGCCCTTCTAATCCGA-1,Layer_3,1
AGCCCTTGGACATCCC-1,Layer_5,2
AGCCGTGGCTAAATGT-1,Layer_6,4
AGCCTAATACCCACGT-1,Layer_6,2
AGCCTTAAAGCGGAAG-1,Layer_3,3
AGCGACAGGAACGGTC-1,Layer_6,4
AGCGACATCCCATTCA-1,Layer_3,3
AGCGACCAACGATATT-1,Layer_4,2
AGCGAGACGTGAAGGC-1,Layer_6,4
AGCGATGCGCCTAATA-1,Layer_6,4
AGCGCATAATGAATCG-1,WM,5
AGCGCGGGTGCCAATG-1,Layer_3,3
AGCGCTAGAGCGATGT-1,Layer_3,3
AGCGCTTATGGGCAAG-1,Layer_3,3
AGCGGACACTTCGTAG-1,WM,5
AGCGGCGGTTAGCGGT-1,Layer_6,2
AGCGGGAAGGGTCCAT-1,Layer_3,3
AGCGGGTCTGACACTC-1,WM,5
AGCGGTTGAGATGTAC-1,Layer_3,1
AGCGGTTGCCGCTCTG-1,Layer_3,1
AGCGTACGAGAGCTAG-1,Layer_3,3
AGCGTAGCGCTAGACC-1,,1
AGCGTGGTATTCTACT-1,Layer_6,4
AGCGTTCCGATTTAAA-1,Layer_3,1
AGCTAACAAGCAATGT-1,WM,4
AGCTAAGTACGCAGGC-1,WM,4
AGCTAGAAGCAGAAGT-1,Layer_3,1
AGCTATTTAATCCAAC-1,Layer_3,3
AGCTCCATATATGTTC-1,Layer_6,4
AGCTCCTTCGCACATC-1,Layer_6,4
AGCTCGTTGATGGAAA-1,Layer_3,1
AGCTCTAGACGTTCCA-1,Layer_5,2
AGCTCTTCCCAGTGCA-1,Layer_3,3
AGCTCTTCGTAACCTT-1,Layer_3,3
AGCTCTTTACTCAGTT-1,Layer_6,4
AGCTGAAGTAAACCAA-1,Layer_3,3
AGCTGCATTTGAGGTG-1,Layer_3,1
AGCTGCTGTGCCGAAT-1,Layer_3,1
AGCTGTAACCTCAATC-1,Layer_6,4
AGCTTATAGAGACCTG-1,Layer_3,3
AGCTTCAATACTTTGA-1,,3
AGCTTGATCTTAACTT-1,Layer_5,2
AGGAACGAACGACTTC-1,Layer_6,4
AGGAAGCTGTCCGCCG-1,WM,5
AGGACAGTCGAATCCC-1,Layer_5,2
AGGACATCGCACGTCG-1,Layer_3,3
AGGACGACCCATTAGA-1,Layer_6,4
AGGACGCTCGATGTTG-1,Layer_3,1
AGGAGACATCCACAGT-1,Layer_3,1
AGGAGGCCTTCGCGCG-1,Layer_6,4
AGGATAAAGTCGGGAT-1,Layer_6,4
AGGATATAGGGATTTA-1,Layer_5,2
AGGATCACGCGATCTG-1,Layer_6,2
AGGATTGCTTACGACA-1,Layer_3,1
AGGCACGTGACTGTCC-1,Layer_6,2
AGGCAGATGCGTAAAC-1,Layer_3,3
AGGCAGGGAGCGTACT-1,WM,5
AGGCATTGTCGTAGGG-1,Layer_5,2
AGGCCACCCGTTATGA-1,Layer_5,2
AGGCCCATTGTACAGG-1,Layer_3,3
AGGCCCTAGAACGCCA-1,Layer_6,4
AGGCCTGAGAATCTCG-1,Layer_6,4
AGGCGATAACTGGCGT-1,Layer_5,2
AGGCGGTTTGTCCCGC-1,Layer_6,4
AGGCGTCTATGGACGG-1,Layer_3,1
AGGCTATGGTTAGCTT-1,Layer_5,2
AGGCTTCCCGAAGAAG-1,Layer_6,4
AGGCTTGCTAGACACC-1,Layer_4,3
AGGGAAACGAGGTACT-1,Layer_3,3
AGGGACCGGCTGCGTT-1,Layer_3,3
AGGGACTCTACGCGAC-1,WM,4
AGGGAGACATACTTCG-1,Layer_3,1
AGGGCAGCGGCGTGGT-1,Layer_3,3
AGGGCGAGCAGCTGAT-1,Layer_6,2
AGGGCGTGATCGGCTA-1,Layer_3,3
AGGGCTGCAGTTACAG-1,Layer_5,2
AGGGTCAGAGCACTCG-1,WM,5
AGGGTCAGTAACCCTA-1,Layer_3,1
AGGGTCGATGCGAACT-1,Layer_3,3
AGGGTGCCGTTCTTTA-1,WM,5
AGGGTGCTCTCGAGGG-1,Layer_3,3
AGGGTGGATAGTGCAT-1,Layer_4,3
AGGGTGTGCTACACGC-1,Layer_3,1
AGGGTTCAGACGGTCC-1,WM,5
AGGGTTCCCTTTGGTT-1,Layer_3,3
AGGGTTTAGTTCGGGA-1,Layer_5,2
AGGTAACCTCCTATTC-1,Layer_3,3
AGGTACGATATTGCCA-1,Layer_3,3
AGGTAGATCGAGATAT-1,WM,5
AGGTAGGTACAAAGCT-1,Layer_5,2
AGGTATAATTGATAGT-1,Layer_3,3
AGGTATGCGGACATTA-1,Layer_3,3
AGGTCAGGTGAGAGTG-1,Layer_6,4
AGGTCGCCACTTCGGT-1,,1
AGGTCGCCTCCCAACA-1,Layer_6,2
AGGTCGCGGAGTTACT-1,Layer_3,1
AGGTGGTGACCTTCGC-1,WM,5
AGGTGTATCGCCATGA-1,Layer_5,2
AGGTTACACCATGCCG-1,Layer_4,3
AGGTTGAGGCACGCTT-1,Layer_3,3
AGGTTTCACACACCTT-1,Layer_5,2
AGTAACGTTCATCCTG-1,Layer_3,3
AGTAATGTCTTGCCGC-1,Layer_3,3
AGTACATCATTTATCA-1,Layer_3,1
AGTACCTTCGAGTGCT-1,Layer_3,1
AGTACGGCCCGTATCG-1,Layer_5,2
AGTACGGGCACCTGGC-1,Layer_3,3
AGTACGTGGCCTGTCT-1,Layer_3,3
AGTACTCTTATGCCCA-1,Layer_6,4
AGTAGCGTGAACGAAC-1,Layer_3,3
AGTAGCTAGACGCCGA-1,Layer_3,1
AGTAGGAAGGAAGTTG-1,Layer_3,3
AGTAGGTAACATACAT-1,Layer_3,3
AGTATAATACTAGGCA-1,Layer_5,2
AGTATACACAGCGACA-1,WM,5
AGTATCCATAATAACG-1,,1
AGTATGCTGGAGACCA-1,Layer_6,4
AGTATTTGGCACGACC-1,WM,5
AGTCAAATGATGTGAT-1,WM,5
AGTCAACACCACCATC-1,Layer_6,4
AGTCAAGATGACACTT-1,Layer_5,4
AGTCACTAGCTCTCGA-1,Layer_6,4
AGTCACTCCGCCTCAT-1,Layer_3,3
AGTCAGCCACCGCCTG-1,Layer_3,3
AGTCCAGCGGGTACGT-1,,1
AGTCCATTGGCTGATG-1,Layer_4,3
AGTCCCGCCTTTAATT-1,Layer_3,3
AGTCGACGGTCTCAAG-1,Layer_4,2
AGTCGGCCCAAACGAC-1,Layer_5,2
AGTCGGCTCAACTTTA-1,Layer_6,4
AGTCGGTTGCGTGAGA-1,Layer_3,3
AGTCGTATAAAGCAGA-1,WM,5
AGTCGTCGACCACCAA-1,Layer_6,4
AGTCGTGGGCATTACG-1,Layer_6,4
AGTCTAAAGTATACTC-1,Layer_3,1
AGTCTCACAAGACTAC-1,Layer_6,4
AGTCTGGACATCCTTG-1,Layer_3,3
AGTCTTCTCCTCAAAT-1,Layer_3,3
AGTCTTTAAAGTGTCC-1,WM,5
AGTGAACAAACTTCTC-1,Layer_4,2
AGTGACCTACTTTACG-1,Layer_6,4
AGTGACTGTGACACAA-1,Layer_6,4
AGTGAGACTTCCAGTA-1,Layer_4,3
AGTGAGCCTCGCCGCC-1,Layer_3,1
AGTGAGGGTTTCTGAC-1,Layer_3,3
AGTGATAACCTGCGCG-1,Layer_6,4
AGTGATATGAGTAGTT-1,Layer_6,4
AGTGATTCAAGCAGGA-1,Layer_3,3
AGTGCACGCTTAAGAA-1,Layer_6,4
AGTGCGTAGCTCGTAA-1,Layer_6,4
AGTGCTAAACACAGCA-1,Layer_6,4
AGTGCTTGCACGAATA-1,Layer_5,2
AGTGGCGGCAATTTGA-1,Layer_3,3
AGTGGCGTCTGAAGGT-1,Layer_6,4
AGTGGCTCCGTCGGCC-1,Layer_5,2
AGTGGTGTTACCCGTG-1,Layer_5,2
AGTGTATTGCGCATTG-1,Layer_3,3
AGTGTGCTAAGATCGC-1,Layer_3,3
AGTGTGGTCTATTGTG-1,Layer_4,3
AGTTAAACACTTGCGA-1,Layer_6,4
AGTTAAGCGGTCCCGG-1,Layer_3,3
AGTTAAGTCAACCGCT-1,Layer_6,4
AGTTACCCTTAAGACT-1,Layer_3,3
AGTTACCGCACATGGT-1,Layer_4,3
AGTTACTCTATCGTGG-1,Layer_3,3
AGTTATTGAAAGGTAA-1,Layer_3,3
AGTTCACCGGTTGGAC-1,Layer_3,3
AGTTCCTACAGAATTA-1,Layer_5,2
AGTTCCTATTTATGTT-1,Layer_6,4
AGTTCTGCGTTGTATC-1,Layer_3,3
AGTTGACATCGGCTGG-1,Layer_3,3
AGTTGACGGTCCTTGC-1,WM,5
AGTTGCTGACTGATAT-1,Layer_3,3
AGTTTATGTAAAGACA-1,Layer_3,1
AGTTTCGCAGGTCGGA-1,Layer_3,3
AGTTTGCACCTGCCTC-1,WM,4
AGTTTGGCACGGGTTG-1,Layer_5,2
AGTTTGGCCAGACCTA-1,Layer_6,4
ATAAACGGACCCGTAA-1,Layer_6,4
ATAAACGTTGCACCAC-1,Layer_6,4
ATAAAGGCTCGGTCGT-1,Layer_5,2
ATAAAGGTCAAGTACG-1,Layer_3,3
ATAAATATTAGCAGCT-1,Layer_5,2
ATAACGCCGGAGGGTC-1,Layer_4,3
ATAACGGAGTCCAACG-1,Layer_3,3
ATAACGTTACCTCCAC-1,Layer_3,1
ATAAGCAAACACCGAG-1,Layer_3,1
ATAAGGTGGAGAACAT-1,Layer_6,4
ATAAGTACCCGATTGT-1,Layer_3,1
ATAAGTAGGATTCAGA-1,Layer_3,1
ATAAGTAGGGCGACTC-1,Layer_3,3
ATAAGTTACCGCGACG-1,Layer_6,4
ATAATACCGTTAGCCG-1,Layer_3,3
ATAATAGCTGTTGAAT-1,Layer_6,4
ATAATAGTGTAGGGAC-1,Layer_3,3
ATAATCTTGGAGAACC-1,WM,5
ATAATTAGCTAAGTAG-1,WM,5
ATACAGGCCCTCCAAT-1,WM,4
ATACCACGGGCAACTT-1,Layer_5,2
ATACCAGCAAATTGCT-1,Layer_3,3
ATACCAGGCTAATAGA-1,Layer_3,3
ATACCAGGTGAGCGAT-1,Layer_3,3
ATACCGTCATCCATAA-1,Layer_3,1
ATACCTAACCAAGAAA-1,WM,5
ATACGAAGGCTTTCCA-1,Layer_3,3
ATACGACAGATGGGTA-1,Layer_3,1
ATACGCCGGCGAAACC-1,Layer_5,2
ATACGGAACGTCGTTT-1,Layer_6,4
ATACGGGTTTCGATTG-1,Layer_3,3
ATACGGTGAAGATGCA-1,Layer_5,2
ATACGTACTTAGCCAC-1,Layer_6,4
ATACGTCCACTCCTGT-1,Layer_5,2
ATACGTTATGCACGGA-1,WM,5
ATACTACCCGTACCAC-1,Layer_6,4
ATACTAGCATGACCCT-1,Layer_3,3
ATACTCTCGCCACTCT-1,Layer_3,3
ATACTGCCTTACACCG-1,Layer_6,4
ATACTTGTTCTCGAGC-1,Layer_4,3
ATAGACAACGGGACCT-1,Layer_3,3
ATAGACGAAGAGAAAG-1,Layer_5,2
ATAGAGTACTGGGACA-1,Layer_5,2
ATAGAGTTATCAACTT-1,Layer_3,3
ATAGCAACTAGGGAAG-1,Layer_6,4
ATAGCCTCAGTACCCA-1,Layer_3,3
ATAGCTGCTCTTGTTA-1,Layer_3,3
ATAGGAATCTAAGCTT-1,Layer_3,1
ATAGGCGGCTATAGAA-1,Layer_6,4
ATAGGCTAGCTTCGCA-1,Layer_3,1
ATAGGGATATCCTTGA-1,Layer_3,3
ATAGGTTGGGCAGATG-1,Layer_4,3
ATAGTCTTTGACGTGC-1,Layer_3,3
ATAGTGAAGCGTTCTC-1,Layer_6,4
ATAGTTCCACCCACTC-1,Layer_3,3
ATATAAAGCGCTCGTG-1,WM,5
ATATAAATGTAGCTGC-1,Layer_6,4
ATATAACACGGGCGCA-1,Layer_6,4
ATATACGCTCGTGACG-1,Layer_6,4
ATATAGAGTATTGGTC-1,Layer_6,4
ATATCAACCTACAGAG-1,Layer_3,3
ATATCGGTAGGGAGAT-1,Layer_3,3
ATATCGTGCCAGACCC-1,Layer_3,3
ATATCGTTCCTCGAAC-1,Layer_6,4
ATATCTCCCTCGTTAA-1,Layer_3,3
ATATCTTAGGGCCTTC-1,Layer_5,2
ATATGTCTCCCTAGCC-1,Layer_3,3
ATATGTGCACAAACCA-1,Layer_3,1
ATATTCAGTTAAACCT-1,Layer_6,4
ATATTCCACATAGTGA-1,Layer_6,4
ATATTCCCACAGGTCA-1,Layer_3,3
ATATTGCTGTCAAAGT-1,Layer_3,3
ATATTGGAGAGGCCTT-1,Layer_6,2
ATATTTAACCCTCAAG-1,Layer_5,2
ATCAAACACTGTTCCA-1,Layer_5,2
ATCAAACGAAGGTTTG-1,Layer_6,4
ATCAAGATCCCAGGAC-1,,5
ATCAATCTGGGCTGCA-1,Layer_5,2
ATCAATGCCGTGGCTG-1,Layer_6,4
ATCACATTAGAATATC-1,Layer_3,3
ATCACGTGCTAATTAA-1,Layer_6,4
ATCACTTCATCCTCGC-1,Layer_3,3
ATCAGACGGCACGCCG-1,Layer_6,4
ATCAGCCTCATGCTGC-1,Layer_6,4
ATCAGCTCGTCCACTA-1,Layer_6,2
ATCAGGTCGCCATTGC-1,Layer_3,3
ATCAGTAGGCAGGGAT-1,Layer_3,3
ATCATAGCCCTATGTA-1,Layer_6,4
ATCATCCAATATTTGT-1,Layer_5,2
ATCATCTGCCCAGTGT-1,Layer_3,3
ATCCAACGCAGTCATA-1,Layer_5,2
ATCCAATGGAGGGTCC-1,Layer_6,4
ATCCACATCGACAGAA-1,WM,5
ATCCACGCTAAATGTT-1,Layer_3,3
ATCCACTTTCAGACTA-1,Layer_3,1
ATCCAGAGCAACAACC-1,Layer_6,4
ATCCAGGATTCGTGAA-1,Layer_6,4
ATCCCATCCACAGCGC-1,Layer_6,4
ATCCTACCTAAGCTCT-1,Layer_6,4
ATCCTGAATCGCTGCG-1,Layer_5,2
ATCCTGCGTGGAATGG-1,Layer_6,4
ATCCTGCTGCAGATAG-1,Layer_3,3
ATCGACCCAATACAGA-1,Layer_6,4
ATCGACTCTTTCCGTT-1,Layer_3,3
ATCGCACGATTGTTCA-1,,3
ATCGCACGCCGGGAGA-1,Layer_4,3
ATCGCCAGTCAACATT-1,Layer_4,2
ATCGCTGCGTGCAGCA-1,Layer_3,1
ATCGCTTTACGTCTCA-1,Layer_3,1
ATCGGAGACAGACGGC-1,Layer_6,4
ATCGGCAAGCAGTCCA-1,Layer_3,1
ATCGGTTACCTAGTAA-1,Layer_5,2
ATCGTATTCCGAGAAC-1,,1
ATCGTGGAAAGTCTGG-1,Layer_6,4
ATCGTTAGCTAGCGGA-1,Layer_6,4
ATCGTTCACTTTCGCC-1,Layer_3,3
ATCTAATATCCTACGG-1,WM,4
ATCTAGCTTGTGAGGG-1,WM,5
ATCTCATAAACCTACC-1,Layer_3,1
ATCTCCCACGGAATAT-1,Layer_6,4
ATCTCCCTGCAATCTA-1,Layer_3,3
ATCTCGTGAGCGAAAC-1,Layer_4,2
ATCTGACATGGAAGGA-1,WM,5
ATCTGATAGTGTCTTA-1,Layer_3,3
ATCTGCACCTCTGCGA-1,Layer_3,3
ATCTGCTGTTATCGCC-1,WM,5
ATCTGGGCTGTTCTTG-1,WM,5
ATCTGGTTAAGACTGT-1,Layer_3,3
ATCTGTAATTGTACCC-1,Layer_3,3
ATCTTATCGCACACCC-1,Layer_6,4
ATCTTGACCTGCAACG-1,Layer_5,2
ATCTTGACTTGTCCAA-1,Layer_3,1
ATCTTTCGTATAACCA-1,Layer_3,1
ATGAAGCCAAGGAGCC-1,Layer_4,3
ATGAAGTGGACCCAGC-1,,1
ATGACGCCGGCTCTAA-1,Layer_3,3
ATGACGCGTTCTATCC-1,Layer_6,4
ATGACTATCAGCTGTG-1,WM,5
ATGACTATGCGACATT-1,Layer_5,4
ATGAGGAGTGTTAATC-1,Layer_5,2
ATGAGGGCAGCGGCTA-1,Layer_3,3
ATGATCGGGAATAGAC-1,Layer_3,3
ATGATGCAATGGTACA-1,Layer_6,4
ATGCACCTTCCTTAAT-1,Layer_3,1
ATGCACGCGCTGTTCA-1,Layer_6,4
ATGCACTACCGCATTG-1,Layer_5,2
ATGCATGATCCAGGAT-1,Layer_3,3
ATGCATTCCGTGATGG-1,Layer_3,3
ATGCCAATCGCTCTGC-1,Layer_3,1
ATGCCATTTGCGACCA-1,Layer_5,2
ATGCCGGTCTTGCATA-1,Layer_4,3
ATGCCGGTTGATGGGA-1,Layer_3,3
ATGCGACAATTGGTCC-1,Layer_3,1
ATGCGACAGTCCCATT-1,Layer_5,2
ATGCGAGTCCCACCAC-1,Layer_5,2
ATGCTCAGTGTTGCAT-1,Layer_4,3
ATGCTCTGGCGCGGTA-1,WM,5
ATGCTTAGGAGTTGAT-1,Layer_6,4
ATGGAAATTTAAGGAG-1,Layer_5,2
ATGGAACAGAATAAAC-1,Layer_3,1
ATGGAACCTTTGCACA-1,Layer_3,3
ATGGAGCAGGCCGTGA-1,Layer_5,2
ATGGATCCGGCGTCCG-1,Layer_3,3
ATGGATTGACCAAACG-1,Layer_4,3
ATGGCAGCATTACGAT-1,Layer_6,4
ATGGCAGCCGAGAAAC-1,Layer_4,3
ATGGCTGGAAATGGCC-1,Layer_3,3
ATGGGAACGGAAGCGG-1,Layer_3,3
ATGGGACCTGCTGAAC-1,Layer_6,4
ATGGGCCTCGGCCTCT-1,Layer_5,2
ATGGGTGTATACCTCC-1,Layer_6,4
ATGGTCGCGTGGTTTC-1,Layer_5,2
ATGGTGCTCAAAGCCA-1,Layer_3,3
ATGGTTACGAAACATG-1,Layer_3,1
ATGTAAGGCTGCTCTT-1,Layer_3,1
ATGTACATGCGGTGAG-1,Layer_6,4
ATGTACGATGACGTCG-1,WM,5
ATGTAGCGCGCGTAGG-1,WM,5
ATGTCATTTCCCATTG-1,,1
ATGTGAAAGCCTAATG-1,Layer_6,4
ATGTGCATCCGACGCA-1,Layer_3,3
ATGTGGACATCTTGAT-1,Layer_6,4
ATGTGTAGTTTAGTCA-1,Layer_3,3
ATGTTACGAGCAATAC-1,Layer_3,3
ATGTTCCTGCCCACCT-1,Layer_3,3
ATGTTCGTCGACCCAC-1,Layer_5,2
ATGTTGATTAGAGACT-1,Layer_6,4
ATGTTGTAGTCTGTTT-1,WM,5
ATGTTTGTAAGATCAT-1,Layer_3,1
ATTAAACATGCGGACC-1,Layer_6,4
ATTAACACCTGAGATA-1,,1
ATTAATACTACGCGGG-1,Layer_3,3
ATTAATGAACCAGTCG-1,Layer_3,3
ATTAATTCGGTCACTC-1,Layer_3,3
ATTACAACTACCGGCC-1,Layer_3,3
ATTACATGTCAGTCTT-1,Layer_5,2
ATTACCACACTGCCTG-1,Layer_4,2
ATTACGCGCTGGCAGG-1,Layer_6,2
ATTACTAGCCTCTTGC-1,Layer_3,3
ATTACTTACTGGGCAT-1,Layer_3,1
ATTAGATTCCTCAGCA-1,Layer_3,1
ATTAGATTGATAGCGG-1,Layer_3,3
ATTAGGCGATGCTTTC-1,Layer_5,2
ATTATACTTTGCTCGT-1,Layer_3,3
ATTATAGCTACTTTAC-1,Layer_3,1
ATTATCGGAATGTACG-1,WM,5
ATTATCTCGACAGATC-1,Layer_3,3
ATTATGAGACCCAATT-1,Layer_6,4
ATTATGCCATAGGGAG-1,Layer_3,3
ATTATGCTCAGTATTG-1,Layer_3,1
ATTATTATGTCCGTCA-1,WM,4
ATTATTCAGAGTCACT-1,Layer_6,4
ATTCAAAGTACCTGTT-1,,3
ATTCAACCATTTAAGG-1,Layer_6,4
ATTCACTGATGTTGGA-1,WM,4
ATTCAGATGAATCCCT-1,Layer_3,1
ATTCAGGACCTATTTC-1,Layer_3,1
ATTCAGGATCGCCTCT-1,Layer_3,1
ATTCAGTAGCAGGGTC-1,Layer_5,2
ATTCATATACTGTCCA-1,Layer_6,4
ATTCATCGTTGAGGCA-1,Layer_6,4
ATTCCCACATAAACAA-1,Layer_5,2
ATTCCTAAGACGTGGA-1,Layer_3,1
ATTCCTCCGCCAGTGC-1,Layer_4,2
ATTCCTTCCAGGCGGT-1,Layer_3,3
ATTCGACGCCGGGCCT-1,Layer_5,2
ATTCGCAGAGGACACT-1,Layer_3,1
ATTCGCGCCTTGAGAG-1,Layer_6,4
ATTCGTGCTATCTCTT-1,Layer_4,3
ATTCTCGTCTCTTTAG-1,Layer_3,3
ATTCTGAGTATGAACT-1,Layer_3,3
ATTCTTCGTACTTATG-1,Layer_3,3
ATTGAAGATCTTAGTG-1,Layer_5,2
ATTGACCGGCGATGAC-1,Layer_3,1
ATTGACGTAACTCGGT-1,Layer_3,3
ATTGATAGCAACGAGA-1,Layer_3,3
ATTGATCACCACATTT-1,Layer_5,2
ATTGATGAGTCCTAAC-1,Layer_3,3
ATTGCCTATTAGACCG-1,Layer_6,4
ATTGCCTTTATGTTTG-1,WM,5
ATTGCGATCAGTAACT-1,Layer_5,4
ATTGCTGCTCCTCCAT-1,Layer_5,2
ATTGGATTACAGCGTA-1,Layer_6,4
ATTGGGAATATCTTGG-1,Layer_3,3
ATTGGGAGTTCTGTAA-1,Layer_3,1
ATTGGTAGGATCCGCT-1,,1
ATTGTACAACTCGGCT-1,Layer_3,3
ATTGTCGCAATACCTT-1,Layer_3,3
ATTGTGACTTCGCTGC-1,Layer_3,1
ATTGTTCAACGATCCG-1,Layer_5,2
ATTTAACTCGTATTAC-1,Layer_3,3
ATTTACAGTTTACTGG-1,Layer_5,2
ATTTACTAAGTCCATT-1,Layer_3,1
ATTTCATTATTTCGCG-1,Layer_3,3
ATTTCCGGGTTCTGCG-1,Layer_6,4
ATTTGCGCGAGTAGCT-1,Layer_6,4
ATTTGTCTTGGGAGCT-1,Layer_5,2
ATTTGTTCCAGGGCTC-1,Layer_3,3
CAAACCAGGTCTGCAT-1,,1
CAAACGAGTATCGCAG-1,Layer_6,4
CAAACGGTCGCACTTT-1,Layer_5,2
CAAACGTGGTCTTGCG-1,Layer_3,3
CAAACTACGATAGAGA-1,Layer_3,3
CAAACTATTGAGCTTC-1,Layer_3,3
CAAACTCGCGACGCCG-1,Layer_4,2
CAAAGATTATTGGGCC-1,Layer_6,4
CAAAGGTCATCTGAAA-1,Layer_4,3
CAAAGGTTAAATTCAG-1,Layer_3,1
CAAAGTCAGGTTAGCT-1,,3
CAAATCTCTCACAAGG-1,Layer_6,4
CAAATGTCCTTCCGTG-1,Layer_6,4
CAAATTGGATTATGCC-1,Layer_3,1
CAAATTGTCAGCAAGC-1,Layer_3,3
CAACACATCTCCTGCC-1,Layer_3,1
CAACAGAATAACGCTA-1,Layer_3,1
CAACATGGCCTGATAA-1,,1
CAACCAGTGGCCTACC-1,Layer_6,4
CAACCTACCGAGCAGT-1,Layer_6,4
CAACCTGAACCTGCCA-1,Layer_3,1
CAACGACCCGTTTACA-1,Layer_3,3
CAACGGTTCTTGATAC-1,Layer_3,3
CAACGTGGTGGAGTCT-1,Layer_5,2
CAACTATATCGAATGC-1,Layer_3,3
CAACTCCAACGTTTAG-1,Layer_3,3
CAACTCCGTAACTTGC-1,Layer_3,1
CAACTCCTTGATCCCG-1,Layer_3,3
CAACTGAGGGTATGAC-1,Layer_3,1
CAACTGCTCATCCGAT-1,WM,5
CAACTTGTAGTGGGCA-1,Layer_3,3
CAAGAAACCCTAAACT-1,Layer_3,1
CAAGAGGGCGGAGTAC-1,Layer_6,4
CAAGATATTATAACGT-1,Layer_5,2
CAAGCAACGTCGGAGT-1,Layer_5,2
CAAGCACCAAATGCCT-1,Layer_3,3
CAAGCGGCACATAATT-1,Layer_6,4
CAAGGATCGCATGTTC-1,Layer_5,2
CAAGGCCAGTGGTGCA-1,Layer_6,4
CAAGGTCCTATAGGCT-1,Layer_3,3
CAAGTAAGTGATAGAC-1,WM,5
CAAGTGAACTTTGGTT-1,Layer_3,3
CAAGTGTGGTTGCAAA-1,Layer_4,2
CAATAAACCTTGGCCC-1,Layer_3,3
CAATACGAGAGTCTGA-1,Layer_4,3
CAATACGCTCTGAGGC-1,Layer_5,2
CAATATGTAGATTTAC-1,Layer_3,1
CAATATTCTTGACCTA-1,Layer_6,4
CAATCCATTATCCGTT-1,Layer_3,1
CAATCCCTATACCAGC-1,Layer_3,3
CAATCCTGCCGTGGAG-1,Layer_3,3
CAATGACCCTTAATTT-1,,5
CAATGAGGTTCGACTA-1,Layer_3,1
CAATGCGAGAAGTATC-1,Layer_6,4
CAATGGAATCTACATA-1,Layer_3,3
CAATGGATCTCTACCA-1,Layer_3,3
CAATGGTCGGCCTGGG-1,Layer_3,3
CAATGTGCCAACCCTT-1,Layer_3,3
CAATTAAGGGTGATGA-1,Layer_4,2
CAATTTCGTATAAGGG-1,Layer_5,2
CACAAGAAAGATATTA-1,Layer_3,1
CACAAGCTAAGAAAGG-1,Layer_6,4
CACAATGAGCTGCTAT-1,Layer_6,4
CACACACGCTAACGAG-1,Layer_6,4
CACACAGCTTGCGCTC-1,Layer_4,2
CACACAGGGATAGATT-1,Layer_5,2
CACACGCGCTGTCTTA-1,Layer_3,3
CACACGTTTCAATGGG-1,Layer_3,3
CACACTTGTATTGCGA-1,Layer_3,1
CACAGAGACGAGGACG-1,Layer_6,4
CACAGCACCCACGGCA-1,Layer_5,2
CACAGCTAGGGAGTGA-1,Layer_3,3
CACAGGGCCATATAGT-1,Layer_6,4
CACAGGGCCGTTGTCA-1,WM,5
CACAGTCCCGCTTCGC-1,Layer_6,4
CACAGTTCGCTTCCCA-1,Layer_5,2
CACATATTAGCAGGAT-1,Layer_6,4
CACATCGTGCACGCGC-1,WM,5
CACATCTCACCGACGA-1,WM,4
CACATGATTCAGCAAC-1,Layer_5,2
CACATGTTTGGACATG-1,Layer_3,3
CACATTCTTTCGATGG-1,Layer_3,3
CACATTTCTTGTCAGA-1,Layer_4,3
CACCACGCCACACAGA-1,Layer_5,2
CACCAGTCAGCATGCA-1,Layer_6,4
CACCATCGGAGGAGAC-1,Layer_3,3
CACCATGATCGCAAAG-1,Layer_3,1
CACCCAAATCTTATGT-1,Layer_3,3
CACCCACACGTCACCC-1,Layer_3,3
CACCCACGAGGCAATT-1,Layer_3,3
CACCCGGTTTGTGACT-1,Layer_6,4
CACCCTAACAAGATCT-1,Layer_6,4
CACCCTTGGTGAGACC-1,Layer_6,4
CACCCTTTCCTCGCTC-1,Layer_3,3
CACCGATACACCGAGC-1,Layer_3,3
CACCGCCAGAAGGTTT-1,Layer_4,2
CACCGCCGACCAGCGA-1,Layer_3,3
CACCGCGTCCACTCTA-1,Layer_3,1
CACCGGAGATATCTCC-1,Layer_3,3
CACCGGTAGAGACATT-1,Layer_6,4
CACCGTATCCCATCCG-1,Layer_5,2
CACCGTTAGGGATCAC-1,Layer_6,4
CACCGTTGCGCGATAT-1,Layer_6,4
CACCTAATAGAGTCGT-1,Layer_3,3
CACCTAATCAGTTTAC-1,Layer_3,3
CACCTCGATGGTGGAC-1,Layer_3,3
CACCTCTACGAGTGTG-1,Layer_3,1
CACCTTGCGAAACTCG-1,Layer_3,3
CACCTTGGCGCCTTTG-1,Layer_4,2
CACGAAAGTTAGTCCC-1,Layer_5,2
CACGACCACAGACTTT-1,Layer_3,1
CACGACGTAATAGTAA-1,Layer_3,3
CACGACTAAAGTTCTG-1,Layer_3,3
CACGCACAGCGCAGCT-1,Layer_3,3
CACGCAGCGAGGCTTT-1,Layer_5,2
CACGCGGAACTGTTGC-1,Layer_4,2
CACGGCGCGCCAAAGG-1,Layer_3,1
CACGGGATTGAGGGTT-1,Layer_4,3
CACGTCAATCAATGGA-1,Layer_6,4
CACGTCGGCAACCTCT-1,Layer_6,4
CACGTCTATGATGTGG-1,Layer_3,3
CACGTTCGTGCTCTAG-1,Layer_5,2
CACGTTTCGTACACAC-1,Layer_6,4
CACTAAAGTTGCCTAT-1,Layer_5,2
CACTACGGGAGCTGCC-1,Layer_6,4
CACTACTCAGTTCTGT-1,Layer_3,3
CACTCAAGAGCTATGG-1,Layer_5,2
CACTCAGCTCTTGAGG-1,Layer_3,3
CACTCCTATGTAAGAT-1,Layer_6,4
CACTCCTCTCGGTCGG-1,Layer_3,3
CACTCGAGCTGAACAA-1,Layer_6,4
CACTCGGTTAGGAGGA-1,Layer_5,2
CACTCTCAAGCATCGA-1,WM,5
CACTCTTCTGCTAGCC-1,Layer_6,4
CACTGACGATTGTGGA-1,WM,5
CACTGTCCAAGTGAGA-1,Layer_3,3
CACTTAATCAGACGGA-1,Layer_5,2
CACTTCGCCACAGGCT-1,Layer_4,3
CACTTCGTCTTATCTC-1,Layer_3,3
CAGAACTTAGCCCTCT-1,Layer_6,4
CAGAATAACACACGGA-1,Layer_5,2
CAGAATATTCGTTATC-1,Layer_4,2
CAGACACCGATCGCTG-1,WM,4
CAGACCTGTAAGTGTT-1,Layer_3,3
CAGACGAACCTGATAC-1,Layer_6,4
CAGAGACGGTCACCCA-1,Layer_6,4
CAGAGCATGAGCTTGC-1,Layer_3,3
CAGAGGCGATGCATGA-1,WM,4
CAGAGTGATTTAACGT-1,Layer_3,3
CAGATAATGGGCGGGT-1,Layer_6,4
CAGATACTAACATAGT-1,Layer_5,2
CAGATATGAAGATGAC-1,Layer_6,4
CAGATCATTTAAAGTC-1,Layer_3,1
CAGATCCTGGTTTGAA-1,Layer_6,4
CAGCAGCCCGTTCCTT-1,Layer_3,3
CAGCAGTCCAGACTAT-1,Layer_5,2
CAGCAGTCTGTGCTGC-1,WM,5
CAGCCCTCACAGGCAG-1,Layer_3,3
CAGCCGGGCCCTCTAT-1,Layer_3,3
CAGCCTCCTGCAGAGG-1,Layer_3,3
CAGCCTCTCCTCAAGA-1,Layer_3,3
CAGCGATTCCCTTCAA-1,Layer_6,4
CAGCTCACTGAGACAT-1,Layer_5,2
CAGCTCGACAAGTTAA-1,Layer_3,3
CAGCTCGTGCTTGTGT-1,Layer_3,3
CAGCTGGCGTAACCGT-1,Layer_6,4
CAGCTTAGTAGGTAGC-1,Layer_5,2
CAGGAAGACTTTATAT-1,Layer_3,3
CAGGATATATCGTTGT-1,Layer_6,4
CAGGCAGTCTTACCAG-1,WM,5
CAGGCCGTTTGGGTGT-1,Layer_5,2
CAGGCGCACGGTGGTC-1,Layer_6,4
CAGGCGCCATGCTAGG-1,Layer_6,4
CAGGGAGATAGGCCAG-1,,4
CAGGTTTAGTACTACA-1,Layer_3,1
CAGTAACTATTTATTG-1,Layer_3,1
CAGTAATCCCTCCCAG-1,Layer_4,3
CAGTACATTCTCTAAA-1,Layer_3,1
CAGTACCAGTTTACGT-1,Layer_6,4
CAGTAGATGATGTCCG-1,,1
CAGTAGCCCACGCGGT-1,Layer_3,3
CAGTAGCGAGGTAGTA-1,Layer_3,3
CAGTCCAACGCCTTCT-1,Layer_3,1
CAGTCGAGGATGCAAT-1,Layer_3,1
CAGTCTCTCGGCTAAT-1,Layer_3,3
CAGTCTGTATACTGGG-1,Layer_5,4
CAGTGAATAAATGACT-1,Layer_3,3
CAGTGGTTGCACATGA-1,Layer_3,3
CAGTGTCCGCAGAATG-1,Layer_3,3
CAGTGTCGGCTGGCCC-1,Layer_6,4
CAGTTCAAATTGACAC-1,Layer_5,2
CAGTTCCGCGGGTCGA-1,Layer_5,2
CAGTTCGAGGACCCGA-1,WM,5
CATAACGGACAGTCGT-1,Layer_3,3
CATAAGAAGCTTGGCT-1,WM,4
CATAAGCTCTCCGTCT-1,Layer_5,2
CATAATGAGCGGGCGA-1,Layer_3,3
CATACAAAGCCGAACC-1,Layer_3,3
CATACACGGTTCCCAC-1,WM,5
CATACCCGTACCCAGT-1,Layer_5,2
CATACGAACTAGCTGG-1,WM,5
CATACGGCGTCTGGGC-1,Layer_5,2
CATACGGGTGCATGAT-1,,1
CATACTATGTAATTGT-1,Layer_5,2
CATACTTAGGCAATAC-1,Layer_3,3
CATACTTCTTTCTCCG-1,WM,5
CATAGCCGCCCGGGAT-1,Layer_5,2
CATAGCGTTGCCCACC-1,WM,4
CATAGTACATTGAGAG-1,Layer_3,3
CATAGTAGCATAGTAG-1,Layer_3,3
CATAGTCAAATACATA-1,Layer_6,4
CATAGTCCACAAGAAC-1,Layer_6,4
CATATACTACTGATAA-1,Layer_3,1
CATATAGGTACAGTCA-1,Layer_6,4
CATATGTCAGGCTACG-1,Layer_6,4
CATATTATTTGCCCTA-1,Layer_3,3
CATCAAACTGGCGCCC-1,Layer_3,1
CATCAACACCTACTAA-1,Layer_3,3
CATCATCTACCCGGAC-1,Layer_3,3
CATCATTACCCTGAGG-1,Layer_6,4
CATCCAATATAGTTTG-1,Layer_6,4
CATCCGCAGGCCCGAA-1,Layer_3,3
CATCCTCTCAAAGATC-1,Layer_6,4
CATCGCCCGCGGCCAA-1,Layer_3,3
CATCGGACGGGTTAAT-1,Layer_6,4
CATCGTCCGGTTACTA-1,Layer_3,3
CATCTACCCGAGAACG-1,Layer_3,1
CATCTAGTGAAGGGAA-1,Layer_4,3
CATCTATCCCGTGTCT-1,Layer_3,1
CATCTGCAGGATCATT-1,Layer_4,3
CATCTTACACCACCTC-1,Layer_3,3
CATGAACCGACATTTG-1,Layer_3,3
CATGAACCTCTTATCA-1,Layer_3,3
CATGACTTCGCTGAAT-1,Layer_4,3
CATGAGATGCACTCTC-1,WM,4
CATGATGCACAATTCT-1,Layer_3,3
CATGATGGAAGTTAGC-1,Layer_5,2
CATGCACGTGTTACTG-1,Layer_3,3
CATGCATGGAGACCCT-1,Layer_3,3
CATGCCAACTCGCAAA-1,Layer_5,2
CATGCGACCAGTTTAA-1,Layer_3,1
CATGCGTTAGACAGAA-1,Layer_3,3
CATGCTGGCTCCAATT-1,Layer_3,3
CATGGAAATGGGACCA-1,Layer_3,1
CATGGATTGTCTTCCG-1,Layer_6,4
CATGGCAGGAAGATCG-1,Layer_3,3
CATGGCTCCCTATGTC-1,,1
CATGGGTATGCCTTAT-1,Layer_6,4
CATGGGTCGGGTGTGG-1,Layer_3,3
CATGGTAAGTAGCGTT-1,Layer_6,4
CATGGTCTAGATACCG-1,Layer_3,3
CATGTAAGAGACATTT-1,Layer_6,4
CATGTAGGAGCGCCAA-1,Layer_3,1
CATGTCTCATTTATGG-1,Layer_6,4
CATTACATAGATTGTG-1,Layer_3,1
CATTACGTCGGCCCGT-1,Layer_3,3
CATTATCCCATTAACG-1,WM,4
CATTATGCTTGTTGTG-1,Layer_4,2
CATTCACTGACAGCTA-1,Layer_3,3
CATTCAGGTCAGTGCG-1,,1
CATTCCCATTCCGTCG-1,Layer_3,1
CATTCCCTAAGTACAA-1,Layer_3,3
CATTGATGAACACGCC-1,Layer_3,1
CATTGCAAAGCATAAT-1,Layer_3,3
CATTGCGAAATGGGCG-1,Layer_5,2
CATTGCGGGTCAATTC-1,Layer_3,1
CATTGTGTGCTAGATC-1,Layer_3,3
CATTTAGCGGACCATG-1,Layer_3,3
CATTTATCGTTCAAGA-1,Layer_3,3
CATTTCTAGCAGACTA-1,Layer_3,3
CATTTGAGTGGTACGT-1,Layer_6,4
CCAAACAGAACCCTCG-1,Layer_4,3
CCAAAGTCCCGCTAAC-1,,3
CCAAATAACAAGATTC-1,Layer_5,2
CCAAATCAAAGGGCAA-1,,4
CCAACCTTATGTAACT-1,WM,5
CCAACGATGCACTGAT-1,Layer_5,2
CCAACGCTTGCCAGGG-1,Layer_3,1
CCAACTTGATAGATCC-1,Layer_4,3
CCAAGAAAGTGGGCGA-1,Layer_6,4
CCAAGACTTCTGCGAA-1,Layer_3,3
CCAAGCGTAACTCGTA-1,Layer_4,2
CCAAGGAACAGAGAGG-1,Layer_3,3
CCAAGTTTCTACAGAT-1,Layer_3,3
CCAATAGATTTCATCT-1,,1
CCAATAGTGCCGTCGA-1,Layer_5,2
CCAATCGGTAGATCGA-1,Layer_3,3
CCAATGTCACAGCAAG-1,Layer_5,2
CCAATTACGGGTCGAG-1,Layer_3,3
CCAATTGAATGTTAAT-1,Layer_3,3
CCACAATGTACGTCTT-1,Layer_3,3
CCACACTGAGATATTA-1,Layer_5,4
CCACAGCTGAAATCAT-1,Layer_3,3
CCACAGTACCCATCCT-1,Layer_5,4
CCACATACTGCACCCA-1,Layer_5,2
CCACCAACTTTACTGT-1,Layer_6,4
CCACCCAAGGAAAGTG-1,Layer_5,2
CCACGAATTTAACCTC-1,Layer_4,3
CCACGAGAAGAGAATC-1,Layer_3,3
CCACGGAGCCATAAGA-1,Layer_6,4
CCACGGTGCCCGGTAG-1,Layer_3,3
CCACGTAAATTAGACT-1,Layer_3,1
CCACTAAACTGAATCG-1,,1
CCACTATCCGGGTCAC-1,Layer_3,1
CCACTGGTGGCTGGTT-1,Layer_5,2
CCACTGTTTGGATTAA-1,Layer_6,4
CCAGAAAGCAACTCAT-1,Layer_6,4
CCAGAGACAAAGCCGG-1,Layer_4,3
CCAGATAGTTGAGTGA-1,Layer_3,3
CCAGATGTAAATGGGT-1,Layer_3,1
CCAGCCTGGACCAATA-1,Layer_5,2
CCAGCGGGATCACCAG-1,Layer_3,1
CCAGCTACGCCTCATA-1,Layer_3,3
CCAGCTCGAACGCATT-1,WM,5
CCAGCTGATGGTACTT-1,Layer_5,2
CCAGCTTCCGCCCGCA-1,Layer_5,2
CCAGGCTGGCGTCTGA-1,Layer_5,2
CCAGGGACGTGGCCTC-1,Layer_4,2
CCAGTAGTCTGATCCA-1,Layer_3,3
CCAGTCAAATCTCTTA-1,Layer_5,2
CCAGTCCATTATTCGA-1,Layer_3,3
CCAGTCTAGACGGCGC-1,Layer_3,3
CCAGTCTTGTCATAGA-1,WM,5
CCATAAACAACCCGAC-1,Layer_3,3
CCATACCTTTACTTGT-1,Layer_3,3
CCATACTCGCCTCTCC-1,,1
CCATAGGTTGGCGTGG-1,Layer_3,3
CCATAGTCAGTAACCC-1,Layer_3,3
CCATATGGAAACTATA-1,Layer_6,4
CCATCATAAGAACAGG-1,Layer_3,1
CCATCCATACCAAGTC-1,Layer_3,3
CCATCGCAGTTAAACT-1,Layer_6,4
CCATCTCACCAGTGAA-1,Layer_4,3
CCATCTTGTTCACAAT-1,Layer_3,3
CCATGCCCTAGATTTC-1,Layer_6,4
CCATGCCTGTTTAGTA-1,Layer_5,2
CCATGCTCTGCAGGAA-1,Layer_4,3
CCATGGCCCTTGTACC-1,Layer_5,2
CCATGTTCATCTATAT-1,Layer_6,4
CCATTAGCGATAATCC-1,Layer_5,2
CCATTCCCTGCCCACA-1,Layer_5,2
CCATTGTTTCCTCCAT-1,Layer_3,1
CCATTTCTACCTATTA-1,Layer_6,4
CCCAAACATGCTGCTC-1,Layer_3,3
CCCAACATACGTCGCG-1,Layer_6,4
CCCAACCACACTAACA-1,Layer_3,3
CCCAAGAATGCACGGT-1,Layer_3,3
CCCAAGACAGAGTATG-1,Layer_3,3
CCCAATGAGATTTGCA-1,WM,5
CCCAATTTCACAACTT-1,Layer_5,2
CCCAGAGGAGGGCGTA-1,Layer_3,1
CCCAGGTCTGAAGGCT-1,Layer_5,2
CCCAGTAAACTTGGGA-1,Layer_6,2
CCCAGTTAAGGCGCCG-1,Layer_5,2
CCCATATAGGTCGATT-1,Layer_6,4
CCCGAAGTTTCGCGAA-1,Layer_5,2
CCCGACCATAGTCCGC-1,Layer_3,3
CCCGAGTTTCTCCGTA-1,Layer_5,2
CCCGCAGCGCGAACTA-1,Layer_6,4
CCCGCAGGGCCCAAAG-1,Layer_3,3
CCCGCCATGCTCCCGT-1,Layer_3,3
CCCGCGCAATGCACCC-1,Layer_4,3
CCCGCTAGAGGGTTAA-1,Layer_3,3
CCCGGGTCGTTCAGGG-1,WM,5
CCCGGTGGAAGAACCT-1,Layer_5,3
CCCGGTGTATCGGAAT-1,Layer_6,4
CCCGTAAGTCTAGGCC-1,Layer_5,2
CCCGTAGCTGGGAAGA-1,WM,4
CCCGTCAGCGTCTGAC-1,Layer_4,2
CCCGTTTCGCAGATGT-1,Layer_5,2
CCCTAGTGTCAGGTGT-1,Layer_3,3
CCCTATGTAGAGCAGA-1,Layer_6,4
CCCTCAAGCTCTTAGT-1,,1
CCCTCATTCTGGAATT-1,Layer_3,3
CCCTCCTCGCTCGTAT-1,Layer_5,2
CCCTCGGGAGCCTTGT-1,Layer_3,3
CCCTGAAATGAGTTGA-1,Layer_5,2
CCCTGACTAACAAATT-1,Layer_5,2
CCCTGATGTAACTCGT-1,Layer_3,3
CCCTGCCCAATCCGCT-1,Layer_5,2
CCCTGCGCTACGCATA-1,Layer_5,2
CCCTGGTATGGGCGGC-1,Layer_3,3
CCCTTTAATGGAGTTC-1,Layer_6,4
CCCTTTGACAGGTCTT-1,Layer_6,4
CCGAAAGTGGTGAGCA-1,Layer_3,3
CCGAACACTGGGCCTC-1,Layer_5,2
CCGAACCTTCCCGGCC-1,Layer_6,4
CCGAAGTATATTGTTC-1,Layer_4,3
CCGACAAACACATGAG-1,Layer_3,3
CCGACAAAGGGAGTGC-1,Layer_5,2
CCGACAATAGGCCGCC-1,Layer_6,4
CCGACGGGCATGAGGT-1,Layer_6,4
CCGACGTAAACACAAC-1,Layer_3,3
CCGACTCGCATAGTCT-1,Layer_3,3
CCGAGAAGTCGCATAA-1,Layer_4,2
CCGAGCTGTGCTTGTC-1,Layer_3,1
CCGAGGGATGTTAGGC-1,Layer_3,3
CCGATATGACGTAAGG-1,Layer_5,2
CCGATCTCAACCTTAT-1,Layer_3,3
CCGATCTTAAGAGGCT-1,Layer_3,1
CCGATTCGAGGGACCC-1,Layer_5,2
CCGATTGGTCAATGAA-1,Layer_3,1
CCGCACAAAGACCAAC-1,Layer_5,2
CCGCACACGAACGTGT-1,Layer_4,3
CCGCACGTGACCTCGG-1,Layer_5,2
CCGCATGTGGTACGAT-1,WM,4
CCGCCACCACAATCCA-1,Layer_3,3
CCGCCGGAACTTCTCG-1,Layer_6,2
CCGCCGGTCAACACAC-1,Layer_3,3
CCGCCGTTGAGGATAA-1,Layer_4,3
CCGCCTGCGAATTGGT-1,Layer_3,3
CCGCCTTGCGATGTCG-1,Layer_5,2
CCGCGATTTGGTAGGT-1,Layer_5,2
CCGCGGAATGCGTCAC-1,Layer_6,4
CCGCGGGTACGAAGAA-1,Layer_5,2
CCGCGTAGGTAAGGGC-1,Layer_5,2
CCGCTATCAGCACCAG-1,Layer_6,4
CCGCTCTTCCGAACTA-1,Layer_6,4
CCGCTGGTGCCATTCA-1,Layer_3,3
CCGCTTACCTCACTCT-1,Layer_6,4
CCGCTTCGCGGTTAAC-1,,3
CCGCTTGCTGACATGG-1,Layer_3,1
CCGGAATGGTTTCAGT-1,Layer_5,2
CCGGAGCGTACTTTCT-1,WM,5
CCGGCACGACCGTTTC-1,Layer_3,3
CCGGCGCATATTGGAT-1,Layer_3,3
CCGGCGTGAGACTCTG-1,Layer_5,2
CCGGGACCCGCAGAGA-1,Layer_3,3
CCGGGCGGTCTCGTCA-1,Layer_4,3
CCGGGCTAAGAATTTC-1,,4
CCGGGCTGCTCCATAC-1,Layer_4,3
CCGGGTTCGAGGTTAC-1,Layer_5,2
CCGGTAATGGCTAGTC-1,Layer_3,3
CCGGTGCGAGTGATAG-1,,3
CCGGTTTGTAATTGTG-1,WM,4
CCGTAAGTTGGTCCCA-1,Layer_4,3
CCGTACCCAAGCGCCA-1,Layer_3,3
CCGTAGGAAATCCCTG-1,Layer_6,4
CCGTAGGGTTGTTTAC-1,Layer_6,4
CCGTATCTCGTCGTAG-1,Layer_6,4
CCGTATTAGCGCAGTT-1,Layer_3,1
CCGTCAACCTCTGGCG-1,,4
CCGTGAGGCATTCATG-1,Layer_3,3
CCGTGCCCATGACGGC-1,Layer_3,3
CCGTGGAACGATCCAA-1,Layer_3,1
CCGTGTTAAATTCCAT-1,Layer_6,4
CCGTTACGTTAGAACA-1,Layer_3,3
CCGTTCCGAATCTCGG-1,Layer_5,2
CCTAAAGGCTGACGCT-1,Layer_3,3
CCTAAATTAACGGTTC-1,Layer_5,2
CCTAAATTGTATCCTA-1,Layer_5,2
CCTAACCCAAACAAGT-1,Layer_6,4
CCTAACTAAGGCTCTA-1,Layer_3,3
CCTACAAGTCCGGAAT-1,Layer_3,1
CCTACATTCACAGACG-1,Layer_6,4
CCTACGCGACCTTACA-1,Layer_3,3
CCTACGGCTCAGTCGA-1,Layer_3,3
CCTACTCAACACGATT-1,Layer_6,4
CCTACTGCGGCGGCCA-1,Layer_3,1
CCTACTGCTTACACTT-1,Layer_5,2
CCTAGGCGTAGCGATC-1,Layer_4,3
CCTAGGTAAAGGTAGC-1,Layer_6,2
CCTAGTTAGTCGCATG-1,Layer_3,3
CCTATAATGAGTGCCC-1,Layer_6,4
CCTATACCGTCCTGTC-1,WM,4
CCTATATCGTGTCACG-1,Layer_6,4
CCTATATTTGTCCTGG-1,WM,5
CCTATCTATATCGGAA-1,Layer_3,3
CCTATGAAGTGGTGCC-1,Layer_3,3
CCTATGGCTCCTAGTG-1,Layer_6,4
CCTATGGGTTACCGTC-1,Layer_4,3
CCTATGGTCAAAGCTG-1,WM,5
CCTATGTCCACTCCAC-1,Layer_6,4
CCTCACCAATCTTGAC-1,Layer_3,3
CCTCACCTGAGGGAGC-1,Layer_3,1
CCTCACCTTAGCATCG-1,Layer_3,3
CCTCATGCAGCTACGA-1,Layer_3,3
CCTCCCGACAATCCCT-1,Layer_3,3
CCTCCGACAATTCAAG-1,Layer_5,2
CCTCCTAGCTAGAGTC-1,Layer_6,4
CCTCCTGAGCCCACAT-1,Layer_5,2
CCTCCTGTTGTGTCGT-1,Layer_6,4
CCTCGAAGTGGACGGG-1,Layer_3,3
CCTCGACCCACTGCCT-1,Layer_3,3
CCTCGCCAGCAAATTA-1,Layer_3,3
CCTCGCGCGATATAGG-1,Layer_3,3
CCTCGCGCTGTGCGAT-1,WM,5
CCTCGGACCGGGATAG-1,Layer_5,2
CCTCGGATGCTACCTG-1,Layer_4,3
CCTCGTTACGCCTGTT-1,Layer_3,1
CCTCTAATCTGCCAAG-1,Layer_3,3
CCTCTACAAGGATTGG-1,Layer_6,4
CCTCTATCGATTAGCA-1,Layer_6,4
CCTCTCTCCCATCTAG-1,Layer_5,2
CCTCTGGCCTAGACGG-1,Layer_3,3
CCTCTGTACTATTCTA-1,Layer_6,4
CCTGAACGATATATTC-1,Layer_4,2
CCTGAATATTTACATA-1,Layer_3,3
CCTGACAAACTCGCGC-1,,1
CCTGACCACCGATGGT-1,Layer_6,4
CCTGACGCAACCTTTA-1,Layer_3,3
CCTGCCCGTTGTCTAG-1,Layer_5,2
CCTGCGATAGAACTGT-1,Layer_3,3
CCTGCGTTCTACGCTT-1,Layer_5,2
CCTGCTATTTGAGAAG-1,Layer_4,2
CCTGGAAACGTTCTGC-1,Layer_3,3
CCTGGCTAGACCCGCC-1,Layer_5,2
CCTGGTCGAATGTGGG-1,WM,5
CCTGTAAGACATGATA-1,Layer_5,2
CCTGTACTCACGCCCA-1,Layer_5,2
CCTGTCACCCGGGCTC-1,Layer_4,3
CCTGTCCCTCACGTTA-1,Layer_3,3
CCTGTCGCCCGTAAAT-1,Layer_5,2
CCTGTGAAACCGTAAC-1,,1
CCTGTGCGGATTGTAA-1,Layer_3,1
CCTGTTTGAAGACACG-1,Layer_6,4
CCTTCAGTTAAAGTGA-1,WM,5
CCTTCGTATAGAATCC-1,WM,5
CCTTCTCAGCGTTCCT-1,Layer_5,2
CCTTCTTGATCCAGTG-1,Layer_3,3
CCTTGACCACTTTATT-1,Layer_6,4
CCTTTAAGGGAGCACT-1,WM,5
CCTTTCAATGAAGAAA-1,Layer_3,3
CGAAACATAGATGGCA-1,Layer_3,3
CGAAACGCAATTCATG-1,Layer_6,4
CGAACAGTATGGGCGT-1,Layer_5,4
CGAACATAGTCAGAAA-1,Layer_3,1
CGAACCCGCATGCGTC-1,Layer_6,4
CGAACGCCCAGTGCCG-1,Layer_3,3
CGAACGGCCGGACAAC-1,Layer_6,2
CGAAGACGGTGAGTGC-1,,3
CGAAGCTATAAATTCA-1,Layer_3,1
CGAAGGGTTTCAGATT-1,Layer_6,4
CGAAGTTGCTCTGTGT-1,Layer_5,2
CGAATCTGCTCGACGC-1,Layer_6,4
CGAATGAAGTCATTGC-1,Layer_6,4
CGAATGACGCATAATG-1,WM,5
CGAATTACATGGTGTT-1,Layer_3,1
CGACAATTTGATCTAA-1,Layer_5,2
CGACACCGCTTAAGGA-1,Layer_3,1
CGACACGCTCCGACAG-1,Layer_5,2
CGACACGGATGCCCAC-1,Layer_3,1
CGACAGTTCGCGTTAT-1,Layer_5,2
CGACATGCGATCTTCT-1,Layer_3,3
CGACCCTTAACGCCGG-1,Layer_5,2
CGACGCATCCGTACCT-1,Layer_5,2
CGACTCAGGATGTTAT-1,Layer_3,3
CGACTCGGTACACGGT-1,Layer_3,1
CGACTTTGTATAGCCT-1,Layer_3,1
CGAGACCCTAGAGTGT-1,Layer_6,4
CGAGAGATGTGAACCT-1,Layer_3,3
CGAGAGCGCGTAGATA-1,Layer_5,2
CGAGAGCTTTCACTAC-1,Layer_6,4
CGAGAGGGTAGCCGCG-1,Layer_6,4
CGAGATGTTGCCTATA-1,,1
CGAGATTTCGCTCGGG-1,Layer_3,3
CGAGCACTTCAAGTTT-1,Layer_5,3
CGAGCGTTGATCAGCC-1,Layer_3,3
CGAGCTGGGCTTTAGG-1,Layer_3,3
CGAGGAGCTTCCATAT-1,Layer_3,1
CGAGGATCGGGAACGA-1,Layer_3,1
CGAGGCCAGGCATTGG-1,Layer_3,3
CGAGGCTAAATATGGC-1,Layer_3,3
CGAGGGACTGCGGTCG-1,Layer_5,2
CGAGGGTATCCAGGTG-1,WM,5
CGAGTACTAAAGAGGA-1,Layer_6,4
CGAGTGAAGGTACCAG-1,Layer_6,4
CGAGTGCTATAGTTCG-1,Layer_3,3
CGAGTTCTGTCCCACC-1,Layer_3,3
CGAGTTTATCGGACTG-1,Layer_4,3
CGATAACCAATTTGAG-1,Layer_3,1
CGATAATACTCAGGTT-1,Layer_3,3
CGATACCTCGCGGACA-1,Layer_6,4
CGATAGCGATACAGTG-1,Layer_6,4
CGATAGTCGTACTGCA-1,WM,4
CGATATTAGCCGCAGG-1,Layer_3,3
CGATCATTAGAGGCAC-1,Layer_3,1
CGATCCGACCCAGTGC-1,Layer_5,2
CGATCCTCGCAACATA-1,WM,5
CGATCTGTTGGAGGAC-1,Layer_6,4
CGATGGACCCTACGCC-1,Layer_3,3
CGATGTTGTTATCTAC-1,Layer_6,4
CGATTAAATATCTCCT-1,WM,4
CGATTCGCCTGGCTGC-1,WM,4
CGCAAACACGAGTTAC-1,Layer_5,2
CGCAATCGATCATTAG-1,,1
CGCAATTACTTTCGGT-1,Layer_5,2
CGCAATTAGGGTAATA-1,Layer_5,2
CGCAATTCTACAATAA-1,Layer_5,2
CGCACATGTCCACTAC-1,Layer_5,2
CGCACGTCTGTTTATG-1,WM,5
CGCACGTGCGCTATCA-1,Layer_4,3
CGCAGAAACATTTGCG-1,Layer_3,3
CGCAGATCTTCACCCG-1,Layer_3,1
CGCAGGCGATCCAAAC-1,Layer_5,2
CGCATCATGGCTTCAG-1,Layer_3,3
CGCATCCATCAGCCAG-1,Layer_3,1
CGCATGCCGAATGCGT-1,WM,4
CGCATGGTGCGATGCT-1,Layer_5,2
CGCATTAGCTAATAGG-1,Layer_4,2
CGCCAAGAAGCCGAGT-1,Layer_5,2
CGCCACAGGTCGCGAT-1,Layer_5,2
CGCCACCCGCATTAAC-1,,1
CGCCATCCGATTATGA-1,Layer_3,3
CGCCCAGCACGCCTAG-1,WM,5
CGCCCAGCGTTTCACG-1,Layer_6,4
CGCCCGCTTCCGTACA-1,Layer_3,3
CGCCCTAATTGTTCAA-1,Layer_6,4
CGCCCTTACATCCACC-1,Layer_3,1
CGCCCTTGAAGGCTGA-1,Layer_5,3
CGCCGCCCATGCCTGT-1,Layer_5,2
CGCCGGTGTCGCAGTA-1,Layer_3,1
CGCCGTCTACCCATCG-1,Layer_3,3
CGCCGTTCAGCATAGT-1,Layer_6,4
CGCCTCCCTCCTCTAT-1,Layer_5,2
CGCCTGGCCTACGTAA-1,Layer_6,2
CGCCTTTAGCATGCTC-1,Layer_4,3
CGCGAAGTGGCATACT-1,Layer_6,4
CGCGACACTGCGCAGC-1,Layer_3,3
CGCGACCGCGACAGAT-1,Layer_6,4
CGCGAGAGGGACTTGT-1,Layer_3,1
CGCGAGTCTGCCGGGT-1,Layer_6,4
CGCGCAAATGTCCAGA-1,Layer_6,4
CGCGCAAGGAACTACA-1,Layer_3,3
CGCGCATGTTTGATTG-1,Layer_6,4
CGCGCCCGACTTAATA-1,Layer_3,3
CGCGGCAGTATTACGG-1,Layer_3,3
CGCGGCTCAACTTGAA-1,Layer_5,2
CGCGGGAATTAGGCAG-1,Layer_3,3
CGCGGTAAGTCTAGCT-1,Layer_3,1
CGCGGTACGGTATACA-1,Layer_6,4
CGCGGTCACAAACCAA-1,Layer_3,1
CGCGTACATTCTGGAA-1,Layer_3,1
CGCGTCATATTAAACC-1,Layer_3,3
CGCGTTCATGAAATAC-1,Layer_4,2
CGCTACCGCCCTATGA-1,,3
CGCTACGGGACATTTA-1,Layer_5,2
CGCTAGAGACCGCTGC-1,Layer_4,3
CGCTATACCGCCCACT-1,Layer_3,3
CGCTATCGTGGCTTTA-1,Layer_3,1
CGCTATTCAATGTATG-1,Layer_4,3
CGCTATTCTTAGGCTC-1,Layer_5,2
CGCTCGACATAATGAT-1,Layer_4,3
CGCTCTCCGTAGATTA-1,Layer_5,2
CGCTGGTGACTACCCT-1,Layer_5,2
CGCTGTGACGCCGCAC-1,Layer_4,2
CGCTGTGTGGATGTTG-1,WM,5
CGCTTAGTATTGATAC-1,WM,5
CGCTTATTCCCGGTCG-1,Layer_6,4
CGCTTCCACTGAAATC-1,Layer_3,3
CGCTTCGGTCTAAGAC-1,Layer_6,4
CGCTTGGACGGATAGA-1,Layer_6,4
CGCTTTCATACCGGTG-1,Layer_3,3
CGCTTTCTTGCATTCG-1,Layer_3,3
CGGAAAGAATCAAACG-1,WM,5
CGGAAAGCAAATGTGC-1,,1
CGGAAATTTCACATCC-1,Layer_3,3
CGGAACGTAAACATAG-1,Layer_6,4
CGGAGCAATTTAATCG-1,WM,4
CGGAGCATGGCGATCC-1,Layer_5,2
CGGAGCTTATAACACC-1,Layer_3,3
CGGAGTTTGAGAGACA-1,Layer_5,2
CGGATAAGCGGACATG-1,Layer_3,3
CGGATCCTCAAGGACT-1,WM,4
CGGCAAACATCGTGCG-1,Layer_6,4
CGGCAATAAGATCGCC-1,Layer_6,4
CGGCACCGTTAGCGCC-1,Layer_3,3
CGGCACTCAAGAAAGT-1,Layer_3,3
CGGCAGGGTCGGGTTG-1,Layer_3,3
CGGCCACGCACAAAGT-1,Layer_5,2
CGGCCAGAGCGACCAT-1,WM,5
CGGCCCAACCTGTAGT-1,Layer_3,1
CGGCCCAGGTATATCC-1,Layer_4,3
CGGCGCCATCAATCCC-1,Layer_6,4
CGGCTCTAAAGCTGCA-1,Layer_4,2
CGGCTCTTCGTCGAAC-1,Layer_3,3
CGGCTGAAGGTTACGC-1,Layer_3,1
CGGCTGCAAGATTAAG-1,Layer_3,3
CGGCTTTGTATGATAA-1,Layer_3,3
CGGGAATATAGTATAC-1,Layer_5,2
CGGGAATTTATGTAAA-1,Layer_6,4
CGGGAGCTTCAGTGTA-1,Layer_5,4
CGGGAGTATACCGCCG-1,Layer_3,3
CGGGATCAATGTAAGA-1,Layer_3,3
CGGGCAGCTAAACCGC-1,Layer_5,2
CGGGCCATAGCCGCAC-1,Layer_3,3
CGGGCCTTCTTTGTAA-1,Layer_6,4
CGGGCGATGGATCACG-1,WM,5
CGGGCTACTTAAATTG-1,Layer_3,1
CGGGTGTACCCATTTA-1,Layer_3,3
CGGGTTCGGCACGTAT-1,Layer_3,3
CGGGTTTGTTAGGGCT-1,Layer_5,2
CGGTACTAGAATCAAA-1,Layer_5,2
CGGTAGAGGTGCAGGT-1,Layer_3,3
CGGTATAGGTATTAGC-1,Layer_3,1
CGGTCAAGTGGGAACC-1,Layer_3,3
CGGTCCATGAGACTCC-1,Layer_3,1
CGGTCCGTCGCAAGCC-1,WM,5
CGGTCTATCAACCCGT-1,Layer_3,3
CGGTGAAGACTAAAGT-1,Layer_5,2
CGGTGCAGATAGAACG-1,Layer_6,4
CGGTGCGCGTTGGTCC-1,Layer_6,4
CGGTGGGCTCCAGCCT-1,Layer_3,3
CGGTGTACTTGATCCC-1,Layer_3,3
CGGTTATCCAACAGTG-1,Layer_3,3
CGGTTCAAGTAGGTGT-1,Layer_3,1
CGGTTCCGGCTTCTTG-1,Layer_3,3
CGGTTGACCTGGCATA-1,Layer_5,2
CGGTTGAGTATCCTTC-1,Layer_6,4
CGGTTGGGTTCAAGTT-1,Layer_3,3
CGGTTTATGAAGGAAC-1,Layer_3,1
CGTAAACGCTTGAGTG-1,Layer_3,3
CGTAACGGAACGATCA-1,Layer_3,1
CGTAACTTCGACACTT-1,WM,5
CGTACCGAAAGTCTAG-1,,3
CGTACCTGATAGGCCT-1,Layer_3,3
CGTAGAGAGTAATTAT-1,WM,5
CGTAGCGAATTGTCAG-1,Layer_3,3
CGTAGCGCCGACGTTG-1,Layer_3,3
CGTATTAAGAGATCTA-1,Layer_5,2
CGTCAAATGGTCGCAG-1,Layer_3,1
CGTCAAGGCTATAAAT-1,Layer_5,2
CGTCACGTCCATTGGT-1,Layer_6,4
CGTCAGCTATTTACTC-1,Layer_3,3
CGTCAGTGCGCACAAG-1,Layer_3,3
CGTCAGTTTATCGTCT-1,Layer_3,3
CGTCATACCATATCCA-1,Layer_4,3
CGTCGCATGTGAGCCA-1,WM,5
CGTCGCGGCGGGATTT-1,Layer_3,3
CGTCGCTTGGTTATAC-1,Layer_6,4
CGTCGGATAGTGTTGA-1,Layer_3,3
CGTCGGGTCTAAGCGC-1,Layer_6,4
CGTCGTCCTTCGCGAA-1,Layer_6,4
CGTCTCTCGCCGAGGC-1,Layer_3,1
CGTCTGGAAGGGCCCG-1,Layer_3,3
CGTGAAGTTAATTCAC-1,Layer_5,4
CGTGACATTGGGTCGT-1,Layer_3,3
CGTGACCAGTCCTCTG-1,WM,5
CGTGCAGACTGGGACA-1,Layer_5,2
CGTGCATTGTCGACGC-1,Layer_5,2
CGTGCCCTCCCGAAGA-1,Layer_5,2
CGTGCTGGCCTAGTCG-1,Layer_3,3
CGTGCTTCTACCTAAA-1,Layer_6,4
CGTGGAAGCCTCGTAC-1,Layer_4,2
CGTGGCCGAATATCTA-1,Layer_5,2
CGTGGTACCCAAAGGC-1,WM,5
CGTGTATGGGAGCTGA-1,Layer_6,4
CGTGTCCCATTCGCGA-1,Layer_5,2
CGTGTCTCGTTACGAC-1,WM,4
CGTGTGTTAAACCCTG-1,Layer_3,1
CGTTAAACTAGTTAGG-1,Layer_5,2
CGTTAATGTCCCGACG-1,Layer_6,4
CGTTAGCTCACAACTG-1,Layer_3,3
CGTTCAAGGAAACGGA-1,WM,5
CGTTCAGACCCGCGAA-1,WM,5
CGTTCATGGTGCGCGT-1,Layer_6,4
CGTTCTTCGCACACCT-1,Layer_3,1
CGTTGAATACCGCGCT-1,Layer_6,4
CGTTGAGCGACCGTCG-1,Layer_5,4
CGTTGAGTAATTGCGT-1,Layer_3,1
CGTTGCCCGCGTGGGA-1,WM,5
CGTTGTAAACGTCAGG-1,Layer_3,3
CGTTGTAAGATTGATT-1,Layer_3,1
CGTTGTCGGCAATTGA-1,WM,5
CGTTGTTTCAATTCCC-1,Layer_5,2
CGTTTAAGCGGAGCAC-1,Layer_3,3
CGTTTACAAGGCAGCT-1,Layer_3,1
CGTTTCACTTCGGGCG-1,Layer_3,3
CGTTTCGCTCATTACA-1,Layer_5,2
CGTTTGGTGTTGTGGG-1,Layer_6,4
CGTTTGTGTAGAGGGT-1,WM,4
CTAAAGAATGCCTACT-1,Layer_5,2
CTAAAGGGAAATAGGA-1,Layer_6,4
CTAAAGTCCGAAGCTA-1,,1
CTAAATCCGGTGTACA-1,WM,5
CTAAATCCTATTCCGG-1,Layer_3,3
CTAACCGCGCGCCCGT-1,Layer_5,2
CTAACGAAACTTGCTG-1,Layer_3,3
CTAACTGATAATCGCC-1,Layer_6,4
CTAACTGGTCCGGTTC-1,Layer_6,4
CTAAGGGAATGATTGG-1,Layer_5,4
CTAAGTACAGGGCTAC-1,Layer_3,3
CTAATTATGAAGCGTA-1,Layer_3,1
CTAATTCGCACGCGCT-1,Layer_5,2
CTAATTCTCAGATATT-1,Layer_3,1
CTAATTTCAACAACAC-1,Layer_4,3
CTACAAGAAATAACCC-1,WM,5
CTACACTCGCAGATGG-1,Layer_6,4
CTACCCTAAGGTCATA-1,Layer_3,3
CTACGAACTAGGTCGA-1,Layer_3,3
CTACGACTAGCTATAA-1,Layer_5,2
CTACGATCCTATCCTA-1,,4
CTACGCACGGAGTACC-1,Layer_5,2
CTACGCCATTTCCGAT-1,Layer_3,3
CTACGTGTTGCCACCA-1,,3
CTACTATCATAGGTTT-1,Layer_6,4
CTACTATCTTTCAGAG-1,Layer_3,3
CTACTCAAGGTATAGT-1,WM,5
CTACTCTAGGCCCGGC-1,Layer_5,2
CTACTGCCACCTGACC-1,Layer_4,3
CTAGACATATATGTAG-1,Layer_3,1
CTAGACTGCATTTCGT-1,Layer_3,3
CTAGATAAACTCCTCG-1,Layer_3,3
CTAGATGTGAGTGTAA-1,Layer_3,3
CTAGATTTACGACGGC-1,Layer_5,2
CTAGCATAGTATAATG-1,Layer_5,2
CTAGCCACAGGCGAGC-1,Layer_6,2
CTAGCCGATGTTATGA-1,Layer_3,1
CTAGCGCCAATCCTAC-1,Layer_3,1
CTAGCTTAATGGTCCC-1,Layer_4,3
CTAGGCGCCCTATCAG-1,Layer_6,4
CTAGGCGGCAGAGAAT-1,Layer_3,3
CTAGGGATAGGGACAA-1,,5
CTAGGTCTGAAGGAAT-1,Layer_3,3
CTAGGTTCGGACGTGA-1,WM,4
CTAGTAGAAAGGGATT-1,WM,5
CTAGTATTCGGAATTA-1,Layer_3,3
CTAGTCACGTCTTAAG-1,Layer_5,2
CTAGTGAAGGACAGGA-1,Layer_5,2
CTAGTTACAACCCGGT-1,Layer_6,4
CTAGTTGGGCCCGGTA-1,Layer_3,3
CTATAAGAGCCAATCG-1,Layer_3,1
CTATAGGCGTTGATGT-1,WM,5
CTATATCCAGCCTGGC-1,WM,4
CTATCGACGAAATACA-1,Layer_6,4
CTATCGCGTAGAGAAC-1,Layer_6,2
CTATCGGGTCTCAACA-1,Layer_5,2
CTATGCCCGAATGCAA-1,WM,5
CTATGGGAAGCGGAAT-1,Layer_6,4
CTATGTCACTAGCCCA-1,Layer_4,2
CTATGTCTATTGAAAC-1,Layer_3,3
CTATGTGAGTCACGGC-1,Layer_5,2
CTATTCATGTGTCCCA-1,Layer_6,4
CTATTGTGTTTGGTCA-1,Layer_3,3
CTATTTGGTTACGGAT-1,Layer_4,2
CTCAAACCACTGCCCG-1,WM,5
CTCAACTAACCCGGAT-1,WM,4
CTCAAGACATTAGCGC-1,Layer_3,3
CTCACACGCAAGCCTA-1,Layer_3,1
CTCACATTTACTAAAT-1,WM,5
CTCACCAGTACAAGTG-1,,1
CTCACCGATCCAAACT-1,Layer_3,1
CTCACTGTGATACTTA-1,WM,5
CTCACTTGGCTGGTAA-1,Layer_5,2
CTCAGCAGACTGCCGA-1,Layer_3,1
CTCAGGACTCACCTGT-1,Layer_3,3
CTCAGTCACGACAAAT-1,Layer_3,3
CTCATGGCTCACAATC-1,Layer_3,3
CTCATGGTAATTTGCG-1,Layer_6,4
CTCATTCGTGAACATC-1,,1
CTCATTGCTCTAACAA-1,WM,4
CTCATTTGATGGGCGG-1,Layer_3,3
CTCCCAATGAGTCGCG-1,Layer_5,2
CTCCCTCCTTTCGATC-1,Layer_6,4
CTCCGAGTAAATCCGC-1,Layer_3,1
CTCCGCCCACATGAGG-1,Layer_6,4
CTCCGGCCTAATATGC-1,Layer_3,3
CTCCGGCTTGTAGACA-1,Layer_3,3
CTCCTAAGTTATGTCT-1,Layer_3,3
CTCCTCCAGCTCACAC-1,WM,5
CTCCTGTTCAAGGCAG-1,Layer_5,2
CTCCTTTACGCAAGTC-1,Layer_3,1
CTCGAATGGAACGTAT-1,Layer_3,3
CTCGAGACATACGATA-1,Layer_6,2
CTCGAGATCCAAAGCA-1,Layer_3,3
CTCGAGGTCGAACAGT-1,Layer_4,2
CTCGATATTTGCGAGC-1,Layer_3,1
CTCGCACCTATATAGT-1,Layer_3,3
CTCGCATTGCATAGCC-1,Layer_6,4
CTCGCCGAATGTAGGG-1,WM,5
CTCGGGATAACACCTA-1,Layer_3,1
CTCGGGTTCTCTGGCC-1,Layer_6,4
CTCGGTACCACTGCTC-1,Layer_5,2
CTCGGTCCGTAGCCTG-1,Layer_3,3
CTCGGTTGTCGGCCCT-1,Layer_6,4
CTCGTCGAGGGCTCAT-1,Layer_6,4
CTCGTTTCTAATGTTT-1,Layer_3,1
CTCTAATGCATTGATC-1,Layer_3,1
CTCTACACTGGCGATT-1,Layer_5,2
CTCTAGCCCTCGGAAA-1,Layer_6,4
CTCTATTTGGCTGCAG-1,Layer_6,4
CTCTCACAATCGATGA-1,Layer_4,2
CTCTCGATGTGCGCCT-1,Layer_3,3
CTCTCGCTGTACTATG-1,Layer_3,1
CTCTCTAACTGCCTAG-1,Layer_6,4
CTCTGCGAAGCAAGCA-1,Layer_3,3
CTCTGGACGCCTGGTG-1,Layer_5,2
CTCTGTTTGAGGATTC-1,Layer_3,3
CTCTTCTATTGACTGG-1,Layer_5,2
CTCTTCTGGAAGTTAG-1,WM,5
CTCTTGTCCCGCTTGG-1,WM,4
CTGAAACGGCCCTCAG-1,Layer_3,1
CTGAAAGAGATCCGAC-1,Layer_3,3
CTGAATCCGAGACCTC-1,Layer_6,4
CTGAATTTATTGCCAG-1,Layer_3,1
CTGACATAGAAATAGA-1,Layer_5,2
CTGACTGCGCAGCTCG-1,Layer_3,3
CTGAGAAAGTTCGGCG-1,Layer_5,2
CTGAGCAAGTAACAAG-1,Layer_3,3
CTGAGCGAGACTTATT-1,Layer_3,1
CTGATAGTGTATCTCA-1,Layer_5,2
CTGCAAGCACGTTCCG-1,Layer_6,4
CTGCACAACTACATAT-1,Layer_6,4
CTGCACCTAGTCCACA-1,Layer_3,1
CTGCACCTGGAACCGC-1,Layer_3,3
CTGCACTCCAGTACAG-1,Layer_6,4
CTGCAGAGAATCAGAG-1,Layer_6,4
CTGCCAAGGTTGGAAG-1,Layer_3,3
CTGCCATGCATCACAT-1,Layer_5,2
CTGCCCACGAAGCGTT-1,Layer_4,3
CTGCCTAGCCACCAAG-1,Layer_3,3
CTGCCTCATATGCAAC-1,Layer_3,1
CTGCCTTTAATACCTT-1,Layer_6,4
CTGCCTTTCTAGTAAA-1,Layer_6,4
CTGCGGGTGAAATGTT-1,Layer_5,2
CTGCGGTAGTCACGTG-1,Layer_3,3
CTGCGTTACGATATAA-1,Layer_3,3
CTGCTGAGGCCACGAA-1,Layer_6,4
CTGCTGTCTAACGAGC-1,Layer_4,2
CTGCTTGGCGATAGCT-1,Layer_6,4
CTGCTTTATGTCCGCG-1,Layer_3,1
CTGGAAATGGATGCTT-1,Layer_5,2
CTGGAAGACACGGTGG-1,Layer_6,4
CTGGACGCAGTCCGGC-1,Layer_6,2
CTGGATTTACACTTGA-1,Layer_6,4
CTGGCATCCGAATGAG-1,Layer_6,4
CTGGCGACATAAGTCC-1,Layer_3,3
CTGGCGCACAGGTCTG-1,Layer_4,3
CTGGCGGGAATAAGTA-1,Layer_4,3
CTGGCTCCTGCGGGAT-1,Layer_3,3
CTGGCTGATTCATCCT-1,Layer_5,2
CTGGCTGCTAACGTAA-1,,1
CTGGCTGGTTGTCAGT-1,WM,4
CTGGGATAAATAATGG-1,Layer_5,2
CTGGGATACGCTACCC-1,Layer_3,3
CTGGGCACTAGTCGGA-1,Layer_3,1
CTGGGCCTGCTATATC-1,Layer_6,4
CTGGGCGGCCAAATGT-1,Layer_3,3
CTGGGCTATCCTTTGG-1,Layer_3,1
CTGGGTAGGCAGTTAA-1,Layer_5,2
CTGGGTTGAGTTAAAG-1,Layer_6,2
CTGGTAAAGTGTGGGC-1,Layer_6,4
CTGGTAACACATAGAA-1,Layer_5,2
CTGGTAACGAGCTCTT-1,Layer_3,3
CTGGTCATTCCAATCC-1,Layer_4,3
CTGGTCCTAACTTGGC-1,Layer_3,3
CTGGTGAATGGGCCTA-1,Layer_6,4
CTGGTTCAACGCATCA-1,Layer_3,3
CTGGTTTCGAGCAAGA-1,Layer_5,4
CTGTACTTCTTAGCAT-1,Layer_5,4
CTGTAGCCATCTCACT-1,WM,4
CTGTAGTGAGGATCGA-1,WM,5
CTGTATGGTGTAGAAA-1,Layer_4,3
CTGTCAAATGGCTCGG-1,Layer_3,3
CTGTCACGCCAGGCGC-1,Layer_3,1
CTGTGCAGGGTAGGTC-1,Layer_5,2
CTGTGGTCGGGAGATA-1,Layer_6,4
CTGTTACCCAATCTAG-1,Layer_6,4
CTGTTCACTGCCTGTG-1,Layer_3,3
CTGTTCATCTCACGGG-1,Layer_4,3
CTGTTGGCTCTTCTGA-1,,1
CTGTTGTTCAGTCGTA-1,Layer_6,4
CTTAAATAAGACCCAT-1,Layer_3,3
CTTAACTTCGAAGTAC-1,Layer_3,3
CTTACACGGTATTCCA-1,Layer_5,2
CTTACACTGGGAAATA-1,Layer_3,3
CTTAGCCCGGATAGTG-1,Layer_4,3
CTTAGCCTTCCACATG-1,Layer_3,3
CTTAGGTATAGACCAG-1,Layer_6,4
CTTAGTAGGCCTACAG-1,Layer_3,3
CTTAGTGTAGTAGCAT-1,WM,4
CTTAGTTGAGGAATCG-1,WM,5
CTTATAGATGGCTGTT-1,Layer_6,4
CTTATGCGCTCAGGGC-1,Layer_5,2
CTTATGTTGACTACCA-1,Layer_3,3
CTTCAACTCCACTTGG-1,WM,4
CTTCAGTGGTCGCCTA-1,Layer_6,4
CTTCATAGCTCAAGAA-1,Layer_4,3
CTTCATTGTCAGTGGA-1,Layer_5,2
CTTCCGCTCCGTGAAG-1,WM,5
CTTCCTGCATATTTAC-1,Layer_3,1
CTTCGATTGCGCAAGC-1,WM,4
CTTCGGCCAATTGTTT-1,Layer_5,2
CTTCGTAGATAGGTGA-1,Layer_5,4
CTTCTATGTTGAAGTA-1,Layer_6,4
CTTCTATTAATGCTAG-1,Layer_6,4
CTTCTGGGCGTACCTA-1,WM,5
CTTCTTACGTCGTATA-1,Layer_3,3
CTTGACCCGAAAGATA-1,Layer_3,3
CTTGAGGTTATCCCGA-1,Layer_3,3
CTTGAGTTAGGGTAAT-1,Layer_4,3
CTTGCAACCGCCTCCT-1,Layer_6,4
CTTGCCCAGGCTCTAC-1,Layer_6,4
CTTGGCCAAGCTGGGA-1,WM,5
CTTGTACTTGTTGACT-1,Layer_3,3
CTTGTCAACATTCGAG-1,Layer_6,4
CTTGTCGTACGTGTCA-1,,1
CTTGTGAGGACAGCGG-1,,1
CTTGTGAGTCTTTGAC-1,Layer_3,3
CTTGTGCTCACCGATT-1,Layer_3,3
CTTGTTGCTGAGTCAA-1,Layer_5,2
CTTGTTTATGTAGCCA-1,Layer_3,3
CTTTAACTTTCAAAGG-1,Layer_3,3
CTTTAATATTGGTCGA-1,Layer_6,4
CTTTACCGAATAGTAG-1,Layer_6,4
CTTTAGGAACACTGTT-1,Layer_5,2
CTTTAGTGCTATTATT-1,Layer_6,4
CTTTCTGTGCGGGCTT-1,Layer_6,4
CTTTGAAACATATTCC-1,Layer_3,1
CTTTGCATCGCTCTTG-1,Layer_6,4
CTTTGCTGTCATGGAT-1,Layer_4,2
CTTTGGCAGACAGAGT-1,Layer_3,1
CTTTGGCGCTTTATAC-1,Layer_5,2
CTTTGGCTTTAGTAAA-1,Layer_5,2
CTTTGGGATTGTTGCA-1,WM,5
GAAACAGATGACCACC-1,Layer_4,2
GAAACAGCCATGCAGT-1,Layer_3,3
GAAACATAGGAAACAG-1,Layer_6,4
GAAACCATGGTGCGCT-1,Layer_3,1
GAAACCGAATTACCTT-1,Layer_6,4
GAAACCTATACAAATG-1,WM,5
GAAACTCGTGCGATGC-1,Layer_5,2
GAAACTCTAATGAAGG-1,Layer_3,3
GAAAGAACAGCGTTAT-1,Layer_3,3
GAAAGCAGTGCACTTT-1,WM,5
GAAAGCCCTTTGGACC-1,Layer_5,2
GAAAGTGACTAACTGC-1,Layer_5,2
GAAATACCTGCTGGCT-1,Layer_3,3
GAAATACTAAACGTTT-1,Layer_3,3
GAAATATCACCATCAG-1,Layer_5,2
GAAATATGCTTGAATG-1,Layer_3,1
GAAATCGCGCGCAACT-1,Layer_3,3
GAAATCTGACCAAGTT-1,,1
GAAATGGCGGTGTTAG-1,Layer_5,2
GAAATGGGATGTAAAC-1,Layer_3,3
GAAATTAGCACGGATA-1,Layer_3,1
GAAATTCACATCGCTG-1,Layer_3,3
GAAATTGTCTCTATAA-1,Layer_6,4
GAACAACTGGGATGAA-1,WM,5
GAACACACATCAACCA-1,Layer_4,3
GAACAGATTACTAAAT-1,WM,4
GAACATTAGTATGTTA-1,Layer_3,1
GAACCATCTGGGAGAC-1,Layer_3,3
GAACCCTCTGTGTTCT-1,WM,5
GAACCTCGACCTACAC-1,Layer_5,2
GAACCTTTAACGATCC-1,WM,5
GAACGACCGAATGATA-1,Layer_3,3
GAACGATAAGTTAAAG-1,Layer_3,1
GAACGCGGGTCACACG-1,Layer_5,2
GAACGGTGTAAAGCAG-1,Layer_3,1
GAACGTCTCATGGTCG-1,Layer_3,3
GAACGTTAGGAAGACG-1,Layer_5,2
GAACTGTGGAGAGACA-1,WM,5
GAACTTAGCGCCCGGT-1,Layer_3,3
GAACTTGTGCACGGGA-1,Layer_3,1
GAAGAAACGATATTGT-1,Layer_6,4
GAAGAACGGTGCAGGT-1,Layer_3,3
GAAGACTTCAATGCCG-1,Layer_3,3
GAAGCCACTGATTATG-1,WM,5
GAAGCCGGGTAAGCTC-1,,1
GAAGCCTGCACATTCC-1,WM,5
GAAGCGTGAGGAATTT-1,Layer_5,2
GAAGCTCGGACCCGTC-1,Layer_6,4
GAAGCTTGCTGACCGC-1,Layer_5,2
GAAGGAGTCGAGTGCG-1,WM,5
GAAGGCTACCATTGTT-1,Layer_3,1
GAAGTCAGTTGCACTA-1,Layer_6,4
GAAGTCTCCCTAGCGA-1,Layer_4,3
GAAGTGATTTATCGTG-1,Layer_5,4
GAAGTGCTGGATAGCT-1,Layer_3,3
GAAGTTTCCACTCAAT-1,Layer_5,2
GAATAGACGCGACCCA-1,Layer_5,2
GAATAGCATTTAGGGT-1,Layer_4,3
GAATAGCCCTGCGGTC-1,Layer_3,1
GAATAGTGCTCGATTA-1,WM,5
GAATATTCGGAGTCCC-1,Layer_3,3
GAATCGACATGGTCAC-1,Layer_5,2
GAATCGCCGGACACGG-1,Layer_3,3
GAATCTATACTCGGAC-1,Layer_3,3
GAATCTGAACATTCTC-1,Layer_5,4
GAATGAAGGTCTTCAG-1,Layer_3,1
GAATGCCGAAATGACC-1,Layer_3,3
GAATGCGAATCGGTTC-1,WM,5
GAATGTATGGCAGGTC-1,Layer_3,3
GAATGTGGTCCGGATT-1,Layer_5,2
GAATGTTGGGTAATCT-1,Layer_3,3
GAATTATAGTGAAAGG-1,Layer_5,2
GAATTATGCAACCTAC-1,Layer_3,1
GAATTCACCCGGGTGT-1,Layer_6,4
GAATTTCTCGCTGCAG-1,Layer_5,2
GACAAACATATGCAGG-1,Layer_5,2
GACAACGACCATTGAA-1,Layer_3,3
GACAACGCAGCTTACG-1,Layer_3,3
GACAAGAGATGAGATT-1,Layer_5,2
GACACAAGGGAAGAAA-1,Layer_4,3
GACACGAGTTAGAGGA-1,Layer_4,3
GACACTGAGTTCAGTG-1,Layer_6,4
GACACTGGAACCCGAT-1,Layer_5,2
GACAGATTTCTGGCTC-1,Layer_5,2
GACAGCCAGACCTGAC-1,Layer_5,2
GACAGGCACACACTAT-1,Layer_5,2
GACATACTGTCGCAGA-1,Layer_3,3
GACATCCGTCGAACTG-1,WM,5
GACATCGATTTATAAC-1,Layer_6,4
GACCAAACGTTGACTG-1,Layer_6,4
GACCAGAGCCCTGTAG-1,Layer_5,2
GACCAGGTCATTCATA-1,Layer_3,3
GACCCAATTATGATAC-1,Layer_6,4
GACCCGTCGCCGGCTA-1,Layer_3,3
GACCGACGTGAAAGCA-1,Layer_3,3
GACCGACTGAAGCGTC-1,Layer_5,2
GACCGATTAAATATGT-1,Layer_6,4
GACCGCGTCTGACGTG-1,Layer_5,2
GACCGTCAGGTCGTGA-1,Layer_3,3
GACCGTGCTGACGGTG-1,Layer_6,4
GACCTTCCACGTCTAC-1,WM,5
GACGACGATCCGCGTT-1,Layer_6,4
GACGAGGCTAATAAAC-1,Layer_6,4
GACGCCGTAAAGGCTA-1,WM,4
GACGCCTGTTGCAGGG-1,Layer_3,3
GACGCTTGCTTCTAAA-1,Layer_5,2
GACGGACCGCGTTCCT-1,Layer_3,3
GACGGGTTGGCCCGTA-1,WM,5
GACGGTCAATAGAAGC-1,Layer_3,3
GACGTGAGACTCCATG-1,Layer_3,3
GACGTGTAGGGATTAT-1,Layer_5,2
GACGTTCGTAAATACA-1,Layer_3,1
GACTAACACAGCACCT-1,Layer_3,3
GACTAAGATCATGCAC-1,Layer_4,3
GACTAAGTAGGCTCAC-1,Layer_5,2
GACTACAAAGCGGTGG-1,Layer_6,4
GACTACAATTGCTCGT-1,Layer_3,3
GACTAGGCCGTTAGGT-1,WM,5
GACTCACCCACGTGAG-1,Layer_3,3
GACTCCCAGAATAAGG-1,Layer_3,1
GACTCCTTCCAATTGA-1,Layer_6,2
GACTCGCGGGAATGAC-1,Layer_3,3
GACTCGGTCGGCGGAT-1,Layer_3,1
GACTGATTGGTCACAA-1,Layer_3,1
GACTGCAAATCGAGCT-1,WM,4
GACTGCACCAGCCCAG-1,Layer_5,4
GACTGCGGCACGTGTA-1,Layer_4,3
GACTGCTGGTGAGAAA-1,WM,5
GACTGGGCGCCGCAAC-1,Layer_3,3
GAGAATCTCACGATCA-1,Layer_4,3
GAGACCCTGCAACGCC-1,Layer_3,1
GAGACTGATGGGTAGA-1,Layer_4,2
GAGACTTCGCGACCGA-1,WM,4
GAGAGCGCAGTCCCTG-1,Layer_4,3
GAGAGGGCGCGAGGTT-1,Layer_5,2
GAGAGGTGCATTCTGG-1,Layer_6,4
GAGATCTGCTTGGCAT-1,Layer_5,2
GAGATCTGTCACTCCG-1,Layer_3,3
GAGATCTTCCATGACA-1,Layer_5,4
GAGATGACAATCCTTA-1,Layer_3,1
GAGATGGCTTTAATCA-1,WM,5
GAGATGGGAGTCGACA-1,Layer_6,4
GAGCACCTGTGTCCAG-1,Layer_6,4
GAGCACGGCGCCTCTT-1,Layer_3,3
GAGCATCAACAACTTG-1,Layer_6,4
GAGCATCATCCCTGGG-1,Layer_3,3
GAGCCACGGTAGTAGG-1,Layer_3,3
GAGCCAGCTACCTGTG-1,Layer_6,4
GAGCCGAGCGTTTATT-1,Layer_3,1
GAGCGAGGGAGTACCG-1,Layer_3,3
GAGCGCAAATACTCCG-1,Layer_5,2
GAGCGCGCACGAGTAG-1,Layer_5,4
GAGCGCTGTTAGGTAA-1,Layer_6,4
GAGCGGAATGCGGTGT-1,WM,5
GAGCTAAGGGCATATC-1,Layer_3,3
GAGCTCTCGGACCTAA-1,Layer_3,3
GAGCTGTCGTCTCGGA-1,Layer_3,1
GAGGAATGGAGAGGTT-1,Layer_5,2
GAGGATAAACAGTGCT-1,Layer_3,3
GAGGCATTTGCAGCAG-1,Layer_3,1
GAGGCCCGACTCCGCA-1,Layer_6,4
GAGGCCTGTTGATACA-1,Layer_6,4
GAGGCTATCAAAGTCG-1,Layer_5,2
GAGGGAGTCAGATCGC-1,WM,5
GAGGGCATCGCGTATC-1,Layer_3,3
GAGGGCCGGCAGAGTC-1,Layer_3,1
GAGGGCGCAGCTCTGC-1,Layer_3,3
GAGGGTAGTAACAAAG-1,Layer_6,4
GAGGTACATCCATCTT-1,Layer_3,3
GAGGTACGCGTGTCCC-1,WM,5
GAGGTCCCAAAGATCT-1,Layer_3,3
GAGGTCTTAGTGGGTC-1,Layer_3,3
GAGTAAACCGGAAAGT-1,Layer_5,2
GAGTAAGGCCACGGGA-1,Layer_6,2
GAGTACGGGTATACAA-1,Layer_3,3
GAGTAGATACTAGTTG-1,WM,5
GAGTATCAAAGTTACA-1,Layer_5,2
GAGTATGCCCGCCTTG-1,Layer_6,4
GAGTATGCGCGTGCAT-1,WM,5
GAGTCAGACCAGAATC-1,WM,5
GAGTCCGCTTACCGGA-1,Layer_6,4
GAGTCGACAGACCCTC-1,Layer_4,3
GAGTGCACGGACAACA-1,Layer_3,1
GAGTGTCAACCAGAAA-1,WM,5
GAGTGTGCGGTACCCA-1,Layer_5,2
GAGTTGATGGCAATTT-1,Layer_6,4
GATAAATCGGTGGATG-1,Layer_3,3
GATAACTCGCACTGTG-1,Layer_4,2
GATAAGGCAGATGCAA-1,Layer_3,3
GATACGATGGGAGTCA-1,Layer_6,4
GATAGGTAACGTTGAC-1,Layer_6,4
GATAGGTGTCCCGGGC-1,Layer_3,3
GATAGTGCGAGTAAGT-1,WM,5
GATATCAGTATGTATC-1,,3
GATATCTCATGCAATA-1,Layer_3,3
GATATGAGACACTAAC-1,Layer_5,2
GATATGCGGTAGCCAA-1,Layer_3,3
GATATGGATTACGCGG-1,Layer_5,2
GATATTGAGATTGGCG-1,Layer_3,3
GATATTTCCTACATGG-1,Layer_3,3
GATCAACATAAAGGGA-1,WM,5
GATCATTCCAAACATT-1,Layer_5,2
GATCCCTTTATACTGC-1,Layer_4,2
GATCCGAATATAAGTG-1,Layer_3,1
GATCCGGGAATTAACA-1,Layer_5,2
GATCCTAAATCGGGAC-1,Layer_3,3
GATCCTCGACACTGGC-1,Layer_6,4
GATCCTCTTGCGCTTA-1,Layer_3,3
GATCGACACTATCTGA-1,Layer_5,2
GATCGCGGGCTCTCCA-1,Layer_5,2
GATCGCTACCCGATTT-1,Layer_5,4
GATCGCTATATCTCAG-1,Layer_6,4
GATCGCTGTGGTGCGT-1,,4
GATCGGATAGAACCAT-1,Layer_5,2
GATCGGCGATAAGTCG-1,Layer_3,3
GATCGGTGGCCATAAC-1,Layer_3,3
GATCGTGACTGATATC-1,Layer_5,2
GATCTCGACGCTGTGG-1,Layer_5,2
GATCTGCTATCTAAGG-1,WM,5
GATCTTAGTGAACGTG-1,Layer_3,1
GATCTTCATTGTCCTC-1,Layer_3,3
GATCTTGGAGGGCATA-1,Layer_6,4
GATCTTTGCAGGGTAT-1,Layer_5,2
GATCTTTGCTCAAAGA-1,Layer_3,1
GATGACAAGTAGGGCA-1,Layer_6,4
GATGACGATGATCGCG-1,Layer_3,1
GATGAGGAACCTTCGG-1,WM,5
GATGCCAGCAGAAGGC-1,Layer_4,3
GATGCCTTCTGCGGCA-1,Layer_6,4
GATGCGAATGGTATTA-1,Layer_4,3
GATGCGTCCTGCATTC-1,Layer_5,2
GATGCTACAAGCGCCT-1,Layer_3,3
GATGCTGTATTTCATC-1,Layer_5,2
GATGGCGCACACATTA-1,Layer_4,3
GATGGTGAAATAACCC-1,Layer_3,1
GATGGTGCCCTAGGCA-1,Layer_3,3
GATGTAACGAACCACC-1,Layer_6,4
GATGTCCGGATCACAT-1,Layer_3,3
GATGTCGGTCAACTGC-1,Layer_3,3
GATGTGTTGTCACAAG-1,Layer_3,3
GATGTTCAATCCACGA-1,Layer_6,4
GATGTTTGTGCGAGAT-1,Layer_4,3
GATTAACCGAAAGCCC-1,Layer_6,4
GATTAATCCTGGCTCA-1,,3
GATTACTGAATTTGGG-1,Layer_6,4
GATTCCCTTGTCGCAG-1,Layer_3,3
GATTCCGCGTTTCCGT-1,Layer_3,3
GATTCCTATACGGCGC-1,Layer_5,3
GATTCGACGGTTCACG-1,Layer_5,2
GATTGACACTCTGCTC-1,Layer_3,3
GATTGCTCCAGTTGCA-1,Layer_6,4
GATTGGGAAAGGTTGT-1,WM,5
GATTTAGTGCGTACTG-1,Layer_3,1
GCAAACCCTACATTAT-1,Layer_6,4
GCAAACCTTGGCCATA-1,WM,4
GCAAACGTCGCCAGGT-1,Layer_4,2
GCAAAGGGCGTTAGCC-1,Layer_6,4
GCAAATATTACGCTTT-1,Layer_5,2
GCAACACACTAGAACT-1,Layer_6,2
GCAACAGCAGTATGCG-1,Layer_5,2
GCAACCACCAGACCGG-1,Layer_3,3
GCAACCACGGCCGCGT-1,Layer_6,4
GCAACCCAAGTTGTTT-1,,1
GCAACGGCTAGTTATG-1,Layer_4,3
GCAAGAATTCCTTGGC-1,Layer_6,4
GCAAGATGTGTTCGCG-1,Layer_3,1
GCAAGTGCACAGAGAA-1,Layer_4,2
GCAAGTGTAAAGCATG-1,WM,5
GCAATTAGTCGCACCG-1,Layer_3,1
GCACAAACCCTAGATG-1,Layer_6,4
GCACAAACGAGGCGTG-1,Layer_4,2
GCACAACCTCGGGCGT-1,Layer_6,4
GCACAAGTGGATCATA-1,,3
GCACAAGTGTCGGAAG-1,Layer_3,3
GCACACACTGGTAGCC-1,Layer_6,4
GCACACGCCCATGGTC-1,Layer_5,2
GCACGCCTACTTAGAT-1,WM,4
GCACGTGGTTTACTTA-1,Layer_6,4
GCACTAGTCGCGCTAT-1,Layer_3,3
GCACTGCCTACCTTTA-1,WM,5
GCACTGTGCAAATGTA-1,Layer_3,3
GCAGAAACGTAATCCA-1,Layer_3,1
GCAGAAGGTAATCTCC-1,Layer_5,2
GCAGACCCAGCACGTA-1,Layer_3,3
GCAGATCCATAAGACT-1,Layer_6,4
GCAGATCCTCGCAAAT-1,Layer_3,3
GCAGATTAGGGATATC-1,Layer_5,2
GCAGCACACAGCCCAG-1,Layer_5,2
GCAGCCTATATCACAT-1,Layer_3,3
GCAGCGGTGGGCATTA-1,Layer_3,3
GCAGCTATGGACAGGT-1,Layer_3,1
GCAGGAACTTAGATCT-1,Layer_6,4
GCAGGACTATAGAATA-1,Layer_5,2
GCAGGTAGAGTATGGT-1,Layer_3,3
GCAGTGCGGGCGGATG-1,Layer_5,2
GCAGTGTGGCTATAGG-1,Layer_6,4
GCAGTTCGATCCGAGC-1,Layer_5,2
GCATAAATTGAACGCC-1,Layer_3,1
GCATACGAGGTCTTTA-1,Layer_5,2
GCATAGAGCACTCAGG-1,Layer_5,2
GCATCCCTAACTTTGA-1,Layer_3,3
GCATCGGCCGTGTAGG-1,Layer_5,2
GCATGAGGGACGCGGC-1,Layer_3,3
GCATGCTAATAACGAT-1,Layer_6,4
GCATTCAAGGCAACGC-1,Layer_3,1
GCATTCGAAATGAACA-1,Layer_4,3
GCATTGTAATTCATAT-1,Layer_5,2
GCATTTCCAAGGCTCC-1,Layer_3,1
GCCAACCATTTCCGGA-1,Layer_3,1
GCCAAGAATACTTCTG-1,Layer_5,2
GCCAATAGGGCATCTC-1,Layer_3,1
GCCACAATTTAAGGAC-1,Layer_6,4
GCCACTCAGAGCGCGA-1,Layer_6,4
GCCACTCCTTACGGTA-1,Layer_5,2
GCCAGGAGTAACCGAT-1,Layer_3,3
GCCAGGCGTTCGCATG-1,Layer_3,3
GCCATATTGCACACAG-1,Layer_3,3
GCCATCGAGCTGCGTG-1,WM,4
GCCATCGATGCTGCAT-1,Layer_3,1
GCCATTAGCCTCAAAC-1,Layer_6,4
GCCCACCAAGGCTGTC-1,Layer_3,3
GCCCACTGGTCCACAA-1,Layer_3,1
GCCCAGATGCTGGAGA-1,Layer_3,3
GCCCAGTTGGTATGCC-1,Layer_4,3
GCCCATGGGTGCAATG-1,Layer_3,1
GCCCGACTTCTTCCCG-1,Layer_6,4
GCCCGAGAGTCTAAAT-1,Layer_6,4
GCCCGATCTGTGGTCG-1,Layer_6,4
GCCCGCGCGTAAACGG-1,Layer_6,4
GCCCGCGCGTTTGACA-1,Layer_4,3
GCCCGTAATACCTTCT-1,Layer_3,3
GCCCTAGCCGTCGCGA-1,Layer_6,4
GCCCTGAGGATGGGCT-1,WM,5
GCCGAAATTCCTACGT-1,Layer_5,2
GCCGACCCACGACTGC-1,Layer_6,4
GCCGATTGGCCAAGCT-1,Layer_5,4
GCCGCACTCCGTTTCA-1,Layer_3,3
GCCGCATTAGTCCGGC-1,Layer_5,2
GCCGCTAGATACGCAG-1,Layer_3,1
GCCGCTTGTGAGAAAC-1,Layer_5,2
GCCGGAAACACATCTT-1,Layer_3,3
GCCGGGTTAGGGTCGC-1,Layer_6,4
GCCGTCGGTTTCGGGC-1,,5
GCCGTGGAAGAAATGT-1,Layer_3,3
GCCTACGTTCTGTGCA-1,WM,5
GCCTAGCGATCTGACC-1,Layer_4,3
GCCTATAGTGTCAGGG-1,Layer_3,3
GCCTATGCTGGGCCTT-1,Layer_3,1
GCCTATTCCGATATAG-1,Layer_5,2
GCCTATTTGCTACACA-1,Layer_3,3
GCCTCATCTGGAAATA-1,Layer_4,2
GCCTCCGACAATTCAC-1,Layer_6,4
GCCTCTATACATAGCA-1,Layer_6,4
GCCTGCTACACTGAGA-1,Layer_3,3
GCCTTCAGCCCTACCG-1,Layer_3,3
GCCTTGTATATGCAGT-1,Layer_3,3
GCCTTTGTCAGTGGAC-1,Layer_6,4
GCGAAACGATCGGGAG-1,Layer_6,4
GCGAAACTTAACTGGA-1,Layer_5,2
GCGAAGAATCTGACGG-1,WM,5
GCGAAGCCATACCCGT-1,Layer_5,2
GCGACATGTAAACATC-1,Layer_3,3
GCGACCCAACCATCTG-1,Layer_6,4
GCGACGATAGTTGTAC-1,Layer_6,4
GCGAGAAACGGGAGTT-1,Layer_3,3
GCGAGAGGCCATGTAA-1,Layer_3,1
GCGAGAGTTGCGTCCA-1,Layer_3,1
GCGAGCGCATGCTCCC-1,Layer_3,3
GCGAGGCCCGAGCAGA-1,Layer_5,2
GCGAGTTCTGCAAAGA-1,Layer_5,2
GCGATGTCTGTGCTTG-1,,1
GCGATTCTGGAAGCAG-1,Layer_3,3
GCGATTGTTAACGTTA-1,Layer_5,2
GCGCAAATATATTCAA-1,Layer_6,4
GCGCAAGAGCGCGCTG-1,Layer_4,3
GCGCATCCAGTCAGCA-1,Layer_3,3
GCGCCGTTCCACGATA-1,Layer_5,2
GCGCCTCCCACTCCGA-1,Layer_5,2
GCGCGATGGGTCAAGT-1,,3
GCGCGGTCTAGTAACT-1,WM,5
GCGCGTCATTGGTACA-1,Layer_6,4
GCGCTAAGTATGCATG-1,Layer_3,3
GCGCTAATTGAATAGA-1,Layer_4,2
GCGCTATGCCGAGGCA-1,Layer_6,4
GCGCTCGATCACCTGT-1,Layer_3,3
GCGCTGATCCAGACTC-1,Layer_3,3
GCGCTGCTTTGCATTT-1,Layer_3,3
GCGCTTAAATAATTGG-1,Layer_6,4
GCGGACCGCGTTGTGG-1,Layer_6,4
GCGGAGAAACTTCGCA-1,Layer_6,4
GCGGAGAGGGAGAACG-1,Layer_6,4
GCGGCAAAGTATTGCC-1,Layer_6,4
GCGGCTCTGACGTACC-1,Layer_5,2
GCGGGAACCAGGCCCT-1,Layer_3,3
GCGGGCATTACGATGC-1,Layer_3,1
GCGGGCGAGCCTTACC-1,WM,4
GCGGTAACCCAAATGA-1,Layer_3,3
GCGGTCCCTAGACGCA-1,Layer_3,3
GCGGTGAACTGCGCTC-1,Layer_3,3
GCGGTGCGGAGCATCG-1,,1
GCGGTTCCCTATCATG-1,Layer_6,4
GCGTAAATGGCCATAA-1,Layer_3,3
GCGTCCCTAAGACATA-1,WM,5
GCGTCGAAATGTCGGT-1,Layer_3,3
GCGTCGCCAGGGTGAT-1,WM,4
GCGTCTCTGCATTGGG-1,Layer_5,2
GCGTGGTACTGGGTTA-1,Layer_3,3
GCGTGTATGTCGTATT-1,Layer_3,3
GCGTTATATTTGGAAC-1,Layer_5,2
GCGTTCGGAGACCGGG-1,Layer_3,1
GCTAAACCTGAGGTGA-1,Layer_5,3
GCTAACTGAAGTCTGA-1,Layer_6,4
GCTAAGTAAAGGCGAT-1,Layer_4,3
GCTAAGTAGTTTCTCT-1,Layer_4,3
GCTAATACCGAATGCC-1,Layer_4,3
GCTACAATCGAGGATA-1,Layer_6,4
GCTACAGTACGGACCG-1,Layer_5,2
GCTACGACTTATTGGG-1,Layer_5,4
GCTACTATAGTAGAGT-1,Layer_6,4
GCTAGACCGTCTACTG-1,Layer_4,3
GCTAGAGTAGAGATGT-1,Layer_6,4
GCTAGCACCTGGGCCA-1,Layer_3,3
GCTAGCAGGGAGTGGG-1,Layer_3,3
GCTAGCGATAGGTCTT-1,Layer_6,4
GCTAGCTTGAATAGCT-1,Layer_6,4
GCTAGGCACCACGGAG-1,Layer_6,4
GCTAGTAGAGCTTGTA-1,Layer_5,2
GCTAGTTTCATTGAGG-1,Layer_3,3
GCTATACGTCTCGGAC-1,Layer_6,4
GCTATCATACTCATGG-1,Layer_6,4
GCTATCGCGGCGCAAC-1,Layer_4,3
GCTCAACCTCTTAGAG-1,Layer_3,3
GCTCAATCCGTTTATT-1,Layer_6,4
GCTCAATGTAATACCG-1,WM,5
GCTCATTACTGCATGT-1,Layer_3,3
GCTCCATGAGTGCAGA-1,Layer_5,2
GCTCCATGCAAAGCAA-1,WM,5
GCTCCCAGTCGGTCCA-1,Layer_4,3
GCTCCGCTCGCTTCAG-1,Layer_4,3
GCTCCGGACGTTGATA-1,Layer_3,1
GCTCCTGACATACTGG-1,Layer_6,4
GCTCGACCGAACTGAA-1,Layer_3,1
GCTCGCGGTTCCGCTC-1,Layer_4,3
GCTCGCTCATGTCCAA-1,Layer_4,3
GCTCGGAATTTAAAGC-1,Layer_3,3
GCTCTAAACCCTGACG-1,Layer_3,3
GCTCTATGTTACGTGC-1,Layer_5,2
GCTCTCGGGTACCGAA-1,Layer_4,2
GCTCTTTCCGCTAGTG-1,WM,5
GCTGAACTCTCCAGGG-1,Layer_3,3
GCTGAATCTTCCAATC-1,Layer_6,4
GCTGAGCAACGGTTCT-1,Layer_3,3
GCTGAGGCGTGAGTAT-1,Layer_5,2
GCTGCACGGTTTCTTA-1,Layer_5,2
GCTGCGCCTCCCACGT-1,,1
GCTGCTAAGTAGTCGA-1,WM,5
GCTGCTACTGCGTAGC-1,Layer_6,4
GCTGCTCTCCGGACAC-1,Layer_4,2
GCTGGACCCAAAGTGG-1,Layer_3,1
GCTGGCAGGTGCCGTG-1,,1
GCTGGCATATTCACCT-1,Layer_5,2
GCTGGCGGCGCATGCT-1,Layer_6,4
GCTGGTGACTCGTAGT-1,Layer_3,1
GCTGGTTTAGGCCATA-1,Layer_6,4
GCTGTATTACTGGCCC-1,Layer_6,4
GCTGTCTGTGATCGAC-1,Layer_3,1
GCTGTTGCTACCGAAC-1,Layer_4,3
GCTTAATGTAACTAAC-1,Layer_5,2
GCTTACGTAGTTAGTA-1,Layer_3,3
GCTTAGGGAAGCGGTA-1,Layer_3,1
GCTTATGAAGCAGGAA-1,Layer_4,3
GCTTCAGTGGGATTAC-1,Layer_3,1
GCTTCCGTCCCTAGAC-1,Layer_3,3
GCTTCGACGTTCAATC-1,,4
GCTTGATGATAATCAG-1,Layer_4,3
GCTTGCAGCACAATTG-1,Layer_3,1
GCTTGGATCGATTAGG-1,Layer_3,3
GCTTTCAGAGGAGGTG-1,Layer_3,3
GCTTTCTATCTCAACT-1,Layer_3,1
GCTTTGCTGCCGGGTA-1,Layer_3,1
GGAAACCTTGTTGAAT-1,Layer_3,1
GGAAACTAAATGGGCC-1,Layer_6,4
GGAAAGTGCCCATGCC-1,Layer_3,3
GGAACCCGAACAAGAA-1,Layer_3,3
GGAACCGTGTAAATTG-1,Layer_6,4
GGAACCTTGACTCTGC-1,Layer_6,4
GGAACGGCCTGCAGCC-1,Layer_4,3
GGAACTTTGGCGATTA-1,Layer_6,4
GGAAGATAAGACTGTA-1,Layer_3,1
GGAAGCTCGCTTACAG-1,Layer_3,3
GGAATAACCTCAAGAA-1,Layer_3,3
GGAATGCGCTAGCGTG-1,Layer_3,3
GGACAAGTTGCAGTGA-1,Layer_4,3
GGACACAAGTTTACAC-1,Layer_5,2
GGACCAACAGGATAAC-1,Layer_6,4
GGACCTACGGTAACGT-1,Layer_3,1
GGACCTCTAGGCCGCC-1,Layer_6,4
GGACGGCTTGCGCAAC-1,Layer_3,3
GGACGTCCATAGTTGG-1,Layer_3,1
GGACTAAGTCAGGAGT-1,,1
GGACTCACAAATTAGG-1,Layer_4,2
GGACTCGACAGCGCAT-1,WM,5
GGACTCGTGAGTGGTC-1,WM,5
GGACTCTTCCGGTTGA-1,Layer_5,2
GGAGAAGTCATTGGCA-1,Layer_4,2
GGAGACCAATGTGCTT-1,Layer_3,1
GGAGACCATCTACATA-1,Layer_5,2
GGAGACGACACCTTTG-1,Layer_6,4
GGAGCAACATTTCAAG-1,Layer_6,4
GGAGCACCAAGAACTA-1,Layer_3,3
GGAGCGAGGCCTACTT-1,WM,5
GGAGGATTGAAAGGAG-1,Layer_3,3
GGAGGCCGAAGTCGTC-1,Layer_3,3
GGAGGCGAAGAACCGC-1,Layer_3,1
GGAGGGCTTGGTTGGC-1,Layer_4,3
GGAGGGTCAAGTAAGA-1,Layer_6,4
GGAGTGCCGCCCTGGA-1,Layer_3,3
GGATACTCATGAATTG-1,Layer_3,3
GGATCAAAGGACGAGG-1,Layer_3,3
GGATCATCCCGTACGC-1,Layer_3,1
GGATCCGGAATATACT-1,Layer_4,3
GGATCTTACTGCCCTT-1,WM,5
GGATCTTGACTCAACC-1,Layer_6,4
GGATGAAGATCGCTGA-1,Layer_5,2
GGATGACGCGAGTTTA-1,Layer_5,2
GGATGCTGGCGTTCCT-1,Layer_5,2
GGATGTCCTTACCGCA-1,Layer_3,3
GGATTAAGCTAAGGTC-1,Layer_3,3
GGATTCAGTACGGTGG-1,Layer_4,3
GGATTCCGCTATACCC-1,Layer_3,3
GGATTGCTGTGACTCC-1,Layer_6,4
GGATTTCACTTCTATA-1,Layer_3,3
GGCAAAGGCGCCAATA-1,Layer_6,4
GGCAAATTACTTTACT-1,Layer_6,4
GGCAAGCCAGGGATAG-1,Layer_3,1
GGCAAGCCCATAGTGG-1,WM,5
GGCAAGGCGAAATAGC-1,Layer_6,4
GGCAATAGTCAATGAG-1,Layer_4,3
GGCACTCAGCCGACCC-1,Layer_5,2
GGCACTCCACTGGGCA-1,Layer_5,2
GGCAGCAAACCTATGC-1,Layer_5,2
GGCAGCGGTAATCCTA-1,Layer_3,3
GGCATACAGGTAGCGG-1,Layer_5,2
GGCATATCGGTTCTGC-1,Layer_3,3
GGCATCAACGAGCACG-1,Layer_3,3
GGCCACACGAAAGCCT-1,,1
GGCCCAATCTAGAGGG-1,Layer_3,1
GGCCCAGTTATCAGCA-1,Layer_3,1
GGCCCGGAGCATGTCT-1,Layer_3,3
GGCCCGTATACCATGC-1,Layer_3,1
GGCCCTCACCCACTTA-1,Layer_5,2
GGCCGAGACTCTGGTG-1,WM,4
GGCCGGCGTCTGCTAT-1,WM,5
GGCCGTTTGGGTTTCA-1,WM,5
GGCCTGCTTCTCCCGA-1,Layer_6,4
GGCCTTTGCAACTGGC-1,Layer_5,2
GGCGAAATCTAACTTG-1,Layer_5,2
GGCGAACCGTTCTGAT-1,Layer_3,1
GGCGAGCGAAACGGCA-1,Layer_5,2
GGCGCAGGACATCTTC-1,Layer_5,2
GGCGCATGAATTGATG-1,Layer_6,4
GGCGCGGAGATCTTTC-1,Layer_6,4
GGCGCGTTCGAGTTTA-1,Layer_6,4
GGCGCTCCTCATCAAT-1,Layer_3,3
GGCGCTTCATTCCCTG-1,WM,5
GGCGGAGTAATATTAG-1,Layer_5,2
GGCGGGCTCTAAGAGT-1,Layer_5,2
GGCGGTAGGATCATTG-1,Layer_4,2
GGCGGTTTGCCGGTGC-1,Layer_3,3
GGCGTACCCTATATAA-1,Layer_3,3
GGCGTAGGGAAAGCTG-1,WM,5
GGCGTCCTATCCGCTG-1,Layer_5,2
GGCTAAAGGGCGGGTC-1,Layer_3,1
GGCTAATGATTGAAAT-1,Layer_3,1
GGCTACTATACACTCC-1,WM,5
GGCTATTAAGTTGTAT-1,Layer_5,2
GGCTCCTCCACCTGTT-1,WM,4
GGCTCGCGTTGAGGTA-1,Layer_3,3
GGCTCGTGCCACCAGC-1,Layer_4,3
GGCTCTGCTCCAACGC-1,Layer_3,3
GGCTGAAATAGCAAAG-1,Layer_6,4
GGCTGAGCATCGTAAG-1,Layer_3,1
GGCTGGCTAGCTTAAA-1,Layer_3,3
GGCTTGGCTCTCACCT-1,,1
GGCTTTCAATAAGGGT-1,WM,5
GGGAACGGGAGGTTAG-1,Layer_5,2
GGGAACGGTTTCAGAT-1,WM,4
GGGAAGACGGTCTGTC-1,WM,5
GGGAAGGGCTTTCTCA-1,Layer_6,4
GGGAATGAGCCCTCAC-1,Layer_3,1
GGGAATTCTGTCCAGT-1,,1
GGGACAGAGTTACTCC-1,Layer_6,4
GGGACCCGTATATCTT-1,WM,5
GGGACTGCATAGATAG-1,Layer_5,2
GGGAGAACTCACAGTA-1,Layer_4,2
GGGAGCGACCGTAGTG-1,WM,5
GGGAGGATGCCCGAAA-1,Layer_5,2
GGGAGTAATGGCTGGC-1,Layer_3,3
GGGAGTTAATGAGGCG-1,Layer_4,3
GGGATACGGTAATAAT-1,Layer_3,3
GGGATGGTCGTAACCG-1,Layer_6,4
GGGATTTACCGCACCT-1,Layer_5,2
GGGCAACCGCACGTGC-1,Layer_6,4
GGGCACGAATTGGCCG-1,,1
GGGCACGTAGTACTGT-1,WM,5
GGGCAGAGCAATCGTT-1,WM,5
GGGCAGTCAACGCCAA-1,WM,5
GGGCCCGTCTTAAACA-1,Layer_6,4
GGGCCCTACGAAAGGG-1,Layer_5,2
GGGCCGGCCGAAGTAC-1,Layer_4,2
GGGCCTAAATGGGCTA-1,Layer_5,2
GGGCCTATACAACCGG-1,Layer_3,1
GGGCCTATTTAAGTAT-1,Layer_3,1
GGGCGAATTTCTCCAC-1,,3
GGGCGATATGTGTGAA-1,Layer_4,2
GGGCGCAGCGTTACTC-1,Layer_3,1
GGGCGGCAAATGAATT-1,Layer_6,4
GGGCGGGTTCCCTACG-1,Layer_6,4
GGGCGGTCCTATTGTC-1,Layer_3,3
GGGCGTACATTTATAT-1,Layer_4,3
GGGCGTCACCACGTAA-1,Layer_6,4
GGGCGTCCACTGGCTC-1,Layer_3,3
GGGCGTGGTTTCCCAG-1,WM,4
GGGCGTTTACATTCAT-1,Layer_6,4
GGGCTATGATCGATGG-1,WM,5
GGGCTCATCGAACCCA-1,Layer_3,3
GGGCTGCCTAGGGCGA-1,Layer_4,2
GGGCTGGTTAGTCGCG-1,Layer_5,2
GGGTAATGCTGTGTTT-1,Layer_3,3
GGGTACCCACGGTCCT-1,Layer_3,3
GGGTACTTCATGAACT-1,Layer_5,2
GGGTATGTATGCACTT-1,Layer_5,2
GGGTATTCTAGCAAAC-1,Layer_6,4
GGGTCACCGTGACGGT-1,Layer_5,2
GGGTCACGTGCTTATG-1,Layer_3,1
GGGTCACTGAGTAGTG-1,Layer_3,1
GGGTCAGGAGCTAGAT-1,WM,5
GGGTCATGCGTACCAT-1,Layer_3,3
GGGTCGTGGCAAGTGT-1,Layer_3,1
GGGTCTATCGCTTTCC-1,Layer_6,4
GGGTGACACCTTAACT-1,Layer_6,4
GGGTGCATATGAAAGC-1,Layer_3,1
GGGTGGTCCAGCCTGT-1,Layer_3,3
GGGTGTTTCAGCTATG-1,Layer_3,3
GGGTTAACATTTGAGT-1,WM,4
GGGTTCAGACGAACAA-1,Layer_3,3
GGGTTTAGGATAGGAT-1,Layer_4,3
GGTAAATGTGCGTTAC-1,Layer_3,3
GGTAACCGGGAGGATA-1,Layer_6,4
GGTAACTATGTATCTG-1,Layer_3,3
GGTACAAACATGCTAT-1,Layer_5,4
GGTACACCAGATTTAT-1,Layer_3,1
GGTACATCTGGGACGA-1,Layer_5,2
GGTACCATTAAGACGG-1,Layer_3,1
GGTACTAAGTGCTTTG-1,Layer_5,2
GGTAGAAGACCGCCTG-1,Layer_6,4
GGTAGACCGTTGGGCG-1,WM,4
GGTAGTGCTCGCACCA-1,Layer_4,2
GGTATAGTGACACATA-1,Layer_3,1
GGTATTGCCGAGTTTA-1,Layer_5,2
GGTCAAGACTACTTCG-1,Layer_6,2
GGTCAGTGGGTCCCAC-1,Layer_6,4
GGTCATTGTAGTCATA-1,Layer_3,1
GGTCCCATAACATAGA-1,Layer_3,1
GGTCCTTCATACGACT-1,Layer_3,3
GGTCGGATAAACGGCG-1,Layer_3,1
GGTCGGCCAGGAGCTT-1,Layer_3,3
GGTCGGTAATTAGACA-1,Layer_3,3
GGTCGGTCGTCCACAG-1,WM,5
GGTCGTAAGCTCGCAC-1,Layer_6,4
GGTCTCCAAGTAGTGC-1,Layer_4,2
GGTCTCCGTCCAGGTT-1,Layer_6,4
GGTCTCTGAATGGACT-1,Layer_6,4
GGTCTGAGAATCTGGA-1,Layer_3,3
GGTCTTGAGCGCTCTT-1,WM,5
GGTGAAACCGGGAATG-1,Layer_3,3
GGTGAACGGGCTAGCC-1,Layer_3,3
GGTGAAGTACAGGGAT-1,Layer_6,4
GGTGAGATGCAGATAA-1,Layer_3,3
GGTGATAAGGAGCAGT-1,Layer_5,2
GGTGATGAAGGAAGTG-1,,1
GGTGATTTCATCTTGT-1,Layer_3,3
GGTGCAGAGCCTATCG-1,Layer_3,1
GGTGCATAAATGATTA-1,WM,5
GGTGCGGATAAGTGGC-1,Layer_3,3
GGTGCTGATCACAAAG-1,Layer_5,2
GGTGCTGGTACACATT-1,Layer_6,4
GGTGGACCACGTGTTA-1,Layer_3,3
GGTGGACTGCTCTGGC-1,Layer_6,4
GGTGGAGGTTGATACG-1,Layer_3,3
GGTGTAAATCGATTGT-1,WM,5
GGTGTTCTGTTTCTAC-1,Layer_3,3
GGTGTTGGGCGTCTTA-1,Layer_4,2
GGTTACCACCCTCGGG-1,Layer_6,4
GGTTACCCGACACTTT-1,Layer_3,1
GGTTAGCTATATGTCT-1,Layer_5,4
GGTTAGGCTTGGAGAA-1,Layer_5,2
GGTTAGTTACGGCGCC-1,Layer_5,2
GGTTCCACCCGCTTCT-1,Layer_3,3
GGTTCCCTAGTGTCTC-1,Layer_3,1
GGTTCGATGCTGAGTT-1,Layer_3,1
GGTTCGGATTATACTA-1,Layer_5,2
GGTTCTACTCGTCTGA-1,Layer_3,3
GGTTGTGCTCTTGTCC-1,Layer_3,3
GGTTGTGTAGCCTGGC-1,Layer_5,2
GGTTTAATTACCATCG-1,WM,5
GGTTTAATTGAGCAGG-1,Layer_3,1
GGTTTACAATCTCAAT-1,Layer_3,3
GGTTTAGCCTTTCTTG-1,Layer_5,2
GGTTTCAATCGGTCAG-1,Layer_3,3
GGTTTGACAAGAAGCT-1,Layer_3,1
GGTTTGAGTGCTGGAA-1,Layer_3,3
GGTTTGCGAACACGTA-1,Layer_3,1
GGTTTGTGACCTGAGG-1,Layer_6,4
GTAACAACTGACCTTG-1,Layer_3,1
GTAACATCAGCTCATC-1,Layer_3,1
GTAACATCTAAGATAA-1,Layer_6,4
GTAACTGCCCAAGGAG-1,WM,5
GTAACTTGCGGCAGTC-1,Layer_3,3
GTAAGCGGGCAGTCAG-1,Layer_3,3
GTAAGGATTTGTCGGA-1,Layer_3,3
GTAAGTAACAGTCTGG-1,Layer_5,2
GTAAGTAGGGTATACC-1,Layer_5,2
GTAAGTCCACACTCTA-1,Layer_3,3
GTAATAAAGGGCTCCC-1,Layer_3,3
GTAATCTGATTCTTCG-1,Layer_6,4
GTACACTTACCTGAAG-1,Layer_5,2
GTACAGAGGCAAGGGT-1,Layer_4,2
GTACGACGGCGCTGCG-1,Layer_3,3
GTACGAGATTGCGACA-1,Layer_3,3
GTACGCTTCATTGCAC-1,Layer_6,4
GTACGTCACGTATTAA-1,Layer_3,1
GTACGTTTGCCCGTCA-1,Layer_6,4
GTACTAAGATTTGGAG-1,Layer_4,2
GTACTCCCTTATCGCT-1,Layer_5,2
GTACTCCTGGGTATGC-1,Layer_3,1
GTACTGAGGTCGTAAC-1,Layer_3,3
GTACTGCATGAAGCGT-1,Layer_3,3
GTACTGGAGTTAGACC-1,Layer_4,3
GTACTTGGGCACTTCT-1,Layer_3,3
GTAGAAACGGGTGGAG-1,Layer_4,3
GTAGACAACCGATGAA-1,Layer_3,3
GTAGACACGCCTGACT-1,WM,5
GTAGACGTCGTTACAT-1,Layer_3,3
GTAGAGGGAGACAAGT-1,Layer_6,4
GTAGCCAAACATGGGA-1,Layer_6,4
GTAGCGCTGTTGTAGT-1,Layer_3,3
GTAGCGGCTATACACT-1,Layer_5,2
GTAGCTAGTAAGCGCG-1,Layer_3,3
GTAGCTCCGGGAGGCT-1,WM,5
GTAGCTTCCTCTTGTT-1,Layer_3,3
GTAGGTGATCCGTGTA-1,Layer_3,3
GTAGTCGCGGGAATCA-1,Layer_6,4
GTAGTCTACGATATTG-1,WM,5
GTAGTTAGACAATATA-1,Layer_3,1
GTAGTTCGAAGGCGAA-1,WM,5
GTAGTTTAAGCACACG-1,,4
GTATAATCTCCCGGAT-1,Layer_3,3
GTATAGGACTCAGTAG-1,Layer_3,3
GTATAGTGGCCCATGT-1,Layer_3,3
GTATATGTTACGGCGG-1,,1
GTATCAAACGTTAGCT-1,Layer_6,4
GTATCAGCTTGGGTTC-1,Layer_4,3
GTATCCTTTGGTAACC-1,Layer_6,4
GTATCGGGACGAGCTG-1,,1
GTATCTCAGTCTTGAC-1,Layer_6,4
GTATCTTTCATAACCA-1,Layer_6,4
GTATGAAATTTCACTC-1,Layer_6,4
GTATGACGTGGGAAAC-1,Layer_3,3
GTATGTGGGTCTAGTT-1,Layer_4,3
GTATTAAGGCGTCTAA-1,Layer_4,3
GTATTAGGGTTCGCGT-1,Layer_3,1
GTATTCTGAGAAACGA-1,Layer_6,4
GTATTCTTACCGTGCT-1,,3
GTATTTAATGGCATAA-1,Layer_5,2
GTCAAAGAAGTGGTGT-1,Layer_6,4
GTCAAAGTTTACATAG-1,Layer_3,3
GTCAACCAGGCCTATA-1,Layer_6,4
GTCAAGCGGACTCGGG-1,Layer_5,2
GTCAATTGTACTGAAG-1,Layer_3,3
GTCACAAAGTTTCCAA-1,Layer_3,3
GTCACCTGTCTATGTC-1,Layer_3,1
GTCACTCTCCAAATCT-1,Layer_5,3
GTCAGAATAGTCTATG-1,Layer_5,2
GTCAGTTGTGCTCGTT-1,Layer_3,3
GTCAGTTTGGTAGTCG-1,Layer_4,3
GTCATGCACCTCCGTT-1,Layer_4,2
GTCATGCGCGAGGGCT-1,Layer_6,4
GTCATGGACATGACTA-1,Layer_3,3
GTCATTAGAGCGAACG-1,Layer_5,2
GTCATTGCATTGACCC-1,Layer_5,2
GTCCAATATTTAGCCT-1,WM,5
GTCCACGTCGCATTCG-1,Layer_6,4
GTCCAGGCACGTGTGC-1,WM,5
GTCCATTACTGCTACG-1,Layer_4,3
GTCCCAACGTAAAGTA-1,Layer_4,2
GTCCCGCGACGTTATG-1,Layer_6,4
GTCCGAGAGCAATCAT-1,Layer_4,3
GTCCGGACCTGAAATT-1,Layer_6,4
GTCCGGCTGAATTGCG-1,Layer_5,2
GTCCGGGTTCACATTA-1,WM,5
GTCCTACAGGCGGCTC-1,Layer_3,3
GTCCTACGAATAGTCT-1,Layer_6,4
GTCCTATTGTTGTGGT-1,Layer_4,3
GTCCTTCTACAACCCA-1,Layer_3,1
GTCCTTCTAGTGGGTT-1,Layer_3,3
GTCCTTTAATGACTTC-1,Layer_3,3
GTCGAATTTGGGCGCT-1,,4
GTCGATAGGTGACTTT-1,Layer_5,2
GTCGCCGTTGTGTGTT-1,WM,4
GTCGCGTAACCCGTTG-1,Layer_5,2
GTCGGAAGGATACCAG-1,Layer_3,1
GTCGGATATCTCAGAC-1,Layer_5,2
GTCGGATGTAGCGCGC-1,Layer_3,3
GTCGGGAAGCAGAAAC-1,WM,5
GTCGTACCATCTCGGG-1,Layer_6,4
GTCGTACCTACGATTG-1,Layer_5,2
GTCGTATTGGCGTACA-1,Layer_3,3
GTCGTCAATTATAAGG-1,Layer_3,3
GTCGTCTGGTTGGCTA-1,Layer_3,1
GTCGTGTCTGGTCATC-1,Layer_3,1
GTCGTTATTCGCTTAT-1,Layer_6,4
GTCTAAGATGCCCAGC-1,Layer_3,1
GTCTACTCAATTACAA-1,Layer_5,2
GTCTAGTGAGCCGCTT-1,Layer_6,4
GTCTATCTGAGTTTCT-1,Layer_6,4
GTCTATTGCATGCTCG-1,Layer_6,4
GTCTATTGGTTCCGGT-1,Layer_6,4
GTCTCAAGGCCCGGCT-1,WM,5
GTCTCCTGCCAGTATG-1,Layer_6,4
GTCTCGACTAAGTTTG-1,Layer_3,1
GTCTCGATCTGCTTTC-1,Layer_3,3
GTCTGGGCGGTCGAGA-1,Layer_6,4
GTCTTAGTACAGCCGG-1,Layer_3,3
GTCTTCCTCACCTAAG-1,,1
GTCTTGAGGAGCAGTG-1,Layer_3,3
GTCTTGTAGCTATTCA-1,Layer_4,3
GTGAAACGGCGCCACC-1,Layer_3,3
GTGAAACGTGCTCCAC-1,Layer_3,3
GTGAACTCCCATTCGA-1,Layer_3,1
GTGAAGATTTCAAGTG-1,Layer_3,1
GTGAAGCCGTATAGTC-1,Layer_3,1
GTGAAGTCACGACTCG-1,Layer_5,2
GTGACAGCTTCCCACT-1,WM,5
GTGACCGCACACTACG-1,Layer_4,2
GTGACCTAAAGAATAA-1,Layer_3,1
GTGACGAGGGTGACCC-1,Layer_3,1
GTGACGCAGGTTTCAT-1,WM,5
GTGACTTCAGTAGTGC-1,Layer_6,4
GTGAGATAACCTTATA-1,WM,5
GTGAGCGTGCTGCACT-1,Layer_5,2
GTGAGGACACTTAAGG-1,Layer_5,2
GTGAGGAGCGGTTGAG-1,Layer_3,3
GTGAGTCTAAGACGGA-1,Layer_4,3
GTGAGTGGTACAACGC-1,Layer_6,4
GTGATCAAGCGTGCAC-1,Layer_6,4
GTGATCACTAACGCCT-1,Layer_5,2
GTGATCATAGATCTGC-1,Layer_6,4
GTGATCCTTGTCATGA-1,WM,4
GTGATGCACAACATCT-1,Layer_3,3
GTGATTCGCCGCTCAA-1,Layer_6,4
GTGCAACAAATGTGGC-1,Layer_3,3
GTGCACCAGCTTCAAC-1,WM,5
GTGCACGAAAGTGACT-1,Layer_3,3
GTGCAGCGTAGAGTAG-1,Layer_5,2
GTGCCATCACACGGTG-1,Layer_6,4
GTGCCCGTTCGGATTC-1,Layer_5,2
GTGCCGCTTCAAAGGT-1,Layer_6,4
GTGCCTAGCTATGCTT-1,Layer_3,3
GTGCCTCAGTGTACGG-1,Layer_3,3
GTGCCTGAGACCAAAC-1,WM,4
GTGCGAAATCGAACAC-1,Layer_6,4
GTGCGACAGGGAGTGT-1,Layer_3,3
GTGCGCAGCTTGCTCC-1,Layer_3,3
GTGCGGGTCTCCAAAT-1,Layer_3,3
GTGCGTGTATATGAGC-1,Layer_5,2
GTGCTCAAGTACTGTC-1,Layer_5,2
GTGCTGCAGATAAGGA-1,Layer_5,2
GTGCTTACATCAGCGC-1,Layer_4,3
GTGGAACCTACATGCG-1,Layer_3,3
GTGGACCAACCCGATT-1,Layer_6,4
GTGGACGCATTTGTCC-1,WM,4
GTGGACGTGCTGAGAC-1,Layer_3,3
GTGGAGCATGTCGGCC-1,Layer_3,3
GTGGAGCGTTTACCGA-1,Layer_6,4
GTGGAGTCGGCGGTTG-1,Layer_6,4
GTGGCAAACAGCGGCA-1,Layer_6,4
GTGGCGGTCCCAGCGT-1,Layer_5,2
GTGGCGTGCACCAGAG-1,Layer_3,1
GTGGGAAGACTGAATC-1,Layer_5,2
GTGGGCTTAGACACAC-1,Layer_5,2
GTGGTATAGTCTGCCG-1,WM,4
GTGGTCAGCGAAGTAT-1,Layer_3,3
GTGGTGGCCAAGTGAA-1,Layer_5,4
GTGGTTACTTCTTTCG-1,Layer_3,3
GTGGTTTCCGCCTTTC-1,Layer_6,4
GTGTACCTTGGCTACG-1,Layer_3,3
GTGTATATCAGCGGGC-1,WM,4
GTGTCAGTGTACGTGG-1,WM,5
GTGTCCGATAAGGCAT-1,Layer_3,3
GTGTCGTATAGCGTTC-1,Layer_6,4
GTGTCGTATTCACCTT-1,Layer_3,1
GTGTGAATAACTTAGG-1,Layer_3,3
GTGTTACTATGCGTCC-1,Layer_5,2
GTTAAAGTAGGACTGG-1,Layer_6,4
GTTAACATCACTTAAA-1,Layer_6,4
GTTAACTATGTTGTCA-1,Layer_4,3
GTTAAGGGTGCGATGT-1,WM,5
GTTAAGTTAGAGTGGG-1,Layer_3,3
GTTAATGTCTATCTTA-1,Layer_4,3
GTTACAATTGGTGACG-1,Layer_5,2
GTTACCTACAACTTGC-1,Layer_6,4
GTTACGGCCCGACTGC-1,,3
GTTACTTTGGGCCTAG-1,Layer_6,4
GTTAGAGTGTGCCGCT-1,Layer_3,3
GTTAGCCCATGACATC-1,WM,5
GTTAGCCGTAAATCAA-1,Layer_3,1
GTTAGGCTACCCGTTT-1,Layer_6,4
GTTATAATACGGTGAA-1,Layer_5,2
GTTATATCAGGAGCCA-1,Layer_3,1
GTTATATTATCTCCCT-1,Layer_6,4
GTTATCACCTTCTGAA-1,Layer_3,3
GTTATTAAATACGACC-1,Layer_3,3
GTTATTAACGTGGGAG-1,Layer_4,3
GTTCAAATCAGATGTC-1,,1
GTTCAATCTATGTCAA-1,Layer_3,3
GTTCACAGGAGTCTAG-1,Layer_5,2
GTTCATCGTTTGGCTG-1,Layer_3,3
GTTCCAAGACAGCGAC-1,,1
GTTCCAGTCTGACCAT-1,Layer_3,3
GTTCCCGTAAACATAT-1,Layer_6,2
GTTCCGTCCGCCTGCA-1,WM,5
GTTCGCCATAAGTGCC-1,Layer_5,2
GTTCGCTGAGACGTCT-1,Layer_5,2
GTTCGGAGCACTCAAC-1,Layer_6,4
GTTCGGATCGGGAACA-1,Layer_4,3
GTTCGGGCGTACCATT-1,Layer_3,1
GTTCGTCTAAAGAACT-1,Layer_6,4
GTTCTTCCCTCGATGT-1,Layer_3,3
GTTGAACCGGTTCCAT-1,Layer_6,4
GTTGAGTCCCGCCGGT-1,Layer_6,4
GTTGCACGGAGTTTCG-1,Layer_4,2
GTTGCGCTAACATTAC-1,Layer_3,3
GTTGCGGACGGTCAGG-1,Layer_5,2
GTTGGACCGCATCAGG-1,Layer_3,1
GTTGGATTCAGTGGCT-1,Layer_3,3
GTTGGATTGAGAACAC-1,Layer_3,3
GTTGGATTTGCGTTGG-1,Layer_5,2
GTTGGTCATGCTATCC-1,WM,4
GTTGTCGTGTTAGTTG-1,Layer_3,3
GTTGTTACATTGCGCT-1,Layer_3,1
GTTGTTGCAAGATGGC-1,Layer_6,4
GTTTACGTTCCATCTG-1,Layer_6,4
GTTTATGGGATTTAGA-1,Layer_3,3
GTTTCAAACGAGTTGT-1,Layer_6,4
GTTTCATATCGTCGCT-1,Layer_5,2
GTTTCCTGGAGGGTGA-1,Layer_4,2
GTTTCTGCAGTCTCCC-1,Layer_5,2
GTTTGACCAAATCCTA-1,Layer_5,2
GTTTGGCCCAAGTTAT-1,Layer_5,2
GTTTGGCCGCTCAGCG-1,Layer_3,3
GTTTGGCGTCAGGCAC-1,Layer_3,1
GTTTGGGCTTGTGAGC-1,Layer_6,4
GTTTGGGTTTCGCCCG-1,Layer_6,4
GTTTGGTAGGGTCAAC-1,Layer_6,4
GTTTGGTGATCGGTGC-1,WM,5
TAAACCCAGGAGGGCA-1,Layer_6,4
TAAACGTCGTCAATGA-1,Layer_3,3
TAAAGACAACCCTTTA-1,Layer_3,3
TAAAGAGCCCGAAACC-1,Layer_3,3
TAAAGCGGTATTTCCA-1,WM,5
TAAAGCGTTAGGAGAA-1,Layer_3,3
TAAAGCTGCAATAGGG-1,Layer_3,3
TAAATCTTTACACCTC-1,Layer_3,1
TAAATGAATCCGTTTC-1,Layer_5,3
TAAATGCCGTCTCATG-1,Layer_3,1
TAACAAAGGGAGAAGC-1,Layer_4,3
TAACAATATTTGTTGC-1,Layer_5,3
TAACAGCGTTTGTGCT-1,WM,5
TAACATACAATGTGGG-1,Layer_5,2
TAACATACACGCGATC-1,Layer_6,4
TAACCGCCCGCAGTGC-1,Layer_3,3
TAACCTACCGTCCGAG-1,Layer_3,3
TAACCTAGGGAGTCCA-1,Layer_6,4
TAACGCTTTGAGAGCG-1,Layer_5,2
TAACTATCGAAGGTCC-1,Layer_5,2
TAACTATTACGCCAAA-1,Layer_3,1
TAACTCATCCGCGCGG-1,Layer_6,4
TAACTCCATGGAGGCT-1,Layer_4,3
TAAGAGGGACAGGGAC-1,Layer_6,4
TAAGCAGGCGACACGC-1,Layer_5,2
TAAGCCCTTACGACCA-1,Layer_3,1
TAAGCGCGAATCAAAT-1,Layer_6,4
TAAGGAACTTGTGGGA-1,Layer_3,3
TAAGGCAACATAAGAT-1,Layer_3,3
TAAGGCATAACATCAA-1,WM,5
TAAGGCCCGTCACCCT-1,WM,5
TAAGGCTGAATCCCTC-1,Layer_5,2
TAAGGGCCTGTCCGAT-1,Layer_6,4
TAAGGGCTGGGAGAGG-1,Layer_5,2
TAAGTAAATGTGCCGC-1,Layer_3,3
TAAGTAACATCTTGAC-1,Layer_6,4
TAAGTCGCCGAGTATC-1,Layer_6,4
TAAGTTGCGACGTAGG-1,Layer_6,4
TAATAAACAAGGAGAT-1,Layer_3,3
TAATACACAGTAGTAT-1,Layer_3,3
TAATACTAGAACAGAC-1,WM,5
TAATAGAACAGAGTTA-1,Layer_6,4
TAATAGGTCACCAGAA-1,Layer_6,4
TAATAGTGACGACCAG-1,Layer_3,3
TAATATTGAAATTCGC-1,Layer_3,3
TAATCAACCAAATGGG-1,Layer_5,2
TAATCAGGAATGCTGC-1,Layer_3,1
TAATCGATCCGTACGT-1,Layer_3,3
TAATGAAAGACCCTTG-1,Layer_4,3
TAATTACGTCAGTAGA-1,Layer_6,4
TAATTAGATGGATATG-1,Layer_3,3
TAATTAGGACATCCGT-1,Layer_4,3
TAATTGGAATCGGGAA-1,Layer_3,1
TACAAATTGCGGAGGT-1,Layer_3,3
TACAACGCACAACTCA-1,Layer_6,4
TACAAGCTGTTCACTG-1,Layer_3,3
TACAAGTCTCGTGCAT-1,Layer_5,2
TACACCGTCGTTAGTC-1,Layer_3,1
TACAGAAACGGTGGGC-1,Layer_6,4
TACATAGGCATACACC-1,Layer_5,2
TACATCCCTATCCCTG-1,Layer_5,2
TACATCTTGTTTCTTG-1,,1
TACATGACCTTATCCG-1,,1
TACATGCCGGAATTGT-1,Layer_5,2
TACATTTCTAACGTGC-1,Layer_5,2
TACCAAATAGCCCAGA-1,WM,5
TACCAATAAAGTACCA-1,Layer_6,4
TACCAGAAGTAGGTTC-1,Layer_6,4
TACCAGCTAGGTTTAA-1,Layer_3,3
TACCAGGAATCCCGTC-1,WM,5
TACCGAATAATTGTAA-1,Layer_6,4
TACCGCGGACTTGCAG-1,Layer_3,3
TACCGGCTCACTGCCC-1,Layer_6,4
TACCGGTCGTTTCCAT-1,Layer_6,4
TACCGTAGGTTAACTA-1,WM,5
TACCGTGCCTCGGACC-1,Layer_6,4
TACCTACTCCCAGTAT-1,WM,5
TACCTCACGCTTGTAC-1,Layer_3,3
TACCTCAGTTGTCTGT-1,WM,5
TACCTCCACACCAATG-1,Layer_6,4
TACCTGCTGCACTGTG-1,Layer_5,2
TACCTTAAGATTTCCC-1,Layer_6,4
TACGAACACGACTTCA-1,Layer_5,2
TACGACGCTTGCTGCG-1,Layer_6,4
TACGACTGCCTCTTAG-1,Layer_6,4
TACGAGAACTTCACGT-1,Layer_5,2
TACGATCCAAGCCACT-1,Layer_3,1
TACGATGTTGATCATC-1,Layer_5,2
TACGCAGTTCTTTCCT-1,Layer_6,4
TACGCCATATTCTAAT-1,Layer_5,2
TACGCCGAGGGTACCC-1,Layer_6,4
TACGCCTCCATTCCGA-1,WM,4
TACGCTATAGAAACCT-1,Layer_3,3
TACGCTCGGTATTGGA-1,Layer_6,4
TACGCTGCTGTGTTAA-1,Layer_6,4
TACGGAAGCCAAACCA-1,WM,5
TACGGCATGGACGCTA-1,Layer_6,4
TACGGGATGCTAGCAG-1,Layer_3,3
TACGTAAAGCGGAGTG-1,Layer_6,4
TACGTACTAGTGCTGA-1,WM,5
TACGTGCACTATGCTG-1,Layer_4,3
TACGTGGGCCCAGGGC-1,WM,5
TACGTTTACCGGCAAT-1,Layer_6,4
TACTATGGTTCCTCAG-1,WM,5
TACTCCTCTAGTTGAC-1,WM,5
TACTCGGCACGCCGGG-1,Layer_5,2
TACTCTCCGAACAAAT-1,Layer_3,3
TACTCTTACTTTACTG-1,Layer_6,4
TACTCTTTCGTCTTCA-1,WM,5
TACTGAACAGATTTAG-1,WM,4
TACTGCAATCAATTAC-1,Layer_3,1
TACTGGACAGCTCGGC-1,Layer_5,2
TACTGTTTCTCTGGTA-1,Layer_4,2
TACTTAAACATGTACA-1,Layer_6,4
TACTTGTTAGTAGTCC-1,Layer_4,3
TACTTTACTGAGCCGG-1,Layer_3,3
TACTTTCCGCACGCCA-1,Layer_6,4
TAGAAACCACTAAGTA-1,Layer_3,3
TAGAAAGGTGGCGCTA-1,Layer_3,3
TAGAAATTCACGTATA-1,Layer_5,2
TAGAATAGCCGATGAA-1,Layer_6,4
TAGAATTAAGGGCAAC-1,Layer_3,3
TAGACGAAACGCCAAT-1,WM,5
TAGACGCCCGTACCGG-1,Layer_3,3
TAGACTACCTAGCGTT-1,Layer_3,3
TAGAGATCATGCAACT-1,Layer_6,4
TAGAGCTACGAAGAAC-1,Layer_3,3
TAGAGGTTCTACTTGT-1,Layer_6,4
TAGAGTCTAAGCGAAC-1,Layer_5,2
TAGATATGGACTGGAA-1,Layer_6,4
TAGATCCGAAGTCGCA-1,Layer_3,3
TAGATGGTTCCTTACT-1,Layer_6,4
TAGATTCAAAGTGCGG-1,WM,5
TAGATTCCTGGTTATT-1,Layer_5,2
TAGCAACCTGTCACAA-1,Layer_4,3
TAGCAGTAAATACGCG-1,Layer_3,1
TAGCAGTATGACTAAA-1,Layer_6,4
TAGCCATTTCAAAGTC-1,Layer_5,2
TAGCCGGCGGTCAGCG-1,Layer_3,3
TAGCGTCCCTCGATTG-1,Layer_4,2
TAGCGTCCGGTGTGGT-1,Layer_6,4
TAGCGTTGGGTCTTAC-1,Layer_5,2
TAGCTAAGTCCGGGAG-1,Layer_4,2
TAGCTAGAAGGCATGA-1,Layer_6,4
TAGCTAGTGATGATGG-1,WM,5
TAGCTCAGATCCTAGT-1,Layer_3,1
TAGCTCGCCTGATAAC-1,Layer_6,4
TAGCTGATGTGAAGCG-1,Layer_5,2
TAGGAACAGCCTCCAG-1,Layer_3,3
TAGGCATGTTACGCCA-1,Layer_3,3
TAGGCCTATATAGTCT-1,Layer_6,4
TAGGCGATGAGGTCTC-1,Layer_6,4
TAGGCGGCTGCAAAGA-1,Layer_6,4
TAGGCTAAAGTGGCAC-1,Layer_6,4
TAGGGAGCTTGGGATG-1,Layer_3,3
TAGGGTGTTTCAAGAG-1,Layer_3,3
TAGGTCCAAGTAAGGA-1,Layer_5,2
TAGGTCGCCGGAACTG-1,Layer_3,3
TAGGTGACGATAACCT-1,WM,5
TAGGTGAGCCCTACTC-1,Layer_5,2
TAGGTGCTCGCCTAGC-1,Layer_5,2
TAGGTGTTCCACAGAT-1,WM,5
TAGGTTCGAGTTCGTC-1,Layer_5,2
TAGTACCACAACTTTC-1,Layer_6,4
TAGTACCTTAGTGGTC-1,Layer_4,3
TAGTAGCTTATACCAG-1,WM,5
TAGTCCCGGAGACCAC-1,WM,5
TAGTCCGCAGAGAATG-1,Layer_5,2
TAGTCCGTATGCATAA-1,Layer_3,3
TAGTCGATCACGGGTT-1,Layer_5,2
TAGTCTAACAACGAGA-1,Layer_6,4
TAGTCTGTGACGTTGC-1,Layer_3,1
TAGTCTTTCCGAATTG-1,Layer_5,2
TAGTGAGAAGTGGTTG-1,,3
TAGTGCCCTCCAGAGT-1,Layer_5,2
TAGTGGAACTCATACA-1,Layer_3,3
TAGTGTCAGAAACGGC-1,Layer_4,3
TAGTTAAGATAGGATA-1,Layer_3,3
TAGTTTATTCTTGCTT-1,Layer_3,3
TATAAATCCACAAGCT-1,Layer_4,3
TATAAGTGAGGATAGC-1,Layer_4,3
TATACACAGACGCCTT-1,Layer_6,4
TATACACGCAAAGTAT-1,Layer_3,3
TATACCGAGTGCCACA-1,Layer_5,2
TATACGCGTCATCACT-1,WM,5
TATACTCATGCGGCAA-1,Layer_3,3
TATAGAGTCGCTTGAA-1,WM,5
TATAGATGGTCGCAGT-1,Layer_4,3
TATAGCGCACGTTATC-1,Layer_5,2
TATAGGGTACTCATGA-1,Layer_5,2
TATATAGGGCTTTACG-1,WM,4
TATATATCGAGAAATG-1,Layer_6,4
TATATCATTGATCAGT-1,Layer_4,3
TATATCCCTGGGAGGA-1,Layer_3,3
TATATGCTGGGTTGCC-1,Layer_3,3
TATATTACAAATGTCG-1,Layer_3,1
TATATTCGCGTCGATA-1,Layer_3,3
TATCAAAGGTCTGTAA-1,,3
TATCACAGCACGGGCA-1,Layer_3,3
TATCACCATGTAAAGT-1,Layer_3,3
TATCACCCAACCGACC-1,Layer_3,1
TATCACTTCGAGTAAC-1,Layer_3,1
TATCAGTGGCGTAGTC-1,Layer_6,2
TATCCAATTGGTTATC-1,Layer_6,4
TATCCATATCATGCGA-1,Layer_3,3
TATCCATCTCGGTTAG-1,Layer_6,4
TATCCGCACCGTCGGG-1,WM,5
TATCCTATCAACTGGT-1,WM,5
TATCCTGCATGGGAAT-1,Layer_3,3
TATCGATCTATGCATA-1,Layer_3,3
TATCGATGATTAAACG-1,Layer_4,2
TATCTACAGAGGTAAT-1,Layer_5,2
TATCTACCACAGCGGG-1,Layer_6,4
TATCTAGCCTAAAGGA-1,Layer_5,2
TATCTGAGCCGATATT-1,Layer_6,4
TATCTTGCAATACAAC-1,Layer_6,4
TATGAAGAATTAAGGT-1,Layer_6,4
TATGAAGACAGGTGCG-1,Layer_5,2
TATGATAAATCTAACG-1,Layer_3,3
TATGATCCGGCACGCC-1,Layer_3,1
TATGATCTTCTCTTTA-1,Layer_6,4
TATGCTCCCTACTTAC-1,Layer_3,3
TATGGAGTTTCTCGTT-1,Layer_3,3
TATGGATGTGCTACGC-1,Layer_4,2
TATGGCCCGGCCTCGC-1,Layer_5,2
TATGGCTAGGCTAATT-1,,1
TATGGGACCGAGCAGG-1,Layer_5,2
TATGGGTACGTATCGT-1,Layer_5,2
TATGGTCTGAGTAACA-1,Layer_5,2
TATGGTTAGTGGGAGA-1,Layer_4,3
TATGTAAAGTGCTTAA-1,WM,5
TATGTCAAGACCGACT-1,Layer_3,3
TATGTCTCATTGTGCC-1,Layer_3,3
TATTAACACCAAAGCA-1,Layer_6,2
TATTAACCTGACCGCG-1,WM,4
TATTACCATCCTGCTT-1,Layer_4,3
TATTATGTTTGCCTGC-1,Layer_6,4
TATTCAATTCTAATCC-1,Layer_4,2
TATTCCACTCAGCTCG-1,Layer_6,4
TATTCCGAGCTGTTAT-1,Layer_6,4
TATTCCGGCAGTCCTA-1,Layer_3,3
TATTCCTCCGCCCACT-1,Layer_6,4
TATTCGTGCCAGAATA-1,Layer_5,2
TATTGACATTTCTGCC-1,Layer_3,3
TATTTAGTCTAGATCG-1,Layer_3,3
TATTTATACCGAGTAG-1,Layer_3,3
TATTTGATTTGCACAG-1,Layer_5,2
TATTTGTTACCCTTTA-1,Layer_4,2
TCAAACAACCGCGTCG-1,Layer_3,3
TCAAACAATTAGGACA-1,Layer_3,1
TCAAACTTAGATTGTT-1,Layer_4,2
TCAAATTGTTGTGCCG-1,WM,5
TCAAATTTGAGACTCA-1,WM,5
TCAACAAAGATAATTC-1,Layer_6,4
TCAACACATTGGGTAA-1,Layer_3,3
TCAACATAGCGCCCTA-1,WM,5
TCAACATCGACCGAGA-1,Layer_5,2
TCAACCATGTTCGGGC-1,Layer_4,2
TCAACGAGGAGACAAA-1,Layer_6,4
TCAACGCAGGAAATAA-1,Layer_6,4
TCAACGCGACCGGCAG-1,Layer_5,2
TCAACTAACGTATAAC-1,Layer_5,2
TCAACTGCAGAGTCAG-1,Layer_6,4
TCAAGAAATACTAGCT-1,Layer_3,3
TCAAGCGCGGACGGTA-1,Layer_6,4
TCAAGCTGCCTTGAAA-1,,1
TCAAGGTTACTACACC-1,Layer_5,2
TCAATACAATTGCTGC-1,,1
TCAATACGCCGTCATG-1,WM,5
TCACAAACCGAGGTAC-1,Layer_6,4
TCACAGATCCTCAAAC-1,Layer_3,3
TCACAGCAAACTCGAA-1,Layer_6,4
TCACAGGAGAATAAGA-1,WM,4
TCACAGGGAATCGCAA-1,Layer_6,4
TCACAGGTTATTGGGC-1,Layer_5,2
TCACATCTTATCTGAT-1,Layer_5,2
TCACCCTCTTAAGATT-1,Layer_6,4
TCACCGCTCGGCACTC-1,Layer_3,3
TCACGATGTCCGTGGA-1,Layer_6,4
TCACGCATTGTAGATC-1,Layer_5,2
TCACGGCCCAAGAGAG-1,Layer_6,4
TCACGGTCATCGCACA-1,Layer_4,2
TCACGTGCCCGATTCA-1,Layer_5,2
TCACTACGACCAATGC-1,Layer_3,3
TCACTCGTGCAACGGC-1,Layer_3,3
TCACTCTTCGTCTGTC-1,,3
TCAGAACCTCCACAGG-1,Layer_3,1
TCAGACGCTATAGAAG-1,Layer_6,4
TCAGATGGAGACGTAG-1,Layer_3,1
TCAGCAAATGCATCTC-1,Layer_4,3
TCAGCAGTAGGCCCTG-1,WM,5
TCAGCCAATCCGTAAA-1,Layer_6,4
TCAGGGCGACTTCCTT-1,,1
TCAGGGCGCAAACTCG-1,Layer_4,3
TCAGGGTGCACGAAAC-1,Layer_3,3
TCAGGGTGTAACGTAA-1,Layer_3,3
TCAGGTTCTTTGAGAA-1,Layer_5,2
TCAGTACTGACCCGCG-1,Layer_5,2
TCAGTAGGGACTATAA-1,Layer_6,4
TCAGTGTATACGTCAT-1,WM,4
TCAGTTACGGAATGAT-1,Layer_3,3
TCATACTTACAGATCC-1,Layer_4,3
TCATATGAGCTTTGTT-1,WM,5
TCATCACTCGAGCTCG-1,Layer_3,3
TCATCCCAGAGGGTGG-1,Layer_3,3
TCATCCTCAGCTGCTT-1,WM,4
TCATCGATGGTCCCAA-1,Layer_6,4
TCATGCAGGTTCTCAT-1,Layer_3,3
TCATTCGTATAATTTG-1,Layer_3,1
TCATTTAAGTCTCCGA-1,Layer_3,3
TCATTTAGAAGTGTGA-1,Layer_5,2
TCCAACTCAGCTATCT-1,Layer_6,4
TCCAACTTTAAATTCT-1,Layer_6,4
TCCAAGCCTAGACACA-1,WM,5
TCCAATAAAGGCTACC-1,WM,5
TCCACAATGGTTTACG-1,Layer_5,2
TCCACATCGTATATTG-1,WM,5
TCCACCTCTAGCCTTT-1,WM,5
TCCACTTTATCTAGGT-1,Layer_3,3
TCCAGAGCACCGGTTC-1,Layer_5,2
TCCAGATGTACGCCAA-1,Layer_3,1
TCCAGCGCTATAAGCG-1,Layer_5,2
TCCAGGCGAGTACGGT-1,Layer_5,2
TCCAGGGTATATACGA-1,WM,5
TCCATCAATACTAATC-1,Layer_6,4
TCCATTAGTTGGATAG-1,Layer_3,3
TCCATTCCCACTAGAG-1,Layer_3,1
TCCATTGTGACCTCGT-1,Layer_3,3
TCCCAAACAGACAACG-1,Layer_3,1
TCCCAAAGACGAAGGA-1,Layer_4,3
TCCCAAAGCCCTAAAT-1,Layer_3,3
TCCCACGGAGGGAGCT-1,Layer_3,3
TCCCACTCTCTTCCGG-1,Layer_3,1
TCCCAGCACACGACAT-1,Layer_5,2
TCCCAGCTTTAGTCTG-1,Layer_5,2
TCCCAGGCTTAGCTAA-1,Layer_5,2
TCCCGCCTATGTGCGT-1,Layer_3,1
TCCCGCGTACTCCTGG-1,Layer_3,3
TCCCGGGTGTGCTGCT-1,Layer_5,2
TCCCGGTCAGGAATTT-1,Layer_3,3
TCCCGTCAGTCCCGCA-1,Layer_3,3
TCCCGTCGCGTCATAG-1,Layer_3,1
TCCCGTGTGCAATTTG-1,Layer_5,2
TCCCTAGATCAATAGG-1,Layer_3,1
TCCCTCTTCTCAAGGG-1,Layer_6,4
TCCCTGGCGTATTAAC-1,Layer_6,4
TCCCTGGCTCGCTGGA-1,Layer_5,2
TCCCTTAGATTACTCG-1,Layer_3,3
TCCGAACGTTGCCGCT-1,Layer_5,2
TCCGAACTTGGCTTAC-1,Layer_5,2
TCCGAAGTAGTCACCA-1,Layer_3,1
TCCGAATGGTCCTGAG-1,Layer_3,1
TCCGAGAAGGCTAAGC-1,Layer_3,3
TCCGATAATTGCCATA-1,Layer_3,3
TCCGATGACTGAGCTC-1,Layer_3,3
TCCGATGGTGCGACAT-1,Layer_4,2
TCCGATTACATTGCCG-1,Layer_5,2
TCCGCCTGTCTACAAG-1,Layer_6,4
TCCGCGGCAGCATCTG-1,Layer_4,3
TCCGCGGCCCAATGAA-1,Layer_6,4
TCCGCTGTCATCCCGG-1,Layer_6,4
TCCGCTTATCCCATTA-1,Layer_6,4
TCCGGAGGAAGGGCTG-1,Layer_3,1
TCCGGCCTAGCGTACA-1,Layer_3,3
TCCGGCCTGCATCGAT-1,Layer_3,3
TCCGGGCTTGACGGGA-1,Layer_6,4
TCCGGTTCGTCCGGTC-1,Layer_6,4
TCCGTAACCACAATCC-1,Layer_3,3
TCCGTTAAGCTAATAT-1,Layer_6,4
TCCGTTTAGCCTTGAA-1,Layer_3,3
TCCTAAAGATTCAGAC-1,WM,5
TCCTAAATTGGGAAGC-1,WM,4
TCCTAACCGTCGGGCA-1,WM,5
TCCTACATCCACGGCC-1,Layer_5,4
TCCTAGCAAAGAAGCT-1,Layer_6,4
TCCTATCATAGGTAAC-1,Layer_4,3
TCCTCCTAAGACATTC-1,Layer_6,4
TCCTCGGGCTGGGCTT-1,Layer_5,2
TCCTCTACGAGATGGC-1,Layer_5,2
TCCTCTCCAGTTGTCC-1,Layer_5,2
TCCTCTGGCCCATTAG-1,Layer_3,3
TCCTGCCAACTGGAGA-1,Layer_3,3
TCCTGCGTTGATACTC-1,Layer_5,2
TCCTGGCGCTGCCTGG-1,Layer_3,1
TCCTTACGACGGTCCG-1,Layer_5,4
TCCTTCAGTGGTCGAA-1,Layer_3,3
TCCTTGTCCTTTAATT-1,WM,5
TCCTTTAAATCCGCTT-1,Layer_6,4
TCCTTTCTTACGCTTA-1,Layer_4,2
TCGAAATTTAGGACCA-1,Layer_5,2
TCGAAGAACCGAGCAC-1,Layer_5,2
TCGAATATCCCGCAGG-1,Layer_6,4
TCGACAACTGAACCCG-1,Layer_6,4
TCGAGACCAACACCGT-1,Layer_5,2
TCGAGCCAGGCAGGCC-1,WM,4
TCGAGGGCAACAGACG-1,Layer_5,2
TCGATAGGCTAGTCGC-1,Layer_3,3
TCGCAAAGATGCATTT-1,Layer_6,4
TCGCACCAGGAGGCAG-1,Layer_6,4
TCGCATAAAGGGCGCA-1,Layer_6,4
TCGCATCCCTAAGTGT-1,Layer_3,3
TCGCATTCAATGACTT-1,Layer_3,3
TCGCCCAACTGACTCC-1,Layer_3,1
TCGCCGAAGTTGCGTC-1,Layer_6,4
TCGCCGACATATTCGC-1,WM,5
TCGCCGGATGGGCAAG-1,,1
TCGCCGGTCGATCCGT-1,Layer_3,3
TCGCGTAGCAGTGTCC-1,Layer_6,4
TCGCGTCCAGAAGGTC-1,Layer_5,2
TCGCTAAACCGCTATC-1,Layer_3,3
TCGCTACTGGCTTTGA-1,WM,5
TCGCTCGATATATTCC-1,Layer_4,2
TCGCTCGGCACCAGCG-1,Layer_3,1
TCGCTGCCAATGCTGT-1,WM,5
TCGCTGGGCGGATTGT-1,Layer_3,3
TCGCTGTGCGTAAATC-1,Layer_3,3
TCGCTTAATTACGAAG-1,Layer_3,1
TCGCTTTAAACGTTTG-1,Layer_3,3
TCGGAATGACCATCAA-1,Layer_3,3
TCGGAATGCGCTCTGA-1,Layer_5,2
TCGGACGCCCAGCCCA-1,Layer_4,3
TCGGAGAGTATCGGGA-1,Layer_6,4
TCGGAGTACATGAGTA-1,Layer_4,3
TCGGCGAACCCAAACC-1,Layer_5,2
TCGGCGGTATTAGATT-1,Layer_3,1
TCGGCGTACTGCACAA-1,Layer_6,2
TCGGCTAACTTCCCTT-1,Layer_3,3
TCGGCTTGTATCGACG-1,Layer_6,4
TCGGGAACGTGCCTAG-1,Layer_3,1
TCGGGAGACAGCGTAC-1,WM,5
TCGGGATTCAAACATA-1,Layer_5,2
TCGGGCCGTCGTGGTA-1,Layer_5,2
TCGGGTGAAACTGCTA-1,Layer_3,3
TCGGTCCCGACAATAG-1,Layer_6,4
TCGGTCCCTGACTCCA-1,Layer_3,3
TCGGTGACCGCTCCGG-1,Layer_3,1
TCGGTTAGCCATGTAG-1,Layer_3,3
TCGTAAGACGACATTG-1,Layer_3,3
TCGTAAGCTCCGAGGA-1,Layer_3,1
TCGTACCGACGTCAAG-1,WM,5
TCGTATAGTGCAATTA-1,Layer_3,3
TCGTATCACCAAGCTA-1,Layer_3,1
TCGTATTACCCATTGC-1,Layer_5,2
TCGTATTTCGTCCGGA-1,Layer_3,3
TCGTCAAGTACGCGCA-1,WM,4
TCGTCACACTGTTAGC-1,Layer_5,2
TCGTCCGCTGGCGTCT-1,Layer_4,3
TCGTCCGGGTACACTC-1,Layer_3,1
TCGTCTTAGGCGTTAA-1,Layer_6,4
TCGTGTACTATGGATG-1,Layer_6,4
TCGTGTATTGGTCACG-1,Layer_5,2
TCGTGTCACGCTGACA-1,Layer_6,4
TCGTGTTCGACCACAA-1,Layer_6,4
TCGTTAGGAGTCCCTA-1,Layer_6,4
TCGTTCGTTATTATGT-1,Layer_3,3
TCGTTGACAGGGTCCC-1,,1
TCGTTGCTATCCGGTC-1,WM,4
TCGTTGGCTCGTCAAT-1,Layer_3,3
TCTAAAGAACAGTCTC-1,Layer_6,2
TCTAACTGTATGTAAA-1,Layer_4,3
TCTAATACTGCCTCAG-1,Layer_6,4
TCTACACGTTCATGCA-1,Layer_3,3
TCTACCCAATAGAGAG-1,Layer_6,4
TCTACCGTCCACAAGC-1,Layer_3,3
TCTACGGGCTCAGTTG-1,Layer_3,1
TCTAGCAATCTCCGCC-1,Layer_6,4
TCTAGCATCTTCGATG-1,Layer_4,2
TCTAGCATGCCCAGAA-1,Layer_6,4
TCTAGGTGGCGACGCT-1,Layer_3,3
TCTAGTGATATCGTGG-1,Layer_5,2
TCTAGTTATCAGAAGA-1,Layer_5,2
TCTATAGGTGGGTAAT-1,Layer_6,4
TCTATCATGCAGTTAC-1,Layer_3,3
TCTATCGGTCGCAACA-1,Layer_3,3
TCTATGCTATAACGAC-1,Layer_6,4
TCTATTACGCTGGCGA-1,Layer_3,3
TCTATTACTAGAGGAT-1,Layer_5,2
TCTCATGAGATAGGGT-1,Layer_6,4
TCTCCAACGTAGGTTA-1,Layer_3,3
TCTCCACAAGTTGAAT-1,Layer_6,4
TCTCCCTGGGCAGCGT-1,Layer_6,4
TCTCGAACGAGGTCAC-1,Layer_3,3
TCTCGACGTATCGCCG-1,Layer_4,3
TCTCGAGGAGGTTCGC-1,Layer_5,2
TCTCGGCTCCAGGACT-1,Layer_3,3
TCTCTAATAGCTGGTA-1,Layer_3,3
TCTCTCGCCGCACATA-1,Layer_5,2
TCTCTTACCGCGAACC-1,WM,5
TCTGAACCGGTCGGCT-1,Layer_4,3
TCTGAACTCGTACCCG-1,Layer_5,2
TCTGAAGCACGTGGTC-1,Layer_6,4
TCTGAATTCCGTACAA-1,Layer_3,3
TCTGACGGGCTAACCC-1,Layer_3,1
TCTGACTGTAATGGTT-1,,1
TCTGAGCAATTGACTG-1,Layer_5,2
TCTGATCGGGTGCTAG-1,Layer_3,1
TCTGATGTATTCTGTC-1,Layer_6,4
TCTGATTGGAAATGGA-1,Layer_3,1
TCTGCAGATTCGAGTC-1,,1
TCTGCATACCTTGCTT-1,Layer_6,4
TCTGCCAGAAACTGCA-1,Layer_5,2
TCTGCGAATCGTTCGC-1,Layer_3,1
TCTGCGTCCGGTTTCT-1,Layer_3,3
TCTGCTTAGAACAAGC-1,Layer_4,2
TCTGGCCGTTCAAGTT-1,Layer_3,3
TCTGGGAACCTTTGAA-1,Layer_4,3
TCTGGGTAGCGCTCAT-1,Layer_6,2
TCTGTCATACAAGAGC-1,Layer_3,3
TCTGTGACTGACCGTT-1,,1
TCTGTGATGGAGGTTG-1,Layer_3,1
TCTGTGCCATCATAGT-1,Layer_3,3
TCTGTTACCCAGCATA-1,Layer_6,4
TCTTACAGAGGTACCG-1,Layer_3,3
TCTTACCGGAACTCGT-1,Layer_3,3
TCTTACGGCATCCGAC-1,Layer_5,2
TCTTACTTATGCCTCT-1,Layer_5,2
TCTTAGAGCTCCAATT-1,Layer_3,3
TCTTAGAGTGAACTCT-1,Layer_4,2
TCTTCCCATGGGCACA-1,Layer_3,3
TCTTCGAATAGACGTT-1,Layer_5,2
TCTTCGATACCAATAA-1,Layer_4,2
TCTTCGCGGTGAGAGG-1,Layer_6,4
TCTTCTATAACCCGCC-1,Layer_4,2
TCTTGATGCGTAGCGA-1,Layer_4,2
TCTTGCTCCCGATACT-1,WM,5
TCTTGGTAACACCAAA-1,Layer_3,3
TCTTGGTCAATGATAC-1,,4
TCTTTAAGACTATGAA-1,Layer_3,3
TCTTTAGAGTCTAACA-1,Layer_5,2
TCTTTAGCAGGCGAAC-1,Layer_3,3
TCTTTCCTTCGAGATA-1,Layer_6,2
TCTTTCTCTTAAGGAG-1,Layer_3,3
TGAAACTTATGCAAGC-1,Layer_3,3
TGAAAGGACCTGACTC-1,Layer_4,3
TGAACAAGCAGGGACT-1,WM,5
TGAACTGCTATGACTT-1,,2
TGAAGAGCGGTCCTAG-1,Layer_3,3
TGAAGTAGCTTACGGA-1,,1
TGAATACCGACGCGTA-1,WM,5
TGAATATGCTATAAAC-1,Layer_3,1
TGAATGAGATACAGCA-1,Layer_3,1
TGAATGAGTGTTTCCC-1,WM,5
TGAATGTCAGCCGGCC-1,Layer_5,2
TGACACTTCTCTTTGC-1,Layer_3,1
TGACAGGACAAGTCCA-1,Layer_6,2
TGACATCGAGCGGACC-1,Layer_3,3
TGACATGTAACGTGAC-1,WM,5
TGACCAAATCTTAAAC-1,WM,5
TGACCAGCTTCAAAGT-1,Layer_3,3
TGACCCACGTTAGACA-1,Layer_5,2
TGACCCAGCATTCCCG-1,Layer_3,1
TGACGAATATTTCCCT-1,Layer_6,4
TGACGATGCACTAGAA-1,Layer_4,3
TGACTATAATCCTTTC-1,Layer_6,4
TGACTCCGAATCATAC-1,Layer_6,4
TGAGAATGCTTTACCG-1,Layer_3,3
TGAGAGATTTACCACG-1,Layer_5,2
TGAGATCAAATACTCA-1,Layer_3,3
TGAGATTAGGCCCTAA-1,Layer_3,3
TGAGCCATACAGTCTC-1,Layer_6,4
TGAGCGGAAAGTGTTC-1,WM,4
TGAGCTTTAATGACGC-1,Layer_3,3
TGAGGAGTGCCAGCTT-1,WM,5
TGAGGCATGTACTGTG-1,Layer_6,2
TGAGTAAATTAGCGTA-1,Layer_6,4
TGAGTGCCTCTTAAAT-1,Layer_6,4
TGAGTGGTCCGTGACG-1,Layer_3,3
TGAGTTAAAGACATTC-1,Layer_5,2
TGATACATTTAGCCGT-1,WM,4
TGATAGCGGGATTCTA-1,Layer_4,3
TGATCACCACACTGAC-1,WM,5
TGATCAGGGAACTGCT-1,Layer_6,2
TGATCCCAGCATTAGT-1,Layer_3,1
TGATCGGTTTGACCCT-1,Layer_4,2
TGATCTACGCTGATCT-1,Layer_3,3
TGATCTCCGGCGCCAG-1,Layer_5,2
TGATGCTCACGTAGTC-1,Layer_3,1
TGATGGCTGTTTCTGA-1,Layer_3,1
TGATGTCAATTAAGTG-1,Layer_6,4
TGATTATGGCACGCAG-1,Layer_3,1
TGATTCAGGTCCCGCG-1,Layer_5,2
TGATTCCCGGTTACCT-1,WM,5
TGATTCGTCTATCACT-1,Layer_5,2
TGATTCTGTCGCCGGT-1,Layer_6,4
TGATTTATTAGCTGTG-1,Layer_5,2
TGATTTCCTCCTGACG-1,Layer_3,3
TGCAAAGTTCGTCTGT-1,,5
TGCAACCCATCTGCGG-1,Layer_6,4
TGCAAGAATGACGTAA-1,Layer_4,2
TGCAATCTAACACGGT-1,Layer_6,4
TGCAATTTGGGCACGG-1,Layer_3,1
TGCACAGTGAAGTTAT-1,Layer_3,1
TGCACGAGTCGGCAGC-1,Layer_3,3
TGCACTATGTGAGTGC-1,Layer_3,3
TGCAGAACTATATCGT-1,Layer_5,2
TGCAGAGTACCGAGCA-1,Layer_5,2
TGCAGATCGTCCTAGG-1,Layer_5,2
TGCAGCTACGTACTTC-1,Layer_5,2
TGCAGGATCGGCAAAG-1,Layer_3,3
TGCAGTGAGGCTCGGG-1,Layer_3,1
TGCAGTGGTAGGGAAC-1,Layer_6,4
TGCAGTTTCCTCCCAT-1,Layer_5,2
TGCATATGTCTGTCAC-1,Layer_4,3
TGCATCTCCGGATCTT-1,Layer_3,1
TGCATGGATCGGATCT-1,Layer_3,3
TGCATGGCAGTCTTGC-1,Layer_3,1
TGCATGTGACCCATAG-1,WM,5
TGCATGTGGTAATCTA-1,Layer_3,3
TGCCAAAGTCAGACTT-1,Layer_5,2
TGCCAATGGGTACTCT-1,WM,4
TGCCACCTGGCGAAAC-1,Layer_3,3
TGCCAGTACGTGGAGA-1,Layer_6,4
TGCCATGGCTTATAAG-1,Layer_3,3
TGCCATTACTAAAGAA-1,Layer_3,3
TGCCCGTACCGTTAAA-1,Layer_6,4
TGCCGAAAGCGTATTC-1,Layer_3,1
TGCCGGATGTACGAGC-1,WM,5
TGCCGTGGATCGTCCT-1,WM,5
TGCCTAATTGAAGATT-1,Layer_6,4
TGCCTGACATCGGTCA-1,Layer_3,3
TGCCTGATCAAACGAT-1,Layer_3,3
TGCCTTGGCCAGGCAA-1,Layer_6,4
TGCGAATATGGGATTT-1,Layer_5,2
TGCGACACCCTAGTGC-1,Layer_6,4
TGCGACGGCCGAACGT-1,Layer_6,4
TGCGAGAATATTACCC-1,Layer_6,4
TGCGAGATGGCGGCCA-1,Layer_3,1
TGCGAGCCCTTCCGCG-1,Layer_3,1
TGCGATGCTAATGGCT-1,Layer_3,3
TGCGCAAAGCATTTGG-1,Layer_4,2
TGCGCGATTAACGGAG-1,Layer_5,2
TGCGGACTTGACTCCG-1,WM,5
TGCGGAGTAAAGGTGC-1,Layer_3,3
TGCGGCATAGTTCAAC-1,Layer_3,3
TGCGGGTATTGGGATC-1,,3
TGCGGTCTACGAGTAA-1,Layer_3,1
TGCGGTGAAATTTCAT-1,Layer_3,3
TGCGTAAGAACCTGAT-1,Layer_6,4
TGCGTACGGCTAATTG-1,Layer_6,4
TGCGTCATGACTGAGC-1,Layer_6,4
TGCGTGATTGGGTGTC-1,Layer_3,3
TGCGTTTGTTGACACT-1,Layer_5,2
TGCTAAGTGTCTATTT-1,Layer_6,4
TGCTATACAAACGGAC-1,Layer_3,3
TGCTCACACAACAACC-1,Layer_3,1
TGCTCCACAGTTCTTA-1,Layer_5,2
TGCTCGGCGAAACCCA-1,WM,5
TGCTCGGTGGGTCACC-1,WM,5
TGCTCTGCCGGTTCAC-1,,1
TGCTCTTGAGAGTTTG-1,WM,5
TGCTGCGTCAGAGTTA-1,Layer_3,1
TGCTGGTTGGACAATT-1,Layer_4,3
TGCTGTTGAAGAACTC-1,Layer_5,2
TGCTTAGAGAGAATGC-1,Layer_6,4
TGCTTCCCAAGCAGTA-1,WM,5
TGGAAACGGAGTGAAC-1,,1
TGGAACCACTGACACA-1,Layer_3,1
TGGAAGAAGGGAACGT-1,Layer_5,2
TGGAAGACGAACACCA-1,Layer_3,3
TGGAAGGATAAAGATG-1,Layer_3,3
TGGAATATCCTTGACC-1,Layer_3,1
TGGAATTAGACGCTTT-1,Layer_5,3
TGGACACCGTTGCTTG-1,Layer_3,3
TGGACCAATCTAAGAT-1,WM,5
TGGACCACGGCGTTGA-1,,1
TGGACGCAATCCAGCC-1,Layer_6,4
TGGACTGTTCGCTCAA-1,Layer_5,2
TGGAGCTAAAGTTCCC-1,Layer_3,3
TGGAGTGATGCGATGA-1,Layer_5,2
TGGATAGAGTAACAGA-1,Layer_3,3
TGGCAAACTAAATTAC-1,Layer_6,4
TGGCAACTCGCGCGCC-1,Layer_3,3
TGGCAAGCACAAGTCG-1,WM,5
TGGCAATGGGACGGCG-1,Layer_6,4
TGGCACGAGCTCGAGT-1,Layer_3,3
TGGCAGATTACGATCA-1,Layer_6,4
TGGCAGCAGTAATAGT-1,Layer_5,2
TGGCATGAAGTTTGGG-1,Layer_6,4
TGGCCAAACTGAAGTA-1,Layer_3,3
TGGCCAATTTGGTACT-1,Layer_5,2
TGGCCGTATATTGACC-1,Layer_5,2
TGGCGACTGCTCCAAA-1,WM,4
TGGCGATCAAGTTATG-1,Layer_6,4
TGGCGGTGTGCGATTG-1,Layer_3,3
TGGCTACACTCTACCT-1,Layer_6,4
TGGCTATGTGACATAC-1,WM,4
TGGCTCTTGTCGCGTA-1,Layer_5,2
TGGCTTGTACAAGCTT-1,Layer_3,1
TGGCTTTGGGTAGACA-1,Layer_3,3
TGGGAAATGCCTTTCC-1,Layer_5,3
TGGGATGCACTCATTC-1,Layer_3,3
TGGGCAATAGTTGGGT-1,Layer_4,2
TGGGCACAAACAGAAC-1,Layer_3,3
TGGGCACGTTCTATGG-1,Layer_3,3
TGGGCAGGCCACCGCA-1,Layer_5,2
TGGGCCACAAGAGCGC-1,Layer_3,3
TGGGCCCATACTAATT-1,Layer_5,4
TGGGCGATACAATAAG-1,WM,5
TGGGTAAGGTTCCCGC-1,Layer_3,3
TGGGTGCACAAGCCAT-1,WM,5
TGGGTGGGATGTCATT-1,Layer_3,1
TGGGTTCCCGGACGGA-1,,1
TGGTAAGCAGGATTGA-1,Layer_5,2
TGGTAGAATATATGGG-1,Layer_5,2
TGGTATCGCATCCCAA-1,Layer_3,3
TGGTATCGGTCTGTAT-1,Layer_3,3
TGGTCCCACGCTACGG-1,Layer_6,4
TGGTCGTGCAAGGCAA-1,Layer_5,2
TGGTCGTTTGATAGAT-1,Layer_3,1
TGGTCTAGCTTACATG-1,,1
TGGTCTGTTGGGCGTA-1,Layer_5,2
TGGTGATCGTATTTGT-1,Layer_4,3
TGGTTAAGGGCGCTGG-1,Layer_3,1
TGGTTATGCTTGCGGT-1,,1
TGGTTCAACGGGTAAT-1,Layer_6,4
TGGTTCGTAGCAAAGG-1,Layer_3,3
TGGTTGGAGGATCCTG-1,Layer_3,3
TGGTTTAAACGTGGGT-1,Layer_3,1
TGTAACTTGTCAACCT-1,,3
TGTAATGACCACAATA-1,Layer_5,2
TGTAATGCCTTCGGAC-1,Layer_3,1
TGTACCTACACGAGGG-1,Layer_6,4
TGTACGAACAAATCCG-1,Layer_5,2
TGTACGCTATCAGCTT-1,Layer_3,1
TGTACTGTGCCAAAGT-1,Layer_3,3
TGTAGCCATCCCATTC-1,Layer_6,4
TGTAGGAGAAATTTCC-1,Layer_4,3
TGTAGTGATCTATAAT-1,Layer_5,2
TGTATAACAGATCCTG-1,Layer_3,3
TGTATCAGACTGAAGC-1,Layer_3,1
TGTATCCTTATTCCAT-1,Layer_3,3
TGTATGGCGCAGACAG-1,Layer_5,2
TGTATTTACCTAATGC-1,Layer_3,1
TGTCATTTGTTGGGAA-1,Layer_3,1
TGTCCACGGCTCAACT-1,Layer_6,4
TGTCCCGACATAGCAC-1,Layer_3,3
TGTCCGTGGCGCCTTT-1,Layer_5,2
TGTCCTAAGTCACCGC-1,Layer_5,2
TGTCGGCATGGTGGAA-1,Layer_3,3
TGTCGTTATCACATAT-1,Layer_6,4
TGTCTACAGTTTCTGT-1,Layer_3,3
TGTGACTACGCCAGTC-1,Layer_3,3
TGTGAGACTAGCCCAA-1,WM,5
TGTGATTCCAGCGCTT-1,Layer_3,1
TGTGCCGGTGCCGGAA-1,Layer_6,4
TGTGCTTTACGTAAGA-1,Layer_5,2
TGTGGACTATCTACGT-1,Layer_5,2
TGTGGAGGAAGCTTAA-1,Layer_3,3
TGTGGCAAAGCGTATG-1,Layer_3,3
TGTGGCGGGCTTCTGG-1,WM,5
TGTGGCTCCCACCAAC-1,Layer_4,3
TGTGGTAGGGTGCCTT-1,Layer_5,2
TGTGGTTGCTAAAGCT-1,WM,5
TGTGTAGTAGCACGTG-1,Layer_6,2
TGTGTCGCGAGTTGCA-1,Layer_5,2
TGTGTTCGTATCCAAG-1,Layer_5,2
TGTTATTGTATGTGGC-1,Layer_5,2
TGTTCATAAATGTGCT-1,Layer_3,3
TGTTCCGCTTCCATGA-1,Layer_5,2
TGTTCGTATTGCGGTG-1,Layer_6,4
TGTTCTCTACTCCCTA-1,Layer_3,1
TGTTCTTCCATTGACT-1,Layer_5,2
TGTTGATCACTGTTTA-1,Layer_3,1
TGTTGCCGTCGTCCCA-1,Layer_4,3
TGTTGTCAAGAAGTCT-1,Layer_3,3
TGTTTAATACTTCATC-1,Layer_3,3
TGTTTCGGTACTTCTC-1,Layer_3,3
TGTTTGAGATCGTCAG-1,Layer_5,2
TTAAACAGAGTCCCGC-1,Layer_3,3
TTAAACCGGTAGCGAC-1,Layer_3,3
TTAAACCTGGTTCCTT-1,Layer_4,3
TTAAACTCGAATTCAT-1,Layer_3,3
TTAACACCTCGAACAT-1,Layer_5,3
TTAACCAACCCTCCCT-1,Layer_3,3
TTAACGAACAAGCAGT-1,Layer_3,1
TTAACGTCGCAAGACC-1,Layer_3,3
TTAACTCACGCGTGGA-1,Layer_4,3
TTAACTTCAGGTAGGA-1,Layer_6,4
TTAAGACGAACGAACC-1,Layer_3,3
TTAAGATAGGATTGAC-1,Layer_4,2
TTAAGCCGACAACTTC-1,Layer_3,3
TTAAGCGCCTGACCCA-1,Layer_5,2
TTAAGGATACGGAGGT-1,Layer_3,3
TTAAGGCCCGTACTTT-1,Layer_6,4
TTAAGTATTGTTATCC-1,Layer_6,4
TTAATCAGTACGTCAG-1,Layer_3,3
TTAATGCGAGGTAACT-1,Layer_3,3
TTAATGTAGACCAGGT-1,Layer_4,3
TTAATTGCTTTGGGTG-1,WM,5
TTAATTTCAGACGCGG-1,Layer_3,3
TTACAACTACGCATCC-1,Layer_4,2
TTACACGATCTGCGAC-1,Layer_6,4
TTACAGACCTAAATGA-1,Layer_3,3
TTACATCGTGGCCTGG-1,Layer_4,3
TTACATGCCACAACTA-1,Layer_4,3
TTACCATTGATTACCC-1,Layer_5,2
TTACCCATTGCCGGGT-1,Layer_3,3
TTACCCTAACAGTCCT-1,Layer_5,3
TTACCCTAGGGATTGG-1,WM,5
TTACCGCCTTAGGGAA-1,Layer_3,3
TTACGGATGGTTCGAG-1,Layer_3,3
TTACGTAGCGCGTGCT-1,Layer_3,1
TTACGTATCTATGACA-1,Layer_6,4
TTACTAAAGGACTTTA-1,Layer_6,4
TTACTATCGGCTTCTC-1,Layer_5,2
TTACTCCGGCCGGGAA-1,Layer_4,3
TTACTCTGGTACGTAC-1,Layer_6,4
TTACTGGGATATTTCA-1,Layer_6,4
TTACTGTCTAGAGCTC-1,Layer_3,1
TTACTGTTTCTCTACG-1,Layer_3,3
TTAGAAGAACATGACT-1,Layer_6,4
TTAGAATAAGGGTCGG-1,WM,5
TTAGACACGATCGTTG-1,Layer_3,3
TTAGACGAGTCACCTC-1,Layer_6,4
TTAGAGTTTAGAAGGA-1,Layer_5,4
TTAGATAGGTCGATAC-1,Layer_3,3
TTAGCAACATGGATGT-1,Layer_4,3
TTAGCTAATACGATCT-1,Layer_3,1
TTAGCTCTGTAATCCG-1,Layer_5,2
TTAGCTGATTTGCCGT-1,Layer_4,3
TTAGGTCATAACCGAC-1,WM,4
TTAGTAAACCTGCTCT-1,Layer_6,4
TTAGTAGGGCGGCGGG-1,Layer_5,2
TTAGTTATTCGTGGCA-1,Layer_5,4
TTAGTTCAAGTGTTCG-1,Layer_3,1
TTATAGATGCACATTA-1,Layer_3,3
TTATAGGTAATTGTCT-1,WM,5
TTATAGTCCAAGGTGC-1,Layer_3,1
TTATATACGCTGTCAC-1,Layer_5,2
TTATATTTGGCAATCC-1,Layer_3,3
TTATCCAATCGAACTC-1,Layer_3,3
TTATCCGGGATCTATA-1,Layer_6,4
TTATCCTCAAGGAATA-1,Layer_6,4
TTATCGCCTGCGAAGC-1,Layer_5,3
TTATCTGACATTAGGA-1,Layer_5,2
TTATCTGTATCATAAC-1,Layer_3,3
TTATGAATGAAAGGGA-1,Layer_5,2
TTATGACAAACTGGAT-1,Layer_5,2
TTATGATCTTAACGAA-1,Layer_5,2
TTATGCGTCCCGGTCC-1,Layer_3,3
TTATGTTTGCGATAGA-1,Layer_5,3
TTATTAGAGCGTGTTC-1,Layer_6,4
TTATTAGGGAAGCATC-1,Layer_3,3
TTATTATCTGGAAGGC-1,Layer_5,2
TTCAAAGTCTCTAGCC-1,Layer_4,2
TTCAACGACCCGACCG-1,Layer_3,3
TTCAAGCCGAGCTGAG-1,Layer_3,3
TTCAATACTCTGAATC-1,Layer_4,2
TTCAATTAGCCATAAT-1,Layer_3,3
TTCACGAAAGGATCAC-1,Layer_5,2
TTCACTCGAGCACCTA-1,Layer_6,4
TTCACTTCCTAGAACG-1,WM,5
TTCAGAGTAACCTGAC-1,,3
TTCAGCCCTGGTCCAC-1,Layer_5,4
TTCAGCTGGCGTGCCC-1,Layer_6,4
TTCAGGCGTCAAAGCC-1,Layer_5,2
TTCAGTTTGTGGCAGC-1,,3
TTCATAGCCTTGTAAC-1,,3
TTCATAGGGTGTCCAT-1,,3
TTCATGGCGCAACAGG-1,Layer_3,3
TTCCAATCAGAGCTAG-1,Layer_3,3
TTCCAATCTGGCTATC-1,Layer_6,4
TTCCACACAGATTTGA-1,Layer_6,4
TTCCACATTTCTCGTC-1,Layer_3,3
TTCCAGACGAGATTTA-1,Layer_3,3
TTCCATCATGCGGTGA-1,Layer_3,3
TTCCATCGACAGCGTG-1,Layer_6,4
TTCCCGACGCTTCACT-1,Layer_3,3
TTCCCGGCGCCAATAG-1,Layer_5,2
TTCCGCAGAGAAATAT-1,Layer_3,1
TTCCGCGTGAGGCGAT-1,Layer_6,4
TTCCGGCCTTGAGGCT-1,WM,4
TTCCGGCTCGACTTCT-1,Layer_3,1
TTCCGGTATCTGTGTC-1,Layer_3,3
TTCCGGTTACCCACTT-1,Layer_5,2
TTCCTCGAGGGTGTCT-1,Layer_3,3
TTCCTCGGACTAACCA-1,Layer_6,4
TTCCTCTGCCCGAATA-1,Layer_5,2
TTCCTTTCTGTGTTGC-1,Layer_3,3
TTCGACAGAGCCCGTG-1,Layer_6,4
TTCGACGGGAAGGGCG-1,Layer_4,2
TTCGAGCCGGCGCTAC-1,Layer_3,1
TTCGCACTCGCGTGCT-1,Layer_5,2
TTCGCACTGTACGACA-1,WM,5
TTCGCATCCGGAAGCA-1,Layer_3,3
TTCGCCGCTCGCGCTA-1,Layer_6,4
TTCGCGCGCCATACGA-1,WM,5
TTCGCTAGGAAGTTGT-1,Layer_3,3
TTCGCTATCTGACGTG-1,Layer_3,1
TTCGGACTGATGCCTT-1,Layer_3,3
TTCGGCAACCCGCTGA-1,Layer_3,3
TTCGGCTAGAGATGGT-1,Layer_3,3
TTCGGGACTAATCGCG-1,Layer_5,2
TTCGGGCGCTAGTCTT-1,Layer_6,4
TTCGGGTTGCCACGGG-1,Layer_6,4
TTCGGTACTGTAGAGG-1,WM,5
TTCGGTGGAGACGCCC-1,Layer_4,2
TTCGTAATCCCAGCGG-1,Layer_3,3
TTCGTACTCCAGAACG-1,Layer_5,2
TTCGTGGGCTGGAAGC-1,Layer_3,1
TTCGTTCAACGAAGTT-1,Layer_3,1
TTCTAACCGAAGCTTA-1,Layer_3,3
TTCTACCTCAATCGGT-1,,4
TTCTACCTTTATGTTG-1,Layer_3,3
TTCTACTTGCGAGGGC-1,Layer_4,3
TTCTAGAAAGTCTTAT-1,WM,5
TTCTAGGCCAATTGTG-1,Layer_4,3
TTCTATGCCTTTCGCA-1,Layer_3,1
TTCTATTAAACGCAGC-1,WM,5
TTCTCTTACAGGTGAT-1,Layer_6,4
TTCTGACCGGGCTCAA-1,Layer_6,4
TTCTGCCGCGCCTAGA-1,Layer_6,4
TTCTGCGAGCGCCCTT-1,Layer_5,2
TTCTGCGGGTTAGCGG-1,Layer_5,2
TTCTGCTAGACTCCAA-1,Layer_3,1
TTCTGTTTCCTGTCGC-1,Layer_3,3
TTCTTAGTGAACGGTG-1,Layer_3,3
TTCTTAGTGGCTCAGA-1,Layer_3,3
TTCTTATCCGCTGGGT-1,Layer_5,2
TTCTTCCCTTTGATAT-1,Layer_3,3
TTCTTCGCAATAGAGC-1,Layer_3,3
TTCTTGAGCCGCGCTA-1,Layer_6,4
TTCTTGCTAGCATCTC-1,Layer_3,3
TTCTTGGACGATCTGC-1,Layer_6,4
TTCTTGGAGTAATGAG-1,Layer_3,3
TTCTTGTAACCTAATG-1,Layer_5,2
TTCTTGTGTCCATCAG-1,Layer_4,3
TTCTTTGGTCGCGACG-1,Layer_3,1
TTGAAAGGTGTAAAGG-1,Layer_3,1
TTGAACGAATCCTTTG-1,Layer_3,3
TTGAACGACGTGCTGA-1,Layer_6,4
TTGAAGAATTCCCAGG-1,Layer_5,2
TTGAAGGATGGGCGCC-1,Layer_6,4
TTGAATATGGACTTTC-1,Layer_4,2
TTGAATCGTTGTATAA-1,Layer_5,2
TTGAATTCACGTGAGG-1,Layer_4,3
TTGACAGGAGCTCCCG-1,Layer_5,2
TTGACATGAACGTGGA-1,Layer_6,4
TTGACCAGGAACAACT-1,WM,5
TTGACCATGTTCTCCG-1,Layer_3,3
TTGACCGTGTTAATGA-1,Layer_6,4
TTGACGATTCAGCACG-1,Layer_3,3
TTGACGCTCCATGAGC-1,Layer_4,3
TTGACTACCATATGGT-1,Layer_6,4
TTGACTATTGTCCGGC-1,Layer_5,2
TTGAGAAGTTTAGCAT-1,Layer_6,4
TTGAGAGTACTGCTAA-1,Layer_6,4
TTGAGCAGCCCACGGT-1,Layer_4,3
TTGAGCGCCACGTGAT-1,Layer_3,3
TTGAGGCATTTAACTC-1,Layer_3,3
TTGAGGGTCGAACGCG-1,Layer_3,1
TTGAGTCCCGCTGCTG-1,Layer_3,3
TTGATAGTCAATACAT-1,Layer_3,1
TTGATCTAACTTTGTC-1,Layer_5,2
TTGATGTGTAGTCCCG-1,Layer_3,3
TTGATTAGCTGTTTCT-1,Layer_6,4
TTGATTATGCAGATGA-1,Layer_5,2
TTGCACAATTCAGAAA-1,Layer_6,4
TTGCACGGAGCAGCAC-1,Layer_3,3
TTGCAGGTCATGAAGT-1,Layer_3,1
TTGCATGCTGATCACG-1,Layer_6,4
TTGCCAAGCAGAACCC-1,Layer_4,3
TTGCCATAGCCCGCTC-1,Layer_6,4
TTGCCCTGATCACGGG-1,Layer_5,2
TTGCCGCAGACCTACA-1,Layer_6,4
TTGCCGCTTTCTAGTA-1,WM,5
TTGCCGGTGATCCCTC-1,Layer_3,3
TTGCCTAATCCAAAGT-1,,4
TTGCGCTCTCTCGCTT-1,,1
TTGCGGCATCAGAAAG-1,Layer_6,4
TTGCGGCGACTCATGC-1,Layer_3,3
TTGCGTAGTTTGAGGA-1,Layer_5,3
TTGCGTCGGCCAACCG-1,Layer_6,4
TTGCGTGAACGCTTAG-1,Layer_3,3
TTGCGTGTGTAGGCAT-1,WM,5
TTGCTAGCTACCAATC-1,,3
TTGCTCCCATACCGGA-1,Layer_3,3
TTGCTGAAGGAACCAC-1,Layer_3,3
TTGCTGATCATGTTCG-1,Layer_5,2
TTGCTGCACCTATCCA-1,Layer_4,3
TTGCTGGCCGGGCTTC-1,Layer_3,3
TTGGAAGAATACAGTC-1,Layer_6,4
TTGGACATGTGGCTTA-1,Layer_6,2
TTGGACCATCTGGCAA-1,Layer_5,2
TTGGACCTATAACAGT-1,Layer_6,4
TTGGAGTCTCCCTTCT-1,Layer_3,3
TTGGATATCGTCTACG-1,Layer_6,4
TTGGATCGACTTCTGG-1,Layer_3,3
TTGGATTGGGTACCAC-1,Layer_3,3
TTGGCCATCTTGCGCT-1,Layer_3,3
TTGGCCTAGAATTTCG-1,Layer_3,3
TTGGCGATCCGAATAT-1,Layer_3,1
TTGGCTCAATATGTGT-1,Layer_6,4
TTGGCTCGCATGAGAC-1,Layer_4,2
TTGGGAAGACGAGCCG-1,WM,5
TTGGGACACTGCCCGC-1,Layer_3,3
TTGGGACGTAAGAGTT-1,Layer_5,2
TTGGGCGGCGGTTGCC-1,Layer_3,3
TTGGGTTTATTCAGCG-1,Layer_3,1
TTGGTATGGCTTGTGT-1,Layer_3,1
TTGGTCACACTCGTAA-1,Layer_6,4
TTGGTGCGGTGTTGAA-1,Layer_3,1
TTGGTTGCGGTGCGCG-1,Layer_6,4
TTGTAACTTCATAGCG-1,Layer_3,1
TTGTAAGGACCTAAGT-1,Layer_6,4
TTGTAAGGCCAGTTGG-1,Layer_3,3
TTGTAATCCGTACTCG-1,Layer_5,2
TTGTATCACACAGAAT-1,Layer_3,3
TTGTCGTTCAGTTACC-1,Layer_3,3
TTGTGAACCTAATCCG-1,Layer_6,4
TTGTGAGGCATGACGC-1,Layer_5,2
TTGTGCAGCCACGTCA-1,WM,5
TTGTGGCCCTGACAGT-1,Layer_3,3
TTGTGGTAGGAGGGAT-1,Layer_6,4
TTGTGGTGGTACTAAG-1,Layer_6,4
TTGTGTATGCCACCAA-1,WM,5
TTGTGTTTCCCGAAAG-1,Layer_6,4
TTGTTAGCAAATTCGA-1,Layer_4,3
TTGTTCAGTGTGCTAC-1,Layer_3,3
TTGTTCTAGATACGCT-1,,1
TTGTTGTGTGTCAAGA-1,Layer_3,3
TTGTTTCACATCCAGG-1,WM,5
TTGTTTCATTAGTCTA-1,Layer_6,4
TTGTTTCCATACAACT-1,Layer_6,4
TTGTTTGTGTAAATTC-1,Layer_3,3
