,ground_truth,domain
AAACAAGTATCTCCCA-1,Layer_3,2
AAACAATCTACTAGCA-1,Layer_1,1
AAACACCAATAACTGC-1,WM,5
AAACAGAGCGACTCCT-1,Layer_3,2
AAACAGCTTTCAGAAG-1,Layer_5,7
AAACAGGGTCTATATT-1,Layer_6,7
AAACAGTGTTCCTGGG-1,WM,4
AAACATTTCCCGGATT-1,Layer_3,2
AAACCCGAACGAAATC-1,Layer_2,1
AAACCGGGTAGGTACC-1,Layer_6,7
AAACCGTTCGTCCAGG-1,WM,5
AAACCTAAGCAGCCGG-1,Layer_4,2
AAACCTCATGAAGTTG-1,Layer_5,6
AAACGAAGAACATACC-1,Layer_2,1
AAACGAGACGGTTGAT-1,Layer_5,6
AAACGGGCGTACGGGT-1,Layer_3,2
AAACGGTTGCGAACTG-1,Layer_6,7
AAACTCGGTTCGCAAT-1,Layer_5,6
AAACTCGTGATATAAG-1,Layer_2,3
AAACTGCTGGCTCCAA-1,Layer_6,7
AAACTTAATTGCACGC-1,WM,5
AAACTTGCAAACGTAT-1,Layer_6,7
AAAGACATGAAGTTTA-1,Layer_1,3
AAAGACCCAAGTCGCG-1,Layer_2,1
AAAGACTGGGCGCTTT-1,Layer_3,2
AAAGGCCCTATAATAC-1,WM,5
AAAGGCTACGGACCAT-1,Layer_6,7
AAAGGCTCTCGCGCCG-1,WM,5
AAAGGGATGTAGCAAG-1,Layer_5,6
AAAGGGCAGCTTGAAT-1,Layer_3,2
AAAGGTAAGCTGTACC-1,Layer_1,3
AAAGTAGCATTGCTCA-1,WM,5
AAAGTCACTGATGTAA-1,Layer_3,1
AAAGTCGACCCTCAGT-1,Layer_5,6
AAAGTGTGATTTATCT-1,Layer_4,2
AAAGTTGACTCCCGTA-1,Layer_4,2
AAATAACCATACGGGA-1,Layer_3,2
AAATACCTATAAGCAT-1,Layer_6,7
AAATAGCTTAGACTTT-1,Layer_3,2
AAATAGGGTGCTATTG-1,Layer_5,6
AAATCCGATACACGCC-1,Layer_3,2
AAATCGTGTACCACAA-1,Layer_6,4
AAATCTAGCCCTGCTA-1,Layer_3,2
AAATGATTCGATCAGC-1,Layer_2,3
AAATGCTCGTTACGTT-1,Layer_2,1
AAATGGCATGTCTTGT-1,Layer_3,2
AAATGGCCCGTGCCCT-1,WM,5
AAATGGTCAATGTGCC-1,Layer_6,7
AAATGTGGGTGCTCCT-1,Layer_1,3
AAATTAACGGGTAGCT-1,Layer_6,4
AAATTACACGACTCTG-1,Layer_3,2
AAATTACCTATCGATG-1,Layer_3,2
AAATTGATAGTCCTTT-1,WM,5
AAATTGCGGCGGTTCT-1,Layer_1,1
AAATTGGTGAGAAGCA-1,,5
AAATTTACCGAAATCC-1,Layer_3,1
AAATTTGCGGGTGTGG-1,WM,5
AACAACTGGTAGTTGC-1,Layer_5,6
AACAATACATTGTCGA-1,WM,5
AACAATTACTCTACGC-1,Layer_4,2
AACACACGCTCGCCGC-1,Layer_4,2
AACACGACTGTACTGA-1,Layer_3,1
AACACGAGACGCGGCC-1,Layer_6,7
AACACGCGGCCGCGAA-1,Layer_1,3
AACAGCTGTGTGGCAA-1,WM,5
AACAGGAAATCGAATA-1,Layer_3,2
AACAGGATGGGCCGCG-1,Layer_4,2
AACAGGTAGTATGGAT-1,Layer_3,1
AACATATCAACTGGTG-1,Layer_3,2
AACATTGAAGTTGATC-1,WM,5
AACATTGTGACTCGAG-1,Layer_6,4
AACCAAGACTTCTCTG-1,Layer_5,6
AACCAGTATCACTCTT-1,Layer_2,1
AACCATAGGGTTGAAC-1,WM,5
AACCATGGGATCGCTA-1,Layer_2,1
AACCCAGAGACGGAGA-1,Layer_3,1
AACCCATCCCATGATC-1,WM,5
AACCCGACAACCCGTG-1,WM,5
AACCCGAGCAGAATCG-1,Layer_2,1
AACCCTACTGTCAATA-1,Layer_4,2
AACCCTGGTGGAACCA-1,Layer_3,2
AACCGAGCTTGGTCAT-1,Layer_5,6
AACCGCTAAGGGATGC-1,Layer_4,2
AACCGTTGTGTTTGCT-1,Layer_3,2
AACCTAAAGCCGTCCG-1,Layer_1,3
AACCTCGCTTTAGCCC-1,Layer_5,6
AACCTTTAAATACGGT-1,Layer_6,7
AACCTTTACGACGTCT-1,Layer_3,2
AACGAAAGTCGTCCCA-1,WM,5
AACGATAATGCCGTAG-1,Layer_6,7
AACGATAGAAGGGCCG-1,Layer_3,2
AACGATATGTCAACTG-1,Layer_5,6
AACGCGAACGGCAACA-1,Layer_1,1
AACGCGACCTTGGGCG-1,Layer_6,7
AACGCGGTCTCCAGCC-1,Layer_5,6
AACGCTGTTGCTGAAA-1,Layer_3,2
AACGGACGTACGTATA-1,Layer_4,2
AACGGCCATCTCCGGT-1,WM,5
AACGTACTGTGGGTAC-1,WM,5
AACGTAGTCTACCCAT-1,Layer_1,1
AACGTCAGACTAGTGG-1,Layer_4,2
AACGTCGCTGCACTTC-1,,2
AACGTGATGAAGGACA-1,Layer_3,2
AACGTGCGAAAGTCTC-1,Layer_6,7
AACTACCCGTTTGTCA-1,Layer_3,1
AACTAGCGTATCGCAC-1,Layer_1,3
AACTAGGCTTGGGTGT-1,Layer_6,4
AACTCAAGTTAATTGC-1,Layer_6,4
AACTCCAGAGCGTGTT-1,Layer_3,2
AACTCCTAATCCCATG-1,Layer_3,2
AACTCGATGGCGCAGT-1,Layer_1,3
AACTCTCAATAGAGCG-1,Layer_4,2
AACTCTCAGTGTGCTC-1,WM,5
AACTGATATTAGGCCT-1,Layer_3,2
AACTGGGTCCCGACGT-1,Layer_5,6
AACTGGGTTCGAGCCG-1,Layer_2,1
AACTGGTGTGGGCCTT-1,Layer_1,3
AACTTCTGCGTCTATC-1,Layer_2,1
AACTTGCCCGTATGCA-1,Layer_4,2
AACTTGCGTTCTCGCG-1,Layer_1,3
AACTTTAGCTGCTGAG-1,Layer_1,3
AAGAAGGATCAGTTAG-1,Layer_1,3
AAGACATACGTGGTTT-1,,1
AAGACCAAATAACTCA-1,WM,5
AAGACCCAACTGAACA-1,WM,7
AAGACTAACCCGTTGT-1,Layer_1,1
AAGACTCACGCCCACT-1,Layer_1,3
AAGACTGCAAGCTACT-1,Layer_6,7
AAGAGATGAATCGGTA-1,Layer_3,2
AAGAGCTCTTTATCGG-1,Layer_5,7
AAGAGGATGTACGCGA-1,Layer_6,7
AAGAGGCATGGATCGC-1,Layer_5,6
AAGAGGCCCTTTGGAA-1,Layer_3,1
AAGATGGCACCGGACC-1,WM,5
AAGATTGGCGGAACGT-1,Layer_4,6
AAGCACCCTGCGTATC-1,Layer_5,6
AAGCATACTCTCCTGA-1,Layer_6,7
AAGCCGAAGCGGTTTA-1,Layer_3,1
AAGCCGCCGTGAAATC-1,WM,5
AAGCGCAGGGCTTTGA-1,Layer_5,6
AAGCGGCGTCATGGGT-1,Layer_2,1
AAGCGTCCCTCATCGA-1,WM,5
AAGCTAGATCGAGTAA-1,Layer_6,7
AAGCTCGTGCCAAGTC-1,Layer_6,7
AAGCTCTTTCATGGTG-1,Layer_5,6
AAGGAGAACTTATAAG-1,Layer_1,3
AAGGAGCGGTTGGTGC-1,Layer_5,6
AAGGATCGATCGCTTG-1,Layer_3,2
AAGGATGAGGGACCTC-1,Layer_5,6
AAGGCGCGTAAAGCTT-1,Layer_4,2
AAGGCTGTGCTCATCG-1,Layer_5,6
AAGGGAACGACTGGCT-1,WM,5
AAGGGACAGATTCTGT-1,Layer_4,2
AAGGGACTATGCATTC-1,WM,5
AAGGTATCCTAATATA-1,Layer_5,6
AAGGTGATAAACCAGC-1,Layer_4,2
AAGTAAGCTTCCAAAC-1,Layer_1,1
AAGTAGAAGACCGGGT-1,Layer_3,2
AAGTAGTGACGCGAGG-1,Layer_5,6
AAGTCAATTGTCGTCA-1,Layer_3,2
AAGTGACGACCGAATT-1,Layer_6,7
AAGTGAGTCGGGTTTA-1,WM,5
AAGTGCAAAGGTAGAC-1,Layer_3,2
AAGTGCCTTGACTGTA-1,Layer_3,2
AAGTGCGTTAGAATCT-1,WM,5
AAGTGCTTCTCTATTG-1,WM,5
AAGTGTTTGGAGACGG-1,Layer_5,6
AAGTTCACTCCAAGCT-1,Layer_4,6
AAGTTCAGTCTGCGTA-1,Layer_3,1
AAGTTCGGCCAACAGG-1,WM,4
AAGTTTACTAATGGCA-1,Layer_1,3
AAGTTTATGGGCCCAA-1,Layer_5,6
AATAACAACGCTCGGC-1,Layer_5,7
AATAACACTAGAACAA-1,WM,5
AATAAGTCCTCGAGAC-1,Layer_2,1
AATACAATGTTTCAGG-1,Layer_3,1
AATACCGGAGGGCTGT-1,WM,5
AATAGAACAGAGTGGC-1,WM,5
AATAGAATCTGTTTCA-1,Layer_5,6
AATAGCTACCGCGTGC-1,Layer_2,3
AATAGTCCGTCCCGAC-1,Layer_6,4
AATATCAAGGTCGGAT-1,Layer_1,3
AATATCGAATCAATGC-1,Layer_3,1
AATATCGAGGGTTCTC-1,Layer_3,2
AATATTGGAGTATTGA-1,Layer_5,6
AATCAGACTGCAGGAC-1,Layer_1,1
AATCAGGTTTCATTTA-1,WM,5
AATCATGTAAAGACTC-1,Layer_3,2
AATCCAAGGGCCTGAG-1,Layer_3,1
AATCCATGCAAGGGTG-1,Layer_1,3
AATCGCCTCAGCGCCA-1,Layer_5,6
AATCGCGCAGAGGACT-1,Layer_2,1
AATCGGGACACTACGA-1,Layer_2,1
AATCGGTATAGCCCTC-1,,2
AATCGTGAGCCGAGCA-1,Layer_4,2
AATCTAGGTTTACTTG-1,WM,5
AATCTATGCCGGAGCC-1,Layer_3,1
AATCTCTACTGTGGTT-1,Layer_5,6
AATCTGCGTTGGGACG-1,Layer_4,2
AATCTGGCTTTCTAGT-1,WM,5
AATCTGGGTAGACCCT-1,Layer_2,1
AATGACAGCAATGTCT-1,WM,5
AATGACGTAGGATGTC-1,Layer_5,7
AATGACTGTCAGCCGG-1,Layer_5,2
AATGAGTTCGCATATG-1,Layer_1,3
AATGATGATACGCTAT-1,Layer_3,2
AATGATGCGACTCCTG-1,Layer_3,2
AATGCAACCGGGTACC-1,Layer_5,6
AATGCACCAAGCAATG-1,Layer_3,2
AATGGTCCACCGTTCA-1,Layer_3,2
AATGGTTCTCACAAGC-1,Layer_3,2
AATGTATGGCACTGTA-1,WM,5
AATGTGCCCGAGGTGT-1,WM,5
AATGTGCTAATCTGAG-1,WM,5
AATGTTGTCGTGAGAC-1,,2
AATTAAAGGTCGGCGT-1,Layer_6,4
AATTAACGGATTTCCA-1,Layer_6,7
AATTACTCGTACGCTC-1,Layer_1,1
AATTAGCGCTGCAGCG-1,Layer_6,7
AATTCATAAGGGATCT-1,Layer_3,2
AATTCATTGTCATGCA-1,WM,5
AATTCCAAGCATGTAC-1,Layer_6,4
AATTCGATTCGAGGAT-1,Layer_5,6
AATTCTAGAGTTAGGC-1,Layer_6,4
AATTGAACGCTCTGGT-1,Layer_5,6
AATTGCAGCAATCGAC-1,Layer_3,1
AATTGCGTGGATTACA-1,WM,5
AATTTGGGACATAGTA-1,Layer_3,2
AATTTGGTTCCAAAGA-1,Layer_3,2
ACAAACCATGCGTCCT-1,WM,5
ACAAACCGACAAGGCG-1,Layer_1,3
ACAAAGCATGACCTAG-1,Layer_3,2
ACAAATCGCACCGAAT-1,Layer_5,6
ACAAATGGTAGTGTTT-1,Layer_5,6
ACAAATTCAGATCTGA-1,Layer_1,3
ACAACAGCATGAGCTA-1,Layer_6,7
ACAACGGTCCCTGCGA-1,Layer_3,2
ACAAGCAGTGCCTAGC-1,Layer_4,2
ACAAGGAAATCCGCCC-1,Layer_6,6
ACAAGGACAAGAGGTT-1,Layer_5,6
ACAAGGATGCTTTAGG-1,Layer_4,2
ACAAGGGCAGGCTCTG-1,Layer_6,7
ACAATAGTCGTACGTT-1,Layer_6,7
ACAATCCATTTAAACC-1,Layer_5,7
ACAATCGATCTTTATA-1,Layer_1,3
ACAATGAATACGGAGA-1,WM,5
ACAATTGTGTCTCTTT-1,Layer_3,2
ACAATTTAGGAGGCTC-1,Layer_3,2
ACAATTTGAGCAGTGG-1,Layer_5,6
ACACAAAGACGGGTGG-1,Layer_5,6
ACACACCAGGACCAGT-1,Layer_5,6
ACACACTTTCTACACG-1,Layer_3,2
ACACATGATCAAATCT-1,WM,5
ACACATTGACGCAACA-1,Layer_1,3
ACACCCAGCATGCAGC-1,Layer_5,6
ACACCCGAGAAATCCG-1,Layer_3,2
ACACCGGTCTGACCGC-1,WM,5
ACACCTTAAGTAGGGC-1,Layer_5,2
ACACCTTACTACTTGC-1,Layer_3,1
ACACGAGACTCCTTCT-1,Layer_6,7
ACACGGCACTATGCAT-1,Layer_3,1
ACACGGGAACTTAGGG-1,Layer_5,6
ACACGTAGGCCACAAG-1,Layer_3,1
ACACTCCAATGTCACT-1,Layer_2,1
ACACTGATCAAGGTGT-1,WM,5
ACACTGGGACAGTCGT-1,Layer_2,1
ACAGAACTGAGAACAA-1,WM,5
ACAGATTAGGTTAGTG-1,Layer_2,1
ACAGCATAGAGCCAGT-1,Layer_3,1
ACAGCGACATTCTCAT-1,Layer_3,2
ACAGCGCACCCGCAGC-1,Layer_3,2
ACAGGCTTGCCCGACT-1,Layer_4,6
ACAGGTGGAGGTGAGG-1,WM,5
ACAGTAATACAACTTG-1,Layer_6,7
ACATAAGTCGTGGTGA-1,WM,5
ACATAATAAGGCGGTG-1,Layer_5,6
ACATCAGCTGGGACGC-1,Layer_3,2
ACATCCCGGCCATACG-1,Layer_6,4
ACATCCTGGTAACTGT-1,Layer_3,2
ACATCGATCGTTTACC-1,Layer_6,4
ACATCGGTCAGCCGCG-1,Layer_6,4
ACATCGTATGCAATGG-1,Layer_5,6
ACATCGTTAACCTAGT-1,Layer_3,1
ACATCTCAACGCGTAA-1,Layer_2,1
ACATGGCGCCAAAGTA-1,Layer_3,2
ACATGGCTCAATTTAG-1,Layer_1,1
ACATTAGTTTATATCC-1,Layer_6,4
ACCAAACTAGAAATCC-1,Layer_1,3
ACCAACCGCACTCCAC-1,Layer_3,2
ACCAACGCTTATTTAT-1,WM,5
ACCAAGAACGCGTGTC-1,Layer_3,2
ACCAATATGCAAGTTA-1,Layer_5,6
ACCACAACTCAGAACA-1,Layer_3,1
ACCACAAGTTTCTATC-1,Layer_6,7
ACCACCAATGTAACAA-1,Layer_3,2
ACCACGTGCAGCTATA-1,Layer_5,6
ACCAGCCCGGTCTTTG-1,Layer_2,1
ACCAGGAGTGTGATCT-1,Layer_1,3
ACCAGTGCCCGGTCAA-1,Layer_1,3
ACCAGTGCGGGAGACG-1,Layer_4,2
ACCATATCCGCAATAA-1,Layer_6,4
ACCATCCGCCAACTAG-1,Layer_5,7
ACCATCGTATATGGTA-1,Layer_6,4
ACCATTAAGGGTGTCA-1,Layer_1,3
ACCCAACGCCCGTGGC-1,Layer_5,6
ACCCACCTACATGCTC-1,Layer_3,2
ACCCATCTTGAGGGTA-1,Layer_6,7
ACCCATTTGTCCCTCT-1,Layer_3,2
ACCCGAGCGAAATTAC-1,WM,5
ACCCGATTGGTTCCGA-1,WM,5
ACCCGGAAACTCCCAG-1,Layer_6,7
ACCCGGATGACGCATC-1,Layer_3,2
ACCCGGTTACACTTCC-1,Layer_6,5
ACCCGTGTCATCAGTA-1,WM,5
ACCCTATAGGACTGAG-1,Layer_1,1
ACCCTATGCCATATCG-1,WM,5
ACCCTCCCTTGCTATT-1,Layer_5,6
ACCCTTCATCTGCGAA-1,Layer_3,2
ACCCTTTAGTTCTCCA-1,Layer_3,1
ACCGAAAGGGCCCTGC-1,Layer_2,1
ACCGAAGAGTCTGGTT-1,WM,5
ACCGACACATCTCCCA-1,Layer_6,7
ACCGACTGAGTCCCAC-1,Layer_6,7
ACCGATGGTAGCATCG-1,Layer_5,6
ACCGCAATAACTGCCT-1,Layer_5,6
ACCGCGGTGGAAGTCG-1,Layer_3,1
ACCGGGCCTTTGTTGA-1,Layer_3,2
ACCGGTCAGGTACACC-1,WM,5
ACCGGTCTGAGTACGG-1,Layer_1,3
ACCGTGACCACGTGGG-1,WM,5
ACCGTTCCCGCTCTGA-1,Layer_2,1
ACCTAAGTACCTTTCA-1,WM,5
ACCTAATCGACTTCCT-1,Layer_5,6
ACCTACAGTATGTGGT-1,Layer_2,1
ACCTACTATAAATCTA-1,Layer_6,7
ACCTCCGCCCTCGCTG-1,Layer_3,1
ACCTCCGTTATTCACC-1,Layer_2,1
ACCTCGAACTTATGCT-1,WM,5
ACCTGCGTGTCATGTT-1,Layer_6,7
ACCTTTCCTTTAGAAG-1,Layer_1,3
ACGAAATGGGCGGCAC-1,Layer_5,6
ACGACTGGTCATACTC-1,WM,5
ACGAGAACCCATCACG-1,Layer_1,3
ACGAGATATTTGCTTA-1,Layer_3,2
ACGAGGATACCACTCT-1,WM,5
ACGAGGTTTACAACGT-1,WM,5
ACGAGTACGGATGCCC-1,Layer_3,2
ACGATACATAGAACTA-1,Layer_4,6
ACGATCATACATAGAG-1,Layer_5,6
ACGATCATCTTGTAAA-1,Layer_3,2
ACGATGCATATGTTAT-1,Layer_6,7
ACGATGGATCCGATGC-1,Layer_3,2
ACGCAAACTAATAGAT-1,WM,5
ACGCAATCACTACAGC-1,Layer_3,1
ACGCATACGTTTACTA-1,Layer_3,2
ACGCATTCGTGAGTAC-1,Layer_6,7
ACGCCAGATGATTTCT-1,Layer_4,2
ACGCCCAGCTGTCGAT-1,Layer_1,3
ACGCCGCTAGACGACC-1,Layer_6,7
ACGCGAAGTCAGACGA-1,Layer_6,4
ACGCGCTACACAGGGT-1,Layer_6,7
ACGCGGGCCAAGGACA-1,Layer_6,7
ACGCTAGTGATACACT-1,Layer_3,2
ACGCTGTGAGGCGTAG-1,Layer_5,6
ACGCTTAGTGTCTCTC-1,Layer_2,1
ACGGAATTTAGCAAAT-1,Layer_2,1
ACGGACGCAGCGACAA-1,WM,5
ACGGACTCTCAAAGCG-1,Layer_5,6
ACGGAGCGCAAATTAC-1,Layer_2,1
ACGGATGGTGCGGATA-1,Layer_5,6
ACGGCACTTGCTTGGG-1,Layer_6,7
ACGGCCAACATGGACT-1,WM,5
ACGGCGACGATGGGAA-1,Layer_5,6
ACGGCGGGTTGCCCTG-1,Layer_1,1
ACGGCTGGATGTAGAA-1,WM,5
ACGGGAGTGTCGGCCC-1,WM,5
ACGGGTCATGTGACTT-1,Layer_1,1
ACGGTCACCGAGAACA-1,WM,5
ACGTACAGATTTCTCT-1,Layer_3,1
ACGTACTTTGGCACGG-1,WM,5
ACGTAGATTGCTGATG-1,Layer_6,7
ACGTATTACTCCGATC-1,Layer_4,2
ACGTCCTAAACGAGAT-1,Layer_1,3
ACGTGCGCCTCGTGCA-1,Layer_4,2
ACGTGGTCGAATGTGC-1,Layer_2,3
ACGTTAATGTCGAAGA-1,Layer_6,7
ACGTTAGATTTGCCCG-1,Layer_6,7
ACGTTCACTATGCCGC-1,WM,4
ACGTTCCGCGCTCCGT-1,Layer_2,1
ACGTTCGCAATCAATT-1,Layer_2,1
ACGTTCGTTCAGGAAA-1,WM,5
ACGTTCTGTACAAGTC-1,Layer_3,2
ACGTTTAGTTGTGATC-1,Layer_3,2
ACTAATACGTCAGGCG-1,Layer_2,1
ACTACATCCCGACAAG-1,WM,5
ACTACCAGCTCTCTGG-1,Layer_4,2
ACTACGCGTTAGAATT-1,Layer_6,7
ACTAGTTGCGATCGTC-1,Layer_3,1
ACTATATGCTGTGTTC-1,Layer_2,1
ACTATCCAGGGCATGG-1,Layer_3,2
ACTATCTGCCCGCGTA-1,Layer_2,1
ACTATGTCCAGCTGCC-1,WM,5
ACTATTCGTCCGTGGT-1,Layer_3,2
ACTATTTCCGGGCCCA-1,WM,5
ACTCAAGTGCAAGGCT-1,Layer_4,2
ACTCAATAAAGGCACG-1,Layer_5,6
ACTCAGACCTGCTTCT-1,Layer_1,3
ACTCATGGCAGCCTTC-1,WM,5
ACTCCAATATCATCAT-1,WM,5
ACTCCCATTCCTAAAG-1,Layer_6,7
ACTCCCGAATTCGTTT-1,Layer_3,2
ACTCCCTAATGCTAAA-1,Layer_6,7
ACTCCCTAGAATAGTA-1,Layer_6,7
ACTCGATGTATTTCAT-1,Layer_1,1
ACTCGCCGTTCGATAA-1,,1
ACTCGTAACCCGTCCT-1,WM,5
ACTCGTCAGTAATCCC-1,Layer_5,6
ACTCTCTGACTTAGGT-1,Layer_5,7
ACTCTCTTATACACGA-1,Layer_3,1
ACTCTTGTATAGTAAC-1,Layer_6,7
ACTGAAACGCCGTTAG-1,Layer_3,2
ACTGAATGGCGAAAGT-1,Layer_5,6
ACTGATTTAGTGATTC-1,Layer_2,1
ACTGCCCGCCATTCTC-1,WM,5
ACTGCCGTCGTAACTC-1,Layer_3,2
ACTGCTCGGAAGGATG-1,WM,5
ACTGTACGATACACAT-1,Layer_5,6
ACTGTAGCACTTTGGA-1,Layer_5,6
ACTGTATACGCGAGCA-1,Layer_1,3
ACTGTCCAGGATTATA-1,Layer_6,4
ACTGTCTTCTTTAGAA-1,Layer_6,7
ACTGTGCTAGTAGATC-1,Layer_1,3
ACTGTTTAGTGTAGGC-1,Layer_1,3
ACTTACCGGGCGCGCA-1,Layer_3,2
ACTTACGCATCCACGC-1,Layer_5,6
ACTTAGTACGACAAGA-1,Layer_2,1
ACTTATACTTACCCGG-1,Layer_5,6
ACTTATCTGATCTATA-1,Layer_1,1
ACTTATTAGGATCGGT-1,Layer_6,4
ACTTATTTATGTGCCA-1,Layer_5,6
ACTTCAGGCTGATCCC-1,Layer_5,6
ACTTCCATGCGGGACA-1,Layer_4,2
ACTTCGCCATACGCAC-1,Layer_5,6
ACTTGACTCCCTCTTT-1,Layer_6,7
ACTTGCCATATTGTAC-1,Layer_1,3
ACTTGGGACCCGGTGG-1,Layer_5,6
ACTTGTAGTCCCTTCA-1,Layer_5,7
ACTTGTGGATGGAACG-1,Layer_3,1
ACTTTACCCTCATGAA-1,Layer_3,2
ACTTTCCTATAGCTTC-1,Layer_6,6
ACTTTGACTGCATCCT-1,Layer_5,6
ACTTTGGTCGTGCTCC-1,WM,5
AGAAATTATGACTCGC-1,Layer_2,3
AGAACCCTCAATTGGG-1,WM,5
AGAACGTGGTACATTC-1,Layer_5,6
AGAAGAGCGCCGTTCC-1,Layer_5,6
AGAAGGTACACTTCAC-1,WM,5
AGAAGGTTGCCGAATT-1,Layer_6,7
AGAAGGTTGTAGGTCG-1,Layer_5,6
AGAAGTGATTCGTGAT-1,WM,5
AGAATAAATCTTCAGG-1,Layer_5,6
AGAATGCGGGTTCGGA-1,Layer_1,3
AGAATTATGGATTCGA-1,Layer_3,2
AGAATTGTTTGACATA-1,Layer_2,1
AGACATAGATCCTTCC-1,Layer_1,3
AGACCAAACCACACCT-1,Layer_6,5
AGACCATGGGATACAA-1,Layer_3,2
AGACCCACCGCTGATC-1,Layer_6,7
AGACCCGCCCTCCTCG-1,Layer_5,6
AGACCGCTCCGCGGTT-1,Layer_3,1
AGACCGGGAAACCCTG-1,Layer_5,7
AGACGAAGTGCCGGTC-1,Layer_3,2
AGACGACGATGCCGCT-1,WM,5
AGACGGGATTGGTATA-1,Layer_1,3
AGACGGGCCGATTTAA-1,Layer_1,3
AGACTAGCCTTCCAGA-1,Layer_5,6
AGACTGTTACCGGGTC-1,WM,5
AGAGAAACACCAGAAA-1,WM,5
AGAGAACCGTCTAGGA-1,Layer_4,6
AGAGAAGGAGTACAAT-1,WM,5
AGAGATCTCTAAAGCG-1,Layer_5,6
AGAGCAGTTATGAGAC-1,Layer_3,2
AGAGCCGCCGAGATTT-1,Layer_2,1
AGAGCGGGCTAATCAT-1,Layer_3,2
AGAGCGTACAAGCTCG-1,Layer_3,2
AGAGCTACGAAAGCAT-1,Layer_1,1
AGAGGCTTCGGAAACC-1,Layer_3,2
AGAGGTATCTCGGTCC-1,Layer_1,3
AGAGTAAACTTCACTA-1,Layer_3,2
AGAGTTAGAGACCGAT-1,Layer_1,3
AGATAACTTCAGGGCC-1,Layer_5,6
AGATACCAATAGAACC-1,Layer_2,1
AGATACCGGTGTTCAC-1,Layer_6,4
AGATACGACTTCATAT-1,Layer_3,1
AGATACTCAAGATCGA-1,Layer_5,6
AGATATAATACGACTA-1,Layer_5,6
AGATCGTGCATAAGAT-1,Layer_3,2
AGATCTCAGGTGTGAT-1,Layer_5,6
AGATGACTCGCCCACG-1,Layer_5,2
AGATGAGGGTTGCGAT-1,Layer_3,2
AGATGATGGAGTCTGG-1,Layer_3,2
AGATGCAAGACGTGCA-1,WM,5
AGATGCTATAACGAGC-1,Layer_1,1
AGATTATAGGACGTTT-1,Layer_6,4
AGATTCACAACCGATA-1,WM,5
AGCAAAGGCCGCTAGT-1,Layer_5,6
AGCAACATATCTTATT-1,Layer_4,2
AGCAACCGAAAGTAAT-1,WM,5
AGCACACGTTTAGACT-1,WM,5
AGCACCAGTACTCACG-1,Layer_5,7
AGCACTACCGGCCTGT-1,Layer_5,6
AGCACTACCTCACCAG-1,Layer_5,6
AGCACTTAAGGACGCC-1,Layer_5,6
AGCAGAAGGAGAAAGA-1,Layer_5,7
AGCAGCCAGATGAATA-1,Layer_6,4
AGCATATCAATATGCT-1,Layer_3,2
AGCATCATTTCGAAAG-1,WM,5
AGCATCGTCGATAATT-1,Layer_5,6
AGCATTACGAGGCAAG-1,,2
AGCCAAGCTTTGTGTC-1,Layer_6,7
AGCCACAGGTTACCCG-1,Layer_3,2
AGCCACTCCCGTGCTT-1,Layer_5,6
AGCCATATAGTATGTG-1,Layer_6,7
AGCCCATACATGTAAG-1,Layer_6,7
AGCCCGCAACAAGCAG-1,Layer_6,7
AGCCCGGCATTAGAGG-1,WM,5
AGCCCGGTAGCCTGTA-1,WM,5
AGCCCTAAGCGAAGTT-1,Layer_3,2
AGCCCTCCCTGGTGGC-1,WM,5
AGCCCTTCTAATCCGA-1,Layer_3,1
AGCCGTGGCTAAATGT-1,WM,5
AGCCTAATACCCACGT-1,WM,5
AGCCTTAAAGCGGAAG-1,Layer_3,1
AGCGACAGGAACGGTC-1,WM,5
AGCGACATCCCATTCA-1,Layer_4,2
AGCGACCAACGATATT-1,Layer_5,6
AGCGAGACGTGAAGGC-1,WM,5
AGCGATGCGCCTAATA-1,Layer_3,1
AGCGCATAATGAATCG-1,WM,4
AGCGCGGGTGCCAATG-1,Layer_3,2
AGCGCTTATGGGCAAG-1,Layer_2,1
AGCGGACACTTCGTAG-1,Layer_6,7
AGCGGCGGTTAGCGGT-1,Layer_6,5
AGCGGGAAGGGTCCAT-1,Layer_2,1
AGCGGGTCTGACACTC-1,Layer_6,7
AGCGGTTGAGATGTAC-1,Layer_1,3
AGCGTACGAGAGCTAG-1,Layer_1,1
AGCGTAGCGCTAGACC-1,Layer_1,3
AGCGTGGTATTCTACT-1,Layer_6,7
AGCGTTCCGATTTAAA-1,Layer_1,3
AGCTAACAAGCAATGT-1,WM,5
AGCTAAGTACGCAGGC-1,Layer_4,2
AGCTAGAAGCAGAAGT-1,Layer_3,2
AGCTATTTAATCCAAC-1,Layer_3,2
AGCTCCATATATGTTC-1,Layer_3,1
AGCTCCTTCGCACATC-1,Layer_5,6
AGCTCTAGACGTTCCA-1,Layer_6,7
AGCTCTTCCCAGTGCA-1,Layer_3,2
AGCTCTTCGTAACCTT-1,Layer_3,2
AGCTCTTTACTCAGTT-1,Layer_6,7
AGCTGAAGTAAACCAA-1,Layer_4,2
AGCTGTAACCTCAATC-1,WM,5
AGCTTATAGAGACCTG-1,Layer_1,3
AGCTTCAATACTTTGA-1,Layer_1,3
AGCTTGATCAGGGTAG-1,WM,5
AGCTTGATCTTAACTT-1,Layer_6,7
AGGAAGCTGTCCGCCG-1,Layer_6,7
AGGACAGTCGAATCCC-1,Layer_5,6
AGGACATCGCACGTCG-1,Layer_3,1
AGGACGACCCATTAGA-1,WM,5
AGGACGCTCGATGTTG-1,Layer_3,2
AGGAGGCCTTCGCGCG-1,Layer_3,2
AGGATAAAGTCGGGAT-1,Layer_6,7
AGGATATAGGGATTTA-1,Layer_4,2
AGGATCACGCGATCTG-1,Layer_6,7
AGGCAAAGAGGAATCA-1,Layer_1,1
AGGCACGTGACTGTCC-1,Layer_2,3
AGGCAGATGCGTAAAC-1,Layer_5,6
AGGCAGGGAGCGTACT-1,WM,5
AGGCATTGTCGTAGGG-1,Layer_3,2
AGGCCACCCGTTATGA-1,Layer_5,6
AGGCCCAGTGACTGGT-1,Layer_1,1
AGGCCCATTGTACAGG-1,Layer_3,2
AGGCCCTAGAACGCCA-1,Layer_6,4
AGGCCTGAGAATCTCG-1,Layer_4,2
AGGCGGTTTGTCCCGC-1,WM,5
AGGCTATGGTTAGCTT-1,Layer_3,2
AGGCTTCCCGAAGAAG-1,WM,5
AGGCTTGCTAGACACC-1,Layer_3,1
AGGGAAACGAGGTACT-1,Layer_3,2
AGGGACAGCACGGCGG-1,Layer_1,3
AGGGACCGGCTGCGTT-1,Layer_3,1
AGGGACTCTACGCGAC-1,WM,5
AGGGAGACATACTTCG-1,Layer_2,1
AGGGCAGCGGCGTGGT-1,Layer_3,1
AGGGCGAGCAGCTGAT-1,Layer_6,7
AGGGCGTGATCGGCTA-1,Layer_3,2
AGGGCTGCAGTTACAG-1,Layer_6,7
AGGGTCAGAGCACTCG-1,WM,5
AGGGTCGATGCGAACT-1,Layer_4,2
AGGGTGCCGTTCTTTA-1,WM,5
AGGGTGCTCTCGAGGG-1,Layer_4,6
AGGGTGGATAGTGCAT-1,Layer_3,2
AGGGTTCAGACGGTCC-1,WM,5
AGGGTTCCCTTTGGTT-1,Layer_5,6
AGGGTTTAGTTCGGGA-1,Layer_6,7
AGGTAACCTCCTATTC-1,Layer_3,1
AGGTACGATATTGCCA-1,Layer_3,2
AGGTAGATCGAGATAT-1,WM,5
AGGTAGGTACAAAGCT-1,Layer_5,6
AGGTATAATTGATAGT-1,Layer_3,1
AGGTCAGGTGAGAGTG-1,Layer_6,7
AGGTCGCCACTTCGGT-1,Layer_1,1
AGGTCGCGGAGTTACT-1,Layer_3,2
AGGTGGTGACCTTCGC-1,Layer_6,7
AGGTGTATCGCCATGA-1,Layer_5,6
AGGTTACACCATGCCG-1,Layer_2,1
AGGTTCTCCTTTCCGG-1,WM,5
AGGTTGAGGCACGCTT-1,Layer_5,6
AGGTTTCACACACCTT-1,Layer_6,7
AGTAACGTTCATCCTG-1,Layer_2,1
AGTAAGGGACAGAATC-1,,2
AGTAATGTCTTGCCGC-1,Layer_3,2
AGTAATTTGCAAGCGT-1,WM,5
AGTACATCATTTATCA-1,Layer_3,1
AGTACCTTCGAGTGCT-1,,3
AGTACGGCCCGTATCG-1,Layer_4,2
AGTACGGGCACCTGGC-1,Layer_5,6
AGTACGTGGCCTGTCT-1,Layer_3,1
AGTACTCTTATGCCCA-1,Layer_4,2
AGTAGAAGGCGCCTCA-1,Layer_6,7
AGTAGCGTGAACGAAC-1,Layer_1,3
AGTAGGAAGGAAGTTG-1,Layer_3,2
AGTAGGTAACATACAT-1,Layer_3,2
AGTATAATACTAGGCA-1,Layer_3,2
AGTATACACAGCGACA-1,WM,5
AGTATCCATAATAACG-1,Layer_1,3
AGTATGCTGGAGACCA-1,WM,5
AGTATTTGGCACGACC-1,WM,5
AGTCAAATGATGTGAT-1,WM,5
AGTCAACACCACCATC-1,Layer_6,7
AGTCAAGATGACACTT-1,Layer_4,6
AGTCACTAGCTCTCGA-1,Layer_3,2
AGTCACTCCGCCTCAT-1,Layer_1,3
AGTCAGCCACCGCCTG-1,Layer_2,1
AGTCCATTGGCTGATG-1,Layer_3,2
AGTCCCGCCTTTAATT-1,Layer_3,2
AGTCGACGGTCTCAAG-1,Layer_5,6
AGTCGGCCCAAACGAC-1,Layer_4,2
AGTCGGCTCAACTTTA-1,WM,7
AGTCGGTTGCGTGAGA-1,Layer_3,1
AGTCGTATAAAGCAGA-1,Layer_4,6
AGTCGTCGACCACCAA-1,Layer_3,2
AGTCGTGGGCATTACG-1,WM,5
AGTCTAAAGTATACTC-1,Layer_2,1
AGTCTCACAAGACTAC-1,WM,5
AGTCTGGACATCCTTG-1,Layer_2,1
AGTCTTCTCCTCAAAT-1,Layer_5,6
AGTCTTTAAAGTGTCC-1,Layer_5,6
AGTGAACAAACTTCTC-1,Layer_3,2
AGTGACCTACTTTACG-1,WM,5
AGTGACTGTGACACAA-1,WM,5
AGTGAGACTTCCAGTA-1,Layer_5,6
AGTGAGCCTCGCCGCC-1,Layer_3,2
AGTGAGGGTTTCTGAC-1,Layer_3,1
AGTGAGTCGAATTAAC-1,,1
AGTGATAACCTGCGCG-1,Layer_4,2
AGTGATATGAGTAGTT-1,WM,5
AGTGATTCAAGCAGGA-1,Layer_5,6
AGTGCACGCTTAAGAA-1,Layer_3,2
AGTGCGTAGCTCGTAA-1,WM,5
AGTGCTAAACACAGCA-1,Layer_3,2
AGTGCTTGCACGAATA-1,Layer_5,6
AGTGGCGGCAATTTGA-1,Layer_3,2
AGTGGCGTCTGAAGGT-1,Layer_4,2
AGTGGCTCCGTCGGCC-1,Layer_5,6
AGTGGTGTTACCCGTG-1,Layer_6,4
AGTGTATTGCGCATTG-1,Layer_3,2
AGTGTGCTAAGATCGC-1,Layer_1,1
AGTGTGGTCTATTGTG-1,Layer_3,1
AGTTAAACACTTGCGA-1,Layer_6,4
AGTTAAGCGGTCCCGG-1,Layer_3,2
AGTTAAGTCAACCGCT-1,WM,5
AGTTACCGCACATGGT-1,Layer_3,2
AGTTACTCTATCGTGG-1,Layer_3,2
AGTTATTGAAAGGTAA-1,Layer_1,3
AGTTCCTACAGAATTA-1,Layer_5,7
AGTTCCTATTTATGTT-1,Layer_6,7
AGTTCTGCGTTGTATC-1,Layer_1,3
AGTTGACATCGGCTGG-1,Layer_1,3
AGTTGACGGTCCTTGC-1,Layer_6,7
AGTTGCGGTCCTCAAC-1,WM,5
AGTTGCTGACTGATAT-1,Layer_1,1
AGTTGGCAAGGCTAGA-1,,2
AGTTTCGCAGGTCGGA-1,Layer_3,2
AGTTTGCACCTGCCTC-1,Layer_5,6
AGTTTGGCACGGGTTG-1,Layer_3,2
AGTTTGGCCAGACCTA-1,WM,5
ATAAACCATTGGACGG-1,Layer_1,3
ATAAACGGACCCGTAA-1,Layer_6,4
ATAAACGTTGCACCAC-1,Layer_3,1
ATAAAGGCTCGGTCGT-1,Layer_6,7
ATAAAGGTCAAGTACG-1,Layer_3,1
ATAAATATTAGCAGCT-1,Layer_5,6
ATAACGCCGGAGGGTC-1,Layer_5,6
ATAACGGAGTCCAACG-1,Layer_5,6
ATAAGGTGGAGAACAT-1,Layer_6,7
ATAAGTAGGATTCAGA-1,Layer_3,2
ATAAGTAGGGCGACTC-1,Layer_3,2
ATAAGTTACCGCGACG-1,WM,5
ATAATACCGTTAGCCG-1,Layer_1,1
ATAATAGCTGTTGAAT-1,Layer_6,4
ATAATAGTGTAGGGAC-1,Layer_3,1
ATAATCTTGGAGAACC-1,Layer_5,6
ATAATTAGCTAAGTAG-1,Layer_6,7
ATACAGGCCCTCCAAT-1,Layer_6,6
ATACCACGGGCAACTT-1,Layer_5,6
ATACCAGCAAATTGCT-1,Layer_1,3
ATACCAGGCTAATAGA-1,Layer_2,1
ATACCAGGTGAGCGAT-1,Layer_1,3
ATACCTAACCAAGAAA-1,Layer_6,7
ATACGCCGATCTACCG-1,Layer_1,1
ATACGCCGGCGAAACC-1,Layer_5,6
ATACGGAACGTCGTTT-1,WM,5
ATACGGGTTTCGATTG-1,Layer_4,6
ATACGGTGAAGATGCA-1,Layer_3,2
ATACGTACTTAGCCAC-1,Layer_5,6
ATACGTCCACTCCTGT-1,Layer_4,2
ATACGTTATGCACGGA-1,Layer_6,7
ATACTACCCGTACCAC-1,Layer_3,1
ATACTAGCATGACCCT-1,Layer_5,6
ATACTGCCTTACACCG-1,Layer_5,2
ATAGACAACGGGACCT-1,Layer_4,2
ATAGACGAAGAGAAAG-1,Layer_6,7
ATAGAGTACTGGGACA-1,Layer_5,6
ATAGAGTTATCAACTT-1,Layer_4,2
ATAGATTTGCAGTCGG-1,Layer_1,3
ATAGCAACTAGGGAAG-1,Layer_3,2
ATAGCCTCAGTACCCA-1,Layer_2,1
ATAGCTGCTCTTGTTA-1,Layer_1,1
ATAGGCGGCTATAGAA-1,Layer_6,4
ATAGGCTAGCTTCGCA-1,Layer_3,2
ATAGGGATATCCTTGA-1,Layer_5,6
ATAGGTTGGGCAGATG-1,Layer_6,7
ATAGTCTTTGACGTGC-1,Layer_3,1
ATAGTGAAGCGTTCTC-1,Layer_6,4
ATAGTTCCACCCACTC-1,Layer_3,2
ATATAAAGCGCTCGTG-1,Layer_6,7
ATATAAATGTAGCTGC-1,Layer_6,6
ATATAACACGGGCGCA-1,Layer_3,2
ATATACGCTCGTGACG-1,Layer_3,1
ATATAGAGTATTGGTC-1,WM,5
ATATCAACCTACAGAG-1,Layer_3,2
ATATCGGTAGGGAGAT-1,Layer_3,1
ATATCGTGCCAGACCC-1,Layer_2,1
ATATCGTTCCTCGAAC-1,Layer_3,2
ATATCTCCCTCGTTAA-1,Layer_3,2
ATATCTTAGGGCCTTC-1,Layer_6,7
ATATGTCTCCCTAGCC-1,Layer_4,2
ATATTCAGTTAAACCT-1,WM,5
ATATTCCACATAGTGA-1,Layer_5,6
ATATTCCCACAGGTCA-1,Layer_3,1
ATATTGCTGTCAAAGT-1,Layer_3,1
ATATTTAACCCTCAAG-1,Layer_6,7
ATCAAACACTGTTCCA-1,Layer_3,1
ATCAAACGAAGGTTTG-1,WM,5
ATCAATCTGGGCTGCA-1,Layer_6,7
ATCAATGCCGTGGCTG-1,WM,5
ATCACATTAGAATATC-1,Layer_4,2
ATCACGTGCTAATTAA-1,WM,5
ATCACTTCATCCTCGC-1,Layer_5,6
ATCAGACGGCACGCCG-1,WM,5
ATCAGCCTCATGCTGC-1,Layer_4,2
ATCAGCTCGTCCACTA-1,Layer_6,7
ATCAGGTCGCCATTGC-1,Layer_3,1
ATCAGTAGGCAGGGAT-1,Layer_4,2
ATCATAGATCGACGAG-1,WM,4
ATCATAGCCCTATGTA-1,Layer_3,1
ATCATCCAATATTTGT-1,Layer_6,4
ATCATCTGCCCAGTGT-1,Layer_2,1
ATCCAACGCAGTCATA-1,Layer_4,2
ATCCAATGGAGGGTCC-1,Layer_6,7
ATCCACATCGACAGAA-1,Layer_5,6
ATCCACGCTAAATGTT-1,Layer_3,1
ATCCAGAGCAACAACC-1,WM,5
ATCCAGGATTCGTGAA-1,Layer_6,4
ATCCCATCCACAGCGC-1,WM,5
ATCCTACCTAAGCTCT-1,WM,5
ATCCTGAATCGCTGCG-1,Layer_5,6
ATCCTGCGTGGAATGG-1,WM,5
ATCCTGCTGCAGATAG-1,Layer_1,3
ATCGACCCAATACAGA-1,Layer_6,4
ATCGACTCTTTCCGTT-1,Layer_5,6
ATCGCACGATTGTTCA-1,Layer_1,1
ATCGCACGCCGGGAGA-1,Layer_5,6
ATCGCCAGTCAACATT-1,Layer_3,1
ATCGCTGCGTGCAGCA-1,Layer_2,1
ATCGGAGACAGACGGC-1,Layer_5,6
ATCGGCAAGCAGTCCA-1,Layer_3,2
ATCGTCCAATCGAGTC-1,Layer_1,1
ATCGTGGAAAGTCTGG-1,WM,5
ATCGTTAGCTAGCGGA-1,Layer_3,1
ATCGTTCACTTTCGCC-1,Layer_3,1
ATCTAATATCCTACGG-1,Layer_6,7
ATCTAGCTTGTGAGGG-1,Layer_6,7
ATCTCCCACGGAATAT-1,Layer_3,1
ATCTCCCTGCAATCTA-1,Layer_3,2
ATCTCGTGAGCGAAAC-1,Layer_2,1
ATCTGACATGGAAGGA-1,WM,5
ATCTGATAGTGTCTTA-1,Layer_1,1
ATCTGCACCTCTGCGA-1,Layer_3,2
ATCTGCTGTTATCGCC-1,Layer_6,7
ATCTGGGCTGTTCTTG-1,Layer_6,6
ATCTGGTTAAGACTGT-1,Layer_5,6
ATCTGTAATTGTACCC-1,Layer_3,2
ATCTTAGGGCATTAAT-1,WM,5
ATCTTATCGCACACCC-1,Layer_3,1
ATCTTGACCTGCAACG-1,Layer_5,6
ATCTTGACTTGTCCAA-1,Layer_3,1
ATGAAGCCAAGGAGCC-1,Layer_4,2
ATGACGCCGGCTCTAA-1,Layer_3,2
ATGACGCGTTCTATCC-1,WM,5
ATGACTATCAGCTGTG-1,WM,5
ATGACTATGCGACATT-1,Layer_5,6
ATGAGGAGTGTTAATC-1,Layer_4,2
ATGATCGGGAATAGAC-1,Layer_3,2
ATGATGCAATGGTACA-1,WM,5
ATGCACGCGCTGTTCA-1,WM,5
ATGCACTACCGCATTG-1,Layer_5,6
ATGCATGATCCAGGAT-1,Layer_5,6
ATGCATTCCGTGATGG-1,Layer_1,3
ATGCCAATCGCTCTGC-1,Layer_2,1
ATGCCATTTGCGACCA-1,Layer_5,6
ATGCCGGTCTTGCATA-1,Layer_5,6
ATGCCGGTTGATGGGA-1,Layer_3,2
ATGCGACAATTGGTCC-1,Layer_1,3
ATGCGACAGTCCCATT-1,Layer_6,7
ATGCGAGTCCCACCAC-1,Layer_3,2
ATGCTCAGTGTTGCAT-1,Layer_3,2
ATGCTCTGGCGCGGTA-1,Layer_5,6
ATGCTTAGGAGTTGAT-1,Layer_2,1
ATGGAAATTTAAGGAG-1,WM,5
ATGGACTGCTTAGTTG-1,WM,4
ATGGAGCAGGCCGTGA-1,Layer_6,7
ATGGATCCGGCGTCCG-1,Layer_4,2
ATGGATTGACCAAACG-1,Layer_5,6
ATGGCAGCATTACGAT-1,WM,5
ATGGCTGGAAATGGCC-1,Layer_3,1
ATGGGAACGGAAGCGG-1,Layer_2,1
ATGGGACCTGCTGAAC-1,WM,5
ATGGGCCTCGGCCTCT-1,Layer_4,2
ATGGGTGTATACCTCC-1,WM,5
ATGGTATTTACTGATT-1,WM,5
ATGGTCGCGTGGTTTC-1,Layer_5,6
ATGGTGCTCAAAGCCA-1,Layer_1,3
ATGTAAGGCTGCTCTT-1,Layer_2,1
ATGTACATGCGGTGAG-1,,1
ATGTACGATGACGTCG-1,Layer_6,7
ATGTAGCGCGCGTAGG-1,Layer_5,6
ATGTGAAAGCCTAATG-1,Layer_6,7
ATGTGCATCCGACGCA-1,Layer_5,6
ATGTGGACATCTTGAT-1,Layer_6,7
ATGTGTAGTTTAGTCA-1,Layer_1,3
ATGTTACGAGCAATAC-1,Layer_2,1
ATGTTCCTGCCCACCT-1,Layer_1,1
ATGTTCGTCGACCCAC-1,Layer_4,2
ATGTTGTAGTCTGTTT-1,WM,5
ATTAAACATGCGGACC-1,Layer_6,4
ATTAATACTACGCGGG-1,Layer_5,6
ATTAATGAACCAGTCG-1,Layer_5,6
ATTAATTCGGTCACTC-1,Layer_3,2
ATTACAACTACCGGCC-1,Layer_3,2
ATTACATGTCAGTCTT-1,Layer_3,1
ATTACCACACTGCCTG-1,Layer_2,1
ATTACGCGCTGGCAGG-1,Layer_6,7
ATTACTAGCCTCTTGC-1,Layer_3,2
ATTACTTACTGGGCAT-1,Layer_3,2
ATTAGATTCCTCAGCA-1,Layer_3,1
ATTAGATTGATAGCGG-1,Layer_4,2
ATTAGGCGATGCTTTC-1,Layer_6,7
ATTATACTTTGCTCGT-1,Layer_4,2
ATTATAGCTACTTTAC-1,Layer_2,1
ATTATCGGAATGTACG-1,Layer_6,7
ATTATCTCGACAGATC-1,Layer_2,1
ATTATGAGACCCAATT-1,WM,5
ATTATGCCATAGGGAG-1,Layer_5,6
ATTATTATGTCCGTCA-1,WM,5
ATTATTCAGAGTCACT-1,Layer_3,2
ATTCAACCATTTAAGG-1,Layer_3,1
ATTCACTGATGTTGGA-1,Layer_6,7
ATTCAGGACCTATTTC-1,Layer_3,2
ATTCAGGATCGCCTCT-1,Layer_1,3
ATTCAGTAGCAGGGTC-1,Layer_3,2
ATTCATATACTGTCCA-1,Layer_6,4
ATTCATCGTTGAGGCA-1,Layer_3,2
ATTCCCACATAAACAA-1,Layer_3,2
ATTCCTAAGACGTGGA-1,Layer_2,1
ATTCCTCCGCCAGTGC-1,Layer_4,2
ATTCCTTCCAGGCGGT-1,Layer_1,1
ATTCGACGCCGGGCCT-1,Layer_5,6
ATTCGCGCCTTGAGAG-1,Layer_3,1
ATTCGTGCTATCTCTT-1,Layer_3,1
ATTCTCGTCTCTTTAG-1,Layer_3,1
ATTCTGAGTATGAACT-1,Layer_3,1
ATTCTTCGTACTTATG-1,Layer_3,1
ATTGAAGATCTTAGTG-1,Layer_5,7
ATTGACGTAACTCGGT-1,Layer_3,1
ATTGATAGCAACGAGA-1,Layer_1,3
ATTGATCACCACATTT-1,WM,5
ATTGATGAGTCCTAAC-1,Layer_3,2
ATTGCCTATTAGACCG-1,WM,5
ATTGCCTTTATGTTTG-1,Layer_4,2
ATTGCGATCAGTAACT-1,Layer_3,2
ATTGCTGCTCCTCCAT-1,Layer_6,7
ATTGGATTACAGCGTA-1,Layer_3,2
ATTGGGAATATCTTGG-1,Layer_3,1
ATTGTACAACTCGGCT-1,Layer_3,2
ATTGTCGCAATACCTT-1,Layer_3,2
ATTTAACTCGTATTAC-1,Layer_3,2
ATTTACAGTTTACTGG-1,Layer_5,6
ATTTACTAAGTCCATT-1,Layer_3,1
ATTTCATTATTTCGCG-1,Layer_3,2
ATTTCCGGGTTCTGCG-1,WM,5
ATTTGCCTAGTTACGA-1,Layer_1,3
ATTTGCGCGAGTAGCT-1,WM,5
ATTTGTCTTGGGAGCT-1,Layer_5,6
ATTTGTTCCAGGGCTC-1,Layer_4,6
CAAACCCTCCGGCGGG-1,Layer_5,7
CAAACGAGTATCGCAG-1,WM,5
CAAACGGTCGCACTTT-1,Layer_5,6
CAAACGTGGTCTTGCG-1,Layer_2,1
CAAACTACGATAGAGA-1,Layer_3,2
CAAACTATTGAGCTTC-1,Layer_3,2
CAAACTCGCGACGCCG-1,Layer_3,1
CAAAGATTATTGGGCC-1,WM,5
CAAAGTCAGGTTAGCT-1,Layer_1,3
CAAATCTCTCACAAGG-1,Layer_6,4
CAAATGCGGAGTGTTC-1,Layer_1,3
CAAATGTCCTTCCGTG-1,WM,5
CAAATTGTCAGCAAGC-1,Layer_3,2
CAACAGAATAACGCTA-1,Layer_1,3
CAACAGTGCCAAACGG-1,Layer_1,3
CAACATGGCCTGATAA-1,Layer_1,1
CAACCGCACCTAGACA-1,Layer_1,1
CAACCTACCGAGCAGT-1,Layer_3,1
CAACGACCCGTTTACA-1,Layer_4,2
CAACGCGATGAGCCAA-1,WM,4
CAACGGTTCTTGATAC-1,Layer_3,1
CAACGTGGTGGAGTCT-1,Layer_2,1
CAACTATATCGAATGC-1,Layer_3,2
CAACTCCAACGTTTAG-1,Layer_2,1
CAACTCCTTGATCCCG-1,Layer_3,2
CAACTGCTCATCCGAT-1,Layer_6,4
CAACTTGTAGTGGGCA-1,Layer_1,3
CAAGAGGGCGGAGTAC-1,Layer_6,7
CAAGATATTATAACGT-1,Layer_5,6
CAAGCAACGTCGGAGT-1,Layer_5,6
CAAGCACCAAATGCCT-1,Layer_4,2
CAAGCGGCACATAATT-1,Layer_6,7
CAAGGATCGCATGTTC-1,Layer_6,7
CAAGGCCAGTGGTGCA-1,Layer_3,1
CAAGGTCCTATAGGCT-1,Layer_3,1
CAAGTAAGTGATAGAC-1,Layer_6,4
CAAGTGAACTTTGGTT-1,Layer_1,3
CAAGTGTGGTTGCAAA-1,Layer_4,2
CAATAAACCTTGGCCC-1,Layer_5,6
CAATACGCTCTGAGGC-1,Layer_5,6
CAATATTCTTGACCTA-1,WM,5
CAATATTGGACTAGTG-1,Layer_1,1
CAATCCCTATACCAGC-1,Layer_3,2
CAATCCTGCCGTGGAG-1,Layer_1,3
CAATGCGAGAAGTATC-1,Layer_5,6
CAATGGAATCTACATA-1,Layer_3,2
CAATGGATCTCTACCA-1,Layer_5,6
CAATGGTCGGCCTGGG-1,Layer_1,1
CAATTAAGGGTGATGA-1,Layer_6,7
CAATTTCGTATAAGGG-1,Layer_6,7
CAATTTGACCGGGAAG-1,Layer_1,1
CACAAGCTAAGAAAGG-1,WM,5
CACAATGAGCTGCTAT-1,Layer_6,5
CACACACGCTAACGAG-1,Layer_3,2
CACACAGCTTGCGCTC-1,Layer_2,1
CACACAGGGATAGATT-1,Layer_3,2
CACACGCGCTGTCTTA-1,Layer_5,6
CACACGTTTCAATGGG-1,Layer_3,1
CACAGAGACGAGGACG-1,WM,5
CACAGCACCCACGGCA-1,Layer_6,7
CACAGCTAGGGAGTGA-1,Layer_5,6
CACAGGGCCATATAGT-1,Layer_3,2
CACAGGGCCGTTGTCA-1,Layer_6,7
CACAGTCCCGCTTCGC-1,Layer_2,1
CACAGTTCGCTTCCCA-1,Layer_2,1
CACATAAGGCGACCGT-1,Layer_1,1
CACATATTAGCAGGAT-1,Layer_6,7
CACATCGTGCACGCGC-1,WM,5
CACATCTCACCGACGA-1,Layer_5,6
CACATGATTCAGCAAC-1,Layer_6,7
CACATGTTTGGACATG-1,Layer_1,1
CACATTCTTTCGATGG-1,Layer_3,2
CACATTTCTTGTCAGA-1,Layer_3,1
CACCAGTCAGCATGCA-1,WM,5
CACCATCGGAGGAGAC-1,Layer_3,2
CACCCAAATCTTATGT-1,Layer_3,2
CACCCACACGTCACCC-1,Layer_3,1
CACCCACGAGGCAATT-1,Layer_3,2
CACCCGGTTTGTGACT-1,WM,5
CACCCTAACAAGATCT-1,Layer_5,6
CACCCTTGGTGAGACC-1,WM,5
CACCCTTTCCTCGCTC-1,Layer_1,3
CACCGATACACCGAGC-1,Layer_3,2
CACCGCCAGAAGGTTT-1,Layer_5,6
CACCGCCGACCAGCGA-1,Layer_3,1
CACCGCGTCCACTCTA-1,Layer_3,1
CACCGGAGATATCTCC-1,Layer_2,1
CACCGGTAGAGACATT-1,WM,5
CACCGTATCCCATCCG-1,Layer_3,1
CACCGTTAGGGATCAC-1,WM,5
CACCGTTGCGCGATAT-1,WM,5
CACCTAATAGAGTCGT-1,Layer_2,1
CACCTAATCAGTTTAC-1,Layer_5,6
CACCTCGATGGTGGAC-1,Layer_4,2
CACCTTGCGAAACTCG-1,Layer_5,6
CACCTTGGCGCCTTTG-1,Layer_3,2
CACGAAAGTTAGTCCC-1,Layer_5,6
CACGACTAAAGTTCTG-1,Layer_1,3
CACGATTGGTCGTTAA-1,Layer_1,3
CACGCACAGCGCAGCT-1,Layer_5,6
CACGCAGCGAGGCTTT-1,Layer_5,6
CACGCGGAACTGTTGC-1,Layer_3,2
CACGGCGCGCCAAAGG-1,Layer_3,1
CACGGGATTGAGGGTT-1,Layer_3,2
CACGTCGGCAACCTCT-1,WM,5
CACGTCTATGATGTGG-1,Layer_2,1
CACGTTCGTGCTCTAG-1,Layer_5,6
CACGTTTCGTACACAC-1,Layer_4,2
CACTAAAGTTGCCTAT-1,Layer_6,7
CACTACGGGAGCTGCC-1,Layer_3,1
CACTACTCAGTTCTGT-1,Layer_3,1
CACTCAAGAGCTATGG-1,Layer_6,4
CACTCAGCTCTTGAGG-1,Layer_3,2
CACTCCTATGTAAGAT-1,WM,5
CACTCCTCTCGGTCGG-1,Layer_3,2
CACTCGAGCTGAACAA-1,Layer_6,7
CACTCGGTTAGGAGGA-1,Layer_4,2
CACTCTCAAGCATCGA-1,WM,5
CACTCTTCTGCTAGCC-1,Layer_3,2
CACTGACGATTGTGGA-1,WM,4
CACTGTCCAAGTGAGA-1,Layer_3,2
CACTTAATCAGACGGA-1,Layer_6,7
CACTTCGCCACAGGCT-1,Layer_3,2
CACTTCGTCTTATCTC-1,Layer_1,3
CAGAACTTAGCCCTCT-1,Layer_5,6
CAGAATAACACACGGA-1,Layer_3,1
CAGACACCGATCGCTG-1,WM,5
CAGACCTGTAAGTGTT-1,Layer_3,2
CAGACGAACCTGATAC-1,WM,5
CAGAGACGGTCACCCA-1,Layer_6,4
CAGAGCATGAGCTTGC-1,Layer_5,6
CAGAGGCGATGCATGA-1,WM,5
CAGAGTGATTTAACGT-1,Layer_3,2
CAGATAATGGGCGGGT-1,Layer_3,1
CAGATACTAACATAGT-1,Layer_5,6
CAGATATGAAGATGAC-1,WM,5
CAGATCATTTAAAGTC-1,Layer_3,1
CAGATCCTGGTTTGAA-1,WM,5
CAGCAGCCCGTTCCTT-1,Layer_5,6
CAGCAGTCCAGACTAT-1,Layer_3,2
CAGCAGTCTGTGCTGC-1,Layer_5,6
CAGCCCTCACAGGCAG-1,Layer_1,3
CAGCCGGGCCCTCTAT-1,Layer_3,1
CAGCCTCCTGCAGAGG-1,Layer_5,6
CAGCCTCTCCTCAAGA-1,Layer_3,2
CAGCGATTCCCTTCAA-1,WM,5
CAGCTCACTGAGACAT-1,Layer_6,7
CAGCTCGACAAGTTAA-1,Layer_4,6
CAGCTCGTGCTTGTGT-1,Layer_3,1
CAGCTGGCGTAACCGT-1,WM,7
CAGCTTAGTAGGTAGC-1,Layer_5,6
CAGGAAGACTTTATAT-1,Layer_3,2
CAGGATATATCGTTGT-1,Layer_6,4
CAGGATCCGCCCGACC-1,Layer_1,3
CAGGCAGTCTTACCAG-1,Layer_4,2
CAGGCCAGTACCACCT-1,WM,5
CAGGCCGTTTGGGTGT-1,Layer_6,7
CAGGCGCACGGTGGTC-1,WM,5
CAGGCGCCATGCTAGG-1,Layer_6,7
CAGTAATCCCTCCCAG-1,Layer_3,2
CAGTACATTCTCTAAA-1,Layer_3,2
CAGTACCAGTTTACGT-1,Layer_6,4
CAGTAGCCCACGCGGT-1,Layer_3,2
CAGTAGCGAGGTAGTA-1,Layer_1,1
CAGTCGAGGATGCAAT-1,Layer_3,2
CAGTCTCTCGGCTAAT-1,Layer_1,3
CAGTCTGTATACTGGG-1,Layer_6,7
CAGTGAATAAATGACT-1,Layer_5,6
CAGTGGTTGCACATGA-1,Layer_2,3
CAGTGTCCGCAGAATG-1,Layer_3,1
CAGTGTCGGCTGGCCC-1,Layer_4,2
CAGTGTTAATCTCTCA-1,WM,5
CAGTTCAAATTGACAC-1,Layer_5,7
CAGTTCCGCGGGTCGA-1,Layer_3,2
CAGTTCGAGGACCCGA-1,Layer_6,7
CATAACGGACAGTCGT-1,Layer_4,2
CATAAGAAGCTTGGCT-1,Layer_6,6
CATAAGCTCTCCGTCT-1,Layer_5,7
CATAATGAGCGGGCGA-1,Layer_1,3
CATACAAAGCCGAACC-1,Layer_2,3
CATACCCGTACCCAGT-1,Layer_5,7
CATACGAACTAGCTGG-1,WM,5
CATACGGCGTCTGGGC-1,Layer_6,4
CATACGGGTGCATGAT-1,Layer_1,1
CATACTATGTAATTGT-1,Layer_6,7
CATACTTAGGCAATAC-1,Layer_2,1
CATACTTCTTTCTCCG-1,Layer_6,7
CATAGCCGCCCGGGAT-1,Layer_3,2
CATAGCGTTGCCCACC-1,WM,5
CATAGTACATTGAGAG-1,Layer_3,2
CATAGTAGCATAGTAG-1,Layer_3,2
CATAGTCAAATACATA-1,Layer_3,2
CATAGTCCACAAGAAC-1,Layer_6,4
CATATACTACTGATAA-1,Layer_3,1
CATATAGGTACAGTCA-1,Layer_6,4
CATATGTCAGGCTACG-1,WM,5
CATATTATTTGCCCTA-1,Layer_3,2
CATCAACACCTACTAA-1,Layer_1,1
CATCATCTACCCGGAC-1,Layer_3,2
CATCATTACCCTGAGG-1,Layer_3,2
CATCCAATATAGTTTG-1,WM,5
CATCCGCAGGCCCGAA-1,Layer_1,3
CATCCTCTCAAAGATC-1,Layer_3,2
CATCGAATGGATCTCT-1,Layer_1,3
CATCGCCCGCGGCCAA-1,Layer_3,1
CATCGGACGGGTTAAT-1,Layer_6,4
CATCTATCCCGTGTCT-1,Layer_3,1
CATCTGCAGGATCATT-1,Layer_3,2
CATCTTACACCACCTC-1,Layer_3,2
CATGAACCGACATTTG-1,Layer_2,3
CATGAACCTCTTATCA-1,Layer_2,1
CATGACTTCGCTGAAT-1,Layer_3,2
CATGAGATGCACTCTC-1,Layer_5,6
CATGATCGCTTTGAGA-1,,2
CATGATGCACAATTCT-1,Layer_5,6
CATGATGGAAGTTAGC-1,Layer_3,2
CATGCACATGAGAGGC-1,WM,5
CATGCACGTGTTACTG-1,Layer_2,1
CATGCATGGAGACCCT-1,Layer_3,1
CATGCCAACTCGCAAA-1,Layer_6,7
CATGCGACCAGTTTAA-1,Layer_3,2
CATGCGTTAGACAGAA-1,Layer_3,2
CATGCTGGCTCCAATT-1,Layer_3,2
CATGGATTGTCTTCCG-1,Layer_3,2
CATGGCAGGAAGATCG-1,Layer_3,2
CATGGGTATGCCTTAT-1,Layer_5,6
CATGGGTCGGGTGTGG-1,Layer_4,2
CATGGTAAGTAGCGTT-1,Layer_6,7
CATGGTATTAGTTTGT-1,WM,5
CATGGTCTAGATACCG-1,Layer_5,7
CATGTAAGAGACATTT-1,Layer_4,2
CATGTCTCATTTATGG-1,Layer_5,6
CATTACGTCGGCCCGT-1,Layer_5,6
CATTATAACAGGGTCC-1,Layer_1,3
CATTATCCCATTAACG-1,WM,5
CATTATGCTTGTTGTG-1,Layer_5,6
CATTCACTGACAGCTA-1,Layer_2,1
CATTCAGGTCAGTGCG-1,Layer_1,1
CATTCCCTAAGTACAA-1,Layer_1,3
CATTGCAAAGCATAAT-1,Layer_1,3
CATTGCGAAATGGGCG-1,Layer_4,6
CATTGTGTGCTAGATC-1,Layer_1,3
CATTTAGCGGACCATG-1,Layer_5,6
CATTTATCGTTCAAGA-1,Layer_3,1
CATTTCTAGCAGACTA-1,Layer_2,1
CATTTGAGTGGTACGT-1,WM,5
CCAAACAGAACCCTCG-1,Layer_4,2
CCAAAGCAGTTGGTTG-1,Layer_1,1
CCAAAGTCCCGCTAAC-1,Layer_1,1
CCAAATAACAAGATTC-1,Layer_3,1
CCAACCTTATGTAACT-1,WM,5
CCAACGATGCACTGAT-1,Layer_5,6
CCAACGCTTGCCAGGG-1,Layer_2,1
CCAAGAAAGTGGGCGA-1,WM,5
CCAAGACTTCTGCGAA-1,Layer_5,6
CCAAGCGTAACTCGTA-1,Layer_6,7
CCAAGGAACAGAGAGG-1,Layer_3,1
CCAATAGTGCCGTCGA-1,Layer_6,7
CCAATCGGTAGATCGA-1,Layer_3,2
CCAATGTCACAGCAAG-1,Layer_6,4
CCAATTACGGGTCGAG-1,Layer_3,2
CCAATTGAATGTTAAT-1,Layer_4,2
CCACAATGTACGTCTT-1,Layer_5,6
CCACACTGAGATATTA-1,Layer_6,4
CCACAGTACCCATCCT-1,Layer_4,2
CCACATACTGCACCCA-1,Layer_2,3
CCACCAACTTTACTGT-1,WM,5
CCACCCAAGGAAAGTG-1,Layer_6,7
CCACGAATTTAACCTC-1,Layer_3,1
CCACGAGAAGAGAATC-1,Layer_3,2
CCACGGAGCCATAAGA-1,WM,5
CCACGGTGCCCGGTAG-1,Layer_3,2
CCACTAAACTGAATCG-1,Layer_1,3
CCACTGGTGGCTGGTT-1,Layer_5,6
CCACTGTTTGGATTAA-1,Layer_3,1
CCAGAAAGCAACTCAT-1,WM,5
CCAGAGACAAAGCCGG-1,Layer_3,2
CCAGATAGTTGAGTGA-1,Layer_5,6
CCAGCCTGGACCAATA-1,Layer_6,7
CCAGCTACGCCTCATA-1,Layer_1,3
CCAGCTCGAACGCATT-1,Layer_6,7
CCAGCTGATGGTACTT-1,Layer_5,6
CCAGCTTCCGCCCGCA-1,Layer_3,2
CCAGGGACGTGGCCTC-1,Layer_5,6
CCAGTAGTCTGATCCA-1,Layer_4,2
CCAGTCTAGACGGCGC-1,Layer_4,6
CCAGTCTTGTCATAGA-1,Layer_6,7
CCATAAACAACCCGAC-1,Layer_3,2
CCATACCTTTACTTGT-1,Layer_3,2
CCATAGGTTGGCGTGG-1,Layer_4,2
CCATAGTCAGTAACCC-1,Layer_1,3
CCATATGGAAACTATA-1,Layer_3,2
CCATATTGGATCATGA-1,Layer_1,1
CCATCCATACCAAGTC-1,Layer_3,1
CCATCGCAGTTAAACT-1,Layer_6,4
CCATCTCACCAGTGAA-1,Layer_3,2
CCATCTTGTTCACAAT-1,Layer_1,3
CCATGCCCTAGATTTC-1,Layer_3,2
CCATGCCTGTTTAGTA-1,Layer_6,4
CCATGCTCTGCAGGAA-1,Layer_3,2
CCATGGCAAACGCTCA-1,WM,4
CCATGGCCCTTGTACC-1,Layer_4,2
CCATGTTCATCTATAT-1,WM,5
CCATTAGCGATAATCC-1,Layer_5,6
CCATTCCCTGCCCACA-1,Layer_5,6
CCATTTCTACCTATTA-1,Layer_6,7
CCCAAACATGCTGCTC-1,Layer_5,6
CCCAACATACGTCGCG-1,Layer_6,4
CCCAACCACACTAACA-1,Layer_3,1
CCCAAGAATGCACGGT-1,Layer_1,1
CCCAAGACAGAGTATG-1,Layer_1,3
CCCAATGAGATTTGCA-1,WM,5
CCCAATTTCACAACTT-1,Layer_6,7
CCCAGAGGAGGGCGTA-1,Layer_3,2
CCCAGGTCTGAAGGCT-1,Layer_3,1
CCCAGTAAACTTGGGA-1,WM,5
CCCAGTTAAGGCGCCG-1,Layer_5,6
CCCGAAGTTTCGCGAA-1,Layer_5,7
CCCGACCATAGTCCGC-1,Layer_5,6
CCCGAGTTTCTCCGTA-1,Layer_3,1
CCCGCAGCGCGAACTA-1,Layer_6,7
CCCGCAGGGCCCAAAG-1,Layer_3,2
CCCGCCATGCTCCCGT-1,Layer_3,2
CCCGCGCAATGCACCC-1,Layer_3,1
CCCGCTAGAGGGTTAA-1,Layer_1,3
CCCGCTTGCCCTCGTC-1,Layer_1,1
CCCGGGTCGTTCAGGG-1,Layer_6,4
CCCGGTGGAAGAACCT-1,Layer_3,2
CCCGGTGTATCGGAAT-1,WM,5
CCCGTAAGTCTAGGCC-1,Layer_6,7
CCCGTAGCTGGGAAGA-1,WM,5
CCCGTCAGCGTCTGAC-1,Layer_5,6
CCCGTTTCGCAGATGT-1,Layer_3,1
CCCTATGTAGAGCAGA-1,WM,5
CCCTCATTCTGGAATT-1,Layer_3,1
CCCTCCTCGCTCGTAT-1,Layer_3,1
CCCTCGATAATACACA-1,WM,5
CCCTCGGGAGCCTTGT-1,Layer_1,3
CCCTGAAATGAGTTGA-1,Layer_5,6
CCCTGACTAACAAATT-1,Layer_5,6
CCCTGATGTAACTCGT-1,Layer_1,3
CCCTGCCCAATCCGCT-1,Layer_5,7
CCCTGCGCTACGCATA-1,Layer_5,6
CCCTGGTATGGGCGGC-1,Layer_3,1
CCCTTCTCGTACGCGA-1,Layer_1,1
CCCTTTAATGGAGTTC-1,Layer_2,1
CCCTTTGACAGGTCTT-1,Layer_6,4
CCGAAAGTGGTGAGCA-1,Layer_3,1
CCGAACACTGGGCCTC-1,Layer_6,7
CCGAACCTTCCCGGCC-1,Layer_6,7
CCGAAGCATTGACCAA-1,WM,5
CCGAAGTATATTGTTC-1,Layer_3,2
CCGACAAACACATGAG-1,Layer_1,1
CCGACAAAGGGAGTGC-1,Layer_5,2
CCGACAATAGGCCGCC-1,Layer_2,1
CCGACGGGCATGAGGT-1,WM,5
CCGACGTAAACACAAC-1,Layer_3,2
CCGACTCGCATAGTCT-1,Layer_2,1
CCGAGAAGTCGCATAA-1,Layer_3,1
CCGAGCTGTGCTTGTC-1,Layer_1,3
CCGAGGGATGTTAGGC-1,Layer_2,1
CCGATCTCAACCTTAT-1,Layer_3,2
CCGATTCGAGGGACCC-1,Layer_5,6
CCGATTGGTCAATGAA-1,Layer_1,3
CCGCACAAAGACCAAC-1,Layer_6,7
CCGCACGTGACCTCGG-1,Layer_4,2
CCGCACTTGCAATGAC-1,,2
CCGCATGTGGTACGAT-1,Layer_6,7
CCGCCACCACAATCCA-1,Layer_1,3
CCGCCGGAACTTCTCG-1,WM,5
CCGCCGGTCAACACAC-1,Layer_3,2
CCGCCTGCGAATTGGT-1,Layer_3,2
CCGCGGAATGCGTCAC-1,WM,5
CCGCGGGTACGAAGAA-1,Layer_5,6
CCGCGTAGGTAAGGGC-1,Layer_4,2
CCGCTATCAGCACCAG-1,Layer_6,7
CCGCTCCAGGGCGATC-1,Layer_5,7
CCGCTCTTCCGAACTA-1,Layer_3,2
CCGCTGGTGCCATTCA-1,Layer_3,1
CCGCTTACCTCACTCT-1,WM,5
CCGCTTCGCGGTTAAC-1,Layer_1,1
CCGCTTGCTGACATGG-1,Layer_2,1
CCGGAAGTGCAATATG-1,,2
CCGGAATGGTTTCAGT-1,Layer_3,2
CCGGAGCGTACTTTCT-1,Layer_6,4
CCGGCACGACCGTTTC-1,Layer_3,1
CCGGCGCATATTGGAT-1,Layer_3,2
CCGGCGTGAGACTCTG-1,Layer_6,7
CCGGGACCCGCAGAGA-1,Layer_3,2
CCGGGCGGTCTCGTCA-1,Layer_5,6
CCGGGCTAAGAATTTC-1,WM,5
CCGGGCTGCTCCATAC-1,Layer_5,6
CCGGGTTCGAGGTTAC-1,Layer_6,7
CCGGTAATGGCTAGTC-1,Layer_2,1
CCGGTTTGTAATTGTG-1,WM,5
CCGTAAGTTGGTCCCA-1,Layer_5,6
CCGTACCCAAGCGCCA-1,Layer_1,3
CCGTAGGAAATCCCTG-1,Layer_3,2
CCGTAGGGTTGTTTAC-1,Layer_3,1
CCGTATCTCGTCGTAG-1,WM,5
CCGTATTAGCGCAGTT-1,Layer_1,3
CCGTCAACCTCTGGCG-1,WM,5
CCGTGCCCATGACGGC-1,Layer_3,1
CCGTGGAACGATCCAA-1,Layer_3,1
CCGTGTTAAATTCCAT-1,WM,5
CCGTTACGTTAGAACA-1,Layer_3,2
CCGTTCCGAATCTCGG-1,Layer_5,6
CCTAAACAGGGTCCGT-1,Layer_1,1
CCTAAAGGCTGACGCT-1,Layer_3,2
CCTAAATTAACGGTTC-1,Layer_6,7
CCTAAATTGTATCCTA-1,Layer_2,1
CCTAACCCAAACAAGT-1,Layer_4,6
CCTAACTAAGGCTCTA-1,Layer_3,2
CCTACAAGTCCGGAAT-1,Layer_1,3
CCTACATTCACAGACG-1,WM,5
CCTACGCGACCTTACA-1,Layer_1,3
CCTACGGCTCAGTCGA-1,Layer_3,1
CCTACTGCTTACACTT-1,Layer_5,6
CCTAGGCGTAGCGATC-1,Layer_5,6
CCTAGGTAAAGGTAGC-1,WM,5
CCTAGTTAGTCGCATG-1,Layer_3,2
CCTATAATGAGTGCCC-1,Layer_5,6
CCTATACCGTCCTGTC-1,WM,5
CCTATATCGTGTCACG-1,WM,5
CCTATATTTGTCCTGG-1,WM,7
CCTATCTATATCGGAA-1,Layer_4,2
CCTATGAAGTGGTGCC-1,Layer_3,1
CCTATGGCTCCTAGTG-1,WM,5
CCTATGGGTTACCGTC-1,Layer_6,7
CCTATGGTCAAAGCTG-1,Layer_5,7
CCTATGTCCACTCCAC-1,Layer_3,2
CCTCACCAATCTTGAC-1,Layer_3,1
CCTCACCTGAGGGAGC-1,Layer_3,2
CCTCACCTTAGCATCG-1,Layer_3,2
CCTCATGCAGCTACGA-1,Layer_1,3
CCTCCCGACAATCCCT-1,Layer_3,1
CCTCCGACAATTCAAG-1,Layer_5,6
CCTCCTAGCTAGAGTC-1,WM,5
CCTCCTGTTGTGTCGT-1,Layer_3,2
CCTCGAAGTGGACGGG-1,Layer_3,2
CCTCGACCCACTGCCT-1,Layer_2,3
CCTCGCCAGCAAATTA-1,Layer_4,2
CCTCGCGCGATATAGG-1,Layer_3,2
CCTCGCGCTGTGCGAT-1,Layer_6,4
CCTCGGACCGGGATAG-1,Layer_5,6
CCTCGGATGCTACCTG-1,Layer_3,2
CCTCGGTTTCCTTGCC-1,WM,5
CCTCTAATCTGCCAAG-1,Layer_5,6
CCTCTACAAGGATTGG-1,WM,5
CCTCTATCGATTAGCA-1,WM,5
CCTCTCTCCCATCTAG-1,Layer_5,6
CCTCTGGCCTAGACGG-1,Layer_3,2
CCTCTGTACTATTCTA-1,Layer_6,7
CCTGAACGATATATTC-1,Layer_5,6
CCTGAATATTTACATA-1,Layer_5,6
CCTGACCACCGATGGT-1,Layer_6,7
CCTGACGCAACCTTTA-1,Layer_2,1
CCTGCGATAGAACTGT-1,Layer_1,1
CCTGCGTTCTACGCTT-1,Layer_3,2
CCTGCTATTTGAGAAG-1,Layer_5,6
CCTGGAAACGTTCTGC-1,Layer_2,1
CCTGGCTAGACCCGCC-1,Layer_5,6
CCTGGTCGAATGTGGG-1,Layer_6,7
CCTGTAAGACATGATA-1,Layer_6,7
CCTGTACTCACGCCCA-1,Layer_6,7
CCTGTCACCCGGGCTC-1,Layer_6,7
CCTGTCGCCCGTAAAT-1,Layer_6,7
CCTGTCGTGTATGAAG-1,WM,5
CCTGTGCGGATTGTAA-1,Layer_1,3
CCTGTTTGAAGACACG-1,Layer_3,2
CCTTCAGTTAAAGTGA-1,WM,5
CCTTCCGCAACGCTGC-1,WM,5
CCTTCGTATAGAATCC-1,Layer_6,7
CCTTCTCAGCGTTCCT-1,Layer_5,7
CCTTCTTGATCCAGTG-1,Layer_4,2
CCTTGACCACTTTATT-1,Layer_3,1
CCTTTAAGGGAGCACT-1,WM,5
CCTTTCAATGAAGAAA-1,Layer_3,2
CCTTTGAATTATGGCT-1,WM,5
CGAAACATAGATGGCA-1,Layer_3,2
CGAAACGCAATTCATG-1,Layer_6,4
CGAACAGTATGGGCGT-1,Layer_3,2
CGAACCCGCATGCGTC-1,WM,5
CGAACGCCCAGTGCCG-1,Layer_3,2
CGAACGGCCGGACAAC-1,Layer_6,7
CGAAGACTGCCCGGGA-1,Layer_1,2
CGAAGCCACAGCATGG-1,WM,5
CGAAGCTATAAATTCA-1,Layer_3,2
CGAAGGGTTTCAGATT-1,WM,5
CGAAGTTGCTCTGTGT-1,Layer_5,6
CGAATCTGCTCGACGC-1,WM,5
CGAATGAAGTCATTGC-1,WM,5
CGAATGACGCATAATG-1,Layer_6,7
CGAATTACATGGTGTT-1,Layer_1,3
CGACAATTTGATCTAA-1,Layer_4,2
CGACACGCTCCGACAG-1,Layer_4,2
CGACAGTTCGCGTTAT-1,Layer_6,7
CGACATGCGATCTTCT-1,Layer_3,1
CGACCCTTAACGCCGG-1,Layer_6,7
CGACGCATCCGTACCT-1,Layer_6,4
CGACTCAGGATGTTAT-1,Layer_3,2
CGACTTTGTATAGCCT-1,Layer_3,1
CGAGACCCTAGAGTGT-1,Layer_6,4
CGAGAGATGTGAACCT-1,Layer_5,6
CGAGAGCTTTCACTAC-1,Layer_3,2
CGAGAGGGTAGCCGCG-1,Layer_3,1
CGAGATGTTGCCTATA-1,Layer_1,1
CGAGATTTCGCTCGGG-1,Layer_2,1
CGAGCACTTCAAGTTT-1,Layer_3,2
CGAGCGTTGATCAGCC-1,Layer_3,1
CGAGCTGGGCTTTAGG-1,Layer_4,2
CGAGGCCAGGCATTGG-1,Layer_1,3
CGAGGCTAAATATGGC-1,Layer_6,6
CGAGGGACTGCGGTCG-1,Layer_5,7
CGAGGGTATCCAGGTG-1,Layer_6,7
CGAGTACTAAAGAGGA-1,WM,4
CGAGTGAAGGTACCAG-1,WM,5
CGAGTGCTATAGTTCG-1,Layer_1,3
CGAGTTCTGTCCCACC-1,Layer_5,6
CGAGTTTATCGGACTG-1,Layer_4,2
CGATAATACTCAGGTT-1,Layer_2,1
CGATACCTCGCGGACA-1,Layer_6,4
CGATAGCGATACAGTG-1,WM,5
CGATAGTCGTACTGCA-1,Layer_3,2
CGATCCGACCCAGTGC-1,Layer_6,4
CGATCCTCGCAACATA-1,WM,5
CGATCTGTTGGAGGAC-1,Layer_6,4
CGATGGACCCTACGCC-1,Layer_3,2
CGATGTTGTTATCTAC-1,WM,5
CGATTAAATATCTCCT-1,Layer_6,7
CGATTCGCCTGGCTGC-1,Layer_6,6
CGCAAACACGAGTTAC-1,Layer_5,6
CGCAATTACTTTCGGT-1,Layer_3,2
CGCAATTAGGGTAATA-1,Layer_5,6
CGCAATTCTACAATAA-1,Layer_3,2
CGCACATGTCCACTAC-1,Layer_5,6
CGCACGTCTGTTTATG-1,WM,5
CGCACGTGCGCTATCA-1,Layer_3,2
CGCAGAAACATTTGCG-1,Layer_2,1
CGCAGATCTTCACCCG-1,Layer_2,1
CGCAGGCGATCCAAAC-1,Layer_3,2
CGCATCATGGCTTCAG-1,Layer_3,1
CGCATGCCGAATGCGT-1,Layer_3,2
CGCATGGTGCGATGCT-1,Layer_6,7
CGCATTAGCTAATAGG-1,Layer_5,6
CGCCAAGAAGCCGAGT-1,Layer_5,6
CGCCACAGGTCGCGAT-1,Layer_6,4
CGCCACCCGCATTAAC-1,Layer_1,1
CGCCATCCGATTATGA-1,Layer_5,6
CGCCCAGCACGCCTAG-1,WM,5
CGCCCAGCGTTTCACG-1,Layer_3,2
CGCCCGCTTCCGTACA-1,Layer_3,2
CGCCCTAATTGTTCAA-1,WM,5
CGCCCTTGAAGGCTGA-1,Layer_3,2
CGCCGCCCATGCCTGT-1,Layer_5,6
CGCCGTTCAGCATAGT-1,Layer_3,1
CGCCTCCCTCCTCTAT-1,Layer_6,7
CGCCTGGCCTACGTAA-1,Layer_6,7
CGCCTTTAGCATGCTC-1,Layer_2,1
CGCGAAGTGGCATACT-1,Layer_3,2
CGCGACCGCGACAGAT-1,Layer_5,6
CGCGAGAGGGACTTGT-1,Layer_2,1
CGCGAGTCTGCCGGGT-1,WM,5
CGCGCAAATGTCCAGA-1,WM,5
CGCGCAAGGAACTACA-1,Layer_1,1
CGCGCATGTTTGATTG-1,WM,5
CGCGCCCGACTTAATA-1,Layer_5,6
CGCGGCAGTATTACGG-1,Layer_1,3
CGCGGCTCAACTTGAA-1,Layer_3,2
CGCGGGAATTAGGCAG-1,Layer_5,6
CGCGGTCACAAACCAA-1,Layer_2,1
CGCGTCATATTAAACC-1,Layer_1,3
CGCGTGCTATCAACGA-1,Layer_1,1
CGCGTTCATGAAATAC-1,Layer_5,6
CGCTACCGCCCTATGA-1,Layer_1,1
CGCTACGGGACATTTA-1,Layer_6,4
CGCTAGAGACCGCTGC-1,Layer_3,2
CGCTATACCGCCCACT-1,Layer_3,1
CGCTATTCAATGTATG-1,Layer_3,2
CGCTATTCTTAGGCTC-1,Layer_6,4
CGCTCGACATAATGAT-1,Layer_4,2
CGCTCTCCGTAGATTA-1,Layer_5,6
CGCTGAGGACGTCCAA-1,Layer_1,1
CGCTGGTGACTACCCT-1,Layer_3,2
CGCTGTGACGCCGCAC-1,Layer_5,6
CGCTGTGTGGATGTTG-1,WM,5
CGCTTAGTATTGATAC-1,Layer_6,7
CGCTTATTCCCGGTCG-1,Layer_6,4
CGCTTCCACTGAAATC-1,Layer_3,2
CGCTTTCATACCGGTG-1,Layer_3,2
CGCTTTCTTGCATTCG-1,Layer_5,6
CGGAAAGAATCAAACG-1,WM,5
CGGAAATTTCACATCC-1,Layer_2,1
CGGAACGTAAACATAG-1,WM,5
CGGAGCAATTTAATCG-1,Layer_6,4
CGGAGCATGGCGATCC-1,Layer_6,7
CGGAGCTTATAACACC-1,Layer_3,1
CGGAGTTTGAGAGACA-1,Layer_5,6
CGGATAAGCGGACATG-1,Layer_3,1
CGGATCCTCAAGGACT-1,Layer_5,6
CGGATGAATGCTGTGA-1,WM,5
CGGCAAACATCGTGCG-1,Layer_6,7
CGGCAATAAGATCGCC-1,Layer_3,1
CGGCACCGTTAGCGCC-1,Layer_3,2
CGGCACTCAAGAAAGT-1,Layer_1,3
CGGCAGGGTCGGGTTG-1,Layer_4,2
CGGCCACGCACAAAGT-1,Layer_6,7
CGGCCAGAGCGACCAT-1,WM,7
CGGCCCAACCTGTAGT-1,Layer_2,1
CGGCCCAGGTATATCC-1,Layer_3,1
CGGCGCCATCAATCCC-1,Layer_3,2
CGGCTCTAAAGCTGCA-1,Layer_3,1
CGGCTCTTCGTCGAAC-1,Layer_3,1
CGGCTGCAAGATTAAG-1,Layer_2,1
CGGCTTTGTATGATAA-1,Layer_2,1
CGGGAACGCCCTGCAT-1,WM,5
CGGGAAGTACCGTGGC-1,WM,5
CGGGAATATAGTATAC-1,Layer_3,2
CGGGAATTTATGTAAA-1,Layer_6,7
CGGGAGCTTCAGTGTA-1,Layer_4,2
CGGGAGTATACCGCCG-1,Layer_2,1
CGGGATCAATGTAAGA-1,Layer_5,6
CGGGCAGCTAAACCGC-1,Layer_6,7
CGGGCCATAGCCGCAC-1,Layer_1,3
CGGGCCTTCTTTGTAA-1,Layer_6,4
CGGGCGATGGATCACG-1,Layer_5,6
CGGGTGTACCCATTTA-1,Layer_5,6
CGGGTTTGTTAGGGCT-1,Layer_2,1
CGGTACTAGAATCAAA-1,Layer_5,6
CGGTAGAGGTGCAGGT-1,Layer_3,2
CGGTATAGGTATTAGC-1,Layer_2,1
CGGTCAAGTGGGAACC-1,Layer_5,6
CGGTCCGTCGCAAGCC-1,WM,5
CGGTCTATCAACCCGT-1,Layer_3,2
CGGTGAAGACTAAAGT-1,Layer_5,6
CGGTGCAGATAGAACG-1,Layer_6,4
CGGTGCGCGTTGGTCC-1,WM,5
CGGTGGGCTCCAGCCT-1,Layer_3,2
CGGTGTACTTGATCCC-1,Layer_3,1
CGGTTATCCAACAGTG-1,Layer_3,2
CGGTTCAAGTAGGTGT-1,Layer_3,2
CGGTTCCGGCTTCTTG-1,Layer_1,3
CGGTTGACCTGGCATA-1,Layer_5,6
CGGTTGAGTATCCTTC-1,WM,5
CGGTTGGGTTCAAGTT-1,Layer_1,3
CGGTTTATGAAGGAAC-1,Layer_1,3
CGTAAACGCTTGAGTG-1,Layer_1,1
CGTAAAGCAAGAAATC-1,WM,5
CGTAACTTCGACACTT-1,Layer_6,7
CGTAATAATTACGAGT-1,Layer_1,1
CGTACCGAAAGTCTAG-1,Layer_1,1
CGTACCTGATAGGCCT-1,Layer_5,6
CGTAGAGAGTAATTAT-1,Layer_3,2
CGTAGCGAATTGTCAG-1,Layer_3,2
CGTAGCGCCGACGTTG-1,Layer_1,1
CGTATTAAGAGATCTA-1,Layer_6,7
CGTCAAGGCTATAAAT-1,Layer_3,2
CGTCACGTCCATTGGT-1,WM,5
CGTCAGCTATTTACTC-1,Layer_1,1
CGTCAGTGCGCACAAG-1,Layer_3,1
CGTCAGTTTATCGTCT-1,Layer_1,3
CGTCATACCATATCCA-1,Layer_3,1
CGTCGCATGTGAGCCA-1,Layer_5,6
CGTCGCTTGGTTATAC-1,WM,5
CGTCGGATAGTGTTGA-1,Layer_4,2
CGTCGGGTCTAAGCGC-1,WM,5
CGTCGTCCTTCGCGAA-1,Layer_5,6
CGTCTGGAAGGGCCCG-1,Layer_3,2
CGTGAAGTTAATTCAC-1,Layer_6,4
CGTGACATTGGGTCGT-1,Layer_3,2
CGTGACCAGTCCTCTG-1,Layer_6,7
CGTGCAGACTGGGACA-1,Layer_6,7
CGTGCATTGTCGACGC-1,Layer_6,7
CGTGCCCGACATTTGT-1,Layer_1,3
CGTGCCCTCCCGAAGA-1,Layer_5,7
CGTGCTGGCCTAGTCG-1,Layer_1,1
CGTGCTTCTACCTAAA-1,WM,5
CGTGGCCGAATATCTA-1,Layer_3,2
CGTGGTACCCAAAGGC-1,WM,5
CGTGTCCCATTCGCGA-1,Layer_5,6
CGTGTCTCGTTACGAC-1,WM,5
CGTTAAACTAGTTAGG-1,Layer_3,1
CGTTAATGTCCCGACG-1,Layer_4,2
CGTTAGCTCACAACTG-1,Layer_3,2
CGTTCAAGGAAACGGA-1,WM,5
CGTTCAGACCCGCGAA-1,Layer_6,7
CGTTCATGGTGCGCGT-1,WM,7
CGTTCTTCGCACACCT-1,Layer_2,1
CGTTGAATACCGCGCT-1,Layer_5,6
CGTTGAGCGACCGTCG-1,Layer_6,7
CGTTGAGTAATTGCGT-1,Layer_2,1
CGTTGCCCGCGTGGGA-1,WM,5
CGTTGTAAGATTGATT-1,Layer_3,1
CGTTGTCGGCAATTGA-1,Layer_6,7
CGTTGTTTCAATTCCC-1,Layer_5,6
CGTTTAAGCGGAGCAC-1,Layer_3,2
CGTTTCACTTCGGGCG-1,Layer_3,2
CGTTTCGCTCATTACA-1,Layer_6,7
CGTTTGTGTAGAGGGT-1,WM,5
CTAAACGGGTGTAATC-1,Layer_1,3
CTAAAGAATGCCTACT-1,Layer_6,4
CTAAAGGGAAATAGGA-1,Layer_6,4
CTAAATCCGGTGTACA-1,WM,5
CTAAATCCTATTCCGG-1,Layer_5,6
CTAACCGCGCGCCCGT-1,Layer_6,7
CTAACGAAACTTGCTG-1,Layer_4,2
CTAACTGATAATCGCC-1,Layer_3,2
CTAACTGGTCCGGTTC-1,WM,5
CTAAGGGAATGATTGG-1,Layer_6,7
CTAAGTACAGGGCTAC-1,Layer_1,3
CTAATTCGCACGCGCT-1,Layer_4,2
CTAATTCTCAGATATT-1,Layer_3,2
CTAATTTCAACAACAC-1,Layer_3,2
CTACAAGAAATAACCC-1,WM,5
CTACACTAGCTTGTTC-1,Layer_1,1
CTACACTCGCAGATGG-1,Layer_3,1
CTACATATCGCGGGAC-1,WM,5
CTACCCTAAGGTCATA-1,Layer_5,6
CTACGAACTAGGTCGA-1,Layer_2,1
CTACGACTAGCTATAA-1,Layer_5,6
CTACGATCCTATCCTA-1,WM,5
CTACGCACGGAGTACC-1,Layer_6,4
CTACGCCATTTCCGAT-1,Layer_3,2
CTACGTGTTGCCACCA-1,Layer_1,1
CTACTATCATAGGTTT-1,WM,5
CTACTATCTTTCAGAG-1,Layer_4,2
CTACTCAAGGTATAGT-1,WM,5
CTACTCTAGGCCCGGC-1,Layer_4,2
CTACTGCCACCTGACC-1,Layer_5,6
CTAGACTGCATTTCGT-1,Layer_3,1
CTAGATAAACTCCTCG-1,Layer_1,1
CTAGATGTGAGTGTAA-1,Layer_3,2
CTAGATTTACGACGGC-1,Layer_6,7
CTAGCAACTAATTTAC-1,Layer_1,1
CTAGCATAGTATAATG-1,Layer_6,7
CTAGCCGATGTTATGA-1,Layer_3,2
CTAGGCGCCCTATCAG-1,Layer_4,2
CTAGGCGGCAGAGAAT-1,Layer_1,1
CTAGGGATAGGGACAA-1,WM,5
CTAGGTCTGAAGGAAT-1,Layer_3,2
CTAGGTTCGGACGTGA-1,Layer_6,7
CTAGTAGAAAGGGATT-1,Layer_5,6
CTAGTATTCGGAATTA-1,Layer_3,2
CTAGTCACGTCTTAAG-1,Layer_6,7
CTAGTGAAGGACAGGA-1,Layer_5,6
CTAGTTACAACCCGGT-1,Layer_6,7
CTAGTTGGGCCCGGTA-1,Layer_5,6
CTATAAGAGCCAATCG-1,Layer_3,2
CTATAGGCGTTGATGT-1,WM,5
CTATATCCAGCCTGGC-1,WM,5
CTATCGACGAAATACA-1,Layer_3,2
CTATCGGGTCTCAACA-1,Layer_6,7
CTATGCCCGAATGCAA-1,Layer_6,7
CTATGGGAAGCGGAAT-1,Layer_3,1
CTATGTCACTAGCCCA-1,Layer_6,7
CTATGTCTATTGAAAC-1,Layer_3,1
CTATGTGAGTCACGGC-1,Layer_6,7
CTATTCATGTGTCCCA-1,Layer_6,7
CTATTGTGTTTGGTCA-1,Layer_2,1
CTATTTGCTTGGAGGA-1,Layer_6,7
CTATTTGGTTACGGAT-1,Layer_5,6
CTCAAACCACTGCCCG-1,WM,5
CTCAACTAACCCGGAT-1,Layer_4,2
CTCAAGACATTAGCGC-1,Layer_3,1
CTCACATTTACTAAAT-1,Layer_6,6
CTCACTGTGATACTTA-1,Layer_5,6
CTCACTTGGCTGGTAA-1,Layer_6,7
CTCAGGACTCACCTGT-1,Layer_3,1
CTCAGTCACGACAAAT-1,Layer_3,2
CTCATAAATGTGTATA-1,,6
CTCATGGCTCACAATC-1,Layer_3,2
CTCATGGTAATTTGCG-1,WM,5
CTCATTGCTCTAACAA-1,Layer_5,6
CTCATTTGATGGGCGG-1,Layer_5,6
CTCCCAATGAGTCGCG-1,Layer_2,1
CTCCCTCCTTTCGATC-1,WM,5
CTCCGCCCACATGAGG-1,Layer_6,4
CTCCGGCCTAATATGC-1,Layer_4,6
CTCCGGCTTGTAGACA-1,Layer_1,3
CTCCTAAGTTATGTCT-1,Layer_1,3
CTCCTCCAGCTCACAC-1,WM,5
CTCCTGTTCAAGGCAG-1,Layer_2,3
CTCCTTTACGCAAGTC-1,Layer_2,1
CTCGAATGGAACGTAT-1,Layer_1,3
CTCGAGACATACGATA-1,WM,5
CTCGAGATCCAAAGCA-1,Layer_1,1
CTCGAGGTCGAACAGT-1,Layer_6,7
CTCGATATTTGCGAGC-1,Layer_3,2
CTCGCACCTATATAGT-1,Layer_5,6
CTCGCATTGCATAGCC-1,WM,5
CTCGCCGAATGTAGGG-1,Layer_6,7
CTCGGGCATCGTCGGG-1,Layer_1,3
CTCGGGTTCTCTGGCC-1,WM,5
CTCGGTACCACTGCTC-1,Layer_5,6
CTCGGTCCGTAGCCTG-1,Layer_3,2
CTCGGTTGTCGGCCCT-1,WM,5
CTCGTCGAGGGCTCAT-1,WM,5
CTCGTTACGGCTACCA-1,WM,5
CTCGTTTCTAATGTTT-1,Layer_3,1
CTCTAATGCATTGATC-1,Layer_2,1
CTCTACACTGGCGATT-1,Layer_6,7
CTCTACATCCTGCGTG-1,Layer_6,7
CTCTAGCCCTCGGAAA-1,Layer_3,2
CTCTATTTGGCTGCAG-1,Layer_6,7
CTCTCACAATCGATGA-1,Layer_6,7
CTCTCGATGTGCGCCT-1,Layer_1,3
CTCTCTAACTGCCTAG-1,WM,5
CTCTGCGAAGCAAGCA-1,Layer_3,1
CTCTGGACGCCTGGTG-1,Layer_6,7
CTCTGTGCCTGCTATG-1,Layer_1,3
CTCTGTTTGAGGATTC-1,Layer_3,2
CTCTTCTATTGACTGG-1,Layer_3,2
CTCTTCTGGAAGTTAG-1,WM,5
CTCTTGTCCCGCTTGG-1,Layer_6,4
CTGAAAGAGATCCGAC-1,Layer_5,6
CTGAATCCGAGACCTC-1,WM,5
CTGAATTTATTGCCAG-1,Layer_3,1
CTGACTGCGCAGCTCG-1,Layer_3,2
CTGAGAAAGTTCGGCG-1,Layer_2,1
CTGAGCAAGTAACAAG-1,Layer_2,1
CTGATAGTGTATCTCA-1,Layer_4,2
CTGCAAATGGGCTCCA-1,Layer_1,3
CTGCAAGCACGTTCCG-1,Layer_2,1
CTGCACAACTACATAT-1,Layer_5,6
CTGCACCTGGAACCGC-1,Layer_3,2
CTGCACTCCAGTACAG-1,Layer_6,7
CTGCAGAGAATCAGAG-1,Layer_3,2
CTGCCAAGGTTGGAAG-1,Layer_5,6
CTGCCATGCATCACAT-1,Layer_6,4
CTGCCTAGCCACCAAG-1,Layer_3,2
CTGCCTTTAATACCTT-1,WM,5
CTGCCTTTCTAGTAAA-1,Layer_3,2
CTGCGATTTCGAGATT-1,Layer_6,7
CTGCGGGTGAAATGTT-1,Layer_4,2
CTGCGGTAGTCACGTG-1,Layer_3,2
CTGCGTTACGATATAA-1,Layer_3,2
CTGCTGAGGCCACGAA-1,WM,5
CTGCTTGGCGATAGCT-1,Layer_5,6
CTGGAAATGGATGCTT-1,Layer_5,7
CTGGAAGACACGGTGG-1,Layer_5,6
CTGGACGCAGTCCGGC-1,WM,5
CTGGATTTACACTTGA-1,WM,5
CTGGCATCCGAATGAG-1,WM,5
CTGGCGACATAAGTCC-1,Layer_3,2
CTGGCGATTTACATGT-1,,2
CTGGCGCACAGGTCTG-1,Layer_5,6
CTGGCGGGAATAAGTA-1,Layer_3,1
CTGGCTCCTGCGGGAT-1,Layer_1,3
CTGGCTGATTCATCCT-1,Layer_4,2
CTGGCTGCTAACGTAA-1,Layer_1,1
CTGGCTGGTTGTCAGT-1,Layer_6,5
CTGGGATAAATAATGG-1,Layer_5,6
CTGGGATCGCCCAGAT-1,Layer_1,3
CTGGGCCTGCTATATC-1,Layer_6,4
CTGGGCGGCCAAATGT-1,Layer_1,3
CTGGGTAGGCAGTTAA-1,Layer_5,7
CTGGGTTGAGTTAAAG-1,WM,5
CTGGTAACACATAGAA-1,Layer_5,6
CTGGTAACGAGCTCTT-1,Layer_3,2
CTGGTCATTCCAATCC-1,Layer_3,1
CTGGTCCTAACTTGGC-1,Layer_2,1
CTGGTGAATGGGCCTA-1,WM,5
CTGGTTCAACGCATCA-1,Layer_1,3
CTGGTTTCGAGCAAGA-1,Layer_5,6
CTGTACTTCTTAGCAT-1,Layer_6,4
CTGTAGCCATCTCACT-1,WM,5
CTGTAGTGAGGATCGA-1,WM,5
CTGTATGGTGTAGAAA-1,Layer_3,2
CTGTCAAATGGCTCGG-1,Layer_4,6
CTGTCACGCCAGGCGC-1,Layer_2,1
CTGTGCAGGGTAGGTC-1,Layer_6,7
CTGTGGTCGGGAGATA-1,Layer_4,2
CTGTTACCCAATCTAG-1,Layer_6,4
CTGTTCACTGCCTGTG-1,Layer_5,6
CTGTTCATCTCACGGG-1,Layer_3,2
CTGTTGTTCAGTCGTA-1,WM,5
CTTAACTTACAGTATA-1,,2
CTTAACTTCGAAGTAC-1,Layer_3,1
CTTACACGGTATTCCA-1,Layer_5,6
CTTACACTGGGAAATA-1,Layer_3,2
CTTAGCCTTCCACATG-1,Layer_5,6
CTTAGGTATAGACCAG-1,WM,5
CTTAGTAGGCCTACAG-1,Layer_3,2
CTTAGTGTAGTAGCAT-1,Layer_4,6
CTTAGTTGAGGAATCG-1,WM,5
CTTATGCGCTCAGGGC-1,Layer_5,7
CTTATGTTGACTACCA-1,Layer_1,3
CTTCAACTCCACTTGG-1,Layer_5,6
CTTCAGTGGTCGCCTA-1,WM,5
CTTCATAGCTCAAGAA-1,Layer_3,2
CTTCATTGTCAGTGGA-1,Layer_6,7
CTTCCGCTCCGTGAAG-1,WM,5
CTTCGATTGCGCAAGC-1,Layer_3,2
CTTCGGCCAATTGTTT-1,Layer_3,1
CTTCGTAGATAGGTGA-1,Layer_6,4
CTTCTATGTTGAAGTA-1,WM,4
CTTCTATTAATGCTAG-1,WM,5
CTTCTGGGCGTACCTA-1,WM,5
CTTCTTACGTCGTATA-1,Layer_3,2
CTTGACCCGAAAGATA-1,Layer_3,1
CTTGAGGTTATCCCGA-1,Layer_1,3
CTTGAGTTAGGGTAAT-1,Layer_4,2
CTTGCAACCGCCTCCT-1,Layer_6,7
CTTGCCCAGGCTCTAC-1,Layer_6,4
CTTGGCCAAGCTGGGA-1,Layer_6,7
CTTGTACTTGTTGACT-1,Layer_4,2
CTTGTCAACATTCGAG-1,Layer_6,7
CTTGTCGTACGTGTCA-1,Layer_1,1
CTTGTGAGTCTTTGAC-1,Layer_1,3
CTTGTGCTCACCGATT-1,Layer_3,2
CTTGTTGCTGAGTCAA-1,Layer_5,6
CTTGTTTATGTAGCCA-1,Layer_3,1
CTTTAACTTTCAAAGG-1,Layer_5,6
CTTTAATATTGGTCGA-1,Layer_6,7
CTTTACCGAATAGTAG-1,Layer_5,6
CTTTAGGAACACTGTT-1,Layer_5,6
CTTTAGTGCTATTATT-1,Layer_6,7
CTTTCTGTGCGGGCTT-1,Layer_6,7
CTTTGAAACATATTCC-1,Layer_1,3
CTTTGCATCGCTCTTG-1,Layer_3,2
CTTTGGCGCTTTATAC-1,Layer_4,2
CTTTGGCTTTAGTAAA-1,Layer_5,6
CTTTGGGATTGTTGCA-1,WM,5
CTTTGTCGAATGCTCC-1,WM,5
GAAACAGATGACCACC-1,Layer_5,6
GAAACAGCCATGCAGT-1,Layer_3,2
GAAACATAGGAAACAG-1,WM,5
GAAACCATGGTGCGCT-1,Layer_3,1
GAAACCGAATTACCTT-1,WM,5
GAAACCTATACAAATG-1,WM,5
GAAACTCGTGCGATGC-1,Layer_3,2
GAAACTCTAATGAAGG-1,Layer_3,2
GAAAGAACAGCGTTAT-1,Layer_3,2
GAAAGCAGTGCACTTT-1,WM,5
GAAAGCCCTTTGGACC-1,Layer_5,6
GAAAGTGACTAACTGC-1,Layer_3,2
GAAATACCTGCTGGCT-1,Layer_3,1
GAAATACTAAACGTTT-1,Layer_3,1
GAAATATCACCATCAG-1,Layer_5,6
GAAATATGCTTGAATG-1,Layer_1,3
GAAATCGCGCGCAACT-1,Layer_4,2
GAAATGGCGGTGTTAG-1,Layer_5,7
GAAATGGGATGTAAAC-1,Layer_1,3
GAAATTAGCACGGATA-1,Layer_3,2
GAAATTCACATCGCTG-1,Layer_3,1
GAAATTGTCTCTATAA-1,Layer_6,4
GAACAACTGGGATGAA-1,Layer_4,2
GAACACACATCAACCA-1,Layer_5,6
GAACAGATTACTAAAT-1,Layer_6,6
GAACCATCTGGGAGAC-1,Layer_1,3
GAACCCTCTGTGTTCT-1,Layer_6,7
GAACCTCGACCTACAC-1,Layer_5,6
GAACCTTTAACGATCC-1,Layer_5,6
GAACGACCGAATGATA-1,Layer_5,2
GAACGCGGGTCACACG-1,Layer_2,1
GAACGTCTCATGGTCG-1,Layer_5,6
GAACGTTAGGAAGACG-1,Layer_4,2
GAACTGTGGAGAGACA-1,Layer_6,7
GAACTTAGCGCCCGGT-1,Layer_1,3
GAAGAAACGATATTGT-1,WM,5
GAAGAACGGTGCAGGT-1,Layer_3,1
GAAGACTTCAATGCCG-1,Layer_1,3
GAAGCAAGGCAATGTT-1,Layer_1,1
GAAGCCACTGATTATG-1,Layer_5,7
GAAGCCTGCACATTCC-1,Layer_6,7
GAAGCGTGAGGAATTT-1,Layer_6,7
GAAGCTCGGACCCGTC-1,WM,5
GAAGCTTGCTGACCGC-1,Layer_5,6
GAAGGAGTCGAGTGCG-1,Layer_6,4
GAAGGGCATAACCATG-1,Layer_1,3
GAAGTCAGTTGCACTA-1,Layer_6,4
GAAGTCTCCCTAGCGA-1,Layer_5,6
GAAGTGATTTATCGTG-1,Layer_6,4
GAAGTGCTGGATAGCT-1,Layer_3,2
GAAGTTTCCACTCAAT-1,Layer_6,7
GAATAGACGCGACCCA-1,Layer_4,2
GAATAGCCCTGCGGTC-1,Layer_2,3
GAATAGTGCTCGATTA-1,WM,5
GAATATTCGGAGTCCC-1,Layer_3,2
GAATCGACATGGTCAC-1,Layer_5,6
GAATCGCCGGACACGG-1,Layer_2,3
GAATCTATACTCGGAC-1,Layer_1,3
GAATCTGAACATTCTC-1,Layer_6,4
GAATGCCGAAATGACC-1,Layer_3,1
GAATGCGAATCGGTTC-1,Layer_5,7
GAATGTATGGCAGGTC-1,Layer_3,2
GAATGTGGTCCGGATT-1,Layer_5,6
GAATGTTGGGTAATCT-1,Layer_5,6
GAATTATAGTGAAAGG-1,Layer_6,7
GAATTCACCCGGGTGT-1,WM,7
GAATTTCTCGCTGCAG-1,Layer_4,2
GACAAACATATGCAGG-1,Layer_3,2
GACAACGACCATTGAA-1,Layer_5,6
GACAACGCAGCTTACG-1,Layer_5,2
GACAAGAGATGAGATT-1,Layer_2,3
GACACAAGGGAAGAAA-1,Layer_6,7
GACACCCAAAGACGCG-1,WM,4
GACACGAGTTAGAGGA-1,Layer_3,1
GACACTGAGTTCAGTG-1,WM,5
GACACTGGAACCCGAT-1,Layer_3,1
GACAGATTTCTGGCTC-1,Layer_5,7
GACAGCCAGACCTGAC-1,Layer_5,6
GACAGGCACACACTAT-1,Layer_5,6
GACATCCGTCGAACTG-1,Layer_5,6
GACATCGATTTATAAC-1,WM,5
GACCAAACGTTGACTG-1,Layer_3,1
GACCAGAGCCCTGTAG-1,Layer_5,7
GACCAGGTCATTCATA-1,Layer_1,3
GACCCAATTATGATAC-1,WM,5
GACCCGTCGCCGGCTA-1,Layer_3,1
GACCGACGTGAAAGCA-1,Layer_2,1
GACCGACTGAAGCGTC-1,Layer_5,6
GACCGATTAAATATGT-1,WM,5
GACCGCGTCTGACGTG-1,Layer_3,1
GACCGTCAGGTCGTGA-1,Layer_3,2
GACCGTGCTGACGGTG-1,Layer_6,4
GACCTTCCACGTCTAC-1,Layer_5,6
GACGACGATCCGCGTT-1,Layer_6,7
GACGAGGCTAATAAAC-1,Layer_3,2
GACGCATACCCGTCGG-1,WM,5
GACGCCGTAAAGGCTA-1,WM,5
GACGCCTGTTGCAGGG-1,Layer_1,3
GACGCTTGCTTCTAAA-1,Layer_6,7
GACGGACCGCGTTCCT-1,Layer_1,3
GACGGGATGTCTTATG-1,Layer_1,1
GACGGGCATCGAATTT-1,,2
GACGGGTTGGCCCGTA-1,WM,5
GACGGTCAATAGAAGC-1,Layer_3,2
GACGTGTAGGGATTAT-1,Layer_4,2
GACTAACACAGCACCT-1,Layer_3,1
GACTAAGATCATGCAC-1,Layer_5,6
GACTAAGTAGGCTCAC-1,Layer_5,6
GACTACAAAGCGGTGG-1,WM,5
GACTACAATTGCTCGT-1,Layer_3,2
GACTAGGCCGTTAGGT-1,Layer_5,6
GACTCACCCACGTGAG-1,Layer_3,2
GACTCCCAGAATAAGG-1,Layer_2,1
GACTCCTTCCAATTGA-1,WM,5
GACTCGCGGGAATGAC-1,Layer_3,2
GACTGATTGGTCACAA-1,Layer_1,3
GACTGCAAATCGAGCT-1,Layer_5,6
GACTGCACCAGCCCAG-1,Layer_5,6
GACTGCGGCACGTGTA-1,Layer_3,2
GACTGCTGGTGAGAAA-1,WM,5
GACTGGGCGCCGCAAC-1,Layer_2,1
GAGACCCTGCAACGCC-1,,3
GAGACTGATGGGTAGA-1,Layer_5,6
GAGACTTCGCGACCGA-1,Layer_6,4
GAGAGGGCGCGAGGTT-1,Layer_6,7
GAGAGGTGCATTCTGG-1,Layer_6,4
GAGAGTCTCGGGAGAG-1,WM,4
GAGATCTGCTTGGCAT-1,Layer_6,7
GAGATCTGTCACTCCG-1,Layer_5,6
GAGATCTTCCATGACA-1,Layer_5,6
GAGATGGGAGTCGACA-1,Layer_6,7
GAGCACCTGTGTCCAG-1,Layer_5,6
GAGCATCAACAACTTG-1,WM,5
GAGCATCATCCCTGGG-1,Layer_2,1
GAGCCACGGTAGTAGG-1,Layer_2,3
GAGCCAGCTACCTGTG-1,Layer_4,2
GAGCCGAGCGTTTATT-1,Layer_1,3
GAGCGAGGGAGTACCG-1,Layer_3,2
GAGCGCAAATACTCCG-1,Layer_3,1
GAGCGCGCACGAGTAG-1,Layer_4,2
GAGCGCTGTTAGGTAA-1,WM,5
GAGCGGAATGCGGTGT-1,WM,5
GAGCTAAGGGCATATC-1,Layer_5,6
GAGCTCTCGGACCTAA-1,Layer_3,1
GAGGAATGGAGAGGTT-1,Layer_4,2
GAGGAGATCCTCATGC-1,Layer_1,1
GAGGAGTAATTCCTAC-1,Layer_1,3
GAGGATAAACAGTGCT-1,Layer_2,1
GAGGCCCGACTCCGCA-1,WM,5
GAGGCCTGTTGATACA-1,Layer_3,1
GAGGCTATCAAAGTCG-1,Layer_5,6
GAGGGAGTCAGATCGC-1,WM,5
GAGGGCATCGCGTATC-1,Layer_1,3
GAGGGCGCAGCTCTGC-1,Layer_4,6
GAGGGTAGTAACAAAG-1,WM,5
GAGGTACATCCATCTT-1,Layer_3,2
GAGGTACGCGTGTCCC-1,Layer_5,7
GAGGTCCCAAAGATCT-1,Layer_3,1
GAGGTCTTAGTGGGTC-1,Layer_1,3
GAGTAAACCGGAAAGT-1,Layer_2,3
GAGTAAGGCCACGGGA-1,Layer_6,7
GAGTACGGGTATACAA-1,Layer_3,1
GAGTAGATACTAGTTG-1,Layer_6,7
GAGTATACCCTAATCA-1,WM,5
GAGTATGCCCGCCTTG-1,WM,5
GAGTATGCGCGTGCAT-1,Layer_5,7
GAGTCAGACCAGAATC-1,WM,5
GAGTCCGCTTACCGGA-1,Layer_6,7
GAGTCGACAGACCCTC-1,Layer_3,2
GAGTGTCAACCAGAAA-1,Layer_4,6
GAGTGTGCGGTACCCA-1,Layer_5,6
GAGTTGATGGCAATTT-1,WM,5
GAGTTGTCACCAGTCT-1,WM,5
GATAAATCGGTGGATG-1,Layer_3,1
GATAACTCGCACTGTG-1,Layer_5,6
GATAAGGCAGATGCAA-1,Layer_1,3
GATACGATGGGAGTCA-1,WM,5
GATAGAACCCGCTAGG-1,Layer_6,7
GATAGGTAACGTTGAC-1,Layer_6,4
GATAGTGCGAGTAAGT-1,WM,5
GATATCAGTATGTATC-1,Layer_1,3
GATATCTCATGCAATA-1,Layer_3,2
GATATGAGACACTAAC-1,Layer_5,6
GATATGCGGTAGCCAA-1,Layer_3,2
GATATGGATTACGCGG-1,Layer_3,2
GATATTGAGATTGGCG-1,Layer_3,2
GATATTTCCTACATGG-1,Layer_3,2
GATCAACATAAAGGGA-1,WM,5
GATCATTCCAAACATT-1,Layer_6,7
GATCCCTTTATACTGC-1,Layer_6,6
GATCCGGGAATTAACA-1,Layer_6,7
GATCCTAAATCGGGAC-1,Layer_3,2
GATCCTCGACACTGGC-1,WM,5
GATCCTCTTGCGCTTA-1,Layer_3,1
GATCGACACTATCTGA-1,Layer_5,6
GATCGCGGGCTCTCCA-1,Layer_6,4
GATCGCTACCCGATTT-1,Layer_3,2
GATCGCTATATCTCAG-1,WM,5
GATCGCTGTGGTGCGT-1,WM,5
GATCGGATAGAACCAT-1,Layer_5,7
GATCGGCGATAAGTCG-1,Layer_3,1
GATCGGTGGCCATAAC-1,Layer_6,7
GATCGTGACTGATATC-1,Layer_6,7
GATCTCGACGCTGTGG-1,Layer_2,3
GATCTGCTATCTAAGG-1,Layer_6,7
GATCTTGGAGGGCATA-1,Layer_6,7
GATCTTTGCAGGGTAT-1,Layer_6,7
GATGACAAGTAGGGCA-1,WM,5
GATGACGATGATCGCG-1,Layer_1,3
GATGAGGAACCTTCGG-1,Layer_4,6
GATGATTTGAAACTGG-1,Layer_1,1
GATGCCACACTACAGC-1,Layer_1,1
GATGCCAGCAGAAGGC-1,Layer_3,1
GATGCCTTCTGCGGCA-1,WM,5
GATGCGTCCTGCATTC-1,Layer_6,4
GATGCTACAAGCGCCT-1,Layer_3,2
GATGCTACCTTCGATG-1,Layer_6,7
GATGCTGTATTTCATC-1,Layer_6,7
GATGGCGCACACATTA-1,Layer_3,1
GATGGTGCCCTAGGCA-1,Layer_3,2
GATGTAACGAACCACC-1,WM,5
GATGTCCGGATCACAT-1,Layer_1,3
GATGTCGGTCAACTGC-1,Layer_3,1
GATGTGTTGTCACAAG-1,Layer_3,1
GATGTTCAATCCACGA-1,Layer_6,4
GATGTTTGTGCGAGAT-1,Layer_3,2
GATTAACCGAAAGCCC-1,Layer_3,2
GATTAATCCTGGCTCA-1,Layer_1,1
GATTACTGAATTTGGG-1,Layer_6,4
GATTCCCTTGTCGCAG-1,Layer_5,6
GATTCCGCGTTTCCGT-1,Layer_3,2
GATTCCTATACGGCGC-1,Layer_3,2
GATTCGACGGTTCACG-1,Layer_6,7
GATTGACACTCTGCTC-1,Layer_1,1
GATTGCTCCAGTTGCA-1,WM,5
GATTGGGAAAGGTTGT-1,Layer_5,6
GCAAACCCTACATTAT-1,Layer_5,6
GCAAACCTTGGCCATA-1,Layer_6,7
GCAAACGTAAGCGACC-1,WM,5
GCAAACGTCGCCAGGT-1,Layer_2,1
GCAAAGGGCGTTAGCC-1,WM,5
GCAAATATTACGCTTT-1,Layer_6,7
GCAACACACTAGAACT-1,Layer_6,7
GCAACAGCAGTATGCG-1,Layer_3,1
GCAACCACCAGACCGG-1,Layer_3,2
GCAACCACGGCCGCGT-1,Layer_6,4
GCAACGGCTAGTTATG-1,Layer_2,1
GCAAGAATTCCTTGGC-1,Layer_6,4
GCAAGATGTGTTCGCG-1,Layer_1,3
GCAAGTGCACAGAGAA-1,Layer_4,2
GCAAGTGTAAAGCATG-1,WM,5
GCACAAACCCTAGATG-1,WM,5
GCACAAACGAGGCGTG-1,Layer_2,1
GCACAACCTCGGGCGT-1,WM,5
GCACAAGTGTCGGAAG-1,Layer_3,1
GCACACACTGGTAGCC-1,Layer_3,2
GCACACGCCCATGGTC-1,Layer_4,2
GCACAGCACGGGCCGA-1,WM,4
GCACGCCTACTTAGAT-1,WM,5
GCACGTGGTTTACTTA-1,Layer_3,1
GCACTAGTCGCGCTAT-1,Layer_3,1
GCACTCCCACAGTCCC-1,Layer_1,1
GCACTGCCTACCTTTA-1,Layer_5,7
GCACTGTGCAAATGTA-1,Layer_1,3
GCAGACCCAGCACGTA-1,Layer_3,2
GCAGATCCATAAGACT-1,Layer_5,6
GCAGATTAGGGATATC-1,Layer_6,7
GCAGCACACAGCCCAG-1,Layer_6,7
GCAGCCTATATCACAT-1,Layer_2,1
GCAGGAACTTAGATCT-1,WM,5
GCAGGACTATAGAATA-1,Layer_5,6
GCAGGTAGAGTATGGT-1,Layer_3,2
GCAGTGTGGCTATAGG-1,Layer_5,6
GCATACGAGGTCTTTA-1,Layer_5,6
GCATAGAGCACTCAGG-1,Layer_6,4
GCATCCCTAACTTTGA-1,Layer_3,1
GCATCGGCCGTGTAGG-1,Layer_3,2
GCATGAGGGACGCGGC-1,Layer_5,6
GCATGCTAATAACGAT-1,Layer_3,2
GCATTCAAGGCAACGC-1,Layer_3,1
GCATTCGAAATGAACA-1,Layer_3,2
GCATTGTAATTCATAT-1,Layer_5,7
GCATTTCCAAGGCTCC-1,Layer_3,1
GCCAACCATTTCCGGA-1,Layer_3,1
GCCAAGAATACTTCTG-1,Layer_6,7
GCCAATAGGGCATCTC-1,Layer_3,2
GCCACAATTTAAGGAC-1,WM,5
GCCACTCAGAGCGCGA-1,Layer_3,2
GCCAGGAGTAACCGAT-1,Layer_3,2
GCCAGGCGTTCGCATG-1,Layer_3,2
GCCATATTGCACACAG-1,Layer_3,2
GCCATCGAGCTGCGTG-1,WM,5
GCCATCGATGCTGCAT-1,Layer_3,1
GCCATTAGCCTCAAAC-1,WM,5
GCCCACCAAGGCTGTC-1,Layer_2,3
GCCCAGTTGGTATGCC-1,Layer_3,2
GCCCATGGGTGCAATG-1,Layer_1,3
GCCCGACTTCTTCCCG-1,WM,5
GCCCGAGAGTCTAAAT-1,WM,5
GCCCGATCTGTGGTCG-1,Layer_6,7
GCCCGATGCCCAGTTC-1,WM,5
GCCCGCGCGTAAACGG-1,WM,5
GCCCGCGCGTTTGACA-1,Layer_3,2
GCCCGTAATACCTTCT-1,Layer_5,6
GCCCTAGCCGTCGCGA-1,WM,5
GCCCTGAGGATGGGCT-1,Layer_5,6
GCCGAAATTCCTACGT-1,Layer_6,7
GCCGACCCACGACTGC-1,WM,5
GCCGATTGGCCAAGCT-1,Layer_6,4
GCCGCATTAGTCCGGC-1,Layer_5,6
GCCGCTAGATACGCAG-1,Layer_1,3
GCCGCTTGTGAGAAAC-1,Layer_6,7
GCCGGAAACACATCTT-1,Layer_1,3
GCCGGGTTAGGGTCGC-1,Layer_6,4
GCCGGTCGTATCTCTC-1,Layer_6,7
GCCGGTTTGGGCGGAT-1,Layer_1,1
GCCGTCGGTTTCGGGC-1,WM,5
GCCGTGGAAGAAATGT-1,Layer_2,1
GCCTACGTTCTGTGCA-1,Layer_4,2
GCCTAGCGATCTGACC-1,Layer_3,2
GCCTATAGTGTCAGGG-1,Layer_4,2
GCCTATTCCGATATAG-1,Layer_3,2
GCCTATTTGCTACACA-1,Layer_2,3
GCCTCATCTGGAAATA-1,Layer_4,2
GCCTCCGACAATTCAC-1,Layer_3,2
GCCTCTATACATAGCA-1,Layer_5,6
GCCTTCAGCCCTACCG-1,Layer_3,2
GCCTTGTATATGCAGT-1,Layer_2,1
GCCTTTGTCAGTGGAC-1,WM,5
GCGAAACGATCGGGAG-1,Layer_3,2
GCGAAACTTAACTGGA-1,Layer_5,6
GCGAAGAATCTGACGG-1,Layer_4,2
GCGAAGCCATACCCGT-1,Layer_6,7
GCGACATGTAAACATC-1,Layer_3,2
GCGACCCAACCATCTG-1,WM,5
GCGACGATAGTTGTAC-1,WM,5
GCGAGAAACGGGAGTT-1,Layer_1,3
GCGAGAGTTGCGTCCA-1,Layer_3,1
GCGAGCGCATGCTCCC-1,Layer_3,2
GCGAGGCCCGAGCAGA-1,Layer_6,4
GCGAGTTCTGCAAAGA-1,Layer_6,7
GCGATTCTGGAAGCAG-1,Layer_3,1
GCGATTGTTAACGTTA-1,Layer_6,7
GCGCAAATATATTCAA-1,WM,5
GCGCAAGAGCGCGCTG-1,Layer_3,2
GCGCATCCAGTCAGCA-1,Layer_4,2
GCGCCGTTCCACGATA-1,Layer_6,7
GCGCCTCCCACTCCGA-1,Layer_3,1
GCGCGATGGGTCAAGT-1,Layer_1,1
GCGCGGTCTAGTAACT-1,Layer_6,7
GCGCGTCATTGGTACA-1,Layer_5,6
GCGCTAAGTATGCATG-1,Layer_2,1
GCGCTAATTGAATAGA-1,Layer_6,7
GCGCTATGCCGAGGCA-1,WM,5
GCGCTGATCCAGACTC-1,Layer_3,2
GCGCTGCTTTGCATTT-1,Layer_4,2
GCGCTTAAATAATTGG-1,Layer_4,2
GCGGACCGCGTTGTGG-1,WM,5
GCGGAGAAACTTCGCA-1,WM,5
GCGGAGAGGGAGAACG-1,Layer_5,6
GCGGCAAAGTATTGCC-1,WM,5
GCGGCTCTGACGTACC-1,Layer_6,7
GCGGGAACCAGGCCCT-1,Layer_3,2
GCGGGCGAGCCTTACC-1,WM,5
GCGGTAACCCAAATGA-1,Layer_1,1
GCGGTCCCTAGACGCA-1,Layer_3,1
GCGGTGAACTGCGCTC-1,Layer_3,2
GCGGTTCCCTATCATG-1,WM,5
GCGTAAATGGCCATAA-1,Layer_3,2
GCGTCCAGCTCGTGGC-1,Layer_1,1
GCGTCCCTAAGACATA-1,WM,5
GCGTCGAAATGTCGGT-1,Layer_4,2
GCGTCGCCAGGGTGAT-1,Layer_6,7
GCGTCTCTGCATTGGG-1,Layer_6,7
GCGTGGTACTGGGTTA-1,Layer_4,2
GCGTGTATGTCGTATT-1,Layer_1,3
GCGTTATATTTGGAAC-1,Layer_3,2
GCGTTCGGAGACCGGG-1,Layer_3,2
GCTAAACCTGAGGTGA-1,Layer_3,2
GCTAACTGAAGTCTGA-1,Layer_4,2
GCTAAGCCCAGTATGC-1,,2
GCTAAGTAAAGGCGAT-1,Layer_3,2
GCTAAGTAGTTTCTCT-1,Layer_5,6
GCTAATACCGAATGCC-1,Layer_4,2
GCTACAATCGAGGATA-1,Layer_3,1
GCTACAGTACGGACCG-1,Layer_5,6
GCTACGACTTATTGGG-1,Layer_6,7
GCTACTATAGTAGAGT-1,Layer_4,2
GCTAGACCGTCTACTG-1,Layer_3,2
GCTAGAGTAGAGATGT-1,Layer_3,2
GCTAGCAGGGAGTGGG-1,Layer_3,1
GCTAGCGATAGGTCTT-1,WM,5
GCTAGCTTGAATAGCT-1,WM,5
GCTAGGCACCACGGAG-1,Layer_5,6
GCTAGTAGAGCTTGTA-1,Layer_6,4
GCTAGTTTCATTGAGG-1,Layer_3,1
GCTATACGTCTCGGAC-1,Layer_4,2
GCTATCATACTCATGG-1,Layer_5,6
GCTATCGCGGCGCAAC-1,Layer_3,1
GCTCAACCTCTTAGAG-1,Layer_1,1
GCTCAATCCGTTTATT-1,WM,5
GCTCAATGTAATACCG-1,Layer_6,7
GCTCATTACTGCATGT-1,Layer_3,2
GCTCCATGCAAAGCAA-1,Layer_6,7
GCTCCCAGTCGGTCCA-1,Layer_3,1
GCTCCGCTCGCTTCAG-1,Layer_3,1
GCTCCTGACATACTGG-1,WM,5
GCTCGCGGTTCCGCTC-1,Layer_3,2
GCTCGCTCATGTCCAA-1,Layer_3,2
GCTCGGAATTTAAAGC-1,Layer_4,6
GCTCTAAACCCTGACG-1,Layer_5,6
GCTCTATGTTACGTGC-1,Layer_5,2
GCTCTCGGGTACCGAA-1,Layer_5,6
GCTCTTTCCGCTAGTG-1,Layer_6,4
GCTGAATCTTCCAATC-1,WM,5
GCTGAGGCGTGAGTAT-1,Layer_6,4
GCTGCACGGTTTCTTA-1,Layer_6,7
GCTGCTAAGTAGTCGA-1,Layer_6,4
GCTGCTACTGCGTAGC-1,Layer_6,7
GCTGCTCTCCGGACAC-1,Layer_6,7
GCTGGACCCAAAGTGG-1,Layer_2,1
GCTGGCATATTCACCT-1,Layer_5,6
GCTGGCGGCGCATGCT-1,Layer_6,7
GCTGGTTTAGGCCATA-1,WM,5
GCTGTATTACTGGCCC-1,WM,5
GCTGTCTGTGATCGAC-1,Layer_1,3
GCTGTTGCTACCGAAC-1,Layer_4,2
GCTTAATGTAACTAAC-1,Layer_5,6
GCTTATGAAGCAGGAA-1,Layer_5,6
GCTTCCAGCTTAGATT-1,Layer_1,1
GCTTCCGTCCCTAGAC-1,Layer_5,6
GCTTCGACGTTCAATC-1,WM,5
GCTTGATGATAATCAG-1,Layer_3,2
GCTTGGATCGATTAGG-1,Layer_3,2
GCTTTCAGAGGAGGTG-1,Layer_4,2
GGAAACTAAATGGGCC-1,Layer_3,2
GGAAAGTCTTGATTGT-1,WM,4
GGAAAGTGCCCATGCC-1,Layer_3,2
GGAACCGTGTAAATTG-1,WM,5
GGAACCTTGACTCTGC-1,WM,5
GGAACGGCCTGCAGCC-1,Layer_3,2
GGAACTTTGGCGATTA-1,Layer_2,1
GGAAGCTCGCTTACAG-1,Layer_3,2
GGAATAACCTCAAGAA-1,Layer_2,1
GGAATGCGCTAGCGTG-1,Layer_5,6
GGACACAAGTTTACAC-1,Layer_3,1
GGACCAACAGGATAAC-1,Layer_6,7
GGACCTACGGTAACGT-1,Layer_2,1
GGACCTCTAGGCCGCC-1,WM,5
GGACGGCTTGCGCAAC-1,Layer_1,3
GGACGGGCGACCAACC-1,,2
GGACTCGACAGCGCAT-1,WM,5
GGACTCGTGAGTGGTC-1,WM,5
GGAGAAGTCATTGGCA-1,Layer_4,2
GGAGACCATCTACATA-1,Layer_6,4
GGAGACGACACCTTTG-1,Layer_6,7
GGAGCAACATTTCAAG-1,Layer_3,2
GGAGCACCAAGAACTA-1,Layer_5,6
GGAGCGAGGCCTACTT-1,Layer_5,7
GGAGGATTGAAAGGAG-1,Layer_3,1
GGAGGCCGAAGTCGTC-1,Layer_2,1
GGAGGGCTTGGTTGGC-1,Layer_5,6
GGAGTGCCGCCCTGGA-1,Layer_4,2
GGAGTTGATTCTGTGT-1,,1
GGATACTCATGAATTG-1,Layer_1,3
GGATCAAAGGACGAGG-1,Layer_1,3
GGATCATCCCGTACGC-1,Layer_3,1
GGATCCCTACCAGCTA-1,Layer_1,1
GGATCCGGAATATACT-1,Layer_5,6
GGATCTTACTGCCCTT-1,WM,5
GGATCTTGACTCAACC-1,WM,5
GGATGAAGATCGCTGA-1,Layer_4,2
GGATGACGCGAGTTTA-1,Layer_6,7
GGATGCTGGCGTTCCT-1,Layer_5,6
GGATGTCCTTACCGCA-1,Layer_5,6
GGATTAAGCTAAGGTC-1,Layer_3,1
GGATTCAGTACGGTGG-1,Layer_3,2
GGATTCCGCTATACCC-1,Layer_4,2
GGATTGCTGTGACTCC-1,Layer_4,2
GGATTTCACTTCTATA-1,Layer_5,6
GGCAAAGGCGCCAATA-1,WM,5
GGCAAATTACTTTACT-1,Layer_6,4
GGCAAGCCCATAGTGG-1,Layer_6,4
GGCAAGGCGAAATAGC-1,Layer_6,7
GGCAATAGTCAATGAG-1,Layer_6,7
GGCACTCCACTGGGCA-1,Layer_6,7
GGCAGCAAACCTATGC-1,Layer_3,2
GGCAGCGGTAATCCTA-1,Layer_3,1
GGCATACAGGTAGCGG-1,Layer_5,6
GGCATATCGGTTCTGC-1,Layer_3,2
GGCATCAACGAGCACG-1,Layer_1,3
GGCCACAAGCGATGGC-1,Layer_1,3
GGCCCTCACCCACTTA-1,Layer_5,6
GGCCGAGACTCTGGTG-1,WM,5
GGCCGGCGTCTGCTAT-1,Layer_5,6
GGCCGTTTGGGTTTCA-1,WM,5
GGCCTGCTCTGATGTT-1,Layer_6,7
GGCCTGCTTCTCCCGA-1,Layer_2,1
GGCGAAATCTAACTTG-1,Layer_5,6
GGCGAGCATCGAGGAC-1,Layer_1,1
GGCGAGCGAAACGGCA-1,Layer_6,5
GGCGCAGGACATCTTC-1,Layer_5,6
GGCGCATGAATTGATG-1,Layer_6,4
GGCGCGGAGATCTTTC-1,Layer_4,2
GGCGCGTTCGAGTTTA-1,Layer_6,4
GGCGCTCCTCATCAAT-1,Layer_2,1
GGCGCTTCATTCCCTG-1,Layer_5,6
GGCGGAGTAATATTAG-1,Layer_5,7
GGCGGTAGGATCATTG-1,Layer_6,7
GGCGGTTTGCCGGTGC-1,Layer_1,1
GGCGTACCCTATATAA-1,Layer_1,3
GGCGTAGGGAAAGCTG-1,Layer_4,6
GGCGTCCTATCCGCTG-1,Layer_5,6
GGCTAAAGGGCGGGTC-1,Layer_3,2
GGCTACTATACACTCC-1,WM,5
GGCTATTAAGTTGTAT-1,Layer_5,6
GGCTCCTCCACCTGTT-1,WM,5
GGCTCGCGTTGAGGTA-1,Layer_4,2
GGCTCGTGCCACCAGC-1,Layer_3,2
GGCTCTGCTCCAACGC-1,Layer_5,6
GGCTGAAATAGCAAAG-1,Layer_5,6
GGCTGAGCATCGTAAG-1,Layer_2,1
GGCTGGCTAGCTTAAA-1,Layer_1,3
GGCTTTCAATAAGGGT-1,Layer_6,7
GGGAACCACCTGTTTC-1,Layer_1,1
GGGAACGGGAGGTTAG-1,Layer_6,7
GGGAACGGTTTCAGAT-1,WM,5
GGGAAGACGGTCTGTC-1,Layer_5,6
GGGAAGGGCTTTCTCA-1,Layer_4,2
GGGAATGAGCCCTCAC-1,Layer_2,1
GGGACAGAGTTACTCC-1,WM,5
GGGACCCGTATATCTT-1,WM,5
GGGACTGCATAGATAG-1,Layer_6,7
GGGAGAACTCACAGTA-1,Layer_6,7
GGGAGCGACCGTAGTG-1,Layer_3,2
GGGAGGATGCCCGAAA-1,Layer_6,4
GGGAGTAATGGCTGGC-1,Layer_1,3
GGGAGTTAATGAGGCG-1,Layer_6,7
GGGATGGTCGTAACCG-1,WM,5
GGGATTTACCGCACCT-1,Layer_5,6
GGGCAACCGCACGTGC-1,WM,5
GGGCACGTAGTACTGT-1,Layer_6,5
GGGCAGAGCAATCGTT-1,Layer_6,7
GGGCAGGATTTCTGTG-1,WM,5
GGGCCATTCGTGCTGG-1,WM,5
GGGCCCGTCTTAAACA-1,Layer_6,4
GGGCCCTACGAAAGGG-1,Layer_5,6
GGGCCGGCCGAAGTAC-1,Layer_5,6
GGGCCTAAATGGGCTA-1,Layer_5,7
GGGCGAATTTCTCCAC-1,Layer_1,1
GGGCGATATGTGTGAA-1,Layer_5,6
GGGCGGCAAATGAATT-1,WM,5
GGGCGGGTTCCCTACG-1,Layer_6,4
GGGCGGTCCTATTGTC-1,Layer_1,1
GGGCGTACATTTATAT-1,Layer_5,6
GGGCGTCACCACGTAA-1,WM,5
GGGCGTCCACTGGCTC-1,Layer_3,2
GGGCGTGGTTTCCCAG-1,Layer_5,6
GGGCGTTTACATTCAT-1,WM,5
GGGCTATGATCGATGG-1,WM,5
GGGCTCATCGAACCCA-1,Layer_4,6
GGGCTGCCTAGGGCGA-1,Layer_6,7
GGGCTGGTTAGTCGCG-1,Layer_6,7
GGGTAATGCTGTGTTT-1,Layer_1,1
GGGTACCCACGGTCCT-1,Layer_1,3
GGGTACTTCATGAACT-1,Layer_6,7
GGGTATGTATGCACTT-1,Layer_4,2
GGGTATTCTAGCAAAC-1,WM,5
GGGTCACCGTGACGGT-1,Layer_6,7
GGGTCAGGAGCTAGAT-1,Layer_6,4
GGGTCATGCGTACCAT-1,Layer_3,3
GGGTCCTTGGAAGAAG-1,WM,5
GGGTCGTGGCAAGTGT-1,Layer_3,1
GGGTCTATCGCTTTCC-1,,1
GGGTGACACCTTAACT-1,Layer_6,7
GGGTGCATATGAAAGC-1,Layer_2,1
GGGTGGTCCAGCCTGT-1,Layer_3,1
GGGTGTTTCAGCTATG-1,Layer_3,2
GGGTTAACATTTGAGT-1,WM,5
GGGTTCAGACGAACAA-1,Layer_3,1
GGGTTTAGGATAGGAT-1,Layer_3,1
GGTAAACTCTGCGCTG-1,,2
GGTAAATGTGCGTTAC-1,Layer_3,2
GGTAACCGGGAGGATA-1,WM,5
GGTAACTATGTATCTG-1,Layer_3,1
GGTACAAACATGCTAT-1,Layer_6,4
GGTACATCTGGGACGA-1,Layer_5,6
GGTACCATTAAGACGG-1,Layer_3,2
GGTACGTTGCGGCCGG-1,,1
GGTAGAAGACCGCCTG-1,Layer_6,7
GGTAGACCGTTGGGCG-1,WM,5
GGTAGTGCTCGCACCA-1,Layer_6,7
GGTATAGTGACACATA-1,Layer_2,1
GGTATTGCCGAGTTTA-1,Layer_6,7
GGTCAAGACTACTTCG-1,Layer_3,1
GGTCAGTGGGTCCCAC-1,Layer_6,4
GGTCCTTCATACGACT-1,Layer_1,1
GGTCGGATAAACGGCG-1,Layer_3,2
GGTCGGCCAGGAGCTT-1,Layer_5,6
GGTCGGTAATTAGACA-1,Layer_2,3
GGTCGGTCGTCCACAG-1,WM,5
GGTCGTAAGCTCGCAC-1,WM,5
GGTCTCCGTCCAGGTT-1,Layer_3,1
GGTCTCTGAATGGACT-1,WM,5
GGTCTGAGAATCTGGA-1,Layer_5,6
GGTCTTGAGCGCTCTT-1,Layer_6,7
GGTGAAACCGGGAATG-1,Layer_1,3
GGTGAAGTACAGGGAT-1,WM,5
GGTGAGATGCAGATAA-1,Layer_3,1
GGTGATAAGGAGCAGT-1,Layer_5,6
GGTGATTTCATCTTGT-1,Layer_1,3
GGTGCAGAGCCTATCG-1,Layer_1,1
GGTGCATAAATGATTA-1,WM,5
GGTGCGGATAAGTGGC-1,Layer_3,2
GGTGCTGATCACAAAG-1,Layer_3,2
GGTGCTGGTACACATT-1,Layer_6,5
GGTGGACTGCTCTGGC-1,Layer_5,6
GGTGTAAATCGATTGT-1,Layer_6,7
GGTGTAGGTAAGTAAA-1,Layer_6,7
GGTGTTCTGTTTCTAC-1,Layer_2,1
GGTTACCACCCTCGGG-1,WM,4
GGTTAGCTATATGTCT-1,Layer_5,6
GGTTAGGCTTGGAGAA-1,Layer_5,6
GGTTAGTTACGGCGCC-1,Layer_3,2
GGTTCCACCCGCTTCT-1,Layer_1,3
GGTTCGCATTTGCCGT-1,,2
GGTTCTACTCGTCTGA-1,Layer_3,2
GGTTGTATCGTGAAAT-1,Layer_1,3
GGTTGTGTAGCCTGGC-1,Layer_4,2
GGTTTAATTACCATCG-1,WM,5
GGTTTACAATCTCAAT-1,Layer_5,6
GGTTTAGCCTTTCTTG-1,Layer_3,2
GGTTTCAATCGGTCAG-1,Layer_5,6
GGTTTGAGTGCTGGAA-1,Layer_2,1
GGTTTGTGACCTGAGG-1,Layer_3,1
GTAACATCTAAGATAA-1,Layer_3,1
GTAACTACGTAGACCT-1,WM,5
GTAACTGCCCAAGGAG-1,WM,5
GTAACTTGCGGCAGTC-1,Layer_1,3
GTAAGCGGGCAGTCAG-1,Layer_5,6
GTAAGGATTTGTCGGA-1,Layer_3,2
GTAAGTAACAGTCTGG-1,Layer_5,6
GTAAGTAGGGTATACC-1,Layer_4,2
GTAATAAAGGGCTCCC-1,Layer_3,2
GTAATCTGATTCTTCG-1,WM,5
GTACACTTACCTGAAG-1,Layer_6,7
GTACAGAGGCAAGGGT-1,Layer_5,6
GTACGACGGCGCTGCG-1,Layer_1,3
GTACGAGATTGCGACA-1,Layer_5,6
GTACGCTTCATTGCAC-1,Layer_6,7
GTACGTCACGTATTAA-1,Layer_1,3
GTACGTTTGCCCGTCA-1,Layer_6,7
GTACTAAGATTTGGAG-1,Layer_5,6
GTACTCCCTTATCGCT-1,Layer_5,6
GTACTCCTGGGTATGC-1,Layer_3,2
GTACTGAGGTCGTAAC-1,Layer_3,1
GTACTGCATGAAGCGT-1,Layer_2,3
GTACTGGAGTTAGACC-1,Layer_5,6
GTACTTGGGCACTTCT-1,Layer_3,1
GTAGAAACGGGTGGAG-1,Layer_3,1
GTAGACAACCGATGAA-1,Layer_2,1
GTAGACACGCCTGACT-1,Layer_6,7
GTAGACGTCGTTACAT-1,Layer_2,1
GTAGAGGGAGACAAGT-1,WM,5
GTAGCCAAACATGGGA-1,Layer_6,7
GTAGCGCTGTTGTAGT-1,Layer_1,3
GTAGCGGCTATACACT-1,Layer_6,7
GTAGCTAGTAAGCGCG-1,Layer_1,3
GTAGCTCCGGGAGGCT-1,WM,5
GTAGCTTCCTCTTGTT-1,Layer_5,6
GTAGGTGATCCGTGTA-1,Layer_3,2
GTAGTCGCGGGAATCA-1,Layer_5,6
GTAGTCTACGATATTG-1,Layer_5,6
GTAGTTCGAAGGCGAA-1,WM,5
GTATAGGACTCAGTAG-1,Layer_5,6
GTATAGTGGCCCATGT-1,Layer_2,1
GTATATGTTACGGCGG-1,Layer_1,1
GTATCAAACGTTAGCT-1,Layer_3,2
GTATCAGCTTGGGTTC-1,Layer_3,2
GTATCCTTTGGTAACC-1,Layer_3,2
GTATCTCAGTCTTGAC-1,WM,5
GTATCTCCCTAACTGT-1,Layer_1,3
GTATCTCGGGCGCTTT-1,WM,5
GTATCTTGTTGCTCAC-1,Layer_1,3
GTATCTTTCATAACCA-1,Layer_6,7
GTATGAAATTTCACTC-1,WM,5
GTATGACGTGGGAAAC-1,Layer_1,3
GTATGTGGGTCTAGTT-1,Layer_5,2
GTATTAAGGCGTCTAA-1,Layer_3,1
GTATTCTGAGAAACGA-1,WM,5
GTATTCTTACCGTGCT-1,Layer_1,1
GTCAAAGAAGTGGTGT-1,WM,5
GTCAAAGTTTACATAG-1,Layer_1,3
GTCAACCAGGCCTATA-1,Layer_3,1
GTCAAGCGGACTCGGG-1,Layer_5,7
GTCAATTGTACTGAAG-1,Layer_1,3
GTCACAAAGTTTCCAA-1,Layer_3,1
GTCACCTGTCTATGTC-1,Layer_1,3
GTCACTCTCCAAATCT-1,Layer_3,2
GTCAGAATAGTCTATG-1,Layer_5,6
GTCAGTTGTGCTCGTT-1,Layer_3,2
GTCAGTTTGGTAGTCG-1,Layer_3,2
GTCATGCACCTCCGTT-1,Layer_6,7
GTCATGCGCGAGGGCT-1,Layer_3,2
GTCATGGACATGACTA-1,Layer_5,6
GTCATTAGAGCGAACG-1,Layer_6,7
GTCATTGCATTGACCC-1,Layer_3,2
GTCCAATATTTAGCCT-1,Layer_6,4
GTCCAGGCACGTGTGC-1,WM,5
GTCCATTACTGCTACG-1,Layer_3,2
GTCCCAACGTAAAGTA-1,Layer_6,7
GTCCCGCGACGTTATG-1,Layer_5,6
GTCCGGACCTGAAATT-1,Layer_4,2
GTCCGGCTGAATTGCG-1,Layer_5,6
GTCCGGGTTCACATTA-1,Layer_5,6
GTCCTACAGGCGGCTC-1,Layer_2,1
GTCCTACGAATAGTCT-1,Layer_4,2
GTCCTAGGATACCTTA-1,WM,5
GTCCTTCTAGTGGGTT-1,Layer_3,2
GTCCTTTAATGACTTC-1,Layer_1,3
GTCGAATTTGGGCGCT-1,WM,5
GTCGCCGTTGTGTGTT-1,WM,5
GTCGCGTAACCCGTTG-1,Layer_6,7
GTCGGATATCTCAGAC-1,Layer_5,6
GTCGGATGTAGCGCGC-1,Layer_3,2
GTCGGGAAGCAGAAAC-1,Layer_6,7
GTCGTACCATCTCGGG-1,Layer_6,7
GTCGTATTGGCGTACA-1,Layer_3,2
GTCGTCAATTATAAGG-1,Layer_2,1
GTCGTGTCTGGTCATC-1,Layer_3,1
GTCGTTATTCGCTTAT-1,Layer_6,6
GTCTACTCAATTACAA-1,Layer_5,6
GTCTAGTGAGCCGCTT-1,Layer_3,2
GTCTATCTGAGTTTCT-1,Layer_6,4
GTCTATTGCATGCTCG-1,Layer_3,1
GTCTATTGGTTCCGGT-1,Layer_4,2
GTCTCAAGGCCCGGCT-1,Layer_6,7
GTCTCCCGAGTCCCGT-1,,2
GTCTCCGCCTCAATAC-1,Layer_6,7
GTCTCCTGCCAGTATG-1,WM,5
GTCTCGACTAAGTTTG-1,Layer_2,1
GTCTCGATCTGCTTTC-1,Layer_4,2
GTCTCGCCAACACGCC-1,Layer_1,3
GTCTGGGCGGTCGAGA-1,WM,5
GTCTGTAGGTTGAACA-1,WM,4
GTCTTAGTACAGCCGG-1,Layer_3,2
GTCTTGTAGCTATTCA-1,Layer_3,1
GTGAAACGGCGCCACC-1,Layer_4,6
GTGAAACGTGCTCCAC-1,Layer_1,3
GTGAACTCCCATTCGA-1,Layer_3,2
GTGAAGATTTCAAGTG-1,Layer_3,2
GTGAAGCCGTATAGTC-1,Layer_3,1
GTGACAGCTTCCCACT-1,Layer_5,6
GTGACCGCACACTACG-1,Layer_5,6
GTGACGAGGGTGACCC-1,Layer_2,1
GTGACGCAGGTTTCAT-1,Layer_5,6
GTGACTTCAGTAGTGC-1,WM,5
GTGAGATAACCTTATA-1,WM,5
GTGAGCGTGCTGCACT-1,Layer_5,6
GTGAGGACACTTAAGG-1,Layer_5,6
GTGAGGAGCGGTTGAG-1,Layer_3,2
GTGAGTGGTACAACGC-1,Layer_6,4
GTGATCAAGCGTGCAC-1,WM,5
GTGATCACTAACGCCT-1,Layer_3,2
GTGATCATAGATCTGC-1,Layer_6,4
GTGATCCTTGTCATGA-1,Layer_4,2
GTGATGCACAACATCT-1,Layer_3,2
GTGATTCGCCGCTCAA-1,WM,5
GTGCAACAAATGTGGC-1,Layer_3,2
GTGCACCAGCTTCAAC-1,Layer_6,4
GTGCACGAAAGTGACT-1,Layer_4,2
GTGCCATCACACGGTG-1,Layer_6,4
GTGCCCGTTCGGATTC-1,Layer_5,6
GTGCCGCTTCAAAGGT-1,WM,5
GTGCCTCAGTGTACGG-1,Layer_3,2
GTGCGAAATCGAACAC-1,WM,5
GTGCGACAGGGAGTGT-1,Layer_3,2
GTGCGCAGCTTGCTCC-1,Layer_1,3
GTGCGCTTACAAATGA-1,Layer_1,1
GTGCGGGACCATCGGC-1,Layer_1,3
GTGCGGGTCTCCAAAT-1,Layer_5,2
GTGCGTGTATATGAGC-1,Layer_5,6
GTGCTCAAGTACTGTC-1,Layer_6,7
GTGCTTACATCAGCGC-1,Layer_2,1
GTGGAACCTACATGCG-1,Layer_3,2
GTGGACCAACCCGATT-1,Layer_6,4
GTGGACGCATTTGTCC-1,Layer_6,7
GTGGACGTGCTGAGAC-1,Layer_3,1
GTGGAGCGTTTACCGA-1,WM,5
GTGGAGTCGGCGGTTG-1,WM,5
GTGGCAAACAGCGGCA-1,WM,5
GTGGCCGGTTTCTCGG-1,WM,5
GTGGCGGGCCGTAGCT-1,Layer_1,3
GTGGCGGTCCCAGCGT-1,Layer_5,6
GTGGGAAGACTGAATC-1,Layer_6,7
GTGGGCTTAGACACAC-1,Layer_5,6
GTGGTATAGTCTGCCG-1,WM,5
GTGGTCAGCGAAGTAT-1,Layer_3,1
GTGGTGGCCAAGTGAA-1,Layer_5,6
GTGGTTACTTCTTTCG-1,Layer_3,1
GTGGTTTCCGCCTTTC-1,Layer_6,4
GTGTACCTTGGCTACG-1,Layer_5,6
GTGTATATCAGCGGGC-1,Layer_5,6
GTGTCAGTGTACGTGG-1,WM,5
GTGTCCGATAAGGCAT-1,Layer_1,3
GTGTCGTATAGCGTTC-1,Layer_5,6
GTGTGAATAACTTAGG-1,Layer_5,6
GTGTGAGCCGAGGTGC-1,Layer_1,1
GTGTTACTATGCGTCC-1,Layer_6,7
GTTAAAGTAGGACTGG-1,Layer_5,6
GTTAACATCACTTAAA-1,Layer_6,7
GTTAACTATGTTGTCA-1,Layer_3,1
GTTAAGGGTGCGATGT-1,Layer_5,6
GTTAATGTCTATCTTA-1,Layer_3,2
GTTACAATTGGTGACG-1,Layer_6,7
GTTACCTACAACTTGC-1,Layer_6,7
GTTACGAAATCCACGC-1,Layer_1,1
GTTACGGCCCGACTGC-1,Layer_1,1
GTTACTTTGGGCCTAG-1,WM,4
GTTAGAGTGTGCCGCT-1,Layer_3,1
GTTAGCCCATGACATC-1,Layer_5,6
GTTAGCCGTAAATCAA-1,Layer_3,1
GTTAGGCTACCCGTTT-1,WM,5
GTTATAATACGGTGAA-1,Layer_3,1
GTTATATTATCTCCCT-1,Layer_6,5
GTTATCACCTTCTGAA-1,Layer_2,1
GTTATTAAATACGACC-1,Layer_2,1
GTTATTAACGTGGGAG-1,Layer_3,1
GTTCAATCTATGTCAA-1,Layer_2,1
GTTCACAGGAGTCTAG-1,Layer_5,6
GTTCAGTCGCCAAATG-1,Layer_6,7
GTTCATCGTTTGGCTG-1,Layer_3,2
GTTCCAAGACAGCGAC-1,Layer_1,1
GTTCCAGTCTGACCAT-1,Layer_3,2
GTTCCGTCCGCCTGCA-1,WM,5
GTTCGACAATTGTATA-1,WM,5
GTTCGCCATAAGTGCC-1,Layer_6,4
GTTCGCTGAGACGTCT-1,Layer_3,1
GTTCGGAGCACTCAAC-1,,1
GTTCGGATCGGGAACA-1,Layer_3,1
GTTCGGGCGTACCATT-1,Layer_3,1
GTTCGTCTAAAGAACT-1,Layer_4,2
GTTCGTTGCGGACCAG-1,Layer_1,1
GTTCTTCCCTCGATGT-1,Layer_3,2
GTTGAACCGGTTCCAT-1,Layer_6,4
GTTGAGTCCCGCCGGT-1,Layer_5,6
GTTGCACGGAGTTTCG-1,Layer_5,6
GTTGCCCTAACGGGTG-1,WM,5
GTTGCGGACGGTCAGG-1,Layer_2,3
GTTGGATTCAGTGGCT-1,Layer_3,2
GTTGGATTGAGAACAC-1,Layer_5,6
GTTGGATTTGCGTTGG-1,Layer_6,4
GTTGGTCATGCTATCC-1,Layer_6,7
GTTGTAGATTTATGAG-1,Layer_6,7
GTTGTCGTGTTAGTTG-1,Layer_3,1
GTTTACGTTCCATCTG-1,Layer_6,4
GTTTCAAACGAGTTGT-1,Layer_2,1
GTTTCATATCGTCGCT-1,Layer_6,7
GTTTCCTGGAGGGTGA-1,Layer_5,6
GTTTCTGCAGTCTCCC-1,Layer_6,7
GTTTGACCAAATCCTA-1,Layer_6,7
GTTTGAGCGGTTATGT-1,Layer_1,1
GTTTGGCCCAAGTTAT-1,Layer_5,6
GTTTGGCCGCTCAGCG-1,Layer_1,3
GTTTGGGCTTGTGAGC-1,Layer_6,7
GTTTGGGTTTCGCCCG-1,Layer_3,2
GTTTGGTAGGGTCAAC-1,Layer_6,4
GTTTGGTGATCGGTGC-1,WM,5
TAAACCCAGGAGGGCA-1,WM,5
TAAACGTCGTCAATGA-1,Layer_1,1
TAAAGAGCCCGAAACC-1,Layer_2,1
TAAAGCGGTATTTCCA-1,WM,5
TAAAGCGTTAGGAGAA-1,Layer_5,6
TAAAGCTGCAATAGGG-1,Layer_3,2
TAAAGGAGAAACTAGT-1,Layer_1,3
TAAATGAATCCGTTTC-1,Layer_3,2
TAAATGCCGTCTCATG-1,Layer_1,1
TAAATTTAGTAACACC-1,WM,5
TAACAAAGGGAGAAGC-1,Layer_3,2
TAACAATATTTGTTGC-1,Layer_3,2
TAACAGCGTTTGTGCT-1,WM,5
TAACATACAATGTGGG-1,Layer_6,7
TAACATACACGCGATC-1,WM,5
TAACCGCCCGCAGTGC-1,Layer_2,1
TAACCTACCGTCCGAG-1,Layer_3,2
TAACCTAGGGAGTCCA-1,Layer_3,1
TAACGCTTTGAGAGCG-1,Layer_4,2
TAACTATCGAAGGTCC-1,Layer_3,2
TAACTATTACGCCAAA-1,Layer_3,1
TAACTCATCCGCGCGG-1,WM,5
TAACTCCATGGAGGCT-1,Layer_3,1
TAACTGAAATACGCCT-1,WM,5
TAAGAGGGACAGGGAC-1,WM,5
TAAGATTTAGCGGGAG-1,Layer_1,1
TAAGCAGGCGACACGC-1,Layer_5,6
TAAGCGCGAATCAAAT-1,WM,5
TAAGGAACTTGTGGGA-1,Layer_3,1
TAAGGCAACATAAGAT-1,Layer_5,6
TAAGGCATAACATCAA-1,WM,5
TAAGGCCCGTCACCCT-1,Layer_5,6
TAAGGCTGAATCCCTC-1,Layer_3,2
TAAGGGCCTGTCCGAT-1,Layer_3,2
TAAGGGCTGGGAGAGG-1,Layer_5,6
TAAGTAAATGTGCCGC-1,Layer_1,3
TAAGTAACATCTTGAC-1,WM,5
TAAGTCGCCGAGTATC-1,WM,5
TAAGTTGCGACGTAGG-1,Layer_3,2
TAATAAACAAGGAGAT-1,Layer_3,2
TAATACACAGTAGTAT-1,Layer_5,6
TAATACTAGAACAGAC-1,Layer_5,6
TAATAGAACAGAGTTA-1,WM,5
TAATAGGTCACCAGAA-1,WM,5
TAATAGTGACGACCAG-1,Layer_5,6
TAATATTGAAATTCGC-1,Layer_3,2
TAATCGATCCGTACGT-1,Layer_3,2
TAATGAAAGACCCTTG-1,Layer_3,2
TAATTACGTCAGTAGA-1,Layer_3,1
TAATTAGATGGATATG-1,Layer_1,3
TAATTAGGACATCCGT-1,Layer_3,2
TAATTGCGCTGATTAC-1,WM,5
TAATTGGAATCGGGAA-1,Layer_3,1
TACAAATTGCGGAGGT-1,Layer_1,3
TACAACGCACAACTCA-1,Layer_6,4
TACAAGCTGTTCACTG-1,Layer_1,3
TACAAGTCTCGTGCAT-1,Layer_5,2
TACAATGAAACCAGCA-1,Layer_1,1
TACAGAAACGGTGGGC-1,Layer_4,2
TACATAGGCATACACC-1,Layer_6,4
TACATCCCTATCCCTG-1,Layer_6,7
TACATTTCTAACGTGC-1,Layer_6,4
TACCAAATAGCCCAGA-1,Layer_6,7
TACCAATAAAGTACCA-1,Layer_5,6
TACCAGAAGTAGGTTC-1,WM,5
TACCAGCTAGGTTTAA-1,Layer_3,1
TACCAGGAATCCCGTC-1,WM,5
TACCGAATAATTGTAA-1,Layer_3,2
TACCGCGGACTTGCAG-1,Layer_4,2
TACCGGCTCACTGCCC-1,Layer_6,7
TACCGGTCGTTTCCAT-1,Layer_6,4
TACCGTAGGTTAACTA-1,Layer_6,4
TACCGTGCCTCGGACC-1,Layer_6,7
TACCTACTCCCAGTAT-1,Layer_6,7
TACCTCACGCTTGTAC-1,Layer_3,2
TACCTCAGTTGTCTGT-1,WM,5
TACCTCCACACCAATG-1,WM,5
TACCTGCTGCACTGTG-1,Layer_3,2
TACCTTAAGATTTCCC-1,WM,5
TACGAACACGACTTCA-1,Layer_6,7
TACGACGCTTGCTGCG-1,WM,5
TACGACTGCCTCTTAG-1,Layer_6,7
TACGAGAACTTCACGT-1,Layer_6,7
TACGATGTTGATCATC-1,Layer_5,6
TACGCAGTTCTTTCCT-1,Layer_6,4
TACGCCATATTCTAAT-1,Layer_6,4
TACGCCGAGGGTACCC-1,WM,5
TACGCCTCCATTCCGA-1,Layer_6,4
TACGCTATAGAAACCT-1,Layer_3,2
TACGCTCGGTATTGGA-1,Layer_2,1
TACGCTGCTGTGTTAA-1,WM,5
TACGGAAGCCAAACCA-1,Layer_5,6
TACGGGATGCTAGCAG-1,Layer_4,2
TACGTAAAGCGGAGTG-1,Layer_3,1
TACGTACTAGTGCTGA-1,WM,5
TACGTGCACTATGCTG-1,Layer_3,2
TACGTTTACCGGCAAT-1,Layer_6,7
TACTATGGTTCCTCAG-1,WM,5
TACTCCTCTAGTTGAC-1,WM,5
TACTCGGCACGCCGGG-1,Layer_5,6
TACTCTCCGAACAAAT-1,Layer_4,2
TACTCTTACTTTACTG-1,Layer_2,1
TACTCTTTCGTCTTCA-1,WM,5
TACTGAACAGATTTAG-1,WM,5
TACTGAGGGAAGAAAG-1,WM,5
TACTGCAATCAATTAC-1,Layer_3,2
TACTGGACAGCTCGGC-1,Layer_5,6
TACTTGTTAGTAGTCC-1,Layer_5,6
TACTTTACTGAGCCGG-1,Layer_4,2
TACTTTCCGCACGCCA-1,Layer_6,4
TAGAAACCACTAAGTA-1,Layer_3,1
TAGAAAGGTGGCGCTA-1,Layer_5,6
TAGAAATTCACGTATA-1,Layer_4,6
TAGAATAGCCGATGAA-1,Layer_3,2
TAGAATTAAGGGCAAC-1,Layer_3,2
TAGACGAAACGCCAAT-1,Layer_5,6
TAGACGCCCGTACCGG-1,Layer_5,6
TAGACTACCTAGCGTT-1,Layer_3,2
TAGACTCAGTTGGCCT-1,WM,5
TAGAGATCATGCAACT-1,Layer_6,4
TAGAGCTACGAAGAAC-1,Layer_3,1
TAGAGGTTCTACTTGT-1,Layer_3,2
TAGAGTCTAAGCGAAC-1,Layer_5,7
TAGATATGGACTGGAA-1,WM,5
TAGATCCGAAGTCGCA-1,Layer_3,1
TAGATGGTTCCTTACT-1,Layer_3,2
TAGATTCAAAGTGCGG-1,WM,5
TAGATTCCTGGTTATT-1,Layer_4,2
TAGCAACCTGTCACAA-1,Layer_3,2
TAGCAGTATGACTAAA-1,Layer_3,2
TAGCCAGAGGGTCCGG-1,Layer_1,3
TAGCCATTTCAAAGTC-1,Layer_5,6
TAGCCGGCGGTCAGCG-1,Layer_5,6
TAGCGTCCCTCGATTG-1,Layer_3,1
TAGCGTCCGGTGTGGT-1,Layer_5,6
TAGCGTTGGGTCTTAC-1,Layer_6,7
TAGCTAAGTCCGGGAG-1,Layer_6,7
TAGCTAGAAGGCATGA-1,WM,5
TAGCTAGTGATGATGG-1,WM,5
TAGCTCGCCTGATAAC-1,Layer_6,4
TAGCTGATGTGAAGCG-1,Layer_5,7
TAGGAACAGCCTCCAG-1,Layer_3,1
TAGGCATGTTACGCCA-1,Layer_4,2
TAGGCCTATATAGTCT-1,,1
TAGGCGATGAGGTCTC-1,WM,5
TAGGCGGCTGCAAAGA-1,WM,5
TAGGCTAAAGTGGCAC-1,Layer_3,1
TAGGGAGCTTGGGATG-1,Layer_4,2
TAGGGTGTTTCAAGAG-1,Layer_5,6
TAGGTCCAAGTAAGGA-1,Layer_3,2
TAGGTCGCCGGAACTG-1,Layer_3,2
TAGGTGACGATAACCT-1,Layer_5,6
TAGGTGAGCCCTACTC-1,Layer_5,6
TAGGTGCTCGCCTAGC-1,Layer_5,6
TAGGTGTTCCACAGAT-1,Layer_6,7
TAGGTTCGAGTTCGTC-1,Layer_6,7
TAGGTTCTGCTGAGAA-1,Layer_6,7
TAGTACCACAACTTTC-1,WM,5
TAGTACCTTAGTGGTC-1,Layer_3,1
TAGTAGCTTATACCAG-1,WM,5
TAGTCCCGGAGACCAC-1,WM,5
TAGTCCGCAGAGAATG-1,Layer_6,4
TAGTCCGTATGCATAA-1,Layer_1,3
TAGTCCTGCACTAAGC-1,WM,5
TAGTCGATCACGGGTT-1,Layer_4,2
TAGTCGGGATTCTTCG-1,Layer_1,3
TAGTCTAACAACGAGA-1,Layer_6,7
TAGTCTGTGACGTTGC-1,Layer_3,1
TAGTCTTTCCGAATTG-1,Layer_2,1
TAGTGAGAAGTGGTTG-1,Layer_1,1
TAGTGCCCTCCAGAGT-1,Layer_6,7
TAGTGCTTGAATCCTT-1,Layer_1,3
TAGTGGAACTCATACA-1,Layer_2,1
TAGTGTCAGAAACGGC-1,Layer_3,1
TAGTTAAGATAGGATA-1,Layer_3,2
TAGTTTATTCTTGCTT-1,Layer_3,2
TATAAATCCACAAGCT-1,Layer_3,2
TATAAGTGAGGATAGC-1,Layer_3,2
TATACACAGACGCCTT-1,Layer_6,4
TATACACGCAAAGTAT-1,Layer_3,1
TATACGCGTCATCACT-1,Layer_6,7
TATACTCATGCGGCAA-1,Layer_3,1
TATAGAGTCGCTTGAA-1,WM,5
TATAGATGGTCGCAGT-1,Layer_3,2
TATAGCGCACGTTATC-1,Layer_6,4
TATAGGGTACTCATGA-1,Layer_5,6
TATAGTTAGGTGTACT-1,WM,5
TATATAGGGCTTTACG-1,WM,5
TATATATCGAGAAATG-1,WM,5
TATATCAAAGTGATCT-1,WM,5
TATATCCCTGGGAGGA-1,Layer_3,2
TATATTACAAATGTCG-1,Layer_2,1
TATATTCGCGTCGATA-1,Layer_3,1
TATCACAGCACGGGCA-1,Layer_1,3
TATCACCATGTAAAGT-1,Layer_3,1
TATCACCCAACCGACC-1,Layer_3,2
TATCACTTCGAGTAAC-1,Layer_3,2
TATCAGTGGCGTAGTC-1,WM,5
TATCCAATTGGTTATC-1,Layer_5,6
TATCCATATCATGCGA-1,Layer_4,2
TATCCATCTCGGTTAG-1,WM,5
TATCCGCACCGTCGGG-1,WM,5
TATCCTATCAACTGGT-1,Layer_6,7
TATCCTGCATGGGAAT-1,Layer_3,2
TATCGATCTATGCATA-1,Layer_3,2
TATCGATGATTAAACG-1,Layer_5,6
TATCTACAGAGGTAAT-1,Layer_4,2
TATCTACCACAGCGGG-1,Layer_6,4
TATCTAGCCTAAAGGA-1,Layer_4,2
TATCTGAGCCGATATT-1,WM,5
TATCTTGCAATACAAC-1,WM,5
TATGAAGAATTAAGGT-1,Layer_3,1
TATGAAGACAGGTGCG-1,Layer_3,2
TATGATAAATCTAACG-1,Layer_3,1
TATGATCCGGCACGCC-1,Layer_2,1
TATGATCTTCTCTTTA-1,Layer_4,2
TATGATTCTGCTTGGT-1,Layer_1,1
TATGCTCCCTACTTAC-1,Layer_5,6
TATGGAGTTTCTCGTT-1,Layer_1,3
TATGGATGTGCTACGC-1,Layer_5,6
TATGGCCCGGCCTCGC-1,Layer_5,2
TATGGGACCGAGCAGG-1,Layer_6,4
TATGGGTACGTATCGT-1,Layer_6,7
TATGGTCTGAGTAACA-1,Layer_6,4
TATGGTTAGTGGGAGA-1,Layer_3,2
TATGTAAAGTGCTTAA-1,WM,5
TATGTAGAAACCCGGC-1,WM,5
TATGTCAAGACCGACT-1,Layer_3,2
TATGTCTCATTGTGCC-1,Layer_5,6
TATTAACACCAAAGCA-1,WM,5
TATTAACCTGACCGCG-1,WM,5
TATTACCATCCTGCTT-1,Layer_4,2
TATTATGTTTGCCTGC-1,WM,5
TATTCAATTCTAATCC-1,Layer_6,7
TATTCCACTCAGCTCG-1,Layer_6,4
TATTCCGAGCTGTTAT-1,Layer_5,6
TATTCCGGCAGTCCTA-1,Layer_1,3
TATTCCTCCGCCCACT-1,WM,5
TATTCGTGCCAGAATA-1,Layer_6,7
TATTTAGTCTAGATCG-1,Layer_4,2
TATTTATACCGAGTAG-1,Layer_3,2
TATTTGATTTGCACAG-1,Layer_2,3
TATTTGTTACCCTTTA-1,Layer_5,6
TCAAACAACCGCGTCG-1,Layer_5,6
TCAAACTTAGATTGTT-1,Layer_6,7
TCAAAGTCACGGCGTC-1,WM,5
TCAAATTGTTGTGCCG-1,Layer_5,6
TCAAATTTGAGACTCA-1,Layer_6,7
TCAACAAAGATAATTC-1,WM,5
TCAACACATTGGGTAA-1,Layer_1,3
TCAACATAGCGCCCTA-1,WM,5
TCAACATCGACCGAGA-1,Layer_6,7
TCAACCATGTTCGGGC-1,Layer_5,6
TCAACGAGGAGACAAA-1,Layer_6,4
TCAACGCAGGAAATAA-1,WM,5
TCAACGCGACCGGCAG-1,Layer_5,6
TCAACTAACGTATAAC-1,Layer_4,2
TCAACTGCAGAGTCAG-1,Layer_3,1
TCAAGAAATACTAGCT-1,Layer_3,1
TCAAGCGCGGACGGTA-1,Layer_2,3
TCAAGGTTACTACACC-1,Layer_3,2
TCAATACGCCGTCATG-1,Layer_6,7
TCACAAACCGAGGTAC-1,Layer_3,2
TCACAGCAAACTCGAA-1,WM,5
TCACAGGAGAATAAGA-1,WM,5
TCACAGGGAATCGCAA-1,Layer_5,6
TCACAGGTTATTGGGC-1,Layer_6,7
TCACATCTTATCTGAT-1,Layer_3,2
TCACCCTCTTAAGATT-1,Layer_6,4
TCACCGCTCGGCACTC-1,Layer_4,2
TCACGATGTCCGTGGA-1,WM,5
TCACGCATTGTAGATC-1,Layer_6,7
TCACGGCCCAAGAGAG-1,WM,5
TCACGGTCATCGCACA-1,Layer_4,2
TCACGTGCCCGATTCA-1,Layer_6,4
TCACTACGACCAATGC-1,Layer_3,2
TCACTATCGTGCAATC-1,Layer_1,1
TCACTCAGCGCATTAG-1,Layer_1,1
TCACTCGTGCAACGGC-1,Layer_3,2
TCACTCTTCGTCTGTC-1,Layer_1,1
TCAGAACCTCCACAGG-1,Layer_3,1
TCAGACGCTATAGAAG-1,Layer_6,7
TCAGCAAATGCATCTC-1,Layer_6,7
TCAGCAGTAGGCCCTG-1,WM,5
TCAGCCAATCCGTAAA-1,Layer_3,1
TCAGGGCGCAAACTCG-1,Layer_3,3
TCAGGGTGCACGAAAC-1,Layer_3,1
TCAGGGTGTAACGTAA-1,Layer_5,6
TCAGGTTCTTTGAGAA-1,Layer_5,6
TCAGTACTGACCCGCG-1,Layer_4,2
TCAGTAGGGACTATAA-1,WM,5
TCAGTGTATACGTCAT-1,WM,5
TCAGTTACGGAATGAT-1,Layer_2,1
TCATACTTACAGATCC-1,Layer_3,2
TCATATGAGCTTTGTT-1,Layer_6,7
TCATCACTCGAGCTCG-1,Layer_3,1
TCATCCCAGAGGGTGG-1,Layer_3,2
TCATCCTCAGCTGCTT-1,Layer_3,2
TCATCGATGGTCCCAA-1,WM,5
TCATGCAGGTTCTCAT-1,Layer_3,2
TCATTTAAGTCTCCGA-1,Layer_3,2
TCATTTAGAAGTGTGA-1,Layer_3,1
TCCAACTCAGCTATCT-1,Layer_3,2
TCCAACTTTAAATTCT-1,Layer_6,4
TCCAAGCCTAGACACA-1,Layer_5,6
TCCAATAAAGGCTACC-1,Layer_6,7
TCCACAATGGTTTACG-1,Layer_5,6
TCCACATCGTATATTG-1,Layer_5,7
TCCACCAAGACATAGG-1,,2
TCCACCTCTAGCCTTT-1,WM,7
TCCACTTTATCTAGGT-1,Layer_5,6
TCCAGAGCACCGGTTC-1,Layer_6,7
TCCAGCGCTATAAGCG-1,Layer_2,3
TCCAGGCGAGTACGGT-1,Layer_6,7
TCCAGGGTATATACGA-1,Layer_6,7
TCCATCAATACTAATC-1,WM,5
TCCATTAGTTGGATAG-1,Layer_1,1
TCCATTGTGACCTCGT-1,Layer_3,1
TCCCAAACAGACAACG-1,Layer_2,1
TCCCAAAGACGAAGGA-1,Layer_5,6
TCCCACGGAGGGAGCT-1,Layer_1,3
TCCCACTCTCTTCCGG-1,Layer_3,2
TCCCAGCTTTAGTCTG-1,Layer_6,4
TCCCAGGCTTAGCTAA-1,Layer_5,6
TCCCGCGTACTCCTGG-1,Layer_5,6
TCCCGGGTGTGCTGCT-1,Layer_5,6
TCCCGGTCAGGAATTT-1,Layer_1,3
TCCCGTCAGTCCCGCA-1,Layer_5,6
TCCCGTGTGCAATTTG-1,Layer_5,6
TCCCTCCGAAATCGTT-1,Layer_1,1
TCCCTGGCGTATTAAC-1,WM,5
TCCCTGGCTCGCTGGA-1,Layer_5,6
TCCCTTAGATTACTCG-1,Layer_3,2
TCCCTTGTCTGAAACT-1,,2
TCCGAACTTGGCTTAC-1,Layer_4,2
TCCGAAGTAGTCACCA-1,Layer_1,3
TCCGAATGGTCCTGAG-1,Layer_2,1
TCCGACCGCTAATCAA-1,WM,5
TCCGAGAAGGCTAAGC-1,Layer_1,3
TCCGATAATTGCCATA-1,Layer_4,2
TCCGATGACTGAGCTC-1,Layer_5,6
TCCGATGGTGCGACAT-1,Layer_5,6
TCCGATTACATTGCCG-1,Layer_5,6
TCCGCAGCCACCTAGC-1,Layer_1,1
TCCGCCTGTCTACAAG-1,Layer_5,6
TCCGCGGCAGCATCTG-1,Layer_5,6
TCCGCGGCCCAATGAA-1,Layer_3,2
TCCGCTGTCATCCCGG-1,Layer_5,6
TCCGCTTATCCCATTA-1,Layer_6,7
TCCGGAGGAAGGGCTG-1,Layer_1,3
TCCGGCCTAGCGTACA-1,Layer_3,2
TCCGGCCTGCATCGAT-1,Layer_2,1
TCCGGGCTTGACGGGA-1,Layer_3,2
TCCGGTTCGTCCGGTC-1,WM,5
TCCGTAACCACAATCC-1,Layer_3,1
TCCGTTAAGCTAATAT-1,Layer_3,2
TCCGTTTAGCCTTGAA-1,Layer_5,6
TCCTAAAGATTCAGAC-1,Layer_4,2
TCCTAAATTGGGAAGC-1,Layer_6,7
TCCTAACCGTCGGGCA-1,WM,5
TCCTACATCCACGGCC-1,Layer_5,6
TCCTAGCAAAGAAGCT-1,Layer_6,4
TCCTCCTAAGACATTC-1,Layer_6,7
TCCTCGGGCTGGGCTT-1,Layer_6,7
TCCTCTACGAGATGGC-1,Layer_4,2
TCCTCTCCAGTTGTCC-1,Layer_3,2
TCCTCTGGCCCATTAG-1,Layer_3,2
TCCTGCCAACTGGAGA-1,Layer_3,2
TCCTGCGTTGATACTC-1,Layer_6,7
TCCTGGCGCTGCCTGG-1,Layer_1,3
TCCTTACGACGGTCCG-1,Layer_4,2
TCCTTCAGTGGTCGAA-1,Layer_3,2
TCCTTGTCCTTTAATT-1,Layer_5,7
TCCTTTAAATCCGCTT-1,Layer_3,2
TCCTTTCTTACGCTTA-1,Layer_6,7
TCGAAATTTAGGACCA-1,Layer_5,6
TCGAAGAACCGAGCAC-1,Layer_3,2
TCGAATATCCCGCAGG-1,WM,5
TCGACAACTGAACCCG-1,WM,5
TCGAGACCAACACCGT-1,Layer_6,4
TCGAGCCAGGCAGGCC-1,WM,5
TCGATAGGCTAGTCGC-1,Layer_1,3
TCGCAAAGATGCATTT-1,Layer_6,6
TCGCACCAGGAGGCAG-1,Layer_5,6
TCGCATAAAGGGCGCA-1,Layer_2,1
TCGCATCCCTAAGTGT-1,Layer_2,1
TCGCATTCAATGACTT-1,Layer_1,3
TCGCCGAAGTTGCGTC-1,WM,5
TCGCCGACATATTCGC-1,Layer_4,2
TCGCCGGTCGATCCGT-1,Layer_4,2
TCGCGCGTTTACATGA-1,WM,5
TCGCGTAGCAGTGTCC-1,Layer_3,1
TCGCGTCCAGAAGGTC-1,Layer_5,6
TCGCTAAACCGCTATC-1,Layer_3,2
TCGCTACTGGCTTTGA-1,Layer_5,6
TCGCTCGATATATTCC-1,Layer_6,7
TCGCTCGGCACCAGCG-1,Layer_3,1
TCGCTGCCAATGCTGT-1,Layer_4,6
TCGCTGGGCGGATTGT-1,Layer_5,6
TCGCTGTGCGTAAATC-1,Layer_3,1
TCGCTTTAAACGTTTG-1,Layer_4,6
TCGGAATGACCATCAA-1,Layer_3,1
TCGGAATGCGCTCTGA-1,Layer_4,2
TCGGACGCCCAGCCCA-1,Layer_5,6
TCGGAGAGTATCGGGA-1,Layer_6,4
TCGGAGTACATGAGTA-1,Layer_6,6
TCGGAGTCCTGGTTGC-1,WM,5
TCGGCGAACCCAAACC-1,Layer_3,2
TCGGCGTACTGCACAA-1,Layer_6,7
TCGGCTAACTTCCCTT-1,Layer_2,1
TCGGCTTGTATCGACG-1,Layer_3,2
TCGGGAACGTGCCTAG-1,Layer_3,1
TCGGGAGACAGCGTAC-1,Layer_6,7
TCGGGATTCAAACATA-1,Layer_5,6
TCGGGCACTTCTGGAT-1,Layer_1,1
TCGGGCCGTCGTGGTA-1,Layer_5,6
TCGGGTGAAACTGCTA-1,Layer_3,1
TCGGTCCCGACAATAG-1,WM,5
TCGGTCCCTGACTCCA-1,Layer_3,2
TCGGTGACCGCTCCGG-1,Layer_1,3
TCGGTTAGCCATGTAG-1,Layer_2,1
TCGTAAGACGACATTG-1,Layer_5,6
TCGTAAGCTCCGAGGA-1,Layer_2,1
TCGTACCGACGTCAAG-1,Layer_6,7
TCGTATAGTGCAATTA-1,Layer_3,1
TCGTATTACCCATTGC-1,Layer_5,6
TCGTATTTCGTCCGGA-1,Layer_3,1
TCGTCAAGTACGCGCA-1,WM,5
TCGTCACACTGTTAGC-1,Layer_3,2
TCGTCCGCTGGCGTCT-1,Layer_4,2
TCGTCTTAGGCGTTAA-1,Layer_5,6
TCGTGTACTATGGATG-1,Layer_5,6
TCGTGTATTGGTCACG-1,Layer_2,3
TCGTGTCACGCTGACA-1,Layer_6,4
TCGTGTTCGACCACAA-1,Layer_3,1
TCGTTAGGAGTCCCTA-1,WM,5
TCGTTCGTTATTATGT-1,Layer_3,1
TCGTTGCTATCCGGTC-1,WM,5
TCGTTGGCTCGTCAAT-1,Layer_1,3
TCTAAAGAACAGTCTC-1,WM,5
TCTAACTGTATGTAAA-1,Layer_3,2
TCTAATACTGCCTCAG-1,WM,5
TCTACACGTTCATGCA-1,Layer_2,1
TCTACCCAATAGAGAG-1,Layer_3,1
TCTACCGTCCACAAGC-1,Layer_5,6
TCTAGCAATCTCCGCC-1,WM,4
TCTAGCATCTTCGATG-1,Layer_4,2
TCTAGCATGCCCAGAA-1,Layer_6,7
TCTAGGTGGCGACGCT-1,Layer_3,2
TCTAGTGATATCGTGG-1,Layer_3,2
TCTAGTTATCAGAAGA-1,Layer_6,4
TCTATCATGCAGTTAC-1,Layer_3,2
TCTATCGGTCGCAACA-1,Layer_5,6
TCTATGCTATAACGAC-1,Layer_3,2
TCTATTACGCTGGCGA-1,Layer_2,1
TCTATTACTAGAGGAT-1,Layer_5,6
TCTCATGAGATAGGGT-1,Layer_5,6
TCTCCAACGTAGGTTA-1,Layer_4,2
TCTCCACAAGTTGAAT-1,Layer_3,2
TCTCCCTGGGCAGCGT-1,Layer_5,6
TCTCGAACGAGGTCAC-1,Layer_3,2
TCTCGACGTATCGCCG-1,Layer_3,1
TCTCGAGGAGGTTCGC-1,Layer_3,1
TCTCGGCTCCAGGACT-1,Layer_1,3
TCTCTAATAGCTGGTA-1,Layer_4,2
TCTCTCGCCGCACATA-1,Layer_2,1
TCTCTTACCGCGAACC-1,WM,5
TCTGAACCGGTCGGCT-1,Layer_3,2
TCTGAACTCGTACCCG-1,Layer_4,2
TCTGAAGCACGTGGTC-1,Layer_5,6
TCTGAATTCCGTACAA-1,Layer_4,2
TCTGACTGTAATGGTT-1,Layer_1,1
TCTGAGCAATTGACTG-1,Layer_3,1
TCTGATGTATTCTGTC-1,Layer_5,6
TCTGCATACCTTGCTT-1,Layer_3,2
TCTGCCAGAAACTGCA-1,Layer_5,6
TCTGCGTCCGGTTTCT-1,Layer_1,3
TCTGGGAACCTTTGAA-1,Layer_3,2
TCTGGGTAGCGCTCAT-1,Layer_6,7
TCTGTCATACAAGAGC-1,Layer_2,3
TCTGTGACTGACCGTT-1,Layer_1,3
TCTGTGCCATCATAGT-1,Layer_5,6
TCTGTGGCTACATTTC-1,Layer_1,3
TCTGTTACCCAGCATA-1,WM,5
TCTTACAGAGGTACCG-1,Layer_3,1
TCTTACCGGAACTCGT-1,Layer_3,2
TCTTACGGCATCCGAC-1,Layer_3,2
TCTTACTTATGCCTCT-1,Layer_4,2
TCTTAGAGCTCCAATT-1,Layer_3,1
TCTTAGAGTGAACTCT-1,Layer_3,2
TCTTATGGGTAGTACC-1,Layer_1,3
TCTTCCCATGGGCACA-1,Layer_4,2
TCTTCGAATAGACGTT-1,Layer_6,7
TCTTCGATACCAATAA-1,Layer_6,7
TCTTCTATAACCCGCC-1,Layer_3,1
TCTTGATGCGTAGCGA-1,Layer_6,7
TCTTGCTCCCGATACT-1,Layer_6,7
TCTTGGTAACACCAAA-1,Layer_5,6
TCTTTAAGACTATGAA-1,Layer_3,2
TCTTTAGAGTCTAACA-1,Layer_2,1
TCTTTCTCTTAAGGAG-1,Layer_3,1
TGAAACCTCAACTCAC-1,Layer_1,1
TGAAACTTATGCAAGC-1,Layer_3,2
TGAAAGGACCTGACTC-1,Layer_5,6
TGAACAAGCAGGGACT-1,WM,5
TGAATACCGACGCGTA-1,Layer_4,2
TGAATGAGTGTTTCCC-1,WM,7
TGAATGTCAGCCGGCC-1,Layer_3,1
TGACACTTCTCTTTGC-1,Layer_3,1
TGACAGAAATCTTGCT-1,WM,5
TGACAGGACAAGTCCA-1,WM,5
TGACATCGAGCGGACC-1,Layer_3,2
TGACATGTAACGTGAC-1,Layer_6,7
TGACCAAATCTTAAAC-1,Layer_6,7
TGACCAGCTTCAAAGT-1,Layer_2,1
TGACCCAACTCACATT-1,Layer_1,1
TGACCCACGTTAGACA-1,Layer_6,7
TGACGAATATTTCCCT-1,Layer_6,4
TGACGATGCACTAGAA-1,Layer_4,2
TGACTATAATCCTTTC-1,Layer_6,7
TGACTCCGAATCATAC-1,WM,5
TGAGAATGCTTTACCG-1,Layer_4,2
TGAGAGATTTACCACG-1,Layer_5,6
TGAGATCAAATACTCA-1,Layer_2,1
TGAGATTAGGCCCTAA-1,Layer_3,2
TGAGCCATACAGTCTC-1,Layer_6,4
TGAGCGGAAAGTGTTC-1,Layer_6,7
TGAGCTTTAATGACGC-1,Layer_3,2
TGAGGAGTGCCAGCTT-1,Layer_6,4
TGAGGCATGTACTGTG-1,WM,5
TGAGGTGTGTGGCGGA-1,Layer_6,4
TGAGGTTGATCCCAAG-1,Layer_1,1
TGAGTAAATTAGCGTA-1,Layer_6,7
TGAGTGCCTCTTAAAT-1,WM,5
TGAGTGGTCCGTGACG-1,Layer_5,6
TGAGTTAAAGACATTC-1,Layer_3,1
TGATACATTTAGCCGT-1,WM,5
TGATAGCGGGATTCTA-1,Layer_3,2
TGATCACCACACTGAC-1,Layer_6,7
TGATCAGGGAACTGCT-1,Layer_6,7
TGATCCCAGCATTAGT-1,Layer_3,1
TGATCGGTTTGACCCT-1,Layer_5,7
TGATCTACGCTGATCT-1,Layer_3,2
TGATCTCCGGCGCCAG-1,Layer_5,6
TGATGTCAATTAAGTG-1,Layer_3,1
TGATTCAGGTCCCGCG-1,Layer_6,4
TGATTCCCGGTTACCT-1,WM,5
TGATTCGTCTATCACT-1,Layer_5,6
TGATTCTGTCGCCGGT-1,WM,5
TGATTTATTAGCTGTG-1,Layer_6,7
TGATTTCCTCCTGACG-1,Layer_3,1
TGCAAAGTTCGTCTGT-1,Layer_6,7
TGCAACCCATCTGCGG-1,Layer_3,2
TGCAAGAATGACGTAA-1,Layer_6,7
TGCAATCTAACACGGT-1,Layer_3,2
TGCAATTTGGGCACGG-1,Layer_2,1
TGCACAGTGAAGTTAT-1,Layer_2,1
TGCACGAGTCGGCAGC-1,Layer_2,1
TGCACTATGTGAGTGC-1,Layer_1,1
TGCAGAACTATATCGT-1,Layer_6,7
TGCAGAGTACCGAGCA-1,Layer_6,4
TGCAGATCGTCCTAGG-1,Layer_5,7
TGCAGCTACGTACTTC-1,Layer_5,7
TGCAGGATCGGCAAAG-1,Layer_5,6
TGCAGTGGTAGGGAAC-1,WM,5
TGCAGTTTCCTCCCAT-1,Layer_5,6
TGCATATGTCTGTCAC-1,Layer_5,6
TGCATGGATCGGATCT-1,Layer_5,6
TGCATGTGACCCATAG-1,WM,5
TGCATGTGGTAATCTA-1,Layer_5,6
TGCCAAAGTCAGACTT-1,Layer_6,7
TGCCAATGGGTACTCT-1,WM,5
TGCCACCTGGCGAAAC-1,Layer_4,2
TGCCAGTACGTGGAGA-1,Layer_6,7
TGCCATGGCTTATAAG-1,Layer_1,3
TGCCATTACTAAAGAA-1,Layer_3,2
TGCCCGTACCGTTAAA-1,Layer_6,7
TGCCGGATGTACGAGC-1,WM,5
TGCCGTGGATCGTCCT-1,Layer_6,7
TGCCGTGGGACCCAAT-1,Layer_5,7
TGCCTAATTGAAGATT-1,Layer_3,1
TGCCTGACATCGGTCA-1,Layer_2,3
TGCCTGATCAAACGAT-1,Layer_5,6
TGCCTTGGCCAGGCAA-1,Layer_5,6
TGCGAATATGGGATTT-1,Layer_6,7
TGCGACACCCTAGTGC-1,WM,5
TGCGACGGCCGAACGT-1,WM,5
TGCGAGAATATTACCC-1,WM,5
TGCGAGCCCTTCCGCG-1,Layer_2,1
TGCGCAAAGCATTTGG-1,Layer_6,7
TGCGCGATTAACGGAG-1,Layer_5,6
TGCGGACTTGACTCCG-1,Layer_5,6
TGCGGAGTAAAGGTGC-1,Layer_5,6
TGCGGCATAGTTCAAC-1,Layer_3,1
TGCGGGTATTGGGATC-1,Layer_1,3
TGCGGTCTACGAGTAA-1,Layer_1,3
TGCGGTGAAATTTCAT-1,Layer_3,2
TGCGTAAGAACCTGAT-1,Layer_6,5
TGCGTCATGACTGAGC-1,WM,5
TGCGTTTGTTGACACT-1,Layer_6,7
TGCTAAGTGTCTATTT-1,Layer_4,2
TGCTATACAAACGGAC-1,Layer_1,3
TGCTATGGCAAAGGGA-1,WM,5
TGCTCCACAGTTCTTA-1,Layer_4,2
TGCTCGGCGAAACCCA-1,Layer_6,7
TGCTCGGTGGGTCACC-1,Layer_5,6
TGCTCTTGAGAGTTTG-1,Layer_5,7
TGCTGGTTGGACAATT-1,Layer_3,2
TGCTGTTGAAGAACTC-1,Layer_6,7
TGCTTAGAGAGAATGC-1,WM,5
TGCTTCCCAAGCAGTA-1,Layer_6,7
TGCTTGAAACCATGCA-1,Layer_1,1
TGGAAACGGAGTGAAC-1,Layer_1,1
TGGAACCACTGACACA-1,Layer_3,2
TGGAAGAAGGGAACGT-1,Layer_6,7
TGGAAGACGAACACCA-1,Layer_3,1
TGGAAGGATAAAGATG-1,Layer_5,6
TGGAATATCCTTGACC-1,Layer_3,1
TGGAATTAGACGCTTT-1,Layer_3,2
TGGACCAATCTAAGAT-1,Layer_5,6
TGGACCACGGCGTTGA-1,Layer_1,1
TGGACGCAATCCAGCC-1,WM,5
TGGACGTAGGCGAATC-1,Layer_1,1
TGGACTGTTCGCTCAA-1,Layer_6,7
TGGAGCTAAAGTTCCC-1,Layer_2,1
TGGAGTGATGCGATGA-1,Layer_5,6
TGGATAGAGTAACAGA-1,Layer_1,1
TGGCAAACTAAATTAC-1,Layer_5,6
TGGCAACTCGCGCGCC-1,Layer_4,2
TGGCAAGCACAAGTCG-1,Layer_6,4
TGGCAATGGGACGGCG-1,Layer_3,1
TGGCACGAGCTCGAGT-1,Layer_1,3
TGGCAGATTACGATCA-1,Layer_6,4
TGGCAGCAGTAATAGT-1,Layer_6,4
TGGCATGAAGTTTGGG-1,WM,5
TGGCCAAACTGAAGTA-1,Layer_5,6
TGGCCAATTTGGTACT-1,Layer_6,4
TGGCCGTATATTGACC-1,Layer_4,2
TGGCGACTGCTCCAAA-1,WM,5
TGGCGATCAAGTTATG-1,WM,4
TGGCGGTGTGCGATTG-1,Layer_1,3
TGGCTACACTCTACCT-1,Layer_3,1
TGGCTATGTGACATAC-1,Layer_5,6
TGGCTCTTGTCGCGTA-1,Layer_5,7
TGGCTTTGGGTAGACA-1,Layer_4,2
TGGGAAATGCCTTTCC-1,Layer_3,2
TGGGATGCACTCATTC-1,Layer_3,1
TGGGCAATAGTTGGGT-1,Layer_3,1
TGGGCACAAACAGAAC-1,Layer_1,3
TGGGCACGTTCTATGG-1,Layer_3,2
TGGGCAGGCCACCGCA-1,Layer_2,3
TGGGCCACAAGAGCGC-1,Layer_4,2
TGGGCCCATACTAATT-1,Layer_5,6
TGGGCCTTGCCTGCAT-1,Layer_1,3
TGGGCGATACAATAAG-1,Layer_6,7
TGGGTAAGGTTCCCGC-1,Layer_3,2
TGGGTGGGATGTCATT-1,,3
TGGGTGTTAAGTAGAA-1,Layer_5,7
TGGTAAGCAGGATTGA-1,Layer_5,6
TGGTAGAATATATGGG-1,Layer_3,2
TGGTATCGCATCCCAA-1,Layer_3,1
TGGTATCGGTCTGTAT-1,Layer_2,1
TGGTCCCACGCTACGG-1,Layer_6,6
TGGTCGATATACCTCT-1,WM,4
TGGTCTGTTGGGCGTA-1,Layer_5,7
TGGTGATCGTATTTGT-1,Layer_3,2
TGGTTAACTTACATTT-1,WM,5
TGGTTCAACGGGTAAT-1,Layer_6,7
TGGTTCGTAGCAAAGG-1,Layer_5,6
TGGTTGGAGGATCCTG-1,Layer_3,2
TGGTTTAAACGTGGGT-1,Layer_2,1
TGTAACTTGTCAACCT-1,Layer_1,1
TGTAATGACCACAATA-1,Layer_5,6
TGTACCCGACCCTAAT-1,WM,5
TGTACCTACACGAGGG-1,Layer_3,2
TGTACGAACAAATCCG-1,Layer_6,4
TGTACGCTATCAGCTT-1,Layer_1,3
TGTACTGTGCCAAAGT-1,Layer_1,3
TGTAGCCATCCCATTC-1,Layer_2,1
TGTAGGAGAAATTTCC-1,Layer_5,6
TGTAGTGATCTATAAT-1,Layer_5,6
TGTATAACAGATCCTG-1,Layer_5,6
TGTATCAGACTGAAGC-1,,3
TGTATCCTTATTCCAT-1,Layer_2,1
TGTATGGCGCAGACAG-1,Layer_4,2
TGTATTTACCTAATGC-1,Layer_2,1
TGTCATTTGTTGGGAA-1,Layer_2,1
TGTCCACGGCTCAACT-1,Layer_3,1
TGTCCCGACATAGCAC-1,Layer_3,1
TGTCCGTGGCGCCTTT-1,Layer_3,2
TGTCCTAAGTCACCGC-1,Layer_5,6
TGTCGTTATCACATAT-1,WM,5
TGTCTACAGTTTCTGT-1,Layer_3,1
TGTGACTACGCCAGTC-1,Layer_5,6
TGTGACTAGAGTTTGC-1,,1
TGTGAGACTAGCCCAA-1,Layer_6,7
TGTGATTCCAGCGCTT-1,Layer_1,3
TGTGCCGGTGCCGGAA-1,Layer_3,2
TGTGCTTTACGTAAGA-1,Layer_5,6
TGTGGAGGAAGCTTAA-1,Layer_1,3
TGTGGCAAAGCGTATG-1,Layer_5,6
TGTGGCGGGCTTCTGG-1,Layer_6,4
TGTGGTTGCTAAAGCT-1,WM,5
TGTGTCGCGAGTTGCA-1,Layer_4,2
TGTGTTCGTATCCAAG-1,Layer_4,2
TGTTATTGTATGTGGC-1,Layer_5,6
TGTTCCGCTTCCATGA-1,Layer_6,7
TGTTCCGGCCTGAGCT-1,Layer_6,7
TGTTCGTATTGCGGTG-1,Layer_6,4
TGTTCTTCCATTGACT-1,Layer_5,7
TGTTGTCAAGAAGTCT-1,Layer_5,6
TGTTTAATACTTCATC-1,Layer_3,2
TGTTTCGGTACTTCTC-1,Layer_4,2
TGTTTCTGAAGCGTGC-1,WM,5
TGTTTGAGATCGTCAG-1,Layer_2,1
TTAAACCGGTAGCGAC-1,Layer_2,1
TTAAACCTGGTTCCTT-1,Layer_3,2
TTAAACTCGAATTCAT-1,Layer_4,2
TTAACACCTCGAACAT-1,Layer_3,2
TTAACCAACCCTCCCT-1,Layer_4,2
TTAACGTCGCAAGACC-1,Layer_3,1
TTAACTCACGCGTGGA-1,Layer_3,2
TTAACTTCAGGTAGGA-1,Layer_6,4
TTAAGACGAACGAACC-1,Layer_2,1
TTAAGATAGGATTGAC-1,Layer_3,2
TTAAGCCGACAACTTC-1,Layer_3,2
TTAAGCGCCTGACCCA-1,Layer_5,6
TTAAGGATACGGAGGT-1,Layer_1,3
TTAAGGCCCGTACTTT-1,WM,5
TTAAGTATTGTTATCC-1,Layer_3,2
TTAATCAGTACGTCAG-1,Layer_4,2
TTAATGCGAGGTAACT-1,Layer_2,1
TTAATGTAGACCAGGT-1,Layer_6,7
TTAATGTGTTTGCAGG-1,Layer_1,1
TTAATTGCTTTGGGTG-1,Layer_5,6
TTAATTTCAGACGCGG-1,Layer_4,2
TTACAACTACGCATCC-1,Layer_5,6
TTACACGATCTGCGAC-1,Layer_2,1
TTACAGACCTAAATGA-1,Layer_3,2
TTACATCGTGGCCTGG-1,Layer_3,2
TTACATGCCACAACTA-1,Layer_3,2
TTACCATTGATTACCC-1,Layer_5,6
TTACCCATTGCCGGGT-1,Layer_3,2
TTACCCTAACAGTCCT-1,Layer_3,2
TTACCCTAGGGATTGG-1,Layer_6,7
TTACCGCCTTAGGGAA-1,Layer_1,3
TTACGGATGGTTCGAG-1,Layer_4,2
TTACGGTGTCACCGAG-1,Layer_1,1
TTACTAAAGGACTTTA-1,Layer_5,6
TTACTATCGGCTTCTC-1,Layer_4,2
TTACTCCGGCCGGGAA-1,Layer_5,6
TTACTCTGGTACGTAC-1,Layer_6,4
TTACTGGGATATTTCA-1,Layer_6,5
TTACTGTTTCTCTACG-1,Layer_1,3
TTAGAAGAACATGACT-1,Layer_6,7
TTAGAATAAGGGTCGG-1,WM,5
TTAGACACGATCGTTG-1,Layer_3,2
TTAGACGAGTCACCTC-1,Layer_5,6
TTAGAGTTTAGAAGGA-1,Layer_5,6
TTAGATAGGTCGATAC-1,Layer_1,3
TTAGCAACATGGATGT-1,Layer_3,1
TTAGCTAATACGATCT-1,Layer_3,2
TTAGCTCTGTAATCCG-1,Layer_3,2
TTAGCTGATTTGCCGT-1,Layer_4,2
TTAGGTCATAACCGAC-1,WM,5
TTAGTAAACCTGCTCT-1,Layer_3,2
TTAGTAGGGCGGCGGG-1,Layer_5,6
TTAGTTATTCGTGGCA-1,Layer_4,2
TTAGTTCAAGTGTTCG-1,Layer_2,3
TTATAGATGCACATTA-1,Layer_1,3
TTATAGGTAATTGTCT-1,Layer_5,6
TTATATACGCTGTCAC-1,Layer_6,7
TTATATTTGGCAATCC-1,Layer_5,6
TTATCATACTCGCAAA-1,Layer_1,3
TTATCCAATCGAACTC-1,Layer_2,3
TTATCCGGGATCTATA-1,Layer_5,6
TTATCCTCAAGGAATA-1,WM,5
TTATCGCCTGCGAAGC-1,Layer_3,2
TTATCTGACATTAGGA-1,Layer_5,7
TTATCTGTATCATAAC-1,Layer_5,6
TTATGAATGAAAGGGA-1,Layer_6,4
TTATGACAAACTGGAT-1,Layer_4,2
TTATGATCTTAACGAA-1,Layer_5,6
TTATGCGTCCCGGTCC-1,Layer_1,3
TTATGTTTGCGATAGA-1,Layer_3,2
TTATTAGAGCGTGTTC-1,Layer_6,7
TTATTAGGGAAGCATC-1,Layer_3,2
TTCAAAGTCTCTAGCC-1,Layer_6,7
TTCAACGACCCGACCG-1,Layer_4,2
TTCAAGCCGAGCTGAG-1,Layer_3,2
TTCAATACTCTGAATC-1,Layer_5,6
TTCAATTAGCCATAAT-1,Layer_3,1
TTCACGAAAGGATCAC-1,Layer_6,4
TTCACTCGAGCACCTA-1,Layer_6,7
TTCACTTCCTAGAACG-1,Layer_6,7
TTCAGAGTAACCTGAC-1,Layer_1,1
TTCAGCCCTGGTCCAC-1,Layer_5,6
TTCAGCTGGCGTGCCC-1,Layer_3,2
TTCAGGCGTCAAAGCC-1,Layer_5,7
TTCAGTTCAAGAGGAG-1,WM,4
TTCATAGCCTTGTAAC-1,Layer_1,1
TTCATGGCGCAACAGG-1,Layer_4,2
TTCCAATCAGAGCTAG-1,Layer_3,2
TTCCAATCTGGCTATC-1,WM,5
TTCCACACAGATTTGA-1,WM,5
TTCCACATTTCTCGTC-1,Layer_1,3
TTCCAGACGAGATTTA-1,Layer_3,1
TTCCATCATGCGGTGA-1,Layer_3,1
TTCCATCGACAGCGTG-1,Layer_3,1
TTCCCGACGCTTCACT-1,Layer_1,3
TTCCCGGCGCCAATAG-1,Layer_6,7
TTCCGCAGAGAAATAT-1,Layer_3,2
TTCCGCGTGAGGCGAT-1,Layer_6,7
TTCCGGCCTTGAGGCT-1,WM,5
TTCCGGTATCTGTGTC-1,Layer_2,1
TTCCGGTTACCCACTT-1,Layer_5,6
TTCCTCGAGGGTGTCT-1,Layer_4,2
TTCCTCGGACTAACCA-1,Layer_5,6
TTCCTCTGCCCGAATA-1,Layer_5,6
TTCCTTTCTGTGTTGC-1,Layer_1,3
TTCGAACGAAACATGC-1,WM,4
TTCGACAGAGCCCGTG-1,Layer_6,7
TTCGACGGGAAGGGCG-1,Layer_5,2
TTCGCACTCGCGTGCT-1,Layer_5,6
TTCGCACTGTACGACA-1,Layer_6,7
TTCGCCGCTCGCGCTA-1,WM,5
TTCGCGCGCCATACGA-1,WM,5
TTCGCTATCTGACGTG-1,Layer_3,2
TTCGGACTGATGCCTT-1,Layer_1,3
TTCGGACTGGGCATGG-1,WM,5
TTCGGCAACCCGCTGA-1,Layer_3,2
TTCGGCTAGAGATGGT-1,Layer_3,1
TTCGGGACTAATCGCG-1,Layer_6,7
TTCGGGCGCTAGTCTT-1,WM,5
TTCGGTACTGTAGAGG-1,Layer_6,7
TTCGTAATCCCAGCGG-1,Layer_3,2
TTCGTACTCCAGAACG-1,Layer_4,2
TTCGTTCAACGAAGTT-1,Layer_3,1
TTCTAACCGAAGCTTA-1,Layer_5,6
TTCTACCTCAATCGGT-1,WM,5
TTCTACCTTTATGTTG-1,Layer_3,1
TTCTACTTGCGAGGGC-1,Layer_3,1
TTCTAGAAAGTCTTAT-1,WM,5
TTCTAGGCCAATTGTG-1,Layer_4,2
TTCTATTAAACGCAGC-1,Layer_6,7
TTCTCAATTGCTACAA-1,WM,5
TTCTCTTACAGGTGAT-1,WM,5
TTCTGACCGGGCTCAA-1,Layer_5,6
TTCTGCCGCGCCTAGA-1,Layer_6,7
TTCTGCGAGCGCCCTT-1,Layer_4,2
TTCTGCGGGTTAGCGG-1,Layer_5,6
TTCTGCTAGACTCCAA-1,Layer_3,1
TTCTTAGTGAACGGTG-1,Layer_3,2
TTCTTAGTGGCTCAGA-1,Layer_4,2
TTCTTATCCGCTGGGT-1,Layer_3,2
TTCTTCCCTTTGATAT-1,Layer_1,3
TTCTTCGCAATAGAGC-1,Layer_1,3
TTCTTGAGCCGCGCTA-1,WM,5
TTCTTGCTAGCATCTC-1,Layer_3,1
TTCTTGGACGATCTGC-1,WM,5
TTCTTGGAGTAATGAG-1,Layer_4,6
TTCTTGTAACCTAATG-1,Layer_3,2
TTCTTTGGTCGCGACG-1,Layer_3,1
TTGAAAGGTGTAAAGG-1,Layer_2,1
TTGAACGAATCCTTTG-1,Layer_3,1
TTGAACGACGTGCTGA-1,Layer_4,2
TTGAAGAATTCCCAGG-1,Layer_6,7
TTGAAGGATGGGCGCC-1,WM,5
TTGAATATGGACTTTC-1,Layer_5,7
TTGAATCGTTGTATAA-1,Layer_6,4
TTGAATTCACGTGAGG-1,Layer_4,2
TTGACAGGAGCTCCCG-1,Layer_3,2
TTGACATGAACGTGGA-1,Layer_6,4
TTGACCAGGAACAACT-1,Layer_5,6
TTGACCATGTTCTCCG-1,Layer_5,6
TTGACCGTGTTAATGA-1,WM,5
TTGACGATTCAGCACG-1,Layer_2,1
TTGACGCTCCATGAGC-1,Layer_3,2
TTGACTACCATATGGT-1,Layer_6,4
TTGACTATTGTCCGGC-1,Layer_3,2
TTGAGAAGTTTAGCAT-1,Layer_4,2
TTGAGAGTACTGCTAA-1,WM,5
TTGAGCAGCCCACGGT-1,Layer_2,1
TTGAGGCATTTAACTC-1,Layer_3,1
TTGATCTAACTTTGTC-1,Layer_5,6
TTGATGCCGCTCGTCG-1,WM,5
TTGATGTGTAGTCCCG-1,Layer_3,2
TTGATTAGCTGTTTCT-1,WM,5
TTGATTATGCAGATGA-1,Layer_4,2
TTGCAAGAAGACTCCT-1,Layer_5,7
TTGCACAATTCAGAAA-1,Layer_6,4
TTGCACGGAGCAGCAC-1,Layer_5,6
TTGCATGCTGATCACG-1,Layer_6,4
TTGCCAAGCAGAACCC-1,Layer_2,1
TTGCCATAGCCCGCTC-1,WM,5
TTGCCCTGATCACGGG-1,Layer_5,6
TTGCCGCAGACCTACA-1,WM,5
TTGCCGCTTTCTAGTA-1,Layer_5,6
TTGCCGGTGATCCCTC-1,Layer_3,1
TTGCCTAATCCAAAGT-1,WM,5
TTGCCTTCTCGCCGGG-1,,2
TTGCGGAAAGCTGCCC-1,WM,4
TTGCGGCATCAGAAAG-1,WM,5
TTGCGGCGACTCATGC-1,Layer_1,3
TTGCGTAGTTTGAGGA-1,Layer_3,2
TTGCGTCGGCCAACCG-1,WM,5
TTGCGTGAACGCTTAG-1,Layer_3,2
TTGCTAGCTACCAATC-1,Layer_1,1
TTGCTCATAGTACGTG-1,,1
TTGCTCCCATACCGGA-1,Layer_5,6
TTGCTGAAGGAACCAC-1,Layer_4,2
TTGCTGATCATGTTCG-1,Layer_6,4
TTGCTGCACCTATCCA-1,Layer_3,1
TTGCTGGCCGGGCTTC-1,Layer_3,1
TTGGAAGAATACAGTC-1,WM,5
TTGGACATGTGGCTTA-1,Layer_6,7
TTGGACCATCTGGCAA-1,Layer_3,1
TTGGACCTATAACAGT-1,Layer_4,6
TTGGAGTCTCCCTTCT-1,Layer_1,3
TTGGATATCGTCTACG-1,WM,5
TTGGATCGACTTCTGG-1,Layer_3,1
TTGGATTGGGTACCAC-1,Layer_3,2
TTGGCCATCTTGCGCT-1,Layer_2,1
TTGGCCTAGAATTTCG-1,Layer_3,2
TTGGCTCAATATGTGT-1,,1
TTGGCTCGCATGAGAC-1,Layer_4,2
TTGGGAAGACGAGCCG-1,Layer_6,7
TTGGGACACTGCCCGC-1,Layer_5,6
TTGGGACGTAAGAGTT-1,Layer_3,1
TTGGGCGGCGGTTGCC-1,Layer_5,6
TTGGTCACACTCGTAA-1,WM,5
TTGGTTGCGGTGCGCG-1,WM,5
TTGTAAGGACCTAAGT-1,WM,4
TTGTAAGGCCAGTTGG-1,Layer_5,6
TTGTAATCCGTACTCG-1,Layer_6,4
TTGTATCACACAGAAT-1,Layer_3,2
TTGTCGTTCAGTTACC-1,Layer_5,6
TTGTCTCGGCAAGATG-1,WM,4
TTGTGAACCTAATCCG-1,Layer_4,2
TTGTGAGGCATGACGC-1,Layer_5,7
TTGTGCAGCCACGTCA-1,Layer_5,6
TTGTGGCCCTGACAGT-1,Layer_4,2
TTGTGGTAGGAGGGAT-1,WM,5
TTGTGGTGGTACTAAG-1,Layer_3,2
TTGTGTATGCCACCAA-1,Layer_6,4
TTGTGTTTCCCGAAAG-1,Layer_6,4
TTGTTAGCAAATTCGA-1,Layer_4,2
TTGTTCAGTGTGCTAC-1,Layer_5,6
TTGTTGTGTGTCAAGA-1,Layer_5,6
TTGTTTCACATCCAGG-1,WM,5
TTGTTTCATTAGTCTA-1,WM,5
TTGTTTCCATACAACT-1,Layer_6,4
TTGTTTGTATTACACG-1,WM,4
TTGTTTGTGTAAATTC-1,Layer_1,3
