,ground_truth,domain
AAACAAGTATCTCCCA-1,Layer_3,1
AAACAATCTACTAGCA-1,Layer_1,7
AAACACCAATAACTGC-1,WM,6
AAACAGAGCGACTCCT-1,Layer_3,5
AAACAGCTTTCAGAAG-1,Layer_5,3
AAACAGGGTCTATATT-1,Layer_6,2
AAACAGTGTTCCTGGG-1,WM,2
AAACATTTCCCGGATT-1,Layer_3,1
AAACCCGAACGAAATC-1,Layer_2,1
AAACCGGGTAGGTACC-1,Layer_6,3
AAACCGTTCGTCCAGG-1,WM,6
AAACCTAAGCAGCCGG-1,Layer_4,5
AAACCTCATGAAGTTG-1,Layer_5,4
AAACGAAGAACATACC-1,Layer_3,1
AAACGAGACGGTTGAT-1,Layer_5,4
AAACGGGCGTACGGGT-1,Layer_3,1
AAACGGTTGCGAACTG-1,Layer_6,3
AAACTCGGTTCGCAAT-1,Layer_5,4
AAACTCGTGATATAAG-1,Layer_2,1
AAACTGCTGGCTCCAA-1,Layer_6,3
AAACTTAATTGCACGC-1,WM,6
AAACTTGCAAACGTAT-1,Layer_6,3
AAAGACATGAAGTTTA-1,Layer_2,1
AAAGACCCAAGTCGCG-1,Layer_3,1
AAAGACTGGGCGCTTT-1,Layer_3,5
AAAGGCCCTATAATAC-1,WM,6
AAAGGCTACGGACCAT-1,Layer_6,3
AAAGGCTCTCGCGCCG-1,Layer_6,2
AAAGGGATGTAGCAAG-1,Layer_5,4
AAAGGGCAGCTTGAAT-1,Layer_3,5
AAAGGTAAGCTGTACC-1,Layer_1,7
AAAGTAGCATTGCTCA-1,WM,6
AAAGTCACTGATGTAA-1,Layer_3,1
AAAGTCGACCCTCAGT-1,Layer_5,4
AAAGTGTGATTTATCT-1,Layer_4,5
AAAGTTGACTCCCGTA-1,Layer_4,5
AAATAACCATACGGGA-1,Layer_3,5
AAATAAGGTAGTGCCC-1,Layer_2,1
AAATACCTATAAGCAT-1,Layer_6,3
AAATAGCTTAGACTTT-1,Layer_3,1
AAATAGGGTGCTATTG-1,Layer_5,4
AAATCCGATACACGCC-1,Layer_3,5
AAATCGTGTACCACAA-1,Layer_6,2
AAATCTAGCCCTGCTA-1,Layer_3,1
AAATGATTCGATCAGC-1,Layer_2,1
AAATGCTCGTTACGTT-1,Layer_3,1
AAATGGCATGTCTTGT-1,Layer_3,5
AAATGGCCCGTGCCCT-1,Layer_6,2
AAATGGTCAATGTGCC-1,Layer_6,3
AAATGTGGGTGCTCCT-1,Layer_1,7
AAATTAACGGGTAGCT-1,Layer_6,3
AAATTACACGACTCTG-1,Layer_3,5
AAATTACCTATCGATG-1,Layer_4,5
AAATTGATAGTCCTTT-1,WM,6
AAATTGCGGCGGTTCT-1,Layer_1,7
AAATTTACCGAAATCC-1,Layer_3,1
AAATTTGCGGGTGTGG-1,WM,2
AACAACTGGTAGTTGC-1,Layer_5,4
AACAATACATTGTCGA-1,WM,6
AACAATTACTCTACGC-1,Layer_4,5
AACACACGCTCGCCGC-1,Layer_4,5
AACACGACTGTACTGA-1,Layer_3,5
AACACGAGACGCGGCC-1,Layer_6,2
AACACGCGGCCGCGAA-1,Layer_1,7
AACAGCTGTGTGGCAA-1,WM,6
AACAGGAAATCGAATA-1,Layer_3,5
AACAGGATGGGCCGCG-1,Layer_5,4
AACAGGTAGTATGGAT-1,Layer_2,1
AACATATCAACTGGTG-1,Layer_3,5
AACATCGATACGTCTA-1,Layer_2,1
AACATTGAAGTTGATC-1,WM,6
AACATTGGTCAGCCGT-1,Layer_1,7
AACATTGTGACTCGAG-1,Layer_6,2
AACCAAGACTTCTCTG-1,Layer_5,3
AACCAGTATCACTCTT-1,Layer_3,1
AACCATAGGGTTGAAC-1,WM,6
AACCATGGGATCGCTA-1,Layer_2,1
AACCCAGAGACGGAGA-1,Layer_3,1
AACCCATCCCATGATC-1,WM,6
AACCCGACAACCCGTG-1,WM,2
AACCCGAGCAGAATCG-1,Layer_2,1
AACCCTACTGTCAATA-1,Layer_4,5
AACCCTGGTGGAACCA-1,Layer_3,1
AACCGAGCTTGGTCAT-1,Layer_5,4
AACCGCTAAGGGATGC-1,Layer_4,5
AACCGTTGTGTTTGCT-1,Layer_3,5
AACCTAAAGCCGTCCG-1,Layer_2,1
AACCTCGCTTTAGCCC-1,Layer_4,4
AACCTTTAAATACGGT-1,Layer_6,3
AACCTTTACGACGTCT-1,Layer_3,5
AACGAAAGTCGTCCCA-1,WM,6
AACGATAATGCCGTAG-1,Layer_6,4
AACGATAGAAGGGCCG-1,Layer_3,5
AACGATATGTCAACTG-1,Layer_5,4
AACGCATGATCTGGGT-1,Layer_3,1
AACGCGACCTTGGGCG-1,Layer_6,2
AACGCGGTCTCCAGCC-1,Layer_5,4
AACGCTGTTGCTGAAA-1,Layer_3,5
AACGGACGTACGTATA-1,Layer_4,5
AACGGCCATCTCCGGT-1,WM,6
AACGTACTGTGGGTAC-1,WM,6
AACGTAGTCTACCCAT-1,Layer_1,7
AACGTCAGACTAGTGG-1,Layer_5,4
AACGTGATGAAGGACA-1,Layer_3,5
AACGTGCGAAAGTCTC-1,Layer_6,3
AACTACCCGTTTGTCA-1,Layer_3,1
AACTAGCGTATCGCAC-1,Layer_1,7
AACTAGGCTTGGGTGT-1,Layer_6,3
AACTCAAGTTAATTGC-1,Layer_6,3
AACTCCAGAGCGTGTT-1,Layer_3,5
AACTCCTAATCCCATG-1,Layer_3,5
AACTCGATAAACACGT-1,Layer_1,7
AACTCGATGGCGCAGT-1,Layer_1,7
AACTCTCAATAGAGCG-1,Layer_4,5
AACTCTCAGTGTGCTC-1,WM,6
AACTGATATTAGGCCT-1,Layer_4,5
AACTGGGTCCCGACGT-1,Layer_5,4
AACTGGGTTCGAGCCG-1,Layer_3,1
AACTGGTGTGGGCCTT-1,Layer_2,1
AACTTCTGCGTCTATC-1,Layer_3,1
AACTTGCCCGTATGCA-1,Layer_5,4
AACTTGCGTTCTCGCG-1,Layer_2,7
AACTTTAGCTGCTGAG-1,Layer_1,7
AAGAAGGATCAGTTAG-1,Layer_2,7
AAGACCAAATAACTCA-1,WM,6
AAGACCCAACTGAACA-1,Layer_6,3
AAGACTAACCCGTTGT-1,Layer_1,7
AAGACTCACGCCCACT-1,Layer_2,1
AAGACTGCAAGCTACT-1,Layer_6,3
AAGAGATGAATCGGTA-1,Layer_4,5
AAGAGCTCTTTATCGG-1,Layer_6,4
AAGAGGATGTACGCGA-1,Layer_6,3
AAGAGGCATGGATCGC-1,Layer_5,4
AAGAGGCCCTTTGGAA-1,Layer_3,1
AAGATGGCACCGGACC-1,WM,6
AAGATTGGCGGAACGT-1,Layer_4,5
AAGCACCCTGCGTATC-1,Layer_5,4
AAGCATACTCTCCTGA-1,Layer_6,3
AAGCCGAAGCGGTTTA-1,Layer_3,1
AAGCCGCCGTGAAATC-1,WM,6
AAGCGCAGGGCTTTGA-1,Layer_5,4
AAGCGGCGTCATGGGT-1,Layer_3,1
AAGCGTCCCTCATCGA-1,WM,6
AAGCTAGATCGAGTAA-1,Layer_6,3
AAGCTCGTGCCAAGTC-1,Layer_6,3
AAGCTCTTTCATGGTG-1,Layer_5,4
AAGGAGAACTTATAAG-1,Layer_1,7
AAGGAGCGGTTGGTGC-1,Layer_5,4
AAGGATCGATCGCTTG-1,Layer_3,1
AAGGATGAGGGACCTC-1,Layer_5,4
AAGGCAGGCTGTCTCC-1,Layer_2,1
AAGGCGCGTAAAGCTT-1,Layer_4,4
AAGGCTGTGCTCATCG-1,Layer_5,3
AAGGGAACGACTGGCT-1,WM,6
AAGGGACAGATTCTGT-1,Layer_4,5
AAGGGACTATGCATTC-1,WM,6
AAGGTATCCTAATATA-1,Layer_5,4
AAGGTGATAAACCAGC-1,Layer_5,5
AAGTAAGCTTCCAAAC-1,Layer_1,7
AAGTAGAAGACCGGGT-1,Layer_4,5
AAGTAGTGACGCGAGG-1,Layer_5,4
AAGTCAATTGTCGTCA-1,Layer_3,5
AAGTGACGACCGAATT-1,Layer_6,3
AAGTGAGTCGGGTTTA-1,WM,2
AAGTGCAAAGGTAGAC-1,Layer_3,5
AAGTGCCTTGACTGTA-1,Layer_3,1
AAGTGCGTTAGAATCT-1,WM,6
AAGTGCTTCTCTATTG-1,WM,2
AAGTGTTTGGAGACGG-1,Layer_5,4
AAGTTCACTCCAAGCT-1,Layer_4,5
AAGTTCAGTCTGCGTA-1,Layer_3,1
AAGTTCGGCCAACAGG-1,WM,2
AAGTTTACTAATGGCA-1,Layer_2,1
AAGTTTATGGGCCCAA-1,Layer_5,3
AATAACAACGCTCGGC-1,Layer_5,3
AATAACACTAGAACAA-1,WM,6
AATAAGTCCTCGAGAC-1,Layer_3,1
AATACAATGTTTCAGG-1,Layer_3,5
AATACCGGAGGGCTGT-1,WM,6
AATAGAACAGAGTGGC-1,WM,6
AATAGAATCTGTTTCA-1,Layer_5,4
AATAGCTACCGCGTGC-1,Layer_2,1
AATAGTCCGTCCCGAC-1,Layer_6,3
AATATCAAGGTCGGAT-1,Layer_1,7
AATATCGAATCAATGC-1,Layer_3,1
AATATCGAGGGTTCTC-1,Layer_3,5
AATATTGGAGTATTGA-1,Layer_5,3
AATCAGACTGCAGGAC-1,Layer_1,7
AATCATGTAAAGACTC-1,Layer_3,5
AATCCAAGGGCCTGAG-1,Layer_3,1
AATCCATGCAAGGGTG-1,Layer_1,7
AATCGCCTCAGCGCCA-1,Layer_5,4
AATCGCGCAGAGGACT-1,Layer_2,1
AATCGGGACACTACGA-1,Layer_3,1
AATCGTGAGCCGAGCA-1,Layer_3,5
AATCTAGGTTTACTTG-1,WM,6
AATCTATGCCGGAGCC-1,Layer_3,1
AATCTCTACTGTGGTT-1,Layer_5,4
AATCTGCGTTGGGACG-1,Layer_4,5
AATCTGGCTTTCTAGT-1,WM,2
AATCTGGGTAGACCCT-1,Layer_3,1
AATGACAGCAATGTCT-1,WM,6
AATGACGTAGGATGTC-1,Layer_5,4
AATGACTGTCAGCCGG-1,Layer_5,4
AATGAGTTCGCATATG-1,Layer_2,7
AATGATGATACGCTAT-1,Layer_4,5
AATGATGCGACTCCTG-1,Layer_3,5
AATGCAACCGGGTACC-1,Layer_5,4
AATGCACCAAGCAATG-1,Layer_3,5
AATGGTCCACCGTTCA-1,Layer_3,5
AATGGTTCTCACAAGC-1,Layer_3,5
AATGTATGGCACTGTA-1,WM,6
AATGTGCCCGAGGTGT-1,WM,6
AATGTGCTAATCTGAG-1,WM,6
AATTAAAGGTCGGCGT-1,Layer_6,2
AATTAACGGATTTCCA-1,Layer_6,3
AATTACGAGACCCATC-1,WM,6
AATTACTCGTACGCTC-1,Layer_1,7
AATTAGCGCTGCAGCG-1,Layer_6,3
AATTCATAAGGGATCT-1,Layer_4,5
AATTCATTGTCATGCA-1,WM,6
AATTCCAAGCATGTAC-1,Layer_6,3
AATTCGATTCGAGGAT-1,Layer_5,4
AATTCTAGAGTTAGGC-1,Layer_6,3
AATTGAACGCTCTGGT-1,Layer_5,4
AATTGCAGCAATCGAC-1,Layer_3,1
AATTGCGTGGATTACA-1,WM,6
AATTTGGGACATAGTA-1,Layer_3,5
AATTTGGTTCCAAAGA-1,Layer_3,5
ACAAACCATGCGTCCT-1,WM,6
ACAAACCGACAAGGCG-1,Layer_2,1
ACAAAGCATGACCTAG-1,Layer_3,1
ACAAATCGCACCGAAT-1,Layer_5,4
ACAAATGGTAGTGTTT-1,Layer_5,4
ACAAATTCAGATCTGA-1,Layer_1,7
ACAACAGCATGAGCTA-1,Layer_6,3
ACAACGGTCCCTGCGA-1,Layer_3,5
ACAAGCAGTGCCTAGC-1,Layer_5,4
ACAAGGAAATCCGCCC-1,Layer_5,4
ACAAGGACAAGAGGTT-1,Layer_5,4
ACAAGGATGCTTTAGG-1,Layer_3,5
ACAAGGGCAGGCTCTG-1,Layer_6,4
ACAATAGTCGTACGTT-1,Layer_6,3
ACAATCCATTTAAACC-1,Layer_5,3
ACAATCGATCTTTATA-1,Layer_1,7
ACAATGAATACGGAGA-1,WM,6
ACAATTGTGTCTCTTT-1,Layer_3,5
ACAATTTGAGCAGTGG-1,Layer_5,4
ACACAAAGACGGGTGG-1,Layer_5,4
ACACACCAGGACCAGT-1,Layer_5,5
ACACACTTTCTACACG-1,Layer_3,5
ACACATGATCAAATCT-1,WM,6
ACACATTGACGCAACA-1,Layer_1,7
ACACCCAGCATGCAGC-1,Layer_5,4
ACACCCGAGAAATCCG-1,Layer_3,5
ACACCGGTCTGACCGC-1,WM,6
ACACCTTAAGTAGGGC-1,Layer_5,4
ACACCTTACTACTTGC-1,Layer_3,1
ACACGAGACTCCTTCT-1,Layer_6,3
ACACGGCACTATGCAT-1,Layer_3,1
ACACGGGAACTTAGGG-1,Layer_6,3
ACACGTAGGCCACAAG-1,Layer_3,1
ACACTCCAATGTCACT-1,Layer_2,1
ACACTGATCAAGGTGT-1,WM,6
ACACTGGGACAGTCGT-1,Layer_2,1
ACAGAACTGAGAACAA-1,WM,6
ACAGATTAGGTTAGTG-1,Layer_3,1
ACAGCATAGAGCCAGT-1,Layer_3,5
ACAGCGACATTCTCAT-1,Layer_3,1
ACAGCGCACCCGCAGC-1,Layer_3,5
ACAGGCTTGCCCGACT-1,Layer_5,5
ACAGGTGGAGGTGAGG-1,WM,6
ACAGTAATACAACTTG-1,Layer_6,3
ACATAAGTCGTGGTGA-1,WM,6
ACATAATAAGGCGGTG-1,Layer_5,4
ACATCAGCTGGGACGC-1,Layer_4,4
ACATCCCGGCCATACG-1,Layer_6,3
ACATCCTGGTAACTGT-1,Layer_3,5
ACATCGATCGTTTACC-1,Layer_6,3
ACATCGGTCAGCCGCG-1,Layer_6,3
ACATCGTATGCAATGG-1,Layer_5,4
ACATCGTTAACCTAGT-1,Layer_3,5
ACATCTCAACGCGTAA-1,Layer_3,1
ACATGGCGCCAAAGTA-1,Layer_3,1
ACATGGCTCAATTTAG-1,Layer_1,7
ACATTAGTTTATATCC-1,Layer_6,3
ACCAAACTAGAAATCC-1,Layer_3,1
ACCAACACCACACACT-1,Layer_2,1
ACCAACCGCACTCCAC-1,Layer_3,1
ACCAACGCTTATTTAT-1,WM,6
ACCAAGAACGCGTGTC-1,Layer_4,5
ACCAATATGCAAGTTA-1,Layer_5,4
ACCACAACTCAGAACA-1,Layer_3,5
ACCACAAGTTTCTATC-1,Layer_6,3
ACCACCAATGTAACAA-1,Layer_3,1
ACCACGTGCAGCTATA-1,Layer_5,4
ACCACTGTTCAAGAAG-1,Layer_1,7
ACCAGCCCGGTCTTTG-1,Layer_3,1
ACCAGGAGTGTGATCT-1,Layer_1,7
ACCAGTGCCCGGTCAA-1,Layer_2,1
ACCAGTGCGGGAGACG-1,Layer_4,5
ACCATATCCGCAATAA-1,Layer_6,3
ACCATCCGCCAACTAG-1,Layer_5,3
ACCATCGTATATGGTA-1,Layer_6,2
ACCCAACGCCCGTGGC-1,Layer_5,4
ACCCACCTACATGCTC-1,Layer_3,5
ACCCATCTTGAGGGTA-1,Layer_6,3
ACCCATTTGTCCCTCT-1,Layer_3,1
ACCCGAGCGAAATTAC-1,WM,6
ACCCGGAAACTCCCAG-1,Layer_6,3
ACCCGGATGACGCATC-1,Layer_3,5
ACCCGGTTACACTTCC-1,Layer_6,2
ACCCGTGTCATCAGTA-1,Layer_6,2
ACCCTATAGGACTGAG-1,Layer_1,7
ACCCTATGCCATATCG-1,WM,6
ACCCTCCCTTGCTATT-1,Layer_5,4
ACCCTTCATCTGCGAA-1,Layer_3,5
ACCCTTTAGTTCTCCA-1,Layer_3,1
ACCGAAAGGGCCCTGC-1,Layer_3,1
ACCGAAGAGTCTGGTT-1,WM,6
ACCGACACATCTCCCA-1,Layer_6,3
ACCGACTGAGTCCCAC-1,Layer_6,3
ACCGATGGTAGCATCG-1,Layer_5,5
ACCGCAATAACTGCCT-1,Layer_5,4
ACCGCGGTGGAAGTCG-1,Layer_3,1
ACCGGGCCTTTGTTGA-1,Layer_3,5
ACCGGTCAGGTACACC-1,WM,6
ACCGGTCTGAGTACGG-1,Layer_1,7
ACCGTCCACTGGGCCC-1,WM,6
ACCGTGACCACGTGGG-1,WM,6
ACCGTTCCCGCTCTGA-1,Layer_3,1
ACCTAAGTACCTTTCA-1,WM,6
ACCTAATCGACTTCCT-1,Layer_5,4
ACCTACAGTATGTGGT-1,Layer_3,1
ACCTACTATAAATCTA-1,Layer_6,3
ACCTCCGCCCTCGCTG-1,Layer_3,1
ACCTCCGTTATTCACC-1,Layer_3,1
ACCTCGAACTTATGCT-1,WM,6
ACCTGCGTGTCATGTT-1,Layer_6,2
ACCTTTCCTTTAGAAG-1,Layer_1,1
ACGAAATGGGCGGCAC-1,Layer_5,4
ACGACTGGTCATACTC-1,WM,6
ACGAGAACCCATCACG-1,Layer_1,7
ACGAGATATTTGCTTA-1,Layer_3,5
ACGAGGATACCACTCT-1,Layer_6,6
ACGAGGTTTACAACGT-1,WM,6
ACGAGTACGGATGCCC-1,Layer_3,1
ACGATACATAGAACTA-1,Layer_5,4
ACGATCATACATAGAG-1,Layer_5,4
ACGATCATCTTGTAAA-1,Layer_3,5
ACGATGCATATGTTAT-1,Layer_6,3
ACGATGGATCCGATGC-1,Layer_3,5
ACGCAAACTAATAGAT-1,WM,2
ACGCAATCACTACAGC-1,Layer_3,1
ACGCATACGTTTACTA-1,Layer_3,1
ACGCATTCGTGAGTAC-1,Layer_6,3
ACGCCAGATGATTTCT-1,Layer_4,5
ACGCCCAGCTGTCGAT-1,Layer_3,1
ACGCCGCTAGACGACC-1,Layer_6,3
ACGCGAAGTCAGACGA-1,Layer_6,2
ACGCGCTACACAGGGT-1,Layer_6,3
ACGCGGGCCAAGGACA-1,Layer_6,3
ACGCTAGTGATACACT-1,Layer_3,5
ACGCTGTGAGGCGTAG-1,Layer_5,3
ACGCTTAGTGTCTCTC-1,Layer_3,1
ACGGAATTTAGCAAAT-1,Layer_3,1
ACGGACTCTCAAAGCG-1,Layer_5,4
ACGGAGCGCAAATTAC-1,Layer_3,1
ACGGATGGTGCGGATA-1,Layer_5,4
ACGGCACTTGCTTGGG-1,Layer_6,3
ACGGCCAACATGGACT-1,Layer_6,2
ACGGCGACGATGGGAA-1,Layer_5,4
ACGGCGGGTTGCCCTG-1,Layer_1,7
ACGGCTGGATGTAGAA-1,WM,6
ACGGGAGTGTCGGCCC-1,Layer_6,2
ACGGGTCATGTGACTT-1,Layer_1,7
ACGTACAGATTTCTCT-1,Layer_3,5
ACGTAGATTGCTGATG-1,Layer_6,3
ACGTATTACTCCGATC-1,Layer_3,5
ACGTCCTAAACGAGAT-1,Layer_1,7
ACGTGCGCCTCGTGCA-1,Layer_4,4
ACGTGGTCGAATGTGC-1,Layer_3,1
ACGTTAATGTCGAAGA-1,Layer_6,3
ACGTTAGATTTGCCCG-1,Layer_6,3
ACGTTCCGCGCTCCGT-1,Layer_3,1
ACGTTCGCAATCAATT-1,Layer_2,1
ACGTTCGTTCAGGAAA-1,WM,2
ACGTTCTGTACAAGTC-1,Layer_3,1
ACGTTTAGTTGTGATC-1,Layer_3,5
ACTAATACGTCAGGCG-1,Layer_2,1
ACTACATCCCGACAAG-1,WM,6
ACTACCAGCTCTCTGG-1,Layer_5,4
ACTACGCGTTAGAATT-1,Layer_6,3
ACTAGTTGCGATCGTC-1,Layer_3,1
ACTATATGCTGTGTTC-1,Layer_2,1
ACTATCCAGGGCATGG-1,Layer_3,1
ACTATCTGCCCGCGTA-1,Layer_2,1
ACTATGTCCAGCTGCC-1,WM,6
ACTATTCGTCCGTGGT-1,Layer_3,5
ACTATTTCCGGGCCCA-1,WM,6
ACTCAACGAATGTATT-1,Layer_1,7
ACTCAAGTGCAAGGCT-1,Layer_4,5
ACTCAATAAAGGCACG-1,Layer_5,4
ACTCAGACCTGCTTCT-1,Layer_2,7
ACTCATGGCAGCCTTC-1,WM,6
ACTCCAATATCATCAT-1,WM,6
ACTCCCATTCCTAAAG-1,Layer_6,2
ACTCCCGAATTCGTTT-1,Layer_3,5
ACTCCCTAATGCTAAA-1,Layer_6,3
ACTCCCTAGAATAGTA-1,Layer_6,3
ACTCGTAACCCGTCCT-1,WM,6
ACTCGTCAGTAATCCC-1,Layer_5,4
ACTCTCTGACTTAGGT-1,Layer_5,4
ACTCTCTTATACACGA-1,Layer_3,5
ACTCTTGTATAGTAAC-1,Layer_6,3
ACTGAAACGCCGTTAG-1,Layer_3,5
ACTGAATGGCGAAAGT-1,Layer_5,4
ACTGATTTAGTGATTC-1,Layer_3,1
ACTGCCCGCCATTCTC-1,WM,6
ACTGCCGTCGTAACTC-1,Layer_4,5
ACTGCTCGGAAGGATG-1,WM,2
ACTGTACGATACACAT-1,Layer_5,4
ACTGTAGCACTTTGGA-1,Layer_5,4
ACTGTATACGCGAGCA-1,Layer_2,1
ACTGTCCAGGATTATA-1,Layer_6,3
ACTGTCTTCTTTAGAA-1,Layer_6,3
ACTGTGCTAGTAGATC-1,Layer_2,1
ACTGTTTAGTGTAGGC-1,Layer_1,7
ACTTACCGGGCGCGCA-1,Layer_3,1
ACTTACGCATCCACGC-1,Layer_5,4
ACTTAGTACGACAAGA-1,Layer_3,1
ACTTATACTTACCCGG-1,Layer_5,4
ACTTATCTGATCTATA-1,Layer_1,7
ACTTATTAGGATCGGT-1,Layer_6,3
ACTTATTTATGTGCCA-1,Layer_5,5
ACTTCAGGCTGATCCC-1,Layer_5,4
ACTTCCATGCGGGACA-1,Layer_4,5
ACTTCGCCATACGCAC-1,Layer_5,4
ACTTGACTCCCTCTTT-1,Layer_6,3
ACTTGCCATATTGTAC-1,Layer_1,7
ACTTGGGACCCGGTGG-1,Layer_5,3
ACTTGTAGTCCCTTCA-1,Layer_5,3
ACTTGTGGATGGAACG-1,Layer_3,1
ACTTTACCCTCATGAA-1,Layer_3,1
ACTTTCCTATAGCTTC-1,Layer_6,3
ACTTTGACTGCATCCT-1,Layer_5,3
ACTTTGGTCGTGCTCC-1,WM,6
AGAAATTATGACTCGC-1,Layer_2,1
AGAACCCTCAATTGGG-1,WM,6
AGAACGTGGTACATTC-1,Layer_5,4
AGAAGAGCGCCGTTCC-1,Layer_5,4
AGAAGGTACACTTCAC-1,WM,2
AGAAGGTTGCCGAATT-1,Layer_6,2
AGAAGGTTGTAGGTCG-1,Layer_5,4
AGAAGTGATTCGTGAT-1,WM,2
AGAATAAATCTTCAGG-1,Layer_5,4
AGAATGCGGGTTCGGA-1,Layer_1,7
AGAATTATGGATTCGA-1,Layer_3,5
AGAATTGTTTGACATA-1,Layer_3,1
AGACATAGATCCTTCC-1,Layer_2,7
AGACCAAACCACACCT-1,Layer_6,2
AGACCATGGGATACAA-1,Layer_3,5
AGACCCACCGCTGATC-1,Layer_6,3
AGACCCGCCCTCCTCG-1,Layer_5,3
AGACCGCTCCGCGGTT-1,Layer_3,1
AGACCGGGAAACCCTG-1,Layer_5,3
AGACGAAGTGCCGGTC-1,Layer_3,5
AGACGACGATGCCGCT-1,WM,6
AGACGGGATTGGTATA-1,Layer_2,1
AGACGGGCCGATTTAA-1,Layer_2,1
AGACTAGCCTTCCAGA-1,Layer_5,4
AGACTGTTACCGGGTC-1,WM,2
AGAGAAACACCAGAAA-1,WM,6
AGAGAACCGTCTAGGA-1,Layer_5,5
AGAGAAGGAGTACAAT-1,WM,6
AGAGATCTCTAAAGCG-1,Layer_5,3
AGAGCAGTTATGAGAC-1,Layer_4,5
AGAGCCGCCGAGATTT-1,Layer_2,1
AGAGCGGGCTAATCAT-1,Layer_4,5
AGAGCGTACAAGCTCG-1,Layer_3,5
AGAGGCTTCGGAAACC-1,Layer_3,5
AGAGGTATCTCGGTCC-1,Layer_1,7
AGAGTAAACTTCACTA-1,Layer_3,1
AGAGTTAGAGACCGAT-1,Layer_2,1
AGATAACTTCAGGGCC-1,Layer_5,3
AGATACCGGTGTTCAC-1,Layer_6,3
AGATACGACTTCATAT-1,Layer_3,1
AGATACTCAAGATCGA-1,Layer_5,4
AGATATAATACGACTA-1,Layer_5,4
AGATCGTGCATAAGAT-1,Layer_3,5
AGATCTCAGGTGTGAT-1,Layer_6,4
AGATGACTCGCCCACG-1,Layer_5,4
AGATGAGGGTTGCGAT-1,Layer_3,1
AGATGATGGAGTCTGG-1,Layer_3,1
AGATGCAAGACGTGCA-1,WM,6
AGATGCTATAACGAGC-1,Layer_1,7
AGATTATAGGACGTTT-1,Layer_6,3
AGATTCACAACCGATA-1,WM,2
AGCAAAGGCCGCTAGT-1,Layer_5,4
AGCAACATATCTTATT-1,Layer_4,5
AGCAACCGAAAGTAAT-1,WM,6
AGCACACGTTTAGACT-1,WM,6
AGCACCAGTACTCACG-1,Layer_6,3
AGCACTACCGGCCTGT-1,Layer_5,4
AGCACTACCTCACCAG-1,Layer_5,4
AGCACTTAAGGACGCC-1,Layer_5,4
AGCAGAAGGAGAAAGA-1,Layer_6,3
AGCAGCCAGATGAATA-1,Layer_6,3
AGCATATCAATATGCT-1,Layer_3,5
AGCATCATTTCGAAAG-1,WM,6
AGCATCGTCGATAATT-1,Layer_5,4
AGCCAAGCTTTGTGTC-1,Layer_6,3
AGCCACAGGTTACCCG-1,Layer_3,5
AGCCACTCCCGTGCTT-1,Layer_5,4
AGCCCATACATGTAAG-1,Layer_6,3
AGCCCGGCATTAGAGG-1,WM,6
AGCCCGGTAGCCTGTA-1,Layer_6,2
AGCCCTAAGCGAAGTT-1,Layer_3,5
AGCCCTCCCTGGTGGC-1,WM,6
AGCCCTTCTAATCCGA-1,Layer_3,1
AGCCGTGGCTAAATGT-1,WM,6
AGCCTAATACCCACGT-1,Layer_6,2
AGCCTTAAAGCGGAAG-1,Layer_3,1
AGCGACAGGAACGGTC-1,WM,6
AGCGACATCCCATTCA-1,Layer_4,4
AGCGACCAACGATATT-1,Layer_5,4
AGCGAGACGTGAAGGC-1,WM,6
AGCGATGCGCCTAATA-1,Layer_3,1
AGCGCATAATGAATCG-1,Layer_6,2
AGCGCGGGTGCCAATG-1,Layer_4,5
AGCGCTTATGGGCAAG-1,Layer_3,1
AGCGGACACTTCGTAG-1,Layer_6,3
AGCGGCGGTTAGCGGT-1,Layer_6,2
AGCGGGAAGGGTCCAT-1,Layer_3,1
AGCGGGTCTGACACTC-1,Layer_6,3
AGCGGTTGAGATGTAC-1,Layer_2,1
AGCGTAGCGCTAGACC-1,Layer_1,7
AGCGTCTGAACCCGCA-1,Layer_1,7
AGCGTGGTATTCTACT-1,Layer_6,3
AGCGTTCCGATTTAAA-1,Layer_3,1
AGCTAACAAGCAATGT-1,WM,6
AGCTAAGTACGCAGGC-1,Layer_3,5
AGCTAGAAGCAGAAGT-1,Layer_3,5
AGCTATTTAATCCAAC-1,Layer_4,5
AGCTCCATATATGTTC-1,Layer_3,1
AGCTCCTTCGCACATC-1,Layer_5,4
AGCTCTAGACGTTCCA-1,Layer_6,3
AGCTCTTCCCAGTGCA-1,Layer_4,5
AGCTCTTCGTAACCTT-1,Layer_3,1
AGCTCTTTACTCAGTT-1,Layer_6,2
AGCTGAAGTAAACCAA-1,Layer_5,5
AGCTGTAACCTCAATC-1,WM,6
AGCTTATAGAGACCTG-1,Layer_1,7
AGCTTCAATACTTTGA-1,Layer_2,1
AGCTTGATCTTAACTT-1,Layer_6,3
AGGAAAGCCTCTGATG-1,Layer_1,7
AGGAAGCTGTCCGCCG-1,Layer_6,3
AGGACAGTCGAATCCC-1,Layer_5,4
AGGACATCGCACGTCG-1,Layer_3,1
AGGACGACCCATTAGA-1,WM,2
AGGACGCTCGATGTTG-1,Layer_3,1
AGGAGGCCTTCGCGCG-1,Layer_3,5
AGGATAAAGTCGGGAT-1,Layer_6,3
AGGATATAGGGATTTA-1,Layer_4,5
AGGATCACGCGATCTG-1,Layer_6,2
AGGCAAAGAGGAATCA-1,Layer_1,7
AGGCACGTGACTGTCC-1,Layer_2,1
AGGCAGATGCGTAAAC-1,Layer_5,4
AGGCAGGGAGCGTACT-1,WM,2
AGGCATTGTCGTAGGG-1,Layer_3,5
AGGCCACCCGTTATGA-1,Layer_5,4
AGGCCCATTGTACAGG-1,Layer_3,5
AGGCCCTAGAACGCCA-1,Layer_6,2
AGGCCTGAGAATCTCG-1,Layer_3,5
AGGCGGTTTGTCCCGC-1,WM,6
AGGCGTCTATGGACGG-1,Layer_2,1
AGGCTATGGTTAGCTT-1,Layer_4,5
AGGCTTCCCGAAGAAG-1,WM,6
AGGCTTGCTAGACACC-1,Layer_3,5
AGGGAAACGAGGTACT-1,Layer_3,5
AGGGACAGCACGGCGG-1,Layer_1,7
AGGGACCGGCTGCGTT-1,Layer_3,1
AGGGACTCTACGCGAC-1,Layer_6,2
AGGGAGACATACTTCG-1,Layer_2,1
AGGGCAGCGGCGTGGT-1,Layer_3,5
AGGGCGAGCAGCTGAT-1,Layer_6,3
AGGGCGTGATCGGCTA-1,Layer_3,5
AGGGCTGCAGTTACAG-1,Layer_6,3
AGGGTCAGAGCACTCG-1,WM,2
AGGGTCGATGCGAACT-1,Layer_3,5
AGGGTGCCGTTCTTTA-1,WM,6
AGGGTGCTCTCGAGGG-1,Layer_5,5
AGGGTGGATAGTGCAT-1,Layer_3,5
AGGGTTCCCTTTGGTT-1,Layer_5,4
AGGGTTTAGTTCGGGA-1,Layer_6,3
AGGTAACCTCCTATTC-1,Layer_3,1
AGGTACGATATTGCCA-1,Layer_3,5
AGGTAGATCGAGATAT-1,WM,6
AGGTAGGTACAAAGCT-1,Layer_5,3
AGGTATAATTGATAGT-1,Layer_3,1
AGGTCAGGTGAGAGTG-1,Layer_6,2
AGGTCGCCACTTCGGT-1,Layer_1,7
AGGTCGCGGAGTTACT-1,Layer_3,1
AGGTGGTGACCTTCGC-1,Layer_6,3
AGGTGTATCGCCATGA-1,Layer_5,4
AGGTTACACCATGCCG-1,Layer_2,1
AGGTTCTCCTTTCCGG-1,WM,6
AGGTTGAGGCACGCTT-1,Layer_5,4
AGGTTTCACACACCTT-1,Layer_6,3
AGTAACGTTCATCCTG-1,Layer_3,1
AGTAATGTCTTGCCGC-1,Layer_4,5
AGTAATTTGCAAGCGT-1,WM,6
AGTACATCATTTATCA-1,Layer_3,1
AGTACCTTCGAGTGCT-1,Layer_1,7
AGTACGGCCCGTATCG-1,Layer_5,4
AGTACGGGCACCTGGC-1,Layer_5,4
AGTACGTGGCCTGTCT-1,Layer_3,1
AGTACTCTTATGCCCA-1,Layer_4,5
AGTAGAAGGCGCCTCA-1,Layer_6,3
AGTAGCGTGAACGAAC-1,Layer_3,1
AGTAGCTAGACGCCGA-1,Layer_1,7
AGTAGGAAGGAAGTTG-1,Layer_3,1
AGTAGGTAACATACAT-1,Layer_3,5
AGTATAATACTAGGCA-1,Layer_4,5
AGTATACACAGCGACA-1,Layer_6,2
AGTATCCATAATAACG-1,Layer_1,7
AGTATGCTGGAGACCA-1,WM,6
AGTATTTGGCACGACC-1,Layer_6,2
AGTCAAATGATGTGAT-1,WM,6
AGTCAACACCACCATC-1,Layer_6,2
AGTCAAGATGACACTT-1,Layer_5,5
AGTCACTAGCTCTCGA-1,Layer_3,5
AGTCACTCCGCCTCAT-1,Layer_1,7
AGTCAGCCACCGCCTG-1,Layer_3,1
AGTCCAGCGGGTACGT-1,Layer_1,7
AGTCCATTGGCTGATG-1,Layer_3,5
AGTCCCGCCTTTAATT-1,Layer_3,5
AGTCGACGGTCTCAAG-1,Layer_5,4
AGTCGGCCCAAACGAC-1,Layer_5,4
AGTCGGCTCAACTTTA-1,Layer_6,2
AGTCGGTTGCGTGAGA-1,Layer_3,1
AGTCGTATAAAGCAGA-1,Layer_4,4
AGTCGTCGACCACCAA-1,Layer_3,5
AGTCGTGGGCATTACG-1,WM,6
AGTCTAAAGTATACTC-1,Layer_3,1
AGTCTCACAAGACTAC-1,WM,6
AGTCTGGACATCCTTG-1,Layer_3,1
AGTCTTCTCCTCAAAT-1,Layer_5,4
AGTCTTTAAAGTGTCC-1,Layer_5,4
AGTGAACAAACTTCTC-1,Layer_3,5
AGTGACCTACTTTACG-1,WM,2
AGTGACTGTGACACAA-1,WM,6
AGTGAGACTTCCAGTA-1,Layer_5,4
AGTGAGCCTCGCCGCC-1,Layer_3,5
AGTGAGGGTTTCTGAC-1,Layer_3,1
AGTGATAACCTGCGCG-1,Layer_3,5
AGTGATATGAGTAGTT-1,WM,2
AGTGATTCAAGCAGGA-1,Layer_5,4
AGTGCACGCTTAAGAA-1,Layer_3,5
AGTGCGTAGCTCGTAA-1,WM,6
AGTGCTAAACACAGCA-1,Layer_3,5
AGTGCTTGCACGAATA-1,Layer_5,4
AGTGGCGGCAATTTGA-1,Layer_4,5
AGTGGCGTCTGAAGGT-1,Layer_3,5
AGTGGCTCCGTCGGCC-1,Layer_5,3
AGTGGTGTTACCCGTG-1,Layer_6,2
AGTGTATTGCGCATTG-1,Layer_3,5
AGTGTGCTAAGATCGC-1,Layer_1,7
AGTGTGGTCTATTGTG-1,Layer_3,1
AGTTAAACACTTGCGA-1,Layer_6,2
AGTTAAGCGGTCCCGG-1,Layer_4,5
AGTTAAGTCAACCGCT-1,WM,6
AGTTACCGCACATGGT-1,Layer_3,5
AGTTACTCTATCGTGG-1,Layer_3,5
AGTTATTGAAAGGTAA-1,Layer_3,1
AGTTCCTACAGAATTA-1,Layer_5,3
AGTTCCTATTTATGTT-1,Layer_6,3
AGTTCTGCGTTGTATC-1,Layer_1,7
AGTTGACATCGGCTGG-1,Layer_1,7
AGTTGACGGTCCTTGC-1,Layer_6,3
AGTTGCTGACTGATAT-1,Layer_2,1
AGTTTCGCAGGTCGGA-1,Layer_3,5
AGTTTGCACCTGCCTC-1,Layer_5,4
AGTTTGGCACGGGTTG-1,Layer_3,1
AGTTTGGCCAGACCTA-1,WM,2
ATAAACCATTGGACGG-1,Layer_1,7
ATAAACGGACCCGTAA-1,Layer_6,3
ATAAACGTTGCACCAC-1,Layer_3,1
ATAAAGGCTCGGTCGT-1,Layer_6,3
ATAAAGGTCAAGTACG-1,Layer_3,1
ATAAATATTAGCAGCT-1,Layer_5,3
ATAACGCCGGAGGGTC-1,Layer_5,4
ATAACGGAGTCCAACG-1,Layer_5,4
ATAAGGTGGAGAACAT-1,Layer_6,3
ATAAGTAGGATTCAGA-1,Layer_3,5
ATAAGTAGGGCGACTC-1,Layer_3,1
ATAAGTTACCGCGACG-1,WM,2
ATAATACCGTTAGCCG-1,Layer_2,7
ATAATAGCTGTTGAAT-1,Layer_6,3
ATAATAGTGTAGGGAC-1,Layer_3,1
ATAATCTTGGAGAACC-1,Layer_5,4
ATAATTAGCTAAGTAG-1,Layer_6,3
ATACAGGCCCTCCAAT-1,Layer_5,4
ATACCACGGGCAACTT-1,Layer_5,4
ATACCAGCAAATTGCT-1,Layer_2,1
ATACCAGGCTAATAGA-1,Layer_3,1
ATACCAGGTGAGCGAT-1,Layer_1,7
ATACCTAACCAAGAAA-1,Layer_6,3
ATACGCCGATCTACCG-1,Layer_1,7
ATACGCCGGCGAAACC-1,Layer_5,4
ATACGGAACGTCGTTT-1,WM,6
ATACGGGTTTCGATTG-1,Layer_5,4
ATACGGTGAAGATGCA-1,Layer_4,4
ATACGTACTTAGCCAC-1,Layer_5,4
ATACGTCCACTCCTGT-1,Layer_4,5
ATACGTTATGCACGGA-1,Layer_6,3
ATACTACCCGTACCAC-1,Layer_3,1
ATACTAGCATGACCCT-1,Layer_5,4
ATACTCTCGCCACTCT-1,Layer_1,7
ATACTGCCTTACACCG-1,Layer_5,5
ATACTTGTTCTCGAGC-1,Layer_3,5
ATAGACAACGGGACCT-1,Layer_4,5
ATAGACGAAGAGAAAG-1,Layer_6,3
ATAGAGTACTGGGACA-1,Layer_5,4
ATAGAGTTATCAACTT-1,Layer_4,5
ATAGATTTGCAGTCGG-1,Layer_2,1
ATAGCAACTAGGGAAG-1,Layer_3,1
ATAGCCTCAGTACCCA-1,Layer_2,1
ATAGCTGCTCTTGTTA-1,Layer_1,7
ATAGGAATCTAAGCTT-1,Layer_1,7
ATAGGCGGCTATAGAA-1,Layer_6,2
ATAGGCTAGCTTCGCA-1,Layer_3,5
ATAGGGATATCCTTGA-1,Layer_5,4
ATAGGTTGGGCAGATG-1,Layer_6,3
ATAGTCTTTGACGTGC-1,Layer_3,1
ATAGTGAAGCGTTCTC-1,Layer_6,3
ATAGTTCCACCCACTC-1,Layer_3,5
ATATAAAGCGCTCGTG-1,Layer_6,3
ATATAAATGTAGCTGC-1,Layer_5,4
ATATAACACGGGCGCA-1,Layer_3,1
ATATACGCTCGTGACG-1,Layer_3,1
ATATAGAGTATTGGTC-1,WM,6
ATATCAACCTACAGAG-1,Layer_3,1
ATATCAATTCCAGCCT-1,WM,6
ATATCGGTAGGGAGAT-1,Layer_3,1
ATATCGTGCCAGACCC-1,Layer_3,1
ATATCGTTCCTCGAAC-1,Layer_3,5
ATATCTCCCTCGTTAA-1,Layer_4,5
ATATCTTAGGGCCTTC-1,Layer_6,3
ATATGTCTCCCTAGCC-1,Layer_3,5
ATATTCAGTTAAACCT-1,WM,2
ATATTCCACATAGTGA-1,Layer_5,4
ATATTCCCACAGGTCA-1,Layer_3,5
ATATTGCTGTCAAAGT-1,Layer_3,5
ATATTTAACCCTCAAG-1,Layer_6,3
ATCAAACACTGTTCCA-1,Layer_3,1
ATCAAACGAAGGTTTG-1,WM,6
ATCAATCTGGGCTGCA-1,Layer_6,3
ATCAATGCCGTGGCTG-1,WM,6
ATCACATTAGAATATC-1,Layer_5,5
ATCACGTGCTAATTAA-1,WM,2
ATCACTTCATCCTCGC-1,Layer_5,4
ATCAGACGGCACGCCG-1,WM,2
ATCAGCCTCATGCTGC-1,Layer_4,5
ATCAGCTCGTCCACTA-1,Layer_6,2
ATCAGGTCGCCATTGC-1,Layer_3,1
ATCAGTAGGCAGGGAT-1,Layer_5,5
ATCATAGCCCTATGTA-1,Layer_3,1
ATCATCCAATATTTGT-1,Layer_6,3
ATCATCTGCCCAGTGT-1,Layer_3,1
ATCCAACGCAGTCATA-1,Layer_5,4
ATCCAATGGAGGGTCC-1,Layer_6,3
ATCCACATCGACAGAA-1,Layer_5,4
ATCCACGCTAAATGTT-1,Layer_3,1
ATCCAGAGCAACAACC-1,Layer_6,2
ATCCAGGATTCGTGAA-1,Layer_6,2
ATCCCATCCACAGCGC-1,WM,6
ATCCTACCTAAGCTCT-1,WM,2
ATCCTGAATCGCTGCG-1,Layer_5,3
ATCCTGCGTGGAATGG-1,WM,2
ATCCTGCTGCAGATAG-1,Layer_1,7
ATCGACCCAATACAGA-1,Layer_6,3
ATCGACTCTTTCCGTT-1,Layer_5,4
ATCGCACGATTGTTCA-1,Layer_1,7
ATCGCACGCCGGGAGA-1,Layer_5,4
ATCGCCAGTCAACATT-1,Layer_3,1
ATCGCTGCGTGCAGCA-1,Layer_2,1
ATCGGAGACAGACGGC-1,Layer_5,4
ATCGGCAAGCAGTCCA-1,Layer_3,5
ATCGTGGAAAGTCTGG-1,WM,6
ATCGTTAGCTAGCGGA-1,Layer_3,1
ATCGTTCACTTTCGCC-1,Layer_3,1
ATCTAATATCCTACGG-1,Layer_6,3
ATCTAGCTTGTGAGGG-1,Layer_6,3
ATCTCCCACGGAATAT-1,Layer_3,1
ATCTCCCTGCAATCTA-1,Layer_4,5
ATCTCGTGAGCGAAAC-1,Layer_2,1
ATCTGACATGGAAGGA-1,WM,6
ATCTGATAGTGTCTTA-1,Layer_1,7
ATCTGCACCTCTGCGA-1,Layer_3,5
ATCTGCTGTTATCGCC-1,Layer_6,3
ATCTGGGCTGTTCTTG-1,Layer_6,3
ATCTGGTTAAGACTGT-1,Layer_5,4
ATCTGTAATTGTACCC-1,Layer_3,5
ATCTTAGGGCATTAAT-1,WM,6
ATCTTATCGCACACCC-1,Layer_3,1
ATCTTGACCTGCAACG-1,Layer_5,4
ATCTTGACTTGTCCAA-1,Layer_3,1
ATGAAGCCAAGGAGCC-1,Layer_5,4
ATGACGCCGGCTCTAA-1,Layer_4,5
ATGACGCGTTCTATCC-1,WM,6
ATGACTATCAGCTGTG-1,WM,2
ATGACTATGCGACATT-1,Layer_5,4
ATGAGGAGTGTTAATC-1,Layer_4,4
ATGATCGGGAATAGAC-1,Layer_4,5
ATGATGCAATGGTACA-1,WM,2
ATGCACGCGCTGTTCA-1,WM,6
ATGCACTACCGCATTG-1,Layer_5,4
ATGCATGATCCAGGAT-1,Layer_5,4
ATGCATTCCGTGATGG-1,Layer_1,7
ATGCCAATCGCTCTGC-1,Layer_3,1
ATGCCATTTGCGACCA-1,Layer_5,5
ATGCCGGTCTTGCATA-1,Layer_6,3
ATGCCGGTTGATGGGA-1,Layer_5,5
ATGCGACAATTGGTCC-1,Layer_2,7
ATGCGACAGTCCCATT-1,Layer_6,3
ATGCGAGTCCCACCAC-1,Layer_3,1
ATGCTCAGTGTTGCAT-1,Layer_3,5
ATGCTCTGGCGCGGTA-1,Layer_5,4
ATGCTTAGGAGTTGAT-1,Layer_2,1
ATGGAAATTTAAGGAG-1,WM,2
ATGGAGCAGGCCGTGA-1,Layer_6,3
ATGGATCCGGCGTCCG-1,Layer_5,5
ATGGATTGACCAAACG-1,Layer_6,3
ATGGCAGCATTACGAT-1,WM,6
ATGGCTGGAAATGGCC-1,Layer_3,1
ATGGGAACGGAAGCGG-1,Layer_3,1
ATGGGACCTGCTGAAC-1,WM,6
ATGGGCCTCGGCCTCT-1,Layer_5,5
ATGGGTGTATACCTCC-1,WM,6
ATGGTATTTACTGATT-1,WM,6
ATGGTCGCGTGGTTTC-1,Layer_5,4
ATGGTGCTCAAAGCCA-1,Layer_1,7
ATGTAAGGCTGCTCTT-1,Layer_3,1
ATGTACATGCGGTGAG-1,Layer_2,1
ATGTACGATGACGTCG-1,Layer_6,3
ATGTAGCGCGCGTAGG-1,Layer_5,4
ATGTGAAAGCCTAATG-1,Layer_6,2
ATGTGCATCCGACGCA-1,Layer_5,4
ATGTGGACATCTTGAT-1,Layer_6,3
ATGTGTAGTTTAGTCA-1,Layer_2,1
ATGTTACGAGCAATAC-1,Layer_3,1
ATGTTCGTCGACCCAC-1,Layer_5,4
ATGTTGTAGTCTGTTT-1,Layer_6,2
ATTAAACATGCGGACC-1,Layer_6,3
ATTAATACTACGCGGG-1,Layer_5,4
ATTAATGAACCAGTCG-1,Layer_5,4
ATTAATTCGGTCACTC-1,Layer_3,5
ATTACAACTACCGGCC-1,Layer_3,5
ATTACATGTCAGTCTT-1,Layer_3,1
ATTACCACACTGCCTG-1,Layer_2,1
ATTACGCGCTGGCAGG-1,Layer_6,3
ATTACTAGCCTCTTGC-1,Layer_3,5
ATTACTTACTGGGCAT-1,Layer_3,1
ATTAGATTCCTCAGCA-1,Layer_3,1
ATTAGATTGATAGCGG-1,Layer_4,5
ATTAGGCGATGCTTTC-1,Layer_6,3
ATTATACTTTGCTCGT-1,Layer_5,5
ATTATAGCTACTTTAC-1,Layer_2,1
ATTATCTCGACAGATC-1,Layer_3,1
ATTATGAGACCCAATT-1,WM,6
ATTATGCCATAGGGAG-1,Layer_5,4
ATTATTATGTCCGTCA-1,WM,6
ATTCAAAGTACCTGTT-1,Layer_1,7
ATTCAACCATTTAAGG-1,Layer_3,1
ATTCACTGATGTTGGA-1,Layer_6,3
ATTCAGGACCTATTTC-1,Layer_3,5
ATTCAGGATCGCCTCT-1,Layer_3,1
ATTCAGTAGCAGGGTC-1,Layer_4,5
ATTCATATACTGTCCA-1,Layer_6,3
ATTCATCGTTGAGGCA-1,Layer_3,5
ATTCCCACATAAACAA-1,Layer_3,5
ATTCCTAAGACGTGGA-1,Layer_2,1
ATTCCTCCGCCAGTGC-1,Layer_4,4
ATTCCTTCCAGGCGGT-1,Layer_1,7
ATTCGACGCCGGGCCT-1,Layer_5,3
ATTCGTGCTATCTCTT-1,Layer_3,1
ATTCTCGTCTCTTTAG-1,Layer_3,1
ATTCTGAGTATGAACT-1,Layer_3,1
ATTCTTCGTACTTATG-1,Layer_3,1
ATTGAAGATCTTAGTG-1,Layer_6,3
ATTGACGTAACTCGGT-1,Layer_3,5
ATTGATAGCAACGAGA-1,Layer_1,7
ATTGATCACCACATTT-1,Layer_6,2
ATTGATGAGTCCTAAC-1,Layer_3,5
ATTGCCTATTAGACCG-1,WM,6
ATTGCCTTTATGTTTG-1,Layer_4,5
ATTGCGATCAGTAACT-1,Layer_3,5
ATTGCTGCTCCTCCAT-1,Layer_6,3
ATTGGATTACAGCGTA-1,Layer_3,1
ATTGGGAATATCTTGG-1,Layer_3,5
ATTGTACAACTCGGCT-1,Layer_3,5
ATTGTCGCAATACCTT-1,Layer_3,5
ATTGTGACTTCGCTGC-1,Layer_1,7
ATTTAACTCGTATTAC-1,Layer_3,5
ATTTACAGTTTACTGG-1,Layer_5,4
ATTTACTAAGTCCATT-1,Layer_3,1
ATTTCATTATTTCGCG-1,Layer_3,5
ATTTCCGGGTTCTGCG-1,WM,6
ATTTGCCTAGTTACGA-1,Layer_1,7
ATTTGCGCGAGTAGCT-1,WM,6
ATTTGTCTTGGGAGCT-1,Layer_5,4
ATTTGTTCCAGGGCTC-1,Layer_5,4
CAAACGAGTATCGCAG-1,WM,2
CAAACGGTCGCACTTT-1,Layer_5,4
CAAACGTGGTCTTGCG-1,Layer_3,1
CAAACTACGATAGAGA-1,Layer_3,5
CAAACTATTGAGCTTC-1,Layer_3,5
CAAACTCGCGACGCCG-1,Layer_3,1
CAAAGATTATTGGGCC-1,WM,6
CAAATCTCTCACAAGG-1,Layer_6,3
CAAATGCGGAGTGTTC-1,Layer_1,7
CAAATGTCCTTCCGTG-1,Layer_6,2
CAAATTGTCAGCAAGC-1,Layer_3,5
CAACAGAATAACGCTA-1,Layer_2,1
CAACAGTGCCAAACGG-1,Layer_2,1
CAACATGGCCTGATAA-1,Layer_1,7
CAACCTACCGAGCAGT-1,Layer_3,1
CAACGACCCGTTTACA-1,Layer_5,4
CAACGGTTCTTGATAC-1,Layer_3,5
CAACGTGGTGGAGTCT-1,Layer_2,1
CAACTATATCGAATGC-1,Layer_3,5
CAACTCCAACGTTTAG-1,Layer_3,1
CAACTCCGTAACTTGC-1,Layer_1,7
CAACTCCTTGATCCCG-1,Layer_3,5
CAACTGCTCATCCGAT-1,Layer_6,3
CAACTTGTAGTGGGCA-1,Layer_2,7
CAAGAGGGCGGAGTAC-1,Layer_6,4
CAAGATATTATAACGT-1,Layer_5,4
CAAGCAACGTCGGAGT-1,Layer_5,4
CAAGCACCAAATGCCT-1,Layer_5,4
CAAGCGGCACATAATT-1,Layer_6,4
CAAGGATCGCATGTTC-1,Layer_6,3
CAAGGTCCTATAGGCT-1,Layer_3,1
CAAGTGAACTTTGGTT-1,Layer_2,1
CAAGTGTGGTTGCAAA-1,Layer_4,5
CAATAAACCTTGGCCC-1,Layer_5,4
CAATACGCTCTGAGGC-1,Layer_5,3
CAATATGTAGATTTAC-1,Layer_1,7
CAATATTCTTGACCTA-1,WM,6
CAATCCATTATCCGTT-1,Layer_1,7
CAATCCCTATACCAGC-1,Layer_3,5
CAATCCTGCCGTGGAG-1,Layer_2,1
CAATGCGAGAAGTATC-1,Layer_5,4
CAATGGAATCTACATA-1,Layer_3,1
CAATGGATCTCTACCA-1,Layer_5,4
CAATGGTCGGCCTGGG-1,Layer_2,1
CAATGTGCCAACCCTT-1,Layer_2,1
CAATTAAGGGTGATGA-1,Layer_6,3
CAATTTCGTATAAGGG-1,Layer_6,3
CAATTTGACCGGGAAG-1,Layer_1,7
CACAAGAAAGATATTA-1,Layer_1,7
CACAAGCTAAGAAAGG-1,WM,6
CACAATGAGCTGCTAT-1,Layer_6,2
CACACACGCTAACGAG-1,Layer_3,1
CACACAGCTTGCGCTC-1,Layer_2,1
CACACAGGGATAGATT-1,Layer_3,5
CACACGCGCTGTCTTA-1,Layer_5,4
CACACGTTTCAATGGG-1,Layer_3,1
CACACTTGTATTGCGA-1,Layer_1,7
CACAGAGACGAGGACG-1,WM,6
CACAGCACCCACGGCA-1,Layer_6,3
CACAGCTAGGGAGTGA-1,Layer_5,4
CACAGGGCCATATAGT-1,Layer_3,5
CACAGGGCCGTTGTCA-1,Layer_6,3
CACAGTCCCGCTTCGC-1,Layer_2,1
CACAGTTCGCTTCCCA-1,Layer_2,1
CACATAAGGCGACCGT-1,Layer_1,7
CACATATTAGCAGGAT-1,Layer_6,4
CACATCGTGCACGCGC-1,WM,6
CACATCTCACCGACGA-1,Layer_5,4
CACATGATTCAGCAAC-1,Layer_6,3
CACATGTTTGGACATG-1,Layer_1,7
CACATTCTTTCGATGG-1,Layer_3,5
CACATTTCTTGTCAGA-1,Layer_3,1
CACCAGTCAGCATGCA-1,WM,6
CACCATCGGAGGAGAC-1,Layer_3,5
CACCCAAATCTTATGT-1,Layer_3,5
CACCCACACGTCACCC-1,Layer_3,5
CACCCACGAGGCAATT-1,Layer_4,5
CACCCGGTTTGTGACT-1,WM,6
CACCCTAACAAGATCT-1,Layer_5,4
CACCCTTGGTGAGACC-1,Layer_6,2
CACCCTTTCCTCGCTC-1,Layer_1,7
CACCGATACACCGAGC-1,Layer_3,5
CACCGCCAGAAGGTTT-1,Layer_5,3
CACCGCCGACCAGCGA-1,Layer_3,1
CACCGCGTCCACTCTA-1,Layer_3,1
CACCGGAGATATCTCC-1,Layer_3,1
CACCGGTAGAGACATT-1,WM,6
CACCGTATCCCATCCG-1,Layer_3,1
CACCGTTAGGGATCAC-1,WM,6
CACCGTTGCGCGATAT-1,Layer_6,2
CACCTAATAGAGTCGT-1,Layer_3,1
CACCTAATCAGTTTAC-1,Layer_5,4
CACCTCGATGGTGGAC-1,Layer_5,4
CACCTTGCGAAACTCG-1,Layer_5,4
CACCTTGGCGCCTTTG-1,Layer_3,1
CACGAAAGTTAGTCCC-1,Layer_5,4
CACGACCACAGACTTT-1,Layer_1,7
CACGACGTAATAGTAA-1,Layer_1,7
CACGACTAAAGTTCTG-1,Layer_1,7
CACGATTGGTCGTTAA-1,Layer_1,7
CACGCACAGCGCAGCT-1,Layer_5,4
CACGCAGCGAGGCTTT-1,Layer_5,3
CACGCGGAACTGTTGC-1,Layer_3,5
CACGGCGCGCCAAAGG-1,Layer_3,1
CACGGGATTGAGGGTT-1,Layer_3,5
CACGTCGGCAACCTCT-1,WM,6
CACGTCTATGATGTGG-1,Layer_3,1
CACGTTCGTGCTCTAG-1,Layer_5,4
CACGTTTCGTACACAC-1,Layer_4,5
CACTAAAGTTGCCTAT-1,Layer_6,3
CACTACGGGAGCTGCC-1,Layer_3,1
CACTACTCAGTTCTGT-1,Layer_3,1
CACTCAAGAGCTATGG-1,Layer_6,3
CACTCAGCTCTTGAGG-1,Layer_3,5
CACTCCTATGTAAGAT-1,WM,6
CACTCCTCTCGGTCGG-1,Layer_3,5
CACTCGAGCTGAACAA-1,Layer_6,4
CACTCGGTTAGGAGGA-1,Layer_5,4
CACTCTTCTGCTAGCC-1,Layer_3,1
CACTGACGATTGTGGA-1,Layer_6,2
CACTGTCCAAGTGAGA-1,Layer_3,5
CACTTAATCAGACGGA-1,Layer_6,3
CACTTCGCCACAGGCT-1,Layer_3,5
CACTTCGTCTTATCTC-1,Layer_1,7
CAGAACTTAGCCCTCT-1,Layer_5,5
CAGAATAACACACGGA-1,Layer_3,1
CAGACACCGATCGCTG-1,WM,2
CAGACCTGTAAGTGTT-1,Layer_3,5
CAGACGAACCTGATAC-1,WM,2
CAGAGACGGTCACCCA-1,Layer_6,2
CAGAGCATGAGCTTGC-1,Layer_5,4
CAGAGGCGATGCATGA-1,WM,6
CAGAGTGATTTAACGT-1,Layer_3,5
CAGATACTAACATAGT-1,Layer_5,4
CAGATATGAAGATGAC-1,WM,6
CAGATCATTTAAAGTC-1,Layer_3,1
CAGATCCTGGTTTGAA-1,WM,6
CAGCAGCCCGTTCCTT-1,Layer_5,4
CAGCAGTCCAGACTAT-1,Layer_3,5
CAGCAGTCTGTGCTGC-1,Layer_5,4
CAGCCCTCACAGGCAG-1,Layer_2,1
CAGCCGGGCCCTCTAT-1,Layer_3,5
CAGCCTCCTGCAGAGG-1,Layer_5,4
CAGCCTCTCCTCAAGA-1,Layer_3,5
CAGCGATTCCCTTCAA-1,WM,6
CAGCTCACTGAGACAT-1,Layer_6,3
CAGCTCGACAAGTTAA-1,Layer_5,5
CAGCTCGTGCTTGTGT-1,Layer_3,1
CAGCTGGCGTAACCGT-1,Layer_6,2
CAGCTTAGTAGGTAGC-1,Layer_5,4
CAGGAAGACTTTATAT-1,Layer_3,5
CAGGATATATCGTTGT-1,Layer_6,3
CAGGATCCGCCCGACC-1,Layer_1,7
CAGGCAGTCTTACCAG-1,Layer_3,5
CAGGCCGTTTGGGTGT-1,Layer_6,3
CAGGCGCACGGTGGTC-1,WM,6
CAGGCGCCATGCTAGG-1,Layer_6,4
CAGTAACTATTTATTG-1,Layer_3,1
CAGTAATCCCTCCCAG-1,Layer_3,5
CAGTACATTCTCTAAA-1,Layer_3,1
CAGTACCAGTTTACGT-1,Layer_6,2
CAGTAGCCCACGCGGT-1,Layer_4,5
CAGTAGCGAGGTAGTA-1,Layer_1,7
CAGTCGAGGATGCAAT-1,Layer_3,5
CAGTCTCTCGGCTAAT-1,Layer_1,7
CAGTCTGTATACTGGG-1,Layer_6,3
CAGTGAATAAATGACT-1,Layer_5,4
CAGTGGTTGCACATGA-1,Layer_3,1
CAGTGTCCGCAGAATG-1,Layer_3,1
CAGTGTCGGCTGGCCC-1,Layer_4,5
CAGTGTTAATCTCTCA-1,WM,6
CAGTTCAAATTGACAC-1,Layer_5,3
CAGTTCCGCGGGTCGA-1,Layer_4,5
CATAACGGACAGTCGT-1,Layer_4,5
CATAAGAAGCTTGGCT-1,Layer_5,4
CATAAGCTCTCCGTCT-1,Layer_5,3
CATAATGAGCGGGCGA-1,Layer_1,7
CATACAAAGCCGAACC-1,Layer_3,1
CATACACGGTTCCCAC-1,Layer_6,3
CATACCCGTACCCAGT-1,Layer_5,3
CATACGAACTAGCTGG-1,WM,6
CATACGGCGTCTGGGC-1,Layer_6,3
CATACGGGTGCATGAT-1,Layer_1,7
CATACTATGTAATTGT-1,Layer_6,3
CATACTTAGGCAATAC-1,Layer_3,1
CATAGCCGCCCGGGAT-1,Layer_3,5
CATAGCGTTGCCCACC-1,WM,6
CATAGTACATTGAGAG-1,Layer_3,5
CATAGTAGCATAGTAG-1,Layer_4,5
CATAGTCAAATACATA-1,Layer_3,1
CATAGTCCACAAGAAC-1,Layer_6,2
CATATACTACTGATAA-1,Layer_3,1
CATATAGGTACAGTCA-1,Layer_6,2
CATATGTCAGGCTACG-1,Layer_6,2
CATATTATTTGCCCTA-1,Layer_3,5
CATCATCTACCCGGAC-1,Layer_3,5
CATCATTACCCTGAGG-1,Layer_3,5
CATCCAATATAGTTTG-1,WM,6
CATCCGCAGGCCCGAA-1,Layer_1,7
CATCCTCTCAAAGATC-1,Layer_3,5
CATCGAATGGATCTCT-1,Layer_1,7
CATCGCCCGCGGCCAA-1,Layer_3,1
CATCGGACGGGTTAAT-1,Layer_6,3
CATCTATCCCGTGTCT-1,Layer_3,1
CATCTTACACCACCTC-1,Layer_3,5
CATGAACCGACATTTG-1,Layer_3,1
CATGAACCTCTTATCA-1,Layer_3,1
CATGACTTCGCTGAAT-1,Layer_3,1
CATGAGATGCACTCTC-1,Layer_5,4
CATGATGCACAATTCT-1,Layer_5,4
CATGATGGAAGTTAGC-1,Layer_3,1
CATGCACGTGTTACTG-1,Layer_3,1
CATGCATGGAGACCCT-1,Layer_3,1
CATGCCAACTCGCAAA-1,Layer_6,3
CATGCGACCAGTTTAA-1,Layer_3,5
CATGCGTTAGACAGAA-1,Layer_3,5
CATGCTGGCTCCAATT-1,Layer_3,5
CATGGAAATGGGACCA-1,Layer_1,7
CATGGATTGTCTTCCG-1,Layer_3,1
CATGGCAGGAAGATCG-1,Layer_4,4
CATGGGTATGCCTTAT-1,Layer_5,4
CATGGGTCGGGTGTGG-1,Layer_5,5
CATGGTAAGTAGCGTT-1,Layer_6,3
CATGGTATTAGTTTGT-1,WM,6
CATGGTCTAGATACCG-1,Layer_6,3
CATGTAAGAGACATTT-1,Layer_4,5
CATGTAGGAGCGCCAA-1,Layer_2,7
CATGTCTCATTTATGG-1,Layer_5,4
CATTACGTCGGCCCGT-1,Layer_5,4
CATTATAACAGGGTCC-1,Layer_2,1
CATTATCCCATTAACG-1,WM,6
CATTATGCTTGTTGTG-1,Layer_5,4
CATTCACTGACAGCTA-1,Layer_3,1
CATTCAGGTCAGTGCG-1,Layer_1,7
CATTCCCTAAGTACAA-1,Layer_1,7
CATTGCAAAGCATAAT-1,Layer_2,1
CATTGCGAAATGGGCG-1,Layer_5,4
CATTGTGTGCTAGATC-1,Layer_1,7
CATTTAGCGGACCATG-1,Layer_5,4
CATTTATCGTTCAAGA-1,Layer_3,1
CATTTCTAGCAGACTA-1,Layer_3,1
CATTTGAGTGGTACGT-1,WM,6
CCAAACAGAACCCTCG-1,Layer_5,4
CCAAAGCAGTTGGTTG-1,Layer_1,7
CCAAATAACAAGATTC-1,Layer_2,1
CCAACCTTATGTAACT-1,WM,6
CCAACGATGCACTGAT-1,Layer_5,4
CCAACGCTTGCCAGGG-1,Layer_3,1
CCAAGAAAGTGGGCGA-1,Layer_6,2
CCAAGACTTCTGCGAA-1,Layer_5,4
CCAAGCGTAACTCGTA-1,Layer_6,3
CCAAGGAACAGAGAGG-1,Layer_3,5
CCAATAGTGCCGTCGA-1,Layer_6,3
CCAATCGGTAGATCGA-1,Layer_3,5
CCAATGTCACAGCAAG-1,Layer_6,3
CCAATTACGGGTCGAG-1,Layer_3,5
CCAATTGAATGTTAAT-1,Layer_4,4
CCACAATGTACGTCTT-1,Layer_5,4
CCACACTGAGATATTA-1,Layer_6,2
CCACAGCTGAAATCAT-1,Layer_1,7
CCACAGTACCCATCCT-1,Layer_4,5
CCACATACTGCACCCA-1,Layer_2,7
CCACCAACTTTACTGT-1,WM,6
CCACCCAAGGAAAGTG-1,Layer_6,3
CCACGAATTTAACCTC-1,Layer_3,1
CCACGAGAAGAGAATC-1,Layer_4,5
CCACGGAGCCATAAGA-1,Layer_6,2
CCACGGTGCCCGGTAG-1,Layer_3,1
CCACTAAACTGAATCG-1,Layer_1,7
CCACTGGTGGCTGGTT-1,Layer_5,3
CCACTGTTTGGATTAA-1,Layer_3,1
CCAGAAAGCAACTCAT-1,WM,6
CCAGAGACAAAGCCGG-1,Layer_3,5
CCAGATAGTTGAGTGA-1,Layer_5,4
CCAGCCTGGACCAATA-1,Layer_6,3
CCAGCTACGCCTCATA-1,Layer_1,7
CCAGCTCGAACGCATT-1,Layer_6,3
CCAGCTGATGGTACTT-1,Layer_5,3
CCAGCTTCCGCCCGCA-1,Layer_3,5
CCAGGGACGTGGCCTC-1,Layer_5,3
CCAGTAGTCTGATCCA-1,Layer_4,5
CCAGTCAAATCTCTTA-1,Layer_5,3
CCAGTCCATTATTCGA-1,Layer_1,7
CCAGTCTAGACGGCGC-1,Layer_5,5
CCAGTCTTGTCATAGA-1,Layer_6,3
CCATAAACAACCCGAC-1,Layer_3,5
CCATACCTTTACTTGT-1,Layer_3,5
CCATAGGTTGGCGTGG-1,Layer_5,4
CCATAGTCAGTAACCC-1,Layer_2,7
CCATATGGAAACTATA-1,Layer_3,1
CCATATTGGATCATGA-1,Layer_1,7
CCATCCATACCAAGTC-1,Layer_3,1
CCATCGCAGTTAAACT-1,Layer_6,3
CCATCTCACCAGTGAA-1,Layer_3,5
CCATCTTGTTCACAAT-1,Layer_1,7
CCATGCCCTAGATTTC-1,Layer_3,5
CCATGCCTGTTTAGTA-1,Layer_6,3
CCATGCTCTGCAGGAA-1,Layer_4,5
CCATGGCCCTTGTACC-1,Layer_5,4
CCATGTTCATCTATAT-1,WM,6
CCATTAGCGATAATCC-1,Layer_5,3
CCATTCCCTGCCCACA-1,Layer_5,3
CCATTTCTACCTATTA-1,Layer_6,3
CCCAAACATGCTGCTC-1,Layer_5,4
CCCAACATACGTCGCG-1,Layer_6,2
CCCAACCACACTAACA-1,Layer_3,1
CCCAAGAATGCACGGT-1,Layer_3,1
CCCAAGACAGAGTATG-1,Layer_1,7
CCCAATGAGATTTGCA-1,WM,6
CCCAATTTCACAACTT-1,Layer_6,3
CCCAGAGGAGGGCGTA-1,Layer_3,1
CCCAGGTCTGAAGGCT-1,Layer_3,1
CCCAGTAAACTTGGGA-1,WM,2
CCCAGTTAAGGCGCCG-1,Layer_5,4
CCCGAAGTTTCGCGAA-1,Layer_6,3
CCCGACCATAGTCCGC-1,Layer_5,4
CCCGAGTTTCTCCGTA-1,Layer_3,1
CCCGCAGCGCGAACTA-1,Layer_6,3
CCCGCAGGGCCCAAAG-1,Layer_3,5
CCCGCCATGCTCCCGT-1,Layer_3,5
CCCGCGCAATGCACCC-1,Layer_3,1
CCCGCTAGAGGGTTAA-1,Layer_2,1
CCCGGGTCGTTCAGGG-1,Layer_6,3
CCCGGTGGAAGAACCT-1,Layer_3,5
CCCGGTGTATCGGAAT-1,WM,6
CCCGTAAGTCTAGGCC-1,Layer_6,3
CCCGTAGCTGGGAAGA-1,WM,6
CCCGTCAGCGTCTGAC-1,Layer_5,4
CCCGTTTCGCAGATGT-1,Layer_3,1
CCCTAGTGTCAGGTGT-1,Layer_1,7
CCCTATGTAGAGCAGA-1,WM,6
CCCTCATTCTGGAATT-1,Layer_3,5
CCCTCCTCGCTCGTAT-1,Layer_3,1
CCCTCGGGAGCCTTGT-1,Layer_1,7
CCCTGAAATGAGTTGA-1,Layer_5,3
CCCTGACTAACAAATT-1,Layer_5,4
CCCTGATGTAACTCGT-1,Layer_1,7
CCCTGCCCAATCCGCT-1,Layer_5,3
CCCTGCGCTACGCATA-1,Layer_5,4
CCCTGGTATGGGCGGC-1,Layer_3,1
CCCTGTTGGCAAAGAC-1,Layer_1,7
CCCTTCTCGTACGCGA-1,Layer_1,7
CCCTTTAATGGAGTTC-1,Layer_3,1
CCCTTTGACAGGTCTT-1,Layer_6,2
CCGAAAGTGGTGAGCA-1,Layer_3,1
CCGAACACTGGGCCTC-1,Layer_6,3
CCGAACCTTCCCGGCC-1,Layer_6,3
CCGAAGTATATTGTTC-1,Layer_3,5
CCGACAAACACATGAG-1,Layer_2,7
CCGACAAAGGGAGTGC-1,Layer_5,4
CCGACAATAGGCCGCC-1,Layer_2,1
CCGACGGGCATGAGGT-1,WM,6
CCGACGTAAACACAAC-1,Layer_3,1
CCGACTCGCATAGTCT-1,Layer_3,1
CCGAGAAGTCGCATAA-1,Layer_3,1
CCGAGCTGTGCTTGTC-1,Layer_2,1
CCGAGGGATGTTAGGC-1,Layer_3,1
CCGATCTCAACCTTAT-1,Layer_3,5
CCGATTCGAGGGACCC-1,Layer_5,3
CCGATTGGTCAATGAA-1,Layer_1,7
CCGCACAAAGACCAAC-1,Layer_6,4
CCGCACGTGACCTCGG-1,Layer_4,5
CCGCATGTGGTACGAT-1,Layer_6,3
CCGCCACCACAATCCA-1,Layer_3,1
CCGCCGGAACTTCTCG-1,WM,2
CCGCCGGTCAACACAC-1,Layer_3,5
CCGCCGTTGAGGATAA-1,Layer_2,1
CCGCCTGCGAATTGGT-1,Layer_3,1
CCGCGATTTGGTAGGT-1,Layer_5,3
CCGCGGAATGCGTCAC-1,WM,6
CCGCGGGTACGAAGAA-1,Layer_5,4
CCGCGTAGGTAAGGGC-1,Layer_4,4
CCGCTATCAGCACCAG-1,Layer_6,3
CCGCTCTTCCGAACTA-1,Layer_3,1
CCGCTGGTGCCATTCA-1,Layer_3,1
CCGCTTACCTCACTCT-1,WM,6
CCGCTTCGCGGTTAAC-1,Layer_1,7
CCGCTTGCTGACATGG-1,Layer_2,1
CCGGAATGGTTTCAGT-1,Layer_4,5
CCGGAGCGTACTTTCT-1,Layer_6,3
CCGGCACGACCGTTTC-1,Layer_3,1
CCGGCGCATATTGGAT-1,Layer_3,5
CCGGCGTGAGACTCTG-1,Layer_6,2
CCGGGACCCGCAGAGA-1,Layer_3,5
CCGGGCGGTCTCGTCA-1,Layer_6,4
CCGGGCTAAGAATTTC-1,WM,6
CCGGGCTGCTCCATAC-1,Layer_5,4
CCGGGTTCGAGGTTAC-1,Layer_6,3
CCGGTAATGGCTAGTC-1,Layer_2,1
CCGGTTTGTAATTGTG-1,WM,6
CCGTAAGTTGGTCCCA-1,Layer_6,4
CCGTACCCAAGCGCCA-1,Layer_2,1
CCGTAGGAAATCCCTG-1,Layer_3,1
CCGTAGGGTTGTTTAC-1,Layer_3,1
CCGTATCTCGTCGTAG-1,WM,6
CCGTATTAGCGCAGTT-1,Layer_2,1
CCGTCAACCTCTGGCG-1,WM,6
CCGTGCCCATGACGGC-1,Layer_3,1
CCGTGGAACGATCCAA-1,Layer_3,1
CCGTGTTAAATTCCAT-1,WM,6
CCGTTACGTTAGAACA-1,Layer_4,5
CCGTTCCGAATCTCGG-1,Layer_5,3
CCTAAACAGGGTCCGT-1,Layer_1,7
CCTAAAGGCTGACGCT-1,Layer_3,5
CCTAAATTAACGGTTC-1,Layer_6,3
CCTAAATTGTATCCTA-1,Layer_2,1
CCTAACCCAAACAAGT-1,Layer_5,5
CCTAACTAAGGCTCTA-1,Layer_3,5
CCTAAGTGTCTAACCG-1,Layer_1,7
CCTACAAGTCCGGAAT-1,Layer_1,7
CCTACATTCACAGACG-1,WM,6
CCTACGCGACCTTACA-1,Layer_3,1
CCTACGGCTCAGTCGA-1,Layer_3,1
CCTACTGCTTACACTT-1,Layer_5,4
CCTAGGCGTAGCGATC-1,Layer_5,4
CCTAGGTAAAGGTAGC-1,Layer_6,2
CCTAGTTAGTCGCATG-1,Layer_3,5
CCTATAATGAGTGCCC-1,Layer_5,4
CCTATACCGTCCTGTC-1,WM,6
CCTATATCGTGTCACG-1,WM,6
CCTATATTTGTCCTGG-1,Layer_6,2
CCTATCTATATCGGAA-1,Layer_5,4
CCTATGAAGTGGTGCC-1,Layer_3,1
CCTATGGCTCCTAGTG-1,WM,6
CCTATGGGTTACCGTC-1,Layer_6,3
CCTATGGTCAAAGCTG-1,Layer_6,3
CCTATGTCCACTCCAC-1,Layer_3,5
CCTCACCAATCTTGAC-1,Layer_3,5
CCTCACCTGAGGGAGC-1,Layer_3,5
CCTCACCTTAGCATCG-1,Layer_3,5
CCTCATGCAGCTACGA-1,Layer_1,7
CCTCCCGACAATCCCT-1,Layer_3,1
CCTCCGACAATTCAAG-1,Layer_5,4
CCTCCTAGCTAGAGTC-1,WM,6
CCTCCTGTTGTGTCGT-1,Layer_3,1
CCTCGAAGTGGACGGG-1,Layer_3,5
CCTCGACCCACTGCCT-1,Layer_3,1
CCTCGCCAGCAAATTA-1,Layer_5,4
CCTCGCGCGATATAGG-1,Layer_3,5
CCTCGCGCTGTGCGAT-1,Layer_6,3
CCTCGGACCGGGATAG-1,Layer_5,4
CCTCGGATGCTACCTG-1,Layer_3,5
CCTCGGTTTCCTTGCC-1,WM,2
CCTCTAATCTGCCAAG-1,Layer_5,4
CCTCTACAAGGATTGG-1,WM,6
CCTCTATCGATTAGCA-1,WM,6
CCTCTCTCCCATCTAG-1,Layer_5,3
CCTCTGGCCTAGACGG-1,Layer_3,5
CCTCTGTACTATTCTA-1,Layer_6,3
CCTGAACGATATATTC-1,Layer_5,4
CCTGAATATTTACATA-1,Layer_5,4
CCTGACCACCGATGGT-1,Layer_6,3
CCTGACGCAACCTTTA-1,Layer_3,1
CCTGCGTTCTACGCTT-1,Layer_4,4
CCTGCTATTTGAGAAG-1,Layer_5,4
CCTGGAAACGTTCTGC-1,Layer_3,1
CCTGGCTAGACCCGCC-1,Layer_5,4
CCTGGTCGAATGTGGG-1,Layer_6,3
CCTGTAAGACATGATA-1,Layer_6,3
CCTGTACTCACGCCCA-1,Layer_6,3
CCTGTCACCCGGGCTC-1,Layer_6,3
CCTGTCCCTCACGTTA-1,Layer_2,1
CCTGTCGCCCGTAAAT-1,Layer_6,3
CCTGTGCATAGGAGAC-1,Layer_1,7
CCTGTGCGGATTGTAA-1,Layer_1,7
CCTGTTTGAAGACACG-1,Layer_3,5
CCTTCAGTTAAAGTGA-1,WM,2
CCTTCGTATAGAATCC-1,Layer_6,3
CCTTCTCAGCGTTCCT-1,Layer_6,3
CCTTCTTGATCCAGTG-1,Layer_5,4
CCTTGACCACTTTATT-1,Layer_3,1
CCTTTAAGGGAGCACT-1,WM,2
CCTTTCAATGAAGAAA-1,Layer_3,5
CCTTTGAATTATGGCT-1,WM,6
CGAAACATAGATGGCA-1,Layer_3,5
CGAAACGCAATTCATG-1,Layer_6,3
CGAACAGTATGGGCGT-1,Layer_3,5
CGAACCCGCATGCGTC-1,WM,2
CGAACGCCCAGTGCCG-1,Layer_3,5
CGAACGGCCGGACAAC-1,Layer_6,2
CGAAGACTGCCCGGGA-1,Layer_1,7
CGAAGCTATAAATTCA-1,Layer_3,1
CGAAGGGTTTCAGATT-1,WM,6
CGAAGTTGCTCTGTGT-1,Layer_5,4
CGAATCTGCTCGACGC-1,WM,6
CGAATGAAGTCATTGC-1,WM,6
CGAATGACGCATAATG-1,Layer_6,3
CGAATTACATGGTGTT-1,Layer_2,1
CGACAATTTGATCTAA-1,Layer_4,5
CGACACGCTCCGACAG-1,Layer_4,5
CGACAGTTCGCGTTAT-1,Layer_6,3
CGACATGCGATCTTCT-1,Layer_3,1
CGACCCTTAACGCCGG-1,Layer_6,2
CGACGCATCCGTACCT-1,Layer_6,2
CGACTCAGGATGTTAT-1,Layer_4,5
CGACTTTGTATAGCCT-1,Layer_3,1
CGAGACCCTAGAGTGT-1,Layer_6,3
CGAGAGATGTGAACCT-1,Layer_6,3
CGAGAGCGCGTAGATA-1,Layer_5,3
CGAGAGCTTTCACTAC-1,Layer_3,5
CGAGAGGGTAGCCGCG-1,Layer_3,1
CGAGATGTTGCCTATA-1,Layer_1,7
CGAGATTTCGCTCGGG-1,Layer_2,1
CGAGCACTTCAAGTTT-1,Layer_3,5
CGAGCGTTGATCAGCC-1,Layer_3,1
CGAGCTGGGCTTTAGG-1,Layer_4,4
CGAGGCCAGGCATTGG-1,Layer_2,7
CGAGGCTAAATATGGC-1,Layer_6,3
CGAGGGACTGCGGTCG-1,Layer_5,4
CGAGGGTATCCAGGTG-1,Layer_6,3
CGAGTACTAAAGAGGA-1,WM,2
CGAGTGAAGGTACCAG-1,WM,6
CGAGTGCTATAGTTCG-1,Layer_2,7
CGAGTTCTGTCCCACC-1,Layer_5,4
CGAGTTTATCGGACTG-1,Layer_4,5
CGATAATACTCAGGTT-1,Layer_2,1
CGATACCTCGCGGACA-1,Layer_6,2
CGATAGCGATACAGTG-1,WM,6
CGATAGTCGTACTGCA-1,Layer_3,5
CGATATTAGCCGCAGG-1,Layer_1,7
CGATCCGACCCAGTGC-1,Layer_6,3
CGATCCTCGCAACATA-1,WM,6
CGATCTGTTGGAGGAC-1,Layer_6,2
CGATGGACCCTACGCC-1,Layer_3,5
CGATGTTGTTATCTAC-1,WM,6
CGATTAAATATCTCCT-1,Layer_6,3
CGATTCGCCTGGCTGC-1,Layer_5,4
CGCAAACACGAGTTAC-1,Layer_5,4
CGCAATTACTTTCGGT-1,Layer_4,5
CGCAATTAGGGTAATA-1,Layer_5,4
CGCAATTCTACAATAA-1,Layer_4,5
CGCACATGTCCACTAC-1,Layer_5,4
CGCACGTCTGTTTATG-1,WM,6
CGCACGTGCGCTATCA-1,Layer_3,5
CGCAGAAACATTTGCG-1,Layer_3,1
CGCAGATCTTCACCCG-1,Layer_2,1
CGCAGGCGATCCAAAC-1,Layer_3,1
CGCATCATGGCTTCAG-1,Layer_3,5
CGCATGGTGCGATGCT-1,Layer_6,3
CGCATTAGCTAATAGG-1,Layer_5,3
CGCCAAGAAGCCGAGT-1,Layer_5,3
CGCCACAGGTCGCGAT-1,Layer_6,2
CGCCACCCGCATTAAC-1,Layer_1,7
CGCCATCCGATTATGA-1,Layer_5,4
CGCCCAGCACGCCTAG-1,Layer_6,2
CGCCCAGCGTTTCACG-1,Layer_3,5
CGCCCGCTTCCGTACA-1,Layer_4,5
CGCCCTAATTGTTCAA-1,WM,6
CGCCCTTACATCCACC-1,Layer_1,7
CGCCCTTGAAGGCTGA-1,Layer_3,5
CGCCGCCCATGCCTGT-1,Layer_5,4
CGCCGCGTTCTGAACG-1,WM,2
CGCCGTTCAGCATAGT-1,Layer_3,1
CGCCTCCCTCCTCTAT-1,Layer_6,3
CGCCTGGCCTACGTAA-1,Layer_6,3
CGCCTTTAGCATGCTC-1,Layer_2,1
CGCGAAGTGGCATACT-1,Layer_3,1
CGCGACCGCGACAGAT-1,Layer_5,4
CGCGAGAGGGACTTGT-1,Layer_2,1
CGCGAGTCTGCCGGGT-1,WM,6
CGCGCAAATGTCCAGA-1,WM,6
CGCGCAAGGAACTACA-1,Layer_1,7
CGCGCATGTTTGATTG-1,Layer_6,2
CGCGCCCGACTTAATA-1,Layer_5,4
CGCGGCAGTATTACGG-1,Layer_1,7
CGCGGCTCAACTTGAA-1,Layer_3,5
CGCGGGAATTAGGCAG-1,Layer_5,4
CGCGGTCACAAACCAA-1,Layer_3,1
CGCGTCATATTAAACC-1,Layer_2,1
CGCGTGCTATCAACGA-1,Layer_1,7
CGCGTTCATGAAATAC-1,Layer_5,4
CGCTACGGGACATTTA-1,Layer_6,3
CGCTAGAGACCGCTGC-1,Layer_3,5
CGCTATACCGCCCACT-1,Layer_3,1
CGCTATTCAATGTATG-1,Layer_3,5
CGCTATTCTTAGGCTC-1,Layer_6,3
CGCTCGACATAATGAT-1,Layer_4,4
CGCTCTCCGTAGATTA-1,Layer_5,3
CGCTGAGGACGTCCAA-1,Layer_1,7
CGCTGGTGACTACCCT-1,Layer_3,5
CGCTGTGACGCCGCAC-1,Layer_5,4
CGCTGTGTGGATGTTG-1,WM,6
CGCTTAGTATTGATAC-1,Layer_6,2
CGCTTATTCCCGGTCG-1,Layer_6,3
CGCTTCCACTGAAATC-1,Layer_3,5
CGCTTTCATACCGGTG-1,Layer_3,5
CGCTTTCTTGCATTCG-1,Layer_5,4
CGGAAAGAATCAAACG-1,WM,2
CGGAAATTTCACATCC-1,Layer_3,1
CGGAACGTAAACATAG-1,WM,2
CGGAGCAATTTAATCG-1,Layer_6,3
CGGAGCATGGCGATCC-1,Layer_6,3
CGGAGCTTATAACACC-1,Layer_3,5
CGGAGTTTGAGAGACA-1,Layer_5,4
CGGATAAGCGGACATG-1,Layer_3,1
CGGATCCTCAAGGACT-1,Layer_5,4
CGGCAAACATCGTGCG-1,Layer_6,3
CGGCAATAAGATCGCC-1,Layer_3,1
CGGCACCGTTAGCGCC-1,Layer_3,5
CGGCACTCAAGAAAGT-1,Layer_2,7
CGGCAGGGTCGGGTTG-1,Layer_4,5
CGGCCACGCACAAAGT-1,Layer_6,3
CGGCCAGAGCGACCAT-1,Layer_6,2
CGGCCCAACCTGTAGT-1,Layer_2,1
CGGCCCAGGTATATCC-1,Layer_3,1
CGGCGCCATCAATCCC-1,Layer_3,5
CGGCTCTAAAGCTGCA-1,Layer_3,1
CGGCTCTTCGTCGAAC-1,Layer_3,1
CGGCTGCAAGATTAAG-1,Layer_3,1
CGGCTTTGTATGATAA-1,Layer_3,1
CGGGAATATAGTATAC-1,Layer_3,1
CGGGAATTTATGTAAA-1,Layer_6,3
CGGGAGCTTCAGTGTA-1,Layer_4,5
CGGGAGTATACCGCCG-1,Layer_3,1
CGGGATCAATGTAAGA-1,Layer_5,4
CGGGCAGCTAAACCGC-1,Layer_6,3
CGGGCCATAGCCGCAC-1,Layer_1,7
CGGGCCTTCTTTGTAA-1,Layer_6,3
CGGGTGTACCCATTTA-1,Layer_5,4
CGGGTTCGGCACGTAT-1,Layer_1,7
CGGGTTGTAGCTTTGG-1,Layer_1,7
CGGGTTTGTTAGGGCT-1,Layer_2,1
CGGTACTAGAATCAAA-1,Layer_5,4
CGGTAGAGGTGCAGGT-1,Layer_4,5
CGGTATAGGTATTAGC-1,Layer_3,1
CGGTCAAGTGGGAACC-1,Layer_5,4
CGGTCCGTCGCAAGCC-1,Layer_6,2
CGGTCTATCAACCCGT-1,Layer_4,5
CGGTGAAGACTAAAGT-1,Layer_5,4
CGGTGCAGATAGAACG-1,Layer_6,2
CGGTGCGCGTTGGTCC-1,WM,6
CGGTGGGCTCCAGCCT-1,Layer_3,1
CGGTGTACTTGATCCC-1,Layer_3,1
CGGTTATCCAACAGTG-1,Layer_3,5
CGGTTCAAGTAGGTGT-1,Layer_3,5
CGGTTCCGGCTTCTTG-1,Layer_1,7
CGGTTGACCTGGCATA-1,Layer_5,3
CGGTTGAGTATCCTTC-1,WM,6
CGGTTGGGTTCAAGTT-1,Layer_2,1
CGGTTTATGAAGGAAC-1,Layer_2,1
CGTAAACGCTTGAGTG-1,Layer_1,7
CGTAACTTCGACACTT-1,Layer_6,2
CGTACCTGATAGGCCT-1,Layer_5,4
CGTAGAGAGTAATTAT-1,Layer_3,5
CGTAGCGAATTGTCAG-1,Layer_3,5
CGTAGCGCCGACGTTG-1,Layer_2,1
CGTATTAAGAGATCTA-1,Layer_6,3
CGTCAAGGCTATAAAT-1,Layer_3,5
CGTCAATCTTTAACAT-1,Layer_1,7
CGTCACGTCCATTGGT-1,WM,2
CGTCAGTGCGCACAAG-1,Layer_3,1
CGTCAGTTTATCGTCT-1,Layer_1,7
CGTCATACCATATCCA-1,Layer_3,1
CGTCGCATGTGAGCCA-1,Layer_5,4
CGTCGCGGCGGGATTT-1,Layer_1,7
CGTCGCTTGGTTATAC-1,WM,6
CGTCGGATAGTGTTGA-1,Layer_3,5
CGTCGGGTCTAAGCGC-1,WM,6
CGTCGTCCTTCGCGAA-1,Layer_5,4
CGTCTGGAAGGGCCCG-1,Layer_4,5
CGTGAAGTTAATTCAC-1,Layer_6,3
CGTGACATTGGGTCGT-1,Layer_3,5
CGTGACCAGTCCTCTG-1,Layer_6,3
CGTGCAGACTGGGACA-1,Layer_6,3
CGTGCATTGTCGACGC-1,Layer_6,3
CGTGCCCGACATTTGT-1,Layer_1,7
CGTGCCCTCCCGAAGA-1,Layer_6,4
CGTGCTTCTACCTAAA-1,WM,6
CGTGGCCGAATATCTA-1,Layer_3,5
CGTGGTACCCAAAGGC-1,WM,2
CGTGTCCCATTCGCGA-1,Layer_5,4
CGTGTCTCGTTACGAC-1,WM,6
CGTGTGTTAAACCCTG-1,Layer_2,1
CGTTAAACTAGTTAGG-1,Layer_3,1
CGTTAATGTCCCGACG-1,Layer_4,5
CGTTAGCTCACAACTG-1,Layer_3,5
CGTTCAGACCCGCGAA-1,Layer_6,3
CGTTCATGGTGCGCGT-1,Layer_6,2
CGTTCTTCGCACACCT-1,Layer_2,1
CGTTGAATACCGCGCT-1,Layer_5,4
CGTTGAGCGACCGTCG-1,Layer_6,3
CGTTGAGTAATTGCGT-1,Layer_3,1
CGTTGCCCGCGTGGGA-1,WM,2
CGTTGTAAACGTCAGG-1,Layer_3,1
CGTTGTAAGATTGATT-1,Layer_3,1
CGTTGTCGGCAATTGA-1,Layer_6,3
CGTTGTTTCAATTCCC-1,Layer_6,3
CGTTTAAGCGGAGCAC-1,Layer_3,5
CGTTTCACTTCGGGCG-1,Layer_3,5
CGTTTCGCTCATTACA-1,Layer_6,3
CGTTTGTGTAGAGGGT-1,WM,6
CTAAACGGGTGTAATC-1,Layer_1,7
CTAAAGAATGCCTACT-1,Layer_6,3
CTAAAGGGAAATAGGA-1,Layer_6,3
CTAAAGTCCGAAGCTA-1,Layer_1,7
CTAAATCCGGTGTACA-1,WM,6
CTAAATCCTATTCCGG-1,Layer_5,4
CTAACCGCGCGCCCGT-1,Layer_6,3
CTAACGAAACTTGCTG-1,Layer_4,5
CTAACTGATAATCGCC-1,Layer_3,1
CTAACTGGTCCGGTTC-1,WM,6
CTAAGGGAATGATTGG-1,Layer_6,3
CTAAGTACAGGGCTAC-1,Layer_1,7
CTAATTCGCACGCGCT-1,Layer_5,4
CTAATTCTCAGATATT-1,Layer_3,1
CTAATTTCAACAACAC-1,Layer_3,5
CTACAAGAAATAACCC-1,WM,6
CTACACTAGCTTGTTC-1,Layer_1,7
CTACACTCGCAGATGG-1,Layer_3,1
CTACATATCGCGGGAC-1,WM,6
CTACCCTAAGGTCATA-1,Layer_5,5
CTACGAACTAGGTCGA-1,Layer_3,1
CTACGACTAGCTATAA-1,Layer_5,3
CTACGATCCTATCCTA-1,WM,6
CTACGCACGGAGTACC-1,Layer_6,3
CTACGCCATTTCCGAT-1,Layer_3,5
CTACGTGTTGCCACCA-1,Layer_1,7
CTACTATCATAGGTTT-1,WM,6
CTACTATCTTTCAGAG-1,Layer_4,5
CTACTCAAGGTATAGT-1,WM,6
CTACTCTAGGCCCGGC-1,Layer_5,4
CTACTGCCACCTGACC-1,Layer_6,3
CTAGACATATATGTAG-1,Layer_1,7
CTAGACTGCATTTCGT-1,Layer_3,1
CTAGATAAACTCCTCG-1,Layer_1,7
CTAGATGTGAGTGTAA-1,Layer_3,5
CTAGATTTACGACGGC-1,Layer_6,3
CTAGCAACTAATTTAC-1,Layer_1,7
CTAGCATAGTATAATG-1,Layer_6,3
CTAGCCGATGTTATGA-1,Layer_3,1
CTAGGCGCCCTATCAG-1,Layer_4,5
CTAGGCGGCAGAGAAT-1,Layer_1,7
CTAGGGATAGGGACAA-1,WM,2
CTAGGTCTGAAGGAAT-1,Layer_3,5
CTAGGTTCGGACGTGA-1,Layer_6,3
CTAGTAGAAAGGGATT-1,Layer_5,4
CTAGTATTCGGAATTA-1,Layer_3,5
CTAGTCACGTCTTAAG-1,Layer_6,3
CTAGTGAAGGACAGGA-1,Layer_5,3
CTAGTTACAACCCGGT-1,Layer_6,3
CTAGTTGGGCCCGGTA-1,Layer_6,4
CTATAAGAGCCAATCG-1,Layer_3,5
CTATAGGCGTTGATGT-1,WM,6
CTATCGACGAAATACA-1,Layer_3,5
CTATCGGGTCTCAACA-1,Layer_6,3
CTATGCCCGAATGCAA-1,Layer_6,3
CTATGGGAAGCGGAAT-1,Layer_3,1
CTATGTCACTAGCCCA-1,Layer_6,3
CTATGTCTATTGAAAC-1,Layer_3,5
CTATGTGAGTCACGGC-1,Layer_6,3
CTATTCATGTGTCCCA-1,Layer_6,3
CTATTGTGTTTGGTCA-1,Layer_3,1
CTATTTGCTTGGAGGA-1,Layer_6,3
CTATTTGGTTACGGAT-1,Layer_5,4
CTCAAACCACTGCCCG-1,WM,6
CTCAACTAACCCGGAT-1,Layer_4,5
CTCAAGACATTAGCGC-1,Layer_3,1
CTCACATTTACTAAAT-1,Layer_6,3
CTCACTGTGATACTTA-1,Layer_5,4
CTCACTTGGCTGGTAA-1,Layer_6,3
CTCAGGACTCACCTGT-1,Layer_3,1
CTCAGTCACGACAAAT-1,Layer_3,5
CTCATGGCTCACAATC-1,Layer_3,5
CTCATGGTAATTTGCG-1,WM,6
CTCATTGCTCTAACAA-1,Layer_5,4
CTCATTTGATGGGCGG-1,Layer_5,4
CTCCCAATGAGTCGCG-1,Layer_2,1
CTCCCTCCTTTCGATC-1,WM,6
CTCCGCCCACATGAGG-1,Layer_6,2
CTCCGGCCTAATATGC-1,Layer_5,4
CTCCGGCTTGTAGACA-1,Layer_2,7
CTCCTAAGTTATGTCT-1,Layer_2,1
CTCCTCCAGCTCACAC-1,Layer_6,2
CTCCTGTTCAAGGCAG-1,Layer_2,1
CTCCTTTACGCAAGTC-1,Layer_3,1
CTCGAATGGAACGTAT-1,Layer_2,1
CTCGAGACATACGATA-1,WM,2
CTCGAGGTCGAACAGT-1,Layer_6,3
CTCGATATTTGCGAGC-1,Layer_3,5
CTCGCACCTATATAGT-1,Layer_5,4
CTCGCATTGCATAGCC-1,WM,6
CTCGCCGAATGTAGGG-1,Layer_6,3
CTCGGGCATCGTCGGG-1,Layer_2,1
CTCGGGTTCTCTGGCC-1,WM,6
CTCGGTACCACTGCTC-1,Layer_5,4
CTCGGTCCGTAGCCTG-1,Layer_4,5
CTCGGTTGTCGGCCCT-1,WM,6
CTCGTCGAGGGCTCAT-1,WM,6
CTCGTTACGGCTACCA-1,WM,2
CTCGTTTCTAATGTTT-1,Layer_3,1
CTCTAATGCATTGATC-1,Layer_3,1
CTCTACACTGGCGATT-1,Layer_6,3
CTCTAGCCCTCGGAAA-1,Layer_3,5
CTCTATTTGGCTGCAG-1,Layer_6,3
CTCTCACAATCGATGA-1,Layer_6,3
CTCTCGATGTGCGCCT-1,Layer_2,1
CTCTCTAACTGCCTAG-1,WM,6
CTCTGCGAAGCAAGCA-1,Layer_3,1
CTCTGGACGCCTGGTG-1,Layer_6,3
CTCTGTGCCTGCTATG-1,Layer_1,7
CTCTGTTTGAGGATTC-1,Layer_3,5
CTCTTCTATTGACTGG-1,Layer_3,5
CTCTTCTGGAAGTTAG-1,WM,6
CTCTTGTCCCGCTTGG-1,Layer_6,3
CTGAAAGAGATCCGAC-1,Layer_5,4
CTGAATCCGAGACCTC-1,Layer_6,2
CTGAATTTATTGCCAG-1,Layer_3,1
CTGACATAGAAATAGA-1,Layer_2,1
CTGACTGCGCAGCTCG-1,Layer_3,5
CTGAGAAAGTTCGGCG-1,Layer_2,1
CTGAGCAAGTAACAAG-1,Layer_2,1
CTGATAGTGTATCTCA-1,Layer_4,4
CTGCAAATGGGCTCCA-1,Layer_1,7
CTGCAAGCACGTTCCG-1,Layer_2,1
CTGCACAACTACATAT-1,Layer_5,4
CTGCACCTGGAACCGC-1,Layer_3,5
CTGCACTCCAGTACAG-1,Layer_6,3
CTGCAGAGAATCAGAG-1,Layer_3,1
CTGCCAAGGTTGGAAG-1,Layer_5,4
CTGCCATGCATCACAT-1,Layer_6,3
CTGCCTAGCCACCAAG-1,Layer_3,5
CTGCCTTTAATACCTT-1,WM,6
CTGCCTTTCTAGTAAA-1,Layer_3,1
CTGCGGGTGAAATGTT-1,Layer_5,4
CTGCGGTAGTCACGTG-1,Layer_3,1
CTGCGTTACGATATAA-1,Layer_3,5
CTGCTGAGGCCACGAA-1,WM,6
CTGCTGTCTAACGAGC-1,Layer_2,1
CTGCTTGGCGATAGCT-1,Layer_5,4
CTGCTTTATGTCCGCG-1,Layer_2,1
CTGGAAATGGATGCTT-1,Layer_5,3
CTGGAAGACACGGTGG-1,Layer_5,4
CTGGACGCAGTCCGGC-1,Layer_6,2
CTGGATTTACACTTGA-1,Layer_6,2
CTGGCATCCGAATGAG-1,WM,2
CTGGCGACATAAGTCC-1,Layer_4,5
CTGGCGCACAGGTCTG-1,Layer_5,4
CTGGCGGGAATAAGTA-1,Layer_3,1
CTGGCTCCTGCGGGAT-1,Layer_1,7
CTGGCTGATTCATCCT-1,Layer_4,5
CTGGCTGCTAACGTAA-1,Layer_1,7
CTGGCTGGTTGTCAGT-1,Layer_6,2
CTGGGATAAATAATGG-1,Layer_5,4
CTGGGATACGCTACCC-1,Layer_2,1
CTGGGATCGCCCAGAT-1,Layer_1,7
CTGGGCACTAGTCGGA-1,Layer_1,1
CTGGGCCTGCTATATC-1,Layer_6,2
CTGGGCGGCCAAATGT-1,Layer_2,1
CTGGGTAGGCAGTTAA-1,Layer_5,4
CTGGGTTGAGTTAAAG-1,WM,2
CTGGTAAAGTGTGGGC-1,Layer_2,1
CTGGTAACACATAGAA-1,Layer_5,4
CTGGTAACGAGCTCTT-1,Layer_3,5
CTGGTCATTCCAATCC-1,Layer_3,5
CTGGTCCTAACTTGGC-1,Layer_3,1
CTGGTGAATGGGCCTA-1,WM,6
CTGGTTCAACGCATCA-1,Layer_1,7
CTGGTTTCGAGCAAGA-1,Layer_5,4
CTGTACTTCTTAGCAT-1,Layer_6,3
CTGTAGCCATCTCACT-1,WM,6
CTGTAGTGAGGATCGA-1,WM,2
CTGTATGGTGTAGAAA-1,Layer_3,5
CTGTCAAATGGCTCGG-1,Layer_5,4
CTGTCACGCCAGGCGC-1,Layer_3,1
CTGTGCAGGGTAGGTC-1,Layer_6,3
CTGTGGTCGGGAGATA-1,Layer_4,5
CTGTTACCCAATCTAG-1,Layer_6,2
CTGTTCACTGCCTGTG-1,Layer_5,4
CTGTTCATCTCACGGG-1,Layer_3,5
CTGTTGTTCAGTCGTA-1,WM,6
CTTAACTTCGAAGTAC-1,Layer_3,5
CTTACACGGTATTCCA-1,Layer_5,3
CTTACACTGGGAAATA-1,Layer_3,5
CTTAGCCTTCCACATG-1,Layer_5,4
CTTAGGTATAGACCAG-1,WM,6
CTTAGTAGGCCTACAG-1,Layer_3,5
CTTAGTGTAGTAGCAT-1,Layer_4,4
CTTAGTTGAGGAATCG-1,WM,6
CTTATGCGCTCAGGGC-1,Layer_5,3
CTTATGTTGACTACCA-1,Layer_2,1
CTTCAACTCCACTTGG-1,Layer_5,4
CTTCAGTGGTCGCCTA-1,WM,6
CTTCATAGCTCAAGAA-1,Layer_3,5
CTTCATTGTCAGTGGA-1,Layer_6,3
CTTCCGCTCCGTGAAG-1,WM,2
CTTCCTGCATATTTAC-1,Layer_1,7
CTTCGGCCAATTGTTT-1,Layer_3,1
CTTCGTAGATAGGTGA-1,Layer_6,3
CTTCGTGCCCGCATCG-1,Layer_1,7
CTTCTATGTTGAAGTA-1,Layer_6,2
CTTCTATTAATGCTAG-1,WM,6
CTTCTGGGCGTACCTA-1,WM,6
CTTCTTACGTCGTATA-1,Layer_3,5
CTTGACCCGAAAGATA-1,Layer_3,1
CTTGAGGTTATCCCGA-1,Layer_1,7
CTTGAGTTAGGGTAAT-1,Layer_4,5
CTTGCAACCGCCTCCT-1,Layer_6,3
CTTGCCCAGGCTCTAC-1,Layer_6,2
CTTGGCCAAGCTGGGA-1,Layer_6,3
CTTGTACTTGTTGACT-1,Layer_5,4
CTTGTCAACATTCGAG-1,Layer_6,3
CTTGTCGTACGTGTCA-1,Layer_1,7
CTTGTGAGGACAGCGG-1,Layer_1,7
CTTGTGAGTCTTTGAC-1,Layer_2,7
CTTGTGCTCACCGATT-1,Layer_3,5
CTTGTTGCTGAGTCAA-1,Layer_5,4
CTTGTTTATGTAGCCA-1,Layer_3,1
CTTTAACTTTCAAAGG-1,Layer_5,4
CTTTAATATTGGTCGA-1,Layer_6,4
CTTTACCGAATAGTAG-1,Layer_5,4
CTTTAGGAACACTGTT-1,Layer_5,4
CTTTAGTGCTATTATT-1,Layer_6,3
CTTTCTGTGCGGGCTT-1,Layer_6,3
CTTTGAAACATATTCC-1,Layer_1,1
CTTTGCATCGCTCTTG-1,Layer_3,5
CTTTGGCGCTTTATAC-1,Layer_4,4
CTTTGGCTTTAGTAAA-1,Layer_5,3
CTTTGGGATTGTTGCA-1,WM,2
CTTTGTCGAATGCTCC-1,WM,6
GAAACAGATGACCACC-1,Layer_5,5
GAAACAGCCATGCAGT-1,Layer_3,5
GAAACATAGGAAACAG-1,WM,6
GAAACCATGGTGCGCT-1,Layer_3,1
GAAACCGAATTACCTT-1,WM,2
GAAACCTATACAAATG-1,Layer_6,2
GAAACTCGTGCGATGC-1,Layer_4,5
GAAACTCTAATGAAGG-1,Layer_3,5
GAAAGAACAGCGTTAT-1,Layer_3,5
GAAAGCAGTGCACTTT-1,Layer_6,2
GAAAGCCCTTTGGACC-1,Layer_5,4
GAAAGTGACTAACTGC-1,Layer_4,5
GAAATACCTGCTGGCT-1,Layer_3,1
GAAATACTAAACGTTT-1,Layer_3,1
GAAATATCACCATCAG-1,Layer_5,4
GAAATATGCTTGAATG-1,Layer_2,1
GAAATCGCGCGCAACT-1,Layer_5,4
GAAATGGCGGTGTTAG-1,Layer_6,3
GAAATGGGATGTAAAC-1,Layer_1,7
GAAATTAGCACGGATA-1,Layer_3,5
GAAATTCACATCGCTG-1,Layer_3,1
GAAATTGTCTCTATAA-1,Layer_6,2
GAACAACTGGGATGAA-1,Layer_3,5
GAACACACATCAACCA-1,Layer_5,4
GAACAGATTACTAAAT-1,Layer_6,3
GAACCATCTGGGAGAC-1,Layer_1,7
GAACCCTCTGTGTTCT-1,Layer_6,3
GAACCTCGACCTACAC-1,Layer_5,3
GAACCTTTAACGATCC-1,Layer_5,4
GAACGACCGAATGATA-1,Layer_5,4
GAACGCGGGTCACACG-1,Layer_2,1
GAACGTCTCATGGTCG-1,Layer_5,4
GAACGTTAGGAAGACG-1,Layer_4,4
GAACTGTGGAGAGACA-1,Layer_6,3
GAACTTAGCGCCCGGT-1,Layer_1,1
GAAGAAACGATATTGT-1,WM,6
GAAGAACGGTGCAGGT-1,Layer_3,1
GAAGACTTCAATGCCG-1,Layer_2,1
GAAGCAAGGCAATGTT-1,Layer_1,7
GAAGCCACTGATTATG-1,Layer_5,4
GAAGCCTGCACATTCC-1,Layer_6,3
GAAGCGTGAGGAATTT-1,Layer_6,3
GAAGCTCGGACCCGTC-1,WM,6
GAAGCTTGCTGACCGC-1,Layer_5,4
GAAGGACTAAATTGAA-1,Layer_1,7
GAAGGAGTCGAGTGCG-1,Layer_6,3
GAAGGGCATAACCATG-1,Layer_1,7
GAAGTCAGTTGCACTA-1,Layer_6,3
GAAGTCTCCCTAGCGA-1,Layer_5,5
GAAGTGATTTATCGTG-1,Layer_6,3
GAAGTGCTGGATAGCT-1,Layer_3,5
GAAGTTTCCACTCAAT-1,Layer_6,3
GAATAGACGCGACCCA-1,Layer_5,5
GAATAGCATTTAGGGT-1,Layer_2,1
GAATAGCCCTGCGGTC-1,Layer_2,1
GAATAGTGCTCGATTA-1,WM,6
GAATATTCGGAGTCCC-1,Layer_3,5
GAATCGACATGGTCAC-1,Layer_5,4
GAATCGCCGGACACGG-1,Layer_3,1
GAATCTATACTCGGAC-1,Layer_3,1
GAATCTGAACATTCTC-1,Layer_6,3
GAATGCCGAAATGACC-1,Layer_3,1
GAATGCGAATCGGTTC-1,Layer_5,4
GAATGTATGGCAGGTC-1,Layer_3,5
GAATGTGGTCCGGATT-1,Layer_5,4
GAATGTTGGGTAATCT-1,Layer_5,4
GAATTATAGTGAAAGG-1,Layer_6,3
GAATTCACCCGGGTGT-1,Layer_6,2
GAATTTCTCGCTGCAG-1,Layer_5,5
GACAAACATATGCAGG-1,Layer_3,5
GACAACGACCATTGAA-1,Layer_5,4
GACAACGCAGCTTACG-1,Layer_5,4
GACAAGAGATGAGATT-1,Layer_2,1
GACACAAGGGAAGAAA-1,Layer_6,3
GACACGAGTTAGAGGA-1,Layer_3,1
GACACTGAGTTCAGTG-1,WM,2
GACACTGGAACCCGAT-1,Layer_3,1
GACAGATTTCTGGCTC-1,Layer_5,3
GACAGCCAGACCTGAC-1,Layer_5,4
GACAGGCACACACTAT-1,Layer_5,3
GACATCCGTCGAACTG-1,Layer_5,4
GACATCGATTTATAAC-1,WM,2
GACCAAACGTTGACTG-1,Layer_3,1
GACCAGAGCCCTGTAG-1,Layer_5,3
GACCAGGTCATTCATA-1,Layer_3,1
GACCCAATTATGATAC-1,WM,6
GACCCGTCGCCGGCTA-1,Layer_3,1
GACCGACGTGAAAGCA-1,Layer_3,1
GACCGACTGAAGCGTC-1,Layer_5,4
GACCGATTAAATATGT-1,WM,6
GACCGCGTCTGACGTG-1,Layer_3,1
GACCGTCAGGTCGTGA-1,Layer_3,5
GACCGTGCTGACGGTG-1,Layer_6,2
GACCTTCCACGTCTAC-1,Layer_5,4
GACGACGATCCGCGTT-1,Layer_6,3
GACGAGGCTAATAAAC-1,Layer_3,1
GACGCATACCCGTCGG-1,WM,6
GACGCCGTAAAGGCTA-1,Layer_6,2
GACGCCTGTTGCAGGG-1,Layer_2,7
GACGCTTGCTTCTAAA-1,Layer_6,3
GACGGACCGCGTTCCT-1,Layer_2,1
GACGGGATGTCTTATG-1,Layer_1,7
GACGGGTTGGCCCGTA-1,Layer_6,2
GACGGTCAATAGAAGC-1,Layer_3,5
GACGTGAGACTCCATG-1,Layer_1,7
GACGTGTAGGGATTAT-1,Layer_5,4
GACTAACACAGCACCT-1,Layer_3,1
GACTAAGATCATGCAC-1,Layer_5,4
GACTAAGTAGGCTCAC-1,Layer_5,4
GACTACAAAGCGGTGG-1,Layer_6,6
GACTACAATTGCTCGT-1,Layer_3,5
GACTAGGCCGTTAGGT-1,Layer_5,4
GACTCACCCACGTGAG-1,Layer_3,1
GACTCCCAGAATAAGG-1,Layer_2,1
GACTCCTTCCAATTGA-1,WM,6
GACTCGCGGGAATGAC-1,Layer_3,5
GACTCGGTCGGCGGAT-1,Layer_1,7
GACTGATTGGTCACAA-1,Layer_2,1
GACTGCAAATCGAGCT-1,Layer_5,4
GACTGCACCAGCCCAG-1,Layer_5,4
GACTGCGGCACGTGTA-1,Layer_3,5
GACTGCTGGTGAGAAA-1,WM,6
GACTGGGCGCCGCAAC-1,Layer_3,1
GAGACTGATGGGTAGA-1,Layer_6,3
GAGACTTCGCGACCGA-1,Layer_6,3
GAGAGGGCGCGAGGTT-1,Layer_6,3
GAGAGGTGCATTCTGG-1,Layer_6,2
GAGAGTCTCGGGAGAG-1,WM,2
GAGATCTGCTTGGCAT-1,Layer_6,3
GAGATCTGTCACTCCG-1,Layer_6,3
GAGATCTTCCATGACA-1,Layer_5,4
GAGATGGGAGTCGACA-1,Layer_6,4
GAGCACCTGTGTCCAG-1,Layer_5,4
GAGCATCAACAACTTG-1,WM,6
GAGCATCATCCCTGGG-1,Layer_3,1
GAGCCACGGTAGTAGG-1,Layer_3,1
GAGCCAGCTACCTGTG-1,Layer_4,5
GAGCCGAGCGTTTATT-1,Layer_2,1
GAGCGAGGGAGTACCG-1,Layer_3,5
GAGCGCAAATACTCCG-1,Layer_3,1
GAGCGCGCACGAGTAG-1,Layer_4,5
GAGCGCTATGTCAGGC-1,Layer_1,7
GAGCGCTGTTAGGTAA-1,WM,6
GAGCGGAATGCGGTGT-1,Layer_6,2
GAGCTAAGGGCATATC-1,Layer_5,4
GAGCTCTCGGACCTAA-1,Layer_3,1
GAGCTGTCGTCTCGGA-1,Layer_3,1
GAGGAATGGAGAGGTT-1,Layer_4,4
GAGGAGATCCTCATGC-1,Layer_1,7
GAGGAGTAATTCCTAC-1,Layer_1,7
GAGGATAAACAGTGCT-1,Layer_2,1
GAGGCCCGACTCCGCA-1,WM,6
GAGGCCTGTTGATACA-1,Layer_3,1
GAGGCTATCAAAGTCG-1,Layer_5,4
GAGGGAGTCAGATCGC-1,WM,6
GAGGGCATCGCGTATC-1,Layer_2,7
GAGGGCGCAGCTCTGC-1,Layer_5,5
GAGGGTAGTAACAAAG-1,WM,6
GAGGTACATCCATCTT-1,Layer_3,5
GAGGTACGCGTGTCCC-1,Layer_6,3
GAGGTCCCAAAGATCT-1,Layer_3,1
GAGGTCTTAGTGGGTC-1,Layer_2,1
GAGTAAACCGGAAAGT-1,Layer_2,1
GAGTAAGGCCACGGGA-1,Layer_6,2
GAGTACGGGTATACAA-1,Layer_3,1
GAGTAGATACTAGTTG-1,Layer_6,3
GAGTATGCCCGCCTTG-1,WM,6
GAGTATGCGCGTGCAT-1,Layer_5,4
GAGTCAGACCAGAATC-1,WM,2
GAGTCCGCTTACCGGA-1,Layer_6,2
GAGTGTCAACCAGAAA-1,Layer_4,5
GAGTGTGCGGTACCCA-1,Layer_5,4
GAGTTGATGGCAATTT-1,WM,6
GAGTTGTCACCAGTCT-1,WM,6
GATAAATCGGTGGATG-1,Layer_3,1
GATAACTCGCACTGTG-1,Layer_5,4
GATAAGGCAGATGCAA-1,Layer_1,7
GATACGATGGGAGTCA-1,WM,2
GATAGGTAACGTTGAC-1,Layer_6,3
GATAGTGCGAGTAAGT-1,WM,2
GATATCTCATGCAATA-1,Layer_3,5
GATATGAGACACTAAC-1,Layer_5,4
GATATGCGGTAGCCAA-1,Layer_3,5
GATATGGATTACGCGG-1,Layer_3,5
GATATTGAGATTGGCG-1,Layer_3,5
GATATTTCCTACATGG-1,Layer_3,5
GATCAACATAAAGGGA-1,WM,6
GATCATTCCAAACATT-1,Layer_6,3
GATCCCTTTATACTGC-1,Layer_6,3
GATCCGGGAATTAACA-1,Layer_6,3
GATCCTAAATCGGGAC-1,Layer_3,5
GATCCTCGACACTGGC-1,WM,6
GATCCTCTTGCGCTTA-1,Layer_3,5
GATCGACACTATCTGA-1,Layer_5,4
GATCGCGGGCTCTCCA-1,Layer_6,3
GATCGCTACCCGATTT-1,Layer_3,5
GATCGCTATATCTCAG-1,WM,6
GATCGGATAGAACCAT-1,Layer_5,3
GATCGGCGATAAGTCG-1,Layer_3,1
GATCGGTGGCCATAAC-1,Layer_6,3
GATCGTGACTGATATC-1,Layer_6,3
GATCTCGACGCTGTGG-1,Layer_2,1
GATCTGCTATCTAAGG-1,Layer_6,3
GATCTTGGAGGGCATA-1,Layer_6,3
GATCTTTGCAGGGTAT-1,Layer_6,3
GATGACAAGTAGGGCA-1,WM,6
GATGACGATGATCGCG-1,Layer_2,1
GATGAGGAACCTTCGG-1,Layer_4,4
GATGATTTGAAACTGG-1,Layer_1,7
GATGCCACACTACAGC-1,Layer_1,7
GATGCCAGCAGAAGGC-1,Layer_3,5
GATGCCTTCTGCGGCA-1,WM,6
GATGCGTCCTGCATTC-1,Layer_6,3
GATGCTACAAGCGCCT-1,Layer_4,5
GATGCTGTATTTCATC-1,Layer_6,3
GATGGCGCACACATTA-1,Layer_3,5
GATGGTGCCCTAGGCA-1,Layer_3,5
GATGTAACGAACCACC-1,WM,6
GATGTCCGGATCACAT-1,Layer_1,7
GATGTCGGTCAACTGC-1,Layer_3,5
GATGTGTTGTCACAAG-1,Layer_3,1
GATGTTCAATCCACGA-1,Layer_6,2
GATGTTTGTGCGAGAT-1,Layer_3,5
GATTAACCGAAAGCCC-1,Layer_3,5
GATTAATCCTGGCTCA-1,Layer_1,7
GATTACTGAATTTGGG-1,Layer_6,2
GATTCCCTTGTCGCAG-1,Layer_5,4
GATTCCGCGTTTCCGT-1,Layer_4,5
GATTCCTATACGGCGC-1,Layer_3,5
GATTCGACGGTTCACG-1,Layer_6,3
GATTGACACTCTGCTC-1,Layer_3,1
GATTGCTCCAGTTGCA-1,WM,6
GATTGGGAAAGGTTGT-1,Layer_4,4
GCAAACCCTACATTAT-1,Layer_5,4
GCAAACCTTGGCCATA-1,Layer_6,3
GCAAACGTAAGCGACC-1,WM,6
GCAAACGTCGCCAGGT-1,Layer_2,1
GCAAAGGGCGTTAGCC-1,WM,6
GCAAATATTACGCTTT-1,Layer_6,3
GCAACACACTAGAACT-1,Layer_6,2
GCAACAGCAGTATGCG-1,Layer_3,1
GCAACCACCAGACCGG-1,Layer_3,5
GCAACCACGGCCGCGT-1,Layer_6,2
GCAACGGCTAGTTATG-1,Layer_3,1
GCAAGAATTCCTTGGC-1,Layer_6,2
GCAAGATGTGTTCGCG-1,Layer_2,1
GCAAGTGCACAGAGAA-1,Layer_5,4
GCAAGTGTAAAGCATG-1,WM,2
GCACAAACCCTAGATG-1,WM,6
GCACAAACGAGGCGTG-1,Layer_2,1
GCACAACCTCGGGCGT-1,WM,6
GCACAAGTGTCGGAAG-1,Layer_3,5
GCACACACTGGTAGCC-1,Layer_3,5
GCACACGCCCATGGTC-1,Layer_4,4
GCACAGCACGGGCCGA-1,WM,2
GCACGCCTACTTAGAT-1,WM,6
GCACGTGGTTTACTTA-1,Layer_3,1
GCACTAGTCGCGCTAT-1,Layer_3,1
GCACTGCCTACCTTTA-1,Layer_5,3
GCACTGTGCAAATGTA-1,Layer_1,7
GCAGACCCAGCACGTA-1,Layer_3,5
GCAGATCCATAAGACT-1,Layer_5,4
GCAGATCCTCGCAAAT-1,Layer_3,5
GCAGATTAGGGATATC-1,Layer_6,3
GCAGCACACAGCCCAG-1,Layer_6,3
GCAGCCTATATCACAT-1,Layer_2,1
GCAGCGGTGGGCATTA-1,Layer_1,7
GCAGGAACTTAGATCT-1,WM,6
GCAGGACTATAGAATA-1,Layer_5,3
GCAGGTAGAGTATGGT-1,Layer_3,5
GCAGTGTGGCTATAGG-1,Layer_5,4
GCATACGAGGTCTTTA-1,Layer_5,4
GCATAGAGCACTCAGG-1,Layer_6,3
GCATCCCTAACTTTGA-1,Layer_3,5
GCATCGGCCGTGTAGG-1,Layer_3,1
GCATGAGGGACGCGGC-1,Layer_5,5
GCATTCAAGGCAACGC-1,Layer_3,1
GCATTCGAAATGAACA-1,Layer_3,5
GCATTGTAATTCATAT-1,Layer_6,3
GCATTTCCAAGGCTCC-1,Layer_3,1
GCCAACCATTTCCGGA-1,Layer_3,1
GCCAAGAATACTTCTG-1,Layer_6,3
GCCAATAGGGCATCTC-1,Layer_3,1
GCCACAATTTAAGGAC-1,WM,2
GCCACTCAGAGCGCGA-1,Layer_3,5
GCCAGGAAAGAACACT-1,WM,2
GCCAGGAGTAACCGAT-1,Layer_4,5
GCCAGGCGTTCGCATG-1,Layer_3,1
GCCATATTGCACACAG-1,Layer_4,5
GCCATCGAGCTGCGTG-1,WM,6
GCCATCGATGCTGCAT-1,Layer_3,1
GCCATTAGCCTCAAAC-1,WM,6
GCCCACCAAGGCTGTC-1,Layer_3,1
GCCCAGTTGGTATGCC-1,Layer_4,5
GCCCATGGGTGCAATG-1,Layer_2,1
GCCCGACTTCTTCCCG-1,WM,6
GCCCGAGAGTCTAAAT-1,WM,6
GCCCGATCTGTGGTCG-1,Layer_6,3
GCCCGCGCGTAAACGG-1,WM,6
GCCCGCGCGTTTGACA-1,Layer_3,5
GCCCGTAATACCTTCT-1,Layer_5,4
GCCCTAGCCGTCGCGA-1,WM,6
GCCCTGAGGATGGGCT-1,Layer_5,4
GCCGAAATTCCTACGT-1,Layer_6,3
GCCGACCCACGACTGC-1,WM,6
GCCGATTGGCCAAGCT-1,Layer_6,3
GCCGCATTAGTCCGGC-1,Layer_5,4
GCCGCTAGATACGCAG-1,Layer_2,1
GCCGCTTGTGAGAAAC-1,Layer_6,3
GCCGGAAACACATCTT-1,Layer_1,7
GCCGGGTTAGGGTCGC-1,Layer_6,3
GCCGGTTTGGGCGGAT-1,Layer_1,7
GCCGTCGGTTTCGGGC-1,WM,2
GCCGTGGAAGAAATGT-1,Layer_2,1
GCCTAGCGATCTGACC-1,Layer_4,5
GCCTATAGTGTCAGGG-1,Layer_4,5
GCCTATTCCGATATAG-1,Layer_4,5
GCCTATTTGCTACACA-1,Layer_2,1
GCCTCATCTGGAAATA-1,Layer_4,5
GCCTCCGACAATTCAC-1,Layer_3,1
GCCTCTATACATAGCA-1,Layer_5,4
GCCTGCTACACTGAGA-1,Layer_1,7
GCCTTCAGCCCTACCG-1,Layer_3,5
GCCTTGTATATGCAGT-1,Layer_2,7
GCCTTTGTCAGTGGAC-1,WM,6
GCGAAACGATCGGGAG-1,Layer_3,5
GCGAAACTTAACTGGA-1,Layer_5,4
GCGAAGAATCTGACGG-1,Layer_3,5
GCGAAGCCATACCCGT-1,Layer_6,3
GCGACATGTAAACATC-1,Layer_3,1
GCGACCCAACCATCTG-1,WM,6
GCGACGATAGTTGTAC-1,Layer_6,2
GCGAGAAACGGGAGTT-1,Layer_1,7
GCGAGAGGCCATGTAA-1,Layer_2,1
GCGAGAGTTGCGTCCA-1,Layer_3,1
GCGAGCGCATGCTCCC-1,Layer_3,1
GCGAGGCCCGAGCAGA-1,Layer_6,3
GCGAGTTCTGCAAAGA-1,Layer_6,3
GCGATTCTGGAAGCAG-1,Layer_3,5
GCGATTGTTAACGTTA-1,Layer_6,4
GCGCAAATATATTCAA-1,WM,6
GCGCAAGAGCGCGCTG-1,Layer_3,5
GCGCATCCAGTCAGCA-1,Layer_4,5
GCGCCGTTCCACGATA-1,Layer_6,3
GCGCCTCCCACTCCGA-1,Layer_3,1
GCGCGGTCTAGTAACT-1,Layer_6,3
GCGCGTCATTGGTACA-1,Layer_5,4
GCGCTAAGTATGCATG-1,Layer_3,1
GCGCTAATTGAATAGA-1,Layer_6,3
GCGCTATGCCGAGGCA-1,WM,2
GCGCTGATCCAGACTC-1,Layer_3,5
GCGCTGCTTTGCATTT-1,Layer_4,5
GCGCTTAAATAATTGG-1,Layer_4,5
GCGGACCGCGTTGTGG-1,WM,6
GCGGAGAAACTTCGCA-1,WM,6
GCGGAGAGGGAGAACG-1,Layer_5,4
GCGGCAAAGTATTGCC-1,WM,6
GCGGCTCTGACGTACC-1,Layer_6,3
GCGGGAACCAGGCCCT-1,Layer_4,5
GCGGGCGAGCCTTACC-1,WM,2
GCGGTCCCTAGACGCA-1,Layer_3,1
GCGGTGAACTGCGCTC-1,Layer_3,5
GCGGTTCCCTATCATG-1,WM,2
GCGTAAATGGCCATAA-1,Layer_3,5
GCGTCCCTAAGACATA-1,WM,6
GCGTCGAAATGTCGGT-1,Layer_4,4
GCGTCGCCAGGGTGAT-1,Layer_6,3
GCGTCTCTGCATTGGG-1,Layer_6,3
GCGTGGTACTGGGTTA-1,Layer_4,5
GCGTGTATGTCGTATT-1,Layer_2,7
GCGTTATATTTGGAAC-1,Layer_3,5
GCGTTCGGAGACCGGG-1,Layer_3,1
GCTAAACCTGAGGTGA-1,Layer_3,5
GCTAACTGAAGTCTGA-1,Layer_4,5
GCTAAGTAAAGGCGAT-1,Layer_3,5
GCTAAGTAGTTTCTCT-1,Layer_5,4
GCTAATACCGAATGCC-1,Layer_5,4
GCTACAATCGAGGATA-1,Layer_3,1
GCTACAGTACGGACCG-1,Layer_5,3
GCTACGACTTATTGGG-1,Layer_6,3
GCTACTATAGTAGAGT-1,Layer_4,5
GCTAGACCGTCTACTG-1,Layer_3,1
GCTAGAGTAGAGATGT-1,Layer_3,5
GCTAGCAGGGAGTGGG-1,Layer_3,1
GCTAGCGATAGGTCTT-1,WM,6
GCTAGCTTGAATAGCT-1,WM,6
GCTAGGCACCACGGAG-1,Layer_5,4
GCTAGTAGAGCTTGTA-1,Layer_6,3
GCTAGTTTCATTGAGG-1,Layer_3,5
GCTATACGTCTCGGAC-1,Layer_4,5
GCTATCATACTCATGG-1,Layer_5,4
GCTATCGCGGCGCAAC-1,Layer_3,1
GCTCAATCCGTTTATT-1,WM,6
GCTCAATGTAATACCG-1,Layer_6,3
GCTCATTACTGCATGT-1,Layer_3,5
GCTCCCAGTCGGTCCA-1,Layer_3,1
GCTCCGCTCGCTTCAG-1,Layer_3,1
GCTCCGGACGTTGATA-1,Layer_1,7
GCTCCTGACATACTGG-1,WM,6
GCTCGCGGTTCCGCTC-1,Layer_3,5
GCTCGCTCATGTCCAA-1,Layer_3,5
GCTCGGAATTTAAAGC-1,Layer_5,5
GCTCTAAACCCTGACG-1,Layer_5,4
GCTCTATGTTACGTGC-1,Layer_5,4
GCTCTCGGGTACCGAA-1,Layer_5,3
GCTCTTTCCGCTAGTG-1,Layer_6,3
GCTGAATCTTCCAATC-1,WM,6
GCTGAGGCGTGAGTAT-1,Layer_6,3
GCTGCACGGTTTCTTA-1,Layer_6,3
GCTGCTAAGTAGTCGA-1,Layer_6,2
GCTGCTACTGCGTAGC-1,Layer_5,4
GCTGCTCTCCGGACAC-1,Layer_6,3
GCTGGACCCAAAGTGG-1,Layer_2,1
GCTGGCATATTCACCT-1,Layer_5,4
GCTGGCGGCGCATGCT-1,Layer_6,3
GCTGGGTCCGCTGTTA-1,Layer_1,7
GCTGGTTTAGGCCATA-1,WM,6
GCTGTATTACTGGCCC-1,WM,2
GCTGTCTGTGATCGAC-1,Layer_2,1
GCTGTTGCTACCGAAC-1,Layer_4,5
GCTTAATGTAACTAAC-1,Layer_5,4
GCTTACGTAGTTAGTA-1,Layer_3,1
GCTTATGAAGCAGGAA-1,Layer_5,4
GCTTCCGTCCCTAGAC-1,Layer_5,4
GCTTCGACGTTCAATC-1,WM,6
GCTTGATGATAATCAG-1,Layer_4,5
GCTTGGATCGATTAGG-1,Layer_3,5
GCTTTCAGAGGAGGTG-1,Layer_4,5
GGAAACCTTGTTGAAT-1,Layer_3,1
GGAAACTAAATGGGCC-1,Layer_3,1
GGAAAGTGCCCATGCC-1,Layer_4,5
GGAACCGTGTAAATTG-1,WM,6
GGAACCTTGACTCTGC-1,WM,6
GGAACGGCCTGCAGCC-1,Layer_3,5
GGAACTTTGGCGATTA-1,Layer_2,1
GGAAGCTCGCTTACAG-1,Layer_3,5
GGAATAACCTCAAGAA-1,Layer_3,1
GGAATGCGCTAGCGTG-1,Layer_5,4
GGACACAAGTTTACAC-1,Layer_3,1
GGACCAACAGGATAAC-1,Layer_6,3
GGACCTACGGTAACGT-1,Layer_2,1
GGACCTCTAGGCCGCC-1,WM,6
GGACGGCTTGCGCAAC-1,Layer_2,1
GGACTCGACAGCGCAT-1,WM,2
GGACTCGTGAGTGGTC-1,WM,6
GGAGAAGTCATTGGCA-1,Layer_4,4
GGAGACCATCTACATA-1,Layer_6,2
GGAGACGACACCTTTG-1,Layer_6,3
GGAGCAACATTTCAAG-1,Layer_3,1
GGAGCACCAAGAACTA-1,Layer_5,4
GGAGCGAGGCCTACTT-1,Layer_5,3
GGAGGATTGAAAGGAG-1,Layer_3,1
GGAGGCCGAAGTCGTC-1,Layer_2,1
GGAGGCGAAGAACCGC-1,Layer_1,7
GGAGGGCTTGGTTGGC-1,Layer_5,4
GGAGGGTCAAGTAAGA-1,Layer_2,1
GGAGTGCCGCCCTGGA-1,Layer_4,4
GGATACTCATGAATTG-1,Layer_2,1
GGATCAAAGGACGAGG-1,Layer_2,1
GGATCATCCCGTACGC-1,Layer_3,1
GGATCCCTACCAGCTA-1,Layer_1,7
GGATCCGGAATATACT-1,Layer_5,4
GGATCTTACTGCCCTT-1,WM,6
GGATCTTGACTCAACC-1,WM,6
GGATGAAGATCGCTGA-1,Layer_4,5
GGATGACGCGAGTTTA-1,Layer_6,3
GGATGCTGGCGTTCCT-1,Layer_5,3
GGATGTCCTTACCGCA-1,Layer_5,5
GGATTAAGCTAAGGTC-1,Layer_3,1
GGATTCAGTACGGTGG-1,Layer_3,5
GGATTCCGCTATACCC-1,Layer_5,5
GGATTGCTGTGACTCC-1,Layer_4,5
GGATTTCACTTCTATA-1,Layer_5,4
GGCAAAGGCGCCAATA-1,WM,6
GGCAAATTACTTTACT-1,Layer_6,2
GGCAAGCCCATAGTGG-1,Layer_6,3
GGCAAGGCGAAATAGC-1,Layer_6,3
GGCAATAGTCAATGAG-1,Layer_6,3
GGCACTCCACTGGGCA-1,Layer_6,3
GGCAGCAAACCTATGC-1,Layer_3,1
GGCAGCGGTAATCCTA-1,Layer_3,1
GGCATACAGGTAGCGG-1,Layer_5,4
GGCATATCGGTTCTGC-1,Layer_4,5
GGCATCAACGAGCACG-1,Layer_1,7
GGCCACAAGCGATGGC-1,Layer_1,7
GGCCCTCACCCACTTA-1,Layer_5,3
GGCCGAGACTCTGGTG-1,WM,6
GGCCGGCGTCTGCTAT-1,Layer_5,4
GGCCGTTTGGGTTTCA-1,WM,2
GGCCTGCTTCTCCCGA-1,Layer_2,1
GGCGAAATCTAACTTG-1,Layer_5,4
GGCGAGCATCGAGGAC-1,Layer_1,7
GGCGAGCGAAACGGCA-1,Layer_6,2
GGCGCAGGACATCTTC-1,Layer_5,3
GGCGCATGAATTGATG-1,Layer_6,2
GGCGCGGAGATCTTTC-1,Layer_4,5
GGCGCGTTCGAGTTTA-1,Layer_6,2
GGCGCTCCTCATCAAT-1,Layer_3,1
GGCGCTTCATTCCCTG-1,Layer_5,4
GGCGGAGTAATATTAG-1,Layer_6,3
GGCGGTAGGATCATTG-1,Layer_6,3
GGCGGTTTGCCGGTGC-1,Layer_1,7
GGCGTACCCTATATAA-1,Layer_1,7
GGCGTAGGGAAAGCTG-1,Layer_4,4
GGCGTCCTATCCGCTG-1,Layer_5,4
GGCTAAAGGGCGGGTC-1,Layer_3,1
GGCTACTATACACTCC-1,WM,2
GGCTATTAAGTTGTAT-1,Layer_5,3
GGCTCCTCCACCTGTT-1,WM,6
GGCTCGCGTTGAGGTA-1,Layer_4,5
GGCTCGTGCCACCAGC-1,Layer_3,5
GGCTCTGCTCCAACGC-1,Layer_5,4
GGCTGAAATAGCAAAG-1,Layer_5,4
GGCTGAGCATCGTAAG-1,Layer_2,1
GGCTGGCTAGCTTAAA-1,Layer_1,7
GGCTTTCAATAAGGGT-1,Layer_6,3
GGGAACCACCTGTTTC-1,Layer_1,7
GGGAACGGGAGGTTAG-1,Layer_6,3
GGGAACGGTTTCAGAT-1,WM,6
GGGAAGACGGTCTGTC-1,Layer_5,4
GGGAAGGGCTTTCTCA-1,Layer_3,5
GGGAATGAGCCCTCAC-1,Layer_3,1
GGGACAGAGTTACTCC-1,WM,6
GGGACCCGTATATCTT-1,Layer_6,2
GGGACTGCATAGATAG-1,Layer_6,3
GGGAGAACTCACAGTA-1,Layer_6,3
GGGAGGATGCCCGAAA-1,Layer_6,3
GGGAGTAATGGCTGGC-1,Layer_2,1
GGGAGTTAATGAGGCG-1,Layer_6,3
GGGATGGACCCGCGTC-1,WM,6
GGGATGGTCGTAACCG-1,WM,6
GGGATTTACCGCACCT-1,Layer_5,5
GGGCAACCGCACGTGC-1,WM,6
GGGCAGAGCAATCGTT-1,Layer_6,3
GGGCAGGATTTCTGTG-1,WM,6
GGGCCATTCGTGCTGG-1,WM,6
GGGCCCGTCTTAAACA-1,Layer_6,2
GGGCCCTACGAAAGGG-1,Layer_5,4
GGGCCGGCCGAAGTAC-1,Layer_5,4
GGGCCTAAATGGGCTA-1,Layer_5,3
GGGCGATATGTGTGAA-1,Layer_6,3
GGGCGGCAAATGAATT-1,WM,6
GGGCGGGTTCCCTACG-1,Layer_6,2
GGGCGGTCCTATTGTC-1,Layer_2,1
GGGCGTACATTTATAT-1,Layer_5,4
GGGCGTCACCACGTAA-1,WM,2
GGGCGTCCACTGGCTC-1,Layer_3,5
GGGCGTGGTTTCCCAG-1,Layer_5,4
GGGCGTTTACATTCAT-1,WM,6
GGGCTATGATCGATGG-1,Layer_6,2
GGGCTCATCGAACCCA-1,Layer_5,5
GGGCTGCCTAGGGCGA-1,Layer_6,3
GGGCTGGTTAGTCGCG-1,Layer_6,3
GGGTAATGCTGTGTTT-1,Layer_1,7
GGGTACACTCTGGAGG-1,Layer_1,7
GGGTACCCACGGTCCT-1,Layer_2,1
GGGTACTTCATGAACT-1,Layer_6,3
GGGTATGTATGCACTT-1,Layer_4,5
GGGTATTCTAGCAAAC-1,WM,6
GGGTCACCGTGACGGT-1,Layer_6,3
GGGTCACGTGCTTATG-1,Layer_1,7
GGGTCAGGAGCTAGAT-1,Layer_6,3
GGGTCATGCGTACCAT-1,Layer_3,1
GGGTCGTGGCAAGTGT-1,Layer_3,1
GGGTCTATCGCTTTCC-1,Layer_2,1
GGGTGACACCTTAACT-1,Layer_6,2
GGGTGCATATGAAAGC-1,Layer_2,1
GGGTGGTCCAGCCTGT-1,Layer_3,1
GGGTGTTTCAGCTATG-1,Layer_4,5
GGGTTAACATTTGAGT-1,WM,2
GGGTTCAGACGAACAA-1,Layer_3,1
GGGTTTAGGATAGGAT-1,Layer_3,1
GGTAAATGTGCGTTAC-1,Layer_3,5
GGTAACCGGGAGGATA-1,WM,6
GGTAACTATGTATCTG-1,Layer_3,1
GGTACAAACATGCTAT-1,Layer_6,3
GGTACATCTGGGACGA-1,Layer_5,3
GGTACCATTAAGACGG-1,Layer_3,1
GGTAGAAGACCGCCTG-1,Layer_6,3
GGTAGACCGTTGGGCG-1,Layer_6,2
GGTAGTGCTCGCACCA-1,Layer_6,3
GGTATAGTGACACATA-1,Layer_2,1
GGTATTGCCGAGTTTA-1,Layer_6,3
GGTCAAGACTACTTCG-1,Layer_3,1
GGTCACGTTAGATTCA-1,Layer_1,7
GGTCAGTGGGTCCCAC-1,Layer_6,3
GGTCATTGTAGTCATA-1,Layer_1,7
GGTCCTTCATACGACT-1,Layer_1,7
GGTCGGATAAACGGCG-1,Layer_3,5
GGTCGGCCAGGAGCTT-1,Layer_5,4
GGTCGGTAATTAGACA-1,Layer_2,1
GGTCGGTCGTCCACAG-1,Layer_6,2
GGTCGTAAGCTCGCAC-1,Layer_6,6
GGTCTCCGTCCAGGTT-1,Layer_3,1
GGTCTCTGAATGGACT-1,WM,6
GGTCTGAGAATCTGGA-1,Layer_5,4
GGTCTTGAGCGCTCTT-1,Layer_6,3
GGTGAAACCGGGAATG-1,Layer_1,7
GGTGAACGGGCTAGCC-1,Layer_1,7
GGTGAAGTACAGGGAT-1,WM,6
GGTGAGATGCAGATAA-1,Layer_3,1
GGTGATAAGGAGCAGT-1,Layer_5,4
GGTGATTTCATCTTGT-1,Layer_2,7
GGTGCAGAGCCTATCG-1,Layer_2,1
GGTGCATAAATGATTA-1,Layer_6,2
GGTGCGGATAAGTGGC-1,Layer_3,5
GGTGCTGATCACAAAG-1,Layer_3,5
GGTGCTGGTACACATT-1,Layer_6,2
GGTGGACCACGTGTTA-1,Layer_1,7
GGTGGACTGCTCTGGC-1,Layer_5,5
GGTGTAAATCGATTGT-1,Layer_6,3
GGTGTTCTGTTTCTAC-1,Layer_3,1
GGTTACCACCCTCGGG-1,Layer_6,2
GGTTAGCTATATGTCT-1,Layer_5,4
GGTTAGGCTTGGAGAA-1,Layer_5,4
GGTTAGTTACGGCGCC-1,Layer_3,5
GGTTCCACCCGCTTCT-1,Layer_3,1
GGTTCTACTCGTCTGA-1,Layer_3,1
GGTTGTATCGTGAAAT-1,Layer_1,7
GGTTGTGTAGCCTGGC-1,Layer_4,4
GGTTTAATTACCATCG-1,WM,6
GGTTTACAATCTCAAT-1,Layer_5,4
GGTTTAGCCTTTCTTG-1,Layer_3,5
GGTTTCAATCGGTCAG-1,Layer_5,5
GGTTTGAGTGCTGGAA-1,Layer_3,1
GGTTTGTGACCTGAGG-1,Layer_3,1
GTAACATCTAAGATAA-1,Layer_3,1
GTAACTGCCCAAGGAG-1,Layer_6,2
GTAACTTGCGGCAGTC-1,Layer_2,1
GTAAGCGGGCAGTCAG-1,Layer_5,4
GTAAGGATTTGTCGGA-1,Layer_3,5
GTAAGTAACAGTCTGG-1,Layer_5,4
GTAAGTAGGGTATACC-1,Layer_5,4
GTAATAAAGGGCTCCC-1,Layer_3,5
GTAATCTGATTCTTCG-1,WM,6
GTACACTTACCTGAAG-1,Layer_6,3
GTACAGAGGCAAGGGT-1,Layer_5,4
GTACGACGGCGCTGCG-1,Layer_1,7
GTACGAGATTGCGACA-1,Layer_5,4
GTACGCTTCATTGCAC-1,Layer_6,3
GTACGTCACGTATTAA-1,Layer_1,7
GTACGTTTGCCCGTCA-1,Layer_6,3
GTACTAAGATTTGGAG-1,Layer_5,3
GTACTCCCTTATCGCT-1,Layer_5,3
GTACTCCTGGGTATGC-1,Layer_3,5
GTACTGAGGTCGTAAC-1,Layer_3,1
GTACTGCATGAAGCGT-1,Layer_2,1
GTACTGGAGTTAGACC-1,Layer_5,4
GTACTTGGGCACTTCT-1,Layer_3,5
GTAGAAACGGGTGGAG-1,Layer_3,5
GTAGACAACCGATGAA-1,Layer_3,1
GTAGACACGCCTGACT-1,Layer_6,3
GTAGACGTCGTTACAT-1,Layer_3,1
GTAGAGGGAGACAAGT-1,WM,6
GTAGCCAAACATGGGA-1,Layer_6,3
GTAGCGCTGTTGTAGT-1,Layer_2,7
GTAGCGGCTATACACT-1,Layer_6,3
GTAGCTAGTAAGCGCG-1,Layer_3,1
GTAGCTCCGGGAGGCT-1,WM,6
GTAGCTTCCTCTTGTT-1,Layer_5,4
GTAGGTGATCCGTGTA-1,Layer_4,5
GTAGTCGCGGGAATCA-1,Layer_5,4
GTAGTCTACGATATTG-1,Layer_5,4
GTAGTTCGAAGGCGAA-1,WM,6
GTATAATCTCCCGGAT-1,Layer_1,7
GTATAGGACTCAGTAG-1,Layer_5,4
GTATAGTGGCCCATGT-1,Layer_3,1
GTATATGTTACGGCGG-1,Layer_1,7
GTATCAAACGTTAGCT-1,Layer_3,5
GTATCAGCTTGGGTTC-1,Layer_3,5
GTATCCTTTGGTAACC-1,Layer_3,1
GTATCGGGACGAGCTG-1,Layer_1,7
GTATCTCAGTCTTGAC-1,WM,6
GTATCTCCCTAACTGT-1,Layer_1,7
GTATCTTGTTGCTCAC-1,Layer_1,7
GTATCTTTCATAACCA-1,Layer_6,3
GTATGAAATTTCACTC-1,WM,6
GTATGACGTGGGAAAC-1,Layer_1,7
GTATGTGGGTCTAGTT-1,Layer_5,5
GTATTAAGGCGTCTAA-1,Layer_3,1
GTATTCTGAGAAACGA-1,WM,6
GTATTTAATGGCATAA-1,Layer_2,7
GTCAAAGAAGTGGTGT-1,WM,6
GTCAAAGTTTACATAG-1,Layer_2,1
GTCAACCAGGCCTATA-1,Layer_3,1
GTCAAGCGGACTCGGG-1,Layer_6,4
GTCAATTGTACTGAAG-1,Layer_1,7
GTCACAAAGTTTCCAA-1,Layer_3,1
GTCACCTGTCTATGTC-1,Layer_2,1
GTCACTCTCCAAATCT-1,Layer_3,5
GTCAGAATAGTCTATG-1,Layer_5,4
GTCAGTTGTGCTCGTT-1,Layer_3,5
GTCAGTTTGGTAGTCG-1,Layer_3,5
GTCATCTCCTACAGCT-1,Layer_1,7
GTCATGCACCTCCGTT-1,Layer_6,3
GTCATGCGCGAGGGCT-1,Layer_3,1
GTCATGGACATGACTA-1,Layer_5,3
GTCATTAGAGCGAACG-1,Layer_6,3
GTCATTGCATTGACCC-1,Layer_4,5
GTCCAATATTTAGCCT-1,Layer_6,2
GTCCATTACTGCTACG-1,Layer_3,1
GTCCCAACGTAAAGTA-1,Layer_6,3
GTCCCGCGACGTTATG-1,Layer_5,4
GTCCGGACCTGAAATT-1,Layer_4,5
GTCCGGCTGAATTGCG-1,Layer_5,3
GTCCTACAGGCGGCTC-1,Layer_3,1
GTCCTACGAATAGTCT-1,Layer_4,5
GTCCTAGGATACCTTA-1,WM,6
GTCCTTCTAGTGGGTT-1,Layer_3,5
GTCCTTTAATGACTTC-1,Layer_1,7
GTCGAATTTGGGCGCT-1,WM,6
GTCGCCGTTGTGTGTT-1,WM,6
GTCGCGTAACCCGTTG-1,Layer_6,3
GTCGGATATCTCAGAC-1,Layer_5,4
GTCGGATGTAGCGCGC-1,Layer_4,5
GTCGGGAAGCAGAAAC-1,Layer_6,3
GTCGTACCATCTCGGG-1,Layer_6,3
GTCGTATTGGCGTACA-1,Layer_3,5
GTCGTCAATTATAAGG-1,Layer_3,1
GTCGTGTCTGGTCATC-1,Layer_3,1
GTCGTTATTCGCTTAT-1,Layer_5,4
GTCTACTCAATTACAA-1,Layer_5,4
GTCTAGTGAGCCGCTT-1,Layer_3,1
GTCTATCTGAGTTTCT-1,Layer_6,2
GTCTATTGGTTCCGGT-1,Layer_4,5
GTCTCAAGGCCCGGCT-1,Layer_6,3
GTCTCCTGCCAGTATG-1,WM,6
GTCTCGACTAAGTTTG-1,Layer_2,1
GTCTCGATCTGCTTTC-1,Layer_5,4
GTCTCGCCAACACGCC-1,Layer_2,1
GTCTGGGCGGTCGAGA-1,WM,2
GTCTGTAGGTTGAACA-1,WM,2
GTCTTAGTACAGCCGG-1,Layer_3,5
GTCTTGAGGAGCAGTG-1,Layer_2,1
GTCTTGTAGCTATTCA-1,Layer_3,1
GTGAAACGGCGCCACC-1,Layer_5,5
GTGAAACGTGCTCCAC-1,Layer_2,1
GTGAACTCCCATTCGA-1,Layer_3,5
GTGAAGATTTCAAGTG-1,Layer_3,1
GTGAAGCCGTATAGTC-1,Layer_3,1
GTGAAGTCACGACTCG-1,Layer_6,2
GTGACAGCTTCCCACT-1,Layer_5,4
GTGACCGCACACTACG-1,Layer_5,5
GTGACGAGGGTGACCC-1,Layer_2,1
GTGACGCAGGTTTCAT-1,Layer_5,4
GTGACTTCAGTAGTGC-1,WM,2
GTGAGATAACCTTATA-1,WM,2
GTGAGCGTGCTGCACT-1,Layer_5,4
GTGAGGACACTTAAGG-1,Layer_6,4
GTGAGGAGCGGTTGAG-1,Layer_3,5
GTGAGTGGTACAACGC-1,Layer_6,2
GTGATCAAGCGTGCAC-1,WM,6
GTGATCACTAACGCCT-1,Layer_3,5
GTGATCATAGATCTGC-1,Layer_6,2
GTGATCCTTGTCATGA-1,Layer_4,5
GTGATGCACAACATCT-1,Layer_3,1
GTGATTCGCCGCTCAA-1,WM,6
GTGCAACAAATGTGGC-1,Layer_3,5
GTGCACCAGCTTCAAC-1,Layer_6,3
GTGCACGAAAGTGACT-1,Layer_4,4
GTGCCATCACACGGTG-1,Layer_6,2
GTGCCCGTTCGGATTC-1,Layer_5,4
GTGCCGCTTCAAAGGT-1,WM,2
GTGCCTAGCTATGCTT-1,Layer_1,7
GTGCCTCAGTGTACGG-1,Layer_3,5
GTGCGAAATCGAACAC-1,WM,2
GTGCGACAGGGAGTGT-1,Layer_3,5
GTGCGCAGCTTGCTCC-1,Layer_1,7
GTGCGCTTACAAATGA-1,Layer_1,7
GTGCGGGACCATCGGC-1,Layer_1,7
GTGCGGGTCTCCAAAT-1,Layer_5,4
GTGCGTGTATATGAGC-1,Layer_5,4
GTGCTCAAGTACTGTC-1,Layer_6,3
GTGCTTACATCAGCGC-1,Layer_2,1
GTGGAACCTACATGCG-1,Layer_3,5
GTGGACCAACCCGATT-1,Layer_6,2
GTGGACGCATTTGTCC-1,Layer_6,3
GTGGACGTGCTGAGAC-1,Layer_3,5
GTGGAGCGTTTACCGA-1,WM,6
GTGGAGTCGGCGGTTG-1,WM,6
GTGGCAAACAGCGGCA-1,WM,6
GTGGCCGGTTTCTCGG-1,WM,6
GTGGCGGGCCGTAGCT-1,Layer_2,1
GTGGCGGTCCCAGCGT-1,Layer_5,3
GTGGCGTGCACCAGAG-1,Layer_1,7
GTGGGAAGACTGAATC-1,Layer_6,3
GTGGGCTTAGACACAC-1,Layer_5,4
GTGGTATAGTCTGCCG-1,WM,6
GTGGTCAGCGAAGTAT-1,Layer_3,1
GTGGTGGCCAAGTGAA-1,Layer_5,4
GTGGTTACTTCTTTCG-1,Layer_3,1
GTGGTTTCCGCCTTTC-1,Layer_6,3
GTGTACCTTGGCTACG-1,Layer_5,4
GTGTATATCAGCGGGC-1,Layer_5,4
GTGTATGACTTTAAAG-1,Layer_1,7
GTGTCAGTGTACGTGG-1,WM,2
GTGTCCGATAAGGCAT-1,Layer_2,1
GTGTCGTATAGCGTTC-1,Layer_5,4
GTGTGAATAACTTAGG-1,Layer_5,4
GTGTGAGCCGAGGTGC-1,Layer_1,7
GTGTTACTATGCGTCC-1,Layer_6,3
GTTAAAGTAGGACTGG-1,Layer_5,4
GTTAACATCACTTAAA-1,Layer_5,4
GTTAACTATGTTGTCA-1,Layer_3,1
GTTAAGGGTGCGATGT-1,Layer_5,4
GTTAAGTTAGAGTGGG-1,Layer_2,1
GTTAATGTCTATCTTA-1,Layer_3,5
GTTACAATTGGTGACG-1,Layer_6,3
GTTACCTACAACTTGC-1,Layer_6,3
GTTACGAAATCCACGC-1,Layer_1,7
GTTACTTTGGGCCTAG-1,Layer_6,2
GTTAGAGTGTGCCGCT-1,Layer_3,1
GTTAGCCCATGACATC-1,Layer_5,4
GTTAGCCGTAAATCAA-1,Layer_3,1
GTTAGGCTACCCGTTT-1,WM,2
GTTATAATACGGTGAA-1,Layer_3,1
GTTATATTATCTCCCT-1,Layer_6,2
GTTATCACCTTCTGAA-1,Layer_2,1
GTTATTAAATACGACC-1,Layer_3,1
GTTATTAACGTGGGAG-1,Layer_3,5
GTTCAATCTATGTCAA-1,Layer_3,1
GTTCACAGGAGTCTAG-1,Layer_5,4
GTTCAGTCGCCAAATG-1,Layer_6,3
GTTCATCGTTTGGCTG-1,Layer_3,5
GTTCCAAGACAGCGAC-1,Layer_1,7
GTTCCAGTCTGACCAT-1,Layer_4,5
GTTCCGTCCGCCTGCA-1,WM,2
GTTCGCCATAAGTGCC-1,Layer_6,3
GTTCGCTGAGACGTCT-1,Layer_3,1
GTTCGGATCGGGAACA-1,Layer_3,1
GTTCGGGCGTACCATT-1,Layer_3,1
GTTCGTCTAAAGAACT-1,Layer_4,5
GTTCGTTGCGGACCAG-1,Layer_1,7
GTTCTTCCCTCGATGT-1,Layer_3,5
GTTGAACCGGTTCCAT-1,Layer_6,2
GTTGAGTCCCGCCGGT-1,Layer_5,4
GTTGCACGGAGTTTCG-1,Layer_5,4
GTTGCGGACGGTCAGG-1,Layer_2,7
GTTGGATTCAGTGGCT-1,Layer_3,5
GTTGGATTGAGAACAC-1,Layer_5,4
GTTGGATTTGCGTTGG-1,Layer_6,3
GTTGGTCATGCTATCC-1,Layer_6,3
GTTGTCGTGTTAGTTG-1,Layer_3,5
GTTTACGTTCCATCTG-1,Layer_6,3
GTTTCAAACGAGTTGT-1,Layer_3,1
GTTTCATATCGTCGCT-1,Layer_6,3
GTTTCCTGGAGGGTGA-1,Layer_5,4
GTTTCTGCAGTCTCCC-1,Layer_6,3
GTTTGACCAAATCCTA-1,Layer_6,3
GTTTGAGCGGTTATGT-1,Layer_1,7
GTTTGGCCCAAGTTAT-1,Layer_5,4
GTTTGGCCGCTCAGCG-1,Layer_2,1
GTTTGGGCTTGTGAGC-1,Layer_6,3
GTTTGGGTTTCGCCCG-1,Layer_3,5
GTTTGGTAGGGTCAAC-1,Layer_6,3
GTTTGGTGATCGGTGC-1,WM,6
TAAACCCAGGAGGGCA-1,WM,6
TAAAGAGCCCGAAACC-1,Layer_3,1
TAAAGCGGTATTTCCA-1,Layer_6,2
TAAAGCGTTAGGAGAA-1,Layer_5,4
TAAAGCTGCAATAGGG-1,Layer_3,5
TAAAGGAGAAACTAGT-1,Layer_2,1
TAAATGAATCCGTTTC-1,Layer_3,5
TAAATGCCGTCTCATG-1,Layer_2,1
TAAATTTAGTAACACC-1,WM,2
TAACAAAGGGAGAAGC-1,Layer_3,5
TAACAATATTTGTTGC-1,Layer_3,5
TAACAGCGTTTGTGCT-1,WM,6
TAACATACAATGTGGG-1,Layer_6,3
TAACATACACGCGATC-1,WM,6
TAACCGCCCGCAGTGC-1,Layer_3,1
TAACCTACCGTCCGAG-1,Layer_3,5
TAACCTAGGGAGTCCA-1,Layer_3,1
TAACGCTTTGAGAGCG-1,Layer_4,5
TAACTATCGAAGGTCC-1,Layer_4,5
TAACTATTACGCCAAA-1,Layer_3,1
TAACTCATCCGCGCGG-1,WM,2
TAACTCCATGGAGGCT-1,Layer_3,1
TAAGAGGGACAGGGAC-1,WM,6
TAAGATTTAGCGGGAG-1,Layer_1,7
TAAGCAGGCGACACGC-1,Layer_5,4
TAAGCGCGAATCAAAT-1,WM,6
TAAGGAACTTGTGGGA-1,Layer_3,5
TAAGGCAACATAAGAT-1,Layer_5,4
TAAGGCATAACATCAA-1,WM,2
TAAGGCCCGTCACCCT-1,Layer_5,4
TAAGGCTGAATCCCTC-1,Layer_3,5
TAAGGGCCTGTCCGAT-1,Layer_3,5
TAAGGGCTGGGAGAGG-1,Layer_5,4
TAAGTAAATGTGCCGC-1,Layer_2,1
TAAGTAACATCTTGAC-1,WM,6
TAAGTCGCCGAGTATC-1,WM,6
TAAGTTGCGACGTAGG-1,Layer_3,5
TAATAAACAAGGAGAT-1,Layer_3,5
TAATACACAGTAGTAT-1,Layer_5,4
TAATAGAACAGAGTTA-1,WM,6
TAATAGGTCACCAGAA-1,WM,6
TAATAGTGACGACCAG-1,Layer_5,4
TAATATTGAAATTCGC-1,Layer_3,5
TAATCGATCCGTACGT-1,Layer_4,5
TAATGAAAGACCCTTG-1,Layer_3,5
TAATTACGTCAGTAGA-1,Layer_3,1
TAATTAGATGGATATG-1,Layer_1,7
TAATTAGGACATCCGT-1,Layer_3,1
TAATTGGAATCGGGAA-1,Layer_3,1
TACAAATTGCGGAGGT-1,Layer_2,1
TACAACGCACAACTCA-1,Layer_6,2
TACAAGCTGTTCACTG-1,Layer_1,7
TACAAGTCTCGTGCAT-1,Layer_5,4
TACAGAAACGGTGGGC-1,Layer_4,5
TACATAGGCATACACC-1,Layer_6,3
TACATCCCTATCCCTG-1,Layer_6,3
TACATTTCTAACGTGC-1,Layer_6,3
TACCAAATAGCCCAGA-1,Layer_6,3
TACCAATAAAGTACCA-1,Layer_5,4
TACCAGAAGTAGGTTC-1,WM,2
TACCAGCTAGGTTTAA-1,Layer_3,5
TACCAGGAATCCCGTC-1,WM,6
TACCGCGGACTTGCAG-1,Layer_3,5
TACCGGCTCACTGCCC-1,Layer_6,3
TACCGGTCGTTTCCAT-1,Layer_6,2
TACCGTAGGTTAACTA-1,Layer_6,3
TACCGTGCCTCGGACC-1,Layer_6,3
TACCTACTCCCAGTAT-1,Layer_6,3
TACCTCACGCTTGTAC-1,Layer_4,5
TACCTCAGTTGTCTGT-1,Layer_6,2
TACCTCCACACCAATG-1,WM,6
TACCTGCTGCACTGTG-1,Layer_4,5
TACCTTAAGATTTCCC-1,WM,6
TACGAACACGACTTCA-1,Layer_6,3
TACGACGCTTGCTGCG-1,Layer_6,2
TACGACTGCCTCTTAG-1,Layer_6,3
TACGAGAACTTCACGT-1,Layer_6,3
TACGATGTTGATCATC-1,Layer_5,3
TACGCAGTTCTTTCCT-1,Layer_6,2
TACGCCATATTCTAAT-1,Layer_6,3
TACGCCGAGGGTACCC-1,WM,6
TACGCCTCCATTCCGA-1,Layer_6,3
TACGCTATAGAAACCT-1,Layer_3,5
TACGCTCGGTATTGGA-1,Layer_2,1
TACGCTGCTGTGTTAA-1,WM,6
TACGGGATGCTAGCAG-1,Layer_5,5
TACGTAAAGCGGAGTG-1,Layer_3,1
TACGTACTAGTGCTGA-1,WM,6
TACGTGCACTATGCTG-1,Layer_3,5
TACGTTTACCGGCAAT-1,Layer_6,3
TACTATGGTTCCTCAG-1,WM,2
TACTCCTCTAGTTGAC-1,WM,6
TACTCGGCACGCCGGG-1,Layer_5,4
TACTCTCCGAACAAAT-1,Layer_5,4
TACTCTTACTTTACTG-1,Layer_2,1
TACTCTTTCGTCTTCA-1,WM,2
TACTGAACAGATTTAG-1,WM,6
TACTGAGGGAAGAAAG-1,WM,6
TACTGCAATCAATTAC-1,Layer_3,1
TACTGGACAGCTCGGC-1,Layer_5,4
TACTGTTTCTCTGGTA-1,Layer_2,1
TACTTGTTAGTAGTCC-1,Layer_5,4
TACTTTACTGAGCCGG-1,Layer_3,5
TACTTTCCGCACGCCA-1,Layer_6,2
TAGAAACCACTAAGTA-1,Layer_3,1
TAGAAAGGTGGCGCTA-1,Layer_5,4
TAGAAATTCACGTATA-1,Layer_5,4
TAGAATAGCCGATGAA-1,Layer_3,1
TAGAATTAAGGGCAAC-1,Layer_3,5
TAGACGAAACGCCAAT-1,Layer_5,4
TAGACGCCCGTACCGG-1,Layer_5,4
TAGACTACCTAGCGTT-1,Layer_3,5
TAGAGATCATGCAACT-1,Layer_6,2
TAGAGCTACGAAGAAC-1,Layer_3,5
TAGAGGTTCTACTTGT-1,Layer_3,5
TAGAGTCTAAGCGAAC-1,Layer_6,3
TAGATATGGACTGGAA-1,Layer_6,2
TAGATCCGAAGTCGCA-1,Layer_3,5
TAGATGGTTCCTTACT-1,Layer_3,1
TAGATTCAAAGTGCGG-1,WM,2
TAGATTCCTGGTTATT-1,Layer_5,4
TAGCAACCTGTCACAA-1,Layer_3,5
TAGCAGTATGACTAAA-1,Layer_3,1
TAGCCAGAGGGTCCGG-1,Layer_1,7
TAGCCATTTCAAAGTC-1,Layer_5,4
TAGCCGGCGGTCAGCG-1,Layer_5,4
TAGCGTCCCTCGATTG-1,Layer_3,1
TAGCGTCCGGTGTGGT-1,Layer_5,4
TAGCGTTGGGTCTTAC-1,Layer_6,3
TAGCTAAGTCCGGGAG-1,Layer_6,3
TAGCTAGAAGGCATGA-1,WM,2
TAGCTAGTGATGATGG-1,WM,2
TAGCTCGCCTGATAAC-1,Layer_6,2
TAGCTGATGTGAAGCG-1,Layer_5,3
TAGGAACAGCCTCCAG-1,Layer_3,1
TAGGCATGTTACGCCA-1,Layer_5,4
TAGGCGATGAGGTCTC-1,WM,2
TAGGCGGCTGCAAAGA-1,WM,6
TAGGCTAAAGTGGCAC-1,Layer_3,1
TAGGGAGCTTGGGATG-1,Layer_3,5
TAGGGTGTTTCAAGAG-1,Layer_5,4
TAGGTCCAAGTAAGGA-1,Layer_4,5
TAGGTCGCCGGAACTG-1,Layer_3,5
TAGGTGACGATAACCT-1,Layer_5,4
TAGGTGAGCCCTACTC-1,Layer_5,4
TAGGTGCTCGCCTAGC-1,Layer_5,4
TAGGTGTTCCACAGAT-1,Layer_6,3
TAGGTTCGAGTTCGTC-1,Layer_6,3
TAGTACCACAACTTTC-1,WM,6
TAGTACCTTAGTGGTC-1,Layer_3,1
TAGTAGCTTATACCAG-1,WM,6
TAGTCCCGGAGACCAC-1,Layer_6,2
TAGTCCGCAGAGAATG-1,Layer_6,3
TAGTCCGTATGCATAA-1,Layer_1,7
TAGTCGATCACGGGTT-1,Layer_3,5
TAGTCTAACAACGAGA-1,Layer_6,3
TAGTCTGCGGCACATT-1,WM,2
TAGTCTGTGACGTTGC-1,Layer_3,1
TAGTCTTTCCGAATTG-1,Layer_2,1
TAGTGCCCTCCAGAGT-1,Layer_6,3
TAGTGGAACTCATACA-1,Layer_3,1
TAGTGTCAGAAACGGC-1,Layer_3,1
TAGTTAAGATAGGATA-1,Layer_3,5
TAGTTTATTCTTGCTT-1,Layer_3,5
TATAAATCCACAAGCT-1,Layer_4,5
TATAAGTGAGGATAGC-1,Layer_4,5
TATACACAGACGCCTT-1,Layer_6,3
TATACACGCAAAGTAT-1,Layer_3,5
TATACCGAGTGCCACA-1,Layer_2,1
TATACGCGTCATCACT-1,Layer_6,3
TATACTCATGCGGCAA-1,Layer_3,1
TATAGAGTCGCTTGAA-1,WM,2
TATAGATGGTCGCAGT-1,Layer_3,5
TATAGGGTACTCATGA-1,Layer_5,4
TATATAGGGCTTTACG-1,WM,6
TATATATCGAGAAATG-1,WM,6
TATATCAAAGTGATCT-1,WM,2
TATATCCCTGGGAGGA-1,Layer_3,5
TATATTACAAATGTCG-1,Layer_3,1
TATATTCGCGTCGATA-1,Layer_3,1
TATCACAGCACGGGCA-1,Layer_2,1
TATCACCATGTAAAGT-1,Layer_3,1
TATCACCCAACCGACC-1,Layer_3,5
TATCACTTCGAGTAAC-1,Layer_3,1
TATCAGTGGCGTAGTC-1,WM,2
TATCCAATTGGTTATC-1,Layer_5,4
TATCCATATCATGCGA-1,Layer_4,5
TATCCATCTCGGTTAG-1,WM,6
TATCCGCACCGTCGGG-1,Layer_6,2
TATCCTATCAACTGGT-1,Layer_6,3
TATCCTGCATGGGAAT-1,Layer_3,5
TATCGATCTATGCATA-1,Layer_5,5
TATCGATGATTAAACG-1,Layer_5,4
TATCTACAGAGGTAAT-1,Layer_4,4
TATCTACCACAGCGGG-1,Layer_6,3
TATCTAGCCTAAAGGA-1,Layer_4,4
TATCTGAGCCGATATT-1,WM,6
TATCTTGCAATACAAC-1,WM,6
TATGAAGACAGGTGCG-1,Layer_4,5
TATGATAAATCTAACG-1,Layer_3,1
TATGATCCGGCACGCC-1,Layer_2,1
TATGATCTTCTCTTTA-1,Layer_3,5
TATGATTCTGCTTGGT-1,Layer_1,7
TATGCTCCCTACTTAC-1,Layer_5,4
TATGGAGTTTCTCGTT-1,Layer_1,7
TATGGATGTGCTACGC-1,Layer_5,4
TATGGCCCGGCCTCGC-1,Layer_5,4
TATGGGACCGAGCAGG-1,Layer_6,3
TATGGGTACGTATCGT-1,Layer_6,3
TATGGTCTGAGTAACA-1,Layer_6,3
TATGGTTAGTGGGAGA-1,Layer_3,1
TATGTAAAGTGCTTAA-1,WM,2
TATGTAGAAACCCGGC-1,WM,6
TATGTCAAGACCGACT-1,Layer_3,5
TATGTCTCATTGTGCC-1,Layer_5,4
TATTAACACCAAAGCA-1,WM,2
TATTAACCTGACCGCG-1,WM,6
TATTACCATCCTGCTT-1,Layer_4,5
TATTATGTTTGCCTGC-1,WM,6
TATTCAATTCTAATCC-1,Layer_6,3
TATTCCACTCAGCTCG-1,Layer_6,2
TATTCCGAGCTGTTAT-1,Layer_5,5
TATTCCGGCAGTCCTA-1,Layer_2,1
TATTCCTCCGCCCACT-1,WM,6
TATTCGTGCCAGAATA-1,Layer_6,3
TATTTAGTCTAGATCG-1,Layer_4,4
TATTTATACCGAGTAG-1,Layer_4,5
TATTTGATTTGCACAG-1,Layer_2,1
TATTTGTTACCCTTTA-1,Layer_5,4
TCAAACAACCGCGTCG-1,Layer_5,4
TCAAACTTAGATTGTT-1,Layer_6,3
TCAAATTTGAGACTCA-1,Layer_6,3
TCAACAAAGATAATTC-1,WM,6
TCAACACATTGGGTAA-1,Layer_2,1
TCAACATAGCGCCCTA-1,WM,6
TCAACATCGACCGAGA-1,Layer_6,3
TCAACCATGTTCGGGC-1,Layer_5,4
TCAACGAGGAGACAAA-1,Layer_6,3
TCAACGCAGGAAATAA-1,WM,6
TCAACGCGACCGGCAG-1,Layer_5,3
TCAACTAACGTATAAC-1,Layer_4,4
TCAACTGCAGAGTCAG-1,Layer_3,1
TCAAGAAATACTAGCT-1,Layer_3,1
TCAAGCGCGGACGGTA-1,Layer_2,1
TCAAGGTTACTACACC-1,Layer_3,1
TCAATACGCCGTCATG-1,Layer_6,3
TCACAAACCGAGGTAC-1,Layer_3,1
TCACAGATCCTCAAAC-1,Layer_1,7
TCACAGCAAACTCGAA-1,WM,2
TCACAGGAGAATAAGA-1,WM,2
TCACAGGGAATCGCAA-1,Layer_5,4
TCACAGGTTATTGGGC-1,Layer_6,3
TCACATCTTATCTGAT-1,Layer_3,5
TCACCCTCTTAAGATT-1,Layer_6,3
TCACCGCTCGGCACTC-1,Layer_4,5
TCACGATGTCCGTGGA-1,WM,6
TCACGCATTGTAGATC-1,Layer_6,3
TCACGGCCCAAGAGAG-1,WM,6
TCACGGTCATCGCACA-1,Layer_5,4
TCACGTGCCCGATTCA-1,Layer_6,3
TCACTACGACCAATGC-1,Layer_3,5
TCACTATCGTGCAATC-1,Layer_1,7
TCACTCAGCGCATTAG-1,Layer_1,7
TCACTCGTGCAACGGC-1,Layer_3,5
TCAGAACCTCCACAGG-1,Layer_3,1
TCAGACGCTATAGAAG-1,Layer_6,3
TCAGCAAATGCATCTC-1,Layer_6,3
TCAGCAGTAGGCCCTG-1,WM,6
TCAGCCAATCCGTAAA-1,Layer_3,1
TCAGGGCGCAAACTCG-1,Layer_3,1
TCAGGGTGCACGAAAC-1,Layer_3,1
TCAGGGTGTAACGTAA-1,Layer_6,3
TCAGGTTCTTTGAGAA-1,Layer_5,3
TCAGTACTGACCCGCG-1,Layer_5,4
TCAGTAGGGACTATAA-1,WM,2
TCAGTGTATACGTCAT-1,WM,6
TCAGTTACGGAATGAT-1,Layer_3,1
TCATACTTACAGATCC-1,Layer_3,5
TCATATGAGCTTTGTT-1,Layer_6,3
TCATCACTCGAGCTCG-1,Layer_3,1
TCATCCCAGAGGGTGG-1,Layer_3,5
TCATCGATGGTCCCAA-1,WM,6
TCATGCAGGTTCTCAT-1,Layer_4,5
TCATTTAAGTCTCCGA-1,Layer_3,5
TCATTTAGAAGTGTGA-1,Layer_3,1
TCCAACTCAGCTATCT-1,Layer_3,5
TCCAACTTTAAATTCT-1,Layer_6,3
TCCAAGCCTAGACACA-1,Layer_5,4
TCCAATAAAGGCTACC-1,Layer_6,2
TCCACAATGGTTTACG-1,Layer_5,4
TCCACATCGTATATTG-1,Layer_6,3
TCCACCTCTAGCCTTT-1,Layer_6,2
TCCACTTTATCTAGGT-1,Layer_5,4
TCCAGAGCACCGGTTC-1,Layer_6,3
TCCAGCGCTATAAGCG-1,Layer_2,1
TCCAGGCGAGTACGGT-1,Layer_6,3
TCCAGGGTATATACGA-1,Layer_6,3
TCCATCAATACTAATC-1,WM,6
TCCATTAGTTGGATAG-1,Layer_1,7
TCCATTGTGACCTCGT-1,Layer_3,5
TCCCAAACAGACAACG-1,Layer_2,1
TCCCAAAGACGAAGGA-1,Layer_5,3
TCCCAAAGCCCTAAAT-1,Layer_2,1
TCCCACGGAGGGAGCT-1,Layer_2,1
TCCCACTCTCTTCCGG-1,Layer_3,1
TCCCAGCTTTAGTCTG-1,Layer_6,3
TCCCAGGCTTAGCTAA-1,Layer_5,3
TCCCGCGTACTCCTGG-1,Layer_6,3
TCCCGGGTGTGCTGCT-1,Layer_5,4
TCCCGGTCAGGAATTT-1,Layer_1,7
TCCCGTCAGTCCCGCA-1,Layer_5,4
TCCCGTGTGCAATTTG-1,Layer_5,4
TCCCTAGATCAATAGG-1,Layer_2,1
TCCCTGGCGTATTAAC-1,WM,6
TCCCTGGCTCGCTGGA-1,Layer_5,4
TCCCTTAGATTACTCG-1,Layer_4,5
TCCGAACTTGGCTTAC-1,Layer_5,4
TCCGAAGTAGTCACCA-1,Layer_2,7
TCCGAATGGTCCTGAG-1,Layer_2,1
TCCGACCGCTAATCAA-1,WM,2
TCCGAGAAGGCTAAGC-1,Layer_1,7
TCCGATAATTGCCATA-1,Layer_5,4
TCCGATGACTGAGCTC-1,Layer_5,4
TCCGATGGTGCGACAT-1,Layer_5,4
TCCGATTACATTGCCG-1,Layer_5,4
TCCGCCTGTCTACAAG-1,Layer_5,4
TCCGCGGCAGCATCTG-1,Layer_5,4
TCCGCGGCCCAATGAA-1,Layer_3,5
TCCGCTGTCATCCCGG-1,Layer_5,4
TCCGCTTATCCCATTA-1,Layer_6,3
TCCGGAGGAAGGGCTG-1,Layer_2,1
TCCGGCCTAGCGTACA-1,Layer_3,5
TCCGGCCTGCATCGAT-1,Layer_3,1
TCCGGGCTTGACGGGA-1,Layer_3,1
TCCGGTTCGTCCGGTC-1,Layer_6,2
TCCGTAACCACAATCC-1,Layer_3,1
TCCGTTAAGCTAATAT-1,Layer_3,5
TCCGTTTAGCCTTGAA-1,Layer_5,4
TCCTAAATTGGGAAGC-1,Layer_6,3
TCCTAACCGTCGGGCA-1,WM,2
TCCTACATCCACGGCC-1,Layer_5,4
TCCTAGCAAAGAAGCT-1,Layer_6,2
TCCTCCTAAGACATTC-1,Layer_6,2
TCCTCGGGCTGGGCTT-1,Layer_6,3
TCCTCTACGAGATGGC-1,Layer_4,5
TCCTCTCCAGTTGTCC-1,Layer_4,4
TCCTCTGGCCCATTAG-1,Layer_3,5
TCCTGCCAACTGGAGA-1,Layer_3,5
TCCTGCGTTGATACTC-1,Layer_6,3
TCCTGGCGCTGCCTGG-1,Layer_2,1
TCCTTACGACGGTCCG-1,Layer_3,5
TCCTTCAGTGGTCGAA-1,Layer_3,5
TCCTTGTCCTTTAATT-1,Layer_5,3
TCCTTTAAATCCGCTT-1,Layer_3,5
TCCTTTCTTACGCTTA-1,Layer_6,3
TCGAAATTTAGGACCA-1,Layer_5,3
TCGAAGAACCGAGCAC-1,Layer_3,5
TCGAATATCCCGCAGG-1,WM,6
TCGACAACTGAACCCG-1,WM,6
TCGAGACCAACACCGT-1,Layer_6,3
TCGAGCCAGGCAGGCC-1,WM,6
TCGATAGGCTAGTCGC-1,Layer_2,1
TCGCAAAGATGCATTT-1,Layer_6,4
TCGCACCAGGAGGCAG-1,Layer_5,4
TCGCATAAAGGGCGCA-1,Layer_2,1
TCGCATCCCTAAGTGT-1,Layer_3,1
TCGCATTCAATGACTT-1,Layer_1,7
TCGCCCAACTGACTCC-1,Layer_1,7
TCGCCGAAGTTGCGTC-1,WM,2
TCGCCGACATATTCGC-1,Layer_3,5
TCGCCGGTCGATCCGT-1,Layer_5,4
TCGCCTCGACCTGTTG-1,Layer_1,7
TCGCGTAGCAGTGTCC-1,Layer_3,1
TCGCGTCCAGAAGGTC-1,Layer_5,4
TCGCTAAACCGCTATC-1,Layer_4,5
TCGCTACTGGCTTTGA-1,Layer_5,4
TCGCTCGATATATTCC-1,Layer_6,3
TCGCTCGGCACCAGCG-1,Layer_3,1
TCGCTGGGCGGATTGT-1,Layer_6,3
TCGCTGTGCGTAAATC-1,Layer_3,5
TCGCTTTAAACGTTTG-1,Layer_5,5
TCGGAATGACCATCAA-1,Layer_3,1
TCGGAATGCGCTCTGA-1,Layer_5,4
TCGGACGCCCAGCCCA-1,Layer_5,4
TCGGAGAGTATCGGGA-1,Layer_6,2
TCGGAGTACATGAGTA-1,Layer_6,3
TCGGATCTGGATGACC-1,WM,6
TCGGCGAACCCAAACC-1,Layer_3,1
TCGGCGTACTGCACAA-1,Layer_6,2
TCGGCTAACTTCCCTT-1,Layer_3,1
TCGGCTTGTATCGACG-1,Layer_3,5
TCGGGAACGTGCCTAG-1,Layer_3,1
TCGGGAGACAGCGTAC-1,Layer_5,4
TCGGGATTCAAACATA-1,Layer_5,3
TCGGGCACTTCTGGAT-1,Layer_1,7
TCGGGCCGTCGTGGTA-1,Layer_5,4
TCGGGTGAAACTGCTA-1,Layer_3,1
TCGGTCCCGACAATAG-1,WM,6
TCGGTCCCTGACTCCA-1,Layer_3,5
TCGGTGACCGCTCCGG-1,Layer_2,1
TCGGTTAGCCATGTAG-1,Layer_3,1
TCGTAAGACGACATTG-1,Layer_5,4
TCGTAAGCTCCGAGGA-1,Layer_3,1
TCGTATAGTGCAATTA-1,Layer_3,5
TCGTATTACCCATTGC-1,Layer_5,3
TCGTATTTCGTCCGGA-1,Layer_3,1
TCGTCAAGTACGCGCA-1,WM,6
TCGTCACACTGTTAGC-1,Layer_3,5
TCGTCCGCTGGCGTCT-1,Layer_4,5
TCGTCTTAGGCGTTAA-1,Layer_5,4
TCGTGTACTATGGATG-1,Layer_5,4
TCGTGTATTGGTCACG-1,Layer_2,7
TCGTGTCACGCTGACA-1,Layer_6,3
TCGTGTTCGACCACAA-1,Layer_3,1
TCGTTAGGAGTCCCTA-1,Layer_6,2
TCGTTCGTTATTATGT-1,Layer_3,5
TCGTTGCTATCCGGTC-1,WM,6
TCGTTGGCTCGTCAAT-1,Layer_1,7
TCTAAAGAACAGTCTC-1,WM,2
TCTAACTGTATGTAAA-1,Layer_3,5
TCTAATACTGCCTCAG-1,WM,6
TCTACACGTTCATGCA-1,Layer_3,1
TCTACCCAATAGAGAG-1,Layer_3,1
TCTACCGTCCACAAGC-1,Layer_6,3
TCTAGCAATCTCCGCC-1,Layer_6,2
TCTAGCATCTTCGATG-1,Layer_5,4
TCTAGCATGCCCAGAA-1,Layer_6,3
TCTAGGTGGCGACGCT-1,Layer_3,5
TCTAGTGATATCGTGG-1,Layer_3,5
TCTAGTTATCAGAAGA-1,Layer_6,3
TCTATCATGCAGTTAC-1,Layer_3,5
TCTATCGGTCGCAACA-1,Layer_5,4
TCTATGCTATAACGAC-1,Layer_3,1
TCTATTACGCTGGCGA-1,Layer_3,1
TCTATTACTAGAGGAT-1,Layer_5,3
TCTCATGAGATAGGGT-1,Layer_5,4
TCTCCAACGTAGGTTA-1,Layer_5,4
TCTCCACAAGTTGAAT-1,Layer_3,5
TCTCCCTGGGCAGCGT-1,Layer_5,4
TCTCGAACGAGGTCAC-1,Layer_3,5
TCTCGACGTATCGCCG-1,Layer_3,1
TCTCGAGGAGGTTCGC-1,Layer_3,1
TCTCGGCTCCAGGACT-1,Layer_2,7
TCTCTAATAGCTGGTA-1,Layer_5,4
TCTCTCGCCGCACATA-1,Layer_2,1
TCTCTTACCGCGAACC-1,WM,2
TCTGAACCGGTCGGCT-1,Layer_3,5
TCTGAACTCGTACCCG-1,Layer_4,5
TCTGAAGCACGTGGTC-1,Layer_5,4
TCTGAATTCCGTACAA-1,Layer_4,5
TCTGACTGTAATGGTT-1,Layer_1,7
TCTGAGCAATTGACTG-1,Layer_2,1
TCTGATGTATTCTGTC-1,Layer_5,4
TCTGCATACCTTGCTT-1,Layer_3,1
TCTGCCAGAAACTGCA-1,Layer_5,4
TCTGCGTCCGGTTTCT-1,Layer_2,1
TCTGGGAACCTTTGAA-1,Layer_3,5
TCTGGGTAGCGCTCAT-1,Layer_6,3
TCTGTCATACAAGAGC-1,Layer_3,1
TCTGTGACTGACCGTT-1,Layer_1,7
TCTGTGCCATCATAGT-1,Layer_5,4
TCTGTGGCTACATTTC-1,Layer_1,7
TCTGTTACCCAGCATA-1,WM,6
TCTTACAGAGGTACCG-1,Layer_3,5
TCTTACCGGAACTCGT-1,Layer_4,5
TCTTACGGCATCCGAC-1,Layer_4,5
TCTTACTTATGCCTCT-1,Layer_4,5
TCTTAGAGCTCCAATT-1,Layer_3,1
TCTTAGAGTGAACTCT-1,Layer_3,5
TCTTATGGGTAGTACC-1,Layer_1,7
TCTTCCCATGGGCACA-1,Layer_3,5
TCTTCGAATAGACGTT-1,Layer_6,3
TCTTCGATACCAATAA-1,Layer_6,3
TCTTCTATAACCCGCC-1,Layer_3,1
TCTTGATGCGTAGCGA-1,Layer_6,3
TCTTGCTCCCGATACT-1,Layer_6,3
TCTTGGTAACACCAAA-1,Layer_5,4
TCTTTAAGACTATGAA-1,Layer_3,5
TCTTTAGAGTCTAACA-1,Layer_2,1
TCTTTCTCTTAAGGAG-1,Layer_3,5
TGAAACCTCAACTCAC-1,Layer_1,7
TGAAACTTATGCAAGC-1,Layer_3,5
TGAAAGGACCTGACTC-1,Layer_5,4
TGAACAAGCAGGGACT-1,WM,6
TGAATACCGACGCGTA-1,Layer_4,5
TGAATGAGTGTTTCCC-1,Layer_6,2
TGAATGTCAGCCGGCC-1,Layer_3,1
TGACACTTCTCTTTGC-1,Layer_3,1
TGACAGGACAAGTCCA-1,WM,2
TGACATCGAGCGGACC-1,Layer_3,5
TGACATGTAACGTGAC-1,Layer_6,3
TGACCAAATCTTAAAC-1,Layer_6,3
TGACCAGCTTCAAAGT-1,Layer_3,1
TGACCCAACTCACATT-1,Layer_1,7
TGACCCACGTTAGACA-1,Layer_6,3
TGACGAATATTTCCCT-1,Layer_6,3
TGACGATGCACTAGAA-1,Layer_4,5
TGACTATAATCCTTTC-1,Layer_6,3
TGACTCCGAATCATAC-1,WM,6
TGAGAATGCTTTACCG-1,Layer_4,5
TGAGAGATTTACCACG-1,Layer_5,5
TGAGATCAAATACTCA-1,Layer_3,1
TGAGATTAGGCCCTAA-1,Layer_3,5
TGAGCAGTCGTGAAGT-1,Layer_1,7
TGAGCCATACAGTCTC-1,Layer_6,2
TGAGCGGAAAGTGTTC-1,Layer_6,3
TGAGCTTTAATGACGC-1,Layer_4,5
TGAGGAGTGCCAGCTT-1,Layer_6,3
TGAGGCATGTACTGTG-1,WM,6
TGAGGTTGATCCCAAG-1,Layer_1,7
TGAGTAAATTAGCGTA-1,Layer_6,2
TGAGTGCCTCTTAAAT-1,WM,2
TGAGTGGTCCGTGACG-1,Layer_5,4
TGAGTTAAAGACATTC-1,Layer_3,1
TGATACATTTAGCCGT-1,WM,6
TGATAGCGGGATTCTA-1,Layer_3,5
TGATCAGGGAACTGCT-1,Layer_6,3
TGATCCCAGCATTAGT-1,Layer_3,1
TGATCGGTTTGACCCT-1,Layer_5,3
TGATCTACGCTGATCT-1,Layer_3,1
TGATCTCCGGCGCCAG-1,Layer_5,3
TGATGGCTGTTTCTGA-1,Layer_2,1
TGATGGGACTAAGTCA-1,Layer_1,7
TGATGTCAATTAAGTG-1,Layer_3,1
TGATTATGGCACGCAG-1,Layer_1,7
TGATTCAGGTCCCGCG-1,Layer_6,2
TGATTCCCGGTTACCT-1,Layer_6,2
TGATTCGTCTATCACT-1,Layer_5,3
TGATTCTGTCGCCGGT-1,WM,6
TGATTTATTAGCTGTG-1,Layer_6,3
TGATTTCCTCCTGACG-1,Layer_3,1
TGCAACCCATCTGCGG-1,Layer_3,5
TGCAAGAATGACGTAA-1,Layer_6,3
TGCAATCTAACACGGT-1,Layer_3,5
TGCAATTTGGGCACGG-1,Layer_3,1
TGCACAGTGAAGTTAT-1,Layer_3,1
TGCACGAGTCGGCAGC-1,Layer_3,1
TGCACTATGTGAGTGC-1,Layer_2,7
TGCAGAACTATATCGT-1,Layer_6,3
TGCAGAGTACCGAGCA-1,Layer_6,3
TGCAGATCGTCCTAGG-1,Layer_6,3
TGCAGCTACGTACTTC-1,Layer_5,3
TGCAGGATCGGCAAAG-1,Layer_5,4
TGCAGTGGTAGGGAAC-1,WM,6
TGCAGTTTCCTCCCAT-1,Layer_5,5
TGCATATGTCTGTCAC-1,Layer_5,4
TGCATGGATCGGATCT-1,Layer_5,4
TGCATGTGACCCATAG-1,WM,2
TGCATGTGGTAATCTA-1,Layer_5,4
TGCCAAAGTCAGACTT-1,Layer_6,3
TGCCAATGGGTACTCT-1,Layer_6,2
TGCCACCTGGCGAAAC-1,Layer_5,4
TGCCAGTACGTGGAGA-1,Layer_6,3
TGCCATGGCTTATAAG-1,Layer_2,1
TGCCATTACTAAAGAA-1,Layer_5,5
TGCCCGTACCGTTAAA-1,Layer_6,4
TGCCGGATGTACGAGC-1,WM,6
TGCCGTGGATCGTCCT-1,Layer_6,3
TGCCTAATTGAAGATT-1,Layer_3,1
TGCCTGACATCGGTCA-1,Layer_2,1
TGCCTGATCAAACGAT-1,Layer_5,4
TGCCTTGGCCAGGCAA-1,Layer_5,4
TGCGAATATGGGATTT-1,Layer_6,3
TGCGACACCCTAGTGC-1,WM,2
TGCGACGGCCGAACGT-1,WM,6
TGCGAGAATATTACCC-1,WM,6
TGCGAGCCCTTCCGCG-1,Layer_3,1
TGCGCAAAGCATTTGG-1,Layer_6,3
TGCGCGATTAACGGAG-1,Layer_5,4
TGCGGACTTGACTCCG-1,Layer_5,4
TGCGGAGTAAAGGTGC-1,Layer_5,4
TGCGGCATAGTTCAAC-1,Layer_3,5
TGCGGGTATTGGGATC-1,Layer_2,1
TGCGGTCTACGAGTAA-1,Layer_2,1
TGCGGTGAAATTTCAT-1,Layer_3,5
TGCGTAAGAACCTGAT-1,WM,2
TGCGTCATGACTGAGC-1,WM,6
TGCGTGATTGGGTGTC-1,Layer_1,7
TGCGTTTGTTGACACT-1,Layer_6,3
TGCTAAGTGTCTATTT-1,Layer_4,5
TGCTATACAAACGGAC-1,Layer_2,1
TGCTCCACAGTTCTTA-1,Layer_4,5
TGCTCGGCGAAACCCA-1,Layer_6,3
TGCTCGGTGGGTCACC-1,Layer_5,4
TGCTCTTGAGAGTTTG-1,Layer_5,4
TGCTGGTTGGACAATT-1,Layer_4,5
TGCTGTTGAAGAACTC-1,Layer_6,3
TGCTTAGAGAGAATGC-1,WM,6
TGCTTCCCAAGCAGTA-1,Layer_6,3
TGGAAACGGAGTGAAC-1,Layer_1,7
TGGAACCACTGACACA-1,Layer_3,1
TGGAAGAAGGGAACGT-1,Layer_6,3
TGGAAGACGAACACCA-1,Layer_3,1
TGGAAGGATAAAGATG-1,Layer_5,4
TGGAATATCCTTGACC-1,Layer_3,1
TGGAATTAGACGCTTT-1,Layer_3,5
TGGACCAATCTAAGAT-1,Layer_5,4
TGGACGCAATCCAGCC-1,WM,6
TGGACTGTTCGCTCAA-1,Layer_6,3
TGGAGAATAATCGTCC-1,WM,2
TGGAGCTAAAGTTCCC-1,Layer_3,1
TGGAGTGATGCGATGA-1,Layer_5,4
TGGCAAACTAAATTAC-1,Layer_5,4
TGGCAACTCGCGCGCC-1,Layer_5,5
TGGCAAGCACAAGTCG-1,Layer_6,3
TGGCAATGGGACGGCG-1,Layer_3,1
TGGCACGAGCTCGAGT-1,Layer_2,1
TGGCAGATTACGATCA-1,Layer_6,3
TGGCAGCAGTAATAGT-1,Layer_6,3
TGGCATGAAGTTTGGG-1,WM,6
TGGCCAAACTGAAGTA-1,Layer_5,4
TGGCCAATTTGGTACT-1,Layer_6,2
TGGCCGTATATTGACC-1,Layer_5,4
TGGCGACTGCTCCAAA-1,WM,6
TGGCGATCAAGTTATG-1,Layer_6,2
TGGCGGTGTGCGATTG-1,Layer_1,7
TGGCTACACTCTACCT-1,Layer_3,1
TGGCTATGTGACATAC-1,Layer_5,4
TGGCTCTTGTCGCGTA-1,Layer_5,3
TGGCTTTGGGTAGACA-1,Layer_4,4
TGGGAAATGCCTTTCC-1,Layer_3,5
TGGGATGCACTCATTC-1,Layer_3,1
TGGGCAATAGTTGGGT-1,Layer_3,1
TGGGCACAAACAGAAC-1,Layer_2,1
TGGGCACGTTCTATGG-1,Layer_3,5
TGGGCAGGCCACCGCA-1,Layer_2,1
TGGGCCACAAGAGCGC-1,Layer_5,4
TGGGCCCATACTAATT-1,Layer_5,4
TGGGCCTTGCCTGCAT-1,Layer_1,7
TGGGCGATACAATAAG-1,Layer_6,2
TGGGTAAGGTTCCCGC-1,Layer_3,5
TGGTAAGCAGGATTGA-1,Layer_5,3
TGGTAGAATATATGGG-1,Layer_3,5
TGGTATCGCATCCCAA-1,Layer_3,1
TGGTATCGGTCTGTAT-1,Layer_3,1
TGGTCCCACGCTACGG-1,Layer_5,4
TGGTCTGTTGGGCGTA-1,Layer_5,3
TGGTGATCGTATTTGT-1,Layer_3,5
TGGTTAACTTACATTT-1,WM,6
TGGTTCAACGGGTAAT-1,Layer_6,4
TGGTTCGTAGCAAAGG-1,Layer_5,4
TGGTTGGAGGATCCTG-1,Layer_3,5
TGGTTTAAACGTGGGT-1,Layer_2,1
TGTAACTTGTCAACCT-1,Layer_1,7
TGTAATGACCACAATA-1,Layer_5,4
TGTACCCGACCCTAAT-1,WM,6
TGTACCTACACGAGGG-1,Layer_3,5
TGTACGAACAAATCCG-1,Layer_6,3
TGTACGCTATCAGCTT-1,Layer_2,1
TGTACTGTGCCAAAGT-1,Layer_1,7
TGTAGCCATCCCATTC-1,Layer_2,1
TGTAGGAGAAATTTCC-1,Layer_5,4
TGTAGTGATCTATAAT-1,Layer_5,3
TGTATAACAGATCCTG-1,Layer_5,4
TGTATCCTTATTCCAT-1,Layer_3,1
TGTATGGCGCAGACAG-1,Layer_4,5
TGTATTTACCTAATGC-1,Layer_2,1
TGTCATTTGTTGGGAA-1,Layer_3,1
TGTCCACGGCTCAACT-1,Layer_3,1
TGTCCCGACATAGCAC-1,Layer_3,5
TGTCCGTGGCGCCTTT-1,Layer_4,5
TGTCCTAAGTCACCGC-1,Layer_5,4
TGTCGGCATGGTGGAA-1,Layer_1,7
TGTCGTTATCACATAT-1,WM,6
TGTCTACAGTTTCTGT-1,Layer_3,1
TGTGACTACGCCAGTC-1,Layer_5,4
TGTGAGACTAGCCCAA-1,Layer_6,3
TGTGATTCCAGCGCTT-1,Layer_2,1
TGTGCCGGTGCCGGAA-1,Layer_3,5
TGTGCTTTACGTAAGA-1,Layer_5,4
TGTGGAGGAAGCTTAA-1,Layer_1,7
TGTGGCAAAGCGTATG-1,Layer_5,4
TGTGGCGGGCTTCTGG-1,Layer_6,3
TGTGGCTCCCACCAAC-1,Layer_2,1
TGTGGTTGCTAAAGCT-1,Layer_6,2
TGTGTCGCGAGTTGCA-1,Layer_4,5
TGTGTTCGTATCCAAG-1,Layer_4,4
TGTTATTGTATGTGGC-1,Layer_5,4
TGTTCCGCTTCCATGA-1,Layer_6,3
TGTTCCGGCCTGAGCT-1,Layer_6,3
TGTTCGTATTGCGGTG-1,Layer_6,3
TGTTCTTCCATTGACT-1,Layer_6,3
TGTTGTCAAGAAGTCT-1,Layer_5,4
TGTTTAATACTTCATC-1,Layer_3,5
TGTTTCGGTACTTCTC-1,Layer_4,4
TGTTTCTGAAGCGTGC-1,WM,6
TGTTTGAGATCGTCAG-1,Layer_2,1
TTAAACAGAGTCCCGC-1,Layer_1,7
TTAAACCGGTAGCGAC-1,Layer_3,1
TTAAACCTGGTTCCTT-1,Layer_3,5
TTAAACTCGAATTCAT-1,Layer_4,5
TTAACACCTCGAACAT-1,Layer_3,5
TTAACCAACCCTCCCT-1,Layer_5,4
TTAACGTCGCAAGACC-1,Layer_3,1
TTAACTCACGCGTGGA-1,Layer_3,5
TTAACTTCAGGTAGGA-1,Layer_6,2
TTAAGACGAACGAACC-1,Layer_3,1
TTAAGATAGGATTGAC-1,Layer_3,5
TTAAGCCGACAACTTC-1,Layer_3,5
TTAAGCGCCTGACCCA-1,Layer_5,3
TTAAGGATACGGAGGT-1,Layer_1,7
TTAAGGCCCGTACTTT-1,WM,6
TTAAGTATTGTTATCC-1,Layer_3,5
TTAATCAGTACGTCAG-1,Layer_5,4
TTAATGCGAGGTAACT-1,Layer_3,1
TTAATGTAGACCAGGT-1,Layer_6,3
TTAATTGCTTTGGGTG-1,Layer_5,4
TTAATTTCAGACGCGG-1,Layer_4,4
TTACAACTACGCATCC-1,Layer_5,4
TTACACGATCTGCGAC-1,Layer_2,1
TTACAGACCTAAATGA-1,Layer_3,5
TTACATCGTGGCCTGG-1,Layer_3,5
TTACATGCCACAACTA-1,Layer_3,5
TTACCATTGATTACCC-1,Layer_5,4
TTACCCATTGCCGGGT-1,Layer_4,5
TTACCCTAACAGTCCT-1,Layer_3,5
TTACCCTAGGGATTGG-1,Layer_6,3
TTACCGCCTTAGGGAA-1,Layer_1,7
TTACGGATGGTTCGAG-1,Layer_4,5
TTACGGTGTCACCGAG-1,Layer_1,7
TTACGTAGCGCGTGCT-1,Layer_1,7
TTACTAAAGGACTTTA-1,Layer_5,4
TTACTATCGGCTTCTC-1,Layer_5,4
TTACTCCGGCCGGGAA-1,Layer_6,4
TTACTCTGGTACGTAC-1,Layer_6,2
TTACTGGGATATTTCA-1,Layer_6,2
TTACTGTTTCTCTACG-1,Layer_2,1
TTAGAAGAACATGACT-1,Layer_6,3
TTAGAATAAGGGTCGG-1,WM,2
TTAGACACGATCGTTG-1,Layer_3,5
TTAGACGAGTCACCTC-1,Layer_5,4
TTAGAGTTTAGAAGGA-1,Layer_5,4
TTAGATAGGTCGATAC-1,Layer_1,7
TTAGCAACATGGATGT-1,Layer_3,5
TTAGCTAATACGATCT-1,Layer_3,5
TTAGCTCTGTAATCCG-1,Layer_4,5
TTAGCTGATTTGCCGT-1,Layer_4,5
TTAGGTCATAACCGAC-1,WM,6
TTAGTAAACCTGCTCT-1,Layer_3,1
TTAGTAGGGCGGCGGG-1,Layer_5,4
TTAGTTATTCGTGGCA-1,Layer_4,5
TTAGTTCAAGTGTTCG-1,Layer_2,1
TTATAGATGCACATTA-1,Layer_2,1
TTATAGGTAATTGTCT-1,Layer_5,4
TTATATACGCTGTCAC-1,Layer_6,3
TTATATTTGGCAATCC-1,Layer_6,3
TTATCCAATCGAACTC-1,Layer_2,1
TTATCCGGGATCTATA-1,Layer_5,4
TTATCCTCAAGGAATA-1,WM,6
TTATCGCCTGCGAAGC-1,Layer_3,5
TTATCTGACATTAGGA-1,Layer_6,3
TTATCTGTATCATAAC-1,Layer_5,4
TTATGAATGAAAGGGA-1,Layer_6,3
TTATGACAAACTGGAT-1,Layer_5,4
TTATGATCTTAACGAA-1,Layer_5,4
TTATGCGTCCCGGTCC-1,Layer_1,7
TTATGTTTGCGATAGA-1,Layer_3,5
TTATTAGAGCGTGTTC-1,Layer_6,3
TTATTAGGGAAGCATC-1,Layer_3,5
TTATTTCATCCCAAAC-1,Layer_1,7
TTCAAAGTCTCTAGCC-1,Layer_6,3
TTCAACGACCCGACCG-1,Layer_4,4
TTCAAGCCGAGCTGAG-1,Layer_3,5
TTCAATACTCTGAATC-1,Layer_5,4
TTCAATTAGCCATAAT-1,Layer_3,5
TTCACGAAAGGATCAC-1,Layer_6,3
TTCACTCGAGCACCTA-1,Layer_6,3
TTCACTTCCTAGAACG-1,Layer_6,2
TTCAGAGTAACCTGAC-1,Layer_1,7
TTCAGCCCTGGTCCAC-1,Layer_5,4
TTCAGCTGGCGTGCCC-1,Layer_3,5
TTCAGGCGTCAAAGCC-1,Layer_5,3
TTCAGTTCAAGAGGAG-1,WM,2
TTCATAGCCTTGTAAC-1,Layer_1,7
TTCATGGCGCAACAGG-1,Layer_5,4
TTCCAATCAGAGCTAG-1,Layer_3,5
TTCCAATCTGGCTATC-1,WM,2
TTCCACACAGATTTGA-1,WM,6
TTCCACATTTCTCGTC-1,Layer_2,1
TTCCAGACGAGATTTA-1,Layer_3,1
TTCCATCATGCGGTGA-1,Layer_3,1
TTCCATCGACAGCGTG-1,Layer_3,1
TTCCCGACGCTTCACT-1,Layer_3,1
TTCCCGGCGCCAATAG-1,Layer_6,3
TTCCGCAGAGAAATAT-1,Layer_3,1
TTCCGCGTGAGGCGAT-1,Layer_6,3
TTCCGGCCTTGAGGCT-1,WM,6
TTCCGGCTCGACTTCT-1,Layer_1,7
TTCCGGTATCTGTGTC-1,Layer_2,1
TTCCGGTTACCCACTT-1,Layer_5,4
TTCCTCGAGGGTGTCT-1,Layer_5,4
TTCCTCGGACTAACCA-1,Layer_5,4
TTCCTCTGCCCGAATA-1,Layer_5,4
TTCCTTTCTGTGTTGC-1,Layer_1,7
TTCGACAGAGCCCGTG-1,Layer_6,3
TTCGACGGGAAGGGCG-1,Layer_5,4
TTCGCACTCGCGTGCT-1,Layer_5,4
TTCGCACTGTACGACA-1,Layer_6,3
TTCGCATCCGGAAGCA-1,Layer_1,7
TTCGCCGCTCGCGCTA-1,WM,6
TTCGCGCGCCATACGA-1,WM,2
TTCGCTAGGAAGTTGT-1,Layer_2,1
TTCGCTATCTGACGTG-1,Layer_3,1
TTCGGACTGATGCCTT-1,Layer_2,1
TTCGGACTGGGCATGG-1,WM,6
TTCGGCAACCCGCTGA-1,Layer_3,5
TTCGGCTAGAGATGGT-1,Layer_3,1
TTCGGGACTAATCGCG-1,Layer_6,3
TTCGGGCGCTAGTCTT-1,WM,6
TTCGGTACTGTAGAGG-1,Layer_6,3
TTCGTAATCCCAGCGG-1,Layer_3,5
TTCGTACTCCAGAACG-1,Layer_5,4
TTCGTTCAACGAAGTT-1,Layer_3,1
TTCTAACCGAAGCTTA-1,Layer_5,4
TTCTACCTCAATCGGT-1,WM,6
TTCTACCTTTATGTTG-1,Layer_3,1
TTCTACTTGCGAGGGC-1,Layer_3,5
TTCTAGAAAGTCTTAT-1,WM,2
TTCTAGGCCAATTGTG-1,Layer_4,4
TTCTATTAAACGCAGC-1,Layer_6,3
TTCTCTTACAGGTGAT-1,WM,6
TTCTGACCGGGCTCAA-1,Layer_5,4
TTCTGCCGCGCCTAGA-1,Layer_6,3
TTCTGCGAGCGCCCTT-1,Layer_5,4
TTCTGCGGGTTAGCGG-1,Layer_5,4
TTCTGCTAGACTCCAA-1,Layer_3,1
TTCTTAGTGAACGGTG-1,Layer_3,5
TTCTTAGTGGCTCAGA-1,Layer_4,4
TTCTTATCCGCTGGGT-1,Layer_3,5
TTCTTCCCTTTGATAT-1,Layer_3,1
TTCTTCGCAATAGAGC-1,Layer_2,1
TTCTTGAGCCGCGCTA-1,WM,6
TTCTTGCTAGCATCTC-1,Layer_3,1
TTCTTGGACGATCTGC-1,WM,6
TTCTTGGAGTAATGAG-1,Layer_5,4
TTCTTGTAACCTAATG-1,Layer_4,5
TTCTTTGGTCGCGACG-1,Layer_3,1
TTGAAAGGTGTAAAGG-1,Layer_3,1
TTGAACGAATCCTTTG-1,Layer_3,1
TTGAACGACGTGCTGA-1,Layer_3,5
TTGAAGAATTCCCAGG-1,Layer_6,3
TTGAAGGATGGGCGCC-1,WM,6
TTGAATATGGACTTTC-1,Layer_6,4
TTGAATCGTTGTATAA-1,Layer_6,2
TTGAATTCACGTGAGG-1,Layer_3,5
TTGACAGGAGCTCCCG-1,Layer_3,5
TTGACATGAACGTGGA-1,Layer_6,2
TTGACCAGGAACAACT-1,Layer_5,4
TTGACCATGTTCTCCG-1,Layer_5,4
TTGACCGTGTTAATGA-1,WM,6
TTGACGATTCAGCACG-1,Layer_3,1
TTGACGCTCCATGAGC-1,Layer_3,5
TTGACTACCATATGGT-1,WM,2
TTGACTATTGTCCGGC-1,Layer_3,1
TTGAGAAGTTTAGCAT-1,Layer_4,5
TTGAGAGTACTGCTAA-1,WM,2
TTGAGCAGCCCACGGT-1,Layer_2,1
TTGAGCGCCACGTGAT-1,Layer_2,1
TTGAGGCATTTAACTC-1,Layer_3,1
TTGATCTAACTTTGTC-1,Layer_5,3
TTGATGTGTAGTCCCG-1,Layer_4,5
TTGATTAGCTGTTTCT-1,WM,6
TTGATTATGCAGATGA-1,Layer_5,4
TTGCAAGAAGACTCCT-1,Layer_6,3
TTGCACAATTCAGAAA-1,Layer_6,3
TTGCACGGAGCAGCAC-1,Layer_5,4
TTGCATGCTGATCACG-1,Layer_6,3
TTGCCAAGCAGAACCC-1,Layer_2,1
TTGCCATAGCCCGCTC-1,WM,6
TTGCCCTGATCACGGG-1,Layer_5,3
TTGCCGCAGACCTACA-1,WM,6
TTGCCGCTTTCTAGTA-1,Layer_5,4
TTGCCGGTGATCCCTC-1,Layer_3,1
TTGCCTAATCCAAAGT-1,WM,6
TTGCGGCATCAGAAAG-1,WM,6
TTGCGGCGACTCATGC-1,Layer_2,1
TTGCGTAGTTTGAGGA-1,Layer_3,5
TTGCGTCGGCCAACCG-1,WM,6
TTGCGTGAACGCTTAG-1,Layer_3,5
TTGCTAGCTACCAATC-1,Layer_1,7
TTGCTCCCATACCGGA-1,Layer_5,4
TTGCTGAAGGAACCAC-1,Layer_5,4
TTGCTGATCATGTTCG-1,Layer_6,3
TTGCTGCACCTATCCA-1,Layer_3,5
TTGCTGGCCGGGCTTC-1,Layer_3,5
TTGGAAGAATACAGTC-1,WM,6
TTGGACATGTGGCTTA-1,Layer_6,3
TTGGACCATCTGGCAA-1,Layer_3,1
TTGGACCTATAACAGT-1,Layer_4,5
TTGGAGTCTCCCTTCT-1,Layer_2,7
TTGGATATCGTCTACG-1,WM,2
TTGGATCGACTTCTGG-1,Layer_3,5
TTGGATTGGGTACCAC-1,Layer_4,5
TTGGCCATCTTGCGCT-1,Layer_3,1
TTGGCCTAGAATTTCG-1,Layer_3,5
TTGGCTCGCATGAGAC-1,Layer_4,5
TTGGGAAGACGAGCCG-1,Layer_6,3
TTGGGACACTGCCCGC-1,Layer_6,3
TTGGGACGTAAGAGTT-1,Layer_3,1
TTGGGCGGCGGTTGCC-1,Layer_5,4
TTGGTCACACTCGTAA-1,WM,2
TTGGTTGCGGTGCGCG-1,WM,6
TTGTAAGGACCTAAGT-1,WM,2
TTGTAAGGCCAGTTGG-1,Layer_5,4
TTGTAATCCGTACTCG-1,Layer_6,3
TTGTATCACACAGAAT-1,Layer_3,5
TTGTCGTTCAGTTACC-1,Layer_5,4
TTGTGAACCTAATCCG-1,Layer_4,5
TTGTGAGGCATGACGC-1,Layer_5,3
TTGTGCAGCCACGTCA-1,Layer_5,4
TTGTGGCCCTGACAGT-1,Layer_5,4
TTGTGGTAGGAGGGAT-1,WM,6
TTGTGGTGGTACTAAG-1,Layer_3,1
TTGTGTATGCCACCAA-1,Layer_6,3
TTGTGTTTCCCGAAAG-1,Layer_6,3
TTGTTAGCAAATTCGA-1,Layer_4,4
TTGTTCAGTGTGCTAC-1,Layer_5,4
TTGTTGTGTGTCAAGA-1,Layer_5,4
TTGTTTCACATCCAGG-1,WM,6
TTGTTTCATTAGTCTA-1,WM,6
TTGTTTCCATACAACT-1,Layer_6,2
TTGTTTGTATTACACG-1,WM,2
TTGTTTGTGTAAATTC-1,Layer_2,1
