,ground_truth,domain
AAACAAGTATCTCCCA-1,Layer_5,1
AAACACCAATAACTGC-1,Layer_6,5
AAACAGAGCGACTCCT-1,Layer_3,4
AAACAGCTTTCAGAAG-1,Layer_5,1
AAACAGGGTCTATATT-1,Layer_5,1
AAACATTTCCCGGATT-1,Layer_6,5
AAACCACTACACAGAT-1,Layer_3,4
AAACCCGAACGAAATC-1,Layer_4,2
AAACCGGAAATGTTAA-1,Layer_5,1
AAACCGGGTAGGTACC-1,Layer_6,5
AAACCGTTCGTCCAGG-1,Layer_6,5
AAACCTAAGCAGCCGG-1,WM,3
AAACCTCATGAAGTTG-1,Layer_5,1
AAACGAAGAACATACC-1,Layer_3,2
AAACGACAGTCTTGCC-1,Layer_3,4
AAACGAGACGGTTGAT-1,Layer_4,1
AAACGCCCGAGATCGG-1,Layer_3,4
AAACGGGCGTACGGGT-1,Layer_6,3
AAACGGTTGCGAACTG-1,WM,3
AAACGTGTTCGCCCTA-1,Layer_3,4
AAACTAACGTGGCGAC-1,Layer_3,4
AAACTCGGTTCGCAAT-1,WM,3
AAACTCGTGATATAAG-1,Layer_3,4
AAACTGCTGGCTCCAA-1,Layer_6,5
AAACTTAATTGCACGC-1,Layer_6,5
AAACTTGCAAACGTAT-1,Layer_6,1
AAAGACATGAAGTTTA-1,Layer_3,2
AAAGACCCAAGTCGCG-1,Layer_3,2
AAAGACTGGGCGCTTT-1,Layer_5,1
AAAGCTTGCCTACATA-1,Layer_3,4
AAAGGCCCTATAATAC-1,Layer_6,5
AAAGGCTACGGACCAT-1,WM,3
AAAGGCTCTCGCGCCG-1,WM,3
AAAGGGATGTAGCAAG-1,Layer_3,2
AAAGGGCAGCTTGAAT-1,Layer_5,1
AAAGGTAAGCTGTACC-1,Layer_3,4
AAAGGTCAACGACATG-1,Layer_3,4
AAAGTAGCATTGCTCA-1,Layer_6,5
AAAGTCACTGATGTAA-1,Layer_3,2
AAAGTCGACCCTCAGT-1,Layer_5,1
AAAGTGTGATTTATCT-1,Layer_5,1
AAAGTTGACTCCCGTA-1,Layer_4,1
AAATAACCATACGGGA-1,Layer_3,2
AAATAAGGTAGTGCCC-1,Layer_3,4
AAATACCTATAAGCAT-1,Layer_6,5
AAATAGCTTAGACTTT-1,Layer_3,4
AAATAGGGTGCTATTG-1,Layer_6,5
AAATCCGATACACGCC-1,WM,3
AAATCGTGTACCACAA-1,Layer_6,5
AAATCTAGCCCTGCTA-1,Layer_6,5
AAATGATTCGATCAGC-1,Layer_3,4
AAATGCTCGTTACGTT-1,Layer_3,2
AAATGGCATGTCTTGT-1,Layer_3,2
AAATGGCCCGTGCCCT-1,Layer_6,5
AAATGGTCAATGTGCC-1,Layer_5,1
AAATGTGGGTGCTCCT-1,Layer_3,2
AAATTAACGGGTAGCT-1,Layer_5,1
AAATTACACGACTCTG-1,Layer_3,2
AAATTACCTATCGATG-1,Layer_3,2
AAATTCCAGGTCCAAA-1,Layer_3,4
AAATTGATAGTCCTTT-1,Layer_6,5
AAATTGGTGAGAAGCA-1,Layer_3,4
AAATTTACCGAAATCC-1,Layer_3,2
AAATTTGCGGGTGTGG-1,Layer_6,5
AACAACTGGTAGTTGC-1,Layer_5,1
AACAATACATTGTCGA-1,WM,3
AACAATTACTCTACGC-1,Layer_5,1
AACACACGCTCGCCGC-1,Layer_6,5
AACACGACTGTACTGA-1,Layer_3,2
AACACGAGACGCGGCC-1,Layer_6,5
AACACGCGGCCGCGAA-1,Layer_3,2
AACAGCTGTGTGGCAA-1,Layer_6,3
AACAGGAAATCGAATA-1,Layer_3,2
AACAGGATGGGCCGCG-1,Layer_5,1
AACAGGTAGTATGGAT-1,Layer_5,1
AACATATCAACTGGTG-1,Layer_3,4
AACATCGATACGTCTA-1,Layer_3,4
AACATTGAAGTTGATC-1,Layer_6,5
AACATTGTGACTCGAG-1,WM,3
AACCAAGACTTCTCTG-1,Layer_5,1
AACCAGTATCACTCTT-1,Layer_3,2
AACCATAGGGTTGAAC-1,Layer_6,5
AACCATGGGATCGCTA-1,Layer_3,2
AACCCAGAGACGGAGA-1,Layer_3,2
AACCCATCCCATGATC-1,Layer_6,5
AACCCGACAACCCGTG-1,WM,3
AACCCGAGCAGAATCG-1,Layer_6,5
AACCCGATAGGGCTTC-1,Layer_3,4
AACCCTACTGTCAATA-1,Layer_4,2
AACCCTGGTGGAACCA-1,Layer_3,2
AACCGAGCTTGGTCAT-1,Layer_3,2
AACCGCTAAGGGATGC-1,Layer_5,1
AACCGTTGTGTTTGCT-1,Layer_3,2
AACCTAAAGCCGTCCG-1,Layer_3,4
AACCTCGCTTTAGCCC-1,WM,3
AACCTGTCACGGAATT-1,Layer_3,4
AACCTTTAAATACGGT-1,Layer_6,3
AACCTTTACGACGTCT-1,Layer_3,4
AACGAAAGTCGTCCCA-1,Layer_6,5
AACGATAATGCCGTAG-1,Layer_6,3
AACGATAGAAGGGCCG-1,Layer_3,2
AACGATATGTCAACTG-1,Layer_3,2
AACGCATGATCTGGGT-1,Layer_3,4
AACGCGAACGGCAACA-1,Layer_3,2
AACGCGACCTTGGGCG-1,WM,3
AACGCGGTCTCCAGCC-1,Layer_3,2
AACGCTGTTGCTGAAA-1,Layer_6,5
AACGGACGTACGTATA-1,Layer_6,5
AACGGCCATCTCCGGT-1,Layer_6,5
AACGTACTGTGGGTAC-1,Layer_6,5
AACGTCAGACTAGTGG-1,Layer_5,1
AACGTGATGAAGGACA-1,Layer_3,2
AACGTGCGAAAGTCTC-1,Layer_5,1
AACGTTATCAGCACCT-1,Layer_3,2
AACTACCCGTTTGTCA-1,Layer_4,1
AACTAGCGTATCGCAC-1,Layer_3,2
AACTAGGCTTGGGTGT-1,WM,3
AACTCAAGTTAATTGC-1,Layer_5,1
AACTCCAGAGCGTGTT-1,Layer_6,3
AACTCCTAATCCCATG-1,Layer_3,4
AACTCGATGGCGCAGT-1,Layer_3,2
AACTCTCAATAGAGCG-1,Layer_3,2
AACTCTCAGTGTGCTC-1,Layer_6,3
AACTGAGGTCAGCGTC-1,Layer_3,4
AACTGATATTAGGCCT-1,Layer_3,2
AACTGGGTCCCGACGT-1,Layer_3,2
AACTGGGTTCGAGCCG-1,Layer_3,2
AACTGGTGTGGGCCTT-1,Layer_3,2
AACTTCTGCGTCTATC-1,Layer_3,2
AACTTGCCCGTATGCA-1,Layer_5,1
AACTTGCGTTCTCGCG-1,Layer_3,2
AACTTTACGGGAGCTT-1,Layer_4,2
AACTTTAGCTGCTGAG-1,Layer_3,2
AACTTTCTCGATCATG-1,Layer_3,4
AAGAAATCACCAGATT-1,Layer_3,4
AAGAAGGATCAGTTAG-1,Layer_3,2
AAGACCCAACTGAACA-1,WM,3
AAGACTCACGCCCACT-1,Layer_3,2
AAGACTGCAAGCTACT-1,Layer_5,1
AAGAGATGAATCGGTA-1,Layer_5,1
AAGAGCTCTTTATCGG-1,Layer_4,1
AAGAGGATGTACGCGA-1,Layer_5,1
AAGAGGCATGGATCGC-1,Layer_4,1
AAGAGGCCCTTTGGAA-1,Layer_6,5
AAGATGGCACCGGACC-1,WM,3
AAGATTGGCGGAACGT-1,Layer_3,2
AAGCACCCTGCGTATC-1,WM,3
AAGCATACTCTCCTGA-1,Layer_6,3
AAGCCGAAGCGGTTTA-1,Layer_5,1
AAGCCGCCGTGAAATC-1,Layer_6,5
AAGCCGCTTTACCTTG-1,Layer_3,4
AAGCGCAGGGCTTTGA-1,WM,3
AAGCGGAGTGCGCGCA-1,Layer_3,4
AAGCGGCGTCATGGGT-1,Layer_3,4
AAGCGTCCCTCATCGA-1,Layer_6,3
AAGCTAGATCGAGTAA-1,Layer_6,5
AAGCTCGTGCCAAGTC-1,Layer_5,1
AAGCTCTTTCATGGTG-1,Layer_6,3
AAGGAGAACTTATAAG-1,Layer_3,2
AAGGAGCGGTTGGTGC-1,Layer_5,1
AAGGATCGATCGCTTG-1,Layer_3,4
AAGGATGAGGGACCTC-1,Layer_3,2
AAGGCAGGCTGTCTCC-1,Layer_3,2
AAGGCGCGTAAAGCTT-1,Layer_5,1
AAGGCTGTGCTCATCG-1,Layer_5,1
AAGGGAACGACTGGCT-1,Layer_6,5
AAGGGACAGATTCTGT-1,Layer_3,2
AAGGGACTATGCATTC-1,Layer_6,5
AAGGTATCCTAATATA-1,Layer_3,2
AAGGTGATAAACCAGC-1,Layer_5,1
AAGTAGAAGACCGGGT-1,Layer_3,2
AAGTAGTGACGCGAGG-1,Layer_5,1
AAGTCAATTGTCGTCA-1,Layer_5,1
AAGTCTAGTAGCTGCC-1,Layer_3,4
AAGTGACGACCGAATT-1,Layer_5,1
AAGTGAGTCGGGTTTA-1,WM,3
AAGTGCAAAGGTAGAC-1,Layer_4,2
AAGTGCCTTGACTGTA-1,Layer_4,1
AAGTGCGTTAGAATCT-1,Layer_6,5
AAGTGCTTCTCTATTG-1,WM,3
AAGTGTTTGGAGACGG-1,Layer_6,5
AAGTTCACTCCAAGCT-1,Layer_6,3
AAGTTCAGTCTGCGTA-1,Layer_3,4
AAGTTCGGCCAACAGG-1,Layer_6,5
AAGTTGTGATGTTATA-1,Layer_6,5
AAGTTTACTAATGGCA-1,Layer_3,2
AAGTTTATGGGCCCAA-1,WM,3
AATAACAACGCTCGGC-1,Layer_5,1
AATAACACTAGAACAA-1,Layer_6,5
AATAAGTCCTCGAGAC-1,Layer_3,2
AATAATCTTCGTATCG-1,Layer_5,1
AATACAATGTTTCAGG-1,Layer_4,2
AATACCGGAGGGCTGT-1,WM,3
AATAGAACAGAGTGGC-1,Layer_6,3
AATAGAATCTGTTTCA-1,Layer_6,5
AATAGCAAGCCTCCTG-1,Layer_3,4
AATAGCTACCGCGTGC-1,Layer_3,4
AATAGTCCGTCCCGAC-1,WM,3
AATAGTCGCGAGTCGG-1,Layer_3,2
AATATCAAGGTCGGAT-1,Layer_3,2
AATATCGAATCAATGC-1,Layer_5,1
AATATCGAGGGTTCTC-1,Layer_3,4
AATATTGGAGTATTGA-1,Layer_5,1
AATCAGGTTTCATTTA-1,WM,3
AATCATGTAAAGACTC-1,Layer_6,5
AATCCAAGGGCCTGAG-1,Layer_3,2
AATCCATGCAAGGGTG-1,Layer_3,2
AATCGCCTCAGCGCCA-1,Layer_5,1
AATCGCGCAGAGGACT-1,Layer_3,2
AATCGGGACACTACGA-1,Layer_3,2
AATCGTGAGCCGAGCA-1,WM,3
AATCTAGGTTTACTTG-1,Layer_6,5
AATCTATGCCGGAGCC-1,Layer_3,4
AATCTCTACTGTGGTT-1,Layer_5,1
AATCTGCGTTGGGACG-1,Layer_3,2
AATCTGGCTTTCTAGT-1,Layer_6,5
AATCTGGGTAGACCCT-1,Layer_3,2
AATGACAGCAATGTCT-1,Layer_6,5
AATGACGTAGGATGTC-1,Layer_5,1
AATGACTGTCAGCCGG-1,Layer_4,1
AATGAGTTCGCATATG-1,Layer_3,2
AATGATGATACGCTAT-1,Layer_3,2
AATGATGCGACTCCTG-1,Layer_3,4
AATGCAACCGGGTACC-1,Layer_4,2
AATGCACCAAGCAATG-1,Layer_3,4
AATGGCCGCCAATGCG-1,Layer_3,4
AATGGTCCACCGTTCA-1,Layer_5,1
AATGGTTCTCACAAGC-1,Layer_4,2
AATGTGCCCGAGGTGT-1,Layer_6,5
AATGTGCTAATCTGAG-1,WM,3
AATTAAAGGTCGGCGT-1,Layer_6,5
AATTAACGGATTTCCA-1,WM,3
AATTAGCGCTGCAGCG-1,Layer_6,3
AATTCATAAGGGATCT-1,Layer_3,2
AATTCATTGTCATGCA-1,Layer_6,5
AATTCCAAGCATGTAC-1,WM,3
AATTCGATTCGAGGAT-1,WM,3
AATTCTAGAGTTAGGC-1,Layer_6,5
AATTGAACGCTCTGGT-1,Layer_5,1
AATTGCAGCAATCGAC-1,Layer_6,5
AATTTGGGACATAGTA-1,Layer_3,2
AATTTGGTTCCAAAGA-1,Layer_3,2
ACAAACCATGCGTCCT-1,Layer_6,5
ACAAACCGACAAGGCG-1,Layer_3,4
ACAAAGCATGACCTAG-1,Layer_6,5
ACAAATCGCACCGAAT-1,Layer_6,5
ACAAATGGTAGTGTTT-1,Layer_5,1
ACAAATTCAGATCTGA-1,Layer_3,4
ACAACAGCATGAGCTA-1,Layer_4,1
ACAACGGTCCCTGCGA-1,Layer_4,2
ACAAGCAGTGCCTAGC-1,Layer_5,1
ACAAGGAAATCCGCCC-1,Layer_6,5
ACAAGGACAAGAGGTT-1,Layer_5,1
ACAAGGATGCTTTAGG-1,Layer_6,3
ACAAGGCCTACCAGCC-1,Layer_3,4
ACAAGGGCAGGCTCTG-1,Layer_5,5
ACAATAGTCGTACGTT-1,Layer_5,1
ACAATCCATTTAAACC-1,Layer_5,1
ACAATCGATCTTTATA-1,Layer_3,2
ACAATGAATACGGAGA-1,Layer_6,5
ACAATGATTCTTCTAC-1,Layer_3,4
ACAATTGTGTCTCTTT-1,Layer_6,5
ACAATTTAGGAGGCTC-1,Layer_4,2
ACAATTTGAGCAGTGG-1,Layer_3,2
ACAATTTGGCCATATT-1,Layer_3,2
ACACAAAGACGGGTGG-1,Layer_4,1
ACACAAATATTCCTAG-1,Layer_3,4
ACACACCAGGACCAGT-1,Layer_5,1
ACACACTTTCTACACG-1,Layer_3,2
ACACATGATCAAATCT-1,Layer_6,5
ACACCACATAATTAGC-1,Layer_3,4
ACACCCAGCATGCAGC-1,Layer_4,1
ACACCCGAGAAATCCG-1,Layer_4,2
ACACCGGTCTGACCGC-1,Layer_6,5
ACACCTTAAGTAGGGC-1,Layer_5,1
ACACCTTACTACTTGC-1,Layer_3,2
ACACGAGACTCCTTCT-1,Layer_4,1
ACACGGCACTATGCAT-1,Layer_3,2
ACACGGGAACTTAGGG-1,Layer_3,2
ACACGTAGGCCACAAG-1,Layer_6,5
ACACTCCAATGTCACT-1,Layer_3,2
ACACTGATCAAGGTGT-1,Layer_6,3
ACACTGGGACAGTCGT-1,Layer_6,5
ACAGAACTGAGAACAA-1,Layer_6,5
ACAGATTAGGTTAGTG-1,Layer_3,2
ACAGCATAGAGCCAGT-1,Layer_3,2
ACAGCGACATTCTCAT-1,Layer_6,5
ACAGCGCACCCGCAGC-1,Layer_3,2
ACAGGCTTGCCCGACT-1,Layer_6,5
ACAGGTGGAGGTGAGG-1,Layer_6,5
ACAGTAATACAACTTG-1,Layer_5,1
ACAGTGCAGCGCATTT-1,Layer_3,4
ACATAAGTCGTGGTGA-1,Layer_6,5
ACATAATAAGGCGGTG-1,Layer_3,2
ACATCAGCTGGGACGC-1,Layer_5,1
ACATCCCGGCCATACG-1,WM,3
ACATCCTGGTAACTGT-1,Layer_4,2
ACATCGATCGTTTACC-1,Layer_6,5
ACATCGGTCAGCCGCG-1,Layer_6,5
ACATCGTATGCAATGG-1,Layer_5,1
ACATCGTTAACCTAGT-1,Layer_3,2
ACATCTCAACGCGTAA-1,Layer_3,2
ACATGGCGCCAAAGTA-1,Layer_4,2
ACATTAGTTTATATCC-1,Layer_6,3
ACCAAACACCCAGCGA-1,Layer_3,4
ACCAAACTAGAAATCC-1,Layer_3,2
ACCAACACCACACACT-1,Layer_3,4
ACCAACCGCACTCCAC-1,Layer_6,3
ACCAACGCTTATTTAT-1,WM,3
ACCAAGAACGCGTGTC-1,Layer_3,2
ACCAATATGCAAGTTA-1,Layer_6,3
ACCACAACTCAGAACA-1,Layer_3,2
ACCACAAGTTTCTATC-1,Layer_5,1
ACCACCAATGTAACAA-1,Layer_4,2
ACCACCCTCTCTTCTA-1,Layer_3,4
ACCACGTGCAGCTATA-1,Layer_6,5
ACCAGCCCGGTCTTTG-1,Layer_3,2
ACCAGGAGTGTGATCT-1,Layer_3,2
ACCAGTGCCCGGTCAA-1,Layer_3,4
ACCAGTGCGGGAGACG-1,Layer_5,1
ACCATATCCGCAATAA-1,Layer_5,1
ACCATCCGCCAACTAG-1,Layer_5,1
ACCATCGTATATGGTA-1,Layer_6,5
ACCCAACGCCCGTGGC-1,Layer_3,2
ACCCACCTACATGCTC-1,Layer_5,1
ACCCATCTTGAGGGTA-1,Layer_5,1
ACCCATTTGTCCCTCT-1,Layer_6,5
ACCCGAGCGAAATTAC-1,Layer_6,3
ACCCGATTGGTTCCGA-1,WM,3
ACCCGGAAACTCCCAG-1,WM,3
ACCCGGATGACGCATC-1,Layer_3,2
ACCCGGTTACACTTCC-1,Layer_6,5
ACCCGTGTCATCAGTA-1,WM,3
ACCCTATAGGACTGAG-1,Layer_3,2
ACCCTATGCCATATCG-1,WM,3
ACCCTCCCTTGCTATT-1,Layer_6,5
ACCCTGGTAACGCCCT-1,Layer_3,4
ACCCTTCATCTGCGAA-1,Layer_3,2
ACCCTTGCCTGGGTCG-1,Layer_3,4
ACCCTTTAGTTCTCCA-1,Layer_3,2
ACCGAAAGGGCCCTGC-1,Layer_3,2
ACCGAAGAGTCTGGTT-1,Layer_6,5
ACCGACACATCTCCCA-1,WM,3
ACCGACTGAGTCCCAC-1,Layer_4,2
ACCGATAGGCATAACC-1,Layer_6,5
ACCGATATTTAATCAT-1,Layer_5,1
ACCGATGGTAGCATCG-1,Layer_4,2
ACCGCAATAACTGCCT-1,Layer_6,5
ACCGCGGTGGAAGTCG-1,Layer_4,1
ACCGGGCCTTTGTTGA-1,Layer_5,1
ACCGGTCAGGTACACC-1,Layer_6,5
ACCGGTCTGAGTACGG-1,Layer_3,4
ACCGTGACCACGTGGG-1,WM,3
ACCGTTCCCGCTCTGA-1,Layer_3,2
ACCTAAGTACCTTTCA-1,Layer_6,5
ACCTAATCGACTTCCT-1,Layer_5,1
ACCTACAGTATGTGGT-1,Layer_3,2
ACCTACTATAAATCTA-1,WM,3
ACCTCCGCCCTCGCTG-1,Layer_6,5
ACCTCCGTTATTCACC-1,Layer_3,4
ACCTCGAACTTATGCT-1,Layer_6,5
ACCTGCGTGTCATGTT-1,Layer_6,5
ACGAAATGGGCGGCAC-1,Layer_5,1
ACGACTGGTCATACTC-1,WM,3
ACGAGAACCCATCACG-1,Layer_3,2
ACGAGATATTTGCTTA-1,Layer_3,2
ACGAGGATACCACTCT-1,Layer_6,5
ACGAGGTTTACAACGT-1,Layer_6,5
ACGAGTACGGATGCCC-1,Layer_3,4
ACGATACATAGAACTA-1,Layer_3,2
ACGATCATACATAGAG-1,Layer_3,2
ACGATCATCTTGTAAA-1,Layer_3,4
ACGATGCATATGTTAT-1,Layer_5,1
ACGATGGATCCGATGC-1,Layer_3,2
ACGCAAACTAATAGAT-1,WM,3
ACGCAATCACTACAGC-1,Layer_3,4
ACGCATAAATGACATG-1,Layer_3,4
ACGCATACGTTTACTA-1,Layer_6,5
ACGCATTCGTGAGTAC-1,Layer_5,1
ACGCCAGATGATTTCT-1,Layer_3,2
ACGCCCAGCTGTCGAT-1,Layer_3,2
ACGCCGCTAGACGACC-1,Layer_5,5
ACGCGAAGTCAGACGA-1,Layer_6,5
ACGCGCTACACAGGGT-1,Layer_6,5
ACGCGGGCCAAGGACA-1,Layer_5,1
ACGCGTTTCTTAAGAG-1,Layer_4,2
ACGCTAGTGATACACT-1,Layer_3,4
ACGCTGTGAGGCGTAG-1,Layer_5,1
ACGCTTAGTGTCTCTC-1,Layer_3,2
ACGGAATTTAGCAAAT-1,Layer_3,2
ACGGACTCTCAAAGCG-1,WM,3
ACGGAGCGCAAATTAC-1,Layer_3,4
ACGGATGGTGCGGATA-1,Layer_6,3
ACGGCACTTGCTTGGG-1,Layer_6,3
ACGGCCAACATGGACT-1,WM,3
ACGGCGACGATGGGAA-1,Layer_6,5
ACGGCGGGTTGCCCTG-1,Layer_3,2
ACGGCTGGATGTAGAA-1,Layer_6,5
ACGGGAGTGTCGGCCC-1,Layer_6,5
ACGGGCGTATGCGACA-1,Layer_3,4
ACGGGTCATGTGACTT-1,Layer_3,2
ACGTACAGATTTCTCT-1,Layer_3,2
ACGTAGATTGCTGATG-1,Layer_4,1
ACGTATTACTCCGATC-1,Layer_4,2
ACGTGCGCCTCGTGCA-1,Layer_3,2
ACGTGGTCGAATGTGC-1,Layer_3,2
ACGTTAATGTCGAAGA-1,Layer_5,1
ACGTTAGATTTGCCCG-1,Layer_5,1
ACGTTATTGGTCACTC-1,Layer_3,2
ACGTTCCGCGCTCCGT-1,Layer_3,2
ACGTTCGCAATCAATT-1,Layer_3,4
ACGTTCGTTCAGGAAA-1,WM,3
ACGTTCTGTACAAGTC-1,Layer_6,3
ACGTTTAGTTGTGATC-1,Layer_3,2
ACTAAGGACGCACACC-1,Layer_3,4
ACTAATACGTCAGGCG-1,Layer_3,4
ACTACATCCCGACAAG-1,Layer_6,5
ACTACCAGCTCTCTGG-1,Layer_5,1
ACTACGCGTTAGAATT-1,WM,3
ACTAGTTGCGATCGTC-1,Layer_5,1
ACTATATGCTGTGTTC-1,Layer_3,4
ACTATCCAGGGCATGG-1,Layer_3,4
ACTATCTGCCCGCGTA-1,Layer_5,5
ACTATGTCCAGCTGCC-1,Layer_6,5
ACTATTCGTCCGTGGT-1,Layer_3,2
ACTATTTCCGGGCCCA-1,WM,3
ACTCAACGAATGTATT-1,Layer_3,2
ACTCAAGTGCAAGGCT-1,Layer_6,3
ACTCAATAAAGGCACG-1,Layer_3,2
ACTCAGACCTGCTTCT-1,Layer_3,2
ACTCATGGCAGCCTTC-1,Layer_6,5
ACTCCAATATCATCAT-1,Layer_6,3
ACTCCCATTCCTAAAG-1,Layer_6,5
ACTCCCGAATTCGTTT-1,Layer_3,4
ACTCCCTAATGCTAAA-1,WM,3
ACTCCCTAGAATAGTA-1,Layer_6,5
ACTCGATGTATTTCAT-1,Layer_3,2
ACTCGTAACCCGTCCT-1,Layer_6,5
ACTCGTCAGTAATCCC-1,Layer_4,1
ACTCTCTGACTTAGGT-1,Layer_5,1
ACTCTCTTATACACGA-1,Layer_3,2
ACTCTTCAGCTCCCGC-1,Layer_3,4
ACTCTTGTATAGTAAC-1,Layer_5,1
ACTGAAACGCCGTTAG-1,Layer_6,5
ACTGAATGGCGAAAGT-1,Layer_5,5
ACTGATTTAGTGATTC-1,Layer_3,2
ACTGCCGTCGTAACTC-1,Layer_3,2
ACTGCGGACACACCGT-1,Layer_3,4
ACTGCTCGGAAGGATG-1,Layer_6,1
ACTGGCGAACCTGCGT-1,Layer_3,4
ACTGTACGATACACAT-1,Layer_3,2
ACTGTAGCACTTTGGA-1,Layer_5,1
ACTGTATACGCGAGCA-1,Layer_3,2
ACTGTCCAGGATTATA-1,Layer_5,1
ACTGTCTTCTTTAGAA-1,Layer_4,1
ACTGTGCTAGTAGATC-1,Layer_3,2
ACTGTTTAGTGTAGGC-1,Layer_3,2
ACTTACCGGGCGCGCA-1,Layer_3,4
ACTTACGCATCCACGC-1,Layer_6,3
ACTTAGTACGACAAGA-1,Layer_3,2
ACTTATACTTACCCGG-1,Layer_4,2
ACTTATTAGGATCGGT-1,Layer_5,1
ACTTATTTATGTGCCA-1,Layer_5,1
ACTTCAGGCTGATCCC-1,Layer_6,5
ACTTCCATGCGGGACA-1,Layer_6,3
ACTTCGCCATACGCAC-1,Layer_3,2
ACTTGACTCCCTCTTT-1,Layer_5,1
ACTTGCCATATTGTAC-1,Layer_3,2
ACTTGGGACCCGGTGG-1,Layer_5,1
ACTTGTAGTCCCTTCA-1,Layer_5,1
ACTTGTGGATGGAACG-1,Layer_5,1
ACTTTACCCTCATGAA-1,Layer_3,4
ACTTTCCTATAGCTTC-1,Layer_4,1
ACTTTGACTGCATCCT-1,Layer_5,1
ACTTTGGTCGTGCTCC-1,Layer_6,5
ACTTTGTCGACGCACT-1,Layer_5,1
AGAAATTATGACTCGC-1,Layer_5,5
AGAACCCAGCGTGACA-1,Layer_3,2
AGAACCCTCAATTGGG-1,Layer_6,5
AGAACGTGGTACATTC-1,Layer_3,2
AGAAGAGCGCCGTTCC-1,Layer_4,1
AGAAGGTACACTTCAC-1,Layer_6,5
AGAAGGTTGCCGAATT-1,Layer_6,5
AGAAGGTTGTAGGTCG-1,WM,3
AGAAGTGATTCGTGAT-1,Layer_6,5
AGAATAAATCTTCAGG-1,Layer_5,1
AGAATGCGGGTTCGGA-1,Layer_3,4
AGAATTATGGATTCGA-1,Layer_3,2
AGAATTGTTTGACATA-1,Layer_3,2
AGACAGCTCAGAATCC-1,Layer_3,2
AGACAGGCATCTCAGC-1,Layer_5,1
AGACATAGATCCTTCC-1,Layer_3,2
AGACCAAACCACACCT-1,Layer_5,1
AGACCATGGGATACAA-1,Layer_4,2
AGACCCACCGCTGATC-1,Layer_6,5
AGACCCGCCCTCCTCG-1,Layer_4,1
AGACCGCTCCGCGGTT-1,Layer_5,1
AGACCGGGAAACCCTG-1,Layer_5,1
AGACGAAGTGCCGGTC-1,Layer_5,1
AGACGACGATGCCGCT-1,Layer_6,5
AGACGCCCACTTCGCC-1,Layer_6,5
AGACGGGATTGGTATA-1,Layer_3,4
AGACGGGCCGATTTAA-1,Layer_3,4
AGACTAGCCTTCCAGA-1,Layer_5,1
AGACTGTTACCGGGTC-1,WM,3
AGAGAAACACCAGAAA-1,WM,3
AGAGAACCGTCTAGGA-1,Layer_3,2
AGAGAAGGAGTACAAT-1,Layer_6,3
AGAGATCTCTAAAGCG-1,Layer_5,1
AGAGCAGTTATGAGAC-1,Layer_5,1
AGAGCCGCCGAGATTT-1,Layer_6,5
AGAGCGCTTGTAACGG-1,Layer_3,4
AGAGCGGGCTAATCAT-1,Layer_3,2
AGAGCGTACAAGCTCG-1,Layer_5,1
AGAGCTACGAAAGCAT-1,Layer_3,2
AGAGGCTTCGGAAACC-1,Layer_5,5
AGAGGGACAATTGTCC-1,Layer_3,4
AGAGGTATCTCGGTCC-1,Layer_3,2
AGAGTAAACTTCACTA-1,Layer_5,1
AGAGTATAGTGTTACG-1,Layer_3,4
AGAGTGAACAGACACC-1,Layer_3,4
AGAGTTAGAGACCGAT-1,Layer_3,4
AGAGTTGCAGGCCTCC-1,Layer_3,4
AGATAACTTCAGGGCC-1,Layer_5,1
AGATACCAATAGAACC-1,Layer_6,5
AGATACCAGCACTTCA-1,Layer_3,4
AGATACCGGTGTTCAC-1,Layer_6,1
AGATACGACTTCATAT-1,Layer_3,2
AGATACTCAAGATCGA-1,Layer_5,5
AGATATAATACGACTA-1,WM,3
AGATCGTGCATAAGAT-1,Layer_3,4
AGATCTCAGGTGTGAT-1,Layer_3,2
AGATGACTCGCCCACG-1,Layer_3,2
AGATGAGGGTTGCGAT-1,Layer_3,4
AGATGATGGAGTCTGG-1,Layer_3,4
AGATGCAAGACGTGCA-1,Layer_6,5
AGATTATAGGACGTTT-1,Layer_5,1
AGATTCAAGCGGGTCG-1,Layer_3,4
AGATTCACAACCGATA-1,Layer_6,5
AGCAAAGGCCGCTAGT-1,WM,3
AGCAACATATCTTATT-1,Layer_5,1
AGCAACCGAAAGTAAT-1,Layer_6,5
AGCACACGTTTAGACT-1,Layer_6,5
AGCACCAGTACTCACG-1,Layer_3,2
AGCACTACCGGCCTGT-1,Layer_5,1
AGCACTACCTCACCAG-1,Layer_6,5
AGCACTTAAGGACGCC-1,Layer_5,1
AGCAGAAGGAGAAAGA-1,WM,3
AGCAGCCAGATGAATA-1,WM,3
AGCATATCAATATGCT-1,Layer_6,5
AGCATCATTTCGAAAG-1,Layer_6,5
AGCATCGTCGATAATT-1,Layer_3,2
AGCCAAGCTTTGTGTC-1,WM,3
AGCCACAGGTTACCCG-1,Layer_6,3
AGCCACTCCCGTGCTT-1,Layer_3,2
AGCCCATACATGTAAG-1,Layer_6,5
AGCCCGCAACAAGCAG-1,WM,3
AGCCCGGCATTAGAGG-1,Layer_6,5
AGCCCGGTAGCCTGTA-1,WM,3
AGCCCTAAGCGAAGTT-1,Layer_3,2
AGCCCTCCCTGGTGGC-1,Layer_6,3
AGCCCTGTCGCACCGT-1,Layer_3,4
AGCCCTTCTAATCCGA-1,Layer_3,4
AGCCCTTGGACATCCC-1,Layer_5,5
AGCCGTGGCTAAATGT-1,Layer_6,5
AGCCTAATACCCACGT-1,Layer_6,5
AGCCTTAAAGCGGAAG-1,Layer_3,2
AGCGACAGGAACGGTC-1,Layer_6,5
AGCGACATCCCATTCA-1,Layer_3,2
AGCGACCAACGATATT-1,Layer_4,1
AGCGAGACGTGAAGGC-1,Layer_6,5
AGCGATGCGCCTAATA-1,Layer_6,5
AGCGCATAATGAATCG-1,WM,3
AGCGCGGGTGCCAATG-1,Layer_3,2
AGCGCTAGAGCGATGT-1,Layer_3,4
AGCGCTTATGGGCAAG-1,Layer_3,4
AGCGGACACTTCGTAG-1,WM,3
AGCGGCGGTTAGCGGT-1,Layer_6,1
AGCGGGAAGGGTCCAT-1,Layer_3,2
AGCGGGTCTGACACTC-1,WM,3
AGCGGTTGAGATGTAC-1,Layer_3,2
AGCGGTTGCCGCTCTG-1,Layer_3,4
AGCGTACGAGAGCTAG-1,Layer_3,2
AGCGTGGTATTCTACT-1,Layer_6,5
AGCGTTCCGATTTAAA-1,Layer_3,2
AGCTAACAAGCAATGT-1,WM,3
AGCTAAGTACGCAGGC-1,WM,3
AGCTAGAAGCAGAAGT-1,Layer_3,4
AGCTATTTAATCCAAC-1,Layer_3,2
AGCTCCATATATGTTC-1,Layer_6,5
AGCTCCTTCGCACATC-1,Layer_6,5
AGCTCGTTGATGGAAA-1,Layer_3,4
AGCTCTAGACGTTCCA-1,Layer_5,1
AGCTCTTCCCAGTGCA-1,Layer_3,4
AGCTCTTCGTAACCTT-1,Layer_3,4
AGCTCTTTACTCAGTT-1,Layer_6,5
AGCTGAAGTAAACCAA-1,Layer_3,2
AGCTGCATTTGAGGTG-1,Layer_3,4
AGCTGCTGTGCCGAAT-1,Layer_3,4
AGCTGTAACCTCAATC-1,Layer_6,5
AGCTTATAGAGACCTG-1,Layer_3,2
AGCTTGATCTTAACTT-1,Layer_5,1
AGGAACGAACGACTTC-1,Layer_6,5
AGGAAGCTGTCCGCCG-1,WM,3
AGGACAGTCGAATCCC-1,Layer_5,1
AGGACATCGCACGTCG-1,Layer_3,2
AGGACGACCCATTAGA-1,Layer_6,5
AGGACGCTCGATGTTG-1,Layer_3,4
AGGAGACATCCACAGT-1,Layer_3,4
AGGAGGCCTTCGCGCG-1,Layer_6,5
AGGATAAAGTCGGGAT-1,Layer_6,3
AGGATATAGGGATTTA-1,Layer_5,1
AGGATCACGCGATCTG-1,Layer_6,5
AGGATTGCTTACGACA-1,Layer_3,4
AGGCACGTGACTGTCC-1,Layer_6,5
AGGCAGATGCGTAAAC-1,Layer_3,2
AGGCAGGGAGCGTACT-1,WM,3
AGGCATTGTCGTAGGG-1,Layer_5,1
AGGCCACCCGTTATGA-1,Layer_5,1
AGGCCCATTGTACAGG-1,Layer_3,2
AGGCCCTAGAACGCCA-1,Layer_6,5
AGGCCTGAGAATCTCG-1,Layer_6,3
AGGCGATAACTGGCGT-1,Layer_5,1
AGGCGGTTTGTCCCGC-1,Layer_6,5
AGGCGTCTATGGACGG-1,Layer_3,4
AGGCTATGGTTAGCTT-1,Layer_5,1
AGGCTTCCCGAAGAAG-1,Layer_6,5
AGGCTTGCTAGACACC-1,Layer_4,2
AGGGAAACGAGGTACT-1,Layer_3,2
AGGGACCGGCTGCGTT-1,Layer_3,4
AGGGACTCTACGCGAC-1,WM,3
AGGGAGACATACTTCG-1,Layer_3,4
AGGGCAGCGGCGTGGT-1,Layer_3,2
AGGGCGAGCAGCTGAT-1,Layer_6,5
AGGGCGTGATCGGCTA-1,Layer_3,2
AGGGCTGCAGTTACAG-1,Layer_5,1
AGGGTCAGAGCACTCG-1,WM,3
AGGGTCAGTAACCCTA-1,Layer_3,4
AGGGTCGATGCGAACT-1,Layer_3,2
AGGGTGCCGTTCTTTA-1,WM,3
AGGGTGCTCTCGAGGG-1,Layer_3,2
AGGGTGGATAGTGCAT-1,Layer_4,2
AGGGTGTGCTACACGC-1,Layer_3,4
AGGGTTCAGACGGTCC-1,WM,3
AGGGTTCCCTTTGGTT-1,Layer_3,2
AGGGTTTAGTTCGGGA-1,Layer_5,1
AGGTAACCTCCTATTC-1,Layer_3,2
AGGTACGATATTGCCA-1,Layer_3,2
AGGTAGATCGAGATAT-1,WM,3
AGGTAGGTACAAAGCT-1,Layer_5,1
AGGTATAATTGATAGT-1,Layer_3,4
AGGTATGCGGACATTA-1,Layer_3,4
AGGTCAGGTGAGAGTG-1,Layer_6,5
AGGTCGCCTCCCAACA-1,Layer_6,5
AGGTCGCGGAGTTACT-1,Layer_3,4
AGGTGGTGACCTTCGC-1,WM,3
AGGTGTATCGCCATGA-1,Layer_5,1
AGGTTACACCATGCCG-1,Layer_4,2
AGGTTGAGGCACGCTT-1,Layer_3,2
AGGTTTCACACACCTT-1,Layer_5,1
AGTAACGTTCATCCTG-1,Layer_3,2
AGTAATGTCTTGCCGC-1,Layer_3,2
AGTACATCATTTATCA-1,Layer_3,4
AGTACCTTCGAGTGCT-1,Layer_3,4
AGTACGGCCCGTATCG-1,Layer_5,1
AGTACGGGCACCTGGC-1,Layer_3,2
AGTACGTGGCCTGTCT-1,Layer_3,2
AGTACTCTTATGCCCA-1,Layer_6,5
AGTAGCGTGAACGAAC-1,Layer_3,2
AGTAGCTAGACGCCGA-1,Layer_3,4
AGTAGGAAGGAAGTTG-1,Layer_3,4
AGTAGGTAACATACAT-1,Layer_3,2
AGTATAATACTAGGCA-1,Layer_5,1
AGTATACACAGCGACA-1,WM,3
AGTATGCTGGAGACCA-1,Layer_6,5
AGTATTTGGCACGACC-1,WM,3
AGTCAAATGATGTGAT-1,WM,3
AGTCAACACCACCATC-1,Layer_6,5
AGTCAAGATGACACTT-1,Layer_5,5
AGTCACTAGCTCTCGA-1,Layer_6,5
AGTCACTCCGCCTCAT-1,Layer_3,2
AGTCAGCCACCGCCTG-1,Layer_3,2
AGTCCATTGGCTGATG-1,Layer_4,2
AGTCCCGCCTTTAATT-1,Layer_3,4
AGTCGACGGTCTCAAG-1,Layer_4,1
AGTCGGCCCAAACGAC-1,Layer_5,1
AGTCGGCTCAACTTTA-1,Layer_6,5
AGTCGGTTGCGTGAGA-1,Layer_3,4
AGTCGTATAAAGCAGA-1,WM,3
AGTCGTCGACCACCAA-1,Layer_6,5
AGTCGTGGGCATTACG-1,Layer_6,5
AGTCTAAAGTATACTC-1,Layer_3,4
AGTCTCACAAGACTAC-1,Layer_6,5
AGTCTGGACATCCTTG-1,Layer_3,2
AGTCTTCTCCTCAAAT-1,Layer_3,2
AGTCTTTAAAGTGTCC-1,WM,3
AGTGAACAAACTTCTC-1,Layer_4,1
AGTGACCTACTTTACG-1,Layer_6,5
AGTGACTGTGACACAA-1,Layer_6,5
AGTGAGACTTCCAGTA-1,Layer_4,2
AGTGAGCCTCGCCGCC-1,Layer_3,4
AGTGAGGGTTTCTGAC-1,Layer_3,2
AGTGATAACCTGCGCG-1,Layer_6,3
AGTGATATGAGTAGTT-1,Layer_6,5
AGTGATTCAAGCAGGA-1,Layer_3,2
AGTGCACGCTTAAGAA-1,Layer_6,5
AGTGCGTAGCTCGTAA-1,Layer_6,5
AGTGCTAAACACAGCA-1,Layer_6,3
AGTGCTTGCACGAATA-1,Layer_5,1
AGTGGCGGCAATTTGA-1,Layer_3,2
AGTGGCGTCTGAAGGT-1,Layer_6,3
AGTGGCTCCGTCGGCC-1,Layer_5,1
AGTGGTGTTACCCGTG-1,Layer_5,1
AGTGTATTGCGCATTG-1,Layer_3,4
AGTGTGCTAAGATCGC-1,Layer_3,2
AGTGTGGTCTATTGTG-1,Layer_4,2
AGTTAAACACTTGCGA-1,Layer_6,1
AGTTAAGCGGTCCCGG-1,Layer_3,2
AGTTAAGTCAACCGCT-1,Layer_6,5
AGTTACCCTTAAGACT-1,Layer_3,2
AGTTACCGCACATGGT-1,Layer_4,2
AGTTACTCTATCGTGG-1,Layer_3,4
AGTTATTGAAAGGTAA-1,Layer_3,2
AGTTCACCGGTTGGAC-1,Layer_3,2
AGTTCCTACAGAATTA-1,Layer_5,1
AGTTCCTATTTATGTT-1,Layer_6,5
AGTTCTGCGTTGTATC-1,Layer_3,2
AGTTGACATCGGCTGG-1,Layer_3,2
AGTTGACGGTCCTTGC-1,WM,3
AGTTGCTGACTGATAT-1,Layer_3,2
AGTTTATGTAAAGACA-1,Layer_3,4
AGTTTCGCAGGTCGGA-1,Layer_3,2
AGTTTGCACCTGCCTC-1,WM,3
AGTTTGGCACGGGTTG-1,Layer_5,1
AGTTTGGCCAGACCTA-1,Layer_6,5
ATAAACGGACCCGTAA-1,Layer_6,5
ATAAACGTTGCACCAC-1,Layer_6,5
ATAAAGGCTCGGTCGT-1,Layer_5,1
ATAAAGGTCAAGTACG-1,Layer_3,2
ATAAATATTAGCAGCT-1,Layer_5,1
ATAACGCCGGAGGGTC-1,Layer_4,1
ATAACGGAGTCCAACG-1,Layer_3,2
ATAACGTTACCTCCAC-1,Layer_3,4
ATAAGCAAACACCGAG-1,Layer_3,4
ATAAGGTGGAGAACAT-1,Layer_6,5
ATAAGTACCCGATTGT-1,Layer_3,4
ATAAGTAGGATTCAGA-1,Layer_3,4
ATAAGTAGGGCGACTC-1,Layer_3,4
ATAAGTTACCGCGACG-1,Layer_6,5
ATAATACCGTTAGCCG-1,Layer_3,2
ATAATAGCTGTTGAAT-1,Layer_6,5
ATAATAGTGTAGGGAC-1,Layer_3,2
ATAATCTTGGAGAACC-1,WM,3
ATAATTAGCTAAGTAG-1,WM,3
ATACAGGCCCTCCAAT-1,WM,3
ATACCACGGGCAACTT-1,Layer_5,1
ATACCAGCAAATTGCT-1,Layer_3,2
ATACCAGGCTAATAGA-1,Layer_3,2
ATACCAGGTGAGCGAT-1,Layer_3,2
ATACCGTCATCCATAA-1,Layer_3,4
ATACCTAACCAAGAAA-1,WM,3
ATACGAAGGCTTTCCA-1,Layer_3,4
ATACGACAGATGGGTA-1,Layer_3,4
ATACGCCGGCGAAACC-1,Layer_5,1
ATACGGAACGTCGTTT-1,Layer_6,5
ATACGGGTTTCGATTG-1,Layer_3,2
ATACGGTGAAGATGCA-1,Layer_5,1
ATACGTACTTAGCCAC-1,Layer_6,3
ATACGTCCACTCCTGT-1,Layer_5,1
ATACGTTATGCACGGA-1,WM,3
ATACTACCCGTACCAC-1,Layer_6,5
ATACTAGCATGACCCT-1,Layer_3,2
ATACTCTCGCCACTCT-1,Layer_3,2
ATACTGCCTTACACCG-1,Layer_6,3
ATACTTGTTCTCGAGC-1,Layer_4,2
ATAGACAACGGGACCT-1,Layer_3,2
ATAGACGAAGAGAAAG-1,Layer_5,1
ATAGAGTACTGGGACA-1,Layer_5,1
ATAGAGTTATCAACTT-1,Layer_3,2
ATAGCAACTAGGGAAG-1,Layer_6,5
ATAGCCTCAGTACCCA-1,Layer_3,2
ATAGCTGCTCTTGTTA-1,Layer_3,2
ATAGGAATCTAAGCTT-1,Layer_3,4
ATAGGCGGCTATAGAA-1,Layer_6,5
ATAGGCTAGCTTCGCA-1,Layer_3,4
ATAGGGATATCCTTGA-1,Layer_3,2
ATAGGTTGGGCAGATG-1,Layer_4,1
ATAGTCTTTGACGTGC-1,Layer_3,2
ATAGTGAAGCGTTCTC-1,Layer_6,5
ATAGTTCCACCCACTC-1,Layer_3,2
ATATAAAGCGCTCGTG-1,WM,3
ATATAAATGTAGCTGC-1,Layer_6,3
ATATAACACGGGCGCA-1,Layer_6,3
ATATACGCTCGTGACG-1,Layer_6,5
ATATAGAGTATTGGTC-1,Layer_6,5
ATATCAACCTACAGAG-1,Layer_3,4
ATATCGGTAGGGAGAT-1,Layer_3,4
ATATCGTGCCAGACCC-1,Layer_3,2
ATATCGTTCCTCGAAC-1,Layer_6,5
ATATCTCCCTCGTTAA-1,Layer_3,2
ATATCTTAGGGCCTTC-1,Layer_5,1
ATATGTCTCCCTAGCC-1,Layer_3,2
ATATGTGCACAAACCA-1,Layer_3,4
ATATTCAGTTAAACCT-1,Layer_6,5
ATATTCCACATAGTGA-1,Layer_6,5
ATATTCCCACAGGTCA-1,Layer_3,2
ATATTGCTGTCAAAGT-1,Layer_3,2
ATATTGGAGAGGCCTT-1,Layer_6,5
ATATTTAACCCTCAAG-1,Layer_5,1
ATCAAACACTGTTCCA-1,Layer_5,1
ATCAAACGAAGGTTTG-1,Layer_6,5
ATCAATCTGGGCTGCA-1,Layer_5,1
ATCAATGCCGTGGCTG-1,Layer_6,5
ATCACATTAGAATATC-1,Layer_3,2
ATCACGTGCTAATTAA-1,Layer_6,5
ATCACTTCATCCTCGC-1,Layer_3,2
ATCAGACGGCACGCCG-1,Layer_6,5
ATCAGCCTCATGCTGC-1,Layer_6,3
ATCAGCTCGTCCACTA-1,Layer_6,5
ATCAGGTCGCCATTGC-1,Layer_3,4
ATCAGTAGGCAGGGAT-1,Layer_3,2
ATCATAGCCCTATGTA-1,Layer_6,5
ATCATCCAATATTTGT-1,Layer_5,1
ATCATCTGCCCAGTGT-1,Layer_3,2
ATCCAACGCAGTCATA-1,Layer_5,1
ATCCAATGGAGGGTCC-1,Layer_6,5
ATCCACATCGACAGAA-1,WM,3
ATCCACGCTAAATGTT-1,Layer_3,2
ATCCACTTTCAGACTA-1,Layer_3,4
ATCCAGAGCAACAACC-1,Layer_6,3
ATCCAGGATTCGTGAA-1,Layer_6,1
ATCCCATCCACAGCGC-1,Layer_6,5
ATCCTACCTAAGCTCT-1,Layer_6,5
ATCCTGAATCGCTGCG-1,Layer_5,1
ATCCTGCGTGGAATGG-1,Layer_6,5
ATCCTGCTGCAGATAG-1,Layer_3,2
ATCGACCCAATACAGA-1,Layer_6,5
ATCGACTCTTTCCGTT-1,Layer_3,2
ATCGCACGCCGGGAGA-1,Layer_4,1
ATCGCCAGTCAACATT-1,Layer_4,1
ATCGCTGCGTGCAGCA-1,Layer_3,4
ATCGCTTTACGTCTCA-1,Layer_3,4
ATCGGAGACAGACGGC-1,Layer_6,5
ATCGGCAAGCAGTCCA-1,Layer_3,4
ATCGGTTACCTAGTAA-1,Layer_5,1
ATCGTGGAAAGTCTGG-1,Layer_6,5
ATCGTTAGCTAGCGGA-1,Layer_6,5
ATCGTTCACTTTCGCC-1,Layer_3,4
ATCTAATATCCTACGG-1,WM,3
ATCTAGCTTGTGAGGG-1,WM,3
ATCTCATAAACCTACC-1,Layer_3,4
ATCTCCCACGGAATAT-1,Layer_6,5
ATCTCCCTGCAATCTA-1,Layer_3,2
ATCTCGTGAGCGAAAC-1,Layer_4,1
ATCTGACATGGAAGGA-1,WM,3
ATCTGATAGTGTCTTA-1,Layer_3,2
ATCTGCACCTCTGCGA-1,Layer_3,4
ATCTGCTGTTATCGCC-1,WM,3
ATCTGGGCTGTTCTTG-1,WM,3
ATCTGGTTAAGACTGT-1,Layer_3,2
ATCTGTAATTGTACCC-1,Layer_3,2
ATCTTATCGCACACCC-1,Layer_6,5
ATCTTGACCTGCAACG-1,Layer_5,1
ATCTTGACTTGTCCAA-1,Layer_3,4
ATCTTTCGTATAACCA-1,Layer_3,4
ATGAAGCCAAGGAGCC-1,Layer_4,1
ATGACGCCGGCTCTAA-1,Layer_3,2
ATGACGCGTTCTATCC-1,Layer_6,5
ATGACTATCAGCTGTG-1,WM,3
ATGACTATGCGACATT-1,Layer_5,5
ATGAGGAGTGTTAATC-1,Layer_5,1
ATGAGGGCAGCGGCTA-1,Layer_3,2
ATGATCGGGAATAGAC-1,Layer_3,2
ATGATGCAATGGTACA-1,Layer_6,5
ATGCACCTTCCTTAAT-1,Layer_3,2
ATGCACGCGCTGTTCA-1,Layer_6,5
ATGCACTACCGCATTG-1,Layer_5,1
ATGCATGATCCAGGAT-1,Layer_3,2
ATGCATTCCGTGATGG-1,Layer_3,2
ATGCCAATCGCTCTGC-1,Layer_3,4
ATGCCATTTGCGACCA-1,Layer_5,1
ATGCCGGTCTTGCATA-1,Layer_4,2
ATGCCGGTTGATGGGA-1,Layer_3,2
ATGCGACAATTGGTCC-1,Layer_3,4
ATGCGACAGTCCCATT-1,Layer_5,1
ATGCGAGTCCCACCAC-1,Layer_5,1
ATGCTCAGTGTTGCAT-1,Layer_4,2
ATGCTCTGGCGCGGTA-1,WM,3
ATGCTTAGGAGTTGAT-1,Layer_6,5
ATGGAAATTTAAGGAG-1,Layer_5,1
ATGGAACAGAATAAAC-1,Layer_3,4
ATGGAACCTTTGCACA-1,Layer_3,4
ATGGAGCAGGCCGTGA-1,Layer_5,1
ATGGATCCGGCGTCCG-1,Layer_3,2
ATGGATTGACCAAACG-1,Layer_4,1
ATGGCAGCATTACGAT-1,Layer_6,5
ATGGCAGCCGAGAAAC-1,Layer_4,1
ATGGCTGGAAATGGCC-1,Layer_3,4
ATGGGAACGGAAGCGG-1,Layer_3,2
ATGGGACCTGCTGAAC-1,Layer_6,3
ATGGGCCTCGGCCTCT-1,Layer_5,1
ATGGGTGTATACCTCC-1,Layer_6,5
ATGGTCGCGTGGTTTC-1,Layer_5,1
ATGGTGCTCAAAGCCA-1,Layer_3,2
ATGGTTACGAAACATG-1,Layer_3,4
ATGTAAGGCTGCTCTT-1,Layer_3,4
ATGTACATGCGGTGAG-1,Layer_6,5
ATGTACGATGACGTCG-1,WM,3
ATGTAGCGCGCGTAGG-1,WM,3
ATGTGAAAGCCTAATG-1,Layer_6,5
ATGTGCATCCGACGCA-1,Layer_3,2
ATGTGGACATCTTGAT-1,Layer_6,5
ATGTGTAGTTTAGTCA-1,Layer_3,2
ATGTTACGAGCAATAC-1,Layer_3,2
ATGTTCCTGCCCACCT-1,Layer_3,2
ATGTTCGTCGACCCAC-1,Layer_5,1
ATGTTGATTAGAGACT-1,Layer_6,3
ATGTTGTAGTCTGTTT-1,WM,3
ATGTTTGTAAGATCAT-1,Layer_3,4
ATTAAACATGCGGACC-1,Layer_6,5
ATTAATACTACGCGGG-1,Layer_3,2
ATTAATGAACCAGTCG-1,Layer_3,2
ATTAATTCGGTCACTC-1,Layer_3,2
ATTACAACTACCGGCC-1,Layer_3,2
ATTACATGTCAGTCTT-1,Layer_5,1
ATTACCACACTGCCTG-1,Layer_4,1
ATTACGCGCTGGCAGG-1,Layer_6,1
ATTACTAGCCTCTTGC-1,Layer_3,2
ATTACTTACTGGGCAT-1,Layer_3,4
ATTAGATTCCTCAGCA-1,Layer_3,4
ATTAGATTGATAGCGG-1,Layer_3,2
ATTAGGCGATGCTTTC-1,Layer_5,1
ATTATACTTTGCTCGT-1,Layer_3,2
ATTATAGCTACTTTAC-1,Layer_3,4
ATTATCGGAATGTACG-1,WM,3
ATTATCTCGACAGATC-1,Layer_3,2
ATTATGAGACCCAATT-1,Layer_6,5
ATTATGCCATAGGGAG-1,Layer_3,2
ATTATGCTCAGTATTG-1,Layer_3,4
ATTATTATGTCCGTCA-1,WM,3
ATTATTCAGAGTCACT-1,Layer_6,3
ATTCAACCATTTAAGG-1,Layer_6,5
ATTCACTGATGTTGGA-1,WM,3
ATTCAGATGAATCCCT-1,Layer_3,4
ATTCAGGACCTATTTC-1,Layer_3,4
ATTCAGGATCGCCTCT-1,Layer_3,2
ATTCAGTAGCAGGGTC-1,Layer_5,1
ATTCATATACTGTCCA-1,Layer_6,5
ATTCATCGTTGAGGCA-1,Layer_6,3
ATTCCCACATAAACAA-1,Layer_5,1
ATTCCTAAGACGTGGA-1,Layer_3,4
ATTCCTCCGCCAGTGC-1,Layer_4,1
ATTCCTTCCAGGCGGT-1,Layer_3,2
ATTCGACGCCGGGCCT-1,Layer_5,1
ATTCGCAGAGGACACT-1,Layer_3,4
ATTCGCGCCTTGAGAG-1,Layer_6,5
ATTCGTGCTATCTCTT-1,Layer_4,2
ATTCTCGTCTCTTTAG-1,Layer_3,2
ATTCTGAGTATGAACT-1,Layer_3,2
ATTCTTCGTACTTATG-1,Layer_3,2
ATTGAAGATCTTAGTG-1,Layer_5,1
ATTGACCGGCGATGAC-1,Layer_3,4
ATTGACGTAACTCGGT-1,Layer_3,2
ATTGATAGCAACGAGA-1,Layer_3,2
ATTGATCACCACATTT-1,Layer_5,1
ATTGATGAGTCCTAAC-1,Layer_3,2
ATTGCCTATTAGACCG-1,Layer_6,5
ATTGCCTTTATGTTTG-1,WM,3
ATTGCGATCAGTAACT-1,Layer_5,5
ATTGCTGCTCCTCCAT-1,Layer_5,1
ATTGGATTACAGCGTA-1,Layer_6,5
ATTGGGAATATCTTGG-1,Layer_3,2
ATTGGGAGTTCTGTAA-1,Layer_3,4
ATTGTACAACTCGGCT-1,Layer_3,4
ATTGTCGCAATACCTT-1,Layer_3,2
ATTGTGACTTCGCTGC-1,Layer_3,4
ATTGTTCAACGATCCG-1,Layer_5,1
ATTTAACTCGTATTAC-1,Layer_3,2
ATTTACAGTTTACTGG-1,Layer_5,1
ATTTACTAAGTCCATT-1,Layer_3,4
ATTTCATTATTTCGCG-1,Layer_3,2
ATTTCCGGGTTCTGCG-1,Layer_6,3
ATTTGCGCGAGTAGCT-1,Layer_6,5
ATTTGTCTTGGGAGCT-1,Layer_5,1
ATTTGTTCCAGGGCTC-1,Layer_3,2
CAAACGAGTATCGCAG-1,Layer_6,5
CAAACGGTCGCACTTT-1,Layer_5,1
CAAACGTGGTCTTGCG-1,Layer_3,2
CAAACTACGATAGAGA-1,Layer_3,2
CAAACTATTGAGCTTC-1,Layer_3,2
CAAACTCGCGACGCCG-1,Layer_4,1
CAAAGATTATTGGGCC-1,Layer_6,5
CAAAGGTCATCTGAAA-1,Layer_4,2
CAAAGGTTAAATTCAG-1,Layer_3,4
CAAATCTCTCACAAGG-1,Layer_6,5
CAAATGTCCTTCCGTG-1,Layer_6,5
CAAATTGGATTATGCC-1,Layer_3,4
CAAATTGTCAGCAAGC-1,Layer_3,2
CAACACATCTCCTGCC-1,Layer_3,4
CAACAGAATAACGCTA-1,Layer_3,2
CAACCAGTGGCCTACC-1,Layer_6,5
CAACCTACCGAGCAGT-1,Layer_6,5
CAACCTGAACCTGCCA-1,Layer_3,4
CAACGACCCGTTTACA-1,Layer_3,2
CAACGGTTCTTGATAC-1,Layer_3,2
CAACGTGGTGGAGTCT-1,Layer_5,5
CAACTATATCGAATGC-1,Layer_3,2
CAACTCCAACGTTTAG-1,Layer_3,2
CAACTCCGTAACTTGC-1,Layer_3,4
CAACTCCTTGATCCCG-1,Layer_3,2
CAACTGAGGGTATGAC-1,Layer_3,4
CAACTGCTCATCCGAT-1,WM,3
CAACTTGTAGTGGGCA-1,Layer_3,2
CAAGAAACCCTAAACT-1,Layer_3,4
CAAGAGGGCGGAGTAC-1,Layer_6,5
CAAGATATTATAACGT-1,Layer_5,1
CAAGCAACGTCGGAGT-1,Layer_5,1
CAAGCACCAAATGCCT-1,Layer_3,2
CAAGCGGCACATAATT-1,Layer_6,3
CAAGGATCGCATGTTC-1,Layer_5,1
CAAGGCCAGTGGTGCA-1,Layer_6,3
CAAGGTCCTATAGGCT-1,Layer_3,4
CAAGTAAGTGATAGAC-1,WM,3
CAAGTGAACTTTGGTT-1,Layer_3,2
CAAGTGTGGTTGCAAA-1,Layer_4,1
CAATAAACCTTGGCCC-1,Layer_3,2
CAATACGAGAGTCTGA-1,Layer_4,2
CAATACGCTCTGAGGC-1,Layer_5,1
CAATATGTAGATTTAC-1,Layer_3,4
CAATATTCTTGACCTA-1,Layer_6,3
CAATCCATTATCCGTT-1,Layer_3,2
CAATCCCTATACCAGC-1,Layer_3,2
CAATCCTGCCGTGGAG-1,Layer_3,2
CAATGAGGTTCGACTA-1,Layer_3,4
CAATGCGAGAAGTATC-1,Layer_6,3
CAATGGAATCTACATA-1,Layer_3,2
CAATGGATCTCTACCA-1,Layer_3,2
CAATGGTCGGCCTGGG-1,Layer_3,2
CAATGTGCCAACCCTT-1,Layer_3,4
CAATTAAGGGTGATGA-1,Layer_4,1
CAATTTCGTATAAGGG-1,Layer_5,1
CACAAGAAAGATATTA-1,Layer_3,4
CACAAGCTAAGAAAGG-1,Layer_6,5
CACAATGAGCTGCTAT-1,Layer_6,5
CACACACGCTAACGAG-1,Layer_6,5
CACACAGCTTGCGCTC-1,Layer_4,1
CACACAGGGATAGATT-1,Layer_5,1
CACACGCGCTGTCTTA-1,Layer_3,2
CACACGTTTCAATGGG-1,Layer_3,2
CACACTTGTATTGCGA-1,Layer_3,4
CACAGAGACGAGGACG-1,Layer_6,5
CACAGCACCCACGGCA-1,Layer_5,1
CACAGCTAGGGAGTGA-1,Layer_3,2
CACAGGGCCATATAGT-1,Layer_6,5
CACAGGGCCGTTGTCA-1,WM,3
CACAGTCCCGCTTCGC-1,Layer_6,5
CACAGTTCGCTTCCCA-1,Layer_5,5
CACATATTAGCAGGAT-1,Layer_6,5
CACATCGTGCACGCGC-1,WM,3
CACATCTCACCGACGA-1,WM,3
CACATGATTCAGCAAC-1,Layer_5,1
CACATGTTTGGACATG-1,Layer_3,2
CACATTCTTTCGATGG-1,Layer_3,4
CACATTTCTTGTCAGA-1,Layer_4,1
CACCACGCCACACAGA-1,Layer_5,1
CACCAGTCAGCATGCA-1,Layer_6,5
CACCATCGGAGGAGAC-1,Layer_3,2
CACCATGATCGCAAAG-1,Layer_3,4
CACCCAAATCTTATGT-1,Layer_3,4
CACCCACACGTCACCC-1,Layer_3,2
CACCCACGAGGCAATT-1,Layer_3,2
CACCCGGTTTGTGACT-1,Layer_6,5
CACCCTAACAAGATCT-1,Layer_6,3
CACCCTTGGTGAGACC-1,Layer_6,5
CACCCTTTCCTCGCTC-1,Layer_3,2
CACCGATACACCGAGC-1,Layer_3,2
CACCGCCAGAAGGTTT-1,Layer_4,1
CACCGCCGACCAGCGA-1,Layer_3,2
CACCGCGTCCACTCTA-1,Layer_3,4
CACCGGAGATATCTCC-1,Layer_3,2
CACCGGTAGAGACATT-1,Layer_6,5
CACCGTATCCCATCCG-1,Layer_5,5
CACCGTTAGGGATCAC-1,Layer_6,5
CACCGTTGCGCGATAT-1,Layer_6,5
CACCTAATAGAGTCGT-1,Layer_3,2
CACCTAATCAGTTTAC-1,Layer_3,2
CACCTCGATGGTGGAC-1,Layer_3,2
CACCTCTACGAGTGTG-1,Layer_3,4
CACCTTGCGAAACTCG-1,Layer_3,2
CACCTTGGCGCCTTTG-1,Layer_4,1
CACGAAAGTTAGTCCC-1,Layer_5,1
CACGACCACAGACTTT-1,Layer_3,2
CACGACGTAATAGTAA-1,Layer_3,4
CACGACTAAAGTTCTG-1,Layer_3,2
CACGCACAGCGCAGCT-1,Layer_3,2
CACGCAGCGAGGCTTT-1,Layer_5,1
CACGCGGAACTGTTGC-1,Layer_4,1
CACGGCGCGCCAAAGG-1,Layer_3,4
CACGGGATTGAGGGTT-1,Layer_4,1
CACGTCAATCAATGGA-1,Layer_6,5
CACGTCGGCAACCTCT-1,Layer_6,5
CACGTCTATGATGTGG-1,Layer_3,2
CACGTTCGTGCTCTAG-1,Layer_5,1
CACGTTTCGTACACAC-1,Layer_6,5
CACTAAAGTTGCCTAT-1,Layer_5,1
CACTACGGGAGCTGCC-1,Layer_6,5
CACTACTCAGTTCTGT-1,Layer_3,2
CACTCAAGAGCTATGG-1,Layer_5,1
CACTCAGCTCTTGAGG-1,Layer_3,2
CACTCCTATGTAAGAT-1,Layer_6,3
CACTCCTCTCGGTCGG-1,Layer_3,2
CACTCGAGCTGAACAA-1,Layer_6,5
CACTCGGTTAGGAGGA-1,Layer_5,1
CACTCTCAAGCATCGA-1,WM,3
CACTCTTCTGCTAGCC-1,Layer_6,5
CACTGACGATTGTGGA-1,WM,3
CACTGTCCAAGTGAGA-1,Layer_3,2
CACTTAATCAGACGGA-1,Layer_5,1
CACTTCGCCACAGGCT-1,Layer_4,2
CACTTCGTCTTATCTC-1,Layer_3,2
CAGAACTTAGCCCTCT-1,Layer_6,5
CAGAATAACACACGGA-1,Layer_5,5
CAGAATATTCGTTATC-1,Layer_4,1
CAGACACCGATCGCTG-1,WM,3
CAGACCTGTAAGTGTT-1,Layer_3,2
CAGACGAACCTGATAC-1,Layer_6,3
CAGAGACGGTCACCCA-1,Layer_6,3
CAGAGCATGAGCTTGC-1,Layer_3,2
CAGAGGCGATGCATGA-1,WM,3
CAGAGTGATTTAACGT-1,Layer_3,2
CAGATAATGGGCGGGT-1,Layer_6,5
CAGATACTAACATAGT-1,Layer_5,1
CAGATATGAAGATGAC-1,Layer_6,5
CAGATCATTTAAAGTC-1,Layer_3,4
CAGATCCTGGTTTGAA-1,Layer_6,5
CAGCAGCCCGTTCCTT-1,Layer_3,2
CAGCAGTCCAGACTAT-1,Layer_5,1
CAGCAGTCTGTGCTGC-1,WM,3
CAGCCCTCACAGGCAG-1,Layer_3,2
CAGCCGGGCCCTCTAT-1,Layer_3,2
CAGCCTCCTGCAGAGG-1,Layer_3,2
CAGCCTCTCCTCAAGA-1,Layer_3,4
CAGCGATTCCCTTCAA-1,Layer_6,3
CAGCTCACTGAGACAT-1,Layer_5,1
CAGCTCGACAAGTTAA-1,Layer_3,2
CAGCTCGTGCTTGTGT-1,Layer_3,2
CAGCTGGCGTAACCGT-1,Layer_6,5
CAGCTTAGTAGGTAGC-1,Layer_5,1
CAGGAAGACTTTATAT-1,Layer_3,2
CAGGATATATCGTTGT-1,Layer_6,5
CAGGCAGTCTTACCAG-1,WM,3
CAGGCCGTTTGGGTGT-1,Layer_5,1
CAGGCGCACGGTGGTC-1,Layer_6,5
CAGGCGCCATGCTAGG-1,Layer_6,5
CAGGTTTAGTACTACA-1,Layer_3,4
CAGTAACTATTTATTG-1,Layer_3,4
CAGTAATCCCTCCCAG-1,Layer_4,2
CAGTACATTCTCTAAA-1,Layer_3,4
CAGTACCAGTTTACGT-1,Layer_6,5
CAGTAGCCCACGCGGT-1,Layer_3,2
CAGTAGCGAGGTAGTA-1,Layer_3,2
CAGTCCAACGCCTTCT-1,Layer_3,4
CAGTCGAGGATGCAAT-1,Layer_3,4
CAGTCTCTCGGCTAAT-1,Layer_3,2
CAGTCTGTATACTGGG-1,Layer_5,5
CAGTGAATAAATGACT-1,Layer_3,2
CAGTGGTTGCACATGA-1,Layer_3,2
CAGTGTCCGCAGAATG-1,Layer_3,2
CAGTGTCGGCTGGCCC-1,Layer_6,5
CAGTTCAAATTGACAC-1,Layer_5,1
CAGTTCCGCGGGTCGA-1,Layer_5,1
CAGTTCGAGGACCCGA-1,WM,3
CATAACGGACAGTCGT-1,Layer_3,2
CATAAGAAGCTTGGCT-1,WM,3
CATAAGCTCTCCGTCT-1,Layer_5,1
CATAATGAGCGGGCGA-1,Layer_3,2
CATACAAAGCCGAACC-1,Layer_3,2
CATACACGGTTCCCAC-1,WM,3
CATACCCGTACCCAGT-1,Layer_5,1
CATACGAACTAGCTGG-1,WM,3
CATACGGCGTCTGGGC-1,Layer_5,1
CATACTATGTAATTGT-1,Layer_5,1
CATACTTAGGCAATAC-1,Layer_3,4
CATACTTCTTTCTCCG-1,WM,3
CATAGCCGCCCGGGAT-1,Layer_5,1
CATAGCGTTGCCCACC-1,WM,3
CATAGTACATTGAGAG-1,Layer_3,2
CATAGTAGCATAGTAG-1,Layer_3,2
CATAGTCAAATACATA-1,Layer_6,3
CATAGTCCACAAGAAC-1,Layer_6,5
CATATACTACTGATAA-1,Layer_3,4
CATATAGGTACAGTCA-1,Layer_6,5
CATATGTCAGGCTACG-1,Layer_6,5
CATATTATTTGCCCTA-1,Layer_3,2
CATCAAACTGGCGCCC-1,Layer_3,4
CATCAACACCTACTAA-1,Layer_3,2
CATCATCTACCCGGAC-1,Layer_3,2
CATCATTACCCTGAGG-1,Layer_6,5
CATCCAATATAGTTTG-1,Layer_6,5
CATCCGCAGGCCCGAA-1,Layer_3,2
CATCCTCTCAAAGATC-1,Layer_6,5
CATCGCCCGCGGCCAA-1,Layer_3,2
CATCGGACGGGTTAAT-1,Layer_6,5
CATCGTCCGGTTACTA-1,Layer_3,2
CATCTACCCGAGAACG-1,Layer_3,4
CATCTAGTGAAGGGAA-1,Layer_4,2
CATCTATCCCGTGTCT-1,Layer_3,4
CATCTGCAGGATCATT-1,Layer_4,2
CATCTTACACCACCTC-1,Layer_3,2
CATGAACCGACATTTG-1,Layer_3,2
CATGAACCTCTTATCA-1,Layer_3,2
CATGACTTCGCTGAAT-1,Layer_4,2
CATGAGATGCACTCTC-1,WM,3
CATGATGCACAATTCT-1,Layer_3,2
CATGATGGAAGTTAGC-1,Layer_5,1
CATGCACGTGTTACTG-1,Layer_3,2
CATGCATGGAGACCCT-1,Layer_3,2
CATGCCAACTCGCAAA-1,Layer_5,1
CATGCGACCAGTTTAA-1,Layer_3,4
CATGCGTTAGACAGAA-1,Layer_3,2
CATGCTGGCTCCAATT-1,Layer_3,2
CATGGAAATGGGACCA-1,Layer_3,4
CATGGATTGTCTTCCG-1,Layer_6,5
CATGGCAGGAAGATCG-1,Layer_3,2
CATGGGTATGCCTTAT-1,Layer_6,3
CATGGGTCGGGTGTGG-1,Layer_3,2
CATGGTAAGTAGCGTT-1,Layer_6,5
CATGGTCTAGATACCG-1,Layer_3,2
CATGTAAGAGACATTT-1,Layer_6,5
CATGTAGGAGCGCCAA-1,Layer_3,4
CATGTCTCATTTATGG-1,Layer_6,5
CATTACATAGATTGTG-1,Layer_3,4
CATTACGTCGGCCCGT-1,Layer_3,2
CATTATCCCATTAACG-1,WM,3
CATTATGCTTGTTGTG-1,Layer_4,1
CATTCACTGACAGCTA-1,Layer_3,2
CATTCCCATTCCGTCG-1,Layer_3,4
CATTCCCTAAGTACAA-1,Layer_3,2
CATTGATGAACACGCC-1,Layer_3,4
CATTGCAAAGCATAAT-1,Layer_3,2
CATTGCGAAATGGGCG-1,Layer_5,1
CATTGCGGGTCAATTC-1,Layer_3,4
CATTGTGTGCTAGATC-1,Layer_3,2
CATTTAGCGGACCATG-1,Layer_3,2
CATTTATCGTTCAAGA-1,Layer_3,2
CATTTCTAGCAGACTA-1,Layer_3,2
CATTTGAGTGGTACGT-1,Layer_6,5
CCAAACAGAACCCTCG-1,Layer_4,1
CCAAATAACAAGATTC-1,Layer_5,1
CCAACCTTATGTAACT-1,WM,3
CCAACGATGCACTGAT-1,Layer_5,1
CCAACGCTTGCCAGGG-1,Layer_3,4
CCAACTTGATAGATCC-1,Layer_4,2
CCAAGAAAGTGGGCGA-1,Layer_6,3
CCAAGACTTCTGCGAA-1,Layer_3,2
CCAAGCGTAACTCGTA-1,Layer_4,1
CCAAGGAACAGAGAGG-1,Layer_3,2
CCAAGTTTCTACAGAT-1,Layer_3,2
CCAATAGTGCCGTCGA-1,Layer_5,1
CCAATCGGTAGATCGA-1,Layer_3,2
CCAATGTCACAGCAAG-1,Layer_5,1
CCAATTACGGGTCGAG-1,Layer_3,4
CCAATTGAATGTTAAT-1,Layer_3,2
CCACAATGTACGTCTT-1,Layer_3,2
CCACACTGAGATATTA-1,Layer_5,1
CCACAGCTGAAATCAT-1,Layer_3,2
CCACAGTACCCATCCT-1,Layer_5,5
CCACATACTGCACCCA-1,Layer_5,5
CCACCAACTTTACTGT-1,Layer_6,5
CCACCCAAGGAAAGTG-1,Layer_5,1
CCACGAATTTAACCTC-1,Layer_4,2
CCACGAGAAGAGAATC-1,Layer_3,2
CCACGGAGCCATAAGA-1,Layer_6,5
CCACGGTGCCCGGTAG-1,Layer_3,4
CCACGTAAATTAGACT-1,Layer_3,4
CCACTATCCGGGTCAC-1,Layer_3,4
CCACTGGTGGCTGGTT-1,Layer_5,1
CCACTGTTTGGATTAA-1,Layer_6,5
CCAGAAAGCAACTCAT-1,Layer_6,5
CCAGAGACAAAGCCGG-1,Layer_4,2
CCAGATAGTTGAGTGA-1,Layer_3,2
CCAGATGTAAATGGGT-1,Layer_3,4
CCAGCCTGGACCAATA-1,Layer_5,1
CCAGCGGGATCACCAG-1,Layer_3,4
CCAGCTACGCCTCATA-1,Layer_3,2
CCAGCTCGAACGCATT-1,WM,3
CCAGCTGATGGTACTT-1,Layer_5,1
CCAGCTTCCGCCCGCA-1,Layer_5,1
CCAGGCTGGCGTCTGA-1,Layer_5,1
CCAGGGACGTGGCCTC-1,Layer_4,1
CCAGTAGTCTGATCCA-1,Layer_3,2
CCAGTCAAATCTCTTA-1,Layer_5,1
CCAGTCCATTATTCGA-1,Layer_3,2
CCAGTCTAGACGGCGC-1,Layer_3,2
CCAGTCTTGTCATAGA-1,WM,3
CCATAAACAACCCGAC-1,Layer_3,2
CCATACCTTTACTTGT-1,Layer_3,4
CCATAGGTTGGCGTGG-1,Layer_3,2
CCATAGTCAGTAACCC-1,Layer_3,2
CCATATGGAAACTATA-1,Layer_6,5
CCATCATAAGAACAGG-1,Layer_3,4
CCATCCATACCAAGTC-1,Layer_3,2
CCATCGCAGTTAAACT-1,Layer_6,3
CCATCTCACCAGTGAA-1,Layer_4,2
CCATCTTGTTCACAAT-1,Layer_3,2
CCATGCCCTAGATTTC-1,Layer_6,5
CCATGCCTGTTTAGTA-1,Layer_5,1
CCATGCTCTGCAGGAA-1,Layer_4,1
CCATGGCCCTTGTACC-1,Layer_5,1
CCATGTTCATCTATAT-1,Layer_6,5
CCATTAGCGATAATCC-1,Layer_5,1
CCATTCCCTGCCCACA-1,Layer_5,1
CCATTGTTTCCTCCAT-1,Layer_3,4
CCATTTCTACCTATTA-1,Layer_6,3
CCCAAACATGCTGCTC-1,Layer_3,2
CCCAACATACGTCGCG-1,Layer_6,5
CCCAACCACACTAACA-1,Layer_3,2
CCCAAGAATGCACGGT-1,Layer_3,2
CCCAAGACAGAGTATG-1,Layer_3,2
CCCAATGAGATTTGCA-1,WM,3
CCCAATTTCACAACTT-1,Layer_5,1
CCCAGAGGAGGGCGTA-1,Layer_3,4
CCCAGGTCTGAAGGCT-1,Layer_5,5
CCCAGTAAACTTGGGA-1,Layer_6,1
CCCAGTTAAGGCGCCG-1,Layer_5,1
CCCATATAGGTCGATT-1,Layer_6,5
CCCGAAGTTTCGCGAA-1,Layer_5,1
CCCGACCATAGTCCGC-1,Layer_3,2
CCCGAGTTTCTCCGTA-1,Layer_5,1
CCCGCAGCGCGAACTA-1,Layer_6,5
CCCGCAGGGCCCAAAG-1,Layer_3,2
CCCGCCATGCTCCCGT-1,Layer_3,2
CCCGCGCAATGCACCC-1,Layer_4,2
CCCGCTAGAGGGTTAA-1,Layer_3,4
CCCGGGTCGTTCAGGG-1,WM,3
CCCGGTGGAAGAACCT-1,Layer_5,1
CCCGGTGTATCGGAAT-1,Layer_6,5
CCCGTAAGTCTAGGCC-1,Layer_5,1
CCCGTAGCTGGGAAGA-1,WM,3
CCCGTCAGCGTCTGAC-1,Layer_4,1
CCCGTTTCGCAGATGT-1,Layer_5,5
CCCTAGTGTCAGGTGT-1,Layer_3,2
CCCTATGTAGAGCAGA-1,Layer_6,5
CCCTCATTCTGGAATT-1,Layer_3,2
CCCTCCTCGCTCGTAT-1,Layer_5,1
CCCTCGGGAGCCTTGT-1,Layer_3,2
CCCTGAAATGAGTTGA-1,Layer_5,1
CCCTGACTAACAAATT-1,Layer_5,1
CCCTGATGTAACTCGT-1,Layer_3,2
CCCTGCCCAATCCGCT-1,Layer_5,1
CCCTGCGCTACGCATA-1,Layer_5,1
CCCTGGTATGGGCGGC-1,Layer_3,2
CCCTTTAATGGAGTTC-1,Layer_6,5
CCCTTTGACAGGTCTT-1,Layer_6,3
CCGAAAGTGGTGAGCA-1,Layer_3,2
CCGAACACTGGGCCTC-1,Layer_5,1
CCGAACCTTCCCGGCC-1,Layer_6,5
CCGAAGTATATTGTTC-1,Layer_4,2
CCGACAAACACATGAG-1,Layer_3,2
CCGACAAAGGGAGTGC-1,Layer_5,1
CCGACAATAGGCCGCC-1,Layer_6,5
CCGACGGGCATGAGGT-1,Layer_6,5
CCGACGTAAACACAAC-1,Layer_3,4
CCGACTCGCATAGTCT-1,Layer_3,2
CCGAGAAGTCGCATAA-1,Layer_4,1
CCGAGCTGTGCTTGTC-1,Layer_3,4
CCGAGGGATGTTAGGC-1,Layer_3,2
CCGATATGACGTAAGG-1,Layer_5,1
CCGATCTCAACCTTAT-1,Layer_3,2
CCGATCTTAAGAGGCT-1,Layer_3,4
CCGATTCGAGGGACCC-1,Layer_5,1
CCGATTGGTCAATGAA-1,Layer_3,2
CCGCACAAAGACCAAC-1,Layer_5,1
CCGCACACGAACGTGT-1,Layer_4,2
CCGCACGTGACCTCGG-1,Layer_5,1
CCGCATGTGGTACGAT-1,WM,3
CCGCCACCACAATCCA-1,Layer_3,2
CCGCCGGAACTTCTCG-1,Layer_6,5
CCGCCGGTCAACACAC-1,Layer_3,2
CCGCCGTTGAGGATAA-1,Layer_4,2
CCGCCTGCGAATTGGT-1,Layer_3,4
CCGCCTTGCGATGTCG-1,Layer_5,1
CCGCGATTTGGTAGGT-1,Layer_5,1
CCGCGGAATGCGTCAC-1,Layer_6,5
CCGCGGGTACGAAGAA-1,Layer_5,1
CCGCGTAGGTAAGGGC-1,Layer_5,1
CCGCTATCAGCACCAG-1,Layer_6,5
CCGCTCTTCCGAACTA-1,Layer_6,5
CCGCTGGTGCCATTCA-1,Layer_3,2
CCGCTTACCTCACTCT-1,Layer_6,5
CCGCTTGCTGACATGG-1,Layer_3,4
CCGGAATGGTTTCAGT-1,Layer_5,1
CCGGAGCGTACTTTCT-1,WM,3
CCGGCACGACCGTTTC-1,Layer_3,4
CCGGCGCATATTGGAT-1,Layer_3,2
CCGGCGTGAGACTCTG-1,Layer_5,1
CCGGGACCCGCAGAGA-1,Layer_3,2
CCGGGCGGTCTCGTCA-1,Layer_4,2
CCGGGCTGCTCCATAC-1,Layer_4,1
CCGGGTTCGAGGTTAC-1,Layer_5,1
CCGGTAATGGCTAGTC-1,Layer_3,4
CCGGTTTGTAATTGTG-1,WM,3
CCGTAAGTTGGTCCCA-1,Layer_4,1
CCGTACCCAAGCGCCA-1,Layer_3,2
CCGTAGGAAATCCCTG-1,Layer_6,5
CCGTAGGGTTGTTTAC-1,Layer_6,5
CCGTATCTCGTCGTAG-1,Layer_6,5
CCGTATTAGCGCAGTT-1,Layer_3,4
CCGTGAGGCATTCATG-1,Layer_3,4
CCGTGCCCATGACGGC-1,Layer_3,2
CCGTGGAACGATCCAA-1,Layer_3,4
CCGTGTTAAATTCCAT-1,Layer_6,5
CCGTTACGTTAGAACA-1,Layer_3,2
CCGTTCCGAATCTCGG-1,Layer_5,1
CCTAAAGGCTGACGCT-1,Layer_3,2
CCTAAATTAACGGTTC-1,Layer_5,5
CCTAAATTGTATCCTA-1,Layer_5,5
CCTAACCCAAACAAGT-1,Layer_6,5
CCTAACTAAGGCTCTA-1,Layer_3,4
CCTACAAGTCCGGAAT-1,Layer_3,4
CCTACATTCACAGACG-1,Layer_6,5
CCTACGCGACCTTACA-1,Layer_3,2
CCTACGGCTCAGTCGA-1,Layer_3,2
CCTACTCAACACGATT-1,Layer_6,5
CCTACTGCGGCGGCCA-1,Layer_3,4
CCTACTGCTTACACTT-1,Layer_5,1
CCTAGGCGTAGCGATC-1,Layer_4,1
CCTAGGTAAAGGTAGC-1,Layer_6,1
CCTAGTTAGTCGCATG-1,Layer_3,2
CCTATAATGAGTGCCC-1,Layer_6,3
CCTATACCGTCCTGTC-1,WM,3
CCTATATCGTGTCACG-1,Layer_6,5
CCTATATTTGTCCTGG-1,WM,3
CCTATCTATATCGGAA-1,Layer_3,2
CCTATGAAGTGGTGCC-1,Layer_3,4
CCTATGGCTCCTAGTG-1,Layer_6,5
CCTATGGGTTACCGTC-1,Layer_4,2
CCTATGGTCAAAGCTG-1,WM,3
CCTATGTCCACTCCAC-1,Layer_6,3
CCTCACCAATCTTGAC-1,Layer_3,2
CCTCACCTGAGGGAGC-1,Layer_3,4
CCTCACCTTAGCATCG-1,Layer_3,4
CCTCATGCAGCTACGA-1,Layer_3,2
CCTCCCGACAATCCCT-1,Layer_3,2
CCTCCGACAATTCAAG-1,Layer_5,1
CCTCCTAGCTAGAGTC-1,Layer_6,5
CCTCCTGAGCCCACAT-1,Layer_5,1
CCTCCTGTTGTGTCGT-1,Layer_6,5
CCTCGAAGTGGACGGG-1,Layer_3,2
CCTCGACCCACTGCCT-1,Layer_3,2
CCTCGCCAGCAAATTA-1,Layer_3,2
CCTCGCGCGATATAGG-1,Layer_3,4
CCTCGCGCTGTGCGAT-1,WM,3
CCTCGGACCGGGATAG-1,Layer_5,1
CCTCGGATGCTACCTG-1,Layer_4,1
CCTCGTTACGCCTGTT-1,Layer_3,4
CCTCTAATCTGCCAAG-1,Layer_3,2
CCTCTACAAGGATTGG-1,Layer_6,5
CCTCTATCGATTAGCA-1,Layer_6,5
CCTCTCTCCCATCTAG-1,Layer_5,1
CCTCTGGCCTAGACGG-1,Layer_3,2
CCTCTGTACTATTCTA-1,Layer_6,3
CCTGAACGATATATTC-1,Layer_4,1
CCTGAATATTTACATA-1,Layer_3,2
CCTGACCACCGATGGT-1,Layer_6,5
CCTGACGCAACCTTTA-1,Layer_3,2
CCTGCCCGTTGTCTAG-1,Layer_5,1
CCTGCGATAGAACTGT-1,Layer_3,2
CCTGCGTTCTACGCTT-1,Layer_5,1
CCTGCTATTTGAGAAG-1,Layer_4,1
CCTGGAAACGTTCTGC-1,Layer_3,4
CCTGGCTAGACCCGCC-1,Layer_5,1
CCTGGTCGAATGTGGG-1,WM,3
CCTGTAAGACATGATA-1,Layer_5,1
CCTGTACTCACGCCCA-1,Layer_5,1
CCTGTCACCCGGGCTC-1,Layer_4,1
CCTGTCCCTCACGTTA-1,Layer_3,4
CCTGTCGCCCGTAAAT-1,Layer_5,1
CCTGTGCGGATTGTAA-1,Layer_3,4
CCTGTTTGAAGACACG-1,Layer_6,5
CCTTCAGTTAAAGTGA-1,WM,3
CCTTCGTATAGAATCC-1,WM,3
CCTTCTCAGCGTTCCT-1,Layer_5,1
CCTTCTTGATCCAGTG-1,Layer_3,2
CCTTGACCACTTTATT-1,Layer_6,5
CCTTTAAGGGAGCACT-1,WM,3
CCTTTCAATGAAGAAA-1,Layer_3,4
CGAAACATAGATGGCA-1,Layer_3,2
CGAAACGCAATTCATG-1,Layer_6,5
CGAACAGTATGGGCGT-1,Layer_5,5
CGAACATAGTCAGAAA-1,Layer_3,4
CGAACCCGCATGCGTC-1,Layer_6,5
CGAACGCCCAGTGCCG-1,Layer_3,2
CGAACGGCCGGACAAC-1,Layer_6,5
CGAAGCTATAAATTCA-1,Layer_3,4
CGAAGGGTTTCAGATT-1,Layer_6,5
CGAAGTTGCTCTGTGT-1,Layer_5,1
CGAATCTGCTCGACGC-1,Layer_6,5
CGAATGAAGTCATTGC-1,Layer_6,5
CGAATGACGCATAATG-1,WM,3
CGAATTACATGGTGTT-1,Layer_3,2
CGACAATTTGATCTAA-1,Layer_5,1
CGACACCGCTTAAGGA-1,Layer_3,4
CGACACGCTCCGACAG-1,Layer_5,1
CGACACGGATGCCCAC-1,Layer_3,4
CGACAGTTCGCGTTAT-1,Layer_5,1
CGACATGCGATCTTCT-1,Layer_3,2
CGACCCTTAACGCCGG-1,Layer_5,1
CGACGCATCCGTACCT-1,Layer_5,1
CGACTCAGGATGTTAT-1,Layer_3,2
CGACTCGGTACACGGT-1,Layer_3,4
CGACTTTGTATAGCCT-1,Layer_3,4
CGAGACCCTAGAGTGT-1,Layer_6,5
CGAGAGATGTGAACCT-1,Layer_3,2
CGAGAGCGCGTAGATA-1,Layer_5,1
CGAGAGCTTTCACTAC-1,Layer_6,3
CGAGAGGGTAGCCGCG-1,Layer_6,5
CGAGATTTCGCTCGGG-1,Layer_3,2
CGAGCACTTCAAGTTT-1,Layer_5,2
CGAGCGTTGATCAGCC-1,Layer_3,2
CGAGCTGGGCTTTAGG-1,Layer_3,2
CGAGGAGCTTCCATAT-1,Layer_3,4
CGAGGATCGGGAACGA-1,Layer_3,4
CGAGGCCAGGCATTGG-1,Layer_3,2
CGAGGCTAAATATGGC-1,Layer_3,2
CGAGGGACTGCGGTCG-1,Layer_5,1
CGAGGGTATCCAGGTG-1,WM,3
CGAGTACTAAAGAGGA-1,Layer_6,5
CGAGTGAAGGTACCAG-1,Layer_6,5
CGAGTGCTATAGTTCG-1,Layer_3,2
CGAGTTCTGTCCCACC-1,Layer_3,2
CGAGTTTATCGGACTG-1,Layer_4,2
CGATAACCAATTTGAG-1,Layer_3,4
CGATAATACTCAGGTT-1,Layer_3,2
CGATACCTCGCGGACA-1,Layer_6,5
CGATAGCGATACAGTG-1,Layer_6,5
CGATAGTCGTACTGCA-1,WM,3
CGATATTAGCCGCAGG-1,Layer_3,2
CGATCATTAGAGGCAC-1,Layer_3,4
CGATCCGACCCAGTGC-1,Layer_5,1
CGATCCTCGCAACATA-1,WM,3
CGATCTGTTGGAGGAC-1,Layer_6,5
CGATGGACCCTACGCC-1,Layer_3,4
CGATGTTGTTATCTAC-1,Layer_6,5
CGATTAAATATCTCCT-1,WM,3
CGATTCGCCTGGCTGC-1,WM,3
CGCAAACACGAGTTAC-1,Layer_5,1
CGCAATTACTTTCGGT-1,Layer_5,1
CGCAATTAGGGTAATA-1,Layer_5,1
CGCAATTCTACAATAA-1,Layer_5,1
CGCACATGTCCACTAC-1,Layer_5,1
CGCACGTCTGTTTATG-1,WM,3
CGCACGTGCGCTATCA-1,Layer_4,2
CGCAGAAACATTTGCG-1,Layer_3,2
CGCAGATCTTCACCCG-1,Layer_3,4
CGCAGGCGATCCAAAC-1,Layer_5,5
CGCATCATGGCTTCAG-1,Layer_3,2
CGCATCCATCAGCCAG-1,Layer_3,4
CGCATGCCGAATGCGT-1,WM,3
CGCATGGTGCGATGCT-1,Layer_5,1
CGCATTAGCTAATAGG-1,Layer_4,1
CGCCAAGAAGCCGAGT-1,Layer_5,1
CGCCACAGGTCGCGAT-1,Layer_5,1
CGCCATCCGATTATGA-1,Layer_3,2
CGCCCAGCACGCCTAG-1,WM,3
CGCCCAGCGTTTCACG-1,Layer_6,3
CGCCCGCTTCCGTACA-1,Layer_3,2
CGCCCTAATTGTTCAA-1,Layer_6,5
CGCCCTTACATCCACC-1,Layer_3,2
CGCCCTTGAAGGCTGA-1,Layer_5,2
CGCCGCCCATGCCTGT-1,Layer_5,1
CGCCGGTGTCGCAGTA-1,Layer_3,4
CGCCGTCTACCCATCG-1,Layer_3,4
CGCCGTTCAGCATAGT-1,Layer_6,5
CGCCTCCCTCCTCTAT-1,Layer_5,1
CGCCTGGCCTACGTAA-1,Layer_6,1
CGCCTTTAGCATGCTC-1,Layer_4,2
CGCGAAGTGGCATACT-1,Layer_6,3
CGCGACACTGCGCAGC-1,Layer_3,2
CGCGACCGCGACAGAT-1,Layer_6,3
CGCGAGAGGGACTTGT-1,Layer_3,4
CGCGAGTCTGCCGGGT-1,Layer_6,5
CGCGCAAATGTCCAGA-1,Layer_6,5
CGCGCAAGGAACTACA-1,Layer_3,2
CGCGCATGTTTGATTG-1,Layer_6,3
CGCGCCCGACTTAATA-1,Layer_3,2
CGCGGCAGTATTACGG-1,Layer_3,2
CGCGGCTCAACTTGAA-1,Layer_5,1
CGCGGGAATTAGGCAG-1,Layer_3,2
CGCGGTAAGTCTAGCT-1,Layer_3,4
CGCGGTACGGTATACA-1,Layer_6,5
CGCGGTCACAAACCAA-1,Layer_3,4
CGCGTACATTCTGGAA-1,Layer_3,4
CGCGTCATATTAAACC-1,Layer_3,2
CGCGTTCATGAAATAC-1,Layer_4,1
CGCTACGGGACATTTA-1,Layer_5,1
CGCTAGAGACCGCTGC-1,Layer_4,2
CGCTATACCGCCCACT-1,Layer_3,2
CGCTATCGTGGCTTTA-1,Layer_3,4
CGCTATTCAATGTATG-1,Layer_4,2
CGCTATTCTTAGGCTC-1,Layer_5,1
CGCTCGACATAATGAT-1,Layer_4,1
CGCTCTCCGTAGATTA-1,Layer_5,1
CGCTGGTGACTACCCT-1,Layer_5,1
CGCTGTGACGCCGCAC-1,Layer_4,1
CGCTGTGTGGATGTTG-1,WM,3
CGCTTAGTATTGATAC-1,WM,3
CGCTTATTCCCGGTCG-1,Layer_6,5
CGCTTCCACTGAAATC-1,Layer_3,2
CGCTTCGGTCTAAGAC-1,Layer_6,5
CGCTTGGACGGATAGA-1,Layer_6,5
CGCTTTCATACCGGTG-1,Layer_3,2
CGCTTTCTTGCATTCG-1,Layer_3,2
CGGAAAGAATCAAACG-1,WM,3
CGGAAATTTCACATCC-1,Layer_3,2
CGGAACGTAAACATAG-1,Layer_6,5
CGGAGCAATTTAATCG-1,WM,3
CGGAGCATGGCGATCC-1,Layer_5,1
CGGAGCTTATAACACC-1,Layer_3,2
CGGAGTTTGAGAGACA-1,Layer_5,1
CGGATAAGCGGACATG-1,Layer_3,2
CGGATCCTCAAGGACT-1,WM,3
CGGCAAACATCGTGCG-1,Layer_6,3
CGGCAATAAGATCGCC-1,Layer_6,5
CGGCACCGTTAGCGCC-1,Layer_3,2
CGGCACTCAAGAAAGT-1,Layer_3,2
CGGCAGGGTCGGGTTG-1,Layer_3,2
CGGCCACGCACAAAGT-1,Layer_5,1
CGGCCAGAGCGACCAT-1,WM,3
CGGCCCAACCTGTAGT-1,Layer_3,4
CGGCCCAGGTATATCC-1,Layer_4,2
CGGCGCCATCAATCCC-1,Layer_6,3
CGGCTCTAAAGCTGCA-1,Layer_4,1
CGGCTCTTCGTCGAAC-1,Layer_3,2
CGGCTGAAGGTTACGC-1,Layer_3,4
CGGCTGCAAGATTAAG-1,Layer_3,2
CGGCTTTGTATGATAA-1,Layer_3,2
CGGGAATATAGTATAC-1,Layer_5,1
CGGGAATTTATGTAAA-1,Layer_6,5
CGGGAGCTTCAGTGTA-1,Layer_5,5
CGGGAGTATACCGCCG-1,Layer_3,2
CGGGATCAATGTAAGA-1,Layer_3,2
CGGGCAGCTAAACCGC-1,Layer_5,1
CGGGCCATAGCCGCAC-1,Layer_3,2
CGGGCCTTCTTTGTAA-1,Layer_6,5
CGGGCGATGGATCACG-1,WM,3
CGGGCTACTTAAATTG-1,Layer_3,4
CGGGTGTACCCATTTA-1,Layer_3,2
CGGGTTCGGCACGTAT-1,Layer_3,4
CGGGTTTGTTAGGGCT-1,Layer_5,5
CGGTACTAGAATCAAA-1,Layer_5,1
CGGTAGAGGTGCAGGT-1,Layer_3,2
CGGTATAGGTATTAGC-1,Layer_3,4
CGGTCAAGTGGGAACC-1,Layer_3,2
CGGTCCATGAGACTCC-1,Layer_3,4
CGGTCCGTCGCAAGCC-1,WM,3
CGGTCTATCAACCCGT-1,Layer_3,2
CGGTGAAGACTAAAGT-1,Layer_5,1
CGGTGCAGATAGAACG-1,Layer_6,5
CGGTGCGCGTTGGTCC-1,Layer_6,5
CGGTGGGCTCCAGCCT-1,Layer_3,4
CGGTGTACTTGATCCC-1,Layer_3,2
CGGTTATCCAACAGTG-1,Layer_3,2
CGGTTCAAGTAGGTGT-1,Layer_3,4
CGGTTCCGGCTTCTTG-1,Layer_3,2
CGGTTGACCTGGCATA-1,Layer_5,1
CGGTTGAGTATCCTTC-1,Layer_6,3
CGGTTGGGTTCAAGTT-1,Layer_3,4
CGGTTTATGAAGGAAC-1,Layer_3,4
CGTAAACGCTTGAGTG-1,Layer_3,2
CGTAACGGAACGATCA-1,Layer_3,4
CGTAACTTCGACACTT-1,WM,3
CGTACCTGATAGGCCT-1,Layer_3,2
CGTAGAGAGTAATTAT-1,WM,3
CGTAGCGAATTGTCAG-1,Layer_3,2
CGTAGCGCCGACGTTG-1,Layer_3,2
CGTATTAAGAGATCTA-1,Layer_5,1
CGTCAAATGGTCGCAG-1,Layer_3,4
CGTCAAGGCTATAAAT-1,Layer_5,1
CGTCACGTCCATTGGT-1,Layer_6,5
CGTCAGCTATTTACTC-1,Layer_3,2
CGTCAGTGCGCACAAG-1,Layer_3,2
CGTCAGTTTATCGTCT-1,Layer_3,2
CGTCATACCATATCCA-1,Layer_4,2
CGTCGCATGTGAGCCA-1,WM,3
CGTCGCGGCGGGATTT-1,Layer_3,2
CGTCGCTTGGTTATAC-1,Layer_6,5
CGTCGGATAGTGTTGA-1,Layer_3,2
CGTCGGGTCTAAGCGC-1,Layer_6,5
CGTCGTCCTTCGCGAA-1,Layer_6,3
CGTCTCTCGCCGAGGC-1,Layer_3,4
CGTCTGGAAGGGCCCG-1,Layer_3,2
CGTGAAGTTAATTCAC-1,Layer_5,5
CGTGACATTGGGTCGT-1,Layer_3,2
CGTGACCAGTCCTCTG-1,WM,3
CGTGCAGACTGGGACA-1,Layer_5,1
CGTGCATTGTCGACGC-1,Layer_5,1
CGTGCCCTCCCGAAGA-1,Layer_5,1
CGTGCTGGCCTAGTCG-1,Layer_3,2
CGTGCTTCTACCTAAA-1,Layer_6,3
CGTGGAAGCCTCGTAC-1,Layer_4,1
CGTGGCCGAATATCTA-1,Layer_5,1
CGTGGTACCCAAAGGC-1,WM,3
CGTGTATGGGAGCTGA-1,Layer_6,5
CGTGTCCCATTCGCGA-1,Layer_5,1
CGTGTCTCGTTACGAC-1,WM,3
CGTGTGTTAAACCCTG-1,Layer_3,4
CGTTAAACTAGTTAGG-1,Layer_5,1
CGTTAATGTCCCGACG-1,Layer_6,3
CGTTAGCTCACAACTG-1,Layer_3,2
CGTTCAAGGAAACGGA-1,WM,3
CGTTCAGACCCGCGAA-1,WM,3
CGTTCATGGTGCGCGT-1,Layer_6,5
CGTTCTTCGCACACCT-1,Layer_3,4
CGTTGAATACCGCGCT-1,Layer_6,3
CGTTGAGCGACCGTCG-1,Layer_5,5
CGTTGAGTAATTGCGT-1,Layer_3,4
CGTTGCCCGCGTGGGA-1,WM,3
CGTTGTAAACGTCAGG-1,Layer_3,2
CGTTGTAAGATTGATT-1,Layer_3,4
CGTTGTCGGCAATTGA-1,WM,3
CGTTGTTTCAATTCCC-1,Layer_5,1
CGTTTAAGCGGAGCAC-1,Layer_3,2
CGTTTACAAGGCAGCT-1,Layer_3,4
CGTTTCACTTCGGGCG-1,Layer_3,4
CGTTTCGCTCATTACA-1,Layer_5,1
CGTTTGGTGTTGTGGG-1,Layer_6,5
CGTTTGTGTAGAGGGT-1,WM,3
CTAAAGAATGCCTACT-1,Layer_5,1
CTAAAGGGAAATAGGA-1,Layer_6,5
CTAAATCCGGTGTACA-1,WM,3
CTAAATCCTATTCCGG-1,Layer_3,2
CTAACCGCGCGCCCGT-1,Layer_5,1
CTAACGAAACTTGCTG-1,Layer_3,2
CTAACTGATAATCGCC-1,Layer_6,5
CTAACTGGTCCGGTTC-1,Layer_6,5
CTAAGGGAATGATTGG-1,Layer_5,5
CTAAGTACAGGGCTAC-1,Layer_3,4
CTAATTATGAAGCGTA-1,Layer_3,4
CTAATTCGCACGCGCT-1,Layer_5,1
CTAATTCTCAGATATT-1,Layer_3,4
CTAATTTCAACAACAC-1,Layer_4,2
CTACAAGAAATAACCC-1,WM,3
CTACACTCGCAGATGG-1,Layer_6,5
CTACCCTAAGGTCATA-1,Layer_3,2
CTACGAACTAGGTCGA-1,Layer_3,2
CTACGACTAGCTATAA-1,Layer_5,1
CTACGCACGGAGTACC-1,Layer_5,1
CTACGCCATTTCCGAT-1,Layer_3,2
CTACTATCATAGGTTT-1,Layer_6,5
CTACTATCTTTCAGAG-1,Layer_3,2
CTACTCAAGGTATAGT-1,WM,3
CTACTCTAGGCCCGGC-1,Layer_5,1
CTACTGCCACCTGACC-1,Layer_4,1
CTAGACATATATGTAG-1,Layer_3,4
CTAGACTGCATTTCGT-1,Layer_3,4
CTAGATAAACTCCTCG-1,Layer_3,2
CTAGATGTGAGTGTAA-1,Layer_3,4
CTAGATTTACGACGGC-1,Layer_5,1
CTAGCATAGTATAATG-1,Layer_5,1
CTAGCCACAGGCGAGC-1,Layer_6,5
CTAGCCGATGTTATGA-1,Layer_3,4
CTAGCGCCAATCCTAC-1,Layer_3,4
CTAGCTTAATGGTCCC-1,Layer_4,1
CTAGGCGCCCTATCAG-1,Layer_6,5
CTAGGCGGCAGAGAAT-1,Layer_3,2
CTAGGTCTGAAGGAAT-1,Layer_3,4
CTAGGTTCGGACGTGA-1,WM,3
CTAGTAGAAAGGGATT-1,WM,3
CTAGTATTCGGAATTA-1,Layer_3,2
CTAGTCACGTCTTAAG-1,Layer_5,1
CTAGTGAAGGACAGGA-1,Layer_5,1
CTAGTTACAACCCGGT-1,Layer_6,3
CTAGTTGGGCCCGGTA-1,Layer_3,2
CTATAAGAGCCAATCG-1,Layer_3,4
CTATAGGCGTTGATGT-1,WM,3
CTATATCCAGCCTGGC-1,WM,3
CTATCGACGAAATACA-1,Layer_6,5
CTATCGCGTAGAGAAC-1,Layer_6,5
CTATCGGGTCTCAACA-1,Layer_5,1
CTATGCCCGAATGCAA-1,WM,3
CTATGGGAAGCGGAAT-1,Layer_6,5
CTATGTCACTAGCCCA-1,Layer_4,1
CTATGTCTATTGAAAC-1,Layer_3,2
CTATGTGAGTCACGGC-1,Layer_5,1
CTATTCATGTGTCCCA-1,Layer_6,3
CTATTGTGTTTGGTCA-1,Layer_3,4
CTATTTGGTTACGGAT-1,Layer_4,1
CTCAAACCACTGCCCG-1,WM,3
CTCAACTAACCCGGAT-1,WM,3
CTCAAGACATTAGCGC-1,Layer_3,4
CTCACACGCAAGCCTA-1,Layer_3,4
CTCACATTTACTAAAT-1,WM,3
CTCACCGATCCAAACT-1,Layer_3,4
CTCACTGTGATACTTA-1,WM,3
CTCACTTGGCTGGTAA-1,Layer_5,1
CTCAGCAGACTGCCGA-1,Layer_3,4
CTCAGGACTCACCTGT-1,Layer_3,2
CTCAGTCACGACAAAT-1,Layer_3,4
CTCATGGCTCACAATC-1,Layer_3,2
CTCATGGTAATTTGCG-1,Layer_6,5
CTCATTGCTCTAACAA-1,WM,3
CTCATTTGATGGGCGG-1,Layer_3,2
CTCCCAATGAGTCGCG-1,Layer_5,1
CTCCCTCCTTTCGATC-1,Layer_6,5
CTCCGAGTAAATCCGC-1,Layer_3,4
CTCCGCCCACATGAGG-1,Layer_6,5
CTCCGGCCTAATATGC-1,Layer_3,2
CTCCGGCTTGTAGACA-1,Layer_3,2
CTCCTAAGTTATGTCT-1,Layer_3,2
CTCCTCCAGCTCACAC-1,WM,3
CTCCTGTTCAAGGCAG-1,Layer_5,5
CTCCTTTACGCAAGTC-1,Layer_3,4
CTCGAATGGAACGTAT-1,Layer_3,4
CTCGAGACATACGATA-1,Layer_6,5
CTCGAGATCCAAAGCA-1,Layer_3,2
CTCGAGGTCGAACAGT-1,Layer_4,1
CTCGATATTTGCGAGC-1,Layer_3,4
CTCGCACCTATATAGT-1,Layer_3,2
CTCGCATTGCATAGCC-1,Layer_6,5
CTCGCCGAATGTAGGG-1,WM,3
CTCGGGATAACACCTA-1,Layer_3,4
CTCGGGTTCTCTGGCC-1,Layer_6,3
CTCGGTACCACTGCTC-1,Layer_5,1
CTCGGTCCGTAGCCTG-1,Layer_3,2
CTCGGTTGTCGGCCCT-1,Layer_6,5
CTCGTCGAGGGCTCAT-1,Layer_6,5
CTCGTTTCTAATGTTT-1,Layer_3,4
CTCTAATGCATTGATC-1,Layer_3,4
CTCTACACTGGCGATT-1,Layer_5,1
CTCTAGCCCTCGGAAA-1,Layer_6,3
CTCTATTTGGCTGCAG-1,Layer_6,5
CTCTCACAATCGATGA-1,Layer_4,1
CTCTCGATGTGCGCCT-1,Layer_3,2
CTCTCGCTGTACTATG-1,Layer_3,2
CTCTCTAACTGCCTAG-1,Layer_6,5
CTCTGCGAAGCAAGCA-1,Layer_3,2
CTCTGGACGCCTGGTG-1,Layer_5,1
CTCTGTTTGAGGATTC-1,Layer_3,2
CTCTTCTATTGACTGG-1,Layer_5,1
CTCTTCTGGAAGTTAG-1,WM,3
CTCTTGTCCCGCTTGG-1,WM,3
CTGAAACGGCCCTCAG-1,Layer_3,4
CTGAAAGAGATCCGAC-1,Layer_3,2
CTGAATCCGAGACCTC-1,Layer_6,5
CTGAATTTATTGCCAG-1,Layer_3,4
CTGACATAGAAATAGA-1,Layer_5,1
CTGACTGCGCAGCTCG-1,Layer_3,4
CTGAGAAAGTTCGGCG-1,Layer_5,1
CTGAGCAAGTAACAAG-1,Layer_3,2
CTGAGCGAGACTTATT-1,Layer_3,4
CTGATAGTGTATCTCA-1,Layer_5,1
CTGCAAGCACGTTCCG-1,Layer_6,5
CTGCACAACTACATAT-1,Layer_6,5
CTGCACCTAGTCCACA-1,Layer_3,4
CTGCACCTGGAACCGC-1,Layer_3,2
CTGCACTCCAGTACAG-1,Layer_6,3
CTGCAGAGAATCAGAG-1,Layer_6,5
CTGCCAAGGTTGGAAG-1,Layer_3,2
CTGCCATGCATCACAT-1,Layer_5,1
CTGCCCACGAAGCGTT-1,Layer_4,1
CTGCCTAGCCACCAAG-1,Layer_3,2
CTGCCTCATATGCAAC-1,Layer_3,4
CTGCCTTTAATACCTT-1,Layer_6,3
CTGCCTTTCTAGTAAA-1,Layer_6,3
CTGCGGGTGAAATGTT-1,Layer_5,1
CTGCGGTAGTCACGTG-1,Layer_3,2
CTGCGTTACGATATAA-1,Layer_3,4
CTGCTGAGGCCACGAA-1,Layer_6,5
CTGCTGTCTAACGAGC-1,Layer_4,1
CTGCTTGGCGATAGCT-1,Layer_6,3
CTGCTTTATGTCCGCG-1,Layer_3,4
CTGGAAATGGATGCTT-1,Layer_5,1
CTGGAAGACACGGTGG-1,Layer_6,5
CTGGACGCAGTCCGGC-1,Layer_6,5
CTGGATTTACACTTGA-1,Layer_6,3
CTGGCATCCGAATGAG-1,Layer_6,5
CTGGCGACATAAGTCC-1,Layer_3,2
CTGGCGCACAGGTCTG-1,Layer_4,1
CTGGCGGGAATAAGTA-1,Layer_4,2
CTGGCTCCTGCGGGAT-1,Layer_3,2
CTGGCTGATTCATCCT-1,Layer_5,1
CTGGCTGGTTGTCAGT-1,WM,3
CTGGGATAAATAATGG-1,Layer_5,1
CTGGGATACGCTACCC-1,Layer_3,4
CTGGGCACTAGTCGGA-1,Layer_3,2
CTGGGCCTGCTATATC-1,Layer_6,5
CTGGGCGGCCAAATGT-1,Layer_3,2
CTGGGCTATCCTTTGG-1,Layer_3,4
CTGGGTAGGCAGTTAA-1,Layer_5,1
CTGGGTTGAGTTAAAG-1,Layer_6,1
CTGGTAAAGTGTGGGC-1,Layer_6,5
CTGGTAACACATAGAA-1,Layer_5,1
CTGGTAACGAGCTCTT-1,Layer_3,2
CTGGTCATTCCAATCC-1,Layer_4,2
CTGGTCCTAACTTGGC-1,Layer_3,2
CTGGTGAATGGGCCTA-1,Layer_6,5
CTGGTTCAACGCATCA-1,Layer_3,2
CTGGTTTCGAGCAAGA-1,Layer_5,1
CTGTACTTCTTAGCAT-1,Layer_5,1
CTGTAGCCATCTCACT-1,WM,3
CTGTAGTGAGGATCGA-1,WM,3
CTGTATGGTGTAGAAA-1,Layer_4,2
CTGTCAAATGGCTCGG-1,Layer_3,2
CTGTCACGCCAGGCGC-1,Layer_3,4
CTGTGCAGGGTAGGTC-1,Layer_5,1
CTGTGGTCGGGAGATA-1,Layer_6,5
CTGTTACCCAATCTAG-1,Layer_6,5
CTGTTCACTGCCTGTG-1,Layer_3,2
CTGTTCATCTCACGGG-1,Layer_4,1
CTGTTGTTCAGTCGTA-1,Layer_6,5
CTTAAATAAGACCCAT-1,Layer_3,2
CTTAACTTCGAAGTAC-1,Layer_3,2
CTTACACGGTATTCCA-1,Layer_5,1
CTTACACTGGGAAATA-1,Layer_3,2
CTTAGCCCGGATAGTG-1,Layer_4,2
CTTAGCCTTCCACATG-1,Layer_3,2
CTTAGGTATAGACCAG-1,Layer_6,5
CTTAGTAGGCCTACAG-1,Layer_3,4
CTTAGTGTAGTAGCAT-1,WM,3
CTTAGTTGAGGAATCG-1,WM,3
CTTATAGATGGCTGTT-1,Layer_6,5
CTTATGCGCTCAGGGC-1,Layer_5,1
CTTATGTTGACTACCA-1,Layer_3,2
CTTCAACTCCACTTGG-1,WM,3
CTTCAGTGGTCGCCTA-1,Layer_6,5
CTTCATAGCTCAAGAA-1,Layer_4,2
CTTCATTGTCAGTGGA-1,Layer_5,1
CTTCCGCTCCGTGAAG-1,WM,3
CTTCCTGCATATTTAC-1,Layer_3,4
CTTCGATTGCGCAAGC-1,WM,3
CTTCGGCCAATTGTTT-1,Layer_5,1
CTTCGTAGATAGGTGA-1,Layer_5,1
CTTCTATGTTGAAGTA-1,Layer_6,5
CTTCTATTAATGCTAG-1,Layer_6,3
CTTCTGGGCGTACCTA-1,WM,3
CTTCTTACGTCGTATA-1,Layer_3,2
CTTGACCCGAAAGATA-1,Layer_3,2
CTTGAGGTTATCCCGA-1,Layer_3,2
CTTGAGTTAGGGTAAT-1,Layer_4,2
CTTGCAACCGCCTCCT-1,Layer_6,5
CTTGCCCAGGCTCTAC-1,Layer_6,5
CTTGGCCAAGCTGGGA-1,WM,3
CTTGTACTTGTTGACT-1,Layer_3,2
CTTGTCAACATTCGAG-1,Layer_6,5
CTTGTGAGTCTTTGAC-1,Layer_3,2
CTTGTGCTCACCGATT-1,Layer_3,4
CTTGTTGCTGAGTCAA-1,Layer_5,1
CTTGTTTATGTAGCCA-1,Layer_3,2
CTTTAACTTTCAAAGG-1,Layer_3,2
CTTTAATATTGGTCGA-1,Layer_6,5
CTTTACCGAATAGTAG-1,Layer_6,5
CTTTAGGAACACTGTT-1,Layer_5,1
CTTTAGTGCTATTATT-1,Layer_6,5
CTTTCTGTGCGGGCTT-1,Layer_6,3
CTTTGAAACATATTCC-1,Layer_3,2
CTTTGCATCGCTCTTG-1,Layer_6,3
CTTTGCTGTCATGGAT-1,Layer_4,1
CTTTGGCAGACAGAGT-1,Layer_3,4
CTTTGGCGCTTTATAC-1,Layer_5,1
CTTTGGCTTTAGTAAA-1,Layer_5,1
CTTTGGGATTGTTGCA-1,WM,3
GAAACAGATGACCACC-1,Layer_4,1
GAAACAGCCATGCAGT-1,Layer_3,2
GAAACATAGGAAACAG-1,Layer_6,5
GAAACCATGGTGCGCT-1,Layer_3,4
GAAACCGAATTACCTT-1,Layer_6,5
GAAACCTATACAAATG-1,WM,3
GAAACTCGTGCGATGC-1,Layer_5,1
GAAACTCTAATGAAGG-1,Layer_3,2
GAAAGAACAGCGTTAT-1,Layer_3,4
GAAAGCAGTGCACTTT-1,WM,3
GAAAGCCCTTTGGACC-1,Layer_5,1
GAAAGTGACTAACTGC-1,Layer_5,1
GAAATACCTGCTGGCT-1,Layer_3,2
GAAATACTAAACGTTT-1,Layer_3,2
GAAATATCACCATCAG-1,Layer_5,1
GAAATATGCTTGAATG-1,Layer_3,4
GAAATCGCGCGCAACT-1,Layer_3,2
GAAATGGCGGTGTTAG-1,Layer_5,1
GAAATGGGATGTAAAC-1,Layer_3,2
GAAATTAGCACGGATA-1,Layer_3,4
GAAATTCACATCGCTG-1,Layer_3,2
GAAATTGTCTCTATAA-1,Layer_6,5
GAACAACTGGGATGAA-1,WM,3
GAACACACATCAACCA-1,Layer_4,1
GAACAGATTACTAAAT-1,WM,3
GAACATTAGTATGTTA-1,Layer_3,4
GAACCATCTGGGAGAC-1,Layer_3,2
GAACCCTCTGTGTTCT-1,WM,3
GAACCTCGACCTACAC-1,Layer_5,1
GAACCTTTAACGATCC-1,WM,3
GAACGACCGAATGATA-1,Layer_3,2
GAACGATAAGTTAAAG-1,Layer_3,4
GAACGCGGGTCACACG-1,Layer_5,1
GAACGGTGTAAAGCAG-1,Layer_3,4
GAACGTCTCATGGTCG-1,Layer_3,2
GAACGTTAGGAAGACG-1,Layer_5,1
GAACTGTGGAGAGACA-1,WM,3
GAACTTAGCGCCCGGT-1,Layer_3,4
GAACTTGTGCACGGGA-1,Layer_3,4
GAAGAAACGATATTGT-1,Layer_6,3
GAAGAACGGTGCAGGT-1,Layer_3,2
GAAGACTTCAATGCCG-1,Layer_3,2
GAAGCCACTGATTATG-1,WM,3
GAAGCCTGCACATTCC-1,WM,3
GAAGCGTGAGGAATTT-1,Layer_5,1
GAAGCTCGGACCCGTC-1,Layer_6,5
GAAGCTTGCTGACCGC-1,Layer_5,1
GAAGGAGTCGAGTGCG-1,WM,3
GAAGGCTACCATTGTT-1,Layer_3,4
GAAGTCAGTTGCACTA-1,Layer_6,3
GAAGTCTCCCTAGCGA-1,Layer_4,2
GAAGTGATTTATCGTG-1,Layer_5,1
GAAGTGCTGGATAGCT-1,Layer_3,2
GAAGTTTCCACTCAAT-1,Layer_5,1
GAATAGACGCGACCCA-1,Layer_5,1
GAATAGCATTTAGGGT-1,Layer_4,2
GAATAGCCCTGCGGTC-1,Layer_3,4
GAATAGTGCTCGATTA-1,WM,3
GAATATTCGGAGTCCC-1,Layer_3,2
GAATCGACATGGTCAC-1,Layer_5,1
GAATCGCCGGACACGG-1,Layer_3,2
GAATCTATACTCGGAC-1,Layer_3,2
GAATCTGAACATTCTC-1,Layer_5,5
GAATGAAGGTCTTCAG-1,Layer_3,4
GAATGCCGAAATGACC-1,Layer_3,2
GAATGCGAATCGGTTC-1,WM,3
GAATGTATGGCAGGTC-1,Layer_3,4
GAATGTGGTCCGGATT-1,Layer_5,1
GAATGTTGGGTAATCT-1,Layer_3,2
GAATTATAGTGAAAGG-1,Layer_5,1
GAATTATGCAACCTAC-1,Layer_3,4
GAATTCACCCGGGTGT-1,Layer_6,5
GAATTTCTCGCTGCAG-1,Layer_5,1
GACAAACATATGCAGG-1,Layer_5,1
GACAACGACCATTGAA-1,Layer_3,2
GACAACGCAGCTTACG-1,Layer_3,2
GACAAGAGATGAGATT-1,Layer_5,5
GACACAAGGGAAGAAA-1,Layer_4,2
GACACGAGTTAGAGGA-1,Layer_4,2
GACACTGAGTTCAGTG-1,Layer_6,5
GACACTGGAACCCGAT-1,Layer_5,5
GACAGATTTCTGGCTC-1,Layer_5,1
GACAGCCAGACCTGAC-1,Layer_5,1
GACAGGCACACACTAT-1,Layer_5,1
GACATACTGTCGCAGA-1,Layer_3,2
GACATCCGTCGAACTG-1,WM,3
GACATCGATTTATAAC-1,Layer_6,3
GACCAAACGTTGACTG-1,Layer_6,5
GACCAGAGCCCTGTAG-1,Layer_5,1
GACCAGGTCATTCATA-1,Layer_3,2
GACCCAATTATGATAC-1,Layer_6,5
GACCCGTCGCCGGCTA-1,Layer_3,2
GACCGACGTGAAAGCA-1,Layer_3,4
GACCGACTGAAGCGTC-1,Layer_5,1
GACCGATTAAATATGT-1,Layer_6,5
GACCGCGTCTGACGTG-1,Layer_5,1
GACCGTCAGGTCGTGA-1,Layer_3,2
GACCGTGCTGACGGTG-1,Layer_6,5
GACCTTCCACGTCTAC-1,WM,3
GACGACGATCCGCGTT-1,Layer_6,3
GACGAGGCTAATAAAC-1,Layer_6,5
GACGCCGTAAAGGCTA-1,WM,3
GACGCCTGTTGCAGGG-1,Layer_3,2
GACGCTTGCTTCTAAA-1,Layer_5,1
GACGGACCGCGTTCCT-1,Layer_3,2
GACGGGTTGGCCCGTA-1,WM,3
GACGGTCAATAGAAGC-1,Layer_3,4
GACGTGAGACTCCATG-1,Layer_3,2
GACGTGTAGGGATTAT-1,Layer_5,1
GACGTTCGTAAATACA-1,Layer_3,4
GACTAACACAGCACCT-1,Layer_3,2
GACTAAGATCATGCAC-1,Layer_4,1
GACTAAGTAGGCTCAC-1,Layer_5,1
GACTACAAAGCGGTGG-1,Layer_6,5
GACTACAATTGCTCGT-1,Layer_3,2
GACTAGGCCGTTAGGT-1,WM,3
GACTCACCCACGTGAG-1,Layer_3,4
GACTCCCAGAATAAGG-1,Layer_3,4
GACTCCTTCCAATTGA-1,Layer_6,5
GACTCGCGGGAATGAC-1,Layer_3,2
GACTCGGTCGGCGGAT-1,Layer_3,4
GACTGATTGGTCACAA-1,Layer_3,4
GACTGCAAATCGAGCT-1,WM,3
GACTGCACCAGCCCAG-1,Layer_5,5
GACTGCGGCACGTGTA-1,Layer_4,2
GACTGCTGGTGAGAAA-1,WM,3
GACTGGGCGCCGCAAC-1,Layer_3,2
GAGAATCTCACGATCA-1,Layer_4,2
GAGACCCTGCAACGCC-1,Layer_3,4
GAGACTGATGGGTAGA-1,Layer_4,1
GAGACTTCGCGACCGA-1,WM,3
GAGAGCGCAGTCCCTG-1,Layer_4,2
GAGAGGGCGCGAGGTT-1,Layer_5,1
GAGAGGTGCATTCTGG-1,Layer_6,5
GAGATCTGCTTGGCAT-1,Layer_5,1
GAGATCTGTCACTCCG-1,Layer_3,2
GAGATCTTCCATGACA-1,Layer_5,5
GAGATGACAATCCTTA-1,Layer_3,4
GAGATGGCTTTAATCA-1,WM,3
GAGATGGGAGTCGACA-1,Layer_6,3
GAGCACCTGTGTCCAG-1,Layer_6,3
GAGCACGGCGCCTCTT-1,Layer_3,2
GAGCATCAACAACTTG-1,Layer_6,3
GAGCATCATCCCTGGG-1,Layer_3,2
GAGCCACGGTAGTAGG-1,Layer_3,2
GAGCCAGCTACCTGTG-1,Layer_6,5
GAGCCGAGCGTTTATT-1,Layer_3,4
GAGCGAGGGAGTACCG-1,Layer_3,2
GAGCGCAAATACTCCG-1,Layer_5,1
GAGCGCGCACGAGTAG-1,Layer_5,5
GAGCGCTGTTAGGTAA-1,Layer_6,5
GAGCGGAATGCGGTGT-1,WM,3
GAGCTAAGGGCATATC-1,Layer_3,2
GAGCTCTCGGACCTAA-1,Layer_3,2
GAGCTGTCGTCTCGGA-1,Layer_3,4
GAGGAATGGAGAGGTT-1,Layer_5,1
GAGGATAAACAGTGCT-1,Layer_3,4
GAGGCATTTGCAGCAG-1,Layer_3,4
GAGGCCCGACTCCGCA-1,Layer_6,5
GAGGCCTGTTGATACA-1,Layer_6,5
GAGGCTATCAAAGTCG-1,Layer_5,1
GAGGGAGTCAGATCGC-1,WM,3
GAGGGCATCGCGTATC-1,Layer_3,2
GAGGGCCGGCAGAGTC-1,Layer_3,4
GAGGGCGCAGCTCTGC-1,Layer_3,2
GAGGGTAGTAACAAAG-1,Layer_6,3
GAGGTACATCCATCTT-1,Layer_3,2
GAGGTACGCGTGTCCC-1,WM,3
GAGGTCCCAAAGATCT-1,Layer_3,2
GAGGTCTTAGTGGGTC-1,Layer_3,2
GAGTAAACCGGAAAGT-1,Layer_5,1
GAGTAAGGCCACGGGA-1,Layer_6,5
GAGTACGGGTATACAA-1,Layer_3,2
GAGTAGATACTAGTTG-1,WM,3
GAGTATCAAAGTTACA-1,Layer_5,1
GAGTATGCCCGCCTTG-1,Layer_6,5
GAGTATGCGCGTGCAT-1,WM,3
GAGTCAGACCAGAATC-1,WM,3
GAGTCCGCTTACCGGA-1,Layer_6,5
GAGTCGACAGACCCTC-1,Layer_4,2
GAGTGCACGGACAACA-1,Layer_3,4
GAGTGTCAACCAGAAA-1,WM,3
GAGTGTGCGGTACCCA-1,Layer_5,1
GAGTTGATGGCAATTT-1,Layer_6,5
GATAAATCGGTGGATG-1,Layer_3,2
GATAACTCGCACTGTG-1,Layer_4,1
GATAAGGCAGATGCAA-1,Layer_3,2
GATACGATGGGAGTCA-1,Layer_6,5
GATAGGTAACGTTGAC-1,Layer_6,5
GATAGGTGTCCCGGGC-1,Layer_3,4
GATAGTGCGAGTAAGT-1,WM,3
GATATCTCATGCAATA-1,Layer_3,2
GATATGAGACACTAAC-1,Layer_5,1
GATATGCGGTAGCCAA-1,Layer_3,4
GATATGGATTACGCGG-1,Layer_5,1
GATATTGAGATTGGCG-1,Layer_3,2
GATATTTCCTACATGG-1,Layer_3,4
GATCAACATAAAGGGA-1,WM,3
GATCATTCCAAACATT-1,Layer_5,1
GATCCCTTTATACTGC-1,Layer_4,1
GATCCGAATATAAGTG-1,Layer_3,4
GATCCGGGAATTAACA-1,Layer_5,1
GATCCTAAATCGGGAC-1,Layer_3,2
GATCCTCGACACTGGC-1,Layer_6,5
GATCCTCTTGCGCTTA-1,Layer_3,2
GATCGACACTATCTGA-1,Layer_5,1
GATCGCGGGCTCTCCA-1,Layer_5,1
GATCGCTACCCGATTT-1,Layer_5,1
GATCGCTATATCTCAG-1,Layer_6,5
GATCGGATAGAACCAT-1,Layer_5,1
GATCGGCGATAAGTCG-1,Layer_3,2
GATCGGTGGCCATAAC-1,Layer_3,2
GATCGTGACTGATATC-1,Layer_5,1
GATCTCGACGCTGTGG-1,Layer_5,1
GATCTGCTATCTAAGG-1,WM,3
GATCTTAGTGAACGTG-1,Layer_3,4
GATCTTCATTGTCCTC-1,Layer_3,2
GATCTTGGAGGGCATA-1,Layer_6,5
GATCTTTGCAGGGTAT-1,Layer_5,1
GATCTTTGCTCAAAGA-1,Layer_3,4
GATGACAAGTAGGGCA-1,Layer_6,3
GATGACGATGATCGCG-1,Layer_3,4
GATGAGGAACCTTCGG-1,WM,3
GATGCCAGCAGAAGGC-1,Layer_4,2
GATGCCTTCTGCGGCA-1,Layer_6,5
GATGCGAATGGTATTA-1,Layer_4,2
GATGCGTCCTGCATTC-1,Layer_5,1
GATGCTACAAGCGCCT-1,Layer_3,2
GATGCTGTATTTCATC-1,Layer_5,1
GATGGCGCACACATTA-1,Layer_4,2
GATGGTGAAATAACCC-1,Layer_3,4
GATGGTGCCCTAGGCA-1,Layer_3,2
GATGTAACGAACCACC-1,Layer_6,5
GATGTCCGGATCACAT-1,Layer_3,2
GATGTCGGTCAACTGC-1,Layer_3,2
GATGTGTTGTCACAAG-1,Layer_3,2
GATGTTCAATCCACGA-1,Layer_6,5
GATGTTTGTGCGAGAT-1,Layer_4,2
GATTAACCGAAAGCCC-1,Layer_6,5
GATTACTGAATTTGGG-1,Layer_6,5
GATTCCCTTGTCGCAG-1,Layer_3,2
GATTCCGCGTTTCCGT-1,Layer_3,2
GATTCCTATACGGCGC-1,Layer_5,1
GATTCGACGGTTCACG-1,Layer_5,1
GATTGACACTCTGCTC-1,Layer_3,2
GATTGCTCCAGTTGCA-1,Layer_6,3
GATTGGGAAAGGTTGT-1,WM,3
GATTTAGTGCGTACTG-1,Layer_3,4
GCAAACCCTACATTAT-1,Layer_6,5
GCAAACCTTGGCCATA-1,WM,3
GCAAACGTCGCCAGGT-1,Layer_4,1
GCAAAGGGCGTTAGCC-1,Layer_6,5
GCAAATATTACGCTTT-1,Layer_5,1
GCAACACACTAGAACT-1,Layer_6,1
GCAACAGCAGTATGCG-1,Layer_5,1
GCAACCACCAGACCGG-1,Layer_3,4
GCAACCACGGCCGCGT-1,Layer_6,5
GCAACGGCTAGTTATG-1,Layer_4,2
GCAAGAATTCCTTGGC-1,Layer_6,5
GCAAGATGTGTTCGCG-1,Layer_3,4
GCAAGTGCACAGAGAA-1,Layer_4,1
GCAAGTGTAAAGCATG-1,WM,3
GCAATTAGTCGCACCG-1,Layer_3,4
GCACAAACCCTAGATG-1,Layer_6,5
GCACAAACGAGGCGTG-1,Layer_4,1
GCACAACCTCGGGCGT-1,Layer_6,5
GCACAAGTGTCGGAAG-1,Layer_3,2
GCACACACTGGTAGCC-1,Layer_6,5
GCACACGCCCATGGTC-1,Layer_5,1
GCACGCCTACTTAGAT-1,WM,3
GCACGTGGTTTACTTA-1,Layer_6,5
GCACTAGTCGCGCTAT-1,Layer_3,2
GCACTGCCTACCTTTA-1,WM,3
GCACTGTGCAAATGTA-1,Layer_3,2
GCAGAAACGTAATCCA-1,Layer_3,4
GCAGAAGGTAATCTCC-1,Layer_5,1
GCAGACCCAGCACGTA-1,Layer_3,2
GCAGATCCATAAGACT-1,Layer_6,5
GCAGATCCTCGCAAAT-1,Layer_3,2
GCAGATTAGGGATATC-1,Layer_5,1
GCAGCACACAGCCCAG-1,Layer_5,1
GCAGCCTATATCACAT-1,Layer_3,4
GCAGCGGTGGGCATTA-1,Layer_3,2
GCAGCTATGGACAGGT-1,Layer_3,4
GCAGGAACTTAGATCT-1,Layer_6,5
GCAGGACTATAGAATA-1,Layer_5,1
GCAGGTAGAGTATGGT-1,Layer_3,4
GCAGTGCGGGCGGATG-1,Layer_5,1
GCAGTGTGGCTATAGG-1,Layer_6,3
GCAGTTCGATCCGAGC-1,Layer_5,5
GCATAAATTGAACGCC-1,Layer_3,4
GCATACGAGGTCTTTA-1,Layer_5,1
GCATAGAGCACTCAGG-1,Layer_5,1
GCATCCCTAACTTTGA-1,Layer_3,2
GCATCGGCCGTGTAGG-1,Layer_5,1
GCATGAGGGACGCGGC-1,Layer_3,2
GCATGCTAATAACGAT-1,Layer_6,3
GCATTCAAGGCAACGC-1,Layer_3,4
GCATTCGAAATGAACA-1,Layer_4,2
GCATTGTAATTCATAT-1,Layer_5,1
GCATTTCCAAGGCTCC-1,Layer_3,4
GCCAACCATTTCCGGA-1,Layer_3,4
GCCAAGAATACTTCTG-1,Layer_5,1
GCCAATAGGGCATCTC-1,Layer_3,4
GCCACAATTTAAGGAC-1,Layer_6,5
GCCACTCAGAGCGCGA-1,Layer_6,5
GCCACTCCTTACGGTA-1,Layer_5,1
GCCAGGAGTAACCGAT-1,Layer_3,2
GCCAGGCGTTCGCATG-1,Layer_3,2
GCCATATTGCACACAG-1,Layer_3,2
GCCATCGAGCTGCGTG-1,WM,3
GCCATCGATGCTGCAT-1,Layer_3,4
GCCATTAGCCTCAAAC-1,Layer_6,5
GCCCACCAAGGCTGTC-1,Layer_3,2
GCCCACTGGTCCACAA-1,Layer_3,4
GCCCAGATGCTGGAGA-1,Layer_3,4
GCCCAGTTGGTATGCC-1,Layer_4,1
GCCCATGGGTGCAATG-1,Layer_3,2
GCCCGACTTCTTCCCG-1,Layer_6,5
GCCCGAGAGTCTAAAT-1,Layer_6,5
GCCCGATCTGTGGTCG-1,Layer_6,3
GCCCGCGCGTAAACGG-1,Layer_6,5
GCCCGCGCGTTTGACA-1,Layer_4,2
GCCCGTAATACCTTCT-1,Layer_3,2
GCCCTAGCCGTCGCGA-1,Layer_6,5
GCCCTGAGGATGGGCT-1,WM,3
GCCGAAATTCCTACGT-1,Layer_5,1
GCCGACCCACGACTGC-1,Layer_6,3
GCCGATTGGCCAAGCT-1,Layer_5,5
GCCGCACTCCGTTTCA-1,Layer_3,2
GCCGCATTAGTCCGGC-1,Layer_5,1
GCCGCTAGATACGCAG-1,Layer_3,2
GCCGCTTGTGAGAAAC-1,Layer_5,1
GCCGGAAACACATCTT-1,Layer_3,2
GCCGGGTTAGGGTCGC-1,Layer_6,5
GCCGTGGAAGAAATGT-1,Layer_3,4
GCCTACGTTCTGTGCA-1,WM,3
GCCTAGCGATCTGACC-1,Layer_4,2
GCCTATAGTGTCAGGG-1,Layer_3,2
GCCTATGCTGGGCCTT-1,Layer_3,4
GCCTATTCCGATATAG-1,Layer_5,1
GCCTATTTGCTACACA-1,Layer_3,2
GCCTCATCTGGAAATA-1,Layer_4,1
GCCTCCGACAATTCAC-1,Layer_6,5
GCCTCTATACATAGCA-1,Layer_6,3
GCCTGCTACACTGAGA-1,Layer_3,4
GCCTTCAGCCCTACCG-1,Layer_3,2
GCCTTGTATATGCAGT-1,Layer_3,2
GCCTTTGTCAGTGGAC-1,Layer_6,5
GCGAAACGATCGGGAG-1,Layer_6,5
GCGAAACTTAACTGGA-1,Layer_5,1
GCGAAGAATCTGACGG-1,WM,3
GCGAAGCCATACCCGT-1,Layer_5,1
GCGACATGTAAACATC-1,Layer_3,4
GCGACCCAACCATCTG-1,Layer_6,3
GCGACGATAGTTGTAC-1,Layer_6,5
GCGAGAAACGGGAGTT-1,Layer_3,2
GCGAGAGGCCATGTAA-1,Layer_3,4
GCGAGAGTTGCGTCCA-1,Layer_3,4
GCGAGCGCATGCTCCC-1,Layer_3,4
GCGAGGCCCGAGCAGA-1,Layer_5,1
GCGAGTTCTGCAAAGA-1,Layer_5,1
GCGATTCTGGAAGCAG-1,Layer_3,2
GCGATTGTTAACGTTA-1,Layer_5,1
GCGCAAATATATTCAA-1,Layer_6,5
GCGCAAGAGCGCGCTG-1,Layer_4,2
GCGCATCCAGTCAGCA-1,Layer_3,2
GCGCCGTTCCACGATA-1,Layer_5,1
GCGCCTCCCACTCCGA-1,Layer_5,1
GCGCGGTCTAGTAACT-1,WM,3
GCGCGTCATTGGTACA-1,Layer_6,3
GCGCTAAGTATGCATG-1,Layer_3,2
GCGCTAATTGAATAGA-1,Layer_4,1
GCGCTATGCCGAGGCA-1,Layer_6,5
GCGCTCGATCACCTGT-1,Layer_3,2
GCGCTGATCCAGACTC-1,Layer_3,4
GCGCTGCTTTGCATTT-1,Layer_3,2
GCGCTTAAATAATTGG-1,Layer_6,5
GCGGACCGCGTTGTGG-1,Layer_6,5
GCGGAGAAACTTCGCA-1,Layer_6,5
GCGGAGAGGGAGAACG-1,Layer_6,5
GCGGCAAAGTATTGCC-1,Layer_6,5
GCGGCTCTGACGTACC-1,Layer_5,1
GCGGGAACCAGGCCCT-1,Layer_3,2
GCGGGCATTACGATGC-1,Layer_3,4
GCGGGCGAGCCTTACC-1,WM,3
GCGGTAACCCAAATGA-1,Layer_3,2
GCGGTCCCTAGACGCA-1,Layer_3,2
GCGGTGAACTGCGCTC-1,Layer_3,4
GCGGTTCCCTATCATG-1,Layer_6,5
GCGTAAATGGCCATAA-1,Layer_3,4
GCGTCCCTAAGACATA-1,WM,3
GCGTCGAAATGTCGGT-1,Layer_3,2
GCGTCGCCAGGGTGAT-1,WM,3
GCGTCTCTGCATTGGG-1,Layer_5,1
GCGTGGTACTGGGTTA-1,Layer_3,2
GCGTGTATGTCGTATT-1,Layer_3,2
GCGTTATATTTGGAAC-1,Layer_5,1
GCGTTCGGAGACCGGG-1,Layer_3,4
GCTAAACCTGAGGTGA-1,Layer_5,2
GCTAACTGAAGTCTGA-1,Layer_6,3
GCTAAGTAAAGGCGAT-1,Layer_4,2
GCTAAGTAGTTTCTCT-1,Layer_4,1
GCTAATACCGAATGCC-1,Layer_4,2
GCTACAATCGAGGATA-1,Layer_6,5
GCTACAGTACGGACCG-1,Layer_5,1
GCTACGACTTATTGGG-1,Layer_5,5
GCTACTATAGTAGAGT-1,Layer_6,5
GCTAGACCGTCTACTG-1,Layer_4,2
GCTAGAGTAGAGATGT-1,Layer_6,5
GCTAGCACCTGGGCCA-1,Layer_3,4
GCTAGCAGGGAGTGGG-1,Layer_3,4
GCTAGCGATAGGTCTT-1,Layer_6,5
GCTAGCTTGAATAGCT-1,Layer_6,5
GCTAGGCACCACGGAG-1,Layer_6,5
GCTAGTAGAGCTTGTA-1,Layer_5,1
GCTAGTTTCATTGAGG-1,Layer_3,2
GCTATACGTCTCGGAC-1,Layer_6,5
GCTATCATACTCATGG-1,Layer_6,3
GCTATCGCGGCGCAAC-1,Layer_4,2
GCTCAACCTCTTAGAG-1,Layer_3,2
GCTCAATCCGTTTATT-1,Layer_6,5
GCTCAATGTAATACCG-1,WM,3
GCTCATTACTGCATGT-1,Layer_3,4
GCTCCATGAGTGCAGA-1,Layer_5,1
GCTCCATGCAAAGCAA-1,WM,3
GCTCCCAGTCGGTCCA-1,Layer_4,2
GCTCCGCTCGCTTCAG-1,Layer_4,2
GCTCCGGACGTTGATA-1,Layer_3,4
GCTCCTGACATACTGG-1,Layer_6,5
GCTCGACCGAACTGAA-1,Layer_3,4
GCTCGCGGTTCCGCTC-1,Layer_4,2
GCTCGCTCATGTCCAA-1,Layer_4,2
GCTCGGAATTTAAAGC-1,Layer_3,2
GCTCTAAACCCTGACG-1,Layer_3,2
GCTCTATGTTACGTGC-1,Layer_5,1
GCTCTCGGGTACCGAA-1,Layer_4,1
GCTCTTTCCGCTAGTG-1,WM,3
GCTGAACTCTCCAGGG-1,Layer_3,4
GCTGAATCTTCCAATC-1,Layer_6,5
GCTGAGCAACGGTTCT-1,Layer_3,2
GCTGAGGCGTGAGTAT-1,Layer_5,1
GCTGCACGGTTTCTTA-1,Layer_5,1
GCTGCTAAGTAGTCGA-1,WM,3
GCTGCTACTGCGTAGC-1,Layer_6,5
GCTGCTCTCCGGACAC-1,Layer_4,1
GCTGGACCCAAAGTGG-1,Layer_3,4
GCTGGCATATTCACCT-1,Layer_5,1
GCTGGCGGCGCATGCT-1,Layer_6,3
GCTGGTGACTCGTAGT-1,Layer_3,4
GCTGGTTTAGGCCATA-1,Layer_6,5
GCTGTATTACTGGCCC-1,Layer_6,5
GCTGTCTGTGATCGAC-1,Layer_3,2
GCTGTTGCTACCGAAC-1,Layer_4,2
GCTTAATGTAACTAAC-1,Layer_5,1
GCTTACGTAGTTAGTA-1,Layer_3,4
GCTTAGGGAAGCGGTA-1,Layer_3,4
GCTTATGAAGCAGGAA-1,Layer_4,2
GCTTCAGTGGGATTAC-1,Layer_3,4
GCTTCCGTCCCTAGAC-1,Layer_3,2
GCTTGATGATAATCAG-1,Layer_4,1
GCTTGCAGCACAATTG-1,Layer_3,4
GCTTGGATCGATTAGG-1,Layer_3,2
GCTTTCAGAGGAGGTG-1,Layer_3,2
GCTTTCTATCTCAACT-1,Layer_3,4
GCTTTGCTGCCGGGTA-1,Layer_3,4
GGAAACCTTGTTGAAT-1,Layer_3,4
GGAAACTAAATGGGCC-1,Layer_6,5
GGAAAGTGCCCATGCC-1,Layer_3,2
GGAACCCGAACAAGAA-1,Layer_3,2
GGAACCGTGTAAATTG-1,Layer_6,5
GGAACCTTGACTCTGC-1,Layer_6,5
GGAACGGCCTGCAGCC-1,Layer_4,2
GGAACTTTGGCGATTA-1,Layer_6,5
GGAAGATAAGACTGTA-1,Layer_3,4
GGAAGCTCGCTTACAG-1,Layer_3,2
GGAATAACCTCAAGAA-1,Layer_3,2
GGAATGCGCTAGCGTG-1,Layer_3,2
GGACAAGTTGCAGTGA-1,Layer_4,1
GGACACAAGTTTACAC-1,Layer_5,1
GGACCAACAGGATAAC-1,Layer_6,3
GGACCTACGGTAACGT-1,Layer_3,4
GGACCTCTAGGCCGCC-1,Layer_6,3
GGACGGCTTGCGCAAC-1,Layer_3,4
GGACGTCCATAGTTGG-1,Layer_3,4
GGACTCACAAATTAGG-1,Layer_4,1
GGACTCGACAGCGCAT-1,WM,3
GGACTCGTGAGTGGTC-1,WM,3
GGACTCTTCCGGTTGA-1,Layer_5,1
GGAGAAGTCATTGGCA-1,Layer_4,1
GGAGACCAATGTGCTT-1,Layer_3,4
GGAGACCATCTACATA-1,Layer_5,1
GGAGACGACACCTTTG-1,Layer_6,5
GGAGCAACATTTCAAG-1,Layer_6,5
GGAGCACCAAGAACTA-1,Layer_3,2
GGAGCGAGGCCTACTT-1,WM,3
GGAGGATTGAAAGGAG-1,Layer_3,2
GGAGGCCGAAGTCGTC-1,Layer_3,4
GGAGGCGAAGAACCGC-1,Layer_3,4
GGAGGGCTTGGTTGGC-1,Layer_4,2
GGAGGGTCAAGTAAGA-1,Layer_6,5
GGAGTGCCGCCCTGGA-1,Layer_3,2
GGATACTCATGAATTG-1,Layer_3,2
GGATCAAAGGACGAGG-1,Layer_3,2
GGATCATCCCGTACGC-1,Layer_3,4
GGATCCGGAATATACT-1,Layer_4,2
GGATCTTACTGCCCTT-1,WM,3
GGATCTTGACTCAACC-1,Layer_6,5
GGATGAAGATCGCTGA-1,Layer_5,1
GGATGACGCGAGTTTA-1,Layer_5,1
GGATGCTGGCGTTCCT-1,Layer_5,1
GGATGTCCTTACCGCA-1,Layer_3,2
GGATTAAGCTAAGGTC-1,Layer_3,2
GGATTCAGTACGGTGG-1,Layer_4,2
GGATTCCGCTATACCC-1,Layer_3,2
GGATTGCTGTGACTCC-1,Layer_6,3
GGATTTCACTTCTATA-1,Layer_3,2
GGCAAAGGCGCCAATA-1,Layer_6,5
GGCAAATTACTTTACT-1,Layer_6,5
GGCAAGCCAGGGATAG-1,Layer_3,4
GGCAAGCCCATAGTGG-1,WM,3
GGCAAGGCGAAATAGC-1,Layer_6,5
GGCAATAGTCAATGAG-1,Layer_4,1
GGCACTCAGCCGACCC-1,Layer_5,1
GGCACTCCACTGGGCA-1,Layer_5,1
GGCAGCAAACCTATGC-1,Layer_5,1
GGCAGCGGTAATCCTA-1,Layer_3,4
GGCATACAGGTAGCGG-1,Layer_5,1
GGCATATCGGTTCTGC-1,Layer_3,2
GGCATCAACGAGCACG-1,Layer_3,2
GGCCCAATCTAGAGGG-1,Layer_3,4
GGCCCAGTTATCAGCA-1,Layer_3,4
GGCCCGGAGCATGTCT-1,Layer_3,4
GGCCCGTATACCATGC-1,Layer_3,4
GGCCCTCACCCACTTA-1,Layer_5,1
GGCCGAGACTCTGGTG-1,WM,3
GGCCGGCGTCTGCTAT-1,WM,3
GGCCGTTTGGGTTTCA-1,WM,3
GGCCTGCTTCTCCCGA-1,Layer_6,5
GGCCTTTGCAACTGGC-1,Layer_5,1
GGCGAAATCTAACTTG-1,Layer_5,1
GGCGAACCGTTCTGAT-1,Layer_3,4
GGCGAGCGAAACGGCA-1,Layer_5,1
GGCGCAGGACATCTTC-1,Layer_5,1
GGCGCATGAATTGATG-1,Layer_6,5
GGCGCGGAGATCTTTC-1,Layer_6,3
GGCGCGTTCGAGTTTA-1,Layer_6,5
GGCGCTCCTCATCAAT-1,Layer_3,2
GGCGCTTCATTCCCTG-1,WM,3
GGCGGAGTAATATTAG-1,Layer_5,1
GGCGGGCTCTAAGAGT-1,Layer_5,1
GGCGGTAGGATCATTG-1,Layer_4,1
GGCGGTTTGCCGGTGC-1,Layer_3,2
GGCGTACCCTATATAA-1,Layer_3,2
GGCGTAGGGAAAGCTG-1,WM,3
GGCGTCCTATCCGCTG-1,Layer_5,1
GGCTAAAGGGCGGGTC-1,Layer_3,4
GGCTAATGATTGAAAT-1,Layer_3,4
GGCTACTATACACTCC-1,WM,3
GGCTATTAAGTTGTAT-1,Layer_5,1
GGCTCCTCCACCTGTT-1,WM,3
GGCTCGCGTTGAGGTA-1,Layer_3,2
GGCTCGTGCCACCAGC-1,Layer_4,2
GGCTCTGCTCCAACGC-1,Layer_3,2
GGCTGAAATAGCAAAG-1,Layer_6,5
GGCTGAGCATCGTAAG-1,Layer_3,4
GGCTGGCTAGCTTAAA-1,Layer_3,2
GGCTTTCAATAAGGGT-1,WM,3
GGGAACGGGAGGTTAG-1,Layer_5,1
GGGAACGGTTTCAGAT-1,WM,3
GGGAAGACGGTCTGTC-1,WM,3
GGGAAGGGCTTTCTCA-1,Layer_6,3
GGGAATGAGCCCTCAC-1,Layer_3,4
GGGACAGAGTTACTCC-1,Layer_6,5
GGGACCCGTATATCTT-1,WM,3
GGGACTGCATAGATAG-1,Layer_5,1
GGGAGAACTCACAGTA-1,Layer_4,1
GGGAGCGACCGTAGTG-1,WM,3
GGGAGGATGCCCGAAA-1,Layer_5,1
GGGAGTAATGGCTGGC-1,Layer_3,2
GGGAGTTAATGAGGCG-1,Layer_4,1
GGGATACGGTAATAAT-1,Layer_3,2
GGGATGGTCGTAACCG-1,Layer_6,5
GGGATTTACCGCACCT-1,Layer_5,1
GGGCAACCGCACGTGC-1,Layer_6,5
GGGCACGTAGTACTGT-1,WM,3
GGGCAGAGCAATCGTT-1,WM,3
GGGCAGTCAACGCCAA-1,WM,3
GGGCCCGTCTTAAACA-1,Layer_6,5
GGGCCCTACGAAAGGG-1,Layer_5,1
GGGCCGGCCGAAGTAC-1,Layer_4,1
GGGCCTAAATGGGCTA-1,Layer_5,1
GGGCCTATACAACCGG-1,Layer_3,4
GGGCCTATTTAAGTAT-1,Layer_3,4
GGGCGATATGTGTGAA-1,Layer_4,1
GGGCGCAGCGTTACTC-1,Layer_3,4
GGGCGGCAAATGAATT-1,Layer_6,5
GGGCGGGTTCCCTACG-1,Layer_6,5
GGGCGGTCCTATTGTC-1,Layer_3,2
GGGCGTACATTTATAT-1,Layer_4,1
GGGCGTCACCACGTAA-1,Layer_6,5
GGGCGTCCACTGGCTC-1,Layer_3,2
GGGCGTGGTTTCCCAG-1,WM,3
GGGCGTTTACATTCAT-1,Layer_6,5
GGGCTATGATCGATGG-1,WM,3
GGGCTCATCGAACCCA-1,Layer_3,2
GGGCTGCCTAGGGCGA-1,Layer_4,1
GGGCTGGTTAGTCGCG-1,Layer_5,1
GGGTAATGCTGTGTTT-1,Layer_3,2
GGGTACCCACGGTCCT-1,Layer_3,2
GGGTACTTCATGAACT-1,Layer_5,1
GGGTATGTATGCACTT-1,Layer_5,1
GGGTATTCTAGCAAAC-1,Layer_6,5
GGGTCACCGTGACGGT-1,Layer_5,1
GGGTCACGTGCTTATG-1,Layer_3,4
GGGTCACTGAGTAGTG-1,Layer_3,4
GGGTCAGGAGCTAGAT-1,WM,3
GGGTCATGCGTACCAT-1,Layer_3,2
GGGTCGTGGCAAGTGT-1,Layer_3,4
GGGTCTATCGCTTTCC-1,Layer_6,5
GGGTGACACCTTAACT-1,Layer_6,5
GGGTGCATATGAAAGC-1,Layer_3,4
GGGTGGTCCAGCCTGT-1,Layer_3,2
GGGTGTTTCAGCTATG-1,Layer_3,2
GGGTTAACATTTGAGT-1,WM,3
GGGTTCAGACGAACAA-1,Layer_3,2
GGGTTTAGGATAGGAT-1,Layer_4,1
GGTAAATGTGCGTTAC-1,Layer_3,2
GGTAACCGGGAGGATA-1,Layer_6,5
GGTAACTATGTATCTG-1,Layer_3,2
GGTACAAACATGCTAT-1,Layer_5,5
GGTACACCAGATTTAT-1,Layer_3,4
GGTACATCTGGGACGA-1,Layer_5,1
GGTACCATTAAGACGG-1,Layer_3,4
GGTACTAAGTGCTTTG-1,Layer_5,1
GGTAGAAGACCGCCTG-1,Layer_6,3
GGTAGACCGTTGGGCG-1,WM,3
GGTAGTGCTCGCACCA-1,Layer_4,1
GGTATAGTGACACATA-1,Layer_3,4
GGTATTGCCGAGTTTA-1,Layer_5,1
GGTCAAGACTACTTCG-1,Layer_6,5
GGTCAGTGGGTCCCAC-1,Layer_6,5
GGTCATTGTAGTCATA-1,Layer_3,4
GGTCCCATAACATAGA-1,Layer_3,4
GGTCCTTCATACGACT-1,Layer_3,2
GGTCGGATAAACGGCG-1,Layer_3,4
GGTCGGCCAGGAGCTT-1,Layer_3,2
GGTCGGTAATTAGACA-1,Layer_3,2
GGTCGGTCGTCCACAG-1,WM,3
GGTCGTAAGCTCGCAC-1,Layer_6,5
GGTCTCCAAGTAGTGC-1,Layer_4,1
GGTCTCCGTCCAGGTT-1,Layer_6,5
GGTCTCTGAATGGACT-1,Layer_6,5
GGTCTGAGAATCTGGA-1,Layer_3,2
GGTCTTGAGCGCTCTT-1,WM,3
GGTGAAACCGGGAATG-1,Layer_3,2
GGTGAACGGGCTAGCC-1,Layer_3,2
GGTGAAGTACAGGGAT-1,Layer_6,5
GGTGAGATGCAGATAA-1,Layer_3,2
GGTGATAAGGAGCAGT-1,Layer_5,1
GGTGATTTCATCTTGT-1,Layer_3,2
GGTGCAGAGCCTATCG-1,Layer_3,4
GGTGCATAAATGATTA-1,WM,3
GGTGCGGATAAGTGGC-1,Layer_3,2
GGTGCTGATCACAAAG-1,Layer_5,1
GGTGCTGGTACACATT-1,Layer_6,5
GGTGGACCACGTGTTA-1,Layer_3,4
GGTGGACTGCTCTGGC-1,Layer_6,5
GGTGGAGGTTGATACG-1,Layer_3,2
GGTGTAAATCGATTGT-1,WM,3
GGTGTTCTGTTTCTAC-1,Layer_3,2
GGTGTTGGGCGTCTTA-1,Layer_4,1
GGTTACCACCCTCGGG-1,Layer_6,5
GGTTACCCGACACTTT-1,Layer_3,4
GGTTAGCTATATGTCT-1,Layer_5,5
GGTTAGGCTTGGAGAA-1,Layer_5,1
GGTTAGTTACGGCGCC-1,Layer_5,1
GGTTCCACCCGCTTCT-1,Layer_3,2
GGTTCCCTAGTGTCTC-1,Layer_3,4
GGTTCGATGCTGAGTT-1,Layer_3,4
GGTTCGGATTATACTA-1,Layer_5,1
GGTTCTACTCGTCTGA-1,Layer_3,4
GGTTGTGCTCTTGTCC-1,Layer_3,2
GGTTGTGTAGCCTGGC-1,Layer_5,1
GGTTTAATTACCATCG-1,WM,3
GGTTTAATTGAGCAGG-1,Layer_3,4
GGTTTACAATCTCAAT-1,Layer_3,2
GGTTTAGCCTTTCTTG-1,Layer_5,1
GGTTTCAATCGGTCAG-1,Layer_3,2
GGTTTGACAAGAAGCT-1,Layer_3,4
GGTTTGAGTGCTGGAA-1,Layer_3,2
GGTTTGCGAACACGTA-1,Layer_3,4
GGTTTGTGACCTGAGG-1,Layer_6,5
GTAACAACTGACCTTG-1,Layer_3,4
GTAACATCAGCTCATC-1,Layer_3,4
GTAACATCTAAGATAA-1,Layer_6,5
GTAACTGCCCAAGGAG-1,WM,3
GTAACTTGCGGCAGTC-1,Layer_3,2
GTAAGCGGGCAGTCAG-1,Layer_3,2
GTAAGGATTTGTCGGA-1,Layer_3,2
GTAAGTAACAGTCTGG-1,Layer_5,1
GTAAGTAGGGTATACC-1,Layer_5,1
GTAAGTCCACACTCTA-1,Layer_3,2
GTAATAAAGGGCTCCC-1,Layer_3,4
GTAATCTGATTCTTCG-1,Layer_6,5
GTACACTTACCTGAAG-1,Layer_5,1
GTACAGAGGCAAGGGT-1,Layer_4,1
GTACGACGGCGCTGCG-1,Layer_3,2
GTACGAGATTGCGACA-1,Layer_3,2
GTACGCTTCATTGCAC-1,Layer_6,5
GTACGTCACGTATTAA-1,Layer_3,4
GTACGTTTGCCCGTCA-1,Layer_6,5
GTACTAAGATTTGGAG-1,Layer_4,1
GTACTCCCTTATCGCT-1,Layer_5,1
GTACTCCTGGGTATGC-1,Layer_3,4
GTACTGAGGTCGTAAC-1,Layer_3,2
GTACTGCATGAAGCGT-1,Layer_3,2
GTACTGGAGTTAGACC-1,Layer_4,2
GTACTTGGGCACTTCT-1,Layer_3,2
GTAGAAACGGGTGGAG-1,Layer_4,2
GTAGACAACCGATGAA-1,Layer_3,2
GTAGACACGCCTGACT-1,WM,3
GTAGACGTCGTTACAT-1,Layer_3,2
GTAGAGGGAGACAAGT-1,Layer_6,5
GTAGCCAAACATGGGA-1,Layer_6,5
GTAGCGCTGTTGTAGT-1,Layer_3,2
GTAGCGGCTATACACT-1,Layer_5,1
GTAGCTAGTAAGCGCG-1,Layer_3,2
GTAGCTCCGGGAGGCT-1,WM,3
GTAGCTTCCTCTTGTT-1,Layer_3,2
GTAGGTGATCCGTGTA-1,Layer_3,2
GTAGTCGCGGGAATCA-1,Layer_6,5
GTAGTCTACGATATTG-1,WM,3
GTAGTTAGACAATATA-1,Layer_3,4
GTAGTTCGAAGGCGAA-1,WM,3
GTATAATCTCCCGGAT-1,Layer_3,2
GTATAGGACTCAGTAG-1,Layer_3,2
GTATAGTGGCCCATGT-1,Layer_3,2
GTATCAAACGTTAGCT-1,Layer_6,5
GTATCAGCTTGGGTTC-1,Layer_4,2
GTATCCTTTGGTAACC-1,Layer_6,3
GTATCTCAGTCTTGAC-1,Layer_6,5
GTATCTTTCATAACCA-1,Layer_6,5
GTATGAAATTTCACTC-1,Layer_6,5
GTATGACGTGGGAAAC-1,Layer_3,2
GTATGTGGGTCTAGTT-1,Layer_4,1
GTATTAAGGCGTCTAA-1,Layer_4,2
GTATTAGGGTTCGCGT-1,Layer_3,4
GTATTCTGAGAAACGA-1,Layer_6,5
GTATTTAATGGCATAA-1,Layer_5,1
GTCAAAGAAGTGGTGT-1,Layer_6,5
GTCAAAGTTTACATAG-1,Layer_3,2
GTCAACCAGGCCTATA-1,Layer_6,5
GTCAAGCGGACTCGGG-1,Layer_5,1
GTCAATTGTACTGAAG-1,Layer_3,2
GTCACAAAGTTTCCAA-1,Layer_3,2
GTCACCTGTCTATGTC-1,Layer_3,2
GTCACTCTCCAAATCT-1,Layer_5,1
GTCAGAATAGTCTATG-1,Layer_5,1
GTCAGTTGTGCTCGTT-1,Layer_3,2
GTCAGTTTGGTAGTCG-1,Layer_4,2
GTCATGCACCTCCGTT-1,Layer_4,1
GTCATGCGCGAGGGCT-1,Layer_6,5
GTCATGGACATGACTA-1,Layer_3,2
GTCATTAGAGCGAACG-1,Layer_5,1
GTCATTGCATTGACCC-1,Layer_5,1
GTCCAATATTTAGCCT-1,WM,3
GTCCACGTCGCATTCG-1,Layer_6,5
GTCCAGGCACGTGTGC-1,WM,3
GTCCATTACTGCTACG-1,Layer_4,2
GTCCCAACGTAAAGTA-1,Layer_4,1
GTCCCGCGACGTTATG-1,Layer_6,3
GTCCGAGAGCAATCAT-1,Layer_4,1
GTCCGGACCTGAAATT-1,Layer_6,5
GTCCGGCTGAATTGCG-1,Layer_5,1
GTCCGGGTTCACATTA-1,WM,3
GTCCTACAGGCGGCTC-1,Layer_3,2
GTCCTACGAATAGTCT-1,Layer_6,5
GTCCTATTGTTGTGGT-1,Layer_4,2
GTCCTTCTACAACCCA-1,Layer_3,2
GTCCTTCTAGTGGGTT-1,Layer_3,2
GTCCTTTAATGACTTC-1,Layer_3,4
GTCGATAGGTGACTTT-1,Layer_5,1
GTCGCCGTTGTGTGTT-1,WM,3
GTCGCGTAACCCGTTG-1,Layer_5,1
GTCGGAAGGATACCAG-1,Layer_3,4
GTCGGATATCTCAGAC-1,Layer_5,1
GTCGGATGTAGCGCGC-1,Layer_3,2
GTCGGGAAGCAGAAAC-1,WM,3
GTCGTACCATCTCGGG-1,Layer_6,5
GTCGTACCTACGATTG-1,Layer_5,1
GTCGTATTGGCGTACA-1,Layer_3,4
GTCGTCAATTATAAGG-1,Layer_3,2
GTCGTCTGGTTGGCTA-1,Layer_3,4
GTCGTGTCTGGTCATC-1,Layer_3,4
GTCGTTATTCGCTTAT-1,Layer_6,5
GTCTAAGATGCCCAGC-1,Layer_3,4
GTCTACTCAATTACAA-1,Layer_5,1
GTCTAGTGAGCCGCTT-1,Layer_6,3
GTCTATCTGAGTTTCT-1,Layer_6,1
GTCTATTGCATGCTCG-1,Layer_6,5
GTCTATTGGTTCCGGT-1,Layer_6,5
GTCTCAAGGCCCGGCT-1,WM,3
GTCTCCTGCCAGTATG-1,Layer_6,5
GTCTCGACTAAGTTTG-1,Layer_3,4
GTCTCGATCTGCTTTC-1,Layer_3,2
GTCTGGGCGGTCGAGA-1,Layer_6,5
GTCTTAGTACAGCCGG-1,Layer_3,2
GTCTTGAGGAGCAGTG-1,Layer_3,4
GTCTTGTAGCTATTCA-1,Layer_4,2
GTGAAACGGCGCCACC-1,Layer_3,2
GTGAAACGTGCTCCAC-1,Layer_3,2
GTGAACTCCCATTCGA-1,Layer_3,4
GTGAAGATTTCAAGTG-1,Layer_3,4
GTGAAGCCGTATAGTC-1,Layer_3,4
GTGAAGTCACGACTCG-1,Layer_5,1
GTGACAGCTTCCCACT-1,WM,3
GTGACCGCACACTACG-1,Layer_4,1
GTGACCTAAAGAATAA-1,Layer_3,4
GTGACGAGGGTGACCC-1,Layer_3,4
GTGACGCAGGTTTCAT-1,WM,3
GTGACTTCAGTAGTGC-1,Layer_6,5
GTGAGATAACCTTATA-1,WM,3
GTGAGCGTGCTGCACT-1,Layer_5,1
GTGAGGACACTTAAGG-1,Layer_5,1
GTGAGGAGCGGTTGAG-1,Layer_3,2
GTGAGTCTAAGACGGA-1,Layer_4,2
GTGAGTGGTACAACGC-1,Layer_6,3
GTGATCAAGCGTGCAC-1,Layer_6,5
GTGATCACTAACGCCT-1,Layer_5,1
GTGATCATAGATCTGC-1,Layer_6,5
GTGATCCTTGTCATGA-1,WM,3
GTGATGCACAACATCT-1,Layer_3,4
GTGATTCGCCGCTCAA-1,Layer_6,5
GTGCAACAAATGTGGC-1,Layer_3,2
GTGCACCAGCTTCAAC-1,WM,3
GTGCACGAAAGTGACT-1,Layer_3,2
GTGCAGCGTAGAGTAG-1,Layer_5,1
GTGCCATCACACGGTG-1,Layer_6,5
GTGCCCGTTCGGATTC-1,Layer_5,1
GTGCCGCTTCAAAGGT-1,Layer_6,5
GTGCCTAGCTATGCTT-1,Layer_3,2
GTGCCTCAGTGTACGG-1,Layer_3,4
GTGCCTGAGACCAAAC-1,WM,3
GTGCGAAATCGAACAC-1,Layer_6,5
GTGCGACAGGGAGTGT-1,Layer_3,2
GTGCGCAGCTTGCTCC-1,Layer_3,2
GTGCGGGTCTCCAAAT-1,Layer_3,2
GTGCGTGTATATGAGC-1,Layer_5,1
GTGCTCAAGTACTGTC-1,Layer_5,1
GTGCTGCAGATAAGGA-1,Layer_5,1
GTGCTTACATCAGCGC-1,Layer_4,1
GTGGAACCTACATGCG-1,Layer_3,2
GTGGACCAACCCGATT-1,Layer_6,5
GTGGACGCATTTGTCC-1,WM,3
GTGGACGTGCTGAGAC-1,Layer_3,2
GTGGAGCATGTCGGCC-1,Layer_3,4
GTGGAGCGTTTACCGA-1,Layer_6,5
GTGGAGTCGGCGGTTG-1,Layer_6,3
GTGGCAAACAGCGGCA-1,Layer_6,5
GTGGCGGTCCCAGCGT-1,Layer_5,1
GTGGCGTGCACCAGAG-1,Layer_3,2
GTGGGAAGACTGAATC-1,Layer_5,1
GTGGGCTTAGACACAC-1,Layer_5,1
GTGGTATAGTCTGCCG-1,WM,3
GTGGTCAGCGAAGTAT-1,Layer_3,2
GTGGTGGCCAAGTGAA-1,Layer_5,5
GTGGTTACTTCTTTCG-1,Layer_3,4
GTGGTTTCCGCCTTTC-1,Layer_6,5
GTGTACCTTGGCTACG-1,Layer_3,2
GTGTATATCAGCGGGC-1,WM,3
GTGTCAGTGTACGTGG-1,WM,3
GTGTCCGATAAGGCAT-1,Layer_3,4
GTGTCGTATAGCGTTC-1,Layer_6,3
GTGTCGTATTCACCTT-1,Layer_3,4
GTGTGAATAACTTAGG-1,Layer_3,2
GTGTTACTATGCGTCC-1,Layer_5,1
GTTAAAGTAGGACTGG-1,Layer_6,5
GTTAACATCACTTAAA-1,Layer_6,3
GTTAACTATGTTGTCA-1,Layer_4,2
GTTAAGGGTGCGATGT-1,WM,3
GTTAAGTTAGAGTGGG-1,Layer_3,4
GTTAATGTCTATCTTA-1,Layer_4,1
GTTACAATTGGTGACG-1,Layer_5,1
GTTACCTACAACTTGC-1,Layer_6,5
GTTACTTTGGGCCTAG-1,Layer_6,5
GTTAGAGTGTGCCGCT-1,Layer_3,2
GTTAGCCCATGACATC-1,WM,3
GTTAGCCGTAAATCAA-1,Layer_3,4
GTTAGGCTACCCGTTT-1,Layer_6,5
GTTATAATACGGTGAA-1,Layer_5,5
GTTATATCAGGAGCCA-1,Layer_3,4
GTTATATTATCTCCCT-1,Layer_6,5
GTTATCACCTTCTGAA-1,Layer_3,2
GTTATTAAATACGACC-1,Layer_3,2
GTTATTAACGTGGGAG-1,Layer_4,2
GTTCAATCTATGTCAA-1,Layer_3,2
GTTCACAGGAGTCTAG-1,Layer_5,1
GTTCATCGTTTGGCTG-1,Layer_3,4
GTTCCAGTCTGACCAT-1,Layer_3,2
GTTCCCGTAAACATAT-1,Layer_6,5
GTTCCGTCCGCCTGCA-1,WM,3
GTTCGCCATAAGTGCC-1,Layer_5,1
GTTCGCTGAGACGTCT-1,Layer_5,5
GTTCGGAGCACTCAAC-1,Layer_6,5
GTTCGGATCGGGAACA-1,Layer_4,1
GTTCGGGCGTACCATT-1,Layer_3,4
GTTCGTCTAAAGAACT-1,Layer_6,5
GTTCTTCCCTCGATGT-1,Layer_3,2
GTTGAACCGGTTCCAT-1,Layer_6,5
GTTGAGTCCCGCCGGT-1,Layer_6,5
GTTGCACGGAGTTTCG-1,Layer_4,1
GTTGCGCTAACATTAC-1,Layer_3,4
GTTGCGGACGGTCAGG-1,Layer_5,5
GTTGGACCGCATCAGG-1,Layer_3,4
GTTGGATTCAGTGGCT-1,Layer_3,4
GTTGGATTGAGAACAC-1,Layer_3,2
GTTGGATTTGCGTTGG-1,Layer_5,1
GTTGGTCATGCTATCC-1,WM,3
GTTGTCGTGTTAGTTG-1,Layer_3,2
GTTGTTACATTGCGCT-1,Layer_3,4
GTTGTTGCAAGATGGC-1,Layer_6,5
GTTTACGTTCCATCTG-1,Layer_6,5
GTTTATGGGATTTAGA-1,Layer_3,2
GTTTCAAACGAGTTGT-1,Layer_6,5
GTTTCATATCGTCGCT-1,Layer_5,1
GTTTCCTGGAGGGTGA-1,Layer_4,1
GTTTCTGCAGTCTCCC-1,Layer_5,1
GTTTGACCAAATCCTA-1,Layer_5,1
GTTTGGCCCAAGTTAT-1,Layer_5,1
GTTTGGCCGCTCAGCG-1,Layer_3,2
GTTTGGCGTCAGGCAC-1,Layer_3,4
GTTTGGGCTTGTGAGC-1,Layer_6,3
GTTTGGGTTTCGCCCG-1,Layer_6,3
GTTTGGTAGGGTCAAC-1,Layer_6,3
GTTTGGTGATCGGTGC-1,WM,3
TAAACCCAGGAGGGCA-1,Layer_6,5
TAAACGTCGTCAATGA-1,Layer_3,2
TAAAGACAACCCTTTA-1,Layer_3,4
TAAAGAGCCCGAAACC-1,Layer_3,2
TAAAGCGGTATTTCCA-1,WM,3
TAAAGCGTTAGGAGAA-1,Layer_3,2
TAAAGCTGCAATAGGG-1,Layer_3,4
TAAATCTTTACACCTC-1,Layer_3,4
TAAATGAATCCGTTTC-1,Layer_5,1
TAAATGCCGTCTCATG-1,Layer_3,4
TAACAAAGGGAGAAGC-1,Layer_4,2
TAACAATATTTGTTGC-1,Layer_5,1
TAACAGCGTTTGTGCT-1,WM,3
TAACATACAATGTGGG-1,Layer_5,1
TAACATACACGCGATC-1,Layer_6,5
TAACCGCCCGCAGTGC-1,Layer_3,2
TAACCTACCGTCCGAG-1,Layer_3,2
TAACCTAGGGAGTCCA-1,Layer_6,5
TAACGCTTTGAGAGCG-1,Layer_5,1
TAACTATCGAAGGTCC-1,Layer_5,1
TAACTATTACGCCAAA-1,Layer_3,4
TAACTCATCCGCGCGG-1,Layer_6,5
TAACTCCATGGAGGCT-1,Layer_4,2
TAAGAGGGACAGGGAC-1,Layer_6,5
TAAGCAGGCGACACGC-1,Layer_5,1
TAAGCCCTTACGACCA-1,Layer_3,4
TAAGCGCGAATCAAAT-1,Layer_6,5
TAAGGAACTTGTGGGA-1,Layer_3,2
TAAGGCAACATAAGAT-1,Layer_3,2
TAAGGCATAACATCAA-1,WM,3
TAAGGCCCGTCACCCT-1,WM,3
TAAGGCTGAATCCCTC-1,Layer_5,1
TAAGGGCCTGTCCGAT-1,Layer_6,5
TAAGGGCTGGGAGAGG-1,Layer_5,1
TAAGTAAATGTGCCGC-1,Layer_3,4
TAAGTAACATCTTGAC-1,Layer_6,5
TAAGTCGCCGAGTATC-1,Layer_6,5
TAAGTTGCGACGTAGG-1,Layer_6,5
TAATAAACAAGGAGAT-1,Layer_3,4
TAATACACAGTAGTAT-1,Layer_3,2
TAATACTAGAACAGAC-1,WM,3
TAATAGAACAGAGTTA-1,Layer_6,5
TAATAGGTCACCAGAA-1,Layer_6,5
TAATAGTGACGACCAG-1,Layer_3,2
TAATATTGAAATTCGC-1,Layer_3,2
TAATCAACCAAATGGG-1,Layer_5,1
TAATCAGGAATGCTGC-1,Layer_3,4
TAATCGATCCGTACGT-1,Layer_3,2
TAATGAAAGACCCTTG-1,Layer_4,2
TAATTACGTCAGTAGA-1,Layer_6,5
TAATTAGATGGATATG-1,Layer_3,2
TAATTAGGACATCCGT-1,Layer_4,2
TAATTGGAATCGGGAA-1,Layer_3,4
TACAAATTGCGGAGGT-1,Layer_3,4
TACAACGCACAACTCA-1,Layer_6,5
TACAAGCTGTTCACTG-1,Layer_3,2
TACAAGTCTCGTGCAT-1,Layer_5,1
TACACCGTCGTTAGTC-1,Layer_3,4
TACAGAAACGGTGGGC-1,Layer_6,3
TACATAGGCATACACC-1,Layer_5,1
TACATCCCTATCCCTG-1,Layer_5,1
TACATGCCGGAATTGT-1,Layer_5,1
TACATTTCTAACGTGC-1,Layer_5,1
TACCAAATAGCCCAGA-1,WM,3
TACCAATAAAGTACCA-1,Layer_6,3
TACCAGAAGTAGGTTC-1,Layer_6,5
TACCAGCTAGGTTTAA-1,Layer_3,2
TACCAGGAATCCCGTC-1,WM,3
TACCGAATAATTGTAA-1,Layer_6,3
TACCGCGGACTTGCAG-1,Layer_3,2
TACCGGCTCACTGCCC-1,Layer_6,5
TACCGGTCGTTTCCAT-1,Layer_6,5
TACCGTAGGTTAACTA-1,WM,3
TACCGTGCCTCGGACC-1,Layer_6,3
TACCTACTCCCAGTAT-1,WM,3
TACCTCACGCTTGTAC-1,Layer_3,2
TACCTCAGTTGTCTGT-1,WM,3
TACCTCCACACCAATG-1,Layer_6,3
TACCTGCTGCACTGTG-1,Layer_5,1
TACCTTAAGATTTCCC-1,Layer_6,5
TACGAACACGACTTCA-1,Layer_5,1
TACGACGCTTGCTGCG-1,Layer_6,5
TACGACTGCCTCTTAG-1,Layer_6,5
TACGAGAACTTCACGT-1,Layer_5,1
TACGATCCAAGCCACT-1,Layer_3,4
TACGATGTTGATCATC-1,Layer_5,1
TACGCAGTTCTTTCCT-1,Layer_6,5
TACGCCATATTCTAAT-1,Layer_5,5
TACGCCGAGGGTACCC-1,Layer_6,3
TACGCCTCCATTCCGA-1,WM,3
TACGCTATAGAAACCT-1,Layer_3,4
TACGCTCGGTATTGGA-1,Layer_6,5
TACGCTGCTGTGTTAA-1,Layer_6,5
TACGGAAGCCAAACCA-1,WM,3
TACGGCATGGACGCTA-1,Layer_6,5
TACGGGATGCTAGCAG-1,Layer_3,2
TACGTAAAGCGGAGTG-1,Layer_6,5
TACGTACTAGTGCTGA-1,WM,3
TACGTGCACTATGCTG-1,Layer_4,2
TACGTGGGCCCAGGGC-1,WM,3
TACGTTTACCGGCAAT-1,Layer_6,1
TACTATGGTTCCTCAG-1,WM,3
TACTCCTCTAGTTGAC-1,WM,3
TACTCGGCACGCCGGG-1,Layer_5,1
TACTCTCCGAACAAAT-1,Layer_3,2
TACTCTTACTTTACTG-1,Layer_6,5
TACTCTTTCGTCTTCA-1,WM,3
TACTGAACAGATTTAG-1,WM,3
TACTGCAATCAATTAC-1,Layer_3,4
TACTGGACAGCTCGGC-1,Layer_5,1
TACTGTTTCTCTGGTA-1,Layer_4,1
TACTTAAACATGTACA-1,Layer_6,5
TACTTGTTAGTAGTCC-1,Layer_4,1
TACTTTACTGAGCCGG-1,Layer_3,2
TACTTTCCGCACGCCA-1,Layer_6,5
TAGAAACCACTAAGTA-1,Layer_3,2
TAGAAAGGTGGCGCTA-1,Layer_3,2
TAGAAATTCACGTATA-1,Layer_5,1
TAGAATAGCCGATGAA-1,Layer_6,5
TAGAATTAAGGGCAAC-1,Layer_3,2
TAGACGAAACGCCAAT-1,WM,3
TAGACGCCCGTACCGG-1,Layer_3,2
TAGACTACCTAGCGTT-1,Layer_3,4
TAGAGATCATGCAACT-1,Layer_6,5
TAGAGCTACGAAGAAC-1,Layer_3,2
TAGAGGTTCTACTTGT-1,Layer_6,5
TAGAGTCTAAGCGAAC-1,Layer_5,1
TAGATATGGACTGGAA-1,Layer_6,3
TAGATCCGAAGTCGCA-1,Layer_3,2
TAGATGGTTCCTTACT-1,Layer_6,5
TAGATTCAAAGTGCGG-1,WM,3
TAGATTCCTGGTTATT-1,Layer_5,1
TAGCAACCTGTCACAA-1,Layer_4,2
TAGCAGTAAATACGCG-1,Layer_3,4
TAGCAGTATGACTAAA-1,Layer_6,3
TAGCCATTTCAAAGTC-1,Layer_5,1
TAGCCGGCGGTCAGCG-1,Layer_3,2
TAGCGTCCCTCGATTG-1,Layer_4,1
TAGCGTCCGGTGTGGT-1,Layer_6,3
TAGCGTTGGGTCTTAC-1,Layer_5,1
TAGCTAAGTCCGGGAG-1,Layer_4,1
TAGCTAGAAGGCATGA-1,Layer_6,3
TAGCTAGTGATGATGG-1,WM,3
TAGCTCAGATCCTAGT-1,Layer_3,4
TAGCTCGCCTGATAAC-1,Layer_6,3
TAGCTGATGTGAAGCG-1,Layer_5,1
TAGGAACAGCCTCCAG-1,Layer_3,2
TAGGCATGTTACGCCA-1,Layer_3,2
TAGGCCTATATAGTCT-1,Layer_6,5
TAGGCGATGAGGTCTC-1,Layer_6,5
TAGGCGGCTGCAAAGA-1,Layer_6,5
TAGGCTAAAGTGGCAC-1,Layer_6,3
TAGGGAGCTTGGGATG-1,Layer_3,2
TAGGGTGTTTCAAGAG-1,Layer_3,2
TAGGTCCAAGTAAGGA-1,Layer_5,1
TAGGTCGCCGGAACTG-1,Layer_3,2
TAGGTGACGATAACCT-1,WM,3
TAGGTGAGCCCTACTC-1,Layer_5,1
TAGGTGCTCGCCTAGC-1,Layer_5,1
TAGGTGTTCCACAGAT-1,WM,3
TAGGTTCGAGTTCGTC-1,Layer_5,1
TAGTACCACAACTTTC-1,Layer_6,5
TAGTACCTTAGTGGTC-1,Layer_4,2
TAGTAGCTTATACCAG-1,WM,3
TAGTCCCGGAGACCAC-1,WM,3
TAGTCCGCAGAGAATG-1,Layer_5,1
TAGTCCGTATGCATAA-1,Layer_3,2
TAGTCGATCACGGGTT-1,Layer_5,1
TAGTCTAACAACGAGA-1,Layer_6,5
TAGTCTGTGACGTTGC-1,Layer_3,4
TAGTCTTTCCGAATTG-1,Layer_5,1
TAGTGCCCTCCAGAGT-1,Layer_5,1
TAGTGGAACTCATACA-1,Layer_3,2
TAGTGTCAGAAACGGC-1,Layer_4,2
TAGTTAAGATAGGATA-1,Layer_3,2
TAGTTTATTCTTGCTT-1,Layer_3,2
TATAAATCCACAAGCT-1,Layer_4,2
TATAAGTGAGGATAGC-1,Layer_4,2
TATACACAGACGCCTT-1,Layer_6,3
TATACACGCAAAGTAT-1,Layer_3,2
TATACCGAGTGCCACA-1,Layer_5,1
TATACGCGTCATCACT-1,WM,3
TATACTCATGCGGCAA-1,Layer_3,2
TATAGAGTCGCTTGAA-1,WM,3
TATAGATGGTCGCAGT-1,Layer_4,2
TATAGCGCACGTTATC-1,Layer_5,1
TATAGGGTACTCATGA-1,Layer_5,1
TATATAGGGCTTTACG-1,WM,3
TATATATCGAGAAATG-1,Layer_6,3
TATATCATTGATCAGT-1,Layer_4,2
TATATCCCTGGGAGGA-1,Layer_3,2
TATATGCTGGGTTGCC-1,Layer_3,2
TATATTACAAATGTCG-1,Layer_3,4
TATATTCGCGTCGATA-1,Layer_3,2
TATCACAGCACGGGCA-1,Layer_3,2
TATCACCATGTAAAGT-1,Layer_3,4
TATCACCCAACCGACC-1,Layer_3,4
TATCACTTCGAGTAAC-1,Layer_3,4
TATCAGTGGCGTAGTC-1,Layer_6,5
TATCCAATTGGTTATC-1,Layer_6,3
TATCCATATCATGCGA-1,Layer_3,2
TATCCATCTCGGTTAG-1,Layer_6,5
TATCCGCACCGTCGGG-1,WM,3
TATCCTATCAACTGGT-1,WM,3
TATCCTGCATGGGAAT-1,Layer_3,2
TATCGATCTATGCATA-1,Layer_3,2
TATCGATGATTAAACG-1,Layer_4,1
TATCTACAGAGGTAAT-1,Layer_5,1
TATCTACCACAGCGGG-1,Layer_6,5
TATCTAGCCTAAAGGA-1,Layer_5,1
TATCTGAGCCGATATT-1,Layer_6,5
TATCTTGCAATACAAC-1,Layer_6,5
TATGAAGAATTAAGGT-1,Layer_6,3
TATGAAGACAGGTGCG-1,Layer_5,1
TATGATAAATCTAACG-1,Layer_3,2
TATGATCCGGCACGCC-1,Layer_3,4
TATGATCTTCTCTTTA-1,Layer_6,3
TATGCTCCCTACTTAC-1,Layer_3,2
TATGGAGTTTCTCGTT-1,Layer_3,2
TATGGATGTGCTACGC-1,Layer_4,1
TATGGCCCGGCCTCGC-1,Layer_5,1
TATGGGACCGAGCAGG-1,Layer_5,1
TATGGGTACGTATCGT-1,Layer_5,1
TATGGTCTGAGTAACA-1,Layer_5,1
TATGGTTAGTGGGAGA-1,Layer_4,2
TATGTAAAGTGCTTAA-1,WM,3
TATGTCAAGACCGACT-1,Layer_3,4
TATGTCTCATTGTGCC-1,Layer_3,2
TATTAACACCAAAGCA-1,Layer_6,5
TATTAACCTGACCGCG-1,WM,3
TATTACCATCCTGCTT-1,Layer_4,2
TATTATGTTTGCCTGC-1,Layer_6,5
TATTCAATTCTAATCC-1,Layer_4,1
TATTCCACTCAGCTCG-1,Layer_6,3
TATTCCGAGCTGTTAT-1,Layer_6,5
TATTCCGGCAGTCCTA-1,Layer_3,2
TATTCCTCCGCCCACT-1,Layer_6,5
TATTCGTGCCAGAATA-1,Layer_5,1
TATTGACATTTCTGCC-1,Layer_3,4
TATTTAGTCTAGATCG-1,Layer_3,2
TATTTATACCGAGTAG-1,Layer_3,2
TATTTGATTTGCACAG-1,Layer_5,5
TATTTGTTACCCTTTA-1,Layer_4,1
TCAAACAACCGCGTCG-1,Layer_3,2
TCAAACAATTAGGACA-1,Layer_3,4
TCAAACTTAGATTGTT-1,Layer_4,1
TCAAATTGTTGTGCCG-1,WM,3
TCAAATTTGAGACTCA-1,WM,3
TCAACAAAGATAATTC-1,Layer_6,5
TCAACACATTGGGTAA-1,Layer_3,2
TCAACATAGCGCCCTA-1,WM,3
TCAACATCGACCGAGA-1,Layer_5,1
TCAACCATGTTCGGGC-1,Layer_4,1
TCAACGAGGAGACAAA-1,Layer_6,5
TCAACGCAGGAAATAA-1,Layer_6,5
TCAACGCGACCGGCAG-1,Layer_5,1
TCAACTAACGTATAAC-1,Layer_5,1
TCAACTGCAGAGTCAG-1,Layer_6,5
TCAAGAAATACTAGCT-1,Layer_3,4
TCAAGCGCGGACGGTA-1,Layer_6,5
TCAAGGTTACTACACC-1,Layer_5,1
TCAATACGCCGTCATG-1,WM,3
TCACAAACCGAGGTAC-1,Layer_6,5
TCACAGATCCTCAAAC-1,Layer_3,2
TCACAGCAAACTCGAA-1,Layer_6,3
TCACAGGAGAATAAGA-1,WM,3
TCACAGGGAATCGCAA-1,Layer_6,5
TCACAGGTTATTGGGC-1,Layer_5,1
TCACATCTTATCTGAT-1,Layer_5,1
TCACCCTCTTAAGATT-1,Layer_6,5
TCACCGCTCGGCACTC-1,Layer_3,2
TCACGATGTCCGTGGA-1,Layer_6,5
TCACGCATTGTAGATC-1,Layer_5,1
TCACGGCCCAAGAGAG-1,Layer_6,5
TCACGGTCATCGCACA-1,Layer_4,1
TCACGTGCCCGATTCA-1,Layer_5,1
TCACTACGACCAATGC-1,Layer_3,4
TCACTCGTGCAACGGC-1,Layer_3,4
TCAGAACCTCCACAGG-1,Layer_3,4
TCAGACGCTATAGAAG-1,Layer_6,5
TCAGATGGAGACGTAG-1,Layer_3,4
TCAGCAAATGCATCTC-1,Layer_4,1
TCAGCAGTAGGCCCTG-1,WM,3
TCAGCCAATCCGTAAA-1,Layer_6,5
TCAGGGCGCAAACTCG-1,Layer_4,2
TCAGGGTGCACGAAAC-1,Layer_3,2
TCAGGGTGTAACGTAA-1,Layer_3,2
TCAGGTTCTTTGAGAA-1,Layer_5,1
TCAGTACTGACCCGCG-1,Layer_5,1
TCAGTAGGGACTATAA-1,Layer_6,5
TCAGTGTATACGTCAT-1,WM,3
TCAGTTACGGAATGAT-1,Layer_3,2
TCATACTTACAGATCC-1,Layer_4,2
TCATATGAGCTTTGTT-1,WM,3
TCATCACTCGAGCTCG-1,Layer_3,2
TCATCCCAGAGGGTGG-1,Layer_3,2
TCATCCTCAGCTGCTT-1,WM,3
TCATCGATGGTCCCAA-1,Layer_6,5
TCATGCAGGTTCTCAT-1,Layer_3,2
TCATTCGTATAATTTG-1,Layer_3,4
TCATTTAAGTCTCCGA-1,Layer_3,2
TCATTTAGAAGTGTGA-1,Layer_5,5
TCCAACTCAGCTATCT-1,Layer_6,3
TCCAACTTTAAATTCT-1,Layer_6,1
TCCAAGCCTAGACACA-1,WM,3
TCCAATAAAGGCTACC-1,WM,3
TCCACAATGGTTTACG-1,Layer_5,1
TCCACATCGTATATTG-1,WM,3
TCCACCTCTAGCCTTT-1,WM,3
TCCACTTTATCTAGGT-1,Layer_3,2
TCCAGAGCACCGGTTC-1,Layer_5,1
TCCAGATGTACGCCAA-1,Layer_3,4
TCCAGCGCTATAAGCG-1,Layer_5,5
TCCAGGCGAGTACGGT-1,Layer_5,1
TCCAGGGTATATACGA-1,WM,3
TCCATCAATACTAATC-1,Layer_6,5
TCCATTAGTTGGATAG-1,Layer_3,2
TCCATTCCCACTAGAG-1,Layer_3,4
TCCATTGTGACCTCGT-1,Layer_3,2
TCCCAAACAGACAACG-1,Layer_3,4
TCCCAAAGACGAAGGA-1,Layer_4,1
TCCCAAAGCCCTAAAT-1,Layer_3,4
TCCCACGGAGGGAGCT-1,Layer_3,4
TCCCACTCTCTTCCGG-1,Layer_3,4
TCCCAGCACACGACAT-1,Layer_5,1
TCCCAGCTTTAGTCTG-1,Layer_5,1
TCCCAGGCTTAGCTAA-1,Layer_5,1
TCCCGCCTATGTGCGT-1,Layer_3,4
TCCCGCGTACTCCTGG-1,Layer_3,2
TCCCGGGTGTGCTGCT-1,Layer_5,1
TCCCGGTCAGGAATTT-1,Layer_3,2
TCCCGTCAGTCCCGCA-1,Layer_3,2
TCCCGTCGCGTCATAG-1,Layer_3,4
TCCCGTGTGCAATTTG-1,Layer_5,1
TCCCTAGATCAATAGG-1,Layer_3,4
TCCCTCTTCTCAAGGG-1,Layer_6,5
TCCCTGGCGTATTAAC-1,Layer_6,5
TCCCTGGCTCGCTGGA-1,Layer_5,1
TCCCTTAGATTACTCG-1,Layer_3,4
TCCGAACGTTGCCGCT-1,Layer_5,1
TCCGAACTTGGCTTAC-1,Layer_5,1
TCCGAAGTAGTCACCA-1,Layer_3,4
TCCGAATGGTCCTGAG-1,Layer_3,4
TCCGAGAAGGCTAAGC-1,Layer_3,2
TCCGATAATTGCCATA-1,Layer_3,2
TCCGATGACTGAGCTC-1,Layer_3,2
TCCGATGGTGCGACAT-1,Layer_4,1
TCCGATTACATTGCCG-1,Layer_5,1
TCCGCCTGTCTACAAG-1,Layer_6,3
TCCGCGGCAGCATCTG-1,Layer_4,2
TCCGCGGCCCAATGAA-1,Layer_6,5
TCCGCTGTCATCCCGG-1,Layer_6,5
TCCGCTTATCCCATTA-1,Layer_6,5
TCCGGAGGAAGGGCTG-1,Layer_3,4
TCCGGCCTAGCGTACA-1,Layer_3,4
TCCGGCCTGCATCGAT-1,Layer_3,2
TCCGGGCTTGACGGGA-1,Layer_6,3
TCCGGTTCGTCCGGTC-1,Layer_6,3
TCCGTAACCACAATCC-1,Layer_3,2
TCCGTTAAGCTAATAT-1,Layer_6,5
TCCGTTTAGCCTTGAA-1,Layer_3,2
TCCTAAAGATTCAGAC-1,WM,3
TCCTAAATTGGGAAGC-1,WM,3
TCCTAACCGTCGGGCA-1,WM,3
TCCTACATCCACGGCC-1,Layer_5,5
TCCTAGCAAAGAAGCT-1,Layer_6,5
TCCTATCATAGGTAAC-1,Layer_4,2
TCCTCCTAAGACATTC-1,Layer_6,5
TCCTCGGGCTGGGCTT-1,Layer_5,1
TCCTCTACGAGATGGC-1,Layer_5,1
TCCTCTCCAGTTGTCC-1,Layer_5,1
TCCTCTGGCCCATTAG-1,Layer_3,2
TCCTGCCAACTGGAGA-1,Layer_3,2
TCCTGCGTTGATACTC-1,Layer_5,1
TCCTGGCGCTGCCTGG-1,Layer_3,4
TCCTTACGACGGTCCG-1,Layer_5,1
TCCTTCAGTGGTCGAA-1,Layer_3,2
TCCTTGTCCTTTAATT-1,WM,3
TCCTTTAAATCCGCTT-1,Layer_6,5
TCCTTTCTTACGCTTA-1,Layer_4,1
TCGAAATTTAGGACCA-1,Layer_5,1
TCGAAGAACCGAGCAC-1,Layer_5,1
TCGAATATCCCGCAGG-1,Layer_6,3
TCGACAACTGAACCCG-1,Layer_6,5
TCGAGACCAACACCGT-1,Layer_5,1
TCGAGCCAGGCAGGCC-1,WM,3
TCGAGGGCAACAGACG-1,Layer_5,5
TCGATAGGCTAGTCGC-1,Layer_3,2
TCGCAAAGATGCATTT-1,Layer_6,5
TCGCACCAGGAGGCAG-1,Layer_6,5
TCGCATAAAGGGCGCA-1,Layer_6,5
TCGCATCCCTAAGTGT-1,Layer_3,2
TCGCATTCAATGACTT-1,Layer_3,2
TCGCCCAACTGACTCC-1,Layer_3,4
TCGCCGAAGTTGCGTC-1,Layer_6,5
TCGCCGACATATTCGC-1,WM,3
TCGCCGGTCGATCCGT-1,Layer_3,2
TCGCGTAGCAGTGTCC-1,Layer_6,5
TCGCGTCCAGAAGGTC-1,Layer_5,1
TCGCTAAACCGCTATC-1,Layer_3,2
TCGCTACTGGCTTTGA-1,WM,3
TCGCTCGATATATTCC-1,Layer_4,1
TCGCTCGGCACCAGCG-1,Layer_3,4
TCGCTGCCAATGCTGT-1,WM,3
TCGCTGGGCGGATTGT-1,Layer_3,2
TCGCTGTGCGTAAATC-1,Layer_3,2
TCGCTTAATTACGAAG-1,Layer_3,4
TCGCTTTAAACGTTTG-1,Layer_3,2
TCGGAATGACCATCAA-1,Layer_3,2
TCGGAATGCGCTCTGA-1,Layer_5,1
TCGGACGCCCAGCCCA-1,Layer_4,1
TCGGAGAGTATCGGGA-1,Layer_6,5
TCGGAGTACATGAGTA-1,Layer_4,1
TCGGCGAACCCAAACC-1,Layer_5,1
TCGGCGGTATTAGATT-1,Layer_3,4
TCGGCGTACTGCACAA-1,Layer_6,1
TCGGCTAACTTCCCTT-1,Layer_3,2
TCGGCTTGTATCGACG-1,Layer_6,5
TCGGGAACGTGCCTAG-1,Layer_3,4
TCGGGAGACAGCGTAC-1,WM,3
TCGGGATTCAAACATA-1,Layer_5,1
TCGGGCCGTCGTGGTA-1,Layer_5,1
TCGGGTGAAACTGCTA-1,Layer_3,2
TCGGTCCCGACAATAG-1,Layer_6,5
TCGGTCCCTGACTCCA-1,Layer_3,2
TCGGTGACCGCTCCGG-1,Layer_3,4
TCGGTTAGCCATGTAG-1,Layer_3,2
TCGTAAGACGACATTG-1,Layer_3,2
TCGTAAGCTCCGAGGA-1,Layer_3,4
TCGTACCGACGTCAAG-1,WM,3
TCGTATAGTGCAATTA-1,Layer_3,2
TCGTATCACCAAGCTA-1,Layer_3,4
TCGTATTACCCATTGC-1,Layer_5,1
TCGTATTTCGTCCGGA-1,Layer_3,2
TCGTCAAGTACGCGCA-1,WM,3
TCGTCACACTGTTAGC-1,Layer_5,1
TCGTCCGCTGGCGTCT-1,Layer_4,1
TCGTCCGGGTACACTC-1,Layer_3,4
TCGTCTTAGGCGTTAA-1,Layer_6,5
TCGTGTACTATGGATG-1,Layer_6,5
TCGTGTATTGGTCACG-1,Layer_5,5
TCGTGTCACGCTGACA-1,Layer_6,5
TCGTGTTCGACCACAA-1,Layer_6,5
TCGTTAGGAGTCCCTA-1,Layer_6,3
TCGTTCGTTATTATGT-1,Layer_3,2
TCGTTGCTATCCGGTC-1,WM,3
TCGTTGGCTCGTCAAT-1,Layer_3,2
TCTAAAGAACAGTCTC-1,Layer_6,1
TCTAACTGTATGTAAA-1,Layer_4,2
TCTAATACTGCCTCAG-1,Layer_6,5
TCTACACGTTCATGCA-1,Layer_3,2
TCTACCCAATAGAGAG-1,Layer_6,5
TCTACCGTCCACAAGC-1,Layer_3,2
TCTACGGGCTCAGTTG-1,Layer_3,4
TCTAGCAATCTCCGCC-1,Layer_6,5
TCTAGCATCTTCGATG-1,Layer_4,1
TCTAGCATGCCCAGAA-1,Layer_6,5
TCTAGGTGGCGACGCT-1,Layer_3,4
TCTAGTGATATCGTGG-1,Layer_5,1
TCTAGTTATCAGAAGA-1,Layer_5,1
TCTATAGGTGGGTAAT-1,Layer_6,5
TCTATCATGCAGTTAC-1,Layer_3,2
TCTATCGGTCGCAACA-1,Layer_3,2
TCTATGCTATAACGAC-1,Layer_6,3
TCTATTACGCTGGCGA-1,Layer_3,2
TCTATTACTAGAGGAT-1,Layer_5,1
TCTCATGAGATAGGGT-1,Layer_6,5
TCTCCAACGTAGGTTA-1,Layer_3,2
TCTCCACAAGTTGAAT-1,Layer_6,3
TCTCCCTGGGCAGCGT-1,Layer_6,3
TCTCGAACGAGGTCAC-1,Layer_3,4
TCTCGACGTATCGCCG-1,Layer_4,1
TCTCGAGGAGGTTCGC-1,Layer_5,5
TCTCGGCTCCAGGACT-1,Layer_3,2
TCTCTAATAGCTGGTA-1,Layer_3,2
TCTCTCGCCGCACATA-1,Layer_5,5
TCTCTTACCGCGAACC-1,WM,3
TCTGAACCGGTCGGCT-1,Layer_4,2
TCTGAACTCGTACCCG-1,Layer_5,1
TCTGAAGCACGTGGTC-1,Layer_6,3
TCTGAATTCCGTACAA-1,Layer_3,2
TCTGACGGGCTAACCC-1,Layer_3,4
TCTGAGCAATTGACTG-1,Layer_5,5
TCTGATCGGGTGCTAG-1,Layer_3,4
TCTGATGTATTCTGTC-1,Layer_6,5
TCTGATTGGAAATGGA-1,Layer_3,4
TCTGCATACCTTGCTT-1,Layer_6,5
TCTGCCAGAAACTGCA-1,Layer_5,1
TCTGCGAATCGTTCGC-1,Layer_3,4
TCTGCGTCCGGTTTCT-1,Layer_3,2
TCTGCTTAGAACAAGC-1,Layer_4,1
TCTGGCCGTTCAAGTT-1,Layer_3,4
TCTGGGAACCTTTGAA-1,Layer_4,2
TCTGGGTAGCGCTCAT-1,Layer_6,5
TCTGTCATACAAGAGC-1,Layer_3,2
TCTGTGATGGAGGTTG-1,Layer_3,4
TCTGTGCCATCATAGT-1,Layer_3,2
TCTGTTACCCAGCATA-1,Layer_6,5
TCTTACAGAGGTACCG-1,Layer_3,2
TCTTACCGGAACTCGT-1,Layer_3,2
TCTTACGGCATCCGAC-1,Layer_5,1
TCTTACTTATGCCTCT-1,Layer_5,1
TCTTAGAGCTCCAATT-1,Layer_3,4
TCTTAGAGTGAACTCT-1,Layer_4,1
TCTTCCCATGGGCACA-1,Layer_3,2
TCTTCGAATAGACGTT-1,Layer_5,1
TCTTCGATACCAATAA-1,Layer_4,1
TCTTCGCGGTGAGAGG-1,Layer_6,5
TCTTCTATAACCCGCC-1,Layer_4,1
TCTTGATGCGTAGCGA-1,Layer_4,1
TCTTGCTCCCGATACT-1,WM,3
TCTTGGTAACACCAAA-1,Layer_3,2
TCTTTAAGACTATGAA-1,Layer_3,2
TCTTTAGAGTCTAACA-1,Layer_5,1
TCTTTAGCAGGCGAAC-1,Layer_3,4
TCTTTCCTTCGAGATA-1,Layer_6,5
TCTTTCTCTTAAGGAG-1,Layer_3,2
TGAAACTTATGCAAGC-1,Layer_3,2
TGAAAGGACCTGACTC-1,Layer_4,1
TGAACAAGCAGGGACT-1,WM,3
TGAAGAGCGGTCCTAG-1,Layer_3,2
TGAATACCGACGCGTA-1,WM,3
TGAATATGCTATAAAC-1,Layer_3,4
TGAATGAGATACAGCA-1,Layer_3,4
TGAATGAGTGTTTCCC-1,WM,3
TGAATGTCAGCCGGCC-1,Layer_5,1
TGACACTTCTCTTTGC-1,Layer_3,4
TGACAGGACAAGTCCA-1,Layer_6,5
TGACATCGAGCGGACC-1,Layer_3,2
TGACATGTAACGTGAC-1,WM,3
TGACCAAATCTTAAAC-1,WM,3
TGACCAGCTTCAAAGT-1,Layer_3,4
TGACCCACGTTAGACA-1,Layer_5,1
TGACCCAGCATTCCCG-1,Layer_3,4
TGACGAATATTTCCCT-1,Layer_6,5
TGACGATGCACTAGAA-1,Layer_4,2
TGACTATAATCCTTTC-1,Layer_6,5
TGACTCCGAATCATAC-1,Layer_6,5
TGAGAATGCTTTACCG-1,Layer_3,2
TGAGAGATTTACCACG-1,Layer_5,1
TGAGATCAAATACTCA-1,Layer_3,2
TGAGATTAGGCCCTAA-1,Layer_3,4
TGAGCCATACAGTCTC-1,Layer_6,5
TGAGCGGAAAGTGTTC-1,WM,3
TGAGCTTTAATGACGC-1,Layer_3,2
TGAGGAGTGCCAGCTT-1,WM,3
TGAGGCATGTACTGTG-1,Layer_6,5
TGAGTAAATTAGCGTA-1,Layer_6,5
TGAGTGCCTCTTAAAT-1,Layer_6,5
TGAGTGGTCCGTGACG-1,Layer_3,2
TGAGTTAAAGACATTC-1,Layer_5,1
TGATACATTTAGCCGT-1,WM,3
TGATAGCGGGATTCTA-1,Layer_4,2
TGATCACCACACTGAC-1,WM,3
TGATCAGGGAACTGCT-1,Layer_6,1
TGATCCCAGCATTAGT-1,Layer_3,4
TGATCGGTTTGACCCT-1,Layer_4,1
TGATCTACGCTGATCT-1,Layer_3,4
TGATCTCCGGCGCCAG-1,Layer_5,1
TGATGCTCACGTAGTC-1,Layer_3,4
TGATGGCTGTTTCTGA-1,Layer_3,4
TGATGTCAATTAAGTG-1,Layer_6,5
TGATTATGGCACGCAG-1,Layer_3,4
TGATTCAGGTCCCGCG-1,Layer_5,1
TGATTCCCGGTTACCT-1,WM,3
TGATTCGTCTATCACT-1,Layer_5,1
TGATTCTGTCGCCGGT-1,Layer_6,5
TGATTTATTAGCTGTG-1,Layer_5,1
TGATTTCCTCCTGACG-1,Layer_3,2
TGCAACCCATCTGCGG-1,Layer_6,3
TGCAAGAATGACGTAA-1,Layer_4,1
TGCAATCTAACACGGT-1,Layer_6,3
TGCAATTTGGGCACGG-1,Layer_3,4
TGCACAGTGAAGTTAT-1,Layer_3,4
TGCACGAGTCGGCAGC-1,Layer_3,2
TGCACTATGTGAGTGC-1,Layer_3,2
TGCAGAACTATATCGT-1,Layer_5,1
TGCAGAGTACCGAGCA-1,Layer_5,1
TGCAGATCGTCCTAGG-1,Layer_5,1
TGCAGCTACGTACTTC-1,Layer_5,1
TGCAGGATCGGCAAAG-1,Layer_3,2
TGCAGTGAGGCTCGGG-1,Layer_3,4
TGCAGTGGTAGGGAAC-1,Layer_6,5
TGCAGTTTCCTCCCAT-1,Layer_5,1
TGCATATGTCTGTCAC-1,Layer_4,1
TGCATCTCCGGATCTT-1,Layer_3,4
TGCATGGATCGGATCT-1,Layer_3,2
TGCATGGCAGTCTTGC-1,Layer_3,4
TGCATGTGACCCATAG-1,WM,3
TGCATGTGGTAATCTA-1,Layer_3,2
TGCCAAAGTCAGACTT-1,Layer_5,1
TGCCAATGGGTACTCT-1,WM,3
TGCCACCTGGCGAAAC-1,Layer_3,2
TGCCAGTACGTGGAGA-1,Layer_6,3
TGCCATGGCTTATAAG-1,Layer_3,2
TGCCATTACTAAAGAA-1,Layer_3,2
TGCCCGTACCGTTAAA-1,Layer_6,5
TGCCGAAAGCGTATTC-1,Layer_3,4
TGCCGGATGTACGAGC-1,WM,3
TGCCGTGGATCGTCCT-1,WM,3
TGCCTAATTGAAGATT-1,Layer_6,5
TGCCTGACATCGGTCA-1,Layer_3,2
TGCCTGATCAAACGAT-1,Layer_3,2
TGCCTTGGCCAGGCAA-1,Layer_6,5
TGCGAATATGGGATTT-1,Layer_5,1
TGCGACACCCTAGTGC-1,Layer_6,5
TGCGACGGCCGAACGT-1,Layer_6,3
TGCGAGAATATTACCC-1,Layer_6,5
TGCGAGATGGCGGCCA-1,Layer_3,4
TGCGAGCCCTTCCGCG-1,Layer_3,4
TGCGATGCTAATGGCT-1,Layer_3,2
TGCGCAAAGCATTTGG-1,Layer_4,1
TGCGCGATTAACGGAG-1,Layer_5,1
TGCGGACTTGACTCCG-1,WM,3
TGCGGAGTAAAGGTGC-1,Layer_3,2
TGCGGCATAGTTCAAC-1,Layer_3,2
TGCGGTCTACGAGTAA-1,Layer_3,2
TGCGGTGAAATTTCAT-1,Layer_3,2
TGCGTAAGAACCTGAT-1,Layer_6,5
TGCGTACGGCTAATTG-1,Layer_6,5
TGCGTCATGACTGAGC-1,Layer_6,5
TGCGTGATTGGGTGTC-1,Layer_3,2
TGCGTTTGTTGACACT-1,Layer_5,1
TGCTAAGTGTCTATTT-1,Layer_6,5
TGCTATACAAACGGAC-1,Layer_3,2
TGCTCACACAACAACC-1,Layer_3,4
TGCTCCACAGTTCTTA-1,Layer_5,1
TGCTCGGCGAAACCCA-1,WM,3
TGCTCGGTGGGTCACC-1,WM,3
TGCTCTTGAGAGTTTG-1,WM,3
TGCTGCGTCAGAGTTA-1,Layer_3,4
TGCTGGTTGGACAATT-1,Layer_4,2
TGCTGTTGAAGAACTC-1,Layer_5,1
TGCTTAGAGAGAATGC-1,Layer_6,3
TGCTTCCCAAGCAGTA-1,WM,3
TGGAACCACTGACACA-1,Layer_3,4
TGGAAGAAGGGAACGT-1,Layer_5,1
TGGAAGACGAACACCA-1,Layer_3,2
TGGAAGGATAAAGATG-1,Layer_3,2
TGGAATATCCTTGACC-1,Layer_3,4
TGGAATTAGACGCTTT-1,Layer_5,2
TGGACACCGTTGCTTG-1,Layer_3,2
TGGACCAATCTAAGAT-1,WM,3
TGGACGCAATCCAGCC-1,Layer_6,5
TGGACTGTTCGCTCAA-1,Layer_5,1
TGGAGCTAAAGTTCCC-1,Layer_3,2
TGGAGTGATGCGATGA-1,Layer_5,1
TGGATAGAGTAACAGA-1,Layer_3,2
TGGCAAACTAAATTAC-1,Layer_6,5
TGGCAACTCGCGCGCC-1,Layer_3,2
TGGCAAGCACAAGTCG-1,WM,3
TGGCAATGGGACGGCG-1,Layer_6,5
TGGCACGAGCTCGAGT-1,Layer_3,4
TGGCAGATTACGATCA-1,Layer_6,5
TGGCAGCAGTAATAGT-1,Layer_5,1
TGGCATGAAGTTTGGG-1,Layer_6,5
TGGCCAAACTGAAGTA-1,Layer_3,2
TGGCCAATTTGGTACT-1,Layer_5,1
TGGCCGTATATTGACC-1,Layer_5,1
TGGCGACTGCTCCAAA-1,WM,3
TGGCGATCAAGTTATG-1,Layer_6,3
TGGCGGTGTGCGATTG-1,Layer_3,2
TGGCTACACTCTACCT-1,Layer_6,5
TGGCTATGTGACATAC-1,WM,3
TGGCTCTTGTCGCGTA-1,Layer_5,1
TGGCTTGTACAAGCTT-1,Layer_3,4
TGGCTTTGGGTAGACA-1,Layer_3,2
TGGGAAATGCCTTTCC-1,Layer_5,2
TGGGATGCACTCATTC-1,Layer_3,4
TGGGCAATAGTTGGGT-1,Layer_4,1
TGGGCACAAACAGAAC-1,Layer_3,2
TGGGCACGTTCTATGG-1,Layer_3,2
TGGGCAGGCCACCGCA-1,Layer_5,5
TGGGCCACAAGAGCGC-1,Layer_3,2
TGGGCCCATACTAATT-1,Layer_5,1
TGGGCGATACAATAAG-1,WM,3
TGGGTAAGGTTCCCGC-1,Layer_3,2
TGGGTGCACAAGCCAT-1,WM,3
TGGGTGGGATGTCATT-1,Layer_3,4
TGGTAAGCAGGATTGA-1,Layer_5,1
TGGTAGAATATATGGG-1,Layer_5,1
TGGTATCGCATCCCAA-1,Layer_3,2
TGGTATCGGTCTGTAT-1,Layer_3,2
TGGTCCCACGCTACGG-1,Layer_6,3
TGGTCGTGCAAGGCAA-1,Layer_5,1
TGGTCGTTTGATAGAT-1,Layer_3,4
TGGTCTGTTGGGCGTA-1,Layer_5,1
TGGTGATCGTATTTGT-1,Layer_4,2
TGGTTAAGGGCGCTGG-1,Layer_3,4
TGGTTCAACGGGTAAT-1,Layer_6,5
TGGTTCGTAGCAAAGG-1,Layer_3,2
TGGTTGGAGGATCCTG-1,Layer_3,2
TGGTTTAAACGTGGGT-1,Layer_3,4
TGTAATGACCACAATA-1,Layer_5,1
TGTAATGCCTTCGGAC-1,Layer_3,4
TGTACCTACACGAGGG-1,Layer_6,3
TGTACGAACAAATCCG-1,Layer_5,1
TGTACGCTATCAGCTT-1,Layer_3,2
TGTACTGTGCCAAAGT-1,Layer_3,2
TGTAGCCATCCCATTC-1,Layer_6,5
TGTAGGAGAAATTTCC-1,Layer_4,2
TGTAGTGATCTATAAT-1,Layer_5,1
TGTATAACAGATCCTG-1,Layer_3,2
TGTATCAGACTGAAGC-1,Layer_3,4
TGTATCCTTATTCCAT-1,Layer_3,2
TGTATGGCGCAGACAG-1,Layer_5,1
TGTATTTACCTAATGC-1,Layer_3,4
TGTCATTTGTTGGGAA-1,Layer_3,4
TGTCCACGGCTCAACT-1,Layer_6,5
TGTCCCGACATAGCAC-1,Layer_3,2
TGTCCGTGGCGCCTTT-1,Layer_5,1
TGTCCTAAGTCACCGC-1,Layer_5,1
TGTCGGCATGGTGGAA-1,Layer_3,2
TGTCGTTATCACATAT-1,Layer_6,5
TGTCTACAGTTTCTGT-1,Layer_3,2
TGTGACTACGCCAGTC-1,Layer_3,2
TGTGAGACTAGCCCAA-1,WM,3
TGTGATTCCAGCGCTT-1,Layer_3,2
TGTGCCGGTGCCGGAA-1,Layer_6,5
TGTGCTTTACGTAAGA-1,Layer_5,1
TGTGGACTATCTACGT-1,Layer_5,1
TGTGGAGGAAGCTTAA-1,Layer_3,2
TGTGGCAAAGCGTATG-1,Layer_3,2
TGTGGCGGGCTTCTGG-1,WM,3
TGTGGCTCCCACCAAC-1,Layer_4,2
TGTGGTAGGGTGCCTT-1,Layer_5,1
TGTGGTTGCTAAAGCT-1,WM,3
TGTGTAGTAGCACGTG-1,Layer_6,5
TGTGTCGCGAGTTGCA-1,Layer_5,1
TGTGTTCGTATCCAAG-1,Layer_5,1
TGTTATTGTATGTGGC-1,Layer_5,1
TGTTCATAAATGTGCT-1,Layer_3,2
TGTTCCGCTTCCATGA-1,Layer_5,1
TGTTCGTATTGCGGTG-1,Layer_6,5
TGTTCTCTACTCCCTA-1,Layer_3,4
TGTTCTTCCATTGACT-1,Layer_5,1
TGTTGATCACTGTTTA-1,Layer_3,4
TGTTGCCGTCGTCCCA-1,Layer_4,2
TGTTGTCAAGAAGTCT-1,Layer_3,2
TGTTTAATACTTCATC-1,Layer_3,2
TGTTTCGGTACTTCTC-1,Layer_3,2
TGTTTGAGATCGTCAG-1,Layer_5,1
TTAAACAGAGTCCCGC-1,Layer_3,2
TTAAACCGGTAGCGAC-1,Layer_3,2
TTAAACCTGGTTCCTT-1,Layer_4,2
TTAAACTCGAATTCAT-1,Layer_3,2
TTAACACCTCGAACAT-1,Layer_5,2
TTAACCAACCCTCCCT-1,Layer_3,2
TTAACGAACAAGCAGT-1,Layer_3,4
TTAACGTCGCAAGACC-1,Layer_3,2
TTAACTCACGCGTGGA-1,Layer_4,2
TTAACTTCAGGTAGGA-1,Layer_6,5
TTAAGACGAACGAACC-1,Layer_3,4
TTAAGATAGGATTGAC-1,Layer_4,1
TTAAGCCGACAACTTC-1,Layer_3,2
TTAAGCGCCTGACCCA-1,Layer_5,1
TTAAGGATACGGAGGT-1,Layer_3,2
TTAAGGCCCGTACTTT-1,Layer_6,5
TTAAGTATTGTTATCC-1,Layer_6,3
TTAATCAGTACGTCAG-1,Layer_3,2
TTAATGCGAGGTAACT-1,Layer_3,2
TTAATGTAGACCAGGT-1,Layer_4,1
TTAATTGCTTTGGGTG-1,WM,3
TTAATTTCAGACGCGG-1,Layer_3,2
TTACAACTACGCATCC-1,Layer_4,1
TTACACGATCTGCGAC-1,Layer_6,5
TTACAGACCTAAATGA-1,Layer_3,2
TTACATCGTGGCCTGG-1,Layer_4,2
TTACATGCCACAACTA-1,Layer_4,2
TTACCATTGATTACCC-1,Layer_5,1
TTACCCATTGCCGGGT-1,Layer_3,2
TTACCCTAACAGTCCT-1,Layer_5,1
TTACCCTAGGGATTGG-1,WM,3
TTACCGCCTTAGGGAA-1,Layer_3,2
TTACGGATGGTTCGAG-1,Layer_3,2
TTACGTAGCGCGTGCT-1,Layer_3,2
TTACGTATCTATGACA-1,Layer_6,5
TTACTAAAGGACTTTA-1,Layer_6,5
TTACTATCGGCTTCTC-1,Layer_5,1
TTACTCCGGCCGGGAA-1,Layer_4,1
TTACTCTGGTACGTAC-1,Layer_6,5
TTACTGGGATATTTCA-1,Layer_6,5
TTACTGTCTAGAGCTC-1,Layer_3,4
TTACTGTTTCTCTACG-1,Layer_3,2
TTAGAAGAACATGACT-1,Layer_6,3
TTAGAATAAGGGTCGG-1,WM,3
TTAGACACGATCGTTG-1,Layer_3,2
TTAGACGAGTCACCTC-1,Layer_6,5
TTAGAGTTTAGAAGGA-1,Layer_5,5
TTAGATAGGTCGATAC-1,Layer_3,2
TTAGCAACATGGATGT-1,Layer_4,2
TTAGCTAATACGATCT-1,Layer_3,4
TTAGCTCTGTAATCCG-1,Layer_5,1
TTAGCTGATTTGCCGT-1,Layer_4,2
TTAGGTCATAACCGAC-1,WM,3
TTAGTAAACCTGCTCT-1,Layer_6,3
TTAGTAGGGCGGCGGG-1,Layer_5,1
TTAGTTATTCGTGGCA-1,Layer_5,1
TTAGTTCAAGTGTTCG-1,Layer_3,4
TTATAGATGCACATTA-1,Layer_3,2
TTATAGGTAATTGTCT-1,WM,3
TTATAGTCCAAGGTGC-1,Layer_3,4
TTATATACGCTGTCAC-1,Layer_5,1
TTATATTTGGCAATCC-1,Layer_3,2
TTATCCAATCGAACTC-1,Layer_3,2
TTATCCGGGATCTATA-1,Layer_6,5
TTATCCTCAAGGAATA-1,Layer_6,5
TTATCGCCTGCGAAGC-1,Layer_5,2
TTATCTGACATTAGGA-1,Layer_5,1
TTATCTGTATCATAAC-1,Layer_3,2
TTATGAATGAAAGGGA-1,Layer_5,5
TTATGACAAACTGGAT-1,Layer_5,1
TTATGATCTTAACGAA-1,Layer_5,1
TTATGCGTCCCGGTCC-1,Layer_3,2
TTATGTTTGCGATAGA-1,Layer_5,1
TTATTAGAGCGTGTTC-1,Layer_6,5
TTATTAGGGAAGCATC-1,Layer_3,2
TTATTATCTGGAAGGC-1,Layer_5,1
TTCAAAGTCTCTAGCC-1,Layer_4,1
TTCAACGACCCGACCG-1,Layer_3,2
TTCAAGCCGAGCTGAG-1,Layer_3,2
TTCAATACTCTGAATC-1,Layer_4,1
TTCAATTAGCCATAAT-1,Layer_3,2
TTCACGAAAGGATCAC-1,Layer_5,1
TTCACTCGAGCACCTA-1,Layer_6,3
TTCACTTCCTAGAACG-1,WM,3
TTCAGCCCTGGTCCAC-1,Layer_5,5
TTCAGCTGGCGTGCCC-1,Layer_6,5
TTCAGGCGTCAAAGCC-1,Layer_5,1
TTCATGGCGCAACAGG-1,Layer_3,2
TTCCAATCAGAGCTAG-1,Layer_3,4
TTCCAATCTGGCTATC-1,Layer_6,5
TTCCACACAGATTTGA-1,Layer_6,5
TTCCACATTTCTCGTC-1,Layer_3,4
TTCCAGACGAGATTTA-1,Layer_3,4
TTCCATCATGCGGTGA-1,Layer_3,4
TTCCATCGACAGCGTG-1,Layer_6,5
TTCCCGACGCTTCACT-1,Layer_3,2
TTCCCGGCGCCAATAG-1,Layer_5,1
TTCCGCAGAGAAATAT-1,Layer_3,4
TTCCGCGTGAGGCGAT-1,Layer_6,5
TTCCGGCCTTGAGGCT-1,WM,3
TTCCGGCTCGACTTCT-1,Layer_3,4
TTCCGGTATCTGTGTC-1,Layer_3,4
TTCCGGTTACCCACTT-1,Layer_5,1
TTCCTCGAGGGTGTCT-1,Layer_3,2
TTCCTCGGACTAACCA-1,Layer_6,5
TTCCTCTGCCCGAATA-1,Layer_5,1
TTCCTTTCTGTGTTGC-1,Layer_3,2
TTCGACAGAGCCCGTG-1,Layer_6,3
TTCGACGGGAAGGGCG-1,Layer_4,1
TTCGAGCCGGCGCTAC-1,Layer_3,4
TTCGCACTCGCGTGCT-1,Layer_5,1
TTCGCACTGTACGACA-1,WM,3
TTCGCATCCGGAAGCA-1,Layer_3,2
TTCGCCGCTCGCGCTA-1,Layer_6,5
TTCGCGCGCCATACGA-1,WM,3
TTCGCTAGGAAGTTGT-1,Layer_3,4
TTCGCTATCTGACGTG-1,Layer_3,4
TTCGGACTGATGCCTT-1,Layer_3,4
TTCGGCAACCCGCTGA-1,Layer_3,4
TTCGGCTAGAGATGGT-1,Layer_3,2
TTCGGGACTAATCGCG-1,Layer_5,1
TTCGGGCGCTAGTCTT-1,Layer_6,3
TTCGGGTTGCCACGGG-1,Layer_6,5
TTCGGTACTGTAGAGG-1,WM,3
TTCGGTGGAGACGCCC-1,Layer_4,1
TTCGTAATCCCAGCGG-1,Layer_3,2
TTCGTACTCCAGAACG-1,Layer_5,1
TTCGTGGGCTGGAAGC-1,Layer_3,4
TTCGTTCAACGAAGTT-1,Layer_3,4
TTCTAACCGAAGCTTA-1,Layer_3,2
TTCTACCTTTATGTTG-1,Layer_3,2
TTCTACTTGCGAGGGC-1,Layer_4,2
TTCTAGAAAGTCTTAT-1,WM,3
TTCTAGGCCAATTGTG-1,Layer_4,1
TTCTATGCCTTTCGCA-1,Layer_3,4
TTCTATTAAACGCAGC-1,WM,3
TTCTCTTACAGGTGAT-1,Layer_6,5
TTCTGACCGGGCTCAA-1,Layer_6,5
TTCTGCCGCGCCTAGA-1,Layer_6,5
TTCTGCGAGCGCCCTT-1,Layer_5,1
TTCTGCGGGTTAGCGG-1,Layer_5,1
TTCTGCTAGACTCCAA-1,Layer_3,4
TTCTGTTTCCTGTCGC-1,Layer_3,2
TTCTTAGTGAACGGTG-1,Layer_3,2
TTCTTAGTGGCTCAGA-1,Layer_3,2
TTCTTATCCGCTGGGT-1,Layer_5,1
TTCTTCCCTTTGATAT-1,Layer_3,2
TTCTTCGCAATAGAGC-1,Layer_3,2
TTCTTGAGCCGCGCTA-1,Layer_6,5
TTCTTGCTAGCATCTC-1,Layer_3,4
TTCTTGGACGATCTGC-1,Layer_6,5
TTCTTGGAGTAATGAG-1,Layer_3,2
TTCTTGTAACCTAATG-1,Layer_5,1
TTCTTGTGTCCATCAG-1,Layer_4,2
TTCTTTGGTCGCGACG-1,Layer_3,4
TTGAAAGGTGTAAAGG-1,Layer_3,4
TTGAACGAATCCTTTG-1,Layer_3,2
TTGAACGACGTGCTGA-1,Layer_6,3
TTGAAGAATTCCCAGG-1,Layer_5,1
TTGAAGGATGGGCGCC-1,Layer_6,5
TTGAATATGGACTTTC-1,Layer_4,1
TTGAATCGTTGTATAA-1,Layer_5,1
TTGAATTCACGTGAGG-1,Layer_4,2
TTGACAGGAGCTCCCG-1,Layer_5,1
TTGACATGAACGTGGA-1,Layer_6,5
TTGACCAGGAACAACT-1,WM,3
TTGACCATGTTCTCCG-1,Layer_3,2
TTGACCGTGTTAATGA-1,Layer_6,5
TTGACGATTCAGCACG-1,Layer_3,2
TTGACGCTCCATGAGC-1,Layer_4,2
TTGACTACCATATGGT-1,Layer_6,5
TTGACTATTGTCCGGC-1,Layer_5,1
TTGAGAAGTTTAGCAT-1,Layer_6,5
TTGAGAGTACTGCTAA-1,Layer_6,5
TTGAGCAGCCCACGGT-1,Layer_4,2
TTGAGCGCCACGTGAT-1,Layer_3,4
TTGAGGCATTTAACTC-1,Layer_3,2
TTGAGGGTCGAACGCG-1,Layer_3,4
TTGAGTCCCGCTGCTG-1,Layer_3,4
TTGATAGTCAATACAT-1,Layer_3,4
TTGATCTAACTTTGTC-1,Layer_5,1
TTGATGTGTAGTCCCG-1,Layer_3,2
TTGATTAGCTGTTTCT-1,Layer_6,5
TTGATTATGCAGATGA-1,Layer_5,1
TTGCACAATTCAGAAA-1,Layer_6,5
TTGCACGGAGCAGCAC-1,Layer_3,2
TTGCAGGTCATGAAGT-1,Layer_3,4
TTGCATGCTGATCACG-1,Layer_6,5
TTGCCAAGCAGAACCC-1,Layer_4,2
TTGCCATAGCCCGCTC-1,Layer_6,5
TTGCCCTGATCACGGG-1,Layer_5,1
TTGCCGCAGACCTACA-1,Layer_6,5
TTGCCGCTTTCTAGTA-1,WM,3
TTGCCGGTGATCCCTC-1,Layer_3,4
TTGCGGCATCAGAAAG-1,Layer_6,3
TTGCGGCGACTCATGC-1,Layer_3,2
TTGCGTAGTTTGAGGA-1,Layer_5,2
TTGCGTCGGCCAACCG-1,Layer_6,5
TTGCGTGAACGCTTAG-1,Layer_3,4
TTGCGTGTGTAGGCAT-1,WM,3
TTGCTCCCATACCGGA-1,Layer_3,2
TTGCTGAAGGAACCAC-1,Layer_3,2
TTGCTGATCATGTTCG-1,Layer_5,1
TTGCTGCACCTATCCA-1,Layer_4,2
TTGCTGGCCGGGCTTC-1,Layer_3,2
TTGGAAGAATACAGTC-1,Layer_6,5
TTGGACATGTGGCTTA-1,Layer_6,1
TTGGACCATCTGGCAA-1,Layer_5,1
TTGGACCTATAACAGT-1,Layer_6,5
TTGGAGTCTCCCTTCT-1,Layer_3,2
TTGGATATCGTCTACG-1,Layer_6,5
TTGGATCGACTTCTGG-1,Layer_3,2
TTGGATTGGGTACCAC-1,Layer_3,2
TTGGCCATCTTGCGCT-1,Layer_3,2
TTGGCCTAGAATTTCG-1,Layer_3,2
TTGGCGATCCGAATAT-1,Layer_3,4
TTGGCTCAATATGTGT-1,Layer_6,5
TTGGCTCGCATGAGAC-1,Layer_4,1
TTGGGAAGACGAGCCG-1,WM,3
TTGGGACACTGCCCGC-1,Layer_3,2
TTGGGACGTAAGAGTT-1,Layer_5,1
TTGGGCGGCGGTTGCC-1,Layer_3,2
TTGGGTTTATTCAGCG-1,Layer_3,4
TTGGTATGGCTTGTGT-1,Layer_3,4
TTGGTCACACTCGTAA-1,Layer_6,5
TTGGTGCGGTGTTGAA-1,Layer_3,4
TTGGTTGCGGTGCGCG-1,Layer_6,5
TTGTAACTTCATAGCG-1,Layer_3,4
TTGTAAGGACCTAAGT-1,Layer_6,5
TTGTAAGGCCAGTTGG-1,Layer_3,2
TTGTAATCCGTACTCG-1,Layer_5,1
TTGTATCACACAGAAT-1,Layer_3,2
TTGTCGTTCAGTTACC-1,Layer_3,2
TTGTGAACCTAATCCG-1,Layer_6,5
TTGTGAGGCATGACGC-1,Layer_5,1
TTGTGCAGCCACGTCA-1,WM,3
TTGTGGCCCTGACAGT-1,Layer_3,2
TTGTGGTAGGAGGGAT-1,Layer_6,5
TTGTGGTGGTACTAAG-1,Layer_6,3
TTGTGTATGCCACCAA-1,WM,3
TTGTGTTTCCCGAAAG-1,Layer_6,3
TTGTTAGCAAATTCGA-1,Layer_4,1
TTGTTCAGTGTGCTAC-1,Layer_3,2
TTGTTGTGTGTCAAGA-1,Layer_3,2
TTGTTTCACATCCAGG-1,WM,3
TTGTTTCATTAGTCTA-1,Layer_6,3
TTGTTTCCATACAACT-1,Layer_6,5
TTGTTTGTGTAAATTC-1,Layer_3,2
