,ground_truth,domain
AAACAAGTATCTCCCA-1,Layer_5,4
AAACACCAATAACTGC-1,Layer_6,0
AAACAGAGCGACTCCT-1,Layer_3,1
AAACAGCTTTCAGAAG-1,Layer_5,4
AAACAGGGTCTATATT-1,Layer_5,4
AAACATTTCCCGGATT-1,Layer_6,0
AAACCACTACACAGAT-1,Layer_3,1
AAACCCGAACGAAATC-1,Layer_4,3
AAACCGGAAATGTTAA-1,Layer_5,4
AAACCGGGTAGGTACC-1,Layer_6,0
AAACCGTTCGTCCAGG-1,Layer_6,0
AAACCTAAGCAGCCGG-1,WM,2
AAACCTCATGAAGTTG-1,Layer_5,4
AAACGAAGAACATACC-1,Layer_3,1
AAACGACAGTCTTGCC-1,Layer_3,1
AAACGAGACGGTTGAT-1,Layer_4,3
AAACGCCCGAGATCGG-1,Layer_3,1
AAACGGGCGTACGGGT-1,Layer_6,2
AAACGGTTGCGAACTG-1,WM,2
AAACGTGTTCGCCCTA-1,Layer_3,1
AAACTAACGTGGCGAC-1,Layer_3,1
AAACTCGGTTCGCAAT-1,WM,2
AAACTCGTGATATAAG-1,Layer_3,1
AAACTGCTGGCTCCAA-1,Layer_6,0
AAACTTAATTGCACGC-1,Layer_6,0
AAACTTGCAAACGTAT-1,Layer_6,0
AAAGACATGAAGTTTA-1,Layer_3,1
AAAGACCCAAGTCGCG-1,Layer_3,1
AAAGACTGGGCGCTTT-1,Layer_5,3
AAAGCTTGCCTACATA-1,Layer_3,1
AAAGGCCCTATAATAC-1,Layer_6,0
AAAGGCTACGGACCAT-1,WM,2
AAAGGCTCTCGCGCCG-1,WM,2
AAAGGGATGTAGCAAG-1,Layer_3,1
AAAGGGCAGCTTGAAT-1,Layer_5,3
AAAGGTAAGCTGTACC-1,Layer_3,1
AAAGGTCAACGACATG-1,Layer_3,1
AAAGTAGCATTGCTCA-1,Layer_6,0
AAAGTCACTGATGTAA-1,Layer_3,1
AAAGTCGACCCTCAGT-1,Layer_5,4
AAAGTGTGATTTATCT-1,Layer_5,4
AAAGTTGACTCCCGTA-1,Layer_4,4
AAATAACCATACGGGA-1,Layer_3,1
AAATAAGGTAGTGCCC-1,Layer_3,1
AAATACCTATAAGCAT-1,Layer_6,0
AAATAGCTTAGACTTT-1,Layer_3,1
AAATAGGGTGCTATTG-1,Layer_6,0
AAATCCGATACACGCC-1,WM,2
AAATCGTGTACCACAA-1,Layer_6,0
AAATCTAGCCCTGCTA-1,Layer_6,0
AAATGATTCGATCAGC-1,Layer_3,1
AAATGCTCGTTACGTT-1,Layer_3,1
AAATGGCATGTCTTGT-1,Layer_3,1
AAATGGCCCGTGCCCT-1,Layer_6,0
AAATGGTCAATGTGCC-1,Layer_5,4
AAATGTGGGTGCTCCT-1,Layer_3,1
AAATTAACGGGTAGCT-1,Layer_5,4
AAATTACACGACTCTG-1,Layer_3,1
AAATTACCTATCGATG-1,Layer_3,1
AAATTCCAGGTCCAAA-1,Layer_3,1
AAATTGATAGTCCTTT-1,Layer_6,0
AAATTGGTGAGAAGCA-1,Layer_3,1
AAATTTACCGAAATCC-1,Layer_3,1
AAATTTGCGGGTGTGG-1,Layer_6,0
AACAACTGGTAGTTGC-1,Layer_5,4
AACAATACATTGTCGA-1,WM,2
AACAATTACTCTACGC-1,Layer_5,4
AACACACGCTCGCCGC-1,Layer_6,0
AACACGACTGTACTGA-1,Layer_3,1
AACACGAGACGCGGCC-1,Layer_6,0
AACACGCGGCCGCGAA-1,Layer_3,1
AACAGCTGTGTGGCAA-1,Layer_6,0
AACAGGAAATCGAATA-1,Layer_3,1
AACAGGATGGGCCGCG-1,Layer_5,4
AACAGGTAGTATGGAT-1,Layer_5,4
AACATATCAACTGGTG-1,Layer_3,1
AACATCGATACGTCTA-1,Layer_3,1
AACATTGAAGTTGATC-1,Layer_6,0
AACATTGTGACTCGAG-1,WM,2
AACCAAGACTTCTCTG-1,Layer_5,4
AACCAGTATCACTCTT-1,Layer_3,1
AACCATAGGGTTGAAC-1,Layer_6,0
AACCATGGGATCGCTA-1,Layer_3,1
AACCCAGAGACGGAGA-1,Layer_3,1
AACCCATCCCATGATC-1,Layer_6,0
AACCCGACAACCCGTG-1,WM,2
AACCCGAGCAGAATCG-1,Layer_6,0
AACCCGATAGGGCTTC-1,Layer_3,1
AACCCTACTGTCAATA-1,Layer_4,3
AACCCTGGTGGAACCA-1,Layer_3,1
AACCGAGCTTGGTCAT-1,Layer_3,1
AACCGCTAAGGGATGC-1,Layer_5,4
AACCGTTGTGTTTGCT-1,Layer_3,1
AACCTAAAGCCGTCCG-1,Layer_3,1
AACCTCGCTTTAGCCC-1,WM,2
AACCTGTCACGGAATT-1,Layer_3,1
AACCTTTAAATACGGT-1,Layer_6,2
AACCTTTACGACGTCT-1,Layer_3,1
AACGAAAGTCGTCCCA-1,Layer_6,0
AACGATAATGCCGTAG-1,Layer_6,0
AACGATAGAAGGGCCG-1,Layer_3,1
AACGATATGTCAACTG-1,Layer_3,1
AACGCATGATCTGGGT-1,Layer_3,1
AACGCGAACGGCAACA-1,Layer_3,1
AACGCGACCTTGGGCG-1,WM,2
AACGCGGTCTCCAGCC-1,Layer_3,1
AACGCTGTTGCTGAAA-1,Layer_6,0
AACGGACGTACGTATA-1,Layer_6,0
AACGGCCATCTCCGGT-1,Layer_6,0
AACGTACTGTGGGTAC-1,Layer_6,0
AACGTCAGACTAGTGG-1,Layer_5,3
AACGTGATGAAGGACA-1,Layer_3,1
AACGTGCGAAAGTCTC-1,Layer_5,4
AACGTTATCAGCACCT-1,Layer_3,1
AACTACCCGTTTGTCA-1,Layer_4,4
AACTAGCGTATCGCAC-1,Layer_3,1
AACTAGGCTTGGGTGT-1,WM,2
AACTCAAGTTAATTGC-1,Layer_5,4
AACTCCAGAGCGTGTT-1,Layer_6,0
AACTCCTAATCCCATG-1,Layer_3,1
AACTCGATGGCGCAGT-1,Layer_3,1
AACTCTCAATAGAGCG-1,Layer_3,3
AACTCTCAGTGTGCTC-1,Layer_6,0
AACTGAGGTCAGCGTC-1,Layer_3,1
AACTGATATTAGGCCT-1,Layer_3,1
AACTGGGTCCCGACGT-1,Layer_3,1
AACTGGGTTCGAGCCG-1,Layer_3,1
AACTGGTGTGGGCCTT-1,Layer_3,1
AACTTCTGCGTCTATC-1,Layer_3,1
AACTTGCCCGTATGCA-1,Layer_5,4
AACTTGCGTTCTCGCG-1,Layer_3,1
AACTTTACGGGAGCTT-1,Layer_4,3
AACTTTAGCTGCTGAG-1,Layer_3,1
AACTTTCTCGATCATG-1,Layer_3,1
AAGAAATCACCAGATT-1,Layer_3,1
AAGAAGGATCAGTTAG-1,Layer_3,1
AAGACCCAACTGAACA-1,WM,2
AAGACTCACGCCCACT-1,Layer_3,1
AAGACTGCAAGCTACT-1,Layer_5,4
AAGAGATGAATCGGTA-1,Layer_5,4
AAGAGCTCTTTATCGG-1,Layer_4,3
AAGAGGATGTACGCGA-1,Layer_5,4
AAGAGGCATGGATCGC-1,Layer_4,3
AAGAGGCCCTTTGGAA-1,Layer_6,0
AAGATGGCACCGGACC-1,WM,2
AAGATTGGCGGAACGT-1,Layer_3,1
AAGCACCCTGCGTATC-1,WM,2
AAGCATACTCTCCTGA-1,Layer_6,0
AAGCCGAAGCGGTTTA-1,Layer_5,4
AAGCCGCCGTGAAATC-1,Layer_6,0
AAGCCGCTTTACCTTG-1,Layer_3,1
AAGCGCAGGGCTTTGA-1,WM,2
AAGCGGAGTGCGCGCA-1,Layer_3,1
AAGCGGCGTCATGGGT-1,Layer_3,1
AAGCGTCCCTCATCGA-1,Layer_6,0
AAGCTAGATCGAGTAA-1,Layer_6,0
AAGCTCGTGCCAAGTC-1,Layer_5,4
AAGCTCTTTCATGGTG-1,Layer_6,0
AAGGAGAACTTATAAG-1,Layer_3,1
AAGGAGCGGTTGGTGC-1,Layer_5,4
AAGGATCGATCGCTTG-1,Layer_3,3
AAGGATGAGGGACCTC-1,Layer_3,1
AAGGCAGGCTGTCTCC-1,Layer_3,3
AAGGCGCGTAAAGCTT-1,Layer_5,3
AAGGCTGTGCTCATCG-1,Layer_5,4
AAGGGAACGACTGGCT-1,Layer_6,0
AAGGGACAGATTCTGT-1,Layer_3,1
AAGGGACTATGCATTC-1,Layer_6,0
AAGGTATCCTAATATA-1,Layer_3,1
AAGGTGATAAACCAGC-1,Layer_5,4
AAGTAGAAGACCGGGT-1,Layer_3,1
AAGTAGTGACGCGAGG-1,Layer_5,4
AAGTCAATTGTCGTCA-1,Layer_5,4
AAGTCTAGTAGCTGCC-1,Layer_3,1
AAGTGACGACCGAATT-1,Layer_5,4
AAGTGAGTCGGGTTTA-1,WM,2
AAGTGCAAAGGTAGAC-1,Layer_4,3
AAGTGCCTTGACTGTA-1,Layer_4,4
AAGTGCGTTAGAATCT-1,Layer_6,0
AAGTGCTTCTCTATTG-1,WM,2
AAGTGTTTGGAGACGG-1,Layer_6,0
AAGTTCACTCCAAGCT-1,Layer_6,0
AAGTTCAGTCTGCGTA-1,Layer_3,1
AAGTTCGGCCAACAGG-1,Layer_6,0
AAGTTGTGATGTTATA-1,Layer_6,0
AAGTTTACTAATGGCA-1,Layer_3,1
AAGTTTATGGGCCCAA-1,WM,2
AATAACAACGCTCGGC-1,Layer_5,4
AATAACACTAGAACAA-1,Layer_6,0
AATAAGTCCTCGAGAC-1,Layer_3,1
AATAATCTTCGTATCG-1,Layer_5,4
AATACAATGTTTCAGG-1,Layer_4,1
AATACCGGAGGGCTGT-1,WM,2
AATAGAACAGAGTGGC-1,Layer_6,0
AATAGAATCTGTTTCA-1,Layer_6,0
AATAGCAAGCCTCCTG-1,Layer_3,1
AATAGCTACCGCGTGC-1,Layer_3,1
AATAGTCCGTCCCGAC-1,WM,2
AATAGTCGCGAGTCGG-1,Layer_3,1
AATATCAAGGTCGGAT-1,Layer_3,1
AATATCGAATCAATGC-1,Layer_5,4
AATATCGAGGGTTCTC-1,Layer_3,1
AATATTGGAGTATTGA-1,Layer_5,4
AATCAGGTTTCATTTA-1,WM,2
AATCATGTAAAGACTC-1,Layer_6,0
AATCCAAGGGCCTGAG-1,Layer_3,1
AATCCATGCAAGGGTG-1,Layer_3,1
AATCGCCTCAGCGCCA-1,Layer_5,4
AATCGCGCAGAGGACT-1,Layer_3,3
AATCGGGACACTACGA-1,Layer_3,1
AATCGTGAGCCGAGCA-1,WM,2
AATCTAGGTTTACTTG-1,Layer_6,0
AATCTATGCCGGAGCC-1,Layer_3,1
AATCTCTACTGTGGTT-1,Layer_5,4
AATCTGCGTTGGGACG-1,Layer_3,1
AATCTGGCTTTCTAGT-1,Layer_6,0
AATCTGGGTAGACCCT-1,Layer_3,1
AATGACAGCAATGTCT-1,Layer_6,0
AATGACGTAGGATGTC-1,Layer_5,4
AATGACTGTCAGCCGG-1,Layer_4,3
AATGAGTTCGCATATG-1,Layer_3,1
AATGATGATACGCTAT-1,Layer_3,1
AATGATGCGACTCCTG-1,Layer_3,1
AATGCAACCGGGTACC-1,Layer_4,3
AATGCACCAAGCAATG-1,Layer_3,1
AATGGCCGCCAATGCG-1,Layer_3,1
AATGGTCCACCGTTCA-1,Layer_5,3
AATGGTTCTCACAAGC-1,Layer_4,1
AATGTGCCCGAGGTGT-1,Layer_6,0
AATGTGCTAATCTGAG-1,WM,2
AATTAAAGGTCGGCGT-1,Layer_6,0
AATTAACGGATTTCCA-1,WM,2
AATTAGCGCTGCAGCG-1,Layer_6,0
AATTCATAAGGGATCT-1,Layer_3,1
AATTCATTGTCATGCA-1,Layer_6,0
AATTCCAAGCATGTAC-1,WM,2
AATTCGATTCGAGGAT-1,WM,2
AATTCTAGAGTTAGGC-1,Layer_6,0
AATTGAACGCTCTGGT-1,Layer_5,4
AATTGCAGCAATCGAC-1,Layer_6,0
AATTTGGGACATAGTA-1,Layer_3,1
AATTTGGTTCCAAAGA-1,Layer_3,1
ACAAACCATGCGTCCT-1,Layer_6,0
ACAAACCGACAAGGCG-1,Layer_3,1
ACAAAGCATGACCTAG-1,Layer_6,0
ACAAATCGCACCGAAT-1,Layer_6,0
ACAAATGGTAGTGTTT-1,Layer_5,4
ACAAATTCAGATCTGA-1,Layer_3,1
ACAACAGCATGAGCTA-1,Layer_4,3
ACAACGGTCCCTGCGA-1,Layer_4,3
ACAAGCAGTGCCTAGC-1,Layer_5,4
ACAAGGAAATCCGCCC-1,Layer_6,0
ACAAGGACAAGAGGTT-1,Layer_5,4
ACAAGGATGCTTTAGG-1,Layer_6,0
ACAAGGCCTACCAGCC-1,Layer_3,1
ACAAGGGCAGGCTCTG-1,Layer_5,0
ACAATAGTCGTACGTT-1,Layer_5,4
ACAATCCATTTAAACC-1,Layer_5,4
ACAATCGATCTTTATA-1,Layer_3,1
ACAATGAATACGGAGA-1,Layer_6,0
ACAATGATTCTTCTAC-1,Layer_3,1
ACAATTGTGTCTCTTT-1,Layer_6,0
ACAATTTAGGAGGCTC-1,Layer_4,3
ACAATTTGAGCAGTGG-1,Layer_3,1
ACAATTTGGCCATATT-1,Layer_3,3
ACACAAAGACGGGTGG-1,Layer_4,3
ACACAAATATTCCTAG-1,Layer_3,1
ACACACCAGGACCAGT-1,Layer_5,4
ACACACTTTCTACACG-1,Layer_3,1
ACACATGATCAAATCT-1,Layer_6,0
ACACCACATAATTAGC-1,Layer_3,1
ACACCCAGCATGCAGC-1,Layer_4,3
ACACCCGAGAAATCCG-1,Layer_4,1
ACACCGGTCTGACCGC-1,Layer_6,0
ACACCTTAAGTAGGGC-1,Layer_5,4
ACACCTTACTACTTGC-1,Layer_3,3
ACACGAGACTCCTTCT-1,Layer_4,3
ACACGGCACTATGCAT-1,Layer_3,1
ACACGGGAACTTAGGG-1,Layer_3,1
ACACGTAGGCCACAAG-1,Layer_6,0
ACACTCCAATGTCACT-1,Layer_3,1
ACACTGATCAAGGTGT-1,Layer_6,0
ACACTGGGACAGTCGT-1,Layer_6,0
ACAGAACTGAGAACAA-1,Layer_6,0
ACAGATTAGGTTAGTG-1,Layer_3,1
ACAGCATAGAGCCAGT-1,Layer_3,1
ACAGCGACATTCTCAT-1,Layer_6,0
ACAGCGCACCCGCAGC-1,Layer_3,1
ACAGGCTTGCCCGACT-1,Layer_6,0
ACAGGTGGAGGTGAGG-1,Layer_6,0
ACAGTAATACAACTTG-1,Layer_5,4
ACAGTGCAGCGCATTT-1,Layer_3,1
ACATAAGTCGTGGTGA-1,Layer_6,0
ACATAATAAGGCGGTG-1,Layer_3,1
ACATCAGCTGGGACGC-1,Layer_5,3
ACATCCCGGCCATACG-1,WM,2
ACATCCTGGTAACTGT-1,Layer_4,3
ACATCGATCGTTTACC-1,Layer_6,0
ACATCGGTCAGCCGCG-1,Layer_6,0
ACATCGTATGCAATGG-1,Layer_5,4
ACATCGTTAACCTAGT-1,Layer_3,1
ACATCTCAACGCGTAA-1,Layer_3,1
ACATGGCGCCAAAGTA-1,Layer_4,3
ACATTAGTTTATATCC-1,Layer_6,0
ACCAAACACCCAGCGA-1,Layer_3,1
ACCAAACTAGAAATCC-1,Layer_3,1
ACCAACACCACACACT-1,Layer_3,1
ACCAACCGCACTCCAC-1,Layer_6,0
ACCAACGCTTATTTAT-1,WM,2
ACCAAGAACGCGTGTC-1,Layer_3,1
ACCAATATGCAAGTTA-1,Layer_6,0
ACCACAACTCAGAACA-1,Layer_3,1
ACCACAAGTTTCTATC-1,Layer_5,4
ACCACCAATGTAACAA-1,Layer_4,3
ACCACCCTCTCTTCTA-1,Layer_3,1
ACCACGTGCAGCTATA-1,Layer_6,0
ACCAGCCCGGTCTTTG-1,Layer_3,1
ACCAGGAGTGTGATCT-1,Layer_3,1
ACCAGTGCCCGGTCAA-1,Layer_3,1
ACCAGTGCGGGAGACG-1,Layer_5,4
ACCATATCCGCAATAA-1,Layer_5,4
ACCATCCGCCAACTAG-1,Layer_5,4
ACCATCGTATATGGTA-1,Layer_6,0
ACCCAACGCCCGTGGC-1,Layer_3,1
ACCCACCTACATGCTC-1,Layer_5,3
ACCCATCTTGAGGGTA-1,Layer_5,4
ACCCATTTGTCCCTCT-1,Layer_6,0
ACCCGAGCGAAATTAC-1,Layer_6,0
ACCCGATTGGTTCCGA-1,WM,2
ACCCGGAAACTCCCAG-1,WM,2
ACCCGGATGACGCATC-1,Layer_3,3
ACCCGGTTACACTTCC-1,Layer_6,0
ACCCGTGTCATCAGTA-1,WM,2
ACCCTATAGGACTGAG-1,Layer_3,1
ACCCTATGCCATATCG-1,WM,2
ACCCTCCCTTGCTATT-1,Layer_6,0
ACCCTGGTAACGCCCT-1,Layer_3,1
ACCCTTCATCTGCGAA-1,Layer_3,1
ACCCTTGCCTGGGTCG-1,Layer_3,1
ACCCTTTAGTTCTCCA-1,Layer_3,1
ACCGAAAGGGCCCTGC-1,Layer_3,1
ACCGAAGAGTCTGGTT-1,Layer_6,0
ACCGACACATCTCCCA-1,WM,2
ACCGACTGAGTCCCAC-1,Layer_4,3
ACCGATAGGCATAACC-1,Layer_6,0
ACCGATATTTAATCAT-1,Layer_5,4
ACCGATGGTAGCATCG-1,Layer_4,3
ACCGCAATAACTGCCT-1,Layer_6,0
ACCGCGGTGGAAGTCG-1,Layer_4,4
ACCGGGCCTTTGTTGA-1,Layer_5,4
ACCGGTCAGGTACACC-1,Layer_6,0
ACCGGTCTGAGTACGG-1,Layer_3,1
ACCGTGACCACGTGGG-1,WM,2
ACCGTTCCCGCTCTGA-1,Layer_3,1
ACCTAAGTACCTTTCA-1,Layer_6,0
ACCTAATCGACTTCCT-1,Layer_5,4
ACCTACAGTATGTGGT-1,Layer_3,3
ACCTACTATAAATCTA-1,WM,2
ACCTCCGCCCTCGCTG-1,Layer_6,0
ACCTCCGTTATTCACC-1,Layer_3,1
ACCTCGAACTTATGCT-1,Layer_6,0
ACCTGCGTGTCATGTT-1,Layer_6,0
ACGAAATGGGCGGCAC-1,Layer_5,4
ACGACTGGTCATACTC-1,WM,2
ACGAGAACCCATCACG-1,Layer_3,1
ACGAGATATTTGCTTA-1,Layer_3,1
ACGAGGATACCACTCT-1,Layer_6,0
ACGAGGTTTACAACGT-1,Layer_6,0
ACGAGTACGGATGCCC-1,Layer_3,1
ACGATACATAGAACTA-1,Layer_3,1
ACGATCATACATAGAG-1,Layer_3,1
ACGATCATCTTGTAAA-1,Layer_3,1
ACGATGCATATGTTAT-1,Layer_5,4
ACGATGGATCCGATGC-1,Layer_3,1
ACGCAAACTAATAGAT-1,WM,2
ACGCAATCACTACAGC-1,Layer_3,1
ACGCATAAATGACATG-1,Layer_3,1
ACGCATACGTTTACTA-1,Layer_6,0
ACGCATTCGTGAGTAC-1,Layer_5,4
ACGCCAGATGATTTCT-1,Layer_3,1
ACGCCCAGCTGTCGAT-1,Layer_3,1
ACGCCGCTAGACGACC-1,Layer_5,0
ACGCGAAGTCAGACGA-1,Layer_6,0
ACGCGCTACACAGGGT-1,Layer_6,0
ACGCGGGCCAAGGACA-1,Layer_5,4
ACGCGTTTCTTAAGAG-1,Layer_4,3
ACGCTAGTGATACACT-1,Layer_3,1
ACGCTGTGAGGCGTAG-1,Layer_5,4
ACGCTTAGTGTCTCTC-1,Layer_3,1
ACGGAATTTAGCAAAT-1,Layer_3,1
ACGGACTCTCAAAGCG-1,WM,2
ACGGAGCGCAAATTAC-1,Layer_3,1
ACGGATGGTGCGGATA-1,Layer_6,0
ACGGCACTTGCTTGGG-1,Layer_6,0
ACGGCCAACATGGACT-1,WM,2
ACGGCGACGATGGGAA-1,Layer_6,0
ACGGCGGGTTGCCCTG-1,Layer_3,1
ACGGCTGGATGTAGAA-1,Layer_6,0
ACGGGAGTGTCGGCCC-1,Layer_6,0
ACGGGCGTATGCGACA-1,Layer_3,1
ACGGGTCATGTGACTT-1,Layer_3,1
ACGTACAGATTTCTCT-1,Layer_3,1
ACGTAGATTGCTGATG-1,Layer_4,4
ACGTATTACTCCGATC-1,Layer_4,3
ACGTGCGCCTCGTGCA-1,Layer_3,1
ACGTGGTCGAATGTGC-1,Layer_3,1
ACGTTAATGTCGAAGA-1,Layer_5,4
ACGTTAGATTTGCCCG-1,Layer_5,0
ACGTTATTGGTCACTC-1,Layer_3,1
ACGTTCCGCGCTCCGT-1,Layer_3,1
ACGTTCGCAATCAATT-1,Layer_3,1
ACGTTCGTTCAGGAAA-1,WM,2
ACGTTCTGTACAAGTC-1,Layer_6,0
ACGTTTAGTTGTGATC-1,Layer_3,1
ACTAAGGACGCACACC-1,Layer_3,1
ACTAATACGTCAGGCG-1,Layer_3,1
ACTACATCCCGACAAG-1,Layer_6,0
ACTACCAGCTCTCTGG-1,Layer_5,4
ACTACGCGTTAGAATT-1,WM,2
ACTAGTTGCGATCGTC-1,Layer_5,4
ACTATATGCTGTGTTC-1,Layer_3,1
ACTATCCAGGGCATGG-1,Layer_3,1
ACTATCTGCCCGCGTA-1,Layer_5,4
ACTATGTCCAGCTGCC-1,Layer_6,0
ACTATTCGTCCGTGGT-1,Layer_3,1
ACTATTTCCGGGCCCA-1,WM,2
ACTCAACGAATGTATT-1,Layer_3,1
ACTCAAGTGCAAGGCT-1,Layer_6,0
ACTCAATAAAGGCACG-1,Layer_3,1
ACTCAGACCTGCTTCT-1,Layer_3,1
ACTCATGGCAGCCTTC-1,Layer_6,0
ACTCCAATATCATCAT-1,Layer_6,0
ACTCCCATTCCTAAAG-1,Layer_6,0
ACTCCCGAATTCGTTT-1,Layer_3,1
ACTCCCTAATGCTAAA-1,WM,2
ACTCCCTAGAATAGTA-1,Layer_6,0
ACTCGATGTATTTCAT-1,Layer_3,1
ACTCGTAACCCGTCCT-1,Layer_6,0
ACTCGTCAGTAATCCC-1,Layer_4,4
ACTCTCTGACTTAGGT-1,Layer_5,4
ACTCTCTTATACACGA-1,Layer_3,1
ACTCTTCAGCTCCCGC-1,Layer_3,1
ACTCTTGTATAGTAAC-1,Layer_5,4
ACTGAAACGCCGTTAG-1,Layer_6,0
ACTGAATGGCGAAAGT-1,Layer_5,0
ACTGATTTAGTGATTC-1,Layer_3,1
ACTGCCGTCGTAACTC-1,Layer_3,1
ACTGCGGACACACCGT-1,Layer_3,1
ACTGCTCGGAAGGATG-1,Layer_6,0
ACTGGCGAACCTGCGT-1,Layer_3,1
ACTGTACGATACACAT-1,Layer_3,1
ACTGTAGCACTTTGGA-1,Layer_5,4
ACTGTATACGCGAGCA-1,Layer_3,1
ACTGTCCAGGATTATA-1,Layer_5,4
ACTGTCTTCTTTAGAA-1,Layer_4,3
ACTGTGCTAGTAGATC-1,Layer_3,1
ACTGTTTAGTGTAGGC-1,Layer_3,1
ACTTACCGGGCGCGCA-1,Layer_3,1
ACTTACGCATCCACGC-1,Layer_6,2
ACTTAGTACGACAAGA-1,Layer_3,1
ACTTATACTTACCCGG-1,Layer_4,3
ACTTATTAGGATCGGT-1,Layer_5,4
ACTTATTTATGTGCCA-1,Layer_5,4
ACTTCAGGCTGATCCC-1,Layer_6,0
ACTTCCATGCGGGACA-1,Layer_6,2
ACTTCGCCATACGCAC-1,Layer_3,1
ACTTGACTCCCTCTTT-1,Layer_5,4
ACTTGCCATATTGTAC-1,Layer_3,1
ACTTGGGACCCGGTGG-1,Layer_5,4
ACTTGTAGTCCCTTCA-1,Layer_5,4
ACTTGTGGATGGAACG-1,Layer_5,4
ACTTTACCCTCATGAA-1,Layer_3,1
ACTTTCCTATAGCTTC-1,Layer_4,3
ACTTTGACTGCATCCT-1,Layer_5,4
ACTTTGGTCGTGCTCC-1,Layer_6,0
ACTTTGTCGACGCACT-1,Layer_5,4
AGAAATTATGACTCGC-1,Layer_5,4
AGAACCCAGCGTGACA-1,Layer_3,3
AGAACCCTCAATTGGG-1,Layer_6,0
AGAACGTGGTACATTC-1,Layer_3,1
AGAAGAGCGCCGTTCC-1,Layer_4,3
AGAAGGTACACTTCAC-1,Layer_6,0
AGAAGGTTGCCGAATT-1,Layer_6,0
AGAAGGTTGTAGGTCG-1,WM,2
AGAAGTGATTCGTGAT-1,Layer_6,0
AGAATAAATCTTCAGG-1,Layer_5,4
AGAATGCGGGTTCGGA-1,Layer_3,1
AGAATTATGGATTCGA-1,Layer_3,1
AGAATTGTTTGACATA-1,Layer_3,1
AGACAGCTCAGAATCC-1,Layer_3,1
AGACAGGCATCTCAGC-1,Layer_5,4
AGACATAGATCCTTCC-1,Layer_3,1
AGACCAAACCACACCT-1,Layer_5,0
AGACCATGGGATACAA-1,Layer_4,3
AGACCCACCGCTGATC-1,Layer_6,0
AGACCCGCCCTCCTCG-1,Layer_4,3
AGACCGCTCCGCGGTT-1,Layer_5,4
AGACCGGGAAACCCTG-1,Layer_5,4
AGACGAAGTGCCGGTC-1,Layer_5,4
AGACGACGATGCCGCT-1,Layer_6,0
AGACGCCCACTTCGCC-1,Layer_6,0
AGACGGGATTGGTATA-1,Layer_3,1
AGACGGGCCGATTTAA-1,Layer_3,1
AGACTAGCCTTCCAGA-1,Layer_5,4
AGACTGTTACCGGGTC-1,WM,2
AGAGAAACACCAGAAA-1,WM,2
AGAGAACCGTCTAGGA-1,Layer_3,1
AGAGAAGGAGTACAAT-1,Layer_6,2
AGAGATCTCTAAAGCG-1,Layer_5,4
AGAGCAGTTATGAGAC-1,Layer_5,3
AGAGCCGCCGAGATTT-1,Layer_6,0
AGAGCGCTTGTAACGG-1,Layer_3,1
AGAGCGGGCTAATCAT-1,Layer_3,1
AGAGCGTACAAGCTCG-1,Layer_5,3
AGAGCTACGAAAGCAT-1,Layer_3,1
AGAGGCTTCGGAAACC-1,Layer_5,4
AGAGGGACAATTGTCC-1,Layer_3,1
AGAGGTATCTCGGTCC-1,Layer_3,1
AGAGTAAACTTCACTA-1,Layer_5,4
AGAGTATAGTGTTACG-1,Layer_3,1
AGAGTGAACAGACACC-1,Layer_3,1
AGAGTTAGAGACCGAT-1,Layer_3,1
AGAGTTGCAGGCCTCC-1,Layer_3,1
AGATAACTTCAGGGCC-1,Layer_5,4
AGATACCAATAGAACC-1,Layer_6,0
AGATACCAGCACTTCA-1,Layer_3,1
AGATACCGGTGTTCAC-1,Layer_6,0
AGATACGACTTCATAT-1,Layer_3,1
AGATACTCAAGATCGA-1,Layer_5,0
AGATATAATACGACTA-1,WM,2
AGATCGTGCATAAGAT-1,Layer_3,1
AGATCTCAGGTGTGAT-1,Layer_3,1
AGATGACTCGCCCACG-1,Layer_3,1
AGATGAGGGTTGCGAT-1,Layer_3,1
AGATGATGGAGTCTGG-1,Layer_3,1
AGATGCAAGACGTGCA-1,Layer_6,0
AGATTATAGGACGTTT-1,Layer_5,4
AGATTCAAGCGGGTCG-1,Layer_3,1
AGATTCACAACCGATA-1,Layer_6,0
AGCAAAGGCCGCTAGT-1,WM,2
AGCAACATATCTTATT-1,Layer_5,4
AGCAACCGAAAGTAAT-1,Layer_6,0
AGCACACGTTTAGACT-1,Layer_6,0
AGCACCAGTACTCACG-1,Layer_3,3
AGCACTACCGGCCTGT-1,Layer_5,4
AGCACTACCTCACCAG-1,Layer_6,0
AGCACTTAAGGACGCC-1,Layer_5,4
AGCAGAAGGAGAAAGA-1,WM,2
AGCAGCCAGATGAATA-1,WM,2
AGCATATCAATATGCT-1,Layer_6,0
AGCATCATTTCGAAAG-1,Layer_6,0
AGCATCGTCGATAATT-1,Layer_3,3
AGCCAAGCTTTGTGTC-1,WM,2
AGCCACAGGTTACCCG-1,Layer_6,2
AGCCACTCCCGTGCTT-1,Layer_3,1
AGCCCATACATGTAAG-1,Layer_6,0
AGCCCGCAACAAGCAG-1,WM,2
AGCCCGGCATTAGAGG-1,Layer_6,0
AGCCCGGTAGCCTGTA-1,WM,2
AGCCCTAAGCGAAGTT-1,Layer_3,1
AGCCCTCCCTGGTGGC-1,Layer_6,0
AGCCCTGTCGCACCGT-1,Layer_3,1
AGCCCTTCTAATCCGA-1,Layer_3,1
AGCCCTTGGACATCCC-1,Layer_5,4
AGCCGTGGCTAAATGT-1,Layer_6,0
AGCCTAATACCCACGT-1,Layer_6,0
AGCCTTAAAGCGGAAG-1,Layer_3,1
AGCGACAGGAACGGTC-1,Layer_6,0
AGCGACATCCCATTCA-1,Layer_3,1
AGCGACCAACGATATT-1,Layer_4,3
AGCGAGACGTGAAGGC-1,Layer_6,0
AGCGATGCGCCTAATA-1,Layer_6,0
AGCGCATAATGAATCG-1,WM,2
AGCGCGGGTGCCAATG-1,Layer_3,1
AGCGCTAGAGCGATGT-1,Layer_3,1
AGCGCTTATGGGCAAG-1,Layer_3,1
AGCGGACACTTCGTAG-1,WM,2
AGCGGCGGTTAGCGGT-1,Layer_6,0
AGCGGGAAGGGTCCAT-1,Layer_3,1
AGCGGGTCTGACACTC-1,WM,2
AGCGGTTGAGATGTAC-1,Layer_3,1
AGCGGTTGCCGCTCTG-1,Layer_3,1
AGCGTACGAGAGCTAG-1,Layer_3,1
AGCGTGGTATTCTACT-1,Layer_6,0
AGCGTTCCGATTTAAA-1,Layer_3,1
AGCTAACAAGCAATGT-1,WM,2
AGCTAAGTACGCAGGC-1,WM,2
AGCTAGAAGCAGAAGT-1,Layer_3,1
AGCTATTTAATCCAAC-1,Layer_3,1
AGCTCCATATATGTTC-1,Layer_6,0
AGCTCCTTCGCACATC-1,Layer_6,0
AGCTCGTTGATGGAAA-1,Layer_3,1
AGCTCTAGACGTTCCA-1,Layer_5,4
AGCTCTTCCCAGTGCA-1,Layer_3,1
AGCTCTTCGTAACCTT-1,Layer_3,3
AGCTCTTTACTCAGTT-1,Layer_6,0
AGCTGAAGTAAACCAA-1,Layer_3,1
AGCTGCATTTGAGGTG-1,Layer_3,1
AGCTGCTGTGCCGAAT-1,Layer_3,1
AGCTGTAACCTCAATC-1,Layer_6,0
AGCTTATAGAGACCTG-1,Layer_3,1
AGCTTGATCTTAACTT-1,Layer_5,4
AGGAACGAACGACTTC-1,Layer_6,0
AGGAAGCTGTCCGCCG-1,WM,2
AGGACAGTCGAATCCC-1,Layer_5,4
AGGACATCGCACGTCG-1,Layer_3,1
AGGACGACCCATTAGA-1,Layer_6,0
AGGACGCTCGATGTTG-1,Layer_3,1
AGGAGACATCCACAGT-1,Layer_3,1
AGGAGGCCTTCGCGCG-1,Layer_6,0
AGGATAAAGTCGGGAT-1,Layer_6,0
AGGATATAGGGATTTA-1,Layer_5,4
AGGATCACGCGATCTG-1,Layer_6,0
AGGATTGCTTACGACA-1,Layer_3,1
AGGCACGTGACTGTCC-1,Layer_6,0
AGGCAGATGCGTAAAC-1,Layer_3,1
AGGCAGGGAGCGTACT-1,WM,2
AGGCATTGTCGTAGGG-1,Layer_5,4
AGGCCACCCGTTATGA-1,Layer_5,4
AGGCCCATTGTACAGG-1,Layer_3,1
AGGCCCTAGAACGCCA-1,Layer_6,0
AGGCCTGAGAATCTCG-1,Layer_6,0
AGGCGATAACTGGCGT-1,Layer_5,4
AGGCGGTTTGTCCCGC-1,Layer_6,0
AGGCGTCTATGGACGG-1,Layer_3,1
AGGCTATGGTTAGCTT-1,Layer_5,4
AGGCTTCCCGAAGAAG-1,Layer_6,0
AGGCTTGCTAGACACC-1,Layer_4,1
AGGGAAACGAGGTACT-1,Layer_3,1
AGGGACCGGCTGCGTT-1,Layer_3,1
AGGGACTCTACGCGAC-1,WM,2
AGGGAGACATACTTCG-1,Layer_3,1
AGGGCAGCGGCGTGGT-1,Layer_3,1
AGGGCGAGCAGCTGAT-1,Layer_6,4
AGGGCGTGATCGGCTA-1,Layer_3,1
AGGGCTGCAGTTACAG-1,Layer_5,4
AGGGTCAGAGCACTCG-1,WM,2
AGGGTCAGTAACCCTA-1,Layer_3,1
AGGGTCGATGCGAACT-1,Layer_3,3
AGGGTGCCGTTCTTTA-1,WM,2
AGGGTGCTCTCGAGGG-1,Layer_3,1
AGGGTGGATAGTGCAT-1,Layer_4,3
AGGGTGTGCTACACGC-1,Layer_3,1
AGGGTTCAGACGGTCC-1,WM,2
AGGGTTCCCTTTGGTT-1,Layer_3,1
AGGGTTTAGTTCGGGA-1,Layer_5,4
AGGTAACCTCCTATTC-1,Layer_3,1
AGGTACGATATTGCCA-1,Layer_3,1
AGGTAGATCGAGATAT-1,WM,2
AGGTAGGTACAAAGCT-1,Layer_5,4
AGGTATAATTGATAGT-1,Layer_3,1
AGGTATGCGGACATTA-1,Layer_3,1
AGGTCAGGTGAGAGTG-1,Layer_6,0
AGGTCGCCTCCCAACA-1,Layer_6,0
AGGTCGCGGAGTTACT-1,Layer_3,1
AGGTGGTGACCTTCGC-1,WM,2
AGGTGTATCGCCATGA-1,Layer_5,4
AGGTTACACCATGCCG-1,Layer_4,3
AGGTTGAGGCACGCTT-1,Layer_3,1
AGGTTTCACACACCTT-1,Layer_5,4
AGTAACGTTCATCCTG-1,Layer_3,1
AGTAATGTCTTGCCGC-1,Layer_3,1
AGTACATCATTTATCA-1,Layer_3,1
AGTACCTTCGAGTGCT-1,Layer_3,1
AGTACGGCCCGTATCG-1,Layer_5,4
AGTACGGGCACCTGGC-1,Layer_3,1
AGTACGTGGCCTGTCT-1,Layer_3,1
AGTACTCTTATGCCCA-1,Layer_6,0
AGTAGCGTGAACGAAC-1,Layer_3,1
AGTAGCTAGACGCCGA-1,Layer_3,1
AGTAGGAAGGAAGTTG-1,Layer_3,1
AGTAGGTAACATACAT-1,Layer_3,1
AGTATAATACTAGGCA-1,Layer_5,3
AGTATACACAGCGACA-1,WM,2
AGTATGCTGGAGACCA-1,Layer_6,0
AGTATTTGGCACGACC-1,WM,2
AGTCAAATGATGTGAT-1,WM,2
AGTCAACACCACCATC-1,Layer_6,0
AGTCAAGATGACACTT-1,Layer_5,0
AGTCACTAGCTCTCGA-1,Layer_6,0
AGTCACTCCGCCTCAT-1,Layer_3,1
AGTCAGCCACCGCCTG-1,Layer_3,1
AGTCCATTGGCTGATG-1,Layer_4,3
AGTCCCGCCTTTAATT-1,Layer_3,1
AGTCGACGGTCTCAAG-1,Layer_4,3
AGTCGGCCCAAACGAC-1,Layer_5,4
AGTCGGCTCAACTTTA-1,Layer_6,0
AGTCGGTTGCGTGAGA-1,Layer_3,3
AGTCGTATAAAGCAGA-1,WM,2
AGTCGTCGACCACCAA-1,Layer_6,0
AGTCGTGGGCATTACG-1,Layer_6,0
AGTCTAAAGTATACTC-1,Layer_3,1
AGTCTCACAAGACTAC-1,Layer_6,0
AGTCTGGACATCCTTG-1,Layer_3,1
AGTCTTCTCCTCAAAT-1,Layer_3,1
AGTCTTTAAAGTGTCC-1,WM,2
AGTGAACAAACTTCTC-1,Layer_4,4
AGTGACCTACTTTACG-1,Layer_6,0
AGTGACTGTGACACAA-1,Layer_6,0
AGTGAGACTTCCAGTA-1,Layer_4,3
AGTGAGCCTCGCCGCC-1,Layer_3,1
AGTGAGGGTTTCTGAC-1,Layer_3,1
AGTGATAACCTGCGCG-1,Layer_6,0
AGTGATATGAGTAGTT-1,Layer_6,0
AGTGATTCAAGCAGGA-1,Layer_3,1
AGTGCACGCTTAAGAA-1,Layer_6,0
AGTGCGTAGCTCGTAA-1,Layer_6,0
AGTGCTAAACACAGCA-1,Layer_6,0
AGTGCTTGCACGAATA-1,Layer_5,4
AGTGGCGGCAATTTGA-1,Layer_3,1
AGTGGCGTCTGAAGGT-1,Layer_6,2
AGTGGCTCCGTCGGCC-1,Layer_5,4
AGTGGTGTTACCCGTG-1,Layer_5,4
AGTGTATTGCGCATTG-1,Layer_3,1
AGTGTGCTAAGATCGC-1,Layer_3,1
AGTGTGGTCTATTGTG-1,Layer_4,1
AGTTAAACACTTGCGA-1,Layer_6,0
AGTTAAGCGGTCCCGG-1,Layer_3,1
AGTTAAGTCAACCGCT-1,Layer_6,0
AGTTACCCTTAAGACT-1,Layer_3,1
AGTTACCGCACATGGT-1,Layer_4,1
AGTTACTCTATCGTGG-1,Layer_3,1
AGTTATTGAAAGGTAA-1,Layer_3,1
AGTTCACCGGTTGGAC-1,Layer_3,1
AGTTCCTACAGAATTA-1,Layer_5,4
AGTTCCTATTTATGTT-1,Layer_6,0
AGTTCTGCGTTGTATC-1,Layer_3,1
AGTTGACATCGGCTGG-1,Layer_3,1
AGTTGACGGTCCTTGC-1,WM,2
AGTTGCTGACTGATAT-1,Layer_3,1
AGTTTATGTAAAGACA-1,Layer_3,1
AGTTTCGCAGGTCGGA-1,Layer_3,1
AGTTTGCACCTGCCTC-1,WM,2
AGTTTGGCACGGGTTG-1,Layer_5,4
AGTTTGGCCAGACCTA-1,Layer_6,0
ATAAACGGACCCGTAA-1,Layer_6,0
ATAAACGTTGCACCAC-1,Layer_6,0
ATAAAGGCTCGGTCGT-1,Layer_5,4
ATAAAGGTCAAGTACG-1,Layer_3,1
ATAAATATTAGCAGCT-1,Layer_5,4
ATAACGCCGGAGGGTC-1,Layer_4,3
ATAACGGAGTCCAACG-1,Layer_3,1
ATAACGTTACCTCCAC-1,Layer_3,1
ATAAGCAAACACCGAG-1,Layer_3,1
ATAAGGTGGAGAACAT-1,Layer_6,0
ATAAGTACCCGATTGT-1,Layer_3,1
ATAAGTAGGATTCAGA-1,Layer_3,1
ATAAGTAGGGCGACTC-1,Layer_3,1
ATAAGTTACCGCGACG-1,Layer_6,0
ATAATACCGTTAGCCG-1,Layer_3,1
ATAATAGCTGTTGAAT-1,Layer_6,0
ATAATAGTGTAGGGAC-1,Layer_3,1
ATAATCTTGGAGAACC-1,WM,2
ATAATTAGCTAAGTAG-1,WM,2
ATACAGGCCCTCCAAT-1,WM,2
ATACCACGGGCAACTT-1,Layer_5,4
ATACCAGCAAATTGCT-1,Layer_3,1
ATACCAGGCTAATAGA-1,Layer_3,1
ATACCAGGTGAGCGAT-1,Layer_3,1
ATACCGTCATCCATAA-1,Layer_3,1
ATACCTAACCAAGAAA-1,WM,2
ATACGAAGGCTTTCCA-1,Layer_3,1
ATACGACAGATGGGTA-1,Layer_3,1
ATACGCCGGCGAAACC-1,Layer_5,4
ATACGGAACGTCGTTT-1,Layer_6,0
ATACGGGTTTCGATTG-1,Layer_3,1
ATACGGTGAAGATGCA-1,Layer_5,3
ATACGTACTTAGCCAC-1,Layer_6,0
ATACGTCCACTCCTGT-1,Layer_5,4
ATACGTTATGCACGGA-1,WM,2
ATACTACCCGTACCAC-1,Layer_6,0
ATACTAGCATGACCCT-1,Layer_3,1
ATACTCTCGCCACTCT-1,Layer_3,1
ATACTGCCTTACACCG-1,Layer_6,0
ATACTTGTTCTCGAGC-1,Layer_4,3
ATAGACAACGGGACCT-1,Layer_3,1
ATAGACGAAGAGAAAG-1,Layer_5,4
ATAGAGTACTGGGACA-1,Layer_5,4
ATAGAGTTATCAACTT-1,Layer_3,1
ATAGCAACTAGGGAAG-1,Layer_6,0
ATAGCCTCAGTACCCA-1,Layer_3,1
ATAGCTGCTCTTGTTA-1,Layer_3,1
ATAGGAATCTAAGCTT-1,Layer_3,1
ATAGGCGGCTATAGAA-1,Layer_6,0
ATAGGCTAGCTTCGCA-1,Layer_3,1
ATAGGGATATCCTTGA-1,Layer_3,1
ATAGGTTGGGCAGATG-1,Layer_4,3
ATAGTCTTTGACGTGC-1,Layer_3,1
ATAGTGAAGCGTTCTC-1,Layer_6,0
ATAGTTCCACCCACTC-1,Layer_3,3
ATATAAAGCGCTCGTG-1,WM,2
ATATAAATGTAGCTGC-1,Layer_6,0
ATATAACACGGGCGCA-1,Layer_6,0
ATATACGCTCGTGACG-1,Layer_6,0
ATATAGAGTATTGGTC-1,Layer_6,0
ATATCAACCTACAGAG-1,Layer_3,1
ATATCGGTAGGGAGAT-1,Layer_3,1
ATATCGTGCCAGACCC-1,Layer_3,1
ATATCGTTCCTCGAAC-1,Layer_6,0
ATATCTCCCTCGTTAA-1,Layer_3,1
ATATCTTAGGGCCTTC-1,Layer_5,4
ATATGTCTCCCTAGCC-1,Layer_3,1
ATATGTGCACAAACCA-1,Layer_3,1
ATATTCAGTTAAACCT-1,Layer_6,0
ATATTCCACATAGTGA-1,Layer_6,0
ATATTCCCACAGGTCA-1,Layer_3,1
ATATTGCTGTCAAAGT-1,Layer_3,1
ATATTGGAGAGGCCTT-1,Layer_6,4
ATATTTAACCCTCAAG-1,Layer_5,4
ATCAAACACTGTTCCA-1,Layer_5,4
ATCAAACGAAGGTTTG-1,Layer_6,0
ATCAATCTGGGCTGCA-1,Layer_5,4
ATCAATGCCGTGGCTG-1,Layer_6,0
ATCACATTAGAATATC-1,Layer_3,1
ATCACGTGCTAATTAA-1,Layer_6,0
ATCACTTCATCCTCGC-1,Layer_3,1
ATCAGACGGCACGCCG-1,Layer_6,0
ATCAGCCTCATGCTGC-1,Layer_6,0
ATCAGCTCGTCCACTA-1,Layer_6,0
ATCAGGTCGCCATTGC-1,Layer_3,1
ATCAGTAGGCAGGGAT-1,Layer_3,1
ATCATAGCCCTATGTA-1,Layer_6,0
ATCATCCAATATTTGT-1,Layer_5,4
ATCATCTGCCCAGTGT-1,Layer_3,1
ATCCAACGCAGTCATA-1,Layer_5,4
ATCCAATGGAGGGTCC-1,Layer_6,0
ATCCACATCGACAGAA-1,WM,2
ATCCACGCTAAATGTT-1,Layer_3,1
ATCCACTTTCAGACTA-1,Layer_3,1
ATCCAGAGCAACAACC-1,Layer_6,0
ATCCAGGATTCGTGAA-1,Layer_6,0
ATCCCATCCACAGCGC-1,Layer_6,0
ATCCTACCTAAGCTCT-1,Layer_6,0
ATCCTGAATCGCTGCG-1,Layer_5,4
ATCCTGCGTGGAATGG-1,Layer_6,0
ATCCTGCTGCAGATAG-1,Layer_3,1
ATCGACCCAATACAGA-1,Layer_6,0
ATCGACTCTTTCCGTT-1,Layer_3,1
ATCGCACGCCGGGAGA-1,Layer_4,3
ATCGCCAGTCAACATT-1,Layer_4,4
ATCGCTGCGTGCAGCA-1,Layer_3,1
ATCGCTTTACGTCTCA-1,Layer_3,1
ATCGGAGACAGACGGC-1,Layer_6,0
ATCGGCAAGCAGTCCA-1,Layer_3,1
ATCGGTTACCTAGTAA-1,Layer_5,4
ATCGTGGAAAGTCTGG-1,Layer_6,0
ATCGTTAGCTAGCGGA-1,Layer_6,0
ATCGTTCACTTTCGCC-1,Layer_3,1
ATCTAATATCCTACGG-1,WM,2
ATCTAGCTTGTGAGGG-1,WM,2
ATCTCATAAACCTACC-1,Layer_3,1
ATCTCCCACGGAATAT-1,Layer_6,0
ATCTCCCTGCAATCTA-1,Layer_3,1
ATCTCGTGAGCGAAAC-1,Layer_4,4
ATCTGACATGGAAGGA-1,WM,2
ATCTGATAGTGTCTTA-1,Layer_3,1
ATCTGCACCTCTGCGA-1,Layer_3,1
ATCTGCTGTTATCGCC-1,WM,2
ATCTGGGCTGTTCTTG-1,WM,2
ATCTGGTTAAGACTGT-1,Layer_3,1
ATCTGTAATTGTACCC-1,Layer_3,1
ATCTTATCGCACACCC-1,Layer_6,0
ATCTTGACCTGCAACG-1,Layer_5,4
ATCTTGACTTGTCCAA-1,Layer_3,1
ATCTTTCGTATAACCA-1,Layer_3,1
ATGAAGCCAAGGAGCC-1,Layer_4,3
ATGACGCCGGCTCTAA-1,Layer_3,1
ATGACGCGTTCTATCC-1,Layer_6,0
ATGACTATCAGCTGTG-1,WM,2
ATGACTATGCGACATT-1,Layer_5,0
ATGAGGAGTGTTAATC-1,Layer_5,4
ATGAGGGCAGCGGCTA-1,Layer_3,1
ATGATCGGGAATAGAC-1,Layer_3,1
ATGATGCAATGGTACA-1,Layer_6,0
ATGCACCTTCCTTAAT-1,Layer_3,1
ATGCACGCGCTGTTCA-1,Layer_6,0
ATGCACTACCGCATTG-1,Layer_5,4
ATGCATGATCCAGGAT-1,Layer_3,1
ATGCATTCCGTGATGG-1,Layer_3,1
ATGCCAATCGCTCTGC-1,Layer_3,1
ATGCCATTTGCGACCA-1,Layer_5,4
ATGCCGGTCTTGCATA-1,Layer_4,3
ATGCCGGTTGATGGGA-1,Layer_3,1
ATGCGACAATTGGTCC-1,Layer_3,1
ATGCGACAGTCCCATT-1,Layer_5,4
ATGCGAGTCCCACCAC-1,Layer_5,4
ATGCTCAGTGTTGCAT-1,Layer_4,3
ATGCTCTGGCGCGGTA-1,WM,2
ATGCTTAGGAGTTGAT-1,Layer_6,0
ATGGAAATTTAAGGAG-1,Layer_5,0
ATGGAACAGAATAAAC-1,Layer_3,1
ATGGAACCTTTGCACA-1,Layer_3,1
ATGGAGCAGGCCGTGA-1,Layer_5,4
ATGGATCCGGCGTCCG-1,Layer_3,1
ATGGATTGACCAAACG-1,Layer_4,3
ATGGCAGCATTACGAT-1,Layer_6,0
ATGGCAGCCGAGAAAC-1,Layer_4,3
ATGGCTGGAAATGGCC-1,Layer_3,1
ATGGGAACGGAAGCGG-1,Layer_3,1
ATGGGACCTGCTGAAC-1,Layer_6,2
ATGGGCCTCGGCCTCT-1,Layer_5,4
ATGGGTGTATACCTCC-1,Layer_6,0
ATGGTCGCGTGGTTTC-1,Layer_5,4
ATGGTGCTCAAAGCCA-1,Layer_3,1
ATGGTTACGAAACATG-1,Layer_3,1
ATGTAAGGCTGCTCTT-1,Layer_3,1
ATGTACATGCGGTGAG-1,Layer_6,0
ATGTACGATGACGTCG-1,WM,2
ATGTAGCGCGCGTAGG-1,WM,2
ATGTGAAAGCCTAATG-1,Layer_6,0
ATGTGCATCCGACGCA-1,Layer_3,3
ATGTGGACATCTTGAT-1,Layer_6,0
ATGTGTAGTTTAGTCA-1,Layer_3,1
ATGTTACGAGCAATAC-1,Layer_3,1
ATGTTCCTGCCCACCT-1,Layer_3,1
ATGTTCGTCGACCCAC-1,Layer_5,4
ATGTTGATTAGAGACT-1,Layer_6,2
ATGTTGTAGTCTGTTT-1,WM,2
ATGTTTGTAAGATCAT-1,Layer_3,1
ATTAAACATGCGGACC-1,Layer_6,0
ATTAATACTACGCGGG-1,Layer_3,1
ATTAATGAACCAGTCG-1,Layer_3,1
ATTAATTCGGTCACTC-1,Layer_3,1
ATTACAACTACCGGCC-1,Layer_3,1
ATTACATGTCAGTCTT-1,Layer_5,4
ATTACCACACTGCCTG-1,Layer_4,4
ATTACGCGCTGGCAGG-1,Layer_6,0
ATTACTAGCCTCTTGC-1,Layer_3,1
ATTACTTACTGGGCAT-1,Layer_3,1
ATTAGATTCCTCAGCA-1,Layer_3,1
ATTAGATTGATAGCGG-1,Layer_3,1
ATTAGGCGATGCTTTC-1,Layer_5,4
ATTATACTTTGCTCGT-1,Layer_3,1
ATTATAGCTACTTTAC-1,Layer_3,1
ATTATCGGAATGTACG-1,WM,2
ATTATCTCGACAGATC-1,Layer_3,1
ATTATGAGACCCAATT-1,Layer_6,0
ATTATGCCATAGGGAG-1,Layer_3,1
ATTATGCTCAGTATTG-1,Layer_3,1
ATTATTATGTCCGTCA-1,WM,2
ATTATTCAGAGTCACT-1,Layer_6,0
ATTCAACCATTTAAGG-1,Layer_6,0
ATTCACTGATGTTGGA-1,WM,2
ATTCAGATGAATCCCT-1,Layer_3,1
ATTCAGGACCTATTTC-1,Layer_3,1
ATTCAGGATCGCCTCT-1,Layer_3,1
ATTCAGTAGCAGGGTC-1,Layer_5,3
ATTCATATACTGTCCA-1,Layer_6,0
ATTCATCGTTGAGGCA-1,Layer_6,0
ATTCCCACATAAACAA-1,Layer_5,3
ATTCCTAAGACGTGGA-1,Layer_3,1
ATTCCTCCGCCAGTGC-1,Layer_4,3
ATTCCTTCCAGGCGGT-1,Layer_3,1
ATTCGACGCCGGGCCT-1,Layer_5,4
ATTCGCAGAGGACACT-1,Layer_3,1
ATTCGCGCCTTGAGAG-1,Layer_6,0
ATTCGTGCTATCTCTT-1,Layer_4,3
ATTCTCGTCTCTTTAG-1,Layer_3,1
ATTCTGAGTATGAACT-1,Layer_3,1
ATTCTTCGTACTTATG-1,Layer_3,1
ATTGAAGATCTTAGTG-1,Layer_5,4
ATTGACCGGCGATGAC-1,Layer_3,1
ATTGACGTAACTCGGT-1,Layer_3,1
ATTGATAGCAACGAGA-1,Layer_3,1
ATTGATCACCACATTT-1,Layer_5,0
ATTGATGAGTCCTAAC-1,Layer_3,1
ATTGCCTATTAGACCG-1,Layer_6,0
ATTGCCTTTATGTTTG-1,WM,2
ATTGCGATCAGTAACT-1,Layer_5,0
ATTGCTGCTCCTCCAT-1,Layer_5,4
ATTGGATTACAGCGTA-1,Layer_6,0
ATTGGGAATATCTTGG-1,Layer_3,1
ATTGGGAGTTCTGTAA-1,Layer_3,1
ATTGTACAACTCGGCT-1,Layer_3,1
ATTGTCGCAATACCTT-1,Layer_3,1
ATTGTGACTTCGCTGC-1,Layer_3,1
ATTGTTCAACGATCCG-1,Layer_5,4
ATTTAACTCGTATTAC-1,Layer_3,1
ATTTACAGTTTACTGG-1,Layer_5,4
ATTTACTAAGTCCATT-1,Layer_3,1
ATTTCATTATTTCGCG-1,Layer_3,1
ATTTCCGGGTTCTGCG-1,Layer_6,0
ATTTGCGCGAGTAGCT-1,Layer_6,0
ATTTGTCTTGGGAGCT-1,Layer_5,4
ATTTGTTCCAGGGCTC-1,Layer_3,1
CAAACGAGTATCGCAG-1,Layer_6,0
CAAACGGTCGCACTTT-1,Layer_5,4
CAAACGTGGTCTTGCG-1,Layer_3,1
CAAACTACGATAGAGA-1,Layer_3,1
CAAACTATTGAGCTTC-1,Layer_3,1
CAAACTCGCGACGCCG-1,Layer_4,3
CAAAGATTATTGGGCC-1,Layer_6,0
CAAAGGTCATCTGAAA-1,Layer_4,3
CAAAGGTTAAATTCAG-1,Layer_3,1
CAAATCTCTCACAAGG-1,Layer_6,0
CAAATGTCCTTCCGTG-1,Layer_6,0
CAAATTGGATTATGCC-1,Layer_3,1
CAAATTGTCAGCAAGC-1,Layer_3,1
CAACACATCTCCTGCC-1,Layer_3,1
CAACAGAATAACGCTA-1,Layer_3,1
CAACCAGTGGCCTACC-1,Layer_6,0
CAACCTACCGAGCAGT-1,Layer_6,0
CAACCTGAACCTGCCA-1,Layer_3,1
CAACGACCCGTTTACA-1,Layer_3,1
CAACGGTTCTTGATAC-1,Layer_3,1
CAACGTGGTGGAGTCT-1,Layer_5,4
CAACTATATCGAATGC-1,Layer_3,1
CAACTCCAACGTTTAG-1,Layer_3,1
CAACTCCGTAACTTGC-1,Layer_3,1
CAACTCCTTGATCCCG-1,Layer_3,1
CAACTGAGGGTATGAC-1,Layer_3,1
CAACTGCTCATCCGAT-1,WM,2
CAACTTGTAGTGGGCA-1,Layer_3,1
CAAGAAACCCTAAACT-1,Layer_3,1
CAAGAGGGCGGAGTAC-1,Layer_6,0
CAAGATATTATAACGT-1,Layer_5,4
CAAGCAACGTCGGAGT-1,Layer_5,4
CAAGCACCAAATGCCT-1,Layer_3,1
CAAGCGGCACATAATT-1,Layer_6,0
CAAGGATCGCATGTTC-1,Layer_5,4
CAAGGCCAGTGGTGCA-1,Layer_6,0
CAAGGTCCTATAGGCT-1,Layer_3,1
CAAGTAAGTGATAGAC-1,WM,2
CAAGTGAACTTTGGTT-1,Layer_3,1
CAAGTGTGGTTGCAAA-1,Layer_4,3
CAATAAACCTTGGCCC-1,Layer_3,1
CAATACGAGAGTCTGA-1,Layer_4,3
CAATACGCTCTGAGGC-1,Layer_5,4
CAATATGTAGATTTAC-1,Layer_3,1
CAATATTCTTGACCTA-1,Layer_6,0
CAATCCATTATCCGTT-1,Layer_3,1
CAATCCCTATACCAGC-1,Layer_3,1
CAATCCTGCCGTGGAG-1,Layer_3,1
CAATGAGGTTCGACTA-1,Layer_3,1
CAATGCGAGAAGTATC-1,Layer_6,0
CAATGGAATCTACATA-1,Layer_3,1
CAATGGATCTCTACCA-1,Layer_3,1
CAATGGTCGGCCTGGG-1,Layer_3,1
CAATGTGCCAACCCTT-1,Layer_3,1
CAATTAAGGGTGATGA-1,Layer_4,3
CAATTTCGTATAAGGG-1,Layer_5,4
CACAAGAAAGATATTA-1,Layer_3,1
CACAAGCTAAGAAAGG-1,Layer_6,0
CACAATGAGCTGCTAT-1,Layer_6,0
CACACACGCTAACGAG-1,Layer_6,0
CACACAGCTTGCGCTC-1,Layer_4,4
CACACAGGGATAGATT-1,Layer_5,3
CACACGCGCTGTCTTA-1,Layer_3,1
CACACGTTTCAATGGG-1,Layer_3,1
CACACTTGTATTGCGA-1,Layer_3,1
CACAGAGACGAGGACG-1,Layer_6,0
CACAGCACCCACGGCA-1,Layer_5,4
CACAGCTAGGGAGTGA-1,Layer_3,1
CACAGGGCCATATAGT-1,Layer_6,0
CACAGGGCCGTTGTCA-1,WM,2
CACAGTCCCGCTTCGC-1,Layer_6,0
CACAGTTCGCTTCCCA-1,Layer_5,4
CACATATTAGCAGGAT-1,Layer_6,0
CACATCGTGCACGCGC-1,WM,2
CACATCTCACCGACGA-1,WM,2
CACATGATTCAGCAAC-1,Layer_5,4
CACATGTTTGGACATG-1,Layer_3,1
CACATTCTTTCGATGG-1,Layer_3,1
CACATTTCTTGTCAGA-1,Layer_4,3
CACCACGCCACACAGA-1,Layer_5,4
CACCAGTCAGCATGCA-1,Layer_6,0
CACCATCGGAGGAGAC-1,Layer_3,1
CACCATGATCGCAAAG-1,Layer_3,1
CACCCAAATCTTATGT-1,Layer_3,1
CACCCACACGTCACCC-1,Layer_3,1
CACCCACGAGGCAATT-1,Layer_3,1
CACCCGGTTTGTGACT-1,Layer_6,0
CACCCTAACAAGATCT-1,Layer_6,0
CACCCTTGGTGAGACC-1,Layer_6,0
CACCCTTTCCTCGCTC-1,Layer_3,1
CACCGATACACCGAGC-1,Layer_3,1
CACCGCCAGAAGGTTT-1,Layer_4,3
CACCGCCGACCAGCGA-1,Layer_3,1
CACCGCGTCCACTCTA-1,Layer_3,1
CACCGGAGATATCTCC-1,Layer_3,1
CACCGGTAGAGACATT-1,Layer_6,0
CACCGTATCCCATCCG-1,Layer_5,4
CACCGTTAGGGATCAC-1,Layer_6,0
CACCGTTGCGCGATAT-1,Layer_6,0
CACCTAATAGAGTCGT-1,Layer_3,1
CACCTAATCAGTTTAC-1,Layer_3,1
CACCTCGATGGTGGAC-1,Layer_3,1
CACCTCTACGAGTGTG-1,Layer_3,1
CACCTTGCGAAACTCG-1,Layer_3,1
CACCTTGGCGCCTTTG-1,Layer_4,3
CACGAAAGTTAGTCCC-1,Layer_5,4
CACGACCACAGACTTT-1,Layer_3,1
CACGACGTAATAGTAA-1,Layer_3,1
CACGACTAAAGTTCTG-1,Layer_3,1
CACGCACAGCGCAGCT-1,Layer_3,1
CACGCAGCGAGGCTTT-1,Layer_5,4
CACGCGGAACTGTTGC-1,Layer_4,4
CACGGCGCGCCAAAGG-1,Layer_3,1
CACGGGATTGAGGGTT-1,Layer_4,3
CACGTCAATCAATGGA-1,Layer_6,0
CACGTCGGCAACCTCT-1,Layer_6,0
CACGTCTATGATGTGG-1,Layer_3,1
CACGTTCGTGCTCTAG-1,Layer_5,4
CACGTTTCGTACACAC-1,Layer_6,0
CACTAAAGTTGCCTAT-1,Layer_5,4
CACTACGGGAGCTGCC-1,Layer_6,0
CACTACTCAGTTCTGT-1,Layer_3,1
CACTCAAGAGCTATGG-1,Layer_5,4
CACTCAGCTCTTGAGG-1,Layer_3,1
CACTCCTATGTAAGAT-1,Layer_6,0
CACTCCTCTCGGTCGG-1,Layer_3,1
CACTCGAGCTGAACAA-1,Layer_6,0
CACTCGGTTAGGAGGA-1,Layer_5,4
CACTCTCAAGCATCGA-1,WM,2
CACTCTTCTGCTAGCC-1,Layer_6,0
CACTGACGATTGTGGA-1,WM,2
CACTGTCCAAGTGAGA-1,Layer_3,1
CACTTAATCAGACGGA-1,Layer_5,4
CACTTCGCCACAGGCT-1,Layer_4,3
CACTTCGTCTTATCTC-1,Layer_3,1
CAGAACTTAGCCCTCT-1,Layer_6,0
CAGAATAACACACGGA-1,Layer_5,0
CAGAATATTCGTTATC-1,Layer_4,4
CAGACACCGATCGCTG-1,WM,2
CAGACCTGTAAGTGTT-1,Layer_3,1
CAGACGAACCTGATAC-1,Layer_6,0
CAGAGACGGTCACCCA-1,Layer_6,0
CAGAGCATGAGCTTGC-1,Layer_3,1
CAGAGGCGATGCATGA-1,WM,2
CAGAGTGATTTAACGT-1,Layer_3,1
CAGATAATGGGCGGGT-1,Layer_6,0
CAGATACTAACATAGT-1,Layer_5,4
CAGATATGAAGATGAC-1,Layer_6,0
CAGATCATTTAAAGTC-1,Layer_3,1
CAGATCCTGGTTTGAA-1,Layer_6,0
CAGCAGCCCGTTCCTT-1,Layer_3,1
CAGCAGTCCAGACTAT-1,Layer_5,4
CAGCAGTCTGTGCTGC-1,WM,2
CAGCCCTCACAGGCAG-1,Layer_3,1
CAGCCGGGCCCTCTAT-1,Layer_3,1
CAGCCTCCTGCAGAGG-1,Layer_3,1
CAGCCTCTCCTCAAGA-1,Layer_3,1
CAGCGATTCCCTTCAA-1,Layer_6,0
CAGCTCACTGAGACAT-1,Layer_5,4
CAGCTCGACAAGTTAA-1,Layer_3,1
CAGCTCGTGCTTGTGT-1,Layer_3,1
CAGCTGGCGTAACCGT-1,Layer_6,0
CAGCTTAGTAGGTAGC-1,Layer_5,4
CAGGAAGACTTTATAT-1,Layer_3,1
CAGGATATATCGTTGT-1,Layer_6,0
CAGGCAGTCTTACCAG-1,WM,2
CAGGCCGTTTGGGTGT-1,Layer_5,4
CAGGCGCACGGTGGTC-1,Layer_6,0
CAGGCGCCATGCTAGG-1,Layer_6,0
CAGGTTTAGTACTACA-1,Layer_3,1
CAGTAACTATTTATTG-1,Layer_3,1
CAGTAATCCCTCCCAG-1,Layer_4,1
CAGTACATTCTCTAAA-1,Layer_3,1
CAGTACCAGTTTACGT-1,Layer_6,0
CAGTAGCCCACGCGGT-1,Layer_3,1
CAGTAGCGAGGTAGTA-1,Layer_3,1
CAGTCCAACGCCTTCT-1,Layer_3,1
CAGTCGAGGATGCAAT-1,Layer_3,1
CAGTCTCTCGGCTAAT-1,Layer_3,1
CAGTCTGTATACTGGG-1,Layer_5,0
CAGTGAATAAATGACT-1,Layer_3,1
CAGTGGTTGCACATGA-1,Layer_3,1
CAGTGTCCGCAGAATG-1,Layer_3,1
CAGTGTCGGCTGGCCC-1,Layer_6,0
CAGTTCAAATTGACAC-1,Layer_5,4
CAGTTCCGCGGGTCGA-1,Layer_5,3
CAGTTCGAGGACCCGA-1,WM,2
CATAACGGACAGTCGT-1,Layer_3,3
CATAAGAAGCTTGGCT-1,WM,2
CATAAGCTCTCCGTCT-1,Layer_5,4
CATAATGAGCGGGCGA-1,Layer_3,1
CATACAAAGCCGAACC-1,Layer_3,1
CATACACGGTTCCCAC-1,WM,2
CATACCCGTACCCAGT-1,Layer_5,4
CATACGAACTAGCTGG-1,WM,2
CATACGGCGTCTGGGC-1,Layer_5,4
CATACTATGTAATTGT-1,Layer_5,4
CATACTTAGGCAATAC-1,Layer_3,1
CATACTTCTTTCTCCG-1,WM,2
CATAGCCGCCCGGGAT-1,Layer_5,3
CATAGCGTTGCCCACC-1,WM,2
CATAGTACATTGAGAG-1,Layer_3,1
CATAGTAGCATAGTAG-1,Layer_3,1
CATAGTCAAATACATA-1,Layer_6,0
CATAGTCCACAAGAAC-1,Layer_6,0
CATATACTACTGATAA-1,Layer_3,1
CATATAGGTACAGTCA-1,Layer_6,0
CATATGTCAGGCTACG-1,Layer_6,0
CATATTATTTGCCCTA-1,Layer_3,1
CATCAAACTGGCGCCC-1,Layer_3,1
CATCAACACCTACTAA-1,Layer_3,1
CATCATCTACCCGGAC-1,Layer_3,1
CATCATTACCCTGAGG-1,Layer_6,0
CATCCAATATAGTTTG-1,Layer_6,0
CATCCGCAGGCCCGAA-1,Layer_3,1
CATCCTCTCAAAGATC-1,Layer_6,0
CATCGCCCGCGGCCAA-1,Layer_3,1
CATCGGACGGGTTAAT-1,Layer_6,0
CATCGTCCGGTTACTA-1,Layer_3,1
CATCTACCCGAGAACG-1,Layer_3,1
CATCTAGTGAAGGGAA-1,Layer_4,3
CATCTATCCCGTGTCT-1,Layer_3,1
CATCTGCAGGATCATT-1,Layer_4,1
CATCTTACACCACCTC-1,Layer_3,3
CATGAACCGACATTTG-1,Layer_3,1
CATGAACCTCTTATCA-1,Layer_3,1
CATGACTTCGCTGAAT-1,Layer_4,3
CATGAGATGCACTCTC-1,WM,2
CATGATGCACAATTCT-1,Layer_3,1
CATGATGGAAGTTAGC-1,Layer_5,4
CATGCACGTGTTACTG-1,Layer_3,1
CATGCATGGAGACCCT-1,Layer_3,1
CATGCCAACTCGCAAA-1,Layer_5,4
CATGCGACCAGTTTAA-1,Layer_3,1
CATGCGTTAGACAGAA-1,Layer_3,1
CATGCTGGCTCCAATT-1,Layer_3,1
CATGGAAATGGGACCA-1,Layer_3,1
CATGGATTGTCTTCCG-1,Layer_6,0
CATGGCAGGAAGATCG-1,Layer_3,1
CATGGGTATGCCTTAT-1,Layer_6,0
CATGGGTCGGGTGTGG-1,Layer_3,1
CATGGTAAGTAGCGTT-1,Layer_6,0
CATGGTCTAGATACCG-1,Layer_3,1
CATGTAAGAGACATTT-1,Layer_6,0
CATGTAGGAGCGCCAA-1,Layer_3,1
CATGTCTCATTTATGG-1,Layer_6,0
CATTACATAGATTGTG-1,Layer_3,1
CATTACGTCGGCCCGT-1,Layer_3,1
CATTATCCCATTAACG-1,WM,2
CATTATGCTTGTTGTG-1,Layer_4,3
CATTCACTGACAGCTA-1,Layer_3,1
CATTCCCATTCCGTCG-1,Layer_3,1
CATTCCCTAAGTACAA-1,Layer_3,1
CATTGATGAACACGCC-1,Layer_3,1
CATTGCAAAGCATAAT-1,Layer_3,1
CATTGCGAAATGGGCG-1,Layer_5,4
CATTGCGGGTCAATTC-1,Layer_3,1
CATTGTGTGCTAGATC-1,Layer_3,1
CATTTAGCGGACCATG-1,Layer_3,1
CATTTATCGTTCAAGA-1,Layer_3,1
CATTTCTAGCAGACTA-1,Layer_3,1
CATTTGAGTGGTACGT-1,Layer_6,0
CCAAACAGAACCCTCG-1,Layer_4,3
CCAAATAACAAGATTC-1,Layer_5,4
CCAACCTTATGTAACT-1,WM,2
CCAACGATGCACTGAT-1,Layer_5,4
CCAACGCTTGCCAGGG-1,Layer_3,1
CCAACTTGATAGATCC-1,Layer_4,3
CCAAGAAAGTGGGCGA-1,Layer_6,2
CCAAGACTTCTGCGAA-1,Layer_3,1
CCAAGCGTAACTCGTA-1,Layer_4,3
CCAAGGAACAGAGAGG-1,Layer_3,1
CCAAGTTTCTACAGAT-1,Layer_3,1
CCAATAGTGCCGTCGA-1,Layer_5,4
CCAATCGGTAGATCGA-1,Layer_3,1
CCAATGTCACAGCAAG-1,Layer_5,4
CCAATTACGGGTCGAG-1,Layer_3,1
CCAATTGAATGTTAAT-1,Layer_3,3
CCACAATGTACGTCTT-1,Layer_3,1
CCACACTGAGATATTA-1,Layer_5,0
CCACAGCTGAAATCAT-1,Layer_3,1
CCACAGTACCCATCCT-1,Layer_5,0
CCACATACTGCACCCA-1,Layer_5,4
CCACCAACTTTACTGT-1,Layer_6,0
CCACCCAAGGAAAGTG-1,Layer_5,4
CCACGAATTTAACCTC-1,Layer_4,3
CCACGAGAAGAGAATC-1,Layer_3,1
CCACGGAGCCATAAGA-1,Layer_6,0
CCACGGTGCCCGGTAG-1,Layer_3,1
CCACGTAAATTAGACT-1,Layer_3,1
CCACTATCCGGGTCAC-1,Layer_3,1
CCACTGGTGGCTGGTT-1,Layer_5,4
CCACTGTTTGGATTAA-1,Layer_6,0
CCAGAAAGCAACTCAT-1,Layer_6,0
CCAGAGACAAAGCCGG-1,Layer_4,1
CCAGATAGTTGAGTGA-1,Layer_3,1
CCAGATGTAAATGGGT-1,Layer_3,1
CCAGCCTGGACCAATA-1,Layer_5,4
CCAGCGGGATCACCAG-1,Layer_3,1
CCAGCTACGCCTCATA-1,Layer_3,1
CCAGCTCGAACGCATT-1,WM,2
CCAGCTGATGGTACTT-1,Layer_5,4
CCAGCTTCCGCCCGCA-1,Layer_5,3
CCAGGCTGGCGTCTGA-1,Layer_5,4
CCAGGGACGTGGCCTC-1,Layer_4,4
CCAGTAGTCTGATCCA-1,Layer_3,1
CCAGTCAAATCTCTTA-1,Layer_5,4
CCAGTCCATTATTCGA-1,Layer_3,1
CCAGTCTAGACGGCGC-1,Layer_3,1
CCAGTCTTGTCATAGA-1,WM,2
CCATAAACAACCCGAC-1,Layer_3,1
CCATACCTTTACTTGT-1,Layer_3,1
CCATAGGTTGGCGTGG-1,Layer_3,1
CCATAGTCAGTAACCC-1,Layer_3,1
CCATATGGAAACTATA-1,Layer_6,0
CCATCATAAGAACAGG-1,Layer_3,1
CCATCCATACCAAGTC-1,Layer_3,1
CCATCGCAGTTAAACT-1,Layer_6,0
CCATCTCACCAGTGAA-1,Layer_4,3
CCATCTTGTTCACAAT-1,Layer_3,1
CCATGCCCTAGATTTC-1,Layer_6,0
CCATGCCTGTTTAGTA-1,Layer_5,4
CCATGCTCTGCAGGAA-1,Layer_4,3
CCATGGCCCTTGTACC-1,Layer_5,4
CCATGTTCATCTATAT-1,Layer_6,0
CCATTAGCGATAATCC-1,Layer_5,4
CCATTCCCTGCCCACA-1,Layer_5,4
CCATTGTTTCCTCCAT-1,Layer_3,1
CCATTTCTACCTATTA-1,Layer_6,2
CCCAAACATGCTGCTC-1,Layer_3,3
CCCAACATACGTCGCG-1,Layer_6,0
CCCAACCACACTAACA-1,Layer_3,1
CCCAAGAATGCACGGT-1,Layer_3,1
CCCAAGACAGAGTATG-1,Layer_3,1
CCCAATGAGATTTGCA-1,WM,2
CCCAATTTCACAACTT-1,Layer_5,0
CCCAGAGGAGGGCGTA-1,Layer_3,1
CCCAGGTCTGAAGGCT-1,Layer_5,4
CCCAGTAAACTTGGGA-1,Layer_6,0
CCCAGTTAAGGCGCCG-1,Layer_5,4
CCCATATAGGTCGATT-1,Layer_6,0
CCCGAAGTTTCGCGAA-1,Layer_5,4
CCCGACCATAGTCCGC-1,Layer_3,1
CCCGAGTTTCTCCGTA-1,Layer_5,4
CCCGCAGCGCGAACTA-1,Layer_6,0
CCCGCAGGGCCCAAAG-1,Layer_3,1
CCCGCCATGCTCCCGT-1,Layer_3,1
CCCGCGCAATGCACCC-1,Layer_4,1
CCCGCTAGAGGGTTAA-1,Layer_3,1
CCCGGGTCGTTCAGGG-1,WM,2
CCCGGTGGAAGAACCT-1,Layer_5,3
CCCGGTGTATCGGAAT-1,Layer_6,0
CCCGTAAGTCTAGGCC-1,Layer_5,0
CCCGTAGCTGGGAAGA-1,WM,2
CCCGTCAGCGTCTGAC-1,Layer_4,3
CCCGTTTCGCAGATGT-1,Layer_5,4
CCCTAGTGTCAGGTGT-1,Layer_3,1
CCCTATGTAGAGCAGA-1,Layer_6,0
CCCTCATTCTGGAATT-1,Layer_3,1
CCCTCCTCGCTCGTAT-1,Layer_5,4
CCCTCGGGAGCCTTGT-1,Layer_3,1
CCCTGAAATGAGTTGA-1,Layer_5,4
CCCTGACTAACAAATT-1,Layer_5,4
CCCTGATGTAACTCGT-1,Layer_3,1
CCCTGCCCAATCCGCT-1,Layer_5,4
CCCTGCGCTACGCATA-1,Layer_5,4
CCCTGGTATGGGCGGC-1,Layer_3,1
CCCTTTAATGGAGTTC-1,Layer_6,0
CCCTTTGACAGGTCTT-1,Layer_6,0
CCGAAAGTGGTGAGCA-1,Layer_3,1
CCGAACACTGGGCCTC-1,Layer_5,4
CCGAACCTTCCCGGCC-1,Layer_6,0
CCGAAGTATATTGTTC-1,Layer_4,1
CCGACAAACACATGAG-1,Layer_3,1
CCGACAAAGGGAGTGC-1,Layer_5,4
CCGACAATAGGCCGCC-1,Layer_6,0
CCGACGGGCATGAGGT-1,Layer_6,0
CCGACGTAAACACAAC-1,Layer_3,1
CCGACTCGCATAGTCT-1,Layer_3,1
CCGAGAAGTCGCATAA-1,Layer_4,4
CCGAGCTGTGCTTGTC-1,Layer_3,1
CCGAGGGATGTTAGGC-1,Layer_3,1
CCGATATGACGTAAGG-1,Layer_5,4
CCGATCTCAACCTTAT-1,Layer_3,3
CCGATCTTAAGAGGCT-1,Layer_3,1
CCGATTCGAGGGACCC-1,Layer_5,4
CCGATTGGTCAATGAA-1,Layer_3,1
CCGCACAAAGACCAAC-1,Layer_5,4
CCGCACACGAACGTGT-1,Layer_4,3
CCGCACGTGACCTCGG-1,Layer_5,4
CCGCATGTGGTACGAT-1,WM,2
CCGCCACCACAATCCA-1,Layer_3,1
CCGCCGGAACTTCTCG-1,Layer_6,0
CCGCCGGTCAACACAC-1,Layer_3,1
CCGCCGTTGAGGATAA-1,Layer_4,3
CCGCCTGCGAATTGGT-1,Layer_3,1
CCGCCTTGCGATGTCG-1,Layer_5,4
CCGCGATTTGGTAGGT-1,Layer_5,4
CCGCGGAATGCGTCAC-1,Layer_6,0
CCGCGGGTACGAAGAA-1,Layer_5,4
CCGCGTAGGTAAGGGC-1,Layer_5,4
CCGCTATCAGCACCAG-1,Layer_6,0
CCGCTCTTCCGAACTA-1,Layer_6,0
CCGCTGGTGCCATTCA-1,Layer_3,1
CCGCTTACCTCACTCT-1,Layer_6,0
CCGCTTGCTGACATGG-1,Layer_3,1
CCGGAATGGTTTCAGT-1,Layer_5,3
CCGGAGCGTACTTTCT-1,WM,2
CCGGCACGACCGTTTC-1,Layer_3,1
CCGGCGCATATTGGAT-1,Layer_3,1
CCGGCGTGAGACTCTG-1,Layer_5,4
CCGGGACCCGCAGAGA-1,Layer_3,1
CCGGGCGGTCTCGTCA-1,Layer_4,3
CCGGGCTGCTCCATAC-1,Layer_4,3
CCGGGTTCGAGGTTAC-1,Layer_5,4
CCGGTAATGGCTAGTC-1,Layer_3,1
CCGGTTTGTAATTGTG-1,WM,2
CCGTAAGTTGGTCCCA-1,Layer_4,3
CCGTACCCAAGCGCCA-1,Layer_3,1
CCGTAGGAAATCCCTG-1,Layer_6,0
CCGTAGGGTTGTTTAC-1,Layer_6,0
CCGTATCTCGTCGTAG-1,Layer_6,0
CCGTATTAGCGCAGTT-1,Layer_3,1
CCGTGAGGCATTCATG-1,Layer_3,1
CCGTGCCCATGACGGC-1,Layer_3,1
CCGTGGAACGATCCAA-1,Layer_3,1
CCGTGTTAAATTCCAT-1,Layer_6,0
CCGTTACGTTAGAACA-1,Layer_3,1
CCGTTCCGAATCTCGG-1,Layer_5,4
CCTAAAGGCTGACGCT-1,Layer_3,1
CCTAAATTAACGGTTC-1,Layer_5,0
CCTAAATTGTATCCTA-1,Layer_5,4
CCTAACCCAAACAAGT-1,Layer_6,0
CCTAACTAAGGCTCTA-1,Layer_3,1
CCTACAAGTCCGGAAT-1,Layer_3,1
CCTACATTCACAGACG-1,Layer_6,0
CCTACGCGACCTTACA-1,Layer_3,1
CCTACGGCTCAGTCGA-1,Layer_3,1
CCTACTCAACACGATT-1,Layer_6,0
CCTACTGCGGCGGCCA-1,Layer_3,1
CCTACTGCTTACACTT-1,Layer_5,4
CCTAGGCGTAGCGATC-1,Layer_4,3
CCTAGGTAAAGGTAGC-1,Layer_6,0
CCTAGTTAGTCGCATG-1,Layer_3,1
CCTATAATGAGTGCCC-1,Layer_6,0
CCTATACCGTCCTGTC-1,WM,2
CCTATATCGTGTCACG-1,Layer_6,0
CCTATATTTGTCCTGG-1,WM,2
CCTATCTATATCGGAA-1,Layer_3,1
CCTATGAAGTGGTGCC-1,Layer_3,1
CCTATGGCTCCTAGTG-1,Layer_6,0
CCTATGGGTTACCGTC-1,Layer_4,3
CCTATGGTCAAAGCTG-1,WM,2
CCTATGTCCACTCCAC-1,Layer_6,0
CCTCACCAATCTTGAC-1,Layer_3,1
CCTCACCTGAGGGAGC-1,Layer_3,1
CCTCACCTTAGCATCG-1,Layer_3,1
CCTCATGCAGCTACGA-1,Layer_3,1
CCTCCCGACAATCCCT-1,Layer_3,1
CCTCCGACAATTCAAG-1,Layer_5,4
CCTCCTAGCTAGAGTC-1,Layer_6,0
CCTCCTGAGCCCACAT-1,Layer_5,4
CCTCCTGTTGTGTCGT-1,Layer_6,0
CCTCGAAGTGGACGGG-1,Layer_3,1
CCTCGACCCACTGCCT-1,Layer_3,1
CCTCGCCAGCAAATTA-1,Layer_3,1
CCTCGCGCGATATAGG-1,Layer_3,1
CCTCGCGCTGTGCGAT-1,WM,2
CCTCGGACCGGGATAG-1,Layer_5,4
CCTCGGATGCTACCTG-1,Layer_4,3
CCTCGTTACGCCTGTT-1,Layer_3,1
CCTCTAATCTGCCAAG-1,Layer_3,1
CCTCTACAAGGATTGG-1,Layer_6,0
CCTCTATCGATTAGCA-1,Layer_6,0
CCTCTCTCCCATCTAG-1,Layer_5,4
CCTCTGGCCTAGACGG-1,Layer_3,1
CCTCTGTACTATTCTA-1,Layer_6,2
CCTGAACGATATATTC-1,Layer_4,3
CCTGAATATTTACATA-1,Layer_3,1
CCTGACCACCGATGGT-1,Layer_6,0
CCTGACGCAACCTTTA-1,Layer_3,1
CCTGCCCGTTGTCTAG-1,Layer_5,4
CCTGCGATAGAACTGT-1,Layer_3,1
CCTGCGTTCTACGCTT-1,Layer_5,3
CCTGCTATTTGAGAAG-1,Layer_4,4
CCTGGAAACGTTCTGC-1,Layer_3,1
CCTGGCTAGACCCGCC-1,Layer_5,4
CCTGGTCGAATGTGGG-1,WM,2
CCTGTAAGACATGATA-1,Layer_5,4
CCTGTACTCACGCCCA-1,Layer_5,4
CCTGTCACCCGGGCTC-1,Layer_4,3
CCTGTCCCTCACGTTA-1,Layer_3,1
CCTGTCGCCCGTAAAT-1,Layer_5,4
CCTGTGCGGATTGTAA-1,Layer_3,1
CCTGTTTGAAGACACG-1,Layer_6,0
CCTTCAGTTAAAGTGA-1,WM,2
CCTTCGTATAGAATCC-1,WM,2
CCTTCTCAGCGTTCCT-1,Layer_5,4
CCTTCTTGATCCAGTG-1,Layer_3,1
CCTTGACCACTTTATT-1,Layer_6,0
CCTTTAAGGGAGCACT-1,WM,2
CCTTTCAATGAAGAAA-1,Layer_3,1
CGAAACATAGATGGCA-1,Layer_3,1
CGAAACGCAATTCATG-1,Layer_6,0
CGAACAGTATGGGCGT-1,Layer_5,0
CGAACATAGTCAGAAA-1,Layer_3,1
CGAACCCGCATGCGTC-1,Layer_6,0
CGAACGCCCAGTGCCG-1,Layer_3,1
CGAACGGCCGGACAAC-1,Layer_6,0
CGAAGCTATAAATTCA-1,Layer_3,1
CGAAGGGTTTCAGATT-1,Layer_6,0
CGAAGTTGCTCTGTGT-1,Layer_5,4
CGAATCTGCTCGACGC-1,Layer_6,0
CGAATGAAGTCATTGC-1,Layer_6,0
CGAATGACGCATAATG-1,WM,2
CGAATTACATGGTGTT-1,Layer_3,1
CGACAATTTGATCTAA-1,Layer_5,4
CGACACCGCTTAAGGA-1,Layer_3,1
CGACACGCTCCGACAG-1,Layer_5,4
CGACACGGATGCCCAC-1,Layer_3,1
CGACAGTTCGCGTTAT-1,Layer_5,4
CGACATGCGATCTTCT-1,Layer_3,1
CGACCCTTAACGCCGG-1,Layer_5,0
CGACGCATCCGTACCT-1,Layer_5,0
CGACTCAGGATGTTAT-1,Layer_3,1
CGACTCGGTACACGGT-1,Layer_3,1
CGACTTTGTATAGCCT-1,Layer_3,1
CGAGACCCTAGAGTGT-1,Layer_6,0
CGAGAGATGTGAACCT-1,Layer_3,1
CGAGAGCGCGTAGATA-1,Layer_5,4
CGAGAGCTTTCACTAC-1,Layer_6,2
CGAGAGGGTAGCCGCG-1,Layer_6,0
CGAGATTTCGCTCGGG-1,Layer_3,3
CGAGCACTTCAAGTTT-1,Layer_5,3
CGAGCGTTGATCAGCC-1,Layer_3,1
CGAGCTGGGCTTTAGG-1,Layer_3,1
CGAGGAGCTTCCATAT-1,Layer_3,1
CGAGGATCGGGAACGA-1,Layer_3,1
CGAGGCCAGGCATTGG-1,Layer_3,1
CGAGGCTAAATATGGC-1,Layer_3,1
CGAGGGACTGCGGTCG-1,Layer_5,4
CGAGGGTATCCAGGTG-1,WM,2
CGAGTACTAAAGAGGA-1,Layer_6,0
CGAGTGAAGGTACCAG-1,Layer_6,0
CGAGTGCTATAGTTCG-1,Layer_3,1
CGAGTTCTGTCCCACC-1,Layer_3,1
CGAGTTTATCGGACTG-1,Layer_4,3
CGATAACCAATTTGAG-1,Layer_3,1
CGATAATACTCAGGTT-1,Layer_3,3
CGATACCTCGCGGACA-1,Layer_6,0
CGATAGCGATACAGTG-1,Layer_6,0
CGATAGTCGTACTGCA-1,WM,2
CGATATTAGCCGCAGG-1,Layer_3,1
CGATCATTAGAGGCAC-1,Layer_3,1
CGATCCGACCCAGTGC-1,Layer_5,4
CGATCCTCGCAACATA-1,WM,2
CGATCTGTTGGAGGAC-1,Layer_6,0
CGATGGACCCTACGCC-1,Layer_3,1
CGATGTTGTTATCTAC-1,Layer_6,0
CGATTAAATATCTCCT-1,WM,2
CGATTCGCCTGGCTGC-1,WM,2
CGCAAACACGAGTTAC-1,Layer_5,4
CGCAATTACTTTCGGT-1,Layer_5,3
CGCAATTAGGGTAATA-1,Layer_5,4
CGCAATTCTACAATAA-1,Layer_5,3
CGCACATGTCCACTAC-1,Layer_5,4
CGCACGTCTGTTTATG-1,WM,2
CGCACGTGCGCTATCA-1,Layer_4,3
CGCAGAAACATTTGCG-1,Layer_3,1
CGCAGATCTTCACCCG-1,Layer_3,1
CGCAGGCGATCCAAAC-1,Layer_5,0
CGCATCATGGCTTCAG-1,Layer_3,1
CGCATCCATCAGCCAG-1,Layer_3,1
CGCATGCCGAATGCGT-1,WM,2
CGCATGGTGCGATGCT-1,Layer_5,4
CGCATTAGCTAATAGG-1,Layer_4,3
CGCCAAGAAGCCGAGT-1,Layer_5,4
CGCCACAGGTCGCGAT-1,Layer_5,0
CGCCATCCGATTATGA-1,Layer_3,1
CGCCCAGCACGCCTAG-1,WM,2
CGCCCAGCGTTTCACG-1,Layer_6,2
CGCCCGCTTCCGTACA-1,Layer_3,1
CGCCCTAATTGTTCAA-1,Layer_6,0
CGCCCTTACATCCACC-1,Layer_3,1
CGCCCTTGAAGGCTGA-1,Layer_5,3
CGCCGCCCATGCCTGT-1,Layer_5,4
CGCCGGTGTCGCAGTA-1,Layer_3,1
CGCCGTCTACCCATCG-1,Layer_3,1
CGCCGTTCAGCATAGT-1,Layer_6,0
CGCCTCCCTCCTCTAT-1,Layer_5,0
CGCCTGGCCTACGTAA-1,Layer_6,0
CGCCTTTAGCATGCTC-1,Layer_4,3
CGCGAAGTGGCATACT-1,Layer_6,0
CGCGACACTGCGCAGC-1,Layer_3,1
CGCGACCGCGACAGAT-1,Layer_6,2
CGCGAGAGGGACTTGT-1,Layer_3,1
CGCGAGTCTGCCGGGT-1,Layer_6,0
CGCGCAAATGTCCAGA-1,Layer_6,0
CGCGCAAGGAACTACA-1,Layer_3,1
CGCGCATGTTTGATTG-1,Layer_6,0
CGCGCCCGACTTAATA-1,Layer_3,1
CGCGGCAGTATTACGG-1,Layer_3,1
CGCGGCTCAACTTGAA-1,Layer_5,4
CGCGGGAATTAGGCAG-1,Layer_3,1
CGCGGTAAGTCTAGCT-1,Layer_3,1
CGCGGTACGGTATACA-1,Layer_6,0
CGCGGTCACAAACCAA-1,Layer_3,1
CGCGTACATTCTGGAA-1,Layer_3,1
CGCGTCATATTAAACC-1,Layer_3,1
CGCGTTCATGAAATAC-1,Layer_4,4
CGCTACGGGACATTTA-1,Layer_5,4
CGCTAGAGACCGCTGC-1,Layer_4,3
CGCTATACCGCCCACT-1,Layer_3,1
CGCTATCGTGGCTTTA-1,Layer_3,1
CGCTATTCAATGTATG-1,Layer_4,1
CGCTATTCTTAGGCTC-1,Layer_5,4
CGCTCGACATAATGAT-1,Layer_4,3
CGCTCTCCGTAGATTA-1,Layer_5,4
CGCTGGTGACTACCCT-1,Layer_5,4
CGCTGTGACGCCGCAC-1,Layer_4,3
CGCTGTGTGGATGTTG-1,WM,2
CGCTTAGTATTGATAC-1,WM,2
CGCTTATTCCCGGTCG-1,Layer_6,0
CGCTTCCACTGAAATC-1,Layer_3,1
CGCTTCGGTCTAAGAC-1,Layer_6,0
CGCTTGGACGGATAGA-1,Layer_6,0
CGCTTTCATACCGGTG-1,Layer_3,1
CGCTTTCTTGCATTCG-1,Layer_3,1
CGGAAAGAATCAAACG-1,WM,2
CGGAAATTTCACATCC-1,Layer_3,1
CGGAACGTAAACATAG-1,Layer_6,0
CGGAGCAATTTAATCG-1,WM,2
CGGAGCATGGCGATCC-1,Layer_5,4
CGGAGCTTATAACACC-1,Layer_3,1
CGGAGTTTGAGAGACA-1,Layer_5,4
CGGATAAGCGGACATG-1,Layer_3,1
CGGATCCTCAAGGACT-1,WM,2
CGGCAAACATCGTGCG-1,Layer_6,0
CGGCAATAAGATCGCC-1,Layer_6,0
CGGCACCGTTAGCGCC-1,Layer_3,1
CGGCACTCAAGAAAGT-1,Layer_3,1
CGGCAGGGTCGGGTTG-1,Layer_3,1
CGGCCACGCACAAAGT-1,Layer_5,4
CGGCCAGAGCGACCAT-1,WM,2
CGGCCCAACCTGTAGT-1,Layer_3,1
CGGCCCAGGTATATCC-1,Layer_4,3
CGGCGCCATCAATCCC-1,Layer_6,0
CGGCTCTAAAGCTGCA-1,Layer_4,4
CGGCTCTTCGTCGAAC-1,Layer_3,1
CGGCTGAAGGTTACGC-1,Layer_3,1
CGGCTGCAAGATTAAG-1,Layer_3,1
CGGCTTTGTATGATAA-1,Layer_3,1
CGGGAATATAGTATAC-1,Layer_5,4
CGGGAATTTATGTAAA-1,Layer_6,0
CGGGAGCTTCAGTGTA-1,Layer_5,0
CGGGAGTATACCGCCG-1,Layer_3,1
CGGGATCAATGTAAGA-1,Layer_3,1
CGGGCAGCTAAACCGC-1,Layer_5,4
CGGGCCATAGCCGCAC-1,Layer_3,1
CGGGCCTTCTTTGTAA-1,Layer_6,0
CGGGCGATGGATCACG-1,WM,2
CGGGCTACTTAAATTG-1,Layer_3,1
CGGGTGTACCCATTTA-1,Layer_3,1
CGGGTTCGGCACGTAT-1,Layer_3,1
CGGGTTTGTTAGGGCT-1,Layer_5,4
CGGTACTAGAATCAAA-1,Layer_5,4
CGGTAGAGGTGCAGGT-1,Layer_3,1
CGGTATAGGTATTAGC-1,Layer_3,1
CGGTCAAGTGGGAACC-1,Layer_3,1
CGGTCCATGAGACTCC-1,Layer_3,1
CGGTCCGTCGCAAGCC-1,WM,2
CGGTCTATCAACCCGT-1,Layer_3,1
CGGTGAAGACTAAAGT-1,Layer_5,4
CGGTGCAGATAGAACG-1,Layer_6,0
CGGTGCGCGTTGGTCC-1,Layer_6,0
CGGTGGGCTCCAGCCT-1,Layer_3,1
CGGTGTACTTGATCCC-1,Layer_3,1
CGGTTATCCAACAGTG-1,Layer_3,1
CGGTTCAAGTAGGTGT-1,Layer_3,1
CGGTTCCGGCTTCTTG-1,Layer_3,1
CGGTTGACCTGGCATA-1,Layer_5,4
CGGTTGAGTATCCTTC-1,Layer_6,0
CGGTTGGGTTCAAGTT-1,Layer_3,1
CGGTTTATGAAGGAAC-1,Layer_3,1
CGTAAACGCTTGAGTG-1,Layer_3,1
CGTAACGGAACGATCA-1,Layer_3,1
CGTAACTTCGACACTT-1,WM,2
CGTACCTGATAGGCCT-1,Layer_3,1
CGTAGAGAGTAATTAT-1,WM,2
CGTAGCGAATTGTCAG-1,Layer_3,1
CGTAGCGCCGACGTTG-1,Layer_3,1
CGTATTAAGAGATCTA-1,Layer_5,4
CGTCAAATGGTCGCAG-1,Layer_3,1
CGTCAAGGCTATAAAT-1,Layer_5,3
CGTCACGTCCATTGGT-1,Layer_6,0
CGTCAGCTATTTACTC-1,Layer_3,1
CGTCAGTGCGCACAAG-1,Layer_3,1
CGTCAGTTTATCGTCT-1,Layer_3,1
CGTCATACCATATCCA-1,Layer_4,1
CGTCGCATGTGAGCCA-1,WM,2
CGTCGCGGCGGGATTT-1,Layer_3,1
CGTCGCTTGGTTATAC-1,Layer_6,0
CGTCGGATAGTGTTGA-1,Layer_3,1
CGTCGGGTCTAAGCGC-1,Layer_6,0
CGTCGTCCTTCGCGAA-1,Layer_6,0
CGTCTCTCGCCGAGGC-1,Layer_3,1
CGTCTGGAAGGGCCCG-1,Layer_3,1
CGTGAAGTTAATTCAC-1,Layer_5,0
CGTGACATTGGGTCGT-1,Layer_3,1
CGTGACCAGTCCTCTG-1,WM,2
CGTGCAGACTGGGACA-1,Layer_5,4
CGTGCATTGTCGACGC-1,Layer_5,0
CGTGCCCTCCCGAAGA-1,Layer_5,4
CGTGCTGGCCTAGTCG-1,Layer_3,1
CGTGCTTCTACCTAAA-1,Layer_6,0
CGTGGAAGCCTCGTAC-1,Layer_4,4
CGTGGCCGAATATCTA-1,Layer_5,4
CGTGGTACCCAAAGGC-1,WM,2
CGTGTATGGGAGCTGA-1,Layer_6,0
CGTGTCCCATTCGCGA-1,Layer_5,4
CGTGTCTCGTTACGAC-1,WM,2
CGTGTGTTAAACCCTG-1,Layer_3,1
CGTTAAACTAGTTAGG-1,Layer_5,4
CGTTAATGTCCCGACG-1,Layer_6,0
CGTTAGCTCACAACTG-1,Layer_3,1
CGTTCAAGGAAACGGA-1,WM,2
CGTTCAGACCCGCGAA-1,WM,2
CGTTCATGGTGCGCGT-1,Layer_6,0
CGTTCTTCGCACACCT-1,Layer_3,1
CGTTGAATACCGCGCT-1,Layer_6,2
CGTTGAGCGACCGTCG-1,Layer_5,0
CGTTGAGTAATTGCGT-1,Layer_3,1
CGTTGCCCGCGTGGGA-1,WM,2
CGTTGTAAACGTCAGG-1,Layer_3,1
CGTTGTAAGATTGATT-1,Layer_3,1
CGTTGTCGGCAATTGA-1,WM,2
CGTTGTTTCAATTCCC-1,Layer_5,4
CGTTTAAGCGGAGCAC-1,Layer_3,1
CGTTTACAAGGCAGCT-1,Layer_3,1
CGTTTCACTTCGGGCG-1,Layer_3,1
CGTTTCGCTCATTACA-1,Layer_5,4
CGTTTGGTGTTGTGGG-1,Layer_6,0
CGTTTGTGTAGAGGGT-1,WM,2
CTAAAGAATGCCTACT-1,Layer_5,4
CTAAAGGGAAATAGGA-1,Layer_6,0
CTAAATCCGGTGTACA-1,WM,2
CTAAATCCTATTCCGG-1,Layer_3,1
CTAACCGCGCGCCCGT-1,Layer_5,4
CTAACGAAACTTGCTG-1,Layer_3,1
CTAACTGATAATCGCC-1,Layer_6,0
CTAACTGGTCCGGTTC-1,Layer_6,0
CTAAGGGAATGATTGG-1,Layer_5,0
CTAAGTACAGGGCTAC-1,Layer_3,1
CTAATTATGAAGCGTA-1,Layer_3,1
CTAATTCGCACGCGCT-1,Layer_5,4
CTAATTCTCAGATATT-1,Layer_3,1
CTAATTTCAACAACAC-1,Layer_4,1
CTACAAGAAATAACCC-1,WM,2
CTACACTCGCAGATGG-1,Layer_6,0
CTACCCTAAGGTCATA-1,Layer_3,1
CTACGAACTAGGTCGA-1,Layer_3,1
CTACGACTAGCTATAA-1,Layer_5,4
CTACGCACGGAGTACC-1,Layer_5,4
CTACGCCATTTCCGAT-1,Layer_3,1
CTACTATCATAGGTTT-1,Layer_6,0
CTACTATCTTTCAGAG-1,Layer_3,1
CTACTCAAGGTATAGT-1,WM,2
CTACTCTAGGCCCGGC-1,Layer_5,4
CTACTGCCACCTGACC-1,Layer_4,3
CTAGACATATATGTAG-1,Layer_3,1
CTAGACTGCATTTCGT-1,Layer_3,1
CTAGATAAACTCCTCG-1,Layer_3,1
CTAGATGTGAGTGTAA-1,Layer_3,1
CTAGATTTACGACGGC-1,Layer_5,4
CTAGCATAGTATAATG-1,Layer_5,4
CTAGCCACAGGCGAGC-1,Layer_6,0
CTAGCCGATGTTATGA-1,Layer_3,1
CTAGCGCCAATCCTAC-1,Layer_3,1
CTAGCTTAATGGTCCC-1,Layer_4,3
CTAGGCGCCCTATCAG-1,Layer_6,0
CTAGGCGGCAGAGAAT-1,Layer_3,1
CTAGGTCTGAAGGAAT-1,Layer_3,1
CTAGGTTCGGACGTGA-1,WM,2
CTAGTAGAAAGGGATT-1,WM,2
CTAGTATTCGGAATTA-1,Layer_3,1
CTAGTCACGTCTTAAG-1,Layer_5,4
CTAGTGAAGGACAGGA-1,Layer_5,4
CTAGTTACAACCCGGT-1,Layer_6,0
CTAGTTGGGCCCGGTA-1,Layer_3,1
CTATAAGAGCCAATCG-1,Layer_3,1
CTATAGGCGTTGATGT-1,WM,2
CTATATCCAGCCTGGC-1,WM,2
CTATCGACGAAATACA-1,Layer_6,0
CTATCGCGTAGAGAAC-1,Layer_6,4
CTATCGGGTCTCAACA-1,Layer_5,4
CTATGCCCGAATGCAA-1,WM,2
CTATGGGAAGCGGAAT-1,Layer_6,0
CTATGTCACTAGCCCA-1,Layer_4,3
CTATGTCTATTGAAAC-1,Layer_3,1
CTATGTGAGTCACGGC-1,Layer_5,4
CTATTCATGTGTCCCA-1,Layer_6,0
CTATTGTGTTTGGTCA-1,Layer_3,1
CTATTTGGTTACGGAT-1,Layer_4,3
CTCAAACCACTGCCCG-1,WM,2
CTCAACTAACCCGGAT-1,WM,2
CTCAAGACATTAGCGC-1,Layer_3,1
CTCACACGCAAGCCTA-1,Layer_3,1
CTCACATTTACTAAAT-1,WM,2
CTCACCGATCCAAACT-1,Layer_3,1
CTCACTGTGATACTTA-1,WM,2
CTCACTTGGCTGGTAA-1,Layer_5,4
CTCAGCAGACTGCCGA-1,Layer_3,1
CTCAGGACTCACCTGT-1,Layer_3,1
CTCAGTCACGACAAAT-1,Layer_3,1
CTCATGGCTCACAATC-1,Layer_3,1
CTCATGGTAATTTGCG-1,Layer_6,0
CTCATTGCTCTAACAA-1,WM,2
CTCATTTGATGGGCGG-1,Layer_3,1
CTCCCAATGAGTCGCG-1,Layer_5,4
CTCCCTCCTTTCGATC-1,Layer_6,0
CTCCGAGTAAATCCGC-1,Layer_3,1
CTCCGCCCACATGAGG-1,Layer_6,0
CTCCGGCCTAATATGC-1,Layer_3,1
CTCCGGCTTGTAGACA-1,Layer_3,1
CTCCTAAGTTATGTCT-1,Layer_3,1
CTCCTCCAGCTCACAC-1,WM,2
CTCCTGTTCAAGGCAG-1,Layer_5,4
CTCCTTTACGCAAGTC-1,Layer_3,1
CTCGAATGGAACGTAT-1,Layer_3,1
CTCGAGACATACGATA-1,Layer_6,0
CTCGAGATCCAAAGCA-1,Layer_3,1
CTCGAGGTCGAACAGT-1,Layer_4,4
CTCGATATTTGCGAGC-1,Layer_3,1
CTCGCACCTATATAGT-1,Layer_3,1
CTCGCATTGCATAGCC-1,Layer_6,0
CTCGCCGAATGTAGGG-1,WM,2
CTCGGGATAACACCTA-1,Layer_3,1
CTCGGGTTCTCTGGCC-1,Layer_6,0
CTCGGTACCACTGCTC-1,Layer_5,4
CTCGGTCCGTAGCCTG-1,Layer_3,1
CTCGGTTGTCGGCCCT-1,Layer_6,0
CTCGTCGAGGGCTCAT-1,Layer_6,0
CTCGTTTCTAATGTTT-1,Layer_3,1
CTCTAATGCATTGATC-1,Layer_3,1
CTCTACACTGGCGATT-1,Layer_5,4
CTCTAGCCCTCGGAAA-1,Layer_6,2
CTCTATTTGGCTGCAG-1,Layer_6,0
CTCTCACAATCGATGA-1,Layer_4,3
CTCTCGATGTGCGCCT-1,Layer_3,1
CTCTCGCTGTACTATG-1,Layer_3,1
CTCTCTAACTGCCTAG-1,Layer_6,0
CTCTGCGAAGCAAGCA-1,Layer_3,1
CTCTGGACGCCTGGTG-1,Layer_5,4
CTCTGTTTGAGGATTC-1,Layer_3,1
CTCTTCTATTGACTGG-1,Layer_5,4
CTCTTCTGGAAGTTAG-1,WM,2
CTCTTGTCCCGCTTGG-1,WM,2
CTGAAACGGCCCTCAG-1,Layer_3,1
CTGAAAGAGATCCGAC-1,Layer_3,1
CTGAATCCGAGACCTC-1,Layer_6,0
CTGAATTTATTGCCAG-1,Layer_3,1
CTGACATAGAAATAGA-1,Layer_5,4
CTGACTGCGCAGCTCG-1,Layer_3,1
CTGAGAAAGTTCGGCG-1,Layer_5,4
CTGAGCAAGTAACAAG-1,Layer_3,1
CTGAGCGAGACTTATT-1,Layer_3,1
CTGATAGTGTATCTCA-1,Layer_5,4
CTGCAAGCACGTTCCG-1,Layer_6,0
CTGCACAACTACATAT-1,Layer_6,0
CTGCACCTAGTCCACA-1,Layer_3,1
CTGCACCTGGAACCGC-1,Layer_3,1
CTGCACTCCAGTACAG-1,Layer_6,0
CTGCAGAGAATCAGAG-1,Layer_6,0
CTGCCAAGGTTGGAAG-1,Layer_3,1
CTGCCATGCATCACAT-1,Layer_5,4
CTGCCCACGAAGCGTT-1,Layer_4,3
CTGCCTAGCCACCAAG-1,Layer_3,1
CTGCCTCATATGCAAC-1,Layer_3,1
CTGCCTTTAATACCTT-1,Layer_6,0
CTGCCTTTCTAGTAAA-1,Layer_6,0
CTGCGGGTGAAATGTT-1,Layer_5,4
CTGCGGTAGTCACGTG-1,Layer_3,1
CTGCGTTACGATATAA-1,Layer_3,1
CTGCTGAGGCCACGAA-1,Layer_6,0
CTGCTGTCTAACGAGC-1,Layer_4,4
CTGCTTGGCGATAGCT-1,Layer_6,0
CTGCTTTATGTCCGCG-1,Layer_3,1
CTGGAAATGGATGCTT-1,Layer_5,4
CTGGAAGACACGGTGG-1,Layer_6,0
CTGGACGCAGTCCGGC-1,Layer_6,0
CTGGATTTACACTTGA-1,Layer_6,0
CTGGCATCCGAATGAG-1,Layer_6,0
CTGGCGACATAAGTCC-1,Layer_3,1
CTGGCGCACAGGTCTG-1,Layer_4,3
CTGGCGGGAATAAGTA-1,Layer_4,1
CTGGCTCCTGCGGGAT-1,Layer_3,1
CTGGCTGATTCATCCT-1,Layer_5,4
CTGGCTGGTTGTCAGT-1,WM,2
CTGGGATAAATAATGG-1,Layer_5,4
CTGGGATACGCTACCC-1,Layer_3,1
CTGGGCACTAGTCGGA-1,Layer_3,1
CTGGGCCTGCTATATC-1,Layer_6,0
CTGGGCGGCCAAATGT-1,Layer_3,1
CTGGGCTATCCTTTGG-1,Layer_3,1
CTGGGTAGGCAGTTAA-1,Layer_5,4
CTGGGTTGAGTTAAAG-1,Layer_6,0
CTGGTAAAGTGTGGGC-1,Layer_6,0
CTGGTAACACATAGAA-1,Layer_5,4
CTGGTAACGAGCTCTT-1,Layer_3,1
CTGGTCATTCCAATCC-1,Layer_4,1
CTGGTCCTAACTTGGC-1,Layer_3,1
CTGGTGAATGGGCCTA-1,Layer_6,0
CTGGTTCAACGCATCA-1,Layer_3,1
CTGGTTTCGAGCAAGA-1,Layer_5,4
CTGTACTTCTTAGCAT-1,Layer_5,0
CTGTAGCCATCTCACT-1,WM,2
CTGTAGTGAGGATCGA-1,WM,2
CTGTATGGTGTAGAAA-1,Layer_4,3
CTGTCAAATGGCTCGG-1,Layer_3,1
CTGTCACGCCAGGCGC-1,Layer_3,1
CTGTGCAGGGTAGGTC-1,Layer_5,4
CTGTGGTCGGGAGATA-1,Layer_6,0
CTGTTACCCAATCTAG-1,Layer_6,0
CTGTTCACTGCCTGTG-1,Layer_3,1
CTGTTCATCTCACGGG-1,Layer_4,3
CTGTTGTTCAGTCGTA-1,Layer_6,0
CTTAAATAAGACCCAT-1,Layer_3,1
CTTAACTTCGAAGTAC-1,Layer_3,1
CTTACACGGTATTCCA-1,Layer_5,4
CTTACACTGGGAAATA-1,Layer_3,1
CTTAGCCCGGATAGTG-1,Layer_4,1
CTTAGCCTTCCACATG-1,Layer_3,1
CTTAGGTATAGACCAG-1,Layer_6,0
CTTAGTAGGCCTACAG-1,Layer_3,1
CTTAGTGTAGTAGCAT-1,WM,2
CTTAGTTGAGGAATCG-1,WM,2
CTTATAGATGGCTGTT-1,Layer_6,0
CTTATGCGCTCAGGGC-1,Layer_5,4
CTTATGTTGACTACCA-1,Layer_3,1
CTTCAACTCCACTTGG-1,WM,2
CTTCAGTGGTCGCCTA-1,Layer_6,0
CTTCATAGCTCAAGAA-1,Layer_4,1
CTTCATTGTCAGTGGA-1,Layer_5,4
CTTCCGCTCCGTGAAG-1,WM,2
CTTCCTGCATATTTAC-1,Layer_3,1
CTTCGATTGCGCAAGC-1,WM,2
CTTCGGCCAATTGTTT-1,Layer_5,4
CTTCGTAGATAGGTGA-1,Layer_5,4
CTTCTATGTTGAAGTA-1,Layer_6,0
CTTCTATTAATGCTAG-1,Layer_6,0
CTTCTGGGCGTACCTA-1,WM,2
CTTCTTACGTCGTATA-1,Layer_3,1
CTTGACCCGAAAGATA-1,Layer_3,1
CTTGAGGTTATCCCGA-1,Layer_3,1
CTTGAGTTAGGGTAAT-1,Layer_4,3
CTTGCAACCGCCTCCT-1,Layer_6,0
CTTGCCCAGGCTCTAC-1,Layer_6,0
CTTGGCCAAGCTGGGA-1,WM,2
CTTGTACTTGTTGACT-1,Layer_3,3
CTTGTCAACATTCGAG-1,Layer_6,0
CTTGTGAGTCTTTGAC-1,Layer_3,1
CTTGTGCTCACCGATT-1,Layer_3,1
CTTGTTGCTGAGTCAA-1,Layer_5,4
CTTGTTTATGTAGCCA-1,Layer_3,1
CTTTAACTTTCAAAGG-1,Layer_3,1
CTTTAATATTGGTCGA-1,Layer_6,0
CTTTACCGAATAGTAG-1,Layer_6,0
CTTTAGGAACACTGTT-1,Layer_5,4
CTTTAGTGCTATTATT-1,Layer_6,0
CTTTCTGTGCGGGCTT-1,Layer_6,2
CTTTGAAACATATTCC-1,Layer_3,1
CTTTGCATCGCTCTTG-1,Layer_6,0
CTTTGCTGTCATGGAT-1,Layer_4,4
CTTTGGCAGACAGAGT-1,Layer_3,1
CTTTGGCGCTTTATAC-1,Layer_5,4
CTTTGGCTTTAGTAAA-1,Layer_5,4
CTTTGGGATTGTTGCA-1,WM,2
GAAACAGATGACCACC-1,Layer_4,4
GAAACAGCCATGCAGT-1,Layer_3,1
GAAACATAGGAAACAG-1,Layer_6,0
GAAACCATGGTGCGCT-1,Layer_3,1
GAAACCGAATTACCTT-1,Layer_6,0
GAAACCTATACAAATG-1,WM,2
GAAACTCGTGCGATGC-1,Layer_5,4
GAAACTCTAATGAAGG-1,Layer_3,1
GAAAGAACAGCGTTAT-1,Layer_3,3
GAAAGCAGTGCACTTT-1,WM,2
GAAAGCCCTTTGGACC-1,Layer_5,4
GAAAGTGACTAACTGC-1,Layer_5,3
GAAATACCTGCTGGCT-1,Layer_3,1
GAAATACTAAACGTTT-1,Layer_3,1
GAAATATCACCATCAG-1,Layer_5,4
GAAATATGCTTGAATG-1,Layer_3,1
GAAATCGCGCGCAACT-1,Layer_3,1
GAAATGGCGGTGTTAG-1,Layer_5,4
GAAATGGGATGTAAAC-1,Layer_3,1
GAAATTAGCACGGATA-1,Layer_3,1
GAAATTCACATCGCTG-1,Layer_3,1
GAAATTGTCTCTATAA-1,Layer_6,0
GAACAACTGGGATGAA-1,WM,2
GAACACACATCAACCA-1,Layer_4,3
GAACAGATTACTAAAT-1,WM,2
GAACATTAGTATGTTA-1,Layer_3,1
GAACCATCTGGGAGAC-1,Layer_3,1
GAACCCTCTGTGTTCT-1,WM,2
GAACCTCGACCTACAC-1,Layer_5,4
GAACCTTTAACGATCC-1,WM,2
GAACGACCGAATGATA-1,Layer_3,1
GAACGATAAGTTAAAG-1,Layer_3,1
GAACGCGGGTCACACG-1,Layer_5,4
GAACGGTGTAAAGCAG-1,Layer_3,1
GAACGTCTCATGGTCG-1,Layer_3,1
GAACGTTAGGAAGACG-1,Layer_5,4
GAACTGTGGAGAGACA-1,WM,2
GAACTTAGCGCCCGGT-1,Layer_3,1
GAACTTGTGCACGGGA-1,Layer_3,1
GAAGAAACGATATTGT-1,Layer_6,0
GAAGAACGGTGCAGGT-1,Layer_3,1
GAAGACTTCAATGCCG-1,Layer_3,1
GAAGCCACTGATTATG-1,WM,2
GAAGCCTGCACATTCC-1,WM,2
GAAGCGTGAGGAATTT-1,Layer_5,4
GAAGCTCGGACCCGTC-1,Layer_6,0
GAAGCTTGCTGACCGC-1,Layer_5,4
GAAGGAGTCGAGTGCG-1,WM,2
GAAGGCTACCATTGTT-1,Layer_3,1
GAAGTCAGTTGCACTA-1,Layer_6,2
GAAGTCTCCCTAGCGA-1,Layer_4,3
GAAGTGATTTATCGTG-1,Layer_5,0
GAAGTGCTGGATAGCT-1,Layer_3,1
GAAGTTTCCACTCAAT-1,Layer_5,4
GAATAGACGCGACCCA-1,Layer_5,4
GAATAGCATTTAGGGT-1,Layer_4,3
GAATAGCCCTGCGGTC-1,Layer_3,1
GAATAGTGCTCGATTA-1,WM,2
GAATATTCGGAGTCCC-1,Layer_3,1
GAATCGACATGGTCAC-1,Layer_5,4
GAATCGCCGGACACGG-1,Layer_3,1
GAATCTATACTCGGAC-1,Layer_3,1
GAATCTGAACATTCTC-1,Layer_5,0
GAATGAAGGTCTTCAG-1,Layer_3,1
GAATGCCGAAATGACC-1,Layer_3,1
GAATGCGAATCGGTTC-1,WM,2
GAATGTATGGCAGGTC-1,Layer_3,1
GAATGTGGTCCGGATT-1,Layer_5,4
GAATGTTGGGTAATCT-1,Layer_3,1
GAATTATAGTGAAAGG-1,Layer_5,4
GAATTATGCAACCTAC-1,Layer_3,1
GAATTCACCCGGGTGT-1,Layer_6,0
GAATTTCTCGCTGCAG-1,Layer_5,4
GACAAACATATGCAGG-1,Layer_5,4
GACAACGACCATTGAA-1,Layer_3,1
GACAACGCAGCTTACG-1,Layer_3,1
GACAAGAGATGAGATT-1,Layer_5,4
GACACAAGGGAAGAAA-1,Layer_4,3
GACACGAGTTAGAGGA-1,Layer_4,1
GACACTGAGTTCAGTG-1,Layer_6,0
GACACTGGAACCCGAT-1,Layer_5,4
GACAGATTTCTGGCTC-1,Layer_5,4
GACAGCCAGACCTGAC-1,Layer_5,4
GACAGGCACACACTAT-1,Layer_5,4
GACATACTGTCGCAGA-1,Layer_3,1
GACATCCGTCGAACTG-1,WM,2
GACATCGATTTATAAC-1,Layer_6,2
GACCAAACGTTGACTG-1,Layer_6,0
GACCAGAGCCCTGTAG-1,Layer_5,4
GACCAGGTCATTCATA-1,Layer_3,1
GACCCAATTATGATAC-1,Layer_6,0
GACCCGTCGCCGGCTA-1,Layer_3,1
GACCGACGTGAAAGCA-1,Layer_3,1
GACCGACTGAAGCGTC-1,Layer_5,4
GACCGATTAAATATGT-1,Layer_6,0
GACCGCGTCTGACGTG-1,Layer_5,4
GACCGTCAGGTCGTGA-1,Layer_3,1
GACCGTGCTGACGGTG-1,Layer_6,0
GACCTTCCACGTCTAC-1,WM,2
GACGACGATCCGCGTT-1,Layer_6,0
GACGAGGCTAATAAAC-1,Layer_6,0
GACGCCGTAAAGGCTA-1,WM,2
GACGCCTGTTGCAGGG-1,Layer_3,1
GACGCTTGCTTCTAAA-1,Layer_5,4
GACGGACCGCGTTCCT-1,Layer_3,1
GACGGGTTGGCCCGTA-1,WM,2
GACGGTCAATAGAAGC-1,Layer_3,1
GACGTGAGACTCCATG-1,Layer_3,1
GACGTGTAGGGATTAT-1,Layer_5,4
GACGTTCGTAAATACA-1,Layer_3,1
GACTAACACAGCACCT-1,Layer_3,1
GACTAAGATCATGCAC-1,Layer_4,3
GACTAAGTAGGCTCAC-1,Layer_5,4
GACTACAAAGCGGTGG-1,Layer_6,0
GACTACAATTGCTCGT-1,Layer_3,1
GACTAGGCCGTTAGGT-1,WM,2
GACTCACCCACGTGAG-1,Layer_3,3
GACTCCCAGAATAAGG-1,Layer_3,1
GACTCCTTCCAATTGA-1,Layer_6,0
GACTCGCGGGAATGAC-1,Layer_3,1
GACTCGGTCGGCGGAT-1,Layer_3,1
GACTGATTGGTCACAA-1,Layer_3,1
GACTGCAAATCGAGCT-1,WM,2
GACTGCACCAGCCCAG-1,Layer_5,0
GACTGCGGCACGTGTA-1,Layer_4,3
GACTGCTGGTGAGAAA-1,WM,2
GACTGGGCGCCGCAAC-1,Layer_3,1
GAGAATCTCACGATCA-1,Layer_4,3
GAGACCCTGCAACGCC-1,Layer_3,1
GAGACTGATGGGTAGA-1,Layer_4,4
GAGACTTCGCGACCGA-1,WM,2
GAGAGCGCAGTCCCTG-1,Layer_4,3
GAGAGGGCGCGAGGTT-1,Layer_5,4
GAGAGGTGCATTCTGG-1,Layer_6,0
GAGATCTGCTTGGCAT-1,Layer_5,4
GAGATCTGTCACTCCG-1,Layer_3,1
GAGATCTTCCATGACA-1,Layer_5,0
GAGATGACAATCCTTA-1,Layer_3,1
GAGATGGCTTTAATCA-1,WM,2
GAGATGGGAGTCGACA-1,Layer_6,0
GAGCACCTGTGTCCAG-1,Layer_6,0
GAGCACGGCGCCTCTT-1,Layer_3,3
GAGCATCAACAACTTG-1,Layer_6,2
GAGCATCATCCCTGGG-1,Layer_3,1
GAGCCACGGTAGTAGG-1,Layer_3,1
GAGCCAGCTACCTGTG-1,Layer_6,0
GAGCCGAGCGTTTATT-1,Layer_3,1
GAGCGAGGGAGTACCG-1,Layer_3,1
GAGCGCAAATACTCCG-1,Layer_5,4
GAGCGCGCACGAGTAG-1,Layer_5,0
GAGCGCTGTTAGGTAA-1,Layer_6,0
GAGCGGAATGCGGTGT-1,WM,2
GAGCTAAGGGCATATC-1,Layer_3,1
GAGCTCTCGGACCTAA-1,Layer_3,1
GAGCTGTCGTCTCGGA-1,Layer_3,1
GAGGAATGGAGAGGTT-1,Layer_5,4
GAGGATAAACAGTGCT-1,Layer_3,1
GAGGCATTTGCAGCAG-1,Layer_3,1
GAGGCCCGACTCCGCA-1,Layer_6,0
GAGGCCTGTTGATACA-1,Layer_6,0
GAGGCTATCAAAGTCG-1,Layer_5,4
GAGGGAGTCAGATCGC-1,WM,2
GAGGGCATCGCGTATC-1,Layer_3,1
GAGGGCCGGCAGAGTC-1,Layer_3,1
GAGGGCGCAGCTCTGC-1,Layer_3,1
GAGGGTAGTAACAAAG-1,Layer_6,2
GAGGTACATCCATCTT-1,Layer_3,1
GAGGTACGCGTGTCCC-1,WM,2
GAGGTCCCAAAGATCT-1,Layer_3,1
GAGGTCTTAGTGGGTC-1,Layer_3,1
GAGTAAACCGGAAAGT-1,Layer_5,4
GAGTAAGGCCACGGGA-1,Layer_6,0
GAGTACGGGTATACAA-1,Layer_3,1
GAGTAGATACTAGTTG-1,WM,2
GAGTATCAAAGTTACA-1,Layer_5,4
GAGTATGCCCGCCTTG-1,Layer_6,0
GAGTATGCGCGTGCAT-1,WM,2
GAGTCAGACCAGAATC-1,WM,2
GAGTCCGCTTACCGGA-1,Layer_6,0
GAGTCGACAGACCCTC-1,Layer_4,3
GAGTGCACGGACAACA-1,Layer_3,1
GAGTGTCAACCAGAAA-1,WM,2
GAGTGTGCGGTACCCA-1,Layer_5,4
GAGTTGATGGCAATTT-1,Layer_6,0
GATAAATCGGTGGATG-1,Layer_3,1
GATAACTCGCACTGTG-1,Layer_4,4
GATAAGGCAGATGCAA-1,Layer_3,1
GATACGATGGGAGTCA-1,Layer_6,0
GATAGGTAACGTTGAC-1,Layer_6,0
GATAGGTGTCCCGGGC-1,Layer_3,1
GATAGTGCGAGTAAGT-1,WM,2
GATATCTCATGCAATA-1,Layer_3,1
GATATGAGACACTAAC-1,Layer_5,4
GATATGCGGTAGCCAA-1,Layer_3,1
GATATGGATTACGCGG-1,Layer_5,3
GATATTGAGATTGGCG-1,Layer_3,1
GATATTTCCTACATGG-1,Layer_3,1
GATCAACATAAAGGGA-1,WM,2
GATCATTCCAAACATT-1,Layer_5,4
GATCCCTTTATACTGC-1,Layer_4,3
GATCCGAATATAAGTG-1,Layer_3,1
GATCCGGGAATTAACA-1,Layer_5,4
GATCCTAAATCGGGAC-1,Layer_3,1
GATCCTCGACACTGGC-1,Layer_6,0
GATCCTCTTGCGCTTA-1,Layer_3,1
GATCGACACTATCTGA-1,Layer_5,4
GATCGCGGGCTCTCCA-1,Layer_5,4
GATCGCTACCCGATTT-1,Layer_5,4
GATCGCTATATCTCAG-1,Layer_6,0
GATCGGATAGAACCAT-1,Layer_5,4
GATCGGCGATAAGTCG-1,Layer_3,1
GATCGGTGGCCATAAC-1,Layer_3,3
GATCGTGACTGATATC-1,Layer_5,4
GATCTCGACGCTGTGG-1,Layer_5,4
GATCTGCTATCTAAGG-1,WM,2
GATCTTAGTGAACGTG-1,Layer_3,1
GATCTTCATTGTCCTC-1,Layer_3,1
GATCTTGGAGGGCATA-1,Layer_6,0
GATCTTTGCAGGGTAT-1,Layer_5,4
GATCTTTGCTCAAAGA-1,Layer_3,1
GATGACAAGTAGGGCA-1,Layer_6,0
GATGACGATGATCGCG-1,Layer_3,1
GATGAGGAACCTTCGG-1,WM,2
GATGCCAGCAGAAGGC-1,Layer_4,1
GATGCCTTCTGCGGCA-1,Layer_6,0
GATGCGAATGGTATTA-1,Layer_4,1
GATGCGTCCTGCATTC-1,Layer_5,4
GATGCTACAAGCGCCT-1,Layer_3,1
GATGCTGTATTTCATC-1,Layer_5,4
GATGGCGCACACATTA-1,Layer_4,1
GATGGTGAAATAACCC-1,Layer_3,1
GATGGTGCCCTAGGCA-1,Layer_3,1
GATGTAACGAACCACC-1,Layer_6,0
GATGTCCGGATCACAT-1,Layer_3,1
GATGTCGGTCAACTGC-1,Layer_3,1
GATGTGTTGTCACAAG-1,Layer_3,1
GATGTTCAATCCACGA-1,Layer_6,0
GATGTTTGTGCGAGAT-1,Layer_4,1
GATTAACCGAAAGCCC-1,Layer_6,0
GATTACTGAATTTGGG-1,Layer_6,0
GATTCCCTTGTCGCAG-1,Layer_3,1
GATTCCGCGTTTCCGT-1,Layer_3,1
GATTCCTATACGGCGC-1,Layer_5,3
GATTCGACGGTTCACG-1,Layer_5,4
GATTGACACTCTGCTC-1,Layer_3,1
GATTGCTCCAGTTGCA-1,Layer_6,0
GATTGGGAAAGGTTGT-1,WM,2
GATTTAGTGCGTACTG-1,Layer_3,1
GCAAACCCTACATTAT-1,Layer_6,0
GCAAACCTTGGCCATA-1,WM,2
GCAAACGTCGCCAGGT-1,Layer_4,4
GCAAAGGGCGTTAGCC-1,Layer_6,0
GCAAATATTACGCTTT-1,Layer_5,4
GCAACACACTAGAACT-1,Layer_6,0
GCAACAGCAGTATGCG-1,Layer_5,4
GCAACCACCAGACCGG-1,Layer_3,1
GCAACCACGGCCGCGT-1,Layer_6,0
GCAACGGCTAGTTATG-1,Layer_4,3
GCAAGAATTCCTTGGC-1,Layer_6,0
GCAAGATGTGTTCGCG-1,Layer_3,1
GCAAGTGCACAGAGAA-1,Layer_4,3
GCAAGTGTAAAGCATG-1,WM,2
GCAATTAGTCGCACCG-1,Layer_3,1
GCACAAACCCTAGATG-1,Layer_6,0
GCACAAACGAGGCGTG-1,Layer_4,3
GCACAACCTCGGGCGT-1,Layer_6,0
GCACAAGTGTCGGAAG-1,Layer_3,1
GCACACACTGGTAGCC-1,Layer_6,0
GCACACGCCCATGGTC-1,Layer_5,4
GCACGCCTACTTAGAT-1,WM,2
GCACGTGGTTTACTTA-1,Layer_6,0
GCACTAGTCGCGCTAT-1,Layer_3,1
GCACTGCCTACCTTTA-1,WM,2
GCACTGTGCAAATGTA-1,Layer_3,1
GCAGAAACGTAATCCA-1,Layer_3,1
GCAGAAGGTAATCTCC-1,Layer_5,4
GCAGACCCAGCACGTA-1,Layer_3,3
GCAGATCCATAAGACT-1,Layer_6,0
GCAGATCCTCGCAAAT-1,Layer_3,1
GCAGATTAGGGATATC-1,Layer_5,4
GCAGCACACAGCCCAG-1,Layer_5,4
GCAGCCTATATCACAT-1,Layer_3,1
GCAGCGGTGGGCATTA-1,Layer_3,1
GCAGCTATGGACAGGT-1,Layer_3,1
GCAGGAACTTAGATCT-1,Layer_6,0
GCAGGACTATAGAATA-1,Layer_5,4
GCAGGTAGAGTATGGT-1,Layer_3,1
GCAGTGCGGGCGGATG-1,Layer_5,4
GCAGTGTGGCTATAGG-1,Layer_6,0
GCAGTTCGATCCGAGC-1,Layer_5,4
GCATAAATTGAACGCC-1,Layer_3,1
GCATACGAGGTCTTTA-1,Layer_5,4
GCATAGAGCACTCAGG-1,Layer_5,4
GCATCCCTAACTTTGA-1,Layer_3,1
GCATCGGCCGTGTAGG-1,Layer_5,4
GCATGAGGGACGCGGC-1,Layer_3,1
GCATGCTAATAACGAT-1,Layer_6,0
GCATTCAAGGCAACGC-1,Layer_3,1
GCATTCGAAATGAACA-1,Layer_4,3
GCATTGTAATTCATAT-1,Layer_5,4
GCATTTCCAAGGCTCC-1,Layer_3,1
GCCAACCATTTCCGGA-1,Layer_3,1
GCCAAGAATACTTCTG-1,Layer_5,4
GCCAATAGGGCATCTC-1,Layer_3,1
GCCACAATTTAAGGAC-1,Layer_6,0
GCCACTCAGAGCGCGA-1,Layer_6,0
GCCACTCCTTACGGTA-1,Layer_5,4
GCCAGGAGTAACCGAT-1,Layer_3,1
GCCAGGCGTTCGCATG-1,Layer_3,1
GCCATATTGCACACAG-1,Layer_3,1
GCCATCGAGCTGCGTG-1,WM,2
GCCATCGATGCTGCAT-1,Layer_3,1
GCCATTAGCCTCAAAC-1,Layer_6,0
GCCCACCAAGGCTGTC-1,Layer_3,1
GCCCACTGGTCCACAA-1,Layer_3,1
GCCCAGATGCTGGAGA-1,Layer_3,1
GCCCAGTTGGTATGCC-1,Layer_4,3
GCCCATGGGTGCAATG-1,Layer_3,1
GCCCGACTTCTTCCCG-1,Layer_6,0
GCCCGAGAGTCTAAAT-1,Layer_6,0
GCCCGATCTGTGGTCG-1,Layer_6,2
GCCCGCGCGTAAACGG-1,Layer_6,0
GCCCGCGCGTTTGACA-1,Layer_4,3
GCCCGTAATACCTTCT-1,Layer_3,1
GCCCTAGCCGTCGCGA-1,Layer_6,0
GCCCTGAGGATGGGCT-1,WM,2
GCCGAAATTCCTACGT-1,Layer_5,4
GCCGACCCACGACTGC-1,Layer_6,0
GCCGATTGGCCAAGCT-1,Layer_5,0
GCCGCACTCCGTTTCA-1,Layer_3,3
GCCGCATTAGTCCGGC-1,Layer_5,4
GCCGCTAGATACGCAG-1,Layer_3,1
GCCGCTTGTGAGAAAC-1,Layer_5,4
GCCGGAAACACATCTT-1,Layer_3,1
GCCGGGTTAGGGTCGC-1,Layer_6,0
GCCGTGGAAGAAATGT-1,Layer_3,1
GCCTACGTTCTGTGCA-1,WM,2
GCCTAGCGATCTGACC-1,Layer_4,3
GCCTATAGTGTCAGGG-1,Layer_3,1
GCCTATGCTGGGCCTT-1,Layer_3,1
GCCTATTCCGATATAG-1,Layer_5,3
GCCTATTTGCTACACA-1,Layer_3,1
GCCTCATCTGGAAATA-1,Layer_4,4
GCCTCCGACAATTCAC-1,Layer_6,0
GCCTCTATACATAGCA-1,Layer_6,0
GCCTGCTACACTGAGA-1,Layer_3,1
GCCTTCAGCCCTACCG-1,Layer_3,1
GCCTTGTATATGCAGT-1,Layer_3,1
GCCTTTGTCAGTGGAC-1,Layer_6,0
GCGAAACGATCGGGAG-1,Layer_6,0
GCGAAACTTAACTGGA-1,Layer_5,4
GCGAAGAATCTGACGG-1,WM,2
GCGAAGCCATACCCGT-1,Layer_5,4
GCGACATGTAAACATC-1,Layer_3,1
GCGACCCAACCATCTG-1,Layer_6,2
GCGACGATAGTTGTAC-1,Layer_6,0
GCGAGAAACGGGAGTT-1,Layer_3,1
GCGAGAGGCCATGTAA-1,Layer_3,1
GCGAGAGTTGCGTCCA-1,Layer_3,1
GCGAGCGCATGCTCCC-1,Layer_3,1
GCGAGGCCCGAGCAGA-1,Layer_5,4
GCGAGTTCTGCAAAGA-1,Layer_5,4
GCGATTCTGGAAGCAG-1,Layer_3,1
GCGATTGTTAACGTTA-1,Layer_5,4
GCGCAAATATATTCAA-1,Layer_6,0
GCGCAAGAGCGCGCTG-1,Layer_4,3
GCGCATCCAGTCAGCA-1,Layer_3,1
GCGCCGTTCCACGATA-1,Layer_5,0
GCGCCTCCCACTCCGA-1,Layer_5,4
GCGCGGTCTAGTAACT-1,WM,2
GCGCGTCATTGGTACA-1,Layer_6,0
GCGCTAAGTATGCATG-1,Layer_3,1
GCGCTAATTGAATAGA-1,Layer_4,4
GCGCTATGCCGAGGCA-1,Layer_6,0
GCGCTCGATCACCTGT-1,Layer_3,3
GCGCTGATCCAGACTC-1,Layer_3,1
GCGCTGCTTTGCATTT-1,Layer_3,1
GCGCTTAAATAATTGG-1,Layer_6,0
GCGGACCGCGTTGTGG-1,Layer_6,0
GCGGAGAAACTTCGCA-1,Layer_6,0
GCGGAGAGGGAGAACG-1,Layer_6,0
GCGGCAAAGTATTGCC-1,Layer_6,0
GCGGCTCTGACGTACC-1,Layer_5,4
GCGGGAACCAGGCCCT-1,Layer_3,1
GCGGGCATTACGATGC-1,Layer_3,1
GCGGGCGAGCCTTACC-1,WM,2
GCGGTAACCCAAATGA-1,Layer_3,1
GCGGTCCCTAGACGCA-1,Layer_3,1
GCGGTGAACTGCGCTC-1,Layer_3,1
GCGGTTCCCTATCATG-1,Layer_6,0
GCGTAAATGGCCATAA-1,Layer_3,1
GCGTCCCTAAGACATA-1,WM,2
GCGTCGAAATGTCGGT-1,Layer_3,1
GCGTCGCCAGGGTGAT-1,WM,2
GCGTCTCTGCATTGGG-1,Layer_5,4
GCGTGGTACTGGGTTA-1,Layer_3,3
GCGTGTATGTCGTATT-1,Layer_3,1
GCGTTATATTTGGAAC-1,Layer_5,3
GCGTTCGGAGACCGGG-1,Layer_3,1
GCTAAACCTGAGGTGA-1,Layer_5,3
GCTAACTGAAGTCTGA-1,Layer_6,0
GCTAAGTAAAGGCGAT-1,Layer_4,1
GCTAAGTAGTTTCTCT-1,Layer_4,3
GCTAATACCGAATGCC-1,Layer_4,3
GCTACAATCGAGGATA-1,Layer_6,0
GCTACAGTACGGACCG-1,Layer_5,4
GCTACGACTTATTGGG-1,Layer_5,0
GCTACTATAGTAGAGT-1,Layer_6,0
GCTAGACCGTCTACTG-1,Layer_4,3
GCTAGAGTAGAGATGT-1,Layer_6,0
GCTAGCACCTGGGCCA-1,Layer_3,1
GCTAGCAGGGAGTGGG-1,Layer_3,1
GCTAGCGATAGGTCTT-1,Layer_6,0
GCTAGCTTGAATAGCT-1,Layer_6,0
GCTAGGCACCACGGAG-1,Layer_6,0
GCTAGTAGAGCTTGTA-1,Layer_5,4
GCTAGTTTCATTGAGG-1,Layer_3,1
GCTATACGTCTCGGAC-1,Layer_6,0
GCTATCATACTCATGG-1,Layer_6,0
GCTATCGCGGCGCAAC-1,Layer_4,1
GCTCAACCTCTTAGAG-1,Layer_3,1
GCTCAATCCGTTTATT-1,Layer_6,0
GCTCAATGTAATACCG-1,WM,2
GCTCATTACTGCATGT-1,Layer_3,1
GCTCCATGAGTGCAGA-1,Layer_5,4
GCTCCATGCAAAGCAA-1,WM,2
GCTCCCAGTCGGTCCA-1,Layer_4,3
GCTCCGCTCGCTTCAG-1,Layer_4,3
GCTCCGGACGTTGATA-1,Layer_3,1
GCTCCTGACATACTGG-1,Layer_6,0
GCTCGACCGAACTGAA-1,Layer_3,1
GCTCGCGGTTCCGCTC-1,Layer_4,1
GCTCGCTCATGTCCAA-1,Layer_4,3
GCTCGGAATTTAAAGC-1,Layer_3,1
GCTCTAAACCCTGACG-1,Layer_3,3
GCTCTATGTTACGTGC-1,Layer_5,4
GCTCTCGGGTACCGAA-1,Layer_4,3
GCTCTTTCCGCTAGTG-1,WM,2
GCTGAACTCTCCAGGG-1,Layer_3,1
GCTGAATCTTCCAATC-1,Layer_6,0
GCTGAGCAACGGTTCT-1,Layer_3,1
GCTGAGGCGTGAGTAT-1,Layer_5,4
GCTGCACGGTTTCTTA-1,Layer_5,4
GCTGCTAAGTAGTCGA-1,WM,2
GCTGCTACTGCGTAGC-1,Layer_6,0
GCTGCTCTCCGGACAC-1,Layer_4,4
GCTGGACCCAAAGTGG-1,Layer_3,1
GCTGGCATATTCACCT-1,Layer_5,4
GCTGGCGGCGCATGCT-1,Layer_6,2
GCTGGTGACTCGTAGT-1,Layer_3,1
GCTGGTTTAGGCCATA-1,Layer_6,0
GCTGTATTACTGGCCC-1,Layer_6,0
GCTGTCTGTGATCGAC-1,Layer_3,1
GCTGTTGCTACCGAAC-1,Layer_4,3
GCTTAATGTAACTAAC-1,Layer_5,4
GCTTACGTAGTTAGTA-1,Layer_3,1
GCTTAGGGAAGCGGTA-1,Layer_3,1
GCTTATGAAGCAGGAA-1,Layer_4,3
GCTTCAGTGGGATTAC-1,Layer_3,1
GCTTCCGTCCCTAGAC-1,Layer_3,1
GCTTGATGATAATCAG-1,Layer_4,3
GCTTGCAGCACAATTG-1,Layer_3,1
GCTTGGATCGATTAGG-1,Layer_3,1
GCTTTCAGAGGAGGTG-1,Layer_3,1
GCTTTCTATCTCAACT-1,Layer_3,1
GCTTTGCTGCCGGGTA-1,Layer_3,1
GGAAACCTTGTTGAAT-1,Layer_3,1
GGAAACTAAATGGGCC-1,Layer_6,0
GGAAAGTGCCCATGCC-1,Layer_3,1
GGAACCCGAACAAGAA-1,Layer_3,1
GGAACCGTGTAAATTG-1,Layer_6,0
GGAACCTTGACTCTGC-1,Layer_6,0
GGAACGGCCTGCAGCC-1,Layer_4,1
GGAACTTTGGCGATTA-1,Layer_6,0
GGAAGATAAGACTGTA-1,Layer_3,1
GGAAGCTCGCTTACAG-1,Layer_3,1
GGAATAACCTCAAGAA-1,Layer_3,1
GGAATGCGCTAGCGTG-1,Layer_3,3
GGACAAGTTGCAGTGA-1,Layer_4,3
GGACACAAGTTTACAC-1,Layer_5,4
GGACCAACAGGATAAC-1,Layer_6,0
GGACCTACGGTAACGT-1,Layer_3,1
GGACCTCTAGGCCGCC-1,Layer_6,0
GGACGGCTTGCGCAAC-1,Layer_3,1
GGACGTCCATAGTTGG-1,Layer_3,1
GGACTCACAAATTAGG-1,Layer_4,4
GGACTCGACAGCGCAT-1,WM,2
GGACTCGTGAGTGGTC-1,WM,2
GGACTCTTCCGGTTGA-1,Layer_5,4
GGAGAAGTCATTGGCA-1,Layer_4,3
GGAGACCAATGTGCTT-1,Layer_3,1
GGAGACCATCTACATA-1,Layer_5,0
GGAGACGACACCTTTG-1,Layer_6,0
GGAGCAACATTTCAAG-1,Layer_6,0
GGAGCACCAAGAACTA-1,Layer_3,1
GGAGCGAGGCCTACTT-1,WM,2
GGAGGATTGAAAGGAG-1,Layer_3,1
GGAGGCCGAAGTCGTC-1,Layer_3,1
GGAGGCGAAGAACCGC-1,Layer_3,1
GGAGGGCTTGGTTGGC-1,Layer_4,3
GGAGGGTCAAGTAAGA-1,Layer_6,0
GGAGTGCCGCCCTGGA-1,Layer_3,1
GGATACTCATGAATTG-1,Layer_3,1
GGATCAAAGGACGAGG-1,Layer_3,1
GGATCATCCCGTACGC-1,Layer_3,1
GGATCCGGAATATACT-1,Layer_4,3
GGATCTTACTGCCCTT-1,WM,2
GGATCTTGACTCAACC-1,Layer_6,0
GGATGAAGATCGCTGA-1,Layer_5,4
GGATGACGCGAGTTTA-1,Layer_5,4
GGATGCTGGCGTTCCT-1,Layer_5,4
GGATGTCCTTACCGCA-1,Layer_3,3
GGATTAAGCTAAGGTC-1,Layer_3,1
GGATTCAGTACGGTGG-1,Layer_4,1
GGATTCCGCTATACCC-1,Layer_3,1
GGATTGCTGTGACTCC-1,Layer_6,0
GGATTTCACTTCTATA-1,Layer_3,1
GGCAAAGGCGCCAATA-1,Layer_6,0
GGCAAATTACTTTACT-1,Layer_6,0
GGCAAGCCAGGGATAG-1,Layer_3,1
GGCAAGCCCATAGTGG-1,WM,2
GGCAAGGCGAAATAGC-1,Layer_6,0
GGCAATAGTCAATGAG-1,Layer_4,3
GGCACTCAGCCGACCC-1,Layer_5,4
GGCACTCCACTGGGCA-1,Layer_5,4
GGCAGCAAACCTATGC-1,Layer_5,4
GGCAGCGGTAATCCTA-1,Layer_3,1
GGCATACAGGTAGCGG-1,Layer_5,4
GGCATATCGGTTCTGC-1,Layer_3,1
GGCATCAACGAGCACG-1,Layer_3,1
GGCCCAATCTAGAGGG-1,Layer_3,1
GGCCCAGTTATCAGCA-1,Layer_3,1
GGCCCGGAGCATGTCT-1,Layer_3,1
GGCCCGTATACCATGC-1,Layer_3,1
GGCCCTCACCCACTTA-1,Layer_5,4
GGCCGAGACTCTGGTG-1,WM,2
GGCCGGCGTCTGCTAT-1,WM,2
GGCCGTTTGGGTTTCA-1,WM,2
GGCCTGCTTCTCCCGA-1,Layer_6,0
GGCCTTTGCAACTGGC-1,Layer_5,4
GGCGAAATCTAACTTG-1,Layer_5,4
GGCGAACCGTTCTGAT-1,Layer_3,1
GGCGAGCGAAACGGCA-1,Layer_5,0
GGCGCAGGACATCTTC-1,Layer_5,4
GGCGCATGAATTGATG-1,Layer_6,0
GGCGCGGAGATCTTTC-1,Layer_6,0
GGCGCGTTCGAGTTTA-1,Layer_6,0
GGCGCTCCTCATCAAT-1,Layer_3,1
GGCGCTTCATTCCCTG-1,WM,2
GGCGGAGTAATATTAG-1,Layer_5,4
GGCGGGCTCTAAGAGT-1,Layer_5,4
GGCGGTAGGATCATTG-1,Layer_4,3
GGCGGTTTGCCGGTGC-1,Layer_3,1
GGCGTACCCTATATAA-1,Layer_3,1
GGCGTAGGGAAAGCTG-1,WM,2
GGCGTCCTATCCGCTG-1,Layer_5,4
GGCTAAAGGGCGGGTC-1,Layer_3,1
GGCTAATGATTGAAAT-1,Layer_3,1
GGCTACTATACACTCC-1,WM,2
GGCTATTAAGTTGTAT-1,Layer_5,4
GGCTCCTCCACCTGTT-1,WM,2
GGCTCGCGTTGAGGTA-1,Layer_3,1
GGCTCGTGCCACCAGC-1,Layer_4,3
GGCTCTGCTCCAACGC-1,Layer_3,1
GGCTGAAATAGCAAAG-1,Layer_6,0
GGCTGAGCATCGTAAG-1,Layer_3,1
GGCTGGCTAGCTTAAA-1,Layer_3,1
GGCTTTCAATAAGGGT-1,WM,2
GGGAACGGGAGGTTAG-1,Layer_5,0
GGGAACGGTTTCAGAT-1,WM,2
GGGAAGACGGTCTGTC-1,WM,2
GGGAAGGGCTTTCTCA-1,Layer_6,2
GGGAATGAGCCCTCAC-1,Layer_3,1
GGGACAGAGTTACTCC-1,Layer_6,0
GGGACCCGTATATCTT-1,WM,2
GGGACTGCATAGATAG-1,Layer_5,4
GGGAGAACTCACAGTA-1,Layer_4,4
GGGAGCGACCGTAGTG-1,WM,2
GGGAGGATGCCCGAAA-1,Layer_5,4
GGGAGTAATGGCTGGC-1,Layer_3,1
GGGAGTTAATGAGGCG-1,Layer_4,3
GGGATACGGTAATAAT-1,Layer_3,1
GGGATGGTCGTAACCG-1,Layer_6,0
GGGATTTACCGCACCT-1,Layer_5,4
GGGCAACCGCACGTGC-1,Layer_6,0
GGGCACGTAGTACTGT-1,WM,2
GGGCAGAGCAATCGTT-1,WM,2
GGGCAGTCAACGCCAA-1,WM,2
GGGCCCGTCTTAAACA-1,Layer_6,0
GGGCCCTACGAAAGGG-1,Layer_5,4
GGGCCGGCCGAAGTAC-1,Layer_4,3
GGGCCTAAATGGGCTA-1,Layer_5,4
GGGCCTATACAACCGG-1,Layer_3,1
GGGCCTATTTAAGTAT-1,Layer_3,1
GGGCGATATGTGTGAA-1,Layer_4,3
GGGCGCAGCGTTACTC-1,Layer_3,1
GGGCGGCAAATGAATT-1,Layer_6,0
GGGCGGGTTCCCTACG-1,Layer_6,0
GGGCGGTCCTATTGTC-1,Layer_3,1
GGGCGTACATTTATAT-1,Layer_4,3
GGGCGTCACCACGTAA-1,Layer_6,0
GGGCGTCCACTGGCTC-1,Layer_3,1
GGGCGTGGTTTCCCAG-1,WM,2
GGGCGTTTACATTCAT-1,Layer_6,0
GGGCTATGATCGATGG-1,WM,2
GGGCTCATCGAACCCA-1,Layer_3,1
GGGCTGCCTAGGGCGA-1,Layer_4,3
GGGCTGGTTAGTCGCG-1,Layer_5,4
GGGTAATGCTGTGTTT-1,Layer_3,1
GGGTACCCACGGTCCT-1,Layer_3,1
GGGTACTTCATGAACT-1,Layer_5,4
GGGTATGTATGCACTT-1,Layer_5,4
GGGTATTCTAGCAAAC-1,Layer_6,0
GGGTCACCGTGACGGT-1,Layer_5,4
GGGTCACGTGCTTATG-1,Layer_3,1
GGGTCACTGAGTAGTG-1,Layer_3,1
GGGTCAGGAGCTAGAT-1,WM,2
GGGTCATGCGTACCAT-1,Layer_3,1
GGGTCGTGGCAAGTGT-1,Layer_3,1
GGGTCTATCGCTTTCC-1,Layer_6,0
GGGTGACACCTTAACT-1,Layer_6,0
GGGTGCATATGAAAGC-1,Layer_3,1
GGGTGGTCCAGCCTGT-1,Layer_3,1
GGGTGTTTCAGCTATG-1,Layer_3,1
GGGTTAACATTTGAGT-1,WM,2
GGGTTCAGACGAACAA-1,Layer_3,1
GGGTTTAGGATAGGAT-1,Layer_4,3
GGTAAATGTGCGTTAC-1,Layer_3,1
GGTAACCGGGAGGATA-1,Layer_6,0
GGTAACTATGTATCTG-1,Layer_3,1
GGTACAAACATGCTAT-1,Layer_5,0
GGTACACCAGATTTAT-1,Layer_3,1
GGTACATCTGGGACGA-1,Layer_5,4
GGTACCATTAAGACGG-1,Layer_3,1
GGTACTAAGTGCTTTG-1,Layer_5,4
GGTAGAAGACCGCCTG-1,Layer_6,0
GGTAGACCGTTGGGCG-1,WM,2
GGTAGTGCTCGCACCA-1,Layer_4,3
GGTATAGTGACACATA-1,Layer_3,1
GGTATTGCCGAGTTTA-1,Layer_5,4
GGTCAAGACTACTTCG-1,Layer_6,0
GGTCAGTGGGTCCCAC-1,Layer_6,0
GGTCATTGTAGTCATA-1,Layer_3,1
GGTCCCATAACATAGA-1,Layer_3,1
GGTCCTTCATACGACT-1,Layer_3,1
GGTCGGATAAACGGCG-1,Layer_3,1
GGTCGGCCAGGAGCTT-1,Layer_3,1
GGTCGGTAATTAGACA-1,Layer_3,1
GGTCGGTCGTCCACAG-1,WM,2
GGTCGTAAGCTCGCAC-1,Layer_6,0
GGTCTCCAAGTAGTGC-1,Layer_4,4
GGTCTCCGTCCAGGTT-1,Layer_6,0
GGTCTCTGAATGGACT-1,Layer_6,0
GGTCTGAGAATCTGGA-1,Layer_3,1
GGTCTTGAGCGCTCTT-1,WM,2
GGTGAAACCGGGAATG-1,Layer_3,1
GGTGAACGGGCTAGCC-1,Layer_3,1
GGTGAAGTACAGGGAT-1,Layer_6,0
GGTGAGATGCAGATAA-1,Layer_3,1
GGTGATAAGGAGCAGT-1,Layer_5,4
GGTGATTTCATCTTGT-1,Layer_3,1
GGTGCAGAGCCTATCG-1,Layer_3,1
GGTGCATAAATGATTA-1,WM,2
GGTGCGGATAAGTGGC-1,Layer_3,1
GGTGCTGATCACAAAG-1,Layer_5,3
GGTGCTGGTACACATT-1,Layer_6,0
GGTGGACCACGTGTTA-1,Layer_3,1
GGTGGACTGCTCTGGC-1,Layer_6,0
GGTGGAGGTTGATACG-1,Layer_3,3
GGTGTAAATCGATTGT-1,WM,2
GGTGTTCTGTTTCTAC-1,Layer_3,1
GGTGTTGGGCGTCTTA-1,Layer_4,4
GGTTACCACCCTCGGG-1,Layer_6,0
GGTTACCCGACACTTT-1,Layer_3,1
GGTTAGCTATATGTCT-1,Layer_5,0
GGTTAGGCTTGGAGAA-1,Layer_5,4
GGTTAGTTACGGCGCC-1,Layer_5,3
GGTTCCACCCGCTTCT-1,Layer_3,1
GGTTCCCTAGTGTCTC-1,Layer_3,1
GGTTCGATGCTGAGTT-1,Layer_3,1
GGTTCGGATTATACTA-1,Layer_5,4
GGTTCTACTCGTCTGA-1,Layer_3,3
GGTTGTGCTCTTGTCC-1,Layer_3,1
GGTTGTGTAGCCTGGC-1,Layer_5,4
GGTTTAATTACCATCG-1,WM,2
GGTTTAATTGAGCAGG-1,Layer_3,1
GGTTTACAATCTCAAT-1,Layer_3,1
GGTTTAGCCTTTCTTG-1,Layer_5,4
GGTTTCAATCGGTCAG-1,Layer_3,1
GGTTTGACAAGAAGCT-1,Layer_3,1
GGTTTGAGTGCTGGAA-1,Layer_3,1
GGTTTGCGAACACGTA-1,Layer_3,1
GGTTTGTGACCTGAGG-1,Layer_6,0
GTAACAACTGACCTTG-1,Layer_3,1
GTAACATCAGCTCATC-1,Layer_3,1
GTAACATCTAAGATAA-1,Layer_6,0
GTAACTGCCCAAGGAG-1,WM,2
GTAACTTGCGGCAGTC-1,Layer_3,1
GTAAGCGGGCAGTCAG-1,Layer_3,1
GTAAGGATTTGTCGGA-1,Layer_3,1
GTAAGTAACAGTCTGG-1,Layer_5,4
GTAAGTAGGGTATACC-1,Layer_5,4
GTAAGTCCACACTCTA-1,Layer_3,3
GTAATAAAGGGCTCCC-1,Layer_3,1
GTAATCTGATTCTTCG-1,Layer_6,0
GTACACTTACCTGAAG-1,Layer_5,4
GTACAGAGGCAAGGGT-1,Layer_4,3
GTACGACGGCGCTGCG-1,Layer_3,1
GTACGAGATTGCGACA-1,Layer_3,1
GTACGCTTCATTGCAC-1,Layer_6,0
GTACGTCACGTATTAA-1,Layer_3,1
GTACGTTTGCCCGTCA-1,Layer_6,0
GTACTAAGATTTGGAG-1,Layer_4,3
GTACTCCCTTATCGCT-1,Layer_5,4
GTACTCCTGGGTATGC-1,Layer_3,1
GTACTGAGGTCGTAAC-1,Layer_3,1
GTACTGCATGAAGCGT-1,Layer_3,1
GTACTGGAGTTAGACC-1,Layer_4,3
GTACTTGGGCACTTCT-1,Layer_3,1
GTAGAAACGGGTGGAG-1,Layer_4,1
GTAGACAACCGATGAA-1,Layer_3,1
GTAGACACGCCTGACT-1,WM,2
GTAGACGTCGTTACAT-1,Layer_3,1
GTAGAGGGAGACAAGT-1,Layer_6,0
GTAGCCAAACATGGGA-1,Layer_6,0
GTAGCGCTGTTGTAGT-1,Layer_3,1
GTAGCGGCTATACACT-1,Layer_5,4
GTAGCTAGTAAGCGCG-1,Layer_3,1
GTAGCTCCGGGAGGCT-1,WM,2
GTAGCTTCCTCTTGTT-1,Layer_3,1
GTAGGTGATCCGTGTA-1,Layer_3,1
GTAGTCGCGGGAATCA-1,Layer_6,0
GTAGTCTACGATATTG-1,WM,2
GTAGTTAGACAATATA-1,Layer_3,1
GTAGTTCGAAGGCGAA-1,WM,2
GTATAATCTCCCGGAT-1,Layer_3,1
GTATAGGACTCAGTAG-1,Layer_3,1
GTATAGTGGCCCATGT-1,Layer_3,1
GTATCAAACGTTAGCT-1,Layer_6,0
GTATCAGCTTGGGTTC-1,Layer_4,3
GTATCCTTTGGTAACC-1,Layer_6,0
GTATCTCAGTCTTGAC-1,Layer_6,0
GTATCTTTCATAACCA-1,Layer_6,0
GTATGAAATTTCACTC-1,Layer_6,0
GTATGACGTGGGAAAC-1,Layer_3,1
GTATGTGGGTCTAGTT-1,Layer_4,3
GTATTAAGGCGTCTAA-1,Layer_4,1
GTATTAGGGTTCGCGT-1,Layer_3,1
GTATTCTGAGAAACGA-1,Layer_6,0
GTATTTAATGGCATAA-1,Layer_5,4
GTCAAAGAAGTGGTGT-1,Layer_6,0
GTCAAAGTTTACATAG-1,Layer_3,1
GTCAACCAGGCCTATA-1,Layer_6,0
GTCAAGCGGACTCGGG-1,Layer_5,4
GTCAATTGTACTGAAG-1,Layer_3,1
GTCACAAAGTTTCCAA-1,Layer_3,1
GTCACCTGTCTATGTC-1,Layer_3,1
GTCACTCTCCAAATCT-1,Layer_5,3
GTCAGAATAGTCTATG-1,Layer_5,4
GTCAGTTGTGCTCGTT-1,Layer_3,1
GTCAGTTTGGTAGTCG-1,Layer_4,3
GTCATGCACCTCCGTT-1,Layer_4,3
GTCATGCGCGAGGGCT-1,Layer_6,0
GTCATGGACATGACTA-1,Layer_3,3
GTCATTAGAGCGAACG-1,Layer_5,4
GTCATTGCATTGACCC-1,Layer_5,4
GTCCAATATTTAGCCT-1,WM,2
GTCCACGTCGCATTCG-1,Layer_6,0
GTCCAGGCACGTGTGC-1,WM,2
GTCCATTACTGCTACG-1,Layer_4,3
GTCCCAACGTAAAGTA-1,Layer_4,3
GTCCCGCGACGTTATG-1,Layer_6,0
GTCCGAGAGCAATCAT-1,Layer_4,3
GTCCGGACCTGAAATT-1,Layer_6,0
GTCCGGCTGAATTGCG-1,Layer_5,4
GTCCGGGTTCACATTA-1,WM,2
GTCCTACAGGCGGCTC-1,Layer_3,1
GTCCTACGAATAGTCT-1,Layer_6,0
GTCCTATTGTTGTGGT-1,Layer_4,3
GTCCTTCTACAACCCA-1,Layer_3,1
GTCCTTCTAGTGGGTT-1,Layer_3,1
GTCCTTTAATGACTTC-1,Layer_3,1
GTCGATAGGTGACTTT-1,Layer_5,4
GTCGCCGTTGTGTGTT-1,WM,2
GTCGCGTAACCCGTTG-1,Layer_5,4
GTCGGAAGGATACCAG-1,Layer_3,1
GTCGGATATCTCAGAC-1,Layer_5,4
GTCGGATGTAGCGCGC-1,Layer_3,1
GTCGGGAAGCAGAAAC-1,WM,2
GTCGTACCATCTCGGG-1,Layer_6,0
GTCGTACCTACGATTG-1,Layer_5,4
GTCGTATTGGCGTACA-1,Layer_3,1
GTCGTCAATTATAAGG-1,Layer_3,1
GTCGTCTGGTTGGCTA-1,Layer_3,1
GTCGTGTCTGGTCATC-1,Layer_3,1
GTCGTTATTCGCTTAT-1,Layer_6,0
GTCTAAGATGCCCAGC-1,Layer_3,1
GTCTACTCAATTACAA-1,Layer_5,4
GTCTAGTGAGCCGCTT-1,Layer_6,2
GTCTATCTGAGTTTCT-1,Layer_6,0
GTCTATTGCATGCTCG-1,Layer_6,0
GTCTATTGGTTCCGGT-1,Layer_6,0
GTCTCAAGGCCCGGCT-1,WM,2
GTCTCCTGCCAGTATG-1,Layer_6,0
GTCTCGACTAAGTTTG-1,Layer_3,1
GTCTCGATCTGCTTTC-1,Layer_3,1
GTCTGGGCGGTCGAGA-1,Layer_6,0
GTCTTAGTACAGCCGG-1,Layer_3,1
GTCTTGAGGAGCAGTG-1,Layer_3,1
GTCTTGTAGCTATTCA-1,Layer_4,3
GTGAAACGGCGCCACC-1,Layer_3,1
GTGAAACGTGCTCCAC-1,Layer_3,1
GTGAACTCCCATTCGA-1,Layer_3,1
GTGAAGATTTCAAGTG-1,Layer_3,1
GTGAAGCCGTATAGTC-1,Layer_3,1
GTGAAGTCACGACTCG-1,Layer_5,4
GTGACAGCTTCCCACT-1,WM,2
GTGACCGCACACTACG-1,Layer_4,3
GTGACCTAAAGAATAA-1,Layer_3,1
GTGACGAGGGTGACCC-1,Layer_3,1
GTGACGCAGGTTTCAT-1,WM,2
GTGACTTCAGTAGTGC-1,Layer_6,0
GTGAGATAACCTTATA-1,WM,2
GTGAGCGTGCTGCACT-1,Layer_5,4
GTGAGGACACTTAAGG-1,Layer_5,4
GTGAGGAGCGGTTGAG-1,Layer_3,1
GTGAGTCTAAGACGGA-1,Layer_4,1
GTGAGTGGTACAACGC-1,Layer_6,2
GTGATCAAGCGTGCAC-1,Layer_6,0
GTGATCACTAACGCCT-1,Layer_5,4
GTGATCATAGATCTGC-1,Layer_6,0
GTGATCCTTGTCATGA-1,WM,2
GTGATGCACAACATCT-1,Layer_3,1
GTGATTCGCCGCTCAA-1,Layer_6,0
GTGCAACAAATGTGGC-1,Layer_3,1
GTGCACCAGCTTCAAC-1,WM,2
GTGCACGAAAGTGACT-1,Layer_3,1
GTGCAGCGTAGAGTAG-1,Layer_5,4
GTGCCATCACACGGTG-1,Layer_6,0
GTGCCCGTTCGGATTC-1,Layer_5,4
GTGCCGCTTCAAAGGT-1,Layer_6,0
GTGCCTAGCTATGCTT-1,Layer_3,1
GTGCCTCAGTGTACGG-1,Layer_3,1
GTGCCTGAGACCAAAC-1,WM,2
GTGCGAAATCGAACAC-1,Layer_6,0
GTGCGACAGGGAGTGT-1,Layer_3,3
GTGCGCAGCTTGCTCC-1,Layer_3,1
GTGCGGGTCTCCAAAT-1,Layer_3,1
GTGCGTGTATATGAGC-1,Layer_5,4
GTGCTCAAGTACTGTC-1,Layer_5,4
GTGCTGCAGATAAGGA-1,Layer_5,4
GTGCTTACATCAGCGC-1,Layer_4,3
GTGGAACCTACATGCG-1,Layer_3,1
GTGGACCAACCCGATT-1,Layer_6,0
GTGGACGCATTTGTCC-1,WM,2
GTGGACGTGCTGAGAC-1,Layer_3,1
GTGGAGCATGTCGGCC-1,Layer_3,1
GTGGAGCGTTTACCGA-1,Layer_6,0
GTGGAGTCGGCGGTTG-1,Layer_6,0
GTGGCAAACAGCGGCA-1,Layer_6,0
GTGGCGGTCCCAGCGT-1,Layer_5,4
GTGGCGTGCACCAGAG-1,Layer_3,1
GTGGGAAGACTGAATC-1,Layer_5,4
GTGGGCTTAGACACAC-1,Layer_5,4
GTGGTATAGTCTGCCG-1,WM,2
GTGGTCAGCGAAGTAT-1,Layer_3,1
GTGGTGGCCAAGTGAA-1,Layer_5,0
GTGGTTACTTCTTTCG-1,Layer_3,1
GTGGTTTCCGCCTTTC-1,Layer_6,0
GTGTACCTTGGCTACG-1,Layer_3,1
GTGTATATCAGCGGGC-1,WM,2
GTGTCAGTGTACGTGG-1,WM,2
GTGTCCGATAAGGCAT-1,Layer_3,1
GTGTCGTATAGCGTTC-1,Layer_6,0
GTGTCGTATTCACCTT-1,Layer_3,1
GTGTGAATAACTTAGG-1,Layer_3,3
GTGTTACTATGCGTCC-1,Layer_5,4
GTTAAAGTAGGACTGG-1,Layer_6,0
GTTAACATCACTTAAA-1,Layer_6,2
GTTAACTATGTTGTCA-1,Layer_4,3
GTTAAGGGTGCGATGT-1,WM,2
GTTAAGTTAGAGTGGG-1,Layer_3,1
GTTAATGTCTATCTTA-1,Layer_4,3
GTTACAATTGGTGACG-1,Layer_5,4
GTTACCTACAACTTGC-1,Layer_6,0
GTTACTTTGGGCCTAG-1,Layer_6,0
GTTAGAGTGTGCCGCT-1,Layer_3,1
GTTAGCCCATGACATC-1,WM,2
GTTAGCCGTAAATCAA-1,Layer_3,1
GTTAGGCTACCCGTTT-1,Layer_6,0
GTTATAATACGGTGAA-1,Layer_5,4
GTTATATCAGGAGCCA-1,Layer_3,1
GTTATATTATCTCCCT-1,Layer_6,0
GTTATCACCTTCTGAA-1,Layer_3,1
GTTATTAAATACGACC-1,Layer_3,1
GTTATTAACGTGGGAG-1,Layer_4,1
GTTCAATCTATGTCAA-1,Layer_3,1
GTTCACAGGAGTCTAG-1,Layer_5,4
GTTCATCGTTTGGCTG-1,Layer_3,1
GTTCCAGTCTGACCAT-1,Layer_3,1
GTTCCCGTAAACATAT-1,Layer_6,0
GTTCCGTCCGCCTGCA-1,WM,2
GTTCGCCATAAGTGCC-1,Layer_5,4
GTTCGCTGAGACGTCT-1,Layer_5,4
GTTCGGAGCACTCAAC-1,Layer_6,0
GTTCGGATCGGGAACA-1,Layer_4,3
GTTCGGGCGTACCATT-1,Layer_3,1
GTTCGTCTAAAGAACT-1,Layer_6,0
GTTCTTCCCTCGATGT-1,Layer_3,1
GTTGAACCGGTTCCAT-1,Layer_6,0
GTTGAGTCCCGCCGGT-1,Layer_6,0
GTTGCACGGAGTTTCG-1,Layer_4,3
GTTGCGCTAACATTAC-1,Layer_3,1
GTTGCGGACGGTCAGG-1,Layer_5,4
GTTGGACCGCATCAGG-1,Layer_3,1
GTTGGATTCAGTGGCT-1,Layer_3,1
GTTGGATTGAGAACAC-1,Layer_3,1
GTTGGATTTGCGTTGG-1,Layer_5,4
GTTGGTCATGCTATCC-1,WM,2
GTTGTCGTGTTAGTTG-1,Layer_3,1
GTTGTTACATTGCGCT-1,Layer_3,1
GTTGTTGCAAGATGGC-1,Layer_6,0
GTTTACGTTCCATCTG-1,Layer_6,0
GTTTATGGGATTTAGA-1,Layer_3,1
GTTTCAAACGAGTTGT-1,Layer_6,0
GTTTCATATCGTCGCT-1,Layer_5,4
GTTTCCTGGAGGGTGA-1,Layer_4,3
GTTTCTGCAGTCTCCC-1,Layer_5,4
GTTTGACCAAATCCTA-1,Layer_5,4
GTTTGGCCCAAGTTAT-1,Layer_5,4
GTTTGGCCGCTCAGCG-1,Layer_3,1
GTTTGGCGTCAGGCAC-1,Layer_3,1
GTTTGGGCTTGTGAGC-1,Layer_6,0
GTTTGGGTTTCGCCCG-1,Layer_6,0
GTTTGGTAGGGTCAAC-1,Layer_6,2
GTTTGGTGATCGGTGC-1,WM,2
TAAACCCAGGAGGGCA-1,Layer_6,0
TAAACGTCGTCAATGA-1,Layer_3,1
TAAAGACAACCCTTTA-1,Layer_3,1
TAAAGAGCCCGAAACC-1,Layer_3,1
TAAAGCGGTATTTCCA-1,WM,2
TAAAGCGTTAGGAGAA-1,Layer_3,1
TAAAGCTGCAATAGGG-1,Layer_3,1
TAAATCTTTACACCTC-1,Layer_3,1
TAAATGAATCCGTTTC-1,Layer_5,3
TAAATGCCGTCTCATG-1,Layer_3,1
TAACAAAGGGAGAAGC-1,Layer_4,3
TAACAATATTTGTTGC-1,Layer_5,3
TAACAGCGTTTGTGCT-1,WM,2
TAACATACAATGTGGG-1,Layer_5,4
TAACATACACGCGATC-1,Layer_6,0
TAACCGCCCGCAGTGC-1,Layer_3,1
TAACCTACCGTCCGAG-1,Layer_3,1
TAACCTAGGGAGTCCA-1,Layer_6,0
TAACGCTTTGAGAGCG-1,Layer_5,4
TAACTATCGAAGGTCC-1,Layer_5,3
TAACTATTACGCCAAA-1,Layer_3,1
TAACTCATCCGCGCGG-1,Layer_6,0
TAACTCCATGGAGGCT-1,Layer_4,1
TAAGAGGGACAGGGAC-1,Layer_6,0
TAAGCAGGCGACACGC-1,Layer_5,4
TAAGCCCTTACGACCA-1,Layer_3,1
TAAGCGCGAATCAAAT-1,Layer_6,0
TAAGGAACTTGTGGGA-1,Layer_3,1
TAAGGCAACATAAGAT-1,Layer_3,1
TAAGGCATAACATCAA-1,WM,2
TAAGGCCCGTCACCCT-1,WM,2
TAAGGCTGAATCCCTC-1,Layer_5,4
TAAGGGCCTGTCCGAT-1,Layer_6,0
TAAGGGCTGGGAGAGG-1,Layer_5,4
TAAGTAAATGTGCCGC-1,Layer_3,1
TAAGTAACATCTTGAC-1,Layer_6,0
TAAGTCGCCGAGTATC-1,Layer_6,0
TAAGTTGCGACGTAGG-1,Layer_6,0
TAATAAACAAGGAGAT-1,Layer_3,1
TAATACACAGTAGTAT-1,Layer_3,1
TAATACTAGAACAGAC-1,WM,2
TAATAGAACAGAGTTA-1,Layer_6,0
TAATAGGTCACCAGAA-1,Layer_6,0
TAATAGTGACGACCAG-1,Layer_3,1
TAATATTGAAATTCGC-1,Layer_3,1
TAATCAACCAAATGGG-1,Layer_5,4
TAATCAGGAATGCTGC-1,Layer_3,1
TAATCGATCCGTACGT-1,Layer_3,1
TAATGAAAGACCCTTG-1,Layer_4,1
TAATTACGTCAGTAGA-1,Layer_6,0
TAATTAGATGGATATG-1,Layer_3,1
TAATTAGGACATCCGT-1,Layer_4,3
TAATTGGAATCGGGAA-1,Layer_3,1
TACAAATTGCGGAGGT-1,Layer_3,1
TACAACGCACAACTCA-1,Layer_6,0
TACAAGCTGTTCACTG-1,Layer_3,1
TACAAGTCTCGTGCAT-1,Layer_5,4
TACACCGTCGTTAGTC-1,Layer_3,1
TACAGAAACGGTGGGC-1,Layer_6,0
TACATAGGCATACACC-1,Layer_5,4
TACATCCCTATCCCTG-1,Layer_5,4
TACATGCCGGAATTGT-1,Layer_5,4
TACATTTCTAACGTGC-1,Layer_5,4
TACCAAATAGCCCAGA-1,WM,2
TACCAATAAAGTACCA-1,Layer_6,0
TACCAGAAGTAGGTTC-1,Layer_6,0
TACCAGCTAGGTTTAA-1,Layer_3,1
TACCAGGAATCCCGTC-1,WM,2
TACCGAATAATTGTAA-1,Layer_6,0
TACCGCGGACTTGCAG-1,Layer_3,1
TACCGGCTCACTGCCC-1,Layer_6,0
TACCGGTCGTTTCCAT-1,Layer_6,0
TACCGTAGGTTAACTA-1,WM,2
TACCGTGCCTCGGACC-1,Layer_6,0
TACCTACTCCCAGTAT-1,WM,2
TACCTCACGCTTGTAC-1,Layer_3,1
TACCTCAGTTGTCTGT-1,WM,2
TACCTCCACACCAATG-1,Layer_6,0
TACCTGCTGCACTGTG-1,Layer_5,3
TACCTTAAGATTTCCC-1,Layer_6,0
TACGAACACGACTTCA-1,Layer_5,4
TACGACGCTTGCTGCG-1,Layer_6,0
TACGACTGCCTCTTAG-1,Layer_6,0
TACGAGAACTTCACGT-1,Layer_5,4
TACGATCCAAGCCACT-1,Layer_3,1
TACGATGTTGATCATC-1,Layer_5,4
TACGCAGTTCTTTCCT-1,Layer_6,0
TACGCCATATTCTAAT-1,Layer_5,0
TACGCCGAGGGTACCC-1,Layer_6,0
TACGCCTCCATTCCGA-1,WM,2
TACGCTATAGAAACCT-1,Layer_3,1
TACGCTCGGTATTGGA-1,Layer_6,0
TACGCTGCTGTGTTAA-1,Layer_6,0
TACGGAAGCCAAACCA-1,WM,2
TACGGCATGGACGCTA-1,Layer_6,0
TACGGGATGCTAGCAG-1,Layer_3,1
TACGTAAAGCGGAGTG-1,Layer_6,0
TACGTACTAGTGCTGA-1,WM,2
TACGTGCACTATGCTG-1,Layer_4,3
TACGTGGGCCCAGGGC-1,WM,2
TACGTTTACCGGCAAT-1,Layer_6,0
TACTATGGTTCCTCAG-1,WM,2
TACTCCTCTAGTTGAC-1,WM,2
TACTCGGCACGCCGGG-1,Layer_5,4
TACTCTCCGAACAAAT-1,Layer_3,1
TACTCTTACTTTACTG-1,Layer_6,0
TACTCTTTCGTCTTCA-1,WM,2
TACTGAACAGATTTAG-1,WM,2
TACTGCAATCAATTAC-1,Layer_3,1
TACTGGACAGCTCGGC-1,Layer_5,4
TACTGTTTCTCTGGTA-1,Layer_4,4
TACTTAAACATGTACA-1,Layer_6,0
TACTTGTTAGTAGTCC-1,Layer_4,3
TACTTTACTGAGCCGG-1,Layer_3,1
TACTTTCCGCACGCCA-1,Layer_6,0
TAGAAACCACTAAGTA-1,Layer_3,1
TAGAAAGGTGGCGCTA-1,Layer_3,1
TAGAAATTCACGTATA-1,Layer_5,4
TAGAATAGCCGATGAA-1,Layer_6,0
TAGAATTAAGGGCAAC-1,Layer_3,1
TAGACGAAACGCCAAT-1,WM,2
TAGACGCCCGTACCGG-1,Layer_3,1
TAGACTACCTAGCGTT-1,Layer_3,3
TAGAGATCATGCAACT-1,Layer_6,0
TAGAGCTACGAAGAAC-1,Layer_3,1
TAGAGGTTCTACTTGT-1,Layer_6,0
TAGAGTCTAAGCGAAC-1,Layer_5,4
TAGATATGGACTGGAA-1,Layer_6,0
TAGATCCGAAGTCGCA-1,Layer_3,1
TAGATGGTTCCTTACT-1,Layer_6,0
TAGATTCAAAGTGCGG-1,WM,2
TAGATTCCTGGTTATT-1,Layer_5,4
TAGCAACCTGTCACAA-1,Layer_4,3
TAGCAGTAAATACGCG-1,Layer_3,1
TAGCAGTATGACTAAA-1,Layer_6,0
TAGCCATTTCAAAGTC-1,Layer_5,4
TAGCCGGCGGTCAGCG-1,Layer_3,3
TAGCGTCCCTCGATTG-1,Layer_4,4
TAGCGTCCGGTGTGGT-1,Layer_6,0
TAGCGTTGGGTCTTAC-1,Layer_5,4
TAGCTAAGTCCGGGAG-1,Layer_4,4
TAGCTAGAAGGCATGA-1,Layer_6,0
TAGCTAGTGATGATGG-1,WM,2
TAGCTCAGATCCTAGT-1,Layer_3,1
TAGCTCGCCTGATAAC-1,Layer_6,0
TAGCTGATGTGAAGCG-1,Layer_5,4
TAGGAACAGCCTCCAG-1,Layer_3,1
TAGGCATGTTACGCCA-1,Layer_3,1
TAGGCCTATATAGTCT-1,Layer_6,0
TAGGCGATGAGGTCTC-1,Layer_6,0
TAGGCGGCTGCAAAGA-1,Layer_6,0
TAGGCTAAAGTGGCAC-1,Layer_6,0
TAGGGAGCTTGGGATG-1,Layer_3,3
TAGGGTGTTTCAAGAG-1,Layer_3,3
TAGGTCCAAGTAAGGA-1,Layer_5,4
TAGGTCGCCGGAACTG-1,Layer_3,1
TAGGTGACGATAACCT-1,WM,2
TAGGTGAGCCCTACTC-1,Layer_5,4
TAGGTGCTCGCCTAGC-1,Layer_5,4
TAGGTGTTCCACAGAT-1,WM,2
TAGGTTCGAGTTCGTC-1,Layer_5,4
TAGTACCACAACTTTC-1,Layer_6,0
TAGTACCTTAGTGGTC-1,Layer_4,1
TAGTAGCTTATACCAG-1,WM,2
TAGTCCCGGAGACCAC-1,WM,2
TAGTCCGCAGAGAATG-1,Layer_5,4
TAGTCCGTATGCATAA-1,Layer_3,1
TAGTCGATCACGGGTT-1,Layer_5,4
TAGTCTAACAACGAGA-1,Layer_6,0
TAGTCTGTGACGTTGC-1,Layer_3,1
TAGTCTTTCCGAATTG-1,Layer_5,4
TAGTGCCCTCCAGAGT-1,Layer_5,4
TAGTGGAACTCATACA-1,Layer_3,1
TAGTGTCAGAAACGGC-1,Layer_4,1
TAGTTAAGATAGGATA-1,Layer_3,1
TAGTTTATTCTTGCTT-1,Layer_3,1
TATAAATCCACAAGCT-1,Layer_4,3
TATAAGTGAGGATAGC-1,Layer_4,3
TATACACAGACGCCTT-1,Layer_6,0
TATACACGCAAAGTAT-1,Layer_3,1
TATACCGAGTGCCACA-1,Layer_5,4
TATACGCGTCATCACT-1,WM,2
TATACTCATGCGGCAA-1,Layer_3,1
TATAGAGTCGCTTGAA-1,WM,2
TATAGATGGTCGCAGT-1,Layer_4,3
TATAGCGCACGTTATC-1,Layer_5,4
TATAGGGTACTCATGA-1,Layer_5,4
TATATAGGGCTTTACG-1,WM,2
TATATATCGAGAAATG-1,Layer_6,0
TATATCATTGATCAGT-1,Layer_4,3
TATATCCCTGGGAGGA-1,Layer_3,3
TATATGCTGGGTTGCC-1,Layer_3,1
TATATTACAAATGTCG-1,Layer_3,1
TATATTCGCGTCGATA-1,Layer_3,1
TATCACAGCACGGGCA-1,Layer_3,1
TATCACCATGTAAAGT-1,Layer_3,1
TATCACCCAACCGACC-1,Layer_3,1
TATCACTTCGAGTAAC-1,Layer_3,1
TATCAGTGGCGTAGTC-1,Layer_6,0
TATCCAATTGGTTATC-1,Layer_6,0
TATCCATATCATGCGA-1,Layer_3,1
TATCCATCTCGGTTAG-1,Layer_6,0
TATCCGCACCGTCGGG-1,WM,2
TATCCTATCAACTGGT-1,WM,2
TATCCTGCATGGGAAT-1,Layer_3,1
TATCGATCTATGCATA-1,Layer_3,1
TATCGATGATTAAACG-1,Layer_4,3
TATCTACAGAGGTAAT-1,Layer_5,4
TATCTACCACAGCGGG-1,Layer_6,0
TATCTAGCCTAAAGGA-1,Layer_5,4
TATCTGAGCCGATATT-1,Layer_6,0
TATCTTGCAATACAAC-1,Layer_6,0
TATGAAGAATTAAGGT-1,Layer_6,0
TATGAAGACAGGTGCG-1,Layer_5,4
TATGATAAATCTAACG-1,Layer_3,1
TATGATCCGGCACGCC-1,Layer_3,1
TATGATCTTCTCTTTA-1,Layer_6,0
TATGCTCCCTACTTAC-1,Layer_3,3
TATGGAGTTTCTCGTT-1,Layer_3,1
TATGGATGTGCTACGC-1,Layer_4,3
TATGGCCCGGCCTCGC-1,Layer_5,4
TATGGGACCGAGCAGG-1,Layer_5,4
TATGGGTACGTATCGT-1,Layer_5,4
TATGGTCTGAGTAACA-1,Layer_5,4
TATGGTTAGTGGGAGA-1,Layer_4,3
TATGTAAAGTGCTTAA-1,WM,2
TATGTCAAGACCGACT-1,Layer_3,1
TATGTCTCATTGTGCC-1,Layer_3,1
TATTAACACCAAAGCA-1,Layer_6,0
TATTAACCTGACCGCG-1,WM,2
TATTACCATCCTGCTT-1,Layer_4,3
TATTATGTTTGCCTGC-1,Layer_6,0
TATTCAATTCTAATCC-1,Layer_4,3
TATTCCACTCAGCTCG-1,Layer_6,0
TATTCCGAGCTGTTAT-1,Layer_6,0
TATTCCGGCAGTCCTA-1,Layer_3,1
TATTCCTCCGCCCACT-1,Layer_6,0
TATTCGTGCCAGAATA-1,Layer_5,4
TATTGACATTTCTGCC-1,Layer_3,1
TATTTAGTCTAGATCG-1,Layer_3,1
TATTTATACCGAGTAG-1,Layer_3,1
TATTTGATTTGCACAG-1,Layer_5,4
TATTTGTTACCCTTTA-1,Layer_4,3
TCAAACAACCGCGTCG-1,Layer_3,3
TCAAACAATTAGGACA-1,Layer_3,1
TCAAACTTAGATTGTT-1,Layer_4,3
TCAAATTGTTGTGCCG-1,WM,2
TCAAATTTGAGACTCA-1,WM,2
TCAACAAAGATAATTC-1,Layer_6,0
TCAACACATTGGGTAA-1,Layer_3,1
TCAACATAGCGCCCTA-1,WM,2
TCAACATCGACCGAGA-1,Layer_5,4
TCAACCATGTTCGGGC-1,Layer_4,3
TCAACGAGGAGACAAA-1,Layer_6,0
TCAACGCAGGAAATAA-1,Layer_6,0
TCAACGCGACCGGCAG-1,Layer_5,4
TCAACTAACGTATAAC-1,Layer_5,4
TCAACTGCAGAGTCAG-1,Layer_6,0
TCAAGAAATACTAGCT-1,Layer_3,1
TCAAGCGCGGACGGTA-1,Layer_6,0
TCAAGGTTACTACACC-1,Layer_5,4
TCAATACGCCGTCATG-1,WM,2
TCACAAACCGAGGTAC-1,Layer_6,0
TCACAGATCCTCAAAC-1,Layer_3,1
TCACAGCAAACTCGAA-1,Layer_6,0
TCACAGGAGAATAAGA-1,WM,2
TCACAGGGAATCGCAA-1,Layer_6,0
TCACAGGTTATTGGGC-1,Layer_5,4
TCACATCTTATCTGAT-1,Layer_5,3
TCACCCTCTTAAGATT-1,Layer_6,0
TCACCGCTCGGCACTC-1,Layer_3,1
TCACGATGTCCGTGGA-1,Layer_6,0
TCACGCATTGTAGATC-1,Layer_5,4
TCACGGCCCAAGAGAG-1,Layer_6,0
TCACGGTCATCGCACA-1,Layer_4,3
TCACGTGCCCGATTCA-1,Layer_5,4
TCACTACGACCAATGC-1,Layer_3,1
TCACTCGTGCAACGGC-1,Layer_3,1
TCAGAACCTCCACAGG-1,Layer_3,1
TCAGACGCTATAGAAG-1,Layer_6,0
TCAGATGGAGACGTAG-1,Layer_3,1
TCAGCAAATGCATCTC-1,Layer_4,3
TCAGCAGTAGGCCCTG-1,WM,2
TCAGCCAATCCGTAAA-1,Layer_6,0
TCAGGGCGCAAACTCG-1,Layer_4,1
TCAGGGTGCACGAAAC-1,Layer_3,1
TCAGGGTGTAACGTAA-1,Layer_3,1
TCAGGTTCTTTGAGAA-1,Layer_5,4
TCAGTACTGACCCGCG-1,Layer_5,4
TCAGTAGGGACTATAA-1,Layer_6,0
TCAGTGTATACGTCAT-1,WM,2
TCAGTTACGGAATGAT-1,Layer_3,1
TCATACTTACAGATCC-1,Layer_4,1
TCATATGAGCTTTGTT-1,WM,2
TCATCACTCGAGCTCG-1,Layer_3,1
TCATCCCAGAGGGTGG-1,Layer_3,1
TCATCCTCAGCTGCTT-1,WM,2
TCATCGATGGTCCCAA-1,Layer_6,0
TCATGCAGGTTCTCAT-1,Layer_3,1
TCATTCGTATAATTTG-1,Layer_3,1
TCATTTAAGTCTCCGA-1,Layer_3,1
TCATTTAGAAGTGTGA-1,Layer_5,4
TCCAACTCAGCTATCT-1,Layer_6,2
TCCAACTTTAAATTCT-1,Layer_6,0
TCCAAGCCTAGACACA-1,WM,2
TCCAATAAAGGCTACC-1,WM,2
TCCACAATGGTTTACG-1,Layer_5,4
TCCACATCGTATATTG-1,WM,2
TCCACCTCTAGCCTTT-1,WM,2
TCCACTTTATCTAGGT-1,Layer_3,1
TCCAGAGCACCGGTTC-1,Layer_5,4
TCCAGATGTACGCCAA-1,Layer_3,1
TCCAGCGCTATAAGCG-1,Layer_5,4
TCCAGGCGAGTACGGT-1,Layer_5,4
TCCAGGGTATATACGA-1,WM,2
TCCATCAATACTAATC-1,Layer_6,0
TCCATTAGTTGGATAG-1,Layer_3,1
TCCATTCCCACTAGAG-1,Layer_3,1
TCCATTGTGACCTCGT-1,Layer_3,1
TCCCAAACAGACAACG-1,Layer_3,1
TCCCAAAGACGAAGGA-1,Layer_4,3
TCCCAAAGCCCTAAAT-1,Layer_3,1
TCCCACGGAGGGAGCT-1,Layer_3,1
TCCCACTCTCTTCCGG-1,Layer_3,1
TCCCAGCACACGACAT-1,Layer_5,4
TCCCAGCTTTAGTCTG-1,Layer_5,4
TCCCAGGCTTAGCTAA-1,Layer_5,4
TCCCGCCTATGTGCGT-1,Layer_3,1
TCCCGCGTACTCCTGG-1,Layer_3,1
TCCCGGGTGTGCTGCT-1,Layer_5,4
TCCCGGTCAGGAATTT-1,Layer_3,1
TCCCGTCAGTCCCGCA-1,Layer_3,1
TCCCGTCGCGTCATAG-1,Layer_3,1
TCCCGTGTGCAATTTG-1,Layer_5,4
TCCCTAGATCAATAGG-1,Layer_3,1
TCCCTCTTCTCAAGGG-1,Layer_6,0
TCCCTGGCGTATTAAC-1,Layer_6,0
TCCCTGGCTCGCTGGA-1,Layer_5,4
TCCCTTAGATTACTCG-1,Layer_3,1
TCCGAACGTTGCCGCT-1,Layer_5,4
TCCGAACTTGGCTTAC-1,Layer_5,4
TCCGAAGTAGTCACCA-1,Layer_3,1
TCCGAATGGTCCTGAG-1,Layer_3,1
TCCGAGAAGGCTAAGC-1,Layer_3,1
TCCGATAATTGCCATA-1,Layer_3,1
TCCGATGACTGAGCTC-1,Layer_3,1
TCCGATGGTGCGACAT-1,Layer_4,3
TCCGATTACATTGCCG-1,Layer_5,4
TCCGCCTGTCTACAAG-1,Layer_6,2
TCCGCGGCAGCATCTG-1,Layer_4,3
TCCGCGGCCCAATGAA-1,Layer_6,0
TCCGCTGTCATCCCGG-1,Layer_6,0
TCCGCTTATCCCATTA-1,Layer_6,0
TCCGGAGGAAGGGCTG-1,Layer_3,1
TCCGGCCTAGCGTACA-1,Layer_3,1
TCCGGCCTGCATCGAT-1,Layer_3,1
TCCGGGCTTGACGGGA-1,Layer_6,0
TCCGGTTCGTCCGGTC-1,Layer_6,0
TCCGTAACCACAATCC-1,Layer_3,1
TCCGTTAAGCTAATAT-1,Layer_6,0
TCCGTTTAGCCTTGAA-1,Layer_3,1
TCCTAAAGATTCAGAC-1,WM,2
TCCTAAATTGGGAAGC-1,WM,2
TCCTAACCGTCGGGCA-1,WM,2
TCCTACATCCACGGCC-1,Layer_5,4
TCCTAGCAAAGAAGCT-1,Layer_6,0
TCCTATCATAGGTAAC-1,Layer_4,3
TCCTCCTAAGACATTC-1,Layer_6,0
TCCTCGGGCTGGGCTT-1,Layer_5,4
TCCTCTACGAGATGGC-1,Layer_5,4
TCCTCTCCAGTTGTCC-1,Layer_5,4
TCCTCTGGCCCATTAG-1,Layer_3,1
TCCTGCCAACTGGAGA-1,Layer_3,1
TCCTGCGTTGATACTC-1,Layer_5,4
TCCTGGCGCTGCCTGG-1,Layer_3,1
TCCTTACGACGGTCCG-1,Layer_5,0
TCCTTCAGTGGTCGAA-1,Layer_3,1
TCCTTGTCCTTTAATT-1,WM,2
TCCTTTAAATCCGCTT-1,Layer_6,0
TCCTTTCTTACGCTTA-1,Layer_4,3
TCGAAATTTAGGACCA-1,Layer_5,4
TCGAAGAACCGAGCAC-1,Layer_5,4
TCGAATATCCCGCAGG-1,Layer_6,0
TCGACAACTGAACCCG-1,Layer_6,0
TCGAGACCAACACCGT-1,Layer_5,4
TCGAGCCAGGCAGGCC-1,WM,2
TCGAGGGCAACAGACG-1,Layer_5,4
TCGATAGGCTAGTCGC-1,Layer_3,1
TCGCAAAGATGCATTT-1,Layer_6,0
TCGCACCAGGAGGCAG-1,Layer_6,0
TCGCATAAAGGGCGCA-1,Layer_6,0
TCGCATCCCTAAGTGT-1,Layer_3,1
TCGCATTCAATGACTT-1,Layer_3,1
TCGCCCAACTGACTCC-1,Layer_3,1
TCGCCGAAGTTGCGTC-1,Layer_6,0
TCGCCGACATATTCGC-1,WM,2
TCGCCGGTCGATCCGT-1,Layer_3,1
TCGCGTAGCAGTGTCC-1,Layer_6,0
TCGCGTCCAGAAGGTC-1,Layer_5,4
TCGCTAAACCGCTATC-1,Layer_3,1
TCGCTACTGGCTTTGA-1,WM,2
TCGCTCGATATATTCC-1,Layer_4,3
TCGCTCGGCACCAGCG-1,Layer_3,1
TCGCTGCCAATGCTGT-1,WM,2
TCGCTGGGCGGATTGT-1,Layer_3,1
TCGCTGTGCGTAAATC-1,Layer_3,1
TCGCTTAATTACGAAG-1,Layer_3,1
TCGCTTTAAACGTTTG-1,Layer_3,1
TCGGAATGACCATCAA-1,Layer_3,1
TCGGAATGCGCTCTGA-1,Layer_5,4
TCGGACGCCCAGCCCA-1,Layer_4,3
TCGGAGAGTATCGGGA-1,Layer_6,0
TCGGAGTACATGAGTA-1,Layer_4,3
TCGGCGAACCCAAACC-1,Layer_5,4
TCGGCGGTATTAGATT-1,Layer_3,1
TCGGCGTACTGCACAA-1,Layer_6,0
TCGGCTAACTTCCCTT-1,Layer_3,1
TCGGCTTGTATCGACG-1,Layer_6,0
TCGGGAACGTGCCTAG-1,Layer_3,1
TCGGGAGACAGCGTAC-1,WM,2
TCGGGATTCAAACATA-1,Layer_5,4
TCGGGCCGTCGTGGTA-1,Layer_5,4
TCGGGTGAAACTGCTA-1,Layer_3,1
TCGGTCCCGACAATAG-1,Layer_6,0
TCGGTCCCTGACTCCA-1,Layer_3,1
TCGGTGACCGCTCCGG-1,Layer_3,1
TCGGTTAGCCATGTAG-1,Layer_3,1
TCGTAAGACGACATTG-1,Layer_3,1
TCGTAAGCTCCGAGGA-1,Layer_3,1
TCGTACCGACGTCAAG-1,WM,2
TCGTATAGTGCAATTA-1,Layer_3,1
TCGTATCACCAAGCTA-1,Layer_3,1
TCGTATTACCCATTGC-1,Layer_5,4
TCGTATTTCGTCCGGA-1,Layer_3,1
TCGTCAAGTACGCGCA-1,WM,2
TCGTCACACTGTTAGC-1,Layer_5,3
TCGTCCGCTGGCGTCT-1,Layer_4,3
TCGTCCGGGTACACTC-1,Layer_3,1
TCGTCTTAGGCGTTAA-1,Layer_6,0
TCGTGTACTATGGATG-1,Layer_6,0
TCGTGTATTGGTCACG-1,Layer_5,4
TCGTGTCACGCTGACA-1,Layer_6,0
TCGTGTTCGACCACAA-1,Layer_6,0
TCGTTAGGAGTCCCTA-1,Layer_6,2
TCGTTCGTTATTATGT-1,Layer_3,1
TCGTTGCTATCCGGTC-1,WM,2
TCGTTGGCTCGTCAAT-1,Layer_3,1
TCTAAAGAACAGTCTC-1,Layer_6,0
TCTAACTGTATGTAAA-1,Layer_4,1
TCTAATACTGCCTCAG-1,Layer_6,0
TCTACACGTTCATGCA-1,Layer_3,1
TCTACCCAATAGAGAG-1,Layer_6,0
TCTACCGTCCACAAGC-1,Layer_3,1
TCTACGGGCTCAGTTG-1,Layer_3,1
TCTAGCAATCTCCGCC-1,Layer_6,0
TCTAGCATCTTCGATG-1,Layer_4,3
TCTAGCATGCCCAGAA-1,Layer_6,0
TCTAGGTGGCGACGCT-1,Layer_3,1
TCTAGTGATATCGTGG-1,Layer_5,4
TCTAGTTATCAGAAGA-1,Layer_5,4
TCTATAGGTGGGTAAT-1,Layer_6,0
TCTATCATGCAGTTAC-1,Layer_3,1
TCTATCGGTCGCAACA-1,Layer_3,1
TCTATGCTATAACGAC-1,Layer_6,0
TCTATTACGCTGGCGA-1,Layer_3,1
TCTATTACTAGAGGAT-1,Layer_5,4
TCTCATGAGATAGGGT-1,Layer_6,0
TCTCCAACGTAGGTTA-1,Layer_3,1
TCTCCACAAGTTGAAT-1,Layer_6,0
TCTCCCTGGGCAGCGT-1,Layer_6,0
TCTCGAACGAGGTCAC-1,Layer_3,1
TCTCGACGTATCGCCG-1,Layer_4,3
TCTCGAGGAGGTTCGC-1,Layer_5,4
TCTCGGCTCCAGGACT-1,Layer_3,1
TCTCTAATAGCTGGTA-1,Layer_3,1
TCTCTCGCCGCACATA-1,Layer_5,4
TCTCTTACCGCGAACC-1,WM,2
TCTGAACCGGTCGGCT-1,Layer_4,3
TCTGAACTCGTACCCG-1,Layer_5,4
TCTGAAGCACGTGGTC-1,Layer_6,0
TCTGAATTCCGTACAA-1,Layer_3,1
TCTGACGGGCTAACCC-1,Layer_3,1
TCTGAGCAATTGACTG-1,Layer_5,4
TCTGATCGGGTGCTAG-1,Layer_3,1
TCTGATGTATTCTGTC-1,Layer_6,0
TCTGATTGGAAATGGA-1,Layer_3,1
TCTGCATACCTTGCTT-1,Layer_6,0
TCTGCCAGAAACTGCA-1,Layer_5,4
TCTGCGAATCGTTCGC-1,Layer_3,1
TCTGCGTCCGGTTTCT-1,Layer_3,1
TCTGCTTAGAACAAGC-1,Layer_4,4
TCTGGCCGTTCAAGTT-1,Layer_3,1
TCTGGGAACCTTTGAA-1,Layer_4,3
TCTGGGTAGCGCTCAT-1,Layer_6,0
TCTGTCATACAAGAGC-1,Layer_3,1
TCTGTGATGGAGGTTG-1,Layer_3,1
TCTGTGCCATCATAGT-1,Layer_3,3
TCTGTTACCCAGCATA-1,Layer_6,0
TCTTACAGAGGTACCG-1,Layer_3,1
TCTTACCGGAACTCGT-1,Layer_3,1
TCTTACGGCATCCGAC-1,Layer_5,3
TCTTACTTATGCCTCT-1,Layer_5,4
TCTTAGAGCTCCAATT-1,Layer_3,3
TCTTAGAGTGAACTCT-1,Layer_4,4
TCTTCCCATGGGCACA-1,Layer_3,1
TCTTCGAATAGACGTT-1,Layer_5,4
TCTTCGATACCAATAA-1,Layer_4,3
TCTTCGCGGTGAGAGG-1,Layer_6,0
TCTTCTATAACCCGCC-1,Layer_4,4
TCTTGATGCGTAGCGA-1,Layer_4,3
TCTTGCTCCCGATACT-1,WM,2
TCTTGGTAACACCAAA-1,Layer_3,1
TCTTTAAGACTATGAA-1,Layer_3,1
TCTTTAGAGTCTAACA-1,Layer_5,4
TCTTTAGCAGGCGAAC-1,Layer_3,1
TCTTTCCTTCGAGATA-1,Layer_6,4
TCTTTCTCTTAAGGAG-1,Layer_3,1
TGAAACTTATGCAAGC-1,Layer_3,1
TGAAAGGACCTGACTC-1,Layer_4,3
TGAACAAGCAGGGACT-1,WM,2
TGAAGAGCGGTCCTAG-1,Layer_3,1
TGAATACCGACGCGTA-1,WM,2
TGAATATGCTATAAAC-1,Layer_3,1
TGAATGAGATACAGCA-1,Layer_3,1
TGAATGAGTGTTTCCC-1,WM,2
TGAATGTCAGCCGGCC-1,Layer_5,4
TGACACTTCTCTTTGC-1,Layer_3,1
TGACAGGACAAGTCCA-1,Layer_6,0
TGACATCGAGCGGACC-1,Layer_3,1
TGACATGTAACGTGAC-1,WM,2
TGACCAAATCTTAAAC-1,WM,2
TGACCAGCTTCAAAGT-1,Layer_3,1
TGACCCACGTTAGACA-1,Layer_5,4
TGACCCAGCATTCCCG-1,Layer_3,1
TGACGAATATTTCCCT-1,Layer_6,0
TGACGATGCACTAGAA-1,Layer_4,3
TGACTATAATCCTTTC-1,Layer_6,0
TGACTCCGAATCATAC-1,Layer_6,0
TGAGAATGCTTTACCG-1,Layer_3,1
TGAGAGATTTACCACG-1,Layer_5,4
TGAGATCAAATACTCA-1,Layer_3,1
TGAGATTAGGCCCTAA-1,Layer_3,1
TGAGCCATACAGTCTC-1,Layer_6,0
TGAGCGGAAAGTGTTC-1,WM,2
TGAGCTTTAATGACGC-1,Layer_3,1
TGAGGAGTGCCAGCTT-1,WM,2
TGAGGCATGTACTGTG-1,Layer_6,0
TGAGTAAATTAGCGTA-1,Layer_6,0
TGAGTGCCTCTTAAAT-1,Layer_6,0
TGAGTGGTCCGTGACG-1,Layer_3,1
TGAGTTAAAGACATTC-1,Layer_5,4
TGATACATTTAGCCGT-1,WM,2
TGATAGCGGGATTCTA-1,Layer_4,3
TGATCACCACACTGAC-1,WM,2
TGATCAGGGAACTGCT-1,Layer_6,4
TGATCCCAGCATTAGT-1,Layer_3,1
TGATCGGTTTGACCCT-1,Layer_4,4
TGATCTACGCTGATCT-1,Layer_3,1
TGATCTCCGGCGCCAG-1,Layer_5,4
TGATGCTCACGTAGTC-1,Layer_3,1
TGATGGCTGTTTCTGA-1,Layer_3,1
TGATGTCAATTAAGTG-1,Layer_6,0
TGATTATGGCACGCAG-1,Layer_3,1
TGATTCAGGTCCCGCG-1,Layer_5,4
TGATTCCCGGTTACCT-1,WM,2
TGATTCGTCTATCACT-1,Layer_5,4
TGATTCTGTCGCCGGT-1,Layer_6,0
TGATTTATTAGCTGTG-1,Layer_5,4
TGATTTCCTCCTGACG-1,Layer_3,1
TGCAACCCATCTGCGG-1,Layer_6,0
TGCAAGAATGACGTAA-1,Layer_4,4
TGCAATCTAACACGGT-1,Layer_6,0
TGCAATTTGGGCACGG-1,Layer_3,1
TGCACAGTGAAGTTAT-1,Layer_3,1
TGCACGAGTCGGCAGC-1,Layer_3,1
TGCACTATGTGAGTGC-1,Layer_3,1
TGCAGAACTATATCGT-1,Layer_5,4
TGCAGAGTACCGAGCA-1,Layer_5,4
TGCAGATCGTCCTAGG-1,Layer_5,4
TGCAGCTACGTACTTC-1,Layer_5,4
TGCAGGATCGGCAAAG-1,Layer_3,1
TGCAGTGAGGCTCGGG-1,Layer_3,1
TGCAGTGGTAGGGAAC-1,Layer_6,0
TGCAGTTTCCTCCCAT-1,Layer_5,4
TGCATATGTCTGTCAC-1,Layer_4,3
TGCATCTCCGGATCTT-1,Layer_3,1
TGCATGGATCGGATCT-1,Layer_3,1
TGCATGGCAGTCTTGC-1,Layer_3,1
TGCATGTGACCCATAG-1,WM,2
TGCATGTGGTAATCTA-1,Layer_3,1
TGCCAAAGTCAGACTT-1,Layer_5,4
TGCCAATGGGTACTCT-1,WM,2
TGCCACCTGGCGAAAC-1,Layer_3,1
TGCCAGTACGTGGAGA-1,Layer_6,0
TGCCATGGCTTATAAG-1,Layer_3,1
TGCCATTACTAAAGAA-1,Layer_3,1
TGCCCGTACCGTTAAA-1,Layer_6,0
TGCCGAAAGCGTATTC-1,Layer_3,1
TGCCGGATGTACGAGC-1,WM,2
TGCCGTGGATCGTCCT-1,WM,2
TGCCTAATTGAAGATT-1,Layer_6,0
TGCCTGACATCGGTCA-1,Layer_3,1
TGCCTGATCAAACGAT-1,Layer_3,1
TGCCTTGGCCAGGCAA-1,Layer_6,0
TGCGAATATGGGATTT-1,Layer_5,4
TGCGACACCCTAGTGC-1,Layer_6,0
TGCGACGGCCGAACGT-1,Layer_6,2
TGCGAGAATATTACCC-1,Layer_6,0
TGCGAGATGGCGGCCA-1,Layer_3,1
TGCGAGCCCTTCCGCG-1,Layer_3,1
TGCGATGCTAATGGCT-1,Layer_3,1
TGCGCAAAGCATTTGG-1,Layer_4,3
TGCGCGATTAACGGAG-1,Layer_5,4
TGCGGACTTGACTCCG-1,WM,2
TGCGGAGTAAAGGTGC-1,Layer_3,1
TGCGGCATAGTTCAAC-1,Layer_3,1
TGCGGTCTACGAGTAA-1,Layer_3,1
TGCGGTGAAATTTCAT-1,Layer_3,1
TGCGTAAGAACCTGAT-1,Layer_6,0
TGCGTACGGCTAATTG-1,Layer_6,0
TGCGTCATGACTGAGC-1,Layer_6,0
TGCGTGATTGGGTGTC-1,Layer_3,1
TGCGTTTGTTGACACT-1,Layer_5,4
TGCTAAGTGTCTATTT-1,Layer_6,0
TGCTATACAAACGGAC-1,Layer_3,1
TGCTCACACAACAACC-1,Layer_3,1
TGCTCCACAGTTCTTA-1,Layer_5,4
TGCTCGGCGAAACCCA-1,WM,2
TGCTCGGTGGGTCACC-1,WM,2
TGCTCTTGAGAGTTTG-1,WM,2
TGCTGCGTCAGAGTTA-1,Layer_3,1
TGCTGGTTGGACAATT-1,Layer_4,3
TGCTGTTGAAGAACTC-1,Layer_5,4
TGCTTAGAGAGAATGC-1,Layer_6,0
TGCTTCCCAAGCAGTA-1,WM,2
TGGAACCACTGACACA-1,Layer_3,1
TGGAAGAAGGGAACGT-1,Layer_5,0
TGGAAGACGAACACCA-1,Layer_3,1
TGGAAGGATAAAGATG-1,Layer_3,1
TGGAATATCCTTGACC-1,Layer_3,1
TGGAATTAGACGCTTT-1,Layer_5,3
TGGACACCGTTGCTTG-1,Layer_3,1
TGGACCAATCTAAGAT-1,WM,2
TGGACGCAATCCAGCC-1,Layer_6,0
TGGACTGTTCGCTCAA-1,Layer_5,4
TGGAGCTAAAGTTCCC-1,Layer_3,1
TGGAGTGATGCGATGA-1,Layer_5,4
TGGATAGAGTAACAGA-1,Layer_3,1
TGGCAAACTAAATTAC-1,Layer_6,0
TGGCAACTCGCGCGCC-1,Layer_3,1
TGGCAAGCACAAGTCG-1,WM,2
TGGCAATGGGACGGCG-1,Layer_6,0
TGGCACGAGCTCGAGT-1,Layer_3,1
TGGCAGATTACGATCA-1,Layer_6,0
TGGCAGCAGTAATAGT-1,Layer_5,4
TGGCATGAAGTTTGGG-1,Layer_6,0
TGGCCAAACTGAAGTA-1,Layer_3,1
TGGCCAATTTGGTACT-1,Layer_5,0
TGGCCGTATATTGACC-1,Layer_5,4
TGGCGACTGCTCCAAA-1,WM,2
TGGCGATCAAGTTATG-1,Layer_6,0
TGGCGGTGTGCGATTG-1,Layer_3,1
TGGCTACACTCTACCT-1,Layer_6,0
TGGCTATGTGACATAC-1,WM,2
TGGCTCTTGTCGCGTA-1,Layer_5,4
TGGCTTGTACAAGCTT-1,Layer_3,1
TGGCTTTGGGTAGACA-1,Layer_3,1
TGGGAAATGCCTTTCC-1,Layer_5,3
TGGGATGCACTCATTC-1,Layer_3,1
TGGGCAATAGTTGGGT-1,Layer_4,4
TGGGCACAAACAGAAC-1,Layer_3,1
TGGGCACGTTCTATGG-1,Layer_3,1
TGGGCAGGCCACCGCA-1,Layer_5,4
TGGGCCACAAGAGCGC-1,Layer_3,1
TGGGCCCATACTAATT-1,Layer_5,4
TGGGCGATACAATAAG-1,WM,2
TGGGTAAGGTTCCCGC-1,Layer_3,1
TGGGTGCACAAGCCAT-1,WM,2
TGGGTGGGATGTCATT-1,Layer_3,1
TGGTAAGCAGGATTGA-1,Layer_5,4
TGGTAGAATATATGGG-1,Layer_5,4
TGGTATCGCATCCCAA-1,Layer_3,1
TGGTATCGGTCTGTAT-1,Layer_3,1
TGGTCCCACGCTACGG-1,Layer_6,0
TGGTCGTGCAAGGCAA-1,Layer_5,4
TGGTCGTTTGATAGAT-1,Layer_3,1
TGGTCTGTTGGGCGTA-1,Layer_5,4
TGGTGATCGTATTTGT-1,Layer_4,3
TGGTTAAGGGCGCTGG-1,Layer_3,1
TGGTTCAACGGGTAAT-1,Layer_6,0
TGGTTCGTAGCAAAGG-1,Layer_3,3
TGGTTGGAGGATCCTG-1,Layer_3,1
TGGTTTAAACGTGGGT-1,Layer_3,1
TGTAATGACCACAATA-1,Layer_5,4
TGTAATGCCTTCGGAC-1,Layer_3,1
TGTACCTACACGAGGG-1,Layer_6,0
TGTACGAACAAATCCG-1,Layer_5,4
TGTACGCTATCAGCTT-1,Layer_3,1
TGTACTGTGCCAAAGT-1,Layer_3,1
TGTAGCCATCCCATTC-1,Layer_6,0
TGTAGGAGAAATTTCC-1,Layer_4,3
TGTAGTGATCTATAAT-1,Layer_5,4
TGTATAACAGATCCTG-1,Layer_3,1
TGTATCAGACTGAAGC-1,Layer_3,1
TGTATCCTTATTCCAT-1,Layer_3,1
TGTATGGCGCAGACAG-1,Layer_5,4
TGTATTTACCTAATGC-1,Layer_3,1
TGTCATTTGTTGGGAA-1,Layer_3,1
TGTCCACGGCTCAACT-1,Layer_6,0
TGTCCCGACATAGCAC-1,Layer_3,1
TGTCCGTGGCGCCTTT-1,Layer_5,3
TGTCCTAAGTCACCGC-1,Layer_5,4
TGTCGGCATGGTGGAA-1,Layer_3,1
TGTCGTTATCACATAT-1,Layer_6,0
TGTCTACAGTTTCTGT-1,Layer_3,1
TGTGACTACGCCAGTC-1,Layer_3,1
TGTGAGACTAGCCCAA-1,WM,2
TGTGATTCCAGCGCTT-1,Layer_3,1
TGTGCCGGTGCCGGAA-1,Layer_6,0
TGTGCTTTACGTAAGA-1,Layer_5,4
TGTGGACTATCTACGT-1,Layer_5,4
TGTGGAGGAAGCTTAA-1,Layer_3,1
TGTGGCAAAGCGTATG-1,Layer_3,1
TGTGGCGGGCTTCTGG-1,WM,2
TGTGGCTCCCACCAAC-1,Layer_4,3
TGTGGTAGGGTGCCTT-1,Layer_5,4
TGTGGTTGCTAAAGCT-1,WM,2
TGTGTAGTAGCACGTG-1,Layer_6,0
TGTGTCGCGAGTTGCA-1,Layer_5,3
TGTGTTCGTATCCAAG-1,Layer_5,4
TGTTATTGTATGTGGC-1,Layer_5,4
TGTTCATAAATGTGCT-1,Layer_3,1
TGTTCCGCTTCCATGA-1,Layer_5,4
TGTTCGTATTGCGGTG-1,Layer_6,0
TGTTCTCTACTCCCTA-1,Layer_3,1
TGTTCTTCCATTGACT-1,Layer_5,4
TGTTGATCACTGTTTA-1,Layer_3,1
TGTTGCCGTCGTCCCA-1,Layer_4,3
TGTTGTCAAGAAGTCT-1,Layer_3,1
TGTTTAATACTTCATC-1,Layer_3,1
TGTTTCGGTACTTCTC-1,Layer_3,1
TGTTTGAGATCGTCAG-1,Layer_5,4
TTAAACAGAGTCCCGC-1,Layer_3,1
TTAAACCGGTAGCGAC-1,Layer_3,1
TTAAACCTGGTTCCTT-1,Layer_4,1
TTAAACTCGAATTCAT-1,Layer_3,1
TTAACACCTCGAACAT-1,Layer_5,3
TTAACCAACCCTCCCT-1,Layer_3,1
TTAACGAACAAGCAGT-1,Layer_3,1
TTAACGTCGCAAGACC-1,Layer_3,1
TTAACTCACGCGTGGA-1,Layer_4,1
TTAACTTCAGGTAGGA-1,Layer_6,0
TTAAGACGAACGAACC-1,Layer_3,1
TTAAGATAGGATTGAC-1,Layer_4,4
TTAAGCCGACAACTTC-1,Layer_3,1
TTAAGCGCCTGACCCA-1,Layer_5,4
TTAAGGATACGGAGGT-1,Layer_3,1
TTAAGGCCCGTACTTT-1,Layer_6,0
TTAAGTATTGTTATCC-1,Layer_6,2
TTAATCAGTACGTCAG-1,Layer_3,1
TTAATGCGAGGTAACT-1,Layer_3,1
TTAATGTAGACCAGGT-1,Layer_4,3
TTAATTGCTTTGGGTG-1,WM,2
TTAATTTCAGACGCGG-1,Layer_3,1
TTACAACTACGCATCC-1,Layer_4,3
TTACACGATCTGCGAC-1,Layer_6,0
TTACAGACCTAAATGA-1,Layer_3,1
TTACATCGTGGCCTGG-1,Layer_4,3
TTACATGCCACAACTA-1,Layer_4,3
TTACCATTGATTACCC-1,Layer_5,4
TTACCCATTGCCGGGT-1,Layer_3,1
TTACCCTAACAGTCCT-1,Layer_5,3
TTACCCTAGGGATTGG-1,WM,2
TTACCGCCTTAGGGAA-1,Layer_3,1
TTACGGATGGTTCGAG-1,Layer_3,1
TTACGTAGCGCGTGCT-1,Layer_3,1
TTACGTATCTATGACA-1,Layer_6,0
TTACTAAAGGACTTTA-1,Layer_6,0
TTACTATCGGCTTCTC-1,Layer_5,4
TTACTCCGGCCGGGAA-1,Layer_4,3
TTACTCTGGTACGTAC-1,Layer_6,0
TTACTGGGATATTTCA-1,Layer_6,0
TTACTGTCTAGAGCTC-1,Layer_3,1
TTACTGTTTCTCTACG-1,Layer_3,1
TTAGAAGAACATGACT-1,Layer_6,0
TTAGAATAAGGGTCGG-1,WM,2
TTAGACACGATCGTTG-1,Layer_3,1
TTAGACGAGTCACCTC-1,Layer_6,0
TTAGAGTTTAGAAGGA-1,Layer_5,4
TTAGATAGGTCGATAC-1,Layer_3,1
TTAGCAACATGGATGT-1,Layer_4,1
TTAGCTAATACGATCT-1,Layer_3,1
TTAGCTCTGTAATCCG-1,Layer_5,3
TTAGCTGATTTGCCGT-1,Layer_4,3
TTAGGTCATAACCGAC-1,WM,2
TTAGTAAACCTGCTCT-1,Layer_6,0
TTAGTAGGGCGGCGGG-1,Layer_5,4
TTAGTTATTCGTGGCA-1,Layer_5,4
TTAGTTCAAGTGTTCG-1,Layer_3,1
TTATAGATGCACATTA-1,Layer_3,1
TTATAGGTAATTGTCT-1,WM,2
TTATAGTCCAAGGTGC-1,Layer_3,1
TTATATACGCTGTCAC-1,Layer_5,4
TTATATTTGGCAATCC-1,Layer_3,3
TTATCCAATCGAACTC-1,Layer_3,1
TTATCCGGGATCTATA-1,Layer_6,0
TTATCCTCAAGGAATA-1,Layer_6,0
TTATCGCCTGCGAAGC-1,Layer_5,3
TTATCTGACATTAGGA-1,Layer_5,4
TTATCTGTATCATAAC-1,Layer_3,1
TTATGAATGAAAGGGA-1,Layer_5,0
TTATGACAAACTGGAT-1,Layer_5,4
TTATGATCTTAACGAA-1,Layer_5,4
TTATGCGTCCCGGTCC-1,Layer_3,1
TTATGTTTGCGATAGA-1,Layer_5,3
TTATTAGAGCGTGTTC-1,Layer_6,0
TTATTAGGGAAGCATC-1,Layer_3,1
TTATTATCTGGAAGGC-1,Layer_5,4
TTCAAAGTCTCTAGCC-1,Layer_4,4
TTCAACGACCCGACCG-1,Layer_3,3
TTCAAGCCGAGCTGAG-1,Layer_3,1
TTCAATACTCTGAATC-1,Layer_4,4
TTCAATTAGCCATAAT-1,Layer_3,1
TTCACGAAAGGATCAC-1,Layer_5,4
TTCACTCGAGCACCTA-1,Layer_6,2
TTCACTTCCTAGAACG-1,WM,2
TTCAGCCCTGGTCCAC-1,Layer_5,0
TTCAGCTGGCGTGCCC-1,Layer_6,0
TTCAGGCGTCAAAGCC-1,Layer_5,4
TTCATGGCGCAACAGG-1,Layer_3,1
TTCCAATCAGAGCTAG-1,Layer_3,1
TTCCAATCTGGCTATC-1,Layer_6,0
TTCCACACAGATTTGA-1,Layer_6,0
TTCCACATTTCTCGTC-1,Layer_3,1
TTCCAGACGAGATTTA-1,Layer_3,1
TTCCATCATGCGGTGA-1,Layer_3,1
TTCCATCGACAGCGTG-1,Layer_6,0
TTCCCGACGCTTCACT-1,Layer_3,1
TTCCCGGCGCCAATAG-1,Layer_5,4
TTCCGCAGAGAAATAT-1,Layer_3,1
TTCCGCGTGAGGCGAT-1,Layer_6,0
TTCCGGCCTTGAGGCT-1,WM,2
TTCCGGCTCGACTTCT-1,Layer_3,1
TTCCGGTATCTGTGTC-1,Layer_3,3
TTCCGGTTACCCACTT-1,Layer_5,4
TTCCTCGAGGGTGTCT-1,Layer_3,3
TTCCTCGGACTAACCA-1,Layer_6,0
TTCCTCTGCCCGAATA-1,Layer_5,4
TTCCTTTCTGTGTTGC-1,Layer_3,1
TTCGACAGAGCCCGTG-1,Layer_6,0
TTCGACGGGAAGGGCG-1,Layer_4,3
TTCGAGCCGGCGCTAC-1,Layer_3,1
TTCGCACTCGCGTGCT-1,Layer_5,4
TTCGCACTGTACGACA-1,WM,2
TTCGCATCCGGAAGCA-1,Layer_3,1
TTCGCCGCTCGCGCTA-1,Layer_6,0
TTCGCGCGCCATACGA-1,WM,2
TTCGCTAGGAAGTTGT-1,Layer_3,1
TTCGCTATCTGACGTG-1,Layer_3,1
TTCGGACTGATGCCTT-1,Layer_3,1
TTCGGCAACCCGCTGA-1,Layer_3,1
TTCGGCTAGAGATGGT-1,Layer_3,1
TTCGGGACTAATCGCG-1,Layer_5,4
TTCGGGCGCTAGTCTT-1,Layer_6,0
TTCGGGTTGCCACGGG-1,Layer_6,0
TTCGGTACTGTAGAGG-1,WM,2
TTCGGTGGAGACGCCC-1,Layer_4,3
TTCGTAATCCCAGCGG-1,Layer_3,1
TTCGTACTCCAGAACG-1,Layer_5,4
TTCGTGGGCTGGAAGC-1,Layer_3,1
TTCGTTCAACGAAGTT-1,Layer_3,1
TTCTAACCGAAGCTTA-1,Layer_3,3
TTCTACCTTTATGTTG-1,Layer_3,1
TTCTACTTGCGAGGGC-1,Layer_4,3
TTCTAGAAAGTCTTAT-1,WM,2
TTCTAGGCCAATTGTG-1,Layer_4,3
TTCTATGCCTTTCGCA-1,Layer_3,1
TTCTATTAAACGCAGC-1,WM,2
TTCTCTTACAGGTGAT-1,Layer_6,0
TTCTGACCGGGCTCAA-1,Layer_6,0
TTCTGCCGCGCCTAGA-1,Layer_6,0
TTCTGCGAGCGCCCTT-1,Layer_5,4
TTCTGCGGGTTAGCGG-1,Layer_5,4
TTCTGCTAGACTCCAA-1,Layer_3,1
TTCTGTTTCCTGTCGC-1,Layer_3,1
TTCTTAGTGAACGGTG-1,Layer_3,1
TTCTTAGTGGCTCAGA-1,Layer_3,1
TTCTTATCCGCTGGGT-1,Layer_5,4
TTCTTCCCTTTGATAT-1,Layer_3,1
TTCTTCGCAATAGAGC-1,Layer_3,1
TTCTTGAGCCGCGCTA-1,Layer_6,0
TTCTTGCTAGCATCTC-1,Layer_3,3
TTCTTGGACGATCTGC-1,Layer_6,0
TTCTTGGAGTAATGAG-1,Layer_3,1
TTCTTGTAACCTAATG-1,Layer_5,3
TTCTTGTGTCCATCAG-1,Layer_4,3
TTCTTTGGTCGCGACG-1,Layer_3,1
TTGAAAGGTGTAAAGG-1,Layer_3,1
TTGAACGAATCCTTTG-1,Layer_3,1
TTGAACGACGTGCTGA-1,Layer_6,0
TTGAAGAATTCCCAGG-1,Layer_5,4
TTGAAGGATGGGCGCC-1,Layer_6,0
TTGAATATGGACTTTC-1,Layer_4,3
TTGAATCGTTGTATAA-1,Layer_5,4
TTGAATTCACGTGAGG-1,Layer_4,3
TTGACAGGAGCTCCCG-1,Layer_5,4
TTGACATGAACGTGGA-1,Layer_6,0
TTGACCAGGAACAACT-1,WM,2
TTGACCATGTTCTCCG-1,Layer_3,1
TTGACCGTGTTAATGA-1,Layer_6,0
TTGACGATTCAGCACG-1,Layer_3,1
TTGACGCTCCATGAGC-1,Layer_4,3
TTGACTACCATATGGT-1,Layer_6,0
TTGACTATTGTCCGGC-1,Layer_5,4
TTGAGAAGTTTAGCAT-1,Layer_6,0
TTGAGAGTACTGCTAA-1,Layer_6,0
TTGAGCAGCCCACGGT-1,Layer_4,3
TTGAGCGCCACGTGAT-1,Layer_3,1
TTGAGGCATTTAACTC-1,Layer_3,1
TTGAGGGTCGAACGCG-1,Layer_3,1
TTGAGTCCCGCTGCTG-1,Layer_3,1
TTGATAGTCAATACAT-1,Layer_3,1
TTGATCTAACTTTGTC-1,Layer_5,4
TTGATGTGTAGTCCCG-1,Layer_3,1
TTGATTAGCTGTTTCT-1,Layer_6,0
TTGATTATGCAGATGA-1,Layer_5,4
TTGCACAATTCAGAAA-1,Layer_6,0
TTGCACGGAGCAGCAC-1,Layer_3,1
TTGCAGGTCATGAAGT-1,Layer_3,1
TTGCATGCTGATCACG-1,Layer_6,0
TTGCCAAGCAGAACCC-1,Layer_4,3
TTGCCATAGCCCGCTC-1,Layer_6,0
TTGCCCTGATCACGGG-1,Layer_5,4
TTGCCGCAGACCTACA-1,Layer_6,0
TTGCCGCTTTCTAGTA-1,WM,2
TTGCCGGTGATCCCTC-1,Layer_3,1
TTGCGGCATCAGAAAG-1,Layer_6,2
TTGCGGCGACTCATGC-1,Layer_3,1
TTGCGTAGTTTGAGGA-1,Layer_5,3
TTGCGTCGGCCAACCG-1,Layer_6,0
TTGCGTGAACGCTTAG-1,Layer_3,1
TTGCGTGTGTAGGCAT-1,WM,2
TTGCTCCCATACCGGA-1,Layer_3,1
TTGCTGAAGGAACCAC-1,Layer_3,1
TTGCTGATCATGTTCG-1,Layer_5,4
TTGCTGCACCTATCCA-1,Layer_4,1
TTGCTGGCCGGGCTTC-1,Layer_3,1
TTGGAAGAATACAGTC-1,Layer_6,0
TTGGACATGTGGCTTA-1,Layer_6,0
TTGGACCATCTGGCAA-1,Layer_5,4
TTGGACCTATAACAGT-1,Layer_6,0
TTGGAGTCTCCCTTCT-1,Layer_3,1
TTGGATATCGTCTACG-1,Layer_6,0
TTGGATCGACTTCTGG-1,Layer_3,1
TTGGATTGGGTACCAC-1,Layer_3,1
TTGGCCATCTTGCGCT-1,Layer_3,1
TTGGCCTAGAATTTCG-1,Layer_3,1
TTGGCGATCCGAATAT-1,Layer_3,1
TTGGCTCAATATGTGT-1,Layer_6,0
TTGGCTCGCATGAGAC-1,Layer_4,3
TTGGGAAGACGAGCCG-1,WM,2
TTGGGACACTGCCCGC-1,Layer_3,1
TTGGGACGTAAGAGTT-1,Layer_5,4
TTGGGCGGCGGTTGCC-1,Layer_3,1
TTGGGTTTATTCAGCG-1,Layer_3,1
TTGGTATGGCTTGTGT-1,Layer_3,1
TTGGTCACACTCGTAA-1,Layer_6,0
TTGGTGCGGTGTTGAA-1,Layer_3,1
TTGGTTGCGGTGCGCG-1,Layer_6,0
TTGTAACTTCATAGCG-1,Layer_3,1
TTGTAAGGACCTAAGT-1,Layer_6,0
TTGTAAGGCCAGTTGG-1,Layer_3,1
TTGTAATCCGTACTCG-1,Layer_5,4
TTGTATCACACAGAAT-1,Layer_3,1
TTGTCGTTCAGTTACC-1,Layer_3,1
TTGTGAACCTAATCCG-1,Layer_6,0
TTGTGAGGCATGACGC-1,Layer_5,4
TTGTGCAGCCACGTCA-1,WM,2
TTGTGGCCCTGACAGT-1,Layer_3,1
TTGTGGTAGGAGGGAT-1,Layer_6,0
TTGTGGTGGTACTAAG-1,Layer_6,0
TTGTGTATGCCACCAA-1,WM,2
TTGTGTTTCCCGAAAG-1,Layer_6,0
TTGTTAGCAAATTCGA-1,Layer_4,3
TTGTTCAGTGTGCTAC-1,Layer_3,1
TTGTTGTGTGTCAAGA-1,Layer_3,3
TTGTTTCACATCCAGG-1,WM,2
TTGTTTCATTAGTCTA-1,Layer_6,0
TTGTTTCCATACAACT-1,Layer_6,0
TTGTTTGTGTAAATTC-1,Layer_3,1
