cell_name,ground_truth,domain
144_156,Cavity,7
144_157,Meninges,7
144_158,Meninges,7
144_159,Meninges,7
144_160,Meninges,7
144_161,Meninges,7
144_162,Meninges,7
144_163,Meninges,7
144_164,Meninges,7
144_165,Meninges,7
144_166,Meninges,7
144_167,Meninges,7
144_168,Meninges,7
144_169,Meninges,7
144_170,Cavity,7
144_171,Cavity,7
144_172,Meninges,7
144_173,Meninges,7
144_174,Meninges,7
144_175,Cavity,7
144_176,Meninges,7
144_177,Meninges,7
144_178,Meninges,7
144_179,Meninges,7
144_180,Meninges,7
144_181,Meninges,7
144_182,Meninges,7
144_183,Meninges,7
144_184,Meninges,7
144_185,Meninges,7
144_186,Meninges,7
144_187,Meninges,7
144_188,Meninges,7
144_189,Meninges,7
144_190,Meninges,7
144_191,Meninges,7
144_192,Meninges,7
144_193,Meninges,7
144_194,Meninges,7
144_195,Meninges,7
144_196,Meninges,7
144_197,Meninges,7
144_198,Meninges,7
144_199,Meninges,7
144_200,Cavity,16
144_201,Cavity,16
144_202,Cavity,16
144_229,Cavity,16
144_230,Cavity,16
144_231,Meninges,16
144_232,Meninges,7
144_233,Cavity,7
144_234,Cavity,16
144_235,Cavity,16
144_236,Cavity,16
144_237,Cavity,16
144_238,Cavity,16
145_153,Cavity,7
145_154,Meninges,7
145_155,Cavity,7
145_156,Meninges,7
145_157,Meninges,7
145_158,Meninges,7
145_159,Meninges,7
145_160,Meninges,7
145_161,Meninges,7
145_162,Meninges,7
145_163,Meninges,7
145_164,Meninges,7
145_165,Meninges,7
145_166,Meninges,7
145_167,Meninges,7
145_168,Meninges,7
145_169,Meninges,7
145_170,Meninges,7
145_171,Meninges,7
145_172,Meninges,7
145_173,Meninges,7
145_174,Meninges,7
145_175,Meninges,7
145_176,Meninges,7
145_177,Meninges,7
145_178,Meninges,7
145_179,Meninges,7
145_180,Meninges,7
145_181,Meninges,7
145_182,Meninges,7
145_183,Meninges,7
145_184,Meninges,7
145_185,Meninges,7
145_186,Meninges,7
145_187,Meninges,7
145_188,Meninges,7
145_189,Meninges,7
145_190,Meninges,7
145_191,Meninges,7
145_192,Meninges,7
145_193,Meninges,7
145_194,Meninges,7
145_195,Meninges,7
145_196,Meninges,7
145_197,Meninges,7
145_198,Meninges,7
145_199,Meninges,7
145_200,Meninges,7
145_201,Meninges,7
145_202,Meninges,7
145_203,Meninges,7
145_204,Meninges,7
145_205,Meninges,7
145_206,Meninges,7
145_207,Meninges,7
145_208,Meninges,7
145_209,Meninges,16
145_210,Cavity,16
145_226,Meninges,7
145_227,Meninges,7
145_228,Meninges,7
145_229,Meninges,7
145_230,Meninges,7
145_231,Meninges,7
145_232,Meninges,7
145_233,Meninges,7
145_234,Meninges,7
145_235,Meninges,7
145_236,Surface ectoderm,7
145_237,Surface ectoderm,7
145_238,Surface ectoderm,11
145_239,Surface ectoderm,11
145_240,Surface ectoderm,11
145_241,Surface ectoderm,11
145_242,Surface ectoderm,11
145_243,Surface ectoderm,11
145_244,Surface ectoderm,11
145_245,Cavity,11
145_246,Cavity,16
145_247,Cavity,16
146_148,Cavity,16
146_149,Cavity,16
146_150,Cavity,16
146_151,Meninges,7
146_152,Cavity,7
146_153,Meninges,7
146_154,Meninges,7
146_155,Meninges,7
146_156,Meninges,7
146_157,Meninges,7
146_158,Meninges,7
146_159,Meninges,7
146_160,Meninges,7
146_161,Meninges,7
146_162,Meninges,7
146_163,Meninges,7
146_164,Meninges,7
146_165,Meninges,7
146_166,Meninges,7
146_167,Meninges,7
146_168,Meninges,7
146_169,Meninges,7
146_170,Meninges,7
146_171,Meninges,7
146_172,Meninges,7
146_173,Meninges,7
146_174,Meninges,7
146_175,Meninges,7
146_176,Meninges,7
146_177,Meninges,7
146_178,Meninges,7
146_179,Meninges,7
146_180,Meninges,7
146_181,Blood vessel,7
146_182,Meninges,7
146_183,Meninges,7
146_184,Meninges,7
146_185,Meninges,7
146_186,Meninges,7
146_187,Meninges,7
146_188,Meninges,7
146_189,Meninges,7
146_190,Meninges,7
146_191,Meninges,7
146_192,Meninges,7
146_193,Meninges,7
146_194,Meninges,7
146_195,Meninges,7
146_196,Meninges,7
146_197,Meninges,7
146_198,Meninges,7
146_199,Meninges,7
146_200,Meninges,7
146_201,Meninges,7
146_202,Meninges,7
146_203,Meninges,7
146_204,Meninges,7
146_205,Meninges,7
146_206,Meninges,7
146_207,Meninges,7
146_208,Meninges,7
146_209,Meninges,7
146_210,Meninges,7
146_211,Meninges,7
146_212,Meninges,7
146_213,Meninges,7
146_214,Meninges,7
146_215,Meninges,7
146_216,Meninges,7
146_217,Meninges,7
146_218,Meninges,7
146_219,Meninges,7
146_220,Meninges,7
146_221,Meninges,7
146_222,Meninges,7
146_223,Meninges,7
146_224,Meninges,7
146_225,Meninges,7
146_226,Meninges,7
146_227,Meninges,7
146_228,Meninges,7
146_229,Meninges,7
146_230,Meninges,7
146_231,Meninges,7
146_232,Meninges,7
146_233,Meninges,7
146_234,Meninges,7
146_235,Meninges,7
146_236,Surface ectoderm,7
146_237,Surface ectoderm,7
146_238,Surface ectoderm,7
146_239,Surface ectoderm,11
146_240,Surface ectoderm,11
146_241,Surface ectoderm,11
146_242,Surface ectoderm,11
146_243,Surface ectoderm,11
146_244,Surface ectoderm,11
146_245,Surface ectoderm,11
146_246,Surface ectoderm,11
146_247,Surface ectoderm,11
146_248,Surface ectoderm,11
146_249,Surface ectoderm,11
146_250,Surface ectoderm,11
146_251,Cavity,11
146_252,Cavity,16
146_253,Cavity,16
146_254,Cavity,16
147_144,Cavity,16
147_145,Cavity,16
147_146,Meninges,7
147_147,Cavity,7
147_148,Cavity,7
147_149,Cavity,7
147_150,Cavity,7
147_151,Cavity,7
147_152,Meninges,7
147_153,Meninges,7
147_154,Meninges,7
147_155,Meninges,7
147_156,Meninges,7
147_157,Meninges,7
147_158,Meninges,7
147_159,Meninges,7
147_160,Meninges,7
147_161,Meninges,7
147_162,Meninges,7
147_163,Meninges,7
147_164,Meninges,7
147_165,Meninges,7
147_166,Meninges,7
147_167,Meninges,7
147_168,Meninges,7
147_169,Meninges,7
147_170,Meninges,7
147_171,Meninges,7
147_172,Meninges,7
147_173,Meninges,7
147_174,Meninges,7
147_175,Meninges,7
147_176,Meninges,7
147_177,Meninges,7
147_178,Meninges,7
147_179,Meninges,7
147_180,Blood vessel,7
147_181,Blood vessel,3
147_182,Blood vessel,3
147_183,Blood vessel,7
147_184,Meninges,7
147_185,Meninges,7
147_186,Meninges,7
147_187,Meninges,7
147_188,Meninges,7
147_189,Meninges,7
147_190,Meninges,7
147_191,Meninges,7
147_192,Meninges,7
147_193,Meninges,7
147_194,Meninges,7
147_195,Meninges,7
147_196,Meninges,7
147_197,Meninges,7
147_198,Meninges,7
147_199,Meninges,7
147_200,Meninges,7
147_201,Meninges,7
147_202,Meninges,7
147_203,Meninges,7
147_204,Meninges,7
147_205,Meninges,7
147_206,Meninges,7
147_207,Meninges,7
147_208,Meninges,7
147_209,Meninges,7
147_210,Meninges,7
147_211,Meninges,7
147_212,Meninges,7
147_213,Meninges,7
147_214,Meninges,7
147_215,Meninges,7
147_216,Meninges,7
147_217,Meninges,7
147_218,Meninges,7
147_219,Meninges,7
147_220,Meninges,7
147_221,Meninges,7
147_222,Meninges,7
147_223,Meninges,7
147_224,Meninges,7
147_225,Meninges,7
147_226,Meninges,7
147_227,Meninges,7
147_228,Meninges,7
147_229,Meninges,7
147_230,Surface ectoderm,7
147_231,Meninges,7
147_232,Meninges,7
147_233,Meninges,7
147_234,Meninges,7
147_235,Meninges,7
147_236,Meninges,7
147_237,Meninges,7
147_238,Surface ectoderm,7
147_239,Surface ectoderm,7
147_240,Surface ectoderm,7
147_241,Surface ectoderm,11
147_242,Surface ectoderm,11
147_243,Surface ectoderm,11
147_244,Surface ectoderm,11
147_245,Surface ectoderm,11
147_246,Surface ectoderm,11
147_247,Surface ectoderm,11
147_248,Surface ectoderm,11
147_249,Surface ectoderm,11
147_250,Surface ectoderm,11
147_251,Surface ectoderm,11
147_252,Surface ectoderm,16
147_253,Surface ectoderm,16
147_254,Surface ectoderm,16
147_255,Cavity,16
147_256,Cavity,16
148_138,Cavity,16
148_139,Cavity,16
148_140,Meninges,16
148_141,Meninges,16
148_142,Cavity,7
148_143,Cavity,7
148_144,Cavity,7
148_145,Cavity,7
148_146,Cavity,7
148_147,Cavity,7
148_148,Cavity,7
148_149,Cavity,7
148_150,Cavity,7
148_151,Meninges,7
148_152,Meninges,7
148_153,Meninges,7
148_154,Meninges,7
148_155,Meninges,7
148_156,Meninges,7
148_157,Meninges,7
148_158,Meninges,7
148_159,Meninges,7
148_160,Meninges,7
148_161,Meninges,7
148_162,Meninges,7
148_163,Meninges,7
148_164,Meninges,7
148_165,Meninges,7
148_166,Meninges,7
148_167,Meninges,7
148_168,Meninges,7
148_169,Meninges,7
148_170,Meninges,7
148_171,Meninges,7
148_172,Meninges,7
148_173,Meninges,7
148_174,Meninges,7
148_175,Meninges,7
148_176,Blood vessel,7
148_177,Blood vessel,7
148_178,Blood vessel,7
148_179,Blood vessel,7
148_180,Blood vessel,3
148_181,Blood vessel,3
148_182,Blood vessel,3
148_183,Connective tissue,7
148_184,Connective tissue,7
148_185,Connective tissue,7
148_186,Connective tissue,7
148_187,Connective tissue,7
148_188,Connective tissue,7
148_189,Connective tissue,7
148_190,Connective tissue,7
148_191,Connective tissue,7
148_192,Connective tissue,7
148_193,Connective tissue,7
148_194,Connective tissue,7
148_195,Meninges,7
148_196,Meninges,7
148_197,Meninges,7
148_198,Meninges,7
148_199,Meninges,7
148_200,Meninges,7
148_201,Meninges,7
148_202,Meninges,7
148_203,Meninges,7
148_204,Meninges,7
148_205,Meninges,7
148_206,Meninges,7
148_207,Meninges,7
148_208,Meninges,7
148_209,Meninges,7
148_210,Meninges,7
148_211,Meninges,7
148_212,Meninges,7
148_213,Meninges,7
148_214,Meninges,7
148_215,Meninges,7
148_216,Meninges,7
148_217,Meninges,7
148_218,Meninges,7
148_219,Meninges,7
148_220,Meninges,7
148_221,Meninges,7
148_222,Meninges,7
148_223,Meninges,7
148_224,Meninges,7
148_225,Meninges,7
148_226,Meninges,7
148_227,Meninges,7
148_228,Connective tissue,7
148_229,Connective tissue,7
148_230,Connective tissue,7
148_231,Connective tissue,7
148_232,Connective tissue,7
148_233,Connective tissue,7
148_234,Connective tissue,7
148_235,Connective tissue,7
148_236,Connective tissue,7
148_237,Connective tissue,7
148_238,Connective tissue,7
148_239,Connective tissue,7
148_240,Connective tissue,7
148_241,Connective tissue,7
148_242,Connective tissue,7
148_243,Surface ectoderm,7
148_244,Surface ectoderm,7
148_245,Surface ectoderm,7
148_246,Surface ectoderm,7
148_247,Surface ectoderm,11
148_248,Surface ectoderm,11
148_249,Surface ectoderm,11
148_250,Surface ectoderm,11
148_251,Surface ectoderm,11
148_252,Surface ectoderm,11
148_253,Surface ectoderm,11
148_254,Surface ectoderm,16
148_255,Surface ectoderm,11
148_256,Surface ectoderm,16
148_257,Surface ectoderm,16
148_258,Cavity,16
148_259,Cavity,16
149_137,Cavity,16
149_138,Cavity,16
149_139,Cavity,16
149_140,Cavity,16
149_141,Cavity,7
149_142,Cavity,7
149_143,Cavity,7
149_144,Cavity,7
149_145,Cavity,7
149_146,Cavity,7
149_147,Cavity,7
149_148,Cavity,7
149_149,Cavity,7
149_150,Cavity,7
149_151,Meninges,7
149_152,Meninges,7
149_153,Meninges,7
149_154,Meninges,7
149_155,Meninges,7
149_156,Cavity,7
149_157,Cavity,7
149_158,Cavity,7
149_159,Cavity,7
149_160,Cavity,7
149_161,Cavity,7
149_162,Cavity,7
149_163,Meninges,7
149_164,Meninges,7
149_165,Meninges,7
149_166,Meninges,7
149_167,Meninges,7
149_168,Meninges,7
149_169,Meninges,7
149_170,Meninges,7
149_171,Meninges,7
149_172,Cavity,7
149_173,Blood vessel,7
149_174,Blood vessel,7
149_175,Blood vessel,7
149_176,Blood vessel,7
149_177,Blood vessel,7
149_178,Blood vessel,7
149_179,Blood vessel,3
149_180,Blood vessel,19
149_181,Cavity,19
149_182,Blood vessel,3
149_183,Connective tissue,7
149_184,Connective tissue,7
149_185,Connective tissue,7
149_186,Connective tissue,7
149_187,Connective tissue,7
149_188,Connective tissue,7
149_189,Connective tissue,7
149_190,Connective tissue,7
149_191,Connective tissue,7
149_192,Connective tissue,7
149_193,Connective tissue,7
149_194,Connective tissue,7
149_195,Blood vessel,7
149_196,Connective tissue,7
149_197,Connective tissue,7
149_198,Connective tissue,7
149_199,Connective tissue,7
149_200,Connective tissue,7
149_201,Connective tissue,7
149_202,Connective tissue,7
149_203,Connective tissue,7
149_204,Connective tissue,7
149_205,Connective tissue,7
149_206,Connective tissue,7
149_207,Connective tissue,7
149_208,Meninges,7
149_209,Meninges,7
149_210,Meninges,7
149_211,Meninges,7
149_212,Meninges,7
149_213,Meninges,7
149_214,Meninges,7
149_215,Meninges,7
149_216,Meninges,7
149_217,Meninges,7
149_218,Meninges,7
149_219,Meninges,7
149_220,Meninges,7
149_221,Meninges,7
149_222,Connective tissue,7
149_223,Connective tissue,7
149_224,Connective tissue,7
149_225,Connective tissue,7
149_226,Connective tissue,7
149_227,Connective tissue,7
149_228,Connective tissue,7
149_229,Connective tissue,7
149_230,Connective tissue,7
149_231,Connective tissue,7
149_232,Connective tissue,7
149_233,Connective tissue,7
149_234,Connective tissue,7
149_235,Connective tissue,7
149_236,Connective tissue,7
149_237,Connective tissue,7
149_238,Connective tissue,7
149_239,Connective tissue,7
149_240,Connective tissue,7
149_241,Dermomyotome,7
149_242,Dermomyotome,7
149_243,Dermomyotome,7
149_244,Dermomyotome,7
149_245,Connective tissue,7
149_246,Connective tissue,7
149_247,Meninges,7
149_248,Meninges,7
149_249,Surface ectoderm,7
149_250,Surface ectoderm,11
149_251,Surface ectoderm,11
149_252,Surface ectoderm,11
149_253,Surface ectoderm,11
149_254,Surface ectoderm,11
149_255,Surface ectoderm,11
149_256,Surface ectoderm,11
149_257,Surface ectoderm,11
149_258,Surface ectoderm,11
149_259,Surface ectoderm,16
149_260,Cavity,16
149_261,Cavity,16
150_136,Cavity,16
150_137,Cavity,16
150_138,Cavity,16
150_139,Cavity,13
150_140,Cavity,13
150_141,Cavity,13
150_142,Cavity,13
150_143,Cavity,13
150_144,Meninges,7
150_145,Cavity,7
150_146,Cavity,7
150_147,Cavity,7
150_148,Cavity,7
150_149,Meninges,7
150_150,Meninges,7
150_151,Meninges,7
150_152,Cavity,7
150_153,Cavity,7
150_154,Cavity,7
150_155,Cavity,7
150_156,Cavity,7
150_157,Cavity,7
150_158,Cavity,7
150_159,Cavity,7
150_160,Cavity,7
150_161,Cavity,7
150_162,Cavity,7
150_163,Cavity,7
150_164,Cavity,7
150_165,Cavity,7
150_166,Cavity,7
150_167,Cavity,7
150_168,Cavity,7
150_169,Cavity,7
150_170,Cavity,7
150_171,Meninges,7
150_172,Meninges,7
150_173,Meninges,7
150_174,Blood vessel,7
150_175,Blood vessel,7
150_176,Blood vessel,7
150_177,Blood vessel,13
150_178,Blood vessel,7
150_179,Blood vessel,3
150_180,Blood vessel,19
150_181,Blood vessel,19
150_182,Blood vessel,3
150_183,Connective tissue,7
150_184,Connective tissue,7
150_185,Connective tissue,7
150_186,Connective tissue,7
150_187,Connective tissue,7
150_188,Connective tissue,7
150_189,Connective tissue,7
150_190,Connective tissue,7
150_191,Connective tissue,7
150_192,Connective tissue,7
150_193,Connective tissue,7
150_194,Connective tissue,7
150_195,Connective tissue,7
150_196,Connective tissue,7
150_197,Connective tissue,7
150_198,Connective tissue,7
150_199,Connective tissue,7
150_200,Connective tissue,7
150_201,Connective tissue,7
150_202,Connective tissue,7
150_203,Connective tissue,7
150_204,Connective tissue,7
150_205,Connective tissue,7
150_206,Connective tissue,7
150_207,Connective tissue,7
150_208,Connective tissue,7
150_209,Connective tissue,7
150_210,Connective tissue,7
150_211,Connective tissue,7
150_212,Connective tissue,7
150_213,Meninges,7
150_214,Meninges,7
150_215,Meninges,7
150_216,Meninges,7
150_217,Meninges,7
150_218,Connective tissue,7
150_219,Connective tissue,7
150_220,Connective tissue,7
150_221,Connective tissue,7
150_222,Connective tissue,7
150_223,Connective tissue,7
150_224,Connective tissue,7
150_225,Connective tissue,7
150_226,Connective tissue,7
150_227,Connective tissue,7
150_228,Connective tissue,7
150_229,Connective tissue,7
150_230,Connective tissue,7
150_231,Connective tissue,7
150_232,Connective tissue,7
150_233,Connective tissue,7
150_234,Connective tissue,7
150_235,Connective tissue,7
150_236,Connective tissue,7
150_237,Connective tissue,7
150_238,Connective tissue,7
150_239,Connective tissue,7
150_240,Connective tissue,7
150_241,Connective tissue,7
150_242,Dermomyotome,7
150_243,Dermomyotome,7
150_244,Dermomyotome,7
150_245,Dermomyotome,7
150_246,Dermomyotome,7
150_247,Dermomyotome,7
150_248,Connective tissue,7
150_249,Connective tissue,7
150_250,Surface ectoderm,11
150_251,Surface ectoderm,11
150_252,Surface ectoderm,11
150_253,Surface ectoderm,11
150_254,Surface ectoderm,11
150_255,Surface ectoderm,11
150_256,Surface ectoderm,11
150_257,Surface ectoderm,11
150_258,Surface ectoderm,11
150_259,Surface ectoderm,11
150_260,Surface ectoderm,11
150_261,Surface ectoderm,11
150_262,Surface ectoderm,16
150_263,Cavity,16
150_264,Cavity,16
151_135,Cavity,16
151_136,Cavity,16
151_137,Cavity,16
151_138,Cavity,13
151_139,Cavity,13
151_140,Meninges,13
151_141,Meninges,13
151_142,Meninges,13
151_143,Meninges,13
151_144,Meninges,13
151_145,Surface ectoderm,13
151_146,Meninges,7
151_147,Surface ectoderm,7
151_148,Meninges,7
151_149,Meninges,7
151_150,Cavity,7
151_151,Cavity,7
151_152,Cavity,7
151_153,Cavity,7
151_154,Cavity,7
151_155,Cavity,7
151_156,Cavity,7
151_157,Cavity,7
151_158,Cavity,7
151_159,Cavity,7
151_160,Cavity,7
151_161,Cavity,7
151_162,Cavity,7
151_163,Cavity,7
151_164,Cavity,7
151_165,Cavity,7
151_166,Cavity,7
151_167,Cavity,7
151_168,Cavity,7
151_169,Cavity,7
151_170,Cavity,7
151_171,Brain,7
151_172,Meninges,7
151_173,Meninges,7
151_174,Meninges,7
151_175,Jaw and tooth,7
151_176,GI tract,13
151_177,Jaw and tooth,13
151_178,Dorsal root ganglion,13
151_179,Blood vessel,3
151_180,Blood vessel,19
151_181,Blood vessel,19
151_182,Blood vessel,3
151_183,Blood vessel,7
151_184,Blood vessel,7
151_185,Connective tissue,7
151_186,Connective tissue,7
151_187,Connective tissue,7
151_188,Connective tissue,7
151_189,Connective tissue,7
151_190,Connective tissue,7
151_191,Connective tissue,7
151_192,Connective tissue,7
151_193,Connective tissue,7
151_194,Connective tissue,7
151_195,Connective tissue,7
151_196,Connective tissue,7
151_197,Connective tissue,7
151_198,Connective tissue,7
151_199,Connective tissue,7
151_200,Connective tissue,7
151_201,Connective tissue,7
151_202,Connective tissue,7
151_203,Connective tissue,7
151_204,Connective tissue,7
151_205,Connective tissue,7
151_206,Connective tissue,7
151_207,Connective tissue,7
151_208,Connective tissue,7
151_209,Connective tissue,7
151_210,Connective tissue,7
151_211,Connective tissue,7
151_212,Connective tissue,7
151_213,Blood vessel,7
151_214,Blood vessel,7
151_215,Blood vessel,3
151_216,Meninges,7
151_217,Connective tissue,7
151_218,Connective tissue,7
151_219,Connective tissue,7
151_220,Connective tissue,7
151_221,Connective tissue,7
151_222,Connective tissue,7
151_223,Connective tissue,7
151_224,Connective tissue,7
151_225,Connective tissue,7
151_226,Connective tissue,7
151_227,Connective tissue,7
151_228,Connective tissue,7
151_229,Connective tissue,7
151_230,Connective tissue,7
151_231,Connective tissue,7
151_232,Connective tissue,7
151_233,Connective tissue,7
151_234,Connective tissue,7
151_235,Connective tissue,7
151_236,Connective tissue,7
151_237,Connective tissue,7
151_238,Connective tissue,7
151_239,Connective tissue,7
151_240,Connective tissue,7
151_241,Dermomyotome,7
151_242,Dermomyotome,7
151_243,Dermomyotome,7
151_244,Dermomyotome,4
151_245,Dermomyotome,4
151_246,Dermomyotome,6
151_247,Dermomyotome,7
151_248,Dermomyotome,7
151_249,Dermomyotome,7
151_250,Dermomyotome,7
151_251,Dermomyotome,6
151_252,Surface ectoderm,11
151_253,Surface ectoderm,11
151_254,Surface ectoderm,11
151_255,Surface ectoderm,11
151_256,Surface ectoderm,11
151_257,Surface ectoderm,11
151_258,Surface ectoderm,11
151_259,Surface ectoderm,11
151_260,Surface ectoderm,11
151_261,Surface ectoderm,11
151_262,Surface ectoderm,11
151_263,Surface ectoderm,11
151_264,Surface ectoderm,16
151_265,Cavity,16
151_266,Cavity,16
152_134,Cavity,16
152_135,Meninges,16
152_136,Cavity,16
152_137,Cavity,13
152_138,Cavity,13
152_139,Meninges,13
152_140,Meninges,13
152_141,Meninges,13
152_142,Meninges,13
152_143,Meninges,13
152_144,Brain,13
152_145,Brain,13
152_146,Meninges,13
152_147,Cavity,7
152_148,Cavity,13
152_149,Cavity,7
152_150,Cavity,7
152_151,Cavity,7
152_152,Cavity,7
152_153,Cavity,7
152_154,Cavity,7
152_155,Cavity,7
152_156,Cavity,7
152_157,Cavity,7
152_158,Cavity,7
152_159,Cavity,7
152_160,Cavity,7
152_161,Cavity,7
152_162,Cavity,7
152_163,Cavity,7
152_164,Cavity,7
152_165,Cavity,7
152_166,Cavity,7
152_167,Cavity,7
152_168,Cavity,7
152_169,Cavity,7
152_170,Brain,7
152_171,Brain,7
152_172,Cavity,7
152_173,Meninges,7
152_174,Brain,7
152_175,Inner ear,13
152_176,Brain,13
152_177,Brain,13
152_178,Brain,13
152_179,Brain,13
152_180,Blood vessel,3
152_181,Blood vessel,3
152_182,Blood vessel,3
152_183,Connective tissue,3
152_184,Connective tissue,7
152_185,Connective tissue,7
152_186,Connective tissue,7
152_187,Connective tissue,7
152_188,Connective tissue,7
152_189,Connective tissue,7
152_190,Connective tissue,7
152_191,Connective tissue,7
152_192,Connective tissue,7
152_193,Connective tissue,7
152_194,Connective tissue,7
152_195,Connective tissue,7
152_196,Connective tissue,7
152_197,Connective tissue,7
152_198,Connective tissue,7
152_199,Connective tissue,7
152_200,Connective tissue,7
152_201,Connective tissue,7
152_202,Connective tissue,7
152_203,Connective tissue,7
152_204,Blood vessel,7
152_205,Connective tissue,7
152_206,Connective tissue,7
152_207,Connective tissue,7
152_208,Connective tissue,7
152_209,Connective tissue,7
152_210,Blood vessel,7
152_211,Blood vessel,7
152_212,Meninges,7
152_213,Blood vessel,3
152_214,Blood vessel,3
152_215,Blood vessel,3
152_216,Connective tissue,7
152_217,Connective tissue,7
152_218,Connective tissue,7
152_219,Connective tissue,7
152_220,Connective tissue,7
152_221,Connective tissue,7
152_222,Connective tissue,7
152_223,Connective tissue,7
152_224,Connective tissue,7
152_225,Connective tissue,7
152_226,Connective tissue,7
152_227,Connective tissue,7
152_228,Connective tissue,7
152_229,Connective tissue,7
152_230,Connective tissue,7
152_231,Connective tissue,7
152_232,Connective tissue,7
152_233,Connective tissue,7
152_234,Connective tissue,7
152_235,Connective tissue,7
152_236,Connective tissue,7
152_237,Dermomyotome,7
152_238,Connective tissue,4
152_239,Dermomyotome,4
152_240,Connective tissue,4
152_241,Dermomyotome,4
152_242,Dermomyotome,4
152_243,Dermomyotome,4
152_244,Dermomyotome,4
152_245,Dermomyotome,4
152_246,Dermomyotome,4
152_247,Dermomyotome,4
152_248,Dermomyotome,4
152_249,Dermomyotome,6
152_250,Dermomyotome,6
152_251,Dermomyotome,6
152_252,Dermomyotome,6
152_253,Dermomyotome,11
152_254,Dermomyotome,11
152_255,Dermomyotome,11
152_256,Surface ectoderm,11
152_257,Meninges,11
152_258,Surface ectoderm,11
152_259,Surface ectoderm,11
152_260,Surface ectoderm,11
152_261,Surface ectoderm,11
152_262,Surface ectoderm,11
152_263,Surface ectoderm,11
152_264,Surface ectoderm,11
152_265,Surface ectoderm,11
152_266,Surface ectoderm,11
152_267,Surface ectoderm,11
152_268,Cavity,11
152_269,Cavity,16
153_134,Meninges,16
153_135,Cavity,16
153_136,Cavity,13
153_137,Cavity,13
153_138,Meninges,13
153_139,Meninges,14
153_140,Meninges,14
153_141,Brain,14
153_142,Brain,14
153_143,Brain,14
153_144,Brain,14
153_145,Brain,14
153_146,Brain,13
153_147,Cavity,13
153_148,Cavity,13
153_149,Cavity,13
153_150,Cavity,13
153_151,Cavity,13
153_152,Cavity,7
153_153,Cavity,7
153_154,Cavity,7
153_155,Cavity,7
153_156,Cavity,7
153_157,Cavity,7
153_158,Cavity,7
153_159,Cavity,7
153_160,Cavity,7
153_161,Cavity,7
153_162,Cavity,7
153_163,Cavity,7
153_164,Cavity,7
153_165,Cavity,7
153_166,Cavity,7
153_167,Cavity,7
153_168,Cavity,7
153_169,Cavity,7
153_170,Brain,13
153_171,Brain,7
153_172,Brain,7
153_173,Brain,7
153_174,Brain,13
153_175,Brain,14
153_176,Brain,14
153_177,Brain,14
153_178,Brain,13
153_179,Brain,13
153_180,Blood vessel,3
153_181,Blood vessel,3
153_182,Blood vessel,3
153_183,Blood vessel,3
153_184,Connective tissue,7
153_185,Connective tissue,7
153_186,Connective tissue,7
153_187,Blood vessel,7
153_188,Connective tissue,7
153_189,Connective tissue,7
153_190,Connective tissue,7
153_191,Connective tissue,7
153_192,Connective tissue,7
153_193,Connective tissue,7
153_194,Connective tissue,7
153_195,Connective tissue,7
153_196,Connective tissue,7
153_197,Connective tissue,7
153_198,Connective tissue,7
153_199,Connective tissue,7
153_200,Connective tissue,7
153_201,Connective tissue,7
153_202,Connective tissue,7
153_203,Connective tissue,7
153_204,Connective tissue,7
153_205,Connective tissue,7
153_206,Connective tissue,7
153_207,Connective tissue,7
153_208,Connective tissue,7
153_209,Connective tissue,7
153_210,Blood vessel,7
153_211,Blood vessel,3
153_212,Blood vessel,3
153_213,Blood vessel,19
153_214,Blood vessel,19
153_215,Blood vessel,3
153_216,Connective tissue,7
153_217,Connective tissue,7
153_218,Connective tissue,7
153_219,Connective tissue,7
153_220,Connective tissue,7
153_221,Connective tissue,7
153_222,Connective tissue,7
153_223,Connective tissue,7
153_224,Connective tissue,7
153_225,Connective tissue,7
153_226,Connective tissue,7
153_227,Connective tissue,7
153_228,Connective tissue,7
153_229,Connective tissue,7
153_230,Connective tissue,7
153_231,Connective tissue,7
153_232,Connective tissue,7
153_233,Connective tissue,7
153_234,Connective tissue,7
153_235,Connective tissue,4
153_236,Dermomyotome,4
153_237,Dermomyotome,4
153_238,Dermomyotome,4
153_239,Dermomyotome,4
153_240,Dermomyotome,4
153_241,Dermomyotome,4
153_242,Dermomyotome,4
153_243,Dermomyotome,4
153_244,Dermomyotome,4
153_245,Dermomyotome,4
153_246,Dermomyotome,4
153_247,Dermomyotome,4
153_248,Dermomyotome,4
153_249,Dermomyotome,4
153_250,Dermomyotome,6
153_251,Dermomyotome,6
153_252,Dermomyotome,6
153_253,Dermomyotome,6
153_254,Dermomyotome,6
153_255,Dermomyotome,6
153_256,Dermomyotome,6
153_257,Dermomyotome,6
153_258,Dermomyotome,11
153_259,Meninges,11
153_260,Surface ectoderm,11
153_261,Surface ectoderm,11
153_262,Surface ectoderm,11
153_263,Surface ectoderm,11
153_264,Surface ectoderm,11
153_265,Surface ectoderm,11
153_266,Surface ectoderm,11
153_267,Surface ectoderm,11
153_268,Surface ectoderm,11
153_269,Surface ectoderm,11
153_270,Cavity,11
153_271,Cavity,11
154_133,Cavity,16
154_134,Meninges,16
154_135,Meninges,13
154_136,Cavity,13
154_137,Cavity,13
154_138,Meninges,13
154_139,Meninges,14
154_140,Brain,14
154_141,Brain,14
154_142,Brain,14
154_143,Brain,14
154_144,Brain,14
154_145,Brain,14
154_146,Brain,14
154_147,Brain,13
154_148,Cavity,13
154_149,Cavity,13
154_150,Cavity,13
154_151,Cavity,7
154_152,Cavity,7
154_153,Cavity,7
154_154,Cavity,7
154_155,Cavity,7
154_156,Cavity,7
154_157,Cavity,7
154_158,Cavity,7
154_159,Cavity,7
154_160,Cavity,7
154_161,Cavity,7
154_162,Cavity,7
154_163,Cavity,7
154_164,Cavity,7
154_165,Cavity,7
154_166,Cavity,7
154_167,Cavity,7
154_168,Cavity,7
154_169,Cavity,7
154_170,Cavity,13
154_171,Brain,13
154_172,Brain,14
154_173,Brain,14
154_174,Brain,14
154_175,Brain,14
154_176,Brain,14
154_177,Brain,14
154_178,Brain,13
154_179,Brain,13
154_180,Connective tissue,13
154_181,Blood vessel,3
154_182,Blood vessel,3
154_183,Blood vessel,3
154_184,Connective tissue,3
154_185,Connective tissue,7
154_186,Connective tissue,7
154_187,Connective tissue,7
154_188,Connective tissue,7
154_189,Connective tissue,7
154_190,Connective tissue,7
154_191,Connective tissue,7
154_192,Connective tissue,7
154_193,Connective tissue,7
154_194,Connective tissue,7
154_195,Connective tissue,7
154_196,Connective tissue,7
154_197,Connective tissue,7
154_198,Connective tissue,7
154_199,Connective tissue,7
154_200,Connective tissue,7
154_201,Connective tissue,7
154_202,Connective tissue,7
154_203,Connective tissue,7
154_204,Connective tissue,7
154_205,Connective tissue,7
154_206,Connective tissue,7
154_207,Connective tissue,7
154_208,Connective tissue,7
154_209,Connective tissue,7
154_210,Blood vessel,7
154_211,Blood vessel,3
154_212,Blood vessel,19
154_213,Blood vessel,19
154_214,Blood vessel,19
154_215,Blood vessel,3
154_216,Blood vessel,7
154_217,Connective tissue,7
154_218,Connective tissue,7
154_219,Connective tissue,7
154_220,Connective tissue,7
154_221,Connective tissue,7
154_222,Connective tissue,7
154_223,Connective tissue,7
154_224,Connective tissue,7
154_225,Dermomyotome,7
154_226,Dermomyotome,7
154_227,Connective tissue,7
154_228,Connective tissue,7
154_229,Connective tissue,7
154_230,Connective tissue,7
154_231,Connective tissue,4
154_232,Connective tissue,4
154_233,Connective tissue,4
154_234,Dermomyotome,4
154_235,Dermomyotome,4
154_236,Dermomyotome,17
154_237,Dermomyotome,17
154_238,Dermomyotome,17
154_239,Dermomyotome,17
154_240,Dermomyotome,4
154_241,Dermomyotome,4
154_242,Dermomyotome,4
154_243,Dermomyotome,4
154_244,Dermomyotome,17
154_245,Dermomyotome,17
154_246,Dermomyotome,17
154_247,Dermomyotome,17
154_248,Dermomyotome,4
154_249,Dermomyotome,4
154_250,Dermomyotome,4
154_251,Dermomyotome,4
154_252,Dermomyotome,4
154_253,Dermomyotome,4
154_254,Dermomyotome,4
154_255,Dermomyotome,4
154_256,Dermomyotome,4
154_257,Dermomyotome,6
154_258,Dermomyotome,6
154_259,Dermomyotome,6
154_260,Dermomyotome,6
154_261,Surface ectoderm,11
154_262,Surface ectoderm,11
154_263,Surface ectoderm,11
154_264,Surface ectoderm,11
154_265,Surface ectoderm,11
154_266,Surface ectoderm,11
154_267,Surface ectoderm,11
154_268,Surface ectoderm,11
154_269,Surface ectoderm,11
154_270,Surface ectoderm,11
154_271,Surface ectoderm,11
154_272,Surface ectoderm,11
154_273,Cavity,11
154_274,Cavity,16
155_133,Meninges,16
155_134,Meninges,16
155_135,Meninges,13
155_136,Cavity,13
155_137,Cavity,13
155_138,Meninges,13
155_139,Meninges,14
155_140,Brain,14
155_141,Brain,14
155_142,Brain,14
155_143,Brain,14
155_144,Brain,14
155_145,Brain,14
155_146,Brain,14
155_147,Brain,13
155_148,Cavity,13
155_149,Cavity,13
155_150,Cavity,13
155_151,Cavity,13
155_152,Cavity,13
155_153,Cavity,7
155_154,Cavity,13
155_155,Cavity,7
155_156,Cavity,7
155_157,Cavity,7
155_158,Cavity,7
155_159,Cavity,7
155_160,Cavity,7
155_161,Cavity,7
155_162,Cavity,7
155_163,Cavity,7
155_164,Cavity,7
155_165,Cavity,7
155_166,Cavity,7
155_167,Cavity,7
155_168,Cavity,7
155_169,Cavity,7
155_170,Cavity,13
155_171,Brain,13
155_172,Brain,14
155_173,Brain,14
155_174,Brain,14
155_175,Brain,14
155_176,Brain,14
155_177,Brain,1
155_178,Brain,1
155_179,Brain,13
155_180,Connective tissue,13
155_181,Blood vessel,3
155_182,Blood vessel,19
155_183,Blood vessel,19
155_184,Blood vessel,19
155_185,Blood vessel,3
155_186,Blood vessel,7
155_187,Connective tissue,7
155_188,Connective tissue,7
155_189,Connective tissue,7
155_190,Connective tissue,7
155_191,Connective tissue,7
155_192,Connective tissue,7
155_193,Connective tissue,7
155_194,Connective tissue,7
155_195,Connective tissue,7
155_196,Connective tissue,7
155_197,Connective tissue,7
155_198,Connective tissue,7
155_199,Connective tissue,7
155_200,Connective tissue,7
155_201,Connective tissue,7
155_202,Connective tissue,7
155_203,Connective tissue,7
155_204,Connective tissue,7
155_205,Connective tissue,7
155_206,Connective tissue,7
155_207,Connective tissue,7
155_208,Connective tissue,7
155_209,Connective tissue,7
155_210,Blood vessel,7
155_211,Blood vessel,3
155_212,Blood vessel,19
155_213,Blood vessel,19
155_214,Blood vessel,19
155_215,Blood vessel,3
155_216,Blood vessel,3
155_217,Blood vessel,7
155_218,Connective tissue,7
155_219,Connective tissue,7
155_220,Connective tissue,7
155_221,Connective tissue,7
155_222,Connective tissue,7
155_223,Connective tissue,7
155_224,Connective tissue,7
155_225,Connective tissue,7
155_226,Connective tissue,7
155_227,Connective tissue,7
155_228,Connective tissue,7
155_229,Connective tissue,4
155_230,Dermomyotome,4
155_231,Dermomyotome,17
155_232,Dermomyotome,17
155_233,Dermomyotome,17
155_234,Dermomyotome,4
155_235,Dermomyotome,17
155_236,Dermomyotome,17
155_237,Dermomyotome,17
155_238,Dermomyotome,17
155_239,Dermomyotome,17
155_240,Dermomyotome,4
155_241,Dermomyotome,4
155_242,Dermomyotome,4
155_243,Dermomyotome,4
155_244,Dermomyotome,17
155_245,Dermomyotome,17
155_246,Dermomyotome,17
155_247,Dermomyotome,17
155_248,Dermomyotome,4
155_249,Dermomyotome,4
155_250,Dermomyotome,4
155_251,Dermomyotome,4
155_252,Dermomyotome,4
155_253,Dermomyotome,4
155_254,Dermomyotome,4
155_255,Dermomyotome,4
155_256,Dermomyotome,4
155_257,Dermomyotome,4
155_258,Dermomyotome,6
155_259,Dermomyotome,6
155_260,Dermomyotome,6
155_261,Dermomyotome,11
155_262,Surface ectoderm,11
155_263,Surface ectoderm,11
155_264,Surface ectoderm,11
155_265,Surface ectoderm,11
155_266,Surface ectoderm,11
155_267,Surface ectoderm,11
155_268,Surface ectoderm,11
155_269,Surface ectoderm,11
155_270,Surface ectoderm,11
155_271,Surface ectoderm,11
155_272,Surface ectoderm,11
155_273,Surface ectoderm,11
155_274,Surface ectoderm,16
155_275,Cavity,16
155_276,Cavity,16
156_132,Cavity,16
156_133,Meninges,16
156_134,Meninges,16
156_135,Meninges,13
156_136,Cavity,13
156_137,Meninges,13
156_138,Meninges,13
156_139,Meninges,14
156_140,Brain,14
156_141,Brain,14
156_142,Brain,14
156_143,Brain,14
156_144,Brain,14
156_145,Brain,14
156_146,Brain,14
156_147,Cavity,13
156_148,Cavity,13
156_149,Cavity,13
156_150,Cavity,13
156_151,Cavity,13
156_152,Cavity,13
156_153,Cavity,13
156_154,Cavity,13
156_155,Cavity,7
156_156,Cavity,7
156_157,Cavity,7
156_158,Cavity,7
156_159,Cavity,7
156_160,Cavity,7
156_161,Cavity,7
156_162,Cavity,7
156_163,Cavity,7
156_164,Cavity,7
156_165,Cavity,7
156_166,Cavity,7
156_167,Cavity,7
156_168,Cavity,7
156_169,Cavity,7
156_170,Cavity,13
156_171,Brain,13
156_172,Brain,14
156_173,Brain,14
156_174,Brain,14
156_175,Brain,14
156_176,Brain,14
156_177,Brain,1
156_178,Brain,1
156_179,Brain,13
156_180,Connective tissue,13
156_181,Blood vessel,3
156_182,Blood vessel,19
156_183,Cavity,19
156_184,Cavity,19
156_185,Blood vessel,19
156_186,Blood vessel,3
156_187,Connective tissue,7
156_188,Connective tissue,7
156_189,Connective tissue,7
156_190,Connective tissue,7
156_191,Connective tissue,7
156_192,Connective tissue,7
156_193,Connective tissue,7
156_194,Connective tissue,7
156_195,Connective tissue,7
156_196,Connective tissue,7
156_197,Connective tissue,7
156_198,Connective tissue,7
156_199,Inner ear,7
156_200,Connective tissue,7
156_201,Connective tissue,7
156_202,Connective tissue,7
156_203,Connective tissue,7
156_204,Connective tissue,7
156_205,Connective tissue,7
156_206,Connective tissue,7
156_207,Connective tissue,7
156_208,Connective tissue,7
156_209,Connective tissue,7
156_210,Connective tissue,7
156_211,Blood vessel,7
156_212,Blood vessel,3
156_213,Blood vessel,19
156_214,Blood vessel,19
156_215,Blood vessel,19
156_216,Blood vessel,19
156_217,Blood vessel,3
156_218,Connective tissue,7
156_219,Connective tissue,7
156_220,Connective tissue,7
156_221,Connective tissue,7
156_222,Connective tissue,7
156_223,Connective tissue,7
156_224,Connective tissue,7
156_225,Connective tissue,7
156_226,Connective tissue,7
156_227,Connective tissue,7
156_228,Connective tissue,7
156_229,Connective tissue,4
156_230,Dermomyotome,17
156_231,Dermomyotome,17
156_232,Dermomyotome,17
156_233,Dermomyotome,17
156_234,Dermomyotome,17
156_235,Dermomyotome,17
156_236,Dermomyotome,17
156_237,Dermomyotome,17
156_238,Dermomyotome,17
156_239,Dermomyotome,17
156_240,Dermomyotome,17
156_241,Dermomyotome,4
156_242,Dermomyotome,4
156_243,Dermomyotome,4
156_244,Dermomyotome,17
156_245,Dermomyotome,17
156_246,Dermomyotome,17
156_247,Dermomyotome,17
156_248,Dermomyotome,4
156_249,Dermomyotome,4
156_250,Dermomyotome,4
156_251,Dermomyotome,4
156_252,Dermomyotome,4
156_253,Dermomyotome,17
156_254,Dermomyotome,17
156_255,Dermomyotome,17
156_256,Dermomyotome,17
156_257,Dermomyotome,4
156_258,Dermomyotome,4
156_259,Dermomyotome,6
156_260,Dermomyotome,6
156_261,Dermomyotome,4
156_262,Dermomyotome,4
156_263,Dermomyotome,4
156_264,Dermomyotome,4
156_265,Dermomyotome,4
156_266,Surface ectoderm,11
156_267,Surface ectoderm,11
156_268,Surface ectoderm,11
156_269,Surface ectoderm,11
156_270,Surface ectoderm,11
156_271,Surface ectoderm,11
156_272,Surface ectoderm,11
156_273,Surface ectoderm,11
156_274,Surface ectoderm,11
156_275,Surface ectoderm,11
156_276,Surface ectoderm,16
156_277,Cavity,16
156_278,Cavity,16
157_132,Cavity,16
157_133,Meninges,16
157_134,Meninges,13
157_135,Meninges,13
157_136,Cavity,13
157_137,Meninges,13
157_138,Meninges,13
157_139,Meninges,14
157_140,Brain,14
157_141,Brain,14
157_142,Brain,14
157_143,Brain,14
157_144,Brain,14
157_145,Brain,14
157_146,Brain,14
157_147,Cavity,13
157_148,Cavity,13
157_149,Cavity,13
157_150,Cavity,13
157_151,Cavity,13
157_152,Cavity,13
157_153,Cavity,13
157_154,Cavity,13
157_155,Cavity,7
157_156,Cavity,7
157_157,Cavity,7
157_158,Cavity,7
157_159,Cavity,7
157_160,Cavity,7
157_161,Cavity,7
157_162,Cavity,7
157_163,Cavity,7
157_164,Cavity,7
157_165,Cavity,7
157_166,Cavity,7
157_167,Cavity,7
157_168,Cavity,7
157_169,Cavity,7
157_170,Cavity,13
157_171,Brain,13
157_172,Brain,14
157_173,Brain,14
157_174,Brain,14
157_175,Brain,14
157_176,Brain,14
157_177,Brain,1
157_178,Brain,1
157_179,Brain,13
157_180,Connective tissue,13
157_181,Blood vessel,3
157_182,Blood vessel,19
157_183,Blood vessel,19
157_184,Cavity,19
157_185,Blood vessel,19
157_186,Blood vessel,3
157_187,Connective tissue,7
157_188,Connective tissue,7
157_189,Connective tissue,7
157_190,Connective tissue,7
157_191,Connective tissue,7
157_192,Connective tissue,7
157_193,Connective tissue,7
157_194,Connective tissue,7
157_195,Connective tissue,7
157_196,Connective tissue,7
157_197,Connective tissue,7
157_198,Inner ear,7
157_199,Inner ear,7
157_200,Inner ear,7
157_201,Connective tissue,7
157_202,Connective tissue,7
157_203,Connective tissue,7
157_204,Connective tissue,7
157_205,Connective tissue,7
157_206,Connective tissue,7
157_207,Connective tissue,7
157_208,Connective tissue,7
157_209,Connective tissue,7
157_210,Connective tissue,7
157_211,Connective tissue,7
157_212,Blood vessel,3
157_213,Blood vessel,3
157_214,Blood vessel,19
157_215,Cavity,19
157_216,Cavity,19
157_217,Blood vessel,19
157_218,Blood vessel,3
157_219,Connective tissue,7
157_220,Connective tissue,7
157_221,Connective tissue,7
157_222,Connective tissue,7
157_223,Connective tissue,7
157_224,Connective tissue,7
157_225,Connective tissue,7
157_226,Connective tissue,7
157_227,Connective tissue,7
157_228,Connective tissue,7
157_229,Connective tissue,7
157_230,Dermomyotome,4
157_231,Dermomyotome,17
157_232,Dermomyotome,17
157_233,Dermomyotome,17
157_234,Dermomyotome,17
157_235,Dermomyotome,17
157_236,Dermomyotome,17
157_237,Dermomyotome,17
157_238,Dermomyotome,17
157_239,Dermomyotome,17
157_240,Dermomyotome,17
157_241,Dermomyotome,4
157_242,Dermomyotome,4
157_243,Dermomyotome,4
157_244,Dermomyotome,17
157_245,Dermomyotome,17
157_246,Dermomyotome,17
157_247,Dermomyotome,4
157_248,Dermomyotome,4
157_249,Dermomyotome,4
157_250,Dermomyotome,4
157_251,Dermomyotome,4
157_252,Dermomyotome,4
157_253,Dermomyotome,17
157_254,Dermomyotome,17
157_255,Dermomyotome,17
157_256,Dermomyotome,17
157_257,Dermomyotome,17
157_258,Dermomyotome,4
157_259,Dermomyotome,4
157_260,Dermomyotome,4
157_261,Dermomyotome,4
157_262,Dermomyotome,4
157_263,Dermomyotome,17
157_264,Dermomyotome,17
157_265,Dermomyotome,17
157_266,Dermomyotome,4
157_267,Surface ectoderm,4
157_268,Surface ectoderm,11
157_269,Surface ectoderm,11
157_270,Surface ectoderm,11
157_271,Surface ectoderm,11
157_272,Surface ectoderm,11
157_273,Surface ectoderm,11
157_274,Surface ectoderm,11
157_275,Surface ectoderm,11
157_276,Surface ectoderm,11
157_277,Surface ectoderm,11
157_278,Surface ectoderm,11
157_279,Cavity,16
158_131,Cavity,16
158_132,Meninges,16
158_133,Meninges,16
158_134,Meninges,13
158_135,Cavity,13
158_136,Meninges,13
158_137,Meninges,13
158_138,Meninges,14
158_139,Meninges,14
158_140,Brain,14
158_141,Brain,14
158_142,Brain,14
158_143,Brain,14
158_144,Brain,14
158_145,Brain,14
158_146,Cavity,14
158_147,Cavity,13
158_148,Cavity,13
158_149,Cavity,13
158_150,Cavity,13
158_151,Cavity,13
158_152,Cavity,13
158_153,Cavity,13
158_154,Cavity,13
158_155,Cavity,7
158_156,Cavity,7
158_157,Cavity,7
158_158,Cavity,7
158_159,Cavity,7
158_160,Cavity,7
158_161,Cavity,7
158_162,Cavity,7
158_163,Cavity,7
158_164,Cavity,7
158_165,Cavity,7
158_166,Cavity,7
158_167,Cavity,7
158_168,Cavity,7
158_169,Cavity,7
158_170,Cavity,13
158_171,Brain,13
158_172,Brain,14
158_173,Brain,14
158_174,Brain,14
158_175,Brain,14
158_176,Brain,14
158_177,Brain,1
158_178,Brain,1
158_179,Brain,13
158_180,Connective tissue,13
158_181,Blood vessel,3
158_182,Blood vessel,19
158_183,Blood vessel,19
158_184,Cavity,19
158_185,Cavity,19
158_186,Blood vessel,3
158_187,Connective tissue,3
158_188,Connective tissue,7
158_189,Connective tissue,7
158_190,Connective tissue,7
158_191,Connective tissue,7
158_192,Connective tissue,7
158_193,Connective tissue,7
158_194,Connective tissue,7
158_195,Connective tissue,7
158_196,Inner ear,7
158_197,Inner ear,7
158_198,Inner ear,7
158_199,Inner ear,7
158_200,Inner ear,7
158_201,Inner ear,7
158_202,Connective tissue,7
158_203,Connective tissue,7
158_204,Connective tissue,7
158_205,Connective tissue,7
158_206,Connective tissue,7
158_207,Connective tissue,7
158_208,Connective tissue,7
158_209,Connective tissue,7
158_210,Connective tissue,7
158_211,Connective tissue,7
158_212,Blood vessel,7
158_213,Blood vessel,3
158_214,Blood vessel,19
158_215,Cavity,19
158_216,Cavity,19
158_217,Cavity,19
158_218,Blood vessel,19
158_219,Blood vessel,3
158_220,Connective tissue,7
158_221,Connective tissue,7
158_222,Connective tissue,7
158_223,Connective tissue,7
158_224,Connective tissue,7
158_225,Connective tissue,7
158_226,Connective tissue,7
158_227,Connective tissue,7
158_228,Connective tissue,7
158_229,Connective tissue,4
158_230,Connective tissue,4
158_231,Dermomyotome,17
158_232,Dermomyotome,17
158_233,Dermomyotome,17
158_234,Dermomyotome,17
158_235,Dermomyotome,17
158_236,Dermomyotome,17
158_237,Dermomyotome,17
158_238,Dermomyotome,17
158_239,Dermomyotome,17
158_240,Dermomyotome,17
158_241,Dermomyotome,4
158_242,Dermomyotome,4
158_243,Dermomyotome,4
158_244,Dermomyotome,17
158_245,Dermomyotome,17
158_246,Dermomyotome,17
158_247,Dermomyotome,4
158_248,Dermomyotome,4
158_249,Dermomyotome,4
158_250,Dermomyotome,4
158_251,Dermomyotome,4
158_252,Dermomyotome,4
158_253,Dermomyotome,4
158_254,Dermomyotome,17
158_255,Dermomyotome,17
158_256,Dermomyotome,17
158_257,Dermomyotome,4
158_258,Dermomyotome,4
158_259,Dermomyotome,4
158_260,Dermomyotome,4
158_261,Dermomyotome,4
158_262,Dermomyotome,4
158_263,Dermomyotome,17
158_264,Dermomyotome,17
158_265,Dermomyotome,17
158_266,Dermomyotome,17
158_267,Dermomyotome,4
158_268,Dermomyotome,4
158_269,Dermomyotome,6
158_270,Surface ectoderm,11
158_271,Surface ectoderm,11
158_272,Surface ectoderm,11
158_273,Surface ectoderm,11
158_274,Surface ectoderm,11
158_275,Surface ectoderm,11
158_276,Surface ectoderm,11
158_277,Surface ectoderm,11
158_278,Surface ectoderm,11
158_279,Surface ectoderm,11
158_280,Surface ectoderm,16
158_281,Cavity,16
158_282,Cavity,16
159_131,Cavity,16
159_132,Meninges,16
159_133,Meninges,13
159_134,Meninges,13
159_135,Cavity,13
159_136,Meninges,13
159_137,Meninges,13
159_138,Meninges,14
159_139,Brain,14
159_140,Brain,14
159_141,Brain,14
159_142,Brain,14
159_143,Brain,14
159_144,Brain,14
159_145,Brain,14
159_146,Cavity,14
159_147,Cavity,13
159_148,Cavity,13
159_149,Cavity,13
159_150,Cavity,13
159_151,Cavity,13
159_152,Cavity,13
159_153,Cavity,13
159_154,Cavity,13
159_155,Cavity,13
159_156,Cavity,7
159_157,Cavity,7
159_158,Cavity,7
159_159,Cavity,7
159_160,Cavity,7
159_161,Cavity,7
159_162,Cavity,7
159_163,Cavity,7
159_164,Cavity,7
159_165,Cavity,7
159_166,Cavity,7
159_167,Cavity,7
159_168,Cavity,7
159_169,Cavity,7
159_170,Cavity,13
159_171,Brain,13
159_172,Brain,14
159_173,Brain,14
159_174,Brain,14
159_175,Brain,14
159_176,Brain,13
159_177,Brain,1
159_178,Brain,1
159_179,Brain,13
159_180,Blood vessel,13
159_181,Connective tissue,3
159_182,Blood vessel,3
159_183,Blood vessel,19
159_184,Blood vessel,19
159_185,Blood vessel,19
159_186,Blood vessel,3
159_187,Connective tissue,7
159_188,Inner ear,7
159_189,Connective tissue,7
159_190,Connective tissue,7
159_191,Inner ear,7
159_192,Connective tissue,7
159_193,Connective tissue,7
159_194,Connective tissue,7
159_195,Inner ear,7
159_196,Inner ear,7
159_197,Inner ear,7
159_198,Inner ear,7
159_199,Inner ear,7
159_200,Inner ear,7
159_201,Inner ear,7
159_202,Inner ear,7
159_203,Inner ear,7
159_204,Inner ear,7
159_205,Connective tissue,7
159_206,Connective tissue,7
159_207,Connective tissue,7
159_208,Connective tissue,7
159_209,Connective tissue,7
159_210,Connective tissue,7
159_211,Connective tissue,7
159_212,Blood vessel,7
159_213,Blood vessel,7
159_214,Blood vessel,3
159_215,Cavity,19
159_216,Cavity,19
159_217,Cavity,19
159_218,Cavity,19
159_219,Blood vessel,19
159_220,Connective tissue,3
159_221,Blood vessel,7
159_222,Connective tissue,7
159_223,Connective tissue,7
159_224,Connective tissue,4
159_225,Dermomyotome,4
159_226,Dermomyotome,4
159_227,Connective tissue,4
159_228,Connective tissue,7
159_229,Connective tissue,7
159_230,Connective tissue,4
159_231,Dermomyotome,4
159_232,Dermomyotome,17
159_233,Dermomyotome,17
159_234,Dermomyotome,17
159_235,Dermomyotome,17
159_236,Dermomyotome,17
159_237,Dermomyotome,17
159_238,Dermomyotome,17
159_239,Dermomyotome,17
159_240,Dermomyotome,17
159_241,Dermomyotome,4
159_242,Dermomyotome,4
159_243,Dermomyotome,4
159_244,Dermomyotome,4
159_245,Dermomyotome,4
159_246,Dermomyotome,4
159_247,Dermomyotome,4
159_248,Dermomyotome,4
159_249,Dermomyotome,4
159_250,Dermomyotome,4
159_251,Dermomyotome,4
159_252,Dermomyotome,4
159_253,Dermomyotome,4
159_254,Dermomyotome,4
159_255,Dermomyotome,17
159_256,Dermomyotome,4
159_257,Dermomyotome,4
159_258,Dermomyotome,4
159_259,Dermomyotome,4
159_260,Dermomyotome,4
159_261,Dermomyotome,4
159_262,Dermomyotome,4
159_263,Dermomyotome,17
159_264,Dermomyotome,17
159_265,Dermomyotome,17
159_266,Dermomyotome,17
159_267,Dermomyotome,4
159_268,Dermomyotome,4
159_269,Dermomyotome,6
159_270,Dermomyotome,6
159_271,Surface ectoderm,11
159_272,Surface ectoderm,11
159_273,Surface ectoderm,11
159_274,Surface ectoderm,11
159_275,Surface ectoderm,11
159_276,Surface ectoderm,11
159_277,Surface ectoderm,11
159_278,Surface ectoderm,11
159_279,Surface ectoderm,11
159_280,Surface ectoderm,11
159_281,Surface ectoderm,11
159_282,Surface ectoderm,16
159_283,Cavity,16
160_130,Cavity,16
160_131,Meninges,16
160_132,Meninges,16
160_133,Meninges,13
160_134,Cavity,13
160_135,Cavity,13
160_136,Meninges,13
160_137,Meninges,13
160_138,Meninges,14
160_139,Brain,14
160_140,Brain,14
160_141,Brain,14
160_142,Brain,14
160_143,Brain,14
160_144,Brain,14
160_145,Brain,14
160_146,Cavity,14
160_147,Cavity,13
160_148,Cavity,13
160_149,Cavity,13
160_150,Cavity,13
160_151,Cavity,13
160_152,Cavity,13
160_153,Cavity,13
160_154,Cavity,13
160_155,Cavity,13
160_156,Cavity,13
160_157,Cavity,7
160_158,Cavity,13
160_159,Cavity,13
160_160,Cavity,7
160_161,Cavity,7
160_162,Cavity,7
160_163,Cavity,7
160_164,Cavity,7
160_165,Cavity,7
160_166,Cavity,7
160_167,Cavity,7
160_168,Cavity,7
160_169,Cavity,7
160_170,Cavity,13
160_171,Brain,13
160_172,Brain,14
160_173,Brain,14
160_174,Brain,14
160_175,Brain,14
160_176,Brain,13
160_177,Brain,1
160_178,Brain,1
160_179,Brain,1
160_180,Brain,13
160_181,Connective tissue,13
160_182,Connective tissue,3
160_183,Blood vessel,3
160_184,Blood vessel,3
160_185,Blood vessel,3
160_186,Connective tissue,3
160_187,Inner ear,2
160_188,Inner ear,2
160_189,Inner ear,2
160_190,Inner ear,7
160_191,Inner ear,7
160_192,Connective tissue,7
160_193,Connective tissue,7
160_194,Inner ear,7
160_195,Inner ear,7
160_196,Inner ear,7
160_197,Inner ear,7
160_198,Inner ear,7
160_199,Inner ear,7
160_200,Inner ear,7
160_201,Inner ear,7
160_202,Inner ear,7
160_203,Inner ear,7
160_204,Inner ear,7
160_205,Inner ear,7
160_206,Connective tissue,7
160_207,Connective tissue,7
160_208,Connective tissue,7
160_209,Connective tissue,7
160_210,Connective tissue,7
160_211,Connective tissue,7
160_212,Connective tissue,7
160_213,Blood vessel,7
160_214,Blood vessel,7
160_215,Blood vessel,3
160_216,Blood vessel,19
160_217,Cavity,19
160_218,Cavity,19
160_219,Cavity,19
160_220,Blood vessel,19
160_221,Blood vessel,19
160_222,Blood vessel,3
160_223,Connective tissue,7
160_224,Dermomyotome,4
160_225,Dermomyotome,17
160_226,Dermomyotome,4
160_227,Dermomyotome,4
160_228,Connective tissue,7
160_229,Dermomyotome,7
160_230,Dermomyotome,4
160_231,Dermomyotome,4
160_232,Dermomyotome,4
160_233,Dermomyotome,4
160_234,Dermomyotome,4
160_235,Dermomyotome,17
160_236,Dermomyotome,17
160_237,Dermomyotome,17
160_238,Dermomyotome,17
160_239,Dermomyotome,17
160_240,Dermomyotome,4
160_241,Dermomyotome,4
160_242,Dermomyotome,4
160_243,Dermomyotome,4
160_244,Dermomyotome,4
160_245,Dermomyotome,4
160_246,Dermomyotome,4
160_247,Dermomyotome,4
160_248,Dermomyotome,4
160_249,Dermomyotome,4
160_250,Dermomyotome,4
160_251,Dermomyotome,4
160_252,Dermomyotome,4
160_253,Dermomyotome,4
160_254,Dermomyotome,4
160_255,Dermomyotome,4
160_256,Dermomyotome,4
160_257,Dermomyotome,4
160_258,Dermomyotome,4
160_259,Connective tissue,4
160_260,Dermomyotome,4
160_261,Dermomyotome,4
160_262,Dermomyotome,17
160_263,Dermomyotome,17
160_264,Dermomyotome,17
160_265,Dermomyotome,17
160_266,Dermomyotome,17
160_267,Dermomyotome,4
160_268,Dermomyotome,4
160_269,Dermomyotome,4
160_270,Dermomyotome,4
160_271,Dermomyotome,4
160_272,Dermomyotome,4
160_273,Dermomyotome,4
160_274,Surface ectoderm,4
160_275,Surface ectoderm,11
160_276,Surface ectoderm,11
160_277,Surface ectoderm,11
160_278,Surface ectoderm,11
160_279,Surface ectoderm,11
160_280,Surface ectoderm,11
160_281,Surface ectoderm,11
160_282,Surface ectoderm,11
160_283,Surface ectoderm,11
160_284,Surface ectoderm,11
160_285,Cavity,16
161_130,Cavity,16
161_131,Meninges,16
161_132,Meninges,13
161_133,Meninges,13
161_134,Meninges,13
161_135,Meninges,13
161_136,Meninges,13
161_137,Meninges,13
161_138,Brain,14
161_139,Brain,14
161_140,Brain,14
161_141,Brain,14
161_142,Brain,14
161_143,Brain,14
161_144,Brain,14
161_145,Brain,14
161_146,Brain,14
161_147,Cavity,13
161_148,Cavity,13
161_149,Cavity,13
161_150,Cavity,13
161_151,Cavity,13
161_152,Cavity,13
161_153,Cavity,13
161_154,Cavity,13
161_155,Cavity,13
161_156,Cavity,13
161_157,Cavity,13
161_158,Cavity,13
161_159,Cavity,13
161_160,Cavity,13
161_161,Cavity,7
161_162,Cavity,7
161_163,Cavity,7
161_164,Cavity,7
161_165,Cavity,7
161_166,Cavity,7
161_167,Cavity,7
161_168,Cavity,7
161_169,Cavity,7
161_170,Cavity,13
161_171,Brain,14
161_172,Brain,14
161_173,Brain,14
161_174,Brain,14
161_175,Brain,14
161_176,Brain,1
161_177,Brain,1
161_178,Brain,1
161_179,Brain,1
161_180,Brain,13
161_181,Brain,13
161_182,Connective tissue,13
161_183,Connective tissue,3
161_184,Connective tissue,3
161_185,Connective tissue,3
161_186,Inner ear,2
161_187,Inner ear,2
161_188,Inner ear,2
161_189,Inner ear,2
161_190,Inner ear,2
161_191,Inner ear,2
161_192,Connective tissue,7
161_193,Connective tissue,7
161_194,Inner ear,7
161_195,Inner ear,7
161_196,Inner ear,7
161_197,Inner ear,2
161_198,Inner ear,2
161_199,Inner ear,2
161_200,Inner ear,2
161_201,Inner ear,2
161_202,Inner ear,2
161_203,Inner ear,7
161_204,Inner ear,7
161_205,Inner ear,7
161_206,Connective tissue,7
161_207,Connective tissue,7
161_208,Connective tissue,7
161_209,Connective tissue,7
161_210,Connective tissue,7
161_211,Connective tissue,7
161_212,Connective tissue,7
161_213,Dorsal root ganglion,7
161_214,Connective tissue,7
161_215,Connective tissue,7
161_216,Blood vessel,3
161_217,Blood vessel,19
161_218,Cavity,19
161_219,Cavity,19
161_220,Cavity,19
161_221,Cavity,19
161_222,Blood vessel,19
161_223,Connective tissue,3
161_224,Dermomyotome,4
161_225,Dermomyotome,17
161_226,Dermomyotome,4
161_227,Connective tissue,7
161_228,Connective tissue,7
161_229,Connective tissue,7
161_230,Dermomyotome,4
161_231,Dermomyotome,4
161_232,Dermomyotome,4
161_233,Dermomyotome,4
161_234,Dermomyotome,4
161_235,Dermomyotome,4
161_236,Dermomyotome,17
161_237,Dermomyotome,17
161_238,Dermomyotome,17
161_239,Dermomyotome,17
161_240,Dermomyotome,4
161_241,Dermomyotome,4
161_242,Dermomyotome,4
161_243,Dermomyotome,4
161_244,Dermomyotome,4
161_245,Dermomyotome,4
161_246,Dermomyotome,4
161_247,Dermomyotome,4
161_248,Dermomyotome,4
161_249,Dermomyotome,4
161_250,Dermomyotome,4
161_251,Dermomyotome,4
161_252,Dermomyotome,4
161_253,Dermomyotome,4
161_254,Dermomyotome,4
161_255,Dermomyotome,17
161_256,Dermomyotome,4
161_257,Dermomyotome,4
161_258,Dermomyotome,4
161_259,Dermomyotome,4
161_260,Dermomyotome,4
161_261,Dermomyotome,4
161_262,Dermomyotome,17
161_263,Dermomyotome,17
161_264,Dermomyotome,17
161_265,Dermomyotome,17
161_266,Dermomyotome,17
161_267,Dermomyotome,4
161_268,Dermomyotome,4
161_269,Dermomyotome,4
161_270,Dermomyotome,4
161_271,Dermomyotome,4
161_272,Dermomyotome,4
161_273,Dermomyotome,17
161_274,Dermomyotome,17
161_275,Dermomyotome,17
161_276,Dermomyotome,4
161_277,Surface ectoderm,11
161_278,Surface ectoderm,11
161_279,Surface ectoderm,11
161_280,Surface ectoderm,11
161_281,Surface ectoderm,11
161_282,Surface ectoderm,11
161_283,Surface ectoderm,11
161_284,Surface ectoderm,11
161_285,Surface ectoderm,11
161_286,Cavity,16
162_128,Cavity,16
162_129,Cavity,16
162_130,Meninges,16
162_131,Meninges,16
162_132,Meninges,13
162_133,Cavity,13
162_134,Meninges,13
162_135,Meninges,13
162_136,Meninges,13
162_137,Brain,14
162_138,Brain,14
162_139,Brain,14
162_140,Brain,14
162_141,Brain,14
162_142,Brain,14
162_143,Brain,14
162_144,Brain,14
162_145,Brain,14
162_146,Brain,14
162_147,Cavity,13
162_148,Cavity,13
162_149,Cavity,13
162_150,Cavity,13
162_151,Cavity,13
162_152,Cavity,13
162_153,Cavity,13
162_154,Cavity,13
162_155,Cavity,13
162_156,Cavity,13
162_157,Cavity,13
162_158,Cavity,13
162_159,Cavity,13
162_160,Cavity,13
162_161,Cavity,7
162_162,Cavity,7
162_163,Cavity,7
162_164,Cavity,7
162_165,Cavity,7
162_166,Cavity,7
162_167,Cavity,7
162_168,Cavity,7
162_169,Cavity,13
162_170,Brain,13
162_171,Brain,14
162_172,Brain,14
162_173,Brain,14
162_174,Brain,14
162_175,Brain,14
162_176,Brain,1
162_177,Brain,1
162_178,Brain,1
162_179,Brain,1
162_180,Brain,1
162_181,Brain,13
162_182,Connective tissue,13
162_183,Connective tissue,3
162_184,Connective tissue,3
162_185,Connective tissue,3
162_186,Inner ear,2
162_187,Inner ear,2
162_188,Inner ear,2
162_189,Inner ear,2
162_190,Inner ear,2
162_191,Inner ear,2
162_192,Inner ear,2
162_193,Inner ear,2
162_194,Inner ear,2
162_195,Inner ear,2
162_196,Inner ear,2
162_197,Inner ear,2
162_198,Inner ear,2
162_199,Inner ear,2
162_200,Inner ear,2
162_201,Inner ear,2
162_202,Inner ear,2
162_203,Inner ear,7
162_204,Inner ear,7
162_205,Inner ear,7
162_206,Inner ear,7
162_207,Connective tissue,7
162_208,Connective tissue,7
162_209,Connective tissue,7
162_210,Connective tissue,7
162_211,Connective tissue,7
162_212,Connective tissue,7
162_213,Dorsal root ganglion,7
162_214,Connective tissue,7
162_215,Connective tissue,7
162_216,Connective tissue,7
162_217,Blood vessel,3
162_218,Blood vessel,19
162_219,Cavity,19
162_220,Cavity,19
162_221,Cavity,19
162_222,Cavity,19
162_223,Blood vessel,19
162_224,Blood vessel,3
162_225,Blood vessel,3
162_226,Connective tissue,3
162_227,Connective tissue,7
162_228,Connective tissue,7
162_229,Dermomyotome,4
162_230,Dermomyotome,4
162_231,Dermomyotome,4
162_232,Dermomyotome,4
162_233,Connective tissue,4
162_234,Dermomyotome,4
162_235,Dermomyotome,4
162_236,Dermomyotome,17
162_237,Dermomyotome,17
162_238,Dermomyotome,17
162_239,Dermomyotome,17
162_240,Dermomyotome,4
162_241,Dermomyotome,4
162_242,Dermomyotome,4
162_243,Dermomyotome,4
162_244,Dermomyotome,4
162_245,Dermomyotome,4
162_246,Dermomyotome,4
162_247,Dermomyotome,4
162_248,Connective tissue,4
162_249,Dermomyotome,4
162_250,Dermomyotome,4
162_251,Dermomyotome,4
162_252,Dermomyotome,4
162_253,Dermomyotome,4
162_254,Dermomyotome,4
162_255,Dermomyotome,4
162_256,Dermomyotome,4
162_257,Dermomyotome,4
162_258,Dermomyotome,4
162_259,Dermomyotome,4
162_260,Dermomyotome,4
162_261,Dermomyotome,17
162_262,Dermomyotome,17
162_263,Dermomyotome,17
162_264,Dermomyotome,17
162_265,Dermomyotome,17
162_266,Dermomyotome,4
162_267,Dermomyotome,4
162_268,Dermomyotome,4
162_269,Dermomyotome,4
162_270,Dermomyotome,4
162_271,Dermomyotome,17
162_272,Dermomyotome,17
162_273,Dermomyotome,17
162_274,Dermomyotome,17
162_275,Dermomyotome,17
162_276,Dermomyotome,17
162_277,Dermomyotome,4
162_278,Surface ectoderm,11
162_279,Surface ectoderm,11
162_280,Surface ectoderm,11
162_281,Surface ectoderm,11
162_282,Surface ectoderm,11
162_283,Surface ectoderm,11
162_284,Surface ectoderm,11
162_285,Surface ectoderm,11
162_286,Surface ectoderm,11
162_287,Cavity,16
162_288,Cavity,16
163_126,Cavity,16
163_127,Cavity,16
163_128,Meninges,16
163_129,Meninges,16
163_130,Meninges,16
163_131,Meninges,13
163_132,Meninges,13
163_133,Meninges,13
163_134,Meninges,13
163_135,Meninges,13
163_136,Brain,13
163_137,Brain,14
163_138,Brain,14
163_139,Brain,14
163_140,Brain,14
163_141,Brain,14
163_142,Brain,14
163_143,Brain,14
163_144,Brain,14
163_145,Brain,14
163_146,Brain,14
163_147,Cavity,13
163_148,Cavity,13
163_149,Cavity,13
163_150,Cavity,13
163_151,Cavity,13
163_152,Cavity,13
163_153,Cavity,13
163_154,Cavity,13
163_155,Cavity,13
163_156,Cavity,13
163_157,Cavity,13
163_158,Cavity,13
163_159,Cavity,13
163_160,Cavity,13
163_161,Cavity,13
163_162,Cavity,7
163_163,Cavity,7
163_164,Cavity,7
163_165,Cavity,7
163_166,Cavity,7
163_167,Cavity,7
163_168,Cavity,7
163_169,Cavity,13
163_170,Brain,13
163_171,Brain,14
163_172,Brain,14
163_173,Brain,14
163_174,Brain,14
163_175,Brain,14
163_176,Brain,14
163_177,Brain,1
163_178,Brain,1
163_179,Brain,1
163_180,Brain,1
163_181,Brain,13
163_182,Connective tissue,13
163_183,Connective tissue,7
163_184,Connective tissue,7
163_185,Connective tissue,7
163_186,Inner ear,2
163_187,Inner ear,2
163_188,Inner ear,2
163_189,Inner ear,2
163_190,Inner ear,2
163_191,Inner ear,2
163_192,Inner ear,2
163_193,Inner ear,2
163_194,Inner ear,2
163_195,Inner ear,2
163_196,Inner ear,2
163_197,Inner ear,2
163_198,Inner ear,2
163_199,Inner ear,2
163_200,Inner ear,2
163_201,Inner ear,2
163_202,Inner ear,2
163_203,Inner ear,7
163_204,Inner ear,7
163_205,Inner ear,7
163_206,Inner ear,7
163_207,Inner ear,7
163_208,Connective tissue,7
163_209,Connective tissue,7
163_210,Connective tissue,7
163_211,Connective tissue,7
163_212,Connective tissue,7
163_213,Dorsal root ganglion,7
163_214,Dorsal root ganglion,7
163_215,Dorsal root ganglion,7
163_216,Dorsal root ganglion,7
163_217,Dorsal root ganglion,3
163_218,Blood vessel,3
163_219,Blood vessel,19
163_220,Cavity,19
163_221,Cavity,19
163_222,Cavity,19
163_223,Cavity,19
163_224,Cavity,19
163_225,Blood vessel,19
163_226,Blood vessel,19
163_227,Blood vessel,3
163_228,Connective tissue,3
163_229,Dermomyotome,4
163_230,Dermomyotome,4
163_231,Dermomyotome,4
163_232,Dermomyotome,4
163_233,Dermomyotome,4
163_234,Dermomyotome,4
163_235,Dermomyotome,4
163_236,Dermomyotome,17
163_237,Dermomyotome,17
163_238,Dermomyotome,17
163_239,Dermomyotome,4
163_240,Dermomyotome,4
163_241,Dermomyotome,4
163_242,Dermomyotome,4
163_243,Dermomyotome,4
163_244,Dermomyotome,4
163_245,Dermomyotome,4
163_246,Dermomyotome,4
163_247,Dermomyotome,4
163_248,Dermomyotome,4
163_249,Dermomyotome,4
163_250,Dermomyotome,4
163_251,Dermomyotome,4
163_252,Dermomyotome,4
163_253,Dermomyotome,4
163_254,Dermomyotome,4
163_255,Dermomyotome,4
163_256,Dermomyotome,4
163_257,Dermomyotome,4
163_258,Dermomyotome,4
163_259,Dermomyotome,4
163_260,Dermomyotome,4
163_261,Dermomyotome,4
163_262,Dermomyotome,17
163_263,Dermomyotome,17
163_264,Dermomyotome,17
163_265,Dermomyotome,4
163_266,Dermomyotome,4
163_267,Dermomyotome,4
163_268,Dermomyotome,4
163_269,Dermomyotome,4
163_270,Dermomyotome,17
163_271,Dermomyotome,17
163_272,Dermomyotome,17
163_273,Dermomyotome,17
163_274,Dermomyotome,17
163_275,Dermomyotome,17
163_276,Dermomyotome,4
163_277,Dermomyotome,4
163_278,Dermomyotome,11
163_279,Dermomyotome,11
163_280,Surface ectoderm,11
163_281,Surface ectoderm,11
163_282,Surface ectoderm,11
163_283,Surface ectoderm,11
163_284,Surface ectoderm,11
163_285,Surface ectoderm,11
163_286,Surface ectoderm,11
163_287,Surface ectoderm,11
163_288,Surface ectoderm,11
163_289,Cavity,16
164_124,Cavity,16
164_125,Cavity,16
164_126,Meninges,16
164_127,Meninges,16
164_128,Meninges,16
164_129,Meninges,13
164_130,Meninges,7
164_131,Meninges,7
164_132,Meninges,7
164_133,Meninges,13
164_134,Meninges,13
164_135,Brain,1
164_136,Brain,1
164_137,Brain,1
164_138,Brain,14
164_139,Brain,14
164_140,Brain,14
164_141,Brain,14
164_142,Brain,14
164_143,Brain,14
164_144,Brain,14
164_145,Brain,14
164_146,Brain,14
164_147,Cavity,13
164_148,Cavity,13
164_149,Cavity,13
164_150,Cavity,13
164_151,Cavity,13
164_152,Cavity,13
164_153,Cavity,13
164_154,Cavity,13
164_155,Cavity,13
164_156,Cavity,13
164_157,Cavity,13
164_158,Cavity,13
164_159,Cavity,13
164_160,Cavity,13
164_161,Cavity,7
164_162,Cavity,7
164_163,Cavity,7
164_164,Cavity,7
164_165,Cavity,7
164_166,Cavity,7
164_167,Cavity,7
164_168,Cavity,7
164_169,Cavity,13
164_170,Cavity,13
164_171,Brain,14
164_172,Brain,14
164_173,Brain,14
164_174,Brain,14
164_175,Brain,14
164_176,Brain,14
164_177,Brain,1
164_178,Brain,1
164_179,Brain,1
164_180,Brain,1
164_181,Brain,13
164_182,Brain,13
164_183,Connective tissue,7
164_184,Connective tissue,7
164_185,Connective tissue,7
164_186,Inner ear,2
164_187,Inner ear,2
164_188,Inner ear,2
164_189,Inner ear,2
164_190,Inner ear,2
164_191,Inner ear,2
164_192,Inner ear,2
164_193,Inner ear,2
164_194,Inner ear,2
164_195,Inner ear,2
164_196,Inner ear,2
164_197,Inner ear,2
164_198,Inner ear,2
164_199,Inner ear,2
164_200,Inner ear,2
164_201,Inner ear,2
164_202,Inner ear,2
164_203,Inner ear,7
164_204,Inner ear,7
164_205,Inner ear,7
164_206,Inner ear,7
164_207,Inner ear,7
164_208,Connective tissue,7
164_209,Blood vessel,7
164_210,Connective tissue,7
164_211,Connective tissue,7
164_212,Connective tissue,7
164_213,Connective tissue,7
164_214,Connective tissue,7
164_215,Dorsal root ganglion,7
164_216,Dorsal root ganglion,7
164_217,Dorsal root ganglion,7
164_218,Dorsal root ganglion,3
164_219,Dorsal root ganglion,3
164_220,Blood vessel,3
164_221,Cavity,19
164_222,Cavity,19
164_223,Cavity,19
164_224,Cavity,19
164_225,Cavity,19
164_226,Cavity,19
164_227,Blood vessel,19
164_228,Blood vessel,19
164_229,Connective tissue,3
164_230,Connective tissue,3
164_231,Connective tissue,4
164_232,Dermomyotome,4
164_233,Dermomyotome,4
164_234,Dermomyotome,4
164_235,Dermomyotome,4
164_236,Dermomyotome,4
164_237,Dermomyotome,4
164_238,Dermomyotome,4
164_239,Dermomyotome,4
164_240,Dermomyotome,4
164_241,Dermomyotome,4
164_242,Dermomyotome,4
164_243,Dermomyotome,4
164_244,Dermomyotome,4
164_245,Dermomyotome,4
164_246,Dermomyotome,4
164_247,Dermomyotome,4
164_248,Dermomyotome,4
164_249,Dermomyotome,4
164_250,Dermomyotome,4
164_251,Dermomyotome,4
164_252,Dermomyotome,4
164_253,Dermomyotome,4
164_254,Dermomyotome,4
164_255,Dermomyotome,4
164_256,Dermomyotome,4
164_257,Dermomyotome,4
164_258,Dermomyotome,4
164_259,Dermomyotome,4
164_260,Dermomyotome,4
164_261,Dermomyotome,4
164_262,Dermomyotome,17
164_263,Dermomyotome,17
164_264,Dermomyotome,17
164_265,Dermomyotome,4
164_266,Dermomyotome,4
164_267,Dermomyotome,4
164_268,Connective tissue,4
164_269,Dermomyotome,4
164_270,Dermomyotome,17
164_271,Dermomyotome,17
164_272,Dermomyotome,17
164_273,Dermomyotome,17
164_274,Dermomyotome,17
164_275,Dermomyotome,17
164_276,Dermomyotome,17
164_277,Dermomyotome,4
164_278,Dermomyotome,4
164_279,Dermomyotome,11
164_280,Dermomyotome,11
164_281,Surface ectoderm,11
164_282,Surface ectoderm,11
164_283,Surface ectoderm,11
164_284,Surface ectoderm,11
164_285,Surface ectoderm,11
164_286,Surface ectoderm,11
164_287,Surface ectoderm,11
164_288,Surface ectoderm,11
164_289,Surface ectoderm,16
164_290,Cavity,16
164_291,Cavity,16
165_123,Cavity,16
165_124,Meninges,16
165_125,Meninges,16
165_126,Meninges,16
165_127,Meninges,13
165_128,Meninges,13
165_129,Meninges,7
165_130,Meninges,7
165_131,Meninges,7
165_132,Meninges,7
165_133,Meninges,13
165_134,Meninges,13
165_135,Brain,1
165_136,Brain,1
165_137,Brain,1
165_138,Brain,14
165_139,Brain,14
165_140,Brain,14
165_141,Brain,14
165_142,Brain,14
165_143,Brain,14
165_144,Brain,14
165_145,Brain,14
165_146,Brain,14
165_147,Cavity,13
165_148,Cavity,13
165_149,Cavity,13
165_150,Cavity,13
165_151,Cavity,13
165_152,Cavity,13
165_153,Cavity,13
165_154,Cavity,13
165_155,Cavity,13
165_156,Cavity,13
165_157,Cavity,13
165_158,Cavity,13
165_159,Cavity,13
165_160,Cavity,13
165_161,Cavity,7
165_162,Cavity,7
165_163,Cavity,13
165_164,Cavity,13
165_165,Cavity,13
165_166,Cavity,7
165_167,Cavity,7
165_168,Cavity,7
165_169,Cavity,13
165_170,Cavity,13
165_171,Brain,14
165_172,Brain,14
165_173,Brain,14
165_174,Brain,14
165_175,Brain,14
165_176,Brain,14
165_177,Brain,1
165_178,Brain,1
165_179,Brain,1
165_180,Brain,1
165_181,Brain,1
165_182,Brain,13
165_183,Connective tissue,13
165_184,Connective tissue,7
165_185,Connective tissue,7
165_186,Inner ear,7
165_187,Inner ear,2
165_188,Inner ear,2
165_189,Inner ear,2
165_190,Inner ear,2
165_191,Inner ear,2
165_192,Inner ear,2
165_193,Inner ear,2
165_194,Inner ear,2
165_195,Inner ear,2
165_196,Inner ear,2
165_197,Inner ear,2
165_198,Inner ear,2
165_199,Inner ear,2
165_200,Inner ear,2
165_201,Inner ear,2
165_202,Inner ear,2
165_203,Inner ear,2
165_204,Inner ear,7
165_205,Inner ear,7
165_206,Inner ear,7
165_207,Connective tissue,7
165_208,Dorsal root ganglion,7
165_209,Connective tissue,7
165_210,Connective tissue,7
165_211,Connective tissue,7
165_212,Connective tissue,7
165_213,Connective tissue,7
165_214,Connective tissue,7
165_215,Dorsal root ganglion,7
165_216,Dorsal root ganglion,7
165_217,Dorsal root ganglion,7
165_218,Dorsal root ganglion,7
165_219,Dorsal root ganglion,7
165_220,Dorsal root ganglion,3
165_221,Dorsal root ganglion,3
165_222,Blood vessel,19
165_223,Blood vessel,19
165_224,Cavity,19
165_225,Cavity,19
165_226,Cavity,19
165_227,Cavity,19
165_228,Cavity,19
165_229,Blood vessel,19
165_230,Blood vessel,3
165_231,Connective tissue,3
165_232,Dermomyotome,4
165_233,Dermomyotome,4
165_234,Dermomyotome,4
165_235,Dermomyotome,4
165_236,Dermomyotome,4
165_237,Dermomyotome,4
165_238,Dermomyotome,4
165_239,Dermomyotome,4
165_240,Dermomyotome,4
165_241,Dermomyotome,4
165_242,Dermomyotome,4
165_243,Dermomyotome,4
165_244,Dermomyotome,4
165_245,Dermomyotome,4
165_246,Dermomyotome,4
165_247,Dermomyotome,4
165_248,Dermomyotome,4
165_249,Dermomyotome,4
165_250,Dermomyotome,4
165_251,Dermomyotome,4
165_252,Dermomyotome,4
165_253,Dermomyotome,4
165_254,Dermomyotome,4
165_255,Dermomyotome,4
165_256,Dermomyotome,4
165_257,Dermomyotome,4
165_258,Dermomyotome,4
165_259,Dermomyotome,4
165_260,Dermomyotome,4
165_261,Dermomyotome,4
165_262,Dermomyotome,4
165_263,Dermomyotome,4
165_264,Dermomyotome,4
165_265,Dermomyotome,4
165_266,Dermomyotome,4
165_267,Dermomyotome,4
165_268,Dermomyotome,4
165_269,Dermomyotome,4
165_270,Dermomyotome,17
165_271,Dermomyotome,17
165_272,Dermomyotome,17
165_273,Dermomyotome,17
165_274,Dermomyotome,17
165_275,Dermomyotome,17
165_276,Dermomyotome,4
165_277,Dermomyotome,4
165_278,Dermomyotome,4
165_279,Dermomyotome,4
165_280,Dermomyotome,4
165_281,Dermomyotome,4
165_282,Dermomyotome,4
165_283,Dermomyotome,4
165_284,Surface ectoderm,11
165_285,Surface ectoderm,11
165_286,Surface ectoderm,11
165_287,Surface ectoderm,11
165_288,Surface ectoderm,11
165_289,Surface ectoderm,11
165_290,Surface ectoderm,11
165_291,Surface ectoderm,16
165_292,Cavity,16
166_121,Cavity,16
166_122,Cavity,16
166_123,Meninges,16
166_124,Meninges,16
166_125,Meninges,16
166_126,Meninges,13
166_127,Meninges,7
166_128,Meninges,7
166_129,Meninges,7
166_130,Meninges,7
166_131,Meninges,7
166_132,Jaw and tooth,8
166_133,Meninges,13
166_134,Meninges,1
166_135,Brain,1
166_136,Brain,1
166_137,Brain,1
166_138,Brain,1
166_139,Brain,14
166_140,Brain,14
166_141,Brain,14
166_142,Brain,14
166_143,Brain,14
166_144,Brain,14
166_145,Brain,14
166_146,Brain,14
166_147,Cavity,13
166_148,Cavity,13
166_149,Cavity,13
166_150,Cavity,13
166_151,Cavity,13
166_152,Cavity,13
166_153,Cavity,13
166_154,Cavity,13
166_155,Cavity,13
166_156,Cavity,13
166_157,Cavity,13
166_158,Cavity,13
166_159,Cavity,13
166_160,Cavity,13
166_161,Cavity,7
166_162,Cavity,13
166_163,Cavity,13
166_164,Cavity,13
166_165,Cavity,13
166_166,Cavity,7
166_167,Cavity,13
166_168,Cavity,7
166_169,Cavity,13
166_170,Cavity,13
166_171,Brain,14
166_172,Brain,14
166_173,Brain,14
166_174,Brain,14
166_175,Brain,14
166_176,Brain,14
166_177,Brain,1
166_178,Brain,1
166_179,Brain,1
166_180,Brain,1
166_181,Brain,1
166_182,Brain,13
166_183,Brain,13
166_184,Connective tissue,7
166_185,Connective tissue,7
166_186,Connective tissue,7
166_187,Inner ear,2
166_188,Inner ear,2
166_189,Inner ear,2
166_190,Inner ear,2
166_191,Inner ear,2
166_192,Inner ear,2
166_193,Inner ear,2
166_194,Inner ear,2
166_195,Inner ear,2
166_196,Inner ear,2
166_197,Inner ear,2
166_198,Inner ear,2
166_199,Inner ear,2
166_200,Inner ear,2
166_201,Inner ear,2
166_202,Inner ear,2
166_203,Inner ear,2
166_204,Inner ear,2
166_205,Inner ear,7
166_206,Inner ear,7
166_207,Connective tissue,7
166_208,Dorsal root ganglion,7
166_209,Dorsal root ganglion,7
166_210,Connective tissue,7
166_211,Connective tissue,7
166_212,Connective tissue,7
166_213,Connective tissue,7
166_214,Connective tissue,7
166_215,Connective tissue,7
166_216,Dorsal root ganglion,7
166_217,Dorsal root ganglion,7
166_218,Dorsal root ganglion,15
166_219,Dorsal root ganglion,15
166_220,Dorsal root ganglion,7
166_221,Dorsal root ganglion,3
166_222,Blood vessel,3
166_223,Blood vessel,3
166_224,Blood vessel,19
166_225,Blood vessel,19
166_226,Cavity,19
166_227,Cavity,19
166_228,Cavity,19
166_229,Blood vessel,19
166_230,Blood vessel,19
166_231,Blood vessel,3
166_232,Connective tissue,3
166_233,Dermomyotome,4
166_234,Dermomyotome,4
166_235,Dermomyotome,4
166_236,Dermomyotome,4
166_237,Dermomyotome,4
166_238,Dermomyotome,4
166_239,Dermomyotome,4
166_240,Dermomyotome,4
166_241,Dermomyotome,4
166_242,Dermomyotome,4
166_243,Dermomyotome,4
166_244,Dermomyotome,4
166_245,Dermomyotome,4
166_246,Dermomyotome,4
166_247,Dermomyotome,4
166_248,Dermomyotome,4
166_249,Dermomyotome,4
166_250,Dermomyotome,4
166_251,Dermomyotome,4
166_252,Dermomyotome,4
166_253,Dermomyotome,4
166_254,Dermomyotome,4
166_255,Dermomyotome,4
166_256,Dermomyotome,4
166_257,Dermomyotome,4
166_258,Dermomyotome,4
166_259,Dermomyotome,4
166_260,Dermomyotome,4
166_261,Dermomyotome,4
166_262,Dermomyotome,4
166_263,Dermomyotome,4
166_264,Dermomyotome,4
166_265,Dermomyotome,4
166_266,Dermomyotome,4
166_267,Dermomyotome,4
166_268,Dermomyotome,4
166_269,Dermomyotome,4
166_270,Dermomyotome,17
166_271,Dermomyotome,17
166_272,Dermomyotome,17
166_273,Dermomyotome,17
166_274,Dermomyotome,17
166_275,Dermomyotome,17
166_276,Dermomyotome,4
166_277,Dermomyotome,4
166_278,Dermomyotome,4
166_279,Dermomyotome,4
166_280,Dermomyotome,17
166_281,Dermomyotome,17
166_282,Dermomyotome,17
166_283,Dermomyotome,17
166_284,Dermomyotome,17
166_285,Surface ectoderm,4
166_286,Surface ectoderm,11
166_287,Surface ectoderm,11
166_288,Surface ectoderm,11
166_289,Surface ectoderm,11
166_290,Surface ectoderm,11
166_291,Surface ectoderm,11
166_292,Surface ectoderm,11
166_293,Cavity,16
166_294,Cavity,16
167_119,Cavity,16
167_120,Cavity,16
167_121,Meninges,16
167_122,Meninges,16
167_123,Meninges,16
167_124,Meninges,7
167_125,Meninges,7
167_126,Meninges,7
167_127,Meninges,7
167_128,Meninges,7
167_129,Meninges,7
167_130,Meninges,7
167_131,Jaw and tooth,7
167_132,Jaw and tooth,8
167_133,Head mesenchyme,13
167_134,Meninges,1
167_135,Brain,1
167_136,Brain,1
167_137,Brain,1
167_138,Brain,1
167_139,Brain,14
167_140,Brain,14
167_141,Brain,14
167_142,Brain,14
167_143,Brain,14
167_144,Brain,14
167_145,Brain,14
167_146,Brain,14
167_147,Cavity,13
167_148,Cavity,13
167_149,Cavity,13
167_150,Cavity,13
167_151,Cavity,13
167_152,Cavity,13
167_153,Cavity,13
167_154,Cavity,13
167_155,Cavity,13
167_156,Cavity,13
167_157,Cavity,13
167_158,Cavity,13
167_159,Cavity,13
167_160,Cavity,13
167_161,Cavity,13
167_162,Cavity,13
167_163,Cavity,13
167_164,Cavity,13
167_165,Cavity,13
167_166,Cavity,13
167_167,Cavity,13
167_168,Cavity,13
167_169,Cavity,13
167_170,Cavity,13
167_171,Brain,13
167_172,Brain,14
167_173,Brain,14
167_174,Brain,14
167_175,Brain,14
167_176,Brain,14
167_177,Brain,1
167_178,Brain,1
167_179,Brain,1
167_180,Brain,1
167_181,Brain,1
167_182,Brain,1
167_183,Brain,13
167_184,Connective tissue,7
167_185,Connective tissue,7
167_186,Inner ear,7
167_187,Inner ear,7
167_188,Inner ear,2
167_189,Inner ear,2
167_190,Inner ear,2
167_191,Inner ear,2
167_192,Inner ear,2
167_193,Inner ear,2
167_194,Dorsal root ganglion,2
167_195,Dorsal root ganglion,7
167_196,Dorsal root ganglion,2
167_197,Inner ear,2
167_198,Inner ear,2
167_199,Inner ear,2
167_200,Inner ear,2
167_201,Inner ear,2
167_202,Inner ear,2
167_203,Inner ear,2
167_204,Inner ear,2
167_205,Inner ear,7
167_206,Inner ear,7
167_207,Connective tissue,7
167_208,Dorsal root ganglion,7
167_209,Dorsal root ganglion,15
167_210,Dorsal root ganglion,15
167_211,Dorsal root ganglion,7
167_212,Connective tissue,7
167_213,Connective tissue,7
167_214,Connective tissue,7
167_215,Connective tissue,7
167_216,Connective tissue,7
167_217,Dorsal root ganglion,15
167_218,Dorsal root ganglion,15
167_219,Dorsal root ganglion,15
167_220,Dorsal root ganglion,15
167_221,Dorsal root ganglion,15
167_222,Dorsal root ganglion,15
167_223,Dorsal root ganglion,3
167_224,Dorsal root ganglion,3
167_225,Dorsal root ganglion,3
167_226,Dorsal root ganglion,3
167_227,Blood vessel,19
167_228,Blood vessel,19
167_229,Blood vessel,3
167_230,Blood vessel,3
167_231,Blood vessel,3
167_232,Blood vessel,3
167_233,Connective tissue,3
167_234,Connective tissue,4
167_235,Dermomyotome,4
167_236,Dermomyotome,4
167_237,Dermomyotome,4
167_238,Dermomyotome,4
167_239,Dermomyotome,4
167_240,Dermomyotome,4
167_241,Dermomyotome,4
167_242,Dermomyotome,4
167_243,Dermomyotome,4
167_244,Dermomyotome,4
167_245,Dermomyotome,4
167_246,Dermomyotome,4
167_247,Dermomyotome,4
167_248,Dermomyotome,4
167_249,Dermomyotome,4
167_250,Dermomyotome,4
167_251,Dermomyotome,4
167_252,Dermomyotome,4
167_253,Dermomyotome,4
167_254,Dermomyotome,4
167_255,Dermomyotome,4
167_256,Dermomyotome,4
167_257,Dermomyotome,4
167_258,Dermomyotome,4
167_259,Dermomyotome,4
167_260,Dermomyotome,4
167_261,Dermomyotome,4
167_262,Dermomyotome,4
167_263,Dermomyotome,4
167_264,Dermomyotome,4
167_265,Dermomyotome,4
167_266,Dermomyotome,4
167_267,Dermomyotome,4
167_268,Dermomyotome,4
167_269,Dermomyotome,4
167_270,Dermomyotome,17
167_271,Dermomyotome,17
167_272,Dermomyotome,17
167_273,Dermomyotome,17
167_274,Dermomyotome,4
167_275,Dermomyotome,4
167_276,Dermomyotome,4
167_277,Dermomyotome,4
167_278,Dermomyotome,17
167_279,Dermomyotome,17
167_280,Dermomyotome,17
167_281,Dermomyotome,17
167_282,Dermomyotome,17
167_283,Dermomyotome,17
167_284,Dermomyotome,17
167_285,Dermomyotome,4
167_286,Surface ectoderm,11
167_287,Surface ectoderm,11
167_288,Surface ectoderm,11
167_289,Surface ectoderm,11
167_290,Surface ectoderm,11
167_291,Surface ectoderm,11
167_292,Surface ectoderm,11
167_293,Surface ectoderm,11
167_294,Cavity,16
167_295,Cavity,16
168_117,Cavity,16
168_118,Cavity,16
168_119,Meninges,16
168_120,Meninges,16
168_121,Meninges,16
168_122,Meninges,13
168_123,Meninges,7
168_124,Meninges,7
168_125,Meninges,7
168_126,Meninges,7
168_127,Meninges,7
168_128,Meninges,7
168_129,Meninges,7
168_130,Meninges,7
168_131,Jaw and tooth,8
168_132,Jaw and tooth,8
168_133,Head mesenchyme,13
168_134,Brain,1
168_135,Brain,1
168_136,Brain,1
168_137,Brain,1
168_138,Brain,1
168_139,Brain,14
168_140,Brain,14
168_141,Brain,14
168_142,Brain,14
168_143,Brain,14
168_144,Brain,14
168_145,Brain,14
168_146,Brain,14
168_147,Cavity,13
168_148,Cavity,13
168_149,Cavity,13
168_150,Cavity,13
168_151,Cavity,13
168_152,Cavity,13
168_153,Cavity,13
168_154,Cavity,13
168_155,Cavity,13
168_156,Cavity,13
168_157,Cavity,13
168_158,Cavity,13
168_159,Cavity,13
168_160,Cavity,13
168_161,Cavity,13
168_162,Cavity,13
168_163,Cavity,13
168_164,Cavity,13
168_165,Cavity,13
168_166,Cavity,13
168_167,Cavity,13
168_168,Cavity,13
168_169,Cavity,13
168_170,Cavity,13
168_171,Cavity,13
168_172,Brain,14
168_173,Brain,14
168_174,Brain,14
168_175,Brain,14
168_176,Brain,14
168_177,Brain,1
168_178,Brain,1
168_179,Brain,1
168_180,Brain,1
168_181,Brain,1
168_182,Brain,1
168_183,Brain,13
168_184,Connective tissue,13
168_185,Connective tissue,7
168_186,Connective tissue,7
168_187,Connective tissue,7
168_188,Inner ear,7
168_189,Inner ear,2
168_190,Inner ear,2
168_191,Inner ear,2
168_192,Inner ear,2
168_193,Inner ear,2
168_194,Dorsal root ganglion,7
168_195,Dorsal root ganglion,7
168_196,Dorsal root ganglion,7
168_197,Dorsal root ganglion,7
168_198,Dorsal root ganglion,2
168_199,Inner ear,2
168_200,Inner ear,2
168_201,Inner ear,2
168_202,Inner ear,2
168_203,Inner ear,2
168_204,Inner ear,2
168_205,Inner ear,7
168_206,Inner ear,7
168_207,Connective tissue,7
168_208,Connective tissue,7
168_209,Dorsal root ganglion,15
168_210,Dorsal root ganglion,15
168_211,Dorsal root ganglion,15
168_212,Dorsal root ganglion,15
168_213,Dorsal root ganglion,15
168_214,Connective tissue,7
168_215,Connective tissue,7
168_216,Connective tissue,15
168_217,Dorsal root ganglion,15
168_218,Dorsal root ganglion,15
168_219,Dorsal root ganglion,15
168_220,Dorsal root ganglion,15
168_221,Dorsal root ganglion,15
168_222,Dorsal root ganglion,15
168_223,Dorsal root ganglion,15
168_224,Dorsal root ganglion,15
168_225,Dorsal root ganglion,15
168_226,Dorsal root ganglion,15
168_227,Dorsal root ganglion,3
168_228,Dorsal root ganglion,3
168_229,Dorsal root ganglion,3
168_230,Dorsal root ganglion,3
168_231,Connective tissue,3
168_232,Connective tissue,3
168_233,Connective tissue,3
168_234,Connective tissue,3
168_235,Connective tissue,4
168_236,Dermomyotome,4
168_237,Dermomyotome,4
168_238,Dermomyotome,4
168_239,Dermomyotome,4
168_240,Dermomyotome,4
168_241,Dermomyotome,4
168_242,Dermomyotome,4
168_243,Dermomyotome,4
168_244,Dermomyotome,4
168_245,Dermomyotome,4
168_246,Dermomyotome,4
168_247,Dermomyotome,4
168_248,Dermomyotome,4
168_249,Dermomyotome,4
168_250,Dermomyotome,4
168_251,Dermomyotome,4
168_252,Dermomyotome,4
168_253,Dermomyotome,4
168_254,Dermomyotome,4
168_255,Dermomyotome,4
168_256,Dermomyotome,4
168_257,Dermomyotome,4
168_258,Dermomyotome,4
168_259,Dermomyotome,4
168_260,Dermomyotome,4
168_261,Dermomyotome,4
168_262,Dermomyotome,4
168_263,Dermomyotome,4
168_264,Dermomyotome,4
168_265,Dermomyotome,4
168_266,Dermomyotome,4
168_267,Dermomyotome,4
168_268,Dermomyotome,4
168_269,Dermomyotome,4
168_270,Dermomyotome,17
168_271,Dermomyotome,17
168_272,Dermomyotome,17
168_273,Dermomyotome,17
168_274,Dermomyotome,4
168_275,Dermomyotome,4
168_276,Dermomyotome,4
168_277,Dermomyotome,17
168_278,Dermomyotome,17
168_279,Dermomyotome,17
168_280,Dermomyotome,17
168_281,Dermomyotome,17
168_282,Dermomyotome,17
168_283,Dermomyotome,17
168_284,Dermomyotome,4
168_285,Dermomyotome,4
168_286,Dermomyotome,11
168_287,Dermomyotome,11
168_288,Surface ectoderm,11
168_289,Surface ectoderm,11
168_290,Surface ectoderm,11
168_291,Surface ectoderm,11
168_292,Surface ectoderm,11
168_293,Surface ectoderm,11
168_294,Surface ectoderm,11
168_295,Surface ectoderm,11
168_296,Cavity,11
169_115,Cavity,16
169_116,Cavity,16
169_117,Meninges,16
169_118,Meninges,16
169_119,Meninges,16
169_120,Meninges,13
169_121,Meninges,7
169_122,Meninges,7
169_123,Meninges,7
169_124,Meninges,7
169_125,Meninges,7
169_126,Meninges,7
169_127,Meninges,7
169_128,Meninges,7
169_129,Meninges,7
169_130,Jaw and tooth,7
169_131,Jaw and tooth,8
169_132,Head mesenchyme,8
169_133,Brain,13
169_134,Brain,1
169_135,Brain,1
169_136,Brain,1
169_137,Brain,1
169_138,Brain,1
169_139,Brain,1
169_140,Brain,14
169_141,Brain,14
169_142,Brain,14
169_143,Brain,14
169_144,Brain,14
169_145,Brain,14
169_146,Brain,14
169_147,Cavity,13
169_148,Cavity,13
169_149,Cavity,13
169_150,Cavity,13
169_151,Cavity,13
169_152,Cavity,13
169_153,Cavity,13
169_154,Cavity,13
169_155,Cavity,13
169_156,Cavity,13
169_157,Cavity,13
169_158,Cavity,13
169_159,Cavity,13
169_160,Cavity,13
169_161,Cavity,13
169_162,Cavity,13
169_163,Cavity,13
169_164,Cavity,13
169_165,Cavity,13
169_166,Cavity,13
169_167,Cavity,13
169_168,Cavity,13
169_169,Cavity,13
169_170,Cavity,13
169_171,Cavity,13
169_172,Brain,14
169_173,Brain,14
169_174,Brain,14
169_175,Brain,14
169_176,Brain,14
169_177,Brain,14
169_178,Brain,1
169_179,Brain,1
169_180,Brain,1
169_181,Brain,1
169_182,Brain,1
169_183,Brain,13
169_184,Connective tissue,13
169_185,Connective tissue,7
169_186,Connective tissue,7
169_187,Connective tissue,7
169_188,Connective tissue,7
169_189,Inner ear,2
169_190,Inner ear,2
169_191,Inner ear,2
169_192,Inner ear,2
169_193,Inner ear,2
169_194,Inner ear,7
169_195,Dorsal root ganglion,7
169_196,Dorsal root ganglion,7
169_197,Dorsal root ganglion,7
169_198,Dorsal root ganglion,7
169_199,Dorsal root ganglion,2
169_200,Inner ear,2
169_201,Inner ear,2
169_202,Inner ear,2
169_203,Inner ear,2
169_204,Inner ear,2
169_205,Inner ear,2
169_206,Inner ear,7
169_207,Connective tissue,7
169_208,Connective tissue,7
169_209,Dorsal root ganglion,15
169_210,Dorsal root ganglion,15
169_211,Dorsal root ganglion,15
169_212,Dorsal root ganglion,15
169_213,Dorsal root ganglion,15
169_214,Dorsal root ganglion,15
169_215,Dorsal root ganglion,15
169_216,Dorsal root ganglion,15
169_217,Dorsal root ganglion,15
169_218,Dorsal root ganglion,15
169_219,Dorsal root ganglion,15
169_220,Dorsal root ganglion,15
169_221,Dorsal root ganglion,15
169_222,Dorsal root ganglion,15
169_223,Dorsal root ganglion,15
169_224,Dorsal root ganglion,15
169_225,Dorsal root ganglion,15
169_226,Dorsal root ganglion,15
169_227,Dorsal root ganglion,15
169_228,Dorsal root ganglion,15
169_229,Dorsal root ganglion,15
169_230,Dorsal root ganglion,15
169_231,Dorsal root ganglion,3
169_232,Dorsal root ganglion,3
169_233,Dorsal root ganglion,3
169_234,Connective tissue,3
169_235,Dermomyotome,3
169_236,Dermomyotome,4
169_237,Connective tissue,3
169_238,Connective tissue,4
169_239,Dermomyotome,4
169_240,Dermomyotome,4
169_241,Dermomyotome,4
169_242,Dermomyotome,4
169_243,Dermomyotome,4
169_244,Dermomyotome,4
169_245,Dermomyotome,4
169_246,Dermomyotome,4
169_247,Dermomyotome,4
169_248,Dermomyotome,4
169_249,Dermomyotome,4
169_250,Dermomyotome,4
169_251,Connective tissue,4
169_252,Connective tissue,4
169_253,Dermomyotome,4
169_254,Dermomyotome,4
169_255,Dermomyotome,4
169_256,Dermomyotome,4
169_257,Dermomyotome,4
169_258,Dermomyotome,4
169_259,Dermomyotome,4
169_260,Dermomyotome,4
169_261,Dermomyotome,4
169_262,Dermomyotome,4
169_263,Dermomyotome,4
169_264,Dermomyotome,4
169_265,Dermomyotome,4
169_266,Dermomyotome,4
169_267,Dermomyotome,4
169_268,Dermomyotome,4
169_269,Dermomyotome,4
169_270,Dermomyotome,4
169_271,Dermomyotome,4
169_272,Dermomyotome,4
169_273,Dermomyotome,4
169_274,Dermomyotome,4
169_275,Dermomyotome,4
169_276,Dermomyotome,4
169_277,Dermomyotome,17
169_278,Dermomyotome,17
169_279,Dermomyotome,17
169_280,Dermomyotome,17
169_281,Dermomyotome,17
169_282,Dermomyotome,17
169_283,Dermomyotome,17
169_284,Dermomyotome,4
169_285,Dermomyotome,4
169_286,Dermomyotome,4
169_287,Dermomyotome,4
169_288,Dermomyotome,11
169_289,Surface ectoderm,11
169_290,Surface ectoderm,11
169_291,Surface ectoderm,11
169_292,Surface ectoderm,11
169_293,Surface ectoderm,11
169_294,Surface ectoderm,11
169_295,Surface ectoderm,11
169_296,Surface ectoderm,11
169_297,Cavity,11
170_113,Cavity,16
170_114,Cavity,16
170_115,Meninges,16
170_116,Meninges,16
170_117,Meninges,16
170_118,Meninges,7
170_119,Meninges,7
170_120,Meninges,7
170_121,Meninges,7
170_122,Meninges,7
170_123,Meninges,7
170_124,Meninges,7
170_125,Meninges,7
170_126,Meninges,7
170_127,Meninges,7
170_128,Meninges,7
170_129,Jaw and tooth,7
170_130,Jaw and tooth,8
170_131,Jaw and tooth,8
170_132,Head mesenchyme,8
170_133,Head mesenchyme,13
170_134,Brain,1
170_135,Brain,1
170_136,Brain,1
170_137,Brain,1
170_138,Brain,1
170_139,Brain,1
170_140,Brain,14
170_141,Brain,14
170_142,Brain,14
170_143,Brain,14
170_144,Brain,14
170_145,Brain,14
170_146,Brain,14
170_147,Cavity,13
170_148,Cavity,13
170_149,Cavity,13
170_150,Cavity,13
170_151,Cavity,13
170_152,Cavity,13
170_153,Cavity,13
170_154,Cavity,13
170_155,Cavity,13
170_156,Cavity,13
170_157,Cavity,13
170_158,Cavity,13
170_159,Cavity,13
170_160,Cavity,13
170_161,Cavity,13
170_162,Cavity,13
170_163,Cavity,13
170_164,Cavity,13
170_165,Cavity,13
170_166,Cavity,13
170_167,Cavity,13
170_168,Cavity,13
170_169,Cavity,13
170_170,Cavity,13
170_171,Cavity,13
170_172,Brain,14
170_173,Brain,14
170_174,Brain,14
170_175,Brain,14
170_176,Brain,14
170_177,Brain,14
170_178,Brain,1
170_179,Brain,1
170_180,Brain,1
170_181,Brain,1
170_182,Brain,1
170_183,Brain,1
170_184,Connective tissue,13
170_185,Connective tissue,13
170_186,Connective tissue,7
170_187,Dorsal root ganglion,7
170_188,Dorsal root ganglion,7
170_189,Dorsal root ganglion,15
170_190,Dorsal root ganglion,2
170_191,Inner ear,2
170_192,Inner ear,2
170_193,Inner ear,2
170_194,Inner ear,2
170_195,Dorsal root ganglion,7
170_196,Dorsal root ganglion,7
170_197,Dorsal root ganglion,7
170_198,Dorsal root ganglion,7
170_199,Dorsal root ganglion,7
170_200,Inner ear,2
170_201,Inner ear,2
170_202,Inner ear,2
170_203,Inner ear,2
170_204,Inner ear,2
170_205,Inner ear,2
170_206,Inner ear,7
170_207,Connective tissue,7
170_208,Connective tissue,7
170_209,Dorsal root ganglion,15
170_210,Dorsal root ganglion,15
170_211,Dorsal root ganglion,15
170_212,Dorsal root ganglion,15
170_213,Dorsal root ganglion,15
170_214,Dorsal root ganglion,15
170_215,Dorsal root ganglion,15
170_216,Dorsal root ganglion,15
170_217,Dorsal root ganglion,15
170_218,Dorsal root ganglion,15
170_219,Dorsal root ganglion,15
170_220,Dorsal root ganglion,15
170_221,Dorsal root ganglion,15
170_222,Dorsal root ganglion,15
170_223,Dorsal root ganglion,15
170_224,Dorsal root ganglion,15
170_225,Dorsal root ganglion,15
170_226,Dorsal root ganglion,15
170_227,Dorsal root ganglion,15
170_228,Dorsal root ganglion,15
170_229,Dorsal root ganglion,15
170_230,Dorsal root ganglion,15
170_231,Dorsal root ganglion,15
170_232,Dorsal root ganglion,15
170_233,Dorsal root ganglion,15
170_234,Dorsal root ganglion,3
170_235,Connective tissue,3
170_236,Dermomyotome,3
170_237,Connective tissue,3
170_238,Blood vessel,3
170_239,Connective tissue,4
170_240,Dermomyotome,17
170_241,Dermomyotome,17
170_242,Dermomyotome,4
170_243,Dermomyotome,4
170_244,Dermomyotome,4
170_245,Dermomyotome,4
170_246,Dermomyotome,4
170_247,Dermomyotome,4
170_248,Dermomyotome,4
170_249,Dermomyotome,4
170_250,Dermomyotome,4
170_251,Dermomyotome,4
170_252,Dermomyotome,4
170_253,Dermomyotome,4
170_254,Dermomyotome,4
170_255,Dermomyotome,4
170_256,Dermomyotome,4
170_257,Dermomyotome,4
170_258,Dermomyotome,4
170_259,Dermomyotome,4
170_260,Dermomyotome,4
170_261,Dermomyotome,4
170_262,Dermomyotome,4
170_263,Dermomyotome,4
170_264,Dermomyotome,4
170_265,Dermomyotome,4
170_266,Dermomyotome,4
170_267,Dermomyotome,4
170_268,Dermomyotome,4
170_269,Dermomyotome,4
170_270,Dermomyotome,4
170_271,Dermomyotome,4
170_272,Dermomyotome,4
170_273,Dermomyotome,4
170_274,Dermomyotome,4
170_275,Dermomyotome,4
170_276,Dermomyotome,4
170_277,Dermomyotome,17
170_278,Dermomyotome,17
170_279,Dermomyotome,17
170_280,Dermomyotome,17
170_281,Dermomyotome,17
170_282,Dermomyotome,17
170_283,Dermomyotome,17
170_284,Dermomyotome,4
170_285,Dermomyotome,4
170_286,Dermomyotome,4
170_287,Dermomyotome,4
170_288,Dermomyotome,4
170_289,Dermomyotome,4
170_290,Dermomyotome,17
170_291,Dermomyotome,4
170_292,Surface ectoderm,4
170_293,Surface ectoderm,11
170_294,Surface ectoderm,11
170_295,Surface ectoderm,11
170_296,Surface ectoderm,11
170_297,Surface ectoderm,11
170_298,Cavity,11
171_111,Cavity,16
171_112,Cavity,16
171_113,Meninges,16
171_114,Meninges,16
171_115,Meninges,16
171_116,Meninges,13
171_117,Meninges,7
171_118,Meninges,8
171_119,Meninges,7
171_120,Meninges,7
171_121,Meninges,7
171_122,Meninges,7
171_123,Meninges,7
171_124,Meninges,7
171_125,Meninges,7
171_126,Meninges,7
171_127,Jaw and tooth,7
171_128,Jaw and tooth,7
171_129,Jaw and tooth,7
171_130,Jaw and tooth,8
171_131,Jaw and tooth,8
171_132,Head mesenchyme,8
171_133,Head mesenchyme,13
171_134,Brain,13
171_135,Brain,1
171_136,Brain,1
171_137,Brain,1
171_138,Brain,1
171_139,Brain,1
171_140,Brain,14
171_141,Brain,14
171_142,Brain,14
171_143,Brain,14
171_144,Brain,14
171_145,Brain,14
171_146,Brain,14
171_147,Cavity,13
171_148,Cavity,13
171_149,Cavity,13
171_150,Cavity,13
171_151,Cavity,13
171_152,Cavity,13
171_153,Cavity,13
171_154,Cavity,13
171_155,Cavity,13
171_156,Cavity,13
171_157,Cavity,13
171_158,Cavity,13
171_159,Cavity,13
171_160,Cavity,13
171_161,Cavity,13
171_162,Cavity,13
171_163,Cavity,13
171_164,Cavity,13
171_165,Cavity,13
171_166,Cavity,13
171_167,Cavity,13
171_168,Cavity,13
171_169,Cavity,13
171_170,Cavity,13
171_171,Cavity,13
171_172,Brain,14
171_173,Brain,14
171_174,Brain,14
171_175,Brain,14
171_176,Brain,14
171_177,Brain,14
171_178,Brain,1
171_179,Brain,1
171_180,Brain,1
171_181,Brain,1
171_182,Brain,1
171_183,Brain,1
171_184,Brain,13
171_185,Connective tissue,13
171_186,Dorsal root ganglion,7
171_187,Dorsal root ganglion,15
171_188,Dorsal root ganglion,15
171_189,Dorsal root ganglion,15
171_190,Dorsal root ganglion,15
171_191,Dorsal root ganglion,2
171_192,Inner ear,2
171_193,Inner ear,2
171_194,Inner ear,2
171_195,Inner ear,2
171_196,Dorsal root ganglion,7
171_197,Dorsal root ganglion,7
171_198,Dorsal root ganglion,7
171_199,Dorsal root ganglion,7
171_200,Head mesenchyme,2
171_201,Inner ear,2
171_202,Inner ear,2
171_203,Inner ear,2
171_204,Inner ear,2
171_205,Inner ear,2
171_206,Inner ear,2
171_207,Connective tissue,7
171_208,Blood vessel,7
171_209,Dorsal root ganglion,15
171_210,Dorsal root ganglion,15
171_211,Dorsal root ganglion,15
171_212,Dorsal root ganglion,15
171_213,Dorsal root ganglion,15
171_214,Dorsal root ganglion,15
171_215,Dorsal root ganglion,15
171_216,Dorsal root ganglion,15
171_217,Dorsal root ganglion,15
171_218,Connective tissue,15
171_219,Connective tissue,7
171_220,Dorsal root ganglion,15
171_221,Dorsal root ganglion,15
171_222,Dorsal root ganglion,15
171_223,Dorsal root ganglion,15
171_224,Dorsal root ganglion,15
171_225,Dorsal root ganglion,15
171_226,Dorsal root ganglion,15
171_227,Dorsal root ganglion,15
171_228,Dorsal root ganglion,15
171_229,Dorsal root ganglion,15
171_230,Dorsal root ganglion,15
171_231,Dorsal root ganglion,15
171_232,Dorsal root ganglion,15
171_233,Dorsal root ganglion,15
171_234,Dorsal root ganglion,15
171_235,Dorsal root ganglion,15
171_236,Dorsal root ganglion,3
171_237,Connective tissue,3
171_238,Blood vessel,3
171_239,Blood vessel,3
171_240,Dermomyotome,4
171_241,Dermomyotome,4
171_242,Dermomyotome,4
171_243,Dermomyotome,4
171_244,Dermomyotome,4
171_245,Dermomyotome,4
171_246,Dermomyotome,4
171_247,Dermomyotome,4
171_248,Dermomyotome,4
171_249,Dermomyotome,4
171_250,Dermomyotome,4
171_251,Dermomyotome,4
171_252,Dermomyotome,4
171_253,Dermomyotome,4
171_254,Dermomyotome,4
171_255,Dermomyotome,4
171_256,Dermomyotome,4
171_257,Dermomyotome,4
171_258,Dermomyotome,4
171_259,Dermomyotome,4
171_260,Dermomyotome,4
171_261,Dermomyotome,4
171_262,Dermomyotome,4
171_263,Dermomyotome,4
171_264,Dermomyotome,4
171_265,Dermomyotome,4
171_266,Dermomyotome,4
171_267,Dermomyotome,4
171_268,Dermomyotome,4
171_269,Dermomyotome,4
171_270,Dermomyotome,4
171_271,Dermomyotome,4
171_272,Dermomyotome,4
171_273,Dermomyotome,4
171_274,Dermomyotome,4
171_275,Dermomyotome,4
171_276,Dermomyotome,4
171_277,Dermomyotome,4
171_278,Dermomyotome,17
171_279,Dermomyotome,17
171_280,Dermomyotome,17
171_281,Dermomyotome,17
171_282,Dermomyotome,17
171_283,Dermomyotome,4
171_284,Dermomyotome,4
171_285,Dermomyotome,4
171_286,Dermomyotome,4
171_287,Dermomyotome,17
171_288,Dermomyotome,17
171_289,Dermomyotome,17
171_290,Dermomyotome,17
171_291,Dermomyotome,17
171_292,Dermomyotome,17
171_293,Dermomyotome,4
171_294,Surface ectoderm,11
171_295,Surface ectoderm,11
171_296,Surface ectoderm,11
171_297,Surface ectoderm,11
171_298,Surface ectoderm,11
171_299,Cavity,16
172_109,Cavity,16
172_110,Cavity,16
172_111,Meninges,16
172_112,Meninges,16
172_113,Meninges,13
172_114,Meninges,13
172_115,Meninges,13
172_116,Meninges,13
172_117,Jaw and tooth,13
172_118,Jaw and tooth,8
172_119,Meninges,7
172_120,Meninges,7
172_121,Jaw and tooth,7
172_122,Jaw and tooth,7
172_123,Jaw and tooth,7
172_124,Jaw and tooth,7
172_125,Jaw and tooth,8
172_126,Jaw and tooth,8
172_127,Jaw and tooth,8
172_128,Jaw and tooth,8
172_129,Jaw and tooth,7
172_130,Head mesenchyme,8
172_131,Jaw and tooth,8
172_132,Head mesenchyme,8
172_133,Head mesenchyme,13
172_134,Brain,13
172_135,Brain,1
172_136,Brain,1
172_137,Brain,1
172_138,Brain,1
172_139,Brain,1
172_140,Brain,14
172_141,Brain,14
172_142,Brain,14
172_143,Brain,14
172_144,Brain,14
172_145,Brain,14
172_146,Brain,14
172_147,Brain,14
172_148,Cavity,13
172_149,Cavity,13
172_150,Cavity,13
172_151,Cavity,13
172_152,Cavity,13
172_153,Cavity,13
172_154,Cavity,13
172_155,Cavity,13
172_156,Cavity,13
172_157,Cavity,13
172_158,Cavity,13
172_159,Cavity,13
172_160,Cavity,13
172_161,Cavity,13
172_162,Cavity,13
172_163,Cavity,13
172_164,Cavity,13
172_165,Cavity,13
172_166,Cavity,13
172_167,Cavity,13
172_168,Cavity,13
172_169,Cavity,13
172_170,Cavity,13
172_171,Cavity,13
172_172,Brain,14
172_173,Brain,14
172_174,Brain,14
172_175,Brain,14
172_176,Brain,14
172_177,Brain,14
172_178,Brain,1
172_179,Brain,1
172_180,Brain,1
172_181,Brain,1
172_182,Brain,1
172_183,Brain,1
172_184,Brain,13
172_185,Jaw and tooth,13
172_186,Dorsal root ganglion,7
172_187,Dorsal root ganglion,15
172_188,Dorsal root ganglion,15
172_189,Dorsal root ganglion,15
172_190,Dorsal root ganglion,15
172_191,Dorsal root ganglion,15
172_192,Inner ear,2
172_193,Inner ear,2
172_194,Inner ear,2
172_195,Inner ear,2
172_196,Dorsal root ganglion,7
172_197,Dorsal root ganglion,7
172_198,Dorsal root ganglion,7
172_199,Dorsal root ganglion,7
172_200,Dorsal root ganglion,7
172_201,Dorsal root ganglion,2
172_202,Inner ear,2
172_203,Inner ear,2
172_204,Inner ear,2
172_205,Inner ear,2
172_206,Inner ear,2
172_207,Inner ear,7
172_208,Connective tissue,7
172_209,Connective tissue,7
172_210,Dorsal root ganglion,15
172_211,Dorsal root ganglion,15
172_212,Dorsal root ganglion,15
172_213,Dorsal root ganglion,15
172_214,Dorsal root ganglion,15
172_215,Dorsal root ganglion,15
172_216,Dorsal root ganglion,15
172_217,Dorsal root ganglion,15
172_218,Dorsal root ganglion,7
172_219,Connective tissue,3
172_220,Connective tissue,3
172_221,Connective tissue,7
172_222,Connective tissue,3
172_223,Connective tissue,3
172_224,Connective tissue,3
172_225,Dorsal root ganglion,15
172_226,Dorsal root ganglion,15
172_227,Dorsal root ganglion,15
172_228,Dorsal root ganglion,15
172_229,Dorsal root ganglion,15
172_230,Dorsal root ganglion,15
172_231,Dorsal root ganglion,15
172_232,Dorsal root ganglion,15
172_233,Dorsal root ganglion,15
172_234,Dorsal root ganglion,15
172_235,Dorsal root ganglion,15
172_236,Dorsal root ganglion,15
172_237,Dorsal root ganglion,15
172_238,Blood vessel,3
172_239,Blood vessel,3
172_240,Blood vessel,3
172_241,Blood vessel,3
172_242,Dermomyotome,4
172_243,Dermomyotome,4
172_244,Connective tissue,3
172_245,Connective tissue,4
172_246,Dermomyotome,4
172_247,Dermomyotome,4
172_248,Dermomyotome,4
172_249,Dermomyotome,4
172_250,Dermomyotome,4
172_251,Dermomyotome,4
172_252,Dermomyotome,4
172_253,Dermomyotome,4
172_254,Dermomyotome,4
172_255,Dermomyotome,4
172_256,Dermomyotome,4
172_257,Dermomyotome,4
172_258,Dermomyotome,4
172_259,Dermomyotome,4
172_260,Dermomyotome,4
172_261,Dermomyotome,4
172_262,Dermomyotome,4
172_263,Dermomyotome,4
172_264,Dermomyotome,4
172_265,Dermomyotome,4
172_266,Dermomyotome,4
172_267,Dermomyotome,4
172_268,Dermomyotome,4
172_269,Dermomyotome,4
172_270,Dermomyotome,4
172_271,Dermomyotome,4
172_272,Dermomyotome,4
172_273,Dermomyotome,4
172_274,Dermomyotome,4
172_275,Dermomyotome,4
172_276,Dermomyotome,4
172_277,Dermomyotome,4
172_278,Dermomyotome,4
172_279,Dermomyotome,17
172_280,Dermomyotome,17
172_281,Dermomyotome,4
172_282,Dermomyotome,4
172_283,Dermomyotome,4
172_284,Dermomyotome,4
172_285,Dermomyotome,17
172_286,Dermomyotome,17
172_287,Dermomyotome,17
172_288,Dermomyotome,17
172_289,Dermomyotome,17
172_290,Dermomyotome,17
172_291,Dermomyotome,17
172_292,Dermomyotome,17
172_293,Dermomyotome,4
172_294,Surface ectoderm,11
172_295,Surface ectoderm,11
172_296,Surface ectoderm,11
172_297,Surface ectoderm,11
172_298,Surface ectoderm,11
172_299,Surface ectoderm,11
172_300,Cavity,16
172_301,Cavity,16
173_107,Cavity,16
173_108,Cavity,16
173_109,Meninges,16
173_110,Meninges,16
173_111,Meninges,16
173_112,Meninges,13
173_113,Meninges,13
173_114,Meninges,13
173_115,Meninges,13
173_116,Meninges,13
173_117,Meninges,13
173_118,Meninges,13
173_119,Jaw and tooth,13
173_120,Brain,13
173_121,Brain,13
173_122,Jaw and tooth,13
173_123,Jaw and tooth,13
173_124,Jaw and tooth,8
173_125,Jaw and tooth,8
173_126,Jaw and tooth,8
173_127,Jaw and tooth,8
173_128,Jaw and tooth,8
173_129,Jaw and tooth,8
173_130,Jaw and tooth,8
173_131,Head mesenchyme,8
173_132,Head mesenchyme,8
173_133,Blood vessel,13
173_134,Brain,13
173_135,Brain,1
173_136,Brain,1
173_137,Brain,1
173_138,Brain,1
173_139,Brain,1
173_140,Brain,14
173_141,Brain,14
173_142,Brain,14
173_143,Brain,14
173_144,Brain,14
173_145,Brain,14
173_146,Brain,14
173_147,Brain,14
173_148,Brain,14
173_149,Brain,14
173_150,Cavity,13
173_151,Cavity,13
173_152,Cavity,13
173_153,Cavity,13
173_154,Cavity,13
173_155,Cavity,13
173_156,Cavity,13
173_157,Cavity,13
173_158,Cavity,13
173_159,Cavity,13
173_160,Cavity,13
173_161,Cavity,13
173_162,Cavity,13
173_163,Cavity,13
173_164,Cavity,13
173_165,Cavity,13
173_166,Cavity,13
173_167,Cavity,13
173_168,Cavity,13
173_169,Cavity,13
173_170,Cavity,13
173_171,Cavity,13
173_172,Brain,14
173_173,Brain,14
173_174,Brain,14
173_175,Brain,14
173_176,Brain,14
173_177,Brain,14
173_178,Brain,1
173_179,Brain,1
173_180,Brain,1
173_181,Brain,1
173_182,Brain,1
173_183,Brain,1
173_184,Brain,13
173_185,Connective tissue,13
173_186,Dorsal root ganglion,15
173_187,Dorsal root ganglion,15
173_188,Dorsal root ganglion,15
173_189,Dorsal root ganglion,15
173_190,Dorsal root ganglion,15
173_191,Dorsal root ganglion,15
173_192,Inner ear,2
173_193,Inner ear,2
173_194,Inner ear,2
173_195,Inner ear,2
173_196,Inner ear,2
173_197,Dorsal root ganglion,7
173_198,Dorsal root ganglion,7
173_199,Dorsal root ganglion,7
173_200,Dorsal root ganglion,7
173_201,Dorsal root ganglion,2
173_202,Inner ear,2
173_203,Inner ear,2
173_204,Inner ear,2
173_205,Inner ear,2
173_206,Inner ear,2
173_207,Inner ear,2
173_208,Connective tissue,7
173_209,Connective tissue,7
173_210,Dorsal root ganglion,15
173_211,Dorsal root ganglion,15
173_212,Dorsal root ganglion,15
173_213,Dorsal root ganglion,15
173_214,Dorsal root ganglion,15
173_215,Dorsal root ganglion,15
173_216,Dorsal root ganglion,15
173_217,Dorsal root ganglion,15
173_218,Dorsal root ganglion,15
173_219,Connective tissue,7
173_220,Connective tissue,2
173_221,Connective tissue,2
173_222,Lung primordium,3
173_223,Connective tissue,3
173_224,Connective tissue,3
173_225,Connective tissue,4
173_226,GI tract,4
173_227,Dermomyotome,4
173_228,Dermomyotome,4
173_229,Dorsal root ganglion,4
173_230,Dorsal root ganglion,15
173_231,Dorsal root ganglion,15
173_232,Dorsal root ganglion,15
173_233,Dorsal root ganglion,15
173_234,Dorsal root ganglion,15
173_235,Dorsal root ganglion,15
173_236,Dorsal root ganglion,15
173_237,Dorsal root ganglion,15
173_238,Dorsal root ganglion,3
173_239,Blood vessel,3
173_240,Blood vessel,3
173_241,Blood vessel,19
173_242,Blood vessel,19
173_243,Blood vessel,19
173_244,Blood vessel,19
173_245,Blood vessel,3
173_246,Dermomyotome,4
173_247,Dermomyotome,4
173_248,Dermomyotome,17
173_249,Dermomyotome,17
173_250,Dermomyotome,17
173_251,Dermomyotome,17
173_252,Dermomyotome,4
173_253,Dermomyotome,4
173_254,Dermomyotome,4
173_255,Dermomyotome,4
173_256,Dermomyotome,4
173_257,Dermomyotome,4
173_258,Connective tissue,4
173_259,Dermomyotome,4
173_260,Dermomyotome,4
173_261,Dermomyotome,4
173_262,Dermomyotome,4
173_263,Dermomyotome,4
173_264,Dermomyotome,4
173_265,Dermomyotome,4
173_266,Dermomyotome,4
173_267,Connective tissue,4
173_268,Dermomyotome,4
173_269,Dermomyotome,4
173_270,Dermomyotome,4
173_271,Dermomyotome,4
173_272,Dermomyotome,4
173_273,Dermomyotome,4
173_274,Dermomyotome,4
173_275,Dermomyotome,4
173_276,Dermomyotome,4
173_277,Dermomyotome,4
173_278,Dermomyotome,4
173_279,Dermomyotome,4
173_280,Dermomyotome,4
173_281,Dermomyotome,4
173_282,Dermomyotome,4
173_283,Dermomyotome,4
173_284,Dermomyotome,17
173_285,Dermomyotome,17
173_286,Dermomyotome,17
173_287,Dermomyotome,17
173_288,Dermomyotome,17
173_289,Dermomyotome,17
173_290,Dermomyotome,17
173_291,Dermomyotome,17
173_292,Dermomyotome,4
173_293,Dermomyotome,4
173_294,Sclerotome,11
173_295,Surface ectoderm,11
173_296,Surface ectoderm,11
173_297,Surface ectoderm,11
173_298,Surface ectoderm,11
173_299,Surface ectoderm,11
173_300,Surface ectoderm,11
173_301,Surface ectoderm,16
173_302,Cavity,16
174_105,Cavity,16
174_106,Cavity,16
174_107,Meninges,16
174_108,Meninges,16
174_109,Meninges,16
174_110,Meninges,13
174_111,Meninges,13
174_112,Meninges,13
174_113,Meninges,13
174_114,Meninges,13
174_115,Meninges,13
174_116,Meninges,13
174_117,Meninges,13
174_118,Meninges,13
174_119,Brain,13
174_120,Brain,13
174_121,Brain,13
174_122,Brain,13
174_123,Brain,13
174_124,Jaw and tooth,13
174_125,Jaw and tooth,8
174_126,Jaw and tooth,8
174_127,Jaw and tooth,8
174_128,Jaw and tooth,8
174_129,Jaw and tooth,8
174_130,Jaw and tooth,8
174_131,Jaw and tooth,8
174_132,Head mesenchyme,8
174_133,Head mesenchyme,13
174_134,Brain,13
174_135,Brain,1
174_136,Brain,1
174_137,Brain,1
174_138,Brain,1
174_139,Brain,1
174_140,Brain,1
174_141,Brain,14
174_142,Brain,14
174_143,Brain,14
174_144,Brain,14
174_145,Brain,14
174_146,Brain,14
174_147,Brain,14
174_148,Brain,14
174_149,Brain,14
174_150,Brain,14
174_151,Brain,14
174_152,Cavity,13
174_153,Cavity,13
174_154,Cavity,13
174_155,Cavity,13
174_156,Cavity,13
174_157,Cavity,13
174_158,Cavity,13
174_159,Cavity,13
174_160,Cavity,13
174_161,Cavity,13
174_162,Cavity,13
174_163,Cavity,13
174_164,Cavity,13
174_165,Cavity,13
174_166,Cavity,13
174_167,Cavity,13
174_168,Cavity,13
174_169,Cavity,13
174_170,Cavity,13
174_171,Brain,14
174_172,Brain,14
174_173,Brain,14
174_174,Brain,14
174_175,Brain,14
174_176,Brain,14
174_177,Brain,14
174_178,Brain,1
174_179,Brain,1
174_180,Brain,1
174_181,Brain,1
174_182,Brain,1
174_183,Brain,1
174_184,Brain,13
174_185,Connective tissue,13
174_186,Connective tissue,15
174_187,Dorsal root ganglion,15
174_188,Dorsal root ganglion,15
174_189,Dorsal root ganglion,15
174_190,Dorsal root ganglion,15
174_191,Dorsal root ganglion,15
174_192,Dorsal root ganglion,2
174_193,Inner ear,2
174_194,Inner ear,2
174_195,Inner ear,2
174_196,Inner ear,2
174_197,Dorsal root ganglion,7
174_198,Dorsal root ganglion,7
174_199,Dorsal root ganglion,7
174_200,Dorsal root ganglion,7
174_201,Dorsal root ganglion,2
174_202,Inner ear,2
174_203,Inner ear,2
174_204,Inner ear,2
174_205,Inner ear,2
174_206,Inner ear,2
174_207,Inner ear,2
174_208,Inner ear,7
174_209,Connective tissue,7
174_210,Connective tissue,7
174_211,Dorsal root ganglion,3
174_212,Dorsal root ganglion,15
174_213,Dorsal root ganglion,15
174_214,Dorsal root ganglion,15
174_215,Dorsal root ganglion,15
174_216,Dorsal root ganglion,15
174_217,Dorsal root ganglion,15
174_218,Inner ear,7
174_219,Inner ear,2
174_220,Inner ear,2
174_221,Lung primordium,2
174_222,Lung primordium,2
174_223,Dermomyotome,4
174_224,Dermomyotome,4
174_225,Lung primordium,4
174_226,Dermomyotome,4
174_227,Dermomyotome,4
174_228,Dermomyotome,4
174_229,Dermomyotome,4
174_230,Dermomyotome,4
174_231,Dorsal root ganglion,15
174_232,Dorsal root ganglion,15
174_233,Dorsal root ganglion,15
174_234,Dorsal root ganglion,15
174_235,Dorsal root ganglion,15
174_236,Dorsal root ganglion,15
174_237,Dorsal root ganglion,15
174_238,Dorsal root ganglion,15
174_239,Connective tissue,3
174_240,Blood vessel,3
174_241,Blood vessel,19
174_242,Blood vessel,19
174_243,Cavity,19
174_244,Cavity,19
174_245,Blood vessel,19
174_246,Blood vessel,3
174_247,Dermomyotome,4
174_248,Dermomyotome,17
174_249,Dermomyotome,17
174_250,Dermomyotome,17
174_251,Dermomyotome,17
174_252,Dermomyotome,4
174_253,Dermomyotome,4
174_254,Dermomyotome,4
174_255,Dermomyotome,4
174_256,Dermomyotome,4
174_257,Dermomyotome,4
174_258,Connective tissue,4
174_259,Dermomyotome,4
174_260,Dermomyotome,4
174_261,Dermomyotome,4
174_262,Dermomyotome,4
174_263,Dermomyotome,4
174_264,Dermomyotome,4
174_265,Dermomyotome,4
174_266,Dermomyotome,4
174_267,Dermomyotome,4
174_268,Dermomyotome,4
174_269,Dermomyotome,4
174_270,Dermomyotome,4
174_271,Dermomyotome,4
174_272,Dermomyotome,4
174_273,Dermomyotome,4
174_274,Dermomyotome,4
174_275,Dermomyotome,4
174_276,Dermomyotome,4
174_277,Dermomyotome,4
174_278,Dermomyotome,4
174_279,Dermomyotome,4
174_280,Dermomyotome,4
174_281,Dermomyotome,4
174_282,Dermomyotome,4
174_283,Dermomyotome,4
174_284,Dermomyotome,17
174_285,Dermomyotome,17
174_286,Dermomyotome,17
174_287,Dermomyotome,17
174_288,Dermomyotome,17
174_289,Dermomyotome,17
174_290,Dermomyotome,17
174_291,Dermomyotome,4
174_292,Dermomyotome,4
174_293,Sclerotome,4
174_294,Sclerotome,11
174_295,Sclerotome,11
174_296,Surface ectoderm,11
174_297,Surface ectoderm,11
174_298,Surface ectoderm,11
174_299,Surface ectoderm,11
174_300,Surface ectoderm,11
174_301,Surface ectoderm,16
174_302,Surface ectoderm,16
174_303,Cavity,16
175_105,Cavity,16
175_106,Meninges,16
175_107,Meninges,16
175_108,Meninges,16
175_109,Meninges,13
175_110,Meninges,13
175_111,Meninges,13
175_112,Meninges,13
175_113,Meninges,13
175_114,Meninges,13
175_115,Meninges,13
175_116,Brain,1
175_117,Brain,1
175_118,Brain,1
175_119,Brain,1
175_120,Brain,1
175_121,Brain,1
175_122,Brain,1
175_123,Brain,13
175_124,Brain,13
175_125,Jaw and tooth,13
175_126,Jaw and tooth,13
175_127,Jaw and tooth,8
175_128,Jaw and tooth,8
175_129,Jaw and tooth,8
175_130,Jaw and tooth,8
175_131,Jaw and tooth,8
175_132,Jaw and tooth,8
175_133,Head mesenchyme,13
175_134,Head mesenchyme,13
175_135,Brain,13
175_136,Brain,1
175_137,Brain,1
175_138,Brain,1
175_139,Brain,1
175_140,Brain,1
175_141,Brain,1
175_142,Brain,14
175_143,Brain,14
175_144,Brain,14
175_145,Brain,14
175_146,Brain,14
175_147,Brain,14
175_148,Brain,14
175_149,Brain,14
175_150,Brain,14
175_151,Brain,14
175_152,Brain,14
175_153,Cavity,13
175_154,Cavity,13
175_155,Cavity,13
175_156,Cavity,13
175_157,Cavity,13
175_158,Cavity,13
175_159,Cavity,13
175_160,Cavity,13
175_161,Cavity,13
175_162,Cavity,13
175_163,Cavity,13
175_164,Cavity,13
175_165,Cavity,13
175_166,Cavity,13
175_167,Cavity,13
175_168,Cavity,13
175_169,Cavity,13
175_170,Brain,14
175_171,Brain,14
175_172,Brain,14
175_173,Brain,14
175_174,Brain,14
175_175,Brain,14
175_176,Brain,14
175_177,Brain,14
175_178,Brain,1
175_179,Brain,1
175_180,Brain,1
175_181,Brain,1
175_182,Brain,1
175_183,Brain,1
175_184,Brain,13
175_185,Connective tissue,13
175_186,Dorsal root ganglion,7
175_187,Dorsal root ganglion,15
175_188,Dorsal root ganglion,15
175_189,Dorsal root ganglion,15
175_190,Dorsal root ganglion,15
175_191,Dorsal root ganglion,15
175_192,Dorsal root ganglion,15
175_193,Inner ear,2
175_194,Inner ear,2
175_195,Inner ear,2
175_196,Inner ear,2
175_197,Dorsal root ganglion,2
175_198,Dorsal root ganglion,7
175_199,Dorsal root ganglion,7
175_200,Dorsal root ganglion,7
175_201,Dorsal root ganglion,2
175_202,Inner ear,2
175_203,Inner ear,2
175_204,Inner ear,2
175_205,Inner ear,2
175_206,Inner ear,2
175_207,Inner ear,2
175_208,Inner ear,7
175_209,Connective tissue,7
175_210,Blood vessel,7
175_211,Blood vessel,3
175_212,Blood vessel,3
175_213,Dorsal root ganglion,3
175_214,Dorsal root ganglion,15
175_215,Dorsal root ganglion,15
175_216,Dorsal root ganglion,3
175_217,Dorsal root ganglion,7
175_218,Inner ear,2
175_219,Inner ear,2
175_220,Lung primordium,2
175_221,Lung primordium,2
175_222,Inner ear,2
175_223,Dermomyotome,2
175_224,Dermomyotome,2
175_225,Lung primordium,4
175_226,Lung primordium,4
175_227,Connective tissue,4
175_228,Connective tissue,4
175_229,Dermomyotome,4
175_230,Dermomyotome,4
175_231,Dermomyotome,4
175_232,Dorsal root ganglion,3
175_233,Dorsal root ganglion,15
175_234,Dorsal root ganglion,15
175_235,Dorsal root ganglion,15
175_236,Dorsal root ganglion,15
175_237,Dorsal root ganglion,15
175_238,Dorsal root ganglion,15
175_239,Dorsal root ganglion,3
175_240,Connective tissue,3
175_241,Connective tissue,3
175_242,Blood vessel,19
175_243,Blood vessel,19
175_244,Cavity,19
175_245,Cavity,19
175_246,Blood vessel,19
175_247,Connective tissue,3
175_248,Dermomyotome,4
175_249,Dermomyotome,4
175_250,Dermomyotome,4
175_251,Dermomyotome,4
175_252,Dermomyotome,4
175_253,Dermomyotome,4
175_254,Dermomyotome,4
175_255,Dermomyotome,4
175_256,Connective tissue,4
175_257,Dermomyotome,4
175_258,Connective tissue,4
175_259,Dermomyotome,4
175_260,Dermomyotome,4
175_261,Dermomyotome,4
175_262,Connective tissue,3
175_263,Dermomyotome,4
175_264,Dermomyotome,4
175_265,Dermomyotome,4
175_266,Dermomyotome,4
175_267,Dermomyotome,4
175_268,Dermomyotome,4
175_269,Dermomyotome,4
175_270,Dermomyotome,4
175_271,Dermomyotome,4
175_272,Dermomyotome,4
175_273,Dermomyotome,4
175_274,Dermomyotome,4
175_275,Dermomyotome,4
175_276,Dermomyotome,4
175_277,Dermomyotome,4
175_278,Dermomyotome,4
175_279,Dermomyotome,4
175_280,Dermomyotome,3
175_281,Connective tissue,4
175_282,Dermomyotome,4
175_283,Dermomyotome,4
175_284,Dermomyotome,17
175_285,Dermomyotome,17
175_286,Dermomyotome,17
175_287,Dermomyotome,17
175_288,Dermomyotome,17
175_289,Dermomyotome,17
175_290,Dermomyotome,17
175_291,Dermomyotome,4
175_292,Dermomyotome,4
175_293,Dermomyotome,4
175_294,Dermomyotome,4
175_295,Dermomyotome,4
175_296,Dermomyotome,4
175_297,Dermomyotome,4
175_298,Surface ectoderm,4
175_299,Surface ectoderm,11
175_300,Surface ectoderm,11
175_301,Surface ectoderm,11
175_302,Surface ectoderm,16
175_303,Surface ectoderm,16
175_304,Cavity,16
176_104,Cavity,16
176_105,Meninges,16
176_106,Meninges,16
176_107,Meninges,13
176_108,Meninges,13
176_109,Meninges,13
176_110,Meninges,13
176_111,Meninges,13
176_112,Meninges,13
176_113,Meninges,13
176_114,Brain,1
176_115,Brain,1
176_116,Brain,1
176_117,Brain,1
176_118,Brain,1
176_119,Brain,1
176_120,Brain,1
176_121,Brain,1
176_122,Brain,1
176_123,Brain,1
176_124,Brain,13
176_125,Brain,13
176_126,Jaw and tooth,13
176_127,Jaw and tooth,8
176_128,Jaw and tooth,8
176_129,Jaw and tooth,8
176_130,Jaw and tooth,8
176_131,Head mesenchyme,8
176_132,Head mesenchyme,8
176_133,Head mesenchyme,13
176_134,Head mesenchyme,13
176_135,Head mesenchyme,13
176_136,Brain,1
176_137,Brain,1
176_138,Brain,1
176_139,Brain,1
176_140,Brain,1
176_141,Brain,1
176_142,Brain,1
176_143,Brain,14
176_144,Brain,14
176_145,Brain,14
176_146,Brain,14
176_147,Brain,14
176_148,Brain,14
176_149,Brain,14
176_150,Brain,14
176_151,Brain,14
176_152,Brain,14
176_153,Brain,14
176_154,Cavity,14
176_155,Cavity,13
176_156,Cavity,13
176_157,Cavity,13
176_158,Cavity,13
176_159,Cavity,13
176_160,Cavity,13
176_161,Cavity,13
176_162,Cavity,13
176_163,Cavity,13
176_164,Cavity,13
176_165,Cavity,13
176_166,Cavity,13
176_167,Cavity,13
176_168,Cavity,13
176_169,Brain,14
176_170,Brain,14
176_171,Brain,14
176_172,Brain,14
176_173,Brain,14
176_174,Brain,14
176_175,Brain,14
176_176,Brain,14
176_177,Brain,14
176_178,Brain,1
176_179,Brain,1
176_180,Brain,1
176_181,Brain,1
176_182,Brain,1
176_183,Brain,1
176_184,Brain,13
176_185,Head mesenchyme,13
176_186,Connective tissue,7
176_187,Dorsal root ganglion,15
176_188,Dorsal root ganglion,15
176_189,Dorsal root ganglion,15
176_190,Dorsal root ganglion,15
176_191,Dorsal root ganglion,15
176_192,Dorsal root ganglion,15
176_193,Dorsal root ganglion,2
176_194,Inner ear,2
176_195,Inner ear,2
176_196,Inner ear,2
176_197,Dorsal root ganglion,2
176_198,Dorsal root ganglion,7
176_199,Dorsal root ganglion,7
176_200,Dorsal root ganglion,7
176_201,Inner ear,2
176_202,Inner ear,2
176_203,Inner ear,2
176_204,Inner ear,2
176_205,Inner ear,2
176_206,Inner ear,2
176_207,Inner ear,2
176_208,Head mesenchyme,2
176_209,Connective tissue,7
176_210,Connective tissue,7
176_211,Connective tissue,3
176_212,Connective tissue,3
176_213,Connective tissue,3
176_214,Connective tissue,3
176_215,Head mesenchyme,3
176_216,Connective tissue,3
176_217,Connective tissue,7
176_218,Head mesenchyme,2
176_219,Inner ear,2
176_220,Lung primordium,2
176_221,Lung primordium,2
176_222,Lung primordium,2
176_223,Lung primordium,2
176_224,Lung primordium,2
176_225,Lung primordium,5
176_226,Lung primordium,5
176_227,Lung primordium,3
176_228,Lung primordium,3
176_229,Lung primordium,3
176_230,Lung primordium,3
176_231,Dermomyotome,4
176_232,Dermomyotome,3
176_233,Lung primordium,3
176_234,Dorsal root ganglion,15
176_235,Dorsal root ganglion,15
176_236,Dorsal root ganglion,15
176_237,Dorsal root ganglion,15
176_238,Dorsal root ganglion,15
176_239,Dorsal root ganglion,15
176_240,Connective tissue,3
176_241,Connective tissue,3
176_242,Connective tissue,3
176_243,Blood vessel,19
176_244,Cavity,19
176_245,Cavity,19
176_246,Cavity,19
176_247,Blood vessel,19
176_248,Connective tissue,3
176_249,Dermomyotome,4
176_250,Connective tissue,4
176_251,Connective tissue,4
176_252,Connective tissue,4
176_253,Dermomyotome,4
176_254,Dermomyotome,4
176_255,Connective tissue,4
176_256,Dermomyotome,4
176_257,Connective tissue,4
176_258,Connective tissue,4
176_259,Connective tissue,4
176_260,Connective tissue,3
176_261,Connective tissue,3
176_262,Blood vessel,3
176_263,Connective tissue,3
176_264,Dermomyotome,4
176_265,Dermomyotome,4
176_266,Dermomyotome,4
176_267,Dermomyotome,4
176_268,Dermomyotome,4
176_269,Dermomyotome,4
176_270,Dermomyotome,4
176_271,Dermomyotome,4
176_272,Dermomyotome,4
176_273,Dermomyotome,4
176_274,Dermomyotome,4
176_275,Dermomyotome,4
176_276,Dermomyotome,4
176_277,Dermomyotome,4
176_278,Dermomyotome,4
176_279,Dermomyotome,4
176_280,Dermomyotome,3
176_281,Connective tissue,4
176_282,Dermomyotome,4
176_283,Dermomyotome,4
176_284,Dermomyotome,17
176_285,Dermomyotome,17
176_286,Dermomyotome,17
176_287,Dermomyotome,17
176_288,Dermomyotome,17
176_289,Dermomyotome,17
176_290,Dermomyotome,4
176_291,Dermomyotome,4
176_292,Dermomyotome,4
176_293,Dermomyotome,4
176_294,Dermomyotome,4
176_295,Dermomyotome,4
176_296,Dermomyotome,17
176_297,Dermomyotome,17
176_298,Dermomyotome,4
176_299,Surface ectoderm,4
176_300,Surface ectoderm,11
176_301,Surface ectoderm,11
176_302,Surface ectoderm,11
176_303,Surface ectoderm,16
176_304,Surface ectoderm,16
176_305,Cavity,16
177_103,Cavity,16
177_104,Meninges,16
177_105,Meninges,16
177_106,Meninges,13
177_107,Meninges,13
177_108,Meninges,13
177_109,Meninges,13
177_110,Meninges,13
177_111,Meninges,13
177_112,Meninges,1
177_113,Brain,1
177_114,Brain,1
177_115,Brain,1
177_116,Brain,1
177_117,Brain,1
177_118,Brain,1
177_119,Brain,1
177_120,Brain,1
177_121,Brain,1
177_122,Brain,1
177_123,Brain,1
177_124,Brain,1
177_125,Brain,13
177_126,Brain,13
177_127,Jaw and tooth,13
177_128,Jaw and tooth,8
177_129,Jaw and tooth,8
177_130,Jaw and tooth,8
177_131,Head mesenchyme,8
177_132,Head mesenchyme,8
177_133,Head mesenchyme,13
177_134,Head mesenchyme,13
177_135,Head mesenchyme,13
177_136,Brain,13
177_137,Brain,1
177_138,Brain,1
177_139,Brain,1
177_140,Brain,1
177_141,Brain,1
177_142,Brain,1
177_143,Brain,1
177_144,Brain,14
177_145,Brain,14
177_146,Brain,14
177_147,Brain,14
177_148,Brain,14
177_149,Brain,14
177_150,Brain,14
177_151,Brain,14
177_152,Brain,14
177_153,Brain,14
177_154,Cavity,14
177_155,Cavity,13
177_156,Cavity,13
177_157,Cavity,13
177_158,Cavity,13
177_159,Cavity,13
177_160,Cavity,13
177_161,Cavity,13
177_162,Cavity,13
177_163,Cavity,13
177_164,Cavity,13
177_165,Cavity,13
177_166,Cavity,13
177_167,Brain,13
177_168,Brain,14
177_169,Brain,14
177_170,Brain,14
177_171,Brain,14
177_172,Brain,14
177_173,Brain,14
177_174,Brain,14
177_175,Brain,14
177_176,Brain,14
177_177,Brain,14
177_178,Brain,1
177_179,Brain,1
177_180,Brain,1
177_181,Brain,1
177_182,Brain,1
177_183,Brain,1
177_184,Brain,13
177_185,Connective tissue,13
177_186,Connective tissue,7
177_187,Dorsal root ganglion,15
177_188,Dorsal root ganglion,15
177_189,Dorsal root ganglion,15
177_190,Dorsal root ganglion,15
177_191,Dorsal root ganglion,15
177_192,Dorsal root ganglion,15
177_193,Dorsal root ganglion,15
177_194,Inner ear,2
177_195,Inner ear,2
177_196,Inner ear,2
177_197,Inner ear,2
177_198,Dorsal root ganglion,2
177_199,Dorsal root ganglion,2
177_200,Dorsal root ganglion,2
177_201,Inner ear,2
177_202,Inner ear,2
177_203,Inner ear,2
177_204,Inner ear,2
177_205,Inner ear,2
177_206,Inner ear,2
177_207,Inner ear,2
177_208,Head mesenchyme,2
177_209,Head mesenchyme,7
177_210,Connective tissue,7
177_211,Connective tissue,3
177_212,Blood vessel,3
177_213,Blood vessel,3
177_214,Connective tissue,3
177_215,Head mesenchyme,3
177_216,Head mesenchyme,2
177_217,Head mesenchyme,2
177_218,Head mesenchyme,2
177_219,Head mesenchyme,2
177_220,Inner ear,2
177_221,Lung primordium,2
177_222,Lung primordium,2
177_223,Lung primordium,2
177_224,Lung primordium,2
177_225,Lung primordium,5
177_226,Lung primordium,5
177_227,Lung primordium,5
177_228,Lung primordium,2
177_229,Lung primordium,3
177_230,Lung primordium,3
177_231,Lung primordium,3
177_232,Connective tissue,3
177_233,Lung primordium,3
177_234,Lung primordium,5
177_235,Dorsal root ganglion,3
177_236,Dorsal root ganglion,15
177_237,Dorsal root ganglion,15
177_238,Dorsal root ganglion,15
177_239,Dorsal root ganglion,15
177_240,Dorsal root ganglion,3
177_241,Connective tissue,3
177_242,Connective tissue,3
177_243,Connective tissue,3
177_244,Blood vessel,19
177_245,Cavity,19
177_246,Cavity,19
177_247,Cavity,19
177_248,Blood vessel,19
177_249,Connective tissue,3
177_250,Connective tissue,3
177_251,Connective tissue,3
177_252,Connective tissue,3
177_253,Connective tissue,3
177_254,Connective tissue,4
177_255,Connective tissue,4
177_256,Connective tissue,4
177_257,Connective tissue,4
177_258,Connective tissue,3
177_259,Connective tissue,3
177_260,Connective tissue,3
177_261,Connective tissue,3
177_262,Connective tissue,3
177_263,Connective tissue,3
177_264,Dermomyotome,4
177_265,Dermomyotome,4
177_266,Dermomyotome,4
177_267,Dermomyotome,4
177_268,Dermomyotome,4
177_269,Dermomyotome,4
177_270,Dermomyotome,4
177_271,Dermomyotome,4
177_272,Dermomyotome,4
177_273,Dermomyotome,4
177_274,Dermomyotome,4
177_275,Dermomyotome,4
177_276,Dermomyotome,4
177_277,Dermomyotome,4
177_278,Dermomyotome,4
177_279,Dermomyotome,4
177_280,Dermomyotome,4
177_281,Dermomyotome,4
177_282,Dermomyotome,4
177_283,Dermomyotome,4
177_284,Dermomyotome,4
177_285,Dermomyotome,17
177_286,Dermomyotome,17
177_287,Dermomyotome,17
177_288,Dermomyotome,17
177_289,Dermomyotome,17
177_290,Dermomyotome,4
177_291,Dermomyotome,4
177_292,Dermomyotome,4
177_293,Dermomyotome,17
177_294,Dermomyotome,17
177_295,Dermomyotome,17
177_296,Dermomyotome,17
177_297,Dermomyotome,17
177_298,Dermomyotome,17
177_299,Dermomyotome,4
177_300,Surface ectoderm,11
177_301,Surface ectoderm,11
177_302,Surface ectoderm,11
177_303,Surface ectoderm,11
177_304,Surface ectoderm,16
177_305,Surface ectoderm,16
177_306,Cavity,16
178_102,Cavity,16
178_103,Meninges,16
178_104,Meninges,16
178_105,Meninges,13
178_106,Meninges,13
178_107,Meninges,13
178_108,Meninges,13
178_109,Meninges,13
178_110,Meninges,13
178_111,Brain,1
178_112,Brain,1
178_113,Brain,1
178_114,Brain,1
178_115,Brain,1
178_116,Brain,1
178_117,Brain,1
178_118,Brain,1
178_119,Brain,1
178_120,Brain,1
178_121,Brain,1
178_122,Brain,1
178_123,Brain,1
178_124,Brain,1
178_125,Brain,1
178_126,Brain,13
178_127,Brain,13
178_128,Jaw and tooth,8
178_129,Head mesenchyme,8
178_130,Head mesenchyme,8
178_131,Head mesenchyme,8
178_132,Head mesenchyme,8
178_133,Head mesenchyme,8
178_134,Head mesenchyme,13
178_135,Head mesenchyme,13
178_136,Head mesenchyme,13
178_137,Brain,1
178_138,Brain,1
178_139,Brain,1
178_140,Brain,1
178_141,Brain,1
178_142,Brain,1
178_143,Brain,1
178_144,Brain,1
178_145,Brain,14
178_146,Brain,14
178_147,Brain,14
178_148,Brain,14
178_149,Brain,14
178_150,Brain,14
178_151,Brain,14
178_152,Brain,14
178_153,Brain,14
178_154,Brain,14
178_155,Brain,14
178_156,Cavity,14
178_157,Cavity,13
178_158,Cavity,13
178_159,Cavity,13
178_160,Cavity,13
178_161,Cavity,13
178_162,Cavity,13
178_163,Cavity,13
178_164,Cavity,13
178_165,Cavity,13
178_166,Cavity,13
178_167,Brain,14
178_168,Brain,14
178_169,Brain,14
178_170,Brain,14
178_171,Brain,14
178_172,Brain,14
178_173,Brain,14
178_174,Brain,14
178_175,Brain,14
178_176,Brain,14
178_177,Brain,14
178_178,Brain,1
178_179,Brain,1
178_180,Brain,1
178_181,Brain,1
178_182,Brain,1
178_183,Brain,1
178_184,Blood vessel,13
178_185,Blood vessel,3
178_186,Blood vessel,3
178_187,Dorsal root ganglion,3
178_188,Dorsal root ganglion,15
178_189,Dorsal root ganglion,15
178_190,Dorsal root ganglion,15
178_191,Dorsal root ganglion,15
178_192,Dorsal root ganglion,15
178_193,Dorsal root ganglion,15
178_194,Dorsal root ganglion,2
178_195,Inner ear,2
178_196,Inner ear,2
178_197,Inner ear,2
178_198,Inner ear,2
178_199,Inner ear,2
178_200,Inner ear,2
178_201,Inner ear,2
178_202,Inner ear,2
178_203,Inner ear,2
178_204,Inner ear,2
178_205,Inner ear,2
178_206,Inner ear,2
178_207,Inner ear,2
178_208,Inner ear,2
178_209,Head mesenchyme,2
178_210,Connective tissue,7
178_211,Blood vessel,3
178_212,Blood vessel,19
178_213,Blood vessel,19
178_214,Blood vessel,3
178_215,Head mesenchyme,3
178_216,Head mesenchyme,2
178_217,Head mesenchyme,2
178_218,Head mesenchyme,2
178_219,Surface ectoderm,2
178_220,Surface ectoderm,2
178_221,Surface ectoderm,2
178_222,Surface ectoderm,2
178_223,Surface ectoderm,2
178_224,Lung primordium,2
178_225,Lung primordium,5
178_226,Lung primordium,5
178_227,Lung primordium,2
178_228,Lung primordium,5
178_229,Lung primordium,5
178_230,Lung primordium,3
178_231,Connective tissue,3
178_232,Connective tissue,3
178_233,Lung primordium,3
178_234,Lung primordium,5
178_235,Lung primordium,5
178_236,GI tract,5
178_237,Dorsal root ganglion,15
178_238,Dorsal root ganglion,15
178_239,Dorsal root ganglion,15
178_240,Dorsal root ganglion,15
178_241,Dorsal root ganglion,3
178_242,Connective tissue,3
178_243,Connective tissue,3
178_244,Blood vessel,19
178_245,Cavity,19
178_246,Cavity,19
178_247,Cavity,19
178_248,Blood vessel,19
178_249,Blood vessel,3
178_250,Connective tissue,3
178_251,Connective tissue,3
178_252,Connective tissue,3
178_253,Connective tissue,3
178_254,Connective tissue,3
178_255,Connective tissue,3
178_256,Connective tissue,3
178_257,Connective tissue,3
178_258,Connective tissue,3
178_259,Connective tissue,3
178_260,Connective tissue,3
178_261,Connective tissue,3
178_262,Dermomyotome,3
178_263,Dermomyotome,4
178_264,Dermomyotome,4
178_265,Dermomyotome,4
178_266,Dermomyotome,4
178_267,Dermomyotome,4
178_268,Dermomyotome,4
178_269,Dermomyotome,4
178_270,Dermomyotome,4
178_271,Dermomyotome,4
178_272,Sclerotome,4
178_273,Dermomyotome,4
178_274,Dermomyotome,4
178_275,Dermomyotome,4
178_276,Dermomyotome,4
178_277,Dermomyotome,4
178_278,Dermomyotome,4
178_279,Dermomyotome,4
178_280,Dermomyotome,4
178_281,Dermomyotome,4
178_282,Dermomyotome,4
178_283,Dermomyotome,4
178_284,Dermomyotome,4
178_285,Dermomyotome,4
178_286,Dermomyotome,4
178_287,Dermomyotome,4
178_288,Dermomyotome,4
178_289,Dermomyotome,4
178_290,Dermomyotome,4
178_291,Dermomyotome,17
178_292,Dermomyotome,17
178_293,Dermomyotome,17
178_294,Dermomyotome,17
178_295,Dermomyotome,17
178_296,Dermomyotome,17
178_297,Dermomyotome,17
178_298,Dermomyotome,17
178_299,Dermomyotome,4
178_300,Surface ectoderm,11
178_301,Surface ectoderm,11
178_302,Surface ectoderm,11
178_303,Surface ectoderm,11
178_304,Surface ectoderm,11
178_305,Surface ectoderm,16
178_306,Surface ectoderm,16
178_307,Cavity,16
179_101,Cavity,16
179_102,Meninges,16
179_103,Meninges,16
179_104,Meninges,13
179_105,Meninges,13
179_106,Meninges,13
179_107,Meninges,13
179_108,Meninges,13
179_109,Meninges,13
179_110,Brain,1
179_111,Brain,1
179_112,Brain,1
179_113,Brain,1
179_114,Brain,1
179_115,Brain,1
179_116,Brain,1
179_117,Brain,1
179_118,Brain,1
179_119,Brain,1
179_120,Brain,1
179_121,Brain,1
179_122,Brain,14
179_123,Brain,14
179_124,Brain,14
179_125,Brain,1
179_126,Brain,1
179_127,Brain,13
179_128,Brain,13
179_129,Jaw and tooth,8
179_130,Jaw and tooth,8
179_131,Jaw and tooth,8
179_132,Head mesenchyme,8
179_133,Head mesenchyme,8
179_134,Head mesenchyme,8
179_135,Head mesenchyme,8
179_136,Head mesenchyme,13
179_137,Head mesenchyme,13
179_138,Brain,1
179_139,Brain,1
179_140,Brain,1
179_141,Brain,1
179_142,Brain,1
179_143,Brain,1
179_144,Brain,1
179_145,Brain,1
179_146,Brain,1
179_147,Brain,14
179_148,Brain,14
179_149,Brain,14
179_150,Brain,14
179_151,Brain,14
179_152,Brain,14
179_153,Brain,14
179_154,Brain,14
179_155,Brain,14
179_156,Brain,14
179_157,Brain,14
179_158,Cavity,14
179_159,Cavity,13
179_160,Cavity,13
179_161,Cavity,13
179_162,Cavity,13
179_163,Cavity,13
179_164,Cavity,13
179_165,Brain,14
179_166,Brain,14
179_167,Brain,14
179_168,Brain,14
179_169,Brain,14
179_170,Brain,14
179_171,Brain,14
179_172,Brain,14
179_173,Brain,14
179_174,Brain,14
179_175,Brain,14
179_176,Brain,14
179_177,Brain,14
179_178,Brain,1
179_179,Brain,1
179_180,Brain,1
179_181,Brain,1
179_182,Brain,1
179_183,Brain,1
179_184,Brain,13
179_185,Blood vessel,3
179_186,Blood vessel,3
179_187,Dorsal root ganglion,3
179_188,Dorsal root ganglion,15
179_189,Dorsal root ganglion,15
179_190,Dorsal root ganglion,15
179_191,Dorsal root ganglion,15
179_192,Dorsal root ganglion,15
179_193,Dorsal root ganglion,15
179_194,Dorsal root ganglion,15
179_195,Inner ear,2
179_196,Inner ear,2
179_197,Inner ear,2
179_198,Inner ear,2
179_199,Inner ear,2
179_200,Inner ear,2
179_201,Inner ear,2
179_202,Inner ear,2
179_203,Inner ear,2
179_204,Inner ear,2
179_205,Inner ear,2
179_206,Inner ear,2
179_207,Inner ear,2
179_208,Inner ear,2
179_209,Head mesenchyme,2
179_210,Connective tissue,3
179_211,Blood vessel,19
179_212,Cavity,19
179_213,Blood vessel,19
179_214,Blood vessel,3
179_215,Head mesenchyme,2
179_216,Head mesenchyme,2
179_217,Head mesenchyme,2
179_218,Surface ectoderm,2
179_219,Surface ectoderm,2
179_220,Surface ectoderm,2
179_221,Surface ectoderm,2
179_222,Surface ectoderm,2
179_223,Surface ectoderm,2
179_224,Surface ectoderm,2
179_225,Lung primordium,2
179_226,Lung primordium,5
179_227,Lung primordium,5
179_228,Lung primordium,5
179_229,Lung primordium,5
179_230,Lung primordium,3
179_231,Blood vessel,3
179_232,Blood vessel,3
179_233,Lung primordium,3
179_234,Lung primordium,5
179_235,GI tract,5
179_236,GI tract,5
179_237,Dorsal root ganglion,5
179_238,Dorsal root ganglion,15
179_239,Dorsal root ganglion,15
179_240,Dorsal root ganglion,15
179_241,Dorsal root ganglion,15
179_242,Dorsal root ganglion,3
179_243,Dorsal root ganglion,3
179_244,Blood vessel,3
179_245,Cavity,19
179_246,Cavity,19
179_247,Cavity,19
179_248,Blood vessel,19
179_249,Blood vessel,3
179_250,Blood vessel,3
179_251,Connective tissue,3
179_252,Connective tissue,3
179_253,Connective tissue,3
179_254,Connective tissue,3
179_255,Connective tissue,3
179_256,Connective tissue,3
179_257,Connective tissue,3
179_258,Connective tissue,3
179_259,Connective tissue,3
179_260,Connective tissue,3
179_261,Connective tissue,3
179_262,Connective tissue,3
179_263,Connective tissue,4
179_264,Dermomyotome,4
179_265,Dermomyotome,4
179_266,Dermomyotome,4
179_267,Dermomyotome,4
179_268,Dermomyotome,4
179_269,Dermomyotome,4
179_270,Dermomyotome,4
179_271,Connective tissue,4
179_272,Connective tissue,4
179_273,Connective tissue,4
179_274,Dermomyotome,4
179_275,Dermomyotome,4
179_276,Dermomyotome,4
179_277,Dermomyotome,4
179_278,Dermomyotome,4
179_279,Dermomyotome,4
179_280,Dermomyotome,4
179_281,Dermomyotome,4
179_282,Dermomyotome,4
179_283,Dermomyotome,4
179_284,Dermomyotome,4
179_285,Dermomyotome,4
179_286,Dermomyotome,4
179_287,Dermomyotome,4
179_288,Dermomyotome,4
179_289,Dermomyotome,4
179_290,Dermomyotome,17
179_291,Dermomyotome,17
179_292,Dermomyotome,17
179_293,Dermomyotome,17
179_294,Dermomyotome,17
179_295,Dermomyotome,17
179_296,Dermomyotome,17
179_297,Dermomyotome,17
179_298,Dermomyotome,4
179_299,Dermomyotome,4
179_300,Surface ectoderm,11
179_301,Surface ectoderm,11
179_302,Surface ectoderm,11
179_303,Surface ectoderm,11
179_304,Surface ectoderm,11
179_305,Surface ectoderm,11
179_306,Surface ectoderm,11
179_307,Surface ectoderm,16
179_308,Cavity,16
180_101,Cavity,16
180_102,Meninges,16
180_103,Meninges,13
180_104,Meninges,13
180_105,Meninges,13
180_106,Meninges,13
180_107,Meninges,13
180_108,Meninges,13
180_109,Brain,1
180_110,Brain,1
180_111,Brain,1
180_112,Brain,1
180_113,Brain,1
180_114,Brain,1
180_115,Brain,1
180_116,Brain,1
180_117,Brain,1
180_118,Brain,1
180_119,Brain,1
180_120,Brain,1
180_121,Brain,14
180_122,Brain,14
180_123,Brain,14
180_124,Brain,14
180_125,Brain,1
180_126,Brain,1
180_127,Brain,13
180_128,Brain,13
180_129,Head mesenchyme,13
180_130,Head mesenchyme,8
180_131,Jaw and tooth,8
180_132,Head mesenchyme,8
180_133,Head mesenchyme,8
180_134,Head mesenchyme,8
180_135,Head mesenchyme,8
180_136,Head mesenchyme,13
180_137,Head mesenchyme,13
180_138,Brain,13
180_139,Brain,1
180_140,Brain,1
180_141,Brain,1
180_142,Brain,1
180_143,Brain,1
180_144,Brain,1
180_145,Brain,1
180_146,Brain,1
180_147,Brain,1
180_148,Brain,14
180_149,Brain,14
180_150,Brain,14
180_151,Brain,14
180_152,Brain,14
180_153,Brain,14
180_154,Brain,14
180_155,Brain,14
180_156,Brain,14
180_157,Brain,14
180_158,Brain,14
180_159,Cavity,13
180_160,Cavity,13
180_161,Cavity,13
180_162,Cavity,13
180_163,Cavity,14
180_164,Brain,14
180_165,Brain,14
180_166,Brain,14
180_167,Brain,14
180_168,Brain,14
180_169,Brain,14
180_170,Brain,14
180_171,Brain,14
180_172,Brain,14
180_173,Brain,14
180_174,Brain,14
180_175,Brain,14
180_176,Brain,14
180_177,Brain,14
180_178,Brain,1
180_179,Brain,1
180_180,Brain,1
180_181,Brain,1
180_182,Brain,1
180_183,Brain,1
180_184,Brain,13
180_185,Blood vessel,3
180_186,Blood vessel,3
180_187,Dorsal root ganglion,3
180_188,Dorsal root ganglion,15
180_189,Dorsal root ganglion,15
180_190,Dorsal root ganglion,15
180_191,Dorsal root ganglion,15
180_192,Dorsal root ganglion,15
180_193,Dorsal root ganglion,15
180_194,Dorsal root ganglion,15
180_195,Dorsal root ganglion,15
180_196,Inner ear,2
180_197,Inner ear,2
180_198,Inner ear,2
180_199,Inner ear,2
180_200,Inner ear,2
180_201,Inner ear,2
180_202,Inner ear,2
180_203,Inner ear,2
180_204,Inner ear,2
180_205,Inner ear,2
180_206,Inner ear,2
180_207,Inner ear,2
180_208,Head mesenchyme,2
180_209,Head mesenchyme,2
180_210,Connective tissue,3
180_211,Blood vessel,3
180_212,Cavity,19
180_213,Blood vessel,3
180_214,Connective tissue,3
180_215,Head mesenchyme,2
180_216,Head mesenchyme,2
180_217,Surface ectoderm,2
180_218,Surface ectoderm,2
180_219,Surface ectoderm,2
180_220,Surface ectoderm,2
180_221,Surface ectoderm,2
180_222,Surface ectoderm,2
180_223,GI tract,2
180_224,GI tract,2
180_225,Lung primordium,2
180_226,Lung primordium,6
180_227,Lung primordium,5
180_228,Lung primordium,5
180_229,Lung primordium,5
180_230,Lung primordium,3
180_231,Blood vessel,19
180_232,Blood vessel,19
180_233,Connective tissue,3
180_234,GI tract,5
180_235,GI tract,5
180_236,GI tract,5
180_237,GI tract,5
180_238,GI tract,3
180_239,Dorsal root ganglion,15
180_240,Dorsal root ganglion,15
180_241,Dorsal root ganglion,15
180_242,Dorsal root ganglion,3
180_243,Connective tissue,3
180_244,Connective tissue,3
180_245,Blood vessel,19
180_246,Blood vessel,19
180_247,Blood vessel,19
180_248,Blood vessel,19
180_249,Blood vessel,3
180_250,Blood vessel,3
180_251,Blood vessel,19
180_252,Blood vessel,19
180_253,Blood vessel,19
180_254,Blood vessel,3
180_255,Connective tissue,3
180_256,Connective tissue,3
180_257,Connective tissue,3
180_258,Connective tissue,3
180_259,Blood vessel,3
180_260,Connective tissue,3
180_261,Connective tissue,3
180_262,Connective tissue,3
180_263,Connective tissue,6
180_264,Dermomyotome,6
180_265,Dermomyotome,4
180_266,Dermomyotome,4
180_267,Dermomyotome,4
180_268,Dermomyotome,4
180_269,Dermomyotome,4
180_270,Connective tissue,4
180_271,Dermomyotome,4
180_272,Dermomyotome,4
180_273,Dermomyotome,4
180_274,Dermomyotome,4
180_275,Dermomyotome,4
180_276,Dermomyotome,4
180_277,Dermomyotome,4
180_278,Dermomyotome,4
180_279,Dermomyotome,4
180_280,Dermomyotome,4
180_281,Dermomyotome,4
180_282,Dermomyotome,4
180_283,Dermomyotome,4
180_284,Dermomyotome,4
180_285,Dermomyotome,4
180_286,Dermomyotome,4
180_287,Dermomyotome,4
180_288,Dermomyotome,4
180_289,Dermomyotome,4
180_290,Dermomyotome,17
180_291,Dermomyotome,17
180_292,Dermomyotome,17
180_293,Dermomyotome,17
180_294,Dermomyotome,17
180_295,Dermomyotome,17
180_296,Dermomyotome,17
180_297,Dermomyotome,17
180_298,Dermomyotome,4
180_299,Dermomyotome,4
180_300,Dermomyotome,11
180_301,Sclerotome,11
180_302,Surface ectoderm,11
180_303,Surface ectoderm,11
180_304,Surface ectoderm,11
180_305,Surface ectoderm,11
180_306,Surface ectoderm,11
180_307,Surface ectoderm,11
180_308,Surface ectoderm,16
180_309,Cavity,16
181_100,Cavity,16
181_101,Meninges,16
181_102,Meninges,16
181_103,Meninges,13
181_104,Meninges,13
181_105,Meninges,13
181_106,Meninges,13
181_107,Meninges,13
181_108,Brain,1
181_109,Brain,1
181_110,Brain,1
181_111,Brain,1
181_112,Brain,1
181_113,Brain,1
181_114,Brain,1
181_115,Brain,1
181_116,Brain,1
181_117,Brain,1
181_118,Brain,1
181_119,Brain,1
181_120,Brain,1
181_121,Brain,1
181_122,Brain,14
181_123,Brain,14
181_124,Brain,1
181_125,Brain,1
181_126,Brain,1
181_127,Brain,1
181_128,Brain,13
181_129,Head mesenchyme,13
181_130,Jaw and tooth,8
181_131,Head mesenchyme,8
181_132,Head mesenchyme,8
181_133,Head mesenchyme,8
181_134,Head mesenchyme,8
181_135,Head mesenchyme,8
181_136,Head mesenchyme,8
181_137,Head mesenchyme,13
181_138,Head mesenchyme,13
181_139,Brain,13
181_140,Brain,1
181_141,Brain,1
181_142,Brain,1
181_143,Brain,1
181_144,Brain,1
181_145,Brain,1
181_146,Brain,1
181_147,Brain,1
181_148,Brain,1
181_149,Brain,14
181_150,Brain,14
181_151,Brain,14
181_152,Brain,14
181_153,Brain,14
181_154,Brain,14
181_155,Brain,14
181_156,Brain,14
181_157,Brain,14
181_158,Brain,14
181_159,Brain,14
181_160,Cavity,14
181_161,Cavity,14
181_162,Brain,14
181_163,Brain,14
181_164,Brain,14
181_165,Brain,14
181_166,Brain,14
181_167,Brain,14
181_168,Brain,14
181_169,Brain,14
181_170,Brain,14
181_171,Brain,14
181_172,Brain,14
181_173,Brain,14
181_174,Brain,14
181_175,Brain,14
181_176,Brain,14
181_177,Brain,14
181_178,Brain,1
181_179,Brain,1
181_180,Brain,1
181_181,Brain,1
181_182,Brain,1
181_183,Brain,1
181_184,Brain,13
181_185,Blood vessel,3
181_186,Blood vessel,3
181_187,Dorsal root ganglion,3
181_188,Dorsal root ganglion,15
181_189,Dorsal root ganglion,15
181_190,Dorsal root ganglion,15
181_191,Dorsal root ganglion,15
181_192,Dorsal root ganglion,15
181_193,Dorsal root ganglion,15
181_194,Dorsal root ganglion,15
181_195,Dorsal root ganglion,15
181_196,Inner ear,2
181_197,Inner ear,2
181_198,Inner ear,2
181_199,Inner ear,2
181_200,Inner ear,2
181_201,Inner ear,2
181_202,Inner ear,2
181_203,Inner ear,2
181_204,Inner ear,2
181_205,Inner ear,2
181_206,Inner ear,2
181_207,Inner ear,2
181_208,Head mesenchyme,2
181_209,Head mesenchyme,2
181_210,Head mesenchyme,3
181_211,Blood vessel,3
181_212,Blood vessel,3
181_213,Blood vessel,3
181_214,Head mesenchyme,2
181_215,Head mesenchyme,2
181_216,Surface ectoderm,2
181_217,Lung primordium,2
181_218,Lung primordium,2
181_219,Lung primordium,2
181_220,Lung primordium,2
181_221,Lung primordium,2
181_222,Lung primordium,2
181_223,GI tract,2
181_224,GI tract,2
181_225,Lung primordium,2
181_226,Lung primordium,2
181_227,Lung primordium,2
181_228,Lung primordium,2
181_229,Lung primordium,5
181_230,Connective tissue,3
181_231,Blood vessel,19
181_232,Blood vessel,19
181_233,Connective tissue,3
181_234,Connective tissue,5
181_235,GI tract,5
181_236,GI tract,5
181_237,GI tract,5
181_238,Connective tissue,3
181_239,Dorsal root ganglion,3
181_240,Dorsal root ganglion,15
181_241,Dorsal root ganglion,3
181_242,Dorsal root ganglion,3
181_243,Connective tissue,3
181_244,Connective tissue,3
181_245,Connective tissue,3
181_246,Blood vessel,3
181_247,Blood vessel,19
181_248,Blood vessel,19
181_249,Blood vessel,19
181_250,Blood vessel,19
181_251,Cavity,19
181_252,Cavity,19
181_253,Cavity,19
181_254,Blood vessel,19
181_255,Blood vessel,19
181_256,Blood vessel,3
181_257,Blood vessel,3
181_258,Blood vessel,3
181_259,Blood vessel,3
181_260,Blood vessel,3
181_261,Connective tissue,3
181_262,Connective tissue,3
181_263,Connective tissue,3
181_264,Connective tissue,3
181_265,Connective tissue,3
181_266,Connective tissue,3
181_267,Connective tissue,3
181_268,Connective tissue,3
181_269,Dermomyotome,4
181_270,Connective tissue,4
181_271,Connective tissue,4
181_272,Connective tissue,4
181_273,Dermomyotome,4
181_274,Dermomyotome,4
181_275,Dermomyotome,4
181_276,Dermomyotome,4
181_277,Dermomyotome,4
181_278,Dermomyotome,4
181_279,Dermomyotome,4
181_280,Dermomyotome,4
181_281,Dermomyotome,4
181_282,Dermomyotome,4
181_283,Dermomyotome,4
181_284,Dermomyotome,4
181_285,Dermomyotome,4
181_286,Dermomyotome,4
181_287,Dermomyotome,4
181_288,Dermomyotome,4
181_289,Dermomyotome,17
181_290,Dermomyotome,17
181_291,Dermomyotome,17
181_292,Dermomyotome,17
181_293,Dermomyotome,17
181_294,Dermomyotome,17
181_295,Dermomyotome,17
181_296,Dermomyotome,17
181_297,Dermomyotome,17
181_298,Dermomyotome,4
181_299,Dermomyotome,4
181_300,Dermomyotome,11
181_301,Dermomyotome,11
181_302,Sclerotome,11
181_303,Surface ectoderm,11
181_304,Surface ectoderm,11
181_305,Surface ectoderm,11
181_306,Surface ectoderm,11
181_307,Surface ectoderm,11
181_308,Surface ectoderm,11
181_309,Cavity,16
181_310,Cavity,16
182_100,Cavity,16
182_101,Meninges,16
182_102,Meninges,16
182_103,Meninges,13
182_104,Meninges,13
182_105,Meninges,13
182_106,Meninges,13
182_107,Meninges,1
182_108,Brain,1
182_109,Brain,1
182_110,Brain,1
182_111,Brain,1
182_112,Brain,1
182_113,Brain,1
182_114,Brain,1
182_115,Brain,1
182_116,Brain,1
182_117,Brain,1
182_118,Brain,1
182_119,Brain,1
182_120,Brain,1
182_121,Brain,1
182_122,Brain,1
182_123,Brain,1
182_124,Brain,1
182_125,Brain,1
182_126,Brain,1
182_127,Brain,1
182_128,Brain,13
182_129,Brain,13
182_130,Jaw and tooth,13
182_131,Head mesenchyme,8
182_132,Head mesenchyme,8
182_133,Head mesenchyme,8
182_134,Head mesenchyme,8
182_135,Head mesenchyme,8
182_136,Head mesenchyme,8
182_137,Head mesenchyme,13
182_138,Head mesenchyme,13
182_139,Head mesenchyme,13
182_140,Brain,13
182_141,Brain,1
182_142,Brain,1
182_143,Brain,1
182_144,Brain,1
182_145,Brain,1
182_146,Brain,1
182_147,Brain,1
182_148,Brain,1
182_149,Brain,1
182_150,Brain,14
182_151,Brain,14
182_152,Brain,14
182_153,Brain,14
182_154,Brain,14
182_155,Brain,14
182_156,Brain,14
182_157,Brain,14
182_158,Brain,14
182_159,Brain,14
182_160,Brain,14
182_161,Brain,14
182_162,Brain,14
182_163,Brain,14
182_164,Brain,14
182_165,Brain,14
182_166,Brain,14
182_167,Brain,14
182_168,Brain,14
182_169,Brain,14
182_170,Brain,14
182_171,Brain,14
182_172,Brain,14
182_173,Brain,14
182_174,Brain,14
182_175,Brain,14
182_176,Brain,14
182_177,Brain,1
182_178,Brain,1
182_179,Brain,1
182_180,Brain,1
182_181,Brain,1
182_182,Brain,1
182_183,Brain,1
182_184,Brain,13
182_185,Connective tissue,13
182_186,Blood vessel,3
182_187,Connective tissue,7
182_188,Dorsal root ganglion,7
182_189,Dorsal root ganglion,15
182_190,Dorsal root ganglion,15
182_191,Dorsal root ganglion,15
182_192,Dorsal root ganglion,15
182_193,Dorsal root ganglion,15
182_194,Dorsal root ganglion,15
182_195,Dorsal root ganglion,15
182_196,Inner ear,2
182_197,Inner ear,2
182_198,Inner ear,2
182_199,Inner ear,2
182_200,Inner ear,2
182_201,Inner ear,2
182_202,Inner ear,2
182_203,Inner ear,2
182_204,Inner ear,2
182_205,Inner ear,2
182_206,Inner ear,2
182_207,Head mesenchyme,2
182_208,Head mesenchyme,2
182_209,Head mesenchyme,2
182_210,Head mesenchyme,2
182_211,Head mesenchyme,7
182_212,Connective tissue,7
182_213,Head mesenchyme,2
182_214,Head mesenchyme,2
182_215,Surface ectoderm,2
182_216,Surface ectoderm,2
182_217,Lung primordium,2
182_218,Lung primordium,2
182_219,Lung primordium,2
182_220,Lung primordium,2
182_221,Lung primordium,2
182_222,Lung primordium,2
182_223,Lung primordium,2
182_224,Lung primordium,2
182_225,Lung primordium,2
182_226,Lung primordium,2
182_227,Lung primordium,2
182_228,Lung primordium,2
182_229,Lung primordium,3
182_230,Connective tissue,3
182_231,Blood vessel,19
182_232,Blood vessel,19
182_233,GI tract,3
182_234,GI tract,5
182_235,GI tract,5
182_236,GI tract,5
182_237,GI tract,5
182_238,GI tract,3
182_239,Connective tissue,3
182_240,GI tract,3
182_241,Lung primordium,3
182_242,Connective tissue,3
182_243,Connective tissue,3
182_244,Connective tissue,3
182_245,Connective tissue,3
182_246,Connective tissue,3
182_247,Blood vessel,3
182_248,Blood vessel,19
182_249,Blood vessel,19
182_250,Cavity,19
182_251,Cavity,19
182_252,Cavity,19
182_253,Cavity,19
182_254,Cavity,19
182_255,Cavity,19
182_256,Cavity,19
182_257,Blood vessel,19
182_258,Blood vessel,19
182_259,Blood vessel,19
182_260,Blood vessel,3
182_261,Connective tissue,3
182_262,Connective tissue,3
182_263,Connective tissue,3
182_264,Connective tissue,3
182_265,Connective tissue,3
182_266,Connective tissue,3
182_267,Connective tissue,3
182_268,Connective tissue,3
182_269,Connective tissue,3
182_270,Connective tissue,6
182_271,Connective tissue,6
182_272,Connective tissue,6
182_273,Dermomyotome,4
182_274,Dermomyotome,4
182_275,Dermomyotome,4
182_276,Dermomyotome,4
182_277,Connective tissue,4
182_278,Dermomyotome,4
182_279,Dermomyotome,4
182_280,Dermomyotome,4
182_281,Dermomyotome,4
182_282,Dermomyotome,4
182_283,Dermomyotome,4
182_284,Dermomyotome,4
182_285,Dermomyotome,4
182_286,Dermomyotome,4
182_287,Dermomyotome,4
182_288,Dermomyotome,4
182_289,Dermomyotome,17
182_290,Dermomyotome,17
182_291,Dermomyotome,17
182_292,Dermomyotome,17
182_293,Dermomyotome,17
182_294,Dermomyotome,17
182_295,Dermomyotome,17
182_296,Dermomyotome,17
182_297,Dermomyotome,4
182_298,Dermomyotome,4
182_299,Dermomyotome,4
182_300,Dermomyotome,6
182_301,Dermomyotome,11
182_302,Dermomyotome,11
182_303,Dermomyotome,11
182_304,Dermomyotome,11
182_305,Surface ectoderm,11
182_306,Surface ectoderm,11
182_307,Surface ectoderm,11
182_308,Surface ectoderm,11
182_309,Surface ectoderm,16
182_310,Surface ectoderm,16
182_311,Cavity,16
183_100,Cavity,16
183_101,Meninges,16
183_102,Meninges,13
183_103,Meninges,13
183_104,Meninges,13
183_105,Meninges,13
183_106,Meninges,1
183_107,Brain,1
183_108,Brain,1
183_109,Brain,1
183_110,Brain,14
183_111,Brain,14
183_112,Brain,1
183_113,Brain,1
183_114,Brain,1
183_115,Brain,1
183_116,Brain,1
183_117,Brain,1
183_118,Brain,1
183_119,Brain,1
183_120,Brain,1
183_121,Brain,1
183_122,Brain,1
183_123,Brain,1
183_124,Brain,1
183_125,Brain,1
183_126,Brain,1
183_127,Brain,1
183_128,Brain,13
183_129,Brain,13
183_130,Head mesenchyme,13
183_131,Head mesenchyme,13
183_132,Head mesenchyme,8
183_133,Head mesenchyme,8
183_134,Head mesenchyme,8
183_135,Head mesenchyme,8
183_136,Head mesenchyme,8
183_137,Head mesenchyme,8
183_138,Head mesenchyme,3
183_139,Blood vessel,3
183_140,Head mesenchyme,3
183_141,Brain,13
183_142,Brain,1
183_143,Brain,1
183_144,Brain,1
183_145,Brain,1
183_146,Brain,1
183_147,Brain,1
183_148,Brain,1
183_149,Brain,1
183_150,Brain,1
183_151,Brain,14
183_152,Brain,14
183_153,Brain,14
183_154,Brain,14
183_155,Brain,14
183_156,Brain,14
183_157,Brain,14
183_158,Brain,14
183_159,Brain,14
183_160,Brain,14
183_161,Brain,14
183_162,Brain,14
183_163,Brain,14
183_164,Brain,14
183_165,Brain,14
183_166,Brain,14
183_167,Brain,14
183_168,Brain,14
183_169,Brain,14
183_170,Brain,14
183_171,Brain,14
183_172,Brain,14
183_173,Brain,14
183_174,Brain,14
183_175,Brain,14
183_176,Brain,14
183_177,Brain,1
183_178,Brain,1
183_179,Brain,1
183_180,Brain,1
183_181,Brain,1
183_182,Brain,1
183_183,Brain,1
183_184,Brain,13
183_185,Connective tissue,13
183_186,Head mesenchyme,7
183_187,Head mesenchyme,8
183_188,Head mesenchyme,8
183_189,Dorsal root ganglion,8
183_190,Dorsal root ganglion,15
183_191,Dorsal root ganglion,15
183_192,Dorsal root ganglion,15
183_193,Dorsal root ganglion,15
183_194,Dorsal root ganglion,8
183_195,Inner ear,2
183_196,Inner ear,2
183_197,Inner ear,2
183_198,Inner ear,2
183_199,Inner ear,2
183_200,Inner ear,2
183_201,Inner ear,2
183_202,Inner ear,2
183_203,Inner ear,2
183_204,Inner ear,2
183_205,Inner ear,2
183_206,Head mesenchyme,2
183_207,Head mesenchyme,2
183_208,Head mesenchyme,2
183_209,Head mesenchyme,2
183_210,Head mesenchyme,2
183_211,Head mesenchyme,2
183_212,Head mesenchyme,2
183_213,Head mesenchyme,2
183_214,Surface ectoderm,2
183_215,Surface ectoderm,2
183_216,Branchial arch,2
183_217,Lung primordium,2
183_218,Lung primordium,2
183_219,Lung primordium,2
183_220,Lung primordium,2
183_221,Lung primordium,2
183_222,Lung primordium,2
183_223,Lung primordium,2
183_224,Lung primordium,2
183_225,Lung primordium,2
183_226,Lung primordium,2
183_227,Lung primordium,2
183_228,Lung primordium,2
183_229,Lung primordium,3
183_230,Blood vessel,19
183_231,Blood vessel,19
183_232,Blood vessel,19
183_233,GI tract,3
183_234,GI tract,5
183_235,GI tract,5
183_236,GI tract,2
183_237,GI tract,2
183_238,GI tract,5
183_239,Connective tissue,3
183_240,Lung primordium,3
183_241,Connective tissue,3
183_242,Connective tissue,3
183_243,Lung primordium,3
183_244,Lung primordium,3
183_245,Connective tissue,3
183_246,Connective tissue,3
183_247,Connective tissue,3
183_248,Blood vessel,19
183_249,Cavity,19
183_250,Cavity,19
183_251,Cavity,19
183_252,Cavity,19
183_253,Cavity,19
183_254,Cavity,19
183_255,Cavity,19
183_256,Cavity,19
183_257,Cavity,19
183_258,Cavity,19
183_259,Blood vessel,19
183_260,Blood vessel,19
183_261,Connective tissue,3
183_262,Connective tissue,3
183_263,Blood vessel,3
183_264,Connective tissue,3
183_265,Connective tissue,3
183_266,Connective tissue,3
183_267,Connective tissue,3
183_268,Connective tissue,3
183_269,Connective tissue,3
183_270,Connective tissue,3
183_271,Connective tissue,6
183_272,Connective tissue,6
183_273,Dermomyotome,4
183_274,Dermomyotome,4
183_275,Dermomyotome,4
183_276,Connective tissue,3
183_277,Connective tissue,3
183_278,Sclerotome,4
183_279,Sclerotome,4
183_280,Dermomyotome,4
183_281,Dermomyotome,4
183_282,Dermomyotome,4
183_283,Dermomyotome,4
183_284,Dermomyotome,4
183_285,Dermomyotome,4
183_286,Dermomyotome,4
183_287,Dermomyotome,4
183_288,Dermomyotome,4
183_289,Dermomyotome,17
183_290,Dermomyotome,17
183_291,Dermomyotome,17
183_292,Dermomyotome,17
183_293,Dermomyotome,17
183_294,Dermomyotome,17
183_295,Dermomyotome,17
183_296,Dermomyotome,4
183_297,Dermomyotome,4
183_298,Dermomyotome,4
183_299,Dermomyotome,4
183_300,Dermomyotome,4
183_301,Dermomyotome,4
183_302,Dermomyotome,4
183_303,Dermomyotome,4
183_304,Dermomyotome,4
183_305,Dermomyotome,4
183_306,Surface ectoderm,11
183_307,Surface ectoderm,11
183_308,Surface ectoderm,11
183_309,Surface ectoderm,11
183_310,Surface ectoderm,16
183_311,Cavity,16
183_312,Cavity,16
184_100,Meninges,16
184_101,Meninges,13
184_102,Meninges,13
184_103,Meninges,13
184_104,Meninges,13
184_105,Meninges,13
184_106,Brain,1
184_107,Brain,1
184_108,Brain,1
184_109,Brain,1
184_110,Brain,14
184_111,Brain,14
184_112,Brain,1
184_113,Brain,1
184_114,Brain,1
184_115,Brain,1
184_116,Brain,1
184_117,Brain,1
184_118,Brain,1
184_119,Brain,1
184_120,Brain,1
184_121,Brain,1
184_122,Brain,1
184_123,Brain,1
184_124,Brain,1
184_125,Brain,1
184_126,Brain,1
184_127,Brain,1
184_128,Brain,13
184_129,Brain,13
184_130,Brain,13
184_131,Head mesenchyme,13
184_132,Head mesenchyme,8
184_133,Head mesenchyme,8
184_134,Head mesenchyme,8
184_135,Head mesenchyme,8
184_136,Head mesenchyme,8
184_137,Head mesenchyme,8
184_138,Head mesenchyme,3
184_139,Blood vessel,19
184_140,Blood vessel,19
184_141,Head mesenchyme,13
184_142,Brain,13
184_143,Brain,1
184_144,Brain,1
184_145,Brain,1
184_146,Brain,1
184_147,Brain,1
184_148,Brain,1
184_149,Brain,1
184_150,Brain,1
184_151,Brain,1
184_152,Brain,1
184_153,Brain,14
184_154,Brain,14
184_155,Brain,14
184_156,Brain,14
184_157,Brain,14
184_158,Brain,14
184_159,Brain,14
184_160,Brain,14
184_161,Brain,14
184_162,Brain,14
184_163,Brain,14
184_164,Brain,14
184_165,Brain,14
184_166,Brain,14
184_167,Brain,14
184_168,Brain,14
184_169,Brain,14
184_170,Brain,14
184_171,Brain,14
184_172,Brain,14
184_173,Brain,14
184_174,Brain,14
184_175,Brain,1
184_176,Brain,1
184_177,Brain,1
184_178,Brain,1
184_179,Brain,1
184_180,Brain,1
184_181,Brain,1
184_182,Brain,1
184_183,Brain,1
184_184,Brain,13
184_185,Head mesenchyme,13
184_186,Head mesenchyme,8
184_187,Head mesenchyme,8
184_188,Head mesenchyme,8
184_189,Connective tissue,8
184_190,Dorsal root ganglion,8
184_191,Dorsal root ganglion,15
184_192,Dorsal root ganglion,8
184_193,Inner ear,8
184_194,Inner ear,8
184_195,Inner ear,2
184_196,Inner ear,2
184_197,Inner ear,2
184_198,Inner ear,2
184_199,Inner ear,2
184_200,Inner ear,2
184_201,Inner ear,2
184_202,Inner ear,2
184_203,Inner ear,2
184_204,Inner ear,2
184_205,Blood vessel,2
184_206,Head mesenchyme,2
184_207,Head mesenchyme,2
184_208,Head mesenchyme,7
184_209,Head mesenchyme,2
184_210,Head mesenchyme,7
184_211,Head mesenchyme,2
184_212,Head mesenchyme,2
184_213,Head mesenchyme,2
184_214,Surface ectoderm,2
184_215,Branchial arch,2
184_216,Lung primordium,2
184_217,Lung primordium,2
184_218,Lung primordium,2
184_219,Lung primordium,2
184_220,Branchial arch,2
184_221,Lung primordium,2
184_222,Lung primordium,2
184_223,Lung primordium,2
184_224,Lung primordium,2
184_225,Lung primordium,2
184_226,Lung primordium,2
184_227,Lung primordium,5
184_228,Lung primordium,3
184_229,Connective tissue,3
184_230,Blood vessel,19
184_231,Blood vessel,19
184_232,Blood vessel,3
184_233,GI tract,3
184_234,GI tract,5
184_235,GI tract,5
184_236,GI tract,5
184_237,GI tract,2
184_238,Lung primordium,5
184_239,Connective tissue,3
184_240,Lung primordium,3
184_241,Lung primordium,3
184_242,Connective tissue,3
184_243,Connective tissue,3
184_244,Lung primordium,3
184_245,Connective tissue,3
184_246,Connective tissue,3
184_247,Connective tissue,3
184_248,Connective tissue,3
184_249,Blood vessel,19
184_250,Cavity,19
184_251,Cavity,19
184_252,Cavity,19
184_253,Cavity,19
184_254,Cavity,19
184_255,Cavity,19
184_256,Cavity,19
184_257,Cavity,19
184_258,Cavity,19
184_259,Cavity,19
184_260,Cavity,19
184_261,Blood vessel,19
184_262,Blood vessel,19
184_263,Blood vessel,19
184_264,Blood vessel,3
184_265,Connective tissue,3
184_266,Connective tissue,3
184_267,Connective tissue,3
184_268,Connective tissue,3
184_269,Connective tissue,3
184_270,Connective tissue,3
184_271,Connective tissue,3
184_272,Connective tissue,6
184_273,Dermomyotome,4
184_274,Dermomyotome,4
184_275,Dermomyotome,4
184_276,Connective tissue,3
184_277,Connective tissue,6
184_278,Connective tissue,6
184_279,Sclerotome,4
184_280,Dermomyotome,4
184_281,Dermomyotome,4
184_282,Dermomyotome,4
184_283,Dermomyotome,4
184_284,Dermomyotome,4
184_285,Dermomyotome,4
184_286,Dermomyotome,4
184_287,Dermomyotome,4
184_288,Dermomyotome,4
184_289,Dermomyotome,17
184_290,Dermomyotome,17
184_291,Dermomyotome,17
184_292,Dermomyotome,17
184_293,Dermomyotome,17
184_294,Dermomyotome,17
184_295,Dermomyotome,17
184_296,Dermomyotome,4
184_297,Dermomyotome,4
184_298,Dermomyotome,4
184_299,Dermomyotome,4
184_300,Dermomyotome,4
184_301,Dermomyotome,4
184_302,Dermomyotome,17
184_303,Dermomyotome,17
184_304,Dermomyotome,17
184_305,Dermomyotome,4
184_306,Dermomyotome,4
184_307,Surface ectoderm,11
184_308,Surface ectoderm,11
184_309,Surface ectoderm,11
184_310,Surface ectoderm,11
184_311,Surface ectoderm,16
184_312,Cavity,16
184_313,Cavity,16
185_100,Meninges,16
185_101,Meninges,13
185_102,Meninges,13
185_103,Meninges,13
185_104,Meninges,13
185_105,Meninges,1
185_106,Brain,1
185_107,Brain,1
185_108,Brain,1
185_109,Brain,1
185_110,Brain,1
185_111,Brain,1
185_112,Brain,1
185_113,Brain,1
185_114,Brain,1
185_115,Brain,1
185_116,Brain,1
185_117,Brain,1
185_118,Brain,1
185_119,Brain,1
185_120,Brain,1
185_121,Brain,1
185_122,Brain,1
185_123,Brain,1
185_124,Brain,1
185_125,Brain,1
185_126,Brain,1
185_127,Brain,1
185_128,Brain,13
185_129,Brain,13
185_130,Brain,13
185_131,Head mesenchyme,13
185_132,Head mesenchyme,8
185_133,Head mesenchyme,8
185_134,Head mesenchyme,8
185_135,Head mesenchyme,8
185_136,Head mesenchyme,8
185_137,Head mesenchyme,8
185_138,Head mesenchyme,13
185_139,Blood vessel,19
185_140,Cavity,19
185_141,Blood vessel,19
185_142,Head mesenchyme,13
185_143,Brain,13
185_144,Brain,1
185_145,Brain,1
185_146,Brain,1
185_147,Brain,1
185_148,Brain,1
185_149,Brain,1
185_150,Brain,1
185_151,Brain,1
185_152,Brain,1
185_153,Brain,1
185_154,Brain,14
185_155,Brain,14
185_156,Brain,14
185_157,Brain,14
185_158,Brain,14
185_159,Brain,14
185_160,Brain,14
185_161,Brain,14
185_162,Brain,14
185_163,Brain,14
185_164,Brain,14
185_165,Brain,14
185_166,Brain,14
185_167,Brain,14
185_168,Brain,14
185_169,Brain,14
185_170,Brain,14
185_171,Brain,14
185_172,Brain,14
185_173,Brain,14
185_174,Brain,1
185_175,Brain,1
185_176,Brain,1
185_177,Brain,1
185_178,Brain,1
185_179,Brain,1
185_180,Brain,1
185_181,Brain,1
185_182,Brain,1
185_183,Brain,1
185_184,Head mesenchyme,13
185_185,Head mesenchyme,13
185_186,Head mesenchyme,8
185_187,Head mesenchyme,8
185_188,Head mesenchyme,8
185_189,Head mesenchyme,8
185_190,Connective tissue,8
185_191,Head mesenchyme,8
185_192,Head mesenchyme,8
185_193,Head mesenchyme,8
185_194,Head mesenchyme,8
185_195,Head mesenchyme,8
185_196,Inner ear,2
185_197,Inner ear,2
185_198,Inner ear,2
185_199,Inner ear,2
185_200,Inner ear,2
185_201,Inner ear,2
185_202,Inner ear,2
185_203,Head mesenchyme,2
185_204,Head mesenchyme,2
185_205,Head mesenchyme,2
185_206,Head mesenchyme,2
185_207,Head mesenchyme,2
185_208,Head mesenchyme,2
185_209,Head mesenchyme,2
185_210,Head mesenchyme,2
185_211,Head mesenchyme,2
185_212,Head mesenchyme,2
185_213,Surface ectoderm,2
185_214,Branchial arch,2
185_215,Lung primordium,2
185_216,Lung primordium,2
185_217,Lung primordium,2
185_218,Lung primordium,2
185_219,Lung primordium,2
185_220,Lung primordium,2
185_221,Lung primordium,2
185_222,Lung primordium,2
185_223,Lung primordium,2
185_224,Lung primordium,5
185_225,Lung primordium,5
185_226,Lung primordium,5
185_227,Lung primordium,3
185_228,Connective tissue,3
185_229,Blood vessel,19
185_230,Blood vessel,19
185_231,Blood vessel,19
185_232,Connective tissue,3
185_233,GI tract,5
185_234,GI tract,5
185_235,GI tract,5
185_236,GI tract,5
185_237,GI tract,5
185_238,Lung primordium,5
185_239,Lung primordium,3
185_240,Lung primordium,3
185_241,Connective tissue,3
185_242,Lung primordium,3
185_243,Connective tissue,3
185_244,Connective tissue,3
185_245,Connective tissue,3
185_246,Connective tissue,3
185_247,Blood vessel,3
185_248,Blood vessel,19
185_249,Blood vessel,19
185_250,Cavity,19
185_251,Cavity,19
185_252,Cavity,19
185_253,Cavity,19
185_254,Cavity,19
185_255,Cavity,19
185_256,Cavity,19
185_257,Cavity,19
185_258,Cavity,19
185_259,Cavity,19
185_260,Cavity,19
185_261,Cavity,19
185_262,Cavity,19
185_263,Cavity,19
185_264,Cavity,19
185_265,Cavity,19
185_266,Cavity,19
185_267,Blood vessel,19
185_268,Blood vessel,19
185_269,Connective tissue,3
185_270,Connective tissue,3
185_271,Connective tissue,3
185_272,Connective tissue,3
185_273,Connective tissue,6
185_274,Dermomyotome,4
185_275,Dermomyotome,4
185_276,Connective tissue,6
185_277,Connective tissue,6
185_278,Connective tissue,6
185_279,Connective tissue,4
185_280,Connective tissue,4
185_281,Dermomyotome,4
185_282,Dermomyotome,4
185_283,Dermomyotome,4
185_284,Dermomyotome,4
185_285,Dermomyotome,4
185_286,Dermomyotome,4
185_287,Dermomyotome,17
185_288,Dermomyotome,17
185_289,Dermomyotome,17
185_290,Dermomyotome,17
185_291,Dermomyotome,4
185_292,Dermomyotome,4
185_293,Dermomyotome,4
185_294,Dermomyotome,4
185_295,Dermomyotome,4
185_296,Dermomyotome,17
185_297,Dermomyotome,17
185_298,Dermomyotome,17
185_299,Dermomyotome,17
185_300,Dermomyotome,17
185_301,Dermomyotome,17
185_302,Dermomyotome,17
185_303,Dermomyotome,17
185_304,Dermomyotome,17
185_305,Dermomyotome,17
185_306,Dermomyotome,4
185_307,Surface ectoderm,11
185_308,Surface ectoderm,11
185_309,Surface ectoderm,11
185_310,Surface ectoderm,11
185_311,Surface ectoderm,11
185_312,Surface ectoderm,16
185_313,Cavity,16
185_99,Cavity,16
186_100,Meninges,16
186_101,Meninges,13
186_102,Meninges,13
186_103,Meninges,13
186_104,Meninges,1
186_105,Brain,1
186_106,Brain,1
186_107,Brain,1
186_108,Brain,1
186_109,Brain,1
186_110,Brain,1
186_111,Brain,1
186_112,Brain,1
186_113,Brain,1
186_114,Brain,1
186_115,Brain,1
186_116,Brain,1
186_117,Brain,1
186_118,Brain,1
186_119,Brain,1
186_120,Brain,1
186_121,Brain,1
186_122,Brain,1
186_123,Brain,1
186_124,Brain,1
186_125,Brain,1
186_126,Brain,1
186_127,Brain,1
186_128,Brain,13
186_129,Brain,13
186_130,Head mesenchyme,13
186_131,Head mesenchyme,13
186_132,Head mesenchyme,8
186_133,Head mesenchyme,8
186_134,Head mesenchyme,8
186_135,Head mesenchyme,8
186_136,Head mesenchyme,8
186_137,Head mesenchyme,8
186_138,Head mesenchyme,8
186_139,Blood vessel,19
186_140,Blood vessel,19
186_141,Blood vessel,19
186_142,Blood vessel,13
186_143,Head mesenchyme,13
186_144,Head mesenchyme,13
186_145,Brain,13
186_146,Brain,1
186_147,Brain,1
186_148,Brain,1
186_149,Brain,1
186_150,Brain,1
186_151,Brain,1
186_152,Brain,1
186_153,Brain,1
186_154,Brain,1
186_155,Brain,14
186_156,Brain,14
186_157,Brain,14
186_158,Brain,14
186_159,Brain,14
186_160,Brain,14
186_161,Brain,14
186_162,Brain,14
186_163,Brain,14
186_164,Brain,14
186_165,Brain,14
186_166,Brain,14
186_167,Brain,14
186_168,Brain,14
186_169,Brain,14
186_170,Brain,14
186_171,Brain,1
186_172,Brain,1
186_173,Brain,1
186_174,Brain,1
186_175,Brain,1
186_176,Brain,1
186_177,Brain,1
186_178,Brain,1
186_179,Brain,1
186_180,Brain,1
186_181,Brain,1
186_182,Brain,1
186_183,Brain,13
186_184,Head mesenchyme,13
186_185,Head mesenchyme,13
186_186,Head mesenchyme,8
186_187,Head mesenchyme,8
186_188,Head mesenchyme,8
186_189,Head mesenchyme,8
186_190,Head mesenchyme,8
186_191,Head mesenchyme,8
186_192,Head mesenchyme,8
186_193,Head mesenchyme,8
186_194,Head mesenchyme,2
186_195,Head mesenchyme,2
186_196,Head mesenchyme,2
186_197,Inner ear,2
186_198,Inner ear,2
186_199,Inner ear,2
186_200,Inner ear,2
186_201,Inner ear,2
186_202,Head mesenchyme,2
186_203,Head mesenchyme,2
186_204,Head mesenchyme,2
186_205,Head mesenchyme,2
186_206,Head mesenchyme,2
186_207,Head mesenchyme,2
186_208,Head mesenchyme,2
186_209,Head mesenchyme,2
186_210,Head mesenchyme,2
186_211,Head mesenchyme,2
186_212,Surface ectoderm,2
186_213,Surface ectoderm,2
186_214,Branchial arch,2
186_215,Branchial arch,2
186_216,Lung primordium,2
186_217,Lung primordium,2
186_218,Lung primordium,2
186_219,Lung primordium,2
186_220,Lung primordium,2
186_221,Lung primordium,2
186_222,Lung primordium,2
186_223,Lung primordium,2
186_224,Lung primordium,5
186_225,Lung primordium,5
186_226,Lung primordium,3
186_227,Lung primordium,3
186_228,Blood vessel,3
186_229,Blood vessel,19
186_230,Blood vessel,19
186_231,Connective tissue,3
186_232,GI tract,3
186_233,GI tract,5
186_234,GI tract,5
186_235,GI tract,5
186_236,GI tract,5
186_237,GI tract,5
186_238,Lung primordium,5
186_239,Lung primordium,3
186_240,Lung primordium,3
186_241,Lung primordium,3
186_242,Connective tissue,3
186_243,Connective tissue,3
186_244,Connective tissue,3
186_245,Connective tissue,3
186_246,Blood vessel,19
186_247,Blood vessel,19
186_248,Cavity,19
186_249,Cavity,19
186_250,Cavity,19
186_251,Cavity,19
186_252,Cavity,19
186_253,Cavity,19
186_254,Cavity,19
186_255,Cavity,19
186_256,Cavity,19
186_257,Cavity,19
186_258,Cavity,19
186_259,Cavity,19
186_260,Cavity,19
186_261,Cavity,19
186_262,Cavity,19
186_263,Cavity,19
186_264,Cavity,19
186_265,Cavity,19
186_266,Cavity,19
186_267,Cavity,19
186_268,Blood vessel,19
186_269,Blood vessel,19
186_270,Connective tissue,3
186_271,Connective tissue,3
186_272,Connective tissue,3
186_273,Connective tissue,6
186_274,Urogenital ridge,6
186_275,Connective tissue,6
186_276,Connective tissue,6
186_277,Connective tissue,6
186_278,Connective tissue,6
186_279,Connective tissue,4
186_280,Dermomyotome,4
186_281,Dermomyotome,4
186_282,Dermomyotome,4
186_283,Dermomyotome,4
186_284,Dermomyotome,4
186_285,Dermomyotome,4
186_286,Dermomyotome,17
186_287,Dermomyotome,17
186_288,Dermomyotome,17
186_289,Dermomyotome,17
186_290,Dermomyotome,4
186_291,Dermomyotome,4
186_292,Dermomyotome,4
186_293,Dermomyotome,4
186_294,Dermomyotome,4
186_295,Dermomyotome,4
186_296,Dermomyotome,17
186_297,Dermomyotome,17
186_298,Dermomyotome,17
186_299,Dermomyotome,17
186_300,Dermomyotome,17
186_301,Dermomyotome,17
186_302,Dermomyotome,17
186_303,Dermomyotome,17
186_304,Dermomyotome,17
186_305,Dermomyotome,17
186_306,Dermomyotome,4
186_307,Surface ectoderm,11
186_308,Surface ectoderm,11
186_309,Surface ectoderm,11
186_310,Surface ectoderm,11
186_311,Surface ectoderm,11
186_312,Surface ectoderm,11
186_313,Surface ectoderm,11
186_314,Cavity,16
186_99,Cavity,16
187_100,Meninges,16
187_101,Meninges,13
187_102,Meninges,13
187_103,Meninges,13
187_104,Meninges,1
187_105,Brain,1
187_106,Brain,1
187_107,Brain,1
187_108,Brain,1
187_109,Brain,1
187_110,Brain,1
187_111,Brain,1
187_112,Brain,1
187_113,Brain,1
187_114,Brain,1
187_115,Brain,1
187_116,Brain,1
187_117,Brain,1
187_118,Brain,1
187_119,Brain,1
187_120,Brain,1
187_121,Brain,1
187_122,Brain,1
187_123,Brain,1
187_124,Brain,1
187_125,Brain,1
187_126,Brain,1
187_127,Brain,1
187_128,Brain,13
187_129,Brain,13
187_130,Brain,13
187_131,Head mesenchyme,13
187_132,Head mesenchyme,8
187_133,Head mesenchyme,8
187_134,Head mesenchyme,8
187_135,Head mesenchyme,8
187_136,Head mesenchyme,8
187_137,Head mesenchyme,8
187_138,Head mesenchyme,8
187_139,Head mesenchyme,8
187_140,Blood vessel,3
187_141,Blood vessel,3
187_142,Blood vessel,13
187_143,Head mesenchyme,13
187_144,Head mesenchyme,13
187_145,Head mesenchyme,13
187_146,Brain,1
187_147,Brain,1
187_148,Brain,1
187_149,Brain,1
187_150,Brain,1
187_151,Brain,1
187_152,Brain,1
187_153,Brain,1
187_154,Brain,1
187_155,Brain,14
187_156,Brain,14
187_157,Brain,14
187_158,Brain,14
187_159,Brain,14
187_160,Brain,14
187_161,Brain,14
187_162,Brain,14
187_163,Brain,14
187_164,Brain,14
187_165,Brain,14
187_166,Brain,14
187_167,Brain,14
187_168,Brain,1
187_169,Brain,1
187_170,Brain,1
187_171,Brain,1
187_172,Brain,1
187_173,Brain,1
187_174,Brain,1
187_175,Brain,1
187_176,Brain,1
187_177,Brain,1
187_178,Brain,1
187_179,Brain,1
187_180,Brain,1
187_181,Brain,1
187_182,Brain,13
187_183,Head mesenchyme,13
187_184,Head mesenchyme,13
187_185,Head mesenchyme,8
187_186,Head mesenchyme,8
187_187,Head mesenchyme,8
187_188,Head mesenchyme,8
187_189,Head mesenchyme,8
187_190,Head mesenchyme,8
187_191,Head mesenchyme,8
187_192,Head mesenchyme,8
187_193,Head mesenchyme,2
187_194,Head mesenchyme,2
187_195,Head mesenchyme,2
187_196,Head mesenchyme,7
187_197,Head mesenchyme,2
187_198,Inner ear,2
187_199,Inner ear,2
187_200,Inner ear,2
187_201,Head mesenchyme,2
187_202,Head mesenchyme,2
187_203,Head mesenchyme,2
187_204,Head mesenchyme,2
187_205,Head mesenchyme,2
187_206,Head mesenchyme,2
187_207,Head mesenchyme,2
187_208,Head mesenchyme,2
187_209,Head mesenchyme,2
187_210,Surface ectoderm,2
187_211,Surface ectoderm,2
187_212,Surface ectoderm,2
187_213,Surface ectoderm,2
187_214,Branchial arch,2
187_215,Branchial arch,2
187_216,Branchial arch,2
187_217,Branchial arch,2
187_218,Lung primordium,2
187_219,Lung primordium,2
187_220,Lung primordium,2
187_221,Lung primordium,2
187_222,Lung primordium,2
187_223,Lung primordium,2
187_224,Lung primordium,3
187_225,Lung primordium,3
187_226,Lung primordium,3
187_227,Connective tissue,3
187_228,Blood vessel,3
187_229,Blood vessel,3
187_230,Connective tissue,3
187_231,GI tract,3
187_232,GI tract,5
187_233,GI tract,5
187_234,GI tract,5
187_235,GI tract,5
187_236,GI tract,5
187_237,Lung primordium,5
187_238,Lung primordium,5
187_239,Lung primordium,5
187_240,Lung primordium,3
187_241,Lung primordium,3
187_242,Connective tissue,3
187_243,Connective tissue,3
187_244,Blood vessel,3
187_245,Blood vessel,19
187_246,Cavity,19
187_247,Cavity,19
187_248,Cavity,19
187_249,Cavity,19
187_250,Cavity,19
187_251,Cavity,19
187_252,Cavity,19
187_253,Cavity,19
187_254,Cavity,19
187_255,Cavity,19
187_256,Cavity,19
187_257,Cavity,19
187_258,Cavity,19
187_259,Cavity,19
187_260,Cavity,19
187_261,Cavity,19
187_262,Cavity,19
187_263,Cavity,19
187_264,Cavity,19
187_265,Cavity,19
187_266,Cavity,19
187_267,Cavity,19
187_268,Cavity,19
187_269,Cavity,19
187_270,Blood vessel,19
187_271,Blood vessel,3
187_272,Connective tissue,3
187_273,Connective tissue,6
187_274,Urogenital ridge,6
187_275,Urogenital ridge,6
187_276,Connective tissue,6
187_277,Connective tissue,6
187_278,Connective tissue,6
187_279,Connective tissue,4
187_280,Dermomyotome,4
187_281,Dermomyotome,6
187_282,Dermomyotome,6
187_283,Dermomyotome,4
187_284,Dermomyotome,4
187_285,Dermomyotome,17
187_286,Dermomyotome,17
187_287,Dermomyotome,17
187_288,Dermomyotome,17
187_289,Dermomyotome,4
187_290,Dermomyotome,4
187_291,Dermomyotome,4
187_292,Dermomyotome,4
187_293,Dermomyotome,4
187_294,Dermomyotome,4
187_295,Dermomyotome,17
187_296,Dermomyotome,17
187_297,Dermomyotome,17
187_298,Dermomyotome,17
187_299,Dermomyotome,17
187_300,Dermomyotome,17
187_301,Dermomyotome,17
187_302,Dermomyotome,17
187_303,Dermomyotome,17
187_304,Dermomyotome,17
187_305,Dermomyotome,4
187_306,Dermomyotome,4
187_307,Sclerotome,11
187_308,Surface ectoderm,11
187_309,Surface ectoderm,11
187_310,Surface ectoderm,11
187_311,Surface ectoderm,11
187_312,Surface ectoderm,11
187_313,Surface ectoderm,11
187_314,Surface ectoderm,11
187_315,Cavity,16
187_98,Cavity,16
187_99,Meninges,16
188_100,Meninges,13
188_101,Meninges,13
188_102,Meninges,13
188_103,Meninges,13
188_104,Brain,1
188_105,Brain,1
188_106,Brain,1
188_107,Brain,1
188_108,Brain,1
188_109,Brain,1
188_110,Brain,1
188_111,Brain,1
188_112,Brain,1
188_113,Brain,1
188_114,Brain,1
188_115,Brain,1
188_116,Brain,1
188_117,Brain,1
188_118,Brain,1
188_119,Brain,1
188_120,Brain,1
188_121,Brain,1
188_122,Brain,1
188_123,Brain,1
188_124,Brain,1
188_125,Brain,1
188_126,Brain,1
188_127,Brain,1
188_128,Brain,13
188_129,Brain,13
188_130,Head mesenchyme,13
188_131,Head mesenchyme,13
188_132,Head mesenchyme,8
188_133,Head mesenchyme,8
188_134,Head mesenchyme,8
188_135,Head mesenchyme,8
188_136,Head mesenchyme,8
188_137,Head mesenchyme,8
188_138,Head mesenchyme,8
188_139,Head mesenchyme,8
188_140,Head mesenchyme,8
188_141,Head mesenchyme,8
188_142,Head mesenchyme,13
188_143,Head mesenchyme,13
188_144,Head mesenchyme,13
188_145,Head mesenchyme,13
188_146,Brain,13
188_147,Brain,1
188_148,Brain,1
188_149,Brain,1
188_150,Brain,1
188_151,Brain,1
188_152,Brain,1
188_153,Brain,1
188_154,Brain,1
188_155,Brain,1
188_156,Brain,14
188_157,Brain,14
188_158,Brain,14
188_159,Brain,14
188_160,Brain,14
188_161,Brain,14
188_162,Brain,14
188_163,Brain,14
188_164,Brain,14
188_165,Brain,14
188_166,Brain,14
188_167,Brain,1
188_168,Brain,1
188_169,Brain,1
188_170,Brain,1
188_171,Brain,1
188_172,Brain,1
188_173,Brain,1
188_174,Brain,1
188_175,Brain,1
188_176,Brain,1
188_177,Brain,1
188_178,Brain,1
188_179,Brain,1
188_180,Brain,13
188_181,Head mesenchyme,13
188_182,Head mesenchyme,13
188_183,Head mesenchyme,13
188_184,Head mesenchyme,13
188_185,Head mesenchyme,8
188_186,Head mesenchyme,8
188_187,Head mesenchyme,8
188_188,Jaw and tooth,8
188_189,Head mesenchyme,8
188_190,Head mesenchyme,8
188_191,Head mesenchyme,8
188_192,Head mesenchyme,8
188_193,Head mesenchyme,2
188_194,Head mesenchyme,2
188_195,Connective tissue,2
188_196,Connective tissue,7
188_197,Head mesenchyme,7
188_198,Head mesenchyme,8
188_199,Head mesenchyme,8
188_200,Head mesenchyme,2
188_201,Head mesenchyme,2
188_202,Head mesenchyme,2
188_203,Head mesenchyme,2
188_204,Head mesenchyme,2
188_205,Head mesenchyme,2
188_206,Head mesenchyme,2
188_207,Head mesenchyme,2
188_208,Head mesenchyme,2
188_209,Surface ectoderm,2
188_210,Surface ectoderm,2
188_211,Surface ectoderm,2
188_212,Surface ectoderm,2
188_213,Surface ectoderm,2
188_214,Branchial arch,2
188_215,Branchial arch,2
188_216,Branchial arch,2
188_217,Branchial arch,2
188_218,Branchial arch,2
188_219,Branchial arch,2
188_220,Branchial arch,2
188_221,Lung primordium,2
188_222,Branchial arch,2
188_223,Branchial arch,2
188_224,Lung primordium,3
188_225,Lung primordium,3
188_226,Lung primordium,3
188_227,Connective tissue,3
188_228,Connective tissue,3
188_229,Connective tissue,3
188_230,Lung primordium,3
188_231,GI tract,2
188_232,GI tract,5
188_233,GI tract,5
188_234,GI tract,5
188_235,GI tract,5
188_236,Lung primordium,5
188_237,Lung primordium,5
188_238,Lung primordium,3
188_239,Lung primordium,3
188_240,Lung primordium,3
188_241,Connective tissue,3
188_242,Connective tissue,3
188_243,Blood vessel,19
188_244,Blood vessel,19
188_245,Cavity,19
188_246,Cavity,19
188_247,Cavity,19
188_248,Cavity,19
188_249,Cavity,19
188_250,Cavity,19
188_251,Cavity,19
188_252,Blood vessel,19
188_253,Blood vessel,19
188_254,Blood vessel,19
188_255,Blood vessel,19
188_256,Blood vessel,19
188_257,Cavity,19
188_258,Cavity,19
188_259,Cavity,19
188_260,Cavity,19
188_261,Cavity,19
188_262,Cavity,19
188_263,Cavity,19
188_264,Cavity,19
188_265,Cavity,19
188_266,Cavity,19
188_267,Cavity,19
188_268,Cavity,19
188_269,Cavity,19
188_270,Cavity,19
188_271,Blood vessel,19
188_272,Connective tissue,3
188_273,Connective tissue,3
188_274,Connective tissue,6
188_275,Connective tissue,6
188_276,Connective tissue,6
188_277,Connective tissue,6
188_278,Connective tissue,6
188_279,Connective tissue,6
188_280,Dermomyotome,6
188_281,Dermomyotome,6
188_282,Dermomyotome,6
188_283,Dermomyotome,4
188_284,Dermomyotome,4
188_285,Dermomyotome,4
188_286,Dermomyotome,17
188_287,Dermomyotome,17
188_288,Dermomyotome,4
188_289,Dermomyotome,4
188_290,Dermomyotome,4
188_291,Dermomyotome,4
188_292,Dermomyotome,4
188_293,Dermomyotome,4
188_294,Dermomyotome,17
188_295,Dermomyotome,17
188_296,Dermomyotome,17
188_297,Dermomyotome,17
188_298,Dermomyotome,17
188_299,Dermomyotome,17
188_300,Dermomyotome,17
188_301,Dermomyotome,17
188_302,Dermomyotome,17
188_303,Dermomyotome,4
188_304,Dermomyotome,4
188_305,Dermomyotome,4
188_306,Dermomyotome,11
188_307,Sclerotome,11
188_308,Sclerotome,11
188_309,Surface ectoderm,11
188_310,Surface ectoderm,11
188_311,Surface ectoderm,11
188_312,Surface ectoderm,11
188_313,Surface ectoderm,11
188_314,Surface ectoderm,11
188_315,Surface ectoderm,16
188_316,Cavity,16
188_98,Cavity,16
188_99,Meninges,16
189_100,Meninges,13
189_101,Meninges,13
189_102,Meninges,13
189_103,Meninges,1
189_104,Brain,1
189_105,Brain,1
189_106,Brain,1
189_107,Brain,1
189_108,Brain,1
189_109,Brain,1
189_110,Brain,1
189_111,Brain,1
189_112,Brain,1
189_113,Brain,1
189_114,Brain,1
189_115,Brain,1
189_116,Brain,1
189_117,Brain,1
189_118,Brain,1
189_119,Brain,1
189_120,Brain,1
189_121,Brain,1
189_122,Brain,1
189_123,Brain,1
189_124,Brain,1
189_125,Brain,1
189_126,Brain,1
189_127,Brain,1
189_128,Brain,13
189_129,Brain,13
189_130,Head mesenchyme,13
189_131,Jaw and tooth,8
189_132,Head mesenchyme,8
189_133,Head mesenchyme,8
189_134,Head mesenchyme,8
189_135,Head mesenchyme,8
189_136,Head mesenchyme,8
189_137,Head mesenchyme,8
189_138,Head mesenchyme,8
189_139,Head mesenchyme,8
189_140,Head mesenchyme,8
189_141,Head mesenchyme,8
189_142,Head mesenchyme,8
189_143,Head mesenchyme,8
189_144,Head mesenchyme,8
189_145,Head mesenchyme,8
189_146,Head mesenchyme,13
189_147,Brain,13
189_148,Brain,13
189_149,Brain,1
189_150,Brain,1
189_151,Brain,1
189_152,Brain,1
189_153,Brain,1
189_154,Brain,1
189_155,Brain,1
189_156,Brain,1
189_157,Brain,1
189_158,Brain,14
189_159,Brain,14
189_160,Brain,14
189_161,Brain,14
189_162,Brain,14
189_163,Brain,14
189_164,Brain,14
189_165,Brain,14
189_166,Brain,1
189_167,Brain,1
189_168,Brain,1
189_169,Brain,1
189_170,Brain,1
189_171,Brain,1
189_172,Brain,1
189_173,Brain,1
189_174,Brain,1
189_175,Brain,1
189_176,Brain,1
189_177,Brain,1
189_178,Brain,1
189_179,Brain,13
189_180,Head mesenchyme,13
189_181,Head mesenchyme,13
189_182,Head mesenchyme,13
189_183,Head mesenchyme,13
189_184,Head mesenchyme,8
189_185,Jaw and tooth,8
189_186,Head mesenchyme,8
189_187,Head mesenchyme,8
189_188,Head mesenchyme,8
189_189,Jaw and tooth,8
189_190,Head mesenchyme,8
189_191,Head mesenchyme,8
189_192,Head mesenchyme,8
189_193,Head mesenchyme,2
189_194,Blood vessel,3
189_195,Blood vessel,3
189_196,Head mesenchyme,3
189_197,Head mesenchyme,7
189_198,Head mesenchyme,8
189_199,Head mesenchyme,8
189_200,Head mesenchyme,8
189_201,Head mesenchyme,8
189_202,Head mesenchyme,2
189_203,Head mesenchyme,2
189_204,Head mesenchyme,2
189_205,Head mesenchyme,2
189_206,Head mesenchyme,2
189_207,Surface ectoderm,2
189_208,Surface ectoderm,2
189_209,Surface ectoderm,2
189_210,Surface ectoderm,2
189_211,Branchial arch,2
189_212,Branchial arch,2
189_213,Branchial arch,2
189_214,Branchial arch,2
189_215,Branchial arch,2
189_216,Branchial arch,2
189_217,Branchial arch,2
189_218,Branchial arch,2
189_219,Branchial arch,2
189_220,Branchial arch,2
189_221,Branchial arch,2
189_222,Branchial arch,2
189_223,Branchial arch,2
189_224,Lung primordium,6
189_225,Lung primordium,6
189_226,Lung primordium,3
189_227,Lung primordium,3
189_228,Lung primordium,3
189_229,Lung primordium,3
189_230,Lung primordium,5
189_231,GI tract,5
189_232,GI tract,5
189_233,GI tract,5
189_234,GI tract,2
189_235,GI tract,5
189_236,Lung primordium,5
189_237,Lung primordium,3
189_238,Dorsal root ganglion,3
189_239,Dorsal root ganglion,3
189_240,Connective tissue,3
189_241,Connective tissue,3
189_242,Blood vessel,3
189_243,Blood vessel,19
189_244,Cavity,19
189_245,Cavity,19
189_246,Blood vessel,19
189_247,Blood vessel,19
189_248,Blood vessel,19
189_249,Heart,19
189_250,Heart,3
189_251,Heart,19
189_252,Heart,3
189_253,Heart,3
189_254,Heart,3
189_255,Heart,3
189_256,Heart,3
189_257,Blood vessel,19
189_258,Blood vessel,19
189_259,Cavity,19
189_260,Cavity,19
189_261,Cavity,19
189_262,Cavity,19
189_263,Cavity,19
189_264,Cavity,19
189_265,Cavity,19
189_266,Cavity,19
189_267,Cavity,19
189_268,Cavity,19
189_269,Cavity,19
189_270,Cavity,19
189_271,Blood vessel,19
189_272,Connective tissue,3
189_273,Connective tissue,3
189_274,Connective tissue,6
189_275,Connective tissue,6
189_276,Connective tissue,6
189_277,Connective tissue,6
189_278,Connective tissue,6
189_279,Connective tissue,6
189_280,Dermomyotome,6
189_281,Dermomyotome,6
189_282,Connective tissue,6
189_283,Connective tissue,4
189_284,Dermomyotome,4
189_285,Dermomyotome,4
189_286,Dermomyotome,4
189_287,Dermomyotome,4
189_288,Dermomyotome,4
189_289,Dermomyotome,4
189_290,Dermomyotome,4
189_291,Dermomyotome,4
189_292,Dermomyotome,4
189_293,Dermomyotome,17
189_294,Dermomyotome,17
189_295,Dermomyotome,17
189_296,Dermomyotome,17
189_297,Dermomyotome,17
189_298,Dermomyotome,17
189_299,Dermomyotome,17
189_300,Dermomyotome,17
189_301,Dermomyotome,17
189_302,Dermomyotome,4
189_303,Dermomyotome,4
189_304,Dermomyotome,4
189_305,Dermomyotome,4
189_306,Sclerotome,11
189_307,Sclerotome,11
189_308,Sclerotome,11
189_309,Sclerotome,11
189_310,Surface ectoderm,11
189_311,Surface ectoderm,11
189_312,Surface ectoderm,11
189_313,Surface ectoderm,11
189_314,Surface ectoderm,11
189_315,Surface ectoderm,11
189_316,Cavity,16
189_98,Meninges,16
189_99,Meninges,13
190_100,Meninges,13
190_101,Meninges,13
190_102,Meninges,1
190_103,Brain,1
190_104,Brain,1
190_105,Brain,1
190_106,Brain,1
190_107,Brain,1
190_108,Brain,1
190_109,Brain,1
190_110,Brain,1
190_111,Brain,1
190_112,Brain,1
190_113,Brain,1
190_114,Brain,1
190_115,Brain,1
190_116,Brain,1
190_117,Brain,1
190_118,Brain,1
190_119,Brain,1
190_120,Brain,1
190_121,Brain,1
190_122,Brain,1
190_123,Brain,1
190_124,Brain,1
190_125,Brain,1
190_126,Brain,1
190_127,Brain,1
190_128,Brain,13
190_129,Head mesenchyme,13
190_130,Head mesenchyme,13
190_131,Head mesenchyme,8
190_132,Head mesenchyme,8
190_133,Head mesenchyme,8
190_134,Head mesenchyme,8
190_135,Head mesenchyme,8
190_136,Head mesenchyme,8
190_137,Head mesenchyme,8
190_138,Head mesenchyme,8
190_139,Head mesenchyme,8
190_140,Head mesenchyme,8
190_141,Head mesenchyme,8
190_142,Head mesenchyme,8
190_143,Head mesenchyme,8
190_144,Head mesenchyme,8
190_145,Head mesenchyme,8
190_146,Head mesenchyme,8
190_147,Head mesenchyme,13
190_148,Head mesenchyme,13
190_149,Brain,13
190_150,Brain,1
190_151,Brain,1
190_152,Brain,1
190_153,Brain,1
190_154,Brain,1
190_155,Brain,1
190_156,Brain,1
190_157,Brain,1
190_158,Brain,1
190_159,Brain,14
190_160,Brain,14
190_161,Brain,14
190_162,Brain,14
190_163,Brain,14
190_164,Brain,1
190_165,Brain,1
190_166,Brain,1
190_167,Brain,1
190_168,Brain,1
190_169,Brain,1
190_170,Brain,1
190_171,Brain,1
190_172,Brain,1
190_173,Brain,1
190_174,Brain,1
190_175,Brain,1
190_176,Brain,1
190_177,Brain,1
190_178,Head mesenchyme,13
190_179,Head mesenchyme,13
190_180,Head mesenchyme,13
190_181,Head mesenchyme,8
190_182,Head mesenchyme,8
190_183,Head mesenchyme,8
190_184,Jaw and tooth,8
190_185,Jaw and tooth,8
190_186,Jaw and tooth,8
190_187,Head mesenchyme,8
190_188,Head mesenchyme,8
190_189,Head mesenchyme,8
190_190,Head mesenchyme,8
190_191,Head mesenchyme,8
190_192,Inner ear,2
190_193,Head mesenchyme,2
190_194,Blood vessel,3
190_195,Blood vessel,3
190_196,Head mesenchyme,7
190_197,Head mesenchyme,8
190_198,Head mesenchyme,8
190_199,Head mesenchyme,8
190_200,Head mesenchyme,2
190_201,Head mesenchyme,2
190_202,Head mesenchyme,2
190_203,Head mesenchyme,2
190_204,Head mesenchyme,2
190_205,Surface ectoderm,2
190_206,Surface ectoderm,2
190_207,Surface ectoderm,2
190_208,Surface ectoderm,2
190_209,Branchial arch,2
190_210,Branchial arch,2
190_211,Branchial arch,2
190_212,Branchial arch,2
190_213,Branchial arch,2
190_214,Branchial arch,2
190_215,Branchial arch,2
190_216,Branchial arch,2
190_217,Branchial arch,2
190_218,Branchial arch,2
190_219,Branchial arch,2
190_220,Branchial arch,2
190_221,Branchial arch,2
190_222,Branchial arch,2
190_223,Branchial arch,2
190_224,Dermomyotome,6
190_225,Dermomyotome,3
190_226,Connective tissue,3
190_227,Urogenital ridge,3
190_228,Lung primordium,3
190_229,Lung primordium,3
190_230,Lung primordium,3
190_231,Lung primordium,5
190_232,Lung primordium,5
190_233,Lung primordium,5
190_234,Lung primordium,5
190_235,Lung primordium,5
190_236,Lung primordium,3
190_237,Connective tissue,3
190_238,Connective tissue,3
190_239,Connective tissue,3
190_240,Connective tissue,3
190_241,Blood vessel,19
190_242,Blood vessel,19
190_243,Blood vessel,19
190_244,Blood vessel,19
190_245,Blood vessel,19
190_246,Heart,3
190_247,Heart,3
190_248,Heart,3
190_249,Heart,3
190_250,Heart,3
190_251,Heart,3
190_252,Heart,3
190_253,Heart,3
190_254,Heart,3
190_255,Heart,3
190_256,Heart,3
190_257,Heart,3
190_258,Heart,3
190_259,Blood vessel,19
190_260,Blood vessel,19
190_261,Blood vessel,19
190_262,Cavity,19
190_263,Cavity,19
190_264,Cavity,19
190_265,Cavity,19
190_266,Cavity,19
190_267,Cavity,19
190_268,Cavity,19
190_269,Cavity,19
190_270,Cavity,19
190_271,Blood vessel,19
190_272,Connective tissue,3
190_273,Connective tissue,3
190_274,Connective tissue,6
190_275,Connective tissue,3
190_276,Connective tissue,3
190_277,Connective tissue,6
190_278,Connective tissue,6
190_279,Connective tissue,6
190_280,Connective tissue,6
190_281,Connective tissue,6
190_282,Connective tissue,6
190_283,Connective tissue,4
190_284,Dermomyotome,4
190_285,Dermomyotome,4
190_286,Dermomyotome,4
190_287,Dermomyotome,4
190_288,Dermomyotome,4
190_289,Dermomyotome,4
190_290,Dermomyotome,4
190_291,Dermomyotome,4
190_292,Dermomyotome,4
190_293,Dermomyotome,17
190_294,Dermomyotome,17
190_295,Dermomyotome,17
190_296,Dermomyotome,17
190_297,Dermomyotome,17
190_298,Dermomyotome,17
190_299,Dermomyotome,17
190_300,Dermomyotome,17
190_301,Dermomyotome,4
190_302,Dermomyotome,4
190_303,Dermomyotome,4
190_304,Dermomyotome,4
190_305,Dermomyotome,4
190_306,Dermomyotome,4
190_307,Dermomyotome,4
190_308,Sclerotome,4
190_309,Dermomyotome,4
190_310,Dermomyotome,4
190_311,Surface ectoderm,11
190_312,Surface ectoderm,11
190_313,Surface ectoderm,11
190_314,Surface ectoderm,11
190_315,Surface ectoderm,11
190_316,Surface ectoderm,11
190_317,Cavity,16
190_98,Meninges,16
190_99,Meninges,16
191_100,Meninges,13
191_101,Meninges,13
191_102,Meninges,1
191_103,Brain,1
191_104,Brain,1
191_105,Brain,1
191_106,Brain,1
191_107,Brain,1
191_108,Brain,1
191_109,Brain,1
191_110,Brain,1
191_111,Brain,1
191_112,Brain,1
191_113,Brain,1
191_114,Brain,1
191_115,Brain,1
191_116,Brain,1
191_117,Brain,1
191_118,Brain,1
191_119,Brain,1
191_120,Brain,1
191_121,Brain,1
191_122,Brain,1
191_123,Brain,1
191_124,Brain,1
191_125,Brain,1
191_126,Brain,13
191_127,Brain,13
191_128,Brain,13
191_129,Head mesenchyme,13
191_130,Head mesenchyme,13
191_131,Head mesenchyme,8
191_132,Head mesenchyme,8
191_133,Head mesenchyme,8
191_134,Head mesenchyme,8
191_135,Head mesenchyme,8
191_136,Head mesenchyme,8
191_137,Head mesenchyme,8
191_138,Head mesenchyme,8
191_139,Head mesenchyme,8
191_140,Head mesenchyme,8
191_141,Head mesenchyme,8
191_142,Head mesenchyme,8
191_143,Head mesenchyme,8
191_144,Head mesenchyme,8
191_145,Head mesenchyme,8
191_146,Head mesenchyme,8
191_147,Head mesenchyme,8
191_148,Head mesenchyme,13
191_149,Head mesenchyme,13
191_150,Head mesenchyme,13
191_151,Brain,13
191_152,Brain,1
191_153,Brain,1
191_154,Brain,1
191_155,Brain,1
191_156,Brain,1
191_157,Brain,1
191_158,Brain,1
191_159,Brain,1
191_160,Brain,1
191_161,Brain,1
191_162,Brain,1
191_163,Brain,1
191_164,Brain,1
191_165,Brain,1
191_166,Brain,1
191_167,Brain,1
191_168,Brain,1
191_169,Brain,1
191_170,Brain,1
191_171,Brain,1
191_172,Brain,1
191_173,Brain,1
191_174,Brain,1
191_175,Brain,13
191_176,Brain,13
191_177,Head mesenchyme,13
191_178,Head mesenchyme,13
191_179,Head mesenchyme,8
191_180,Head mesenchyme,8
191_181,Head mesenchyme,8
191_182,Head mesenchyme,8
191_183,Head mesenchyme,8
191_184,Head mesenchyme,8
191_185,Jaw and tooth,8
191_186,Head mesenchyme,8
191_187,Head mesenchyme,8
191_188,Blood vessel,8
191_189,Head mesenchyme,8
191_190,Head mesenchyme,8
191_191,Connective tissue,8
191_192,Connective tissue,8
191_193,Head mesenchyme,2
191_194,Blood vessel,3
191_195,Blood vessel,3
191_196,Head mesenchyme,8
191_197,Head mesenchyme,8
191_198,Head mesenchyme,8
191_199,Head mesenchyme,8
191_200,Head mesenchyme,2
191_201,Head mesenchyme,2
191_202,Head mesenchyme,2
191_203,Surface ectoderm,2
191_204,Surface ectoderm,2
191_205,Surface ectoderm,2
191_206,Surface ectoderm,2
191_207,Branchial arch,2
191_208,Branchial arch,2
191_209,Branchial arch,2
191_210,Branchial arch,2
191_211,Branchial arch,2
191_212,Branchial arch,2
191_213,Branchial arch,2
191_214,Branchial arch,2
191_215,Branchial arch,2
191_216,Branchial arch,2
191_217,Branchial arch,2
191_218,Branchial arch,2
191_219,Branchial arch,2
191_220,Branchial arch,2
191_221,Branchial arch,2
191_222,Branchial arch,2
191_223,Dermomyotome,2
191_224,Dermomyotome,4
191_225,Dermomyotome,4
191_226,Connective tissue,3
191_227,Connective tissue,3
191_228,Connective tissue,3
191_229,Connective tissue,3
191_230,Connective tissue,3
191_231,Lung primordium,3
191_232,Lung primordium,5
191_233,Lung primordium,3
191_234,Connective tissue,3
191_235,Connective tissue,3
191_236,Connective tissue,3
191_237,Connective tissue,3
191_238,Connective tissue,3
191_239,Connective tissue,3
191_240,Blood vessel,19
191_241,Blood vessel,19
191_242,Blood vessel,19
191_243,Heart,3
191_244,Heart,3
191_245,Heart,3
191_246,Heart,3
191_247,Heart,3
191_248,Heart,3
191_249,Heart,3
191_250,Heart,3
191_251,Heart,3
191_252,Heart,3
191_253,Heart,3
191_254,Heart,3
191_255,Heart,3
191_256,Heart,3
191_257,Heart,3
191_258,Heart,3
191_259,Blood vessel,3
191_260,Blood vessel,3
191_261,Heart,3
191_262,Blood vessel,19
191_263,Cavity,19
191_264,Cavity,19
191_265,Cavity,19
191_266,Cavity,19
191_267,Cavity,19
191_268,Cavity,19
191_269,Cavity,19
191_270,Cavity,19
191_271,Blood vessel,3
191_272,Connective tissue,3
191_273,Connective tissue,3
191_274,Connective tissue,6
191_275,Connective tissue,3
191_276,Connective tissue,3
191_277,Connective tissue,3
191_278,Connective tissue,3
191_279,Connective tissue,4
191_280,Dermomyotome,4
191_281,Connective tissue,4
191_282,Connective tissue,6
191_283,Connective tissue,4
191_284,Connective tissue,4
191_285,Dermomyotome,4
191_286,Dermomyotome,4
191_287,Dermomyotome,4
191_288,Dermomyotome,4
191_289,Dermomyotome,4
191_290,Dermomyotome,4
191_291,Dermomyotome,4
191_292,Dermomyotome,17
191_293,Dermomyotome,17
191_294,Dermomyotome,17
191_295,Dermomyotome,17
191_296,Dermomyotome,17
191_297,Dermomyotome,17
191_298,Dermomyotome,17
191_299,Dermomyotome,4
191_300,Dermomyotome,4
191_301,Sclerotome,4
191_302,Dermomyotome,4
191_303,Dermomyotome,4
191_304,Dermomyotome,4
191_305,Dermomyotome,4
191_306,Dermomyotome,4
191_307,Dermomyotome,4
191_308,Dermomyotome,4
191_309,Dermomyotome,17
191_310,Dermomyotome,17
191_311,Dermomyotome,4
191_312,Surface ectoderm,4
191_313,Surface ectoderm,11
191_314,Surface ectoderm,11
191_315,Surface ectoderm,11
191_316,Surface ectoderm,11
191_317,Surface ectoderm,16
191_318,Cavity,16
191_98,Meninges,16
191_99,Meninges,13
192_100,Meninges,13
192_101,Meninges,13
192_102,Meninges,1
192_103,Brain,1
192_104,Brain,1
192_105,Brain,1
192_106,Brain,1
192_107,Brain,1
192_108,Brain,1
192_109,Brain,1
192_110,Brain,1
192_111,Brain,1
192_112,Brain,1
192_113,Brain,1
192_114,Brain,1
192_115,Brain,1
192_116,Brain,1
192_117,Brain,1
192_118,Brain,1
192_119,Brain,1
192_120,Brain,1
192_121,Brain,1
192_122,Brain,1
192_123,Brain,1
192_124,Brain,1
192_125,Brain,13
192_126,Brain,13
192_127,Brain,13
192_128,Brain,13
192_129,Head mesenchyme,13
192_130,Head mesenchyme,8
192_131,Head mesenchyme,8
192_132,Head mesenchyme,8
192_133,Head mesenchyme,8
192_134,Head mesenchyme,8
192_135,Head mesenchyme,8
192_136,Head mesenchyme,8
192_137,Head mesenchyme,8
192_138,Head mesenchyme,8
192_139,Head mesenchyme,8
192_140,Head mesenchyme,8
192_141,Head mesenchyme,8
192_142,Head mesenchyme,8
192_143,Head mesenchyme,8
192_144,Head mesenchyme,8
192_145,Head mesenchyme,8
192_146,Head mesenchyme,8
192_147,Head mesenchyme,8
192_148,Head mesenchyme,8
192_149,Head mesenchyme,8
192_150,Head mesenchyme,8
192_151,Head mesenchyme,13
192_152,Brain,13
192_153,Brain,13
192_154,Brain,1
192_155,Brain,1
192_156,Brain,1
192_157,Brain,1
192_158,Brain,1
192_159,Brain,1
192_160,Brain,1
192_161,Brain,1
192_162,Brain,1
192_163,Brain,1
192_164,Brain,1
192_165,Brain,1
192_166,Brain,1
192_167,Brain,1
192_168,Brain,1
192_169,Brain,1
192_170,Brain,1
192_171,Brain,1
192_172,Brain,13
192_173,Brain,13
192_174,Brain,13
192_175,Head mesenchyme,13
192_176,Head mesenchyme,13
192_177,Head mesenchyme,8
192_178,Head mesenchyme,8
192_179,Head mesenchyme,8
192_180,Head mesenchyme,8
192_181,Head mesenchyme,8
192_182,Head mesenchyme,8
192_183,Head mesenchyme,8
192_184,Head mesenchyme,8
192_185,Head mesenchyme,8
192_186,Head mesenchyme,8
192_187,Head mesenchyme,8
192_188,Blood vessel,8
192_189,Connective tissue,8
192_190,Connective tissue,8
192_191,Connective tissue,8
192_192,Connective tissue,8
192_193,Jaw and tooth,8
192_194,Head mesenchyme,8
192_195,Head mesenchyme,8
192_196,Head mesenchyme,8
192_197,Head mesenchyme,8
192_198,Head mesenchyme,8
192_199,Head mesenchyme,2
192_200,Head mesenchyme,2
192_201,Head mesenchyme,2
192_202,Surface ectoderm,2
192_203,Surface ectoderm,2
192_204,Surface ectoderm,2
192_205,Surface ectoderm,2
192_206,Branchial arch,2
192_207,Branchial arch,2
192_208,Branchial arch,2
192_209,Branchial arch,2
192_210,Branchial arch,2
192_211,Branchial arch,2
192_212,Branchial arch,2
192_213,Branchial arch,2
192_214,Branchial arch,2
192_215,Branchial arch,2
192_216,Branchial arch,2
192_217,Branchial arch,2
192_218,Branchial arch,2
192_219,Branchial arch,2
192_220,Branchial arch,2
192_221,Branchial arch,2
192_222,Branchial arch,2
192_223,Dermomyotome,4
192_224,Dermomyotome,4
192_225,Dermomyotome,4
192_226,Connective tissue,3
192_227,Connective tissue,3
192_228,Blood vessel,3
192_229,Blood vessel,3
192_230,Connective tissue,3
192_231,Connective tissue,3
192_232,Lung primordium,3
192_233,Connective tissue,3
192_234,Connective tissue,3
192_235,Connective tissue,3
192_236,Connective tissue,3
192_237,Connective tissue,3
192_238,Blood vessel,3
192_239,Blood vessel,19
192_240,Blood vessel,19
192_241,Blood vessel,3
192_242,Heart,3
192_243,Heart,3
192_244,Heart,3
192_245,Heart,3
192_246,Heart,3
192_247,Heart,3
192_248,Heart,3
192_249,Heart,3
192_250,Heart,3
192_251,Heart,3
192_252,Heart,3
192_253,Heart,3
192_254,Heart,3
192_255,Heart,3
192_256,Heart,3
192_257,Heart,3
192_258,Heart,3
192_259,Heart,3
192_260,Heart,3
192_261,Heart,3
192_262,Heart,3
192_263,Cavity,19
192_264,Cavity,19
192_265,Cavity,19
192_266,Cavity,19
192_267,Cavity,19
192_268,Cavity,19
192_269,Cavity,19
192_270,Blood vessel,19
192_271,Connective tissue,3
192_272,Connective tissue,3
192_273,Connective tissue,6
192_274,Connective tissue,3
192_275,Connective tissue,3
192_276,Connective tissue,3
192_277,Connective tissue,3
192_278,Connective tissue,3
192_279,Connective tissue,3
192_280,Connective tissue,3
192_281,Connective tissue,4
192_282,Connective tissue,6
192_283,Connective tissue,4
192_284,Connective tissue,4
192_285,Dermomyotome,4
192_286,Dermomyotome,4
192_287,Dermomyotome,4
192_288,Dermomyotome,4
192_289,Dermomyotome,4
192_290,Dermomyotome,4
192_291,Dermomyotome,17
192_292,Dermomyotome,17
192_293,Dermomyotome,17
192_294,Dermomyotome,17
192_295,Dermomyotome,17
192_296,Dermomyotome,17
192_297,Dermomyotome,4
192_298,Dermomyotome,4
192_299,Dermomyotome,4
192_300,Dermomyotome,4
192_301,Dermomyotome,17
192_302,Dermomyotome,17
192_303,Dermomyotome,17
192_304,Dermomyotome,17
192_305,Dermomyotome,4
192_306,Dermomyotome,4
192_307,Dermomyotome,17
192_308,Dermomyotome,17
192_309,Dermomyotome,17
192_310,Dermomyotome,17
192_311,Dermomyotome,17
192_312,Dermomyotome,4
192_313,Surface ectoderm,4
192_314,Surface ectoderm,11
192_315,Surface ectoderm,11
192_316,Surface ectoderm,11
192_317,Surface ectoderm,16
192_318,Cavity,16
192_98,Meninges,16
192_99,Meninges,13
193_100,Meninges,13
193_101,Meninges,13
193_102,Meninges,1
193_103,Brain,1
193_104,Brain,1
193_105,Brain,1
193_106,Brain,1
193_107,Brain,1
193_108,Brain,1
193_109,Brain,1
193_110,Brain,1
193_111,Brain,1
193_112,Brain,1
193_113,Brain,1
193_114,Brain,1
193_115,Brain,1
193_116,Brain,1
193_117,Brain,1
193_118,Brain,1
193_119,Brain,1
193_120,Brain,1
193_121,Brain,1
193_122,Brain,1
193_123,Brain,13
193_124,Brain,13
193_125,Brain,13
193_126,Jaw and tooth,13
193_127,Head mesenchyme,13
193_128,Head mesenchyme,13
193_129,Head mesenchyme,8
193_130,Head mesenchyme,8
193_131,Head mesenchyme,8
193_132,Head mesenchyme,8
193_133,Head mesenchyme,8
193_134,Head mesenchyme,8
193_135,Head mesenchyme,8
193_136,Head mesenchyme,8
193_137,Head mesenchyme,8
193_138,Head mesenchyme,8
193_139,Head mesenchyme,8
193_140,Head mesenchyme,8
193_141,Head mesenchyme,8
193_142,Head mesenchyme,8
193_143,Head mesenchyme,8
193_144,Head mesenchyme,8
193_145,Head mesenchyme,8
193_146,Head mesenchyme,8
193_147,Head mesenchyme,8
193_148,Head mesenchyme,8
193_149,Head mesenchyme,8
193_150,Head mesenchyme,8
193_151,Head mesenchyme,8
193_152,Head mesenchyme,8
193_153,Head mesenchyme,13
193_154,Head mesenchyme,13
193_155,Brain,13
193_156,Brain,1
193_157,Brain,1
193_158,Brain,1
193_159,Brain,1
193_160,Brain,1
193_161,Brain,1
193_162,Brain,1
193_163,Brain,1
193_164,Brain,1
193_165,Brain,1
193_166,Brain,1
193_167,Brain,1
193_168,Brain,1
193_169,Brain,1
193_170,Brain,13
193_171,Brain,13
193_172,Head mesenchyme,13
193_173,Head mesenchyme,13
193_174,Head mesenchyme,13
193_175,Head mesenchyme,8
193_176,Head mesenchyme,8
193_177,Head mesenchyme,8
193_178,Head mesenchyme,8
193_179,Head mesenchyme,8
193_180,Head mesenchyme,8
193_181,Head mesenchyme,8
193_182,Head mesenchyme,8
193_183,Head mesenchyme,8
193_184,Head mesenchyme,8
193_185,Head mesenchyme,8
193_186,Head mesenchyme,8
193_187,Connective tissue,8
193_188,Blood vessel,3
193_189,Blood vessel,3
193_190,Connective tissue,3
193_191,Connective tissue,8
193_192,Connective tissue,8
193_193,Head mesenchyme,8
193_194,Head mesenchyme,8
193_195,Head mesenchyme,8
193_196,Head mesenchyme,8
193_197,Head mesenchyme,8
193_198,Head mesenchyme,8
193_199,Head mesenchyme,2
193_200,Surface ectoderm,2
193_201,Surface ectoderm,2
193_202,Surface ectoderm,2
193_203,Surface ectoderm,2
193_204,Branchial arch,2
193_205,Branchial arch,2
193_206,Branchial arch,2
193_207,Branchial arch,2
193_208,Branchial arch,2
193_209,Branchial arch,2
193_210,Branchial arch,2
193_211,Branchial arch,2
193_212,Branchial arch,2
193_213,Branchial arch,2
193_214,Branchial arch,2
193_215,Branchial arch,2
193_216,Branchial arch,2
193_217,Branchial arch,2
193_218,Branchial arch,2
193_219,Branchial arch,2
193_220,Branchial arch,2
193_221,Branchial arch,2
193_222,Branchial arch,2
193_223,Branchial arch,4
193_224,Dermomyotome,4
193_225,Dermomyotome,4
193_226,Dermomyotome,4
193_227,Connective tissue,3
193_228,Connective tissue,3
193_229,Dermomyotome,3
193_230,Dermomyotome,4
193_231,Dermomyotome,4
193_232,Dermomyotome,4
193_233,Connective tissue,3
193_234,Connective tissue,3
193_235,Connective tissue,3
193_236,Blood vessel,3
193_237,Blood vessel,19
193_238,Blood vessel,19
193_239,Blood vessel,3
193_240,Heart,3
193_241,Heart,3
193_242,Heart,3
193_243,Heart,3
193_244,Heart,3
193_245,Heart,3
193_246,Heart,3
193_247,Heart,3
193_248,Heart,3
193_249,Heart,3
193_250,Heart,3
193_251,Heart,3
193_252,Heart,3
193_253,Heart,3
193_254,Heart,3
193_255,Heart,3
193_256,Heart,3
193_257,Heart,3
193_258,Heart,3
193_259,Heart,3
193_260,Heart,3
193_261,Blood vessel,3
193_262,Blood vessel,3
193_263,Blood vessel,19
193_264,Blood vessel,19
193_265,Cavity,19
193_266,Cavity,19
193_267,Cavity,19
193_268,Cavity,19
193_269,Blood vessel,19
193_270,Connective tissue,3
193_271,Connective tissue,3
193_272,Connective tissue,3
193_273,Connective tissue,3
193_274,Connective tissue,3
193_275,Connective tissue,3
193_276,Connective tissue,3
193_277,Connective tissue,3
193_278,Blood vessel,3
193_279,Connective tissue,3
193_280,Connective tissue,3
193_281,Connective tissue,3
193_282,Connective tissue,6
193_283,Connective tissue,4
193_284,Connective tissue,4
193_285,Dermomyotome,4
193_286,Dermomyotome,4
193_287,Dermomyotome,4
193_288,Dermomyotome,4
193_289,Dermomyotome,4
193_290,Dermomyotome,17
193_291,Dermomyotome,17
193_292,Dermomyotome,17
193_293,Dermomyotome,17
193_294,Dermomyotome,17
193_295,Dermomyotome,17
193_296,Dermomyotome,17
193_297,Dermomyotome,4
193_298,Sclerotome,4
193_299,Dermomyotome,4
193_300,Dermomyotome,17
193_301,Dermomyotome,17
193_302,Dermomyotome,17
193_303,Dermomyotome,17
193_304,Dermomyotome,17
193_305,Dermomyotome,17
193_306,Dermomyotome,17
193_307,Dermomyotome,17
193_308,Dermomyotome,17
193_309,Dermomyotome,17
193_310,Dermomyotome,17
193_311,Dermomyotome,17
193_312,Dermomyotome,4
193_313,Dermomyotome,11
193_314,Surface ectoderm,11
193_315,Surface ectoderm,11
193_316,Surface ectoderm,11
193_317,Surface ectoderm,11
193_318,Surface ectoderm,16
193_319,Cavity,16
193_97,Cavity,16
193_98,Meninges,16
193_99,Meninges,13
194_100,Meninges,13
194_101,Meninges,13
194_102,Brain,1
194_103,Brain,1
194_104,Brain,1
194_105,Brain,1
194_106,Brain,1
194_107,Brain,1
194_108,Brain,1
194_109,Brain,1
194_110,Brain,1
194_111,Brain,1
194_112,Brain,1
194_113,Brain,1
194_114,Brain,1
194_115,Brain,1
194_116,Brain,1
194_117,Brain,1
194_118,Brain,1
194_119,Brain,1
194_120,Brain,1
194_121,Brain,1
194_122,Brain,1
194_123,Brain,13
194_124,Head mesenchyme,13
194_125,Connective tissue,13
194_126,Jaw and tooth,13
194_127,Head mesenchyme,13
194_128,Head mesenchyme,13
194_129,Head mesenchyme,8
194_130,Head mesenchyme,8
194_131,Head mesenchyme,8
194_132,Head mesenchyme,8
194_133,Head mesenchyme,8
194_134,Head mesenchyme,8
194_135,Head mesenchyme,8
194_136,Head mesenchyme,8
194_137,Head mesenchyme,8
194_138,Head mesenchyme,8
194_139,Head mesenchyme,8
194_140,Head mesenchyme,8
194_141,Head mesenchyme,8
194_142,Head mesenchyme,8
194_143,Head mesenchyme,8
194_144,Head mesenchyme,8
194_145,Head mesenchyme,8
194_146,Head mesenchyme,8
194_147,Head mesenchyme,8
194_148,Head mesenchyme,8
194_149,Head mesenchyme,8
194_150,Head mesenchyme,8
194_151,Head mesenchyme,8
194_152,Head mesenchyme,8
194_153,Head mesenchyme,8
194_154,Head mesenchyme,8
194_155,Head mesenchyme,13
194_156,Head mesenchyme,13
194_157,Brain,13
194_158,Brain,1
194_159,Brain,1
194_160,Brain,1
194_161,Brain,1
194_162,Brain,1
194_163,Brain,1
194_164,Brain,1
194_165,Brain,1
194_166,Brain,1
194_167,Brain,1
194_168,Brain,13
194_169,Brain,13
194_170,Head mesenchyme,13
194_171,Head mesenchyme,13
194_172,Head mesenchyme,8
194_173,Head mesenchyme,8
194_174,Head mesenchyme,8
194_175,Head mesenchyme,8
194_176,Head mesenchyme,8
194_177,Head mesenchyme,8
194_178,Head mesenchyme,8
194_179,Head mesenchyme,8
194_180,Head mesenchyme,8
194_181,Head mesenchyme,8
194_182,Head mesenchyme,8
194_183,Head mesenchyme,8
194_184,Head mesenchyme,8
194_185,Head mesenchyme,8
194_186,Head mesenchyme,8
194_187,Blood vessel,3
194_188,Blood vessel,19
194_189,Blood vessel,3
194_190,Connective tissue,3
194_191,Head mesenchyme,8
194_192,Head mesenchyme,8
194_193,Head mesenchyme,8
194_194,Head mesenchyme,8
194_195,Head mesenchyme,8
194_196,Head mesenchyme,8
194_197,Head mesenchyme,2
194_198,Head mesenchyme,2
194_199,Surface ectoderm,2
194_200,Surface ectoderm,2
194_201,Surface ectoderm,2
194_202,Surface ectoderm,2
194_203,Branchial arch,2
194_204,Branchial arch,2
194_205,Branchial arch,2
194_206,Branchial arch,2
194_207,Branchial arch,2
194_208,Branchial arch,2
194_209,Branchial arch,2
194_210,Branchial arch,2
194_211,Branchial arch,2
194_212,Branchial arch,2
194_213,Branchial arch,2
194_214,Branchial arch,2
194_215,Branchial arch,2
194_216,Branchial arch,2
194_217,Branchial arch,2
194_218,Branchial arch,2
194_219,Branchial arch,2
194_220,Branchial arch,2
194_221,Branchial arch,2
194_222,Branchial arch,2
194_223,Dermomyotome,4
194_224,Dermomyotome,4
194_225,Dermomyotome,4
194_226,Dermomyotome,4
194_227,Connective tissue,3
194_228,Connective tissue,3
194_229,Dermomyotome,4
194_230,Dermomyotome,4
194_231,Dermomyotome,4
194_232,Dermomyotome,4
194_233,Dermomyotome,3
194_234,Blood vessel,3
194_235,Blood vessel,19
194_236,Cavity,19
194_237,Blood vessel,19
194_238,Heart,3
194_239,Heart,3
194_240,Heart,3
194_241,Heart,3
194_242,Heart,3
194_243,Heart,3
194_244,Heart,3
194_245,Heart,3
194_246,Heart,3
194_247,Heart,3
194_248,Heart,3
194_249,Heart,3
194_250,Heart,3
194_251,Heart,3
194_252,Heart,3
194_253,Heart,3
194_254,Heart,3
194_255,Heart,3
194_256,Heart,3
194_257,Heart,3
194_258,Heart,3
194_259,Heart,3
194_260,Heart,3
194_261,Blood vessel,3
194_262,Blood vessel,3
194_263,Blood vessel,3
194_264,Heart,19
194_265,Cavity,19
194_266,Cavity,19
194_267,Cavity,19
194_268,Cavity,19
194_269,Blood vessel,19
194_270,Connective tissue,3
194_271,Connective tissue,3
194_272,Connective tissue,3
194_273,Connective tissue,3
194_274,Connective tissue,3
194_275,Connective tissue,3
194_276,Connective tissue,3
194_277,Connective tissue,3
194_278,Connective tissue,3
194_279,Connective tissue,3
194_280,Connective tissue,3
194_281,Connective tissue,3
194_282,Connective tissue,3
194_283,Connective tissue,6
194_284,Connective tissue,6
194_285,Connective tissue,4
194_286,Dermomyotome,4
194_287,Dermomyotome,4
194_288,Dermomyotome,4
194_289,Dermomyotome,4
194_290,Dermomyotome,17
194_291,Dermomyotome,17
194_292,Dermomyotome,17
194_293,Dermomyotome,17
194_294,Dermomyotome,17
194_295,Dermomyotome,17
194_296,Dermomyotome,4
194_297,Sclerotome,4
194_298,Sclerotome,4
194_299,Dermomyotome,4
194_300,Dermomyotome,17
194_301,Dermomyotome,17
194_302,Dermomyotome,17
194_303,Dermomyotome,17
194_304,Dermomyotome,17
194_305,Dermomyotome,17
194_306,Dermomyotome,17
194_307,Dermomyotome,17
194_308,Dermomyotome,17
194_309,Dermomyotome,17
194_310,Dermomyotome,17
194_311,Dermomyotome,4
194_312,Dermomyotome,4
194_313,Dermomyotome,11
194_314,Surface ectoderm,11
194_315,Surface ectoderm,11
194_316,Surface ectoderm,11
194_317,Surface ectoderm,11
194_318,Surface ectoderm,11
194_319,Surface ectoderm,16
194_320,Cavity,16
194_97,Cavity,16
194_98,Meninges,16
194_99,Meninges,13
195_100,Meninges,13
195_101,Meninges,1
195_102,Brain,1
195_103,Brain,1
195_104,Brain,1
195_105,Brain,1
195_106,Brain,1
195_107,Brain,1
195_108,Brain,1
195_109,Brain,1
195_110,Brain,1
195_111,Brain,1
195_112,Brain,1
195_113,Brain,1
195_114,Brain,1
195_115,Brain,1
195_116,Brain,1
195_117,Brain,1
195_118,Brain,1
195_119,Brain,1
195_120,Brain,1
195_121,Brain,1
195_122,Brain,13
195_123,Brain,13
195_124,Head mesenchyme,13
195_125,Head mesenchyme,13
195_126,Connective tissue,13
195_127,Head mesenchyme,13
195_128,Head mesenchyme,8
195_129,Head mesenchyme,8
195_130,Head mesenchyme,8
195_131,Head mesenchyme,8
195_132,Head mesenchyme,8
195_133,Head mesenchyme,8
195_134,Head mesenchyme,8
195_135,Head mesenchyme,8
195_136,Head mesenchyme,8
195_137,Head mesenchyme,8
195_138,Head mesenchyme,8
195_139,Head mesenchyme,8
195_140,Head mesenchyme,8
195_141,Head mesenchyme,8
195_142,Head mesenchyme,8
195_143,Head mesenchyme,8
195_144,Head mesenchyme,8
195_145,Head mesenchyme,8
195_146,Head mesenchyme,8
195_147,Head mesenchyme,8
195_148,Head mesenchyme,8
195_149,Head mesenchyme,8
195_150,Head mesenchyme,8
195_151,Head mesenchyme,8
195_152,Head mesenchyme,8
195_153,Head mesenchyme,8
195_154,Head mesenchyme,8
195_155,Head mesenchyme,8
195_156,Head mesenchyme,8
195_157,Head mesenchyme,8
195_158,Head mesenchyme,13
195_159,Head mesenchyme,13
195_160,Brain,13
195_161,Brain,13
195_162,Brain,13
195_163,Brain,1
195_164,Brain,1
195_165,Brain,13
195_166,Brain,13
195_167,Head mesenchyme,13
195_168,Head mesenchyme,13
195_169,Head mesenchyme,13
195_170,Head mesenchyme,8
195_171,Head mesenchyme,8
195_172,Jaw and tooth,8
195_173,Head mesenchyme,8
195_174,Head mesenchyme,8
195_175,Head mesenchyme,8
195_176,Head mesenchyme,8
195_177,Head mesenchyme,8
195_178,Head mesenchyme,8
195_179,Head mesenchyme,8
195_180,Head mesenchyme,8
195_181,Head mesenchyme,8
195_182,Head mesenchyme,8
195_183,Head mesenchyme,8
195_184,Head mesenchyme,8
195_185,Head mesenchyme,8
195_186,Connective tissue,3
195_187,Blood vessel,19
195_188,Cavity,19
195_189,Blood vessel,19
195_190,Connective tissue,3
195_191,Head mesenchyme,8
195_192,Head mesenchyme,8
195_193,Head mesenchyme,8
195_194,Head mesenchyme,8
195_195,Head mesenchyme,8
195_196,Head mesenchyme,2
195_197,Surface ectoderm,2
195_198,Surface ectoderm,2
195_199,Surface ectoderm,2
195_200,Surface ectoderm,2
195_201,Surface ectoderm,2
195_202,Branchial arch,2
195_203,Branchial arch,2
195_204,Branchial arch,2
195_205,Branchial arch,2
195_206,Branchial arch,2
195_207,Branchial arch,2
195_208,Branchial arch,2
195_209,Branchial arch,2
195_210,Branchial arch,2
195_211,Branchial arch,2
195_212,Branchial arch,2
195_213,Branchial arch,2
195_214,Branchial arch,2
195_215,Branchial arch,2
195_216,Branchial arch,2
195_217,Branchial arch,2
195_218,Branchial arch,2
195_219,Branchial arch,2
195_220,Branchial arch,2
195_221,Branchial arch,2
195_222,Branchial arch,2
195_223,Dermomyotome,2
195_224,Dermomyotome,4
195_225,Dermomyotome,4
195_226,Connective tissue,3
195_227,Blood vessel,3
195_228,Connective tissue,3
195_229,Connective tissue,3
195_230,Connective tissue,3
195_231,Connective tissue,4
195_232,Dermomyotome,4
195_233,Connective tissue,3
195_234,Blood vessel,19
195_235,Blood vessel,19
195_236,Heart,19
195_237,Heart,3
195_238,Heart,3
195_239,Heart,3
195_240,Heart,3
195_241,Heart,3
195_242,Heart,9
195_243,Heart,9
195_244,Heart,9
195_245,Heart,9
195_246,Heart,3
195_247,Heart,3
195_248,Heart,3
195_249,Heart,3
195_250,Heart,3
195_251,Heart,3
195_252,Heart,3
195_253,Heart,3
195_254,Heart,3
195_255,Heart,3
195_256,Heart,3
195_257,Heart,3
195_258,Heart,3
195_259,Heart,3
195_260,Heart,3
195_261,Heart,3
195_262,Blood vessel,3
195_263,Blood vessel,3
195_264,Blood vessel,3
195_265,Blood vessel,19
195_266,Cavity,19
195_267,Cavity,19
195_268,Cavity,19
195_269,Blood vessel,19
195_270,Connective tissue,3
195_271,Connective tissue,3
195_272,Connective tissue,3
195_273,Connective tissue,3
195_274,Connective tissue,3
195_275,Connective tissue,3
195_276,Connective tissue,3
195_277,Connective tissue,3
195_278,Connective tissue,3
195_279,Blood vessel,3
195_280,Blood vessel,3
195_281,Blood vessel,3
195_282,Connective tissue,3
195_283,Urogenital ridge,6
195_284,Connective tissue,4
195_285,Dermomyotome,4
195_286,Sclerotome,4
195_287,Sclerotome,4
195_288,Dermomyotome,4
195_289,Dermomyotome,17
195_290,Dermomyotome,17
195_291,Dermomyotome,17
195_292,Dermomyotome,17
195_293,Dermomyotome,4
195_294,Dermomyotome,4
195_295,Sclerotome,4
195_296,Sclerotome,4
195_297,Sclerotome,4
195_298,Dermomyotome,4
195_299,Dermomyotome,17
195_300,Dermomyotome,17
195_301,Dermomyotome,17
195_302,Dermomyotome,17
195_303,Dermomyotome,17
195_304,Dermomyotome,17
195_305,Dermomyotome,17
195_306,Dermomyotome,17
195_307,Dermomyotome,17
195_308,Dermomyotome,17
195_309,Dermomyotome,4
195_310,Dermomyotome,4
195_311,Dermomyotome,4
195_312,Dermomyotome,11
195_313,Sclerotome,11
195_314,Surface ectoderm,11
195_315,Surface ectoderm,11
195_316,Surface ectoderm,11
195_317,Surface ectoderm,11
195_318,Surface ectoderm,11
195_319,Surface ectoderm,11
195_320,Cavity,16
195_97,Cavity,16
195_98,Meninges,16
195_99,Meninges,13
196_100,Meninges,13
196_101,Meninges,1
196_102,Brain,1
196_103,Brain,1
196_104,Brain,1
196_105,Brain,1
196_106,Brain,1
196_107,Brain,1
196_108,Brain,1
196_109,Brain,1
196_110,Brain,1
196_111,Brain,1
196_112,Brain,1
196_113,Brain,1
196_114,Brain,1
196_115,Brain,1
196_116,Brain,1
196_117,Brain,1
196_118,Brain,1
196_119,Brain,1
196_120,Brain,1
196_121,Brain,13
196_122,Brain,13
196_123,Head mesenchyme,13
196_124,Head mesenchyme,13
196_125,Head mesenchyme,13
196_126,Head mesenchyme,13
196_127,Head mesenchyme,13
196_128,Head mesenchyme,8
196_129,Head mesenchyme,8
196_130,Head mesenchyme,8
196_131,Head mesenchyme,8
196_132,Head mesenchyme,8
196_133,Head mesenchyme,8
196_134,Head mesenchyme,8
196_135,Head mesenchyme,8
196_136,Head mesenchyme,8
196_137,Head mesenchyme,8
196_138,Head mesenchyme,8
196_139,Head mesenchyme,8
196_140,Head mesenchyme,8
196_141,Head mesenchyme,8
196_142,Head mesenchyme,8
196_143,Head mesenchyme,8
196_144,Head mesenchyme,8
196_145,Head mesenchyme,8
196_146,Head mesenchyme,8
196_147,Head mesenchyme,8
196_148,Head mesenchyme,8
196_149,Head mesenchyme,8
196_150,Head mesenchyme,8
196_151,Head mesenchyme,8
196_152,Head mesenchyme,8
196_153,Head mesenchyme,8
196_154,Head mesenchyme,8
196_155,Head mesenchyme,8
196_156,Head mesenchyme,8
196_157,Head mesenchyme,8
196_158,Head mesenchyme,8
196_159,Head mesenchyme,8
196_160,Blood vessel,8
196_161,Blood vessel,13
196_162,Head mesenchyme,13
196_163,Head mesenchyme,13
196_164,Head mesenchyme,13
196_165,Head mesenchyme,13
196_166,Head mesenchyme,8
196_167,Head mesenchyme,8
196_168,Head mesenchyme,8
196_169,Head mesenchyme,8
196_170,Head mesenchyme,8
196_171,Head mesenchyme,8
196_172,Head mesenchyme,8
196_173,Head mesenchyme,8
196_174,Head mesenchyme,8
196_175,Head mesenchyme,8
196_176,Head mesenchyme,8
196_177,Head mesenchyme,8
196_178,Head mesenchyme,8
196_179,Head mesenchyme,8
196_180,Head mesenchyme,8
196_181,Head mesenchyme,8
196_182,Head mesenchyme,8
196_183,Head mesenchyme,8
196_184,Head mesenchyme,8
196_185,Connective tissue,3
196_186,Blood vessel,19
196_187,Cavity,19
196_188,Cavity,19
196_189,Blood vessel,19
196_190,Connective tissue,3
196_191,Urogenital ridge,8
196_192,Surface ectoderm,2
196_193,Surface ectoderm,2
196_194,Head mesenchyme,2
196_195,Surface ectoderm,2
196_196,Surface ectoderm,2
196_197,Surface ectoderm,2
196_198,Surface ectoderm,2
196_199,Surface ectoderm,2
196_200,Branchial arch,2
196_201,Branchial arch,2
196_202,Branchial arch,2
196_203,Branchial arch,2
196_204,Branchial arch,2
196_205,Branchial arch,2
196_206,Branchial arch,2
196_207,Branchial arch,2
196_208,Branchial arch,2
196_209,Branchial arch,2
196_210,Branchial arch,2
196_211,Branchial arch,2
196_212,Branchial arch,2
196_213,Branchial arch,2
196_214,Branchial arch,2
196_215,Branchial arch,2
196_216,Branchial arch,2
196_217,Branchial arch,2
196_218,Branchial arch,2
196_219,Branchial arch,2
196_220,Branchial arch,2
196_221,Branchial arch,2
196_222,Branchial arch,2
196_223,Branchial arch,2
196_224,Branchial arch,2
196_225,Branchial arch,2
196_226,Branchial arch,2
196_227,Connective tissue,3
196_228,Connective tissue,3
196_229,Connective tissue,3
196_230,Connective tissue,3
196_231,Blood vessel,3
196_232,Blood vessel,19
196_233,Blood vessel,19
196_234,Blood vessel,19
196_235,Heart,3
196_236,Heart,3
196_237,Heart,3
196_238,Heart,3
196_239,Heart,3
196_240,Heart,9
196_241,Heart,9
196_242,Heart,9
196_243,Heart,9
196_244,Heart,9
196_245,Heart,9
196_246,Heart,9
196_247,Heart,3
196_248,Heart,3
196_249,Heart,3
196_250,Heart,3
196_251,Heart,3
196_252,Heart,3
196_253,Heart,3
196_254,Heart,3
196_255,Heart,3
196_256,Heart,3
196_257,Heart,3
196_258,Heart,3
196_259,Heart,3
196_260,Heart,3
196_261,Heart,3
196_262,Heart,3
196_263,Blood vessel,3
196_264,Blood vessel,3
196_265,Heart,3
196_266,Blood vessel,19
196_267,Blood vessel,19
196_268,Blood vessel,19
196_269,Blood vessel,3
196_270,Connective tissue,3
196_271,Connective tissue,3
196_272,Connective tissue,3
196_273,Connective tissue,3
196_274,Connective tissue,3
196_275,Connective tissue,3
196_276,Connective tissue,3
196_277,Connective tissue,3
196_278,Connective tissue,3
196_279,Connective tissue,3
196_280,Blood vessel,3
196_281,Blood vessel,3
196_282,Connective tissue,3
196_283,Dermomyotome,4
196_284,Dermomyotome,4
196_285,Dermomyotome,4
196_286,Sclerotome,4
196_287,Dermomyotome,4
196_288,Dermomyotome,4
196_289,Dermomyotome,17
196_290,Dermomyotome,17
196_291,Dermomyotome,17
196_292,Dermomyotome,4
196_293,Sclerotome,4
196_294,Sclerotome,4
196_295,Sclerotome,4
196_296,Dermomyotome,4
196_297,Dermomyotome,4
196_298,Dermomyotome,17
196_299,Dermomyotome,17
196_300,Dermomyotome,17
196_301,Dermomyotome,17
196_302,Dermomyotome,17
196_303,Dermomyotome,17
196_304,Dermomyotome,17
196_305,Dermomyotome,17
196_306,Dermomyotome,17
196_307,Dermomyotome,4
196_308,Dermomyotome,4
196_309,Dermomyotome,4
196_310,Dermomyotome,4
196_311,Dermomyotome,4
196_312,Dermomyotome,11
196_313,Sclerotome,11
196_314,Sclerotome,11
196_315,Surface ectoderm,11
196_316,Surface ectoderm,11
196_317,Surface ectoderm,11
196_318,Surface ectoderm,11
196_319,Surface ectoderm,11
196_320,Surface ectoderm,16
196_97,Meninges,16
196_98,Meninges,16
196_99,Meninges,13
197_100,Meninges,13
197_101,Meninges,1
197_102,Brain,1
197_103,Brain,1
197_104,Brain,1
197_105,Brain,1
197_106,Brain,1
197_107,Brain,1
197_108,Brain,1
197_109,Brain,1
197_110,Brain,1
197_111,Brain,1
197_112,Brain,1
197_113,Brain,1
197_114,Brain,1
197_115,Brain,1
197_116,Brain,1
197_117,Brain,1
197_118,Brain,1
197_119,Brain,1
197_120,Brain,1
197_121,Brain,13
197_122,Head mesenchyme,13
197_123,Head mesenchyme,13
197_124,Head mesenchyme,13
197_125,Head mesenchyme,13
197_126,Head mesenchyme,13
197_127,Head mesenchyme,13
197_128,Head mesenchyme,13
197_129,Head mesenchyme,8
197_130,Head mesenchyme,8
197_131,Head mesenchyme,8
197_132,Head mesenchyme,8
197_133,Head mesenchyme,8
197_134,Head mesenchyme,8
197_135,Head mesenchyme,8
197_136,Head mesenchyme,8
197_137,Head mesenchyme,8
197_138,Head mesenchyme,8
197_139,Head mesenchyme,8
197_140,Head mesenchyme,8
197_141,Head mesenchyme,8
197_142,Head mesenchyme,8
197_143,Head mesenchyme,8
197_144,Head mesenchyme,8
197_145,Head mesenchyme,8
197_146,Head mesenchyme,8
197_147,Head mesenchyme,8
197_148,Head mesenchyme,8
197_149,Head mesenchyme,8
197_150,Head mesenchyme,8
197_151,Head mesenchyme,8
197_152,Head mesenchyme,8
197_153,Head mesenchyme,8
197_154,Head mesenchyme,8
197_155,Head mesenchyme,8
197_156,Head mesenchyme,8
197_157,Head mesenchyme,8
197_158,Head mesenchyme,8
197_159,Head mesenchyme,8
197_160,Head mesenchyme,8
197_161,Head mesenchyme,8
197_162,Head mesenchyme,8
197_163,Head mesenchyme,8
197_164,Head mesenchyme,8
197_165,Head mesenchyme,8
197_166,Head mesenchyme,8
197_167,Head mesenchyme,8
197_168,Head mesenchyme,8
197_169,Head mesenchyme,8
197_170,Head mesenchyme,8
197_171,Head mesenchyme,8
197_172,Head mesenchyme,8
197_173,Head mesenchyme,8
197_174,Head mesenchyme,8
197_175,Head mesenchyme,8
197_176,Head mesenchyme,8
197_177,Head mesenchyme,8
197_178,Head mesenchyme,8
197_179,Head mesenchyme,8
197_180,Head mesenchyme,8
197_181,Head mesenchyme,8
197_182,Head mesenchyme,8
197_183,Head mesenchyme,8
197_184,Head mesenchyme,8
197_185,Connective tissue,3
197_186,Blood vessel,19
197_187,Cavity,19
197_188,Blood vessel,19
197_189,Blood vessel,3
197_190,Head mesenchyme,3
197_191,Sclerotome,2
197_192,Surface ectoderm,2
197_193,Surface ectoderm,2
197_194,Surface ectoderm,2
197_195,Surface ectoderm,2
197_196,Surface ectoderm,2
197_197,Surface ectoderm,2
197_198,Branchial arch,2
197_199,Branchial arch,2
197_200,Branchial arch,2
197_201,Branchial arch,2
197_202,Branchial arch,2
197_203,Branchial arch,2
197_204,Branchial arch,2
197_205,Branchial arch,2
197_206,Branchial arch,2
197_207,Branchial arch,2
197_208,Branchial arch,2
197_209,Branchial arch,2
197_210,Branchial arch,2
197_211,Branchial arch,2
197_212,Branchial arch,2
197_213,Branchial arch,2
197_214,Branchial arch,2
197_215,Branchial arch,2
197_216,Branchial arch,2
197_217,Branchial arch,2
197_218,Branchial arch,2
197_219,Branchial arch,2
197_220,Branchial arch,2
197_221,Branchial arch,2
197_222,Branchial arch,2
197_223,Branchial arch,2
197_224,Branchial arch,2
197_225,Branchial arch,2
197_226,Branchial arch,2
197_227,Connective tissue,3
197_228,Connective tissue,3
197_229,Connective tissue,3
197_230,Connective tissue,3
197_231,Blood vessel,3
197_232,Blood vessel,19
197_233,Blood vessel,19
197_234,Heart,3
197_235,Heart,3
197_236,Heart,3
197_237,Heart,3
197_238,Heart,3
197_239,Heart,3
197_240,Heart,9
197_241,Heart,9
197_242,Heart,9
197_243,Heart,9
197_244,Heart,9
197_245,Heart,9
197_246,Heart,9
197_247,Heart,9
197_248,Heart,3
197_249,Heart,3
197_250,Heart,3
197_251,Heart,3
197_252,Heart,3
197_253,Heart,3
197_254,Heart,3
197_255,Heart,3
197_256,Heart,3
197_257,Heart,3
197_258,Heart,3
197_259,Heart,3
197_260,Heart,3
197_261,Heart,3
197_262,Heart,3
197_263,Heart,3
197_264,Blood vessel,3
197_265,Heart,3
197_266,Heart,3
197_267,Blood vessel,3
197_268,Blood vessel,3
197_269,Connective tissue,3
197_270,Connective tissue,3
197_271,Connective tissue,3
197_272,Connective tissue,3
197_273,Connective tissue,3
197_274,Connective tissue,3
197_275,Connective tissue,3
197_276,Connective tissue,3
197_277,Connective tissue,3
197_278,Connective tissue,3
197_279,Connective tissue,3
197_280,Connective tissue,3
197_281,Connective tissue,3
197_282,Connective tissue,3
197_283,Dermomyotome,4
197_284,Dermomyotome,17
197_285,Dermomyotome,17
197_286,Dermomyotome,4
197_287,Dermomyotome,4
197_288,Dermomyotome,17
197_289,Dermomyotome,17
197_290,Dermomyotome,17
197_291,Dermomyotome,4
197_292,Sclerotome,4
197_293,Sclerotome,6
197_294,Sclerotome,6
197_295,Sclerotome,4
197_296,Dermomyotome,4
197_297,Dermomyotome,17
197_298,Dermomyotome,17
197_299,Dermomyotome,17
197_300,Dermomyotome,17
197_301,Dermomyotome,17
197_302,Dermomyotome,17
197_303,Dermomyotome,17
197_304,Dermomyotome,4
197_305,Dermomyotome,4
197_306,Dermomyotome,4
197_307,Dermomyotome,4
197_308,Dermomyotome,4
197_309,Dermomyotome,4
197_310,Dermomyotome,4
197_311,Dermomyotome,4
197_312,Dermomyotome,11
197_313,Dermomyotome,11
197_314,Sclerotome,11
197_315,Sclerotome,11
197_316,Surface ectoderm,11
197_317,Surface ectoderm,11
197_318,Surface ectoderm,11
197_319,Surface ectoderm,11
197_320,Surface ectoderm,11
197_321,Cavity,16
197_97,Meninges,16
197_98,Meninges,13
197_99,Meninges,13
198_100,Meninges,1
198_101,Brain,1
198_102,Brain,1
198_103,Brain,1
198_104,Brain,1
198_105,Brain,1
198_106,Brain,1
198_107,Brain,1
198_108,Brain,1
198_109,Brain,1
198_110,Brain,1
198_111,Brain,1
198_112,Brain,1
198_113,Brain,1
198_114,Brain,1
198_115,Brain,1
198_116,Brain,1
198_117,Brain,1
198_118,Brain,1
198_119,Brain,1
198_120,Brain,13
198_121,Head mesenchyme,13
198_122,Head mesenchyme,13
198_123,Head mesenchyme,13
198_124,Head mesenchyme,13
198_125,Head mesenchyme,13
198_126,Head mesenchyme,13
198_127,Head mesenchyme,13
198_128,Head mesenchyme,13
198_129,Head mesenchyme,8
198_130,Head mesenchyme,8
198_131,Head mesenchyme,8
198_132,Head mesenchyme,8
198_133,Head mesenchyme,8
198_134,Head mesenchyme,8
198_135,Head mesenchyme,8
198_136,Head mesenchyme,8
198_137,Head mesenchyme,8
198_138,Head mesenchyme,8
198_139,Head mesenchyme,8
198_140,Head mesenchyme,8
198_141,Jaw and tooth,8
198_142,Head mesenchyme,8
198_143,Head mesenchyme,8
198_144,Head mesenchyme,8
198_145,Head mesenchyme,8
198_146,Head mesenchyme,8
198_147,Head mesenchyme,8
198_148,Head mesenchyme,8
198_149,Head mesenchyme,8
198_150,Head mesenchyme,8
198_151,Head mesenchyme,8
198_152,Head mesenchyme,8
198_153,Head mesenchyme,8
198_154,Head mesenchyme,8
198_155,Head mesenchyme,8
198_156,Head mesenchyme,8
198_157,Head mesenchyme,8
198_158,Head mesenchyme,8
198_159,Head mesenchyme,8
198_160,Head mesenchyme,8
198_161,Head mesenchyme,8
198_162,Head mesenchyme,8
198_163,Head mesenchyme,8
198_164,Head mesenchyme,8
198_165,Head mesenchyme,8
198_166,Head mesenchyme,8
198_167,Head mesenchyme,8
198_168,Head mesenchyme,8
198_169,Head mesenchyme,8
198_170,Head mesenchyme,8
198_171,Head mesenchyme,8
198_172,Head mesenchyme,8
198_173,Head mesenchyme,8
198_174,Head mesenchyme,8
198_175,Head mesenchyme,8
198_176,Head mesenchyme,8
198_177,Head mesenchyme,8
198_178,Head mesenchyme,8
198_179,Head mesenchyme,8
198_180,Head mesenchyme,8
198_181,Head mesenchyme,8
198_182,Head mesenchyme,8
198_183,Head mesenchyme,8
198_184,Head mesenchyme,8
198_185,Connective tissue,3
198_186,Blood vessel,3
198_187,Blood vessel,3
198_188,Blood vessel,3
198_189,Head mesenchyme,8
198_190,Head mesenchyme,8
198_191,Jaw and tooth,2
198_192,Surface ectoderm,2
198_193,Surface ectoderm,2
198_194,Surface ectoderm,2
198_195,Surface ectoderm,2
198_196,Surface ectoderm,2
198_197,Surface ectoderm,2
198_198,Branchial arch,2
198_199,Branchial arch,2
198_200,Branchial arch,2
198_201,Branchial arch,2
198_202,Branchial arch,2
198_203,Branchial arch,2
198_204,Branchial arch,2
198_205,Branchial arch,2
198_206,Branchial arch,2
198_207,Branchial arch,2
198_208,Branchial arch,2
198_209,Branchial arch,2
198_210,Branchial arch,2
198_211,Branchial arch,2
198_212,Branchial arch,2
198_213,Branchial arch,2
198_214,Branchial arch,2
198_215,Branchial arch,2
198_216,Branchial arch,2
198_217,Branchial arch,2
198_218,Branchial arch,2
198_219,Branchial arch,2
198_220,Branchial arch,2
198_221,Branchial arch,2
198_222,Branchial arch,2
198_223,Branchial arch,2
198_224,Branchial arch,2
198_225,Branchial arch,2
198_226,Connective tissue,3
198_227,Connective tissue,3
198_228,Connective tissue,3
198_229,Connective tissue,3
198_230,Connective tissue,3
198_231,Blood vessel,3
198_232,Blood vessel,19
198_233,Blood vessel,3
198_234,Heart,3
198_235,Heart,3
198_236,Heart,3
198_237,Heart,3
198_238,Heart,3
198_239,Heart,9
198_240,Heart,9
198_241,Heart,9
198_242,Heart,9
198_243,Heart,9
198_244,Heart,9
198_245,Heart,9
198_246,Heart,9
198_247,Heart,9
198_248,Heart,3
198_249,Heart,3
198_250,Heart,3
198_251,Heart,3
198_252,Heart,3
198_253,Heart,3
198_254,Heart,3
198_255,Heart,3
198_256,Heart,3
198_257,Heart,3
198_258,Heart,3
198_259,Heart,3
198_260,Heart,3
198_261,Heart,3
198_262,Heart,3
198_263,Heart,3
198_264,Heart,3
198_265,Heart,3
198_266,Heart,3
198_267,Heart,3
198_268,Blood vessel,3
198_269,Blood vessel,3
198_270,Connective tissue,3
198_271,Connective tissue,3
198_272,Connective tissue,3
198_273,Connective tissue,3
198_274,Connective tissue,3
198_275,Connective tissue,3
198_276,Connective tissue,3
198_277,Connective tissue,4
198_278,Connective tissue,4
198_279,Connective tissue,3
198_280,Connective tissue,3
198_281,Connective tissue,3
198_282,Connective tissue,4
198_283,Dermomyotome,4
198_284,Dermomyotome,17
198_285,Dermomyotome,17
198_286,Dermomyotome,17
198_287,Dermomyotome,17
198_288,Dermomyotome,17
198_289,Dermomyotome,17
198_290,Dermomyotome,4
198_291,Sclerotome,4
198_292,Sclerotome,6
198_293,Sclerotome,6
198_294,Sclerotome,4
198_295,Dermomyotome,4
198_296,Dermomyotome,17
198_297,Dermomyotome,17
198_298,Dermomyotome,17
198_299,Dermomyotome,17
198_300,Dermomyotome,17
198_301,Dermomyotome,17
198_302,Dermomyotome,17
198_303,Dermomyotome,4
198_304,Dermomyotome,4
198_305,Sclerotome,4
198_306,Sclerotome,4
198_307,Dermomyotome,4
198_308,Dermomyotome,4
198_309,Dermomyotome,4
198_310,Dermomyotome,4
198_311,Dermomyotome,4
198_312,Dermomyotome,4
198_313,Dermomyotome,4
198_314,Dermomyotome,4
198_315,Dermomyotome,4
198_316,Dermomyotome,4
198_317,Surface ectoderm,11
198_318,Surface ectoderm,11
198_319,Surface ectoderm,11
198_320,Surface ectoderm,11
198_321,Cavity,16
198_96,Cavity,16
198_97,Meninges,16
198_98,Meninges,13
198_99,Meninges,13
199_100,Meninges,1
199_101,Brain,1
199_102,Brain,1
199_103,Brain,1
199_104,Brain,1
199_105,Brain,1
199_106,Brain,1
199_107,Brain,1
199_108,Brain,1
199_109,Brain,1
199_110,Brain,1
199_111,Brain,1
199_112,Brain,1
199_113,Brain,1
199_114,Brain,1
199_115,Brain,1
199_116,Brain,1
199_117,Brain,1
199_118,Brain,1
199_119,Brain,1
199_120,Brain,13
199_121,Head mesenchyme,13
199_122,Head mesenchyme,13
199_123,Head mesenchyme,13
199_124,Head mesenchyme,13
199_125,Head mesenchyme,13
199_126,Head mesenchyme,13
199_127,Head mesenchyme,13
199_128,Head mesenchyme,13
199_129,Head mesenchyme,8
199_130,Head mesenchyme,8
199_131,Head mesenchyme,8
199_132,Head mesenchyme,8
199_133,Head mesenchyme,8
199_134,Head mesenchyme,8
199_135,Head mesenchyme,8
199_136,Head mesenchyme,8
199_137,Head mesenchyme,8
199_138,Head mesenchyme,8
199_139,Head mesenchyme,8
199_140,Head mesenchyme,8
199_141,Head mesenchyme,8
199_142,Head mesenchyme,8
199_143,Head mesenchyme,8
199_144,Head mesenchyme,8
199_145,Head mesenchyme,13
199_146,Head mesenchyme,13
199_147,Head mesenchyme,13
199_148,Head mesenchyme,8
199_149,Head mesenchyme,8
199_150,Head mesenchyme,8
199_151,Head mesenchyme,8
199_152,Head mesenchyme,8
199_153,Head mesenchyme,8
199_154,Head mesenchyme,8
199_155,Head mesenchyme,8
199_156,Head mesenchyme,8
199_157,Head mesenchyme,8
199_158,Head mesenchyme,8
199_159,Head mesenchyme,8
199_160,Head mesenchyme,8
199_161,Head mesenchyme,8
199_162,Head mesenchyme,8
199_163,Head mesenchyme,8
199_164,Head mesenchyme,8
199_165,Head mesenchyme,8
199_166,Head mesenchyme,8
199_167,Head mesenchyme,8
199_168,Head mesenchyme,8
199_169,Head mesenchyme,8
199_170,Head mesenchyme,8
199_171,Head mesenchyme,8
199_172,Head mesenchyme,8
199_173,Head mesenchyme,8
199_174,Head mesenchyme,8
199_175,Head mesenchyme,8
199_176,Head mesenchyme,8
199_177,Head mesenchyme,8
199_178,Head mesenchyme,8
199_179,Head mesenchyme,8
199_180,Head mesenchyme,8
199_181,Head mesenchyme,8
199_182,Head mesenchyme,8
199_183,Head mesenchyme,8
199_184,Head mesenchyme,8
199_185,Head mesenchyme,8
199_186,Head mesenchyme,8
199_187,Head mesenchyme,8
199_188,Head mesenchyme,8
199_189,Head mesenchyme,8
199_190,Jaw and tooth,2
199_191,Jaw and tooth,2
199_192,Jaw and tooth,2
199_193,Surface ectoderm,2
199_194,Surface ectoderm,2
199_195,Surface ectoderm,2
199_196,Surface ectoderm,2
199_197,Branchial arch,2
199_198,Branchial arch,2
199_199,Branchial arch,2
199_200,Branchial arch,2
199_201,Branchial arch,2
199_202,Branchial arch,2
199_203,Branchial arch,2
199_204,Branchial arch,2
199_205,Branchial arch,2
199_206,Branchial arch,2
199_207,Branchial arch,2
199_208,Branchial arch,2
199_209,Branchial arch,2
199_210,Branchial arch,2
199_211,Branchial arch,2
199_212,Branchial arch,2
199_213,Branchial arch,2
199_214,Branchial arch,2
199_215,Branchial arch,2
199_216,Branchial arch,2
199_217,Branchial arch,2
199_218,Branchial arch,2
199_219,Branchial arch,2
199_220,Branchial arch,2
199_221,Branchial arch,2
199_222,Branchial arch,2
199_223,Branchial arch,2
199_224,Branchial arch,2
199_225,Branchial arch,2
199_226,Branchial arch,2
199_227,Branchial arch,2
199_228,Connective tissue,2
199_229,Connective tissue,2
199_230,Connective tissue,3
199_231,Connective tissue,3
199_232,Connective tissue,3
199_233,Connective tissue,3
199_234,Heart,3
199_235,Heart,3
199_236,Heart,9
199_237,Heart,9
199_238,Heart,9
199_239,Heart,9
199_240,Heart,9
199_241,Heart,9
199_242,Heart,9
199_243,Heart,9
199_244,Heart,9
199_245,Heart,9
199_246,Heart,9
199_247,Heart,9
199_248,Heart,9
199_249,Heart,9
199_250,Heart,3
199_251,Heart,3
199_252,Heart,3
199_253,Heart,3
199_254,Heart,3
199_255,Heart,3
199_256,Heart,3
199_257,Heart,3
199_258,Heart,3
199_259,Heart,3
199_260,Heart,3
199_261,Heart,3
199_262,Heart,3
199_263,Heart,3
199_264,Heart,3
199_265,Heart,3
199_266,Heart,3
199_267,Heart,3
199_268,Connective tissue,3
199_269,Connective tissue,3
199_270,Connective tissue,3
199_271,Connective tissue,3
199_272,Connective tissue,3
199_273,Connective tissue,3
199_274,Connective tissue,3
199_275,Connective tissue,3
199_276,Connective tissue,4
199_277,Dermomyotome,4
199_278,Dermomyotome,4
199_279,Dermomyotome,4
199_280,Dermomyotome,4
199_281,Connective tissue,4
199_282,Urogenital ridge,4
199_283,Dermomyotome,17
199_284,Dermomyotome,17
199_285,Dermomyotome,17
199_286,Dermomyotome,17
199_287,Dermomyotome,4
199_288,Dermomyotome,17
199_289,Dermomyotome,17
199_290,Dermomyotome,4
199_291,Sclerotome,4
199_292,Sclerotome,6
199_293,Sclerotome,4
199_294,Dermomyotome,4
199_295,Dermomyotome,17
199_296,Dermomyotome,17
199_297,Dermomyotome,17
199_298,Dermomyotome,17
199_299,Dermomyotome,17
199_300,Dermomyotome,17
199_301,Dermomyotome,17
199_302,Dermomyotome,4
199_303,Sclerotome,4
199_304,Sclerotome,4
199_305,Sclerotome,6
199_306,Sclerotome,4
199_307,Dermomyotome,4
199_308,Dermomyotome,4
199_309,Dermomyotome,4
199_310,Dermomyotome,4
199_311,Dermomyotome,4
199_312,Dermomyotome,4
199_313,Dermomyotome,4
199_314,Dermomyotome,4
199_315,Dermomyotome,4
199_316,Dermomyotome,4
199_317,Dermomyotome,4
199_318,Surface ectoderm,11
199_319,Surface ectoderm,11
199_320,Surface ectoderm,11
199_321,Surface ectoderm,11
199_322,Cavity,16
199_96,Cavity,16
199_97,Meninges,16
199_98,Meninges,16
199_99,Meninges,13
200_100,Meninges,1
200_101,Brain,1
200_102,Brain,1
200_103,Brain,1
200_104,Brain,1
200_105,Brain,1
200_106,Brain,1
200_107,Brain,1
200_108,Brain,1
200_109,Brain,1
200_110,Brain,1
200_111,Brain,1
200_112,Brain,1
200_113,Brain,1
200_114,Brain,1
200_115,Brain,1
200_116,Brain,1
200_117,Brain,1
200_118,Brain,1
200_119,Brain,13
200_120,Head mesenchyme,13
200_121,Head mesenchyme,13
200_122,Head mesenchyme,13
200_123,Head mesenchyme,13
200_124,Head mesenchyme,13
200_125,Head mesenchyme,13
200_126,Head mesenchyme,13
200_127,Head mesenchyme,13
200_128,Head mesenchyme,8
200_129,Head mesenchyme,8
200_130,Head mesenchyme,8
200_131,Head mesenchyme,8
200_132,Head mesenchyme,8
200_133,Head mesenchyme,8
200_134,Head mesenchyme,8
200_135,Head mesenchyme,8
200_136,Head mesenchyme,8
200_137,Head mesenchyme,8
200_138,Head mesenchyme,8
200_139,Head mesenchyme,8
200_140,Head mesenchyme,8
200_141,Head mesenchyme,13
200_142,Head mesenchyme,13
200_143,Brain,13
200_144,Brain,13
200_145,Brain,13
200_146,Brain,13
200_147,Brain,13
200_148,Brain,13
200_149,Brain,13
200_150,Brain,13
200_151,Brain,13
200_152,Brain,13
200_153,Brain,13
200_154,Head mesenchyme,13
200_155,Head mesenchyme,13
200_156,Head mesenchyme,8
200_157,Head mesenchyme,8
200_158,Head mesenchyme,8
200_159,Head mesenchyme,8
200_160,Head mesenchyme,8
200_161,Head mesenchyme,8
200_162,Head mesenchyme,8
200_163,Head mesenchyme,8
200_164,Head mesenchyme,8
200_165,Head mesenchyme,8
200_166,Head mesenchyme,8
200_167,Head mesenchyme,8
200_168,Head mesenchyme,8
200_169,Head mesenchyme,8
200_170,Head mesenchyme,8
200_171,Head mesenchyme,8
200_172,Head mesenchyme,8
200_173,Head mesenchyme,8
200_174,Head mesenchyme,8
200_175,Head mesenchyme,8
200_176,Head mesenchyme,8
200_177,Head mesenchyme,8
200_178,Head mesenchyme,8
200_179,Head mesenchyme,8
200_180,Head mesenchyme,8
200_181,Head mesenchyme,8
200_182,Head mesenchyme,8
200_183,Head mesenchyme,8
200_184,Head mesenchyme,8
200_185,Head mesenchyme,8
200_186,Head mesenchyme,8
200_187,Head mesenchyme,8
200_188,Head mesenchyme,8
200_189,Jaw and tooth,8
200_190,Jaw and tooth,8
200_191,Jaw and tooth,2
200_192,Jaw and tooth,2
200_193,Surface ectoderm,2
200_194,Surface ectoderm,2
200_195,Surface ectoderm,2
200_196,Branchial arch,2
200_197,Branchial arch,2
200_198,Branchial arch,2
200_199,Branchial arch,2
200_200,Branchial arch,2
200_201,Branchial arch,2
200_202,Branchial arch,2
200_203,Branchial arch,2
200_204,Branchial arch,2
200_205,Branchial arch,2
200_206,Branchial arch,2
200_207,Branchial arch,2
200_208,Branchial arch,2
200_209,Branchial arch,2
200_210,Branchial arch,2
200_211,Branchial arch,2
200_212,Branchial arch,2
200_213,Branchial arch,2
200_214,Branchial arch,2
200_215,Branchial arch,2
200_216,Branchial arch,2
200_217,Branchial arch,2
200_218,Branchial arch,2
200_219,Branchial arch,2
200_220,Branchial arch,2
200_221,Branchial arch,2
200_222,Branchial arch,2
200_223,Branchial arch,2
200_224,Branchial arch,2
200_225,Branchial arch,2
200_226,Branchial arch,2
200_227,Branchial arch,2
200_228,Branchial arch,2
200_229,Connective tissue,2
200_230,Connective tissue,3
200_231,Connective tissue,3
200_232,Connective tissue,3
200_233,Connective tissue,3
200_234,Heart,3
200_235,Heart,9
200_236,Heart,9
200_237,Heart,9
200_238,Heart,9
200_239,Heart,9
200_240,Heart,9
200_241,Heart,9
200_242,Heart,9
200_243,Heart,9
200_244,Heart,9
200_245,Heart,9
200_246,Heart,9
200_247,Heart,9
200_248,Heart,9
200_249,Heart,9
200_250,Heart,9
200_251,Heart,9
200_252,Heart,9
200_253,Heart,3
200_254,Heart,3
200_255,Heart,3
200_256,Heart,3
200_257,Heart,3
200_258,Heart,3
200_259,Heart,3
200_260,Heart,3
200_261,Heart,3
200_262,Heart,3
200_263,Heart,3
200_264,Heart,3
200_265,Heart,3
200_266,Heart,3
200_267,Heart,3
200_268,Connective tissue,3
200_269,Connective tissue,3
200_270,Connective tissue,3
200_271,Connective tissue,3
200_272,Connective tissue,3
200_273,Connective tissue,3
200_274,Connective tissue,3
200_275,Connective tissue,3
200_276,Connective tissue,4
200_277,Connective tissue,4
200_278,Dermomyotome,4
200_279,Dermomyotome,4
200_280,Dermomyotome,4
200_281,Dermomyotome,17
200_282,Dermomyotome,17
200_283,Dermomyotome,17
200_284,Dermomyotome,17
200_285,Dermomyotome,17
200_286,Sclerotome,4
200_287,Dermomyotome,4
200_288,Dermomyotome,4
200_289,Dermomyotome,4
200_290,Sclerotome,4
200_291,Sclerotome,6
200_292,Sclerotome,4
200_293,Dermomyotome,4
200_294,Dermomyotome,17
200_295,Dermomyotome,17
200_296,Dermomyotome,17
200_297,Dermomyotome,17
200_298,Dermomyotome,17
200_299,Dermomyotome,17
200_300,Dermomyotome,4
200_301,Sclerotome,4
200_302,Sclerotome,4
200_303,Sclerotome,4
200_304,Sclerotome,4
200_305,Sclerotome,4
200_306,Sclerotome,4
200_307,Dermomyotome,4
200_308,Dermomyotome,17
200_309,Dermomyotome,17
200_310,Dermomyotome,17
200_311,Dermomyotome,17
200_312,Dermomyotome,17
200_313,Dermomyotome,17
200_314,Dermomyotome,17
200_315,Dermomyotome,17
200_316,Dermomyotome,17
200_317,Dermomyotome,17
200_318,Dermomyotome,4
200_319,Surface ectoderm,11
200_320,Surface ectoderm,11
200_321,Surface ectoderm,11
200_322,Cavity,16
200_96,Cavity,16
200_97,Meninges,16
200_98,Meninges,13
200_99,Meninges,13
201_100,Meninges,1
201_101,Brain,1
201_102,Brain,1
201_103,Brain,1
201_104,Brain,1
201_105,Brain,1
201_106,Brain,1
201_107,Brain,1
201_108,Brain,1
201_109,Brain,1
201_110,Brain,1
201_111,Brain,1
201_112,Brain,1
201_113,Brain,1
201_114,Brain,1
201_115,Brain,1
201_116,Brain,1
201_117,Brain,1
201_118,Brain,1
201_119,Brain,13
201_120,Head mesenchyme,13
201_121,Head mesenchyme,13
201_122,Head mesenchyme,13
201_123,Head mesenchyme,13
201_124,Head mesenchyme,13
201_125,Head mesenchyme,13
201_126,Head mesenchyme,8
201_127,Head mesenchyme,8
201_128,Head mesenchyme,8
201_129,Head mesenchyme,8
201_130,Head mesenchyme,8
201_131,Head mesenchyme,8
201_132,Head mesenchyme,8
201_133,Head mesenchyme,8
201_134,Head mesenchyme,8
201_135,Head mesenchyme,8
201_136,Head mesenchyme,8
201_137,Head mesenchyme,8
201_138,Head mesenchyme,13
201_139,Head mesenchyme,13
201_140,Brain,13
201_141,Brain,13
201_142,Brain,1
201_143,Brain,1
201_144,Brain,1
201_145,Brain,1
201_146,Brain,12
201_147,Brain,12
201_148,Brain,12
201_149,Brain,12
201_150,Brain,12
201_151,Brain,12
201_152,Brain,12
201_153,Brain,12
201_154,Brain,12
201_155,Brain,13
201_156,Brain,13
201_157,Brain,13
201_158,Head mesenchyme,13
201_159,Head mesenchyme,8
201_160,Head mesenchyme,8
201_161,Head mesenchyme,8
201_162,Head mesenchyme,8
201_163,Head mesenchyme,8
201_164,Head mesenchyme,8
201_165,Head mesenchyme,8
201_166,Head mesenchyme,8
201_167,Head mesenchyme,8
201_168,Head mesenchyme,8
201_169,Head mesenchyme,8
201_170,Head mesenchyme,8
201_171,Head mesenchyme,8
201_172,Head mesenchyme,8
201_173,Head mesenchyme,8
201_174,Head mesenchyme,8
201_175,Head mesenchyme,8
201_176,Head mesenchyme,8
201_177,Head mesenchyme,8
201_178,Head mesenchyme,8
201_179,Head mesenchyme,8
201_180,Head mesenchyme,8
201_181,Head mesenchyme,8
201_182,Head mesenchyme,8
201_183,Head mesenchyme,8
201_184,Head mesenchyme,8
201_185,Head mesenchyme,8
201_186,Head mesenchyme,8
201_187,Head mesenchyme,8
201_188,Head mesenchyme,8
201_189,Head mesenchyme,8
201_190,Jaw and tooth,2
201_191,Jaw and tooth,2
201_192,Surface ectoderm,2
201_193,Surface ectoderm,2
201_194,Surface ectoderm,2
201_195,Surface ectoderm,2
201_196,Branchial arch,2
201_197,Branchial arch,2
201_198,Branchial arch,2
201_199,Branchial arch,2
201_200,Branchial arch,2
201_201,Branchial arch,2
201_202,Branchial arch,2
201_203,Branchial arch,2
201_204,Branchial arch,2
201_205,Branchial arch,2
201_206,Branchial arch,2
201_207,Branchial arch,2
201_208,Branchial arch,2
201_209,Branchial arch,2
201_210,Branchial arch,2
201_211,Branchial arch,2
201_212,Branchial arch,2
201_213,Branchial arch,2
201_214,Branchial arch,2
201_215,Branchial arch,2
201_216,Branchial arch,2
201_217,Branchial arch,2
201_218,Branchial arch,2
201_219,Branchial arch,2
201_220,Branchial arch,2
201_221,Connective tissue,2
201_222,Branchial arch,2
201_223,Branchial arch,2
201_224,Branchial arch,2
201_225,Branchial arch,2
201_226,GI tract,2
201_227,Surface ectoderm,2
201_228,Connective tissue,2
201_229,Connective tissue,3
201_230,Connective tissue,3
201_231,Connective tissue,3
201_232,Connective tissue,3
201_233,Heart,3
201_234,Heart,9
201_235,Heart,9
201_236,Heart,9
201_237,Heart,9
201_238,Heart,9
201_239,Heart,9
201_240,Heart,9
201_241,Heart,9
201_242,Heart,9
201_243,Heart,9
201_244,Cavity,19
201_245,Cavity,19
201_246,Cavity,19
201_247,Heart,9
201_248,Heart,9
201_249,Heart,9
201_250,Heart,9
201_251,Heart,9
201_252,Heart,9
201_253,Heart,9
201_254,Heart,9
201_255,Heart,9
201_256,Heart,9
201_257,Heart,3
201_258,Heart,3
201_259,Heart,3
201_260,Heart,3
201_261,Heart,3
201_262,Heart,3
201_263,Heart,3
201_264,Heart,3
201_265,Heart,9
201_266,Heart,3
201_267,Heart,3
201_268,Heart,3
201_269,Connective tissue,3
201_270,Connective tissue,3
201_271,Connective tissue,3
201_272,Connective tissue,3
201_273,Connective tissue,3
201_274,Connective tissue,3
201_275,Dermomyotome,3
201_276,Dermomyotome,4
201_277,Connective tissue,4
201_278,Connective tissue,4
201_279,Dermomyotome,4
201_280,Dermomyotome,17
201_281,Dermomyotome,17
201_282,Dermomyotome,17
201_283,Dermomyotome,17
201_284,Dermomyotome,17
201_285,Dermomyotome,17
201_286,Urogenital ridge,4
201_287,Dermomyotome,4
201_288,Sclerotome,4
201_289,Sclerotome,4
201_290,Sclerotome,6
201_291,Sclerotome,4
201_292,Dermomyotome,4
201_293,Dermomyotome,17
201_294,Dermomyotome,17
201_295,Dermomyotome,17
201_296,Dermomyotome,17
201_297,Dermomyotome,17
201_298,Dermomyotome,4
201_299,Sclerotome,4
201_300,Sclerotome,6
201_301,Sclerotome,6
201_302,Sclerotome,6
201_303,Sclerotome,4
201_304,Dermomyotome,4
201_305,Dermomyotome,4
201_306,Dermomyotome,17
201_307,Dermomyotome,17
201_308,Dermomyotome,17
201_309,Dermomyotome,17
201_310,Dermomyotome,17
201_311,Dermomyotome,17
201_312,Dermomyotome,17
201_313,Dermomyotome,17
201_314,Dermomyotome,17
201_315,Dermomyotome,17
201_316,Dermomyotome,17
201_317,Dermomyotome,17
201_318,Dermomyotome,4
201_319,Surface ectoderm,11
201_320,Surface ectoderm,11
201_321,Surface ectoderm,11
201_322,Surface ectoderm,11
201_96,Cavity,16
201_97,Meninges,16
201_98,Meninges,13
201_99,Meninges,13
202_100,Meninges,1
202_101,Brain,1
202_102,Brain,1
202_103,Brain,1
202_104,Brain,1
202_105,Brain,1
202_106,Brain,1
202_107,Brain,1
202_108,Brain,1
202_109,Brain,1
202_110,Brain,1
202_111,Brain,1
202_112,Brain,1
202_113,Brain,1
202_114,Brain,1
202_115,Brain,1
202_116,Brain,1
202_117,Brain,1
202_118,Brain,13
202_119,Head mesenchyme,13
202_120,Head mesenchyme,13
202_121,Head mesenchyme,13
202_122,Head mesenchyme,13
202_123,Head mesenchyme,13
202_124,Head mesenchyme,13
202_125,Head mesenchyme,13
202_126,Head mesenchyme,13
202_127,Head mesenchyme,8
202_128,Head mesenchyme,8
202_129,Head mesenchyme,8
202_130,Head mesenchyme,8
202_131,Head mesenchyme,8
202_132,Head mesenchyme,8
202_133,Head mesenchyme,8
202_134,Head mesenchyme,13
202_135,Head mesenchyme,8
202_136,Head mesenchyme,13
202_137,Head mesenchyme,13
202_138,Head mesenchyme,13
202_139,Brain,13
202_140,Brain,1
202_141,Brain,1
202_142,Brain,1
202_143,Brain,1
202_144,Brain,12
202_145,Brain,12
202_146,Brain,12
202_147,Brain,12
202_148,Brain,12
202_149,Brain,12
202_150,Brain,12
202_151,Brain,12
202_152,Brain,12
202_153,Brain,12
202_154,Brain,12
202_155,Brain,12
202_156,Brain,12
202_157,Brain,12
202_158,Brain,13
202_159,Brain,13
202_160,Brain,13
202_161,Head mesenchyme,13
202_162,Head mesenchyme,13
202_163,Head mesenchyme,8
202_164,Head mesenchyme,8
202_165,Head mesenchyme,8
202_166,Blood vessel,3
202_167,Blood vessel,19
202_168,Blood vessel,3
202_169,Head mesenchyme,8
202_170,Head mesenchyme,8
202_171,Head mesenchyme,8
202_172,Head mesenchyme,8
202_173,Head mesenchyme,8
202_174,Head mesenchyme,8
202_175,Head mesenchyme,8
202_176,Head mesenchyme,8
202_177,Head mesenchyme,8
202_178,Head mesenchyme,8
202_179,Head mesenchyme,8
202_180,Head mesenchyme,8
202_181,Head mesenchyme,8
202_182,Head mesenchyme,8
202_183,Head mesenchyme,8
202_184,Head mesenchyme,8
202_185,Head mesenchyme,8
202_186,Head mesenchyme,8
202_187,Head mesenchyme,8
202_188,Head mesenchyme,8
202_189,Head mesenchyme,8
202_190,Jaw and tooth,8
202_191,Jaw and tooth,2
202_192,Surface ectoderm,2
202_193,Surface ectoderm,2
202_194,Surface ectoderm,2
202_195,Surface ectoderm,2
202_196,Branchial arch,2
202_197,Branchial arch,2
202_198,Branchial arch,2
202_199,Branchial arch,2
202_200,Branchial arch,2
202_201,Branchial arch,2
202_202,Branchial arch,2
202_203,Branchial arch,2
202_204,Branchial arch,2
202_205,Branchial arch,2
202_206,Branchial arch,2
202_207,Branchial arch,2
202_208,Branchial arch,2
202_209,Branchial arch,2
202_210,Branchial arch,2
202_211,Branchial arch,2
202_212,Branchial arch,2
202_213,Branchial arch,2
202_214,Branchial arch,2
202_215,Branchial arch,2
202_216,Branchial arch,2
202_217,Branchial arch,2
202_218,Branchial arch,2
202_219,Branchial arch,2
202_220,Branchial arch,2
202_221,Branchial arch,2
202_222,Branchial arch,2
202_223,Branchial arch,2
202_224,GI tract,2
202_225,Branchial arch,2
202_226,Surface ectoderm,2
202_227,Surface ectoderm,2
202_228,Connective tissue,2
202_229,Blood vessel,3
202_230,Connective tissue,3
202_231,Connective tissue,3
202_232,Heart,3
202_233,Heart,9
202_234,Heart,9
202_235,Heart,9
202_236,Heart,9
202_237,Heart,9
202_238,Heart,9
202_239,Heart,9
202_240,Heart,9
202_241,Heart,9
202_242,Heart,9
202_243,Heart,9
202_244,Cavity,19
202_245,Cavity,19
202_246,Cavity,19
202_247,Cavity,19
202_248,Heart,9
202_249,Heart,9
202_250,Heart,9
202_251,Heart,9
202_252,Heart,9
202_253,Heart,9
202_254,Heart,9
202_255,Heart,9
202_256,Heart,9
202_257,Heart,9
202_258,Heart,9
202_259,Heart,3
202_260,Heart,3
202_261,Heart,3
202_262,Heart,3
202_263,Heart,9
202_264,Heart,9
202_265,Heart,9
202_266,Heart,9
202_267,Heart,9
202_268,Heart,3
202_269,Heart,3
202_270,Connective tissue,3
202_271,Connective tissue,3
202_272,Connective tissue,3
202_273,Connective tissue,3
202_274,Connective tissue,3
202_275,Connective tissue,3
202_276,Dermomyotome,3
202_277,Connective tissue,3
202_278,Connective tissue,4
202_279,Dermomyotome,4
202_280,Dermomyotome,17
202_281,Dermomyotome,17
202_282,Dermomyotome,17
202_283,Dermomyotome,17
202_284,Dermomyotome,17
202_285,Dermomyotome,4
202_286,Dermomyotome,4
202_287,Dermomyotome,4
202_288,Sclerotome,6
202_289,Sclerotome,6
202_290,Sclerotome,4
202_291,Dermomyotome,4
202_292,Dermomyotome,17
202_293,Dermomyotome,17
202_294,Dermomyotome,17
202_295,Dermomyotome,17
202_296,Dermomyotome,17
202_297,Sclerotome,4
202_298,Sclerotome,6
202_299,Sclerotome,6
202_300,Sclerotome,6
202_301,Sclerotome,6
202_302,Sclerotome,6
202_303,Dermomyotome,4
202_304,Dermomyotome,17
202_305,Dermomyotome,17
202_306,Dermomyotome,17
202_307,Dermomyotome,17
202_308,Dermomyotome,17
202_309,Dermomyotome,17
202_310,Dermomyotome,17
202_311,Dermomyotome,17
202_312,Dermomyotome,17
202_313,Dermomyotome,17
202_314,Dermomyotome,17
202_315,Dermomyotome,17
202_316,Dermomyotome,17
202_317,Dermomyotome,4
202_318,Dermomyotome,4
202_319,Surface ectoderm,11
202_320,Surface ectoderm,11
202_321,Surface ectoderm,11
202_322,Surface ectoderm,11
202_323,Cavity,16
202_96,Cavity,16
202_97,Meninges,16
202_98,Meninges,13
202_99,Meninges,13
203_100,Meninges,1
203_101,Brain,1
203_102,Brain,1
203_103,Brain,1
203_104,Brain,1
203_105,Brain,1
203_106,Brain,1
203_107,Brain,1
203_108,Brain,1
203_109,Brain,1
203_110,Brain,1
203_111,Brain,1
203_112,Brain,1
203_113,Brain,1
203_114,Brain,1
203_115,Brain,1
203_116,Brain,1
203_117,Brain,1
203_118,Brain,13
203_119,Head mesenchyme,13
203_120,Head mesenchyme,13
203_121,Head mesenchyme,13
203_122,Head mesenchyme,13
203_123,Head mesenchyme,13
203_124,Head mesenchyme,13
203_125,Meninges,13
203_126,Meninges,13
203_127,Head mesenchyme,8
203_128,Head mesenchyme,8
203_129,Head mesenchyme,8
203_130,Head mesenchyme,8
203_131,Head mesenchyme,8
203_132,Head mesenchyme,13
203_133,Blood vessel,3
203_134,Blood vessel,3
203_135,Head mesenchyme,13
203_136,Head mesenchyme,13
203_137,Brain,13
203_138,Brain,13
203_139,Brain,1
203_140,Brain,1
203_141,Brain,1
203_142,Brain,12
203_143,Brain,12
203_144,Brain,12
203_145,Brain,12
203_146,Brain,12
203_147,Brain,12
203_148,Brain,12
203_149,Brain,12
203_150,Brain,12
203_151,Brain,12
203_152,Brain,12
203_153,Brain,12
203_154,Brain,12
203_155,Brain,12
203_156,Brain,12
203_157,Brain,12
203_158,Brain,12
203_159,Brain,12
203_160,Brain,12
203_161,Brain,12
203_162,Brain,13
203_163,Brain,13
203_164,Brain,13
203_165,Head mesenchyme,13
203_166,Blood vessel,3
203_167,Blood vessel,19
203_168,Blood vessel,19
203_169,Blood vessel,19
203_170,Blood vessel,3
203_171,Blood vessel,8
203_172,Connective tissue,8
203_173,Head mesenchyme,8
203_174,Head mesenchyme,8
203_175,Head mesenchyme,8
203_176,Head mesenchyme,8
203_177,Head mesenchyme,8
203_178,Head mesenchyme,8
203_179,Head mesenchyme,8
203_180,Head mesenchyme,8
203_181,Head mesenchyme,8
203_182,Head mesenchyme,8
203_183,Head mesenchyme,8
203_184,Head mesenchyme,8
203_185,Head mesenchyme,8
203_186,Head mesenchyme,8
203_187,Head mesenchyme,8
203_188,Head mesenchyme,8
203_189,Sclerotome,8
203_190,Inner ear,2
203_191,Jaw and tooth,2
203_192,Blood vessel,2
203_193,Surface ectoderm,2
203_194,Surface ectoderm,2
203_195,Surface ectoderm,2
203_196,Branchial arch,2
203_197,Branchial arch,2
203_198,Branchial arch,2
203_199,Branchial arch,2
203_200,Branchial arch,2
203_201,Branchial arch,2
203_202,Branchial arch,2
203_203,Branchial arch,2
203_204,Branchial arch,2
203_205,Branchial arch,2
203_206,Branchial arch,2
203_207,Branchial arch,2
203_208,Branchial arch,2
203_209,Branchial arch,2
203_210,Branchial arch,2
203_211,Branchial arch,2
203_212,Branchial arch,2
203_213,Branchial arch,2
203_214,Branchial arch,2
203_215,Branchial arch,2
203_216,Branchial arch,2
203_217,Branchial arch,2
203_218,Branchial arch,2
203_219,Branchial arch,2
203_220,Branchial arch,2
203_221,Branchial arch,2
203_222,Branchial arch,2
203_223,Branchial arch,2
203_224,GI tract,2
203_225,Surface ectoderm,2
203_226,Surface ectoderm,2
203_227,Surface ectoderm,2
203_228,Connective tissue,3
203_229,Blood vessel,3
203_230,Connective tissue,3
203_231,Heart,3
203_232,Heart,9
203_233,Heart,9
203_234,Heart,9
203_235,Heart,9
203_236,Heart,9
203_237,Heart,9
203_238,Heart,9
203_239,Heart,9
203_240,Heart,9
203_241,Heart,9
203_242,Heart,9
203_243,Heart,9
203_244,Cavity,19
203_245,Cavity,19
203_246,Cavity,19
203_247,Cavity,19
203_248,Cavity,19
203_249,Cavity,9
203_250,Heart,9
203_251,Heart,9
203_252,Heart,9
203_253,Heart,9
203_254,Heart,9
203_255,Heart,9
203_256,Heart,9
203_257,Heart,9
203_258,Heart,9
203_259,Heart,9
203_260,Heart,9
203_261,Heart,9
203_262,Heart,9
203_263,Heart,9
203_264,Heart,9
203_265,Heart,9
203_266,Heart,9
203_267,Heart,9
203_268,Heart,9
203_269,Heart,3
203_270,Heart,3
203_271,Connective tissue,3
203_272,Connective tissue,3
203_273,Connective tissue,3
203_274,Connective tissue,3
203_275,Connective tissue,3
203_276,Connective tissue,3
203_277,Connective tissue,3
203_278,Connective tissue,4
203_279,Dermomyotome,4
203_280,Dermomyotome,4
203_281,Dermomyotome,17
203_282,Dermomyotome,17
203_283,Dermomyotome,17
203_284,Dermomyotome,4
203_285,Dermomyotome,4
203_286,Dermomyotome,4
203_287,Sclerotome,4
203_288,Sclerotome,6
203_289,Sclerotome,4
203_290,Dermomyotome,4
203_291,Dermomyotome,17
203_292,Dermomyotome,17
203_293,Dermomyotome,17
203_294,Dermomyotome,17
203_295,Dermomyotome,17
203_296,Sclerotome,4
203_297,Sclerotome,6
203_298,Sclerotome,6
203_299,Sclerotome,6
203_300,Sclerotome,6
203_301,Sclerotome,6
203_302,Dermomyotome,4
203_303,Dermomyotome,17
203_304,Dermomyotome,17
203_305,Dermomyotome,17
203_306,Dermomyotome,17
203_307,Dermomyotome,17
203_308,Dermomyotome,17
203_309,Dermomyotome,17
203_310,Dermomyotome,17
203_311,Dermomyotome,17
203_312,Dermomyotome,17
203_313,Dermomyotome,17
203_314,Dermomyotome,17
203_315,Dermomyotome,4
203_316,Dermomyotome,4
203_317,Dermomyotome,11
203_318,Sclerotome,11
203_319,Sclerotome,11
203_320,Surface ectoderm,11
203_321,Surface ectoderm,11
203_322,Surface ectoderm,11
203_323,Surface ectoderm,11
203_96,Cavity,16
203_97,Meninges,16
203_98,Meninges,13
203_99,Meninges,13
204_100,Meninges,1
204_101,Brain,1
204_102,Brain,1
204_103,Brain,1
204_104,Brain,1
204_105,Brain,1
204_106,Brain,1
204_107,Brain,1
204_108,Brain,1
204_109,Brain,1
204_110,Brain,1
204_111,Brain,1
204_112,Brain,1
204_113,Brain,1
204_114,Brain,1
204_115,Brain,1
204_116,Brain,1
204_117,Brain,1
204_118,Head mesenchyme,13
204_119,Head mesenchyme,13
204_120,Head mesenchyme,13
204_121,Head mesenchyme,13
204_122,Head mesenchyme,13
204_123,Head mesenchyme,13
204_124,Head mesenchyme,13
204_125,Head mesenchyme,13
204_126,Head mesenchyme,13
204_127,Head mesenchyme,13
204_128,Head mesenchyme,8
204_129,Head mesenchyme,8
204_130,Head mesenchyme,3
204_131,Blood vessel,19
204_132,Blood vessel,19
204_133,Blood vessel,3
204_134,Head mesenchyme,13
204_135,Head mesenchyme,13
204_136,Brain,13
204_137,Brain,13
204_138,Brain,1
204_139,Brain,1
204_140,Brain,1
204_141,Brain,12
204_142,Brain,12
204_143,Brain,12
204_144,Brain,12
204_145,Brain,12
204_146,Brain,12
204_147,Brain,12
204_148,Brain,12
204_149,Brain,12
204_150,Brain,12
204_151,Brain,12
204_152,Brain,12
204_153,Brain,12
204_154,Brain,12
204_155,Brain,12
204_156,Brain,12
204_157,Brain,12
204_158,Brain,12
204_159,Brain,12
204_160,Brain,12
204_161,Brain,12
204_162,Brain,12
204_163,Brain,12
204_164,Brain,12
204_165,Brain,13
204_166,Brain,13
204_167,Head mesenchyme,13
204_168,Head mesenchyme,19
204_169,Blood vessel,19
204_170,Blood vessel,3
204_171,Blood vessel,3
204_172,Blood vessel,3
204_173,Blood vessel,8
204_174,Head mesenchyme,8
204_175,Head mesenchyme,8
204_176,Head mesenchyme,8
204_177,Head mesenchyme,8
204_178,Head mesenchyme,8
204_179,Head mesenchyme,8
204_180,Head mesenchyme,8
204_181,Head mesenchyme,8
204_182,Head mesenchyme,8
204_183,Head mesenchyme,8
204_184,Head mesenchyme,8
204_185,Head mesenchyme,8
204_186,Head mesenchyme,8
204_187,Head mesenchyme,8
204_188,Head mesenchyme,8
204_189,Sclerotome,8
204_190,Jaw and tooth,2
204_191,Jaw and tooth,2
204_192,Surface ectoderm,2
204_193,Surface ectoderm,2
204_194,Surface ectoderm,2
204_195,Surface ectoderm,2
204_196,Branchial arch,2
204_197,Branchial arch,2
204_198,Branchial arch,2
204_199,Branchial arch,2
204_200,Branchial arch,2
204_201,Branchial arch,2
204_202,Branchial arch,2
204_203,Branchial arch,2
204_204,Branchial arch,2
204_205,Branchial arch,2
204_206,Branchial arch,2
204_207,Branchial arch,2
204_208,Branchial arch,2
204_209,Branchial arch,2
204_210,Branchial arch,2
204_211,Branchial arch,2
204_212,Branchial arch,2
204_213,Branchial arch,2
204_214,Branchial arch,2
204_215,Branchial arch,2
204_216,Branchial arch,2
204_217,Branchial arch,2
204_218,Branchial arch,2
204_219,Branchial arch,2
204_220,Branchial arch,2
204_221,Branchial arch,2
204_222,Branchial arch,2
204_223,Branchial arch,2
204_224,Surface ectoderm,2
204_225,Surface ectoderm,3
204_226,Surface ectoderm,2
204_227,Surface ectoderm,3
204_228,Connective tissue,3
204_229,Blood vessel,3
204_230,Connective tissue,3
204_231,Heart,9
204_232,Heart,9
204_233,Heart,9
204_234,Heart,9
204_235,Heart,9
204_236,Heart,9
204_237,Heart,9
204_238,Heart,9
204_239,Heart,9
204_240,Heart,9
204_241,Heart,9
204_242,Heart,9
204_243,Heart,9
204_244,Cavity,19
204_245,Cavity,19
204_246,Cavity,19
204_247,Cavity,19
204_248,Cavity,19
204_249,Heart,9
204_250,Heart,9
204_251,Heart,9
204_252,Heart,9
204_253,Heart,9
204_254,Heart,9
204_255,Heart,9
204_256,Heart,9
204_257,Heart,9
204_258,Heart,9
204_259,Heart,9
204_260,Heart,9
204_261,Heart,9
204_262,Heart,9
204_263,Heart,9
204_264,Heart,9
204_265,Heart,9
204_266,Heart,9
204_267,Heart,9
204_268,Heart,9
204_269,Heart,9
204_270,Heart,3
204_271,Connective tissue,3
204_272,Connective tissue,3
204_273,Connective tissue,3
204_274,Connective tissue,3
204_275,Connective tissue,3
204_276,Connective tissue,3
204_277,Connective tissue,3
204_278,Connective tissue,3
204_279,Connective tissue,4
204_280,Connective tissue,4
204_281,Connective tissue,4
204_282,Dermomyotome,4
204_283,Dermomyotome,17
204_284,Dermomyotome,4
204_285,Dermomyotome,4
204_286,Sclerotome,4
204_287,Sclerotome,4
204_288,Sclerotome,4
204_289,Dermomyotome,4
204_290,Dermomyotome,17
204_291,Dermomyotome,17
204_292,Dermomyotome,17
204_293,Dermomyotome,17
204_294,Dermomyotome,4
204_295,Sclerotome,4
204_296,Sclerotome,6
204_297,Sclerotome,6
204_298,Sclerotome,6
204_299,Sclerotome,6
204_300,Sclerotome,4
204_301,Dermomyotome,4
204_302,Dermomyotome,17
204_303,Dermomyotome,17
204_304,Dermomyotome,17
204_305,Dermomyotome,17
204_306,Dermomyotome,17
204_307,Dermomyotome,17
204_308,Dermomyotome,17
204_309,Dermomyotome,17
204_310,Dermomyotome,4
204_311,Dermomyotome,4
204_312,Dermomyotome,4
204_313,Dermomyotome,4
204_314,Dermomyotome,4
204_315,Dermomyotome,4
204_316,Dermomyotome,4
204_317,Sclerotome,11
204_318,Sclerotome,11
204_319,Sclerotome,11
204_320,Surface ectoderm,11
204_321,Surface ectoderm,11
204_322,Surface ectoderm,11
204_323,Surface ectoderm,11
204_324,Cavity,16
204_96,Cavity,16
204_97,Meninges,16
204_98,Meninges,13
204_99,Meninges,13
205_100,Meninges,1
205_101,Brain,1
205_102,Brain,1
205_103,Brain,1
205_104,Brain,1
205_105,Brain,1
205_106,Brain,1
205_107,Brain,1
205_108,Brain,1
205_109,Brain,1
205_110,Brain,1
205_111,Brain,1
205_112,Brain,1
205_113,Brain,1
205_114,Brain,1
205_115,Brain,1
205_116,Brain,1
205_117,Brain,13
205_118,Head mesenchyme,13
205_119,Head mesenchyme,13
205_120,Head mesenchyme,13
205_121,Head mesenchyme,13
205_122,Head mesenchyme,13
205_123,Head mesenchyme,13
205_124,Head mesenchyme,13
205_125,Head mesenchyme,13
205_126,Meninges,13
205_127,Head mesenchyme,13
205_128,Blood vessel,3
205_129,Blood vessel,19
205_130,Blood vessel,19
205_131,Cavity,19
205_132,Blood vessel,19
205_133,Head mesenchyme,13
205_134,Head mesenchyme,13
205_135,Brain,13
205_136,Brain,13
205_137,Brain,1
205_138,Brain,1
205_139,Brain,1
205_140,Brain,1
205_141,Brain,12
205_142,Brain,12
205_143,Brain,12
205_144,Brain,12
205_145,Brain,12
205_146,Brain,12
205_147,Brain,12
205_148,Brain,12
205_149,Brain,12
205_150,Brain,12
205_151,Brain,12
205_152,Brain,12
205_153,Brain,12
205_154,Brain,12
205_155,Brain,12
205_156,Brain,12
205_157,Brain,12
205_158,Brain,12
205_159,Brain,12
205_160,Brain,12
205_161,Brain,12
205_162,Brain,12
205_163,Brain,12
205_164,Brain,12
205_165,Brain,12
205_166,Brain,12
205_167,Brain,12
205_168,Brain,12
205_169,Brain,12
205_170,Brain,13
205_171,Brain,13
205_172,Brain,13
205_173,Brain,13
205_174,Brain,13
205_175,Head mesenchyme,13
205_176,Head mesenchyme,8
205_177,Head mesenchyme,8
205_178,Head mesenchyme,8
205_179,Head mesenchyme,8
205_180,Head mesenchyme,8
205_181,Head mesenchyme,8
205_182,Head mesenchyme,8
205_183,Head mesenchyme,8
205_184,Head mesenchyme,8
205_185,Head mesenchyme,8
205_186,Head mesenchyme,8
205_187,Head mesenchyme,8
205_188,Jaw and tooth,8
205_189,Jaw and tooth,8
205_190,Jaw and tooth,2
205_191,Jaw and tooth,2
205_192,Surface ectoderm,2
205_193,Surface ectoderm,2
205_194,Surface ectoderm,2
205_195,Surface ectoderm,2
205_196,Branchial arch,2
205_197,Branchial arch,2
205_198,Branchial arch,2
205_199,Branchial arch,2
205_200,Branchial arch,2
205_201,Branchial arch,2
205_202,Branchial arch,2
205_203,Branchial arch,2
205_204,Branchial arch,2
205_205,Branchial arch,2
205_206,Branchial arch,2
205_207,Branchial arch,2
205_208,Branchial arch,2
205_209,Branchial arch,2
205_210,Branchial arch,2
205_211,Branchial arch,2
205_212,Branchial arch,2
205_213,Branchial arch,2
205_214,Branchial arch,2
205_215,Branchial arch,2
205_216,Branchial arch,2
205_217,Branchial arch,2
205_218,Branchial arch,2
205_219,Branchial arch,2
205_220,Branchial arch,2
205_221,Branchial arch,2
205_222,Branchial arch,2
205_223,Surface ectoderm,2
205_224,Surface ectoderm,2
205_225,Surface ectoderm,3
205_226,Surface ectoderm,3
205_227,Surface ectoderm,3
205_228,Blood vessel,3
205_229,Blood vessel,3
205_230,Heart,3
205_231,Heart,9
205_232,Heart,9
205_233,Heart,9
205_234,Heart,9
205_235,Heart,9
205_236,Heart,9
205_237,Heart,9
205_238,Heart,9
205_239,Heart,9
205_240,Heart,9
205_241,Heart,9
205_242,Heart,9
205_243,Heart,9
205_244,Heart,9
205_245,Heart,19
205_246,Cavity,19
205_247,Heart,9
205_248,Heart,9
205_249,Heart,9
205_250,Heart,9
205_251,Heart,9
205_252,Heart,9
205_253,Heart,9
205_254,Heart,9
205_255,Heart,9
205_256,Heart,9
205_257,Heart,9
205_258,Heart,9
205_259,Heart,9
205_260,Heart,9
205_261,Heart,9
205_262,Heart,9
205_263,Heart,9
205_264,Heart,9
205_265,Heart,9
205_266,Heart,9
205_267,Heart,9
205_268,Heart,9
205_269,Heart,9
205_270,Heart,9
205_271,Heart,3
205_272,Connective tissue,3
205_273,Connective tissue,3
205_274,Connective tissue,3
205_275,Connective tissue,3
205_276,Connective tissue,3
205_277,Connective tissue,3
205_278,Connective tissue,3
205_279,Connective tissue,3
205_280,Connective tissue,4
205_281,Connective tissue,4
205_282,Connective tissue,4
205_283,Dermomyotome,4
205_284,Dermomyotome,4
205_285,Dermomyotome,4
205_286,Dermomyotome,4
205_287,Dermomyotome,4
205_288,Dermomyotome,4
205_289,Dermomyotome,17
205_290,Dermomyotome,17
205_291,Dermomyotome,17
205_292,Dermomyotome,17
205_293,Dermomyotome,17
205_294,Sclerotome,4
205_295,Sclerotome,6
205_296,Sclerotome,6
205_297,Sclerotome,6
205_298,Sclerotome,6
205_299,Sclerotome,4
205_300,Dermomyotome,4
205_301,Dermomyotome,17
205_302,Dermomyotome,17
205_303,Dermomyotome,17
205_304,Dermomyotome,17
205_305,Dermomyotome,17
205_306,Dermomyotome,17
205_307,Dermomyotome,17
205_308,Dermomyotome,17
205_309,Dermomyotome,4
205_310,Sclerotome,4
205_311,Dermomyotome,4
205_312,Dermomyotome,4
205_313,Dermomyotome,4
205_314,Sclerotome,4
205_315,Dermomyotome,4
205_316,Dermomyotome,11
205_317,Sclerotome,11
205_318,Sclerotome,11
205_319,Sclerotome,11
205_320,Sclerotome,11
205_321,Surface ectoderm,11
205_322,Surface ectoderm,11
205_323,Surface ectoderm,11
205_324,Surface ectoderm,11
205_96,Cavity,16
205_97,Meninges,16
205_98,Meninges,13
205_99,Meninges,13
206_100,Meninges,1
206_101,Brain,1
206_102,Brain,1
206_103,Brain,1
206_104,Brain,1
206_105,Brain,1
206_106,Brain,1
206_107,Brain,1
206_108,Brain,1
206_109,Brain,1
206_110,Brain,1
206_111,Brain,1
206_112,Brain,1
206_113,Brain,1
206_114,Brain,1
206_115,Brain,1
206_116,Brain,1
206_117,Brain,13
206_118,Head mesenchyme,13
206_119,Head mesenchyme,13
206_120,Head mesenchyme,13
206_121,Head mesenchyme,13
206_122,Head mesenchyme,13
206_123,Head mesenchyme,13
206_124,Head mesenchyme,13
206_125,Blood vessel,13
206_126,Blood vessel,13
206_127,Blood vessel,19
206_128,Cavity,19
206_129,Cavity,19
206_130,Cavity,19
206_131,Blood vessel,19
206_132,Blood vessel,3
206_133,Head mesenchyme,13
206_134,Brain,13
206_135,Brain,13
206_136,Brain,1
206_137,Brain,1
206_138,Brain,1
206_139,Brain,1
206_140,Brain,12
206_141,Brain,12
206_142,Brain,12
206_143,Brain,12
206_144,Brain,12
206_145,Brain,12
206_146,Brain,12
206_147,Brain,12
206_148,Brain,12
206_149,Brain,12
206_150,Brain,12
206_151,Brain,12
206_152,Brain,12
206_153,Brain,12
206_154,Brain,12
206_155,Brain,12
206_156,Brain,12
206_157,Brain,12
206_158,Brain,12
206_159,Brain,12
206_160,Brain,12
206_161,Brain,12
206_162,Brain,12
206_163,Brain,12
206_164,Brain,12
206_165,Brain,12
206_166,Brain,12
206_167,Brain,12
206_168,Brain,12
206_169,Brain,12
206_170,Brain,12
206_171,Brain,12
206_172,Brain,12
206_173,Brain,12
206_174,Brain,13
206_175,Brain,13
206_176,Brain,13
206_177,Brain,13
206_178,Head mesenchyme,13
206_179,Head mesenchyme,8
206_180,Jaw and tooth,8
206_181,Head mesenchyme,8
206_182,Head mesenchyme,8
206_183,Head mesenchyme,8
206_184,Head mesenchyme,8
206_185,Head mesenchyme,8
206_186,Head mesenchyme,8
206_187,Head mesenchyme,8
206_188,Jaw and tooth,8
206_189,Jaw and tooth,8
206_190,Jaw and tooth,2
206_191,Jaw and tooth,2
206_192,Surface ectoderm,2
206_193,Blood vessel,2
206_194,Surface ectoderm,2
206_195,Surface ectoderm,2
206_196,Branchial arch,2
206_197,Branchial arch,2
206_198,Branchial arch,2
206_199,Branchial arch,2
206_200,Branchial arch,2
206_201,Branchial arch,2
206_202,Branchial arch,2
206_203,Branchial arch,2
206_204,Branchial arch,2
206_205,Branchial arch,2
206_206,Branchial arch,2
206_207,Branchial arch,2
206_208,Branchial arch,2
206_209,Branchial arch,2
206_210,Branchial arch,2
206_211,Branchial arch,2
206_212,Branchial arch,2
206_213,Branchial arch,2
206_214,Branchial arch,2
206_215,Branchial arch,2
206_216,Branchial arch,2
206_217,Branchial arch,2
206_218,Branchial arch,2
206_219,Branchial arch,2
206_220,Branchial arch,2
206_221,Branchial arch,2
206_222,Surface ectoderm,2
206_223,Surface ectoderm,2
206_224,Surface ectoderm,3
206_225,Surface ectoderm,3
206_226,Surface ectoderm,3
206_227,Surface ectoderm,3
206_228,Connective tissue,3
206_229,Connective tissue,3
206_230,Heart,9
206_231,Heart,9
206_232,Heart,9
206_233,Heart,9
206_234,Heart,9
206_235,Heart,9
206_236,Heart,9
206_237,Heart,9
206_238,Heart,9
206_239,Heart,9
206_240,Heart,9
206_241,Heart,9
206_242,Heart,9
206_243,Heart,9
206_244,Heart,9
206_245,Heart,9
206_246,Heart,9
206_247,Heart,9
206_248,Heart,9
206_249,Heart,9
206_250,Heart,9
206_251,Heart,9
206_252,Heart,9
206_253,Heart,9
206_254,Heart,9
206_255,Heart,9
206_256,Heart,9
206_257,Heart,9
206_258,Heart,9
206_259,Heart,9
206_260,Heart,9
206_261,Heart,9
206_262,Heart,9
206_263,Heart,9
206_264,Heart,9
206_265,Heart,9
206_266,Heart,9
206_267,Heart,9
206_268,Heart,9
206_269,Heart,9
206_270,Heart,9
206_271,Heart,3
206_272,Connective tissue,3
206_273,Connective tissue,3
206_274,Connective tissue,3
206_275,Connective tissue,3
206_276,Connective tissue,3
206_277,Connective tissue,3
206_278,Connective tissue,3
206_279,Connective tissue,3
206_280,Connective tissue,3
206_281,Connective tissue,3
206_282,Connective tissue,4
206_283,Dermomyotome,4
206_284,Dermomyotome,4
206_285,Dermomyotome,4
206_286,Dermomyotome,4
206_287,Dermomyotome,4
206_288,Dermomyotome,4
206_289,Dermomyotome,17
206_290,Dermomyotome,17
206_291,Dermomyotome,17
206_292,Dermomyotome,17
206_293,Dermomyotome,4
206_294,Sclerotome,6
206_295,Sclerotome,6
206_296,Sclerotome,6
206_297,Sclerotome,6
206_298,Sclerotome,4
206_299,Dermomyotome,4
206_300,Dermomyotome,17
206_301,Dermomyotome,17
206_302,Dermomyotome,17
206_303,Dermomyotome,17
206_304,Dermomyotome,17
206_305,Dermomyotome,17
206_306,Dermomyotome,17
206_307,Dermomyotome,4
206_308,Sclerotome,4
206_309,Sclerotome,6
206_310,Sclerotome,6
206_311,Sclerotome,6
206_312,Sclerotome,6
206_313,Dermomyotome,6
206_314,Dermomyotome,6
206_315,Dermomyotome,6
206_316,Dermomyotome,11
206_317,Sclerotome,11
206_318,Sclerotome,11
206_319,Sclerotome,11
206_320,Sclerotome,11
206_321,Surface ectoderm,11
206_322,Surface ectoderm,11
206_323,Surface ectoderm,11
206_324,Surface ectoderm,11
206_325,Cavity,16
206_96,Cavity,16
206_97,Meninges,16
206_98,Meninges,13
206_99,Meninges,13
207_100,Meninges,1
207_101,Brain,1
207_102,Brain,1
207_103,Brain,1
207_104,Brain,1
207_105,Brain,1
207_106,Brain,1
207_107,Brain,1
207_108,Brain,1
207_109,Brain,1
207_110,Brain,1
207_111,Brain,1
207_112,Brain,1
207_113,Brain,1
207_114,Brain,1
207_115,Brain,1
207_116,Brain,1
207_117,Brain,13
207_118,Head mesenchyme,13
207_119,Head mesenchyme,13
207_120,Head mesenchyme,13
207_121,Head mesenchyme,13
207_122,Head mesenchyme,13
207_123,Head mesenchyme,13
207_124,Head mesenchyme,13
207_125,Blood vessel,13
207_126,Blood vessel,3
207_127,Blood vessel,19
207_128,Cavity,19
207_129,Blood vessel,19
207_130,Blood vessel,19
207_131,Blood vessel,3
207_132,Blood vessel,13
207_133,Brain,13
207_134,Brain,13
207_135,Brain,1
207_136,Brain,1
207_137,Brain,1
207_138,Brain,1
207_139,Brain,1
207_140,Brain,12
207_141,Brain,12
207_142,Brain,12
207_143,Brain,12
207_144,Brain,12
207_145,Brain,12
207_146,Brain,12
207_147,Brain,12
207_148,Brain,12
207_149,Brain,12
207_150,Brain,12
207_151,Brain,12
207_152,Brain,12
207_153,Brain,12
207_154,Brain,12
207_155,Brain,12
207_156,Brain,12
207_157,Brain,12
207_158,Brain,12
207_159,Brain,12
207_160,Brain,12
207_161,Brain,12
207_162,Brain,12
207_163,Brain,12
207_164,Brain,12
207_165,Brain,12
207_166,Brain,12
207_167,Brain,12
207_168,Brain,12
207_169,Brain,12
207_170,Brain,12
207_171,Brain,12
207_172,Brain,12
207_173,Brain,12
207_174,Brain,12
207_175,Brain,12
207_176,Brain,12
207_177,Brain,12
207_178,Brain,12
207_179,Brain,13
207_180,Brain,13
207_181,Jaw and tooth,8
207_182,Jaw and tooth,8
207_183,Jaw and tooth,8
207_184,Head mesenchyme,8
207_185,Head mesenchyme,8
207_186,Head mesenchyme,8
207_187,Jaw and tooth,8
207_188,Jaw and tooth,8
207_189,Jaw and tooth,8
207_190,Jaw and tooth,2
207_191,Jaw and tooth,2
207_192,Surface ectoderm,2
207_193,Surface ectoderm,2
207_194,Surface ectoderm,2
207_195,Surface ectoderm,2
207_196,Branchial arch,2
207_197,Branchial arch,2
207_198,Branchial arch,2
207_199,Branchial arch,2
207_200,Branchial arch,2
207_201,Branchial arch,2
207_202,Branchial arch,2
207_203,Branchial arch,2
207_204,Branchial arch,2
207_205,Branchial arch,2
207_206,Branchial arch,2
207_207,Branchial arch,2
207_208,Branchial arch,2
207_209,Branchial arch,2
207_210,Branchial arch,2
207_211,Branchial arch,2
207_212,Branchial arch,2
207_213,Branchial arch,2
207_214,Branchial arch,2
207_215,Branchial arch,2
207_216,Branchial arch,2
207_217,Branchial arch,2
207_218,Branchial arch,2
207_219,Branchial arch,2
207_220,Branchial arch,2
207_221,Branchial arch,2
207_222,Surface ectoderm,2
207_223,Surface ectoderm,2
207_224,Surface ectoderm,3
207_225,Surface ectoderm,3
207_226,Surface ectoderm,3
207_227,Surface ectoderm,3
207_228,Heart,3
207_229,Heart,9
207_230,Heart,9
207_231,Heart,9
207_232,Heart,9
207_233,Heart,9
207_234,Heart,9
207_235,Heart,9
207_236,Heart,9
207_237,Heart,9
207_238,Heart,9
207_239,Heart,9
207_240,Heart,9
207_241,Heart,9
207_242,Heart,9
207_243,Heart,9
207_244,Heart,9
207_245,Heart,9
207_246,Heart,9
207_247,Heart,9
207_248,Heart,9
207_249,Heart,9
207_250,Heart,9
207_251,Heart,9
207_252,Heart,9
207_253,Heart,9
207_254,Heart,9
207_255,Heart,9
207_256,Heart,9
207_257,Heart,9
207_258,Heart,9
207_259,Heart,9
207_260,Heart,9
207_261,Heart,9
207_262,Heart,9
207_263,Heart,9
207_264,Heart,9
207_265,Heart,9
207_266,Heart,9
207_267,Heart,9
207_268,Heart,9
207_269,Heart,9
207_270,Heart,9
207_271,Heart,3
207_272,Connective tissue,3
207_273,Connective tissue,3
207_274,Connective tissue,3
207_275,Connective tissue,3
207_276,Connective tissue,3
207_277,Connective tissue,3
207_278,Connective tissue,3
207_279,Connective tissue,3
207_280,Connective tissue,3
207_281,Connective tissue,3
207_282,Connective tissue,3
207_283,Connective tissue,4
207_284,Connective tissue,4
207_285,Dermomyotome,4
207_286,Dermomyotome,4
207_287,Dermomyotome,4
207_288,Dermomyotome,17
207_289,Dermomyotome,17
207_290,Dermomyotome,17
207_291,Dermomyotome,17
207_292,Dermomyotome,17
207_293,Dermomyotome,4
207_294,Sclerotome,6
207_295,Sclerotome,6
207_296,Sclerotome,6
207_297,Dermomyotome,4
207_298,Dermomyotome,17
207_299,Dermomyotome,17
207_300,Dermomyotome,17
207_301,Dermomyotome,17
207_302,Dermomyotome,17
207_303,Dermomyotome,17
207_304,Dermomyotome,17
207_305,Dermomyotome,17
207_306,Dermomyotome,4
207_307,Sclerotome,4
207_308,Sclerotome,6
207_309,Sclerotome,6
207_310,Sclerotome,6
207_311,Sclerotome,6
207_312,Dermomyotome,4
207_313,Dermomyotome,4
207_314,Dermomyotome,4
207_315,Dermomyotome,4
207_316,Dermomyotome,4
207_317,Dermomyotome,4
207_318,Sclerotome,11
207_319,Dermomyotome,4
207_320,Dermomyotome,11
207_321,Dermomyotome,11
207_322,Surface ectoderm,11
207_323,Surface ectoderm,11
207_324,Surface ectoderm,11
207_325,Surface ectoderm,16
207_326,Cavity,16
207_96,Cavity,16
207_97,Meninges,16
207_98,Meninges,13
207_99,Meninges,1
208_100,Meninges,1
208_101,Brain,1
208_102,Brain,1
208_103,Brain,1
208_104,Brain,1
208_105,Brain,1
208_106,Brain,1
208_107,Brain,1
208_108,Brain,1
208_109,Brain,1
208_110,Brain,1
208_111,Brain,1
208_112,Brain,1
208_113,Brain,1
208_114,Brain,1
208_115,Brain,1
208_116,Brain,1
208_117,Brain,13
208_118,Head mesenchyme,13
208_119,Head mesenchyme,13
208_120,Blood vessel,13
208_121,Head mesenchyme,13
208_122,Head mesenchyme,13
208_123,Head mesenchyme,13
208_124,Head mesenchyme,13
208_125,Head mesenchyme,13
208_126,Head mesenchyme,13
208_127,Blood vessel,3
208_128,Blood vessel,19
208_129,Blood vessel,19
208_130,Blood vessel,3
208_131,Blood vessel,13
208_132,Head mesenchyme,13
208_133,Brain,13
208_134,Brain,1
208_135,Brain,1
208_136,Brain,1
208_137,Brain,1
208_138,Brain,1
208_139,Brain,1
208_140,Brain,12
208_141,Brain,12
208_142,Brain,12
208_143,Brain,12
208_144,Brain,12
208_145,Brain,12
208_146,Brain,12
208_147,Brain,12
208_148,Brain,12
208_149,Brain,12
208_150,Brain,12
208_151,Brain,12
208_152,Brain,12
208_153,Brain,12
208_154,Brain,12
208_155,Brain,12
208_156,Brain,12
208_157,Brain,12
208_158,Brain,12
208_159,Brain,12
208_160,Brain,12
208_161,Brain,12
208_162,Brain,12
208_163,Brain,12
208_164,Brain,12
208_165,Brain,12
208_166,Brain,12
208_167,Brain,12
208_168,Brain,12
208_169,Brain,12
208_170,Brain,12
208_171,Brain,12
208_172,Brain,12
208_173,Brain,12
208_174,Brain,12
208_175,Brain,12
208_176,Brain,12
208_177,Brain,12
208_178,Brain,12
208_179,Brain,12
208_180,Brain,12
208_181,Brain,12
208_182,Brain,8
208_183,Jaw and tooth,8
208_184,Head mesenchyme,8
208_185,Head mesenchyme,8
208_186,Head mesenchyme,8
208_187,Head mesenchyme,8
208_188,Jaw and tooth,8
208_189,Jaw and tooth,8
208_190,Jaw and tooth,2
208_191,Surface ectoderm,2
208_192,Surface ectoderm,2
208_193,Surface ectoderm,2
208_194,Surface ectoderm,2
208_195,Surface ectoderm,2
208_196,Branchial arch,2
208_197,Branchial arch,2
208_198,Branchial arch,2
208_199,Branchial arch,2
208_200,Branchial arch,2
208_201,Branchial arch,2
208_202,Branchial arch,2
208_203,Branchial arch,2
208_204,Branchial arch,2
208_205,Branchial arch,2
208_206,Branchial arch,2
208_207,Branchial arch,2
208_208,Branchial arch,2
208_209,Branchial arch,2
208_210,Branchial arch,2
208_211,Branchial arch,2
208_212,Branchial arch,2
208_213,Branchial arch,2
208_214,Branchial arch,2
208_215,Branchial arch,2
208_216,Branchial arch,2
208_217,Branchial arch,2
208_218,Branchial arch,2
208_219,Branchial arch,2
208_220,Branchial arch,2
208_221,Surface ectoderm,2
208_222,Surface ectoderm,2
208_223,Surface ectoderm,2
208_224,Surface ectoderm,3
208_225,Surface ectoderm,3
208_226,Surface ectoderm,3
208_227,Surface ectoderm,3
208_228,Heart,9
208_229,Heart,9
208_230,Heart,9
208_231,Heart,9
208_232,Heart,9
208_233,Heart,9
208_234,Heart,9
208_235,Heart,9
208_236,Heart,9
208_237,Heart,9
208_238,Heart,9
208_239,Heart,9
208_240,Heart,9
208_241,Heart,9
208_242,Heart,9
208_243,Heart,9
208_244,Heart,9
208_245,Heart,9
208_246,Heart,9
208_247,Heart,9
208_248,Heart,9
208_249,Heart,9
208_250,Heart,9
208_251,Heart,9
208_252,Heart,9
208_253,Heart,9
208_254,Heart,9
208_255,Heart,9
208_256,Heart,9
208_257,Heart,9
208_258,Heart,9
208_259,Heart,9
208_260,Heart,9
208_261,Heart,9
208_262,Heart,9
208_263,Heart,9
208_264,Heart,9
208_265,Heart,9
208_266,Heart,9
208_267,Heart,9
208_268,Heart,9
208_269,Heart,9
208_270,Heart,9
208_271,Heart,3
208_272,Connective tissue,3
208_273,Connective tissue,3
208_274,Connective tissue,3
208_275,Connective tissue,3
208_276,Connective tissue,3
208_277,Connective tissue,3
208_278,Connective tissue,5
208_279,Connective tissue,3
208_280,Connective tissue,3
208_281,Connective tissue,3
208_282,Connective tissue,3
208_283,Connective tissue,3
208_284,Connective tissue,3
208_285,Connective tissue,3
208_286,Connective tissue,4
208_287,Dermomyotome,4
208_288,Dermomyotome,17
208_289,Dermomyotome,17
208_290,Dermomyotome,17
208_291,Dermomyotome,17
208_292,Dermomyotome,4
208_293,Urogenital ridge,4
208_294,Urogenital ridge,6
208_295,Urogenital ridge,6
208_296,Dermomyotome,4
208_297,Dermomyotome,4
208_298,Dermomyotome,17
208_299,Dermomyotome,17
208_300,Dermomyotome,17
208_301,Dermomyotome,17
208_302,Dermomyotome,17
208_303,Dermomyotome,4
208_304,Sclerotome,4
208_305,Sclerotome,6
208_306,Sclerotome,6
208_307,Sclerotome,6
208_308,Sclerotome,6
208_309,Sclerotome,4
208_310,Dermomyotome,4
208_311,Dermomyotome,4
208_312,Dermomyotome,4
208_313,Dermomyotome,4
208_314,Dermomyotome,4
208_315,Dermomyotome,4
208_316,Dermomyotome,4
208_317,Dermomyotome,4
208_318,Dermomyotome,4
208_319,Dermomyotome,4
208_320,Dermomyotome,4
208_321,Dermomyotome,4
208_322,Dermomyotome,11
208_323,Surface ectoderm,11
208_324,Surface ectoderm,11
208_325,Surface ectoderm,11
208_326,Cavity,16
208_96,Cavity,16
208_97,Meninges,16
208_98,Meninges,13
208_99,Meninges,1
209_100,Meninges,1
209_101,Brain,1
209_102,Brain,1
209_103,Brain,1
209_104,Brain,1
209_105,Brain,1
209_106,Brain,1
209_107,Brain,1
209_108,Brain,1
209_109,Brain,1
209_110,Brain,1
209_111,Brain,1
209_112,Brain,1
209_113,Brain,1
209_114,Brain,1
209_115,Brain,1
209_116,Brain,1
209_117,Brain,13
209_118,Head mesenchyme,13
209_119,Head mesenchyme,13
209_120,Head mesenchyme,13
209_121,Head mesenchyme,13
209_122,Head mesenchyme,13
209_123,Head mesenchyme,13
209_124,Head mesenchyme,13
209_125,Head mesenchyme,13
209_126,Head mesenchyme,13
209_127,Head mesenchyme,13
209_128,Head mesenchyme,13
209_129,Head mesenchyme,13
209_130,Blood vessel,13
209_131,Head mesenchyme,13
209_132,Brain,13
209_133,Brain,1
209_134,Brain,1
209_135,Brain,1
209_136,Brain,1
209_137,Brain,1
209_138,Brain,1
209_139,Brain,12
209_140,Brain,12
209_141,Brain,12
209_142,Brain,12
209_143,Brain,12
209_144,Brain,12
209_145,Brain,12
209_146,Brain,12
209_147,Brain,12
209_148,Brain,12
209_149,Brain,12
209_150,Brain,12
209_151,Brain,12
209_152,Brain,12
209_153,Brain,12
209_154,Brain,12
209_155,Brain,12
209_156,Brain,12
209_157,Brain,12
209_158,Brain,12
209_159,Brain,12
209_160,Brain,12
209_161,Brain,12
209_162,Brain,12
209_163,Brain,12
209_164,Brain,12
209_165,Brain,12
209_166,Brain,12
209_167,Brain,12
209_168,Brain,12
209_169,Brain,12
209_170,Brain,12
209_171,Brain,12
209_172,Brain,12
209_173,Brain,12
209_174,Brain,12
209_175,Brain,12
209_176,Brain,12
209_177,Brain,12
209_178,Brain,12
209_179,Brain,12
209_180,Brain,12
209_181,Brain,12
209_182,Brain,12
209_183,Brain,12
209_184,Brain,8
209_185,Jaw and tooth,8
209_186,Jaw and tooth,8
209_187,Head mesenchyme,8
209_188,Jaw and tooth,8
209_189,Jaw and tooth,8
209_190,Surface ectoderm,2
209_191,Surface ectoderm,2
209_192,Surface ectoderm,2
209_193,Surface ectoderm,2
209_194,Surface ectoderm,2
209_195,Surface ectoderm,2
209_196,Branchial arch,2
209_197,Branchial arch,2
209_198,Branchial arch,2
209_199,Branchial arch,2
209_200,Branchial arch,2
209_201,Branchial arch,2
209_202,Branchial arch,2
209_203,Branchial arch,2
209_204,Branchial arch,2
209_205,Branchial arch,2
209_206,Branchial arch,2
209_207,Branchial arch,2
209_208,Branchial arch,2
209_209,Branchial arch,2
209_210,Branchial arch,2
209_211,Branchial arch,2
209_212,Branchial arch,2
209_213,Branchial arch,2
209_214,Branchial arch,2
209_215,Branchial arch,2
209_216,Branchial arch,2
209_217,Branchial arch,2
209_218,Branchial arch,2
209_219,Branchial arch,2
209_220,Surface ectoderm,2
209_221,Surface ectoderm,2
209_222,Surface ectoderm,2
209_223,Surface ectoderm,3
209_224,Surface ectoderm,3
209_225,Surface ectoderm,3
209_226,Surface ectoderm,3
209_227,Heart,3
209_228,Heart,9
209_229,Heart,9
209_230,Heart,9
209_231,Heart,9
209_232,Heart,9
209_233,Heart,9
209_234,Heart,9
209_235,Heart,9
209_236,Heart,9
209_237,Heart,9
209_238,Heart,9
209_239,Heart,9
209_240,Heart,9
209_241,Heart,9
209_242,Heart,9
209_243,Heart,9
209_244,Heart,9
209_245,Heart,9
209_246,Heart,9
209_247,Heart,9
209_248,Heart,9
209_249,Heart,9
209_250,Heart,9
209_251,Heart,9
209_252,Heart,9
209_253,Heart,9
209_254,Heart,9
209_255,Heart,9
209_256,Heart,9
209_257,Heart,9
209_258,Heart,9
209_259,Heart,9
209_260,Heart,9
209_261,Heart,9
209_262,Heart,9
209_263,Heart,9
209_264,Heart,9
209_265,Heart,9
209_266,Heart,9
209_267,Heart,9
209_268,Heart,9
209_269,Heart,9
209_270,Heart,9
209_271,Heart,3
209_272,Connective tissue,3
209_273,Connective tissue,3
209_274,Connective tissue,3
209_275,Connective tissue,3
209_276,Connective tissue,3
209_277,Connective tissue,5
209_278,Connective tissue,5
209_279,Connective tissue,5
209_280,Connective tissue,3
209_281,Connective tissue,3
209_282,Connective tissue,3
209_283,Connective tissue,3
209_284,Connective tissue,3
209_285,Connective tissue,3
209_286,Connective tissue,4
209_287,Dermomyotome,4
209_288,Dermomyotome,17
209_289,Dermomyotome,17
209_290,Dermomyotome,17
209_291,Dermomyotome,17
209_292,Urogenital ridge,4
209_293,Sclerotome,6
209_294,Urogenital ridge,6
209_295,Urogenital ridge,4
209_296,Dermomyotome,4
209_297,Dermomyotome,17
209_298,Dermomyotome,17
209_299,Dermomyotome,17
209_300,Dermomyotome,17
209_301,Dermomyotome,4
209_302,Sclerotome,4
209_303,Sclerotome,6
209_304,Sclerotome,6
209_305,Sclerotome,6
209_306,Sclerotome,6
209_307,Sclerotome,6
209_308,Sclerotome,4
209_309,Dermomyotome,4
209_310,Dermomyotome,17
209_311,Dermomyotome,17
209_312,Dermomyotome,17
209_313,Dermomyotome,17
209_314,Dermomyotome,17
209_315,Dermomyotome,17
209_316,Dermomyotome,17
209_317,Dermomyotome,17
209_318,Dermomyotome,17
209_319,Dermomyotome,17
209_320,Dermomyotome,17
209_321,Dermomyotome,4
209_322,Dermomyotome,4
209_323,Surface ectoderm,11
209_324,Surface ectoderm,11
209_325,Surface ectoderm,11
209_326,Surface ectoderm,11
209_327,Cavity,16
209_96,Cavity,16
209_97,Meninges,16
209_98,Meninges,13
209_99,Meninges,13
210_100,Meninges,1
210_101,Brain,1
210_102,Brain,1
210_103,Brain,1
210_104,Brain,1
210_105,Brain,1
210_106,Brain,1
210_107,Brain,1
210_108,Brain,1
210_109,Brain,1
210_110,Brain,1
210_111,Brain,1
210_112,Brain,1
210_113,Brain,1
210_114,Brain,1
210_115,Brain,1
210_116,Brain,1
210_117,Brain,1
210_118,Brain,13
210_119,Head mesenchyme,13
210_120,Head mesenchyme,13
210_121,Head mesenchyme,8
210_122,Head mesenchyme,13
210_123,Brain,13
210_124,Head mesenchyme,13
210_125,Head mesenchyme,13
210_126,Head mesenchyme,13
210_127,Head mesenchyme,13
210_128,Head mesenchyme,13
210_129,Head mesenchyme,13
210_130,Head mesenchyme,13
210_131,Brain,13
210_132,Brain,1
210_133,Brain,1
210_134,Brain,1
210_135,Brain,1
210_136,Brain,1
210_137,Brain,1
210_138,Brain,12
210_139,Brain,12
210_140,Brain,12
210_141,Brain,12
210_142,Brain,12
210_143,Brain,12
210_144,Brain,12
210_145,Brain,12
210_146,Brain,12
210_147,Brain,12
210_148,Brain,12
210_149,Brain,12
210_150,Brain,12
210_151,Brain,12
210_152,Brain,12
210_153,Brain,12
210_154,Brain,12
210_155,Brain,12
210_156,Brain,12
210_157,Brain,12
210_158,Brain,12
210_159,Brain,12
210_160,Brain,12
210_161,Brain,12
210_162,Brain,12
210_163,Brain,12
210_164,Brain,12
210_165,Brain,12
210_166,Brain,12
210_167,Brain,12
210_168,Brain,12
210_169,Brain,12
210_170,Brain,12
210_171,Brain,12
210_172,Brain,12
210_173,Brain,12
210_174,Brain,12
210_175,Brain,12
210_176,Brain,12
210_177,Brain,12
210_178,Brain,12
210_179,Brain,12
210_180,Brain,12
210_181,Brain,12
210_182,Brain,12
210_183,Brain,12
210_184,Brain,12
210_185,Brain,12
210_186,Jaw and tooth,8
210_187,Jaw and tooth,8
210_188,Jaw and tooth,8
210_189,Jaw and tooth,8
210_190,Surface ectoderm,2
210_191,Surface ectoderm,2
210_192,Surface ectoderm,2
210_193,Surface ectoderm,2
210_194,Surface ectoderm,2
210_195,Surface ectoderm,2
210_196,Branchial arch,2
210_197,Branchial arch,2
210_198,Branchial arch,2
210_199,Branchial arch,2
210_200,Branchial arch,2
210_201,Branchial arch,2
210_202,Branchial arch,2
210_203,Branchial arch,2
210_204,Branchial arch,2
210_205,Branchial arch,2
210_206,Branchial arch,2
210_207,Branchial arch,2
210_208,Branchial arch,2
210_209,Branchial arch,2
210_210,Branchial arch,2
210_211,Branchial arch,2
210_212,Branchial arch,2
210_213,Branchial arch,2
210_214,Branchial arch,2
210_215,Branchial arch,2
210_216,Branchial arch,2
210_217,Branchial arch,2
210_218,Branchial arch,2
210_219,Branchial arch,2
210_220,Surface ectoderm,2
210_221,Surface ectoderm,2
210_222,Surface ectoderm,2
210_223,Surface ectoderm,3
210_224,Surface ectoderm,3
210_225,Surface ectoderm,3
210_226,Surface ectoderm,3
210_227,Heart,9
210_228,Heart,9
210_229,Heart,9
210_230,Heart,9
210_231,Heart,3
210_232,Heart,3
210_233,Heart,3
210_234,Heart,3
210_235,Heart,3
210_236,Heart,3
210_237,Heart,9
210_238,Heart,9
210_239,Heart,9
210_240,Heart,9
210_241,Heart,9
210_242,Heart,9
210_243,Heart,9
210_244,Heart,9
210_245,Heart,9
210_246,Heart,9
210_247,Heart,9
210_248,Heart,9
210_249,Heart,9
210_250,Heart,9
210_251,Heart,9
210_252,Heart,9
210_253,Heart,9
210_254,Heart,9
210_255,Heart,9
210_256,Heart,9
210_257,Heart,9
210_258,Heart,9
210_259,Heart,9
210_260,Heart,9
210_261,Heart,9
210_262,Heart,9
210_263,Heart,9
210_264,Heart,9
210_265,Heart,9
210_266,Heart,9
210_267,Heart,9
210_268,Heart,9
210_269,Heart,9
210_270,Heart,9
210_271,Heart,3
210_272,Connective tissue,3
210_273,Connective tissue,3
210_274,Connective tissue,3
210_275,Connective tissue,3
210_276,Connective tissue,5
210_277,Connective tissue,5
210_278,Connective tissue,5
210_279,Connective tissue,5
210_280,Connective tissue,5
210_281,Connective tissue,3
210_282,Connective tissue,3
210_283,Connective tissue,3
210_284,Connective tissue,3
210_285,Blood vessel,3
210_286,Connective tissue,3
210_287,Dermomyotome,4
210_288,Dermomyotome,17
210_289,Dermomyotome,17
210_290,Dermomyotome,17
210_291,Dermomyotome,4
210_292,Sclerotome,4
210_293,Sclerotome,6
210_294,Urogenital ridge,4
210_295,Dermomyotome,4
210_296,Dermomyotome,17
210_297,Dermomyotome,17
210_298,Dermomyotome,17
210_299,Dermomyotome,17
210_300,Dermomyotome,4
210_301,Sclerotome,6
210_302,Sclerotome,6
210_303,Sclerotome,6
210_304,Sclerotome,6
210_305,Sclerotome,6
210_306,Sclerotome,6
210_307,Sclerotome,4
210_308,Dermomyotome,4
210_309,Dermomyotome,17
210_310,Dermomyotome,17
210_311,Dermomyotome,17
210_312,Dermomyotome,17
210_313,Dermomyotome,17
210_314,Dermomyotome,17
210_315,Dermomyotome,17
210_316,Dermomyotome,17
210_317,Dermomyotome,17
210_318,Dermomyotome,17
210_319,Dermomyotome,17
210_320,Dermomyotome,4
210_321,Dermomyotome,4
210_322,Dermomyotome,11
210_323,Surface ectoderm,11
210_324,Surface ectoderm,11
210_325,Surface ectoderm,11
210_326,Surface ectoderm,11
210_327,Surface ectoderm,16
210_96,Cavity,16
210_97,Meninges,16
210_98,Meninges,13
210_99,Meninges,13
211_100,Meninges,13
211_101,Brain,1
211_102,Brain,1
211_103,Brain,1
211_104,Brain,1
211_105,Brain,1
211_106,Brain,1
211_107,Brain,1
211_108,Brain,1
211_109,Brain,1
211_110,Brain,1
211_111,Brain,1
211_112,Brain,1
211_113,Brain,1
211_114,Brain,1
211_115,Brain,1
211_116,Brain,1
211_117,Brain,1
211_118,Brain,13
211_119,Head mesenchyme,13
211_120,Head mesenchyme,13
211_121,Head mesenchyme,13
211_122,Head mesenchyme,13
211_123,Head mesenchyme,13
211_124,Head mesenchyme,13
211_125,Head mesenchyme,13
211_126,Head mesenchyme,13
211_127,Head mesenchyme,13
211_128,Head mesenchyme,13
211_129,Brain,13
211_130,Brain,13
211_131,Brain,1
211_132,Brain,1
211_133,Brain,1
211_134,Brain,1
211_135,Brain,1
211_136,Brain,1
211_137,Brain,14
211_138,Brain,12
211_139,Brain,12
211_140,Brain,12
211_141,Brain,12
211_142,Brain,12
211_143,Brain,12
211_144,Brain,12
211_145,Brain,12
211_146,Brain,12
211_147,Brain,12
211_148,Brain,12
211_149,Brain,12
211_150,Brain,12
211_151,Brain,12
211_152,Brain,12
211_153,Brain,12
211_154,Brain,12
211_155,Brain,12
211_156,Brain,12
211_157,Brain,12
211_158,Brain,12
211_159,Brain,12
211_160,Brain,12
211_161,Brain,12
211_162,Brain,12
211_163,Brain,12
211_164,Brain,12
211_165,Brain,12
211_166,Brain,12
211_167,Brain,12
211_168,Brain,12
211_169,Brain,12
211_170,Brain,12
211_171,Brain,12
211_172,Brain,12
211_173,Brain,12
211_174,Brain,12
211_175,Brain,12
211_176,Brain,12
211_177,Brain,12
211_178,Brain,12
211_179,Brain,12
211_180,Brain,12
211_181,Brain,12
211_182,Brain,12
211_183,Brain,12
211_184,Brain,12
211_185,Brain,12
211_186,Brain,12
211_187,Jaw and tooth,8
211_188,Jaw and tooth,8
211_189,Jaw and tooth,8
211_190,Jaw and tooth,2
211_191,Surface ectoderm,2
211_192,Surface ectoderm,2
211_193,Surface ectoderm,2
211_194,Surface ectoderm,2
211_195,Surface ectoderm,2
211_196,Surface ectoderm,2
211_197,Branchial arch,2
211_198,Branchial arch,2
211_199,Branchial arch,2
211_200,Branchial arch,2
211_201,Branchial arch,2
211_202,Branchial arch,2
211_203,Branchial arch,2
211_204,Branchial arch,2
211_205,Branchial arch,2
211_206,Branchial arch,2
211_207,Branchial arch,2
211_208,Branchial arch,2
211_209,Branchial arch,2
211_210,Branchial arch,2
211_211,Branchial arch,2
211_212,Branchial arch,2
211_213,Branchial arch,2
211_214,Branchial arch,2
211_215,Branchial arch,2
211_216,Branchial arch,2
211_217,Branchial arch,2
211_218,Branchial arch,2
211_219,Branchial arch,2
211_220,Surface ectoderm,2
211_221,Surface ectoderm,2
211_222,Surface ectoderm,3
211_223,Cavity,3
211_224,Surface ectoderm,3
211_225,Surface ectoderm,3
211_226,Surface ectoderm,3
211_227,Heart,9
211_228,Heart,9
211_229,Heart,9
211_230,Heart,9
211_231,Heart,3
211_232,Blood vessel,3
211_233,Blood vessel,3
211_234,Heart,3
211_235,Heart,3
211_236,Heart,3
211_237,Heart,3
211_238,Heart,9
211_239,Heart,9
211_240,Heart,9
211_241,Heart,9
211_242,Heart,9
211_243,Heart,9
211_244,Heart,9
211_245,Heart,9
211_246,Heart,9
211_247,Heart,9
211_248,Heart,9
211_249,Heart,9
211_250,Heart,9
211_251,Heart,9
211_252,Heart,9
211_253,Heart,9
211_254,Heart,9
211_255,Heart,9
211_256,Heart,9
211_257,Heart,9
211_258,Heart,9
211_259,Heart,9
211_260,Heart,9
211_261,Heart,9
211_262,Heart,9
211_263,Heart,9
211_264,Heart,9
211_265,Heart,9
211_266,Heart,9
211_267,Heart,9
211_268,Heart,9
211_269,Heart,9
211_270,Heart,9
211_271,Heart,3
211_272,Connective tissue,3
211_273,Connective tissue,3
211_274,Connective tissue,3
211_275,Connective tissue,5
211_276,Connective tissue,5
211_277,Connective tissue,5
211_278,Connective tissue,5
211_279,Urogenital ridge,5
211_280,Connective tissue,5
211_281,Urogenital ridge,5
211_282,Connective tissue,3
211_283,Connective tissue,3
211_284,Connective tissue,3
211_285,Blood vessel,3
211_286,Blood vessel,3
211_287,Dermomyotome,4
211_288,Dermomyotome,4
211_289,Dermomyotome,4
211_290,Dermomyotome,4
211_291,Sclerotome,4
211_292,Sclerotome,4
211_293,Sclerotome,4
211_294,Dermomyotome,4
211_295,Dermomyotome,17
211_296,Dermomyotome,17
211_297,Dermomyotome,17
211_298,Dermomyotome,17
211_299,Dermomyotome,4
211_300,Sclerotome,4
211_301,Sclerotome,6
211_302,Sclerotome,6
211_303,Sclerotome,6
211_304,Sclerotome,6
211_305,Sclerotome,4
211_306,Dermomyotome,4
211_307,Dermomyotome,17
211_308,Dermomyotome,17
211_309,Dermomyotome,17
211_310,Dermomyotome,17
211_311,Dermomyotome,17
211_312,Dermomyotome,17
211_313,Dermomyotome,17
211_314,Dermomyotome,17
211_315,Dermomyotome,17
211_316,Dermomyotome,17
211_317,Dermomyotome,17
211_318,Dermomyotome,4
211_319,Dermomyotome,4
211_320,Dermomyotome,4
211_321,Sclerotome,11
211_322,Sclerotome,11
211_323,Surface ectoderm,11
211_324,Surface ectoderm,11
211_325,Surface ectoderm,11
211_326,Surface ectoderm,11
211_327,Surface ectoderm,11
211_328,Cavity,16
211_96,Cavity,16
211_97,Meninges,16
211_98,Meninges,13
211_99,Meninges,13
212_100,Meninges,13
212_101,Meninges,1
212_102,Brain,1
212_103,Brain,1
212_104,Brain,1
212_105,Brain,1
212_106,Brain,1
212_107,Brain,1
212_108,Brain,1
212_109,Brain,1
212_110,Brain,1
212_111,Brain,1
212_112,Brain,1
212_113,Brain,1
212_114,Brain,1
212_115,Brain,1
212_116,Brain,1
212_117,Brain,1
212_118,Brain,1
212_119,Brain,13
212_120,Head mesenchyme,13
212_121,Head mesenchyme,13
212_122,Head mesenchyme,13
212_123,Head mesenchyme,13
212_124,Head mesenchyme,13
212_125,Head mesenchyme,13
212_126,Head mesenchyme,13
212_127,Head mesenchyme,13
212_128,Brain,13
212_129,Brain,13
212_130,Brain,1
212_131,Brain,1
212_132,Brain,1
212_133,Brain,1
212_134,Brain,1
212_135,Brain,1
212_136,Brain,1
212_137,Brain,12
212_138,Brain,12
212_139,Brain,12
212_140,Brain,12
212_141,Brain,12
212_142,Brain,12
212_143,Brain,12
212_144,Brain,12
212_145,Brain,12
212_146,Brain,12
212_147,Brain,12
212_148,Brain,12
212_149,Brain,12
212_150,Brain,12
212_151,Brain,12
212_152,Brain,12
212_153,Brain,12
212_154,Brain,12
212_155,Brain,12
212_156,Brain,12
212_157,Brain,12
212_158,Brain,12
212_159,Brain,12
212_160,Brain,12
212_161,Brain,12
212_162,Brain,12
212_163,Brain,12
212_164,Brain,12
212_165,Brain,12
212_166,Brain,12
212_167,Brain,12
212_168,Brain,12
212_169,Brain,12
212_170,Brain,12
212_171,Brain,12
212_172,Brain,12
212_173,Brain,12
212_174,Brain,12
212_175,Brain,12
212_176,Brain,12
212_177,Brain,12
212_178,Brain,12
212_179,Brain,12
212_180,Brain,12
212_181,Brain,12
212_182,Brain,12
212_183,Brain,12
212_184,Brain,12
212_185,Brain,12
212_186,Brain,12
212_187,Brain,12
212_188,Jaw and tooth,8
212_189,Jaw and tooth,8
212_190,Jaw and tooth,8
212_191,Jaw and tooth,8
212_192,Jaw and tooth,2
212_193,Surface ectoderm,2
212_194,Surface ectoderm,2
212_195,Surface ectoderm,2
212_196,Surface ectoderm,2
212_197,Surface ectoderm,2
212_198,Branchial arch,2
212_199,Branchial arch,2
212_200,Branchial arch,2
212_201,Branchial arch,2
212_202,Branchial arch,2
212_203,Branchial arch,2
212_204,Branchial arch,2
212_205,Branchial arch,2
212_206,Branchial arch,2
212_207,Branchial arch,2
212_208,Branchial arch,2
212_209,Branchial arch,2
212_210,Branchial arch,2
212_211,Branchial arch,2
212_212,Branchial arch,2
212_213,Branchial arch,2
212_214,Branchial arch,2
212_215,Branchial arch,2
212_216,Branchial arch,2
212_217,Branchial arch,2
212_218,Branchial arch,2
212_219,Surface ectoderm,2
212_220,Surface ectoderm,2
212_221,Surface ectoderm,2
212_222,Surface ectoderm,3
212_223,Cavity,3
212_224,Surface ectoderm,3
212_225,Surface ectoderm,3
212_226,Surface ectoderm,9
212_227,Heart,9
212_228,Heart,9
212_229,Heart,9
212_230,Heart,9
212_231,Blood vessel,3
212_232,Blood vessel,19
212_233,Blood vessel,19
212_234,Heart,3
212_235,Heart,3
212_236,Heart,3
212_237,Heart,3
212_238,Heart,9
212_239,Heart,9
212_240,Heart,9
212_241,Heart,9
212_242,Heart,9
212_243,Heart,9
212_244,Heart,9
212_245,Heart,9
212_246,Heart,9
212_247,Heart,9
212_248,Heart,9
212_249,Heart,9
212_250,Heart,9
212_251,Heart,9
212_252,Heart,9
212_253,Heart,9
212_254,Heart,9
212_255,Heart,9
212_256,Heart,9
212_257,Heart,9
212_258,Heart,9
212_259,Heart,9
212_260,Heart,9
212_261,Heart,9
212_262,Heart,9
212_263,Heart,9
212_264,Heart,9
212_265,Heart,9
212_266,Heart,9
212_267,Heart,9
212_268,Heart,9
212_269,Heart,9
212_270,Heart,9
212_271,Connective tissue,3
212_272,Connective tissue,3
212_273,Connective tissue,3
212_274,Connective tissue,5
212_275,Connective tissue,3
212_276,Connective tissue,3
212_277,Connective tissue,3
212_278,Connective tissue,5
212_279,Urogenital ridge,5
212_280,Urogenital ridge,5
212_281,Connective tissue,5
212_282,Connective tissue,5
212_283,Connective tissue,3
212_284,Connective tissue,3
212_285,Connective tissue,3
212_286,Connective tissue,3
212_287,Connective tissue,3
212_288,Dermomyotome,4
212_289,Dermomyotome,4
212_290,Sclerotome,4
212_291,Sclerotome,4
212_292,Sclerotome,4
212_293,Dermomyotome,4
212_294,Dermomyotome,4
212_295,Dermomyotome,17
212_296,Dermomyotome,17
212_297,Dermomyotome,17
212_298,Dermomyotome,4
212_299,Urogenital ridge,4
212_300,Sclerotome,6
212_301,Urogenital ridge,6
212_302,Sclerotome,6
212_303,Sclerotome,6
212_304,Sclerotome,4
212_305,Dermomyotome,4
212_306,Dermomyotome,17
212_307,Dermomyotome,17
212_308,Dermomyotome,17
212_309,Dermomyotome,17
212_310,Dermomyotome,17
212_311,Dermomyotome,17
212_312,Dermomyotome,17
212_313,Dermomyotome,17
212_314,Dermomyotome,17
212_315,Dermomyotome,4
212_316,Dermomyotome,4
212_317,Dermomyotome,4
212_318,Dermomyotome,4
212_319,Dermomyotome,4
212_320,Sclerotome,11
212_321,Sclerotome,11
212_322,Sclerotome,11
212_323,Sclerotome,11
212_324,Surface ectoderm,11
212_325,Surface ectoderm,11
212_326,Surface ectoderm,11
212_327,Surface ectoderm,11
212_328,Surface ectoderm,11
212_96,Cavity,16
212_97,Meninges,16
212_98,Meninges,13
212_99,Meninges,13
213_100,Meninges,13
213_101,Meninges,1
213_102,Brain,1
213_103,Brain,1
213_104,Brain,1
213_105,Brain,1
213_106,Brain,1
213_107,Brain,1
213_108,Brain,1
213_109,Brain,1
213_110,Brain,1
213_111,Brain,1
213_112,Brain,1
213_113,Brain,1
213_114,Brain,1
213_115,Brain,1
213_116,Brain,1
213_117,Brain,1
213_118,Brain,1
213_119,Brain,1
213_120,Brain,1
213_121,Brain,13
213_122,Brain,13
213_123,Brain,13
213_124,Brain,13
213_125,Brain,13
213_126,Brain,13
213_127,Brain,13
213_128,Brain,13
213_129,Brain,1
213_130,Brain,1
213_131,Brain,1
213_132,Brain,1
213_133,Brain,1
213_134,Brain,1
213_135,Brain,1
213_136,Brain,14
213_137,Brain,12
213_138,Brain,12
213_139,Brain,12
213_140,Brain,12
213_141,Brain,12
213_142,Brain,12
213_143,Brain,12
213_144,Brain,12
213_145,Brain,12
213_146,Brain,12
213_147,Brain,12
213_148,Brain,12
213_149,Brain,12
213_150,Brain,12
213_151,Brain,12
213_152,Brain,12
213_153,Brain,12
213_154,Brain,12
213_155,Brain,12
213_156,Brain,12
213_157,Brain,12
213_158,Brain,12
213_159,Brain,12
213_160,Brain,12
213_161,Brain,12
213_162,Brain,12
213_163,Brain,12
213_164,Brain,12
213_165,Brain,12
213_166,Brain,12
213_167,Brain,12
213_168,Brain,12
213_169,Brain,12
213_170,Brain,12
213_171,Brain,12
213_172,Brain,12
213_173,Brain,12
213_174,Brain,12
213_175,Brain,12
213_176,Brain,12
213_177,Brain,12
213_178,Brain,12
213_179,Brain,12
213_180,Brain,12
213_181,Brain,12
213_182,Brain,12
213_183,Brain,12
213_184,Brain,12
213_185,Brain,12
213_186,Brain,12
213_187,Brain,12
213_188,Brain,8
213_189,Jaw and tooth,8
213_190,Jaw and tooth,8
213_191,Jaw and tooth,8
213_192,Jaw and tooth,8
213_193,Surface ectoderm,8
213_194,Surface ectoderm,2
213_195,Surface ectoderm,2
213_196,Surface ectoderm,2
213_197,Surface ectoderm,2
213_198,Branchial arch,2
213_199,Branchial arch,2
213_200,Branchial arch,2
213_201,Branchial arch,2
213_202,Branchial arch,2
213_203,Branchial arch,2
213_204,Branchial arch,2
213_205,Branchial arch,2
213_206,Branchial arch,2
213_207,Branchial arch,2
213_208,Branchial arch,2
213_209,Branchial arch,2
213_210,Branchial arch,2
213_211,Branchial arch,2
213_212,Branchial arch,2
213_213,Branchial arch,2
213_214,Branchial arch,2
213_215,Branchial arch,2
213_216,Branchial arch,2
213_217,Branchial arch,2
213_218,Branchial arch,2
213_219,Surface ectoderm,2
213_220,Surface ectoderm,2
213_221,Surface ectoderm,3
213_222,Cavity,16
213_223,Cavity,3
213_224,Surface ectoderm,3
213_225,Surface ectoderm,3
213_226,Surface ectoderm,9
213_227,Heart,9
213_228,Heart,9
213_229,Heart,9
213_230,Heart,9
213_231,Blood vessel,3
213_232,Cavity,19
213_233,Blood vessel,3
213_234,Heart,3
213_235,Heart,3
213_236,Heart,3
213_237,Heart,3
213_238,Heart,3
213_239,Heart,9
213_240,Heart,9
213_241,Heart,9
213_242,Heart,9
213_243,Heart,9
213_244,Heart,9
213_245,Heart,9
213_246,Heart,9
213_247,Heart,9
213_248,Heart,9
213_249,Heart,9
213_250,Heart,9
213_251,Heart,9
213_252,Heart,9
213_253,Heart,3
213_254,Heart,3
213_255,Heart,9
213_256,Heart,9
213_257,Heart,9
213_258,Heart,9
213_259,Heart,9
213_260,Heart,9
213_261,Heart,9
213_262,Heart,9
213_263,Heart,9
213_264,Heart,9
213_265,Heart,9
213_266,Heart,9
213_267,Heart,9
213_268,Heart,9
213_269,Heart,9
213_270,Heart,3
213_271,Urogenital ridge,3
213_272,Urogenital ridge,3
213_273,Dermomyotome,3
213_274,Connective tissue,3
213_275,Lung primordium,3
213_276,Connective tissue,3
213_277,Connective tissue,3
213_278,Urogenital ridge,5
213_279,Urogenital ridge,5
213_280,Urogenital ridge,5
213_281,Urogenital ridge,5
213_282,Urogenital ridge,5
213_283,Connective tissue,5
213_284,Connective tissue,5
213_285,Connective tissue,3
213_286,Connective tissue,3
213_287,Connective tissue,3
213_288,Connective tissue,3
213_289,Sclerotome,3
213_290,Sclerotome,6
213_291,Dermomyotome,6
213_292,Dermomyotome,4
213_293,Dermomyotome,4
213_294,Dermomyotome,4
213_295,Dermomyotome,4
213_296,Dermomyotome,4
213_297,Dermomyotome,4
213_298,Connective tissue,4
213_299,Sclerotome,6
213_300,Sclerotome,6
213_301,Sclerotome,6
213_302,Sclerotome,6
213_303,Dermomyotome,4
213_304,Dermomyotome,4
213_305,Dermomyotome,17
213_306,Dermomyotome,17
213_307,Dermomyotome,17
213_308,Dermomyotome,17
213_309,Dermomyotome,17
213_310,Dermomyotome,17
213_311,Dermomyotome,17
213_312,Dermomyotome,17
213_313,Dermomyotome,4
213_314,Sclerotome,4
213_315,Sclerotome,6
213_316,Sclerotome,6
213_317,Sclerotome,6
213_318,Sclerotome,6
213_319,Dermomyotome,11
213_320,Sclerotome,11
213_321,Sclerotome,11
213_322,Sclerotome,11
213_323,Sclerotome,11
213_324,Sclerotome,11
213_325,Surface ectoderm,11
213_326,Surface ectoderm,11
213_327,Surface ectoderm,11
213_328,Surface ectoderm,11
213_329,Cavity,16
213_96,Cavity,16
213_97,Meninges,16
213_98,Meninges,16
213_99,Meninges,13
214_100,Meninges,13
214_101,Meninges,1
214_102,Brain,1
214_103,Brain,1
214_104,Brain,1
214_105,Brain,1
214_106,Brain,1
214_107,Brain,1
214_108,Brain,1
214_109,Brain,1
214_110,Brain,1
214_111,Brain,1
214_112,Brain,1
214_113,Brain,1
214_114,Brain,1
214_115,Brain,1
214_116,Brain,1
214_117,Brain,1
214_118,Brain,1
214_119,Brain,1
214_120,Brain,1
214_121,Brain,1
214_122,Brain,1
214_123,Brain,1
214_124,Brain,13
214_125,Brain,1
214_126,Brain,1
214_127,Brain,1
214_128,Brain,1
214_129,Brain,1
214_130,Brain,1
214_131,Brain,1
214_132,Brain,1
214_133,Brain,1
214_134,Brain,1
214_135,Brain,14
214_136,Brain,14
214_137,Brain,12
214_138,Brain,12
214_139,Brain,12
214_140,Brain,12
214_141,Brain,12
214_142,Brain,12
214_143,Brain,12
214_144,Brain,12
214_145,Brain,12
214_146,Brain,12
214_147,Brain,12
214_148,Brain,12
214_149,Brain,12
214_150,Brain,12
214_151,Brain,12
214_152,Brain,12
214_153,Brain,12
214_154,Brain,12
214_155,Brain,12
214_156,Brain,12
214_157,Brain,12
214_158,Brain,12
214_159,Brain,12
214_160,Brain,12
214_161,Brain,12
214_162,Brain,12
214_163,Brain,12
214_164,Brain,12
214_165,Brain,12
214_166,Brain,12
214_167,Brain,12
214_168,Brain,12
214_169,Brain,12
214_170,Brain,12
214_171,Brain,12
214_172,Brain,12
214_173,Brain,12
214_174,Brain,12
214_175,Brain,12
214_176,Brain,12
214_177,Brain,12
214_178,Brain,12
214_179,Brain,12
214_180,Brain,12
214_181,Brain,12
214_182,Brain,12
214_183,Brain,12
214_184,Brain,12
214_185,Brain,12
214_186,Brain,12
214_187,Brain,12
214_188,Brain,12
214_189,Jaw and tooth,8
214_190,Jaw and tooth,8
214_191,Jaw and tooth,8
214_192,Jaw and tooth,8
214_193,Surface ectoderm,8
214_194,Surface ectoderm,8
214_195,Surface ectoderm,2
214_196,Surface ectoderm,2
214_197,Surface ectoderm,2
214_198,Branchial arch,2
214_199,Branchial arch,2
214_200,Branchial arch,2
214_201,Branchial arch,2
214_202,Branchial arch,2
214_203,Branchial arch,2
214_204,Branchial arch,2
214_205,Branchial arch,2
214_206,Branchial arch,2
214_207,Branchial arch,2
214_208,Branchial arch,2
214_209,Branchial arch,2
214_210,Branchial arch,2
214_211,Branchial arch,2
214_212,Branchial arch,2
214_213,Branchial arch,2
214_214,Branchial arch,2
214_215,Branchial arch,2
214_216,Branchial arch,2
214_217,Branchial arch,2
214_218,Branchial arch,2
214_219,Surface ectoderm,2
214_220,Surface ectoderm,2
214_221,Surface ectoderm,3
214_223,Cavity,3
214_224,Surface ectoderm,3
214_225,Surface ectoderm,3
214_226,Heart,9
214_227,Heart,9
214_228,Heart,9
214_229,Heart,9
214_230,Heart,9
214_231,Blood vessel,3
214_232,Blood vessel,3
214_233,Heart,3
214_234,Heart,3
214_235,Heart,9
214_236,Heart,3
214_237,Heart,3
214_238,Heart,3
214_239,Heart,9
214_240,Heart,9
214_241,Heart,9
214_242,Heart,9
214_243,Heart,9
214_244,Heart,9
214_245,Heart,9
214_246,Heart,9
214_247,Heart,9
214_248,Heart,9
214_249,Heart,9
214_250,Heart,9
214_251,Heart,9
214_252,Heart,3
214_253,Heart,3
214_254,Heart,3
214_255,Heart,3
214_256,Heart,9
214_257,Heart,9
214_258,Heart,9
214_259,Heart,9
214_260,Heart,9
214_261,Heart,9
214_262,Heart,9
214_263,Heart,9
214_264,Heart,9
214_265,Heart,9
214_266,Heart,9
214_267,Heart,9
214_268,Heart,9
214_269,Heart,9
214_270,Liver,3
214_271,Dermomyotome,3
214_272,Dermomyotome,4
214_273,Dermomyotome,4
214_274,Lung primordium,3
214_275,Connective tissue,3
214_276,Dermomyotome,3
214_277,Urogenital ridge,3
214_278,Urogenital ridge,5
214_279,Urogenital ridge,5
214_280,Urogenital ridge,5
214_281,Urogenital ridge,5
214_282,Urogenital ridge,5
214_283,Urogenital ridge,5
214_284,Urogenital ridge,5
214_285,Connective tissue,5
214_286,Connective tissue,5
214_287,Connective tissue,3
214_288,Connective tissue,3
214_289,Connective tissue,3
214_290,Connective tissue,3
214_291,Connective tissue,3
214_292,Connective tissue,3
214_293,Dermomyotome,4
214_294,Dermomyotome,4
214_295,Dermomyotome,4
214_296,Urogenital ridge,4
214_297,Urogenital ridge,4
214_298,Urogenital ridge,6
214_299,Sclerotome,6
214_300,Sclerotome,6
214_301,Sclerotome,4
214_302,Dermomyotome,4
214_303,Dermomyotome,17
214_304,Dermomyotome,17
214_305,Dermomyotome,17
214_306,Dermomyotome,17
214_307,Dermomyotome,17
214_308,Dermomyotome,17
214_309,Dermomyotome,17
214_310,Dermomyotome,17
214_311,Dermomyotome,17
214_312,Dermomyotome,4
214_313,Sclerotome,6
214_314,Sclerotome,6
214_315,Sclerotome,6
214_316,Sclerotome,6
214_317,Sclerotome,6
214_318,Sclerotome,6
214_319,Dermomyotome,6
214_320,Dermomyotome,11
214_321,Sclerotome,11
214_322,Sclerotome,11
214_323,Sclerotome,11
214_324,Sclerotome,11
214_325,Surface ectoderm,11
214_326,Surface ectoderm,11
214_327,Surface ectoderm,11
214_328,Surface ectoderm,11
214_329,Surface ectoderm,11
214_330,Cavity,16
214_96,Cavity,16
214_97,Meninges,16
214_98,Meninges,16
214_99,Meninges,13
215_100,Meninges,13
215_101,Meninges,13
215_102,Brain,1
215_103,Brain,1
215_104,Brain,1
215_105,Brain,1
215_106,Brain,1
215_107,Brain,1
215_108,Brain,1
215_109,Brain,1
215_110,Brain,1
215_111,Brain,1
215_112,Brain,1
215_113,Brain,1
215_114,Brain,1
215_115,Brain,1
215_116,Brain,1
215_117,Brain,1
215_118,Brain,1
215_119,Brain,1
215_120,Brain,1
215_121,Brain,1
215_122,Brain,1
215_123,Brain,1
215_124,Brain,1
215_125,Brain,1
215_126,Brain,1
215_127,Brain,1
215_128,Brain,1
215_129,Brain,1
215_130,Brain,1
215_131,Brain,1
215_132,Brain,1
215_133,Brain,1
215_134,Brain,1
215_135,Brain,14
215_136,Brain,14
215_137,Brain,14
215_138,Brain,12
215_139,Brain,12
215_140,Brain,12
215_141,Brain,12
215_142,Brain,12
215_143,Brain,12
215_144,Brain,12
215_145,Brain,12
215_146,Brain,12
215_147,Brain,12
215_148,Brain,12
215_149,Brain,12
215_150,Brain,12
215_151,Brain,12
215_152,Brain,12
215_153,Brain,12
215_154,Brain,12
215_155,Brain,12
215_156,Brain,12
215_157,Brain,12
215_158,Brain,12
215_159,Brain,12
215_160,Brain,12
215_161,Brain,12
215_162,Brain,12
215_163,Brain,12
215_164,Brain,12
215_165,Brain,12
215_166,Brain,12
215_167,Brain,12
215_168,Brain,12
215_169,Brain,12
215_170,Brain,12
215_171,Brain,12
215_172,Brain,12
215_173,Brain,12
215_174,Brain,12
215_175,Cavity,12
215_176,Brain,12
215_177,Brain,12
215_178,Brain,12
215_179,Brain,12
215_180,Brain,12
215_181,Brain,12
215_182,Brain,12
215_183,Brain,12
215_184,Brain,12
215_185,Brain,12
215_186,Brain,12
215_187,Brain,12
215_188,Brain,12
215_189,Brain,13
215_190,Jaw and tooth,8
215_191,Jaw and tooth,8
215_192,Jaw and tooth,8
215_193,Surface ectoderm,8
215_194,Surface ectoderm,8
215_195,Surface ectoderm,8
215_196,Surface ectoderm,2
215_197,Surface ectoderm,2
215_198,Surface ectoderm,2
215_199,Branchial arch,2
215_200,Branchial arch,2
215_201,Branchial arch,2
215_202,Branchial arch,2
215_203,Branchial arch,2
215_204,Branchial arch,2
215_205,Branchial arch,2
215_206,Branchial arch,2
215_207,Branchial arch,2
215_208,Branchial arch,2
215_209,Branchial arch,2
215_210,Branchial arch,2
215_211,Branchial arch,2
215_212,Branchial arch,2
215_213,Branchial arch,2
215_214,Branchial arch,2
215_215,Branchial arch,2
215_216,Branchial arch,2
215_217,Branchial arch,2
215_218,Surface ectoderm,2
215_219,Surface ectoderm,2
215_220,Surface ectoderm,2
215_221,Cavity,3
215_223,Cavity,3
215_224,Surface ectoderm,3
215_225,Surface ectoderm,9
215_226,Heart,9
215_227,Heart,9
215_228,Heart,9
215_229,Heart,9
215_230,Heart,9
215_231,Blood vessel,3
215_232,Blood vessel,3
215_233,Heart,3
215_234,Heart,9
215_235,Heart,9
215_236,Heart,3
215_237,Heart,3
215_238,Heart,9
215_239,Heart,9
215_240,Heart,9
215_241,Heart,9
215_242,Heart,9
215_243,Heart,9
215_244,Heart,9
215_245,Heart,9
215_246,Heart,9
215_247,Heart,9
215_248,Heart,9
215_249,Heart,9
215_250,Blood vessel,9
215_251,Connective tissue,3
215_252,Heart,3
215_253,Heart,3
215_254,Heart,3
215_255,Heart,3
215_256,Heart,9
215_257,Heart,9
215_258,Heart,9
215_259,Heart,9
215_260,Heart,9
215_261,Heart,9
215_262,Heart,9
215_263,Heart,9
215_264,Heart,9
215_265,Heart,9
215_266,Heart,9
215_267,Heart,9
215_268,Heart,9
215_269,Heart,3
215_270,Connective tissue,3
215_271,Dermomyotome,4
215_272,Dermomyotome,4
215_273,Dermomyotome,4
215_274,Dermomyotome,4
215_275,Dermomyotome,3
215_276,Dermomyotome,5
215_277,Dermomyotome,5
215_278,Dermomyotome,5
215_279,Urogenital ridge,5
215_280,Urogenital ridge,5
215_281,Urogenital ridge,5
215_282,Urogenital ridge,5
215_283,Urogenital ridge,5
215_284,Urogenital ridge,5
215_285,Urogenital ridge,5
215_286,Urogenital ridge,5
215_287,Connective tissue,5
215_288,Connective tissue,3
215_289,Connective tissue,3
215_290,Connective tissue,3
215_291,Connective tissue,3
215_292,Connective tissue,3
215_293,Urogenital ridge,4
215_294,Dermomyotome,4
215_295,Urogenital ridge,4
215_296,Urogenital ridge,6
215_297,Urogenital ridge,6
215_298,Sclerotome,6
215_299,Sclerotome,6
215_300,Sclerotome,4
215_301,Urogenital ridge,4
215_302,Dermomyotome,4
215_303,Dermomyotome,17
215_304,Dermomyotome,17
215_305,Dermomyotome,17
215_306,Dermomyotome,17
215_307,Dermomyotome,4
215_308,Dermomyotome,4
215_309,Dermomyotome,4
215_310,Sclerotome,4
215_311,Sclerotome,4
215_312,Sclerotome,6
215_313,Sclerotome,6
215_314,Sclerotome,6
215_315,Sclerotome,6
215_316,Sclerotome,6
215_317,Dermomyotome,6
215_318,Dermomyotome,6
215_319,Dermomyotome,4
215_320,Dermomyotome,11
215_321,Dermomyotome,11
215_322,Sclerotome,11
215_323,Sclerotome,11
215_324,Sclerotome,11
215_325,Surface ectoderm,11
215_326,Surface ectoderm,11
215_327,Surface ectoderm,11
215_328,Surface ectoderm,11
215_329,Surface ectoderm,11
215_330,Cavity,16
215_96,Cavity,16
215_97,Meninges,16
215_98,Meninges,13
215_99,Meninges,13
216_100,Meninges,13
216_101,Meninges,13
216_102,Brain,1
216_103,Brain,1
216_104,Brain,1
216_105,Brain,1
216_106,Brain,1
216_107,Brain,1
216_108,Brain,1
216_109,Brain,1
216_110,Brain,1
216_111,Brain,1
216_112,Brain,1
216_113,Brain,1
216_114,Brain,1
216_115,Brain,1
216_116,Brain,1
216_117,Brain,1
216_118,Brain,1
216_119,Brain,1
216_120,Brain,1
216_121,Brain,1
216_122,Brain,1
216_123,Brain,1
216_124,Brain,1
216_125,Brain,1
216_126,Brain,1
216_127,Brain,1
216_128,Brain,1
216_129,Brain,1
216_130,Brain,1
216_131,Brain,1
216_132,Brain,1
216_133,Brain,1
216_134,Brain,14
216_135,Brain,14
216_136,Brain,14
216_137,Brain,14
216_138,Brain,12
216_139,Brain,12
216_140,Brain,12
216_141,Brain,12
216_142,Brain,12
216_143,Brain,12
216_144,Brain,12
216_145,Brain,12
216_146,Brain,12
216_147,Brain,12
216_148,Brain,12
216_149,Brain,12
216_150,Brain,12
216_151,Brain,12
216_152,Brain,12
216_153,Brain,12
216_154,Brain,12
216_155,Brain,12
216_156,Brain,12
216_157,Brain,12
216_158,Brain,12
216_159,Brain,12
216_160,Brain,12
216_161,Brain,12
216_162,Brain,12
216_163,Brain,12
216_164,Brain,12
216_165,Brain,12
216_166,Brain,12
216_167,Brain,12
216_168,Brain,12
216_169,Brain,12
216_170,Brain,12
216_171,Brain,12
216_172,Brain,12
216_173,Brain,12
216_174,Brain,12
216_175,Cavity,12
216_176,Cavity,13
216_177,Cavity,13
216_178,Cavity,13
216_179,Cavity,13
216_180,Cavity,13
216_181,Brain,13
216_182,Brain,13
216_183,Brain,12
216_184,Brain,12
216_185,Brain,12
216_186,Brain,12
216_187,Brain,12
216_188,Brain,12
216_189,Brain,12
216_190,Jaw and tooth,8
216_191,Jaw and tooth,8
216_192,Jaw and tooth,8
216_193,Jaw and tooth,8
216_194,Surface ectoderm,8
216_195,Surface ectoderm,8
216_196,Surface ectoderm,2
216_197,Surface ectoderm,2
216_198,Surface ectoderm,2
216_199,Surface ectoderm,2
216_200,Branchial arch,2
216_201,Branchial arch,2
216_202,Branchial arch,2
216_203,Branchial arch,2
216_204,Branchial arch,2
216_205,Branchial arch,2
216_206,Branchial arch,2
216_207,Branchial arch,2
216_208,Branchial arch,2
216_209,Branchial arch,2
216_210,Branchial arch,2
216_211,Branchial arch,2
216_212,Branchial arch,2
216_213,Branchial arch,2
216_214,Branchial arch,2
216_215,Branchial arch,2
216_216,Branchial arch,2
216_217,Surface ectoderm,2
216_218,Surface ectoderm,2
216_219,Surface ectoderm,2
216_220,Surface ectoderm,2
216_223,Heart,3
216_224,Surface ectoderm,3
216_225,Heart,9
216_226,Heart,9
216_227,Heart,9
216_228,Heart,9
216_229,Heart,9
216_230,Heart,9
216_231,Blood vessel,3
216_232,Blood vessel,3
216_233,Heart,3
216_234,Heart,9
216_235,Heart,9
216_236,Heart,9
216_237,Heart,9
216_238,Heart,9
216_239,Heart,9
216_240,Heart,9
216_241,Heart,9
216_242,Heart,9
216_243,Heart,9
216_244,Heart,9
216_245,Heart,9
216_246,Heart,9
216_247,Heart,9
216_248,Heart,9
216_249,Heart,9
216_250,Blood vessel,19
216_251,Blood vessel,3
216_252,Heart,3
216_253,Heart,3
216_254,Heart,3
216_255,Heart,3
216_256,Heart,9
216_257,Heart,9
216_258,Heart,9
216_259,Heart,9
216_260,Heart,9
216_261,Heart,9
216_262,Heart,9
216_263,Heart,9
216_264,Heart,9
216_265,Heart,9
216_266,Heart,9
216_267,Heart,9
216_268,Heart,9
216_269,Liver,3
216_270,Dermomyotome,3
216_271,Dermomyotome,4
216_272,Dermomyotome,4
216_273,Dermomyotome,4
216_274,Dermomyotome,4
216_275,Dermomyotome,4
216_276,Dermomyotome,4
216_277,Dermomyotome,4
216_278,Dermomyotome,5
216_279,Lung primordium,5
216_280,Urogenital ridge,5
216_281,Urogenital ridge,5
216_282,Urogenital ridge,5
216_283,Urogenital ridge,5
216_284,Urogenital ridge,5
216_285,GI tract,5
216_286,GI tract,5
216_287,Urogenital ridge,5
216_288,Connective tissue,5
216_289,Connective tissue,5
216_290,Urogenital ridge,3
216_291,Connective tissue,3
216_292,Connective tissue,3
216_293,Urogenital ridge,3
216_294,Urogenital ridge,6
216_295,Urogenital ridge,3
216_296,Urogenital ridge,6
216_297,Urogenital ridge,6
216_298,Urogenital ridge,6
216_299,Urogenital ridge,6
216_300,Dermomyotome,4
216_301,Urogenital ridge,4
216_302,Dermomyotome,17
216_303,Dermomyotome,17
216_304,Dermomyotome,17
216_305,Dermomyotome,17
216_306,Sclerotome,4
216_307,Sclerotome,6
216_308,Sclerotome,6
216_309,Sclerotome,6
216_310,Sclerotome,6
216_311,Sclerotome,6
216_312,Sclerotome,6
216_313,Sclerotome,6
216_314,Sclerotome,4
216_315,Sclerotome,4
216_316,Dermomyotome,4
216_317,Dermomyotome,4
216_318,Dermomyotome,4
216_319,Dermomyotome,4
216_320,Dermomyotome,4
216_321,Dermomyotome,4
216_322,Dermomyotome,4
216_323,Dermomyotome,11
216_324,Dermomyotome,11
216_325,Surface ectoderm,11
216_326,Surface ectoderm,11
216_327,Surface ectoderm,11
216_328,Surface ectoderm,11
216_329,Surface ectoderm,11
216_330,Surface ectoderm,11
216_331,Cavity,16
216_97,Meninges,16
216_98,Meninges,13
216_99,Meninges,13
217_100,Meninges,13
217_101,Meninges,13
217_102,Brain,1
217_103,Brain,1
217_104,Brain,1
217_105,Brain,1
217_106,Brain,1
217_107,Brain,1
217_108,Brain,1
217_109,Brain,1
217_110,Brain,1
217_111,Brain,1
217_112,Brain,1
217_113,Brain,1
217_114,Brain,1
217_115,Brain,1
217_116,Brain,1
217_117,Brain,1
217_118,Brain,1
217_119,Brain,1
217_120,Brain,1
217_121,Brain,1
217_122,Brain,1
217_123,Brain,1
217_124,Brain,1
217_125,Brain,1
217_126,Brain,1
217_127,Brain,1
217_128,Brain,1
217_129,Brain,1
217_130,Brain,1
217_131,Brain,1
217_132,Brain,1
217_133,Brain,14
217_134,Brain,14
217_135,Brain,14
217_136,Brain,14
217_137,Brain,14
217_138,Brain,12
217_139,Brain,12
217_140,Brain,12
217_141,Brain,14
217_142,Brain,14
217_143,Brain,14
217_144,Brain,12
217_145,Brain,12
217_146,Brain,12
217_147,Brain,12
217_148,Brain,12
217_149,Brain,12
217_150,Brain,12
217_151,Brain,12
217_152,Brain,12
217_153,Brain,12
217_154,Brain,12
217_155,Brain,12
217_156,Brain,12
217_157,Brain,12
217_158,Brain,12
217_159,Brain,12
217_160,Brain,12
217_161,Brain,12
217_162,Brain,12
217_163,Brain,12
217_164,Brain,12
217_165,Brain,12
217_166,Brain,12
217_167,Brain,12
217_168,Brain,12
217_169,Brain,12
217_170,Brain,12
217_171,Brain,12
217_172,Brain,12
217_173,Brain,12
217_174,Brain,12
217_175,Cavity,12
217_176,Cavity,13
217_177,Cavity,13
217_178,Cavity,13
217_179,Cavity,13
217_180,Cavity,13
217_181,Cavity,13
217_182,Cavity,13
217_183,Cavity,13
217_184,Brain,12
217_185,Brain,12
217_186,Brain,12
217_187,Brain,12
217_188,Brain,12
217_189,Brain,12
217_190,Brain,8
217_191,Jaw and tooth,8
217_192,Jaw and tooth,8
217_193,Jaw and tooth,8
217_194,Jaw and tooth,8
217_195,Surface ectoderm,8
217_196,Surface ectoderm,8
217_197,Surface ectoderm,2
217_198,Surface ectoderm,2
217_199,Surface ectoderm,2
217_200,GI tract,2
217_201,Branchial arch,2
217_202,Branchial arch,2
217_203,Branchial arch,2
217_204,Branchial arch,2
217_205,Branchial arch,2
217_206,Branchial arch,2
217_207,Branchial arch,2
217_208,Branchial arch,2
217_209,Branchial arch,2
217_210,Branchial arch,2
217_211,Branchial arch,2
217_212,Branchial arch,2
217_213,Branchial arch,2
217_214,Branchial arch,2
217_215,Branchial arch,2
217_216,Surface ectoderm,2
217_217,Surface ectoderm,2
217_218,Surface ectoderm,2
217_219,Surface ectoderm,2
217_220,Surface ectoderm,2
217_223,Cavity,3
217_224,Surface ectoderm,3
217_225,Heart,9
217_226,Heart,9
217_227,Heart,9
217_228,Heart,9
217_229,Heart,9
217_230,Heart,3
217_231,Heart,3
217_232,Heart,3
217_233,Heart,3
217_234,Heart,9
217_235,Heart,9
217_236,Heart,9
217_237,Heart,9
217_238,Heart,9
217_239,Heart,9
217_240,Heart,9
217_241,Heart,9
217_242,Heart,9
217_243,Heart,9
217_244,Heart,9
217_245,Heart,9
217_246,Heart,9
217_247,Heart,9
217_248,Heart,9
217_249,Cavity,19
217_250,Cavity,19
217_251,Blood vessel,19
217_252,Heart,3
217_253,Heart,3
217_254,Heart,3
217_255,Heart,9
217_256,Heart,9
217_257,Heart,9
217_258,Heart,9
217_259,Heart,9
217_260,Heart,9
217_261,Heart,9
217_262,Heart,9
217_263,Heart,9
217_264,Heart,9
217_265,Heart,9
217_266,Heart,9
217_267,Heart,9
217_268,Heart,3
217_269,Liver,3
217_270,Dermomyotome,4
217_271,Dermomyotome,4
217_272,Dermomyotome,4
217_273,Dermomyotome,4
217_274,Dermomyotome,4
217_275,Dermomyotome,4
217_276,Dermomyotome,4
217_277,Dermomyotome,3
217_278,Dermomyotome,5
217_279,Liver,5
217_280,Urogenital ridge,5
217_281,Urogenital ridge,5
217_282,Urogenital ridge,5
217_283,Liver,5
217_284,Urogenital ridge,5
217_285,GI tract,5
217_286,Connective tissue,5
217_287,Urogenital ridge,5
217_288,Urogenital ridge,5
217_289,Urogenital ridge,5
217_290,Urogenital ridge,5
217_291,Urogenital ridge,5
217_292,Urogenital ridge,5
217_293,Urogenital ridge,5
217_294,Urogenital ridge,5
217_295,Urogenital ridge,5
217_296,Urogenital ridge,5
217_297,Urogenital ridge,5
217_298,Urogenital ridge,6
217_299,Urogenital ridge,6
217_300,Urogenital ridge,4
217_301,Dermomyotome,4
217_302,Dermomyotome,17
217_303,Dermomyotome,17
217_304,Dermomyotome,4
217_305,Sclerotome,4
217_306,Sclerotome,6
217_307,Sclerotome,6
217_308,Sclerotome,6
217_309,Sclerotome,6
217_310,Sclerotome,6
217_311,Sclerotome,6
217_312,Sclerotome,4
217_313,Dermomyotome,4
217_314,Dermomyotome,17
217_315,Dermomyotome,17
217_316,Dermomyotome,17
217_317,Dermomyotome,17
217_318,Dermomyotome,17
217_319,Dermomyotome,4
217_320,Dermomyotome,4
217_321,Dermomyotome,4
217_322,Dermomyotome,4
217_323,Dermomyotome,4
217_324,Dermomyotome,4
217_325,Dermomyotome,11
217_326,Surface ectoderm,11
217_327,Surface ectoderm,11
217_328,Surface ectoderm,11
217_329,Surface ectoderm,11
217_330,Surface ectoderm,11
217_331,Cavity,16
217_97,Meninges,16
217_98,Meninges,13
217_99,Meninges,13
218_100,Meninges,13
218_101,Meninges,13
218_102,Meninges,1
218_103,Brain,1
218_104,Brain,1
218_105,Brain,1
218_106,Brain,1
218_107,Brain,1
218_108,Brain,1
218_109,Brain,1
218_110,Brain,1
218_111,Brain,1
218_112,Brain,1
218_113,Brain,1
218_114,Brain,1
218_115,Brain,1
218_116,Brain,1
218_117,Brain,1
218_118,Brain,1
218_119,Brain,1
218_120,Brain,1
218_121,Brain,1
218_122,Brain,1
218_123,Brain,1
218_124,Brain,1
218_125,Brain,1
218_126,Brain,1
218_127,Brain,1
218_128,Brain,1
218_129,Brain,1
218_130,Brain,1
218_131,Brain,1
218_132,Brain,14
218_133,Brain,14
218_134,Brain,14
218_135,Brain,12
218_136,Brain,14
218_137,Brain,14
218_138,Brain,12
218_139,Brain,12
218_140,Brain,14
218_141,Brain,14
218_142,Brain,14
218_143,Brain,14
218_144,Brain,12
218_145,Brain,12
218_146,Brain,12
218_147,Brain,12
218_148,Brain,12
218_149,Brain,12
218_150,Brain,12
218_151,Brain,12
218_152,Brain,12
218_153,Brain,12
218_154,Brain,12
218_155,Brain,12
218_156,Brain,12
218_157,Brain,12
218_158,Brain,12
218_159,Brain,12
218_160,Brain,12
218_161,Brain,12
218_162,Brain,12
218_163,Brain,12
218_164,Brain,12
218_165,Brain,12
218_166,Brain,12
218_167,Brain,12
218_168,Brain,12
218_169,Brain,12
218_170,Brain,12
218_171,Brain,12
218_172,Brain,12
218_173,Brain,12
218_174,Brain,12
218_175,Cavity,12
218_176,Cavity,13
218_177,Cavity,13
218_178,Cavity,13
218_179,Cavity,13
218_180,Cavity,13
218_181,Cavity,13
218_182,Cavity,13
218_183,Cavity,13
218_184,Cavity,13
218_185,Brain,12
218_186,Brain,12
218_187,Brain,12
218_188,Brain,12
218_189,Brain,12
218_190,Brain,13
218_191,Jaw and tooth,8
218_192,Jaw and tooth,8
218_193,Jaw and tooth,8
218_194,Jaw and tooth,8
218_195,Surface ectoderm,8
218_196,Surface ectoderm,8
218_197,Surface ectoderm,2
218_198,Surface ectoderm,2
218_199,Surface ectoderm,2
218_200,GI tract,2
218_201,Branchial arch,2
218_202,Branchial arch,2
218_203,Branchial arch,2
218_204,Branchial arch,2
218_205,Branchial arch,2
218_206,Branchial arch,2
218_207,Branchial arch,2
218_208,Branchial arch,2
218_209,Branchial arch,2
218_210,Branchial arch,2
218_211,Branchial arch,2
218_212,Branchial arch,2
218_213,Branchial arch,2
218_214,Branchial arch,2
218_215,Branchial arch,2
218_216,Surface ectoderm,2
218_217,Surface ectoderm,2
218_218,Surface ectoderm,2
218_219,Surface ectoderm,2
218_220,Surface ectoderm,2
218_223,Cavity,3
218_224,Heart,3
218_225,Heart,9
218_226,Heart,9
218_227,Heart,9
218_228,Heart,9
218_229,Heart,9
218_230,Heart,3
218_231,Heart,3
218_232,Heart,3
218_233,Heart,9
218_234,Heart,9
218_235,Heart,9
218_236,Heart,9
218_237,Heart,9
218_238,Heart,9
218_239,Heart,9
218_240,Heart,9
218_241,Heart,9
218_242,Heart,9
218_243,Heart,9
218_244,Heart,9
218_245,Heart,9
218_246,Heart,9
218_247,Cavity,19
218_248,Cavity,19
218_249,Cavity,19
218_250,Cavity,19
218_251,Blood vessel,19
218_252,Heart,3
218_253,Heart,3
218_254,Heart,9
218_255,Heart,9
218_256,Heart,9
218_257,Heart,9
218_258,Heart,9
218_259,Heart,9
218_260,Heart,9
218_261,Heart,9
218_262,Heart,9
218_263,Heart,9
218_264,Heart,9
218_265,Heart,9
218_266,Heart,9
218_267,Heart,3
218_268,Liver,3
218_269,Dermomyotome,3
218_270,Dermomyotome,4
218_271,Dermomyotome,4
218_272,Dermomyotome,4
218_273,Dermomyotome,4
218_274,Dermomyotome,4
218_275,Dermomyotome,4
218_276,Dermomyotome,3
218_277,Liver,3
218_278,Liver,5
218_279,Liver,18
218_280,Liver,18
218_281,Liver,18
218_282,Liver,18
218_283,Liver,18
218_284,Liver,5
218_285,Liver,5
218_286,Liver,5
218_287,Liver,5
218_288,Urogenital ridge,5
218_289,Urogenital ridge,5
218_290,Urogenital ridge,5
218_291,Urogenital ridge,5
218_292,Urogenital ridge,5
218_293,Urogenital ridge,5
218_294,Urogenital ridge,5
218_295,Urogenital ridge,5
218_296,Urogenital ridge,5
218_297,Urogenital ridge,5
218_298,Urogenital ridge,5
218_299,Urogenital ridge,5
218_300,Urogenital ridge,5
218_301,Urogenital ridge,5
218_302,Urogenital ridge,4
218_303,Urogenital ridge,4
218_304,Urogenital ridge,6
218_305,Sclerotome,6
218_306,Sclerotome,6
218_307,Sclerotome,6
218_308,Sclerotome,6
218_309,Sclerotome,6
218_310,Sclerotome,4
218_311,Dermomyotome,4
218_312,Dermomyotome,17
218_313,Dermomyotome,17
218_314,Dermomyotome,17
218_315,Dermomyotome,17
218_316,Dermomyotome,17
218_317,Dermomyotome,17
218_318,Dermomyotome,17
218_319,Dermomyotome,17
218_320,Dermomyotome,17
218_321,Dermomyotome,4
218_322,Dermomyotome,17
218_323,Dermomyotome,17
218_324,Dermomyotome,4
218_325,Dermomyotome,11
218_326,Surface ectoderm,11
218_327,Surface ectoderm,11
218_328,Surface ectoderm,11
218_329,Surface ectoderm,11
218_330,Surface ectoderm,11
218_331,Surface ectoderm,16
218_332,Cavity,16
218_97,Cavity,16
218_98,Meninges,16
218_99,Meninges,13
219_100,Meninges,13
219_101,Meninges,13
219_102,Meninges,1
219_103,Brain,1
219_104,Brain,1
219_105,Brain,1
219_106,Brain,1
219_107,Brain,1
219_108,Brain,1
219_109,Brain,1
219_110,Brain,1
219_111,Brain,1
219_112,Brain,1
219_113,Brain,1
219_114,Brain,1
219_115,Brain,1
219_116,Brain,1
219_117,Brain,1
219_118,Brain,1
219_119,Brain,1
219_120,Brain,1
219_121,Brain,1
219_122,Brain,1
219_123,Brain,1
219_124,Brain,14
219_125,Brain,14
219_126,Brain,14
219_127,Brain,14
219_128,Brain,14
219_129,Brain,14
219_130,Brain,14
219_131,Brain,14
219_132,Brain,14
219_133,Brain,14
219_134,Brain,12
219_135,Brain,12
219_136,Brain,12
219_137,Brain,12
219_138,Brain,14
219_139,Brain,14
219_140,Brain,14
219_141,Brain,14
219_142,Brain,14
219_143,Brain,14
219_144,Brain,12
219_145,Brain,12
219_146,Brain,12
219_147,Brain,12
219_148,Brain,12
219_149,Brain,12
219_150,Brain,12
219_151,Brain,12
219_152,Brain,12
219_153,Brain,12
219_154,Brain,12
219_155,Brain,12
219_156,Brain,12
219_157,Brain,12
219_158,Brain,12
219_159,Brain,12
219_160,Brain,12
219_161,Brain,12
219_162,Brain,12
219_163,Brain,12
219_164,Brain,12
219_165,Brain,12
219_166,Brain,12
219_167,Brain,12
219_168,Brain,12
219_169,Brain,12
219_170,Brain,12
219_171,Brain,12
219_172,Brain,12
219_173,Brain,12
219_174,Brain,12
219_175,Cavity,12
219_176,Cavity,13
219_177,Cavity,13
219_178,Cavity,13
219_179,Cavity,13
219_180,Cavity,13
219_181,Cavity,13
219_182,Cavity,13
219_183,Cavity,13
219_184,Cavity,13
219_185,Brain,12
219_186,Brain,12
219_187,Brain,12
219_188,Brain,12
219_189,Brain,12
219_190,Brain,13
219_191,Jaw and tooth,8
219_192,Jaw and tooth,8
219_193,Jaw and tooth,8
219_194,Jaw and tooth,8
219_195,Surface ectoderm,8
219_196,Surface ectoderm,8
219_197,Surface ectoderm,13
219_198,Surface ectoderm,2
219_199,Surface ectoderm,2
219_200,Surface ectoderm,2
219_201,Surface ectoderm,2
219_202,Branchial arch,2
219_203,Branchial arch,2
219_204,Branchial arch,2
219_205,Branchial arch,2
219_206,Branchial arch,2
219_207,Branchial arch,2
219_208,Branchial arch,2
219_209,Branchial arch,2
219_210,Branchial arch,2
219_211,Branchial arch,2
219_212,Branchial arch,2
219_213,Branchial arch,2
219_214,Branchial arch,2
219_215,Surface ectoderm,2
219_216,Surface ectoderm,2
219_217,Surface ectoderm,2
219_218,Surface ectoderm,2
219_219,Surface ectoderm,2
219_220,Cavity,16
219_223,Cavity,3
219_224,Heart,3
219_225,Heart,9
219_226,Heart,9
219_227,Heart,9
219_228,Heart,9
219_229,Heart,9
219_230,Heart,3
219_231,Heart,3
219_232,Heart,9
219_233,Heart,9
219_234,Heart,9
219_235,Heart,9
219_236,Heart,9
219_237,Heart,9
219_238,Heart,9
219_239,Heart,9
219_240,Heart,9
219_241,Heart,9
219_242,Heart,9
219_243,Heart,9
219_244,Heart,9
219_245,Heart,9
219_246,Heart,9
219_247,Cavity,19
219_248,Cavity,19
219_249,Cavity,19
219_250,Cavity,19
219_251,Cavity,19
219_252,Heart,19
219_253,Heart,3
219_254,Heart,9
219_255,Heart,9
219_256,Heart,9
219_257,Heart,9
219_258,Heart,9
219_259,Heart,9
219_260,Heart,9
219_261,Heart,9
219_262,Heart,9
219_263,Heart,9
219_264,Heart,9
219_265,Heart,9
219_266,Liver,3
219_267,Urogenital ridge,3
219_268,Liver,3
219_269,Dermomyotome,3
219_270,Dermomyotome,3
219_271,Dermomyotome,3
219_272,Liver,3
219_273,Dermomyotome,3
219_274,Dermomyotome,3
219_275,Liver,3
219_276,Liver,3
219_277,Liver,18
219_278,Liver,18
219_279,Liver,18
219_280,Liver,18
219_281,Liver,18
219_282,Liver,18
219_283,Liver,18
219_284,Liver,18
219_285,Liver,18
219_286,Liver,18
219_287,Liver,18
219_288,Liver,5
219_289,Urogenital ridge,5
219_290,Urogenital ridge,5
219_291,Urogenital ridge,5
219_292,Urogenital ridge,5
219_293,GI tract,5
219_294,Urogenital ridge,5
219_295,Urogenital ridge,5
219_296,Urogenital ridge,5
219_297,Urogenital ridge,5
219_298,Urogenital ridge,5
219_299,Urogenital ridge,5
219_300,Urogenital ridge,5
219_301,Urogenital ridge,5
219_302,Urogenital ridge,5
219_303,Urogenital ridge,6
219_304,Urogenital ridge,6
219_305,Sclerotome,6
219_306,Sclerotome,6
219_307,Sclerotome,6
219_308,Sclerotome,6
219_309,Sclerotome,4
219_310,Dermomyotome,17
219_311,Dermomyotome,17
219_312,Dermomyotome,17
219_313,Dermomyotome,17
219_314,Dermomyotome,17
219_315,Dermomyotome,17
219_316,Dermomyotome,17
219_317,Dermomyotome,17
219_318,Dermomyotome,17
219_319,Dermomyotome,17
219_320,Dermomyotome,4
219_321,Dermomyotome,4
219_322,Dermomyotome,4
219_323,Dermomyotome,4
219_324,Dermomyotome,4
219_325,Sclerotome,11
219_326,Sclerotome,11
219_327,Surface ectoderm,11
219_328,Surface ectoderm,11
219_329,Surface ectoderm,11
219_330,Surface ectoderm,11
219_331,Surface ectoderm,16
219_332,Cavity,16
219_97,Cavity,16
219_98,Meninges,16
219_99,Meninges,13
220_100,Meninges,13
220_101,Meninges,13
220_102,Meninges,1
220_103,Brain,1
220_104,Brain,1
220_105,Brain,1
220_106,Brain,1
220_107,Brain,1
220_108,Brain,1
220_109,Brain,1
220_110,Brain,1
220_111,Brain,1
220_112,Brain,1
220_113,Brain,1
220_114,Brain,14
220_115,Brain,14
220_116,Brain,1
220_117,Brain,1
220_118,Brain,1
220_119,Brain,1
220_120,Brain,1
220_121,Brain,14
220_122,Brain,14
220_123,Brain,14
220_124,Brain,14
220_125,Brain,14
220_126,Brain,14
220_127,Brain,14
220_128,Brain,14
220_129,Brain,14
220_130,Brain,14
220_131,Brain,14
220_132,Brain,14
220_133,Brain,14
220_134,Brain,14
220_135,Brain,14
220_136,Brain,14
220_137,Brain,14
220_138,Brain,14
220_139,Brain,14
220_140,Brain,14
220_141,Brain,14
220_142,Brain,14
220_143,Brain,12
220_144,Brain,12
220_145,Brain,12
220_146,Brain,12
220_147,Brain,12
220_148,Brain,12
220_149,Brain,12
220_150,Brain,12
220_151,Brain,12
220_152,Brain,12
220_153,Brain,12
220_154,Brain,12
220_155,Brain,12
220_156,Brain,12
220_157,Brain,12
220_158,Brain,12
220_159,Brain,12
220_160,Brain,12
220_161,Brain,12
220_162,Brain,12
220_163,Brain,12
220_164,Brain,12
220_165,Brain,12
220_166,Brain,12
220_167,Brain,12
220_168,Brain,12
220_169,Brain,12
220_170,Brain,12
220_171,Brain,12
220_172,Brain,12
220_173,Brain,12
220_174,Cavity,12
220_175,Cavity,12
220_176,Cavity,13
220_177,Cavity,13
220_178,Cavity,13
220_179,Cavity,13
220_180,Cavity,13
220_181,Cavity,13
220_182,Cavity,13
220_183,Cavity,13
220_184,Cavity,13
220_185,Brain,13
220_186,Brain,12
220_187,Brain,12
220_188,Brain,12
220_189,Brain,12
220_190,Brain,12
220_191,Jaw and tooth,8
220_192,Jaw and tooth,8
220_193,Jaw and tooth,8
220_194,Jaw and tooth,8
220_195,Jaw and tooth,8
220_196,Surface ectoderm,8
220_197,Surface ectoderm,8
220_198,Surface ectoderm,2
220_199,Surface ectoderm,2
220_200,Surface ectoderm,2
220_201,Surface ectoderm,2
220_202,Branchial arch,2
220_203,Branchial arch,2
220_204,Branchial arch,2
220_205,Branchial arch,2
220_206,Branchial arch,2
220_207,Branchial arch,2
220_208,Branchial arch,2
220_209,Branchial arch,2
220_210,Branchial arch,2
220_211,Branchial arch,2
220_212,Branchial arch,2
220_213,Branchial arch,2
220_214,Surface ectoderm,2
220_215,Surface ectoderm,2
220_216,Surface ectoderm,2
220_217,Surface ectoderm,2
220_218,Surface ectoderm,16
220_219,Cavity,16
220_223,Cavity,3
220_224,Heart,3
220_225,Heart,9
220_226,Heart,9
220_227,Heart,9
220_228,Heart,9
220_229,Heart,9
220_230,Heart,3
220_231,Heart,3
220_232,Heart,9
220_233,Heart,9
220_234,Heart,9
220_235,Heart,9
220_236,Heart,9
220_237,Heart,9
220_238,Heart,9
220_239,Heart,9
220_240,Heart,9
220_241,Heart,9
220_242,Heart,9
220_243,Heart,9
220_244,Heart,9
220_245,Heart,9
220_246,Heart,19
220_247,Cavity,19
220_248,Cavity,19
220_249,Cavity,19
220_250,Cavity,19
220_251,Cavity,19
220_252,Cavity,19
220_253,Cavity,19
220_254,Heart,9
220_255,Heart,9
220_256,Heart,9
220_257,Heart,9
220_258,Heart,9
220_259,Heart,9
220_260,Heart,9
220_261,Heart,9
220_262,Heart,9
220_263,Heart,9
220_264,Heart,9
220_265,Heart,9
220_266,Liver,3
220_267,Liver,5
220_268,Liver,18
220_269,Liver,18
220_270,Liver,18
220_271,Liver,18
220_272,Liver,18
220_273,Liver,18
220_274,Liver,18
220_275,Liver,18
220_276,Liver,18
220_277,Liver,18
220_278,Liver,18
220_279,Liver,18
220_280,Liver,18
220_281,Liver,18
220_282,Liver,18
220_283,Liver,18
220_284,Liver,18
220_285,Liver,18
220_286,Liver,18
220_287,Liver,18
220_288,Liver,18
220_289,Urogenital ridge,5
220_290,Urogenital ridge,5
220_291,GI tract,5
220_292,GI tract,5
220_293,GI tract,5
220_294,GI tract,5
220_295,GI tract,5
220_296,Urogenital ridge,5
220_297,Urogenital ridge,5
220_298,Urogenital ridge,5
220_299,Urogenital ridge,5
220_300,Urogenital ridge,5
220_301,Urogenital ridge,5
220_302,Urogenital ridge,5
220_303,Urogenital ridge,6
220_304,Urogenital ridge,6
220_305,Sclerotome,6
220_306,Urogenital ridge,6
220_307,Sclerotome,6
220_308,Dermomyotome,4
220_309,Dermomyotome,17
220_310,Dermomyotome,17
220_311,Dermomyotome,17
220_312,Dermomyotome,17
220_313,Dermomyotome,17
220_314,Dermomyotome,17
220_315,Dermomyotome,17
220_316,Dermomyotome,17
220_317,Dermomyotome,17
220_318,Dermomyotome,4
220_319,Dermomyotome,4
220_320,Dermomyotome,4
220_321,Dermomyotome,4
220_322,Dermomyotome,4
220_323,Dermomyotome,4
220_324,Sclerotome,11
220_325,Sclerotome,11
220_326,Sclerotome,11
220_327,Surface ectoderm,11
220_328,Surface ectoderm,11
220_329,Surface ectoderm,11
220_330,Surface ectoderm,11
220_331,Surface ectoderm,16
220_332,Cavity,16
220_97,Cavity,16
220_98,Meninges,16
220_99,Meninges,13
221_100,Meninges,13
221_101,Meninges,13
221_102,Meninges,1
221_103,Brain,1
221_104,Brain,1
221_105,Brain,1
221_106,Brain,1
221_107,Brain,1
221_108,Brain,1
221_109,Brain,1
221_110,Brain,1
221_111,Brain,1
221_112,Brain,14
221_113,Brain,14
221_114,Brain,14
221_115,Brain,14
221_116,Brain,14
221_117,Brain,14
221_118,Brain,14
221_119,Brain,14
221_120,Brain,14
221_121,Brain,14
221_122,Brain,14
221_123,Brain,14
221_124,Brain,14
221_125,Brain,14
221_126,Brain,14
221_127,Brain,14
221_128,Brain,14
221_129,Brain,14
221_130,Brain,14
221_131,Brain,14
221_132,Brain,14
221_133,Brain,14
221_134,Brain,14
221_135,Brain,14
221_136,Brain,14
221_137,Brain,14
221_138,Brain,14
221_139,Brain,14
221_140,Brain,14
221_141,Brain,14
221_142,Brain,14
221_143,Brain,12
221_144,Brain,12
221_145,Brain,12
221_146,Brain,12
221_147,Brain,12
221_148,Brain,12
221_149,Brain,12
221_150,Brain,12
221_151,Brain,12
221_152,Brain,12
221_153,Brain,12
221_154,Brain,12
221_155,Brain,12
221_156,Brain,12
221_157,Brain,12
221_158,Brain,12
221_159,Brain,12
221_160,Brain,12
221_161,Brain,12
221_162,Brain,12
221_163,Brain,12
221_164,Brain,12
221_165,Brain,12
221_166,Brain,12
221_167,Brain,12
221_168,Brain,12
221_169,Brain,12
221_170,Brain,12
221_171,Brain,12
221_172,Brain,12
221_173,Brain,12
221_174,Brain,12
221_175,Cavity,12
221_176,Cavity,13
221_177,Cavity,13
221_178,Cavity,12
221_179,Cavity,12
221_180,Cavity,13
221_181,Cavity,13
221_182,Cavity,13
221_183,Cavity,13
221_184,Cavity,13
221_185,Cavity,13
221_186,Brain,13
221_187,Brain,13
221_188,Brain,12
221_189,Brain,12
221_190,Brain,12
221_191,Brain,8
221_192,Jaw and tooth,8
221_193,Jaw and tooth,8
221_194,Jaw and tooth,8
221_195,Jaw and tooth,8
221_196,Cavity,16
221_197,Cavity,16
221_198,Surface ectoderm,2
221_199,Surface ectoderm,2
221_200,Surface ectoderm,2
221_201,Surface ectoderm,2
221_202,Surface ectoderm,2
221_203,Branchial arch,2
221_204,Branchial arch,2
221_205,Branchial arch,2
221_206,Branchial arch,2
221_207,Branchial arch,2
221_208,Branchial arch,2
221_209,Branchial arch,2
221_210,Branchial arch,2
221_211,Branchial arch,2
221_212,Connective tissue,2
221_213,Surface ectoderm,2
221_214,Surface ectoderm,2
221_215,Surface ectoderm,2
221_216,Surface ectoderm,2
221_217,Surface ectoderm,2
221_218,Surface ectoderm,16
221_224,Heart,3
221_225,Heart,9
221_226,Heart,9
221_227,Heart,9
221_228,Heart,9
221_229,Heart,9
221_230,Heart,9
221_231,Heart,9
221_232,Heart,9
221_233,Heart,9
221_234,Heart,9
221_235,Heart,9
221_236,Heart,9
221_237,Heart,9
221_238,Heart,9
221_239,Heart,9
221_240,Heart,9
221_241,Heart,9
221_242,Heart,9
221_243,Heart,9
221_244,Heart,9
221_245,Heart,9
221_246,Cavity,19
221_247,Cavity,19
221_248,Cavity,19
221_249,Cavity,19
221_250,Cavity,19
221_251,Cavity,19
221_252,Cavity,19
221_253,Blood vessel,19
221_254,Heart,9
221_255,Heart,9
221_256,Heart,9
221_257,Heart,9
221_258,Heart,9
221_259,Heart,9
221_260,Heart,9
221_261,Heart,9
221_262,Heart,9
221_263,Heart,9
221_264,Heart,9
221_265,Heart,3
221_266,Liver,18
221_267,Liver,18
221_268,Liver,18
221_269,Liver,18
221_270,Liver,18
221_271,Liver,18
221_272,Liver,18
221_273,Liver,18
221_274,Liver,18
221_275,Liver,18
221_276,Liver,18
221_277,Liver,18
221_278,Liver,18
221_279,Liver,18
221_280,Liver,18
221_281,Liver,18
221_282,Liver,18
221_283,Liver,18
221_284,Liver,18
221_285,Liver,18
221_286,Liver,18
221_287,Liver,18
221_288,Liver,5
221_289,GI tract,5
221_290,Urogenital ridge,5
221_291,GI tract,5
221_292,GI tract,5
221_293,GI tract,5
221_294,GI tract,5
221_295,GI tract,5
221_296,GI tract,5
221_297,Urogenital ridge,5
221_298,Urogenital ridge,5
221_299,Urogenital ridge,5
221_300,Urogenital ridge,5
221_301,Urogenital ridge,5
221_302,Urogenital ridge,5
221_303,Urogenital ridge,5
221_304,Urogenital ridge,6
221_305,Urogenital ridge,6
221_306,Urogenital ridge,4
221_307,Dermomyotome,4
221_308,Dermomyotome,17
221_309,Dermomyotome,17
221_310,Dermomyotome,17
221_311,Dermomyotome,17
221_312,Dermomyotome,17
221_313,Dermomyotome,17
221_314,Dermomyotome,17
221_315,Dermomyotome,17
221_316,Dermomyotome,17
221_317,Sclerotome,4
221_318,Sclerotome,6
221_319,Sclerotome,6
221_320,Sclerotome,6
221_321,Sclerotome,6
221_322,Dermomyotome,6
221_323,Dermomyotome,6
221_324,Dermomyotome,11
221_325,Sclerotome,11
221_326,Sclerotome,11
221_327,Sclerotome,11
221_328,Surface ectoderm,11
221_329,Surface ectoderm,11
221_330,Surface ectoderm,11
221_331,Surface ectoderm,11
221_332,Surface ectoderm,16
221_98,Meninges,16
221_99,Meninges,13
222_100,Meninges,13
222_101,Meninges,13
222_102,Meninges,1
222_103,Brain,1
222_104,Brain,1
222_105,Brain,1
222_106,Brain,1
222_107,Brain,1
222_108,Brain,1
222_109,Brain,1
222_110,Brain,1
222_111,Brain,14
222_112,Brain,14
222_113,Brain,14
222_114,Brain,14
222_115,Brain,14
222_116,Brain,14
222_117,Brain,14
222_118,Brain,14
222_119,Brain,14
222_120,Brain,14
222_121,Brain,14
222_122,Brain,14
222_123,Brain,14
222_124,Brain,14
222_125,Brain,14
222_126,Brain,14
222_127,Brain,14
222_128,Brain,14
222_129,Brain,14
222_130,Brain,14
222_131,Brain,14
222_132,Brain,14
222_133,Brain,14
222_134,Brain,14
222_135,Brain,14
222_136,Brain,14
222_137,Brain,14
222_138,Brain,14
222_139,Brain,14
222_140,Brain,14
222_141,Brain,14
222_142,Brain,14
222_143,Brain,12
222_144,Brain,14
222_145,Brain,12
222_146,Brain,12
222_147,Brain,12
222_148,Brain,12
222_149,Brain,12
222_150,Brain,12
222_151,Brain,12
222_152,Brain,12
222_153,Brain,12
222_154,Brain,12
222_155,Brain,12
222_156,Brain,12
222_157,Brain,12
222_158,Brain,12
222_159,Brain,12
222_160,Brain,12
222_161,Brain,12
222_162,Brain,12
222_163,Brain,12
222_164,Brain,12
222_165,Brain,12
222_166,Brain,12
222_167,Brain,12
222_168,Brain,12
222_169,Brain,12
222_170,Brain,12
222_171,Brain,12
222_172,Brain,12
222_173,Brain,12
222_174,Brain,12
222_175,Brain,12
222_176,Cavity,12
222_177,Cavity,12
222_178,Brain,12
222_179,Brain,12
222_180,Cavity,12
222_181,Cavity,13
222_182,Cavity,13
222_183,Cavity,13
222_184,Cavity,13
222_185,Cavity,13
222_186,Brain,13
222_187,Brain,13
222_188,Brain,12
222_189,Brain,12
222_190,Brain,12
222_191,Brain,8
222_192,Jaw and tooth,8
222_193,Jaw and tooth,8
222_194,Jaw and tooth,8
222_195,Jaw and tooth,8
222_196,Cavity,16
222_198,Surface ectoderm,2
222_199,Surface ectoderm,2
222_200,Surface ectoderm,2
222_201,Surface ectoderm,2
222_202,Surface ectoderm,2
222_203,Surface ectoderm,2
222_204,Surface ectoderm,2
222_205,Connective tissue,2
222_206,Branchial arch,2
222_207,Branchial arch,2
222_208,Branchial arch,2
222_209,Branchial arch,2
222_210,Branchial arch,2
222_211,Surface ectoderm,2
222_212,Surface ectoderm,2
222_213,Surface ectoderm,2
222_214,Surface ectoderm,2
222_215,Surface ectoderm,2
222_216,Surface ectoderm,16
222_217,Surface ectoderm,16
222_218,Cavity,16
222_224,Heart,3
222_225,Heart,9
222_226,Heart,9
222_227,Heart,9
222_228,Heart,9
222_229,Heart,9
222_230,Heart,9
222_231,Heart,9
222_232,Heart,9
222_233,Heart,9
222_234,Heart,9
222_235,Heart,9
222_236,Heart,9
222_237,Heart,9
222_238,Heart,9
222_239,Heart,9
222_240,Heart,9
222_241,Heart,9
222_242,Heart,9
222_243,Heart,9
222_244,Heart,9
222_245,Heart,9
222_246,Cavity,19
222_247,Cavity,19
222_248,Cavity,19
222_249,Cavity,19
222_250,Cavity,19
222_251,Cavity,19
222_252,Cavity,19
222_253,Blood vessel,19
222_254,Heart,9
222_255,Heart,9
222_256,Heart,9
222_257,Heart,9
222_258,Heart,9
222_259,Heart,9
222_260,Heart,9
222_261,Heart,9
222_262,Heart,9
222_263,Heart,9
222_264,Heart,9
222_265,Liver,18
222_266,Liver,18
222_267,Liver,18
222_268,Liver,18
222_269,Liver,18
222_270,Liver,18
222_271,Liver,18
222_272,Liver,18
222_273,Liver,18
222_274,Liver,18
222_275,Liver,18
222_276,Liver,18
222_277,Liver,18
222_278,Liver,18
222_279,Liver,18
222_280,Liver,18
222_281,Liver,18
222_282,Liver,18
222_283,Liver,18
222_284,Liver,18
222_285,Liver,18
222_286,Liver,18
222_287,Liver,18
222_288,GI tract,5
222_289,GI tract,5
222_290,GI tract,5
222_291,GI tract,5
222_292,GI tract,5
222_293,GI tract,5
222_294,GI tract,5
222_295,GI tract,5
222_296,GI tract,5
222_297,Urogenital ridge,5
222_298,Urogenital ridge,5
222_299,Urogenital ridge,5
222_300,Urogenital ridge,5
222_301,Urogenital ridge,5
222_302,Urogenital ridge,5
222_303,Urogenital ridge,5
222_304,Urogenital ridge,6
222_305,Urogenital ridge,6
222_306,Dermomyotome,4
222_307,Dermomyotome,17
222_308,Dermomyotome,17
222_309,Dermomyotome,17
222_310,Dermomyotome,17
222_311,Dermomyotome,17
222_312,Dermomyotome,17
222_313,Dermomyotome,17
222_314,Dermomyotome,4
222_315,Dermomyotome,4
222_316,Sclerotome,4
222_317,Sclerotome,6
222_318,Sclerotome,6
222_319,Sclerotome,6
222_320,Sclerotome,6
222_321,Sclerotome,6
222_322,Sclerotome,6
222_323,Dermomyotome,6
222_324,Dermomyotome,11
222_325,Sclerotome,11
222_326,Sclerotome,11
222_327,Sclerotome,11
222_328,Sclerotome,11
222_329,Surface ectoderm,11
222_330,Surface ectoderm,11
222_331,Surface ectoderm,11
222_332,Surface ectoderm,11
222_333,Cavity,16
222_98,Cavity,16
222_99,Meninges,16
223_100,Meninges,16
223_101,Meninges,13
223_102,Meninges,1
223_103,Brain,1
223_104,Brain,1
223_105,Brain,1
223_106,Brain,1
223_107,Brain,1
223_108,Brain,1
223_109,Brain,1
223_110,Brain,14
223_111,Brain,14
223_112,Brain,14
223_113,Brain,14
223_114,Brain,14
223_115,Brain,14
223_116,Brain,14
223_117,Brain,14
223_118,Brain,14
223_119,Brain,14
223_120,Brain,14
223_121,Brain,14
223_122,Brain,14
223_123,Brain,14
223_124,Brain,14
223_125,Brain,14
223_126,Brain,14
223_127,Brain,14
223_128,Brain,14
223_129,Brain,14
223_130,Brain,14
223_131,Brain,14
223_132,Brain,14
223_133,Brain,14
223_134,Brain,14
223_135,Brain,14
223_136,Brain,14
223_137,Brain,14
223_138,Brain,14
223_139,Brain,14
223_140,Brain,14
223_141,Brain,14
223_142,Brain,14
223_143,Brain,14
223_144,Brain,14
223_145,Brain,14
223_146,Brain,12
223_147,Brain,12
223_148,Brain,12
223_149,Brain,12
223_150,Brain,12
223_151,Brain,12
223_152,Brain,12
223_153,Brain,12
223_154,Brain,12
223_155,Brain,12
223_156,Brain,12
223_157,Brain,12
223_158,Brain,12
223_159,Brain,12
223_160,Brain,12
223_161,Brain,12
223_162,Brain,12
223_163,Brain,12
223_164,Brain,12
223_165,Brain,12
223_166,Brain,12
223_167,Brain,12
223_168,Brain,12
223_169,Brain,12
223_170,Brain,12
223_171,Brain,12
223_172,Brain,12
223_173,Brain,12
223_174,Brain,12
223_175,Brain,12
223_176,Brain,12
223_177,Brain,12
223_178,Brain,12
223_179,Brain,12
223_180,Brain,12
223_181,Cavity,12
223_182,Cavity,13
223_183,Cavity,13
223_184,Cavity,13
223_185,Cavity,13
223_186,Brain,13
223_187,Brain,13
223_188,Brain,13
223_189,Brain,12
223_190,Brain,13
223_191,Jaw and tooth,8
223_192,Jaw and tooth,8
223_193,Jaw and tooth,8
223_194,Jaw and tooth,8
223_195,Jaw and tooth,8
223_196,Surface ectoderm,8
223_198,Cavity,16
223_199,Surface ectoderm,2
223_200,Surface ectoderm,2
223_201,Surface ectoderm,2
223_202,Surface ectoderm,2
223_203,Surface ectoderm,2
223_204,Surface ectoderm,2
223_205,Surface ectoderm,2
223_206,Surface ectoderm,2
223_207,Connective tissue,2
223_208,Connective tissue,2
223_209,Surface ectoderm,2
223_210,Surface ectoderm,2
223_211,Surface ectoderm,2
223_212,Surface ectoderm,2
223_213,Surface ectoderm,2
223_214,Surface ectoderm,2
223_215,Surface ectoderm,3
223_216,Surface ectoderm,16
223_224,Heart,3
223_225,Heart,9
223_226,Heart,9
223_227,Heart,9
223_228,Heart,9
223_229,Heart,9
223_230,Heart,9
223_231,Heart,9
223_232,Heart,9
223_233,Heart,9
223_234,Heart,9
223_235,Heart,9
223_236,Heart,9
223_237,Heart,9
223_238,Heart,9
223_239,Heart,9
223_240,Heart,9
223_241,Heart,9
223_242,Heart,9
223_243,Heart,9
223_244,Heart,9
223_245,Heart,9
223_246,Cavity,19
223_247,Cavity,19
223_248,Cavity,19
223_249,Cavity,19
223_250,Cavity,19
223_251,Cavity,19
223_252,Heart,9
223_253,Heart,9
223_254,Heart,9
223_255,Heart,9
223_256,Heart,9
223_257,Heart,9
223_258,Heart,9
223_259,Heart,9
223_260,Heart,9
223_261,Heart,9
223_262,Heart,9
223_263,Heart,9
223_264,Liver,3
223_265,Liver,18
223_266,Liver,18
223_267,Liver,18
223_268,Liver,18
223_269,Liver,18
223_270,Liver,18
223_271,Liver,18
223_272,Liver,18
223_273,Liver,18
223_274,Liver,18
223_275,Liver,18
223_276,Liver,18
223_277,Liver,18
223_278,Liver,18
223_279,Liver,18
223_280,Liver,18
223_281,Liver,18
223_282,Liver,18
223_283,Liver,18
223_284,Liver,18
223_285,Liver,18
223_286,Liver,18
223_287,GI tract,5
223_288,GI tract,5
223_289,GI tract,5
223_290,GI tract,5
223_291,GI tract,5
223_292,GI tract,5
223_293,GI tract,5
223_294,GI tract,5
223_295,GI tract,5
223_296,GI tract,5
223_297,GI tract,5
223_298,Urogenital ridge,5
223_299,Urogenital ridge,5
223_300,Urogenital ridge,5
223_301,Urogenital ridge,5
223_302,Urogenital ridge,5
223_303,Urogenital ridge,5
223_304,Urogenital ridge,5
223_305,Urogenital ridge,6
223_306,Urogenital ridge,4
223_307,Dermomyotome,17
223_308,Dermomyotome,17
223_309,Dermomyotome,4
223_310,Sclerotome,4
223_311,Sclerotome,6
223_312,Sclerotome,6
223_313,Sclerotome,6
223_314,Sclerotome,6
223_315,Sclerotome,6
223_316,Sclerotome,6
223_317,Sclerotome,6
223_318,Sclerotome,6
223_319,Sclerotome,6
223_320,Sclerotome,6
223_321,Dermomyotome,6
223_322,Dermomyotome,6
223_323,Dermomyotome,6
223_324,Dermomyotome,11
223_325,Sclerotome,11
223_326,Sclerotome,11
223_327,Sclerotome,11
223_328,Sclerotome,11
223_329,Surface ectoderm,11
223_330,Surface ectoderm,11
223_331,Surface ectoderm,11
223_332,Surface ectoderm,11
223_333,Cavity,16
223_98,Cavity,16
223_99,Meninges,16
224_100,Meninges,16
224_101,Meninges,13
224_102,Meninges,1
224_103,Meninges,1
224_104,Brain,1
224_105,Brain,1
224_106,Brain,1
224_107,Brain,1
224_108,Brain,1
224_109,Brain,1
224_110,Brain,14
224_111,Brain,14
224_112,Brain,14
224_113,Brain,14
224_114,Brain,14
224_115,Brain,14
224_116,Brain,14
224_117,Brain,14
224_118,Brain,14
224_119,Brain,14
224_120,Brain,14
224_121,Brain,14
224_122,Brain,14
224_123,Brain,14
224_124,Brain,14
224_125,Brain,14
224_126,Brain,14
224_127,Brain,14
224_128,Brain,14
224_129,Brain,14
224_130,Brain,14
224_131,Brain,14
224_132,Brain,14
224_133,Brain,14
224_134,Brain,14
224_135,Brain,14
224_136,Brain,14
224_137,Brain,14
224_138,Brain,14
224_139,Brain,14
224_140,Brain,14
224_141,Brain,14
224_142,Brain,14
224_143,Brain,14
224_144,Brain,14
224_145,Brain,14
224_146,Brain,12
224_147,Brain,12
224_148,Brain,12
224_149,Brain,12
224_150,Brain,12
224_151,Brain,12
224_152,Brain,12
224_153,Brain,12
224_154,Brain,12
224_155,Brain,12
224_156,Brain,12
224_157,Brain,12
224_158,Brain,12
224_159,Brain,12
224_160,Brain,12
224_161,Brain,12
224_162,Brain,12
224_163,Brain,12
224_164,Brain,12
224_165,Brain,12
224_166,Brain,12
224_167,Brain,12
224_168,Brain,12
224_169,Brain,12
224_170,Brain,12
224_171,Brain,12
224_172,Brain,12
224_173,Brain,12
224_174,Brain,12
224_175,Brain,12
224_176,Brain,12
224_177,Brain,12
224_178,Brain,12
224_179,Brain,12
224_180,Brain,12
224_181,Cavity,12
224_182,Cavity,13
224_183,Cavity,13
224_184,Cavity,13
224_185,Cavity,13
224_186,Brain,12
224_187,Brain,13
224_188,Brain,12
224_189,Brain,12
224_190,Brain,13
224_191,Jaw and tooth,8
224_192,Jaw and tooth,8
224_193,Jaw and tooth,8
224_194,Jaw and tooth,8
224_195,Jaw and tooth,8
224_196,Surface ectoderm,8
224_199,Surface ectoderm,16
224_200,Surface ectoderm,13
224_201,Surface ectoderm,2
224_202,Surface ectoderm,2
224_203,Surface ectoderm,2
224_204,Surface ectoderm,2
224_205,Surface ectoderm,2
224_206,Surface ectoderm,2
224_207,Surface ectoderm,2
224_208,Surface ectoderm,2
224_209,Surface ectoderm,2
224_210,Surface ectoderm,2
224_211,Surface ectoderm,2
224_212,Surface ectoderm,2
224_213,Surface ectoderm,2
224_214,Surface ectoderm,16
224_215,Surface ectoderm,16
224_216,Cavity,16
224_224,Heart,3
224_225,Heart,3
224_226,Heart,9
224_227,Heart,9
224_228,Heart,9
224_229,Heart,9
224_230,Heart,9
224_231,Heart,9
224_232,Heart,9
224_233,Heart,9
224_234,Heart,9
224_235,Heart,9
224_236,Heart,9
224_237,Heart,9
224_238,Heart,9
224_239,Heart,9
224_240,Heart,9
224_241,Heart,9
224_242,Heart,9
224_243,Heart,9
224_244,Heart,9
224_245,Heart,9
224_246,Cavity,19
224_247,Cavity,19
224_248,Cavity,19
224_249,Cavity,19
224_250,Cavity,19
224_251,Heart,9
224_252,Heart,9
224_253,Heart,9
224_254,Heart,9
224_255,Heart,9
224_256,Heart,9
224_257,Heart,9
224_258,Heart,9
224_259,Heart,9
224_260,Heart,9
224_261,Heart,9
224_262,Heart,9
224_263,Heart,9
224_264,Liver,18
224_265,Liver,18
224_266,Liver,18
224_267,Liver,18
224_268,Liver,18
224_269,Liver,18
224_270,Liver,18
224_271,Liver,18
224_272,Liver,18
224_273,Liver,18
224_274,Liver,18
224_275,Liver,18
224_276,Liver,18
224_277,Liver,18
224_278,Liver,18
224_279,Liver,18
224_280,Liver,18
224_281,Liver,18
224_282,Liver,18
224_283,Liver,18
224_284,Liver,18
224_285,Liver,18
224_286,Liver,18
224_287,GI tract,5
224_288,GI tract,5
224_289,GI tract,5
224_290,GI tract,5
224_291,GI tract,5
224_292,GI tract,5
224_293,GI tract,5
224_294,GI tract,5
224_295,GI tract,5
224_296,GI tract,5
224_297,GI tract,5
224_298,GI tract,5
224_299,Urogenital ridge,5
224_300,Urogenital ridge,5
224_301,Urogenital ridge,5
224_302,Urogenital ridge,5
224_303,Urogenital ridge,5
224_304,Urogenital ridge,5
224_305,Urogenital ridge,5
224_306,Urogenital ridge,4
224_307,Dermomyotome,4
224_308,Dermomyotome,4
224_309,Sclerotome,6
224_310,Sclerotome,6
224_311,Sclerotome,6
224_312,Sclerotome,6
224_313,Sclerotome,6
224_314,Sclerotome,6
224_315,Sclerotome,6
224_316,Sclerotome,6
224_317,Sclerotome,6
224_318,Dermomyotome,4
224_319,Dermomyotome,4
224_320,Sclerotome,4
224_321,Dermomyotome,4
224_322,Dermomyotome,4
224_323,Dermomyotome,6
224_324,Dermomyotome,11
224_325,Dermomyotome,11
224_326,Dermomyotome,4
224_327,Dermomyotome,11
224_328,Dermomyotome,11
224_329,Dermomyotome,11
224_330,Surface ectoderm,11
224_331,Surface ectoderm,11
224_332,Surface ectoderm,11
224_333,Surface ectoderm,16
224_334,Cavity,16
224_99,Meninges,16
225_100,Meninges,13
225_101,Meninges,13
225_102,Meninges,13
225_103,Meninges,1
225_104,Brain,1
225_105,Brain,1
225_106,Brain,1
225_107,Brain,1
225_108,Brain,1
225_109,Brain,1
225_110,Brain,14
225_111,Brain,14
225_112,Brain,14
225_113,Brain,14
225_114,Brain,14
225_115,Brain,14
225_116,Brain,14
225_117,Brain,14
225_118,Brain,14
225_119,Brain,14
225_120,Brain,14
225_121,Brain,14
225_122,Brain,14
225_123,Brain,14
225_124,Brain,14
225_125,Brain,14
225_126,Brain,14
225_127,Brain,14
225_128,Brain,14
225_129,Brain,14
225_130,Brain,14
225_131,Brain,14
225_132,Brain,14
225_133,Brain,14
225_134,Brain,14
225_135,Brain,14
225_136,Brain,14
225_137,Brain,14
225_138,Brain,14
225_139,Brain,14
225_140,Brain,14
225_141,Brain,14
225_142,Brain,14
225_143,Brain,14
225_144,Brain,14
225_145,Brain,12
225_146,Brain,12
225_147,Brain,12
225_148,Brain,12
225_149,Brain,12
225_150,Brain,12
225_151,Brain,12
225_152,Brain,12
225_153,Brain,12
225_154,Brain,12
225_155,Brain,12
225_156,Brain,12
225_157,Brain,12
225_158,Brain,12
225_159,Brain,12
225_160,Brain,12
225_161,Brain,12
225_162,Brain,12
225_163,Brain,12
225_164,Brain,12
225_165,Brain,12
225_166,Brain,12
225_167,Brain,12
225_168,Brain,12
225_169,Brain,12
225_170,Brain,12
225_171,Brain,12
225_172,Brain,12
225_173,Brain,12
225_174,Brain,12
225_175,Brain,12
225_176,Brain,12
225_177,Brain,12
225_178,Brain,12
225_179,Brain,12
225_180,Brain,12
225_181,Brain,12
225_182,Cavity,12
225_183,Cavity,12
225_184,Cavity,12
225_185,Cavity,12
225_186,Brain,12
225_187,Brain,12
225_188,Brain,12
225_189,Brain,13
225_190,Brain,8
225_191,Jaw and tooth,8
225_192,Jaw and tooth,8
225_193,Jaw and tooth,8
225_194,Jaw and tooth,8
225_195,Jaw and tooth,8
225_196,Surface ectoderm,8
225_200,Cavity,16
225_201,Surface ectoderm,16
225_202,Surface ectoderm,16
225_203,Surface ectoderm,2
225_204,Surface ectoderm,2
225_205,Surface ectoderm,2
225_206,Surface ectoderm,2
225_207,Surface ectoderm,2
225_208,Surface ectoderm,2
225_209,Surface ectoderm,2
225_210,Surface ectoderm,2
225_211,Surface ectoderm,2
225_212,Surface ectoderm,2
225_213,Surface ectoderm,2
225_214,Cavity,16
225_224,Heart,3
225_225,Heart,3
225_226,Heart,9
225_227,Heart,9
225_228,Heart,9
225_229,Heart,9
225_230,Heart,9
225_231,Heart,9
225_232,Heart,9
225_233,Heart,9
225_234,Heart,9
225_235,Heart,9
225_236,Heart,9
225_237,Heart,9
225_238,Heart,9
225_239,Heart,9
225_240,Heart,9
225_241,Heart,9
225_242,Heart,9
225_243,Heart,9
225_244,Heart,9
225_245,Heart,9
225_246,Heart,9
225_247,Heart,9
225_248,Heart,9
225_249,Heart,9
225_250,Heart,9
225_251,Heart,9
225_252,Heart,9
225_253,Heart,9
225_254,Heart,9
225_255,Heart,9
225_256,Heart,9
225_257,Heart,9
225_258,Heart,9
225_259,Heart,9
225_260,Heart,9
225_261,Heart,9
225_262,Heart,9
225_263,Liver,18
225_264,Liver,18
225_265,Liver,18
225_266,Liver,18
225_267,Liver,18
225_268,Liver,18
225_269,Liver,18
225_270,Liver,18
225_271,Liver,18
225_272,Liver,18
225_273,Liver,18
225_274,Liver,18
225_275,Liver,18
225_276,Liver,18
225_277,Liver,18
225_278,Liver,18
225_279,Liver,18
225_280,Liver,18
225_281,Liver,18
225_282,Liver,18
225_283,Liver,18
225_284,Liver,18
225_285,Liver,18
225_286,Liver,5
225_287,GI tract,5
225_288,GI tract,5
225_289,GI tract,5
225_290,Urogenital ridge,5
225_291,GI tract,5
225_292,GI tract,5
225_293,GI tract,5
225_294,GI tract,5
225_295,GI tract,5
225_296,GI tract,5
225_297,GI tract,5
225_298,GI tract,5
225_299,Urogenital ridge,5
225_300,Urogenital ridge,5
225_301,Urogenital ridge,5
225_302,Urogenital ridge,5
225_303,Urogenital ridge,5
225_304,Urogenital ridge,5
225_305,Urogenital ridge,5
225_306,Urogenital ridge,6
225_307,Urogenital ridge,6
225_308,Urogenital ridge,6
225_309,Sclerotome,6
225_310,Sclerotome,6
225_311,Sclerotome,6
225_312,Sclerotome,6
225_313,Sclerotome,6
225_314,Sclerotome,6
225_315,Dermomyotome,4
225_316,Dermomyotome,4
225_317,Dermomyotome,17
225_318,Dermomyotome,17
225_319,Dermomyotome,4
225_320,Dermomyotome,4
225_321,Dermomyotome,4
225_322,Dermomyotome,4
225_323,Dermomyotome,4
225_324,Dermomyotome,4
225_325,Dermomyotome,4
225_326,Dermomyotome,4
225_327,Dermomyotome,4
225_328,Dermomyotome,4
225_329,Dermomyotome,11
225_330,Surface ectoderm,11
225_331,Surface ectoderm,11
225_332,Surface ectoderm,11
225_333,Surface ectoderm,11
225_334,Cavity,16
225_99,Cavity,16
226_100,Meninges,16
226_101,Meninges,13
226_102,Meninges,13
226_103,Meninges,1
226_104,Brain,1
226_105,Brain,1
226_106,Brain,1
226_107,Brain,1
226_108,Brain,1
226_109,Brain,14
226_110,Brain,14
226_111,Brain,14
226_112,Brain,14
226_113,Brain,14
226_114,Brain,14
226_115,Brain,14
226_116,Brain,14
226_117,Brain,14
226_118,Brain,14
226_119,Brain,14
226_120,Brain,14
226_121,Brain,14
226_122,Brain,14
226_123,Brain,14
226_124,Brain,14
226_125,Brain,14
226_126,Brain,14
226_127,Brain,14
226_128,Brain,14
226_129,Brain,14
226_130,Brain,14
226_131,Brain,14
226_132,Brain,14
226_133,Brain,14
226_134,Brain,14
226_135,Brain,14
226_136,Brain,14
226_137,Brain,14
226_138,Brain,14
226_139,Brain,14
226_140,Brain,14
226_141,Brain,14
226_142,Brain,14
226_143,Brain,14
226_144,Brain,14
226_145,Brain,12
226_146,Brain,12
226_147,Brain,14
226_148,Brain,14
226_149,Brain,14
226_150,Brain,12
226_151,Brain,12
226_152,Brain,12
226_153,Brain,12
226_154,Brain,12
226_155,Brain,12
226_156,Brain,12
226_157,Brain,12
226_158,Brain,12
226_159,Brain,12
226_160,Brain,12
226_161,Brain,12
226_162,Brain,12
226_163,Brain,12
226_164,Brain,12
226_165,Brain,12
226_166,Brain,12
226_167,Brain,12
226_168,Brain,12
226_169,Brain,12
226_170,Brain,12
226_171,Brain,12
226_172,Brain,12
226_173,Brain,12
226_174,Brain,12
226_175,Brain,12
226_176,Brain,12
226_177,Brain,12
226_178,Brain,12
226_179,Brain,12
226_180,Brain,12
226_181,Brain,12
226_182,Brain,12
226_183,Cavity,12
226_184,Cavity,12
226_185,Cavity,12
226_186,Brain,12
226_187,Brain,12
226_188,Brain,12
226_189,Brain,12
226_190,Jaw and tooth,8
226_191,Jaw and tooth,8
226_192,Jaw and tooth,8
226_193,Jaw and tooth,8
226_194,Jaw and tooth,8
226_195,Jaw and tooth,8
226_196,Jaw and tooth,8
226_197,Cavity,16
226_202,Cavity,16
226_203,Cavity,16
226_204,Surface ectoderm,16
226_205,Surface ectoderm,2
226_206,Surface ectoderm,2
226_207,Surface ectoderm,2
226_208,Surface ectoderm,2
226_209,Surface ectoderm,2
226_210,Surface ectoderm,2
226_211,Surface ectoderm,2
226_212,Surface ectoderm,2
226_213,Cavity,16
226_224,Cavity,16
226_225,Heart,3
226_226,Heart,3
226_227,Heart,9
226_228,Heart,9
226_229,Heart,9
226_230,Heart,9
226_231,Heart,9
226_232,Heart,9
226_233,Heart,9
226_234,Heart,9
226_235,Heart,9
226_236,Heart,9
226_237,Heart,9
226_238,Heart,9
226_239,Heart,9
226_240,Heart,9
226_241,Heart,9
226_242,Heart,9
226_243,Heart,9
226_244,Heart,9
226_245,Heart,9
226_246,Heart,9
226_247,Heart,9
226_248,Heart,9
226_249,Heart,9
226_250,Heart,9
226_251,Heart,9
226_252,Heart,9
226_253,Heart,9
226_254,Heart,9
226_255,Heart,9
226_256,Heart,9
226_257,Heart,9
226_258,Heart,9
226_259,Heart,9
226_260,Heart,9
226_261,Heart,9
226_262,Liver,18
226_263,Liver,18
226_264,Liver,18
226_265,Liver,18
226_266,Liver,18
226_267,Liver,18
226_268,Liver,18
226_269,Liver,18
226_270,Liver,18
226_271,Liver,18
226_272,Liver,18
226_273,Liver,18
226_274,Liver,18
226_275,Liver,18
226_276,Liver,18
226_277,Liver,18
226_278,Liver,18
226_279,Liver,18
226_280,Liver,18
226_281,Liver,18
226_282,Liver,18
226_283,Liver,18
226_284,Liver,18
226_285,Liver,18
226_286,GI tract,5
226_287,GI tract,5
226_288,GI tract,5
226_289,GI tract,5
226_290,GI tract,5
226_291,GI tract,5
226_292,GI tract,5
226_293,GI tract,5
226_294,GI tract,5
226_295,GI tract,5
226_296,GI tract,5
226_297,GI tract,5
226_298,GI tract,5
226_299,Urogenital ridge,5
226_300,Urogenital ridge,5
226_301,Urogenital ridge,5
226_302,Urogenital ridge,5
226_303,Urogenital ridge,5
226_304,Urogenital ridge,5
226_305,Urogenital ridge,5
226_306,Urogenital ridge,5
226_307,Urogenital ridge,6
226_308,Urogenital ridge,6
226_309,Sclerotome,6
226_310,Sclerotome,6
226_311,Sclerotome,6
226_312,Sclerotome,6
226_313,Sclerotome,4
226_314,Dermomyotome,17
226_315,Dermomyotome,17
226_316,Dermomyotome,17
226_317,Dermomyotome,17
226_318,Dermomyotome,17
226_319,Dermomyotome,17
226_320,Dermomyotome,17
226_321,Dermomyotome,17
226_322,Dermomyotome,17
226_323,Dermomyotome,4
226_324,Dermomyotome,4
226_325,Dermomyotome,4
226_326,Dermomyotome,4
226_327,Dermomyotome,4
226_328,Dermomyotome,4
226_329,Dermomyotome,11
226_330,Dermomyotome,11
226_331,Surface ectoderm,11
226_332,Surface ectoderm,11
226_333,Surface ectoderm,11
226_334,Cavity,16
227_100,Cavity,16
227_101,Meninges,16
227_102,Meninges,13
227_103,Meninges,13
227_104,Meninges,1
227_105,Brain,1
227_106,Brain,1
227_107,Brain,1
227_108,Brain,1
227_109,Brain,14
227_110,Brain,14
227_111,Brain,14
227_112,Brain,14
227_113,Brain,14
227_114,Brain,14
227_115,Brain,14
227_116,Brain,14
227_117,Brain,14
227_118,Brain,14
227_119,Brain,14
227_120,Brain,14
227_121,Brain,14
227_122,Brain,14
227_123,Brain,14
227_124,Brain,14
227_125,Brain,14
227_126,Brain,14
227_127,Brain,14
227_128,Brain,14
227_129,Brain,14
227_130,Brain,14
227_131,Brain,14
227_132,Brain,14
227_133,Brain,14
227_134,Brain,14
227_135,Brain,14
227_136,Brain,14
227_137,Brain,14
227_138,Brain,14
227_139,Brain,14
227_140,Brain,14
227_141,Brain,14
227_142,Brain,14
227_143,Brain,14
227_144,Brain,14
227_145,Brain,14
227_146,Brain,14
227_147,Brain,14
227_148,Brain,14
227_149,Brain,14
227_150,Brain,14
227_151,Brain,14
227_152,Brain,14
227_153,Brain,14
227_154,Brain,12
227_155,Brain,12
227_156,Brain,12
227_157,Brain,12
227_158,Brain,12
227_159,Brain,12
227_160,Brain,12
227_161,Brain,12
227_162,Brain,12
227_163,Brain,12
227_164,Brain,12
227_165,Brain,12
227_166,Brain,12
227_167,Brain,12
227_168,Brain,12
227_169,Brain,12
227_170,Brain,12
227_171,Brain,12
227_172,Brain,12
227_173,Brain,12
227_174,Brain,12
227_175,Brain,12
227_176,Brain,12
227_177,Brain,12
227_178,Brain,12
227_179,Brain,12
227_180,Brain,12
227_181,Brain,12
227_182,Brain,12
227_183,Brain,12
227_184,Brain,12
227_185,Brain,12
227_186,Brain,12
227_187,Brain,12
227_188,Brain,12
227_189,Brain,12
227_190,Brain,8
227_191,Jaw and tooth,8
227_192,Jaw and tooth,8
227_193,Jaw and tooth,8
227_194,Jaw and tooth,8
227_195,Jaw and tooth,8
227_196,Surface ectoderm,8
227_197,Surface ectoderm,16
227_205,Cavity,16
227_206,Cavity,16
227_207,Cavity,16
227_224,Cavity,16
227_225,Heart,3
227_226,Heart,3
227_227,Heart,3
227_228,Heart,9
227_229,Heart,9
227_230,Heart,9
227_231,Heart,9
227_232,Heart,9
227_233,Heart,9
227_234,Heart,9
227_235,Heart,9
227_236,Heart,9
227_237,Heart,9
227_238,Heart,9
227_239,Heart,9
227_240,Heart,9
227_241,Heart,9
227_242,Heart,9
227_243,Heart,9
227_244,Heart,9
227_245,Heart,9
227_246,Heart,9
227_247,Heart,9
227_248,Heart,9
227_249,Heart,9
227_250,Heart,9
227_251,Heart,9
227_252,Heart,9
227_253,Heart,9
227_254,Heart,9
227_255,Heart,9
227_256,Heart,9
227_257,Heart,9
227_258,Heart,9
227_259,Heart,9
227_260,Heart,9
227_261,Heart,18
227_262,Liver,18
227_263,Liver,18
227_264,Liver,18
227_265,Liver,18
227_266,Liver,18
227_267,Liver,18
227_268,Liver,18
227_269,Liver,18
227_270,Liver,18
227_271,Liver,18
227_272,Liver,18
227_273,Liver,18
227_274,Liver,18
227_275,Liver,18
227_276,Liver,18
227_277,Liver,18
227_278,Liver,18
227_279,Liver,18
227_280,Liver,18
227_281,Liver,18
227_282,Liver,18
227_283,Liver,18
227_284,Liver,18
227_285,GI tract,5
227_286,GI tract,5
227_287,GI tract,5
227_288,GI tract,5
227_289,GI tract,5
227_290,GI tract,5
227_291,GI tract,5
227_292,GI tract,5
227_293,GI tract,5
227_294,GI tract,5
227_295,GI tract,5
227_296,GI tract,5
227_297,GI tract,5
227_298,GI tract,5
227_299,Urogenital ridge,5
227_300,Urogenital ridge,5
227_301,Urogenital ridge,5
227_302,Urogenital ridge,5
227_303,Urogenital ridge,5
227_304,Urogenital ridge,5
227_305,Urogenital ridge,5
227_306,Urogenital ridge,5
227_307,Urogenital ridge,6
227_308,Sclerotome,6
227_309,Sclerotome,6
227_310,Sclerotome,6
227_311,Sclerotome,6
227_312,Sclerotome,4
227_313,Dermomyotome,17
227_314,Dermomyotome,17
227_315,Dermomyotome,17
227_316,Dermomyotome,17
227_317,Dermomyotome,17
227_318,Dermomyotome,17
227_319,Dermomyotome,17
227_320,Dermomyotome,17
227_321,Dermomyotome,17
227_322,Dermomyotome,17
227_323,Dermomyotome,4
227_324,Dermomyotome,4
227_325,Dermomyotome,4
227_326,Dermomyotome,4
227_327,Dermomyotome,4
227_328,Dermomyotome,11
227_329,Dermomyotome,11
227_330,Surface ectoderm,11
227_331,Surface ectoderm,11
227_332,Surface ectoderm,11
227_333,Surface ectoderm,11
227_334,Surface ectoderm,11
228_100,Cavity,16
228_101,Meninges,16
228_102,Meninges,13
228_103,Meninges,13
228_104,Meninges,1
228_105,Brain,1
228_106,Brain,1
228_107,Brain,1
228_108,Brain,1
228_109,Brain,14
228_110,Brain,14
228_111,Brain,14
228_112,Brain,14
228_113,Brain,14
228_114,Brain,14
228_115,Brain,14
228_116,Brain,14
228_117,Brain,14
228_118,Brain,14
228_119,Brain,14
228_120,Brain,14
228_121,Brain,14
228_122,Brain,14
228_123,Brain,14
228_124,Brain,14
228_125,Brain,14
228_126,Brain,14
228_127,Brain,14
228_128,Brain,14
228_129,Brain,14
228_130,Brain,14
228_131,Brain,14
228_132,Brain,14
228_133,Brain,14
228_134,Brain,14
228_135,Brain,14
228_136,Brain,14
228_137,Brain,14
228_138,Brain,14
228_139,Brain,14
228_140,Brain,14
228_141,Brain,14
228_142,Brain,14
228_143,Brain,14
228_144,Brain,14
228_145,Brain,14
228_146,Brain,14
228_147,Brain,14
228_148,Brain,14
228_149,Brain,14
228_150,Brain,14
228_151,Brain,14
228_152,Brain,14
228_153,Brain,14
228_154,Brain,12
228_155,Brain,12
228_156,Brain,12
228_157,Brain,12
228_158,Brain,12
228_159,Brain,12
228_160,Brain,12
228_161,Brain,12
228_162,Brain,12
228_163,Brain,12
228_164,Brain,12
228_165,Brain,12
228_166,Brain,12
228_167,Brain,12
228_168,Brain,12
228_169,Brain,12
228_170,Brain,12
228_171,Brain,12
228_172,Brain,12
228_173,Brain,12
228_174,Brain,12
228_175,Brain,12
228_176,Brain,12
228_177,Brain,12
228_178,Brain,12
228_179,Brain,12
228_180,Brain,12
228_181,Brain,12
228_182,Brain,12
228_183,Brain,12
228_184,Brain,12
228_185,Brain,12
228_186,Brain,12
228_187,Brain,12
228_188,Brain,12
228_189,Brain,12
228_190,Brain,13
228_191,Jaw and tooth,8
228_192,Jaw and tooth,8
228_193,Jaw and tooth,8
228_194,Jaw and tooth,8
228_195,Jaw and tooth,8
228_196,Jaw and tooth,8
228_197,Surface ectoderm,8
228_224,Cavity,16
228_225,Heart,16
228_226,Heart,3
228_227,Heart,3
228_228,Heart,3
228_229,Heart,9
228_230,Heart,9
228_231,Heart,9
228_232,Heart,9
228_233,Heart,9
228_234,Heart,9
228_235,Heart,9
228_236,Heart,9
228_237,Heart,9
228_238,Heart,9
228_239,Heart,9
228_240,Heart,9
228_241,Heart,9
228_242,Heart,9
228_243,Heart,9
228_244,Heart,9
228_245,Heart,9
228_246,Heart,9
228_247,Heart,9
228_248,Heart,9
228_249,Heart,9
228_250,Heart,9
228_251,Heart,9
228_252,Heart,9
228_253,Heart,9
228_254,Heart,9
228_255,Heart,9
228_256,Heart,9
228_257,Heart,9
228_258,Heart,9
228_259,Heart,9
228_260,Heart,9
228_261,Liver,18
228_262,Liver,18
228_263,Liver,18
228_264,Liver,18
228_265,Liver,18
228_266,Liver,18
228_267,Liver,18
228_268,Liver,18
228_269,Liver,18
228_270,Liver,18
228_271,Liver,18
228_272,Liver,18
228_273,Liver,18
228_274,Liver,18
228_275,Liver,18
228_276,Liver,18
228_277,Liver,18
228_278,Liver,18
228_279,Liver,18
228_280,Liver,18
228_281,Liver,18
228_282,Liver,18
228_283,Liver,18
228_284,Liver,5
228_285,GI tract,5
228_286,GI tract,5
228_287,GI tract,5
228_288,GI tract,5
228_289,GI tract,5
228_290,GI tract,5
228_291,GI tract,5
228_292,GI tract,5
228_293,GI tract,5
228_294,GI tract,5
228_295,GI tract,5
228_296,GI tract,5
228_297,GI tract,5
228_298,GI tract,5
228_299,Urogenital ridge,5
228_300,Urogenital ridge,5
228_301,Urogenital ridge,5
228_302,Urogenital ridge,5
228_303,Urogenital ridge,5
228_304,Urogenital ridge,5
228_305,Urogenital ridge,5
228_306,Urogenital ridge,5
228_307,Urogenital ridge,6
228_308,Urogenital ridge,6
228_309,Urogenital ridge,6
228_310,Urogenital ridge,4
228_311,Dermomyotome,4
228_312,Dermomyotome,17
228_313,Dermomyotome,17
228_314,Dermomyotome,17
228_315,Dermomyotome,17
228_316,Dermomyotome,17
228_317,Dermomyotome,17
228_318,Dermomyotome,17
228_319,Dermomyotome,17
228_320,Dermomyotome,17
228_321,Dermomyotome,4
228_322,Dermomyotome,4
228_323,Dermomyotome,4
228_324,Dermomyotome,4
228_325,Dermomyotome,4
228_326,Dermomyotome,4
228_327,Sclerotome,11
228_328,Sclerotome,11
228_329,Sclerotome,11
228_330,Sclerotome,11
228_331,Surface ectoderm,11
228_332,Surface ectoderm,11
228_333,Surface ectoderm,11
228_334,Surface ectoderm,11
228_335,Cavity,11
229_101,Cavity,16
229_102,Meninges,16
229_103,Meninges,13
229_104,Meninges,1
229_105,Brain,1
229_106,Brain,1
229_107,Brain,1
229_108,Brain,1
229_109,Brain,14
229_110,Brain,14
229_111,Brain,14
229_112,Brain,14
229_113,Brain,14
229_114,Brain,14
229_115,Brain,14
229_116,Brain,14
229_117,Brain,14
229_118,Brain,14
229_119,Brain,14
229_120,Brain,14
229_121,Brain,14
229_122,Brain,14
229_123,Brain,14
229_124,Brain,14
229_125,Brain,14
229_126,Brain,14
229_127,Brain,14
229_128,Cavity,14
229_129,Brain,14
229_130,Brain,14
229_131,Brain,14
229_132,Brain,14
229_133,Brain,14
229_134,Brain,14
229_135,Brain,14
229_136,Brain,14
229_137,Brain,14
229_138,Brain,14
229_139,Brain,14
229_140,Brain,14
229_141,Brain,14
229_142,Brain,14
229_143,Brain,14
229_144,Brain,14
229_145,Brain,14
229_146,Brain,14
229_147,Brain,14
229_148,Brain,14
229_149,Brain,14
229_150,Brain,14
229_151,Brain,14
229_152,Brain,14
229_153,Brain,14
229_154,Brain,12
229_155,Brain,12
229_156,Brain,12
229_157,Brain,12
229_158,Brain,12
229_159,Brain,12
229_160,Brain,12
229_161,Brain,12
229_162,Brain,12
229_163,Brain,12
229_164,Brain,12
229_165,Brain,12
229_166,Brain,12
229_167,Brain,12
229_168,Brain,12
229_169,Brain,12
229_170,Brain,12
229_171,Brain,12
229_172,Brain,12
229_173,Brain,12
229_174,Brain,12
229_175,Brain,12
229_176,Brain,12
229_177,Brain,12
229_178,Brain,12
229_179,Brain,12
229_180,Brain,12
229_181,Brain,12
229_182,Brain,12
229_183,Brain,12
229_184,Brain,12
229_185,Brain,12
229_186,Brain,12
229_187,Brain,12
229_188,Brain,12
229_189,Brain,12
229_190,Brain,12
229_191,Jaw and tooth,8
229_192,Jaw and tooth,8
229_193,Jaw and tooth,8
229_194,Jaw and tooth,8
229_195,Jaw and tooth,8
229_196,Jaw and tooth,8
229_197,Surface ectoderm,8
229_225,Cavity,16
229_226,Heart,3
229_227,Heart,3
229_228,Heart,3
229_229,Heart,3
229_230,Heart,3
229_231,Heart,9
229_232,Heart,9
229_233,Heart,9
229_234,Heart,9
229_235,Heart,9
229_236,Heart,9
229_237,Heart,9
229_238,Heart,9
229_239,Heart,9
229_240,Heart,9
229_241,Heart,9
229_242,Heart,9
229_243,Heart,9
229_244,Heart,9
229_245,Heart,9
229_246,Heart,9
229_247,Heart,9
229_248,Heart,9
229_249,Heart,9
229_250,Heart,9
229_251,Heart,9
229_252,Heart,9
229_253,Heart,9
229_254,Heart,9
229_255,Heart,9
229_256,Heart,9
229_257,Heart,9
229_258,Heart,9
229_259,Heart,9
229_260,Liver,18
229_261,Liver,18
229_262,Liver,18
229_263,Liver,18
229_264,Liver,18
229_265,Liver,18
229_266,Liver,18
229_267,Liver,18
229_268,Liver,18
229_269,Liver,18
229_270,Liver,18
229_271,Liver,18
229_272,Liver,18
229_273,Liver,18
229_274,Liver,18
229_275,Liver,18
229_276,Liver,18
229_277,Liver,18
229_278,Liver,18
229_279,Liver,18
229_280,Liver,18
229_281,Liver,18
229_282,Liver,18
229_283,Liver,18
229_284,GI tract,5
229_285,GI tract,5
229_286,GI tract,5
229_287,GI tract,5
229_288,GI tract,5
229_289,GI tract,5
229_290,GI tract,5
229_291,GI tract,5
229_292,GI tract,5
229_293,GI tract,5
229_294,GI tract,5
229_295,GI tract,5
229_296,GI tract,5
229_297,GI tract,5
229_298,GI tract,5
229_299,Urogenital ridge,5
229_300,Urogenital ridge,5
229_301,Urogenital ridge,5
229_302,Urogenital ridge,5
229_303,Urogenital ridge,5
229_304,Urogenital ridge,5
229_305,Urogenital ridge,5
229_306,Urogenital ridge,5
229_307,Urogenital ridge,5
229_308,Urogenital ridge,6
229_309,Urogenital ridge,4
229_310,Dermomyotome,4
229_311,Dermomyotome,17
229_312,Dermomyotome,17
229_313,Dermomyotome,17
229_314,Dermomyotome,17
229_315,Dermomyotome,17
229_316,Dermomyotome,17
229_317,Dermomyotome,17
229_318,Dermomyotome,17
229_319,Dermomyotome,4
229_320,Sclerotome,4
229_321,Sclerotome,4
229_322,Sclerotome,6
229_323,Sclerotome,6
229_324,Sclerotome,6
229_325,Dermomyotome,6
229_326,Dermomyotome,11
229_327,Sclerotome,11
229_328,Sclerotome,11
229_329,Sclerotome,11
229_330,Sclerotome,11
229_331,Surface ectoderm,11
229_332,Surface ectoderm,11
229_333,Surface ectoderm,11
229_334,Surface ectoderm,11
229_335,Surface ectoderm,11
230_101,Cavity,16
230_102,Meninges,16
230_103,Meninges,13
230_104,Meninges,13
230_105,Meninges,1
230_106,Brain,1
230_107,Brain,1
230_108,Brain,1
230_109,Brain,14
230_110,Brain,14
230_111,Brain,14
230_112,Brain,14
230_113,Brain,14
230_114,Brain,14
230_115,Brain,14
230_116,Brain,14
230_117,Brain,14
230_118,Brain,14
230_119,Brain,14
230_120,Brain,14
230_121,Brain,14
230_122,Brain,14
230_123,Brain,14
230_124,Brain,14
230_125,Brain,14
230_126,Brain,14
230_127,Brain,14
230_128,Brain,14
230_129,Brain,14
230_130,Brain,14
230_131,Brain,14
230_132,Brain,14
230_133,Brain,14
230_134,Brain,14
230_135,Brain,14
230_136,Brain,14
230_137,Brain,14
230_138,Brain,14
230_139,Brain,14
230_140,Brain,14
230_141,Brain,14
230_142,Brain,14
230_143,Brain,14
230_144,Brain,14
230_145,Brain,14
230_146,Brain,14
230_147,Brain,14
230_148,Brain,14
230_149,Brain,14
230_150,Brain,14
230_151,Brain,14
230_152,Brain,14
230_153,Brain,14
230_154,Brain,12
230_155,Brain,12
230_156,Brain,12
230_157,Brain,14
230_158,Brain,13
230_159,Cavity,12
230_160,Brain,12
230_161,Brain,12
230_162,Brain,12
230_163,Brain,12
230_164,Brain,12
230_165,Brain,12
230_166,Brain,12
230_167,Brain,12
230_168,Brain,12
230_169,Brain,12
230_170,Brain,12
230_171,Brain,12
230_172,Brain,12
230_173,Brain,12
230_174,Brain,12
230_175,Brain,12
230_176,Brain,12
230_177,Brain,12
230_178,Brain,12
230_179,Brain,12
230_180,Brain,12
230_181,Brain,12
230_182,Brain,12
230_183,Brain,12
230_184,Brain,12
230_185,Brain,12
230_186,Brain,12
230_187,Brain,12
230_188,Brain,12
230_189,Brain,12
230_190,Brain,12
230_191,Jaw and tooth,8
230_192,Jaw and tooth,8
230_193,Jaw and tooth,8
230_194,Jaw and tooth,8
230_195,Jaw and tooth,8
230_196,Jaw and tooth,8
230_197,Surface ectoderm,8
230_198,Cavity,16
230_225,Cavity,16
230_226,Heart,3
230_227,Heart,3
230_228,Heart,3
230_229,Heart,3
230_230,Heart,3
230_231,Heart,3
230_232,Heart,3
230_233,Heart,3
230_234,Heart,9
230_235,Heart,9
230_236,Heart,9
230_237,Heart,9
230_238,Heart,9
230_239,Heart,9
230_240,Heart,9
230_241,Heart,9
230_242,Heart,9
230_243,Heart,9
230_244,Heart,9
230_245,Heart,9
230_246,Heart,9
230_247,Heart,9
230_248,Heart,9
230_249,Heart,9
230_250,Heart,9
230_251,Heart,9
230_252,Heart,9
230_253,Heart,9
230_254,Heart,9
230_255,Heart,9
230_256,Heart,9
230_257,Heart,9
230_258,Heart,9
230_259,Heart,18
230_260,Liver,18
230_261,Liver,18
230_262,Liver,18
230_263,Liver,18
230_264,Liver,18
230_265,Liver,18
230_266,Liver,18
230_267,Liver,18
230_268,Liver,18
230_269,Liver,18
230_270,Liver,18
230_271,Liver,18
230_272,Liver,18
230_273,Liver,18
230_274,Liver,18
230_275,Liver,18
230_276,Liver,18
230_277,Liver,18
230_278,Liver,18
230_279,Liver,18
230_280,Liver,18
230_281,Liver,18
230_282,Liver,18
230_283,Liver,5
230_284,GI tract,5
230_285,GI tract,5
230_286,GI tract,5
230_287,GI tract,5
230_288,GI tract,5
230_289,GI tract,5
230_290,GI tract,5
230_291,GI tract,5
230_292,GI tract,5
230_293,GI tract,5
230_294,GI tract,5
230_295,GI tract,5
230_296,GI tract,5
230_297,GI tract,5
230_298,GI tract,5
230_299,GI tract,5
230_300,Urogenital ridge,5
230_301,Urogenital ridge,5
230_302,Urogenital ridge,5
230_303,Connective tissue,5
230_304,Urogenital ridge,5
230_305,Urogenital ridge,5
230_306,Urogenital ridge,5
230_307,Urogenital ridge,5
230_308,Urogenital ridge,6
230_309,Urogenital ridge,4
230_310,Dermomyotome,17
230_311,Dermomyotome,17
230_312,Dermomyotome,17
230_313,Dermomyotome,4
230_314,Dermomyotome,4
230_315,Dermomyotome,4
230_316,Dermomyotome,4
230_317,Sclerotome,4
230_318,Sclerotome,4
230_319,Sclerotome,6
230_320,Sclerotome,6
230_321,Sclerotome,6
230_322,Sclerotome,6
230_323,Sclerotome,6
230_324,Sclerotome,6
230_325,Sclerotome,6
230_326,Dermomyotome,11
230_327,Sclerotome,11
230_328,Sclerotome,11
230_329,Sclerotome,11
230_330,Sclerotome,11
230_331,Sclerotome,11
230_332,Surface ectoderm,11
230_333,Surface ectoderm,11
230_334,Surface ectoderm,11
230_335,Surface ectoderm,11
230_336,Cavity,16
231_102,Cavity,16
231_103,Meninges,13
231_104,Meninges,13
231_105,Meninges,1
231_106,Brain,1
231_107,Brain,1
231_108,Brain,1
231_109,Brain,14
231_110,Brain,14
231_111,Brain,14
231_112,Brain,14
231_113,Brain,14
231_114,Brain,14
231_115,Brain,14
231_116,Brain,14
231_117,Brain,14
231_118,Brain,14
231_119,Brain,14
231_120,Brain,14
231_121,Brain,14
231_122,Brain,14
231_123,Brain,14
231_124,Brain,14
231_125,Brain,14
231_126,Brain,14
231_127,Brain,14
231_128,Brain,14
231_129,Brain,14
231_130,Brain,14
231_131,Brain,14
231_132,Brain,14
231_133,Brain,14
231_134,Brain,14
231_135,Brain,14
231_136,Brain,14
231_137,Brain,14
231_138,Brain,14
231_139,Brain,14
231_140,Brain,14
231_141,Brain,14
231_142,Brain,14
231_143,Brain,14
231_144,Brain,14
231_145,Brain,14
231_146,Brain,14
231_147,Brain,14
231_148,Brain,14
231_149,Brain,14
231_150,Brain,14
231_151,Brain,14
231_152,Brain,14
231_153,Brain,14
231_154,Brain,12
231_155,Brain,14
231_156,Cavity,14
231_157,Cavity,13
231_158,Cavity,13
231_159,Cavity,13
231_160,Brain,12
231_161,Brain,12
231_162,Brain,12
231_163,Brain,12
231_164,Brain,12
231_165,Brain,12
231_166,Brain,12
231_167,Brain,12
231_168,Brain,12
231_169,Brain,12
231_170,Brain,12
231_171,Brain,12
231_172,Brain,12
231_173,Brain,12
231_174,Brain,12
231_175,Brain,12
231_176,Brain,12
231_177,Brain,12
231_178,Brain,12
231_179,Brain,12
231_180,Brain,12
231_181,Brain,12
231_182,Brain,12
231_183,Brain,12
231_184,Brain,12
231_185,Brain,12
231_186,Brain,12
231_187,Brain,12
231_188,Brain,12
231_189,Brain,12
231_190,Brain,12
231_191,Head mesenchyme,8
231_192,Jaw and tooth,8
231_193,Jaw and tooth,8
231_194,Jaw and tooth,8
231_195,Jaw and tooth,8
231_196,Jaw and tooth,8
231_197,Jaw and tooth,8
231_198,Cavity,16
231_227,Cavity,3
231_228,Heart,3
231_229,Heart,3
231_230,Heart,3
231_231,Heart,3
231_232,Heart,3
231_233,Heart,3
231_234,Heart,3
231_235,Heart,3
231_236,Heart,9
231_237,Heart,9
231_238,Heart,9
231_239,Heart,9
231_240,Heart,9
231_241,Heart,9
231_242,Heart,9
231_243,Heart,9
231_244,Heart,9
231_245,Heart,9
231_246,Heart,9
231_247,Heart,9
231_248,Heart,9
231_249,Heart,9
231_250,Heart,9
231_251,Heart,9
231_252,Heart,9
231_253,Heart,9
231_254,Heart,9
231_255,Heart,9
231_256,Heart,9
231_257,Heart,9
231_258,Heart,9
231_259,Liver,18
231_260,Liver,18
231_261,Liver,18
231_262,Liver,18
231_263,Liver,18
231_264,Liver,18
231_265,Liver,18
231_266,Liver,18
231_267,Liver,18
231_268,Liver,18
231_269,Liver,18
231_270,Liver,18
231_271,Liver,18
231_272,Liver,18
231_273,Liver,18
231_274,Liver,18
231_275,Liver,18
231_276,Liver,18
231_277,Liver,18
231_278,Liver,18
231_279,Liver,18
231_280,Liver,18
231_281,Liver,18
231_282,Liver,18
231_283,GI tract,5
231_284,GI tract,5
231_285,GI tract,5
231_286,GI tract,5
231_287,GI tract,5
231_288,GI tract,5
231_289,GI tract,5
231_290,GI tract,5
231_291,GI tract,5
231_292,GI tract,5
231_293,GI tract,5
231_294,GI tract,5
231_295,GI tract,5
231_296,GI tract,5
231_297,GI tract,5
231_298,GI tract,5
231_299,GI tract,5
231_300,Urogenital ridge,5
231_301,Urogenital ridge,5
231_302,Urogenital ridge,5
231_303,Urogenital ridge,5
231_304,Urogenital ridge,5
231_305,Urogenital ridge,5
231_306,Urogenital ridge,5
231_307,Urogenital ridge,5
231_308,Urogenital ridge,5
231_309,Urogenital ridge,6
231_310,Dermomyotome,4
231_311,Dermomyotome,4
231_312,Sclerotome,6
231_313,Sclerotome,6
231_314,Sclerotome,6
231_315,Sclerotome,6
231_316,Sclerotome,6
231_317,Sclerotome,6
231_318,Sclerotome,6
231_319,Sclerotome,6
231_320,Sclerotome,6
231_321,Sclerotome,6
231_322,Sclerotome,6
231_323,Sclerotome,6
231_324,Sclerotome,6
231_325,Sclerotome,6
231_326,Dermomyotome,11
231_327,Sclerotome,11
231_328,Sclerotome,11
231_329,Sclerotome,11
231_330,Sclerotome,11
231_331,Sclerotome,11
231_332,Surface ectoderm,11
231_333,Surface ectoderm,11
231_334,Surface ectoderm,11
231_335,Surface ectoderm,11
231_336,Cavity,16
232_102,Cavity,16
232_103,Meninges,16
232_104,Meninges,13
232_105,Meninges,13
232_106,Brain,1
232_107,Brain,1
232_108,Brain,1
232_109,Brain,14
232_110,Brain,14
232_111,Brain,14
232_112,Brain,14
232_113,Brain,14
232_114,Brain,14
232_115,Brain,14
232_116,Brain,14
232_117,Brain,14
232_118,Brain,14
232_119,Brain,14
232_120,Brain,14
232_121,Brain,14
232_122,Brain,14
232_123,Brain,14
232_124,Brain,14
232_125,Brain,14
232_126,Brain,14
232_127,Brain,14
232_128,Brain,14
232_129,Brain,14
232_130,Brain,14
232_131,Brain,14
232_132,Brain,14
232_133,Brain,14
232_134,Brain,14
232_135,Brain,14
232_136,Brain,14
232_137,Brain,14
232_138,Brain,14
232_139,Brain,14
232_140,Brain,14
232_141,Brain,14
232_142,Brain,14
232_143,Brain,14
232_144,Brain,14
232_145,Brain,14
232_146,Brain,14
232_147,Brain,14
232_148,Brain,14
232_149,Brain,14
232_150,Brain,14
232_151,Brain,14
232_152,Brain,14
232_153,Brain,14
232_154,Brain,14
232_155,Cavity,14
232_156,Cavity,13
232_157,Cavity,13
232_158,Cavity,13
232_159,Cavity,13
232_160,Cavity,13
232_161,Brain,12
232_162,Brain,12
232_163,Brain,12
232_164,Brain,12
232_165,Brain,12
232_166,Brain,12
232_167,Brain,12
232_168,Brain,12
232_169,Brain,12
232_170,Brain,12
232_171,Brain,12
232_172,Brain,12
232_173,Brain,12
232_174,Brain,12
232_175,Brain,12
232_176,Brain,12
232_177,Brain,12
232_178,Brain,12
232_179,Brain,12
232_180,Brain,12
232_181,Brain,12
232_182,Brain,12
232_183,Brain,12
232_184,Brain,12
232_185,Brain,12
232_186,Brain,12
232_187,Brain,12
232_188,Brain,12
232_189,Brain,12
232_190,Brain,12
232_191,Jaw and tooth,8
232_192,Jaw and tooth,8
232_193,Jaw and tooth,8
232_194,Jaw and tooth,8
232_195,Jaw and tooth,8
232_196,Jaw and tooth,8
232_197,Jaw and tooth,8
232_198,Surface ectoderm,8
232_228,Cavity,16
232_229,Heart,3
232_230,Heart,3
232_231,Heart,3
232_232,Heart,3
232_233,Heart,3
232_234,Heart,3
232_235,Heart,3
232_236,Heart,3
232_237,Heart,3
232_238,Heart,9
232_239,Heart,9
232_240,Heart,9
232_241,Heart,9
232_242,Heart,9
232_243,Heart,9
232_244,Heart,9
232_245,Heart,9
232_246,Heart,9
232_247,Heart,9
232_248,Heart,9
232_249,Heart,9
232_250,Heart,9
232_251,Heart,9
232_252,Heart,9
232_253,Heart,9
232_254,Heart,9
232_255,Heart,9
232_256,Heart,9
232_257,Heart,9
232_258,Liver,18
232_259,Liver,18
232_260,Liver,18
232_261,Liver,18
232_262,Liver,18
232_263,Liver,18
232_264,Liver,18
232_265,Liver,18
232_266,Liver,18
232_267,Liver,18
232_268,Liver,18
232_269,Liver,18
232_270,Liver,18
232_271,Liver,18
232_272,Liver,18
232_273,Liver,19
232_274,Liver,19
232_275,Liver,19
232_276,Liver,18
232_277,Liver,18
232_278,Liver,18
232_279,Liver,18
232_280,Liver,18
232_281,Liver,18
232_282,Liver,18
232_283,GI tract,5
232_284,GI tract,5
232_285,GI tract,5
232_286,GI tract,5
232_287,GI tract,5
232_288,GI tract,5
232_289,GI tract,5
232_290,GI tract,5
232_291,GI tract,5
232_292,GI tract,5
232_293,GI tract,5
232_294,GI tract,5
232_295,GI tract,5
232_296,GI tract,5
232_297,GI tract,5
232_298,GI tract,5
232_299,GI tract,5
232_300,Urogenital ridge,5
232_301,Urogenital ridge,5
232_302,Urogenital ridge,5
232_303,Connective tissue,5
232_304,Urogenital ridge,5
232_305,Urogenital ridge,5
232_306,Urogenital ridge,5
232_307,Urogenital ridge,5
232_308,Urogenital ridge,5
232_309,Urogenital ridge,6
232_310,Urogenital ridge,6
232_311,Sclerotome,6
232_312,Sclerotome,6
232_313,Sclerotome,6
232_314,Sclerotome,6
232_315,Sclerotome,6
232_316,Sclerotome,6
232_317,Sclerotome,6
232_318,Sclerotome,6
232_319,Sclerotome,6
232_320,Sclerotome,6
232_321,Sclerotome,6
232_322,Sclerotome,6
232_323,Sclerotome,6
232_324,Sclerotome,6
232_325,Dermomyotome,6
232_326,Dermomyotome,11
232_327,Dermomyotome,11
232_328,Sclerotome,11
232_329,Sclerotome,11
232_330,Sclerotome,11
232_331,Sclerotome,11
232_332,Surface ectoderm,11
232_333,Surface ectoderm,11
232_334,Surface ectoderm,11
232_335,Surface ectoderm,11
232_336,Surface ectoderm,11
233_103,Meninges,16
233_104,Meninges,16
233_105,Meninges,13
233_106,Meninges,1
233_107,Brain,1
233_108,Brain,1
233_109,Brain,14
233_110,Brain,14
233_111,Brain,14
233_112,Brain,14
233_113,Brain,14
233_114,Brain,14
233_115,Brain,14
233_116,Brain,14
233_117,Brain,14
233_118,Brain,14
233_119,Brain,14
233_120,Brain,14
233_121,Brain,14
233_122,Brain,14
233_123,Brain,14
233_124,Brain,14
233_125,Brain,14
233_126,Brain,14
233_127,Brain,14
233_128,Brain,14
233_129,Brain,14
233_130,Brain,14
233_131,Brain,14
233_132,Brain,14
233_133,Brain,14
233_134,Brain,14
233_135,Brain,14
233_136,Brain,14
233_137,Brain,14
233_138,Brain,14
233_139,Brain,14
233_140,Brain,14
233_141,Brain,14
233_142,Brain,14
233_143,Brain,14
233_144,Brain,14
233_145,Brain,14
233_146,Brain,14
233_147,Brain,14
233_148,Brain,14
233_149,Brain,14
233_150,Brain,14
233_151,Brain,14
233_152,Brain,14
233_153,Brain,14
233_154,Cavity,14
233_155,Cavity,14
233_156,Cavity,13
233_157,Cavity,13
233_158,Cavity,13
233_159,Cavity,13
233_160,Cavity,13
233_161,Brain,12
233_162,Brain,12
233_163,Brain,12
233_164,Brain,12
233_165,Brain,12
233_166,Brain,12
233_167,Brain,12
233_168,Brain,12
233_169,Brain,12
233_170,Brain,12
233_171,Brain,12
233_172,Brain,12
233_173,Brain,12
233_174,Brain,12
233_175,Brain,12
233_176,Brain,12
233_177,Brain,12
233_178,Brain,12
233_179,Brain,12
233_180,Brain,12
233_181,Brain,12
233_182,Brain,12
233_183,Brain,12
233_184,Brain,12
233_185,Brain,12
233_186,Brain,12
233_187,Brain,12
233_188,Brain,12
233_189,Brain,12
233_190,Brain,12
233_191,Jaw and tooth,8
233_192,Jaw and tooth,8
233_193,Jaw and tooth,8
233_194,Jaw and tooth,8
233_195,Jaw and tooth,8
233_196,Jaw and tooth,8
233_197,Jaw and tooth,8
233_198,Cavity,8
233_230,Cavity,16
233_231,Heart,3
233_232,Heart,3
233_233,Heart,3
233_234,Heart,3
233_235,Heart,3
233_236,Heart,3
233_237,Heart,3
233_238,Heart,3
233_239,Heart,3
233_240,Heart,9
233_241,Heart,9
233_242,Heart,9
233_243,Heart,9
233_244,Heart,9
233_245,Heart,9
233_246,Heart,9
233_247,Heart,9
233_248,Heart,9
233_249,Heart,9
233_250,Heart,9
233_251,Heart,9
233_252,Heart,9
233_253,Heart,9
233_254,Heart,9
233_255,Heart,9
233_256,Heart,9
233_257,Heart,18
233_258,Liver,18
233_259,Liver,18
233_260,Liver,18
233_261,Liver,18
233_262,Liver,18
233_263,Liver,18
233_264,Liver,18
233_265,Liver,18
233_266,Liver,18
233_267,Liver,18
233_268,Liver,18
233_269,Liver,18
233_270,Liver,18
233_271,Liver,18
233_272,Liver,18
233_273,Cavity,19
233_274,Cavity,19
233_275,Cavity,19
233_276,Cavity,19
233_277,Cavity,19
233_278,Liver,19
233_279,Liver,18
233_280,Liver,18
233_281,Liver,18
233_282,GI tract,5
233_283,GI tract,5
233_284,GI tract,5
233_285,GI tract,5
233_286,GI tract,5
233_287,GI tract,5
233_288,GI tract,5
233_289,GI tract,5
233_290,GI tract,5
233_291,GI tract,5
233_292,GI tract,5
233_293,GI tract,5
233_294,GI tract,5
233_295,GI tract,5
233_296,GI tract,5
233_297,GI tract,5
233_298,GI tract,5
233_299,Urogenital ridge,5
233_300,Urogenital ridge,5
233_301,Urogenital ridge,5
233_302,Urogenital ridge,5
233_303,Connective tissue,5
233_304,Connective tissue,5
233_305,Urogenital ridge,5
233_306,Urogenital ridge,5
233_307,Urogenital ridge,5
233_308,Urogenital ridge,5
233_309,Urogenital ridge,6
233_310,Urogenital ridge,6
233_311,Sclerotome,6
233_312,Sclerotome,6
233_313,Sclerotome,6
233_314,Sclerotome,6
233_315,Sclerotome,6
233_316,Sclerotome,6
233_317,Sclerotome,6
233_318,Sclerotome,4
233_319,Dermomyotome,4
233_320,Dermomyotome,4
233_321,Dermomyotome,4
233_322,Dermomyotome,4
233_323,Dermomyotome,4
233_324,Sclerotome,6
233_325,Dermomyotome,6
233_326,Dermomyotome,11
233_327,Sclerotome,11
233_328,Sclerotome,11
233_329,Sclerotome,11
233_330,Sclerotome,11
233_331,Sclerotome,11
233_332,Surface ectoderm,11
233_333,Surface ectoderm,11
233_334,Surface ectoderm,11
233_335,Surface ectoderm,11
233_336,Surface ectoderm,11
234_103,Cavity,16
234_104,Meninges,16
234_105,Meninges,13
234_106,Meninges,13
234_107,Brain,1
234_108,Brain,1
234_109,Brain,14
234_110,Brain,14
234_111,Brain,14
234_112,Brain,14
234_113,Brain,14
234_114,Brain,14
234_115,Brain,14
234_116,Brain,14
234_117,Brain,14
234_118,Brain,14
234_119,Brain,14
234_120,Brain,14
234_121,Brain,14
234_122,Brain,14
234_123,Brain,14
234_124,Brain,14
234_125,Brain,14
234_126,Brain,14
234_127,Brain,14
234_128,Brain,14
234_129,Brain,14
234_130,Brain,14
234_131,Brain,14
234_132,Brain,14
234_133,Brain,14
234_134,Brain,14
234_135,Brain,14
234_136,Brain,14
234_137,Brain,14
234_138,Brain,14
234_139,Brain,14
234_140,Brain,14
234_141,Brain,14
234_142,Brain,14
234_143,Brain,14
234_144,Brain,14
234_145,Brain,14
234_146,Brain,14
234_147,Brain,14
234_148,Brain,14
234_149,Brain,14
234_150,Brain,14
234_151,Brain,14
234_152,Brain,14
234_153,Cavity,14
234_154,Cavity,14
234_155,Cavity,13
234_156,Cavity,13
234_157,Cavity,13
234_158,Cavity,13
234_159,Cavity,13
234_160,Cavity,13
234_161,Cavity,12
234_162,Brain,12
234_163,Brain,12
234_164,Brain,12
234_165,Brain,12
234_166,Brain,12
234_167,Brain,12
234_168,Brain,12
234_169,Brain,12
234_170,Brain,12
234_171,Brain,12
234_172,Brain,12
234_173,Brain,12
234_174,Brain,12
234_175,Brain,12
234_176,Brain,12
234_177,Brain,12
234_178,Brain,12
234_179,Brain,12
234_180,Brain,12
234_181,Brain,12
234_182,Brain,12
234_183,Brain,12
234_184,Brain,12
234_185,Brain,12
234_186,Brain,12
234_187,Brain,12
234_188,Brain,12
234_189,Brain,12
234_190,Jaw and tooth,8
234_191,Jaw and tooth,8
234_192,Jaw and tooth,8
234_193,Jaw and tooth,8
234_194,Jaw and tooth,8
234_195,Jaw and tooth,8
234_196,Jaw and tooth,8
234_197,Jaw and tooth,8
234_198,Jaw and tooth,8
234_231,Cavity,16
234_232,Cavity,16
234_233,Heart,3
234_234,Heart,3
234_235,Heart,3
234_236,Heart,3
234_237,Heart,3
234_238,Heart,3
234_239,Heart,3
234_240,Heart,3
234_241,Heart,3
234_242,Heart,9
234_243,Heart,9
234_244,Heart,9
234_245,Heart,9
234_246,Heart,9
234_247,Heart,9
234_248,Heart,9
234_249,Heart,9
234_250,Heart,9
234_251,Heart,9
234_252,Heart,9
234_253,Heart,9
234_254,Heart,9
234_255,Heart,9
234_256,Heart,18
234_257,Liver,18
234_258,Liver,18
234_259,Liver,18
234_260,Liver,18
234_261,Liver,18
234_262,Liver,18
234_263,Liver,18
234_264,Liver,18
234_265,Liver,18
234_266,Liver,18
234_267,Liver,18
234_268,Liver,18
234_269,Liver,18
234_270,Liver,18
234_271,Liver,18
234_272,Blood vessel,19
234_273,Cavity,19
234_274,Cavity,19
234_275,Cavity,19
234_276,Cavity,19
234_277,Cavity,19
234_278,Cavity,19
234_279,Liver,19
234_280,Liver,18
234_281,GI tract,5
234_282,GI tract,5
234_283,GI tract,5
234_284,Connective tissue,5
234_285,GI tract,5
234_286,GI tract,5
234_287,GI tract,5
234_288,GI tract,5
234_289,GI tract,5
234_290,GI tract,5
234_291,GI tract,5
234_292,GI tract,5
234_293,GI tract,5
234_294,GI tract,5
234_295,GI tract,5
234_296,GI tract,5
234_297,GI tract,5
234_298,GI tract,5
234_299,Urogenital ridge,5
234_300,Urogenital ridge,5
234_301,Urogenital ridge,5
234_302,Urogenital ridge,5
234_303,Urogenital ridge,5
234_304,Connective tissue,5
234_305,Urogenital ridge,5
234_306,Urogenital ridge,5
234_307,Urogenital ridge,5
234_308,Urogenital ridge,5
234_309,Urogenital ridge,6
234_310,Sclerotome,6
234_311,Sclerotome,6
234_312,Sclerotome,6
234_313,Sclerotome,6
234_314,Sclerotome,6
234_315,Sclerotome,6
234_316,Dermomyotome,4
234_317,Dermomyotome,4
234_318,Dermomyotome,17
234_319,Dermomyotome,17
234_320,Dermomyotome,17
234_321,Dermomyotome,17
234_322,Dermomyotome,17
234_323,Dermomyotome,4
234_324,Dermomyotome,4
234_325,Dermomyotome,4
234_326,Dermomyotome,11
234_327,Dermomyotome,11
234_328,Dermomyotome,11
234_329,Dermomyotome,11
234_330,Dermomyotome,11
234_331,Sclerotome,11
234_332,Sclerotome,11
234_333,Surface ectoderm,11
234_334,Surface ectoderm,11
234_335,Surface ectoderm,11
234_336,Surface ectoderm,11
234_337,Cavity,11
235_104,Cavity,16
235_105,Meninges,13
235_106,Meninges,13
235_107,Meninges,1
235_108,Brain,1
235_109,Brain,14
235_110,Brain,14
235_111,Brain,14
235_112,Brain,14
235_113,Brain,14
235_114,Brain,14
235_115,Brain,14
235_116,Brain,14
235_117,Brain,14
235_118,Brain,14
235_119,Brain,14
235_120,Brain,14
235_121,Brain,14
235_122,Brain,14
235_123,Brain,14
235_124,Brain,14
235_125,Brain,14
235_126,Brain,14
235_127,Brain,14
235_128,Brain,14
235_129,Brain,14
235_130,Brain,14
235_131,Brain,14
235_132,Brain,14
235_133,Brain,14
235_134,Brain,14
235_135,Brain,14
235_136,Brain,14
235_137,Jaw and tooth,14
235_138,Brain,14
235_139,Brain,14
235_140,Brain,14
235_141,Brain,14
235_142,Brain,14
235_143,Brain,14
235_144,Brain,14
235_145,Brain,14
235_146,Brain,14
235_147,Brain,14
235_148,Brain,14
235_149,Brain,14
235_150,Brain,14
235_151,Brain,14
235_152,Brain,14
235_153,Cavity,14
235_154,Cavity,14
235_155,Cavity,13
235_156,Cavity,13
235_157,Cavity,13
235_158,Cavity,13
235_159,Cavity,13
235_160,Cavity,13
235_161,Cavity,13
235_162,Brain,12
235_163,Brain,12
235_164,Brain,12
235_165,Brain,12
235_166,Brain,12
235_167,Brain,12
235_168,Brain,12
235_169,Brain,12
235_170,Brain,12
235_171,Brain,12
235_172,Brain,12
235_173,Brain,12
235_174,Brain,12
235_175,Brain,12
235_176,Brain,12
235_177,Brain,12
235_178,Brain,12
235_179,Brain,12
235_180,Brain,12
235_181,Brain,12
235_182,Brain,12
235_183,Brain,12
235_184,Brain,12
235_185,Brain,12
235_186,Brain,12
235_187,Brain,12
235_188,Brain,12
235_189,Brain,12
235_190,Jaw and tooth,8
235_191,Jaw and tooth,8
235_192,Jaw and tooth,8
235_193,Jaw and tooth,8
235_194,Jaw and tooth,8
235_195,Jaw and tooth,8
235_196,Jaw and tooth,8
235_197,Jaw and tooth,8
235_198,Surface ectoderm,8
235_199,Cavity,8
235_233,Cavity,16
235_234,Heart,3
235_235,Heart,3
235_236,Heart,3
235_237,Heart,3
235_238,Heart,3
235_239,Heart,3
235_240,Heart,3
235_241,Heart,3
235_242,Heart,3
235_243,Heart,9
235_244,Heart,9
235_245,Heart,9
235_246,Heart,9
235_247,Heart,9
235_248,Heart,9
235_249,Heart,9
235_250,Heart,9
235_251,Heart,9
235_252,Heart,9
235_253,Heart,9
235_254,Heart,9
235_255,Heart,18
235_256,Liver,18
235_257,Liver,18
235_258,Liver,18
235_259,Liver,18
235_260,Liver,18
235_261,Liver,18
235_262,Liver,18
235_263,Liver,18
235_264,Liver,18
235_265,Liver,18
235_266,Liver,18
235_267,Liver,18
235_268,Liver,18
235_269,Liver,18
235_270,Liver,18
235_271,Cavity,19
235_272,Cavity,19
235_273,Cavity,19
235_274,Cavity,19
235_275,Cavity,19
235_276,Cavity,19
235_277,Cavity,19
235_278,Cavity,19
235_279,Liver,18
235_280,Liver,18
235_281,GI tract,5
235_282,GI tract,5
235_283,GI tract,5
235_284,Connective tissue,5
235_285,GI tract,5
235_286,GI tract,5
235_287,GI tract,5
235_288,GI tract,5
235_289,GI tract,5
235_290,GI tract,5
235_291,GI tract,5
235_292,GI tract,5
235_293,GI tract,5
235_294,GI tract,5
235_295,GI tract,5
235_296,GI tract,5
235_297,GI tract,5
235_298,GI tract,5
235_299,GI tract,5
235_300,Urogenital ridge,5
235_301,Urogenital ridge,5
235_302,Urogenital ridge,5
235_303,Urogenital ridge,5
235_304,Urogenital ridge,5
235_305,Urogenital ridge,5
235_306,Urogenital ridge,5
235_307,Urogenital ridge,5
235_308,Urogenital ridge,5
235_309,Urogenital ridge,6
235_310,Sclerotome,6
235_311,Sclerotome,6
235_312,Sclerotome,6
235_313,Sclerotome,6
235_314,Sclerotome,4
235_315,Dermomyotome,4
235_316,Dermomyotome,17
235_317,Dermomyotome,17
235_318,Dermomyotome,17
235_319,Dermomyotome,17
235_320,Dermomyotome,17
235_321,Dermomyotome,17
235_322,Dermomyotome,17
235_323,Dermomyotome,4
235_324,Dermomyotome,4
235_325,Dermomyotome,4
235_326,Dermomyotome,4
235_327,Dermomyotome,4
235_328,Dermomyotome,4
235_329,Dermomyotome,4
235_330,Dermomyotome,11
235_331,Dermomyotome,11
235_332,Sclerotome,11
235_333,Surface ectoderm,11
235_334,Surface ectoderm,11
235_335,Surface ectoderm,11
235_336,Surface ectoderm,11
235_337,Cavity,11
236_104,Cavity,16
236_105,Meninges,16
236_106,Meninges,13
236_107,Meninges,13
236_108,Brain,1
236_109,Brain,14
236_110,Brain,14
236_111,Brain,14
236_112,Brain,14
236_113,Brain,14
236_114,Brain,14
236_115,Brain,14
236_116,Brain,14
236_117,Brain,14
236_118,Brain,14
236_119,Brain,14
236_120,Brain,14
236_121,Brain,14
236_122,Brain,14
236_123,Brain,14
236_124,Brain,14
236_125,Brain,14
236_126,Brain,14
236_127,Brain,14
236_128,Brain,14
236_129,Brain,14
236_130,Brain,14
236_131,Brain,14
236_132,Brain,14
236_133,Brain,14
236_134,Brain,14
236_135,Brain,14
236_136,Brain,14
236_137,Brain,14
236_138,Brain,14
236_139,Brain,14
236_140,Brain,14
236_141,Brain,14
236_142,Brain,14
236_143,Brain,14
236_144,Brain,14
236_145,Brain,14
236_146,Brain,14
236_147,Brain,14
236_148,Brain,14
236_149,Brain,14
236_150,Brain,14
236_151,Brain,14
236_152,Brain,14
236_153,Cavity,14
236_154,Cavity,13
236_155,Cavity,13
236_156,Cavity,13
236_157,Cavity,13
236_158,Cavity,13
236_159,Cavity,13
236_160,Cavity,13
236_161,Cavity,13
236_162,Brain,14
236_163,Brain,12
236_164,Brain,12
236_165,Brain,12
236_166,Brain,12
236_167,Brain,12
236_168,Brain,12
236_169,Brain,12
236_170,Brain,12
236_171,Brain,12
236_172,Brain,12
236_173,Brain,12
236_174,Brain,12
236_175,Brain,12
236_176,Brain,12
236_177,Brain,12
236_178,Brain,12
236_179,Brain,12
236_180,Brain,12
236_181,Brain,12
236_182,Brain,12
236_183,Brain,12
236_184,Brain,12
236_185,Brain,12
236_186,Brain,12
236_187,Brain,12
236_188,Brain,12
236_189,Brain,13
236_190,Jaw and tooth,8
236_191,Jaw and tooth,8
236_192,Jaw and tooth,8
236_193,Jaw and tooth,8
236_194,Jaw and tooth,8
236_195,Jaw and tooth,8
236_196,Jaw and tooth,8
236_197,Jaw and tooth,8
236_198,Jaw and tooth,8
236_199,Surface ectoderm,8
236_234,Cavity,16
236_235,Heart,3
236_236,Heart,3
236_237,Heart,3
236_238,Heart,3
236_239,Heart,3
236_240,Heart,3
236_241,Heart,3
236_242,Heart,3
236_243,Heart,3
236_244,Heart,3
236_245,Heart,3
236_246,Heart,9
236_247,Heart,9
236_248,Heart,9
236_249,Heart,9
236_250,Heart,9
236_251,Heart,9
236_252,Heart,9
236_253,Heart,9
236_254,Heart,18
236_255,Liver,18
236_256,Liver,18
236_257,Liver,18
236_258,Liver,18
236_259,Liver,18
236_260,Liver,18
236_261,Liver,18
236_262,Liver,18
236_263,Liver,18
236_264,Liver,18
236_265,Liver,18
236_266,Liver,18
236_267,Liver,18
236_268,Liver,18
236_269,Liver,18
236_270,Cavity,19
236_271,Cavity,19
236_272,Cavity,19
236_273,Cavity,19
236_274,Cavity,19
236_275,Cavity,19
236_276,Cavity,19
236_277,Cavity,19
236_278,Liver,19
236_279,Liver,18
236_280,Liver,18
236_281,GI tract,5
236_282,GI tract,5
236_283,GI tract,5
236_284,GI tract,5
236_285,GI tract,5
236_286,GI tract,5
236_287,GI tract,5
236_288,GI tract,5
236_289,GI tract,5
236_290,GI tract,5
236_291,GI tract,5
236_292,GI tract,5
236_293,GI tract,5
236_294,GI tract,5
236_295,GI tract,5
236_296,GI tract,5
236_297,GI tract,5
236_298,GI tract,5
236_299,Urogenital ridge,5
236_300,Urogenital ridge,5
236_301,Urogenital ridge,5
236_302,Urogenital ridge,5
236_303,Urogenital ridge,5
236_304,Urogenital ridge,5
236_305,Urogenital ridge,5
236_306,Urogenital ridge,5
236_307,Urogenital ridge,5
236_308,Urogenital ridge,5
236_309,Urogenital ridge,5
236_310,Urogenital ridge,6
236_311,Urogenital ridge,6
236_312,Sclerotome,4
236_313,Sclerotome,4
236_314,Dermomyotome,4
236_315,Dermomyotome,17
236_316,Dermomyotome,17
236_317,Dermomyotome,17
236_318,Dermomyotome,17
236_319,Dermomyotome,17
236_320,Dermomyotome,17
236_321,Dermomyotome,17
236_322,Dermomyotome,17
236_323,Dermomyotome,4
236_324,Dermomyotome,4
236_325,Dermomyotome,4
236_326,Dermomyotome,4
236_327,Dermomyotome,11
236_328,Sclerotome,11
236_329,Dermomyotome,11
236_330,Dermomyotome,11
236_331,Sclerotome,11
236_332,Sclerotome,11
236_333,Surface ectoderm,11
236_334,Surface ectoderm,11
236_335,Surface ectoderm,11
236_336,Surface ectoderm,11
236_337,Surface ectoderm,11
237_105,Meninges,16
237_106,Meninges,13
237_107,Meninges,13
237_108,Meninges,13
237_109,Brain,14
237_110,Brain,14
237_111,Brain,14
237_112,Brain,14
237_113,Brain,14
237_114,Brain,14
237_115,Brain,14
237_116,Brain,14
237_117,Brain,14
237_118,Brain,14
237_119,Brain,14
237_120,Brain,14
237_121,Brain,14
237_122,Brain,14
237_123,Brain,14
237_124,Brain,14
237_125,Brain,14
237_126,Brain,14
237_127,Brain,14
237_128,Brain,14
237_129,Brain,14
237_130,Brain,14
237_131,Brain,14
237_132,Brain,14
237_133,Brain,14
237_134,Brain,14
237_135,Brain,14
237_136,Brain,14
237_137,Brain,14
237_138,Brain,14
237_139,Brain,14
237_140,Brain,14
237_141,Brain,14
237_142,Brain,14
237_143,Brain,14
237_144,Brain,14
237_145,Brain,14
237_146,Brain,14
237_147,Brain,14
237_148,Brain,14
237_149,Brain,14
237_150,Brain,14
237_151,Brain,14
237_152,Brain,14
237_153,Cavity,13
237_154,Cavity,13
237_155,Cavity,13
237_156,Cavity,13
237_157,Cavity,13
237_158,Cavity,13
237_159,Cavity,13
237_160,Cavity,13
237_161,Cavity,13
237_162,Cavity,13
237_163,Brain,12
237_164,Brain,12
237_165,Brain,12
237_166,Brain,12
237_167,Brain,12
237_168,Brain,12
237_169,Brain,12
237_170,Brain,12
237_171,Brain,12
237_172,Brain,12
237_173,Brain,12
237_174,Brain,12
237_175,Brain,12
237_176,Brain,12
237_177,Brain,12
237_178,Brain,12
237_179,Brain,12
237_180,Brain,12
237_181,Brain,12
237_182,Brain,12
237_183,Brain,12
237_184,Brain,12
237_185,Brain,12
237_186,Brain,12
237_187,Brain,12
237_188,Brain,12
237_189,Brain,13
237_190,Jaw and tooth,8
237_191,Jaw and tooth,8
237_192,Jaw and tooth,8
237_193,Jaw and tooth,8
237_194,Jaw and tooth,8
237_195,Jaw and tooth,8
237_196,Jaw and tooth,8
237_197,Jaw and tooth,8
237_198,Jaw and tooth,8
237_199,Surface ectoderm,8
237_236,Heart,3
237_237,Heart,3
237_238,Heart,3
237_239,Heart,3
237_240,Heart,3
237_241,Heart,3
237_242,Heart,3
237_243,Heart,3
237_244,Heart,3
237_245,Heart,3
237_246,Heart,3
237_247,Heart,3
237_248,Heart,9
237_249,Heart,9
237_250,Heart,9
237_251,Heart,9
237_252,Heart,9
237_253,Liver,18
237_254,Liver,18
237_255,Liver,18
237_256,Liver,18
237_257,Liver,18
237_258,Liver,18
237_259,Liver,18
237_260,Liver,18
237_261,Liver,18
237_262,Liver,18
237_263,Liver,18
237_264,Liver,18
237_265,Liver,18
237_266,Liver,18
237_267,Liver,18
237_268,Liver,18
237_269,Cavity,19
237_270,Cavity,19
237_271,Cavity,19
237_272,Cavity,19
237_273,Blood vessel,19
237_274,Blood vessel,19
237_275,Cavity,19
237_276,Cavity,19
237_277,Cavity,19
237_278,Liver,18
237_279,Liver,18
237_280,GI tract,18
237_281,GI tract,5
237_282,GI tract,5
237_283,GI tract,5
237_284,GI tract,5
237_285,GI tract,5
237_286,GI tract,5
237_287,GI tract,5
237_288,GI tract,5
237_289,GI tract,5
237_290,GI tract,5
237_291,GI tract,5
237_292,GI tract,5
237_293,GI tract,5
237_294,GI tract,5
237_295,GI tract,5
237_296,GI tract,5
237_297,GI tract,5
237_298,GI tract,5
237_299,Urogenital ridge,5
237_300,Urogenital ridge,5
237_301,Urogenital ridge,5
237_302,Urogenital ridge,5
237_303,Urogenital ridge,5
237_304,Urogenital ridge,5
237_305,Urogenital ridge,5
237_306,Urogenital ridge,5
237_307,Urogenital ridge,5
237_308,Urogenital ridge,5
237_309,Urogenital ridge,5
237_310,Urogenital ridge,6
237_311,Dermomyotome,4
237_312,Dermomyotome,4
237_313,Dermomyotome,4
237_314,Dermomyotome,17
237_315,Dermomyotome,17
237_316,Dermomyotome,17
237_317,Dermomyotome,17
237_318,Dermomyotome,17
237_319,Dermomyotome,17
237_320,Dermomyotome,17
237_321,Dermomyotome,4
237_322,Sclerotome,4
237_323,Sclerotome,6
237_324,Dermomyotome,6
237_325,Dermomyotome,6
237_326,Dermomyotome,6
237_327,Dermomyotome,11
237_328,Sclerotome,11
237_329,Sclerotome,11
237_330,Sclerotome,11
237_331,Sclerotome,11
237_332,Sclerotome,11
237_333,Surface ectoderm,11
237_334,Surface ectoderm,11
237_335,Surface ectoderm,11
237_336,Surface ectoderm,11
237_337,Surface ectoderm,11
237_338,Cavity,16
238_105,Cavity,16
238_106,Meninges,16
238_107,Meninges,13
238_108,Meninges,13
238_109,Meninges,14
238_110,Brain,14
238_111,Brain,14
238_112,Brain,14
238_113,Brain,14
238_114,Brain,14
238_115,Brain,14
238_116,Brain,14
238_117,Brain,14
238_118,Brain,14
238_119,Brain,14
238_120,Brain,14
238_121,Brain,14
238_122,Brain,14
238_123,Brain,14
238_124,Brain,14
238_125,Brain,14
238_126,Brain,14
238_127,Brain,14
238_128,Brain,14
238_129,Brain,14
238_130,Brain,14
238_131,Brain,14
238_132,Brain,14
238_133,Brain,14
238_134,Brain,14
238_135,Brain,14
238_136,Brain,14
238_137,Brain,14
238_138,Brain,14
238_139,Brain,14
238_140,Brain,14
238_141,Brain,14
238_142,Brain,14
238_143,Brain,14
238_144,Brain,14
238_145,Brain,14
238_146,Brain,14
238_147,Brain,14
238_148,Brain,14
238_149,Brain,14
238_150,Brain,14
238_151,Brain,14
238_152,Cavity,14
238_153,Cavity,13
238_154,Cavity,13
238_155,Cavity,13
238_156,Cavity,13
238_157,Cavity,13
238_158,Cavity,13
238_159,Cavity,13
238_160,Cavity,13
238_161,Cavity,13
238_162,Cavity,13
238_163,Brain,14
238_164,Brain,12
238_165,Brain,12
238_166,Brain,12
238_167,Brain,12
238_168,Brain,12
238_169,Brain,12
238_170,Brain,12
238_171,Brain,12
238_172,Brain,12
238_173,Brain,12
238_174,Brain,12
238_175,Brain,12
238_176,Brain,12
238_177,Brain,12
238_178,Brain,12
238_179,Brain,12
238_180,Brain,12
238_181,Brain,12
238_182,Brain,12
238_183,Brain,12
238_184,Brain,12
238_185,Brain,12
238_186,Brain,12
238_187,Brain,12
238_188,Brain,12
238_189,Head mesenchyme,13
238_190,Jaw and tooth,8
238_191,Jaw and tooth,8
238_192,Jaw and tooth,8
238_193,Jaw and tooth,8
238_194,Jaw and tooth,8
238_195,Jaw and tooth,8
238_196,Jaw and tooth,8
238_197,Jaw and tooth,8
238_198,Jaw and tooth,8
238_199,Surface ectoderm,8
238_236,Cavity,16
238_237,Cavity,3
238_238,Heart,3
238_239,Heart,3
238_240,Heart,3
238_241,Heart,3
238_242,Heart,3
238_243,Heart,3
238_244,Heart,3
238_245,Heart,3
238_246,Heart,3
238_247,Heart,3
238_248,Heart,3
238_249,Heart,3
238_250,Heart,3
238_251,Heart,3
238_252,Liver,18
238_253,Liver,18
238_254,Liver,18
238_255,Liver,18
238_256,Liver,18
238_257,Liver,18
238_258,Liver,18
238_259,Liver,18
238_260,Liver,18
238_261,Liver,18
238_262,Liver,18
238_263,Liver,18
238_264,Liver,18
238_265,Liver,18
238_266,Liver,18
238_267,Liver,18
238_268,Cavity,19
238_269,Cavity,19
238_270,Cavity,19
238_271,Cavity,19
238_272,Blood vessel,19
238_273,Heart,3
238_274,Heart,18
238_275,Liver,19
238_276,Cavity,19
238_277,Cavity,19
238_278,Liver,18
238_279,Liver,18
238_280,Liver,5
238_281,GI tract,5
238_282,GI tract,5
238_283,GI tract,5
238_284,Connective tissue,5
238_285,GI tract,5
238_286,GI tract,5
238_287,GI tract,5
238_288,GI tract,5
238_289,GI tract,5
238_290,GI tract,5
238_291,GI tract,5
238_292,GI tract,5
238_293,GI tract,5
238_294,GI tract,5
238_295,GI tract,5
238_296,GI tract,5
238_297,GI tract,5
238_298,GI tract,5
238_299,Urogenital ridge,5
238_300,Urogenital ridge,5
238_301,Urogenital ridge,5
238_302,Urogenital ridge,5
238_303,Urogenital ridge,5
238_304,Urogenital ridge,5
238_305,Urogenital ridge,5
238_306,Urogenital ridge,5
238_307,Urogenital ridge,5
238_308,Urogenital ridge,5
238_309,Urogenital ridge,5
238_310,Urogenital ridge,6
238_311,Urogenital ridge,4
238_312,Dermomyotome,4
238_313,Dermomyotome,4
238_314,Dermomyotome,4
238_315,Sclerotome,4
238_316,Sclerotome,4
238_317,Sclerotome,4
238_318,Sclerotome,4
238_319,Sclerotome,4
238_320,Sclerotome,4
238_321,Sclerotome,6
238_322,Sclerotome,6
238_323,Sclerotome,6
238_324,Sclerotome,6
238_325,Sclerotome,6
238_326,Dermomyotome,6
238_327,Dermomyotome,6
238_328,Sclerotome,11
238_329,Sclerotome,11
238_330,Sclerotome,11
238_331,Sclerotome,11
238_332,Sclerotome,11
238_333,Sclerotome,11
238_334,Surface ectoderm,11
238_335,Surface ectoderm,11
238_336,Surface ectoderm,11
238_337,Surface ectoderm,11
238_338,Cavity,16
239_106,Meninges,16
239_107,Meninges,13
239_108,Meninges,13
239_109,Meninges,13
239_110,Brain,14
239_111,Brain,14
239_112,Brain,14
239_113,Brain,14
239_114,Brain,14
239_115,Brain,14
239_116,Brain,14
239_117,Brain,14
239_118,Brain,14
239_119,Brain,14
239_120,Brain,14
239_121,Brain,14
239_122,Brain,14
239_123,Brain,14
239_124,Brain,14
239_125,Brain,14
239_126,Brain,14
239_127,Brain,14
239_128,Brain,14
239_129,Brain,14
239_130,Brain,14
239_131,Brain,14
239_132,Brain,14
239_133,Brain,14
239_134,Brain,14
239_135,Brain,14
239_136,Brain,14
239_137,Brain,14
239_138,Brain,14
239_139,Brain,14
239_140,Brain,14
239_141,Brain,14
239_142,Brain,14
239_143,Brain,14
239_144,Brain,14
239_145,Brain,14
239_146,Brain,14
239_147,Brain,14
239_148,Brain,14
239_149,Brain,14
239_150,Brain,14
239_151,Brain,14
239_152,Cavity,14
239_153,Cavity,13
239_154,Cavity,13
239_155,Cavity,13
239_156,Cavity,13
239_157,Cavity,13
239_158,Cavity,13
239_159,Cavity,13
239_160,Cavity,13
239_161,Cavity,13
239_162,Cavity,13
239_163,Brain,13
239_164,Brain,12
239_165,Brain,12
239_166,Brain,12
239_167,Brain,12
239_168,Brain,12
239_169,Brain,12
239_170,Brain,12
239_171,Brain,12
239_172,Brain,12
239_173,Brain,12
239_174,Brain,12
239_175,Brain,12
239_176,Brain,12
239_177,Brain,12
239_178,Brain,12
239_179,Brain,12
239_180,Brain,12
239_181,Brain,12
239_182,Brain,12
239_183,Brain,12
239_184,Brain,12
239_185,Brain,12
239_186,Brain,12
239_187,Brain,12
239_188,Brain,12
239_189,Head mesenchyme,8
239_190,Jaw and tooth,8
239_191,Jaw and tooth,8
239_192,Jaw and tooth,8
239_193,Jaw and tooth,8
239_194,Connective tissue,8
239_195,Branchial arch,8
239_196,Jaw and tooth,8
239_197,Jaw and tooth,8
239_198,Jaw and tooth,8
239_199,Surface ectoderm,8
239_240,Cavity,3
239_241,Heart,3
239_242,Heart,3
239_243,Heart,3
239_244,Heart,3
239_245,Heart,3
239_246,Heart,3
239_247,Heart,3
239_248,Heart,3
239_249,Heart,3
239_250,Heart,3
239_251,Heart,3
239_252,Liver,18
239_253,Liver,18
239_254,Liver,18
239_255,Liver,18
239_256,Liver,18
239_257,Liver,18
239_258,Liver,18
239_259,Liver,18
239_260,Liver,18
239_261,Liver,18
239_262,Liver,18
239_263,Liver,18
239_264,Liver,18
239_265,Liver,18
239_266,Liver,18
239_267,Liver,18
239_268,Cavity,18
239_269,Cavity,19
239_270,Cavity,19
239_271,Blood vessel,3
239_272,Heart,3
239_273,Liver,18
239_274,Liver,18
239_275,Liver,18
239_276,Liver,18
239_277,Liver,18
239_278,Liver,18
239_279,Liver,18
239_280,GI tract,5
239_281,GI tract,5
239_282,GI tract,5
239_283,GI tract,5
239_284,Connective tissue,5
239_285,GI tract,5
239_286,GI tract,5
239_287,GI tract,5
239_288,GI tract,5
239_289,GI tract,5
239_290,GI tract,5
239_291,GI tract,5
239_292,GI tract,5
239_293,GI tract,5
239_294,GI tract,5
239_295,GI tract,5
239_296,GI tract,5
239_297,GI tract,5
239_298,GI tract,5
239_299,Urogenital ridge,5
239_300,Urogenital ridge,5
239_301,Urogenital ridge,5
239_302,Urogenital ridge,5
239_303,Urogenital ridge,5
239_304,Urogenital ridge,5
239_305,Urogenital ridge,5
239_306,Urogenital ridge,5
239_307,Urogenital ridge,5
239_308,Urogenital ridge,5
239_309,Urogenital ridge,5
239_310,Urogenital ridge,6
239_311,Urogenital ridge,6
239_312,Urogenital ridge,6
239_313,Sclerotome,6
239_314,Sclerotome,6
239_315,Sclerotome,6
239_316,Sclerotome,6
239_317,Sclerotome,6
239_318,Sclerotome,6
239_319,Sclerotome,6
239_320,Sclerotome,6
239_321,Sclerotome,6
239_322,Sclerotome,6
239_323,Sclerotome,6
239_324,Sclerotome,6
239_325,Sclerotome,6
239_326,Dermomyotome,6
239_327,Dermomyotome,6
239_328,Sclerotome,11
239_329,Sclerotome,11
239_330,Sclerotome,11
239_331,Sclerotome,11
239_332,Sclerotome,11
239_333,Sclerotome,11
239_334,Surface ectoderm,11
239_335,Surface ectoderm,11
239_336,Surface ectoderm,11
239_337,Surface ectoderm,11
239_338,Cavity,11
240_106,Cavity,16
240_107,Meninges,16
240_108,Meninges,13
240_109,Meninges,13
240_110,Meninges,14
240_111,Brain,14
240_112,Brain,14
240_113,Brain,14
240_114,Brain,14
240_115,Brain,14
240_116,Brain,14
240_117,Brain,14
240_118,Brain,14
240_119,Brain,14
240_120,Brain,14
240_121,Brain,14
240_122,Brain,14
240_123,Brain,14
240_124,Brain,14
240_125,Brain,14
240_126,Brain,14
240_127,Brain,14
240_128,Brain,14
240_129,Brain,14
240_130,Brain,14
240_131,Brain,14
240_132,Brain,14
240_133,Brain,14
240_134,Brain,14
240_135,Brain,14
240_136,Brain,14
240_137,Brain,14
240_138,Brain,14
240_139,Brain,14
240_140,Brain,14
240_141,Brain,14
240_142,Brain,14
240_143,Brain,14
240_144,Brain,14
240_145,Brain,14
240_146,Brain,14
240_147,Brain,14
240_148,Brain,14
240_149,Brain,14
240_150,Brain,14
240_151,Brain,14
240_152,Cavity,13
240_153,Cavity,13
240_154,Cavity,13
240_155,Cavity,13
240_156,Cavity,13
240_157,Cavity,13
240_158,Cavity,13
240_159,Cavity,13
240_160,Cavity,13
240_161,Cavity,13
240_162,Cavity,13
240_163,Cavity,13
240_164,Brain,13
240_165,Brain,12
240_166,Brain,12
240_167,Brain,12
240_168,Brain,12
240_169,Brain,12
240_170,Brain,12
240_171,Brain,12
240_172,Brain,12
240_173,Brain,12
240_174,Brain,12
240_175,Brain,12
240_176,Brain,12
240_177,Brain,12
240_178,Brain,12
240_179,Brain,12
240_180,Brain,12
240_181,Brain,12
240_182,Brain,12
240_183,Brain,12
240_184,Brain,12
240_185,Brain,12
240_186,Brain,12
240_187,Brain,12
240_188,Brain,12
240_189,Jaw and tooth,8
240_190,Jaw and tooth,8
240_191,Jaw and tooth,8
240_192,Jaw and tooth,8
240_193,Jaw and tooth,8
240_194,Jaw and tooth,8
240_195,Jaw and tooth,8
240_196,Jaw and tooth,8
240_197,Jaw and tooth,8
240_198,Jaw and tooth,8
240_199,Surface ectoderm,8
240_242,Cavity,3
240_243,Heart,3
240_244,Heart,3
240_245,Heart,3
240_246,Heart,3
240_247,Heart,3
240_248,Heart,3
240_249,Heart,3
240_250,Heart,3
240_251,Heart,3
240_252,Liver,18
240_253,Liver,18
240_254,Liver,18
240_255,Liver,18
240_256,Liver,18
240_257,Liver,18
240_258,Liver,18
240_259,Liver,18
240_260,Liver,18
240_261,Liver,18
240_262,Liver,18
240_263,Liver,18
240_264,Liver,18
240_265,Liver,18
240_266,Liver,18
240_267,Liver,18
240_268,Liver,18
240_269,Heart,18
240_270,Liver,18
240_271,Liver,18
240_272,Liver,18
240_273,Liver,18
240_274,Liver,18
240_275,Liver,18
240_276,Liver,18
240_277,Liver,18
240_278,Liver,18
240_279,Liver,18
240_280,GI tract,5
240_281,GI tract,5
240_282,GI tract,5
240_283,GI tract,5
240_284,GI tract,5
240_285,GI tract,5
240_286,GI tract,5
240_287,GI tract,5
240_288,GI tract,5
240_289,GI tract,5
240_290,GI tract,5
240_291,GI tract,5
240_292,GI tract,5
240_293,GI tract,5
240_294,GI tract,5
240_295,GI tract,5
240_296,GI tract,5
240_297,GI tract,5
240_298,GI tract,5
240_299,Urogenital ridge,5
240_300,Urogenital ridge,5
240_301,Urogenital ridge,5
240_302,Urogenital ridge,5
240_303,Urogenital ridge,5
240_304,Urogenital ridge,5
240_305,Urogenital ridge,5
240_306,Urogenital ridge,5
240_307,Urogenital ridge,5
240_308,Urogenital ridge,5
240_309,Urogenital ridge,5
240_310,Urogenital ridge,6
240_311,Urogenital ridge,6
240_312,Urogenital ridge,6
240_313,Sclerotome,6
240_314,Sclerotome,6
240_315,Sclerotome,6
240_316,Sclerotome,6
240_317,Sclerotome,6
240_318,Sclerotome,6
240_319,Sclerotome,6
240_320,Sclerotome,6
240_321,Sclerotome,6
240_322,Sclerotome,6
240_323,Sclerotome,6
240_324,Sclerotome,6
240_325,Dermomyotome,6
240_326,Dermomyotome,6
240_327,Dermomyotome,6
240_328,Dermomyotome,6
240_329,Sclerotome,11
240_330,Sclerotome,11
240_331,Sclerotome,11
240_332,Sclerotome,11
240_333,Sclerotome,11
240_334,Surface ectoderm,11
240_335,Surface ectoderm,11
240_336,Surface ectoderm,11
240_337,Surface ectoderm,11
240_338,Surface ectoderm,11
241_107,Cavity,16
241_108,Meninges,13
241_109,Meninges,13
241_110,Meninges,13
241_111,Brain,14
241_112,Brain,14
241_113,Brain,14
241_114,Brain,14
241_115,Brain,14
241_116,Brain,14
241_117,Brain,14
241_118,Brain,14
241_119,Brain,14
241_120,Brain,14
241_121,Brain,14
241_122,Brain,14
241_123,Brain,14
241_124,Brain,14
241_125,Brain,14
241_126,Brain,14
241_127,Brain,14
241_128,Brain,14
241_129,Brain,14
241_130,Brain,14
241_131,Brain,14
241_132,Brain,14
241_133,Brain,14
241_134,Brain,14
241_135,Brain,14
241_136,Brain,14
241_137,Brain,14
241_138,Brain,14
241_139,Brain,14
241_140,Brain,14
241_141,Brain,14
241_142,Brain,14
241_143,Brain,14
241_144,Brain,14
241_145,Brain,14
241_146,Brain,14
241_147,Brain,14
241_148,Brain,14
241_149,Brain,14
241_150,Brain,14
241_151,Brain,14
241_152,Cavity,13
241_153,Cavity,13
241_154,Cavity,13
241_155,Cavity,13
241_156,Cavity,13
241_157,Cavity,13
241_158,Cavity,13
241_159,Cavity,13
241_160,Cavity,13
241_161,Cavity,13
241_162,Cavity,13
241_163,Cavity,13
241_164,Brain,13
241_165,Cavity,12
241_166,Brain,12
241_167,Brain,12
241_168,Brain,12
241_169,Brain,12
241_170,Brain,12
241_171,Brain,12
241_172,Brain,12
241_173,Brain,12
241_174,Brain,12
241_175,Brain,12
241_176,Brain,12
241_177,Brain,12
241_178,Brain,12
241_179,Brain,12
241_180,Brain,12
241_181,Brain,12
241_182,Brain,12
241_183,Brain,12
241_184,Brain,12
241_185,Brain,12
241_186,Brain,12
241_187,Brain,12
241_188,Brain,13
241_189,Jaw and tooth,8
241_190,Jaw and tooth,8
241_191,Jaw and tooth,8
241_192,Jaw and tooth,8
241_193,Jaw and tooth,8
241_194,Jaw and tooth,8
241_195,Jaw and tooth,8
241_196,Jaw and tooth,8
241_197,Jaw and tooth,8
241_198,Jaw and tooth,8
241_199,Surface ectoderm,8
241_243,Heart,3
241_244,Heart,3
241_245,Heart,3
241_246,Heart,3
241_247,Heart,19
241_248,Heart,3
241_249,Heart,3
241_250,Heart,3
241_251,Heart,3
241_252,Liver,18
241_253,Liver,18
241_254,Liver,18
241_255,Liver,18
241_256,Liver,18
241_257,Liver,18
241_258,Liver,18
241_259,Liver,18
241_260,Liver,18
241_261,Liver,18
241_262,Liver,18
241_263,Liver,18
241_264,Liver,18
241_265,Liver,18
241_266,Liver,18
241_267,Liver,18
241_268,Liver,18
241_269,Liver,18
241_270,Liver,18
241_271,Liver,18
241_272,Liver,18
241_273,Liver,18
241_274,Liver,18
241_275,Liver,18
241_276,Liver,18
241_277,Liver,18
241_278,Liver,18
241_279,Liver,18
241_280,GI tract,5
241_281,GI tract,5
241_282,GI tract,5
241_283,GI tract,5
241_284,GI tract,5
241_285,GI tract,5
241_286,GI tract,5
241_287,GI tract,5
241_288,GI tract,5
241_289,GI tract,5
241_290,GI tract,5
241_291,GI tract,5
241_292,GI tract,5
241_293,GI tract,5
241_294,GI tract,5
241_295,GI tract,5
241_296,GI tract,5
241_297,GI tract,5
241_298,Urogenital ridge,5
241_299,Urogenital ridge,5
241_300,Urogenital ridge,5
241_301,Urogenital ridge,5
241_302,Urogenital ridge,5
241_303,Urogenital ridge,5
241_304,Urogenital ridge,5
241_305,Urogenital ridge,5
241_306,Urogenital ridge,5
241_307,Urogenital ridge,5
241_308,Urogenital ridge,5
241_309,Urogenital ridge,5
241_310,Urogenital ridge,6
241_311,Urogenital ridge,6
241_312,Sclerotome,6
241_313,Sclerotome,6
241_314,Sclerotome,6
241_315,Sclerotome,6
241_316,Sclerotome,6
241_317,Sclerotome,6
241_318,Sclerotome,6
241_319,Sclerotome,4
241_320,Sclerotome,4
241_321,Sclerotome,4
241_322,Dermomyotome,4
241_323,Sclerotome,4
241_324,Sclerotome,6
241_325,Dermomyotome,6
241_326,Dermomyotome,6
241_327,Dermomyotome,6
241_328,Sclerotome,6
241_329,Sclerotome,11
241_330,Sclerotome,11
241_331,Sclerotome,11
241_332,Sclerotome,11
241_333,Sclerotome,11
241_334,Surface ectoderm,11
241_335,Surface ectoderm,11
241_336,Surface ectoderm,11
241_337,Surface ectoderm,11
241_338,Surface ectoderm,11
242_108,Surface ectoderm,16
242_109,Meninges,13
242_110,Meninges,13
242_111,Meninges,14
242_112,Brain,14
242_113,Brain,14
242_114,Brain,14
242_115,Brain,14
242_116,Brain,14
242_117,Brain,14
242_118,Brain,14
242_119,Brain,14
242_120,Brain,14
242_121,Brain,14
242_122,Brain,14
242_123,Brain,14
242_124,Brain,14
242_125,Brain,14
242_126,Brain,14
242_127,Brain,14
242_128,Brain,14
242_129,Brain,14
242_130,Brain,14
242_131,Brain,14
242_132,Brain,14
242_133,Brain,14
242_134,Brain,14
242_135,Brain,14
242_136,Brain,14
242_137,Brain,14
242_138,Brain,14
242_139,Brain,14
242_140,Brain,14
242_141,Brain,14
242_142,Brain,14
242_143,Brain,14
242_144,Brain,14
242_145,Brain,14
242_146,Brain,14
242_147,Brain,10
242_148,Brain,14
242_149,Brain,14
242_150,Brain,14
242_151,Brain,14
242_152,Cavity,13
242_153,Cavity,13
242_154,Cavity,13
242_155,Cavity,13
242_156,Cavity,13
242_157,Cavity,13
242_158,Cavity,13
242_159,Cavity,13
242_160,Cavity,13
242_161,Cavity,13
242_162,Cavity,13
242_163,Cavity,13
242_164,Cavity,13
242_165,Brain,13
242_166,Cavity,13
242_167,Cavity,13
242_168,Cavity,13
242_169,Brain,13
242_170,Brain,12
242_171,Brain,12
242_172,Brain,12
242_173,Brain,12
242_174,Brain,12
242_175,Brain,12
242_176,Brain,12
242_177,Brain,12
242_178,Brain,12
242_179,Brain,12
242_180,Brain,12
242_181,Brain,12
242_182,Brain,12
242_183,Brain,12
242_184,Brain,12
242_185,Brain,12
242_186,Brain,12
242_187,Brain,12
242_188,Head mesenchyme,13
242_189,Jaw and tooth,8
242_190,Jaw and tooth,8
242_191,Jaw and tooth,8
242_192,Jaw and tooth,8
242_193,Jaw and tooth,8
242_194,Jaw and tooth,8
242_195,Jaw and tooth,8
242_196,Jaw and tooth,8
242_197,Jaw and tooth,8
242_198,Jaw and tooth,8
242_199,Surface ectoderm,8
242_243,Heart,3
242_244,Heart,3
242_245,Heart,3
242_246,Cavity,19
242_247,Cavity,19
242_248,Cavity,19
242_249,Heart,3
242_250,Heart,3
242_251,Heart,3
242_252,Liver,18
242_253,Liver,18
242_254,Liver,18
242_255,Liver,18
242_256,Liver,18
242_257,Liver,18
242_258,Liver,18
242_259,Liver,18
242_260,Liver,18
242_261,Liver,18
242_262,Liver,18
242_263,Liver,18
242_264,Liver,18
242_265,Liver,18
242_266,Liver,18
242_267,Liver,18
242_268,Liver,18
242_269,Liver,18
242_270,Liver,18
242_271,Liver,18
242_272,Liver,18
242_273,Liver,18
242_274,Liver,18
242_275,Liver,18
242_276,Liver,18
242_277,Liver,18
242_278,Liver,18
242_279,Liver,18
242_280,GI tract,5
242_281,GI tract,5
242_282,GI tract,5
242_283,GI tract,5
242_284,GI tract,5
242_285,GI tract,5
242_286,GI tract,5
242_287,GI tract,5
242_288,GI tract,5
242_289,GI tract,5
242_290,GI tract,5
242_291,GI tract,5
242_292,GI tract,5
242_293,GI tract,5
242_294,GI tract,5
242_295,GI tract,5
242_296,GI tract,5
242_297,GI tract,5
242_298,Urogenital ridge,5
242_299,Urogenital ridge,5
242_300,Urogenital ridge,5
242_301,Urogenital ridge,5
242_302,Urogenital ridge,5
242_303,Urogenital ridge,5
242_304,Connective tissue,5
242_305,Connective tissue,5
242_306,Urogenital ridge,5
242_307,Urogenital ridge,5
242_308,Urogenital ridge,5
242_309,Urogenital ridge,5
242_310,Urogenital ridge,5
242_311,Urogenital ridge,6
242_312,Sclerotome,6
242_313,Sclerotome,6
242_314,Sclerotome,6
242_315,Connective tissue,6
242_316,Sclerotome,6
242_317,Sclerotome,4
242_318,Dermomyotome,17
242_319,Dermomyotome,17
242_320,Dermomyotome,17
242_321,Dermomyotome,17
242_322,Dermomyotome,17
242_323,Dermomyotome,17
242_324,Dermomyotome,4
242_325,Dermomyotome,4
242_326,Dermomyotome,4
242_327,Dermomyotome,6
242_328,Sclerotome,11
242_329,Sclerotome,11
242_330,Sclerotome,11
242_331,Sclerotome,11
242_332,Sclerotome,11
242_333,Sclerotome,11
242_334,Surface ectoderm,11
242_335,Surface ectoderm,11
242_336,Surface ectoderm,11
242_337,Surface ectoderm,11
242_338,Surface ectoderm,11
242_339,Cavity,16
243_108,Cavity,16
243_109,Meninges,13
243_110,Meninges,13
243_111,Meninges,13
243_112,Meninges,14
243_113,Brain,14
243_114,Brain,14
243_115,Brain,14
243_116,Brain,14
243_117,Brain,14
243_118,Brain,14
243_119,Brain,14
243_120,Brain,14
243_121,Brain,14
243_122,Brain,14
243_123,Brain,14
243_124,Brain,14
243_125,Brain,14
243_126,Brain,14
243_127,Brain,14
243_128,Brain,14
243_129,Brain,14
243_130,Brain,14
243_131,Brain,14
243_132,Brain,14
243_133,Brain,14
243_134,Brain,14
243_135,Brain,14
243_136,Brain,14
243_137,Brain,14
243_138,Brain,14
243_139,Brain,14
243_140,Brain,14
243_141,Brain,14
243_142,Brain,14
243_143,Brain,14
243_144,Jaw and tooth,13
243_145,Brain,10
243_146,Brain,10
243_147,Brain,10
243_148,Brain,10
243_149,Brain,10
243_150,Brain,14
243_151,Cavity,13
243_152,Cavity,13
243_153,Cavity,13
243_154,Cavity,13
243_155,Cavity,13
243_156,Cavity,13
243_157,Cavity,13
243_158,Cavity,13
243_159,Cavity,13
243_160,Cavity,13
243_161,Brain,13
243_162,Cavity,13
243_163,Cavity,13
243_164,Cavity,13
243_165,Cavity,13
243_166,Cavity,13
243_167,Cavity,13
243_168,Cavity,13
243_169,Cavity,13
243_170,Cavity,13
243_171,Cavity,13
243_172,Brain,12
243_173,Brain,12
243_174,Brain,12
243_175,Brain,12
243_176,Brain,12
243_177,Brain,12
243_178,Brain,12
243_179,Brain,12
243_180,Brain,12
243_181,Brain,12
243_182,Brain,12
243_183,Brain,12
243_184,Brain,12
243_185,Brain,12
243_186,Brain,12
243_187,Brain,12
243_188,Head mesenchyme,8
243_189,Jaw and tooth,8
243_190,Jaw and tooth,8
243_191,Jaw and tooth,8
243_192,Jaw and tooth,8
243_193,Jaw and tooth,8
243_194,Jaw and tooth,8
243_195,Jaw and tooth,8
243_196,Jaw and tooth,8
243_197,Jaw and tooth,8
243_198,Jaw and tooth,8
243_199,Jaw and tooth,8
243_200,Cavity,8
243_242,Cavity,16
243_243,Heart,3
243_244,Heart,3
243_245,Cavity,19
243_246,Cavity,19
243_247,Cavity,19
243_248,Cavity,19
243_249,Heart,3
243_250,Heart,3
243_251,Heart,3
243_252,Liver,18
243_253,Liver,18
243_254,Liver,18
243_255,Liver,18
243_256,Liver,18
243_257,Liver,18
243_258,Liver,18
243_259,Liver,18
243_260,Liver,18
243_261,Liver,18
243_262,Liver,18
243_263,Liver,18
243_264,Liver,18
243_265,Liver,18
243_266,Liver,18
243_267,Liver,18
243_268,Liver,18
243_269,Liver,18
243_270,Liver,18
243_271,Liver,18
243_272,Liver,18
243_273,Liver,18
243_274,Liver,18
243_275,Liver,18
243_276,Liver,18
243_277,Liver,18
243_278,Liver,18
243_279,Connective tissue,18
243_280,GI tract,5
243_281,GI tract,5
243_282,GI tract,5
243_283,GI tract,5
243_284,GI tract,5
243_285,GI tract,5
243_286,GI tract,5
243_287,GI tract,5
243_288,GI tract,5
243_289,GI tract,5
243_290,GI tract,5
243_291,GI tract,5
243_292,GI tract,5
243_293,GI tract,5
243_294,GI tract,5
243_295,GI tract,5
243_296,GI tract,5
243_297,GI tract,5
243_298,Urogenital ridge,5
243_299,Urogenital ridge,5
243_300,Urogenital ridge,5
243_301,Urogenital ridge,5
243_302,Urogenital ridge,5
243_303,Urogenital ridge,5
243_304,Urogenital ridge,5
243_305,Urogenital ridge,5
243_306,Urogenital ridge,5
243_307,Urogenital ridge,5
243_308,Urogenital ridge,5
243_309,Urogenital ridge,5
243_310,Urogenital ridge,6
243_311,Urogenital ridge,6
243_312,Urogenital ridge,6
243_313,Urogenital ridge,6
243_314,Dermomyotome,4
243_315,Connective tissue,4
243_316,Dermomyotome,4
243_317,Dermomyotome,17
243_318,Dermomyotome,17
243_319,Dermomyotome,17
243_320,Dermomyotome,17
243_321,Dermomyotome,17
243_322,Dermomyotome,17
243_323,Dermomyotome,17
243_324,Dermomyotome,4
243_325,Dermomyotome,4
243_326,Dermomyotome,4
243_327,Dermomyotome,6
243_328,Dermomyotome,11
243_329,Sclerotome,11
243_330,Sclerotome,11
243_331,Sclerotome,11
243_332,Sclerotome,11
243_333,Sclerotome,11
243_334,Surface ectoderm,11
243_335,Surface ectoderm,11
243_336,Surface ectoderm,11
243_337,Surface ectoderm,11
243_338,Surface ectoderm,11
243_339,Cavity,11
244_108,Cavity,16
244_109,Surface ectoderm,16
244_110,Meninges,13
244_111,Meninges,13
244_112,Meninges,13
244_113,Meninges,14
244_114,Brain,14
244_115,Brain,14
244_116,Brain,14
244_117,Brain,14
244_118,Brain,14
244_119,Brain,14
244_120,Brain,14
244_121,Brain,14
244_122,Brain,14
244_123,Brain,14
244_124,Brain,14
244_125,Brain,14
244_126,Brain,14
244_127,Brain,14
244_128,Brain,14
244_129,Brain,14
244_130,Brain,14
244_131,Brain,14
244_132,Brain,14
244_133,Brain,14
244_134,Brain,14
244_135,Brain,14
244_136,Brain,14
244_137,Brain,14
244_138,Brain,14
244_139,Brain,14
244_140,Brain,14
244_141,Brain,14
244_142,Brain,14
244_143,Brain,14
244_144,Jaw and tooth,13
244_145,Jaw and tooth,13
244_146,Brain,10
244_147,Brain,10
244_148,Brain,10
244_149,Brain,10
244_150,Brain,10
244_151,Cavity,13
244_152,Cavity,13
244_153,Cavity,13
244_154,Cavity,13
244_155,Cavity,13
244_156,Cavity,13
244_157,Cavity,13
244_158,Cavity,13
244_159,Cavity,13
244_160,Cavity,13
244_161,Cavity,13
244_162,Cavity,13
244_163,Cavity,13
244_164,Cavity,13
244_165,Cavity,13
244_166,Cavity,13
244_167,Cavity,13
244_168,Cavity,13
244_169,Cavity,13
244_170,Cavity,13
244_171,Cavity,13
244_172,Cavity,13
244_173,Cavity,13
244_174,Brain,12
244_175,Brain,12
244_176,Brain,12
244_177,Brain,12
244_178,Brain,12
244_179,Brain,12
244_180,Brain,12
244_181,Brain,12
244_182,Brain,12
244_183,Brain,12
244_184,Brain,12
244_185,Brain,12
244_186,Brain,12
244_187,Brain,13
244_188,Jaw and tooth,8
244_189,Jaw and tooth,8
244_190,Jaw and tooth,8
244_191,Jaw and tooth,8
244_192,Jaw and tooth,8
244_193,Jaw and tooth,8
244_194,Jaw and tooth,8
244_195,Jaw and tooth,8
244_196,Jaw and tooth,8
244_197,Jaw and tooth,8
244_198,Jaw and tooth,8
244_199,Jaw and tooth,8
244_200,Surface ectoderm,8
244_242,Cavity,16
244_243,Heart,3
244_244,Heart,19
244_245,Cavity,19
244_246,Cavity,19
244_247,Cavity,19
244_248,Cavity,19
244_249,Heart,19
244_250,Heart,3
244_251,Heart,3
244_252,Heart,18
244_253,Liver,18
244_254,Liver,18
244_255,Liver,18
244_256,Liver,18
244_257,Liver,18
244_258,Liver,18
244_259,Liver,18
244_260,Liver,18
244_261,Cavity,19
244_262,Liver,18
244_263,Liver,18
244_264,Liver,19
244_265,Liver,18
244_266,Liver,18
244_267,Liver,18
244_268,Liver,18
244_269,Liver,18
244_270,Liver,18
244_271,Liver,18
244_272,Liver,18
244_273,Liver,18
244_274,Liver,18
244_275,Liver,18
244_276,Liver,18
244_277,Liver,18
244_278,Liver,18
244_279,GI tract,5
244_280,GI tract,5
244_281,GI tract,5
244_282,GI tract,5
244_283,GI tract,5
244_284,GI tract,5
244_285,GI tract,5
244_286,GI tract,5
244_287,GI tract,5
244_288,GI tract,5
244_289,GI tract,5
244_290,GI tract,5
244_291,GI tract,5
244_292,GI tract,5
244_293,GI tract,5
244_294,GI tract,5
244_295,GI tract,5
244_296,GI tract,5
244_297,GI tract,5
244_298,Urogenital ridge,5
244_299,Urogenital ridge,5
244_300,Urogenital ridge,5
244_301,Urogenital ridge,5
244_302,Urogenital ridge,5
244_303,Urogenital ridge,5
244_304,Urogenital ridge,5
244_305,Urogenital ridge,5
244_306,Urogenital ridge,5
244_307,Urogenital ridge,5
244_308,Urogenital ridge,5
244_309,Urogenital ridge,5
244_310,Urogenital ridge,5
244_311,Urogenital ridge,6
244_312,Urogenital ridge,4
244_313,Dermomyotome,4
244_314,Dermomyotome,4
244_315,Dermomyotome,17
244_316,Dermomyotome,17
244_317,Dermomyotome,17
244_318,Dermomyotome,17
244_319,Dermomyotome,17
244_320,Dermomyotome,17
244_321,Dermomyotome,17
244_322,Dermomyotome,17
244_323,Dermomyotome,17
244_324,Dermomyotome,4
244_325,Sclerotome,4
244_326,Sclerotome,6
244_327,Sclerotome,6
244_328,Dermomyotome,11
244_329,Sclerotome,11
244_330,Sclerotome,11
244_331,Sclerotome,11
244_332,Sclerotome,11
244_333,Sclerotome,11
244_334,Surface ectoderm,11
244_335,Surface ectoderm,11
244_336,Surface ectoderm,11
244_337,Surface ectoderm,11
244_338,Surface ectoderm,11
244_339,Cavity,11
245_109,Cavity,16
245_110,Surface ectoderm,16
245_111,Meninges,13
245_112,Meninges,13
245_113,Meninges,13
245_114,Brain,14
245_115,Brain,14
245_116,Brain,14
245_117,Brain,14
245_118,Brain,14
245_119,Brain,14
245_120,Brain,14
245_121,Brain,14
245_122,Brain,14
245_123,Brain,14
245_124,Brain,14
245_125,Brain,14
245_126,Brain,14
245_127,Brain,14
245_128,Brain,14
245_129,Brain,14
245_130,Brain,14
245_131,Brain,14
245_132,Brain,14
245_133,Brain,14
245_134,Brain,14
245_135,Brain,14
245_136,Brain,14
245_137,Brain,14
245_138,Brain,14
245_139,Brain,14
245_140,Brain,14
245_141,Brain,14
245_142,Brain,14
245_143,Brain,13
245_144,Jaw and tooth,13
245_145,Jaw and tooth,13
245_146,Brain,10
245_147,Brain,10
245_148,Brain,10
245_149,Brain,10
245_150,Brain,13
245_151,Cavity,13
245_152,Cavity,13
245_153,Cavity,13
245_154,Cavity,13
245_155,Cavity,13
245_156,Cavity,13
245_157,Cavity,13
245_158,Cavity,13
245_159,Cavity,13
245_160,Cavity,13
245_161,Cavity,13
245_162,Cavity,13
245_163,Cavity,13
245_164,Cavity,13
245_165,Cavity,13
245_166,Cavity,13
245_167,Cavity,13
245_168,Cavity,13
245_169,Cavity,13
245_170,Cavity,13
245_171,Cavity,13
245_172,Cavity,13
245_173,Cavity,13
245_174,Cavity,13
245_175,Brain,12
245_176,Brain,12
245_177,Brain,12
245_178,Brain,12
245_179,Brain,12
245_180,Brain,12
245_181,Brain,12
245_182,Brain,12
245_183,Brain,12
245_184,Brain,12
245_185,Brain,12
245_186,Brain,13
245_187,Jaw and tooth,8
245_188,Jaw and tooth,8
245_189,Jaw and tooth,8
245_190,Jaw and tooth,8
245_191,Jaw and tooth,8
245_192,Jaw and tooth,8
245_193,Jaw and tooth,8
245_194,Jaw and tooth,8
245_195,Jaw and tooth,8
245_196,Jaw and tooth,8
245_197,Jaw and tooth,8
245_198,Jaw and tooth,8
245_199,Jaw and tooth,8
245_200,Surface ectoderm,8
245_242,Cavity,16
245_243,Heart,3
245_244,Heart,19
245_245,Cavity,19
245_246,Cavity,19
245_247,Cavity,19
245_248,Cavity,19
245_249,Cavity,19
245_250,Cavity,19
245_251,Heart,19
245_252,Heart,3
245_253,Liver,18
245_254,Liver,18
245_255,Liver,18
245_256,Liver,18
245_257,Liver,18
245_258,Liver,19
245_259,Liver,19
245_260,Cavity,19
245_261,Cavity,19
245_262,Cavity,19
245_263,Cavity,19
245_264,Cavity,19
245_265,Liver,19
245_266,Cavity,18
245_267,Liver,18
245_268,Liver,18
245_269,Liver,18
245_270,Liver,18
245_271,Liver,18
245_272,Liver,18
245_273,Liver,18
245_274,Liver,18
245_275,Liver,18
245_276,Liver,18
245_277,Liver,18
245_278,Liver,18
245_279,GI tract,5
245_280,GI tract,5
245_281,GI tract,5
245_282,GI tract,5
245_283,GI tract,5
245_284,GI tract,5
245_285,GI tract,5
245_286,GI tract,5
245_287,GI tract,5
245_288,GI tract,5
245_289,GI tract,5
245_290,GI tract,5
245_291,GI tract,5
245_292,GI tract,5
245_293,GI tract,5
245_294,GI tract,5
245_295,GI tract,5
245_296,GI tract,5
245_297,GI tract,5
245_298,Urogenital ridge,5
245_299,Urogenital ridge,5
245_300,Urogenital ridge,5
245_301,Urogenital ridge,5
245_302,Urogenital ridge,5
245_303,Urogenital ridge,5
245_304,Urogenital ridge,5
245_305,Urogenital ridge,5
245_306,Urogenital ridge,5
245_307,Urogenital ridge,5
245_308,Urogenital ridge,5
245_309,Urogenital ridge,5
245_310,Urogenital ridge,5
245_311,Urogenital ridge,6
245_312,Dermomyotome,4
245_313,Dermomyotome,17
245_314,Dermomyotome,17
245_315,Dermomyotome,17
245_316,Dermomyotome,17
245_317,Dermomyotome,17
245_318,Dermomyotome,17
245_319,Dermomyotome,17
245_320,Dermomyotome,17
245_321,Dermomyotome,17
245_322,Dermomyotome,4
245_323,Sclerotome,4
245_324,Sclerotome,6
245_325,Sclerotome,6
245_326,Sclerotome,6
245_327,Sclerotome,6
245_328,Sclerotome,11
245_329,Sclerotome,11
245_330,Sclerotome,11
245_331,Sclerotome,11
245_332,Sclerotome,11
245_333,Sclerotome,11
245_334,Sclerotome,11
245_335,Surface ectoderm,11
245_336,Surface ectoderm,11
245_337,Surface ectoderm,11
245_338,Surface ectoderm,11
245_339,Surface ectoderm,11
246_110,Surface ectoderm,13
246_111,Meninges,13
246_112,Meninges,13
246_113,Meninges,13
246_114,Meninges,14
246_115,Brain,14
246_116,Brain,14
246_117,Brain,14
246_118,Brain,14
246_119,Brain,14
246_120,Brain,14
246_121,Brain,14
246_122,Brain,14
246_123,Brain,14
246_124,Brain,14
246_125,Brain,14
246_126,Brain,14
246_127,Brain,14
246_128,Brain,14
246_129,Brain,14
246_130,Brain,14
246_131,Brain,14
246_132,Brain,14
246_133,Brain,14
246_134,Brain,14
246_135,Brain,14
246_136,Brain,14
246_137,Brain,14
246_138,Brain,14
246_139,Brain,14
246_140,Brain,14
246_141,Brain,14
246_142,Brain,13
246_143,Jaw and tooth,13
246_144,Jaw and tooth,13
246_145,Jaw and tooth,13
246_146,Brain,10
246_147,Brain,10
246_148,Brain,10
246_149,Brain,10
246_150,Brain,13
246_151,Cavity,13
246_152,Cavity,13
246_153,Cavity,13
246_154,Cavity,13
246_155,Cavity,13
246_156,Cavity,13
246_157,Cavity,13
246_158,Cavity,13
246_159,Cavity,13
246_160,Cavity,13
246_161,Cavity,13
246_162,Cavity,13
246_163,Cavity,13
246_164,Cavity,13
246_165,Cavity,13
246_166,Cavity,13
246_167,Cavity,13
246_168,Cavity,13
246_169,Brain,13
246_170,Brain,13
246_171,Cavity,13
246_172,Cavity,13
246_173,Cavity,13
246_174,Cavity,13
246_175,Brain,12
246_176,Brain,12
246_177,Brain,12
246_178,Brain,12
246_179,Brain,12
246_180,Brain,12
246_181,Brain,12
246_182,Brain,12
246_183,Brain,12
246_184,Brain,12
246_185,Jaw and tooth,13
246_186,Jaw and tooth,8
246_187,Jaw and tooth,8
246_188,Jaw and tooth,8
246_189,Jaw and tooth,8
246_190,Jaw and tooth,8
246_191,Jaw and tooth,8
246_192,Jaw and tooth,8
246_193,Jaw and tooth,8
246_194,Jaw and tooth,8
246_195,Jaw and tooth,8
246_196,Jaw and tooth,8
246_197,Jaw and tooth,8
246_198,Jaw and tooth,8
246_199,Jaw and tooth,8
246_200,Jaw and tooth,8
246_243,Heart,19
246_244,Heart,19
246_245,Cavity,19
246_246,Cavity,19
246_247,Cavity,19
246_248,Cavity,19
246_249,Cavity,19
246_250,Cavity,19
246_251,Cavity,19
246_252,Cavity,19
246_253,Liver,19
246_254,Liver,18
246_255,Liver,18
246_256,Liver,18
246_257,Cavity,18
246_258,Cavity,19
246_259,Cavity,19
246_260,Cavity,19
246_261,Cavity,19
246_262,Cavity,19
246_263,Cavity,19
246_264,Cavity,19
246_266,Cavity,18
246_267,Liver,18
246_268,Liver,18
246_269,Liver,18
246_270,Liver,18
246_271,Liver,18
246_272,Liver,18
246_273,Liver,18
246_274,Liver,18
246_275,Liver,18
246_276,Liver,18
246_277,Liver,18
246_278,Liver,18
246_279,GI tract,5
246_280,GI tract,5
246_281,GI tract,5
246_282,GI tract,5
246_283,GI tract,5
246_284,GI tract,5
246_285,GI tract,5
246_286,GI tract,5
246_287,GI tract,5
246_288,GI tract,5
246_289,GI tract,5
246_290,GI tract,5
246_291,GI tract,5
246_292,GI tract,5
246_293,GI tract,5
246_294,GI tract,5
246_295,GI tract,5
246_296,GI tract,5
246_297,GI tract,5
246_298,Urogenital ridge,5
246_299,Urogenital ridge,5
246_300,Urogenital ridge,5
246_301,Urogenital ridge,5
246_302,Urogenital ridge,5
246_303,Urogenital ridge,5
246_304,Urogenital ridge,5
246_305,Urogenital ridge,5
246_306,Urogenital ridge,5
246_307,Urogenital ridge,5
246_308,Urogenital ridge,5
246_309,Urogenital ridge,5
246_310,Urogenital ridge,5
246_311,Urogenital ridge,6
246_312,Urogenital ridge,4
246_313,Dermomyotome,4
246_314,Dermomyotome,4
246_315,Dermomyotome,4
246_316,Sclerotome,4
246_317,Dermomyotome,4
246_318,Dermomyotome,4
246_319,Dermomyotome,4
246_320,Dermomyotome,4
246_321,Sclerotome,6
246_322,Sclerotome,6
246_323,Sclerotome,6
246_324,Sclerotome,6
246_325,Sclerotome,6
246_326,Sclerotome,6
246_327,Sclerotome,6
246_328,Sclerotome,6
246_329,Sclerotome,11
246_330,Sclerotome,11
246_331,Sclerotome,11
246_332,Sclerotome,11
246_333,Sclerotome,11
246_334,Sclerotome,11
246_335,Surface ectoderm,11
246_336,Surface ectoderm,11
246_337,Surface ectoderm,11
246_338,Surface ectoderm,11
246_339,Surface ectoderm,11
247_110,Cavity,16
247_111,Surface ectoderm,13
247_112,Meninges,13
247_113,Meninges,13
247_114,Meninges,13
247_115,Meninges,14
247_116,Brain,14
247_117,Brain,14
247_118,Brain,14
247_119,Brain,14
247_120,Brain,14
247_121,Brain,14
247_122,Brain,14
247_123,Brain,14
247_124,Brain,14
247_125,Brain,14
247_126,Brain,14
247_127,Brain,14
247_128,Brain,14
247_129,Brain,14
247_130,Brain,14
247_131,Brain,14
247_132,Brain,14
247_133,Brain,14
247_134,Brain,14
247_135,Brain,14
247_136,Brain,14
247_137,Brain,14
247_138,Brain,14
247_139,Brain,14
247_140,Brain,14
247_141,Jaw and tooth,13
247_142,Jaw and tooth,13
247_143,Jaw and tooth,13
247_144,Jaw and tooth,13
247_145,Jaw and tooth,13
247_146,Brain,10
247_147,Brain,10
247_148,Brain,10
247_149,Brain,10
247_150,Brain,13
247_151,Cavity,13
247_152,Cavity,13
247_153,Cavity,13
247_154,Cavity,13
247_155,Cavity,13
247_156,Cavity,13
247_157,Cavity,13
247_158,Cavity,13
247_159,Cavity,13
247_160,Cavity,13
247_161,Cavity,13
247_162,Cavity,13
247_163,Cavity,13
247_164,Cavity,13
247_165,Cavity,13
247_166,Cavity,13
247_167,Cavity,13
247_168,Brain,13
247_169,Brain,13
247_170,Brain,10
247_171,Brain,13
247_172,Brain,13
247_173,Cavity,13
247_174,Brain,13
247_175,Brain,12
247_176,Brain,12
247_177,Brain,12
247_178,Brain,12
247_179,Brain,12
247_180,Brain,12
247_181,Brain,12
247_182,Brain,12
247_183,Brain,12
247_184,Brain,13
247_185,Jaw and tooth,8
247_186,Jaw and tooth,8
247_187,Jaw and tooth,8
247_188,Jaw and tooth,8
247_189,Jaw and tooth,8
247_190,Jaw and tooth,8
247_191,Jaw and tooth,8
247_192,Jaw and tooth,8
247_193,Jaw and tooth,8
247_194,Jaw and tooth,8
247_195,Jaw and tooth,8
247_196,Jaw and tooth,8
247_197,Jaw and tooth,8
247_198,Jaw and tooth,8
247_199,Jaw and tooth,8
247_200,Jaw and tooth,8
247_201,Cavity,16
247_244,Heart,19
247_245,Cavity,19
247_246,Cavity,19
247_247,Cavity,19
247_248,Cavity,19
247_249,Cavity,19
247_250,Cavity,19
247_251,Cavity,19
247_252,Cavity,19
247_253,Cavity,19
247_254,Cavity,19
247_255,Liver,18
247_256,Liver,18
247_257,Liver,19
247_258,Cavity,19
247_259,Cavity,19
247_260,Cavity,19
247_261,Cavity,19
247_262,Cavity,19
247_263,Cavity,19
247_266,Cavity,18
247_267,Liver,18
247_268,Liver,18
247_269,Liver,18
247_270,Liver,18
247_271,Liver,18
247_272,Liver,18
247_273,Liver,18
247_274,Liver,18
247_275,Liver,18
247_276,Liver,18
247_277,Liver,18
247_278,Liver,18
247_279,Liver,18
247_280,GI tract,5
247_281,GI tract,5
247_282,GI tract,5
247_283,GI tract,5
247_284,GI tract,5
247_285,GI tract,5
247_286,GI tract,5
247_287,GI tract,5
247_288,GI tract,5
247_289,GI tract,5
247_290,GI tract,5
247_291,GI tract,5
247_292,GI tract,5
247_293,GI tract,5
247_294,GI tract,5
247_295,GI tract,5
247_296,GI tract,5
247_297,GI tract,5
247_298,Urogenital ridge,5
247_299,Urogenital ridge,5
247_300,Urogenital ridge,5
247_301,Urogenital ridge,5
247_302,Urogenital ridge,5
247_303,Urogenital ridge,5
247_304,Urogenital ridge,5
247_305,Urogenital ridge,5
247_306,Urogenital ridge,5
247_307,Urogenital ridge,5
247_308,Urogenital ridge,5
247_309,Urogenital ridge,5
247_310,Urogenital ridge,5
247_311,Urogenital ridge,6
247_312,Urogenital ridge,6
247_313,Urogenital ridge,6
247_314,Sclerotome,6
247_315,Sclerotome,6
247_316,Sclerotome,6
247_317,Sclerotome,6
247_318,Sclerotome,6
247_319,Sclerotome,6
247_320,Sclerotome,6
247_321,Sclerotome,6
247_322,Sclerotome,6
247_323,Sclerotome,6
247_324,Sclerotome,6
247_325,Sclerotome,6
247_326,Sclerotome,6
247_327,Sclerotome,6
247_328,Sclerotome,6
247_329,Sclerotome,11
247_330,Sclerotome,11
247_331,Sclerotome,11
247_332,Sclerotome,11
247_333,Sclerotome,11
247_334,Sclerotome,11
247_335,Surface ectoderm,11
247_336,Surface ectoderm,11
247_337,Surface ectoderm,11
247_338,Surface ectoderm,11
247_339,Surface ectoderm,11
248_111,Surface ectoderm,13
248_112,Surface ectoderm,13
248_113,Meninges,13
248_114,Meninges,13
248_115,Meninges,13
248_116,Meninges,13
248_117,Brain,14
248_118,Brain,14
248_119,Brain,14
248_120,Brain,14
248_121,Brain,14
248_122,Brain,14
248_123,Brain,14
248_124,Brain,14
248_125,Brain,14
248_126,Brain,14
248_127,Brain,14
248_128,Brain,14
248_129,Brain,14
248_130,Brain,14
248_131,Brain,14
248_132,Brain,14
248_133,Brain,14
248_134,Brain,14
248_135,Brain,14
248_136,Brain,14
248_137,Brain,14
248_138,Brain,14
248_139,Brain,13
248_140,Jaw and tooth,13
248_141,Jaw and tooth,13
248_142,Jaw and tooth,13
248_143,Jaw and tooth,13
248_144,Brain,13
248_145,Brain,10
248_146,Brain,10
248_147,Brain,10
248_148,Brain,10
248_149,Brain,10
248_150,Cavity,13
248_151,Cavity,13
248_152,Cavity,13
248_153,Cavity,13
248_154,Cavity,13
248_155,Cavity,13
248_156,Cavity,13
248_157,Cavity,13
248_158,Cavity,13
248_159,Cavity,13
248_160,Cavity,13
248_161,Cavity,13
248_162,Cavity,13
248_163,Cavity,13
248_164,Cavity,13
248_165,Brain,13
248_166,Brain,10
248_167,Brain,10
248_168,Brain,13
248_169,Brain,10
248_170,Brain,10
248_171,Brain,10
248_172,Brain,10
248_173,Brain,12
248_174,Brain,13
248_175,Brain,12
248_176,Brain,12
248_177,Brain,12
248_178,Brain,12
248_179,Brain,12
248_180,Brain,12
248_181,Brain,12
248_182,Brain,12
248_183,Brain,13
248_184,Head mesenchyme,13
248_185,Jaw and tooth,8
248_186,Jaw and tooth,8
248_187,Jaw and tooth,8
248_188,Jaw and tooth,8
248_189,Jaw and tooth,8
248_190,Jaw and tooth,8
248_191,Jaw and tooth,8
248_192,Jaw and tooth,8
248_193,Jaw and tooth,8
248_194,Jaw and tooth,8
248_195,Jaw and tooth,8
248_196,Jaw and tooth,8
248_197,Jaw and tooth,8
248_198,Jaw and tooth,8
248_199,Jaw and tooth,8
248_200,Jaw and tooth,8
248_201,Surface ectoderm,8
248_244,Cavity,19
248_245,Heart,19
248_246,Cavity,19
248_247,Cavity,19
248_248,Cavity,19
248_249,Cavity,19
248_250,Cavity,19
248_251,Cavity,19
248_252,Cavity,19
248_253,Cavity,19
248_254,Cavity,19
248_255,Cavity,19
248_256,Liver,18
248_257,Liver,19
248_258,Liver,19
248_259,Cavity,19
248_260,Cavity,19
248_261,Cavity,19
248_267,Liver,18
248_268,Liver,18
248_269,Liver,18
248_270,Liver,18
248_271,Liver,18
248_272,Liver,18
248_273,Liver,18
248_274,Liver,18
248_275,Liver,18
248_276,Liver,18
248_277,Liver,18
248_278,Liver,18
248_279,Liver,18
248_280,GI tract,5
248_281,GI tract,5
248_282,GI tract,5
248_283,GI tract,5
248_284,GI tract,5
248_285,GI tract,5
248_286,GI tract,5
248_287,GI tract,5
248_288,GI tract,5
248_289,GI tract,5
248_290,Connective tissue,5
248_291,GI tract,5
248_292,GI tract,5
248_293,GI tract,5
248_294,GI tract,5
248_295,GI tract,5
248_296,GI tract,5
248_297,GI tract,5
248_298,Urogenital ridge,5
248_299,Urogenital ridge,5
248_300,Urogenital ridge,5
248_301,Urogenital ridge,5
248_302,Urogenital ridge,5
248_303,Urogenital ridge,5
248_304,Urogenital ridge,5
248_305,Urogenital ridge,5
248_306,Urogenital ridge,5
248_307,Urogenital ridge,5
248_308,Urogenital ridge,5
248_309,Urogenital ridge,5
248_310,Urogenital ridge,5
248_311,Urogenital ridge,6
248_312,Urogenital ridge,6
248_313,Connective tissue,6
248_314,Connective tissue,6
248_315,Sclerotome,6
248_316,Sclerotome,6
248_317,Sclerotome,6
248_318,Sclerotome,6
248_319,Sclerotome,6
248_320,Sclerotome,6
248_321,Sclerotome,6
248_322,Sclerotome,6
248_323,Sclerotome,6
248_324,Sclerotome,6
248_325,Sclerotome,6
248_326,Sclerotome,6
248_327,Sclerotome,6
248_328,Sclerotome,6
248_329,Sclerotome,6
248_330,Sclerotome,11
248_331,Sclerotome,11
248_332,Sclerotome,11
248_333,Sclerotome,11
248_334,Sclerotome,11
248_335,Surface ectoderm,11
248_336,Surface ectoderm,11
248_337,Surface ectoderm,11
248_338,Surface ectoderm,11
248_339,Surface ectoderm,11
248_340,Cavity,16
249_111,Cavity,16
249_112,Surface ectoderm,16
249_113,Surface ectoderm,13
249_114,Meninges,13
249_115,Meninges,13
249_116,Meninges,13
249_117,Meninges,13
249_118,Brain,14
249_119,Brain,14
249_120,Brain,14
249_121,Brain,14
249_122,Brain,14
249_123,Brain,14
249_124,Brain,14
249_125,Brain,14
249_126,Brain,14
249_127,Brain,14
249_128,Brain,14
249_129,Brain,14
249_130,Brain,14
249_131,Brain,14
249_132,Brain,14
249_133,Brain,14
249_134,Brain,14
249_135,Brain,14
249_136,Jaw and tooth,13
249_137,Jaw and tooth,13
249_138,Brain,13
249_139,Jaw and tooth,13
249_140,Jaw and tooth,13
249_141,Jaw and tooth,13
249_142,Jaw and tooth,13
249_143,Jaw and tooth,10
249_144,Brain,10
249_145,Brain,10
249_146,Brain,10
249_147,Brain,10
249_148,Brain,10
249_149,Cavity,10
249_150,Cavity,13
249_151,Cavity,13
249_152,Cavity,13
249_153,Cavity,13
249_154,Cavity,13
249_155,Cavity,13
249_156,Cavity,13
249_157,Cavity,13
249_158,Cavity,13
249_159,Cavity,13
249_160,Cavity,13
249_161,Cavity,13
249_162,Cavity,13
249_163,Cavity,13
249_164,Brain,10
249_165,Brain,10
249_166,Brain,10
249_167,Brain,10
249_168,Brain,10
249_169,Brain,10
249_170,Brain,10
249_171,Brain,10
249_172,Brain,10
249_173,Brain,12
249_174,Brain,12
249_175,Brain,12
249_176,Brain,12
249_177,Brain,12
249_178,Brain,12
249_179,Brain,12
249_180,Brain,12
249_181,Brain,12
249_182,Brain,13
249_183,Blood vessel,13
249_184,Jaw and tooth,8
249_185,Jaw and tooth,8
249_186,Jaw and tooth,8
249_187,Jaw and tooth,8
249_188,Jaw and tooth,8
249_189,Jaw and tooth,8
249_190,Jaw and tooth,8
249_191,Jaw and tooth,8
249_192,Jaw and tooth,8
249_193,Jaw and tooth,8
249_194,Jaw and tooth,8
249_195,Jaw and tooth,8
249_196,Jaw and tooth,8
249_197,Jaw and tooth,8
249_198,Jaw and tooth,8
249_199,Jaw and tooth,8
249_200,Jaw and tooth,8
249_201,Jaw and tooth,8
249_202,Cavity,16
249_245,Cavity,19
249_246,Heart,19
249_247,Cavity,19
249_248,Cavity,19
249_249,Cavity,19
249_250,Cavity,19
249_251,Cavity,19
249_252,Cavity,19
249_253,Cavity,19
249_254,Cavity,19
249_255,Heart,19
249_256,Heart,19
249_257,Liver,19
249_258,Heart,19
249_259,Cavity,19
249_267,Liver,18
249_268,Liver,18
249_269,Liver,18
249_270,Liver,18
249_271,Liver,18
249_272,Liver,18
249_273,Liver,18
249_274,Liver,18
249_275,Liver,18
249_276,Liver,18
249_277,Liver,18
249_278,Liver,18
249_279,Liver,18
249_280,GI tract,5
249_281,GI tract,5
249_282,GI tract,5
249_283,GI tract,5
249_284,GI tract,5
249_285,GI tract,5
249_286,GI tract,5
249_287,GI tract,5
249_288,GI tract,5
249_289,GI tract,5
249_290,GI tract,5
249_291,GI tract,5
249_292,GI tract,5
249_293,GI tract,5
249_294,GI tract,5
249_295,GI tract,5
249_296,GI tract,5
249_297,Urogenital ridge,5
249_298,Urogenital ridge,5
249_299,Urogenital ridge,5
249_300,Urogenital ridge,5
249_301,Urogenital ridge,5
249_302,Urogenital ridge,5
249_303,Urogenital ridge,5
249_304,Urogenital ridge,5
249_305,Urogenital ridge,5
249_306,Urogenital ridge,5
249_307,Urogenital ridge,5
249_308,Urogenital ridge,5
249_309,GI tract,5
249_310,Urogenital ridge,5
249_311,Urogenital ridge,5
249_312,Urogenital ridge,6
249_313,Urogenital ridge,6
249_314,Urogenital ridge,6
249_315,Sclerotome,6
249_316,Sclerotome,6
249_317,Sclerotome,6
249_318,Sclerotome,6
249_319,Sclerotome,6
249_320,Sclerotome,6
249_321,Sclerotome,6
249_322,Sclerotome,6
249_323,Sclerotome,6
249_324,Sclerotome,6
249_325,Sclerotome,6
249_326,Sclerotome,6
249_327,Sclerotome,6
249_328,Sclerotome,6
249_329,Sclerotome,6
249_330,Sclerotome,11
249_331,Sclerotome,11
249_332,Sclerotome,11
249_333,Sclerotome,11
249_334,Sclerotome,11
249_335,Blood vessel,11
249_336,Surface ectoderm,11
249_337,Surface ectoderm,11
249_338,Surface ectoderm,11
249_339,Surface ectoderm,11
249_340,Cavity,16
250_112,Cavity,16
250_113,Surface ectoderm,13
250_114,Surface ectoderm,13
250_115,Meninges,13
250_116,Surface ectoderm,13
250_117,Jaw and tooth,13
250_118,Jaw and tooth,13
250_119,Brain,14
250_120,Brain,14
250_121,Brain,14
250_122,Brain,14
250_123,Brain,14
250_124,Brain,14
250_125,Brain,14
250_126,Brain,14
250_127,Brain,14
250_128,Brain,14
250_129,Brain,14
250_130,Brain,14
250_131,Brain,14
250_132,Brain,14
250_133,Jaw and tooth,13
250_134,Jaw and tooth,13
250_135,Jaw and tooth,13
250_136,Jaw and tooth,13
250_137,Jaw and tooth,13
250_138,Brain,13
250_139,Brain,13
250_140,Brain,13
250_141,Jaw and tooth,13
250_142,Jaw and tooth,10
250_143,Brain,10
250_144,Brain,10
250_145,Brain,10
250_146,Brain,10
250_147,Brain,10
250_148,Brain,10
250_149,Brain,10
250_150,Cavity,13
250_151,Cavity,13
250_152,Cavity,13
250_153,Cavity,13
250_154,Cavity,13
250_155,Cavity,13
250_156,Cavity,13
250_157,Cavity,13
250_158,Cavity,13
250_159,Cavity,13
250_160,Cavity,13
250_161,Brain,13
250_162,Cavity,13
250_163,Brain,10
250_164,Brain,10
250_165,Brain,10
250_166,Brain,10
250_167,Brain,10
250_168,Brain,10
250_169,Brain,10
250_170,Brain,10
250_171,Brain,10
250_172,Brain,10
250_173,Brain,12
250_174,Brain,12
250_175,Brain,12
250_176,Brain,12
250_177,Brain,12
250_178,Brain,12
250_179,Brain,10
250_180,Brain,1
250_181,Brain,13
250_182,Brain,13
250_183,Jaw and tooth,13
250_184,Jaw and tooth,8
250_185,Jaw and tooth,8
250_186,Jaw and tooth,8
250_187,Jaw and tooth,8
250_188,Jaw and tooth,8
250_189,Jaw and tooth,8
250_190,Jaw and tooth,8
250_191,Jaw and tooth,8
250_192,Jaw and tooth,8
250_193,Jaw and tooth,8
250_194,Jaw and tooth,8
250_195,Jaw and tooth,8
250_196,Jaw and tooth,8
250_197,Jaw and tooth,8
250_198,Jaw and tooth,8
250_199,Jaw and tooth,8
250_200,Jaw and tooth,8
250_201,Jaw and tooth,8
250_202,Cavity,16
250_245,Cavity,16
250_246,Heart,19
250_247,Heart,19
250_248,Cavity,19
250_249,Cavity,19
250_250,Cavity,19
250_251,Cavity,19
250_252,Cavity,19
250_253,Cavity,19
250_254,Cavity,19
250_255,Heart,19
250_256,Heart,19
250_257,Heart,19
250_258,Cavity,19
250_267,Liver,18
250_268,Liver,18
250_269,Liver,18
250_270,Liver,18
250_271,Liver,18
250_272,Liver,18
250_273,Liver,18
250_274,Liver,18
250_275,Liver,18
250_276,Liver,18
250_277,Liver,18
250_278,Liver,18
250_279,Liver,18
250_280,GI tract,5
250_281,GI tract,5
250_282,GI tract,5
250_283,GI tract,5
250_284,GI tract,5
250_285,GI tract,5
250_286,GI tract,5
250_287,GI tract,5
250_288,GI tract,5
250_289,GI tract,5
250_290,GI tract,5
250_291,GI tract,5
250_292,GI tract,5
250_293,GI tract,5
250_294,GI tract,5
250_295,GI tract,5
250_296,Urogenital ridge,5
250_297,Urogenital ridge,5
250_298,Urogenital ridge,5
250_299,Urogenital ridge,5
250_300,Urogenital ridge,5
250_301,Urogenital ridge,5
250_302,Urogenital ridge,5
250_303,Urogenital ridge,5
250_304,Urogenital ridge,5
250_305,Urogenital ridge,5
250_306,Urogenital ridge,5
250_307,Urogenital ridge,5
250_308,Urogenital ridge,5
250_309,Urogenital ridge,5
250_310,Urogenital ridge,5
250_311,Urogenital ridge,6
250_312,Sclerotome,6
250_313,Sclerotome,6
250_314,Sclerotome,6
250_315,Sclerotome,6
250_316,Sclerotome,6
250_317,Sclerotome,6
250_318,Sclerotome,4
250_319,Sclerotome,4
250_320,Dermomyotome,4
250_321,Dermomyotome,17
250_322,Dermomyotome,17
250_323,Dermomyotome,4
250_324,Sclerotome,4
250_325,Sclerotome,6
250_326,Sclerotome,6
250_327,Sclerotome,6
250_328,Sclerotome,6
250_329,Sclerotome,11
250_330,Sclerotome,11
250_331,Sclerotome,11
250_332,Sclerotome,11
250_333,Sclerotome,11
250_334,Sclerotome,11
250_335,Sclerotome,11
250_336,Surface ectoderm,11
250_337,Surface ectoderm,11
250_338,Surface ectoderm,11
250_339,Surface ectoderm,11
250_340,Cavity,16
251_112,Cavity,16
251_113,Surface ectoderm,16
251_114,Surface ectoderm,13
251_115,Surface ectoderm,13
251_116,Surface ectoderm,13
251_117,Surface ectoderm,13
251_118,Jaw and tooth,13
251_119,Jaw and tooth,13
251_120,Jaw and tooth,13
251_121,Brain,14
251_122,Brain,14
251_123,Brain,14
251_124,Brain,14
251_125,Brain,14
251_126,Brain,14
251_127,Brain,14
251_128,Brain,14
251_129,Brain,14
251_130,Brain,14
251_131,Brain,13
251_132,Jaw and tooth,13
251_133,Jaw and tooth,13
251_134,Jaw and tooth,13
251_135,Blood vessel,13
251_136,Blood vessel,13
251_137,Jaw and tooth,13
251_138,Brain,13
251_139,Brain,10
251_140,Brain,10
251_141,Brain,10
251_142,Brain,10
251_143,Brain,10
251_144,Brain,10
251_145,Brain,10
251_146,Brain,10
251_147,Brain,10
251_148,Brain,10
251_149,Cavity,13
251_150,Cavity,13
251_151,Cavity,13
251_152,Cavity,13
251_153,Cavity,13
251_154,Cavity,13
251_155,Cavity,13
251_156,Cavity,13
251_157,Cavity,13
251_158,Cavity,13
251_159,Cavity,13
251_160,Cavity,13
251_161,Brain,10
251_162,Brain,10
251_163,Brain,10
251_164,Brain,10
251_165,Brain,10
251_166,Brain,10
251_167,Brain,10
251_168,Brain,10
251_169,Brain,10
251_170,Brain,10
251_171,Brain,10
251_172,Brain,12
251_173,Brain,12
251_174,Brain,12
251_175,Brain,12
251_176,Brain,12
251_177,Brain,12
251_178,Brain,10
251_179,Brain,1
251_180,Brain,13
251_181,Brain,13
251_182,Head mesenchyme,13
251_183,Jaw and tooth,8
251_184,Jaw and tooth,8
251_185,Jaw and tooth,8
251_186,Jaw and tooth,8
251_187,Jaw and tooth,8
251_188,Jaw and tooth,8
251_189,Jaw and tooth,8
251_190,Jaw and tooth,8
251_191,Jaw and tooth,8
251_192,Jaw and tooth,8
251_193,Jaw and tooth,8
251_194,Jaw and tooth,8
251_195,Jaw and tooth,8
251_196,Jaw and tooth,8
251_197,Jaw and tooth,8
251_198,Branchial arch,8
251_199,Branchial arch,8
251_200,Jaw and tooth,8
251_201,Jaw and tooth,8
251_202,Surface ectoderm,8
251_246,Cavity,19
251_247,Heart,19
251_248,Cavity,19
251_249,Cavity,19
251_250,Cavity,19
251_251,Cavity,19
251_252,Cavity,19
251_253,Cavity,19
251_254,Heart,19
251_255,Heart,19
251_256,Cavity,3
251_268,Liver,18
251_269,Liver,18
251_270,Liver,18
251_271,Liver,18
251_272,Liver,18
251_273,Liver,18
251_274,Liver,18
251_275,Liver,18
251_276,Liver,18
251_277,Liver,18
251_278,Liver,18
251_279,Liver,18
251_280,Liver,5
251_281,GI tract,5
251_282,GI tract,5
251_283,GI tract,5
251_284,GI tract,5
251_285,GI tract,5
251_286,GI tract,5
251_287,GI tract,5
251_288,GI tract,5
251_289,Meninges,5
251_290,GI tract,5
251_291,Connective tissue,5
251_292,GI tract,5
251_293,GI tract,5
251_294,GI tract,5
251_295,GI tract,5
251_296,Urogenital ridge,5
251_297,Urogenital ridge,5
251_298,Urogenital ridge,5
251_299,Urogenital ridge,5
251_300,Urogenital ridge,5
251_301,Urogenital ridge,5
251_302,Urogenital ridge,5
251_303,Urogenital ridge,5
251_304,Urogenital ridge,5
251_305,Urogenital ridge,5
251_306,Urogenital ridge,5
251_307,Urogenital ridge,5
251_308,Urogenital ridge,5
251_309,Urogenital ridge,5
251_310,Urogenital ridge,5
251_311,Urogenital ridge,6
251_312,Urogenital ridge,6
251_313,Urogenital ridge,6
251_314,Urogenital ridge,6
251_315,Sclerotome,4
251_316,Sclerotome,4
251_317,Dermomyotome,4
251_318,Dermomyotome,17
251_319,Dermomyotome,17
251_320,Dermomyotome,17
251_321,Dermomyotome,17
251_322,Dermomyotome,17
251_323,Dermomyotome,17
251_324,Dermomyotome,4
251_325,Dermomyotome,4
251_326,Dermomyotome,6
251_327,Dermomyotome,6
251_328,Sclerotome,6
251_329,Sclerotome,11
251_330,Sclerotome,11
251_331,Sclerotome,11
251_332,Sclerotome,11
251_333,Sclerotome,11
251_334,Sclerotome,11
251_335,Sclerotome,11
251_336,Surface ectoderm,11
251_337,Surface ectoderm,11
251_338,Surface ectoderm,11
251_339,Surface ectoderm,11
251_340,Cavity,11
252_113,Cavity,16
252_114,Surface ectoderm,13
252_115,Surface ectoderm,13
252_116,Surface ectoderm,13
252_117,Surface ectoderm,13
252_118,Jaw and tooth,13
252_119,Jaw and tooth,13
252_120,Jaw and tooth,13
252_121,Jaw and tooth,13
252_122,Brain,14
252_123,Brain,14
252_124,Brain,14
252_125,Brain,14
252_126,Brain,14
252_127,Brain,14
252_128,Brain,14
252_129,Brain,14
252_130,Brain,14
252_131,Jaw and tooth,13
252_132,Jaw and tooth,13
252_133,Jaw and tooth,13
252_134,Jaw and tooth,13
252_135,Jaw and tooth,10
252_136,Jaw and tooth,10
252_137,Jaw and tooth,10
252_138,Brain,10
252_139,Brain,10
252_140,Brain,10
252_141,Brain,10
252_142,Brain,10
252_143,Brain,10
252_144,Brain,10
252_145,Brain,10
252_146,Brain,10
252_147,Brain,10
252_148,Cavity,13
252_149,Cavity,13
252_150,Cavity,13
252_151,Cavity,13
252_152,Cavity,13
252_153,Cavity,13
252_154,Cavity,13
252_155,Cavity,13
252_156,Cavity,13
252_157,Cavity,13
252_158,Cavity,13
252_159,Cavity,13
252_160,Brain,10
252_161,Brain,10
252_162,Brain,10
252_163,Brain,10
252_164,Brain,10
252_165,Brain,10
252_166,Brain,10
252_167,Brain,10
252_168,Brain,10
252_169,Brain,10
252_170,Brain,10
252_171,Brain,10
252_172,Brain,12
252_173,Brain,12
252_174,Brain,12
252_175,Brain,12
252_176,Brain,12
252_177,Brain,10
252_178,Brain,10
252_179,Brain,13
252_180,Brain,13
252_181,Jaw and tooth,13
252_182,Jaw and tooth,8
252_183,Jaw and tooth,8
252_184,Jaw and tooth,8
252_185,Jaw and tooth,8
252_186,Jaw and tooth,8
252_187,Jaw and tooth,8
252_188,Jaw and tooth,8
252_189,Jaw and tooth,8
252_190,Jaw and tooth,8
252_191,Jaw and tooth,8
252_192,Jaw and tooth,8
252_193,Jaw and tooth,8
252_194,Jaw and tooth,8
252_195,Jaw and tooth,8
252_196,Jaw and tooth,8
252_197,Jaw and tooth,8
252_198,Jaw and tooth,8
252_199,Jaw and tooth,8
252_200,Jaw and tooth,8
252_201,Jaw and tooth,8
252_202,Surface ectoderm,8
252_247,Cavity,19
252_248,Cavity,19
252_249,Cavity,19
252_250,Cavity,19
252_251,Cavity,19
252_252,Cavity,19
252_253,Cavity,19
252_254,Cavity,19
252_255,Cavity,19
252_268,Liver,18
252_269,Liver,18
252_270,Liver,18
252_271,Liver,18
252_272,Liver,18
252_273,Liver,18
252_274,Liver,18
252_275,Liver,18
252_276,Liver,18
252_277,Liver,18
252_278,Liver,18
252_279,Liver,18
252_280,Liver,5
252_281,GI tract,5
252_282,GI tract,5
252_283,GI tract,5
252_284,Connective tissue,5
252_285,GI tract,5
252_286,GI tract,5
252_287,GI tract,5
252_288,GI tract,5
252_289,GI tract,5
252_290,GI tract,5
252_291,Connective tissue,5
252_292,GI tract,5
252_293,GI tract,5
252_294,GI tract,5
252_295,GI tract,5
252_296,Urogenital ridge,5
252_297,Urogenital ridge,5
252_298,Urogenital ridge,5
252_299,Urogenital ridge,5
252_300,Urogenital ridge,5
252_301,Urogenital ridge,5
252_302,Urogenital ridge,5
252_303,Urogenital ridge,5
252_304,Urogenital ridge,5
252_305,Urogenital ridge,5
252_306,Urogenital ridge,5
252_307,Urogenital ridge,5
252_308,Urogenital ridge,5
252_309,Urogenital ridge,5
252_310,Urogenital ridge,5
252_311,Urogenital ridge,6
252_312,Urogenital ridge,6
252_313,Urogenital ridge,6
252_314,Dermomyotome,4
252_315,Dermomyotome,4
252_316,Dermomyotome,17
252_317,Dermomyotome,17
252_318,Dermomyotome,17
252_319,Dermomyotome,17
252_320,Dermomyotome,17
252_321,Dermomyotome,17
252_322,Dermomyotome,17
252_323,Dermomyotome,17
252_324,Dermomyotome,4
252_325,Sclerotome,4
252_326,Sclerotome,6
252_327,Dermomyotome,6
252_328,Sclerotome,11
252_329,Sclerotome,11
252_330,Sclerotome,11
252_331,Sclerotome,11
252_332,Sclerotome,11
252_333,Sclerotome,11
252_334,Sclerotome,11
252_335,Sclerotome,11
252_336,Surface ectoderm,11
252_337,Surface ectoderm,11
252_338,Surface ectoderm,11
252_339,Surface ectoderm,11
252_340,Surface ectoderm,11
253_113,Cavity,16
253_114,Surface ectoderm,16
253_115,Surface ectoderm,16
253_116,Surface ectoderm,13
253_117,Surface ectoderm,13
253_118,Surface ectoderm,13
253_119,Blood vessel,13
253_120,Meninges,3
253_121,Jaw and tooth,13
253_122,Brain,13
253_123,Brain,14
253_124,Brain,14
253_125,Brain,14
253_126,Brain,14
253_127,Brain,14
253_128,Brain,14
253_129,Brain,14
253_130,Brain,13
253_131,Jaw and tooth,13
253_132,Jaw and tooth,13
253_133,Jaw and tooth,10
253_134,Brain,10
253_135,Brain,10
253_136,Brain,10
253_137,Brain,10
253_138,Brain,10
253_139,Brain,10
253_140,Brain,10
253_141,Brain,10
253_142,Brain,10
253_143,Brain,10
253_144,Brain,10
253_145,Brain,10
253_146,Brain,10
253_147,Cavity,10
253_148,Cavity,13
253_149,Cavity,13
253_150,Cavity,13
253_151,Cavity,13
253_152,Cavity,13
253_153,Cavity,13
253_154,Cavity,13
253_155,Cavity,13
253_156,Cavity,13
253_157,Cavity,13
253_158,Cavity,13
253_159,Cavity,10
253_160,Brain,10
253_161,Brain,10
253_162,Brain,10
253_163,Brain,10
253_164,Brain,10
253_165,Brain,10
253_166,Brain,10
253_167,Brain,10
253_168,Brain,10
253_169,Brain,10
253_170,Brain,10
253_171,Brain,10
253_172,Brain,12
253_173,Brain,12
253_174,Brain,12
253_175,Brain,12
253_176,Brain,10
253_177,Brain,10
253_178,Brain,10
253_179,Brain,13
253_180,Jaw and tooth,13
253_181,Jaw and tooth,8
253_182,Jaw and tooth,8
253_183,Jaw and tooth,8
253_184,Jaw and tooth,8
253_185,Jaw and tooth,8
253_186,Jaw and tooth,8
253_187,Jaw and tooth,8
253_188,Jaw and tooth,8
253_189,Jaw and tooth,8
253_190,Jaw and tooth,8
253_191,Jaw and tooth,8
253_192,Jaw and tooth,8
253_193,Jaw and tooth,8
253_194,Jaw and tooth,8
253_195,Jaw and tooth,8
253_196,Jaw and tooth,8
253_197,Jaw and tooth,8
253_198,Jaw and tooth,8
253_199,Jaw and tooth,8
253_200,Jaw and tooth,8
253_201,Surface ectoderm,8
253_202,Surface ectoderm,8
253_269,Liver,18
253_270,Liver,18
253_271,Liver,18
253_272,Liver,18
253_273,Liver,18
253_274,Liver,18
253_275,Liver,18
253_276,Liver,18
253_277,Liver,18
253_278,Liver,18
253_279,Liver,3
253_280,Liver,5
253_281,GI tract,5
253_282,GI tract,5
253_283,GI tract,5
253_284,GI tract,5
253_285,GI tract,5
253_286,GI tract,5
253_287,GI tract,5
253_288,GI tract,5
253_289,GI tract,5
253_290,GI tract,5
253_291,GI tract,5
253_292,GI tract,5
253_293,GI tract,5
253_294,GI tract,5
253_295,GI tract,5
253_296,Urogenital ridge,5
253_297,Urogenital ridge,5
253_298,Urogenital ridge,5
253_299,Urogenital ridge,5
253_300,Urogenital ridge,5
253_301,Urogenital ridge,5
253_302,Urogenital ridge,5
253_303,Urogenital ridge,5
253_304,Urogenital ridge,5
253_305,Connective tissue,5
253_306,Connective tissue,5
253_307,Urogenital ridge,5
253_308,Urogenital ridge,5
253_309,Urogenital ridge,5
253_310,Urogenital ridge,5
253_311,Urogenital ridge,6
253_312,Urogenital ridge,6
253_313,Dermomyotome,4
253_314,Dermomyotome,4
253_315,Dermomyotome,17
253_316,Dermomyotome,17
253_317,Dermomyotome,17
253_318,Dermomyotome,17
253_319,Dermomyotome,17
253_320,Dermomyotome,17
253_321,Dermomyotome,17
253_322,Dermomyotome,17
253_323,Dermomyotome,4
253_324,Sclerotome,6
253_325,Sclerotome,6
253_326,Sclerotome,6
253_327,Sclerotome,6
253_328,Sclerotome,6
253_329,Sclerotome,11
253_330,Sclerotome,11
253_331,Sclerotome,11
253_332,Sclerotome,11
253_333,Sclerotome,11
253_334,Sclerotome,11
253_335,Sclerotome,11
253_336,Surface ectoderm,11
253_337,Surface ectoderm,11
253_338,Surface ectoderm,11
253_339,Surface ectoderm,11
253_340,Surface ectoderm,11
254_114,Cavity,16
254_115,Surface ectoderm,16
254_116,Surface ectoderm,13
254_117,Surface ectoderm,13
254_118,Surface ectoderm,13
254_119,Surface ectoderm,13
254_120,Meninges,13
254_121,Meninges,13
254_122,Jaw and tooth,13
254_123,Brain,13
254_124,Brain,14
254_125,Brain,14
254_126,Brain,14
254_127,Brain,14
254_128,Brain,14
254_129,Brain,13
254_130,Jaw and tooth,13
254_131,Jaw and tooth,13
254_132,Jaw and tooth,10
254_133,Brain,10
254_134,Brain,10
254_135,Brain,10
254_136,Brain,10
254_137,Brain,10
254_138,Brain,10
254_139,Brain,10
254_140,Brain,10
254_141,Brain,10
254_142,Brain,10
254_143,Brain,10
254_144,Brain,10
254_145,Brain,10
254_146,Cavity,10
254_147,Cavity,13
254_148,Cavity,13
254_149,Cavity,13
254_150,Cavity,13
254_151,Cavity,13
254_152,Cavity,13
254_153,Cavity,13
254_154,Cavity,13
254_155,Cavity,13
254_156,Cavity,13
254_157,Cavity,13
254_158,Brain,10
254_159,Brain,10
254_160,Brain,10
254_161,Brain,10
254_162,Brain,10
254_163,Brain,10
254_164,Brain,10
254_165,Brain,10
254_166,Brain,10
254_167,Brain,10
254_168,Brain,10
254_169,Brain,10
254_170,Brain,10
254_171,Brain,10
254_172,Brain,12
254_173,Brain,12
254_174,Brain,10
254_175,Brain,10
254_176,Brain,10
254_177,Brain,10
254_178,Brain,13
254_179,Head mesenchyme,13
254_180,Jaw and tooth,8
254_181,Jaw and tooth,8
254_182,Jaw and tooth,8
254_183,Jaw and tooth,8
254_184,Jaw and tooth,8
254_185,Jaw and tooth,8
254_186,Jaw and tooth,8
254_187,Jaw and tooth,8
254_188,Jaw and tooth,8
254_189,Jaw and tooth,8
254_190,Jaw and tooth,8
254_191,Jaw and tooth,8
254_192,Jaw and tooth,8
254_193,Jaw and tooth,8
254_194,Jaw and tooth,8
254_195,Jaw and tooth,8
254_196,Jaw and tooth,8
254_197,Jaw and tooth,8
254_198,Jaw and tooth,8
254_199,Jaw and tooth,8
254_200,Jaw and tooth,8
254_201,Surface ectoderm,8
254_202,Surface ectoderm,8
254_269,Cavity,16
254_270,Liver,18
254_271,Liver,18
254_272,Liver,18
254_273,Liver,18
254_274,Liver,18
254_275,Liver,18
254_276,Liver,18
254_277,Liver,18
254_278,Cavity,16
254_279,Heart,3
254_280,GI tract,3
254_281,GI tract,5
254_282,GI tract,5
254_283,GI tract,5
254_284,GI tract,5
254_285,GI tract,5
254_286,GI tract,5
254_287,GI tract,5
254_288,GI tract,5
254_289,GI tract,5
254_290,GI tract,5
254_291,GI tract,5
254_292,GI tract,5
254_293,GI tract,5
254_294,GI tract,5
254_295,GI tract,5
254_296,Urogenital ridge,5
254_297,Urogenital ridge,5
254_298,Urogenital ridge,5
254_299,Urogenital ridge,5
254_300,Urogenital ridge,5
254_301,Urogenital ridge,5
254_302,Urogenital ridge,5
254_303,Urogenital ridge,5
254_304,Urogenital ridge,5
254_305,Connective tissue,5
254_306,Connective tissue,5
254_307,Urogenital ridge,5
254_308,Urogenital ridge,5
254_309,Urogenital ridge,5
254_310,Urogenital ridge,5
254_311,Urogenital ridge,5
254_312,Urogenital ridge,6
254_313,Dermomyotome,4
254_314,Dermomyotome,4
254_315,Dermomyotome,4
254_316,Sclerotome,4
254_317,Sclerotome,4
254_318,Sclerotome,4
254_319,Dermomyotome,4
254_320,Dermomyotome,4
254_321,Sclerotome,4
254_322,Sclerotome,4
254_323,Sclerotome,6
254_324,Sclerotome,6
254_325,Sclerotome,6
254_326,Sclerotome,6
254_327,Sclerotome,6
254_328,Sclerotome,6
254_329,Sclerotome,11
254_330,Sclerotome,11
254_331,Sclerotome,11
254_332,Sclerotome,11
254_333,Sclerotome,11
254_334,Sclerotome,11
254_335,Sclerotome,11
254_336,Surface ectoderm,11
254_337,Surface ectoderm,11
254_338,Surface ectoderm,11
254_339,Surface ectoderm,11
254_340,Surface ectoderm,11
255_114,Cavity,16
255_115,Surface ectoderm,16
255_116,Surface ectoderm,16
255_117,Surface ectoderm,16
255_118,Surface ectoderm,13
255_119,Surface ectoderm,13
255_120,Surface ectoderm,13
255_121,Surface ectoderm,13
255_122,Surface ectoderm,13
255_123,Meninges,13
255_124,Meninges,13
255_125,Brain,14
255_126,Brain,14
255_127,Brain,14
255_128,Brain,13
255_129,Jaw and tooth,13
255_130,Jaw and tooth,13
255_131,Jaw and tooth,13
255_132,Brain,10
255_133,Brain,10
255_134,Brain,10
255_135,Brain,10
255_136,Brain,10
255_137,Brain,10
255_138,Brain,10
255_139,Brain,10
255_140,Brain,10
255_141,Brain,10
255_142,Brain,10
255_143,Brain,10
255_144,Brain,10
255_145,Brain,10
255_146,Brain,10
255_147,Cavity,10
255_148,Cavity,10
255_149,Cavity,13
255_150,Cavity,13
255_151,Cavity,13
255_152,Cavity,13
255_153,Cavity,13
255_154,Cavity,13
255_155,Cavity,13
255_156,Cavity,13
255_157,Cavity,10
255_158,Brain,10
255_159,Brain,10
255_160,Brain,10
255_161,Brain,10
255_162,Brain,10
255_163,Brain,10
255_164,Brain,10
255_165,Brain,10
255_166,Brain,10
255_167,Brain,10
255_168,Brain,10
255_169,Brain,10
255_170,Brain,10
255_171,Brain,10
255_172,Brain,10
255_173,Brain,10
255_174,Brain,10
255_175,Brain,10
255_176,Brain,10
255_177,Brain,13
255_178,Jaw and tooth,13
255_179,Jaw and tooth,8
255_180,Jaw and tooth,8
255_181,Jaw and tooth,8
255_182,Head mesenchyme,8
255_183,Jaw and tooth,8
255_184,Jaw and tooth,8
255_185,Jaw and tooth,8
255_186,Jaw and tooth,8
255_187,Jaw and tooth,8
255_188,Jaw and tooth,8
255_189,Jaw and tooth,8
255_190,Jaw and tooth,8
255_191,Jaw and tooth,8
255_192,Jaw and tooth,8
255_193,Jaw and tooth,8
255_194,Jaw and tooth,8
255_195,Jaw and tooth,8
255_196,Jaw and tooth,8
255_197,Jaw and tooth,8
255_198,Branchial arch,8
255_199,Jaw and tooth,8
255_200,Surface ectoderm,8
255_201,Surface ectoderm,8
255_202,Surface ectoderm,8
255_270,Cavity,16
255_271,Liver,3
255_272,Liver,3
255_273,Liver,18
255_274,Liver,18
255_275,Liver,18
255_276,Cavity,5
255_280,Heart,3
255_281,Connective tissue,5
255_282,GI tract,5
255_283,GI tract,5
255_284,GI tract,5
255_285,GI tract,5
255_286,GI tract,5
255_287,GI tract,5
255_288,GI tract,5
255_289,Connective tissue,5
255_290,GI tract,5
255_291,GI tract,5
255_292,GI tract,5
255_293,GI tract,5
255_294,Urogenital ridge,5
255_295,Urogenital ridge,5
255_296,Urogenital ridge,5
255_297,Urogenital ridge,5
255_298,Urogenital ridge,5
255_299,Urogenital ridge,5
255_300,Urogenital ridge,5
255_301,Urogenital ridge,5
255_302,Urogenital ridge,5
255_303,Urogenital ridge,5
255_304,Urogenital ridge,5
255_305,Urogenital ridge,5
255_306,Urogenital ridge,5
255_307,Urogenital ridge,5
255_308,Urogenital ridge,5
255_309,Urogenital ridge,5
255_310,Urogenital ridge,5
255_311,Urogenital ridge,5
255_312,Urogenital ridge,6
255_313,Urogenital ridge,6
255_314,Urogenital ridge,6
255_315,Sclerotome,6
255_316,Sclerotome,6
255_317,Sclerotome,6
255_318,Sclerotome,6
255_319,Sclerotome,6
255_320,Sclerotome,6
255_321,Sclerotome,6
255_322,Sclerotome,6
255_323,Sclerotome,6
255_324,Sclerotome,6
255_325,Sclerotome,6
255_326,Sclerotome,6
255_327,Sclerotome,6
255_328,Sclerotome,6
255_329,Sclerotome,11
255_330,Sclerotome,11
255_331,Sclerotome,11
255_332,Sclerotome,11
255_333,Sclerotome,11
255_334,Sclerotome,11
255_335,Sclerotome,11
255_336,Surface ectoderm,11
255_337,Surface ectoderm,11
255_338,Surface ectoderm,11
255_339,Surface ectoderm,11
255_340,Surface ectoderm,11
256_115,Cavity,16
256_116,Surface ectoderm,16
256_117,Surface ectoderm,16
256_118,Surface ectoderm,13
256_119,Surface ectoderm,13
256_120,Surface ectoderm,13
256_121,Surface ectoderm,13
256_122,Surface ectoderm,13
256_123,Surface ectoderm,13
256_124,Jaw and tooth,13
256_125,Meninges,13
256_126,Brain,13
256_127,Jaw and tooth,13
256_128,Jaw and tooth,13
256_129,Jaw and tooth,13
256_130,Jaw and tooth,13
256_131,Jaw and tooth,13
256_132,Brain,10
256_133,Brain,10
256_134,Brain,10
256_135,Brain,10
256_136,Brain,10
256_137,Brain,10
256_138,Brain,10
256_139,Brain,10
256_140,Brain,10
256_141,Brain,10
256_142,Brain,10
256_143,Brain,10
256_144,Brain,10
256_145,Brain,10
256_146,Brain,10
256_147,Brain,10
256_148,Brain,10
256_149,Cavity,10
256_150,Cavity,10
256_151,Cavity,13
256_152,Cavity,10
256_153,Brain,10
256_154,Brain,10
256_155,Cavity,10
256_156,Cavity,10
256_157,Brain,10
256_158,Brain,10
256_159,Brain,10
256_160,Brain,10
256_161,Brain,10
256_162,Brain,10
256_163,Brain,10
256_164,Brain,10
256_165,Brain,10
256_166,Brain,10
256_167,Brain,10
256_168,Brain,10
256_169,Brain,10
256_170,Brain,10
256_171,Brain,10
256_172,Brain,10
256_173,Brain,10
256_174,Brain,10
256_175,Brain,10
256_176,Brain,13
256_177,Head mesenchyme,13
256_178,Jaw and tooth,13
256_179,Jaw and tooth,8
256_180,Jaw and tooth,8
256_181,Jaw and tooth,8
256_182,Jaw and tooth,8
256_183,Jaw and tooth,8
256_184,Jaw and tooth,8
256_185,Jaw and tooth,8
256_186,Jaw and tooth,8
256_187,Jaw and tooth,8
256_188,Jaw and tooth,8
256_189,Jaw and tooth,8
256_190,Jaw and tooth,8
256_191,Jaw and tooth,8
256_192,Jaw and tooth,8
256_193,Jaw and tooth,8
256_194,Jaw and tooth,8
256_195,Jaw and tooth,8
256_196,Jaw and tooth,8
256_197,Jaw and tooth,8
256_198,Jaw and tooth,8
256_199,Jaw and tooth,8
256_200,Surface ectoderm,8
256_201,Surface ectoderm,8
256_202,Surface ectoderm,8
256_272,Cavity,16
256_273,Cavity,16
256_274,Cavity,16
256_280,Cavity,19
256_281,Heart,3
256_282,GI tract,5
256_283,GI tract,5
256_284,GI tract,5
256_285,GI tract,5
256_286,GI tract,5
256_287,GI tract,5
256_288,GI tract,5
256_289,Connective tissue,5
256_290,Connective tissue,5
256_291,GI tract,5
256_292,GI tract,5
256_293,GI tract,5
256_294,GI tract,5
256_295,Urogenital ridge,5
256_296,Urogenital ridge,5
256_297,Urogenital ridge,5
256_298,Urogenital ridge,5
256_299,Urogenital ridge,5
256_300,Urogenital ridge,5
256_301,Urogenital ridge,5
256_302,Urogenital ridge,5
256_303,GI tract,5
256_304,Urogenital ridge,5
256_305,Urogenital ridge,5
256_306,Connective tissue,5
256_307,Urogenital ridge,5
256_308,Urogenital ridge,5
256_309,Connective tissue,5
256_310,Urogenital ridge,5
256_311,Urogenital ridge,5
256_312,Urogenital ridge,6
256_313,Sclerotome,6
256_314,Sclerotome,6
256_315,Sclerotome,6
256_316,Sclerotome,6
256_317,Sclerotome,6
256_318,Sclerotome,6
256_319,Sclerotome,6
256_320,Sclerotome,6
256_321,Sclerotome,6
256_322,Sclerotome,6
256_323,Sclerotome,6
256_324,Sclerotome,6
256_325,Sclerotome,6
256_326,Sclerotome,6
256_327,Sclerotome,6
256_328,Sclerotome,6
256_329,Sclerotome,6
256_330,Sclerotome,11
256_331,Sclerotome,11
256_332,Sclerotome,11
256_333,Sclerotome,11
256_334,Sclerotome,11
256_335,Sclerotome,11
256_336,Blood vessel,11
256_337,Meninges,11
256_338,Surface ectoderm,11
256_339,Surface ectoderm,11
256_340,Surface ectoderm,11
257_116,Cavity,16
257_117,Cavity,16
257_118,Surface ectoderm,13
257_119,Surface ectoderm,13
257_120,Surface ectoderm,13
257_121,Surface ectoderm,13
257_122,Surface ectoderm,13
257_123,Surface ectoderm,13
257_124,Surface ectoderm,13
257_125,Jaw and tooth,13
257_126,Jaw and tooth,13
257_127,Jaw and tooth,13
257_128,Jaw and tooth,13
257_129,Jaw and tooth,7
257_130,Jaw and tooth,8
257_131,Jaw and tooth,10
257_132,Brain,10
257_133,Brain,10
257_134,Brain,10
257_135,Brain,10
257_136,Brain,10
257_137,Brain,10
257_138,Brain,10
257_139,Brain,10
257_140,Brain,10
257_141,Brain,10
257_142,Brain,10
257_143,Brain,10
257_144,Brain,10
257_145,Brain,10
257_146,Brain,10
257_147,Brain,10
257_148,Brain,10
257_149,Brain,10
257_150,Cavity,10
257_151,Cavity,10
257_152,Cavity,10
257_153,Brain,10
257_154,Brain,10
257_155,Brain,10
257_156,Brain,10
257_157,Brain,10
257_158,Brain,10
257_159,Brain,10
257_160,Brain,10
257_161,Brain,10
257_162,Brain,10
257_163,Brain,10
257_164,Brain,10
257_165,Brain,10
257_166,Brain,10
257_167,Brain,10
257_168,Brain,10
257_169,Brain,10
257_170,Brain,10
257_171,Brain,10
257_172,Brain,10
257_173,Brain,10
257_174,Brain,10
257_175,Brain,13
257_176,Head mesenchyme,13
257_177,Jaw and tooth,13
257_178,Jaw and tooth,8
257_179,Jaw and tooth,8
257_180,Jaw and tooth,8
257_181,Jaw and tooth,8
257_182,Jaw and tooth,8
257_183,Jaw and tooth,8
257_184,Jaw and tooth,8
257_185,Jaw and tooth,8
257_186,Jaw and tooth,8
257_187,Jaw and tooth,8
257_188,Jaw and tooth,8
257_189,Jaw and tooth,8
257_190,Jaw and tooth,8
257_191,Jaw and tooth,8
257_192,Jaw and tooth,8
257_193,Jaw and tooth,8
257_194,Jaw and tooth,8
257_195,Jaw and tooth,8
257_196,Jaw and tooth,8
257_197,Jaw and tooth,8
257_198,Jaw and tooth,8
257_199,Surface ectoderm,8
257_200,Surface ectoderm,8
257_201,Surface ectoderm,8
257_202,Surface ectoderm,8
257_280,Cavity,19
257_281,GI tract,3
257_282,GI tract,5
257_283,GI tract,5
257_284,GI tract,5
257_285,GI tract,5
257_286,GI tract,5
257_287,GI tract,5
257_288,GI tract,5
257_289,GI tract,5
257_290,GI tract,5
257_291,GI tract,5
257_292,GI tract,5
257_293,GI tract,5
257_294,GI tract,5
257_295,Urogenital ridge,5
257_296,Urogenital ridge,5
257_297,Urogenital ridge,5
257_298,Urogenital ridge,5
257_299,Urogenital ridge,5
257_300,Urogenital ridge,5
257_301,Urogenital ridge,5
257_302,GI tract,5
257_303,GI tract,5
257_304,Urogenital ridge,5
257_305,Urogenital ridge,5
257_306,Urogenital ridge,5
257_307,Urogenital ridge,5
257_308,Urogenital ridge,5
257_309,Blood vessel,5
257_310,Connective tissue,5
257_311,Urogenital ridge,5
257_312,Urogenital ridge,6
257_313,Sclerotome,6
257_314,Sclerotome,6
257_315,Sclerotome,6
257_316,Sclerotome,6
257_317,Sclerotome,6
257_318,Sclerotome,6
257_319,Sclerotome,6
257_320,Sclerotome,6
257_321,Sclerotome,6
257_322,Sclerotome,6
257_323,Sclerotome,6
257_324,Sclerotome,6
257_325,Sclerotome,6
257_326,Sclerotome,6
257_327,Sclerotome,6
257_328,Sclerotome,6
257_329,Sclerotome,6
257_330,Sclerotome,6
257_331,Sclerotome,11
257_332,Sclerotome,11
257_333,Sclerotome,11
257_334,Sclerotome,11
257_335,Blood vessel,11
257_336,Blood vessel,3
257_337,Blood vessel,11
257_338,Surface ectoderm,11
257_339,Surface ectoderm,11
257_340,Surface ectoderm,11
258_118,Cavity,13
258_119,Surface ectoderm,13
258_120,Surface ectoderm,13
258_121,Surface ectoderm,13
258_122,Surface ectoderm,13
258_123,Surface ectoderm,13
258_124,Surface ectoderm,13
258_125,Surface ectoderm,13
258_126,Jaw and tooth,13
258_127,Jaw and tooth,13
258_128,Jaw and tooth,7
258_129,Jaw and tooth,7
258_130,Jaw and tooth,8
258_131,Jaw and tooth,13
258_132,Brain,10
258_133,Brain,10
258_134,Brain,10
258_135,Brain,10
258_136,Brain,10
258_137,Brain,10
258_138,Brain,10
258_139,Brain,10
258_140,Brain,10
258_141,Brain,10
258_142,Brain,10
258_143,Brain,10
258_144,Brain,10
258_145,Brain,10
258_146,Brain,10
258_147,Brain,10
258_148,Brain,10
258_149,Brain,10
258_150,Brain,10
258_151,Brain,10
258_152,Brain,10
258_153,Brain,10
258_154,Brain,10
258_155,Brain,10
258_156,Brain,10
258_157,Brain,10
258_158,Brain,10
258_159,Brain,10
258_160,Brain,10
258_161,Brain,10
258_162,Brain,10
258_163,Brain,10
258_164,Brain,10
258_165,Brain,10
258_166,Brain,10
258_167,Brain,10
258_168,Brain,10
258_169,Brain,10
258_170,Brain,10
258_171,Brain,10
258_172,Brain,10
258_173,Brain,10
258_174,Jaw and tooth,13
258_175,Jaw and tooth,13
258_176,Jaw and tooth,13
258_177,Jaw and tooth,8
258_178,Jaw and tooth,8
258_179,Jaw and tooth,8
258_180,Jaw and tooth,8
258_181,Jaw and tooth,8
258_182,Jaw and tooth,8
258_183,Jaw and tooth,8
258_184,Jaw and tooth,8
258_185,Jaw and tooth,8
258_186,Jaw and tooth,8
258_187,Jaw and tooth,8
258_188,Jaw and tooth,8
258_189,Jaw and tooth,8
258_190,Jaw and tooth,8
258_191,Jaw and tooth,8
258_192,Jaw and tooth,8
258_193,Jaw and tooth,8
258_194,Jaw and tooth,8
258_195,Jaw and tooth,8
258_196,Jaw and tooth,8
258_197,Jaw and tooth,8
258_198,Surface ectoderm,8
258_199,Surface ectoderm,8
258_200,Surface ectoderm,8
258_201,Surface ectoderm,8
258_202,Surface ectoderm,8
258_281,Cavity,16
258_282,GI tract,5
258_283,GI tract,5
258_284,GI tract,5
258_285,GI tract,5
258_286,GI tract,5
258_287,GI tract,5
258_288,GI tract,5
258_289,GI tract,5
258_290,GI tract,5
258_291,GI tract,5
258_292,GI tract,5
258_293,Urogenital ridge,5
258_294,Urogenital ridge,5
258_295,Urogenital ridge,5
258_296,Urogenital ridge,5
258_297,Blood vessel,5
258_298,Urogenital ridge,5
258_299,Urogenital ridge,5
258_300,Urogenital ridge,5
258_301,Urogenital ridge,5
258_302,GI tract,5
258_303,Urogenital ridge,5
258_304,Urogenital ridge,5
258_305,Connective tissue,5
258_306,Urogenital ridge,5
258_307,Urogenital ridge,5
258_308,Urogenital ridge,5
258_309,Connective tissue,5
258_310,Urogenital ridge,5
258_311,Urogenital ridge,5
258_312,Urogenital ridge,6
258_313,Sclerotome,6
258_314,Sclerotome,6
258_315,Sclerotome,6
258_316,Urogenital ridge,6
258_317,Sclerotome,6
258_318,Sclerotome,6
258_319,Sclerotome,6
258_320,Sclerotome,6
258_321,Sclerotome,6
258_322,Sclerotome,6
258_323,Sclerotome,6
258_324,Sclerotome,6
258_325,Sclerotome,6
258_326,Connective tissue,6
258_327,Sclerotome,6
258_328,Sclerotome,6
258_329,Sclerotome,6
258_330,Sclerotome,11
258_331,Sclerotome,11
258_332,Sclerotome,11
258_333,Sclerotome,11
258_334,Sclerotome,11
258_335,Blood vessel,11
258_336,Blood vessel,3
258_337,Meninges,11
258_338,Surface ectoderm,11
258_339,Surface ectoderm,11
258_340,Surface ectoderm,11
258_341,Cavity,11
259_119,Cavity,16
259_120,Surface ectoderm,13
259_121,Surface ectoderm,13
259_122,Surface ectoderm,13
259_123,Surface ectoderm,13
259_124,Surface ectoderm,13
259_125,Surface ectoderm,13
259_126,Surface ectoderm,13
259_127,Surface ectoderm,13
259_128,Jaw and tooth,13
259_129,Jaw and tooth,13
259_130,Jaw and tooth,13
259_131,Jaw and tooth,13
259_132,Jaw and tooth,13
259_133,Jaw and tooth,10
259_134,Brain,10
259_135,Brain,10
259_136,Brain,10
259_137,Brain,10
259_138,Brain,10
259_139,Brain,10
259_140,Brain,10
259_141,Brain,10
259_142,Brain,10
259_143,Brain,10
259_144,Brain,10
259_145,Brain,10
259_146,Brain,10
259_147,Brain,10
259_148,Brain,10
259_149,Brain,10
259_150,Brain,10
259_151,Brain,10
259_152,Brain,10
259_153,Brain,10
259_154,Brain,10
259_155,Brain,10
259_156,Brain,10
259_157,Brain,10
259_158,Brain,10
259_159,Brain,10
259_160,Brain,10
259_161,Brain,10
259_162,Brain,10
259_163,Brain,10
259_164,Brain,10
259_165,Brain,10
259_166,Brain,10
259_167,Brain,10
259_168,Brain,10
259_169,Brain,10
259_170,Brain,10
259_171,Brain,10
259_172,Brain,10
259_173,Brain,13
259_174,Jaw and tooth,13
259_175,Jaw and tooth,8
259_176,Jaw and tooth,8
259_177,Jaw and tooth,8
259_178,Jaw and tooth,8
259_179,Jaw and tooth,8
259_180,Jaw and tooth,8
259_181,Jaw and tooth,8
259_182,Jaw and tooth,8
259_183,Jaw and tooth,8
259_184,Jaw and tooth,8
259_185,Jaw and tooth,8
259_186,Jaw and tooth,8
259_187,Jaw and tooth,8
259_188,Jaw and tooth,8
259_189,Jaw and tooth,8
259_190,Head mesenchyme,8
259_191,Jaw and tooth,8
259_192,Jaw and tooth,8
259_193,Jaw and tooth,8
259_194,Jaw and tooth,8
259_195,Jaw and tooth,8
259_196,Jaw and tooth,8
259_197,Jaw and tooth,8
259_198,Surface ectoderm,8
259_199,Surface ectoderm,8
259_200,Surface ectoderm,8
259_201,Surface ectoderm,16
259_202,Cavity,16
259_282,Cavity,16
259_283,GI tract,5
259_284,GI tract,5
259_285,GI tract,5
259_286,GI tract,5
259_287,GI tract,5
259_288,GI tract,5
259_289,GI tract,5
259_290,GI tract,5
259_291,GI tract,5
259_292,GI tract,5
259_293,Urogenital ridge,5
259_294,Urogenital ridge,5
259_295,Urogenital ridge,5
259_296,Connective tissue,5
259_297,Connective tissue,5
259_298,Urogenital ridge,5
259_299,Urogenital ridge,5
259_300,Urogenital ridge,5
259_301,Urogenital ridge,5
259_302,Urogenital ridge,5
259_303,Urogenital ridge,5
259_304,Urogenital ridge,5
259_305,Urogenital ridge,5
259_306,Urogenital ridge,5
259_307,Urogenital ridge,5
259_308,Urogenital ridge,5
259_309,GI tract,5
259_310,Urogenital ridge,5
259_311,Urogenital ridge,5
259_312,Urogenital ridge,6
259_313,Urogenital ridge,6
259_314,Urogenital ridge,6
259_315,Urogenital ridge,6
259_316,Sclerotome,6
259_317,Dermomyotome,4
259_318,Sclerotome,4
259_319,Sclerotome,4
259_320,Dermomyotome,4
259_321,Dermomyotome,17
259_322,Dermomyotome,17
259_323,Dermomyotome,4
259_324,Dermomyotome,4
259_325,Sclerotome,6
259_326,Sclerotome,6
259_327,Sclerotome,6
259_328,Sclerotome,6
259_329,Sclerotome,6
259_330,Sclerotome,11
259_331,Sclerotome,11
259_332,Sclerotome,11
259_333,Sclerotome,11
259_334,Sclerotome,11
259_335,Sclerotome,11
259_336,Blood vessel,11
259_337,Blood vessel,11
259_338,Surface ectoderm,11
259_339,Surface ectoderm,11
259_340,Surface ectoderm,11
259_341,Cavity,11
260_120,Cavity,16
260_121,Surface ectoderm,16
260_122,Surface ectoderm,16
260_123,Surface ectoderm,16
260_124,Surface ectoderm,13
260_125,Surface ectoderm,13
260_126,Surface ectoderm,13
260_127,Surface ectoderm,13
260_128,Surface ectoderm,13
260_129,Surface ectoderm,13
260_130,Jaw and tooth,13
260_131,Jaw and tooth,13
260_132,Jaw and tooth,13
260_133,Jaw and tooth,13
260_134,Jaw and tooth,10
260_135,Brain,10
260_136,Brain,10
260_137,Brain,10
260_138,Brain,10
260_139,Brain,10
260_140,Brain,10
260_141,Brain,10
260_142,Brain,10
260_143,Brain,10
260_144,Brain,10
260_145,Brain,10
260_146,Brain,10
260_147,Brain,10
260_148,Brain,10
260_149,Brain,10
260_150,Brain,10
260_151,Brain,10
260_152,Brain,10
260_153,Brain,10
260_154,Brain,10
260_155,Brain,10
260_156,Brain,10
260_157,Brain,10
260_158,Brain,10
260_159,Brain,10
260_160,Brain,10
260_161,Brain,10
260_162,Brain,10
260_163,Brain,10
260_164,Brain,10
260_165,Brain,10
260_166,Brain,10
260_167,Brain,10
260_168,Brain,10
260_169,Brain,10
260_170,Brain,10
260_171,Jaw and tooth,13
260_172,Head mesenchyme,13
260_173,Jaw and tooth,8
260_174,Jaw and tooth,8
260_175,Jaw and tooth,8
260_176,Jaw and tooth,8
260_177,Jaw and tooth,8
260_178,Jaw and tooth,8
260_179,Jaw and tooth,8
260_180,Jaw and tooth,8
260_181,Jaw and tooth,8
260_182,Jaw and tooth,8
260_183,Jaw and tooth,8
260_184,Jaw and tooth,8
260_185,Jaw and tooth,8
260_186,Jaw and tooth,8
260_187,Jaw and tooth,8
260_188,Jaw and tooth,8
260_189,Jaw and tooth,8
260_190,Jaw and tooth,8
260_191,Jaw and tooth,8
260_192,Jaw and tooth,8
260_193,Jaw and tooth,8
260_194,Jaw and tooth,8
260_195,Jaw and tooth,8
260_196,Jaw and tooth,8
260_197,Surface ectoderm,8
260_198,Surface ectoderm,8
260_199,Surface ectoderm,8
260_200,Cavity,16
260_284,Cavity,5
260_285,GI tract,5
260_286,GI tract,5
260_287,GI tract,5
260_288,GI tract,5
260_289,GI tract,5
260_290,GI tract,5
260_291,GI tract,5
260_292,GI tract,5
260_293,Urogenital ridge,5
260_294,Urogenital ridge,5
260_295,Urogenital ridge,5
260_296,Urogenital ridge,5
260_297,Urogenital ridge,5
260_298,Urogenital ridge,5
260_299,Urogenital ridge,5
260_300,Urogenital ridge,5
260_301,Urogenital ridge,5
260_302,Urogenital ridge,5
260_303,Urogenital ridge,5
260_304,Urogenital ridge,5
260_305,Urogenital ridge,5
260_306,Urogenital ridge,5
260_307,Urogenital ridge,5
260_308,Urogenital ridge,5
260_309,Urogenital ridge,5
260_310,Urogenital ridge,5
260_311,Urogenital ridge,5
260_312,Urogenital ridge,6
260_313,Urogenital ridge,6
260_314,Urogenital ridge,6
260_315,Dermomyotome,4
260_316,Dermomyotome,4
260_317,Dermomyotome,4
260_318,Dermomyotome,4
260_319,Dermomyotome,17
260_320,Dermomyotome,17
260_321,Dermomyotome,17
260_322,Dermomyotome,17
260_323,Dermomyotome,17
260_324,Sclerotome,4
260_325,Sclerotome,6
260_326,Connective tissue,6
260_327,Connective tissue,6
260_328,Sclerotome,6
260_329,Sclerotome,11
260_330,Sclerotome,11
260_331,Sclerotome,11
260_332,Sclerotome,11
260_333,Sclerotome,11
260_334,Blood vessel,11
260_335,Blood vessel,11
260_336,Sclerotome,11
260_337,Surface ectoderm,11
260_338,Surface ectoderm,11
260_339,Surface ectoderm,11
260_340,Surface ectoderm,11
260_341,Cavity,11
261_121,Cavity,16
261_122,Cavity,16
261_123,Surface ectoderm,16
261_124,Surface ectoderm,16
261_125,Surface ectoderm,13
261_126,Surface ectoderm,13
261_127,Surface ectoderm,13
261_128,Surface ectoderm,13
261_129,Surface ectoderm,13
261_130,Surface ectoderm,13
261_131,Surface ectoderm,13
261_132,Jaw and tooth,13
261_133,Meninges,13
261_134,Jaw and tooth,13
261_135,Jaw and tooth,13
261_136,Brain,10
261_137,Brain,10
261_138,Brain,10
261_139,Brain,10
261_140,Brain,10
261_141,Brain,10
261_142,Brain,10
261_143,Brain,10
261_144,Brain,10
261_145,Brain,10
261_146,Brain,10
261_147,Brain,10
261_148,Brain,10
261_149,Brain,10
261_150,Brain,10
261_151,Brain,10
261_152,Brain,10
261_153,Brain,10
261_154,Brain,10
261_155,Brain,10
261_156,Brain,10
261_157,Brain,10
261_158,Brain,10
261_159,Brain,10
261_160,Brain,10
261_161,Brain,10
261_162,Brain,10
261_163,Brain,10
261_164,Brain,10
261_165,Brain,10
261_166,Brain,10
261_167,Brain,10
261_168,Brain,10
261_169,Jaw and tooth,13
261_170,Jaw and tooth,13
261_171,Jaw and tooth,13
261_172,Jaw and tooth,13
261_173,Jaw and tooth,8
261_174,Jaw and tooth,8
261_175,Jaw and tooth,8
261_176,Jaw and tooth,8
261_177,Jaw and tooth,8
261_178,Jaw and tooth,8
261_179,Jaw and tooth,8
261_180,Jaw and tooth,8
261_181,Jaw and tooth,8
261_182,Jaw and tooth,8
261_183,Jaw and tooth,8
261_184,Jaw and tooth,8
261_185,Jaw and tooth,8
261_186,Jaw and tooth,8
261_187,Jaw and tooth,8
261_188,Jaw and tooth,8
261_189,Jaw and tooth,8
261_190,Jaw and tooth,8
261_191,Jaw and tooth,8
261_192,Jaw and tooth,8
261_193,Jaw and tooth,8
261_194,Jaw and tooth,8
261_195,Surface ectoderm,8
261_196,Surface ectoderm,8
261_197,Surface ectoderm,8
261_198,Surface ectoderm,8
261_199,Cavity,16
261_285,Cavity,5
261_286,GI tract,5
261_287,GI tract,5
261_288,GI tract,5
261_289,GI tract,5
261_290,GI tract,5
261_291,GI tract,5
261_292,Urogenital ridge,5
261_293,Urogenital ridge,5
261_294,Urogenital ridge,5
261_295,Urogenital ridge,5
261_296,Urogenital ridge,5
261_297,Urogenital ridge,5
261_298,Urogenital ridge,5
261_299,Urogenital ridge,5
261_300,Urogenital ridge,5
261_301,Connective tissue,5
261_302,Blood vessel,3
261_303,Blood vessel,3
261_304,Urogenital ridge,5
261_305,Blood vessel,5
261_306,Urogenital ridge,5
261_307,Urogenital ridge,5
261_308,Urogenital ridge,5
261_309,Urogenital ridge,5
261_310,Urogenital ridge,5
261_311,Urogenital ridge,5
261_312,Urogenital ridge,6
261_313,Urogenital ridge,6
261_314,Dermomyotome,6
261_315,Dermomyotome,4
261_316,Dermomyotome,4
261_317,Dermomyotome,4
261_318,Dermomyotome,4
261_319,Dermomyotome,17
261_320,Dermomyotome,17
261_321,Dermomyotome,17
261_322,Dermomyotome,17
261_323,Dermomyotome,4
261_324,Sclerotome,6
261_325,Sclerotome,6
261_326,Sclerotome,6
261_327,Sclerotome,6
261_328,Sclerotome,6
261_329,Sclerotome,11
261_330,Sclerotome,11
261_331,Sclerotome,11
261_332,Sclerotome,11
261_333,Sclerotome,11
261_334,Blood vessel,11
261_335,Blood vessel,11
261_336,Sclerotome,11
261_337,Meninges,11
261_338,Surface ectoderm,11
261_339,Surface ectoderm,11
261_340,Surface ectoderm,11
261_341,Surface ectoderm,11
262_122,Cavity,16
262_123,Cavity,16
262_124,Cavity,16
262_125,Surface ectoderm,16
262_126,Surface ectoderm,13
262_127,Surface ectoderm,13
262_128,Surface ectoderm,13
262_129,Surface ectoderm,13
262_130,Surface ectoderm,13
262_131,Surface ectoderm,13
262_132,Surface ectoderm,13
262_133,Meninges,13
262_134,Jaw and tooth,13
262_135,Jaw and tooth,13
262_136,Jaw and tooth,13
262_137,Brain,10
262_138,Brain,10
262_139,Brain,10
262_140,Brain,10
262_141,Brain,10
262_142,Brain,10
262_143,Brain,10
262_144,Brain,10
262_145,Brain,10
262_146,Brain,10
262_147,Brain,10
262_148,Brain,10
262_149,Brain,10
262_150,Brain,10
262_151,Brain,10
262_152,Brain,10
262_153,Brain,10
262_154,Brain,10
262_155,Brain,10
262_156,Brain,10
262_157,Brain,10
262_158,Brain,10
262_159,Brain,10
262_160,Brain,10
262_161,Brain,10
262_162,Brain,10
262_163,Brain,10
262_164,Brain,10
262_165,Brain,10
262_166,Brain,10
262_167,Brain,10
262_168,Jaw and tooth,13
262_169,Jaw and tooth,13
262_170,Jaw and tooth,13
262_171,Jaw and tooth,13
262_172,Jaw and tooth,8
262_173,Jaw and tooth,8
262_174,Jaw and tooth,8
262_175,Jaw and tooth,8
262_176,Jaw and tooth,8
262_177,Jaw and tooth,8
262_178,Jaw and tooth,8
262_179,Jaw and tooth,8
262_180,Jaw and tooth,8
262_181,Jaw and tooth,8
262_182,Jaw and tooth,8
262_183,Jaw and tooth,8
262_184,Jaw and tooth,8
262_185,Jaw and tooth,8
262_186,Jaw and tooth,8
262_187,Jaw and tooth,8
262_188,Jaw and tooth,8
262_189,Jaw and tooth,8
262_190,Jaw and tooth,8
262_191,Jaw and tooth,8
262_192,Jaw and tooth,8
262_193,Surface ectoderm,8
262_194,Surface ectoderm,8
262_195,Surface ectoderm,8
262_196,Surface ectoderm,8
262_197,Surface ectoderm,8
262_198,Surface ectoderm,16
262_288,Cavity,5
262_289,GI tract,5
262_290,GI tract,5
262_291,Urogenital ridge,5
262_292,Urogenital ridge,5
262_293,Urogenital ridge,5
262_294,Urogenital ridge,5
262_295,Urogenital ridge,5
262_296,Urogenital ridge,5
262_297,Urogenital ridge,5
262_298,Connective tissue,5
262_299,Urogenital ridge,5
262_300,Urogenital ridge,5
262_301,Connective tissue,3
262_302,Blood vessel,3
262_303,Blood vessel,3
262_304,Urogenital ridge,3
262_305,Connective tissue,5
262_306,Urogenital ridge,5
262_307,Urogenital ridge,5
262_308,Urogenital ridge,5
262_309,Urogenital ridge,5
262_310,Urogenital ridge,5
262_311,Urogenital ridge,6
262_312,Urogenital ridge,6
262_313,Urogenital ridge,6
262_314,Urogenital ridge,6
262_315,Urogenital ridge,6
262_316,Sclerotome,6
262_317,Sclerotome,6
262_318,Sclerotome,6
262_319,Sclerotome,6
262_320,Sclerotome,4
262_321,Sclerotome,4
262_322,Sclerotome,4
262_323,Sclerotome,6
262_324,Sclerotome,6
262_325,Sclerotome,6
262_326,Sclerotome,6
262_327,Sclerotome,6
262_328,Sclerotome,6
262_329,Sclerotome,11
262_330,Sclerotome,11
262_331,Sclerotome,11
262_332,Sclerotome,11
262_333,Sclerotome,11
262_334,Sclerotome,11
262_335,Sclerotome,11
262_336,Sclerotome,11
262_337,Surface ectoderm,11
262_338,Surface ectoderm,11
262_339,Surface ectoderm,11
262_340,Surface ectoderm,11
262_341,Surface ectoderm,11
263_126,Cavity,16
263_127,Cavity,16
263_128,Surface ectoderm,16
263_129,Surface ectoderm,13
263_130,Surface ectoderm,13
263_131,Surface ectoderm,13
263_132,Surface ectoderm,13
263_133,Surface ectoderm,13
263_134,Jaw and tooth,13
263_135,Jaw and tooth,13
263_136,Jaw and tooth,13
263_137,Jaw and tooth,13
263_138,Jaw and tooth,10
263_139,Brain,10
263_140,Brain,10
263_141,Brain,10
263_142,Brain,10
263_143,Brain,10
263_144,Brain,10
263_145,Brain,10
263_146,Brain,10
263_147,Brain,10
263_148,Brain,10
263_149,Brain,10
263_150,Brain,10
263_151,Brain,10
263_152,Brain,10
263_153,Brain,10
263_154,Brain,10
263_155,Brain,10
263_156,Brain,10
263_157,Brain,10
263_158,Brain,10
263_159,Brain,10
263_160,Brain,10
263_161,Brain,10
263_162,Brain,10
263_163,Brain,10
263_164,Brain,10
263_165,Brain,10
263_166,Brain,10
263_167,Jaw and tooth,13
263_168,Jaw and tooth,13
263_169,Jaw and tooth,8
263_170,Jaw and tooth,8
263_171,Jaw and tooth,8
263_172,Jaw and tooth,8
263_173,Jaw and tooth,8
263_174,Jaw and tooth,8
263_175,Jaw and tooth,8
263_176,Jaw and tooth,8
263_177,Jaw and tooth,8
263_178,Jaw and tooth,8
263_179,Jaw and tooth,8
263_180,Jaw and tooth,8
263_181,Jaw and tooth,8
263_182,Jaw and tooth,8
263_183,Jaw and tooth,8
263_184,Jaw and tooth,8
263_185,Jaw and tooth,8
263_186,Jaw and tooth,8
263_187,Jaw and tooth,8
263_188,Jaw and tooth,8
263_189,Jaw and tooth,8
263_190,Jaw and tooth,8
263_191,Jaw and tooth,8
263_192,Surface ectoderm,8
263_193,Surface ectoderm,8
263_194,Surface ectoderm,8
263_195,Surface ectoderm,8
263_196,Surface ectoderm,8
263_197,Surface ectoderm,16
263_198,Cavity,16
263_288,GI tract,5
263_289,GI tract,5
263_290,GI tract,5
263_291,Urogenital ridge,5
263_292,Urogenital ridge,5
263_293,Urogenital ridge,5
263_294,Urogenital ridge,5
263_295,Urogenital ridge,5
263_296,Urogenital ridge,5
263_297,Urogenital ridge,5
263_298,Urogenital ridge,5
263_299,Connective tissue,3
263_300,Connective tissue,3
263_301,Blood vessel,19
263_302,Blood vessel,19
263_303,Blood vessel,19
263_304,Urogenital ridge,5
263_305,Urogenital ridge,5
263_306,Urogenital ridge,5
263_307,Urogenital ridge,5
263_308,Urogenital ridge,5
263_309,Urogenital ridge,5
263_310,Urogenital ridge,5
263_311,Urogenital ridge,6
263_312,Urogenital ridge,6
263_313,Urogenital ridge,6
263_314,Urogenital ridge,6
263_315,Urogenital ridge,6
263_316,Sclerotome,6
263_317,Sclerotome,6
263_318,Sclerotome,6
263_319,Sclerotome,6
263_320,Sclerotome,6
263_321,Sclerotome,6
263_322,Sclerotome,6
263_323,Sclerotome,6
263_324,Sclerotome,6
263_325,Sclerotome,6
263_326,Sclerotome,6
263_327,Sclerotome,6
263_328,Sclerotome,6
263_329,Sclerotome,11
263_330,Sclerotome,11
263_331,Sclerotome,11
263_332,Sclerotome,11
263_333,Sclerotome,11
263_334,Sclerotome,11
263_335,Sclerotome,11
263_336,Sclerotome,11
263_337,Surface ectoderm,11
263_338,Surface ectoderm,11
263_339,Surface ectoderm,11
263_340,Surface ectoderm,11
263_341,Surface ectoderm,11
263_342,Cavity,16
264_128,Cavity,16
264_129,Cavity,16
264_130,Surface ectoderm,16
264_131,Surface ectoderm,13
264_132,Surface ectoderm,13
264_133,Surface ectoderm,13
264_134,Surface ectoderm,13
264_135,Surface ectoderm,13
264_136,Jaw and tooth,13
264_137,Jaw and tooth,13
264_138,Jaw and tooth,13
264_139,Brain,10
264_140,Brain,10
264_141,Brain,10
264_142,Brain,10
264_143,Brain,10
264_144,Brain,10
264_145,Brain,10
264_146,Brain,10
264_147,Brain,10
264_148,Brain,10
264_149,Brain,10
264_150,Brain,10
264_151,Brain,10
264_152,Brain,10
264_153,Brain,10
264_154,Brain,10
264_155,Brain,10
264_156,Brain,10
264_157,Brain,10
264_158,Brain,10
264_159,Brain,10
264_160,Brain,10
264_161,Brain,10
264_162,Brain,10
264_163,Brain,10
264_164,Brain,10
264_165,Brain,10
264_166,Jaw and tooth,13
264_167,Jaw and tooth,13
264_168,Jaw and tooth,8
264_169,Jaw and tooth,8
264_170,Jaw and tooth,8
264_171,Jaw and tooth,8
264_172,Jaw and tooth,8
264_173,Jaw and tooth,8
264_174,Jaw and tooth,8
264_175,Jaw and tooth,8
264_176,Jaw and tooth,8
264_177,Jaw and tooth,8
264_178,Jaw and tooth,8
264_179,Jaw and tooth,8
264_180,Jaw and tooth,8
264_181,Jaw and tooth,8
264_182,Jaw and tooth,8
264_183,Jaw and tooth,8
264_184,Jaw and tooth,8
264_185,Jaw and tooth,8
264_186,Jaw and tooth,8
264_187,Jaw and tooth,8
264_188,Surface ectoderm,8
264_189,Surface ectoderm,8
264_190,Surface ectoderm,8
264_191,Surface ectoderm,8
264_192,Surface ectoderm,8
264_193,Surface ectoderm,8
264_194,Surface ectoderm,8
264_195,Surface ectoderm,8
264_196,Surface ectoderm,8
264_243,Cavity,5
264_244,GI tract,5
264_245,GI tract,5
264_246,GI tract,5
264_247,GI tract,5
264_248,Cavity,5
264_288,GI tract,5
264_289,GI tract,5
264_290,Urogenital ridge,5
264_291,Urogenital ridge,5
264_292,Urogenital ridge,5
264_293,Urogenital ridge,5
264_294,Urogenital ridge,5
264_295,Urogenital ridge,5
264_296,Urogenital ridge,5
264_297,Urogenital ridge,5
264_298,Blood vessel,3
264_299,Blood vessel,19
264_300,Blood vessel,19
264_301,Cavity,19
264_302,Cavity,19
264_303,Blood vessel,19
264_304,Urogenital ridge,5
264_305,Urogenital ridge,5
264_306,Urogenital ridge,5
264_307,Urogenital ridge,5
264_308,Urogenital ridge,5
264_309,Urogenital ridge,5
264_310,Urogenital ridge,5
264_311,Urogenital ridge,6
264_312,Sclerotome,6
264_313,Sclerotome,6
264_314,Sclerotome,6
264_315,Urogenital ridge,6
264_316,Sclerotome,6
264_317,Sclerotome,6
264_318,Sclerotome,6
264_319,Sclerotome,6
264_320,Sclerotome,6
264_321,Sclerotome,6
264_322,Sclerotome,6
264_323,Sclerotome,6
264_324,Sclerotome,6
264_325,Sclerotome,6
264_326,Sclerotome,6
264_327,Sclerotome,6
264_328,Sclerotome,6
264_329,Sclerotome,11
264_330,Sclerotome,11
264_331,Sclerotome,11
264_332,Sclerotome,11
264_333,Sclerotome,11
264_334,Sclerotome,11
264_335,Sclerotome,11
264_336,Sclerotome,11
264_337,Surface ectoderm,11
264_338,Surface ectoderm,11
264_339,Surface ectoderm,11
264_340,Surface ectoderm,11
264_341,Surface ectoderm,11
264_342,Cavity,16
265_132,Cavity,16
265_133,Surface ectoderm,13
265_134,Surface ectoderm,16
265_135,Surface ectoderm,13
265_136,Surface ectoderm,13
265_137,Jaw and tooth,13
265_138,Jaw and tooth,13
265_139,Jaw and tooth,13
265_140,Brain,10
265_141,Brain,10
265_142,Brain,10
265_143,Brain,10
265_144,Brain,10
265_145,Brain,10
265_146,Brain,10
265_147,Brain,10
265_148,Brain,10
265_149,Brain,10
265_150,Brain,10
265_151,Brain,10
265_152,Brain,10
265_153,Brain,10
265_154,Brain,10
265_155,Brain,10
265_156,Brain,10
265_157,Brain,10
265_158,Brain,10
265_159,Brain,10
265_160,Brain,10
265_161,Brain,10
265_162,Brain,10
265_163,Brain,10
265_164,Brain,13
265_165,Jaw and tooth,13
265_166,Jaw and tooth,13
265_167,Jaw and tooth,8
265_168,Jaw and tooth,8
265_169,Jaw and tooth,8
265_170,Jaw and tooth,8
265_171,Jaw and tooth,8
265_172,Jaw and tooth,8
265_173,Jaw and tooth,8
265_174,Jaw and tooth,8
265_175,Jaw and tooth,8
265_176,Jaw and tooth,8
265_177,Jaw and tooth,8
265_178,Jaw and tooth,8
265_179,Jaw and tooth,8
265_180,Jaw and tooth,8
265_181,Jaw and tooth,8
265_182,Jaw and tooth,8
265_183,Jaw and tooth,8
265_184,Jaw and tooth,8
265_185,Surface ectoderm,8
265_186,Surface ectoderm,8
265_187,Surface ectoderm,8
265_188,Surface ectoderm,8
265_189,Surface ectoderm,8
265_190,Surface ectoderm,8
265_191,Surface ectoderm,8
265_192,Surface ectoderm,8
265_193,Surface ectoderm,8
265_194,Surface ectoderm,8
265_195,Surface ectoderm,8
265_196,Surface ectoderm,16
265_242,GI tract,5
265_243,GI tract,5
265_244,GI tract,5
265_245,GI tract,5
265_246,GI tract,5
265_247,GI tract,5
265_248,GI tract,5
265_249,GI tract,5
265_250,Cavity,16
265_287,Cavity,5
265_288,GI tract,5
265_289,GI tract,5
265_290,Urogenital ridge,5
265_291,Urogenital ridge,5
265_292,Urogenital ridge,5
265_293,Urogenital ridge,5
265_294,Urogenital ridge,5
265_295,Urogenital ridge,5
265_296,Urogenital ridge,5
265_297,Connective tissue,3
265_298,Blood vessel,19
265_299,Cavity,19
265_300,Cavity,19
265_301,Cavity,19
265_302,Cavity,19
265_303,Blood vessel,19
265_304,Connective tissue,5
265_305,Urogenital ridge,5
265_306,Urogenital ridge,5
265_307,Urogenital ridge,5
265_308,Urogenital ridge,5
265_309,Urogenital ridge,5
265_310,Urogenital ridge,5
265_311,Urogenital ridge,6
265_312,Sclerotome,6
265_313,Sclerotome,6
265_314,Sclerotome,6
265_315,Urogenital ridge,6
265_316,Urogenital ridge,6
265_317,Sclerotome,6
265_318,Sclerotome,6
265_319,Sclerotome,6
265_320,Sclerotome,6
265_321,Sclerotome,6
265_322,Sclerotome,6
265_323,Sclerotome,6
265_324,Sclerotome,6
265_325,Sclerotome,6
265_326,Sclerotome,6
265_327,Sclerotome,6
265_328,Sclerotome,6
265_329,Sclerotome,11
265_330,Sclerotome,11
265_331,Sclerotome,11
265_332,Sclerotome,11
265_333,Sclerotome,11
265_334,Sclerotome,11
265_335,Dorsal root ganglion,11
265_336,Dorsal root ganglion,11
265_337,Surface ectoderm,11
265_338,Surface ectoderm,11
265_339,Surface ectoderm,11
265_340,Surface ectoderm,11
265_341,Surface ectoderm,11
265_342,Cavity,16
266_133,Cavity,16
266_134,Surface ectoderm,16
266_135,Surface ectoderm,16
266_136,Surface ectoderm,13
266_137,Surface ectoderm,13
266_138,Jaw and tooth,13
266_139,Jaw and tooth,13
266_140,Brain,13
266_141,Brain,10
266_142,Brain,10
266_143,Brain,10
266_144,Brain,10
266_145,Brain,10
266_146,Brain,10
266_147,Brain,10
266_148,Brain,10
266_149,Brain,10
266_150,Brain,10
266_151,Brain,10
266_152,Brain,10
266_153,Brain,10
266_154,Brain,10
266_155,Brain,10
266_156,Brain,10
266_157,Brain,10
266_158,Brain,10
266_159,Brain,10
266_160,Brain,10
266_161,Brain,10
266_162,Jaw and tooth,10
266_163,Jaw and tooth,13
266_164,Jaw and tooth,13
266_165,Jaw and tooth,8
266_166,Jaw and tooth,8
266_167,Jaw and tooth,8
266_168,Jaw and tooth,8
266_169,Jaw and tooth,8
266_170,Jaw and tooth,8
266_171,Jaw and tooth,8
266_172,Jaw and tooth,8
266_173,Jaw and tooth,8
266_174,Jaw and tooth,8
266_175,Jaw and tooth,8
266_176,Jaw and tooth,8
266_177,Jaw and tooth,8
266_178,Jaw and tooth,8
266_179,Jaw and tooth,8
266_180,Jaw and tooth,8
266_181,Jaw and tooth,8
266_182,Surface ectoderm,8
266_183,Surface ectoderm,8
266_184,Surface ectoderm,8
266_185,Surface ectoderm,8
266_186,Surface ectoderm,8
266_187,Surface ectoderm,8
266_188,Surface ectoderm,8
266_189,Surface ectoderm,8
266_190,Surface ectoderm,8
266_191,Surface ectoderm,8
266_192,Surface ectoderm,8
266_193,Surface ectoderm,8
266_194,Surface ectoderm,8
266_195,Surface ectoderm,16
266_196,Surface ectoderm,16
266_197,Cavity,16
266_240,Cavity,16
266_241,GI tract,5
266_242,GI tract,5
266_243,GI tract,5
266_244,Cavity,16
266_245,Cavity,5
266_246,Cavity,5
266_247,GI tract,5
266_248,GI tract,5
266_249,GI tract,5
266_250,GI tract,5
266_251,GI tract,5
266_252,Cavity,5
266_287,GI tract,5
266_288,GI tract,5
266_289,GI tract,5
266_290,Urogenital ridge,5
266_291,Urogenital ridge,5
266_292,Connective tissue,5
266_293,Urogenital ridge,5
266_294,Urogenital ridge,5
266_295,Urogenital ridge,5
266_296,Urogenital ridge,5
266_297,Connective tissue,3
266_298,Blood vessel,19
266_299,Cavity,19
266_300,Cavity,19
266_301,Cavity,19
266_302,Cavity,19
266_303,Cavity,19
266_304,Connective tissue,3
266_305,Urogenital ridge,5
266_306,Urogenital ridge,5
266_307,Urogenital ridge,5
266_308,Urogenital ridge,5
266_309,Urogenital ridge,5
266_310,Urogenital ridge,5
266_311,Urogenital ridge,5
266_312,Urogenital ridge,6
266_313,Sclerotome,6
266_314,Urogenital ridge,6
266_315,Sclerotome,6
266_316,Sclerotome,6
266_317,Sclerotome,6
266_318,Sclerotome,6
266_319,Sclerotome,6
266_320,Sclerotome,6
266_321,Sclerotome,6
266_322,Sclerotome,6
266_323,Sclerotome,6
266_324,Sclerotome,6
266_325,Sclerotome,6
266_326,Sclerotome,6
266_327,Sclerotome,6
266_328,Sclerotome,6
266_329,Sclerotome,6
266_330,Sclerotome,11
266_331,Sclerotome,11
266_332,Sclerotome,11
266_333,Dorsal root ganglion,15
266_334,Dorsal root ganglion,15
266_335,Dorsal root ganglion,15
266_336,Dorsal root ganglion,15
266_337,Surface ectoderm,11
266_338,Surface ectoderm,11
266_339,Surface ectoderm,11
266_340,Surface ectoderm,11
266_341,Surface ectoderm,11
266_342,Surface ectoderm,11
267_134,Cavity,16
267_135,Surface ectoderm,16
267_136,Surface ectoderm,16
267_137,Surface ectoderm,13
267_138,Surface ectoderm,13
267_139,Jaw and tooth,13
267_140,Jaw and tooth,13
267_141,Jaw and tooth,13
267_142,Jaw and tooth,13
267_143,Jaw and tooth,13
267_144,Jaw and tooth,13
267_145,Jaw and tooth,13
267_146,Brain,10
267_147,Brain,10
267_148,Brain,10
267_149,Brain,10
267_150,Brain,10
267_151,Brain,10
267_152,Brain,10
267_153,Brain,10
267_154,Brain,10
267_155,Brain,10
267_156,Brain,10
267_157,Brain,10
267_158,Brain,10
267_159,Brain,10
267_160,Brain,13
267_161,Jaw and tooth,13
267_162,Jaw and tooth,13
267_163,Jaw and tooth,13
267_164,Jaw and tooth,8
267_165,Jaw and tooth,8
267_166,Jaw and tooth,8
267_167,Jaw and tooth,8
267_168,Jaw and tooth,8
267_169,Jaw and tooth,8
267_170,Jaw and tooth,8
267_171,Jaw and tooth,8
267_172,Jaw and tooth,8
267_173,Jaw and tooth,8
267_174,Jaw and tooth,8
267_175,Jaw and tooth,8
267_176,Jaw and tooth,8
267_177,Jaw and tooth,8
267_178,Jaw and tooth,8
267_179,Jaw and tooth,8
267_180,Jaw and tooth,8
267_181,Surface ectoderm,8
267_182,Surface ectoderm,8
267_183,Surface ectoderm,8
267_184,Surface ectoderm,8
267_185,Surface ectoderm,8
267_186,Surface ectoderm,8
267_187,Surface ectoderm,16
267_188,Surface ectoderm,16
267_189,Surface ectoderm,16
267_190,Cavity,16
267_191,Cavity,16
267_196,Cavity,16
267_197,Cavity,16
267_198,Cavity,16
267_240,GI tract,5
267_241,GI tract,5
267_242,GI tract,5
267_243,GI tract,5
267_244,Cavity,16
267_245,GI tract,16
267_246,GI tract,5
267_247,GI tract,5
267_248,GI tract,5
267_249,GI tract,3
267_250,GI tract,3
267_251,GI tract,5
267_252,GI tract,5
267_253,Cavity,16
267_286,Cavity,5
267_287,GI tract,5
267_288,GI tract,5
267_289,GI tract,5
267_290,Urogenital ridge,5
267_291,Urogenital ridge,5
267_292,Urogenital ridge,5
267_293,Urogenital ridge,5
267_294,Urogenital ridge,5
267_295,Urogenital ridge,5
267_296,Urogenital ridge,5
267_297,Connective tissue,5
267_298,Blood vessel,19
267_299,Cavity,19
267_300,Cavity,19
267_301,Cavity,19
267_302,Cavity,19
267_303,Blood vessel,19
267_304,Connective tissue,3
267_305,Urogenital ridge,5
267_306,Urogenital ridge,5
267_307,Urogenital ridge,5
267_308,Urogenital ridge,5
267_309,Urogenital ridge,5
267_310,Urogenital ridge,5
267_311,Urogenital ridge,5
267_312,Urogenital ridge,6
267_313,Urogenital ridge,6
267_314,Urogenital ridge,6
267_315,Sclerotome,4
267_316,Dermomyotome,4
267_317,Sclerotome,4
267_318,Sclerotome,4
267_319,Dermomyotome,4
267_320,Dermomyotome,4
267_321,Dermomyotome,4
267_322,Sclerotome,6
267_323,Sclerotome,6
267_324,Sclerotome,6
267_325,Sclerotome,6
267_326,Sclerotome,6
267_327,Sclerotome,6
267_328,Sclerotome,6
267_329,Sclerotome,6
267_330,Sclerotome,11
267_331,Sclerotome,11
267_332,Dorsal root ganglion,15
267_333,Dorsal root ganglion,15
267_334,Dorsal root ganglion,15
267_335,Dorsal root ganglion,15
267_336,Dorsal root ganglion,15
267_337,Dorsal root ganglion,11
267_338,Surface ectoderm,11
267_339,Surface ectoderm,11
267_340,Surface ectoderm,11
267_341,Surface ectoderm,11
267_342,Surface ectoderm,11
268_135,Cavity,16
268_136,Cavity,16
268_137,Surface ectoderm,13
268_138,Surface ectoderm,13
268_139,Surface ectoderm,13
268_140,Jaw and tooth,13
268_141,Jaw and tooth,13
268_142,Jaw and tooth,8
268_143,Jaw and tooth,8
268_144,Jaw and tooth,8
268_145,Jaw and tooth,8
268_146,Jaw and tooth,13
268_147,Blood vessel,13
268_148,Jaw and tooth,13
268_149,Jaw and tooth,13
268_150,Brain,10
268_151,Brain,10
268_152,Brain,10
268_153,Jaw and tooth,13
268_154,Jaw and tooth,13
268_155,Jaw and tooth,13
268_156,Jaw and tooth,13
268_157,Jaw and tooth,13
268_158,Brain,13
268_159,Jaw and tooth,13
268_160,Jaw and tooth,8
268_161,Jaw and tooth,8
268_162,Jaw and tooth,8
268_163,Jaw and tooth,8
268_164,Jaw and tooth,8
268_165,Jaw and tooth,8
268_166,Jaw and tooth,8
268_167,Jaw and tooth,8
268_168,Jaw and tooth,8
268_169,Jaw and tooth,8
268_170,Jaw and tooth,8
268_171,Jaw and tooth,8
268_172,Jaw and tooth,8
268_173,Jaw and tooth,8
268_174,Jaw and tooth,8
268_175,Jaw and tooth,8
268_176,Jaw and tooth,8
268_177,Jaw and tooth,8
268_178,Jaw and tooth,8
268_179,Surface ectoderm,8
268_180,Surface ectoderm,8
268_181,Surface ectoderm,8
268_182,Surface ectoderm,8
268_183,Surface ectoderm,8
268_184,Surface ectoderm,8
268_185,Surface ectoderm,13
268_186,Surface ectoderm,16
268_187,Cavity,16
268_188,Cavity,16
268_197,Cavity,16
268_198,Cavity,16
268_240,GI tract,5
268_241,GI tract,5
268_242,GI tract,5
268_243,GI tract,5
268_244,GI tract,5
268_245,GI tract,5
268_246,GI tract,5
268_247,Connective tissue,5
268_248,Blood vessel,19
268_249,Blood vessel,19
268_250,Blood vessel,19
268_251,Blood vessel,3
268_252,GI tract,5
268_253,GI tract,5
268_254,Cavity,16
268_286,GI tract,5
268_287,GI tract,5
268_288,GI tract,5
268_289,GI tract,5
268_290,Urogenital ridge,5
268_291,Urogenital ridge,5
268_292,Urogenital ridge,5
268_293,Urogenital ridge,5
268_294,Urogenital ridge,5
268_295,Urogenital ridge,5
268_296,Urogenital ridge,5
268_297,Urogenital ridge,5
268_298,Connective tissue,3
268_299,Blood vessel,19
268_300,Cavity,19
268_301,Cavity,19
268_302,Cavity,19
268_303,Blood vessel,19
268_304,Urogenital ridge,5
268_305,Urogenital ridge,5
268_306,Urogenital ridge,5
268_307,Urogenital ridge,5
268_308,Urogenital ridge,5
268_309,Urogenital ridge,5
268_310,Urogenital ridge,5
268_311,Connective tissue,6
268_312,Urogenital ridge,6
268_313,Urogenital ridge,6
268_314,Dermomyotome,6
268_315,Dermomyotome,4
268_316,Dermomyotome,4
268_317,Dermomyotome,4
268_318,Dermomyotome,4
268_319,Dermomyotome,17
268_320,Dermomyotome,17
268_321,Dermomyotome,4
268_322,Dermomyotome,4
268_323,Sclerotome,6
268_324,Sclerotome,6
268_325,Sclerotome,6
268_326,Sclerotome,6
268_327,Sclerotome,6
268_328,Sclerotome,11
268_329,Sclerotome,11
268_330,Sclerotome,6
268_331,Sclerotome,6
268_332,Dorsal root ganglion,15
268_333,Dorsal root ganglion,15
268_334,Dorsal root ganglion,15
268_335,Dorsal root ganglion,15
268_336,Dorsal root ganglion,15
268_337,Surface ectoderm,11
268_338,Surface ectoderm,11
268_339,Surface ectoderm,11
268_340,Surface ectoderm,11
268_341,Surface ectoderm,11
268_342,Surface ectoderm,11
269_137,Cavity,16
269_138,Surface ectoderm,13
269_139,Surface ectoderm,13
269_140,Surface ectoderm,13
269_141,Surface ectoderm,13
269_142,Jaw and tooth,8
269_143,Jaw and tooth,8
269_144,Jaw and tooth,8
269_145,Jaw and tooth,8
269_146,Jaw and tooth,7
269_147,Blood vessel,3
269_148,Jaw and tooth,3
269_149,Jaw and tooth,13
269_150,Jaw and tooth,13
269_151,Jaw and tooth,13
269_152,Jaw and tooth,13
269_153,Jaw and tooth,13
269_154,Jaw and tooth,8
269_155,Jaw and tooth,8
269_156,Jaw and tooth,13
269_157,Jaw and tooth,8
269_158,Jaw and tooth,8
269_159,Jaw and tooth,8
269_160,Jaw and tooth,8
269_161,Jaw and tooth,8
269_162,Jaw and tooth,8
269_163,Jaw and tooth,8
269_164,Jaw and tooth,8
269_165,Jaw and tooth,8
269_166,Jaw and tooth,8
269_167,Jaw and tooth,8
269_168,Jaw and tooth,8
269_169,Jaw and tooth,8
269_170,Jaw and tooth,8
269_171,Jaw and tooth,7
269_172,Jaw and tooth,7
269_173,Jaw and tooth,8
269_174,Jaw and tooth,8
269_175,Jaw and tooth,8
269_176,Surface ectoderm,8
269_177,Surface ectoderm,8
269_178,Surface ectoderm,8
269_179,Surface ectoderm,8
269_180,Surface ectoderm,8
269_181,Surface ectoderm,16
269_182,Surface ectoderm,16
269_183,Cavity,16
269_240,GI tract,5
269_241,GI tract,5
269_242,GI tract,5
269_243,GI tract,5
269_244,GI tract,5
269_245,GI tract,5
269_246,GI tract,5
269_247,Blood vessel,19
269_248,Cavity,19
269_249,Cavity,19
269_250,Cavity,19
269_251,Blood vessel,19
269_252,Blood vessel,3
269_253,GI tract,5
269_254,GI tract,5
269_285,Cavity,5
269_286,GI tract,5
269_287,GI tract,5
269_288,GI tract,5
269_289,Urogenital ridge,5
269_290,Urogenital ridge,5
269_291,Urogenital ridge,5
269_292,Urogenital ridge,5
269_293,Urogenital ridge,5
269_294,Urogenital ridge,5
269_295,Urogenital ridge,5
269_296,Urogenital ridge,5
269_297,Urogenital ridge,5
269_298,Blood vessel,19
269_299,Cavity,19
269_300,Cavity,19
269_301,Cavity,19
269_302,Cavity,19
269_303,Blood vessel,3
269_304,Connective tissue,5
269_305,Urogenital ridge,5
269_306,Urogenital ridge,5
269_307,Urogenital ridge,5
269_308,Urogenital ridge,5
269_309,Urogenital ridge,5
269_310,Urogenital ridge,6
269_311,Urogenital ridge,6
269_312,Urogenital ridge,6
269_313,Urogenital ridge,6
269_314,Sclerotome,6
269_315,Sclerotome,6
269_316,Sclerotome,6
269_317,Sclerotome,4
269_318,Dermomyotome,4
269_319,Dermomyotome,4
269_320,Dermomyotome,17
269_321,Dermomyotome,4
269_322,Sclerotome,6
269_323,Sclerotome,6
269_324,Sclerotome,6
269_325,Sclerotome,6
269_326,Sclerotome,6
269_327,Sclerotome,6
269_328,Sclerotome,11
269_329,Sclerotome,11
269_330,Sclerotome,11
269_331,Sclerotome,11
269_332,Dorsal root ganglion,6
269_333,Dorsal root ganglion,15
269_334,Dorsal root ganglion,15
269_335,Dorsal root ganglion,15
269_336,Dorsal root ganglion,15
269_337,Surface ectoderm,11
269_338,Surface ectoderm,11
269_339,Surface ectoderm,11
269_340,Surface ectoderm,11
269_341,Surface ectoderm,11
269_342,Surface ectoderm,11
269_343,Cavity,16
270_138,Cavity,16
270_139,Surface ectoderm,13
270_140,Surface ectoderm,16
270_141,Surface ectoderm,13
270_142,Surface ectoderm,13
270_143,Surface ectoderm,13
270_144,Jaw and tooth,8
270_145,Jaw and tooth,8
270_146,Meninges,7
270_147,Blood vessel,3
270_148,Blood vessel,3
270_149,Jaw and tooth,3
270_150,Jaw and tooth,7
270_151,Jaw and tooth,13
270_152,Jaw and tooth,8
270_153,Jaw and tooth,8
270_154,Jaw and tooth,8
270_155,Jaw and tooth,8
270_156,Jaw and tooth,8
270_157,Jaw and tooth,8
270_158,Jaw and tooth,8
270_159,Jaw and tooth,8
270_160,Jaw and tooth,8
270_161,Jaw and tooth,8
270_162,Jaw and tooth,8
270_163,Jaw and tooth,8
270_164,Jaw and tooth,8
270_165,Jaw and tooth,8
270_166,Jaw and tooth,8
270_167,Jaw and tooth,8
270_168,Jaw and tooth,8
270_169,Jaw and tooth,8
270_170,Jaw and tooth,8
270_171,Jaw and tooth,7
270_172,Jaw and tooth,7
270_173,Jaw and tooth,8
270_174,Jaw and tooth,8
270_175,Surface ectoderm,8
270_176,Surface ectoderm,8
270_177,Surface ectoderm,8
270_178,Surface ectoderm,8
270_179,Surface ectoderm,16
270_180,Surface ectoderm,16
270_181,Surface ectoderm,16
270_182,Cavity,16
270_240,GI tract,5
270_241,GI tract,5
270_242,GI tract,5
270_243,GI tract,5
270_244,GI tract,5
270_245,Sclerotome,5
270_246,GI tract,3
270_247,Blood vessel,19
270_248,Cavity,19
270_249,Cavity,19
270_250,Cavity,19
270_251,Blood vessel,19
270_252,Meninges,3
270_253,GI tract,5
270_254,GI tract,5
270_255,Cavity,16
270_284,Cavity,16
270_285,GI tract,5
270_286,GI tract,5
270_287,GI tract,5
270_288,Urogenital ridge,5
270_289,Urogenital ridge,5
270_290,Urogenital ridge,5
270_291,Urogenital ridge,5
270_292,Urogenital ridge,5
270_293,Urogenital ridge,5
270_294,Urogenital ridge,5
270_295,Urogenital ridge,5
270_296,Urogenital ridge,5
270_297,Connective tissue,3
270_298,Blood vessel,19
270_299,Cavity,19
270_300,Cavity,19
270_301,Cavity,19
270_302,Blood vessel,19
270_303,Connective tissue,3
270_304,Urogenital ridge,5
270_305,Urogenital ridge,5
270_306,Urogenital ridge,5
270_307,Urogenital ridge,5
270_308,Urogenital ridge,5
270_309,Urogenital ridge,5
270_310,Urogenital ridge,6
270_311,Urogenital ridge,6
270_312,Sclerotome,6
270_313,Urogenital ridge,6
270_314,Sclerotome,6
270_315,Sclerotome,6
270_316,Sclerotome,6
270_317,Sclerotome,6
270_318,Sclerotome,6
270_319,Sclerotome,6
270_320,Sclerotome,6
270_321,Sclerotome,6
270_322,Sclerotome,6
270_323,Sclerotome,6
270_324,Sclerotome,6
270_325,Sclerotome,6
270_326,Sclerotome,6
270_327,Sclerotome,11
270_328,Sclerotome,11
270_329,Sclerotome,11
270_330,Sclerotome,11
270_331,Sclerotome,11
270_332,Sclerotome,11
270_333,Dorsal root ganglion,11
270_334,Dorsal root ganglion,15
270_335,Dorsal root ganglion,15
270_336,Dorsal root ganglion,11
270_337,Surface ectoderm,11
270_338,Surface ectoderm,11
270_339,Cavity,11
270_340,Surface ectoderm,11
270_341,Surface ectoderm,11
270_342,Surface ectoderm,11
270_343,Cavity,11
271_139,Cavity,16
271_140,Surface ectoderm,16
271_141,Surface ectoderm,16
271_142,Surface ectoderm,13
271_143,Surface ectoderm,13
271_144,Surface ectoderm,13
271_145,Surface ectoderm,13
271_146,Surface ectoderm,13
271_147,Meninges,13
271_148,Meninges,3
271_149,Jaw and tooth,7
271_150,Jaw and tooth,7
271_151,Jaw and tooth,7
271_152,Jaw and tooth,7
271_153,Jaw and tooth,8
271_154,Jaw and tooth,8
271_155,Jaw and tooth,8
271_156,Jaw and tooth,8
271_157,Jaw and tooth,8
271_158,Jaw and tooth,8
271_159,Jaw and tooth,8
271_160,Jaw and tooth,8
271_161,Jaw and tooth,8
271_162,Jaw and tooth,8
271_163,Jaw and tooth,8
271_164,Jaw and tooth,8
271_165,Jaw and tooth,8
271_166,Jaw and tooth,8
271_167,Jaw and tooth,8
271_168,Jaw and tooth,8
271_169,Jaw and tooth,8
271_170,Jaw and tooth,8
271_171,Jaw and tooth,8
271_172,Surface ectoderm,7
271_173,Surface ectoderm,8
271_174,Surface ectoderm,8
271_175,Surface ectoderm,8
271_176,Surface ectoderm,16
271_177,Surface ectoderm,16
271_178,Surface ectoderm,16
271_179,Cavity,16
271_180,Cavity,16
271_240,GI tract,5
271_241,GI tract,5
271_242,GI tract,5
271_243,Surface ectoderm,5
271_244,GI tract,5
271_245,GI tract,5
271_246,Blood vessel,3
271_247,Blood vessel,19
271_248,Cavity,19
271_249,Cavity,19
271_250,Blood vessel,19
271_251,Blood vessel,19
271_252,GI tract,3
271_253,GI tract,5
271_254,GI tract,5
271_255,GI tract,5
271_256,Cavity,16
271_284,Cavity,16
271_285,GI tract,5
271_286,GI tract,5
271_287,GI tract,5
271_288,Urogenital ridge,5
271_289,Urogenital ridge,5
271_290,Urogenital ridge,5
271_291,Urogenital ridge,5
271_292,Urogenital ridge,5
271_293,Urogenital ridge,5
271_294,Urogenital ridge,5
271_295,Blood vessel,5
271_296,Connective tissue,5
271_297,Blood vessel,3
271_298,Cavity,19
271_299,Cavity,19
271_300,Cavity,19
271_301,Cavity,19
271_302,Blood vessel,19
271_303,Connective tissue,3
271_304,Urogenital ridge,5
271_305,Urogenital ridge,5
271_306,Urogenital ridge,5
271_307,Urogenital ridge,5
271_308,Urogenital ridge,5
271_309,Urogenital ridge,5
271_310,Urogenital ridge,6
271_311,Sclerotome,6
271_312,Sclerotome,6
271_313,Sclerotome,6
271_314,Urogenital ridge,6
271_315,Sclerotome,6
271_316,Sclerotome,6
271_317,Sclerotome,6
271_318,Sclerotome,6
271_319,Sclerotome,6
271_320,Sclerotome,6
271_321,Sclerotome,6
271_322,Sclerotome,6
271_323,Sclerotome,6
271_324,Sclerotome,6
271_325,Sclerotome,6
271_326,Sclerotome,6
271_327,Sclerotome,6
271_328,Sclerotome,11
271_329,Sclerotome,11
271_330,Sclerotome,11
271_331,Sclerotome,11
271_332,Sclerotome,11
271_333,Sclerotome,11
271_334,Dorsal root ganglion,11
271_335,Dorsal root ganglion,11
271_336,Dorsal root ganglion,11
271_337,Surface ectoderm,11
271_338,Surface ectoderm,11
271_339,Surface ectoderm,11
271_340,Surface ectoderm,11
271_341,Surface ectoderm,11
271_342,Surface ectoderm,11
271_343,Cavity,11
272_141,Cavity,16
272_142,Cavity,16
272_143,Surface ectoderm,16
272_144,Surface ectoderm,13
272_145,Surface ectoderm,13
272_146,Surface ectoderm,13
272_147,Surface ectoderm,13
272_148,Surface ectoderm,13
272_149,Jaw and tooth,13
272_150,Jaw and tooth,7
272_151,Jaw and tooth,7
272_152,Jaw and tooth,7
272_153,Jaw and tooth,7
272_154,Jaw and tooth,8
272_155,Jaw and tooth,8
272_156,Jaw and tooth,8
272_157,Jaw and tooth,8
272_158,Jaw and tooth,8
272_159,Jaw and tooth,8
272_160,Jaw and tooth,8
272_161,Jaw and tooth,8
272_162,Jaw and tooth,8
272_163,Jaw and tooth,8
272_164,Jaw and tooth,8
272_165,Jaw and tooth,8
272_166,Jaw and tooth,8
272_167,Jaw and tooth,8
272_168,Jaw and tooth,8
272_169,Surface ectoderm,8
272_170,Surface ectoderm,8
272_171,Surface ectoderm,8
272_172,Surface ectoderm,8
272_173,Surface ectoderm,8
272_174,Surface ectoderm,16
272_175,Surface ectoderm,8
272_176,Surface ectoderm,16
272_177,Cavity,16
272_178,Cavity,16
272_240,Cavity,16
272_241,GI tract,3
272_242,GI tract,5
272_243,GI tract,5
272_244,GI tract,5
272_245,GI tract,5
272_246,GI tract,3
272_247,Sclerotome,3
272_248,Blood vessel,19
272_249,Blood vessel,19
272_250,Connective tissue,3
272_251,Sclerotome,3
272_252,Sclerotome,5
272_253,Surface ectoderm,5
272_254,GI tract,5
272_255,GI tract,5
272_256,GI tract,5
272_284,Cavity,16
272_285,GI tract,5
272_286,GI tract,5
272_287,GI tract,5
272_288,Urogenital ridge,5
272_289,Urogenital ridge,5
272_290,Urogenital ridge,5
272_291,Urogenital ridge,5
272_292,Urogenital ridge,5
272_293,Urogenital ridge,5
272_294,Urogenital ridge,5
272_295,Blood vessel,3
272_296,Blood vessel,3
272_297,Blood vessel,19
272_298,Cavity,19
272_299,Cavity,19
272_300,Cavity,19
272_301,Cavity,19
272_302,Blood vessel,19
272_303,Connective tissue,5
272_304,Urogenital ridge,5
272_305,Urogenital ridge,5
272_306,Urogenital ridge,5
272_307,Urogenital ridge,5
272_308,Urogenital ridge,5
272_309,Urogenital ridge,6
272_310,Urogenital ridge,6
272_311,Sclerotome,6
272_312,Sclerotome,6
272_313,Sclerotome,6
272_314,Sclerotome,6
272_315,Sclerotome,6
272_316,Sclerotome,6
272_317,Sclerotome,6
272_318,Sclerotome,6
272_319,Sclerotome,6
272_320,Sclerotome,6
272_321,Sclerotome,6
272_322,Sclerotome,6
272_323,Sclerotome,6
272_324,Sclerotome,6
272_325,Sclerotome,6
272_326,Sclerotome,6
272_327,Sclerotome,6
272_328,Sclerotome,11
272_329,Sclerotome,11
272_330,Sclerotome,11
272_331,Sclerotome,11
272_332,Sclerotome,11
272_333,Sclerotome,11
272_334,Sclerotome,11
272_335,Sclerotome,11
272_336,Surface ectoderm,11
272_337,Surface ectoderm,11
272_338,Surface ectoderm,11
272_339,Surface ectoderm,11
272_340,Surface ectoderm,11
272_341,Surface ectoderm,11
272_342,Surface ectoderm,11
272_343,Surface ectoderm,11
273_145,Cavity,13
273_146,Surface ectoderm,13
273_147,Surface ectoderm,13
273_148,Surface ectoderm,13
273_149,Surface ectoderm,13
273_150,Surface ectoderm,13
273_151,Surface ectoderm,13
273_152,Surface ectoderm,13
273_153,Jaw and tooth,8
273_154,Jaw and tooth,8
273_155,Jaw and tooth,8
273_156,Jaw and tooth,8
273_157,Jaw and tooth,8
273_158,Jaw and tooth,8
273_159,Jaw and tooth,8
273_160,Jaw and tooth,8
273_161,Jaw and tooth,8
273_162,Jaw and tooth,8
273_163,Jaw and tooth,8
273_164,Surface ectoderm,8
273_165,Surface ectoderm,8
273_166,Surface ectoderm,8
273_167,Surface ectoderm,8
273_168,Surface ectoderm,8
273_169,Surface ectoderm,8
273_170,Surface ectoderm,8
273_171,Surface ectoderm,8
273_172,Surface ectoderm,8
273_173,Surface ectoderm,16
273_174,Surface ectoderm,16
273_175,Cavity,16
273_240,Cavity,16
273_241,GI tract,5
273_242,GI tract,3
273_243,GI tract,3
273_244,GI tract,5
273_245,GI tract,5
273_246,Blood vessel,5
273_247,Sclerotome,5
273_248,Sclerotome,5
273_249,Sclerotome,5
273_250,Sclerotome,5
273_251,Sclerotome,5
273_252,Sclerotome,5
273_253,GI tract,5
273_254,GI tract,5
273_255,GI tract,5
273_256,GI tract,5
273_257,Cavity,16
273_285,GI tract,5
273_286,GI tract,5
273_287,GI tract,5
273_288,Urogenital ridge,5
273_289,Urogenital ridge,5
273_290,Urogenital ridge,5
273_291,Urogenital ridge,5
273_292,Urogenital ridge,5
273_293,Urogenital ridge,5
273_294,Connective tissue,3
273_295,Blood vessel,3
273_296,Heart,3
273_297,Blood vessel,19
273_298,Cavity,19
273_299,Cavity,19
273_300,Cavity,19
273_301,Cavity,19
273_302,Blood vessel,3
273_303,Urogenital ridge,5
273_304,Urogenital ridge,5
273_305,Urogenital ridge,5
273_306,Urogenital ridge,5
273_307,Urogenital ridge,5
273_308,Urogenital ridge,5
273_309,Urogenital ridge,6
273_310,Connective tissue,6
273_311,Sclerotome,6
273_312,Sclerotome,6
273_313,Sclerotome,6
273_314,Sclerotome,6
273_315,Sclerotome,6
273_316,Sclerotome,6
273_317,Sclerotome,6
273_318,Sclerotome,6
273_319,Sclerotome,6
273_320,Sclerotome,6
273_321,Sclerotome,6
273_322,Sclerotome,6
273_323,Sclerotome,6
273_324,Sclerotome,6
273_325,Sclerotome,6
273_326,Sclerotome,6
273_327,Sclerotome,6
273_328,Sclerotome,11
273_329,Sclerotome,11
273_330,Sclerotome,11
273_331,Sclerotome,11
273_332,Sclerotome,11
273_333,Dorsal root ganglion,15
273_334,Dorsal root ganglion,15
273_335,Dorsal root ganglion,11
273_336,Surface ectoderm,11
273_337,Surface ectoderm,11
273_338,Surface ectoderm,11
273_339,Surface ectoderm,11
273_340,Surface ectoderm,11
273_341,Surface ectoderm,11
273_342,Surface ectoderm,11
273_343,Surface ectoderm,11
274_147,Cavity,16
274_148,Cavity,13
274_149,Surface ectoderm,13
274_150,Surface ectoderm,13
274_151,Surface ectoderm,13
274_152,Surface ectoderm,13
274_153,Surface ectoderm,13
274_154,Surface ectoderm,13
274_155,Surface ectoderm,8
274_156,Surface ectoderm,8
274_157,Surface ectoderm,8
274_158,Surface ectoderm,13
274_159,Surface ectoderm,8
274_160,Surface ectoderm,7
274_161,Surface ectoderm,8
274_162,Surface ectoderm,8
274_163,Surface ectoderm,8
274_164,Surface ectoderm,8
274_165,Surface ectoderm,8
274_166,Surface ectoderm,8
274_167,Surface ectoderm,8
274_168,Surface ectoderm,8
274_169,Surface ectoderm,8
274_170,Surface ectoderm,8
274_171,Surface ectoderm,16
274_172,Cavity,16
274_173,Cavity,16
274_241,GI tract,5
274_242,GI tract,3
274_243,GI tract,3
274_244,Blood vessel,3
274_245,GI tract,3
274_246,GI tract,5
274_247,Sclerotome,5
274_248,Sclerotome,5
274_249,Sclerotome,5
274_250,Sclerotome,5
274_251,Sclerotome,5
274_252,Sclerotome,5
274_253,Sclerotome,5
274_254,GI tract,5
274_255,GI tract,5
274_256,GI tract,5
274_257,GI tract,5
274_285,GI tract,5
274_286,GI tract,5
274_287,GI tract,5
274_288,Urogenital ridge,5
274_289,Urogenital ridge,5
274_290,Urogenital ridge,5
274_291,Urogenital ridge,5
274_292,Urogenital ridge,5
274_293,Connective tissue,5
274_294,Connective tissue,3
274_295,Connective tissue,3
274_296,Blood vessel,19
274_297,Blood vessel,19
274_298,Cavity,19
274_299,Cavity,19
274_300,Cavity,19
274_301,Blood vessel,19
274_302,Connective tissue,3
274_303,Urogenital ridge,5
274_304,Urogenital ridge,5
274_305,Urogenital ridge,5
274_306,Urogenital ridge,5
274_307,Urogenital ridge,5
274_308,Urogenital ridge,5
274_309,Urogenital ridge,6
274_310,Urogenital ridge,6
274_311,Urogenital ridge,6
274_312,Urogenital ridge,6
274_313,Urogenital ridge,6
274_314,Sclerotome,6
274_315,Sclerotome,6
274_316,Sclerotome,6
274_317,Sclerotome,6
274_318,Sclerotome,6
274_319,Sclerotome,6
274_320,Sclerotome,6
274_321,Sclerotome,6
274_322,Sclerotome,6
274_323,Sclerotome,6
274_324,Sclerotome,6
274_325,Sclerotome,6
274_326,Sclerotome,6
274_327,Sclerotome,6
274_328,Sclerotome,11
274_329,Sclerotome,11
274_330,Sclerotome,11
274_331,Dorsal root ganglion,15
274_332,Dorsal root ganglion,15
274_333,Dorsal root ganglion,15
274_334,Dorsal root ganglion,15
274_335,Dorsal root ganglion,15
274_336,Surface ectoderm,11
274_337,Surface ectoderm,11
274_338,Surface ectoderm,11
274_339,Surface ectoderm,11
274_340,Surface ectoderm,11
274_341,Surface ectoderm,11
274_342,Surface ectoderm,11
274_343,Surface ectoderm,11
275_150,Cavity,16
275_151,Cavity,13
275_152,Cavity,13
275_153,Cavity,13
275_154,Cavity,13
275_155,Cavity,13
275_156,Surface ectoderm,13
275_157,Surface ectoderm,13
275_158,Surface ectoderm,13
275_159,Surface ectoderm,16
275_160,Surface ectoderm,13
275_161,Surface ectoderm,8
275_162,Surface ectoderm,8
275_163,Surface ectoderm,8
275_164,Surface ectoderm,8
275_165,Surface ectoderm,8
275_166,Surface ectoderm,8
275_167,Surface ectoderm,8
275_168,Cavity,8
275_169,Cavity,16
275_170,Cavity,16
275_241,GI tract,5
275_242,GI tract,5
275_243,Heart,3
275_244,Blood vessel,3
275_245,Blood vessel,3
275_246,GI tract,5
275_247,Sclerotome,5
275_248,Sclerotome,5
275_249,Sclerotome,5
275_250,Sclerotome,5
275_251,Sclerotome,5
275_252,Sclerotome,5
275_253,GI tract,5
275_254,GI tract,5
275_255,GI tract,5
275_256,GI tract,5
275_257,Cavity,16
275_280,GI tract,5
275_281,GI tract,5
275_282,Cavity,16
275_285,GI tract,5
275_286,GI tract,5
275_287,GI tract,5
275_288,Urogenital ridge,5
275_289,Urogenital ridge,5
275_290,Urogenital ridge,5
275_291,Urogenital ridge,5
275_292,Urogenital ridge,5
275_293,Connective tissue,3
275_294,Connective tissue,3
275_295,Blood vessel,19
275_296,Cavity,19
275_297,Cavity,19
275_298,Cavity,19
275_299,Cavity,19
275_300,Cavity,19
275_301,Blood vessel,19
275_302,Connective tissue,3
275_303,Urogenital ridge,5
275_304,Urogenital ridge,5
275_305,Urogenital ridge,5
275_306,Urogenital ridge,5
275_307,Urogenital ridge,5
275_308,Urogenital ridge,5
275_309,Urogenital ridge,6
275_310,Urogenital ridge,6
275_311,Urogenital ridge,6
275_312,Urogenital ridge,6
275_313,Urogenital ridge,6
275_314,Urogenital ridge,6
275_315,Sclerotome,6
275_316,Sclerotome,6
275_317,Sclerotome,6
275_318,Sclerotome,6
275_319,Sclerotome,6
275_320,Sclerotome,6
275_321,Sclerotome,6
275_322,Sclerotome,6
275_323,Sclerotome,6
275_324,Sclerotome,6
275_325,Sclerotome,6
275_326,Sclerotome,6
275_327,Sclerotome,6
275_328,Sclerotome,6
275_329,Sclerotome,11
275_330,Dorsal root ganglion,15
275_331,Dorsal root ganglion,15
275_332,Dorsal root ganglion,15
275_333,Dorsal root ganglion,15
275_334,Dorsal root ganglion,15
275_335,Dorsal root ganglion,15
275_336,Dorsal root ganglion,15
275_337,Surface ectoderm,11
275_338,Surface ectoderm,11
275_339,Surface ectoderm,11
275_340,Surface ectoderm,11
275_341,Surface ectoderm,11
275_342,Surface ectoderm,11
275_343,Cavity,11
276_157,Cavity,16
276_158,Cavity,16
276_159,Surface ectoderm,16
276_160,Cavity,16
276_241,GI tract,5
276_242,GI tract,5
276_243,Blood vessel,3
276_244,Blood vessel,3
276_245,GI tract,5
276_246,Sclerotome,5
276_247,Sclerotome,5
276_248,Sclerotome,5
276_249,Sclerotome,5
276_250,Sclerotome,5
276_251,Sclerotome,5
276_252,Sclerotome,5
276_253,GI tract,5
276_254,GI tract,5
276_255,GI tract,5
276_256,GI tract,5
276_259,Cavity,5
276_260,Cavity,5
276_261,Cavity,5
276_262,GI tract,5
276_263,GI tract,5
276_264,GI tract,5
276_265,Cavity,16
276_266,Cavity,16
276_273,Cavity,5
276_274,GI tract,5
276_275,GI tract,5
276_276,GI tract,5
276_277,GI tract,5
276_278,GI tract,5
276_279,GI tract,5
276_280,GI tract,5
276_281,GI tract,5
276_282,GI tract,5
276_283,GI tract,5
276_285,GI tract,5
276_286,GI tract,5
276_287,GI tract,5
276_288,Urogenital ridge,5
276_289,Urogenital ridge,5
276_290,Urogenital ridge,5
276_291,Urogenital ridge,5
276_292,Blood vessel,3
276_293,Blood vessel,3
276_294,Connective tissue,3
276_295,Blood vessel,19
276_296,Cavity,19
276_297,Cavity,19
276_298,Cavity,19
276_299,Cavity,19
276_300,Cavity,19
276_301,Blood vessel,19
276_302,Urogenital ridge,5
276_303,Urogenital ridge,5
276_304,Urogenital ridge,5
276_305,Urogenital ridge,5
276_306,Urogenital ridge,5
276_307,Urogenital ridge,5
276_308,Urogenital ridge,6
276_309,Urogenital ridge,6
276_310,Urogenital ridge,6
276_311,Urogenital ridge,6
276_312,Urogenital ridge,6
276_313,Sclerotome,6
276_314,Sclerotome,6
276_315,Sclerotome,6
276_316,Sclerotome,6
276_317,Sclerotome,6
276_318,Sclerotome,6
276_319,Sclerotome,6
276_320,Sclerotome,6
276_321,Sclerotome,6
276_322,Sclerotome,6
276_323,Sclerotome,6
276_324,Sclerotome,6
276_325,Sclerotome,6
276_326,Sclerotome,6
276_327,Sclerotome,6
276_328,Sclerotome,6
276_329,Sclerotome,6
276_330,Dorsal root ganglion,15
276_331,Dorsal root ganglion,15
276_332,Dorsal root ganglion,15
276_333,Dorsal root ganglion,15
276_334,Dorsal root ganglion,15
276_335,Dorsal root ganglion,15
276_336,Dorsal root ganglion,15
276_337,Surface ectoderm,11
276_338,Surface ectoderm,11
276_339,Surface ectoderm,11
276_340,Surface ectoderm,11
276_341,Surface ectoderm,11
276_342,Surface ectoderm,11
276_343,Cavity,11
277_241,GI tract,5
277_242,GI tract,5
277_243,Blood vessel,5
277_244,GI tract,5
277_245,Sclerotome,5
277_246,Sclerotome,5
277_247,Sclerotome,5
277_248,Sclerotome,5
277_249,Sclerotome,5
277_250,Connective tissue,5
277_251,Connective tissue,5
277_252,GI tract,5
277_253,GI tract,5
277_254,GI tract,5
277_255,GI tract,5
277_256,GI tract,5
277_258,Cavity,5
277_259,GI tract,5
277_260,GI tract,5
277_261,GI tract,5
277_262,GI tract,5
277_263,GI tract,5
277_264,GI tract,5
277_265,GI tract,5
277_266,GI tract,5
277_267,Cavity,16
277_273,GI tract,5
277_274,GI tract,5
277_275,GI tract,5
277_276,GI tract,5
277_277,GI tract,5
277_278,GI tract,5
277_279,GI tract,5
277_280,GI tract,5
277_281,GI tract,5
277_282,GI tract,5
277_283,GI tract,5
277_284,Cavity,5
277_285,GI tract,5
277_286,GI tract,5
277_287,GI tract,5
277_288,Urogenital ridge,5
277_289,Urogenital ridge,5
277_290,Urogenital ridge,5
277_291,Urogenital ridge,5
277_292,Blood vessel,3
277_293,Blood vessel,3
277_294,Blood vessel,19
277_295,Cavity,19
277_296,Cavity,19
277_297,Cavity,19
277_298,Cavity,19
277_299,Cavity,19
277_300,Cavity,19
277_301,Blood vessel,19
277_302,Urogenital ridge,5
277_303,Urogenital ridge,5
277_304,Urogenital ridge,5
277_305,Urogenital ridge,5
277_306,Urogenital ridge,5
277_307,Urogenital ridge,6
277_308,Urogenital ridge,6
277_309,Sclerotome,6
277_310,Sclerotome,6
277_311,Urogenital ridge,6
277_312,Urogenital ridge,6
277_313,Sclerotome,6
277_314,Sclerotome,6
277_315,Sclerotome,6
277_316,Sclerotome,6
277_317,Sclerotome,6
277_318,Sclerotome,6
277_319,Sclerotome,6
277_320,Sclerotome,6
277_321,Sclerotome,6
277_322,Sclerotome,6
277_323,Sclerotome,6
277_324,Sclerotome,6
277_325,Sclerotome,6
277_326,Sclerotome,11
277_327,Sclerotome,11
277_328,Sclerotome,11
277_329,Dorsal root ganglion,11
277_330,Dorsal root ganglion,15
277_331,Dorsal root ganglion,15
277_332,Dorsal root ganglion,15
277_333,Dorsal root ganglion,15
277_334,Dorsal root ganglion,15
277_335,Dorsal root ganglion,15
277_336,Dorsal root ganglion,15
277_337,Surface ectoderm,11
277_338,Surface ectoderm,11
277_339,Surface ectoderm,11
277_340,Surface ectoderm,11
277_341,Surface ectoderm,11
277_342,Surface ectoderm,11
277_343,Cavity,11
278_241,GI tract,5
278_242,GI tract,5
278_243,GI tract,5
278_244,Sclerotome,5
278_245,Sclerotome,5
278_246,Sclerotome,5
278_247,Sclerotome,5
278_248,Sclerotome,5
278_249,Sclerotome,5
278_250,Sclerotome,5
278_251,GI tract,5
278_252,GI tract,5
278_253,GI tract,5
278_254,GI tract,5
278_255,GI tract,5
278_256,GI tract,5
278_257,GI tract,5
278_258,GI tract,5
278_259,GI tract,5
278_260,Heart,5
278_261,GI tract,3
278_262,GI tract,3
278_263,GI tract,5
278_264,GI tract,5
278_265,GI tract,5
278_266,GI tract,5
278_267,GI tract,5
278_268,Cavity,5
278_272,Cavity,5
278_273,GI tract,5
278_274,GI tract,5
278_275,GI tract,5
278_276,GI tract,5
278_277,GI tract,5
278_278,GI tract,5
278_279,GI tract,5
278_280,GI tract,5
278_281,GI tract,5
278_282,GI tract,5
278_283,GI tract,5
278_284,GI tract,5
278_285,GI tract,5
278_286,GI tract,5
278_287,GI tract,5
278_288,Urogenital ridge,5
278_289,Urogenital ridge,5
278_290,Urogenital ridge,5
278_291,Connective tissue,5
278_292,Connective tissue,3
278_293,Blood vessel,19
278_294,Blood vessel,19
278_295,Cavity,19
278_296,Cavity,19
278_297,Cavity,19
278_298,Cavity,19
278_299,Cavity,19
278_300,Blood vessel,19
278_301,Connective tissue,3
278_302,Urogenital ridge,5
278_303,Urogenital ridge,5
278_304,Urogenital ridge,5
278_305,Urogenital ridge,5
278_306,Urogenital ridge,6
278_307,Urogenital ridge,6
278_308,Sclerotome,6
278_309,Sclerotome,6
278_310,Sclerotome,6
278_311,Sclerotome,6
278_312,Sclerotome,6
278_313,Sclerotome,6
278_314,Sclerotome,6
278_315,Sclerotome,6
278_316,Sclerotome,6
278_317,Sclerotome,6
278_318,Sclerotome,6
278_319,Sclerotome,6
278_320,Sclerotome,6
278_321,Sclerotome,6
278_322,Sclerotome,6
278_323,Sclerotome,6
278_324,Sclerotome,6
278_325,Sclerotome,6
278_326,Sclerotome,11
278_327,Sclerotome,11
278_328,Sclerotome,11
278_329,Sclerotome,11
278_330,Dorsal root ganglion,15
278_331,Dorsal root ganglion,15
278_332,Dorsal root ganglion,15
278_333,Dorsal root ganglion,15
278_334,Dorsal root ganglion,15
278_335,Dorsal root ganglion,15
278_336,Dorsal root ganglion,11
278_337,Surface ectoderm,11
278_338,Surface ectoderm,11
278_339,Surface ectoderm,11
278_340,Surface ectoderm,11
278_341,Surface ectoderm,11
278_342,Surface ectoderm,11
279_241,GI tract,5
279_242,GI tract,5
279_243,GI tract,5
279_244,Sclerotome,5
279_245,Sclerotome,5
279_246,Sclerotome,5
279_247,Sclerotome,5
279_248,Sclerotome,5
279_249,Sclerotome,5
279_250,Sclerotome,5
279_251,GI tract,5
279_252,GI tract,5
279_253,GI tract,5
279_254,GI tract,5
279_255,GI tract,5
279_256,GI tract,5
279_257,GI tract,5
279_258,GI tract,5
279_259,GI tract,5
279_260,Heart,5
279_261,Meninges,3
279_262,Heart,3
279_263,Heart,3
279_264,GI tract,5
279_265,GI tract,5
279_266,GI tract,5
279_267,GI tract,5
279_268,GI tract,5
279_272,GI tract,5
279_273,GI tract,5
279_274,GI tract,5
279_275,GI tract,5
279_276,GI tract,5
279_277,GI tract,5
279_278,GI tract,5
279_279,GI tract,5
279_280,GI tract,5
279_281,GI tract,5
279_282,GI tract,5
279_283,GI tract,5
279_284,GI tract,5
279_285,GI tract,5
279_286,GI tract,5
279_287,Urogenital ridge,5
279_288,Urogenital ridge,5
279_289,Urogenital ridge,5
279_290,Urogenital ridge,5
279_291,Blood vessel,3
279_292,Blood vessel,19
279_293,Blood vessel,19
279_294,Cavity,19
279_295,Cavity,19
279_296,Cavity,19
279_297,Cavity,19
279_298,Cavity,19
279_299,Cavity,19
279_300,Blood vessel,19
279_301,Urogenital ridge,3
279_302,Urogenital ridge,5
279_303,Urogenital ridge,5
279_304,Urogenital ridge,5
279_305,Urogenital ridge,5
279_306,Urogenital ridge,6
279_307,Urogenital ridge,6
279_308,Sclerotome,6
279_309,Sclerotome,6
279_310,Sclerotome,6
279_311,Sclerotome,6
279_312,Sclerotome,6
279_313,Sclerotome,6
279_314,Sclerotome,6
279_315,Sclerotome,6
279_316,Sclerotome,6
279_317,Sclerotome,6
279_318,Sclerotome,6
279_319,Sclerotome,6
279_320,Sclerotome,6
279_321,Sclerotome,6
279_322,Sclerotome,6
279_323,Sclerotome,6
279_324,Sclerotome,6
279_325,Sclerotome,6
279_326,Sclerotome,11
279_327,Sclerotome,11
279_328,Sclerotome,11
279_329,Jaw and tooth,11
279_330,Dorsal root ganglion,15
279_331,Dorsal root ganglion,15
279_332,Dorsal root ganglion,15
279_333,Dorsal root ganglion,15
279_334,Dorsal root ganglion,15
279_335,Dorsal root ganglion,15
279_336,Surface ectoderm,11
279_337,Surface ectoderm,11
279_338,Surface ectoderm,11
279_339,Surface ectoderm,11
279_340,Surface ectoderm,11
279_341,Surface ectoderm,11
279_342,Surface ectoderm,11
280_241,GI tract,5
280_242,GI tract,5
280_243,Sclerotome,5
280_244,Sclerotome,5
280_245,Sclerotome,5
280_246,Sclerotome,5
280_247,Sclerotome,5
280_248,Sclerotome,5
280_249,Sclerotome,5
280_250,GI tract,5
280_251,GI tract,5
280_252,GI tract,5
280_253,GI tract,5
280_254,GI tract,5
280_255,GI tract,5
280_256,GI tract,5
280_257,GI tract,5
280_258,GI tract,5
280_259,GI tract,5
280_260,GI tract,5
280_261,Connective tissue,3
280_262,Connective tissue,3
280_263,Blood vessel,3
280_264,Connective tissue,3
280_265,GI tract,5
280_266,GI tract,5
280_267,GI tract,5
280_268,GI tract,5
280_269,GI tract,5
280_272,Cavity,16
280_273,GI tract,5
280_274,GI tract,5
280_275,GI tract,5
280_276,GI tract,5
280_277,GI tract,5
280_278,GI tract,5
280_279,GI tract,5
280_280,GI tract,5
280_281,GI tract,5
280_282,GI tract,5
280_283,GI tract,5
280_284,GI tract,5
280_285,GI tract,5
280_286,GI tract,5
280_287,Urogenital ridge,5
280_288,Urogenital ridge,5
280_289,Urogenital ridge,5
280_290,Urogenital ridge,5
280_291,Blood vessel,3
280_292,Blood vessel,19
280_293,Cavity,19
280_294,Cavity,19
280_295,Cavity,19
280_296,Cavity,19
280_297,Cavity,19
280_298,Cavity,19
280_299,Cavity,19
280_300,Connective tissue,3
280_301,Urogenital ridge,5
280_302,Urogenital ridge,5
280_303,Urogenital ridge,5
280_304,Urogenital ridge,5
280_305,Urogenital ridge,6
280_306,Urogenital ridge,6
280_307,Sclerotome,6
280_308,Sclerotome,6
280_309,Sclerotome,6
280_310,Sclerotome,6
280_311,Sclerotome,6
280_312,Sclerotome,6
280_313,Sclerotome,6
280_314,Sclerotome,6
280_315,Sclerotome,6
280_316,Sclerotome,6
280_317,Sclerotome,6
280_318,Sclerotome,6
280_319,Sclerotome,6
280_320,Sclerotome,6
280_321,Sclerotome,6
280_322,Sclerotome,6
280_323,Sclerotome,6
280_324,Sclerotome,6
280_325,Sclerotome,11
280_326,Sclerotome,11
280_327,Sclerotome,11
280_328,Sclerotome,11
280_329,Sclerotome,11
280_330,Dorsal root ganglion,15
280_331,Dorsal root ganglion,15
280_332,Dorsal root ganglion,15
280_333,Dorsal root ganglion,15
280_334,Dorsal root ganglion,15
280_335,Dorsal root ganglion,15
280_336,Surface ectoderm,11
280_337,Surface ectoderm,11
280_338,Surface ectoderm,11
280_339,Surface ectoderm,11
280_340,Surface ectoderm,11
280_341,Surface ectoderm,11
280_342,Cavity,16
281_241,GI tract,5
281_242,GI tract,5
281_243,Sclerotome,5
281_244,Sclerotome,5
281_245,Sclerotome,5
281_246,Sclerotome,5
281_247,Sclerotome,5
281_248,Sclerotome,5
281_249,GI tract,5
281_250,GI tract,5
281_251,GI tract,5
281_252,GI tract,5
281_253,GI tract,5
281_254,GI tract,5
281_255,GI tract,5
281_256,GI tract,5
281_257,GI tract,5
281_258,GI tract,5
281_259,Connective tissue,5
281_260,Connective tissue,5
281_261,Connective tissue,3
281_262,Connective tissue,3
281_263,Connective tissue,3
281_264,Connective tissue,3
281_265,Connective tissue,3
281_266,GI tract,5
281_267,GI tract,5
281_268,GI tract,5
281_269,GI tract,5
281_272,Cavity,16
281_273,GI tract,5
281_274,GI tract,5
281_275,GI tract,5
281_276,GI tract,5
281_277,GI tract,5
281_278,GI tract,5
281_279,GI tract,5
281_280,Urogenital ridge,5
281_281,GI tract,5
281_282,GI tract,5
281_283,GI tract,5
281_284,GI tract,5
281_285,GI tract,5
281_286,GI tract,5
281_287,Urogenital ridge,5
281_288,Urogenital ridge,5
281_289,Urogenital ridge,5
281_290,Connective tissue,5
281_291,Blood vessel,3
281_292,Blood vessel,19
281_293,Cavity,19
281_294,Cavity,19
281_295,Cavity,19
281_296,Cavity,19
281_297,Cavity,19
281_298,Cavity,19
281_299,Blood vessel,19
281_300,Urogenital ridge,3
281_301,Urogenital ridge,5
281_302,Urogenital ridge,5
281_303,Urogenital ridge,5
281_304,Urogenital ridge,5
281_305,Urogenital ridge,6
281_306,Blood vessel,6
281_307,Urogenital ridge,6
281_308,Sclerotome,6
281_309,Sclerotome,6
281_310,Sclerotome,6
281_311,Sclerotome,6
281_312,Sclerotome,6
281_313,Sclerotome,6
281_314,Sclerotome,6
281_315,Sclerotome,6
281_316,Sclerotome,6
281_317,Sclerotome,6
281_318,Sclerotome,6
281_319,Sclerotome,6
281_320,Sclerotome,6
281_321,Sclerotome,6
281_322,Sclerotome,6
281_323,Sclerotome,6
281_324,Sclerotome,6
281_325,Sclerotome,11
281_326,Sclerotome,11
281_327,Sclerotome,11
281_328,Sclerotome,11
281_329,Sclerotome,11
281_330,Dorsal root ganglion,15
281_331,Dorsal root ganglion,15
281_332,Dorsal root ganglion,15
281_333,Dorsal root ganglion,15
281_334,Dorsal root ganglion,15
281_335,Dorsal root ganglion,15
281_336,Dorsal root ganglion,11
281_337,Surface ectoderm,11
281_338,Surface ectoderm,11
281_339,Surface ectoderm,11
281_340,Surface ectoderm,11
281_341,Surface ectoderm,11
281_342,Cavity,16
282_241,GI tract,5
282_242,GI tract,5
282_243,GI tract,5
282_244,Sclerotome,5
282_245,Sclerotome,5
282_246,Sclerotome,5
282_247,GI tract,5
282_248,GI tract,5
282_249,GI tract,5
282_250,GI tract,5
282_251,GI tract,5
282_252,GI tract,5
282_253,GI tract,5
282_254,GI tract,5
282_255,GI tract,5
282_256,GI tract,5
282_257,GI tract,5
282_258,Connective tissue,5
282_259,GI tract,5
282_260,Urogenital ridge,5
282_261,Urogenital ridge,3
282_262,Connective tissue,3
282_263,Blood vessel,19
282_264,Blood vessel,19
282_265,Blood vessel,3
282_266,GI tract,3
282_267,GI tract,5
282_268,GI tract,5
282_269,GI tract,5
282_270,Cavity,16
282_272,Cavity,16
282_273,GI tract,5
282_274,GI tract,5
282_275,GI tract,5
282_276,GI tract,5
282_277,GI tract,5
282_278,GI tract,5
282_279,GI tract,5
282_280,GI tract,5
282_281,GI tract,5
282_282,GI tract,5
282_283,GI tract,5
282_284,GI tract,5
282_285,GI tract,5
282_286,GI tract,5
282_287,Urogenital ridge,5
282_288,Urogenital ridge,5
282_289,Urogenital ridge,5
282_290,Connective tissue,5
282_291,Connective tissue,3
282_292,Blood vessel,19
282_293,Cavity,19
282_294,Cavity,19
282_295,Cavity,19
282_296,Blood vessel,19
282_297,Cavity,19
282_298,Blood vessel,19
282_299,Connective tissue,3
282_300,Urogenital ridge,5
282_301,Urogenital ridge,5
282_302,Urogenital ridge,5
282_303,Urogenital ridge,6
282_304,Urogenital ridge,6
282_305,Urogenital ridge,6
282_306,Urogenital ridge,6
282_307,Sclerotome,6
282_308,Urogenital ridge,6
282_309,Urogenital ridge,6
282_310,Sclerotome,6
282_311,Sclerotome,6
282_312,Sclerotome,6
282_313,Sclerotome,6
282_314,Sclerotome,6
282_315,Sclerotome,6
282_316,Sclerotome,6
282_317,Sclerotome,6
282_318,Sclerotome,6
282_319,Sclerotome,6
282_320,Sclerotome,6
282_321,Sclerotome,6
282_322,Sclerotome,6
282_323,Sclerotome,6
282_324,Sclerotome,6
282_325,Sclerotome,11
282_326,Sclerotome,11
282_327,Sclerotome,11
282_328,Sclerotome,11
282_329,Sclerotome,11
282_330,Sclerotome,11
282_331,Dorsal root ganglion,15
282_332,Dorsal root ganglion,15
282_333,Dorsal root ganglion,15
282_334,Dorsal root ganglion,15
282_335,Dorsal root ganglion,15
282_336,Surface ectoderm,11
282_337,Surface ectoderm,11
282_338,Surface ectoderm,11
282_339,Surface ectoderm,11
282_340,Surface ectoderm,11
282_341,Surface ectoderm,11
282_342,Cavity,16
283_241,GI tract,5
283_242,GI tract,5
283_243,GI tract,5
283_244,GI tract,5
283_245,GI tract,5
283_246,GI tract,5
283_247,GI tract,5
283_248,GI tract,5
283_249,GI tract,5
283_250,GI tract,5
283_251,GI tract,5
283_252,GI tract,5
283_253,GI tract,5
283_254,GI tract,5
283_255,GI tract,5
283_256,GI tract,5
283_257,Urogenital ridge,5
283_258,GI tract,5
283_259,GI tract,5
283_260,Urogenital ridge,5
283_261,Urogenital ridge,5
283_262,Blood vessel,3
283_263,Cavity,19
283_264,Cavity,19
283_265,Blood vessel,19
283_266,Connective tissue,3
283_267,GI tract,5
283_268,GI tract,5
283_269,GI tract,5
283_270,Cavity,16
283_273,GI tract,5
283_274,GI tract,5
283_275,GI tract,5
283_276,GI tract,5
283_277,GI tract,5
283_278,GI tract,5
283_279,GI tract,5
283_280,GI tract,5
283_281,GI tract,5
283_282,GI tract,5
283_283,GI tract,5
283_284,GI tract,5
283_285,GI tract,5
283_286,GI tract,5
283_287,Urogenital ridge,5
283_288,Urogenital ridge,5
283_289,Urogenital ridge,5
283_290,Urogenital ridge,5
283_291,Blood vessel,19
283_292,Cavity,19
283_293,Cavity,19
283_294,Cavity,19
283_295,Cavity,19
283_296,Cavity,19
283_297,Cavity,19
283_298,Connective tissue,3
283_299,Connective tissue,3
283_300,Urogenital ridge,5
283_301,Urogenital ridge,6
283_302,Urogenital ridge,6
283_303,Urogenital ridge,6
283_304,Urogenital ridge,6
283_305,Sclerotome,6
283_306,Sclerotome,6
283_307,Sclerotome,6
283_308,Urogenital ridge,6
283_309,Sclerotome,6
283_310,Sclerotome,6
283_311,Sclerotome,6
283_312,Sclerotome,6
283_313,Sclerotome,6
283_314,Sclerotome,6
283_315,Sclerotome,6
283_316,Sclerotome,6
283_317,Sclerotome,6
283_318,Sclerotome,6
283_319,Sclerotome,6
283_320,Sclerotome,6
283_321,Sclerotome,6
283_322,Sclerotome,6
283_323,Sclerotome,6
283_324,Sclerotome,6
283_325,Sclerotome,6
283_326,Sclerotome,11
283_327,Sclerotome,11
283_328,Sclerotome,11
283_329,Sclerotome,11
283_330,Dorsal root ganglion,15
283_331,Dorsal root ganglion,15
283_332,Dorsal root ganglion,15
283_333,Dorsal root ganglion,15
283_334,Dorsal root ganglion,15
283_335,Surface ectoderm,11
283_336,Surface ectoderm,11
283_337,Surface ectoderm,11
283_338,Surface ectoderm,11
283_339,Surface ectoderm,11
283_340,Surface ectoderm,11
283_341,Surface ectoderm,11
284_241,Cavity,5
284_242,GI tract,5
284_243,GI tract,5
284_244,GI tract,5
284_245,GI tract,5
284_246,GI tract,5
284_247,GI tract,5
284_248,GI tract,5
284_249,GI tract,5
284_250,GI tract,5
284_251,GI tract,5
284_252,GI tract,5
284_253,GI tract,5
284_254,Lung primordium,5
284_255,Urogenital ridge,5
284_256,Urogenital ridge,5
284_257,Urogenital ridge,5
284_258,Urogenital ridge,5
284_259,Urogenital ridge,5
284_260,Urogenital ridge,5
284_261,Urogenital ridge,5
284_262,Blood vessel,3
284_263,Cavity,19
284_264,Cavity,19
284_265,Blood vessel,19
284_266,Urogenital ridge,3
284_267,GI tract,5
284_268,GI tract,5
284_269,GI tract,5
284_270,Cavity,16
284_273,GI tract,5
284_274,GI tract,5
284_275,GI tract,5
284_276,GI tract,5
284_277,GI tract,5
284_278,GI tract,5
284_279,GI tract,5
284_280,GI tract,5
284_281,GI tract,5
284_282,GI tract,5
284_283,GI tract,5
284_284,GI tract,5
284_285,GI tract,5
284_286,GI tract,5
284_287,Urogenital ridge,5
284_288,Urogenital ridge,5
284_289,Connective tissue,5
284_290,Connective tissue,3
284_291,Blood vessel,19
284_292,Cavity,19
284_293,Cavity,19
284_294,Cavity,19
284_295,Cavity,19
284_296,Blood vessel,19
284_297,Blood vessel,3
284_298,Connective tissue,3
284_299,Urogenital ridge,5
284_300,Urogenital ridge,5
284_301,Urogenital ridge,6
284_302,Urogenital ridge,6
284_303,Urogenital ridge,6
284_304,Urogenital ridge,6
284_305,Sclerotome,6
284_306,Sclerotome,6
284_307,Sclerotome,6
284_308,Urogenital ridge,6
284_309,Sclerotome,6
284_310,Sclerotome,6
284_311,Sclerotome,6
284_312,Sclerotome,6
284_313,Sclerotome,6
284_314,Sclerotome,6
284_315,Sclerotome,6
284_316,Sclerotome,6
284_317,Sclerotome,6
284_318,Sclerotome,6
284_319,Sclerotome,6
284_320,Sclerotome,6
284_321,Sclerotome,6
284_322,Sclerotome,6
284_323,Sclerotome,6
284_324,Sclerotome,6
284_325,Sclerotome,6
284_326,Sclerotome,6
284_327,Dorsal root ganglion,15
284_328,Dorsal root ganglion,15
284_329,Dorsal root ganglion,15
284_330,Dorsal root ganglion,15
284_331,Dorsal root ganglion,15
284_332,Dorsal root ganglion,15
284_333,Dorsal root ganglion,15
284_334,Dorsal root ganglion,15
284_335,Surface ectoderm,11
284_336,Surface ectoderm,11
284_337,Surface ectoderm,11
284_338,Surface ectoderm,11
284_339,Surface ectoderm,11
284_340,Surface ectoderm,11
284_341,Surface ectoderm,11
285_242,Cavity,16
285_243,GI tract,5
285_244,GI tract,5
285_245,GI tract,5
285_246,GI tract,5
285_247,GI tract,5
285_248,GI tract,5
285_249,GI tract,5
285_250,GI tract,5
285_251,GI tract,5
285_252,GI tract,5
285_253,GI tract,5
285_254,GI tract,5
285_255,GI tract,5
285_256,Urogenital ridge,5
285_257,Urogenital ridge,5
285_258,Urogenital ridge,5
285_259,Urogenital ridge,5
285_260,Urogenital ridge,5
285_261,Urogenital ridge,5
285_262,Urogenital ridge,5
285_263,Blood vessel,3
285_264,Blood vessel,3
285_265,Connective tissue,3
285_266,Urogenital ridge,5
285_267,Urogenital ridge,5
285_268,GI tract,5
285_269,GI tract,5
285_270,Cavity,5
285_273,GI tract,5
285_274,GI tract,5
285_275,GI tract,5
285_276,GI tract,5
285_277,GI tract,5
285_278,GI tract,5
285_279,GI tract,5
285_280,GI tract,5
285_281,GI tract,5
285_282,GI tract,5
285_283,GI tract,5
285_284,GI tract,5
285_285,GI tract,5
285_286,Urogenital ridge,5
285_287,Urogenital ridge,5
285_288,Urogenital ridge,5
285_289,Connective tissue,3
285_290,Blood vessel,19
285_291,Cavity,19
285_292,Cavity,19
285_293,Cavity,19
285_294,Cavity,19
285_295,Blood vessel,19
285_296,Connective tissue,3
285_297,Connective tissue,5
285_298,Connective tissue,5
285_299,Urogenital ridge,5
285_300,Urogenital ridge,5
285_301,Urogenital ridge,6
285_302,Urogenital ridge,6
285_303,Sclerotome,6
285_304,Sclerotome,6
285_305,Sclerotome,6
285_306,Sclerotome,6
285_307,Sclerotome,6
285_308,Urogenital ridge,6
285_309,Sclerotome,6
285_310,Sclerotome,6
285_311,Sclerotome,6
285_312,Sclerotome,6
285_313,Sclerotome,6
285_314,Sclerotome,6
285_315,Sclerotome,6
285_316,Sclerotome,6
285_317,Sclerotome,6
285_318,Sclerotome,6
285_319,Sclerotome,6
285_320,Sclerotome,6
285_321,Sclerotome,6
285_322,Sclerotome,6
285_323,Sclerotome,6
285_324,Sclerotome,6
285_325,Dorsal root ganglion,15
285_326,Dorsal root ganglion,15
285_327,Dorsal root ganglion,15
285_328,Dorsal root ganglion,15
285_329,Dorsal root ganglion,15
285_330,Dorsal root ganglion,15
285_331,Dorsal root ganglion,15
285_332,Dorsal root ganglion,15
285_333,Dorsal root ganglion,15
285_334,Dorsal root ganglion,15
285_335,Surface ectoderm,11
285_336,Surface ectoderm,11
285_337,Cavity,11
285_338,Surface ectoderm,11
285_339,Surface ectoderm,11
285_340,Surface ectoderm,11
285_341,Surface ectoderm,11
286_243,Cavity,16
286_244,GI tract,5
286_245,GI tract,5
286_246,GI tract,5
286_247,GI tract,5
286_248,GI tract,5
286_249,GI tract,5
286_250,GI tract,5
286_251,GI tract,5
286_252,GI tract,5
286_253,GI tract,5
286_254,Urogenital ridge,5
286_255,GI tract,5
286_256,Urogenital ridge,5
286_257,Urogenital ridge,5
286_258,Urogenital ridge,5
286_259,Connective tissue,5
286_260,Urogenital ridge,5
286_261,Urogenital ridge,5
286_262,Urogenital ridge,5
286_263,Urogenital ridge,5
286_264,Urogenital ridge,5
286_265,Urogenital ridge,5
286_266,Urogenital ridge,5
286_267,Urogenital ridge,5
286_268,GI tract,5
286_269,GI tract,5
286_270,GI tract,5
286_273,Cavity,5
286_274,GI tract,5
286_275,GI tract,5
286_276,GI tract,5
286_277,GI tract,5
286_278,GI tract,5
286_279,GI tract,5
286_280,GI tract,5
286_281,GI tract,5
286_282,GI tract,5
286_283,GI tract,5
286_284,GI tract,5
286_285,Urogenital ridge,5
286_286,Urogenital ridge,5
286_287,Urogenital ridge,5
286_288,Urogenital ridge,5
286_289,Connective tissue,3
286_290,Blood vessel,19
286_291,Cavity,19
286_292,Cavity,19
286_293,Cavity,19
286_294,Cavity,19
286_295,Blood vessel,19
286_296,Connective tissue,3
286_297,Connective tissue,5
286_298,Urogenital ridge,5
286_299,Urogenital ridge,5
286_300,Urogenital ridge,6
286_301,Urogenital ridge,6
286_302,Urogenital ridge,6
286_303,Sclerotome,6
286_304,Sclerotome,6
286_305,Sclerotome,6
286_306,Sclerotome,6
286_307,Sclerotome,6
286_308,Sclerotome,6
286_309,Sclerotome,6
286_310,Sclerotome,6
286_311,Sclerotome,6
286_312,Sclerotome,6
286_313,Sclerotome,6
286_314,Sclerotome,6
286_315,Sclerotome,6
286_316,Sclerotome,6
286_317,Sclerotome,6
286_318,Sclerotome,6
286_319,Sclerotome,6
286_320,Sclerotome,6
286_321,Sclerotome,6
286_322,Sclerotome,6
286_323,Sclerotome,6
286_324,Sclerotome,6
286_325,Dorsal root ganglion,15
286_326,Dorsal root ganglion,15
286_327,Dorsal root ganglion,15
286_328,Dorsal root ganglion,15
286_329,Dorsal root ganglion,15
286_330,Dorsal root ganglion,15
286_331,Dorsal root ganglion,15
286_332,Dorsal root ganglion,15
286_333,Dorsal root ganglion,15
286_334,Dorsal root ganglion,15
286_335,Surface ectoderm,11
286_336,Surface ectoderm,11
286_337,Surface ectoderm,11
286_338,Surface ectoderm,11
286_339,Surface ectoderm,11
286_340,Surface ectoderm,11
286_341,Cavity,11
287_242,Surface ectoderm,16
287_243,GI tract,11
287_244,GI tract,5
287_245,GI tract,5
287_246,GI tract,5
287_247,GI tract,5
287_248,GI tract,5
287_249,GI tract,5
287_250,GI tract,5
287_251,GI tract,5
287_252,GI tract,5
287_253,Urogenital ridge,5
287_254,Urogenital ridge,5
287_255,GI tract,5
287_256,Urogenital ridge,5
287_257,Urogenital ridge,5
287_258,Urogenital ridge,5
287_259,Connective tissue,5
287_260,Connective tissue,5
287_261,Urogenital ridge,5
287_262,Urogenital ridge,5
287_263,Urogenital ridge,5
287_264,Urogenital ridge,5
287_265,Urogenital ridge,5
287_266,Urogenital ridge,5
287_267,GI tract,5
287_268,GI tract,5
287_269,GI tract,5
287_270,GI tract,5
287_271,Cavity,5
287_274,GI tract,5
287_275,GI tract,5
287_276,GI tract,5
287_277,GI tract,5
287_278,GI tract,5
287_279,GI tract,5
287_280,GI tract,5
287_281,GI tract,5
287_282,GI tract,5
287_283,GI tract,5
287_284,Urogenital ridge,5
287_285,Urogenital ridge,5
287_286,Connective tissue,5
287_287,Urogenital ridge,5
287_288,Urogenital ridge,5
287_289,Blood vessel,3
287_290,Cavity,19
287_291,Cavity,19
287_292,Cavity,19
287_293,Cavity,19
287_294,Cavity,19
287_295,Blood vessel,19
287_296,Connective tissue,3
287_297,Connective tissue,5
287_298,Urogenital ridge,6
287_299,Urogenital ridge,6
287_300,Urogenital ridge,6
287_301,Sclerotome,6
287_302,Sclerotome,6
287_303,Sclerotome,6
287_304,Sclerotome,6
287_305,Sclerotome,6
287_306,Sclerotome,6
287_307,Sclerotome,6
287_308,Sclerotome,6
287_309,Sclerotome,6
287_310,Sclerotome,6
287_311,Sclerotome,6
287_312,Sclerotome,6
287_313,Sclerotome,6
287_314,Sclerotome,6
287_315,Sclerotome,6
287_316,Sclerotome,6
287_317,Sclerotome,6
287_318,Sclerotome,6
287_319,Sclerotome,6
287_320,Sclerotome,6
287_321,Sclerotome,6
287_322,Sclerotome,6
287_323,Sclerotome,6
287_324,Sclerotome,6
287_325,Dorsal root ganglion,15
287_326,Dorsal root ganglion,15
287_327,Dorsal root ganglion,15
287_328,Dorsal root ganglion,15
287_329,Dorsal root ganglion,15
287_330,Dorsal root ganglion,15
287_331,Dorsal root ganglion,15
287_332,Dorsal root ganglion,15
287_333,Dorsal root ganglion,15
287_334,Dorsal root ganglion,15
287_335,Surface ectoderm,11
287_336,Surface ectoderm,11
287_337,Surface ectoderm,11
287_338,Surface ectoderm,11
287_339,Surface ectoderm,11
287_340,Surface ectoderm,11
287_341,Cavity,11
288_239,Cavity,16
288_240,Surface ectoderm,5
288_241,GI tract,5
288_242,Surface ectoderm,11
288_243,GI tract,11
288_244,GI tract,5
288_245,GI tract,5
288_246,Surface ectoderm,5
288_247,GI tract,5
288_248,GI tract,5
288_249,GI tract,5
288_250,GI tract,5
288_251,GI tract,5
288_252,GI tract,5
288_253,Urogenital ridge,5
288_254,Urogenital ridge,5
288_255,GI tract,5
288_256,Urogenital ridge,5
288_257,Urogenital ridge,5
288_258,Urogenital ridge,5
288_259,Urogenital ridge,5
288_260,Urogenital ridge,5
288_261,Urogenital ridge,5
288_262,GI tract,5
288_263,Urogenital ridge,5
288_264,Urogenital ridge,5
288_265,Urogenital ridge,5
288_266,GI tract,5
288_267,GI tract,5
288_268,GI tract,5
288_269,GI tract,5
288_270,GI tract,5
288_271,GI tract,5
288_272,GI tract,5
288_273,GI tract,5
288_274,GI tract,5
288_275,GI tract,5
288_276,GI tract,5
288_277,GI tract,5
288_278,GI tract,5
288_279,GI tract,5
288_280,GI tract,5
288_281,GI tract,5
288_282,GI tract,5
288_283,Urogenital ridge,5
288_284,Urogenital ridge,5
288_285,Urogenital ridge,5
288_286,Connective tissue,5
288_287,Urogenital ridge,5
288_288,Urogenital ridge,5
288_289,Connective tissue,3
288_290,Blood vessel,19
288_291,Cavity,19
288_292,Cavity,19
288_293,Cavity,19
288_294,Blood vessel,19
288_295,Sclerotome,3
288_296,Sclerotome,3
288_297,Connective tissue,6
288_298,Urogenital ridge,6
288_299,Urogenital ridge,6
288_300,Urogenital ridge,6
288_301,Sclerotome,6
288_302,Sclerotome,6
288_303,Sclerotome,6
288_304,Sclerotome,6
288_305,Sclerotome,6
288_306,Sclerotome,6
288_307,Sclerotome,6
288_308,Sclerotome,6
288_309,Sclerotome,6
288_310,Sclerotome,6
288_311,Sclerotome,6
288_312,Sclerotome,6
288_313,Sclerotome,6
288_314,Sclerotome,6
288_315,Sclerotome,6
288_316,Sclerotome,6
288_317,Sclerotome,6
288_318,Sclerotome,6
288_319,Sclerotome,6
288_320,Sclerotome,6
288_321,Sclerotome,6
288_322,Sclerotome,6
288_323,Sclerotome,6
288_324,Sclerotome,6
288_325,Dorsal root ganglion,15
288_326,Dorsal root ganglion,15
288_327,Dorsal root ganglion,15
288_328,Dorsal root ganglion,15
288_329,Dorsal root ganglion,15
288_330,Dorsal root ganglion,15
288_331,Dorsal root ganglion,15
288_332,Dorsal root ganglion,15
288_333,Dorsal root ganglion,15
288_334,Dorsal root ganglion,15
288_335,Surface ectoderm,11
288_336,Surface ectoderm,11
288_337,Surface ectoderm,11
288_338,Surface ectoderm,11
288_339,Surface ectoderm,11
288_340,Surface ectoderm,11
289_238,Surface ectoderm,5
289_239,Surface ectoderm,11
289_240,GI tract,5
289_241,GI tract,5
289_242,Surface ectoderm,5
289_243,Surface ectoderm,5
289_244,GI tract,5
289_245,Surface ectoderm,5
289_246,GI tract,5
289_247,GI tract,5
289_248,GI tract,5
289_249,GI tract,5
289_250,GI tract,5
289_251,GI tract,5
289_252,GI tract,5
289_253,Urogenital ridge,5
289_254,Urogenital ridge,5
289_255,GI tract,5
289_256,Urogenital ridge,5
289_257,Urogenital ridge,5
289_258,Urogenital ridge,5
289_259,Urogenital ridge,5
289_260,Urogenital ridge,5
289_261,Urogenital ridge,5
289_262,Urogenital ridge,5
289_263,Urogenital ridge,5
289_264,Urogenital ridge,5
289_265,GI tract,5
289_266,GI tract,5
289_267,GI tract,5
289_268,GI tract,5
289_269,GI tract,5
289_270,GI tract,5
289_271,GI tract,5
289_272,GI tract,5
289_273,GI tract,5
289_274,GI tract,5
289_275,GI tract,5
289_276,GI tract,5
289_277,GI tract,5
289_278,GI tract,5
289_279,Urogenital ridge,5
289_280,Urogenital ridge,5
289_281,Urogenital ridge,5
289_282,Urogenital ridge,5
289_283,Urogenital ridge,5
289_284,Urogenital ridge,5
289_285,Urogenital ridge,5
289_286,Urogenital ridge,5
289_287,Urogenital ridge,5
289_288,Urogenital ridge,5
289_289,Connective tissue,3
289_290,Blood vessel,19
289_291,Cavity,19
289_292,Cavity,19
289_293,Blood vessel,19
289_294,Blood vessel,3
289_295,Sclerotome,3
289_296,Sclerotome,6
289_297,Urogenital ridge,6
289_298,Urogenital ridge,6
289_299,Sclerotome,6
289_300,Sclerotome,6
289_301,Sclerotome,6
289_302,Sclerotome,6
289_303,Sclerotome,6
289_304,Sclerotome,6
289_305,Sclerotome,6
289_306,Sclerotome,6
289_307,Sclerotome,6
289_308,Sclerotome,6
289_309,Sclerotome,6
289_310,Sclerotome,6
289_311,Sclerotome,6
289_312,Sclerotome,6
289_313,Sclerotome,6
289_314,Sclerotome,6
289_315,Sclerotome,6
289_316,Sclerotome,6
289_317,Sclerotome,6
289_318,Sclerotome,6
289_319,Sclerotome,6
289_320,Sclerotome,11
289_321,Sclerotome,11
289_322,Sclerotome,11
289_323,Sclerotome,6
289_324,Sclerotome,6
289_325,Dorsal root ganglion,15
289_326,Dorsal root ganglion,15
289_327,Dorsal root ganglion,15
289_328,Dorsal root ganglion,15
289_329,Dorsal root ganglion,15
289_330,Dorsal root ganglion,15
289_331,Dorsal root ganglion,15
289_332,Dorsal root ganglion,15
289_333,Dorsal root ganglion,15
289_334,Surface ectoderm,11
289_335,Surface ectoderm,11
289_336,Surface ectoderm,11
289_337,Surface ectoderm,11
289_338,Surface ectoderm,11
289_339,Surface ectoderm,11
289_340,Cavity,11
290_237,Surface ectoderm,11
290_238,Surface ectoderm,5
290_239,Surface ectoderm,11
290_240,Surface ectoderm,5
290_241,Surface ectoderm,11
290_242,Surface ectoderm,5
290_243,Surface ectoderm,5
290_244,GI tract,5
290_245,GI tract,5
290_246,GI tract,5
290_247,GI tract,5
290_248,GI tract,2
290_249,GI tract,5
290_250,GI tract,5
290_251,GI tract,5
290_252,GI tract,5
290_253,Sclerotome,5
290_254,GI tract,5
290_255,GI tract,5
290_256,Urogenital ridge,5
290_257,Urogenital ridge,5
290_258,Urogenital ridge,5
290_259,Urogenital ridge,5
290_260,Urogenital ridge,5
290_261,Urogenital ridge,5
290_262,Urogenital ridge,5
290_263,GI tract,5
290_264,GI tract,5
290_265,GI tract,5
290_266,GI tract,5
290_267,GI tract,5
290_268,GI tract,5
290_269,GI tract,5
290_270,GI tract,3
290_271,Blood vessel,3
290_272,GI tract,5
290_273,GI tract,5
290_274,GI tract,5
290_275,GI tract,5
290_276,GI tract,5
290_277,GI tract,5
290_278,GI tract,5
290_279,Urogenital ridge,5
290_280,Urogenital ridge,5
290_281,Urogenital ridge,5
290_282,Urogenital ridge,5
290_283,Urogenital ridge,5
290_284,Urogenital ridge,5
290_285,Urogenital ridge,5
290_286,Urogenital ridge,5
290_287,Urogenital ridge,5
290_288,Urogenital ridge,5
290_289,Connective tissue,5
290_290,Blood vessel,19
290_291,Blood vessel,19
290_292,Blood vessel,19
290_293,Blood vessel,19
290_294,Blood vessel,3
290_295,Sclerotome,3
290_296,Sclerotome,6
290_297,Urogenital ridge,6
290_298,Urogenital ridge,6
290_299,Sclerotome,6
290_300,Sclerotome,6
290_301,Urogenital ridge,6
290_302,Urogenital ridge,6
290_303,Urogenital ridge,6
290_304,Urogenital ridge,6
290_305,Urogenital ridge,6
290_306,Sclerotome,6
290_307,Sclerotome,6
290_308,Sclerotome,6
290_309,Sclerotome,6
290_310,Sclerotome,6
290_311,Sclerotome,6
290_312,Sclerotome,6
290_313,Sclerotome,6
290_314,Sclerotome,6
290_315,Sclerotome,6
290_316,Sclerotome,6
290_317,Sclerotome,6
290_318,Sclerotome,6
290_319,Sclerotome,6
290_320,Sclerotome,11
290_321,Sclerotome,11
290_322,Sclerotome,11
290_323,Sclerotome,11
290_324,Sclerotome,11
290_325,Sclerotome,15
290_326,Dorsal root ganglion,15
290_327,Dorsal root ganglion,15
290_328,Dorsal root ganglion,15
290_329,Dorsal root ganglion,15
290_330,Dorsal root ganglion,15
290_331,Dorsal root ganglion,15
290_332,Dorsal root ganglion,15
290_333,Dorsal root ganglion,11
290_334,Surface ectoderm,11
290_335,Surface ectoderm,11
290_336,Surface ectoderm,11
290_337,Surface ectoderm,11
290_338,Surface ectoderm,11
290_339,Surface ectoderm,11
291_236,Cavity,16
291_237,Surface ectoderm,11
291_238,Surface ectoderm,11
291_239,Surface ectoderm,11
291_240,Surface ectoderm,11
291_241,Surface ectoderm,2
291_242,Surface ectoderm,5
291_243,GI tract,5
291_244,GI tract,5
291_245,GI tract,5
291_246,GI tract,5
291_247,GI tract,5
291_248,GI tract,5
291_249,GI tract,5
291_250,Urogenital ridge,5
291_251,Sclerotome,5
291_252,GI tract,5
291_253,Urogenital ridge,5
291_254,GI tract,5
291_255,GI tract,5
291_256,Urogenital ridge,5
291_257,Urogenital ridge,5
291_258,Urogenital ridge,5
291_259,Urogenital ridge,5
291_260,Urogenital ridge,5
291_261,Urogenital ridge,5
291_262,GI tract,5
291_263,GI tract,5
291_264,GI tract,5
291_265,GI tract,5
291_266,GI tract,5
291_267,GI tract,5
291_268,GI tract,5
291_269,GI tract,5
291_270,GI tract,3
291_271,Heart,5
291_272,GI tract,5
291_273,GI tract,5
291_274,GI tract,5
291_275,GI tract,5
291_276,Urogenital ridge,5
291_277,Urogenital ridge,5
291_278,Urogenital ridge,5
291_279,Urogenital ridge,5
291_280,Urogenital ridge,5
291_281,Urogenital ridge,5
291_282,Urogenital ridge,5
291_283,Urogenital ridge,5
291_284,Urogenital ridge,5
291_285,Urogenital ridge,5
291_286,Urogenital ridge,5
291_287,Urogenital ridge,5
291_288,Urogenital ridge,5
291_289,Connective tissue,5
291_290,Blood vessel,19
291_291,Blood vessel,19
291_292,Blood vessel,19
291_293,Blood vessel,19
291_294,Blood vessel,3
291_295,Connective tissue,3
291_296,Urogenital ridge,6
291_297,Urogenital ridge,6
291_298,Urogenital ridge,6
291_299,Urogenital ridge,6
291_300,Urogenital ridge,6
291_301,Urogenital ridge,6
291_302,Urogenital ridge,6
291_303,Urogenital ridge,6
291_304,Urogenital ridge,6
291_305,Sclerotome,6
291_306,Sclerotome,6
291_307,Sclerotome,6
291_308,Sclerotome,6
291_309,Sclerotome,6
291_310,Sclerotome,6
291_311,Sclerotome,6
291_312,Sclerotome,6
291_313,Sclerotome,6
291_314,Sclerotome,6
291_315,Sclerotome,6
291_316,Sclerotome,6
291_317,Sclerotome,6
291_318,Sclerotome,6
291_319,Sclerotome,6
291_320,Sclerotome,11
291_321,Sclerotome,11
291_322,Sclerotome,11
291_323,Sclerotome,11
291_324,Sclerotome,11
291_325,Dorsal root ganglion,15
291_326,Dorsal root ganglion,15
291_327,Dorsal root ganglion,15
291_328,Dorsal root ganglion,15
291_329,Dorsal root ganglion,15
291_330,Dorsal root ganglion,15
291_331,Dorsal root ganglion,15
291_332,Dorsal root ganglion,15
291_333,Dorsal root ganglion,11
291_334,Surface ectoderm,11
291_335,Surface ectoderm,11
291_336,Surface ectoderm,11
291_337,Surface ectoderm,11
291_338,Surface ectoderm,11
291_339,Cavity,16
292_235,Cavity,16
292_236,Surface ectoderm,11
292_237,Surface ectoderm,11
292_238,Surface ectoderm,11
292_239,Surface ectoderm,11
292_240,Surface ectoderm,2
292_241,GI tract,2
292_242,GI tract,2
292_243,GI tract,2
292_244,GI tract,5
292_245,GI tract,5
292_246,GI tract,5
292_247,Urogenital ridge,5
292_248,Urogenital ridge,5
292_249,Urogenital ridge,5
292_250,Urogenital ridge,5
292_251,Urogenital ridge,5
292_252,Urogenital ridge,5
292_253,GI tract,5
292_254,GI tract,5
292_255,GI tract,5
292_256,Urogenital ridge,5
292_257,Urogenital ridge,5
292_258,Urogenital ridge,5
292_259,Urogenital ridge,5
292_260,Urogenital ridge,5
292_261,Urogenital ridge,5
292_262,GI tract,5
292_263,GI tract,5
292_264,GI tract,5
292_265,GI tract,5
292_266,GI tract,5
292_267,GI tract,5
292_268,GI tract,5
292_269,Connective tissue,5
292_270,GI tract,5
292_271,GI tract,5
292_272,GI tract,5
292_273,Urogenital ridge,5
292_274,Urogenital ridge,5
292_275,Urogenital ridge,5
292_276,Urogenital ridge,5
292_277,Urogenital ridge,5
292_278,Urogenital ridge,5
292_279,Urogenital ridge,5
292_280,Urogenital ridge,5
292_281,Urogenital ridge,5
292_282,Urogenital ridge,5
292_283,Urogenital ridge,5
292_284,Urogenital ridge,5
292_285,Urogenital ridge,5
292_286,Urogenital ridge,5
292_287,Urogenital ridge,5
292_288,Urogenital ridge,5
292_289,Connective tissue,3
292_290,Blood vessel,19
292_291,Blood vessel,19
292_292,Blood vessel,19
292_293,Blood vessel,19
292_294,Blood vessel,3
292_295,Blood vessel,3
292_296,Urogenital ridge,6
292_297,Urogenital ridge,6
292_298,Urogenital ridge,6
292_299,Urogenital ridge,6
292_300,Urogenital ridge,6
292_301,Urogenital ridge,6
292_302,Urogenital ridge,6
292_303,Sclerotome,6
292_304,Sclerotome,6
292_305,Sclerotome,6
292_306,Sclerotome,6
292_307,Sclerotome,6
292_308,Sclerotome,6
292_309,Sclerotome,6
292_310,Sclerotome,6
292_311,Sclerotome,6
292_312,Sclerotome,6
292_313,Sclerotome,6
292_314,Sclerotome,6
292_315,Sclerotome,6
292_316,Sclerotome,6
292_317,Sclerotome,6
292_318,Sclerotome,6
292_319,Sclerotome,6
292_320,Sclerotome,6
292_321,Sclerotome,6
292_322,Sclerotome,11
292_323,Sclerotome,11
292_324,Sclerotome,11
292_325,Sclerotome,15
292_326,Dorsal root ganglion,15
292_327,Dorsal root ganglion,15
292_328,Dorsal root ganglion,15
292_329,Dorsal root ganglion,15
292_330,Dorsal root ganglion,15
292_331,Dorsal root ganglion,15
292_332,Dorsal root ganglion,11
292_333,Dorsal root ganglion,11
292_334,Surface ectoderm,11
292_335,Surface ectoderm,11
292_336,Surface ectoderm,11
292_337,Surface ectoderm,11
292_338,Cavity,16
293_234,Cavity,16
293_235,Surface ectoderm,16
293_236,Surface ectoderm,11
293_237,Surface ectoderm,11
293_238,Surface ectoderm,11
293_239,Surface ectoderm,11
293_240,GI tract,2
293_241,GI tract,2
293_242,GI tract,2
293_243,GI tract,5
293_244,GI tract,5
293_245,GI tract,5
293_246,Urogenital ridge,5
293_247,Urogenital ridge,5
293_248,Urogenital ridge,5
293_249,Urogenital ridge,5
293_250,Urogenital ridge,5
293_251,Urogenital ridge,5
293_252,Urogenital ridge,5
293_253,GI tract,5
293_254,GI tract,5
293_255,GI tract,5
293_256,Urogenital ridge,5
293_257,Urogenital ridge,5
293_258,Urogenital ridge,5
293_259,Urogenital ridge,5
293_260,Urogenital ridge,5
293_261,Urogenital ridge,5
293_262,Urogenital ridge,5
293_263,GI tract,5
293_264,GI tract,5
293_265,GI tract,5
293_266,GI tract,5
293_267,Urogenital ridge,5
293_268,GI tract,5
293_269,GI tract,5
293_270,GI tract,5
293_271,Urogenital ridge,5
293_272,Urogenital ridge,5
293_273,Urogenital ridge,5
293_274,Urogenital ridge,5
293_275,Urogenital ridge,5
293_276,Urogenital ridge,5
293_277,Urogenital ridge,5
293_278,Urogenital ridge,5
293_279,Urogenital ridge,5
293_280,Urogenital ridge,5
293_281,Urogenital ridge,5
293_282,Urogenital ridge,5
293_283,Urogenital ridge,5
293_284,Urogenital ridge,5
293_285,Urogenital ridge,5
293_286,Urogenital ridge,5
293_287,Urogenital ridge,5
293_288,Urogenital ridge,5
293_289,Connective tissue,3
293_290,Blood vessel,19
293_291,Blood vessel,19
293_292,Blood vessel,3
293_293,Blood vessel,3
293_294,Blood vessel,3
293_295,Blood vessel,3
293_296,Urogenital ridge,6
293_297,Urogenital ridge,6
293_298,Urogenital ridge,6
293_299,Urogenital ridge,6
293_300,Urogenital ridge,6
293_301,Urogenital ridge,6
293_302,Urogenital ridge,6
293_303,Sclerotome,6
293_304,Sclerotome,6
293_305,Sclerotome,6
293_306,Sclerotome,6
293_307,Sclerotome,6
293_308,Sclerotome,6
293_309,Sclerotome,6
293_310,Sclerotome,6
293_311,Sclerotome,6
293_312,Sclerotome,6
293_313,Sclerotome,6
293_314,Sclerotome,6
293_315,Sclerotome,6
293_316,Sclerotome,6
293_317,Sclerotome,6
293_318,Sclerotome,6
293_319,Sclerotome,6
293_320,Sclerotome,6
293_321,Sclerotome,6
293_322,Dorsal root ganglion,15
293_323,Dorsal root ganglion,15
293_324,Dorsal root ganglion,15
293_325,Dorsal root ganglion,15
293_326,Dorsal root ganglion,15
293_327,Dorsal root ganglion,15
293_328,Dorsal root ganglion,15
293_329,Dorsal root ganglion,15
293_330,Dorsal root ganglion,15
293_331,Dorsal root ganglion,11
293_332,Dorsal root ganglion,11
293_333,Surface ectoderm,11
293_334,Surface ectoderm,11
293_335,Surface ectoderm,11
293_336,Surface ectoderm,11
293_337,Surface ectoderm,11
293_338,Cavity,16
294_234,Surface ectoderm,16
294_235,Surface ectoderm,11
294_236,Surface ectoderm,11
294_237,Surface ectoderm,11
294_238,Surface ectoderm,11
294_239,GI tract,2
294_240,GI tract,2
294_241,GI tract,2
294_242,GI tract,2
294_243,GI tract,2
294_244,GI tract,5
294_245,Urogenital ridge,5
294_246,Urogenital ridge,5
294_247,Urogenital ridge,5
294_248,Blood vessel,5
294_249,Urogenital ridge,5
294_250,Urogenital ridge,5
294_251,Urogenital ridge,5
294_252,Urogenital ridge,5
294_253,GI tract,5
294_254,GI tract,5
294_255,GI tract,5
294_256,Urogenital ridge,5
294_257,Urogenital ridge,5
294_258,Urogenital ridge,5
294_259,Urogenital ridge,5
294_260,Urogenital ridge,5
294_261,Urogenital ridge,5
294_262,Urogenital ridge,5
294_263,Urogenital ridge,5
294_264,Urogenital ridge,5
294_265,Urogenital ridge,5
294_266,Urogenital ridge,5
294_267,Urogenital ridge,5
294_268,Urogenital ridge,5
294_269,Urogenital ridge,5
294_270,Urogenital ridge,5
294_271,Urogenital ridge,5
294_272,Urogenital ridge,5
294_273,Urogenital ridge,5
294_274,Urogenital ridge,5
294_275,Urogenital ridge,5
294_276,Urogenital ridge,5
294_277,Urogenital ridge,5
294_278,Urogenital ridge,5
294_279,Urogenital ridge,5
294_280,Urogenital ridge,5
294_281,Urogenital ridge,5
294_282,Urogenital ridge,5
294_283,Urogenital ridge,5
294_284,Urogenital ridge,5
294_285,Urogenital ridge,5
294_286,Urogenital ridge,5
294_287,Connective tissue,5
294_288,Blood vessel,3
294_289,Blood vessel,19
294_290,Blood vessel,19
294_291,Blood vessel,3
294_292,Connective tissue,3
294_293,Blood vessel,3
294_294,Blood vessel,3
294_295,Blood vessel,3
294_296,Urogenital ridge,6
294_297,Urogenital ridge,6
294_298,Urogenital ridge,6
294_299,Urogenital ridge,6
294_300,Urogenital ridge,6
294_301,Urogenital ridge,6
294_302,Sclerotome,6
294_303,Sclerotome,6
294_304,Sclerotome,6
294_305,Sclerotome,6
294_306,Sclerotome,6
294_307,Sclerotome,6
294_308,Sclerotome,6
294_309,Sclerotome,6
294_310,Sclerotome,6
294_311,Sclerotome,6
294_312,Sclerotome,6
294_313,Sclerotome,6
294_314,Sclerotome,6
294_315,Sclerotome,6
294_316,Sclerotome,6
294_317,Sclerotome,6
294_318,Sclerotome,6
294_319,Sclerotome,6
294_320,Sclerotome,6
294_321,Dorsal root ganglion,15
294_322,Dorsal root ganglion,15
294_323,Dorsal root ganglion,15
294_324,Dorsal root ganglion,15
294_325,Dorsal root ganglion,15
294_326,Dorsal root ganglion,15
294_327,Dorsal root ganglion,15
294_328,Dorsal root ganglion,15
294_329,Dorsal root ganglion,15
294_330,Dorsal root ganglion,15
294_331,Surface ectoderm,11
294_332,Surface ectoderm,11
294_333,Surface ectoderm,11
294_334,Surface ectoderm,11
294_335,Surface ectoderm,11
294_336,Surface ectoderm,11
294_337,Cavity,16
295_233,Cavity,11
295_234,Surface ectoderm,11
295_235,Surface ectoderm,11
295_236,Surface ectoderm,11
295_237,Surface ectoderm,11
295_238,GI tract,5
295_239,GI tract,5
295_240,GI tract,2
295_241,GI tract,2
295_242,GI tract,2
295_243,GI tract,5
295_244,GI tract,5
295_245,Urogenital ridge,5
295_246,Urogenital ridge,5
295_247,Urogenital ridge,5
295_248,Urogenital ridge,5
295_249,Urogenital ridge,5
295_250,Urogenital ridge,5
295_251,Urogenital ridge,5
295_252,Urogenital ridge,5
295_253,GI tract,5
295_254,GI tract,5
295_255,GI tract,5
295_256,GI tract,5
295_257,Urogenital ridge,5
295_258,GI tract,5
295_259,Urogenital ridge,5
295_260,Urogenital ridge,5
295_261,Urogenital ridge,5
295_262,GI tract,5
295_263,Urogenital ridge,5
295_264,Urogenital ridge,5
295_265,Urogenital ridge,5
295_266,Urogenital ridge,5
295_267,Urogenital ridge,5
295_268,Urogenital ridge,5
295_269,Urogenital ridge,5
295_270,Urogenital ridge,5
295_271,Urogenital ridge,5
295_272,Urogenital ridge,5
295_273,Urogenital ridge,5
295_274,Urogenital ridge,5
295_275,Urogenital ridge,5
295_276,Urogenital ridge,5
295_277,GI tract,5
295_278,Urogenital ridge,5
295_279,Urogenital ridge,5
295_280,Urogenital ridge,5
295_281,Urogenital ridge,5
295_282,Urogenital ridge,5
295_283,Urogenital ridge,5
295_284,Urogenital ridge,5
295_285,Urogenital ridge,5
295_286,Urogenital ridge,5
295_287,Blood vessel,3
295_288,Blood vessel,19
295_289,Cavity,19
295_290,Blood vessel,19
295_291,Connective tissue,3
295_292,Sclerotome,3
295_293,Sclerotome,3
295_294,Blood vessel,3
295_295,Blood vessel,3
295_296,Urogenital ridge,6
295_297,Urogenital ridge,6
295_298,Urogenital ridge,6
295_299,Urogenital ridge,6
295_300,Urogenital ridge,6
295_301,Sclerotome,6
295_302,Sclerotome,6
295_303,Sclerotome,6
295_304,Urogenital ridge,6
295_305,Sclerotome,6
295_306,Sclerotome,6
295_307,Sclerotome,6
295_308,Sclerotome,6
295_309,Sclerotome,6
295_310,Sclerotome,6
295_311,Sclerotome,6
295_312,Sclerotome,6
295_313,Sclerotome,6
295_314,Sclerotome,6
295_315,Sclerotome,6
295_316,Sclerotome,6
295_317,Sclerotome,6
295_318,Sclerotome,6
295_319,Sclerotome,6
295_320,Dorsal root ganglion,15
295_321,Dorsal root ganglion,15
295_322,Dorsal root ganglion,15
295_323,Dorsal root ganglion,15
295_324,Dorsal root ganglion,15
295_325,Dorsal root ganglion,15
295_326,Dorsal root ganglion,15
295_327,Dorsal root ganglion,15
295_328,Dorsal root ganglion,15
295_329,Dorsal root ganglion,15
295_330,Dorsal root ganglion,15
295_331,Surface ectoderm,11
295_332,Surface ectoderm,11
295_333,Surface ectoderm,11
295_334,Surface ectoderm,11
295_335,Surface ectoderm,11
295_336,Surface ectoderm,11
296_232,Cavity,11
296_233,Surface ectoderm,11
296_234,Surface ectoderm,11
296_235,Surface ectoderm,11
296_236,Surface ectoderm,11
296_237,GI tract,11
296_238,GI tract,5
296_239,GI tract,5
296_240,GI tract,5
296_241,GI tract,5
296_242,GI tract,5
296_243,GI tract,5
296_244,Urogenital ridge,5
296_245,Urogenital ridge,5
296_246,Urogenital ridge,5
296_247,Urogenital ridge,5
296_248,Urogenital ridge,5
296_249,Urogenital ridge,5
296_250,Urogenital ridge,5
296_251,Urogenital ridge,5
296_252,Urogenital ridge,5
296_253,GI tract,5
296_254,GI tract,5
296_255,GI tract,5
296_256,GI tract,5
296_257,Connective tissue,5
296_258,Urogenital ridge,5
296_259,GI tract,5
296_260,GI tract,5
296_261,Urogenital ridge,5
296_262,Urogenital ridge,5
296_263,Urogenital ridge,5
296_264,Urogenital ridge,5
296_265,Urogenital ridge,5
296_266,Urogenital ridge,5
296_267,Urogenital ridge,5
296_268,Urogenital ridge,5
296_269,Urogenital ridge,5
296_270,Urogenital ridge,5
296_271,Urogenital ridge,5
296_272,Urogenital ridge,5
296_273,Urogenital ridge,5
296_274,Urogenital ridge,5
296_275,Urogenital ridge,5
296_276,Urogenital ridge,5
296_277,Urogenital ridge,5
296_278,Urogenital ridge,5
296_279,Urogenital ridge,5
296_280,Urogenital ridge,5
296_281,Urogenital ridge,5
296_282,Urogenital ridge,5
296_283,Urogenital ridge,5
296_284,Urogenital ridge,5
296_285,Connective tissue,5
296_286,Blood vessel,19
296_287,Blood vessel,19
296_288,Cavity,19
296_289,Cavity,19
296_290,Blood vessel,3
296_291,Urogenital ridge,3
296_292,Sclerotome,3
296_293,Sclerotome,3
296_294,Blood vessel,3
296_295,Blood vessel,3
296_296,Blood vessel,3
296_297,Urogenital ridge,6
296_298,Urogenital ridge,6
296_299,Urogenital ridge,6
296_300,Sclerotome,6
296_301,Sclerotome,6
296_302,Sclerotome,6
296_303,Sclerotome,6
296_304,Sclerotome,6
296_305,Sclerotome,6
296_306,Sclerotome,6
296_307,Sclerotome,6
296_308,Sclerotome,6
296_309,Sclerotome,6
296_310,Sclerotome,6
296_311,Sclerotome,6
296_312,Sclerotome,6
296_313,Sclerotome,6
296_314,Sclerotome,6
296_315,Sclerotome,6
296_316,Sclerotome,6
296_317,Sclerotome,6
296_318,Sclerotome,6
296_319,Dorsal root ganglion,15
296_320,Dorsal root ganglion,15
296_321,Dorsal root ganglion,15
296_322,Dorsal root ganglion,15
296_323,Dorsal root ganglion,15
296_324,Dorsal root ganglion,15
296_325,Dorsal root ganglion,15
296_326,Dorsal root ganglion,15
296_327,Dorsal root ganglion,15
296_328,Dorsal root ganglion,15
296_329,Dorsal root ganglion,15
296_330,Dorsal root ganglion,15
296_331,Surface ectoderm,11
296_332,Surface ectoderm,11
296_333,Surface ectoderm,11
296_334,Surface ectoderm,11
296_335,Surface ectoderm,11
296_336,Cavity,16
297_232,Surface ectoderm,11
297_233,Surface ectoderm,11
297_234,Surface ectoderm,11
297_235,Surface ectoderm,11
297_236,Surface ectoderm,11
297_237,GI tract,5
297_238,GI tract,5
297_239,GI tract,5
297_240,GI tract,5
297_241,GI tract,5
297_242,GI tract,5
297_243,GI tract,5
297_244,Urogenital ridge,5
297_245,Urogenital ridge,5
297_246,Urogenital ridge,5
297_247,Urogenital ridge,5
297_248,Urogenital ridge,5
297_249,Urogenital ridge,5
297_250,Urogenital ridge,5
297_251,Urogenital ridge,5
297_252,GI tract,5
297_253,GI tract,5
297_254,GI tract,5
297_255,GI tract,5
297_256,GI tract,5
297_257,Urogenital ridge,5
297_258,GI tract,5
297_259,Blood vessel,5
297_260,Blood vessel,5
297_261,GI tract,5
297_262,Urogenital ridge,5
297_263,Urogenital ridge,5
297_264,GI tract,5
297_265,Urogenital ridge,5
297_266,Urogenital ridge,5
297_267,Urogenital ridge,5
297_268,Urogenital ridge,5
297_269,Urogenital ridge,5
297_270,Urogenital ridge,5
297_271,Urogenital ridge,5
297_272,Urogenital ridge,5
297_273,Urogenital ridge,5
297_274,Urogenital ridge,5
297_275,Urogenital ridge,5
297_276,Urogenital ridge,5
297_277,Urogenital ridge,5
297_278,Urogenital ridge,5
297_279,Urogenital ridge,5
297_280,Urogenital ridge,5
297_281,Urogenital ridge,5
297_282,Urogenital ridge,5
297_283,Urogenital ridge,5
297_284,Urogenital ridge,5
297_285,Blood vessel,3
297_286,Blood vessel,19
297_287,Cavity,19
297_288,Cavity,19
297_289,Cavity,19
297_290,Blood vessel,3
297_291,Sclerotome,3
297_292,Sclerotome,6
297_293,Sclerotome,6
297_294,Sclerotome,6
297_295,Blood vessel,3
297_296,Blood vessel,3
297_297,Urogenital ridge,6
297_298,Sclerotome,6
297_299,Sclerotome,6
297_300,Urogenital ridge,6
297_301,Sclerotome,6
297_302,Sclerotome,6
297_303,Sclerotome,6
297_304,Sclerotome,6
297_305,Sclerotome,6
297_306,Sclerotome,6
297_307,Sclerotome,6
297_308,Sclerotome,6
297_309,Sclerotome,6
297_310,Sclerotome,6
297_311,Sclerotome,6
297_312,Sclerotome,6
297_313,Sclerotome,6
297_314,Sclerotome,6
297_315,Sclerotome,6
297_316,Sclerotome,6
297_317,Sclerotome,6
297_318,Sclerotome,6
297_319,Dorsal root ganglion,15
297_320,Dorsal root ganglion,15
297_321,Dorsal root ganglion,15
297_322,Dorsal root ganglion,15
297_323,Dorsal root ganglion,15
297_324,Dorsal root ganglion,15
297_325,Dorsal root ganglion,15
297_326,Dorsal root ganglion,15
297_327,Dorsal root ganglion,15
297_328,Dorsal root ganglion,15
297_329,Dorsal root ganglion,15
297_330,Dorsal root ganglion,11
297_331,Surface ectoderm,11
297_332,Surface ectoderm,11
297_333,Surface ectoderm,11
297_334,Surface ectoderm,11
297_335,Cavity,16
298_231,Cavity,16
298_232,Surface ectoderm,11
298_233,Surface ectoderm,11
298_234,Surface ectoderm,11
298_235,Surface ectoderm,11
298_236,GI tract,11
298_237,GI tract,5
298_238,GI tract,5
298_239,GI tract,5
298_240,Sclerotome,5
298_241,Sclerotome,5
298_242,GI tract,5
298_243,GI tract,5
298_244,Urogenital ridge,5
298_245,Urogenital ridge,5
298_246,Urogenital ridge,5
298_247,Urogenital ridge,5
298_248,Urogenital ridge,5
298_249,Urogenital ridge,5
298_250,Urogenital ridge,5
298_251,Urogenital ridge,5
298_252,GI tract,5
298_253,GI tract,5
298_254,GI tract,5
298_255,GI tract,5
298_256,GI tract,5
298_257,Urogenital ridge,5
298_258,Urogenital ridge,5
298_259,Connective tissue,5
298_260,Connective tissue,5
298_261,Urogenital ridge,5
298_262,Urogenital ridge,5
298_263,Urogenital ridge,5
298_264,Urogenital ridge,5
298_265,Urogenital ridge,5
298_266,Urogenital ridge,5
298_267,Urogenital ridge,5
298_268,Urogenital ridge,5
298_269,Urogenital ridge,5
298_270,Urogenital ridge,5
298_271,Urogenital ridge,5
298_272,Urogenital ridge,5
298_273,Urogenital ridge,5
298_274,Urogenital ridge,5
298_275,Urogenital ridge,5
298_276,Urogenital ridge,5
298_277,Urogenital ridge,5
298_278,Urogenital ridge,5
298_279,Urogenital ridge,5
298_280,Urogenital ridge,5
298_281,Urogenital ridge,5
298_282,Urogenital ridge,5
298_283,Urogenital ridge,3
298_284,Connective tissue,3
298_285,Blood vessel,19
298_286,Cavity,19
298_287,Cavity,19
298_288,Cavity,19
298_289,Cavity,19
298_290,Blood vessel,19
298_291,Sclerotome,3
298_292,Sclerotome,6
298_293,Sclerotome,6
298_294,Sclerotome,6
298_295,Sclerotome,6
298_296,Blood vessel,6
298_297,Urogenital ridge,6
298_298,Sclerotome,6
298_299,Sclerotome,6
298_300,Sclerotome,6
298_301,Sclerotome,6
298_302,Sclerotome,6
298_303,Sclerotome,6
298_304,Sclerotome,6
298_305,Sclerotome,6
298_306,Sclerotome,6
298_307,Sclerotome,6
298_308,Sclerotome,6
298_309,Sclerotome,6
298_310,Sclerotome,6
298_311,Sclerotome,6
298_312,Sclerotome,6
298_313,Sclerotome,6
298_314,Sclerotome,6
298_315,Sclerotome,11
298_316,Sclerotome,11
298_317,Sclerotome,11
298_318,Sclerotome,11
298_319,Dorsal root ganglion,15
298_320,Dorsal root ganglion,15
298_321,Dorsal root ganglion,15
298_322,Dorsal root ganglion,15
298_323,Dorsal root ganglion,15
298_324,Dorsal root ganglion,15
298_325,Dorsal root ganglion,15
298_326,Dorsal root ganglion,15
298_327,Dorsal root ganglion,15
298_328,Dorsal root ganglion,15
298_329,Dorsal root ganglion,11
298_330,Surface ectoderm,11
298_331,Surface ectoderm,11
298_332,Surface ectoderm,11
298_333,Surface ectoderm,11
298_334,Cavity,16
299_230,Cavity,16
299_231,Surface ectoderm,11
299_232,Surface ectoderm,11
299_233,Surface ectoderm,11
299_234,Surface ectoderm,11
299_235,Surface ectoderm,11
299_236,GI tract,5
299_237,GI tract,5
299_238,GI tract,5
299_239,GI tract,5
299_240,Sclerotome,5
299_241,GI tract,5
299_242,GI tract,5
299_243,Urogenital ridge,5
299_244,Urogenital ridge,5
299_245,Urogenital ridge,5
299_246,Urogenital ridge,5
299_247,Urogenital ridge,5
299_248,Urogenital ridge,5
299_249,Urogenital ridge,5
299_250,Urogenital ridge,5
299_251,Urogenital ridge,5
299_252,GI tract,5
299_253,GI tract,5
299_254,GI tract,5
299_255,GI tract,5
299_256,GI tract,5
299_257,GI tract,5
299_258,Urogenital ridge,5
299_259,Urogenital ridge,5
299_260,Urogenital ridge,5
299_261,Urogenital ridge,5
299_262,Urogenital ridge,5
299_263,Urogenital ridge,5
299_264,Urogenital ridge,5
299_265,Urogenital ridge,5
299_266,Urogenital ridge,5
299_267,Urogenital ridge,5
299_268,Urogenital ridge,5
299_269,Urogenital ridge,5
299_270,Urogenital ridge,5
299_271,Urogenital ridge,5
299_272,Urogenital ridge,5
299_273,Urogenital ridge,5
299_274,Urogenital ridge,5
299_275,Urogenital ridge,5
299_276,Urogenital ridge,5
299_277,Urogenital ridge,5
299_278,Urogenital ridge,5
299_279,Urogenital ridge,5
299_280,Urogenital ridge,5
299_281,Urogenital ridge,5
299_282,Connective tissue,3
299_283,Blood vessel,19
299_284,Blood vessel,19
299_285,Cavity,19
299_286,Cavity,19
299_287,Blood vessel,19
299_288,Blood vessel,19
299_289,Cavity,19
299_290,Blood vessel,19
299_291,Blood vessel,3
299_292,Sclerotome,6
299_293,Sclerotome,6
299_294,Sclerotome,6
299_295,Sclerotome,6
299_296,Blood vessel,6
299_297,Sclerotome,6
299_298,Sclerotome,6
299_299,Sclerotome,6
299_300,Sclerotome,6
299_301,Sclerotome,6
299_302,Sclerotome,6
299_303,Sclerotome,6
299_304,Sclerotome,6
299_305,Sclerotome,6
299_306,Sclerotome,6
299_307,Sclerotome,6
299_308,Sclerotome,6
299_309,Sclerotome,6
299_310,Sclerotome,6
299_311,Sclerotome,6
299_312,Sclerotome,6
299_313,Sclerotome,6
299_314,Sclerotome,6
299_315,Sclerotome,11
299_316,Sclerotome,11
299_317,Sclerotome,11
299_318,Dorsal root ganglion,15
299_319,Dorsal root ganglion,15
299_320,Dorsal root ganglion,15
299_321,Dorsal root ganglion,15
299_322,Dorsal root ganglion,15
299_323,Dorsal root ganglion,15
299_324,Dorsal root ganglion,15
299_325,Dorsal root ganglion,15
299_326,Dorsal root ganglion,15
299_327,Dorsal root ganglion,15
299_328,Dorsal root ganglion,11
299_329,Surface ectoderm,11
299_330,Surface ectoderm,11
299_331,Surface ectoderm,11
299_332,Surface ectoderm,11
299_333,Surface ectoderm,11
300_230,Surface ectoderm,11
300_231,Surface ectoderm,11
300_232,Surface ectoderm,11
300_233,Surface ectoderm,11
300_234,Surface ectoderm,11
300_235,GI tract,5
300_236,GI tract,5
300_237,GI tract,5
300_238,Sclerotome,5
300_239,Sclerotome,5
300_240,Sclerotome,5
300_241,GI tract,5
300_242,GI tract,5
300_243,Urogenital ridge,5
300_244,Urogenital ridge,5
300_245,Urogenital ridge,5
300_246,Urogenital ridge,5
300_247,Urogenital ridge,5
300_248,Urogenital ridge,5
300_249,Urogenital ridge,5
300_250,Urogenital ridge,5
300_251,GI tract,5
300_252,GI tract,5
300_253,GI tract,5
300_254,GI tract,5
300_255,GI tract,5
300_256,GI tract,5
300_257,GI tract,5
300_258,Urogenital ridge,5
300_259,Urogenital ridge,5
300_260,Urogenital ridge,5
300_261,Urogenital ridge,5
300_262,Urogenital ridge,5
300_263,Urogenital ridge,5
300_264,Urogenital ridge,5
300_265,Urogenital ridge,5
300_266,Urogenital ridge,5
300_267,Urogenital ridge,5
300_268,Urogenital ridge,5
300_269,Urogenital ridge,5
300_270,Urogenital ridge,5
300_271,Urogenital ridge,5
300_272,Urogenital ridge,5
300_273,Urogenital ridge,5
300_274,Urogenital ridge,5
300_275,Urogenital ridge,5
300_276,Urogenital ridge,5
300_277,Urogenital ridge,5
300_278,Urogenital ridge,5
300_279,Urogenital ridge,5
300_280,Urogenital ridge,5
300_281,Connective tissue,3
300_282,Blood vessel,19
300_283,Cavity,19
300_284,Cavity,19
300_285,Cavity,19
300_286,Blood vessel,19
300_287,Blood vessel,19
300_288,Blood vessel,19
300_289,Blood vessel,19
300_290,Blood vessel,19
300_291,Blood vessel,3
300_292,Sclerotome,6
300_293,Sclerotome,6
300_294,Sclerotome,6
300_295,Sclerotome,6
300_296,Sclerotome,6
300_297,Sclerotome,6
300_298,Sclerotome,6
300_299,Sclerotome,6
300_300,Sclerotome,6
300_301,Sclerotome,6
300_302,Sclerotome,6
300_303,Sclerotome,6
300_304,Sclerotome,6
300_305,Sclerotome,6
300_306,Sclerotome,6
300_307,Sclerotome,6
300_308,Sclerotome,6
300_309,Sclerotome,6
300_310,Sclerotome,6
300_311,Sclerotome,6
300_312,Sclerotome,6
300_313,Sclerotome,6
300_314,Sclerotome,6
300_315,Sclerotome,11
300_316,Sclerotome,11
300_317,Sclerotome,11
300_318,Dorsal root ganglion,15
300_319,Dorsal root ganglion,15
300_320,Dorsal root ganglion,15
300_321,Dorsal root ganglion,15
300_322,Dorsal root ganglion,15
300_323,Dorsal root ganglion,15
300_324,Dorsal root ganglion,15
300_325,Dorsal root ganglion,15
300_326,Dorsal root ganglion,15
300_327,Dorsal root ganglion,11
300_328,Meninges,11
300_329,Surface ectoderm,11
300_330,Surface ectoderm,11
300_331,Surface ectoderm,11
300_332,Surface ectoderm,16
300_333,Cavity,16
301_228,Cavity,16
301_229,Surface ectoderm,16
301_230,Surface ectoderm,11
301_231,Surface ectoderm,11
301_232,Surface ectoderm,11
301_233,Surface ectoderm,11
301_234,Sclerotome,5
301_235,GI tract,5
301_236,Sclerotome,5
301_237,Sclerotome,5
301_238,Sclerotome,5
301_239,Sclerotome,5
301_240,Sclerotome,5
301_241,Sclerotome,5
301_242,GI tract,5
301_243,Urogenital ridge,5
301_244,Urogenital ridge,5
301_245,Urogenital ridge,5
301_246,Urogenital ridge,5
301_247,Urogenital ridge,5
301_248,Urogenital ridge,5
301_249,Urogenital ridge,5
301_250,Urogenital ridge,5
301_251,GI tract,5
301_252,GI tract,5
301_253,GI tract,5
301_254,GI tract,5
301_255,GI tract,5
301_256,GI tract,5
301_257,Urogenital ridge,5
301_258,Urogenital ridge,5
301_259,Urogenital ridge,5
301_260,Urogenital ridge,5
301_261,Urogenital ridge,5
301_262,Urogenital ridge,5
301_263,Urogenital ridge,5
301_264,Urogenital ridge,5
301_265,Urogenital ridge,5
301_266,Urogenital ridge,5
301_267,Urogenital ridge,5
301_268,Urogenital ridge,5
301_269,Urogenital ridge,5
301_270,Urogenital ridge,5
301_271,GI tract,5
301_272,Urogenital ridge,5
301_273,Urogenital ridge,5
301_274,Urogenital ridge,5
301_275,Urogenital ridge,5
301_276,Urogenital ridge,5
301_277,Urogenital ridge,5
301_278,Urogenital ridge,5
301_279,Urogenital ridge,5
301_280,Connective tissue,3
301_281,Blood vessel,19
301_282,Cavity,19
301_283,Cavity,19
301_284,Cavity,19
301_285,Blood vessel,19
301_286,Blood vessel,3
301_287,Blood vessel,3
301_288,Blood vessel,3
301_289,Blood vessel,3
301_290,Blood vessel,3
301_291,Sclerotome,3
301_292,Sclerotome,6
301_293,Sclerotome,6
301_294,Sclerotome,6
301_295,Sclerotome,6
301_296,Sclerotome,6
301_297,Urogenital ridge,6
301_298,Sclerotome,6
301_299,Sclerotome,6
301_300,Sclerotome,6
301_301,Sclerotome,6
301_302,Sclerotome,6
301_303,Sclerotome,6
301_304,Sclerotome,6
301_305,Sclerotome,6
301_306,Sclerotome,6
301_307,Sclerotome,6
301_308,Sclerotome,6
301_309,Sclerotome,6
301_310,Sclerotome,6
301_311,Sclerotome,6
301_312,Sclerotome,6
301_313,Sclerotome,6
301_314,Sclerotome,6
301_315,Sclerotome,11
301_316,Sclerotome,11
301_317,Sclerotome,11
301_318,Dorsal root ganglion,15
301_319,Dorsal root ganglion,15
301_320,Dorsal root ganglion,15
301_321,Dorsal root ganglion,15
301_322,Dorsal root ganglion,15
301_323,Dorsal root ganglion,15
301_324,Dorsal root ganglion,15
301_325,Dorsal root ganglion,15
301_326,Dorsal root ganglion,15
301_327,Dorsal root ganglion,11
301_328,Surface ectoderm,11
301_329,Surface ectoderm,11
301_330,Surface ectoderm,11
301_331,Surface ectoderm,11
301_332,Cavity,16
302_216,Cavity,16
302_217,Cavity,11
302_218,Surface ectoderm,11
302_219,Surface ectoderm,11
302_220,Surface ectoderm,11
302_221,Cavity,11
302_222,Cavity,11
302_223,Surface ectoderm,11
302_224,Surface ectoderm,11
302_225,Surface ectoderm,11
302_226,Surface ectoderm,11
302_227,Surface ectoderm,11
302_228,Surface ectoderm,11
302_229,Surface ectoderm,11
302_230,Surface ectoderm,11
302_231,Surface ectoderm,11
302_232,Surface ectoderm,11
302_233,Sclerotome,11
302_234,GI tract,5
302_235,Sclerotome,5
302_236,Sclerotome,5
302_237,Sclerotome,5
302_238,Sclerotome,5
302_239,Sclerotome,5
302_240,Sclerotome,5
302_241,Urogenital ridge,5
302_242,Urogenital ridge,5
302_243,Urogenital ridge,5
302_244,Urogenital ridge,5
302_245,Urogenital ridge,5
302_246,Urogenital ridge,5
302_247,Urogenital ridge,5
302_248,Urogenital ridge,5
302_249,Urogenital ridge,5
302_250,Urogenital ridge,5
302_251,GI tract,5
302_252,GI tract,5
302_253,GI tract,5
302_254,GI tract,5
302_255,GI tract,5
302_256,GI tract,5
302_257,Urogenital ridge,5
302_258,Urogenital ridge,5
302_259,Urogenital ridge,5
302_260,Urogenital ridge,5
302_261,Urogenital ridge,5
302_262,Urogenital ridge,5
302_263,Urogenital ridge,5
302_264,Urogenital ridge,5
302_265,Urogenital ridge,5
302_266,Urogenital ridge,5
302_267,Urogenital ridge,5
302_268,Urogenital ridge,5
302_269,Urogenital ridge,5
302_270,GI tract,5
302_271,GI tract,5
302_272,Urogenital ridge,5
302_273,Urogenital ridge,5
302_274,Urogenital ridge,5
302_275,Urogenital ridge,5
302_276,Urogenital ridge,5
302_277,Urogenital ridge,5
302_278,Sclerotome,3
302_279,Connective tissue,3
302_280,Blood vessel,19
302_281,Cavity,19
302_282,Cavity,19
302_283,Cavity,19
302_284,Cavity,19
302_285,Blood vessel,19
302_286,Blood vessel,3
302_287,Sclerotome,3
302_288,Sclerotome,3
302_289,Blood vessel,3
302_290,Sclerotome,3
302_291,Sclerotome,6
302_292,Sclerotome,6
302_293,Sclerotome,6
302_294,Sclerotome,6
302_295,Sclerotome,6
302_296,Sclerotome,6
302_297,Sclerotome,6
302_298,Urogenital ridge,6
302_299,Sclerotome,6
302_300,Sclerotome,6
302_301,Sclerotome,6
302_302,Sclerotome,6
302_303,Sclerotome,6
302_304,Sclerotome,6
302_305,Sclerotome,6
302_306,Sclerotome,6
302_307,Sclerotome,6
302_308,Sclerotome,6
302_309,Sclerotome,6
302_310,Sclerotome,6
302_311,Sclerotome,6
302_312,Dorsal root ganglion,6
302_313,Sclerotome,6
302_314,Dorsal root ganglion,15
302_315,Dorsal root ganglion,15
302_316,Dorsal root ganglion,15
302_317,Dorsal root ganglion,15
302_318,Dorsal root ganglion,15
302_319,Dorsal root ganglion,15
302_320,Dorsal root ganglion,15
302_321,Dorsal root ganglion,15
302_322,Dorsal root ganglion,15
302_323,Dorsal root ganglion,15
302_324,Dorsal root ganglion,15
302_325,Dorsal root ganglion,15
302_326,Dorsal root ganglion,11
302_327,Surface ectoderm,11
302_328,Surface ectoderm,11
302_329,Surface ectoderm,11
302_330,Surface ectoderm,11
302_331,Cavity,16
303_215,Cavity,16
303_216,Surface ectoderm,11
303_217,Surface ectoderm,11
303_218,Surface ectoderm,11
303_219,Surface ectoderm,11
303_220,Surface ectoderm,11
303_221,Surface ectoderm,11
303_222,Surface ectoderm,11
303_223,Surface ectoderm,11
303_224,Surface ectoderm,11
303_225,Surface ectoderm,11
303_226,Surface ectoderm,11
303_227,Surface ectoderm,11
303_228,Surface ectoderm,11
303_229,Surface ectoderm,11
303_230,Surface ectoderm,11
303_231,Sclerotome,11
303_232,Sclerotome,11
303_233,GI tract,5
303_234,Sclerotome,5
303_235,Sclerotome,5
303_236,Sclerotome,5
303_237,Sclerotome,5
303_238,Sclerotome,5
303_239,Sclerotome,5
303_240,Sclerotome,5
303_241,Urogenital ridge,5
303_242,GI tract,5
303_243,Urogenital ridge,5
303_244,Urogenital ridge,5
303_245,Urogenital ridge,5
303_246,Urogenital ridge,5
303_247,Urogenital ridge,5
303_248,Urogenital ridge,5
303_249,Urogenital ridge,5
303_250,Urogenital ridge,5
303_251,GI tract,5
303_252,GI tract,5
303_253,GI tract,5
303_254,GI tract,11
303_255,GI tract,5
303_256,GI tract,5
303_257,Urogenital ridge,5
303_258,Urogenital ridge,5
303_259,Urogenital ridge,5
303_260,Urogenital ridge,5
303_261,Urogenital ridge,5
303_262,Urogenital ridge,5
303_263,Urogenital ridge,5
303_264,Urogenital ridge,5
303_265,Urogenital ridge,5
303_266,Urogenital ridge,5
303_267,Urogenital ridge,5
303_268,Urogenital ridge,5
303_269,Urogenital ridge,5
303_270,Urogenital ridge,5
303_271,Urogenital ridge,5
303_272,Urogenital ridge,5
303_273,Urogenital ridge,5
303_274,Urogenital ridge,5
303_275,Blood vessel,19
303_276,Blood vessel,19
303_277,Blood vessel,3
303_278,Connective tissue,3
303_279,Blood vessel,19
303_280,Cavity,19
303_281,Cavity,19
303_282,Cavity,19
303_283,Cavity,19
303_284,Blood vessel,19
303_285,Blood vessel,3
303_286,Sclerotome,3
303_287,Sclerotome,6
303_288,Sclerotome,6
303_289,Sclerotome,6
303_290,Sclerotome,6
303_291,Sclerotome,6
303_292,Sclerotome,6
303_293,Urogenital ridge,6
303_294,Sclerotome,6
303_295,Sclerotome,6
303_296,Sclerotome,6
303_297,Sclerotome,6
303_298,Sclerotome,6
303_299,Sclerotome,6
303_300,Sclerotome,6
303_301,Sclerotome,6
303_302,Sclerotome,6
303_303,Sclerotome,6
303_304,Sclerotome,6
303_305,Sclerotome,6
303_306,Sclerotome,6
303_307,Sclerotome,6
303_308,Sclerotome,6
303_309,Sclerotome,6
303_310,Sclerotome,6
303_311,Sclerotome,6
303_312,Sclerotome,15
303_313,Dorsal root ganglion,15
303_314,Dorsal root ganglion,15
303_315,Dorsal root ganglion,15
303_316,Dorsal root ganglion,15
303_317,Dorsal root ganglion,15
303_318,Dorsal root ganglion,15
303_319,Dorsal root ganglion,15
303_320,Dorsal root ganglion,15
303_321,Dorsal root ganglion,15
303_322,Dorsal root ganglion,15
303_323,Dorsal root ganglion,15
303_324,Dorsal root ganglion,15
303_325,Dorsal root ganglion,11
303_326,Surface ectoderm,11
303_327,Surface ectoderm,11
303_328,Surface ectoderm,11
303_329,Surface ectoderm,11
303_330,Surface ectoderm,11
304_214,Surface ectoderm,11
304_215,Surface ectoderm,11
304_216,Surface ectoderm,11
304_217,Surface ectoderm,11
304_218,Surface ectoderm,11
304_219,Surface ectoderm,11
304_220,Surface ectoderm,11
304_221,Surface ectoderm,11
304_222,Surface ectoderm,11
304_223,Surface ectoderm,11
304_224,Surface ectoderm,11
304_225,Surface ectoderm,11
304_226,Surface ectoderm,11
304_227,Surface ectoderm,11
304_228,Surface ectoderm,11
304_229,Surface ectoderm,11
304_230,GI tract,11
304_231,Surface ectoderm,6
304_232,Sclerotome,6
304_233,Sclerotome,6
304_234,Sclerotome,5
304_235,Sclerotome,5
304_236,Sclerotome,5
304_237,Sclerotome,5
304_238,Sclerotome,5
304_239,Sclerotome,5
304_240,Sclerotome,5
304_241,Sclerotome,5
304_242,Sclerotome,5
304_243,Sclerotome,5
304_244,Urogenital ridge,5
304_245,Urogenital ridge,5
304_246,Urogenital ridge,5
304_247,Urogenital ridge,5
304_248,Urogenital ridge,5
304_249,Urogenital ridge,5
304_250,Urogenital ridge,5
304_251,GI tract,5
304_252,GI tract,5
304_253,GI tract,11
304_254,GI tract,11
304_255,GI tract,5
304_256,GI tract,5
304_257,Urogenital ridge,5
304_258,Urogenital ridge,5
304_259,Urogenital ridge,5
304_260,Urogenital ridge,5
304_261,Urogenital ridge,5
304_262,Urogenital ridge,5
304_263,Urogenital ridge,5
304_264,Urogenital ridge,5
304_265,Urogenital ridge,5
304_266,Urogenital ridge,5
304_267,Urogenital ridge,5
304_268,Urogenital ridge,5
304_269,Urogenital ridge,5
304_270,Urogenital ridge,5
304_271,Urogenital ridge,5
304_272,Urogenital ridge,5
304_273,Connective tissue,3
304_274,Blood vessel,19
304_275,Cavity,19
304_276,Cavity,19
304_277,Blood vessel,19
304_278,Blood vessel,19
304_279,Blood vessel,19
304_280,Cavity,19
304_281,Cavity,19
304_282,Blood vessel,19
304_283,Blood vessel,19
304_284,Blood vessel,19
304_285,Sclerotome,3
304_286,Sclerotome,6
304_287,Sclerotome,6
304_288,Sclerotome,6
304_289,Sclerotome,6
304_290,Sclerotome,6
304_291,Sclerotome,6
304_292,Sclerotome,6
304_293,Sclerotome,6
304_294,Sclerotome,6
304_295,Sclerotome,6
304_296,Sclerotome,6
304_297,Sclerotome,6
304_298,Sclerotome,6
304_299,Sclerotome,6
304_300,Sclerotome,6
304_301,Sclerotome,6
304_302,Sclerotome,6
304_303,Sclerotome,6
304_304,Sclerotome,6
304_305,Sclerotome,6
304_306,Sclerotome,6
304_307,Sclerotome,6
304_308,Sclerotome,6
304_309,Sclerotome,6
304_310,Sclerotome,6
304_311,Dorsal root ganglion,6
304_312,Dorsal root ganglion,15
304_313,Dorsal root ganglion,15
304_314,Dorsal root ganglion,15
304_315,Dorsal root ganglion,15
304_316,Dorsal root ganglion,15
304_317,Dorsal root ganglion,15
304_318,Dorsal root ganglion,15
304_319,Dorsal root ganglion,15
304_320,Dorsal root ganglion,15
304_321,Dorsal root ganglion,15
304_322,Dorsal root ganglion,15
304_323,Dorsal root ganglion,15
304_324,Dorsal root ganglion,15
304_325,Surface ectoderm,11
304_326,Surface ectoderm,11
304_327,Surface ectoderm,11
304_328,Surface ectoderm,11
304_329,Surface ectoderm,11
304_330,Cavity,16
305_213,Surface ectoderm,11
305_214,Surface ectoderm,11
305_215,Surface ectoderm,11
305_216,Surface ectoderm,11
305_217,Surface ectoderm,11
305_218,Surface ectoderm,11
305_219,Surface ectoderm,11
305_220,Surface ectoderm,11
305_221,Dermomyotome,11
305_222,Sclerotome,6
305_223,Sclerotome,6
305_224,Surface ectoderm,6
305_225,Sclerotome,6
305_226,Surface ectoderm,6
305_227,Sclerotome,6
305_228,Sclerotome,6
305_229,Sclerotome,6
305_230,Blood vessel,3
305_231,Blood vessel,3
305_232,Sclerotome,3
305_233,Sclerotome,3
305_234,Sclerotome,5
305_235,Sclerotome,5
305_236,Sclerotome,3
305_237,Sclerotome,5
305_238,Sclerotome,5
305_239,Sclerotome,5
305_240,Sclerotome,5
305_241,Sclerotome,5
305_242,Sclerotome,5
305_243,Urogenital ridge,5
305_244,Urogenital ridge,5
305_245,Urogenital ridge,5
305_246,Urogenital ridge,5
305_247,Urogenital ridge,5
305_248,Urogenital ridge,5
305_249,Urogenital ridge,5
305_250,Urogenital ridge,5
305_251,GI tract,5
305_252,GI tract,5
305_253,GI tract,11
305_254,GI tract,11
305_255,GI tract,11
305_256,GI tract,5
305_257,Urogenital ridge,5
305_258,Urogenital ridge,5
305_259,Urogenital ridge,5
305_260,Urogenital ridge,5
305_261,Urogenital ridge,5
305_262,Urogenital ridge,5
305_263,Urogenital ridge,5
305_264,Urogenital ridge,5
305_265,Urogenital ridge,5
305_266,Urogenital ridge,5
305_267,Urogenital ridge,5
305_268,Urogenital ridge,5
305_269,Urogenital ridge,5
305_270,Urogenital ridge,5
305_271,GI tract,5
305_272,Connective tissue,3
305_273,Blood vessel,19
305_274,Cavity,19
305_275,Cavity,19
305_276,Cavity,19
305_277,Blood vessel,19
305_278,Blood vessel,19
305_279,Cavity,19
305_280,Cavity,19
305_281,Blood vessel,19
305_282,Blood vessel,19
305_283,Blood vessel,19
305_284,Blood vessel,3
305_285,Sclerotome,6
305_286,Sclerotome,6
305_287,Sclerotome,6
305_288,Sclerotome,6
305_289,Sclerotome,6
305_290,Urogenital ridge,6
305_291,Sclerotome,6
305_292,Sclerotome,6
305_293,Sclerotome,6
305_294,Sclerotome,6
305_295,Sclerotome,6
305_296,Sclerotome,6
305_297,Sclerotome,6
305_298,Sclerotome,6
305_299,Sclerotome,6
305_300,Sclerotome,6
305_301,Sclerotome,6
305_302,Sclerotome,6
305_303,Sclerotome,6
305_304,Sclerotome,6
305_305,Sclerotome,6
305_306,Sclerotome,6
305_307,Sclerotome,11
305_308,Sclerotome,11
305_309,Sclerotome,6
305_310,Sclerotome,6
305_311,Dorsal root ganglion,15
305_312,Dorsal root ganglion,15
305_313,Dorsal root ganglion,15
305_314,Dorsal root ganglion,15
305_315,Dorsal root ganglion,15
305_316,Dorsal root ganglion,15
305_317,Dorsal root ganglion,15
305_318,Dorsal root ganglion,15
305_319,Dorsal root ganglion,15
305_320,Dorsal root ganglion,15
305_321,Dorsal root ganglion,15
305_322,Dorsal root ganglion,15
305_323,Surface ectoderm,11
305_324,Surface ectoderm,11
305_325,Surface ectoderm,11
305_326,Surface ectoderm,11
305_327,Surface ectoderm,11
305_328,Surface ectoderm,11
305_329,Cavity,11
306_211,Cavity,16
306_212,Surface ectoderm,16
306_213,Surface ectoderm,11
306_214,Surface ectoderm,11
306_215,Surface ectoderm,11
306_216,Surface ectoderm,11
306_217,Surface ectoderm,11
306_218,Surface ectoderm,11
306_219,Surface ectoderm,6
306_220,Dermomyotome,4
306_221,Dermomyotome,4
306_222,Sclerotome,6
306_223,Sclerotome,6
306_224,Sclerotome,6
306_225,Sclerotome,6
306_226,Sclerotome,6
306_227,Sclerotome,6
306_228,Sclerotome,6
306_229,Sclerotome,6
306_230,Sclerotome,3
306_231,Blood vessel,3
306_232,Blood vessel,3
306_233,Sclerotome,3
306_234,Sclerotome,3
306_235,Sclerotome,3
306_236,Sclerotome,3
306_237,Sclerotome,5
306_238,Sclerotome,5
306_239,Sclerotome,5
306_240,Sclerotome,5
306_241,Sclerotome,5
306_242,Sclerotome,5
306_243,Urogenital ridge,5
306_244,Urogenital ridge,5
306_245,Urogenital ridge,5
306_246,Urogenital ridge,5
306_247,Urogenital ridge,5
306_248,Urogenital ridge,5
306_249,Urogenital ridge,5
306_250,GI tract,5
306_251,GI tract,5
306_252,GI tract,5
306_253,GI tract,11
306_254,GI tract,11
306_255,GI tract,11
306_256,GI tract,5
306_257,Urogenital ridge,5
306_258,Urogenital ridge,5
306_259,Urogenital ridge,5
306_260,Urogenital ridge,5
306_261,Urogenital ridge,5
306_262,Urogenital ridge,5
306_263,Urogenital ridge,5
306_264,Urogenital ridge,5
306_265,Urogenital ridge,5
306_266,Urogenital ridge,5
306_267,Urogenital ridge,5
306_268,Urogenital ridge,5
306_269,Urogenital ridge,5
306_270,Urogenital ridge,5
306_271,Connective tissue,3
306_272,Blood vessel,19
306_273,Cavity,19
306_274,Cavity,19
306_275,Cavity,19
306_276,Blood vessel,19
306_277,Blood vessel,19
306_278,Blood vessel,19
306_279,Cavity,19
306_280,Cavity,19
306_281,Blood vessel,19
306_282,Blood vessel,19
306_283,Blood vessel,3
306_284,Sclerotome,3
306_285,Sclerotome,6
306_286,Sclerotome,6
306_287,Sclerotome,6
306_288,Sclerotome,6
306_289,Urogenital ridge,6
306_290,Urogenital ridge,6
306_291,Sclerotome,6
306_292,Sclerotome,6
306_293,Sclerotome,6
306_294,Sclerotome,6
306_295,Sclerotome,6
306_296,Sclerotome,6
306_297,Sclerotome,6
306_298,Sclerotome,6
306_299,Sclerotome,6
306_300,Sclerotome,6
306_301,Sclerotome,6
306_302,Sclerotome,6
306_303,Sclerotome,6
306_304,Sclerotome,6
306_305,Sclerotome,6
306_306,Sclerotome,11
306_307,Sclerotome,11
306_308,Sclerotome,11
306_309,Sclerotome,11
306_310,Sclerotome,6
306_311,Dorsal root ganglion,15
306_312,Dorsal root ganglion,15
306_313,Dorsal root ganglion,15
306_314,Dorsal root ganglion,15
306_315,Dorsal root ganglion,15
306_316,Dorsal root ganglion,15
306_317,Dorsal root ganglion,15
306_318,Dorsal root ganglion,15
306_319,Dorsal root ganglion,15
306_320,Dorsal root ganglion,15
306_321,Dorsal root ganglion,15
306_322,Dorsal root ganglion,11
306_323,Surface ectoderm,11
306_324,Surface ectoderm,11
306_325,Surface ectoderm,11
306_326,Surface ectoderm,11
306_327,Surface ectoderm,11
306_328,Surface ectoderm,11
307_210,Cavity,16
307_211,Surface ectoderm,16
307_212,Surface ectoderm,11
307_213,Surface ectoderm,11
307_214,Surface ectoderm,11
307_215,Surface ectoderm,11
307_216,Surface ectoderm,11
307_217,Surface ectoderm,11
307_218,GI tract,6
307_219,Sclerotome,6
307_220,Dermomyotome,6
307_221,Sclerotome,6
307_222,Sclerotome,6
307_223,Sclerotome,6
307_224,Sclerotome,6
307_225,Sclerotome,6
307_226,Sclerotome,6
307_227,Sclerotome,6
307_228,Sclerotome,6
307_229,Sclerotome,6
307_230,Sclerotome,3
307_231,Sclerotome,3
307_232,Sclerotome,3
307_233,Sclerotome,3
307_234,Sclerotome,3
307_235,Sclerotome,3
307_236,Sclerotome,3
307_237,Sclerotome,3
307_238,Sclerotome,6
307_239,Sclerotome,5
307_240,Sclerotome,6
307_241,Sclerotome,6
307_242,Sclerotome,6
307_243,Urogenital ridge,5
307_244,Sclerotome,5
307_245,Urogenital ridge,5
307_246,Urogenital ridge,5
307_247,Urogenital ridge,5
307_248,Urogenital ridge,5
307_249,Urogenital ridge,5
307_250,GI tract,5
307_251,GI tract,5
307_252,GI tract,5
307_253,GI tract,11
307_254,GI tract,11
307_255,GI tract,11
307_256,GI tract,5
307_257,GI tract,5
307_258,Urogenital ridge,5
307_259,Urogenital ridge,5
307_260,Urogenital ridge,5
307_261,Urogenital ridge,5
307_262,Urogenital ridge,5
307_263,Urogenital ridge,5
307_264,Urogenital ridge,5
307_265,Urogenital ridge,5
307_266,Urogenital ridge,5
307_267,Urogenital ridge,5
307_268,Urogenital ridge,5
307_269,Connective tissue,5
307_270,Blood vessel,3
307_271,Blood vessel,19
307_272,Cavity,19
307_273,Cavity,19
307_274,Cavity,19
307_275,Blood vessel,19
307_276,Blood vessel,19
307_277,Blood vessel,19
307_278,Blood vessel,19
307_279,Blood vessel,19
307_280,Blood vessel,19
307_281,Blood vessel,3
307_282,Sclerotome,3
307_283,Connective tissue,3
307_284,Sclerotome,6
307_285,Sclerotome,6
307_286,Urogenital ridge,6
307_287,Sclerotome,6
307_288,Sclerotome,6
307_289,Sclerotome,6
307_290,Urogenital ridge,6
307_291,Sclerotome,6
307_292,Sclerotome,6
307_293,Sclerotome,6
307_294,Sclerotome,6
307_295,Sclerotome,6
307_296,Sclerotome,6
307_297,Sclerotome,6
307_298,Sclerotome,6
307_299,Sclerotome,6
307_300,Sclerotome,6
307_301,Sclerotome,6
307_302,Sclerotome,6
307_303,Sclerotome,6
307_304,Sclerotome,6
307_305,Sclerotome,6
307_306,Sclerotome,11
307_307,Sclerotome,11
307_308,Sclerotome,11
307_309,Sclerotome,11
307_310,Dorsal root ganglion,15
307_311,Dorsal root ganglion,15
307_312,Dorsal root ganglion,15
307_313,Dorsal root ganglion,15
307_314,Dorsal root ganglion,15
307_315,Dorsal root ganglion,15
307_316,Dorsal root ganglion,15
307_317,Dorsal root ganglion,15
307_318,Dorsal root ganglion,15
307_319,Dorsal root ganglion,15
307_320,Dorsal root ganglion,15
307_321,Dorsal root ganglion,15
307_322,Surface ectoderm,11
307_323,Surface ectoderm,11
307_324,Surface ectoderm,11
307_325,Surface ectoderm,11
307_326,Surface ectoderm,11
307_327,Cavity,16
308_210,Surface ectoderm,16
308_211,Surface ectoderm,11
308_212,Surface ectoderm,11
308_213,Surface ectoderm,11
308_214,Surface ectoderm,11
308_215,Surface ectoderm,11
308_216,Surface ectoderm,11
308_217,Surface ectoderm,6
308_218,Blood vessel,6
308_219,Sclerotome,6
308_220,Sclerotome,6
308_221,Sclerotome,6
308_222,Sclerotome,6
308_223,Sclerotome,6
308_224,Sclerotome,6
308_225,Sclerotome,6
308_226,Sclerotome,6
308_227,Sclerotome,6
308_228,Sclerotome,6
308_229,Sclerotome,6
308_230,Sclerotome,6
308_231,Sclerotome,3
308_232,Sclerotome,3
308_233,Blood vessel,3
308_234,Blood vessel,19
308_235,Blood vessel,19
308_236,Blood vessel,3
308_237,Blood vessel,3
308_238,Sclerotome,3
308_239,Sclerotome,6
308_240,Sclerotome,6
308_241,Sclerotome,6
308_242,Sclerotome,5
308_243,Sclerotome,5
308_244,Urogenital ridge,5
308_245,Urogenital ridge,5
308_246,Urogenital ridge,5
308_247,Urogenital ridge,5
308_248,Urogenital ridge,5
308_249,Urogenital ridge,5
308_250,GI tract,5
308_251,GI tract,5
308_252,GI tract,5
308_253,GI tract,5
308_254,GI tract,11
308_255,GI tract,11
308_256,GI tract,5
308_257,GI tract,5
308_258,Urogenital ridge,5
308_259,Urogenital ridge,5
308_260,Urogenital ridge,5
308_261,Urogenital ridge,5
308_262,Urogenital ridge,5
308_263,Urogenital ridge,5
308_264,Urogenital ridge,5
308_265,Urogenital ridge,5
308_266,Urogenital ridge,5
308_267,Urogenital ridge,5
308_268,Urogenital ridge,5
308_269,Urogenital ridge,3
308_270,Blood vessel,3
308_271,Blood vessel,19
308_272,Blood vessel,19
308_273,Blood vessel,19
308_274,Blood vessel,3
308_275,Connective tissue,3
308_276,Blood vessel,3
308_277,Blood vessel,3
308_278,Blood vessel,3
308_279,Blood vessel,3
308_280,Blood vessel,3
308_281,Urogenital ridge,3
308_282,Urogenital ridge,6
308_283,Urogenital ridge,6
308_284,Urogenital ridge,6
308_285,Sclerotome,6
308_286,Sclerotome,6
308_287,Sclerotome,6
308_288,Sclerotome,6
308_289,Sclerotome,6
308_290,Sclerotome,6
308_291,Sclerotome,6
308_292,Sclerotome,6
308_293,Sclerotome,6
308_294,Sclerotome,6
308_295,Sclerotome,6
308_296,Sclerotome,6
308_297,Sclerotome,6
308_298,Sclerotome,6
308_299,Sclerotome,6
308_300,Sclerotome,6
308_301,Sclerotome,6
308_302,Sclerotome,6
308_303,Sclerotome,6
308_304,Sclerotome,6
308_305,Sclerotome,6
308_306,Sclerotome,6
308_307,Sclerotome,11
308_308,Sclerotome,11
308_309,Sclerotome,11
308_310,Dorsal root ganglion,15
308_311,Dorsal root ganglion,15
308_312,Dorsal root ganglion,15
308_313,Dorsal root ganglion,15
308_314,Dorsal root ganglion,15
308_315,Dorsal root ganglion,15
308_316,Dorsal root ganglion,15
308_317,Dorsal root ganglion,15
308_318,Dorsal root ganglion,15
308_319,Dorsal root ganglion,15
308_320,Dorsal root ganglion,15
308_321,Surface ectoderm,11
308_322,Surface ectoderm,11
308_323,Surface ectoderm,11
308_324,Surface ectoderm,11
308_325,Surface ectoderm,16
308_326,Cavity,16
309_209,Cavity,16
309_210,Surface ectoderm,11
309_211,Surface ectoderm,11
309_212,Surface ectoderm,11
309_213,Surface ectoderm,11
309_214,Surface ectoderm,11
309_215,Surface ectoderm,11
309_216,Surface ectoderm,4
309_217,Dermomyotome,4
309_218,Dermomyotome,6
309_219,Sclerotome,6
309_220,Sclerotome,6
309_221,Sclerotome,6
309_222,Sclerotome,6
309_223,Sclerotome,6
309_224,Sclerotome,6
309_225,Sclerotome,6
309_226,Sclerotome,6
309_227,Sclerotome,6
309_228,Sclerotome,6
309_229,Sclerotome,6
309_230,Sclerotome,6
309_231,Sclerotome,6
309_232,Blood vessel,3
309_233,Blood vessel,19
309_234,Cavity,19
309_235,Cavity,19
309_236,Cavity,19
309_237,Blood vessel,19
309_238,Sclerotome,3
309_239,Sclerotome,6
309_240,Sclerotome,6
309_241,Sclerotome,6
309_242,Sclerotome,5
309_243,Sclerotome,5
309_244,Sclerotome,5
309_245,Urogenital ridge,5
309_246,Urogenital ridge,5
309_247,Urogenital ridge,5
309_248,Urogenital ridge,5
309_249,GI tract,5
309_250,GI tract,5
309_251,GI tract,5
309_252,GI tract,6
309_253,GI tract,6
309_254,GI tract,5
309_255,GI tract,5
309_256,Sclerotome,5
309_257,Connective tissue,5
309_258,Urogenital ridge,5
309_259,Urogenital ridge,5
309_260,Urogenital ridge,5
309_261,Urogenital ridge,5
309_262,Urogenital ridge,5
309_263,Urogenital ridge,5
309_264,Urogenital ridge,5
309_265,Urogenital ridge,5
309_266,Urogenital ridge,5
309_267,Urogenital ridge,5
309_268,Urogenital ridge,5
309_269,Urogenital ridge,3
309_270,Connective tissue,3
309_271,Blood vessel,3
309_272,Connective tissue,3
309_273,Connective tissue,3
309_274,Connective tissue,3
309_275,Urogenital ridge,3
309_276,Sclerotome,3
309_277,Blood vessel,3
309_278,Urogenital ridge,3
309_279,Urogenital ridge,6
309_280,Urogenital ridge,6
309_281,Urogenital ridge,6
309_282,Urogenital ridge,6
309_283,Urogenital ridge,6
309_284,Urogenital ridge,6
309_285,Sclerotome,6
309_286,Sclerotome,6
309_287,Sclerotome,6
309_288,Sclerotome,6
309_289,Sclerotome,6
309_290,Sclerotome,6
309_291,Sclerotome,6
309_292,Sclerotome,6
309_293,Sclerotome,6
309_294,Sclerotome,6
309_295,Sclerotome,6
309_296,Sclerotome,6
309_297,Sclerotome,6
309_298,Sclerotome,6
309_299,Sclerotome,6
309_300,Sclerotome,6
309_301,Sclerotome,6
309_302,Sclerotome,6
309_303,Dorsal root ganglion,6
309_304,Dorsal root ganglion,15
309_305,Dorsal root ganglion,15
309_306,Dorsal root ganglion,15
309_307,Dorsal root ganglion,15
309_308,Dorsal root ganglion,15
309_309,Sclerotome,15
309_310,Dorsal root ganglion,15
309_311,Dorsal root ganglion,15
309_312,Dorsal root ganglion,15
309_313,Dorsal root ganglion,15
309_314,Dorsal root ganglion,15
309_315,Dorsal root ganglion,15
309_316,Dorsal root ganglion,15
309_317,Dorsal root ganglion,15
309_318,Dorsal root ganglion,15
309_319,Dorsal root ganglion,11
309_320,Surface ectoderm,11
309_321,Surface ectoderm,11
309_322,Surface ectoderm,11
309_323,Surface ectoderm,11
309_324,Surface ectoderm,11
309_325,Cavity,16
310_209,Cavity,16
310_210,Surface ectoderm,11
310_211,Surface ectoderm,11
310_212,Surface ectoderm,11
310_213,Surface ectoderm,11
310_214,Surface ectoderm,11
310_215,Dermomyotome,4
310_216,Dermomyotome,4
310_217,Dermomyotome,4
310_218,Sclerotome,6
310_219,Sclerotome,6
310_220,Sclerotome,6
310_221,Sclerotome,6
310_222,Sclerotome,6
310_223,Sclerotome,6
310_224,Sclerotome,6
310_225,Sclerotome,6
310_226,Sclerotome,6
310_227,Sclerotome,6
310_228,Sclerotome,6
310_229,Sclerotome,6
310_230,Sclerotome,6
310_231,Sclerotome,6
310_232,Blood vessel,3
310_233,Cavity,19
310_234,Cavity,19
310_235,Cavity,19
310_236,Cavity,19
310_237,Blood vessel,19
310_238,Sclerotome,3
310_239,Sclerotome,6
310_240,Sclerotome,6
310_241,Sclerotome,6
310_242,Sclerotome,6
310_243,Sclerotome,3
310_244,Sclerotome,6
310_245,Sclerotome,6
310_246,Sclerotome,6
310_247,Urogenital ridge,6
310_248,Sclerotome,6
310_249,GI tract,6
310_250,GI tract,6
310_251,GI tract,6
310_252,GI tract,6
310_253,GI tract,6
310_254,GI tract,6
310_255,GI tract,6
310_256,Sclerotome,6
310_257,Connective tissue,6
310_258,Urogenital ridge,5
310_259,Urogenital ridge,5
310_260,Urogenital ridge,5
310_261,Urogenital ridge,5
310_262,Connective tissue,5
310_263,Urogenital ridge,5
310_264,Urogenital ridge,5
310_265,Urogenital ridge,5
310_266,Urogenital ridge,5
310_267,Connective tissue,3
310_268,Blood vessel,3
310_269,Blood vessel,3
310_270,Urogenital ridge,3
310_271,Urogenital ridge,3
310_272,Urogenital ridge,6
310_273,Urogenital ridge,6
310_274,Urogenital ridge,6
310_275,Sclerotome,6
310_276,Urogenital ridge,6
310_277,Urogenital ridge,6
310_278,Sclerotome,6
310_279,Sclerotome,6
310_280,Urogenital ridge,6
310_281,Urogenital ridge,6
310_282,Urogenital ridge,6
310_283,Sclerotome,6
310_284,Sclerotome,6
310_285,Sclerotome,6
310_286,Sclerotome,6
310_287,Sclerotome,4
310_288,Dermomyotome,4
310_289,Dermomyotome,4
310_290,Sclerotome,4
310_291,Sclerotome,6
310_292,Sclerotome,6
310_293,Sclerotome,6
310_294,Sclerotome,6
310_295,Sclerotome,6
310_296,Sclerotome,6
310_297,Sclerotome,6
310_298,Sclerotome,6
310_299,Sclerotome,6
310_300,Sclerotome,6
310_301,Sclerotome,6
310_302,Sclerotome,6
310_303,Dorsal root ganglion,15
310_304,Dorsal root ganglion,15
310_305,Dorsal root ganglion,15
310_306,Dorsal root ganglion,15
310_307,Dorsal root ganglion,15
310_308,Dorsal root ganglion,15
310_309,Dorsal root ganglion,15
310_310,Dorsal root ganglion,15
310_311,Dorsal root ganglion,15
310_312,Dorsal root ganglion,15
310_313,Dorsal root ganglion,15
310_314,Dorsal root ganglion,15
310_315,Dorsal root ganglion,15
310_316,Dorsal root ganglion,15
310_317,Dorsal root ganglion,15
310_318,Dorsal root ganglion,11
310_319,Surface ectoderm,11
310_320,Surface ectoderm,11
310_321,Surface ectoderm,11
310_322,Surface ectoderm,11
310_323,Surface ectoderm,11
310_324,Cavity,16
311_208,Cavity,16
311_209,Surface ectoderm,16
311_210,Surface ectoderm,11
311_211,Surface ectoderm,11
311_212,Surface ectoderm,11
311_213,Surface ectoderm,11
311_214,Dermomyotome,11
311_215,Dermomyotome,4
311_216,Dermomyotome,4
311_217,Sclerotome,6
311_218,Sclerotome,6
311_219,Sclerotome,6
311_220,Sclerotome,6
311_221,Sclerotome,6
311_222,Sclerotome,6
311_223,Sclerotome,6
311_224,Sclerotome,6
311_225,Sclerotome,6
311_226,Sclerotome,6
311_227,Sclerotome,6
311_228,Sclerotome,6
311_229,Sclerotome,6
311_230,Sclerotome,6
311_231,Sclerotome,6
311_232,Sclerotome,3
311_233,Blood vessel,19
311_234,Blood vessel,19
311_235,Blood vessel,19
311_236,Blood vessel,19
311_237,Blood vessel,3
311_238,Sclerotome,3
311_239,Sclerotome,6
311_240,Sclerotome,6
311_241,Sclerotome,6
311_242,Sclerotome,6
311_243,Sclerotome,6
311_244,Sclerotome,6
311_245,Sclerotome,6
311_246,Sclerotome,6
311_247,Sclerotome,6
311_248,Sclerotome,6
311_249,GI tract,6
311_250,GI tract,6
311_251,GI tract,6
311_252,GI tract,6
311_253,GI tract,6
311_254,Sclerotome,6
311_255,Sclerotome,6
311_256,Sclerotome,6
311_257,Urogenital ridge,6
311_258,Urogenital ridge,6
311_259,Urogenital ridge,6
311_260,Urogenital ridge,6
311_261,Urogenital ridge,6
311_262,Urogenital ridge,6
311_263,Urogenital ridge,6
311_264,Sclerotome,6
311_265,Sclerotome,5
311_266,Urogenital ridge,5
311_267,Blood vessel,3
311_268,Blood vessel,3
311_269,Connective tissue,3
311_270,Urogenital ridge,6
311_271,Urogenital ridge,6
311_272,Urogenital ridge,6
311_273,Urogenital ridge,6
311_274,Sclerotome,6
311_275,Sclerotome,6
311_276,Sclerotome,6
311_277,Sclerotome,6
311_278,Sclerotome,6
311_279,Sclerotome,6
311_280,Sclerotome,6
311_281,Sclerotome,6
311_282,Sclerotome,6
311_283,Sclerotome,6
311_284,Sclerotome,6
311_285,Sclerotome,6
311_286,Dermomyotome,4
311_287,Dermomyotome,4
311_288,Dermomyotome,17
311_289,Dermomyotome,17
311_290,Dermomyotome,17
311_291,Dermomyotome,4
311_292,Sclerotome,6
311_293,Sclerotome,6
311_294,Sclerotome,6
311_295,Sclerotome,6
311_296,Sclerotome,6
311_297,Sclerotome,6
311_298,Sclerotome,6
311_299,Sclerotome,6
311_300,Sclerotome,6
311_301,Sclerotome,6
311_302,Sclerotome,6
311_303,Sclerotome,15
311_304,Dorsal root ganglion,15
311_305,Dorsal root ganglion,15
311_306,Dorsal root ganglion,15
311_307,Dorsal root ganglion,15
311_308,Dorsal root ganglion,15
311_309,Dorsal root ganglion,15
311_310,Dorsal root ganglion,15
311_311,Dorsal root ganglion,15
311_312,Dorsal root ganglion,15
311_313,Dorsal root ganglion,15
311_314,Dorsal root ganglion,15
311_315,Dorsal root ganglion,15
311_316,Dorsal root ganglion,15
311_317,Surface ectoderm,11
311_318,Surface ectoderm,11
311_319,Surface ectoderm,11
311_320,Surface ectoderm,11
311_321,Surface ectoderm,11
311_322,Surface ectoderm,11
311_323,Cavity,11
312_208,Cavity,16
312_209,Surface ectoderm,11
312_210,Surface ectoderm,11
312_211,Surface ectoderm,11
312_212,Surface ectoderm,11
312_213,Surface ectoderm,11
312_214,Sclerotome,11
312_215,Sclerotome,6
312_216,Sclerotome,6
312_217,Sclerotome,6
312_218,Sclerotome,6
312_219,Sclerotome,6
312_220,Sclerotome,6
312_221,Sclerotome,6
312_222,Sclerotome,6
312_223,Sclerotome,6
312_224,Sclerotome,6
312_225,Sclerotome,6
312_226,Sclerotome,6
312_227,Sclerotome,6
312_228,Sclerotome,6
312_229,Sclerotome,6
312_230,Sclerotome,6
312_231,Sclerotome,6
312_232,Sclerotome,6
312_233,Sclerotome,3
312_234,Blood vessel,3
312_235,Blood vessel,3
312_236,Sclerotome,3
312_237,Sclerotome,3
312_238,Sclerotome,6
312_239,Sclerotome,6
312_240,Sclerotome,6
312_241,Sclerotome,6
312_242,Sclerotome,6
312_243,Sclerotome,6
312_244,Sclerotome,6
312_245,Sclerotome,6
312_246,Sclerotome,6
312_247,Sclerotome,6
312_248,Sclerotome,6
312_249,GI tract,6
312_250,GI tract,6
312_251,GI tract,6
312_252,GI tract,6
312_253,GI tract,6
312_254,Sclerotome,6
312_255,Sclerotome,6
312_256,Sclerotome,6
312_257,Sclerotome,6
312_258,Sclerotome,6
312_259,Sclerotome,6
312_260,Sclerotome,6
312_261,Sclerotome,6
312_262,Sclerotome,6
312_263,Sclerotome,6
312_264,Sclerotome,6
312_265,Urogenital ridge,6
312_266,Urogenital ridge,6
312_267,Connective tissue,3
312_268,Connective tissue,3
312_269,Urogenital ridge,6
312_270,Urogenital ridge,6
312_271,Sclerotome,6
312_272,Sclerotome,6
312_273,Sclerotome,6
312_274,Sclerotome,6
312_275,Sclerotome,6
312_276,Sclerotome,6
312_277,Sclerotome,6
312_278,Sclerotome,6
312_279,Sclerotome,6
312_280,Sclerotome,6
312_281,Sclerotome,6
312_282,Sclerotome,6
312_283,Sclerotome,6
312_284,Sclerotome,6
312_285,Dermomyotome,4
312_286,Dermomyotome,4
312_287,Dermomyotome,17
312_288,Dermomyotome,17
312_289,Dermomyotome,17
312_290,Dermomyotome,17
312_291,Dermomyotome,17
312_292,Sclerotome,6
312_293,Sclerotome,6
312_294,Sclerotome,6
312_295,Sclerotome,6
312_296,Sclerotome,6
312_297,Sclerotome,6
312_298,Sclerotome,6
312_299,Sclerotome,6
312_300,Sclerotome,11
312_301,Sclerotome,11
312_302,Sclerotome,6
312_303,Sclerotome,6
312_304,Dorsal root ganglion,15
312_305,Dorsal root ganglion,15
312_306,Dorsal root ganglion,15
312_307,Dorsal root ganglion,15
312_308,Dorsal root ganglion,15
312_309,Dorsal root ganglion,15
312_310,Dorsal root ganglion,15
312_311,Dorsal root ganglion,15
312_312,Dorsal root ganglion,15
312_313,Dorsal root ganglion,15
312_314,Dorsal root ganglion,15
312_315,Dorsal root ganglion,15
312_316,Surface ectoderm,11
312_317,Surface ectoderm,11
312_318,Surface ectoderm,11
312_319,Surface ectoderm,11
312_320,Surface ectoderm,11
312_321,Surface ectoderm,11
312_322,Cavity,11
313_208,Surface ectoderm,16
313_209,Surface ectoderm,16
313_210,Surface ectoderm,11
313_211,Surface ectoderm,11
313_212,Surface ectoderm,11
313_213,Surface ectoderm,11
313_214,Sclerotome,11
313_215,Sclerotome,11
313_216,Sclerotome,6
313_217,Sclerotome,6
313_218,Sclerotome,6
313_219,Sclerotome,6
313_220,Sclerotome,6
313_221,Sclerotome,6
313_222,Sclerotome,6
313_223,Sclerotome,6
313_224,Sclerotome,6
313_225,Sclerotome,6
313_226,Sclerotome,6
313_227,Sclerotome,6
313_228,Sclerotome,6
313_229,Sclerotome,6
313_230,Sclerotome,6
313_231,Sclerotome,6
313_232,Sclerotome,6
313_233,Sclerotome,6
313_234,Sclerotome,3
313_235,Sclerotome,3
313_236,Sclerotome,6
313_237,Sclerotome,6
313_238,Sclerotome,6
313_239,Sclerotome,6
313_240,Sclerotome,6
313_241,Sclerotome,6
313_242,Sclerotome,6
313_243,Sclerotome,6
313_244,Sclerotome,6
313_245,Sclerotome,6
313_246,Sclerotome,6
313_247,Sclerotome,6
313_248,Sclerotome,6
313_249,GI tract,6
313_250,GI tract,6
313_251,GI tract,6
313_252,GI tract,6
313_253,Sclerotome,6
313_254,Sclerotome,6
313_255,Sclerotome,6
313_256,Sclerotome,6
313_257,Sclerotome,6
313_258,Sclerotome,6
313_259,Sclerotome,6
313_260,Sclerotome,6
313_261,Sclerotome,6
313_262,Sclerotome,6
313_263,Sclerotome,6
313_264,Sclerotome,6
313_265,Sclerotome,6
313_266,Urogenital ridge,6
313_267,Urogenital ridge,6
313_268,Sclerotome,6
313_269,Sclerotome,6
313_270,Sclerotome,6
313_271,Sclerotome,6
313_272,Sclerotome,6
313_273,Sclerotome,6
313_274,Sclerotome,6
313_275,Sclerotome,6
313_276,Sclerotome,6
313_277,Sclerotome,6
313_278,Sclerotome,6
313_279,Sclerotome,6
313_280,Sclerotome,6
313_281,Sclerotome,6
313_282,Sclerotome,6
313_283,Sclerotome,6
313_284,Sclerotome,6
313_285,Sclerotome,4
313_286,Dermomyotome,17
313_287,Dermomyotome,17
313_288,Dermomyotome,17
313_289,Dermomyotome,17
313_290,Dermomyotome,17
313_291,Dermomyotome,17
313_292,Sclerotome,4
313_293,Sclerotome,6
313_294,Sclerotome,6
313_295,Sclerotome,6
313_296,Sclerotome,6
313_297,Sclerotome,6
313_298,Sclerotome,6
313_299,Sclerotome,11
313_300,Sclerotome,11
313_301,Sclerotome,11
313_302,Sclerotome,11
313_303,Sclerotome,6
313_304,Dorsal root ganglion,15
313_305,Dorsal root ganglion,15
313_306,Dorsal root ganglion,15
313_307,Dorsal root ganglion,15
313_308,Dorsal root ganglion,15
313_309,Dorsal root ganglion,15
313_310,Dorsal root ganglion,15
313_311,Dorsal root ganglion,15
313_312,Dorsal root ganglion,15
313_313,Dorsal root ganglion,15
313_314,Surface ectoderm,11
313_315,Surface ectoderm,11
313_316,Surface ectoderm,11
313_317,Surface ectoderm,11
313_318,Surface ectoderm,11
313_319,Surface ectoderm,11
314_207,Cavity,16
314_208,Surface ectoderm,16
314_209,Surface ectoderm,11
314_210,Surface ectoderm,11
314_211,Surface ectoderm,11
314_212,Surface ectoderm,11
314_213,Surface ectoderm,11
314_214,Sclerotome,6
314_215,Sclerotome,6
314_216,Sclerotome,6
314_217,Sclerotome,6
314_218,Sclerotome,6
314_219,Sclerotome,6
314_220,Sclerotome,6
314_221,Sclerotome,6
314_222,Brain,6
314_223,Sclerotome,6
314_224,Sclerotome,6
314_225,Sclerotome,6
314_226,Sclerotome,6
314_227,Sclerotome,6
314_228,Sclerotome,6
314_229,Sclerotome,6
314_230,Sclerotome,6
314_231,Sclerotome,6
314_232,Sclerotome,6
314_233,Sclerotome,6
314_234,Sclerotome,6
314_235,Sclerotome,6
314_236,Sclerotome,6
314_237,Sclerotome,6
314_238,Sclerotome,6
314_239,Sclerotome,6
314_240,Sclerotome,6
314_241,Sclerotome,6
314_242,Sclerotome,6
314_243,Sclerotome,6
314_244,Sclerotome,6
314_245,Sclerotome,6
314_246,Sclerotome,6
314_247,Sclerotome,6
314_248,Sclerotome,6
314_249,Sclerotome,6
314_250,GI tract,6
314_251,GI tract,6
314_252,Sclerotome,6
314_253,Sclerotome,6
314_254,Sclerotome,6
314_255,Sclerotome,6
314_256,Sclerotome,6
314_257,Sclerotome,6
314_258,Sclerotome,6
314_259,Sclerotome,6
314_260,Sclerotome,6
314_261,Sclerotome,6
314_262,Sclerotome,6
314_263,Sclerotome,6
314_264,Sclerotome,6
314_265,Sclerotome,6
314_266,Sclerotome,6
314_267,Urogenital ridge,6
314_268,Sclerotome,6
314_269,Urogenital ridge,6
314_270,Sclerotome,6
314_271,Sclerotome,6
314_272,Sclerotome,6
314_273,Sclerotome,6
314_274,Sclerotome,6
314_275,Sclerotome,6
314_276,Sclerotome,6
314_277,Sclerotome,6
314_278,Sclerotome,6
314_279,Sclerotome,6
314_280,Sclerotome,6
314_281,Sclerotome,4
314_282,Sclerotome,4
314_283,Sclerotome,6
314_284,Sclerotome,6
314_285,Sclerotome,6
314_286,Dermomyotome,4
314_287,Dermomyotome,17
314_288,Dermomyotome,17
314_289,Dermomyotome,17
314_290,Dermomyotome,17
314_291,Dermomyotome,17
314_292,Sclerotome,4
314_293,Sclerotome,6
314_294,Sclerotome,6
314_295,Sclerotome,6
314_296,Sclerotome,6
314_297,Sclerotome,6
314_298,Sclerotome,6
314_299,Sclerotome,11
314_300,Sclerotome,11
314_301,Sclerotome,11
314_302,Sclerotome,11
314_303,Dorsal root ganglion,15
314_304,Dorsal root ganglion,15
314_305,Dorsal root ganglion,15
314_306,Dorsal root ganglion,15
314_307,Dorsal root ganglion,15
314_308,Dorsal root ganglion,15
314_309,Dorsal root ganglion,15
314_310,Dorsal root ganglion,15
314_311,Dorsal root ganglion,15
314_312,Dorsal root ganglion,15
314_313,Surface ectoderm,11
314_314,Surface ectoderm,11
314_315,Surface ectoderm,11
314_316,Surface ectoderm,11
314_317,Surface ectoderm,11
314_318,Cavity,11
315_207,Cavity,16
315_208,Surface ectoderm,16
315_209,Surface ectoderm,11
315_210,Surface ectoderm,11
315_211,Surface ectoderm,11
315_212,Surface ectoderm,11
315_213,Surface ectoderm,6
315_214,Sclerotome,6
315_215,Sclerotome,6
315_216,Jaw and tooth,6
315_217,Sclerotome,6
315_218,Dorsal root ganglion,6
315_219,Spinal cord,13
315_220,Spinal cord,13
315_221,Spinal cord,13
315_222,Spinal cord,13
315_223,Brain,13
315_224,Brain,13
315_225,Sclerotome,6
315_226,Sclerotome,6
315_227,Sclerotome,6
315_228,Sclerotome,6
315_229,Sclerotome,6
315_230,Sclerotome,6
315_231,Sclerotome,6
315_232,Sclerotome,6
315_233,Sclerotome,6
315_234,Sclerotome,6
315_235,Sclerotome,6
315_236,Sclerotome,6
315_237,Sclerotome,6
315_238,Sclerotome,6
315_239,Sclerotome,6
315_240,Sclerotome,6
315_241,Sclerotome,6
315_242,Sclerotome,6
315_243,Sclerotome,6
315_244,Sclerotome,6
315_245,Sclerotome,6
315_246,Sclerotome,6
315_247,Sclerotome,6
315_248,Sclerotome,6
315_249,Sclerotome,6
315_250,Sclerotome,6
315_251,Sclerotome,6
315_252,Sclerotome,6
315_253,Sclerotome,6
315_254,Sclerotome,6
315_255,Sclerotome,6
315_256,Sclerotome,6
315_257,Sclerotome,6
315_258,Sclerotome,6
315_259,Sclerotome,6
315_260,Sclerotome,6
315_261,Sclerotome,6
315_262,Sclerotome,6
315_263,Sclerotome,6
315_264,Sclerotome,6
315_265,Sclerotome,6
315_266,Sclerotome,6
315_267,Sclerotome,6
315_268,Sclerotome,6
315_269,Sclerotome,6
315_270,Sclerotome,6
315_271,Sclerotome,6
315_272,Sclerotome,6
315_273,Urogenital ridge,6
315_274,Sclerotome,6
315_275,Sclerotome,6
315_276,Sclerotome,6
315_277,Sclerotome,6
315_278,Sclerotome,6
315_279,Sclerotome,6
315_280,Sclerotome,4
315_281,Dermomyotome,4
315_282,Dermomyotome,4
315_283,Sclerotome,4
315_284,Sclerotome,6
315_285,Sclerotome,4
315_286,Dermomyotome,4
315_287,Dermomyotome,17
315_288,Dermomyotome,17
315_289,Dermomyotome,17
315_290,Dermomyotome,17
315_291,Dermomyotome,17
315_292,Dermomyotome,4
315_293,Sclerotome,6
315_294,Sclerotome,6
315_295,Sclerotome,6
315_296,Sclerotome,6
315_297,Sclerotome,6
315_298,Sclerotome,11
315_299,Sclerotome,11
315_300,Sclerotome,11
315_301,Sclerotome,11
315_302,Sclerotome,11
315_303,Dorsal root ganglion,15
315_304,Dorsal root ganglion,15
315_305,Dorsal root ganglion,15
315_306,Dorsal root ganglion,15
315_307,Dorsal root ganglion,15
315_308,Dorsal root ganglion,15
315_309,Dorsal root ganglion,15
315_310,Dorsal root ganglion,15
315_311,Dorsal root ganglion,15
315_312,Surface ectoderm,11
315_313,Surface ectoderm,11
315_314,Surface ectoderm,11
315_315,Surface ectoderm,11
315_316,Surface ectoderm,11
315_317,Cavity,11
316_206,Cavity,16
316_207,Surface ectoderm,16
316_208,Surface ectoderm,16
316_209,Surface ectoderm,11
316_210,Surface ectoderm,11
316_211,Surface ectoderm,11
316_212,Surface ectoderm,11
316_213,Sclerotome,6
316_214,Sclerotome,13
316_215,Sclerotome,13
316_216,Spinal cord,13
316_217,Spinal cord,13
316_218,Spinal cord,14
316_219,Spinal cord,14
316_220,Spinal cord,14
316_221,Spinal cord,14
316_222,Spinal cord,14
316_223,Spinal cord,14
316_224,Brain,13
316_225,Brain,6
316_226,Sclerotome,6
316_227,Sclerotome,6
316_228,Sclerotome,6
316_229,Sclerotome,6
316_230,Sclerotome,6
316_231,Sclerotome,6
316_232,Sclerotome,6
316_233,Sclerotome,6
316_234,Sclerotome,6
316_235,Sclerotome,6
316_236,Sclerotome,6
316_237,Sclerotome,6
316_238,Sclerotome,6
316_239,Sclerotome,6
316_240,Sclerotome,6
316_241,Sclerotome,6
316_242,Sclerotome,6
316_243,Sclerotome,6
316_244,Sclerotome,6
316_245,Sclerotome,6
316_246,Sclerotome,6
316_247,Sclerotome,6
316_248,Sclerotome,6
316_249,Sclerotome,6
316_250,Sclerotome,6
316_251,Sclerotome,6
316_252,Sclerotome,6
316_253,Sclerotome,6
316_254,Sclerotome,6
316_255,Sclerotome,6
316_256,Sclerotome,6
316_257,Sclerotome,6
316_258,Sclerotome,6
316_259,Sclerotome,6
316_260,Sclerotome,6
316_261,Sclerotome,6
316_262,Sclerotome,6
316_263,Sclerotome,6
316_264,Sclerotome,6
316_265,Sclerotome,6
316_266,Sclerotome,6
316_267,Sclerotome,6
316_268,Sclerotome,6
316_269,Sclerotome,6
316_270,Sclerotome,6
316_271,Sclerotome,6
316_272,Sclerotome,6
316_273,Sclerotome,6
316_274,Sclerotome,6
316_275,Sclerotome,6
316_276,Sclerotome,6
316_277,Sclerotome,6
316_278,Sclerotome,6
316_279,Sclerotome,6
316_280,Sclerotome,4
316_281,Dermomyotome,4
316_282,Dermomyotome,4
316_283,Sclerotome,4
316_284,Sclerotome,6
316_285,Sclerotome,4
316_286,Dermomyotome,4
316_287,Dermomyotome,17
316_288,Dermomyotome,17
316_289,Dermomyotome,17
316_290,Dermomyotome,17
316_291,Dermomyotome,17
316_292,Dermomyotome,4
316_293,Sclerotome,6
316_294,Sclerotome,6
316_295,Sclerotome,6
316_296,Sclerotome,6
316_297,Sclerotome,6
316_298,Sclerotome,11
316_299,Sclerotome,11
316_300,Sclerotome,11
316_301,Sclerotome,11
316_302,Sclerotome,11
316_303,Dorsal root ganglion,15
316_304,Dorsal root ganglion,15
316_305,Dorsal root ganglion,15
316_306,Dorsal root ganglion,15
316_307,Dorsal root ganglion,15
316_308,Dorsal root ganglion,15
316_309,Dorsal root ganglion,15
316_310,Dorsal root ganglion,11
316_311,Surface ectoderm,11
316_312,Surface ectoderm,11
316_313,Surface ectoderm,11
316_314,Surface ectoderm,11
316_315,Surface ectoderm,11
316_316,Cavity,11
317_206,Cavity,16
317_207,Surface ectoderm,16
317_208,Surface ectoderm,16
317_209,Surface ectoderm,11
317_210,Surface ectoderm,11
317_211,Surface ectoderm,11
317_212,Surface ectoderm,11
317_213,Spinal cord,13
317_214,Spinal cord,13
317_215,Spinal cord,14
317_216,Spinal cord,14
317_217,Spinal cord,14
317_218,Spinal cord,14
317_219,Spinal cord,14
317_220,Spinal cord,14
317_221,Spinal cord,14
317_222,Spinal cord,14
317_223,Spinal cord,14
317_224,Spinal cord,13
317_225,Sclerotome,6
317_226,Sclerotome,6
317_227,Sclerotome,6
317_228,Sclerotome,6
317_229,Sclerotome,6
317_230,Sclerotome,6
317_231,Sclerotome,6
317_232,Sclerotome,6
317_233,Sclerotome,6
317_234,Sclerotome,6
317_235,Sclerotome,6
317_236,Sclerotome,6
317_237,Sclerotome,6
317_238,Sclerotome,6
317_239,Sclerotome,6
317_240,Sclerotome,6
317_241,Sclerotome,6
317_242,Sclerotome,6
317_243,Sclerotome,6
317_244,Sclerotome,6
317_245,Sclerotome,6
317_246,Sclerotome,6
317_247,Sclerotome,6
317_248,Sclerotome,6
317_249,Sclerotome,6
317_250,Sclerotome,6
317_251,Sclerotome,6
317_252,Sclerotome,6
317_253,Sclerotome,6
317_254,Sclerotome,6
317_255,Sclerotome,6
317_256,Sclerotome,6
317_257,Sclerotome,6
317_258,Sclerotome,6
317_259,Sclerotome,6
317_260,Sclerotome,6
317_261,Sclerotome,6
317_262,Sclerotome,6
317_263,Sclerotome,6
317_264,Sclerotome,6
317_265,Sclerotome,6
317_266,Sclerotome,6
317_267,Sclerotome,6
317_268,Sclerotome,6
317_269,Sclerotome,6
317_270,Sclerotome,6
317_271,Sclerotome,6
317_272,Sclerotome,6
317_273,Sclerotome,6
317_274,Sclerotome,6
317_275,Sclerotome,6
317_276,Sclerotome,6
317_277,Sclerotome,6
317_278,Sclerotome,6
317_279,Sclerotome,6
317_280,Sclerotome,4
317_281,Sclerotome,4
317_282,Sclerotome,4
317_283,Dermomyotome,4
317_284,Sclerotome,4
317_285,Sclerotome,4
317_286,Dermomyotome,4
317_287,Dermomyotome,17
317_288,Dermomyotome,17
317_289,Dermomyotome,17
317_290,Dermomyotome,17
317_291,Dermomyotome,17
317_292,Dermomyotome,4
317_293,Sclerotome,6
317_294,Sclerotome,6
317_295,Sclerotome,6
317_296,Sclerotome,6
317_297,Sclerotome,11
317_298,Sclerotome,11
317_299,Sclerotome,11
317_300,Sclerotome,11
317_301,Sclerotome,11
317_302,Sclerotome,11
317_303,Dorsal root ganglion,15
317_304,Dorsal root ganglion,15
317_305,Dorsal root ganglion,15
317_306,Dorsal root ganglion,15
317_307,Dorsal root ganglion,15
317_308,Dorsal root ganglion,15
317_309,Surface ectoderm,11
317_310,Surface ectoderm,11
317_311,Surface ectoderm,11
317_312,Surface ectoderm,11
317_313,Surface ectoderm,11
317_314,Surface ectoderm,11
317_315,Cavity,16
318_206,Cavity,16
318_207,Surface ectoderm,16
318_208,Surface ectoderm,11
318_209,Surface ectoderm,11
318_210,Surface ectoderm,11
318_211,Surface ectoderm,11
318_212,Spinal cord,13
318_213,Spinal cord,14
318_214,Spinal cord,14
318_215,Spinal cord,14
318_216,Spinal cord,14
318_217,Spinal cord,14
318_218,Spinal cord,14
318_219,Spinal cord,14
318_220,Spinal cord,14
318_221,Spinal cord,14
318_222,Spinal cord,14
318_223,Spinal cord,13
318_224,Sclerotome,13
318_225,Sclerotome,6
318_226,Sclerotome,6
318_227,Sclerotome,6
318_228,Sclerotome,6
318_229,Sclerotome,6
318_230,Sclerotome,6
318_231,Sclerotome,6
318_232,Sclerotome,6
318_233,Sclerotome,6
318_234,Sclerotome,6
318_235,Sclerotome,6
318_236,Sclerotome,6
318_237,Sclerotome,6
318_238,Sclerotome,6
318_239,Sclerotome,6
318_240,Sclerotome,6
318_241,Sclerotome,6
318_242,Sclerotome,6
318_243,Sclerotome,6
318_244,Sclerotome,6
318_245,Sclerotome,6
318_246,Sclerotome,6
318_247,Sclerotome,6
318_248,Sclerotome,6
318_249,Sclerotome,6
318_250,Sclerotome,6
318_251,Sclerotome,6
318_252,Sclerotome,6
318_253,Sclerotome,6
318_254,Sclerotome,6
318_255,Sclerotome,6
318_256,Sclerotome,6
318_257,Sclerotome,4
318_258,Sclerotome,4
318_259,Dermomyotome,4
318_260,Sclerotome,4
318_261,Sclerotome,6
318_262,Sclerotome,6
318_263,Sclerotome,6
318_264,Sclerotome,6
318_265,Sclerotome,6
318_266,Sclerotome,6
318_267,Sclerotome,6
318_268,Sclerotome,6
318_269,Sclerotome,6
318_270,Sclerotome,6
318_271,Sclerotome,6
318_272,Sclerotome,6
318_273,Sclerotome,6
318_274,Sclerotome,6
318_275,Sclerotome,6
318_276,Sclerotome,6
318_277,Sclerotome,6
318_278,Sclerotome,6
318_279,Sclerotome,6
318_280,Sclerotome,6
318_281,Sclerotome,6
318_282,Sclerotome,6
318_283,Sclerotome,4
318_284,Sclerotome,4
318_285,Sclerotome,4
318_286,Dermomyotome,4
318_287,Dermomyotome,17
318_288,Dermomyotome,17
318_289,Dermomyotome,17
318_290,Dermomyotome,17
318_291,Dermomyotome,17
318_292,Dermomyotome,4
318_293,Sclerotome,6
318_294,Sclerotome,11
318_295,Sclerotome,11
318_296,Sclerotome,11
318_297,Sclerotome,11
318_298,Sclerotome,11
318_299,Sclerotome,11
318_300,Sclerotome,11
318_301,Sclerotome,11
318_302,Dorsal root ganglion,11
318_303,Dorsal root ganglion,15
318_304,Dorsal root ganglion,15
318_305,Dorsal root ganglion,15
318_306,Dorsal root ganglion,15
318_307,Dorsal root ganglion,11
318_308,Surface ectoderm,11
318_309,Surface ectoderm,11
318_310,Surface ectoderm,11
318_311,Surface ectoderm,11
318_312,Surface ectoderm,11
318_313,Surface ectoderm,11
318_314,Cavity,11
319_206,Cavity,16
319_207,Surface ectoderm,16
319_208,Surface ectoderm,11
319_209,Surface ectoderm,11
319_210,Surface ectoderm,11
319_211,Spinal cord,13
319_212,Spinal cord,14
319_213,Spinal cord,14
319_214,Spinal cord,14
319_215,Spinal cord,14
319_216,Spinal cord,14
319_217,Spinal cord,14
319_218,Spinal cord,14
319_219,Spinal cord,14
319_220,Spinal cord,14
319_221,Spinal cord,14
319_222,Spinal cord,13
319_223,Sclerotome,6
319_224,Sclerotome,6
319_225,Sclerotome,6
319_226,Sclerotome,6
319_227,Sclerotome,6
319_228,Sclerotome,6
319_229,Sclerotome,6
319_230,Sclerotome,6
319_231,Sclerotome,6
319_232,Sclerotome,6
319_233,Sclerotome,6
319_234,Sclerotome,6
319_235,Sclerotome,6
319_236,Sclerotome,6
319_237,Sclerotome,6
319_238,Sclerotome,6
319_239,Sclerotome,6
319_240,Sclerotome,4
319_241,Sclerotome,4
319_242,Sclerotome,4
319_243,Sclerotome,6
319_244,Sclerotome,6
319_245,Sclerotome,6
319_246,Sclerotome,6
319_247,Dermomyotome,4
319_248,Dermomyotome,4
319_249,Dermomyotome,4
319_250,Dermomyotome,17
319_251,Dermomyotome,4
319_252,Dermomyotome,4
319_253,Sclerotome,4
319_254,Sclerotome,4
319_255,Dermomyotome,4
319_256,Dermomyotome,4
319_257,Dermomyotome,4
319_258,Dermomyotome,17
319_259,Dermomyotome,4
319_260,Sclerotome,4
319_261,Sclerotome,6
319_262,Sclerotome,6
319_263,Sclerotome,6
319_264,Sclerotome,6
319_265,Sclerotome,6
319_266,Sclerotome,6
319_267,Sclerotome,6
319_268,Sclerotome,6
319_269,Sclerotome,6
319_270,Sclerotome,6
319_271,Sclerotome,6
319_272,Sclerotome,6
319_273,Sclerotome,6
319_274,Sclerotome,6
319_275,Sclerotome,6
319_276,Sclerotome,6
319_277,Sclerotome,6
319_278,Sclerotome,6
319_279,Sclerotome,6
319_280,Sclerotome,6
319_281,Sclerotome,6
319_282,Sclerotome,6
319_283,Sclerotome,4
319_284,Sclerotome,4
319_285,Dermomyotome,4
319_286,Dermomyotome,4
319_287,Dermomyotome,4
319_288,Dermomyotome,17
319_289,Dermomyotome,17
319_290,Dermomyotome,17
319_291,Dermomyotome,17
319_292,Dermomyotome,4
319_293,Sclerotome,11
319_294,Sclerotome,11
319_295,Sclerotome,11
319_296,Sclerotome,11
319_297,Sclerotome,11
319_298,Sclerotome,11
319_299,Sclerotome,11
319_300,Dorsal root ganglion,11
319_301,Sclerotome,11
319_302,Surface ectoderm,11
319_303,Dorsal root ganglion,15
319_304,Dorsal root ganglion,15
319_305,Surface ectoderm,11
319_306,Surface ectoderm,11
319_307,Surface ectoderm,11
319_308,Surface ectoderm,11
319_309,Surface ectoderm,11
319_310,Surface ectoderm,11
319_311,Surface ectoderm,16
319_312,Cavity,11
320_206,Cavity,16
320_207,Surface ectoderm,16
320_208,Surface ectoderm,11
320_209,Surface ectoderm,11
320_210,Surface ectoderm,13
320_211,Spinal cord,13
320_212,Spinal cord,14
320_213,Spinal cord,14
320_214,Spinal cord,14
320_215,Spinal cord,14
320_216,Spinal cord,14
320_217,Spinal cord,14
320_218,Spinal cord,14
320_219,Spinal cord,14
320_220,Spinal cord,14
320_221,Spinal cord,13
320_222,Sclerotome,6
320_223,Sclerotome,6
320_224,Sclerotome,6
320_225,Sclerotome,6
320_226,Sclerotome,6
320_227,Sclerotome,6
320_228,Sclerotome,6
320_229,Sclerotome,6
320_230,Sclerotome,6
320_231,Sclerotome,6
320_232,Sclerotome,6
320_233,Sclerotome,6
320_234,Sclerotome,6
320_235,Sclerotome,6
320_236,Sclerotome,6
320_237,Sclerotome,6
320_238,Sclerotome,6
320_239,Dermomyotome,4
320_240,Dermomyotome,17
320_241,Dermomyotome,17
320_242,Dermomyotome,17
320_243,Dermomyotome,4
320_244,Sclerotome,6
320_245,Sclerotome,6
320_246,Dermomyotome,4
320_247,Dermomyotome,4
320_248,Dermomyotome,17
320_249,Dermomyotome,17
320_250,Dermomyotome,17
320_251,Dermomyotome,17
320_252,Dermomyotome,4
320_253,Sclerotome,4
320_254,Dermomyotome,4
320_255,Dermomyotome,4
320_256,Dermomyotome,4
320_257,Dermomyotome,4
320_258,Dermomyotome,17
320_259,Dermomyotome,4
320_260,Sclerotome,4
320_261,Sclerotome,6
320_262,Sclerotome,6
320_263,Sclerotome,6
320_264,Sclerotome,6
320_265,Sclerotome,6
320_266,Sclerotome,6
320_267,Sclerotome,6
320_268,Sclerotome,6
320_269,Sclerotome,6
320_270,Sclerotome,6
320_271,Sclerotome,6
320_272,Sclerotome,6
320_273,Sclerotome,6
320_274,Sclerotome,6
320_275,Sclerotome,6
320_276,Sclerotome,6
320_277,Sclerotome,6
320_278,Sclerotome,6
320_279,Sclerotome,6
320_280,Sclerotome,6
320_281,Sclerotome,6
320_282,Sclerotome,6
320_283,Sclerotome,4
320_284,Dermomyotome,4
320_285,Dermomyotome,4
320_286,Dermomyotome,4
320_287,Dermomyotome,4
320_288,Dermomyotome,17
320_289,Dermomyotome,17
320_290,Dermomyotome,17
320_291,Dermomyotome,17
320_292,Dermomyotome,4
320_293,Sclerotome,11
320_294,Sclerotome,11
320_295,Sclerotome,11
320_296,Sclerotome,11
320_297,Sclerotome,11
320_298,Sclerotome,11
320_299,Dorsal root ganglion,11
320_300,Dorsal root ganglion,15
320_301,Dorsal root ganglion,15
320_302,Surface ectoderm,11
320_303,Surface ectoderm,11
320_304,Surface ectoderm,11
320_305,Surface ectoderm,11
320_306,Surface ectoderm,11
320_307,Surface ectoderm,11
320_308,Surface ectoderm,11
320_309,Surface ectoderm,16
320_310,Cavity,16
320_311,Cavity,16
321_206,Cavity,16
321_207,Surface ectoderm,16
321_208,Surface ectoderm,11
321_209,Surface ectoderm,11
321_210,Surface ectoderm,13
321_211,Spinal cord,13
321_212,Spinal cord,14
321_213,Spinal cord,14
321_214,Spinal cord,14
321_215,Spinal cord,14
321_216,Spinal cord,14
321_217,Spinal cord,14
321_218,Spinal cord,14
321_219,Spinal cord,13
321_220,Sclerotome,13
321_221,Sclerotome,6
321_222,Sclerotome,6
321_223,Sclerotome,6
321_224,Sclerotome,6
321_225,Sclerotome,6
321_226,Sclerotome,6
321_227,Sclerotome,6
321_228,Sclerotome,6
321_229,Sclerotome,6
321_230,Sclerotome,6
321_231,Sclerotome,6
321_232,Sclerotome,6
321_233,Dermomyotome,4
321_234,Dermomyotome,4
321_235,Dermomyotome,4
321_236,Dermomyotome,4
321_237,Sclerotome,6
321_238,Dermomyotome,4
321_239,Dermomyotome,17
321_240,Dermomyotome,17
321_241,Dermomyotome,17
321_242,Dermomyotome,17
321_243,Dermomyotome,17
321_244,Dermomyotome,4
321_245,Sclerotome,6
321_246,Sclerotome,4
321_247,Dermomyotome,4
321_248,Dermomyotome,17
321_249,Dermomyotome,17
321_250,Dermomyotome,17
321_251,Dermomyotome,17
321_252,Dermomyotome,4
321_253,Blood vessel,4
321_254,Connective tissue,4
321_255,Sclerotome,4
321_256,Sclerotome,4
321_257,Sclerotome,4
321_258,Dermomyotome,4
321_259,Dermomyotome,4
321_260,Sclerotome,4
321_261,Sclerotome,6
321_262,Sclerotome,6
321_263,Sclerotome,6
321_264,Sclerotome,6
321_265,Sclerotome,6
321_266,Sclerotome,6
321_267,Sclerotome,6
321_268,Sclerotome,6
321_269,Sclerotome,6
321_270,Sclerotome,6
321_271,Sclerotome,6
321_272,Sclerotome,6
321_273,Sclerotome,6
321_274,Sclerotome,6
321_275,Sclerotome,6
321_276,Sclerotome,6
321_277,Sclerotome,6
321_278,Sclerotome,6
321_279,Sclerotome,6
321_280,Sclerotome,6
321_281,Sclerotome,6
321_282,Sclerotome,4
321_283,Dermomyotome,4
321_284,Dermomyotome,4
321_285,Dermomyotome,4
321_286,Dermomyotome,4
321_287,Surface ectoderm,4
321_288,Dermomyotome,4
321_289,Dermomyotome,4
321_290,Dermomyotome,4
321_291,Dermomyotome,4
321_292,Dermomyotome,4
321_293,Sclerotome,11
321_294,Sclerotome,11
321_295,Sclerotome,11
321_296,Sclerotome,11
321_297,Sclerotome,11
321_298,Sclerotome,11
321_299,Dorsal root ganglion,11
321_300,Dorsal root ganglion,15
321_301,Dorsal root ganglion,11
321_302,Surface ectoderm,11
321_303,Surface ectoderm,11
321_304,Surface ectoderm,11
321_305,Surface ectoderm,11
321_306,Surface ectoderm,11
321_307,Surface ectoderm,11
321_308,Surface ectoderm,11
321_309,Surface ectoderm,16
321_310,Cavity,16
322_206,Cavity,16
322_207,Surface ectoderm,16
322_208,Surface ectoderm,11
322_209,Surface ectoderm,11
322_210,Surface ectoderm,13
322_211,Spinal cord,13
322_212,Spinal cord,14
322_213,Spinal cord,14
322_214,Spinal cord,14
322_215,Spinal cord,14
322_216,Spinal cord,14
322_217,Spinal cord,14
322_218,Spinal cord,13
322_219,Sclerotome,6
322_220,Sclerotome,6
322_221,Sclerotome,6
322_222,Sclerotome,6
322_223,Sclerotome,6
322_224,Sclerotome,6
322_225,Sclerotome,6
322_226,Sclerotome,6
322_227,Sclerotome,6
322_228,Sclerotome,6
322_229,Sclerotome,6
322_230,Sclerotome,6
322_231,Sclerotome,4
322_232,Dermomyotome,17
322_233,Dermomyotome,17
322_234,Dermomyotome,17
322_235,Dermomyotome,17
322_236,Dermomyotome,4
322_237,Sclerotome,4
322_238,Dermomyotome,4
322_239,Dermomyotome,17
322_240,Dermomyotome,17
322_241,Dermomyotome,17
322_242,Dermomyotome,17
322_243,Dermomyotome,4
322_244,Sclerotome,4
322_245,Sclerotome,6
322_246,Sclerotome,4
322_247,Dermomyotome,4
322_248,Dermomyotome,17
322_249,Dermomyotome,17
322_250,Dermomyotome,17
322_251,Dermomyotome,17
322_252,Dermomyotome,4
322_253,Sclerotome,4
322_254,Blood vessel,6
322_255,Sclerotome,6
322_256,Sclerotome,4
322_257,Sclerotome,4
322_258,Dermomyotome,4
322_259,Dermomyotome,4
322_260,Sclerotome,4
322_261,Sclerotome,6
322_262,Sclerotome,6
322_263,Sclerotome,6
322_264,Sclerotome,6
322_265,Sclerotome,6
322_266,Sclerotome,6
322_267,Sclerotome,6
322_268,Sclerotome,6
322_269,Sclerotome,6
322_270,Sclerotome,6
322_271,Sclerotome,6
322_272,Sclerotome,6
322_273,Sclerotome,6
322_274,Sclerotome,6
322_275,Sclerotome,6
322_276,Sclerotome,6
322_277,Sclerotome,6
322_278,Sclerotome,6
322_279,Sclerotome,6
322_280,Sclerotome,6
322_281,Sclerotome,4
322_282,Dermomyotome,4
322_283,Dermomyotome,17
322_284,Dermomyotome,17
322_285,Dermomyotome,4
322_286,Dermomyotome,4
322_287,Sclerotome,6
322_288,Sclerotome,11
322_289,Sclerotome,11
322_290,Sclerotome,11
322_291,Sclerotome,11
322_292,Dermomyotome,11
322_293,Sclerotome,11
322_294,Sclerotome,11
322_295,Sclerotome,11
322_296,Sclerotome,11
322_297,Sclerotome,11
322_298,Surface ectoderm,11
322_299,Surface ectoderm,11
322_300,Surface ectoderm,11
322_301,Surface ectoderm,11
322_302,Surface ectoderm,11
322_303,Surface ectoderm,11
322_304,Surface ectoderm,11
322_305,Surface ectoderm,11
322_306,Surface ectoderm,11
322_307,Surface ectoderm,11
322_308,Cavity,16
323_206,Cavity,16
323_207,Surface ectoderm,16
323_208,Surface ectoderm,11
323_209,Surface ectoderm,11
323_210,Surface ectoderm,13
323_211,Spinal cord,13
323_212,Spinal cord,14
323_213,Spinal cord,14
323_214,Spinal cord,14
323_215,Spinal cord,14
323_216,Spinal cord,13
323_217,Spinal cord,6
323_218,Sclerotome,6
323_219,Sclerotome,6
323_220,Sclerotome,6
323_221,Sclerotome,11
323_222,Sclerotome,6
323_223,Sclerotome,6
323_224,Sclerotome,6
323_225,Sclerotome,6
323_226,Sclerotome,6
323_227,Sclerotome,6
323_228,Sclerotome,6
323_229,Sclerotome,6
323_230,Dermomyotome,4
323_231,Dermomyotome,17
323_232,Dermomyotome,17
323_233,Dermomyotome,17
323_234,Dermomyotome,17
323_235,Dermomyotome,4
323_236,Sclerotome,4
323_237,Sclerotome,4
323_238,Sclerotome,4
323_239,Dermomyotome,4
323_240,Dermomyotome,4
323_241,Dermomyotome,17
323_242,Dermomyotome,4
323_243,Sclerotome,4
323_244,Sclerotome,6
323_245,Sclerotome,6
323_246,Sclerotome,4
323_247,Dermomyotome,4
323_248,Dermomyotome,17
323_249,Dermomyotome,17
323_250,Dermomyotome,17
323_251,Dermomyotome,4
323_252,Sclerotome,4
323_253,Sclerotome,6
323_254,Sclerotome,6
323_255,Sclerotome,6
323_256,Sclerotome,6
323_257,Sclerotome,4
323_258,Dermomyotome,4
323_259,Dermomyotome,4
323_260,Sclerotome,4
323_261,Sclerotome,6
323_262,Sclerotome,6
323_263,Sclerotome,6
323_264,Sclerotome,6
323_265,Sclerotome,6
323_266,Sclerotome,6
323_267,Sclerotome,6
323_268,Sclerotome,6
323_269,Sclerotome,6
323_270,Sclerotome,6
323_271,Sclerotome,6
323_272,Sclerotome,6
323_273,Sclerotome,6
323_274,Sclerotome,6
323_275,Sclerotome,6
323_276,Sclerotome,6
323_277,Sclerotome,6
323_278,Sclerotome,6
323_279,Sclerotome,6
323_280,Sclerotome,4
323_281,Dermomyotome,17
323_282,Dermomyotome,17
323_283,Dermomyotome,17
323_284,Dermomyotome,17
323_285,Dermomyotome,4
323_286,Dermomyotome,4
323_287,Sclerotome,6
323_288,Sclerotome,11
323_289,Sclerotome,11
323_290,Sclerotome,11
323_291,Sclerotome,11
323_292,Sclerotome,11
323_293,Sclerotome,11
323_294,Sclerotome,11
323_295,Sclerotome,11
323_296,Sclerotome,11
323_297,Surface ectoderm,11
323_298,Surface ectoderm,11
323_299,Surface ectoderm,11
323_300,Surface ectoderm,11
323_301,Surface ectoderm,11
323_302,Surface ectoderm,11
323_303,Surface ectoderm,11
323_304,Surface ectoderm,11
323_305,Surface ectoderm,11
323_306,Cavity,16
324_206,Cavity,16
324_207,Cavity,16
324_208,Surface ectoderm,16
324_209,Surface ectoderm,11
324_210,Surface ectoderm,11
324_211,Surface ectoderm,13
324_212,Spinal cord,13
324_213,Spinal cord,13
324_214,Spinal cord,13
324_215,Spinal cord,11
324_216,Surface ectoderm,11
324_217,Sclerotome,11
324_218,Sclerotome,6
324_219,Surface ectoderm,11
324_220,Sclerotome,11
324_221,Sclerotome,11
324_222,Sclerotome,11
324_223,Sclerotome,11
324_224,Sclerotome,6
324_225,Sclerotome,6
324_226,Sclerotome,6
324_227,Sclerotome,6
324_228,Sclerotome,6
324_229,Dermomyotome,4
324_230,Dermomyotome,17
324_231,Dermomyotome,17
324_232,Dermomyotome,17
324_233,Dermomyotome,17
324_234,Dermomyotome,17
324_235,Sclerotome,4
324_236,Sclerotome,6
324_237,Sclerotome,6
324_238,Sclerotome,6
324_239,Sclerotome,6
324_240,Sclerotome,4
324_241,Sclerotome,4
324_242,Sclerotome,6
324_243,Sclerotome,6
324_244,Surface ectoderm,6
324_245,Sclerotome,6
324_246,Sclerotome,6
324_247,Dermomyotome,4
324_248,Dermomyotome,4
324_249,Dermomyotome,4
324_250,Dermomyotome,4
324_251,Sclerotome,4
324_252,Sclerotome,6
324_253,Sclerotome,6
324_254,Sclerotome,6
324_255,Sclerotome,6
324_256,Sclerotome,6
324_257,Sclerotome,4
324_258,Dermomyotome,4
324_259,Dermomyotome,4
324_260,Sclerotome,4
324_261,Sclerotome,6
324_262,Sclerotome,6
324_263,Sclerotome,6
324_264,Sclerotome,6
324_265,Sclerotome,6
324_266,Sclerotome,6
324_267,Sclerotome,6
324_268,Sclerotome,6
324_269,Sclerotome,6
324_270,Sclerotome,6
324_271,Sclerotome,6
324_272,Sclerotome,6
324_273,Sclerotome,6
324_274,Sclerotome,6
324_275,Sclerotome,6
324_276,Sclerotome,6
324_277,Sclerotome,6
324_278,Sclerotome,6
324_279,Sclerotome,4
324_280,Dermomyotome,17
324_281,Dermomyotome,17
324_282,Dermomyotome,17
324_283,Dermomyotome,17
324_284,Dermomyotome,17
324_285,Dermomyotome,4
324_286,Sclerotome,11
324_287,Sclerotome,11
324_288,Sclerotome,11
324_289,Sclerotome,11
324_290,Sclerotome,11
324_291,Sclerotome,11
324_292,Sclerotome,11
324_293,Sclerotome,11
324_294,Surface ectoderm,11
324_295,Surface ectoderm,11
324_296,Surface ectoderm,11
324_297,Surface ectoderm,11
324_298,Surface ectoderm,11
324_299,Surface ectoderm,11
324_300,Surface ectoderm,11
324_301,Surface ectoderm,11
324_302,Surface ectoderm,11
324_303,Cavity,16
324_304,Cavity,16
325_208,Surface ectoderm,16
325_209,Surface ectoderm,11
325_210,Surface ectoderm,11
325_211,Surface ectoderm,11
325_212,Surface ectoderm,11
325_213,Surface ectoderm,11
325_214,Surface ectoderm,11
325_215,Surface ectoderm,11
325_216,Surface ectoderm,11
325_217,Surface ectoderm,11
325_218,Surface ectoderm,11
325_219,Surface ectoderm,11
325_220,Sclerotome,11
325_221,Sclerotome,11
325_222,Sclerotome,11
325_223,Sclerotome,11
325_224,Sclerotome,11
325_225,Sclerotome,11
325_226,Sclerotome,11
325_227,Dermomyotome,6
325_228,Dermomyotome,4
325_229,Dermomyotome,4
325_230,Dermomyotome,4
325_231,Dermomyotome,4
325_232,Dermomyotome,4
325_233,Dermomyotome,4
325_234,Surface ectoderm,4
325_235,Surface ectoderm,11
325_236,Surface ectoderm,11
325_237,Surface ectoderm,11
325_238,Surface ectoderm,11
325_239,Surface ectoderm,11
325_240,Surface ectoderm,11
325_241,Surface ectoderm,11
325_242,Surface ectoderm,11
325_243,Surface ectoderm,11
325_244,Surface ectoderm,11
325_245,Surface ectoderm,11
325_246,Surface ectoderm,11
325_247,Surface ectoderm,11
325_248,Meninges,11
325_249,Meninges,11
325_250,Sclerotome,11
325_251,Sclerotome,11
325_252,Sclerotome,11
325_253,Sclerotome,6
325_254,Sclerotome,6
325_255,Sclerotome,6
325_256,Sclerotome,6
325_257,Dermomyotome,4
325_258,Dermomyotome,4
325_259,Dermomyotome,4
325_260,Sclerotome,4
325_261,Sclerotome,6
325_262,Sclerotome,6
325_263,Sclerotome,6
325_264,Sclerotome,6
325_265,Sclerotome,6
325_266,Sclerotome,6
325_267,Sclerotome,6
325_268,Sclerotome,6
325_269,Sclerotome,6
325_270,Sclerotome,6
325_271,Sclerotome,6
325_272,Sclerotome,6
325_273,Sclerotome,6
325_274,Sclerotome,6
325_275,Sclerotome,6
325_276,Sclerotome,6
325_277,Sclerotome,6
325_278,Sclerotome,4
325_279,Dermomyotome,4
325_280,Dermomyotome,17
325_281,Dermomyotome,17
325_282,Dermomyotome,17
325_283,Dermomyotome,17
325_284,Dermomyotome,17
325_285,Dermomyotome,11
325_286,Sclerotome,11
325_287,Sclerotome,11
325_288,Sclerotome,11
325_289,Sclerotome,11
325_290,Sclerotome,11
325_291,Surface ectoderm,11
325_292,Surface ectoderm,11
325_293,Surface ectoderm,11
325_294,Surface ectoderm,11
325_295,Surface ectoderm,11
325_296,Surface ectoderm,11
325_297,Surface ectoderm,11
325_298,Surface ectoderm,11
325_299,Surface ectoderm,11
325_300,Surface ectoderm,11
325_301,Surface ectoderm,16
325_302,Cavity,16
326_208,Cavity,16
326_209,Surface ectoderm,16
326_210,Surface ectoderm,16
326_211,Surface ectoderm,11
326_212,Surface ectoderm,11
326_213,Surface ectoderm,11
326_214,Surface ectoderm,11
326_215,Surface ectoderm,11
326_216,Surface ectoderm,11
326_217,Surface ectoderm,11
326_218,Surface ectoderm,11
326_219,Surface ectoderm,11
326_220,Surface ectoderm,11
326_221,Surface ectoderm,11
326_222,Surface ectoderm,11
326_223,Surface ectoderm,11
326_224,Surface ectoderm,11
326_225,Surface ectoderm,11
326_226,Surface ectoderm,11
326_227,Surface ectoderm,11
326_228,Surface ectoderm,11
326_229,Surface ectoderm,11
326_230,Surface ectoderm,11
326_231,Surface ectoderm,11
326_232,Surface ectoderm,11
326_233,Surface ectoderm,11
326_234,Surface ectoderm,11
326_235,Surface ectoderm,11
326_236,Surface ectoderm,11
326_237,Surface ectoderm,11
326_238,Surface ectoderm,11
326_239,Surface ectoderm,11
326_240,Surface ectoderm,11
326_241,Surface ectoderm,11
326_242,Surface ectoderm,11
326_243,Surface ectoderm,11
326_244,Surface ectoderm,11
326_245,Surface ectoderm,11
326_246,Surface ectoderm,11
326_247,Surface ectoderm,11
326_248,Surface ectoderm,11
326_249,Surface ectoderm,11
326_250,Surface ectoderm,11
326_251,Surface ectoderm,11
326_252,Surface ectoderm,11
326_253,Surface ectoderm,11
326_254,Surface ectoderm,11
326_255,Sclerotome,11
326_256,Sclerotome,6
326_257,Sclerotome,4
326_258,Dermomyotome,4
326_259,Dermomyotome,4
326_260,Sclerotome,4
326_261,Sclerotome,6
326_262,Sclerotome,6
326_263,Sclerotome,6
326_264,Sclerotome,6
326_265,Sclerotome,6
326_266,Sclerotome,6
326_267,Sclerotome,6
326_268,Sclerotome,6
326_269,Sclerotome,6
326_270,Sclerotome,6
326_271,Sclerotome,6
326_272,Sclerotome,6
326_273,Sclerotome,6
326_274,Sclerotome,6
326_275,Sclerotome,6
326_276,Sclerotome,6
326_277,Sclerotome,6
326_278,Dermomyotome,4
326_279,Dermomyotome,17
326_280,Dermomyotome,17
326_281,Dermomyotome,17
326_282,Dermomyotome,17
326_283,Dermomyotome,17
326_284,Dermomyotome,17
326_285,Sclerotome,11
326_286,Sclerotome,11
326_287,Sclerotome,11
326_288,Sclerotome,11
326_289,Surface ectoderm,11
326_290,Surface ectoderm,11
326_291,Surface ectoderm,11
326_292,Surface ectoderm,11
326_293,Surface ectoderm,11
326_294,Surface ectoderm,11
326_295,Surface ectoderm,11
326_296,Surface ectoderm,11
326_297,Surface ectoderm,11
326_298,Surface ectoderm,11
326_299,Cavity,16
326_300,Cavity,16
327_209,Cavity,16
327_210,Surface ectoderm,16
327_211,Surface ectoderm,16
327_212,Surface ectoderm,11
327_213,Surface ectoderm,11
327_214,Surface ectoderm,11
327_215,Surface ectoderm,11
327_216,Surface ectoderm,11
327_217,Surface ectoderm,11
327_218,Surface ectoderm,11
327_219,Surface ectoderm,11
327_220,Surface ectoderm,11
327_221,Surface ectoderm,11
327_222,Surface ectoderm,11
327_223,Surface ectoderm,11
327_224,Surface ectoderm,11
327_225,Surface ectoderm,11
327_226,Surface ectoderm,11
327_227,Surface ectoderm,11
327_228,Surface ectoderm,11
327_229,Surface ectoderm,11
327_230,Surface ectoderm,11
327_231,Surface ectoderm,11
327_232,Surface ectoderm,11
327_233,Surface ectoderm,11
327_234,Surface ectoderm,11
327_235,Surface ectoderm,11
327_236,Surface ectoderm,11
327_237,Surface ectoderm,11
327_238,Surface ectoderm,11
327_239,Surface ectoderm,11
327_240,Surface ectoderm,11
327_241,Surface ectoderm,11
327_242,Surface ectoderm,11
327_243,Surface ectoderm,11
327_244,Surface ectoderm,11
327_245,Surface ectoderm,11
327_246,Surface ectoderm,11
327_247,Surface ectoderm,11
327_248,Surface ectoderm,11
327_249,Surface ectoderm,11
327_250,Surface ectoderm,11
327_251,Surface ectoderm,11
327_252,Surface ectoderm,11
327_253,Surface ectoderm,11
327_254,Surface ectoderm,11
327_255,Surface ectoderm,11
327_256,Surface ectoderm,11
327_257,Surface ectoderm,11
327_258,Surface ectoderm,11
327_259,Meninges,11
327_260,Sclerotome,11
327_261,Sclerotome,6
327_262,Sclerotome,6
327_263,Sclerotome,6
327_264,Sclerotome,6
327_265,Sclerotome,6
327_266,Sclerotome,6
327_267,Dermomyotome,6
327_268,Dermomyotome,4
327_269,Dermomyotome,4
327_270,Dermomyotome,4
327_271,Sclerotome,6
327_272,Sclerotome,6
327_273,Sclerotome,6
327_274,Sclerotome,6
327_275,Sclerotome,6
327_276,Sclerotome,6
327_277,Sclerotome,6
327_278,Dermomyotome,4
327_279,Dermomyotome,17
327_280,Dermomyotome,17
327_281,Dermomyotome,17
327_282,Dermomyotome,17
327_283,Dermomyotome,17
327_284,Dermomyotome,4
327_285,Surface ectoderm,11
327_286,Surface ectoderm,11
327_287,Surface ectoderm,11
327_288,Surface ectoderm,11
327_289,Surface ectoderm,11
327_290,Surface ectoderm,11
327_291,Surface ectoderm,11
327_292,Surface ectoderm,11
327_293,Surface ectoderm,11
327_294,Surface ectoderm,11
327_295,Surface ectoderm,11
327_296,Surface ectoderm,11
327_297,Cavity,16
328_210,Cavity,16
328_211,Cavity,16
328_212,Surface ectoderm,11
328_213,Surface ectoderm,11
328_214,Surface ectoderm,11
328_215,Surface ectoderm,11
328_216,Surface ectoderm,11
328_217,Surface ectoderm,11
328_218,Surface ectoderm,11
328_219,Surface ectoderm,11
328_220,Surface ectoderm,11
328_221,Surface ectoderm,11
328_222,Surface ectoderm,11
328_223,Surface ectoderm,11
328_224,Surface ectoderm,11
328_225,Surface ectoderm,11
328_226,Surface ectoderm,11
328_227,Surface ectoderm,11
328_228,Surface ectoderm,11
328_229,Surface ectoderm,11
328_230,Surface ectoderm,11
328_231,Surface ectoderm,11
328_232,Surface ectoderm,11
328_233,Surface ectoderm,11
328_234,Surface ectoderm,11
328_235,Surface ectoderm,11
328_236,Surface ectoderm,11
328_237,Surface ectoderm,11
328_238,Surface ectoderm,11
328_239,Surface ectoderm,16
328_240,Cavity,16
328_241,Cavity,16
328_242,Cavity,16
328_243,Cavity,16
328_244,Surface ectoderm,11
328_245,Surface ectoderm,11
328_246,Surface ectoderm,11
328_247,Surface ectoderm,11
328_248,Surface ectoderm,11
328_249,Surface ectoderm,11
328_250,Surface ectoderm,11
328_251,Surface ectoderm,11
328_252,Surface ectoderm,11
328_253,Surface ectoderm,11
328_254,Surface ectoderm,11
328_255,Surface ectoderm,11
328_256,Surface ectoderm,11
328_257,Surface ectoderm,11
328_258,Surface ectoderm,11
328_259,Surface ectoderm,11
328_260,Surface ectoderm,11
328_261,Surface ectoderm,11
328_262,Surface ectoderm,11
328_263,Surface ectoderm,11
328_264,Surface ectoderm,11
328_265,Surface ectoderm,11
328_266,Surface ectoderm,11
328_267,Dermomyotome,11
328_268,Dermomyotome,4
328_269,Dermomyotome,4
328_270,Dermomyotome,11
328_271,Dermomyotome,11
328_272,Surface ectoderm,11
328_273,Sclerotome,11
328_274,Sclerotome,11
328_275,Sclerotome,11
328_276,Blood vessel,11
328_277,Surface ectoderm,11
328_278,Dermomyotome,11
328_279,Dermomyotome,4
328_280,Dermomyotome,17
328_281,Dermomyotome,17
328_282,Dermomyotome,17
328_283,Dermomyotome,4
328_284,Surface ectoderm,11
328_285,Surface ectoderm,11
328_286,Surface ectoderm,11
328_287,Surface ectoderm,11
328_288,Surface ectoderm,11
328_289,Surface ectoderm,11
328_290,Surface ectoderm,11
328_291,Surface ectoderm,11
328_292,Surface ectoderm,11
328_293,Surface ectoderm,11
328_294,Surface ectoderm,16
328_295,Cavity,16
328_296,Cavity,16
329_218,Cavity,11
329_219,Cavity,11
329_220,Cavity,11
329_221,Cavity,11
329_222,Cavity,11
329_223,Cavity,11
329_224,Cavity,11
329_225,Surface ectoderm,11
329_226,Surface ectoderm,11
329_227,Surface ectoderm,11
329_228,Surface ectoderm,11
329_229,Surface ectoderm,11
329_230,Surface ectoderm,11
329_231,Surface ectoderm,11
329_232,Surface ectoderm,11
329_233,Cavity,11
329_234,Cavity,11
329_246,Cavity,16
329_247,Cavity,11
329_248,Surface ectoderm,16
329_249,Surface ectoderm,11
329_250,Surface ectoderm,11
329_251,Surface ectoderm,11
329_252,Surface ectoderm,11
329_253,Surface ectoderm,11
329_254,Surface ectoderm,11
329_255,Surface ectoderm,11
329_256,Surface ectoderm,11
329_257,Surface ectoderm,11
329_258,Surface ectoderm,11
329_259,Surface ectoderm,11
329_260,Surface ectoderm,11
329_261,Surface ectoderm,11
329_262,Surface ectoderm,11
329_263,Surface ectoderm,11
329_264,Surface ectoderm,11
329_265,Surface ectoderm,11
329_266,Surface ectoderm,11
329_267,Surface ectoderm,11
329_268,Surface ectoderm,11
329_269,Surface ectoderm,11
329_270,Surface ectoderm,11
329_271,Surface ectoderm,11
329_272,Surface ectoderm,11
329_273,Surface ectoderm,11
329_274,Surface ectoderm,11
329_275,Surface ectoderm,11
329_276,Surface ectoderm,11
329_277,Surface ectoderm,11
329_278,Surface ectoderm,11
329_279,Surface ectoderm,11
329_280,Surface ectoderm,11
329_281,Surface ectoderm,11
329_282,Surface ectoderm,11
329_283,Surface ectoderm,11
329_284,Surface ectoderm,11
329_285,Surface ectoderm,11
329_286,Surface ectoderm,11
329_287,Surface ectoderm,11
329_288,Surface ectoderm,11
329_289,Surface ectoderm,11
329_290,Surface ectoderm,11
329_291,Surface ectoderm,11
329_292,Surface ectoderm,11
329_293,Cavity,11
330_249,Cavity,16
330_250,Cavity,16
330_251,Cavity,16
330_252,Surface ectoderm,11
330_253,Surface ectoderm,11
330_254,Surface ectoderm,11
330_255,Surface ectoderm,11
330_256,Surface ectoderm,11
330_257,Surface ectoderm,11
330_258,Surface ectoderm,11
330_259,Surface ectoderm,11
330_260,Surface ectoderm,11
330_261,Surface ectoderm,11
330_262,Surface ectoderm,11
330_263,Surface ectoderm,11
330_264,Surface ectoderm,11
330_265,Surface ectoderm,11
330_266,Surface ectoderm,11
330_267,Surface ectoderm,11
330_268,Surface ectoderm,11
330_269,Surface ectoderm,11
330_270,Surface ectoderm,11
330_271,Surface ectoderm,11
330_272,Surface ectoderm,11
330_273,Surface ectoderm,11
330_274,Surface ectoderm,11
330_275,Surface ectoderm,11
330_276,Surface ectoderm,11
330_277,Surface ectoderm,11
330_278,Surface ectoderm,11
330_279,Surface ectoderm,11
330_280,Surface ectoderm,11
330_281,Surface ectoderm,11
330_282,Surface ectoderm,11
330_283,Surface ectoderm,11
330_284,Surface ectoderm,11
330_285,Surface ectoderm,11
330_286,Surface ectoderm,11
330_287,Surface ectoderm,11
330_288,Surface ectoderm,11
330_289,Surface ectoderm,11
330_290,Surface ectoderm,11
330_291,Cavity,16
331_261,Cavity,11
331_262,Cavity,11
331_263,Cavity,11
331_264,Surface ectoderm,11
331_265,Surface ectoderm,11
331_266,Surface ectoderm,11
331_267,Surface ectoderm,11
331_268,Surface ectoderm,11
331_269,Surface ectoderm,11
331_270,Surface ectoderm,11
331_271,Surface ectoderm,11
331_272,Surface ectoderm,11
331_273,Surface ectoderm,11
331_274,Surface ectoderm,11
331_275,Surface ectoderm,11
331_276,Surface ectoderm,11
331_277,Surface ectoderm,11
331_278,Surface ectoderm,11
331_279,Surface ectoderm,11
331_280,Surface ectoderm,11
331_281,Surface ectoderm,11
331_282,Surface ectoderm,11
331_283,Surface ectoderm,11
331_284,Surface ectoderm,11
331_285,Surface ectoderm,11
331_286,Surface ectoderm,11
331_287,Cavity,11
331_288,Cavity,11
332_266,Cavity,16
332_267,Cavity,16
332_268,Cavity,16
332_269,Surface ectoderm,11
332_270,Surface ectoderm,11
332_271,Surface ectoderm,11
332_272,Surface ectoderm,11
332_273,Surface ectoderm,11
332_274,Surface ectoderm,11
332_275,Surface ectoderm,11
332_276,Surface ectoderm,11
332_277,Surface ectoderm,11
332_278,Surface ectoderm,11
332_279,Cavity,11
332_280,Cavity,16
332_281,Cavity,16
332_282,Cavity,16
332_283,Cavity,16
332_284,Cavity,16
