cell_name,ground_truth,domain
144_156,Cavity,13
144_157,Meninges,13
144_158,Meninges,13
144_159,Meninges,13
144_160,Meninges,13
144_161,Meninges,13
144_162,Meninges,13
144_163,Meninges,13
144_164,Meninges,13
144_165,Meninges,13
144_166,Meninges,13
144_167,Meninges,13
144_168,Meninges,13
144_169,Meninges,13
144_170,Cavity,13
144_171,Cavity,13
144_172,Meninges,13
144_173,Meninges,5
144_174,Meninges,5
144_175,Cavity,5
144_176,Meninges,5
144_177,Meninges,5
144_178,Meninges,5
144_179,Meninges,5
144_180,Meninges,5
144_181,Meninges,5
144_182,Meninges,5
144_183,Meninges,5
144_184,Meninges,5
144_185,Meninges,5
144_186,Meninges,5
144_187,Meninges,5
144_188,Meninges,5
144_189,Meninges,5
144_190,Meninges,5
144_191,Meninges,5
144_192,Meninges,5
144_193,Meninges,5
144_194,Meninges,5
144_195,Meninges,5
144_196,Meninges,5
144_197,Meninges,5
144_198,Meninges,5
144_199,Meninges,5
144_200,Cavity,5
144_201,Cavity,5
144_202,Cavity,5
144_229,Cavity,14
144_230,Cavity,14
144_231,Meninges,14
144_232,Meninges,14
144_233,Cavity,14
144_234,Cavity,14
144_235,Cavity,14
144_236,Cavity,14
144_237,Cavity,14
144_238,Cavity,14
145_153,Cavity,13
145_154,Meninges,13
145_155,Cavity,13
145_156,Meninges,13
145_157,Meninges,13
145_158,Meninges,13
145_159,Meninges,13
145_160,Meninges,13
145_161,Meninges,13
145_162,Meninges,13
145_163,Meninges,13
145_164,Meninges,13
145_165,Meninges,13
145_166,Meninges,13
145_167,Meninges,13
145_168,Meninges,13
145_169,Meninges,13
145_170,Meninges,13
145_171,Meninges,13
145_172,Meninges,13
145_173,Meninges,5
145_174,Meninges,5
145_175,Meninges,5
145_176,Meninges,5
145_177,Meninges,5
145_178,Meninges,5
145_179,Meninges,5
145_180,Meninges,5
145_181,Meninges,5
145_182,Meninges,5
145_183,Meninges,5
145_184,Meninges,5
145_185,Meninges,5
145_186,Meninges,5
145_187,Meninges,5
145_188,Meninges,5
145_189,Meninges,5
145_190,Meninges,5
145_191,Meninges,5
145_192,Meninges,5
145_193,Meninges,5
145_194,Meninges,5
145_195,Meninges,5
145_196,Meninges,5
145_197,Meninges,5
145_198,Meninges,5
145_199,Meninges,5
145_200,Meninges,5
145_201,Meninges,5
145_202,Meninges,5
145_203,Meninges,5
145_204,Meninges,5
145_205,Meninges,5
145_206,Meninges,5
145_207,Meninges,5
145_208,Meninges,5
145_209,Meninges,5
145_210,Cavity,5
145_226,Meninges,14
145_227,Meninges,14
145_228,Meninges,14
145_229,Meninges,14
145_230,Meninges,14
145_231,Meninges,14
145_232,Meninges,14
145_233,Meninges,14
145_234,Meninges,14
145_235,Meninges,14
145_236,Surface ectoderm,14
145_237,Surface ectoderm,14
145_238,Surface ectoderm,14
145_239,Surface ectoderm,14
145_240,Surface ectoderm,14
145_241,Surface ectoderm,14
145_242,Surface ectoderm,14
145_243,Surface ectoderm,14
145_244,Surface ectoderm,14
145_245,Cavity,14
145_246,Cavity,14
145_247,Cavity,14
146_148,Cavity,13
146_149,Cavity,13
146_150,Cavity,13
146_151,Meninges,13
146_152,Cavity,13
146_153,Meninges,13
146_154,Meninges,13
146_155,Meninges,13
146_156,Meninges,13
146_157,Meninges,13
146_158,Meninges,13
146_159,Meninges,13
146_160,Meninges,13
146_161,Meninges,13
146_162,Meninges,13
146_163,Meninges,13
146_164,Meninges,13
146_165,Meninges,13
146_166,Meninges,13
146_167,Meninges,13
146_168,Meninges,13
146_169,Meninges,13
146_170,Meninges,13
146_171,Meninges,13
146_172,Meninges,13
146_173,Meninges,13
146_174,Meninges,5
146_175,Meninges,5
146_176,Meninges,5
146_177,Meninges,5
146_178,Meninges,5
146_179,Meninges,5
146_180,Meninges,5
146_181,Blood vessel,5
146_182,Meninges,5
146_183,Meninges,5
146_184,Meninges,5
146_185,Meninges,5
146_186,Meninges,5
146_187,Meninges,5
146_188,Meninges,5
146_189,Meninges,5
146_190,Meninges,5
146_191,Meninges,5
146_192,Meninges,5
146_193,Meninges,5
146_194,Meninges,5
146_195,Meninges,5
146_196,Meninges,5
146_197,Meninges,5
146_198,Meninges,5
146_199,Meninges,5
146_200,Meninges,5
146_201,Meninges,5
146_202,Meninges,5
146_203,Meninges,5
146_204,Meninges,5
146_205,Meninges,5
146_206,Meninges,5
146_207,Meninges,5
146_208,Meninges,5
146_209,Meninges,5
146_210,Meninges,5
146_211,Meninges,5
146_212,Meninges,5
146_213,Meninges,5
146_214,Meninges,5
146_215,Meninges,5
146_216,Meninges,5
146_217,Meninges,5
146_218,Meninges,5
146_219,Meninges,5
146_220,Meninges,5
146_221,Meninges,5
146_222,Meninges,5
146_223,Meninges,5
146_224,Meninges,14
146_225,Meninges,14
146_226,Meninges,14
146_227,Meninges,14
146_228,Meninges,14
146_229,Meninges,14
146_230,Meninges,14
146_231,Meninges,14
146_232,Meninges,14
146_233,Meninges,14
146_234,Meninges,14
146_235,Meninges,14
146_236,Surface ectoderm,14
146_237,Surface ectoderm,14
146_238,Surface ectoderm,14
146_239,Surface ectoderm,14
146_240,Surface ectoderm,14
146_241,Surface ectoderm,14
146_242,Surface ectoderm,14
146_243,Surface ectoderm,14
146_244,Surface ectoderm,14
146_245,Surface ectoderm,14
146_246,Surface ectoderm,14
146_247,Surface ectoderm,14
146_248,Surface ectoderm,14
146_249,Surface ectoderm,14
146_250,Surface ectoderm,14
146_251,Cavity,14
146_252,Cavity,14
146_253,Cavity,14
146_254,Cavity,14
147_144,Cavity,13
147_145,Cavity,13
147_146,Meninges,13
147_147,Cavity,13
147_148,Cavity,13
147_149,Cavity,13
147_150,Cavity,13
147_151,Cavity,13
147_152,Meninges,13
147_153,Meninges,13
147_154,Meninges,13
147_155,Meninges,13
147_156,Meninges,13
147_157,Meninges,13
147_158,Meninges,13
147_159,Meninges,13
147_160,Meninges,13
147_161,Meninges,13
147_162,Meninges,13
147_163,Meninges,13
147_164,Meninges,13
147_165,Meninges,13
147_166,Meninges,13
147_167,Meninges,13
147_168,Meninges,13
147_169,Meninges,13
147_170,Meninges,13
147_171,Meninges,13
147_172,Meninges,13
147_173,Meninges,13
147_174,Meninges,5
147_175,Meninges,5
147_176,Meninges,5
147_177,Meninges,5
147_178,Meninges,5
147_179,Meninges,5
147_180,Blood vessel,5
147_181,Blood vessel,5
147_182,Blood vessel,5
147_183,Blood vessel,5
147_184,Meninges,5
147_185,Meninges,5
147_186,Meninges,5
147_187,Meninges,5
147_188,Meninges,5
147_189,Meninges,5
147_190,Meninges,5
147_191,Meninges,5
147_192,Meninges,5
147_193,Meninges,5
147_194,Meninges,5
147_195,Meninges,5
147_196,Meninges,5
147_197,Meninges,5
147_198,Meninges,5
147_199,Meninges,5
147_200,Meninges,5
147_201,Meninges,5
147_202,Meninges,5
147_203,Meninges,5
147_204,Meninges,5
147_205,Meninges,5
147_206,Meninges,5
147_207,Meninges,5
147_208,Meninges,5
147_209,Meninges,5
147_210,Meninges,5
147_211,Meninges,5
147_212,Meninges,5
147_213,Meninges,5
147_214,Meninges,5
147_215,Meninges,5
147_216,Meninges,5
147_217,Meninges,5
147_218,Meninges,5
147_219,Meninges,5
147_220,Meninges,5
147_221,Meninges,5
147_222,Meninges,5
147_223,Meninges,5
147_224,Meninges,5
147_225,Meninges,14
147_226,Meninges,14
147_227,Meninges,14
147_228,Meninges,14
147_229,Meninges,14
147_230,Surface ectoderm,14
147_231,Meninges,5
147_232,Meninges,5
147_233,Meninges,5
147_234,Meninges,14
147_235,Meninges,14
147_236,Meninges,14
147_237,Meninges,14
147_238,Surface ectoderm,14
147_239,Surface ectoderm,14
147_240,Surface ectoderm,14
147_241,Surface ectoderm,14
147_242,Surface ectoderm,14
147_243,Surface ectoderm,14
147_244,Surface ectoderm,14
147_245,Surface ectoderm,14
147_246,Surface ectoderm,14
147_247,Surface ectoderm,14
147_248,Surface ectoderm,14
147_249,Surface ectoderm,14
147_250,Surface ectoderm,14
147_251,Surface ectoderm,14
147_252,Surface ectoderm,14
147_253,Surface ectoderm,14
147_254,Surface ectoderm,14
147_255,Cavity,14
147_256,Cavity,14
148_138,Cavity,13
148_139,Cavity,13
148_140,Meninges,13
148_141,Meninges,13
148_142,Cavity,13
148_143,Cavity,13
148_144,Cavity,13
148_145,Cavity,13
148_146,Cavity,13
148_147,Cavity,13
148_148,Cavity,13
148_149,Cavity,13
148_150,Cavity,13
148_151,Meninges,13
148_152,Meninges,13
148_153,Meninges,13
148_154,Meninges,13
148_155,Meninges,13
148_156,Meninges,13
148_157,Meninges,13
148_158,Meninges,13
148_159,Meninges,13
148_160,Meninges,13
148_161,Meninges,13
148_162,Meninges,13
148_163,Meninges,13
148_164,Meninges,13
148_165,Meninges,13
148_166,Meninges,13
148_167,Meninges,13
148_168,Meninges,13
148_169,Meninges,13
148_170,Meninges,13
148_171,Meninges,13
148_172,Meninges,13
148_173,Meninges,13
148_174,Meninges,5
148_175,Meninges,5
148_176,Blood vessel,5
148_177,Blood vessel,5
148_178,Blood vessel,5
148_179,Blood vessel,5
148_180,Blood vessel,5
148_181,Blood vessel,5
148_182,Blood vessel,5
148_183,Connective tissue,5
148_184,Connective tissue,5
148_185,Connective tissue,5
148_186,Connective tissue,5
148_187,Connective tissue,5
148_188,Connective tissue,5
148_189,Connective tissue,5
148_190,Connective tissue,5
148_191,Connective tissue,5
148_192,Connective tissue,5
148_193,Connective tissue,5
148_194,Connective tissue,5
148_195,Meninges,5
148_196,Meninges,5
148_197,Meninges,5
148_198,Meninges,5
148_199,Meninges,5
148_200,Meninges,5
148_201,Meninges,5
148_202,Meninges,5
148_203,Meninges,5
148_204,Meninges,5
148_205,Meninges,5
148_206,Meninges,5
148_207,Meninges,5
148_208,Meninges,5
148_209,Meninges,5
148_210,Meninges,5
148_211,Meninges,5
148_212,Meninges,5
148_213,Meninges,5
148_214,Meninges,5
148_215,Meninges,5
148_216,Meninges,5
148_217,Meninges,5
148_218,Meninges,5
148_219,Meninges,5
148_220,Meninges,5
148_221,Meninges,5
148_222,Meninges,5
148_223,Meninges,5
148_224,Meninges,5
148_225,Meninges,5
148_226,Meninges,5
148_227,Meninges,14
148_228,Connective tissue,14
148_229,Connective tissue,5
148_230,Connective tissue,5
148_231,Connective tissue,5
148_232,Connective tissue,5
148_233,Connective tissue,5
148_234,Connective tissue,14
148_235,Connective tissue,14
148_236,Connective tissue,14
148_237,Connective tissue,14
148_238,Connective tissue,14
148_239,Connective tissue,14
148_240,Connective tissue,14
148_241,Connective tissue,4
148_242,Connective tissue,4
148_243,Surface ectoderm,14
148_244,Surface ectoderm,14
148_245,Surface ectoderm,14
148_246,Surface ectoderm,14
148_247,Surface ectoderm,14
148_248,Surface ectoderm,14
148_249,Surface ectoderm,14
148_250,Surface ectoderm,14
148_251,Surface ectoderm,14
148_252,Surface ectoderm,14
148_253,Surface ectoderm,14
148_254,Surface ectoderm,14
148_255,Surface ectoderm,14
148_256,Surface ectoderm,14
148_257,Surface ectoderm,14
148_258,Cavity,14
148_259,Cavity,14
149_137,Cavity,13
149_138,Cavity,13
149_139,Cavity,13
149_140,Cavity,13
149_141,Cavity,13
149_142,Cavity,13
149_143,Cavity,13
149_144,Cavity,13
149_145,Cavity,13
149_146,Cavity,13
149_147,Cavity,13
149_148,Cavity,13
149_149,Cavity,13
149_150,Cavity,13
149_151,Meninges,13
149_152,Meninges,13
149_153,Meninges,13
149_154,Meninges,13
149_155,Meninges,13
149_156,Cavity,13
149_157,Cavity,13
149_158,Cavity,13
149_159,Cavity,13
149_160,Cavity,13
149_161,Cavity,13
149_162,Cavity,13
149_163,Meninges,13
149_164,Meninges,13
149_165,Meninges,13
149_166,Meninges,13
149_167,Meninges,13
149_168,Meninges,13
149_169,Meninges,13
149_170,Meninges,13
149_171,Meninges,13
149_172,Cavity,13
149_173,Blood vessel,13
149_174,Blood vessel,13
149_175,Blood vessel,5
149_176,Blood vessel,5
149_177,Blood vessel,5
149_178,Blood vessel,5
149_179,Blood vessel,5
149_180,Blood vessel,5
149_181,Cavity,5
149_182,Blood vessel,5
149_183,Connective tissue,5
149_184,Connective tissue,5
149_185,Connective tissue,5
149_186,Connective tissue,5
149_187,Connective tissue,5
149_188,Connective tissue,5
149_189,Connective tissue,5
149_190,Connective tissue,5
149_191,Connective tissue,5
149_192,Connective tissue,5
149_193,Connective tissue,5
149_194,Connective tissue,5
149_195,Blood vessel,5
149_196,Connective tissue,5
149_197,Connective tissue,5
149_198,Connective tissue,5
149_199,Connective tissue,5
149_200,Connective tissue,5
149_201,Connective tissue,5
149_202,Connective tissue,5
149_203,Connective tissue,5
149_204,Connective tissue,5
149_205,Connective tissue,5
149_206,Connective tissue,5
149_207,Connective tissue,5
149_208,Meninges,5
149_209,Meninges,5
149_210,Meninges,5
149_211,Meninges,5
149_212,Meninges,5
149_213,Meninges,5
149_214,Meninges,5
149_215,Meninges,5
149_216,Meninges,5
149_217,Meninges,5
149_218,Meninges,5
149_219,Meninges,5
149_220,Meninges,5
149_221,Meninges,5
149_222,Connective tissue,5
149_223,Connective tissue,5
149_224,Connective tissue,5
149_225,Connective tissue,5
149_226,Connective tissue,5
149_227,Connective tissue,5
149_228,Connective tissue,5
149_229,Connective tissue,5
149_230,Connective tissue,5
149_231,Connective tissue,5
149_232,Connective tissue,5
149_233,Connective tissue,5
149_234,Connective tissue,5
149_235,Connective tissue,4
149_236,Connective tissue,14
149_237,Connective tissue,4
149_238,Connective tissue,4
149_239,Connective tissue,4
149_240,Connective tissue,4
149_241,Dermomyotome,4
149_242,Dermomyotome,4
149_243,Dermomyotome,4
149_244,Dermomyotome,4
149_245,Connective tissue,14
149_246,Connective tissue,14
149_247,Meninges,14
149_248,Meninges,14
149_249,Surface ectoderm,14
149_250,Surface ectoderm,14
149_251,Surface ectoderm,14
149_252,Surface ectoderm,14
149_253,Surface ectoderm,14
149_254,Surface ectoderm,14
149_255,Surface ectoderm,14
149_256,Surface ectoderm,14
149_257,Surface ectoderm,14
149_258,Surface ectoderm,14
149_259,Surface ectoderm,14
149_260,Cavity,14
149_261,Cavity,14
150_136,Cavity,13
150_137,Cavity,13
150_138,Cavity,13
150_139,Cavity,13
150_140,Cavity,13
150_141,Cavity,13
150_142,Cavity,13
150_143,Cavity,13
150_144,Meninges,13
150_145,Cavity,13
150_146,Cavity,13
150_147,Cavity,13
150_148,Cavity,13
150_149,Meninges,13
150_150,Meninges,13
150_151,Meninges,13
150_152,Cavity,13
150_153,Cavity,13
150_154,Cavity,13
150_155,Cavity,13
150_156,Cavity,13
150_157,Cavity,13
150_158,Cavity,13
150_159,Cavity,13
150_160,Cavity,13
150_161,Cavity,13
150_162,Cavity,13
150_163,Cavity,13
150_164,Cavity,13
150_165,Cavity,13
150_166,Cavity,13
150_167,Cavity,13
150_168,Cavity,13
150_169,Cavity,13
150_170,Cavity,13
150_171,Meninges,13
150_172,Meninges,13
150_173,Meninges,13
150_174,Blood vessel,13
150_175,Blood vessel,13
150_176,Blood vessel,13
150_177,Blood vessel,5
150_178,Blood vessel,5
150_179,Blood vessel,5
150_180,Blood vessel,5
150_181,Blood vessel,5
150_182,Blood vessel,5
150_183,Connective tissue,5
150_184,Connective tissue,5
150_185,Connective tissue,5
150_186,Connective tissue,5
150_187,Connective tissue,5
150_188,Connective tissue,5
150_189,Connective tissue,5
150_190,Connective tissue,5
150_191,Connective tissue,5
150_192,Connective tissue,5
150_193,Connective tissue,5
150_194,Connective tissue,5
150_195,Connective tissue,5
150_196,Connective tissue,5
150_197,Connective tissue,5
150_198,Connective tissue,5
150_199,Connective tissue,5
150_200,Connective tissue,5
150_201,Connective tissue,5
150_202,Connective tissue,5
150_203,Connective tissue,5
150_204,Connective tissue,5
150_205,Connective tissue,5
150_206,Connective tissue,5
150_207,Connective tissue,5
150_208,Connective tissue,5
150_209,Connective tissue,5
150_210,Connective tissue,5
150_211,Connective tissue,5
150_212,Connective tissue,5
150_213,Meninges,5
150_214,Meninges,5
150_215,Meninges,5
150_216,Meninges,5
150_217,Meninges,5
150_218,Connective tissue,5
150_219,Connective tissue,5
150_220,Connective tissue,5
150_221,Connective tissue,5
150_222,Connective tissue,5
150_223,Connective tissue,5
150_224,Connective tissue,5
150_225,Connective tissue,5
150_226,Connective tissue,5
150_227,Connective tissue,5
150_228,Connective tissue,5
150_229,Connective tissue,5
150_230,Connective tissue,5
150_231,Connective tissue,5
150_232,Connective tissue,5
150_233,Connective tissue,5
150_234,Connective tissue,4
150_235,Connective tissue,4
150_236,Connective tissue,4
150_237,Connective tissue,4
150_238,Connective tissue,4
150_239,Connective tissue,4
150_240,Connective tissue,4
150_241,Connective tissue,4
150_242,Dermomyotome,4
150_243,Dermomyotome,4
150_244,Dermomyotome,4
150_245,Dermomyotome,4
150_246,Dermomyotome,4
150_247,Dermomyotome,4
150_248,Connective tissue,4
150_249,Connective tissue,14
150_250,Surface ectoderm,14
150_251,Surface ectoderm,14
150_252,Surface ectoderm,14
150_253,Surface ectoderm,14
150_254,Surface ectoderm,14
150_255,Surface ectoderm,14
150_256,Surface ectoderm,14
150_257,Surface ectoderm,14
150_258,Surface ectoderm,14
150_259,Surface ectoderm,14
150_260,Surface ectoderm,14
150_261,Surface ectoderm,14
150_262,Surface ectoderm,14
150_263,Cavity,14
150_264,Cavity,14
151_135,Cavity,13
151_136,Cavity,13
151_137,Cavity,13
151_138,Cavity,13
151_139,Cavity,13
151_140,Meninges,13
151_141,Meninges,13
151_142,Meninges,13
151_143,Meninges,13
151_144,Meninges,13
151_145,Surface ectoderm,13
151_146,Meninges,13
151_147,Surface ectoderm,13
151_148,Meninges,13
151_149,Meninges,13
151_150,Cavity,13
151_151,Cavity,13
151_152,Cavity,13
151_153,Cavity,13
151_154,Cavity,13
151_155,Cavity,13
151_156,Cavity,13
151_157,Cavity,13
151_158,Cavity,13
151_159,Cavity,13
151_160,Cavity,13
151_161,Cavity,13
151_162,Cavity,13
151_163,Cavity,13
151_164,Cavity,13
151_165,Cavity,13
151_166,Cavity,13
151_167,Cavity,13
151_168,Cavity,13
151_169,Cavity,13
151_170,Cavity,13
151_171,Brain,13
151_172,Meninges,13
151_173,Meninges,13
151_174,Meninges,13
151_175,Jaw and tooth,13
151_176,GI tract,13
151_177,Jaw and tooth,5
151_178,Dorsal root ganglion,5
151_179,Blood vessel,5
151_180,Blood vessel,5
151_181,Blood vessel,5
151_182,Blood vessel,5
151_183,Blood vessel,5
151_184,Blood vessel,5
151_185,Connective tissue,5
151_186,Connective tissue,5
151_187,Connective tissue,5
151_188,Connective tissue,5
151_189,Connective tissue,5
151_190,Connective tissue,5
151_191,Connective tissue,5
151_192,Connective tissue,5
151_193,Connective tissue,5
151_194,Connective tissue,5
151_195,Connective tissue,5
151_196,Connective tissue,5
151_197,Connective tissue,5
151_198,Connective tissue,5
151_199,Connective tissue,5
151_200,Connective tissue,5
151_201,Connective tissue,5
151_202,Connective tissue,5
151_203,Connective tissue,5
151_204,Connective tissue,5
151_205,Connective tissue,5
151_206,Connective tissue,5
151_207,Connective tissue,5
151_208,Connective tissue,5
151_209,Connective tissue,5
151_210,Connective tissue,5
151_211,Connective tissue,5
151_212,Connective tissue,5
151_213,Blood vessel,5
151_214,Blood vessel,5
151_215,Blood vessel,5
151_216,Meninges,5
151_217,Connective tissue,5
151_218,Connective tissue,5
151_219,Connective tissue,5
151_220,Connective tissue,5
151_221,Connective tissue,5
151_222,Connective tissue,5
151_223,Connective tissue,5
151_224,Connective tissue,5
151_225,Connective tissue,5
151_226,Connective tissue,5
151_227,Connective tissue,5
151_228,Connective tissue,5
151_229,Connective tissue,5
151_230,Connective tissue,5
151_231,Connective tissue,5
151_232,Connective tissue,5
151_233,Connective tissue,4
151_234,Connective tissue,4
151_235,Connective tissue,4
151_236,Connective tissue,4
151_237,Connective tissue,4
151_238,Connective tissue,4
151_239,Connective tissue,4
151_240,Connective tissue,4
151_241,Dermomyotome,4
151_242,Dermomyotome,4
151_243,Dermomyotome,4
151_244,Dermomyotome,4
151_245,Dermomyotome,4
151_246,Dermomyotome,4
151_247,Dermomyotome,4
151_248,Dermomyotome,4
151_249,Dermomyotome,4
151_250,Dermomyotome,14
151_251,Dermomyotome,14
151_252,Surface ectoderm,14
151_253,Surface ectoderm,14
151_254,Surface ectoderm,14
151_255,Surface ectoderm,14
151_256,Surface ectoderm,14
151_257,Surface ectoderm,14
151_258,Surface ectoderm,14
151_259,Surface ectoderm,14
151_260,Surface ectoderm,14
151_261,Surface ectoderm,14
151_262,Surface ectoderm,14
151_263,Surface ectoderm,14
151_264,Surface ectoderm,14
151_265,Cavity,14
151_266,Cavity,14
152_134,Cavity,13
152_135,Meninges,13
152_136,Cavity,13
152_137,Cavity,13
152_138,Cavity,13
152_139,Meninges,13
152_140,Meninges,13
152_141,Meninges,13
152_142,Meninges,13
152_143,Meninges,13
152_144,Brain,13
152_145,Brain,13
152_146,Meninges,13
152_147,Cavity,13
152_148,Cavity,13
152_149,Cavity,13
152_150,Cavity,13
152_151,Cavity,13
152_152,Cavity,13
152_153,Cavity,13
152_154,Cavity,13
152_155,Cavity,13
152_156,Cavity,13
152_157,Cavity,13
152_158,Cavity,13
152_159,Cavity,13
152_160,Cavity,13
152_161,Cavity,13
152_162,Cavity,13
152_163,Cavity,13
152_164,Cavity,13
152_165,Cavity,13
152_166,Cavity,13
152_167,Cavity,13
152_168,Cavity,13
152_169,Cavity,13
152_170,Brain,13
152_171,Brain,13
152_172,Cavity,13
152_173,Meninges,13
152_174,Brain,13
152_175,Inner ear,13
152_176,Brain,13
152_177,Brain,13
152_178,Brain,13
152_179,Brain,5
152_180,Blood vessel,5
152_181,Blood vessel,5
152_182,Blood vessel,5
152_183,Connective tissue,5
152_184,Connective tissue,5
152_185,Connective tissue,5
152_186,Connective tissue,5
152_187,Connective tissue,5
152_188,Connective tissue,5
152_189,Connective tissue,5
152_190,Connective tissue,5
152_191,Connective tissue,5
152_192,Connective tissue,5
152_193,Connective tissue,5
152_194,Connective tissue,5
152_195,Connective tissue,5
152_196,Connective tissue,5
152_197,Connective tissue,5
152_198,Connective tissue,5
152_199,Connective tissue,5
152_200,Connective tissue,5
152_201,Connective tissue,5
152_202,Connective tissue,5
152_203,Connective tissue,5
152_204,Blood vessel,5
152_205,Connective tissue,5
152_206,Connective tissue,5
152_207,Connective tissue,5
152_208,Connective tissue,5
152_209,Connective tissue,5
152_210,Blood vessel,5
152_211,Blood vessel,5
152_212,Meninges,5
152_213,Blood vessel,5
152_214,Blood vessel,5
152_215,Blood vessel,5
152_216,Connective tissue,5
152_217,Connective tissue,5
152_218,Connective tissue,5
152_219,Connective tissue,5
152_220,Connective tissue,5
152_221,Connective tissue,5
152_222,Connective tissue,5
152_223,Connective tissue,5
152_224,Connective tissue,5
152_225,Connective tissue,5
152_226,Connective tissue,5
152_227,Connective tissue,5
152_228,Connective tissue,5
152_229,Connective tissue,5
152_230,Connective tissue,5
152_231,Connective tissue,5
152_232,Connective tissue,5
152_233,Connective tissue,4
152_234,Connective tissue,4
152_235,Connective tissue,4
152_236,Connective tissue,4
152_237,Dermomyotome,4
152_238,Connective tissue,4
152_239,Dermomyotome,4
152_240,Connective tissue,4
152_241,Dermomyotome,4
152_242,Dermomyotome,4
152_243,Dermomyotome,4
152_244,Dermomyotome,4
152_245,Dermomyotome,4
152_246,Dermomyotome,4
152_247,Dermomyotome,4
152_248,Dermomyotome,4
152_249,Dermomyotome,4
152_250,Dermomyotome,4
152_251,Dermomyotome,4
152_252,Dermomyotome,4
152_253,Dermomyotome,14
152_254,Dermomyotome,14
152_255,Dermomyotome,14
152_256,Surface ectoderm,14
152_257,Meninges,14
152_258,Surface ectoderm,14
152_259,Surface ectoderm,14
152_260,Surface ectoderm,14
152_261,Surface ectoderm,14
152_262,Surface ectoderm,14
152_263,Surface ectoderm,14
152_264,Surface ectoderm,14
152_265,Surface ectoderm,14
152_266,Surface ectoderm,14
152_267,Surface ectoderm,14
152_268,Cavity,14
152_269,Cavity,14
153_134,Meninges,13
153_135,Cavity,13
153_136,Cavity,13
153_137,Cavity,13
153_138,Meninges,13
153_139,Meninges,13
153_140,Meninges,13
153_141,Brain,13
153_142,Brain,13
153_143,Brain,13
153_144,Brain,13
153_145,Brain,13
153_146,Brain,13
153_147,Cavity,13
153_148,Cavity,13
153_149,Cavity,13
153_150,Cavity,13
153_151,Cavity,13
153_152,Cavity,13
153_153,Cavity,13
153_154,Cavity,13
153_155,Cavity,13
153_156,Cavity,13
153_157,Cavity,13
153_158,Cavity,13
153_159,Cavity,13
153_160,Cavity,13
153_161,Cavity,13
153_162,Cavity,13
153_163,Cavity,13
153_164,Cavity,13
153_165,Cavity,13
153_166,Cavity,13
153_167,Cavity,13
153_168,Cavity,13
153_169,Cavity,13
153_170,Brain,13
153_171,Brain,13
153_172,Brain,13
153_173,Brain,13
153_174,Brain,13
153_175,Brain,13
153_176,Brain,13
153_177,Brain,7
153_178,Brain,7
153_179,Brain,5
153_180,Blood vessel,5
153_181,Blood vessel,5
153_182,Blood vessel,5
153_183,Blood vessel,5
153_184,Connective tissue,5
153_185,Connective tissue,5
153_186,Connective tissue,5
153_187,Blood vessel,5
153_188,Connective tissue,5
153_189,Connective tissue,5
153_190,Connective tissue,5
153_191,Connective tissue,5
153_192,Connective tissue,5
153_193,Connective tissue,5
153_194,Connective tissue,5
153_195,Connective tissue,5
153_196,Connective tissue,5
153_197,Connective tissue,5
153_198,Connective tissue,5
153_199,Connective tissue,5
153_200,Connective tissue,5
153_201,Connective tissue,5
153_202,Connective tissue,5
153_203,Connective tissue,5
153_204,Connective tissue,5
153_205,Connective tissue,5
153_206,Connective tissue,5
153_207,Connective tissue,5
153_208,Connective tissue,5
153_209,Connective tissue,5
153_210,Blood vessel,5
153_211,Blood vessel,5
153_212,Blood vessel,5
153_213,Blood vessel,8
153_214,Blood vessel,8
153_215,Blood vessel,8
153_216,Connective tissue,5
153_217,Connective tissue,5
153_218,Connective tissue,5
153_219,Connective tissue,5
153_220,Connective tissue,5
153_221,Connective tissue,5
153_222,Connective tissue,5
153_223,Connective tissue,5
153_224,Connective tissue,5
153_225,Connective tissue,5
153_226,Connective tissue,5
153_227,Connective tissue,5
153_228,Connective tissue,5
153_229,Connective tissue,5
153_230,Connective tissue,5
153_231,Connective tissue,5
153_232,Connective tissue,4
153_233,Connective tissue,4
153_234,Connective tissue,4
153_235,Connective tissue,4
153_236,Dermomyotome,4
153_237,Dermomyotome,4
153_238,Dermomyotome,4
153_239,Dermomyotome,4
153_240,Dermomyotome,4
153_241,Dermomyotome,4
153_242,Dermomyotome,4
153_243,Dermomyotome,4
153_244,Dermomyotome,4
153_245,Dermomyotome,4
153_246,Dermomyotome,4
153_247,Dermomyotome,4
153_248,Dermomyotome,4
153_249,Dermomyotome,4
153_250,Dermomyotome,4
153_251,Dermomyotome,4
153_252,Dermomyotome,4
153_253,Dermomyotome,4
153_254,Dermomyotome,4
153_255,Dermomyotome,4
153_256,Dermomyotome,14
153_257,Dermomyotome,14
153_258,Dermomyotome,14
153_259,Meninges,14
153_260,Surface ectoderm,14
153_261,Surface ectoderm,14
153_262,Surface ectoderm,14
153_263,Surface ectoderm,14
153_264,Surface ectoderm,14
153_265,Surface ectoderm,14
153_266,Surface ectoderm,14
153_267,Surface ectoderm,14
153_268,Surface ectoderm,14
153_269,Surface ectoderm,14
153_270,Cavity,14
153_271,Cavity,14
154_133,Cavity,13
154_134,Meninges,13
154_135,Meninges,13
154_136,Cavity,13
154_137,Cavity,13
154_138,Meninges,13
154_139,Meninges,13
154_140,Brain,13
154_141,Brain,13
154_142,Brain,13
154_143,Brain,13
154_144,Brain,13
154_145,Brain,13
154_146,Brain,13
154_147,Brain,13
154_148,Cavity,13
154_149,Cavity,13
154_150,Cavity,13
154_151,Cavity,13
154_152,Cavity,13
154_153,Cavity,13
154_154,Cavity,13
154_155,Cavity,13
154_156,Cavity,13
154_157,Cavity,13
154_158,Cavity,13
154_159,Cavity,13
154_160,Cavity,13
154_161,Cavity,13
154_162,Cavity,13
154_163,Cavity,13
154_164,Cavity,13
154_165,Cavity,13
154_166,Cavity,13
154_167,Cavity,13
154_168,Cavity,13
154_169,Cavity,13
154_170,Cavity,13
154_171,Brain,13
154_172,Brain,13
154_173,Brain,13
154_174,Brain,13
154_175,Brain,13
154_176,Brain,13
154_177,Brain,7
154_178,Brain,7
154_179,Brain,7
154_180,Connective tissue,5
154_181,Blood vessel,5
154_182,Blood vessel,5
154_183,Blood vessel,5
154_184,Connective tissue,5
154_185,Connective tissue,5
154_186,Connective tissue,5
154_187,Connective tissue,5
154_188,Connective tissue,5
154_189,Connective tissue,5
154_190,Connective tissue,5
154_191,Connective tissue,5
154_192,Connective tissue,5
154_193,Connective tissue,5
154_194,Connective tissue,5
154_195,Connective tissue,5
154_196,Connective tissue,5
154_197,Connective tissue,5
154_198,Connective tissue,5
154_199,Connective tissue,5
154_200,Connective tissue,5
154_201,Connective tissue,5
154_202,Connective tissue,5
154_203,Connective tissue,5
154_204,Connective tissue,5
154_205,Connective tissue,5
154_206,Connective tissue,5
154_207,Connective tissue,5
154_208,Connective tissue,5
154_209,Connective tissue,5
154_210,Blood vessel,5
154_211,Blood vessel,5
154_212,Blood vessel,5
154_213,Blood vessel,8
154_214,Blood vessel,8
154_215,Blood vessel,8
154_216,Blood vessel,5
154_217,Connective tissue,5
154_218,Connective tissue,5
154_219,Connective tissue,5
154_220,Connective tissue,5
154_221,Connective tissue,5
154_222,Connective tissue,5
154_223,Connective tissue,5
154_224,Connective tissue,5
154_225,Dermomyotome,5
154_226,Dermomyotome,5
154_227,Connective tissue,5
154_228,Connective tissue,5
154_229,Connective tissue,5
154_230,Connective tissue,5
154_231,Connective tissue,5
154_232,Connective tissue,15
154_233,Connective tissue,15
154_234,Dermomyotome,15
154_235,Dermomyotome,15
154_236,Dermomyotome,15
154_237,Dermomyotome,15
154_238,Dermomyotome,15
154_239,Dermomyotome,15
154_240,Dermomyotome,4
154_241,Dermomyotome,4
154_242,Dermomyotome,4
154_243,Dermomyotome,4
154_244,Dermomyotome,4
154_245,Dermomyotome,4
154_246,Dermomyotome,4
154_247,Dermomyotome,4
154_248,Dermomyotome,4
154_249,Dermomyotome,4
154_250,Dermomyotome,4
154_251,Dermomyotome,4
154_252,Dermomyotome,4
154_253,Dermomyotome,4
154_254,Dermomyotome,4
154_255,Dermomyotome,4
154_256,Dermomyotome,4
154_257,Dermomyotome,4
154_258,Dermomyotome,4
154_259,Dermomyotome,4
154_260,Dermomyotome,14
154_261,Surface ectoderm,14
154_262,Surface ectoderm,14
154_263,Surface ectoderm,14
154_264,Surface ectoderm,14
154_265,Surface ectoderm,14
154_266,Surface ectoderm,14
154_267,Surface ectoderm,14
154_268,Surface ectoderm,14
154_269,Surface ectoderm,14
154_270,Surface ectoderm,14
154_271,Surface ectoderm,14
154_272,Surface ectoderm,14
154_273,Cavity,14
154_274,Cavity,14
155_133,Meninges,13
155_134,Meninges,13
155_135,Meninges,13
155_136,Cavity,13
155_137,Cavity,13
155_138,Meninges,13
155_139,Meninges,13
155_140,Brain,13
155_141,Brain,13
155_142,Brain,13
155_143,Brain,13
155_144,Brain,13
155_145,Brain,13
155_146,Brain,13
155_147,Brain,13
155_148,Cavity,13
155_149,Cavity,13
155_150,Cavity,13
155_151,Cavity,13
155_152,Cavity,13
155_153,Cavity,13
155_154,Cavity,13
155_155,Cavity,13
155_156,Cavity,13
155_157,Cavity,13
155_158,Cavity,13
155_159,Cavity,13
155_160,Cavity,13
155_161,Cavity,13
155_162,Cavity,13
155_163,Cavity,13
155_164,Cavity,13
155_165,Cavity,13
155_166,Cavity,13
155_167,Cavity,13
155_168,Cavity,13
155_169,Cavity,13
155_170,Cavity,13
155_171,Brain,13
155_172,Brain,13
155_173,Brain,13
155_174,Brain,13
155_175,Brain,13
155_176,Brain,13
155_177,Brain,7
155_178,Brain,7
155_179,Brain,7
155_180,Connective tissue,5
155_181,Blood vessel,5
155_182,Blood vessel,5
155_183,Blood vessel,5
155_184,Blood vessel,5
155_185,Blood vessel,5
155_186,Blood vessel,5
155_187,Connective tissue,5
155_188,Connective tissue,5
155_189,Connective tissue,5
155_190,Connective tissue,5
155_191,Connective tissue,5
155_192,Connective tissue,5
155_193,Connective tissue,5
155_194,Connective tissue,5
155_195,Connective tissue,5
155_196,Connective tissue,5
155_197,Connective tissue,5
155_198,Connective tissue,5
155_199,Connective tissue,5
155_200,Connective tissue,5
155_201,Connective tissue,5
155_202,Connective tissue,5
155_203,Connective tissue,5
155_204,Connective tissue,5
155_205,Connective tissue,5
155_206,Connective tissue,5
155_207,Connective tissue,5
155_208,Connective tissue,5
155_209,Connective tissue,5
155_210,Blood vessel,5
155_211,Blood vessel,5
155_212,Blood vessel,8
155_213,Blood vessel,8
155_214,Blood vessel,8
155_215,Blood vessel,8
155_216,Blood vessel,8
155_217,Blood vessel,5
155_218,Connective tissue,5
155_219,Connective tissue,5
155_220,Connective tissue,5
155_221,Connective tissue,5
155_222,Connective tissue,5
155_223,Connective tissue,5
155_224,Connective tissue,5
155_225,Connective tissue,5
155_226,Connective tissue,5
155_227,Connective tissue,5
155_228,Connective tissue,5
155_229,Connective tissue,5
155_230,Dermomyotome,5
155_231,Dermomyotome,15
155_232,Dermomyotome,15
155_233,Dermomyotome,15
155_234,Dermomyotome,15
155_235,Dermomyotome,15
155_236,Dermomyotome,15
155_237,Dermomyotome,15
155_238,Dermomyotome,15
155_239,Dermomyotome,15
155_240,Dermomyotome,15
155_241,Dermomyotome,15
155_242,Dermomyotome,4
155_243,Dermomyotome,4
155_244,Dermomyotome,15
155_245,Dermomyotome,15
155_246,Dermomyotome,4
155_247,Dermomyotome,4
155_248,Dermomyotome,4
155_249,Dermomyotome,4
155_250,Dermomyotome,4
155_251,Dermomyotome,4
155_252,Dermomyotome,4
155_253,Dermomyotome,4
155_254,Dermomyotome,4
155_255,Dermomyotome,4
155_256,Dermomyotome,4
155_257,Dermomyotome,4
155_258,Dermomyotome,4
155_259,Dermomyotome,4
155_260,Dermomyotome,4
155_261,Dermomyotome,14
155_262,Surface ectoderm,14
155_263,Surface ectoderm,14
155_264,Surface ectoderm,14
155_265,Surface ectoderm,14
155_266,Surface ectoderm,14
155_267,Surface ectoderm,14
155_268,Surface ectoderm,14
155_269,Surface ectoderm,14
155_270,Surface ectoderm,14
155_271,Surface ectoderm,14
155_272,Surface ectoderm,14
155_273,Surface ectoderm,14
155_274,Surface ectoderm,14
155_275,Cavity,14
155_276,Cavity,14
156_132,Cavity,13
156_133,Meninges,13
156_134,Meninges,13
156_135,Meninges,13
156_136,Cavity,13
156_137,Meninges,13
156_138,Meninges,13
156_139,Meninges,13
156_140,Brain,13
156_141,Brain,13
156_142,Brain,13
156_143,Brain,13
156_144,Brain,13
156_145,Brain,13
156_146,Brain,13
156_147,Cavity,13
156_148,Cavity,13
156_149,Cavity,13
156_150,Cavity,13
156_151,Cavity,13
156_152,Cavity,13
156_153,Cavity,13
156_154,Cavity,13
156_155,Cavity,13
156_156,Cavity,13
156_157,Cavity,13
156_158,Cavity,13
156_159,Cavity,13
156_160,Cavity,13
156_161,Cavity,13
156_162,Cavity,13
156_163,Cavity,13
156_164,Cavity,13
156_165,Cavity,13
156_166,Cavity,13
156_167,Cavity,13
156_168,Cavity,13
156_169,Cavity,13
156_170,Cavity,13
156_171,Brain,13
156_172,Brain,13
156_173,Brain,13
156_174,Brain,13
156_175,Brain,13
156_176,Brain,7
156_177,Brain,7
156_178,Brain,7
156_179,Brain,7
156_180,Connective tissue,5
156_181,Blood vessel,5
156_182,Blood vessel,8
156_183,Cavity,8
156_184,Cavity,8
156_185,Blood vessel,5
156_186,Blood vessel,5
156_187,Connective tissue,5
156_188,Connective tissue,5
156_189,Connective tissue,5
156_190,Connective tissue,5
156_191,Connective tissue,5
156_192,Connective tissue,5
156_193,Connective tissue,5
156_194,Connective tissue,5
156_195,Connective tissue,5
156_196,Connective tissue,5
156_197,Connective tissue,5
156_198,Connective tissue,5
156_199,Inner ear,5
156_200,Connective tissue,5
156_201,Connective tissue,5
156_202,Connective tissue,5
156_203,Connective tissue,5
156_204,Connective tissue,5
156_205,Connective tissue,5
156_206,Connective tissue,5
156_207,Connective tissue,5
156_208,Connective tissue,5
156_209,Connective tissue,5
156_210,Connective tissue,5
156_211,Blood vessel,5
156_212,Blood vessel,5
156_213,Blood vessel,8
156_214,Blood vessel,8
156_215,Blood vessel,8
156_216,Blood vessel,8
156_217,Blood vessel,8
156_218,Connective tissue,5
156_219,Connective tissue,5
156_220,Connective tissue,5
156_221,Connective tissue,5
156_222,Connective tissue,5
156_223,Connective tissue,5
156_224,Connective tissue,5
156_225,Connective tissue,5
156_226,Connective tissue,5
156_227,Connective tissue,5
156_228,Connective tissue,5
156_229,Connective tissue,5
156_230,Dermomyotome,15
156_231,Dermomyotome,15
156_232,Dermomyotome,15
156_233,Dermomyotome,15
156_234,Dermomyotome,15
156_235,Dermomyotome,15
156_236,Dermomyotome,15
156_237,Dermomyotome,15
156_238,Dermomyotome,15
156_239,Dermomyotome,15
156_240,Dermomyotome,15
156_241,Dermomyotome,15
156_242,Dermomyotome,4
156_243,Dermomyotome,4
156_244,Dermomyotome,4
156_245,Dermomyotome,15
156_246,Dermomyotome,15
156_247,Dermomyotome,15
156_248,Dermomyotome,4
156_249,Dermomyotome,4
156_250,Dermomyotome,4
156_251,Dermomyotome,4
156_252,Dermomyotome,4
156_253,Dermomyotome,4
156_254,Dermomyotome,4
156_255,Dermomyotome,4
156_256,Dermomyotome,4
156_257,Dermomyotome,4
156_258,Dermomyotome,4
156_259,Dermomyotome,4
156_260,Dermomyotome,4
156_261,Dermomyotome,4
156_262,Dermomyotome,4
156_263,Dermomyotome,14
156_264,Dermomyotome,14
156_265,Dermomyotome,14
156_266,Surface ectoderm,14
156_267,Surface ectoderm,14
156_268,Surface ectoderm,14
156_269,Surface ectoderm,14
156_270,Surface ectoderm,14
156_271,Surface ectoderm,14
156_272,Surface ectoderm,14
156_273,Surface ectoderm,14
156_274,Surface ectoderm,14
156_275,Surface ectoderm,14
156_276,Surface ectoderm,14
156_277,Cavity,14
156_278,Cavity,14
157_132,Cavity,13
157_133,Meninges,13
157_134,Meninges,13
157_135,Meninges,13
157_136,Cavity,13
157_137,Meninges,13
157_138,Meninges,13
157_139,Meninges,13
157_140,Brain,13
157_141,Brain,13
157_142,Brain,18
157_143,Brain,18
157_144,Brain,13
157_145,Brain,13
157_146,Brain,13
157_147,Cavity,13
157_148,Cavity,13
157_149,Cavity,13
157_150,Cavity,13
157_151,Cavity,13
157_152,Cavity,13
157_153,Cavity,13
157_154,Cavity,13
157_155,Cavity,13
157_156,Cavity,13
157_157,Cavity,13
157_158,Cavity,13
157_159,Cavity,13
157_160,Cavity,13
157_161,Cavity,13
157_162,Cavity,13
157_163,Cavity,13
157_164,Cavity,13
157_165,Cavity,13
157_166,Cavity,13
157_167,Cavity,13
157_168,Cavity,13
157_169,Cavity,13
157_170,Cavity,13
157_171,Brain,13
157_172,Brain,13
157_173,Brain,13
157_174,Brain,13
157_175,Brain,13
157_176,Brain,7
157_177,Brain,7
157_178,Brain,7
157_179,Brain,7
157_180,Connective tissue,5
157_181,Blood vessel,5
157_182,Blood vessel,8
157_183,Blood vessel,8
157_184,Cavity,8
157_185,Blood vessel,5
157_186,Blood vessel,5
157_187,Connective tissue,5
157_188,Connective tissue,5
157_189,Connective tissue,5
157_190,Connective tissue,5
157_191,Connective tissue,5
157_192,Connective tissue,5
157_193,Connective tissue,5
157_194,Connective tissue,5
157_195,Connective tissue,5
157_196,Connective tissue,5
157_197,Connective tissue,5
157_198,Inner ear,5
157_199,Inner ear,5
157_200,Inner ear,5
157_201,Connective tissue,5
157_202,Connective tissue,5
157_203,Connective tissue,5
157_204,Connective tissue,5
157_205,Connective tissue,5
157_206,Connective tissue,5
157_207,Connective tissue,5
157_208,Connective tissue,5
157_209,Connective tissue,5
157_210,Connective tissue,5
157_211,Connective tissue,5
157_212,Blood vessel,5
157_213,Blood vessel,8
157_214,Blood vessel,8
157_215,Cavity,8
157_216,Cavity,8
157_217,Blood vessel,8
157_218,Blood vessel,5
157_219,Connective tissue,5
157_220,Connective tissue,5
157_221,Connective tissue,5
157_222,Connective tissue,5
157_223,Connective tissue,5
157_224,Connective tissue,5
157_225,Connective tissue,5
157_226,Connective tissue,5
157_227,Connective tissue,5
157_228,Connective tissue,5
157_229,Connective tissue,5
157_230,Dermomyotome,15
157_231,Dermomyotome,15
157_232,Dermomyotome,15
157_233,Dermomyotome,15
157_234,Dermomyotome,15
157_235,Dermomyotome,15
157_236,Dermomyotome,15
157_237,Dermomyotome,15
157_238,Dermomyotome,15
157_239,Dermomyotome,15
157_240,Dermomyotome,15
157_241,Dermomyotome,15
157_242,Dermomyotome,15
157_243,Dermomyotome,4
157_244,Dermomyotome,4
157_245,Dermomyotome,15
157_246,Dermomyotome,4
157_247,Dermomyotome,4
157_248,Dermomyotome,4
157_249,Dermomyotome,4
157_250,Dermomyotome,4
157_251,Dermomyotome,4
157_252,Dermomyotome,4
157_253,Dermomyotome,4
157_254,Dermomyotome,4
157_255,Dermomyotome,4
157_256,Dermomyotome,4
157_257,Dermomyotome,4
157_258,Dermomyotome,4
157_259,Dermomyotome,4
157_260,Dermomyotome,4
157_261,Dermomyotome,4
157_262,Dermomyotome,4
157_263,Dermomyotome,4
157_264,Dermomyotome,15
157_265,Dermomyotome,15
157_266,Dermomyotome,15
157_267,Surface ectoderm,14
157_268,Surface ectoderm,14
157_269,Surface ectoderm,14
157_270,Surface ectoderm,14
157_271,Surface ectoderm,14
157_272,Surface ectoderm,14
157_273,Surface ectoderm,14
157_274,Surface ectoderm,14
157_275,Surface ectoderm,14
157_276,Surface ectoderm,14
157_277,Surface ectoderm,14
157_278,Surface ectoderm,14
157_279,Cavity,14
158_131,Cavity,13
158_132,Meninges,13
158_133,Meninges,13
158_134,Meninges,13
158_135,Cavity,13
158_136,Meninges,13
158_137,Meninges,13
158_138,Meninges,13
158_139,Meninges,13
158_140,Brain,13
158_141,Brain,18
158_142,Brain,18
158_143,Brain,18
158_144,Brain,18
158_145,Brain,13
158_146,Cavity,13
158_147,Cavity,13
158_148,Cavity,13
158_149,Cavity,13
158_150,Cavity,13
158_151,Cavity,13
158_152,Cavity,13
158_153,Cavity,13
158_154,Cavity,13
158_155,Cavity,13
158_156,Cavity,13
158_157,Cavity,13
158_158,Cavity,13
158_159,Cavity,13
158_160,Cavity,13
158_161,Cavity,13
158_162,Cavity,13
158_163,Cavity,13
158_164,Cavity,13
158_165,Cavity,13
158_166,Cavity,13
158_167,Cavity,13
158_168,Cavity,13
158_169,Cavity,13
158_170,Cavity,13
158_171,Brain,13
158_172,Brain,13
158_173,Brain,13
158_174,Brain,13
158_175,Brain,13
158_176,Brain,7
158_177,Brain,7
158_178,Brain,7
158_179,Brain,7
158_180,Connective tissue,5
158_181,Blood vessel,5
158_182,Blood vessel,8
158_183,Blood vessel,8
158_184,Cavity,8
158_185,Cavity,8
158_186,Blood vessel,5
158_187,Connective tissue,5
158_188,Connective tissue,5
158_189,Connective tissue,5
158_190,Connective tissue,5
158_191,Connective tissue,5
158_192,Connective tissue,5
158_193,Connective tissue,5
158_194,Connective tissue,5
158_195,Connective tissue,5
158_196,Inner ear,5
158_197,Inner ear,5
158_198,Inner ear,5
158_199,Inner ear,5
158_200,Inner ear,5
158_201,Inner ear,5
158_202,Connective tissue,5
158_203,Connective tissue,5
158_204,Connective tissue,5
158_205,Connective tissue,5
158_206,Connective tissue,5
158_207,Connective tissue,5
158_208,Connective tissue,5
158_209,Connective tissue,5
158_210,Connective tissue,5
158_211,Connective tissue,5
158_212,Blood vessel,5
158_213,Blood vessel,5
158_214,Blood vessel,5
158_215,Cavity,8
158_216,Cavity,8
158_217,Cavity,8
158_218,Blood vessel,8
158_219,Blood vessel,5
158_220,Connective tissue,5
158_221,Connective tissue,5
158_222,Connective tissue,5
158_223,Connective tissue,5
158_224,Connective tissue,5
158_225,Connective tissue,5
158_226,Connective tissue,5
158_227,Connective tissue,5
158_228,Connective tissue,6
158_229,Connective tissue,6
158_230,Connective tissue,4
158_231,Dermomyotome,15
158_232,Dermomyotome,15
158_233,Dermomyotome,15
158_234,Dermomyotome,15
158_235,Dermomyotome,15
158_236,Dermomyotome,15
158_237,Dermomyotome,15
158_238,Dermomyotome,15
158_239,Dermomyotome,15
158_240,Dermomyotome,15
158_241,Dermomyotome,4
158_242,Dermomyotome,4
158_243,Dermomyotome,4
158_244,Dermomyotome,4
158_245,Dermomyotome,4
158_246,Dermomyotome,4
158_247,Dermomyotome,4
158_248,Dermomyotome,4
158_249,Dermomyotome,4
158_250,Dermomyotome,4
158_251,Dermomyotome,4
158_252,Dermomyotome,4
158_253,Dermomyotome,4
158_254,Dermomyotome,4
158_255,Dermomyotome,4
158_256,Dermomyotome,4
158_257,Dermomyotome,4
158_258,Dermomyotome,4
158_259,Dermomyotome,4
158_260,Dermomyotome,4
158_261,Dermomyotome,4
158_262,Dermomyotome,4
158_263,Dermomyotome,15
158_264,Dermomyotome,15
158_265,Dermomyotome,15
158_266,Dermomyotome,15
158_267,Dermomyotome,15
158_268,Dermomyotome,14
158_269,Dermomyotome,14
158_270,Surface ectoderm,4
158_271,Surface ectoderm,14
158_272,Surface ectoderm,14
158_273,Surface ectoderm,14
158_274,Surface ectoderm,14
158_275,Surface ectoderm,14
158_276,Surface ectoderm,14
158_277,Surface ectoderm,14
158_278,Surface ectoderm,14
158_279,Surface ectoderm,14
158_280,Surface ectoderm,14
158_281,Cavity,14
158_282,Cavity,14
159_131,Cavity,13
159_132,Meninges,13
159_133,Meninges,13
159_134,Meninges,13
159_135,Cavity,13
159_136,Meninges,13
159_137,Meninges,13
159_138,Meninges,13
159_139,Brain,13
159_140,Brain,18
159_141,Brain,18
159_142,Brain,18
159_143,Brain,18
159_144,Brain,18
159_145,Brain,13
159_146,Cavity,13
159_147,Cavity,13
159_148,Cavity,13
159_149,Cavity,13
159_150,Cavity,13
159_151,Cavity,13
159_152,Cavity,13
159_153,Cavity,13
159_154,Cavity,13
159_155,Cavity,13
159_156,Cavity,13
159_157,Cavity,13
159_158,Cavity,13
159_159,Cavity,13
159_160,Cavity,13
159_161,Cavity,13
159_162,Cavity,13
159_163,Cavity,13
159_164,Cavity,13
159_165,Cavity,13
159_166,Cavity,13
159_167,Cavity,13
159_168,Cavity,13
159_169,Cavity,13
159_170,Cavity,13
159_171,Brain,13
159_172,Brain,13
159_173,Brain,13
159_174,Brain,13
159_175,Brain,13
159_176,Brain,7
159_177,Brain,7
159_178,Brain,7
159_179,Brain,7
159_180,Blood vessel,5
159_181,Connective tissue,5
159_182,Blood vessel,5
159_183,Blood vessel,5
159_184,Blood vessel,5
159_185,Blood vessel,5
159_186,Blood vessel,5
159_187,Connective tissue,5
159_188,Inner ear,5
159_189,Connective tissue,5
159_190,Connective tissue,5
159_191,Inner ear,5
159_192,Connective tissue,5
159_193,Connective tissue,5
159_194,Connective tissue,5
159_195,Inner ear,5
159_196,Inner ear,5
159_197,Inner ear,5
159_198,Inner ear,5
159_199,Inner ear,5
159_200,Inner ear,5
159_201,Inner ear,5
159_202,Inner ear,5
159_203,Inner ear,5
159_204,Inner ear,5
159_205,Connective tissue,5
159_206,Connective tissue,5
159_207,Connective tissue,5
159_208,Connective tissue,5
159_209,Connective tissue,5
159_210,Connective tissue,5
159_211,Connective tissue,5
159_212,Blood vessel,5
159_213,Blood vessel,5
159_214,Blood vessel,5
159_215,Cavity,8
159_216,Cavity,8
159_217,Cavity,8
159_218,Cavity,8
159_219,Blood vessel,8
159_220,Connective tissue,8
159_221,Blood vessel,5
159_222,Connective tissue,5
159_223,Connective tissue,5
159_224,Connective tissue,5
159_225,Dermomyotome,5
159_226,Dermomyotome,5
159_227,Connective tissue,5
159_228,Connective tissue,6
159_229,Connective tissue,4
159_230,Connective tissue,4
159_231,Dermomyotome,4
159_232,Dermomyotome,15
159_233,Dermomyotome,15
159_234,Dermomyotome,15
159_235,Dermomyotome,15
159_236,Dermomyotome,15
159_237,Dermomyotome,15
159_238,Dermomyotome,15
159_239,Dermomyotome,15
159_240,Dermomyotome,4
159_241,Dermomyotome,4
159_242,Dermomyotome,4
159_243,Dermomyotome,4
159_244,Dermomyotome,4
159_245,Dermomyotome,4
159_246,Dermomyotome,4
159_247,Dermomyotome,4
159_248,Dermomyotome,4
159_249,Dermomyotome,4
159_250,Dermomyotome,4
159_251,Dermomyotome,4
159_252,Dermomyotome,4
159_253,Dermomyotome,4
159_254,Dermomyotome,4
159_255,Dermomyotome,4
159_256,Dermomyotome,4
159_257,Dermomyotome,4
159_258,Dermomyotome,4
159_259,Dermomyotome,4
159_260,Dermomyotome,4
159_261,Dermomyotome,4
159_262,Dermomyotome,15
159_263,Dermomyotome,15
159_264,Dermomyotome,15
159_265,Dermomyotome,15
159_266,Dermomyotome,15
159_267,Dermomyotome,15
159_268,Dermomyotome,4
159_269,Dermomyotome,4
159_270,Dermomyotome,4
159_271,Surface ectoderm,4
159_272,Surface ectoderm,14
159_273,Surface ectoderm,14
159_274,Surface ectoderm,14
159_275,Surface ectoderm,14
159_276,Surface ectoderm,14
159_277,Surface ectoderm,14
159_278,Surface ectoderm,14
159_279,Surface ectoderm,14
159_280,Surface ectoderm,14
159_281,Surface ectoderm,14
159_282,Surface ectoderm,14
159_283,Cavity,14
160_130,Cavity,13
160_131,Meninges,13
160_132,Meninges,13
160_133,Meninges,13
160_134,Cavity,13
160_135,Cavity,13
160_136,Meninges,13
160_137,Meninges,13
160_138,Meninges,13
160_139,Brain,13
160_140,Brain,18
160_141,Brain,18
160_142,Brain,18
160_143,Brain,18
160_144,Brain,18
160_145,Brain,13
160_146,Cavity,13
160_147,Cavity,13
160_148,Cavity,13
160_149,Cavity,13
160_150,Cavity,13
160_151,Cavity,13
160_152,Cavity,13
160_153,Cavity,13
160_154,Cavity,13
160_155,Cavity,13
160_156,Cavity,13
160_157,Cavity,13
160_158,Cavity,13
160_159,Cavity,13
160_160,Cavity,13
160_161,Cavity,13
160_162,Cavity,13
160_163,Cavity,13
160_164,Cavity,13
160_165,Cavity,13
160_166,Cavity,13
160_167,Cavity,13
160_168,Cavity,13
160_169,Cavity,13
160_170,Cavity,13
160_171,Brain,13
160_172,Brain,13
160_173,Brain,13
160_174,Brain,13
160_175,Brain,7
160_176,Brain,7
160_177,Brain,7
160_178,Brain,7
160_179,Brain,7
160_180,Brain,7
160_181,Connective tissue,5
160_182,Connective tissue,5
160_183,Blood vessel,5
160_184,Blood vessel,5
160_185,Blood vessel,5
160_186,Connective tissue,5
160_187,Inner ear,5
160_188,Inner ear,5
160_189,Inner ear,5
160_190,Inner ear,5
160_191,Inner ear,5
160_192,Connective tissue,5
160_193,Connective tissue,5
160_194,Inner ear,5
160_195,Inner ear,5
160_196,Inner ear,5
160_197,Inner ear,5
160_198,Inner ear,5
160_199,Inner ear,5
160_200,Inner ear,5
160_201,Inner ear,5
160_202,Inner ear,5
160_203,Inner ear,5
160_204,Inner ear,5
160_205,Inner ear,5
160_206,Connective tissue,5
160_207,Connective tissue,5
160_208,Connective tissue,5
160_209,Connective tissue,5
160_210,Connective tissue,5
160_211,Connective tissue,5
160_212,Connective tissue,5
160_213,Blood vessel,5
160_214,Blood vessel,5
160_215,Blood vessel,8
160_216,Blood vessel,8
160_217,Cavity,8
160_218,Cavity,8
160_219,Cavity,8
160_220,Blood vessel,8
160_221,Blood vessel,8
160_222,Blood vessel,8
160_223,Connective tissue,5
160_224,Dermomyotome,5
160_225,Dermomyotome,5
160_226,Dermomyotome,5
160_227,Dermomyotome,5
160_228,Connective tissue,6
160_229,Dermomyotome,6
160_230,Dermomyotome,4
160_231,Dermomyotome,4
160_232,Dermomyotome,4
160_233,Dermomyotome,15
160_234,Dermomyotome,15
160_235,Dermomyotome,15
160_236,Dermomyotome,15
160_237,Dermomyotome,15
160_238,Dermomyotome,15
160_239,Dermomyotome,15
160_240,Dermomyotome,4
160_241,Dermomyotome,4
160_242,Dermomyotome,4
160_243,Dermomyotome,4
160_244,Dermomyotome,4
160_245,Dermomyotome,4
160_246,Dermomyotome,4
160_247,Dermomyotome,4
160_248,Dermomyotome,4
160_249,Dermomyotome,4
160_250,Dermomyotome,4
160_251,Dermomyotome,4
160_252,Dermomyotome,4
160_253,Dermomyotome,4
160_254,Dermomyotome,4
160_255,Dermomyotome,4
160_256,Dermomyotome,4
160_257,Dermomyotome,4
160_258,Dermomyotome,4
160_259,Connective tissue,4
160_260,Dermomyotome,4
160_261,Dermomyotome,4
160_262,Dermomyotome,15
160_263,Dermomyotome,15
160_264,Dermomyotome,15
160_265,Dermomyotome,15
160_266,Dermomyotome,15
160_267,Dermomyotome,15
160_268,Dermomyotome,4
160_269,Dermomyotome,4
160_270,Dermomyotome,4
160_271,Dermomyotome,4
160_272,Dermomyotome,4
160_273,Dermomyotome,14
160_274,Surface ectoderm,14
160_275,Surface ectoderm,14
160_276,Surface ectoderm,14
160_277,Surface ectoderm,14
160_278,Surface ectoderm,14
160_279,Surface ectoderm,14
160_280,Surface ectoderm,14
160_281,Surface ectoderm,14
160_282,Surface ectoderm,14
160_283,Surface ectoderm,14
160_284,Surface ectoderm,14
160_285,Cavity,14
161_130,Cavity,13
161_131,Meninges,13
161_132,Meninges,13
161_133,Meninges,13
161_134,Meninges,13
161_135,Meninges,13
161_136,Meninges,13
161_137,Meninges,13
161_138,Brain,13
161_139,Brain,18
161_140,Brain,18
161_141,Brain,18
161_142,Brain,18
161_143,Brain,18
161_144,Brain,18
161_145,Brain,13
161_146,Brain,13
161_147,Cavity,13
161_148,Cavity,13
161_149,Cavity,13
161_150,Cavity,13
161_151,Cavity,13
161_152,Cavity,13
161_153,Cavity,13
161_154,Cavity,13
161_155,Cavity,13
161_156,Cavity,13
161_157,Cavity,13
161_158,Cavity,13
161_159,Cavity,13
161_160,Cavity,13
161_161,Cavity,13
161_162,Cavity,13
161_163,Cavity,13
161_164,Cavity,13
161_165,Cavity,13
161_166,Cavity,13
161_167,Cavity,13
161_168,Cavity,13
161_169,Cavity,13
161_170,Cavity,13
161_171,Brain,13
161_172,Brain,13
161_173,Brain,13
161_174,Brain,13
161_175,Brain,13
161_176,Brain,7
161_177,Brain,7
161_178,Brain,7
161_179,Brain,7
161_180,Brain,7
161_181,Brain,5
161_182,Connective tissue,5
161_183,Connective tissue,5
161_184,Connective tissue,5
161_185,Connective tissue,5
161_186,Inner ear,5
161_187,Inner ear,5
161_188,Inner ear,5
161_189,Inner ear,5
161_190,Inner ear,5
161_191,Inner ear,5
161_192,Connective tissue,5
161_193,Connective tissue,5
161_194,Inner ear,5
161_195,Inner ear,5
161_196,Inner ear,5
161_197,Inner ear,5
161_198,Inner ear,5
161_199,Inner ear,5
161_200,Inner ear,5
161_201,Inner ear,5
161_202,Inner ear,5
161_203,Inner ear,5
161_204,Inner ear,5
161_205,Inner ear,5
161_206,Connective tissue,5
161_207,Connective tissue,5
161_208,Connective tissue,5
161_209,Connective tissue,5
161_210,Connective tissue,5
161_211,Connective tissue,5
161_212,Connective tissue,5
161_213,Dorsal root ganglion,5
161_214,Connective tissue,5
161_215,Connective tissue,5
161_216,Blood vessel,8
161_217,Blood vessel,8
161_218,Cavity,8
161_219,Cavity,8
161_220,Cavity,8
161_221,Cavity,8
161_222,Blood vessel,8
161_223,Connective tissue,8
161_224,Dermomyotome,5
161_225,Dermomyotome,5
161_226,Dermomyotome,5
161_227,Connective tissue,6
161_228,Connective tissue,6
161_229,Connective tissue,6
161_230,Dermomyotome,4
161_231,Dermomyotome,4
161_232,Dermomyotome,4
161_233,Dermomyotome,4
161_234,Dermomyotome,4
161_235,Dermomyotome,15
161_236,Dermomyotome,15
161_237,Dermomyotome,15
161_238,Dermomyotome,15
161_239,Dermomyotome,4
161_240,Dermomyotome,4
161_241,Dermomyotome,4
161_242,Dermomyotome,4
161_243,Dermomyotome,4
161_244,Dermomyotome,4
161_245,Dermomyotome,4
161_246,Dermomyotome,4
161_247,Dermomyotome,4
161_248,Dermomyotome,4
161_249,Dermomyotome,4
161_250,Dermomyotome,4
161_251,Dermomyotome,4
161_252,Dermomyotome,4
161_253,Dermomyotome,4
161_254,Dermomyotome,4
161_255,Dermomyotome,4
161_256,Dermomyotome,4
161_257,Dermomyotome,4
161_258,Dermomyotome,4
161_259,Dermomyotome,4
161_260,Dermomyotome,4
161_261,Dermomyotome,15
161_262,Dermomyotome,15
161_263,Dermomyotome,15
161_264,Dermomyotome,15
161_265,Dermomyotome,15
161_266,Dermomyotome,15
161_267,Dermomyotome,15
161_268,Dermomyotome,4
161_269,Dermomyotome,4
161_270,Dermomyotome,4
161_271,Dermomyotome,15
161_272,Dermomyotome,15
161_273,Dermomyotome,15
161_274,Dermomyotome,15
161_275,Dermomyotome,15
161_276,Dermomyotome,15
161_277,Surface ectoderm,14
161_278,Surface ectoderm,14
161_279,Surface ectoderm,14
161_280,Surface ectoderm,14
161_281,Surface ectoderm,14
161_282,Surface ectoderm,14
161_283,Surface ectoderm,14
161_284,Surface ectoderm,14
161_285,Surface ectoderm,14
161_286,Cavity,14
162_128,Cavity,13
162_129,Cavity,13
162_130,Meninges,13
162_131,Meninges,13
162_132,Meninges,13
162_133,Cavity,13
162_134,Meninges,13
162_135,Meninges,13
162_136,Meninges,7
162_137,Brain,7
162_138,Brain,18
162_139,Brain,18
162_140,Brain,18
162_141,Brain,18
162_142,Brain,18
162_143,Brain,18
162_144,Brain,18
162_145,Brain,18
162_146,Brain,13
162_147,Cavity,13
162_148,Cavity,13
162_149,Cavity,13
162_150,Cavity,13
162_151,Cavity,13
162_152,Cavity,13
162_153,Cavity,13
162_154,Cavity,13
162_155,Cavity,13
162_156,Cavity,13
162_157,Cavity,13
162_158,Cavity,13
162_159,Cavity,13
162_160,Cavity,13
162_161,Cavity,13
162_162,Cavity,13
162_163,Cavity,13
162_164,Cavity,13
162_165,Cavity,13
162_166,Cavity,13
162_167,Cavity,13
162_168,Cavity,13
162_169,Cavity,13
162_170,Brain,13
162_171,Brain,13
162_172,Brain,13
162_173,Brain,13
162_174,Brain,18
162_175,Brain,18
162_176,Brain,7
162_177,Brain,7
162_178,Brain,7
162_179,Brain,7
162_180,Brain,7
162_181,Brain,7
162_182,Connective tissue,5
162_183,Connective tissue,5
162_184,Connective tissue,5
162_185,Connective tissue,5
162_186,Inner ear,5
162_187,Inner ear,5
162_188,Inner ear,5
162_189,Inner ear,5
162_190,Inner ear,5
162_191,Inner ear,5
162_192,Inner ear,5
162_193,Inner ear,5
162_194,Inner ear,5
162_195,Inner ear,5
162_196,Inner ear,5
162_197,Inner ear,5
162_198,Inner ear,5
162_199,Inner ear,5
162_200,Inner ear,5
162_201,Inner ear,5
162_202,Inner ear,5
162_203,Inner ear,5
162_204,Inner ear,5
162_205,Inner ear,5
162_206,Inner ear,5
162_207,Connective tissue,5
162_208,Connective tissue,5
162_209,Connective tissue,5
162_210,Connective tissue,5
162_211,Connective tissue,5
162_212,Connective tissue,5
162_213,Dorsal root ganglion,5
162_214,Connective tissue,5
162_215,Connective tissue,5
162_216,Connective tissue,5
162_217,Blood vessel,8
162_218,Blood vessel,8
162_219,Cavity,8
162_220,Cavity,8
162_221,Cavity,8
162_222,Cavity,8
162_223,Blood vessel,8
162_224,Blood vessel,8
162_225,Blood vessel,8
162_226,Connective tissue,8
162_227,Connective tissue,8
162_228,Connective tissue,6
162_229,Dermomyotome,6
162_230,Dermomyotome,4
162_231,Dermomyotome,4
162_232,Dermomyotome,4
162_233,Connective tissue,4
162_234,Dermomyotome,4
162_235,Dermomyotome,4
162_236,Dermomyotome,15
162_237,Dermomyotome,4
162_238,Dermomyotome,4
162_239,Dermomyotome,4
162_240,Dermomyotome,4
162_241,Dermomyotome,4
162_242,Dermomyotome,4
162_243,Dermomyotome,4
162_244,Dermomyotome,4
162_245,Dermomyotome,4
162_246,Dermomyotome,4
162_247,Dermomyotome,4
162_248,Connective tissue,4
162_249,Dermomyotome,4
162_250,Dermomyotome,4
162_251,Dermomyotome,4
162_252,Dermomyotome,4
162_253,Dermomyotome,4
162_254,Dermomyotome,4
162_255,Dermomyotome,4
162_256,Dermomyotome,4
162_257,Dermomyotome,4
162_258,Dermomyotome,4
162_259,Dermomyotome,4
162_260,Dermomyotome,4
162_261,Dermomyotome,4
162_262,Dermomyotome,15
162_263,Dermomyotome,15
162_264,Dermomyotome,15
162_265,Dermomyotome,15
162_266,Dermomyotome,4
162_267,Dermomyotome,4
162_268,Dermomyotome,4
162_269,Dermomyotome,4
162_270,Dermomyotome,4
162_271,Dermomyotome,15
162_272,Dermomyotome,15
162_273,Dermomyotome,15
162_274,Dermomyotome,15
162_275,Dermomyotome,15
162_276,Dermomyotome,15
162_277,Dermomyotome,14
162_278,Surface ectoderm,14
162_279,Surface ectoderm,14
162_280,Surface ectoderm,14
162_281,Surface ectoderm,14
162_282,Surface ectoderm,14
162_283,Surface ectoderm,14
162_284,Surface ectoderm,14
162_285,Surface ectoderm,14
162_286,Surface ectoderm,14
162_287,Cavity,14
162_288,Cavity,14
163_126,Cavity,13
163_127,Cavity,13
163_128,Meninges,13
163_129,Meninges,13
163_130,Meninges,13
163_131,Meninges,13
163_132,Meninges,13
163_133,Meninges,5
163_134,Meninges,13
163_135,Meninges,7
163_136,Brain,7
163_137,Brain,7
163_138,Brain,7
163_139,Brain,18
163_140,Brain,18
163_141,Brain,18
163_142,Brain,18
163_143,Brain,18
163_144,Brain,18
163_145,Brain,18
163_146,Brain,13
163_147,Cavity,13
163_148,Cavity,13
163_149,Cavity,13
163_150,Cavity,13
163_151,Cavity,13
163_152,Cavity,13
163_153,Cavity,13
163_154,Cavity,13
163_155,Cavity,13
163_156,Cavity,13
163_157,Cavity,13
163_158,Cavity,13
163_159,Cavity,13
163_160,Cavity,13
163_161,Cavity,13
163_162,Cavity,13
163_163,Cavity,13
163_164,Cavity,13
163_165,Cavity,13
163_166,Cavity,13
163_167,Cavity,13
163_168,Cavity,13
163_169,Cavity,13
163_170,Brain,13
163_171,Brain,13
163_172,Brain,18
163_173,Brain,18
163_174,Brain,18
163_175,Brain,18
163_176,Brain,7
163_177,Brain,7
163_178,Brain,7
163_179,Brain,7
163_180,Brain,7
163_181,Brain,7
163_182,Connective tissue,5
163_183,Connective tissue,5
163_184,Connective tissue,5
163_185,Connective tissue,5
163_186,Inner ear,5
163_187,Inner ear,5
163_188,Inner ear,5
163_189,Inner ear,5
163_190,Inner ear,5
163_191,Inner ear,5
163_192,Inner ear,5
163_193,Inner ear,5
163_194,Inner ear,5
163_195,Inner ear,5
163_196,Inner ear,5
163_197,Inner ear,5
163_198,Inner ear,5
163_199,Inner ear,5
163_200,Inner ear,5
163_201,Inner ear,5
163_202,Inner ear,5
163_203,Inner ear,5
163_204,Inner ear,5
163_205,Inner ear,5
163_206,Inner ear,5
163_207,Inner ear,5
163_208,Connective tissue,5
163_209,Connective tissue,5
163_210,Connective tissue,5
163_211,Connective tissue,5
163_212,Connective tissue,5
163_213,Dorsal root ganglion,5
163_214,Dorsal root ganglion,5
163_215,Dorsal root ganglion,5
163_216,Dorsal root ganglion,5
163_217,Dorsal root ganglion,5
163_218,Blood vessel,8
163_219,Blood vessel,8
163_220,Cavity,8
163_221,Cavity,8
163_222,Cavity,8
163_223,Cavity,8
163_224,Cavity,8
163_225,Blood vessel,8
163_226,Blood vessel,8
163_227,Blood vessel,8
163_228,Connective tissue,8
163_229,Dermomyotome,8
163_230,Dermomyotome,4
163_231,Dermomyotome,4
163_232,Dermomyotome,4
163_233,Dermomyotome,4
163_234,Dermomyotome,4
163_235,Dermomyotome,4
163_236,Dermomyotome,4
163_237,Dermomyotome,4
163_238,Dermomyotome,4
163_239,Dermomyotome,4
163_240,Dermomyotome,4
163_241,Dermomyotome,4
163_242,Dermomyotome,4
163_243,Dermomyotome,4
163_244,Dermomyotome,4
163_245,Dermomyotome,4
163_246,Dermomyotome,4
163_247,Dermomyotome,4
163_248,Dermomyotome,4
163_249,Dermomyotome,4
163_250,Dermomyotome,4
163_251,Dermomyotome,4
163_252,Dermomyotome,4
163_253,Dermomyotome,4
163_254,Dermomyotome,4
163_255,Dermomyotome,4
163_256,Dermomyotome,4
163_257,Dermomyotome,4
163_258,Dermomyotome,4
163_259,Dermomyotome,4
163_260,Dermomyotome,4
163_261,Dermomyotome,4
163_262,Dermomyotome,4
163_263,Dermomyotome,4
163_264,Dermomyotome,15
163_265,Dermomyotome,4
163_266,Dermomyotome,4
163_267,Dermomyotome,4
163_268,Dermomyotome,4
163_269,Dermomyotome,4
163_270,Dermomyotome,15
163_271,Dermomyotome,15
163_272,Dermomyotome,15
163_273,Dermomyotome,15
163_274,Dermomyotome,15
163_275,Dermomyotome,15
163_276,Dermomyotome,15
163_277,Dermomyotome,15
163_278,Dermomyotome,14
163_279,Dermomyotome,14
163_280,Surface ectoderm,14
163_281,Surface ectoderm,14
163_282,Surface ectoderm,14
163_283,Surface ectoderm,14
163_284,Surface ectoderm,14
163_285,Surface ectoderm,14
163_286,Surface ectoderm,14
163_287,Surface ectoderm,14
163_288,Surface ectoderm,14
163_289,Cavity,14
164_124,Cavity,13
164_125,Cavity,13
164_126,Meninges,13
164_127,Meninges,13
164_128,Meninges,13
164_129,Meninges,13
164_130,Meninges,13
164_131,Meninges,13
164_132,Meninges,5
164_133,Meninges,5
164_134,Meninges,5
164_135,Brain,7
164_136,Brain,7
164_137,Brain,7
164_138,Brain,7
164_139,Brain,18
164_140,Brain,18
164_141,Brain,18
164_142,Brain,18
164_143,Brain,18
164_144,Brain,18
164_145,Brain,18
164_146,Brain,13
164_147,Cavity,13
164_148,Cavity,13
164_149,Cavity,13
164_150,Cavity,13
164_151,Cavity,13
164_152,Cavity,13
164_153,Cavity,13
164_154,Cavity,13
164_155,Cavity,13
164_156,Cavity,13
164_157,Cavity,13
164_158,Cavity,13
164_159,Cavity,13
164_160,Cavity,13
164_161,Cavity,13
164_162,Cavity,13
164_163,Cavity,13
164_164,Cavity,13
164_165,Cavity,13
164_166,Cavity,13
164_167,Cavity,13
164_168,Cavity,13
164_169,Cavity,13
164_170,Cavity,13
164_171,Brain,13
164_172,Brain,13
164_173,Brain,18
164_174,Brain,18
164_175,Brain,18
164_176,Brain,7
164_177,Brain,7
164_178,Brain,7
164_179,Brain,7
164_180,Brain,7
164_181,Brain,5
164_182,Brain,5
164_183,Connective tissue,5
164_184,Connective tissue,5
164_185,Connective tissue,5
164_186,Inner ear,5
164_187,Inner ear,5
164_188,Inner ear,5
164_189,Inner ear,5
164_190,Inner ear,5
164_191,Inner ear,5
164_192,Inner ear,5
164_193,Inner ear,5
164_194,Inner ear,5
164_195,Inner ear,5
164_196,Inner ear,5
164_197,Inner ear,5
164_198,Inner ear,5
164_199,Inner ear,5
164_200,Inner ear,5
164_201,Inner ear,5
164_202,Inner ear,5
164_203,Inner ear,5
164_204,Inner ear,5
164_205,Inner ear,5
164_206,Inner ear,5
164_207,Inner ear,5
164_208,Connective tissue,5
164_209,Blood vessel,5
164_210,Connective tissue,5
164_211,Connective tissue,5
164_212,Connective tissue,5
164_213,Connective tissue,5
164_214,Connective tissue,5
164_215,Dorsal root ganglion,5
164_216,Dorsal root ganglion,5
164_217,Dorsal root ganglion,5
164_218,Dorsal root ganglion,5
164_219,Dorsal root ganglion,5
164_220,Blood vessel,8
164_221,Cavity,8
164_222,Cavity,8
164_223,Cavity,8
164_224,Cavity,8
164_225,Cavity,8
164_226,Cavity,8
164_227,Blood vessel,8
164_228,Blood vessel,8
164_229,Connective tissue,8
164_230,Connective tissue,8
164_231,Connective tissue,4
164_232,Dermomyotome,4
164_233,Dermomyotome,4
164_234,Dermomyotome,4
164_235,Dermomyotome,4
164_236,Dermomyotome,4
164_237,Dermomyotome,4
164_238,Dermomyotome,4
164_239,Dermomyotome,4
164_240,Dermomyotome,4
164_241,Dermomyotome,4
164_242,Dermomyotome,4
164_243,Dermomyotome,4
164_244,Dermomyotome,4
164_245,Dermomyotome,4
164_246,Dermomyotome,4
164_247,Dermomyotome,4
164_248,Dermomyotome,4
164_249,Dermomyotome,4
164_250,Dermomyotome,4
164_251,Dermomyotome,4
164_252,Dermomyotome,4
164_253,Dermomyotome,4
164_254,Dermomyotome,4
164_255,Dermomyotome,4
164_256,Dermomyotome,4
164_257,Dermomyotome,4
164_258,Dermomyotome,4
164_259,Dermomyotome,4
164_260,Dermomyotome,4
164_261,Dermomyotome,4
164_262,Dermomyotome,4
164_263,Dermomyotome,4
164_264,Dermomyotome,4
164_265,Dermomyotome,4
164_266,Dermomyotome,4
164_267,Dermomyotome,4
164_268,Connective tissue,4
164_269,Dermomyotome,15
164_270,Dermomyotome,15
164_271,Dermomyotome,15
164_272,Dermomyotome,15
164_273,Dermomyotome,15
164_274,Dermomyotome,15
164_275,Dermomyotome,15
164_276,Dermomyotome,15
164_277,Dermomyotome,15
164_278,Dermomyotome,14
164_279,Dermomyotome,14
164_280,Dermomyotome,14
164_281,Surface ectoderm,14
164_282,Surface ectoderm,14
164_283,Surface ectoderm,14
164_284,Surface ectoderm,14
164_285,Surface ectoderm,14
164_286,Surface ectoderm,14
164_287,Surface ectoderm,14
164_288,Surface ectoderm,14
164_289,Surface ectoderm,14
164_290,Cavity,14
164_291,Cavity,14
165_123,Cavity,13
165_124,Meninges,13
165_125,Meninges,13
165_126,Meninges,13
165_127,Meninges,13
165_128,Meninges,13
165_129,Meninges,13
165_130,Meninges,5
165_131,Meninges,5
165_132,Meninges,5
165_133,Meninges,5
165_134,Meninges,7
165_135,Brain,7
165_136,Brain,7
165_137,Brain,7
165_138,Brain,7
165_139,Brain,7
165_140,Brain,18
165_141,Brain,18
165_142,Brain,18
165_143,Brain,18
165_144,Brain,18
165_145,Brain,18
165_146,Brain,18
165_147,Cavity,13
165_148,Cavity,13
165_149,Cavity,13
165_150,Cavity,13
165_151,Cavity,13
165_152,Cavity,13
165_153,Cavity,13
165_154,Cavity,13
165_155,Cavity,13
165_156,Cavity,13
165_157,Cavity,13
165_158,Cavity,13
165_159,Cavity,13
165_160,Cavity,13
165_161,Cavity,13
165_162,Cavity,13
165_163,Cavity,13
165_164,Cavity,13
165_165,Cavity,13
165_166,Cavity,13
165_167,Cavity,13
165_168,Cavity,13
165_169,Cavity,13
165_170,Cavity,13
165_171,Brain,13
165_172,Brain,13
165_173,Brain,18
165_174,Brain,18
165_175,Brain,18
165_176,Brain,7
165_177,Brain,7
165_178,Brain,7
165_179,Brain,7
165_180,Brain,7
165_181,Brain,7
165_182,Brain,5
165_183,Connective tissue,5
165_184,Connective tissue,5
165_185,Connective tissue,5
165_186,Inner ear,5
165_187,Inner ear,5
165_188,Inner ear,5
165_189,Inner ear,5
165_190,Inner ear,5
165_191,Inner ear,5
165_192,Inner ear,5
165_193,Inner ear,5
165_194,Inner ear,5
165_195,Inner ear,5
165_196,Inner ear,5
165_197,Inner ear,5
165_198,Inner ear,5
165_199,Inner ear,5
165_200,Inner ear,5
165_201,Inner ear,5
165_202,Inner ear,5
165_203,Inner ear,5
165_204,Inner ear,5
165_205,Inner ear,5
165_206,Inner ear,5
165_207,Connective tissue,5
165_208,Dorsal root ganglion,5
165_209,Connective tissue,5
165_210,Connective tissue,5
165_211,Connective tissue,5
165_212,Connective tissue,5
165_213,Connective tissue,5
165_214,Connective tissue,5
165_215,Dorsal root ganglion,5
165_216,Dorsal root ganglion,5
165_217,Dorsal root ganglion,5
165_218,Dorsal root ganglion,5
165_219,Dorsal root ganglion,5
165_220,Dorsal root ganglion,5
165_221,Dorsal root ganglion,5
165_222,Blood vessel,8
165_223,Blood vessel,8
165_224,Cavity,8
165_225,Cavity,8
165_226,Cavity,8
165_227,Cavity,8
165_228,Cavity,8
165_229,Blood vessel,8
165_230,Blood vessel,8
165_231,Connective tissue,4
165_232,Dermomyotome,4
165_233,Dermomyotome,4
165_234,Dermomyotome,4
165_235,Dermomyotome,4
165_236,Dermomyotome,4
165_237,Dermomyotome,4
165_238,Dermomyotome,4
165_239,Dermomyotome,4
165_240,Dermomyotome,4
165_241,Dermomyotome,4
165_242,Dermomyotome,4
165_243,Dermomyotome,4
165_244,Dermomyotome,4
165_245,Dermomyotome,4
165_246,Dermomyotome,4
165_247,Dermomyotome,4
165_248,Dermomyotome,4
165_249,Dermomyotome,4
165_250,Dermomyotome,4
165_251,Dermomyotome,4
165_252,Dermomyotome,4
165_253,Dermomyotome,4
165_254,Dermomyotome,4
165_255,Dermomyotome,4
165_256,Dermomyotome,4
165_257,Dermomyotome,4
165_258,Dermomyotome,4
165_259,Dermomyotome,4
165_260,Dermomyotome,4
165_261,Dermomyotome,4
165_262,Dermomyotome,4
165_263,Dermomyotome,4
165_264,Dermomyotome,4
165_265,Dermomyotome,4
165_266,Dermomyotome,4
165_267,Dermomyotome,4
165_268,Dermomyotome,4
165_269,Dermomyotome,15
165_270,Dermomyotome,15
165_271,Dermomyotome,15
165_272,Dermomyotome,15
165_273,Dermomyotome,15
165_274,Dermomyotome,15
165_275,Dermomyotome,15
165_276,Dermomyotome,15
165_277,Dermomyotome,15
165_278,Dermomyotome,15
165_279,Dermomyotome,14
165_280,Dermomyotome,14
165_281,Dermomyotome,15
165_282,Dermomyotome,15
165_283,Dermomyotome,14
165_284,Surface ectoderm,14
165_285,Surface ectoderm,14
165_286,Surface ectoderm,14
165_287,Surface ectoderm,14
165_288,Surface ectoderm,14
165_289,Surface ectoderm,14
165_290,Surface ectoderm,14
165_291,Surface ectoderm,14
165_292,Cavity,14
166_121,Cavity,13
166_122,Cavity,13
166_123,Meninges,13
166_124,Meninges,13
166_125,Meninges,13
166_126,Meninges,13
166_127,Meninges,13
166_128,Meninges,13
166_129,Meninges,5
166_130,Meninges,5
166_131,Meninges,5
166_132,Jaw and tooth,5
166_133,Meninges,5
166_134,Meninges,7
166_135,Brain,7
166_136,Brain,7
166_137,Brain,7
166_138,Brain,7
166_139,Brain,7
166_140,Brain,18
166_141,Brain,18
166_142,Brain,18
166_143,Brain,18
166_144,Brain,18
166_145,Brain,18
166_146,Brain,18
166_147,Cavity,13
166_148,Cavity,13
166_149,Cavity,13
166_150,Cavity,13
166_151,Cavity,13
166_152,Cavity,13
166_153,Cavity,13
166_154,Cavity,13
166_155,Cavity,13
166_156,Cavity,13
166_157,Cavity,13
166_158,Cavity,13
166_159,Cavity,13
166_160,Cavity,13
166_161,Cavity,13
166_162,Cavity,13
166_163,Cavity,13
166_164,Cavity,13
166_165,Cavity,13
166_166,Cavity,13
166_167,Cavity,13
166_168,Cavity,13
166_169,Cavity,13
166_170,Cavity,13
166_171,Brain,13
166_172,Brain,13
166_173,Brain,18
166_174,Brain,18
166_175,Brain,18
166_176,Brain,7
166_177,Brain,7
166_178,Brain,7
166_179,Brain,7
166_180,Brain,7
166_181,Brain,7
166_182,Brain,5
166_183,Brain,5
166_184,Connective tissue,5
166_185,Connective tissue,5
166_186,Connective tissue,5
166_187,Inner ear,5
166_188,Inner ear,5
166_189,Inner ear,5
166_190,Inner ear,5
166_191,Inner ear,5
166_192,Inner ear,5
166_193,Inner ear,5
166_194,Inner ear,5
166_195,Inner ear,5
166_196,Inner ear,5
166_197,Inner ear,5
166_198,Inner ear,5
166_199,Inner ear,5
166_200,Inner ear,5
166_201,Inner ear,5
166_202,Inner ear,5
166_203,Inner ear,5
166_204,Inner ear,5
166_205,Inner ear,5
166_206,Inner ear,5
166_207,Connective tissue,5
166_208,Dorsal root ganglion,5
166_209,Dorsal root ganglion,5
166_210,Connective tissue,5
166_211,Connective tissue,5
166_212,Connective tissue,5
166_213,Connective tissue,5
166_214,Connective tissue,5
166_215,Connective tissue,5
166_216,Dorsal root ganglion,5
166_217,Dorsal root ganglion,5
166_218,Dorsal root ganglion,5
166_219,Dorsal root ganglion,5
166_220,Dorsal root ganglion,5
166_221,Dorsal root ganglion,5
166_222,Blood vessel,5
166_223,Blood vessel,5
166_224,Blood vessel,5
166_225,Blood vessel,8
166_226,Cavity,8
166_227,Cavity,8
166_228,Cavity,8
166_229,Blood vessel,8
166_230,Blood vessel,8
166_231,Blood vessel,8
166_232,Connective tissue,4
166_233,Dermomyotome,4
166_234,Dermomyotome,4
166_235,Dermomyotome,4
166_236,Dermomyotome,4
166_237,Dermomyotome,4
166_238,Dermomyotome,4
166_239,Dermomyotome,4
166_240,Dermomyotome,4
166_241,Dermomyotome,4
166_242,Dermomyotome,4
166_243,Dermomyotome,4
166_244,Dermomyotome,4
166_245,Dermomyotome,4
166_246,Dermomyotome,4
166_247,Dermomyotome,4
166_248,Dermomyotome,4
166_249,Dermomyotome,4
166_250,Dermomyotome,4
166_251,Dermomyotome,4
166_252,Dermomyotome,4
166_253,Dermomyotome,4
166_254,Dermomyotome,4
166_255,Dermomyotome,4
166_256,Dermomyotome,4
166_257,Dermomyotome,4
166_258,Dermomyotome,4
166_259,Dermomyotome,4
166_260,Dermomyotome,4
166_261,Dermomyotome,4
166_262,Dermomyotome,4
166_263,Dermomyotome,4
166_264,Dermomyotome,4
166_265,Dermomyotome,4
166_266,Dermomyotome,4
166_267,Dermomyotome,4
166_268,Dermomyotome,4
166_269,Dermomyotome,4
166_270,Dermomyotome,15
166_271,Dermomyotome,15
166_272,Dermomyotome,15
166_273,Dermomyotome,15
166_274,Dermomyotome,15
166_275,Dermomyotome,15
166_276,Dermomyotome,15
166_277,Dermomyotome,15
166_278,Dermomyotome,15
166_279,Dermomyotome,15
166_280,Dermomyotome,15
166_281,Dermomyotome,15
166_282,Dermomyotome,15
166_283,Dermomyotome,15
166_284,Dermomyotome,14
166_285,Surface ectoderm,14
166_286,Surface ectoderm,14
166_287,Surface ectoderm,14
166_288,Surface ectoderm,14
166_289,Surface ectoderm,14
166_290,Surface ectoderm,14
166_291,Surface ectoderm,14
166_292,Surface ectoderm,14
166_293,Cavity,14
166_294,Cavity,14
167_119,Cavity,13
167_120,Cavity,13
167_121,Meninges,13
167_122,Meninges,13
167_123,Meninges,13
167_124,Meninges,13
167_125,Meninges,13
167_126,Meninges,5
167_127,Meninges,5
167_128,Meninges,5
167_129,Meninges,5
167_130,Meninges,5
167_131,Jaw and tooth,5
167_132,Jaw and tooth,5
167_133,Head mesenchyme,5
167_134,Meninges,7
167_135,Brain,7
167_136,Brain,7
167_137,Brain,7
167_138,Brain,7
167_139,Brain,7
167_140,Brain,18
167_141,Brain,18
167_142,Brain,18
167_143,Brain,18
167_144,Brain,18
167_145,Brain,18
167_146,Brain,18
167_147,Cavity,13
167_148,Cavity,13
167_149,Cavity,13
167_150,Cavity,13
167_151,Cavity,13
167_152,Cavity,13
167_153,Cavity,13
167_154,Cavity,13
167_155,Cavity,13
167_156,Cavity,13
167_157,Cavity,13
167_158,Cavity,13
167_159,Cavity,13
167_160,Cavity,13
167_161,Cavity,13
167_162,Cavity,13
167_163,Cavity,13
167_164,Cavity,13
167_165,Cavity,13
167_166,Cavity,13
167_167,Cavity,13
167_168,Cavity,13
167_169,Cavity,13
167_170,Cavity,13
167_171,Brain,13
167_172,Brain,13
167_173,Brain,18
167_174,Brain,18
167_175,Brain,11
167_176,Brain,7
167_177,Brain,7
167_178,Brain,7
167_179,Brain,7
167_180,Brain,7
167_181,Brain,7
167_182,Brain,7
167_183,Brain,5
167_184,Connective tissue,5
167_185,Connective tissue,5
167_186,Inner ear,5
167_187,Inner ear,5
167_188,Inner ear,5
167_189,Inner ear,5
167_190,Inner ear,5
167_191,Inner ear,5
167_192,Inner ear,5
167_193,Inner ear,5
167_194,Dorsal root ganglion,5
167_195,Dorsal root ganglion,5
167_196,Dorsal root ganglion,5
167_197,Inner ear,5
167_198,Inner ear,5
167_199,Inner ear,5
167_200,Inner ear,5
167_201,Inner ear,5
167_202,Inner ear,5
167_203,Inner ear,5
167_204,Inner ear,5
167_205,Inner ear,5
167_206,Inner ear,5
167_207,Connective tissue,5
167_208,Dorsal root ganglion,5
167_209,Dorsal root ganglion,5
167_210,Dorsal root ganglion,5
167_211,Dorsal root ganglion,5
167_212,Connective tissue,5
167_213,Connective tissue,5
167_214,Connective tissue,5
167_215,Connective tissue,5
167_216,Connective tissue,5
167_217,Dorsal root ganglion,5
167_218,Dorsal root ganglion,5
167_219,Dorsal root ganglion,5
167_220,Dorsal root ganglion,5
167_221,Dorsal root ganglion,5
167_222,Dorsal root ganglion,5
167_223,Dorsal root ganglion,5
167_224,Dorsal root ganglion,5
167_225,Dorsal root ganglion,5
167_226,Dorsal root ganglion,8
167_227,Blood vessel,5
167_228,Blood vessel,8
167_229,Blood vessel,8
167_230,Blood vessel,8
167_231,Blood vessel,5
167_232,Blood vessel,4
167_233,Connective tissue,4
167_234,Connective tissue,4
167_235,Dermomyotome,4
167_236,Dermomyotome,4
167_237,Dermomyotome,4
167_238,Dermomyotome,4
167_239,Dermomyotome,4
167_240,Dermomyotome,4
167_241,Dermomyotome,4
167_242,Dermomyotome,4
167_243,Dermomyotome,4
167_244,Dermomyotome,4
167_245,Dermomyotome,4
167_246,Dermomyotome,4
167_247,Dermomyotome,4
167_248,Dermomyotome,4
167_249,Dermomyotome,4
167_250,Dermomyotome,4
167_251,Dermomyotome,4
167_252,Dermomyotome,4
167_253,Dermomyotome,4
167_254,Dermomyotome,4
167_255,Dermomyotome,4
167_256,Dermomyotome,4
167_257,Dermomyotome,4
167_258,Dermomyotome,4
167_259,Dermomyotome,4
167_260,Dermomyotome,4
167_261,Dermomyotome,4
167_262,Dermomyotome,4
167_263,Dermomyotome,4
167_264,Dermomyotome,4
167_265,Dermomyotome,4
167_266,Dermomyotome,4
167_267,Dermomyotome,4
167_268,Dermomyotome,4
167_269,Dermomyotome,4
167_270,Dermomyotome,4
167_271,Dermomyotome,4
167_272,Dermomyotome,15
167_273,Dermomyotome,15
167_274,Dermomyotome,15
167_275,Dermomyotome,4
167_276,Dermomyotome,4
167_277,Dermomyotome,15
167_278,Dermomyotome,15
167_279,Dermomyotome,15
167_280,Dermomyotome,15
167_281,Dermomyotome,15
167_282,Dermomyotome,15
167_283,Dermomyotome,15
167_284,Dermomyotome,14
167_285,Dermomyotome,14
167_286,Surface ectoderm,14
167_287,Surface ectoderm,14
167_288,Surface ectoderm,14
167_289,Surface ectoderm,14
167_290,Surface ectoderm,14
167_291,Surface ectoderm,14
167_292,Surface ectoderm,14
167_293,Surface ectoderm,14
167_294,Cavity,14
167_295,Cavity,14
168_117,Cavity,13
168_118,Cavity,13
168_119,Meninges,13
168_120,Meninges,13
168_121,Meninges,13
168_122,Meninges,13
168_123,Meninges,13
168_124,Meninges,13
168_125,Meninges,5
168_126,Meninges,5
168_127,Meninges,5
168_128,Meninges,5
168_129,Meninges,5
168_130,Meninges,5
168_131,Jaw and tooth,5
168_132,Jaw and tooth,5
168_133,Head mesenchyme,7
168_134,Brain,7
168_135,Brain,7
168_136,Brain,7
168_137,Brain,7
168_138,Brain,7
168_139,Brain,7
168_140,Brain,18
168_141,Brain,18
168_142,Brain,18
168_143,Brain,18
168_144,Brain,18
168_145,Brain,18
168_146,Brain,18
168_147,Cavity,18
168_148,Cavity,13
168_149,Cavity,13
168_150,Cavity,13
168_151,Cavity,13
168_152,Cavity,13
168_153,Cavity,13
168_154,Cavity,13
168_155,Cavity,13
168_156,Cavity,13
168_157,Cavity,13
168_158,Cavity,13
168_159,Cavity,13
168_160,Cavity,13
168_161,Cavity,13
168_162,Cavity,13
168_163,Cavity,13
168_164,Cavity,13
168_165,Cavity,13
168_166,Cavity,13
168_167,Cavity,13
168_168,Cavity,13
168_169,Cavity,13
168_170,Cavity,13
168_171,Cavity,13
168_172,Brain,11
168_173,Brain,11
168_174,Brain,11
168_175,Brain,11
168_176,Brain,11
168_177,Brain,7
168_178,Brain,7
168_179,Brain,7
168_180,Brain,7
168_181,Brain,7
168_182,Brain,7
168_183,Brain,5
168_184,Connective tissue,5
168_185,Connective tissue,5
168_186,Connective tissue,5
168_187,Connective tissue,5
168_188,Inner ear,5
168_189,Inner ear,5
168_190,Inner ear,5
168_191,Inner ear,5
168_192,Inner ear,5
168_193,Inner ear,5
168_194,Dorsal root ganglion,5
168_195,Dorsal root ganglion,5
168_196,Dorsal root ganglion,5
168_197,Dorsal root ganglion,5
168_198,Dorsal root ganglion,5
168_199,Inner ear,5
168_200,Inner ear,5
168_201,Inner ear,5
168_202,Inner ear,5
168_203,Inner ear,5
168_204,Inner ear,5
168_205,Inner ear,5
168_206,Inner ear,5
168_207,Connective tissue,5
168_208,Connective tissue,5
168_209,Dorsal root ganglion,5
168_210,Dorsal root ganglion,5
168_211,Dorsal root ganglion,5
168_212,Dorsal root ganglion,5
168_213,Dorsal root ganglion,5
168_214,Connective tissue,5
168_215,Connective tissue,5
168_216,Connective tissue,5
168_217,Dorsal root ganglion,5
168_218,Dorsal root ganglion,5
168_219,Dorsal root ganglion,5
168_220,Dorsal root ganglion,5
168_221,Dorsal root ganglion,5
168_222,Dorsal root ganglion,5
168_223,Dorsal root ganglion,5
168_224,Dorsal root ganglion,5
168_225,Dorsal root ganglion,5
168_226,Dorsal root ganglion,5
168_227,Dorsal root ganglion,5
168_228,Dorsal root ganglion,5
168_229,Dorsal root ganglion,5
168_230,Dorsal root ganglion,5
168_231,Connective tissue,5
168_232,Connective tissue,5
168_233,Connective tissue,5
168_234,Connective tissue,5
168_235,Connective tissue,6
168_236,Dermomyotome,4
168_237,Dermomyotome,4
168_238,Dermomyotome,4
168_239,Dermomyotome,4
168_240,Dermomyotome,4
168_241,Dermomyotome,4
168_242,Dermomyotome,4
168_243,Dermomyotome,4
168_244,Dermomyotome,4
168_245,Dermomyotome,4
168_246,Dermomyotome,4
168_247,Dermomyotome,4
168_248,Dermomyotome,4
168_249,Dermomyotome,4
168_250,Dermomyotome,4
168_251,Dermomyotome,4
168_252,Dermomyotome,4
168_253,Dermomyotome,4
168_254,Dermomyotome,4
168_255,Dermomyotome,4
168_256,Dermomyotome,4
168_257,Dermomyotome,4
168_258,Dermomyotome,4
168_259,Dermomyotome,4
168_260,Dermomyotome,4
168_261,Dermomyotome,4
168_262,Dermomyotome,4
168_263,Dermomyotome,4
168_264,Dermomyotome,4
168_265,Dermomyotome,4
168_266,Dermomyotome,4
168_267,Dermomyotome,4
168_268,Dermomyotome,4
168_269,Dermomyotome,4
168_270,Dermomyotome,4
168_271,Dermomyotome,4
168_272,Dermomyotome,4
168_273,Dermomyotome,4
168_274,Dermomyotome,4
168_275,Dermomyotome,4
168_276,Dermomyotome,4
168_277,Dermomyotome,4
168_278,Dermomyotome,15
168_279,Dermomyotome,15
168_280,Dermomyotome,15
168_281,Dermomyotome,15
168_282,Dermomyotome,15
168_283,Dermomyotome,15
168_284,Dermomyotome,15
168_285,Dermomyotome,14
168_286,Dermomyotome,14
168_287,Dermomyotome,14
168_288,Surface ectoderm,14
168_289,Surface ectoderm,14
168_290,Surface ectoderm,14
168_291,Surface ectoderm,14
168_292,Surface ectoderm,14
168_293,Surface ectoderm,14
168_294,Surface ectoderm,14
168_295,Surface ectoderm,14
168_296,Cavity,14
169_115,Cavity,13
169_116,Cavity,13
169_117,Meninges,13
169_118,Meninges,13
169_119,Meninges,13
169_120,Meninges,13
169_121,Meninges,5
169_122,Meninges,5
169_123,Meninges,5
169_124,Meninges,5
169_125,Meninges,5
169_126,Meninges,5
169_127,Meninges,5
169_128,Meninges,5
169_129,Meninges,5
169_130,Jaw and tooth,5
169_131,Jaw and tooth,5
169_132,Head mesenchyme,5
169_133,Brain,5
169_134,Brain,7
169_135,Brain,7
169_136,Brain,7
169_137,Brain,7
169_138,Brain,7
169_139,Brain,7
169_140,Brain,7
169_141,Brain,18
169_142,Brain,18
169_143,Brain,18
169_144,Brain,18
169_145,Brain,18
169_146,Brain,18
169_147,Cavity,18
169_148,Cavity,13
169_149,Cavity,13
169_150,Cavity,13
169_151,Cavity,13
169_152,Cavity,13
169_153,Cavity,13
169_154,Cavity,13
169_155,Cavity,13
169_156,Cavity,13
169_157,Cavity,13
169_158,Cavity,13
169_159,Cavity,13
169_160,Cavity,13
169_161,Cavity,13
169_162,Cavity,13
169_163,Cavity,13
169_164,Cavity,13
169_165,Cavity,13
169_166,Cavity,13
169_167,Cavity,13
169_168,Cavity,13
169_169,Cavity,13
169_170,Cavity,13
169_171,Cavity,13
169_172,Brain,11
169_173,Brain,11
169_174,Brain,11
169_175,Brain,11
169_176,Brain,11
169_177,Brain,7
169_178,Brain,7
169_179,Brain,7
169_180,Brain,7
169_181,Brain,7
169_182,Brain,7
169_183,Brain,5
169_184,Connective tissue,5
169_185,Connective tissue,5
169_186,Connective tissue,5
169_187,Connective tissue,5
169_188,Connective tissue,5
169_189,Inner ear,5
169_190,Inner ear,5
169_191,Inner ear,5
169_192,Inner ear,5
169_193,Inner ear,5
169_194,Inner ear,5
169_195,Dorsal root ganglion,5
169_196,Dorsal root ganglion,5
169_197,Dorsal root ganglion,5
169_198,Dorsal root ganglion,5
169_199,Dorsal root ganglion,5
169_200,Inner ear,5
169_201,Inner ear,5
169_202,Inner ear,5
169_203,Inner ear,5
169_204,Inner ear,5
169_205,Inner ear,5
169_206,Inner ear,5
169_207,Connective tissue,5
169_208,Connective tissue,5
169_209,Dorsal root ganglion,5
169_210,Dorsal root ganglion,5
169_211,Dorsal root ganglion,5
169_212,Dorsal root ganglion,5
169_213,Dorsal root ganglion,5
169_214,Dorsal root ganglion,5
169_215,Dorsal root ganglion,5
169_216,Dorsal root ganglion,5
169_217,Dorsal root ganglion,5
169_218,Dorsal root ganglion,5
169_219,Dorsal root ganglion,5
169_220,Dorsal root ganglion,5
169_221,Dorsal root ganglion,5
169_222,Dorsal root ganglion,5
169_223,Dorsal root ganglion,5
169_224,Dorsal root ganglion,5
169_225,Dorsal root ganglion,5
169_226,Dorsal root ganglion,5
169_227,Dorsal root ganglion,5
169_228,Dorsal root ganglion,5
169_229,Dorsal root ganglion,5
169_230,Dorsal root ganglion,5
169_231,Dorsal root ganglion,5
169_232,Dorsal root ganglion,5
169_233,Dorsal root ganglion,5
169_234,Connective tissue,5
169_235,Dermomyotome,5
169_236,Dermomyotome,6
169_237,Connective tissue,4
169_238,Connective tissue,4
169_239,Dermomyotome,4
169_240,Dermomyotome,4
169_241,Dermomyotome,4
169_242,Dermomyotome,4
169_243,Dermomyotome,4
169_244,Dermomyotome,4
169_245,Dermomyotome,4
169_246,Dermomyotome,4
169_247,Dermomyotome,4
169_248,Dermomyotome,4
169_249,Dermomyotome,4
169_250,Dermomyotome,4
169_251,Connective tissue,4
169_252,Connective tissue,4
169_253,Dermomyotome,4
169_254,Dermomyotome,4
169_255,Dermomyotome,4
169_256,Dermomyotome,4
169_257,Dermomyotome,4
169_258,Dermomyotome,4
169_259,Dermomyotome,4
169_260,Dermomyotome,4
169_261,Dermomyotome,4
169_262,Dermomyotome,4
169_263,Dermomyotome,4
169_264,Dermomyotome,4
169_265,Dermomyotome,4
169_266,Dermomyotome,4
169_267,Dermomyotome,4
169_268,Dermomyotome,4
169_269,Dermomyotome,4
169_270,Dermomyotome,4
169_271,Dermomyotome,4
169_272,Dermomyotome,4
169_273,Dermomyotome,4
169_274,Dermomyotome,4
169_275,Dermomyotome,4
169_276,Dermomyotome,4
169_277,Dermomyotome,4
169_278,Dermomyotome,15
169_279,Dermomyotome,15
169_280,Dermomyotome,15
169_281,Dermomyotome,15
169_282,Dermomyotome,15
169_283,Dermomyotome,15
169_284,Dermomyotome,15
169_285,Dermomyotome,14
169_286,Dermomyotome,14
169_287,Dermomyotome,14
169_288,Dermomyotome,14
169_289,Surface ectoderm,14
169_290,Surface ectoderm,14
169_291,Surface ectoderm,14
169_292,Surface ectoderm,14
169_293,Surface ectoderm,14
169_294,Surface ectoderm,14
169_295,Surface ectoderm,14
169_296,Surface ectoderm,14
169_297,Cavity,14
170_113,Cavity,13
170_114,Cavity,13
170_115,Meninges,13
170_116,Meninges,13
170_117,Meninges,13
170_118,Meninges,13
170_119,Meninges,5
170_120,Meninges,5
170_121,Meninges,5
170_122,Meninges,5
170_123,Meninges,5
170_124,Meninges,5
170_125,Meninges,5
170_126,Meninges,5
170_127,Meninges,5
170_128,Meninges,5
170_129,Jaw and tooth,5
170_130,Jaw and tooth,5
170_131,Jaw and tooth,5
170_132,Head mesenchyme,5
170_133,Head mesenchyme,5
170_134,Brain,7
170_135,Brain,7
170_136,Brain,7
170_137,Brain,7
170_138,Brain,7
170_139,Brain,7
170_140,Brain,7
170_141,Brain,18
170_142,Brain,18
170_143,Brain,18
170_144,Brain,18
170_145,Brain,18
170_146,Brain,18
170_147,Cavity,13
170_148,Cavity,13
170_149,Cavity,13
170_150,Cavity,13
170_151,Cavity,13
170_152,Cavity,13
170_153,Cavity,13
170_154,Cavity,13
170_155,Cavity,13
170_156,Cavity,13
170_157,Cavity,13
170_158,Cavity,13
170_159,Cavity,13
170_160,Cavity,13
170_161,Cavity,13
170_162,Cavity,13
170_163,Cavity,13
170_164,Cavity,13
170_165,Cavity,13
170_166,Cavity,13
170_167,Cavity,13
170_168,Cavity,13
170_169,Cavity,13
170_170,Cavity,13
170_171,Cavity,13
170_172,Brain,11
170_173,Brain,11
170_174,Brain,11
170_175,Brain,11
170_176,Brain,11
170_177,Brain,11
170_178,Brain,7
170_179,Brain,7
170_180,Brain,7
170_181,Brain,7
170_182,Brain,7
170_183,Brain,5
170_184,Connective tissue,5
170_185,Connective tissue,5
170_186,Connective tissue,5
170_187,Dorsal root ganglion,5
170_188,Dorsal root ganglion,5
170_189,Dorsal root ganglion,5
170_190,Dorsal root ganglion,5
170_191,Inner ear,5
170_192,Inner ear,5
170_193,Inner ear,5
170_194,Inner ear,5
170_195,Dorsal root ganglion,5
170_196,Dorsal root ganglion,5
170_197,Dorsal root ganglion,5
170_198,Dorsal root ganglion,5
170_199,Dorsal root ganglion,5
170_200,Inner ear,5
170_201,Inner ear,5
170_202,Inner ear,5
170_203,Inner ear,5
170_204,Inner ear,5
170_205,Inner ear,5
170_206,Inner ear,5
170_207,Connective tissue,5
170_208,Connective tissue,5
170_209,Dorsal root ganglion,5
170_210,Dorsal root ganglion,5
170_211,Dorsal root ganglion,5
170_212,Dorsal root ganglion,5
170_213,Dorsal root ganglion,5
170_214,Dorsal root ganglion,5
170_215,Dorsal root ganglion,5
170_216,Dorsal root ganglion,5
170_217,Dorsal root ganglion,5
170_218,Dorsal root ganglion,5
170_219,Dorsal root ganglion,5
170_220,Dorsal root ganglion,5
170_221,Dorsal root ganglion,5
170_222,Dorsal root ganglion,5
170_223,Dorsal root ganglion,5
170_224,Dorsal root ganglion,5
170_225,Dorsal root ganglion,5
170_226,Dorsal root ganglion,5
170_227,Dorsal root ganglion,5
170_228,Dorsal root ganglion,5
170_229,Dorsal root ganglion,5
170_230,Dorsal root ganglion,5
170_231,Dorsal root ganglion,5
170_232,Dorsal root ganglion,5
170_233,Dorsal root ganglion,5
170_234,Dorsal root ganglion,5
170_235,Connective tissue,5
170_236,Dermomyotome,5
170_237,Connective tissue,4
170_238,Blood vessel,4
170_239,Connective tissue,4
170_240,Dermomyotome,4
170_241,Dermomyotome,4
170_242,Dermomyotome,4
170_243,Dermomyotome,4
170_244,Dermomyotome,4
170_245,Dermomyotome,4
170_246,Dermomyotome,4
170_247,Dermomyotome,4
170_248,Dermomyotome,4
170_249,Dermomyotome,4
170_250,Dermomyotome,4
170_251,Dermomyotome,4
170_252,Dermomyotome,4
170_253,Dermomyotome,4
170_254,Dermomyotome,4
170_255,Dermomyotome,4
170_256,Dermomyotome,4
170_257,Dermomyotome,4
170_258,Dermomyotome,4
170_259,Dermomyotome,4
170_260,Dermomyotome,4
170_261,Dermomyotome,4
170_262,Dermomyotome,4
170_263,Dermomyotome,4
170_264,Dermomyotome,4
170_265,Dermomyotome,4
170_266,Dermomyotome,4
170_267,Dermomyotome,4
170_268,Dermomyotome,4
170_269,Dermomyotome,4
170_270,Dermomyotome,4
170_271,Dermomyotome,4
170_272,Dermomyotome,4
170_273,Dermomyotome,4
170_274,Dermomyotome,4
170_275,Dermomyotome,4
170_276,Dermomyotome,4
170_277,Dermomyotome,4
170_278,Dermomyotome,15
170_279,Dermomyotome,15
170_280,Dermomyotome,15
170_281,Dermomyotome,15
170_282,Dermomyotome,15
170_283,Dermomyotome,15
170_284,Dermomyotome,15
170_285,Dermomyotome,15
170_286,Dermomyotome,15
170_287,Dermomyotome,15
170_288,Dermomyotome,15
170_289,Dermomyotome,15
170_290,Dermomyotome,15
170_291,Dermomyotome,14
170_292,Surface ectoderm,14
170_293,Surface ectoderm,14
170_294,Surface ectoderm,14
170_295,Surface ectoderm,14
170_296,Surface ectoderm,14
170_297,Surface ectoderm,14
170_298,Cavity,14
171_111,Cavity,13
171_112,Cavity,13
171_113,Meninges,13
171_114,Meninges,13
171_115,Meninges,13
171_116,Meninges,13
171_117,Meninges,13
171_118,Meninges,5
171_119,Meninges,5
171_120,Meninges,5
171_121,Meninges,5
171_122,Meninges,5
171_123,Meninges,5
171_124,Meninges,5
171_125,Meninges,5
171_126,Meninges,5
171_127,Jaw and tooth,5
171_128,Jaw and tooth,5
171_129,Jaw and tooth,5
171_130,Jaw and tooth,5
171_131,Jaw and tooth,5
171_132,Head mesenchyme,5
171_133,Head mesenchyme,5
171_134,Brain,7
171_135,Brain,7
171_136,Brain,7
171_137,Brain,7
171_138,Brain,7
171_139,Brain,7
171_140,Brain,7
171_141,Brain,7
171_142,Brain,11
171_143,Brain,11
171_144,Brain,18
171_145,Brain,18
171_146,Brain,18
171_147,Cavity,13
171_148,Cavity,13
171_149,Cavity,13
171_150,Cavity,13
171_151,Cavity,13
171_152,Cavity,13
171_153,Cavity,13
171_154,Cavity,13
171_155,Cavity,13
171_156,Cavity,13
171_157,Cavity,13
171_158,Cavity,13
171_159,Cavity,13
171_160,Cavity,13
171_161,Cavity,13
171_162,Cavity,13
171_163,Cavity,13
171_164,Cavity,13
171_165,Cavity,13
171_166,Cavity,13
171_167,Cavity,13
171_168,Cavity,13
171_169,Cavity,13
171_170,Cavity,13
171_171,Cavity,13
171_172,Brain,13
171_173,Brain,11
171_174,Brain,11
171_175,Brain,11
171_176,Brain,11
171_177,Brain,11
171_178,Brain,7
171_179,Brain,7
171_180,Brain,7
171_181,Brain,7
171_182,Brain,7
171_183,Brain,5
171_184,Brain,5
171_185,Connective tissue,5
171_186,Dorsal root ganglion,5
171_187,Dorsal root ganglion,5
171_188,Dorsal root ganglion,5
171_189,Dorsal root ganglion,5
171_190,Dorsal root ganglion,5
171_191,Dorsal root ganglion,5
171_192,Inner ear,5
171_193,Inner ear,5
171_194,Inner ear,5
171_195,Inner ear,5
171_196,Dorsal root ganglion,5
171_197,Dorsal root ganglion,5
171_198,Dorsal root ganglion,5
171_199,Dorsal root ganglion,5
171_200,Head mesenchyme,5
171_201,Inner ear,5
171_202,Inner ear,5
171_203,Inner ear,5
171_204,Inner ear,5
171_205,Inner ear,5
171_206,Inner ear,5
171_207,Connective tissue,5
171_208,Blood vessel,5
171_209,Dorsal root ganglion,5
171_210,Dorsal root ganglion,5
171_211,Dorsal root ganglion,5
171_212,Dorsal root ganglion,5
171_213,Dorsal root ganglion,5
171_214,Dorsal root ganglion,5
171_215,Dorsal root ganglion,5
171_216,Dorsal root ganglion,5
171_217,Dorsal root ganglion,5
171_218,Connective tissue,5
171_219,Connective tissue,5
171_220,Dorsal root ganglion,5
171_221,Dorsal root ganglion,5
171_222,Dorsal root ganglion,5
171_223,Dorsal root ganglion,5
171_224,Dorsal root ganglion,5
171_225,Dorsal root ganglion,5
171_226,Dorsal root ganglion,5
171_227,Dorsal root ganglion,5
171_228,Dorsal root ganglion,5
171_229,Dorsal root ganglion,5
171_230,Dorsal root ganglion,5
171_231,Dorsal root ganglion,5
171_232,Dorsal root ganglion,5
171_233,Dorsal root ganglion,5
171_234,Dorsal root ganglion,5
171_235,Dorsal root ganglion,5
171_236,Dorsal root ganglion,5
171_237,Connective tissue,5
171_238,Blood vessel,5
171_239,Blood vessel,4
171_240,Dermomyotome,4
171_241,Dermomyotome,4
171_242,Dermomyotome,4
171_243,Dermomyotome,4
171_244,Dermomyotome,4
171_245,Dermomyotome,4
171_246,Dermomyotome,4
171_247,Dermomyotome,4
171_248,Dermomyotome,4
171_249,Dermomyotome,4
171_250,Dermomyotome,4
171_251,Dermomyotome,4
171_252,Dermomyotome,4
171_253,Dermomyotome,4
171_254,Dermomyotome,4
171_255,Dermomyotome,4
171_256,Dermomyotome,4
171_257,Dermomyotome,4
171_258,Dermomyotome,4
171_259,Dermomyotome,4
171_260,Dermomyotome,4
171_261,Dermomyotome,4
171_262,Dermomyotome,4
171_263,Dermomyotome,4
171_264,Dermomyotome,4
171_265,Dermomyotome,4
171_266,Dermomyotome,4
171_267,Dermomyotome,4
171_268,Dermomyotome,4
171_269,Dermomyotome,4
171_270,Dermomyotome,4
171_271,Dermomyotome,4
171_272,Dermomyotome,4
171_273,Dermomyotome,4
171_274,Dermomyotome,4
171_275,Dermomyotome,4
171_276,Dermomyotome,4
171_277,Dermomyotome,4
171_278,Dermomyotome,15
171_279,Dermomyotome,15
171_280,Dermomyotome,15
171_281,Dermomyotome,15
171_282,Dermomyotome,15
171_283,Dermomyotome,15
171_284,Dermomyotome,15
171_285,Dermomyotome,15
171_286,Dermomyotome,15
171_287,Dermomyotome,15
171_288,Dermomyotome,15
171_289,Dermomyotome,15
171_290,Dermomyotome,15
171_291,Dermomyotome,15
171_292,Dermomyotome,14
171_293,Dermomyotome,14
171_294,Surface ectoderm,14
171_295,Surface ectoderm,14
171_296,Surface ectoderm,14
171_297,Surface ectoderm,14
171_298,Surface ectoderm,14
171_299,Cavity,14
172_109,Cavity,13
172_110,Cavity,13
172_111,Meninges,13
172_112,Meninges,13
172_113,Meninges,13
172_114,Meninges,13
172_115,Meninges,13
172_116,Meninges,13
172_117,Jaw and tooth,5
172_118,Jaw and tooth,5
172_119,Meninges,5
172_120,Meninges,5
172_121,Jaw and tooth,5
172_122,Jaw and tooth,5
172_123,Jaw and tooth,5
172_124,Jaw and tooth,5
172_125,Jaw and tooth,5
172_126,Jaw and tooth,5
172_127,Jaw and tooth,5
172_128,Jaw and tooth,5
172_129,Jaw and tooth,5
172_130,Head mesenchyme,5
172_131,Jaw and tooth,5
172_132,Head mesenchyme,5
172_133,Head mesenchyme,5
172_134,Brain,7
172_135,Brain,7
172_136,Brain,7
172_137,Brain,7
172_138,Brain,7
172_139,Brain,7
172_140,Brain,7
172_141,Brain,11
172_142,Brain,11
172_143,Brain,11
172_144,Brain,11
172_145,Brain,11
172_146,Brain,11
172_147,Brain,11
172_148,Cavity,13
172_149,Cavity,13
172_150,Cavity,13
172_151,Cavity,13
172_152,Cavity,13
172_153,Cavity,13
172_154,Cavity,13
172_155,Cavity,13
172_156,Cavity,13
172_157,Cavity,13
172_158,Cavity,13
172_159,Cavity,13
172_160,Cavity,13
172_161,Cavity,13
172_162,Cavity,13
172_163,Cavity,13
172_164,Cavity,13
172_165,Cavity,13
172_166,Cavity,13
172_167,Cavity,13
172_168,Cavity,13
172_169,Cavity,13
172_170,Cavity,13
172_171,Cavity,13
172_172,Brain,11
172_173,Brain,11
172_174,Brain,11
172_175,Brain,11
172_176,Brain,11
172_177,Brain,7
172_178,Brain,7
172_179,Brain,7
172_180,Brain,7
172_181,Brain,7
172_182,Brain,7
172_183,Brain,5
172_184,Brain,5
172_185,Jaw and tooth,5
172_186,Dorsal root ganglion,5
172_187,Dorsal root ganglion,5
172_188,Dorsal root ganglion,5
172_189,Dorsal root ganglion,5
172_190,Dorsal root ganglion,5
172_191,Dorsal root ganglion,5
172_192,Inner ear,5
172_193,Inner ear,5
172_194,Inner ear,5
172_195,Inner ear,5
172_196,Dorsal root ganglion,5
172_197,Dorsal root ganglion,5
172_198,Dorsal root ganglion,5
172_199,Dorsal root ganglion,5
172_200,Dorsal root ganglion,5
172_201,Dorsal root ganglion,5
172_202,Inner ear,5
172_203,Inner ear,5
172_204,Inner ear,5
172_205,Inner ear,5
172_206,Inner ear,5
172_207,Inner ear,5
172_208,Connective tissue,5
172_209,Connective tissue,5
172_210,Dorsal root ganglion,5
172_211,Dorsal root ganglion,5
172_212,Dorsal root ganglion,5
172_213,Dorsal root ganglion,5
172_214,Dorsal root ganglion,5
172_215,Dorsal root ganglion,5
172_216,Dorsal root ganglion,5
172_217,Dorsal root ganglion,5
172_218,Dorsal root ganglion,5
172_219,Connective tissue,5
172_220,Connective tissue,5
172_221,Connective tissue,5
172_222,Connective tissue,5
172_223,Connective tissue,5
172_224,Connective tissue,5
172_225,Dorsal root ganglion,5
172_226,Dorsal root ganglion,5
172_227,Dorsal root ganglion,5
172_228,Dorsal root ganglion,5
172_229,Dorsal root ganglion,5
172_230,Dorsal root ganglion,5
172_231,Dorsal root ganglion,5
172_232,Dorsal root ganglion,5
172_233,Dorsal root ganglion,5
172_234,Dorsal root ganglion,5
172_235,Dorsal root ganglion,5
172_236,Dorsal root ganglion,5
172_237,Dorsal root ganglion,5
172_238,Blood vessel,5
172_239,Blood vessel,8
172_240,Blood vessel,8
172_241,Blood vessel,8
172_242,Dermomyotome,8
172_243,Dermomyotome,4
172_244,Connective tissue,4
172_245,Connective tissue,4
172_246,Dermomyotome,4
172_247,Dermomyotome,4
172_248,Dermomyotome,4
172_249,Dermomyotome,4
172_250,Dermomyotome,4
172_251,Dermomyotome,4
172_252,Dermomyotome,4
172_253,Dermomyotome,4
172_254,Dermomyotome,4
172_255,Dermomyotome,4
172_256,Dermomyotome,4
172_257,Dermomyotome,4
172_258,Dermomyotome,4
172_259,Dermomyotome,4
172_260,Dermomyotome,4
172_261,Dermomyotome,4
172_262,Dermomyotome,4
172_263,Dermomyotome,4
172_264,Dermomyotome,4
172_265,Dermomyotome,4
172_266,Dermomyotome,4
172_267,Dermomyotome,4
172_268,Dermomyotome,4
172_269,Dermomyotome,4
172_270,Dermomyotome,4
172_271,Dermomyotome,4
172_272,Dermomyotome,4
172_273,Dermomyotome,4
172_274,Dermomyotome,4
172_275,Dermomyotome,4
172_276,Dermomyotome,4
172_277,Dermomyotome,4
172_278,Dermomyotome,4
172_279,Dermomyotome,4
172_280,Dermomyotome,4
172_281,Dermomyotome,15
172_282,Dermomyotome,4
172_283,Dermomyotome,15
172_284,Dermomyotome,15
172_285,Dermomyotome,15
172_286,Dermomyotome,15
172_287,Dermomyotome,15
172_288,Dermomyotome,15
172_289,Dermomyotome,15
172_290,Dermomyotome,15
172_291,Dermomyotome,15
172_292,Dermomyotome,15
172_293,Dermomyotome,14
172_294,Surface ectoderm,14
172_295,Surface ectoderm,14
172_296,Surface ectoderm,14
172_297,Surface ectoderm,14
172_298,Surface ectoderm,14
172_299,Surface ectoderm,14
172_300,Cavity,14
172_301,Cavity,14
173_107,Cavity,13
173_108,Cavity,13
173_109,Meninges,13
173_110,Meninges,13
173_111,Meninges,13
173_112,Meninges,13
173_113,Meninges,13
173_114,Meninges,5
173_115,Meninges,5
173_116,Meninges,5
173_117,Meninges,5
173_118,Meninges,5
173_119,Jaw and tooth,5
173_120,Brain,5
173_121,Brain,5
173_122,Jaw and tooth,5
173_123,Jaw and tooth,5
173_124,Jaw and tooth,5
173_125,Jaw and tooth,5
173_126,Jaw and tooth,5
173_127,Jaw and tooth,5
173_128,Jaw and tooth,5
173_129,Jaw and tooth,5
173_130,Jaw and tooth,5
173_131,Head mesenchyme,5
173_132,Head mesenchyme,5
173_133,Blood vessel,5
173_134,Brain,5
173_135,Brain,7
173_136,Brain,7
173_137,Brain,7
173_138,Brain,7
173_139,Brain,7
173_140,Brain,7
173_141,Brain,11
173_142,Brain,11
173_143,Brain,11
173_144,Brain,11
173_145,Brain,11
173_146,Brain,11
173_147,Brain,11
173_148,Brain,11
173_149,Brain,13
173_150,Cavity,11
173_151,Cavity,13
173_152,Cavity,13
173_153,Cavity,13
173_154,Cavity,13
173_155,Cavity,13
173_156,Cavity,13
173_157,Cavity,13
173_158,Cavity,13
173_159,Cavity,13
173_160,Cavity,13
173_161,Cavity,13
173_162,Cavity,13
173_163,Cavity,13
173_164,Cavity,13
173_165,Cavity,13
173_166,Cavity,13
173_167,Cavity,13
173_168,Cavity,13
173_169,Cavity,13
173_170,Cavity,13
173_171,Cavity,13
173_172,Brain,11
173_173,Brain,11
173_174,Brain,11
173_175,Brain,11
173_176,Brain,11
173_177,Brain,7
173_178,Brain,7
173_179,Brain,7
173_180,Brain,7
173_181,Brain,7
173_182,Brain,7
173_183,Brain,5
173_184,Brain,5
173_185,Connective tissue,5
173_186,Dorsal root ganglion,5
173_187,Dorsal root ganglion,5
173_188,Dorsal root ganglion,5
173_189,Dorsal root ganglion,5
173_190,Dorsal root ganglion,5
173_191,Dorsal root ganglion,5
173_192,Inner ear,5
173_193,Inner ear,5
173_194,Inner ear,5
173_195,Inner ear,5
173_196,Inner ear,5
173_197,Dorsal root ganglion,5
173_198,Dorsal root ganglion,5
173_199,Dorsal root ganglion,5
173_200,Dorsal root ganglion,5
173_201,Dorsal root ganglion,5
173_202,Inner ear,5
173_203,Inner ear,5
173_204,Inner ear,5
173_205,Inner ear,5
173_206,Inner ear,5
173_207,Inner ear,5
173_208,Connective tissue,5
173_209,Connective tissue,5
173_210,Dorsal root ganglion,5
173_211,Dorsal root ganglion,5
173_212,Dorsal root ganglion,5
173_213,Dorsal root ganglion,5
173_214,Dorsal root ganglion,5
173_215,Dorsal root ganglion,5
173_216,Dorsal root ganglion,5
173_217,Dorsal root ganglion,5
173_218,Dorsal root ganglion,5
173_219,Connective tissue,5
173_220,Connective tissue,5
173_221,Connective tissue,5
173_222,Lung primordium,5
173_223,Connective tissue,5
173_224,Connective tissue,5
173_225,Connective tissue,6
173_226,GI tract,6
173_227,Dermomyotome,5
173_228,Dermomyotome,5
173_229,Dorsal root ganglion,5
173_230,Dorsal root ganglion,5
173_231,Dorsal root ganglion,5
173_232,Dorsal root ganglion,5
173_233,Dorsal root ganglion,5
173_234,Dorsal root ganglion,5
173_235,Dorsal root ganglion,5
173_236,Dorsal root ganglion,5
173_237,Dorsal root ganglion,5
173_238,Dorsal root ganglion,5
173_239,Blood vessel,5
173_240,Blood vessel,8
173_241,Blood vessel,8
173_242,Blood vessel,8
173_243,Blood vessel,8
173_244,Blood vessel,4
173_245,Blood vessel,4
173_246,Dermomyotome,4
173_247,Dermomyotome,4
173_248,Dermomyotome,4
173_249,Dermomyotome,15
173_250,Dermomyotome,4
173_251,Dermomyotome,4
173_252,Dermomyotome,4
173_253,Dermomyotome,4
173_254,Dermomyotome,4
173_255,Dermomyotome,4
173_256,Dermomyotome,4
173_257,Dermomyotome,4
173_258,Connective tissue,4
173_259,Dermomyotome,4
173_260,Dermomyotome,4
173_261,Dermomyotome,4
173_262,Dermomyotome,4
173_263,Dermomyotome,4
173_264,Dermomyotome,4
173_265,Dermomyotome,4
173_266,Dermomyotome,4
173_267,Connective tissue,4
173_268,Dermomyotome,4
173_269,Dermomyotome,4
173_270,Dermomyotome,4
173_271,Dermomyotome,4
173_272,Dermomyotome,4
173_273,Dermomyotome,4
173_274,Dermomyotome,4
173_275,Dermomyotome,4
173_276,Dermomyotome,4
173_277,Dermomyotome,4
173_278,Dermomyotome,4
173_279,Dermomyotome,4
173_280,Dermomyotome,4
173_281,Dermomyotome,4
173_282,Dermomyotome,4
173_283,Dermomyotome,4
173_284,Dermomyotome,15
173_285,Dermomyotome,15
173_286,Dermomyotome,15
173_287,Dermomyotome,15
173_288,Dermomyotome,15
173_289,Dermomyotome,15
173_290,Dermomyotome,15
173_291,Dermomyotome,15
173_292,Dermomyotome,4
173_293,Dermomyotome,4
173_294,Sclerotome,14
173_295,Surface ectoderm,14
173_296,Surface ectoderm,14
173_297,Surface ectoderm,14
173_298,Surface ectoderm,14
173_299,Surface ectoderm,14
173_300,Surface ectoderm,14
173_301,Surface ectoderm,14
173_302,Cavity,14
174_105,Cavity,13
174_106,Cavity,13
174_107,Meninges,13
174_108,Meninges,13
174_109,Meninges,13
174_110,Meninges,13
174_111,Meninges,13
174_112,Meninges,13
174_113,Meninges,5
174_114,Meninges,5
174_115,Meninges,5
174_116,Meninges,7
174_117,Meninges,7
174_118,Meninges,7
174_119,Brain,7
174_120,Brain,5
174_121,Brain,5
174_122,Brain,5
174_123,Brain,5
174_124,Jaw and tooth,5
174_125,Jaw and tooth,5
174_126,Jaw and tooth,5
174_127,Jaw and tooth,5
174_128,Jaw and tooth,5
174_129,Jaw and tooth,5
174_130,Jaw and tooth,5
174_131,Jaw and tooth,5
174_132,Head mesenchyme,5
174_133,Head mesenchyme,5
174_134,Brain,5
174_135,Brain,7
174_136,Brain,7
174_137,Brain,7
174_138,Brain,7
174_139,Brain,7
174_140,Brain,7
174_141,Brain,7
174_142,Brain,11
174_143,Brain,11
174_144,Brain,11
174_145,Brain,11
174_146,Brain,11
174_147,Brain,11
174_148,Brain,11
174_149,Brain,11
174_150,Brain,11
174_151,Brain,11
174_152,Cavity,13
174_153,Cavity,13
174_154,Cavity,13
174_155,Cavity,13
174_156,Cavity,13
174_157,Cavity,13
174_158,Cavity,13
174_159,Cavity,13
174_160,Cavity,13
174_161,Cavity,13
174_162,Cavity,13
174_163,Cavity,13
174_164,Cavity,13
174_165,Cavity,13
174_166,Cavity,13
174_167,Cavity,13
174_168,Cavity,13
174_169,Cavity,13
174_170,Cavity,13
174_171,Brain,13
174_172,Brain,11
174_173,Brain,11
174_174,Brain,11
174_175,Brain,11
174_176,Brain,11
174_177,Brain,11
174_178,Brain,7
174_179,Brain,7
174_180,Brain,7
174_181,Brain,7
174_182,Brain,7
174_183,Brain,7
174_184,Brain,5
174_185,Connective tissue,5
174_186,Connective tissue,5
174_187,Dorsal root ganglion,5
174_188,Dorsal root ganglion,5
174_189,Dorsal root ganglion,5
174_190,Dorsal root ganglion,5
174_191,Dorsal root ganglion,5
174_192,Dorsal root ganglion,5
174_193,Inner ear,5
174_194,Inner ear,5
174_195,Inner ear,5
174_196,Inner ear,5
174_197,Dorsal root ganglion,5
174_198,Dorsal root ganglion,5
174_199,Dorsal root ganglion,5
174_200,Dorsal root ganglion,5
174_201,Dorsal root ganglion,5
174_202,Inner ear,5
174_203,Inner ear,5
174_204,Inner ear,5
174_205,Inner ear,5
174_206,Inner ear,5
174_207,Inner ear,5
174_208,Inner ear,5
174_209,Connective tissue,5
174_210,Connective tissue,5
174_211,Dorsal root ganglion,5
174_212,Dorsal root ganglion,5
174_213,Dorsal root ganglion,5
174_214,Dorsal root ganglion,5
174_215,Dorsal root ganglion,5
174_216,Dorsal root ganglion,5
174_217,Dorsal root ganglion,5
174_218,Inner ear,5
174_219,Inner ear,5
174_220,Inner ear,5
174_221,Lung primordium,5
174_222,Lung primordium,5
174_223,Dermomyotome,5
174_224,Dermomyotome,6
174_225,Lung primordium,6
174_226,Dermomyotome,6
174_227,Dermomyotome,6
174_228,Dermomyotome,6
174_229,Dermomyotome,6
174_230,Dermomyotome,5
174_231,Dorsal root ganglion,5
174_232,Dorsal root ganglion,5
174_233,Dorsal root ganglion,5
174_234,Dorsal root ganglion,5
174_235,Dorsal root ganglion,5
174_236,Dorsal root ganglion,5
174_237,Dorsal root ganglion,5
174_238,Dorsal root ganglion,5
174_239,Connective tissue,5
174_240,Blood vessel,8
174_241,Blood vessel,8
174_242,Blood vessel,8
174_243,Cavity,8
174_244,Cavity,8
174_245,Blood vessel,8
174_246,Blood vessel,8
174_247,Dermomyotome,8
174_248,Dermomyotome,15
174_249,Dermomyotome,15
174_250,Dermomyotome,15
174_251,Dermomyotome,4
174_252,Dermomyotome,4
174_253,Dermomyotome,4
174_254,Dermomyotome,4
174_255,Dermomyotome,4
174_256,Dermomyotome,4
174_257,Dermomyotome,4
174_258,Connective tissue,4
174_259,Dermomyotome,4
174_260,Dermomyotome,4
174_261,Dermomyotome,4
174_262,Dermomyotome,4
174_263,Dermomyotome,4
174_264,Dermomyotome,4
174_265,Dermomyotome,4
174_266,Dermomyotome,4
174_267,Dermomyotome,4
174_268,Dermomyotome,4
174_269,Dermomyotome,4
174_270,Dermomyotome,4
174_271,Dermomyotome,4
174_272,Dermomyotome,4
174_273,Dermomyotome,4
174_274,Dermomyotome,4
174_275,Dermomyotome,4
174_276,Dermomyotome,4
174_277,Dermomyotome,4
174_278,Dermomyotome,4
174_279,Dermomyotome,4
174_280,Dermomyotome,4
174_281,Dermomyotome,4
174_282,Dermomyotome,4
174_283,Dermomyotome,4
174_284,Dermomyotome,4
174_285,Dermomyotome,15
174_286,Dermomyotome,15
174_287,Dermomyotome,15
174_288,Dermomyotome,15
174_289,Dermomyotome,15
174_290,Dermomyotome,15
174_291,Dermomyotome,15
174_292,Dermomyotome,4
174_293,Sclerotome,4
174_294,Sclerotome,14
174_295,Sclerotome,14
174_296,Surface ectoderm,14
174_297,Surface ectoderm,14
174_298,Surface ectoderm,14
174_299,Surface ectoderm,14
174_300,Surface ectoderm,14
174_301,Surface ectoderm,14
174_302,Surface ectoderm,14
174_303,Cavity,14
175_105,Cavity,13
175_106,Meninges,13
175_107,Meninges,13
175_108,Meninges,13
175_109,Meninges,13
175_110,Meninges,13
175_111,Meninges,13
175_112,Meninges,7
175_113,Meninges,7
175_114,Meninges,7
175_115,Meninges,7
175_116,Brain,7
175_117,Brain,7
175_118,Brain,7
175_119,Brain,7
175_120,Brain,7
175_121,Brain,7
175_122,Brain,5
175_123,Brain,5
175_124,Brain,5
175_125,Jaw and tooth,5
175_126,Jaw and tooth,5
175_127,Jaw and tooth,5
175_128,Jaw and tooth,5
175_129,Jaw and tooth,5
175_130,Jaw and tooth,5
175_131,Jaw and tooth,5
175_132,Jaw and tooth,5
175_133,Head mesenchyme,5
175_134,Head mesenchyme,5
175_135,Brain,7
175_136,Brain,7
175_137,Brain,7
175_138,Brain,7
175_139,Brain,7
175_140,Brain,7
175_141,Brain,7
175_142,Brain,7
175_143,Brain,11
175_144,Brain,11
175_145,Brain,11
175_146,Brain,11
175_147,Brain,11
175_148,Brain,11
175_149,Brain,11
175_150,Brain,11
175_151,Brain,11
175_152,Brain,11
175_153,Cavity,11
175_154,Cavity,13
175_155,Cavity,13
175_156,Cavity,13
175_157,Cavity,13
175_158,Cavity,13
175_159,Cavity,13
175_160,Cavity,13
175_161,Cavity,13
175_162,Cavity,13
175_163,Cavity,13
175_164,Cavity,13
175_165,Cavity,13
175_166,Cavity,13
175_167,Cavity,13
175_168,Cavity,13
175_169,Cavity,13
175_170,Brain,13
175_171,Brain,11
175_172,Brain,11
175_173,Brain,11
175_174,Brain,11
175_175,Brain,11
175_176,Brain,11
175_177,Brain,11
175_178,Brain,7
175_179,Brain,7
175_180,Brain,7
175_181,Brain,7
175_182,Brain,7
175_183,Brain,7
175_184,Brain,7
175_185,Connective tissue,5
175_186,Dorsal root ganglion,5
175_187,Dorsal root ganglion,5
175_188,Dorsal root ganglion,5
175_189,Dorsal root ganglion,5
175_190,Dorsal root ganglion,5
175_191,Dorsal root ganglion,5
175_192,Dorsal root ganglion,5
175_193,Inner ear,5
175_194,Inner ear,5
175_195,Inner ear,5
175_196,Inner ear,5
175_197,Dorsal root ganglion,5
175_198,Dorsal root ganglion,5
175_199,Dorsal root ganglion,5
175_200,Dorsal root ganglion,5
175_201,Dorsal root ganglion,5
175_202,Inner ear,5
175_203,Inner ear,5
175_204,Inner ear,5
175_205,Inner ear,5
175_206,Inner ear,5
175_207,Inner ear,5
175_208,Inner ear,5
175_209,Connective tissue,5
175_210,Blood vessel,5
175_211,Blood vessel,5
175_212,Blood vessel,5
175_213,Dorsal root ganglion,5
175_214,Dorsal root ganglion,5
175_215,Dorsal root ganglion,5
175_216,Dorsal root ganglion,5
175_217,Dorsal root ganglion,5
175_218,Inner ear,5
175_219,Inner ear,9
175_220,Lung primordium,9
175_221,Lung primordium,9
175_222,Inner ear,9
175_223,Dermomyotome,9
175_224,Dermomyotome,9
175_225,Lung primordium,6
175_226,Lung primordium,6
175_227,Connective tissue,6
175_228,Connective tissue,6
175_229,Dermomyotome,6
175_230,Dermomyotome,6
175_231,Dermomyotome,6
175_232,Dorsal root ganglion,6
175_233,Dorsal root ganglion,5
175_234,Dorsal root ganglion,5
175_235,Dorsal root ganglion,5
175_236,Dorsal root ganglion,5
175_237,Dorsal root ganglion,5
175_238,Dorsal root ganglion,5
175_239,Dorsal root ganglion,5
175_240,Connective tissue,8
175_241,Connective tissue,8
175_242,Blood vessel,8
175_243,Blood vessel,8
175_244,Cavity,8
175_245,Cavity,8
175_246,Blood vessel,8
175_247,Connective tissue,8
175_248,Dermomyotome,15
175_249,Dermomyotome,15
175_250,Dermomyotome,15
175_251,Dermomyotome,6
175_252,Dermomyotome,4
175_253,Dermomyotome,4
175_254,Dermomyotome,4
175_255,Dermomyotome,4
175_256,Connective tissue,4
175_257,Dermomyotome,4
175_258,Connective tissue,4
175_259,Dermomyotome,4
175_260,Dermomyotome,4
175_261,Dermomyotome,4
175_262,Connective tissue,4
175_263,Dermomyotome,4
175_264,Dermomyotome,4
175_265,Dermomyotome,4
175_266,Dermomyotome,4
175_267,Dermomyotome,4
175_268,Dermomyotome,4
175_269,Dermomyotome,4
175_270,Dermomyotome,4
175_271,Dermomyotome,4
175_272,Dermomyotome,4
175_273,Dermomyotome,4
175_274,Dermomyotome,4
175_275,Dermomyotome,4
175_276,Dermomyotome,4
175_277,Dermomyotome,4
175_278,Dermomyotome,4
175_279,Dermomyotome,4
175_280,Dermomyotome,4
175_281,Connective tissue,4
175_282,Dermomyotome,4
175_283,Dermomyotome,4
175_284,Dermomyotome,4
175_285,Dermomyotome,15
175_286,Dermomyotome,15
175_287,Dermomyotome,15
175_288,Dermomyotome,15
175_289,Dermomyotome,15
175_290,Dermomyotome,15
175_291,Dermomyotome,15
175_292,Dermomyotome,4
175_293,Dermomyotome,4
175_294,Dermomyotome,4
175_295,Dermomyotome,15
175_296,Dermomyotome,14
175_297,Dermomyotome,14
175_298,Surface ectoderm,14
175_299,Surface ectoderm,14
175_300,Surface ectoderm,14
175_301,Surface ectoderm,14
175_302,Surface ectoderm,14
175_303,Surface ectoderm,14
175_304,Cavity,14
176_104,Cavity,13
176_105,Meninges,13
176_106,Meninges,13
176_107,Meninges,13
176_108,Meninges,13
176_109,Meninges,13
176_110,Meninges,13
176_111,Meninges,13
176_112,Meninges,7
176_113,Meninges,7
176_114,Brain,7
176_115,Brain,7
176_116,Brain,7
176_117,Brain,7
176_118,Brain,7
176_119,Brain,7
176_120,Brain,7
176_121,Brain,7
176_122,Brain,7
176_123,Brain,7
176_124,Brain,5
176_125,Brain,5
176_126,Jaw and tooth,5
176_127,Jaw and tooth,5
176_128,Jaw and tooth,5
176_129,Jaw and tooth,5
176_130,Jaw and tooth,5
176_131,Head mesenchyme,5
176_132,Head mesenchyme,5
176_133,Head mesenchyme,5
176_134,Head mesenchyme,5
176_135,Head mesenchyme,5
176_136,Brain,7
176_137,Brain,7
176_138,Brain,7
176_139,Brain,7
176_140,Brain,7
176_141,Brain,7
176_142,Brain,7
176_143,Brain,11
176_144,Brain,11
176_145,Brain,11
176_146,Brain,11
176_147,Brain,11
176_148,Brain,11
176_149,Brain,11
176_150,Brain,11
176_151,Brain,11
176_152,Brain,11
176_153,Brain,11
176_154,Cavity,13
176_155,Cavity,13
176_156,Cavity,13
176_157,Cavity,13
176_158,Cavity,13
176_159,Cavity,13
176_160,Cavity,13
176_161,Cavity,13
176_162,Cavity,13
176_163,Cavity,13
176_164,Cavity,13
176_165,Cavity,13
176_166,Cavity,13
176_167,Cavity,13
176_168,Cavity,13
176_169,Brain,11
176_170,Brain,11
176_171,Brain,11
176_172,Brain,11
176_173,Brain,11
176_174,Brain,11
176_175,Brain,11
176_176,Brain,11
176_177,Brain,11
176_178,Brain,7
176_179,Brain,7
176_180,Brain,7
176_181,Brain,7
176_182,Brain,7
176_183,Brain,7
176_184,Brain,5
176_185,Head mesenchyme,5
176_186,Connective tissue,5
176_187,Dorsal root ganglion,5
176_188,Dorsal root ganglion,5
176_189,Dorsal root ganglion,5
176_190,Dorsal root ganglion,5
176_191,Dorsal root ganglion,5
176_192,Dorsal root ganglion,5
176_193,Dorsal root ganglion,5
176_194,Inner ear,5
176_195,Inner ear,5
176_196,Inner ear,5
176_197,Dorsal root ganglion,5
176_198,Dorsal root ganglion,5
176_199,Dorsal root ganglion,5
176_200,Dorsal root ganglion,5
176_201,Inner ear,5
176_202,Inner ear,5
176_203,Inner ear,5
176_204,Inner ear,5
176_205,Inner ear,5
176_206,Inner ear,5
176_207,Inner ear,5
176_208,Head mesenchyme,5
176_209,Connective tissue,5
176_210,Connective tissue,5
176_211,Connective tissue,5
176_212,Connective tissue,5
176_213,Connective tissue,5
176_214,Connective tissue,5
176_215,Head mesenchyme,5
176_216,Connective tissue,5
176_217,Connective tissue,5
176_218,Head mesenchyme,9
176_219,Inner ear,9
176_220,Lung primordium,9
176_221,Lung primordium,9
176_222,Lung primordium,9
176_223,Lung primordium,9
176_224,Lung primordium,9
176_225,Lung primordium,9
176_226,Lung primordium,6
176_227,Lung primordium,6
176_228,Lung primordium,6
176_229,Lung primordium,6
176_230,Lung primordium,6
176_231,Dermomyotome,6
176_232,Dermomyotome,6
176_233,Lung primordium,6
176_234,Dorsal root ganglion,6
176_235,Dorsal root ganglion,5
176_236,Dorsal root ganglion,5
176_237,Dorsal root ganglion,5
176_238,Dorsal root ganglion,5
176_239,Dorsal root ganglion,5
176_240,Connective tissue,5
176_241,Connective tissue,8
176_242,Connective tissue,8
176_243,Blood vessel,8
176_244,Cavity,8
176_245,Cavity,8
176_246,Cavity,8
176_247,Blood vessel,8
176_248,Connective tissue,8
176_249,Dermomyotome,6
176_250,Connective tissue,6
176_251,Connective tissue,6
176_252,Connective tissue,6
176_253,Dermomyotome,4
176_254,Dermomyotome,4
176_255,Connective tissue,4
176_256,Dermomyotome,4
176_257,Connective tissue,4
176_258,Connective tissue,4
176_259,Connective tissue,4
176_260,Connective tissue,4
176_261,Connective tissue,4
176_262,Blood vessel,4
176_263,Connective tissue,4
176_264,Dermomyotome,4
176_265,Dermomyotome,4
176_266,Dermomyotome,4
176_267,Dermomyotome,4
176_268,Dermomyotome,4
176_269,Dermomyotome,4
176_270,Dermomyotome,4
176_271,Dermomyotome,4
176_272,Dermomyotome,4
176_273,Dermomyotome,4
176_274,Dermomyotome,4
176_275,Dermomyotome,4
176_276,Dermomyotome,4
176_277,Dermomyotome,4
176_278,Dermomyotome,4
176_279,Dermomyotome,4
176_280,Dermomyotome,4
176_281,Connective tissue,4
176_282,Dermomyotome,4
176_283,Dermomyotome,4
176_284,Dermomyotome,4
176_285,Dermomyotome,15
176_286,Dermomyotome,15
176_287,Dermomyotome,15
176_288,Dermomyotome,15
176_289,Dermomyotome,15
176_290,Dermomyotome,15
176_291,Dermomyotome,15
176_292,Dermomyotome,4
176_293,Dermomyotome,4
176_294,Dermomyotome,15
176_295,Dermomyotome,15
176_296,Dermomyotome,15
176_297,Dermomyotome,14
176_298,Dermomyotome,14
176_299,Surface ectoderm,14
176_300,Surface ectoderm,14
176_301,Surface ectoderm,14
176_302,Surface ectoderm,14
176_303,Surface ectoderm,14
176_304,Surface ectoderm,14
176_305,Cavity,14
177_103,Cavity,13
177_104,Meninges,13
177_105,Meninges,13
177_106,Meninges,13
177_107,Meninges,13
177_108,Meninges,13
177_109,Meninges,13
177_110,Meninges,7
177_111,Meninges,7
177_112,Meninges,7
177_113,Brain,7
177_114,Brain,7
177_115,Brain,7
177_116,Brain,7
177_117,Brain,7
177_118,Brain,7
177_119,Brain,7
177_120,Brain,7
177_121,Brain,7
177_122,Brain,7
177_123,Brain,7
177_124,Brain,7
177_125,Brain,7
177_126,Brain,5
177_127,Jaw and tooth,5
177_128,Jaw and tooth,5
177_129,Jaw and tooth,5
177_130,Jaw and tooth,5
177_131,Head mesenchyme,5
177_132,Head mesenchyme,5
177_133,Head mesenchyme,5
177_134,Head mesenchyme,5
177_135,Head mesenchyme,5
177_136,Brain,7
177_137,Brain,7
177_138,Brain,7
177_139,Brain,7
177_140,Brain,7
177_141,Brain,7
177_142,Brain,7
177_143,Brain,7
177_144,Brain,7
177_145,Brain,11
177_146,Brain,11
177_147,Brain,11
177_148,Brain,11
177_149,Brain,11
177_150,Brain,11
177_151,Brain,11
177_152,Brain,11
177_153,Brain,11
177_154,Cavity,11
177_155,Cavity,11
177_156,Cavity,13
177_157,Cavity,13
177_158,Cavity,13
177_159,Cavity,13
177_160,Cavity,13
177_161,Cavity,13
177_162,Cavity,13
177_163,Cavity,13
177_164,Cavity,13
177_165,Cavity,13
177_166,Cavity,13
177_167,Brain,13
177_168,Brain,11
177_169,Brain,11
177_170,Brain,11
177_171,Brain,11
177_172,Brain,11
177_173,Brain,11
177_174,Brain,11
177_175,Brain,11
177_176,Brain,11
177_177,Brain,11
177_178,Brain,7
177_179,Brain,7
177_180,Brain,7
177_181,Brain,7
177_182,Brain,7
177_183,Brain,7
177_184,Brain,5
177_185,Connective tissue,5
177_186,Connective tissue,5
177_187,Dorsal root ganglion,5
177_188,Dorsal root ganglion,5
177_189,Dorsal root ganglion,5
177_190,Dorsal root ganglion,5
177_191,Dorsal root ganglion,5
177_192,Dorsal root ganglion,5
177_193,Dorsal root ganglion,5
177_194,Inner ear,5
177_195,Inner ear,5
177_196,Inner ear,5
177_197,Inner ear,5
177_198,Dorsal root ganglion,5
177_199,Dorsal root ganglion,5
177_200,Dorsal root ganglion,5
177_201,Inner ear,5
177_202,Inner ear,5
177_203,Inner ear,5
177_204,Inner ear,5
177_205,Inner ear,5
177_206,Inner ear,5
177_207,Inner ear,5
177_208,Head mesenchyme,5
177_209,Head mesenchyme,5
177_210,Connective tissue,5
177_211,Connective tissue,5
177_212,Blood vessel,5
177_213,Blood vessel,5
177_214,Connective tissue,5
177_215,Head mesenchyme,5
177_216,Head mesenchyme,5
177_217,Head mesenchyme,9
177_218,Head mesenchyme,9
177_219,Head mesenchyme,9
177_220,Inner ear,9
177_221,Lung primordium,9
177_222,Lung primordium,9
177_223,Lung primordium,9
177_224,Lung primordium,9
177_225,Lung primordium,9
177_226,Lung primordium,9
177_227,Lung primordium,6
177_228,Lung primordium,6
177_229,Lung primordium,6
177_230,Lung primordium,6
177_231,Lung primordium,6
177_232,Connective tissue,6
177_233,Lung primordium,6
177_234,Lung primordium,6
177_235,Dorsal root ganglion,6
177_236,Dorsal root ganglion,5
177_237,Dorsal root ganglion,5
177_238,Dorsal root ganglion,5
177_239,Dorsal root ganglion,5
177_240,Dorsal root ganglion,5
177_241,Connective tissue,5
177_242,Connective tissue,8
177_243,Connective tissue,8
177_244,Blood vessel,8
177_245,Cavity,8
177_246,Cavity,8
177_247,Cavity,8
177_248,Blood vessel,8
177_249,Connective tissue,6
177_250,Connective tissue,6
177_251,Connective tissue,6
177_252,Connective tissue,6
177_253,Connective tissue,6
177_254,Connective tissue,4
177_255,Connective tissue,4
177_256,Connective tissue,4
177_257,Connective tissue,4
177_258,Connective tissue,4
177_259,Connective tissue,4
177_260,Connective tissue,4
177_261,Connective tissue,4
177_262,Connective tissue,4
177_263,Connective tissue,4
177_264,Dermomyotome,4
177_265,Dermomyotome,4
177_266,Dermomyotome,4
177_267,Dermomyotome,4
177_268,Dermomyotome,4
177_269,Dermomyotome,4
177_270,Dermomyotome,4
177_271,Dermomyotome,4
177_272,Dermomyotome,4
177_273,Dermomyotome,4
177_274,Dermomyotome,4
177_275,Dermomyotome,4
177_276,Dermomyotome,4
177_277,Dermomyotome,4
177_278,Dermomyotome,4
177_279,Dermomyotome,4
177_280,Dermomyotome,4
177_281,Dermomyotome,4
177_282,Dermomyotome,4
177_283,Dermomyotome,4
177_284,Dermomyotome,4
177_285,Dermomyotome,4
177_286,Dermomyotome,15
177_287,Dermomyotome,15
177_288,Dermomyotome,15
177_289,Dermomyotome,15
177_290,Dermomyotome,15
177_291,Dermomyotome,15
177_292,Dermomyotome,15
177_293,Dermomyotome,15
177_294,Dermomyotome,15
177_295,Dermomyotome,15
177_296,Dermomyotome,15
177_297,Dermomyotome,15
177_298,Dermomyotome,15
177_299,Dermomyotome,14
177_300,Surface ectoderm,14
177_301,Surface ectoderm,14
177_302,Surface ectoderm,14
177_303,Surface ectoderm,14
177_304,Surface ectoderm,14
177_305,Surface ectoderm,14
177_306,Cavity,14
178_102,Cavity,13
178_103,Meninges,13
178_104,Meninges,13
178_105,Meninges,13
178_106,Meninges,13
178_107,Meninges,13
178_108,Meninges,13
178_109,Meninges,13
178_110,Meninges,7
178_111,Brain,7
178_112,Brain,7
178_113,Brain,7
178_114,Brain,7
178_115,Brain,7
178_116,Brain,7
178_117,Brain,7
178_118,Brain,7
178_119,Brain,7
178_120,Brain,7
178_121,Brain,7
178_122,Brain,7
178_123,Brain,7
178_124,Brain,7
178_125,Brain,7
178_126,Brain,5
178_127,Brain,5
178_128,Jaw and tooth,5
178_129,Head mesenchyme,5
178_130,Head mesenchyme,5
178_131,Head mesenchyme,5
178_132,Head mesenchyme,5
178_133,Head mesenchyme,5
178_134,Head mesenchyme,5
178_135,Head mesenchyme,5
178_136,Head mesenchyme,5
178_137,Brain,7
178_138,Brain,7
178_139,Brain,7
178_140,Brain,7
178_141,Brain,7
178_142,Brain,7
178_143,Brain,7
178_144,Brain,7
178_145,Brain,7
178_146,Brain,11
178_147,Brain,11
178_148,Brain,11
178_149,Brain,11
178_150,Brain,11
178_151,Brain,11
178_152,Brain,11
178_153,Brain,11
178_154,Brain,11
178_155,Brain,11
178_156,Cavity,13
178_157,Cavity,13
178_158,Cavity,13
178_159,Cavity,13
178_160,Cavity,13
178_161,Cavity,13
178_162,Cavity,13
178_163,Cavity,13
178_164,Cavity,13
178_165,Cavity,13
178_166,Cavity,11
178_167,Brain,11
178_168,Brain,11
178_169,Brain,11
178_170,Brain,11
178_171,Brain,11
178_172,Brain,11
178_173,Brain,11
178_174,Brain,11
178_175,Brain,11
178_176,Brain,11
178_177,Brain,11
178_178,Brain,7
178_179,Brain,7
178_180,Brain,7
178_181,Brain,7
178_182,Brain,7
178_183,Brain,7
178_184,Blood vessel,5
178_185,Blood vessel,5
178_186,Blood vessel,5
178_187,Dorsal root ganglion,5
178_188,Dorsal root ganglion,5
178_189,Dorsal root ganglion,5
178_190,Dorsal root ganglion,5
178_191,Dorsal root ganglion,5
178_192,Dorsal root ganglion,5
178_193,Dorsal root ganglion,5
178_194,Dorsal root ganglion,5
178_195,Inner ear,5
178_196,Inner ear,5
178_197,Inner ear,5
178_198,Inner ear,5
178_199,Inner ear,5
178_200,Inner ear,5
178_201,Inner ear,5
178_202,Inner ear,5
178_203,Inner ear,5
178_204,Inner ear,5
178_205,Inner ear,5
178_206,Inner ear,5
178_207,Inner ear,5
178_208,Inner ear,5
178_209,Head mesenchyme,5
178_210,Connective tissue,5
178_211,Blood vessel,5
178_212,Blood vessel,5
178_213,Blood vessel,5
178_214,Blood vessel,5
178_215,Head mesenchyme,9
178_216,Head mesenchyme,9
178_217,Head mesenchyme,9
178_218,Head mesenchyme,9
178_219,Surface ectoderm,9
178_220,Surface ectoderm,9
178_221,Surface ectoderm,9
178_222,Surface ectoderm,9
178_223,Surface ectoderm,9
178_224,Lung primordium,9
178_225,Lung primordium,9
178_226,Lung primordium,9
178_227,Lung primordium,9
178_228,Lung primordium,6
178_229,Lung primordium,6
178_230,Lung primordium,6
178_231,Connective tissue,6
178_232,Connective tissue,6
178_233,Lung primordium,6
178_234,Lung primordium,6
178_235,Lung primordium,6
178_236,GI tract,5
178_237,Dorsal root ganglion,5
178_238,Dorsal root ganglion,5
178_239,Dorsal root ganglion,5
178_240,Dorsal root ganglion,5
178_241,Dorsal root ganglion,5
178_242,Connective tissue,5
178_243,Connective tissue,8
178_244,Blood vessel,8
178_245,Cavity,8
178_246,Cavity,8
178_247,Cavity,8
178_248,Blood vessel,8
178_249,Blood vessel,6
178_250,Connective tissue,6
178_251,Connective tissue,6
178_252,Connective tissue,6
178_253,Connective tissue,6
178_254,Connective tissue,6
178_255,Connective tissue,6
178_256,Connective tissue,6
178_257,Connective tissue,6
178_258,Connective tissue,6
178_259,Connective tissue,6
178_260,Connective tissue,6
178_261,Connective tissue,6
178_262,Dermomyotome,4
178_263,Dermomyotome,4
178_264,Dermomyotome,4
178_265,Dermomyotome,4
178_266,Dermomyotome,4
178_267,Dermomyotome,4
178_268,Dermomyotome,4
178_269,Dermomyotome,4
178_270,Dermomyotome,4
178_271,Dermomyotome,4
178_272,Sclerotome,4
178_273,Dermomyotome,4
178_274,Dermomyotome,4
178_275,Dermomyotome,4
178_276,Dermomyotome,4
178_277,Dermomyotome,4
178_278,Dermomyotome,4
178_279,Dermomyotome,4
178_280,Dermomyotome,4
178_281,Dermomyotome,4
178_282,Dermomyotome,4
178_283,Dermomyotome,4
178_284,Dermomyotome,4
178_285,Dermomyotome,4
178_286,Dermomyotome,4
178_287,Dermomyotome,15
178_288,Dermomyotome,15
178_289,Dermomyotome,15
178_290,Dermomyotome,15
178_291,Dermomyotome,15
178_292,Dermomyotome,15
178_293,Dermomyotome,15
178_294,Dermomyotome,15
178_295,Dermomyotome,15
178_296,Dermomyotome,15
178_297,Dermomyotome,15
178_298,Dermomyotome,15
178_299,Dermomyotome,14
178_300,Surface ectoderm,14
178_301,Surface ectoderm,14
178_302,Surface ectoderm,14
178_303,Surface ectoderm,14
178_304,Surface ectoderm,14
178_305,Surface ectoderm,14
178_306,Surface ectoderm,14
178_307,Cavity,14
179_101,Cavity,13
179_102,Meninges,13
179_103,Meninges,13
179_104,Meninges,13
179_105,Meninges,13
179_106,Meninges,13
179_107,Meninges,13
179_108,Meninges,13
179_109,Meninges,7
179_110,Brain,7
179_111,Brain,7
179_112,Brain,7
179_113,Brain,7
179_114,Brain,7
179_115,Brain,7
179_116,Brain,7
179_117,Brain,7
179_118,Brain,7
179_119,Brain,7
179_120,Brain,7
179_121,Brain,7
179_122,Brain,7
179_123,Brain,7
179_124,Brain,7
179_125,Brain,7
179_126,Brain,7
179_127,Brain,7
179_128,Brain,5
179_129,Jaw and tooth,5
179_130,Jaw and tooth,5
179_131,Jaw and tooth,5
179_132,Head mesenchyme,5
179_133,Head mesenchyme,5
179_134,Head mesenchyme,5
179_135,Head mesenchyme,5
179_136,Head mesenchyme,5
179_137,Head mesenchyme,5
179_138,Brain,7
179_139,Brain,7
179_140,Brain,7
179_141,Brain,7
179_142,Brain,7
179_143,Brain,7
179_144,Brain,7
179_145,Brain,7
179_146,Brain,7
179_147,Brain,7
179_148,Brain,11
179_149,Brain,11
179_150,Brain,11
179_151,Brain,11
179_152,Brain,11
179_153,Brain,11
179_154,Brain,11
179_155,Brain,11
179_156,Brain,11
179_157,Brain,13
179_158,Cavity,13
179_159,Cavity,13
179_160,Cavity,13
179_161,Cavity,13
179_162,Cavity,13
179_163,Cavity,13
179_164,Cavity,13
179_165,Brain,11
179_166,Brain,11
179_167,Brain,11
179_168,Brain,11
179_169,Brain,11
179_170,Brain,11
179_171,Brain,11
179_172,Brain,11
179_173,Brain,11
179_174,Brain,11
179_175,Brain,11
179_176,Brain,11
179_177,Brain,11
179_178,Brain,7
179_179,Brain,7
179_180,Brain,7
179_181,Brain,7
179_182,Brain,7
179_183,Brain,7
179_184,Brain,5
179_185,Blood vessel,5
179_186,Blood vessel,5
179_187,Dorsal root ganglion,5
179_188,Dorsal root ganglion,5
179_189,Dorsal root ganglion,5
179_190,Dorsal root ganglion,5
179_191,Dorsal root ganglion,5
179_192,Dorsal root ganglion,5
179_193,Dorsal root ganglion,5
179_194,Dorsal root ganglion,5
179_195,Inner ear,5
179_196,Inner ear,5
179_197,Inner ear,5
179_198,Inner ear,5
179_199,Inner ear,5
179_200,Inner ear,5
179_201,Inner ear,5
179_202,Inner ear,5
179_203,Inner ear,5
179_204,Inner ear,5
179_205,Inner ear,5
179_206,Inner ear,5
179_207,Inner ear,5
179_208,Inner ear,5
179_209,Head mesenchyme,5
179_210,Connective tissue,5
179_211,Blood vessel,8
179_212,Cavity,8
179_213,Blood vessel,8
179_214,Blood vessel,9
179_215,Head mesenchyme,9
179_216,Head mesenchyme,9
179_217,Head mesenchyme,9
179_218,Surface ectoderm,9
179_219,Surface ectoderm,9
179_220,Surface ectoderm,9
179_221,Surface ectoderm,9
179_222,Surface ectoderm,9
179_223,Surface ectoderm,9
179_224,Surface ectoderm,9
179_225,Lung primordium,9
179_226,Lung primordium,9
179_227,Lung primordium,9
179_228,Lung primordium,9
179_229,Lung primordium,6
179_230,Lung primordium,6
179_231,Blood vessel,6
179_232,Blood vessel,6
179_233,Lung primordium,6
179_234,Lung primordium,6
179_235,GI tract,6
179_236,GI tract,6
179_237,Dorsal root ganglion,6
179_238,Dorsal root ganglion,5
179_239,Dorsal root ganglion,5
179_240,Dorsal root ganglion,5
179_241,Dorsal root ganglion,5
179_242,Dorsal root ganglion,5
179_243,Dorsal root ganglion,6
179_244,Blood vessel,8
179_245,Cavity,8
179_246,Cavity,8
179_247,Cavity,8
179_248,Blood vessel,8
179_249,Blood vessel,6
179_250,Blood vessel,6
179_251,Connective tissue,6
179_252,Connective tissue,6
179_253,Connective tissue,6
179_254,Connective tissue,6
179_255,Connective tissue,6
179_256,Connective tissue,6
179_257,Connective tissue,6
179_258,Connective tissue,6
179_259,Connective tissue,6
179_260,Connective tissue,6
179_261,Connective tissue,6
179_262,Connective tissue,6
179_263,Connective tissue,6
179_264,Dermomyotome,4
179_265,Dermomyotome,4
179_266,Dermomyotome,4
179_267,Dermomyotome,4
179_268,Dermomyotome,4
179_269,Dermomyotome,4
179_270,Dermomyotome,4
179_271,Connective tissue,4
179_272,Connective tissue,4
179_273,Connective tissue,4
179_274,Dermomyotome,4
179_275,Dermomyotome,4
179_276,Dermomyotome,4
179_277,Dermomyotome,4
179_278,Dermomyotome,4
179_279,Dermomyotome,4
179_280,Dermomyotome,4
179_281,Dermomyotome,4
179_282,Dermomyotome,4
179_283,Dermomyotome,4
179_284,Dermomyotome,4
179_285,Dermomyotome,4
179_286,Dermomyotome,4
179_287,Dermomyotome,15
179_288,Dermomyotome,15
179_289,Dermomyotome,15
179_290,Dermomyotome,15
179_291,Dermomyotome,15
179_292,Dermomyotome,15
179_293,Dermomyotome,15
179_294,Dermomyotome,15
179_295,Dermomyotome,15
179_296,Dermomyotome,15
179_297,Dermomyotome,15
179_298,Dermomyotome,15
179_299,Dermomyotome,14
179_300,Surface ectoderm,14
179_301,Surface ectoderm,14
179_302,Surface ectoderm,14
179_303,Surface ectoderm,14
179_304,Surface ectoderm,14
179_305,Surface ectoderm,14
179_306,Surface ectoderm,14
179_307,Surface ectoderm,14
179_308,Cavity,14
180_101,Cavity,13
180_102,Meninges,13
180_103,Meninges,13
180_104,Meninges,13
180_105,Meninges,13
180_106,Meninges,13
180_107,Meninges,13
180_108,Meninges,7
180_109,Brain,7
180_110,Brain,7
180_111,Brain,7
180_112,Brain,7
180_113,Brain,7
180_114,Brain,7
180_115,Brain,7
180_116,Brain,7
180_117,Brain,7
180_118,Brain,7
180_119,Brain,7
180_120,Brain,7
180_121,Brain,7
180_122,Brain,7
180_123,Brain,7
180_124,Brain,7
180_125,Brain,7
180_126,Brain,7
180_127,Brain,7
180_128,Brain,5
180_129,Head mesenchyme,5
180_130,Head mesenchyme,5
180_131,Jaw and tooth,5
180_132,Head mesenchyme,5
180_133,Head mesenchyme,5
180_134,Head mesenchyme,5
180_135,Head mesenchyme,5
180_136,Head mesenchyme,5
180_137,Head mesenchyme,5
180_138,Brain,5
180_139,Brain,7
180_140,Brain,7
180_141,Brain,7
180_142,Brain,7
180_143,Brain,7
180_144,Brain,7
180_145,Brain,7
180_146,Brain,7
180_147,Brain,7
180_148,Brain,11
180_149,Brain,11
180_150,Brain,11
180_151,Brain,11
180_152,Brain,11
180_153,Brain,11
180_154,Brain,11
180_155,Brain,11
180_156,Brain,11
180_157,Brain,11
180_158,Brain,11
180_159,Cavity,11
180_160,Cavity,13
180_161,Cavity,11
180_162,Cavity,11
180_163,Cavity,11
180_164,Brain,11
180_165,Brain,11
180_166,Brain,11
180_167,Brain,11
180_168,Brain,11
180_169,Brain,11
180_170,Brain,11
180_171,Brain,11
180_172,Brain,11
180_173,Brain,11
180_174,Brain,11
180_175,Brain,11
180_176,Brain,11
180_177,Brain,7
180_178,Brain,7
180_179,Brain,7
180_180,Brain,7
180_181,Brain,7
180_182,Brain,7
180_183,Brain,7
180_184,Brain,5
180_185,Blood vessel,5
180_186,Blood vessel,5
180_187,Dorsal root ganglion,5
180_188,Dorsal root ganglion,5
180_189,Dorsal root ganglion,5
180_190,Dorsal root ganglion,16
180_191,Dorsal root ganglion,16
180_192,Dorsal root ganglion,16
180_193,Dorsal root ganglion,5
180_194,Dorsal root ganglion,5
180_195,Dorsal root ganglion,5
180_196,Inner ear,5
180_197,Inner ear,5
180_198,Inner ear,5
180_199,Inner ear,5
180_200,Inner ear,5
180_201,Inner ear,5
180_202,Inner ear,5
180_203,Inner ear,5
180_204,Inner ear,5
180_205,Inner ear,5
180_206,Inner ear,5
180_207,Inner ear,5
180_208,Head mesenchyme,5
180_209,Head mesenchyme,5
180_210,Connective tissue,5
180_211,Blood vessel,6
180_212,Cavity,8
180_213,Blood vessel,8
180_214,Connective tissue,9
180_215,Head mesenchyme,9
180_216,Head mesenchyme,9
180_217,Surface ectoderm,9
180_218,Surface ectoderm,9
180_219,Surface ectoderm,9
180_220,Surface ectoderm,9
180_221,Surface ectoderm,9
180_222,Surface ectoderm,9
180_223,GI tract,9
180_224,GI tract,9
180_225,Lung primordium,9
180_226,Lung primordium,9
180_227,Lung primordium,9
180_228,Lung primordium,9
180_229,Lung primordium,9
180_230,Lung primordium,6
180_231,Blood vessel,6
180_232,Blood vessel,6
180_233,Connective tissue,6
180_234,GI tract,6
180_235,GI tract,6
180_236,GI tract,6
180_237,GI tract,6
180_238,GI tract,5
180_239,Dorsal root ganglion,5
180_240,Dorsal root ganglion,5
180_241,Dorsal root ganglion,5
180_242,Dorsal root ganglion,6
180_243,Connective tissue,6
180_244,Connective tissue,6
180_245,Blood vessel,8
180_246,Blood vessel,8
180_247,Blood vessel,8
180_248,Blood vessel,8
180_249,Blood vessel,8
180_250,Blood vessel,8
180_251,Blood vessel,8
180_252,Blood vessel,6
180_253,Blood vessel,6
180_254,Blood vessel,6
180_255,Connective tissue,6
180_256,Connective tissue,6
180_257,Connective tissue,6
180_258,Connective tissue,6
180_259,Blood vessel,6
180_260,Connective tissue,6
180_261,Connective tissue,6
180_262,Connective tissue,6
180_263,Connective tissue,6
180_264,Dermomyotome,4
180_265,Dermomyotome,4
180_266,Dermomyotome,4
180_267,Dermomyotome,4
180_268,Dermomyotome,4
180_269,Dermomyotome,4
180_270,Connective tissue,4
180_271,Dermomyotome,4
180_272,Dermomyotome,4
180_273,Dermomyotome,4
180_274,Dermomyotome,4
180_275,Dermomyotome,4
180_276,Dermomyotome,4
180_277,Dermomyotome,4
180_278,Dermomyotome,4
180_279,Dermomyotome,4
180_280,Dermomyotome,4
180_281,Dermomyotome,4
180_282,Dermomyotome,4
180_283,Dermomyotome,4
180_284,Dermomyotome,4
180_285,Dermomyotome,4
180_286,Dermomyotome,4
180_287,Dermomyotome,4
180_288,Dermomyotome,4
180_289,Dermomyotome,4
180_290,Dermomyotome,15
180_291,Dermomyotome,15
180_292,Dermomyotome,15
180_293,Dermomyotome,15
180_294,Dermomyotome,15
180_295,Dermomyotome,15
180_296,Dermomyotome,15
180_297,Dermomyotome,15
180_298,Dermomyotome,15
180_299,Dermomyotome,15
180_300,Dermomyotome,1
180_301,Sclerotome,14
180_302,Surface ectoderm,14
180_303,Surface ectoderm,14
180_304,Surface ectoderm,14
180_305,Surface ectoderm,14
180_306,Surface ectoderm,14
180_307,Surface ectoderm,14
180_308,Surface ectoderm,14
180_309,Cavity,14
181_100,Cavity,13
181_101,Meninges,13
181_102,Meninges,13
181_103,Meninges,13
181_104,Meninges,13
181_105,Meninges,13
181_106,Meninges,7
181_107,Meninges,7
181_108,Brain,7
181_109,Brain,7
181_110,Brain,7
181_111,Brain,7
181_112,Brain,7
181_113,Brain,7
181_114,Brain,7
181_115,Brain,7
181_116,Brain,7
181_117,Brain,7
181_118,Brain,7
181_119,Brain,7
181_120,Brain,7
181_121,Brain,7
181_122,Brain,7
181_123,Brain,7
181_124,Brain,7
181_125,Brain,7
181_126,Brain,7
181_127,Brain,13
181_128,Brain,13
181_129,Head mesenchyme,5
181_130,Jaw and tooth,5
181_131,Head mesenchyme,5
181_132,Head mesenchyme,5
181_133,Head mesenchyme,5
181_134,Head mesenchyme,5
181_135,Head mesenchyme,5
181_136,Head mesenchyme,5
181_137,Head mesenchyme,5
181_138,Head mesenchyme,5
181_139,Brain,7
181_140,Brain,7
181_141,Brain,7
181_142,Brain,7
181_143,Brain,7
181_144,Brain,7
181_145,Brain,7
181_146,Brain,7
181_147,Brain,7
181_148,Brain,7
181_149,Brain,7
181_150,Brain,11
181_151,Brain,11
181_152,Brain,11
181_153,Brain,11
181_154,Brain,11
181_155,Brain,11
181_156,Brain,11
181_157,Brain,11
181_158,Brain,11
181_159,Brain,11
181_160,Cavity,11
181_161,Cavity,11
181_162,Brain,11
181_163,Brain,11
181_164,Brain,11
181_165,Brain,11
181_166,Brain,11
181_167,Brain,11
181_168,Brain,11
181_169,Brain,11
181_170,Brain,11
181_171,Brain,11
181_172,Brain,11
181_173,Brain,11
181_174,Brain,11
181_175,Brain,11
181_176,Brain,11
181_177,Brain,7
181_178,Brain,7
181_179,Brain,7
181_180,Brain,7
181_181,Brain,7
181_182,Brain,7
181_183,Brain,5
181_184,Brain,5
181_185,Blood vessel,5
181_186,Blood vessel,5
181_187,Dorsal root ganglion,5
181_188,Dorsal root ganglion,5
181_189,Dorsal root ganglion,16
181_190,Dorsal root ganglion,16
181_191,Dorsal root ganglion,16
181_192,Dorsal root ganglion,16
181_193,Dorsal root ganglion,16
181_194,Dorsal root ganglion,5
181_195,Dorsal root ganglion,5
181_196,Inner ear,5
181_197,Inner ear,5
181_198,Inner ear,5
181_199,Inner ear,5
181_200,Inner ear,5
181_201,Inner ear,5
181_202,Inner ear,5
181_203,Inner ear,5
181_204,Inner ear,5
181_205,Inner ear,5
181_206,Inner ear,5
181_207,Inner ear,5
181_208,Head mesenchyme,5
181_209,Head mesenchyme,5
181_210,Head mesenchyme,6
181_211,Blood vessel,6
181_212,Blood vessel,6
181_213,Blood vessel,9
181_214,Head mesenchyme,9
181_215,Head mesenchyme,9
181_216,Surface ectoderm,9
181_217,Lung primordium,9
181_218,Lung primordium,9
181_219,Lung primordium,9
181_220,Lung primordium,9
181_221,Lung primordium,9
181_222,Lung primordium,9
181_223,GI tract,9
181_224,GI tract,9
181_225,Lung primordium,9
181_226,Lung primordium,9
181_227,Lung primordium,9
181_228,Lung primordium,9
181_229,Lung primordium,9
181_230,Connective tissue,9
181_231,Blood vessel,6
181_232,Blood vessel,6
181_233,Connective tissue,6
181_234,Connective tissue,6
181_235,GI tract,6
181_236,GI tract,6
181_237,GI tract,6
181_238,Connective tissue,6
181_239,Dorsal root ganglion,6
181_240,Dorsal root ganglion,6
181_241,Dorsal root ganglion,6
181_242,Dorsal root ganglion,6
181_243,Connective tissue,6
181_244,Connective tissue,6
181_245,Connective tissue,6
181_246,Blood vessel,8
181_247,Blood vessel,8
181_248,Blood vessel,8
181_249,Blood vessel,8
181_250,Blood vessel,8
181_251,Cavity,8
181_252,Cavity,8
181_253,Cavity,8
181_254,Blood vessel,8
181_255,Blood vessel,8
181_256,Blood vessel,6
181_257,Blood vessel,6
181_258,Blood vessel,6
181_259,Blood vessel,6
181_260,Blood vessel,6
181_261,Connective tissue,6
181_262,Connective tissue,6
181_263,Connective tissue,6
181_264,Connective tissue,6
181_265,Connective tissue,4
181_266,Connective tissue,4
181_267,Connective tissue,4
181_268,Connective tissue,4
181_269,Dermomyotome,4
181_270,Connective tissue,4
181_271,Connective tissue,4
181_272,Connective tissue,4
181_273,Dermomyotome,4
181_274,Dermomyotome,4
181_275,Dermomyotome,4
181_276,Dermomyotome,4
181_277,Dermomyotome,4
181_278,Dermomyotome,4
181_279,Dermomyotome,4
181_280,Dermomyotome,4
181_281,Dermomyotome,4
181_282,Dermomyotome,4
181_283,Dermomyotome,4
181_284,Dermomyotome,4
181_285,Dermomyotome,4
181_286,Dermomyotome,4
181_287,Dermomyotome,4
181_288,Dermomyotome,4
181_289,Dermomyotome,15
181_290,Dermomyotome,15
181_291,Dermomyotome,15
181_292,Dermomyotome,15
181_293,Dermomyotome,15
181_294,Dermomyotome,15
181_295,Dermomyotome,15
181_296,Dermomyotome,15
181_297,Dermomyotome,15
181_298,Dermomyotome,15
181_299,Dermomyotome,15
181_300,Dermomyotome,1
181_301,Dermomyotome,1
181_302,Sclerotome,1
181_303,Surface ectoderm,14
181_304,Surface ectoderm,14
181_305,Surface ectoderm,14
181_306,Surface ectoderm,14
181_307,Surface ectoderm,14
181_308,Surface ectoderm,14
181_309,Cavity,14
181_310,Cavity,14
182_100,Cavity,13
182_101,Meninges,13
182_102,Meninges,13
182_103,Meninges,13
182_104,Meninges,13
182_105,Meninges,13
182_106,Meninges,7
182_107,Meninges,7
182_108,Brain,7
182_109,Brain,7
182_110,Brain,7
182_111,Brain,7
182_112,Brain,7
182_113,Brain,7
182_114,Brain,7
182_115,Brain,7
182_116,Brain,7
182_117,Brain,7
182_118,Brain,7
182_119,Brain,7
182_120,Brain,7
182_121,Brain,7
182_122,Brain,7
182_123,Brain,7
182_124,Brain,7
182_125,Brain,7
182_126,Brain,7
182_127,Brain,13
182_128,Brain,13
182_129,Brain,5
182_130,Jaw and tooth,5
182_131,Head mesenchyme,5
182_132,Head mesenchyme,5
182_133,Head mesenchyme,5
182_134,Head mesenchyme,5
182_135,Head mesenchyme,5
182_136,Head mesenchyme,5
182_137,Head mesenchyme,5
182_138,Head mesenchyme,5
182_139,Head mesenchyme,5
182_140,Brain,7
182_141,Brain,7
182_142,Brain,7
182_143,Brain,7
182_144,Brain,7
182_145,Brain,7
182_146,Brain,7
182_147,Brain,7
182_148,Brain,7
182_149,Brain,7
182_150,Brain,7
182_151,Brain,11
182_152,Brain,11
182_153,Brain,11
182_154,Brain,11
182_155,Brain,11
182_156,Brain,11
182_157,Brain,11
182_158,Brain,11
182_159,Brain,11
182_160,Brain,11
182_161,Brain,11
182_162,Brain,11
182_163,Brain,11
182_164,Brain,11
182_165,Brain,11
182_166,Brain,11
182_167,Brain,11
182_168,Brain,11
182_169,Brain,11
182_170,Brain,11
182_171,Brain,11
182_172,Brain,11
182_173,Brain,11
182_174,Brain,11
182_175,Brain,11
182_176,Brain,11
182_177,Brain,7
182_178,Brain,7
182_179,Brain,7
182_180,Brain,7
182_181,Brain,7
182_182,Brain,7
182_183,Brain,7
182_184,Brain,5
182_185,Connective tissue,5
182_186,Blood vessel,5
182_187,Connective tissue,5
182_188,Dorsal root ganglion,5
182_189,Dorsal root ganglion,16
182_190,Dorsal root ganglion,16
182_191,Dorsal root ganglion,16
182_192,Dorsal root ganglion,16
182_193,Dorsal root ganglion,16
182_194,Dorsal root ganglion,5
182_195,Dorsal root ganglion,5
182_196,Inner ear,5
182_197,Inner ear,5
182_198,Inner ear,5
182_199,Inner ear,5
182_200,Inner ear,5
182_201,Inner ear,5
182_202,Inner ear,5
182_203,Inner ear,5
182_204,Inner ear,5
182_205,Inner ear,5
182_206,Inner ear,5
182_207,Head mesenchyme,5
182_208,Head mesenchyme,5
182_209,Head mesenchyme,5
182_210,Head mesenchyme,6
182_211,Head mesenchyme,6
182_212,Connective tissue,9
182_213,Head mesenchyme,9
182_214,Head mesenchyme,9
182_215,Surface ectoderm,9
182_216,Surface ectoderm,9
182_217,Lung primordium,9
182_218,Lung primordium,9
182_219,Lung primordium,9
182_220,Lung primordium,9
182_221,Lung primordium,9
182_222,Lung primordium,9
182_223,Lung primordium,9
182_224,Lung primordium,9
182_225,Lung primordium,9
182_226,Lung primordium,9
182_227,Lung primordium,9
182_228,Lung primordium,9
182_229,Lung primordium,9
182_230,Connective tissue,9
182_231,Blood vessel,6
182_232,Blood vessel,6
182_233,GI tract,6
182_234,GI tract,6
182_235,GI tract,6
182_236,GI tract,6
182_237,GI tract,6
182_238,GI tract,6
182_239,Connective tissue,6
182_240,GI tract,6
182_241,Lung primordium,6
182_242,Connective tissue,6
182_243,Connective tissue,6
182_244,Connective tissue,6
182_245,Connective tissue,6
182_246,Connective tissue,6
182_247,Blood vessel,8
182_248,Blood vessel,8
182_249,Blood vessel,8
182_250,Cavity,8
182_251,Cavity,8
182_252,Cavity,8
182_253,Cavity,8
182_254,Cavity,8
182_255,Cavity,8
182_256,Cavity,8
182_257,Blood vessel,8
182_258,Blood vessel,8
182_259,Blood vessel,6
182_260,Blood vessel,8
182_261,Connective tissue,6
182_262,Connective tissue,6
182_263,Connective tissue,6
182_264,Connective tissue,6
182_265,Connective tissue,6
182_266,Connective tissue,6
182_267,Connective tissue,6
182_268,Connective tissue,6
182_269,Connective tissue,4
182_270,Connective tissue,4
182_271,Connective tissue,4
182_272,Connective tissue,4
182_273,Dermomyotome,4
182_274,Dermomyotome,4
182_275,Dermomyotome,4
182_276,Dermomyotome,4
182_277,Connective tissue,4
182_278,Dermomyotome,4
182_279,Dermomyotome,4
182_280,Dermomyotome,4
182_281,Dermomyotome,4
182_282,Dermomyotome,4
182_283,Dermomyotome,4
182_284,Dermomyotome,4
182_285,Dermomyotome,4
182_286,Dermomyotome,4
182_287,Dermomyotome,4
182_288,Dermomyotome,4
182_289,Dermomyotome,15
182_290,Dermomyotome,15
182_291,Dermomyotome,15
182_292,Dermomyotome,15
182_293,Dermomyotome,15
182_294,Dermomyotome,15
182_295,Dermomyotome,15
182_296,Dermomyotome,15
182_297,Dermomyotome,15
182_298,Dermomyotome,15
182_299,Dermomyotome,15
182_300,Dermomyotome,15
182_301,Dermomyotome,15
182_302,Dermomyotome,15
182_303,Dermomyotome,14
182_304,Dermomyotome,14
182_305,Surface ectoderm,14
182_306,Surface ectoderm,14
182_307,Surface ectoderm,14
182_308,Surface ectoderm,14
182_309,Surface ectoderm,14
182_310,Surface ectoderm,14
182_311,Cavity,14
183_100,Cavity,13
183_101,Meninges,13
183_102,Meninges,13
183_103,Meninges,13
183_104,Meninges,13
183_105,Meninges,7
183_106,Meninges,7
183_107,Brain,7
183_108,Brain,7
183_109,Brain,7
183_110,Brain,7
183_111,Brain,7
183_112,Brain,7
183_113,Brain,7
183_114,Brain,7
183_115,Brain,7
183_116,Brain,7
183_117,Brain,7
183_118,Brain,7
183_119,Brain,7
183_120,Brain,7
183_121,Brain,7
183_122,Brain,7
183_123,Brain,7
183_124,Brain,7
183_125,Brain,7
183_126,Brain,7
183_127,Brain,13
183_128,Brain,13
183_129,Brain,13
183_130,Head mesenchyme,5
183_131,Head mesenchyme,5
183_132,Head mesenchyme,5
183_133,Head mesenchyme,5
183_134,Head mesenchyme,5
183_135,Head mesenchyme,5
183_136,Head mesenchyme,5
183_137,Head mesenchyme,5
183_138,Head mesenchyme,5
183_139,Blood vessel,5
183_140,Head mesenchyme,5
183_141,Brain,7
183_142,Brain,7
183_143,Brain,7
183_144,Brain,7
183_145,Brain,7
183_146,Brain,7
183_147,Brain,7
183_148,Brain,7
183_149,Brain,7
183_150,Brain,7
183_151,Brain,7
183_152,Brain,7
183_153,Brain,11
183_154,Brain,11
183_155,Brain,11
183_156,Brain,11
183_157,Brain,11
183_158,Brain,11
183_159,Brain,11
183_160,Brain,11
183_161,Brain,11
183_162,Brain,11
183_163,Brain,11
183_164,Brain,11
183_165,Brain,11
183_166,Brain,11
183_167,Brain,11
183_168,Brain,11
183_169,Brain,11
183_170,Brain,11
183_171,Brain,11
183_172,Brain,11
183_173,Brain,11
183_174,Brain,11
183_175,Brain,11
183_176,Brain,7
183_177,Brain,7
183_178,Brain,7
183_179,Brain,7
183_180,Brain,7
183_181,Brain,7
183_182,Brain,7
183_183,Brain,7
183_184,Brain,5
183_185,Connective tissue,5
183_186,Head mesenchyme,5
183_187,Head mesenchyme,5
183_188,Head mesenchyme,5
183_189,Dorsal root ganglion,16
183_190,Dorsal root ganglion,16
183_191,Dorsal root ganglion,16
183_192,Dorsal root ganglion,16
183_193,Dorsal root ganglion,17
183_194,Dorsal root ganglion,17
183_195,Inner ear,17
183_196,Inner ear,5
183_197,Inner ear,5
183_198,Inner ear,5
183_199,Inner ear,5
183_200,Inner ear,5
183_201,Inner ear,5
183_202,Inner ear,5
183_203,Inner ear,5
183_204,Inner ear,5
183_205,Inner ear,5
183_206,Head mesenchyme,5
183_207,Head mesenchyme,5
183_208,Head mesenchyme,5
183_209,Head mesenchyme,5
183_210,Head mesenchyme,9
183_211,Head mesenchyme,6
183_212,Head mesenchyme,9
183_213,Head mesenchyme,9
183_214,Surface ectoderm,9
183_215,Surface ectoderm,9
183_216,Branchial arch,9
183_217,Lung primordium,9
183_218,Lung primordium,9
183_219,Lung primordium,9
183_220,Lung primordium,9
183_221,Lung primordium,9
183_222,Lung primordium,9
183_223,Lung primordium,9
183_224,Lung primordium,9
183_225,Lung primordium,9
183_226,Lung primordium,9
183_227,Lung primordium,9
183_228,Lung primordium,9
183_229,Lung primordium,9
183_230,Blood vessel,9
183_231,Blood vessel,6
183_232,Blood vessel,6
183_233,GI tract,6
183_234,GI tract,6
183_235,GI tract,6
183_236,GI tract,6
183_237,GI tract,6
183_238,GI tract,6
183_239,Connective tissue,6
183_240,Lung primordium,6
183_241,Connective tissue,6
183_242,Connective tissue,6
183_243,Lung primordium,6
183_244,Lung primordium,6
183_245,Connective tissue,6
183_246,Connective tissue,6
183_247,Connective tissue,8
183_248,Blood vessel,8
183_249,Cavity,8
183_250,Cavity,8
183_251,Cavity,8
183_252,Cavity,8
183_253,Cavity,8
183_254,Cavity,8
183_255,Cavity,8
183_256,Cavity,8
183_257,Cavity,8
183_258,Cavity,8
183_259,Blood vessel,8
183_260,Blood vessel,8
183_261,Connective tissue,8
183_262,Connective tissue,6
183_263,Blood vessel,6
183_264,Connective tissue,6
183_265,Connective tissue,6
183_266,Connective tissue,6
183_267,Connective tissue,6
183_268,Connective tissue,6
183_269,Connective tissue,6
183_270,Connective tissue,6
183_271,Connective tissue,6
183_272,Connective tissue,4
183_273,Dermomyotome,4
183_274,Dermomyotome,4
183_275,Dermomyotome,4
183_276,Connective tissue,4
183_277,Connective tissue,4
183_278,Sclerotome,4
183_279,Sclerotome,4
183_280,Dermomyotome,4
183_281,Dermomyotome,4
183_282,Dermomyotome,4
183_283,Dermomyotome,4
183_284,Dermomyotome,4
183_285,Dermomyotome,4
183_286,Dermomyotome,4
183_287,Dermomyotome,4
183_288,Dermomyotome,4
183_289,Dermomyotome,15
183_290,Dermomyotome,15
183_291,Dermomyotome,15
183_292,Dermomyotome,15
183_293,Dermomyotome,15
183_294,Dermomyotome,15
183_295,Dermomyotome,15
183_296,Dermomyotome,15
183_297,Dermomyotome,15
183_298,Dermomyotome,15
183_299,Dermomyotome,15
183_300,Dermomyotome,15
183_301,Dermomyotome,15
183_302,Dermomyotome,15
183_303,Dermomyotome,15
183_304,Dermomyotome,14
183_305,Dermomyotome,14
183_306,Surface ectoderm,14
183_307,Surface ectoderm,14
183_308,Surface ectoderm,14
183_309,Surface ectoderm,14
183_310,Surface ectoderm,14
183_311,Cavity,14
183_312,Cavity,14
184_100,Meninges,13
184_101,Meninges,13
184_102,Meninges,13
184_103,Meninges,13
184_104,Meninges,7
184_105,Meninges,7
184_106,Brain,7
184_107,Brain,7
184_108,Brain,7
184_109,Brain,7
184_110,Brain,7
184_111,Brain,7
184_112,Brain,7
184_113,Brain,7
184_114,Brain,7
184_115,Brain,7
184_116,Brain,7
184_117,Brain,7
184_118,Brain,7
184_119,Brain,7
184_120,Brain,7
184_121,Brain,7
184_122,Brain,7
184_123,Brain,7
184_124,Brain,7
184_125,Brain,7
184_126,Brain,7
184_127,Brain,13
184_128,Brain,13
184_129,Brain,13
184_130,Brain,5
184_131,Head mesenchyme,5
184_132,Head mesenchyme,5
184_133,Head mesenchyme,5
184_134,Head mesenchyme,5
184_135,Head mesenchyme,5
184_136,Head mesenchyme,5
184_137,Head mesenchyme,5
184_138,Head mesenchyme,5
184_139,Blood vessel,5
184_140,Blood vessel,8
184_141,Head mesenchyme,8
184_142,Brain,7
184_143,Brain,7
184_144,Brain,7
184_145,Brain,7
184_146,Brain,7
184_147,Brain,7
184_148,Brain,7
184_149,Brain,7
184_150,Brain,7
184_151,Brain,7
184_152,Brain,7
184_153,Brain,7
184_154,Brain,11
184_155,Brain,11
184_156,Brain,11
184_157,Brain,11
184_158,Brain,11
184_159,Brain,11
184_160,Brain,11
184_161,Brain,11
184_162,Brain,11
184_163,Brain,11
184_164,Brain,11
184_165,Brain,11
184_166,Brain,11
184_167,Brain,11
184_168,Brain,11
184_169,Brain,11
184_170,Brain,11
184_171,Brain,11
184_172,Brain,11
184_173,Brain,11
184_174,Brain,11
184_175,Brain,7
184_176,Brain,7
184_177,Brain,7
184_178,Brain,7
184_179,Brain,7
184_180,Brain,7
184_181,Brain,7
184_182,Brain,7
184_183,Brain,5
184_184,Brain,5
184_185,Head mesenchyme,5
184_186,Head mesenchyme,5
184_187,Head mesenchyme,5
184_188,Head mesenchyme,17
184_189,Connective tissue,17
184_190,Dorsal root ganglion,17
184_191,Dorsal root ganglion,17
184_192,Dorsal root ganglion,17
184_193,Inner ear,17
184_194,Inner ear,17
184_195,Inner ear,17
184_196,Inner ear,17
184_197,Inner ear,5
184_198,Inner ear,5
184_199,Inner ear,5
184_200,Inner ear,5
184_201,Inner ear,5
184_202,Inner ear,5
184_203,Inner ear,5
184_204,Inner ear,5
184_205,Blood vessel,5
184_206,Head mesenchyme,5
184_207,Head mesenchyme,5
184_208,Head mesenchyme,5
184_209,Head mesenchyme,5
184_210,Head mesenchyme,9
184_211,Head mesenchyme,9
184_212,Head mesenchyme,9
184_213,Head mesenchyme,9
184_214,Surface ectoderm,9
184_215,Branchial arch,9
184_216,Lung primordium,9
184_217,Lung primordium,9
184_218,Lung primordium,9
184_219,Lung primordium,9
184_220,Branchial arch,9
184_221,Lung primordium,9
184_222,Lung primordium,9
184_223,Lung primordium,9
184_224,Lung primordium,9
184_225,Lung primordium,9
184_226,Lung primordium,9
184_227,Lung primordium,9
184_228,Lung primordium,9
184_229,Connective tissue,9
184_230,Blood vessel,8
184_231,Blood vessel,6
184_232,Blood vessel,6
184_233,GI tract,6
184_234,GI tract,6
184_235,GI tract,6
184_236,GI tract,6
184_237,GI tract,6
184_238,Lung primordium,6
184_239,Connective tissue,6
184_240,Lung primordium,6
184_241,Lung primordium,6
184_242,Connective tissue,6
184_243,Connective tissue,6
184_244,Lung primordium,6
184_245,Connective tissue,6
184_246,Connective tissue,6
184_247,Connective tissue,8
184_248,Connective tissue,8
184_249,Blood vessel,8
184_250,Cavity,8
184_251,Cavity,8
184_252,Cavity,8
184_253,Cavity,8
184_254,Cavity,8
184_255,Cavity,8
184_256,Cavity,8
184_257,Cavity,8
184_258,Cavity,8
184_259,Cavity,8
184_260,Cavity,8
184_261,Blood vessel,8
184_262,Blood vessel,8
184_263,Blood vessel,8
184_264,Blood vessel,8
184_265,Connective tissue,6
184_266,Connective tissue,6
184_267,Connective tissue,6
184_268,Connective tissue,6
184_269,Connective tissue,6
184_270,Connective tissue,6
184_271,Connective tissue,6
184_272,Connective tissue,4
184_273,Dermomyotome,4
184_274,Dermomyotome,4
184_275,Dermomyotome,3
184_276,Connective tissue,4
184_277,Connective tissue,4
184_278,Connective tissue,4
184_279,Sclerotome,4
184_280,Dermomyotome,4
184_281,Dermomyotome,4
184_282,Dermomyotome,4
184_283,Dermomyotome,4
184_284,Dermomyotome,4
184_285,Dermomyotome,4
184_286,Dermomyotome,4
184_287,Dermomyotome,4
184_288,Dermomyotome,15
184_289,Dermomyotome,15
184_290,Dermomyotome,15
184_291,Dermomyotome,15
184_292,Dermomyotome,15
184_293,Dermomyotome,15
184_294,Dermomyotome,15
184_295,Dermomyotome,15
184_296,Dermomyotome,15
184_297,Dermomyotome,15
184_298,Dermomyotome,15
184_299,Dermomyotome,15
184_300,Dermomyotome,15
184_301,Dermomyotome,15
184_302,Dermomyotome,15
184_303,Dermomyotome,15
184_304,Dermomyotome,15
184_305,Dermomyotome,14
184_306,Dermomyotome,14
184_307,Surface ectoderm,14
184_308,Surface ectoderm,14
184_309,Surface ectoderm,14
184_310,Surface ectoderm,14
184_311,Surface ectoderm,14
184_312,Cavity,14
184_313,Cavity,14
185_100,Meninges,13
185_101,Meninges,13
185_102,Meninges,13
185_103,Meninges,7
185_104,Meninges,7
185_105,Meninges,7
185_106,Brain,7
185_107,Brain,7
185_108,Brain,7
185_109,Brain,7
185_110,Brain,7
185_111,Brain,7
185_112,Brain,7
185_113,Brain,7
185_114,Brain,7
185_115,Brain,7
185_116,Brain,7
185_117,Brain,7
185_118,Brain,7
185_119,Brain,7
185_120,Brain,7
185_121,Brain,7
185_122,Brain,7
185_123,Brain,7
185_124,Brain,7
185_125,Brain,7
185_126,Brain,7
185_127,Brain,7
185_128,Brain,13
185_129,Brain,5
185_130,Brain,5
185_131,Head mesenchyme,5
185_132,Head mesenchyme,5
185_133,Head mesenchyme,5
185_134,Head mesenchyme,5
185_135,Head mesenchyme,5
185_136,Head mesenchyme,5
185_137,Head mesenchyme,5
185_138,Head mesenchyme,8
185_139,Blood vessel,8
185_140,Cavity,8
185_141,Blood vessel,8
185_142,Head mesenchyme,7
185_143,Brain,7
185_144,Brain,7
185_145,Brain,7
185_146,Brain,7
185_147,Brain,7
185_148,Brain,7
185_149,Brain,7
185_150,Brain,7
185_151,Brain,7
185_152,Brain,7
185_153,Brain,7
185_154,Brain,7
185_155,Brain,11
185_156,Brain,11
185_157,Brain,11
185_158,Brain,11
185_159,Brain,11
185_160,Brain,11
185_161,Brain,11
185_162,Brain,11
185_163,Brain,11
185_164,Brain,11
185_165,Brain,11
185_166,Brain,11
185_167,Brain,11
185_168,Brain,11
185_169,Brain,11
185_170,Brain,11
185_171,Brain,11
185_172,Brain,11
185_173,Brain,11
185_174,Brain,7
185_175,Brain,7
185_176,Brain,7
185_177,Brain,7
185_178,Brain,7
185_179,Brain,7
185_180,Brain,7
185_181,Brain,7
185_182,Brain,7
185_183,Brain,7
185_184,Head mesenchyme,5
185_185,Head mesenchyme,5
185_186,Head mesenchyme,5
185_187,Head mesenchyme,17
185_188,Head mesenchyme,17
185_189,Head mesenchyme,17
185_190,Connective tissue,17
185_191,Head mesenchyme,17
185_192,Head mesenchyme,17
185_193,Head mesenchyme,17
185_194,Head mesenchyme,17
185_195,Head mesenchyme,17
185_196,Inner ear,17
185_197,Inner ear,5
185_198,Inner ear,5
185_199,Inner ear,5
185_200,Inner ear,5
185_201,Inner ear,5
185_202,Inner ear,5
185_203,Head mesenchyme,5
185_204,Head mesenchyme,5
185_205,Head mesenchyme,5
185_206,Head mesenchyme,5
185_207,Head mesenchyme,5
185_208,Head mesenchyme,5
185_209,Head mesenchyme,9
185_210,Head mesenchyme,9
185_211,Head mesenchyme,9
185_212,Head mesenchyme,9
185_213,Surface ectoderm,9
185_214,Branchial arch,9
185_215,Lung primordium,9
185_216,Lung primordium,9
185_217,Lung primordium,9
185_218,Lung primordium,9
185_219,Lung primordium,9
185_220,Lung primordium,9
185_221,Lung primordium,9
185_222,Lung primordium,9
185_223,Lung primordium,9
185_224,Lung primordium,9
185_225,Lung primordium,9
185_226,Lung primordium,9
185_227,Lung primordium,6
185_228,Connective tissue,6
185_229,Blood vessel,6
185_230,Blood vessel,6
185_231,Blood vessel,6
185_232,Connective tissue,6
185_233,GI tract,6
185_234,GI tract,6
185_235,GI tract,6
185_236,GI tract,6
185_237,GI tract,6
185_238,Lung primordium,6
185_239,Lung primordium,6
185_240,Lung primordium,6
185_241,Connective tissue,6
185_242,Lung primordium,6
185_243,Connective tissue,6
185_244,Connective tissue,6
185_245,Connective tissue,6
185_246,Connective tissue,8
185_247,Blood vessel,8
185_248,Blood vessel,8
185_249,Blood vessel,8
185_250,Cavity,8
185_251,Cavity,8
185_252,Cavity,8
185_253,Cavity,8
185_254,Cavity,8
185_255,Cavity,8
185_256,Cavity,8
185_257,Cavity,8
185_258,Cavity,8
185_259,Cavity,8
185_260,Cavity,8
185_261,Cavity,8
185_262,Cavity,8
185_263,Cavity,8
185_264,Cavity,8
185_265,Cavity,8
185_266,Cavity,8
185_267,Blood vessel,6
185_268,Blood vessel,8
185_269,Connective tissue,6
185_270,Connective tissue,6
185_271,Connective tissue,6
185_272,Connective tissue,6
185_273,Connective tissue,3
185_274,Dermomyotome,3
185_275,Dermomyotome,3
185_276,Connective tissue,3
185_277,Connective tissue,3
185_278,Connective tissue,3
185_279,Connective tissue,4
185_280,Connective tissue,4
185_281,Dermomyotome,4
185_282,Dermomyotome,4
185_283,Dermomyotome,4
185_284,Dermomyotome,4
185_285,Dermomyotome,4
185_286,Dermomyotome,4
185_287,Dermomyotome,4
185_288,Dermomyotome,15
185_289,Dermomyotome,15
185_290,Dermomyotome,15
185_291,Dermomyotome,15
185_292,Dermomyotome,15
185_293,Dermomyotome,15
185_294,Dermomyotome,15
185_295,Dermomyotome,15
185_296,Dermomyotome,15
185_297,Dermomyotome,15
185_298,Dermomyotome,15
185_299,Dermomyotome,15
185_300,Dermomyotome,15
185_301,Dermomyotome,15
185_302,Dermomyotome,15
185_303,Dermomyotome,15
185_304,Dermomyotome,15
185_305,Dermomyotome,15
185_306,Dermomyotome,14
185_307,Surface ectoderm,14
185_308,Surface ectoderm,14
185_309,Surface ectoderm,14
185_310,Surface ectoderm,14
185_311,Surface ectoderm,14
185_312,Surface ectoderm,14
185_313,Cavity,14
185_99,Cavity,13
186_100,Meninges,13
186_101,Meninges,13
186_102,Meninges,13
186_103,Meninges,7
186_104,Meninges,7
186_105,Brain,7
186_106,Brain,7
186_107,Brain,7
186_108,Brain,7
186_109,Brain,7
186_110,Brain,7
186_111,Brain,7
186_112,Brain,7
186_113,Brain,7
186_114,Brain,7
186_115,Brain,7
186_116,Brain,7
186_117,Brain,7
186_118,Brain,7
186_119,Brain,7
186_120,Brain,7
186_121,Brain,7
186_122,Brain,7
186_123,Brain,7
186_124,Brain,7
186_125,Brain,7
186_126,Brain,7
186_127,Brain,7
186_128,Brain,7
186_129,Brain,5
186_130,Head mesenchyme,5
186_131,Head mesenchyme,5
186_132,Head mesenchyme,5
186_133,Head mesenchyme,5
186_134,Head mesenchyme,5
186_135,Head mesenchyme,5
186_136,Head mesenchyme,5
186_137,Head mesenchyme,5
186_138,Head mesenchyme,8
186_139,Blood vessel,8
186_140,Blood vessel,8
186_141,Blood vessel,8
186_142,Blood vessel,5
186_143,Head mesenchyme,5
186_144,Head mesenchyme,7
186_145,Brain,7
186_146,Brain,7
186_147,Brain,7
186_148,Brain,7
186_149,Brain,7
186_150,Brain,7
186_151,Brain,7
186_152,Brain,7
186_153,Brain,7
186_154,Brain,7
186_155,Brain,7
186_156,Brain,11
186_157,Brain,11
186_158,Brain,11
186_159,Brain,11
186_160,Brain,11
186_161,Brain,11
186_162,Brain,11
186_163,Brain,11
186_164,Brain,11
186_165,Brain,11
186_166,Brain,11
186_167,Brain,11
186_168,Brain,11
186_169,Brain,11
186_170,Brain,11
186_171,Brain,11
186_172,Brain,7
186_173,Brain,7
186_174,Brain,7
186_175,Brain,7
186_176,Brain,7
186_177,Brain,7
186_178,Brain,7
186_179,Brain,7
186_180,Brain,7
186_181,Brain,7
186_182,Brain,7
186_183,Brain,5
186_184,Head mesenchyme,5
186_185,Head mesenchyme,17
186_186,Head mesenchyme,17
186_187,Head mesenchyme,17
186_188,Head mesenchyme,17
186_189,Head mesenchyme,17
186_190,Head mesenchyme,17
186_191,Head mesenchyme,17
186_192,Head mesenchyme,17
186_193,Head mesenchyme,17
186_194,Head mesenchyme,17
186_195,Head mesenchyme,17
186_196,Head mesenchyme,17
186_197,Inner ear,17
186_198,Inner ear,17
186_199,Inner ear,5
186_200,Inner ear,5
186_201,Inner ear,5
186_202,Head mesenchyme,5
186_203,Head mesenchyme,5
186_204,Head mesenchyme,5
186_205,Head mesenchyme,5
186_206,Head mesenchyme,5
186_207,Head mesenchyme,9
186_208,Head mesenchyme,9
186_209,Head mesenchyme,9
186_210,Head mesenchyme,9
186_211,Head mesenchyme,9
186_212,Surface ectoderm,9
186_213,Surface ectoderm,9
186_214,Branchial arch,9
186_215,Branchial arch,9
186_216,Lung primordium,9
186_217,Lung primordium,9
186_218,Lung primordium,9
186_219,Lung primordium,9
186_220,Lung primordium,9
186_221,Lung primordium,9
186_222,Lung primordium,9
186_223,Lung primordium,9
186_224,Lung primordium,9
186_225,Lung primordium,9
186_226,Lung primordium,6
186_227,Lung primordium,6
186_228,Blood vessel,6
186_229,Blood vessel,6
186_230,Blood vessel,6
186_231,Connective tissue,6
186_232,GI tract,6
186_233,GI tract,6
186_234,GI tract,6
186_235,GI tract,6
186_236,GI tract,6
186_237,GI tract,6
186_238,Lung primordium,6
186_239,Lung primordium,6
186_240,Lung primordium,6
186_241,Lung primordium,6
186_242,Connective tissue,6
186_243,Connective tissue,6
186_244,Connective tissue,6
186_245,Connective tissue,6
186_246,Blood vessel,8
186_247,Blood vessel,8
186_248,Cavity,8
186_249,Cavity,8
186_250,Cavity,8
186_251,Cavity,8
186_252,Cavity,8
186_253,Cavity,8
186_254,Cavity,8
186_255,Cavity,8
186_256,Cavity,8
186_257,Cavity,8
186_258,Cavity,8
186_259,Cavity,8
186_260,Cavity,8
186_261,Cavity,8
186_262,Cavity,8
186_263,Cavity,8
186_264,Cavity,8
186_265,Cavity,8
186_266,Cavity,8
186_267,Cavity,8
186_268,Blood vessel,8
186_269,Blood vessel,8
186_270,Connective tissue,8
186_271,Connective tissue,6
186_272,Connective tissue,6
186_273,Connective tissue,3
186_274,Urogenital ridge,3
186_275,Connective tissue,3
186_276,Connective tissue,3
186_277,Connective tissue,3
186_278,Connective tissue,3
186_279,Connective tissue,3
186_280,Dermomyotome,4
186_281,Dermomyotome,4
186_282,Dermomyotome,4
186_283,Dermomyotome,4
186_284,Dermomyotome,4
186_285,Dermomyotome,4
186_286,Dermomyotome,4
186_287,Dermomyotome,15
186_288,Dermomyotome,15
186_289,Dermomyotome,15
186_290,Dermomyotome,4
186_291,Dermomyotome,4
186_292,Dermomyotome,4
186_293,Dermomyotome,4
186_294,Dermomyotome,15
186_295,Dermomyotome,15
186_296,Dermomyotome,15
186_297,Dermomyotome,15
186_298,Dermomyotome,15
186_299,Dermomyotome,15
186_300,Dermomyotome,15
186_301,Dermomyotome,15
186_302,Dermomyotome,15
186_303,Dermomyotome,15
186_304,Dermomyotome,15
186_305,Dermomyotome,15
186_306,Dermomyotome,15
186_307,Surface ectoderm,14
186_308,Surface ectoderm,14
186_309,Surface ectoderm,14
186_310,Surface ectoderm,14
186_311,Surface ectoderm,14
186_312,Surface ectoderm,14
186_313,Surface ectoderm,14
186_314,Cavity,14
186_99,Cavity,13
187_100,Meninges,13
187_101,Meninges,13
187_102,Meninges,13
187_103,Meninges,7
187_104,Meninges,7
187_105,Brain,7
187_106,Brain,7
187_107,Brain,7
187_108,Brain,7
187_109,Brain,7
187_110,Brain,7
187_111,Brain,7
187_112,Brain,7
187_113,Brain,7
187_114,Brain,7
187_115,Brain,7
187_116,Brain,7
187_117,Brain,7
187_118,Brain,7
187_119,Brain,7
187_120,Brain,7
187_121,Brain,7
187_122,Brain,7
187_123,Brain,7
187_124,Brain,7
187_125,Brain,7
187_126,Brain,7
187_127,Brain,7
187_128,Brain,7
187_129,Brain,5
187_130,Brain,5
187_131,Head mesenchyme,5
187_132,Head mesenchyme,5
187_133,Head mesenchyme,5
187_134,Head mesenchyme,5
187_135,Head mesenchyme,5
187_136,Head mesenchyme,5
187_137,Head mesenchyme,17
187_138,Head mesenchyme,17
187_139,Head mesenchyme,8
187_140,Blood vessel,8
187_141,Blood vessel,8
187_142,Blood vessel,5
187_143,Head mesenchyme,5
187_144,Head mesenchyme,5
187_145,Head mesenchyme,5
187_146,Brain,5
187_147,Brain,7
187_148,Brain,7
187_149,Brain,7
187_150,Brain,7
187_151,Brain,7
187_152,Brain,7
187_153,Brain,7
187_154,Brain,7
187_155,Brain,7
187_156,Brain,11
187_157,Brain,11
187_158,Brain,11
187_159,Brain,11
187_160,Brain,11
187_161,Brain,11
187_162,Brain,11
187_163,Brain,11
187_164,Brain,11
187_165,Brain,11
187_166,Brain,11
187_167,Brain,11
187_168,Brain,11
187_169,Brain,11
187_170,Brain,7
187_171,Brain,7
187_172,Brain,7
187_173,Brain,7
187_174,Brain,7
187_175,Brain,7
187_176,Brain,7
187_177,Brain,7
187_178,Brain,7
187_179,Brain,7
187_180,Brain,7
187_181,Brain,7
187_182,Brain,7
187_183,Head mesenchyme,5
187_184,Head mesenchyme,17
187_185,Head mesenchyme,17
187_186,Head mesenchyme,17
187_187,Head mesenchyme,17
187_188,Head mesenchyme,17
187_189,Head mesenchyme,17
187_190,Head mesenchyme,17
187_191,Head mesenchyme,17
187_192,Head mesenchyme,17
187_193,Head mesenchyme,17
187_194,Head mesenchyme,17
187_195,Head mesenchyme,17
187_196,Head mesenchyme,17
187_197,Head mesenchyme,17
187_198,Inner ear,17
187_199,Inner ear,17
187_200,Inner ear,5
187_201,Head mesenchyme,5
187_202,Head mesenchyme,5
187_203,Head mesenchyme,5
187_204,Head mesenchyme,5
187_205,Head mesenchyme,5
187_206,Head mesenchyme,9
187_207,Head mesenchyme,9
187_208,Head mesenchyme,9
187_209,Head mesenchyme,9
187_210,Surface ectoderm,9
187_211,Surface ectoderm,9
187_212,Surface ectoderm,9
187_213,Surface ectoderm,9
187_214,Branchial arch,9
187_215,Branchial arch,9
187_216,Branchial arch,9
187_217,Branchial arch,9
187_218,Lung primordium,9
187_219,Lung primordium,9
187_220,Lung primordium,9
187_221,Lung primordium,9
187_222,Lung primordium,9
187_223,Lung primordium,9
187_224,Lung primordium,9
187_225,Lung primordium,9
187_226,Lung primordium,6
187_227,Connective tissue,6
187_228,Blood vessel,6
187_229,Blood vessel,6
187_230,Connective tissue,6
187_231,GI tract,6
187_232,GI tract,6
187_233,GI tract,6
187_234,GI tract,6
187_235,GI tract,6
187_236,GI tract,6
187_237,Lung primordium,6
187_238,Lung primordium,6
187_239,Lung primordium,6
187_240,Lung primordium,6
187_241,Lung primordium,6
187_242,Connective tissue,6
187_243,Connective tissue,6
187_244,Blood vessel,6
187_245,Blood vessel,8
187_246,Cavity,8
187_247,Cavity,8
187_248,Cavity,8
187_249,Cavity,8
187_250,Cavity,8
187_251,Cavity,8
187_252,Cavity,8
187_253,Cavity,8
187_254,Cavity,8
187_255,Cavity,8
187_256,Cavity,8
187_257,Cavity,8
187_258,Cavity,8
187_259,Cavity,8
187_260,Cavity,8
187_261,Cavity,8
187_262,Cavity,8
187_263,Cavity,8
187_264,Cavity,8
187_265,Cavity,8
187_266,Cavity,8
187_267,Cavity,8
187_268,Cavity,8
187_269,Cavity,8
187_270,Blood vessel,8
187_271,Blood vessel,8
187_272,Connective tissue,3
187_273,Connective tissue,3
187_274,Urogenital ridge,3
187_275,Urogenital ridge,3
187_276,Connective tissue,3
187_277,Connective tissue,3
187_278,Connective tissue,3
187_279,Connective tissue,3
187_280,Dermomyotome,4
187_281,Dermomyotome,4
187_282,Dermomyotome,4
187_283,Dermomyotome,4
187_284,Dermomyotome,4
187_285,Dermomyotome,4
187_286,Dermomyotome,4
187_287,Dermomyotome,4
187_288,Dermomyotome,15
187_289,Dermomyotome,4
187_290,Dermomyotome,4
187_291,Dermomyotome,4
187_292,Dermomyotome,4
187_293,Dermomyotome,4
187_294,Dermomyotome,4
187_295,Dermomyotome,15
187_296,Dermomyotome,15
187_297,Dermomyotome,15
187_298,Dermomyotome,15
187_299,Dermomyotome,15
187_300,Dermomyotome,15
187_301,Dermomyotome,15
187_302,Dermomyotome,15
187_303,Dermomyotome,15
187_304,Dermomyotome,15
187_305,Dermomyotome,15
187_306,Dermomyotome,1
187_307,Sclerotome,14
187_308,Surface ectoderm,14
187_309,Surface ectoderm,14
187_310,Surface ectoderm,14
187_311,Surface ectoderm,14
187_312,Surface ectoderm,14
187_313,Surface ectoderm,14
187_314,Surface ectoderm,14
187_315,Cavity,14
187_98,Cavity,13
187_99,Meninges,13
188_100,Meninges,13
188_101,Meninges,13
188_102,Meninges,7
188_103,Meninges,7
188_104,Brain,7
188_105,Brain,7
188_106,Brain,7
188_107,Brain,7
188_108,Brain,7
188_109,Brain,7
188_110,Brain,7
188_111,Brain,7
188_112,Brain,7
188_113,Brain,7
188_114,Brain,7
188_115,Brain,7
188_116,Brain,7
188_117,Brain,7
188_118,Brain,7
188_119,Brain,7
188_120,Brain,7
188_121,Brain,7
188_122,Brain,7
188_123,Brain,7
188_124,Brain,7
188_125,Brain,7
188_126,Brain,7
188_127,Brain,7
188_128,Brain,5
188_129,Brain,5
188_130,Head mesenchyme,5
188_131,Head mesenchyme,5
188_132,Head mesenchyme,5
188_133,Head mesenchyme,5
188_134,Head mesenchyme,5
188_135,Head mesenchyme,17
188_136,Head mesenchyme,17
188_137,Head mesenchyme,17
188_138,Head mesenchyme,17
188_139,Head mesenchyme,17
188_140,Head mesenchyme,17
188_141,Head mesenchyme,17
188_142,Head mesenchyme,5
188_143,Head mesenchyme,5
188_144,Head mesenchyme,5
188_145,Head mesenchyme,5
188_146,Brain,5
188_147,Brain,5
188_148,Brain,7
188_149,Brain,7
188_150,Brain,7
188_151,Brain,7
188_152,Brain,7
188_153,Brain,7
188_154,Brain,7
188_155,Brain,7
188_156,Brain,7
188_157,Brain,7
188_158,Brain,11
188_159,Brain,11
188_160,Brain,11
188_161,Brain,11
188_162,Brain,11
188_163,Brain,11
188_164,Brain,11
188_165,Brain,11
188_166,Brain,11
188_167,Brain,7
188_168,Brain,7
188_169,Brain,7
188_170,Brain,7
188_171,Brain,7
188_172,Brain,7
188_173,Brain,7
188_174,Brain,7
188_175,Brain,7
188_176,Brain,7
188_177,Brain,7
188_178,Brain,7
188_179,Brain,7
188_180,Brain,7
188_181,Head mesenchyme,7
188_182,Head mesenchyme,7
188_183,Head mesenchyme,17
188_184,Head mesenchyme,17
188_185,Head mesenchyme,17
188_186,Head mesenchyme,17
188_187,Head mesenchyme,17
188_188,Jaw and tooth,17
188_189,Head mesenchyme,17
188_190,Head mesenchyme,17
188_191,Head mesenchyme,17
188_192,Head mesenchyme,17
188_193,Head mesenchyme,17
188_194,Head mesenchyme,17
188_195,Connective tissue,17
188_196,Connective tissue,17
188_197,Head mesenchyme,17
188_198,Head mesenchyme,17
188_199,Head mesenchyme,17
188_200,Head mesenchyme,17
188_201,Head mesenchyme,5
188_202,Head mesenchyme,5
188_203,Head mesenchyme,5
188_204,Head mesenchyme,9
188_205,Head mesenchyme,9
188_206,Head mesenchyme,9
188_207,Head mesenchyme,9
188_208,Head mesenchyme,9
188_209,Surface ectoderm,9
188_210,Surface ectoderm,9
188_211,Surface ectoderm,9
188_212,Surface ectoderm,9
188_213,Surface ectoderm,9
188_214,Branchial arch,9
188_215,Branchial arch,9
188_216,Branchial arch,9
188_217,Branchial arch,9
188_218,Branchial arch,9
188_219,Branchial arch,9
188_220,Branchial arch,9
188_221,Lung primordium,9
188_222,Branchial arch,9
188_223,Branchial arch,9
188_224,Lung primordium,9
188_225,Lung primordium,6
188_226,Lung primordium,6
188_227,Connective tissue,6
188_228,Connective tissue,6
188_229,Connective tissue,6
188_230,Lung primordium,6
188_231,GI tract,6
188_232,GI tract,6
188_233,GI tract,6
188_234,GI tract,6
188_235,GI tract,6
188_236,Lung primordium,6
188_237,Lung primordium,6
188_238,Lung primordium,6
188_239,Lung primordium,6
188_240,Lung primordium,6
188_241,Connective tissue,6
188_242,Connective tissue,6
188_243,Blood vessel,8
188_244,Blood vessel,8
188_245,Cavity,8
188_246,Cavity,8
188_247,Cavity,8
188_248,Cavity,8
188_249,Cavity,8
188_250,Cavity,8
188_251,Cavity,8
188_252,Blood vessel,8
188_253,Blood vessel,8
188_254,Blood vessel,8
188_255,Blood vessel,8
188_256,Blood vessel,8
188_257,Cavity,8
188_258,Cavity,8
188_259,Cavity,8
188_260,Cavity,8
188_261,Cavity,8
188_262,Cavity,8
188_263,Cavity,8
188_264,Cavity,8
188_265,Cavity,8
188_266,Cavity,8
188_267,Cavity,8
188_268,Cavity,8
188_269,Cavity,8
188_270,Cavity,8
188_271,Blood vessel,8
188_272,Connective tissue,8
188_273,Connective tissue,3
188_274,Connective tissue,3
188_275,Connective tissue,3
188_276,Connective tissue,3
188_277,Connective tissue,3
188_278,Connective tissue,3
188_279,Connective tissue,3
188_280,Dermomyotome,3
188_281,Dermomyotome,3
188_282,Dermomyotome,3
188_283,Dermomyotome,4
188_284,Dermomyotome,4
188_285,Dermomyotome,4
188_286,Dermomyotome,4
188_287,Dermomyotome,4
188_288,Dermomyotome,4
188_289,Dermomyotome,4
188_290,Dermomyotome,4
188_291,Dermomyotome,4
188_292,Dermomyotome,4
188_293,Dermomyotome,4
188_294,Dermomyotome,15
188_295,Dermomyotome,15
188_296,Dermomyotome,15
188_297,Dermomyotome,15
188_298,Dermomyotome,15
188_299,Dermomyotome,15
188_300,Dermomyotome,15
188_301,Dermomyotome,15
188_302,Dermomyotome,15
188_303,Dermomyotome,15
188_304,Dermomyotome,15
188_305,Dermomyotome,1
188_306,Dermomyotome,1
188_307,Sclerotome,1
188_308,Sclerotome,1
188_309,Surface ectoderm,14
188_310,Surface ectoderm,14
188_311,Surface ectoderm,14
188_312,Surface ectoderm,14
188_313,Surface ectoderm,14
188_314,Surface ectoderm,14
188_315,Surface ectoderm,14
188_316,Cavity,14
188_98,Cavity,13
188_99,Meninges,13
189_100,Meninges,13
189_101,Meninges,13
189_102,Meninges,7
189_103,Meninges,7
189_104,Brain,7
189_105,Brain,7
189_106,Brain,7
189_107,Brain,7
189_108,Brain,7
189_109,Brain,7
189_110,Brain,7
189_111,Brain,7
189_112,Brain,7
189_113,Brain,7
189_114,Brain,7
189_115,Brain,7
189_116,Brain,7
189_117,Brain,7
189_118,Brain,7
189_119,Brain,7
189_120,Brain,7
189_121,Brain,7
189_122,Brain,7
189_123,Brain,7
189_124,Brain,7
189_125,Brain,7
189_126,Brain,7
189_127,Brain,7
189_128,Brain,5
189_129,Brain,5
189_130,Head mesenchyme,5
189_131,Jaw and tooth,5
189_132,Head mesenchyme,5
189_133,Head mesenchyme,5
189_134,Head mesenchyme,17
189_135,Head mesenchyme,17
189_136,Head mesenchyme,17
189_137,Head mesenchyme,17
189_138,Head mesenchyme,17
189_139,Head mesenchyme,17
189_140,Head mesenchyme,17
189_141,Head mesenchyme,17
189_142,Head mesenchyme,17
189_143,Head mesenchyme,17
189_144,Head mesenchyme,5
189_145,Head mesenchyme,5
189_146,Head mesenchyme,5
189_147,Brain,5
189_148,Brain,5
189_149,Brain,7
189_150,Brain,7
189_151,Brain,7
189_152,Brain,7
189_153,Brain,7
189_154,Brain,7
189_155,Brain,7
189_156,Brain,7
189_157,Brain,7
189_158,Brain,7
189_159,Brain,7
189_160,Brain,11
189_161,Brain,11
189_162,Brain,11
189_163,Brain,11
189_164,Brain,11
189_165,Brain,11
189_166,Brain,7
189_167,Brain,7
189_168,Brain,7
189_169,Brain,7
189_170,Brain,7
189_171,Brain,7
189_172,Brain,7
189_173,Brain,7
189_174,Brain,7
189_175,Brain,7
189_176,Brain,7
189_177,Brain,7
189_178,Brain,7
189_179,Brain,7
189_180,Head mesenchyme,7
189_181,Head mesenchyme,17
189_182,Head mesenchyme,17
189_183,Head mesenchyme,17
189_184,Head mesenchyme,17
189_185,Jaw and tooth,17
189_186,Head mesenchyme,17
189_187,Head mesenchyme,17
189_188,Head mesenchyme,17
189_189,Jaw and tooth,17
189_190,Head mesenchyme,17
189_191,Head mesenchyme,17
189_192,Head mesenchyme,17
189_193,Head mesenchyme,17
189_194,Blood vessel,17
189_195,Blood vessel,17
189_196,Head mesenchyme,17
189_197,Head mesenchyme,17
189_198,Head mesenchyme,17
189_199,Head mesenchyme,17
189_200,Head mesenchyme,17
189_201,Head mesenchyme,17
189_202,Head mesenchyme,17
189_203,Head mesenchyme,9
189_204,Head mesenchyme,9
189_205,Head mesenchyme,9
189_206,Head mesenchyme,9
189_207,Surface ectoderm,9
189_208,Surface ectoderm,9
189_209,Surface ectoderm,9
189_210,Surface ectoderm,9
189_211,Branchial arch,9
189_212,Branchial arch,9
189_213,Branchial arch,9
189_214,Branchial arch,9
189_215,Branchial arch,9
189_216,Branchial arch,9
189_217,Branchial arch,9
189_218,Branchial arch,9
189_219,Branchial arch,9
189_220,Branchial arch,9
189_221,Branchial arch,9
189_222,Branchial arch,9
189_223,Branchial arch,9
189_224,Lung primordium,9
189_225,Lung primordium,6
189_226,Lung primordium,6
189_227,Lung primordium,6
189_228,Lung primordium,6
189_229,Lung primordium,6
189_230,Lung primordium,6
189_231,GI tract,6
189_232,GI tract,6
189_233,GI tract,6
189_234,GI tract,6
189_235,GI tract,6
189_236,Lung primordium,6
189_237,Lung primordium,6
189_238,Dorsal root ganglion,6
189_239,Dorsal root ganglion,6
189_240,Connective tissue,6
189_241,Connective tissue,6
189_242,Blood vessel,8
189_243,Blood vessel,8
189_244,Cavity,8
189_245,Cavity,8
189_246,Blood vessel,8
189_247,Blood vessel,8
189_248,Blood vessel,8
189_249,Heart,8
189_250,Heart,8
189_251,Heart,8
189_252,Heart,6
189_253,Heart,8
189_254,Heart,8
189_255,Heart,8
189_256,Heart,8
189_257,Blood vessel,8
189_258,Blood vessel,8
189_259,Cavity,8
189_260,Cavity,8
189_261,Cavity,8
189_262,Cavity,8
189_263,Cavity,8
189_264,Cavity,8
189_265,Cavity,8
189_266,Cavity,8
189_267,Cavity,8
189_268,Cavity,8
189_269,Cavity,8
189_270,Cavity,8
189_271,Blood vessel,8
189_272,Connective tissue,8
189_273,Connective tissue,3
189_274,Connective tissue,3
189_275,Connective tissue,3
189_276,Connective tissue,3
189_277,Connective tissue,3
189_278,Connective tissue,3
189_279,Connective tissue,3
189_280,Dermomyotome,3
189_281,Dermomyotome,3
189_282,Connective tissue,3
189_283,Connective tissue,3
189_284,Dermomyotome,4
189_285,Dermomyotome,4
189_286,Dermomyotome,4
189_287,Dermomyotome,4
189_288,Dermomyotome,4
189_289,Dermomyotome,4
189_290,Dermomyotome,4
189_291,Dermomyotome,4
189_292,Dermomyotome,4
189_293,Dermomyotome,4
189_294,Dermomyotome,15
189_295,Dermomyotome,15
189_296,Dermomyotome,15
189_297,Dermomyotome,15
189_298,Dermomyotome,15
189_299,Dermomyotome,15
189_300,Dermomyotome,15
189_301,Dermomyotome,15
189_302,Dermomyotome,15
189_303,Dermomyotome,15
189_304,Dermomyotome,15
189_305,Dermomyotome,1
189_306,Sclerotome,1
189_307,Sclerotome,1
189_308,Sclerotome,1
189_309,Sclerotome,14
189_310,Surface ectoderm,14
189_311,Surface ectoderm,14
189_312,Surface ectoderm,14
189_313,Surface ectoderm,14
189_314,Surface ectoderm,14
189_315,Surface ectoderm,14
189_316,Cavity,14
189_98,Meninges,13
189_99,Meninges,13
190_100,Meninges,13
190_101,Meninges,13
190_102,Meninges,7
190_103,Brain,7
190_104,Brain,7
190_105,Brain,7
190_106,Brain,7
190_107,Brain,7
190_108,Brain,7
190_109,Brain,7
190_110,Brain,7
190_111,Brain,7
190_112,Brain,7
190_113,Brain,7
190_114,Brain,7
190_115,Brain,7
190_116,Brain,7
190_117,Brain,7
190_118,Brain,7
190_119,Brain,7
190_120,Brain,7
190_121,Brain,7
190_122,Brain,7
190_123,Brain,7
190_124,Brain,7
190_125,Brain,7
190_126,Brain,7
190_127,Brain,5
190_128,Brain,5
190_129,Head mesenchyme,5
190_130,Head mesenchyme,5
190_131,Head mesenchyme,5
190_132,Head mesenchyme,5
190_133,Head mesenchyme,5
190_134,Head mesenchyme,17
190_135,Head mesenchyme,17
190_136,Head mesenchyme,17
190_137,Head mesenchyme,17
190_138,Head mesenchyme,17
190_139,Head mesenchyme,17
190_140,Head mesenchyme,17
190_141,Head mesenchyme,17
190_142,Head mesenchyme,17
190_143,Head mesenchyme,17
190_144,Head mesenchyme,17
190_145,Head mesenchyme,5
190_146,Head mesenchyme,17
190_147,Head mesenchyme,5
190_148,Head mesenchyme,5
190_149,Brain,7
190_150,Brain,7
190_151,Brain,7
190_152,Brain,7
190_153,Brain,7
190_154,Brain,7
190_155,Brain,7
190_156,Brain,7
190_157,Brain,7
190_158,Brain,7
190_159,Brain,7
190_160,Brain,7
190_161,Brain,7
190_162,Brain,7
190_163,Brain,7
190_164,Brain,7
190_165,Brain,7
190_166,Brain,7
190_167,Brain,7
190_168,Brain,7
190_169,Brain,7
190_170,Brain,7
190_171,Brain,7
190_172,Brain,7
190_173,Brain,7
190_174,Brain,7
190_175,Brain,7
190_176,Brain,7
190_177,Brain,7
190_178,Head mesenchyme,7
190_179,Head mesenchyme,7
190_180,Head mesenchyme,17
190_181,Head mesenchyme,17
190_182,Head mesenchyme,17
190_183,Head mesenchyme,17
190_184,Jaw and tooth,17
190_185,Jaw and tooth,17
190_186,Jaw and tooth,17
190_187,Head mesenchyme,17
190_188,Head mesenchyme,17
190_189,Head mesenchyme,17
190_190,Head mesenchyme,17
190_191,Head mesenchyme,17
190_192,Inner ear,17
190_193,Head mesenchyme,17
190_194,Blood vessel,17
190_195,Blood vessel,17
190_196,Head mesenchyme,17
190_197,Head mesenchyme,17
190_198,Head mesenchyme,17
190_199,Head mesenchyme,17
190_200,Head mesenchyme,17
190_201,Head mesenchyme,9
190_202,Head mesenchyme,9
190_203,Head mesenchyme,9
190_204,Head mesenchyme,9
190_205,Surface ectoderm,9
190_206,Surface ectoderm,9
190_207,Surface ectoderm,9
190_208,Surface ectoderm,9
190_209,Branchial arch,9
190_210,Branchial arch,9
190_211,Branchial arch,9
190_212,Branchial arch,9
190_213,Branchial arch,9
190_214,Branchial arch,9
190_215,Branchial arch,9
190_216,Branchial arch,9
190_217,Branchial arch,9
190_218,Branchial arch,9
190_219,Branchial arch,9
190_220,Branchial arch,9
190_221,Branchial arch,9
190_222,Branchial arch,9
190_223,Branchial arch,9
190_224,Dermomyotome,9
190_225,Dermomyotome,6
190_226,Connective tissue,6
190_227,Urogenital ridge,6
190_228,Lung primordium,6
190_229,Lung primordium,6
190_230,Lung primordium,6
190_231,Lung primordium,6
190_232,Lung primordium,6
190_233,Lung primordium,6
190_234,Lung primordium,6
190_235,Lung primordium,6
190_236,Lung primordium,6
190_237,Connective tissue,6
190_238,Connective tissue,6
190_239,Connective tissue,6
190_240,Connective tissue,6
190_241,Blood vessel,6
190_242,Blood vessel,6
190_243,Blood vessel,8
190_244,Blood vessel,8
190_245,Blood vessel,8
190_246,Heart,8
190_247,Heart,8
190_248,Heart,6
190_249,Heart,6
190_250,Heart,6
190_251,Heart,6
190_252,Heart,6
190_253,Heart,6
190_254,Heart,6
190_255,Heart,6
190_256,Heart,8
190_257,Heart,8
190_258,Heart,8
190_259,Blood vessel,8
190_260,Blood vessel,8
190_261,Blood vessel,8
190_262,Cavity,8
190_263,Cavity,8
190_264,Cavity,8
190_265,Cavity,8
190_266,Cavity,8
190_267,Cavity,8
190_268,Cavity,8
190_269,Cavity,8
190_270,Cavity,8
190_271,Blood vessel,8
190_272,Connective tissue,3
190_273,Connective tissue,3
190_274,Connective tissue,3
190_275,Connective tissue,3
190_276,Connective tissue,3
190_277,Connective tissue,3
190_278,Connective tissue,3
190_279,Connective tissue,3
190_280,Connective tissue,3
190_281,Connective tissue,3
190_282,Connective tissue,3
190_283,Connective tissue,3
190_284,Dermomyotome,3
190_285,Dermomyotome,4
190_286,Dermomyotome,4
190_287,Dermomyotome,4
190_288,Dermomyotome,4
190_289,Dermomyotome,4
190_290,Dermomyotome,4
190_291,Dermomyotome,4
190_292,Dermomyotome,4
190_293,Dermomyotome,15
190_294,Dermomyotome,15
190_295,Dermomyotome,15
190_296,Dermomyotome,15
190_297,Dermomyotome,15
190_298,Dermomyotome,15
190_299,Dermomyotome,15
190_300,Dermomyotome,15
190_301,Dermomyotome,15
190_302,Dermomyotome,15
190_303,Dermomyotome,15
190_304,Dermomyotome,15
190_305,Dermomyotome,1
190_306,Dermomyotome,1
190_307,Dermomyotome,1
190_308,Sclerotome,1
190_309,Dermomyotome,15
190_310,Dermomyotome,14
190_311,Surface ectoderm,14
190_312,Surface ectoderm,14
190_313,Surface ectoderm,14
190_314,Surface ectoderm,14
190_315,Surface ectoderm,14
190_316,Surface ectoderm,14
190_317,Cavity,14
190_98,Meninges,13
190_99,Meninges,13
191_100,Meninges,13
191_101,Meninges,13
191_102,Meninges,7
191_103,Brain,7
191_104,Brain,7
191_105,Brain,7
191_106,Brain,7
191_107,Brain,7
191_108,Brain,7
191_109,Brain,7
191_110,Brain,7
191_111,Brain,7
191_112,Brain,7
191_113,Brain,7
191_114,Brain,7
191_115,Brain,7
191_116,Brain,7
191_117,Brain,7
191_118,Brain,7
191_119,Brain,7
191_120,Brain,7
191_121,Brain,7
191_122,Brain,7
191_123,Brain,7
191_124,Brain,7
191_125,Brain,7
191_126,Brain,7
191_127,Brain,5
191_128,Brain,5
191_129,Head mesenchyme,5
191_130,Head mesenchyme,5
191_131,Head mesenchyme,5
191_132,Head mesenchyme,5
191_133,Head mesenchyme,17
191_134,Head mesenchyme,17
191_135,Head mesenchyme,17
191_136,Head mesenchyme,17
191_137,Head mesenchyme,17
191_138,Head mesenchyme,17
191_139,Head mesenchyme,17
191_140,Head mesenchyme,17
191_141,Head mesenchyme,17
191_142,Head mesenchyme,17
191_143,Head mesenchyme,17
191_144,Head mesenchyme,17
191_145,Head mesenchyme,17
191_146,Head mesenchyme,17
191_147,Head mesenchyme,17
191_148,Head mesenchyme,17
191_149,Head mesenchyme,17
191_150,Head mesenchyme,7
191_151,Brain,7
191_152,Brain,7
191_153,Brain,7
191_154,Brain,7
191_155,Brain,7
191_156,Brain,7
191_157,Brain,7
191_158,Brain,7
191_159,Brain,7
191_160,Brain,7
191_161,Brain,7
191_162,Brain,7
191_163,Brain,7
191_164,Brain,7
191_165,Brain,7
191_166,Brain,7
191_167,Brain,7
191_168,Brain,7
191_169,Brain,7
191_170,Brain,7
191_171,Brain,7
191_172,Brain,7
191_173,Brain,7
191_174,Brain,7
191_175,Brain,7
191_176,Brain,7
191_177,Head mesenchyme,7
191_178,Head mesenchyme,7
191_179,Head mesenchyme,17
191_180,Head mesenchyme,17
191_181,Head mesenchyme,17
191_182,Head mesenchyme,17
191_183,Head mesenchyme,17
191_184,Head mesenchyme,17
191_185,Jaw and tooth,17
191_186,Head mesenchyme,17
191_187,Head mesenchyme,17
191_188,Blood vessel,17
191_189,Head mesenchyme,17
191_190,Head mesenchyme,17
191_191,Connective tissue,17
191_192,Connective tissue,17
191_193,Head mesenchyme,17
191_194,Blood vessel,17
191_195,Blood vessel,17
191_196,Head mesenchyme,17
191_197,Head mesenchyme,17
191_198,Head mesenchyme,17
191_199,Head mesenchyme,17
191_200,Head mesenchyme,17
191_201,Head mesenchyme,9
191_202,Head mesenchyme,9
191_203,Surface ectoderm,9
191_204,Surface ectoderm,9
191_205,Surface ectoderm,9
191_206,Surface ectoderm,9
191_207,Branchial arch,9
191_208,Branchial arch,9
191_209,Branchial arch,9
191_210,Branchial arch,9
191_211,Branchial arch,9
191_212,Branchial arch,9
191_213,Branchial arch,9
191_214,Branchial arch,9
191_215,Branchial arch,9
191_216,Branchial arch,9
191_217,Branchial arch,9
191_218,Branchial arch,9
191_219,Branchial arch,9
191_220,Branchial arch,9
191_221,Branchial arch,9
191_222,Branchial arch,9
191_223,Dermomyotome,9
191_224,Dermomyotome,9
191_225,Dermomyotome,6
191_226,Connective tissue,6
191_227,Connective tissue,6
191_228,Connective tissue,6
191_229,Connective tissue,6
191_230,Connective tissue,6
191_231,Lung primordium,6
191_232,Lung primordium,6
191_233,Lung primordium,6
191_234,Connective tissue,6
191_235,Connective tissue,6
191_236,Connective tissue,6
191_237,Connective tissue,6
191_238,Connective tissue,6
191_239,Connective tissue,6
191_240,Blood vessel,6
191_241,Blood vessel,6
191_242,Blood vessel,6
191_243,Heart,6
191_244,Heart,6
191_245,Heart,6
191_246,Heart,6
191_247,Heart,6
191_248,Heart,6
191_249,Heart,6
191_250,Heart,6
191_251,Heart,6
191_252,Heart,6
191_253,Heart,6
191_254,Heart,6
191_255,Heart,6
191_256,Heart,6
191_257,Heart,6
191_258,Heart,8
191_259,Blood vessel,8
191_260,Blood vessel,8
191_261,Heart,8
191_262,Blood vessel,8
191_263,Cavity,8
191_264,Cavity,8
191_265,Cavity,8
191_266,Cavity,8
191_267,Cavity,8
191_268,Cavity,8
191_269,Cavity,8
191_270,Cavity,8
191_271,Blood vessel,8
191_272,Connective tissue,3
191_273,Connective tissue,3
191_274,Connective tissue,3
191_275,Connective tissue,3
191_276,Connective tissue,3
191_277,Connective tissue,3
191_278,Connective tissue,3
191_279,Connective tissue,3
191_280,Dermomyotome,3
191_281,Connective tissue,3
191_282,Connective tissue,3
191_283,Connective tissue,3
191_284,Connective tissue,3
191_285,Dermomyotome,4
191_286,Dermomyotome,4
191_287,Dermomyotome,4
191_288,Dermomyotome,4
191_289,Dermomyotome,4
191_290,Dermomyotome,4
191_291,Dermomyotome,4
191_292,Dermomyotome,15
191_293,Dermomyotome,15
191_294,Dermomyotome,15
191_295,Dermomyotome,15
191_296,Dermomyotome,15
191_297,Dermomyotome,15
191_298,Dermomyotome,15
191_299,Dermomyotome,15
191_300,Dermomyotome,15
191_301,Sclerotome,15
191_302,Dermomyotome,15
191_303,Dermomyotome,15
191_304,Dermomyotome,15
191_305,Dermomyotome,15
191_306,Dermomyotome,15
191_307,Dermomyotome,15
191_308,Dermomyotome,15
191_309,Dermomyotome,15
191_310,Dermomyotome,15
191_311,Dermomyotome,14
191_312,Surface ectoderm,14
191_313,Surface ectoderm,14
191_314,Surface ectoderm,14
191_315,Surface ectoderm,14
191_316,Surface ectoderm,14
191_317,Surface ectoderm,14
191_318,Cavity,14
191_98,Meninges,13
191_99,Meninges,13
192_100,Meninges,13
192_101,Meninges,7
192_102,Meninges,7
192_103,Brain,7
192_104,Brain,7
192_105,Brain,7
192_106,Brain,7
192_107,Brain,7
192_108,Brain,7
192_109,Brain,7
192_110,Brain,7
192_111,Brain,7
192_112,Brain,7
192_113,Brain,7
192_114,Brain,7
192_115,Brain,7
192_116,Brain,7
192_117,Brain,7
192_118,Brain,7
192_119,Brain,7
192_120,Brain,7
192_121,Brain,7
192_122,Brain,7
192_123,Brain,7
192_124,Brain,7
192_125,Brain,7
192_126,Brain,5
192_127,Brain,5
192_128,Brain,5
192_129,Head mesenchyme,5
192_130,Head mesenchyme,5
192_131,Head mesenchyme,5
192_132,Head mesenchyme,5
192_133,Head mesenchyme,17
192_134,Head mesenchyme,17
192_135,Head mesenchyme,17
192_136,Head mesenchyme,17
192_137,Head mesenchyme,17
192_138,Head mesenchyme,17
192_139,Head mesenchyme,17
192_140,Head mesenchyme,17
192_141,Head mesenchyme,17
192_142,Head mesenchyme,17
192_143,Head mesenchyme,17
192_144,Head mesenchyme,17
192_145,Head mesenchyme,17
192_146,Head mesenchyme,17
192_147,Head mesenchyme,17
192_148,Head mesenchyme,17
192_149,Head mesenchyme,17
192_150,Head mesenchyme,17
192_151,Head mesenchyme,17
192_152,Brain,7
192_153,Brain,7
192_154,Brain,7
192_155,Brain,7
192_156,Brain,7
192_157,Brain,7
192_158,Brain,7
192_159,Brain,7
192_160,Brain,7
192_161,Brain,7
192_162,Brain,7
192_163,Brain,7
192_164,Brain,7
192_165,Brain,7
192_166,Brain,7
192_167,Brain,7
192_168,Brain,7
192_169,Brain,7
192_170,Brain,7
192_171,Brain,7
192_172,Brain,7
192_173,Brain,7
192_174,Brain,7
192_175,Head mesenchyme,7
192_176,Head mesenchyme,17
192_177,Head mesenchyme,17
192_178,Head mesenchyme,17
192_179,Head mesenchyme,17
192_180,Head mesenchyme,17
192_181,Head mesenchyme,17
192_182,Head mesenchyme,17
192_183,Head mesenchyme,17
192_184,Head mesenchyme,17
192_185,Head mesenchyme,17
192_186,Head mesenchyme,17
192_187,Head mesenchyme,17
192_188,Blood vessel,17
192_189,Connective tissue,17
192_190,Connective tissue,17
192_191,Connective tissue,17
192_192,Connective tissue,17
192_193,Jaw and tooth,17
192_194,Head mesenchyme,17
192_195,Head mesenchyme,17
192_196,Head mesenchyme,17
192_197,Head mesenchyme,17
192_198,Head mesenchyme,17
192_199,Head mesenchyme,17
192_200,Head mesenchyme,9
192_201,Head mesenchyme,9
192_202,Surface ectoderm,9
192_203,Surface ectoderm,9
192_204,Surface ectoderm,9
192_205,Surface ectoderm,9
192_206,Branchial arch,9
192_207,Branchial arch,9
192_208,Branchial arch,9
192_209,Branchial arch,9
192_210,Branchial arch,9
192_211,Branchial arch,9
192_212,Branchial arch,9
192_213,Branchial arch,9
192_214,Branchial arch,9
192_215,Branchial arch,9
192_216,Branchial arch,9
192_217,Branchial arch,9
192_218,Branchial arch,9
192_219,Branchial arch,9
192_220,Branchial arch,9
192_221,Branchial arch,9
192_222,Branchial arch,9
192_223,Dermomyotome,9
192_224,Dermomyotome,4
192_225,Dermomyotome,4
192_226,Connective tissue,6
192_227,Connective tissue,6
192_228,Blood vessel,6
192_229,Blood vessel,6
192_230,Connective tissue,6
192_231,Connective tissue,6
192_232,Lung primordium,6
192_233,Connective tissue,6
192_234,Connective tissue,6
192_235,Connective tissue,6
192_236,Connective tissue,6
192_237,Connective tissue,6
192_238,Blood vessel,6
192_239,Blood vessel,6
192_240,Blood vessel,6
192_241,Blood vessel,6
192_242,Heart,6
192_243,Heart,6
192_244,Heart,6
192_245,Heart,6
192_246,Heart,6
192_247,Heart,6
192_248,Heart,6
192_249,Heart,6
192_250,Heart,6
192_251,Heart,6
192_252,Heart,6
192_253,Heart,6
192_254,Heart,6
192_255,Heart,6
192_256,Heart,6
192_257,Heart,6
192_258,Heart,6
192_259,Heart,6
192_260,Heart,8
192_261,Heart,8
192_262,Heart,8
192_263,Cavity,8
192_264,Cavity,8
192_265,Cavity,8
192_266,Cavity,8
192_267,Cavity,8
192_268,Cavity,8
192_269,Cavity,8
192_270,Blood vessel,8
192_271,Connective tissue,8
192_272,Connective tissue,6
192_273,Connective tissue,6
192_274,Connective tissue,6
192_275,Connective tissue,3
192_276,Connective tissue,6
192_277,Connective tissue,6
192_278,Connective tissue,3
192_279,Connective tissue,6
192_280,Connective tissue,3
192_281,Connective tissue,3
192_282,Connective tissue,3
192_283,Connective tissue,3
192_284,Connective tissue,3
192_285,Dermomyotome,4
192_286,Dermomyotome,4
192_287,Dermomyotome,4
192_288,Dermomyotome,4
192_289,Dermomyotome,4
192_290,Dermomyotome,4
192_291,Dermomyotome,15
192_292,Dermomyotome,15
192_293,Dermomyotome,15
192_294,Dermomyotome,15
192_295,Dermomyotome,15
192_296,Dermomyotome,15
192_297,Dermomyotome,15
192_298,Dermomyotome,15
192_299,Dermomyotome,15
192_300,Dermomyotome,15
192_301,Dermomyotome,15
192_302,Dermomyotome,15
192_303,Dermomyotome,15
192_304,Dermomyotome,15
192_305,Dermomyotome,15
192_306,Dermomyotome,15
192_307,Dermomyotome,15
192_308,Dermomyotome,15
192_309,Dermomyotome,15
192_310,Dermomyotome,15
192_311,Dermomyotome,14
192_312,Dermomyotome,14
192_313,Surface ectoderm,14
192_314,Surface ectoderm,14
192_315,Surface ectoderm,14
192_316,Surface ectoderm,14
192_317,Surface ectoderm,14
192_318,Cavity,14
192_98,Meninges,13
192_99,Meninges,13
193_100,Meninges,7
193_101,Meninges,7
193_102,Meninges,7
193_103,Brain,7
193_104,Brain,7
193_105,Brain,7
193_106,Brain,7
193_107,Brain,7
193_108,Brain,7
193_109,Brain,7
193_110,Brain,7
193_111,Brain,7
193_112,Brain,7
193_113,Brain,7
193_114,Brain,7
193_115,Brain,7
193_116,Brain,7
193_117,Brain,7
193_118,Brain,7
193_119,Brain,7
193_120,Brain,7
193_121,Brain,7
193_122,Brain,7
193_123,Brain,7
193_124,Brain,7
193_125,Brain,7
193_126,Jaw and tooth,5
193_127,Head mesenchyme,5
193_128,Head mesenchyme,5
193_129,Head mesenchyme,5
193_130,Head mesenchyme,5
193_131,Head mesenchyme,5
193_132,Head mesenchyme,17
193_133,Head mesenchyme,17
193_134,Head mesenchyme,17
193_135,Head mesenchyme,17
193_136,Head mesenchyme,17
193_137,Head mesenchyme,17
193_138,Head mesenchyme,17
193_139,Head mesenchyme,17
193_140,Head mesenchyme,17
193_141,Head mesenchyme,17
193_142,Head mesenchyme,17
193_143,Head mesenchyme,17
193_144,Head mesenchyme,17
193_145,Head mesenchyme,17
193_146,Head mesenchyme,17
193_147,Head mesenchyme,17
193_148,Head mesenchyme,17
193_149,Head mesenchyme,17
193_150,Head mesenchyme,17
193_151,Head mesenchyme,17
193_152,Head mesenchyme,17
193_153,Head mesenchyme,7
193_154,Head mesenchyme,7
193_155,Brain,7
193_156,Brain,7
193_157,Brain,7
193_158,Brain,7
193_159,Brain,7
193_160,Brain,7
193_161,Brain,7
193_162,Brain,7
193_163,Brain,7
193_164,Brain,7
193_165,Brain,7
193_166,Brain,7
193_167,Brain,7
193_168,Brain,7
193_169,Brain,7
193_170,Brain,7
193_171,Brain,7
193_172,Head mesenchyme,7
193_173,Head mesenchyme,7
193_174,Head mesenchyme,17
193_175,Head mesenchyme,17
193_176,Head mesenchyme,17
193_177,Head mesenchyme,17
193_178,Head mesenchyme,17
193_179,Head mesenchyme,17
193_180,Head mesenchyme,17
193_181,Head mesenchyme,17
193_182,Head mesenchyme,17
193_183,Head mesenchyme,17
193_184,Head mesenchyme,17
193_185,Head mesenchyme,17
193_186,Head mesenchyme,17
193_187,Connective tissue,17
193_188,Blood vessel,17
193_189,Blood vessel,17
193_190,Connective tissue,17
193_191,Connective tissue,17
193_192,Connective tissue,17
193_193,Head mesenchyme,17
193_194,Head mesenchyme,17
193_195,Head mesenchyme,17
193_196,Head mesenchyme,17
193_197,Head mesenchyme,17
193_198,Head mesenchyme,9
193_199,Head mesenchyme,9
193_200,Surface ectoderm,9
193_201,Surface ectoderm,9
193_202,Surface ectoderm,9
193_203,Surface ectoderm,9
193_204,Branchial arch,9
193_205,Branchial arch,9
193_206,Branchial arch,9
193_207,Branchial arch,9
193_208,Branchial arch,9
193_209,Branchial arch,9
193_210,Branchial arch,9
193_211,Branchial arch,9
193_212,Branchial arch,9
193_213,Branchial arch,9
193_214,Branchial arch,9
193_215,Branchial arch,9
193_216,Branchial arch,9
193_217,Branchial arch,9
193_218,Branchial arch,9
193_219,Branchial arch,9
193_220,Branchial arch,9
193_221,Branchial arch,9
193_222,Branchial arch,9
193_223,Branchial arch,9
193_224,Dermomyotome,4
193_225,Dermomyotome,4
193_226,Dermomyotome,4
193_227,Connective tissue,6
193_228,Connective tissue,6
193_229,Dermomyotome,6
193_230,Dermomyotome,6
193_231,Dermomyotome,6
193_232,Dermomyotome,6
193_233,Connective tissue,6
193_234,Connective tissue,6
193_235,Connective tissue,6
193_236,Blood vessel,6
193_237,Blood vessel,6
193_238,Blood vessel,6
193_239,Blood vessel,6
193_240,Heart,6
193_241,Heart,6
193_242,Heart,6
193_243,Heart,6
193_244,Heart,6
193_245,Heart,6
193_246,Heart,6
193_247,Heart,6
193_248,Heart,6
193_249,Heart,6
193_250,Heart,6
193_251,Heart,6
193_252,Heart,6
193_253,Heart,6
193_254,Heart,6
193_255,Heart,6
193_256,Heart,6
193_257,Heart,6
193_258,Heart,6
193_259,Heart,6
193_260,Heart,6
193_261,Blood vessel,8
193_262,Blood vessel,8
193_263,Blood vessel,8
193_264,Blood vessel,8
193_265,Cavity,8
193_266,Cavity,8
193_267,Cavity,8
193_268,Cavity,8
193_269,Blood vessel,8
193_270,Connective tissue,8
193_271,Connective tissue,6
193_272,Connective tissue,6
193_273,Connective tissue,6
193_274,Connective tissue,6
193_275,Connective tissue,6
193_276,Connective tissue,6
193_277,Connective tissue,6
193_278,Blood vessel,6
193_279,Connective tissue,6
193_280,Connective tissue,6
193_281,Connective tissue,3
193_282,Connective tissue,3
193_283,Connective tissue,3
193_284,Connective tissue,3
193_285,Dermomyotome,3
193_286,Dermomyotome,4
193_287,Dermomyotome,4
193_288,Dermomyotome,4
193_289,Dermomyotome,4
193_290,Dermomyotome,15
193_291,Dermomyotome,15
193_292,Dermomyotome,15
193_293,Dermomyotome,15
193_294,Dermomyotome,15
193_295,Dermomyotome,15
193_296,Dermomyotome,15
193_297,Dermomyotome,15
193_298,Sclerotome,15
193_299,Dermomyotome,15
193_300,Dermomyotome,15
193_301,Dermomyotome,15
193_302,Dermomyotome,15
193_303,Dermomyotome,15
193_304,Dermomyotome,15
193_305,Dermomyotome,15
193_306,Dermomyotome,15
193_307,Dermomyotome,15
193_308,Dermomyotome,15
193_309,Dermomyotome,15
193_310,Dermomyotome,15
193_311,Dermomyotome,15
193_312,Dermomyotome,14
193_313,Dermomyotome,14
193_314,Surface ectoderm,14
193_315,Surface ectoderm,14
193_316,Surface ectoderm,14
193_317,Surface ectoderm,14
193_318,Surface ectoderm,14
193_319,Cavity,14
193_97,Cavity,13
193_98,Meninges,13
193_99,Meninges,13
194_100,Meninges,7
194_101,Meninges,7
194_102,Brain,7
194_103,Brain,7
194_104,Brain,7
194_105,Brain,7
194_106,Brain,7
194_107,Brain,7
194_108,Brain,7
194_109,Brain,7
194_110,Brain,7
194_111,Brain,7
194_112,Brain,7
194_113,Brain,7
194_114,Brain,7
194_115,Brain,7
194_116,Brain,7
194_117,Brain,7
194_118,Brain,7
194_119,Brain,7
194_120,Brain,7
194_121,Brain,7
194_122,Brain,7
194_123,Brain,7
194_124,Head mesenchyme,7
194_125,Connective tissue,5
194_126,Jaw and tooth,5
194_127,Head mesenchyme,5
194_128,Head mesenchyme,5
194_129,Head mesenchyme,5
194_130,Head mesenchyme,5
194_131,Head mesenchyme,5
194_132,Head mesenchyme,17
194_133,Head mesenchyme,17
194_134,Head mesenchyme,17
194_135,Head mesenchyme,17
194_136,Head mesenchyme,17
194_137,Head mesenchyme,17
194_138,Head mesenchyme,17
194_139,Head mesenchyme,17
194_140,Head mesenchyme,17
194_141,Head mesenchyme,17
194_142,Head mesenchyme,17
194_143,Head mesenchyme,17
194_144,Head mesenchyme,17
194_145,Head mesenchyme,17
194_146,Head mesenchyme,17
194_147,Head mesenchyme,17
194_148,Head mesenchyme,17
194_149,Head mesenchyme,17
194_150,Head mesenchyme,17
194_151,Head mesenchyme,17
194_152,Head mesenchyme,17
194_153,Head mesenchyme,17
194_154,Head mesenchyme,17
194_155,Head mesenchyme,17
194_156,Head mesenchyme,7
194_157,Brain,7
194_158,Brain,7
194_159,Brain,7
194_160,Brain,7
194_161,Brain,7
194_162,Brain,7
194_163,Brain,7
194_164,Brain,7
194_165,Brain,7
194_166,Brain,7
194_167,Brain,7
194_168,Brain,7
194_169,Brain,5
194_170,Head mesenchyme,5
194_171,Head mesenchyme,17
194_172,Head mesenchyme,17
194_173,Head mesenchyme,17
194_174,Head mesenchyme,17
194_175,Head mesenchyme,17
194_176,Head mesenchyme,17
194_177,Head mesenchyme,17
194_178,Head mesenchyme,17
194_179,Head mesenchyme,17
194_180,Head mesenchyme,17
194_181,Head mesenchyme,17
194_182,Head mesenchyme,17
194_183,Head mesenchyme,17
194_184,Head mesenchyme,17
194_185,Head mesenchyme,17
194_186,Head mesenchyme,17
194_187,Blood vessel,17
194_188,Blood vessel,17
194_189,Blood vessel,17
194_190,Connective tissue,17
194_191,Head mesenchyme,17
194_192,Head mesenchyme,17
194_193,Head mesenchyme,17
194_194,Head mesenchyme,17
194_195,Head mesenchyme,17
194_196,Head mesenchyme,17
194_197,Head mesenchyme,9
194_198,Head mesenchyme,9
194_199,Surface ectoderm,9
194_200,Surface ectoderm,9
194_201,Surface ectoderm,9
194_202,Surface ectoderm,9
194_203,Branchial arch,9
194_204,Branchial arch,9
194_205,Branchial arch,9
194_206,Branchial arch,9
194_207,Branchial arch,9
194_208,Branchial arch,9
194_209,Branchial arch,9
194_210,Branchial arch,9
194_211,Branchial arch,9
194_212,Branchial arch,9
194_213,Branchial arch,9
194_214,Branchial arch,9
194_215,Branchial arch,9
194_216,Branchial arch,9
194_217,Branchial arch,9
194_218,Branchial arch,9
194_219,Branchial arch,9
194_220,Branchial arch,9
194_221,Branchial arch,9
194_222,Branchial arch,9
194_223,Dermomyotome,9
194_224,Dermomyotome,4
194_225,Dermomyotome,4
194_226,Dermomyotome,4
194_227,Connective tissue,6
194_228,Connective tissue,6
194_229,Dermomyotome,6
194_230,Dermomyotome,6
194_231,Dermomyotome,6
194_232,Dermomyotome,6
194_233,Dermomyotome,6
194_234,Blood vessel,6
194_235,Blood vessel,6
194_236,Cavity,6
194_237,Blood vessel,6
194_238,Heart,6
194_239,Heart,6
194_240,Heart,6
194_241,Heart,6
194_242,Heart,6
194_243,Heart,6
194_244,Heart,6
194_245,Heart,6
194_246,Heart,6
194_247,Heart,6
194_248,Heart,6
194_249,Heart,6
194_250,Heart,6
194_251,Heart,6
194_252,Heart,6
194_253,Heart,6
194_254,Heart,6
194_255,Heart,6
194_256,Heart,6
194_257,Heart,6
194_258,Heart,6
194_259,Heart,6
194_260,Heart,6
194_261,Blood vessel,6
194_262,Blood vessel,8
194_263,Blood vessel,8
194_264,Heart,8
194_265,Cavity,8
194_266,Cavity,8
194_267,Cavity,8
194_268,Cavity,8
194_269,Blood vessel,8
194_270,Connective tissue,8
194_271,Connective tissue,6
194_272,Connective tissue,6
194_273,Connective tissue,6
194_274,Connective tissue,6
194_275,Connective tissue,6
194_276,Connective tissue,6
194_277,Connective tissue,6
194_278,Connective tissue,6
194_279,Connective tissue,6
194_280,Connective tissue,6
194_281,Connective tissue,6
194_282,Connective tissue,3
194_283,Connective tissue,3
194_284,Connective tissue,3
194_285,Connective tissue,3
194_286,Dermomyotome,3
194_287,Dermomyotome,4
194_288,Dermomyotome,4
194_289,Dermomyotome,15
194_290,Dermomyotome,15
194_291,Dermomyotome,15
194_292,Dermomyotome,15
194_293,Dermomyotome,15
194_294,Dermomyotome,15
194_295,Dermomyotome,15
194_296,Dermomyotome,15
194_297,Sclerotome,15
194_298,Sclerotome,15
194_299,Dermomyotome,15
194_300,Dermomyotome,15
194_301,Dermomyotome,15
194_302,Dermomyotome,15
194_303,Dermomyotome,15
194_304,Dermomyotome,15
194_305,Dermomyotome,15
194_306,Dermomyotome,15
194_307,Dermomyotome,15
194_308,Dermomyotome,15
194_309,Dermomyotome,15
194_310,Dermomyotome,15
194_311,Dermomyotome,15
194_312,Dermomyotome,14
194_313,Dermomyotome,14
194_314,Surface ectoderm,14
194_315,Surface ectoderm,14
194_316,Surface ectoderm,14
194_317,Surface ectoderm,14
194_318,Surface ectoderm,14
194_319,Surface ectoderm,14
194_320,Cavity,14
194_97,Cavity,13
194_98,Meninges,13
194_99,Meninges,13
195_100,Meninges,7
195_101,Meninges,7
195_102,Brain,7
195_103,Brain,7
195_104,Brain,7
195_105,Brain,7
195_106,Brain,7
195_107,Brain,7
195_108,Brain,7
195_109,Brain,7
195_110,Brain,7
195_111,Brain,7
195_112,Brain,7
195_113,Brain,7
195_114,Brain,7
195_115,Brain,7
195_116,Brain,7
195_117,Brain,7
195_118,Brain,7
195_119,Brain,7
195_120,Brain,7
195_121,Brain,7
195_122,Brain,7
195_123,Brain,5
195_124,Head mesenchyme,5
195_125,Head mesenchyme,5
195_126,Connective tissue,5
195_127,Head mesenchyme,5
195_128,Head mesenchyme,5
195_129,Head mesenchyme,5
195_130,Head mesenchyme,5
195_131,Head mesenchyme,17
195_132,Head mesenchyme,17
195_133,Head mesenchyme,17
195_134,Head mesenchyme,17
195_135,Head mesenchyme,17
195_136,Head mesenchyme,17
195_137,Head mesenchyme,17
195_138,Head mesenchyme,17
195_139,Head mesenchyme,17
195_140,Head mesenchyme,17
195_141,Head mesenchyme,17
195_142,Head mesenchyme,17
195_143,Head mesenchyme,17
195_144,Head mesenchyme,17
195_145,Head mesenchyme,17
195_146,Head mesenchyme,17
195_147,Head mesenchyme,17
195_148,Head mesenchyme,17
195_149,Head mesenchyme,17
195_150,Head mesenchyme,17
195_151,Head mesenchyme,17
195_152,Head mesenchyme,17
195_153,Head mesenchyme,17
195_154,Head mesenchyme,17
195_155,Head mesenchyme,17
195_156,Head mesenchyme,17
195_157,Head mesenchyme,17
195_158,Head mesenchyme,17
195_159,Head mesenchyme,7
195_160,Brain,7
195_161,Brain,7
195_162,Brain,7
195_163,Brain,7
195_164,Brain,7
195_165,Brain,7
195_166,Brain,7
195_167,Head mesenchyme,5
195_168,Head mesenchyme,5
195_169,Head mesenchyme,17
195_170,Head mesenchyme,17
195_171,Head mesenchyme,17
195_172,Jaw and tooth,17
195_173,Head mesenchyme,17
195_174,Head mesenchyme,17
195_175,Head mesenchyme,17
195_176,Head mesenchyme,17
195_177,Head mesenchyme,17
195_178,Head mesenchyme,17
195_179,Head mesenchyme,17
195_180,Head mesenchyme,17
195_181,Head mesenchyme,17
195_182,Head mesenchyme,17
195_183,Head mesenchyme,17
195_184,Head mesenchyme,17
195_185,Head mesenchyme,17
195_186,Connective tissue,17
195_187,Blood vessel,17
195_188,Cavity,17
195_189,Blood vessel,8
195_190,Connective tissue,17
195_191,Head mesenchyme,17
195_192,Head mesenchyme,17
195_193,Head mesenchyme,17
195_194,Head mesenchyme,9
195_195,Head mesenchyme,9
195_196,Head mesenchyme,9
195_197,Surface ectoderm,9
195_198,Surface ectoderm,9
195_199,Surface ectoderm,9
195_200,Surface ectoderm,9
195_201,Surface ectoderm,9
195_202,Branchial arch,9
195_203,Branchial arch,9
195_204,Branchial arch,9
195_205,Branchial arch,9
195_206,Branchial arch,9
195_207,Branchial arch,9
195_208,Branchial arch,9
195_209,Branchial arch,9
195_210,Branchial arch,9
195_211,Branchial arch,9
195_212,Branchial arch,9
195_213,Branchial arch,9
195_214,Branchial arch,9
195_215,Branchial arch,9
195_216,Branchial arch,9
195_217,Branchial arch,9
195_218,Branchial arch,9
195_219,Branchial arch,9
195_220,Branchial arch,9
195_221,Branchial arch,9
195_222,Branchial arch,9
195_223,Dermomyotome,9
195_224,Dermomyotome,9
195_225,Dermomyotome,4
195_226,Connective tissue,6
195_227,Blood vessel,6
195_228,Connective tissue,6
195_229,Connective tissue,6
195_230,Connective tissue,6
195_231,Connective tissue,6
195_232,Dermomyotome,6
195_233,Connective tissue,6
195_234,Blood vessel,6
195_235,Blood vessel,6
195_236,Heart,6
195_237,Heart,6
195_238,Heart,6
195_239,Heart,6
195_240,Heart,6
195_241,Heart,6
195_242,Heart,6
195_243,Heart,6
195_244,Heart,6
195_245,Heart,6
195_246,Heart,6
195_247,Heart,6
195_248,Heart,6
195_249,Heart,6
195_250,Heart,6
195_251,Heart,6
195_252,Heart,6
195_253,Heart,6
195_254,Heart,6
195_255,Heart,6
195_256,Heart,6
195_257,Heart,6
195_258,Heart,6
195_259,Heart,6
195_260,Heart,6
195_261,Heart,6
195_262,Blood vessel,6
195_263,Blood vessel,8
195_264,Blood vessel,8
195_265,Blood vessel,8
195_266,Cavity,8
195_267,Cavity,8
195_268,Cavity,8
195_269,Blood vessel,8
195_270,Connective tissue,6
195_271,Connective tissue,6
195_272,Connective tissue,6
195_273,Connective tissue,6
195_274,Connective tissue,6
195_275,Connective tissue,6
195_276,Connective tissue,6
195_277,Connective tissue,6
195_278,Connective tissue,6
195_279,Blood vessel,6
195_280,Blood vessel,6
195_281,Blood vessel,6
195_282,Connective tissue,6
195_283,Urogenital ridge,3
195_284,Connective tissue,3
195_285,Dermomyotome,3
195_286,Sclerotome,3
195_287,Sclerotome,3
195_288,Dermomyotome,15
195_289,Dermomyotome,15
195_290,Dermomyotome,15
195_291,Dermomyotome,15
195_292,Dermomyotome,15
195_293,Dermomyotome,15
195_294,Dermomyotome,15
195_295,Sclerotome,15
195_296,Sclerotome,15
195_297,Sclerotome,15
195_298,Dermomyotome,15
195_299,Dermomyotome,15
195_300,Dermomyotome,15
195_301,Dermomyotome,15
195_302,Dermomyotome,15
195_303,Dermomyotome,15
195_304,Dermomyotome,15
195_305,Dermomyotome,15
195_306,Dermomyotome,15
195_307,Dermomyotome,15
195_308,Dermomyotome,15
195_309,Dermomyotome,15
195_310,Dermomyotome,15
195_311,Dermomyotome,1
195_312,Dermomyotome,1
195_313,Sclerotome,1
195_314,Surface ectoderm,14
195_315,Surface ectoderm,14
195_316,Surface ectoderm,14
195_317,Surface ectoderm,14
195_318,Surface ectoderm,14
195_319,Surface ectoderm,14
195_320,Cavity,14
195_97,Cavity,13
195_98,Meninges,13
195_99,Meninges,13
196_100,Meninges,7
196_101,Meninges,7
196_102,Brain,7
196_103,Brain,7
196_104,Brain,7
196_105,Brain,7
196_106,Brain,7
196_107,Brain,7
196_108,Brain,7
196_109,Brain,7
196_110,Brain,7
196_111,Brain,7
196_112,Brain,7
196_113,Brain,7
196_114,Brain,7
196_115,Brain,7
196_116,Brain,7
196_117,Brain,7
196_118,Brain,7
196_119,Brain,7
196_120,Brain,7
196_121,Brain,7
196_122,Brain,5
196_123,Head mesenchyme,5
196_124,Head mesenchyme,5
196_125,Head mesenchyme,5
196_126,Head mesenchyme,5
196_127,Head mesenchyme,5
196_128,Head mesenchyme,5
196_129,Head mesenchyme,5
196_130,Head mesenchyme,5
196_131,Head mesenchyme,17
196_132,Head mesenchyme,17
196_133,Head mesenchyme,17
196_134,Head mesenchyme,17
196_135,Head mesenchyme,17
196_136,Head mesenchyme,17
196_137,Head mesenchyme,17
196_138,Head mesenchyme,17
196_139,Head mesenchyme,17
196_140,Head mesenchyme,17
196_141,Head mesenchyme,17
196_142,Head mesenchyme,17
196_143,Head mesenchyme,17
196_144,Head mesenchyme,17
196_145,Head mesenchyme,17
196_146,Head mesenchyme,17
196_147,Head mesenchyme,17
196_148,Head mesenchyme,17
196_149,Head mesenchyme,17
196_150,Head mesenchyme,17
196_151,Head mesenchyme,17
196_152,Head mesenchyme,17
196_153,Head mesenchyme,17
196_154,Head mesenchyme,17
196_155,Head mesenchyme,17
196_156,Head mesenchyme,17
196_157,Head mesenchyme,17
196_158,Head mesenchyme,17
196_159,Head mesenchyme,17
196_160,Blood vessel,17
196_161,Blood vessel,17
196_162,Head mesenchyme,17
196_163,Head mesenchyme,7
196_164,Head mesenchyme,7
196_165,Head mesenchyme,17
196_166,Head mesenchyme,17
196_167,Head mesenchyme,17
196_168,Head mesenchyme,17
196_169,Head mesenchyme,17
196_170,Head mesenchyme,17
196_171,Head mesenchyme,17
196_172,Head mesenchyme,17
196_173,Head mesenchyme,17
196_174,Head mesenchyme,17
196_175,Head mesenchyme,17
196_176,Head mesenchyme,17
196_177,Head mesenchyme,17
196_178,Head mesenchyme,17
196_179,Head mesenchyme,17
196_180,Head mesenchyme,17
196_181,Head mesenchyme,17
196_182,Head mesenchyme,17
196_183,Head mesenchyme,17
196_184,Head mesenchyme,17
196_185,Connective tissue,17
196_186,Blood vessel,17
196_187,Cavity,8
196_188,Cavity,8
196_189,Blood vessel,8
196_190,Connective tissue,9
196_191,Urogenital ridge,9
196_192,Surface ectoderm,9
196_193,Surface ectoderm,9
196_194,Head mesenchyme,9
196_195,Surface ectoderm,9
196_196,Surface ectoderm,9
196_197,Surface ectoderm,9
196_198,Surface ectoderm,9
196_199,Surface ectoderm,9
196_200,Branchial arch,9
196_201,Branchial arch,9
196_202,Branchial arch,9
196_203,Branchial arch,9
196_204,Branchial arch,9
196_205,Branchial arch,9
196_206,Branchial arch,9
196_207,Branchial arch,9
196_208,Branchial arch,9
196_209,Branchial arch,9
196_210,Branchial arch,9
196_211,Branchial arch,9
196_212,Branchial arch,9
196_213,Branchial arch,9
196_214,Branchial arch,9
196_215,Branchial arch,9
196_216,Branchial arch,9
196_217,Branchial arch,9
196_218,Branchial arch,9
196_219,Branchial arch,9
196_220,Branchial arch,9
196_221,Branchial arch,9
196_222,Branchial arch,9
196_223,Branchial arch,9
196_224,Branchial arch,9
196_225,Branchial arch,9
196_226,Branchial arch,6
196_227,Connective tissue,6
196_228,Connective tissue,6
196_229,Connective tissue,6
196_230,Connective tissue,6
196_231,Blood vessel,6
196_232,Blood vessel,6
196_233,Blood vessel,6
196_234,Blood vessel,6
196_235,Heart,6
196_236,Heart,6
196_237,Heart,6
196_238,Heart,6
196_239,Heart,6
196_240,Heart,2
196_241,Heart,2
196_242,Heart,2
196_243,Heart,2
196_244,Heart,2
196_245,Heart,2
196_246,Heart,2
196_247,Heart,6
196_248,Heart,6
196_249,Heart,6
196_250,Heart,6
196_251,Heart,6
196_252,Heart,6
196_253,Heart,6
196_254,Heart,6
196_255,Heart,6
196_256,Heart,6
196_257,Heart,6
196_258,Heart,6
196_259,Heart,6
196_260,Heart,6
196_261,Heart,6
196_262,Heart,6
196_263,Blood vessel,6
196_264,Blood vessel,6
196_265,Heart,8
196_266,Blood vessel,8
196_267,Blood vessel,8
196_268,Blood vessel,8
196_269,Blood vessel,6
196_270,Connective tissue,6
196_271,Connective tissue,6
196_272,Connective tissue,6
196_273,Connective tissue,6
196_274,Connective tissue,6
196_275,Connective tissue,6
196_276,Connective tissue,6
196_277,Connective tissue,6
196_278,Connective tissue,6
196_279,Connective tissue,6
196_280,Blood vessel,6
196_281,Blood vessel,6
196_282,Connective tissue,6
196_283,Dermomyotome,6
196_284,Dermomyotome,3
196_285,Dermomyotome,3
196_286,Sclerotome,3
196_287,Dermomyotome,15
196_288,Dermomyotome,15
196_289,Dermomyotome,15
196_290,Dermomyotome,15
196_291,Dermomyotome,15
196_292,Dermomyotome,15
196_293,Sclerotome,15
196_294,Sclerotome,15
196_295,Sclerotome,15
196_296,Dermomyotome,15
196_297,Dermomyotome,15
196_298,Dermomyotome,15
196_299,Dermomyotome,15
196_300,Dermomyotome,15
196_301,Dermomyotome,15
196_302,Dermomyotome,15
196_303,Dermomyotome,15
196_304,Dermomyotome,15
196_305,Dermomyotome,15
196_306,Dermomyotome,15
196_307,Dermomyotome,15
196_308,Dermomyotome,15
196_309,Dermomyotome,15
196_310,Dermomyotome,1
196_311,Dermomyotome,1
196_312,Dermomyotome,1
196_313,Sclerotome,1
196_314,Sclerotome,14
196_315,Surface ectoderm,14
196_316,Surface ectoderm,14
196_317,Surface ectoderm,14
196_318,Surface ectoderm,14
196_319,Surface ectoderm,14
196_320,Surface ectoderm,14
196_97,Meninges,13
196_98,Meninges,13
196_99,Meninges,13
197_100,Meninges,7
197_101,Meninges,7
197_102,Brain,7
197_103,Brain,7
197_104,Brain,7
197_105,Brain,7
197_106,Brain,7
197_107,Brain,7
197_108,Brain,7
197_109,Brain,7
197_110,Brain,7
197_111,Brain,7
197_112,Brain,7
197_113,Brain,7
197_114,Brain,7
197_115,Brain,7
197_116,Brain,7
197_117,Brain,7
197_118,Brain,7
197_119,Brain,7
197_120,Brain,7
197_121,Brain,7
197_122,Head mesenchyme,5
197_123,Head mesenchyme,5
197_124,Head mesenchyme,5
197_125,Head mesenchyme,5
197_126,Head mesenchyme,5
197_127,Head mesenchyme,5
197_128,Head mesenchyme,5
197_129,Head mesenchyme,5
197_130,Head mesenchyme,17
197_131,Head mesenchyme,17
197_132,Head mesenchyme,17
197_133,Head mesenchyme,17
197_134,Head mesenchyme,17
197_135,Head mesenchyme,17
197_136,Head mesenchyme,17
197_137,Head mesenchyme,17
197_138,Head mesenchyme,17
197_139,Head mesenchyme,17
197_140,Head mesenchyme,17
197_141,Head mesenchyme,17
197_142,Head mesenchyme,17
197_143,Head mesenchyme,17
197_144,Head mesenchyme,17
197_145,Head mesenchyme,17
197_146,Head mesenchyme,17
197_147,Head mesenchyme,17
197_148,Head mesenchyme,17
197_149,Head mesenchyme,17
197_150,Head mesenchyme,17
197_151,Head mesenchyme,17
197_152,Head mesenchyme,17
197_153,Head mesenchyme,17
197_154,Head mesenchyme,17
197_155,Head mesenchyme,17
197_156,Head mesenchyme,17
197_157,Head mesenchyme,17
197_158,Head mesenchyme,17
197_159,Head mesenchyme,17
197_160,Head mesenchyme,17
197_161,Head mesenchyme,17
197_162,Head mesenchyme,17
197_163,Head mesenchyme,17
197_164,Head mesenchyme,17
197_165,Head mesenchyme,17
197_166,Head mesenchyme,17
197_167,Head mesenchyme,17
197_168,Head mesenchyme,17
197_169,Head mesenchyme,17
197_170,Head mesenchyme,17
197_171,Head mesenchyme,17
197_172,Head mesenchyme,17
197_173,Head mesenchyme,17
197_174,Head mesenchyme,17
197_175,Head mesenchyme,17
197_176,Head mesenchyme,17
197_177,Head mesenchyme,17
197_178,Head mesenchyme,17
197_179,Head mesenchyme,17
197_180,Head mesenchyme,17
197_181,Head mesenchyme,17
197_182,Head mesenchyme,17
197_183,Head mesenchyme,17
197_184,Head mesenchyme,17
197_185,Connective tissue,17
197_186,Blood vessel,17
197_187,Cavity,17
197_188,Blood vessel,8
197_189,Blood vessel,8
197_190,Head mesenchyme,9
197_191,Sclerotome,9
197_192,Surface ectoderm,9
197_193,Surface ectoderm,9
197_194,Surface ectoderm,9
197_195,Surface ectoderm,9
197_196,Surface ectoderm,9
197_197,Surface ectoderm,9
197_198,Branchial arch,9
197_199,Branchial arch,9
197_200,Branchial arch,9
197_201,Branchial arch,9
197_202,Branchial arch,9
197_203,Branchial arch,9
197_204,Branchial arch,9
197_205,Branchial arch,9
197_206,Branchial arch,9
197_207,Branchial arch,9
197_208,Branchial arch,9
197_209,Branchial arch,9
197_210,Branchial arch,9
197_211,Branchial arch,9
197_212,Branchial arch,9
197_213,Branchial arch,9
197_214,Branchial arch,9
197_215,Branchial arch,9
197_216,Branchial arch,9
197_217,Branchial arch,9
197_218,Branchial arch,9
197_219,Branchial arch,9
197_220,Branchial arch,9
197_221,Branchial arch,9
197_222,Branchial arch,9
197_223,Branchial arch,9
197_224,Branchial arch,9
197_225,Branchial arch,9
197_226,Branchial arch,6
197_227,Connective tissue,6
197_228,Connective tissue,6
197_229,Connective tissue,6
197_230,Connective tissue,6
197_231,Blood vessel,6
197_232,Blood vessel,6
197_233,Blood vessel,6
197_234,Heart,6
197_235,Heart,6
197_236,Heart,6
197_237,Heart,6
197_238,Heart,6
197_239,Heart,2
197_240,Heart,2
197_241,Heart,2
197_242,Heart,2
197_243,Heart,2
197_244,Heart,2
197_245,Heart,2
197_246,Heart,2
197_247,Heart,2
197_248,Heart,6
197_249,Heart,6
197_250,Heart,6
197_251,Heart,6
197_252,Heart,6
197_253,Heart,6
197_254,Heart,6
197_255,Heart,6
197_256,Heart,6
197_257,Heart,6
197_258,Heart,6
197_259,Heart,6
197_260,Heart,6
197_261,Heart,6
197_262,Heart,6
197_263,Heart,6
197_264,Blood vessel,6
197_265,Heart,6
197_266,Heart,6
197_267,Blood vessel,6
197_268,Blood vessel,6
197_269,Connective tissue,6
197_270,Connective tissue,6
197_271,Connective tissue,6
197_272,Connective tissue,6
197_273,Connective tissue,6
197_274,Connective tissue,6
197_275,Connective tissue,6
197_276,Connective tissue,6
197_277,Connective tissue,6
197_278,Connective tissue,6
197_279,Connective tissue,6
197_280,Connective tissue,6
197_281,Connective tissue,6
197_282,Connective tissue,6
197_283,Dermomyotome,6
197_284,Dermomyotome,15
197_285,Dermomyotome,15
197_286,Dermomyotome,15
197_287,Dermomyotome,15
197_288,Dermomyotome,15
197_289,Dermomyotome,15
197_290,Dermomyotome,15
197_291,Dermomyotome,15
197_292,Sclerotome,3
197_293,Sclerotome,3
197_294,Sclerotome,15
197_295,Sclerotome,15
197_296,Dermomyotome,15
197_297,Dermomyotome,15
197_298,Dermomyotome,15
197_299,Dermomyotome,15
197_300,Dermomyotome,15
197_301,Dermomyotome,15
197_302,Dermomyotome,15
197_303,Dermomyotome,15
197_304,Dermomyotome,15
197_305,Dermomyotome,15
197_306,Dermomyotome,15
197_307,Dermomyotome,15
197_308,Dermomyotome,15
197_309,Dermomyotome,3
197_310,Dermomyotome,15
197_311,Dermomyotome,1
197_312,Dermomyotome,1
197_313,Dermomyotome,1
197_314,Sclerotome,14
197_315,Sclerotome,14
197_316,Surface ectoderm,14
197_317,Surface ectoderm,14
197_318,Surface ectoderm,14
197_319,Surface ectoderm,14
197_320,Surface ectoderm,14
197_321,Cavity,14
197_97,Meninges,13
197_98,Meninges,13
197_99,Meninges,13
198_100,Meninges,7
198_101,Brain,7
198_102,Brain,7
198_103,Brain,7
198_104,Brain,7
198_105,Brain,7
198_106,Brain,7
198_107,Brain,7
198_108,Brain,7
198_109,Brain,7
198_110,Brain,7
198_111,Brain,7
198_112,Brain,7
198_113,Brain,7
198_114,Brain,7
198_115,Brain,7
198_116,Brain,7
198_117,Brain,7
198_118,Brain,7
198_119,Brain,7
198_120,Brain,7
198_121,Head mesenchyme,5
198_122,Head mesenchyme,5
198_123,Head mesenchyme,5
198_124,Head mesenchyme,5
198_125,Head mesenchyme,5
198_126,Head mesenchyme,5
198_127,Head mesenchyme,5
198_128,Head mesenchyme,5
198_129,Head mesenchyme,5
198_130,Head mesenchyme,5
198_131,Head mesenchyme,17
198_132,Head mesenchyme,17
198_133,Head mesenchyme,17
198_134,Head mesenchyme,17
198_135,Head mesenchyme,17
198_136,Head mesenchyme,17
198_137,Head mesenchyme,17
198_138,Head mesenchyme,17
198_139,Head mesenchyme,17
198_140,Head mesenchyme,17
198_141,Jaw and tooth,17
198_142,Head mesenchyme,17
198_143,Head mesenchyme,17
198_144,Head mesenchyme,17
198_145,Head mesenchyme,17
198_146,Head mesenchyme,17
198_147,Head mesenchyme,17
198_148,Head mesenchyme,17
198_149,Head mesenchyme,17
198_150,Head mesenchyme,17
198_151,Head mesenchyme,17
198_152,Head mesenchyme,17
198_153,Head mesenchyme,17
198_154,Head mesenchyme,17
198_155,Head mesenchyme,17
198_156,Head mesenchyme,17
198_157,Head mesenchyme,17
198_158,Head mesenchyme,17
198_159,Head mesenchyme,17
198_160,Head mesenchyme,17
198_161,Head mesenchyme,17
198_162,Head mesenchyme,17
198_163,Head mesenchyme,17
198_164,Head mesenchyme,17
198_165,Head mesenchyme,17
198_166,Head mesenchyme,17
198_167,Head mesenchyme,17
198_168,Head mesenchyme,17
198_169,Head mesenchyme,17
198_170,Head mesenchyme,17
198_171,Head mesenchyme,17
198_172,Head mesenchyme,17
198_173,Head mesenchyme,17
198_174,Head mesenchyme,17
198_175,Head mesenchyme,17
198_176,Head mesenchyme,17
198_177,Head mesenchyme,17
198_178,Head mesenchyme,17
198_179,Head mesenchyme,17
198_180,Head mesenchyme,17
198_181,Head mesenchyme,17
198_182,Head mesenchyme,17
198_183,Head mesenchyme,17
198_184,Head mesenchyme,17
198_185,Connective tissue,17
198_186,Blood vessel,17
198_187,Blood vessel,17
198_188,Blood vessel,8
198_189,Head mesenchyme,9
198_190,Head mesenchyme,9
198_191,Jaw and tooth,9
198_192,Surface ectoderm,9
198_193,Surface ectoderm,9
198_194,Surface ectoderm,9
198_195,Surface ectoderm,9
198_196,Surface ectoderm,9
198_197,Surface ectoderm,9
198_198,Branchial arch,9
198_199,Branchial arch,9
198_200,Branchial arch,9
198_201,Branchial arch,9
198_202,Branchial arch,9
198_203,Branchial arch,9
198_204,Branchial arch,9
198_205,Branchial arch,9
198_206,Branchial arch,9
198_207,Branchial arch,9
198_208,Branchial arch,9
198_209,Branchial arch,9
198_210,Branchial arch,9
198_211,Branchial arch,9
198_212,Branchial arch,9
198_213,Branchial arch,9
198_214,Branchial arch,9
198_215,Branchial arch,9
198_216,Branchial arch,9
198_217,Branchial arch,9
198_218,Branchial arch,9
198_219,Branchial arch,9
198_220,Branchial arch,9
198_221,Branchial arch,9
198_222,Branchial arch,9
198_223,Branchial arch,9
198_224,Branchial arch,9
198_225,Branchial arch,9
198_226,Connective tissue,9
198_227,Connective tissue,9
198_228,Connective tissue,6
198_229,Connective tissue,6
198_230,Connective tissue,6
198_231,Blood vessel,6
198_232,Blood vessel,6
198_233,Blood vessel,6
198_234,Heart,6
198_235,Heart,6
198_236,Heart,6
198_237,Heart,6
198_238,Heart,2
198_239,Heart,2
198_240,Heart,2
198_241,Heart,2
198_242,Heart,2
198_243,Heart,2
198_244,Heart,2
198_245,Heart,2
198_246,Heart,2
198_247,Heart,2
198_248,Heart,2
198_249,Heart,6
198_250,Heart,6
198_251,Heart,6
198_252,Heart,6
198_253,Heart,6
198_254,Heart,6
198_255,Heart,6
198_256,Heart,6
198_257,Heart,6
198_258,Heart,6
198_259,Heart,6
198_260,Heart,6
198_261,Heart,6
198_262,Heart,6
198_263,Heart,6
198_264,Heart,6
198_265,Heart,6
198_266,Heart,6
198_267,Heart,6
198_268,Blood vessel,6
198_269,Blood vessel,6
198_270,Connective tissue,6
198_271,Connective tissue,6
198_272,Connective tissue,6
198_273,Connective tissue,6
198_274,Connective tissue,6
198_275,Connective tissue,6
198_276,Connective tissue,6
198_277,Connective tissue,6
198_278,Connective tissue,6
198_279,Connective tissue,6
198_280,Connective tissue,6
198_281,Connective tissue,15
198_282,Connective tissue,15
198_283,Dermomyotome,15
198_284,Dermomyotome,15
198_285,Dermomyotome,15
198_286,Dermomyotome,15
198_287,Dermomyotome,15
198_288,Dermomyotome,15
198_289,Dermomyotome,15
198_290,Dermomyotome,15
198_291,Sclerotome,15
198_292,Sclerotome,3
198_293,Sclerotome,3
198_294,Sclerotome,3
198_295,Dermomyotome,15
198_296,Dermomyotome,15
198_297,Dermomyotome,15
198_298,Dermomyotome,15
198_299,Dermomyotome,15
198_300,Dermomyotome,15
198_301,Dermomyotome,15
198_302,Dermomyotome,15
198_303,Dermomyotome,15
198_304,Dermomyotome,15
198_305,Sclerotome,15
198_306,Sclerotome,15
198_307,Dermomyotome,15
198_308,Dermomyotome,15
198_309,Dermomyotome,15
198_310,Dermomyotome,15
198_311,Dermomyotome,1
198_312,Dermomyotome,1
198_313,Dermomyotome,1
198_314,Dermomyotome,1
198_315,Dermomyotome,14
198_316,Dermomyotome,14
198_317,Surface ectoderm,14
198_318,Surface ectoderm,14
198_319,Surface ectoderm,14
198_320,Surface ectoderm,14
198_321,Cavity,14
198_96,Cavity,13
198_97,Meninges,13
198_98,Meninges,13
198_99,Meninges,13
199_100,Meninges,7
199_101,Brain,7
199_102,Brain,7
199_103,Brain,7
199_104,Brain,7
199_105,Brain,7
199_106,Brain,7
199_107,Brain,7
199_108,Brain,7
199_109,Brain,7
199_110,Brain,7
199_111,Brain,7
199_112,Brain,7
199_113,Brain,7
199_114,Brain,7
199_115,Brain,7
199_116,Brain,7
199_117,Brain,7
199_118,Brain,7
199_119,Brain,7
199_120,Brain,5
199_121,Head mesenchyme,5
199_122,Head mesenchyme,5
199_123,Head mesenchyme,5
199_124,Head mesenchyme,5
199_125,Head mesenchyme,5
199_126,Head mesenchyme,5
199_127,Head mesenchyme,5
199_128,Head mesenchyme,5
199_129,Head mesenchyme,5
199_130,Head mesenchyme,5
199_131,Head mesenchyme,17
199_132,Head mesenchyme,17
199_133,Head mesenchyme,17
199_134,Head mesenchyme,17
199_135,Head mesenchyme,17
199_136,Head mesenchyme,17
199_137,Head mesenchyme,17
199_138,Head mesenchyme,17
199_139,Head mesenchyme,17
199_140,Head mesenchyme,17
199_141,Head mesenchyme,17
199_142,Head mesenchyme,17
199_143,Head mesenchyme,17
199_144,Head mesenchyme,17
199_145,Head mesenchyme,17
199_146,Head mesenchyme,17
199_147,Head mesenchyme,17
199_148,Head mesenchyme,17
199_149,Head mesenchyme,17
199_150,Head mesenchyme,17
199_151,Head mesenchyme,17
199_152,Head mesenchyme,17
199_153,Head mesenchyme,17
199_154,Head mesenchyme,17
199_155,Head mesenchyme,17
199_156,Head mesenchyme,17
199_157,Head mesenchyme,17
199_158,Head mesenchyme,17
199_159,Head mesenchyme,17
199_160,Head mesenchyme,17
199_161,Head mesenchyme,17
199_162,Head mesenchyme,17
199_163,Head mesenchyme,17
199_164,Head mesenchyme,17
199_165,Head mesenchyme,17
199_166,Head mesenchyme,17
199_167,Head mesenchyme,17
199_168,Head mesenchyme,17
199_169,Head mesenchyme,17
199_170,Head mesenchyme,17
199_171,Head mesenchyme,17
199_172,Head mesenchyme,17
199_173,Head mesenchyme,17
199_174,Head mesenchyme,17
199_175,Head mesenchyme,17
199_176,Head mesenchyme,17
199_177,Head mesenchyme,17
199_178,Head mesenchyme,17
199_179,Head mesenchyme,17
199_180,Head mesenchyme,17
199_181,Head mesenchyme,17
199_182,Head mesenchyme,17
199_183,Head mesenchyme,17
199_184,Head mesenchyme,17
199_185,Head mesenchyme,17
199_186,Head mesenchyme,17
199_187,Head mesenchyme,17
199_188,Head mesenchyme,9
199_189,Head mesenchyme,9
199_190,Jaw and tooth,9
199_191,Jaw and tooth,9
199_192,Jaw and tooth,9
199_193,Surface ectoderm,9
199_194,Surface ectoderm,9
199_195,Surface ectoderm,9
199_196,Surface ectoderm,9
199_197,Branchial arch,9
199_198,Branchial arch,9
199_199,Branchial arch,9
199_200,Branchial arch,9
199_201,Branchial arch,9
199_202,Branchial arch,9
199_203,Branchial arch,9
199_204,Branchial arch,9
199_205,Branchial arch,9
199_206,Branchial arch,9
199_207,Branchial arch,9
199_208,Branchial arch,9
199_209,Branchial arch,9
199_210,Branchial arch,9
199_211,Branchial arch,9
199_212,Branchial arch,9
199_213,Branchial arch,9
199_214,Branchial arch,9
199_215,Branchial arch,9
199_216,Branchial arch,9
199_217,Branchial arch,9
199_218,Branchial arch,9
199_219,Branchial arch,9
199_220,Branchial arch,9
199_221,Branchial arch,9
199_222,Branchial arch,9
199_223,Branchial arch,9
199_224,Branchial arch,9
199_225,Branchial arch,9
199_226,Branchial arch,9
199_227,Branchial arch,9
199_228,Connective tissue,6
199_229,Connective tissue,6
199_230,Connective tissue,6
199_231,Connective tissue,6
199_232,Connective tissue,6
199_233,Connective tissue,6
199_234,Heart,6
199_235,Heart,6
199_236,Heart,2
199_237,Heart,2
199_238,Heart,2
199_239,Heart,2
199_240,Heart,2
199_241,Heart,2
199_242,Heart,2
199_243,Heart,2
199_244,Heart,2
199_245,Heart,2
199_246,Heart,2
199_247,Heart,2
199_248,Heart,2
199_249,Heart,2
199_250,Heart,2
199_251,Heart,6
199_252,Heart,6
199_253,Heart,6
199_254,Heart,6
199_255,Heart,6
199_256,Heart,6
199_257,Heart,6
199_258,Heart,6
199_259,Heart,6
199_260,Heart,6
199_261,Heart,6
199_262,Heart,6
199_263,Heart,6
199_264,Heart,6
199_265,Heart,6
199_266,Heart,6
199_267,Heart,6
199_268,Connective tissue,6
199_269,Connective tissue,6
199_270,Connective tissue,6
199_271,Connective tissue,6
199_272,Connective tissue,6
199_273,Connective tissue,6
199_274,Connective tissue,6
199_275,Connective tissue,6
199_276,Connective tissue,6
199_277,Dermomyotome,6
199_278,Dermomyotome,6
199_279,Dermomyotome,6
199_280,Dermomyotome,6
199_281,Connective tissue,15
199_282,Urogenital ridge,15
199_283,Dermomyotome,15
199_284,Dermomyotome,15
199_285,Dermomyotome,15
199_286,Dermomyotome,15
199_287,Dermomyotome,15
199_288,Dermomyotome,15
199_289,Dermomyotome,15
199_290,Dermomyotome,3
199_291,Sclerotome,3
199_292,Sclerotome,3
199_293,Sclerotome,3
199_294,Dermomyotome,15
199_295,Dermomyotome,15
199_296,Dermomyotome,15
199_297,Dermomyotome,15
199_298,Dermomyotome,15
199_299,Dermomyotome,15
199_300,Dermomyotome,15
199_301,Dermomyotome,15
199_302,Dermomyotome,15
199_303,Sclerotome,15
199_304,Sclerotome,15
199_305,Sclerotome,15
199_306,Sclerotome,15
199_307,Dermomyotome,15
199_308,Dermomyotome,15
199_309,Dermomyotome,15
199_310,Dermomyotome,15
199_311,Dermomyotome,15
199_312,Dermomyotome,15
199_313,Dermomyotome,15
199_314,Dermomyotome,15
199_315,Dermomyotome,15
199_316,Dermomyotome,14
199_317,Dermomyotome,14
199_318,Surface ectoderm,14
199_319,Surface ectoderm,14
199_320,Surface ectoderm,14
199_321,Surface ectoderm,14
199_322,Cavity,14
199_96,Cavity,13
199_97,Meninges,13
199_98,Meninges,13
199_99,Meninges,13
200_100,Meninges,7
200_101,Brain,7
200_102,Brain,7
200_103,Brain,7
200_104,Brain,7
200_105,Brain,7
200_106,Brain,7
200_107,Brain,7
200_108,Brain,7
200_109,Brain,7
200_110,Brain,7
200_111,Brain,7
200_112,Brain,7
200_113,Brain,7
200_114,Brain,7
200_115,Brain,7
200_116,Brain,7
200_117,Brain,7
200_118,Brain,7
200_119,Brain,7
200_120,Head mesenchyme,5
200_121,Head mesenchyme,5
200_122,Head mesenchyme,5
200_123,Head mesenchyme,5
200_124,Head mesenchyme,5
200_125,Head mesenchyme,5
200_126,Head mesenchyme,5
200_127,Head mesenchyme,5
200_128,Head mesenchyme,5
200_129,Head mesenchyme,5
200_130,Head mesenchyme,5
200_131,Head mesenchyme,5
200_132,Head mesenchyme,17
200_133,Head mesenchyme,17
200_134,Head mesenchyme,17
200_135,Head mesenchyme,17
200_136,Head mesenchyme,17
200_137,Head mesenchyme,17
200_138,Head mesenchyme,17
200_139,Head mesenchyme,5
200_140,Head mesenchyme,5
200_141,Head mesenchyme,7
200_142,Head mesenchyme,7
200_143,Brain,7
200_144,Brain,7
200_145,Brain,7
200_146,Brain,7
200_147,Brain,17
200_148,Brain,17
200_149,Brain,5
200_150,Brain,5
200_151,Brain,5
200_152,Brain,7
200_153,Brain,7
200_154,Head mesenchyme,7
200_155,Head mesenchyme,7
200_156,Head mesenchyme,17
200_157,Head mesenchyme,17
200_158,Head mesenchyme,17
200_159,Head mesenchyme,17
200_160,Head mesenchyme,17
200_161,Head mesenchyme,17
200_162,Head mesenchyme,17
200_163,Head mesenchyme,17
200_164,Head mesenchyme,17
200_165,Head mesenchyme,17
200_166,Head mesenchyme,17
200_167,Head mesenchyme,17
200_168,Head mesenchyme,17
200_169,Head mesenchyme,17
200_170,Head mesenchyme,17
200_171,Head mesenchyme,17
200_172,Head mesenchyme,17
200_173,Head mesenchyme,17
200_174,Head mesenchyme,17
200_175,Head mesenchyme,17
200_176,Head mesenchyme,17
200_177,Head mesenchyme,17
200_178,Head mesenchyme,17
200_179,Head mesenchyme,17
200_180,Head mesenchyme,17
200_181,Head mesenchyme,17
200_182,Head mesenchyme,17
200_183,Head mesenchyme,17
200_184,Head mesenchyme,17
200_185,Head mesenchyme,17
200_186,Head mesenchyme,17
200_187,Head mesenchyme,17
200_188,Head mesenchyme,17
200_189,Jaw and tooth,9
200_190,Jaw and tooth,9
200_191,Jaw and tooth,9
200_192,Jaw and tooth,9
200_193,Surface ectoderm,9
200_194,Surface ectoderm,9
200_195,Surface ectoderm,9
200_196,Branchial arch,9
200_197,Branchial arch,9
200_198,Branchial arch,9
200_199,Branchial arch,9
200_200,Branchial arch,9
200_201,Branchial arch,9
200_202,Branchial arch,9
200_203,Branchial arch,9
200_204,Branchial arch,9
200_205,Branchial arch,9
200_206,Branchial arch,9
200_207,Branchial arch,9
200_208,Branchial arch,9
200_209,Branchial arch,9
200_210,Branchial arch,9
200_211,Branchial arch,9
200_212,Branchial arch,9
200_213,Branchial arch,9
200_214,Branchial arch,9
200_215,Branchial arch,9
200_216,Branchial arch,9
200_217,Branchial arch,9
200_218,Branchial arch,9
200_219,Branchial arch,9
200_220,Branchial arch,9
200_221,Branchial arch,9
200_222,Branchial arch,9
200_223,Branchial arch,9
200_224,Branchial arch,9
200_225,Branchial arch,9
200_226,Branchial arch,9
200_227,Branchial arch,9
200_228,Branchial arch,6
200_229,Connective tissue,6
200_230,Connective tissue,6
200_231,Connective tissue,6
200_232,Connective tissue,6
200_233,Connective tissue,6
200_234,Heart,2
200_235,Heart,2
200_236,Heart,2
200_237,Heart,2
200_238,Heart,2
200_239,Heart,2
200_240,Heart,2
200_241,Heart,2
200_242,Heart,2
200_243,Heart,2
200_244,Heart,2
200_245,Heart,2
200_246,Heart,2
200_247,Heart,2
200_248,Heart,2
200_249,Heart,2
200_250,Heart,2
200_251,Heart,2
200_252,Heart,6
200_253,Heart,6
200_254,Heart,6
200_255,Heart,6
200_256,Heart,6
200_257,Heart,6
200_258,Heart,6
200_259,Heart,6
200_260,Heart,6
200_261,Heart,6
200_262,Heart,6
200_263,Heart,6
200_264,Heart,6
200_265,Heart,6
200_266,Heart,6
200_267,Heart,6
200_268,Connective tissue,6
200_269,Connective tissue,6
200_270,Connective tissue,6
200_271,Connective tissue,6
200_272,Connective tissue,6
200_273,Connective tissue,6
200_274,Connective tissue,6
200_275,Connective tissue,6
200_276,Connective tissue,6
200_277,Connective tissue,6
200_278,Dermomyotome,6
200_279,Dermomyotome,6
200_280,Dermomyotome,15
200_281,Dermomyotome,15
200_282,Dermomyotome,15
200_283,Dermomyotome,15
200_284,Dermomyotome,15
200_285,Dermomyotome,15
200_286,Sclerotome,15
200_287,Dermomyotome,15
200_288,Dermomyotome,15
200_289,Dermomyotome,15
200_290,Sclerotome,3
200_291,Sclerotome,3
200_292,Sclerotome,3
200_293,Dermomyotome,15
200_294,Dermomyotome,15
200_295,Dermomyotome,15
200_296,Dermomyotome,15
200_297,Dermomyotome,15
200_298,Dermomyotome,15
200_299,Dermomyotome,15
200_300,Dermomyotome,15
200_301,Sclerotome,15
200_302,Sclerotome,15
200_303,Sclerotome,15
200_304,Sclerotome,15
200_305,Sclerotome,15
200_306,Sclerotome,15
200_307,Dermomyotome,15
200_308,Dermomyotome,15
200_309,Dermomyotome,15
200_310,Dermomyotome,15
200_311,Dermomyotome,15
200_312,Dermomyotome,15
200_313,Dermomyotome,15
200_314,Dermomyotome,15
200_315,Dermomyotome,15
200_316,Dermomyotome,15
200_317,Dermomyotome,14
200_318,Dermomyotome,14
200_319,Surface ectoderm,14
200_320,Surface ectoderm,14
200_321,Surface ectoderm,14
200_322,Cavity,14
200_96,Cavity,13
200_97,Meninges,13
200_98,Meninges,13
200_99,Meninges,13
201_100,Meninges,7
201_101,Brain,7
201_102,Brain,7
201_103,Brain,7
201_104,Brain,7
201_105,Brain,7
201_106,Brain,7
201_107,Brain,7
201_108,Brain,7
201_109,Brain,7
201_110,Brain,7
201_111,Brain,7
201_112,Brain,7
201_113,Brain,7
201_114,Brain,7
201_115,Brain,7
201_116,Brain,7
201_117,Brain,7
201_118,Brain,7
201_119,Brain,5
201_120,Head mesenchyme,5
201_121,Head mesenchyme,5
201_122,Head mesenchyme,5
201_123,Head mesenchyme,5
201_124,Head mesenchyme,5
201_125,Head mesenchyme,5
201_126,Head mesenchyme,5
201_127,Head mesenchyme,5
201_128,Head mesenchyme,5
201_129,Head mesenchyme,5
201_130,Head mesenchyme,5
201_131,Head mesenchyme,5
201_132,Head mesenchyme,5
201_133,Head mesenchyme,17
201_134,Head mesenchyme,17
201_135,Head mesenchyme,17
201_136,Head mesenchyme,17
201_137,Head mesenchyme,17
201_138,Head mesenchyme,7
201_139,Head mesenchyme,5
201_140,Brain,7
201_141,Brain,7
201_142,Brain,7
201_143,Brain,7
201_144,Brain,7
201_145,Brain,7
201_146,Brain,7
201_147,Brain,11
201_148,Brain,11
201_149,Brain,11
201_150,Brain,11
201_151,Brain,11
201_152,Brain,11
201_153,Brain,7
201_154,Brain,7
201_155,Brain,7
201_156,Brain,7
201_157,Brain,7
201_158,Head mesenchyme,17
201_159,Head mesenchyme,17
201_160,Head mesenchyme,17
201_161,Head mesenchyme,17
201_162,Head mesenchyme,17
201_163,Head mesenchyme,17
201_164,Head mesenchyme,17
201_165,Head mesenchyme,17
201_166,Head mesenchyme,17
201_167,Head mesenchyme,17
201_168,Head mesenchyme,17
201_169,Head mesenchyme,17
201_170,Head mesenchyme,17
201_171,Head mesenchyme,17
201_172,Head mesenchyme,17
201_173,Head mesenchyme,17
201_174,Head mesenchyme,17
201_175,Head mesenchyme,17
201_176,Head mesenchyme,17
201_177,Head mesenchyme,17
201_178,Head mesenchyme,17
201_179,Head mesenchyme,17
201_180,Head mesenchyme,17
201_181,Head mesenchyme,17
201_182,Head mesenchyme,17
201_183,Head mesenchyme,17
201_184,Head mesenchyme,17
201_185,Head mesenchyme,17
201_186,Head mesenchyme,17
201_187,Head mesenchyme,17
201_188,Head mesenchyme,17
201_189,Head mesenchyme,9
201_190,Jaw and tooth,9
201_191,Jaw and tooth,9
201_192,Surface ectoderm,9
201_193,Surface ectoderm,9
201_194,Surface ectoderm,9
201_195,Surface ectoderm,9
201_196,Branchial arch,9
201_197,Branchial arch,9
201_198,Branchial arch,9
201_199,Branchial arch,9
201_200,Branchial arch,9
201_201,Branchial arch,9
201_202,Branchial arch,9
201_203,Branchial arch,9
201_204,Branchial arch,9
201_205,Branchial arch,9
201_206,Branchial arch,9
201_207,Branchial arch,9
201_208,Branchial arch,9
201_209,Branchial arch,9
201_210,Branchial arch,9
201_211,Branchial arch,9
201_212,Branchial arch,9
201_213,Branchial arch,9
201_214,Branchial arch,9
201_215,Branchial arch,9
201_216,Branchial arch,9
201_217,Branchial arch,9
201_218,Branchial arch,9
201_219,Branchial arch,9
201_220,Branchial arch,9
201_221,Connective tissue,9
201_222,Branchial arch,9
201_223,Branchial arch,9
201_224,Branchial arch,9
201_225,Branchial arch,9
201_226,GI tract,9
201_227,Surface ectoderm,9
201_228,Connective tissue,9
201_229,Connective tissue,6
201_230,Connective tissue,6
201_231,Connective tissue,6
201_232,Connective tissue,6
201_233,Heart,6
201_234,Heart,2
201_235,Heart,2
201_236,Heart,2
201_237,Heart,2
201_238,Heart,2
201_239,Heart,2
201_240,Heart,2
201_241,Heart,2
201_242,Heart,2
201_243,Heart,2
201_244,Cavity,2
201_245,Cavity,2
201_246,Cavity,2
201_247,Heart,2
201_248,Heart,2
201_249,Heart,2
201_250,Heart,2
201_251,Heart,2
201_252,Heart,2
201_253,Heart,2
201_254,Heart,2
201_255,Heart,2
201_256,Heart,6
201_257,Heart,6
201_258,Heart,6
201_259,Heart,6
201_260,Heart,6
201_261,Heart,6
201_262,Heart,6
201_263,Heart,2
201_264,Heart,2
201_265,Heart,2
201_266,Heart,2
201_267,Heart,6
201_268,Heart,6
201_269,Connective tissue,6
201_270,Connective tissue,6
201_271,Connective tissue,6
201_272,Connective tissue,6
201_273,Connective tissue,6
201_274,Connective tissue,6
201_275,Dermomyotome,6
201_276,Dermomyotome,6
201_277,Connective tissue,6
201_278,Connective tissue,6
201_279,Dermomyotome,6
201_280,Dermomyotome,15
201_281,Dermomyotome,15
201_282,Dermomyotome,15
201_283,Dermomyotome,15
201_284,Dermomyotome,15
201_285,Dermomyotome,15
201_286,Urogenital ridge,15
201_287,Dermomyotome,15
201_288,Sclerotome,15
201_289,Sclerotome,3
201_290,Sclerotome,3
201_291,Sclerotome,3
201_292,Dermomyotome,15
201_293,Dermomyotome,15
201_294,Dermomyotome,15
201_295,Dermomyotome,15
201_296,Dermomyotome,15
201_297,Dermomyotome,15
201_298,Dermomyotome,3
201_299,Sclerotome,3
201_300,Sclerotome,3
201_301,Sclerotome,3
201_302,Sclerotome,15
201_303,Sclerotome,15
201_304,Dermomyotome,15
201_305,Dermomyotome,15
201_306,Dermomyotome,15
201_307,Dermomyotome,15
201_308,Dermomyotome,15
201_309,Dermomyotome,15
201_310,Dermomyotome,15
201_311,Dermomyotome,15
201_312,Dermomyotome,15
201_313,Dermomyotome,15
201_314,Dermomyotome,15
201_315,Dermomyotome,15
201_316,Dermomyotome,15
201_317,Dermomyotome,15
201_318,Dermomyotome,14
201_319,Surface ectoderm,14
201_320,Surface ectoderm,14
201_321,Surface ectoderm,14
201_322,Surface ectoderm,14
201_96,Cavity,13
201_97,Meninges,13
201_98,Meninges,13
201_99,Meninges,7
202_100,Meninges,7
202_101,Brain,7
202_102,Brain,7
202_103,Brain,7
202_104,Brain,7
202_105,Brain,7
202_106,Brain,7
202_107,Brain,7
202_108,Brain,7
202_109,Brain,7
202_110,Brain,7
202_111,Brain,7
202_112,Brain,7
202_113,Brain,7
202_114,Brain,7
202_115,Brain,7
202_116,Brain,7
202_117,Brain,7
202_118,Brain,7
202_119,Head mesenchyme,5
202_120,Head mesenchyme,5
202_121,Head mesenchyme,5
202_122,Head mesenchyme,5
202_123,Head mesenchyme,5
202_124,Head mesenchyme,5
202_125,Head mesenchyme,5
202_126,Head mesenchyme,5
202_127,Head mesenchyme,5
202_128,Head mesenchyme,5
202_129,Head mesenchyme,5
202_130,Head mesenchyme,5
202_131,Head mesenchyme,5
202_132,Head mesenchyme,5
202_133,Head mesenchyme,5
202_134,Head mesenchyme,5
202_135,Head mesenchyme,5
202_136,Head mesenchyme,5
202_137,Head mesenchyme,5
202_138,Head mesenchyme,7
202_139,Brain,7
202_140,Brain,7
202_141,Brain,7
202_142,Brain,7
202_143,Brain,7
202_144,Brain,7
202_145,Brain,7
202_146,Brain,11
202_147,Brain,11
202_148,Brain,11
202_149,Brain,11
202_150,Brain,11
202_151,Brain,11
202_152,Brain,11
202_153,Brain,11
202_154,Brain,7
202_155,Brain,7
202_156,Brain,7
202_157,Brain,7
202_158,Brain,7
202_159,Brain,7
202_160,Brain,7
202_161,Head mesenchyme,17
202_162,Head mesenchyme,7
202_163,Head mesenchyme,17
202_164,Head mesenchyme,17
202_165,Head mesenchyme,17
202_166,Blood vessel,17
202_167,Blood vessel,17
202_168,Blood vessel,17
202_169,Head mesenchyme,8
202_170,Head mesenchyme,17
202_171,Head mesenchyme,17
202_172,Head mesenchyme,17
202_173,Head mesenchyme,17
202_174,Head mesenchyme,17
202_175,Head mesenchyme,17
202_176,Head mesenchyme,17
202_177,Head mesenchyme,17
202_178,Head mesenchyme,17
202_179,Head mesenchyme,17
202_180,Head mesenchyme,17
202_181,Head mesenchyme,17
202_182,Head mesenchyme,17
202_183,Head mesenchyme,17
202_184,Head mesenchyme,17
202_185,Head mesenchyme,17
202_186,Head mesenchyme,17
202_187,Head mesenchyme,17
202_188,Head mesenchyme,17
202_189,Head mesenchyme,9
202_190,Jaw and tooth,9
202_191,Jaw and tooth,9
202_192,Surface ectoderm,9
202_193,Surface ectoderm,9
202_194,Surface ectoderm,9
202_195,Surface ectoderm,9
202_196,Branchial arch,9
202_197,Branchial arch,9
202_198,Branchial arch,9
202_199,Branchial arch,9
202_200,Branchial arch,9
202_201,Branchial arch,9
202_202,Branchial arch,9
202_203,Branchial arch,9
202_204,Branchial arch,9
202_205,Branchial arch,9
202_206,Branchial arch,9
202_207,Branchial arch,9
202_208,Branchial arch,9
202_209,Branchial arch,9
202_210,Branchial arch,9
202_211,Branchial arch,9
202_212,Branchial arch,9
202_213,Branchial arch,9
202_214,Branchial arch,9
202_215,Branchial arch,9
202_216,Branchial arch,9
202_217,Branchial arch,9
202_218,Branchial arch,9
202_219,Branchial arch,9
202_220,Branchial arch,9
202_221,Branchial arch,9
202_222,Branchial arch,9
202_223,Branchial arch,9
202_224,GI tract,9
202_225,Branchial arch,9
202_226,Surface ectoderm,9
202_227,Surface ectoderm,9
202_228,Connective tissue,6
202_229,Blood vessel,6
202_230,Connective tissue,6
202_231,Connective tissue,6
202_232,Heart,6
202_233,Heart,6
202_234,Heart,2
202_235,Heart,2
202_236,Heart,2
202_237,Heart,2
202_238,Heart,2
202_239,Heart,2
202_240,Heart,2
202_241,Heart,2
202_242,Heart,2
202_243,Heart,2
202_244,Cavity,2
202_245,Cavity,2
202_246,Cavity,2
202_247,Cavity,2
202_248,Heart,2
202_249,Heart,2
202_250,Heart,2
202_251,Heart,2
202_252,Heart,2
202_253,Heart,2
202_254,Heart,2
202_255,Heart,2
202_256,Heart,2
202_257,Heart,2
202_258,Heart,2
202_259,Heart,6
202_260,Heart,6
202_261,Heart,6
202_262,Heart,2
202_263,Heart,2
202_264,Heart,2
202_265,Heart,2
202_266,Heart,2
202_267,Heart,2
202_268,Heart,6
202_269,Heart,6
202_270,Connective tissue,6
202_271,Connective tissue,6
202_272,Connective tissue,6
202_273,Connective tissue,6
202_274,Connective tissue,6
202_275,Connective tissue,6
202_276,Dermomyotome,6
202_277,Connective tissue,6
202_278,Connective tissue,6
202_279,Dermomyotome,6
202_280,Dermomyotome,15
202_281,Dermomyotome,15
202_282,Dermomyotome,15
202_283,Dermomyotome,15
202_284,Dermomyotome,15
202_285,Dermomyotome,15
202_286,Dermomyotome,15
202_287,Dermomyotome,15
202_288,Sclerotome,15
202_289,Sclerotome,3
202_290,Sclerotome,15
202_291,Dermomyotome,15
202_292,Dermomyotome,15
202_293,Dermomyotome,15
202_294,Dermomyotome,15
202_295,Dermomyotome,15
202_296,Dermomyotome,15
202_297,Sclerotome,3
202_298,Sclerotome,3
202_299,Sclerotome,3
202_300,Sclerotome,3
202_301,Sclerotome,3
202_302,Sclerotome,3
202_303,Dermomyotome,15
202_304,Dermomyotome,15
202_305,Dermomyotome,15
202_306,Dermomyotome,15
202_307,Dermomyotome,15
202_308,Dermomyotome,15
202_309,Dermomyotome,15
202_310,Dermomyotome,15
202_311,Dermomyotome,15
202_312,Dermomyotome,15
202_313,Dermomyotome,15
202_314,Dermomyotome,15
202_315,Dermomyotome,15
202_316,Dermomyotome,15
202_317,Dermomyotome,1
202_318,Dermomyotome,1
202_319,Surface ectoderm,14
202_320,Surface ectoderm,14
202_321,Surface ectoderm,14
202_322,Surface ectoderm,14
202_323,Cavity,14
202_96,Cavity,13
202_97,Meninges,13
202_98,Meninges,13
202_99,Meninges,7
203_100,Meninges,7
203_101,Brain,7
203_102,Brain,7
203_103,Brain,7
203_104,Brain,7
203_105,Brain,7
203_106,Brain,7
203_107,Brain,7
203_108,Brain,7
203_109,Brain,7
203_110,Brain,7
203_111,Brain,7
203_112,Brain,7
203_113,Brain,7
203_114,Brain,7
203_115,Brain,7
203_116,Brain,7
203_117,Brain,7
203_118,Brain,7
203_119,Head mesenchyme,5
203_120,Head mesenchyme,5
203_121,Head mesenchyme,5
203_122,Head mesenchyme,5
203_123,Head mesenchyme,5
203_124,Head mesenchyme,5
203_125,Meninges,5
203_126,Meninges,5
203_127,Head mesenchyme,5
203_128,Head mesenchyme,5
203_129,Head mesenchyme,5
203_130,Head mesenchyme,5
203_131,Head mesenchyme,5
203_132,Head mesenchyme,5
203_133,Blood vessel,5
203_134,Blood vessel,5
203_135,Head mesenchyme,5
203_136,Head mesenchyme,5
203_137,Brain,7
203_138,Brain,7
203_139,Brain,7
203_140,Brain,7
203_141,Brain,7
203_142,Brain,7
203_143,Brain,7
203_144,Brain,11
203_145,Brain,11
203_146,Brain,11
203_147,Brain,11
203_148,Brain,11
203_149,Brain,11
203_150,Brain,11
203_151,Brain,11
203_152,Brain,11
203_153,Brain,11
203_154,Brain,11
203_155,Brain,7
203_156,Brain,7
203_157,Brain,7
203_158,Brain,7
203_159,Brain,7
203_160,Brain,7
203_161,Brain,7
203_162,Brain,7
203_163,Brain,7
203_164,Brain,7
203_165,Head mesenchyme,7
203_166,Blood vessel,17
203_167,Blood vessel,8
203_168,Blood vessel,8
203_169,Blood vessel,8
203_170,Blood vessel,17
203_171,Blood vessel,17
203_172,Connective tissue,17
203_173,Head mesenchyme,17
203_174,Head mesenchyme,17
203_175,Head mesenchyme,17
203_176,Head mesenchyme,17
203_177,Head mesenchyme,17
203_178,Head mesenchyme,17
203_179,Head mesenchyme,17
203_180,Head mesenchyme,17
203_181,Head mesenchyme,17
203_182,Head mesenchyme,17
203_183,Head mesenchyme,17
203_184,Head mesenchyme,17
203_185,Head mesenchyme,17
203_186,Head mesenchyme,17
203_187,Head mesenchyme,17
203_188,Head mesenchyme,17
203_189,Sclerotome,9
203_190,Inner ear,9
203_191,Jaw and tooth,9
203_192,Blood vessel,9
203_193,Surface ectoderm,9
203_194,Surface ectoderm,9
203_195,Surface ectoderm,9
203_196,Branchial arch,9
203_197,Branchial arch,9
203_198,Branchial arch,9
203_199,Branchial arch,9
203_200,Branchial arch,9
203_201,Branchial arch,9
203_202,Branchial arch,9
203_203,Branchial arch,9
203_204,Branchial arch,9
203_205,Branchial arch,9
203_206,Branchial arch,9
203_207,Branchial arch,9
203_208,Branchial arch,9
203_209,Branchial arch,9
203_210,Branchial arch,9
203_211,Branchial arch,9
203_212,Branchial arch,9
203_213,Branchial arch,9
203_214,Branchial arch,9
203_215,Branchial arch,9
203_216,Branchial arch,9
203_217,Branchial arch,9
203_218,Branchial arch,9
203_219,Branchial arch,9
203_220,Branchial arch,9
203_221,Branchial arch,9
203_222,Branchial arch,9
203_223,Branchial arch,9
203_224,GI tract,9
203_225,Surface ectoderm,9
203_226,Surface ectoderm,9
203_227,Surface ectoderm,9
203_228,Connective tissue,6
203_229,Blood vessel,6
203_230,Connective tissue,6
203_231,Heart,6
203_232,Heart,6
203_233,Heart,2
203_234,Heart,2
203_235,Heart,2
203_236,Heart,2
203_237,Heart,2
203_238,Heart,2
203_239,Heart,2
203_240,Heart,2
203_241,Heart,2
203_242,Heart,2
203_243,Heart,2
203_244,Cavity,2
203_245,Cavity,2
203_246,Cavity,8
203_247,Cavity,2
203_248,Cavity,2
203_249,Cavity,2
203_250,Heart,2
203_251,Heart,2
203_252,Heart,2
203_253,Heart,2
203_254,Heart,2
203_255,Heart,2
203_256,Heart,2
203_257,Heart,2
203_258,Heart,2
203_259,Heart,2
203_260,Heart,2
203_261,Heart,2
203_262,Heart,2
203_263,Heart,2
203_264,Heart,2
203_265,Heart,2
203_266,Heart,2
203_267,Heart,2
203_268,Heart,2
203_269,Heart,6
203_270,Heart,6
203_271,Connective tissue,6
203_272,Connective tissue,6
203_273,Connective tissue,6
203_274,Connective tissue,6
203_275,Connective tissue,6
203_276,Connective tissue,6
203_277,Connective tissue,6
203_278,Connective tissue,6
203_279,Dermomyotome,6
203_280,Dermomyotome,15
203_281,Dermomyotome,15
203_282,Dermomyotome,15
203_283,Dermomyotome,15
203_284,Dermomyotome,15
203_285,Dermomyotome,15
203_286,Dermomyotome,15
203_287,Sclerotome,15
203_288,Sclerotome,3
203_289,Sclerotome,3
203_290,Dermomyotome,15
203_291,Dermomyotome,15
203_292,Dermomyotome,15
203_293,Dermomyotome,15
203_294,Dermomyotome,15
203_295,Dermomyotome,15
203_296,Sclerotome,3
203_297,Sclerotome,3
203_298,Sclerotome,3
203_299,Sclerotome,3
203_300,Sclerotome,3
203_301,Sclerotome,3
203_302,Dermomyotome,15
203_303,Dermomyotome,15
203_304,Dermomyotome,15
203_305,Dermomyotome,15
203_306,Dermomyotome,15
203_307,Dermomyotome,15
203_308,Dermomyotome,15
203_309,Dermomyotome,15
203_310,Dermomyotome,15
203_311,Dermomyotome,15
203_312,Dermomyotome,15
203_313,Dermomyotome,15
203_314,Dermomyotome,15
203_315,Dermomyotome,15
203_316,Dermomyotome,1
203_317,Dermomyotome,1
203_318,Sclerotome,1
203_319,Sclerotome,1
203_320,Surface ectoderm,14
203_321,Surface ectoderm,14
203_322,Surface ectoderm,14
203_323,Surface ectoderm,14
203_96,Cavity,13
203_97,Meninges,13
203_98,Meninges,13
203_99,Meninges,7
204_100,Meninges,7
204_101,Brain,7
204_102,Brain,7
204_103,Brain,7
204_104,Brain,7
204_105,Brain,7
204_106,Brain,7
204_107,Brain,7
204_108,Brain,7
204_109,Brain,7
204_110,Brain,7
204_111,Brain,7
204_112,Brain,7
204_113,Brain,7
204_114,Brain,7
204_115,Brain,7
204_116,Brain,7
204_117,Brain,7
204_118,Head mesenchyme,7
204_119,Head mesenchyme,5
204_120,Head mesenchyme,5
204_121,Head mesenchyme,5
204_122,Head mesenchyme,5
204_123,Head mesenchyme,5
204_124,Head mesenchyme,5
204_125,Head mesenchyme,5
204_126,Head mesenchyme,5
204_127,Head mesenchyme,5
204_128,Head mesenchyme,5
204_129,Head mesenchyme,8
204_130,Head mesenchyme,5
204_131,Blood vessel,5
204_132,Blood vessel,5
204_133,Blood vessel,5
204_134,Head mesenchyme,5
204_135,Head mesenchyme,5
204_136,Brain,7
204_137,Brain,7
204_138,Brain,7
204_139,Brain,7
204_140,Brain,7
204_141,Brain,7
204_142,Brain,11
204_143,Brain,11
204_144,Brain,11
204_145,Brain,11
204_146,Brain,11
204_147,Brain,11
204_148,Brain,11
204_149,Brain,11
204_150,Brain,11
204_151,Brain,11
204_152,Brain,11
204_153,Brain,11
204_154,Brain,11
204_155,Brain,11
204_156,Brain,11
204_157,Brain,11
204_158,Brain,7
204_159,Brain,11
204_160,Brain,7
204_161,Brain,7
204_162,Brain,7
204_163,Brain,7
204_164,Brain,7
204_165,Brain,7
204_166,Brain,7
204_167,Head mesenchyme,7
204_168,Head mesenchyme,8
204_169,Blood vessel,8
204_170,Blood vessel,8
204_171,Blood vessel,17
204_172,Blood vessel,17
204_173,Blood vessel,17
204_174,Head mesenchyme,17
204_175,Head mesenchyme,17
204_176,Head mesenchyme,17
204_177,Head mesenchyme,17
204_178,Head mesenchyme,17
204_179,Head mesenchyme,17
204_180,Head mesenchyme,17
204_181,Head mesenchyme,17
204_182,Head mesenchyme,17
204_183,Head mesenchyme,17
204_184,Head mesenchyme,17
204_185,Head mesenchyme,17
204_186,Head mesenchyme,17
204_187,Head mesenchyme,17
204_188,Head mesenchyme,17
204_189,Sclerotome,9
204_190,Jaw and tooth,9
204_191,Jaw and tooth,9
204_192,Surface ectoderm,9
204_193,Surface ectoderm,9
204_194,Surface ectoderm,9
204_195,Surface ectoderm,9
204_196,Branchial arch,9
204_197,Branchial arch,9
204_198,Branchial arch,9
204_199,Branchial arch,9
204_200,Branchial arch,9
204_201,Branchial arch,9
204_202,Branchial arch,9
204_203,Branchial arch,9
204_204,Branchial arch,9
204_205,Branchial arch,9
204_206,Branchial arch,9
204_207,Branchial arch,9
204_208,Branchial arch,9
204_209,Branchial arch,9
204_210,Branchial arch,9
204_211,Branchial arch,9
204_212,Branchial arch,9
204_213,Branchial arch,9
204_214,Branchial arch,9
204_215,Branchial arch,9
204_216,Branchial arch,9
204_217,Branchial arch,9
204_218,Branchial arch,9
204_219,Branchial arch,9
204_220,Branchial arch,9
204_221,Branchial arch,9
204_222,Branchial arch,9
204_223,Branchial arch,9
204_224,Surface ectoderm,9
204_225,Surface ectoderm,9
204_226,Surface ectoderm,9
204_227,Surface ectoderm,6
204_228,Connective tissue,6
204_229,Blood vessel,6
204_230,Connective tissue,6
204_231,Heart,2
204_232,Heart,6
204_233,Heart,2
204_234,Heart,2
204_235,Heart,2
204_236,Heart,2
204_237,Heart,2
204_238,Heart,2
204_239,Heart,2
204_240,Heart,2
204_241,Heart,2
204_242,Heart,2
204_243,Heart,2
204_244,Cavity,2
204_245,Cavity,2
204_246,Cavity,8
204_247,Cavity,2
204_248,Cavity,2
204_249,Heart,2
204_250,Heart,2
204_251,Heart,2
204_252,Heart,2
204_253,Heart,2
204_254,Heart,2
204_255,Heart,2
204_256,Heart,2
204_257,Heart,2
204_258,Heart,2
204_259,Heart,2
204_260,Heart,2
204_261,Heart,2
204_262,Heart,2
204_263,Heart,2
204_264,Heart,2
204_265,Heart,2
204_266,Heart,2
204_267,Heart,2
204_268,Heart,2
204_269,Heart,6
204_270,Heart,6
204_271,Connective tissue,6
204_272,Connective tissue,6
204_273,Connective tissue,6
204_274,Connective tissue,6
204_275,Connective tissue,6
204_276,Connective tissue,6
204_277,Connective tissue,6
204_278,Connective tissue,6
204_279,Connective tissue,6
204_280,Connective tissue,6
204_281,Connective tissue,15
204_282,Dermomyotome,15
204_283,Dermomyotome,15
204_284,Dermomyotome,15
204_285,Dermomyotome,15
204_286,Sclerotome,15
204_287,Sclerotome,15
204_288,Sclerotome,15
204_289,Dermomyotome,15
204_290,Dermomyotome,15
204_291,Dermomyotome,15
204_292,Dermomyotome,15
204_293,Dermomyotome,15
204_294,Dermomyotome,15
204_295,Sclerotome,3
204_296,Sclerotome,3
204_297,Sclerotome,3
204_298,Sclerotome,3
204_299,Sclerotome,3
204_300,Sclerotome,3
204_301,Dermomyotome,15
204_302,Dermomyotome,15
204_303,Dermomyotome,15
204_304,Dermomyotome,15
204_305,Dermomyotome,15
204_306,Dermomyotome,15
204_307,Dermomyotome,15
204_308,Dermomyotome,15
204_309,Dermomyotome,15
204_310,Dermomyotome,15
204_311,Dermomyotome,15
204_312,Dermomyotome,15
204_313,Dermomyotome,15
204_314,Dermomyotome,15
204_315,Dermomyotome,1
204_316,Dermomyotome,1
204_317,Sclerotome,1
204_318,Sclerotome,1
204_319,Sclerotome,1
204_320,Surface ectoderm,1
204_321,Surface ectoderm,14
204_322,Surface ectoderm,14
204_323,Surface ectoderm,14
204_324,Cavity,14
204_96,Cavity,13
204_97,Meninges,13
204_98,Meninges,13
204_99,Meninges,7
205_100,Meninges,7
205_101,Brain,7
205_102,Brain,7
205_103,Brain,7
205_104,Brain,7
205_105,Brain,7
205_106,Brain,7
205_107,Brain,7
205_108,Brain,7
205_109,Brain,7
205_110,Brain,7
205_111,Brain,7
205_112,Brain,7
205_113,Brain,7
205_114,Brain,7
205_115,Brain,7
205_116,Brain,7
205_117,Brain,7
205_118,Head mesenchyme,5
205_119,Head mesenchyme,5
205_120,Head mesenchyme,5
205_121,Head mesenchyme,5
205_122,Head mesenchyme,5
205_123,Head mesenchyme,5
205_124,Head mesenchyme,5
205_125,Head mesenchyme,5
205_126,Meninges,5
205_127,Head mesenchyme,5
205_128,Blood vessel,8
205_129,Blood vessel,8
205_130,Blood vessel,8
205_131,Cavity,8
205_132,Blood vessel,5
205_133,Head mesenchyme,5
205_134,Head mesenchyme,5
205_135,Brain,7
205_136,Brain,7
205_137,Brain,7
205_138,Brain,7
205_139,Brain,7
205_140,Brain,7
205_141,Brain,11
205_142,Brain,11
205_143,Brain,11
205_144,Brain,11
205_145,Brain,11
205_146,Brain,11
205_147,Brain,11
205_148,Brain,11
205_149,Brain,11
205_150,Brain,11
205_151,Brain,11
205_152,Brain,11
205_153,Brain,11
205_154,Brain,11
205_155,Brain,11
205_156,Brain,11
205_157,Brain,11
205_158,Brain,11
205_159,Brain,11
205_160,Brain,11
205_161,Brain,11
205_162,Brain,7
205_163,Brain,7
205_164,Brain,7
205_165,Brain,7
205_166,Brain,7
205_167,Brain,7
205_168,Brain,7
205_169,Brain,7
205_170,Brain,7
205_171,Brain,11
205_172,Brain,17
205_173,Brain,17
205_174,Brain,17
205_175,Head mesenchyme,17
205_176,Head mesenchyme,17
205_177,Head mesenchyme,17
205_178,Head mesenchyme,17
205_179,Head mesenchyme,17
205_180,Head mesenchyme,17
205_181,Head mesenchyme,17
205_182,Head mesenchyme,17
205_183,Head mesenchyme,17
205_184,Head mesenchyme,17
205_185,Head mesenchyme,17
205_186,Head mesenchyme,17
205_187,Head mesenchyme,17
205_188,Jaw and tooth,17
205_189,Jaw and tooth,9
205_190,Jaw and tooth,9
205_191,Jaw and tooth,9
205_192,Surface ectoderm,9
205_193,Surface ectoderm,9
205_194,Surface ectoderm,9
205_195,Surface ectoderm,9
205_196,Branchial arch,9
205_197,Branchial arch,9
205_198,Branchial arch,9
205_199,Branchial arch,9
205_200,Branchial arch,9
205_201,Branchial arch,9
205_202,Branchial arch,9
205_203,Branchial arch,9
205_204,Branchial arch,9
205_205,Branchial arch,9
205_206,Branchial arch,9
205_207,Branchial arch,9
205_208,Branchial arch,9
205_209,Branchial arch,9
205_210,Branchial arch,9
205_211,Branchial arch,9
205_212,Branchial arch,9
205_213,Branchial arch,9
205_214,Branchial arch,9
205_215,Branchial arch,9
205_216,Branchial arch,9
205_217,Branchial arch,9
205_218,Branchial arch,9
205_219,Branchial arch,9
205_220,Branchial arch,9
205_221,Branchial arch,9
205_222,Branchial arch,9
205_223,Surface ectoderm,9
205_224,Surface ectoderm,9
205_225,Surface ectoderm,9
205_226,Surface ectoderm,6
205_227,Surface ectoderm,6
205_228,Blood vessel,6
205_229,Blood vessel,6
205_230,Heart,6
205_231,Heart,2
205_232,Heart,2
205_233,Heart,2
205_234,Heart,2
205_235,Heart,2
205_236,Heart,2
205_237,Heart,2
205_238,Heart,2
205_239,Heart,2
205_240,Heart,2
205_241,Heart,2
205_242,Heart,2
205_243,Heart,2
205_244,Heart,2
205_245,Heart,2
205_246,Cavity,8
205_247,Heart,2
205_248,Heart,2
205_249,Heart,2
205_250,Heart,2
205_251,Heart,2
205_252,Heart,2
205_253,Heart,2
205_254,Heart,2
205_255,Heart,2
205_256,Heart,2
205_257,Heart,2
205_258,Heart,2
205_259,Heart,2
205_260,Heart,2
205_261,Heart,2
205_262,Heart,2
205_263,Heart,2
205_264,Heart,2
205_265,Heart,2
205_266,Heart,2
205_267,Heart,2
205_268,Heart,2
205_269,Heart,2
205_270,Heart,6
205_271,Heart,6
205_272,Connective tissue,6
205_273,Connective tissue,6
205_274,Connective tissue,6
205_275,Connective tissue,6
205_276,Connective tissue,6
205_277,Connective tissue,6
205_278,Connective tissue,6
205_279,Connective tissue,6
205_280,Connective tissue,6
205_281,Connective tissue,6
205_282,Connective tissue,15
205_283,Dermomyotome,15
205_284,Dermomyotome,15
205_285,Dermomyotome,15
205_286,Dermomyotome,15
205_287,Dermomyotome,15
205_288,Dermomyotome,15
205_289,Dermomyotome,15
205_290,Dermomyotome,15
205_291,Dermomyotome,15
205_292,Dermomyotome,15
205_293,Dermomyotome,15
205_294,Sclerotome,15
205_295,Sclerotome,3
205_296,Sclerotome,3
205_297,Sclerotome,3
205_298,Sclerotome,3
205_299,Sclerotome,3
205_300,Dermomyotome,3
205_301,Dermomyotome,15
205_302,Dermomyotome,15
205_303,Dermomyotome,15
205_304,Dermomyotome,15
205_305,Dermomyotome,15
205_306,Dermomyotome,15
205_307,Dermomyotome,15
205_308,Dermomyotome,15
205_309,Dermomyotome,15
205_310,Sclerotome,15
205_311,Dermomyotome,3
205_312,Dermomyotome,3
205_313,Dermomyotome,3
205_314,Sclerotome,3
205_315,Dermomyotome,1
205_316,Dermomyotome,1
205_317,Sclerotome,1
205_318,Sclerotome,1
205_319,Sclerotome,1
205_320,Sclerotome,14
205_321,Surface ectoderm,14
205_322,Surface ectoderm,14
205_323,Surface ectoderm,14
205_324,Surface ectoderm,14
205_96,Cavity,13
205_97,Meninges,13
205_98,Meninges,13
205_99,Meninges,7
206_100,Meninges,7
206_101,Brain,7
206_102,Brain,7
206_103,Brain,7
206_104,Brain,7
206_105,Brain,7
206_106,Brain,7
206_107,Brain,7
206_108,Brain,7
206_109,Brain,7
206_110,Brain,7
206_111,Brain,7
206_112,Brain,7
206_113,Brain,7
206_114,Brain,7
206_115,Brain,7
206_116,Brain,7
206_117,Brain,7
206_118,Head mesenchyme,5
206_119,Head mesenchyme,5
206_120,Head mesenchyme,5
206_121,Head mesenchyme,5
206_122,Head mesenchyme,5
206_123,Head mesenchyme,5
206_124,Head mesenchyme,5
206_125,Blood vessel,5
206_126,Blood vessel,5
206_127,Blood vessel,8
206_128,Cavity,8
206_129,Cavity,8
206_130,Cavity,8
206_131,Blood vessel,8
206_132,Blood vessel,8
206_133,Head mesenchyme,5
206_134,Brain,7
206_135,Brain,7
206_136,Brain,7
206_137,Brain,7
206_138,Brain,7
206_139,Brain,7
206_140,Brain,7
206_141,Brain,11
206_142,Brain,11
206_143,Brain,11
206_144,Brain,11
206_145,Brain,11
206_146,Brain,11
206_147,Brain,11
206_148,Brain,11
206_149,Brain,11
206_150,Brain,11
206_151,Brain,11
206_152,Brain,11
206_153,Brain,11
206_154,Brain,11
206_155,Brain,11
206_156,Brain,11
206_157,Brain,11
206_158,Brain,11
206_159,Brain,11
206_160,Brain,11
206_161,Brain,11
206_162,Brain,11
206_163,Brain,11
206_164,Brain,7
206_165,Brain,7
206_166,Brain,7
206_167,Brain,7
206_168,Brain,7
206_169,Brain,11
206_170,Brain,11
206_171,Brain,11
206_172,Brain,11
206_173,Brain,11
206_174,Brain,17
206_175,Brain,17
206_176,Brain,17
206_177,Brain,17
206_178,Head mesenchyme,17
206_179,Head mesenchyme,17
206_180,Jaw and tooth,17
206_181,Head mesenchyme,17
206_182,Head mesenchyme,17
206_183,Head mesenchyme,17
206_184,Head mesenchyme,17
206_185,Head mesenchyme,17
206_186,Head mesenchyme,17
206_187,Head mesenchyme,17
206_188,Jaw and tooth,17
206_189,Jaw and tooth,9
206_190,Jaw and tooth,9
206_191,Jaw and tooth,9
206_192,Surface ectoderm,9
206_193,Blood vessel,9
206_194,Surface ectoderm,9
206_195,Surface ectoderm,9
206_196,Branchial arch,9
206_197,Branchial arch,9
206_198,Branchial arch,9
206_199,Branchial arch,9
206_200,Branchial arch,9
206_201,Branchial arch,9
206_202,Branchial arch,9
206_203,Branchial arch,9
206_204,Branchial arch,9
206_205,Branchial arch,9
206_206,Branchial arch,9
206_207,Branchial arch,9
206_208,Branchial arch,9
206_209,Branchial arch,9
206_210,Branchial arch,9
206_211,Branchial arch,9
206_212,Branchial arch,9
206_213,Branchial arch,9
206_214,Branchial arch,9
206_215,Branchial arch,9
206_216,Branchial arch,9
206_217,Branchial arch,9
206_218,Branchial arch,9
206_219,Branchial arch,9
206_220,Branchial arch,9
206_221,Branchial arch,9
206_222,Surface ectoderm,9
206_223,Surface ectoderm,9
206_224,Surface ectoderm,9
206_225,Surface ectoderm,9
206_226,Surface ectoderm,6
206_227,Surface ectoderm,6
206_228,Connective tissue,6
206_229,Connective tissue,6
206_230,Heart,2
206_231,Heart,2
206_232,Heart,2
206_233,Heart,2
206_234,Heart,2
206_235,Heart,2
206_236,Heart,2
206_237,Heart,2
206_238,Heart,2
206_239,Heart,2
206_240,Heart,2
206_241,Heart,2
206_242,Heart,2
206_243,Heart,2
206_244,Heart,2
206_245,Heart,2
206_246,Heart,2
206_247,Heart,2
206_248,Heart,2
206_249,Heart,2
206_250,Heart,2
206_251,Heart,2
206_252,Heart,2
206_253,Heart,2
206_254,Heart,2
206_255,Heart,2
206_256,Heart,2
206_257,Heart,2
206_258,Heart,2
206_259,Heart,2
206_260,Heart,2
206_261,Heart,2
206_262,Heart,2
206_263,Heart,2
206_264,Heart,2
206_265,Heart,2
206_266,Heart,2
206_267,Heart,2
206_268,Heart,2
206_269,Heart,2
206_270,Heart,2
206_271,Heart,6
206_272,Connective tissue,6
206_273,Connective tissue,6
206_274,Connective tissue,6
206_275,Connective tissue,6
206_276,Connective tissue,6
206_277,Connective tissue,6
206_278,Connective tissue,6
206_279,Connective tissue,6
206_280,Connective tissue,6
206_281,Connective tissue,6
206_282,Connective tissue,6
206_283,Dermomyotome,15
206_284,Dermomyotome,15
206_285,Dermomyotome,15
206_286,Dermomyotome,15
206_287,Dermomyotome,15
206_288,Dermomyotome,15
206_289,Dermomyotome,15
206_290,Dermomyotome,15
206_291,Dermomyotome,15
206_292,Dermomyotome,15
206_293,Dermomyotome,3
206_294,Sclerotome,3
206_295,Sclerotome,3
206_296,Sclerotome,3
206_297,Sclerotome,3
206_298,Sclerotome,3
206_299,Dermomyotome,3
206_300,Dermomyotome,15
206_301,Dermomyotome,15
206_302,Dermomyotome,15
206_303,Dermomyotome,15
206_304,Dermomyotome,15
206_305,Dermomyotome,15
206_306,Dermomyotome,15
206_307,Dermomyotome,15
206_308,Sclerotome,15
206_309,Sclerotome,3
206_310,Sclerotome,3
206_311,Sclerotome,3
206_312,Sclerotome,3
206_313,Dermomyotome,3
206_314,Dermomyotome,3
206_315,Dermomyotome,1
206_316,Dermomyotome,1
206_317,Sclerotome,1
206_318,Sclerotome,1
206_319,Sclerotome,1
206_320,Sclerotome,1
206_321,Surface ectoderm,14
206_322,Surface ectoderm,14
206_323,Surface ectoderm,14
206_324,Surface ectoderm,14
206_325,Cavity,14
206_96,Cavity,13
206_97,Meninges,13
206_98,Meninges,13
206_99,Meninges,7
207_100,Meninges,7
207_101,Brain,7
207_102,Brain,7
207_103,Brain,7
207_104,Brain,7
207_105,Brain,7
207_106,Brain,7
207_107,Brain,7
207_108,Brain,7
207_109,Brain,7
207_110,Brain,7
207_111,Brain,7
207_112,Brain,7
207_113,Brain,7
207_114,Brain,7
207_115,Brain,7
207_116,Brain,7
207_117,Brain,7
207_118,Head mesenchyme,5
207_119,Head mesenchyme,5
207_120,Head mesenchyme,5
207_121,Head mesenchyme,5
207_122,Head mesenchyme,5
207_123,Head mesenchyme,5
207_124,Head mesenchyme,5
207_125,Blood vessel,5
207_126,Blood vessel,5
207_127,Blood vessel,5
207_128,Cavity,8
207_129,Blood vessel,8
207_130,Blood vessel,8
207_131,Blood vessel,8
207_132,Blood vessel,8
207_133,Brain,7
207_134,Brain,7
207_135,Brain,7
207_136,Brain,7
207_137,Brain,7
207_138,Brain,7
207_139,Brain,7
207_140,Brain,7
207_141,Brain,11
207_142,Brain,11
207_143,Brain,11
207_144,Brain,11
207_145,Brain,11
207_146,Brain,11
207_147,Brain,11
207_148,Brain,11
207_149,Brain,11
207_150,Brain,11
207_151,Brain,11
207_152,Brain,11
207_153,Brain,11
207_154,Brain,11
207_155,Brain,11
207_156,Brain,11
207_157,Brain,11
207_158,Brain,11
207_159,Brain,11
207_160,Brain,11
207_161,Brain,11
207_162,Brain,11
207_163,Brain,11
207_164,Brain,11
207_165,Brain,11
207_166,Brain,11
207_167,Brain,11
207_168,Brain,11
207_169,Brain,11
207_170,Brain,11
207_171,Brain,11
207_172,Brain,11
207_173,Brain,11
207_174,Brain,11
207_175,Brain,11
207_176,Brain,17
207_177,Brain,17
207_178,Brain,17
207_179,Brain,13
207_180,Brain,17
207_181,Jaw and tooth,17
207_182,Jaw and tooth,17
207_183,Jaw and tooth,17
207_184,Head mesenchyme,17
207_185,Head mesenchyme,17
207_186,Head mesenchyme,17
207_187,Jaw and tooth,17
207_188,Jaw and tooth,17
207_189,Jaw and tooth,9
207_190,Jaw and tooth,9
207_191,Jaw and tooth,9
207_192,Surface ectoderm,9
207_193,Surface ectoderm,9
207_194,Surface ectoderm,9
207_195,Surface ectoderm,9
207_196,Branchial arch,9
207_197,Branchial arch,9
207_198,Branchial arch,9
207_199,Branchial arch,9
207_200,Branchial arch,9
207_201,Branchial arch,9
207_202,Branchial arch,9
207_203,Branchial arch,9
207_204,Branchial arch,9
207_205,Branchial arch,9
207_206,Branchial arch,9
207_207,Branchial arch,9
207_208,Branchial arch,9
207_209,Branchial arch,9
207_210,Branchial arch,9
207_211,Branchial arch,9
207_212,Branchial arch,9
207_213,Branchial arch,9
207_214,Branchial arch,9
207_215,Branchial arch,9
207_216,Branchial arch,9
207_217,Branchial arch,9
207_218,Branchial arch,9
207_219,Branchial arch,9
207_220,Branchial arch,9
207_221,Branchial arch,9
207_222,Surface ectoderm,9
207_223,Surface ectoderm,9
207_224,Surface ectoderm,9
207_225,Surface ectoderm,9
207_226,Surface ectoderm,6
207_227,Surface ectoderm,6
207_228,Heart,6
207_229,Heart,2
207_230,Heart,2
207_231,Heart,2
207_232,Heart,6
207_233,Heart,2
207_234,Heart,6
207_235,Heart,6
207_236,Heart,2
207_237,Heart,2
207_238,Heart,2
207_239,Heart,2
207_240,Heart,2
207_241,Heart,2
207_242,Heart,2
207_243,Heart,2
207_244,Heart,2
207_245,Heart,2
207_246,Heart,2
207_247,Heart,2
207_248,Heart,2
207_249,Heart,2
207_250,Heart,2
207_251,Heart,2
207_252,Heart,2
207_253,Heart,2
207_254,Heart,2
207_255,Heart,2
207_256,Heart,2
207_257,Heart,2
207_258,Heart,2
207_259,Heart,2
207_260,Heart,2
207_261,Heart,2
207_262,Heart,2
207_263,Heart,2
207_264,Heart,2
207_265,Heart,2
207_266,Heart,2
207_267,Heart,2
207_268,Heart,2
207_269,Heart,2
207_270,Heart,2
207_271,Heart,6
207_272,Connective tissue,6
207_273,Connective tissue,6
207_274,Connective tissue,6
207_275,Connective tissue,6
207_276,Connective tissue,6
207_277,Connective tissue,6
207_278,Connective tissue,6
207_279,Connective tissue,6
207_280,Connective tissue,6
207_281,Connective tissue,6
207_282,Connective tissue,6
207_283,Connective tissue,6
207_284,Connective tissue,6
207_285,Dermomyotome,6
207_286,Dermomyotome,15
207_287,Dermomyotome,15
207_288,Dermomyotome,15
207_289,Dermomyotome,15
207_290,Dermomyotome,15
207_291,Dermomyotome,15
207_292,Dermomyotome,15
207_293,Dermomyotome,3
207_294,Sclerotome,3
207_295,Sclerotome,3
207_296,Sclerotome,3
207_297,Dermomyotome,3
207_298,Dermomyotome,15
207_299,Dermomyotome,15
207_300,Dermomyotome,15
207_301,Dermomyotome,15
207_302,Dermomyotome,15
207_303,Dermomyotome,15
207_304,Dermomyotome,15
207_305,Dermomyotome,15
207_306,Dermomyotome,15
207_307,Sclerotome,15
207_308,Sclerotome,3
207_309,Sclerotome,3
207_310,Sclerotome,3
207_311,Sclerotome,3
207_312,Dermomyotome,3
207_313,Dermomyotome,3
207_314,Dermomyotome,3
207_315,Dermomyotome,3
207_316,Dermomyotome,3
207_317,Dermomyotome,1
207_318,Sclerotome,1
207_319,Dermomyotome,1
207_320,Dermomyotome,1
207_321,Dermomyotome,14
207_322,Surface ectoderm,14
207_323,Surface ectoderm,14
207_324,Surface ectoderm,14
207_325,Surface ectoderm,14
207_326,Cavity,14
207_96,Cavity,13
207_97,Meninges,13
207_98,Meninges,13
207_99,Meninges,7
208_100,Meninges,7
208_101,Brain,7
208_102,Brain,7
208_103,Brain,7
208_104,Brain,7
208_105,Brain,7
208_106,Brain,7
208_107,Brain,7
208_108,Brain,7
208_109,Brain,7
208_110,Brain,7
208_111,Brain,7
208_112,Brain,7
208_113,Brain,7
208_114,Brain,7
208_115,Brain,7
208_116,Brain,7
208_117,Brain,7
208_118,Head mesenchyme,5
208_119,Head mesenchyme,5
208_120,Blood vessel,5
208_121,Head mesenchyme,5
208_122,Head mesenchyme,5
208_123,Head mesenchyme,5
208_124,Head mesenchyme,5
208_125,Head mesenchyme,5
208_126,Head mesenchyme,5
208_127,Blood vessel,5
208_128,Blood vessel,8
208_129,Blood vessel,8
208_130,Blood vessel,8
208_131,Blood vessel,8
208_132,Head mesenchyme,7
208_133,Brain,7
208_134,Brain,7
208_135,Brain,7
208_136,Brain,7
208_137,Brain,7
208_138,Brain,7
208_139,Brain,7
208_140,Brain,11
208_141,Brain,11
208_142,Brain,11
208_143,Brain,11
208_144,Brain,11
208_145,Brain,11
208_146,Brain,11
208_147,Brain,11
208_148,Brain,11
208_149,Brain,11
208_150,Brain,11
208_151,Brain,11
208_152,Brain,11
208_153,Brain,11
208_154,Brain,11
208_155,Brain,11
208_156,Brain,11
208_157,Brain,11
208_158,Brain,11
208_159,Brain,11
208_160,Brain,11
208_161,Brain,11
208_162,Brain,11
208_163,Brain,11
208_164,Brain,11
208_165,Brain,11
208_166,Brain,11
208_167,Brain,11
208_168,Brain,11
208_169,Brain,11
208_170,Brain,11
208_171,Brain,11
208_172,Brain,11
208_173,Brain,11
208_174,Brain,11
208_175,Brain,11
208_176,Brain,11
208_177,Brain,11
208_178,Brain,11
208_179,Brain,11
208_180,Brain,13
208_181,Brain,17
208_182,Brain,17
208_183,Jaw and tooth,17
208_184,Head mesenchyme,17
208_185,Head mesenchyme,17
208_186,Head mesenchyme,17
208_187,Head mesenchyme,17
208_188,Jaw and tooth,17
208_189,Jaw and tooth,9
208_190,Jaw and tooth,9
208_191,Surface ectoderm,9
208_192,Surface ectoderm,9
208_193,Surface ectoderm,9
208_194,Surface ectoderm,9
208_195,Surface ectoderm,9
208_196,Branchial arch,9
208_197,Branchial arch,9
208_198,Branchial arch,9
208_199,Branchial arch,9
208_200,Branchial arch,9
208_201,Branchial arch,9
208_202,Branchial arch,9
208_203,Branchial arch,9
208_204,Branchial arch,9
208_205,Branchial arch,9
208_206,Branchial arch,9
208_207,Branchial arch,9
208_208,Branchial arch,9
208_209,Branchial arch,9
208_210,Branchial arch,9
208_211,Branchial arch,9
208_212,Branchial arch,9
208_213,Branchial arch,9
208_214,Branchial arch,9
208_215,Branchial arch,9
208_216,Branchial arch,9
208_217,Branchial arch,9
208_218,Branchial arch,9
208_219,Branchial arch,9
208_220,Branchial arch,9
208_221,Surface ectoderm,9
208_222,Surface ectoderm,9
208_223,Surface ectoderm,9
208_224,Surface ectoderm,9
208_225,Surface ectoderm,6
208_226,Surface ectoderm,6
208_227,Surface ectoderm,6
208_228,Heart,2
208_229,Heart,2
208_230,Heart,2
208_231,Heart,2
208_232,Heart,6
208_233,Heart,6
208_234,Heart,6
208_235,Heart,6
208_236,Heart,2
208_237,Heart,2
208_238,Heart,2
208_239,Heart,2
208_240,Heart,2
208_241,Heart,2
208_242,Heart,2
208_243,Heart,2
208_244,Heart,2
208_245,Heart,2
208_246,Heart,2
208_247,Heart,2
208_248,Heart,2
208_249,Heart,2
208_250,Heart,2
208_251,Heart,2
208_252,Heart,2
208_253,Heart,2
208_254,Heart,2
208_255,Heart,2
208_256,Heart,2
208_257,Heart,2
208_258,Heart,2
208_259,Heart,2
208_260,Heart,2
208_261,Heart,2
208_262,Heart,2
208_263,Heart,2
208_264,Heart,2
208_265,Heart,2
208_266,Heart,2
208_267,Heart,2
208_268,Heart,2
208_269,Heart,2
208_270,Heart,2
208_271,Heart,6
208_272,Connective tissue,6
208_273,Connective tissue,6
208_274,Connective tissue,6
208_275,Connective tissue,6
208_276,Connective tissue,6
208_277,Connective tissue,6
208_278,Connective tissue,6
208_279,Connective tissue,6
208_280,Connective tissue,6
208_281,Connective tissue,6
208_282,Connective tissue,6
208_283,Connective tissue,6
208_284,Connective tissue,6
208_285,Connective tissue,6
208_286,Connective tissue,6
208_287,Dermomyotome,15
208_288,Dermomyotome,15
208_289,Dermomyotome,15
208_290,Dermomyotome,15
208_291,Dermomyotome,15
208_292,Dermomyotome,3
208_293,Urogenital ridge,3
208_294,Urogenital ridge,3
208_295,Urogenital ridge,3
208_296,Dermomyotome,3
208_297,Dermomyotome,15
208_298,Dermomyotome,15
208_299,Dermomyotome,15
208_300,Dermomyotome,15
208_301,Dermomyotome,15
208_302,Dermomyotome,15
208_303,Dermomyotome,15
208_304,Sclerotome,3
208_305,Sclerotome,3
208_306,Sclerotome,3
208_307,Sclerotome,3
208_308,Sclerotome,3
208_309,Sclerotome,3
208_310,Dermomyotome,3
208_311,Dermomyotome,3
208_312,Dermomyotome,15
208_313,Dermomyotome,15
208_314,Dermomyotome,15
208_315,Dermomyotome,15
208_316,Dermomyotome,15
208_317,Dermomyotome,15
208_318,Dermomyotome,15
208_319,Dermomyotome,15
208_320,Dermomyotome,15
208_321,Dermomyotome,1
208_322,Dermomyotome,14
208_323,Surface ectoderm,14
208_324,Surface ectoderm,14
208_325,Surface ectoderm,14
208_326,Cavity,14
208_96,Cavity,13
208_97,Meninges,13
208_98,Meninges,13
208_99,Meninges,7
209_100,Meninges,7
209_101,Brain,7
209_102,Brain,7
209_103,Brain,7
209_104,Brain,7
209_105,Brain,7
209_106,Brain,7
209_107,Brain,7
209_108,Brain,7
209_109,Brain,7
209_110,Brain,7
209_111,Brain,7
209_112,Brain,7
209_113,Brain,7
209_114,Brain,7
209_115,Brain,7
209_116,Brain,7
209_117,Brain,7
209_118,Head mesenchyme,5
209_119,Head mesenchyme,5
209_120,Head mesenchyme,5
209_121,Head mesenchyme,5
209_122,Head mesenchyme,5
209_123,Head mesenchyme,5
209_124,Head mesenchyme,5
209_125,Head mesenchyme,5
209_126,Head mesenchyme,5
209_127,Head mesenchyme,5
209_128,Head mesenchyme,8
209_129,Head mesenchyme,8
209_130,Blood vessel,7
209_131,Head mesenchyme,7
209_132,Brain,7
209_133,Brain,7
209_134,Brain,7
209_135,Brain,7
209_136,Brain,7
209_137,Brain,7
209_138,Brain,7
209_139,Brain,11
209_140,Brain,11
209_141,Brain,11
209_142,Brain,11
209_143,Brain,11
209_144,Brain,11
209_145,Brain,11
209_146,Brain,11
209_147,Brain,11
209_148,Brain,11
209_149,Brain,11
209_150,Brain,11
209_151,Brain,11
209_152,Brain,11
209_153,Brain,11
209_154,Brain,11
209_155,Brain,11
209_156,Brain,11
209_157,Brain,11
209_158,Brain,11
209_159,Brain,11
209_160,Brain,11
209_161,Brain,11
209_162,Brain,11
209_163,Brain,11
209_164,Brain,11
209_165,Brain,11
209_166,Brain,11
209_167,Brain,11
209_168,Brain,11
209_169,Brain,11
209_170,Brain,11
209_171,Brain,11
209_172,Brain,11
209_173,Brain,11
209_174,Brain,11
209_175,Brain,11
209_176,Brain,11
209_177,Brain,11
209_178,Brain,11
209_179,Brain,11
209_180,Brain,11
209_181,Brain,11
209_182,Brain,11
209_183,Brain,17
209_184,Brain,17
209_185,Jaw and tooth,17
209_186,Jaw and tooth,17
209_187,Head mesenchyme,17
209_188,Jaw and tooth,17
209_189,Jaw and tooth,9
209_190,Surface ectoderm,9
209_191,Surface ectoderm,9
209_192,Surface ectoderm,9
209_193,Surface ectoderm,9
209_194,Surface ectoderm,9
209_195,Surface ectoderm,9
209_196,Branchial arch,9
209_197,Branchial arch,9
209_198,Branchial arch,9
209_199,Branchial arch,9
209_200,Branchial arch,9
209_201,Branchial arch,9
209_202,Branchial arch,9
209_203,Branchial arch,9
209_204,Branchial arch,9
209_205,Branchial arch,9
209_206,Branchial arch,9
209_207,Branchial arch,9
209_208,Branchial arch,9
209_209,Branchial arch,9
209_210,Branchial arch,9
209_211,Branchial arch,9
209_212,Branchial arch,9
209_213,Branchial arch,9
209_214,Branchial arch,9
209_215,Branchial arch,9
209_216,Branchial arch,9
209_217,Branchial arch,9
209_218,Branchial arch,9
209_219,Branchial arch,9
209_220,Surface ectoderm,9
209_221,Surface ectoderm,9
209_222,Surface ectoderm,9
209_223,Surface ectoderm,9
209_224,Surface ectoderm,9
209_225,Surface ectoderm,6
209_226,Surface ectoderm,6
209_227,Heart,2
209_228,Heart,2
209_229,Heart,2
209_230,Heart,2
209_231,Heart,2
209_232,Heart,6
209_233,Heart,6
209_234,Heart,6
209_235,Heart,6
209_236,Heart,6
209_237,Heart,2
209_238,Heart,2
209_239,Heart,2
209_240,Heart,2
209_241,Heart,2
209_242,Heart,2
209_243,Heart,2
209_244,Heart,2
209_245,Heart,2
209_246,Heart,2
209_247,Heart,2
209_248,Heart,2
209_249,Heart,2
209_250,Heart,2
209_251,Heart,2
209_252,Heart,2
209_253,Heart,2
209_254,Heart,2
209_255,Heart,2
209_256,Heart,2
209_257,Heart,2
209_258,Heart,2
209_259,Heart,2
209_260,Heart,2
209_261,Heart,2
209_262,Heart,2
209_263,Heart,2
209_264,Heart,2
209_265,Heart,2
209_266,Heart,2
209_267,Heart,2
209_268,Heart,2
209_269,Heart,2
209_270,Heart,2
209_271,Heart,6
209_272,Connective tissue,6
209_273,Connective tissue,6
209_274,Connective tissue,6
209_275,Connective tissue,6
209_276,Connective tissue,6
209_277,Connective tissue,6
209_278,Connective tissue,6
209_279,Connective tissue,6
209_280,Connective tissue,6
209_281,Connective tissue,6
209_282,Connective tissue,6
209_283,Connective tissue,6
209_284,Connective tissue,6
209_285,Connective tissue,6
209_286,Connective tissue,6
209_287,Dermomyotome,15
209_288,Dermomyotome,15
209_289,Dermomyotome,15
209_290,Dermomyotome,15
209_291,Dermomyotome,3
209_292,Urogenital ridge,3
209_293,Sclerotome,3
209_294,Urogenital ridge,3
209_295,Urogenital ridge,3
209_296,Dermomyotome,15
209_297,Dermomyotome,15
209_298,Dermomyotome,15
209_299,Dermomyotome,15
209_300,Dermomyotome,15
209_301,Dermomyotome,15
209_302,Sclerotome,3
209_303,Sclerotome,3
209_304,Sclerotome,3
209_305,Sclerotome,3
209_306,Sclerotome,3
209_307,Sclerotome,3
209_308,Sclerotome,3
209_309,Dermomyotome,3
209_310,Dermomyotome,15
209_311,Dermomyotome,15
209_312,Dermomyotome,15
209_313,Dermomyotome,15
209_314,Dermomyotome,15
209_315,Dermomyotome,15
209_316,Dermomyotome,15
209_317,Dermomyotome,15
209_318,Dermomyotome,15
209_319,Dermomyotome,15
209_320,Dermomyotome,15
209_321,Dermomyotome,1
209_322,Dermomyotome,14
209_323,Surface ectoderm,14
209_324,Surface ectoderm,14
209_325,Surface ectoderm,14
209_326,Surface ectoderm,14
209_327,Cavity,14
209_96,Cavity,13
209_97,Meninges,13
209_98,Meninges,13
209_99,Meninges,7
210_100,Meninges,7
210_101,Brain,7
210_102,Brain,7
210_103,Brain,7
210_104,Brain,7
210_105,Brain,7
210_106,Brain,7
210_107,Brain,7
210_108,Brain,7
210_109,Brain,7
210_110,Brain,7
210_111,Brain,7
210_112,Brain,7
210_113,Brain,7
210_114,Brain,7
210_115,Brain,7
210_116,Brain,7
210_117,Brain,7
210_118,Brain,7
210_119,Head mesenchyme,5
210_120,Head mesenchyme,5
210_121,Head mesenchyme,5
210_122,Head mesenchyme,5
210_123,Brain,5
210_124,Head mesenchyme,5
210_125,Head mesenchyme,5
210_126,Head mesenchyme,5
210_127,Head mesenchyme,5
210_128,Head mesenchyme,5
210_129,Head mesenchyme,5
210_130,Head mesenchyme,7
210_131,Brain,7
210_132,Brain,7
210_133,Brain,7
210_134,Brain,7
210_135,Brain,7
210_136,Brain,7
210_137,Brain,7
210_138,Brain,7
210_139,Brain,11
210_140,Brain,11
210_141,Brain,11
210_142,Brain,11
210_143,Brain,11
210_144,Brain,11
210_145,Brain,11
210_146,Brain,11
210_147,Brain,11
210_148,Brain,11
210_149,Brain,11
210_150,Brain,11
210_151,Brain,11
210_152,Brain,11
210_153,Brain,11
210_154,Brain,11
210_155,Brain,11
210_156,Brain,11
210_157,Brain,11
210_158,Brain,11
210_159,Brain,11
210_160,Brain,11
210_161,Brain,11
210_162,Brain,11
210_163,Brain,11
210_164,Brain,11
210_165,Brain,11
210_166,Brain,11
210_167,Brain,11
210_168,Brain,11
210_169,Brain,11
210_170,Brain,11
210_171,Brain,11
210_172,Brain,11
210_173,Brain,11
210_174,Brain,11
210_175,Brain,11
210_176,Brain,11
210_177,Brain,11
210_178,Brain,11
210_179,Brain,11
210_180,Brain,11
210_181,Brain,11
210_182,Brain,11
210_183,Brain,11
210_184,Brain,11
210_185,Brain,17
210_186,Jaw and tooth,17
210_187,Jaw and tooth,17
210_188,Jaw and tooth,17
210_189,Jaw and tooth,9
210_190,Surface ectoderm,9
210_191,Surface ectoderm,9
210_192,Surface ectoderm,9
210_193,Surface ectoderm,9
210_194,Surface ectoderm,9
210_195,Surface ectoderm,9
210_196,Branchial arch,9
210_197,Branchial arch,9
210_198,Branchial arch,9
210_199,Branchial arch,9
210_200,Branchial arch,9
210_201,Branchial arch,9
210_202,Branchial arch,9
210_203,Branchial arch,9
210_204,Branchial arch,9
210_205,Branchial arch,9
210_206,Branchial arch,9
210_207,Branchial arch,9
210_208,Branchial arch,9
210_209,Branchial arch,9
210_210,Branchial arch,9
210_211,Branchial arch,9
210_212,Branchial arch,9
210_213,Branchial arch,9
210_214,Branchial arch,9
210_215,Branchial arch,9
210_216,Branchial arch,9
210_217,Branchial arch,9
210_218,Branchial arch,9
210_219,Branchial arch,9
210_220,Surface ectoderm,9
210_221,Surface ectoderm,9
210_222,Surface ectoderm,9
210_223,Surface ectoderm,9
210_224,Surface ectoderm,9
210_225,Surface ectoderm,6
210_226,Surface ectoderm,6
210_227,Heart,2
210_228,Heart,2
210_229,Heart,2
210_230,Heart,2
210_231,Heart,2
210_232,Heart,6
210_233,Heart,6
210_234,Heart,6
210_235,Heart,6
210_236,Heart,6
210_237,Heart,6
210_238,Heart,2
210_239,Heart,2
210_240,Heart,2
210_241,Heart,2
210_242,Heart,2
210_243,Heart,2
210_244,Heart,2
210_245,Heart,2
210_246,Heart,2
210_247,Heart,2
210_248,Heart,2
210_249,Heart,2
210_250,Heart,2
210_251,Heart,2
210_252,Heart,2
210_253,Heart,2
210_254,Heart,2
210_255,Heart,2
210_256,Heart,2
210_257,Heart,2
210_258,Heart,2
210_259,Heart,2
210_260,Heart,2
210_261,Heart,2
210_262,Heart,2
210_263,Heart,2
210_264,Heart,2
210_265,Heart,2
210_266,Heart,2
210_267,Heart,2
210_268,Heart,2
210_269,Heart,2
210_270,Heart,2
210_271,Heart,2
210_272,Connective tissue,6
210_273,Connective tissue,6
210_274,Connective tissue,6
210_275,Connective tissue,6
210_276,Connective tissue,6
210_277,Connective tissue,6
210_278,Connective tissue,6
210_279,Connective tissue,6
210_280,Connective tissue,6
210_281,Connective tissue,6
210_282,Connective tissue,6
210_283,Connective tissue,6
210_284,Connective tissue,6
210_285,Blood vessel,6
210_286,Connective tissue,6
210_287,Dermomyotome,6
210_288,Dermomyotome,15
210_289,Dermomyotome,15
210_290,Dermomyotome,15
210_291,Dermomyotome,3
210_292,Sclerotome,3
210_293,Sclerotome,3
210_294,Urogenital ridge,3
210_295,Dermomyotome,3
210_296,Dermomyotome,15
210_297,Dermomyotome,15
210_298,Dermomyotome,15
210_299,Dermomyotome,15
210_300,Dermomyotome,15
210_301,Sclerotome,3
210_302,Sclerotome,3
210_303,Sclerotome,3
210_304,Sclerotome,3
210_305,Sclerotome,3
210_306,Sclerotome,3
210_307,Sclerotome,3
210_308,Dermomyotome,15
210_309,Dermomyotome,15
210_310,Dermomyotome,15
210_311,Dermomyotome,15
210_312,Dermomyotome,15
210_313,Dermomyotome,15
210_314,Dermomyotome,15
210_315,Dermomyotome,15
210_316,Dermomyotome,15
210_317,Dermomyotome,15
210_318,Dermomyotome,15
210_319,Dermomyotome,15
210_320,Dermomyotome,1
210_321,Dermomyotome,1
210_322,Dermomyotome,1
210_323,Surface ectoderm,1
210_324,Surface ectoderm,14
210_325,Surface ectoderm,14
210_326,Surface ectoderm,14
210_327,Surface ectoderm,14
210_96,Cavity,13
210_97,Meninges,13
210_98,Meninges,13
210_99,Meninges,13
211_100,Meninges,7
211_101,Brain,7
211_102,Brain,7
211_103,Brain,7
211_104,Brain,7
211_105,Brain,7
211_106,Brain,7
211_107,Brain,7
211_108,Brain,7
211_109,Brain,7
211_110,Brain,7
211_111,Brain,7
211_112,Brain,7
211_113,Brain,7
211_114,Brain,7
211_115,Brain,7
211_116,Brain,7
211_117,Brain,7
211_118,Brain,7
211_119,Head mesenchyme,7
211_120,Head mesenchyme,5
211_121,Head mesenchyme,5
211_122,Head mesenchyme,5
211_123,Head mesenchyme,5
211_124,Head mesenchyme,5
211_125,Head mesenchyme,5
211_126,Head mesenchyme,5
211_127,Head mesenchyme,5
211_128,Head mesenchyme,5
211_129,Brain,7
211_130,Brain,7
211_131,Brain,7
211_132,Brain,7
211_133,Brain,7
211_134,Brain,7
211_135,Brain,7
211_136,Brain,7
211_137,Brain,7
211_138,Brain,11
211_139,Brain,11
211_140,Brain,11
211_141,Brain,11
211_142,Brain,11
211_143,Brain,11
211_144,Brain,11
211_145,Brain,11
211_146,Brain,11
211_147,Brain,11
211_148,Brain,11
211_149,Brain,11
211_150,Brain,11
211_151,Brain,11
211_152,Brain,11
211_153,Brain,11
211_154,Brain,11
211_155,Brain,11
211_156,Brain,11
211_157,Brain,11
211_158,Brain,11
211_159,Brain,11
211_160,Brain,11
211_161,Brain,11
211_162,Brain,11
211_163,Brain,11
211_164,Brain,11
211_165,Brain,11
211_166,Brain,11
211_167,Brain,11
211_168,Brain,11
211_169,Brain,11
211_170,Brain,11
211_171,Brain,11
211_172,Brain,11
211_173,Brain,11
211_174,Brain,11
211_175,Brain,11
211_176,Brain,11
211_177,Brain,11
211_178,Brain,11
211_179,Brain,11
211_180,Brain,11
211_181,Brain,11
211_182,Brain,11
211_183,Brain,11
211_184,Brain,11
211_185,Brain,11
211_186,Brain,17
211_187,Jaw and tooth,17
211_188,Jaw and tooth,17
211_189,Jaw and tooth,17
211_190,Jaw and tooth,9
211_191,Surface ectoderm,9
211_192,Surface ectoderm,9
211_193,Surface ectoderm,9
211_194,Surface ectoderm,9
211_195,Surface ectoderm,9
211_196,Surface ectoderm,9
211_197,Branchial arch,9
211_198,Branchial arch,9
211_199,Branchial arch,9
211_200,Branchial arch,9
211_201,Branchial arch,9
211_202,Branchial arch,9
211_203,Branchial arch,9
211_204,Branchial arch,9
211_205,Branchial arch,9
211_206,Branchial arch,9
211_207,Branchial arch,9
211_208,Branchial arch,9
211_209,Branchial arch,9
211_210,Branchial arch,9
211_211,Branchial arch,9
211_212,Branchial arch,9
211_213,Branchial arch,9
211_214,Branchial arch,9
211_215,Branchial arch,9
211_216,Branchial arch,9
211_217,Branchial arch,9
211_218,Branchial arch,9
211_219,Branchial arch,9
211_220,Surface ectoderm,9
211_221,Surface ectoderm,9
211_222,Surface ectoderm,9
211_223,Cavity,6
211_224,Surface ectoderm,6
211_225,Surface ectoderm,6
211_226,Surface ectoderm,2
211_227,Heart,2
211_228,Heart,2
211_229,Heart,2
211_230,Heart,2
211_231,Heart,6
211_232,Blood vessel,6
211_233,Blood vessel,6
211_234,Heart,6
211_235,Heart,6
211_236,Heart,6
211_237,Heart,6
211_238,Heart,6
211_239,Heart,2
211_240,Heart,2
211_241,Heart,2
211_242,Heart,2
211_243,Heart,2
211_244,Heart,2
211_245,Heart,2
211_246,Heart,2
211_247,Heart,2
211_248,Heart,2
211_249,Heart,2
211_250,Heart,2
211_251,Heart,2
211_252,Heart,2
211_253,Heart,2
211_254,Heart,2
211_255,Heart,2
211_256,Heart,2
211_257,Heart,2
211_258,Heart,2
211_259,Heart,2
211_260,Heart,2
211_261,Heart,2
211_262,Heart,2
211_263,Heart,2
211_264,Heart,2
211_265,Heart,2
211_266,Heart,2
211_267,Heart,2
211_268,Heart,2
211_269,Heart,2
211_270,Heart,2
211_271,Heart,6
211_272,Connective tissue,6
211_273,Connective tissue,6
211_274,Connective tissue,6
211_275,Connective tissue,6
211_276,Connective tissue,6
211_277,Connective tissue,6
211_278,Connective tissue,6
211_279,Urogenital ridge,6
211_280,Connective tissue,6
211_281,Urogenital ridge,6
211_282,Connective tissue,6
211_283,Connective tissue,6
211_284,Connective tissue,6
211_285,Blood vessel,6
211_286,Blood vessel,6
211_287,Dermomyotome,6
211_288,Dermomyotome,6
211_289,Dermomyotome,6
211_290,Dermomyotome,3
211_291,Sclerotome,3
211_292,Sclerotome,3
211_293,Sclerotome,3
211_294,Dermomyotome,3
211_295,Dermomyotome,15
211_296,Dermomyotome,15
211_297,Dermomyotome,15
211_298,Dermomyotome,15
211_299,Dermomyotome,3
211_300,Sclerotome,3
211_301,Sclerotome,3
211_302,Sclerotome,3
211_303,Sclerotome,3
211_304,Sclerotome,3
211_305,Sclerotome,3
211_306,Dermomyotome,3
211_307,Dermomyotome,15
211_308,Dermomyotome,15
211_309,Dermomyotome,15
211_310,Dermomyotome,15
211_311,Dermomyotome,15
211_312,Dermomyotome,15
211_313,Dermomyotome,15
211_314,Dermomyotome,15
211_315,Dermomyotome,15
211_316,Dermomyotome,15
211_317,Dermomyotome,15
211_318,Dermomyotome,15
211_319,Dermomyotome,15
211_320,Dermomyotome,1
211_321,Sclerotome,1
211_322,Sclerotome,1
211_323,Surface ectoderm,1
211_324,Surface ectoderm,1
211_325,Surface ectoderm,14
211_326,Surface ectoderm,14
211_327,Surface ectoderm,14
211_328,Cavity,14
211_96,Cavity,13
211_97,Meninges,13
211_98,Meninges,13
211_99,Meninges,13
212_100,Meninges,7
212_101,Meninges,7
212_102,Brain,7
212_103,Brain,7
212_104,Brain,7
212_105,Brain,7
212_106,Brain,7
212_107,Brain,7
212_108,Brain,7
212_109,Brain,7
212_110,Brain,7
212_111,Brain,7
212_112,Brain,7
212_113,Brain,7
212_114,Brain,7
212_115,Brain,7
212_116,Brain,7
212_117,Brain,7
212_118,Brain,7
212_119,Brain,7
212_120,Head mesenchyme,7
212_121,Head mesenchyme,7
212_122,Head mesenchyme,5
212_123,Head mesenchyme,5
212_124,Head mesenchyme,5
212_125,Head mesenchyme,5
212_126,Head mesenchyme,5
212_127,Head mesenchyme,5
212_128,Brain,7
212_129,Brain,7
212_130,Brain,7
212_131,Brain,7
212_132,Brain,7
212_133,Brain,7
212_134,Brain,7
212_135,Brain,7
212_136,Brain,7
212_137,Brain,11
212_138,Brain,11
212_139,Brain,11
212_140,Brain,11
212_141,Brain,11
212_142,Brain,11
212_143,Brain,11
212_144,Brain,11
212_145,Brain,11
212_146,Brain,11
212_147,Brain,11
212_148,Brain,11
212_149,Brain,11
212_150,Brain,11
212_151,Brain,11
212_152,Brain,11
212_153,Brain,11
212_154,Brain,11
212_155,Brain,11
212_156,Brain,11
212_157,Brain,11
212_158,Brain,11
212_159,Brain,11
212_160,Brain,11
212_161,Brain,11
212_162,Brain,11
212_163,Brain,11
212_164,Brain,11
212_165,Brain,11
212_166,Brain,11
212_167,Brain,11
212_168,Brain,11
212_169,Brain,11
212_170,Brain,11
212_171,Brain,11
212_172,Brain,11
212_173,Brain,11
212_174,Brain,11
212_175,Brain,11
212_176,Brain,11
212_177,Brain,11
212_178,Brain,11
212_179,Brain,11
212_180,Brain,11
212_181,Brain,11
212_182,Brain,11
212_183,Brain,11
212_184,Brain,11
212_185,Brain,11
212_186,Brain,11
212_187,Brain,11
212_188,Jaw and tooth,17
212_189,Jaw and tooth,17
212_190,Jaw and tooth,17
212_191,Jaw and tooth,9
212_192,Jaw and tooth,9
212_193,Surface ectoderm,9
212_194,Surface ectoderm,9
212_195,Surface ectoderm,9
212_196,Surface ectoderm,9
212_197,Surface ectoderm,9
212_198,Branchial arch,9
212_199,Branchial arch,9
212_200,Branchial arch,9
212_201,Branchial arch,9
212_202,Branchial arch,9
212_203,Branchial arch,9
212_204,Branchial arch,9
212_205,Branchial arch,9
212_206,Branchial arch,9
212_207,Branchial arch,9
212_208,Branchial arch,9
212_209,Branchial arch,9
212_210,Branchial arch,9
212_211,Branchial arch,9
212_212,Branchial arch,9
212_213,Branchial arch,9
212_214,Branchial arch,9
212_215,Branchial arch,9
212_216,Branchial arch,9
212_217,Branchial arch,9
212_218,Branchial arch,9
212_219,Surface ectoderm,9
212_220,Surface ectoderm,9
212_221,Surface ectoderm,9
212_222,Surface ectoderm,9
212_223,Cavity,6
212_224,Surface ectoderm,6
212_225,Surface ectoderm,6
212_226,Surface ectoderm,2
212_227,Heart,2
212_228,Heart,2
212_229,Heart,2
212_230,Heart,2
212_231,Blood vessel,6
212_232,Blood vessel,6
212_233,Blood vessel,6
212_234,Heart,6
212_235,Heart,6
212_236,Heart,6
212_237,Heart,6
212_238,Heart,6
212_239,Heart,2
212_240,Heart,2
212_241,Heart,2
212_242,Heart,2
212_243,Heart,2
212_244,Heart,2
212_245,Heart,2
212_246,Heart,2
212_247,Heart,2
212_248,Heart,2
212_249,Heart,2
212_250,Heart,2
212_251,Heart,2
212_252,Heart,2
212_253,Heart,2
212_254,Heart,2
212_255,Heart,2
212_256,Heart,2
212_257,Heart,2
212_258,Heart,2
212_259,Heart,2
212_260,Heart,2
212_261,Heart,2
212_262,Heart,2
212_263,Heart,2
212_264,Heart,2
212_265,Heart,2
212_266,Heart,2
212_267,Heart,2
212_268,Heart,2
212_269,Heart,2
212_270,Heart,2
212_271,Connective tissue,6
212_272,Connective tissue,6
212_273,Connective tissue,6
212_274,Connective tissue,6
212_275,Connective tissue,6
212_276,Connective tissue,6
212_277,Connective tissue,6
212_278,Connective tissue,6
212_279,Urogenital ridge,6
212_280,Urogenital ridge,6
212_281,Connective tissue,6
212_282,Connective tissue,6
212_283,Connective tissue,6
212_284,Connective tissue,6
212_285,Connective tissue,6
212_286,Connective tissue,6
212_287,Connective tissue,6
212_288,Dermomyotome,6
212_289,Dermomyotome,6
212_290,Sclerotome,6
212_291,Sclerotome,3
212_292,Sclerotome,3
212_293,Dermomyotome,3
212_294,Dermomyotome,3
212_295,Dermomyotome,3
212_296,Dermomyotome,15
212_297,Dermomyotome,15
212_298,Dermomyotome,3
212_299,Urogenital ridge,3
212_300,Sclerotome,3
212_301,Urogenital ridge,3
212_302,Sclerotome,3
212_303,Sclerotome,3
212_304,Sclerotome,3
212_305,Dermomyotome,3
212_306,Dermomyotome,15
212_307,Dermomyotome,15
212_308,Dermomyotome,15
212_309,Dermomyotome,15
212_310,Dermomyotome,15
212_311,Dermomyotome,15
212_312,Dermomyotome,15
212_313,Dermomyotome,15
212_314,Dermomyotome,15
212_315,Dermomyotome,15
212_316,Dermomyotome,15
212_317,Dermomyotome,3
212_318,Dermomyotome,3
212_319,Dermomyotome,1
212_320,Sclerotome,1
212_321,Sclerotome,1
212_322,Sclerotome,1
212_323,Sclerotome,1
212_324,Surface ectoderm,1
212_325,Surface ectoderm,14
212_326,Surface ectoderm,14
212_327,Surface ectoderm,14
212_328,Surface ectoderm,14
212_96,Cavity,13
212_97,Meninges,13
212_98,Meninges,13
212_99,Meninges,13
213_100,Meninges,7
213_101,Meninges,7
213_102,Brain,7
213_103,Brain,7
213_104,Brain,7
213_105,Brain,7
213_106,Brain,7
213_107,Brain,7
213_108,Brain,7
213_109,Brain,7
213_110,Brain,7
213_111,Brain,7
213_112,Brain,7
213_113,Brain,7
213_114,Brain,7
213_115,Brain,7
213_116,Brain,7
213_117,Brain,7
213_118,Brain,7
213_119,Brain,7
213_120,Brain,7
213_121,Brain,7
213_122,Brain,7
213_123,Brain,7
213_124,Brain,5
213_125,Brain,5
213_126,Brain,5
213_127,Brain,7
213_128,Brain,7
213_129,Brain,7
213_130,Brain,7
213_131,Brain,7
213_132,Brain,7
213_133,Brain,7
213_134,Brain,7
213_135,Brain,7
213_136,Brain,7
213_137,Brain,11
213_138,Brain,11
213_139,Brain,11
213_140,Brain,11
213_141,Brain,11
213_142,Brain,11
213_143,Brain,11
213_144,Brain,11
213_145,Brain,11
213_146,Brain,11
213_147,Brain,11
213_148,Brain,11
213_149,Brain,11
213_150,Brain,11
213_151,Brain,11
213_152,Brain,11
213_153,Brain,11
213_154,Brain,11
213_155,Brain,11
213_156,Brain,11
213_157,Brain,11
213_158,Brain,11
213_159,Brain,11
213_160,Brain,11
213_161,Brain,11
213_162,Brain,11
213_163,Brain,11
213_164,Brain,11
213_165,Brain,11
213_166,Brain,11
213_167,Brain,11
213_168,Brain,11
213_169,Brain,11
213_170,Brain,11
213_171,Brain,11
213_172,Brain,11
213_173,Brain,11
213_174,Brain,11
213_175,Brain,11
213_176,Brain,11
213_177,Brain,11
213_178,Brain,11
213_179,Brain,11
213_180,Brain,11
213_181,Brain,11
213_182,Brain,11
213_183,Brain,11
213_184,Brain,11
213_185,Brain,11
213_186,Brain,11
213_187,Brain,11
213_188,Brain,11
213_189,Jaw and tooth,17
213_190,Jaw and tooth,17
213_191,Jaw and tooth,17
213_192,Jaw and tooth,9
213_193,Surface ectoderm,9
213_194,Surface ectoderm,9
213_195,Surface ectoderm,9
213_196,Surface ectoderm,9
213_197,Surface ectoderm,9
213_198,Branchial arch,9
213_199,Branchial arch,9
213_200,Branchial arch,9
213_201,Branchial arch,9
213_202,Branchial arch,9
213_203,Branchial arch,9
213_204,Branchial arch,9
213_205,Branchial arch,9
213_206,Branchial arch,9
213_207,Branchial arch,9
213_208,Branchial arch,9
213_209,Branchial arch,9
213_210,Branchial arch,9
213_211,Branchial arch,9
213_212,Branchial arch,9
213_213,Branchial arch,9
213_214,Branchial arch,9
213_215,Branchial arch,9
213_216,Branchial arch,9
213_217,Branchial arch,9
213_218,Branchial arch,9
213_219,Surface ectoderm,9
213_220,Surface ectoderm,9
213_221,Surface ectoderm,9
213_222,Cavity,9
213_223,Cavity,6
213_224,Surface ectoderm,6
213_225,Surface ectoderm,6
213_226,Surface ectoderm,2
213_227,Heart,2
213_228,Heart,2
213_229,Heart,2
213_230,Heart,6
213_231,Blood vessel,6
213_232,Cavity,6
213_233,Blood vessel,6
213_234,Heart,6
213_235,Heart,6
213_236,Heart,6
213_237,Heart,6
213_238,Heart,2
213_239,Heart,2
213_240,Heart,2
213_241,Heart,2
213_242,Heart,2
213_243,Heart,2
213_244,Heart,2
213_245,Heart,2
213_246,Heart,2
213_247,Heart,2
213_248,Heart,2
213_249,Heart,2
213_250,Heart,2
213_251,Heart,2
213_252,Heart,2
213_253,Heart,2
213_254,Heart,6
213_255,Heart,2
213_256,Heart,2
213_257,Heart,2
213_258,Heart,2
213_259,Heart,2
213_260,Heart,2
213_261,Heart,2
213_262,Heart,2
213_263,Heart,2
213_264,Heart,2
213_265,Heart,2
213_266,Heart,2
213_267,Heart,2
213_268,Heart,2
213_269,Heart,2
213_270,Heart,2
213_271,Urogenital ridge,6
213_272,Urogenital ridge,6
213_273,Dermomyotome,6
213_274,Connective tissue,6
213_275,Lung primordium,6
213_276,Connective tissue,6
213_277,Connective tissue,6
213_278,Urogenital ridge,6
213_279,Urogenital ridge,6
213_280,Urogenital ridge,6
213_281,Urogenital ridge,6
213_282,Urogenital ridge,6
213_283,Connective tissue,6
213_284,Connective tissue,6
213_285,Connective tissue,6
213_286,Connective tissue,6
213_287,Connective tissue,6
213_288,Connective tissue,6
213_289,Sclerotome,6
213_290,Sclerotome,6
213_291,Dermomyotome,6
213_292,Dermomyotome,3
213_293,Dermomyotome,3
213_294,Dermomyotome,3
213_295,Dermomyotome,6
213_296,Dermomyotome,3
213_297,Dermomyotome,3
213_298,Connective tissue,3
213_299,Sclerotome,3
213_300,Sclerotome,3
213_301,Sclerotome,3
213_302,Sclerotome,3
213_303,Dermomyotome,3
213_304,Dermomyotome,15
213_305,Dermomyotome,15
213_306,Dermomyotome,15
213_307,Dermomyotome,15
213_308,Dermomyotome,15
213_309,Dermomyotome,15
213_310,Dermomyotome,15
213_311,Dermomyotome,15
213_312,Dermomyotome,15
213_313,Dermomyotome,3
213_314,Sclerotome,3
213_315,Sclerotome,3
213_316,Sclerotome,3
213_317,Sclerotome,3
213_318,Sclerotome,3
213_319,Dermomyotome,1
213_320,Sclerotome,1
213_321,Sclerotome,1
213_322,Sclerotome,1
213_323,Sclerotome,1
213_324,Sclerotome,1
213_325,Surface ectoderm,1
213_326,Surface ectoderm,14
213_327,Surface ectoderm,14
213_328,Surface ectoderm,14
213_329,Cavity,14
213_96,Cavity,13
213_97,Meninges,13
213_98,Meninges,13
213_99,Meninges,13
214_100,Meninges,7
214_101,Meninges,7
214_102,Brain,7
214_103,Brain,7
214_104,Brain,7
214_105,Brain,7
214_106,Brain,7
214_107,Brain,7
214_108,Brain,7
214_109,Brain,7
214_110,Brain,7
214_111,Brain,7
214_112,Brain,7
214_113,Brain,7
214_114,Brain,7
214_115,Brain,7
214_116,Brain,7
214_117,Brain,7
214_118,Brain,7
214_119,Brain,7
214_120,Brain,7
214_121,Brain,7
214_122,Brain,7
214_123,Brain,7
214_124,Brain,7
214_125,Brain,7
214_126,Brain,7
214_127,Brain,7
214_128,Brain,7
214_129,Brain,7
214_130,Brain,7
214_131,Brain,7
214_132,Brain,7
214_133,Brain,7
214_134,Brain,7
214_135,Brain,7
214_136,Brain,7
214_137,Brain,11
214_138,Brain,11
214_139,Brain,11
214_140,Brain,11
214_141,Brain,11
214_142,Brain,11
214_143,Brain,11
214_144,Brain,11
214_145,Brain,11
214_146,Brain,11
214_147,Brain,11
214_148,Brain,11
214_149,Brain,11
214_150,Brain,11
214_151,Brain,11
214_152,Brain,11
214_153,Brain,11
214_154,Brain,11
214_155,Brain,11
214_156,Brain,11
214_157,Brain,11
214_158,Brain,11
214_159,Brain,11
214_160,Brain,11
214_161,Brain,11
214_162,Brain,11
214_163,Brain,11
214_164,Brain,11
214_165,Brain,11
214_166,Brain,11
214_167,Brain,11
214_168,Brain,11
214_169,Brain,11
214_170,Brain,11
214_171,Brain,11
214_172,Brain,11
214_173,Brain,11
214_174,Brain,11
214_175,Brain,11
214_176,Brain,11
214_177,Brain,11
214_178,Brain,11
214_179,Brain,11
214_180,Brain,11
214_181,Brain,11
214_182,Brain,11
214_183,Brain,11
214_184,Brain,11
214_185,Brain,11
214_186,Brain,11
214_187,Brain,11
214_188,Brain,11
214_189,Jaw and tooth,11
214_190,Jaw and tooth,17
214_191,Jaw and tooth,17
214_192,Jaw and tooth,17
214_193,Surface ectoderm,17
214_194,Surface ectoderm,9
214_195,Surface ectoderm,9
214_196,Surface ectoderm,9
214_197,Surface ectoderm,9
214_198,Branchial arch,9
214_199,Branchial arch,9
214_200,Branchial arch,9
214_201,Branchial arch,9
214_202,Branchial arch,9
214_203,Branchial arch,9
214_204,Branchial arch,9
214_205,Branchial arch,9
214_206,Branchial arch,9
214_207,Branchial arch,9
214_208,Branchial arch,9
214_209,Branchial arch,9
214_210,Branchial arch,9
214_211,Branchial arch,9
214_212,Branchial arch,9
214_213,Branchial arch,9
214_214,Branchial arch,9
214_215,Branchial arch,9
214_216,Branchial arch,9
214_217,Branchial arch,9
214_218,Branchial arch,9
214_219,Surface ectoderm,9
214_220,Surface ectoderm,9
214_221,Surface ectoderm,9
214_223,Cavity,6
214_224,Surface ectoderm,6
214_225,Surface ectoderm,6
214_226,Heart,2
214_227,Heart,2
214_228,Heart,2
214_229,Heart,2
214_230,Heart,6
214_231,Blood vessel,6
214_232,Blood vessel,6
214_233,Heart,6
214_234,Heart,6
214_235,Heart,6
214_236,Heart,6
214_237,Heart,6
214_238,Heart,2
214_239,Heart,2
214_240,Heart,2
214_241,Heart,2
214_242,Heart,2
214_243,Heart,2
214_244,Heart,2
214_245,Heart,2
214_246,Heart,2
214_247,Heart,2
214_248,Heart,2
214_249,Heart,2
214_250,Heart,2
214_251,Heart,2
214_252,Heart,2
214_253,Heart,2
214_254,Heart,6
214_255,Heart,6
214_256,Heart,2
214_257,Heart,2
214_258,Heart,2
214_259,Heart,2
214_260,Heart,2
214_261,Heart,2
214_262,Heart,2
214_263,Heart,2
214_264,Heart,2
214_265,Heart,2
214_266,Heart,2
214_267,Heart,2
214_268,Heart,2
214_269,Heart,2
214_270,Liver,6
214_271,Dermomyotome,6
214_272,Dermomyotome,6
214_273,Dermomyotome,6
214_274,Lung primordium,6
214_275,Connective tissue,6
214_276,Dermomyotome,6
214_277,Urogenital ridge,6
214_278,Urogenital ridge,6
214_279,Urogenital ridge,6
214_280,Urogenital ridge,6
214_281,Urogenital ridge,6
214_282,Urogenital ridge,6
214_283,Urogenital ridge,6
214_284,Urogenital ridge,6
214_285,Connective tissue,6
214_286,Connective tissue,6
214_287,Connective tissue,6
214_288,Connective tissue,6
214_289,Connective tissue,6
214_290,Connective tissue,6
214_291,Connective tissue,6
214_292,Connective tissue,6
214_293,Dermomyotome,6
214_294,Dermomyotome,6
214_295,Dermomyotome,6
214_296,Urogenital ridge,3
214_297,Urogenital ridge,3
214_298,Urogenital ridge,3
214_299,Sclerotome,3
214_300,Sclerotome,3
214_301,Sclerotome,3
214_302,Dermomyotome,3
214_303,Dermomyotome,3
214_304,Dermomyotome,15
214_305,Dermomyotome,15
214_306,Dermomyotome,15
214_307,Dermomyotome,15
214_308,Dermomyotome,15
214_309,Dermomyotome,15
214_310,Dermomyotome,15
214_311,Dermomyotome,15
214_312,Dermomyotome,3
214_313,Sclerotome,3
214_314,Sclerotome,3
214_315,Sclerotome,3
214_316,Sclerotome,3
214_317,Sclerotome,3
214_318,Sclerotome,3
214_319,Dermomyotome,1
214_320,Dermomyotome,1
214_321,Sclerotome,1
214_322,Sclerotome,1
214_323,Sclerotome,1
214_324,Sclerotome,1
214_325,Surface ectoderm,1
214_326,Surface ectoderm,1
214_327,Surface ectoderm,14
214_328,Surface ectoderm,14
214_329,Surface ectoderm,14
214_330,Cavity,14
214_96,Cavity,13
214_97,Meninges,13
214_98,Meninges,13
214_99,Meninges,13
215_100,Meninges,7
215_101,Meninges,7
215_102,Brain,7
215_103,Brain,7
215_104,Brain,7
215_105,Brain,7
215_106,Brain,7
215_107,Brain,7
215_108,Brain,7
215_109,Brain,7
215_110,Brain,7
215_111,Brain,7
215_112,Brain,7
215_113,Brain,7
215_114,Brain,7
215_115,Brain,7
215_116,Brain,7
215_117,Brain,7
215_118,Brain,7
215_119,Brain,7
215_120,Brain,7
215_121,Brain,7
215_122,Brain,7
215_123,Brain,7
215_124,Brain,7
215_125,Brain,7
215_126,Brain,7
215_127,Brain,7
215_128,Brain,7
215_129,Brain,7
215_130,Brain,7
215_131,Brain,7
215_132,Brain,7
215_133,Brain,7
215_134,Brain,7
215_135,Brain,7
215_136,Brain,11
215_137,Brain,11
215_138,Brain,11
215_139,Brain,11
215_140,Brain,11
215_141,Brain,11
215_142,Brain,11
215_143,Brain,11
215_144,Brain,11
215_145,Brain,11
215_146,Brain,11
215_147,Brain,11
215_148,Brain,11
215_149,Brain,11
215_150,Brain,11
215_151,Brain,11
215_152,Brain,11
215_153,Brain,11
215_154,Brain,11
215_155,Brain,11
215_156,Brain,11
215_157,Brain,11
215_158,Brain,11
215_159,Brain,11
215_160,Brain,11
215_161,Brain,11
215_162,Brain,11
215_163,Brain,11
215_164,Brain,11
215_165,Brain,11
215_166,Brain,11
215_167,Brain,11
215_168,Brain,11
215_169,Brain,11
215_170,Brain,11
215_171,Brain,11
215_172,Brain,11
215_173,Brain,11
215_174,Brain,11
215_175,Cavity,11
215_176,Brain,11
215_177,Brain,11
215_178,Brain,13
215_179,Brain,13
215_180,Brain,11
215_181,Brain,11
215_182,Brain,11
215_183,Brain,11
215_184,Brain,11
215_185,Brain,11
215_186,Brain,11
215_187,Brain,11
215_188,Brain,11
215_189,Brain,17
215_190,Jaw and tooth,17
215_191,Jaw and tooth,17
215_192,Jaw and tooth,17
215_193,Surface ectoderm,17
215_194,Surface ectoderm,17
215_195,Surface ectoderm,17
215_196,Surface ectoderm,9
215_197,Surface ectoderm,9
215_198,Surface ectoderm,9
215_199,Branchial arch,9
215_200,Branchial arch,9
215_201,Branchial arch,9
215_202,Branchial arch,9
215_203,Branchial arch,9
215_204,Branchial arch,9
215_205,Branchial arch,9
215_206,Branchial arch,9
215_207,Branchial arch,9
215_208,Branchial arch,9
215_209,Branchial arch,9
215_210,Branchial arch,9
215_211,Branchial arch,9
215_212,Branchial arch,9
215_213,Branchial arch,9
215_214,Branchial arch,9
215_215,Branchial arch,9
215_216,Branchial arch,9
215_217,Branchial arch,9
215_218,Surface ectoderm,9
215_219,Surface ectoderm,9
215_220,Surface ectoderm,9
215_221,Cavity,9
215_223,Cavity,6
215_224,Surface ectoderm,6
215_225,Surface ectoderm,6
215_226,Heart,2
215_227,Heart,2
215_228,Heart,2
215_229,Heart,2
215_230,Heart,6
215_231,Blood vessel,6
215_232,Blood vessel,6
215_233,Heart,6
215_234,Heart,6
215_235,Heart,6
215_236,Heart,6
215_237,Heart,2
215_238,Heart,2
215_239,Heart,2
215_240,Heart,2
215_241,Heart,2
215_242,Heart,2
215_243,Heart,2
215_244,Heart,2
215_245,Heart,2
215_246,Heart,2
215_247,Heart,2
215_248,Heart,2
215_249,Heart,2
215_250,Blood vessel,2
215_251,Connective tissue,2
215_252,Heart,2
215_253,Heart,6
215_254,Heart,6
215_255,Heart,6
215_256,Heart,2
215_257,Heart,2
215_258,Heart,2
215_259,Heart,2
215_260,Heart,2
215_261,Heart,2
215_262,Heart,2
215_263,Heart,2
215_264,Heart,2
215_265,Heart,2
215_266,Heart,2
215_267,Heart,2
215_268,Heart,2
215_269,Heart,2
215_270,Connective tissue,6
215_271,Dermomyotome,6
215_272,Dermomyotome,6
215_273,Dermomyotome,6
215_274,Dermomyotome,6
215_275,Dermomyotome,6
215_276,Dermomyotome,6
215_277,Dermomyotome,6
215_278,Dermomyotome,6
215_279,Urogenital ridge,6
215_280,Urogenital ridge,6
215_281,Urogenital ridge,6
215_282,Urogenital ridge,6
215_283,Urogenital ridge,6
215_284,Urogenital ridge,6
215_285,Urogenital ridge,6
215_286,Urogenital ridge,6
215_287,Connective tissue,6
215_288,Connective tissue,6
215_289,Connective tissue,6
215_290,Connective tissue,6
215_291,Connective tissue,6
215_292,Connective tissue,6
215_293,Urogenital ridge,6
215_294,Dermomyotome,6
215_295,Urogenital ridge,6
215_296,Urogenital ridge,6
215_297,Urogenital ridge,3
215_298,Sclerotome,3
215_299,Sclerotome,3
215_300,Sclerotome,3
215_301,Urogenital ridge,3
215_302,Dermomyotome,15
215_303,Dermomyotome,15
215_304,Dermomyotome,15
215_305,Dermomyotome,15
215_306,Dermomyotome,15
215_307,Dermomyotome,15
215_308,Dermomyotome,15
215_309,Dermomyotome,15
215_310,Sclerotome,15
215_311,Sclerotome,15
215_312,Sclerotome,3
215_313,Sclerotome,3
215_314,Sclerotome,3
215_315,Sclerotome,3
215_316,Sclerotome,3
215_317,Dermomyotome,3
215_318,Dermomyotome,3
215_319,Dermomyotome,1
215_320,Dermomyotome,1
215_321,Dermomyotome,1
215_322,Sclerotome,1
215_323,Sclerotome,1
215_324,Sclerotome,1
215_325,Surface ectoderm,1
215_326,Surface ectoderm,1
215_327,Surface ectoderm,14
215_328,Surface ectoderm,14
215_329,Surface ectoderm,14
215_330,Cavity,14
215_96,Cavity,13
215_97,Meninges,13
215_98,Meninges,13
215_99,Meninges,13
216_100,Meninges,7
216_101,Meninges,7
216_102,Brain,7
216_103,Brain,7
216_104,Brain,7
216_105,Brain,7
216_106,Brain,7
216_107,Brain,7
216_108,Brain,7
216_109,Brain,7
216_110,Brain,7
216_111,Brain,7
216_112,Brain,7
216_113,Brain,7
216_114,Brain,7
216_115,Brain,7
216_116,Brain,7
216_117,Brain,7
216_118,Brain,7
216_119,Brain,7
216_120,Brain,7
216_121,Brain,7
216_122,Brain,7
216_123,Brain,7
216_124,Brain,7
216_125,Brain,7
216_126,Brain,7
216_127,Brain,7
216_128,Brain,7
216_129,Brain,7
216_130,Brain,7
216_131,Brain,7
216_132,Brain,7
216_133,Brain,7
216_134,Brain,7
216_135,Brain,11
216_136,Brain,11
216_137,Brain,11
216_138,Brain,11
216_139,Brain,11
216_140,Brain,11
216_141,Brain,11
216_142,Brain,11
216_143,Brain,11
216_144,Brain,11
216_145,Brain,11
216_146,Brain,11
216_147,Brain,11
216_148,Brain,11
216_149,Brain,11
216_150,Brain,11
216_151,Brain,11
216_152,Brain,11
216_153,Brain,11
216_154,Brain,11
216_155,Brain,11
216_156,Brain,11
216_157,Brain,11
216_158,Brain,11
216_159,Brain,11
216_160,Brain,11
216_161,Brain,11
216_162,Brain,11
216_163,Brain,11
216_164,Brain,11
216_165,Brain,11
216_166,Brain,11
216_167,Brain,11
216_168,Brain,11
216_169,Brain,11
216_170,Brain,11
216_171,Brain,11
216_172,Brain,11
216_173,Brain,11
216_174,Brain,11
216_175,Cavity,11
216_176,Cavity,11
216_177,Cavity,13
216_178,Cavity,13
216_179,Cavity,13
216_180,Cavity,13
216_181,Brain,13
216_182,Brain,13
216_183,Brain,11
216_184,Brain,11
216_185,Brain,11
216_186,Brain,11
216_187,Brain,11
216_188,Brain,13
216_189,Brain,17
216_190,Jaw and tooth,17
216_191,Jaw and tooth,17
216_192,Jaw and tooth,17
216_193,Jaw and tooth,17
216_194,Surface ectoderm,17
216_195,Surface ectoderm,17
216_196,Surface ectoderm,9
216_197,Surface ectoderm,9
216_198,Surface ectoderm,9
216_199,Surface ectoderm,9
216_200,Branchial arch,9
216_201,Branchial arch,9
216_202,Branchial arch,9
216_203,Branchial arch,9
216_204,Branchial arch,9
216_205,Branchial arch,9
216_206,Branchial arch,9
216_207,Branchial arch,9
216_208,Branchial arch,9
216_209,Branchial arch,9
216_210,Branchial arch,9
216_211,Branchial arch,9
216_212,Branchial arch,9
216_213,Branchial arch,9
216_214,Branchial arch,9
216_215,Branchial arch,9
216_216,Branchial arch,9
216_217,Surface ectoderm,9
216_218,Surface ectoderm,9
216_219,Surface ectoderm,9
216_220,Surface ectoderm,9
216_223,Heart,6
216_224,Surface ectoderm,6
216_225,Heart,6
216_226,Heart,2
216_227,Heart,2
216_228,Heart,2
216_229,Heart,2
216_230,Heart,6
216_231,Blood vessel,6
216_232,Blood vessel,6
216_233,Heart,6
216_234,Heart,6
216_235,Heart,6
216_236,Heart,6
216_237,Heart,2
216_238,Heart,2
216_239,Heart,2
216_240,Heart,2
216_241,Heart,2
216_242,Heart,2
216_243,Heart,2
216_244,Heart,2
216_245,Heart,2
216_246,Heart,2
216_247,Heart,2
216_248,Heart,2
216_249,Heart,2
216_250,Blood vessel,2
216_251,Blood vessel,8
216_252,Heart,2
216_253,Heart,2
216_254,Heart,6
216_255,Heart,2
216_256,Heart,2
216_257,Heart,2
216_258,Heart,2
216_259,Heart,2
216_260,Heart,2
216_261,Heart,2
216_262,Heart,2
216_263,Heart,2
216_264,Heart,2
216_265,Heart,2
216_266,Heart,2
216_267,Heart,2
216_268,Heart,2
216_269,Liver,2
216_270,Dermomyotome,6
216_271,Dermomyotome,6
216_272,Dermomyotome,6
216_273,Dermomyotome,6
216_274,Dermomyotome,6
216_275,Dermomyotome,6
216_276,Dermomyotome,6
216_277,Dermomyotome,6
216_278,Dermomyotome,6
216_279,Lung primordium,6
216_280,Urogenital ridge,6
216_281,Urogenital ridge,6
216_282,Urogenital ridge,6
216_283,Urogenital ridge,6
216_284,Urogenital ridge,6
216_285,GI tract,6
216_286,GI tract,6
216_287,Urogenital ridge,6
216_288,Connective tissue,6
216_289,Connective tissue,6
216_290,Urogenital ridge,6
216_291,Connective tissue,6
216_292,Connective tissue,6
216_293,Urogenital ridge,6
216_294,Urogenital ridge,6
216_295,Urogenital ridge,6
216_296,Urogenital ridge,6
216_297,Urogenital ridge,6
216_298,Urogenital ridge,3
216_299,Urogenital ridge,3
216_300,Dermomyotome,3
216_301,Urogenital ridge,15
216_302,Dermomyotome,15
216_303,Dermomyotome,15
216_304,Dermomyotome,15
216_305,Dermomyotome,15
216_306,Sclerotome,15
216_307,Sclerotome,3
216_308,Sclerotome,3
216_309,Sclerotome,3
216_310,Sclerotome,15
216_311,Sclerotome,15
216_312,Sclerotome,3
216_313,Sclerotome,3
216_314,Sclerotome,15
216_315,Sclerotome,15
216_316,Dermomyotome,15
216_317,Dermomyotome,15
216_318,Dermomyotome,15
216_319,Dermomyotome,15
216_320,Dermomyotome,15
216_321,Dermomyotome,1
216_322,Dermomyotome,1
216_323,Dermomyotome,1
216_324,Dermomyotome,1
216_325,Surface ectoderm,1
216_326,Surface ectoderm,1
216_327,Surface ectoderm,14
216_328,Surface ectoderm,14
216_329,Surface ectoderm,14
216_330,Surface ectoderm,14
216_331,Cavity,14
216_97,Meninges,13
216_98,Meninges,13
216_99,Meninges,13
217_100,Meninges,13
217_101,Meninges,7
217_102,Brain,7
217_103,Brain,7
217_104,Brain,7
217_105,Brain,7
217_106,Brain,7
217_107,Brain,7
217_108,Brain,7
217_109,Brain,7
217_110,Brain,7
217_111,Brain,7
217_112,Brain,7
217_113,Brain,7
217_114,Brain,7
217_115,Brain,7
217_116,Brain,7
217_117,Brain,7
217_118,Brain,7
217_119,Brain,7
217_120,Brain,7
217_121,Brain,7
217_122,Brain,7
217_123,Brain,7
217_124,Brain,7
217_125,Brain,7
217_126,Brain,7
217_127,Brain,7
217_128,Brain,7
217_129,Brain,7
217_130,Brain,7
217_131,Brain,7
217_132,Brain,7
217_133,Brain,7
217_134,Brain,7
217_135,Brain,11
217_136,Brain,11
217_137,Brain,11
217_138,Brain,11
217_139,Brain,11
217_140,Brain,11
217_141,Brain,11
217_142,Brain,11
217_143,Brain,11
217_144,Brain,11
217_145,Brain,11
217_146,Brain,11
217_147,Brain,11
217_148,Brain,11
217_149,Brain,11
217_150,Brain,11
217_151,Brain,11
217_152,Brain,11
217_153,Brain,11
217_154,Brain,11
217_155,Brain,11
217_156,Brain,11
217_157,Brain,11
217_158,Brain,11
217_159,Brain,11
217_160,Brain,11
217_161,Brain,11
217_162,Brain,11
217_163,Brain,11
217_164,Brain,11
217_165,Brain,11
217_166,Brain,11
217_167,Brain,11
217_168,Brain,11
217_169,Brain,11
217_170,Brain,11
217_171,Brain,11
217_172,Brain,11
217_173,Brain,11
217_174,Brain,11
217_175,Cavity,11
217_176,Cavity,13
217_177,Cavity,13
217_178,Cavity,13
217_179,Cavity,13
217_180,Cavity,13
217_181,Cavity,13
217_182,Cavity,13
217_183,Cavity,13
217_184,Brain,13
217_185,Brain,13
217_186,Brain,13
217_187,Brain,13
217_188,Brain,13
217_189,Brain,13
217_190,Brain,13
217_191,Jaw and tooth,17
217_192,Jaw and tooth,17
217_193,Jaw and tooth,17
217_194,Jaw and tooth,17
217_195,Surface ectoderm,17
217_196,Surface ectoderm,9
217_197,Surface ectoderm,9
217_198,Surface ectoderm,9
217_199,Surface ectoderm,9
217_200,GI tract,9
217_201,Branchial arch,9
217_202,Branchial arch,9
217_203,Branchial arch,9
217_204,Branchial arch,9
217_205,Branchial arch,9
217_206,Branchial arch,9
217_207,Branchial arch,9
217_208,Branchial arch,9
217_209,Branchial arch,9
217_210,Branchial arch,9
217_211,Branchial arch,9
217_212,Branchial arch,9
217_213,Branchial arch,9
217_214,Branchial arch,9
217_215,Branchial arch,9
217_216,Surface ectoderm,9
217_217,Surface ectoderm,9
217_218,Surface ectoderm,9
217_219,Surface ectoderm,9
217_220,Surface ectoderm,9
217_223,Cavity,6
217_224,Surface ectoderm,6
217_225,Heart,6
217_226,Heart,2
217_227,Heart,2
217_228,Heart,2
217_229,Heart,2
217_230,Heart,2
217_231,Heart,6
217_232,Heart,6
217_233,Heart,6
217_234,Heart,6
217_235,Heart,6
217_236,Heart,6
217_237,Heart,2
217_238,Heart,2
217_239,Heart,2
217_240,Heart,2
217_241,Heart,2
217_242,Heart,2
217_243,Heart,2
217_244,Heart,2
217_245,Heart,2
217_246,Heart,2
217_247,Heart,2
217_248,Heart,2
217_249,Cavity,2
217_250,Cavity,8
217_251,Blood vessel,8
217_252,Heart,2
217_253,Heart,2
217_254,Heart,2
217_255,Heart,2
217_256,Heart,2
217_257,Heart,2
217_258,Heart,2
217_259,Heart,2
217_260,Heart,2
217_261,Heart,2
217_262,Heart,2
217_263,Heart,2
217_264,Heart,2
217_265,Heart,2
217_266,Heart,2
217_267,Heart,2
217_268,Heart,2
217_269,Liver,6
217_270,Dermomyotome,6
217_271,Dermomyotome,6
217_272,Dermomyotome,6
217_273,Dermomyotome,4
217_274,Dermomyotome,6
217_275,Dermomyotome,6
217_276,Dermomyotome,6
217_277,Dermomyotome,6
217_278,Dermomyotome,6
217_279,Liver,6
217_280,Urogenital ridge,6
217_281,Urogenital ridge,6
217_282,Urogenital ridge,6
217_283,Liver,6
217_284,Urogenital ridge,6
217_285,GI tract,6
217_286,Connective tissue,6
217_287,Urogenital ridge,6
217_288,Urogenital ridge,6
217_289,Urogenital ridge,6
217_290,Urogenital ridge,6
217_291,Urogenital ridge,6
217_292,Urogenital ridge,6
217_293,Urogenital ridge,6
217_294,Urogenital ridge,6
217_295,Urogenital ridge,6
217_296,Urogenital ridge,6
217_297,Urogenital ridge,6
217_298,Urogenital ridge,6
217_299,Urogenital ridge,3
217_300,Urogenital ridge,3
217_301,Dermomyotome,15
217_302,Dermomyotome,15
217_303,Dermomyotome,15
217_304,Dermomyotome,15
217_305,Sclerotome,3
217_306,Sclerotome,3
217_307,Sclerotome,3
217_308,Sclerotome,3
217_309,Sclerotome,3
217_310,Sclerotome,15
217_311,Sclerotome,15
217_312,Sclerotome,15
217_313,Dermomyotome,15
217_314,Dermomyotome,15
217_315,Dermomyotome,15
217_316,Dermomyotome,15
217_317,Dermomyotome,15
217_318,Dermomyotome,15
217_319,Dermomyotome,15
217_320,Dermomyotome,15
217_321,Dermomyotome,1
217_322,Dermomyotome,1
217_323,Dermomyotome,1
217_324,Dermomyotome,1
217_325,Dermomyotome,1
217_326,Surface ectoderm,1
217_327,Surface ectoderm,14
217_328,Surface ectoderm,14
217_329,Surface ectoderm,14
217_330,Surface ectoderm,14
217_331,Cavity,14
217_97,Meninges,13
217_98,Meninges,13
217_99,Meninges,13
218_100,Meninges,13
218_101,Meninges,13
218_102,Meninges,7
218_103,Brain,7
218_104,Brain,7
218_105,Brain,7
218_106,Brain,7
218_107,Brain,7
218_108,Brain,7
218_109,Brain,7
218_110,Brain,7
218_111,Brain,7
218_112,Brain,7
218_113,Brain,7
218_114,Brain,7
218_115,Brain,7
218_116,Brain,7
218_117,Brain,7
218_118,Brain,7
218_119,Brain,7
218_120,Brain,7
218_121,Brain,7
218_122,Brain,7
218_123,Brain,7
218_124,Brain,7
218_125,Brain,7
218_126,Brain,7
218_127,Brain,7
218_128,Brain,7
218_129,Brain,7
218_130,Brain,7
218_131,Brain,7
218_132,Brain,18
218_133,Brain,18
218_134,Brain,11
218_135,Brain,11
218_136,Brain,11
218_137,Brain,11
218_138,Brain,11
218_139,Brain,11
218_140,Brain,11
218_141,Brain,11
218_142,Brain,11
218_143,Brain,11
218_144,Brain,11
218_145,Brain,11
218_146,Brain,11
218_147,Brain,11
218_148,Brain,11
218_149,Brain,11
218_150,Brain,11
218_151,Brain,11
218_152,Brain,11
218_153,Brain,11
218_154,Brain,11
218_155,Brain,11
218_156,Brain,11
218_157,Brain,11
218_158,Brain,11
218_159,Brain,11
218_160,Brain,11
218_161,Brain,11
218_162,Brain,11
218_163,Brain,11
218_164,Brain,11
218_165,Brain,11
218_166,Brain,11
218_167,Brain,11
218_168,Brain,11
218_169,Brain,11
218_170,Brain,11
218_171,Brain,11
218_172,Brain,11
218_173,Brain,11
218_174,Brain,11
218_175,Cavity,11
218_176,Cavity,13
218_177,Cavity,13
218_178,Cavity,13
218_179,Cavity,13
218_180,Cavity,13
218_181,Cavity,13
218_182,Cavity,13
218_183,Cavity,13
218_184,Cavity,13
218_185,Brain,13
218_186,Brain,13
218_187,Brain,13
218_188,Brain,13
218_189,Brain,13
218_190,Brain,13
218_191,Jaw and tooth,17
218_192,Jaw and tooth,17
218_193,Jaw and tooth,17
218_194,Jaw and tooth,17
218_195,Surface ectoderm,17
218_196,Surface ectoderm,17
218_197,Surface ectoderm,9
218_198,Surface ectoderm,9
218_199,Surface ectoderm,9
218_200,GI tract,9
218_201,Branchial arch,9
218_202,Branchial arch,9
218_203,Branchial arch,9
218_204,Branchial arch,9
218_205,Branchial arch,9
218_206,Branchial arch,9
218_207,Branchial arch,9
218_208,Branchial arch,9
218_209,Branchial arch,9
218_210,Branchial arch,9
218_211,Branchial arch,9
218_212,Branchial arch,9
218_213,Branchial arch,9
218_214,Branchial arch,9
218_215,Branchial arch,9
218_216,Surface ectoderm,9
218_217,Surface ectoderm,9
218_218,Surface ectoderm,9
218_219,Surface ectoderm,9
218_220,Surface ectoderm,9
218_223,Cavity,6
218_224,Heart,6
218_225,Heart,6
218_226,Heart,2
218_227,Heart,2
218_228,Heart,2
218_229,Heart,2
218_230,Heart,6
218_231,Heart,6
218_232,Heart,6
218_233,Heart,6
218_234,Heart,6
218_235,Heart,6
218_236,Heart,6
218_237,Heart,2
218_238,Heart,2
218_239,Heart,2
218_240,Heart,2
218_241,Heart,2
218_242,Heart,2
218_243,Heart,2
218_244,Heart,2
218_245,Heart,2
218_246,Heart,2
218_247,Cavity,2
218_248,Cavity,8
218_249,Cavity,8
218_250,Cavity,8
218_251,Blood vessel,8
218_252,Heart,8
218_253,Heart,2
218_254,Heart,2
218_255,Heart,2
218_256,Heart,2
218_257,Heart,2
218_258,Heart,2
218_259,Heart,2
218_260,Heart,2
218_261,Heart,2
218_262,Heart,2
218_263,Heart,2
218_264,Heart,2
218_265,Heart,2
218_266,Heart,2
218_267,Heart,2
218_268,Liver,6
218_269,Dermomyotome,6
218_270,Dermomyotome,6
218_271,Dermomyotome,6
218_272,Dermomyotome,4
218_273,Dermomyotome,4
218_274,Dermomyotome,19
218_275,Dermomyotome,19
218_276,Dermomyotome,6
218_277,Liver,6
218_278,Liver,6
218_279,Liver,6
218_280,Liver,6
218_281,Liver,19
218_282,Liver,6
218_283,Liver,6
218_284,Liver,19
218_285,Liver,19
218_286,Liver,6
218_287,Liver,6
218_288,Urogenital ridge,6
218_289,Urogenital ridge,6
218_290,Urogenital ridge,6
218_291,Urogenital ridge,6
218_292,Urogenital ridge,6
218_293,Urogenital ridge,6
218_294,Urogenital ridge,6
218_295,Urogenital ridge,6
218_296,Urogenital ridge,6
218_297,Urogenital ridge,6
218_298,Urogenital ridge,6
218_299,Urogenital ridge,6
218_300,Urogenital ridge,6
218_301,Urogenital ridge,6
218_302,Urogenital ridge,15
218_303,Urogenital ridge,15
218_304,Urogenital ridge,3
218_305,Sclerotome,3
218_306,Sclerotome,3
218_307,Sclerotome,3
218_308,Sclerotome,3
218_309,Sclerotome,3
218_310,Sclerotome,15
218_311,Dermomyotome,15
218_312,Dermomyotome,15
218_313,Dermomyotome,15
218_314,Dermomyotome,15
218_315,Dermomyotome,15
218_316,Dermomyotome,15
218_317,Dermomyotome,15
218_318,Dermomyotome,15
218_319,Dermomyotome,15
218_320,Dermomyotome,15
218_321,Dermomyotome,1
218_322,Dermomyotome,1
218_323,Dermomyotome,1
218_324,Dermomyotome,1
218_325,Dermomyotome,1
218_326,Surface ectoderm,1
218_327,Surface ectoderm,1
218_328,Surface ectoderm,14
218_329,Surface ectoderm,14
218_330,Surface ectoderm,14
218_331,Surface ectoderm,14
218_332,Cavity,14
218_97,Cavity,13
218_98,Meninges,13
218_99,Meninges,13
219_100,Meninges,13
219_101,Meninges,13
219_102,Meninges,7
219_103,Brain,7
219_104,Brain,7
219_105,Brain,7
219_106,Brain,7
219_107,Brain,7
219_108,Brain,7
219_109,Brain,7
219_110,Brain,7
219_111,Brain,7
219_112,Brain,7
219_113,Brain,7
219_114,Brain,7
219_115,Brain,7
219_116,Brain,7
219_117,Brain,7
219_118,Brain,7
219_119,Brain,7
219_120,Brain,7
219_121,Brain,7
219_122,Brain,7
219_123,Brain,7
219_124,Brain,7
219_125,Brain,7
219_126,Brain,7
219_127,Brain,7
219_128,Brain,7
219_129,Brain,7
219_130,Brain,18
219_131,Brain,18
219_132,Brain,18
219_133,Brain,18
219_134,Brain,18
219_135,Brain,18
219_136,Brain,18
219_137,Brain,11
219_138,Brain,11
219_139,Brain,18
219_140,Brain,11
219_141,Brain,11
219_142,Brain,11
219_143,Brain,11
219_144,Brain,11
219_145,Brain,11
219_146,Brain,11
219_147,Brain,11
219_148,Brain,11
219_149,Brain,11
219_150,Brain,11
219_151,Brain,11
219_152,Brain,11
219_153,Brain,11
219_154,Brain,11
219_155,Brain,11
219_156,Brain,11
219_157,Brain,11
219_158,Brain,11
219_159,Brain,11
219_160,Brain,11
219_161,Brain,11
219_162,Brain,11
219_163,Brain,11
219_164,Brain,11
219_165,Brain,11
219_166,Brain,11
219_167,Brain,11
219_168,Brain,11
219_169,Brain,11
219_170,Brain,11
219_171,Brain,11
219_172,Brain,11
219_173,Brain,11
219_174,Brain,11
219_175,Cavity,11
219_176,Cavity,11
219_177,Cavity,11
219_178,Cavity,13
219_179,Cavity,13
219_180,Cavity,13
219_181,Cavity,13
219_182,Cavity,13
219_183,Cavity,13
219_184,Cavity,13
219_185,Brain,13
219_186,Brain,13
219_187,Brain,13
219_188,Brain,13
219_189,Brain,13
219_190,Brain,13
219_191,Jaw and tooth,17
219_192,Jaw and tooth,17
219_193,Jaw and tooth,17
219_194,Jaw and tooth,17
219_195,Surface ectoderm,17
219_196,Surface ectoderm,9
219_197,Surface ectoderm,9
219_198,Surface ectoderm,9
219_199,Surface ectoderm,9
219_200,Surface ectoderm,9
219_201,Surface ectoderm,9
219_202,Branchial arch,9
219_203,Branchial arch,9
219_204,Branchial arch,9
219_205,Branchial arch,9
219_206,Branchial arch,9
219_207,Branchial arch,9
219_208,Branchial arch,9
219_209,Branchial arch,9
219_210,Branchial arch,9
219_211,Branchial arch,9
219_212,Branchial arch,9
219_213,Branchial arch,9
219_214,Branchial arch,9
219_215,Surface ectoderm,9
219_216,Surface ectoderm,9
219_217,Surface ectoderm,9
219_218,Surface ectoderm,9
219_219,Surface ectoderm,9
219_220,Cavity,9
219_223,Cavity,6
219_224,Heart,6
219_225,Heart,6
219_226,Heart,2
219_227,Heart,2
219_228,Heart,2
219_229,Heart,2
219_230,Heart,2
219_231,Heart,6
219_232,Heart,6
219_233,Heart,6
219_234,Heart,6
219_235,Heart,6
219_236,Heart,2
219_237,Heart,2
219_238,Heart,2
219_239,Heart,2
219_240,Heart,2
219_241,Heart,2
219_242,Heart,2
219_243,Heart,2
219_244,Heart,2
219_245,Heart,2
219_246,Heart,2
219_247,Cavity,2
219_248,Cavity,2
219_249,Cavity,8
219_250,Cavity,8
219_251,Cavity,8
219_252,Heart,8
219_253,Heart,8
219_254,Heart,2
219_255,Heart,2
219_256,Heart,2
219_257,Heart,2
219_258,Heart,2
219_259,Heart,2
219_260,Heart,2
219_261,Heart,2
219_262,Heart,2
219_263,Heart,2
219_264,Heart,2
219_265,Heart,2
219_266,Liver,2
219_267,Urogenital ridge,6
219_268,Liver,6
219_269,Dermomyotome,6
219_270,Dermomyotome,6
219_271,Dermomyotome,6
219_272,Liver,19
219_273,Dermomyotome,19
219_274,Dermomyotome,19
219_275,Liver,19
219_276,Liver,19
219_277,Liver,19
219_278,Liver,19
219_279,Liver,19
219_280,Liver,19
219_281,Liver,19
219_282,Liver,19
219_283,Liver,19
219_284,Liver,19
219_285,Liver,19
219_286,Liver,19
219_287,Liver,19
219_288,Liver,19
219_289,Urogenital ridge,12
219_290,Urogenital ridge,12
219_291,Urogenital ridge,12
219_292,Urogenital ridge,12
219_293,GI tract,6
219_294,Urogenital ridge,6
219_295,Urogenital ridge,6
219_296,Urogenital ridge,6
219_297,Urogenital ridge,6
219_298,Urogenital ridge,6
219_299,Urogenital ridge,6
219_300,Urogenital ridge,6
219_301,Urogenital ridge,6
219_302,Urogenital ridge,6
219_303,Urogenital ridge,6
219_304,Urogenital ridge,3
219_305,Sclerotome,3
219_306,Sclerotome,3
219_307,Sclerotome,3
219_308,Sclerotome,3
219_309,Sclerotome,15
219_310,Dermomyotome,15
219_311,Dermomyotome,15
219_312,Dermomyotome,15
219_313,Dermomyotome,15
219_314,Dermomyotome,15
219_315,Dermomyotome,15
219_316,Dermomyotome,15
219_317,Dermomyotome,15
219_318,Dermomyotome,15
219_319,Dermomyotome,15
219_320,Dermomyotome,15
219_321,Dermomyotome,15
219_322,Dermomyotome,1
219_323,Dermomyotome,1
219_324,Dermomyotome,1
219_325,Sclerotome,1
219_326,Sclerotome,1
219_327,Surface ectoderm,1
219_328,Surface ectoderm,1
219_329,Surface ectoderm,14
219_330,Surface ectoderm,14
219_331,Surface ectoderm,14
219_332,Cavity,14
219_97,Cavity,13
219_98,Meninges,13
219_99,Meninges,13
220_100,Meninges,13
220_101,Meninges,13
220_102,Meninges,7
220_103,Brain,7
220_104,Brain,7
220_105,Brain,7
220_106,Brain,7
220_107,Brain,7
220_108,Brain,7
220_109,Brain,7
220_110,Brain,7
220_111,Brain,7
220_112,Brain,7
220_113,Brain,7
220_114,Brain,7
220_115,Brain,7
220_116,Brain,7
220_117,Brain,7
220_118,Brain,18
220_119,Brain,7
220_120,Brain,7
220_121,Brain,7
220_122,Brain,7
220_123,Brain,7
220_124,Brain,7
220_125,Brain,7
220_126,Brain,18
220_127,Brain,18
220_128,Brain,18
220_129,Brain,18
220_130,Brain,18
220_131,Brain,18
220_132,Brain,18
220_133,Brain,18
220_134,Brain,18
220_135,Brain,18
220_136,Brain,18
220_137,Brain,18
220_138,Brain,18
220_139,Brain,18
220_140,Brain,18
220_141,Brain,11
220_142,Brain,11
220_143,Brain,11
220_144,Brain,11
220_145,Brain,11
220_146,Brain,11
220_147,Brain,11
220_148,Brain,11
220_149,Brain,11
220_150,Brain,11
220_151,Brain,11
220_152,Brain,11
220_153,Brain,11
220_154,Brain,11
220_155,Brain,11
220_156,Brain,11
220_157,Brain,11
220_158,Brain,11
220_159,Brain,11
220_160,Brain,11
220_161,Brain,11
220_162,Brain,11
220_163,Brain,11
220_164,Brain,11
220_165,Brain,11
220_166,Brain,11
220_167,Brain,11
220_168,Brain,11
220_169,Brain,11
220_170,Brain,11
220_171,Brain,11
220_172,Brain,11
220_173,Brain,11
220_174,Cavity,11
220_175,Cavity,11
220_176,Cavity,11
220_177,Cavity,11
220_178,Cavity,13
220_179,Cavity,13
220_180,Cavity,13
220_181,Cavity,13
220_182,Cavity,13
220_183,Cavity,13
220_184,Cavity,13
220_185,Brain,13
220_186,Brain,13
220_187,Brain,13
220_188,Brain,13
220_189,Brain,13
220_190,Brain,13
220_191,Jaw and tooth,17
220_192,Jaw and tooth,17
220_193,Jaw and tooth,17
220_194,Jaw and tooth,17
220_195,Jaw and tooth,17
220_196,Surface ectoderm,17
220_197,Surface ectoderm,9
220_198,Surface ectoderm,9
220_199,Surface ectoderm,9
220_200,Surface ectoderm,9
220_201,Surface ectoderm,9
220_202,Branchial arch,9
220_203,Branchial arch,9
220_204,Branchial arch,9
220_205,Branchial arch,9
220_206,Branchial arch,9
220_207,Branchial arch,9
220_208,Branchial arch,9
220_209,Branchial arch,9
220_210,Branchial arch,9
220_211,Branchial arch,9
220_212,Branchial arch,9
220_213,Branchial arch,9
220_214,Surface ectoderm,9
220_215,Surface ectoderm,9
220_216,Surface ectoderm,9
220_217,Surface ectoderm,9
220_218,Surface ectoderm,9
220_219,Cavity,9
220_223,Cavity,6
220_224,Heart,6
220_225,Heart,6
220_226,Heart,2
220_227,Heart,2
220_228,Heart,2
220_229,Heart,2
220_230,Heart,2
220_231,Heart,2
220_232,Heart,6
220_233,Heart,6
220_234,Heart,6
220_235,Heart,2
220_236,Heart,2
220_237,Heart,2
220_238,Heart,2
220_239,Heart,2
220_240,Heart,2
220_241,Heart,2
220_242,Heart,2
220_243,Heart,2
220_244,Heart,2
220_245,Heart,2
220_246,Heart,2
220_247,Cavity,8
220_248,Cavity,8
220_249,Cavity,8
220_250,Cavity,8
220_251,Cavity,8
220_252,Cavity,8
220_253,Cavity,2
220_254,Heart,2
220_255,Heart,2
220_256,Heart,2
220_257,Heart,2
220_258,Heart,2
220_259,Heart,2
220_260,Heart,2
220_261,Heart,2
220_262,Heart,2
220_263,Heart,2
220_264,Heart,2
220_265,Heart,2
220_266,Liver,2
220_267,Liver,19
220_268,Liver,19
220_269,Liver,19
220_270,Liver,19
220_271,Liver,19
220_272,Liver,19
220_273,Liver,19
220_274,Liver,19
220_275,Liver,19
220_276,Liver,19
220_277,Liver,19
220_278,Liver,19
220_279,Liver,19
220_280,Liver,19
220_281,Liver,19
220_282,Liver,19
220_283,Liver,19
220_284,Liver,19
220_285,Liver,19
220_286,Liver,19
220_287,Liver,19
220_288,Liver,19
220_289,Urogenital ridge,12
220_290,Urogenital ridge,12
220_291,GI tract,12
220_292,GI tract,12
220_293,GI tract,12
220_294,GI tract,12
220_295,GI tract,12
220_296,Urogenital ridge,6
220_297,Urogenital ridge,6
220_298,Urogenital ridge,6
220_299,Urogenital ridge,6
220_300,Urogenital ridge,6
220_301,Urogenital ridge,6
220_302,Urogenital ridge,6
220_303,Urogenital ridge,3
220_304,Urogenital ridge,3
220_305,Sclerotome,3
220_306,Urogenital ridge,3
220_307,Sclerotome,3
220_308,Dermomyotome,15
220_309,Dermomyotome,15
220_310,Dermomyotome,15
220_311,Dermomyotome,15
220_312,Dermomyotome,15
220_313,Dermomyotome,15
220_314,Dermomyotome,15
220_315,Dermomyotome,15
220_316,Dermomyotome,15
220_317,Dermomyotome,3
220_318,Dermomyotome,3
220_319,Dermomyotome,3
220_320,Dermomyotome,3
220_321,Dermomyotome,3
220_322,Dermomyotome,3
220_323,Dermomyotome,1
220_324,Sclerotome,1
220_325,Sclerotome,1
220_326,Sclerotome,1
220_327,Surface ectoderm,1
220_328,Surface ectoderm,1
220_329,Surface ectoderm,14
220_330,Surface ectoderm,14
220_331,Surface ectoderm,14
220_332,Cavity,14
220_97,Cavity,13
220_98,Meninges,13
220_99,Meninges,13
221_100,Meninges,13
221_101,Meninges,13
221_102,Meninges,7
221_103,Brain,7
221_104,Brain,7
221_105,Brain,7
221_106,Brain,7
221_107,Brain,7
221_108,Brain,7
221_109,Brain,7
221_110,Brain,7
221_111,Brain,7
221_112,Brain,7
221_113,Brain,7
221_114,Brain,18
221_115,Brain,18
221_116,Brain,18
221_117,Brain,18
221_118,Brain,18
221_119,Brain,18
221_120,Brain,18
221_121,Brain,18
221_122,Brain,18
221_123,Brain,18
221_124,Brain,18
221_125,Brain,18
221_126,Brain,18
221_127,Brain,18
221_128,Brain,18
221_129,Brain,18
221_130,Brain,18
221_131,Brain,18
221_132,Brain,18
221_133,Brain,18
221_134,Brain,18
221_135,Brain,18
221_136,Brain,18
221_137,Brain,18
221_138,Brain,18
221_139,Brain,18
221_140,Brain,18
221_141,Brain,18
221_142,Brain,11
221_143,Brain,11
221_144,Brain,11
221_145,Brain,11
221_146,Brain,11
221_147,Brain,11
221_148,Brain,11
221_149,Brain,11
221_150,Brain,11
221_151,Brain,11
221_152,Brain,11
221_153,Brain,11
221_154,Brain,11
221_155,Brain,11
221_156,Brain,11
221_157,Brain,11
221_158,Brain,11
221_159,Brain,11
221_160,Brain,11
221_161,Brain,11
221_162,Brain,11
221_163,Brain,11
221_164,Brain,11
221_165,Brain,11
221_166,Brain,11
221_167,Brain,11
221_168,Brain,11
221_169,Brain,11
221_170,Brain,11
221_171,Brain,11
221_172,Brain,11
221_173,Brain,11
221_174,Brain,11
221_175,Cavity,11
221_176,Cavity,11
221_177,Cavity,11
221_178,Cavity,11
221_179,Cavity,11
221_180,Cavity,13
221_181,Cavity,13
221_182,Cavity,13
221_183,Cavity,13
221_184,Cavity,13
221_185,Cavity,13
221_186,Brain,13
221_187,Brain,13
221_188,Brain,13
221_189,Brain,13
221_190,Brain,13
221_191,Brain,17
221_192,Jaw and tooth,17
221_193,Jaw and tooth,17
221_194,Jaw and tooth,17
221_195,Jaw and tooth,17
221_196,Cavity,17
221_197,Cavity,9
221_198,Surface ectoderm,9
221_199,Surface ectoderm,9
221_200,Surface ectoderm,9
221_201,Surface ectoderm,9
221_202,Surface ectoderm,9
221_203,Branchial arch,9
221_204,Branchial arch,9
221_205,Branchial arch,9
221_206,Branchial arch,9
221_207,Branchial arch,9
221_208,Branchial arch,9
221_209,Branchial arch,9
221_210,Branchial arch,9
221_211,Branchial arch,9
221_212,Connective tissue,9
221_213,Surface ectoderm,9
221_214,Surface ectoderm,9
221_215,Surface ectoderm,9
221_216,Surface ectoderm,9
221_217,Surface ectoderm,9
221_218,Surface ectoderm,9
221_224,Heart,6
221_225,Heart,2
221_226,Heart,2
221_227,Heart,2
221_228,Heart,2
221_229,Heart,2
221_230,Heart,2
221_231,Heart,2
221_232,Heart,2
221_233,Heart,2
221_234,Heart,2
221_235,Heart,2
221_236,Heart,2
221_237,Heart,2
221_238,Heart,2
221_239,Heart,2
221_240,Heart,2
221_241,Heart,2
221_242,Heart,2
221_243,Heart,2
221_244,Heart,2
221_245,Heart,2
221_246,Cavity,8
221_247,Cavity,8
221_248,Cavity,8
221_249,Cavity,8
221_250,Cavity,8
221_251,Cavity,8
221_252,Cavity,8
221_253,Blood vessel,2
221_254,Heart,2
221_255,Heart,2
221_256,Heart,2
221_257,Heart,2
221_258,Heart,2
221_259,Heart,2
221_260,Heart,2
221_261,Heart,2
221_262,Heart,2
221_263,Heart,2
221_264,Heart,2
221_265,Heart,19
221_266,Liver,19
221_267,Liver,19
221_268,Liver,19
221_269,Liver,19
221_270,Liver,19
221_271,Liver,19
221_272,Liver,19
221_273,Liver,19
221_274,Liver,19
221_275,Liver,19
221_276,Liver,19
221_277,Liver,19
221_278,Liver,19
221_279,Liver,19
221_280,Liver,19
221_281,Liver,19
221_282,Liver,19
221_283,Liver,19
221_284,Liver,19
221_285,Liver,19
221_286,Liver,19
221_287,Liver,19
221_288,Liver,12
221_289,GI tract,12
221_290,Urogenital ridge,12
221_291,GI tract,12
221_292,GI tract,12
221_293,GI tract,12
221_294,GI tract,12
221_295,GI tract,12
221_296,GI tract,6
221_297,Urogenital ridge,6
221_298,Urogenital ridge,6
221_299,Urogenital ridge,6
221_300,Urogenital ridge,6
221_301,Urogenital ridge,6
221_302,Urogenital ridge,6
221_303,Urogenital ridge,6
221_304,Urogenital ridge,3
221_305,Urogenital ridge,3
221_306,Urogenital ridge,3
221_307,Dermomyotome,3
221_308,Dermomyotome,15
221_309,Dermomyotome,15
221_310,Dermomyotome,15
221_311,Dermomyotome,15
221_312,Dermomyotome,15
221_313,Dermomyotome,15
221_314,Dermomyotome,15
221_315,Dermomyotome,15
221_316,Dermomyotome,3
221_317,Sclerotome,3
221_318,Sclerotome,3
221_319,Sclerotome,3
221_320,Sclerotome,3
221_321,Sclerotome,3
221_322,Dermomyotome,3
221_323,Dermomyotome,1
221_324,Dermomyotome,1
221_325,Sclerotome,1
221_326,Sclerotome,1
221_327,Sclerotome,1
221_328,Surface ectoderm,1
221_329,Surface ectoderm,1
221_330,Surface ectoderm,14
221_331,Surface ectoderm,14
221_332,Surface ectoderm,14
221_98,Meninges,13
221_99,Meninges,13
222_100,Meninges,13
222_101,Meninges,13
222_102,Meninges,7
222_103,Brain,7
222_104,Brain,7
222_105,Brain,7
222_106,Brain,7
222_107,Brain,7
222_108,Brain,7
222_109,Brain,7
222_110,Brain,7
222_111,Brain,7
222_112,Brain,7
222_113,Brain,18
222_114,Brain,18
222_115,Brain,18
222_116,Brain,18
222_117,Brain,18
222_118,Brain,18
222_119,Brain,18
222_120,Brain,18
222_121,Brain,18
222_122,Brain,18
222_123,Brain,18
222_124,Brain,18
222_125,Brain,18
222_126,Brain,18
222_127,Brain,18
222_128,Brain,18
222_129,Brain,18
222_130,Brain,18
222_131,Brain,18
222_132,Brain,18
222_133,Brain,18
222_134,Brain,18
222_135,Brain,18
222_136,Brain,18
222_137,Brain,18
222_138,Brain,18
222_139,Brain,18
222_140,Brain,18
222_141,Brain,11
222_142,Brain,11
222_143,Brain,11
222_144,Brain,11
222_145,Brain,11
222_146,Brain,11
222_147,Brain,11
222_148,Brain,11
222_149,Brain,11
222_150,Brain,11
222_151,Brain,11
222_152,Brain,11
222_153,Brain,11
222_154,Brain,11
222_155,Brain,11
222_156,Brain,11
222_157,Brain,11
222_158,Brain,11
222_159,Brain,11
222_160,Brain,11
222_161,Brain,11
222_162,Brain,11
222_163,Brain,11
222_164,Brain,11
222_165,Brain,11
222_166,Brain,11
222_167,Brain,11
222_168,Brain,11
222_169,Brain,11
222_170,Brain,11
222_171,Brain,11
222_172,Brain,11
222_173,Brain,11
222_174,Brain,11
222_175,Brain,11
222_176,Cavity,11
222_177,Cavity,11
222_178,Brain,11
222_179,Brain,11
222_180,Cavity,13
222_181,Cavity,13
222_182,Cavity,13
222_183,Cavity,13
222_184,Cavity,13
222_185,Cavity,13
222_186,Brain,13
222_187,Brain,13
222_188,Brain,13
222_189,Brain,13
222_190,Brain,17
222_191,Brain,17
222_192,Jaw and tooth,17
222_193,Jaw and tooth,17
222_194,Jaw and tooth,17
222_195,Jaw and tooth,17
222_196,Cavity,17
222_198,Surface ectoderm,9
222_199,Surface ectoderm,9
222_200,Surface ectoderm,9
222_201,Surface ectoderm,9
222_202,Surface ectoderm,9
222_203,Surface ectoderm,9
222_204,Surface ectoderm,9
222_205,Connective tissue,9
222_206,Branchial arch,9
222_207,Branchial arch,9
222_208,Branchial arch,9
222_209,Branchial arch,9
222_210,Branchial arch,9
222_211,Surface ectoderm,9
222_212,Surface ectoderm,9
222_213,Surface ectoderm,9
222_214,Surface ectoderm,9
222_215,Surface ectoderm,9
222_216,Surface ectoderm,9
222_217,Surface ectoderm,9
222_218,Cavity,9
222_224,Heart,2
222_225,Heart,2
222_226,Heart,2
222_227,Heart,2
222_228,Heart,2
222_229,Heart,2
222_230,Heart,2
222_231,Heart,2
222_232,Heart,2
222_233,Heart,2
222_234,Heart,2
222_235,Heart,2
222_236,Heart,2
222_237,Heart,2
222_238,Heart,2
222_239,Heart,2
222_240,Heart,2
222_241,Heart,2
222_242,Heart,2
222_243,Heart,2
222_244,Heart,2
222_245,Heart,2
222_246,Cavity,2
222_247,Cavity,8
222_248,Cavity,8
222_249,Cavity,8
222_250,Cavity,8
222_251,Cavity,8
222_252,Cavity,2
222_253,Blood vessel,2
222_254,Heart,2
222_255,Heart,2
222_256,Heart,2
222_257,Heart,2
222_258,Heart,2
222_259,Heart,2
222_260,Heart,2
222_261,Heart,2
222_262,Heart,2
222_263,Heart,2
222_264,Heart,2
222_265,Liver,19
222_266,Liver,19
222_267,Liver,19
222_268,Liver,19
222_269,Liver,19
222_270,Liver,19
222_271,Liver,19
222_272,Liver,19
222_273,Liver,19
222_274,Liver,19
222_275,Liver,19
222_276,Liver,19
222_277,Liver,19
222_278,Liver,19
222_279,Liver,19
222_280,Liver,19
222_281,Liver,19
222_282,Liver,19
222_283,Liver,19
222_284,Liver,19
222_285,Liver,19
222_286,Liver,19
222_287,Liver,19
222_288,GI tract,12
222_289,GI tract,12
222_290,GI tract,12
222_291,GI tract,12
222_292,GI tract,12
222_293,GI tract,12
222_294,GI tract,12
222_295,GI tract,12
222_296,GI tract,12
222_297,Urogenital ridge,12
222_298,Urogenital ridge,6
222_299,Urogenital ridge,6
222_300,Urogenital ridge,6
222_301,Urogenital ridge,6
222_302,Urogenital ridge,6
222_303,Urogenital ridge,6
222_304,Urogenital ridge,6
222_305,Urogenital ridge,6
222_306,Dermomyotome,3
222_307,Dermomyotome,15
222_308,Dermomyotome,15
222_309,Dermomyotome,15
222_310,Dermomyotome,15
222_311,Dermomyotome,15
222_312,Dermomyotome,15
222_313,Dermomyotome,15
222_314,Dermomyotome,15
222_315,Dermomyotome,15
222_316,Sclerotome,3
222_317,Sclerotome,3
222_318,Sclerotome,3
222_319,Sclerotome,3
222_320,Sclerotome,3
222_321,Sclerotome,3
222_322,Sclerotome,3
222_323,Dermomyotome,1
222_324,Dermomyotome,1
222_325,Sclerotome,1
222_326,Sclerotome,1
222_327,Sclerotome,1
222_328,Sclerotome,1
222_329,Surface ectoderm,1
222_330,Surface ectoderm,14
222_331,Surface ectoderm,14
222_332,Surface ectoderm,14
222_333,Cavity,14
222_98,Cavity,13
222_99,Meninges,13
223_100,Meninges,13
223_101,Meninges,13
223_102,Meninges,7
223_103,Brain,7
223_104,Brain,7
223_105,Brain,7
223_106,Brain,7
223_107,Brain,7
223_108,Brain,7
223_109,Brain,7
223_110,Brain,7
223_111,Brain,7
223_112,Brain,18
223_113,Brain,18
223_114,Brain,18
223_115,Brain,18
223_116,Brain,18
223_117,Brain,18
223_118,Brain,18
223_119,Brain,18
223_120,Brain,18
223_121,Brain,18
223_122,Brain,18
223_123,Brain,18
223_124,Brain,18
223_125,Brain,18
223_126,Brain,18
223_127,Brain,18
223_128,Brain,18
223_129,Brain,18
223_130,Brain,18
223_131,Brain,18
223_132,Brain,18
223_133,Brain,18
223_134,Brain,18
223_135,Brain,18
223_136,Brain,18
223_137,Brain,18
223_138,Brain,18
223_139,Brain,18
223_140,Brain,18
223_141,Brain,11
223_142,Brain,11
223_143,Brain,11
223_144,Brain,11
223_145,Brain,11
223_146,Brain,11
223_147,Brain,11
223_148,Brain,11
223_149,Brain,11
223_150,Brain,11
223_151,Brain,11
223_152,Brain,11
223_153,Brain,11
223_154,Brain,11
223_155,Brain,11
223_156,Brain,11
223_157,Brain,11
223_158,Brain,11
223_159,Brain,11
223_160,Brain,11
223_161,Brain,11
223_162,Brain,11
223_163,Brain,11
223_164,Brain,11
223_165,Brain,11
223_166,Brain,11
223_167,Brain,11
223_168,Brain,11
223_169,Brain,11
223_170,Brain,11
223_171,Brain,11
223_172,Brain,11
223_173,Brain,11
223_174,Brain,11
223_175,Brain,11
223_176,Brain,11
223_177,Brain,11
223_178,Brain,11
223_179,Brain,11
223_180,Brain,11
223_181,Cavity,11
223_182,Cavity,13
223_183,Cavity,13
223_184,Cavity,13
223_185,Cavity,13
223_186,Brain,13
223_187,Brain,13
223_188,Brain,13
223_189,Brain,13
223_190,Brain,13
223_191,Jaw and tooth,17
223_192,Jaw and tooth,17
223_193,Jaw and tooth,17
223_194,Jaw and tooth,17
223_195,Jaw and tooth,17
223_196,Surface ectoderm,17
223_198,Cavity,9
223_199,Surface ectoderm,9
223_200,Surface ectoderm,9
223_201,Surface ectoderm,9
223_202,Surface ectoderm,9
223_203,Surface ectoderm,9
223_204,Surface ectoderm,9
223_205,Surface ectoderm,9
223_206,Surface ectoderm,9
223_207,Connective tissue,9
223_208,Connective tissue,9
223_209,Surface ectoderm,9
223_210,Surface ectoderm,9
223_211,Surface ectoderm,9
223_212,Surface ectoderm,9
223_213,Surface ectoderm,9
223_214,Surface ectoderm,9
223_215,Surface ectoderm,9
223_216,Surface ectoderm,9
223_224,Heart,2
223_225,Heart,2
223_226,Heart,2
223_227,Heart,2
223_228,Heart,2
223_229,Heart,2
223_230,Heart,2
223_231,Heart,2
223_232,Heart,2
223_233,Heart,2
223_234,Heart,2
223_235,Heart,2
223_236,Heart,2
223_237,Heart,2
223_238,Heart,2
223_239,Heart,2
223_240,Heart,2
223_241,Heart,2
223_242,Heart,2
223_243,Heart,2
223_244,Heart,2
223_245,Heart,2
223_246,Cavity,2
223_247,Cavity,8
223_248,Cavity,8
223_249,Cavity,8
223_250,Cavity,8
223_251,Cavity,8
223_252,Heart,2
223_253,Heart,2
223_254,Heart,2
223_255,Heart,2
223_256,Heart,2
223_257,Heart,2
223_258,Heart,2
223_259,Heart,2
223_260,Heart,2
223_261,Heart,2
223_262,Heart,2
223_263,Heart,2
223_264,Liver,19
223_265,Liver,19
223_266,Liver,19
223_267,Liver,19
223_268,Liver,19
223_269,Liver,19
223_270,Liver,19
223_271,Liver,19
223_272,Liver,19
223_273,Liver,19
223_274,Liver,19
223_275,Liver,19
223_276,Liver,19
223_277,Liver,19
223_278,Liver,19
223_279,Liver,19
223_280,Liver,19
223_281,Liver,19
223_282,Liver,19
223_283,Liver,19
223_284,Liver,19
223_285,Liver,19
223_286,Liver,19
223_287,GI tract,12
223_288,GI tract,12
223_289,GI tract,12
223_290,GI tract,12
223_291,GI tract,12
223_292,GI tract,12
223_293,GI tract,12
223_294,GI tract,12
223_295,GI tract,12
223_296,GI tract,12
223_297,GI tract,12
223_298,Urogenital ridge,6
223_299,Urogenital ridge,6
223_300,Urogenital ridge,6
223_301,Urogenital ridge,6
223_302,Urogenital ridge,6
223_303,Urogenital ridge,6
223_304,Urogenital ridge,6
223_305,Urogenital ridge,6
223_306,Urogenital ridge,3
223_307,Dermomyotome,15
223_308,Dermomyotome,15
223_309,Dermomyotome,15
223_310,Sclerotome,15
223_311,Sclerotome,15
223_312,Sclerotome,15
223_313,Sclerotome,3
223_314,Sclerotome,3
223_315,Sclerotome,3
223_316,Sclerotome,3
223_317,Sclerotome,3
223_318,Sclerotome,3
223_319,Sclerotome,3
223_320,Sclerotome,3
223_321,Dermomyotome,3
223_322,Dermomyotome,3
223_323,Dermomyotome,3
223_324,Dermomyotome,1
223_325,Sclerotome,1
223_326,Sclerotome,1
223_327,Sclerotome,1
223_328,Sclerotome,1
223_329,Surface ectoderm,1
223_330,Surface ectoderm,14
223_331,Surface ectoderm,14
223_332,Surface ectoderm,14
223_333,Cavity,14
223_98,Cavity,13
223_99,Meninges,13
224_100,Meninges,13
224_101,Meninges,13
224_102,Meninges,7
224_103,Meninges,7
224_104,Brain,7
224_105,Brain,7
224_106,Brain,7
224_107,Brain,7
224_108,Brain,7
224_109,Brain,7
224_110,Brain,7
224_111,Brain,18
224_112,Brain,18
224_113,Brain,18
224_114,Brain,18
224_115,Brain,18
224_116,Brain,18
224_117,Brain,18
224_118,Brain,18
224_119,Brain,18
224_120,Brain,18
224_121,Brain,18
224_122,Brain,18
224_123,Brain,18
224_124,Brain,18
224_125,Brain,18
224_126,Brain,18
224_127,Brain,18
224_128,Brain,18
224_129,Brain,18
224_130,Brain,18
224_131,Brain,18
224_132,Brain,18
224_133,Brain,18
224_134,Brain,18
224_135,Brain,18
224_136,Brain,18
224_137,Brain,18
224_138,Brain,18
224_139,Brain,18
224_140,Brain,18
224_141,Brain,11
224_142,Brain,11
224_143,Brain,11
224_144,Brain,11
224_145,Brain,11
224_146,Brain,11
224_147,Brain,11
224_148,Brain,11
224_149,Brain,11
224_150,Brain,11
224_151,Brain,11
224_152,Brain,11
224_153,Brain,11
224_154,Brain,11
224_155,Brain,11
224_156,Brain,11
224_157,Brain,11
224_158,Brain,11
224_159,Brain,11
224_160,Brain,11
224_161,Brain,11
224_162,Brain,11
224_163,Brain,11
224_164,Brain,11
224_165,Brain,11
224_166,Brain,11
224_167,Brain,11
224_168,Brain,11
224_169,Brain,11
224_170,Brain,11
224_171,Brain,11
224_172,Brain,11
224_173,Brain,11
224_174,Brain,11
224_175,Brain,11
224_176,Brain,11
224_177,Brain,11
224_178,Brain,11
224_179,Brain,11
224_180,Brain,11
224_181,Cavity,11
224_182,Cavity,11
224_183,Cavity,13
224_184,Cavity,13
224_185,Cavity,13
224_186,Brain,13
224_187,Brain,13
224_188,Brain,13
224_189,Brain,13
224_190,Brain,17
224_191,Jaw and tooth,17
224_192,Jaw and tooth,17
224_193,Jaw and tooth,17
224_194,Jaw and tooth,17
224_195,Jaw and tooth,17
224_196,Surface ectoderm,17
224_199,Surface ectoderm,9
224_200,Surface ectoderm,9
224_201,Surface ectoderm,9
224_202,Surface ectoderm,9
224_203,Surface ectoderm,9
224_204,Surface ectoderm,9
224_205,Surface ectoderm,9
224_206,Surface ectoderm,9
224_207,Surface ectoderm,9
224_208,Surface ectoderm,9
224_209,Surface ectoderm,9
224_210,Surface ectoderm,9
224_211,Surface ectoderm,9
224_212,Surface ectoderm,9
224_213,Surface ectoderm,9
224_214,Surface ectoderm,9
224_215,Surface ectoderm,9
224_216,Cavity,9
224_224,Heart,2
224_225,Heart,2
224_226,Heart,2
224_227,Heart,2
224_228,Heart,2
224_229,Heart,2
224_230,Heart,2
224_231,Heart,2
224_232,Heart,2
224_233,Heart,2
224_234,Heart,2
224_235,Heart,2
224_236,Heart,2
224_237,Heart,2
224_238,Heart,2
224_239,Heart,2
224_240,Heart,2
224_241,Heart,2
224_242,Heart,2
224_243,Heart,2
224_244,Heart,2
224_245,Heart,2
224_246,Cavity,2
224_247,Cavity,2
224_248,Cavity,8
224_249,Cavity,2
224_250,Cavity,2
224_251,Heart,2
224_252,Heart,2
224_253,Heart,2
224_254,Heart,2
224_255,Heart,2
224_256,Heart,2
224_257,Heart,2
224_258,Heart,2
224_259,Heart,2
224_260,Heart,2
224_261,Heart,2
224_262,Heart,2
224_263,Heart,2
224_264,Liver,19
224_265,Liver,19
224_266,Liver,19
224_267,Liver,19
224_268,Liver,19
224_269,Liver,19
224_270,Liver,19
224_271,Liver,19
224_272,Liver,19
224_273,Liver,19
224_274,Liver,19
224_275,Liver,19
224_276,Liver,19
224_277,Liver,19
224_278,Liver,19
224_279,Liver,19
224_280,Liver,19
224_281,Liver,19
224_282,Liver,19
224_283,Liver,19
224_284,Liver,19
224_285,Liver,19
224_286,Liver,12
224_287,GI tract,12
224_288,GI tract,12
224_289,GI tract,12
224_290,GI tract,12
224_291,GI tract,12
224_292,GI tract,12
224_293,GI tract,12
224_294,GI tract,12
224_295,GI tract,12
224_296,GI tract,12
224_297,GI tract,12
224_298,GI tract,6
224_299,Urogenital ridge,6
224_300,Urogenital ridge,6
224_301,Urogenital ridge,6
224_302,Urogenital ridge,6
224_303,Urogenital ridge,6
224_304,Urogenital ridge,6
224_305,Urogenital ridge,6
224_306,Urogenital ridge,6
224_307,Dermomyotome,15
224_308,Dermomyotome,3
224_309,Sclerotome,3
224_310,Sclerotome,3
224_311,Sclerotome,3
224_312,Sclerotome,3
224_313,Sclerotome,3
224_314,Sclerotome,3
224_315,Sclerotome,3
224_316,Sclerotome,3
224_317,Sclerotome,3
224_318,Dermomyotome,3
224_319,Dermomyotome,3
224_320,Sclerotome,3
224_321,Dermomyotome,3
224_322,Dermomyotome,3
224_323,Dermomyotome,3
224_324,Dermomyotome,1
224_325,Dermomyotome,1
224_326,Dermomyotome,1
224_327,Dermomyotome,1
224_328,Dermomyotome,1
224_329,Dermomyotome,1
224_330,Surface ectoderm,14
224_331,Surface ectoderm,14
224_332,Surface ectoderm,14
224_333,Surface ectoderm,14
224_334,Cavity,14
224_99,Meninges,13
225_100,Meninges,13
225_101,Meninges,13
225_102,Meninges,13
225_103,Meninges,7
225_104,Brain,7
225_105,Brain,7
225_106,Brain,7
225_107,Brain,7
225_108,Brain,7
225_109,Brain,7
225_110,Brain,7
225_111,Brain,18
225_112,Brain,18
225_113,Brain,18
225_114,Brain,18
225_115,Brain,18
225_116,Brain,18
225_117,Brain,18
225_118,Brain,18
225_119,Brain,18
225_120,Brain,18
225_121,Brain,18
225_122,Brain,18
225_123,Brain,18
225_124,Brain,18
225_125,Brain,18
225_126,Brain,18
225_127,Brain,18
225_128,Brain,18
225_129,Brain,18
225_130,Brain,18
225_131,Brain,18
225_132,Brain,18
225_133,Brain,18
225_134,Brain,18
225_135,Brain,18
225_136,Brain,18
225_137,Brain,18
225_138,Brain,18
225_139,Brain,18
225_140,Brain,11
225_141,Brain,11
225_142,Brain,11
225_143,Brain,11
225_144,Brain,11
225_145,Brain,11
225_146,Brain,11
225_147,Brain,11
225_148,Brain,11
225_149,Brain,11
225_150,Brain,11
225_151,Brain,11
225_152,Brain,11
225_153,Brain,11
225_154,Brain,11
225_155,Brain,11
225_156,Brain,11
225_157,Brain,11
225_158,Brain,11
225_159,Brain,11
225_160,Brain,11
225_161,Brain,11
225_162,Brain,11
225_163,Brain,11
225_164,Brain,11
225_165,Brain,11
225_166,Brain,11
225_167,Brain,11
225_168,Brain,11
225_169,Brain,11
225_170,Brain,11
225_171,Brain,11
225_172,Brain,11
225_173,Brain,11
225_174,Brain,11
225_175,Brain,11
225_176,Brain,11
225_177,Brain,11
225_178,Brain,11
225_179,Brain,11
225_180,Brain,11
225_181,Brain,11
225_182,Cavity,11
225_183,Cavity,11
225_184,Cavity,13
225_185,Cavity,13
225_186,Brain,13
225_187,Brain,13
225_188,Brain,13
225_189,Brain,13
225_190,Brain,17
225_191,Jaw and tooth,17
225_192,Jaw and tooth,17
225_193,Jaw and tooth,17
225_194,Jaw and tooth,17
225_195,Jaw and tooth,17
225_196,Surface ectoderm,17
225_200,Cavity,9
225_201,Surface ectoderm,9
225_202,Surface ectoderm,9
225_203,Surface ectoderm,9
225_204,Surface ectoderm,9
225_205,Surface ectoderm,9
225_206,Surface ectoderm,9
225_207,Surface ectoderm,9
225_208,Surface ectoderm,9
225_209,Surface ectoderm,9
225_210,Surface ectoderm,9
225_211,Surface ectoderm,9
225_212,Surface ectoderm,9
225_213,Surface ectoderm,9
225_214,Cavity,9
225_224,Heart,6
225_225,Heart,6
225_226,Heart,2
225_227,Heart,2
225_228,Heart,2
225_229,Heart,2
225_230,Heart,2
225_231,Heart,2
225_232,Heart,2
225_233,Heart,2
225_234,Heart,2
225_235,Heart,2
225_236,Heart,2
225_237,Heart,2
225_238,Heart,2
225_239,Heart,2
225_240,Heart,2
225_241,Heart,2
225_242,Heart,2
225_243,Heart,2
225_244,Heart,2
225_245,Heart,2
225_246,Heart,2
225_247,Heart,2
225_248,Heart,2
225_249,Heart,2
225_250,Heart,2
225_251,Heart,2
225_252,Heart,2
225_253,Heart,2
225_254,Heart,2
225_255,Heart,2
225_256,Heart,2
225_257,Heart,2
225_258,Heart,2
225_259,Heart,2
225_260,Heart,2
225_261,Heart,2
225_262,Heart,2
225_263,Liver,19
225_264,Liver,19
225_265,Liver,19
225_266,Liver,19
225_267,Liver,19
225_268,Liver,19
225_269,Liver,19
225_270,Liver,19
225_271,Liver,19
225_272,Liver,19
225_273,Liver,19
225_274,Liver,19
225_275,Liver,19
225_276,Liver,19
225_277,Liver,19
225_278,Liver,19
225_279,Liver,19
225_280,Liver,19
225_281,Liver,19
225_282,Liver,19
225_283,Liver,19
225_284,Liver,19
225_285,Liver,19
225_286,Liver,12
225_287,GI tract,12
225_288,GI tract,12
225_289,GI tract,12
225_290,Urogenital ridge,12
225_291,GI tract,12
225_292,GI tract,12
225_293,GI tract,12
225_294,GI tract,12
225_295,GI tract,12
225_296,GI tract,12
225_297,GI tract,12
225_298,GI tract,6
225_299,Urogenital ridge,6
225_300,Urogenital ridge,6
225_301,Urogenital ridge,6
225_302,Urogenital ridge,6
225_303,Urogenital ridge,6
225_304,Urogenital ridge,6
225_305,Urogenital ridge,6
225_306,Urogenital ridge,6
225_307,Urogenital ridge,3
225_308,Urogenital ridge,3
225_309,Sclerotome,3
225_310,Sclerotome,3
225_311,Sclerotome,3
225_312,Sclerotome,3
225_313,Sclerotome,3
225_314,Sclerotome,3
225_315,Dermomyotome,3
225_316,Dermomyotome,15
225_317,Dermomyotome,3
225_318,Dermomyotome,3
225_319,Dermomyotome,3
225_320,Dermomyotome,3
225_321,Dermomyotome,3
225_322,Dermomyotome,3
225_323,Dermomyotome,3
225_324,Dermomyotome,1
225_325,Dermomyotome,1
225_326,Dermomyotome,1
225_327,Dermomyotome,1
225_328,Dermomyotome,1
225_329,Dermomyotome,1
225_330,Surface ectoderm,14
225_331,Surface ectoderm,14
225_332,Surface ectoderm,14
225_333,Surface ectoderm,14
225_334,Cavity,14
225_99,Cavity,13
226_100,Meninges,13
226_101,Meninges,13
226_102,Meninges,13
226_103,Meninges,7
226_104,Brain,7
226_105,Brain,7
226_106,Brain,7
226_107,Brain,7
226_108,Brain,7
226_109,Brain,7
226_110,Brain,18
226_111,Brain,18
226_112,Brain,18
226_113,Brain,18
226_114,Brain,18
226_115,Brain,18
226_116,Brain,18
226_117,Brain,18
226_118,Brain,18
226_119,Brain,18
226_120,Brain,18
226_121,Brain,18
226_122,Brain,18
226_123,Brain,18
226_124,Brain,18
226_125,Brain,18
226_126,Brain,18
226_127,Brain,18
226_128,Brain,18
226_129,Brain,18
226_130,Brain,18
226_131,Brain,18
226_132,Brain,18
226_133,Brain,18
226_134,Brain,18
226_135,Brain,18
226_136,Brain,18
226_137,Brain,18
226_138,Brain,18
226_139,Brain,18
226_140,Brain,11
226_141,Brain,11
226_142,Brain,11
226_143,Brain,11
226_144,Brain,11
226_145,Brain,11
226_146,Brain,11
226_147,Brain,11
226_148,Brain,11
226_149,Brain,11
226_150,Brain,11
226_151,Brain,11
226_152,Brain,11
226_153,Brain,11
226_154,Brain,11
226_155,Brain,11
226_156,Brain,11
226_157,Brain,11
226_158,Brain,11
226_159,Brain,11
226_160,Brain,11
226_161,Brain,11
226_162,Brain,11
226_163,Brain,11
226_164,Brain,11
226_165,Brain,11
226_166,Brain,11
226_167,Brain,11
226_168,Brain,11
226_169,Brain,11
226_170,Brain,11
226_171,Brain,11
226_172,Brain,11
226_173,Brain,11
226_174,Brain,11
226_175,Brain,11
226_176,Brain,11
226_177,Brain,11
226_178,Brain,11
226_179,Brain,11
226_180,Brain,11
226_181,Brain,11
226_182,Brain,11
226_183,Cavity,11
226_184,Cavity,13
226_185,Cavity,13
226_186,Brain,13
226_187,Brain,13
226_188,Brain,13
226_189,Brain,13
226_190,Jaw and tooth,17
226_191,Jaw and tooth,17
226_192,Jaw and tooth,17
226_193,Jaw and tooth,17
226_194,Jaw and tooth,17
226_195,Jaw and tooth,17
226_196,Jaw and tooth,17
226_197,Cavity,17
226_202,Cavity,9
226_203,Cavity,9
226_204,Surface ectoderm,9
226_205,Surface ectoderm,9
226_206,Surface ectoderm,9
226_207,Surface ectoderm,9
226_208,Surface ectoderm,9
226_209,Surface ectoderm,9
226_210,Surface ectoderm,9
226_211,Surface ectoderm,9
226_212,Surface ectoderm,9
226_213,Cavity,9
226_224,Cavity,6
226_225,Heart,6
226_226,Heart,6
226_227,Heart,2
226_228,Heart,2
226_229,Heart,2
226_230,Heart,2
226_231,Heart,2
226_232,Heart,2
226_233,Heart,2
226_234,Heart,2
226_235,Heart,2
226_236,Heart,2
226_237,Heart,2
226_238,Heart,2
226_239,Heart,2
226_240,Heart,2
226_241,Heart,2
226_242,Heart,2
226_243,Heart,2
226_244,Heart,2
226_245,Heart,2
226_246,Heart,2
226_247,Heart,2
226_248,Heart,2
226_249,Heart,2
226_250,Heart,2
226_251,Heart,2
226_252,Heart,2
226_253,Heart,2
226_254,Heart,2
226_255,Heart,2
226_256,Heart,2
226_257,Heart,2
226_258,Heart,2
226_259,Heart,2
226_260,Heart,2
226_261,Heart,2
226_262,Liver,19
226_263,Liver,19
226_264,Liver,19
226_265,Liver,19
226_266,Liver,19
226_267,Liver,19
226_268,Liver,19
226_269,Liver,19
226_270,Liver,19
226_271,Liver,19
226_272,Liver,19
226_273,Liver,19
226_274,Liver,19
226_275,Liver,19
226_276,Liver,19
226_277,Liver,19
226_278,Liver,19
226_279,Liver,19
226_280,Liver,19
226_281,Liver,19
226_282,Liver,19
226_283,Liver,19
226_284,Liver,19
226_285,Liver,12
226_286,GI tract,12
226_287,GI tract,12
226_288,GI tract,12
226_289,GI tract,12
226_290,GI tract,12
226_291,GI tract,12
226_292,GI tract,12
226_293,GI tract,12
226_294,GI tract,12
226_295,GI tract,12
226_296,GI tract,12
226_297,GI tract,12
226_298,GI tract,12
226_299,Urogenital ridge,6
226_300,Urogenital ridge,6
226_301,Urogenital ridge,6
226_302,Urogenital ridge,6
226_303,Urogenital ridge,6
226_304,Urogenital ridge,6
226_305,Urogenital ridge,6
226_306,Urogenital ridge,6
226_307,Urogenital ridge,6
226_308,Urogenital ridge,3
226_309,Sclerotome,3
226_310,Sclerotome,3
226_311,Sclerotome,3
226_312,Sclerotome,3
226_313,Sclerotome,3
226_314,Dermomyotome,3
226_315,Dermomyotome,15
226_316,Dermomyotome,15
226_317,Dermomyotome,15
226_318,Dermomyotome,15
226_319,Dermomyotome,15
226_320,Dermomyotome,3
226_321,Dermomyotome,3
226_322,Dermomyotome,3
226_323,Dermomyotome,3
226_324,Dermomyotome,3
226_325,Dermomyotome,1
226_326,Dermomyotome,1
226_327,Dermomyotome,1
226_328,Dermomyotome,1
226_329,Dermomyotome,1
226_330,Dermomyotome,1
226_331,Surface ectoderm,14
226_332,Surface ectoderm,14
226_333,Surface ectoderm,14
226_334,Cavity,14
227_100,Cavity,13
227_101,Meninges,13
227_102,Meninges,13
227_103,Meninges,7
227_104,Meninges,7
227_105,Brain,7
227_106,Brain,7
227_107,Brain,7
227_108,Brain,7
227_109,Brain,7
227_110,Brain,18
227_111,Brain,18
227_112,Brain,18
227_113,Brain,18
227_114,Brain,18
227_115,Brain,18
227_116,Brain,18
227_117,Brain,18
227_118,Brain,18
227_119,Brain,18
227_120,Brain,18
227_121,Brain,18
227_122,Brain,18
227_123,Brain,18
227_124,Brain,18
227_125,Brain,18
227_126,Brain,18
227_127,Brain,18
227_128,Brain,18
227_129,Brain,18
227_130,Brain,18
227_131,Brain,18
227_132,Brain,18
227_133,Brain,18
227_134,Brain,18
227_135,Brain,18
227_136,Brain,18
227_137,Brain,18
227_138,Brain,18
227_139,Brain,18
227_140,Brain,11
227_141,Brain,11
227_142,Brain,11
227_143,Brain,11
227_144,Brain,11
227_145,Brain,11
227_146,Brain,11
227_147,Brain,11
227_148,Brain,11
227_149,Brain,11
227_150,Brain,11
227_151,Brain,11
227_152,Brain,11
227_153,Brain,11
227_154,Brain,11
227_155,Brain,11
227_156,Brain,11
227_157,Brain,11
227_158,Brain,11
227_159,Brain,11
227_160,Brain,11
227_161,Brain,11
227_162,Brain,11
227_163,Brain,11
227_164,Brain,11
227_165,Brain,11
227_166,Brain,11
227_167,Brain,11
227_168,Brain,11
227_169,Brain,11
227_170,Brain,11
227_171,Brain,11
227_172,Brain,11
227_173,Brain,11
227_174,Brain,11
227_175,Brain,11
227_176,Brain,11
227_177,Brain,11
227_178,Brain,11
227_179,Brain,11
227_180,Brain,11
227_181,Brain,11
227_182,Brain,11
227_183,Brain,11
227_184,Brain,11
227_185,Brain,11
227_186,Brain,13
227_187,Brain,13
227_188,Brain,13
227_189,Brain,13
227_190,Brain,17
227_191,Jaw and tooth,17
227_192,Jaw and tooth,17
227_193,Jaw and tooth,17
227_194,Jaw and tooth,17
227_195,Jaw and tooth,17
227_196,Surface ectoderm,17
227_197,Surface ectoderm,17
227_205,Cavity,9
227_206,Cavity,9
227_207,Cavity,9
227_224,Cavity,6
227_225,Heart,6
227_226,Heart,6
227_227,Heart,2
227_228,Heart,2
227_229,Heart,2
227_230,Heart,2
227_231,Heart,2
227_232,Heart,2
227_233,Heart,2
227_234,Heart,2
227_235,Heart,2
227_236,Heart,2
227_237,Heart,2
227_238,Heart,2
227_239,Heart,2
227_240,Heart,2
227_241,Heart,2
227_242,Heart,2
227_243,Heart,2
227_244,Heart,2
227_245,Heart,2
227_246,Heart,2
227_247,Heart,2
227_248,Heart,2
227_249,Heart,2
227_250,Heart,2
227_251,Heart,2
227_252,Heart,2
227_253,Heart,2
227_254,Heart,2
227_255,Heart,2
227_256,Heart,2
227_257,Heart,2
227_258,Heart,2
227_259,Heart,2
227_260,Heart,2
227_261,Heart,2
227_262,Liver,19
227_263,Liver,19
227_264,Liver,19
227_265,Liver,19
227_266,Liver,19
227_267,Liver,19
227_268,Liver,19
227_269,Liver,19
227_270,Liver,19
227_271,Liver,19
227_272,Liver,19
227_273,Liver,19
227_274,Liver,19
227_275,Liver,19
227_276,Liver,19
227_277,Liver,19
227_278,Liver,19
227_279,Liver,19
227_280,Liver,19
227_281,Liver,19
227_282,Liver,19
227_283,Liver,19
227_284,Liver,12
227_285,GI tract,12
227_286,GI tract,12
227_287,GI tract,12
227_288,GI tract,12
227_289,GI tract,12
227_290,GI tract,12
227_291,GI tract,12
227_292,GI tract,12
227_293,GI tract,12
227_294,GI tract,12
227_295,GI tract,12
227_296,GI tract,12
227_297,GI tract,12
227_298,GI tract,12
227_299,Urogenital ridge,6
227_300,Urogenital ridge,6
227_301,Urogenital ridge,6
227_302,Urogenital ridge,6
227_303,Urogenital ridge,6
227_304,Urogenital ridge,6
227_305,Urogenital ridge,6
227_306,Urogenital ridge,6
227_307,Urogenital ridge,6
227_308,Sclerotome,3
227_309,Sclerotome,3
227_310,Sclerotome,3
227_311,Sclerotome,3
227_312,Sclerotome,3
227_313,Dermomyotome,3
227_314,Dermomyotome,15
227_315,Dermomyotome,15
227_316,Dermomyotome,15
227_317,Dermomyotome,15
227_318,Dermomyotome,15
227_319,Dermomyotome,15
227_320,Dermomyotome,3
227_321,Dermomyotome,3
227_322,Dermomyotome,3
227_323,Dermomyotome,3
227_324,Dermomyotome,3
227_325,Dermomyotome,1
227_326,Dermomyotome,1
227_327,Dermomyotome,1
227_328,Dermomyotome,1
227_329,Dermomyotome,1
227_330,Surface ectoderm,1
227_331,Surface ectoderm,14
227_332,Surface ectoderm,14
227_333,Surface ectoderm,14
227_334,Surface ectoderm,14
228_100,Cavity,13
228_101,Meninges,13
228_102,Meninges,13
228_103,Meninges,13
228_104,Meninges,7
228_105,Brain,7
228_106,Brain,7
228_107,Brain,7
228_108,Brain,7
228_109,Brain,18
228_110,Brain,18
228_111,Brain,18
228_112,Brain,18
228_113,Brain,18
228_114,Brain,18
228_115,Brain,18
228_116,Brain,18
228_117,Brain,18
228_118,Brain,18
228_119,Brain,18
228_120,Brain,18
228_121,Brain,18
228_122,Brain,18
228_123,Brain,18
228_124,Brain,18
228_125,Brain,18
228_126,Brain,18
228_127,Brain,18
228_128,Brain,18
228_129,Brain,18
228_130,Brain,18
228_131,Brain,18
228_132,Brain,18
228_133,Brain,18
228_134,Brain,18
228_135,Brain,18
228_136,Brain,18
228_137,Brain,18
228_138,Brain,18
228_139,Brain,18
228_140,Brain,18
228_141,Brain,11
228_142,Brain,11
228_143,Brain,11
228_144,Brain,11
228_145,Brain,11
228_146,Brain,11
228_147,Brain,11
228_148,Brain,11
228_149,Brain,11
228_150,Brain,11
228_151,Brain,11
228_152,Brain,11
228_153,Brain,11
228_154,Brain,11
228_155,Brain,11
228_156,Brain,11
228_157,Brain,11
228_158,Brain,11
228_159,Brain,11
228_160,Brain,11
228_161,Brain,11
228_162,Brain,11
228_163,Brain,11
228_164,Brain,11
228_165,Brain,11
228_166,Brain,11
228_167,Brain,11
228_168,Brain,11
228_169,Brain,11
228_170,Brain,11
228_171,Brain,11
228_172,Brain,7
228_173,Brain,11
228_174,Brain,7
228_175,Brain,11
228_176,Brain,11
228_177,Brain,11
228_178,Brain,11
228_179,Brain,11
228_180,Brain,11
228_181,Brain,11
228_182,Brain,11
228_183,Brain,11
228_184,Brain,11
228_185,Brain,11
228_186,Brain,11
228_187,Brain,13
228_188,Brain,13
228_189,Brain,13
228_190,Brain,17
228_191,Jaw and tooth,17
228_192,Jaw and tooth,17
228_193,Jaw and tooth,17
228_194,Jaw and tooth,17
228_195,Jaw and tooth,17
228_196,Jaw and tooth,17
228_197,Surface ectoderm,17
228_224,Cavity,6
228_225,Heart,6
228_226,Heart,6
228_227,Heart,6
228_228,Heart,6
228_229,Heart,2
228_230,Heart,2
228_231,Heart,2
228_232,Heart,2
228_233,Heart,2
228_234,Heart,2
228_235,Heart,2
228_236,Heart,2
228_237,Heart,2
228_238,Heart,2
228_239,Heart,2
228_240,Heart,2
228_241,Heart,2
228_242,Heart,2
228_243,Heart,2
228_244,Heart,2
228_245,Heart,2
228_246,Heart,2
228_247,Heart,2
228_248,Heart,2
228_249,Heart,2
228_250,Heart,2
228_251,Heart,2
228_252,Heart,2
228_253,Heart,2
228_254,Heart,2
228_255,Heart,2
228_256,Heart,2
228_257,Heart,2
228_258,Heart,2
228_259,Heart,2
228_260,Heart,19
228_261,Liver,19
228_262,Liver,19
228_263,Liver,19
228_264,Liver,19
228_265,Liver,19
228_266,Liver,19
228_267,Liver,19
228_268,Liver,19
228_269,Liver,19
228_270,Liver,19
228_271,Liver,19
228_272,Liver,19
228_273,Liver,19
228_274,Liver,19
228_275,Liver,19
228_276,Liver,19
228_277,Liver,19
228_278,Liver,19
228_279,Liver,19
228_280,Liver,19
228_281,Liver,19
228_282,Liver,19
228_283,Liver,19
228_284,Liver,12
228_285,GI tract,12
228_286,GI tract,12
228_287,GI tract,12
228_288,GI tract,12
228_289,GI tract,12
228_290,GI tract,12
228_291,GI tract,12
228_292,GI tract,12
228_293,GI tract,12
228_294,GI tract,12
228_295,GI tract,12
228_296,GI tract,12
228_297,GI tract,12
228_298,GI tract,12
228_299,Urogenital ridge,6
228_300,Urogenital ridge,6
228_301,Urogenital ridge,6
228_302,Urogenital ridge,6
228_303,Urogenital ridge,6
228_304,Urogenital ridge,6
228_305,Urogenital ridge,6
228_306,Urogenital ridge,6
228_307,Urogenital ridge,6
228_308,Urogenital ridge,3
228_309,Urogenital ridge,3
228_310,Urogenital ridge,3
228_311,Dermomyotome,3
228_312,Dermomyotome,15
228_313,Dermomyotome,15
228_314,Dermomyotome,15
228_315,Dermomyotome,15
228_316,Dermomyotome,15
228_317,Dermomyotome,15
228_318,Dermomyotome,15
228_319,Dermomyotome,15
228_320,Dermomyotome,3
228_321,Dermomyotome,3
228_322,Dermomyotome,3
228_323,Dermomyotome,3
228_324,Dermomyotome,3
228_325,Dermomyotome,1
228_326,Dermomyotome,1
228_327,Sclerotome,1
228_328,Sclerotome,1
228_329,Sclerotome,1
228_330,Sclerotome,1
228_331,Surface ectoderm,1
228_332,Surface ectoderm,1
228_333,Surface ectoderm,14
228_334,Surface ectoderm,14
228_335,Cavity,14
229_101,Cavity,13
229_102,Meninges,13
229_103,Meninges,13
229_104,Meninges,13
229_105,Brain,7
229_106,Brain,7
229_107,Brain,7
229_108,Brain,7
229_109,Brain,7
229_110,Brain,18
229_111,Brain,18
229_112,Brain,18
229_113,Brain,18
229_114,Brain,18
229_115,Brain,18
229_116,Brain,18
229_117,Brain,18
229_118,Brain,18
229_119,Brain,18
229_120,Brain,18
229_121,Brain,18
229_122,Brain,18
229_123,Brain,18
229_124,Brain,18
229_125,Brain,18
229_126,Brain,18
229_127,Brain,18
229_128,Cavity,18
229_129,Brain,18
229_130,Brain,18
229_131,Brain,18
229_132,Brain,18
229_133,Brain,18
229_134,Brain,18
229_135,Brain,18
229_136,Brain,18
229_137,Brain,18
229_138,Brain,18
229_139,Brain,18
229_140,Brain,18
229_141,Brain,11
229_142,Brain,11
229_143,Brain,11
229_144,Brain,11
229_145,Brain,11
229_146,Brain,11
229_147,Brain,11
229_148,Brain,11
229_149,Brain,11
229_150,Brain,11
229_151,Brain,11
229_152,Brain,11
229_153,Brain,11
229_154,Brain,11
229_155,Brain,11
229_156,Brain,11
229_157,Brain,11
229_158,Brain,11
229_159,Brain,11
229_160,Brain,11
229_161,Brain,11
229_162,Brain,11
229_163,Brain,11
229_164,Brain,11
229_165,Brain,11
229_166,Brain,11
229_167,Brain,11
229_168,Brain,11
229_169,Brain,11
229_170,Brain,11
229_171,Brain,7
229_172,Brain,7
229_173,Brain,7
229_174,Brain,7
229_175,Brain,7
229_176,Brain,11
229_177,Brain,11
229_178,Brain,11
229_179,Brain,11
229_180,Brain,11
229_181,Brain,11
229_182,Brain,11
229_183,Brain,11
229_184,Brain,11
229_185,Brain,11
229_186,Brain,11
229_187,Brain,11
229_188,Brain,13
229_189,Brain,13
229_190,Brain,17
229_191,Jaw and tooth,17
229_192,Jaw and tooth,17
229_193,Jaw and tooth,17
229_194,Jaw and tooth,17
229_195,Jaw and tooth,17
229_196,Jaw and tooth,17
229_197,Surface ectoderm,17
229_225,Cavity,6
229_226,Heart,6
229_227,Heart,6
229_228,Heart,6
229_229,Heart,6
229_230,Heart,2
229_231,Heart,2
229_232,Heart,6
229_233,Heart,2
229_234,Heart,2
229_235,Heart,2
229_236,Heart,2
229_237,Heart,2
229_238,Heart,2
229_239,Heart,2
229_240,Heart,2
229_241,Heart,2
229_242,Heart,2
229_243,Heart,2
229_244,Heart,2
229_245,Heart,2
229_246,Heart,2
229_247,Heart,2
229_248,Heart,2
229_249,Heart,2
229_250,Heart,2
229_251,Heart,2
229_252,Heart,2
229_253,Heart,2
229_254,Heart,2
229_255,Heart,2
229_256,Heart,2
229_257,Heart,2
229_258,Heart,2
229_259,Heart,2
229_260,Liver,19
229_261,Liver,19
229_262,Liver,19
229_263,Liver,19
229_264,Liver,19
229_265,Liver,19
229_266,Liver,19
229_267,Liver,19
229_268,Liver,19
229_269,Liver,19
229_270,Liver,19
229_271,Liver,19
229_272,Liver,19
229_273,Liver,19
229_274,Liver,19
229_275,Liver,19
229_276,Liver,19
229_277,Liver,19
229_278,Liver,19
229_279,Liver,19
229_280,Liver,19
229_281,Liver,19
229_282,Liver,19
229_283,Liver,19
229_284,GI tract,12
229_285,GI tract,12
229_286,GI tract,12
229_287,GI tract,12
229_288,GI tract,12
229_289,GI tract,12
229_290,GI tract,12
229_291,GI tract,12
229_292,GI tract,12
229_293,GI tract,12
229_294,GI tract,12
229_295,GI tract,12
229_296,GI tract,12
229_297,GI tract,12
229_298,GI tract,12
229_299,Urogenital ridge,12
229_300,Urogenital ridge,6
229_301,Urogenital ridge,6
229_302,Urogenital ridge,6
229_303,Urogenital ridge,6
229_304,Urogenital ridge,6
229_305,Urogenital ridge,6
229_306,Urogenital ridge,6
229_307,Urogenital ridge,6
229_308,Urogenital ridge,6
229_309,Urogenital ridge,3
229_310,Dermomyotome,3
229_311,Dermomyotome,15
229_312,Dermomyotome,15
229_313,Dermomyotome,15
229_314,Dermomyotome,15
229_315,Dermomyotome,15
229_316,Dermomyotome,15
229_317,Dermomyotome,15
229_318,Dermomyotome,15
229_319,Dermomyotome,15
229_320,Sclerotome,3
229_321,Sclerotome,3
229_322,Sclerotome,3
229_323,Sclerotome,3
229_324,Sclerotome,3
229_325,Dermomyotome,1
229_326,Dermomyotome,1
229_327,Sclerotome,1
229_328,Sclerotome,1
229_329,Sclerotome,1
229_330,Sclerotome,1
229_331,Surface ectoderm,1
229_332,Surface ectoderm,1
229_333,Surface ectoderm,1
229_334,Surface ectoderm,1
229_335,Surface ectoderm,14
230_101,Cavity,13
230_102,Meninges,13
230_103,Meninges,13
230_104,Meninges,13
230_105,Meninges,7
230_106,Brain,7
230_107,Brain,7
230_108,Brain,7
230_109,Brain,18
230_110,Brain,18
230_111,Brain,18
230_112,Brain,18
230_113,Brain,18
230_114,Brain,18
230_115,Brain,18
230_116,Brain,18
230_117,Brain,18
230_118,Brain,18
230_119,Brain,18
230_120,Brain,18
230_121,Brain,18
230_122,Brain,18
230_123,Brain,18
230_124,Brain,18
230_125,Brain,18
230_126,Brain,18
230_127,Brain,18
230_128,Brain,18
230_129,Brain,18
230_130,Brain,18
230_131,Brain,18
230_132,Brain,18
230_133,Brain,18
230_134,Brain,18
230_135,Brain,18
230_136,Brain,18
230_137,Brain,18
230_138,Brain,18
230_139,Brain,18
230_140,Brain,18
230_141,Brain,18
230_142,Brain,11
230_143,Brain,11
230_144,Brain,11
230_145,Brain,11
230_146,Brain,11
230_147,Brain,18
230_148,Brain,11
230_149,Brain,11
230_150,Brain,11
230_151,Brain,11
230_152,Brain,11
230_153,Brain,11
230_154,Brain,11
230_155,Brain,11
230_156,Brain,11
230_157,Brain,11
230_158,Brain,11
230_159,Cavity,11
230_160,Brain,11
230_161,Brain,11
230_162,Brain,11
230_163,Brain,11
230_164,Brain,11
230_165,Brain,11
230_166,Brain,11
230_167,Brain,11
230_168,Brain,11
230_169,Brain,11
230_170,Brain,7
230_171,Brain,7
230_172,Brain,7
230_173,Brain,7
230_174,Brain,7
230_175,Brain,7
230_176,Brain,7
230_177,Brain,7
230_178,Brain,7
230_179,Brain,7
230_180,Brain,11
230_181,Brain,11
230_182,Brain,11
230_183,Brain,11
230_184,Brain,11
230_185,Brain,11
230_186,Brain,11
230_187,Brain,11
230_188,Brain,11
230_189,Brain,11
230_190,Brain,17
230_191,Jaw and tooth,17
230_192,Jaw and tooth,17
230_193,Jaw and tooth,17
230_194,Jaw and tooth,17
230_195,Jaw and tooth,17
230_196,Jaw and tooth,17
230_197,Surface ectoderm,17
230_198,Cavity,17
230_225,Cavity,6
230_226,Heart,6
230_227,Heart,6
230_228,Heart,6
230_229,Heart,6
230_230,Heart,6
230_231,Heart,6
230_232,Heart,6
230_233,Heart,6
230_234,Heart,2
230_235,Heart,6
230_236,Heart,2
230_237,Heart,2
230_238,Heart,2
230_239,Heart,2
230_240,Heart,2
230_241,Heart,2
230_242,Heart,2
230_243,Heart,2
230_244,Heart,2
230_245,Heart,2
230_246,Heart,2
230_247,Heart,2
230_248,Heart,2
230_249,Heart,2
230_250,Heart,2
230_251,Heart,2
230_252,Heart,2
230_253,Heart,2
230_254,Heart,2
230_255,Heart,2
230_256,Heart,2
230_257,Heart,2
230_258,Heart,2
230_259,Heart,2
230_260,Liver,19
230_261,Liver,19
230_262,Liver,19
230_263,Liver,19
230_264,Liver,19
230_265,Liver,19
230_266,Liver,19
230_267,Liver,19
230_268,Liver,19
230_269,Liver,19
230_270,Liver,19
230_271,Liver,19
230_272,Liver,19
230_273,Liver,19
230_274,Liver,19
230_275,Liver,19
230_276,Liver,19
230_277,Liver,19
230_278,Liver,19
230_279,Liver,19
230_280,Liver,19
230_281,Liver,19
230_282,Liver,19
230_283,Liver,12
230_284,GI tract,12
230_285,GI tract,12
230_286,GI tract,12
230_287,GI tract,12
230_288,GI tract,12
230_289,GI tract,12
230_290,GI tract,12
230_291,GI tract,12
230_292,GI tract,12
230_293,GI tract,12
230_294,GI tract,12
230_295,GI tract,12
230_296,GI tract,12
230_297,GI tract,12
230_298,GI tract,12
230_299,GI tract,12
230_300,Urogenital ridge,6
230_301,Urogenital ridge,6
230_302,Urogenital ridge,6
230_303,Connective tissue,6
230_304,Urogenital ridge,6
230_305,Urogenital ridge,6
230_306,Urogenital ridge,6
230_307,Urogenital ridge,6
230_308,Urogenital ridge,6
230_309,Urogenital ridge,3
230_310,Dermomyotome,3
230_311,Dermomyotome,15
230_312,Dermomyotome,15
230_313,Dermomyotome,15
230_314,Dermomyotome,15
230_315,Dermomyotome,15
230_316,Dermomyotome,15
230_317,Sclerotome,15
230_318,Sclerotome,3
230_319,Sclerotome,3
230_320,Sclerotome,3
230_321,Sclerotome,3
230_322,Sclerotome,3
230_323,Sclerotome,3
230_324,Sclerotome,3
230_325,Sclerotome,3
230_326,Dermomyotome,1
230_327,Sclerotome,1
230_328,Sclerotome,1
230_329,Sclerotome,1
230_330,Sclerotome,1
230_331,Sclerotome,1
230_332,Surface ectoderm,1
230_333,Surface ectoderm,1
230_334,Surface ectoderm,1
230_335,Surface ectoderm,1
230_336,Cavity,1
231_102,Cavity,13
231_103,Meninges,13
231_104,Meninges,13
231_105,Meninges,7
231_106,Brain,7
231_107,Brain,7
231_108,Brain,18
231_109,Brain,18
231_110,Brain,18
231_111,Brain,18
231_112,Brain,18
231_113,Brain,18
231_114,Brain,18
231_115,Brain,18
231_116,Brain,18
231_117,Brain,18
231_118,Brain,18
231_119,Brain,18
231_120,Brain,18
231_121,Brain,18
231_122,Brain,18
231_123,Brain,18
231_124,Brain,18
231_125,Brain,18
231_126,Brain,18
231_127,Brain,18
231_128,Brain,18
231_129,Brain,18
231_130,Brain,18
231_131,Brain,18
231_132,Brain,18
231_133,Brain,18
231_134,Brain,18
231_135,Brain,18
231_136,Brain,18
231_137,Brain,18
231_138,Brain,18
231_139,Brain,18
231_140,Brain,18
231_141,Brain,18
231_142,Brain,18
231_143,Brain,18
231_144,Brain,18
231_145,Brain,18
231_146,Brain,18
231_147,Brain,18
231_148,Brain,18
231_149,Brain,18
231_150,Brain,18
231_151,Brain,18
231_152,Brain,11
231_153,Brain,11
231_154,Brain,11
231_155,Brain,11
231_156,Cavity,11
231_157,Cavity,13
231_158,Cavity,13
231_159,Cavity,11
231_160,Brain,11
231_161,Brain,11
231_162,Brain,11
231_163,Brain,11
231_164,Brain,11
231_165,Brain,11
231_166,Brain,11
231_167,Brain,11
231_168,Brain,11
231_169,Brain,11
231_170,Brain,7
231_171,Brain,7
231_172,Brain,7
231_173,Brain,7
231_174,Brain,7
231_175,Brain,7
231_176,Brain,7
231_177,Brain,7
231_178,Brain,7
231_179,Brain,7
231_180,Brain,7
231_181,Brain,11
231_182,Brain,7
231_183,Brain,11
231_184,Brain,11
231_185,Brain,11
231_186,Brain,11
231_187,Brain,11
231_188,Brain,11
231_189,Brain,11
231_190,Brain,17
231_191,Head mesenchyme,17
231_192,Jaw and tooth,17
231_193,Jaw and tooth,17
231_194,Jaw and tooth,17
231_195,Jaw and tooth,17
231_196,Jaw and tooth,17
231_197,Jaw and tooth,17
231_198,Cavity,17
231_227,Cavity,6
231_228,Heart,6
231_229,Heart,6
231_230,Heart,6
231_231,Heart,6
231_232,Heart,6
231_233,Heart,6
231_234,Heart,6
231_235,Heart,6
231_236,Heart,6
231_237,Heart,6
231_238,Heart,2
231_239,Heart,2
231_240,Heart,2
231_241,Heart,2
231_242,Heart,2
231_243,Heart,2
231_244,Heart,2
231_245,Heart,2
231_246,Heart,2
231_247,Heart,2
231_248,Heart,2
231_249,Heart,2
231_250,Heart,2
231_251,Heart,2
231_252,Heart,2
231_253,Heart,2
231_254,Heart,2
231_255,Heart,2
231_256,Heart,2
231_257,Heart,2
231_258,Heart,2
231_259,Liver,19
231_260,Liver,19
231_261,Liver,19
231_262,Liver,19
231_263,Liver,19
231_264,Liver,19
231_265,Liver,19
231_266,Liver,19
231_267,Liver,19
231_268,Liver,19
231_269,Liver,19
231_270,Liver,19
231_271,Liver,19
231_272,Liver,19
231_273,Liver,19
231_274,Liver,19
231_275,Liver,19
231_276,Liver,19
231_277,Liver,19
231_278,Liver,19
231_279,Liver,19
231_280,Liver,19
231_281,Liver,19
231_282,Liver,19
231_283,GI tract,19
231_284,GI tract,12
231_285,GI tract,12
231_286,GI tract,12
231_287,GI tract,12
231_288,GI tract,12
231_289,GI tract,12
231_290,GI tract,12
231_291,GI tract,12
231_292,GI tract,12
231_293,GI tract,12
231_294,GI tract,12
231_295,GI tract,12
231_296,GI tract,12
231_297,GI tract,12
231_298,GI tract,12
231_299,GI tract,12
231_300,Urogenital ridge,6
231_301,Urogenital ridge,6
231_302,Urogenital ridge,6
231_303,Urogenital ridge,6
231_304,Urogenital ridge,6
231_305,Urogenital ridge,6
231_306,Urogenital ridge,6
231_307,Urogenital ridge,6
231_308,Urogenital ridge,6
231_309,Urogenital ridge,3
231_310,Dermomyotome,3
231_311,Dermomyotome,3
231_312,Sclerotome,15
231_313,Sclerotome,15
231_314,Sclerotome,3
231_315,Sclerotome,3
231_316,Sclerotome,3
231_317,Sclerotome,3
231_318,Sclerotome,3
231_319,Sclerotome,3
231_320,Sclerotome,3
231_321,Sclerotome,3
231_322,Sclerotome,3
231_323,Sclerotome,3
231_324,Sclerotome,3
231_325,Sclerotome,3
231_326,Dermomyotome,1
231_327,Sclerotome,1
231_328,Sclerotome,1
231_329,Sclerotome,1
231_330,Sclerotome,1
231_331,Sclerotome,1
231_332,Surface ectoderm,1
231_333,Surface ectoderm,1
231_334,Surface ectoderm,1
231_335,Surface ectoderm,1
231_336,Cavity,1
232_102,Cavity,13
232_103,Meninges,13
232_104,Meninges,13
232_105,Meninges,7
232_106,Brain,7
232_107,Brain,7
232_108,Brain,18
232_109,Brain,18
232_110,Brain,18
232_111,Brain,18
232_112,Brain,18
232_113,Brain,18
232_114,Brain,18
232_115,Brain,18
232_116,Brain,18
232_117,Brain,18
232_118,Brain,18
232_119,Brain,18
232_120,Brain,18
232_121,Brain,18
232_122,Brain,18
232_123,Brain,18
232_124,Brain,18
232_125,Brain,18
232_126,Brain,18
232_127,Brain,18
232_128,Brain,18
232_129,Brain,18
232_130,Brain,18
232_131,Brain,18
232_132,Brain,18
232_133,Brain,18
232_134,Brain,18
232_135,Brain,18
232_136,Brain,18
232_137,Brain,18
232_138,Brain,18
232_139,Brain,18
232_140,Brain,18
232_141,Brain,18
232_142,Brain,18
232_143,Brain,18
232_144,Brain,18
232_145,Brain,18
232_146,Brain,18
232_147,Brain,18
232_148,Brain,18
232_149,Brain,18
232_150,Brain,18
232_151,Brain,18
232_152,Brain,18
232_153,Brain,18
232_154,Brain,11
232_155,Cavity,13
232_156,Cavity,13
232_157,Cavity,13
232_158,Cavity,13
232_159,Cavity,13
232_160,Cavity,11
232_161,Brain,11
232_162,Brain,11
232_163,Brain,11
232_164,Brain,11
232_165,Brain,11
232_166,Brain,11
232_167,Brain,11
232_168,Brain,11
232_169,Brain,11
232_170,Brain,11
232_171,Brain,7
232_172,Brain,7
232_173,Brain,7
232_174,Brain,7
232_175,Brain,7
232_176,Brain,7
232_177,Brain,7
232_178,Brain,7
232_179,Brain,7
232_180,Brain,7
232_181,Brain,7
232_182,Brain,7
232_183,Brain,7
232_184,Brain,11
232_185,Brain,11
232_186,Brain,11
232_187,Brain,11
232_188,Brain,11
232_189,Brain,11
232_190,Brain,17
232_191,Jaw and tooth,17
232_192,Jaw and tooth,17
232_193,Jaw and tooth,17
232_194,Jaw and tooth,17
232_195,Jaw and tooth,17
232_196,Jaw and tooth,17
232_197,Jaw and tooth,17
232_198,Surface ectoderm,17
232_228,Cavity,6
232_229,Heart,6
232_230,Heart,6
232_231,Heart,6
232_232,Heart,6
232_233,Heart,6
232_234,Heart,6
232_235,Heart,6
232_236,Heart,6
232_237,Heart,6
232_238,Heart,6
232_239,Heart,2
232_240,Heart,2
232_241,Heart,2
232_242,Heart,2
232_243,Heart,2
232_244,Heart,2
232_245,Heart,2
232_246,Heart,2
232_247,Heart,2
232_248,Heart,2
232_249,Heart,2
232_250,Heart,2
232_251,Heart,2
232_252,Heart,2
232_253,Heart,2
232_254,Heart,2
232_255,Heart,2
232_256,Heart,2
232_257,Heart,2
232_258,Liver,19
232_259,Liver,19
232_260,Liver,19
232_261,Liver,19
232_262,Liver,19
232_263,Liver,19
232_264,Liver,19
232_265,Liver,19
232_266,Liver,19
232_267,Liver,19
232_268,Liver,19
232_269,Liver,19
232_270,Liver,19
232_271,Liver,19
232_272,Liver,19
232_273,Liver,19
232_274,Liver,19
232_275,Liver,8
232_276,Liver,19
232_277,Liver,19
232_278,Liver,19
232_279,Liver,19
232_280,Liver,19
232_281,Liver,19
232_282,Liver,12
232_283,GI tract,12
232_284,GI tract,12
232_285,GI tract,12
232_286,GI tract,12
232_287,GI tract,12
232_288,GI tract,12
232_289,GI tract,12
232_290,GI tract,12
232_291,GI tract,12
232_292,GI tract,12
232_293,GI tract,12
232_294,GI tract,12
232_295,GI tract,12
232_296,GI tract,12
232_297,GI tract,12
232_298,GI tract,12
232_299,GI tract,12
232_300,Urogenital ridge,6
232_301,Urogenital ridge,6
232_302,Urogenital ridge,6
232_303,Connective tissue,6
232_304,Urogenital ridge,6
232_305,Urogenital ridge,6
232_306,Urogenital ridge,6
232_307,Urogenital ridge,6
232_308,Urogenital ridge,6
232_309,Urogenital ridge,3
232_310,Urogenital ridge,3
232_311,Sclerotome,3
232_312,Sclerotome,3
232_313,Sclerotome,3
232_314,Sclerotome,3
232_315,Sclerotome,3
232_316,Sclerotome,3
232_317,Sclerotome,3
232_318,Sclerotome,3
232_319,Sclerotome,3
232_320,Sclerotome,3
232_321,Sclerotome,3
232_322,Sclerotome,3
232_323,Sclerotome,3
232_324,Sclerotome,3
232_325,Dermomyotome,3
232_326,Dermomyotome,1
232_327,Dermomyotome,1
232_328,Sclerotome,1
232_329,Sclerotome,1
232_330,Sclerotome,1
232_331,Sclerotome,1
232_332,Surface ectoderm,1
232_333,Surface ectoderm,1
232_334,Surface ectoderm,1
232_335,Surface ectoderm,1
232_336,Surface ectoderm,1
233_103,Meninges,13
233_104,Meninges,13
233_105,Meninges,13
233_106,Meninges,13
233_107,Brain,18
233_108,Brain,18
233_109,Brain,18
233_110,Brain,18
233_111,Brain,18
233_112,Brain,18
233_113,Brain,18
233_114,Brain,18
233_115,Brain,18
233_116,Brain,18
233_117,Brain,18
233_118,Brain,18
233_119,Brain,18
233_120,Brain,18
233_121,Brain,18
233_122,Brain,18
233_123,Brain,18
233_124,Brain,18
233_125,Brain,18
233_126,Brain,18
233_127,Brain,18
233_128,Brain,18
233_129,Brain,18
233_130,Brain,18
233_131,Brain,18
233_132,Brain,18
233_133,Brain,18
233_134,Brain,18
233_135,Brain,18
233_136,Brain,18
233_137,Brain,18
233_138,Brain,18
233_139,Brain,18
233_140,Brain,18
233_141,Brain,18
233_142,Brain,18
233_143,Brain,18
233_144,Brain,18
233_145,Brain,18
233_146,Brain,18
233_147,Brain,18
233_148,Brain,18
233_149,Brain,18
233_150,Brain,18
233_151,Brain,18
233_152,Brain,18
233_153,Brain,18
233_154,Cavity,13
233_155,Cavity,13
233_156,Cavity,13
233_157,Cavity,13
233_158,Cavity,13
233_159,Cavity,13
233_160,Cavity,13
233_161,Brain,11
233_162,Brain,11
233_163,Brain,11
233_164,Brain,11
233_165,Brain,11
233_166,Brain,11
233_167,Brain,11
233_168,Brain,11
233_169,Brain,11
233_170,Brain,11
233_171,Brain,7
233_172,Brain,7
233_173,Brain,7
233_174,Brain,7
233_175,Brain,7
233_176,Brain,7
233_177,Brain,7
233_178,Brain,7
233_179,Brain,7
233_180,Brain,7
233_181,Brain,7
233_182,Brain,7
233_183,Brain,7
233_184,Brain,7
233_185,Brain,7
233_186,Brain,7
233_187,Brain,7
233_188,Brain,11
233_189,Brain,11
233_190,Brain,17
233_191,Jaw and tooth,17
233_192,Jaw and tooth,17
233_193,Jaw and tooth,17
233_194,Jaw and tooth,17
233_195,Jaw and tooth,17
233_196,Jaw and tooth,17
233_197,Jaw and tooth,17
233_198,Cavity,17
233_230,Cavity,6
233_231,Heart,6
233_232,Heart,6
233_233,Heart,6
233_234,Heart,6
233_235,Heart,6
233_236,Heart,6
233_237,Heart,6
233_238,Heart,6
233_239,Heart,6
233_240,Heart,2
233_241,Heart,2
233_242,Heart,2
233_243,Heart,2
233_244,Heart,2
233_245,Heart,2
233_246,Heart,2
233_247,Heart,2
233_248,Heart,2
233_249,Heart,2
233_250,Heart,2
233_251,Heart,2
233_252,Heart,2
233_253,Heart,2
233_254,Heart,2
233_255,Heart,2
233_256,Heart,2
233_257,Heart,19
233_258,Liver,19
233_259,Liver,19
233_260,Liver,19
233_261,Liver,19
233_262,Liver,19
233_263,Liver,19
233_264,Liver,19
233_265,Liver,19
233_266,Liver,19
233_267,Liver,19
233_268,Liver,19
233_269,Liver,19
233_270,Liver,19
233_271,Liver,19
233_272,Liver,19
233_273,Cavity,8
233_274,Cavity,8
233_275,Cavity,8
233_276,Cavity,8
233_277,Cavity,19
233_278,Liver,19
233_279,Liver,19
233_280,Liver,19
233_281,Liver,19
233_282,GI tract,12
233_283,GI tract,12
233_284,GI tract,12
233_285,GI tract,12
233_286,GI tract,12
233_287,GI tract,12
233_288,GI tract,12
233_289,GI tract,12
233_290,GI tract,12
233_291,GI tract,12
233_292,GI tract,12
233_293,GI tract,12
233_294,GI tract,12
233_295,GI tract,12
233_296,GI tract,12
233_297,GI tract,12
233_298,GI tract,12
233_299,Urogenital ridge,12
233_300,Urogenital ridge,6
233_301,Urogenital ridge,6
233_302,Urogenital ridge,6
233_303,Connective tissue,6
233_304,Connective tissue,6
233_305,Urogenital ridge,6
233_306,Urogenital ridge,6
233_307,Urogenital ridge,6
233_308,Urogenital ridge,6
233_309,Urogenital ridge,6
233_310,Urogenital ridge,3
233_311,Sclerotome,3
233_312,Sclerotome,3
233_313,Sclerotome,3
233_314,Sclerotome,3
233_315,Sclerotome,3
233_316,Sclerotome,3
233_317,Sclerotome,3
233_318,Sclerotome,3
233_319,Dermomyotome,15
233_320,Dermomyotome,15
233_321,Dermomyotome,15
233_322,Dermomyotome,15
233_323,Dermomyotome,15
233_324,Sclerotome,3
233_325,Dermomyotome,3
233_326,Dermomyotome,1
233_327,Sclerotome,1
233_328,Sclerotome,1
233_329,Sclerotome,1
233_330,Sclerotome,1
233_331,Sclerotome,1
233_332,Surface ectoderm,1
233_333,Surface ectoderm,1
233_334,Surface ectoderm,1
233_335,Surface ectoderm,1
233_336,Surface ectoderm,1
234_103,Cavity,13
234_104,Meninges,13
234_105,Meninges,13
234_106,Meninges,13
234_107,Brain,7
234_108,Brain,18
234_109,Brain,18
234_110,Brain,18
234_111,Brain,18
234_112,Brain,18
234_113,Brain,18
234_114,Brain,18
234_115,Brain,18
234_116,Brain,18
234_117,Brain,18
234_118,Brain,18
234_119,Brain,18
234_120,Brain,18
234_121,Brain,18
234_122,Brain,18
234_123,Brain,18
234_124,Brain,18
234_125,Brain,18
234_126,Brain,18
234_127,Brain,18
234_128,Brain,18
234_129,Brain,18
234_130,Brain,18
234_131,Brain,18
234_132,Brain,18
234_133,Brain,18
234_134,Brain,18
234_135,Brain,18
234_136,Brain,18
234_137,Brain,18
234_138,Brain,18
234_139,Brain,18
234_140,Brain,18
234_141,Brain,18
234_142,Brain,18
234_143,Brain,18
234_144,Brain,18
234_145,Brain,18
234_146,Brain,18
234_147,Brain,18
234_148,Brain,18
234_149,Brain,18
234_150,Brain,18
234_151,Brain,18
234_152,Brain,18
234_153,Cavity,18
234_154,Cavity,13
234_155,Cavity,13
234_156,Cavity,13
234_157,Cavity,13
234_158,Cavity,13
234_159,Cavity,13
234_160,Cavity,13
234_161,Cavity,11
234_162,Brain,11
234_163,Brain,11
234_164,Brain,11
234_165,Brain,11
234_166,Brain,11
234_167,Brain,11
234_168,Brain,11
234_169,Brain,11
234_170,Brain,11
234_171,Brain,11
234_172,Brain,11
234_173,Brain,7
234_174,Brain,7
234_175,Brain,7
234_176,Brain,7
234_177,Brain,7
234_178,Brain,7
234_179,Brain,7
234_180,Brain,7
234_181,Brain,7
234_182,Brain,7
234_183,Brain,7
234_184,Brain,7
234_185,Brain,7
234_186,Brain,7
234_187,Brain,7
234_188,Brain,7
234_189,Brain,7
234_190,Jaw and tooth,17
234_191,Jaw and tooth,17
234_192,Jaw and tooth,17
234_193,Jaw and tooth,17
234_194,Jaw and tooth,17
234_195,Jaw and tooth,17
234_196,Jaw and tooth,17
234_197,Jaw and tooth,17
234_198,Jaw and tooth,17
234_231,Cavity,6
234_232,Cavity,6
234_233,Heart,6
234_234,Heart,6
234_235,Heart,6
234_236,Heart,6
234_237,Heart,6
234_238,Heart,6
234_239,Heart,6
234_240,Heart,6
234_241,Heart,2
234_242,Heart,2
234_243,Heart,2
234_244,Heart,2
234_245,Heart,2
234_246,Heart,2
234_247,Heart,2
234_248,Heart,2
234_249,Heart,2
234_250,Heart,2
234_251,Heart,2
234_252,Heart,2
234_253,Heart,2
234_254,Heart,2
234_255,Heart,2
234_256,Heart,2
234_257,Liver,19
234_258,Liver,19
234_259,Liver,19
234_260,Liver,19
234_261,Liver,19
234_262,Liver,19
234_263,Liver,19
234_264,Liver,19
234_265,Liver,19
234_266,Liver,19
234_267,Liver,19
234_268,Liver,19
234_269,Liver,19
234_270,Liver,19
234_271,Liver,19
234_272,Blood vessel,8
234_273,Cavity,8
234_274,Cavity,8
234_275,Cavity,8
234_276,Cavity,8
234_277,Cavity,8
234_278,Cavity,19
234_279,Liver,19
234_280,Liver,19
234_281,GI tract,19
234_282,GI tract,12
234_283,GI tract,12
234_284,Connective tissue,12
234_285,GI tract,12
234_286,GI tract,12
234_287,GI tract,12
234_288,GI tract,12
234_289,GI tract,12
234_290,GI tract,12
234_291,GI tract,12
234_292,GI tract,12
234_293,GI tract,12
234_294,GI tract,12
234_295,GI tract,12
234_296,GI tract,12
234_297,GI tract,12
234_298,GI tract,12
234_299,Urogenital ridge,6
234_300,Urogenital ridge,6
234_301,Urogenital ridge,6
234_302,Urogenital ridge,6
234_303,Urogenital ridge,6
234_304,Connective tissue,6
234_305,Urogenital ridge,6
234_306,Urogenital ridge,6
234_307,Urogenital ridge,6
234_308,Urogenital ridge,6
234_309,Urogenital ridge,3
234_310,Sclerotome,3
234_311,Sclerotome,3
234_312,Sclerotome,3
234_313,Sclerotome,3
234_314,Sclerotome,3
234_315,Sclerotome,3
234_316,Dermomyotome,3
234_317,Dermomyotome,3
234_318,Dermomyotome,15
234_319,Dermomyotome,15
234_320,Dermomyotome,15
234_321,Dermomyotome,15
234_322,Dermomyotome,15
234_323,Dermomyotome,15
234_324,Dermomyotome,15
234_325,Dermomyotome,3
234_326,Dermomyotome,1
234_327,Dermomyotome,1
234_328,Dermomyotome,1
234_329,Dermomyotome,1
234_330,Dermomyotome,1
234_331,Sclerotome,1
234_332,Sclerotome,1
234_333,Surface ectoderm,1
234_334,Surface ectoderm,1
234_335,Surface ectoderm,1
234_336,Surface ectoderm,1
234_337,Cavity,1
235_104,Cavity,13
235_105,Meninges,13
235_106,Meninges,13
235_107,Meninges,18
235_108,Brain,18
235_109,Brain,18
235_110,Brain,18
235_111,Brain,18
235_112,Brain,18
235_113,Brain,18
235_114,Brain,18
235_115,Brain,18
235_116,Brain,18
235_117,Brain,18
235_118,Brain,18
235_119,Brain,18
235_120,Brain,18
235_121,Brain,18
235_122,Brain,18
235_123,Brain,18
235_124,Brain,18
235_125,Brain,18
235_126,Brain,18
235_127,Brain,18
235_128,Brain,18
235_129,Brain,18
235_130,Brain,18
235_131,Brain,18
235_132,Brain,18
235_133,Brain,18
235_134,Brain,18
235_135,Brain,18
235_136,Brain,18
235_137,Jaw and tooth,18
235_138,Brain,18
235_139,Brain,18
235_140,Brain,18
235_141,Brain,18
235_142,Brain,18
235_143,Brain,18
235_144,Brain,18
235_145,Brain,18
235_146,Brain,18
235_147,Brain,18
235_148,Brain,18
235_149,Brain,18
235_150,Brain,18
235_151,Brain,18
235_152,Brain,18
235_153,Cavity,13
235_154,Cavity,13
235_155,Cavity,13
235_156,Cavity,13
235_157,Cavity,13
235_158,Cavity,13
235_159,Cavity,13
235_160,Cavity,13
235_161,Cavity,13
235_162,Brain,11
235_163,Brain,11
235_164,Brain,11
235_165,Brain,11
235_166,Brain,11
235_167,Brain,11
235_168,Brain,11
235_169,Brain,11
235_170,Brain,11
235_171,Brain,11
235_172,Brain,11
235_173,Brain,11
235_174,Brain,11
235_175,Brain,7
235_176,Brain,11
235_177,Brain,7
235_178,Brain,7
235_179,Brain,7
235_180,Brain,7
235_181,Brain,7
235_182,Brain,7
235_183,Brain,7
235_184,Brain,7
235_185,Brain,7
235_186,Brain,7
235_187,Brain,7
235_188,Brain,7
235_189,Brain,7
235_190,Jaw and tooth,17
235_191,Jaw and tooth,17
235_192,Jaw and tooth,17
235_193,Jaw and tooth,17
235_194,Jaw and tooth,17
235_195,Jaw and tooth,17
235_196,Jaw and tooth,17
235_197,Jaw and tooth,17
235_198,Surface ectoderm,17
235_199,Cavity,17
235_233,Cavity,6
235_234,Heart,6
235_235,Heart,6
235_236,Heart,6
235_237,Heart,6
235_238,Heart,6
235_239,Heart,6
235_240,Heart,6
235_241,Heart,6
235_242,Heart,6
235_243,Heart,6
235_244,Heart,6
235_245,Heart,2
235_246,Heart,2
235_247,Heart,2
235_248,Heart,2
235_249,Heart,2
235_250,Heart,2
235_251,Heart,2
235_252,Heart,2
235_253,Heart,2
235_254,Heart,2
235_255,Heart,19
235_256,Liver,19
235_257,Liver,19
235_258,Liver,19
235_259,Liver,19
235_260,Liver,19
235_261,Liver,19
235_262,Liver,19
235_263,Liver,19
235_264,Liver,19
235_265,Liver,19
235_266,Liver,19
235_267,Liver,19
235_268,Liver,19
235_269,Liver,19
235_270,Liver,19
235_271,Cavity,19
235_272,Cavity,8
235_273,Cavity,8
235_274,Cavity,8
235_275,Cavity,8
235_276,Cavity,8
235_277,Cavity,8
235_278,Cavity,8
235_279,Liver,19
235_280,Liver,19
235_281,GI tract,12
235_282,GI tract,12
235_283,GI tract,12
235_284,Connective tissue,12
235_285,GI tract,12
235_286,GI tract,12
235_287,GI tract,12
235_288,GI tract,12
235_289,GI tract,12
235_290,GI tract,12
235_291,GI tract,12
235_292,GI tract,12
235_293,GI tract,12
235_294,GI tract,12
235_295,GI tract,12
235_296,GI tract,12
235_297,GI tract,12
235_298,GI tract,12
235_299,GI tract,12
235_300,Urogenital ridge,6
235_301,Urogenital ridge,6
235_302,Urogenital ridge,6
235_303,Urogenital ridge,6
235_304,Urogenital ridge,6
235_305,Urogenital ridge,6
235_306,Urogenital ridge,6
235_307,Urogenital ridge,6
235_308,Urogenital ridge,6
235_309,Urogenital ridge,3
235_310,Sclerotome,3
235_311,Sclerotome,3
235_312,Sclerotome,3
235_313,Sclerotome,3
235_314,Sclerotome,3
235_315,Dermomyotome,3
235_316,Dermomyotome,3
235_317,Dermomyotome,15
235_318,Dermomyotome,15
235_319,Dermomyotome,15
235_320,Dermomyotome,15
235_321,Dermomyotome,15
235_322,Dermomyotome,15
235_323,Dermomyotome,15
235_324,Dermomyotome,15
235_325,Dermomyotome,15
235_326,Dermomyotome,1
235_327,Dermomyotome,1
235_328,Dermomyotome,1
235_329,Dermomyotome,1
235_330,Dermomyotome,1
235_331,Dermomyotome,1
235_332,Sclerotome,1
235_333,Surface ectoderm,1
235_334,Surface ectoderm,1
235_335,Surface ectoderm,1
235_336,Surface ectoderm,1
235_337,Cavity,1
236_104,Cavity,13
236_105,Meninges,13
236_106,Meninges,13
236_107,Meninges,18
236_108,Brain,18
236_109,Brain,18
236_110,Brain,18
236_111,Brain,18
236_112,Brain,18
236_113,Brain,18
236_114,Brain,18
236_115,Brain,18
236_116,Brain,18
236_117,Brain,18
236_118,Brain,18
236_119,Brain,18
236_120,Brain,18
236_121,Brain,18
236_122,Brain,18
236_123,Brain,18
236_124,Brain,18
236_125,Brain,18
236_126,Brain,18
236_127,Brain,18
236_128,Brain,18
236_129,Brain,18
236_130,Brain,18
236_131,Brain,18
236_132,Brain,18
236_133,Brain,18
236_134,Brain,18
236_135,Brain,18
236_136,Brain,18
236_137,Brain,18
236_138,Brain,18
236_139,Brain,18
236_140,Brain,18
236_141,Brain,18
236_142,Brain,18
236_143,Brain,18
236_144,Brain,18
236_145,Brain,18
236_146,Brain,18
236_147,Brain,18
236_148,Brain,18
236_149,Brain,18
236_150,Brain,18
236_151,Brain,18
236_152,Brain,18
236_153,Cavity,13
236_154,Cavity,13
236_155,Cavity,13
236_156,Cavity,13
236_157,Cavity,13
236_158,Cavity,13
236_159,Cavity,13
236_160,Cavity,13
236_161,Cavity,13
236_162,Brain,11
236_163,Brain,11
236_164,Brain,11
236_165,Brain,11
236_166,Brain,11
236_167,Brain,11
236_168,Brain,11
236_169,Brain,11
236_170,Brain,11
236_171,Brain,11
236_172,Brain,11
236_173,Brain,11
236_174,Brain,11
236_175,Brain,11
236_176,Brain,11
236_177,Brain,11
236_178,Brain,11
236_179,Brain,7
236_180,Brain,7
236_181,Brain,7
236_182,Brain,7
236_183,Brain,7
236_184,Brain,7
236_185,Brain,7
236_186,Brain,7
236_187,Brain,7
236_188,Brain,7
236_189,Brain,7
236_190,Jaw and tooth,17
236_191,Jaw and tooth,17
236_192,Jaw and tooth,17
236_193,Jaw and tooth,17
236_194,Jaw and tooth,17
236_195,Jaw and tooth,17
236_196,Jaw and tooth,17
236_197,Jaw and tooth,17
236_198,Jaw and tooth,17
236_199,Surface ectoderm,17
236_234,Cavity,6
236_235,Heart,6
236_236,Heart,6
236_237,Heart,6
236_238,Heart,6
236_239,Heart,6
236_240,Heart,6
236_241,Heart,6
236_242,Heart,6
236_243,Heart,6
236_244,Heart,6
236_245,Heart,6
236_246,Heart,6
236_247,Heart,6
236_248,Heart,2
236_249,Heart,2
236_250,Heart,2
236_251,Heart,2
236_252,Heart,2
236_253,Heart,2
236_254,Heart,19
236_255,Liver,19
236_256,Liver,19
236_257,Liver,19
236_258,Liver,19
236_259,Liver,19
236_260,Liver,19
236_261,Liver,19
236_262,Liver,19
236_263,Liver,19
236_264,Liver,19
236_265,Liver,19
236_266,Liver,19
236_267,Liver,19
236_268,Liver,19
236_269,Liver,19
236_270,Cavity,19
236_271,Cavity,8
236_272,Cavity,8
236_273,Cavity,8
236_274,Cavity,8
236_275,Cavity,8
236_276,Cavity,8
236_277,Cavity,8
236_278,Liver,19
236_279,Liver,19
236_280,Liver,12
236_281,GI tract,12
236_282,GI tract,12
236_283,GI tract,12
236_284,GI tract,12
236_285,GI tract,12
236_286,GI tract,12
236_287,GI tract,12
236_288,GI tract,12
236_289,GI tract,12
236_290,GI tract,12
236_291,GI tract,12
236_292,GI tract,12
236_293,GI tract,12
236_294,GI tract,12
236_295,GI tract,12
236_296,GI tract,12
236_297,GI tract,12
236_298,GI tract,12
236_299,Urogenital ridge,12
236_300,Urogenital ridge,6
236_301,Urogenital ridge,6
236_302,Urogenital ridge,6
236_303,Urogenital ridge,6
236_304,Urogenital ridge,6
236_305,Urogenital ridge,6
236_306,Urogenital ridge,6
236_307,Urogenital ridge,6
236_308,Urogenital ridge,6
236_309,Urogenital ridge,6
236_310,Urogenital ridge,3
236_311,Urogenital ridge,3
236_312,Sclerotome,3
236_313,Sclerotome,3
236_314,Dermomyotome,3
236_315,Dermomyotome,3
236_316,Dermomyotome,3
236_317,Dermomyotome,15
236_318,Dermomyotome,15
236_319,Dermomyotome,15
236_320,Dermomyotome,15
236_321,Dermomyotome,15
236_322,Dermomyotome,15
236_323,Dermomyotome,15
236_324,Dermomyotome,3
236_325,Dermomyotome,3
236_326,Dermomyotome,1
236_327,Dermomyotome,1
236_328,Sclerotome,1
236_329,Dermomyotome,1
236_330,Dermomyotome,1
236_331,Sclerotome,1
236_332,Sclerotome,1
236_333,Surface ectoderm,1
236_334,Surface ectoderm,1
236_335,Surface ectoderm,1
236_336,Surface ectoderm,1
236_337,Surface ectoderm,1
237_105,Meninges,13
237_106,Meninges,13
237_107,Meninges,13
237_108,Meninges,18
237_109,Brain,18
237_110,Brain,18
237_111,Brain,18
237_112,Brain,18
237_113,Brain,18
237_114,Brain,18
237_115,Brain,18
237_116,Brain,18
237_117,Brain,18
237_118,Brain,18
237_119,Brain,18
237_120,Brain,18
237_121,Brain,18
237_122,Brain,18
237_123,Brain,18
237_124,Brain,18
237_125,Brain,18
237_126,Brain,18
237_127,Brain,18
237_128,Brain,18
237_129,Brain,18
237_130,Brain,18
237_131,Brain,18
237_132,Brain,18
237_133,Brain,18
237_134,Brain,18
237_135,Brain,18
237_136,Brain,18
237_137,Brain,18
237_138,Brain,18
237_139,Brain,18
237_140,Brain,18
237_141,Brain,18
237_142,Brain,18
237_143,Brain,18
237_144,Brain,18
237_145,Brain,18
237_146,Brain,18
237_147,Brain,18
237_148,Brain,18
237_149,Brain,18
237_150,Brain,18
237_151,Brain,18
237_152,Brain,13
237_153,Cavity,13
237_154,Cavity,13
237_155,Cavity,13
237_156,Cavity,13
237_157,Cavity,13
237_158,Cavity,13
237_159,Cavity,13
237_160,Cavity,13
237_161,Cavity,13
237_162,Cavity,11
237_163,Brain,11
237_164,Brain,11
237_165,Brain,11
237_166,Brain,11
237_167,Brain,11
237_168,Brain,11
237_169,Brain,11
237_170,Brain,11
237_171,Brain,11
237_172,Brain,11
237_173,Brain,11
237_174,Brain,11
237_175,Brain,11
237_176,Brain,11
237_177,Brain,11
237_178,Brain,11
237_179,Brain,11
237_180,Brain,11
237_181,Brain,7
237_182,Brain,7
237_183,Brain,7
237_184,Brain,7
237_185,Brain,7
237_186,Brain,7
237_187,Brain,7
237_188,Brain,7
237_189,Brain,7
237_190,Jaw and tooth,17
237_191,Jaw and tooth,17
237_192,Jaw and tooth,17
237_193,Jaw and tooth,17
237_194,Jaw and tooth,17
237_195,Jaw and tooth,17
237_196,Jaw and tooth,17
237_197,Jaw and tooth,17
237_198,Jaw and tooth,17
237_199,Surface ectoderm,17
237_236,Heart,6
237_237,Heart,6
237_238,Heart,6
237_239,Heart,6
237_240,Heart,6
237_241,Heart,6
237_242,Heart,6
237_243,Heart,6
237_244,Heart,6
237_245,Heart,6
237_246,Heart,6
237_247,Heart,6
237_248,Heart,6
237_249,Heart,2
237_250,Heart,2
237_251,Heart,2
237_252,Heart,19
237_253,Liver,19
237_254,Liver,19
237_255,Liver,19
237_256,Liver,19
237_257,Liver,19
237_258,Liver,19
237_259,Liver,19
237_260,Liver,19
237_261,Liver,19
237_262,Liver,19
237_263,Liver,19
237_264,Liver,19
237_265,Liver,19
237_266,Liver,19
237_267,Liver,19
237_268,Liver,19
237_269,Cavity,19
237_270,Cavity,19
237_271,Cavity,8
237_272,Cavity,8
237_273,Blood vessel,8
237_274,Blood vessel,8
237_275,Cavity,8
237_276,Cavity,8
237_277,Cavity,19
237_278,Liver,19
237_279,Liver,19
237_280,GI tract,12
237_281,GI tract,12
237_282,GI tract,12
237_283,GI tract,12
237_284,GI tract,12
237_285,GI tract,12
237_286,GI tract,12
237_287,GI tract,12
237_288,GI tract,12
237_289,GI tract,12
237_290,GI tract,12
237_291,GI tract,12
237_292,GI tract,12
237_293,GI tract,12
237_294,GI tract,12
237_295,GI tract,12
237_296,GI tract,12
237_297,GI tract,12
237_298,GI tract,12
237_299,Urogenital ridge,7
237_300,Urogenital ridge,7
237_301,Urogenital ridge,6
237_302,Urogenital ridge,6
237_303,Urogenital ridge,6
237_304,Urogenital ridge,6
237_305,Urogenital ridge,6
237_306,Urogenital ridge,6
237_307,Urogenital ridge,6
237_308,Urogenital ridge,6
237_309,Urogenital ridge,6
237_310,Urogenital ridge,6
237_311,Dermomyotome,3
237_312,Dermomyotome,3
237_313,Dermomyotome,3
237_314,Dermomyotome,3
237_315,Dermomyotome,3
237_316,Dermomyotome,3
237_317,Dermomyotome,3
237_318,Dermomyotome,3
237_319,Dermomyotome,15
237_320,Dermomyotome,15
237_321,Dermomyotome,15
237_322,Sclerotome,15
237_323,Sclerotome,3
237_324,Dermomyotome,3
237_325,Dermomyotome,3
237_326,Dermomyotome,3
237_327,Dermomyotome,1
237_328,Sclerotome,1
237_329,Sclerotome,1
237_330,Sclerotome,1
237_331,Sclerotome,1
237_332,Sclerotome,1
237_333,Surface ectoderm,1
237_334,Surface ectoderm,1
237_335,Surface ectoderm,1
237_336,Surface ectoderm,1
237_337,Surface ectoderm,1
237_338,Cavity,1
238_105,Cavity,13
238_106,Meninges,13
238_107,Meninges,13
238_108,Meninges,13
238_109,Meninges,18
238_110,Brain,18
238_111,Brain,18
238_112,Brain,18
238_113,Brain,18
238_114,Brain,18
238_115,Brain,18
238_116,Brain,18
238_117,Brain,18
238_118,Brain,18
238_119,Brain,18
238_120,Brain,18
238_121,Brain,18
238_122,Brain,18
238_123,Brain,18
238_124,Brain,18
238_125,Brain,18
238_126,Brain,18
238_127,Brain,18
238_128,Brain,18
238_129,Brain,18
238_130,Brain,18
238_131,Brain,18
238_132,Brain,18
238_133,Brain,18
238_134,Brain,18
238_135,Brain,18
238_136,Brain,18
238_137,Brain,18
238_138,Brain,18
238_139,Brain,18
238_140,Brain,18
238_141,Brain,18
238_142,Brain,18
238_143,Brain,18
238_144,Brain,18
238_145,Brain,18
238_146,Brain,18
238_147,Brain,18
238_148,Brain,18
238_149,Brain,18
238_150,Brain,18
238_151,Brain,18
238_152,Cavity,13
238_153,Cavity,13
238_154,Cavity,13
238_155,Cavity,13
238_156,Cavity,13
238_157,Cavity,13
238_158,Cavity,13
238_159,Cavity,13
238_160,Cavity,13
238_161,Cavity,13
238_162,Cavity,13
238_163,Brain,11
238_164,Brain,11
238_165,Brain,11
238_166,Brain,11
238_167,Brain,11
238_168,Brain,11
238_169,Brain,11
238_170,Brain,11
238_171,Brain,11
238_172,Brain,11
238_173,Brain,11
238_174,Brain,11
238_175,Brain,11
238_176,Brain,11
238_177,Brain,11
238_178,Brain,11
238_179,Brain,11
238_180,Brain,11
238_181,Brain,11
238_182,Brain,11
238_183,Brain,7
238_184,Brain,7
238_185,Brain,7
238_186,Brain,7
238_187,Brain,7
238_188,Brain,7
238_189,Head mesenchyme,17
238_190,Jaw and tooth,17
238_191,Jaw and tooth,17
238_192,Jaw and tooth,17
238_193,Jaw and tooth,17
238_194,Jaw and tooth,17
238_195,Jaw and tooth,17
238_196,Jaw and tooth,17
238_197,Jaw and tooth,17
238_198,Jaw and tooth,17
238_199,Surface ectoderm,17
238_236,Cavity,6
238_237,Cavity,6
238_238,Heart,6
238_239,Heart,6
238_240,Heart,6
238_241,Heart,6
238_242,Heart,6
238_243,Heart,6
238_244,Heart,6
238_245,Heart,6
238_246,Heart,6
238_247,Heart,6
238_248,Heart,6
238_249,Heart,6
238_250,Heart,6
238_251,Heart,19
238_252,Liver,19
238_253,Liver,19
238_254,Liver,19
238_255,Liver,19
238_256,Liver,19
238_257,Liver,19
238_258,Liver,19
238_259,Liver,19
238_260,Liver,19
238_261,Liver,19
238_262,Liver,19
238_263,Liver,19
238_264,Liver,19
238_265,Liver,19
238_266,Liver,19
238_267,Liver,19
238_268,Cavity,19
238_269,Cavity,19
238_270,Cavity,19
238_271,Cavity,19
238_272,Blood vessel,19
238_273,Heart,19
238_274,Heart,19
238_275,Liver,19
238_276,Cavity,19
238_277,Cavity,19
238_278,Liver,19
238_279,Liver,19
238_280,Liver,12
238_281,GI tract,12
238_282,GI tract,12
238_283,GI tract,12
238_284,Connective tissue,12
238_285,GI tract,12
238_286,GI tract,12
238_287,GI tract,12
238_288,GI tract,12
238_289,GI tract,12
238_290,GI tract,12
238_291,GI tract,12
238_292,GI tract,12
238_293,GI tract,12
238_294,GI tract,12
238_295,GI tract,12
238_296,GI tract,12
238_297,GI tract,12
238_298,GI tract,12
238_299,Urogenital ridge,7
238_300,Urogenital ridge,7
238_301,Urogenital ridge,6
238_302,Urogenital ridge,6
238_303,Urogenital ridge,6
238_304,Urogenital ridge,6
238_305,Urogenital ridge,6
238_306,Urogenital ridge,6
238_307,Urogenital ridge,6
238_308,Urogenital ridge,6
238_309,Urogenital ridge,6
238_310,Urogenital ridge,6
238_311,Urogenital ridge,3
238_312,Dermomyotome,3
238_313,Dermomyotome,3
238_314,Dermomyotome,3
238_315,Sclerotome,3
238_316,Sclerotome,3
238_317,Sclerotome,3
238_318,Sclerotome,3
238_319,Sclerotome,3
238_320,Sclerotome,3
238_321,Sclerotome,3
238_322,Sclerotome,3
238_323,Sclerotome,3
238_324,Sclerotome,3
238_325,Sclerotome,3
238_326,Dermomyotome,3
238_327,Dermomyotome,3
238_328,Sclerotome,1
238_329,Sclerotome,1
238_330,Sclerotome,1
238_331,Sclerotome,1
238_332,Sclerotome,1
238_333,Sclerotome,1
238_334,Surface ectoderm,1
238_335,Surface ectoderm,1
238_336,Surface ectoderm,1
238_337,Surface ectoderm,1
238_338,Cavity,1
239_106,Meninges,13
239_107,Meninges,13
239_108,Meninges,13
239_109,Meninges,18
239_110,Brain,18
239_111,Brain,18
239_112,Brain,18
239_113,Brain,18
239_114,Brain,18
239_115,Brain,18
239_116,Brain,18
239_117,Brain,18
239_118,Brain,18
239_119,Brain,18
239_120,Brain,18
239_121,Brain,18
239_122,Brain,18
239_123,Brain,18
239_124,Brain,18
239_125,Brain,18
239_126,Brain,18
239_127,Brain,18
239_128,Brain,18
239_129,Brain,18
239_130,Brain,18
239_131,Brain,18
239_132,Brain,18
239_133,Brain,18
239_134,Brain,18
239_135,Brain,18
239_136,Brain,18
239_137,Brain,18
239_138,Brain,18
239_139,Brain,18
239_140,Brain,18
239_141,Brain,18
239_142,Brain,18
239_143,Brain,18
239_144,Brain,18
239_145,Brain,18
239_146,Brain,18
239_147,Brain,18
239_148,Brain,18
239_149,Brain,18
239_150,Brain,18
239_151,Brain,18
239_152,Cavity,13
239_153,Cavity,13
239_154,Cavity,13
239_155,Cavity,13
239_156,Cavity,13
239_157,Cavity,13
239_158,Cavity,13
239_159,Cavity,13
239_160,Cavity,13
239_161,Cavity,13
239_162,Cavity,13
239_163,Brain,13
239_164,Brain,11
239_165,Brain,11
239_166,Brain,11
239_167,Brain,11
239_168,Brain,11
239_169,Brain,11
239_170,Brain,11
239_171,Brain,11
239_172,Brain,11
239_173,Brain,11
239_174,Brain,11
239_175,Brain,11
239_176,Brain,11
239_177,Brain,11
239_178,Brain,11
239_179,Brain,11
239_180,Brain,11
239_181,Brain,11
239_182,Brain,11
239_183,Brain,11
239_184,Brain,11
239_185,Brain,7
239_186,Brain,7
239_187,Brain,7
239_188,Brain,17
239_189,Head mesenchyme,17
239_190,Jaw and tooth,17
239_191,Jaw and tooth,17
239_192,Jaw and tooth,17
239_193,Jaw and tooth,17
239_194,Connective tissue,17
239_195,Branchial arch,17
239_196,Jaw and tooth,17
239_197,Jaw and tooth,17
239_198,Jaw and tooth,17
239_199,Surface ectoderm,17
239_240,Cavity,6
239_241,Heart,6
239_242,Heart,6
239_243,Heart,6
239_244,Heart,6
239_245,Heart,6
239_246,Heart,6
239_247,Heart,6
239_248,Heart,6
239_249,Heart,6
239_250,Heart,6
239_251,Heart,6
239_252,Liver,19
239_253,Liver,19
239_254,Liver,19
239_255,Liver,19
239_256,Liver,19
239_257,Liver,19
239_258,Liver,19
239_259,Liver,19
239_260,Liver,19
239_261,Liver,19
239_262,Liver,19
239_263,Liver,19
239_264,Liver,19
239_265,Liver,19
239_266,Liver,19
239_267,Liver,19
239_268,Cavity,19
239_269,Cavity,19
239_270,Cavity,19
239_271,Blood vessel,19
239_272,Heart,19
239_273,Liver,19
239_274,Liver,19
239_275,Liver,19
239_276,Liver,19
239_277,Liver,19
239_278,Liver,19
239_279,Liver,19
239_280,GI tract,12
239_281,GI tract,12
239_282,GI tract,12
239_283,GI tract,12
239_284,Connective tissue,12
239_285,GI tract,12
239_286,GI tract,12
239_287,GI tract,12
239_288,GI tract,12
239_289,GI tract,12
239_290,GI tract,12
239_291,GI tract,12
239_292,GI tract,12
239_293,GI tract,12
239_294,GI tract,12
239_295,GI tract,12
239_296,GI tract,12
239_297,GI tract,12
239_298,GI tract,7
239_299,Urogenital ridge,7
239_300,Urogenital ridge,7
239_301,Urogenital ridge,7
239_302,Urogenital ridge,6
239_303,Urogenital ridge,6
239_304,Urogenital ridge,6
239_305,Urogenital ridge,6
239_306,Urogenital ridge,6
239_307,Urogenital ridge,6
239_308,Urogenital ridge,6
239_309,Urogenital ridge,6
239_310,Urogenital ridge,6
239_311,Urogenital ridge,3
239_312,Urogenital ridge,3
239_313,Sclerotome,3
239_314,Sclerotome,3
239_315,Sclerotome,3
239_316,Sclerotome,3
239_317,Sclerotome,3
239_318,Sclerotome,3
239_319,Sclerotome,3
239_320,Sclerotome,3
239_321,Sclerotome,3
239_322,Sclerotome,3
239_323,Sclerotome,3
239_324,Sclerotome,3
239_325,Sclerotome,3
239_326,Dermomyotome,3
239_327,Dermomyotome,3
239_328,Sclerotome,1
239_329,Sclerotome,1
239_330,Sclerotome,1
239_331,Sclerotome,1
239_332,Sclerotome,1
239_333,Sclerotome,1
239_334,Surface ectoderm,1
239_335,Surface ectoderm,1
239_336,Surface ectoderm,1
239_337,Surface ectoderm,1
239_338,Cavity,1
240_106,Cavity,13
240_107,Meninges,13
240_108,Meninges,13
240_109,Meninges,18
240_110,Meninges,18
240_111,Brain,18
240_112,Brain,18
240_113,Brain,18
240_114,Brain,18
240_115,Brain,18
240_116,Brain,18
240_117,Brain,18
240_118,Brain,18
240_119,Brain,18
240_120,Brain,18
240_121,Brain,18
240_122,Brain,18
240_123,Brain,18
240_124,Brain,18
240_125,Brain,18
240_126,Brain,18
240_127,Brain,18
240_128,Brain,18
240_129,Brain,18
240_130,Brain,18
240_131,Brain,18
240_132,Brain,18
240_133,Brain,18
240_134,Brain,18
240_135,Brain,18
240_136,Brain,18
240_137,Brain,18
240_138,Brain,18
240_139,Brain,18
240_140,Brain,18
240_141,Brain,18
240_142,Brain,18
240_143,Brain,18
240_144,Brain,18
240_145,Brain,18
240_146,Brain,18
240_147,Brain,18
240_148,Brain,18
240_149,Brain,18
240_150,Brain,18
240_151,Brain,18
240_152,Cavity,13
240_153,Cavity,13
240_154,Cavity,13
240_155,Cavity,13
240_156,Cavity,13
240_157,Cavity,13
240_158,Cavity,13
240_159,Cavity,13
240_160,Cavity,13
240_161,Cavity,13
240_162,Cavity,13
240_163,Cavity,13
240_164,Brain,13
240_165,Brain,11
240_166,Brain,11
240_167,Brain,11
240_168,Brain,11
240_169,Brain,11
240_170,Brain,11
240_171,Brain,11
240_172,Brain,11
240_173,Brain,11
240_174,Brain,11
240_175,Brain,11
240_176,Brain,11
240_177,Brain,11
240_178,Brain,11
240_179,Brain,11
240_180,Brain,11
240_181,Brain,11
240_182,Brain,11
240_183,Brain,11
240_184,Brain,11
240_185,Brain,11
240_186,Brain,7
240_187,Brain,7
240_188,Brain,17
240_189,Jaw and tooth,17
240_190,Jaw and tooth,17
240_191,Jaw and tooth,17
240_192,Jaw and tooth,17
240_193,Jaw and tooth,17
240_194,Jaw and tooth,17
240_195,Jaw and tooth,17
240_196,Jaw and tooth,17
240_197,Jaw and tooth,17
240_198,Jaw and tooth,17
240_199,Surface ectoderm,17
240_242,Cavity,6
240_243,Heart,6
240_244,Heart,6
240_245,Heart,6
240_246,Heart,6
240_247,Heart,6
240_248,Heart,6
240_249,Heart,6
240_250,Heart,6
240_251,Heart,6
240_252,Liver,19
240_253,Liver,19
240_254,Liver,19
240_255,Liver,19
240_256,Liver,19
240_257,Liver,19
240_258,Liver,19
240_259,Liver,19
240_260,Liver,19
240_261,Liver,19
240_262,Liver,19
240_263,Liver,19
240_264,Liver,19
240_265,Liver,19
240_266,Liver,19
240_267,Liver,19
240_268,Liver,19
240_269,Heart,19
240_270,Liver,19
240_271,Liver,19
240_272,Liver,19
240_273,Liver,19
240_274,Liver,19
240_275,Liver,19
240_276,Liver,19
240_277,Liver,19
240_278,Liver,19
240_279,Liver,19
240_280,GI tract,12
240_281,GI tract,12
240_282,GI tract,12
240_283,GI tract,12
240_284,GI tract,12
240_285,GI tract,12
240_286,GI tract,12
240_287,GI tract,12
240_288,GI tract,12
240_289,GI tract,12
240_290,GI tract,12
240_291,GI tract,12
240_292,GI tract,12
240_293,GI tract,12
240_294,GI tract,12
240_295,GI tract,12
240_296,GI tract,12
240_297,GI tract,12
240_298,GI tract,7
240_299,Urogenital ridge,7
240_300,Urogenital ridge,7
240_301,Urogenital ridge,7
240_302,Urogenital ridge,6
240_303,Urogenital ridge,6
240_304,Urogenital ridge,6
240_305,Urogenital ridge,6
240_306,Urogenital ridge,6
240_307,Urogenital ridge,6
240_308,Urogenital ridge,6
240_309,Urogenital ridge,6
240_310,Urogenital ridge,6
240_311,Urogenital ridge,3
240_312,Urogenital ridge,3
240_313,Sclerotome,3
240_314,Sclerotome,3
240_315,Sclerotome,3
240_316,Sclerotome,3
240_317,Sclerotome,3
240_318,Sclerotome,3
240_319,Sclerotome,3
240_320,Sclerotome,3
240_321,Sclerotome,3
240_322,Sclerotome,3
240_323,Sclerotome,3
240_324,Sclerotome,3
240_325,Dermomyotome,3
240_326,Dermomyotome,3
240_327,Dermomyotome,3
240_328,Dermomyotome,1
240_329,Sclerotome,1
240_330,Sclerotome,1
240_331,Sclerotome,1
240_332,Sclerotome,1
240_333,Sclerotome,1
240_334,Surface ectoderm,1
240_335,Surface ectoderm,1
240_336,Surface ectoderm,1
240_337,Surface ectoderm,1
240_338,Surface ectoderm,1
241_107,Cavity,13
241_108,Meninges,13
241_109,Meninges,13
241_110,Meninges,18
241_111,Brain,18
241_112,Brain,18
241_113,Brain,18
241_114,Brain,18
241_115,Brain,18
241_116,Brain,18
241_117,Brain,18
241_118,Brain,18
241_119,Brain,18
241_120,Brain,18
241_121,Brain,18
241_122,Brain,18
241_123,Brain,18
241_124,Brain,18
241_125,Brain,18
241_126,Brain,18
241_127,Brain,18
241_128,Brain,18
241_129,Brain,18
241_130,Brain,18
241_131,Brain,18
241_132,Brain,18
241_133,Brain,18
241_134,Brain,18
241_135,Brain,18
241_136,Brain,18
241_137,Brain,18
241_138,Brain,18
241_139,Brain,18
241_140,Brain,18
241_141,Brain,18
241_142,Brain,18
241_143,Brain,18
241_144,Brain,18
241_145,Brain,18
241_146,Brain,18
241_147,Brain,18
241_148,Brain,18
241_149,Brain,18
241_150,Brain,18
241_151,Brain,13
241_152,Cavity,13
241_153,Cavity,13
241_154,Cavity,13
241_155,Cavity,13
241_156,Cavity,13
241_157,Cavity,13
241_158,Cavity,13
241_159,Cavity,13
241_160,Cavity,13
241_161,Cavity,13
241_162,Cavity,13
241_163,Cavity,13
241_164,Brain,13
241_165,Cavity,13
241_166,Brain,11
241_167,Brain,13
241_168,Brain,11
241_169,Brain,11
241_170,Brain,11
241_171,Brain,11
241_172,Brain,11
241_173,Brain,11
241_174,Brain,11
241_175,Brain,11
241_176,Brain,11
241_177,Brain,11
241_178,Brain,11
241_179,Brain,11
241_180,Brain,11
241_181,Brain,11
241_182,Brain,11
241_183,Brain,11
241_184,Brain,11
241_185,Brain,11
241_186,Brain,11
241_187,Brain,17
241_188,Brain,17
241_189,Jaw and tooth,17
241_190,Jaw and tooth,17
241_191,Jaw and tooth,17
241_192,Jaw and tooth,17
241_193,Jaw and tooth,17
241_194,Jaw and tooth,17
241_195,Jaw and tooth,17
241_196,Jaw and tooth,17
241_197,Jaw and tooth,17
241_198,Jaw and tooth,17
241_199,Surface ectoderm,17
241_243,Heart,6
241_244,Heart,6
241_245,Heart,6
241_246,Heart,6
241_247,Heart,6
241_248,Heart,6
241_249,Heart,6
241_250,Heart,6
241_251,Heart,6
241_252,Liver,19
241_253,Liver,19
241_254,Liver,19
241_255,Liver,19
241_256,Liver,19
241_257,Liver,19
241_258,Liver,19
241_259,Liver,19
241_260,Liver,19
241_261,Liver,19
241_262,Liver,19
241_263,Liver,19
241_264,Liver,19
241_265,Liver,19
241_266,Liver,19
241_267,Liver,19
241_268,Liver,19
241_269,Liver,19
241_270,Liver,19
241_271,Liver,19
241_272,Liver,19
241_273,Liver,19
241_274,Liver,19
241_275,Liver,19
241_276,Liver,19
241_277,Liver,19
241_278,Liver,19
241_279,Liver,19
241_280,GI tract,12
241_281,GI tract,12
241_282,GI tract,12
241_283,GI tract,12
241_284,GI tract,12
241_285,GI tract,12
241_286,GI tract,12
241_287,GI tract,12
241_288,GI tract,12
241_289,GI tract,12
241_290,GI tract,12
241_291,GI tract,12
241_292,GI tract,12
241_293,GI tract,12
241_294,GI tract,12
241_295,GI tract,12
241_296,GI tract,12
241_297,GI tract,12
241_298,Urogenital ridge,12
241_299,Urogenital ridge,7
241_300,Urogenital ridge,7
241_301,Urogenital ridge,6
241_302,Urogenital ridge,6
241_303,Urogenital ridge,6
241_304,Urogenital ridge,6
241_305,Urogenital ridge,6
241_306,Urogenital ridge,6
241_307,Urogenital ridge,6
241_308,Urogenital ridge,6
241_309,Urogenital ridge,6
241_310,Urogenital ridge,6
241_311,Urogenital ridge,3
241_312,Sclerotome,3
241_313,Sclerotome,3
241_314,Sclerotome,3
241_315,Sclerotome,3
241_316,Sclerotome,3
241_317,Sclerotome,3
241_318,Sclerotome,3
241_319,Sclerotome,3
241_320,Sclerotome,3
241_321,Sclerotome,3
241_322,Dermomyotome,3
241_323,Sclerotome,3
241_324,Sclerotome,3
241_325,Dermomyotome,3
241_326,Dermomyotome,3
241_327,Dermomyotome,3
241_328,Sclerotome,1
241_329,Sclerotome,1
241_330,Sclerotome,1
241_331,Sclerotome,1
241_332,Sclerotome,1
241_333,Sclerotome,1
241_334,Surface ectoderm,1
241_335,Surface ectoderm,1
241_336,Surface ectoderm,1
241_337,Surface ectoderm,1
241_338,Surface ectoderm,1
242_108,Surface ectoderm,13
242_109,Meninges,13
242_110,Meninges,13
242_111,Meninges,18
242_112,Brain,18
242_113,Brain,18
242_114,Brain,18
242_115,Brain,18
242_116,Brain,18
242_117,Brain,18
242_118,Brain,18
242_119,Brain,18
242_120,Brain,18
242_121,Brain,18
242_122,Brain,18
242_123,Brain,18
242_124,Brain,18
242_125,Brain,18
242_126,Brain,18
242_127,Brain,18
242_128,Brain,18
242_129,Brain,18
242_130,Brain,18
242_131,Brain,18
242_132,Brain,18
242_133,Brain,18
242_134,Brain,18
242_135,Brain,18
242_136,Brain,18
242_137,Brain,18
242_138,Brain,18
242_139,Brain,18
242_140,Brain,18
242_141,Brain,18
242_142,Brain,18
242_143,Brain,18
242_144,Brain,18
242_145,Brain,18
242_146,Brain,18
242_147,Brain,18
242_148,Brain,18
242_149,Brain,18
242_150,Brain,18
242_151,Brain,13
242_152,Cavity,13
242_153,Cavity,13
242_154,Cavity,13
242_155,Cavity,13
242_156,Cavity,13
242_157,Cavity,13
242_158,Cavity,13
242_159,Cavity,13
242_160,Cavity,13
242_161,Cavity,13
242_162,Cavity,13
242_163,Cavity,13
242_164,Cavity,13
242_165,Brain,13
242_166,Cavity,13
242_167,Cavity,13
242_168,Cavity,13
242_169,Brain,13
242_170,Brain,11
242_171,Brain,11
242_172,Brain,11
242_173,Brain,11
242_174,Brain,11
242_175,Brain,11
242_176,Brain,11
242_177,Brain,11
242_178,Brain,11
242_179,Brain,11
242_180,Brain,11
242_181,Brain,11
242_182,Brain,11
242_183,Brain,11
242_184,Brain,11
242_185,Brain,11
242_186,Brain,11
242_187,Brain,17
242_188,Head mesenchyme,17
242_189,Jaw and tooth,17
242_190,Jaw and tooth,17
242_191,Jaw and tooth,17
242_192,Jaw and tooth,17
242_193,Jaw and tooth,17
242_194,Jaw and tooth,17
242_195,Jaw and tooth,17
242_196,Jaw and tooth,17
242_197,Jaw and tooth,17
242_198,Jaw and tooth,17
242_199,Surface ectoderm,17
242_243,Heart,6
242_244,Heart,6
242_245,Heart,6
242_246,Cavity,8
242_247,Cavity,8
242_248,Cavity,8
242_249,Heart,8
242_250,Heart,6
242_251,Heart,6
242_252,Liver,19
242_253,Liver,19
242_254,Liver,19
242_255,Liver,19
242_256,Liver,19
242_257,Liver,19
242_258,Liver,19
242_259,Liver,19
242_260,Liver,19
242_261,Liver,19
242_262,Liver,19
242_263,Liver,19
242_264,Liver,19
242_265,Liver,19
242_266,Liver,19
242_267,Liver,19
242_268,Liver,19
242_269,Liver,19
242_270,Liver,19
242_271,Liver,19
242_272,Liver,19
242_273,Liver,19
242_274,Liver,19
242_275,Liver,19
242_276,Liver,19
242_277,Liver,19
242_278,Liver,19
242_279,Liver,19
242_280,GI tract,12
242_281,GI tract,12
242_282,GI tract,12
242_283,GI tract,12
242_284,GI tract,12
242_285,GI tract,12
242_286,GI tract,12
242_287,GI tract,12
242_288,GI tract,12
242_289,GI tract,12
242_290,GI tract,12
242_291,GI tract,12
242_292,GI tract,12
242_293,GI tract,12
242_294,GI tract,12
242_295,GI tract,12
242_296,GI tract,12
242_297,GI tract,12
242_298,Urogenital ridge,7
242_299,Urogenital ridge,7
242_300,Urogenital ridge,7
242_301,Urogenital ridge,7
242_302,Urogenital ridge,6
242_303,Urogenital ridge,6
242_304,Connective tissue,6
242_305,Connective tissue,6
242_306,Urogenital ridge,6
242_307,Urogenital ridge,6
242_308,Urogenital ridge,6
242_309,Urogenital ridge,6
242_310,Urogenital ridge,6
242_311,Urogenital ridge,3
242_312,Sclerotome,3
242_313,Sclerotome,3
242_314,Sclerotome,3
242_315,Connective tissue,3
242_316,Sclerotome,3
242_317,Sclerotome,3
242_318,Dermomyotome,15
242_319,Dermomyotome,3
242_320,Dermomyotome,15
242_321,Dermomyotome,15
242_322,Dermomyotome,3
242_323,Dermomyotome,3
242_324,Dermomyotome,3
242_325,Dermomyotome,3
242_326,Dermomyotome,3
242_327,Dermomyotome,3
242_328,Sclerotome,1
242_329,Sclerotome,1
242_330,Sclerotome,1
242_331,Sclerotome,1
242_332,Sclerotome,1
242_333,Sclerotome,1
242_334,Surface ectoderm,1
242_335,Surface ectoderm,1
242_336,Surface ectoderm,1
242_337,Surface ectoderm,1
242_338,Surface ectoderm,1
242_339,Cavity,1
243_108,Cavity,13
243_109,Meninges,13
243_110,Meninges,13
243_111,Meninges,18
243_112,Meninges,18
243_113,Brain,18
243_114,Brain,18
243_115,Brain,18
243_116,Brain,18
243_117,Brain,18
243_118,Brain,18
243_119,Brain,18
243_120,Brain,18
243_121,Brain,18
243_122,Brain,18
243_123,Brain,18
243_124,Brain,18
243_125,Brain,18
243_126,Brain,18
243_127,Brain,18
243_128,Brain,18
243_129,Brain,18
243_130,Brain,18
243_131,Brain,18
243_132,Brain,18
243_133,Brain,18
243_134,Brain,18
243_135,Brain,18
243_136,Brain,18
243_137,Brain,18
243_138,Brain,18
243_139,Brain,18
243_140,Brain,18
243_141,Brain,18
243_142,Brain,18
243_143,Brain,18
243_144,Jaw and tooth,18
243_145,Brain,13
243_146,Brain,18
243_147,Brain,13
243_148,Brain,13
243_149,Brain,13
243_150,Brain,13
243_151,Cavity,13
243_152,Cavity,13
243_153,Cavity,13
243_154,Cavity,13
243_155,Cavity,13
243_156,Cavity,13
243_157,Cavity,13
243_158,Cavity,13
243_159,Cavity,13
243_160,Cavity,13
243_161,Brain,13
243_162,Cavity,13
243_163,Cavity,13
243_164,Cavity,13
243_165,Cavity,13
243_166,Cavity,13
243_167,Cavity,13
243_168,Cavity,13
243_169,Cavity,13
243_170,Cavity,13
243_171,Cavity,13
243_172,Brain,13
243_173,Brain,11
243_174,Brain,11
243_175,Brain,11
243_176,Brain,11
243_177,Brain,11
243_178,Brain,11
243_179,Brain,11
243_180,Brain,11
243_181,Brain,11
243_182,Brain,11
243_183,Brain,11
243_184,Brain,11
243_185,Brain,11
243_186,Brain,17
243_187,Brain,17
243_188,Head mesenchyme,17
243_189,Jaw and tooth,17
243_190,Jaw and tooth,17
243_191,Jaw and tooth,17
243_192,Jaw and tooth,17
243_193,Jaw and tooth,17
243_194,Jaw and tooth,17
243_195,Jaw and tooth,17
243_196,Jaw and tooth,17
243_197,Jaw and tooth,17
243_198,Jaw and tooth,17
243_199,Jaw and tooth,17
243_200,Cavity,17
243_242,Cavity,6
243_243,Heart,8
243_244,Heart,8
243_245,Cavity,8
243_246,Cavity,8
243_247,Cavity,8
243_248,Cavity,8
243_249,Heart,8
243_250,Heart,8
243_251,Heart,6
243_252,Liver,19
243_253,Liver,19
243_254,Liver,19
243_255,Liver,19
243_256,Liver,19
243_257,Liver,19
243_258,Liver,19
243_259,Liver,19
243_260,Liver,19
243_261,Liver,19
243_262,Liver,19
243_263,Liver,19
243_264,Liver,19
243_265,Liver,19
243_266,Liver,19
243_267,Liver,19
243_268,Liver,19
243_269,Liver,19
243_270,Liver,19
243_271,Liver,19
243_272,Liver,19
243_273,Liver,19
243_274,Liver,19
243_275,Liver,19
243_276,Liver,19
243_277,Liver,19
243_278,Liver,19
243_279,Connective tissue,12
243_280,GI tract,12
243_281,GI tract,12
243_282,GI tract,12
243_283,GI tract,12
243_284,GI tract,12
243_285,GI tract,12
243_286,GI tract,12
243_287,GI tract,12
243_288,GI tract,12
243_289,GI tract,12
243_290,GI tract,12
243_291,GI tract,12
243_292,GI tract,12
243_293,GI tract,12
243_294,GI tract,12
243_295,GI tract,12
243_296,GI tract,12
243_297,GI tract,12
243_298,Urogenital ridge,7
243_299,Urogenital ridge,7
243_300,Urogenital ridge,7
243_301,Urogenital ridge,7
243_302,Urogenital ridge,6
243_303,Urogenital ridge,6
243_304,Urogenital ridge,6
243_305,Urogenital ridge,6
243_306,Urogenital ridge,6
243_307,Urogenital ridge,6
243_308,Urogenital ridge,6
243_309,Urogenital ridge,6
243_310,Urogenital ridge,6
243_311,Urogenital ridge,3
243_312,Urogenital ridge,3
243_313,Urogenital ridge,3
243_314,Dermomyotome,3
243_315,Connective tissue,3
243_316,Dermomyotome,15
243_317,Dermomyotome,15
243_318,Dermomyotome,15
243_319,Dermomyotome,15
243_320,Dermomyotome,15
243_321,Dermomyotome,15
243_322,Dermomyotome,15
243_323,Dermomyotome,3
243_324,Dermomyotome,3
243_325,Dermomyotome,3
243_326,Dermomyotome,3
243_327,Dermomyotome,3
243_328,Dermomyotome,1
243_329,Sclerotome,1
243_330,Sclerotome,1
243_331,Sclerotome,1
243_332,Sclerotome,1
243_333,Sclerotome,1
243_334,Surface ectoderm,1
243_335,Surface ectoderm,1
243_336,Surface ectoderm,1
243_337,Surface ectoderm,1
243_338,Surface ectoderm,1
243_339,Cavity,1
244_108,Cavity,13
244_109,Surface ectoderm,13
244_110,Meninges,13
244_111,Meninges,13
244_112,Meninges,18
244_113,Meninges,18
244_114,Brain,18
244_115,Brain,18
244_116,Brain,18
244_117,Brain,18
244_118,Brain,18
244_119,Brain,18
244_120,Brain,18
244_121,Brain,18
244_122,Brain,18
244_123,Brain,18
244_124,Brain,18
244_125,Brain,18
244_126,Brain,18
244_127,Brain,18
244_128,Brain,18
244_129,Brain,18
244_130,Brain,18
244_131,Brain,18
244_132,Brain,18
244_133,Brain,18
244_134,Brain,18
244_135,Brain,18
244_136,Brain,18
244_137,Brain,18
244_138,Brain,18
244_139,Brain,18
244_140,Brain,18
244_141,Brain,18
244_142,Brain,18
244_143,Brain,18
244_144,Jaw and tooth,13
244_145,Jaw and tooth,13
244_146,Brain,13
244_147,Brain,13
244_148,Brain,13
244_149,Brain,13
244_150,Brain,13
244_151,Cavity,13
244_152,Cavity,13
244_153,Cavity,13
244_154,Cavity,13
244_155,Cavity,13
244_156,Cavity,13
244_157,Cavity,13
244_158,Cavity,13
244_159,Cavity,13
244_160,Cavity,13
244_161,Cavity,13
244_162,Cavity,13
244_163,Cavity,13
244_164,Cavity,13
244_165,Cavity,13
244_166,Cavity,13
244_167,Cavity,13
244_168,Cavity,13
244_169,Cavity,13
244_170,Cavity,13
244_171,Cavity,13
244_172,Cavity,13
244_173,Cavity,13
244_174,Brain,11
244_175,Brain,11
244_176,Brain,11
244_177,Brain,11
244_178,Brain,11
244_179,Brain,11
244_180,Brain,11
244_181,Brain,11
244_182,Brain,11
244_183,Brain,11
244_184,Brain,11
244_185,Brain,11
244_186,Brain,17
244_187,Brain,17
244_188,Jaw and tooth,17
244_189,Jaw and tooth,17
244_190,Jaw and tooth,17
244_191,Jaw and tooth,17
244_192,Jaw and tooth,17
244_193,Jaw and tooth,17
244_194,Jaw and tooth,17
244_195,Jaw and tooth,17
244_196,Jaw and tooth,17
244_197,Jaw and tooth,17
244_198,Jaw and tooth,17
244_199,Jaw and tooth,17
244_200,Surface ectoderm,17
244_242,Cavity,8
244_243,Heart,8
244_244,Heart,8
244_245,Cavity,8
244_246,Cavity,8
244_247,Cavity,8
244_248,Cavity,8
244_249,Heart,8
244_250,Heart,8
244_251,Heart,8
244_252,Heart,8
244_253,Liver,19
244_254,Liver,19
244_255,Liver,19
244_256,Liver,19
244_257,Liver,19
244_258,Liver,19
244_259,Liver,19
244_260,Liver,19
244_261,Cavity,19
244_262,Liver,19
244_263,Liver,19
244_264,Liver,19
244_265,Liver,19
244_266,Liver,19
244_267,Liver,19
244_268,Liver,19
244_269,Liver,19
244_270,Liver,19
244_271,Liver,19
244_272,Liver,19
244_273,Liver,19
244_274,Liver,19
244_275,Liver,19
244_276,Liver,19
244_277,Liver,19
244_278,Liver,19
244_279,GI tract,12
244_280,GI tract,12
244_281,GI tract,12
244_282,GI tract,12
244_283,GI tract,12
244_284,GI tract,12
244_285,GI tract,12
244_286,GI tract,12
244_287,GI tract,12
244_288,GI tract,12
244_289,GI tract,12
244_290,GI tract,12
244_291,GI tract,12
244_292,GI tract,12
244_293,GI tract,12
244_294,GI tract,12
244_295,GI tract,12
244_296,GI tract,12
244_297,GI tract,12
244_298,Urogenital ridge,7
244_299,Urogenital ridge,7
244_300,Urogenital ridge,7
244_301,Urogenital ridge,7
244_302,Urogenital ridge,6
244_303,Urogenital ridge,6
244_304,Urogenital ridge,6
244_305,Urogenital ridge,6
244_306,Urogenital ridge,6
244_307,Urogenital ridge,6
244_308,Urogenital ridge,6
244_309,Urogenital ridge,6
244_310,Urogenital ridge,6
244_311,Urogenital ridge,3
244_312,Urogenital ridge,3
244_313,Dermomyotome,3
244_314,Dermomyotome,3
244_315,Dermomyotome,3
244_316,Dermomyotome,15
244_317,Dermomyotome,15
244_318,Dermomyotome,15
244_319,Dermomyotome,15
244_320,Dermomyotome,15
244_321,Dermomyotome,15
244_322,Dermomyotome,15
244_323,Dermomyotome,3
244_324,Dermomyotome,3
244_325,Sclerotome,3
244_326,Sclerotome,3
244_327,Sclerotome,1
244_328,Dermomyotome,1
244_329,Sclerotome,1
244_330,Sclerotome,1
244_331,Sclerotome,1
244_332,Sclerotome,1
244_333,Sclerotome,1
244_334,Surface ectoderm,1
244_335,Surface ectoderm,1
244_336,Surface ectoderm,1
244_337,Surface ectoderm,1
244_338,Surface ectoderm,1
244_339,Cavity,1
245_109,Cavity,13
245_110,Surface ectoderm,13
245_111,Meninges,13
245_112,Meninges,13
245_113,Meninges,18
245_114,Brain,18
245_115,Brain,18
245_116,Brain,18
245_117,Brain,18
245_118,Brain,18
245_119,Brain,18
245_120,Brain,18
245_121,Brain,18
245_122,Brain,18
245_123,Brain,18
245_124,Brain,18
245_125,Brain,18
245_126,Brain,18
245_127,Brain,18
245_128,Brain,18
245_129,Brain,18
245_130,Brain,18
245_131,Brain,18
245_132,Brain,18
245_133,Brain,18
245_134,Brain,18
245_135,Brain,18
245_136,Brain,18
245_137,Brain,18
245_138,Brain,18
245_139,Brain,18
245_140,Brain,18
245_141,Brain,18
245_142,Brain,18
245_143,Brain,13
245_144,Jaw and tooth,13
245_145,Jaw and tooth,13
245_146,Brain,13
245_147,Brain,13
245_148,Brain,13
245_149,Brain,13
245_150,Brain,13
245_151,Cavity,13
245_152,Cavity,13
245_153,Cavity,13
245_154,Cavity,13
245_155,Cavity,13
245_156,Cavity,13
245_157,Cavity,13
245_158,Cavity,13
245_159,Cavity,13
245_160,Cavity,13
245_161,Cavity,13
245_162,Cavity,13
245_163,Cavity,13
245_164,Cavity,13
245_165,Cavity,13
245_166,Cavity,13
245_167,Cavity,13
245_168,Cavity,13
245_169,Cavity,13
245_170,Cavity,13
245_171,Cavity,13
245_172,Cavity,13
245_173,Cavity,13
245_174,Cavity,13
245_175,Brain,13
245_176,Brain,13
245_177,Brain,11
245_178,Brain,11
245_179,Brain,11
245_180,Brain,11
245_181,Brain,11
245_182,Brain,11
245_183,Brain,11
245_184,Brain,11
245_185,Brain,11
245_186,Brain,17
245_187,Jaw and tooth,17
245_188,Jaw and tooth,17
245_189,Jaw and tooth,17
245_190,Jaw and tooth,17
245_191,Jaw and tooth,17
245_192,Jaw and tooth,17
245_193,Jaw and tooth,17
245_194,Jaw and tooth,17
245_195,Jaw and tooth,17
245_196,Jaw and tooth,17
245_197,Jaw and tooth,17
245_198,Jaw and tooth,17
245_199,Jaw and tooth,17
245_200,Surface ectoderm,17
245_242,Cavity,8
245_243,Heart,8
245_244,Heart,8
245_245,Cavity,8
245_246,Cavity,8
245_247,Cavity,8
245_248,Cavity,8
245_249,Cavity,8
245_250,Cavity,8
245_251,Heart,8
245_252,Heart,8
245_253,Liver,19
245_254,Liver,19
245_255,Liver,19
245_256,Liver,19
245_257,Liver,19
245_258,Liver,19
245_259,Liver,19
245_260,Cavity,19
245_261,Cavity,19
245_262,Cavity,19
245_263,Cavity,19
245_264,Cavity,19
245_265,Liver,19
245_266,Cavity,19
245_267,Liver,19
245_268,Liver,19
245_269,Liver,19
245_270,Liver,19
245_271,Liver,19
245_272,Liver,19
245_273,Liver,19
245_274,Liver,19
245_275,Liver,19
245_276,Liver,19
245_277,Liver,19
245_278,Liver,19
245_279,GI tract,12
245_280,GI tract,12
245_281,GI tract,12
245_282,GI tract,12
245_283,GI tract,12
245_284,GI tract,12
245_285,GI tract,12
245_286,GI tract,12
245_287,GI tract,12
245_288,GI tract,12
245_289,GI tract,12
245_290,GI tract,12
245_291,GI tract,12
245_292,GI tract,12
245_293,GI tract,12
245_294,GI tract,12
245_295,GI tract,12
245_296,GI tract,12
245_297,GI tract,12
245_298,Urogenital ridge,7
245_299,Urogenital ridge,7
245_300,Urogenital ridge,7
245_301,Urogenital ridge,7
245_302,Urogenital ridge,6
245_303,Urogenital ridge,6
245_304,Urogenital ridge,6
245_305,Urogenital ridge,6
245_306,Urogenital ridge,6
245_307,Urogenital ridge,6
245_308,Urogenital ridge,6
245_309,Urogenital ridge,6
245_310,Urogenital ridge,6
245_311,Urogenital ridge,3
245_312,Dermomyotome,3
245_313,Dermomyotome,3
245_314,Dermomyotome,3
245_315,Dermomyotome,15
245_316,Dermomyotome,15
245_317,Dermomyotome,15
245_318,Dermomyotome,15
245_319,Dermomyotome,15
245_320,Dermomyotome,15
245_321,Dermomyotome,15
245_322,Dermomyotome,15
245_323,Sclerotome,3
245_324,Sclerotome,3
245_325,Sclerotome,3
245_326,Sclerotome,3
245_327,Sclerotome,3
245_328,Sclerotome,1
245_329,Sclerotome,1
245_330,Sclerotome,1
245_331,Sclerotome,1
245_332,Sclerotome,1
245_333,Sclerotome,1
245_334,Sclerotome,1
245_335,Surface ectoderm,1
245_336,Surface ectoderm,1
245_337,Surface ectoderm,1
245_338,Surface ectoderm,1
245_339,Surface ectoderm,1
246_110,Surface ectoderm,13
246_111,Meninges,13
246_112,Meninges,13
246_113,Meninges,18
246_114,Meninges,18
246_115,Brain,18
246_116,Brain,18
246_117,Brain,18
246_118,Brain,18
246_119,Brain,18
246_120,Brain,18
246_121,Brain,18
246_122,Brain,18
246_123,Brain,18
246_124,Brain,18
246_125,Brain,18
246_126,Brain,18
246_127,Brain,18
246_128,Brain,18
246_129,Brain,18
246_130,Brain,18
246_131,Brain,18
246_132,Brain,18
246_133,Brain,18
246_134,Brain,18
246_135,Brain,18
246_136,Brain,18
246_137,Brain,18
246_138,Brain,18
246_139,Brain,18
246_140,Brain,18
246_141,Brain,18
246_142,Brain,18
246_143,Jaw and tooth,13
246_144,Jaw and tooth,13
246_145,Jaw and tooth,13
246_146,Brain,13
246_147,Brain,13
246_148,Brain,13
246_149,Brain,13
246_150,Brain,13
246_151,Cavity,13
246_152,Cavity,13
246_153,Cavity,13
246_154,Cavity,13
246_155,Cavity,13
246_156,Cavity,13
246_157,Cavity,13
246_158,Cavity,13
246_159,Cavity,13
246_160,Cavity,13
246_161,Cavity,13
246_162,Cavity,13
246_163,Cavity,13
246_164,Cavity,13
246_165,Cavity,13
246_166,Cavity,13
246_167,Cavity,13
246_168,Cavity,13
246_169,Brain,13
246_170,Brain,13
246_171,Cavity,13
246_172,Cavity,13
246_173,Cavity,13
246_174,Cavity,13
246_175,Brain,13
246_176,Brain,13
246_177,Brain,13
246_178,Brain,11
246_179,Brain,11
246_180,Brain,11
246_181,Brain,11
246_182,Brain,11
246_183,Brain,11
246_184,Brain,11
246_185,Jaw and tooth,17
246_186,Jaw and tooth,17
246_187,Jaw and tooth,17
246_188,Jaw and tooth,17
246_189,Jaw and tooth,17
246_190,Jaw and tooth,17
246_191,Jaw and tooth,17
246_192,Jaw and tooth,17
246_193,Jaw and tooth,17
246_194,Jaw and tooth,17
246_195,Jaw and tooth,17
246_196,Jaw and tooth,17
246_197,Jaw and tooth,17
246_198,Jaw and tooth,17
246_199,Jaw and tooth,17
246_200,Jaw and tooth,17
246_243,Heart,8
246_244,Heart,8
246_245,Cavity,8
246_246,Cavity,8
246_247,Cavity,8
246_248,Cavity,8
246_249,Cavity,8
246_250,Cavity,8
246_251,Cavity,8
246_252,Cavity,8
246_253,Liver,8
246_254,Liver,19
246_255,Liver,19
246_256,Liver,19
246_257,Cavity,19
246_258,Cavity,19
246_259,Cavity,19
246_260,Cavity,8
246_261,Cavity,8
246_262,Cavity,8
246_263,Cavity,19
246_264,Cavity,19
246_266,Cavity,19
246_267,Liver,19
246_268,Liver,19
246_269,Liver,19
246_270,Liver,19
246_271,Liver,19
246_272,Liver,19
246_273,Liver,19
246_274,Liver,19
246_275,Liver,19
246_276,Liver,19
246_277,Liver,19
246_278,Liver,19
246_279,GI tract,12
246_280,GI tract,12
246_281,GI tract,12
246_282,GI tract,12
246_283,GI tract,12
246_284,GI tract,12
246_285,GI tract,12
246_286,GI tract,12
246_287,GI tract,12
246_288,GI tract,12
246_289,GI tract,12
246_290,GI tract,12
246_291,GI tract,12
246_292,GI tract,12
246_293,GI tract,12
246_294,GI tract,12
246_295,GI tract,12
246_296,GI tract,12
246_297,GI tract,7
246_298,Urogenital ridge,7
246_299,Urogenital ridge,7
246_300,Urogenital ridge,7
246_301,Urogenital ridge,7
246_302,Urogenital ridge,6
246_303,Urogenital ridge,6
246_304,Urogenital ridge,6
246_305,Urogenital ridge,6
246_306,Urogenital ridge,6
246_307,Urogenital ridge,6
246_308,Urogenital ridge,6
246_309,Urogenital ridge,6
246_310,Urogenital ridge,6
246_311,Urogenital ridge,3
246_312,Urogenital ridge,3
246_313,Dermomyotome,3
246_314,Dermomyotome,3
246_315,Dermomyotome,3
246_316,Sclerotome,3
246_317,Dermomyotome,15
246_318,Dermomyotome,15
246_319,Dermomyotome,15
246_320,Dermomyotome,15
246_321,Sclerotome,15
246_322,Sclerotome,3
246_323,Sclerotome,3
246_324,Sclerotome,3
246_325,Sclerotome,3
246_326,Sclerotome,3
246_327,Sclerotome,3
246_328,Sclerotome,1
246_329,Sclerotome,1
246_330,Sclerotome,1
246_331,Sclerotome,1
246_332,Sclerotome,1
246_333,Sclerotome,1
246_334,Sclerotome,1
246_335,Surface ectoderm,1
246_336,Surface ectoderm,1
246_337,Surface ectoderm,1
246_338,Surface ectoderm,1
246_339,Surface ectoderm,1
247_110,Cavity,13
247_111,Surface ectoderm,13
247_112,Meninges,13
247_113,Meninges,18
247_114,Meninges,18
247_115,Meninges,18
247_116,Brain,18
247_117,Brain,18
247_118,Brain,18
247_119,Brain,18
247_120,Brain,18
247_121,Brain,18
247_122,Brain,18
247_123,Brain,18
247_124,Brain,18
247_125,Brain,18
247_126,Brain,18
247_127,Brain,18
247_128,Brain,18
247_129,Brain,18
247_130,Brain,18
247_131,Brain,18
247_132,Brain,18
247_133,Brain,18
247_134,Brain,18
247_135,Brain,18
247_136,Brain,18
247_137,Brain,18
247_138,Brain,18
247_139,Brain,18
247_140,Brain,18
247_141,Jaw and tooth,13
247_142,Jaw and tooth,13
247_143,Jaw and tooth,13
247_144,Jaw and tooth,13
247_145,Jaw and tooth,13
247_146,Brain,13
247_147,Brain,13
247_148,Brain,13
247_149,Brain,13
247_150,Brain,13
247_151,Cavity,13
247_152,Cavity,13
247_153,Cavity,13
247_154,Cavity,13
247_155,Cavity,13
247_156,Cavity,13
247_157,Cavity,13
247_158,Cavity,13
247_159,Cavity,13
247_160,Cavity,13
247_161,Cavity,13
247_162,Cavity,13
247_163,Cavity,13
247_164,Cavity,13
247_165,Cavity,13
247_166,Cavity,13
247_167,Cavity,13
247_168,Brain,13
247_169,Brain,13
247_170,Brain,13
247_171,Brain,13
247_172,Brain,13
247_173,Cavity,13
247_174,Brain,13
247_175,Brain,13
247_176,Brain,13
247_177,Brain,13
247_178,Brain,13
247_179,Brain,11
247_180,Brain,11
247_181,Brain,11
247_182,Brain,11
247_183,Brain,13
247_184,Brain,13
247_185,Jaw and tooth,17
247_186,Jaw and tooth,17
247_187,Jaw and tooth,17
247_188,Jaw and tooth,17
247_189,Jaw and tooth,17
247_190,Jaw and tooth,17
247_191,Jaw and tooth,17
247_192,Jaw and tooth,17
247_193,Jaw and tooth,17
247_194,Jaw and tooth,17
247_195,Jaw and tooth,17
247_196,Jaw and tooth,17
247_197,Jaw and tooth,17
247_198,Jaw and tooth,17
247_199,Jaw and tooth,17
247_200,Jaw and tooth,17
247_201,Cavity,17
247_244,Heart,8
247_245,Cavity,8
247_246,Cavity,8
247_247,Cavity,8
247_248,Cavity,8
247_249,Cavity,8
247_250,Cavity,8
247_251,Cavity,8
247_252,Cavity,8
247_253,Cavity,8
247_254,Cavity,8
247_255,Liver,19
247_256,Liver,19
247_257,Liver,19
247_258,Cavity,19
247_259,Cavity,8
247_260,Cavity,8
247_261,Cavity,8
247_262,Cavity,8
247_263,Cavity,8
247_266,Cavity,19
247_267,Liver,19
247_268,Liver,19
247_269,Liver,19
247_270,Liver,19
247_271,Liver,19
247_272,Liver,19
247_273,Liver,19
247_274,Liver,19
247_275,Liver,19
247_276,Liver,19
247_277,Liver,19
247_278,Liver,19
247_279,Liver,12
247_280,GI tract,12
247_281,GI tract,12
247_282,GI tract,12
247_283,GI tract,12
247_284,GI tract,12
247_285,GI tract,12
247_286,GI tract,12
247_287,GI tract,12
247_288,GI tract,12
247_289,GI tract,12
247_290,GI tract,12
247_291,GI tract,12
247_292,GI tract,12
247_293,GI tract,12
247_294,GI tract,12
247_295,GI tract,12
247_296,GI tract,12
247_297,GI tract,7
247_298,Urogenital ridge,7
247_299,Urogenital ridge,7
247_300,Urogenital ridge,7
247_301,Urogenital ridge,7
247_302,Urogenital ridge,6
247_303,Urogenital ridge,6
247_304,Urogenital ridge,6
247_305,Urogenital ridge,6
247_306,Urogenital ridge,6
247_307,Urogenital ridge,6
247_308,Urogenital ridge,6
247_309,Urogenital ridge,6
247_310,Urogenital ridge,6
247_311,Urogenital ridge,3
247_312,Urogenital ridge,3
247_313,Urogenital ridge,3
247_314,Sclerotome,3
247_315,Sclerotome,3
247_316,Sclerotome,3
247_317,Sclerotome,3
247_318,Sclerotome,3
247_319,Sclerotome,3
247_320,Sclerotome,3
247_321,Sclerotome,3
247_322,Sclerotome,3
247_323,Sclerotome,3
247_324,Sclerotome,3
247_325,Sclerotome,3
247_326,Sclerotome,3
247_327,Sclerotome,3
247_328,Sclerotome,3
247_329,Sclerotome,1
247_330,Sclerotome,1
247_331,Sclerotome,1
247_332,Sclerotome,1
247_333,Sclerotome,1
247_334,Sclerotome,1
247_335,Surface ectoderm,1
247_336,Surface ectoderm,1
247_337,Surface ectoderm,1
247_338,Surface ectoderm,1
247_339,Surface ectoderm,1
248_111,Surface ectoderm,13
248_112,Surface ectoderm,13
248_113,Meninges,13
248_114,Meninges,13
248_115,Meninges,18
248_116,Meninges,18
248_117,Brain,18
248_118,Brain,18
248_119,Brain,18
248_120,Brain,18
248_121,Brain,18
248_122,Brain,18
248_123,Brain,18
248_124,Brain,18
248_125,Brain,18
248_126,Brain,18
248_127,Brain,18
248_128,Brain,18
248_129,Brain,18
248_130,Brain,18
248_131,Brain,18
248_132,Brain,18
248_133,Brain,18
248_134,Brain,18
248_135,Brain,18
248_136,Brain,18
248_137,Brain,18
248_138,Brain,18
248_139,Brain,18
248_140,Jaw and tooth,18
248_141,Jaw and tooth,13
248_142,Jaw and tooth,13
248_143,Jaw and tooth,13
248_144,Brain,13
248_145,Brain,13
248_146,Brain,13
248_147,Brain,13
248_148,Brain,13
248_149,Brain,13
248_150,Cavity,13
248_151,Cavity,13
248_152,Cavity,13
248_153,Cavity,13
248_154,Cavity,13
248_155,Cavity,13
248_156,Cavity,13
248_157,Cavity,13
248_158,Cavity,13
248_159,Cavity,13
248_160,Cavity,13
248_161,Cavity,13
248_162,Cavity,13
248_163,Cavity,13
248_164,Cavity,13
248_165,Brain,13
248_166,Brain,13
248_167,Brain,13
248_168,Brain,13
248_169,Brain,13
248_170,Brain,13
248_171,Brain,13
248_172,Brain,13
248_173,Brain,13
248_174,Brain,13
248_175,Brain,13
248_176,Brain,13
248_177,Brain,13
248_178,Brain,13
248_179,Brain,13
248_180,Brain,13
248_181,Brain,11
248_182,Brain,11
248_183,Brain,13
248_184,Head mesenchyme,13
248_185,Jaw and tooth,17
248_186,Jaw and tooth,17
248_187,Jaw and tooth,17
248_188,Jaw and tooth,17
248_189,Jaw and tooth,17
248_190,Jaw and tooth,17
248_191,Jaw and tooth,17
248_192,Jaw and tooth,17
248_193,Jaw and tooth,17
248_194,Jaw and tooth,17
248_195,Jaw and tooth,17
248_196,Jaw and tooth,17
248_197,Jaw and tooth,17
248_198,Jaw and tooth,17
248_199,Jaw and tooth,17
248_200,Jaw and tooth,17
248_201,Surface ectoderm,17
248_244,Cavity,8
248_245,Heart,8
248_246,Cavity,8
248_247,Cavity,8
248_248,Cavity,8
248_249,Cavity,8
248_250,Cavity,8
248_251,Cavity,8
248_252,Cavity,8
248_253,Cavity,8
248_254,Cavity,8
248_255,Cavity,8
248_256,Liver,19
248_257,Liver,8
248_258,Liver,8
248_259,Cavity,8
248_260,Cavity,8
248_261,Cavity,8
248_267,Liver,19
248_268,Liver,19
248_269,Liver,19
248_270,Liver,19
248_271,Liver,19
248_272,Liver,19
248_273,Liver,19
248_274,Liver,19
248_275,Liver,19
248_276,Liver,19
248_277,Liver,19
248_278,Liver,19
248_279,Liver,12
248_280,GI tract,12
248_281,GI tract,12
248_282,GI tract,12
248_283,GI tract,12
248_284,GI tract,12
248_285,GI tract,12
248_286,GI tract,12
248_287,GI tract,12
248_288,GI tract,12
248_289,GI tract,12
248_290,Connective tissue,12
248_291,GI tract,12
248_292,GI tract,12
248_293,GI tract,12
248_294,GI tract,12
248_295,GI tract,12
248_296,GI tract,12
248_297,GI tract,7
248_298,Urogenital ridge,7
248_299,Urogenital ridge,7
248_300,Urogenital ridge,7
248_301,Urogenital ridge,7
248_302,Urogenital ridge,6
248_303,Urogenital ridge,6
248_304,Urogenital ridge,6
248_305,Urogenital ridge,6
248_306,Urogenital ridge,6
248_307,Urogenital ridge,6
248_308,Urogenital ridge,6
248_309,Urogenital ridge,6
248_310,Urogenital ridge,6
248_311,Urogenital ridge,3
248_312,Urogenital ridge,3
248_313,Connective tissue,3
248_314,Connective tissue,3
248_315,Sclerotome,3
248_316,Sclerotome,3
248_317,Sclerotome,3
248_318,Sclerotome,3
248_319,Sclerotome,3
248_320,Sclerotome,3
248_321,Sclerotome,3
248_322,Sclerotome,3
248_323,Sclerotome,3
248_324,Sclerotome,3
248_325,Sclerotome,3
248_326,Sclerotome,3
248_327,Sclerotome,3
248_328,Sclerotome,1
248_329,Sclerotome,1
248_330,Sclerotome,1
248_331,Sclerotome,1
248_332,Sclerotome,1
248_333,Sclerotome,1
248_334,Sclerotome,1
248_335,Surface ectoderm,1
248_336,Surface ectoderm,1
248_337,Surface ectoderm,1
248_338,Surface ectoderm,1
248_339,Surface ectoderm,1
248_340,Cavity,1
249_111,Cavity,13
249_112,Surface ectoderm,13
249_113,Surface ectoderm,13
249_114,Meninges,13
249_115,Meninges,13
249_116,Meninges,13
249_117,Meninges,18
249_118,Brain,18
249_119,Brain,18
249_120,Brain,18
249_121,Brain,18
249_122,Brain,18
249_123,Brain,18
249_124,Brain,18
249_125,Brain,18
249_126,Brain,18
249_127,Brain,18
249_128,Brain,18
249_129,Brain,18
249_130,Brain,18
249_131,Brain,18
249_132,Brain,18
249_133,Brain,18
249_134,Brain,18
249_135,Brain,18
249_136,Jaw and tooth,18
249_137,Jaw and tooth,13
249_138,Brain,13
249_139,Jaw and tooth,13
249_140,Jaw and tooth,13
249_141,Jaw and tooth,13
249_142,Jaw and tooth,13
249_143,Jaw and tooth,13
249_144,Brain,13
249_145,Brain,13
249_146,Brain,13
249_147,Brain,13
249_148,Brain,13
249_149,Cavity,13
249_150,Cavity,13
249_151,Cavity,13
249_152,Cavity,13
249_153,Cavity,13
249_154,Cavity,13
249_155,Cavity,13
249_156,Cavity,13
249_157,Cavity,13
249_158,Cavity,13
249_159,Cavity,13
249_160,Cavity,13
249_161,Cavity,13
249_162,Cavity,13
249_163,Cavity,13
249_164,Brain,13
249_165,Brain,13
249_166,Brain,13
249_167,Brain,13
249_168,Brain,13
249_169,Brain,13
249_170,Brain,13
249_171,Brain,13
249_172,Brain,13
249_173,Brain,13
249_174,Brain,13
249_175,Brain,13
249_176,Brain,13
249_177,Brain,13
249_178,Brain,13
249_179,Brain,7
249_180,Brain,7
249_181,Brain,7
249_182,Brain,5
249_183,Blood vessel,5
249_184,Jaw and tooth,17
249_185,Jaw and tooth,17
249_186,Jaw and tooth,17
249_187,Jaw and tooth,17
249_188,Jaw and tooth,17
249_189,Jaw and tooth,17
249_190,Jaw and tooth,17
249_191,Jaw and tooth,17
249_192,Jaw and tooth,17
249_193,Jaw and tooth,17
249_194,Jaw and tooth,17
249_195,Jaw and tooth,17
249_196,Jaw and tooth,17
249_197,Jaw and tooth,17
249_198,Jaw and tooth,17
249_199,Jaw and tooth,17
249_200,Jaw and tooth,17
249_201,Jaw and tooth,17
249_202,Cavity,17
249_245,Cavity,8
249_246,Heart,8
249_247,Cavity,8
249_248,Cavity,8
249_249,Cavity,8
249_250,Cavity,8
249_251,Cavity,8
249_252,Cavity,8
249_253,Cavity,8
249_254,Cavity,8
249_255,Heart,8
249_256,Heart,8
249_257,Liver,8
249_258,Heart,8
249_259,Cavity,8
249_267,Liver,19
249_268,Liver,19
249_269,Liver,19
249_270,Liver,19
249_271,Liver,19
249_272,Liver,19
249_273,Liver,19
249_274,Liver,19
249_275,Liver,19
249_276,Liver,19
249_277,Liver,19
249_278,Liver,19
249_279,Liver,12
249_280,GI tract,12
249_281,GI tract,12
249_282,GI tract,12
249_283,GI tract,12
249_284,GI tract,12
249_285,GI tract,12
249_286,GI tract,12
249_287,GI tract,12
249_288,GI tract,12
249_289,GI tract,12
249_290,GI tract,12
249_291,GI tract,12
249_292,GI tract,12
249_293,GI tract,12
249_294,GI tract,12
249_295,GI tract,12
249_296,GI tract,12
249_297,Urogenital ridge,7
249_298,Urogenital ridge,7
249_299,Urogenital ridge,7
249_300,Urogenital ridge,7
249_301,Urogenital ridge,7
249_302,Urogenital ridge,6
249_303,Urogenital ridge,6
249_304,Urogenital ridge,6
249_305,Urogenital ridge,6
249_306,Urogenital ridge,6
249_307,Urogenital ridge,6
249_308,Urogenital ridge,6
249_309,GI tract,6
249_310,Urogenital ridge,6
249_311,Urogenital ridge,3
249_312,Urogenital ridge,3
249_313,Urogenital ridge,3
249_314,Urogenital ridge,3
249_315,Sclerotome,3
249_316,Sclerotome,3
249_317,Sclerotome,3
249_318,Sclerotome,3
249_319,Sclerotome,3
249_320,Sclerotome,3
249_321,Sclerotome,3
249_322,Sclerotome,3
249_323,Sclerotome,3
249_324,Sclerotome,3
249_325,Sclerotome,3
249_326,Sclerotome,3
249_327,Sclerotome,3
249_328,Sclerotome,1
249_329,Sclerotome,1
249_330,Sclerotome,1
249_331,Sclerotome,1
249_332,Sclerotome,1
249_333,Sclerotome,1
249_334,Sclerotome,1
249_335,Blood vessel,1
249_336,Surface ectoderm,1
249_337,Surface ectoderm,1
249_338,Surface ectoderm,1
249_339,Surface ectoderm,1
249_340,Cavity,1
250_112,Cavity,13
250_113,Surface ectoderm,13
250_114,Surface ectoderm,13
250_115,Meninges,13
250_116,Surface ectoderm,13
250_117,Jaw and tooth,13
250_118,Jaw and tooth,13
250_119,Brain,18
250_120,Brain,18
250_121,Brain,18
250_122,Brain,18
250_123,Brain,18
250_124,Brain,18
250_125,Brain,18
250_126,Brain,18
250_127,Brain,18
250_128,Brain,18
250_129,Brain,18
250_130,Brain,18
250_131,Brain,18
250_132,Brain,18
250_133,Jaw and tooth,18
250_134,Jaw and tooth,18
250_135,Jaw and tooth,18
250_136,Jaw and tooth,13
250_137,Jaw and tooth,13
250_138,Brain,13
250_139,Brain,13
250_140,Brain,13
250_141,Jaw and tooth,13
250_142,Jaw and tooth,13
250_143,Brain,13
250_144,Brain,13
250_145,Brain,13
250_146,Brain,13
250_147,Brain,13
250_148,Brain,13
250_149,Brain,13
250_150,Cavity,13
250_151,Cavity,13
250_152,Cavity,13
250_153,Cavity,13
250_154,Cavity,13
250_155,Cavity,13
250_156,Cavity,13
250_157,Cavity,13
250_158,Cavity,13
250_159,Cavity,13
250_160,Cavity,13
250_161,Brain,13
250_162,Cavity,13
250_163,Brain,13
250_164,Brain,13
250_165,Brain,13
250_166,Brain,13
250_167,Brain,13
250_168,Brain,13
250_169,Brain,13
250_170,Brain,13
250_171,Brain,13
250_172,Brain,13
250_173,Brain,13
250_174,Brain,13
250_175,Brain,13
250_176,Brain,13
250_177,Brain,13
250_178,Brain,7
250_179,Brain,7
250_180,Brain,7
250_181,Brain,7
250_182,Brain,5
250_183,Jaw and tooth,5
250_184,Jaw and tooth,17
250_185,Jaw and tooth,17
250_186,Jaw and tooth,17
250_187,Jaw and tooth,17
250_188,Jaw and tooth,17
250_189,Jaw and tooth,17
250_190,Jaw and tooth,17
250_191,Jaw and tooth,17
250_192,Jaw and tooth,17
250_193,Jaw and tooth,17
250_194,Jaw and tooth,17
250_195,Jaw and tooth,17
250_196,Jaw and tooth,17
250_197,Jaw and tooth,17
250_198,Jaw and tooth,17
250_199,Jaw and tooth,17
250_200,Jaw and tooth,17
250_201,Jaw and tooth,17
250_202,Cavity,17
250_245,Cavity,8
250_246,Heart,8
250_247,Heart,8
250_248,Cavity,8
250_249,Cavity,8
250_250,Cavity,8
250_251,Cavity,8
250_252,Cavity,8
250_253,Cavity,8
250_254,Cavity,8
250_255,Heart,8
250_256,Heart,8
250_257,Heart,8
250_258,Cavity,8
250_267,Liver,19
250_268,Liver,19
250_269,Liver,19
250_270,Liver,19
250_271,Liver,19
250_272,Liver,19
250_273,Liver,19
250_274,Liver,19
250_275,Liver,19
250_276,Liver,19
250_277,Liver,19
250_278,Liver,19
250_279,Liver,12
250_280,GI tract,12
250_281,GI tract,12
250_282,GI tract,12
250_283,GI tract,12
250_284,GI tract,12
250_285,GI tract,12
250_286,GI tract,12
250_287,GI tract,12
250_288,GI tract,12
250_289,GI tract,12
250_290,GI tract,12
250_291,GI tract,12
250_292,GI tract,12
250_293,GI tract,12
250_294,GI tract,12
250_295,GI tract,12
250_296,Urogenital ridge,12
250_297,Urogenital ridge,7
250_298,Urogenital ridge,7
250_299,Urogenital ridge,7
250_300,Urogenital ridge,7
250_301,Urogenital ridge,7
250_302,Urogenital ridge,6
250_303,Urogenital ridge,6
250_304,Urogenital ridge,6
250_305,Urogenital ridge,6
250_306,Urogenital ridge,6
250_307,Urogenital ridge,6
250_308,Urogenital ridge,6
250_309,Urogenital ridge,6
250_310,Urogenital ridge,6
250_311,Urogenital ridge,3
250_312,Sclerotome,3
250_313,Sclerotome,3
250_314,Sclerotome,3
250_315,Sclerotome,3
250_316,Sclerotome,3
250_317,Sclerotome,3
250_318,Sclerotome,3
250_319,Sclerotome,15
250_320,Dermomyotome,15
250_321,Dermomyotome,15
250_322,Dermomyotome,15
250_323,Dermomyotome,3
250_324,Sclerotome,3
250_325,Sclerotome,3
250_326,Sclerotome,3
250_327,Sclerotome,3
250_328,Sclerotome,3
250_329,Sclerotome,1
250_330,Sclerotome,1
250_331,Sclerotome,1
250_332,Sclerotome,1
250_333,Sclerotome,1
250_334,Sclerotome,1
250_335,Sclerotome,1
250_336,Surface ectoderm,1
250_337,Surface ectoderm,1
250_338,Surface ectoderm,1
250_339,Surface ectoderm,1
250_340,Cavity,1
251_112,Cavity,13
251_113,Surface ectoderm,13
251_114,Surface ectoderm,13
251_115,Surface ectoderm,13
251_116,Surface ectoderm,13
251_117,Surface ectoderm,13
251_118,Jaw and tooth,13
251_119,Jaw and tooth,13
251_120,Jaw and tooth,18
251_121,Brain,18
251_122,Brain,18
251_123,Brain,18
251_124,Brain,18
251_125,Brain,18
251_126,Brain,18
251_127,Brain,18
251_128,Brain,18
251_129,Brain,18
251_130,Brain,18
251_131,Brain,18
251_132,Jaw and tooth,18
251_133,Jaw and tooth,18
251_134,Jaw and tooth,18
251_135,Blood vessel,7
251_136,Blood vessel,13
251_137,Jaw and tooth,13
251_138,Brain,13
251_139,Brain,13
251_140,Brain,13
251_141,Brain,13
251_142,Brain,13
251_143,Brain,13
251_144,Brain,13
251_145,Brain,13
251_146,Brain,13
251_147,Brain,13
251_148,Brain,13
251_149,Cavity,13
251_150,Cavity,13
251_151,Cavity,13
251_152,Cavity,13
251_153,Cavity,13
251_154,Cavity,13
251_155,Cavity,13
251_156,Cavity,13
251_157,Cavity,13
251_158,Cavity,13
251_159,Cavity,13
251_160,Cavity,13
251_161,Brain,13
251_162,Brain,13
251_163,Brain,13
251_164,Brain,13
251_165,Brain,13
251_166,Brain,13
251_167,Brain,13
251_168,Brain,13
251_169,Brain,13
251_170,Brain,13
251_171,Brain,13
251_172,Brain,13
251_173,Brain,13
251_174,Brain,13
251_175,Brain,13
251_176,Brain,13
251_177,Brain,7
251_178,Brain,7
251_179,Brain,7
251_180,Brain,7
251_181,Brain,7
251_182,Head mesenchyme,5
251_183,Jaw and tooth,17
251_184,Jaw and tooth,17
251_185,Jaw and tooth,17
251_186,Jaw and tooth,17
251_187,Jaw and tooth,17
251_188,Jaw and tooth,17
251_189,Jaw and tooth,17
251_190,Jaw and tooth,17
251_191,Jaw and tooth,17
251_192,Jaw and tooth,17
251_193,Jaw and tooth,17
251_194,Jaw and tooth,17
251_195,Jaw and tooth,17
251_196,Jaw and tooth,17
251_197,Jaw and tooth,17
251_198,Branchial arch,17
251_199,Branchial arch,17
251_200,Jaw and tooth,17
251_201,Jaw and tooth,17
251_202,Surface ectoderm,17
251_246,Cavity,8
251_247,Heart,8
251_248,Cavity,8
251_249,Cavity,8
251_250,Cavity,8
251_251,Cavity,8
251_252,Cavity,8
251_253,Cavity,8
251_254,Heart,8
251_255,Heart,8
251_256,Cavity,8
251_268,Liver,19
251_269,Liver,19
251_270,Liver,19
251_271,Liver,19
251_272,Liver,19
251_273,Liver,19
251_274,Liver,19
251_275,Liver,19
251_276,Liver,19
251_277,Liver,19
251_278,Liver,19
251_279,Liver,19
251_280,Liver,12
251_281,GI tract,12
251_282,GI tract,12
251_283,GI tract,12
251_284,GI tract,12
251_285,GI tract,12
251_286,GI tract,12
251_287,GI tract,12
251_288,GI tract,12
251_289,Meninges,12
251_290,GI tract,12
251_291,Connective tissue,12
251_292,GI tract,12
251_293,GI tract,12
251_294,GI tract,12
251_295,GI tract,12
251_296,Urogenital ridge,12
251_297,Urogenital ridge,7
251_298,Urogenital ridge,7
251_299,Urogenital ridge,7
251_300,Urogenital ridge,7
251_301,Urogenital ridge,7
251_302,Urogenital ridge,6
251_303,Urogenital ridge,6
251_304,Urogenital ridge,6
251_305,Urogenital ridge,6
251_306,Urogenital ridge,6
251_307,Urogenital ridge,6
251_308,Urogenital ridge,6
251_309,Urogenital ridge,6
251_310,Urogenital ridge,6
251_311,Urogenital ridge,3
251_312,Urogenital ridge,3
251_313,Urogenital ridge,3
251_314,Urogenital ridge,3
251_315,Sclerotome,3
251_316,Sclerotome,3
251_317,Dermomyotome,3
251_318,Dermomyotome,15
251_319,Dermomyotome,15
251_320,Dermomyotome,15
251_321,Dermomyotome,15
251_322,Dermomyotome,15
251_323,Dermomyotome,3
251_324,Dermomyotome,3
251_325,Dermomyotome,3
251_326,Dermomyotome,3
251_327,Dermomyotome,3
251_328,Sclerotome,1
251_329,Sclerotome,1
251_330,Sclerotome,1
251_331,Sclerotome,1
251_332,Sclerotome,1
251_333,Sclerotome,1
251_334,Sclerotome,1
251_335,Sclerotome,1
251_336,Surface ectoderm,1
251_337,Surface ectoderm,1
251_338,Surface ectoderm,1
251_339,Surface ectoderm,1
251_340,Cavity,1
252_113,Cavity,13
252_114,Surface ectoderm,13
252_115,Surface ectoderm,13
252_116,Surface ectoderm,13
252_117,Surface ectoderm,13
252_118,Jaw and tooth,13
252_119,Jaw and tooth,13
252_120,Jaw and tooth,18
252_121,Jaw and tooth,18
252_122,Brain,18
252_123,Brain,18
252_124,Brain,18
252_125,Brain,18
252_126,Brain,18
252_127,Brain,18
252_128,Brain,18
252_129,Brain,18
252_130,Brain,18
252_131,Jaw and tooth,18
252_132,Jaw and tooth,5
252_133,Jaw and tooth,7
252_134,Jaw and tooth,7
252_135,Jaw and tooth,7
252_136,Jaw and tooth,7
252_137,Jaw and tooth,13
252_138,Brain,13
252_139,Brain,13
252_140,Brain,13
252_141,Brain,13
252_142,Brain,13
252_143,Brain,13
252_144,Brain,13
252_145,Brain,13
252_146,Brain,13
252_147,Brain,13
252_148,Cavity,13
252_149,Cavity,13
252_150,Cavity,13
252_151,Cavity,13
252_152,Cavity,13
252_153,Cavity,13
252_154,Cavity,13
252_155,Cavity,13
252_156,Cavity,13
252_157,Cavity,13
252_158,Cavity,13
252_159,Cavity,13
252_160,Brain,13
252_161,Brain,13
252_162,Brain,13
252_163,Brain,13
252_164,Brain,13
252_165,Brain,13
252_166,Brain,13
252_167,Brain,13
252_168,Brain,13
252_169,Brain,13
252_170,Brain,13
252_171,Brain,13
252_172,Brain,13
252_173,Brain,13
252_174,Brain,13
252_175,Brain,13
252_176,Brain,13
252_177,Brain,7
252_178,Brain,7
252_179,Brain,7
252_180,Brain,7
252_181,Jaw and tooth,5
252_182,Jaw and tooth,5
252_183,Jaw and tooth,17
252_184,Jaw and tooth,17
252_185,Jaw and tooth,17
252_186,Jaw and tooth,17
252_187,Jaw and tooth,17
252_188,Jaw and tooth,17
252_189,Jaw and tooth,17
252_190,Jaw and tooth,17
252_191,Jaw and tooth,17
252_192,Jaw and tooth,17
252_193,Jaw and tooth,17
252_194,Jaw and tooth,17
252_195,Jaw and tooth,17
252_196,Jaw and tooth,17
252_197,Jaw and tooth,17
252_198,Jaw and tooth,17
252_199,Jaw and tooth,17
252_200,Jaw and tooth,17
252_201,Jaw and tooth,17
252_202,Surface ectoderm,17
252_247,Cavity,8
252_248,Cavity,8
252_249,Cavity,8
252_250,Cavity,8
252_251,Cavity,8
252_252,Cavity,8
252_253,Cavity,8
252_254,Cavity,8
252_255,Cavity,8
252_268,Liver,19
252_269,Liver,19
252_270,Liver,19
252_271,Liver,19
252_272,Liver,19
252_273,Liver,19
252_274,Liver,19
252_275,Liver,19
252_276,Liver,19
252_277,Liver,19
252_278,Liver,19
252_279,Liver,19
252_280,Liver,12
252_281,GI tract,12
252_282,GI tract,12
252_283,GI tract,12
252_284,Connective tissue,12
252_285,GI tract,12
252_286,GI tract,12
252_287,GI tract,12
252_288,GI tract,12
252_289,GI tract,12
252_290,GI tract,12
252_291,Connective tissue,12
252_292,GI tract,12
252_293,GI tract,12
252_294,GI tract,12
252_295,GI tract,12
252_296,Urogenital ridge,12
252_297,Urogenital ridge,7
252_298,Urogenital ridge,7
252_299,Urogenital ridge,7
252_300,Urogenital ridge,7
252_301,Urogenital ridge,7
252_302,Urogenital ridge,6
252_303,Urogenital ridge,6
252_304,Urogenital ridge,6
252_305,Urogenital ridge,6
252_306,Urogenital ridge,6
252_307,Urogenital ridge,6
252_308,Urogenital ridge,6
252_309,Urogenital ridge,6
252_310,Urogenital ridge,6
252_311,Urogenital ridge,3
252_312,Urogenital ridge,3
252_313,Urogenital ridge,3
252_314,Dermomyotome,3
252_315,Dermomyotome,3
252_316,Dermomyotome,3
252_317,Dermomyotome,15
252_318,Dermomyotome,15
252_319,Dermomyotome,15
252_320,Dermomyotome,15
252_321,Dermomyotome,15
252_322,Dermomyotome,15
252_323,Dermomyotome,3
252_324,Dermomyotome,3
252_325,Sclerotome,3
252_326,Sclerotome,3
252_327,Dermomyotome,3
252_328,Sclerotome,1
252_329,Sclerotome,1
252_330,Sclerotome,1
252_331,Sclerotome,1
252_332,Sclerotome,1
252_333,Sclerotome,1
252_334,Sclerotome,1
252_335,Sclerotome,1
252_336,Surface ectoderm,1
252_337,Surface ectoderm,1
252_338,Surface ectoderm,1
252_339,Surface ectoderm,1
252_340,Surface ectoderm,1
253_113,Cavity,13
253_114,Surface ectoderm,13
253_115,Surface ectoderm,13
253_116,Surface ectoderm,13
253_117,Surface ectoderm,13
253_118,Surface ectoderm,13
253_119,Blood vessel,13
253_120,Meninges,13
253_121,Jaw and tooth,18
253_122,Brain,18
253_123,Brain,18
253_124,Brain,18
253_125,Brain,18
253_126,Brain,18
253_127,Brain,18
253_128,Brain,18
253_129,Brain,18
253_130,Brain,5
253_131,Jaw and tooth,5
253_132,Jaw and tooth,5
253_133,Jaw and tooth,5
253_134,Brain,7
253_135,Brain,7
253_136,Brain,7
253_137,Brain,7
253_138,Brain,13
253_139,Brain,13
253_140,Brain,13
253_141,Brain,13
253_142,Brain,13
253_143,Brain,13
253_144,Brain,13
253_145,Brain,13
253_146,Brain,13
253_147,Cavity,13
253_148,Cavity,13
253_149,Cavity,13
253_150,Cavity,13
253_151,Cavity,13
253_152,Cavity,13
253_153,Cavity,13
253_154,Cavity,13
253_155,Cavity,13
253_156,Cavity,13
253_157,Cavity,13
253_158,Cavity,13
253_159,Cavity,13
253_160,Brain,13
253_161,Brain,13
253_162,Brain,13
253_163,Brain,13
253_164,Brain,13
253_165,Brain,13
253_166,Brain,13
253_167,Brain,13
253_168,Brain,13
253_169,Brain,13
253_170,Brain,13
253_171,Brain,13
253_172,Brain,13
253_173,Brain,13
253_174,Brain,13
253_175,Brain,13
253_176,Brain,7
253_177,Brain,7
253_178,Brain,7
253_179,Brain,7
253_180,Jaw and tooth,7
253_181,Jaw and tooth,5
253_182,Jaw and tooth,17
253_183,Jaw and tooth,17
253_184,Jaw and tooth,17
253_185,Jaw and tooth,17
253_186,Jaw and tooth,17
253_187,Jaw and tooth,17
253_188,Jaw and tooth,17
253_189,Jaw and tooth,17
253_190,Jaw and tooth,17
253_191,Jaw and tooth,17
253_192,Jaw and tooth,17
253_193,Jaw and tooth,17
253_194,Jaw and tooth,17
253_195,Jaw and tooth,17
253_196,Jaw and tooth,17
253_197,Jaw and tooth,17
253_198,Jaw and tooth,17
253_199,Jaw and tooth,17
253_200,Jaw and tooth,17
253_201,Surface ectoderm,17
253_202,Surface ectoderm,17
253_269,Liver,19
253_270,Liver,19
253_271,Liver,19
253_272,Liver,19
253_273,Liver,19
253_274,Liver,19
253_275,Liver,19
253_276,Liver,19
253_277,Liver,19
253_278,Liver,19
253_279,Liver,12
253_280,Liver,12
253_281,GI tract,12
253_282,GI tract,12
253_283,GI tract,12
253_284,GI tract,12
253_285,GI tract,12
253_286,GI tract,12
253_287,GI tract,12
253_288,GI tract,12
253_289,GI tract,12
253_290,GI tract,12
253_291,GI tract,12
253_292,GI tract,12
253_293,GI tract,12
253_294,GI tract,12
253_295,GI tract,12
253_296,Urogenital ridge,12
253_297,Urogenital ridge,7
253_298,Urogenital ridge,7
253_299,Urogenital ridge,7
253_300,Urogenital ridge,7
253_301,Urogenital ridge,6
253_302,Urogenital ridge,6
253_303,Urogenital ridge,6
253_304,Urogenital ridge,6
253_305,Connective tissue,6
253_306,Connective tissue,6
253_307,Urogenital ridge,6
253_308,Urogenital ridge,6
253_309,Urogenital ridge,6
253_310,Urogenital ridge,6
253_311,Urogenital ridge,6
253_312,Urogenital ridge,3
253_313,Dermomyotome,3
253_314,Dermomyotome,3
253_315,Dermomyotome,3
253_316,Dermomyotome,3
253_317,Dermomyotome,15
253_318,Dermomyotome,15
253_319,Dermomyotome,15
253_320,Dermomyotome,15
253_321,Dermomyotome,15
253_322,Dermomyotome,3
253_323,Dermomyotome,3
253_324,Sclerotome,3
253_325,Sclerotome,3
253_326,Sclerotome,3
253_327,Sclerotome,3
253_328,Sclerotome,1
253_329,Sclerotome,1
253_330,Sclerotome,1
253_331,Sclerotome,1
253_332,Sclerotome,1
253_333,Sclerotome,1
253_334,Sclerotome,1
253_335,Sclerotome,1
253_336,Surface ectoderm,1
253_337,Surface ectoderm,1
253_338,Surface ectoderm,1
253_339,Surface ectoderm,1
253_340,Surface ectoderm,1
254_114,Cavity,13
254_115,Surface ectoderm,13
254_116,Surface ectoderm,13
254_117,Surface ectoderm,13
254_118,Surface ectoderm,13
254_119,Surface ectoderm,13
254_120,Meninges,13
254_121,Meninges,13
254_122,Jaw and tooth,18
254_123,Brain,18
254_124,Brain,18
254_125,Brain,18
254_126,Brain,18
254_127,Brain,18
254_128,Brain,18
254_129,Brain,5
254_130,Jaw and tooth,5
254_131,Jaw and tooth,5
254_132,Jaw and tooth,5
254_133,Brain,7
254_134,Brain,7
254_135,Brain,7
254_136,Brain,7
254_137,Brain,7
254_138,Brain,7
254_139,Brain,13
254_140,Brain,13
254_141,Brain,13
254_142,Brain,13
254_143,Brain,13
254_144,Brain,13
254_145,Brain,13
254_146,Cavity,13
254_147,Cavity,13
254_148,Cavity,13
254_149,Cavity,13
254_150,Cavity,13
254_151,Cavity,13
254_152,Cavity,13
254_153,Cavity,13
254_154,Cavity,13
254_155,Cavity,13
254_156,Cavity,13
254_157,Cavity,13
254_158,Brain,13
254_159,Brain,13
254_160,Brain,13
254_161,Brain,13
254_162,Brain,13
254_163,Brain,13
254_164,Brain,13
254_165,Brain,13
254_166,Brain,13
254_167,Brain,13
254_168,Brain,13
254_169,Brain,13
254_170,Brain,13
254_171,Brain,13
254_172,Brain,13
254_173,Brain,13
254_174,Brain,13
254_175,Brain,7
254_176,Brain,7
254_177,Brain,7
254_178,Brain,7
254_179,Head mesenchyme,7
254_180,Jaw and tooth,5
254_181,Jaw and tooth,17
254_182,Jaw and tooth,17
254_183,Jaw and tooth,17
254_184,Jaw and tooth,17
254_185,Jaw and tooth,17
254_186,Jaw and tooth,17
254_187,Jaw and tooth,17
254_188,Jaw and tooth,17
254_189,Jaw and tooth,17
254_190,Jaw and tooth,17
254_191,Jaw and tooth,17
254_192,Jaw and tooth,17
254_193,Jaw and tooth,17
254_194,Jaw and tooth,17
254_195,Jaw and tooth,17
254_196,Jaw and tooth,17
254_197,Jaw and tooth,17
254_198,Jaw and tooth,17
254_199,Jaw and tooth,17
254_200,Jaw and tooth,17
254_201,Surface ectoderm,17
254_202,Surface ectoderm,17
254_269,Cavity,19
254_270,Liver,19
254_271,Liver,19
254_272,Liver,19
254_273,Liver,19
254_274,Liver,19
254_275,Liver,19
254_276,Liver,19
254_277,Liver,19
254_278,Cavity,19
254_279,Heart,12
254_280,GI tract,12
254_281,GI tract,12
254_282,GI tract,12
254_283,GI tract,12
254_284,GI tract,12
254_285,GI tract,12
254_286,GI tract,12
254_287,GI tract,12
254_288,GI tract,12
254_289,GI tract,12
254_290,GI tract,12
254_291,GI tract,12
254_292,GI tract,12
254_293,GI tract,12
254_294,GI tract,12
254_295,GI tract,12
254_296,Urogenital ridge,7
254_297,Urogenital ridge,7
254_298,Urogenital ridge,7
254_299,Urogenital ridge,7
254_300,Urogenital ridge,7
254_301,Urogenital ridge,6
254_302,Urogenital ridge,6
254_303,Urogenital ridge,6
254_304,Urogenital ridge,6
254_305,Connective tissue,6
254_306,Connective tissue,6
254_307,Urogenital ridge,6
254_308,Urogenital ridge,6
254_309,Urogenital ridge,6
254_310,Urogenital ridge,6
254_311,Urogenital ridge,6
254_312,Urogenital ridge,3
254_313,Dermomyotome,3
254_314,Dermomyotome,3
254_315,Dermomyotome,3
254_316,Sclerotome,3
254_317,Sclerotome,3
254_318,Sclerotome,3
254_319,Dermomyotome,3
254_320,Dermomyotome,3
254_321,Sclerotome,3
254_322,Sclerotome,3
254_323,Sclerotome,3
254_324,Sclerotome,3
254_325,Sclerotome,3
254_326,Sclerotome,3
254_327,Sclerotome,3
254_328,Sclerotome,1
254_329,Sclerotome,1
254_330,Sclerotome,1
254_331,Sclerotome,1
254_332,Sclerotome,1
254_333,Sclerotome,1
254_334,Sclerotome,1
254_335,Sclerotome,1
254_336,Surface ectoderm,1
254_337,Surface ectoderm,1
254_338,Surface ectoderm,1
254_339,Surface ectoderm,1
254_340,Surface ectoderm,1
255_114,Cavity,13
255_115,Surface ectoderm,13
255_116,Surface ectoderm,13
255_117,Surface ectoderm,13
255_118,Surface ectoderm,13
255_119,Surface ectoderm,13
255_120,Surface ectoderm,13
255_121,Surface ectoderm,13
255_122,Surface ectoderm,13
255_123,Meninges,18
255_124,Meninges,18
255_125,Brain,18
255_126,Brain,18
255_127,Brain,18
255_128,Brain,5
255_129,Jaw and tooth,5
255_130,Jaw and tooth,5
255_131,Jaw and tooth,5
255_132,Brain,7
255_133,Brain,7
255_134,Brain,7
255_135,Brain,7
255_136,Brain,7
255_137,Brain,7
255_138,Brain,7
255_139,Brain,13
255_140,Brain,13
255_141,Brain,13
255_142,Brain,13
255_143,Brain,13
255_144,Brain,13
255_145,Brain,13
255_146,Brain,13
255_147,Cavity,13
255_148,Cavity,13
255_149,Cavity,13
255_150,Cavity,13
255_151,Cavity,13
255_152,Cavity,13
255_153,Cavity,13
255_154,Cavity,13
255_155,Cavity,13
255_156,Cavity,13
255_157,Cavity,13
255_158,Brain,13
255_159,Brain,13
255_160,Brain,13
255_161,Brain,13
255_162,Brain,13
255_163,Brain,13
255_164,Brain,13
255_165,Brain,13
255_166,Brain,13
255_167,Brain,13
255_168,Brain,13
255_169,Brain,13
255_170,Brain,13
255_171,Brain,13
255_172,Brain,13
255_173,Brain,13
255_174,Brain,13
255_175,Brain,7
255_176,Brain,7
255_177,Brain,7
255_178,Jaw and tooth,7
255_179,Jaw and tooth,5
255_180,Jaw and tooth,17
255_181,Jaw and tooth,17
255_182,Head mesenchyme,17
255_183,Jaw and tooth,17
255_184,Jaw and tooth,17
255_185,Jaw and tooth,17
255_186,Jaw and tooth,17
255_187,Jaw and tooth,17
255_188,Jaw and tooth,17
255_189,Jaw and tooth,17
255_190,Jaw and tooth,17
255_191,Jaw and tooth,17
255_192,Jaw and tooth,17
255_193,Jaw and tooth,17
255_194,Jaw and tooth,17
255_195,Jaw and tooth,17
255_196,Jaw and tooth,17
255_197,Jaw and tooth,17
255_198,Branchial arch,17
255_199,Jaw and tooth,17
255_200,Surface ectoderm,17
255_201,Surface ectoderm,17
255_202,Surface ectoderm,17
255_270,Cavity,19
255_271,Liver,19
255_272,Liver,19
255_273,Liver,19
255_274,Liver,19
255_275,Liver,19
255_276,Cavity,19
255_280,Heart,12
255_281,Connective tissue,12
255_282,GI tract,12
255_283,GI tract,12
255_284,GI tract,12
255_285,GI tract,12
255_286,GI tract,12
255_287,GI tract,12
255_288,GI tract,12
255_289,Connective tissue,12
255_290,GI tract,12
255_291,GI tract,12
255_292,GI tract,12
255_293,GI tract,12
255_294,Urogenital ridge,12
255_295,Urogenital ridge,12
255_296,Urogenital ridge,7
255_297,Urogenital ridge,7
255_298,Urogenital ridge,7
255_299,Urogenital ridge,7
255_300,Urogenital ridge,6
255_301,Urogenital ridge,6
255_302,Urogenital ridge,6
255_303,Urogenital ridge,6
255_304,Urogenital ridge,6
255_305,Urogenital ridge,6
255_306,Urogenital ridge,6
255_307,Urogenital ridge,6
255_308,Urogenital ridge,6
255_309,Urogenital ridge,6
255_310,Urogenital ridge,6
255_311,Urogenital ridge,6
255_312,Urogenital ridge,6
255_313,Urogenital ridge,3
255_314,Urogenital ridge,3
255_315,Sclerotome,3
255_316,Sclerotome,3
255_317,Sclerotome,3
255_318,Sclerotome,3
255_319,Sclerotome,3
255_320,Sclerotome,3
255_321,Sclerotome,3
255_322,Sclerotome,3
255_323,Sclerotome,3
255_324,Sclerotome,3
255_325,Sclerotome,3
255_326,Sclerotome,3
255_327,Sclerotome,3
255_328,Sclerotome,3
255_329,Sclerotome,1
255_330,Sclerotome,1
255_331,Sclerotome,1
255_332,Sclerotome,1
255_333,Sclerotome,1
255_334,Sclerotome,1
255_335,Sclerotome,1
255_336,Surface ectoderm,1
255_337,Surface ectoderm,1
255_338,Surface ectoderm,1
255_339,Surface ectoderm,1
255_340,Surface ectoderm,1
256_115,Cavity,13
256_116,Surface ectoderm,13
256_117,Surface ectoderm,13
256_118,Surface ectoderm,13
256_119,Surface ectoderm,13
256_120,Surface ectoderm,13
256_121,Surface ectoderm,13
256_122,Surface ectoderm,13
256_123,Surface ectoderm,13
256_124,Jaw and tooth,13
256_125,Meninges,18
256_126,Brain,18
256_127,Jaw and tooth,5
256_128,Jaw and tooth,5
256_129,Jaw and tooth,5
256_130,Jaw and tooth,5
256_131,Jaw and tooth,5
256_132,Brain,7
256_133,Brain,7
256_134,Brain,7
256_135,Brain,7
256_136,Brain,7
256_137,Brain,7
256_138,Brain,7
256_139,Brain,7
256_140,Brain,13
256_141,Brain,13
256_142,Brain,13
256_143,Brain,13
256_144,Brain,13
256_145,Brain,13
256_146,Brain,13
256_147,Brain,13
256_148,Brain,13
256_149,Cavity,13
256_150,Cavity,13
256_151,Cavity,13
256_152,Cavity,13
256_153,Brain,13
256_154,Brain,13
256_155,Cavity,13
256_156,Cavity,13
256_157,Brain,13
256_158,Brain,13
256_159,Brain,13
256_160,Brain,13
256_161,Brain,13
256_162,Brain,13
256_163,Brain,13
256_164,Brain,13
256_165,Brain,13
256_166,Brain,13
256_167,Brain,13
256_168,Brain,13
256_169,Brain,13
256_170,Brain,13
256_171,Brain,13
256_172,Brain,13
256_173,Brain,7
256_174,Brain,7
256_175,Brain,7
256_176,Brain,7
256_177,Head mesenchyme,7
256_178,Jaw and tooth,5
256_179,Jaw and tooth,17
256_180,Jaw and tooth,17
256_181,Jaw and tooth,17
256_182,Jaw and tooth,17
256_183,Jaw and tooth,17
256_184,Jaw and tooth,17
256_185,Jaw and tooth,17
256_186,Jaw and tooth,17
256_187,Jaw and tooth,17
256_188,Jaw and tooth,17
256_189,Jaw and tooth,17
256_190,Jaw and tooth,17
256_191,Jaw and tooth,17
256_192,Jaw and tooth,17
256_193,Jaw and tooth,17
256_194,Jaw and tooth,17
256_195,Jaw and tooth,17
256_196,Jaw and tooth,17
256_197,Jaw and tooth,17
256_198,Jaw and tooth,17
256_199,Jaw and tooth,17
256_200,Surface ectoderm,17
256_201,Surface ectoderm,17
256_202,Surface ectoderm,17
256_272,Cavity,19
256_273,Cavity,19
256_274,Cavity,19
256_280,Cavity,12
256_281,Heart,12
256_282,GI tract,12
256_283,GI tract,12
256_284,GI tract,12
256_285,GI tract,12
256_286,GI tract,12
256_287,GI tract,12
256_288,GI tract,12
256_289,Connective tissue,12
256_290,Connective tissue,12
256_291,GI tract,12
256_292,GI tract,12
256_293,GI tract,12
256_294,GI tract,12
256_295,Urogenital ridge,7
256_296,Urogenital ridge,7
256_297,Urogenital ridge,7
256_298,Urogenital ridge,7
256_299,Urogenital ridge,7
256_300,Urogenital ridge,6
256_301,Urogenital ridge,6
256_302,Urogenital ridge,6
256_303,GI tract,6
256_304,Urogenital ridge,6
256_305,Urogenital ridge,6
256_306,Connective tissue,6
256_307,Urogenital ridge,6
256_308,Urogenital ridge,6
256_309,Connective tissue,6
256_310,Urogenital ridge,6
256_311,Urogenital ridge,6
256_312,Urogenital ridge,6
256_313,Sclerotome,3
256_314,Sclerotome,3
256_315,Sclerotome,3
256_316,Sclerotome,3
256_317,Sclerotome,3
256_318,Sclerotome,3
256_319,Sclerotome,3
256_320,Sclerotome,3
256_321,Sclerotome,3
256_322,Sclerotome,3
256_323,Sclerotome,3
256_324,Sclerotome,3
256_325,Sclerotome,3
256_326,Sclerotome,3
256_327,Sclerotome,3
256_328,Sclerotome,3
256_329,Sclerotome,1
256_330,Sclerotome,1
256_331,Sclerotome,1
256_332,Sclerotome,1
256_333,Sclerotome,1
256_334,Sclerotome,1
256_335,Sclerotome,1
256_336,Blood vessel,1
256_337,Meninges,1
256_338,Surface ectoderm,1
256_339,Surface ectoderm,1
256_340,Surface ectoderm,1
257_116,Cavity,13
257_117,Cavity,13
257_118,Surface ectoderm,13
257_119,Surface ectoderm,13
257_120,Surface ectoderm,13
257_121,Surface ectoderm,13
257_122,Surface ectoderm,13
257_123,Surface ectoderm,13
257_124,Surface ectoderm,13
257_125,Jaw and tooth,13
257_126,Jaw and tooth,13
257_127,Jaw and tooth,5
257_128,Jaw and tooth,5
257_129,Jaw and tooth,5
257_130,Jaw and tooth,5
257_131,Jaw and tooth,5
257_132,Brain,7
257_133,Brain,7
257_134,Brain,7
257_135,Brain,7
257_136,Brain,7
257_137,Brain,7
257_138,Brain,7
257_139,Brain,7
257_140,Brain,7
257_141,Brain,7
257_142,Brain,13
257_143,Brain,13
257_144,Brain,13
257_145,Brain,7
257_146,Brain,7
257_147,Brain,7
257_148,Brain,7
257_149,Brain,7
257_150,Cavity,7
257_151,Cavity,13
257_152,Cavity,13
257_153,Brain,13
257_154,Brain,13
257_155,Brain,13
257_156,Brain,13
257_157,Brain,13
257_158,Brain,13
257_159,Brain,13
257_160,Brain,13
257_161,Brain,13
257_162,Brain,13
257_163,Brain,13
257_164,Brain,13
257_165,Brain,13
257_166,Brain,13
257_167,Brain,13
257_168,Brain,13
257_169,Brain,13
257_170,Brain,7
257_171,Brain,7
257_172,Brain,7
257_173,Brain,7
257_174,Brain,7
257_175,Brain,7
257_176,Head mesenchyme,7
257_177,Jaw and tooth,5
257_178,Jaw and tooth,17
257_179,Jaw and tooth,17
257_180,Jaw and tooth,17
257_181,Jaw and tooth,17
257_182,Jaw and tooth,17
257_183,Jaw and tooth,17
257_184,Jaw and tooth,17
257_185,Jaw and tooth,17
257_186,Jaw and tooth,17
257_187,Jaw and tooth,17
257_188,Jaw and tooth,17
257_189,Jaw and tooth,17
257_190,Jaw and tooth,17
257_191,Jaw and tooth,17
257_192,Jaw and tooth,17
257_193,Jaw and tooth,17
257_194,Jaw and tooth,17
257_195,Jaw and tooth,17
257_196,Jaw and tooth,17
257_197,Jaw and tooth,17
257_198,Jaw and tooth,17
257_199,Surface ectoderm,17
257_200,Surface ectoderm,17
257_201,Surface ectoderm,17
257_202,Surface ectoderm,17
257_280,Cavity,12
257_281,GI tract,12
257_282,GI tract,12
257_283,GI tract,12
257_284,GI tract,12
257_285,GI tract,12
257_286,GI tract,12
257_287,GI tract,12
257_288,GI tract,12
257_289,GI tract,12
257_290,GI tract,12
257_291,GI tract,12
257_292,GI tract,12
257_293,GI tract,12
257_294,GI tract,7
257_295,Urogenital ridge,7
257_296,Urogenital ridge,7
257_297,Urogenital ridge,7
257_298,Urogenital ridge,7
257_299,Urogenital ridge,6
257_300,Urogenital ridge,6
257_301,Urogenital ridge,6
257_302,GI tract,6
257_303,GI tract,6
257_304,Urogenital ridge,6
257_305,Urogenital ridge,6
257_306,Urogenital ridge,6
257_307,Urogenital ridge,6
257_308,Urogenital ridge,6
257_309,Blood vessel,6
257_310,Connective tissue,6
257_311,Urogenital ridge,6
257_312,Urogenital ridge,6
257_313,Sclerotome,3
257_314,Sclerotome,3
257_315,Sclerotome,3
257_316,Sclerotome,3
257_317,Sclerotome,3
257_318,Sclerotome,3
257_319,Sclerotome,3
257_320,Sclerotome,3
257_321,Sclerotome,3
257_322,Sclerotome,3
257_323,Sclerotome,3
257_324,Sclerotome,3
257_325,Sclerotome,3
257_326,Sclerotome,3
257_327,Sclerotome,3
257_328,Sclerotome,3
257_329,Sclerotome,1
257_330,Sclerotome,1
257_331,Sclerotome,1
257_332,Sclerotome,1
257_333,Sclerotome,1
257_334,Sclerotome,1
257_335,Blood vessel,1
257_336,Blood vessel,1
257_337,Blood vessel,1
257_338,Surface ectoderm,1
257_339,Surface ectoderm,1
257_340,Surface ectoderm,1
258_118,Cavity,13
258_119,Surface ectoderm,13
258_120,Surface ectoderm,13
258_121,Surface ectoderm,13
258_122,Surface ectoderm,13
258_123,Surface ectoderm,13
258_124,Surface ectoderm,13
258_125,Surface ectoderm,13
258_126,Jaw and tooth,13
258_127,Jaw and tooth,5
258_128,Jaw and tooth,5
258_129,Jaw and tooth,5
258_130,Jaw and tooth,5
258_131,Jaw and tooth,5
258_132,Brain,5
258_133,Brain,7
258_134,Brain,7
258_135,Brain,7
258_136,Brain,7
258_137,Brain,7
258_138,Brain,7
258_139,Brain,7
258_140,Brain,7
258_141,Brain,7
258_142,Brain,7
258_143,Brain,7
258_144,Brain,7
258_145,Brain,7
258_146,Brain,7
258_147,Brain,7
258_148,Brain,7
258_149,Brain,7
258_150,Brain,7
258_151,Brain,7
258_152,Brain,7
258_153,Brain,13
258_154,Brain,7
258_155,Brain,13
258_156,Brain,13
258_157,Brain,13
258_158,Brain,13
258_159,Brain,13
258_160,Brain,13
258_161,Brain,13
258_162,Brain,13
258_163,Brain,13
258_164,Brain,13
258_165,Brain,13
258_166,Brain,13
258_167,Brain,13
258_168,Brain,13
258_169,Brain,7
258_170,Brain,7
258_171,Brain,7
258_172,Brain,7
258_173,Brain,7
258_174,Jaw and tooth,7
258_175,Jaw and tooth,7
258_176,Jaw and tooth,17
258_177,Jaw and tooth,17
258_178,Jaw and tooth,17
258_179,Jaw and tooth,17
258_180,Jaw and tooth,17
258_181,Jaw and tooth,17
258_182,Jaw and tooth,17
258_183,Jaw and tooth,17
258_184,Jaw and tooth,17
258_185,Jaw and tooth,17
258_186,Jaw and tooth,17
258_187,Jaw and tooth,17
258_188,Jaw and tooth,17
258_189,Jaw and tooth,17
258_190,Jaw and tooth,17
258_191,Jaw and tooth,17
258_192,Jaw and tooth,17
258_193,Jaw and tooth,17
258_194,Jaw and tooth,17
258_195,Jaw and tooth,17
258_196,Jaw and tooth,17
258_197,Jaw and tooth,17
258_198,Surface ectoderm,17
258_199,Surface ectoderm,17
258_200,Surface ectoderm,17
258_201,Surface ectoderm,17
258_202,Surface ectoderm,17
258_281,Cavity,12
258_282,GI tract,12
258_283,GI tract,12
258_284,GI tract,12
258_285,GI tract,12
258_286,GI tract,12
258_287,GI tract,12
258_288,GI tract,12
258_289,GI tract,12
258_290,GI tract,12
258_291,GI tract,12
258_292,GI tract,12
258_293,Urogenital ridge,7
258_294,Urogenital ridge,7
258_295,Urogenital ridge,7
258_296,Urogenital ridge,7
258_297,Blood vessel,7
258_298,Urogenital ridge,7
258_299,Urogenital ridge,6
258_300,Urogenital ridge,6
258_301,Urogenital ridge,6
258_302,GI tract,6
258_303,Urogenital ridge,6
258_304,Urogenital ridge,6
258_305,Connective tissue,6
258_306,Urogenital ridge,6
258_307,Urogenital ridge,6
258_308,Urogenital ridge,6
258_309,Connective tissue,6
258_310,Urogenital ridge,6
258_311,Urogenital ridge,6
258_312,Urogenital ridge,3
258_313,Sclerotome,3
258_314,Sclerotome,3
258_315,Sclerotome,3
258_316,Urogenital ridge,3
258_317,Sclerotome,3
258_318,Sclerotome,3
258_319,Sclerotome,3
258_320,Sclerotome,3
258_321,Sclerotome,3
258_322,Sclerotome,3
258_323,Sclerotome,3
258_324,Sclerotome,3
258_325,Sclerotome,3
258_326,Connective tissue,3
258_327,Sclerotome,3
258_328,Sclerotome,3
258_329,Sclerotome,1
258_330,Sclerotome,1
258_331,Sclerotome,1
258_332,Sclerotome,1
258_333,Sclerotome,1
258_334,Sclerotome,1
258_335,Blood vessel,1
258_336,Blood vessel,1
258_337,Meninges,1
258_338,Surface ectoderm,1
258_339,Surface ectoderm,1
258_340,Surface ectoderm,1
258_341,Cavity,1
259_119,Cavity,13
259_120,Surface ectoderm,13
259_121,Surface ectoderm,13
259_122,Surface ectoderm,13
259_123,Surface ectoderm,13
259_124,Surface ectoderm,13
259_125,Surface ectoderm,13
259_126,Surface ectoderm,13
259_127,Surface ectoderm,5
259_128,Jaw and tooth,5
259_129,Jaw and tooth,5
259_130,Jaw and tooth,5
259_131,Jaw and tooth,5
259_132,Jaw and tooth,5
259_133,Jaw and tooth,5
259_134,Brain,7
259_135,Brain,7
259_136,Brain,7
259_137,Brain,7
259_138,Brain,7
259_139,Brain,7
259_140,Brain,7
259_141,Brain,7
259_142,Brain,7
259_143,Brain,7
259_144,Brain,7
259_145,Brain,7
259_146,Brain,7
259_147,Brain,7
259_148,Brain,7
259_149,Brain,7
259_150,Brain,7
259_151,Brain,7
259_152,Brain,7
259_153,Brain,7
259_154,Brain,7
259_155,Brain,7
259_156,Brain,13
259_157,Brain,7
259_158,Brain,13
259_159,Brain,13
259_160,Brain,13
259_161,Brain,7
259_162,Brain,7
259_163,Brain,7
259_164,Brain,7
259_165,Brain,13
259_166,Brain,7
259_167,Brain,7
259_168,Brain,7
259_169,Brain,7
259_170,Brain,7
259_171,Brain,7
259_172,Brain,7
259_173,Brain,7
259_174,Jaw and tooth,5
259_175,Jaw and tooth,17
259_176,Jaw and tooth,17
259_177,Jaw and tooth,17
259_178,Jaw and tooth,17
259_179,Jaw and tooth,17
259_180,Jaw and tooth,17
259_181,Jaw and tooth,17
259_182,Jaw and tooth,17
259_183,Jaw and tooth,17
259_184,Jaw and tooth,17
259_185,Jaw and tooth,17
259_186,Jaw and tooth,17
259_187,Jaw and tooth,17
259_188,Jaw and tooth,17
259_189,Jaw and tooth,17
259_190,Head mesenchyme,17
259_191,Jaw and tooth,17
259_192,Jaw and tooth,17
259_193,Jaw and tooth,17
259_194,Jaw and tooth,17
259_195,Jaw and tooth,17
259_196,Jaw and tooth,17
259_197,Jaw and tooth,17
259_198,Surface ectoderm,17
259_199,Surface ectoderm,17
259_200,Surface ectoderm,17
259_201,Surface ectoderm,17
259_202,Cavity,17
259_282,Cavity,12
259_283,GI tract,12
259_284,GI tract,12
259_285,GI tract,12
259_286,GI tract,12
259_287,GI tract,12
259_288,GI tract,12
259_289,GI tract,12
259_290,GI tract,12
259_291,GI tract,12
259_292,GI tract,7
259_293,Urogenital ridge,7
259_294,Urogenital ridge,7
259_295,Urogenital ridge,7
259_296,Connective tissue,7
259_297,Connective tissue,7
259_298,Urogenital ridge,6
259_299,Urogenital ridge,6
259_300,Urogenital ridge,6
259_301,Urogenital ridge,6
259_302,Urogenital ridge,6
259_303,Urogenital ridge,6
259_304,Urogenital ridge,6
259_305,Urogenital ridge,6
259_306,Urogenital ridge,6
259_307,Urogenital ridge,6
259_308,Urogenital ridge,6
259_309,GI tract,6
259_310,Urogenital ridge,6
259_311,Urogenital ridge,6
259_312,Urogenital ridge,6
259_313,Urogenital ridge,3
259_314,Urogenital ridge,3
259_315,Urogenital ridge,3
259_316,Sclerotome,3
259_317,Dermomyotome,3
259_318,Sclerotome,3
259_319,Sclerotome,15
259_320,Dermomyotome,15
259_321,Dermomyotome,3
259_322,Dermomyotome,3
259_323,Dermomyotome,3
259_324,Dermomyotome,3
259_325,Sclerotome,3
259_326,Sclerotome,3
259_327,Sclerotome,3
259_328,Sclerotome,3
259_329,Sclerotome,3
259_330,Sclerotome,1
259_331,Sclerotome,1
259_332,Sclerotome,1
259_333,Sclerotome,1
259_334,Sclerotome,1
259_335,Sclerotome,1
259_336,Blood vessel,1
259_337,Blood vessel,1
259_338,Surface ectoderm,1
259_339,Surface ectoderm,1
259_340,Surface ectoderm,1
259_341,Cavity,1
260_120,Cavity,13
260_121,Surface ectoderm,13
260_122,Surface ectoderm,13
260_123,Surface ectoderm,13
260_124,Surface ectoderm,13
260_125,Surface ectoderm,13
260_126,Surface ectoderm,13
260_127,Surface ectoderm,13
260_128,Surface ectoderm,5
260_129,Surface ectoderm,5
260_130,Jaw and tooth,5
260_131,Jaw and tooth,5
260_132,Jaw and tooth,5
260_133,Jaw and tooth,5
260_134,Jaw and tooth,5
260_135,Brain,7
260_136,Brain,7
260_137,Brain,7
260_138,Brain,7
260_139,Brain,7
260_140,Brain,7
260_141,Brain,7
260_142,Brain,7
260_143,Brain,7
260_144,Brain,7
260_145,Brain,7
260_146,Brain,7
260_147,Brain,7
260_148,Brain,7
260_149,Brain,7
260_150,Brain,7
260_151,Brain,7
260_152,Brain,7
260_153,Brain,7
260_154,Brain,7
260_155,Brain,7
260_156,Brain,7
260_157,Brain,7
260_158,Brain,7
260_159,Brain,7
260_160,Brain,7
260_161,Brain,7
260_162,Brain,7
260_163,Brain,7
260_164,Brain,7
260_165,Brain,7
260_166,Brain,7
260_167,Brain,7
260_168,Brain,7
260_169,Brain,7
260_170,Brain,7
260_171,Jaw and tooth,5
260_172,Head mesenchyme,7
260_173,Jaw and tooth,5
260_174,Jaw and tooth,5
260_175,Jaw and tooth,17
260_176,Jaw and tooth,17
260_177,Jaw and tooth,17
260_178,Jaw and tooth,17
260_179,Jaw and tooth,17
260_180,Jaw and tooth,17
260_181,Jaw and tooth,17
260_182,Jaw and tooth,17
260_183,Jaw and tooth,17
260_184,Jaw and tooth,17
260_185,Jaw and tooth,17
260_186,Jaw and tooth,17
260_187,Jaw and tooth,17
260_188,Jaw and tooth,17
260_189,Jaw and tooth,17
260_190,Jaw and tooth,17
260_191,Jaw and tooth,17
260_192,Jaw and tooth,17
260_193,Jaw and tooth,17
260_194,Jaw and tooth,17
260_195,Jaw and tooth,17
260_196,Jaw and tooth,17
260_197,Surface ectoderm,17
260_198,Surface ectoderm,17
260_199,Surface ectoderm,17
260_200,Cavity,17
260_284,Cavity,12
260_285,GI tract,12
260_286,GI tract,12
260_287,GI tract,12
260_288,GI tract,12
260_289,GI tract,12
260_290,GI tract,12
260_291,GI tract,7
260_292,GI tract,7
260_293,Urogenital ridge,7
260_294,Urogenital ridge,7
260_295,Urogenital ridge,7
260_296,Urogenital ridge,7
260_297,Urogenital ridge,6
260_298,Urogenital ridge,6
260_299,Urogenital ridge,6
260_300,Urogenital ridge,6
260_301,Urogenital ridge,6
260_302,Urogenital ridge,6
260_303,Urogenital ridge,6
260_304,Urogenital ridge,6
260_305,Urogenital ridge,6
260_306,Urogenital ridge,6
260_307,Urogenital ridge,6
260_308,Urogenital ridge,6
260_309,Urogenital ridge,6
260_310,Urogenital ridge,6
260_311,Urogenital ridge,6
260_312,Urogenital ridge,3
260_313,Urogenital ridge,3
260_314,Urogenital ridge,3
260_315,Dermomyotome,3
260_316,Dermomyotome,3
260_317,Dermomyotome,3
260_318,Dermomyotome,3
260_319,Dermomyotome,15
260_320,Dermomyotome,15
260_321,Dermomyotome,15
260_322,Dermomyotome,3
260_323,Dermomyotome,3
260_324,Sclerotome,3
260_325,Sclerotome,3
260_326,Connective tissue,3
260_327,Connective tissue,3
260_328,Sclerotome,3
260_329,Sclerotome,3
260_330,Sclerotome,1
260_331,Sclerotome,1
260_332,Sclerotome,1
260_333,Sclerotome,1
260_334,Blood vessel,1
260_335,Blood vessel,1
260_336,Sclerotome,1
260_337,Surface ectoderm,1
260_338,Surface ectoderm,1
260_339,Surface ectoderm,1
260_340,Surface ectoderm,1
260_341,Cavity,1
261_121,Cavity,13
261_122,Cavity,13
261_123,Surface ectoderm,13
261_124,Surface ectoderm,13
261_125,Surface ectoderm,13
261_126,Surface ectoderm,13
261_127,Surface ectoderm,13
261_128,Surface ectoderm,5
261_129,Surface ectoderm,5
261_130,Surface ectoderm,5
261_131,Surface ectoderm,5
261_132,Jaw and tooth,5
261_133,Meninges,5
261_134,Jaw and tooth,5
261_135,Jaw and tooth,5
261_136,Brain,7
261_137,Brain,7
261_138,Brain,7
261_139,Brain,7
261_140,Brain,7
261_141,Brain,7
261_142,Brain,7
261_143,Brain,7
261_144,Brain,7
261_145,Brain,7
261_146,Brain,7
261_147,Brain,7
261_148,Brain,7
261_149,Brain,7
261_150,Brain,7
261_151,Brain,7
261_152,Brain,7
261_153,Brain,7
261_154,Brain,7
261_155,Brain,7
261_156,Brain,7
261_157,Brain,7
261_158,Brain,7
261_159,Brain,7
261_160,Brain,7
261_161,Brain,7
261_162,Brain,7
261_163,Brain,7
261_164,Brain,7
261_165,Brain,7
261_166,Brain,7
261_167,Brain,7
261_168,Brain,7
261_169,Jaw and tooth,7
261_170,Jaw and tooth,7
261_171,Jaw and tooth,5
261_172,Jaw and tooth,5
261_173,Jaw and tooth,5
261_174,Jaw and tooth,5
261_175,Jaw and tooth,5
261_176,Jaw and tooth,17
261_177,Jaw and tooth,17
261_178,Jaw and tooth,17
261_179,Jaw and tooth,17
261_180,Jaw and tooth,17
261_181,Jaw and tooth,17
261_182,Jaw and tooth,17
261_183,Jaw and tooth,17
261_184,Jaw and tooth,17
261_185,Jaw and tooth,17
261_186,Jaw and tooth,17
261_187,Jaw and tooth,17
261_188,Jaw and tooth,17
261_189,Jaw and tooth,17
261_190,Jaw and tooth,17
261_191,Jaw and tooth,17
261_192,Jaw and tooth,17
261_193,Jaw and tooth,17
261_194,Jaw and tooth,17
261_195,Surface ectoderm,17
261_196,Surface ectoderm,17
261_197,Surface ectoderm,17
261_198,Surface ectoderm,17
261_199,Cavity,6
261_285,Cavity,12
261_286,GI tract,12
261_287,GI tract,12
261_288,GI tract,12
261_289,GI tract,7
261_290,GI tract,7
261_291,GI tract,7
261_292,Urogenital ridge,7
261_293,Urogenital ridge,7
261_294,Urogenital ridge,7
261_295,Urogenital ridge,7
261_296,Urogenital ridge,7
261_297,Urogenital ridge,6
261_298,Urogenital ridge,6
261_299,Urogenital ridge,6
261_300,Urogenital ridge,6
261_301,Connective tissue,6
261_302,Blood vessel,6
261_303,Blood vessel,6
261_304,Urogenital ridge,6
261_305,Blood vessel,6
261_306,Urogenital ridge,6
261_307,Urogenital ridge,6
261_308,Urogenital ridge,6
261_309,Urogenital ridge,6
261_310,Urogenital ridge,6
261_311,Urogenital ridge,6
261_312,Urogenital ridge,3
261_313,Urogenital ridge,3
261_314,Dermomyotome,3
261_315,Dermomyotome,3
261_316,Dermomyotome,3
261_317,Dermomyotome,3
261_318,Dermomyotome,3
261_319,Dermomyotome,15
261_320,Dermomyotome,15
261_321,Dermomyotome,3
261_322,Dermomyotome,3
261_323,Dermomyotome,3
261_324,Sclerotome,3
261_325,Sclerotome,3
261_326,Sclerotome,3
261_327,Sclerotome,3
261_328,Sclerotome,3
261_329,Sclerotome,1
261_330,Sclerotome,1
261_331,Sclerotome,1
261_332,Sclerotome,1
261_333,Sclerotome,1
261_334,Blood vessel,1
261_335,Blood vessel,1
261_336,Sclerotome,1
261_337,Meninges,1
261_338,Surface ectoderm,1
261_339,Surface ectoderm,1
261_340,Surface ectoderm,1
261_341,Surface ectoderm,1
262_122,Cavity,13
262_123,Cavity,13
262_124,Cavity,13
262_125,Surface ectoderm,13
262_126,Surface ectoderm,13
262_127,Surface ectoderm,13
262_128,Surface ectoderm,13
262_129,Surface ectoderm,5
262_130,Surface ectoderm,5
262_131,Surface ectoderm,5
262_132,Surface ectoderm,5
262_133,Meninges,5
262_134,Jaw and tooth,5
262_135,Jaw and tooth,5
262_136,Jaw and tooth,7
262_137,Brain,7
262_138,Brain,7
262_139,Brain,7
262_140,Brain,7
262_141,Brain,7
262_142,Brain,7
262_143,Brain,7
262_144,Brain,7
262_145,Brain,7
262_146,Brain,7
262_147,Brain,7
262_148,Brain,7
262_149,Brain,7
262_150,Brain,7
262_151,Brain,7
262_152,Brain,7
262_153,Brain,7
262_154,Brain,7
262_155,Brain,7
262_156,Brain,7
262_157,Brain,7
262_158,Brain,7
262_159,Brain,7
262_160,Brain,7
262_161,Brain,7
262_162,Brain,7
262_163,Brain,7
262_164,Brain,7
262_165,Brain,7
262_166,Brain,7
262_167,Brain,7
262_168,Jaw and tooth,7
262_169,Jaw and tooth,7
262_170,Jaw and tooth,5
262_171,Jaw and tooth,5
262_172,Jaw and tooth,5
262_173,Jaw and tooth,5
262_174,Jaw and tooth,5
262_175,Jaw and tooth,5
262_176,Jaw and tooth,17
262_177,Jaw and tooth,17
262_178,Jaw and tooth,17
262_179,Jaw and tooth,17
262_180,Jaw and tooth,17
262_181,Jaw and tooth,17
262_182,Jaw and tooth,17
262_183,Jaw and tooth,17
262_184,Jaw and tooth,17
262_185,Jaw and tooth,17
262_186,Jaw and tooth,17
262_187,Jaw and tooth,17
262_188,Jaw and tooth,17
262_189,Jaw and tooth,17
262_190,Jaw and tooth,17
262_191,Jaw and tooth,17
262_192,Jaw and tooth,17
262_193,Surface ectoderm,17
262_194,Surface ectoderm,17
262_195,Surface ectoderm,17
262_196,Surface ectoderm,17
262_197,Surface ectoderm,17
262_198,Surface ectoderm,17
262_288,Cavity,12
262_289,GI tract,7
262_290,GI tract,7
262_291,Urogenital ridge,7
262_292,Urogenital ridge,7
262_293,Urogenital ridge,7
262_294,Urogenital ridge,7
262_295,Urogenital ridge,7
262_296,Urogenital ridge,7
262_297,Urogenital ridge,6
262_298,Connective tissue,6
262_299,Urogenital ridge,6
262_300,Urogenital ridge,6
262_301,Connective tissue,6
262_302,Blood vessel,6
262_303,Blood vessel,6
262_304,Urogenital ridge,6
262_305,Connective tissue,6
262_306,Urogenital ridge,6
262_307,Urogenital ridge,6
262_308,Urogenital ridge,6
262_309,Urogenital ridge,6
262_310,Urogenital ridge,6
262_311,Urogenital ridge,6
262_312,Urogenital ridge,3
262_313,Urogenital ridge,3
262_314,Urogenital ridge,3
262_315,Urogenital ridge,3
262_316,Sclerotome,3
262_317,Sclerotome,3
262_318,Sclerotome,3
262_319,Sclerotome,3
262_320,Sclerotome,3
262_321,Sclerotome,3
262_322,Sclerotome,3
262_323,Sclerotome,3
262_324,Sclerotome,3
262_325,Sclerotome,3
262_326,Sclerotome,3
262_327,Sclerotome,3
262_328,Sclerotome,3
262_329,Sclerotome,1
262_330,Sclerotome,1
262_331,Sclerotome,1
262_332,Sclerotome,1
262_333,Sclerotome,1
262_334,Sclerotome,1
262_335,Sclerotome,1
262_336,Sclerotome,1
262_337,Surface ectoderm,1
262_338,Surface ectoderm,1
262_339,Surface ectoderm,1
262_340,Surface ectoderm,1
262_341,Surface ectoderm,1
263_126,Cavity,13
263_127,Cavity,13
263_128,Surface ectoderm,13
263_129,Surface ectoderm,13
263_130,Surface ectoderm,13
263_131,Surface ectoderm,13
263_132,Surface ectoderm,5
263_133,Surface ectoderm,5
263_134,Jaw and tooth,5
263_135,Jaw and tooth,5
263_136,Jaw and tooth,7
263_137,Jaw and tooth,7
263_138,Jaw and tooth,7
263_139,Brain,7
263_140,Brain,7
263_141,Brain,7
263_142,Brain,7
263_143,Brain,7
263_144,Brain,7
263_145,Brain,7
263_146,Brain,7
263_147,Brain,7
263_148,Brain,7
263_149,Brain,7
263_150,Brain,7
263_151,Brain,7
263_152,Brain,7
263_153,Brain,7
263_154,Brain,7
263_155,Brain,7
263_156,Brain,7
263_157,Brain,7
263_158,Brain,7
263_159,Brain,7
263_160,Brain,7
263_161,Brain,7
263_162,Brain,7
263_163,Brain,7
263_164,Brain,7
263_165,Brain,7
263_166,Brain,7
263_167,Jaw and tooth,7
263_168,Jaw and tooth,5
263_169,Jaw and tooth,5
263_170,Jaw and tooth,5
263_171,Jaw and tooth,5
263_172,Jaw and tooth,5
263_173,Jaw and tooth,5
263_174,Jaw and tooth,5
263_175,Jaw and tooth,5
263_176,Jaw and tooth,17
263_177,Jaw and tooth,17
263_178,Jaw and tooth,17
263_179,Jaw and tooth,17
263_180,Jaw and tooth,17
263_181,Jaw and tooth,17
263_182,Jaw and tooth,17
263_183,Jaw and tooth,17
263_184,Jaw and tooth,17
263_185,Jaw and tooth,17
263_186,Jaw and tooth,17
263_187,Jaw and tooth,17
263_188,Jaw and tooth,17
263_189,Jaw and tooth,17
263_190,Jaw and tooth,17
263_191,Jaw and tooth,17
263_192,Surface ectoderm,17
263_193,Surface ectoderm,17
263_194,Surface ectoderm,17
263_195,Surface ectoderm,17
263_196,Surface ectoderm,17
263_197,Surface ectoderm,17
263_198,Cavity,17
263_288,GI tract,7
263_289,GI tract,7
263_290,GI tract,7
263_291,Urogenital ridge,7
263_292,Urogenital ridge,7
263_293,Urogenital ridge,7
263_294,Urogenital ridge,7
263_295,Urogenital ridge,7
263_296,Urogenital ridge,7
263_297,Urogenital ridge,6
263_298,Urogenital ridge,6
263_299,Connective tissue,6
263_300,Connective tissue,6
263_301,Blood vessel,6
263_302,Blood vessel,6
263_303,Blood vessel,6
263_304,Urogenital ridge,6
263_305,Urogenital ridge,6
263_306,Urogenital ridge,6
263_307,Urogenital ridge,6
263_308,Urogenital ridge,6
263_309,Urogenital ridge,6
263_310,Urogenital ridge,6
263_311,Urogenital ridge,3
263_312,Urogenital ridge,3
263_313,Urogenital ridge,3
263_314,Urogenital ridge,3
263_315,Urogenital ridge,3
263_316,Sclerotome,3
263_317,Sclerotome,3
263_318,Sclerotome,3
263_319,Sclerotome,3
263_320,Sclerotome,3
263_321,Sclerotome,3
263_322,Sclerotome,3
263_323,Sclerotome,3
263_324,Sclerotome,3
263_325,Sclerotome,3
263_326,Sclerotome,3
263_327,Sclerotome,3
263_328,Sclerotome,1
263_329,Sclerotome,1
263_330,Sclerotome,1
263_331,Sclerotome,1
263_332,Sclerotome,1
263_333,Sclerotome,1
263_334,Sclerotome,1
263_335,Sclerotome,1
263_336,Sclerotome,1
263_337,Surface ectoderm,1
263_338,Surface ectoderm,1
263_339,Surface ectoderm,1
263_340,Surface ectoderm,1
263_341,Surface ectoderm,1
263_342,Cavity,1
264_128,Cavity,13
264_129,Cavity,13
264_130,Surface ectoderm,13
264_131,Surface ectoderm,13
264_132,Surface ectoderm,13
264_133,Surface ectoderm,13
264_134,Surface ectoderm,13
264_135,Surface ectoderm,13
264_136,Jaw and tooth,7
264_137,Jaw and tooth,7
264_138,Jaw and tooth,7
264_139,Brain,7
264_140,Brain,7
264_141,Brain,7
264_142,Brain,7
264_143,Brain,7
264_144,Brain,7
264_145,Brain,7
264_146,Brain,7
264_147,Brain,7
264_148,Brain,7
264_149,Brain,7
264_150,Brain,7
264_151,Brain,7
264_152,Brain,7
264_153,Brain,7
264_154,Brain,7
264_155,Brain,7
264_156,Brain,7
264_157,Brain,7
264_158,Brain,7
264_159,Brain,7
264_160,Brain,7
264_161,Brain,7
264_162,Brain,7
264_163,Brain,7
264_164,Brain,7
264_165,Brain,7
264_166,Jaw and tooth,7
264_167,Jaw and tooth,5
264_168,Jaw and tooth,5
264_169,Jaw and tooth,5
264_170,Jaw and tooth,5
264_171,Jaw and tooth,5
264_172,Jaw and tooth,5
264_173,Jaw and tooth,5
264_174,Jaw and tooth,5
264_175,Jaw and tooth,5
264_176,Jaw and tooth,5
264_177,Jaw and tooth,17
264_178,Jaw and tooth,17
264_179,Jaw and tooth,17
264_180,Jaw and tooth,17
264_181,Jaw and tooth,17
264_182,Jaw and tooth,17
264_183,Jaw and tooth,17
264_184,Jaw and tooth,17
264_185,Jaw and tooth,17
264_186,Jaw and tooth,17
264_187,Jaw and tooth,17
264_188,Surface ectoderm,17
264_189,Surface ectoderm,17
264_190,Surface ectoderm,17
264_191,Surface ectoderm,17
264_192,Surface ectoderm,17
264_193,Surface ectoderm,17
264_194,Surface ectoderm,17
264_195,Surface ectoderm,17
264_196,Surface ectoderm,17
264_243,Cavity,10
264_244,GI tract,10
264_245,GI tract,10
264_246,GI tract,10
264_247,GI tract,10
264_248,Cavity,10
264_288,GI tract,7
264_289,GI tract,7
264_290,Urogenital ridge,7
264_291,Urogenital ridge,7
264_292,Urogenital ridge,7
264_293,Urogenital ridge,7
264_294,Urogenital ridge,7
264_295,Urogenital ridge,7
264_296,Urogenital ridge,6
264_297,Urogenital ridge,6
264_298,Blood vessel,6
264_299,Blood vessel,6
264_300,Blood vessel,8
264_301,Cavity,8
264_302,Cavity,6
264_303,Blood vessel,6
264_304,Urogenital ridge,6
264_305,Urogenital ridge,6
264_306,Urogenital ridge,6
264_307,Urogenital ridge,6
264_308,Urogenital ridge,6
264_309,Urogenital ridge,6
264_310,Urogenital ridge,6
264_311,Urogenital ridge,3
264_312,Sclerotome,3
264_313,Sclerotome,3
264_314,Sclerotome,3
264_315,Urogenital ridge,3
264_316,Sclerotome,3
264_317,Sclerotome,3
264_318,Sclerotome,3
264_319,Sclerotome,3
264_320,Sclerotome,3
264_321,Sclerotome,3
264_322,Sclerotome,3
264_323,Sclerotome,3
264_324,Sclerotome,3
264_325,Sclerotome,3
264_326,Sclerotome,3
264_327,Sclerotome,3
264_328,Sclerotome,1
264_329,Sclerotome,1
264_330,Sclerotome,1
264_331,Sclerotome,1
264_332,Sclerotome,1
264_333,Sclerotome,1
264_334,Sclerotome,1
264_335,Sclerotome,1
264_336,Sclerotome,1
264_337,Surface ectoderm,1
264_338,Surface ectoderm,1
264_339,Surface ectoderm,1
264_340,Surface ectoderm,1
264_341,Surface ectoderm,1
264_342,Cavity,1
265_132,Cavity,13
265_133,Surface ectoderm,13
265_134,Surface ectoderm,13
265_135,Surface ectoderm,13
265_136,Surface ectoderm,13
265_137,Jaw and tooth,7
265_138,Jaw and tooth,7
265_139,Jaw and tooth,7
265_140,Brain,7
265_141,Brain,7
265_142,Brain,7
265_143,Brain,7
265_144,Brain,7
265_145,Brain,7
265_146,Brain,7
265_147,Brain,7
265_148,Brain,7
265_149,Brain,7
265_150,Brain,7
265_151,Brain,7
265_152,Brain,7
265_153,Brain,7
265_154,Brain,7
265_155,Brain,7
265_156,Brain,7
265_157,Brain,7
265_158,Brain,7
265_159,Brain,7
265_160,Brain,7
265_161,Brain,7
265_162,Brain,7
265_163,Brain,7
265_164,Brain,7
265_165,Jaw and tooth,5
265_166,Jaw and tooth,5
265_167,Jaw and tooth,5
265_168,Jaw and tooth,5
265_169,Jaw and tooth,5
265_170,Jaw and tooth,5
265_171,Jaw and tooth,5
265_172,Jaw and tooth,5
265_173,Jaw and tooth,5
265_174,Jaw and tooth,5
265_175,Jaw and tooth,5
265_176,Jaw and tooth,5
265_177,Jaw and tooth,5
265_178,Jaw and tooth,5
265_179,Jaw and tooth,17
265_180,Jaw and tooth,17
265_181,Jaw and tooth,17
265_182,Jaw and tooth,17
265_183,Jaw and tooth,17
265_184,Jaw and tooth,17
265_185,Surface ectoderm,17
265_186,Surface ectoderm,17
265_187,Surface ectoderm,17
265_188,Surface ectoderm,17
265_189,Surface ectoderm,17
265_190,Surface ectoderm,17
265_191,Surface ectoderm,17
265_192,Surface ectoderm,17
265_193,Surface ectoderm,17
265_194,Surface ectoderm,17
265_195,Surface ectoderm,17
265_196,Surface ectoderm,17
265_242,GI tract,10
265_243,GI tract,10
265_244,GI tract,10
265_245,GI tract,10
265_246,GI tract,10
265_247,GI tract,10
265_248,GI tract,10
265_249,GI tract,10
265_250,Cavity,10
265_287,Cavity,7
265_288,GI tract,7
265_289,GI tract,7
265_290,Urogenital ridge,7
265_291,Urogenital ridge,7
265_292,Urogenital ridge,7
265_293,Urogenital ridge,7
265_294,Urogenital ridge,6
265_295,Urogenital ridge,6
265_296,Urogenital ridge,6
265_297,Connective tissue,6
265_298,Blood vessel,6
265_299,Cavity,8
265_300,Cavity,8
265_301,Cavity,8
265_302,Cavity,8
265_303,Blood vessel,8
265_304,Connective tissue,6
265_305,Urogenital ridge,6
265_306,Urogenital ridge,6
265_307,Urogenital ridge,6
265_308,Urogenital ridge,6
265_309,Urogenital ridge,6
265_310,Urogenital ridge,6
265_311,Urogenital ridge,6
265_312,Sclerotome,3
265_313,Sclerotome,3
265_314,Sclerotome,3
265_315,Urogenital ridge,3
265_316,Urogenital ridge,3
265_317,Sclerotome,3
265_318,Sclerotome,3
265_319,Sclerotome,3
265_320,Sclerotome,3
265_321,Sclerotome,3
265_322,Sclerotome,3
265_323,Sclerotome,3
265_324,Sclerotome,3
265_325,Sclerotome,3
265_326,Sclerotome,3
265_327,Sclerotome,3
265_328,Sclerotome,1
265_329,Sclerotome,1
265_330,Sclerotome,1
265_331,Sclerotome,1
265_332,Sclerotome,1
265_333,Sclerotome,1
265_334,Sclerotome,1
265_335,Dorsal root ganglion,1
265_336,Dorsal root ganglion,1
265_337,Surface ectoderm,1
265_338,Surface ectoderm,1
265_339,Surface ectoderm,1
265_340,Surface ectoderm,1
265_341,Surface ectoderm,1
265_342,Cavity,1
266_133,Cavity,13
266_134,Surface ectoderm,13
266_135,Surface ectoderm,13
266_136,Surface ectoderm,13
266_137,Surface ectoderm,13
266_138,Jaw and tooth,13
266_139,Jaw and tooth,7
266_140,Brain,7
266_141,Brain,7
266_142,Brain,7
266_143,Brain,7
266_144,Brain,7
266_145,Brain,7
266_146,Brain,7
266_147,Brain,7
266_148,Brain,7
266_149,Brain,7
266_150,Brain,7
266_151,Brain,7
266_152,Brain,7
266_153,Brain,7
266_154,Brain,7
266_155,Brain,7
266_156,Brain,7
266_157,Brain,7
266_158,Brain,7
266_159,Brain,7
266_160,Brain,7
266_161,Brain,7
266_162,Jaw and tooth,7
266_163,Jaw and tooth,5
266_164,Jaw and tooth,5
266_165,Jaw and tooth,5
266_166,Jaw and tooth,5
266_167,Jaw and tooth,5
266_168,Jaw and tooth,5
266_169,Jaw and tooth,5
266_170,Jaw and tooth,5
266_171,Jaw and tooth,5
266_172,Jaw and tooth,5
266_173,Jaw and tooth,5
266_174,Jaw and tooth,5
266_175,Jaw and tooth,5
266_176,Jaw and tooth,5
266_177,Jaw and tooth,5
266_178,Jaw and tooth,5
266_179,Jaw and tooth,5
266_180,Jaw and tooth,5
266_181,Jaw and tooth,5
266_182,Surface ectoderm,5
266_183,Surface ectoderm,17
266_184,Surface ectoderm,17
266_185,Surface ectoderm,17
266_186,Surface ectoderm,5
266_187,Surface ectoderm,5
266_188,Surface ectoderm,5
266_189,Surface ectoderm,5
266_190,Surface ectoderm,17
266_191,Surface ectoderm,17
266_192,Surface ectoderm,17
266_193,Surface ectoderm,17
266_194,Surface ectoderm,17
266_195,Surface ectoderm,17
266_196,Surface ectoderm,17
266_197,Cavity,17
266_240,Cavity,10
266_241,GI tract,10
266_242,GI tract,10
266_243,GI tract,10
266_244,Cavity,10
266_245,Cavity,10
266_246,Cavity,10
266_247,GI tract,10
266_248,GI tract,10
266_249,GI tract,10
266_250,GI tract,10
266_251,GI tract,10
266_252,Cavity,10
266_287,GI tract,7
266_288,GI tract,7
266_289,GI tract,7
266_290,Urogenital ridge,7
266_291,Urogenital ridge,7
266_292,Connective tissue,7
266_293,Urogenital ridge,6
266_294,Urogenital ridge,6
266_295,Urogenital ridge,6
266_296,Urogenital ridge,6
266_297,Connective tissue,6
266_298,Blood vessel,8
266_299,Cavity,8
266_300,Cavity,8
266_301,Cavity,8
266_302,Cavity,8
266_303,Cavity,8
266_304,Connective tissue,6
266_305,Urogenital ridge,6
266_306,Urogenital ridge,6
266_307,Urogenital ridge,6
266_308,Urogenital ridge,6
266_309,Urogenital ridge,6
266_310,Urogenital ridge,6
266_311,Urogenital ridge,6
266_312,Urogenital ridge,3
266_313,Sclerotome,3
266_314,Urogenital ridge,3
266_315,Sclerotome,3
266_316,Sclerotome,3
266_317,Sclerotome,3
266_318,Sclerotome,3
266_319,Sclerotome,3
266_320,Sclerotome,3
266_321,Sclerotome,3
266_322,Sclerotome,3
266_323,Sclerotome,3
266_324,Sclerotome,3
266_325,Sclerotome,3
266_326,Sclerotome,3
266_327,Sclerotome,3
266_328,Sclerotome,1
266_329,Sclerotome,1
266_330,Sclerotome,1
266_331,Sclerotome,1
266_332,Sclerotome,1
266_333,Dorsal root ganglion,1
266_334,Dorsal root ganglion,1
266_335,Dorsal root ganglion,16
266_336,Dorsal root ganglion,1
266_337,Surface ectoderm,1
266_338,Surface ectoderm,1
266_339,Surface ectoderm,1
266_340,Surface ectoderm,1
266_341,Surface ectoderm,1
266_342,Surface ectoderm,1
267_134,Cavity,13
267_135,Surface ectoderm,13
267_136,Surface ectoderm,13
267_137,Surface ectoderm,13
267_138,Surface ectoderm,13
267_139,Jaw and tooth,13
267_140,Jaw and tooth,7
267_141,Jaw and tooth,5
267_142,Jaw and tooth,5
267_143,Jaw and tooth,5
267_144,Jaw and tooth,5
267_145,Jaw and tooth,5
267_146,Brain,5
267_147,Brain,5
267_148,Brain,7
267_149,Brain,7
267_150,Brain,7
267_151,Brain,7
267_152,Brain,7
267_153,Brain,7
267_154,Brain,7
267_155,Brain,7
267_156,Brain,7
267_157,Brain,7
267_158,Brain,7
267_159,Brain,7
267_160,Brain,7
267_161,Jaw and tooth,7
267_162,Jaw and tooth,5
267_163,Jaw and tooth,5
267_164,Jaw and tooth,5
267_165,Jaw and tooth,5
267_166,Jaw and tooth,5
267_167,Jaw and tooth,5
267_168,Jaw and tooth,5
267_169,Jaw and tooth,5
267_170,Jaw and tooth,5
267_171,Jaw and tooth,5
267_172,Jaw and tooth,5
267_173,Jaw and tooth,5
267_174,Jaw and tooth,5
267_175,Jaw and tooth,5
267_176,Jaw and tooth,5
267_177,Jaw and tooth,5
267_178,Jaw and tooth,5
267_179,Jaw and tooth,5
267_180,Jaw and tooth,5
267_181,Surface ectoderm,5
267_182,Surface ectoderm,5
267_183,Surface ectoderm,5
267_184,Surface ectoderm,5
267_185,Surface ectoderm,17
267_186,Surface ectoderm,5
267_187,Surface ectoderm,5
267_188,Surface ectoderm,5
267_189,Surface ectoderm,5
267_190,Cavity,5
267_191,Cavity,5
267_196,Cavity,17
267_197,Cavity,17
267_198,Cavity,17
267_240,GI tract,10
267_241,GI tract,10
267_242,GI tract,10
267_243,GI tract,10
267_244,Cavity,10
267_245,GI tract,10
267_246,GI tract,10
267_247,GI tract,10
267_248,GI tract,10
267_249,GI tract,10
267_250,GI tract,10
267_251,GI tract,10
267_252,GI tract,10
267_253,Cavity,10
267_286,Cavity,7
267_287,GI tract,7
267_288,GI tract,7
267_289,GI tract,7
267_290,Urogenital ridge,7
267_291,Urogenital ridge,7
267_292,Urogenital ridge,7
267_293,Urogenital ridge,6
267_294,Urogenital ridge,6
267_295,Urogenital ridge,6
267_296,Urogenital ridge,6
267_297,Connective tissue,8
267_298,Blood vessel,8
267_299,Cavity,8
267_300,Cavity,8
267_301,Cavity,8
267_302,Cavity,8
267_303,Blood vessel,8
267_304,Connective tissue,6
267_305,Urogenital ridge,6
267_306,Urogenital ridge,6
267_307,Urogenital ridge,6
267_308,Urogenital ridge,6
267_309,Urogenital ridge,6
267_310,Urogenital ridge,6
267_311,Urogenital ridge,6
267_312,Urogenital ridge,3
267_313,Urogenital ridge,3
267_314,Urogenital ridge,3
267_315,Sclerotome,3
267_316,Dermomyotome,3
267_317,Sclerotome,3
267_318,Sclerotome,3
267_319,Dermomyotome,3
267_320,Dermomyotome,3
267_321,Dermomyotome,3
267_322,Sclerotome,3
267_323,Sclerotome,3
267_324,Sclerotome,3
267_325,Sclerotome,3
267_326,Sclerotome,3
267_327,Sclerotome,1
267_328,Sclerotome,1
267_329,Sclerotome,1
267_330,Sclerotome,1
267_331,Sclerotome,1
267_332,Dorsal root ganglion,1
267_333,Dorsal root ganglion,1
267_334,Dorsal root ganglion,16
267_335,Dorsal root ganglion,16
267_336,Dorsal root ganglion,16
267_337,Dorsal root ganglion,1
267_338,Surface ectoderm,1
267_339,Surface ectoderm,1
267_340,Surface ectoderm,1
267_341,Surface ectoderm,1
267_342,Surface ectoderm,1
268_135,Cavity,13
268_136,Cavity,13
268_137,Surface ectoderm,13
268_138,Surface ectoderm,13
268_139,Surface ectoderm,13
268_140,Jaw and tooth,13
268_141,Jaw and tooth,5
268_142,Jaw and tooth,5
268_143,Jaw and tooth,5
268_144,Jaw and tooth,5
268_145,Jaw and tooth,5
268_146,Jaw and tooth,5
268_147,Blood vessel,5
268_148,Jaw and tooth,5
268_149,Jaw and tooth,5
268_150,Brain,5
268_151,Brain,5
268_152,Brain,5
268_153,Jaw and tooth,5
268_154,Jaw and tooth,5
268_155,Jaw and tooth,5
268_156,Jaw and tooth,5
268_157,Jaw and tooth,7
268_158,Brain,7
268_159,Jaw and tooth,5
268_160,Jaw and tooth,5
268_161,Jaw and tooth,5
268_162,Jaw and tooth,5
268_163,Jaw and tooth,5
268_164,Jaw and tooth,5
268_165,Jaw and tooth,5
268_166,Jaw and tooth,5
268_167,Jaw and tooth,5
268_168,Jaw and tooth,5
268_169,Jaw and tooth,5
268_170,Jaw and tooth,5
268_171,Jaw and tooth,5
268_172,Jaw and tooth,5
268_173,Jaw and tooth,5
268_174,Jaw and tooth,5
268_175,Jaw and tooth,5
268_176,Jaw and tooth,5
268_177,Jaw and tooth,5
268_178,Jaw and tooth,5
268_179,Surface ectoderm,5
268_180,Surface ectoderm,5
268_181,Surface ectoderm,5
268_182,Surface ectoderm,5
268_183,Surface ectoderm,5
268_184,Surface ectoderm,5
268_185,Surface ectoderm,5
268_186,Surface ectoderm,5
268_187,Cavity,5
268_188,Cavity,5
268_197,Cavity,17
268_198,Cavity,17
268_240,GI tract,10
268_241,GI tract,10
268_242,GI tract,10
268_243,GI tract,10
268_244,GI tract,10
268_245,GI tract,10
268_246,GI tract,10
268_247,Connective tissue,10
268_248,Blood vessel,10
268_249,Blood vessel,10
268_250,Blood vessel,10
268_251,Blood vessel,10
268_252,GI tract,10
268_253,GI tract,10
268_254,Cavity,10
268_286,GI tract,7
268_287,GI tract,7
268_288,GI tract,7
268_289,GI tract,7
268_290,Urogenital ridge,7
268_291,Urogenital ridge,7
268_292,Urogenital ridge,6
268_293,Urogenital ridge,6
268_294,Urogenital ridge,6
268_295,Urogenital ridge,6
268_296,Urogenital ridge,6
268_297,Urogenital ridge,8
268_298,Connective tissue,8
268_299,Blood vessel,8
268_300,Cavity,8
268_301,Cavity,8
268_302,Cavity,8
268_303,Blood vessel,8
268_304,Urogenital ridge,6
268_305,Urogenital ridge,6
268_306,Urogenital ridge,6
268_307,Urogenital ridge,6
268_308,Urogenital ridge,6
268_309,Urogenital ridge,6
268_310,Urogenital ridge,6
268_311,Connective tissue,6
268_312,Urogenital ridge,3
268_313,Urogenital ridge,3
268_314,Dermomyotome,3
268_315,Dermomyotome,3
268_316,Dermomyotome,3
268_317,Dermomyotome,3
268_318,Dermomyotome,3
268_319,Dermomyotome,3
268_320,Dermomyotome,3
268_321,Dermomyotome,3
268_322,Dermomyotome,3
268_323,Sclerotome,3
268_324,Sclerotome,3
268_325,Sclerotome,3
268_326,Sclerotome,1
268_327,Sclerotome,1
268_328,Sclerotome,1
268_329,Sclerotome,1
268_330,Sclerotome,1
268_331,Sclerotome,1
268_332,Dorsal root ganglion,1
268_333,Dorsal root ganglion,16
268_334,Dorsal root ganglion,16
268_335,Dorsal root ganglion,16
268_336,Dorsal root ganglion,16
268_337,Surface ectoderm,16
268_338,Surface ectoderm,1
268_339,Surface ectoderm,1
268_340,Surface ectoderm,1
268_341,Surface ectoderm,1
268_342,Surface ectoderm,1
269_137,Cavity,13
269_138,Surface ectoderm,13
269_139,Surface ectoderm,13
269_140,Surface ectoderm,13
269_141,Surface ectoderm,5
269_142,Jaw and tooth,5
269_143,Jaw and tooth,5
269_144,Jaw and tooth,5
269_145,Jaw and tooth,5
269_146,Jaw and tooth,5
269_147,Blood vessel,5
269_148,Jaw and tooth,5
269_149,Jaw and tooth,5
269_150,Jaw and tooth,5
269_151,Jaw and tooth,5
269_152,Jaw and tooth,5
269_153,Jaw and tooth,5
269_154,Jaw and tooth,5
269_155,Jaw and tooth,5
269_156,Jaw and tooth,5
269_157,Jaw and tooth,5
269_158,Jaw and tooth,5
269_159,Jaw and tooth,5
269_160,Jaw and tooth,5
269_161,Jaw and tooth,5
269_162,Jaw and tooth,5
269_163,Jaw and tooth,5
269_164,Jaw and tooth,5
269_165,Jaw and tooth,5
269_166,Jaw and tooth,5
269_167,Jaw and tooth,5
269_168,Jaw and tooth,5
269_169,Jaw and tooth,5
269_170,Jaw and tooth,5
269_171,Jaw and tooth,5
269_172,Jaw and tooth,5
269_173,Jaw and tooth,5
269_174,Jaw and tooth,5
269_175,Jaw and tooth,5
269_176,Surface ectoderm,5
269_177,Surface ectoderm,5
269_178,Surface ectoderm,5
269_179,Surface ectoderm,5
269_180,Surface ectoderm,5
269_181,Surface ectoderm,5
269_182,Surface ectoderm,5
269_183,Cavity,5
269_240,GI tract,10
269_241,GI tract,10
269_242,GI tract,10
269_243,GI tract,10
269_244,GI tract,10
269_245,GI tract,10
269_246,GI tract,10
269_247,Blood vessel,10
269_248,Cavity,10
269_249,Cavity,10
269_250,Cavity,10
269_251,Blood vessel,10
269_252,Blood vessel,10
269_253,GI tract,10
269_254,GI tract,10
269_285,Cavity,7
269_286,GI tract,7
269_287,GI tract,7
269_288,GI tract,7
269_289,Urogenital ridge,7
269_290,Urogenital ridge,7
269_291,Urogenital ridge,7
269_292,Urogenital ridge,7
269_293,Urogenital ridge,6
269_294,Urogenital ridge,6
269_295,Urogenital ridge,6
269_296,Urogenital ridge,6
269_297,Urogenital ridge,8
269_298,Blood vessel,8
269_299,Cavity,8
269_300,Cavity,8
269_301,Cavity,8
269_302,Cavity,8
269_303,Blood vessel,8
269_304,Connective tissue,6
269_305,Urogenital ridge,6
269_306,Urogenital ridge,6
269_307,Urogenital ridge,6
269_308,Urogenital ridge,6
269_309,Urogenital ridge,6
269_310,Urogenital ridge,6
269_311,Urogenital ridge,6
269_312,Urogenital ridge,3
269_313,Urogenital ridge,3
269_314,Sclerotome,3
269_315,Sclerotome,3
269_316,Sclerotome,3
269_317,Sclerotome,3
269_318,Dermomyotome,3
269_319,Dermomyotome,3
269_320,Dermomyotome,3
269_321,Dermomyotome,3
269_322,Sclerotome,3
269_323,Sclerotome,3
269_324,Sclerotome,3
269_325,Sclerotome,3
269_326,Sclerotome,1
269_327,Sclerotome,1
269_328,Sclerotome,1
269_329,Sclerotome,1
269_330,Sclerotome,1
269_331,Sclerotome,1
269_332,Dorsal root ganglion,1
269_333,Dorsal root ganglion,16
269_334,Dorsal root ganglion,16
269_335,Dorsal root ganglion,16
269_336,Dorsal root ganglion,16
269_337,Surface ectoderm,1
269_338,Surface ectoderm,1
269_339,Surface ectoderm,1
269_340,Surface ectoderm,1
269_341,Surface ectoderm,1
269_342,Surface ectoderm,1
269_343,Cavity,1
270_138,Cavity,13
270_139,Surface ectoderm,13
270_140,Surface ectoderm,13
270_141,Surface ectoderm,5
270_142,Surface ectoderm,5
270_143,Surface ectoderm,5
270_144,Jaw and tooth,5
270_145,Jaw and tooth,5
270_146,Meninges,5
270_147,Blood vessel,5
270_148,Blood vessel,5
270_149,Jaw and tooth,5
270_150,Jaw and tooth,5
270_151,Jaw and tooth,5
270_152,Jaw and tooth,5
270_153,Jaw and tooth,5
270_154,Jaw and tooth,5
270_155,Jaw and tooth,5
270_156,Jaw and tooth,5
270_157,Jaw and tooth,5
270_158,Jaw and tooth,5
270_159,Jaw and tooth,5
270_160,Jaw and tooth,5
270_161,Jaw and tooth,5
270_162,Jaw and tooth,5
270_163,Jaw and tooth,5
270_164,Jaw and tooth,5
270_165,Jaw and tooth,5
270_166,Jaw and tooth,5
270_167,Jaw and tooth,5
270_168,Jaw and tooth,5
270_169,Jaw and tooth,5
270_170,Jaw and tooth,5
270_171,Jaw and tooth,5
270_172,Jaw and tooth,5
270_173,Jaw and tooth,5
270_174,Jaw and tooth,5
270_175,Surface ectoderm,5
270_176,Surface ectoderm,5
270_177,Surface ectoderm,5
270_178,Surface ectoderm,5
270_179,Surface ectoderm,5
270_180,Surface ectoderm,5
270_181,Surface ectoderm,5
270_182,Cavity,5
270_240,GI tract,10
270_241,GI tract,10
270_242,GI tract,10
270_243,GI tract,10
270_244,GI tract,10
270_245,Sclerotome,10
270_246,GI tract,10
270_247,Blood vessel,10
270_248,Cavity,10
270_249,Cavity,10
270_250,Cavity,10
270_251,Blood vessel,10
270_252,Meninges,10
270_253,GI tract,10
270_254,GI tract,10
270_255,Cavity,10
270_284,Cavity,6
270_285,GI tract,6
270_286,GI tract,7
270_287,GI tract,7
270_288,Urogenital ridge,7
270_289,Urogenital ridge,7
270_290,Urogenital ridge,7
270_291,Urogenital ridge,7
270_292,Urogenital ridge,6
270_293,Urogenital ridge,6
270_294,Urogenital ridge,6
270_295,Urogenital ridge,6
270_296,Urogenital ridge,6
270_297,Connective tissue,6
270_298,Blood vessel,8
270_299,Cavity,8
270_300,Cavity,8
270_301,Cavity,8
270_302,Blood vessel,8
270_303,Connective tissue,8
270_304,Urogenital ridge,6
270_305,Urogenital ridge,6
270_306,Urogenital ridge,6
270_307,Urogenital ridge,6
270_308,Urogenital ridge,6
270_309,Urogenital ridge,6
270_310,Urogenital ridge,6
270_311,Urogenital ridge,3
270_312,Sclerotome,3
270_313,Urogenital ridge,3
270_314,Sclerotome,3
270_315,Sclerotome,3
270_316,Sclerotome,3
270_317,Sclerotome,3
270_318,Sclerotome,3
270_319,Sclerotome,3
270_320,Sclerotome,3
270_321,Sclerotome,3
270_322,Sclerotome,3
270_323,Sclerotome,3
270_324,Sclerotome,3
270_325,Sclerotome,3
270_326,Sclerotome,3
270_327,Sclerotome,1
270_328,Sclerotome,1
270_329,Sclerotome,1
270_330,Sclerotome,1
270_331,Sclerotome,1
270_332,Sclerotome,1
270_333,Dorsal root ganglion,1
270_334,Dorsal root ganglion,16
270_335,Dorsal root ganglion,16
270_336,Dorsal root ganglion,1
270_337,Surface ectoderm,1
270_338,Surface ectoderm,1
270_339,Cavity,1
270_340,Surface ectoderm,1
270_341,Surface ectoderm,1
270_342,Surface ectoderm,1
270_343,Cavity,1
271_139,Cavity,13
271_140,Surface ectoderm,13
271_141,Surface ectoderm,13
271_142,Surface ectoderm,13
271_143,Surface ectoderm,5
271_144,Surface ectoderm,5
271_145,Surface ectoderm,5
271_146,Surface ectoderm,5
271_147,Meninges,5
271_148,Meninges,5
271_149,Jaw and tooth,5
271_150,Jaw and tooth,5
271_151,Jaw and tooth,5
271_152,Jaw and tooth,5
271_153,Jaw and tooth,5
271_154,Jaw and tooth,5
271_155,Jaw and tooth,5
271_156,Jaw and tooth,5
271_157,Jaw and tooth,5
271_158,Jaw and tooth,5
271_159,Jaw and tooth,5
271_160,Jaw and tooth,5
271_161,Jaw and tooth,5
271_162,Jaw and tooth,5
271_163,Jaw and tooth,5
271_164,Jaw and tooth,5
271_165,Jaw and tooth,5
271_166,Jaw and tooth,5
271_167,Jaw and tooth,5
271_168,Jaw and tooth,5
271_169,Jaw and tooth,5
271_170,Jaw and tooth,5
271_171,Jaw and tooth,5
271_172,Surface ectoderm,5
271_173,Surface ectoderm,5
271_174,Surface ectoderm,5
271_175,Surface ectoderm,5
271_176,Surface ectoderm,5
271_177,Surface ectoderm,5
271_178,Surface ectoderm,5
271_179,Cavity,5
271_180,Cavity,5
271_240,GI tract,10
271_241,GI tract,10
271_242,GI tract,10
271_243,Surface ectoderm,10
271_244,GI tract,10
271_245,GI tract,10
271_246,Blood vessel,10
271_247,Blood vessel,10
271_248,Cavity,10
271_249,Cavity,10
271_250,Blood vessel,10
271_251,Blood vessel,10
271_252,GI tract,10
271_253,GI tract,10
271_254,GI tract,10
271_255,GI tract,10
271_256,Cavity,10
271_284,Cavity,6
271_285,GI tract,6
271_286,GI tract,6
271_287,GI tract,7
271_288,Urogenital ridge,7
271_289,Urogenital ridge,7
271_290,Urogenital ridge,7
271_291,Urogenital ridge,7
271_292,Urogenital ridge,6
271_293,Urogenital ridge,6
271_294,Urogenital ridge,6
271_295,Blood vessel,6
271_296,Connective tissue,6
271_297,Blood vessel,8
271_298,Cavity,8
271_299,Cavity,8
271_300,Cavity,8
271_301,Cavity,8
271_302,Blood vessel,8
271_303,Connective tissue,6
271_304,Urogenital ridge,6
271_305,Urogenital ridge,6
271_306,Urogenital ridge,6
271_307,Urogenital ridge,6
271_308,Urogenital ridge,6
271_309,Urogenital ridge,6
271_310,Urogenital ridge,3
271_311,Sclerotome,3
271_312,Sclerotome,3
271_313,Sclerotome,3
271_314,Urogenital ridge,3
271_315,Sclerotome,3
271_316,Sclerotome,3
271_317,Sclerotome,3
271_318,Sclerotome,3
271_319,Sclerotome,3
271_320,Sclerotome,3
271_321,Sclerotome,3
271_322,Sclerotome,3
271_323,Sclerotome,3
271_324,Sclerotome,3
271_325,Sclerotome,3
271_326,Sclerotome,1
271_327,Sclerotome,1
271_328,Sclerotome,1
271_329,Sclerotome,1
271_330,Sclerotome,1
271_331,Sclerotome,1
271_332,Sclerotome,1
271_333,Sclerotome,1
271_334,Dorsal root ganglion,1
271_335,Dorsal root ganglion,1
271_336,Dorsal root ganglion,1
271_337,Surface ectoderm,1
271_338,Surface ectoderm,1
271_339,Surface ectoderm,1
271_340,Surface ectoderm,1
271_341,Surface ectoderm,1
271_342,Surface ectoderm,1
271_343,Cavity,1
272_141,Cavity,13
272_142,Cavity,13
272_143,Surface ectoderm,13
272_144,Surface ectoderm,13
272_145,Surface ectoderm,13
272_146,Surface ectoderm,5
272_147,Surface ectoderm,5
272_148,Surface ectoderm,5
272_149,Jaw and tooth,5
272_150,Jaw and tooth,5
272_151,Jaw and tooth,5
272_152,Jaw and tooth,5
272_153,Jaw and tooth,5
272_154,Jaw and tooth,5
272_155,Jaw and tooth,5
272_156,Jaw and tooth,5
272_157,Jaw and tooth,5
272_158,Jaw and tooth,5
272_159,Jaw and tooth,5
272_160,Jaw and tooth,5
272_161,Jaw and tooth,5
272_162,Jaw and tooth,5
272_163,Jaw and tooth,5
272_164,Jaw and tooth,5
272_165,Jaw and tooth,5
272_166,Jaw and tooth,5
272_167,Jaw and tooth,5
272_168,Jaw and tooth,5
272_169,Surface ectoderm,5
272_170,Surface ectoderm,5
272_171,Surface ectoderm,5
272_172,Surface ectoderm,5
272_173,Surface ectoderm,5
272_174,Surface ectoderm,5
272_175,Surface ectoderm,5
272_176,Surface ectoderm,5
272_177,Cavity,5
272_178,Cavity,5
272_240,Cavity,10
272_241,GI tract,10
272_242,GI tract,10
272_243,GI tract,10
272_244,GI tract,10
272_245,GI tract,10
272_246,GI tract,10
272_247,Sclerotome,10
272_248,Blood vessel,10
272_249,Blood vessel,10
272_250,Connective tissue,10
272_251,Sclerotome,10
272_252,Sclerotome,10
272_253,Surface ectoderm,10
272_254,GI tract,10
272_255,GI tract,10
272_256,GI tract,10
272_284,Cavity,6
272_285,GI tract,6
272_286,GI tract,7
272_287,GI tract,7
272_288,Urogenital ridge,7
272_289,Urogenital ridge,7
272_290,Urogenital ridge,7
272_291,Urogenital ridge,7
272_292,Urogenital ridge,6
272_293,Urogenital ridge,6
272_294,Urogenital ridge,6
272_295,Blood vessel,6
272_296,Blood vessel,8
272_297,Blood vessel,8
272_298,Cavity,8
272_299,Cavity,8
272_300,Cavity,8
272_301,Cavity,8
272_302,Blood vessel,8
272_303,Connective tissue,8
272_304,Urogenital ridge,6
272_305,Urogenital ridge,6
272_306,Urogenital ridge,6
272_307,Urogenital ridge,6
272_308,Urogenital ridge,6
272_309,Urogenital ridge,6
272_310,Urogenital ridge,3
272_311,Sclerotome,3
272_312,Sclerotome,3
272_313,Sclerotome,3
272_314,Sclerotome,3
272_315,Sclerotome,3
272_316,Sclerotome,3
272_317,Sclerotome,3
272_318,Sclerotome,3
272_319,Sclerotome,3
272_320,Sclerotome,3
272_321,Sclerotome,3
272_322,Sclerotome,3
272_323,Sclerotome,3
272_324,Sclerotome,3
272_325,Sclerotome,3
272_326,Sclerotome,1
272_327,Sclerotome,1
272_328,Sclerotome,1
272_329,Sclerotome,1
272_330,Sclerotome,1
272_331,Sclerotome,1
272_332,Sclerotome,1
272_333,Sclerotome,1
272_334,Sclerotome,1
272_335,Sclerotome,1
272_336,Surface ectoderm,1
272_337,Surface ectoderm,1
272_338,Surface ectoderm,1
272_339,Surface ectoderm,1
272_340,Surface ectoderm,1
272_341,Surface ectoderm,1
272_342,Surface ectoderm,1
272_343,Surface ectoderm,1
273_145,Cavity,13
273_146,Surface ectoderm,13
273_147,Surface ectoderm,5
273_148,Surface ectoderm,5
273_149,Surface ectoderm,5
273_150,Surface ectoderm,5
273_151,Surface ectoderm,5
273_152,Surface ectoderm,5
273_153,Jaw and tooth,5
273_154,Jaw and tooth,5
273_155,Jaw and tooth,5
273_156,Jaw and tooth,5
273_157,Jaw and tooth,5
273_158,Jaw and tooth,5
273_159,Jaw and tooth,5
273_160,Jaw and tooth,5
273_161,Jaw and tooth,5
273_162,Jaw and tooth,5
273_163,Jaw and tooth,5
273_164,Surface ectoderm,5
273_165,Surface ectoderm,5
273_166,Surface ectoderm,5
273_167,Surface ectoderm,5
273_168,Surface ectoderm,5
273_169,Surface ectoderm,5
273_170,Surface ectoderm,5
273_171,Surface ectoderm,5
273_172,Surface ectoderm,5
273_173,Surface ectoderm,5
273_174,Surface ectoderm,5
273_175,Cavity,5
273_240,Cavity,10
273_241,GI tract,10
273_242,GI tract,10
273_243,GI tract,10
273_244,GI tract,10
273_245,GI tract,10
273_246,Blood vessel,10
273_247,Sclerotome,10
273_248,Sclerotome,10
273_249,Sclerotome,10
273_250,Sclerotome,10
273_251,Sclerotome,10
273_252,Sclerotome,10
273_253,GI tract,10
273_254,GI tract,10
273_255,GI tract,10
273_256,GI tract,10
273_257,Cavity,10
273_285,GI tract,6
273_286,GI tract,7
273_287,GI tract,7
273_288,Urogenital ridge,7
273_289,Urogenital ridge,7
273_290,Urogenital ridge,7
273_291,Urogenital ridge,6
273_292,Urogenital ridge,6
273_293,Urogenital ridge,6
273_294,Connective tissue,6
273_295,Blood vessel,8
273_296,Heart,8
273_297,Blood vessel,8
273_298,Cavity,8
273_299,Cavity,8
273_300,Cavity,8
273_301,Cavity,8
273_302,Blood vessel,8
273_303,Urogenital ridge,6
273_304,Urogenital ridge,6
273_305,Urogenital ridge,6
273_306,Urogenital ridge,6
273_307,Urogenital ridge,6
273_308,Urogenital ridge,6
273_309,Urogenital ridge,6
273_310,Connective tissue,3
273_311,Sclerotome,3
273_312,Sclerotome,3
273_313,Sclerotome,3
273_314,Sclerotome,3
273_315,Sclerotome,3
273_316,Sclerotome,3
273_317,Sclerotome,3
273_318,Sclerotome,3
273_319,Sclerotome,3
273_320,Sclerotome,3
273_321,Sclerotome,3
273_322,Sclerotome,3
273_323,Sclerotome,3
273_324,Sclerotome,3
273_325,Sclerotome,3
273_326,Sclerotome,1
273_327,Sclerotome,1
273_328,Sclerotome,1
273_329,Sclerotome,1
273_330,Sclerotome,1
273_331,Sclerotome,1
273_332,Sclerotome,1
273_333,Dorsal root ganglion,1
273_334,Dorsal root ganglion,1
273_335,Dorsal root ganglion,1
273_336,Surface ectoderm,1
273_337,Surface ectoderm,1
273_338,Surface ectoderm,1
273_339,Surface ectoderm,1
273_340,Surface ectoderm,1
273_341,Surface ectoderm,1
273_342,Surface ectoderm,1
273_343,Surface ectoderm,1
274_147,Cavity,5
274_148,Cavity,5
274_149,Surface ectoderm,5
274_150,Surface ectoderm,5
274_151,Surface ectoderm,5
274_152,Surface ectoderm,5
274_153,Surface ectoderm,5
274_154,Surface ectoderm,5
274_155,Surface ectoderm,5
274_156,Surface ectoderm,5
274_157,Surface ectoderm,5
274_158,Surface ectoderm,5
274_159,Surface ectoderm,5
274_160,Surface ectoderm,5
274_161,Surface ectoderm,5
274_162,Surface ectoderm,5
274_163,Surface ectoderm,5
274_164,Surface ectoderm,5
274_165,Surface ectoderm,5
274_166,Surface ectoderm,5
274_167,Surface ectoderm,5
274_168,Surface ectoderm,5
274_169,Surface ectoderm,5
274_170,Surface ectoderm,5
274_171,Surface ectoderm,5
274_172,Cavity,5
274_173,Cavity,5
274_241,GI tract,10
274_242,GI tract,10
274_243,GI tract,10
274_244,Blood vessel,10
274_245,GI tract,10
274_246,GI tract,10
274_247,Sclerotome,10
274_248,Sclerotome,10
274_249,Sclerotome,10
274_250,Sclerotome,10
274_251,Sclerotome,10
274_252,Sclerotome,10
274_253,Sclerotome,10
274_254,GI tract,10
274_255,GI tract,10
274_256,GI tract,10
274_257,GI tract,10
274_285,GI tract,7
274_286,GI tract,7
274_287,GI tract,7
274_288,Urogenital ridge,7
274_289,Urogenital ridge,7
274_290,Urogenital ridge,6
274_291,Urogenital ridge,6
274_292,Urogenital ridge,6
274_293,Connective tissue,6
274_294,Connective tissue,6
274_295,Connective tissue,8
274_296,Blood vessel,8
274_297,Blood vessel,8
274_298,Cavity,8
274_299,Cavity,8
274_300,Cavity,8
274_301,Blood vessel,8
274_302,Connective tissue,8
274_303,Urogenital ridge,6
274_304,Urogenital ridge,6
274_305,Urogenital ridge,6
274_306,Urogenital ridge,6
274_307,Urogenital ridge,6
274_308,Urogenital ridge,6
274_309,Urogenital ridge,3
274_310,Urogenital ridge,3
274_311,Urogenital ridge,3
274_312,Urogenital ridge,3
274_313,Urogenital ridge,3
274_314,Sclerotome,3
274_315,Sclerotome,3
274_316,Sclerotome,3
274_317,Sclerotome,3
274_318,Sclerotome,3
274_319,Sclerotome,3
274_320,Sclerotome,3
274_321,Sclerotome,3
274_322,Sclerotome,3
274_323,Sclerotome,3
274_324,Sclerotome,3
274_325,Sclerotome,3
274_326,Sclerotome,1
274_327,Sclerotome,1
274_328,Sclerotome,1
274_329,Sclerotome,1
274_330,Sclerotome,1
274_331,Dorsal root ganglion,1
274_332,Dorsal root ganglion,16
274_333,Dorsal root ganglion,16
274_334,Dorsal root ganglion,16
274_335,Dorsal root ganglion,16
274_336,Surface ectoderm,1
274_337,Surface ectoderm,1
274_338,Surface ectoderm,1
274_339,Surface ectoderm,1
274_340,Surface ectoderm,1
274_341,Surface ectoderm,1
274_342,Surface ectoderm,1
274_343,Surface ectoderm,1
275_150,Cavity,5
275_151,Cavity,5
275_152,Cavity,5
275_153,Cavity,5
275_154,Cavity,5
275_155,Cavity,5
275_156,Surface ectoderm,5
275_157,Surface ectoderm,5
275_158,Surface ectoderm,5
275_159,Surface ectoderm,5
275_160,Surface ectoderm,5
275_161,Surface ectoderm,5
275_162,Surface ectoderm,5
275_163,Surface ectoderm,5
275_164,Surface ectoderm,5
275_165,Surface ectoderm,5
275_166,Surface ectoderm,5
275_167,Surface ectoderm,5
275_168,Cavity,5
275_169,Cavity,5
275_170,Cavity,5
275_241,GI tract,10
275_242,GI tract,10
275_243,Heart,10
275_244,Blood vessel,10
275_245,Blood vessel,10
275_246,GI tract,10
275_247,Sclerotome,10
275_248,Sclerotome,10
275_249,Sclerotome,10
275_250,Sclerotome,10
275_251,Sclerotome,10
275_252,Sclerotome,10
275_253,GI tract,10
275_254,GI tract,10
275_255,GI tract,10
275_256,GI tract,10
275_257,Cavity,10
275_280,GI tract,10
275_281,GI tract,10
275_282,Cavity,10
275_285,GI tract,7
275_286,GI tract,7
275_287,GI tract,7
275_288,Urogenital ridge,7
275_289,Urogenital ridge,7
275_290,Urogenital ridge,6
275_291,Urogenital ridge,6
275_292,Urogenital ridge,6
275_293,Connective tissue,6
275_294,Connective tissue,8
275_295,Blood vessel,8
275_296,Cavity,8
275_297,Cavity,8
275_298,Cavity,8
275_299,Cavity,8
275_300,Cavity,8
275_301,Blood vessel,8
275_302,Connective tissue,6
275_303,Urogenital ridge,6
275_304,Urogenital ridge,6
275_305,Urogenital ridge,6
275_306,Urogenital ridge,6
275_307,Urogenital ridge,6
275_308,Urogenital ridge,6
275_309,Urogenital ridge,3
275_310,Urogenital ridge,3
275_311,Urogenital ridge,3
275_312,Urogenital ridge,3
275_313,Urogenital ridge,3
275_314,Urogenital ridge,3
275_315,Sclerotome,3
275_316,Sclerotome,3
275_317,Sclerotome,3
275_318,Sclerotome,3
275_319,Sclerotome,3
275_320,Sclerotome,3
275_321,Sclerotome,3
275_322,Sclerotome,3
275_323,Sclerotome,3
275_324,Sclerotome,3
275_325,Sclerotome,3
275_326,Sclerotome,1
275_327,Sclerotome,1
275_328,Sclerotome,1
275_329,Sclerotome,1
275_330,Dorsal root ganglion,16
275_331,Dorsal root ganglion,16
275_332,Dorsal root ganglion,16
275_333,Dorsal root ganglion,16
275_334,Dorsal root ganglion,16
275_335,Dorsal root ganglion,16
275_336,Dorsal root ganglion,1
275_337,Surface ectoderm,1
275_338,Surface ectoderm,1
275_339,Surface ectoderm,1
275_340,Surface ectoderm,1
275_341,Surface ectoderm,1
275_342,Surface ectoderm,1
275_343,Cavity,1
276_157,Cavity,5
276_158,Cavity,5
276_159,Surface ectoderm,5
276_160,Cavity,5
276_241,GI tract,10
276_242,GI tract,10
276_243,Blood vessel,10
276_244,Blood vessel,10
276_245,GI tract,10
276_246,Sclerotome,10
276_247,Sclerotome,10
276_248,Sclerotome,10
276_249,Sclerotome,10
276_250,Sclerotome,10
276_251,Sclerotome,10
276_252,Sclerotome,10
276_253,GI tract,10
276_254,GI tract,10
276_255,GI tract,10
276_256,GI tract,10
276_259,Cavity,10
276_260,Cavity,10
276_261,Cavity,10
276_262,GI tract,10
276_263,GI tract,10
276_264,GI tract,10
276_265,Cavity,10
276_266,Cavity,10
276_273,Cavity,10
276_274,GI tract,10
276_275,GI tract,10
276_276,GI tract,10
276_277,GI tract,10
276_278,GI tract,10
276_279,GI tract,10
276_280,GI tract,10
276_281,GI tract,10
276_282,GI tract,10
276_283,GI tract,10
276_285,GI tract,7
276_286,GI tract,7
276_287,GI tract,7
276_288,Urogenital ridge,7
276_289,Urogenital ridge,7
276_290,Urogenital ridge,6
276_291,Urogenital ridge,6
276_292,Blood vessel,6
276_293,Blood vessel,6
276_294,Connective tissue,8
276_295,Blood vessel,8
276_296,Cavity,8
276_297,Cavity,8
276_298,Cavity,8
276_299,Cavity,8
276_300,Cavity,8
276_301,Blood vessel,8
276_302,Urogenital ridge,6
276_303,Urogenital ridge,6
276_304,Urogenital ridge,6
276_305,Urogenital ridge,6
276_306,Urogenital ridge,6
276_307,Urogenital ridge,6
276_308,Urogenital ridge,3
276_309,Urogenital ridge,3
276_310,Urogenital ridge,3
276_311,Urogenital ridge,3
276_312,Urogenital ridge,3
276_313,Sclerotome,3
276_314,Sclerotome,3
276_315,Sclerotome,3
276_316,Sclerotome,3
276_317,Sclerotome,3
276_318,Sclerotome,3
276_319,Sclerotome,3
276_320,Sclerotome,3
276_321,Sclerotome,3
276_322,Sclerotome,3
276_323,Sclerotome,3
276_324,Sclerotome,3
276_325,Sclerotome,3
276_326,Sclerotome,1
276_327,Sclerotome,1
276_328,Sclerotome,1
276_329,Sclerotome,1
276_330,Dorsal root ganglion,16
276_331,Dorsal root ganglion,16
276_332,Dorsal root ganglion,16
276_333,Dorsal root ganglion,16
276_334,Dorsal root ganglion,16
276_335,Dorsal root ganglion,16
276_336,Dorsal root ganglion,1
276_337,Surface ectoderm,1
276_338,Surface ectoderm,1
276_339,Surface ectoderm,1
276_340,Surface ectoderm,1
276_341,Surface ectoderm,1
276_342,Surface ectoderm,1
276_343,Cavity,1
277_241,GI tract,10
277_242,GI tract,10
277_243,Blood vessel,10
277_244,GI tract,10
277_245,Sclerotome,10
277_246,Sclerotome,10
277_247,Sclerotome,10
277_248,Sclerotome,10
277_249,Sclerotome,10
277_250,Connective tissue,10
277_251,Connective tissue,10
277_252,GI tract,10
277_253,GI tract,10
277_254,GI tract,10
277_255,GI tract,10
277_256,GI tract,10
277_258,Cavity,10
277_259,GI tract,10
277_260,GI tract,10
277_261,GI tract,10
277_262,GI tract,10
277_263,GI tract,10
277_264,GI tract,10
277_265,GI tract,10
277_266,GI tract,10
277_267,Cavity,10
277_273,GI tract,10
277_274,GI tract,10
277_275,GI tract,10
277_276,GI tract,10
277_277,GI tract,10
277_278,GI tract,10
277_279,GI tract,10
277_280,GI tract,10
277_281,GI tract,10
277_282,GI tract,10
277_283,GI tract,10
277_284,Cavity,10
277_285,GI tract,10
277_286,GI tract,6
277_287,GI tract,6
277_288,Urogenital ridge,7
277_289,Urogenital ridge,6
277_290,Urogenital ridge,6
277_291,Urogenital ridge,6
277_292,Blood vessel,8
277_293,Blood vessel,8
277_294,Blood vessel,8
277_295,Cavity,8
277_296,Cavity,8
277_297,Cavity,8
277_298,Cavity,8
277_299,Cavity,8
277_300,Cavity,8
277_301,Blood vessel,6
277_302,Urogenital ridge,6
277_303,Urogenital ridge,6
277_304,Urogenital ridge,6
277_305,Urogenital ridge,6
277_306,Urogenital ridge,6
277_307,Urogenital ridge,6
277_308,Urogenital ridge,3
277_309,Sclerotome,3
277_310,Sclerotome,3
277_311,Urogenital ridge,3
277_312,Urogenital ridge,3
277_313,Sclerotome,3
277_314,Sclerotome,3
277_315,Sclerotome,3
277_316,Sclerotome,3
277_317,Sclerotome,3
277_318,Sclerotome,3
277_319,Sclerotome,3
277_320,Sclerotome,3
277_321,Sclerotome,3
277_322,Sclerotome,3
277_323,Sclerotome,3
277_324,Sclerotome,3
277_325,Sclerotome,1
277_326,Sclerotome,1
277_327,Sclerotome,1
277_328,Sclerotome,1
277_329,Dorsal root ganglion,1
277_330,Dorsal root ganglion,16
277_331,Dorsal root ganglion,16
277_332,Dorsal root ganglion,16
277_333,Dorsal root ganglion,16
277_334,Dorsal root ganglion,16
277_335,Dorsal root ganglion,16
277_336,Dorsal root ganglion,1
277_337,Surface ectoderm,1
277_338,Surface ectoderm,1
277_339,Surface ectoderm,1
277_340,Surface ectoderm,1
277_341,Surface ectoderm,1
277_342,Surface ectoderm,1
277_343,Cavity,1
278_241,GI tract,10
278_242,GI tract,10
278_243,GI tract,10
278_244,Sclerotome,10
278_245,Sclerotome,10
278_246,Sclerotome,10
278_247,Sclerotome,10
278_248,Sclerotome,10
278_249,Sclerotome,10
278_250,Sclerotome,10
278_251,GI tract,10
278_252,GI tract,10
278_253,GI tract,10
278_254,GI tract,10
278_255,GI tract,10
278_256,GI tract,10
278_257,GI tract,10
278_258,GI tract,10
278_259,GI tract,10
278_260,Heart,10
278_261,GI tract,10
278_262,GI tract,10
278_263,GI tract,10
278_264,GI tract,10
278_265,GI tract,10
278_266,GI tract,10
278_267,GI tract,10
278_268,Cavity,10
278_272,Cavity,10
278_273,GI tract,10
278_274,GI tract,10
278_275,GI tract,10
278_276,GI tract,10
278_277,GI tract,10
278_278,GI tract,10
278_279,GI tract,10
278_280,GI tract,10
278_281,GI tract,10
278_282,GI tract,10
278_283,GI tract,10
278_284,GI tract,10
278_285,GI tract,10
278_286,GI tract,6
278_287,GI tract,6
278_288,Urogenital ridge,6
278_289,Urogenital ridge,6
278_290,Urogenital ridge,6
278_291,Connective tissue,6
278_292,Connective tissue,6
278_293,Blood vessel,8
278_294,Blood vessel,8
278_295,Cavity,8
278_296,Cavity,8
278_297,Cavity,8
278_298,Cavity,8
278_299,Cavity,8
278_300,Blood vessel,8
278_301,Connective tissue,6
278_302,Urogenital ridge,6
278_303,Urogenital ridge,6
278_304,Urogenital ridge,6
278_305,Urogenital ridge,6
278_306,Urogenital ridge,6
278_307,Urogenital ridge,3
278_308,Sclerotome,3
278_309,Sclerotome,3
278_310,Sclerotome,3
278_311,Sclerotome,3
278_312,Sclerotome,3
278_313,Sclerotome,3
278_314,Sclerotome,3
278_315,Sclerotome,3
278_316,Sclerotome,3
278_317,Sclerotome,3
278_318,Sclerotome,3
278_319,Sclerotome,3
278_320,Sclerotome,3
278_321,Sclerotome,3
278_322,Sclerotome,3
278_323,Sclerotome,3
278_324,Sclerotome,3
278_325,Sclerotome,1
278_326,Sclerotome,1
278_327,Sclerotome,1
278_328,Sclerotome,1
278_329,Sclerotome,1
278_330,Dorsal root ganglion,16
278_331,Dorsal root ganglion,16
278_332,Dorsal root ganglion,16
278_333,Dorsal root ganglion,16
278_334,Dorsal root ganglion,16
278_335,Dorsal root ganglion,16
278_336,Dorsal root ganglion,1
278_337,Surface ectoderm,1
278_338,Surface ectoderm,1
278_339,Surface ectoderm,1
278_340,Surface ectoderm,1
278_341,Surface ectoderm,1
278_342,Surface ectoderm,1
279_241,GI tract,10
279_242,GI tract,10
279_243,GI tract,10
279_244,Sclerotome,10
279_245,Sclerotome,10
279_246,Sclerotome,10
279_247,Sclerotome,10
279_248,Sclerotome,10
279_249,Sclerotome,10
279_250,Sclerotome,10
279_251,GI tract,10
279_252,GI tract,10
279_253,GI tract,10
279_254,GI tract,10
279_255,GI tract,10
279_256,GI tract,10
279_257,GI tract,10
279_258,GI tract,10
279_259,GI tract,10
279_260,Heart,10
279_261,Meninges,10
279_262,Heart,10
279_263,Heart,10
279_264,GI tract,10
279_265,GI tract,10
279_266,GI tract,10
279_267,GI tract,10
279_268,GI tract,10
279_272,GI tract,10
279_273,GI tract,10
279_274,GI tract,10
279_275,GI tract,10
279_276,GI tract,10
279_277,GI tract,10
279_278,GI tract,10
279_279,GI tract,10
279_280,GI tract,10
279_281,GI tract,10
279_282,GI tract,10
279_283,GI tract,10
279_284,GI tract,10
279_285,GI tract,10
279_286,GI tract,6
279_287,Urogenital ridge,6
279_288,Urogenital ridge,6
279_289,Urogenital ridge,6
279_290,Urogenital ridge,6
279_291,Blood vessel,6
279_292,Blood vessel,8
279_293,Blood vessel,8
279_294,Cavity,8
279_295,Cavity,8
279_296,Cavity,8
279_297,Cavity,8
279_298,Cavity,8
279_299,Cavity,8
279_300,Blood vessel,6
279_301,Urogenital ridge,6
279_302,Urogenital ridge,6
279_303,Urogenital ridge,6
279_304,Urogenital ridge,6
279_305,Urogenital ridge,6
279_306,Urogenital ridge,6
279_307,Urogenital ridge,3
279_308,Sclerotome,3
279_309,Sclerotome,3
279_310,Sclerotome,3
279_311,Sclerotome,3
279_312,Sclerotome,3
279_313,Sclerotome,3
279_314,Sclerotome,3
279_315,Sclerotome,3
279_316,Sclerotome,3
279_317,Sclerotome,3
279_318,Sclerotome,3
279_319,Sclerotome,3
279_320,Sclerotome,3
279_321,Sclerotome,3
279_322,Sclerotome,3
279_323,Sclerotome,3
279_324,Sclerotome,1
279_325,Sclerotome,1
279_326,Sclerotome,1
279_327,Sclerotome,1
279_328,Sclerotome,1
279_329,Jaw and tooth,1
279_330,Dorsal root ganglion,16
279_331,Dorsal root ganglion,16
279_332,Dorsal root ganglion,16
279_333,Dorsal root ganglion,16
279_334,Dorsal root ganglion,16
279_335,Dorsal root ganglion,16
279_336,Surface ectoderm,1
279_337,Surface ectoderm,1
279_338,Surface ectoderm,1
279_339,Surface ectoderm,1
279_340,Surface ectoderm,1
279_341,Surface ectoderm,1
279_342,Surface ectoderm,1
280_241,GI tract,10
280_242,GI tract,10
280_243,Sclerotome,10
280_244,Sclerotome,10
280_245,Sclerotome,10
280_246,Sclerotome,10
280_247,Sclerotome,10
280_248,Sclerotome,10
280_249,Sclerotome,10
280_250,GI tract,10
280_251,GI tract,10
280_252,GI tract,10
280_253,GI tract,10
280_254,GI tract,10
280_255,GI tract,10
280_256,GI tract,10
280_257,GI tract,10
280_258,GI tract,10
280_259,GI tract,10
280_260,GI tract,10
280_261,Connective tissue,10
280_262,Connective tissue,10
280_263,Blood vessel,10
280_264,Connective tissue,10
280_265,GI tract,10
280_266,GI tract,10
280_267,GI tract,10
280_268,GI tract,10
280_269,GI tract,10
280_272,Cavity,10
280_273,GI tract,10
280_274,GI tract,10
280_275,GI tract,10
280_276,GI tract,10
280_277,GI tract,10
280_278,GI tract,10
280_279,GI tract,10
280_280,GI tract,10
280_281,GI tract,10
280_282,GI tract,10
280_283,GI tract,10
280_284,GI tract,10
280_285,GI tract,10
280_286,GI tract,6
280_287,Urogenital ridge,6
280_288,Urogenital ridge,6
280_289,Urogenital ridge,6
280_290,Urogenital ridge,6
280_291,Blood vessel,6
280_292,Blood vessel,8
280_293,Cavity,8
280_294,Cavity,8
280_295,Cavity,8
280_296,Cavity,8
280_297,Cavity,8
280_298,Cavity,8
280_299,Cavity,8
280_300,Connective tissue,6
280_301,Urogenital ridge,6
280_302,Urogenital ridge,6
280_303,Urogenital ridge,6
280_304,Urogenital ridge,6
280_305,Urogenital ridge,6
280_306,Urogenital ridge,3
280_307,Sclerotome,3
280_308,Sclerotome,3
280_309,Sclerotome,3
280_310,Sclerotome,3
280_311,Sclerotome,3
280_312,Sclerotome,3
280_313,Sclerotome,3
280_314,Sclerotome,3
280_315,Sclerotome,3
280_316,Sclerotome,3
280_317,Sclerotome,3
280_318,Sclerotome,3
280_319,Sclerotome,3
280_320,Sclerotome,3
280_321,Sclerotome,3
280_322,Sclerotome,3
280_323,Sclerotome,3
280_324,Sclerotome,1
280_325,Sclerotome,1
280_326,Sclerotome,1
280_327,Sclerotome,1
280_328,Sclerotome,1
280_329,Sclerotome,1
280_330,Dorsal root ganglion,16
280_331,Dorsal root ganglion,16
280_332,Dorsal root ganglion,16
280_333,Dorsal root ganglion,16
280_334,Dorsal root ganglion,16
280_335,Dorsal root ganglion,16
280_336,Surface ectoderm,1
280_337,Surface ectoderm,1
280_338,Surface ectoderm,1
280_339,Surface ectoderm,1
280_340,Surface ectoderm,1
280_341,Surface ectoderm,1
280_342,Cavity,1
281_241,GI tract,10
281_242,GI tract,10
281_243,Sclerotome,10
281_244,Sclerotome,10
281_245,Sclerotome,10
281_246,Sclerotome,10
281_247,Sclerotome,10
281_248,Sclerotome,10
281_249,GI tract,10
281_250,GI tract,10
281_251,GI tract,10
281_252,GI tract,10
281_253,GI tract,10
281_254,GI tract,10
281_255,GI tract,10
281_256,GI tract,10
281_257,GI tract,10
281_258,GI tract,10
281_259,Connective tissue,10
281_260,Connective tissue,10
281_261,Connective tissue,10
281_262,Connective tissue,10
281_263,Connective tissue,10
281_264,Connective tissue,10
281_265,Connective tissue,10
281_266,GI tract,10
281_267,GI tract,10
281_268,GI tract,10
281_269,GI tract,10
281_272,Cavity,10
281_273,GI tract,10
281_274,GI tract,10
281_275,GI tract,10
281_276,GI tract,10
281_277,GI tract,10
281_278,GI tract,10
281_279,GI tract,10
281_280,Urogenital ridge,10
281_281,GI tract,10
281_282,GI tract,10
281_283,GI tract,10
281_284,GI tract,10
281_285,GI tract,10
281_286,GI tract,6
281_287,Urogenital ridge,6
281_288,Urogenital ridge,6
281_289,Urogenital ridge,6
281_290,Connective tissue,6
281_291,Blood vessel,8
281_292,Blood vessel,8
281_293,Cavity,8
281_294,Cavity,8
281_295,Cavity,8
281_296,Cavity,8
281_297,Cavity,8
281_298,Cavity,8
281_299,Blood vessel,6
281_300,Urogenital ridge,6
281_301,Urogenital ridge,6
281_302,Urogenital ridge,6
281_303,Urogenital ridge,6
281_304,Urogenital ridge,6
281_305,Urogenital ridge,6
281_306,Blood vessel,3
281_307,Urogenital ridge,3
281_308,Sclerotome,3
281_309,Sclerotome,3
281_310,Sclerotome,3
281_311,Sclerotome,3
281_312,Sclerotome,3
281_313,Sclerotome,3
281_314,Sclerotome,3
281_315,Sclerotome,3
281_316,Sclerotome,3
281_317,Sclerotome,3
281_318,Sclerotome,3
281_319,Sclerotome,3
281_320,Sclerotome,3
281_321,Sclerotome,3
281_322,Sclerotome,3
281_323,Sclerotome,3
281_324,Sclerotome,1
281_325,Sclerotome,1
281_326,Sclerotome,1
281_327,Sclerotome,1
281_328,Sclerotome,1
281_329,Sclerotome,1
281_330,Dorsal root ganglion,16
281_331,Dorsal root ganglion,16
281_332,Dorsal root ganglion,16
281_333,Dorsal root ganglion,16
281_334,Dorsal root ganglion,16
281_335,Dorsal root ganglion,1
281_336,Dorsal root ganglion,1
281_337,Surface ectoderm,1
281_338,Surface ectoderm,1
281_339,Surface ectoderm,1
281_340,Surface ectoderm,1
281_341,Surface ectoderm,1
281_342,Cavity,1
282_241,GI tract,10
282_242,GI tract,10
282_243,GI tract,10
282_244,Sclerotome,10
282_245,Sclerotome,10
282_246,Sclerotome,10
282_247,GI tract,10
282_248,GI tract,10
282_249,GI tract,10
282_250,GI tract,10
282_251,GI tract,10
282_252,GI tract,10
282_253,GI tract,10
282_254,GI tract,10
282_255,GI tract,10
282_256,GI tract,10
282_257,GI tract,10
282_258,Connective tissue,10
282_259,GI tract,10
282_260,Urogenital ridge,10
282_261,Urogenital ridge,10
282_262,Connective tissue,10
282_263,Blood vessel,10
282_264,Blood vessel,10
282_265,Blood vessel,10
282_266,GI tract,10
282_267,GI tract,10
282_268,GI tract,10
282_269,GI tract,10
282_270,Cavity,10
282_272,Cavity,10
282_273,GI tract,10
282_274,GI tract,10
282_275,GI tract,10
282_276,GI tract,10
282_277,GI tract,10
282_278,GI tract,10
282_279,GI tract,10
282_280,GI tract,10
282_281,GI tract,10
282_282,GI tract,10
282_283,GI tract,10
282_284,GI tract,10
282_285,GI tract,6
282_286,GI tract,6
282_287,Urogenital ridge,6
282_288,Urogenital ridge,6
282_289,Urogenital ridge,6
282_290,Connective tissue,6
282_291,Connective tissue,8
282_292,Blood vessel,8
282_293,Cavity,8
282_294,Cavity,8
282_295,Cavity,8
282_296,Blood vessel,8
282_297,Cavity,8
282_298,Blood vessel,8
282_299,Connective tissue,6
282_300,Urogenital ridge,6
282_301,Urogenital ridge,6
282_302,Urogenital ridge,6
282_303,Urogenital ridge,6
282_304,Urogenital ridge,6
282_305,Urogenital ridge,3
282_306,Urogenital ridge,3
282_307,Sclerotome,3
282_308,Urogenital ridge,3
282_309,Urogenital ridge,3
282_310,Sclerotome,3
282_311,Sclerotome,3
282_312,Sclerotome,3
282_313,Sclerotome,3
282_314,Sclerotome,3
282_315,Sclerotome,3
282_316,Sclerotome,3
282_317,Sclerotome,3
282_318,Sclerotome,3
282_319,Sclerotome,3
282_320,Sclerotome,3
282_321,Sclerotome,3
282_322,Sclerotome,3
282_323,Sclerotome,3
282_324,Sclerotome,1
282_325,Sclerotome,1
282_326,Sclerotome,1
282_327,Sclerotome,1
282_328,Sclerotome,1
282_329,Sclerotome,1
282_330,Sclerotome,16
282_331,Dorsal root ganglion,16
282_332,Dorsal root ganglion,16
282_333,Dorsal root ganglion,16
282_334,Dorsal root ganglion,16
282_335,Dorsal root ganglion,1
282_336,Surface ectoderm,1
282_337,Surface ectoderm,1
282_338,Surface ectoderm,1
282_339,Surface ectoderm,1
282_340,Surface ectoderm,1
282_341,Surface ectoderm,1
282_342,Cavity,1
283_241,GI tract,10
283_242,GI tract,10
283_243,GI tract,10
283_244,GI tract,10
283_245,GI tract,10
283_246,GI tract,10
283_247,GI tract,10
283_248,GI tract,10
283_249,GI tract,10
283_250,GI tract,10
283_251,GI tract,10
283_252,GI tract,10
283_253,GI tract,10
283_254,GI tract,10
283_255,GI tract,10
283_256,GI tract,10
283_257,Urogenital ridge,10
283_258,GI tract,10
283_259,GI tract,10
283_260,Urogenital ridge,10
283_261,Urogenital ridge,10
283_262,Blood vessel,10
283_263,Cavity,10
283_264,Cavity,10
283_265,Blood vessel,10
283_266,Connective tissue,10
283_267,GI tract,10
283_268,GI tract,10
283_269,GI tract,10
283_270,Cavity,10
283_273,GI tract,10
283_274,GI tract,10
283_275,GI tract,10
283_276,GI tract,10
283_277,GI tract,10
283_278,GI tract,10
283_279,GI tract,10
283_280,GI tract,10
283_281,GI tract,10
283_282,GI tract,10
283_283,GI tract,10
283_284,GI tract,10
283_285,GI tract,6
283_286,GI tract,6
283_287,Urogenital ridge,6
283_288,Urogenital ridge,6
283_289,Urogenital ridge,6
283_290,Urogenital ridge,8
283_291,Blood vessel,8
283_292,Cavity,8
283_293,Cavity,8
283_294,Cavity,8
283_295,Cavity,8
283_296,Cavity,8
283_297,Cavity,8
283_298,Connective tissue,6
283_299,Connective tissue,6
283_300,Urogenital ridge,6
283_301,Urogenital ridge,6
283_302,Urogenital ridge,6
283_303,Urogenital ridge,6
283_304,Urogenital ridge,3
283_305,Sclerotome,3
283_306,Sclerotome,3
283_307,Sclerotome,3
283_308,Urogenital ridge,3
283_309,Sclerotome,3
283_310,Sclerotome,3
283_311,Sclerotome,3
283_312,Sclerotome,3
283_313,Sclerotome,3
283_314,Sclerotome,3
283_315,Sclerotome,3
283_316,Sclerotome,3
283_317,Sclerotome,3
283_318,Sclerotome,3
283_319,Sclerotome,3
283_320,Sclerotome,3
283_321,Sclerotome,3
283_322,Sclerotome,3
283_323,Sclerotome,3
283_324,Sclerotome,3
283_325,Sclerotome,1
283_326,Sclerotome,1
283_327,Sclerotome,1
283_328,Sclerotome,1
283_329,Sclerotome,16
283_330,Dorsal root ganglion,16
283_331,Dorsal root ganglion,16
283_332,Dorsal root ganglion,16
283_333,Dorsal root ganglion,16
283_334,Dorsal root ganglion,16
283_335,Surface ectoderm,1
283_336,Surface ectoderm,1
283_337,Surface ectoderm,1
283_338,Surface ectoderm,1
283_339,Surface ectoderm,1
283_340,Surface ectoderm,1
283_341,Surface ectoderm,1
284_241,Cavity,10
284_242,GI tract,10
284_243,GI tract,10
284_244,GI tract,10
284_245,GI tract,10
284_246,GI tract,10
284_247,GI tract,10
284_248,GI tract,10
284_249,GI tract,10
284_250,GI tract,10
284_251,GI tract,10
284_252,GI tract,10
284_253,GI tract,10
284_254,Lung primordium,10
284_255,Urogenital ridge,10
284_256,Urogenital ridge,10
284_257,Urogenital ridge,10
284_258,Urogenital ridge,10
284_259,Urogenital ridge,10
284_260,Urogenital ridge,10
284_261,Urogenital ridge,10
284_262,Blood vessel,10
284_263,Cavity,10
284_264,Cavity,10
284_265,Blood vessel,10
284_266,Urogenital ridge,10
284_267,GI tract,10
284_268,GI tract,10
284_269,GI tract,10
284_270,Cavity,10
284_273,GI tract,10
284_274,GI tract,10
284_275,GI tract,10
284_276,GI tract,10
284_277,GI tract,10
284_278,GI tract,10
284_279,GI tract,10
284_280,GI tract,10
284_281,GI tract,10
284_282,GI tract,10
284_283,GI tract,10
284_284,GI tract,10
284_285,GI tract,6
284_286,GI tract,6
284_287,Urogenital ridge,6
284_288,Urogenital ridge,6
284_289,Connective tissue,6
284_290,Connective tissue,8
284_291,Blood vessel,8
284_292,Cavity,8
284_293,Cavity,8
284_294,Cavity,8
284_295,Cavity,8
284_296,Blood vessel,8
284_297,Blood vessel,6
284_298,Connective tissue,6
284_299,Urogenital ridge,6
284_300,Urogenital ridge,6
284_301,Urogenital ridge,6
284_302,Urogenital ridge,6
284_303,Urogenital ridge,3
284_304,Urogenital ridge,3
284_305,Sclerotome,3
284_306,Sclerotome,3
284_307,Sclerotome,3
284_308,Urogenital ridge,3
284_309,Sclerotome,3
284_310,Sclerotome,3
284_311,Sclerotome,3
284_312,Sclerotome,3
284_313,Sclerotome,3
284_314,Sclerotome,3
284_315,Sclerotome,3
284_316,Sclerotome,3
284_317,Sclerotome,3
284_318,Sclerotome,3
284_319,Sclerotome,3
284_320,Sclerotome,3
284_321,Sclerotome,3
284_322,Sclerotome,3
284_323,Sclerotome,3
284_324,Sclerotome,3
284_325,Sclerotome,16
284_326,Sclerotome,16
284_327,Dorsal root ganglion,16
284_328,Dorsal root ganglion,16
284_329,Dorsal root ganglion,16
284_330,Dorsal root ganglion,16
284_331,Dorsal root ganglion,16
284_332,Dorsal root ganglion,16
284_333,Dorsal root ganglion,16
284_334,Dorsal root ganglion,16
284_335,Surface ectoderm,1
284_336,Surface ectoderm,1
284_337,Surface ectoderm,1
284_338,Surface ectoderm,1
284_339,Surface ectoderm,1
284_340,Surface ectoderm,1
284_341,Surface ectoderm,1
285_242,Cavity,10
285_243,GI tract,10
285_244,GI tract,10
285_245,GI tract,10
285_246,GI tract,10
285_247,GI tract,10
285_248,GI tract,10
285_249,GI tract,10
285_250,GI tract,10
285_251,GI tract,10
285_252,GI tract,10
285_253,GI tract,10
285_254,GI tract,10
285_255,GI tract,10
285_256,Urogenital ridge,10
285_257,Urogenital ridge,10
285_258,Urogenital ridge,10
285_259,Urogenital ridge,10
285_260,Urogenital ridge,10
285_261,Urogenital ridge,10
285_262,Urogenital ridge,10
285_263,Blood vessel,10
285_264,Blood vessel,10
285_265,Connective tissue,10
285_266,Urogenital ridge,10
285_267,Urogenital ridge,10
285_268,GI tract,10
285_269,GI tract,10
285_270,Cavity,10
285_273,GI tract,10
285_274,GI tract,10
285_275,GI tract,10
285_276,GI tract,10
285_277,GI tract,10
285_278,GI tract,10
285_279,GI tract,10
285_280,GI tract,10
285_281,GI tract,10
285_282,GI tract,10
285_283,GI tract,10
285_284,GI tract,6
285_285,GI tract,6
285_286,Urogenital ridge,6
285_287,Urogenital ridge,6
285_288,Urogenital ridge,6
285_289,Connective tissue,6
285_290,Blood vessel,8
285_291,Cavity,8
285_292,Cavity,8
285_293,Cavity,8
285_294,Cavity,8
285_295,Blood vessel,8
285_296,Connective tissue,8
285_297,Connective tissue,6
285_298,Connective tissue,6
285_299,Urogenital ridge,6
285_300,Urogenital ridge,6
285_301,Urogenital ridge,6
285_302,Urogenital ridge,6
285_303,Sclerotome,3
285_304,Sclerotome,3
285_305,Sclerotome,3
285_306,Sclerotome,3
285_307,Sclerotome,3
285_308,Urogenital ridge,3
285_309,Sclerotome,3
285_310,Sclerotome,3
285_311,Sclerotome,3
285_312,Sclerotome,3
285_313,Sclerotome,3
285_314,Sclerotome,3
285_315,Sclerotome,3
285_316,Sclerotome,3
285_317,Sclerotome,3
285_318,Sclerotome,3
285_319,Sclerotome,3
285_320,Sclerotome,3
285_321,Sclerotome,3
285_322,Sclerotome,3
285_323,Sclerotome,3
285_324,Sclerotome,3
285_325,Dorsal root ganglion,16
285_326,Dorsal root ganglion,16
285_327,Dorsal root ganglion,16
285_328,Dorsal root ganglion,16
285_329,Dorsal root ganglion,16
285_330,Dorsal root ganglion,16
285_331,Dorsal root ganglion,16
285_332,Dorsal root ganglion,16
285_333,Dorsal root ganglion,16
285_334,Dorsal root ganglion,16
285_335,Surface ectoderm,1
285_336,Surface ectoderm,1
285_337,Cavity,1
285_338,Surface ectoderm,1
285_339,Surface ectoderm,1
285_340,Surface ectoderm,1
285_341,Surface ectoderm,1
286_243,Cavity,10
286_244,GI tract,10
286_245,GI tract,10
286_246,GI tract,10
286_247,GI tract,10
286_248,GI tract,10
286_249,GI tract,10
286_250,GI tract,10
286_251,GI tract,10
286_252,GI tract,10
286_253,GI tract,10
286_254,Urogenital ridge,10
286_255,GI tract,10
286_256,Urogenital ridge,10
286_257,Urogenital ridge,10
286_258,Urogenital ridge,10
286_259,Connective tissue,10
286_260,Urogenital ridge,10
286_261,Urogenital ridge,10
286_262,Urogenital ridge,10
286_263,Urogenital ridge,10
286_264,Urogenital ridge,10
286_265,Urogenital ridge,10
286_266,Urogenital ridge,10
286_267,Urogenital ridge,10
286_268,GI tract,10
286_269,GI tract,10
286_270,GI tract,10
286_273,Cavity,10
286_274,GI tract,10
286_275,GI tract,10
286_276,GI tract,10
286_277,GI tract,10
286_278,GI tract,10
286_279,GI tract,10
286_280,GI tract,10
286_281,GI tract,10
286_282,GI tract,10
286_283,GI tract,10
286_284,GI tract,6
286_285,Urogenital ridge,6
286_286,Urogenital ridge,6
286_287,Urogenital ridge,6
286_288,Urogenital ridge,6
286_289,Connective tissue,6
286_290,Blood vessel,8
286_291,Cavity,8
286_292,Cavity,8
286_293,Cavity,8
286_294,Cavity,8
286_295,Blood vessel,8
286_296,Connective tissue,6
286_297,Connective tissue,6
286_298,Urogenital ridge,6
286_299,Urogenital ridge,6
286_300,Urogenital ridge,6
286_301,Urogenital ridge,6
286_302,Urogenital ridge,3
286_303,Sclerotome,3
286_304,Sclerotome,3
286_305,Sclerotome,3
286_306,Sclerotome,3
286_307,Sclerotome,3
286_308,Sclerotome,3
286_309,Sclerotome,3
286_310,Sclerotome,3
286_311,Sclerotome,3
286_312,Sclerotome,3
286_313,Sclerotome,3
286_314,Sclerotome,3
286_315,Sclerotome,3
286_316,Sclerotome,3
286_317,Sclerotome,3
286_318,Sclerotome,3
286_319,Sclerotome,3
286_320,Sclerotome,3
286_321,Sclerotome,3
286_322,Sclerotome,3
286_323,Sclerotome,3
286_324,Sclerotome,16
286_325,Dorsal root ganglion,16
286_326,Dorsal root ganglion,16
286_327,Dorsal root ganglion,16
286_328,Dorsal root ganglion,16
286_329,Dorsal root ganglion,16
286_330,Dorsal root ganglion,16
286_331,Dorsal root ganglion,16
286_332,Dorsal root ganglion,16
286_333,Dorsal root ganglion,16
286_334,Dorsal root ganglion,16
286_335,Surface ectoderm,16
286_336,Surface ectoderm,1
286_337,Surface ectoderm,1
286_338,Surface ectoderm,1
286_339,Surface ectoderm,1
286_340,Surface ectoderm,1
286_341,Cavity,1
287_242,Surface ectoderm,10
287_243,GI tract,10
287_244,GI tract,10
287_245,GI tract,10
287_246,GI tract,10
287_247,GI tract,10
287_248,GI tract,10
287_249,GI tract,10
287_250,GI tract,10
287_251,GI tract,10
287_252,GI tract,10
287_253,Urogenital ridge,10
287_254,Urogenital ridge,10
287_255,GI tract,10
287_256,Urogenital ridge,10
287_257,Urogenital ridge,10
287_258,Urogenital ridge,10
287_259,Connective tissue,10
287_260,Connective tissue,10
287_261,Urogenital ridge,10
287_262,Urogenital ridge,10
287_263,Urogenital ridge,10
287_264,Urogenital ridge,10
287_265,Urogenital ridge,10
287_266,Urogenital ridge,10
287_267,GI tract,10
287_268,GI tract,10
287_269,GI tract,10
287_270,GI tract,10
287_271,Cavity,10
287_274,GI tract,10
287_275,GI tract,10
287_276,GI tract,10
287_277,GI tract,10
287_278,GI tract,10
287_279,GI tract,10
287_280,GI tract,10
287_281,GI tract,10
287_282,GI tract,10
287_283,GI tract,6
287_284,Urogenital ridge,6
287_285,Urogenital ridge,6
287_286,Connective tissue,6
287_287,Urogenital ridge,6
287_288,Urogenital ridge,6
287_289,Blood vessel,6
287_290,Cavity,8
287_291,Cavity,8
287_292,Cavity,8
287_293,Cavity,8
287_294,Cavity,8
287_295,Blood vessel,6
287_296,Connective tissue,6
287_297,Connective tissue,6
287_298,Urogenital ridge,6
287_299,Urogenital ridge,6
287_300,Urogenital ridge,6
287_301,Sclerotome,3
287_302,Sclerotome,3
287_303,Sclerotome,3
287_304,Sclerotome,3
287_305,Sclerotome,3
287_306,Sclerotome,3
287_307,Sclerotome,3
287_308,Sclerotome,3
287_309,Sclerotome,3
287_310,Sclerotome,3
287_311,Sclerotome,3
287_312,Sclerotome,3
287_313,Sclerotome,3
287_314,Sclerotome,3
287_315,Sclerotome,3
287_316,Sclerotome,3
287_317,Sclerotome,3
287_318,Sclerotome,3
287_319,Sclerotome,3
287_320,Sclerotome,3
287_321,Sclerotome,1
287_322,Sclerotome,1
287_323,Sclerotome,16
287_324,Sclerotome,16
287_325,Dorsal root ganglion,16
287_326,Dorsal root ganglion,16
287_327,Dorsal root ganglion,16
287_328,Dorsal root ganglion,16
287_329,Dorsal root ganglion,16
287_330,Dorsal root ganglion,16
287_331,Dorsal root ganglion,16
287_332,Dorsal root ganglion,16
287_333,Dorsal root ganglion,16
287_334,Dorsal root ganglion,16
287_335,Surface ectoderm,1
287_336,Surface ectoderm,1
287_337,Surface ectoderm,1
287_338,Surface ectoderm,1
287_339,Surface ectoderm,1
287_340,Surface ectoderm,1
287_341,Cavity,1
288_239,Cavity,10
288_240,Surface ectoderm,10
288_241,GI tract,10
288_242,Surface ectoderm,10
288_243,GI tract,10
288_244,GI tract,10
288_245,GI tract,10
288_246,Surface ectoderm,10
288_247,GI tract,10
288_248,GI tract,10
288_249,GI tract,10
288_250,GI tract,10
288_251,GI tract,10
288_252,GI tract,10
288_253,Urogenital ridge,10
288_254,Urogenital ridge,10
288_255,GI tract,10
288_256,Urogenital ridge,10
288_257,Urogenital ridge,10
288_258,Urogenital ridge,10
288_259,Urogenital ridge,10
288_260,Urogenital ridge,10
288_261,Urogenital ridge,10
288_262,GI tract,10
288_263,Urogenital ridge,10
288_264,Urogenital ridge,10
288_265,Urogenital ridge,10
288_266,GI tract,10
288_267,GI tract,10
288_268,GI tract,10
288_269,GI tract,10
288_270,GI tract,10
288_271,GI tract,10
288_272,GI tract,10
288_273,GI tract,10
288_274,GI tract,10
288_275,GI tract,10
288_276,GI tract,10
288_277,GI tract,10
288_278,GI tract,10
288_279,GI tract,10
288_280,GI tract,10
288_281,GI tract,6
288_282,GI tract,6
288_283,Urogenital ridge,6
288_284,Urogenital ridge,6
288_285,Urogenital ridge,6
288_286,Connective tissue,6
288_287,Urogenital ridge,6
288_288,Urogenital ridge,6
288_289,Connective tissue,6
288_290,Blood vessel,8
288_291,Cavity,8
288_292,Cavity,8
288_293,Cavity,8
288_294,Blood vessel,8
288_295,Sclerotome,6
288_296,Sclerotome,6
288_297,Connective tissue,6
288_298,Urogenital ridge,6
288_299,Urogenital ridge,3
288_300,Urogenital ridge,3
288_301,Sclerotome,3
288_302,Sclerotome,3
288_303,Sclerotome,3
288_304,Sclerotome,3
288_305,Sclerotome,3
288_306,Sclerotome,3
288_307,Sclerotome,3
288_308,Sclerotome,3
288_309,Sclerotome,3
288_310,Sclerotome,3
288_311,Sclerotome,3
288_312,Sclerotome,3
288_313,Sclerotome,3
288_314,Sclerotome,3
288_315,Sclerotome,3
288_316,Sclerotome,3
288_317,Sclerotome,3
288_318,Sclerotome,3
288_319,Sclerotome,3
288_320,Sclerotome,1
288_321,Sclerotome,1
288_322,Sclerotome,1
288_323,Sclerotome,1
288_324,Sclerotome,16
288_325,Dorsal root ganglion,16
288_326,Dorsal root ganglion,16
288_327,Dorsal root ganglion,16
288_328,Dorsal root ganglion,16
288_329,Dorsal root ganglion,16
288_330,Dorsal root ganglion,16
288_331,Dorsal root ganglion,16
288_332,Dorsal root ganglion,16
288_333,Dorsal root ganglion,16
288_334,Dorsal root ganglion,16
288_335,Surface ectoderm,1
288_336,Surface ectoderm,1
288_337,Surface ectoderm,1
288_338,Surface ectoderm,1
288_339,Surface ectoderm,1
288_340,Surface ectoderm,1
289_238,Surface ectoderm,10
289_239,Surface ectoderm,10
289_240,GI tract,10
289_241,GI tract,10
289_242,Surface ectoderm,10
289_243,Surface ectoderm,10
289_244,GI tract,10
289_245,Surface ectoderm,10
289_246,GI tract,10
289_247,GI tract,10
289_248,GI tract,10
289_249,GI tract,10
289_250,GI tract,10
289_251,GI tract,10
289_252,GI tract,10
289_253,Urogenital ridge,10
289_254,Urogenital ridge,10
289_255,GI tract,10
289_256,Urogenital ridge,10
289_257,Urogenital ridge,10
289_258,Urogenital ridge,10
289_259,Urogenital ridge,10
289_260,Urogenital ridge,10
289_261,Urogenital ridge,10
289_262,Urogenital ridge,10
289_263,Urogenital ridge,10
289_264,Urogenital ridge,10
289_265,GI tract,10
289_266,GI tract,10
289_267,GI tract,10
289_268,GI tract,10
289_269,GI tract,10
289_270,GI tract,10
289_271,GI tract,10
289_272,GI tract,10
289_273,GI tract,10
289_274,GI tract,10
289_275,GI tract,10
289_276,GI tract,10
289_277,GI tract,10
289_278,GI tract,10
289_279,Urogenital ridge,6
289_280,Urogenital ridge,6
289_281,Urogenital ridge,6
289_282,Urogenital ridge,6
289_283,Urogenital ridge,6
289_284,Urogenital ridge,6
289_285,Urogenital ridge,6
289_286,Urogenital ridge,6
289_287,Urogenital ridge,6
289_288,Urogenital ridge,6
289_289,Connective tissue,8
289_290,Blood vessel,8
289_291,Cavity,8
289_292,Cavity,8
289_293,Blood vessel,8
289_294,Blood vessel,8
289_295,Sclerotome,8
289_296,Sclerotome,6
289_297,Urogenital ridge,6
289_298,Urogenital ridge,3
289_299,Sclerotome,3
289_300,Sclerotome,3
289_301,Sclerotome,3
289_302,Sclerotome,3
289_303,Sclerotome,3
289_304,Sclerotome,3
289_305,Sclerotome,3
289_306,Sclerotome,3
289_307,Sclerotome,3
289_308,Sclerotome,3
289_309,Sclerotome,3
289_310,Sclerotome,3
289_311,Sclerotome,3
289_312,Sclerotome,3
289_313,Sclerotome,3
289_314,Sclerotome,3
289_315,Sclerotome,3
289_316,Sclerotome,3
289_317,Sclerotome,3
289_318,Sclerotome,3
289_319,Sclerotome,3
289_320,Sclerotome,1
289_321,Sclerotome,1
289_322,Sclerotome,1
289_323,Sclerotome,1
289_324,Sclerotome,1
289_325,Dorsal root ganglion,16
289_326,Dorsal root ganglion,16
289_327,Dorsal root ganglion,16
289_328,Dorsal root ganglion,16
289_329,Dorsal root ganglion,16
289_330,Dorsal root ganglion,16
289_331,Dorsal root ganglion,16
289_332,Dorsal root ganglion,16
289_333,Dorsal root ganglion,16
289_334,Surface ectoderm,16
289_335,Surface ectoderm,1
289_336,Surface ectoderm,1
289_337,Surface ectoderm,1
289_338,Surface ectoderm,1
289_339,Surface ectoderm,1
289_340,Cavity,1
290_237,Surface ectoderm,10
290_238,Surface ectoderm,10
290_239,Surface ectoderm,10
290_240,Surface ectoderm,10
290_241,Surface ectoderm,10
290_242,Surface ectoderm,10
290_243,Surface ectoderm,10
290_244,GI tract,10
290_245,GI tract,10
290_246,GI tract,10
290_247,GI tract,10
290_248,GI tract,10
290_249,GI tract,10
290_250,GI tract,10
290_251,GI tract,10
290_252,GI tract,10
290_253,Sclerotome,10
290_254,GI tract,10
290_255,GI tract,10
290_256,Urogenital ridge,10
290_257,Urogenital ridge,10
290_258,Urogenital ridge,10
290_259,Urogenital ridge,10
290_260,Urogenital ridge,10
290_261,Urogenital ridge,10
290_262,Urogenital ridge,10
290_263,GI tract,10
290_264,GI tract,10
290_265,GI tract,10
290_266,GI tract,10
290_267,GI tract,10
290_268,GI tract,10
290_269,GI tract,10
290_270,GI tract,10
290_271,Blood vessel,10
290_272,GI tract,10
290_273,GI tract,10
290_274,GI tract,10
290_275,GI tract,10
290_276,GI tract,10
290_277,GI tract,10
290_278,GI tract,6
290_279,Urogenital ridge,6
290_280,Urogenital ridge,6
290_281,Urogenital ridge,6
290_282,Urogenital ridge,6
290_283,Urogenital ridge,6
290_284,Urogenital ridge,6
290_285,Urogenital ridge,6
290_286,Urogenital ridge,6
290_287,Urogenital ridge,6
290_288,Urogenital ridge,6
290_289,Connective tissue,8
290_290,Blood vessel,8
290_291,Blood vessel,8
290_292,Blood vessel,8
290_293,Blood vessel,8
290_294,Blood vessel,8
290_295,Sclerotome,8
290_296,Sclerotome,3
290_297,Urogenital ridge,3
290_298,Urogenital ridge,3
290_299,Sclerotome,3
290_300,Sclerotome,3
290_301,Urogenital ridge,3
290_302,Urogenital ridge,3
290_303,Urogenital ridge,3
290_304,Urogenital ridge,3
290_305,Urogenital ridge,3
290_306,Sclerotome,3
290_307,Sclerotome,3
290_308,Sclerotome,3
290_309,Sclerotome,3
290_310,Sclerotome,3
290_311,Sclerotome,3
290_312,Sclerotome,3
290_313,Sclerotome,3
290_314,Sclerotome,3
290_315,Sclerotome,3
290_316,Sclerotome,3
290_317,Sclerotome,3
290_318,Sclerotome,3
290_319,Sclerotome,1
290_320,Sclerotome,1
290_321,Sclerotome,1
290_322,Sclerotome,1
290_323,Sclerotome,1
290_324,Sclerotome,16
290_325,Sclerotome,16
290_326,Dorsal root ganglion,16
290_327,Dorsal root ganglion,16
290_328,Dorsal root ganglion,16
290_329,Dorsal root ganglion,16
290_330,Dorsal root ganglion,16
290_331,Dorsal root ganglion,16
290_332,Dorsal root ganglion,16
290_333,Dorsal root ganglion,16
290_334,Surface ectoderm,1
290_335,Surface ectoderm,1
290_336,Surface ectoderm,1
290_337,Surface ectoderm,1
290_338,Surface ectoderm,1
290_339,Surface ectoderm,1
291_236,Cavity,10
291_237,Surface ectoderm,10
291_238,Surface ectoderm,10
291_239,Surface ectoderm,10
291_240,Surface ectoderm,10
291_241,Surface ectoderm,10
291_242,Surface ectoderm,10
291_243,GI tract,10
291_244,GI tract,10
291_245,GI tract,10
291_246,GI tract,10
291_247,GI tract,10
291_248,GI tract,10
291_249,GI tract,10
291_250,Urogenital ridge,10
291_251,Sclerotome,10
291_252,GI tract,10
291_253,Urogenital ridge,10
291_254,GI tract,10
291_255,GI tract,10
291_256,Urogenital ridge,10
291_257,Urogenital ridge,10
291_258,Urogenital ridge,10
291_259,Urogenital ridge,10
291_260,Urogenital ridge,10
291_261,Urogenital ridge,10
291_262,GI tract,10
291_263,GI tract,10
291_264,GI tract,10
291_265,GI tract,10
291_266,GI tract,10
291_267,GI tract,10
291_268,GI tract,10
291_269,GI tract,10
291_270,GI tract,10
291_271,Heart,10
291_272,GI tract,10
291_273,GI tract,10
291_274,GI tract,10
291_275,GI tract,10
291_276,Urogenital ridge,10
291_277,Urogenital ridge,6
291_278,Urogenital ridge,6
291_279,Urogenital ridge,6
291_280,Urogenital ridge,6
291_281,Urogenital ridge,6
291_282,Urogenital ridge,6
291_283,Urogenital ridge,6
291_284,Urogenital ridge,6
291_285,Urogenital ridge,6
291_286,Urogenital ridge,6
291_287,Urogenital ridge,6
291_288,Urogenital ridge,6
291_289,Connective tissue,8
291_290,Blood vessel,8
291_291,Blood vessel,8
291_292,Blood vessel,8
291_293,Blood vessel,8
291_294,Blood vessel,8
291_295,Connective tissue,8
291_296,Urogenital ridge,3
291_297,Urogenital ridge,3
291_298,Urogenital ridge,3
291_299,Urogenital ridge,3
291_300,Urogenital ridge,3
291_301,Urogenital ridge,3
291_302,Urogenital ridge,3
291_303,Urogenital ridge,3
291_304,Urogenital ridge,3
291_305,Sclerotome,3
291_306,Sclerotome,3
291_307,Sclerotome,3
291_308,Sclerotome,3
291_309,Sclerotome,3
291_310,Sclerotome,3
291_311,Sclerotome,3
291_312,Sclerotome,3
291_313,Sclerotome,3
291_314,Sclerotome,3
291_315,Sclerotome,3
291_316,Sclerotome,3
291_317,Sclerotome,3
291_318,Sclerotome,3
291_319,Sclerotome,1
291_320,Sclerotome,1
291_321,Sclerotome,1
291_322,Sclerotome,1
291_323,Sclerotome,16
291_324,Sclerotome,16
291_325,Dorsal root ganglion,16
291_326,Dorsal root ganglion,16
291_327,Dorsal root ganglion,16
291_328,Dorsal root ganglion,16
291_329,Dorsal root ganglion,16
291_330,Dorsal root ganglion,16
291_331,Dorsal root ganglion,16
291_332,Dorsal root ganglion,16
291_333,Dorsal root ganglion,16
291_334,Surface ectoderm,1
291_335,Surface ectoderm,1
291_336,Surface ectoderm,1
291_337,Surface ectoderm,1
291_338,Surface ectoderm,1
291_339,Cavity,1
292_235,Cavity,10
292_236,Surface ectoderm,10
292_237,Surface ectoderm,10
292_238,Surface ectoderm,10
292_239,Surface ectoderm,10
292_240,Surface ectoderm,10
292_241,GI tract,10
292_242,GI tract,10
292_243,GI tract,10
292_244,GI tract,10
292_245,GI tract,10
292_246,GI tract,10
292_247,Urogenital ridge,10
292_248,Urogenital ridge,10
292_249,Urogenital ridge,10
292_250,Urogenital ridge,10
292_251,Urogenital ridge,10
292_252,Urogenital ridge,10
292_253,GI tract,10
292_254,GI tract,10
292_255,GI tract,10
292_256,Urogenital ridge,10
292_257,Urogenital ridge,10
292_258,Urogenital ridge,10
292_259,Urogenital ridge,10
292_260,Urogenital ridge,10
292_261,Urogenital ridge,10
292_262,GI tract,10
292_263,GI tract,10
292_264,GI tract,10
292_265,GI tract,10
292_266,GI tract,10
292_267,GI tract,10
292_268,GI tract,10
292_269,Connective tissue,10
292_270,GI tract,10
292_271,GI tract,10
292_272,GI tract,10
292_273,Urogenital ridge,10
292_274,Urogenital ridge,10
292_275,Urogenital ridge,6
292_276,Urogenital ridge,6
292_277,Urogenital ridge,6
292_278,Urogenital ridge,6
292_279,Urogenital ridge,6
292_280,Urogenital ridge,6
292_281,Urogenital ridge,6
292_282,Urogenital ridge,6
292_283,Urogenital ridge,6
292_284,Urogenital ridge,6
292_285,Urogenital ridge,6
292_286,Urogenital ridge,6
292_287,Urogenital ridge,6
292_288,Urogenital ridge,6
292_289,Connective tissue,6
292_290,Blood vessel,8
292_291,Blood vessel,8
292_292,Blood vessel,8
292_293,Blood vessel,8
292_294,Blood vessel,8
292_295,Blood vessel,8
292_296,Urogenital ridge,3
292_297,Urogenital ridge,3
292_298,Urogenital ridge,3
292_299,Urogenital ridge,3
292_300,Urogenital ridge,3
292_301,Urogenital ridge,3
292_302,Urogenital ridge,3
292_303,Sclerotome,3
292_304,Sclerotome,3
292_305,Sclerotome,3
292_306,Sclerotome,3
292_307,Sclerotome,3
292_308,Sclerotome,3
292_309,Sclerotome,3
292_310,Sclerotome,3
292_311,Sclerotome,3
292_312,Sclerotome,3
292_313,Sclerotome,3
292_314,Sclerotome,3
292_315,Sclerotome,3
292_316,Sclerotome,3
292_317,Sclerotome,3
292_318,Sclerotome,3
292_319,Sclerotome,1
292_320,Sclerotome,1
292_321,Sclerotome,1
292_322,Sclerotome,1
292_323,Sclerotome,16
292_324,Sclerotome,16
292_325,Sclerotome,16
292_326,Dorsal root ganglion,16
292_327,Dorsal root ganglion,16
292_328,Dorsal root ganglion,16
292_329,Dorsal root ganglion,16
292_330,Dorsal root ganglion,16
292_331,Dorsal root ganglion,16
292_332,Dorsal root ganglion,16
292_333,Dorsal root ganglion,1
292_334,Surface ectoderm,1
292_335,Surface ectoderm,1
292_336,Surface ectoderm,1
292_337,Surface ectoderm,1
292_338,Cavity,1
293_234,Cavity,10
293_235,Surface ectoderm,10
293_236,Surface ectoderm,10
293_237,Surface ectoderm,10
293_238,Surface ectoderm,10
293_239,Surface ectoderm,10
293_240,GI tract,10
293_241,GI tract,10
293_242,GI tract,10
293_243,GI tract,10
293_244,GI tract,10
293_245,GI tract,10
293_246,Urogenital ridge,10
293_247,Urogenital ridge,10
293_248,Urogenital ridge,10
293_249,Urogenital ridge,10
293_250,Urogenital ridge,10
293_251,Urogenital ridge,10
293_252,Urogenital ridge,10
293_253,GI tract,10
293_254,GI tract,10
293_255,GI tract,10
293_256,Urogenital ridge,10
293_257,Urogenital ridge,10
293_258,Urogenital ridge,10
293_259,Urogenital ridge,10
293_260,Urogenital ridge,10
293_261,Urogenital ridge,10
293_262,Urogenital ridge,10
293_263,GI tract,10
293_264,GI tract,10
293_265,GI tract,10
293_266,GI tract,10
293_267,Urogenital ridge,10
293_268,GI tract,10
293_269,GI tract,10
293_270,GI tract,10
293_271,Urogenital ridge,10
293_272,Urogenital ridge,10
293_273,Urogenital ridge,10
293_274,Urogenital ridge,10
293_275,Urogenital ridge,6
293_276,Urogenital ridge,6
293_277,Urogenital ridge,6
293_278,Urogenital ridge,6
293_279,Urogenital ridge,6
293_280,Urogenital ridge,6
293_281,Urogenital ridge,6
293_282,Urogenital ridge,6
293_283,Urogenital ridge,6
293_284,Urogenital ridge,6
293_285,Urogenital ridge,6
293_286,Urogenital ridge,6
293_287,Urogenital ridge,6
293_288,Urogenital ridge,8
293_289,Connective tissue,8
293_290,Blood vessel,8
293_291,Blood vessel,8
293_292,Blood vessel,8
293_293,Blood vessel,8
293_294,Blood vessel,8
293_295,Blood vessel,3
293_296,Urogenital ridge,3
293_297,Urogenital ridge,3
293_298,Urogenital ridge,3
293_299,Urogenital ridge,3
293_300,Urogenital ridge,3
293_301,Urogenital ridge,3
293_302,Urogenital ridge,3
293_303,Sclerotome,3
293_304,Sclerotome,3
293_305,Sclerotome,3
293_306,Sclerotome,3
293_307,Sclerotome,3
293_308,Sclerotome,3
293_309,Sclerotome,3
293_310,Sclerotome,3
293_311,Sclerotome,3
293_312,Sclerotome,3
293_313,Sclerotome,3
293_314,Sclerotome,3
293_315,Sclerotome,3
293_316,Sclerotome,3
293_317,Sclerotome,3
293_318,Sclerotome,3
293_319,Sclerotome,1
293_320,Sclerotome,1
293_321,Sclerotome,16
293_322,Dorsal root ganglion,16
293_323,Dorsal root ganglion,16
293_324,Dorsal root ganglion,16
293_325,Dorsal root ganglion,16
293_326,Dorsal root ganglion,16
293_327,Dorsal root ganglion,16
293_328,Dorsal root ganglion,16
293_329,Dorsal root ganglion,16
293_330,Dorsal root ganglion,16
293_331,Dorsal root ganglion,16
293_332,Dorsal root ganglion,16
293_333,Surface ectoderm,1
293_334,Surface ectoderm,1
293_335,Surface ectoderm,1
293_336,Surface ectoderm,1
293_337,Surface ectoderm,1
293_338,Cavity,1
294_234,Surface ectoderm,10
294_235,Surface ectoderm,10
294_236,Surface ectoderm,10
294_237,Surface ectoderm,10
294_238,Surface ectoderm,10
294_239,GI tract,10
294_240,GI tract,10
294_241,GI tract,10
294_242,GI tract,10
294_243,GI tract,10
294_244,GI tract,10
294_245,Urogenital ridge,10
294_246,Urogenital ridge,10
294_247,Urogenital ridge,10
294_248,Blood vessel,10
294_249,Urogenital ridge,10
294_250,Urogenital ridge,10
294_251,Urogenital ridge,10
294_252,Urogenital ridge,10
294_253,GI tract,10
294_254,GI tract,10
294_255,GI tract,10
294_256,Urogenital ridge,10
294_257,Urogenital ridge,10
294_258,Urogenital ridge,10
294_259,Urogenital ridge,10
294_260,Urogenital ridge,10
294_261,Urogenital ridge,10
294_262,Urogenital ridge,10
294_263,Urogenital ridge,10
294_264,Urogenital ridge,10
294_265,Urogenital ridge,10
294_266,Urogenital ridge,10
294_267,Urogenital ridge,10
294_268,Urogenital ridge,10
294_269,Urogenital ridge,10
294_270,Urogenital ridge,10
294_271,Urogenital ridge,10
294_272,Urogenital ridge,10
294_273,Urogenital ridge,10
294_274,Urogenital ridge,6
294_275,Urogenital ridge,6
294_276,Urogenital ridge,6
294_277,Urogenital ridge,6
294_278,Urogenital ridge,6
294_279,Urogenital ridge,6
294_280,Urogenital ridge,6
294_281,Urogenital ridge,6
294_282,Urogenital ridge,6
294_283,Urogenital ridge,6
294_284,Urogenital ridge,6
294_285,Urogenital ridge,6
294_286,Urogenital ridge,6
294_287,Connective tissue,6
294_288,Blood vessel,8
294_289,Blood vessel,8
294_290,Blood vessel,8
294_291,Blood vessel,8
294_292,Connective tissue,6
294_293,Blood vessel,6
294_294,Blood vessel,6
294_295,Blood vessel,3
294_296,Urogenital ridge,3
294_297,Urogenital ridge,3
294_298,Urogenital ridge,3
294_299,Urogenital ridge,3
294_300,Urogenital ridge,3
294_301,Urogenital ridge,3
294_302,Sclerotome,3
294_303,Sclerotome,3
294_304,Sclerotome,3
294_305,Sclerotome,3
294_306,Sclerotome,3
294_307,Sclerotome,3
294_308,Sclerotome,3
294_309,Sclerotome,3
294_310,Sclerotome,3
294_311,Sclerotome,3
294_312,Sclerotome,3
294_313,Sclerotome,3
294_314,Sclerotome,3
294_315,Sclerotome,3
294_316,Sclerotome,3
294_317,Sclerotome,3
294_318,Sclerotome,1
294_319,Sclerotome,1
294_320,Sclerotome,1
294_321,Dorsal root ganglion,16
294_322,Dorsal root ganglion,16
294_323,Dorsal root ganglion,16
294_324,Dorsal root ganglion,16
294_325,Dorsal root ganglion,16
294_326,Dorsal root ganglion,16
294_327,Dorsal root ganglion,16
294_328,Dorsal root ganglion,16
294_329,Dorsal root ganglion,16
294_330,Dorsal root ganglion,16
294_331,Surface ectoderm,16
294_332,Surface ectoderm,1
294_333,Surface ectoderm,1
294_334,Surface ectoderm,1
294_335,Surface ectoderm,1
294_336,Surface ectoderm,1
294_337,Cavity,1
295_233,Cavity,10
295_234,Surface ectoderm,10
295_235,Surface ectoderm,10
295_236,Surface ectoderm,10
295_237,Surface ectoderm,10
295_238,GI tract,10
295_239,GI tract,10
295_240,GI tract,10
295_241,GI tract,10
295_242,GI tract,10
295_243,GI tract,10
295_244,GI tract,10
295_245,Urogenital ridge,10
295_246,Urogenital ridge,10
295_247,Urogenital ridge,10
295_248,Urogenital ridge,10
295_249,Urogenital ridge,10
295_250,Urogenital ridge,10
295_251,Urogenital ridge,10
295_252,Urogenital ridge,10
295_253,GI tract,10
295_254,GI tract,10
295_255,GI tract,10
295_256,GI tract,10
295_257,Urogenital ridge,10
295_258,GI tract,10
295_259,Urogenital ridge,10
295_260,Urogenital ridge,10
295_261,Urogenital ridge,10
295_262,GI tract,10
295_263,Urogenital ridge,10
295_264,Urogenital ridge,10
295_265,Urogenital ridge,10
295_266,Urogenital ridge,10
295_267,Urogenital ridge,10
295_268,Urogenital ridge,10
295_269,Urogenital ridge,10
295_270,Urogenital ridge,10
295_271,Urogenital ridge,10
295_272,Urogenital ridge,10
295_273,Urogenital ridge,6
295_274,Urogenital ridge,6
295_275,Urogenital ridge,6
295_276,Urogenital ridge,6
295_277,GI tract,6
295_278,Urogenital ridge,6
295_279,Urogenital ridge,6
295_280,Urogenital ridge,6
295_281,Urogenital ridge,6
295_282,Urogenital ridge,6
295_283,Urogenital ridge,6
295_284,Urogenital ridge,6
295_285,Urogenital ridge,6
295_286,Urogenital ridge,6
295_287,Blood vessel,8
295_288,Blood vessel,8
295_289,Cavity,8
295_290,Blood vessel,6
295_291,Connective tissue,6
295_292,Sclerotome,6
295_293,Sclerotome,6
295_294,Blood vessel,6
295_295,Blood vessel,3
295_296,Urogenital ridge,3
295_297,Urogenital ridge,3
295_298,Urogenital ridge,3
295_299,Urogenital ridge,3
295_300,Urogenital ridge,3
295_301,Sclerotome,3
295_302,Sclerotome,3
295_303,Sclerotome,3
295_304,Urogenital ridge,3
295_305,Sclerotome,3
295_306,Sclerotome,3
295_307,Sclerotome,3
295_308,Sclerotome,3
295_309,Sclerotome,3
295_310,Sclerotome,3
295_311,Sclerotome,3
295_312,Sclerotome,3
295_313,Sclerotome,3
295_314,Sclerotome,3
295_315,Sclerotome,3
295_316,Sclerotome,3
295_317,Sclerotome,3
295_318,Sclerotome,1
295_319,Sclerotome,1
295_320,Dorsal root ganglion,16
295_321,Dorsal root ganglion,16
295_322,Dorsal root ganglion,16
295_323,Dorsal root ganglion,16
295_324,Dorsal root ganglion,16
295_325,Dorsal root ganglion,16
295_326,Dorsal root ganglion,16
295_327,Dorsal root ganglion,16
295_328,Dorsal root ganglion,16
295_329,Dorsal root ganglion,16
295_330,Dorsal root ganglion,16
295_331,Surface ectoderm,16
295_332,Surface ectoderm,1
295_333,Surface ectoderm,1
295_334,Surface ectoderm,1
295_335,Surface ectoderm,1
295_336,Surface ectoderm,1
296_232,Cavity,10
296_233,Surface ectoderm,10
296_234,Surface ectoderm,10
296_235,Surface ectoderm,10
296_236,Surface ectoderm,10
296_237,GI tract,10
296_238,GI tract,10
296_239,GI tract,10
296_240,GI tract,10
296_241,GI tract,10
296_242,GI tract,10
296_243,GI tract,10
296_244,Urogenital ridge,10
296_245,Urogenital ridge,10
296_246,Urogenital ridge,10
296_247,Urogenital ridge,10
296_248,Urogenital ridge,10
296_249,Urogenital ridge,10
296_250,Urogenital ridge,10
296_251,Urogenital ridge,10
296_252,Urogenital ridge,10
296_253,GI tract,10
296_254,GI tract,10
296_255,GI tract,10
296_256,GI tract,10
296_257,Connective tissue,10
296_258,Urogenital ridge,10
296_259,GI tract,10
296_260,GI tract,10
296_261,Urogenital ridge,10
296_262,Urogenital ridge,10
296_263,Urogenital ridge,10
296_264,Urogenital ridge,10
296_265,Urogenital ridge,10
296_266,Urogenital ridge,10
296_267,Urogenital ridge,10
296_268,Urogenital ridge,10
296_269,Urogenital ridge,10
296_270,Urogenital ridge,10
296_271,Urogenital ridge,10
296_272,Urogenital ridge,6
296_273,Urogenital ridge,6
296_274,Urogenital ridge,6
296_275,Urogenital ridge,6
296_276,Urogenital ridge,6
296_277,Urogenital ridge,6
296_278,Urogenital ridge,6
296_279,Urogenital ridge,6
296_280,Urogenital ridge,6
296_281,Urogenital ridge,6
296_282,Urogenital ridge,6
296_283,Urogenital ridge,6
296_284,Urogenital ridge,6
296_285,Connective tissue,6
296_286,Blood vessel,8
296_287,Blood vessel,8
296_288,Cavity,8
296_289,Cavity,8
296_290,Blood vessel,6
296_291,Urogenital ridge,6
296_292,Sclerotome,6
296_293,Sclerotome,6
296_294,Blood vessel,6
296_295,Blood vessel,6
296_296,Blood vessel,3
296_297,Urogenital ridge,3
296_298,Urogenital ridge,3
296_299,Urogenital ridge,3
296_300,Sclerotome,3
296_301,Sclerotome,3
296_302,Sclerotome,3
296_303,Sclerotome,3
296_304,Sclerotome,3
296_305,Sclerotome,3
296_306,Sclerotome,3
296_307,Sclerotome,3
296_308,Sclerotome,3
296_309,Sclerotome,3
296_310,Sclerotome,3
296_311,Sclerotome,3
296_312,Sclerotome,3
296_313,Sclerotome,3
296_314,Sclerotome,3
296_315,Sclerotome,3
296_316,Sclerotome,3
296_317,Sclerotome,3
296_318,Sclerotome,1
296_319,Dorsal root ganglion,16
296_320,Dorsal root ganglion,16
296_321,Dorsal root ganglion,16
296_322,Dorsal root ganglion,16
296_323,Dorsal root ganglion,16
296_324,Dorsal root ganglion,16
296_325,Dorsal root ganglion,16
296_326,Dorsal root ganglion,16
296_327,Dorsal root ganglion,16
296_328,Dorsal root ganglion,16
296_329,Dorsal root ganglion,16
296_330,Dorsal root ganglion,16
296_331,Surface ectoderm,1
296_332,Surface ectoderm,1
296_333,Surface ectoderm,1
296_334,Surface ectoderm,1
296_335,Surface ectoderm,1
296_336,Cavity,1
297_232,Surface ectoderm,10
297_233,Surface ectoderm,10
297_234,Surface ectoderm,10
297_235,Surface ectoderm,10
297_236,Surface ectoderm,10
297_237,GI tract,10
297_238,GI tract,10
297_239,GI tract,10
297_240,GI tract,10
297_241,GI tract,10
297_242,GI tract,10
297_243,GI tract,10
297_244,Urogenital ridge,10
297_245,Urogenital ridge,10
297_246,Urogenital ridge,10
297_247,Urogenital ridge,10
297_248,Urogenital ridge,10
297_249,Urogenital ridge,10
297_250,Urogenital ridge,10
297_251,Urogenital ridge,10
297_252,GI tract,10
297_253,GI tract,10
297_254,GI tract,10
297_255,GI tract,10
297_256,GI tract,10
297_257,Urogenital ridge,10
297_258,GI tract,10
297_259,Blood vessel,10
297_260,Blood vessel,10
297_261,GI tract,10
297_262,Urogenital ridge,10
297_263,Urogenital ridge,10
297_264,GI tract,10
297_265,Urogenital ridge,10
297_266,Urogenital ridge,10
297_267,Urogenital ridge,10
297_268,Urogenital ridge,10
297_269,Urogenital ridge,10
297_270,Urogenital ridge,6
297_271,Urogenital ridge,6
297_272,Urogenital ridge,6
297_273,Urogenital ridge,6
297_274,Urogenital ridge,6
297_275,Urogenital ridge,6
297_276,Urogenital ridge,6
297_277,Urogenital ridge,6
297_278,Urogenital ridge,6
297_279,Urogenital ridge,6
297_280,Urogenital ridge,6
297_281,Urogenital ridge,6
297_282,Urogenital ridge,6
297_283,Urogenital ridge,6
297_284,Urogenital ridge,6
297_285,Blood vessel,8
297_286,Blood vessel,8
297_287,Cavity,8
297_288,Cavity,8
297_289,Cavity,8
297_290,Blood vessel,8
297_291,Sclerotome,6
297_292,Sclerotome,6
297_293,Sclerotome,6
297_294,Sclerotome,6
297_295,Blood vessel,3
297_296,Blood vessel,3
297_297,Urogenital ridge,3
297_298,Sclerotome,3
297_299,Sclerotome,3
297_300,Urogenital ridge,3
297_301,Sclerotome,3
297_302,Sclerotome,3
297_303,Sclerotome,3
297_304,Sclerotome,3
297_305,Sclerotome,3
297_306,Sclerotome,3
297_307,Sclerotome,3
297_308,Sclerotome,3
297_309,Sclerotome,3
297_310,Sclerotome,3
297_311,Sclerotome,3
297_312,Sclerotome,3
297_313,Sclerotome,3
297_314,Sclerotome,3
297_315,Sclerotome,1
297_316,Sclerotome,3
297_317,Sclerotome,1
297_318,Sclerotome,1
297_319,Dorsal root ganglion,16
297_320,Dorsal root ganglion,16
297_321,Dorsal root ganglion,16
297_322,Dorsal root ganglion,16
297_323,Dorsal root ganglion,16
297_324,Dorsal root ganglion,16
297_325,Dorsal root ganglion,16
297_326,Dorsal root ganglion,16
297_327,Dorsal root ganglion,16
297_328,Dorsal root ganglion,16
297_329,Dorsal root ganglion,16
297_330,Dorsal root ganglion,1
297_331,Surface ectoderm,1
297_332,Surface ectoderm,1
297_333,Surface ectoderm,1
297_334,Surface ectoderm,1
297_335,Cavity,1
298_231,Cavity,10
298_232,Surface ectoderm,10
298_233,Surface ectoderm,10
298_234,Surface ectoderm,10
298_235,Surface ectoderm,10
298_236,GI tract,10
298_237,GI tract,10
298_238,GI tract,10
298_239,GI tract,10
298_240,Sclerotome,10
298_241,Sclerotome,10
298_242,GI tract,10
298_243,GI tract,10
298_244,Urogenital ridge,10
298_245,Urogenital ridge,10
298_246,Urogenital ridge,10
298_247,Urogenital ridge,10
298_248,Urogenital ridge,10
298_249,Urogenital ridge,10
298_250,Urogenital ridge,10
298_251,Urogenital ridge,10
298_252,GI tract,10
298_253,GI tract,10
298_254,GI tract,10
298_255,GI tract,10
298_256,GI tract,10
298_257,Urogenital ridge,10
298_258,Urogenital ridge,10
298_259,Connective tissue,10
298_260,Connective tissue,10
298_261,Urogenital ridge,10
298_262,Urogenital ridge,10
298_263,Urogenital ridge,10
298_264,Urogenital ridge,10
298_265,Urogenital ridge,10
298_266,Urogenital ridge,10
298_267,Urogenital ridge,10
298_268,Urogenital ridge,10
298_269,Urogenital ridge,6
298_270,Urogenital ridge,6
298_271,Urogenital ridge,6
298_272,Urogenital ridge,6
298_273,Urogenital ridge,6
298_274,Urogenital ridge,6
298_275,Urogenital ridge,6
298_276,Urogenital ridge,6
298_277,Urogenital ridge,6
298_278,Urogenital ridge,6
298_279,Urogenital ridge,6
298_280,Urogenital ridge,6
298_281,Urogenital ridge,6
298_282,Urogenital ridge,6
298_283,Urogenital ridge,6
298_284,Connective tissue,8
298_285,Blood vessel,8
298_286,Cavity,8
298_287,Cavity,8
298_288,Cavity,8
298_289,Cavity,8
298_290,Blood vessel,8
298_291,Sclerotome,6
298_292,Sclerotome,6
298_293,Sclerotome,3
298_294,Sclerotome,3
298_295,Sclerotome,3
298_296,Blood vessel,3
298_297,Urogenital ridge,3
298_298,Sclerotome,3
298_299,Sclerotome,3
298_300,Sclerotome,3
298_301,Sclerotome,3
298_302,Sclerotome,3
298_303,Sclerotome,3
298_304,Sclerotome,3
298_305,Sclerotome,3
298_306,Sclerotome,3
298_307,Sclerotome,3
298_308,Sclerotome,3
298_309,Sclerotome,3
298_310,Sclerotome,3
298_311,Sclerotome,3
298_312,Sclerotome,3
298_313,Sclerotome,3
298_314,Sclerotome,3
298_315,Sclerotome,1
298_316,Sclerotome,1
298_317,Sclerotome,1
298_318,Sclerotome,1
298_319,Dorsal root ganglion,16
298_320,Dorsal root ganglion,16
298_321,Dorsal root ganglion,16
298_322,Dorsal root ganglion,16
298_323,Dorsal root ganglion,16
298_324,Dorsal root ganglion,16
298_325,Dorsal root ganglion,16
298_326,Dorsal root ganglion,16
298_327,Dorsal root ganglion,16
298_328,Dorsal root ganglion,16
298_329,Dorsal root ganglion,16
298_330,Surface ectoderm,1
298_331,Surface ectoderm,1
298_332,Surface ectoderm,1
298_333,Surface ectoderm,1
298_334,Cavity,1
299_230,Cavity,14
299_231,Surface ectoderm,10
299_232,Surface ectoderm,10
299_233,Surface ectoderm,10
299_234,Surface ectoderm,10
299_235,Surface ectoderm,10
299_236,GI tract,10
299_237,GI tract,10
299_238,GI tract,10
299_239,GI tract,10
299_240,Sclerotome,10
299_241,GI tract,10
299_242,GI tract,10
299_243,Urogenital ridge,10
299_244,Urogenital ridge,10
299_245,Urogenital ridge,10
299_246,Urogenital ridge,10
299_247,Urogenital ridge,10
299_248,Urogenital ridge,10
299_249,Urogenital ridge,10
299_250,Urogenital ridge,10
299_251,Urogenital ridge,10
299_252,GI tract,10
299_253,GI tract,10
299_254,GI tract,10
299_255,GI tract,10
299_256,GI tract,10
299_257,GI tract,10
299_258,Urogenital ridge,10
299_259,Urogenital ridge,10
299_260,Urogenital ridge,10
299_261,Urogenital ridge,10
299_262,Urogenital ridge,10
299_263,Urogenital ridge,10
299_264,Urogenital ridge,10
299_265,Urogenital ridge,10
299_266,Urogenital ridge,10
299_267,Urogenital ridge,10
299_268,Urogenital ridge,6
299_269,Urogenital ridge,6
299_270,Urogenital ridge,6
299_271,Urogenital ridge,6
299_272,Urogenital ridge,6
299_273,Urogenital ridge,6
299_274,Urogenital ridge,6
299_275,Urogenital ridge,6
299_276,Urogenital ridge,6
299_277,Urogenital ridge,6
299_278,Urogenital ridge,6
299_279,Urogenital ridge,6
299_280,Urogenital ridge,6
299_281,Urogenital ridge,6
299_282,Connective tissue,6
299_283,Blood vessel,6
299_284,Blood vessel,8
299_285,Cavity,8
299_286,Cavity,8
299_287,Blood vessel,8
299_288,Blood vessel,8
299_289,Cavity,8
299_290,Blood vessel,8
299_291,Blood vessel,6
299_292,Sclerotome,3
299_293,Sclerotome,3
299_294,Sclerotome,3
299_295,Sclerotome,3
299_296,Blood vessel,3
299_297,Sclerotome,3
299_298,Sclerotome,3
299_299,Sclerotome,3
299_300,Sclerotome,3
299_301,Sclerotome,3
299_302,Sclerotome,3
299_303,Sclerotome,3
299_304,Sclerotome,3
299_305,Sclerotome,3
299_306,Sclerotome,3
299_307,Sclerotome,3
299_308,Sclerotome,3
299_309,Sclerotome,3
299_310,Sclerotome,3
299_311,Sclerotome,3
299_312,Sclerotome,3
299_313,Sclerotome,1
299_314,Sclerotome,1
299_315,Sclerotome,1
299_316,Sclerotome,1
299_317,Sclerotome,1
299_318,Dorsal root ganglion,16
299_319,Dorsal root ganglion,16
299_320,Dorsal root ganglion,16
299_321,Dorsal root ganglion,16
299_322,Dorsal root ganglion,16
299_323,Dorsal root ganglion,16
299_324,Dorsal root ganglion,16
299_325,Dorsal root ganglion,16
299_326,Dorsal root ganglion,16
299_327,Dorsal root ganglion,16
299_328,Dorsal root ganglion,16
299_329,Surface ectoderm,1
299_330,Surface ectoderm,1
299_331,Surface ectoderm,1
299_332,Surface ectoderm,1
299_333,Surface ectoderm,1
300_230,Surface ectoderm,14
300_231,Surface ectoderm,10
300_232,Surface ectoderm,10
300_233,Surface ectoderm,10
300_234,Surface ectoderm,10
300_235,GI tract,10
300_236,GI tract,10
300_237,GI tract,10
300_238,Sclerotome,10
300_239,Sclerotome,10
300_240,Sclerotome,10
300_241,GI tract,10
300_242,GI tract,10
300_243,Urogenital ridge,10
300_244,Urogenital ridge,10
300_245,Urogenital ridge,10
300_246,Urogenital ridge,10
300_247,Urogenital ridge,10
300_248,Urogenital ridge,10
300_249,Urogenital ridge,10
300_250,Urogenital ridge,10
300_251,GI tract,10
300_252,GI tract,10
300_253,GI tract,10
300_254,GI tract,10
300_255,GI tract,10
300_256,GI tract,10
300_257,GI tract,10
300_258,Urogenital ridge,10
300_259,Urogenital ridge,10
300_260,Urogenital ridge,10
300_261,Urogenital ridge,10
300_262,Urogenital ridge,10
300_263,Urogenital ridge,10
300_264,Urogenital ridge,10
300_265,Urogenital ridge,10
300_266,Urogenital ridge,10
300_267,Urogenital ridge,6
300_268,Urogenital ridge,6
300_269,Urogenital ridge,6
300_270,Urogenital ridge,6
300_271,Urogenital ridge,6
300_272,Urogenital ridge,6
300_273,Urogenital ridge,6
300_274,Urogenital ridge,6
300_275,Urogenital ridge,6
300_276,Urogenital ridge,6
300_277,Urogenital ridge,6
300_278,Urogenital ridge,6
300_279,Urogenital ridge,6
300_280,Urogenital ridge,6
300_281,Connective tissue,8
300_282,Blood vessel,8
300_283,Cavity,8
300_284,Cavity,8
300_285,Cavity,8
300_286,Blood vessel,8
300_287,Blood vessel,8
300_288,Blood vessel,8
300_289,Blood vessel,8
300_290,Blood vessel,8
300_291,Blood vessel,3
300_292,Sclerotome,3
300_293,Sclerotome,3
300_294,Sclerotome,3
300_295,Sclerotome,3
300_296,Sclerotome,3
300_297,Sclerotome,3
300_298,Sclerotome,3
300_299,Sclerotome,3
300_300,Sclerotome,3
300_301,Sclerotome,3
300_302,Sclerotome,3
300_303,Sclerotome,3
300_304,Sclerotome,3
300_305,Sclerotome,3
300_306,Sclerotome,3
300_307,Sclerotome,3
300_308,Sclerotome,3
300_309,Sclerotome,3
300_310,Sclerotome,3
300_311,Sclerotome,3
300_312,Sclerotome,1
300_313,Sclerotome,1
300_314,Sclerotome,1
300_315,Sclerotome,1
300_316,Sclerotome,1
300_317,Sclerotome,1
300_318,Dorsal root ganglion,16
300_319,Dorsal root ganglion,16
300_320,Dorsal root ganglion,16
300_321,Dorsal root ganglion,16
300_322,Dorsal root ganglion,16
300_323,Dorsal root ganglion,16
300_324,Dorsal root ganglion,16
300_325,Dorsal root ganglion,16
300_326,Dorsal root ganglion,16
300_327,Dorsal root ganglion,16
300_328,Meninges,1
300_329,Surface ectoderm,1
300_330,Surface ectoderm,1
300_331,Surface ectoderm,1
300_332,Surface ectoderm,1
300_333,Cavity,1
301_228,Cavity,14
301_229,Surface ectoderm,14
301_230,Surface ectoderm,14
301_231,Surface ectoderm,10
301_232,Surface ectoderm,10
301_233,Surface ectoderm,10
301_234,Sclerotome,10
301_235,GI tract,10
301_236,Sclerotome,10
301_237,Sclerotome,10
301_238,Sclerotome,10
301_239,Sclerotome,10
301_240,Sclerotome,10
301_241,Sclerotome,10
301_242,GI tract,10
301_243,Urogenital ridge,10
301_244,Urogenital ridge,10
301_245,Urogenital ridge,10
301_246,Urogenital ridge,10
301_247,Urogenital ridge,10
301_248,Urogenital ridge,10
301_249,Urogenital ridge,10
301_250,Urogenital ridge,10
301_251,GI tract,10
301_252,GI tract,10
301_253,GI tract,10
301_254,GI tract,10
301_255,GI tract,10
301_256,GI tract,10
301_257,Urogenital ridge,10
301_258,Urogenital ridge,10
301_259,Urogenital ridge,10
301_260,Urogenital ridge,10
301_261,Urogenital ridge,10
301_262,Urogenital ridge,10
301_263,Urogenital ridge,10
301_264,Urogenital ridge,10
301_265,Urogenital ridge,10
301_266,Urogenital ridge,10
301_267,Urogenital ridge,6
301_268,Urogenital ridge,6
301_269,Urogenital ridge,6
301_270,Urogenital ridge,6
301_271,GI tract,6
301_272,Urogenital ridge,6
301_273,Urogenital ridge,6
301_274,Urogenital ridge,6
301_275,Urogenital ridge,6
301_276,Urogenital ridge,6
301_277,Urogenital ridge,6
301_278,Urogenital ridge,6
301_279,Urogenital ridge,6
301_280,Connective tissue,8
301_281,Blood vessel,8
301_282,Cavity,8
301_283,Cavity,8
301_284,Cavity,8
301_285,Blood vessel,8
301_286,Blood vessel,8
301_287,Blood vessel,8
301_288,Blood vessel,8
301_289,Blood vessel,8
301_290,Blood vessel,3
301_291,Sclerotome,3
301_292,Sclerotome,3
301_293,Sclerotome,3
301_294,Sclerotome,3
301_295,Sclerotome,3
301_296,Sclerotome,3
301_297,Urogenital ridge,3
301_298,Sclerotome,3
301_299,Sclerotome,3
301_300,Sclerotome,3
301_301,Sclerotome,3
301_302,Sclerotome,3
301_303,Sclerotome,3
301_304,Sclerotome,3
301_305,Sclerotome,3
301_306,Sclerotome,3
301_307,Sclerotome,3
301_308,Sclerotome,3
301_309,Sclerotome,3
301_310,Sclerotome,3
301_311,Sclerotome,3
301_312,Sclerotome,1
301_313,Sclerotome,1
301_314,Sclerotome,1
301_315,Sclerotome,1
301_316,Sclerotome,1
301_317,Sclerotome,16
301_318,Dorsal root ganglion,16
301_319,Dorsal root ganglion,16
301_320,Dorsal root ganglion,16
301_321,Dorsal root ganglion,16
301_322,Dorsal root ganglion,16
301_323,Dorsal root ganglion,16
301_324,Dorsal root ganglion,16
301_325,Dorsal root ganglion,16
301_326,Dorsal root ganglion,16
301_327,Dorsal root ganglion,16
301_328,Surface ectoderm,1
301_329,Surface ectoderm,1
301_330,Surface ectoderm,1
301_331,Surface ectoderm,1
301_332,Cavity,1
302_216,Cavity,14
302_217,Cavity,14
302_218,Surface ectoderm,14
302_219,Surface ectoderm,14
302_220,Surface ectoderm,14
302_221,Cavity,14
302_222,Cavity,14
302_223,Surface ectoderm,14
302_224,Surface ectoderm,14
302_225,Surface ectoderm,14
302_226,Surface ectoderm,14
302_227,Surface ectoderm,14
302_228,Surface ectoderm,14
302_229,Surface ectoderm,14
302_230,Surface ectoderm,14
302_231,Surface ectoderm,10
302_232,Surface ectoderm,10
302_233,Sclerotome,10
302_234,GI tract,10
302_235,Sclerotome,10
302_236,Sclerotome,10
302_237,Sclerotome,10
302_238,Sclerotome,10
302_239,Sclerotome,10
302_240,Sclerotome,10
302_241,Urogenital ridge,10
302_242,Urogenital ridge,10
302_243,Urogenital ridge,10
302_244,Urogenital ridge,10
302_245,Urogenital ridge,10
302_246,Urogenital ridge,10
302_247,Urogenital ridge,10
302_248,Urogenital ridge,10
302_249,Urogenital ridge,10
302_250,Urogenital ridge,10
302_251,GI tract,10
302_252,GI tract,10
302_253,GI tract,10
302_254,GI tract,10
302_255,GI tract,10
302_256,GI tract,10
302_257,Urogenital ridge,10
302_258,Urogenital ridge,10
302_259,Urogenital ridge,10
302_260,Urogenital ridge,10
302_261,Urogenital ridge,10
302_262,Urogenital ridge,10
302_263,Urogenital ridge,10
302_264,Urogenital ridge,10
302_265,Urogenital ridge,10
302_266,Urogenital ridge,6
302_267,Urogenital ridge,6
302_268,Urogenital ridge,6
302_269,Urogenital ridge,6
302_270,GI tract,6
302_271,GI tract,6
302_272,Urogenital ridge,6
302_273,Urogenital ridge,6
302_274,Urogenital ridge,6
302_275,Urogenital ridge,6
302_276,Urogenital ridge,6
302_277,Urogenital ridge,6
302_278,Sclerotome,8
302_279,Connective tissue,8
302_280,Blood vessel,8
302_281,Cavity,8
302_282,Cavity,8
302_283,Cavity,8
302_284,Cavity,8
302_285,Blood vessel,8
302_286,Blood vessel,8
302_287,Sclerotome,6
302_288,Sclerotome,6
302_289,Blood vessel,3
302_290,Sclerotome,3
302_291,Sclerotome,3
302_292,Sclerotome,3
302_293,Sclerotome,3
302_294,Sclerotome,3
302_295,Sclerotome,3
302_296,Sclerotome,3
302_297,Sclerotome,3
302_298,Urogenital ridge,3
302_299,Sclerotome,3
302_300,Sclerotome,3
302_301,Sclerotome,3
302_302,Sclerotome,3
302_303,Sclerotome,3
302_304,Sclerotome,3
302_305,Sclerotome,3
302_306,Sclerotome,3
302_307,Sclerotome,3
302_308,Sclerotome,3
302_309,Sclerotome,3
302_310,Sclerotome,3
302_311,Sclerotome,1
302_312,Dorsal root ganglion,1
302_313,Sclerotome,16
302_314,Dorsal root ganglion,1
302_315,Dorsal root ganglion,1
302_316,Dorsal root ganglion,16
302_317,Dorsal root ganglion,16
302_318,Dorsal root ganglion,16
302_319,Dorsal root ganglion,16
302_320,Dorsal root ganglion,16
302_321,Dorsal root ganglion,16
302_322,Dorsal root ganglion,16
302_323,Dorsal root ganglion,16
302_324,Dorsal root ganglion,16
302_325,Dorsal root ganglion,16
302_326,Dorsal root ganglion,16
302_327,Surface ectoderm,1
302_328,Surface ectoderm,1
302_329,Surface ectoderm,1
302_330,Surface ectoderm,1
302_331,Cavity,1
303_215,Cavity,14
303_216,Surface ectoderm,14
303_217,Surface ectoderm,14
303_218,Surface ectoderm,14
303_219,Surface ectoderm,14
303_220,Surface ectoderm,14
303_221,Surface ectoderm,14
303_222,Surface ectoderm,14
303_223,Surface ectoderm,14
303_224,Surface ectoderm,14
303_225,Surface ectoderm,14
303_226,Surface ectoderm,14
303_227,Surface ectoderm,14
303_228,Surface ectoderm,14
303_229,Surface ectoderm,14
303_230,Surface ectoderm,10
303_231,Sclerotome,10
303_232,Sclerotome,10
303_233,GI tract,10
303_234,Sclerotome,10
303_235,Sclerotome,10
303_236,Sclerotome,10
303_237,Sclerotome,10
303_238,Sclerotome,10
303_239,Sclerotome,10
303_240,Sclerotome,10
303_241,Urogenital ridge,10
303_242,GI tract,10
303_243,Urogenital ridge,10
303_244,Urogenital ridge,10
303_245,Urogenital ridge,10
303_246,Urogenital ridge,10
303_247,Urogenital ridge,10
303_248,Urogenital ridge,10
303_249,Urogenital ridge,10
303_250,Urogenital ridge,10
303_251,GI tract,10
303_252,GI tract,10
303_253,GI tract,10
303_254,GI tract,10
303_255,GI tract,10
303_256,GI tract,10
303_257,Urogenital ridge,10
303_258,Urogenital ridge,10
303_259,Urogenital ridge,10
303_260,Urogenital ridge,10
303_261,Urogenital ridge,10
303_262,Urogenital ridge,10
303_263,Urogenital ridge,10
303_264,Urogenital ridge,10
303_265,Urogenital ridge,6
303_266,Urogenital ridge,6
303_267,Urogenital ridge,6
303_268,Urogenital ridge,6
303_269,Urogenital ridge,6
303_270,Urogenital ridge,6
303_271,Urogenital ridge,6
303_272,Urogenital ridge,6
303_273,Urogenital ridge,6
303_274,Urogenital ridge,6
303_275,Blood vessel,6
303_276,Blood vessel,8
303_277,Blood vessel,8
303_278,Connective tissue,8
303_279,Blood vessel,8
303_280,Cavity,8
303_281,Cavity,8
303_282,Cavity,8
303_283,Cavity,8
303_284,Blood vessel,8
303_285,Blood vessel,8
303_286,Sclerotome,3
303_287,Sclerotome,3
303_288,Sclerotome,3
303_289,Sclerotome,3
303_290,Sclerotome,3
303_291,Sclerotome,3
303_292,Sclerotome,3
303_293,Urogenital ridge,3
303_294,Sclerotome,3
303_295,Sclerotome,3
303_296,Sclerotome,3
303_297,Sclerotome,3
303_298,Sclerotome,3
303_299,Sclerotome,3
303_300,Sclerotome,3
303_301,Sclerotome,3
303_302,Sclerotome,3
303_303,Sclerotome,3
303_304,Sclerotome,3
303_305,Sclerotome,3
303_306,Sclerotome,3
303_307,Sclerotome,3
303_308,Sclerotome,3
303_309,Sclerotome,3
303_310,Sclerotome,3
303_311,Sclerotome,1
303_312,Sclerotome,16
303_313,Dorsal root ganglion,16
303_314,Dorsal root ganglion,16
303_315,Dorsal root ganglion,16
303_316,Dorsal root ganglion,16
303_317,Dorsal root ganglion,16
303_318,Dorsal root ganglion,16
303_319,Dorsal root ganglion,16
303_320,Dorsal root ganglion,16
303_321,Dorsal root ganglion,16
303_322,Dorsal root ganglion,16
303_323,Dorsal root ganglion,16
303_324,Dorsal root ganglion,16
303_325,Dorsal root ganglion,16
303_326,Surface ectoderm,1
303_327,Surface ectoderm,1
303_328,Surface ectoderm,1
303_329,Surface ectoderm,1
303_330,Surface ectoderm,1
304_214,Surface ectoderm,14
304_215,Surface ectoderm,14
304_216,Surface ectoderm,14
304_217,Surface ectoderm,14
304_218,Surface ectoderm,14
304_219,Surface ectoderm,14
304_220,Surface ectoderm,14
304_221,Surface ectoderm,14
304_222,Surface ectoderm,14
304_223,Surface ectoderm,14
304_224,Surface ectoderm,14
304_225,Surface ectoderm,14
304_226,Surface ectoderm,14
304_227,Surface ectoderm,14
304_228,Surface ectoderm,6
304_229,Surface ectoderm,6
304_230,GI tract,6
304_231,Surface ectoderm,10
304_232,Sclerotome,10
304_233,Sclerotome,10
304_234,Sclerotome,10
304_235,Sclerotome,10
304_236,Sclerotome,10
304_237,Sclerotome,10
304_238,Sclerotome,10
304_239,Sclerotome,10
304_240,Sclerotome,10
304_241,Sclerotome,10
304_242,Sclerotome,10
304_243,Sclerotome,10
304_244,Urogenital ridge,10
304_245,Urogenital ridge,10
304_246,Urogenital ridge,10
304_247,Urogenital ridge,10
304_248,Urogenital ridge,10
304_249,Urogenital ridge,10
304_250,Urogenital ridge,10
304_251,GI tract,10
304_252,GI tract,10
304_253,GI tract,10
304_254,GI tract,10
304_255,GI tract,10
304_256,GI tract,10
304_257,Urogenital ridge,10
304_258,Urogenital ridge,10
304_259,Urogenital ridge,10
304_260,Urogenital ridge,10
304_261,Urogenital ridge,10
304_262,Urogenital ridge,10
304_263,Urogenital ridge,10
304_264,Urogenital ridge,6
304_265,Urogenital ridge,6
304_266,Urogenital ridge,6
304_267,Urogenital ridge,6
304_268,Urogenital ridge,6
304_269,Urogenital ridge,6
304_270,Urogenital ridge,6
304_271,Urogenital ridge,6
304_272,Urogenital ridge,6
304_273,Connective tissue,8
304_274,Blood vessel,8
304_275,Cavity,8
304_276,Cavity,8
304_277,Blood vessel,8
304_278,Blood vessel,8
304_279,Blood vessel,8
304_280,Cavity,8
304_281,Cavity,8
304_282,Blood vessel,8
304_283,Blood vessel,8
304_284,Blood vessel,8
304_285,Sclerotome,3
304_286,Sclerotome,3
304_287,Sclerotome,3
304_288,Sclerotome,3
304_289,Sclerotome,3
304_290,Sclerotome,3
304_291,Sclerotome,3
304_292,Sclerotome,3
304_293,Sclerotome,3
304_294,Sclerotome,3
304_295,Sclerotome,3
304_296,Sclerotome,3
304_297,Sclerotome,3
304_298,Sclerotome,3
304_299,Sclerotome,3
304_300,Sclerotome,3
304_301,Sclerotome,3
304_302,Sclerotome,3
304_303,Sclerotome,3
304_304,Sclerotome,3
304_305,Sclerotome,3
304_306,Sclerotome,3
304_307,Sclerotome,1
304_308,Sclerotome,1
304_309,Sclerotome,1
304_310,Sclerotome,1
304_311,Dorsal root ganglion,16
304_312,Dorsal root ganglion,16
304_313,Dorsal root ganglion,16
304_314,Dorsal root ganglion,16
304_315,Dorsal root ganglion,16
304_316,Dorsal root ganglion,16
304_317,Dorsal root ganglion,16
304_318,Dorsal root ganglion,16
304_319,Dorsal root ganglion,16
304_320,Dorsal root ganglion,16
304_321,Dorsal root ganglion,16
304_322,Dorsal root ganglion,16
304_323,Dorsal root ganglion,16
304_324,Dorsal root ganglion,16
304_325,Surface ectoderm,16
304_326,Surface ectoderm,1
304_327,Surface ectoderm,1
304_328,Surface ectoderm,1
304_329,Surface ectoderm,1
304_330,Cavity,1
305_213,Surface ectoderm,14
305_214,Surface ectoderm,14
305_215,Surface ectoderm,14
305_216,Surface ectoderm,14
305_217,Surface ectoderm,14
305_218,Surface ectoderm,14
305_219,Surface ectoderm,14
305_220,Surface ectoderm,14
305_221,Dermomyotome,14
305_222,Sclerotome,14
305_223,Sclerotome,14
305_224,Surface ectoderm,3
305_225,Sclerotome,3
305_226,Surface ectoderm,14
305_227,Sclerotome,6
305_228,Sclerotome,6
305_229,Sclerotome,6
305_230,Blood vessel,6
305_231,Blood vessel,6
305_232,Sclerotome,6
305_233,Sclerotome,10
305_234,Sclerotome,10
305_235,Sclerotome,10
305_236,Sclerotome,10
305_237,Sclerotome,10
305_238,Sclerotome,10
305_239,Sclerotome,10
305_240,Sclerotome,10
305_241,Sclerotome,10
305_242,Sclerotome,10
305_243,Urogenital ridge,10
305_244,Urogenital ridge,10
305_245,Urogenital ridge,10
305_246,Urogenital ridge,10
305_247,Urogenital ridge,10
305_248,Urogenital ridge,10
305_249,Urogenital ridge,10
305_250,Urogenital ridge,10
305_251,GI tract,10
305_252,GI tract,10
305_253,GI tract,6
305_254,GI tract,10
305_255,GI tract,10
305_256,GI tract,10
305_257,Urogenital ridge,10
305_258,Urogenital ridge,10
305_259,Urogenital ridge,10
305_260,Urogenital ridge,6
305_261,Urogenital ridge,6
305_262,Urogenital ridge,6
305_263,Urogenital ridge,6
305_264,Urogenital ridge,6
305_265,Urogenital ridge,6
305_266,Urogenital ridge,6
305_267,Urogenital ridge,6
305_268,Urogenital ridge,6
305_269,Urogenital ridge,6
305_270,Urogenital ridge,6
305_271,GI tract,6
305_272,Connective tissue,6
305_273,Blood vessel,8
305_274,Cavity,8
305_275,Cavity,8
305_276,Cavity,8
305_277,Blood vessel,8
305_278,Blood vessel,8
305_279,Cavity,8
305_280,Cavity,8
305_281,Blood vessel,8
305_282,Blood vessel,8
305_283,Blood vessel,8
305_284,Blood vessel,3
305_285,Sclerotome,3
305_286,Sclerotome,3
305_287,Sclerotome,3
305_288,Sclerotome,3
305_289,Sclerotome,3
305_290,Urogenital ridge,3
305_291,Sclerotome,3
305_292,Sclerotome,3
305_293,Sclerotome,3
305_294,Sclerotome,3
305_295,Sclerotome,3
305_296,Sclerotome,3
305_297,Sclerotome,3
305_298,Sclerotome,3
305_299,Sclerotome,3
305_300,Sclerotome,3
305_301,Sclerotome,3
305_302,Sclerotome,3
305_303,Sclerotome,3
305_304,Sclerotome,3
305_305,Sclerotome,3
305_306,Sclerotome,1
305_307,Sclerotome,1
305_308,Sclerotome,1
305_309,Sclerotome,1
305_310,Sclerotome,16
305_311,Dorsal root ganglion,16
305_312,Dorsal root ganglion,16
305_313,Dorsal root ganglion,16
305_314,Dorsal root ganglion,16
305_315,Dorsal root ganglion,16
305_316,Dorsal root ganglion,16
305_317,Dorsal root ganglion,16
305_318,Dorsal root ganglion,16
305_319,Dorsal root ganglion,16
305_320,Dorsal root ganglion,16
305_321,Dorsal root ganglion,16
305_322,Dorsal root ganglion,16
305_323,Surface ectoderm,16
305_324,Surface ectoderm,16
305_325,Surface ectoderm,1
305_326,Surface ectoderm,1
305_327,Surface ectoderm,1
305_328,Surface ectoderm,1
305_329,Cavity,1
306_211,Cavity,14
306_212,Surface ectoderm,14
306_213,Surface ectoderm,14
306_214,Surface ectoderm,14
306_215,Surface ectoderm,14
306_216,Surface ectoderm,14
306_217,Surface ectoderm,14
306_218,Surface ectoderm,14
306_219,Surface ectoderm,14
306_220,Dermomyotome,14
306_221,Dermomyotome,3
306_222,Sclerotome,3
306_223,Sclerotome,3
306_224,Sclerotome,3
306_225,Sclerotome,3
306_226,Sclerotome,3
306_227,Sclerotome,6
306_228,Sclerotome,6
306_229,Sclerotome,6
306_230,Sclerotome,6
306_231,Blood vessel,6
306_232,Blood vessel,6
306_233,Sclerotome,6
306_234,Sclerotome,10
306_235,Sclerotome,10
306_236,Sclerotome,10
306_237,Sclerotome,10
306_238,Sclerotome,10
306_239,Sclerotome,10
306_240,Sclerotome,10
306_241,Sclerotome,10
306_242,Sclerotome,10
306_243,Urogenital ridge,10
306_244,Urogenital ridge,10
306_245,Urogenital ridge,10
306_246,Urogenital ridge,10
306_247,Urogenital ridge,10
306_248,Urogenital ridge,10
306_249,Urogenital ridge,10
306_250,GI tract,10
306_251,GI tract,10
306_252,GI tract,6
306_253,GI tract,6
306_254,GI tract,6
306_255,GI tract,6
306_256,GI tract,6
306_257,Urogenital ridge,10
306_258,Urogenital ridge,10
306_259,Urogenital ridge,10
306_260,Urogenital ridge,6
306_261,Urogenital ridge,6
306_262,Urogenital ridge,6
306_263,Urogenital ridge,6
306_264,Urogenital ridge,6
306_265,Urogenital ridge,6
306_266,Urogenital ridge,6
306_267,Urogenital ridge,6
306_268,Urogenital ridge,6
306_269,Urogenital ridge,6
306_270,Urogenital ridge,6
306_271,Connective tissue,6
306_272,Blood vessel,8
306_273,Cavity,8
306_274,Cavity,8
306_275,Cavity,8
306_276,Blood vessel,8
306_277,Blood vessel,8
306_278,Blood vessel,8
306_279,Cavity,8
306_280,Cavity,8
306_281,Blood vessel,8
306_282,Blood vessel,8
306_283,Blood vessel,8
306_284,Sclerotome,3
306_285,Sclerotome,3
306_286,Sclerotome,3
306_287,Sclerotome,3
306_288,Sclerotome,3
306_289,Urogenital ridge,3
306_290,Urogenital ridge,3
306_291,Sclerotome,3
306_292,Sclerotome,3
306_293,Sclerotome,3
306_294,Sclerotome,3
306_295,Sclerotome,3
306_296,Sclerotome,3
306_297,Sclerotome,3
306_298,Sclerotome,3
306_299,Sclerotome,3
306_300,Sclerotome,3
306_301,Sclerotome,3
306_302,Sclerotome,3
306_303,Sclerotome,3
306_304,Sclerotome,1
306_305,Sclerotome,1
306_306,Sclerotome,1
306_307,Sclerotome,1
306_308,Sclerotome,1
306_309,Sclerotome,1
306_310,Sclerotome,16
306_311,Dorsal root ganglion,16
306_312,Dorsal root ganglion,16
306_313,Dorsal root ganglion,16
306_314,Dorsal root ganglion,16
306_315,Dorsal root ganglion,16
306_316,Dorsal root ganglion,16
306_317,Dorsal root ganglion,16
306_318,Dorsal root ganglion,16
306_319,Dorsal root ganglion,16
306_320,Dorsal root ganglion,16
306_321,Dorsal root ganglion,16
306_322,Dorsal root ganglion,16
306_323,Surface ectoderm,1
306_324,Surface ectoderm,1
306_325,Surface ectoderm,1
306_326,Surface ectoderm,1
306_327,Surface ectoderm,1
306_328,Surface ectoderm,1
307_210,Cavity,14
307_211,Surface ectoderm,14
307_212,Surface ectoderm,14
307_213,Surface ectoderm,14
307_214,Surface ectoderm,14
307_215,Surface ectoderm,14
307_216,Surface ectoderm,14
307_217,Surface ectoderm,14
307_218,GI tract,14
307_219,Sclerotome,14
307_220,Dermomyotome,14
307_221,Sclerotome,3
307_222,Sclerotome,3
307_223,Sclerotome,3
307_224,Sclerotome,3
307_225,Sclerotome,3
307_226,Sclerotome,3
307_227,Sclerotome,3
307_228,Sclerotome,6
307_229,Sclerotome,6
307_230,Sclerotome,6
307_231,Sclerotome,6
307_232,Sclerotome,6
307_233,Sclerotome,6
307_234,Sclerotome,6
307_235,Sclerotome,6
307_236,Sclerotome,10
307_237,Sclerotome,10
307_238,Sclerotome,10
307_239,Sclerotome,10
307_240,Sclerotome,10
307_241,Sclerotome,10
307_242,Sclerotome,10
307_243,Urogenital ridge,10
307_244,Sclerotome,10
307_245,Urogenital ridge,10
307_246,Urogenital ridge,10
307_247,Urogenital ridge,10
307_248,Urogenital ridge,10
307_249,Urogenital ridge,10
307_250,GI tract,10
307_251,GI tract,6
307_252,GI tract,6
307_253,GI tract,6
307_254,GI tract,6
307_255,GI tract,6
307_256,GI tract,6
307_257,GI tract,6
307_258,Urogenital ridge,6
307_259,Urogenital ridge,6
307_260,Urogenital ridge,6
307_261,Urogenital ridge,6
307_262,Urogenital ridge,6
307_263,Urogenital ridge,6
307_264,Urogenital ridge,6
307_265,Urogenital ridge,6
307_266,Urogenital ridge,6
307_267,Urogenital ridge,6
307_268,Urogenital ridge,6
307_269,Connective tissue,6
307_270,Blood vessel,6
307_271,Blood vessel,6
307_272,Cavity,8
307_273,Cavity,8
307_274,Cavity,8
307_275,Blood vessel,8
307_276,Blood vessel,8
307_277,Blood vessel,8
307_278,Blood vessel,8
307_279,Blood vessel,8
307_280,Blood vessel,8
307_281,Blood vessel,8
307_282,Sclerotome,3
307_283,Connective tissue,3
307_284,Sclerotome,3
307_285,Sclerotome,3
307_286,Urogenital ridge,3
307_287,Sclerotome,3
307_288,Sclerotome,3
307_289,Sclerotome,3
307_290,Urogenital ridge,3
307_291,Sclerotome,3
307_292,Sclerotome,3
307_293,Sclerotome,3
307_294,Sclerotome,3
307_295,Sclerotome,3
307_296,Sclerotome,3
307_297,Sclerotome,3
307_298,Sclerotome,3
307_299,Sclerotome,3
307_300,Sclerotome,3
307_301,Sclerotome,3
307_302,Sclerotome,3
307_303,Sclerotome,1
307_304,Sclerotome,1
307_305,Sclerotome,1
307_306,Sclerotome,1
307_307,Sclerotome,1
307_308,Sclerotome,1
307_309,Sclerotome,16
307_310,Dorsal root ganglion,16
307_311,Dorsal root ganglion,16
307_312,Dorsal root ganglion,16
307_313,Dorsal root ganglion,16
307_314,Dorsal root ganglion,16
307_315,Dorsal root ganglion,16
307_316,Dorsal root ganglion,16
307_317,Dorsal root ganglion,16
307_318,Dorsal root ganglion,16
307_319,Dorsal root ganglion,16
307_320,Dorsal root ganglion,16
307_321,Dorsal root ganglion,16
307_322,Surface ectoderm,1
307_323,Surface ectoderm,1
307_324,Surface ectoderm,1
307_325,Surface ectoderm,1
307_326,Surface ectoderm,1
307_327,Cavity,1
308_210,Surface ectoderm,14
308_211,Surface ectoderm,14
308_212,Surface ectoderm,14
308_213,Surface ectoderm,14
308_214,Surface ectoderm,14
308_215,Surface ectoderm,14
308_216,Surface ectoderm,14
308_217,Surface ectoderm,14
308_218,Blood vessel,14
308_219,Sclerotome,3
308_220,Sclerotome,3
308_221,Sclerotome,3
308_222,Sclerotome,3
308_223,Sclerotome,3
308_224,Sclerotome,3
308_225,Sclerotome,3
308_226,Sclerotome,3
308_227,Sclerotome,3
308_228,Sclerotome,3
308_229,Sclerotome,6
308_230,Sclerotome,6
308_231,Sclerotome,6
308_232,Sclerotome,6
308_233,Blood vessel,6
308_234,Blood vessel,6
308_235,Blood vessel,6
308_236,Blood vessel,6
308_237,Blood vessel,6
308_238,Sclerotome,6
308_239,Sclerotome,6
308_240,Sclerotome,10
308_241,Sclerotome,10
308_242,Sclerotome,10
308_243,Sclerotome,10
308_244,Urogenital ridge,10
308_245,Urogenital ridge,10
308_246,Urogenital ridge,10
308_247,Urogenital ridge,10
308_248,Urogenital ridge,10
308_249,Urogenital ridge,6
308_250,GI tract,6
308_251,GI tract,6
308_252,GI tract,6
308_253,GI tract,6
308_254,GI tract,6
308_255,GI tract,6
308_256,GI tract,6
308_257,GI tract,6
308_258,Urogenital ridge,6
308_259,Urogenital ridge,6
308_260,Urogenital ridge,6
308_261,Urogenital ridge,6
308_262,Urogenital ridge,6
308_263,Urogenital ridge,6
308_264,Urogenital ridge,6
308_265,Urogenital ridge,6
308_266,Urogenital ridge,6
308_267,Urogenital ridge,6
308_268,Urogenital ridge,6
308_269,Urogenital ridge,6
308_270,Blood vessel,6
308_271,Blood vessel,6
308_272,Blood vessel,6
308_273,Blood vessel,8
308_274,Blood vessel,8
308_275,Connective tissue,8
308_276,Blood vessel,8
308_277,Blood vessel,8
308_278,Blood vessel,8
308_279,Blood vessel,8
308_280,Blood vessel,8
308_281,Urogenital ridge,6
308_282,Urogenital ridge,3
308_283,Urogenital ridge,3
308_284,Urogenital ridge,3
308_285,Sclerotome,3
308_286,Sclerotome,3
308_287,Sclerotome,3
308_288,Sclerotome,3
308_289,Sclerotome,3
308_290,Sclerotome,3
308_291,Sclerotome,3
308_292,Sclerotome,3
308_293,Sclerotome,3
308_294,Sclerotome,3
308_295,Sclerotome,3
308_296,Sclerotome,3
308_297,Sclerotome,3
308_298,Sclerotome,3
308_299,Sclerotome,3
308_300,Sclerotome,3
308_301,Sclerotome,3
308_302,Sclerotome,3
308_303,Sclerotome,1
308_304,Sclerotome,1
308_305,Sclerotome,1
308_306,Sclerotome,1
308_307,Sclerotome,1
308_308,Sclerotome,1
308_309,Sclerotome,16
308_310,Dorsal root ganglion,16
308_311,Dorsal root ganglion,16
308_312,Dorsal root ganglion,16
308_313,Dorsal root ganglion,16
308_314,Dorsal root ganglion,16
308_315,Dorsal root ganglion,16
308_316,Dorsal root ganglion,16
308_317,Dorsal root ganglion,16
308_318,Dorsal root ganglion,16
308_319,Dorsal root ganglion,16
308_320,Dorsal root ganglion,1
308_321,Surface ectoderm,1
308_322,Surface ectoderm,1
308_323,Surface ectoderm,1
308_324,Surface ectoderm,1
308_325,Surface ectoderm,1
308_326,Cavity,1
309_209,Cavity,14
309_210,Surface ectoderm,14
309_211,Surface ectoderm,14
309_212,Surface ectoderm,14
309_213,Surface ectoderm,14
309_214,Surface ectoderm,14
309_215,Surface ectoderm,14
309_216,Surface ectoderm,14
309_217,Dermomyotome,14
309_218,Dermomyotome,3
309_219,Sclerotome,3
309_220,Sclerotome,3
309_221,Sclerotome,3
309_222,Sclerotome,3
309_223,Sclerotome,3
309_224,Sclerotome,3
309_225,Sclerotome,3
309_226,Sclerotome,3
309_227,Sclerotome,3
309_228,Sclerotome,3
309_229,Sclerotome,3
309_230,Sclerotome,6
309_231,Sclerotome,6
309_232,Blood vessel,6
309_233,Blood vessel,6
309_234,Cavity,8
309_235,Cavity,8
309_236,Cavity,6
309_237,Blood vessel,6
309_238,Sclerotome,6
309_239,Sclerotome,6
309_240,Sclerotome,6
309_241,Sclerotome,6
309_242,Sclerotome,6
309_243,Sclerotome,10
309_244,Sclerotome,6
309_245,Urogenital ridge,6
309_246,Urogenital ridge,6
309_247,Urogenital ridge,6
309_248,Urogenital ridge,6
309_249,GI tract,6
309_250,GI tract,6
309_251,GI tract,6
309_252,GI tract,6
309_253,GI tract,6
309_254,GI tract,6
309_255,GI tract,6
309_256,Sclerotome,6
309_257,Connective tissue,6
309_258,Urogenital ridge,6
309_259,Urogenital ridge,6
309_260,Urogenital ridge,6
309_261,Urogenital ridge,6
309_262,Urogenital ridge,6
309_263,Urogenital ridge,6
309_264,Urogenital ridge,6
309_265,Urogenital ridge,6
309_266,Urogenital ridge,6
309_267,Urogenital ridge,6
309_268,Urogenital ridge,6
309_269,Urogenital ridge,6
309_270,Connective tissue,6
309_271,Blood vessel,6
309_272,Connective tissue,6
309_273,Connective tissue,6
309_274,Connective tissue,3
309_275,Urogenital ridge,3
309_276,Sclerotome,8
309_277,Blood vessel,3
309_278,Urogenital ridge,3
309_279,Urogenital ridge,3
309_280,Urogenital ridge,3
309_281,Urogenital ridge,3
309_282,Urogenital ridge,3
309_283,Urogenital ridge,3
309_284,Urogenital ridge,3
309_285,Sclerotome,3
309_286,Sclerotome,3
309_287,Sclerotome,3
309_288,Sclerotome,3
309_289,Sclerotome,3
309_290,Sclerotome,3
309_291,Sclerotome,3
309_292,Sclerotome,3
309_293,Sclerotome,3
309_294,Sclerotome,3
309_295,Sclerotome,3
309_296,Sclerotome,3
309_297,Sclerotome,3
309_298,Sclerotome,3
309_299,Sclerotome,3
309_300,Sclerotome,3
309_301,Sclerotome,3
309_302,Sclerotome,1
309_303,Dorsal root ganglion,1
309_304,Dorsal root ganglion,1
309_305,Dorsal root ganglion,16
309_306,Dorsal root ganglion,16
309_307,Dorsal root ganglion,16
309_308,Dorsal root ganglion,16
309_309,Sclerotome,16
309_310,Dorsal root ganglion,16
309_311,Dorsal root ganglion,16
309_312,Dorsal root ganglion,16
309_313,Dorsal root ganglion,16
309_314,Dorsal root ganglion,16
309_315,Dorsal root ganglion,16
309_316,Dorsal root ganglion,16
309_317,Dorsal root ganglion,16
309_318,Dorsal root ganglion,16
309_319,Dorsal root ganglion,16
309_320,Surface ectoderm,1
309_321,Surface ectoderm,1
309_322,Surface ectoderm,1
309_323,Surface ectoderm,1
309_324,Surface ectoderm,1
309_325,Cavity,1
310_209,Cavity,14
310_210,Surface ectoderm,14
310_211,Surface ectoderm,14
310_212,Surface ectoderm,14
310_213,Surface ectoderm,14
310_214,Surface ectoderm,14
310_215,Dermomyotome,14
310_216,Dermomyotome,14
310_217,Dermomyotome,14
310_218,Sclerotome,3
310_219,Sclerotome,3
310_220,Sclerotome,3
310_221,Sclerotome,3
310_222,Sclerotome,3
310_223,Sclerotome,3
310_224,Sclerotome,3
310_225,Sclerotome,3
310_226,Sclerotome,3
310_227,Sclerotome,3
310_228,Sclerotome,3
310_229,Sclerotome,3
310_230,Sclerotome,3
310_231,Sclerotome,6
310_232,Blood vessel,6
310_233,Cavity,6
310_234,Cavity,8
310_235,Cavity,8
310_236,Cavity,6
310_237,Blood vessel,6
310_238,Sclerotome,6
310_239,Sclerotome,6
310_240,Sclerotome,6
310_241,Sclerotome,6
310_242,Sclerotome,6
310_243,Sclerotome,6
310_244,Sclerotome,6
310_245,Sclerotome,6
310_246,Sclerotome,6
310_247,Urogenital ridge,6
310_248,Sclerotome,6
310_249,GI tract,3
310_250,GI tract,6
310_251,GI tract,6
310_252,GI tract,6
310_253,GI tract,6
310_254,GI tract,6
310_255,GI tract,6
310_256,Sclerotome,6
310_257,Connective tissue,6
310_258,Urogenital ridge,6
310_259,Urogenital ridge,6
310_260,Urogenital ridge,6
310_261,Urogenital ridge,6
310_262,Connective tissue,6
310_263,Urogenital ridge,6
310_264,Urogenital ridge,6
310_265,Urogenital ridge,6
310_266,Urogenital ridge,6
310_267,Connective tissue,6
310_268,Blood vessel,6
310_269,Blood vessel,6
310_270,Urogenital ridge,6
310_271,Urogenital ridge,6
310_272,Urogenital ridge,6
310_273,Urogenital ridge,3
310_274,Urogenital ridge,3
310_275,Sclerotome,3
310_276,Urogenital ridge,3
310_277,Urogenital ridge,3
310_278,Sclerotome,3
310_279,Sclerotome,3
310_280,Urogenital ridge,3
310_281,Urogenital ridge,3
310_282,Urogenital ridge,3
310_283,Sclerotome,3
310_284,Sclerotome,3
310_285,Sclerotome,3
310_286,Sclerotome,3
310_287,Sclerotome,3
310_288,Dermomyotome,3
310_289,Dermomyotome,3
310_290,Sclerotome,3
310_291,Sclerotome,3
310_292,Sclerotome,3
310_293,Sclerotome,3
310_294,Sclerotome,3
310_295,Sclerotome,3
310_296,Sclerotome,3
310_297,Sclerotome,3
310_298,Sclerotome,3
310_299,Sclerotome,3
310_300,Sclerotome,3
310_301,Sclerotome,3
310_302,Sclerotome,1
310_303,Dorsal root ganglion,1
310_304,Dorsal root ganglion,16
310_305,Dorsal root ganglion,16
310_306,Dorsal root ganglion,16
310_307,Dorsal root ganglion,16
310_308,Dorsal root ganglion,16
310_309,Dorsal root ganglion,16
310_310,Dorsal root ganglion,16
310_311,Dorsal root ganglion,16
310_312,Dorsal root ganglion,16
310_313,Dorsal root ganglion,16
310_314,Dorsal root ganglion,16
310_315,Dorsal root ganglion,16
310_316,Dorsal root ganglion,16
310_317,Dorsal root ganglion,16
310_318,Dorsal root ganglion,16
310_319,Surface ectoderm,1
310_320,Surface ectoderm,1
310_321,Surface ectoderm,1
310_322,Surface ectoderm,1
310_323,Surface ectoderm,1
310_324,Cavity,1
311_208,Cavity,14
311_209,Surface ectoderm,14
311_210,Surface ectoderm,14
311_211,Surface ectoderm,14
311_212,Surface ectoderm,14
311_213,Surface ectoderm,14
311_214,Dermomyotome,14
311_215,Dermomyotome,14
311_216,Dermomyotome,3
311_217,Sclerotome,3
311_218,Sclerotome,3
311_219,Sclerotome,3
311_220,Sclerotome,3
311_221,Sclerotome,3
311_222,Sclerotome,3
311_223,Sclerotome,3
311_224,Sclerotome,3
311_225,Sclerotome,3
311_226,Sclerotome,3
311_227,Sclerotome,3
311_228,Sclerotome,3
311_229,Sclerotome,3
311_230,Sclerotome,3
311_231,Sclerotome,6
311_232,Sclerotome,6
311_233,Blood vessel,6
311_234,Blood vessel,8
311_235,Blood vessel,8
311_236,Blood vessel,6
311_237,Blood vessel,6
311_238,Sclerotome,6
311_239,Sclerotome,6
311_240,Sclerotome,6
311_241,Sclerotome,6
311_242,Sclerotome,6
311_243,Sclerotome,6
311_244,Sclerotome,6
311_245,Sclerotome,6
311_246,Sclerotome,6
311_247,Sclerotome,6
311_248,Sclerotome,6
311_249,GI tract,3
311_250,GI tract,3
311_251,GI tract,3
311_252,GI tract,6
311_253,GI tract,6
311_254,Sclerotome,6
311_255,Sclerotome,6
311_256,Sclerotome,6
311_257,Urogenital ridge,6
311_258,Urogenital ridge,6
311_259,Urogenital ridge,6
311_260,Urogenital ridge,6
311_261,Urogenital ridge,6
311_262,Urogenital ridge,6
311_263,Urogenital ridge,6
311_264,Sclerotome,6
311_265,Sclerotome,6
311_266,Urogenital ridge,6
311_267,Blood vessel,6
311_268,Blood vessel,6
311_269,Connective tissue,6
311_270,Urogenital ridge,6
311_271,Urogenital ridge,6
311_272,Urogenital ridge,3
311_273,Urogenital ridge,3
311_274,Sclerotome,3
311_275,Sclerotome,3
311_276,Sclerotome,3
311_277,Sclerotome,3
311_278,Sclerotome,3
311_279,Sclerotome,3
311_280,Sclerotome,3
311_281,Sclerotome,3
311_282,Sclerotome,3
311_283,Sclerotome,3
311_284,Sclerotome,3
311_285,Sclerotome,3
311_286,Dermomyotome,3
311_287,Dermomyotome,15
311_288,Dermomyotome,15
311_289,Dermomyotome,15
311_290,Dermomyotome,15
311_291,Dermomyotome,3
311_292,Sclerotome,3
311_293,Sclerotome,3
311_294,Sclerotome,3
311_295,Sclerotome,3
311_296,Sclerotome,3
311_297,Sclerotome,3
311_298,Sclerotome,3
311_299,Sclerotome,3
311_300,Sclerotome,1
311_301,Sclerotome,1
311_302,Sclerotome,1
311_303,Sclerotome,16
311_304,Dorsal root ganglion,16
311_305,Dorsal root ganglion,16
311_306,Dorsal root ganglion,16
311_307,Dorsal root ganglion,16
311_308,Dorsal root ganglion,16
311_309,Dorsal root ganglion,16
311_310,Dorsal root ganglion,16
311_311,Dorsal root ganglion,16
311_312,Dorsal root ganglion,16
311_313,Dorsal root ganglion,16
311_314,Dorsal root ganglion,16
311_315,Dorsal root ganglion,16
311_316,Dorsal root ganglion,16
311_317,Surface ectoderm,16
311_318,Surface ectoderm,1
311_319,Surface ectoderm,1
311_320,Surface ectoderm,1
311_321,Surface ectoderm,1
311_322,Surface ectoderm,1
311_323,Cavity,1
312_208,Cavity,14
312_209,Surface ectoderm,14
312_210,Surface ectoderm,14
312_211,Surface ectoderm,14
312_212,Surface ectoderm,14
312_213,Surface ectoderm,14
312_214,Sclerotome,14
312_215,Sclerotome,14
312_216,Sclerotome,3
312_217,Sclerotome,3
312_218,Sclerotome,3
312_219,Sclerotome,3
312_220,Sclerotome,3
312_221,Sclerotome,3
312_222,Sclerotome,3
312_223,Sclerotome,3
312_224,Sclerotome,3
312_225,Sclerotome,3
312_226,Sclerotome,3
312_227,Sclerotome,3
312_228,Sclerotome,3
312_229,Sclerotome,3
312_230,Sclerotome,3
312_231,Sclerotome,3
312_232,Sclerotome,6
312_233,Sclerotome,6
312_234,Blood vessel,6
312_235,Blood vessel,6
312_236,Sclerotome,6
312_237,Sclerotome,6
312_238,Sclerotome,6
312_239,Sclerotome,3
312_240,Sclerotome,3
312_241,Sclerotome,3
312_242,Sclerotome,3
312_243,Sclerotome,3
312_244,Sclerotome,3
312_245,Sclerotome,6
312_246,Sclerotome,3
312_247,Sclerotome,3
312_248,Sclerotome,3
312_249,GI tract,3
312_250,GI tract,3
312_251,GI tract,3
312_252,GI tract,3
312_253,GI tract,6
312_254,Sclerotome,6
312_255,Sclerotome,6
312_256,Sclerotome,6
312_257,Sclerotome,6
312_258,Sclerotome,6
312_259,Sclerotome,6
312_260,Sclerotome,6
312_261,Sclerotome,3
312_262,Sclerotome,3
312_263,Sclerotome,6
312_264,Sclerotome,6
312_265,Urogenital ridge,6
312_266,Urogenital ridge,6
312_267,Connective tissue,6
312_268,Connective tissue,6
312_269,Urogenital ridge,6
312_270,Urogenital ridge,3
312_271,Sclerotome,3
312_272,Sclerotome,3
312_273,Sclerotome,3
312_274,Sclerotome,3
312_275,Sclerotome,3
312_276,Sclerotome,3
312_277,Sclerotome,3
312_278,Sclerotome,3
312_279,Sclerotome,3
312_280,Sclerotome,3
312_281,Sclerotome,3
312_282,Sclerotome,3
312_283,Sclerotome,3
312_284,Sclerotome,3
312_285,Dermomyotome,3
312_286,Dermomyotome,15
312_287,Dermomyotome,15
312_288,Dermomyotome,15
312_289,Dermomyotome,15
312_290,Dermomyotome,15
312_291,Dermomyotome,15
312_292,Sclerotome,3
312_293,Sclerotome,3
312_294,Sclerotome,3
312_295,Sclerotome,3
312_296,Sclerotome,3
312_297,Sclerotome,3
312_298,Sclerotome,3
312_299,Sclerotome,1
312_300,Sclerotome,1
312_301,Sclerotome,1
312_302,Sclerotome,1
312_303,Sclerotome,16
312_304,Dorsal root ganglion,16
312_305,Dorsal root ganglion,16
312_306,Dorsal root ganglion,16
312_307,Dorsal root ganglion,16
312_308,Dorsal root ganglion,16
312_309,Dorsal root ganglion,16
312_310,Dorsal root ganglion,16
312_311,Dorsal root ganglion,16
312_312,Dorsal root ganglion,16
312_313,Dorsal root ganglion,16
312_314,Dorsal root ganglion,16
312_315,Dorsal root ganglion,16
312_316,Surface ectoderm,16
312_317,Surface ectoderm,1
312_318,Surface ectoderm,1
312_319,Surface ectoderm,1
312_320,Surface ectoderm,1
312_321,Surface ectoderm,1
312_322,Cavity,1
313_208,Surface ectoderm,14
313_209,Surface ectoderm,14
313_210,Surface ectoderm,14
313_211,Surface ectoderm,14
313_212,Surface ectoderm,14
313_213,Surface ectoderm,14
313_214,Sclerotome,14
313_215,Sclerotome,1
313_216,Sclerotome,3
313_217,Sclerotome,3
313_218,Sclerotome,3
313_219,Sclerotome,3
313_220,Sclerotome,3
313_221,Sclerotome,3
313_222,Sclerotome,3
313_223,Sclerotome,3
313_224,Sclerotome,3
313_225,Sclerotome,3
313_226,Sclerotome,3
313_227,Sclerotome,3
313_228,Sclerotome,3
313_229,Sclerotome,3
313_230,Sclerotome,3
313_231,Sclerotome,3
313_232,Sclerotome,3
313_233,Sclerotome,6
313_234,Sclerotome,6
313_235,Sclerotome,6
313_236,Sclerotome,6
313_237,Sclerotome,3
313_238,Sclerotome,3
313_239,Sclerotome,3
313_240,Sclerotome,3
313_241,Sclerotome,3
313_242,Sclerotome,3
313_243,Sclerotome,3
313_244,Sclerotome,3
313_245,Sclerotome,3
313_246,Sclerotome,3
313_247,Sclerotome,3
313_248,Sclerotome,3
313_249,GI tract,3
313_250,GI tract,3
313_251,GI tract,3
313_252,GI tract,3
313_253,Sclerotome,3
313_254,Sclerotome,3
313_255,Sclerotome,6
313_256,Sclerotome,3
313_257,Sclerotome,3
313_258,Sclerotome,3
313_259,Sclerotome,3
313_260,Sclerotome,3
313_261,Sclerotome,3
313_262,Sclerotome,3
313_263,Sclerotome,3
313_264,Sclerotome,3
313_265,Sclerotome,6
313_266,Urogenital ridge,6
313_267,Urogenital ridge,6
313_268,Sclerotome,6
313_269,Sclerotome,6
313_270,Sclerotome,3
313_271,Sclerotome,3
313_272,Sclerotome,3
313_273,Sclerotome,3
313_274,Sclerotome,3
313_275,Sclerotome,3
313_276,Sclerotome,3
313_277,Sclerotome,3
313_278,Sclerotome,3
313_279,Sclerotome,3
313_280,Sclerotome,3
313_281,Sclerotome,3
313_282,Sclerotome,3
313_283,Sclerotome,3
313_284,Sclerotome,3
313_285,Sclerotome,3
313_286,Dermomyotome,15
313_287,Dermomyotome,15
313_288,Dermomyotome,15
313_289,Dermomyotome,15
313_290,Dermomyotome,15
313_291,Dermomyotome,15
313_292,Sclerotome,3
313_293,Sclerotome,3
313_294,Sclerotome,3
313_295,Sclerotome,3
313_296,Sclerotome,3
313_297,Sclerotome,3
313_298,Sclerotome,3
313_299,Sclerotome,1
313_300,Sclerotome,1
313_301,Sclerotome,1
313_302,Sclerotome,1
313_303,Sclerotome,16
313_304,Dorsal root ganglion,16
313_305,Dorsal root ganglion,16
313_306,Dorsal root ganglion,16
313_307,Dorsal root ganglion,16
313_308,Dorsal root ganglion,16
313_309,Dorsal root ganglion,16
313_310,Dorsal root ganglion,16
313_311,Dorsal root ganglion,16
313_312,Dorsal root ganglion,16
313_313,Dorsal root ganglion,16
313_314,Surface ectoderm,16
313_315,Surface ectoderm,16
313_316,Surface ectoderm,1
313_317,Surface ectoderm,1
313_318,Surface ectoderm,1
313_319,Surface ectoderm,1
314_207,Cavity,14
314_208,Surface ectoderm,14
314_209,Surface ectoderm,14
314_210,Surface ectoderm,14
314_211,Surface ectoderm,14
314_212,Surface ectoderm,14
314_213,Surface ectoderm,14
314_214,Sclerotome,14
314_215,Sclerotome,1
314_216,Sclerotome,1
314_217,Sclerotome,3
314_218,Sclerotome,3
314_219,Sclerotome,3
314_220,Sclerotome,3
314_221,Sclerotome,3
314_222,Brain,3
314_223,Sclerotome,3
314_224,Sclerotome,3
314_225,Sclerotome,3
314_226,Sclerotome,3
314_227,Sclerotome,3
314_228,Sclerotome,3
314_229,Sclerotome,3
314_230,Sclerotome,3
314_231,Sclerotome,3
314_232,Sclerotome,3
314_233,Sclerotome,3
314_234,Sclerotome,6
314_235,Sclerotome,3
314_236,Sclerotome,3
314_237,Sclerotome,3
314_238,Sclerotome,3
314_239,Sclerotome,3
314_240,Sclerotome,3
314_241,Sclerotome,3
314_242,Sclerotome,3
314_243,Sclerotome,3
314_244,Sclerotome,3
314_245,Sclerotome,3
314_246,Sclerotome,3
314_247,Sclerotome,3
314_248,Sclerotome,3
314_249,Sclerotome,3
314_250,GI tract,3
314_251,GI tract,3
314_252,Sclerotome,3
314_253,Sclerotome,3
314_254,Sclerotome,3
314_255,Sclerotome,3
314_256,Sclerotome,3
314_257,Sclerotome,3
314_258,Sclerotome,3
314_259,Sclerotome,3
314_260,Sclerotome,3
314_261,Sclerotome,3
314_262,Sclerotome,3
314_263,Sclerotome,6
314_264,Sclerotome,6
314_265,Sclerotome,6
314_266,Sclerotome,6
314_267,Urogenital ridge,6
314_268,Sclerotome,6
314_269,Urogenital ridge,3
314_270,Sclerotome,3
314_271,Sclerotome,3
314_272,Sclerotome,3
314_273,Sclerotome,3
314_274,Sclerotome,3
314_275,Sclerotome,3
314_276,Sclerotome,3
314_277,Sclerotome,3
314_278,Sclerotome,3
314_279,Sclerotome,3
314_280,Sclerotome,3
314_281,Sclerotome,3
314_282,Sclerotome,3
314_283,Sclerotome,3
314_284,Sclerotome,3
314_285,Sclerotome,15
314_286,Dermomyotome,15
314_287,Dermomyotome,15
314_288,Dermomyotome,15
314_289,Dermomyotome,15
314_290,Dermomyotome,15
314_291,Dermomyotome,15
314_292,Sclerotome,3
314_293,Sclerotome,3
314_294,Sclerotome,3
314_295,Sclerotome,3
314_296,Sclerotome,3
314_297,Sclerotome,3
314_298,Sclerotome,1
314_299,Sclerotome,1
314_300,Sclerotome,1
314_301,Sclerotome,1
314_302,Sclerotome,1
314_303,Dorsal root ganglion,16
314_304,Dorsal root ganglion,16
314_305,Dorsal root ganglion,16
314_306,Dorsal root ganglion,16
314_307,Dorsal root ganglion,16
314_308,Dorsal root ganglion,16
314_309,Dorsal root ganglion,16
314_310,Dorsal root ganglion,16
314_311,Dorsal root ganglion,16
314_312,Dorsal root ganglion,16
314_313,Surface ectoderm,16
314_314,Surface ectoderm,16
314_315,Surface ectoderm,1
314_316,Surface ectoderm,1
314_317,Surface ectoderm,1
314_318,Cavity,1
315_207,Cavity,14
315_208,Surface ectoderm,14
315_209,Surface ectoderm,14
315_210,Surface ectoderm,14
315_211,Surface ectoderm,14
315_212,Surface ectoderm,14
315_213,Surface ectoderm,14
315_214,Sclerotome,14
315_215,Sclerotome,1
315_216,Jaw and tooth,1
315_217,Sclerotome,13
315_218,Dorsal root ganglion,18
315_219,Spinal cord,13
315_220,Spinal cord,13
315_221,Spinal cord,13
315_222,Spinal cord,13
315_223,Brain,13
315_224,Brain,3
315_225,Sclerotome,3
315_226,Sclerotome,3
315_227,Sclerotome,3
315_228,Sclerotome,3
315_229,Sclerotome,3
315_230,Sclerotome,3
315_231,Sclerotome,3
315_232,Sclerotome,3
315_233,Sclerotome,3
315_234,Sclerotome,3
315_235,Sclerotome,3
315_236,Sclerotome,3
315_237,Sclerotome,3
315_238,Sclerotome,3
315_239,Sclerotome,3
315_240,Sclerotome,3
315_241,Sclerotome,3
315_242,Sclerotome,3
315_243,Sclerotome,3
315_244,Sclerotome,3
315_245,Sclerotome,3
315_246,Sclerotome,3
315_247,Sclerotome,3
315_248,Sclerotome,3
315_249,Sclerotome,3
315_250,Sclerotome,3
315_251,Sclerotome,3
315_252,Sclerotome,3
315_253,Sclerotome,3
315_254,Sclerotome,3
315_255,Sclerotome,3
315_256,Sclerotome,3
315_257,Sclerotome,3
315_258,Sclerotome,3
315_259,Sclerotome,3
315_260,Sclerotome,3
315_261,Sclerotome,3
315_262,Sclerotome,3
315_263,Sclerotome,6
315_264,Sclerotome,6
315_265,Sclerotome,6
315_266,Sclerotome,6
315_267,Sclerotome,6
315_268,Sclerotome,6
315_269,Sclerotome,3
315_270,Sclerotome,3
315_271,Sclerotome,3
315_272,Sclerotome,3
315_273,Urogenital ridge,3
315_274,Sclerotome,3
315_275,Sclerotome,3
315_276,Sclerotome,3
315_277,Sclerotome,3
315_278,Sclerotome,3
315_279,Sclerotome,3
315_280,Sclerotome,4
315_281,Dermomyotome,4
315_282,Dermomyotome,4
315_283,Sclerotome,4
315_284,Sclerotome,4
315_285,Sclerotome,4
315_286,Dermomyotome,15
315_287,Dermomyotome,15
315_288,Dermomyotome,15
315_289,Dermomyotome,15
315_290,Dermomyotome,15
315_291,Dermomyotome,15
315_292,Dermomyotome,3
315_293,Sclerotome,3
315_294,Sclerotome,3
315_295,Sclerotome,3
315_296,Sclerotome,3
315_297,Sclerotome,1
315_298,Sclerotome,1
315_299,Sclerotome,1
315_300,Sclerotome,1
315_301,Sclerotome,1
315_302,Sclerotome,1
315_303,Dorsal root ganglion,16
315_304,Dorsal root ganglion,16
315_305,Dorsal root ganglion,16
315_306,Dorsal root ganglion,16
315_307,Dorsal root ganglion,16
315_308,Dorsal root ganglion,16
315_309,Dorsal root ganglion,16
315_310,Dorsal root ganglion,16
315_311,Dorsal root ganglion,16
315_312,Surface ectoderm,16
315_313,Surface ectoderm,1
315_314,Surface ectoderm,1
315_315,Surface ectoderm,1
315_316,Surface ectoderm,1
315_317,Cavity,1
316_206,Cavity,14
316_207,Surface ectoderm,14
316_208,Surface ectoderm,14
316_209,Surface ectoderm,14
316_210,Surface ectoderm,14
316_211,Surface ectoderm,14
316_212,Surface ectoderm,14
316_213,Sclerotome,14
316_214,Sclerotome,13
316_215,Sclerotome,18
316_216,Spinal cord,18
316_217,Spinal cord,18
316_218,Spinal cord,18
316_219,Spinal cord,18
316_220,Spinal cord,13
316_221,Spinal cord,13
316_222,Spinal cord,13
316_223,Spinal cord,13
316_224,Brain,13
316_225,Brain,3
316_226,Sclerotome,3
316_227,Sclerotome,3
316_228,Sclerotome,3
316_229,Sclerotome,3
316_230,Sclerotome,3
316_231,Sclerotome,3
316_232,Sclerotome,3
316_233,Sclerotome,3
316_234,Sclerotome,3
316_235,Sclerotome,3
316_236,Sclerotome,3
316_237,Sclerotome,3
316_238,Sclerotome,3
316_239,Sclerotome,3
316_240,Sclerotome,3
316_241,Sclerotome,3
316_242,Sclerotome,3
316_243,Sclerotome,3
316_244,Sclerotome,3
316_245,Sclerotome,3
316_246,Sclerotome,3
316_247,Sclerotome,3
316_248,Sclerotome,3
316_249,Sclerotome,3
316_250,Sclerotome,3
316_251,Sclerotome,3
316_252,Sclerotome,3
316_253,Sclerotome,3
316_254,Sclerotome,3
316_255,Sclerotome,3
316_256,Sclerotome,3
316_257,Sclerotome,3
316_258,Sclerotome,3
316_259,Sclerotome,3
316_260,Sclerotome,3
316_261,Sclerotome,3
316_262,Sclerotome,6
316_263,Sclerotome,6
316_264,Sclerotome,6
316_265,Sclerotome,6
316_266,Sclerotome,6
316_267,Sclerotome,6
316_268,Sclerotome,4
316_269,Sclerotome,4
316_270,Sclerotome,4
316_271,Sclerotome,4
316_272,Sclerotome,4
316_273,Sclerotome,4
316_274,Sclerotome,4
316_275,Sclerotome,4
316_276,Sclerotome,4
316_277,Sclerotome,4
316_278,Sclerotome,4
316_279,Sclerotome,4
316_280,Sclerotome,4
316_281,Dermomyotome,4
316_282,Dermomyotome,4
316_283,Sclerotome,4
316_284,Sclerotome,4
316_285,Sclerotome,4
316_286,Dermomyotome,15
316_287,Dermomyotome,15
316_288,Dermomyotome,15
316_289,Dermomyotome,15
316_290,Dermomyotome,15
316_291,Dermomyotome,15
316_292,Dermomyotome,3
316_293,Sclerotome,3
316_294,Sclerotome,3
316_295,Sclerotome,3
316_296,Sclerotome,3
316_297,Sclerotome,1
316_298,Sclerotome,1
316_299,Sclerotome,1
316_300,Sclerotome,1
316_301,Sclerotome,1
316_302,Sclerotome,1
316_303,Dorsal root ganglion,16
316_304,Dorsal root ganglion,16
316_305,Dorsal root ganglion,16
316_306,Dorsal root ganglion,16
316_307,Dorsal root ganglion,16
316_308,Dorsal root ganglion,16
316_309,Dorsal root ganglion,16
316_310,Dorsal root ganglion,16
316_311,Surface ectoderm,16
316_312,Surface ectoderm,16
316_313,Surface ectoderm,1
316_314,Surface ectoderm,1
316_315,Surface ectoderm,1
316_316,Cavity,1
317_206,Cavity,14
317_207,Surface ectoderm,14
317_208,Surface ectoderm,14
317_209,Surface ectoderm,14
317_210,Surface ectoderm,14
317_211,Surface ectoderm,14
317_212,Surface ectoderm,14
317_213,Spinal cord,18
317_214,Spinal cord,18
317_215,Spinal cord,18
317_216,Spinal cord,18
317_217,Spinal cord,18
317_218,Spinal cord,18
317_219,Spinal cord,18
317_220,Spinal cord,18
317_221,Spinal cord,13
317_222,Spinal cord,13
317_223,Spinal cord,13
317_224,Spinal cord,3
317_225,Sclerotome,3
317_226,Sclerotome,3
317_227,Sclerotome,3
317_228,Sclerotome,3
317_229,Sclerotome,3
317_230,Sclerotome,3
317_231,Sclerotome,3
317_232,Sclerotome,3
317_233,Sclerotome,3
317_234,Sclerotome,3
317_235,Sclerotome,3
317_236,Sclerotome,3
317_237,Sclerotome,3
317_238,Sclerotome,3
317_239,Sclerotome,3
317_240,Sclerotome,3
317_241,Sclerotome,3
317_242,Sclerotome,3
317_243,Sclerotome,3
317_244,Sclerotome,3
317_245,Sclerotome,3
317_246,Sclerotome,3
317_247,Sclerotome,3
317_248,Sclerotome,3
317_249,Sclerotome,3
317_250,Sclerotome,3
317_251,Sclerotome,3
317_252,Sclerotome,3
317_253,Sclerotome,3
317_254,Sclerotome,3
317_255,Sclerotome,3
317_256,Sclerotome,3
317_257,Sclerotome,3
317_258,Sclerotome,3
317_259,Sclerotome,3
317_260,Sclerotome,3
317_261,Sclerotome,6
317_262,Sclerotome,6
317_263,Sclerotome,6
317_264,Sclerotome,6
317_265,Sclerotome,6
317_266,Sclerotome,4
317_267,Sclerotome,4
317_268,Sclerotome,4
317_269,Sclerotome,4
317_270,Sclerotome,4
317_271,Sclerotome,4
317_272,Sclerotome,4
317_273,Sclerotome,4
317_274,Sclerotome,4
317_275,Sclerotome,4
317_276,Sclerotome,4
317_277,Sclerotome,4
317_278,Sclerotome,4
317_279,Sclerotome,4
317_280,Sclerotome,4
317_281,Sclerotome,4
317_282,Sclerotome,4
317_283,Dermomyotome,4
317_284,Sclerotome,4
317_285,Sclerotome,4
317_286,Dermomyotome,15
317_287,Dermomyotome,15
317_288,Dermomyotome,15
317_289,Dermomyotome,15
317_290,Dermomyotome,15
317_291,Dermomyotome,15
317_292,Dermomyotome,3
317_293,Sclerotome,3
317_294,Sclerotome,3
317_295,Sclerotome,1
317_296,Sclerotome,1
317_297,Sclerotome,1
317_298,Sclerotome,1
317_299,Sclerotome,1
317_300,Sclerotome,1
317_301,Sclerotome,1
317_302,Sclerotome,1
317_303,Dorsal root ganglion,16
317_304,Dorsal root ganglion,16
317_305,Dorsal root ganglion,16
317_306,Dorsal root ganglion,16
317_307,Dorsal root ganglion,16
317_308,Dorsal root ganglion,16
317_309,Surface ectoderm,16
317_310,Surface ectoderm,1
317_311,Surface ectoderm,16
317_312,Surface ectoderm,1
317_313,Surface ectoderm,1
317_314,Surface ectoderm,1
317_315,Cavity,1
318_206,Cavity,14
318_207,Surface ectoderm,14
318_208,Surface ectoderm,14
318_209,Surface ectoderm,14
318_210,Surface ectoderm,14
318_211,Surface ectoderm,14
318_212,Spinal cord,18
318_213,Spinal cord,18
318_214,Spinal cord,18
318_215,Spinal cord,18
318_216,Spinal cord,18
318_217,Spinal cord,18
318_218,Spinal cord,18
318_219,Spinal cord,18
318_220,Spinal cord,18
318_221,Spinal cord,18
318_222,Spinal cord,13
318_223,Spinal cord,3
318_224,Sclerotome,3
318_225,Sclerotome,3
318_226,Sclerotome,3
318_227,Sclerotome,3
318_228,Sclerotome,3
318_229,Sclerotome,3
318_230,Sclerotome,3
318_231,Sclerotome,3
318_232,Sclerotome,3
318_233,Sclerotome,3
318_234,Sclerotome,3
318_235,Sclerotome,3
318_236,Sclerotome,3
318_237,Sclerotome,3
318_238,Sclerotome,3
318_239,Sclerotome,3
318_240,Sclerotome,3
318_241,Sclerotome,3
318_242,Sclerotome,3
318_243,Sclerotome,3
318_244,Sclerotome,3
318_245,Sclerotome,3
318_246,Sclerotome,3
318_247,Sclerotome,3
318_248,Sclerotome,3
318_249,Sclerotome,3
318_250,Sclerotome,3
318_251,Sclerotome,3
318_252,Sclerotome,3
318_253,Sclerotome,3
318_254,Sclerotome,3
318_255,Sclerotome,3
318_256,Sclerotome,3
318_257,Sclerotome,3
318_258,Sclerotome,3
318_259,Dermomyotome,3
318_260,Sclerotome,6
318_261,Sclerotome,6
318_262,Sclerotome,6
318_263,Sclerotome,6
318_264,Sclerotome,6
318_265,Sclerotome,6
318_266,Sclerotome,4
318_267,Sclerotome,4
318_268,Sclerotome,4
318_269,Sclerotome,4
318_270,Sclerotome,4
318_271,Sclerotome,4
318_272,Sclerotome,4
318_273,Sclerotome,4
318_274,Sclerotome,4
318_275,Sclerotome,4
318_276,Sclerotome,4
318_277,Sclerotome,4
318_278,Sclerotome,4
318_279,Sclerotome,4
318_280,Sclerotome,4
318_281,Sclerotome,4
318_282,Sclerotome,4
318_283,Sclerotome,4
318_284,Sclerotome,4
318_285,Sclerotome,4
318_286,Dermomyotome,15
318_287,Dermomyotome,15
318_288,Dermomyotome,15
318_289,Dermomyotome,15
318_290,Dermomyotome,15
318_291,Dermomyotome,15
318_292,Dermomyotome,15
318_293,Sclerotome,3
318_294,Sclerotome,1
318_295,Sclerotome,1
318_296,Sclerotome,1
318_297,Sclerotome,1
318_298,Sclerotome,1
318_299,Sclerotome,1
318_300,Sclerotome,1
318_301,Sclerotome,1
318_302,Dorsal root ganglion,1
318_303,Dorsal root ganglion,1
318_304,Dorsal root ganglion,16
318_305,Dorsal root ganglion,16
318_306,Dorsal root ganglion,16
318_307,Dorsal root ganglion,16
318_308,Surface ectoderm,16
318_309,Surface ectoderm,16
318_310,Surface ectoderm,1
318_311,Surface ectoderm,1
318_312,Surface ectoderm,1
318_313,Surface ectoderm,1
318_314,Cavity,1
319_206,Cavity,14
319_207,Surface ectoderm,14
319_208,Surface ectoderm,14
319_209,Surface ectoderm,14
319_210,Surface ectoderm,14
319_211,Spinal cord,18
319_212,Spinal cord,18
319_213,Spinal cord,18
319_214,Spinal cord,18
319_215,Spinal cord,18
319_216,Spinal cord,18
319_217,Spinal cord,18
319_218,Spinal cord,18
319_219,Spinal cord,18
319_220,Spinal cord,18
319_221,Spinal cord,18
319_222,Spinal cord,3
319_223,Sclerotome,3
319_224,Sclerotome,3
319_225,Sclerotome,3
319_226,Sclerotome,3
319_227,Sclerotome,3
319_228,Sclerotome,3
319_229,Sclerotome,3
319_230,Sclerotome,3
319_231,Sclerotome,3
319_232,Sclerotome,3
319_233,Sclerotome,3
319_234,Sclerotome,3
319_235,Sclerotome,3
319_236,Sclerotome,3
319_237,Sclerotome,3
319_238,Sclerotome,3
319_239,Sclerotome,3
319_240,Sclerotome,3
319_241,Sclerotome,3
319_242,Sclerotome,3
319_243,Sclerotome,3
319_244,Sclerotome,3
319_245,Sclerotome,3
319_246,Sclerotome,3
319_247,Dermomyotome,3
319_248,Dermomyotome,15
319_249,Dermomyotome,15
319_250,Dermomyotome,15
319_251,Dermomyotome,15
319_252,Dermomyotome,3
319_253,Sclerotome,3
319_254,Sclerotome,3
319_255,Dermomyotome,3
319_256,Dermomyotome,3
319_257,Dermomyotome,3
319_258,Dermomyotome,3
319_259,Dermomyotome,4
319_260,Sclerotome,4
319_261,Sclerotome,6
319_262,Sclerotome,4
319_263,Sclerotome,4
319_264,Sclerotome,4
319_265,Sclerotome,4
319_266,Sclerotome,4
319_267,Sclerotome,4
319_268,Sclerotome,4
319_269,Sclerotome,4
319_270,Sclerotome,4
319_271,Sclerotome,4
319_272,Sclerotome,4
319_273,Sclerotome,4
319_274,Sclerotome,4
319_275,Sclerotome,4
319_276,Sclerotome,4
319_277,Sclerotome,4
319_278,Sclerotome,4
319_279,Sclerotome,4
319_280,Sclerotome,4
319_281,Sclerotome,4
319_282,Sclerotome,4
319_283,Sclerotome,4
319_284,Sclerotome,4
319_285,Dermomyotome,4
319_286,Dermomyotome,15
319_287,Dermomyotome,15
319_288,Dermomyotome,15
319_289,Dermomyotome,15
319_290,Dermomyotome,15
319_291,Dermomyotome,15
319_292,Dermomyotome,1
319_293,Sclerotome,1
319_294,Sclerotome,1
319_295,Sclerotome,1
319_296,Sclerotome,1
319_297,Sclerotome,1
319_298,Sclerotome,1
319_299,Sclerotome,1
319_300,Dorsal root ganglion,1
319_301,Sclerotome,1
319_302,Surface ectoderm,1
319_303,Dorsal root ganglion,1
319_304,Dorsal root ganglion,14
319_305,Surface ectoderm,16
319_306,Surface ectoderm,14
319_307,Surface ectoderm,14
319_308,Surface ectoderm,14
319_309,Surface ectoderm,1
319_310,Surface ectoderm,1
319_311,Surface ectoderm,1
319_312,Cavity,1
320_206,Cavity,14
320_207,Surface ectoderm,14
320_208,Surface ectoderm,14
320_209,Surface ectoderm,14
320_210,Surface ectoderm,14
320_211,Spinal cord,18
320_212,Spinal cord,18
320_213,Spinal cord,18
320_214,Spinal cord,18
320_215,Spinal cord,18
320_216,Spinal cord,18
320_217,Spinal cord,18
320_218,Spinal cord,18
320_219,Spinal cord,18
320_220,Spinal cord,18
320_221,Spinal cord,18
320_222,Sclerotome,3
320_223,Sclerotome,3
320_224,Sclerotome,3
320_225,Sclerotome,3
320_226,Sclerotome,3
320_227,Sclerotome,3
320_228,Sclerotome,3
320_229,Sclerotome,3
320_230,Sclerotome,3
320_231,Sclerotome,3
320_232,Sclerotome,3
320_233,Sclerotome,3
320_234,Sclerotome,3
320_235,Sclerotome,3
320_236,Sclerotome,3
320_237,Sclerotome,3
320_238,Sclerotome,3
320_239,Dermomyotome,3
320_240,Dermomyotome,15
320_241,Dermomyotome,15
320_242,Dermomyotome,15
320_243,Dermomyotome,3
320_244,Sclerotome,15
320_245,Sclerotome,3
320_246,Dermomyotome,3
320_247,Dermomyotome,15
320_248,Dermomyotome,15
320_249,Dermomyotome,15
320_250,Dermomyotome,15
320_251,Dermomyotome,15
320_252,Dermomyotome,15
320_253,Sclerotome,4
320_254,Dermomyotome,4
320_255,Dermomyotome,4
320_256,Dermomyotome,4
320_257,Dermomyotome,4
320_258,Dermomyotome,4
320_259,Dermomyotome,4
320_260,Sclerotome,4
320_261,Sclerotome,4
320_262,Sclerotome,4
320_263,Sclerotome,4
320_264,Sclerotome,4
320_265,Sclerotome,4
320_266,Sclerotome,4
320_267,Sclerotome,4
320_268,Sclerotome,4
320_269,Sclerotome,4
320_270,Sclerotome,4
320_271,Sclerotome,4
320_272,Sclerotome,4
320_273,Sclerotome,4
320_274,Sclerotome,4
320_275,Sclerotome,4
320_276,Sclerotome,4
320_277,Sclerotome,4
320_278,Sclerotome,4
320_279,Sclerotome,4
320_280,Sclerotome,4
320_281,Sclerotome,4
320_282,Sclerotome,4
320_283,Sclerotome,4
320_284,Dermomyotome,4
320_285,Dermomyotome,15
320_286,Dermomyotome,15
320_287,Dermomyotome,15
320_288,Dermomyotome,15
320_289,Dermomyotome,15
320_290,Dermomyotome,15
320_291,Dermomyotome,1
320_292,Dermomyotome,1
320_293,Sclerotome,1
320_294,Sclerotome,1
320_295,Sclerotome,1
320_296,Sclerotome,1
320_297,Sclerotome,1
320_298,Sclerotome,1
320_299,Dorsal root ganglion,1
320_300,Dorsal root ganglion,1
320_301,Dorsal root ganglion,16
320_302,Surface ectoderm,16
320_303,Surface ectoderm,14
320_304,Surface ectoderm,14
320_305,Surface ectoderm,14
320_306,Surface ectoderm,14
320_307,Surface ectoderm,14
320_308,Surface ectoderm,14
320_309,Surface ectoderm,14
320_310,Cavity,1
320_311,Cavity,1
321_206,Cavity,13
321_207,Surface ectoderm,13
321_208,Surface ectoderm,13
321_209,Surface ectoderm,13
321_210,Surface ectoderm,13
321_211,Spinal cord,13
321_212,Spinal cord,18
321_213,Spinal cord,18
321_214,Spinal cord,18
321_215,Spinal cord,18
321_216,Spinal cord,18
321_217,Spinal cord,18
321_218,Spinal cord,18
321_219,Spinal cord,18
321_220,Sclerotome,1
321_221,Sclerotome,1
321_222,Sclerotome,3
321_223,Sclerotome,3
321_224,Sclerotome,3
321_225,Sclerotome,3
321_226,Sclerotome,3
321_227,Sclerotome,3
321_228,Sclerotome,3
321_229,Sclerotome,3
321_230,Sclerotome,3
321_231,Sclerotome,3
321_232,Sclerotome,3
321_233,Dermomyotome,3
321_234,Dermomyotome,15
321_235,Dermomyotome,3
321_236,Dermomyotome,15
321_237,Sclerotome,15
321_238,Dermomyotome,15
321_239,Dermomyotome,15
321_240,Dermomyotome,15
321_241,Dermomyotome,15
321_242,Dermomyotome,15
321_243,Dermomyotome,15
321_244,Dermomyotome,15
321_245,Sclerotome,15
321_246,Sclerotome,15
321_247,Dermomyotome,15
321_248,Dermomyotome,15
321_249,Dermomyotome,15
321_250,Dermomyotome,15
321_251,Dermomyotome,15
321_252,Dermomyotome,15
321_253,Blood vessel,4
321_254,Connective tissue,4
321_255,Sclerotome,4
321_256,Sclerotome,4
321_257,Sclerotome,4
321_258,Dermomyotome,4
321_259,Dermomyotome,4
321_260,Sclerotome,4
321_261,Sclerotome,4
321_262,Sclerotome,4
321_263,Sclerotome,4
321_264,Sclerotome,4
321_265,Sclerotome,4
321_266,Sclerotome,4
321_267,Sclerotome,4
321_268,Sclerotome,4
321_269,Sclerotome,4
321_270,Sclerotome,4
321_271,Sclerotome,4
321_272,Sclerotome,4
321_273,Sclerotome,4
321_274,Sclerotome,4
321_275,Sclerotome,4
321_276,Sclerotome,4
321_277,Sclerotome,4
321_278,Sclerotome,4
321_279,Sclerotome,4
321_280,Sclerotome,4
321_281,Sclerotome,4
321_282,Sclerotome,4
321_283,Dermomyotome,4
321_284,Dermomyotome,15
321_285,Dermomyotome,15
321_286,Dermomyotome,15
321_287,Surface ectoderm,15
321_288,Dermomyotome,15
321_289,Dermomyotome,15
321_290,Dermomyotome,1
321_291,Dermomyotome,1
321_292,Dermomyotome,1
321_293,Sclerotome,1
321_294,Sclerotome,1
321_295,Sclerotome,1
321_296,Sclerotome,1
321_297,Sclerotome,1
321_298,Sclerotome,1
321_299,Dorsal root ganglion,1
321_300,Dorsal root ganglion,16
321_301,Dorsal root ganglion,16
321_302,Surface ectoderm,14
321_303,Surface ectoderm,14
321_304,Surface ectoderm,14
321_305,Surface ectoderm,14
321_306,Surface ectoderm,14
321_307,Surface ectoderm,14
321_308,Surface ectoderm,14
321_309,Surface ectoderm,14
321_310,Cavity,14
322_206,Cavity,13
322_207,Surface ectoderm,13
322_208,Surface ectoderm,13
322_209,Surface ectoderm,13
322_210,Surface ectoderm,13
322_211,Spinal cord,13
322_212,Spinal cord,18
322_213,Spinal cord,18
322_214,Spinal cord,18
322_215,Spinal cord,18
322_216,Spinal cord,18
322_217,Spinal cord,18
322_218,Spinal cord,18
322_219,Sclerotome,1
322_220,Sclerotome,1
322_221,Sclerotome,1
322_222,Sclerotome,1
322_223,Sclerotome,3
322_224,Sclerotome,3
322_225,Sclerotome,3
322_226,Sclerotome,3
322_227,Sclerotome,3
322_228,Sclerotome,3
322_229,Sclerotome,3
322_230,Sclerotome,3
322_231,Sclerotome,15
322_232,Dermomyotome,15
322_233,Dermomyotome,15
322_234,Dermomyotome,15
322_235,Dermomyotome,15
322_236,Dermomyotome,15
322_237,Sclerotome,15
322_238,Dermomyotome,15
322_239,Dermomyotome,15
322_240,Dermomyotome,15
322_241,Dermomyotome,15
322_242,Dermomyotome,15
322_243,Dermomyotome,15
322_244,Sclerotome,15
322_245,Sclerotome,15
322_246,Sclerotome,15
322_247,Dermomyotome,15
322_248,Dermomyotome,15
322_249,Dermomyotome,15
322_250,Dermomyotome,15
322_251,Dermomyotome,15
322_252,Dermomyotome,15
322_253,Sclerotome,4
322_254,Blood vessel,4
322_255,Sclerotome,4
322_256,Sclerotome,4
322_257,Sclerotome,4
322_258,Dermomyotome,4
322_259,Dermomyotome,4
322_260,Sclerotome,4
322_261,Sclerotome,4
322_262,Sclerotome,4
322_263,Sclerotome,4
322_264,Sclerotome,4
322_265,Sclerotome,4
322_266,Sclerotome,4
322_267,Sclerotome,4
322_268,Sclerotome,4
322_269,Sclerotome,4
322_270,Sclerotome,4
322_271,Sclerotome,4
322_272,Sclerotome,4
322_273,Sclerotome,4
322_274,Sclerotome,4
322_275,Sclerotome,4
322_276,Sclerotome,4
322_277,Sclerotome,4
322_278,Sclerotome,4
322_279,Sclerotome,4
322_280,Sclerotome,4
322_281,Sclerotome,4
322_282,Dermomyotome,15
322_283,Dermomyotome,15
322_284,Dermomyotome,15
322_285,Dermomyotome,15
322_286,Dermomyotome,15
322_287,Sclerotome,15
322_288,Sclerotome,1
322_289,Sclerotome,1
322_290,Sclerotome,1
322_291,Sclerotome,1
322_292,Dermomyotome,1
322_293,Sclerotome,1
322_294,Sclerotome,1
322_295,Sclerotome,1
322_296,Sclerotome,1
322_297,Sclerotome,1
322_298,Surface ectoderm,1
322_299,Surface ectoderm,14
322_300,Surface ectoderm,14
322_301,Surface ectoderm,14
322_302,Surface ectoderm,14
322_303,Surface ectoderm,14
322_304,Surface ectoderm,14
322_305,Surface ectoderm,14
322_306,Surface ectoderm,14
322_307,Surface ectoderm,14
322_308,Cavity,14
323_206,Cavity,13
323_207,Surface ectoderm,13
323_208,Surface ectoderm,13
323_209,Surface ectoderm,13
323_210,Surface ectoderm,13
323_211,Spinal cord,13
323_212,Spinal cord,13
323_213,Spinal cord,18
323_214,Spinal cord,18
323_215,Spinal cord,18
323_216,Spinal cord,18
323_217,Spinal cord,18
323_218,Sclerotome,18
323_219,Sclerotome,1
323_220,Sclerotome,1
323_221,Sclerotome,1
323_222,Sclerotome,1
323_223,Sclerotome,3
323_224,Sclerotome,3
323_225,Sclerotome,3
323_226,Sclerotome,3
323_227,Sclerotome,3
323_228,Sclerotome,3
323_229,Sclerotome,3
323_230,Dermomyotome,15
323_231,Dermomyotome,15
323_232,Dermomyotome,15
323_233,Dermomyotome,15
323_234,Dermomyotome,15
323_235,Dermomyotome,15
323_236,Sclerotome,15
323_237,Sclerotome,15
323_238,Sclerotome,15
323_239,Dermomyotome,15
323_240,Dermomyotome,15
323_241,Dermomyotome,15
323_242,Dermomyotome,15
323_243,Sclerotome,15
323_244,Sclerotome,14
323_245,Sclerotome,14
323_246,Sclerotome,14
323_247,Dermomyotome,14
323_248,Dermomyotome,14
323_249,Dermomyotome,15
323_250,Dermomyotome,15
323_251,Dermomyotome,15
323_252,Sclerotome,4
323_253,Sclerotome,4
323_254,Sclerotome,4
323_255,Sclerotome,4
323_256,Sclerotome,4
323_257,Sclerotome,4
323_258,Dermomyotome,4
323_259,Dermomyotome,4
323_260,Sclerotome,4
323_261,Sclerotome,4
323_262,Sclerotome,4
323_263,Sclerotome,4
323_264,Sclerotome,4
323_265,Sclerotome,4
323_266,Sclerotome,4
323_267,Sclerotome,4
323_268,Sclerotome,4
323_269,Sclerotome,4
323_270,Sclerotome,4
323_271,Sclerotome,4
323_272,Sclerotome,4
323_273,Sclerotome,4
323_274,Sclerotome,4
323_275,Sclerotome,4
323_276,Sclerotome,4
323_277,Sclerotome,4
323_278,Sclerotome,4
323_279,Sclerotome,4
323_280,Sclerotome,4
323_281,Dermomyotome,15
323_282,Dermomyotome,15
323_283,Dermomyotome,15
323_284,Dermomyotome,15
323_285,Dermomyotome,15
323_286,Dermomyotome,15
323_287,Sclerotome,1
323_288,Sclerotome,1
323_289,Sclerotome,1
323_290,Sclerotome,1
323_291,Sclerotome,1
323_292,Sclerotome,1
323_293,Sclerotome,1
323_294,Sclerotome,1
323_295,Sclerotome,1
323_296,Sclerotome,1
323_297,Surface ectoderm,1
323_298,Surface ectoderm,14
323_299,Surface ectoderm,14
323_300,Surface ectoderm,14
323_301,Surface ectoderm,14
323_302,Surface ectoderm,14
323_303,Surface ectoderm,14
323_304,Surface ectoderm,14
323_305,Surface ectoderm,14
323_306,Cavity,14
324_206,Cavity,13
324_207,Cavity,13
324_208,Surface ectoderm,13
324_209,Surface ectoderm,13
324_210,Surface ectoderm,13
324_211,Surface ectoderm,13
324_212,Spinal cord,13
324_213,Spinal cord,14
324_214,Spinal cord,14
324_215,Spinal cord,14
324_216,Surface ectoderm,14
324_217,Sclerotome,14
324_218,Sclerotome,14
324_219,Surface ectoderm,1
324_220,Sclerotome,1
324_221,Sclerotome,1
324_222,Sclerotome,1
324_223,Sclerotome,3
324_224,Sclerotome,3
324_225,Sclerotome,3
324_226,Sclerotome,3
324_227,Sclerotome,3
324_228,Sclerotome,3
324_229,Dermomyotome,15
324_230,Dermomyotome,15
324_231,Dermomyotome,15
324_232,Dermomyotome,15
324_233,Dermomyotome,15
324_234,Dermomyotome,15
324_235,Sclerotome,14
324_236,Sclerotome,14
324_237,Sclerotome,14
324_238,Sclerotome,14
324_239,Sclerotome,14
324_240,Sclerotome,14
324_241,Sclerotome,14
324_242,Sclerotome,14
324_243,Sclerotome,14
324_244,Surface ectoderm,14
324_245,Sclerotome,14
324_246,Sclerotome,14
324_247,Dermomyotome,14
324_248,Dermomyotome,14
324_249,Dermomyotome,14
324_250,Dermomyotome,14
324_251,Sclerotome,14
324_252,Sclerotome,14
324_253,Sclerotome,4
324_254,Sclerotome,4
324_255,Sclerotome,4
324_256,Sclerotome,4
324_257,Sclerotome,4
324_258,Dermomyotome,4
324_259,Dermomyotome,4
324_260,Sclerotome,4
324_261,Sclerotome,4
324_262,Sclerotome,4
324_263,Sclerotome,4
324_264,Sclerotome,4
324_265,Sclerotome,4
324_266,Sclerotome,4
324_267,Sclerotome,4
324_268,Sclerotome,4
324_269,Sclerotome,4
324_270,Sclerotome,4
324_271,Sclerotome,4
324_272,Sclerotome,4
324_273,Sclerotome,4
324_274,Sclerotome,4
324_275,Sclerotome,4
324_276,Sclerotome,4
324_277,Sclerotome,4
324_278,Sclerotome,4
324_279,Sclerotome,4
324_280,Dermomyotome,4
324_281,Dermomyotome,15
324_282,Dermomyotome,15
324_283,Dermomyotome,15
324_284,Dermomyotome,15
324_285,Dermomyotome,15
324_286,Sclerotome,15
324_287,Sclerotome,1
324_288,Sclerotome,1
324_289,Sclerotome,1
324_290,Sclerotome,1
324_291,Sclerotome,1
324_292,Sclerotome,1
324_293,Sclerotome,1
324_294,Surface ectoderm,1
324_295,Surface ectoderm,1
324_296,Surface ectoderm,1
324_297,Surface ectoderm,14
324_298,Surface ectoderm,14
324_299,Surface ectoderm,14
324_300,Surface ectoderm,14
324_301,Surface ectoderm,14
324_302,Surface ectoderm,14
324_303,Cavity,14
324_304,Cavity,14
325_208,Surface ectoderm,13
325_209,Surface ectoderm,13
325_210,Surface ectoderm,13
325_211,Surface ectoderm,13
325_212,Surface ectoderm,14
325_213,Surface ectoderm,14
325_214,Surface ectoderm,14
325_215,Surface ectoderm,14
325_216,Surface ectoderm,14
325_217,Surface ectoderm,14
325_218,Surface ectoderm,14
325_219,Surface ectoderm,14
325_220,Sclerotome,1
325_221,Sclerotome,14
325_222,Sclerotome,14
325_223,Sclerotome,14
325_224,Sclerotome,14
325_225,Sclerotome,14
325_226,Sclerotome,14
325_227,Dermomyotome,14
325_228,Dermomyotome,14
325_229,Dermomyotome,14
325_230,Dermomyotome,15
325_231,Dermomyotome,15
325_232,Dermomyotome,15
325_233,Dermomyotome,15
325_234,Surface ectoderm,14
325_235,Surface ectoderm,14
325_236,Surface ectoderm,14
325_237,Surface ectoderm,14
325_238,Surface ectoderm,14
325_239,Surface ectoderm,14
325_240,Surface ectoderm,14
325_241,Surface ectoderm,14
325_242,Surface ectoderm,14
325_243,Surface ectoderm,14
325_244,Surface ectoderm,14
325_245,Surface ectoderm,14
325_246,Surface ectoderm,14
325_247,Surface ectoderm,14
325_248,Meninges,14
325_249,Meninges,14
325_250,Sclerotome,14
325_251,Sclerotome,14
325_252,Sclerotome,14
325_253,Sclerotome,14
325_254,Sclerotome,4
325_255,Sclerotome,4
325_256,Sclerotome,4
325_257,Dermomyotome,4
325_258,Dermomyotome,4
325_259,Dermomyotome,4
325_260,Sclerotome,4
325_261,Sclerotome,4
325_262,Sclerotome,4
325_263,Sclerotome,4
325_264,Sclerotome,4
325_265,Sclerotome,4
325_266,Sclerotome,4
325_267,Sclerotome,4
325_268,Sclerotome,4
325_269,Sclerotome,4
325_270,Sclerotome,4
325_271,Sclerotome,4
325_272,Sclerotome,4
325_273,Sclerotome,4
325_274,Sclerotome,4
325_275,Sclerotome,4
325_276,Sclerotome,4
325_277,Sclerotome,4
325_278,Sclerotome,4
325_279,Dermomyotome,15
325_280,Dermomyotome,15
325_281,Dermomyotome,15
325_282,Dermomyotome,15
325_283,Dermomyotome,15
325_284,Dermomyotome,15
325_285,Dermomyotome,1
325_286,Sclerotome,1
325_287,Sclerotome,1
325_288,Sclerotome,1
325_289,Sclerotome,1
325_290,Sclerotome,1
325_291,Surface ectoderm,1
325_292,Surface ectoderm,1
325_293,Surface ectoderm,1
325_294,Surface ectoderm,1
325_295,Surface ectoderm,1
325_296,Surface ectoderm,14
325_297,Surface ectoderm,14
325_298,Surface ectoderm,14
325_299,Surface ectoderm,14
325_300,Surface ectoderm,14
325_301,Surface ectoderm,14
325_302,Cavity,14
326_208,Cavity,13
326_209,Surface ectoderm,13
326_210,Surface ectoderm,14
326_211,Surface ectoderm,14
326_212,Surface ectoderm,14
326_213,Surface ectoderm,14
326_214,Surface ectoderm,14
326_215,Surface ectoderm,14
326_216,Surface ectoderm,14
326_217,Surface ectoderm,14
326_218,Surface ectoderm,14
326_219,Surface ectoderm,14
326_220,Surface ectoderm,14
326_221,Surface ectoderm,14
326_222,Surface ectoderm,14
326_223,Surface ectoderm,14
326_224,Surface ectoderm,14
326_225,Surface ectoderm,14
326_226,Surface ectoderm,14
326_227,Surface ectoderm,14
326_228,Surface ectoderm,14
326_229,Surface ectoderm,14
326_230,Surface ectoderm,14
326_231,Surface ectoderm,14
326_232,Surface ectoderm,14
326_233,Surface ectoderm,14
326_234,Surface ectoderm,14
326_235,Surface ectoderm,14
326_236,Surface ectoderm,14
326_237,Surface ectoderm,14
326_238,Surface ectoderm,14
326_239,Surface ectoderm,14
326_240,Surface ectoderm,14
326_241,Surface ectoderm,14
326_242,Surface ectoderm,14
326_243,Surface ectoderm,14
326_244,Surface ectoderm,14
326_245,Surface ectoderm,14
326_246,Surface ectoderm,14
326_247,Surface ectoderm,14
326_248,Surface ectoderm,14
326_249,Surface ectoderm,14
326_250,Surface ectoderm,14
326_251,Surface ectoderm,14
326_252,Surface ectoderm,14
326_253,Surface ectoderm,14
326_254,Surface ectoderm,14
326_255,Sclerotome,14
326_256,Sclerotome,14
326_257,Sclerotome,14
326_258,Dermomyotome,14
326_259,Dermomyotome,14
326_260,Sclerotome,14
326_261,Sclerotome,4
326_262,Sclerotome,4
326_263,Sclerotome,4
326_264,Sclerotome,4
326_265,Sclerotome,4
326_266,Sclerotome,4
326_267,Sclerotome,4
326_268,Sclerotome,4
326_269,Sclerotome,4
326_270,Sclerotome,4
326_271,Sclerotome,4
326_272,Sclerotome,4
326_273,Sclerotome,4
326_274,Sclerotome,4
326_275,Sclerotome,4
326_276,Sclerotome,4
326_277,Sclerotome,4
326_278,Dermomyotome,4
326_279,Dermomyotome,15
326_280,Dermomyotome,15
326_281,Dermomyotome,15
326_282,Dermomyotome,15
326_283,Dermomyotome,15
326_284,Dermomyotome,15
326_285,Sclerotome,15
326_286,Sclerotome,1
326_287,Sclerotome,1
326_288,Sclerotome,1
326_289,Surface ectoderm,1
326_290,Surface ectoderm,14
326_291,Surface ectoderm,14
326_292,Surface ectoderm,14
326_293,Surface ectoderm,14
326_294,Surface ectoderm,14
326_295,Surface ectoderm,14
326_296,Surface ectoderm,14
326_297,Surface ectoderm,14
326_298,Surface ectoderm,14
326_299,Cavity,14
326_300,Cavity,14
327_209,Cavity,14
327_210,Surface ectoderm,14
327_211,Surface ectoderm,14
327_212,Surface ectoderm,14
327_213,Surface ectoderm,14
327_214,Surface ectoderm,14
327_215,Surface ectoderm,14
327_216,Surface ectoderm,14
327_217,Surface ectoderm,14
327_218,Surface ectoderm,14
327_219,Surface ectoderm,14
327_220,Surface ectoderm,14
327_221,Surface ectoderm,14
327_222,Surface ectoderm,14
327_223,Surface ectoderm,14
327_224,Surface ectoderm,14
327_225,Surface ectoderm,14
327_226,Surface ectoderm,14
327_227,Surface ectoderm,14
327_228,Surface ectoderm,14
327_229,Surface ectoderm,14
327_230,Surface ectoderm,14
327_231,Surface ectoderm,14
327_232,Surface ectoderm,14
327_233,Surface ectoderm,14
327_234,Surface ectoderm,14
327_235,Surface ectoderm,14
327_236,Surface ectoderm,14
327_237,Surface ectoderm,14
327_238,Surface ectoderm,14
327_239,Surface ectoderm,14
327_240,Surface ectoderm,14
327_241,Surface ectoderm,14
327_242,Surface ectoderm,14
327_243,Surface ectoderm,14
327_244,Surface ectoderm,14
327_245,Surface ectoderm,14
327_246,Surface ectoderm,14
327_247,Surface ectoderm,14
327_248,Surface ectoderm,14
327_249,Surface ectoderm,14
327_250,Surface ectoderm,14
327_251,Surface ectoderm,14
327_252,Surface ectoderm,14
327_253,Surface ectoderm,14
327_254,Surface ectoderm,14
327_255,Surface ectoderm,14
327_256,Surface ectoderm,14
327_257,Surface ectoderm,14
327_258,Surface ectoderm,14
327_259,Meninges,14
327_260,Sclerotome,14
327_261,Sclerotome,14
327_262,Sclerotome,14
327_263,Sclerotome,14
327_264,Sclerotome,4
327_265,Sclerotome,4
327_266,Sclerotome,4
327_267,Dermomyotome,4
327_268,Dermomyotome,4
327_269,Dermomyotome,14
327_270,Dermomyotome,4
327_271,Sclerotome,4
327_272,Sclerotome,4
327_273,Sclerotome,4
327_274,Sclerotome,4
327_275,Sclerotome,4
327_276,Sclerotome,4
327_277,Sclerotome,14
327_278,Dermomyotome,4
327_279,Dermomyotome,15
327_280,Dermomyotome,15
327_281,Dermomyotome,15
327_282,Dermomyotome,15
327_283,Dermomyotome,15
327_284,Dermomyotome,14
327_285,Surface ectoderm,14
327_286,Surface ectoderm,14
327_287,Surface ectoderm,14
327_288,Surface ectoderm,14
327_289,Surface ectoderm,14
327_290,Surface ectoderm,14
327_291,Surface ectoderm,14
327_292,Surface ectoderm,14
327_293,Surface ectoderm,14
327_294,Surface ectoderm,14
327_295,Surface ectoderm,14
327_296,Surface ectoderm,14
327_297,Cavity,14
328_210,Cavity,14
328_211,Cavity,14
328_212,Surface ectoderm,14
328_213,Surface ectoderm,14
328_214,Surface ectoderm,14
328_215,Surface ectoderm,14
328_216,Surface ectoderm,14
328_217,Surface ectoderm,14
328_218,Surface ectoderm,14
328_219,Surface ectoderm,14
328_220,Surface ectoderm,14
328_221,Surface ectoderm,14
328_222,Surface ectoderm,14
328_223,Surface ectoderm,14
328_224,Surface ectoderm,14
328_225,Surface ectoderm,14
328_226,Surface ectoderm,14
328_227,Surface ectoderm,14
328_228,Surface ectoderm,14
328_229,Surface ectoderm,14
328_230,Surface ectoderm,14
328_231,Surface ectoderm,14
328_232,Surface ectoderm,14
328_233,Surface ectoderm,14
328_234,Surface ectoderm,14
328_235,Surface ectoderm,14
328_236,Surface ectoderm,14
328_237,Surface ectoderm,14
328_238,Surface ectoderm,14
328_239,Surface ectoderm,14
328_240,Cavity,14
328_241,Cavity,14
328_242,Cavity,14
328_243,Cavity,14
328_244,Surface ectoderm,14
328_245,Surface ectoderm,14
328_246,Surface ectoderm,14
328_247,Surface ectoderm,14
328_248,Surface ectoderm,14
328_249,Surface ectoderm,14
328_250,Surface ectoderm,14
328_251,Surface ectoderm,14
328_252,Surface ectoderm,14
328_253,Surface ectoderm,14
328_254,Surface ectoderm,14
328_255,Surface ectoderm,14
328_256,Surface ectoderm,14
328_257,Surface ectoderm,14
328_258,Surface ectoderm,14
328_259,Surface ectoderm,14
328_260,Surface ectoderm,14
328_261,Surface ectoderm,14
328_262,Surface ectoderm,14
328_263,Surface ectoderm,14
328_264,Surface ectoderm,14
328_265,Surface ectoderm,14
328_266,Surface ectoderm,14
328_267,Dermomyotome,14
328_268,Dermomyotome,14
328_269,Dermomyotome,14
328_270,Dermomyotome,14
328_271,Dermomyotome,14
328_272,Surface ectoderm,14
328_273,Sclerotome,14
328_274,Sclerotome,14
328_275,Sclerotome,14
328_276,Blood vessel,14
328_277,Surface ectoderm,14
328_278,Dermomyotome,14
328_279,Dermomyotome,14
328_280,Dermomyotome,15
328_281,Dermomyotome,15
328_282,Dermomyotome,15
328_283,Dermomyotome,14
328_284,Surface ectoderm,14
328_285,Surface ectoderm,14
328_286,Surface ectoderm,14
328_287,Surface ectoderm,14
328_288,Surface ectoderm,14
328_289,Surface ectoderm,14
328_290,Surface ectoderm,14
328_291,Surface ectoderm,14
328_292,Surface ectoderm,14
328_293,Surface ectoderm,14
328_294,Surface ectoderm,14
328_295,Cavity,14
328_296,Cavity,14
329_218,Cavity,14
329_219,Cavity,14
329_220,Cavity,14
329_221,Cavity,14
329_222,Cavity,14
329_223,Cavity,14
329_224,Cavity,14
329_225,Surface ectoderm,14
329_226,Surface ectoderm,14
329_227,Surface ectoderm,14
329_228,Surface ectoderm,14
329_229,Surface ectoderm,14
329_230,Surface ectoderm,14
329_231,Surface ectoderm,14
329_232,Surface ectoderm,14
329_233,Cavity,14
329_234,Cavity,14
329_246,Cavity,14
329_247,Cavity,14
329_248,Surface ectoderm,14
329_249,Surface ectoderm,14
329_250,Surface ectoderm,14
329_251,Surface ectoderm,14
329_252,Surface ectoderm,14
329_253,Surface ectoderm,14
329_254,Surface ectoderm,14
329_255,Surface ectoderm,14
329_256,Surface ectoderm,14
329_257,Surface ectoderm,14
329_258,Surface ectoderm,14
329_259,Surface ectoderm,14
329_260,Surface ectoderm,14
329_261,Surface ectoderm,14
329_262,Surface ectoderm,14
329_263,Surface ectoderm,14
329_264,Surface ectoderm,14
329_265,Surface ectoderm,14
329_266,Surface ectoderm,14
329_267,Surface ectoderm,14
329_268,Surface ectoderm,14
329_269,Surface ectoderm,14
329_270,Surface ectoderm,14
329_271,Surface ectoderm,14
329_272,Surface ectoderm,14
329_273,Surface ectoderm,14
329_274,Surface ectoderm,14
329_275,Surface ectoderm,14
329_276,Surface ectoderm,14
329_277,Surface ectoderm,14
329_278,Surface ectoderm,14
329_279,Surface ectoderm,14
329_280,Surface ectoderm,14
329_281,Surface ectoderm,14
329_282,Surface ectoderm,14
329_283,Surface ectoderm,14
329_284,Surface ectoderm,14
329_285,Surface ectoderm,14
329_286,Surface ectoderm,14
329_287,Surface ectoderm,14
329_288,Surface ectoderm,14
329_289,Surface ectoderm,14
329_290,Surface ectoderm,14
329_291,Surface ectoderm,14
329_292,Surface ectoderm,14
329_293,Cavity,14
330_249,Cavity,14
330_250,Cavity,14
330_251,Cavity,14
330_252,Surface ectoderm,14
330_253,Surface ectoderm,14
330_254,Surface ectoderm,14
330_255,Surface ectoderm,14
330_256,Surface ectoderm,14
330_257,Surface ectoderm,14
330_258,Surface ectoderm,14
330_259,Surface ectoderm,14
330_260,Surface ectoderm,14
330_261,Surface ectoderm,14
330_262,Surface ectoderm,14
330_263,Surface ectoderm,14
330_264,Surface ectoderm,14
330_265,Surface ectoderm,14
330_266,Surface ectoderm,14
330_267,Surface ectoderm,14
330_268,Surface ectoderm,14
330_269,Surface ectoderm,14
330_270,Surface ectoderm,14
330_271,Surface ectoderm,14
330_272,Surface ectoderm,14
330_273,Surface ectoderm,14
330_274,Surface ectoderm,14
330_275,Surface ectoderm,14
330_276,Surface ectoderm,14
330_277,Surface ectoderm,14
330_278,Surface ectoderm,14
330_279,Surface ectoderm,14
330_280,Surface ectoderm,14
330_281,Surface ectoderm,14
330_282,Surface ectoderm,14
330_283,Surface ectoderm,14
330_284,Surface ectoderm,14
330_285,Surface ectoderm,14
330_286,Surface ectoderm,14
330_287,Surface ectoderm,14
330_288,Surface ectoderm,14
330_289,Surface ectoderm,14
330_290,Surface ectoderm,14
330_291,Cavity,14
331_261,Cavity,14
331_262,Cavity,14
331_263,Cavity,14
331_264,Surface ectoderm,14
331_265,Surface ectoderm,14
331_266,Surface ectoderm,14
331_267,Surface ectoderm,14
331_268,Surface ectoderm,14
331_269,Surface ectoderm,14
331_270,Surface ectoderm,14
331_271,Surface ectoderm,14
331_272,Surface ectoderm,14
331_273,Surface ectoderm,14
331_274,Surface ectoderm,14
331_275,Surface ectoderm,14
331_276,Surface ectoderm,14
331_277,Surface ectoderm,14
331_278,Surface ectoderm,14
331_279,Surface ectoderm,14
331_280,Surface ectoderm,14
331_281,Surface ectoderm,14
331_282,Surface ectoderm,14
331_283,Surface ectoderm,14
331_284,Surface ectoderm,14
331_285,Surface ectoderm,14
331_286,Surface ectoderm,14
331_287,Cavity,14
331_288,Cavity,14
332_266,Cavity,14
332_267,Cavity,14
332_268,Cavity,14
332_269,Surface ectoderm,14
332_270,Surface ectoderm,14
332_271,Surface ectoderm,14
332_272,Surface ectoderm,14
332_273,Surface ectoderm,14
332_274,Surface ectoderm,14
332_275,Surface ectoderm,14
332_276,Surface ectoderm,14
332_277,Surface ectoderm,14
332_278,Surface ectoderm,14
332_279,Cavity,14
332_280,Cavity,14
332_281,Cavity,14
332_282,Cavity,14
332_283,Cavity,14
332_284,Cavity,14
