,ground_truth,domain
AAACAAGTATCTCCCA-1,Normal,0
AAACAATCTACTAGCA-1,Tumor,3
AAACACCAATAACTGC-1,Tumor,2
AAACAGAGCGACTCCT-1,Normal,0
AAACAGCTTTCAGAAG-1,Tumor,2
AAACAGGGTCTATATT-1,Tumor,2
AAACAGTGTTCCTGGG-1,Tumor,2
AAACATTTCCCGGATT-1,Normal,0
AAACCACTACACAGAT-1,Normal,0
AAACCGGGTAGGTACC-1,Normal,1
AAACCGTTCGTCCAGG-1,Tumor,2
AAACCTAAGCAGCCGG-1,Bronchus,0
AAACCTCATGAAGTTG-1,Normal,1
AAACGAAGAACATACC-1,Normal,0
AAACGAAGATGGAGTA-1,Tumor,1
AAACGACAGTCTTGCC-1,Normal,0
AAACGAGACGGTTGAT-1,Normal,0
AAACGCCCGAGATCGG-1,Normal,0
AAACGGGCGTACGGGT-1,Normal,0
AAACGGTTGCGAACTG-1,Tumor,2
AAACGTGTTCGCCCTA-1,Normal,0
AAACTAACGTGGCGAC-1,Normal,0
AAACTCGGTTCGCAAT-1,Normal,0
AAACTCGTGATATAAG-1,Normal,0
AAACTGCTGGCTCCAA-1,Tumor,3
AAACTTAATTGCACGC-1,Tumor,2
AAACTTGCAAACGTAT-1,Tumor,2
AAAGACATGAAGTTTA-1,Normal,0
AAAGACCCAAGTCGCG-1,Normal,0
AAAGACTGGGCGCTTT-1,Tumor,1
AAAGCTTGCCTACATA-1,Normal,0
AAAGGCCCTATAATAC-1,Tumor,0
AAAGGCTACGGACCAT-1,Bronchus,3
AAAGGCTCTCGCGCCG-1,Normal,3
AAAGGGATGTAGCAAG-1,Normal,0
AAAGGGCAGCTTGAAT-1,Normal,1
AAAGGTAAGCTGTACC-1,Normal,0
AAAGTAGCATTGCTCA-1,Tumor,2
AAAGTCACTGATGTAA-1,Normal,0
AAAGTCGACCCTCAGT-1,Normal,1
AAAGTGTGATTTATCT-1,Normal,0
AAAGTTGACTCCCGTA-1,Normal,0
AAATAACCATACGGGA-1,Normal,0
AAATAAGGTAGTGCCC-1,Normal,0
AAATACCTATAAGCAT-1,Tumor,3
AAATAGCTTAGACTTT-1,Bronchus,0
AAATAGGGTGCTATTG-1,Normal,0
AAATCCGATACACGCC-1,Bronchus,0
AAATCGCGGAAGGAGT-1,Tumor,1
AAATCGTGTACCACAA-1,Tumor,3
AAATCTAGCCCTGCTA-1,Normal,0
AAATGACTGATCAAAC-1,Tumor,2
AAATGATTCGATCAGC-1,Normal,0
AAATGCTCGTTACGTT-1,Normal,1
AAATGGCATGTCTTGT-1,Normal,0
AAATGGCCCGTGCCCT-1,Tumor,2
AAATGGTCAATGTGCC-1,Tumor,3
AAATGTATCTTATCCC-1,Tumor,1
AAATGTGGGTGCTCCT-1,Normal,3
AAATTAACGGGTAGCT-1,Tumor,3
AAATTAATAAGCGCGA-1,Tumor,1
AAATTACACGACTCTG-1,Normal,0
AAATTACCTATCGATG-1,Normal,0
AAATTCCAGGTCCAAA-1,Normal,0
AAATTGATAGTCCTTT-1,Tumor,2
AAATTGGTGAGAAGCA-1,Normal,0
AAATTTACCGAAATCC-1,Normal,0
AAATTTGCGGGTGTGG-1,Tumor,1
AACAACTGGTAGTTGC-1,Normal,1
AACAATACATTGTCGA-1,Tumor,2
AACAATTACTCTACGC-1,Normal,1
AACACACGCTCGCCGC-1,Normal,0
AACACGACTGTACTGA-1,Normal,0
AACACGAGACGCGGCC-1,Tumor,2
AACACGCGGCCGCGAA-1,Normal,0
AACAGCTGTGTGGCAA-1,Tumor,2
AACAGGAAATCGAATA-1,Normal,0
AACAGGATGGGCCGCG-1,Tumor,1
AACAGGTAGTATGGAT-1,Normal,0
AACATATCAACTGGTG-1,Normal,0
AACATCGATACGTCTA-1,Normal,0
AACATTGAAGTTGATC-1,Tumor,0
AACATTGTGACTCGAG-1,Tumor,3
AACCAAGACTTCTCTG-1,Tumor,1
AACCAGTATCACTCTT-1,Normal,0
AACCATGGGATCGCTA-1,Normal,0
AACCCAGAGACGGAGA-1,Normal,0
AACCCATCCCATGATC-1,Tumor,1
AACCCGACAACCCGTG-1,Tumor,2
AACCCGATAGGGCTTC-1,Normal,0
AACCCGCTGTATTCCA-1,Tumor,2
AACCCTACTGTCAATA-1,Normal,0
AACCCTGGTGGAACCA-1,Normal,0
AACCGAGCTTGGTCAT-1,Normal,0
AACCGCTAAGGGATGC-1,Normal,0
AACCGTTGTGTTTGCT-1,Normal,0
AACCTAAAGCCGTCCG-1,Normal,0
AACCTCGCTTTAGCCC-1,Normal,0
AACCTTTAAATACGGT-1,Normal,0
AACCTTTACGACGTCT-1,Normal,0
AACGAAAGTCGTCCCA-1,Tumor,1
AACGATAATGCCGTAG-1,Normal,0
AACGATAGAAGGGCCG-1,Normal,0
AACGATATGTCAACTG-1,Normal,0
AACGCATGATCTGGGT-1,Normal,0
AACGCGACCTTGGGCG-1,Tumor,2
AACGCGGTCTCCAGCC-1,Normal,0
AACGCTGTTGCTGAAA-1,Normal,0
AACGGACGTACGTATA-1,Normal,0
AACGGCCATCTCCGGT-1,Tumor,2
AACGTACTGTGGGTAC-1,Tumor,3
AACGTAGTCTACCCAT-1,Tumor,3
AACGTCAGACTAGTGG-1,Normal,0
AACGTCATCCGGCTTG-1,Tumor,2
AACGTGATGAAGGACA-1,Normal,0
AACGTGCGAAAGTCTC-1,Normal,3
AACGTTATCAGCACCT-1,Tumor,1
AACTACCCGTTTGTCA-1,Normal,0
AACTAGCGTATCGCAC-1,Tumor,3
AACTAGGCTTGGGTGT-1,Normal,0
AACTCAAGTTAATTGC-1,Tumor,1
AACTCCAGAGCGTGTT-1,Normal,0
AACTCCTAATCCCATG-1,Normal,0
AACTCGATGGCGCAGT-1,Normal,0
AACTCTCAATAGAGCG-1,Normal,0
AACTCTCAGTGTGCTC-1,Tumor,3
AACTGAGGTCAGCGTC-1,Normal,0
AACTGATATTAGGCCT-1,Normal,0
AACTGGGTCCCGACGT-1,Normal,0
AACTGGGTTCGAGCCG-1,Normal,0
AACTGGTGTGGGCCTT-1,Normal,3
AACTTCTGCGTCTATC-1,Normal,1
AACTTGCCCGTATGCA-1,Tumor,1
AACTTGCGTTCTCGCG-1,Normal,1
AACTTTACGGGAGCTT-1,Tumor,1
AACTTTAGCTGCTGAG-1,Tumor,3
AACTTTCTCGATCATG-1,Normal,0
AAGAAATCACCAGATT-1,Normal,0
AAGAAGGATCAGTTAG-1,Normal,0
AAGACCCAACTGAACA-1,Bronchus,3
AAGACTCACGCCCACT-1,Normal,0
AAGACTGCAAGCTACT-1,Normal,3
AAGAGATGAATCGGTA-1,Normal,1
AAGAGCTCTTTATCGG-1,Normal,0
AAGAGGATGTACGCGA-1,Tumor,1
AAGAGGCATGGATCGC-1,Normal,0
AAGAGGCCCTTTGGAA-1,Normal,0
AAGATGGCACCGGACC-1,Tumor,2
AAGATTGGCGGAACGT-1,Normal,0
AAGCACCCTGCGTATC-1,Blood vessel,0
AAGCATACTCTCCTGA-1,Normal,0
AAGCCACTTGCAGGTA-1,Tumor,2
AAGCCGAAGCGGTTTA-1,Normal,0
AAGCCGCCGTGAAATC-1,Tumor,2
AAGCCGCTTTACCTTG-1,Normal,0
AAGCGCAGGGCTTTGA-1,Bronchus,0
AAGCGGAGTGCGCGCA-1,Normal,0
AAGCGGCGTCATGGGT-1,Normal,0
AAGCGTCCCTCATCGA-1,Tumor,2
AAGCTAGATCGAGTAA-1,Tumor,3
AAGCTCGTGCCAAGTC-1,Normal,3
AAGCTCTTTCATGGTG-1,Blood vessel,0
AAGGAGAACTTATAAG-1,Normal,3
AAGGAGCGGTTGGTGC-1,Normal,0
AAGGATCGATCGCTTG-1,Normal,0
AAGGATGAGGGACCTC-1,Normal,0
AAGGCGCGTAAAGCTT-1,Normal,0
AAGGCTGTGCTCATCG-1,Normal,1
AAGGGAACGACTGGCT-1,Tumor,2
AAGGGACAGATTCTGT-1,Normal,0
AAGGGACTATGCATTC-1,Tumor,2
AAGGTATCCTAATATA-1,Normal,0
AAGGTGATAAACCAGC-1,Normal,0
AAGTAAGCTTCCAAAC-1,Tumor,3
AAGTAGAAGACCGGGT-1,Normal,0
AAGTAGTGACGCGAGG-1,Tumor,1
AAGTCAATTGTCGTCA-1,Normal,0
AAGTCTAGTAGCTGCC-1,Normal,0
AAGTCTTCTGTGGCCT-1,Normal,2
AAGTGACGACCGAATT-1,Normal,1
AAGTGAGTCGGGTTTA-1,Bronchus,2
AAGTGCAAAGGTAGAC-1,Tumor,1
AAGTGCCTTGACTGTA-1,Normal,0
AAGTGCGTTAGAATCT-1,Tumor,2
AAGTGCTTCTCTATTG-1,Tumor,2
AAGTGTTTGGAGACGG-1,Normal,0
AAGTTCACTCCAAGCT-1,Normal,0
AAGTTCAGTCTGCGTA-1,Normal,0
AAGTTCGGCCAACAGG-1,Tumor,1
AAGTTTACTAATGGCA-1,Normal,0
AAGTTTATGGGCCCAA-1,Normal,0
AATAACAACGCTCGGC-1,Tumor,1
AATAACACTAGAACAA-1,Tumor,2
AATAAGTCCTCGAGAC-1,Normal,0
AATACAATGTTTCAGG-1,Tumor,1
AATACCGGAGGGCTGT-1,Tumor,2
AATAGAACAGAGTGGC-1,Tumor,3
AATAGAATCTGTTTCA-1,Normal,0
AATAGCAAGCCTCCTG-1,Normal,0
AATAGCTACCGCGTGC-1,Normal,0
AATAGTCCGTCCCGAC-1,Normal,3
AATAGTCGCGAGTCGG-1,Tumor,1
AATATCAAGGTCGGAT-1,Normal,0
AATATCCTAGCAAACT-1,Tumor,2
AATATCGAGGGTTCTC-1,Normal,0
AATATTGGAGTATTGA-1,Tumor,1
AATCAGGTTTCATTTA-1,Tumor,2
AATCATGTAAAGACTC-1,Normal,0
AATCCAAGGGCCTGAG-1,Normal,0
AATCCCGCTCAGAGCC-1,Tumor,2
AATCGCCTCAGCGCCA-1,Normal,3
AATCGGGACACTACGA-1,Normal,0
AATCGTGAGCCGAGCA-1,Bronchus,0
AATCTAGGTTTACTTG-1,Tumor,1
AATCTATGCCGGAGCC-1,Normal,0
AATCTCTACTGTGGTT-1,Normal,1
AATCTGCGTTGGGACG-1,Normal,0
AATCTGGCTTTCTAGT-1,Tumor,2
AATCTGGGTAGACCCT-1,Normal,0
AATGACAGCAATGTCT-1,Tumor,2
AATGACGTAGGATGTC-1,Tumor,0
AATGACTGTCAGCCGG-1,Normal,0
AATGAGTTCGCATATG-1,Normal,1
AATGATGATACGCTAT-1,Normal,0
AATGATGCGACTCCTG-1,Normal,0
AATGCAACCGGGTACC-1,Normal,0
AATGCACCAAGCAATG-1,Normal,0
AATGGCCGCCAATGCG-1,Normal,0
AATGGTCCACCGTTCA-1,Tumor,1
AATGGTTCTCACAAGC-1,Normal,0
AATGTGCCCGAGGTGT-1,Tumor,2
AATGTGCTAATCTGAG-1,Tumor,2
AATTAAAGGTCGGCGT-1,Tumor,1
AATTAACGGATTTCCA-1,Normal,0
AATTACGAGACCCATC-1,Tumor,1
AATTAGCGCTGCAGCG-1,Tumor,3
AATTCATAAGGGATCT-1,Normal,0
AATTCCAAGCATGTAC-1,Tumor,2
AATTCGATTCGAGGAT-1,Bronchus,0
AATTCTAGAGTTAGGC-1,Tumor,3
AATTGAACGCTCTGGT-1,Normal,0
AATTTGGGACATAGTA-1,Normal,0
AATTTGGTTCCAAAGA-1,Normal,0
ACAAACCATGCGTCCT-1,Tumor,2
ACAAACCGACAAGGCG-1,Normal,0
ACAAACTCCATCAGAG-1,Tumor,2
ACAAAGAAGGTAGGCC-1,Tumor,2
ACAAATCGCACCGAAT-1,Normal,0
ACAAATGGTAGTGTTT-1,Normal,0
ACAAATTCAGATCTGA-1,Normal,0
ACAACAGCATGAGCTA-1,Normal,0
ACAACGGTCCCTGCGA-1,Normal,1
ACAAGCAGTGCCTAGC-1,Tumor,1
ACAAGCTATATGGAAG-1,Tumor,1
ACAAGGAAATCCGCCC-1,Tumor,3
ACAAGGACAAGAGGTT-1,Tumor,1
ACAAGGATGCTTTAGG-1,Normal,0
ACAAGGCCTACCAGCC-1,Normal,0
ACAAGGGCAGGCTCTG-1,Tumor,3
ACAATAGTCGTACGTT-1,Normal,2
ACAATCCATTTAAACC-1,Tumor,1
ACAATCGATCTTTATA-1,Normal,0
ACAATGAATACGGAGA-1,Tumor,2
ACAATGATTCTTCTAC-1,Normal,0
ACAATTGTGTCTCTTT-1,Normal,0
ACAATTTAGGAGGCTC-1,Tumor,1
ACAATTTGAGCAGTGG-1,Normal,0
ACACAAAGACGGGTGG-1,Normal,0
ACACAAATATTCCTAG-1,Normal,0
ACACACCAGGACCAGT-1,Normal,0
ACACACTTTCTACACG-1,Normal,0
ACACATGATCAAATCT-1,Tumor,1
ACACATTTCCGTAGAC-1,Normal,0
ACACCACATAATTAGC-1,Normal,0
ACACCCAGCATGCAGC-1,Normal,0
ACACCCGAGAAATCCG-1,Normal,0
ACACCGAGCGCTCTTT-1,Normal,1
ACACCGGTCTGACCGC-1,Tumor,2
ACACCTTAAGTAGGGC-1,Normal,0
ACACGAGACTCCTTCT-1,Normal,0
ACACGGCACTATGCAT-1,Normal,0
ACACGGGAACTTAGGG-1,Normal,0
ACACGTAGGCCACAAG-1,Normal,0
ACACTCCAATGTCACT-1,Normal,1
ACACTGATCAAGGTGT-1,Tumor,3
ACAGAACTGAGAACAA-1,Tumor,2
ACAGATTAGGTTAGTG-1,Normal,0
ACAGCATAGAGCCAGT-1,Normal,0
ACAGCGACATTCTCAT-1,Normal,0
ACAGCGCACCCGCAGC-1,Normal,0
ACAGGCTTGCCCGACT-1,Normal,0
ACAGGTGGAGGTGAGG-1,Tumor,2
ACAGGTGTGTTGTTGC-1,Normal,1
ACAGTAATACAACTTG-1,Tumor,2
ACAGTATACCGTGGGA-1,Normal,0
ACATAAGTCGTGGTGA-1,Tumor,1
ACATAATAAGGCGGTG-1,Normal,0
ACATCAGCTGGGACGC-1,Tumor,1
ACATCCCGGCCATACG-1,Normal,3
ACATCCTGGTAACTGT-1,Bronchus,0
ACATCGATCGTTTACC-1,Tumor,3
ACATCGGTCAGCCGCG-1,Tumor,1
ACATCGTATGCAATGG-1,Normal,0
ACATCGTTAACCTAGT-1,Normal,0
ACATCTCAACGCGTAA-1,Normal,0
ACATGGCGCCAAAGTA-1,Bronchus,0
ACATTAGTTTATATCC-1,Tumor,3
ACATTCGCGCGGAATA-1,Tumor,2
ACCAAACACCCAGCGA-1,Normal,0
ACCAAACTAGAAATCC-1,Normal,0
ACCAACACCACACACT-1,Normal,0
ACCAACGCTTATTTAT-1,Tumor,3
ACCAAGAACGCGTGTC-1,Normal,0
ACCAATATGCAAGTTA-1,Blood vessel,0
ACCACAACTCAGAACA-1,Normal,0
ACCACAAGTTTCTATC-1,Normal,1
ACCACCAATGTAACAA-1,Normal,0
ACCACCCTCTCTTCTA-1,Normal,0
ACCACGTGCAGCTATA-1,Tumor,3
ACCAGACCATAACAAC-1,Normal,1
ACCAGCCCGGTCTTTG-1,Normal,0
ACCAGGAGTGTGATCT-1,Normal,3
ACCAGTGCCCGGTCAA-1,Normal,0
ACCAGTGCGGGAGACG-1,Normal,0
ACCATATCCGCAATAA-1,Tumor,3
ACCATCCGCCAACTAG-1,Tumor,2
ACCATCGTATATGGTA-1,Tumor,1
ACCATTAAGGGTGTCA-1,Normal,1
ACCCAACGCCCGTGGC-1,Normal,0
ACCCACCTACATGCTC-1,Normal,1
ACCCATCTTGAGGGTA-1,Tumor,1
ACCCATTTGTCCCTCT-1,Normal,0
ACCCGAGCGAAATTAC-1,Tumor,2
ACCCGATTGGTTCCGA-1,Tumor,2
ACCCGGAAACTCCCAG-1,Normal,0
ACCCGGATGACGCATC-1,Normal,0
ACCCGGTTACACTTCC-1,Tumor,3
ACCCGTGTCATCAGTA-1,Bronchus,3
ACCCTATAGGACTGAG-1,Normal,1
ACCCTATGCCATATCG-1,Tumor,2
ACCCTCCCTTGCTATT-1,Normal,0
ACCCTGGTAACGCCCT-1,Normal,0
ACCCTTCATCTGCGAA-1,Normal,0
ACCCTTGCCTGGGTCG-1,Normal,0
ACCCTTTAGTTCTCCA-1,Normal,0
ACCGAAAGGGCCCTGC-1,Normal,3
ACCGAAGAGTCTGGTT-1,Tumor,1
ACCGACACATCTCCCA-1,Blood vessel,0
ACCGACTGAGTCCCAC-1,Normal,0
ACCGAGTCTCCTTATT-1,Normal,0
ACCGATGGTAGCATCG-1,Normal,0
ACCGCAATAACTGCCT-1,Normal,0
ACCGCGGTGGAAGTCG-1,Normal,0
ACCGCTAGTCATTGGT-1,Tumor,2
ACCGGGCCTTTGTTGA-1,Normal,0
ACCGGTCAGGTACACC-1,Tumor,1
ACCGGTCTGAGTACGG-1,Normal,0
ACCGTGACCACGTGGG-1,Tumor,2
ACCGTTCCCGCTCTGA-1,Normal,0
ACCTAAGTACCTTTCA-1,Tumor,2
ACCTAATCGACTTCCT-1,Tumor,1
ACCTACTATAAATCTA-1,Tumor,2
ACCTCCGCCCTCGCTG-1,Normal,0
ACCTCCGTTATTCACC-1,Normal,0
ACCTCGAACTTATGCT-1,Tumor,2
ACCTGCGTGTCATGTT-1,Tumor,2
ACCTTTCCTTTAGAAG-1,Normal,0
ACGAAATGGGCGGCAC-1,Tumor,1
ACGACTGGTCATACTC-1,Tumor,2
ACGAGAACCCATCACG-1,Normal,0
ACGAGATATTTGCTTA-1,Normal,0
ACGAGGATACCACTCT-1,Tumor,2
ACGAGGTTTACAACGT-1,Tumor,1
ACGAGTACGGATGCCC-1,Normal,0
ACGATACATAGAACTA-1,Normal,0
ACGATACCTATCCTGA-1,Tumor,1
ACGATCATACATAGAG-1,Normal,0
ACGATCATCTTGTAAA-1,Bronchus,0
ACGATGCATATGTTAT-1,Tumor,1
ACGATGGATCCGATGC-1,Normal,0
ACGCAAACTAATAGAT-1,Tumor,2
ACGCAATCACTACAGC-1,Normal,0
ACGCATAAATGACATG-1,Normal,0
ACGCATACGTTTACTA-1,Normal,0
ACGCATTCGTGAGTAC-1,Normal,3
ACGCCAGATGATTTCT-1,Normal,0
ACGCCCAGCTGTCGAT-1,Normal,0
ACGCCGCTAGACGACC-1,Tumor,3
ACGCGAAGTCAGACGA-1,Tumor,3
ACGCGCTACACAGGGT-1,Tumor,1
ACGCGGGCCAAGGACA-1,Normal,3
ACGCGTTTCTTAAGAG-1,Tumor,1
ACGCTAGTGATACACT-1,Normal,0
ACGCTGTGAGGCGTAG-1,Tumor,1
ACGCTTAGTGTCTCTC-1,Normal,0
ACGGAATTTAGCAAAT-1,Normal,0
ACGGACTCTCAAAGCG-1,Blood vessel,0
ACGGAGCGCAAATTAC-1,Normal,0
ACGGATGGTGCGGATA-1,Blood vessel,0
ACGGCACTTGCTTGGG-1,Tumor,3
ACGGCCAACATGGACT-1,Tumor,3
ACGGCGACGATGGGAA-1,Tumor,0
ACGGCTGGATGTAGAA-1,Tumor,1
ACGGGAGTGTCGGCCC-1,Tumor,2
ACGGGCGTATGCGACA-1,Normal,0
ACGGGTCATGTGACTT-1,Normal,1
ACGTACAGATTTCTCT-1,Normal,0
ACGTACTTTGGCACGG-1,Tumor,2
ACGTAGATTGCTGATG-1,Normal,0
ACGTAGGAGAGTCGCT-1,Normal,0
ACGTATTACTCCGATC-1,Normal,0
ACGTCCTAAACGAGAT-1,Normal,0
ACGTCTCGTTCCGGGA-1,Tumor,2
ACGTGACAAAGTAAGT-1,Tumor,1
ACGTGCGCCTCGTGCA-1,Normal,0
ACGTGGTCGAATGTGC-1,Normal,0
ACGTTAATGTCGAAGA-1,Tumor,3
ACGTTAGATTTGCCCG-1,Tumor,1
ACGTTATTGGTCACTC-1,Normal,1
ACGTTCACTATGCCGC-1,Tumor,2
ACGTTCCGCGCTCCGT-1,Normal,3
ACGTTCGCAATCAATT-1,Normal,0
ACGTTCGTTCAGGAAA-1,Tumor,2
ACGTTGTCGTTGAAAG-1,Tumor,2
ACGTTTAGTTGTGATC-1,Normal,0
ACTAAGGACGCACACC-1,Normal,0
ACTAATACGTCAGGCG-1,Normal,0
ACTACAAAGAGAGGTG-1,Tumor,2
ACTACATCCCGACAAG-1,Tumor,2
ACTACCAGCTCTCTGG-1,Normal,1
ACTACGCGTTAGAATT-1,Bronchus,3
ACTAGTTGCGATCGTC-1,Normal,0
ACTATATGCTGTGTTC-1,Normal,0
ACTATCCAGGGCATGG-1,Normal,0
ACTATCTGCCCGCGTA-1,Normal,0
ACTATGTCCAGCTGCC-1,Tumor,2
ACTATTCGTCCGTGGT-1,Normal,0
ACTATTTCCGGGCCCA-1,Tumor,2
ACTCAACGAATGTATT-1,Normal,0
ACTCAAGTGCAAGGCT-1,Normal,0
ACTCAATAAAGGCACG-1,Normal,0
ACTCAGACCTGCTTCT-1,Normal,0
ACTCATGGCAGCCTTC-1,Tumor,2
ACTCCAATATCATCAT-1,Tumor,2
ACTCCCATTCCTAAAG-1,Tumor,2
ACTCCCGAATTCGTTT-1,Bronchus,0
ACTCCCGTAGACTAGG-1,Normal,0
ACTCCCTAATGCTAAA-1,Normal,0
ACTCCCTAGAATAGTA-1,Tumor,3
ACTCGATGTATTTCAT-1,Normal,1
ACTCGTAACCCGTCCT-1,Tumor,2
ACTCGTCAGTAATCCC-1,Normal,0
ACTCTAAACCTGGGAT-1,Tumor,1
ACTCTCTGACTTAGGT-1,Tumor,3
ACTCTCTTATACACGA-1,Normal,0
ACTCTTGTATAGTAAC-1,Normal,3
ACTGAAACGCCGTTAG-1,Normal,0
ACTGAATGGCGAAAGT-1,Normal,0
ACTGATTTAGTGATTC-1,Normal,0
ACTGCCCGCCATTCTC-1,Tumor,2
ACTGCCGTCGTAACTC-1,Normal,0
ACTGCTCGGAAGGATG-1,Tumor,1
ACTGGCGAACCTGCGT-1,Normal,0
ACTGGGATGCCAGTGC-1,Tumor,2
ACTGTACGATACACAT-1,Normal,0
ACTGTAGCACTTTGGA-1,Normal,1
ACTGTATACGCGAGCA-1,Normal,0
ACTGTCCAGGATTATA-1,Tumor,3
ACTGTCTTCTTTAGAA-1,Normal,0
ACTGTGCTAGTAGATC-1,Normal,0
ACTGTTTAGTGTAGGC-1,Normal,0
ACTTACCGGGCGCGCA-1,Normal,0
ACTTACGCATCCACGC-1,Blood vessel,0
ACTTAGTACGACAAGA-1,Normal,0
ACTTATACTTACCCGG-1,Normal,0
ACTTATTAGGATCGGT-1,Tumor,3
ACTTATTTATGTGCCA-1,Normal,0
ACTTCAGGCTGATCCC-1,Normal,0
ACTTCCAGTGGAAGCT-1,Tumor,1
ACTTCCATGCGGGACA-1,Normal,0
ACTTCGCCATACGCAC-1,Normal,0
ACTTGACTCCCTCTTT-1,Tumor,3
ACTTGCCATATTGTAC-1,Normal,3
ACTTGGGACCCGGTGG-1,Normal,0
ACTTGTAGTCCCTTCA-1,Tumor,2
ACTTGTTACCGGATCA-1,Tumor,2
ACTTTACCCTCATGAA-1,Bronchus,0
ACTTTCCTATAGCTTC-1,Normal,0
ACTTTGACTGCATCCT-1,Tumor,1
ACTTTGGTCGTGCTCC-1,Tumor,1
AGAACCCTCAATTGGG-1,Tumor,1
AGAACGTGGTACATTC-1,Normal,0
AGAAGAGCGCCGTTCC-1,Normal,0
AGAAGGTACACTTCAC-1,Tumor,1
AGAAGGTTGCCGAATT-1,Tumor,3
AGAAGGTTGTAGGTCG-1,Bronchus,0
AGAAGTGATTCGTGAT-1,Tumor,2
AGAATAAATCTTCAGG-1,Normal,1
AGAATGCGGGTTCGGA-1,Normal,0
AGAATTATGGATTCGA-1,Normal,0
AGAATTGTTTGACATA-1,Normal,1
AGACAGCTCAGAATCC-1,Tumor,1
AGACATAGATCCTTCC-1,Normal,3
AGACCAAACCACACCT-1,Tumor,1
AGACCATGGGATACAA-1,Tumor,1
AGACCCACCGCTGATC-1,Tumor,3
AGACCCGCCCTCCTCG-1,Normal,0
AGACCGCTCCGCGGTT-1,Normal,0
AGACCGGGAAACCCTG-1,Tumor,2
AGACGAAGTGCCGGTC-1,Normal,0
AGACGACGATGCCGCT-1,Tumor,2
AGACGGGATTGGTATA-1,Normal,0
AGACGGGCCGATTTAA-1,Normal,0
AGACTAGCCTTCCAGA-1,Normal,0
AGACTGTTACCGGGTC-1,Tumor,2
AGAGAAACACCAGAAA-1,Tumor,2
AGAGAACCGTCTAGGA-1,Normal,0
AGAGAAGGAGTACAAT-1,Tumor,2
AGAGATCTCTAAAGCG-1,Normal,1
AGAGCAGTTATGAGAC-1,Normal,1
AGAGCCGCCGAGATTT-1,Normal,0
AGAGCGCTTGTAACGG-1,Normal,0
AGAGCGGGCTAATCAT-1,Normal,0
AGAGCGTACAAGCTCG-1,Normal,1
AGAGGCTTCGGAAACC-1,Normal,0
AGAGGGACAATTGTCC-1,Normal,0
AGAGGTATCTCGGTCC-1,Tumor,3
AGAGTAAACTTCACTA-1,Normal,0
AGAGTATAGTGTTACG-1,Normal,0
AGAGTTAGAGACCGAT-1,Normal,0
AGAGTTGCAGGCCTCC-1,Normal,0
AGATAACTTCAGGGCC-1,Tumor,1
AGATACCAGCACTTCA-1,Normal,0
AGATACCGGTGTTCAC-1,Tumor,1
AGATACGACTTCATAT-1,Normal,0
AGATACTCAAGATCGA-1,Normal,0
AGATATAATACGACTA-1,Normal,0
AGATCGTGCATAAGAT-1,Normal,0
AGATCTCAGGTGTGAT-1,Normal,0
AGATGACTCGCCCACG-1,Normal,0
AGATGAGGGTTGCGAT-1,Normal,0
AGATGATGGAGTCTGG-1,Bronchus,0
AGATGCAAGACGTGCA-1,Tumor,2
AGATGCATCCTGTGTC-1,Tumor,2
AGATTATAGGACGTTT-1,Tumor,3
AGATTCAAGCGGGTCG-1,Normal,0
AGATTCACAACCGATA-1,Tumor,1
AGCAAAGGCCGCTAGT-1,Blood vessel,0
AGCAACATATCTTATT-1,Normal,0
AGCAACCGAAAGTAAT-1,Tumor,1
AGCACACGTTTAGACT-1,Tumor,3
AGCACCAGTACTCACG-1,Normal,0
AGCACTACCGGCCTGT-1,Tumor,1
AGCACTACCTCACCAG-1,Normal,0
AGCACTTAAGGACGCC-1,Tumor,1
AGCAGAAGGAGAAAGA-1,Normal,0
AGCAGCCAGATGAATA-1,Normal,3
AGCATATCAATATGCT-1,Normal,0
AGCATCATTTCGAAAG-1,Tumor,1
AGCATCGTCGATAATT-1,Normal,0
AGCCAAGCTTTGTGTC-1,Tumor,2
AGCCACAGGTTACCCG-1,Normal,0
AGCCACTCCCGTGCTT-1,Normal,0
AGCCATATAGTATGTG-1,Normal,0
AGCCCATACATGTAAG-1,Normal,1
AGCCCGCAACAAGCAG-1,Tumor,2
AGCCCGGCATTAGAGG-1,Tumor,2
AGCCCGGTAGCCTGTA-1,Bronchus,3
AGCCCTAAGCGAAGTT-1,Normal,0
AGCCCTCCCTGGTGGC-1,Tumor,2
AGCCCTTCTAATCCGA-1,Normal,0
AGCCGCAAATTCAAAT-1,Tumor,1
AGCCGTGGCTAAATGT-1,Tumor,2
AGCCTAATACCCACGT-1,Tumor,2
AGCCTTAAAGCGGAAG-1,Tumor,1
AGCGACAGGAACGGTC-1,Tumor,2
AGCGACATCCCATTCA-1,Normal,0
AGCGACCAACGATATT-1,Normal,0
AGCGACTTTGAAGACA-1,Tumor,2
AGCGAGACGTGAAGGC-1,Tumor,2
AGCGCATAATGAATCG-1,Bronchus,3
AGCGCGGGTGCCAATG-1,Normal,0
AGCGCTTATGGGCAAG-1,Normal,0
AGCGGACACTTCGTAG-1,Bronchus,3
AGCGGCGGTTAGCGGT-1,Tumor,2
AGCGGGAAGGGTCCAT-1,Normal,0
AGCGGGTCTGACACTC-1,Normal,0
AGCGGTTGAGATGTAC-1,Normal,0
AGCGGTTGCCGCTCTG-1,Normal,0
AGCGTCTGAACCCGCA-1,Normal,0
AGCGTGGTATTCTACT-1,Tumor,3
AGCGTTCCGATTTAAA-1,Normal,0
AGCTAACAAGCAATGT-1,Tumor,2
AGCTAAGCTCCGTCCG-1,Tumor,2
AGCTAAGTACGCAGGC-1,Bronchus,0
AGCTAGAAGCAGAAGT-1,Normal,0
AGCTATTTAATCCAAC-1,Normal,0
AGCTCCATATATGTTC-1,Normal,0
AGCTCCTTCGCACATC-1,Normal,0
AGCTCGTTGATGGAAA-1,Normal,0
AGCTCTAGACGTTCCA-1,Normal,3
AGCTCTTCCCAGTGCA-1,Normal,0
AGCTCTTCGTAACCTT-1,Normal,0
AGCTCTTTACTCAGTT-1,Tumor,1
AGCTGAAGTAAACCAA-1,Normal,0
AGCTGCATTTGAGGTG-1,Normal,0
AGCTGTAACCTCAATC-1,Tumor,2
AGCTTATAGAGACCTG-1,Tumor,3
AGCTTCAATACTTTGA-1,Normal,0
AGCTTGATCTTAACTT-1,Normal,1
AGGAAGCTGTCCGCCG-1,Blood vessel,0
AGGACAGTCGAATCCC-1,Normal,0
AGGACATCGCACGTCG-1,Normal,0
AGGACGACCCATTAGA-1,Tumor,3
AGGACGCTCGATGTTG-1,Normal,0
AGGAGACATCCACAGT-1,Normal,0
AGGAGGCCTTCGCGCG-1,Normal,0
AGGATAAAGTCGGGAT-1,Tumor,0
AGGATATAGGGATTTA-1,Normal,0
AGGATCACGCGATCTG-1,Tumor,2
AGGATTGCTTACGACA-1,Normal,0
AGGCAAAGAGGAATCA-1,Tumor,0
AGGCAGATGCGTAAAC-1,Normal,0
AGGCAGGGAGCGTACT-1,Bronchus,3
AGGCATTGTCGTAGGG-1,Normal,0
AGGCCACCCGTTATGA-1,Tumor,1
AGGCCCATTGTACAGG-1,Normal,0
AGGCCCTAGAACGCCA-1,Tumor,2
AGGCCTATCATACCAA-1,Tumor,2
AGGCCTGAGAATCTCG-1,Normal,0
AGGCGGTTTGTCCCGC-1,Tumor,1
AGGCGTCTATGGACGG-1,Normal,0
AGGCTATGGTTAGCTT-1,Normal,1
AGGCTTCCCGAAGAAG-1,Tumor,2
AGGCTTGCTAGACACC-1,Tumor,1
AGGGAAACGAGGTACT-1,Normal,0
AGGGACAGCACGGCGG-1,Tumor,3
AGGGACCGGCTGCGTT-1,Normal,0
AGGGACTCTACGCGAC-1,Normal,3
AGGGAGACATACTTCG-1,Normal,0
AGGGCAGCGGCGTGGT-1,Normal,0
AGGGCGAGCAGCTGAT-1,Tumor,2
AGGGCGTGATCGGCTA-1,Normal,0
AGGGCTGCAGTTACAG-1,Normal,3
AGGGTCAGAGCACTCG-1,Tumor,2
AGGGTCAGTAACCCTA-1,Normal,0
AGGGTCGATGCGAACT-1,Normal,0
AGGGTGCCGTTCTTTA-1,Tumor,2
AGGGTGCTCTCGAGGG-1,Normal,0
AGGGTGGATAGTGCAT-1,Tumor,1
AGGGTGTGCTACACGC-1,Normal,0
AGGGTTCAGACGGTCC-1,Tumor,2
AGGGTTCCCTTTGGTT-1,Normal,0
AGGGTTTAGTTCGGGA-1,Normal,3
AGGTAACCTCCTATTC-1,Normal,0
AGGTACGATATTGCCA-1,Normal,0
AGGTAGATCGAGATAT-1,Tumor,2
AGGTAGGTACAAAGCT-1,Tumor,1
AGGTATAATTGATAGT-1,Bronchus,0
AGGTCAGGTGAGAGTG-1,Tumor,2
AGGTCGCGGAGTTACT-1,Normal,0
AGGTGGTGACCTTCGC-1,Tumor,2
AGGTGTATCGCCATGA-1,Normal,1
AGGTTGAGGCACGCTT-1,Normal,0
AGGTTTCACACACCTT-1,Tumor,3
AGTAACGTTCATCCTG-1,Normal,0
AGTAATGTCTTGCCGC-1,Normal,0
AGTACAGAAGCTTATA-1,Normal,0
AGTACATCATTTATCA-1,Normal,0
AGTACCTTCGAGTGCT-1,Normal,0
AGTACGGCCCGTATCG-1,Tumor,1
AGTACGGGCACCTGGC-1,Normal,0
AGTACGTGGCCTGTCT-1,Normal,0
AGTACTCTTATGCCCA-1,Normal,0
AGTAGAAGGCGCCTCA-1,Tumor,2
AGTAGCGTGAACGAAC-1,Normal,0
AGTAGCTAGACGCCGA-1,Normal,0
AGTAGGAAGGAAGTTG-1,Normal,0
AGTAGGTAACATACAT-1,Normal,0
AGTATAATACTAGGCA-1,Normal,1
AGTATACACAGCGACA-1,Tumor,2
AGTATGCTGGAGACCA-1,Tumor,2
AGTATTTGGCACGACC-1,Bronchus,3
AGTCAAATGATGTGAT-1,Tumor,2
AGTCAACACCACCATC-1,Tumor,3
AGTCAAGATGACACTT-1,Normal,0
AGTCACTAGCTCTCGA-1,Normal,0
AGTCACTCCGCCTCAT-1,Normal,0
AGTCAGCCACCGCCTG-1,Normal,0
AGTCCATTGGCTGATG-1,Normal,0
AGTCCCGCCTTTAATT-1,Normal,0
AGTCCCTCGCAGAAAG-1,Normal,0
AGTCGACGGTCTCAAG-1,Normal,0
AGTCGGCCCAAACGAC-1,Normal,1
AGTCGGCTCAACTTTA-1,Tumor,2
AGTCGTATAAAGCAGA-1,Bronchus,0
AGTCGTCGACCACCAA-1,Normal,0
AGTCGTGGGCATTACG-1,Tumor,2
AGTCTAAAGTATACTC-1,Normal,0
AGTCTCACAAGACTAC-1,Tumor,2
AGTCTGGACATCCTTG-1,Normal,1
AGTCTTCTCCTCAAAT-1,Normal,0
AGTCTTTAAAGTGTCC-1,Bronchus,0
AGTGAACAAACTTCTC-1,Normal,0
AGTGAAGATGGTGTCC-1,Normal,0
AGTGACCTACTTTACG-1,Tumor,3
AGTGACTGTGACACAA-1,Tumor,2
AGTGAGACTTCCAGTA-1,Normal,0
AGTGAGCCTCGCCGCC-1,Normal,0
AGTGAGGGTTTCTGAC-1,Normal,0
AGTGATAACCTGCGCG-1,Normal,0
AGTGATATGAGTAGTT-1,Tumor,3
AGTGATTCAAGCAGGA-1,Normal,0
AGTGCACGCTTAAGAA-1,Normal,0
AGTGCGTAGCTCGTAA-1,Tumor,3
AGTGCTAAACACAGCA-1,Normal,0
AGTGCTTGCACGAATA-1,Normal,0
AGTGGCGGCAATTTGA-1,Normal,0
AGTGGCGTCTGAAGGT-1,Normal,0
AGTGGCTCCGTCGGCC-1,Tumor,1
AGTGGTGTTACCCGTG-1,Tumor,2
AGTGGTTGCGTATAGG-1,Tumor,1
AGTGTATTGCGCATTG-1,Normal,0
AGTGTGCTAAGATCGC-1,Normal,1
AGTGTGGTCTATTGTG-1,Tumor,1
AGTTAAACACTTGCGA-1,Tumor,1
AGTTAAGCGGTCCCGG-1,Normal,0
AGTTAAGTCAACCGCT-1,Tumor,2
AGTTACCCTTAAGACT-1,Tumor,1
AGTTACCGCACATGGT-1,Tumor,1
AGTTACTCTATCGTGG-1,Normal,0
AGTTATTGAAAGGTAA-1,Normal,0
AGTTCACCGGTTGGAC-1,Tumor,1
AGTTCCTACAGAATTA-1,Normal,1
AGTTCCTATTTATGTT-1,Tumor,3
AGTTCTGCGTTGTATC-1,Normal,1
AGTTGACATCGGCTGG-1,Normal,0
AGTTGACGGTCCTTGC-1,Tumor,0
AGTTGCTGACTGATAT-1,Normal,1
AGTTTATGTAAAGACA-1,Normal,0
AGTTTCGCAGGTCGGA-1,Normal,0
AGTTTGCACCTGCCTC-1,Blood vessel,0
AGTTTGGCACGGGTTG-1,Normal,0
AGTTTGGCCAGACCTA-1,Tumor,1
ATAAACCATTGGACGG-1,Tumor,3
ATAAACGGACCCGTAA-1,Tumor,3
ATAAACGTTGCACCAC-1,Normal,0
ATAAAGGCTCGGTCGT-1,Tumor,3
ATAAAGGTCAAGTACG-1,Normal,0
ATAAATATTAGCAGCT-1,Tumor,1
ATAACGCCGGAGGGTC-1,Normal,0
ATAACGGAGTCCAACG-1,Normal,0
ATAACGTTACCTCCAC-1,Normal,0
ATAAGCAAACACCGAG-1,Normal,0
ATAAGGTGGAGAACAT-1,Tumor,3
ATAAGTACCCGATTGT-1,Normal,0
ATAAGTAGGATTCAGA-1,Normal,0
ATAAGTAGGGCGACTC-1,Bronchus,0
ATAAGTTACCGCGACG-1,Tumor,3
ATAATACCGTTAGCCG-1,Normal,1
ATAATAGCTGTTGAAT-1,Tumor,3
ATAATAGTGTAGGGAC-1,Normal,0
ATAATCTTGGAGAACC-1,Blood vessel,0
ATAATTAGCTAAGTAG-1,Normal,0
ATACAGGCCCTCCAAT-1,Normal,0
ATACCACGGGCAACTT-1,Tumor,1
ATACCAGCAAATTGCT-1,Normal,0
ATACCAGGCTAATAGA-1,Normal,0
ATACCAGGTGAGCGAT-1,Normal,3
ATACCGTCATCCATAA-1,Normal,0
ATACCTAACCAAGAAA-1,Normal,0
ATACGAGGTTTGTAAG-1,Tumor,2
ATACGCCGGCGAAACC-1,Tumor,3
ATACGGAACGTCGTTT-1,Tumor,1
ATACGGGTTTCGATTG-1,Normal,0
ATACGGTGAAGATGCA-1,Tumor,1
ATACGTACTTAGCCAC-1,Normal,0
ATACGTCCACTCCTGT-1,Normal,0
ATACGTTATGCACGGA-1,Normal,0
ATACTACCCGTACCAC-1,Normal,0
ATACTAGCATGACCCT-1,Normal,0
ATACTGCCTTACACCG-1,Normal,0
ATACTTGTTCTCGAGC-1,Tumor,1
ATAGACAACGGGACCT-1,Normal,0
ATAGACGAAGAGAAAG-1,Tumor,1
ATAGAGTACTGGGACA-1,Normal,0
ATAGAGTTATCAACTT-1,Normal,0
ATAGATTTGCAGTCGG-1,Normal,0
ATAGCCTCAGTACCCA-1,Normal,1
ATAGCTGCTCTTGTTA-1,Normal,1
ATAGGAATCTAAGCTT-1,Normal,0
ATAGGCGGCTATAGAA-1,Tumor,1
ATAGGCTAGCTTCGCA-1,Normal,0
ATAGGGATATCCTTGA-1,Normal,0
ATAGGTTGGGCAGATG-1,Normal,0
ATAGTCTTTGACGTGC-1,Normal,0
ATAGTGAAGCGTTCTC-1,Tumor,3
ATAGTTCCACCCACTC-1,Bronchus,0
ATATAAAGCGCTCGTG-1,Normal,0
ATATAAATGTAGCTGC-1,Normal,0
ATATACATGTATGGTA-1,Tumor,2
ATATACGCTCGTGACG-1,Normal,0
ATATAGAGTATTGGTC-1,Tumor,1
ATATCAACCTACAGAG-1,Bronchus,0
ATATCAATTCCAGCCT-1,Tumor,1
ATATCGGTAGGGAGAT-1,Normal,0
ATATCGTGCCAGACCC-1,Normal,0
ATATCGTTCCTCGAAC-1,Normal,0
ATATCTCCCTCGTTAA-1,Normal,0
ATATCTTAGGGCCTTC-1,Tumor,3
ATATGGGATAGCAACT-1,Tumor,2
ATATGTCTAGAGCGTG-1,Normal,0
ATATGTCTCCCTAGCC-1,Normal,0
ATATGTGCACAAACCA-1,Normal,0
ATATTCAGTTAAACCT-1,Tumor,1
ATATTCCACATAGTGA-1,Normal,0
ATATTCCCACAGGTCA-1,Normal,0
ATATTGCTGTCAAAGT-1,Normal,0
ATATTTAACCCTCAAG-1,Normal,3
ATCAAACACTGTTCCA-1,Normal,0
ATCAAACGAAGGTTTG-1,Tumor,2
ATCAAAGAGCCGTGGT-1,Tumor,2
ATCAAGATCCCAGGAC-1,Tumor,2
ATCAATCTGGGCTGCA-1,Normal,3
ATCAATGCCGTGGCTG-1,Tumor,2
ATCACATTAGAATATC-1,Normal,0
ATCACGTGCTAATTAA-1,Tumor,1
ATCACTTCATCCTCGC-1,Normal,0
ATCAGACGGCACGCCG-1,Tumor,3
ATCAGCCTCATGCTGC-1,Normal,0
ATCAGCTCGTCCACTA-1,Tumor,2
ATCAGGTCGCCATTGC-1,Normal,0
ATCAGTAGGCAGGGAT-1,Normal,0
ATCATAGATCGACGAG-1,Tumor,2
ATCATCCAATATTTGT-1,Tumor,3
ATCATCTGCCCAGTGT-1,Normal,0
ATCCAACGCAGTCATA-1,Normal,1
ATCCAATGGAGGGTCC-1,Tumor,1
ATCCAATGGTACCGAA-1,Tumor,1
ATCCACATCGACAGAA-1,Blood vessel,0
ATCCACGCTAAATGTT-1,Normal,0
ATCCACTTTCAGACTA-1,Normal,0
ATCCAGAGCAACAACC-1,Tumor,3
ATCCAGGATTCGTGAA-1,Tumor,1
ATCCCATCCACAGCGC-1,Tumor,2
ATCCCATTTCCGTGGG-1,Tumor,2
ATCCTACCTAAGCTCT-1,Tumor,3
ATCCTGAATCGCTGCG-1,Tumor,1
ATCCTGCGTGGAATGG-1,Tumor,3
ATCCTGCTGCAGATAG-1,Normal,3
ATCGACCCAATACAGA-1,Tumor,3
ATCGACTCTTTCCGTT-1,Normal,0
ATCGCACGCCGGGAGA-1,Normal,0
ATCGCCAGTCAACATT-1,Normal,0
ATCGCTGCGTGCAGCA-1,Normal,0
ATCGGAGACAGACGGC-1,Normal,0
ATCGGCAAGCAGTCCA-1,Normal,0
ATCGGTTACCTAGTAA-1,Tumor,1
ATCGTATTCCGAGAAC-1,Tumor,1
ATCGTGGAAAGTCTGG-1,Tumor,2
ATCGTTAGCTAGCGGA-1,Normal,0
ATCGTTCACTTTCGCC-1,Normal,0
ATCTAATATCCTACGG-1,Normal,0
ATCTAGCTTGTGAGGG-1,Normal,0
ATCTCCCACGGAATAT-1,Normal,0
ATCTCCCTGCAATCTA-1,Normal,0
ATCTGACATGGAAGGA-1,Tumor,2
ATCTGATAGTGTCTTA-1,Normal,1
ATCTGCACCTCTGCGA-1,Normal,0
ATCTGCTGTTATCGCC-1,Tumor,2
ATCTGGGCTGTTCTTG-1,Blood vessel,0
ATCTGGTTAAGACTGT-1,Normal,0
ATCTGTAATTGTACCC-1,Normal,0
ATCTTGACCTGCAACG-1,Normal,0
ATCTTGACTTGTCCAA-1,Normal,0
ATCTTTCGTATAACCA-1,Normal,0
ATGAAGCCAAGGAGCC-1,Normal,0
ATGAAGTGGACCCAGC-1,Tumor,1
ATGACGCCGGCTCTAA-1,Normal,0
ATGACGCGTTCTATCC-1,Tumor,2
ATGACTATCAGCTGTG-1,Tumor,2
ATGACTATGCGACATT-1,Normal,0
ATGAGGAGTGTTAATC-1,Normal,1
ATGATCGGGAATAGAC-1,Normal,0
ATGATGCAATGGTACA-1,Tumor,3
ATGCACCTTCCTTAAT-1,Tumor,1
ATGCACGCGCTGTTCA-1,Tumor,1
ATGCACTACCGCATTG-1,Normal,0
ATGCATGATCCAGGAT-1,Normal,0
ATGCATTCCGTGATGG-1,Tumor,3
ATGCCAATCGCTCTGC-1,Normal,0
ATGCCATTTGCGACCA-1,Normal,0
ATGCCGGTCTTGCATA-1,Normal,0
ATGCCGGTTGATGGGA-1,Normal,0
ATGCGACAATTGGTCC-1,Normal,0
ATGCGACAGTCCCATT-1,Normal,3
ATGCGAGTCCCACCAC-1,Normal,0
ATGCTCAGTGTTGCAT-1,Normal,1
ATGCTCTGGCGCGGTA-1,Blood vessel,0
ATGCTTAGGAGTTGAT-1,Normal,0
ATGGAAATTTAAGGAG-1,Tumor,1
ATGGAACAGAATAAAC-1,Normal,0
ATGGACTGCTTAGTTG-1,Tumor,2
ATGGAGCAGGCCGTGA-1,Tumor,3
ATGGATCCGGCGTCCG-1,Normal,0
ATGGATTGACCAAACG-1,Normal,0
ATGGCAGCATTACGAT-1,Tumor,2
ATGGCAGCCGAGAAAC-1,Tumor,1
ATGGCTGGAAATGGCC-1,Normal,0
ATGGGAACGGAAGCGG-1,Normal,0
ATGGGACCTGCTGAAC-1,Tumor,2
ATGGGCCTCGGCCTCT-1,Normal,0
ATGGGTGTATACCTCC-1,Tumor,2
ATGGTATTGGGAACCG-1,Tumor,2
ATGGTCGCGTGGTTTC-1,Normal,0
ATGGTGCTCAAAGCCA-1,Normal,3
ATGGTTACGAAACATG-1,Normal,0
ATGTAAGGCTGCTCTT-1,Normal,0
ATGTACGATGACGTCG-1,Normal,0
ATGTAGCGCGCGTAGG-1,Bronchus,0
ATGTCATAATAAACGA-1,Normal,2
ATGTCATTTCCCATTG-1,Tumor,1
ATGTCTTGTTTGACTC-1,Tumor,2
ATGTGAAAGCCTAATG-1,Tumor,2
ATGTGCATCCGACGCA-1,Normal,0
ATGTGGACATCTTGAT-1,Tumor,3
ATGTGTAGTTTAGTCA-1,Normal,0
ATGTTACGAGCAATAC-1,Normal,0
ATGTTCCTGCCCACCT-1,Normal,1
ATGTTCGTCGACCCAC-1,Normal,1
ATGTTGTAGTCTGTTT-1,Tumor,2
ATGTTTGTAAGATCAT-1,Normal,0
ATTAAACATGCGGACC-1,Tumor,3
ATTAACACCTGAGATA-1,Tumor,1
ATTAATACTACGCGGG-1,Normal,0
ATTAATGAACCAGTCG-1,Normal,0
ATTAATTCGGTCACTC-1,Normal,0
ATTACAACTACCGGCC-1,Normal,0
ATTACATGTCAGTCTT-1,Normal,0
ATTACGACTCCACAGT-1,Normal,0
ATTACGCGCTGGCAGG-1,Tumor,1
ATTACTAGCCTCTTGC-1,Normal,0
ATTACTTACTGGGCAT-1,Normal,0
ATTAGATTCCTCAGCA-1,Normal,0
ATTAGATTGATAGCGG-1,Normal,0
ATTAGGCGATGCTTTC-1,Normal,3
ATTATACTTTGCTCGT-1,Normal,0
ATTATAGCTACTTTAC-1,Normal,0
ATTATCGGAATGTACG-1,Tumor,2
ATTATCTCGACAGATC-1,Normal,0
ATTATGCCATAGGGAG-1,Normal,0
ATTATGCTCAGTATTG-1,Normal,0
ATTATTATGTCCGTCA-1,Tumor,2
ATTCAACCATTTAAGG-1,Normal,0
ATTCACTGATGTTGGA-1,Normal,0
ATTCAGATGAATCCCT-1,Normal,0
ATTCAGGACCTATTTC-1,Normal,0
ATTCAGGATCGCCTCT-1,Normal,0
ATTCAGTAGCAGGGTC-1,Normal,1
ATTCATATACTGTCCA-1,Tumor,3
ATTCATCGTTGAGGCA-1,Normal,0
ATTCCCACATAAACAA-1,Normal,1
ATTCCTAAGACGTGGA-1,Normal,0
ATTCCTCCGCCAGTGC-1,Normal,0
ATTCGACGCCGGGCCT-1,Tumor,1
ATTCGCAGAGGACACT-1,Normal,0
ATTCTCGTCTCTTTAG-1,Normal,0
ATTCTGAGTATGAACT-1,Normal,0
ATTCTTCGTACTTATG-1,Normal,0
ATTGAAGATCTTAGTG-1,Normal,1
ATTGACCGGCGATGAC-1,Normal,0
ATTGACGTAACTCGGT-1,Normal,0
ATTGATAGCAACGAGA-1,Normal,0
ATTGATCACCACATTT-1,Tumor,1
ATTGATGAGTCCTAAC-1,Normal,0
ATTGCCTATTAGACCG-1,Tumor,2
ATTGCCTTTATGTTTG-1,Bronchus,0
ATTGCGATCAGTAACT-1,Normal,0
ATTGCTGCTCCTCCAT-1,Tumor,1
ATTGGATTACAGCGTA-1,Normal,0
ATTGGGAATATCTTGG-1,Normal,0
ATTGGGAGTTCTGTAA-1,Normal,0
ATTGGTAGGATCCGCT-1,Tumor,1
ATTGTACAACTCGGCT-1,Bronchus,0
ATTGTCGCAATACCTT-1,Normal,0
ATTGTCTGTTTCATGT-1,Tumor,2
ATTGTGACTTCGCTGC-1,Normal,0
ATTTAACTCGTATTAC-1,Normal,0
ATTTACAGTTTACTGG-1,Tumor,1
ATTTACTAAGTCCATT-1,Normal,0
ATTTCATTATTTCGCG-1,Normal,0
ATTTCCGGGTTCTGCG-1,Tumor,2
ATTTGCCTAGTTACGA-1,Normal,0
ATTTGCGCGAGTAGCT-1,Tumor,2
ATTTGTCTTGGGAGCT-1,Normal,0
ATTTGTTCCAGGGCTC-1,Normal,0
CAAACCAGGTCTGCAT-1,Tumor,1
CAAACCCTCCGGCGGG-1,Normal,0
CAAACGAGTATCGCAG-1,Tumor,3
CAAACGGTCGCACTTT-1,Tumor,1
CAAACGTGGTCTTGCG-1,Normal,0
CAAACTACGATAGAGA-1,Normal,0
CAAACTATTGAGCTTC-1,Normal,0
CAAACTCGCGACGCCG-1,Normal,0
CAAAGATTATTGGGCC-1,Tumor,2
CAAAGGTTAAATTCAG-1,Normal,0
CAAATCTCTCACAAGG-1,Tumor,2
CAAATGCGGAGTGTTC-1,Normal,3
CAAATGTCCTTCCGTG-1,Tumor,3
CAAATTGGATTATGCC-1,Normal,0
CAAATTGTCAGCAAGC-1,Normal,0
CAACACATCTCCTGCC-1,Normal,0
CAACAGAATAACGCTA-1,Normal,0
CAACAGTGCCAAACGG-1,Normal,0
CAACCTACCGAGCAGT-1,Normal,0
CAACCTGAACCTGCCA-1,Normal,0
CAACGACCCGTTTACA-1,Normal,0
CAACGCGATGAGCCAA-1,Tumor,2
CAACGGTTCTTGATAC-1,Normal,0
CAACGTGGTGGAGTCT-1,Normal,0
CAACTATATCGAATGC-1,Normal,0
CAACTCCAACGTTTAG-1,Normal,0
CAACTCCGTAACTTGC-1,Normal,0
CAACTCCTTGATCCCG-1,Normal,0
CAACTGAGGGTATGAC-1,Normal,0
CAACTGCTCATCCGAT-1,Bronchus,3
CAACTTGTAGTGGGCA-1,Normal,0
CAAGAAACCCTAAACT-1,Normal,0
CAAGAGGGCGGAGTAC-1,Tumor,3
CAAGATATTATAACGT-1,Normal,0
CAAGCAACGTCGGAGT-1,Tumor,1
CAAGCACCAAATGCCT-1,Normal,0
CAAGCGGCACATAATT-1,Normal,0
CAAGGATCGCATGTTC-1,Tumor,3
CAAGGTCCTATAGGCT-1,Normal,0
CAAGTAAGTGATAGAC-1,Tumor,2
CAAGTCGTTGAAATCT-1,Tumor,2
CAAGTGAACTTTGGTT-1,Normal,3
CAAGTGTGGTTGCAAA-1,Normal,0
CAATAAACCTTGGCCC-1,Normal,0
CAATACGCTCTGAGGC-1,Tumor,1
CAATATGTAGATTTAC-1,Normal,0
CAATATTCTTGACCTA-1,Tumor,3
CAATCCATTATCCGTT-1,Normal,0
CAATCCCTATACCAGC-1,Normal,0
CAATCCTGCCGTGGAG-1,Normal,0
CAATGACCCTTAATTT-1,Tumor,2
CAATGAGGTTCGACTA-1,Normal,0
CAATGCGAGAAGTATC-1,Normal,0
CAATGGAATCTACATA-1,Normal,0
CAATGGATCTCTACCA-1,Normal,0
CAATGGTCGGCCTGGG-1,Normal,0
CAATGTGCCAACCCTT-1,Normal,0
CAATTAAGGGTGATGA-1,Normal,0
CAATTGGGCCGCACTC-1,Tumor,1
CAATTTCGTATAAGGG-1,Tumor,3
CACAAGAAAGATATTA-1,Normal,0
CACAATGAGCTGCTAT-1,Tumor,3
CACACACGCTAACGAG-1,Normal,0
CACACAGGGATAGATT-1,Normal,1
CACACGCGCTGTCTTA-1,Normal,0
CACACGTTTCAATGGG-1,Normal,0
CACACTTGTATTGCGA-1,Normal,0
CACAGAGACGAGGACG-1,Tumor,2
CACAGCACCCACGGCA-1,Normal,3
CACAGCTAGGGAGTGA-1,Normal,0
CACAGGGCCATATAGT-1,Normal,0
CACAGGGCCGTTGTCA-1,Bronchus,3
CACAGTTCGCTTCCCA-1,Normal,0
CACATATTAGCAGGAT-1,Tumor,3
CACATCGTGCACGCGC-1,Tumor,2
CACATCTCACCGACGA-1,Blood vessel,0
CACATGATTCAGCAAC-1,Tumor,3
CACATTCTTTCGATGG-1,Normal,0
CACATTTCTTGTCAGA-1,Normal,0
CACCAATCATCCGTCT-1,Tumor,1
CACCACGCCACACAGA-1,Tumor,1
CACCAGTCAGCATGCA-1,Tumor,2
CACCATCGGAGGAGAC-1,Normal,0
CACCATGATCGCAAAG-1,Normal,0
CACCCAAATCTTATGT-1,Bronchus,0
CACCCACACGTCACCC-1,Normal,0
CACCCACGAGGCAATT-1,Normal,0
CACCCGGTTTGTGACT-1,Tumor,3
CACCCTAACAAGATCT-1,Blood vessel,0
CACCCTTGGTGAGACC-1,Tumor,2
CACCCTTTCCTCGCTC-1,Normal,0
CACCGATACACCGAGC-1,Normal,0
CACCGCCAGAAGGTTT-1,Normal,0
CACCGCCGACCAGCGA-1,Normal,0
CACCGCGTCCACTCTA-1,Normal,0
CACCGGAGATATCTCC-1,Normal,0
CACCGGTAGAGACATT-1,Tumor,2
CACCGTATCCCATCCG-1,Normal,0
CACCGTTAGGGATCAC-1,Tumor,2
CACCGTTGCGCGATAT-1,Tumor,2
CACCTAATAGAGTCGT-1,Normal,1
CACCTAATCAGTTTAC-1,Normal,0
CACCTCGATGGTGGAC-1,Normal,0
CACCTTGCGAAACTCG-1,Normal,0
CACCTTGGCGCCTTTG-1,Normal,3
CACGAAAGTTAGTCCC-1,Tumor,1
CACGACCACAGACTTT-1,Normal,0
CACGACGTAATAGTAA-1,Normal,0
CACGACTAAAGTTCTG-1,Tumor,3
CACGATTGGTCGTTAA-1,Tumor,3
CACGCACAGCGCAGCT-1,Normal,0
CACGCAGCGAGGCTTT-1,Tumor,1
CACGCGGAACTGTTGC-1,Normal,0
CACGGACGTGGATGGC-1,Normal,0
CACGGCGCGCCAAAGG-1,Normal,0
CACGGGATTGAGGGTT-1,Tumor,1
CACGTCGGCAACCTCT-1,Tumor,2
CACGTCGGGTTCTAGA-1,Tumor,1
CACGTCTATGATGTGG-1,Normal,0
CACGTTCGTGCTCTAG-1,Normal,0
CACGTTTCGTACACAC-1,Normal,0
CACTAAAGTTGCCTAT-1,Tumor,3
CACTACGGGAGCTGCC-1,Normal,0
CACTACTCAGTTCTGT-1,Normal,0
CACTCAAGAGCTATGG-1,Tumor,3
CACTCAGCTCTTGAGG-1,Normal,0
CACTCCTATGTAAGAT-1,Tumor,2
CACTCCTCTCGGTCGG-1,Normal,0
CACTCGAGCTGAACAA-1,Tumor,3
CACTCGGTTAGGAGGA-1,Normal,1
CACTCTCAAGCATCGA-1,Tumor,2
CACTCTTCTGCTAGCC-1,Normal,0
CACTGACGATTGTGGA-1,Tumor,2
CACTGTCCAAGTGAGA-1,Normal,0
CACTTAATCAGACGGA-1,Tumor,1
CACTTCGCCACAGGCT-1,Normal,1
CACTTCGTCTTATCTC-1,Normal,1
CAGAACTTAGCCCTCT-1,Normal,0
CAGAATAACACACGGA-1,Normal,0
CAGACACCGATCGCTG-1,Tumor,3
CAGACCTGTAAGTGTT-1,Normal,0
CAGACGAACCTGATAC-1,Tumor,3
CAGAGACGGTCACCCA-1,Tumor,3
CAGAGCATGAGCTTGC-1,Normal,0
CAGAGGCGATGCATGA-1,Tumor,3
CAGAGTGATTTAACGT-1,Normal,0
CAGATACTAACATAGT-1,Normal,0
CAGATATGAAGATGAC-1,Tumor,2
CAGATCATTTAAAGTC-1,Normal,0
CAGATCCTGGTTTGAA-1,Tumor,1
CAGATGTTTGTCCCAA-1,Tumor,1
CAGCAGCCCGTTCCTT-1,Normal,0
CAGCAGTCCAGACTAT-1,Normal,0
CAGCAGTCTGTGCTGC-1,Blood vessel,0
CAGCCCTCACAGGCAG-1,Normal,0
CAGCCGGGCCCTCTAT-1,Normal,0
CAGCCTCCTGCAGAGG-1,Normal,0
CAGCCTCTCCTCAAGA-1,Normal,0
CAGCGATTCCCTTCAA-1,Tumor,3
CAGCGCCAACACGATA-1,Tumor,1
CAGCTCACTGAGACAT-1,Normal,3
CAGCTCGACAAGTTAA-1,Normal,0
CAGCTCGTGCTTGTGT-1,Normal,0
CAGCTCTGGGCTCACT-1,Tumor,2
CAGCTGGCGTAACCGT-1,Tumor,2
CAGCTTAGTAGGTAGC-1,Tumor,1
CAGGAAGACTTTATAT-1,Normal,0
CAGGATATATCGTTGT-1,Tumor,3
CAGGATCCGCCCGACC-1,Tumor,3
CAGGCAGTCTTACCAG-1,Bronchus,0
CAGGCCGTTTGGGTGT-1,Tumor,1
CAGGCGCACGGTGGTC-1,Tumor,2
CAGGCGCCATGCTAGG-1,Tumor,3
CAGGTTTAGTACTACA-1,Normal,0
CAGTAACTATTTATTG-1,Normal,0
CAGTAATCCCTCCCAG-1,Tumor,1
CAGTACATTCTCTAAA-1,Normal,0
CAGTACCAGTTTACGT-1,Tumor,2
CAGTAGATGATGTCCG-1,Tumor,1
CAGTAGCCCACGCGGT-1,Normal,0
CAGTCCAACGCCTTCT-1,Normal,0
CAGTCGAGGATGCAAT-1,Normal,0
CAGTCGGCCTAGATAT-1,Tumor,2
CAGTCTGTATACTGGG-1,Tumor,3
CAGTGAATAAATGACT-1,Normal,0
CAGTGGTTGCACATGA-1,Normal,1
CAGTGTCCGCAGAATG-1,Normal,0
CAGTGTCGGCTGGCCC-1,Normal,0
CAGTTCAAATTGACAC-1,Normal,0
CAGTTCCGCGGGTCGA-1,Normal,1
CAGTTCGAGGACCCGA-1,Tumor,2
CATAACGGACAGTCGT-1,Normal,0
CATAAGAAGCTTGGCT-1,Blood vessel,0
CATAAGCTCTCCGTCT-1,Tumor,2
CATAATGAGCGGGCGA-1,Tumor,3
CATACAAAGCCGAACC-1,Normal,0
CATACACGGTTCCCAC-1,Bronchus,3
CATACCCGTACCCAGT-1,Tumor,1
CATACGAACTAGCTGG-1,Tumor,2
CATACGGCGTCTGGGC-1,Tumor,3
CATACTATGTAATTGT-1,Tumor,1
CATACTTAGGCAATAC-1,Normal,0
CATACTTCTTTCTCCG-1,Tumor,2
CATAGAGGAGATACTA-1,Normal,0
CATAGCCGCCCGGGAT-1,Normal,1
CATAGCGTTGCCCACC-1,Tumor,3
CATAGTACATTGAGAG-1,Normal,0
CATAGTAGCATAGTAG-1,Normal,0
CATAGTCCACAAGAAC-1,Tumor,1
CATATACTACTGATAA-1,Normal,0
CATATAGGTACAGTCA-1,Tumor,3
CATATGTCAGGCTACG-1,Tumor,2
CATATTATTTGCCCTA-1,Normal,0
CATCAAACTGGCGCCC-1,Normal,0
CATCAACACCTACTAA-1,Normal,1
CATCATCTACCCGGAC-1,Normal,0
CATCATTACCCTGAGG-1,Normal,0
CATCCAATATAGTTTG-1,Tumor,2
CATCCGCAGGCCCGAA-1,Normal,1
CATCCTCTCAAAGATC-1,Normal,0
CATCGCCCGCGGCCAA-1,Normal,0
CATCGGACGGGTTAAT-1,Tumor,3
CATCGTCCGGTTACTA-1,Tumor,1
CATCTACCCGAGAACG-1,Normal,0
CATCTATCCCGTGTCT-1,Normal,0
CATCTGCAGGATCATT-1,Tumor,1
CATCTTACACCACCTC-1,Normal,0
CATGAACCGACATTTG-1,Normal,0
CATGAACCTCTTATCA-1,Normal,0
CATGACTTCGCTGAAT-1,Normal,0
CATGAGATGCACTCTC-1,Blood vessel,0
CATGAGTCCATCACGG-1,Tumor,2
CATGATGCACAATTCT-1,Normal,0
CATGATGGAAGTTAGC-1,Normal,0
CATGCACGTGTTACTG-1,Normal,0
CATGCATGGAGACCCT-1,Normal,0
CATGCCAACTCGCAAA-1,Tumor,2
CATGCGACCAGTTTAA-1,Normal,0
CATGCGTTAGACAGAA-1,Normal,0
CATGCGTTGAGAGGAG-1,Tumor,2
CATGCTGGCTCCAATT-1,Normal,0
CATGGAAATGGGACCA-1,Normal,0
CATGGATTGTCTTCCG-1,Normal,0
CATGGCAGGAAGATCG-1,Normal,0
CATGGCTCCCTATGTC-1,Tumor,1
CATGGGTATGCCTTAT-1,Blood vessel,0
CATGGGTCGGGTGTGG-1,Normal,0
CATGGTAAGTAGCGTT-1,Tumor,3
CATGGTATTAGTTTGT-1,Tumor,1
CATGGTCTAGATACCG-1,Normal,0
CATGTAAGAGACATTT-1,Normal,0
CATGTAGGAGCGCCAA-1,Normal,0
CATGTCTCATTTATGG-1,Normal,0
CATTACATAGATTGTG-1,Normal,0
CATTACGTCGGCCCGT-1,Normal,0
CATTATAACAGGGTCC-1,Normal,0
CATTATCCCATTAACG-1,Tumor,2
CATTATGCTTGTTGTG-1,Normal,0
CATTCACTGACAGCTA-1,Normal,0
CATTCCCATTCCGTCG-1,Normal,0
CATTCCCTAAGTACAA-1,Normal,1
CATTGATGAACACGCC-1,Normal,0
CATTGCAAAGCATAAT-1,Normal,0
CATTGCGAAATGGGCG-1,Normal,1
CATTGCGGGTCAATTC-1,Normal,0
CATTGTGTGCTAGATC-1,Normal,1
CATTTAGCGGACCATG-1,Normal,0
CATTTATCGTTCAAGA-1,Normal,0
CATTTCTAGCAGACTA-1,Normal,1
CATTTGAGTGGTACGT-1,Tumor,3
CCAAACAGAACCCTCG-1,Normal,0
CCAAAGTCCCGCTAAC-1,Normal,0
CCAAATAACAAGATTC-1,Normal,0
CCAACCTTATGTAACT-1,Tumor,2
CCAACGATGCACTGAT-1,Tumor,1
CCAACGCTTGCCAGGG-1,Normal,0
CCAAGAAAGTGGGCGA-1,Tumor,3
CCAAGACTTCTGCGAA-1,Normal,0
CCAAGCGTAACTCGTA-1,Normal,0
CCAAGGAACAGAGAGG-1,Normal,0
CCAAGTTTCTACAGAT-1,Normal,1
CCAATAGATTTCATCT-1,Tumor,1
CCAATAGTGCCGTCGA-1,Tumor,1
CCAATCGGTAGATCGA-1,Normal,0
CCAATGTCACAGCAAG-1,Tumor,1
CCAATTACGGGTCGAG-1,Normal,0
CCAATTGAATGTTAAT-1,Normal,0
CCACAATGTACGTCTT-1,Normal,0
CCACACTGAGATATTA-1,Tumor,1
CCACAGCTGAAATCAT-1,Normal,0
CCACAGTACCCATCCT-1,Normal,0
CCACATGGCTCTTTAT-1,Tumor,1
CCACCAACTTTACTGT-1,Tumor,2
CCACCCAAGGAAAGTG-1,Normal,3
CCACGAGAAGAGAATC-1,Normal,0
CCACGGAGCCATAAGA-1,Tumor,2
CCACGGCAGGTGTAGG-1,Tumor,2
CCACGGTGCCCGGTAG-1,Bronchus,0
CCACTATCCGGGTCAC-1,Normal,0
CCACTGGTGGCTGGTT-1,Normal,1
CCACTGTTTGGATTAA-1,Normal,0
CCAGAAAGCAACTCAT-1,Tumor,2
CCAGAGACAAAGCCGG-1,Tumor,1
CCAGATAGTTGAGTGA-1,Normal,0
CCAGATGTAAATGGGT-1,Normal,0
CCAGCCTGGACCAATA-1,Tumor,3
CCAGCTACGCCTCATA-1,Normal,0
CCAGCTCGAACGCATT-1,Normal,0
CCAGCTGATGGTACTT-1,Normal,1
CCAGCTTCCGCCCGCA-1,Tumor,1
CCAGGGACGTGGCCTC-1,Normal,0
CCAGTAGTCTGATCCA-1,Normal,0
CCAGTCAAATCTCTTA-1,Tumor,2
CCAGTCTAGACGGCGC-1,Normal,0
CCAGTCTTGTCATAGA-1,Bronchus,3
CCATAAACAACCCGAC-1,Normal,0
CCATAACCTGTGCAGT-1,Tumor,1
CCATACCTTTACTTGT-1,Normal,0
CCATACTCGCCTCTCC-1,Tumor,1
CCATAGGTTGGCGTGG-1,Normal,0
CCATAGTCAGTAACCC-1,Normal,1
CCATATGGAAACTATA-1,Normal,0
CCATCATAAGAACAGG-1,Normal,0
CCATCCATACCAAGTC-1,Normal,0
CCATCGCAGTTAAACT-1,Tumor,3
CCATCTCACCAGTGAA-1,Normal,0
CCATCTTGTTCACAAT-1,Normal,0
CCATGCCCTAGATTTC-1,Normal,0
CCATGCCTGTTTAGTA-1,Tumor,3
CCATGCTCTGCAGGAA-1,Normal,0
CCATGGCAAACGCTCA-1,Tumor,2
CCATGGCCCTTGTACC-1,Tumor,1
CCATGTTCATCTATAT-1,Tumor,2
CCATTAGCGATAATCC-1,Tumor,1
CCATTCCCTGCCCACA-1,Tumor,1
CCATTGTTTCCTCCAT-1,Normal,0
CCATTTCTACCTATTA-1,Normal,0
CCCAAACATGCTGCTC-1,Normal,0
CCCAACATACGTCGCG-1,Tumor,1
CCCAACCACACTAACA-1,Normal,0
CCCAAGAATGCACGGT-1,Normal,0
CCCAAGACAGAGTATG-1,Tumor,3
CCCAATGAGATTTGCA-1,Tumor,2
CCCAATTTCACAACTT-1,Tumor,1
CCCACTCCACGGTATC-1,Tumor,2
CCCAGAGGAGGGCGTA-1,Normal,0
CCCAGATTCCCGTGAC-1,Tumor,2
CCCAGGAAGAATTCGA-1,Normal,0
CCCAGGTCTGAAGGCT-1,Normal,0
CCCAGTAAACTTGGGA-1,Tumor,1
CCCAGTTAAGGCGCCG-1,Normal,0
CCCGAAGTTTCGCGAA-1,Tumor,2
CCCGACCATAGTCCGC-1,Normal,0
CCCGAGTTTCTCCGTA-1,Normal,0
CCCGCAAATAATCATC-1,Tumor,2
CCCGCAGCGCGAACTA-1,Tumor,3
CCCGCAGGGCCCAAAG-1,Normal,0
CCCGCCATGCTCCCGT-1,Normal,0
CCCGCGCAATGCACCC-1,Normal,1
CCCGCTAGAGGGTTAA-1,Normal,0
CCCGCTTGCCCTCGTC-1,Tumor,0
CCCGGGTCGTTCAGGG-1,Tumor,2
CCCGGTGGAAGAACCT-1,Tumor,1
CCCGGTGTATCGGAAT-1,Tumor,1
CCCGTAAGTCTAGGCC-1,Tumor,1
CCCGTAGCTGGGAAGA-1,Tumor,2
CCCGTCAGCGTCTGAC-1,Normal,0
CCCGTGAGGGCGGTGA-1,Tumor,2
CCCGTTTCGCAGATGT-1,Normal,0
CCCTAGCTCTAAGGTC-1,Tumor,2
CCCTAGGCAACAAGAG-1,Tumor,2
CCCTATGTAGAGCAGA-1,Tumor,2
CCCTCAAGCTCTTAGT-1,Tumor,1
CCCTCAGATCGAGAAC-1,Tumor,2
CCCTCATTCTGGAATT-1,Normal,0
CCCTCCTCGCTCGTAT-1,Normal,0
CCCTCGATAATACACA-1,Tumor,2
CCCTCGGGAGCCTTGT-1,Normal,3
CCCTGAAATGAGTTGA-1,Tumor,1
CCCTGACTAACAAATT-1,Normal,1
CCCTGATGTAACTCGT-1,Normal,1
CCCTGCCCAATCCGCT-1,Normal,2
CCCTGCGCTACGCATA-1,Tumor,1
CCCTGGCTGTTCCTTC-1,Tumor,2
CCCTGGTATGGGCGGC-1,Normal,0
CCCTTCTCGTACGCGA-1,Normal,0
CCCTTTGACAGGTCTT-1,Tumor,3
CCGAAAGTGGTGAGCA-1,Normal,1
CCGAACACTGGGCCTC-1,Tumor,2
CCGAACCTTCCCGGCC-1,Tumor,3
CCGAAGTATATTGTTC-1,Tumor,1
CCGACAAACACATGAG-1,Normal,1
CCGACAAAGGGAGTGC-1,Tumor,1
CCGACAATAGGCCGCC-1,Normal,0
CCGACGGGCATGAGGT-1,Tumor,2
CCGACGTAAACACAAC-1,Normal,0
CCGACTCGCATAGTCT-1,Normal,0
CCGAGAAGTCGCATAA-1,Normal,0
CCGAGCTGTGCTTGTC-1,Normal,0
CCGAGGGATGTTAGGC-1,Normal,0
CCGATCTCAACCTTAT-1,Normal,0
CCGATCTTAAGAGGCT-1,Normal,0
CCGATTCGAGGGACCC-1,Normal,1
CCGATTGGTCAATGAA-1,Normal,0
CCGCACAAAGACCAAC-1,Normal,0
CCGCACGTGACCTCGG-1,Normal,1
CCGCATGTGGTACGAT-1,Normal,0
CCGCCACCACAATCCA-1,Normal,0
CCGCCGGAACTTCTCG-1,Tumor,1
CCGCCGGTCAACACAC-1,Normal,0
CCGCCTGCGAATTGGT-1,Normal,0
CCGCCTTGCGATGTCG-1,Tumor,2
CCGCGATTTGGTAGGT-1,Normal,1
CCGCGGAATGCGTCAC-1,Tumor,3
CCGCGGGTACGAAGAA-1,Tumor,1
CCGCGTAGGTAAGGGC-1,Normal,1
CCGCTATCAGCACCAG-1,Tumor,3
CCGCTCCAGGGCGATC-1,Normal,0
CCGCTGGTGCCATTCA-1,Normal,0
CCGCTTACCTCACTCT-1,Tumor,1
CCGCTTCGCGGTTAAC-1,Normal,0
CCGCTTGCTGACATGG-1,Normal,0
CCGGAATGGTTTCAGT-1,Normal,1
CCGGAGCGTACTTTCT-1,Bronchus,3
CCGGAGGTCTTATGGT-1,Normal,0
CCGGCACGACCGTTTC-1,Normal,0
CCGGCCGCGAGCATAT-1,Tumor,1
CCGGCGCATATTGGAT-1,Normal,0
CCGGCGTGAGACTCTG-1,Tumor,2
CCGGGACCCGCAGAGA-1,Normal,0
CCGGGCGGTCTCGTCA-1,Normal,0
CCGGGCTGCTCCATAC-1,Normal,0
CCGGGTTCGAGGTTAC-1,Tumor,1
CCGGTTTGTAATTGTG-1,Tumor,2
CCGTAAGTTGGTCCCA-1,Normal,0
CCGTACCCAAGCGCCA-1,Normal,0
CCGTAGGAAATCCCTG-1,Normal,0
CCGTAGGGTTGTTTAC-1,Normal,0
CCGTATCTCGTCGTAG-1,Tumor,2
CCGTATTAGCGCAGTT-1,Normal,0
CCGTGCCCATGACGGC-1,Normal,0
CCGTGGAACGATCCAA-1,Normal,0
CCGTGTTAAATTCCAT-1,Tumor,2
CCGTTACGTTAGAACA-1,Normal,0
CCGTTCCGAATCTCGG-1,Normal,1
CCGTTTCCTTTCCGTG-1,Tumor,2
CCTAAACAGGGTCCGT-1,Normal,3
CCTAAAGGCTGACGCT-1,Normal,0
CCTAAATTAACGGTTC-1,Tumor,3
CCTAAATTGTATCCTA-1,Normal,0
CCTAACCCAAACAAGT-1,Normal,0
CCTAACTAAGGCTCTA-1,Normal,0
CCTACAAGTCCGGAAT-1,Normal,0
CCTACATTCACAGACG-1,Tumor,2
CCTACGCGACCTTACA-1,Normal,0
CCTACGGCTCAGTCGA-1,Normal,0
CCTACTGCGGCGGCCA-1,Normal,0
CCTACTGCTTACACTT-1,Normal,0
CCTAGGCGTAGCGATC-1,Normal,0
CCTAGGTAAAGGTAGC-1,Tumor,1
CCTAGTTAGTCGCATG-1,Normal,0
CCTATAATGAGTGCCC-1,Normal,0
CCTATACCGTCCTGTC-1,Tumor,3
CCTATATCGTGTCACG-1,Tumor,1
CCTATATTTGTCCTGG-1,Bronchus,3
CCTATCTATATCGGAA-1,Normal,0
CCTATGAAGTGGTGCC-1,Normal,0
CCTATGGCTCCTAGTG-1,Tumor,2
CCTATGGGTTACCGTC-1,Normal,0
CCTATGGTCAAAGCTG-1,Normal,0
CCTATGTCCACTCCAC-1,Normal,0
CCTCAACGATCGCTGT-1,Tumor,1
CCTCACCAATCTTGAC-1,Normal,0
CCTCACCTGAGGGAGC-1,Normal,0
CCTCACCTTAGCATCG-1,Normal,0
CCTCATGCAGCTACGA-1,Normal,0
CCTCCCGACAATCCCT-1,Normal,0
CCTCCGACAATTCAAG-1,Tumor,1
CCTCCTGAGCCCACAT-1,Normal,1
CCTCGAAGTGGACGGG-1,Normal,0
CCTCGACCCACTGCCT-1,Normal,0
CCTCGCCAGCAAATTA-1,Normal,0
CCTCGCGCGATATAGG-1,Normal,0
CCTCGCGCTGTGCGAT-1,Normal,3
CCTCGGACCGGGATAG-1,Normal,0
CCTCGGATGCTACCTG-1,Tumor,1
CCTCGGTTTCCTTGCC-1,Tumor,2
CCTCGTTACGCCTGTT-1,Normal,0
CCTCTAATCTGCCAAG-1,Normal,0
CCTCTACAAGGATTGG-1,Tumor,2
CCTCTATCGATTAGCA-1,Tumor,2
CCTCTCTCCCATCTAG-1,Tumor,1
CCTCTGGCCTAGACGG-1,Normal,0
CCTCTGTACTATTCTA-1,Tumor,3
CCTGAACGATATATTC-1,Normal,0
CCTGAATATTTACATA-1,Normal,0
CCTGACAAACTCGCGC-1,Tumor,1
CCTGACCACCGATGGT-1,Tumor,3
CCTGACGCAACCTTTA-1,Normal,0
CCTGAGAATAAATGCA-1,Tumor,2
CCTGCCCGTTGTCTAG-1,Tumor,1
CCTGCGTTCTACGCTT-1,Tumor,1
CCTGCTATTTGAGAAG-1,Normal,0
CCTGGCTAGACCCGCC-1,Normal,1
CCTGGTCGAATGTGGG-1,Blood vessel,0
CCTGTAAGACATGATA-1,Tumor,1
CCTGTACTCACGCCCA-1,Normal,1
CCTGTCACCCGGGCTC-1,Normal,0
CCTGTCCCTCACGTTA-1,Normal,0
CCTGTCGCCCGTAAAT-1,Tumor,3
CCTGTGAAACCGTAAC-1,Tumor,1
CCTGTGCGGATTGTAA-1,Normal,0
CCTGTTCAACCTCGGG-1,Tumor,2
CCTGTTTGAAGACACG-1,Normal,0
CCTTCAGTTAAAGTGA-1,Bronchus,3
CCTTCGTATAGAATCC-1,Tumor,2
CCTTCTCAGCGTTCCT-1,Tumor,2
CCTTCTTGATCCAGTG-1,Normal,0
CCTTGACCACTTTATT-1,Normal,0
CCTTGTGAACGTGGTT-1,Tumor,2
CCTTTAAGGGAGCACT-1,Bronchus,3
CCTTTCAATGAAGAAA-1,Normal,0
CCTTTGAATTATGGCT-1,Tumor,1
CGAAACATAGATGGCA-1,Normal,0
CGAAACGCAATTCATG-1,Tumor,1
CGAACAGTATGGGCGT-1,Normal,0
CGAACATAGTCAGAAA-1,Normal,0
CGAACCCGCATGCGTC-1,Tumor,3
CGAACGCCCAGTGCCG-1,Normal,0
CGAACGGCCGGACAAC-1,Tumor,2
CGAAGACGGTGAGTGC-1,Tumor,1
CGAAGACTGCCCGGGA-1,Tumor,3
CGAAGCTATAAATTCA-1,Normal,0
CGAAGGGTTTCAGATT-1,Tumor,2
CGAAGTTGCTCTGTGT-1,Tumor,1
CGAATCTGCTCGACGC-1,Tumor,2
CGAATGAAGTCATTGC-1,Tumor,2
CGAATGACGCATAATG-1,Bronchus,3
CGAATGGTAGGTCGTC-1,Tumor,2
CGAATTACATGGTGTT-1,Normal,0
CGACAATTTGATCTAA-1,Normal,0
CGACACCGCTTAAGGA-1,Normal,0
CGACACGCTCCGACAG-1,Normal,0
CGACACGGATGCCCAC-1,Normal,0
CGACAGTTCGCGTTAT-1,Tumor,1
CGACATGCGATCTTCT-1,Normal,0
CGACGCATCCGTACCT-1,Tumor,2
CGACTCAGGATGTTAT-1,Normal,0
CGACTCGGTACACGGT-1,Normal,0
CGACTTTGTATAGCCT-1,Bronchus,0
CGAGACCCTAGAGTGT-1,Tumor,3
CGAGAGATGTGAACCT-1,Normal,0
CGAGAGCGCGTAGATA-1,Tumor,2
CGAGAGCTTTCACTAC-1,Bronchus,0
CGAGAGGGTAGCCGCG-1,Normal,0
CGAGATGTTGCCTATA-1,Normal,0
CGAGCACTTCAAGTTT-1,Tumor,1
CGAGCGTTGATCAGCC-1,Normal,0
CGAGCTGGGCTTTAGG-1,Normal,0
CGAGGAGCTTCCATAT-1,Normal,0
CGAGGATCGGGAACGA-1,Normal,0
CGAGGCCAGGCATTGG-1,Normal,1
CGAGGCTAAATATGGC-1,Normal,0
CGAGGGACTGCGGTCG-1,Normal,3
CGAGGGTATCCAGGTG-1,Bronchus,3
CGAGTACTAAAGAGGA-1,Tumor,1
CGAGTGAAGGTACCAG-1,Tumor,2
CGAGTGCTATAGTTCG-1,Normal,0
CGAGTTCTGTCCCACC-1,Normal,0
CGAGTTTATCGGACTG-1,Normal,0
CGATAACCAATTTGAG-1,Normal,0
CGATACCTCGCGGACA-1,Tumor,1
CGATAGTCGTACTGCA-1,Bronchus,0
CGATATTAGCCGCAGG-1,Normal,0
CGATCATTAGAGGCAC-1,Normal,0
CGATCCACCATTGTTG-1,Tumor,2
CGATCCGACCCAGTGC-1,Tumor,1
CGATCCTCGCAACATA-1,Tumor,2
CGATCGAGAAGCACCA-1,Tumor,0
CGATCTGTTGGAGGAC-1,Tumor,2
CGATGGACCCTACGCC-1,Normal,0
CGATGTTGTTATCTAC-1,Tumor,1
CGATTAAATATCTCCT-1,Normal,0
CGATTCGCCTGGCTGC-1,Blood vessel,0
CGCAAACACGAGTTAC-1,Tumor,1
CGCAATCGATCATTAG-1,Tumor,1
CGCAATTACTTTCGGT-1,Normal,1
CGCAATTAGGGTAATA-1,Normal,1
CGCAATTCTACAATAA-1,Normal,1
CGCACATGTCCACTAC-1,Normal,0
CGCACGTCTGTTTATG-1,Tumor,2
CGCACGTGCGCTATCA-1,Normal,0
CGCAGAAACATTTGCG-1,Normal,0
CGCAGATCTTCACCCG-1,Normal,0
CGCAGGCGATCCAAAC-1,Normal,0
CGCATCATGGCTTCAG-1,Normal,0
CGCATCCATCAGCCAG-1,Normal,0
CGCATGCCGAATGCGT-1,Normal,0
CGCATGGTGCGATGCT-1,Tumor,3
CGCATTAGCTAATAGG-1,Normal,0
CGCCAAGAAGCCGAGT-1,Normal,1
CGCCACAGGTCGCGAT-1,Tumor,2
CGCCATCCGATTATGA-1,Normal,0
CGCCCAGCACGCCTAG-1,Bronchus,3
CGCCCAGCGTTTCACG-1,Bronchus,0
CGCCCGCTTCCGTACA-1,Normal,0
CGCCCTTACATCCACC-1,Normal,0
CGCCCTTGAAGGCTGA-1,Tumor,1
CGCCGACTATTCGCTA-1,Tumor,1
CGCCGCCCATGCCTGT-1,Normal,3
CGCCGCGTTCTGAACG-1,Tumor,2
CGCCGTTCAGCATAGT-1,Normal,0
CGCCTCCCTCCTCTAT-1,Tumor,3
CGCCTGGCCTACGTAA-1,Normal,1
CGCGACACTGCGCAGC-1,Tumor,1
CGCGACCGCGACAGAT-1,Blood vessel,0
CGCGAGAGGGACTTGT-1,Normal,0
CGCGAGTCTGCCGGGT-1,Tumor,1
CGCGCAAATGTCCAGA-1,Tumor,2
CGCGCATGTTTGATTG-1,Tumor,3
CGCGCCCGACTTAATA-1,Normal,0
CGCGGCAGTATTACGG-1,Normal,1
CGCGGCTCAACTTGAA-1,Normal,0
CGCGGGAATTAGGCAG-1,Normal,0
CGCGGTAAGTCTAGCT-1,Normal,0
CGCGGTCACAAACCAA-1,Normal,0
CGCGTACATTCTGGAA-1,Normal,0
CGCGTCATATTAAACC-1,Normal,0
CGCGTTCATGAAATAC-1,Normal,0
CGCTACCGCCCTATGA-1,Tumor,3
CGCTACGGGACATTTA-1,Tumor,1
CGCTAGAGACCGCTGC-1,Bronchus,0
CGCTATACCGCCCACT-1,Normal,0
CGCTATCGTGGCTTTA-1,Normal,0
CGCTATTCAATGTATG-1,Normal,0
CGCTATTCTTAGGCTC-1,Tumor,3
CGCTCGACATAATGAT-1,Normal,0
CGCTCTCCGTAGATTA-1,Tumor,1
CGCTGAGGACGTCCAA-1,Normal,0
CGCTGGTGACTACCCT-1,Normal,0
CGCTGTGACGCCGCAC-1,Normal,0
CGCTGTGTGGATGTTG-1,Tumor,2
CGCTTAGTATTGATAC-1,Tumor,2
CGCTTATTCCCGGTCG-1,Tumor,1
CGCTTCCACTGAAATC-1,Normal,0
CGCTTTCATACCGGTG-1,Normal,0
CGCTTTCTTGCATTCG-1,Normal,0
CGGAAAGAATCAAACG-1,Bronchus,3
CGGAAAGCAAATGTGC-1,Tumor,1
CGGAAATTTCACATCC-1,Normal,0
CGGAACGTAAACATAG-1,Tumor,3
CGGACCTCTGTAGTTA-1,Tumor,2
CGGACCTTTACGTCCC-1,Normal,0
CGGACGTTACTTGAAG-1,Tumor,2
CGGAGCAATTTAATCG-1,Normal,3
CGGAGCATGGCGATCC-1,Tumor,3
CGGAGCTTATAACACC-1,Normal,0
CGGAGTCCTAACCTGG-1,Normal,0
CGGAGTTTGAGAGACA-1,Tumor,1
CGGATAAGCGGACATG-1,Tumor,1
CGGATCCTCAAGGACT-1,Blood vessel,0
CGGCAAACATCGTGCG-1,Tumor,3
CGGCAATAAGATCGCC-1,Normal,0
CGGCACCGTTAGCGCC-1,Normal,0
CGGCACTCAAGAAAGT-1,Normal,0
CGGCAGGGTCGGGTTG-1,Normal,0
CGGCCACGCACAAAGT-1,Tumor,3
CGGCCAGAGCGACCAT-1,Tumor,2
CGGCCCAACCTGTAGT-1,Normal,0
CGGCCCAGGTATATCC-1,Normal,3
CGGCGCCATCAATCCC-1,Normal,0
CGGCTCTAAAGCTGCA-1,Normal,0
CGGCTCTTCGTCGAAC-1,Normal,0
CGGCTGCAAGATTAAG-1,Normal,0
CGGCTTTGTATGATAA-1,Normal,0
CGGGAATATAGTATAC-1,Normal,0
CGGGAATTTATGTAAA-1,Tumor,3
CGGGAGCTTCAGTGTA-1,Normal,0
CGGGAGTATACCGCCG-1,Tumor,1
CGGGATCAATGTAAGA-1,Normal,0
CGGGCAGCTAAACCGC-1,Normal,3
CGGGCCATAGCCGCAC-1,Normal,1
CGGGCCTTCTTTGTAA-1,Tumor,3
CGGGCGATGGATCACG-1,Bronchus,0
CGGGCTACTTAAATTG-1,Normal,0
CGGGTGTACCCATTTA-1,Normal,0
CGGGTTCGGCACGTAT-1,Normal,0
CGGTACGGCAAACCCA-1,Tumor,1
CGGTACTAGAATCAAA-1,Normal,0
CGGTAGAGGTGCAGGT-1,Normal,0
CGGTATAGGTATTAGC-1,Normal,0
CGGTCAAGTGGGAACC-1,Normal,0
CGGTCCATGAGACTCC-1,Normal,0
CGGTCCGTCGCAAGCC-1,Bronchus,3
CGGTCTATCAACCCGT-1,Normal,0
CGGTGAAGACTAAAGT-1,Tumor,1
CGGTGCAGATAGAACG-1,Tumor,1
CGGTGCGCGTTGGTCC-1,Tumor,2
CGGTGGGCTCCAGCCT-1,Normal,0
CGGTGTACTTGATCCC-1,Normal,0
CGGTTATCCAACAGTG-1,Normal,0
CGGTTCAAGTAGGTGT-1,Normal,0
CGGTTCCGGCTTCTTG-1,Normal,0
CGGTTGACCTGGCATA-1,Normal,1
CGGTTGAGTATCCTTC-1,Tumor,2
CGGTTGGGTTCAAGTT-1,Normal,0
CGGTTTATGAAGGAAC-1,Normal,0
CGTAAAGCAAGAAATC-1,Tumor,2
CGTAAATAACAAAGGG-1,Tumor,2
CGTAACTTCGACACTT-1,Tumor,2
CGTAATAATTACGAGT-1,Normal,1
CGTACCTGATAGGCCT-1,Normal,0
CGTAGAGAGTAATTAT-1,Bronchus,0
CGTAGCGAATTGTCAG-1,Normal,0
CGTAGCGCCGACGTTG-1,Normal,3
CGTATTAAGAGATCTA-1,Normal,3
CGTATTGTTTCCTAAT-1,Normal,0
CGTCAAATGGTCGCAG-1,Normal,0
CGTCAAGGCTATAAAT-1,Tumor,1
CGTCACGTCCATTGGT-1,Tumor,3
CGTCAGCTATTTACTC-1,Normal,1
CGTCAGTGCGCACAAG-1,Normal,0
CGTCAGTTTATCGTCT-1,Normal,0
CGTCATACCATATCCA-1,Tumor,1
CGTCGCATGTGAGCCA-1,Bronchus,0
CGTCGCTTGGTTATAC-1,Tumor,2
CGTCGGATAGTGTTGA-1,Normal,0
CGTCGGGTCTAAGCGC-1,Tumor,1
CGTCGTCCTTCGCGAA-1,Blood vessel,0
CGTCTCTCGCCGAGGC-1,Normal,0
CGTCTGGAAGGGCCCG-1,Normal,0
CGTGAAGTTAATTCAC-1,Tumor,3
CGTGACATTGGGTCGT-1,Normal,0
CGTGACCAGTCCTCTG-1,Bronchus,3
CGTGCAGACTGGGACA-1,Tumor,3
CGTGCATTGTCGACGC-1,Tumor,1
CGTGCCCGACATTTGT-1,Normal,0
CGTGCCCTCCCGAAGA-1,Tumor,3
CGTGCTTCTACCTAAA-1,Tumor,2
CGTGGCCGAATATCTA-1,Normal,0
CGTGGTACCCAAAGGC-1,Tumor,2
CGTGTCCCATTCGCGA-1,Normal,1
CGTGTCTCGTTACGAC-1,Tumor,2
CGTGTGTTAAACCCTG-1,Normal,0
CGTTAAACTAGTTAGG-1,Normal,0
CGTTAATGTCCCGACG-1,Normal,0
CGTTAGCTCACAACTG-1,Normal,0
CGTTCAAGGAAACGGA-1,Tumor,2
CGTTCAGACCCGCGAA-1,Tumor,2
CGTTCATGGTGCGCGT-1,Tumor,2
CGTTCTTCGCACACCT-1,Normal,0
CGTTGAATACCGCGCT-1,Blood vessel,0
CGTTGAGCGACCGTCG-1,Tumor,3
CGTTGAGTAATTGCGT-1,Normal,0
CGTTGCCCGCGTGGGA-1,Tumor,2
CGTTGTAAACGTCAGG-1,Tumor,1
CGTTGTAAGATTGATT-1,Normal,0
CGTTGTCGGCAATTGA-1,Normal,0
CGTTGTTTCAATTCCC-1,Tumor,1
CGTTTAAGCGGAGCAC-1,Normal,0
CGTTTACAAGGCAGCT-1,Normal,0
CGTTTCACTTCGGGCG-1,Normal,0
CGTTTCGCTCATTACA-1,Tumor,3
CGTTTGTGTAGAGGGT-1,Tumor,3
CTAAACGGGTGTAATC-1,Normal,3
CTAAAGAATGCCTACT-1,Tumor,1
CTAAAGGATGAGATAC-1,Normal,2
CTAAAGGGAAATAGGA-1,Tumor,3
CTAAATCCGGTGTACA-1,Tumor,2
CTAAATCCTATTCCGG-1,Normal,0
CTAACCGCGCGCCCGT-1,Tumor,1
CTAACGAAACTTGCTG-1,Normal,0
CTAACTGATAATCGCC-1,Normal,0
CTAACTGGTCCGGTTC-1,Tumor,2
CTAAGGGAATGATTGG-1,Tumor,3
CTAAGTACAGGGCTAC-1,Normal,0
CTAATTATGAAGCGTA-1,Normal,0
CTAATTCGCACGCGCT-1,Tumor,1
CTAATTCTCAGATATT-1,Normal,0
CTAATTTCAACAACAC-1,Normal,1
CTACAAGAAATAACCC-1,Tumor,2
CTACACTAGCTTGTTC-1,Normal,0
CTACACTCGCAGATGG-1,Normal,0
CTACCCTAAGGTCATA-1,Normal,0
CTACGAACTAGGTCGA-1,Normal,0
CTACGACTAGCTATAA-1,Normal,1
CTACGCACGGAGTACC-1,Tumor,3
CTACGCCATTTCCGAT-1,Normal,0
CTACTATCATAGGTTT-1,Tumor,2
CTACTATCTTTCAGAG-1,Normal,0
CTACTCAAGGTATAGT-1,Tumor,2
CTACTCTAGGCCCGGC-1,Tumor,1
CTACTGCCACCTGACC-1,Normal,0
CTAGACATATATGTAG-1,Normal,0
CTAGACTGCATTTCGT-1,Normal,0
CTAGATGTGAGTGTAA-1,Bronchus,0
CTAGATTTACGACGGC-1,Tumor,3
CTAGCATAGTATAATG-1,Normal,3
CTAGCCGATGTTATGA-1,Normal,0
CTAGGCGCCCTATCAG-1,Normal,0
CTAGGCGGCAGAGAAT-1,Normal,0
CTAGGGATAGGGACAA-1,Tumor,2
CTAGGTCTGAAGGAAT-1,Bronchus,0
CTAGGTTCGGACGTGA-1,Blood vessel,0
CTAGTAGAAAGGGATT-1,Normal,0
CTAGTATTCGGAATTA-1,Normal,0
CTAGTCACGTCTTAAG-1,Normal,3
CTAGTGAAGGACAGGA-1,Tumor,1
CTAGTTACAACCCGGT-1,Normal,0
CTAGTTGGGCCCGGTA-1,Normal,0
CTATAAGAGCCAATCG-1,Normal,0
CTATAGGCGTTGATGT-1,Tumor,2
CTATATCCAGCCTGGC-1,Tumor,2
CTATCGACGAAATACA-1,Normal,0
CTATCGGGTCTCAACA-1,Normal,3
CTATGAACACCTTGCC-1,Tumor,2
CTATGCCCGAATGCAA-1,Bronchus,3
CTATGGGAAGCGGAAT-1,Normal,0
CTATGTCACTAGCCCA-1,Normal,0
CTATGTCTATTGAAAC-1,Normal,0
CTATGTGAGTCACGGC-1,Tumor,2
CTATTCATGTGTCCCA-1,Tumor,3
CTATTGTGTTTGGTCA-1,Normal,0
CTATTTGCTTGGAGGA-1,Normal,2
CTATTTGGTTACGGAT-1,Normal,0
CTCAAACCACTGCCCG-1,Tumor,2
CTCAACTAACCCGGAT-1,Normal,0
CTCAAGACATTAGCGC-1,Normal,0
CTCACACGCAAGCCTA-1,Normal,0
CTCACATTTACTAAAT-1,Normal,0
CTCACCAGTACAAGTG-1,Tumor,1
CTCACCGATCCAAACT-1,Normal,0
CTCACTGTGATACTTA-1,Normal,0
CTCACTTGGCTGGTAA-1,Normal,1
CTCAGAGCTAATGTCG-1,Tumor,2
CTCAGATTGTGATAAG-1,Tumor,2
CTCAGCAGACTGCCGA-1,Normal,0
CTCAGGACTCACCTGT-1,Normal,0
CTCAGTCACGACAAAT-1,Normal,0
CTCATGGCTCACAATC-1,Normal,0
CTCATGGTAATTTGCG-1,Tumor,2
CTCATTCGTGAACATC-1,Tumor,1
CTCATTGCTCTAACAA-1,Blood vessel,0
CTCATTTGATGGGCGG-1,Normal,0
CTCCCTCCTTTCGATC-1,Tumor,2
CTCCGCCCACATGAGG-1,Tumor,1
CTCCGGCCTAATATGC-1,Normal,0
CTCCGGCTTGTAGACA-1,Normal,1
CTCCTAAGTTATGTCT-1,Normal,0
CTCCTCCAGCTCACAC-1,Bronchus,3
CTCCTTTACGCAAGTC-1,Normal,0
CTCGAATGGAACGTAT-1,Normal,0
CTCGAGACATACGATA-1,Tumor,1
CTCGAGGCAAGTTTCA-1,Tumor,2
CTCGAGGTCGAACAGT-1,Normal,0
CTCGATATTTGCGAGC-1,Normal,0
CTCGCACCTATATAGT-1,Normal,0
CTCGCATTGCATAGCC-1,Tumor,1
CTCGCCGAATGTAGGG-1,Normal,0
CTCGGGATAACACCTA-1,Normal,0
CTCGGGCATCGTCGGG-1,Normal,0
CTCGGGTTCTCTGGCC-1,Tumor,2
CTCGGTACCACTGCTC-1,Normal,3
CTCGGTCCGTAGCCTG-1,Normal,0
CTCGGTTGTCGGCCCT-1,Tumor,2
CTCGTCGAGGGCTCAT-1,Tumor,2
CTCGTCTGTGCCTTCG-1,Normal,0
CTCGTGGCACTGAAAG-1,Tumor,2
CTCGTTACGGCTACCA-1,Tumor,2
CTCGTTTCTAATGTTT-1,Normal,0
CTCTAATGCATTGATC-1,Normal,0
CTCTACACTGGCGATT-1,Tumor,2
CTCTACATCCTGCGTG-1,Normal,0
CTCTAGCCCTCGGAAA-1,Normal,0
CTCTATTTGGCTGCAG-1,Tumor,3
CTCTCACAATCGATGA-1,Normal,0
CTCTCGATGTGCGCCT-1,Normal,0
CTCTCGCTGTACTATG-1,Tumor,1
CTCTCTAACTGCCTAG-1,Tumor,2
CTCTGCGAAGCAAGCA-1,Normal,0
CTCTGGACGCCTGGTG-1,Normal,0
CTCTGTGCCTGCTATG-1,Tumor,3
CTCTGTTTGAGGATTC-1,Normal,0
CTCTTCTATTGACTGG-1,Normal,0
CTCTTCTGGAAGTTAG-1,Tumor,2
CTCTTGTCCCGCTTGG-1,Normal,3
CTGAAACGGCCCTCAG-1,Normal,0
CTGAAAGAGATCCGAC-1,Normal,0
CTGAATCCGAGACCTC-1,Tumor,3
CTGAATTTATTGCCAG-1,Normal,0
CTGACTGCGCAGCTCG-1,Bronchus,0
CTGAGCAAGTAACAAG-1,Normal,0
CTGATAGTGTATCTCA-1,Normal,1
CTGATCCCTTTATGCA-1,Tumor,2
CTGCAAATGGGCTCCA-1,Normal,0
CTGCACAACTACATAT-1,Tumor,3
CTGCACCTAGTCCACA-1,Normal,0
CTGCACCTGGAACCGC-1,Normal,0
CTGCACTCCAGTACAG-1,Normal,0
CTGCCAAGGTTGGAAG-1,Normal,0
CTGCCATGCATCACAT-1,Tumor,3
CTGCCCACGAAGCGTT-1,Tumor,1
CTGCCTAGCCACCAAG-1,Normal,0
CTGCCTCATATGCAAC-1,Normal,0
CTGCCTTTAATACCTT-1,Tumor,2
CTGCCTTTCTAGTAAA-1,Normal,0
CTGCGACCTCGCCGAA-1,Normal,0
CTGCGATTTCGAGATT-1,Tumor,2
CTGCGGGTGAAATGTT-1,Normal,1
CTGCGGTAGTCACGTG-1,Normal,0
CTGCGTTACGATATAA-1,Normal,0
CTGCTCTGACGGCAAA-1,Normal,2
CTGCTGAGGCCACGAA-1,Tumor,2
CTGCTTGGCGATAGCT-1,Normal,0
CTGCTTTATGTCCGCG-1,Normal,0
CTGGAAATGGATGCTT-1,Normal,0
CTGGAAGACACGGTGG-1,Normal,0
CTGGACGCAGTCCGGC-1,Tumor,2
CTGGATTTACACTTGA-1,Tumor,3
CTGGCATCCGAATGAG-1,Tumor,2
CTGGCGACATAAGTCC-1,Normal,0
CTGGCGCACAGGTCTG-1,Normal,0
CTGGCGGGAATAAGTA-1,Tumor,1
CTGGCTGATTCATCCT-1,Normal,0
CTGGCTGGTTGTCAGT-1,Normal,3
CTGGGATAAATAATGG-1,Normal,3
CTGGGATACGCTACCC-1,Normal,0
CTGGGATCGCCCAGAT-1,Normal,0
CTGGGCACTAGTCGGA-1,Normal,0
CTGGGCCTGCTATATC-1,Tumor,1
CTGGGCGGCCAAATGT-1,Normal,0
CTGGGCTATCCTTTGG-1,Normal,0
CTGGGTAGGCAGTTAA-1,Tumor,3
CTGGGTTGAGTTAAAG-1,Tumor,1
CTGGTAACACATAGAA-1,Normal,0
CTGGTAACGAGCTCTT-1,Normal,0
CTGGTCATTCCAATCC-1,Tumor,1
CTGGTCCTAACTTGGC-1,Normal,0
CTGGTGAATGGGCCTA-1,Tumor,2
CTGGTTCAACGCATCA-1,Normal,0
CTGGTTTCGAGCAAGA-1,Normal,0
CTGTACTTCTTAGCAT-1,Tumor,1
CTGTAGCCATCTCACT-1,Bronchus,3
CTGTAGTGAGGATCGA-1,Tumor,2
CTGTATGGTGTAGAAA-1,Normal,0
CTGTCAAATGGCTCGG-1,Normal,0
CTGTCACGCCAGGCGC-1,Normal,0
CTGTGCAGGGTAGGTC-1,Tumor,3
CTGTGGTCGGGAGATA-1,Normal,0
CTGTTACCCAATCTAG-1,Tumor,3
CTGTTCACTGCCTGTG-1,Normal,0
CTGTTCATCTCACGGG-1,Normal,1
CTGTTGGCTCTTCTGA-1,Tumor,1
CTGTTGTTCAGTCGTA-1,Tumor,0
CTTAAATAAGACCCAT-1,Tumor,1
CTTAACTTCGAAGTAC-1,Normal,0
CTTAAGCAGCGAGCCG-1,Tumor,1
CTTAATCGACTTAGTA-1,Normal,2
CTTACACGGTATTCCA-1,Normal,1
CTTACACTGGGAAATA-1,Normal,0
CTTAGCCCGGATAGTG-1,Tumor,1
CTTAGCCTTCCACATG-1,Normal,0
CTTAGGTATAGACCAG-1,Tumor,2
CTTAGGTCCCAATCGT-1,Normal,0
CTTAGTAGGCCTACAG-1,Bronchus,0
CTTAGTGTAGTAGCAT-1,Normal,0
CTTAGTTGAGGAATCG-1,Tumor,2
CTTATGCGCTCAGGGC-1,Tumor,2
CTTATGTTGACTACCA-1,Normal,0
CTTCAACTCCACTTGG-1,Blood vessel,0
CTTCAGTGGTCGCCTA-1,Tumor,1
CTTCATAGCTCAAGAA-1,Normal,0
CTTCATTGTCAGTGGA-1,Tumor,3
CTTCCGCTCCGTGAAG-1,Bronchus,3
CTTCCTGCATATTTAC-1,Normal,0
CTTCGATTGCGCAAGC-1,Normal,0
CTTCGTAGATAGGTGA-1,Tumor,1
CTTCTATGTTGAAGTA-1,Tumor,2
CTTCTATTAATGCTAG-1,Tumor,3
CTTCTGGGCGTACCTA-1,Tumor,2
CTTCTTACGTCGTATA-1,Normal,0
CTTGACCCGAAAGATA-1,Normal,0
CTTGAGGTTATCCCGA-1,Normal,0
CTTGAGTTAGGGTAAT-1,Normal,0
CTTGCAACCGCCTCCT-1,Tumor,1
CTTGCCCAGGCTCTAC-1,Tumor,3
CTTGGCCAAGCTGGGA-1,Bronchus,3
CTTGTACTTGTTGACT-1,Normal,0
CTTGTCAACATTCGAG-1,Tumor,3
CTTGTCGTACGTGTCA-1,Normal,0
CTTGTGAGTCTTTGAC-1,Normal,0
CTTGTGCTCACCGATT-1,Normal,0
CTTGTTGCTGAGTCAA-1,Normal,3
CTTGTTTATGTAGCCA-1,Normal,1
CTTTAACTTTCAAAGG-1,Normal,0
CTTTAATATTGGTCGA-1,Tumor,0
CTTTACCGAATAGTAG-1,Normal,0
CTTTAGGAACACTGTT-1,Normal,0
CTTTAGTGCTATTATT-1,Tumor,3
CTTTATCCGACGCATG-1,Tumor,2
CTTTCTGTGCGGGCTT-1,Normal,0
CTTTGAAACATATTCC-1,Normal,0
CTTTGCATCGCTCTTG-1,Normal,0
CTTTGGCAGACAGAGT-1,Normal,0
CTTTGGCGCTTTATAC-1,Normal,1
CTTTGGCTTTAGTAAA-1,Tumor,1
CTTTGGGATTGTTGCA-1,Tumor,2
CTTTGTCGAATGCTCC-1,Tumor,1
GAAACAGATGACCACC-1,Normal,0
GAAACAGCCATGCAGT-1,Normal,0
GAAACATAGGAAACAG-1,Tumor,2
GAAACCATGGTGCGCT-1,Normal,0
GAAACCGAATTACCTT-1,Tumor,3
GAAACCTATACAAATG-1,Bronchus,3
GAAACTCGTGCGATGC-1,Normal,1
GAAACTCTAATGAAGG-1,Normal,0
GAAAGAACAGCGTTAT-1,Bronchus,0
GAAAGCAGTGCACTTT-1,Normal,3
GAAAGCCCTTTGGACC-1,Tumor,1
GAAAGTGACTAACTGC-1,Normal,1
GAAATACCTGCTGGCT-1,Normal,0
GAAATACTAAACGTTT-1,Normal,1
GAAATATCACCATCAG-1,Tumor,1
GAAATATGCTTGAATG-1,Normal,0
GAAATCGCGCGCAACT-1,Normal,0
GAAATCTGACCAAGTT-1,Tumor,1
GAAATGGCGGTGTTAG-1,Normal,1
GAAATGGGATGTAAAC-1,Normal,1
GAAATTAGCACGGATA-1,Normal,0
GAAATTCACATCGCTG-1,Normal,0
GAAATTGTCTCTATAA-1,Tumor,3
GAACAACTGGGATGAA-1,Bronchus,0
GAACACACATCAACCA-1,Normal,0
GAACAGATTACTAAAT-1,Blood vessel,0
GAACATTAGTATGTTA-1,Normal,0
GAACCATCTGGGAGAC-1,Normal,3
GAACCCTCTGTGTTCT-1,Normal,0
GAACCTCGACCTACAC-1,Tumor,2
GAACCTTTAACGATCC-1,Normal,0
GAACGACCGAATGATA-1,Normal,0
GAACGATAAGTTAAAG-1,Normal,0
GAACGGTGTAAAGCAG-1,Normal,0
GAACGTCTCATGGTCG-1,Normal,0
GAACGTTAGGAAGACG-1,Normal,1
GAACTGTGGAGAGACA-1,Normal,0
GAACTTAGCGCCCGGT-1,Normal,0
GAACTTGTGCACGGGA-1,Normal,0
GAAGAAACGATATTGT-1,Tumor,2
GAAGAACGGTGCAGGT-1,Normal,0
GAAGACTTCAATGCCG-1,Normal,0
GAAGCAAGGCAATGTT-1,Tumor,3
GAAGCCACTGATTATG-1,Normal,0
GAAGCCGGGTAAGCTC-1,Tumor,1
GAAGCCTGCACATTCC-1,Bronchus,3
GAAGCGTGAGGAATTT-1,Tumor,3
GAAGCTCGGACCCGTC-1,Tumor,1
GAAGCTTGCTGACCGC-1,Tumor,1
GAAGGAGTCGAGTGCG-1,Tumor,2
GAAGGCTACCATTGTT-1,Normal,0
GAAGTCAGTTGCACTA-1,Tumor,3
GAAGTCTCCCTAGCGA-1,Normal,0
GAAGTGATTTATCGTG-1,Tumor,1
GAAGTGCTGGATAGCT-1,Normal,0
GAAGTTTCCACTCAAT-1,Tumor,1
GAATAGACGCGACCCA-1,Normal,0
GAATAGCCCTGCGGTC-1,Normal,0
GAATAGTGCTCGATTA-1,Tumor,2
GAATATTCGGAGTCCC-1,Normal,0
GAATCGACATGGTCAC-1,Normal,1
GAATCGCCGGACACGG-1,Normal,0
GAATCTATACTCGGAC-1,Normal,0
GAATCTGAACATTCTC-1,Tumor,3
GAATGAAGGTCTTCAG-1,Normal,0
GAATGCCGAAATGACC-1,Tumor,1
GAATGCGAATCGGTTC-1,Normal,0
GAATGGGCTTATCGAC-1,Tumor,1
GAATGTATGGCAGGTC-1,Normal,0
GAATGTGGTCCGGATT-1,Normal,0
GAATGTTGGGTAATCT-1,Normal,0
GAATTATAGTGAAAGG-1,Normal,0
GAATTATGCAACCTAC-1,Normal,0
GAATTCACCCGGGTGT-1,Tumor,3
GAATTTCTCGCTGCAG-1,Tumor,1
GACAAACATATGCAGG-1,Normal,0
GACAACGACCATTGAA-1,Normal,0
GACAACGCAGCTTACG-1,Normal,0
GACACAAGGGAAGAAA-1,Normal,0
GACACCCAAAGACGCG-1,Tumor,2
GACACGAGTTAGAGGA-1,Normal,1
GACACTGAGTTCAGTG-1,Tumor,3
GACACTGGAACCCGAT-1,Normal,0
GACAGATTTCTGGCTC-1,Tumor,2
GACAGCCAGACCTGAC-1,Normal,0
GACAGGCACACACTAT-1,Normal,1
GACATACTGTCGCAGA-1,Tumor,1
GACATCCGTCGAACTG-1,Normal,0
GACATCGATTTATAAC-1,Tumor,3
GACCAAACGTTGACTG-1,Normal,0
GACCACACTTCCCTTT-1,Normal,0
GACCAGAGCCCTGTAG-1,Normal,1
GACCAGGTCATTCATA-1,Normal,0
GACCCAATTATGATAC-1,Tumor,1
GACCCGTCGCCGGCTA-1,Normal,0
GACCGACTGAAGCGTC-1,Tumor,1
GACCGCGTCTGACGTG-1,Normal,0
GACCGTCAGGTCGTGA-1,Normal,0
GACCGTGCTGACGGTG-1,Tumor,3
GACCGTTACATGCGAC-1,Normal,1
GACCTTCCACGTCTAC-1,Bronchus,0
GACGACGATCCGCGTT-1,Tumor,0
GACGAGGCTAATAAAC-1,Normal,0
GACGATATCACTGGGT-1,Tumor,2
GACGCCGTAAAGGCTA-1,Normal,3
GACGCCTGTTGCAGGG-1,Normal,0
GACGCTTGCTTCTAAA-1,Tumor,1
GACGGACCGCGTTCCT-1,Normal,0
GACGGGTTGGCCCGTA-1,Bronchus,3
GACGGTCAATAGAAGC-1,Normal,0
GACGTGAGACTCCATG-1,Normal,0
GACGTGTAGGGATTAT-1,Tumor,1
GACGTTCGTAAATACA-1,Normal,0
GACGTTGCTCGGCGGC-1,Tumor,2
GACTAACACAGCACCT-1,Normal,0
GACTAAGATCATGCAC-1,Normal,0
GACTAAGTAGGCTCAC-1,Normal,1
GACTACAAAGCGGTGG-1,Tumor,2
GACTACAATTGCTCGT-1,Normal,0
GACTAGGCCGTTAGGT-1,Bronchus,0
GACTCACCCACGTGAG-1,Bronchus,0
GACTCCCAGAATAAGG-1,Normal,0
GACTCCTTCCAATTGA-1,Tumor,1
GACTCGCGGGAATGAC-1,Normal,0
GACTCGGTCGGCGGAT-1,Normal,0
GACTCTAGAGTTCCAA-1,Tumor,2
GACTGATTGGTCACAA-1,Normal,0
GACTGCAAATCGAGCT-1,Blood vessel,0
GACTGCACCAGCCCAG-1,Normal,0
GACTGCGGCACGTGTA-1,Tumor,1
GACTGCTGGTGAGAAA-1,Tumor,2
GACTGGGCGCCGCAAC-1,Normal,0
GAGAATCTCACGATCA-1,Tumor,1
GAGACCCTGCAACGCC-1,Normal,0
GAGACTGATGGGTAGA-1,Normal,0
GAGACTTCGCGACCGA-1,Tumor,3
GAGAGCGCAGTCCCTG-1,Tumor,1
GAGAGGGCGCGAGGTT-1,Tumor,1
GAGAGGTGCATTCTGG-1,Tumor,1
GAGAGTCTCGGGAGAG-1,Tumor,2
GAGATCTGCTTGGCAT-1,Tumor,1
GAGATCTGTCACTCCG-1,Normal,0
GAGATCTTCCATGACA-1,Tumor,3
GAGATGACAATCCTTA-1,Normal,0
GAGATGGCTTTAATCA-1,Bronchus,0
GAGATGGGAGTCGACA-1,Normal,0
GAGCACCTGTGTCCAG-1,Blood vessel,0
GAGCATCAACAACTTG-1,Tumor,2
GAGCATCATCCCTGGG-1,Normal,0
GAGCCACGGTAGTAGG-1,Normal,3
GAGCCAGCTACCTGTG-1,Normal,0
GAGCCGAGCGTTTATT-1,Normal,0
GAGCGAGGGAGTACCG-1,Normal,0
GAGCGCAAATACTCCG-1,Normal,0
GAGCGCGCACGAGTAG-1,Normal,0
GAGCGCTGTTAGGTAA-1,Tumor,2
GAGCGGAATGCGGTGT-1,Tumor,2
GAGCTAAGGGCATATC-1,Normal,0
GAGCTCAACATGAGCG-1,Normal,0
GAGCTCTCGGACCTAA-1,Normal,0
GAGCTGTCGTCTCGGA-1,Normal,0
GAGGAATATCTCTTTG-1,Tumor,2
GAGGAATGGAGAGGTT-1,Tumor,1
GAGGAGTAATTCCTAC-1,Tumor,3
GAGGCATTTGCAGCAG-1,Normal,0
GAGGCCCGACTCCGCA-1,Tumor,1
GAGGCTATCAAAGTCG-1,Tumor,1
GAGGGAGTCAGATCGC-1,Tumor,2
GAGGGCATCGCGTATC-1,Normal,0
GAGGGCCATAATATTA-1,Normal,0
GAGGGCCGGCAGAGTC-1,Normal,0
GAGGGCGCAGCTCTGC-1,Normal,0
GAGGGTAGTAACAAAG-1,Tumor,2
GAGGTACATCCATCTT-1,Normal,0
GAGGTACGCGTGTCCC-1,Normal,0
GAGGTCCCAAAGATCT-1,Normal,1
GAGGTCCGTTCGCTGT-1,Tumor,2
GAGGTCTTAGTGGGTC-1,Normal,0
GAGTAAGGCCACGGGA-1,Tumor,2
GAGTACGGGTATACAA-1,Normal,0
GAGTAGATACTAGTTG-1,Normal,0
GAGTATACCCTAATCA-1,Tumor,2
GAGTATGCCCGCCTTG-1,Tumor,3
GAGTATGCGCGTGCAT-1,Blood vessel,0
GAGTCAGACCAGAATC-1,Bronchus,3
GAGTCCGCTTACCGGA-1,Tumor,3
GAGTCGACAGACCCTC-1,Tumor,1
GAGTCTTGTAAAGGAC-1,Tumor,2
GAGTGCACGGACAACA-1,Normal,0
GAGTGTCAACCAGAAA-1,Normal,0
GAGTGTGCGGTACCCA-1,Normal,0
GAGTTCTGTGGGTGCT-1,Tumor,1
GAGTTGATGGCAATTT-1,Tumor,2
GATAAATCGGTGGATG-1,Normal,0
GATAACTCGCACTGTG-1,Normal,0
GATAAGGCAGATGCAA-1,Normal,0
GATACGATGGGAGTCA-1,Tumor,3
GATAGAACCCGCTAGG-1,Tumor,2
GATAGGTAACGTTGAC-1,Tumor,3
GATAGTGCGAGTAAGT-1,Tumor,2
GATATCAAGCAGGAGC-1,Tumor,1
GATATCTCATGCAATA-1,Normal,0
GATATGAGACACTAAC-1,Normal,3
GATATGCGGTAGCCAA-1,Normal,0
GATATGGATTACGCGG-1,Tumor,1
GATATTGAGATTGGCG-1,Normal,0
GATATTTCCTACATGG-1,Normal,0
GATCAACATAAAGGGA-1,Tumor,2
GATCATTCCAAACATT-1,Normal,0
GATCCCTTTATACTGC-1,Normal,0
GATCCGGGAATTAACA-1,Tumor,3
GATCCTAAATCGGGAC-1,Normal,0
GATCCTCGACACTGGC-1,Tumor,2
GATCCTCTTGCGCTTA-1,Normal,0
GATCGACACTATCTGA-1,Normal,0
GATCGCGGGCTCTCCA-1,Tumor,1
GATCGCTACCCGATTT-1,Normal,0
GATCGCTATATCTCAG-1,Tumor,2
GATCGGATAGAACCAT-1,Tumor,2
GATCGGCGATAAGTCG-1,Tumor,1
GATCGGTGGCCATAAC-1,Normal,0
GATCGTGACTGATATC-1,Normal,3
GATCTAACCGTATTCA-1,Tumor,1
GATCTGCTATCTAAGG-1,Bronchus,3
GATCTTCATTGTCCTC-1,Tumor,1
GATCTTGGAGGGCATA-1,Tumor,3
GATCTTTGCAGGGTAT-1,Tumor,1
GATCTTTGCTCAAAGA-1,Normal,0
GATGACAAGTAGGGCA-1,Tumor,2
GATGACGATGATCGCG-1,Normal,0
GATGAGGAACCTTCGG-1,Bronchus,0
GATGCCACACTACAGC-1,Tumor,0
GATGCCAGCAGAAGGC-1,Tumor,1
GATGCCTTCTGCGGCA-1,Tumor,1
GATGCGAATGGTATTA-1,Tumor,1
GATGCGTCCTGCATTC-1,Tumor,3
GATGCTACAAGCGCCT-1,Normal,0
GATGCTACCTTCGATG-1,Tumor,2
GATGCTGTATTTCATC-1,Tumor,3
GATGGCGCACACATTA-1,Normal,0
GATGGTGAAATAACCC-1,Normal,0
GATGGTGCCCTAGGCA-1,Normal,0
GATGTAACGAACCACC-1,Tumor,2
GATGTCCGGATCACAT-1,Normal,0
GATGTCGGTCAACTGC-1,Normal,0
GATGTGTTGTCACAAG-1,Normal,0
GATGTTCAATCCACGA-1,Tumor,1
GATGTTTGTGCGAGAT-1,Normal,1
GATTAACCGAAAGCCC-1,Normal,0
GATTACTGAATTTGGG-1,Tumor,1
GATTAGAAACAAGCGT-1,Tumor,2
GATTCCCTTGTCGCAG-1,Normal,0
GATTCCGCGTTTCCGT-1,Normal,0
GATTCCTATACGGCGC-1,Normal,1
GATTCGACGGTTCACG-1,Tumor,3
GATTCTGTTAATGAGT-1,Tumor,2
GATTGACACTCTGCTC-1,Normal,0
GATTGCTCCAGTTGCA-1,Tumor,2
GATTGGGAAAGGTTGT-1,Bronchus,0
GATTTAGTGCGTACTG-1,Normal,0
GATTTGCGCTAACACC-1,Tumor,2
GCAAACCCTACATTAT-1,Normal,0
GCAAACCTTGGCCATA-1,Normal,0
GCAAAGGGCGTTAGCC-1,Tumor,2
GCAAATATTACGCTTT-1,Tumor,1
GCAAATGAGGACACTT-1,Tumor,2
GCAACACACTAGAACT-1,Tumor,2
GCAACAGCAGTATGCG-1,Normal,0
GCAACCACCAGACCGG-1,Normal,0
GCAACCACGGCCGCGT-1,Tumor,1
GCAACCCAAGTTGTTT-1,Tumor,1
GCAAGAATTCCTTGGC-1,Tumor,1
GCAAGATGTGTTCGCG-1,Normal,0
GCAAGCTGGAAACCGC-1,Tumor,1
GCAAGTGCACAGAGAA-1,Normal,0
GCAAGTGTAAAGCATG-1,Tumor,2
GCACAAACCCTAGATG-1,Tumor,2
GCACAACCTCGGGCGT-1,Tumor,1
GCACAAGTGGATCATA-1,Normal,1
GCACAAGTGTCGGAAG-1,Normal,0
GCACACACTGGTAGCC-1,Normal,0
GCACACAGCTATTACC-1,Normal,0
GCACACGCCCATGGTC-1,Tumor,1
GCACAGCACGGGCCGA-1,Tumor,2
GCACGCCTACTTAGAT-1,Tumor,3
GCACTAGTCGCGCTAT-1,Normal,0
GCACTCCCACAGTCCC-1,Tumor,3
GCACTGCCTACCTTTA-1,Normal,0
GCACTGTGCAAATGTA-1,Normal,0
GCAGAAACGTAATCCA-1,Normal,0
GCAGACCCAGCACGTA-1,Bronchus,0
GCAGATCCATAAGACT-1,Normal,0
GCAGATCCTCGCAAAT-1,Tumor,1
GCAGATTAGGGATATC-1,Tumor,3
GCAGCACACAGCCCAG-1,Tumor,1
GCAGCCTATATCACAT-1,Normal,0
GCAGCGGTGGGCATTA-1,Normal,0
GCAGCTATGGACAGGT-1,Normal,0
GCAGGAACTTAGATCT-1,Tumor,1
GCAGGACTATAGAATA-1,Tumor,1
GCAGGTAGAGTATGGT-1,Normal,0
GCAGTGTGGCTATAGG-1,Normal,0
GCATAAATTGAACGCC-1,Normal,0
GCATACGAGGTCTTTA-1,Normal,1
GCATAGAGCACTCAGG-1,Tumor,3
GCATCCCTAACTTTGA-1,Normal,0
GCATCGGCCGTGTAGG-1,Normal,0
GCATGAGGGACGCGGC-1,Normal,0
GCATGGGTACTGACGC-1,Tumor,2
GCATTCAAGGCAACGC-1,Normal,0
GCATTCGAAATGAACA-1,Tumor,1
GCATTGACTTGCGGAA-1,Tumor,2
GCATTGTAATTCATAT-1,Normal,1
GCATTTCCAAGGCTCC-1,Normal,0
GCCAACCATTTCCGGA-1,Normal,0
GCCAAGAATACTTCTG-1,Tumor,2
GCCAATAGGGCATCTC-1,Normal,0
GCCACAATTTAAGGAC-1,Tumor,1
GCCACTCAGAGCGCGA-1,Normal,0
GCCAGGAAAGAACACT-1,Tumor,2
GCCAGGAGTAACCGAT-1,Normal,0
GCCAGGCGTTCGCATG-1,Normal,0
GCCATATTGCACACAG-1,Normal,0
GCCATCGAGCTGCGTG-1,Tumor,3
GCCATCGATGCTGCAT-1,Normal,0
GCCATTAGCCTCAAAC-1,Tumor,1
GCCCACCAAGGCTGTC-1,Normal,0
GCCCACTGGTCCACAA-1,Normal,0
GCCCAGTTGGTATGCC-1,Normal,0
GCCCATGGGTGCAATG-1,Normal,0
GCCCGACTTCTTCCCG-1,Tumor,2
GCCCGAGAGTCTAAAT-1,Tumor,1
GCCCGATCTGTGGTCG-1,Tumor,0
GCCCGCGCGTAAACGG-1,Tumor,2
GCCCGCGCGTTTGACA-1,Normal,0
GCCCGTAATACCTTCT-1,Normal,0
GCCCGTTCACACAATT-1,Tumor,2
GCCCTAGCCGTCGCGA-1,Tumor,1
GCCCTGAGGATGGGCT-1,Bronchus,0
GCCGAAATTCCTACGT-1,Tumor,1
GCCGACCCACGACTGC-1,Tumor,2
GCCGATTGGCCAAGCT-1,Tumor,3
GCCGCATTAGTCCGGC-1,Normal,1
GCCGCTAGATACGCAG-1,Normal,0
GCCGCTTGTGAGAAAC-1,Tumor,1
GCCGGAAACACATCTT-1,Normal,3
GCCGGGTTAGGGTCGC-1,Tumor,3
GCCGGTCGTATCTCTC-1,Tumor,2
GCCGTCGGTTTCGGGC-1,Tumor,2
GCCTACGTTCTGTGCA-1,Normal,0
GCCTAGCGATCTGACC-1,Normal,0
GCCTATAGTGTCAGGG-1,Normal,0
GCCTATGCTGGGCCTT-1,Normal,0
GCCTATTCCGATATAG-1,Normal,1
GCCTATTTGCTACACA-1,Normal,3
GCCTCATCTGGAAATA-1,Normal,0
GCCTCCGACAATTCAC-1,Normal,0
GCCTCTATACATAGCA-1,Normal,0
GCCTGCTACACTGAGA-1,Normal,0
GCCTGTCCCGGTGCAT-1,Tumor,2
GCCTTCAGCCCTACCG-1,Normal,0
GCCTTGTATATGCAGT-1,Normal,1
GCGAAACGATCGGGAG-1,Normal,0
GCGAAACTTAACTGGA-1,Normal,0
GCGAAGAATCTGACGG-1,Bronchus,0
GCGAAGCCATACCCGT-1,Normal,0
GCGACATGTAAACATC-1,Bronchus,0
GCGACCCAACCATCTG-1,Tumor,2
GCGACGATAGTTGTAC-1,Tumor,3
GCGACGGTAGTCTCCT-1,Normal,0
GCGAGAAACGGGAGTT-1,Normal,1
GCGAGAGGCCATGTAA-1,Normal,0
GCGAGAGTTGCGTCCA-1,Bronchus,0
GCGAGCGCATGCTCCC-1,Normal,0
GCGAGGCCCGAGCAGA-1,Tumor,1
GCGAGTTCTGCAAAGA-1,Tumor,3
GCGATGTCTGTGCTTG-1,Tumor,1
GCGATTCTGGAAGCAG-1,Normal,0
GCGATTGTTAACGTTA-1,Normal,3
GCGCAAATATATTCAA-1,Tumor,2
GCGCAAGAGCGCGCTG-1,Normal,0
GCGCATCCAGTCAGCA-1,Normal,0
GCGCCGTTCCACGATA-1,Tumor,3
GCGCCTCCCACTCCGA-1,Normal,0
GCGCGATGGGTCAAGT-1,Tumor,3
GCGCGGTCTAGTAACT-1,Tumor,2
GCGCGTCATTGGTACA-1,Normal,0
GCGCTAAGTATGCATG-1,Normal,0
GCGCTAATTGAATAGA-1,Normal,0
GCGCTATGCCGAGGCA-1,Tumor,3
GCGCTGATCCAGACTC-1,Normal,0
GCGCTGCTTTGCATTT-1,Normal,0
GCGCTTAAATAATTGG-1,Normal,0
GCGGACCGCGTTGTGG-1,Tumor,2
GCGGAGAAACTTCGCA-1,Tumor,2
GCGGAGAGGGAGAACG-1,Tumor,0
GCGGCAAAGTATTGCC-1,Tumor,2
GCGGCTCTGACGTACC-1,Tumor,1
GCGGCTTTAGCAAGTT-1,Normal,0
GCGGGAACCAGGCCCT-1,Normal,0
GCGGGCATTACGATGC-1,Normal,0
GCGGGCGAGCCTTACC-1,Normal,3
GCGGTCCCGGTGAAGG-1,Normal,0
GCGGTCCCTAGACGCA-1,Normal,0
GCGGTGAACTGCGCTC-1,Normal,0
GCGGTGCGGAGCATCG-1,Tumor,1
GCGGTTCCCTATCATG-1,Tumor,3
GCGTAAATGGCCATAA-1,Bronchus,0
GCGTCCAGCTCGTGGC-1,Normal,0
GCGTCCCTAAGACATA-1,Tumor,2
GCGTCGAAATGTCGGT-1,Normal,0
GCGTCGCCAGGGTGAT-1,Normal,0
GCGTCTCTGCATTGGG-1,Tumor,1
GCGTGGTACTGGGTTA-1,Normal,0
GCGTGTATGTCGTATT-1,Normal,0
GCGTTATATTTGGAAC-1,Tumor,1
GCGTTCGGAGACCGGG-1,Normal,0
GCTAAACCTGAGGTGA-1,Tumor,1
GCTAACTGAAGTCTGA-1,Normal,0
GCTAAGTAAAGGCGAT-1,Tumor,1
GCTAAGTAGTTTCTCT-1,Normal,0
GCTAATACCGAATGCC-1,Normal,0
GCTACAGTACGGACCG-1,Tumor,1
GCTACGACTTATTGGG-1,Tumor,3
GCTACTATAGTAGAGT-1,Normal,0
GCTAGACCGTCTACTG-1,Normal,3
GCTAGAGTAGAGATGT-1,Normal,0
GCTAGCAGGGAGTGGG-1,Normal,0
GCTAGCGATAGGTCTT-1,Tumor,0
GCTAGCTTGAATAGCT-1,Tumor,3
GCTAGGCACCACGGAG-1,Normal,0
GCTAGTAGAGCTTGTA-1,Tumor,3
GCTAGTTTCATTGAGG-1,Normal,0
GCTATACGTCTCGGAC-1,Normal,0
GCTATCATACTCATGG-1,Normal,0
GCTATCGCGGCGCAAC-1,Tumor,1
GCTATGCCAGCTTATG-1,Tumor,2
GCTCAACCTCTTAGAG-1,Normal,1
GCTCAATCCGTTTATT-1,Tumor,2
GCTCAATGTAATACCG-1,Bronchus,3
GCTCATTACTGCATGT-1,Normal,0
GCTCATTGATCATATC-1,Tumor,2
GCTCCATGCAAAGCAA-1,Tumor,2
GCTCCCAGTCGGTCCA-1,Normal,0
GCTCCGGACGTTGATA-1,Normal,0
GCTCCTGACATACTGG-1,Tumor,2
GCTCGCGGTTCCGCTC-1,Tumor,1
GCTCGCTCATGTCCAA-1,Normal,0
GCTCGGAATTTAAAGC-1,Normal,0
GCTCTAAACCCTGACG-1,Normal,0
GCTCTATGTTACGTGC-1,Normal,1
GCTCTCGGGTACCGAA-1,Normal,0
GCTCTTTCCGCTAGTG-1,Tumor,2
GCTGAATCTTCCAATC-1,Tumor,2
GCTGAGCAACGGTTCT-1,Tumor,1
GCTGAGGCGTGAGTAT-1,Tumor,3
GCTGCACGGTTTCTTA-1,Tumor,3
GCTGCGAAGAATTATT-1,Tumor,2
GCTGCGCCTCCCACGT-1,Tumor,1
GCTGCTAAGTAGTCGA-1,Normal,3
GCTGCTACTGCGTAGC-1,Normal,0
GCTGCTCTCCGGACAC-1,Normal,0
GCTGGACCCAAAGTGG-1,Normal,0
GCTGGCAGGTGCCGTG-1,Tumor,1
GCTGGCATATTCACCT-1,Tumor,1
GCTGGCGGCGCATGCT-1,Normal,0
GCTGGGAGCGCGTCAA-1,Tumor,2
GCTGGTGACTCGTAGT-1,Normal,0
GCTGGTTTAGGCCATA-1,Tumor,1
GCTGTATTACTGGCCC-1,Tumor,1
GCTGTCTGTGATCGAC-1,Normal,0
GCTGTTGCTACCGAAC-1,Normal,0
GCTTAATGTAACTAAC-1,Normal,0
GCTTACGTAGTTAGTA-1,Normal,0
GCTTAGGGAAGCGGTA-1,Normal,0
GCTTATGAAGCAGGAA-1,Normal,0
GCTTCAGTGGGATTAC-1,Normal,0
GCTTCCGTCCCTAGAC-1,Normal,0
GCTTGATGATAATCAG-1,Normal,0
GCTTGCAGCACAATTG-1,Normal,0
GCTTGGATCGATTAGG-1,Normal,0
GCTTTCAGAGGAGGTG-1,Normal,0
GCTTTCTATCTCAACT-1,Normal,0
GGAAACCTTGTTGAAT-1,Normal,0
GGAAACTAAATGGGCC-1,Normal,0
GGAAAGTCTTGATTGT-1,Tumor,2
GGAAAGTGCCCATGCC-1,Normal,0
GGAACCCGAACAAGAA-1,Tumor,1
GGAACCGTGTAAATTG-1,Tumor,3
GGAACCTTGACTCTGC-1,Tumor,2
GGAACGGCCTGCAGCC-1,Tumor,1
GGAACTCGTGAATACG-1,Tumor,2
GGAACTTTGGCGATTA-1,Normal,0
GGAAGATAAGACTGTA-1,Normal,0
GGAAGCTCGCTTACAG-1,Normal,0
GGAATAACCTCAAGAA-1,Normal,0
GGAATGCGCTAGCGTG-1,Normal,0
GGACAAGTTGCAGTGA-1,Tumor,1
GGACACAAGTTTACAC-1,Normal,0
GGACACCTCGGTGTTG-1,Tumor,2
GGACCAACAGGATAAC-1,Tumor,3
GGACCTACGGTAACGT-1,Normal,0
GGACCTCTAGGCCGCC-1,Tumor,2
GGACGGCTTGCGCAAC-1,Normal,0
GGACGTCCATAGTTGG-1,Normal,0
GGACTAAGTCAGGAGT-1,Tumor,1
GGACTCGACAGCGCAT-1,Tumor,2
GGACTCGTGAGTGGTC-1,Tumor,2
GGAGAAGTCATTGGCA-1,Normal,0
GGAGACCAATGTGCTT-1,Normal,0
GGAGACCATCTACATA-1,Tumor,2
GGAGACGACACCTTTG-1,Tumor,3
GGAGCAACATTTCAAG-1,Normal,0
GGAGCACCAAGAACTA-1,Normal,0
GGAGCGAGGCCTACTT-1,Normal,0
GGAGGATTGAAAGGAG-1,Normal,0
GGAGGCGAAGAACCGC-1,Normal,0
GGAGGGCTTGGTTGGC-1,Normal,0
GGAGTGCCGCCCTGGA-1,Normal,0
GGATACTCATGAATTG-1,Normal,3
GGATCAAAGGACGAGG-1,Normal,3
GGATCAGAGCCATCAG-1,Tumor,2
GGATCATCCCGTACGC-1,Normal,0
GGATCCGGAATATACT-1,Normal,0
GGATCTTACTGCCCTT-1,Tumor,2
GGATCTTGACTCAACC-1,Tumor,2
GGATGAAGATCGCTGA-1,Normal,0
GGATGACGCGAGTTTA-1,Tumor,1
GGATGCTGGCGTTCCT-1,Normal,1
GGATGTCCTTACCGCA-1,Normal,0
GGATTAAGCTAAGGTC-1,Normal,0
GGATTAATCATGGACC-1,Normal,0
GGATTCAGTACGGTGG-1,Normal,0
GGATTCCGCTATACCC-1,Normal,0
GGATTGCTGTGACTCC-1,Normal,0
GGATTTCACTTCTATA-1,Normal,0
GGCAAAGGCGCCAATA-1,Tumor,2
GGCAAATTACTTTACT-1,Tumor,3
GGCAAGCCAGGGATAG-1,Normal,0
GGCAAGCCCATAGTGG-1,Tumor,2
GGCAAGGCGAAATAGC-1,Tumor,3
GGCAATAGTCAATGAG-1,Normal,0
GGCACTCCACTGGGCA-1,Tumor,1
GGCAGAGAGATCGGGA-1,Tumor,1
GGCAGCAAACCTATGC-1,Normal,0
GGCAGCGGTAATCCTA-1,Normal,0
GGCATACAGGTAGCGG-1,Tumor,1
GGCATATCGGTTCTGC-1,Normal,0
GGCATCAACGAGCACG-1,Tumor,3
GGCATTGAACATCTCA-1,Tumor,2
GGCCACAAGCGATGGC-1,Tumor,3
GGCCACACGAAAGCCT-1,Tumor,1
GGCCCAATCTAGAGGG-1,Normal,0
GGCCCAGCTGGTTTGC-1,Bronchus,0
GGCCCAGTTATCAGCA-1,Normal,0
GGCCCGGAGCATGTCT-1,Normal,0
GGCCCGTATACCATGC-1,Normal,0
GGCCCTCACCCACTTA-1,Tumor,1
GGCCGAGACTCTGGTG-1,Tumor,2
GGCCGGCGTCTGCTAT-1,Bronchus,0
GGCCGTTTGGGTTTCA-1,Bronchus,2
GGCCTGCTCTGATGTT-1,Normal,0
GGCCTTTGCAACTGGC-1,Tumor,1
GGCGAAATCTAACTTG-1,Normal,0
GGCGAACCGTTCTGAT-1,Normal,0
GGCGAGCGAAACGGCA-1,Tumor,1
GGCGCAGGACATCTTC-1,Tumor,1
GGCGCATGAATTGATG-1,Tumor,3
GGCGCGGAGATCTTTC-1,Normal,0
GGCGCGTTCGAGTTTA-1,Tumor,3
GGCGCTCCTCATCAAT-1,Normal,1
GGCGCTTCATTCCCTG-1,Normal,0
GGCGGAGTAATATTAG-1,Tumor,1
GGCGGTAGGATCATTG-1,Normal,0
GGCGGTTTGCCGGTGC-1,Normal,1
GGCGTACCCTATATAA-1,Tumor,3
GGCGTAGGGAAAGCTG-1,Bronchus,0
GGCGTCCTATCCGCTG-1,Tumor,1
GGCTAAAGGGCGGGTC-1,Normal,0
GGCTAATGATTGAAAT-1,Normal,0
GGCTACTATACACTCC-1,Tumor,2
GGCTATTAAGTTGTAT-1,Tumor,1
GGCTCCTCCACCTGTT-1,Tumor,2
GGCTCGCGTTGAGGTA-1,Normal,0
GGCTCGTGCCACCAGC-1,Normal,0
GGCTCTGCTCCAACGC-1,Normal,0
GGCTGAAATAGCAAAG-1,Normal,0
GGCTGAGCATCGTAAG-1,Normal,0
GGCTGGCTAGCTTAAA-1,Normal,0
GGCTGTCCTACTGCGG-1,Tumor,2
GGCTTGGCTCTCACCT-1,Tumor,1
GGCTTTCAATAAGGGT-1,Bronchus,0
GGGAACCACCTGTTTC-1,Normal,0
GGGAACGGGAGGTTAG-1,Tumor,1
GGGAACGGTTTCAGAT-1,Tumor,2
GGGAAGACGGTCTGTC-1,Bronchus,0
GGGAAGGGCTTTCTCA-1,Normal,0
GGGAATGAGCCCTCAC-1,Normal,0
GGGAATTCTGTCCAGT-1,Tumor,1
GGGACAGAGTTACTCC-1,Tumor,1
GGGACCCGTATATCTT-1,Bronchus,3
GGGACTGCATAGATAG-1,Normal,3
GGGAGAACTCACAGTA-1,Normal,0
GGGAGCGACCGTAGTG-1,Bronchus,0
GGGAGGATGCCCGAAA-1,Tumor,1
GGGAGTAATGGCTGGC-1,Normal,0
GGGAGTTAATGAGGCG-1,Normal,0
GGGATACGGTAATAAT-1,Tumor,1
GGGATCCCAATACAAA-1,Normal,0
GGGATGGTCGTAACCG-1,Tumor,3
GGGATTTACCGCACCT-1,Normal,0
GGGCAACCGCACGTGC-1,Tumor,1
GGGCACGAATTGGCCG-1,Tumor,1
GGGCACGTAGTACTGT-1,Tumor,2
GGGCAGACGTCACTGC-1,Tumor,2
GGGCAGAGCAATCGTT-1,Bronchus,0
GGGCAGTCAACGCCAA-1,Normal,0
GGGCATGCATGTCGAG-1,Tumor,2
GGGCCCGTCTTAAACA-1,Tumor,3
GGGCCCTACGAAAGGG-1,Normal,1
GGGCCCTTATCTATAC-1,Tumor,1
GGGCCGGCCGAAGTAC-1,Normal,0
GGGCCTAAATGGGCTA-1,Tumor,2
GGGCCTATACAACCGG-1,Normal,0
GGGCCTATTTAAGTAT-1,Normal,0
GGGCGAATTTCTCCAC-1,Normal,1
GGGCGATATGTGTGAA-1,Normal,0
GGGCGCAGCGTTACTC-1,Normal,0
GGGCGGCAAATGAATT-1,Tumor,3
GGGCGGGTTCCCTACG-1,Tumor,1
GGGCGGTCCTATTGTC-1,Normal,0
GGGCGTACATTTATAT-1,Normal,0
GGGCGTCACCACGTAA-1,Tumor,3
GGGCGTCCACTGGCTC-1,Normal,0
GGGCGTGGTTTCCCAG-1,Normal,0
GGGCGTTTACATTCAT-1,Tumor,2
GGGCTACTATTTCGTG-1,Tumor,2
GGGCTATGATCGATGG-1,Bronchus,3
GGGCTCATCGAACCCA-1,Normal,0
GGGCTGCCTAGGGCGA-1,Normal,0
GGGCTGGTTAGTCGCG-1,Normal,3
GGGTACCCACGGTCCT-1,Normal,0
GGGTACTTCATGAACT-1,Tumor,1
GGGTATGTATGCACTT-1,Tumor,1
GGGTATTCTAGCAAAC-1,Tumor,1
GGGTCACCGTGACGGT-1,Tumor,1
GGGTCACGTGCTTATG-1,Normal,0
GGGTCACTGAGTAGTG-1,Normal,0
GGGTCAGGAGCTAGAT-1,Tumor,2
GGGTCATGCGTACCAT-1,Tumor,1
GGGTCGTGGCAAGTGT-1,Normal,0
GGGTGACACCTTAACT-1,Tumor,3
GGGTGCATATGAAAGC-1,Normal,0
GGGTGGTCCAGCCTGT-1,Normal,0
GGGTGTTTCAGCTATG-1,Normal,0
GGGTTAACATTTGAGT-1,Normal,3
GGGTTCAGACGAACAA-1,Tumor,1
GGGTTTAGGATAGGAT-1,Normal,0
GGTAAATGTGCGTTAC-1,Normal,0
GGTAACCGGGAGGATA-1,Tumor,2
GGTAACTATGTATCTG-1,Normal,0
GGTACAAACATGCTAT-1,Tumor,3
GGTACACCAGATTTAT-1,Normal,0
GGTACATCTGGGACGA-1,Normal,1
GGTACCATTAAGACGG-1,Normal,0
GGTAGAAGACCGCCTG-1,Normal,0
GGTAGACCGTTGGGCG-1,Tumor,3
GGTAGGCCAATATCAC-1,Tumor,2
GGTAGTGCTCGCACCA-1,Normal,0
GGTATAGTGACACATA-1,Normal,0
GGTATGAAAGAACTGA-1,Tumor,1
GGTATTGCCGAGTTTA-1,Tumor,3
GGTCAAGACTACTTCG-1,Normal,0
GGTCACGTTAGATTCA-1,Normal,0
GGTCAGTGGGTCCCAC-1,Tumor,3
GGTCATTGTAGTCATA-1,Normal,0
GGTCCCATAACATAGA-1,Normal,0
GGTCCTTCATACGACT-1,Normal,1
GGTCGGATAAACGGCG-1,Normal,0
GGTCGGCCAGGAGCTT-1,Normal,0
GGTCGGTAATTAGACA-1,Normal,0
GGTCGGTCGTCCACAG-1,Bronchus,3
GGTCGTAAGCTCGCAC-1,Tumor,2
GGTCTCTGAATGGACT-1,Tumor,2
GGTCTGAGAATCTGGA-1,Normal,0
GGTCTTGAGCGCTCTT-1,Normal,0
GGTGAAACCGGGAATG-1,Tumor,3
GGTGAACGGGCTAGCC-1,Normal,0
GGTGAAGTACAGGGAT-1,Tumor,2
GGTGAGATGCAGATAA-1,Normal,0
GGTGATAAGGAGCAGT-1,Normal,0
GGTGATGAAGGAAGTG-1,Tumor,1
GGTGATTTCATCTTGT-1,Normal,0
GGTGCAGAGCCTATCG-1,Normal,0
GGTGCATAAATGATTA-1,Tumor,2
GGTGCGGATAAGTGGC-1,Normal,0
GGTGCTGATCACAAAG-1,Normal,1
GGTGCTGGTACACATT-1,Tumor,3
GGTGGACCACGTGTTA-1,Normal,0
GGTGGACTGCTCTGGC-1,Normal,0
GGTGGGATTAGGTCCC-1,Tumor,2
GGTGTAAATCGATTGT-1,Normal,0
GGTGTAGGTAAGTAAA-1,Tumor,2
GGTGTTCTGTTTCTAC-1,Normal,0
GGTTACCACCCTCGGG-1,Tumor,1
GGTTACCGCTCCCTAC-1,Tumor,2
GGTTAGCTATATGTCT-1,Normal,0
GGTTAGGCTTGGAGAA-1,Tumor,1
GGTTAGTTACGGCGCC-1,Normal,1
GGTTCCACCCGCTTCT-1,Normal,0
GGTTCCCTAGTGTCTC-1,Normal,0
GGTTCCGTACGACTAA-1,Tumor,2
GGTTCGATGCTGAGTT-1,Normal,0
GGTTCGGATTATACTA-1,Normal,1
GGTTCTACTCGTCTGA-1,Bronchus,0
GGTTGTATCGTGAAAT-1,Tumor,3
GGTTGTGCTCTTGTCC-1,Tumor,1
GGTTGTGTAGCCTGGC-1,Tumor,1
GGTTTAATTACCATCG-1,Tumor,2
GGTTTAATTGAGCAGG-1,Normal,0
GGTTTACAATCTCAAT-1,Normal,0
GGTTTAGCCTTTCTTG-1,Normal,0
GGTTTCAATCGGTCAG-1,Normal,0
GGTTTGACAAGAAGCT-1,Normal,0
GGTTTGAGTGCTGGAA-1,Normal,0
GGTTTGCGAACACGTA-1,Normal,0
GGTTTGTGACCTGAGG-1,Normal,0
GTAACAACTGACCTTG-1,Normal,0
GTAACAGGTTAACGGC-1,Tumor,2
GTAACATCAGCTCATC-1,Normal,0
GTAACATCTAAGATAA-1,Normal,0
GTAACTGCCCAAGGAG-1,Tumor,2
GTAACTTGCGGCAGTC-1,Normal,0
GTAAGCGGGCAGTCAG-1,Normal,0
GTAAGGATTTGTCGGA-1,Normal,0
GTAAGTAACAGTCTGG-1,Normal,3
GTAAGTAGGGTATACC-1,Tumor,1
GTAATAAAGGGCTCCC-1,Bronchus,0
GTAATCTGATTCTTCG-1,Tumor,3
GTACACTTACCTGAAG-1,Tumor,3
GTACAGAGGCAAGGGT-1,Normal,0
GTACGACGGCGCTGCG-1,Normal,0
GTACGAGATTGCGACA-1,Normal,0
GTACGCTTCATTGCAC-1,Tumor,3
GTACGTCACGTATTAA-1,Normal,0
GTACGTTTGCCCGTCA-1,Tumor,3
GTACTAAGATTTGGAG-1,Normal,0
GTACTCCCTTATCGCT-1,Tumor,1
GTACTCCTGGGTATGC-1,Normal,0
GTACTGAGGTCGTAAC-1,Normal,0
GTACTGCATGAAGCGT-1,Normal,0
GTACTGGAGTTAGACC-1,Normal,0
GTACTTGGGCACTTCT-1,Normal,0
GTAGAAACGGGTGGAG-1,Tumor,1
GTAGACAACCGATGAA-1,Normal,0
GTAGACACGCCTGACT-1,Normal,0
GTAGACGTCGTTACAT-1,Normal,0
GTAGAGGGAGACAAGT-1,Tumor,2
GTAGCCAAACATGGGA-1,Tumor,3
GTAGCGCTGTTGTAGT-1,Tumor,3
GTAGCGGCTATACACT-1,Tumor,3
GTAGCTAGTAAGCGCG-1,Normal,0
GTAGCTCCGGGAGGCT-1,Tumor,2
GTAGCTTCCTCTTGTT-1,Normal,0
GTAGGTGATCCGTGTA-1,Normal,0
GTAGTCGCGGGAATCA-1,Normal,0
GTAGTCTACGATATTG-1,Normal,0
GTAGTTCGAAGGCGAA-1,Tumor,2
GTATAATCTCCCGGAT-1,Normal,1
GTATAGGACTCAGTAG-1,Normal,0
GTATAGTGGCCCATGT-1,Normal,0
GTATCAAACGTTAGCT-1,Normal,0
GTATCAAGGTACTTCC-1,Normal,0
GTATCAGCTTGGGTTC-1,Normal,0
GTATCCTTTGGTAACC-1,Normal,0
GTATCTCAGTCTTGAC-1,Tumor,2
GTATCTCCCTAACTGT-1,Normal,3
GTATCTTGTTGCTCAC-1,Normal,3
GTATCTTTCATAACCA-1,Tumor,3
GTATGAAATTTCACTC-1,Tumor,1
GTATGACGTGGGAAAC-1,Normal,0
GTATGTGGGTCTAGTT-1,Normal,0
GTATTAAGGCGTCTAA-1,Tumor,1
GTATTAGGGTTCGCGT-1,Normal,0
GTATTCTGAGAAACGA-1,Tumor,2
GTCAAAGAAGTGGTGT-1,Tumor,1
GTCAAAGTTTACATAG-1,Normal,0
GTCAAGCGGACTCGGG-1,Tumor,3
GTCAATGCTATAATTT-1,Normal,0
GTCAATTGTACTGAAG-1,Tumor,3
GTCACAAAGTTTCCAA-1,Normal,0
GTCACCTGTCTATGTC-1,Normal,0
GTCACTCTCCAAATCT-1,Normal,1
GTCAGAATAGTCTATG-1,Tumor,1
GTCAGTTGTGCTCGTT-1,Normal,0
GTCAGTTTGGTAGTCG-1,Tumor,1
GTCATGCACCTCCGTT-1,Normal,0
GTCATGGACATGACTA-1,Normal,0
GTCATTAGAGCGAACG-1,Tumor,3
GTCATTGCATTGACCC-1,Normal,1
GTCCAATATTTAGCCT-1,Tumor,2
GTCCAGGCACGTGTGC-1,Tumor,2
GTCCATTACTGCTACG-1,Normal,0
GTCCCAACGTAAAGTA-1,Normal,0
GTCCCAATCATCCCGC-1,Tumor,2
GTCCCGCGACGTTATG-1,Blood vessel,0
GTCCGAGAGCAATCAT-1,Tumor,1
GTCCGGACCTGAAATT-1,Normal,0
GTCCGGCTGAATTGCG-1,Normal,0
GTCCGGGTTCACATTA-1,Normal,0
GTCCTACAGGCGGCTC-1,Normal,1
GTCCTACGAATAGTCT-1,Normal,0
GTCCTACTCTACGGGC-1,Tumor,1
GTCCTATTGTTGTGGT-1,Tumor,1
GTCCTTCTACAACCCA-1,Tumor,1
GTCCTTCTAGTGGGTT-1,Normal,0
GTCCTTTAATGACTTC-1,Normal,0
GTCGCCGTTGTGTGTT-1,Tumor,2
GTCGCGTAACCCGTTG-1,Tumor,3
GTCGGAAGGATACCAG-1,Normal,0
GTCGGATATCTCAGAC-1,Tumor,1
GTCGGATGTAGCGCGC-1,Normal,0
GTCGGGAACATGGTAG-1,Tumor,2
GTCGGGAAGCAGAAAC-1,Normal,0
GTCGTACCATCTCGGG-1,Tumor,3
GTCGTACCTACGATTG-1,Normal,1
GTCGTATTGGCGTACA-1,Normal,0
GTCGTCAATTATAAGG-1,Normal,0
GTCGTCTGGTTGGCTA-1,Normal,0
GTCGTGTCTGGTCATC-1,Normal,0
GTCGTTATTCGCTTAT-1,Tumor,3
GTCTAAGATGCCCAGC-1,Normal,0
GTCTACTCAATTACAA-1,Normal,1
GTCTATACACGCATGG-1,Tumor,2
GTCTATCTGAGTTTCT-1,Tumor,1
GTCTATTGGTTCCGGT-1,Normal,0
GTCTCAAGGCCCGGCT-1,Blood vessel,0
GTCTCCGCCTCAATAC-1,Tumor,2
GTCTCCTGCCAGTATG-1,Tumor,1
GTCTCGACTAAGTTTG-1,Normal,0
GTCTCGATCTGCTTTC-1,Normal,0
GTCTCGCCAACACGCC-1,Normal,0
GTCTGGGCGGTCGAGA-1,Tumor,3
GTCTGTAGGTTGAACA-1,Tumor,2
GTCTTAGTACAGCCGG-1,Normal,0
GTCTTCCTCACCTAAG-1,Tumor,1
GTGAAACGGCGCCACC-1,Normal,0
GTGAAACGTGCTCCAC-1,Normal,0
GTGAACTCCCATTCGA-1,Bronchus,0
GTGAAGATTTCAAGTG-1,Normal,0
GTGAAGCCGTATAGTC-1,Normal,0
GTGAAGTCACGACTCG-1,Tumor,2
GTGACAGCTTCCCACT-1,Normal,0
GTGACCGCACACTACG-1,Normal,0
GTGACGAGGGTGACCC-1,Normal,0
GTGACGCAGGTTTCAT-1,Bronchus,0
GTGACTTCAGTAGTGC-1,Tumor,3
GTGAGATAACCTTATA-1,Tumor,2
GTGAGCGTGCTGCACT-1,Tumor,1
GTGAGGACACTTAAGG-1,Tumor,3
GTGAGGAGCGGTTGAG-1,Normal,0
GTGAGTCTAAGACGGA-1,Tumor,1
GTGAGTGGTACAACGC-1,Tumor,3
GTGATCAAGCGTGCAC-1,Tumor,2
GTGATCACTAACGCCT-1,Normal,0
GTGATCATAGATCTGC-1,Tumor,3
GTGATCCTTGTCATGA-1,Normal,0
GTGATGCACAACATCT-1,Normal,0
GTGATTCGCCGCTCAA-1,Tumor,2
GTGCAACAAATGTGGC-1,Normal,0
GTGCACCAGCTTCAAC-1,Tumor,2
GTGCACGAAAGTGACT-1,Normal,0
GTGCCATCACACGGTG-1,Tumor,1
GTGCCCGTTCGGATTC-1,Normal,0
GTGCCGCTTCAAAGGT-1,Tumor,3
GTGCCTAGCTATGCTT-1,Normal,1
GTGCCTCAGTGTACGG-1,Normal,0
GTGCGAAATCGAACAC-1,Tumor,3
GTGCGACAGGGAGTGT-1,Normal,0
GTGCGCAGCTTGCTCC-1,Normal,0
GTGCGCTTACAAATGA-1,Tumor,3
GTGCGGGACCATCGGC-1,Normal,0
GTGCGGGTCTCCAAAT-1,Normal,0
GTGCGTGTATATGAGC-1,Normal,0
GTGCTATCCAGCTGGA-1,Normal,2
GTGCTCAAGTACTGTC-1,Tumor,3
GTGCTGCAGATAAGGA-1,Tumor,1
GTGGAACCTACATGCG-1,Normal,0
GTGGACCAACCCGATT-1,Tumor,1
GTGGACGCATTTGTCC-1,Normal,0
GTGGACGTGCTGAGAC-1,Normal,0
GTGGAGCGTTTACCGA-1,Tumor,1
GTGGAGTCGGCGGTTG-1,Tumor,3
GTGGCAAACAGCGGCA-1,Tumor,2
GTGGCCTAATATCATT-1,Tumor,1
GTGGCGGGCCGTAGCT-1,Normal,0
GTGGCGGTCCCAGCGT-1,Normal,1
GTGGCGTGCACCAGAG-1,Normal,0
GTGGGAACAAACCGGG-1,Tumor,2
GTGGGAAGACTGAATC-1,Tumor,2
GTGGGCTTAGACACAC-1,Tumor,1
GTGGGTACTGAGCGTA-1,Tumor,2
GTGGTATAGTCTGCCG-1,Tumor,2
GTGGTCAGCGAAGTAT-1,Normal,0
GTGGTGGCCAAGTGAA-1,Tumor,0
GTGGTTACTTCTTTCG-1,Bronchus,0
GTGGTTTCCGCCTTTC-1,Tumor,1
GTGTACCTTGGCTACG-1,Normal,0
GTGTATATCAGCGGGC-1,Blood vessel,0
GTGTATGACTTTAAAG-1,Normal,0
GTGTCAGTGTACGTGG-1,Tumor,2
GTGTCCGATAAGGCAT-1,Normal,0
GTGTCGTATAGCGTTC-1,Normal,0
GTGTCGTATTCACCTT-1,Normal,0
GTGTGAATAACTTAGG-1,Normal,0
GTGTGAGCCGAGGTGC-1,Normal,0
GTGTGTCGACGTCGCT-1,Normal,1
GTGTTACTATGCGTCC-1,Tumor,3
GTTAAAGTAGGACTGG-1,Normal,0
GTTAACATCACTTAAA-1,Normal,0
GTTAAGGGTGCGATGT-1,Blood vessel,0
GTTAAGTTAGAGTGGG-1,Normal,0
GTTAATGTCTATCTTA-1,Tumor,1
GTTACAATTGGTGACG-1,Tumor,1
GTTACCTACAACTTGC-1,Tumor,3
GTTACGAAATCCACGC-1,Normal,0
GTTACGGCCCGACTGC-1,Normal,0
GTTACTTTGGGCCTAG-1,Tumor,3
GTTAGAGTGTGCCGCT-1,Normal,0
GTTAGCCCATGACATC-1,Bronchus,0
GTTAGCCGTAAATCAA-1,Normal,0
GTTAGGCTACCCGTTT-1,Tumor,1
GTTATAATACGGTGAA-1,Normal,0
GTTATATCAGGAGCCA-1,Normal,0
GTTATATTATCTCCCT-1,Tumor,3
GTTATCACCTTCTGAA-1,Normal,0
GTTATTAAATACGACC-1,Normal,0
GTTATTAACGTGGGAG-1,Tumor,1
GTTCAAATCAGATGTC-1,Tumor,1
GTTCAATCTATGTCAA-1,Normal,0
GTTCACAGGAGTCTAG-1,Tumor,1
GTTCAGTCGCCAAATG-1,Tumor,2
GTTCATCGTTTGGCTG-1,Bronchus,0
GTTCCAGTCTGACCAT-1,Normal,0
GTTCCGTCCGCCTGCA-1,Tumor,2
GTTCGACAATTGTATA-1,Tumor,2
GTTCGCCATAAGTGCC-1,Tumor,3
GTTCGCTGAGACGTCT-1,Normal,0
GTTCGGATCGGGAACA-1,Normal,0
GTTCGGGCGTACCATT-1,Bronchus,0
GTTCGTCTAAAGAACT-1,Normal,0
GTTCGTCTGGGTCCCT-1,Normal,0
GTTCGTTGCGGACCAG-1,Normal,0
GTTCTTCCCTCGATGT-1,Normal,0
GTTCTTGTAACTCAAT-1,Tumor,2
GTTGAACCGGTTCCAT-1,Tumor,1
GTTGAGTCCCGCCGGT-1,Normal,0
GTTGCACGGAGTTTCG-1,Normal,0
GTTGGACCGCATCAGG-1,Normal,0
GTTGGATTCAGTGGCT-1,Normal,0
GTTGGATTGAGAACAC-1,Normal,0
GTTGGATTTGCGTTGG-1,Tumor,1
GTTGGTCATGCTATCC-1,Normal,0
GTTGTAGATTTATGAG-1,Tumor,2
GTTGTCGTGTTAGTTG-1,Normal,0
GTTGTTACATTGCGCT-1,Normal,0
GTTTACGTTCCATCTG-1,Tumor,3
GTTTATGGGATTTAGA-1,Tumor,1
GTTTCAAACGAGTTGT-1,Normal,0
GTTTCATATCGTCGCT-1,Tumor,1
GTTTCCTGGAGGGTGA-1,Normal,0
GTTTCTGCAGTCTCCC-1,Tumor,3
GTTTGACCAAATCCTA-1,Normal,0
GTTTGAGCGGTTATGT-1,Tumor,3
GTTTGGCCCAAGTTAT-1,Tumor,3
GTTTGGCCGCTCAGCG-1,Normal,0
GTTTGGCGTCAGGCAC-1,Normal,0
GTTTGGGCTTGTGAGC-1,Tumor,3
GTTTGGGTTTCGCCCG-1,Normal,0
GTTTGGTAGGGTCAAC-1,Tumor,3
GTTTGGTGATCGGTGC-1,Tumor,2
GTTTGTTAGCCAAGTA-1,Tumor,1
TAAACCCAGGAGGGCA-1,Tumor,3
TAAACGTCGTCAATGA-1,Normal,1
TAAAGAGCCCGAAACC-1,Normal,0
TAAAGCGGTATTTCCA-1,Bronchus,2
TAAAGCGTTAGGAGAA-1,Normal,0
TAAAGCTGCAATAGGG-1,Normal,0
TAAAGGAGAAACTAGT-1,Normal,0
TAAAGTGCACGTCTCG-1,Tumor,2
TAAATCTTTACACCTC-1,Normal,0
TAAATGAATCCGTTTC-1,Normal,1
TAAATGCCGTCTCATG-1,Normal,0
TAAATTTAGTAACACC-1,Tumor,2
TAACAAAGGGAGAAGC-1,Normal,0
TAACAATATTTGTTGC-1,Tumor,1
TAACAGCGTTTGTGCT-1,Tumor,2
TAACAGGTTCCCTTAG-1,Tumor,2
TAACATACAATGTGGG-1,Tumor,3
TAACATACACGCGATC-1,Tumor,2
TAACCGCCCGCAGTGC-1,Normal,3
TAACCTACCGTCCGAG-1,Bronchus,0
TAACCTAGGGAGTCCA-1,Normal,0
TAACGCTTTGAGAGCG-1,Normal,1
TAACTATCGAAGGTCC-1,Normal,1
TAACTATTACGCCAAA-1,Normal,0
TAACTCATCCGCGCGG-1,Tumor,3
TAACTCCATGGAGGCT-1,Normal,1
TAAGAGGGACAGGGAC-1,Tumor,2
TAAGATTTAGCGGGAG-1,Normal,0
TAAGCAGGCGACACGC-1,Normal,1
TAAGCCCTTACGACCA-1,Normal,0
TAAGCGCGAATCAAAT-1,Tumor,2
TAAGGAACTTGTGGGA-1,Normal,0
TAAGGCAACATAAGAT-1,Normal,0
TAAGGCATAACATCAA-1,Bronchus,3
TAAGGCCCGTCACCCT-1,Blood vessel,0
TAAGGCTGAATCCCTC-1,Normal,0
TAAGGGCCTGTCCGAT-1,Normal,0
TAAGGGCTGGGAGAGG-1,Normal,1
TAAGTAAATGTGCCGC-1,Normal,0
TAAGTAACATCTTGAC-1,Tumor,1
TAAGTCGCCGAGTATC-1,Tumor,2
TAAGTTGCGACGTAGG-1,Normal,0
TAATAAACAAGGAGAT-1,Normal,0
TAATACACAGTAGTAT-1,Normal,0
TAATACTAGAACAGAC-1,Bronchus,0
TAATAGAACAGAGTTA-1,Tumor,2
TAATAGCTAAATGATG-1,Normal,0
TAATAGGTCACCAGAA-1,Tumor,2
TAATAGTGACGACCAG-1,Normal,0
TAATATTGAAATTCGC-1,Normal,0
TAATCGATCCGTACGT-1,Normal,0
TAATGAAAGACCCTTG-1,Tumor,1
TAATTAGATGGATATG-1,Normal,0
TAATTAGGACATCCGT-1,Normal,0
TAATTGGAATCGGGAA-1,Normal,0
TACAAATTGCGGAGGT-1,Normal,0
TACAACGCACAACTCA-1,Tumor,3
TACAAGCTGTTCACTG-1,Normal,3
TACAAGTCTCGTGCAT-1,Tumor,1
TACAATGAAACCAGCA-1,Tumor,3
TACACAGCCGTGGTGC-1,Normal,0
TACACCGTCGTTAGTC-1,Normal,0
TACAGAAACGGTGGGC-1,Normal,0
TACATAGGCATACACC-1,Tumor,3
TACATCCCTATCCCTG-1,Tumor,2
TACATCTTGTTTCTTG-1,Tumor,1
TACATGACCTTATCCG-1,Tumor,1
TACATTTCTAACGTGC-1,Tumor,3
TACCAAATAGCCCAGA-1,Bronchus,0
TACCAATAAAGTACCA-1,Normal,0
TACCAGAAGTAGGTTC-1,Tumor,3
TACCAGCTAGGTTTAA-1,Normal,0
TACCAGGAATCCCGTC-1,Tumor,2
TACCGCGGACTTGCAG-1,Normal,0
TACCGGCTCACTGCCC-1,Tumor,3
TACCGGTCGTTTCCAT-1,Tumor,1
TACCGTAGGTTAACTA-1,Bronchus,3
TACCGTGCCTCGGACC-1,Tumor,3
TACCTACTCCCAGTAT-1,Normal,0
TACCTATCCCTAGAGG-1,Tumor,2
TACCTCACGCTTGTAC-1,Normal,0
TACCTCAGTTGTCTGT-1,Bronchus,3
TACCTCCACACCAATG-1,Tumor,2
TACCTGCTGCACTGTG-1,Normal,1
TACCTTAAGATTTCCC-1,Tumor,2
TACGAACACGACTTCA-1,Normal,3
TACGACGCTTGCTGCG-1,Tumor,3
TACGACTGCCTCTTAG-1,Tumor,3
TACGAGAACTTCACGT-1,Tumor,1
TACGATCCAAGCCACT-1,Normal,0
TACGATGTTGATCATC-1,Tumor,1
TACGCAGTTCTTTCCT-1,Tumor,3
TACGCCATATTCTAAT-1,Tumor,3
TACGCCGAGGGTACCC-1,Tumor,2
TACGCCTCCATTCCGA-1,Normal,3
TACGCTATAGAAACCT-1,Bronchus,0
TACGCTCCTAGAACTG-1,Tumor,2
TACGCTGCTGTGTTAA-1,Tumor,0
TACGGAAGCCAAACCA-1,Bronchus,0
TACGGGATGCTAGCAG-1,Normal,0
TACGTACTAGTGCTGA-1,Tumor,2
TACGTGCACTATGCTG-1,Normal,0
TACGTGGGCCCAGGGC-1,Normal,0
TACGTTTACCGGCAAT-1,Tumor,1
TACTATGGTTCCTCAG-1,Bronchus,3
TACTCCTCTAGTTGAC-1,Tumor,2
TACTCGGCACGCCGGG-1,Normal,1
TACTCTCCGAACAAAT-1,Normal,0
TACTCTTACTTTACTG-1,Normal,0
TACTCTTTCGTCTTCA-1,Bronchus,3
TACTGAACAGATTTAG-1,Tumor,2
TACTGAGGGAAGAAAG-1,Tumor,1
TACTGCAATCAATTAC-1,Normal,0
TACTGCATGATTAAAT-1,Tumor,2
TACTGGACAGCTCGGC-1,Tumor,1
TACTTGTTAGTAGTCC-1,Normal,0
TACTTTACTGAGCCGG-1,Normal,0
TACTTTCCGCACGCCA-1,Tumor,2
TAGAAACACAATAGTG-1,Tumor,1
TAGAAACCACTAAGTA-1,Normal,0
TAGAAAGGTGGCGCTA-1,Normal,0
TAGAAATTCACGTATA-1,Normal,1
TAGAATTAAGGGCAAC-1,Normal,0
TAGACGAAACGCCAAT-1,Blood vessel,0
TAGACGCCCGTACCGG-1,Normal,0
TAGACTACCTAGCGTT-1,Bronchus,0
TAGAGATCATGCAACT-1,Tumor,1
TAGAGCTACGAAGAAC-1,Normal,0
TAGAGGGAGTTTATCT-1,Normal,0
TAGAGGTTCTACTTGT-1,Normal,0
TAGAGTCTAAGCGAAC-1,Normal,0
TAGATATGGACTGGAA-1,Tumor,3
TAGATCCGAAGTCGCA-1,Normal,0
TAGATGGTTCCTTACT-1,Normal,0
TAGATTCAAAGTGCGG-1,Tumor,2
TAGATTCCTGGTTATT-1,Normal,1
TAGCAACCTGTCACAA-1,Tumor,1
TAGCAGTAAATACGCG-1,Normal,0
TAGCCATTTCAAAGTC-1,Normal,0
TAGCCGGCGGTCAGCG-1,Normal,0
TAGCGTCCCTCGATTG-1,Normal,0
TAGCGTCCGGTGTGGT-1,Normal,0
TAGCGTCGAATATTGA-1,Tumor,1
TAGCGTTGGGTCTTAC-1,Tumor,3
TAGCTAAGTCCGGGAG-1,Normal,0
TAGCTAGAAGGCATGA-1,Tumor,3
TAGCTAGTGATGATGG-1,Bronchus,3
TAGCTCAGATCCTAGT-1,Normal,0
TAGCTCGCCTGATAAC-1,Tumor,3
TAGCTGATGTGAAGCG-1,Tumor,2
TAGGAACAGCCTCCAG-1,Normal,0
TAGGCATGTTACGCCA-1,Normal,0
TAGGCGATGAGGTCTC-1,Tumor,1
TAGGCGGCTGCAAAGA-1,Tumor,2
TAGGGAGCTTGGGATG-1,Normal,0
TAGGGTGTTTCAAGAG-1,Normal,0
TAGGTCCAAGTAAGGA-1,Normal,1
TAGGTCGCCGGAACTG-1,Normal,0
TAGGTGACGATAACCT-1,Blood vessel,0
TAGGTGAGCCCTACTC-1,Tumor,1
TAGGTGCTCGCCTAGC-1,Normal,0
TAGGTGTTCCACAGAT-1,Bronchus,3
TAGGTTCGAGTTCGTC-1,Normal,3
TAGGTTCTGCTGAGAA-1,Tumor,2
TAGTACCACAACTTTC-1,Tumor,2
TAGTACCTTAGTGGTC-1,Tumor,1
TAGTAGCTTATACCAG-1,Tumor,2
TAGTCCCGGAGACCAC-1,Tumor,2
TAGTCCGCAGAGAATG-1,Tumor,3
TAGTCCGTATGCATAA-1,Normal,1
TAGTCCTGCACTAAGC-1,Tumor,0
TAGTCGATCACGGGTT-1,Normal,0
TAGTCTAACAACGAGA-1,Tumor,1
TAGTCTGCGGCACATT-1,Tumor,2
TAGTCTGTGACGTTGC-1,Normal,0
TAGTGAGAAGTGGTTG-1,Normal,3
TAGTGCCCTCCAGAGT-1,Normal,3
TAGTGGAACTCATACA-1,Normal,0
TAGTGTCAGAAACGGC-1,Tumor,1
TAGTTAAGATAGGATA-1,Normal,0
TAGTTTATTCTTGCTT-1,Normal,0
TATAAATCCACAAGCT-1,Normal,0
TATAAGTGAGGATAGC-1,Normal,0
TATACACAGACGCCTT-1,Tumor,3
TATACACGCAAAGTAT-1,Normal,0
TATACGCGTCATCACT-1,Blood vessel,0
TATACTCATGCGGCAA-1,Tumor,1
TATAGAGTCGCTTGAA-1,Tumor,2
TATAGATGGTCGCAGT-1,Bronchus,0
TATAGCGCACGTTATC-1,Tumor,2
TATAGGGTACTCATGA-1,Normal,1
TATATAGGGCTTTACG-1,Tumor,2
TATATATCGAGAAATG-1,Tumor,2
TATATCAAAGTGATCT-1,Tumor,2
TATATCATTGATCAGT-1,Tumor,1
TATATCCCTGGGAGGA-1,Normal,0
TATATGCTGGGTTGCC-1,Tumor,1
TATATTACAAATGTCG-1,Normal,0
TATATTCGCGTCGATA-1,Normal,0
TATCAAAGGTCTGTAA-1,Tumor,1
TATCACAGCACGGGCA-1,Normal,0
TATCACCATGTAAAGT-1,Normal,0
TATCACCCAACCGACC-1,Normal,0
TATCACTTCGAGTAAC-1,Normal,0
TATCAGTGGCGTAGTC-1,Tumor,1
TATCCAATTGGTTATC-1,Normal,0
TATCCATATCATGCGA-1,Normal,0
TATCCATCTCGGTTAG-1,Tumor,2
TATCCGCACCGTCGGG-1,Bronchus,3
TATCCTATCAACTGGT-1,Tumor,2
TATCCTGCATGGGAAT-1,Normal,0
TATCGATCTATGCATA-1,Normal,0
TATCGATGATTAAACG-1,Normal,0
TATCTACAGAGGTAAT-1,Normal,1
TATCTACCACAGCGGG-1,Tumor,3
TATCTAGCCTAAAGGA-1,Tumor,1
TATCTTGCAATACAAC-1,Tumor,1
TATGAAGACAGGTGCG-1,Normal,1
TATGACCTTGCGCTGG-1,Tumor,2
TATGATAAATCTAACG-1,Normal,0
TATGATCCGGCACGCC-1,Normal,0
TATGATCTTCTCTTTA-1,Normal,0
TATGATTCTGCTTGGT-1,Normal,0
TATGCTCCCTACTTAC-1,Normal,0
TATGGAGTTTCTCGTT-1,Normal,0
TATGGATGTGCTACGC-1,Normal,0
TATGGCCCGGCCTCGC-1,Tumor,1
TATGGCTAGGCTAATT-1,Normal,0
TATGGGACCGAGCAGG-1,Tumor,3
TATGGGTACGTATCGT-1,Normal,3
TATGGTCTGAGTAACA-1,Tumor,3
TATGGTTAGTGGGAGA-1,Bronchus,0
TATGTAAAGTGCTTAA-1,Tumor,2
TATGTAGAAACCCGGC-1,Tumor,1
TATGTCAAGACCGACT-1,Normal,0
TATGTCTCATTGTGCC-1,Normal,0
TATTAACACCAAAGCA-1,Tumor,1
TATTAACCTGACCGCG-1,Tumor,2
TATTACCATCCTGCTT-1,Normal,0
TATTATGTTTGCCTGC-1,Tumor,1
TATTCAATTCTAATCC-1,Normal,0
TATTCCACTCAGCTCG-1,Tumor,3
TATTCCGAGCTGTTAT-1,Normal,0
TATTCCGGCAGTCCTA-1,Normal,0
TATTCCTCCGCCCACT-1,Tumor,2
TATTCGTGCCAGAATA-1,Normal,3
TATTGACATTTCTGCC-1,Normal,0
TATTTAGTCTAGATCG-1,Normal,0
TATTTATACCGAGTAG-1,Normal,0
TATTTGTTACCCTTTA-1,Normal,0
TCAAACAACCGCGTCG-1,Normal,0
TCAAACAATTAGGACA-1,Normal,0
TCAAACTTAGATTGTT-1,Normal,0
TCAAAGAGCTATCTGT-1,Tumor,2
TCAAAGTCACGGCGTC-1,Tumor,2
TCAAATTGTTGTGCCG-1,Bronchus,0
TCAAATTTGAGACTCA-1,Blood vessel,0
TCAACAAAGATAATTC-1,Tumor,2
TCAACACATTGGGTAA-1,Normal,0
TCAACATAGCGCCCTA-1,Tumor,2
TCAACATCGACCGAGA-1,Tumor,2
TCAACCATGTTCGGGC-1,Normal,0
TCAACGAGGAGACAAA-1,Tumor,3
TCAACGCAGGAAATAA-1,Tumor,2
TCAACGCGACCGGCAG-1,Normal,1
TCAACTAACGTATAAC-1,Normal,1
TCAACTGCAGAGTCAG-1,Normal,0
TCAAGAAATACTAGCT-1,Bronchus,0
TCAAGGTTACTACACC-1,Normal,0
TCAATACAATTGCTGC-1,Tumor,1
TCAATACGCCGTCATG-1,Bronchus,3
TCACAAACCGAGGTAC-1,Normal,0
TCACAGCAAACTCGAA-1,Tumor,3
TCACAGGAGAATAAGA-1,Bronchus,3
TCACAGGGAATCGCAA-1,Normal,0
TCACAGGTTATTGGGC-1,Tumor,3
TCACATCTTATCTGAT-1,Normal,1
TCACCCTCTTAAGATT-1,Tumor,3
TCACCGCTCGGCACTC-1,Normal,0
TCACGATGTCCGTGGA-1,Tumor,2
TCACGCATTGTAGATC-1,Tumor,3
TCACGGCCCAAGAGAG-1,Tumor,2
TCACGGTCATCGCACA-1,Normal,0
TCACGTGCCCGATTCA-1,Tumor,3
TCACTACGACCAATGC-1,Normal,0
TCACTATCGTGCAATC-1,Normal,0
TCACTCAGCGCATTAG-1,Tumor,3
TCACTCGTGCAACGGC-1,Normal,0
TCACTCTTCGTCTGTC-1,Tumor,1
TCAGAACCTCCACAGG-1,Bronchus,0
TCAGACGCTATAGAAG-1,Tumor,3
TCAGATGGAGACGTAG-1,Normal,0
TCAGCAAATGCATCTC-1,Normal,0
TCAGCAGTAGGCCCTG-1,Tumor,2
TCAGGGCGACTTCCTT-1,Tumor,1
TCAGGGCGCAAACTCG-1,Tumor,1
TCAGGGTGCACGAAAC-1,Normal,0
TCAGGGTGTAACGTAA-1,Normal,0
TCAGGTTCTTTGAGAA-1,Normal,1
TCAGTACTGACCCGCG-1,Tumor,1
TCAGTAGGGACTATAA-1,Tumor,3
TCAGTGTATACGTCAT-1,Tumor,2
TCAGTTACGGAATGAT-1,Normal,0
TCATACTTACAGATCC-1,Tumor,1
TCATATGAGCTTTGTT-1,Tumor,2
TCATCACTCGAGCTCG-1,Normal,0
TCATCCCAGAGGGTGG-1,Normal,0
TCATCGACGACCGTCG-1,Normal,0
TCATCGATGGTCCCAA-1,Tumor,2
TCATGCAGGTTCTCAT-1,Normal,0
TCATTCGTATAATTTG-1,Normal,0
TCATTTAAGTCTCCGA-1,Normal,0
TCATTTAGAAGTGTGA-1,Normal,0
TCCAACTTTAAATTCT-1,Tumor,1
TCCAAGCCTAGACACA-1,Bronchus,0
TCCAATAAAGGCTACC-1,Bronchus,3
TCCACAATGGTTTACG-1,Tumor,1
TCCACATCGTATATTG-1,Normal,0
TCCACCTCTAGCCTTT-1,Bronchus,3
TCCACTTTATCTAGGT-1,Normal,0
TCCAGAGCACCGGTTC-1,Tumor,3
TCCAGATGTACGCCAA-1,Normal,0
TCCAGGCAGGACGATC-1,Tumor,2
TCCAGGCGAGTACGGT-1,Normal,3
TCCAGGGTATATACGA-1,Bronchus,0
TCCATCAATACTAATC-1,Tumor,2
TCCATTCCCACTAGAG-1,Normal,0
TCCATTGTGACCTCGT-1,Normal,0
TCCCAAACAGACAACG-1,Normal,0
TCCCAAACATCCTCTA-1,Tumor,2
TCCCAAAGACGAAGGA-1,Normal,0
TCCCACGGAGGGAGCT-1,Normal,0
TCCCACTCTCTTCCGG-1,Bronchus,0
TCCCAGCTTTAGTCTG-1,Tumor,3
TCCCAGGCTTAGCTAA-1,Normal,1
TCCCGCGTACTCCTGG-1,Normal,0
TCCCGGGTGTGCTGCT-1,Tumor,1
TCCCGGTCAGGAATTT-1,Normal,0
TCCCGTCAGTCCCGCA-1,Normal,0
TCCCGTCGCGTCATAG-1,Normal,0
TCCCGTGTGCAATTTG-1,Normal,0
TCCCTAGATCAATAGG-1,Normal,0
TCCCTGGCGTATTAAC-1,Tumor,1
TCCCTGGCTCGCTGGA-1,Tumor,1
TCCCTTAGATTACTCG-1,Normal,0
TCCGAACTTGGCTTAC-1,Normal,1
TCCGAAGTAGTCACCA-1,Normal,0
TCCGAATGGTCCTGAG-1,Normal,0
TCCGACCGCTAATCAA-1,Tumor,2
TCCGAGAAGGCTAAGC-1,Normal,3
TCCGATAATTGCCATA-1,Normal,0
TCCGATGACTGAGCTC-1,Normal,0
TCCGATGGTGCGACAT-1,Normal,0
TCCGATTACATTGCCG-1,Tumor,1
TCCGCCTGTCTACAAG-1,Blood vessel,0
TCCGCGGCAGCATCTG-1,Normal,0
TCCGCGGCCCAATGAA-1,Normal,0
TCCGCTGTCATCCCGG-1,Normal,0
TCCGCTTATCCCATTA-1,Tumor,3
TCCGGAGGAAGGGCTG-1,Normal,0
TCCGGCCTAGCGTACA-1,Normal,0
TCCGGCCTGCATCGAT-1,Normal,0
TCCGGTTCGTCCGGTC-1,Tumor,3
TCCGTAACCACAATCC-1,Tumor,1
TCCGTTAAGCTAATAT-1,Normal,0
TCCGTTTAGCCTTGAA-1,Normal,0
TCCTAAAGATTCAGAC-1,Bronchus,0
TCCTAAATTGGGAAGC-1,Normal,0
TCCTAACCGTCGGGCA-1,Tumor,2
TCCTACATCCACGGCC-1,Normal,0
TCCTAGCAAAGAAGCT-1,Tumor,1
TCCTCCTAAGACATTC-1,Tumor,2
TCCTCGGGCTGGGCTT-1,Tumor,3
TCCTCTACGAGATGGC-1,Normal,1
TCCTCTCCAGTTGTCC-1,Normal,1
TCCTCTGGCCCATTAG-1,Normal,0
TCCTGCCAACTGGAGA-1,Normal,0
TCCTGCGTTGATACTC-1,Tumor,1
TCCTGGCGCTGCCTGG-1,Normal,0
TCCTTACGACGGTCCG-1,Normal,0
TCCTTCAATCCCTACG-1,Tumor,2
TCCTTCAGTGGTCGAA-1,Normal,0
TCCTTGTCCTTTAATT-1,Normal,0
TCCTTTAAATCCGCTT-1,Normal,0
TCCTTTCTTACGCTTA-1,Normal,0
TCGAAATTTAGGACCA-1,Normal,1
TCGAAGAACCGAGCAC-1,Normal,0
TCGAATATCCCGCAGG-1,Tumor,2
TCGAATCGCAGGGTAG-1,Tumor,2
TCGACAACTGAACCCG-1,Tumor,1
TCGACATAGCGTAGCG-1,Tumor,2
TCGAGACCAACACCGT-1,Tumor,3
TCGAGCCAGGCAGGCC-1,Tumor,2
TCGAGTCTACGATTCG-1,Tumor,1
TCGATAGGCTAGTCGC-1,Normal,3
TCGCAAAGATGCATTT-1,Tumor,3
TCGCACCAGGAGGCAG-1,Normal,0
TCGCATCCCTAAGTGT-1,Normal,0
TCGCATTCAATGACTT-1,Normal,0
TCGCCCAACTGACTCC-1,Normal,0
TCGCCCACTGCGAGAG-1,Tumor,1
TCGCCGAAGTTGCGTC-1,Tumor,1
TCGCCGACATATTCGC-1,Bronchus,0
TCGCCGCACCGCGTGA-1,Tumor,2
TCGCCGGATGGGCAAG-1,Tumor,1
TCGCCGGTCGATCCGT-1,Normal,0
TCGCGTAGCAGTGTCC-1,Normal,0
TCGCGTCCAGAAGGTC-1,Tumor,1
TCGCTAAACCGCTATC-1,Normal,0
TCGCTACTGGCTTTGA-1,Bronchus,0
TCGCTCGATATATTCC-1,Normal,0
TCGCTCGGCACCAGCG-1,Normal,0
TCGCTGCCAATGCTGT-1,Bronchus,0
TCGCTGGGCGGATTGT-1,Normal,0
TCGCTGTGCGTAAATC-1,Normal,0
TCGCTTAATTACGAAG-1,Normal,0
TCGCTTTAAACGTTTG-1,Normal,0
TCGGAATGACCATCAA-1,Normal,0
TCGGAATGCGCTCTGA-1,Tumor,1
TCGGACGCCCAGCCCA-1,Normal,0
TCGGAGAGTATCGGGA-1,Tumor,2
TCGGAGTACATGAGTA-1,Normal,0
TCGGCGAACCCAAACC-1,Normal,0
TCGGCGTACTGCACAA-1,Tumor,2
TCGGCTAACTTCCCTT-1,Normal,0
TCGGCTTGTATCGACG-1,Normal,0
TCGGGAACGTGCCTAG-1,Bronchus,0
TCGGGAGACAGCGTAC-1,Blood vessel,0
TCGGGATTCAAACATA-1,Normal,1
TCGGGCACTTCTGGAT-1,Tumor,3
TCGGGCCGTCGTGGTA-1,Normal,0
TCGGGTGAAACTGCTA-1,Normal,0
TCGGTCCCGACAATAG-1,Tumor,2
TCGGTCCCTGACTCCA-1,Normal,0
TCGGTGACCGCTCCGG-1,Normal,0
TCGGTTAGCCATGTAG-1,Normal,0
TCGTAAGACGACATTG-1,Normal,0
TCGTAAGCTCCGAGGA-1,Normal,0
TCGTACCGACGTCAAG-1,Tumor,2
TCGTATAGTGCAATTA-1,Normal,0
TCGTATTACCCATTGC-1,Tumor,1
TCGTATTTCGTCCGGA-1,Normal,0
TCGTCAAGTACGCGCA-1,Tumor,2
TCGTCACACTGTTAGC-1,Tumor,1
TCGTCCGCTGGCGTCT-1,Normal,0
TCGTCCGGGTACACTC-1,Normal,0
TCGTCTTAGGCGTTAA-1,Normal,0
TCGTGTACTATGGATG-1,Tumor,0
TCGTGTCACGCTGACA-1,Tumor,1
TCGTGTTCGACCACAA-1,Normal,0
TCGTTAGGAGTCCCTA-1,Tumor,3
TCGTTCGTTATTATGT-1,Normal,0
TCGTTGACAGGGTCCC-1,Tumor,1
TCGTTGCTATCCGGTC-1,Tumor,3
TCGTTGGCTCGTCAAT-1,Normal,0
TCTAAAGAACAGTCTC-1,Tumor,1
TCTAACTGTATGTAAA-1,Tumor,1
TCTAATACTGCCTCAG-1,Tumor,2
TCTACACGTTCATGCA-1,Normal,0
TCTACCCAATAGAGAG-1,Normal,0
TCTACCGTCCACAAGC-1,Normal,0
TCTACGGGCTCAGTTG-1,Normal,0
TCTAGCAATCTCCGCC-1,Tumor,2
TCTAGCATCTTCGATG-1,Normal,0
TCTAGCATGCCCAGAA-1,Tumor,3
TCTAGGTGGCGACGCT-1,Normal,0
TCTAGTGATATCGTGG-1,Normal,0
TCTAGTTATCAGAAGA-1,Tumor,3
TCTATCATGCAGTTAC-1,Normal,0
TCTATCGGTCGCAACA-1,Normal,0
TCTATTACGCTGGCGA-1,Normal,0
TCTATTACTAGAGGAT-1,Tumor,2
TCTCATGAGATAGGGT-1,Normal,0
TCTCCAACGTAGGTTA-1,Normal,0
TCTCCACAAGTTGAAT-1,Normal,0
TCTCCCTGGGCAGCGT-1,Normal,0
TCTCGAACGAGGTCAC-1,Normal,0
TCTCGACGTATCGCCG-1,Normal,0
TCTCGAGGAGGTTCGC-1,Normal,0
TCTCGGCTCCAGGACT-1,Normal,1
TCTCGTGTTACGAGGA-1,Tumor,2
TCTCTAATAGCTGGTA-1,Normal,0
TCTCTTACCGCGAACC-1,Tumor,2
TCTGAACCGGTCGGCT-1,Normal,0
TCTGAACTCGTACCCG-1,Normal,0
TCTGAAGCACGTGGTC-1,Normal,0
TCTGAATTCCGTACAA-1,Normal,0
TCTGACGGGCTAACCC-1,Normal,0
TCTGAGCAATTGACTG-1,Normal,0
TCTGATCGGGTGCTAG-1,Normal,0
TCTGATGTATTCTGTC-1,Normal,0
TCTGCAGATTCGAGTC-1,Tumor,1
TCTGCCAGAAACTGCA-1,Tumor,3
TCTGCGAATCGTTCGC-1,Normal,0
TCTGCGTCCGGTTTCT-1,Normal,1
TCTGGCGCAAGCCGGG-1,Tumor,1
TCTGGGAACCTTTGAA-1,Normal,0
TCTGGGTAGCGCTCAT-1,Tumor,1
TCTGTCATACAAGAGC-1,Normal,0
TCTGTGATGGAGGTTG-1,Normal,0
TCTGTGCCATCATAGT-1,Normal,0
TCTGTGGCTACATTTC-1,Tumor,3
TCTGTTACCCAGCATA-1,Tumor,2
TCTTAACTCGGATGTA-1,Tumor,1
TCTTACAGAGGTACCG-1,Normal,0
TCTTACCGGAACTCGT-1,Normal,0
TCTTACGGCATCCGAC-1,Normal,1
TCTTACTTATGCCTCT-1,Normal,0
TCTTAGAGCTCCAATT-1,Normal,0
TCTTAGAGTGAACTCT-1,Normal,0
TCTTATGGGTAGTACC-1,Normal,3
TCTTCCCATGGGCACA-1,Normal,0
TCTTCGAATAGACGTT-1,Tumor,3
TCTTCGATACCAATAA-1,Normal,0
TCTTCTATAACCCGCC-1,Normal,0
TCTTGATGCGTAGCGA-1,Normal,0
TCTTGCTCCCGATACT-1,Normal,0
TCTTGGTAACACCAAA-1,Normal,0
TCTTTAAGACTATGAA-1,Normal,0
TCTTTAGCAGGCGAAC-1,Normal,0
TCTTTCTCTTAAGGAG-1,Normal,0
TGAAACTTATGCAAGC-1,Normal,0
TGAAAGGACCTGACTC-1,Normal,0
TGAACAAGCAGGGACT-1,Tumor,2
TGAACTGCTATGACTT-1,Normal,2
TGAAGAGCGGTCCTAG-1,Tumor,1
TGAAGTAGCTTACGGA-1,Tumor,1
TGAATACCGACGCGTA-1,Bronchus,0
TGAATATGCTATAAAC-1,Normal,0
TGAATGAGATACAGCA-1,Normal,0
TGAATGAGTGTTTCCC-1,Tumor,2
TGAATGTCAGCCGGCC-1,Normal,0
TGAATTTCACTTGCCT-1,Tumor,2
TGACAACTTAAAGGTG-1,Tumor,2
TGACACTTCTCTTTGC-1,Normal,0
TGACAGGACAAGTCCA-1,Tumor,1
TGACATATATGACGAT-1,Normal,1
TGACATCGAGCGGACC-1,Bronchus,0
TGACATGTAACGTGAC-1,Tumor,2
TGACCAAATCTTAAAC-1,Tumor,0
TGACCAGCTTCAAAGT-1,Normal,0
TGACCCACGTTAGACA-1,Tumor,1
TGACCCAGCATTCCCG-1,Normal,0
TGACGAATATTTCCCT-1,Tumor,2
TGACGATGCACTAGAA-1,Normal,0
TGACTATAATCCTTTC-1,Tumor,3
TGACTCCGAATCATAC-1,Tumor,2
TGAGAATGCTTTACCG-1,Normal,0
TGAGACGTACCTCTCA-1,Normal,1
TGAGAGATTTACCACG-1,Normal,0
TGAGATCAAATACTCA-1,Normal,0
TGAGATTAGGCCCTAA-1,Normal,0
TGAGCAGTCGTGAAGT-1,Normal,0
TGAGCCATACAGTCTC-1,Tumor,1
TGAGCGGAAAGTGTTC-1,Normal,0
TGAGCTTTAATGACGC-1,Normal,0
TGAGGAGTGCCAGCTT-1,Bronchus,3
TGAGGCATGTACTGTG-1,Tumor,1
TGAGGTGTGTGGCGGA-1,Tumor,2
TGAGGTTGATCCCAAG-1,Normal,0
TGAGTAAATTAGCGTA-1,Tumor,3
TGAGTGCCTCTTAAAT-1,Tumor,1
TGAGTGGTCCGTGACG-1,Normal,0
TGAGTTAAAGACATTC-1,Normal,0
TGATACATTTAGCCGT-1,Tumor,3
TGATAGCGGGATTCTA-1,Tumor,1
TGATCACCACACTGAC-1,Tumor,2
TGATCAGGGAACTGCT-1,Normal,1
TGATCCCAGCATTAGT-1,Normal,0
TGATCGGTTTGACCCT-1,Normal,0
TGATCTACGCTGATCT-1,Normal,0
TGATCTCCGGCGCCAG-1,Normal,0
TGATGCTCACGTAGTC-1,Normal,0
TGATGGCTGTTTCTGA-1,Normal,0
TGATGTCAATTAAGTG-1,Normal,0
TGATTATGGCACGCAG-1,Normal,0
TGATTCAGGTCCCGCG-1,Tumor,2
TGATTCCCGGTTACCT-1,Tumor,2
TGATTCGTCTATCACT-1,Tumor,1
TGATTCTGTCGCCGGT-1,Tumor,3
TGATTTATTAGCTGTG-1,Tumor,1
TGATTTCCTCCTGACG-1,Normal,0
TGCAAACGTACTAGTT-1,Tumor,2
TGCAAAGTTCGTCTGT-1,Tumor,2
TGCAACCCATCTGCGG-1,Normal,0
TGCAAGAATGACGTAA-1,Normal,0
TGCAATCTAACACGGT-1,Normal,0
TGCAATTTGGGCACGG-1,Normal,0
TGCACAGTGAAGTTAT-1,Normal,0
TGCACGAGTCGGCAGC-1,Normal,0
TGCACTATGTGAGTGC-1,Normal,1
TGCAGAACTATATCGT-1,Normal,1
TGCAGAGTACCGAGCA-1,Tumor,1
TGCAGATCGTCCTAGG-1,Tumor,2
TGCAGCTACGTACTTC-1,Tumor,2
TGCAGGATCGGCAAAG-1,Normal,0
TGCAGTGAGGCTCGGG-1,Normal,0
TGCAGTGGTAGGGAAC-1,Tumor,2
TGCAGTTTCCTCCCAT-1,Normal,0
TGCATATGTCTGTCAC-1,Normal,0
TGCATCTCCGGATCTT-1,Normal,0
TGCATGGATCGGATCT-1,Normal,0
TGCATGGCAGTCTTGC-1,Normal,0
TGCATGTGACCCATAG-1,Tumor,2
TGCATGTGGTAATCTA-1,Normal,0
TGCCAAAGTCAGACTT-1,Tumor,2
TGCCAATGGGTACTCT-1,Normal,3
TGCCACACTAGAGGAA-1,Tumor,2
TGCCACCTGGCGAAAC-1,Normal,0
TGCCAGTACGTGGAGA-1,Tumor,0
TGCCATGGCTTATAAG-1,Normal,0
TGCCATTACTAAAGAA-1,Normal,0
TGCCCGTACCGTTAAA-1,Tumor,3
TGCCGAAAGCGTATTC-1,Normal,0
TGCCGGATGTACGAGC-1,Tumor,2
TGCCGTGGATCGTCCT-1,Normal,0
TGCCGTGGGACCCAAT-1,Normal,0
TGCCTAATTGAAGATT-1,Normal,0
TGCCTGACATCGGTCA-1,Normal,1
TGCCTGATCAAACGAT-1,Normal,0
TGCCTTGGCCAGGCAA-1,Normal,0
TGCGACACCCTAGTGC-1,Tumor,3
TGCGACGGCCGAACGT-1,Tumor,2
TGCGAGAATATTACCC-1,Tumor,2
TGCGAGATGGCGGCCA-1,Normal,0
TGCGAGCCCTTCCGCG-1,Normal,0
TGCGATGCTAATGGCT-1,Tumor,1
TGCGCAAAGCATTTGG-1,Normal,0
TGCGCGATTAACGGAG-1,Normal,1
TGCGGACTTGACTCCG-1,Bronchus,0
TGCGGAGTAAAGGTGC-1,Normal,0
TGCGGCATAGTTCAAC-1,Normal,0
TGCGGGTATTGGGATC-1,Normal,0
TGCGGTCTACGAGTAA-1,Normal,0
TGCGGTGAAATTTCAT-1,Normal,0
TGCGTAAGAACCTGAT-1,Tumor,3
TGCGTCATGACTGAGC-1,Tumor,1
TGCGTTTGTTGACACT-1,Tumor,3
TGCTAAGTGTCTATTT-1,Normal,0
TGCTATACAAACGGAC-1,Normal,3
TGCTATGGCAAAGGGA-1,Tumor,2
TGCTCACACAACAACC-1,Normal,0
TGCTCCACAGTTCTTA-1,Normal,0
TGCTCGGCGAAACCCA-1,Normal,0
TGCTCGGTGGGTCACC-1,Bronchus,0
TGCTCTTGAGAGTTTG-1,Normal,0
TGCTGCGTCAGAGTTA-1,Normal,0
TGCTGGTTGGACAATT-1,Normal,0
TGCTGTTGAAGAACTC-1,Tumor,3
TGCTTAGAGAGAATGC-1,Tumor,2
TGCTTCCCAAGCAGTA-1,Normal,0
TGGAACCACTGACACA-1,Normal,0
TGGAAGAAGGGAACGT-1,Tumor,1
TGGAAGACGAACACCA-1,Normal,0
TGGAAGGATAAAGATG-1,Normal,0
TGGAATATCCTTGACC-1,Normal,0
TGGAATTAGACGCTTT-1,Tumor,1
TGGACACCGTTGCTTG-1,Tumor,1
TGGACCAATCTAAGAT-1,Normal,0
TGGACGCAATCCAGCC-1,Tumor,2
TGGACTGTTCGCTCAA-1,Normal,3
TGGAGAATAATCGTCC-1,Tumor,2
TGGAGCTAAAGTTCCC-1,Normal,0
TGGAGGGAAACACCTC-1,Normal,0
TGGAGTGATGCGATGA-1,Normal,1
TGGATGGCATCTTGGA-1,Tumor,2
TGGCAAACTAAATTAC-1,Normal,0
TGGCAACTCGCGCGCC-1,Normal,0
TGGCAAGCACAAGTCG-1,Tumor,2
TGGCAATGGGACGGCG-1,Normal,0
TGGCACGAGCTCGAGT-1,Normal,0
TGGCAGATTACGATCA-1,Tumor,3
TGGCAGCAGTAATAGT-1,Tumor,3
TGGCATGAAGTTTGGG-1,Tumor,1
TGGCCAAACTGAAGTA-1,Normal,0
TGGCCAATTTGGTACT-1,Tumor,2
TGGCCGTATATTGACC-1,Tumor,1
TGGCGACTGCTCCAAA-1,Tumor,3
TGGCGATCAAGTTATG-1,Tumor,3
TGGCGGTGTGCGATTG-1,Normal,3
TGGCTATGTGACATAC-1,Normal,0
TGGCTCTTGTCGCGTA-1,Tumor,2
TGGCTTATGTATAATG-1,Tumor,1
TGGCTTGTACAAGCTT-1,Normal,0
TGGCTTTGGGTAGACA-1,Normal,0
TGGGAAATGCCTTTCC-1,Tumor,1
TGGGATGCACTCATTC-1,Normal,0
TGGGCAATAGTTGGGT-1,Normal,0
TGGGCACAAACAGAAC-1,Normal,3
TGGGCACGTTCTATGG-1,Normal,0
TGGGCCACAAGAGCGC-1,Normal,0
TGGGCCCATACTAATT-1,Normal,0
TGGGCGATACAATAAG-1,Tumor,2
TGGGTAAGGTTCCCGC-1,Normal,0
TGGGTGCACAAGCCAT-1,Normal,0
TGGGTGGGATGTCATT-1,Normal,0
TGGGTGTTAAGTAGAA-1,Normal,0
TGGGTTCCCGGACGGA-1,Tumor,1
TGGGTTTCGGGCGTAC-1,Tumor,2
TGGTAAGCAGGATTGA-1,Tumor,2
TGGTAGAATATATGGG-1,Normal,0
TGGTATCGCATCCCAA-1,Normal,0
TGGTATCGGTCTGTAT-1,Normal,0
TGGTCCCACGCTACGG-1,Normal,0
TGGTCGATATACCTCT-1,Tumor,2
TGGTCGTGCAAGGCAA-1,Tumor,1
TGGTCGTTTGATAGAT-1,Normal,0
TGGTCTAGCTTACATG-1,Tumor,1
TGGTCTGTTGGGCGTA-1,Tumor,1
TGGTGATCGTATTTGT-1,Tumor,1
TGGTGCCCTGCCTTAC-1,Tumor,2
TGGTTAACTTACATTT-1,Tumor,1
TGGTTAAGGGCGCTGG-1,Normal,0
TGGTTATGCTTGCGGT-1,Tumor,1
TGGTTCAACGGGTAAT-1,Tumor,3
TGGTTCGTAGCAAAGG-1,Normal,0
TGGTTGGAGGATCCTG-1,Normal,0
TGGTTTAAACGTGGGT-1,Normal,0
TGTAACTTGTCAACCT-1,Normal,0
TGTAATGACCACAATA-1,Normal,1
TGTAATGCCTTCGGAC-1,Normal,0
TGTACCTACACGAGGG-1,Normal,0
TGTACGAACAAATCCG-1,Tumor,3
TGTACGCTATCAGCTT-1,Normal,0
TGTACTACTCTCACGG-1,Normal,0
TGTACTGTGCCAAAGT-1,Normal,3
TGTAGCCAATTCCGTT-1,Normal,0
TGTAGGAGAAATTTCC-1,Normal,0
TGTAGTGATCTATAAT-1,Tumor,1
TGTATAACAGATCCTG-1,Normal,0
TGTATACGGATGATGA-1,Normal,0
TGTATCAGACTGAAGC-1,Normal,0
TGTATCCTTATTCCAT-1,Normal,0
TGTATGGCGCAGACAG-1,Normal,0
TGTATTTACCTAATGC-1,Normal,0
TGTCATTTGTTGGGAA-1,Normal,0
TGTCCCGACATAGCAC-1,Normal,0
TGTCCGCAAACAATTC-1,Tumor,2
TGTCCGTGGCGCCTTT-1,Normal,1
TGTCCTAAGTCACCGC-1,Tumor,1
TGTCGTTATCACATAT-1,Tumor,1
TGTCTACAGTTTCTGT-1,Normal,0
TGTGACTACGCCAGTC-1,Normal,0
TGTGAGACTAGCCCAA-1,Normal,0
TGTGATTCCAGCGCTT-1,Normal,0
TGTGCCAGAGGCAAAG-1,Tumor,1
TGTGCCGGTGCCGGAA-1,Normal,0
TGTGCTTTACGTAAGA-1,Normal,1
TGTGGAGGAAGCTTAA-1,Normal,3
TGTGGCAAAGCGTATG-1,Normal,0
TGTGGCGGGCTTCTGG-1,Tumor,2
TGTGGTTGCTAAAGCT-1,Tumor,2
TGTGTCGCGAGTTGCA-1,Normal,1
TGTGTGACCATGAATC-1,Tumor,2
TGTGTTCGTATCCAAG-1,Normal,1
TGTTATTGTATGTGGC-1,Normal,0
TGTTCATAAATGTGCT-1,Tumor,1
TGTTCCGCTTCCATGA-1,Tumor,1
TGTTCCGGCCTGAGCT-1,Normal,0
TGTTCGTATTGCGGTG-1,Tumor,3
TGTTCTCTACTCCCTA-1,Normal,0
TGTTCTTCCATTGACT-1,Tumor,1
TGTTGTCAAGAAGTCT-1,Normal,0
TGTTTAATACTTCATC-1,Normal,0
TGTTTCGGTACTTCTC-1,Normal,0
TTAAACAGAGTCCCGC-1,Normal,0
TTAAACCGGTAGCGAC-1,Normal,3
TTAAACCTGGTTCCTT-1,Tumor,1
TTAAACTCGAATTCAT-1,Normal,0
TTAAAGGCGATGCTCG-1,Tumor,2
TTAACACCTCGAACAT-1,Tumor,1
TTAACCAACCCTCCCT-1,Normal,0
TTAACGAACAAGCAGT-1,Normal,0
TTAACGTCGCAAGACC-1,Normal,0
TTAACGTTAAAGCCTG-1,Tumor,1
TTAACTCACGCGTGGA-1,Tumor,1
TTAACTTCAGGTAGGA-1,Tumor,2
TTAAGACGAACGAACC-1,Normal,0
TTAAGATAGGATTGAC-1,Normal,0
TTAAGCCGACAACTTC-1,Normal,0
TTAAGCGCCTGACCCA-1,Normal,1
TTAAGGATACGGAGGT-1,Normal,0
TTAAGGCCCGTACTTT-1,Tumor,2
TTAAGTATTGTTATCC-1,Normal,0
TTAATCAGTACGTCAG-1,Normal,0
TTAATGCGAGGTAACT-1,Normal,0
TTAATGTAGACCAGGT-1,Normal,0
TTAATTGCTTTGGGTG-1,Blood vessel,0
TTAATTTCAGACGCGG-1,Normal,0
TTACAACTACGCATCC-1,Normal,0
TTACAGACCTAAATGA-1,Normal,0
TTACATCGTGGCCTGG-1,Normal,0
TTACATGCCACAACTA-1,Bronchus,0
TTACCATTGATTACCC-1,Tumor,1
TTACCCATTGCCGGGT-1,Normal,0
TTACCCTAACAGTCCT-1,Tumor,1
TTACCCTAGGGATTGG-1,Bronchus,3
TTACCGCCTTAGGGAA-1,Normal,0
TTACGGATGGTTCGAG-1,Normal,0
TTACGGTGTCACCGAG-1,Normal,0
TTACGTAGCGCGTGCT-1,Normal,0
TTACTAAAGGACTTTA-1,Tumor,0
TTACTATCGGCTTCTC-1,Normal,1
TTACTCCGGCCGGGAA-1,Normal,0
TTACTCTGGTACGTAC-1,Tumor,1
TTACTGGGATATTTCA-1,Tumor,3
TTACTGTCTAGAGCTC-1,Normal,0
TTACTGTTTCTCTACG-1,Normal,0
TTAGAAGAACATGACT-1,Tumor,3
TTAGAATAAGGGTCGG-1,Tumor,2
TTAGACACGATCGTTG-1,Normal,0
TTAGACGAGTCACCTC-1,Normal,0
TTAGAGGGATATACAG-1,Tumor,2
TTAGAGTTTAGAAGGA-1,Normal,0
TTAGATAGGTCGATAC-1,Normal,1
TTAGCAACATGGATGT-1,Normal,1
TTAGCTAATACGATCT-1,Normal,0
TTAGCTCTGTAATCCG-1,Tumor,1
TTAGCTGATTTGCCGT-1,Normal,0
TTAGGTCATAACCGAC-1,Tumor,2
TTAGTAGGGCGGCGGG-1,Tumor,1
TTAGTTATTCGTGGCA-1,Normal,0
TTAGTTCAAGTGTTCG-1,Normal,0
TTATAGATGCACATTA-1,Normal,3
TTATAGGTAATTGTCT-1,Blood vessel,0
TTATAGTCCAAGGTGC-1,Normal,0
TTATATACGCTGTCAC-1,Tumor,3
TTATATTTGGCAATCC-1,Normal,0
TTATCCAATCGAACTC-1,Normal,0
TTATCCGGGATCTATA-1,Normal,0
TTATCCTCAAGGAATA-1,Tumor,1
TTATCGCCTGCGAAGC-1,Tumor,1
TTATCTGACATTAGGA-1,Tumor,2
TTATCTGTATCATAAC-1,Normal,0
TTATGAATGAAAGGGA-1,Tumor,3
TTATGACAAACTGGAT-1,Tumor,1
TTATGATCTTAACGAA-1,Normal,3
TTATGCGTCCCGGTCC-1,Normal,3
TTATGTTTGCGATAGA-1,Tumor,1
TTATTAGAGCGTGTTC-1,Tumor,3
TTATTAGGGAAGCATC-1,Normal,0
TTCAAAGTCTCTAGCC-1,Normal,0
TTCAACGACCCGACCG-1,Normal,0
TTCAAGCCGAGCTGAG-1,Normal,0
TTCAATACTCTGAATC-1,Normal,0
TTCAATTAGCCATAAT-1,Normal,0
TTCACGAAAGGATCAC-1,Tumor,3
TTCACGGTCGTCACGT-1,Tumor,2
TTCACTCGAGCACCTA-1,Normal,0
TTCACTTCCTAGAACG-1,Tumor,2
TTCAGCCCTGGTCCAC-1,Normal,0
TTCAGCTGGCGTGCCC-1,Normal,0
TTCAGGCGTCAAAGCC-1,Normal,1
TTCAGTTCAAGAGGAG-1,Tumor,2
TTCAGTTTGTGGCAGC-1,Tumor,1
TTCATAGGGTGTCCAT-1,Tumor,1
TTCATGGCGCAACAGG-1,Normal,0
TTCCAATCAGAGCTAG-1,Normal,0
TTCCAATCTGGCTATC-1,Tumor,3
TTCCACACAGATTTGA-1,Tumor,3
TTCCACATTTCTCGTC-1,Normal,0
TTCCAGTGGGTTTCGT-1,Tumor,2
TTCCATCATGCGGTGA-1,Normal,0
TTCCATCGACAGCGTG-1,Normal,0
TTCCCGACGCTTCACT-1,Normal,0
TTCCGCAGAGAAATAT-1,Normal,0
TTCCGCGTGAGGCGAT-1,Tumor,3
TTCCGGCCTTGAGGCT-1,Tumor,3
TTCCGGCTCGACTTCT-1,Normal,0
TTCCGGTTACCCACTT-1,Normal,0
TTCCTCGAGGGTGTCT-1,Normal,0
TTCCTCGGACTAACCA-1,Normal,0
TTCCTCTGCCCGAATA-1,Normal,1
TTCCTTTCTGTGTTGC-1,Normal,0
TTCGAACGAAACATGC-1,Tumor,2
TTCGACAGAGCCCGTG-1,Tumor,0
TTCGACGGGAAGGGCG-1,Normal,0
TTCGAGCCGGCGCTAC-1,Normal,0
TTCGCACTCGCGTGCT-1,Normal,0
TTCGCACTGTACGACA-1,Bronchus,3
TTCGCCGCTCGCGCTA-1,Tumor,1
TTCGCGCGCCATACGA-1,Bronchus,3
TTCGCTATCTGACGTG-1,Normal,0
TTCGGACTGATGCCTT-1,Normal,0
TTCGGCAACCCGCTGA-1,Normal,0
TTCGGCTAGAGATGGT-1,Normal,1
TTCGGGACTAATCGCG-1,Normal,3
TTCGGGCGCTAGTCTT-1,Tumor,3
TTCGGTACTGTAGAGG-1,Tumor,0
TTCGTAATCCCAGCGG-1,Normal,0
TTCGTACTCCAGAACG-1,Tumor,1
TTCGTGCATGTTATAG-1,Tumor,2
TTCGTGGGCTGGAAGC-1,Normal,0
TTCGTTCAACGAAGTT-1,Normal,0
TTCTAACCGAAGCTTA-1,Normal,0
TTCTACCTCAATCGGT-1,Tumor,2
TTCTACCTTTATGTTG-1,Normal,0
TTCTACTTGCGAGGGC-1,Normal,1
TTCTAGAAAGTCTTAT-1,Bronchus,3
TTCTAGGCCAATTGTG-1,Normal,0
TTCTATGCCTTTCGCA-1,Normal,0
TTCTATTAAACGCAGC-1,Tumor,2
TTCTCTTACAGGTGAT-1,Tumor,1
TTCTGACCGGGCTCAA-1,Normal,0
TTCTGCCGCGCCTAGA-1,Tumor,3
TTCTGCGAGCGCCCTT-1,Normal,1
TTCTGCGGGTTAGCGG-1,Normal,3
TTCTGCTAGACTCCAA-1,Normal,0
TTCTGTTTCCTGTCGC-1,Tumor,1
TTCTTAGTGAACGGTG-1,Normal,0
TTCTTAGTGGCTCAGA-1,Normal,0
TTCTTATCCGCTGGGT-1,Normal,0
TTCTTCCCTTTGATAT-1,Normal,0
TTCTTCGCAATAGAGC-1,Normal,0
TTCTTGAGCCGCGCTA-1,Tumor,1
TTCTTGCTAGCATCTC-1,Normal,0
TTCTTGGACGATCTGC-1,Tumor,2
TTCTTGGAGTAATGAG-1,Normal,0
TTCTTGTAACCTAATG-1,Normal,1
TTCTTGTGTCCATCAG-1,Tumor,1
TTCTTTGGTCGCGACG-1,Normal,0
TTGAAAGGTGTAAAGG-1,Normal,0
TTGAACGAATCCTTTG-1,Tumor,1
TTGAACGACGTGCTGA-1,Normal,0
TTGAAGAATTCCCAGG-1,Tumor,3
TTGAAGGATGGGCGCC-1,Tumor,1
TTGAATATGGACTTTC-1,Normal,0
TTGAATCGTTGTATAA-1,Tumor,2
TTGAATTCACGTGAGG-1,Normal,0
TTGACAGGAGCTCCCG-1,Normal,0
TTGACATGAACGTGGA-1,Tumor,1
TTGACCAGGAACAACT-1,Bronchus,0
TTGACCATGTTCTCCG-1,Normal,0
TTGACCGTGTTAATGA-1,Tumor,2
TTGACGATTCAGCACG-1,Normal,3
TTGACGCTCCATGAGC-1,Bronchus,0
TTGACTACCATATGGT-1,Tumor,3
TTGACTATTGTCCGGC-1,Normal,0
TTGAGAAGTTTAGCAT-1,Normal,0
TTGAGAGTACTGCTAA-1,Tumor,1
TTGAGGCATTTAACTC-1,Normal,0
TTGAGGGTCGAACGCG-1,Normal,0
TTGATAGTCAATACAT-1,Normal,0
TTGATCTAACTTTGTC-1,Normal,1
TTGATGCCGCTCGTCG-1,Tumor,2
TTGATGTGTAGTCCCG-1,Normal,0
TTGATTAGCTGTTTCT-1,Tumor,2
TTGATTATGCAGATGA-1,Tumor,1
TTGCAAGAAGACTCCT-1,Normal,0
TTGCACAATTCAGAAA-1,Tumor,3
TTGCACGGAGCAGCAC-1,Normal,0
TTGCAGGTCATGAAGT-1,Normal,0
TTGCATGCTGATCACG-1,Tumor,1
TTGCCATAGCCCGCTC-1,Tumor,2
TTGCCCTGATCACGGG-1,Tumor,1
TTGCCGCAGACCTACA-1,Tumor,2
TTGCCGCTTTCTAGTA-1,Blood vessel,0
TTGCCGGTGATCCCTC-1,Normal,0
TTGCGCTCTCTCGCTT-1,Tumor,1
TTGCGGAAAGCTGCCC-1,Tumor,2
TTGCGGCATCAGAAAG-1,Tumor,3
TTGCGGCGACTCATGC-1,Normal,0
TTGCGTAGTTTGAGGA-1,Tumor,1
TTGCGTCGGCCAACCG-1,Tumor,2
TTGCGTGAACGCTTAG-1,Normal,0
TTGCGTGTGTAGGCAT-1,Normal,0
TTGCTCCCATACCGGA-1,Normal,0
TTGCTGAAGGAACCAC-1,Normal,0
TTGCTGATCATGTTCG-1,Normal,3
TTGCTGCACCTATCCA-1,Tumor,1
TTGCTGGCCGGGCTTC-1,Normal,0
TTGGAAGAATACAGTC-1,Tumor,2
TTGGACATGTGGCTTA-1,Normal,1
TTGGACCATCTGGCAA-1,Normal,0
TTGGACCTATAACAGT-1,Normal,0
TTGGAGTCTCCCTTCT-1,Normal,3
TTGGATATCGTCTACG-1,Tumor,3
TTGGATCGACTTCTGG-1,Normal,0
TTGGATTGGGTACCAC-1,Normal,0
TTGGCCATCTTGCGCT-1,Normal,1
TTGGCCTAGAATTTCG-1,Normal,0
TTGGCTCGCATGAGAC-1,Normal,0
TTGGGAAGACGAGCCG-1,Tumor,0
TTGGGACACTGCCCGC-1,Normal,0
TTGGGCGGCGGTTGCC-1,Normal,0
TTGGGTTTATTCAGCG-1,Normal,0
TTGGTATGGCTTGTGT-1,Normal,0
TTGGTCACACTCGTAA-1,Tumor,3
TTGGTGCGGTGTTGAA-1,Normal,0
TTGGTTGCGGTGCGCG-1,Tumor,1
TTGTAACTTCATAGCG-1,Normal,0
TTGTAAGGACCTAAGT-1,Tumor,1
TTGTAAGGCCAGTTGG-1,Normal,0
TTGTAATCCGTACTCG-1,Tumor,3
TTGTACACCTCGAACA-1,Tumor,1
TTGTATCACACAGAAT-1,Normal,0
TTGTCACCGCGGTATC-1,Tumor,1
TTGTCGTTCAGTTACC-1,Normal,0
TTGTCTCGGCAAGATG-1,Tumor,2
TTGTGAACCTAATCCG-1,Normal,0
TTGTGAGGCATGACGC-1,Tumor,2
TTGTGCAGCCACGTCA-1,Blood vessel,0
TTGTGGCCCTGACAGT-1,Normal,0
TTGTGGTAGGAGGGAT-1,Tumor,2
TTGTGGTATAGGTATG-1,Normal,0
TTGTGTATGCCACCAA-1,Normal,0
TTGTGTTTCCCGAAAG-1,Tumor,3
TTGTTAGCAAATTCGA-1,Normal,0
TTGTTCAGTGTGCTAC-1,Normal,0
TTGTTCTAGATACGCT-1,Tumor,1
TTGTTGTGTGTCAAGA-1,Normal,0
TTGTTTCACATCCAGG-1,Tumor,2
TTGTTTCATTAGTCTA-1,Tumor,2
TTGTTTCCATACAACT-1,Tumor,2
TTGTTTGTATTACACG-1,Tumor,2
TTGTTTGTGTAAATTC-1,Normal,3
