,ground_truth,domain
AAACAAGTATCTCCCA-1,Normal,1
AAACAATCTACTAGCA-1,Tumor,2
AAACACCAATAACTGC-1,Tumor,3
AAACAGAGCGACTCCT-1,Normal,1
AAACAGCTTTCAGAAG-1,Tumor,3
AAACAGGGTCTATATT-1,Tumor,2
AAACAGTGTTCCTGGG-1,Tumor,3
AAACATTTCCCGGATT-1,Normal,2
AAACCACTACACAGAT-1,Normal,1
AAACCGGGTAGGTACC-1,Normal,3
AAACCGTTCGTCCAGG-1,Tumor,3
AAACCTAAGCAGCCGG-1,Bronchus,4
AAACCTCATGAAGTTG-1,Normal,2
AAACGAAGAACATACC-1,Normal,1
AAACGAAGATGGAGTA-1,Tumor,2
AAACGACAGTCTTGCC-1,Normal,1
AAACGAGACGGTTGAT-1,Normal,1
AAACGCCCGAGATCGG-1,Normal,1
AAACGGGCGTACGGGT-1,Normal,2
AAACGGTTGCGAACTG-1,Tumor,3
AAACGTGTTCGCCCTA-1,Normal,1
AAACTAACGTGGCGAC-1,Normal,1
AAACTCGGTTCGCAAT-1,Normal,2
AAACTCGTGATATAAG-1,Normal,2
AAACTGCTGGCTCCAA-1,Tumor,2
AAACTTAATTGCACGC-1,Tumor,2
AAACTTGCAAACGTAT-1,Tumor,3
AAAGACATGAAGTTTA-1,Normal,1
AAAGACCCAAGTCGCG-1,Normal,1
AAAGACTGGGCGCTTT-1,Tumor,2
AAAGCTTGCCTACATA-1,Normal,1
AAAGGCCCTATAATAC-1,Tumor,2
AAAGGCTACGGACCAT-1,Bronchus,4
AAAGGCTCTCGCGCCG-1,Normal,2
AAAGGGATGTAGCAAG-1,Normal,1
AAAGGGCAGCTTGAAT-1,Normal,2
AAAGGTAAGCTGTACC-1,Normal,1
AAAGTAGCATTGCTCA-1,Tumor,3
AAAGTCACTGATGTAA-1,Normal,1
AAAGTCGACCCTCAGT-1,Normal,2
AAAGTGTGATTTATCT-1,Normal,1
AAAGTTGACTCCCGTA-1,Normal,1
AAATAACCATACGGGA-1,Normal,1
AAATAAGGTAGTGCCC-1,Normal,2
AAATACCTATAAGCAT-1,Tumor,2
AAATAGCTTAGACTTT-1,Bronchus,4
AAATAGGGTGCTATTG-1,Normal,1
AAATCCGATACACGCC-1,Bronchus,2
AAATCGCGGAAGGAGT-1,Tumor,2
AAATCGTGTACCACAA-1,Tumor,2
AAATCTAGCCCTGCTA-1,Normal,1
AAATGACTGATCAAAC-1,Tumor,3
AAATGATTCGATCAGC-1,Normal,4
AAATGCTCGTTACGTT-1,Normal,1
AAATGGCATGTCTTGT-1,Normal,1
AAATGGCCCGTGCCCT-1,Tumor,2
AAATGGTCAATGTGCC-1,Tumor,2
AAATGTATCTTATCCC-1,Tumor,2
AAATGTGGGTGCTCCT-1,Normal,3
AAATTAACGGGTAGCT-1,Tumor,2
AAATTAATAAGCGCGA-1,Tumor,2
AAATTACACGACTCTG-1,Normal,1
AAATTACCTATCGATG-1,Normal,1
AAATTCCAGGTCCAAA-1,Normal,2
AAATTGATAGTCCTTT-1,Tumor,3
AAATTGGTGAGAAGCA-1,Normal,1
AAATTTACCGAAATCC-1,Normal,1
AAATTTGCGGGTGTGG-1,Tumor,3
AACAACTGGTAGTTGC-1,Normal,2
AACAATACATTGTCGA-1,Tumor,3
AACAATTACTCTACGC-1,Normal,2
AACACACGCTCGCCGC-1,Normal,1
AACACGACTGTACTGA-1,Normal,1
AACACGAGACGCGGCC-1,Tumor,3
AACACGCGGCCGCGAA-1,Normal,1
AACAGCTGTGTGGCAA-1,Tumor,3
AACAGGAAATCGAATA-1,Normal,1
AACAGGATGGGCCGCG-1,Tumor,2
AACAGGTAGTATGGAT-1,Normal,1
AACATATCAACTGGTG-1,Normal,1
AACATCGATACGTCTA-1,Normal,1
AACATTGAAGTTGATC-1,Tumor,2
AACATTGTGACTCGAG-1,Tumor,4
AACCAAGACTTCTCTG-1,Tumor,2
AACCAGTATCACTCTT-1,Normal,1
AACCATGGGATCGCTA-1,Normal,1
AACCCAGAGACGGAGA-1,Normal,1
AACCCATCCCATGATC-1,Tumor,2
AACCCGACAACCCGTG-1,Tumor,3
AACCCGATAGGGCTTC-1,Normal,1
AACCCGCTGTATTCCA-1,Tumor,3
AACCCTACTGTCAATA-1,Normal,2
AACCCTGGTGGAACCA-1,Normal,1
AACCGAGCTTGGTCAT-1,Normal,1
AACCGCTAAGGGATGC-1,Normal,1
AACCGTTGTGTTTGCT-1,Normal,1
AACCTAAAGCCGTCCG-1,Normal,1
AACCTCGCTTTAGCCC-1,Normal,2
AACCTTTAAATACGGT-1,Normal,2
AACCTTTACGACGTCT-1,Normal,1
AACGAAAGTCGTCCCA-1,Tumor,2
AACGATAATGCCGTAG-1,Normal,1
AACGATAGAAGGGCCG-1,Normal,1
AACGATATGTCAACTG-1,Normal,1
AACGCATGATCTGGGT-1,Normal,1
AACGCGACCTTGGGCG-1,Tumor,3
AACGCGGTCTCCAGCC-1,Normal,1
AACGCTGTTGCTGAAA-1,Normal,1
AACGGACGTACGTATA-1,Normal,1
AACGGCCATCTCCGGT-1,Tumor,3
AACGTACTGTGGGTAC-1,Tumor,3
AACGTAGTCTACCCAT-1,Tumor,2
AACGTCAGACTAGTGG-1,Normal,2
AACGTCATCCGGCTTG-1,Tumor,3
AACGTGATGAAGGACA-1,Normal,1
AACGTGCGAAAGTCTC-1,Normal,2
AACGTTATCAGCACCT-1,Tumor,2
AACTACCCGTTTGTCA-1,Normal,1
AACTAGCGTATCGCAC-1,Tumor,2
AACTAGGCTTGGGTGT-1,Normal,2
AACTCAAGTTAATTGC-1,Tumor,3
AACTCCAGAGCGTGTT-1,Normal,1
AACTCCTAATCCCATG-1,Normal,1
AACTCGATGGCGCAGT-1,Normal,1
AACTCTCAATAGAGCG-1,Normal,1
AACTCTCAGTGTGCTC-1,Tumor,3
AACTGAGGTCAGCGTC-1,Normal,1
AACTGATATTAGGCCT-1,Normal,1
AACTGGGTCCCGACGT-1,Normal,1
AACTGGGTTCGAGCCG-1,Normal,1
AACTGGTGTGGGCCTT-1,Normal,2
AACTTCTGCGTCTATC-1,Normal,3
AACTTGCCCGTATGCA-1,Tumor,2
AACTTGCGTTCTCGCG-1,Normal,2
AACTTTACGGGAGCTT-1,Tumor,2
AACTTTAGCTGCTGAG-1,Tumor,2
AACTTTCTCGATCATG-1,Normal,1
AAGAAATCACCAGATT-1,Normal,1
AAGAAGGATCAGTTAG-1,Normal,1
AAGACCCAACTGAACA-1,Bronchus,4
AAGACTCACGCCCACT-1,Normal,1
AAGACTGCAAGCTACT-1,Normal,2
AAGAGATGAATCGGTA-1,Normal,2
AAGAGCTCTTTATCGG-1,Normal,1
AAGAGGATGTACGCGA-1,Tumor,3
AAGAGGCATGGATCGC-1,Normal,1
AAGAGGCCCTTTGGAA-1,Normal,1
AAGATGGCACCGGACC-1,Tumor,3
AAGATTGGCGGAACGT-1,Normal,1
AAGCACCCTGCGTATC-1,Blood vessel,2
AAGCATACTCTCCTGA-1,Normal,2
AAGCCACTTGCAGGTA-1,Tumor,2
AAGCCGAAGCGGTTTA-1,Normal,1
AAGCCGCCGTGAAATC-1,Tumor,3
AAGCCGCTTTACCTTG-1,Normal,1
AAGCGCAGGGCTTTGA-1,Bronchus,2
AAGCGGAGTGCGCGCA-1,Normal,1
AAGCGGCGTCATGGGT-1,Normal,1
AAGCGTCCCTCATCGA-1,Tumor,3
AAGCTAGATCGAGTAA-1,Tumor,2
AAGCTCGTGCCAAGTC-1,Normal,1
AAGCTCTTTCATGGTG-1,Blood vessel,2
AAGGAGAACTTATAAG-1,Normal,1
AAGGAGCGGTTGGTGC-1,Normal,1
AAGGATCGATCGCTTG-1,Normal,2
AAGGATGAGGGACCTC-1,Normal,1
AAGGCGCGTAAAGCTT-1,Normal,2
AAGGCTGTGCTCATCG-1,Normal,2
AAGGGAACGACTGGCT-1,Tumor,3
AAGGGACAGATTCTGT-1,Normal,1
AAGGGACTATGCATTC-1,Tumor,3
AAGGTATCCTAATATA-1,Normal,1
AAGGTGATAAACCAGC-1,Normal,1
AAGTAAGCTTCCAAAC-1,Tumor,2
AAGTAGAAGACCGGGT-1,Normal,1
AAGTAGTGACGCGAGG-1,Tumor,2
AAGTCAATTGTCGTCA-1,Normal,1
AAGTCTAGTAGCTGCC-1,Normal,1
AAGTCTTCTGTGGCCT-1,Normal,2
AAGTGACGACCGAATT-1,Normal,2
AAGTGAGTCGGGTTTA-1,Bronchus,3
AAGTGCAAAGGTAGAC-1,Tumor,2
AAGTGCCTTGACTGTA-1,Normal,1
AAGTGCGTTAGAATCT-1,Tumor,3
AAGTGCTTCTCTATTG-1,Tumor,3
AAGTGTTTGGAGACGG-1,Normal,1
AAGTTCACTCCAAGCT-1,Normal,1
AAGTTCAGTCTGCGTA-1,Normal,1
AAGTTCGGCCAACAGG-1,Tumor,3
AAGTTTACTAATGGCA-1,Normal,1
AAGTTTATGGGCCCAA-1,Normal,2
AATAACAACGCTCGGC-1,Tumor,3
AATAACACTAGAACAA-1,Tumor,3
AATAAGTCCTCGAGAC-1,Normal,1
AATACAATGTTTCAGG-1,Tumor,3
AATACCGGAGGGCTGT-1,Tumor,3
AATAGAACAGAGTGGC-1,Tumor,2
AATAGAATCTGTTTCA-1,Normal,1
AATAGCAAGCCTCCTG-1,Normal,1
AATAGCTACCGCGTGC-1,Normal,2
AATAGTCCGTCCCGAC-1,Normal,2
AATAGTCGCGAGTCGG-1,Tumor,2
AATATCAAGGTCGGAT-1,Normal,1
AATATCCTAGCAAACT-1,Tumor,2
AATATCGAGGGTTCTC-1,Normal,1
AATATTGGAGTATTGA-1,Tumor,2
AATCAGGTTTCATTTA-1,Tumor,3
AATCATGTAAAGACTC-1,Normal,1
AATCCAAGGGCCTGAG-1,Normal,1
AATCCCGCTCAGAGCC-1,Tumor,3
AATCGCCTCAGCGCCA-1,Normal,2
AATCGGGACACTACGA-1,Normal,1
AATCGTGAGCCGAGCA-1,Bronchus,2
AATCTAGGTTTACTTG-1,Tumor,3
AATCTATGCCGGAGCC-1,Normal,2
AATCTCTACTGTGGTT-1,Normal,2
AATCTGCGTTGGGACG-1,Normal,1
AATCTGGCTTTCTAGT-1,Tumor,3
AATCTGGGTAGACCCT-1,Normal,1
AATGACAGCAATGTCT-1,Tumor,3
AATGACGTAGGATGTC-1,Tumor,2
AATGACTGTCAGCCGG-1,Normal,1
AATGAGTTCGCATATG-1,Normal,2
AATGATGATACGCTAT-1,Normal,1
AATGATGCGACTCCTG-1,Normal,1
AATGCAACCGGGTACC-1,Normal,1
AATGCACCAAGCAATG-1,Normal,1
AATGGCCGCCAATGCG-1,Normal,1
AATGGTCCACCGTTCA-1,Tumor,2
AATGGTTCTCACAAGC-1,Normal,1
AATGTGCCCGAGGTGT-1,Tumor,3
AATGTGCTAATCTGAG-1,Tumor,3
AATTAAAGGTCGGCGT-1,Tumor,3
AATTAACGGATTTCCA-1,Normal,2
AATTACGAGACCCATC-1,Tumor,2
AATTAGCGCTGCAGCG-1,Tumor,2
AATTCATAAGGGATCT-1,Normal,1
AATTCCAAGCATGTAC-1,Tumor,3
AATTCGATTCGAGGAT-1,Bronchus,4
AATTCTAGAGTTAGGC-1,Tumor,2
AATTGAACGCTCTGGT-1,Normal,1
AATTTGGGACATAGTA-1,Normal,1
AATTTGGTTCCAAAGA-1,Normal,1
ACAAACCATGCGTCCT-1,Tumor,2
ACAAACCGACAAGGCG-1,Normal,1
ACAAACTCCATCAGAG-1,Tumor,3
ACAAAGAAGGTAGGCC-1,Tumor,2
ACAAATCGCACCGAAT-1,Normal,1
ACAAATGGTAGTGTTT-1,Normal,1
ACAAATTCAGATCTGA-1,Normal,1
ACAACAGCATGAGCTA-1,Normal,1
ACAACGGTCCCTGCGA-1,Normal,2
ACAAGCAGTGCCTAGC-1,Tumor,2
ACAAGCTATATGGAAG-1,Tumor,2
ACAAGGAAATCCGCCC-1,Tumor,2
ACAAGGACAAGAGGTT-1,Tumor,2
ACAAGGATGCTTTAGG-1,Normal,2
ACAAGGCCTACCAGCC-1,Normal,1
ACAAGGGCAGGCTCTG-1,Tumor,2
ACAATAGTCGTACGTT-1,Normal,3
ACAATCCATTTAAACC-1,Tumor,3
ACAATCGATCTTTATA-1,Normal,1
ACAATGAATACGGAGA-1,Tumor,3
ACAATGATTCTTCTAC-1,Normal,1
ACAATTGTGTCTCTTT-1,Normal,1
ACAATTTAGGAGGCTC-1,Tumor,2
ACAATTTGAGCAGTGG-1,Normal,1
ACACAAAGACGGGTGG-1,Normal,1
ACACAAATATTCCTAG-1,Normal,1
ACACACCAGGACCAGT-1,Normal,1
ACACACTTTCTACACG-1,Normal,1
ACACATGATCAAATCT-1,Tumor,2
ACACATTTCCGTAGAC-1,Normal,2
ACACCACATAATTAGC-1,Normal,2
ACACCCAGCATGCAGC-1,Normal,1
ACACCCGAGAAATCCG-1,Normal,1
ACACCGAGCGCTCTTT-1,Normal,2
ACACCGGTCTGACCGC-1,Tumor,2
ACACCTTAAGTAGGGC-1,Normal,1
ACACGAGACTCCTTCT-1,Normal,1
ACACGGCACTATGCAT-1,Normal,1
ACACGGGAACTTAGGG-1,Normal,1
ACACGTAGGCCACAAG-1,Normal,1
ACACTCCAATGTCACT-1,Normal,2
ACACTGATCAAGGTGT-1,Tumor,2
ACAGAACTGAGAACAA-1,Tumor,3
ACAGATTAGGTTAGTG-1,Normal,1
ACAGCATAGAGCCAGT-1,Normal,1
ACAGCGACATTCTCAT-1,Normal,2
ACAGCGCACCCGCAGC-1,Normal,1
ACAGGCTTGCCCGACT-1,Normal,1
ACAGGTGGAGGTGAGG-1,Tumor,3
ACAGGTGTGTTGTTGC-1,Normal,3
ACAGTAATACAACTTG-1,Tumor,2
ACAGTATACCGTGGGA-1,Normal,1
ACATAAGTCGTGGTGA-1,Tumor,2
ACATAATAAGGCGGTG-1,Normal,1
ACATCAGCTGGGACGC-1,Tumor,2
ACATCCCGGCCATACG-1,Normal,2
ACATCCTGGTAACTGT-1,Bronchus,2
ACATCGATCGTTTACC-1,Tumor,2
ACATCGGTCAGCCGCG-1,Tumor,3
ACATCGTATGCAATGG-1,Normal,1
ACATCGTTAACCTAGT-1,Normal,1
ACATCTCAACGCGTAA-1,Normal,1
ACATGGCGCCAAAGTA-1,Bronchus,4
ACATTAGTTTATATCC-1,Tumor,2
ACATTCGCGCGGAATA-1,Tumor,3
ACCAAACACCCAGCGA-1,Normal,1
ACCAAACTAGAAATCC-1,Normal,1
ACCAACACCACACACT-1,Normal,2
ACCAACGCTTATTTAT-1,Tumor,2
ACCAAGAACGCGTGTC-1,Normal,1
ACCAATATGCAAGTTA-1,Blood vessel,2
ACCACAACTCAGAACA-1,Normal,1
ACCACAAGTTTCTATC-1,Normal,2
ACCACCAATGTAACAA-1,Normal,2
ACCACCCTCTCTTCTA-1,Normal,1
ACCACGTGCAGCTATA-1,Tumor,1
ACCAGACCATAACAAC-1,Normal,2
ACCAGCCCGGTCTTTG-1,Normal,1
ACCAGGAGTGTGATCT-1,Normal,2
ACCAGTGCCCGGTCAA-1,Normal,1
ACCAGTGCGGGAGACG-1,Normal,1
ACCATATCCGCAATAA-1,Tumor,2
ACCATCCGCCAACTAG-1,Tumor,2
ACCATCGTATATGGTA-1,Tumor,3
ACCATTAAGGGTGTCA-1,Normal,2
ACCCAACGCCCGTGGC-1,Normal,1
ACCCACCTACATGCTC-1,Normal,2
ACCCATCTTGAGGGTA-1,Tumor,3
ACCCATTTGTCCCTCT-1,Normal,2
ACCCGAGCGAAATTAC-1,Tumor,3
ACCCGATTGGTTCCGA-1,Tumor,3
ACCCGGAAACTCCCAG-1,Normal,2
ACCCGGATGACGCATC-1,Normal,2
ACCCGGTTACACTTCC-1,Tumor,3
ACCCGTGTCATCAGTA-1,Bronchus,2
ACCCTATAGGACTGAG-1,Normal,1
ACCCTATGCCATATCG-1,Tumor,3
ACCCTCCCTTGCTATT-1,Normal,1
ACCCTGGTAACGCCCT-1,Normal,2
ACCCTTCATCTGCGAA-1,Normal,1
ACCCTTGCCTGGGTCG-1,Normal,2
ACCCTTTAGTTCTCCA-1,Normal,1
ACCGAAAGGGCCCTGC-1,Normal,1
ACCGAAGAGTCTGGTT-1,Tumor,2
ACCGACACATCTCCCA-1,Blood vessel,2
ACCGACTGAGTCCCAC-1,Normal,1
ACCGAGTCTCCTTATT-1,Normal,2
ACCGATGGTAGCATCG-1,Normal,1
ACCGCAATAACTGCCT-1,Normal,1
ACCGCGGTGGAAGTCG-1,Normal,1
ACCGCTAGTCATTGGT-1,Tumor,2
ACCGGGCCTTTGTTGA-1,Normal,1
ACCGGTCAGGTACACC-1,Tumor,2
ACCGGTCTGAGTACGG-1,Normal,1
ACCGTGACCACGTGGG-1,Tumor,3
ACCGTTCCCGCTCTGA-1,Normal,1
ACCTAAGTACCTTTCA-1,Tumor,3
ACCTAATCGACTTCCT-1,Tumor,2
ACCTACTATAAATCTA-1,Tumor,3
ACCTCCGCCCTCGCTG-1,Normal,1
ACCTCCGTTATTCACC-1,Normal,2
ACCTCGAACTTATGCT-1,Tumor,2
ACCTGCGTGTCATGTT-1,Tumor,2
ACCTTTCCTTTAGAAG-1,Normal,2
ACGAAATGGGCGGCAC-1,Tumor,2
ACGACTGGTCATACTC-1,Tumor,3
ACGAGAACCCATCACG-1,Normal,1
ACGAGATATTTGCTTA-1,Normal,1
ACGAGGATACCACTCT-1,Tumor,3
ACGAGGTTTACAACGT-1,Tumor,2
ACGAGTACGGATGCCC-1,Normal,2
ACGATACATAGAACTA-1,Normal,1
ACGATACCTATCCTGA-1,Tumor,2
ACGATCATACATAGAG-1,Normal,1
ACGATCATCTTGTAAA-1,Bronchus,2
ACGATGCATATGTTAT-1,Tumor,3
ACGATGGATCCGATGC-1,Normal,1
ACGCAAACTAATAGAT-1,Tumor,3
ACGCAATCACTACAGC-1,Normal,2
ACGCATAAATGACATG-1,Normal,1
ACGCATACGTTTACTA-1,Normal,1
ACGCATTCGTGAGTAC-1,Normal,2
ACGCCAGATGATTTCT-1,Normal,1
ACGCCCAGCTGTCGAT-1,Normal,1
ACGCCGCTAGACGACC-1,Tumor,2
ACGCGAAGTCAGACGA-1,Tumor,2
ACGCGCTACACAGGGT-1,Tumor,3
ACGCGGGCCAAGGACA-1,Normal,2
ACGCGTTTCTTAAGAG-1,Tumor,2
ACGCTAGTGATACACT-1,Normal,2
ACGCTGTGAGGCGTAG-1,Tumor,2
ACGCTTAGTGTCTCTC-1,Normal,1
ACGGAATTTAGCAAAT-1,Normal,1
ACGGACTCTCAAAGCG-1,Blood vessel,2
ACGGAGCGCAAATTAC-1,Normal,1
ACGGATGGTGCGGATA-1,Blood vessel,2
ACGGCACTTGCTTGGG-1,Tumor,2
ACGGCCAACATGGACT-1,Tumor,2
ACGGCGACGATGGGAA-1,Tumor,2
ACGGCTGGATGTAGAA-1,Tumor,2
ACGGGAGTGTCGGCCC-1,Tumor,3
ACGGGCGTATGCGACA-1,Normal,2
ACGGGTCATGTGACTT-1,Normal,2
ACGTACAGATTTCTCT-1,Normal,1
ACGTACTTTGGCACGG-1,Tumor,2
ACGTAGATTGCTGATG-1,Normal,1
ACGTAGGAGAGTCGCT-1,Normal,2
ACGTATTACTCCGATC-1,Normal,1
ACGTCCTAAACGAGAT-1,Normal,2
ACGTCTCGTTCCGGGA-1,Tumor,2
ACGTGACAAAGTAAGT-1,Tumor,3
ACGTGCGCCTCGTGCA-1,Normal,1
ACGTGGTCGAATGTGC-1,Normal,1
ACGTTAATGTCGAAGA-1,Tumor,2
ACGTTAGATTTGCCCG-1,Tumor,3
ACGTTATTGGTCACTC-1,Normal,2
ACGTTCACTATGCCGC-1,Tumor,3
ACGTTCCGCGCTCCGT-1,Normal,1
ACGTTCGCAATCAATT-1,Normal,2
ACGTTCGTTCAGGAAA-1,Tumor,3
ACGTTGTCGTTGAAAG-1,Tumor,2
ACGTTTAGTTGTGATC-1,Normal,1
ACTAAGGACGCACACC-1,Normal,1
ACTAATACGTCAGGCG-1,Normal,1
ACTACAAAGAGAGGTG-1,Tumor,3
ACTACATCCCGACAAG-1,Tumor,2
ACTACCAGCTCTCTGG-1,Normal,2
ACTACGCGTTAGAATT-1,Bronchus,4
ACTAGTTGCGATCGTC-1,Normal,1
ACTATATGCTGTGTTC-1,Normal,1
ACTATCCAGGGCATGG-1,Normal,2
ACTATCTGCCCGCGTA-1,Normal,1
ACTATGTCCAGCTGCC-1,Tumor,3
ACTATTCGTCCGTGGT-1,Normal,1
ACTATTTCCGGGCCCA-1,Tumor,3
ACTCAACGAATGTATT-1,Normal,1
ACTCAAGTGCAAGGCT-1,Normal,2
ACTCAATAAAGGCACG-1,Normal,1
ACTCAGACCTGCTTCT-1,Normal,1
ACTCATGGCAGCCTTC-1,Tumor,2
ACTCCAATATCATCAT-1,Tumor,3
ACTCCCATTCCTAAAG-1,Tumor,2
ACTCCCGAATTCGTTT-1,Bronchus,4
ACTCCCGTAGACTAGG-1,Normal,1
ACTCCCTAATGCTAAA-1,Normal,2
ACTCCCTAGAATAGTA-1,Tumor,2
ACTCGATGTATTTCAT-1,Normal,2
ACTCGTAACCCGTCCT-1,Tumor,3
ACTCGTCAGTAATCCC-1,Normal,1
ACTCTAAACCTGGGAT-1,Tumor,2
ACTCTCTGACTTAGGT-1,Tumor,2
ACTCTCTTATACACGA-1,Normal,1
ACTCTTGTATAGTAAC-1,Normal,2
ACTGAAACGCCGTTAG-1,Normal,1
ACTGAATGGCGAAAGT-1,Normal,1
ACTGATTTAGTGATTC-1,Normal,1
ACTGCCCGCCATTCTC-1,Tumor,3
ACTGCCGTCGTAACTC-1,Normal,1
ACTGCTCGGAAGGATG-1,Tumor,2
ACTGGCGAACCTGCGT-1,Normal,1
ACTGGGATGCCAGTGC-1,Tumor,3
ACTGTACGATACACAT-1,Normal,1
ACTGTAGCACTTTGGA-1,Normal,2
ACTGTATACGCGAGCA-1,Normal,1
ACTGTCCAGGATTATA-1,Tumor,2
ACTGTCTTCTTTAGAA-1,Normal,1
ACTGTGCTAGTAGATC-1,Normal,1
ACTGTTTAGTGTAGGC-1,Normal,1
ACTTACCGGGCGCGCA-1,Normal,1
ACTTACGCATCCACGC-1,Blood vessel,2
ACTTAGTACGACAAGA-1,Normal,1
ACTTATACTTACCCGG-1,Normal,1
ACTTATTAGGATCGGT-1,Tumor,3
ACTTATTTATGTGCCA-1,Normal,1
ACTTCAGGCTGATCCC-1,Normal,1
ACTTCCAGTGGAAGCT-1,Tumor,2
ACTTCCATGCGGGACA-1,Normal,2
ACTTCGCCATACGCAC-1,Normal,1
ACTTGACTCCCTCTTT-1,Tumor,2
ACTTGCCATATTGTAC-1,Normal,1
ACTTGGGACCCGGTGG-1,Normal,1
ACTTGTAGTCCCTTCA-1,Tumor,3
ACTTGTTACCGGATCA-1,Tumor,3
ACTTTACCCTCATGAA-1,Bronchus,4
ACTTTCCTATAGCTTC-1,Normal,1
ACTTTGACTGCATCCT-1,Tumor,2
ACTTTGGTCGTGCTCC-1,Tumor,2
AGAACCCTCAATTGGG-1,Tumor,2
AGAACGTGGTACATTC-1,Normal,1
AGAAGAGCGCCGTTCC-1,Normal,1
AGAAGGTACACTTCAC-1,Tumor,3
AGAAGGTTGCCGAATT-1,Tumor,3
AGAAGGTTGTAGGTCG-1,Bronchus,2
AGAAGTGATTCGTGAT-1,Tumor,3
AGAATAAATCTTCAGG-1,Normal,2
AGAATGCGGGTTCGGA-1,Normal,1
AGAATTATGGATTCGA-1,Normal,2
AGAATTGTTTGACATA-1,Normal,2
AGACAGCTCAGAATCC-1,Tumor,2
AGACATAGATCCTTCC-1,Normal,2
AGACCAAACCACACCT-1,Tumor,3
AGACCATGGGATACAA-1,Tumor,2
AGACCCACCGCTGATC-1,Tumor,2
AGACCCGCCCTCCTCG-1,Normal,1
AGACCGCTCCGCGGTT-1,Normal,1
AGACCGGGAAACCCTG-1,Tumor,3
AGACGAAGTGCCGGTC-1,Normal,1
AGACGACGATGCCGCT-1,Tumor,3
AGACGGGATTGGTATA-1,Normal,1
AGACGGGCCGATTTAA-1,Normal,1
AGACTAGCCTTCCAGA-1,Normal,1
AGACTGTTACCGGGTC-1,Tumor,3
AGAGAAACACCAGAAA-1,Tumor,3
AGAGAACCGTCTAGGA-1,Normal,1
AGAGAAGGAGTACAAT-1,Tumor,3
AGAGATCTCTAAAGCG-1,Normal,3
AGAGCAGTTATGAGAC-1,Normal,2
AGAGCCGCCGAGATTT-1,Normal,1
AGAGCGCTTGTAACGG-1,Normal,2
AGAGCGGGCTAATCAT-1,Normal,1
AGAGCGTACAAGCTCG-1,Normal,2
AGAGGCTTCGGAAACC-1,Normal,1
AGAGGGACAATTGTCC-1,Normal,1
AGAGGTATCTCGGTCC-1,Tumor,2
AGAGTAAACTTCACTA-1,Normal,1
AGAGTATAGTGTTACG-1,Normal,2
AGAGTTAGAGACCGAT-1,Normal,1
AGAGTTGCAGGCCTCC-1,Normal,1
AGATAACTTCAGGGCC-1,Tumor,2
AGATACCAGCACTTCA-1,Normal,1
AGATACCGGTGTTCAC-1,Tumor,3
AGATACGACTTCATAT-1,Normal,1
AGATACTCAAGATCGA-1,Normal,1
AGATATAATACGACTA-1,Normal,2
AGATCGTGCATAAGAT-1,Normal,1
AGATCTCAGGTGTGAT-1,Normal,1
AGATGACTCGCCCACG-1,Normal,1
AGATGAGGGTTGCGAT-1,Normal,1
AGATGATGGAGTCTGG-1,Bronchus,2
AGATGCAAGACGTGCA-1,Tumor,3
AGATGCATCCTGTGTC-1,Tumor,3
AGATTATAGGACGTTT-1,Tumor,2
AGATTCAAGCGGGTCG-1,Normal,1
AGATTCACAACCGATA-1,Tumor,3
AGCAAAGGCCGCTAGT-1,Blood vessel,2
AGCAACATATCTTATT-1,Normal,1
AGCAACCGAAAGTAAT-1,Tumor,3
AGCACACGTTTAGACT-1,Tumor,2
AGCACCAGTACTCACG-1,Normal,1
AGCACTACCGGCCTGT-1,Tumor,2
AGCACTACCTCACCAG-1,Normal,1
AGCACTTAAGGACGCC-1,Tumor,3
AGCAGAAGGAGAAAGA-1,Normal,2
AGCAGCCAGATGAATA-1,Normal,2
AGCATATCAATATGCT-1,Normal,1
AGCATCATTTCGAAAG-1,Tumor,2
AGCATCGTCGATAATT-1,Normal,1
AGCCAAGCTTTGTGTC-1,Tumor,3
AGCCACAGGTTACCCG-1,Normal,2
AGCCACTCCCGTGCTT-1,Normal,1
AGCCATATAGTATGTG-1,Normal,2
AGCCCATACATGTAAG-1,Normal,2
AGCCCGCAACAAGCAG-1,Tumor,3
AGCCCGGCATTAGAGG-1,Tumor,2
AGCCCGGTAGCCTGTA-1,Bronchus,3
AGCCCTAAGCGAAGTT-1,Normal,1
AGCCCTCCCTGGTGGC-1,Tumor,3
AGCCCTTCTAATCCGA-1,Normal,1
AGCCGCAAATTCAAAT-1,Tumor,2
AGCCGTGGCTAAATGT-1,Tumor,3
AGCCTAATACCCACGT-1,Tumor,3
AGCCTTAAAGCGGAAG-1,Tumor,3
AGCGACAGGAACGGTC-1,Tumor,3
AGCGACATCCCATTCA-1,Normal,1
AGCGACCAACGATATT-1,Normal,1
AGCGACTTTGAAGACA-1,Tumor,3
AGCGAGACGTGAAGGC-1,Tumor,2
AGCGCATAATGAATCG-1,Bronchus,2
AGCGCGGGTGCCAATG-1,Normal,1
AGCGCTTATGGGCAAG-1,Normal,1
AGCGGACACTTCGTAG-1,Bronchus,4
AGCGGCGGTTAGCGGT-1,Tumor,3
AGCGGGAAGGGTCCAT-1,Normal,1
AGCGGGTCTGACACTC-1,Normal,2
AGCGGTTGAGATGTAC-1,Normal,1
AGCGGTTGCCGCTCTG-1,Normal,1
AGCGTCTGAACCCGCA-1,Normal,1
AGCGTGGTATTCTACT-1,Tumor,2
AGCGTTCCGATTTAAA-1,Normal,1
AGCTAACAAGCAATGT-1,Tumor,3
AGCTAAGCTCCGTCCG-1,Tumor,3
AGCTAAGTACGCAGGC-1,Bronchus,2
AGCTAGAAGCAGAAGT-1,Normal,1
AGCTATTTAATCCAAC-1,Normal,1
AGCTCCATATATGTTC-1,Normal,1
AGCTCCTTCGCACATC-1,Normal,1
AGCTCGTTGATGGAAA-1,Normal,1
AGCTCTAGACGTTCCA-1,Normal,2
AGCTCTTCCCAGTGCA-1,Normal,1
AGCTCTTCGTAACCTT-1,Normal,2
AGCTCTTTACTCAGTT-1,Tumor,3
AGCTGAAGTAAACCAA-1,Normal,1
AGCTGCATTTGAGGTG-1,Normal,1
AGCTGTAACCTCAATC-1,Tumor,3
AGCTTATAGAGACCTG-1,Tumor,2
AGCTTCAATACTTTGA-1,Normal,1
AGCTTGATCTTAACTT-1,Normal,3
AGGAAGCTGTCCGCCG-1,Blood vessel,2
AGGACAGTCGAATCCC-1,Normal,1
AGGACATCGCACGTCG-1,Normal,1
AGGACGACCCATTAGA-1,Tumor,3
AGGACGCTCGATGTTG-1,Normal,1
AGGAGACATCCACAGT-1,Normal,1
AGGAGGCCTTCGCGCG-1,Normal,1
AGGATAAAGTCGGGAT-1,Tumor,2
AGGATATAGGGATTTA-1,Normal,1
AGGATCACGCGATCTG-1,Tumor,2
AGGATTGCTTACGACA-1,Normal,2
AGGCAAAGAGGAATCA-1,Tumor,1
AGGCAGATGCGTAAAC-1,Normal,1
AGGCAGGGAGCGTACT-1,Bronchus,4
AGGCATTGTCGTAGGG-1,Normal,1
AGGCCACCCGTTATGA-1,Tumor,2
AGGCCCATTGTACAGG-1,Normal,1
AGGCCCTAGAACGCCA-1,Tumor,3
AGGCCTATCATACCAA-1,Tumor,3
AGGCCTGAGAATCTCG-1,Normal,2
AGGCGGTTTGTCCCGC-1,Tumor,3
AGGCGTCTATGGACGG-1,Normal,1
AGGCTATGGTTAGCTT-1,Normal,2
AGGCTTCCCGAAGAAG-1,Tumor,3
AGGCTTGCTAGACACC-1,Tumor,3
AGGGAAACGAGGTACT-1,Normal,1
AGGGACAGCACGGCGG-1,Tumor,2
AGGGACCGGCTGCGTT-1,Normal,2
AGGGACTCTACGCGAC-1,Normal,4
AGGGAGACATACTTCG-1,Normal,2
AGGGCAGCGGCGTGGT-1,Normal,1
AGGGCGAGCAGCTGAT-1,Tumor,3
AGGGCGTGATCGGCTA-1,Normal,1
AGGGCTGCAGTTACAG-1,Normal,2
AGGGTCAGAGCACTCG-1,Tumor,3
AGGGTCAGTAACCCTA-1,Normal,1
AGGGTCGATGCGAACT-1,Normal,2
AGGGTGCCGTTCTTTA-1,Tumor,3
AGGGTGCTCTCGAGGG-1,Normal,1
AGGGTGGATAGTGCAT-1,Tumor,2
AGGGTGTGCTACACGC-1,Normal,1
AGGGTTCAGACGGTCC-1,Tumor,3
AGGGTTCCCTTTGGTT-1,Normal,1
AGGGTTTAGTTCGGGA-1,Normal,2
AGGTAACCTCCTATTC-1,Normal,1
AGGTACGATATTGCCA-1,Normal,1
AGGTAGATCGAGATAT-1,Tumor,3
AGGTAGGTACAAAGCT-1,Tumor,3
AGGTATAATTGATAGT-1,Bronchus,2
AGGTCAGGTGAGAGTG-1,Tumor,3
AGGTCGCGGAGTTACT-1,Normal,2
AGGTGGTGACCTTCGC-1,Tumor,3
AGGTGTATCGCCATGA-1,Normal,2
AGGTTGAGGCACGCTT-1,Normal,1
AGGTTTCACACACCTT-1,Tumor,2
AGTAACGTTCATCCTG-1,Normal,1
AGTAATGTCTTGCCGC-1,Normal,1
AGTACAGAAGCTTATA-1,Normal,2
AGTACATCATTTATCA-1,Normal,2
AGTACCTTCGAGTGCT-1,Normal,1
AGTACGGCCCGTATCG-1,Tumor,2
AGTACGGGCACCTGGC-1,Normal,1
AGTACGTGGCCTGTCT-1,Normal,1
AGTACTCTTATGCCCA-1,Normal,1
AGTAGAAGGCGCCTCA-1,Tumor,3
AGTAGCGTGAACGAAC-1,Normal,1
AGTAGCTAGACGCCGA-1,Normal,1
AGTAGGAAGGAAGTTG-1,Normal,1
AGTAGGTAACATACAT-1,Normal,1
AGTATAATACTAGGCA-1,Normal,2
AGTATACACAGCGACA-1,Tumor,3
AGTATGCTGGAGACCA-1,Tumor,3
AGTATTTGGCACGACC-1,Bronchus,4
AGTCAAATGATGTGAT-1,Tumor,3
AGTCAACACCACCATC-1,Tumor,3
AGTCAAGATGACACTT-1,Normal,1
AGTCACTAGCTCTCGA-1,Normal,1
AGTCACTCCGCCTCAT-1,Normal,1
AGTCAGCCACCGCCTG-1,Normal,1
AGTCCATTGGCTGATG-1,Normal,1
AGTCCCGCCTTTAATT-1,Normal,1
AGTCCCTCGCAGAAAG-1,Normal,1
AGTCGACGGTCTCAAG-1,Normal,1
AGTCGGCCCAAACGAC-1,Normal,2
AGTCGGCTCAACTTTA-1,Tumor,3
AGTCGTATAAAGCAGA-1,Bronchus,2
AGTCGTCGACCACCAA-1,Normal,1
AGTCGTGGGCATTACG-1,Tumor,3
AGTCTAAAGTATACTC-1,Normal,2
AGTCTCACAAGACTAC-1,Tumor,3
AGTCTGGACATCCTTG-1,Normal,2
AGTCTTCTCCTCAAAT-1,Normal,1
AGTCTTTAAAGTGTCC-1,Bronchus,4
AGTGAACAAACTTCTC-1,Normal,1
AGTGAAGATGGTGTCC-1,Normal,1
AGTGACCTACTTTACG-1,Tumor,3
AGTGACTGTGACACAA-1,Tumor,3
AGTGAGACTTCCAGTA-1,Normal,1
AGTGAGCCTCGCCGCC-1,Normal,2
AGTGAGGGTTTCTGAC-1,Normal,1
AGTGATAACCTGCGCG-1,Normal,1
AGTGATATGAGTAGTT-1,Tumor,3
AGTGATTCAAGCAGGA-1,Normal,1
AGTGCACGCTTAAGAA-1,Normal,1
AGTGCGTAGCTCGTAA-1,Tumor,3
AGTGCTAAACACAGCA-1,Normal,1
AGTGCTTGCACGAATA-1,Normal,1
AGTGGCGGCAATTTGA-1,Normal,1
AGTGGCGTCTGAAGGT-1,Normal,2
AGTGGCTCCGTCGGCC-1,Tumor,3
AGTGGTGTTACCCGTG-1,Tumor,2
AGTGGTTGCGTATAGG-1,Tumor,2
AGTGTATTGCGCATTG-1,Normal,1
AGTGTGCTAAGATCGC-1,Normal,2
AGTGTGGTCTATTGTG-1,Tumor,3
AGTTAAACACTTGCGA-1,Tumor,3
AGTTAAGCGGTCCCGG-1,Normal,1
AGTTAAGTCAACCGCT-1,Tumor,3
AGTTACCCTTAAGACT-1,Tumor,2
AGTTACCGCACATGGT-1,Tumor,2
AGTTACTCTATCGTGG-1,Normal,1
AGTTATTGAAAGGTAA-1,Normal,1
AGTTCACCGGTTGGAC-1,Tumor,2
AGTTCCTACAGAATTA-1,Normal,2
AGTTCCTATTTATGTT-1,Tumor,2
AGTTCTGCGTTGTATC-1,Normal,1
AGTTGACATCGGCTGG-1,Normal,1
AGTTGACGGTCCTTGC-1,Tumor,3
AGTTGCTGACTGATAT-1,Normal,2
AGTTTATGTAAAGACA-1,Normal,1
AGTTTCGCAGGTCGGA-1,Normal,1
AGTTTGCACCTGCCTC-1,Blood vessel,2
AGTTTGGCACGGGTTG-1,Normal,1
AGTTTGGCCAGACCTA-1,Tumor,3
ATAAACCATTGGACGG-1,Tumor,2
ATAAACGGACCCGTAA-1,Tumor,2
ATAAACGTTGCACCAC-1,Normal,1
ATAAAGGCTCGGTCGT-1,Tumor,2
ATAAAGGTCAAGTACG-1,Normal,1
ATAAATATTAGCAGCT-1,Tumor,3
ATAACGCCGGAGGGTC-1,Normal,1
ATAACGGAGTCCAACG-1,Normal,1
ATAACGTTACCTCCAC-1,Normal,1
ATAAGCAAACACCGAG-1,Normal,2
ATAAGGTGGAGAACAT-1,Tumor,2
ATAAGTACCCGATTGT-1,Normal,1
ATAAGTAGGATTCAGA-1,Normal,2
ATAAGTAGGGCGACTC-1,Bronchus,4
ATAAGTTACCGCGACG-1,Tumor,3
ATAATACCGTTAGCCG-1,Normal,2
ATAATAGCTGTTGAAT-1,Tumor,2
ATAATAGTGTAGGGAC-1,Normal,1
ATAATCTTGGAGAACC-1,Blood vessel,2
ATAATTAGCTAAGTAG-1,Normal,2
ATACAGGCCCTCCAAT-1,Normal,1
ATACCACGGGCAACTT-1,Tumor,3
ATACCAGCAAATTGCT-1,Normal,1
ATACCAGGCTAATAGA-1,Normal,1
ATACCAGGTGAGCGAT-1,Normal,3
ATACCGTCATCCATAA-1,Normal,1
ATACCTAACCAAGAAA-1,Normal,2
ATACGAGGTTTGTAAG-1,Tumor,3
ATACGCCGGCGAAACC-1,Tumor,2
ATACGGAACGTCGTTT-1,Tumor,3
ATACGGGTTTCGATTG-1,Normal,1
ATACGGTGAAGATGCA-1,Tumor,2
ATACGTACTTAGCCAC-1,Normal,1
ATACGTCCACTCCTGT-1,Normal,1
ATACGTTATGCACGGA-1,Normal,2
ATACTACCCGTACCAC-1,Normal,1
ATACTAGCATGACCCT-1,Normal,1
ATACTGCCTTACACCG-1,Normal,1
ATACTTGTTCTCGAGC-1,Tumor,2
ATAGACAACGGGACCT-1,Normal,1
ATAGACGAAGAGAAAG-1,Tumor,2
ATAGAGTACTGGGACA-1,Normal,1
ATAGAGTTATCAACTT-1,Normal,1
ATAGATTTGCAGTCGG-1,Normal,2
ATAGCCTCAGTACCCA-1,Normal,2
ATAGCTGCTCTTGTTA-1,Normal,2
ATAGGAATCTAAGCTT-1,Normal,1
ATAGGCGGCTATAGAA-1,Tumor,3
ATAGGCTAGCTTCGCA-1,Normal,1
ATAGGGATATCCTTGA-1,Normal,1
ATAGGTTGGGCAGATG-1,Normal,1
ATAGTCTTTGACGTGC-1,Normal,1
ATAGTGAAGCGTTCTC-1,Tumor,2
ATAGTTCCACCCACTC-1,Bronchus,2
ATATAAAGCGCTCGTG-1,Normal,2
ATATAAATGTAGCTGC-1,Normal,1
ATATACATGTATGGTA-1,Tumor,2
ATATACGCTCGTGACG-1,Normal,2
ATATAGAGTATTGGTC-1,Tumor,2
ATATCAACCTACAGAG-1,Bronchus,4
ATATCAATTCCAGCCT-1,Tumor,2
ATATCGGTAGGGAGAT-1,Normal,2
ATATCGTGCCAGACCC-1,Normal,1
ATATCGTTCCTCGAAC-1,Normal,1
ATATCTCCCTCGTTAA-1,Normal,1
ATATCTTAGGGCCTTC-1,Tumor,2
ATATGGGATAGCAACT-1,Tumor,3
ATATGTCTAGAGCGTG-1,Normal,2
ATATGTCTCCCTAGCC-1,Normal,1
ATATGTGCACAAACCA-1,Normal,1
ATATTCAGTTAAACCT-1,Tumor,3
ATATTCCACATAGTGA-1,Normal,1
ATATTCCCACAGGTCA-1,Normal,1
ATATTGCTGTCAAAGT-1,Normal,1
ATATTTAACCCTCAAG-1,Normal,2
ATCAAACACTGTTCCA-1,Normal,1
ATCAAACGAAGGTTTG-1,Tumor,3
ATCAAAGAGCCGTGGT-1,Tumor,3
ATCAAGATCCCAGGAC-1,Tumor,3
ATCAATCTGGGCTGCA-1,Normal,1
ATCAATGCCGTGGCTG-1,Tumor,2
ATCACATTAGAATATC-1,Normal,1
ATCACGTGCTAATTAA-1,Tumor,3
ATCACTTCATCCTCGC-1,Normal,1
ATCAGACGGCACGCCG-1,Tumor,3
ATCAGCCTCATGCTGC-1,Normal,1
ATCAGCTCGTCCACTA-1,Tumor,2
ATCAGGTCGCCATTGC-1,Normal,1
ATCAGTAGGCAGGGAT-1,Normal,1
ATCATAGATCGACGAG-1,Tumor,3
ATCATCCAATATTTGT-1,Tumor,2
ATCATCTGCCCAGTGT-1,Normal,1
ATCCAACGCAGTCATA-1,Normal,2
ATCCAATGGAGGGTCC-1,Tumor,3
ATCCAATGGTACCGAA-1,Tumor,2
ATCCACATCGACAGAA-1,Blood vessel,2
ATCCACGCTAAATGTT-1,Normal,1
ATCCACTTTCAGACTA-1,Normal,1
ATCCAGAGCAACAACC-1,Tumor,2
ATCCAGGATTCGTGAA-1,Tumor,3
ATCCCATCCACAGCGC-1,Tumor,2
ATCCCATTTCCGTGGG-1,Tumor,3
ATCCTACCTAAGCTCT-1,Tumor,3
ATCCTGAATCGCTGCG-1,Tumor,2
ATCCTGCGTGGAATGG-1,Tumor,3
ATCCTGCTGCAGATAG-1,Normal,2
ATCGACCCAATACAGA-1,Tumor,2
ATCGACTCTTTCCGTT-1,Normal,1
ATCGCACGCCGGGAGA-1,Normal,1
ATCGCCAGTCAACATT-1,Normal,1
ATCGCTGCGTGCAGCA-1,Normal,4
ATCGGAGACAGACGGC-1,Normal,1
ATCGGCAAGCAGTCCA-1,Normal,1
ATCGGTTACCTAGTAA-1,Tumor,2
ATCGTATTCCGAGAAC-1,Tumor,2
ATCGTGGAAAGTCTGG-1,Tumor,2
ATCGTTAGCTAGCGGA-1,Normal,1
ATCGTTCACTTTCGCC-1,Normal,1
ATCTAATATCCTACGG-1,Normal,2
ATCTAGCTTGTGAGGG-1,Normal,2
ATCTCCCACGGAATAT-1,Normal,1
ATCTCCCTGCAATCTA-1,Normal,1
ATCTGACATGGAAGGA-1,Tumor,3
ATCTGATAGTGTCTTA-1,Normal,2
ATCTGCACCTCTGCGA-1,Normal,2
ATCTGCTGTTATCGCC-1,Tumor,3
ATCTGGGCTGTTCTTG-1,Blood vessel,2
ATCTGGTTAAGACTGT-1,Normal,1
ATCTGTAATTGTACCC-1,Normal,1
ATCTTGACCTGCAACG-1,Normal,1
ATCTTGACTTGTCCAA-1,Normal,2
ATCTTTCGTATAACCA-1,Normal,1
ATGAAGCCAAGGAGCC-1,Normal,1
ATGAAGTGGACCCAGC-1,Tumor,2
ATGACGCCGGCTCTAA-1,Normal,1
ATGACGCGTTCTATCC-1,Tumor,3
ATGACTATCAGCTGTG-1,Tumor,3
ATGACTATGCGACATT-1,Normal,1
ATGAGGAGTGTTAATC-1,Normal,2
ATGATCGGGAATAGAC-1,Normal,1
ATGATGCAATGGTACA-1,Tumor,3
ATGCACCTTCCTTAAT-1,Tumor,2
ATGCACGCGCTGTTCA-1,Tumor,2
ATGCACTACCGCATTG-1,Normal,1
ATGCATGATCCAGGAT-1,Normal,1
ATGCATTCCGTGATGG-1,Tumor,2
ATGCCAATCGCTCTGC-1,Normal,1
ATGCCATTTGCGACCA-1,Normal,1
ATGCCGGTCTTGCATA-1,Normal,1
ATGCCGGTTGATGGGA-1,Normal,1
ATGCGACAATTGGTCC-1,Normal,1
ATGCGACAGTCCCATT-1,Normal,2
ATGCGAGTCCCACCAC-1,Normal,1
ATGCTCAGTGTTGCAT-1,Normal,2
ATGCTCTGGCGCGGTA-1,Blood vessel,2
ATGCTTAGGAGTTGAT-1,Normal,1
ATGGAAATTTAAGGAG-1,Tumor,2
ATGGAACAGAATAAAC-1,Normal,1
ATGGACTGCTTAGTTG-1,Tumor,3
ATGGAGCAGGCCGTGA-1,Tumor,2
ATGGATCCGGCGTCCG-1,Normal,1
ATGGATTGACCAAACG-1,Normal,1
ATGGCAGCATTACGAT-1,Tumor,3
ATGGCAGCCGAGAAAC-1,Tumor,2
ATGGCTGGAAATGGCC-1,Normal,1
ATGGGAACGGAAGCGG-1,Normal,1
ATGGGACCTGCTGAAC-1,Tumor,3
ATGGGCCTCGGCCTCT-1,Normal,1
ATGGGTGTATACCTCC-1,Tumor,3
ATGGTATTGGGAACCG-1,Tumor,3
ATGGTCGCGTGGTTTC-1,Normal,1
ATGGTGCTCAAAGCCA-1,Normal,3
ATGGTTACGAAACATG-1,Normal,1
ATGTAAGGCTGCTCTT-1,Normal,2
ATGTACGATGACGTCG-1,Normal,2
ATGTAGCGCGCGTAGG-1,Bronchus,2
ATGTCATAATAAACGA-1,Normal,3
ATGTCATTTCCCATTG-1,Tumor,2
ATGTCTTGTTTGACTC-1,Tumor,2
ATGTGAAAGCCTAATG-1,Tumor,3
ATGTGCATCCGACGCA-1,Normal,1
ATGTGGACATCTTGAT-1,Tumor,2
ATGTGTAGTTTAGTCA-1,Normal,1
ATGTTACGAGCAATAC-1,Normal,1
ATGTTCCTGCCCACCT-1,Normal,2
ATGTTCGTCGACCCAC-1,Normal,2
ATGTTGTAGTCTGTTT-1,Tumor,3
ATGTTTGTAAGATCAT-1,Normal,1
ATTAAACATGCGGACC-1,Tumor,2
ATTAACACCTGAGATA-1,Tumor,2
ATTAATACTACGCGGG-1,Normal,1
ATTAATGAACCAGTCG-1,Normal,1
ATTAATTCGGTCACTC-1,Normal,1
ATTACAACTACCGGCC-1,Normal,1
ATTACATGTCAGTCTT-1,Normal,1
ATTACGACTCCACAGT-1,Normal,1
ATTACGCGCTGGCAGG-1,Tumor,3
ATTACTAGCCTCTTGC-1,Normal,1
ATTACTTACTGGGCAT-1,Normal,1
ATTAGATTCCTCAGCA-1,Normal,2
ATTAGATTGATAGCGG-1,Normal,1
ATTAGGCGATGCTTTC-1,Normal,2
ATTATACTTTGCTCGT-1,Normal,1
ATTATAGCTACTTTAC-1,Normal,2
ATTATCGGAATGTACG-1,Tumor,3
ATTATCTCGACAGATC-1,Normal,1
ATTATGCCATAGGGAG-1,Normal,1
ATTATGCTCAGTATTG-1,Normal,1
ATTATTATGTCCGTCA-1,Tumor,3
ATTCAACCATTTAAGG-1,Normal,1
ATTCACTGATGTTGGA-1,Normal,2
ATTCAGATGAATCCCT-1,Normal,1
ATTCAGGACCTATTTC-1,Normal,1
ATTCAGGATCGCCTCT-1,Normal,1
ATTCAGTAGCAGGGTC-1,Normal,2
ATTCATATACTGTCCA-1,Tumor,2
ATTCATCGTTGAGGCA-1,Normal,1
ATTCCCACATAAACAA-1,Normal,2
ATTCCTAAGACGTGGA-1,Normal,1
ATTCCTCCGCCAGTGC-1,Normal,1
ATTCGACGCCGGGCCT-1,Tumor,2
ATTCGCAGAGGACACT-1,Normal,1
ATTCTCGTCTCTTTAG-1,Normal,1
ATTCTGAGTATGAACT-1,Normal,1
ATTCTTCGTACTTATG-1,Normal,1
ATTGAAGATCTTAGTG-1,Normal,2
ATTGACCGGCGATGAC-1,Normal,2
ATTGACGTAACTCGGT-1,Normal,1
ATTGATAGCAACGAGA-1,Normal,1
ATTGATCACCACATTT-1,Tumor,2
ATTGATGAGTCCTAAC-1,Normal,2
ATTGCCTATTAGACCG-1,Tumor,2
ATTGCCTTTATGTTTG-1,Bronchus,2
ATTGCGATCAGTAACT-1,Normal,1
ATTGCTGCTCCTCCAT-1,Tumor,3
ATTGGATTACAGCGTA-1,Normal,1
ATTGGGAATATCTTGG-1,Normal,1
ATTGGGAGTTCTGTAA-1,Normal,1
ATTGGTAGGATCCGCT-1,Tumor,2
ATTGTACAACTCGGCT-1,Bronchus,2
ATTGTCGCAATACCTT-1,Normal,1
ATTGTCTGTTTCATGT-1,Tumor,3
ATTGTGACTTCGCTGC-1,Normal,1
ATTTAACTCGTATTAC-1,Normal,1
ATTTACAGTTTACTGG-1,Tumor,2
ATTTACTAAGTCCATT-1,Normal,2
ATTTCATTATTTCGCG-1,Normal,1
ATTTCCGGGTTCTGCG-1,Tumor,3
ATTTGCCTAGTTACGA-1,Normal,1
ATTTGCGCGAGTAGCT-1,Tumor,3
ATTTGTCTTGGGAGCT-1,Normal,1
ATTTGTTCCAGGGCTC-1,Normal,1
CAAACCAGGTCTGCAT-1,Tumor,2
CAAACCCTCCGGCGGG-1,Normal,2
CAAACGAGTATCGCAG-1,Tumor,2
CAAACGGTCGCACTTT-1,Tumor,2
CAAACGTGGTCTTGCG-1,Normal,1
CAAACTACGATAGAGA-1,Normal,1
CAAACTATTGAGCTTC-1,Normal,1
CAAACTCGCGACGCCG-1,Normal,1
CAAAGATTATTGGGCC-1,Tumor,3
CAAAGGTTAAATTCAG-1,Normal,1
CAAATCTCTCACAAGG-1,Tumor,3
CAAATGCGGAGTGTTC-1,Normal,3
CAAATGTCCTTCCGTG-1,Tumor,2
CAAATTGGATTATGCC-1,Normal,2
CAAATTGTCAGCAAGC-1,Normal,1
CAACACATCTCCTGCC-1,Normal,2
CAACAGAATAACGCTA-1,Normal,1
CAACAGTGCCAAACGG-1,Normal,2
CAACCTACCGAGCAGT-1,Normal,2
CAACCTGAACCTGCCA-1,Normal,2
CAACGACCCGTTTACA-1,Normal,1
CAACGCGATGAGCCAA-1,Tumor,3
CAACGGTTCTTGATAC-1,Normal,1
CAACGTGGTGGAGTCT-1,Normal,1
CAACTATATCGAATGC-1,Normal,1
CAACTCCAACGTTTAG-1,Normal,1
CAACTCCGTAACTTGC-1,Normal,1
CAACTCCTTGATCCCG-1,Normal,1
CAACTGAGGGTATGAC-1,Normal,1
CAACTGCTCATCCGAT-1,Bronchus,4
CAACTTGTAGTGGGCA-1,Normal,1
CAAGAAACCCTAAACT-1,Normal,1
CAAGAGGGCGGAGTAC-1,Tumor,2
CAAGATATTATAACGT-1,Normal,1
CAAGCAACGTCGGAGT-1,Tumor,3
CAAGCACCAAATGCCT-1,Normal,1
CAAGCGGCACATAATT-1,Normal,1
CAAGGATCGCATGTTC-1,Tumor,2
CAAGGTCCTATAGGCT-1,Normal,2
CAAGTAAGTGATAGAC-1,Tumor,3
CAAGTCGTTGAAATCT-1,Tumor,3
CAAGTGAACTTTGGTT-1,Normal,1
CAAGTGTGGTTGCAAA-1,Normal,2
CAATAAACCTTGGCCC-1,Normal,1
CAATACGCTCTGAGGC-1,Tumor,3
CAATATGTAGATTTAC-1,Normal,1
CAATATTCTTGACCTA-1,Tumor,4
CAATCCATTATCCGTT-1,Normal,1
CAATCCCTATACCAGC-1,Normal,1
CAATCCTGCCGTGGAG-1,Normal,1
CAATGACCCTTAATTT-1,Tumor,3
CAATGAGGTTCGACTA-1,Normal,2
CAATGCGAGAAGTATC-1,Normal,1
CAATGGAATCTACATA-1,Normal,1
CAATGGATCTCTACCA-1,Normal,1
CAATGGTCGGCCTGGG-1,Normal,1
CAATGTGCCAACCCTT-1,Normal,4
CAATTAAGGGTGATGA-1,Normal,1
CAATTGGGCCGCACTC-1,Tumor,2
CAATTTCGTATAAGGG-1,Tumor,2
CACAAGAAAGATATTA-1,Normal,1
CACAATGAGCTGCTAT-1,Tumor,3
CACACACGCTAACGAG-1,Normal,1
CACACAGGGATAGATT-1,Normal,2
CACACGCGCTGTCTTA-1,Normal,1
CACACGTTTCAATGGG-1,Normal,1
CACACTTGTATTGCGA-1,Normal,1
CACAGAGACGAGGACG-1,Tumor,3
CACAGCACCCACGGCA-1,Normal,2
CACAGCTAGGGAGTGA-1,Normal,1
CACAGGGCCATATAGT-1,Normal,1
CACAGGGCCGTTGTCA-1,Bronchus,4
CACAGTTCGCTTCCCA-1,Normal,1
CACATATTAGCAGGAT-1,Tumor,2
CACATCGTGCACGCGC-1,Tumor,3
CACATCTCACCGACGA-1,Blood vessel,2
CACATGATTCAGCAAC-1,Tumor,2
CACATTCTTTCGATGG-1,Normal,1
CACATTTCTTGTCAGA-1,Normal,1
CACCAATCATCCGTCT-1,Tumor,2
CACCACGCCACACAGA-1,Tumor,2
CACCAGTCAGCATGCA-1,Tumor,2
CACCATCGGAGGAGAC-1,Normal,1
CACCATGATCGCAAAG-1,Normal,1
CACCCAAATCTTATGT-1,Bronchus,2
CACCCACACGTCACCC-1,Normal,1
CACCCACGAGGCAATT-1,Normal,1
CACCCGGTTTGTGACT-1,Tumor,3
CACCCTAACAAGATCT-1,Blood vessel,2
CACCCTTGGTGAGACC-1,Tumor,3
CACCCTTTCCTCGCTC-1,Normal,1
CACCGATACACCGAGC-1,Normal,1
CACCGCCAGAAGGTTT-1,Normal,1
CACCGCCGACCAGCGA-1,Normal,1
CACCGCGTCCACTCTA-1,Normal,1
CACCGGAGATATCTCC-1,Normal,1
CACCGGTAGAGACATT-1,Tumor,2
CACCGTATCCCATCCG-1,Normal,1
CACCGTTAGGGATCAC-1,Tumor,3
CACCGTTGCGCGATAT-1,Tumor,3
CACCTAATAGAGTCGT-1,Normal,2
CACCTAATCAGTTTAC-1,Normal,1
CACCTCGATGGTGGAC-1,Normal,1
CACCTTGCGAAACTCG-1,Normal,1
CACCTTGGCGCCTTTG-1,Normal,1
CACGAAAGTTAGTCCC-1,Tumor,3
CACGACCACAGACTTT-1,Normal,1
CACGACGTAATAGTAA-1,Normal,1
CACGACTAAAGTTCTG-1,Tumor,2
CACGATTGGTCGTTAA-1,Tumor,3
CACGCACAGCGCAGCT-1,Normal,1
CACGCAGCGAGGCTTT-1,Tumor,2
CACGCGGAACTGTTGC-1,Normal,1
CACGGACGTGGATGGC-1,Normal,1
CACGGCGCGCCAAAGG-1,Normal,1
CACGGGATTGAGGGTT-1,Tumor,2
CACGTCGGCAACCTCT-1,Tumor,3
CACGTCGGGTTCTAGA-1,Tumor,2
CACGTCTATGATGTGG-1,Normal,1
CACGTTCGTGCTCTAG-1,Normal,1
CACGTTTCGTACACAC-1,Normal,1
CACTAAAGTTGCCTAT-1,Tumor,2
CACTACGGGAGCTGCC-1,Normal,1
CACTACTCAGTTCTGT-1,Normal,1
CACTCAAGAGCTATGG-1,Tumor,2
CACTCAGCTCTTGAGG-1,Normal,1
CACTCCTATGTAAGAT-1,Tumor,3
CACTCCTCTCGGTCGG-1,Normal,1
CACTCGAGCTGAACAA-1,Tumor,2
CACTCGGTTAGGAGGA-1,Normal,2
CACTCTCAAGCATCGA-1,Tumor,3
CACTCTTCTGCTAGCC-1,Normal,2
CACTGACGATTGTGGA-1,Tumor,3
CACTGTCCAAGTGAGA-1,Normal,1
CACTTAATCAGACGGA-1,Tumor,2
CACTTCGCCACAGGCT-1,Normal,2
CACTTCGTCTTATCTC-1,Normal,2
CAGAACTTAGCCCTCT-1,Normal,1
CAGAATAACACACGGA-1,Normal,1
CAGACACCGATCGCTG-1,Tumor,2
CAGACCTGTAAGTGTT-1,Normal,2
CAGACGAACCTGATAC-1,Tumor,2
CAGAGACGGTCACCCA-1,Tumor,2
CAGAGCATGAGCTTGC-1,Normal,1
CAGAGGCGATGCATGA-1,Tumor,2
CAGAGTGATTTAACGT-1,Normal,1
CAGATACTAACATAGT-1,Normal,1
CAGATATGAAGATGAC-1,Tumor,2
CAGATCATTTAAAGTC-1,Normal,2
CAGATCCTGGTTTGAA-1,Tumor,2
CAGATGTTTGTCCCAA-1,Tumor,2
CAGCAGCCCGTTCCTT-1,Normal,1
CAGCAGTCCAGACTAT-1,Normal,1
CAGCAGTCTGTGCTGC-1,Blood vessel,2
CAGCCCTCACAGGCAG-1,Normal,1
CAGCCGGGCCCTCTAT-1,Normal,1
CAGCCTCCTGCAGAGG-1,Normal,1
CAGCCTCTCCTCAAGA-1,Normal,1
CAGCGATTCCCTTCAA-1,Tumor,3
CAGCGCCAACACGATA-1,Tumor,2
CAGCTCACTGAGACAT-1,Normal,2
CAGCTCGACAAGTTAA-1,Normal,1
CAGCTCGTGCTTGTGT-1,Normal,1
CAGCTCTGGGCTCACT-1,Tumor,3
CAGCTGGCGTAACCGT-1,Tumor,3
CAGCTTAGTAGGTAGC-1,Tumor,3
CAGGAAGACTTTATAT-1,Normal,1
CAGGATATATCGTTGT-1,Tumor,2
CAGGATCCGCCCGACC-1,Tumor,3
CAGGCAGTCTTACCAG-1,Bronchus,4
CAGGCCGTTTGGGTGT-1,Tumor,3
CAGGCGCACGGTGGTC-1,Tumor,3
CAGGCGCCATGCTAGG-1,Tumor,2
CAGGTTTAGTACTACA-1,Normal,1
CAGTAACTATTTATTG-1,Normal,1
CAGTAATCCCTCCCAG-1,Tumor,3
CAGTACATTCTCTAAA-1,Normal,1
CAGTACCAGTTTACGT-1,Tumor,2
CAGTAGATGATGTCCG-1,Tumor,2
CAGTAGCCCACGCGGT-1,Normal,1
CAGTCCAACGCCTTCT-1,Normal,1
CAGTCGAGGATGCAAT-1,Normal,1
CAGTCGGCCTAGATAT-1,Tumor,2
CAGTCTGTATACTGGG-1,Tumor,2
CAGTGAATAAATGACT-1,Normal,1
CAGTGGTTGCACATGA-1,Normal,2
CAGTGTCCGCAGAATG-1,Normal,1
CAGTGTCGGCTGGCCC-1,Normal,1
CAGTTCAAATTGACAC-1,Normal,1
CAGTTCCGCGGGTCGA-1,Normal,2
CAGTTCGAGGACCCGA-1,Tumor,3
CATAACGGACAGTCGT-1,Normal,1
CATAAGAAGCTTGGCT-1,Blood vessel,2
CATAAGCTCTCCGTCT-1,Tumor,3
CATAATGAGCGGGCGA-1,Tumor,2
CATACAAAGCCGAACC-1,Normal,1
CATACACGGTTCCCAC-1,Bronchus,4
CATACCCGTACCCAGT-1,Tumor,3
CATACGAACTAGCTGG-1,Tumor,3
CATACGGCGTCTGGGC-1,Tumor,2
CATACTATGTAATTGT-1,Tumor,3
CATACTTAGGCAATAC-1,Normal,2
CATACTTCTTTCTCCG-1,Tumor,3
CATAGAGGAGATACTA-1,Normal,2
CATAGCCGCCCGGGAT-1,Normal,2
CATAGCGTTGCCCACC-1,Tumor,4
CATAGTACATTGAGAG-1,Normal,1
CATAGTAGCATAGTAG-1,Normal,1
CATAGTCCACAAGAAC-1,Tumor,3
CATATACTACTGATAA-1,Normal,1
CATATAGGTACAGTCA-1,Tumor,2
CATATGTCAGGCTACG-1,Tumor,3
CATATTATTTGCCCTA-1,Normal,1
CATCAAACTGGCGCCC-1,Normal,1
CATCAACACCTACTAA-1,Normal,2
CATCATCTACCCGGAC-1,Normal,1
CATCATTACCCTGAGG-1,Normal,1
CATCCAATATAGTTTG-1,Tumor,2
CATCCGCAGGCCCGAA-1,Normal,2
CATCCTCTCAAAGATC-1,Normal,1
CATCGCCCGCGGCCAA-1,Normal,1
CATCGGACGGGTTAAT-1,Tumor,2
CATCGTCCGGTTACTA-1,Tumor,2
CATCTACCCGAGAACG-1,Normal,1
CATCTATCCCGTGTCT-1,Normal,1
CATCTGCAGGATCATT-1,Tumor,2
CATCTTACACCACCTC-1,Normal,2
CATGAACCGACATTTG-1,Normal,1
CATGAACCTCTTATCA-1,Normal,1
CATGACTTCGCTGAAT-1,Normal,2
CATGAGATGCACTCTC-1,Blood vessel,2
CATGAGTCCATCACGG-1,Tumor,3
CATGATGCACAATTCT-1,Normal,1
CATGATGGAAGTTAGC-1,Normal,1
CATGCACGTGTTACTG-1,Normal,1
CATGCATGGAGACCCT-1,Normal,1
CATGCCAACTCGCAAA-1,Tumor,3
CATGCGACCAGTTTAA-1,Normal,1
CATGCGTTAGACAGAA-1,Normal,1
CATGCGTTGAGAGGAG-1,Tumor,3
CATGCTGGCTCCAATT-1,Normal,1
CATGGAAATGGGACCA-1,Normal,1
CATGGATTGTCTTCCG-1,Normal,1
CATGGCAGGAAGATCG-1,Normal,1
CATGGCTCCCTATGTC-1,Tumor,2
CATGGGTATGCCTTAT-1,Blood vessel,2
CATGGGTCGGGTGTGG-1,Normal,1
CATGGTAAGTAGCGTT-1,Tumor,2
CATGGTATTAGTTTGT-1,Tumor,2
CATGGTCTAGATACCG-1,Normal,1
CATGTAAGAGACATTT-1,Normal,1
CATGTAGGAGCGCCAA-1,Normal,1
CATGTCTCATTTATGG-1,Normal,1
CATTACATAGATTGTG-1,Normal,1
CATTACGTCGGCCCGT-1,Normal,1
CATTATAACAGGGTCC-1,Normal,2
CATTATCCCATTAACG-1,Tumor,3
CATTATGCTTGTTGTG-1,Normal,1
CATTCACTGACAGCTA-1,Normal,1
CATTCCCATTCCGTCG-1,Normal,2
CATTCCCTAAGTACAA-1,Normal,2
CATTGATGAACACGCC-1,Normal,2
CATTGCAAAGCATAAT-1,Normal,1
CATTGCGAAATGGGCG-1,Normal,2
CATTGCGGGTCAATTC-1,Normal,2
CATTGTGTGCTAGATC-1,Normal,2
CATTTAGCGGACCATG-1,Normal,1
CATTTATCGTTCAAGA-1,Normal,1
CATTTCTAGCAGACTA-1,Normal,1
CATTTGAGTGGTACGT-1,Tumor,2
CCAAACAGAACCCTCG-1,Normal,2
CCAAAGTCCCGCTAAC-1,Normal,1
CCAAATAACAAGATTC-1,Normal,1
CCAACCTTATGTAACT-1,Tumor,3
CCAACGATGCACTGAT-1,Tumor,2
CCAACGCTTGCCAGGG-1,Normal,1
CCAAGAAAGTGGGCGA-1,Tumor,2
CCAAGACTTCTGCGAA-1,Normal,1
CCAAGCGTAACTCGTA-1,Normal,1
CCAAGGAACAGAGAGG-1,Normal,1
CCAAGTTTCTACAGAT-1,Normal,2
CCAATAGATTTCATCT-1,Tumor,2
CCAATAGTGCCGTCGA-1,Tumor,3
CCAATCGGTAGATCGA-1,Normal,1
CCAATGTCACAGCAAG-1,Tumor,3
CCAATTACGGGTCGAG-1,Normal,1
CCAATTGAATGTTAAT-1,Normal,1
CCACAATGTACGTCTT-1,Normal,1
CCACACTGAGATATTA-1,Tumor,3
CCACAGCTGAAATCAT-1,Normal,1
CCACAGTACCCATCCT-1,Normal,1
CCACATGGCTCTTTAT-1,Tumor,2
CCACCAACTTTACTGT-1,Tumor,3
CCACCCAAGGAAAGTG-1,Normal,2
CCACGAGAAGAGAATC-1,Normal,1
CCACGGAGCCATAAGA-1,Tumor,3
CCACGGCAGGTGTAGG-1,Tumor,2
CCACGGTGCCCGGTAG-1,Bronchus,4
CCACTATCCGGGTCAC-1,Normal,2
CCACTGGTGGCTGGTT-1,Normal,2
CCACTGTTTGGATTAA-1,Normal,1
CCAGAAAGCAACTCAT-1,Tumor,3
CCAGAGACAAAGCCGG-1,Tumor,3
CCAGATAGTTGAGTGA-1,Normal,1
CCAGATGTAAATGGGT-1,Normal,1
CCAGCCTGGACCAATA-1,Tumor,2
CCAGCTACGCCTCATA-1,Normal,1
CCAGCTCGAACGCATT-1,Normal,2
CCAGCTGATGGTACTT-1,Normal,2
CCAGCTTCCGCCCGCA-1,Tumor,2
CCAGGGACGTGGCCTC-1,Normal,1
CCAGTAGTCTGATCCA-1,Normal,1
CCAGTCAAATCTCTTA-1,Tumor,3
CCAGTCTAGACGGCGC-1,Normal,1
CCAGTCTTGTCATAGA-1,Bronchus,2
CCATAAACAACCCGAC-1,Normal,1
CCATAACCTGTGCAGT-1,Tumor,3
CCATACCTTTACTTGT-1,Normal,2
CCATACTCGCCTCTCC-1,Tumor,2
CCATAGGTTGGCGTGG-1,Normal,1
CCATAGTCAGTAACCC-1,Normal,2
CCATATGGAAACTATA-1,Normal,1
CCATCATAAGAACAGG-1,Normal,1
CCATCCATACCAAGTC-1,Normal,1
CCATCGCAGTTAAACT-1,Tumor,2
CCATCTCACCAGTGAA-1,Normal,2
CCATCTTGTTCACAAT-1,Normal,1
CCATGCCCTAGATTTC-1,Normal,1
CCATGCCTGTTTAGTA-1,Tumor,2
CCATGCTCTGCAGGAA-1,Normal,1
CCATGGCAAACGCTCA-1,Tumor,3
CCATGGCCCTTGTACC-1,Tumor,2
CCATGTTCATCTATAT-1,Tumor,2
CCATTAGCGATAATCC-1,Tumor,3
CCATTCCCTGCCCACA-1,Tumor,3
CCATTGTTTCCTCCAT-1,Normal,2
CCATTTCTACCTATTA-1,Normal,1
CCCAAACATGCTGCTC-1,Normal,1
CCCAACATACGTCGCG-1,Tumor,3
CCCAACCACACTAACA-1,Normal,1
CCCAAGAATGCACGGT-1,Normal,1
CCCAAGACAGAGTATG-1,Tumor,2
CCCAATGAGATTTGCA-1,Tumor,3
CCCAATTTCACAACTT-1,Tumor,3
CCCACTCCACGGTATC-1,Tumor,2
CCCAGAGGAGGGCGTA-1,Normal,2
CCCAGATTCCCGTGAC-1,Tumor,3
CCCAGGAAGAATTCGA-1,Normal,2
CCCAGGTCTGAAGGCT-1,Normal,1
CCCAGTAAACTTGGGA-1,Tumor,3
CCCAGTTAAGGCGCCG-1,Normal,1
CCCGAAGTTTCGCGAA-1,Tumor,2
CCCGACCATAGTCCGC-1,Normal,1
CCCGAGTTTCTCCGTA-1,Normal,1
CCCGCAAATAATCATC-1,Tumor,3
CCCGCAGCGCGAACTA-1,Tumor,2
CCCGCAGGGCCCAAAG-1,Normal,1
CCCGCCATGCTCCCGT-1,Normal,1
CCCGCGCAATGCACCC-1,Normal,2
CCCGCTAGAGGGTTAA-1,Normal,1
CCCGCTTGCCCTCGTC-1,Tumor,1
CCCGGGTCGTTCAGGG-1,Tumor,3
CCCGGTGGAAGAACCT-1,Tumor,2
CCCGGTGTATCGGAAT-1,Tumor,3
CCCGTAAGTCTAGGCC-1,Tumor,2
CCCGTAGCTGGGAAGA-1,Tumor,3
CCCGTCAGCGTCTGAC-1,Normal,1
CCCGTGAGGGCGGTGA-1,Tumor,2
CCCGTTTCGCAGATGT-1,Normal,1
CCCTAGCTCTAAGGTC-1,Tumor,3
CCCTAGGCAACAAGAG-1,Tumor,2
CCCTATGTAGAGCAGA-1,Tumor,3
CCCTCAAGCTCTTAGT-1,Tumor,2
CCCTCAGATCGAGAAC-1,Tumor,3
CCCTCATTCTGGAATT-1,Normal,1
CCCTCCTCGCTCGTAT-1,Normal,1
CCCTCGATAATACACA-1,Tumor,2
CCCTCGGGAGCCTTGT-1,Normal,2
CCCTGAAATGAGTTGA-1,Tumor,2
CCCTGACTAACAAATT-1,Normal,2
CCCTGATGTAACTCGT-1,Normal,2
CCCTGCCCAATCCGCT-1,Normal,3
CCCTGCGCTACGCATA-1,Tumor,2
CCCTGGCTGTTCCTTC-1,Tumor,2
CCCTGGTATGGGCGGC-1,Normal,1
CCCTTCTCGTACGCGA-1,Normal,1
CCCTTTGACAGGTCTT-1,Tumor,2
CCGAAAGTGGTGAGCA-1,Normal,1
CCGAACACTGGGCCTC-1,Tumor,3
CCGAACCTTCCCGGCC-1,Tumor,2
CCGAAGTATATTGTTC-1,Tumor,3
CCGACAAACACATGAG-1,Normal,2
CCGACAAAGGGAGTGC-1,Tumor,2
CCGACAATAGGCCGCC-1,Normal,1
CCGACGGGCATGAGGT-1,Tumor,3
CCGACGTAAACACAAC-1,Normal,1
CCGACTCGCATAGTCT-1,Normal,1
CCGAGAAGTCGCATAA-1,Normal,1
CCGAGCTGTGCTTGTC-1,Normal,1
CCGAGGGATGTTAGGC-1,Normal,1
CCGATCTCAACCTTAT-1,Normal,2
CCGATCTTAAGAGGCT-1,Normal,1
CCGATTCGAGGGACCC-1,Normal,2
CCGATTGGTCAATGAA-1,Normal,1
CCGCACAAAGACCAAC-1,Normal,1
CCGCACGTGACCTCGG-1,Normal,2
CCGCATGTGGTACGAT-1,Normal,2
CCGCCACCACAATCCA-1,Normal,1
CCGCCGGAACTTCTCG-1,Tumor,2
CCGCCGGTCAACACAC-1,Normal,1
CCGCCTGCGAATTGGT-1,Normal,1
CCGCCTTGCGATGTCG-1,Tumor,3
CCGCGATTTGGTAGGT-1,Normal,2
CCGCGGAATGCGTCAC-1,Tumor,2
CCGCGGGTACGAAGAA-1,Tumor,2
CCGCGTAGGTAAGGGC-1,Normal,2
CCGCTATCAGCACCAG-1,Tumor,2
CCGCTCCAGGGCGATC-1,Normal,2
CCGCTGGTGCCATTCA-1,Normal,1
CCGCTTACCTCACTCT-1,Tumor,3
CCGCTTCGCGGTTAAC-1,Normal,1
CCGCTTGCTGACATGG-1,Normal,2
CCGGAATGGTTTCAGT-1,Normal,2
CCGGAGCGTACTTTCT-1,Bronchus,4
CCGGAGGTCTTATGGT-1,Normal,1
CCGGCACGACCGTTTC-1,Normal,2
CCGGCCGCGAGCATAT-1,Tumor,2
CCGGCGCATATTGGAT-1,Normal,1
CCGGCGTGAGACTCTG-1,Tumor,2
CCGGGACCCGCAGAGA-1,Normal,1
CCGGGCGGTCTCGTCA-1,Normal,1
CCGGGCTGCTCCATAC-1,Normal,1
CCGGGTTCGAGGTTAC-1,Tumor,3
CCGGTTTGTAATTGTG-1,Tumor,3
CCGTAAGTTGGTCCCA-1,Normal,1
CCGTACCCAAGCGCCA-1,Normal,1
CCGTAGGAAATCCCTG-1,Normal,1
CCGTAGGGTTGTTTAC-1,Normal,2
CCGTATCTCGTCGTAG-1,Tumor,3
CCGTATTAGCGCAGTT-1,Normal,1
CCGTGCCCATGACGGC-1,Normal,1
CCGTGGAACGATCCAA-1,Normal,2
CCGTGTTAAATTCCAT-1,Tumor,3
CCGTTACGTTAGAACA-1,Normal,1
CCGTTCCGAATCTCGG-1,Normal,3
CCGTTTCCTTTCCGTG-1,Tumor,3
CCTAAACAGGGTCCGT-1,Normal,3
CCTAAAGGCTGACGCT-1,Normal,1
CCTAAATTAACGGTTC-1,Tumor,2
CCTAAATTGTATCCTA-1,Normal,1
CCTAACCCAAACAAGT-1,Normal,1
CCTAACTAAGGCTCTA-1,Normal,1
CCTACAAGTCCGGAAT-1,Normal,1
CCTACATTCACAGACG-1,Tumor,3
CCTACGCGACCTTACA-1,Normal,1
CCTACGGCTCAGTCGA-1,Normal,1
CCTACTGCGGCGGCCA-1,Normal,2
CCTACTGCTTACACTT-1,Normal,1
CCTAGGCGTAGCGATC-1,Normal,1
CCTAGGTAAAGGTAGC-1,Tumor,3
CCTAGTTAGTCGCATG-1,Normal,1
CCTATAATGAGTGCCC-1,Normal,1
CCTATACCGTCCTGTC-1,Tumor,2
CCTATATCGTGTCACG-1,Tumor,2
CCTATATTTGTCCTGG-1,Bronchus,4
CCTATCTATATCGGAA-1,Normal,1
CCTATGAAGTGGTGCC-1,Normal,2
CCTATGGCTCCTAGTG-1,Tumor,2
CCTATGGGTTACCGTC-1,Normal,1
CCTATGGTCAAAGCTG-1,Normal,2
CCTATGTCCACTCCAC-1,Normal,1
CCTCAACGATCGCTGT-1,Tumor,2
CCTCACCAATCTTGAC-1,Normal,1
CCTCACCTGAGGGAGC-1,Normal,2
CCTCACCTTAGCATCG-1,Normal,1
CCTCATGCAGCTACGA-1,Normal,1
CCTCCCGACAATCCCT-1,Normal,1
CCTCCGACAATTCAAG-1,Tumor,3
CCTCCTGAGCCCACAT-1,Normal,2
CCTCGAAGTGGACGGG-1,Normal,4
CCTCGACCCACTGCCT-1,Normal,1
CCTCGCCAGCAAATTA-1,Normal,1
CCTCGCGCGATATAGG-1,Normal,1
CCTCGCGCTGTGCGAT-1,Normal,2
CCTCGGACCGGGATAG-1,Normal,1
CCTCGGATGCTACCTG-1,Tumor,2
CCTCGGTTTCCTTGCC-1,Tumor,3
CCTCGTTACGCCTGTT-1,Normal,1
CCTCTAATCTGCCAAG-1,Normal,1
CCTCTACAAGGATTGG-1,Tumor,2
CCTCTATCGATTAGCA-1,Tumor,3
CCTCTCTCCCATCTAG-1,Tumor,3
CCTCTGGCCTAGACGG-1,Normal,1
CCTCTGTACTATTCTA-1,Tumor,2
CCTGAACGATATATTC-1,Normal,1
CCTGAATATTTACATA-1,Normal,1
CCTGACAAACTCGCGC-1,Tumor,2
CCTGACCACCGATGGT-1,Tumor,2
CCTGACGCAACCTTTA-1,Normal,1
CCTGAGAATAAATGCA-1,Tumor,3
CCTGCCCGTTGTCTAG-1,Tumor,2
CCTGCGTTCTACGCTT-1,Tumor,2
CCTGCTATTTGAGAAG-1,Normal,1
CCTGGCTAGACCCGCC-1,Normal,2
CCTGGTCGAATGTGGG-1,Blood vessel,2
CCTGTAAGACATGATA-1,Tumor,3
CCTGTACTCACGCCCA-1,Normal,2
CCTGTCACCCGGGCTC-1,Normal,1
CCTGTCCCTCACGTTA-1,Normal,2
CCTGTCGCCCGTAAAT-1,Tumor,2
CCTGTGAAACCGTAAC-1,Tumor,2
CCTGTGCGGATTGTAA-1,Normal,1
CCTGTTCAACCTCGGG-1,Tumor,3
CCTGTTTGAAGACACG-1,Normal,1
CCTTCAGTTAAAGTGA-1,Bronchus,3
CCTTCGTATAGAATCC-1,Tumor,3
CCTTCTCAGCGTTCCT-1,Tumor,2
CCTTCTTGATCCAGTG-1,Normal,1
CCTTGACCACTTTATT-1,Normal,1
CCTTGTGAACGTGGTT-1,Tumor,3
CCTTTAAGGGAGCACT-1,Bronchus,4
CCTTTCAATGAAGAAA-1,Normal,1
CCTTTGAATTATGGCT-1,Tumor,2
CGAAACATAGATGGCA-1,Normal,1
CGAAACGCAATTCATG-1,Tumor,3
CGAACAGTATGGGCGT-1,Normal,1
CGAACATAGTCAGAAA-1,Normal,1
CGAACCCGCATGCGTC-1,Tumor,2
CGAACGCCCAGTGCCG-1,Normal,1
CGAACGGCCGGACAAC-1,Tumor,2
CGAAGACGGTGAGTGC-1,Tumor,2
CGAAGACTGCCCGGGA-1,Tumor,3
CGAAGCTATAAATTCA-1,Normal,1
CGAAGGGTTTCAGATT-1,Tumor,2
CGAAGTTGCTCTGTGT-1,Tumor,3
CGAATCTGCTCGACGC-1,Tumor,2
CGAATGAAGTCATTGC-1,Tumor,2
CGAATGACGCATAATG-1,Bronchus,3
CGAATGGTAGGTCGTC-1,Tumor,2
CGAATTACATGGTGTT-1,Normal,1
CGACAATTTGATCTAA-1,Normal,1
CGACACCGCTTAAGGA-1,Normal,1
CGACACGCTCCGACAG-1,Normal,1
CGACACGGATGCCCAC-1,Normal,1
CGACAGTTCGCGTTAT-1,Tumor,3
CGACATGCGATCTTCT-1,Normal,1
CGACGCATCCGTACCT-1,Tumor,3
CGACTCAGGATGTTAT-1,Normal,1
CGACTCGGTACACGGT-1,Normal,1
CGACTTTGTATAGCCT-1,Bronchus,2
CGAGACCCTAGAGTGT-1,Tumor,2
CGAGAGATGTGAACCT-1,Normal,1
CGAGAGCGCGTAGATA-1,Tumor,2
CGAGAGCTTTCACTAC-1,Bronchus,2
CGAGAGGGTAGCCGCG-1,Normal,1
CGAGATGTTGCCTATA-1,Normal,2
CGAGCACTTCAAGTTT-1,Tumor,3
CGAGCGTTGATCAGCC-1,Normal,1
CGAGCTGGGCTTTAGG-1,Normal,1
CGAGGAGCTTCCATAT-1,Normal,2
CGAGGATCGGGAACGA-1,Normal,2
CGAGGCCAGGCATTGG-1,Normal,1
CGAGGCTAAATATGGC-1,Normal,1
CGAGGGACTGCGGTCG-1,Normal,2
CGAGGGTATCCAGGTG-1,Bronchus,3
CGAGTACTAAAGAGGA-1,Tumor,3
CGAGTGAAGGTACCAG-1,Tumor,3
CGAGTGCTATAGTTCG-1,Normal,1
CGAGTTCTGTCCCACC-1,Normal,1
CGAGTTTATCGGACTG-1,Normal,2
CGATAACCAATTTGAG-1,Normal,1
CGATACCTCGCGGACA-1,Tumor,3
CGATAGTCGTACTGCA-1,Bronchus,2
CGATATTAGCCGCAGG-1,Normal,1
CGATCATTAGAGGCAC-1,Normal,1
CGATCCACCATTGTTG-1,Tumor,3
CGATCCGACCCAGTGC-1,Tumor,3
CGATCCTCGCAACATA-1,Tumor,3
CGATCGAGAAGCACCA-1,Tumor,2
CGATCTGTTGGAGGAC-1,Tumor,3
CGATGGACCCTACGCC-1,Normal,1
CGATGTTGTTATCTAC-1,Tumor,2
CGATTAAATATCTCCT-1,Normal,2
CGATTCGCCTGGCTGC-1,Blood vessel,2
CGCAAACACGAGTTAC-1,Tumor,2
CGCAATCGATCATTAG-1,Tumor,3
CGCAATTACTTTCGGT-1,Normal,2
CGCAATTAGGGTAATA-1,Normal,1
CGCAATTCTACAATAA-1,Normal,2
CGCACATGTCCACTAC-1,Normal,1
CGCACGTCTGTTTATG-1,Tumor,3
CGCACGTGCGCTATCA-1,Normal,2
CGCAGAAACATTTGCG-1,Normal,1
CGCAGATCTTCACCCG-1,Normal,2
CGCAGGCGATCCAAAC-1,Normal,1
CGCATCATGGCTTCAG-1,Normal,1
CGCATCCATCAGCCAG-1,Normal,2
CGCATGCCGAATGCGT-1,Normal,2
CGCATGGTGCGATGCT-1,Tumor,2
CGCATTAGCTAATAGG-1,Normal,1
CGCCAAGAAGCCGAGT-1,Normal,2
CGCCACAGGTCGCGAT-1,Tumor,3
CGCCATCCGATTATGA-1,Normal,1
CGCCCAGCACGCCTAG-1,Bronchus,4
CGCCCAGCGTTTCACG-1,Bronchus,2
CGCCCGCTTCCGTACA-1,Normal,1
CGCCCTTACATCCACC-1,Normal,1
CGCCCTTGAAGGCTGA-1,Tumor,2
CGCCGACTATTCGCTA-1,Tumor,2
CGCCGCCCATGCCTGT-1,Normal,1
CGCCGCGTTCTGAACG-1,Tumor,3
CGCCGTTCAGCATAGT-1,Normal,1
CGCCTCCCTCCTCTAT-1,Tumor,2
CGCCTGGCCTACGTAA-1,Normal,2
CGCGACACTGCGCAGC-1,Tumor,2
CGCGACCGCGACAGAT-1,Blood vessel,2
CGCGAGAGGGACTTGT-1,Normal,1
CGCGAGTCTGCCGGGT-1,Tumor,3
CGCGCAAATGTCCAGA-1,Tumor,3
CGCGCATGTTTGATTG-1,Tumor,2
CGCGCCCGACTTAATA-1,Normal,1
CGCGGCAGTATTACGG-1,Normal,2
CGCGGCTCAACTTGAA-1,Normal,1
CGCGGGAATTAGGCAG-1,Normal,1
CGCGGTAAGTCTAGCT-1,Normal,2
CGCGGTCACAAACCAA-1,Normal,1
CGCGTACATTCTGGAA-1,Normal,1
CGCGTCATATTAAACC-1,Normal,1
CGCGTTCATGAAATAC-1,Normal,1
CGCTACCGCCCTATGA-1,Tumor,2
CGCTACGGGACATTTA-1,Tumor,3
CGCTAGAGACCGCTGC-1,Bronchus,2
CGCTATACCGCCCACT-1,Normal,1
CGCTATCGTGGCTTTA-1,Normal,1
CGCTATTCAATGTATG-1,Normal,1
CGCTATTCTTAGGCTC-1,Tumor,2
CGCTCGACATAATGAT-1,Normal,1
CGCTCTCCGTAGATTA-1,Tumor,3
CGCTGAGGACGTCCAA-1,Normal,2
CGCTGGTGACTACCCT-1,Normal,1
CGCTGTGACGCCGCAC-1,Normal,1
CGCTGTGTGGATGTTG-1,Tumor,3
CGCTTAGTATTGATAC-1,Tumor,3
CGCTTATTCCCGGTCG-1,Tumor,3
CGCTTCCACTGAAATC-1,Normal,1
CGCTTTCATACCGGTG-1,Normal,1
CGCTTTCTTGCATTCG-1,Normal,1
CGGAAAGAATCAAACG-1,Bronchus,4
CGGAAAGCAAATGTGC-1,Tumor,2
CGGAAATTTCACATCC-1,Normal,1
CGGAACGTAAACATAG-1,Tumor,2
CGGACCTCTGTAGTTA-1,Tumor,3
CGGACCTTTACGTCCC-1,Normal,2
CGGACGTTACTTGAAG-1,Tumor,3
CGGAGCAATTTAATCG-1,Normal,2
CGGAGCATGGCGATCC-1,Tumor,2
CGGAGCTTATAACACC-1,Normal,1
CGGAGTCCTAACCTGG-1,Normal,1
CGGAGTTTGAGAGACA-1,Tumor,2
CGGATAAGCGGACATG-1,Tumor,3
CGGATCCTCAAGGACT-1,Blood vessel,2
CGGCAAACATCGTGCG-1,Tumor,2
CGGCAATAAGATCGCC-1,Normal,1
CGGCACCGTTAGCGCC-1,Normal,1
CGGCACTCAAGAAAGT-1,Normal,1
CGGCAGGGTCGGGTTG-1,Normal,1
CGGCCACGCACAAAGT-1,Tumor,2
CGGCCAGAGCGACCAT-1,Tumor,3
CGGCCCAACCTGTAGT-1,Normal,2
CGGCCCAGGTATATCC-1,Normal,2
CGGCGCCATCAATCCC-1,Normal,1
CGGCTCTAAAGCTGCA-1,Normal,1
CGGCTCTTCGTCGAAC-1,Normal,1
CGGCTGCAAGATTAAG-1,Normal,1
CGGCTTTGTATGATAA-1,Normal,1
CGGGAATATAGTATAC-1,Normal,1
CGGGAATTTATGTAAA-1,Tumor,2
CGGGAGCTTCAGTGTA-1,Normal,1
CGGGAGTATACCGCCG-1,Tumor,3
CGGGATCAATGTAAGA-1,Normal,1
CGGGCAGCTAAACCGC-1,Normal,2
CGGGCCATAGCCGCAC-1,Normal,2
CGGGCCTTCTTTGTAA-1,Tumor,2
CGGGCGATGGATCACG-1,Bronchus,2
CGGGCTACTTAAATTG-1,Normal,1
CGGGTGTACCCATTTA-1,Normal,1
CGGGTTCGGCACGTAT-1,Normal,1
CGGTACGGCAAACCCA-1,Tumor,2
CGGTACTAGAATCAAA-1,Normal,1
CGGTAGAGGTGCAGGT-1,Normal,1
CGGTATAGGTATTAGC-1,Normal,1
CGGTCAAGTGGGAACC-1,Normal,1
CGGTCCATGAGACTCC-1,Normal,2
CGGTCCGTCGCAAGCC-1,Bronchus,4
CGGTCTATCAACCCGT-1,Normal,1
CGGTGAAGACTAAAGT-1,Tumor,2
CGGTGCAGATAGAACG-1,Tumor,3
CGGTGCGCGTTGGTCC-1,Tumor,3
CGGTGGGCTCCAGCCT-1,Normal,1
CGGTGTACTTGATCCC-1,Normal,1
CGGTTATCCAACAGTG-1,Normal,1
CGGTTCAAGTAGGTGT-1,Normal,1
CGGTTCCGGCTTCTTG-1,Normal,1
CGGTTGACCTGGCATA-1,Normal,2
CGGTTGAGTATCCTTC-1,Tumor,3
CGGTTGGGTTCAAGTT-1,Normal,1
CGGTTTATGAAGGAAC-1,Normal,1
CGTAAAGCAAGAAATC-1,Tumor,2
CGTAAATAACAAAGGG-1,Tumor,3
CGTAACTTCGACACTT-1,Tumor,3
CGTAATAATTACGAGT-1,Normal,2
CGTACCTGATAGGCCT-1,Normal,1
CGTAGAGAGTAATTAT-1,Bronchus,4
CGTAGCGAATTGTCAG-1,Normal,1
CGTAGCGCCGACGTTG-1,Normal,1
CGTATTAAGAGATCTA-1,Normal,2
CGTATTGTTTCCTAAT-1,Normal,2
CGTCAAATGGTCGCAG-1,Normal,1
CGTCAAGGCTATAAAT-1,Tumor,2
CGTCACGTCCATTGGT-1,Tumor,2
CGTCAGCTATTTACTC-1,Normal,2
CGTCAGTGCGCACAAG-1,Normal,1
CGTCAGTTTATCGTCT-1,Normal,1
CGTCATACCATATCCA-1,Tumor,3
CGTCGCATGTGAGCCA-1,Bronchus,2
CGTCGCTTGGTTATAC-1,Tumor,2
CGTCGGATAGTGTTGA-1,Normal,1
CGTCGGGTCTAAGCGC-1,Tumor,2
CGTCGTCCTTCGCGAA-1,Blood vessel,2
CGTCTCTCGCCGAGGC-1,Normal,1
CGTCTGGAAGGGCCCG-1,Normal,1
CGTGAAGTTAATTCAC-1,Tumor,2
CGTGACATTGGGTCGT-1,Normal,1
CGTGACCAGTCCTCTG-1,Bronchus,4
CGTGCAGACTGGGACA-1,Tumor,2
CGTGCATTGTCGACGC-1,Tumor,3
CGTGCCCGACATTTGT-1,Normal,3
CGTGCCCTCCCGAAGA-1,Tumor,2
CGTGCTTCTACCTAAA-1,Tumor,3
CGTGGCCGAATATCTA-1,Normal,1
CGTGGTACCCAAAGGC-1,Tumor,3
CGTGTCCCATTCGCGA-1,Normal,2
CGTGTCTCGTTACGAC-1,Tumor,3
CGTGTGTTAAACCCTG-1,Normal,2
CGTTAAACTAGTTAGG-1,Normal,1
CGTTAATGTCCCGACG-1,Normal,1
CGTTAGCTCACAACTG-1,Normal,1
CGTTCAAGGAAACGGA-1,Tumor,3
CGTTCAGACCCGCGAA-1,Tumor,3
CGTTCATGGTGCGCGT-1,Tumor,3
CGTTCTTCGCACACCT-1,Normal,2
CGTTGAATACCGCGCT-1,Blood vessel,2
CGTTGAGCGACCGTCG-1,Tumor,2
CGTTGAGTAATTGCGT-1,Normal,1
CGTTGCCCGCGTGGGA-1,Tumor,3
CGTTGTAAACGTCAGG-1,Tumor,2
CGTTGTAAGATTGATT-1,Normal,2
CGTTGTCGGCAATTGA-1,Normal,2
CGTTGTTTCAATTCCC-1,Tumor,3
CGTTTAAGCGGAGCAC-1,Normal,1
CGTTTACAAGGCAGCT-1,Normal,2
CGTTTCACTTCGGGCG-1,Normal,1
CGTTTCGCTCATTACA-1,Tumor,3
CGTTTGTGTAGAGGGT-1,Tumor,2
CTAAACGGGTGTAATC-1,Normal,2
CTAAAGAATGCCTACT-1,Tumor,3
CTAAAGGATGAGATAC-1,Normal,3
CTAAAGGGAAATAGGA-1,Tumor,2
CTAAATCCGGTGTACA-1,Tumor,3
CTAAATCCTATTCCGG-1,Normal,1
CTAACCGCGCGCCCGT-1,Tumor,3
CTAACGAAACTTGCTG-1,Normal,1
CTAACTGATAATCGCC-1,Normal,1
CTAACTGGTCCGGTTC-1,Tumor,3
CTAAGGGAATGATTGG-1,Tumor,2
CTAAGTACAGGGCTAC-1,Normal,1
CTAATTATGAAGCGTA-1,Normal,1
CTAATTCGCACGCGCT-1,Tumor,2
CTAATTCTCAGATATT-1,Normal,2
CTAATTTCAACAACAC-1,Normal,2
CTACAAGAAATAACCC-1,Tumor,3
CTACACTAGCTTGTTC-1,Normal,1
CTACACTCGCAGATGG-1,Normal,1
CTACCCTAAGGTCATA-1,Normal,1
CTACGAACTAGGTCGA-1,Normal,1
CTACGACTAGCTATAA-1,Normal,2
CTACGCACGGAGTACC-1,Tumor,2
CTACGCCATTTCCGAT-1,Normal,1
CTACTATCATAGGTTT-1,Tumor,3
CTACTATCTTTCAGAG-1,Normal,1
CTACTCAAGGTATAGT-1,Tumor,3
CTACTCTAGGCCCGGC-1,Tumor,2
CTACTGCCACCTGACC-1,Normal,1
CTAGACATATATGTAG-1,Normal,1
CTAGACTGCATTTCGT-1,Normal,1
CTAGATGTGAGTGTAA-1,Bronchus,2
CTAGATTTACGACGGC-1,Tumor,2
CTAGCATAGTATAATG-1,Normal,2
CTAGCCGATGTTATGA-1,Normal,1
CTAGGCGCCCTATCAG-1,Normal,1
CTAGGCGGCAGAGAAT-1,Normal,1
CTAGGGATAGGGACAA-1,Tumor,3
CTAGGTCTGAAGGAAT-1,Bronchus,2
CTAGGTTCGGACGTGA-1,Blood vessel,2
CTAGTAGAAAGGGATT-1,Normal,2
CTAGTATTCGGAATTA-1,Normal,1
CTAGTCACGTCTTAAG-1,Normal,2
CTAGTGAAGGACAGGA-1,Tumor,3
CTAGTTACAACCCGGT-1,Normal,2
CTAGTTGGGCCCGGTA-1,Normal,1
CTATAAGAGCCAATCG-1,Normal,1
CTATAGGCGTTGATGT-1,Tumor,3
CTATATCCAGCCTGGC-1,Tumor,3
CTATCGACGAAATACA-1,Normal,1
CTATCGGGTCTCAACA-1,Normal,2
CTATGAACACCTTGCC-1,Tumor,3
CTATGCCCGAATGCAA-1,Bronchus,4
CTATGGGAAGCGGAAT-1,Normal,1
CTATGTCACTAGCCCA-1,Normal,1
CTATGTCTATTGAAAC-1,Normal,1
CTATGTGAGTCACGGC-1,Tumor,2
CTATTCATGTGTCCCA-1,Tumor,2
CTATTGTGTTTGGTCA-1,Normal,1
CTATTTGCTTGGAGGA-1,Normal,3
CTATTTGGTTACGGAT-1,Normal,1
CTCAAACCACTGCCCG-1,Tumor,3
CTCAACTAACCCGGAT-1,Normal,2
CTCAAGACATTAGCGC-1,Normal,1
CTCACACGCAAGCCTA-1,Normal,1
CTCACATTTACTAAAT-1,Normal,2
CTCACCAGTACAAGTG-1,Tumor,2
CTCACCGATCCAAACT-1,Normal,1
CTCACTGTGATACTTA-1,Normal,2
CTCACTTGGCTGGTAA-1,Normal,2
CTCAGAGCTAATGTCG-1,Tumor,3
CTCAGATTGTGATAAG-1,Tumor,3
CTCAGCAGACTGCCGA-1,Normal,1
CTCAGGACTCACCTGT-1,Normal,1
CTCAGTCACGACAAAT-1,Normal,1
CTCATGGCTCACAATC-1,Normal,1
CTCATGGTAATTTGCG-1,Tumor,3
CTCATTCGTGAACATC-1,Tumor,2
CTCATTGCTCTAACAA-1,Blood vessel,2
CTCATTTGATGGGCGG-1,Normal,1
CTCCCTCCTTTCGATC-1,Tumor,3
CTCCGCCCACATGAGG-1,Tumor,3
CTCCGGCCTAATATGC-1,Normal,1
CTCCGGCTTGTAGACA-1,Normal,2
CTCCTAAGTTATGTCT-1,Normal,1
CTCCTCCAGCTCACAC-1,Bronchus,4
CTCCTTTACGCAAGTC-1,Normal,2
CTCGAATGGAACGTAT-1,Normal,1
CTCGAGACATACGATA-1,Tumor,2
CTCGAGGCAAGTTTCA-1,Tumor,2
CTCGAGGTCGAACAGT-1,Normal,1
CTCGATATTTGCGAGC-1,Normal,1
CTCGCACCTATATAGT-1,Normal,1
CTCGCATTGCATAGCC-1,Tumor,2
CTCGCCGAATGTAGGG-1,Normal,2
CTCGGGATAACACCTA-1,Normal,2
CTCGGGCATCGTCGGG-1,Normal,2
CTCGGGTTCTCTGGCC-1,Tumor,3
CTCGGTACCACTGCTC-1,Normal,2
CTCGGTCCGTAGCCTG-1,Normal,1
CTCGGTTGTCGGCCCT-1,Tumor,3
CTCGTCGAGGGCTCAT-1,Tumor,3
CTCGTCTGTGCCTTCG-1,Normal,2
CTCGTGGCACTGAAAG-1,Tumor,3
CTCGTTACGGCTACCA-1,Tumor,3
CTCGTTTCTAATGTTT-1,Normal,2
CTCTAATGCATTGATC-1,Normal,2
CTCTACACTGGCGATT-1,Tumor,3
CTCTACATCCTGCGTG-1,Normal,2
CTCTAGCCCTCGGAAA-1,Normal,2
CTCTATTTGGCTGCAG-1,Tumor,2
CTCTCACAATCGATGA-1,Normal,1
CTCTCGATGTGCGCCT-1,Normal,1
CTCTCGCTGTACTATG-1,Tumor,2
CTCTCTAACTGCCTAG-1,Tumor,3
CTCTGCGAAGCAAGCA-1,Normal,1
CTCTGGACGCCTGGTG-1,Normal,1
CTCTGTGCCTGCTATG-1,Tumor,3
CTCTGTTTGAGGATTC-1,Normal,4
CTCTTCTATTGACTGG-1,Normal,1
CTCTTCTGGAAGTTAG-1,Tumor,3
CTCTTGTCCCGCTTGG-1,Normal,2
CTGAAACGGCCCTCAG-1,Normal,1
CTGAAAGAGATCCGAC-1,Normal,1
CTGAATCCGAGACCTC-1,Tumor,2
CTGAATTTATTGCCAG-1,Normal,2
CTGACTGCGCAGCTCG-1,Bronchus,2
CTGAGCAAGTAACAAG-1,Normal,1
CTGATAGTGTATCTCA-1,Normal,2
CTGATCCCTTTATGCA-1,Tumor,2
CTGCAAATGGGCTCCA-1,Normal,2
CTGCACAACTACATAT-1,Tumor,2
CTGCACCTAGTCCACA-1,Normal,2
CTGCACCTGGAACCGC-1,Normal,1
CTGCACTCCAGTACAG-1,Normal,1
CTGCCAAGGTTGGAAG-1,Normal,1
CTGCCATGCATCACAT-1,Tumor,2
CTGCCCACGAAGCGTT-1,Tumor,2
CTGCCTAGCCACCAAG-1,Normal,1
CTGCCTCATATGCAAC-1,Normal,2
CTGCCTTTAATACCTT-1,Tumor,3
CTGCCTTTCTAGTAAA-1,Normal,1
CTGCGACCTCGCCGAA-1,Normal,2
CTGCGATTTCGAGATT-1,Tumor,3
CTGCGGGTGAAATGTT-1,Normal,2
CTGCGGTAGTCACGTG-1,Normal,1
CTGCGTTACGATATAA-1,Normal,1
CTGCTCTGACGGCAAA-1,Normal,3
CTGCTGAGGCCACGAA-1,Tumor,3
CTGCTTGGCGATAGCT-1,Normal,1
CTGCTTTATGTCCGCG-1,Normal,2
CTGGAAATGGATGCTT-1,Normal,1
CTGGAAGACACGGTGG-1,Normal,1
CTGGACGCAGTCCGGC-1,Tumor,3
CTGGATTTACACTTGA-1,Tumor,2
CTGGCATCCGAATGAG-1,Tumor,3
CTGGCGACATAAGTCC-1,Normal,1
CTGGCGCACAGGTCTG-1,Normal,1
CTGGCGGGAATAAGTA-1,Tumor,2
CTGGCTGATTCATCCT-1,Normal,1
CTGGCTGGTTGTCAGT-1,Normal,2
CTGGGATAAATAATGG-1,Normal,1
CTGGGATACGCTACCC-1,Normal,4
CTGGGATCGCCCAGAT-1,Normal,1
CTGGGCACTAGTCGGA-1,Normal,1
CTGGGCCTGCTATATC-1,Tumor,3
CTGGGCGGCCAAATGT-1,Normal,1
CTGGGCTATCCTTTGG-1,Normal,1
CTGGGTAGGCAGTTAA-1,Tumor,1
CTGGGTTGAGTTAAAG-1,Tumor,2
CTGGTAACACATAGAA-1,Normal,1
CTGGTAACGAGCTCTT-1,Normal,1
CTGGTCATTCCAATCC-1,Tumor,3
CTGGTCCTAACTTGGC-1,Normal,1
CTGGTGAATGGGCCTA-1,Tumor,3
CTGGTTCAACGCATCA-1,Normal,1
CTGGTTTCGAGCAAGA-1,Normal,1
CTGTACTTCTTAGCAT-1,Tumor,3
CTGTAGCCATCTCACT-1,Bronchus,3
CTGTAGTGAGGATCGA-1,Tumor,3
CTGTATGGTGTAGAAA-1,Normal,1
CTGTCAAATGGCTCGG-1,Normal,1
CTGTCACGCCAGGCGC-1,Normal,1
CTGTGCAGGGTAGGTC-1,Tumor,2
CTGTGGTCGGGAGATA-1,Normal,1
CTGTTACCCAATCTAG-1,Tumor,2
CTGTTCACTGCCTGTG-1,Normal,1
CTGTTCATCTCACGGG-1,Normal,1
CTGTTGGCTCTTCTGA-1,Tumor,2
CTGTTGTTCAGTCGTA-1,Tumor,2
CTTAAATAAGACCCAT-1,Tumor,2
CTTAACTTCGAAGTAC-1,Normal,1
CTTAAGCAGCGAGCCG-1,Tumor,3
CTTAATCGACTTAGTA-1,Normal,3
CTTACACGGTATTCCA-1,Normal,2
CTTACACTGGGAAATA-1,Normal,1
CTTAGCCCGGATAGTG-1,Tumor,2
CTTAGCCTTCCACATG-1,Normal,1
CTTAGGTATAGACCAG-1,Tumor,2
CTTAGGTCCCAATCGT-1,Normal,2
CTTAGTAGGCCTACAG-1,Bronchus,2
CTTAGTGTAGTAGCAT-1,Normal,2
CTTAGTTGAGGAATCG-1,Tumor,3
CTTATGCGCTCAGGGC-1,Tumor,3
CTTATGTTGACTACCA-1,Normal,1
CTTCAACTCCACTTGG-1,Blood vessel,2
CTTCAGTGGTCGCCTA-1,Tumor,2
CTTCATAGCTCAAGAA-1,Normal,1
CTTCATTGTCAGTGGA-1,Tumor,2
CTTCCGCTCCGTGAAG-1,Bronchus,4
CTTCCTGCATATTTAC-1,Normal,1
CTTCGATTGCGCAAGC-1,Normal,2
CTTCGTAGATAGGTGA-1,Tumor,3
CTTCTATGTTGAAGTA-1,Tumor,3
CTTCTATTAATGCTAG-1,Tumor,2
CTTCTGGGCGTACCTA-1,Tumor,3
CTTCTTACGTCGTATA-1,Normal,1
CTTGACCCGAAAGATA-1,Normal,1
CTTGAGGTTATCCCGA-1,Normal,1
CTTGAGTTAGGGTAAT-1,Normal,2
CTTGCAACCGCCTCCT-1,Tumor,3
CTTGCCCAGGCTCTAC-1,Tumor,2
CTTGGCCAAGCTGGGA-1,Bronchus,4
CTTGTACTTGTTGACT-1,Normal,1
CTTGTCAACATTCGAG-1,Tumor,2
CTTGTCGTACGTGTCA-1,Normal,2
CTTGTGAGTCTTTGAC-1,Normal,1
CTTGTGCTCACCGATT-1,Normal,1
CTTGTTGCTGAGTCAA-1,Normal,2
CTTGTTTATGTAGCCA-1,Normal,1
CTTTAACTTTCAAAGG-1,Normal,1
CTTTAATATTGGTCGA-1,Tumor,1
CTTTACCGAATAGTAG-1,Normal,1
CTTTAGGAACACTGTT-1,Normal,1
CTTTAGTGCTATTATT-1,Tumor,2
CTTTATCCGACGCATG-1,Tumor,3
CTTTCTGTGCGGGCTT-1,Normal,2
CTTTGAAACATATTCC-1,Normal,1
CTTTGCATCGCTCTTG-1,Normal,1
CTTTGGCAGACAGAGT-1,Normal,1
CTTTGGCGCTTTATAC-1,Normal,2
CTTTGGCTTTAGTAAA-1,Tumor,3
CTTTGGGATTGTTGCA-1,Tumor,3
CTTTGTCGAATGCTCC-1,Tumor,2
GAAACAGATGACCACC-1,Normal,1
GAAACAGCCATGCAGT-1,Normal,1
GAAACATAGGAAACAG-1,Tumor,2
GAAACCATGGTGCGCT-1,Normal,2
GAAACCGAATTACCTT-1,Tumor,3
GAAACCTATACAAATG-1,Bronchus,4
GAAACTCGTGCGATGC-1,Normal,2
GAAACTCTAATGAAGG-1,Normal,1
GAAAGAACAGCGTTAT-1,Bronchus,2
GAAAGCAGTGCACTTT-1,Normal,2
GAAAGCCCTTTGGACC-1,Tumor,2
GAAAGTGACTAACTGC-1,Normal,2
GAAATACCTGCTGGCT-1,Normal,1
GAAATACTAAACGTTT-1,Normal,2
GAAATATCACCATCAG-1,Tumor,2
GAAATATGCTTGAATG-1,Normal,1
GAAATCGCGCGCAACT-1,Normal,1
GAAATCTGACCAAGTT-1,Tumor,2
GAAATGGCGGTGTTAG-1,Normal,2
GAAATGGGATGTAAAC-1,Normal,2
GAAATTAGCACGGATA-1,Normal,1
GAAATTCACATCGCTG-1,Normal,1
GAAATTGTCTCTATAA-1,Tumor,3
GAACAACTGGGATGAA-1,Bronchus,4
GAACACACATCAACCA-1,Normal,2
GAACAGATTACTAAAT-1,Blood vessel,2
GAACATTAGTATGTTA-1,Normal,1
GAACCATCTGGGAGAC-1,Normal,2
GAACCCTCTGTGTTCT-1,Normal,2
GAACCTCGACCTACAC-1,Tumor,3
GAACCTTTAACGATCC-1,Normal,2
GAACGACCGAATGATA-1,Normal,1
GAACGATAAGTTAAAG-1,Normal,2
GAACGGTGTAAAGCAG-1,Normal,1
GAACGTCTCATGGTCG-1,Normal,1
GAACGTTAGGAAGACG-1,Normal,2
GAACTGTGGAGAGACA-1,Normal,2
GAACTTAGCGCCCGGT-1,Normal,1
GAACTTGTGCACGGGA-1,Normal,1
GAAGAAACGATATTGT-1,Tumor,3
GAAGAACGGTGCAGGT-1,Normal,1
GAAGACTTCAATGCCG-1,Normal,1
GAAGCAAGGCAATGTT-1,Tumor,2
GAAGCCACTGATTATG-1,Normal,2
GAAGCCGGGTAAGCTC-1,Tumor,2
GAAGCCTGCACATTCC-1,Bronchus,2
GAAGCGTGAGGAATTT-1,Tumor,2
GAAGCTCGGACCCGTC-1,Tumor,2
GAAGCTTGCTGACCGC-1,Tumor,2
GAAGGAGTCGAGTGCG-1,Tumor,3
GAAGGCTACCATTGTT-1,Normal,2
GAAGTCAGTTGCACTA-1,Tumor,2
GAAGTCTCCCTAGCGA-1,Normal,2
GAAGTGATTTATCGTG-1,Tumor,3
GAAGTGCTGGATAGCT-1,Normal,1
GAAGTTTCCACTCAAT-1,Tumor,3
GAATAGACGCGACCCA-1,Normal,1
GAATAGCCCTGCGGTC-1,Normal,1
GAATAGTGCTCGATTA-1,Tumor,3
GAATATTCGGAGTCCC-1,Normal,1
GAATCGACATGGTCAC-1,Normal,2
GAATCGCCGGACACGG-1,Normal,1
GAATCTATACTCGGAC-1,Normal,1
GAATCTGAACATTCTC-1,Tumor,2
GAATGAAGGTCTTCAG-1,Normal,1
GAATGCCGAAATGACC-1,Tumor,3
GAATGCGAATCGGTTC-1,Normal,2
GAATGGGCTTATCGAC-1,Tumor,2
GAATGTATGGCAGGTC-1,Normal,1
GAATGTGGTCCGGATT-1,Normal,1
GAATGTTGGGTAATCT-1,Normal,1
GAATTATAGTGAAAGG-1,Normal,1
GAATTATGCAACCTAC-1,Normal,1
GAATTCACCCGGGTGT-1,Tumor,2
GAATTTCTCGCTGCAG-1,Tumor,2
GACAAACATATGCAGG-1,Normal,1
GACAACGACCATTGAA-1,Normal,1
GACAACGCAGCTTACG-1,Normal,1
GACACAAGGGAAGAAA-1,Normal,1
GACACCCAAAGACGCG-1,Tumor,3
GACACGAGTTAGAGGA-1,Normal,2
GACACTGAGTTCAGTG-1,Tumor,3
GACACTGGAACCCGAT-1,Normal,1
GACAGATTTCTGGCTC-1,Tumor,3
GACAGCCAGACCTGAC-1,Normal,1
GACAGGCACACACTAT-1,Normal,2
GACATACTGTCGCAGA-1,Tumor,2
GACATCCGTCGAACTG-1,Normal,2
GACATCGATTTATAAC-1,Tumor,2
GACCAAACGTTGACTG-1,Normal,1
GACCACACTTCCCTTT-1,Normal,2
GACCAGAGCCCTGTAG-1,Normal,2
GACCAGGTCATTCATA-1,Normal,1
GACCCAATTATGATAC-1,Tumor,2
GACCCGTCGCCGGCTA-1,Normal,1
GACCGACTGAAGCGTC-1,Tumor,2
GACCGCGTCTGACGTG-1,Normal,1
GACCGTCAGGTCGTGA-1,Normal,1
GACCGTGCTGACGGTG-1,Tumor,3
GACCGTTACATGCGAC-1,Normal,2
GACCTTCCACGTCTAC-1,Bronchus,2
GACGACGATCCGCGTT-1,Tumor,2
GACGAGGCTAATAAAC-1,Normal,1
GACGATATCACTGGGT-1,Tumor,3
GACGCCGTAAAGGCTA-1,Normal,2
GACGCCTGTTGCAGGG-1,Normal,1
GACGCTTGCTTCTAAA-1,Tumor,3
GACGGACCGCGTTCCT-1,Normal,1
GACGGGTTGGCCCGTA-1,Bronchus,4
GACGGTCAATAGAAGC-1,Normal,2
GACGTGAGACTCCATG-1,Normal,1
GACGTGTAGGGATTAT-1,Tumor,2
GACGTTCGTAAATACA-1,Normal,2
GACGTTGCTCGGCGGC-1,Tumor,2
GACTAACACAGCACCT-1,Normal,1
GACTAAGATCATGCAC-1,Normal,1
GACTAAGTAGGCTCAC-1,Normal,2
GACTACAAAGCGGTGG-1,Tumor,3
GACTACAATTGCTCGT-1,Normal,1
GACTAGGCCGTTAGGT-1,Bronchus,4
GACTCACCCACGTGAG-1,Bronchus,4
GACTCCCAGAATAAGG-1,Normal,2
GACTCCTTCCAATTGA-1,Tumor,2
GACTCGCGGGAATGAC-1,Normal,1
GACTCGGTCGGCGGAT-1,Normal,1
GACTCTAGAGTTCCAA-1,Tumor,3
GACTGATTGGTCACAA-1,Normal,1
GACTGCAAATCGAGCT-1,Blood vessel,2
GACTGCACCAGCCCAG-1,Normal,1
GACTGCGGCACGTGTA-1,Tumor,2
GACTGCTGGTGAGAAA-1,Tumor,3
GACTGGGCGCCGCAAC-1,Normal,1
GAGAATCTCACGATCA-1,Tumor,2
GAGACCCTGCAACGCC-1,Normal,1
GAGACTGATGGGTAGA-1,Normal,1
GAGACTTCGCGACCGA-1,Tumor,2
GAGAGCGCAGTCCCTG-1,Tumor,2
GAGAGGGCGCGAGGTT-1,Tumor,3
GAGAGGTGCATTCTGG-1,Tumor,3
GAGAGTCTCGGGAGAG-1,Tumor,3
GAGATCTGCTTGGCAT-1,Tumor,2
GAGATCTGTCACTCCG-1,Normal,1
GAGATCTTCCATGACA-1,Tumor,2
GAGATGACAATCCTTA-1,Normal,1
GAGATGGCTTTAATCA-1,Bronchus,2
GAGATGGGAGTCGACA-1,Normal,1
GAGCACCTGTGTCCAG-1,Blood vessel,2
GAGCATCAACAACTTG-1,Tumor,3
GAGCATCATCCCTGGG-1,Normal,1
GAGCCACGGTAGTAGG-1,Normal,1
GAGCCAGCTACCTGTG-1,Normal,1
GAGCCGAGCGTTTATT-1,Normal,1
GAGCGAGGGAGTACCG-1,Normal,1
GAGCGCAAATACTCCG-1,Normal,1
GAGCGCGCACGAGTAG-1,Normal,1
GAGCGCTGTTAGGTAA-1,Tumor,2
GAGCGGAATGCGGTGT-1,Tumor,3
GAGCTAAGGGCATATC-1,Normal,1
GAGCTCAACATGAGCG-1,Normal,2
GAGCTCTCGGACCTAA-1,Normal,1
GAGCTGTCGTCTCGGA-1,Normal,2
GAGGAATATCTCTTTG-1,Tumor,3
GAGGAATGGAGAGGTT-1,Tumor,2
GAGGAGTAATTCCTAC-1,Tumor,3
GAGGCATTTGCAGCAG-1,Normal,1
GAGGCCCGACTCCGCA-1,Tumor,3
GAGGCTATCAAAGTCG-1,Tumor,3
GAGGGAGTCAGATCGC-1,Tumor,3
GAGGGCATCGCGTATC-1,Normal,1
GAGGGCCATAATATTA-1,Normal,1
GAGGGCCGGCAGAGTC-1,Normal,1
GAGGGCGCAGCTCTGC-1,Normal,1
GAGGGTAGTAACAAAG-1,Tumor,3
GAGGTACATCCATCTT-1,Normal,1
GAGGTACGCGTGTCCC-1,Normal,2
GAGGTCCCAAAGATCT-1,Normal,1
GAGGTCCGTTCGCTGT-1,Tumor,3
GAGGTCTTAGTGGGTC-1,Normal,1
GAGTAAGGCCACGGGA-1,Tumor,2
GAGTACGGGTATACAA-1,Normal,1
GAGTAGATACTAGTTG-1,Normal,2
GAGTATACCCTAATCA-1,Tumor,2
GAGTATGCCCGCCTTG-1,Tumor,3
GAGTATGCGCGTGCAT-1,Blood vessel,2
GAGTCAGACCAGAATC-1,Bronchus,2
GAGTCCGCTTACCGGA-1,Tumor,2
GAGTCGACAGACCCTC-1,Tumor,2
GAGTCTTGTAAAGGAC-1,Tumor,2
GAGTGCACGGACAACA-1,Normal,2
GAGTGTCAACCAGAAA-1,Normal,2
GAGTGTGCGGTACCCA-1,Normal,1
GAGTTCTGTGGGTGCT-1,Tumor,2
GAGTTGATGGCAATTT-1,Tumor,3
GATAAATCGGTGGATG-1,Normal,1
GATAACTCGCACTGTG-1,Normal,1
GATAAGGCAGATGCAA-1,Normal,1
GATACGATGGGAGTCA-1,Tumor,2
GATAGAACCCGCTAGG-1,Tumor,3
GATAGGTAACGTTGAC-1,Tumor,2
GATAGTGCGAGTAAGT-1,Tumor,3
GATATCAAGCAGGAGC-1,Tumor,2
GATATCTCATGCAATA-1,Normal,1
GATATGAGACACTAAC-1,Normal,2
GATATGCGGTAGCCAA-1,Normal,1
GATATGGATTACGCGG-1,Tumor,2
GATATTGAGATTGGCG-1,Normal,2
GATATTTCCTACATGG-1,Normal,1
GATCAACATAAAGGGA-1,Tumor,3
GATCATTCCAAACATT-1,Normal,2
GATCCCTTTATACTGC-1,Normal,1
GATCCGGGAATTAACA-1,Tumor,2
GATCCTAAATCGGGAC-1,Normal,1
GATCCTCGACACTGGC-1,Tumor,3
GATCCTCTTGCGCTTA-1,Normal,1
GATCGACACTATCTGA-1,Normal,1
GATCGCGGGCTCTCCA-1,Tumor,2
GATCGCTACCCGATTT-1,Normal,1
GATCGCTATATCTCAG-1,Tumor,3
GATCGGATAGAACCAT-1,Tumor,3
GATCGGCGATAAGTCG-1,Tumor,2
GATCGGTGGCCATAAC-1,Normal,1
GATCGTGACTGATATC-1,Normal,2
GATCTAACCGTATTCA-1,Tumor,3
GATCTGCTATCTAAGG-1,Bronchus,4
GATCTTCATTGTCCTC-1,Tumor,2
GATCTTGGAGGGCATA-1,Tumor,2
GATCTTTGCAGGGTAT-1,Tumor,3
GATCTTTGCTCAAAGA-1,Normal,1
GATGACAAGTAGGGCA-1,Tumor,3
GATGACGATGATCGCG-1,Normal,1
GATGAGGAACCTTCGG-1,Bronchus,2
GATGCCACACTACAGC-1,Tumor,1
GATGCCAGCAGAAGGC-1,Tumor,3
GATGCCTTCTGCGGCA-1,Tumor,2
GATGCGAATGGTATTA-1,Tumor,2
GATGCGTCCTGCATTC-1,Tumor,2
GATGCTACAAGCGCCT-1,Normal,1
GATGCTACCTTCGATG-1,Tumor,3
GATGCTGTATTTCATC-1,Tumor,2
GATGGCGCACACATTA-1,Normal,1
GATGGTGAAATAACCC-1,Normal,1
GATGGTGCCCTAGGCA-1,Normal,1
GATGTAACGAACCACC-1,Tumor,3
GATGTCCGGATCACAT-1,Normal,1
GATGTCGGTCAACTGC-1,Normal,1
GATGTGTTGTCACAAG-1,Normal,1
GATGTTCAATCCACGA-1,Tumor,3
GATGTTTGTGCGAGAT-1,Normal,1
GATTAACCGAAAGCCC-1,Normal,1
GATTACTGAATTTGGG-1,Tumor,3
GATTAGAAACAAGCGT-1,Tumor,3
GATTCCCTTGTCGCAG-1,Normal,1
GATTCCGCGTTTCCGT-1,Normal,1
GATTCCTATACGGCGC-1,Normal,2
GATTCGACGGTTCACG-1,Tumor,2
GATTCTGTTAATGAGT-1,Tumor,3
GATTGACACTCTGCTC-1,Normal,1
GATTGCTCCAGTTGCA-1,Tumor,2
GATTGGGAAAGGTTGT-1,Bronchus,4
GATTTAGTGCGTACTG-1,Normal,1
GATTTGCGCTAACACC-1,Tumor,3
GCAAACCCTACATTAT-1,Normal,1
GCAAACCTTGGCCATA-1,Normal,2
GCAAAGGGCGTTAGCC-1,Tumor,2
GCAAATATTACGCTTT-1,Tumor,3
GCAAATGAGGACACTT-1,Tumor,3
GCAACACACTAGAACT-1,Tumor,2
GCAACAGCAGTATGCG-1,Normal,1
GCAACCACCAGACCGG-1,Normal,1
GCAACCACGGCCGCGT-1,Tumor,3
GCAACCCAAGTTGTTT-1,Tumor,2
GCAAGAATTCCTTGGC-1,Tumor,3
GCAAGATGTGTTCGCG-1,Normal,1
GCAAGCTGGAAACCGC-1,Tumor,2
GCAAGTGCACAGAGAA-1,Normal,1
GCAAGTGTAAAGCATG-1,Tumor,3
GCACAAACCCTAGATG-1,Tumor,2
GCACAACCTCGGGCGT-1,Tumor,2
GCACAAGTGGATCATA-1,Normal,2
GCACAAGTGTCGGAAG-1,Normal,1
GCACACACTGGTAGCC-1,Normal,1
GCACACAGCTATTACC-1,Normal,2
GCACACGCCCATGGTC-1,Tumor,2
GCACAGCACGGGCCGA-1,Tumor,3
GCACGCCTACTTAGAT-1,Tumor,4
GCACTAGTCGCGCTAT-1,Normal,1
GCACTCCCACAGTCCC-1,Tumor,3
GCACTGCCTACCTTTA-1,Normal,2
GCACTGTGCAAATGTA-1,Normal,1
GCAGAAACGTAATCCA-1,Normal,1
GCAGACCCAGCACGTA-1,Bronchus,4
GCAGATCCATAAGACT-1,Normal,1
GCAGATCCTCGCAAAT-1,Tumor,2
GCAGATTAGGGATATC-1,Tumor,2
GCAGCACACAGCCCAG-1,Tumor,3
GCAGCCTATATCACAT-1,Normal,2
GCAGCGGTGGGCATTA-1,Normal,1
GCAGCTATGGACAGGT-1,Normal,1
GCAGGAACTTAGATCT-1,Tumor,3
GCAGGACTATAGAATA-1,Tumor,3
GCAGGTAGAGTATGGT-1,Normal,1
GCAGTGTGGCTATAGG-1,Normal,1
GCATAAATTGAACGCC-1,Normal,1
GCATACGAGGTCTTTA-1,Normal,2
GCATAGAGCACTCAGG-1,Tumor,2
GCATCCCTAACTTTGA-1,Normal,1
GCATCGGCCGTGTAGG-1,Normal,1
GCATGAGGGACGCGGC-1,Normal,1
GCATGGGTACTGACGC-1,Tumor,3
GCATTCAAGGCAACGC-1,Normal,1
GCATTCGAAATGAACA-1,Tumor,3
GCATTGACTTGCGGAA-1,Tumor,3
GCATTGTAATTCATAT-1,Normal,3
GCATTTCCAAGGCTCC-1,Normal,2
GCCAACCATTTCCGGA-1,Normal,2
GCCAAGAATACTTCTG-1,Tumor,2
GCCAATAGGGCATCTC-1,Normal,1
GCCACAATTTAAGGAC-1,Tumor,3
GCCACTCAGAGCGCGA-1,Normal,1
GCCAGGAAAGAACACT-1,Tumor,3
GCCAGGAGTAACCGAT-1,Normal,1
GCCAGGCGTTCGCATG-1,Normal,1
GCCATATTGCACACAG-1,Normal,1
GCCATCGAGCTGCGTG-1,Tumor,2
GCCATCGATGCTGCAT-1,Normal,2
GCCATTAGCCTCAAAC-1,Tumor,2
GCCCACCAAGGCTGTC-1,Normal,1
GCCCACTGGTCCACAA-1,Normal,1
GCCCAGTTGGTATGCC-1,Normal,1
GCCCATGGGTGCAATG-1,Normal,1
GCCCGACTTCTTCCCG-1,Tumor,3
GCCCGAGAGTCTAAAT-1,Tumor,2
GCCCGATCTGTGGTCG-1,Tumor,2
GCCCGCGCGTAAACGG-1,Tumor,3
GCCCGCGCGTTTGACA-1,Normal,1
GCCCGTAATACCTTCT-1,Normal,1
GCCCGTTCACACAATT-1,Tumor,3
GCCCTAGCCGTCGCGA-1,Tumor,3
GCCCTGAGGATGGGCT-1,Bronchus,2
GCCGAAATTCCTACGT-1,Tumor,3
GCCGACCCACGACTGC-1,Tumor,3
GCCGATTGGCCAAGCT-1,Tumor,2
GCCGCATTAGTCCGGC-1,Normal,2
GCCGCTAGATACGCAG-1,Normal,1
GCCGCTTGTGAGAAAC-1,Tumor,3
GCCGGAAACACATCTT-1,Normal,2
GCCGGGTTAGGGTCGC-1,Tumor,2
GCCGGTCGTATCTCTC-1,Tumor,3
GCCGTCGGTTTCGGGC-1,Tumor,3
GCCTACGTTCTGTGCA-1,Normal,2
GCCTAGCGATCTGACC-1,Normal,1
GCCTATAGTGTCAGGG-1,Normal,1
GCCTATGCTGGGCCTT-1,Normal,1
GCCTATTCCGATATAG-1,Normal,2
GCCTATTTGCTACACA-1,Normal,1
GCCTCATCTGGAAATA-1,Normal,1
GCCTCCGACAATTCAC-1,Normal,2
GCCTCTATACATAGCA-1,Normal,1
GCCTGCTACACTGAGA-1,Normal,1
GCCTGTCCCGGTGCAT-1,Tumor,2
GCCTTCAGCCCTACCG-1,Normal,1
GCCTTGTATATGCAGT-1,Normal,2
GCGAAACGATCGGGAG-1,Normal,1
GCGAAACTTAACTGGA-1,Normal,1
GCGAAGAATCTGACGG-1,Bronchus,4
GCGAAGCCATACCCGT-1,Normal,1
GCGACATGTAAACATC-1,Bronchus,4
GCGACCCAACCATCTG-1,Tumor,3
GCGACGATAGTTGTAC-1,Tumor,2
GCGACGGTAGTCTCCT-1,Normal,2
GCGAGAAACGGGAGTT-1,Normal,2
GCGAGAGGCCATGTAA-1,Normal,4
GCGAGAGTTGCGTCCA-1,Bronchus,4
GCGAGCGCATGCTCCC-1,Normal,2
GCGAGGCCCGAGCAGA-1,Tumor,3
GCGAGTTCTGCAAAGA-1,Tumor,2
GCGATGTCTGTGCTTG-1,Tumor,2
GCGATTCTGGAAGCAG-1,Normal,1
GCGATTGTTAACGTTA-1,Normal,2
GCGCAAATATATTCAA-1,Tumor,3
GCGCAAGAGCGCGCTG-1,Normal,2
GCGCATCCAGTCAGCA-1,Normal,1
GCGCCGTTCCACGATA-1,Tumor,2
GCGCCTCCCACTCCGA-1,Normal,1
GCGCGATGGGTCAAGT-1,Tumor,2
GCGCGGTCTAGTAACT-1,Tumor,3
GCGCGTCATTGGTACA-1,Normal,1
GCGCTAAGTATGCATG-1,Normal,1
GCGCTAATTGAATAGA-1,Normal,1
GCGCTATGCCGAGGCA-1,Tumor,3
GCGCTGATCCAGACTC-1,Normal,1
GCGCTGCTTTGCATTT-1,Normal,1
GCGCTTAAATAATTGG-1,Normal,1
GCGGACCGCGTTGTGG-1,Tumor,3
GCGGAGAAACTTCGCA-1,Tumor,3
GCGGAGAGGGAGAACG-1,Tumor,1
GCGGCAAAGTATTGCC-1,Tumor,3
GCGGCTCTGACGTACC-1,Tumor,3
GCGGCTTTAGCAAGTT-1,Normal,2
GCGGGAACCAGGCCCT-1,Normal,1
GCGGGCATTACGATGC-1,Normal,2
GCGGGCGAGCCTTACC-1,Normal,4
GCGGTCCCGGTGAAGG-1,Normal,1
GCGGTCCCTAGACGCA-1,Normal,1
GCGGTGAACTGCGCTC-1,Normal,1
GCGGTGCGGAGCATCG-1,Tumor,2
GCGGTTCCCTATCATG-1,Tumor,2
GCGTAAATGGCCATAA-1,Bronchus,2
GCGTCCAGCTCGTGGC-1,Normal,1
GCGTCCCTAAGACATA-1,Tumor,3
GCGTCGAAATGTCGGT-1,Normal,1
GCGTCGCCAGGGTGAT-1,Normal,2
GCGTCTCTGCATTGGG-1,Tumor,3
GCGTGGTACTGGGTTA-1,Normal,1
GCGTGTATGTCGTATT-1,Normal,1
GCGTTATATTTGGAAC-1,Tumor,2
GCGTTCGGAGACCGGG-1,Normal,1
GCTAAACCTGAGGTGA-1,Tumor,3
GCTAACTGAAGTCTGA-1,Normal,1
GCTAAGTAAAGGCGAT-1,Tumor,3
GCTAAGTAGTTTCTCT-1,Normal,1
GCTAATACCGAATGCC-1,Normal,1
GCTACAGTACGGACCG-1,Tumor,3
GCTACGACTTATTGGG-1,Tumor,2
GCTACTATAGTAGAGT-1,Normal,1
GCTAGACCGTCTACTG-1,Normal,2
GCTAGAGTAGAGATGT-1,Normal,1
GCTAGCAGGGAGTGGG-1,Normal,1
GCTAGCGATAGGTCTT-1,Tumor,2
GCTAGCTTGAATAGCT-1,Tumor,2
GCTAGGCACCACGGAG-1,Normal,1
GCTAGTAGAGCTTGTA-1,Tumor,2
GCTAGTTTCATTGAGG-1,Normal,1
GCTATACGTCTCGGAC-1,Normal,1
GCTATCATACTCATGG-1,Normal,1
GCTATCGCGGCGCAAC-1,Tumor,2
GCTATGCCAGCTTATG-1,Tumor,2
GCTCAACCTCTTAGAG-1,Normal,2
GCTCAATCCGTTTATT-1,Tumor,3
GCTCAATGTAATACCG-1,Bronchus,4
GCTCATTACTGCATGT-1,Normal,1
GCTCATTGATCATATC-1,Tumor,3
GCTCCATGCAAAGCAA-1,Tumor,3
GCTCCCAGTCGGTCCA-1,Normal,2
GCTCCGGACGTTGATA-1,Normal,1
GCTCCTGACATACTGG-1,Tumor,3
GCTCGCGGTTCCGCTC-1,Tumor,2
GCTCGCTCATGTCCAA-1,Normal,2
GCTCGGAATTTAAAGC-1,Normal,1
GCTCTAAACCCTGACG-1,Normal,1
GCTCTATGTTACGTGC-1,Normal,2
GCTCTCGGGTACCGAA-1,Normal,1
GCTCTTTCCGCTAGTG-1,Tumor,3
GCTGAATCTTCCAATC-1,Tumor,3
GCTGAGCAACGGTTCT-1,Tumor,2
GCTGAGGCGTGAGTAT-1,Tumor,2
GCTGCACGGTTTCTTA-1,Tumor,2
GCTGCGAAGAATTATT-1,Tumor,3
GCTGCGCCTCCCACGT-1,Tumor,2
GCTGCTAAGTAGTCGA-1,Normal,2
GCTGCTACTGCGTAGC-1,Normal,1
GCTGCTCTCCGGACAC-1,Normal,1
GCTGGACCCAAAGTGG-1,Normal,1
GCTGGCAGGTGCCGTG-1,Tumor,2
GCTGGCATATTCACCT-1,Tumor,2
GCTGGCGGCGCATGCT-1,Normal,2
GCTGGGAGCGCGTCAA-1,Tumor,2
GCTGGTGACTCGTAGT-1,Normal,1
GCTGGTTTAGGCCATA-1,Tumor,2
GCTGTATTACTGGCCC-1,Tumor,3
GCTGTCTGTGATCGAC-1,Normal,1
GCTGTTGCTACCGAAC-1,Normal,2
GCTTAATGTAACTAAC-1,Normal,1
GCTTACGTAGTTAGTA-1,Normal,2
GCTTAGGGAAGCGGTA-1,Normal,1
GCTTATGAAGCAGGAA-1,Normal,1
GCTTCAGTGGGATTAC-1,Normal,1
GCTTCCGTCCCTAGAC-1,Normal,1
GCTTGATGATAATCAG-1,Normal,1
GCTTGCAGCACAATTG-1,Normal,2
GCTTGGATCGATTAGG-1,Normal,1
GCTTTCAGAGGAGGTG-1,Normal,1
GCTTTCTATCTCAACT-1,Normal,1
GGAAACCTTGTTGAAT-1,Normal,2
GGAAACTAAATGGGCC-1,Normal,2
GGAAAGTCTTGATTGT-1,Tumor,3
GGAAAGTGCCCATGCC-1,Normal,1
GGAACCCGAACAAGAA-1,Tumor,2
GGAACCGTGTAAATTG-1,Tumor,2
GGAACCTTGACTCTGC-1,Tumor,3
GGAACGGCCTGCAGCC-1,Tumor,2
GGAACTCGTGAATACG-1,Tumor,3
GGAACTTTGGCGATTA-1,Normal,1
GGAAGATAAGACTGTA-1,Normal,1
GGAAGCTCGCTTACAG-1,Normal,1
GGAATAACCTCAAGAA-1,Normal,1
GGAATGCGCTAGCGTG-1,Normal,1
GGACAAGTTGCAGTGA-1,Tumor,2
GGACACAAGTTTACAC-1,Normal,1
GGACACCTCGGTGTTG-1,Tumor,3
GGACCAACAGGATAAC-1,Tumor,2
GGACCTACGGTAACGT-1,Normal,1
GGACCTCTAGGCCGCC-1,Tumor,3
GGACGGCTTGCGCAAC-1,Normal,1
GGACGTCCATAGTTGG-1,Normal,1
GGACTAAGTCAGGAGT-1,Tumor,2
GGACTCGACAGCGCAT-1,Tumor,3
GGACTCGTGAGTGGTC-1,Tumor,2
GGAGAAGTCATTGGCA-1,Normal,1
GGAGACCAATGTGCTT-1,Normal,2
GGAGACCATCTACATA-1,Tumor,3
GGAGACGACACCTTTG-1,Tumor,2
GGAGCAACATTTCAAG-1,Normal,1
GGAGCACCAAGAACTA-1,Normal,1
GGAGCGAGGCCTACTT-1,Normal,2
GGAGGATTGAAAGGAG-1,Normal,1
GGAGGCGAAGAACCGC-1,Normal,1
GGAGGGCTTGGTTGGC-1,Normal,1
GGAGTGCCGCCCTGGA-1,Normal,1
GGATACTCATGAATTG-1,Normal,1
GGATCAAAGGACGAGG-1,Normal,1
GGATCAGAGCCATCAG-1,Tumor,2
GGATCATCCCGTACGC-1,Normal,1
GGATCCGGAATATACT-1,Normal,1
GGATCTTACTGCCCTT-1,Tumor,3
GGATCTTGACTCAACC-1,Tumor,3
GGATGAAGATCGCTGA-1,Normal,1
GGATGACGCGAGTTTA-1,Tumor,3
GGATGCTGGCGTTCCT-1,Normal,2
GGATGTCCTTACCGCA-1,Normal,1
GGATTAAGCTAAGGTC-1,Normal,1
GGATTAATCATGGACC-1,Normal,2
GGATTCAGTACGGTGG-1,Normal,1
GGATTCCGCTATACCC-1,Normal,1
GGATTGCTGTGACTCC-1,Normal,2
GGATTTCACTTCTATA-1,Normal,1
GGCAAAGGCGCCAATA-1,Tumor,3
GGCAAATTACTTTACT-1,Tumor,2
GGCAAGCCAGGGATAG-1,Normal,1
GGCAAGCCCATAGTGG-1,Tumor,3
GGCAAGGCGAAATAGC-1,Tumor,2
GGCAATAGTCAATGAG-1,Normal,1
GGCACTCCACTGGGCA-1,Tumor,2
GGCAGAGAGATCGGGA-1,Tumor,2
GGCAGCAAACCTATGC-1,Normal,1
GGCAGCGGTAATCCTA-1,Normal,1
GGCATACAGGTAGCGG-1,Tumor,3
GGCATATCGGTTCTGC-1,Normal,1
GGCATCAACGAGCACG-1,Tumor,2
GGCATTGAACATCTCA-1,Tumor,3
GGCCACAAGCGATGGC-1,Tumor,2
GGCCACACGAAAGCCT-1,Tumor,2
GGCCCAATCTAGAGGG-1,Normal,1
GGCCCAGCTGGTTTGC-1,Bronchus,2
GGCCCAGTTATCAGCA-1,Normal,1
GGCCCGGAGCATGTCT-1,Normal,2
GGCCCGTATACCATGC-1,Normal,1
GGCCCTCACCCACTTA-1,Tumor,2
GGCCGAGACTCTGGTG-1,Tumor,3
GGCCGGCGTCTGCTAT-1,Bronchus,2
GGCCGTTTGGGTTTCA-1,Bronchus,3
GGCCTGCTCTGATGTT-1,Normal,2
GGCCTTTGCAACTGGC-1,Tumor,2
GGCGAAATCTAACTTG-1,Normal,1
GGCGAACCGTTCTGAT-1,Normal,2
GGCGAGCGAAACGGCA-1,Tumor,3
GGCGCAGGACATCTTC-1,Tumor,3
GGCGCATGAATTGATG-1,Tumor,3
GGCGCGGAGATCTTTC-1,Normal,1
GGCGCGTTCGAGTTTA-1,Tumor,2
GGCGCTCCTCATCAAT-1,Normal,2
GGCGCTTCATTCCCTG-1,Normal,2
GGCGGAGTAATATTAG-1,Tumor,2
GGCGGTAGGATCATTG-1,Normal,1
GGCGGTTTGCCGGTGC-1,Normal,2
GGCGTACCCTATATAA-1,Tumor,3
GGCGTAGGGAAAGCTG-1,Bronchus,2
GGCGTCCTATCCGCTG-1,Tumor,2
GGCTAAAGGGCGGGTC-1,Normal,1
GGCTAATGATTGAAAT-1,Normal,1
GGCTACTATACACTCC-1,Tumor,3
GGCTATTAAGTTGTAT-1,Tumor,3
GGCTCCTCCACCTGTT-1,Tumor,3
GGCTCGCGTTGAGGTA-1,Normal,1
GGCTCGTGCCACCAGC-1,Normal,1
GGCTCTGCTCCAACGC-1,Normal,1
GGCTGAAATAGCAAAG-1,Normal,1
GGCTGAGCATCGTAAG-1,Normal,1
GGCTGGCTAGCTTAAA-1,Normal,1
GGCTGTCCTACTGCGG-1,Tumor,3
GGCTTGGCTCTCACCT-1,Tumor,3
GGCTTTCAATAAGGGT-1,Bronchus,2
GGGAACCACCTGTTTC-1,Normal,1
GGGAACGGGAGGTTAG-1,Tumor,3
GGGAACGGTTTCAGAT-1,Tumor,3
GGGAAGACGGTCTGTC-1,Bronchus,2
GGGAAGGGCTTTCTCA-1,Normal,2
GGGAATGAGCCCTCAC-1,Normal,2
GGGAATTCTGTCCAGT-1,Tumor,2
GGGACAGAGTTACTCC-1,Tumor,3
GGGACCCGTATATCTT-1,Bronchus,2
GGGACTGCATAGATAG-1,Normal,2
GGGAGAACTCACAGTA-1,Normal,1
GGGAGCGACCGTAGTG-1,Bronchus,4
GGGAGGATGCCCGAAA-1,Tumor,3
GGGAGTAATGGCTGGC-1,Normal,1
GGGAGTTAATGAGGCG-1,Normal,1
GGGATACGGTAATAAT-1,Tumor,2
GGGATCCCAATACAAA-1,Normal,2
GGGATGGTCGTAACCG-1,Tumor,3
GGGATTTACCGCACCT-1,Normal,1
GGGCAACCGCACGTGC-1,Tumor,2
GGGCACGAATTGGCCG-1,Tumor,2
GGGCACGTAGTACTGT-1,Tumor,3
GGGCAGACGTCACTGC-1,Tumor,2
GGGCAGAGCAATCGTT-1,Bronchus,2
GGGCAGTCAACGCCAA-1,Normal,2
GGGCATGCATGTCGAG-1,Tumor,3
GGGCCCGTCTTAAACA-1,Tumor,3
GGGCCCTACGAAAGGG-1,Normal,2
GGGCCCTTATCTATAC-1,Tumor,2
GGGCCGGCCGAAGTAC-1,Normal,1
GGGCCTAAATGGGCTA-1,Tumor,2
GGGCCTATACAACCGG-1,Normal,1
GGGCCTATTTAAGTAT-1,Normal,1
GGGCGAATTTCTCCAC-1,Normal,2
GGGCGATATGTGTGAA-1,Normal,1
GGGCGCAGCGTTACTC-1,Normal,2
GGGCGGCAAATGAATT-1,Tumor,3
GGGCGGGTTCCCTACG-1,Tumor,3
GGGCGGTCCTATTGTC-1,Normal,1
GGGCGTACATTTATAT-1,Normal,1
GGGCGTCACCACGTAA-1,Tumor,2
GGGCGTCCACTGGCTC-1,Normal,1
GGGCGTGGTTTCCCAG-1,Normal,2
GGGCGTTTACATTCAT-1,Tumor,3
GGGCTACTATTTCGTG-1,Tumor,3
GGGCTATGATCGATGG-1,Bronchus,4
GGGCTCATCGAACCCA-1,Normal,1
GGGCTGCCTAGGGCGA-1,Normal,1
GGGCTGGTTAGTCGCG-1,Normal,2
GGGTACCCACGGTCCT-1,Normal,1
GGGTACTTCATGAACT-1,Tumor,3
GGGTATGTATGCACTT-1,Tumor,2
GGGTATTCTAGCAAAC-1,Tumor,2
GGGTCACCGTGACGGT-1,Tumor,3
GGGTCACGTGCTTATG-1,Normal,1
GGGTCACTGAGTAGTG-1,Normal,1
GGGTCAGGAGCTAGAT-1,Tumor,3
GGGTCATGCGTACCAT-1,Tumor,2
GGGTCGTGGCAAGTGT-1,Normal,2
GGGTGACACCTTAACT-1,Tumor,2
GGGTGCATATGAAAGC-1,Normal,2
GGGTGGTCCAGCCTGT-1,Normal,1
GGGTGTTTCAGCTATG-1,Normal,1
GGGTTAACATTTGAGT-1,Normal,2
GGGTTCAGACGAACAA-1,Tumor,3
GGGTTTAGGATAGGAT-1,Normal,2
GGTAAATGTGCGTTAC-1,Normal,1
GGTAACCGGGAGGATA-1,Tumor,3
GGTAACTATGTATCTG-1,Normal,1
GGTACAAACATGCTAT-1,Tumor,2
GGTACACCAGATTTAT-1,Normal,1
GGTACATCTGGGACGA-1,Normal,2
GGTACCATTAAGACGG-1,Normal,2
GGTAGAAGACCGCCTG-1,Normal,1
GGTAGACCGTTGGGCG-1,Tumor,2
GGTAGGCCAATATCAC-1,Tumor,3
GGTAGTGCTCGCACCA-1,Normal,1
GGTATAGTGACACATA-1,Normal,2
GGTATGAAAGAACTGA-1,Tumor,2
GGTATTGCCGAGTTTA-1,Tumor,2
GGTCAAGACTACTTCG-1,Normal,1
GGTCACGTTAGATTCA-1,Normal,1
GGTCAGTGGGTCCCAC-1,Tumor,2
GGTCATTGTAGTCATA-1,Normal,1
GGTCCCATAACATAGA-1,Normal,1
GGTCCTTCATACGACT-1,Normal,2
GGTCGGATAAACGGCG-1,Normal,1
GGTCGGCCAGGAGCTT-1,Normal,1
GGTCGGTAATTAGACA-1,Normal,1
GGTCGGTCGTCCACAG-1,Bronchus,4
GGTCGTAAGCTCGCAC-1,Tumor,3
GGTCTCTGAATGGACT-1,Tumor,3
GGTCTGAGAATCTGGA-1,Normal,1
GGTCTTGAGCGCTCTT-1,Normal,2
GGTGAAACCGGGAATG-1,Tumor,2
GGTGAACGGGCTAGCC-1,Normal,1
GGTGAAGTACAGGGAT-1,Tumor,3
GGTGAGATGCAGATAA-1,Normal,1
GGTGATAAGGAGCAGT-1,Normal,1
GGTGATGAAGGAAGTG-1,Tumor,2
GGTGATTTCATCTTGT-1,Normal,1
GGTGCAGAGCCTATCG-1,Normal,1
GGTGCATAAATGATTA-1,Tumor,3
GGTGCGGATAAGTGGC-1,Normal,1
GGTGCTGATCACAAAG-1,Normal,2
GGTGCTGGTACACATT-1,Tumor,3
GGTGGACCACGTGTTA-1,Normal,1
GGTGGACTGCTCTGGC-1,Normal,1
GGTGGGATTAGGTCCC-1,Tumor,3
GGTGTAAATCGATTGT-1,Normal,3
GGTGTAGGTAAGTAAA-1,Tumor,3
GGTGTTCTGTTTCTAC-1,Normal,1
GGTTACCACCCTCGGG-1,Tumor,3
GGTTACCGCTCCCTAC-1,Tumor,3
GGTTAGCTATATGTCT-1,Normal,1
GGTTAGGCTTGGAGAA-1,Tumor,2
GGTTAGTTACGGCGCC-1,Normal,2
GGTTCCACCCGCTTCT-1,Normal,1
GGTTCCCTAGTGTCTC-1,Normal,1
GGTTCCGTACGACTAA-1,Tumor,3
GGTTCGATGCTGAGTT-1,Normal,1
GGTTCGGATTATACTA-1,Normal,2
GGTTCTACTCGTCTGA-1,Bronchus,4
GGTTGTATCGTGAAAT-1,Tumor,3
GGTTGTGCTCTTGTCC-1,Tumor,2
GGTTGTGTAGCCTGGC-1,Tumor,2
GGTTTAATTACCATCG-1,Tumor,3
GGTTTAATTGAGCAGG-1,Normal,2
GGTTTACAATCTCAAT-1,Normal,1
GGTTTAGCCTTTCTTG-1,Normal,1
GGTTTCAATCGGTCAG-1,Normal,1
GGTTTGACAAGAAGCT-1,Normal,1
GGTTTGAGTGCTGGAA-1,Normal,1
GGTTTGCGAACACGTA-1,Normal,1
GGTTTGTGACCTGAGG-1,Normal,2
GTAACAACTGACCTTG-1,Normal,1
GTAACAGGTTAACGGC-1,Tumor,3
GTAACATCAGCTCATC-1,Normal,1
GTAACATCTAAGATAA-1,Normal,1
GTAACTGCCCAAGGAG-1,Tumor,3
GTAACTTGCGGCAGTC-1,Normal,1
GTAAGCGGGCAGTCAG-1,Normal,1
GTAAGGATTTGTCGGA-1,Normal,1
GTAAGTAACAGTCTGG-1,Normal,1
GTAAGTAGGGTATACC-1,Tumor,2
GTAATAAAGGGCTCCC-1,Bronchus,2
GTAATCTGATTCTTCG-1,Tumor,3
GTACACTTACCTGAAG-1,Tumor,2
GTACAGAGGCAAGGGT-1,Normal,1
GTACGACGGCGCTGCG-1,Normal,1
GTACGAGATTGCGACA-1,Normal,1
GTACGCTTCATTGCAC-1,Tumor,2
GTACGTCACGTATTAA-1,Normal,1
GTACGTTTGCCCGTCA-1,Tumor,2
GTACTAAGATTTGGAG-1,Normal,1
GTACTCCCTTATCGCT-1,Tumor,3
GTACTCCTGGGTATGC-1,Normal,1
GTACTGAGGTCGTAAC-1,Normal,1
GTACTGCATGAAGCGT-1,Normal,1
GTACTGGAGTTAGACC-1,Normal,1
GTACTTGGGCACTTCT-1,Normal,1
GTAGAAACGGGTGGAG-1,Tumor,3
GTAGACAACCGATGAA-1,Normal,1
GTAGACACGCCTGACT-1,Normal,2
GTAGACGTCGTTACAT-1,Normal,1
GTAGAGGGAGACAAGT-1,Tumor,3
GTAGCCAAACATGGGA-1,Tumor,2
GTAGCGCTGTTGTAGT-1,Tumor,2
GTAGCGGCTATACACT-1,Tumor,2
GTAGCTAGTAAGCGCG-1,Normal,1
GTAGCTCCGGGAGGCT-1,Tumor,3
GTAGCTTCCTCTTGTT-1,Normal,1
GTAGGTGATCCGTGTA-1,Normal,1
GTAGTCGCGGGAATCA-1,Normal,1
GTAGTCTACGATATTG-1,Normal,2
GTAGTTCGAAGGCGAA-1,Tumor,3
GTATAATCTCCCGGAT-1,Normal,2
GTATAGGACTCAGTAG-1,Normal,1
GTATAGTGGCCCATGT-1,Normal,1
GTATCAAACGTTAGCT-1,Normal,1
GTATCAAGGTACTTCC-1,Normal,2
GTATCAGCTTGGGTTC-1,Normal,1
GTATCCTTTGGTAACC-1,Normal,2
GTATCTCAGTCTTGAC-1,Tumor,3
GTATCTCCCTAACTGT-1,Normal,3
GTATCTTGTTGCTCAC-1,Normal,3
GTATCTTTCATAACCA-1,Tumor,2
GTATGAAATTTCACTC-1,Tumor,3
GTATGACGTGGGAAAC-1,Normal,1
GTATGTGGGTCTAGTT-1,Normal,2
GTATTAAGGCGTCTAA-1,Tumor,2
GTATTAGGGTTCGCGT-1,Normal,1
GTATTCTGAGAAACGA-1,Tumor,3
GTCAAAGAAGTGGTGT-1,Tumor,3
GTCAAAGTTTACATAG-1,Normal,1
GTCAAGCGGACTCGGG-1,Tumor,2
GTCAATGCTATAATTT-1,Normal,2
GTCAATTGTACTGAAG-1,Tumor,2
GTCACAAAGTTTCCAA-1,Normal,1
GTCACCTGTCTATGTC-1,Normal,1
GTCACTCTCCAAATCT-1,Normal,2
GTCAGAATAGTCTATG-1,Tumor,2
GTCAGTTGTGCTCGTT-1,Normal,1
GTCAGTTTGGTAGTCG-1,Tumor,2
GTCATGCACCTCCGTT-1,Normal,1
GTCATGGACATGACTA-1,Normal,1
GTCATTAGAGCGAACG-1,Tumor,2
GTCATTGCATTGACCC-1,Normal,2
GTCCAATATTTAGCCT-1,Tumor,3
GTCCAGGCACGTGTGC-1,Tumor,3
GTCCATTACTGCTACG-1,Normal,2
GTCCCAACGTAAAGTA-1,Normal,1
GTCCCAATCATCCCGC-1,Tumor,3
GTCCCGCGACGTTATG-1,Blood vessel,1
GTCCGAGAGCAATCAT-1,Tumor,2
GTCCGGACCTGAAATT-1,Normal,1
GTCCGGCTGAATTGCG-1,Normal,1
GTCCGGGTTCACATTA-1,Normal,2
GTCCTACAGGCGGCTC-1,Normal,2
GTCCTACGAATAGTCT-1,Normal,1
GTCCTACTCTACGGGC-1,Tumor,2
GTCCTATTGTTGTGGT-1,Tumor,2
GTCCTTCTACAACCCA-1,Tumor,2
GTCCTTCTAGTGGGTT-1,Normal,1
GTCCTTTAATGACTTC-1,Normal,1
GTCGCCGTTGTGTGTT-1,Tumor,3
GTCGCGTAACCCGTTG-1,Tumor,2
GTCGGAAGGATACCAG-1,Normal,1
GTCGGATATCTCAGAC-1,Tumor,3
GTCGGATGTAGCGCGC-1,Normal,1
GTCGGGAACATGGTAG-1,Tumor,3
GTCGGGAAGCAGAAAC-1,Normal,2
GTCGTACCATCTCGGG-1,Tumor,2
GTCGTACCTACGATTG-1,Normal,2
GTCGTATTGGCGTACA-1,Normal,1
GTCGTCAATTATAAGG-1,Normal,1
GTCGTCTGGTTGGCTA-1,Normal,2
GTCGTGTCTGGTCATC-1,Normal,2
GTCGTTATTCGCTTAT-1,Tumor,1
GTCTAAGATGCCCAGC-1,Normal,1
GTCTACTCAATTACAA-1,Normal,2
GTCTATACACGCATGG-1,Tumor,3
GTCTATCTGAGTTTCT-1,Tumor,3
GTCTATTGGTTCCGGT-1,Normal,1
GTCTCAAGGCCCGGCT-1,Blood vessel,2
GTCTCCGCCTCAATAC-1,Tumor,3
GTCTCCTGCCAGTATG-1,Tumor,2
GTCTCGACTAAGTTTG-1,Normal,2
GTCTCGATCTGCTTTC-1,Normal,1
GTCTCGCCAACACGCC-1,Normal,1
GTCTGGGCGGTCGAGA-1,Tumor,2
GTCTGTAGGTTGAACA-1,Tumor,3
GTCTTAGTACAGCCGG-1,Normal,1
GTCTTCCTCACCTAAG-1,Tumor,2
GTGAAACGGCGCCACC-1,Normal,1
GTGAAACGTGCTCCAC-1,Normal,1
GTGAACTCCCATTCGA-1,Bronchus,2
GTGAAGATTTCAAGTG-1,Normal,1
GTGAAGCCGTATAGTC-1,Normal,2
GTGAAGTCACGACTCG-1,Tumor,3
GTGACAGCTTCCCACT-1,Normal,2
GTGACCGCACACTACG-1,Normal,2
GTGACGAGGGTGACCC-1,Normal,2
GTGACGCAGGTTTCAT-1,Bronchus,2
GTGACTTCAGTAGTGC-1,Tumor,3
GTGAGATAACCTTATA-1,Tumor,3
GTGAGCGTGCTGCACT-1,Tumor,2
GTGAGGACACTTAAGG-1,Tumor,2
GTGAGGAGCGGTTGAG-1,Normal,1
GTGAGTCTAAGACGGA-1,Tumor,2
GTGAGTGGTACAACGC-1,Tumor,2
GTGATCAAGCGTGCAC-1,Tumor,3
GTGATCACTAACGCCT-1,Normal,1
GTGATCATAGATCTGC-1,Tumor,2
GTGATCCTTGTCATGA-1,Normal,2
GTGATGCACAACATCT-1,Normal,1
GTGATTCGCCGCTCAA-1,Tumor,3
GTGCAACAAATGTGGC-1,Normal,1
GTGCACCAGCTTCAAC-1,Tumor,3
GTGCACGAAAGTGACT-1,Normal,1
GTGCCATCACACGGTG-1,Tumor,3
GTGCCCGTTCGGATTC-1,Normal,1
GTGCCGCTTCAAAGGT-1,Tumor,3
GTGCCTAGCTATGCTT-1,Normal,2
GTGCCTCAGTGTACGG-1,Normal,1
GTGCGAAATCGAACAC-1,Tumor,3
GTGCGACAGGGAGTGT-1,Normal,1
GTGCGCAGCTTGCTCC-1,Normal,1
GTGCGCTTACAAATGA-1,Tumor,3
GTGCGGGACCATCGGC-1,Normal,1
GTGCGGGTCTCCAAAT-1,Normal,1
GTGCGTGTATATGAGC-1,Normal,1
GTGCTATCCAGCTGGA-1,Normal,3
GTGCTCAAGTACTGTC-1,Tumor,2
GTGCTGCAGATAAGGA-1,Tumor,2
GTGGAACCTACATGCG-1,Normal,1
GTGGACCAACCCGATT-1,Tumor,3
GTGGACGCATTTGTCC-1,Normal,2
GTGGACGTGCTGAGAC-1,Normal,1
GTGGAGCGTTTACCGA-1,Tumor,3
GTGGAGTCGGCGGTTG-1,Tumor,4
GTGGCAAACAGCGGCA-1,Tumor,3
GTGGCCTAATATCATT-1,Tumor,2
GTGGCGGGCCGTAGCT-1,Normal,2
GTGGCGGTCCCAGCGT-1,Normal,3
GTGGCGTGCACCAGAG-1,Normal,1
GTGGGAACAAACCGGG-1,Tumor,3
GTGGGAAGACTGAATC-1,Tumor,2
GTGGGCTTAGACACAC-1,Tumor,2
GTGGGTACTGAGCGTA-1,Tumor,2
GTGGTATAGTCTGCCG-1,Tumor,3
GTGGTCAGCGAAGTAT-1,Normal,1
GTGGTGGCCAAGTGAA-1,Tumor,1
GTGGTTACTTCTTTCG-1,Bronchus,4
GTGGTTTCCGCCTTTC-1,Tumor,3
GTGTACCTTGGCTACG-1,Normal,1
GTGTATATCAGCGGGC-1,Blood vessel,2
GTGTATGACTTTAAAG-1,Normal,1
GTGTCAGTGTACGTGG-1,Tumor,3
GTGTCCGATAAGGCAT-1,Normal,1
GTGTCGTATAGCGTTC-1,Normal,1
GTGTCGTATTCACCTT-1,Normal,1
GTGTGAATAACTTAGG-1,Normal,1
GTGTGAGCCGAGGTGC-1,Normal,2
GTGTGTCGACGTCGCT-1,Normal,2
GTGTTACTATGCGTCC-1,Tumor,2
GTTAAAGTAGGACTGG-1,Normal,1
GTTAACATCACTTAAA-1,Normal,1
GTTAAGGGTGCGATGT-1,Blood vessel,2
GTTAAGTTAGAGTGGG-1,Normal,2
GTTAATGTCTATCTTA-1,Tumor,2
GTTACAATTGGTGACG-1,Tumor,3
GTTACCTACAACTTGC-1,Tumor,2
GTTACGAAATCCACGC-1,Normal,1
GTTACGGCCCGACTGC-1,Normal,1
GTTACTTTGGGCCTAG-1,Tumor,3
GTTAGAGTGTGCCGCT-1,Normal,1
GTTAGCCCATGACATC-1,Bronchus,4
GTTAGCCGTAAATCAA-1,Normal,2
GTTAGGCTACCCGTTT-1,Tumor,3
GTTATAATACGGTGAA-1,Normal,1
GTTATATCAGGAGCCA-1,Normal,2
GTTATATTATCTCCCT-1,Tumor,2
GTTATCACCTTCTGAA-1,Normal,1
GTTATTAAATACGACC-1,Normal,1
GTTATTAACGTGGGAG-1,Tumor,3
GTTCAAATCAGATGTC-1,Tumor,2
GTTCAATCTATGTCAA-1,Normal,1
GTTCACAGGAGTCTAG-1,Tumor,3
GTTCAGTCGCCAAATG-1,Tumor,3
GTTCATCGTTTGGCTG-1,Bronchus,4
GTTCCAGTCTGACCAT-1,Normal,1
GTTCCGTCCGCCTGCA-1,Tumor,3
GTTCGACAATTGTATA-1,Tumor,2
GTTCGCCATAAGTGCC-1,Tumor,2
GTTCGCTGAGACGTCT-1,Normal,1
GTTCGGATCGGGAACA-1,Normal,1
GTTCGGGCGTACCATT-1,Bronchus,4
GTTCGTCTAAAGAACT-1,Normal,1
GTTCGTCTGGGTCCCT-1,Normal,2
GTTCGTTGCGGACCAG-1,Normal,1
GTTCTTCCCTCGATGT-1,Normal,1
GTTCTTGTAACTCAAT-1,Tumor,3
GTTGAACCGGTTCCAT-1,Tumor,3
GTTGAGTCCCGCCGGT-1,Normal,1
GTTGCACGGAGTTTCG-1,Normal,1
GTTGGACCGCATCAGG-1,Normal,2
GTTGGATTCAGTGGCT-1,Normal,1
GTTGGATTGAGAACAC-1,Normal,1
GTTGGATTTGCGTTGG-1,Tumor,3
GTTGGTCATGCTATCC-1,Normal,2
GTTGTAGATTTATGAG-1,Tumor,3
GTTGTCGTGTTAGTTG-1,Normal,1
GTTGTTACATTGCGCT-1,Normal,1
GTTTACGTTCCATCTG-1,Tumor,2
GTTTATGGGATTTAGA-1,Tumor,2
GTTTCAAACGAGTTGT-1,Normal,2
GTTTCATATCGTCGCT-1,Tumor,2
GTTTCCTGGAGGGTGA-1,Normal,1
GTTTCTGCAGTCTCCC-1,Tumor,2
GTTTGACCAAATCCTA-1,Normal,1
GTTTGAGCGGTTATGT-1,Tumor,2
GTTTGGCCCAAGTTAT-1,Tumor,1
GTTTGGCCGCTCAGCG-1,Normal,1
GTTTGGCGTCAGGCAC-1,Normal,1
GTTTGGGCTTGTGAGC-1,Tumor,2
GTTTGGGTTTCGCCCG-1,Normal,2
GTTTGGTAGGGTCAAC-1,Tumor,2
GTTTGGTGATCGGTGC-1,Tumor,3
GTTTGTTAGCCAAGTA-1,Tumor,2
TAAACCCAGGAGGGCA-1,Tumor,4
TAAACGTCGTCAATGA-1,Normal,2
TAAAGAGCCCGAAACC-1,Normal,1
TAAAGCGGTATTTCCA-1,Bronchus,3
TAAAGCGTTAGGAGAA-1,Normal,1
TAAAGCTGCAATAGGG-1,Normal,1
TAAAGGAGAAACTAGT-1,Normal,1
TAAAGTGCACGTCTCG-1,Tumor,3
TAAATCTTTACACCTC-1,Normal,2
TAAATGAATCCGTTTC-1,Normal,2
TAAATGCCGTCTCATG-1,Normal,1
TAAATTTAGTAACACC-1,Tumor,3
TAACAAAGGGAGAAGC-1,Normal,1
TAACAATATTTGTTGC-1,Tumor,2
TAACAGCGTTTGTGCT-1,Tumor,2
TAACAGGTTCCCTTAG-1,Tumor,3
TAACATACAATGTGGG-1,Tumor,2
TAACATACACGCGATC-1,Tumor,3
TAACCGCCCGCAGTGC-1,Normal,1
TAACCTACCGTCCGAG-1,Bronchus,2
TAACCTAGGGAGTCCA-1,Normal,1
TAACGCTTTGAGAGCG-1,Normal,2
TAACTATCGAAGGTCC-1,Normal,2
TAACTATTACGCCAAA-1,Normal,2
TAACTCATCCGCGCGG-1,Tumor,3
TAACTCCATGGAGGCT-1,Normal,1
TAAGAGGGACAGGGAC-1,Tumor,3
TAAGATTTAGCGGGAG-1,Normal,1
TAAGCAGGCGACACGC-1,Normal,2
TAAGCCCTTACGACCA-1,Normal,1
TAAGCGCGAATCAAAT-1,Tumor,3
TAAGGAACTTGTGGGA-1,Normal,1
TAAGGCAACATAAGAT-1,Normal,1
TAAGGCATAACATCAA-1,Bronchus,4
TAAGGCCCGTCACCCT-1,Blood vessel,2
TAAGGCTGAATCCCTC-1,Normal,1
TAAGGGCCTGTCCGAT-1,Normal,1
TAAGGGCTGGGAGAGG-1,Normal,2
TAAGTAAATGTGCCGC-1,Normal,1
TAAGTAACATCTTGAC-1,Tumor,3
TAAGTCGCCGAGTATC-1,Tumor,3
TAAGTTGCGACGTAGG-1,Normal,1
TAATAAACAAGGAGAT-1,Normal,1
TAATACACAGTAGTAT-1,Normal,1
TAATACTAGAACAGAC-1,Bronchus,2
TAATAGAACAGAGTTA-1,Tumor,3
TAATAGCTAAATGATG-1,Normal,2
TAATAGGTCACCAGAA-1,Tumor,2
TAATAGTGACGACCAG-1,Normal,1
TAATATTGAAATTCGC-1,Normal,1
TAATCGATCCGTACGT-1,Normal,1
TAATGAAAGACCCTTG-1,Tumor,2
TAATTAGATGGATATG-1,Normal,1
TAATTAGGACATCCGT-1,Normal,2
TAATTGGAATCGGGAA-1,Normal,1
TACAAATTGCGGAGGT-1,Normal,1
TACAACGCACAACTCA-1,Tumor,3
TACAAGCTGTTCACTG-1,Normal,3
TACAAGTCTCGTGCAT-1,Tumor,2
TACAATGAAACCAGCA-1,Tumor,2
TACACAGCCGTGGTGC-1,Normal,2
TACACCGTCGTTAGTC-1,Normal,2
TACAGAAACGGTGGGC-1,Normal,1
TACATAGGCATACACC-1,Tumor,2
TACATCCCTATCCCTG-1,Tumor,2
TACATCTTGTTTCTTG-1,Tumor,2
TACATGACCTTATCCG-1,Tumor,2
TACATTTCTAACGTGC-1,Tumor,2
TACCAAATAGCCCAGA-1,Bronchus,2
TACCAATAAAGTACCA-1,Normal,1
TACCAGAAGTAGGTTC-1,Tumor,2
TACCAGCTAGGTTTAA-1,Normal,1
TACCAGGAATCCCGTC-1,Tumor,3
TACCGCGGACTTGCAG-1,Normal,1
TACCGGCTCACTGCCC-1,Tumor,2
TACCGGTCGTTTCCAT-1,Tumor,3
TACCGTAGGTTAACTA-1,Bronchus,4
TACCGTGCCTCGGACC-1,Tumor,2
TACCTACTCCCAGTAT-1,Normal,2
TACCTATCCCTAGAGG-1,Tumor,3
TACCTCACGCTTGTAC-1,Normal,1
TACCTCAGTTGTCTGT-1,Bronchus,4
TACCTCCACACCAATG-1,Tumor,3
TACCTGCTGCACTGTG-1,Normal,2
TACCTTAAGATTTCCC-1,Tumor,3
TACGAACACGACTTCA-1,Normal,2
TACGACGCTTGCTGCG-1,Tumor,2
TACGACTGCCTCTTAG-1,Tumor,2
TACGAGAACTTCACGT-1,Tumor,3
TACGATCCAAGCCACT-1,Normal,1
TACGATGTTGATCATC-1,Tumor,3
TACGCAGTTCTTTCCT-1,Tumor,3
TACGCCATATTCTAAT-1,Tumor,2
TACGCCGAGGGTACCC-1,Tumor,3
TACGCCTCCATTCCGA-1,Normal,2
TACGCTATAGAAACCT-1,Bronchus,2
TACGCTCCTAGAACTG-1,Tumor,3
TACGCTGCTGTGTTAA-1,Tumor,2
TACGGAAGCCAAACCA-1,Bronchus,2
TACGGGATGCTAGCAG-1,Normal,1
TACGTACTAGTGCTGA-1,Tumor,3
TACGTGCACTATGCTG-1,Normal,1
TACGTGGGCCCAGGGC-1,Normal,2
TACGTTTACCGGCAAT-1,Tumor,3
TACTATGGTTCCTCAG-1,Bronchus,3
TACTCCTCTAGTTGAC-1,Tumor,2
TACTCGGCACGCCGGG-1,Normal,2
TACTCTCCGAACAAAT-1,Normal,1
TACTCTTACTTTACTG-1,Normal,1
TACTCTTTCGTCTTCA-1,Bronchus,3
TACTGAACAGATTTAG-1,Tumor,3
TACTGAGGGAAGAAAG-1,Tumor,2
TACTGCAATCAATTAC-1,Normal,1
TACTGCATGATTAAAT-1,Tumor,3
TACTGGACAGCTCGGC-1,Tumor,2
TACTTGTTAGTAGTCC-1,Normal,1
TACTTTACTGAGCCGG-1,Normal,1
TACTTTCCGCACGCCA-1,Tumor,2
TAGAAACACAATAGTG-1,Tumor,2
TAGAAACCACTAAGTA-1,Normal,1
TAGAAAGGTGGCGCTA-1,Normal,1
TAGAAATTCACGTATA-1,Normal,2
TAGAATTAAGGGCAAC-1,Normal,1
TAGACGAAACGCCAAT-1,Blood vessel,2
TAGACGCCCGTACCGG-1,Normal,1
TAGACTACCTAGCGTT-1,Bronchus,4
TAGAGATCATGCAACT-1,Tumor,3
TAGAGCTACGAAGAAC-1,Normal,1
TAGAGGGAGTTTATCT-1,Normal,2
TAGAGGTTCTACTTGT-1,Normal,1
TAGAGTCTAAGCGAAC-1,Normal,1
TAGATATGGACTGGAA-1,Tumor,2
TAGATCCGAAGTCGCA-1,Normal,1
TAGATGGTTCCTTACT-1,Normal,1
TAGATTCAAAGTGCGG-1,Tumor,3
TAGATTCCTGGTTATT-1,Normal,2
TAGCAACCTGTCACAA-1,Tumor,3
TAGCAGTAAATACGCG-1,Normal,1
TAGCCATTTCAAAGTC-1,Normal,1
TAGCCGGCGGTCAGCG-1,Normal,1
TAGCGTCCCTCGATTG-1,Normal,1
TAGCGTCCGGTGTGGT-1,Normal,1
TAGCGTCGAATATTGA-1,Tumor,2
TAGCGTTGGGTCTTAC-1,Tumor,2
TAGCTAAGTCCGGGAG-1,Normal,1
TAGCTAGAAGGCATGA-1,Tumor,2
TAGCTAGTGATGATGG-1,Bronchus,2
TAGCTCAGATCCTAGT-1,Normal,1
TAGCTCGCCTGATAAC-1,Tumor,2
TAGCTGATGTGAAGCG-1,Tumor,3
TAGGAACAGCCTCCAG-1,Normal,1
TAGGCATGTTACGCCA-1,Normal,1
TAGGCGATGAGGTCTC-1,Tumor,2
TAGGCGGCTGCAAAGA-1,Tumor,2
TAGGGAGCTTGGGATG-1,Normal,1
TAGGGTGTTTCAAGAG-1,Normal,1
TAGGTCCAAGTAAGGA-1,Normal,2
TAGGTCGCCGGAACTG-1,Normal,2
TAGGTGACGATAACCT-1,Blood vessel,2
TAGGTGAGCCCTACTC-1,Tumor,2
TAGGTGCTCGCCTAGC-1,Normal,1
TAGGTGTTCCACAGAT-1,Bronchus,2
TAGGTTCGAGTTCGTC-1,Normal,2
TAGGTTCTGCTGAGAA-1,Tumor,3
TAGTACCACAACTTTC-1,Tumor,2
TAGTACCTTAGTGGTC-1,Tumor,3
TAGTAGCTTATACCAG-1,Tumor,3
TAGTCCCGGAGACCAC-1,Tumor,3
TAGTCCGCAGAGAATG-1,Tumor,2
TAGTCCGTATGCATAA-1,Normal,2
TAGTCCTGCACTAAGC-1,Tumor,2
TAGTCGATCACGGGTT-1,Normal,1
TAGTCTAACAACGAGA-1,Tumor,3
TAGTCTGCGGCACATT-1,Tumor,3
TAGTCTGTGACGTTGC-1,Normal,2
TAGTGAGAAGTGGTTG-1,Normal,2
TAGTGCCCTCCAGAGT-1,Normal,2
TAGTGGAACTCATACA-1,Normal,1
TAGTGTCAGAAACGGC-1,Tumor,3
TAGTTAAGATAGGATA-1,Normal,1
TAGTTTATTCTTGCTT-1,Normal,1
TATAAATCCACAAGCT-1,Normal,1
TATAAGTGAGGATAGC-1,Normal,1
TATACACAGACGCCTT-1,Tumor,2
TATACACGCAAAGTAT-1,Normal,1
TATACGCGTCATCACT-1,Blood vessel,2
TATACTCATGCGGCAA-1,Tumor,3
TATAGAGTCGCTTGAA-1,Tumor,3
TATAGATGGTCGCAGT-1,Bronchus,4
TATAGCGCACGTTATC-1,Tumor,2
TATAGGGTACTCATGA-1,Normal,2
TATATAGGGCTTTACG-1,Tumor,3
TATATATCGAGAAATG-1,Tumor,3
TATATCAAAGTGATCT-1,Tumor,3
TATATCATTGATCAGT-1,Tumor,2
TATATCCCTGGGAGGA-1,Normal,1
TATATGCTGGGTTGCC-1,Tumor,2
TATATTACAAATGTCG-1,Normal,1
TATATTCGCGTCGATA-1,Normal,1
TATCAAAGGTCTGTAA-1,Tumor,2
TATCACAGCACGGGCA-1,Normal,1
TATCACCATGTAAAGT-1,Normal,1
TATCACCCAACCGACC-1,Normal,1
TATCACTTCGAGTAAC-1,Normal,1
TATCAGTGGCGTAGTC-1,Tumor,2
TATCCAATTGGTTATC-1,Normal,2
TATCCATATCATGCGA-1,Normal,1
TATCCATCTCGGTTAG-1,Tumor,2
TATCCGCACCGTCGGG-1,Bronchus,4
TATCCTATCAACTGGT-1,Tumor,3
TATCCTGCATGGGAAT-1,Normal,1
TATCGATCTATGCATA-1,Normal,1
TATCGATGATTAAACG-1,Normal,1
TATCTACAGAGGTAAT-1,Normal,2
TATCTACCACAGCGGG-1,Tumor,2
TATCTAGCCTAAAGGA-1,Tumor,2
TATCTTGCAATACAAC-1,Tumor,3
TATGAAGACAGGTGCG-1,Normal,2
TATGACCTTGCGCTGG-1,Tumor,2
TATGATAAATCTAACG-1,Normal,1
TATGATCCGGCACGCC-1,Normal,2
TATGATCTTCTCTTTA-1,Normal,1
TATGATTCTGCTTGGT-1,Normal,1
TATGCTCCCTACTTAC-1,Normal,1
TATGGAGTTTCTCGTT-1,Normal,1
TATGGATGTGCTACGC-1,Normal,1
TATGGCCCGGCCTCGC-1,Tumor,2
TATGGCTAGGCTAATT-1,Normal,2
TATGGGACCGAGCAGG-1,Tumor,2
TATGGGTACGTATCGT-1,Normal,2
TATGGTCTGAGTAACA-1,Tumor,2
TATGGTTAGTGGGAGA-1,Bronchus,2
TATGTAAAGTGCTTAA-1,Tumor,3
TATGTAGAAACCCGGC-1,Tumor,2
TATGTCAAGACCGACT-1,Normal,1
TATGTCTCATTGTGCC-1,Normal,1
TATTAACACCAAAGCA-1,Tumor,2
TATTAACCTGACCGCG-1,Tumor,3
TATTACCATCCTGCTT-1,Normal,2
TATTATGTTTGCCTGC-1,Tumor,3
TATTCAATTCTAATCC-1,Normal,1
TATTCCACTCAGCTCG-1,Tumor,2
TATTCCGAGCTGTTAT-1,Normal,1
TATTCCGGCAGTCCTA-1,Normal,1
TATTCCTCCGCCCACT-1,Tumor,3
TATTCGTGCCAGAATA-1,Normal,2
TATTGACATTTCTGCC-1,Normal,2
TATTTAGTCTAGATCG-1,Normal,1
TATTTATACCGAGTAG-1,Normal,1
TATTTGTTACCCTTTA-1,Normal,1
TCAAACAACCGCGTCG-1,Normal,1
TCAAACAATTAGGACA-1,Normal,1
TCAAACTTAGATTGTT-1,Normal,1
TCAAAGAGCTATCTGT-1,Tumor,3
TCAAAGTCACGGCGTC-1,Tumor,2
TCAAATTGTTGTGCCG-1,Bronchus,2
TCAAATTTGAGACTCA-1,Blood vessel,2
TCAACAAAGATAATTC-1,Tumor,3
TCAACACATTGGGTAA-1,Normal,1
TCAACATAGCGCCCTA-1,Tumor,3
TCAACATCGACCGAGA-1,Tumor,2
TCAACCATGTTCGGGC-1,Normal,1
TCAACGAGGAGACAAA-1,Tumor,2
TCAACGCAGGAAATAA-1,Tumor,3
TCAACGCGACCGGCAG-1,Normal,2
TCAACTAACGTATAAC-1,Normal,2
TCAACTGCAGAGTCAG-1,Normal,1
TCAAGAAATACTAGCT-1,Bronchus,2
TCAAGGTTACTACACC-1,Normal,1
TCAATACAATTGCTGC-1,Tumor,2
TCAATACGCCGTCATG-1,Bronchus,4
TCACAAACCGAGGTAC-1,Normal,1
TCACAGCAAACTCGAA-1,Tumor,2
TCACAGGAGAATAAGA-1,Bronchus,2
TCACAGGGAATCGCAA-1,Normal,1
TCACAGGTTATTGGGC-1,Tumor,2
TCACATCTTATCTGAT-1,Normal,2
TCACCCTCTTAAGATT-1,Tumor,2
TCACCGCTCGGCACTC-1,Normal,1
TCACGATGTCCGTGGA-1,Tumor,3
TCACGCATTGTAGATC-1,Tumor,2
TCACGGCCCAAGAGAG-1,Tumor,2
TCACGGTCATCGCACA-1,Normal,1
TCACGTGCCCGATTCA-1,Tumor,2
TCACTACGACCAATGC-1,Normal,1
TCACTATCGTGCAATC-1,Normal,1
TCACTCAGCGCATTAG-1,Tumor,2
TCACTCGTGCAACGGC-1,Normal,1
TCACTCTTCGTCTGTC-1,Tumor,2
TCAGAACCTCCACAGG-1,Bronchus,2
TCAGACGCTATAGAAG-1,Tumor,2
TCAGATGGAGACGTAG-1,Normal,1
TCAGCAAATGCATCTC-1,Normal,1
TCAGCAGTAGGCCCTG-1,Tumor,3
TCAGGGCGACTTCCTT-1,Tumor,2
TCAGGGCGCAAACTCG-1,Tumor,3
TCAGGGTGCACGAAAC-1,Normal,1
TCAGGGTGTAACGTAA-1,Normal,1
TCAGGTTCTTTGAGAA-1,Normal,2
TCAGTACTGACCCGCG-1,Tumor,2
TCAGTAGGGACTATAA-1,Tumor,2
TCAGTGTATACGTCAT-1,Tumor,3
TCAGTTACGGAATGAT-1,Normal,1
TCATACTTACAGATCC-1,Tumor,3
TCATATGAGCTTTGTT-1,Tumor,3
TCATCACTCGAGCTCG-1,Normal,1
TCATCCCAGAGGGTGG-1,Normal,1
TCATCGACGACCGTCG-1,Normal,2
TCATCGATGGTCCCAA-1,Tumor,3
TCATGCAGGTTCTCAT-1,Normal,1
TCATTCGTATAATTTG-1,Normal,1
TCATTTAAGTCTCCGA-1,Normal,1
TCATTTAGAAGTGTGA-1,Normal,1
TCCAACTTTAAATTCT-1,Tumor,3
TCCAAGCCTAGACACA-1,Bronchus,4
TCCAATAAAGGCTACC-1,Bronchus,4
TCCACAATGGTTTACG-1,Tumor,2
TCCACATCGTATATTG-1,Normal,2
TCCACCTCTAGCCTTT-1,Bronchus,4
TCCACTTTATCTAGGT-1,Normal,1
TCCAGAGCACCGGTTC-1,Tumor,2
TCCAGATGTACGCCAA-1,Normal,2
TCCAGGCAGGACGATC-1,Tumor,3
TCCAGGCGAGTACGGT-1,Normal,2
TCCAGGGTATATACGA-1,Bronchus,2
TCCATCAATACTAATC-1,Tumor,2
TCCATTCCCACTAGAG-1,Normal,1
TCCATTGTGACCTCGT-1,Normal,1
TCCCAAACAGACAACG-1,Normal,4
TCCCAAACATCCTCTA-1,Tumor,3
TCCCAAAGACGAAGGA-1,Normal,1
TCCCACGGAGGGAGCT-1,Normal,1
TCCCACTCTCTTCCGG-1,Bronchus,4
TCCCAGCTTTAGTCTG-1,Tumor,2
TCCCAGGCTTAGCTAA-1,Normal,2
TCCCGCGTACTCCTGG-1,Normal,1
TCCCGGGTGTGCTGCT-1,Tumor,3
TCCCGGTCAGGAATTT-1,Normal,1
TCCCGTCAGTCCCGCA-1,Normal,1
TCCCGTCGCGTCATAG-1,Normal,2
TCCCGTGTGCAATTTG-1,Normal,1
TCCCTAGATCAATAGG-1,Normal,2
TCCCTGGCGTATTAAC-1,Tumor,3
TCCCTGGCTCGCTGGA-1,Tumor,3
TCCCTTAGATTACTCG-1,Normal,1
TCCGAACTTGGCTTAC-1,Normal,2
TCCGAAGTAGTCACCA-1,Normal,1
TCCGAATGGTCCTGAG-1,Normal,2
TCCGACCGCTAATCAA-1,Tumor,3
TCCGAGAAGGCTAAGC-1,Normal,1
TCCGATAATTGCCATA-1,Normal,1
TCCGATGACTGAGCTC-1,Normal,1
TCCGATGGTGCGACAT-1,Normal,1
TCCGATTACATTGCCG-1,Tumor,2
TCCGCCTGTCTACAAG-1,Blood vessel,1
TCCGCGGCAGCATCTG-1,Normal,1
TCCGCGGCCCAATGAA-1,Normal,1
TCCGCTGTCATCCCGG-1,Normal,1
TCCGCTTATCCCATTA-1,Tumor,2
TCCGGAGGAAGGGCTG-1,Normal,1
TCCGGCCTAGCGTACA-1,Normal,2
TCCGGCCTGCATCGAT-1,Normal,1
TCCGGTTCGTCCGGTC-1,Tumor,2
TCCGTAACCACAATCC-1,Tumor,3
TCCGTTAAGCTAATAT-1,Normal,1
TCCGTTTAGCCTTGAA-1,Normal,1
TCCTAAAGATTCAGAC-1,Bronchus,2
TCCTAAATTGGGAAGC-1,Normal,2
TCCTAACCGTCGGGCA-1,Tumor,3
TCCTACATCCACGGCC-1,Normal,1
TCCTAGCAAAGAAGCT-1,Tumor,3
TCCTCCTAAGACATTC-1,Tumor,3
TCCTCGGGCTGGGCTT-1,Tumor,2
TCCTCTACGAGATGGC-1,Normal,2
TCCTCTCCAGTTGTCC-1,Normal,2
TCCTCTGGCCCATTAG-1,Normal,1
TCCTGCCAACTGGAGA-1,Normal,1
TCCTGCGTTGATACTC-1,Tumor,3
TCCTGGCGCTGCCTGG-1,Normal,1
TCCTTACGACGGTCCG-1,Normal,1
TCCTTCAATCCCTACG-1,Tumor,3
TCCTTCAGTGGTCGAA-1,Normal,1
TCCTTGTCCTTTAATT-1,Normal,2
TCCTTTAAATCCGCTT-1,Normal,1
TCCTTTCTTACGCTTA-1,Normal,1
TCGAAATTTAGGACCA-1,Normal,2
TCGAAGAACCGAGCAC-1,Normal,1
TCGAATATCCCGCAGG-1,Tumor,3
TCGAATCGCAGGGTAG-1,Tumor,3
TCGACAACTGAACCCG-1,Tumor,2
TCGACATAGCGTAGCG-1,Tumor,2
TCGAGACCAACACCGT-1,Tumor,2
TCGAGCCAGGCAGGCC-1,Tumor,3
TCGAGTCTACGATTCG-1,Tumor,2
TCGATAGGCTAGTCGC-1,Normal,2
TCGCAAAGATGCATTT-1,Tumor,1
TCGCACCAGGAGGCAG-1,Normal,1
TCGCATCCCTAAGTGT-1,Normal,1
TCGCATTCAATGACTT-1,Normal,1
TCGCCCAACTGACTCC-1,Normal,1
TCGCCCACTGCGAGAG-1,Tumor,2
TCGCCGAAGTTGCGTC-1,Tumor,3
TCGCCGACATATTCGC-1,Bronchus,4
TCGCCGCACCGCGTGA-1,Tumor,2
TCGCCGGATGGGCAAG-1,Tumor,2
TCGCCGGTCGATCCGT-1,Normal,1
TCGCGTAGCAGTGTCC-1,Normal,1
TCGCGTCCAGAAGGTC-1,Tumor,2
TCGCTAAACCGCTATC-1,Normal,1
TCGCTACTGGCTTTGA-1,Bronchus,2
TCGCTCGATATATTCC-1,Normal,1
TCGCTCGGCACCAGCG-1,Normal,2
TCGCTGCCAATGCTGT-1,Bronchus,2
TCGCTGGGCGGATTGT-1,Normal,1
TCGCTGTGCGTAAATC-1,Normal,1
TCGCTTAATTACGAAG-1,Normal,1
TCGCTTTAAACGTTTG-1,Normal,1
TCGGAATGACCATCAA-1,Normal,1
TCGGAATGCGCTCTGA-1,Tumor,2
TCGGACGCCCAGCCCA-1,Normal,1
TCGGAGAGTATCGGGA-1,Tumor,3
TCGGAGTACATGAGTA-1,Normal,1
TCGGCGAACCCAAACC-1,Normal,1
TCGGCGTACTGCACAA-1,Tumor,2
TCGGCTAACTTCCCTT-1,Normal,1
TCGGCTTGTATCGACG-1,Normal,1
TCGGGAACGTGCCTAG-1,Bronchus,4
TCGGGAGACAGCGTAC-1,Blood vessel,2
TCGGGATTCAAACATA-1,Normal,2
TCGGGCACTTCTGGAT-1,Tumor,2
TCGGGCCGTCGTGGTA-1,Normal,1
TCGGGTGAAACTGCTA-1,Normal,1
TCGGTCCCGACAATAG-1,Tumor,3
TCGGTCCCTGACTCCA-1,Normal,1
TCGGTGACCGCTCCGG-1,Normal,1
TCGGTTAGCCATGTAG-1,Normal,1
TCGTAAGACGACATTG-1,Normal,1
TCGTAAGCTCCGAGGA-1,Normal,1
TCGTACCGACGTCAAG-1,Tumor,3
TCGTATAGTGCAATTA-1,Normal,1
TCGTATTACCCATTGC-1,Tumor,2
TCGTATTTCGTCCGGA-1,Normal,1
TCGTCAAGTACGCGCA-1,Tumor,3
TCGTCACACTGTTAGC-1,Tumor,2
TCGTCCGCTGGCGTCT-1,Normal,1
TCGTCCGGGTACACTC-1,Normal,1
TCGTCTTAGGCGTTAA-1,Normal,1
TCGTGTACTATGGATG-1,Tumor,1
TCGTGTCACGCTGACA-1,Tumor,3
TCGTGTTCGACCACAA-1,Normal,1
TCGTTAGGAGTCCCTA-1,Tumor,2
TCGTTCGTTATTATGT-1,Normal,1
TCGTTGACAGGGTCCC-1,Tumor,2
TCGTTGCTATCCGGTC-1,Tumor,2
TCGTTGGCTCGTCAAT-1,Normal,1
TCTAAAGAACAGTCTC-1,Tumor,2
TCTAACTGTATGTAAA-1,Tumor,2
TCTAATACTGCCTCAG-1,Tumor,3
TCTACACGTTCATGCA-1,Normal,1
TCTACCCAATAGAGAG-1,Normal,1
TCTACCGTCCACAAGC-1,Normal,1
TCTACGGGCTCAGTTG-1,Normal,1
TCTAGCAATCTCCGCC-1,Tumor,3
TCTAGCATCTTCGATG-1,Normal,1
TCTAGCATGCCCAGAA-1,Tumor,2
TCTAGGTGGCGACGCT-1,Normal,2
TCTAGTGATATCGTGG-1,Normal,1
TCTAGTTATCAGAAGA-1,Tumor,2
TCTATCATGCAGTTAC-1,Normal,1
TCTATCGGTCGCAACA-1,Normal,1
TCTATTACGCTGGCGA-1,Normal,1
TCTATTACTAGAGGAT-1,Tumor,3
TCTCATGAGATAGGGT-1,Normal,1
TCTCCAACGTAGGTTA-1,Normal,1
TCTCCACAAGTTGAAT-1,Normal,1
TCTCCCTGGGCAGCGT-1,Normal,1
TCTCGAACGAGGTCAC-1,Normal,1
TCTCGACGTATCGCCG-1,Normal,1
TCTCGAGGAGGTTCGC-1,Normal,1
TCTCGGCTCCAGGACT-1,Normal,1
TCTCGTGTTACGAGGA-1,Tumor,2
TCTCTAATAGCTGGTA-1,Normal,1
TCTCTTACCGCGAACC-1,Tumor,3
TCTGAACCGGTCGGCT-1,Normal,1
TCTGAACTCGTACCCG-1,Normal,1
TCTGAAGCACGTGGTC-1,Normal,1
TCTGAATTCCGTACAA-1,Normal,1
TCTGACGGGCTAACCC-1,Normal,2
TCTGAGCAATTGACTG-1,Normal,1
TCTGATCGGGTGCTAG-1,Normal,2
TCTGATGTATTCTGTC-1,Normal,1
TCTGCAGATTCGAGTC-1,Tumor,2
TCTGCCAGAAACTGCA-1,Tumor,2
TCTGCGAATCGTTCGC-1,Normal,1
TCTGCGTCCGGTTTCT-1,Normal,1
TCTGGCGCAAGCCGGG-1,Tumor,2
TCTGGGAACCTTTGAA-1,Normal,2
TCTGGGTAGCGCTCAT-1,Tumor,3
TCTGTCATACAAGAGC-1,Normal,1
TCTGTGATGGAGGTTG-1,Normal,1
TCTGTGCCATCATAGT-1,Normal,1
TCTGTGGCTACATTTC-1,Tumor,2
TCTGTTACCCAGCATA-1,Tumor,3
TCTTAACTCGGATGTA-1,Tumor,2
TCTTACAGAGGTACCG-1,Normal,1
TCTTACCGGAACTCGT-1,Normal,1
TCTTACGGCATCCGAC-1,Normal,2
TCTTACTTATGCCTCT-1,Normal,1
TCTTAGAGCTCCAATT-1,Normal,2
TCTTAGAGTGAACTCT-1,Normal,1
TCTTATGGGTAGTACC-1,Normal,3
TCTTCCCATGGGCACA-1,Normal,1
TCTTCGAATAGACGTT-1,Tumor,2
TCTTCGATACCAATAA-1,Normal,1
TCTTCTATAACCCGCC-1,Normal,1
TCTTGATGCGTAGCGA-1,Normal,1
TCTTGCTCCCGATACT-1,Normal,2
TCTTGGTAACACCAAA-1,Normal,1
TCTTTAAGACTATGAA-1,Normal,1
TCTTTAGCAGGCGAAC-1,Normal,2
TCTTTCTCTTAAGGAG-1,Normal,1
TGAAACTTATGCAAGC-1,Normal,1
TGAAAGGACCTGACTC-1,Normal,1
TGAACAAGCAGGGACT-1,Tumor,3
TGAACTGCTATGACTT-1,Normal,3
TGAAGAGCGGTCCTAG-1,Tumor,2
TGAAGTAGCTTACGGA-1,Tumor,2
TGAATACCGACGCGTA-1,Bronchus,4
TGAATATGCTATAAAC-1,Normal,1
TGAATGAGATACAGCA-1,Normal,1
TGAATGAGTGTTTCCC-1,Tumor,3
TGAATGTCAGCCGGCC-1,Normal,1
TGAATTTCACTTGCCT-1,Tumor,3
TGACAACTTAAAGGTG-1,Tumor,3
TGACACTTCTCTTTGC-1,Normal,1
TGACAGGACAAGTCCA-1,Tumor,2
TGACATATATGACGAT-1,Normal,2
TGACATCGAGCGGACC-1,Bronchus,2
TGACATGTAACGTGAC-1,Tumor,3
TGACCAAATCTTAAAC-1,Tumor,3
TGACCAGCTTCAAAGT-1,Normal,1
TGACCCACGTTAGACA-1,Tumor,2
TGACCCAGCATTCCCG-1,Normal,1
TGACGAATATTTCCCT-1,Tumor,3
TGACGATGCACTAGAA-1,Normal,1
TGACTATAATCCTTTC-1,Tumor,2
TGACTCCGAATCATAC-1,Tumor,2
TGAGAATGCTTTACCG-1,Normal,1
TGAGACGTACCTCTCA-1,Normal,2
TGAGAGATTTACCACG-1,Normal,1
TGAGATCAAATACTCA-1,Normal,1
TGAGATTAGGCCCTAA-1,Normal,1
TGAGCAGTCGTGAAGT-1,Normal,1
TGAGCCATACAGTCTC-1,Tumor,3
TGAGCGGAAAGTGTTC-1,Normal,2
TGAGCTTTAATGACGC-1,Normal,1
TGAGGAGTGCCAGCTT-1,Bronchus,4
TGAGGCATGTACTGTG-1,Tumor,2
TGAGGTGTGTGGCGGA-1,Tumor,3
TGAGGTTGATCCCAAG-1,Normal,1
TGAGTAAATTAGCGTA-1,Tumor,2
TGAGTGCCTCTTAAAT-1,Tumor,3
TGAGTGGTCCGTGACG-1,Normal,1
TGAGTTAAAGACATTC-1,Normal,1
TGATACATTTAGCCGT-1,Tumor,2
TGATAGCGGGATTCTA-1,Tumor,2
TGATCACCACACTGAC-1,Tumor,3
TGATCAGGGAACTGCT-1,Normal,2
TGATCCCAGCATTAGT-1,Normal,1
TGATCGGTTTGACCCT-1,Normal,1
TGATCTACGCTGATCT-1,Normal,1
TGATCTCCGGCGCCAG-1,Normal,1
TGATGCTCACGTAGTC-1,Normal,1
TGATGGCTGTTTCTGA-1,Normal,2
TGATGTCAATTAAGTG-1,Normal,1
TGATTATGGCACGCAG-1,Normal,1
TGATTCAGGTCCCGCG-1,Tumor,3
TGATTCCCGGTTACCT-1,Tumor,3
TGATTCGTCTATCACT-1,Tumor,2
TGATTCTGTCGCCGGT-1,Tumor,3
TGATTTATTAGCTGTG-1,Tumor,3
TGATTTCCTCCTGACG-1,Normal,1
TGCAAACGTACTAGTT-1,Tumor,3
TGCAAAGTTCGTCTGT-1,Tumor,3
TGCAACCCATCTGCGG-1,Normal,1
TGCAAGAATGACGTAA-1,Normal,1
TGCAATCTAACACGGT-1,Normal,1
TGCAATTTGGGCACGG-1,Normal,1
TGCACAGTGAAGTTAT-1,Normal,1
TGCACGAGTCGGCAGC-1,Normal,1
TGCACTATGTGAGTGC-1,Normal,2
TGCAGAACTATATCGT-1,Normal,3
TGCAGAGTACCGAGCA-1,Tumor,3
TGCAGATCGTCCTAGG-1,Tumor,3
TGCAGCTACGTACTTC-1,Tumor,3
TGCAGGATCGGCAAAG-1,Normal,1
TGCAGTGAGGCTCGGG-1,Normal,1
TGCAGTGGTAGGGAAC-1,Tumor,2
TGCAGTTTCCTCCCAT-1,Normal,1
TGCATATGTCTGTCAC-1,Normal,1
TGCATCTCCGGATCTT-1,Normal,1
TGCATGGATCGGATCT-1,Normal,1
TGCATGGCAGTCTTGC-1,Normal,1
TGCATGTGACCCATAG-1,Tumor,3
TGCATGTGGTAATCTA-1,Normal,1
TGCCAAAGTCAGACTT-1,Tumor,3
TGCCAATGGGTACTCT-1,Normal,2
TGCCACACTAGAGGAA-1,Tumor,3
TGCCACCTGGCGAAAC-1,Normal,1
TGCCAGTACGTGGAGA-1,Tumor,2
TGCCATGGCTTATAAG-1,Normal,1
TGCCATTACTAAAGAA-1,Normal,1
TGCCCGTACCGTTAAA-1,Tumor,2
TGCCGAAAGCGTATTC-1,Normal,2
TGCCGGATGTACGAGC-1,Tumor,3
TGCCGTGGATCGTCCT-1,Normal,2
TGCCGTGGGACCCAAT-1,Normal,2
TGCCTAATTGAAGATT-1,Normal,1
TGCCTGACATCGGTCA-1,Normal,2
TGCCTGATCAAACGAT-1,Normal,1
TGCCTTGGCCAGGCAA-1,Normal,1
TGCGACACCCTAGTGC-1,Tumor,2
TGCGACGGCCGAACGT-1,Tumor,3
TGCGAGAATATTACCC-1,Tumor,3
TGCGAGATGGCGGCCA-1,Normal,1
TGCGAGCCCTTCCGCG-1,Normal,1
TGCGATGCTAATGGCT-1,Tumor,2
TGCGCAAAGCATTTGG-1,Normal,1
TGCGCGATTAACGGAG-1,Normal,2
TGCGGACTTGACTCCG-1,Bronchus,4
TGCGGAGTAAAGGTGC-1,Normal,1
TGCGGCATAGTTCAAC-1,Normal,1
TGCGGGTATTGGGATC-1,Normal,1
TGCGGTCTACGAGTAA-1,Normal,1
TGCGGTGAAATTTCAT-1,Normal,1
TGCGTAAGAACCTGAT-1,Tumor,3
TGCGTCATGACTGAGC-1,Tumor,2
TGCGTTTGTTGACACT-1,Tumor,2
TGCTAAGTGTCTATTT-1,Normal,1
TGCTATACAAACGGAC-1,Normal,1
TGCTATGGCAAAGGGA-1,Tumor,2
TGCTCACACAACAACC-1,Normal,1
TGCTCCACAGTTCTTA-1,Normal,1
TGCTCGGCGAAACCCA-1,Normal,2
TGCTCGGTGGGTCACC-1,Bronchus,2
TGCTCTTGAGAGTTTG-1,Normal,2
TGCTGCGTCAGAGTTA-1,Normal,1
TGCTGGTTGGACAATT-1,Normal,1
TGCTGTTGAAGAACTC-1,Tumor,2
TGCTTAGAGAGAATGC-1,Tumor,2
TGCTTCCCAAGCAGTA-1,Normal,2
TGGAACCACTGACACA-1,Normal,1
TGGAAGAAGGGAACGT-1,Tumor,3
TGGAAGACGAACACCA-1,Normal,1
TGGAAGGATAAAGATG-1,Normal,1
TGGAATATCCTTGACC-1,Normal,2
TGGAATTAGACGCTTT-1,Tumor,2
TGGACACCGTTGCTTG-1,Tumor,2
TGGACCAATCTAAGAT-1,Normal,2
TGGACGCAATCCAGCC-1,Tumor,3
TGGACTGTTCGCTCAA-1,Normal,2
TGGAGAATAATCGTCC-1,Tumor,3
TGGAGCTAAAGTTCCC-1,Normal,1
TGGAGGGAAACACCTC-1,Normal,1
TGGAGTGATGCGATGA-1,Normal,2
TGGATGGCATCTTGGA-1,Tumor,3
TGGCAAACTAAATTAC-1,Normal,1
TGGCAACTCGCGCGCC-1,Normal,1
TGGCAAGCACAAGTCG-1,Tumor,3
TGGCAATGGGACGGCG-1,Normal,1
TGGCACGAGCTCGAGT-1,Normal,1
TGGCAGATTACGATCA-1,Tumor,2
TGGCAGCAGTAATAGT-1,Tumor,2
TGGCATGAAGTTTGGG-1,Tumor,2
TGGCCAAACTGAAGTA-1,Normal,1
TGGCCAATTTGGTACT-1,Tumor,3
TGGCCGTATATTGACC-1,Tumor,2
TGGCGACTGCTCCAAA-1,Tumor,2
TGGCGATCAAGTTATG-1,Tumor,2
TGGCGGTGTGCGATTG-1,Normal,1
TGGCTATGTGACATAC-1,Normal,2
TGGCTCTTGTCGCGTA-1,Tumor,3
TGGCTTATGTATAATG-1,Tumor,2
TGGCTTGTACAAGCTT-1,Normal,1
TGGCTTTGGGTAGACA-1,Normal,1
TGGGAAATGCCTTTCC-1,Tumor,2
TGGGATGCACTCATTC-1,Normal,1
TGGGCAATAGTTGGGT-1,Normal,1
TGGGCACAAACAGAAC-1,Normal,2
TGGGCACGTTCTATGG-1,Normal,4
TGGGCCACAAGAGCGC-1,Normal,1
TGGGCCCATACTAATT-1,Normal,1
TGGGCGATACAATAAG-1,Tumor,3
TGGGTAAGGTTCCCGC-1,Normal,1
TGGGTGCACAAGCCAT-1,Normal,2
TGGGTGGGATGTCATT-1,Normal,1
TGGGTGTTAAGTAGAA-1,Normal,2
TGGGTTCCCGGACGGA-1,Tumor,2
TGGGTTTCGGGCGTAC-1,Tumor,2
TGGTAAGCAGGATTGA-1,Tumor,3
TGGTAGAATATATGGG-1,Normal,1
TGGTATCGCATCCCAA-1,Normal,1
TGGTATCGGTCTGTAT-1,Normal,1
TGGTCCCACGCTACGG-1,Normal,1
TGGTCGATATACCTCT-1,Tumor,3
TGGTCGTGCAAGGCAA-1,Tumor,3
TGGTCGTTTGATAGAT-1,Normal,1
TGGTCTAGCTTACATG-1,Tumor,2
TGGTCTGTTGGGCGTA-1,Tumor,3
TGGTGATCGTATTTGT-1,Tumor,2
TGGTGCCCTGCCTTAC-1,Tumor,3
TGGTTAACTTACATTT-1,Tumor,2
TGGTTAAGGGCGCTGG-1,Normal,2
TGGTTATGCTTGCGGT-1,Tumor,2
TGGTTCAACGGGTAAT-1,Tumor,2
TGGTTCGTAGCAAAGG-1,Normal,1
TGGTTGGAGGATCCTG-1,Normal,1
TGGTTTAAACGTGGGT-1,Normal,2
TGTAACTTGTCAACCT-1,Normal,2
TGTAATGACCACAATA-1,Normal,2
TGTAATGCCTTCGGAC-1,Normal,1
TGTACCTACACGAGGG-1,Normal,1
TGTACGAACAAATCCG-1,Tumor,2
TGTACGCTATCAGCTT-1,Normal,1
TGTACTACTCTCACGG-1,Normal,1
TGTACTGTGCCAAAGT-1,Normal,2
TGTAGCCAATTCCGTT-1,Normal,2
TGTAGGAGAAATTTCC-1,Normal,1
TGTAGTGATCTATAAT-1,Tumor,3
TGTATAACAGATCCTG-1,Normal,1
TGTATACGGATGATGA-1,Normal,2
TGTATCAGACTGAAGC-1,Normal,1
TGTATCCTTATTCCAT-1,Normal,1
TGTATGGCGCAGACAG-1,Normal,1
TGTATTTACCTAATGC-1,Normal,1
TGTCATTTGTTGGGAA-1,Normal,2
TGTCCCGACATAGCAC-1,Normal,1
TGTCCGCAAACAATTC-1,Tumor,3
TGTCCGTGGCGCCTTT-1,Normal,2
TGTCCTAAGTCACCGC-1,Tumor,3
TGTCGTTATCACATAT-1,Tumor,2
TGTCTACAGTTTCTGT-1,Normal,1
TGTGACTACGCCAGTC-1,Normal,1
TGTGAGACTAGCCCAA-1,Normal,2
TGTGATTCCAGCGCTT-1,Normal,1
TGTGCCAGAGGCAAAG-1,Tumor,2
TGTGCCGGTGCCGGAA-1,Normal,1
TGTGCTTTACGTAAGA-1,Normal,2
TGTGGAGGAAGCTTAA-1,Normal,3
TGTGGCAAAGCGTATG-1,Normal,1
TGTGGCGGGCTTCTGG-1,Tumor,3
TGTGGTTGCTAAAGCT-1,Tumor,3
TGTGTCGCGAGTTGCA-1,Normal,2
TGTGTGACCATGAATC-1,Tumor,2
TGTGTTCGTATCCAAG-1,Normal,2
TGTTATTGTATGTGGC-1,Normal,1
TGTTCATAAATGTGCT-1,Tumor,2
TGTTCCGCTTCCATGA-1,Tumor,3
TGTTCCGGCCTGAGCT-1,Normal,2
TGTTCGTATTGCGGTG-1,Tumor,2
TGTTCTCTACTCCCTA-1,Normal,1
TGTTCTTCCATTGACT-1,Tumor,2
TGTTGTCAAGAAGTCT-1,Normal,1
TGTTTAATACTTCATC-1,Normal,1
TGTTTCGGTACTTCTC-1,Normal,1
TTAAACAGAGTCCCGC-1,Normal,1
TTAAACCGGTAGCGAC-1,Normal,1
TTAAACCTGGTTCCTT-1,Tumor,2
TTAAACTCGAATTCAT-1,Normal,1
TTAAAGGCGATGCTCG-1,Tumor,3
TTAACACCTCGAACAT-1,Tumor,2
TTAACCAACCCTCCCT-1,Normal,1
TTAACGAACAAGCAGT-1,Normal,4
TTAACGTCGCAAGACC-1,Normal,1
TTAACGTTAAAGCCTG-1,Tumor,2
TTAACTCACGCGTGGA-1,Tumor,2
TTAACTTCAGGTAGGA-1,Tumor,3
TTAAGACGAACGAACC-1,Normal,1
TTAAGATAGGATTGAC-1,Normal,1
TTAAGCCGACAACTTC-1,Normal,1
TTAAGCGCCTGACCCA-1,Normal,2
TTAAGGATACGGAGGT-1,Normal,1
TTAAGGCCCGTACTTT-1,Tumor,3
TTAAGTATTGTTATCC-1,Normal,2
TTAATCAGTACGTCAG-1,Normal,1
TTAATGCGAGGTAACT-1,Normal,1
TTAATGTAGACCAGGT-1,Normal,1
TTAATTGCTTTGGGTG-1,Blood vessel,2
TTAATTTCAGACGCGG-1,Normal,1
TTACAACTACGCATCC-1,Normal,1
TTACAGACCTAAATGA-1,Normal,1
TTACATCGTGGCCTGG-1,Normal,1
TTACATGCCACAACTA-1,Bronchus,4
TTACCATTGATTACCC-1,Tumor,3
TTACCCATTGCCGGGT-1,Normal,1
TTACCCTAACAGTCCT-1,Tumor,2
TTACCCTAGGGATTGG-1,Bronchus,4
TTACCGCCTTAGGGAA-1,Normal,1
TTACGGATGGTTCGAG-1,Normal,1
TTACGGTGTCACCGAG-1,Normal,1
TTACGTAGCGCGTGCT-1,Normal,1
TTACTAAAGGACTTTA-1,Tumor,1
TTACTATCGGCTTCTC-1,Normal,2
TTACTCCGGCCGGGAA-1,Normal,1
TTACTCTGGTACGTAC-1,Tumor,3
TTACTGGGATATTTCA-1,Tumor,2
TTACTGTCTAGAGCTC-1,Normal,2
TTACTGTTTCTCTACG-1,Normal,1
TTAGAAGAACATGACT-1,Tumor,2
TTAGAATAAGGGTCGG-1,Tumor,3
TTAGACACGATCGTTG-1,Normal,1
TTAGACGAGTCACCTC-1,Normal,1
TTAGAGGGATATACAG-1,Tumor,3
TTAGAGTTTAGAAGGA-1,Normal,1
TTAGATAGGTCGATAC-1,Normal,2
TTAGCAACATGGATGT-1,Normal,2
TTAGCTAATACGATCT-1,Normal,1
TTAGCTCTGTAATCCG-1,Tumor,2
TTAGCTGATTTGCCGT-1,Normal,2
TTAGGTCATAACCGAC-1,Tumor,3
TTAGTAGGGCGGCGGG-1,Tumor,2
TTAGTTATTCGTGGCA-1,Normal,1
TTAGTTCAAGTGTTCG-1,Normal,4
TTATAGATGCACATTA-1,Normal,1
TTATAGGTAATTGTCT-1,Blood vessel,2
TTATAGTCCAAGGTGC-1,Normal,1
TTATATACGCTGTCAC-1,Tumor,2
TTATATTTGGCAATCC-1,Normal,1
TTATCCAATCGAACTC-1,Normal,1
TTATCCGGGATCTATA-1,Normal,1
TTATCCTCAAGGAATA-1,Tumor,3
TTATCGCCTGCGAAGC-1,Tumor,2
TTATCTGACATTAGGA-1,Tumor,2
TTATCTGTATCATAAC-1,Normal,1
TTATGAATGAAAGGGA-1,Tumor,2
TTATGACAAACTGGAT-1,Tumor,2
TTATGATCTTAACGAA-1,Normal,1
TTATGCGTCCCGGTCC-1,Normal,2
TTATGTTTGCGATAGA-1,Tumor,2
TTATTAGAGCGTGTTC-1,Tumor,2
TTATTAGGGAAGCATC-1,Normal,1
TTCAAAGTCTCTAGCC-1,Normal,1
TTCAACGACCCGACCG-1,Normal,1
TTCAAGCCGAGCTGAG-1,Normal,1
TTCAATACTCTGAATC-1,Normal,1
TTCAATTAGCCATAAT-1,Normal,1
TTCACGAAAGGATCAC-1,Tumor,2
TTCACGGTCGTCACGT-1,Tumor,2
TTCACTCGAGCACCTA-1,Normal,2
TTCACTTCCTAGAACG-1,Tumor,3
TTCAGCCCTGGTCCAC-1,Normal,1
TTCAGCTGGCGTGCCC-1,Normal,1
TTCAGGCGTCAAAGCC-1,Normal,3
TTCAGTTCAAGAGGAG-1,Tumor,3
TTCAGTTTGTGGCAGC-1,Tumor,2
TTCATAGGGTGTCCAT-1,Tumor,2
TTCATGGCGCAACAGG-1,Normal,1
TTCCAATCAGAGCTAG-1,Normal,1
TTCCAATCTGGCTATC-1,Tumor,2
TTCCACACAGATTTGA-1,Tumor,2
TTCCACATTTCTCGTC-1,Normal,1
TTCCAGTGGGTTTCGT-1,Tumor,3
TTCCATCATGCGGTGA-1,Normal,1
TTCCATCGACAGCGTG-1,Normal,2
TTCCCGACGCTTCACT-1,Normal,1
TTCCGCAGAGAAATAT-1,Normal,1
TTCCGCGTGAGGCGAT-1,Tumor,2
TTCCGGCCTTGAGGCT-1,Tumor,4
TTCCGGCTCGACTTCT-1,Normal,1
TTCCGGTTACCCACTT-1,Normal,1
TTCCTCGAGGGTGTCT-1,Normal,2
TTCCTCGGACTAACCA-1,Normal,1
TTCCTCTGCCCGAATA-1,Normal,2
TTCCTTTCTGTGTTGC-1,Normal,1
TTCGAACGAAACATGC-1,Tumor,3
TTCGACAGAGCCCGTG-1,Tumor,2
TTCGACGGGAAGGGCG-1,Normal,1
TTCGAGCCGGCGCTAC-1,Normal,1
TTCGCACTCGCGTGCT-1,Normal,1
TTCGCACTGTACGACA-1,Bronchus,4
TTCGCCGCTCGCGCTA-1,Tumor,2
TTCGCGCGCCATACGA-1,Bronchus,4
TTCGCTATCTGACGTG-1,Normal,1
TTCGGACTGATGCCTT-1,Normal,1
TTCGGCAACCCGCTGA-1,Normal,1
TTCGGCTAGAGATGGT-1,Normal,2
TTCGGGACTAATCGCG-1,Normal,2
TTCGGGCGCTAGTCTT-1,Tumor,4
TTCGGTACTGTAGAGG-1,Tumor,3
TTCGTAATCCCAGCGG-1,Normal,1
TTCGTACTCCAGAACG-1,Tumor,2
TTCGTGCATGTTATAG-1,Tumor,3
TTCGTGGGCTGGAAGC-1,Normal,1
TTCGTTCAACGAAGTT-1,Normal,2
TTCTAACCGAAGCTTA-1,Normal,1
TTCTACCTCAATCGGT-1,Tumor,2
TTCTACCTTTATGTTG-1,Normal,1
TTCTACTTGCGAGGGC-1,Normal,2
TTCTAGAAAGTCTTAT-1,Bronchus,3
TTCTAGGCCAATTGTG-1,Normal,1
TTCTATGCCTTTCGCA-1,Normal,2
TTCTATTAAACGCAGC-1,Tumor,3
TTCTCTTACAGGTGAT-1,Tumor,2
TTCTGACCGGGCTCAA-1,Normal,1
TTCTGCCGCGCCTAGA-1,Tumor,2
TTCTGCGAGCGCCCTT-1,Normal,2
TTCTGCGGGTTAGCGG-1,Normal,2
TTCTGCTAGACTCCAA-1,Normal,2
TTCTGTTTCCTGTCGC-1,Tumor,2
TTCTTAGTGAACGGTG-1,Normal,1
TTCTTAGTGGCTCAGA-1,Normal,1
TTCTTATCCGCTGGGT-1,Normal,1
TTCTTCCCTTTGATAT-1,Normal,1
TTCTTCGCAATAGAGC-1,Normal,1
TTCTTGAGCCGCGCTA-1,Tumor,3
TTCTTGCTAGCATCTC-1,Normal,2
TTCTTGGACGATCTGC-1,Tumor,3
TTCTTGGAGTAATGAG-1,Normal,1
TTCTTGTAACCTAATG-1,Normal,1
TTCTTGTGTCCATCAG-1,Tumor,2
TTCTTTGGTCGCGACG-1,Normal,2
TTGAAAGGTGTAAAGG-1,Normal,1
TTGAACGAATCCTTTG-1,Tumor,2
TTGAACGACGTGCTGA-1,Normal,1
TTGAAGAATTCCCAGG-1,Tumor,2
TTGAAGGATGGGCGCC-1,Tumor,2
TTGAATATGGACTTTC-1,Normal,1
TTGAATCGTTGTATAA-1,Tumor,3
TTGAATTCACGTGAGG-1,Normal,2
TTGACAGGAGCTCCCG-1,Normal,1
TTGACATGAACGTGGA-1,Tumor,3
TTGACCAGGAACAACT-1,Bronchus,2
TTGACCATGTTCTCCG-1,Normal,1
TTGACCGTGTTAATGA-1,Tumor,3
TTGACGATTCAGCACG-1,Normal,1
TTGACGCTCCATGAGC-1,Bronchus,4
TTGACTACCATATGGT-1,Tumor,3
TTGACTATTGTCCGGC-1,Normal,1
TTGAGAAGTTTAGCAT-1,Normal,1
TTGAGAGTACTGCTAA-1,Tumor,3
TTGAGGCATTTAACTC-1,Normal,1
TTGAGGGTCGAACGCG-1,Normal,1
TTGATAGTCAATACAT-1,Normal,2
TTGATCTAACTTTGTC-1,Normal,1
TTGATGCCGCTCGTCG-1,Tumor,3
TTGATGTGTAGTCCCG-1,Normal,1
TTGATTAGCTGTTTCT-1,Tumor,3
TTGATTATGCAGATGA-1,Tumor,2
TTGCAAGAAGACTCCT-1,Normal,2
TTGCACAATTCAGAAA-1,Tumor,2
TTGCACGGAGCAGCAC-1,Normal,1
TTGCAGGTCATGAAGT-1,Normal,1
TTGCATGCTGATCACG-1,Tumor,3
TTGCCATAGCCCGCTC-1,Tumor,3
TTGCCCTGATCACGGG-1,Tumor,3
TTGCCGCAGACCTACA-1,Tumor,2
TTGCCGCTTTCTAGTA-1,Blood vessel,2
TTGCCGGTGATCCCTC-1,Normal,1
TTGCGCTCTCTCGCTT-1,Tumor,2
TTGCGGAAAGCTGCCC-1,Tumor,3
TTGCGGCATCAGAAAG-1,Tumor,4
TTGCGGCGACTCATGC-1,Normal,1
TTGCGTAGTTTGAGGA-1,Tumor,2
TTGCGTCGGCCAACCG-1,Tumor,3
TTGCGTGAACGCTTAG-1,Normal,1
TTGCGTGTGTAGGCAT-1,Normal,2
TTGCTCCCATACCGGA-1,Normal,1
TTGCTGAAGGAACCAC-1,Normal,1
TTGCTGATCATGTTCG-1,Normal,2
TTGCTGCACCTATCCA-1,Tumor,3
TTGCTGGCCGGGCTTC-1,Normal,1
TTGGAAGAATACAGTC-1,Tumor,3
TTGGACATGTGGCTTA-1,Normal,2
TTGGACCATCTGGCAA-1,Normal,1
TTGGACCTATAACAGT-1,Normal,1
TTGGAGTCTCCCTTCT-1,Normal,1
TTGGATATCGTCTACG-1,Tumor,2
TTGGATCGACTTCTGG-1,Normal,1
TTGGATTGGGTACCAC-1,Normal,1
TTGGCCATCTTGCGCT-1,Normal,1
TTGGCCTAGAATTTCG-1,Normal,1
TTGGCTCGCATGAGAC-1,Normal,1
TTGGGAAGACGAGCCG-1,Tumor,3
TTGGGACACTGCCCGC-1,Normal,1
TTGGGCGGCGGTTGCC-1,Normal,1
TTGGGTTTATTCAGCG-1,Normal,1
TTGGTATGGCTTGTGT-1,Normal,2
TTGGTCACACTCGTAA-1,Tumor,2
TTGGTGCGGTGTTGAA-1,Normal,1
TTGGTTGCGGTGCGCG-1,Tumor,3
TTGTAACTTCATAGCG-1,Normal,1
TTGTAAGGACCTAAGT-1,Tumor,3
TTGTAAGGCCAGTTGG-1,Normal,1
TTGTAATCCGTACTCG-1,Tumor,2
TTGTACACCTCGAACA-1,Tumor,3
TTGTATCACACAGAAT-1,Normal,1
TTGTCACCGCGGTATC-1,Tumor,2
TTGTCGTTCAGTTACC-1,Normal,1
TTGTCTCGGCAAGATG-1,Tumor,3
TTGTGAACCTAATCCG-1,Normal,1
TTGTGAGGCATGACGC-1,Tumor,2
TTGTGCAGCCACGTCA-1,Blood vessel,2
TTGTGGCCCTGACAGT-1,Normal,1
TTGTGGTAGGAGGGAT-1,Tumor,3
TTGTGGTATAGGTATG-1,Normal,2
TTGTGTATGCCACCAA-1,Normal,2
TTGTGTTTCCCGAAAG-1,Tumor,2
TTGTTAGCAAATTCGA-1,Normal,1
TTGTTCAGTGTGCTAC-1,Normal,1
TTGTTCTAGATACGCT-1,Tumor,2
TTGTTGTGTGTCAAGA-1,Normal,1
TTGTTTCACATCCAGG-1,Tumor,3
TTGTTTCATTAGTCTA-1,Tumor,3
TTGTTTCCATACAACT-1,Tumor,3
TTGTTTGTATTACACG-1,Tumor,3
TTGTTTGTGTAAATTC-1,Normal,2
