,ground_truth,domain
AAACAAGTATCTCCCA-1,Tumor_edge_5,2
AAACACCAATAACTGC-1,IDC_4,1
AAACAGAGCGACTCCT-1,Healthy_1,10
AAACAGGGTCTATATT-1,IDC_3,2
AAACAGTGTTCCTGGG-1,IDC_4,1
AAACATTTCCCGGATT-1,IDC_2,19
AAACCCGAACGAAATC-1,Tumor_edge_3,4
AAACCGGGTAGGTACC-1,IDC_8,11
AAACCTAAGCAGCCGG-1,IDC_2,19
AAACCTCATGAAGTTG-1,Tumor_edge_2,17
AAACGAAGAACATACC-1,DCIS/LCIS_5,14
AAACGAGACGGTTGAT-1,IDC_6,11
AAACGCCCGAGATCGG-1,Healthy_1,2
AAACGGGCGTACGGGT-1,IDC_2,3
AAACGGTTGCGAACTG-1,Tumor_edge_6,9
AAACGTGTTCGCCCTA-1,Healthy_1,10
AAACTAACGTGGCGAC-1,Healthy_1,2
AAACTCGGTTCGCAAT-1,IDC_2,19
AAACTCGTGATATAAG-1,Healthy_1,10
AAACTGCTGGCTCCAA-1,Healthy_2,17
AAACTTAATTGCACGC-1,IDC_4,1
AAACTTGCAAACGTAT-1,Tumor_edge_2,16
AAAGAATGTGGACTAA-1,IDC_2,3
AAAGACCCAAGTCGCG-1,IDC_5,8
AAAGACTGGGCGCTTT-1,Tumor_edge_2,6
AAAGCTTGCCTACATA-1,Healthy_1,10
AAAGGCCCTATAATAC-1,IDC_4,1
AAAGGCTACGGACCAT-1,DCIS/LCIS_4,5
AAAGGCTCTCGCGCCG-1,Healthy_2,12
AAAGGGATGTAGCAAG-1,IDC_7,12
AAAGGGCAGCTTGAAT-1,Tumor_edge_2,17
AAAGGTAAGCTGTACC-1,Healthy_1,10
AAAGTAGCATTGCTCA-1,Tumor_edge_2,2
AAAGTCACTGATGTAA-1,IDC_5,8
AAAGTCGACCCTCAGT-1,Tumor_edge_2,6
AAAGTGTGATTTATCT-1,Tumor_edge_3,4
AAAGTTGACTCCCGTA-1,Tumor_edge_3,13
AAATAACCATACGGGA-1,Tumor_edge_1,4
AAATAAGGTAGTGCCC-1,Tumor_edge_3,4
AAATACCTATAAGCAT-1,Healthy_2,16
AAATAGCTTAGACTTT-1,DCIS/LCIS_1,15
AAATAGGGTGCTATTG-1,DCIS/LCIS_4,9
AAATCCGATACACGCC-1,IDC_2,19
AAATCGTGTACCACAA-1,IDC_8,11
AAATCTAGCCCTGCTA-1,IDC_2,5
AAATGATTCGATCAGC-1,Healthy_1,10
AAATGCTCGTTACGTT-1,IDC_5,8
AAATGGCATGTCTTGT-1,Tumor_edge_1,12
AAATGGCCCGTGCCCT-1,IDC_3,2
AAATGGTCAATGTGCC-1,IDC_8,11
AAATGTGGGTGCTCCT-1,DCIS/LCIS_5,7
AAATTAACGGGTAGCT-1,IDC_8,11
AAATTACACGACTCTG-1,Tumor_edge_1,4
AAATTACCTATCGATG-1,Healthy_1,2
AAATTCCAGGTCCAAA-1,DCIS/LCIS_1,15
AAATTGATAGTCCTTT-1,IDC_4,1
AAATTGCGGCGGTTCT-1,IDC_5,8
AAATTGGTGAGAAGCA-1,Healthy_1,10
AAATTTACCGAAATCC-1,Healthy_1,2
AAATTTGCGGGTGTGG-1,IDC_8,11
AACAACTGGTAGTTGC-1,IDC_6,11
AACAATACATTGTCGA-1,IDC_4,1
AACAATTACTCTACGC-1,IDC_8,11
AACACACGCTCGCCGC-1,IDC_2,5
AACACGACTGTACTGA-1,DCIS/LCIS_5,14
AACACGAGACGCGGCC-1,Tumor_edge_2,16
AACACGCGGCCGCGAA-1,IDC_5,8
AACAGCTGTGTGGCAA-1,IDC_4,1
AACAGGAAATCGAATA-1,Tumor_edge_1,12
AACAGGATGGGCCGCG-1,IDC_8,11
AACAGGTAGTATGGAT-1,Tumor_edge_3,10
AACATATCAACTGGTG-1,Healthy_1,2
AACATCGATACGTCTA-1,Healthy_1,10
AACATTGAAGTTGATC-1,IDC_4,1
AACATTGTGACTCGAG-1,IDC_4,1
AACCAAGACTTCTCTG-1,IDC_8,11
AACCAGTATCACTCTT-1,Healthy_1,2
AACCATAGGGTTGAAC-1,IDC_4,1
AACCATGGGATCGCTA-1,IDC_5,8
AACCCAGAGACGGAGA-1,IDC_5,8
AACCCATCCCATGATC-1,IDC_4,18
AACCCGACAACCCGTG-1,IDC_4,1
AACCCGAGCAGAATCG-1,DCIS/LCIS_2,4
AACCCGCTGTATTCCA-1,IDC_4,1
AACCCTACTGTCAATA-1,Tumor_edge_3,4
AACCCTGGTGGAACCA-1,DCIS/LCIS_5,14
AACCGAGCTTGGTCAT-1,IDC_7,17
AACCGCTAAGGGATGC-1,Tumor_edge_5,10
AACCGTTGTGTTTGCT-1,Tumor_edge_1,12
AACCTCGCTTTAGCCC-1,Tumor_edge_6,19
AACCTGTCACGGAATT-1,DCIS/LCIS_1,15
AACCTTTAAATACGGT-1,DCIS/LCIS_4,20
AACCTTTACGACGTCT-1,Healthy_1,2
AACGATAATGCCGTAG-1,DCIS/LCIS_4,18
AACGATAGAAGGGCCG-1,IDC_5,8
AACGATATGTCAACTG-1,IDC_7,17
AACGCATGATCTGGGT-1,Healthy_1,10
AACGCGAACGGCAACA-1,IDC_5,8
AACGCGACCTTGGGCG-1,IDC_4,1
AACGCGGTCTCCAGCC-1,IDC_7,12
AACGCTGTTGCTGAAA-1,IDC_2,19
AACGGACGTACGTATA-1,Tumor_edge_5,18
AACGGCCATCTCCGGT-1,IDC_8,11
AACGTACTGTGGGTAC-1,IDC_8,11
AACGTCAGACTAGTGG-1,IDC_6,12
AACGTCGCTGCACTTC-1,IDC_2,3
AACGTGATGAAGGACA-1,Tumor_edge_1,13
AACGTGCGAAAGTCTC-1,IDC_6,11
AACTACCCGTTTGTCA-1,Tumor_edge_3,4
AACTAGGCTTGGGTGT-1,DCIS/LCIS_4,12
AACTCAAGTTAATTGC-1,IDC_8,11
AACTCCAGAGCGTGTT-1,IDC_2,19
AACTCCTAATCCCATG-1,Tumor_edge_6,10
AACTCGATGGCGCAGT-1,IDC_5,8
AACTCTCAATAGAGCG-1,Healthy_1,2
AACTGAGGTCAGCGTC-1,Healthy_1,2
AACTGATATTAGGCCT-1,IDC_5,12
AACTGGGTCCCGACGT-1,Tumor_edge_6,12
AACTGGTGTGGGCCTT-1,Tumor_edge_6,8
AACTTCTGCGTCTATC-1,IDC_5,12
AACTTGCCCGTATGCA-1,IDC_8,11
AACTTGCGTTCTCGCG-1,IDC_5,12
AACTTTAGCTGCTGAG-1,Tumor_edge_1,8
AAGAAGGATCAGTTAG-1,IDC_5,8
AAGACATACGTGGTTT-1,IDC_2,19
AAGACCCAACTGAACA-1,DCIS/LCIS_4,9
AAGACTAACCCGTTGT-1,IDC_5,8
AAGACTGCAAGCTACT-1,IDC_6,11
AAGAGATGAATCGGTA-1,Tumor_edge_2,17
AAGAGCTCTTTATCGG-1,IDC_6,11
AAGAGGATGTACGCGA-1,IDC_8,11
AAGAGGCATGGATCGC-1,IDC_6,6
AAGAGGCCCTTTGGAA-1,Tumor_edge_4,4
AAGATGGCACCGGACC-1,IDC_4,1
AAGATTGGCGGAACGT-1,Healthy_1,16
AAGCACCCTGCGTATC-1,DCIS/LCIS_4,20
AAGCATACTCTCCTGA-1,DCIS/LCIS_4,20
AAGCCGAAGCGGTTTA-1,Tumor_edge_3,4
AAGCCGCCGTGAAATC-1,IDC_4,1
AAGCGCAGGGCTTTGA-1,IDC_2,19
AAGCGGCGTCATGGGT-1,Healthy_1,2
AAGCGTCCCTCATCGA-1,IDC_4,1
AAGCTAGATCGAGTAA-1,Healthy_2,16
AAGCTCGTGCCAAGTC-1,IDC_6,11
AAGCTCTTTCATGGTG-1,DCIS/LCIS_4,9
AAGGAGAACTTATAAG-1,DCIS/LCIS_5,7
AAGGAGCGGTTGGTGC-1,IDC_6,11
AAGGATCGATCGCTTG-1,DCIS/LCIS_1,15
AAGGATGAGGGACCTC-1,Healthy_1,16
AAGGCAGGCTGTCTCC-1,Tumor_edge_3,4
AAGGCGCGTAAAGCTT-1,Tumor_edge_6,17
AAGGCTGTGCTCATCG-1,IDC_8,11
AAGGGAACGACTGGCT-1,IDC_4,1
AAGGGACAGATTCTGT-1,Healthy_1,2
AAGGGACTATGCATTC-1,IDC_4,1
AAGGTATCCTAATATA-1,Tumor_edge_1,16
AAGGTGATAAACCAGC-1,Tumor_edge_3,18
AAGTAGAAGACCGGGT-1,IDC_5,8
AAGTAGTGACGCGAGG-1,IDC_8,11
AAGTCAATTGTCGTCA-1,DCIS/LCIS_1,13
AAGTGACGACCGAATT-1,IDC_8,11
AAGTGAGTCGGGTTTA-1,IDC_4,1
AAGTGCCTTGACTGTA-1,DCIS/LCIS_1,13
AAGTGCGTTAGAATCT-1,Tumor_edge_2,16
AAGTGCTTCTCTATTG-1,IDC_4,1
AAGTGTTTGGAGACGG-1,Tumor_edge_5,5
AAGTTCACTCCAAGCT-1,IDC_2,19
AAGTTCAGTCTGCGTA-1,Healthy_1,10
AAGTTCGGCCAACAGG-1,IDC_8,11
AAGTTGTGATGTTATA-1,IDC_2,3
AAGTTTACTAATGGCA-1,DCIS/LCIS_5,7
AAGTTTATGGGCCCAA-1,IDC_2,19
AATAACAACGCTCGGC-1,IDC_8,11
AATAACGTCGCGCCCA-1,IDC_2,19
AATAAGTCCTCGAGAC-1,DCIS/LCIS_5,14
AATACAATGTTTCAGG-1,Tumor_edge_2,6
AATACCGGAGGGCTGT-1,Tumor_edge_6,1
AATACCTGATGTGAAC-1,IDC_2,19
AATAGAATCTGTTTCA-1,Tumor_edge_5,18
AATAGCAAGCCTCCTG-1,Healthy_1,2
AATAGCTACCGCGTGC-1,Healthy_1,10
AATAGTCCGTCCCGAC-1,DCIS/LCIS_4,12
AATATCAAGGTCGGAT-1,IDC_5,8
AATATCGAATCAATGC-1,Tumor_edge_3,4
AATATCGAGGGTTCTC-1,Healthy_1,2
AATATTGGAGTATTGA-1,IDC_8,11
AATCAGACTGCAGGAC-1,IDC_5,8
AATCAGGTTTCATTTA-1,IDC_4,1
AATCATGTAAAGACTC-1,IDC_2,19
AATCCAAGGGCCTGAG-1,IDC_5,8
AATCCATGCAAGGGTG-1,IDC_5,8
AATCGCCTCAGCGCCA-1,IDC_6,16
AATCGCGCAGAGGACT-1,DCIS/LCIS_1,13
AATCGGGACACTACGA-1,DCIS/LCIS_5,8
AATCGGTATAGCCCTC-1,IDC_2,3
AATCGTGAGCCGAGCA-1,IDC_2,19
AATCTAGGTTTACTTG-1,IDC_3,10
AATCTATGCCGGAGCC-1,Tumor_edge_6,2
AATCTGCGTTGGGACG-1,Healthy_1,2
AATCTGGCTTTCTAGT-1,IDC_3,10
AATCTGGGTAGACCCT-1,Tumor_edge_6,2
AATGACAGCAATGTCT-1,Tumor_edge_2,16
AATGACTGTCAGCCGG-1,IDC_5,12
AATGAGTTCGCATATG-1,IDC_5,12
AATGATGATACGCTAT-1,Healthy_1,2
AATGATGCGACTCCTG-1,Healthy_1,2
AATGCAACCGGGTACC-1,IDC_7,12
AATGCACCAAGCAATG-1,Healthy_1,10
AATGGTCCACCGTTCA-1,Tumor_edge_2,6
AATGGTTCTCACAAGC-1,IDC_5,12
AATGTATGGCACTGTA-1,IDC_4,1
AATGTGCCCGAGGTGT-1,IDC_4,1
AATGTGCTAATCTGAG-1,IDC_4,1
AATGTTGTCGTGAGAC-1,IDC_2,3
AATTAAAGGTCGGCGT-1,IDC_8,11
AATTAACGGATTTCCA-1,DCIS/LCIS_4,20
AATTCATAAGGGATCT-1,Healthy_1,2
AATTCATTGTCATGCA-1,IDC_4,1
AATTCCAAGCATGTAC-1,Tumor_edge_6,9
AATTCGATTCGAGGAT-1,IDC_2,19
AATTGCAGCAATCGAC-1,IDC_2,19
AATTGCGTGGATTACA-1,IDC_4,1
AATTTGGGACATAGTA-1,Tumor_edge_1,10
AATTTGGTTCCAAAGA-1,Tumor_edge_6,12
ACAAACCATGCGTCCT-1,IDC_4,1
ACAAAGCATGACCTAG-1,IDC_2,19
ACAAATCGCACCGAAT-1,Tumor_edge_5,18
ACAAATTCAGATCTGA-1,Healthy_1,2
ACAACAGCATGAGCTA-1,Tumor_edge_6,11
ACAACGGTCCCTGCGA-1,IDC_5,12
ACAAGCAGTGCCTAGC-1,IDC_8,11
ACAAGGAAATCCGCCC-1,Healthy_2,18
ACAAGGACAAGAGGTT-1,IDC_8,11
ACAAGGATGCTTTAGG-1,IDC_2,19
ACAATAGTCGTACGTT-1,Tumor_edge_2,6
ACAATCCATTTAAACC-1,IDC_8,11
ACAATCGATCTTTATA-1,DCIS/LCIS_5,7
ACAATGAATACGGAGA-1,IDC_4,1
ACAATGATTCTTCTAC-1,Healthy_1,2
ACAATTGTGTCTCTTT-1,IDC_2,5
ACAATTTGAGCAGTGG-1,IDC_7,16
ACACAAAGACGGGTGG-1,Tumor_edge_6,12
ACACACCAGGACCAGT-1,IDC_1,18
ACACACTTTCTACACG-1,IDC_5,12
ACACATGATCAAATCT-1,IDC_4,1
ACACATTTCCGTAGAC-1,IDC_4,1
ACACCACATAATTAGC-1,Tumor_edge_3,4
ACACCCAGCATGCAGC-1,IDC_5,12
ACACCCGAGAAATCCG-1,IDC_5,12
ACACCGGTCTGACCGC-1,IDC_4,1
ACACCTTAAGTAGGGC-1,IDC_6,12
ACACCTTACTACTTGC-1,DCIS/LCIS_1,15
ACACGAGACTCCTTCT-1,IDC_7,11
ACACGGCACTATGCAT-1,DCIS/LCIS_5,14
ACACGGGAACTTAGGG-1,IDC_7,12
ACACGTAGGCCACAAG-1,DCIS/LCIS_2,4
ACACTCCAATGTCACT-1,IDC_5,12
ACACTGGGACAGTCGT-1,DCIS/LCIS_2,4
ACAGAACTGAGAACAA-1,IDC_3,2
ACAGATTAGGTTAGTG-1,Tumor_edge_1,8
ACAGCATAGAGCCAGT-1,IDC_5,8
ACAGCGACATTCTCAT-1,IDC_2,19
ACAGCGCACCCGCAGC-1,DCIS/LCIS_5,14
ACAGGCACGGATCCTT-1,IDC_2,3
ACAGGCTTGCCCGACT-1,IDC_2,19
ACAGTAATACAACTTG-1,IDC_3,2
ACAGTATACCGTGGGA-1,Healthy_1,10
ACATAATAAGGCGGTG-1,IDC_5,8
ACATCCCGGCCATACG-1,Healthy_2,12
ACATCCTGGTAACTGT-1,DCIS/LCIS_1,15
ACATCGATCGTTTACC-1,IDC_8,11
ACATCGGTCAGCCGCG-1,IDC_8,11
ACATCGTTAACCTAGT-1,DCIS/LCIS_5,14
ACATCTCAACGCGTAA-1,DCIS/LCIS_5,14
ACATGGCGCCAAAGTA-1,DCIS/LCIS_1,15
ACATGGCTCAATTTAG-1,IDC_5,8
ACATTTGAAACCTAAC-1,IDC_2,19
ACCAAACACCCAGCGA-1,Healthy_1,10
ACCAAACTAGAAATCC-1,DCIS/LCIS_5,7
ACCAACACCACACACT-1,Healthy_1,10
ACCAACCGCACTCCAC-1,IDC_2,3
ACCAAGAACGCGTGTC-1,IDC_5,8
ACCAAGTCATCGGCAG-1,IDC_2,3
ACCAATATGCAAGTTA-1,DCIS/LCIS_4,20
ACCACAACTCAGAACA-1,DCIS/LCIS_5,13
ACCACAAGTTTCTATC-1,IDC_6,11
ACCACACGGTTGATGG-1,IDC_4,5
ACCACCAATGTAACAA-1,DCIS/LCIS_1,15
ACCACCCTCTCTTCTA-1,Healthy_1,10
ACCACGTGCAGCTATA-1,Healthy_2,18
ACCAGCCCGGTCTTTG-1,DCIS/LCIS_5,14
ACCAGGAGTGTGATCT-1,DCIS/LCIS_5,7
ACCAGTGCCCGGTCAA-1,Healthy_1,2
ACCAGTGCGGGAGACG-1,Tumor_edge_5,10
ACCATATCCGCAATAA-1,IDC_8,11
ACCATCCGCCAACTAG-1,Tumor_edge_2,16
ACCATCGTATATGGTA-1,IDC_8,11
ACCCAACGCCCGTGGC-1,IDC_7,16
ACCCACCTACATGCTC-1,Tumor_edge_2,17
ACCCATCTTGAGGGTA-1,IDC_8,11
ACCCATTTGTCCCTCT-1,IDC_2,19
ACCCGAGCGAAATTAC-1,IDC_4,1
ACCCGATTGGTTCCGA-1,Tumor_edge_6,1
ACCCGGAAACTCCCAG-1,DCIS/LCIS_4,20
ACCCGGATGACGCATC-1,DCIS/LCIS_1,15
ACCCGGTTACACTTCC-1,IDC_8,11
ACCCGTAGTCTAGTTG-1,Tumor_edge_6,19
ACCCGTGTCATCAGTA-1,Healthy_2,12
ACCCTATAGGACTGAG-1,IDC_5,8
ACCCTCCCGTCAGGGC-1,IDC_2,3
ACCCTCCCTTGCTATT-1,Tumor_edge_5,18
ACCCTGGTAACGCCCT-1,Healthy_1,10
ACCCTTCATCTGCGAA-1,Tumor_edge_1,12
ACCCTTTAGTTCTCCA-1,DCIS/LCIS_5,15
ACCGAAAGGGCCCTGC-1,IDC_5,8
ACCGAAGAGTCTGGTT-1,IDC_4,5
ACCGACACATCTCCCA-1,DCIS/LCIS_4,20
ACCGACTGAGTCCCAC-1,IDC_7,12
ACCGAGTCTCCTTATT-1,IDC_2,19
ACCGATAGGCATAACC-1,Tumor_edge_4,4
ACCGATATTTAATCAT-1,Tumor_edge_3,10
ACCGATGGTAGCATCG-1,IDC_1,2
ACCGCAATAACTGCCT-1,Tumor_edge_5,18
ACCGCGGTGGAAGTCG-1,DCIS/LCIS_1,13
ACCGGGCCTTTGTTGA-1,Tumor_edge_6,13
ACCGGTCAGGTACACC-1,IDC_4,1
ACCGTGACCACGTGGG-1,IDC_4,1
ACCGTTCCCGCTCTGA-1,DCIS/LCIS_5,14
ACCTAAGTACCTTTCA-1,Tumor_edge_2,16
ACCTAATCGACTTCCT-1,IDC_8,11
ACCTACAGTATGTGGT-1,DCIS/LCIS_1,15
ACCTACTATAAATCTA-1,IDC_4,1
ACCTCCGCCCTCGCTG-1,DCIS/LCIS_2,4
ACCTCCGTTATTCACC-1,DCIS/LCIS_1,15
ACCTCGAACTTATGCT-1,IDC_4,1
ACCTGCGTGTCATGTT-1,Tumor_edge_2,16
ACCTTTCCTTTAGAAG-1,DCIS/LCIS_5,7
ACGAAATGGGCGGCAC-1,IDC_8,11
ACGACTCTAGGGCCGA-1,IDC_2,19
ACGACTGGTCATACTC-1,IDC_4,1
ACGAGAACCCATCACG-1,IDC_5,8
ACGAGATATTTGCTTA-1,DCIS/LCIS_5,13
ACGAGGATACCACTCT-1,IDC_3,2
ACGAGGTTTACAACGT-1,IDC_4,18
ACGAGTACGGATGCCC-1,Tumor_edge_3,2
ACGATACATAGAACTA-1,Tumor_edge_1,16
ACGATCATACATAGAG-1,IDC_7,12
ACGATCATCTTGTAAA-1,DCIS/LCIS_1,15
ACGATGCATATGTTAT-1,IDC_8,11
ACGATGGATCCGATGC-1,DCIS/LCIS_5,14
ACGCAAACTAATAGAT-1,IDC_4,1
ACGCAATCACTACAGC-1,Healthy_1,2
ACGCATAAATGACATG-1,Healthy_1,2
ACGCATACGTTTACTA-1,Tumor_edge_4,5
ACGCATTCGTGAGTAC-1,IDC_6,11
ACGCCACTCGAAACAG-1,IDC_4,1
ACGCCAGATGATTTCT-1,Tumor_edge_1,16
ACGCCAGTGCGTTTGC-1,IDC_2,19
ACGCCCAGCTGTCGAT-1,DCIS/LCIS_5,14
ACGCCGCTAGACGACC-1,Healthy_2,16
ACGCGCTACACAGGGT-1,IDC_8,11
ACGCGGGCCAAGGACA-1,IDC_6,11
ACGCTAGTGATACACT-1,Healthy_1,2
ACGCTGTGAGGCGTAG-1,Tumor_edge_2,6
ACGCTTAGTGTCTCTC-1,Tumor_edge_6,13
ACGGAACACGAGTGCC-1,IDC_2,19
ACGGAATTTAGCAAAT-1,IDC_5,8
ACGGACTCTCAAAGCG-1,DCIS/LCIS_4,20
ACGGAGCGCAAATTAC-1,Healthy_1,10
ACGGATGGTGCGGATA-1,DCIS/LCIS_4,20
ACGGCGACGATGGGAA-1,Healthy_2,18
ACGGCGGGTTGCCCTG-1,IDC_5,8
ACGGCTGGATGTAGAA-1,IDC_4,1
ACGGGAGTGTCGGCCC-1,Tumor_edge_2,16
ACGGGCGTATGCGACA-1,Healthy_1,10
ACGGTACAGTTCAATG-1,IDC_2,3
ACGGTCACCGAGAACA-1,IDC_4,1
ACGTACAGATTTCTCT-1,DCIS/LCIS_5,14
ACGTACTTTGGCACGG-1,Tumor_edge_6,1
ACGTAGATTGCTGATG-1,IDC_6,11
ACGTAGGAGAGTCGCT-1,IDC_2,19
ACGTATTACTCCGATC-1,DCIS/LCIS_1,15
ACGTCCTAAACGAGAT-1,DCIS/LCIS_5,7
ACGTGCGCCTCGTGCA-1,IDC_5,8
ACGTTAATGTCGAAGA-1,IDC_6,11
ACGTTAGATTTGCCCG-1,IDC_8,11
ACGTTATTGGTCACTC-1,IDC_5,12
ACGTTCCGCGCTCCGT-1,Tumor_edge_1,8
ACGTTCGCAATCAATT-1,DCIS/LCIS_1,15
ACGTTCGTTCAGGAAA-1,IDC_4,1
ACGTTCTGTACAAGTC-1,IDC_2,3
ACGTTTAGTTGTGATC-1,Tumor_edge_1,12
ACTAATACGTCAGGCG-1,Healthy_1,2
ACTACAAAGAGAGGTG-1,IDC_4,1
ACTACATCCCGACAAG-1,IDC_4,1
ACTACCAGCTCTCTGG-1,IDC_6,12
ACTACGCGTTAGAATT-1,DCIS/LCIS_4,20
ACTAGTTGCGATCGTC-1,Tumor_edge_5,2
ACTATATGCTGTGTTC-1,Healthy_1,10
ACTATCCAGGGCATGG-1,DCIS/LCIS_1,15
ACTATCTGCCCGCGTA-1,Tumor_edge_5,10
ACTATGTCCAGCTGCC-1,IDC_4,1
ACTATTCGTCCGTGGT-1,Tumor_edge_1,16
ACTATTTCCGGGCCCA-1,IDC_4,1
ACTCAACGAATGTATT-1,IDC_5,8
ACTCAAGTGCAAGGCT-1,IDC_2,19
ACTCAATAAAGGCACG-1,IDC_7,12
ACTCAGACCTGCTTCT-1,IDC_5,8
ACTCATGGCAGCCTTC-1,IDC_4,1
ACTCCAATATCATCAT-1,IDC_4,1
ACTCCCATTCCTAAAG-1,IDC_3,2
ACTCCCGAATTCGTTT-1,Tumor_edge_6,2
ACTCCCGTAGACTAGG-1,Healthy_1,10
ACTCCCTAATGCTAAA-1,DCIS/LCIS_4,20
ACTCCGGCCGACCACT-1,IDC_2,19
ACTCGCCGTTCGATAA-1,IDC_2,19
ACTCGTAACCCGTCCT-1,Tumor_edge_2,2
ACTCGTCAGTAATCCC-1,IDC_6,11
ACTCTCTGACTTAGGT-1,IDC_1,16
ACTCTCTTATACACGA-1,Tumor_edge_1,13
ACTCTGACCTAATAGA-1,IDC_2,3
ACTCTTGTATAGTAAC-1,IDC_6,11
ACTGAAACGCCGTTAG-1,IDC_2,19
ACTGAATGGCGAAAGT-1,Tumor_edge_5,18
ACTGATTTAGTGATTC-1,DCIS/LCIS_5,13
ACTGCCCGCCATTCTC-1,IDC_4,1
ACTGCCGTCGTAACTC-1,Tumor_edge_1,12
ACTGCGGACACACCGT-1,DCIS/LCIS_1,15
ACTGGGATGCCAGTGC-1,IDC_4,1
ACTGTACGATACACAT-1,IDC_7,17
ACTGTAGCACTTTGGA-1,IDC_6,11
ACTGTATACGCGAGCA-1,IDC_5,8
ACTGTCCAGGATTATA-1,IDC_8,11
ACTGTCTTCTTTAGAA-1,IDC_6,11
ACTGTGCTAGTAGATC-1,IDC_5,8
ACTGTTTAGTGTAGGC-1,DCIS/LCIS_5,7
ACTTACCGGGCGCGCA-1,Healthy_1,10
ACTTACGCATCCACGC-1,DCIS/LCIS_4,20
ACTTAGTACGACAAGA-1,IDC_5,8
ACTTATACTTACCCGG-1,IDC_1,2
ACTTATTAGGATCGGT-1,IDC_8,11
ACTTATTTATGTGCCA-1,Tumor_edge_5,18
ACTTCAGGCTGATCCC-1,Tumor_edge_5,18
ACTTCCATGCGGGACA-1,IDC_2,19
ACTTCGCCATACGCAC-1,IDC_7,17
ACTTGACTCCCTCTTT-1,Healthy_2,16
ACTTGCCATATTGTAC-1,DCIS/LCIS_5,8
ACTTGGGACCCGGTGG-1,IDC_6,11
ACTTGTAGTCCCTTCA-1,Tumor_edge_2,16
ACTTGTGGATGGAACG-1,Tumor_edge_5,10
ACTTGTTACCGGATCA-1,Tumor_edge_6,1
ACTTTACCCTCATGAA-1,DCIS/LCIS_1,15
ACTTTCCTATAGCTTC-1,IDC_7,12
ACTTTGACTGCATCCT-1,Tumor_edge_2,6
ACTTTGGTCGTGCTCC-1,IDC_4,1
AGAAATTATGACTCGC-1,Tumor_edge_5,10
AGAACCCTCAATTGGG-1,IDC_4,1
AGAACGTGGTACATTC-1,IDC_7,11
AGAACTGTACTTTGTA-1,IDC_2,19
AGAAGAGCGCCGTTCC-1,IDC_1,18
AGAAGGTACACTTCAC-1,IDC_3,10
AGAAGGTTGCCGAATT-1,IDC_8,11
AGAAGGTTGTAGGTCG-1,IDC_2,19
AGAAGTGATTCGTGAT-1,Tumor_edge_2,16
AGAATACAGGCTATCC-1,Tumor_edge_6,19
AGAATGCGGGTTCGGA-1,Healthy_1,10
AGAATTATGGATTCGA-1,Healthy_1,2
AGAATTGTTTGACATA-1,IDC_5,8
AGACATAGATCCTTCC-1,IDC_5,8
AGACCATGGGATACAA-1,IDC_5,12
AGACCCGCCCTCCTCG-1,Tumor_edge_6,12
AGACCGCTCCGCGGTT-1,Tumor_edge_5,10
AGACCGGGAAACCCTG-1,Tumor_edge_2,6
AGACGAAGTGCCGGTC-1,Tumor_edge_5,18
AGACGACGATGCCGCT-1,IDC_4,18
AGACGGGCCGATTTAA-1,Healthy_1,2
AGACTAGCCTTCCAGA-1,IDC_6,11
AGACTGTTACCGGGTC-1,IDC_4,1
AGAGAAACACCAGAAA-1,IDC_4,1
AGAGAACCGTCTAGGA-1,Healthy_1,16
AGAGAAGGAGTACAAT-1,IDC_4,1
AGAGATCTCTAAAGCG-1,Tumor_edge_2,6
AGAGCAGTTATGAGAC-1,Tumor_edge_2,6
AGAGCCGCCGAGATTT-1,DCIS/LCIS_2,4
AGAGCGGGCTAATCAT-1,IDC_5,8
AGAGCGTACAAGCTCG-1,Tumor_edge_6,17
AGAGCTACGAAAGCAT-1,IDC_5,8
AGAGGCTTCGGAAACC-1,Tumor_edge_5,5
AGAGGGACAATTGTCC-1,Healthy_1,2
AGAGGTATCTCGGTCC-1,DCIS/LCIS_5,8
AGAGTAAACTTCACTA-1,Tumor_edge_3,4
AGAGTATAGTGTTACG-1,Healthy_1,10
AGAGTTAGAGACCGAT-1,Healthy_1,2
AGATAACTTCAGGGCC-1,IDC_8,11
AGATACCAATAGAACC-1,IDC_2,5
AGATACCAGCACTTCA-1,Healthy_1,10
AGATACCGGTGTTCAC-1,IDC_8,11
AGATACGACTTCATAT-1,IDC_5,8
AGATATAATACGACTA-1,Tumor_edge_6,19
AGATCGTGCATAAGAT-1,Healthy_1,2
AGATCTCAGGTGTGAT-1,IDC_7,17
AGATGACTCGCCCACG-1,IDC_5,8
AGATGAGGGTTGCGAT-1,Healthy_1,10
AGATGATGGAGTCTGG-1,DCIS/LCIS_1,15
AGATGCAAGACGTGCA-1,IDC_4,1
AGATTATAGGACGTTT-1,IDC_8,11
AGATTCACAACCGATA-1,IDC_3,10
AGCAAAGGCCGCTAGT-1,DCIS/LCIS_4,20
AGCAACATATCTTATT-1,Tumor_edge_6,4
AGCAACCGAAAGTAAT-1,IDC_4,5
AGCACACGTTTAGACT-1,IDC_4,1
AGCACCAGTACTCACG-1,IDC_7,12
AGCACTACCGGCCTGT-1,IDC_8,17
AGCACTACCTCACCAG-1,DCIS/LCIS_4,9
AGCACTTAAGGACGCC-1,IDC_8,11
AGCAGAAGGAGAAAGA-1,DCIS/LCIS_4,20
AGCAGCCAGATGAATA-1,DCIS/LCIS_4,12
AGCAGTCGAAGCATGC-1,IDC_4,19
AGCATATCAATATGCT-1,IDC_2,5
AGCATCATTTCGAAAG-1,IDC_3,18
AGCATCGTCGATAATT-1,IDC_5,8
AGCATTACGAGGCAAG-1,IDC_2,3
AGCCAAGCTTTGTGTC-1,DCIS/LCIS_4,9
AGCCACAGGTTACCCG-1,IDC_2,19
AGCCACTCCCGTGCTT-1,Tumor_edge_1,16
AGCCATATAGTATGTG-1,Tumor_edge_6,5
AGCCCATACATGTAAG-1,IDC_8,11
AGCCCGCAACAAGCAG-1,IDC_4,1
AGCCCGCACTACAATG-1,IDC_2,19
AGCCCGGCATTAGAGG-1,IDC_4,1
AGCCCGGTAGCCTGTA-1,IDC_4,1
AGCCCTAAGCGAAGTT-1,IDC_5,8
AGCCCTCCCTGGTGGC-1,IDC_4,1
AGCCCTTCTAATCCGA-1,Healthy_1,10
AGCCCTTGGACATCCC-1,Tumor_edge_4,4
AGCCGTGGCTAAATGT-1,IDC_3,2
AGCCTAATACCCACGT-1,IDC_3,2
AGCCTTAAAGCGGAAG-1,Tumor_edge_6,12
AGCGACATCCCATTCA-1,IDC_5,8
AGCGACCAACGATATT-1,Tumor_edge_6,12
AGCGAGACGTGAAGGC-1,IDC_4,1
AGCGATGCGCCTAATA-1,IDC_2,19
AGCGCATAATGAATCG-1,Healthy_2,12
AGCGCGGGTGCCAATG-1,Healthy_1,2
AGCGCTTATGGGCAAG-1,Healthy_1,2
AGCGGACACTTCGTAG-1,DCIS/LCIS_4,20
AGCGGCGGTTAGCGGT-1,IDC_3,2
AGCGGGAAGGGTCCAT-1,IDC_5,8
AGCGGGTCTGACACTC-1,Tumor_edge_6,9
AGCGGTTGCCGCTCTG-1,Healthy_1,10
AGCGTACGAGAGCTAG-1,IDC_5,8
AGCGTCTGAACCCGCA-1,IDC_5,8
AGCTAACAAGCAATGT-1,IDC_4,1
AGCTAAGTACGCAGGC-1,IDC_2,19
AGCTAGAAGCAGAAGT-1,Healthy_1,10
AGCTATTTAATCCAAC-1,Tumor_edge_1,16
AGCTCCATATATGTTC-1,DCIS/LCIS_2,4
AGCTCCTTCGCACATC-1,IDC_2,5
AGCTCTAGACGTTCCA-1,IDC_6,6
AGCTCTTCCCAGTGCA-1,Tumor_edge_1,2
AGCTCTTCGTAACCTT-1,DCIS/LCIS_1,15
AGCTCTTTACTCAGTT-1,IDC_8,11
AGCTGAAGTAAACCAA-1,Tumor_edge_1,10
AGCTGTAACCTCAATC-1,IDC_4,1
AGCTTATAGAGACCTG-1,Tumor_edge_1,8
AGCTTCTTCTCGAGCA-1,IDC_2,3
AGCTTGATCTTAACTT-1,Tumor_edge_6,17
AGGAAGCTGTCCGCCG-1,DCIS/LCIS_4,20
AGGACATCGCACGTCG-1,IDC_5,8
AGGACGACCCATTAGA-1,IDC_8,11
AGGACGCTCGATGTTG-1,Healthy_1,10
AGGAGACATCCACAGT-1,Healthy_1,10
AGGAGGCCTTCGCGCG-1,IDC_2,5
AGGATAAAGTCGGGAT-1,DCIS/LCIS_4,12
AGGATATAGGGATTTA-1,Tumor_edge_3,10
AGGATATCCGACTGCA-1,IDC_2,19
AGGATCACGCGATCTG-1,IDC_3,2
AGGATTGCTTACGACA-1,Tumor_edge_3,10
AGGCACGTGACTGTCC-1,DCIS/LCIS_2,4
AGGCAGATGCGTAAAC-1,Tumor_edge_1,16
AGGCAGGGAGCGTACT-1,IDC_4,5
AGGCATTGTCGTAGGG-1,Tumor_edge_5,2
AGGCCACCCGTTATGA-1,Tumor_edge_6,11
AGGCCCAGTGACTGGT-1,IDC_5,12
AGGCCCATTGTACAGG-1,IDC_5,8
AGGCCCTAGAACGCCA-1,Tumor_edge_2,17
AGGCCTATCATACCAA-1,IDC_4,1
AGGCCTGAGAATCTCG-1,IDC_2,19
AGGCGGTTTGTCCCGC-1,IDC_4,1
AGGCGTCTATGGACGG-1,Healthy_1,10
AGGCTATGGTTAGCTT-1,Tumor_edge_2,17
AGGCTTGCTAGACACC-1,Tumor_edge_2,6
AGGGAAACGAGGTACT-1,Tumor_edge_1,4
AGGGACCGGCTGCGTT-1,DCIS/LCIS_1,15
AGGGAGACATACTTCG-1,Tumor_edge_3,10
AGGGCAGCGGCGTGGT-1,DCIS/LCIS_5,14
AGGGCGAGCAGCTGAT-1,Tumor_edge_2,16
AGGGCGTGATCGGCTA-1,IDC_5,8
AGGGCTGCAGTTACAG-1,IDC_6,11
AGGGTCAGAGCACTCG-1,IDC_4,1
AGGGTCAGTAACCCTA-1,Healthy_1,10
AGGGTCGATGCGAACT-1,Tumor_edge_3,4
AGGGTGCCGTTCTTTA-1,IDC_4,1
AGGGTGCTCTCGAGGG-1,Healthy_1,2
AGGGTTCAGACGGTCC-1,IDC_4,1
AGGGTTCCCTTTGGTT-1,IDC_7,16
AGGGTTTAGTTCGGGA-1,IDC_6,11
AGGTAACCTCCTATTC-1,IDC_5,8
AGGTACGATATTGCCA-1,Tumor_edge_1,14
AGGTAGATCGAGATAT-1,IDC_4,1
AGGTAGGTACAAAGCT-1,IDC_8,11
AGGTATAATTGATAGT-1,DCIS/LCIS_1,15
AGGTCAGGTGAGAGTG-1,Tumor_edge_2,16
AGGTCGCGGAGTTACT-1,Healthy_1,2
AGGTGCACGTCCACAT-1,IDC_2,3
AGGTGGTGACCTTCGC-1,DCIS/LCIS_4,9
AGGTGTATCGCCATGA-1,Tumor_edge_2,17
AGGTTACACCATGCCG-1,Tumor_edge_3,13
AGGTTCTCCTTTCCGG-1,IDC_4,1
AGGTTGAGGCACGCTT-1,IDC_7,16
AGGTTTCACACACCTT-1,IDC_6,11
AGTAACGTTCATCCTG-1,Healthy_1,2
AGTAACTATAGCAGCC-1,IDC_2,3
AGTAATCTAAGGGTGG-1,Tumor_edge_6,19
AGTAATGTCTTGCCGC-1,IDC_5,8
AGTAATTTGCAAGCGT-1,IDC_4,1
AGTACAGAAGCTTATA-1,IDC_2,19
AGTACATCATTTATCA-1,Tumor_edge_3,2
AGTACCTTCGAGTGCT-1,Healthy_1,10
AGTACGGGCACCTGGC-1,Tumor_edge_1,6
AGTACGTGGCCTGTCT-1,Tumor_edge_1,4
AGTACTCTTATGCCCA-1,IDC_2,19
AGTAGAAGGCGCCTCA-1,IDC_4,5
AGTAGCGTGAACGAAC-1,DCIS/LCIS_5,7
AGTAGGAAGGAAGTTG-1,Healthy_1,10
AGTAGGTAACATACAT-1,IDC_5,8
AGTATAATACTAGGCA-1,IDC_5,17
AGTATACACAGCGACA-1,IDC_4,1
AGTATCCATAATAACG-1,IDC_5,8
AGTATGCTGGAGACCA-1,IDC_4,1
AGTCAAATGATGTGAT-1,IDC_4,1
AGTCAACACCACCATC-1,IDC_8,11
AGTCAAGATGACACTT-1,Tumor_edge_5,18
AGTCACTAGCTCTCGA-1,IDC_2,5
AGTCACTCCGCCTCAT-1,IDC_5,8
AGTCAGCCACCGCCTG-1,IDC_5,8
AGTCCAGCGGGTACGT-1,IDC_5,8
AGTCCATTGGCTGATG-1,DCIS/LCIS_1,15
AGTCCCGCCTTTAATT-1,Healthy_1,10
AGTCGACGGTCTCAAG-1,IDC_1,18
AGTCGGCCCAAACGAC-1,IDC_6,17
AGTCGGCTCAACTTTA-1,Tumor_edge_2,16
AGTCGGTTGCGTGAGA-1,DCIS/LCIS_1,15
AGTCGTATAAAGCAGA-1,IDC_2,19
AGTCGTCGACCACCAA-1,IDC_2,19
AGTCGTGGGCATTACG-1,Tumor_edge_2,16
AGTCTAAAGTATACTC-1,Tumor_edge_3,10
AGTCTCACAAGACTAC-1,IDC_4,1
AGTCTGGACATCCTTG-1,IDC_5,12
AGTCTTCTCCTCAAAT-1,IDC_7,12
AGTCTTTAAAGTGTCC-1,IDC_2,19
AGTGAACAAACTTCTC-1,DCIS/LCIS_1,13
AGTGAAGATGGTGTCC-1,Healthy_1,10
AGTGACCTACTTTACG-1,IDC_8,11
AGTGACTGTGACACAA-1,IDC_4,1
AGTGAGACTTCCAGTA-1,Healthy_1,16
AGTGAGCCTCGCCGCC-1,Tumor_edge_3,2
AGTGAGGGTTTCTGAC-1,Tumor_edge_1,13
AGTGAGTCGAATTAAC-1,IDC_2,3
AGTGATAACCTGCGCG-1,IDC_2,19
AGTGATATGAGTAGTT-1,IDC_8,11
AGTGATTCAAGCAGGA-1,Healthy_1,16
AGTGCACGCTTAAGAA-1,IDC_2,5
AGTGCGTAGCTCGTAA-1,IDC_8,11
AGTGCTAAACACAGCA-1,IDC_2,19
AGTGCTTGCACGAATA-1,IDC_1,18
AGTGGCCCGCAAATGG-1,IDC_2,19
AGTGGCGGCAATTTGA-1,Healthy_1,2
AGTGGCGTCTGAAGGT-1,IDC_2,19
AGTGGCTCCGTCGGCC-1,Tumor_edge_2,6
AGTGTATTGCGCATTG-1,Healthy_1,10
AGTGTGGTCTATTGTG-1,IDC_5,12
AGTTAAACACTTGCGA-1,IDC_8,11
AGTTAAGCGGTCCCGG-1,Tumor_edge_1,4
AGTTAAGTCAACCGCT-1,IDC_3,2
AGTTACCGCACATGGT-1,Tumor_edge_2,6
AGTTACTCTATCGTGG-1,Tumor_edge_1,4
AGTTATTCAGACTGTG-1,IDC_2,19
AGTTCCTACAGAATTA-1,Tumor_edge_6,11
AGTTCCTATTTATGTT-1,Healthy_2,17
AGTTCTGCGTTGTATC-1,IDC_5,12
AGTTGACATCGGCTGG-1,IDC_5,8
AGTTGACGGTCCTTGC-1,DCIS/LCIS_4,9
AGTTGCGGTCCTCAAC-1,IDC_4,1
AGTTGCTGACTGATAT-1,IDC_5,12
AGTTGGCAAGGCTAGA-1,IDC_2,3
AGTTTATGTAAAGACA-1,Healthy_1,10
AGTTTCGCAGGTCGGA-1,Tumor_edge_6,8
AGTTTGCACCTGCCTC-1,DCIS/LCIS_4,20
AGTTTGGCACGGGTTG-1,Tumor_edge_3,4
AGTTTGGCCAGACCTA-1,IDC_8,11
ATAAACGGACCCGTAA-1,Healthy_2,17
ATAAACGTTGCACCAC-1,DCIS/LCIS_2,4
ATAAAGGCTCGGTCGT-1,IDC_8,11
ATAAAGGTCAAGTACG-1,Tumor_edge_1,13
ATAAATATTAGCAGCT-1,IDC_8,11
ATAACGCCGGAGGGTC-1,IDC_6,6
ATAACGGAGTCCAACG-1,IDC_7,17
ATAACGTTACCTCCAC-1,Healthy_1,2
ATAAGGTGGAGAACAT-1,Healthy_2,18
ATAAGTACCCGATTGT-1,Healthy_1,2
ATAAGTAGGATTCAGA-1,Tumor_edge_6,2
ATAAGTAGGGCGACTC-1,DCIS/LCIS_1,15
ATAAGTTACCGCGACG-1,IDC_8,11
ATAATACCGTTAGCCG-1,IDC_5,12
ATAATAGCTGTTGAAT-1,Healthy_2,17
ATAATAGTGTAGGGAC-1,IDC_5,12
ATAATCTTGGAGAACC-1,DCIS/LCIS_4,9
ATAATTAGCTAAGTAG-1,DCIS/LCIS_4,20
ATACAGGCCCTCCAAT-1,DCIS/LCIS_4,20
ATACCACGGGCAACTT-1,IDC_8,11
ATACCAGCAAATTGCT-1,DCIS/LCIS_5,7
ATACCAGGCTAATAGA-1,IDC_5,8
ATACCAGGTGAGCGAT-1,DCIS/LCIS_5,7
ATACCGTCATCCATAA-1,Healthy_1,10
ATACCTAACCAAGAAA-1,DCIS/LCIS_4,20
ATACGCCGGCGAAACC-1,IDC_6,2
ATACGGAACGTCGTTT-1,IDC_4,5
ATACGGGTTTCGATTG-1,Tumor_edge_1,16
ATACGTACTTAGCCAC-1,DCIS/LCIS_4,20
ATACGTCCACTCCTGT-1,Tumor_edge_5,10
ATACGTTATGCACGGA-1,DCIS/LCIS_4,20
ATACTACCCGTACCAC-1,Tumor_edge_4,18
ATACTAGCATGACCCT-1,IDC_5,8
ATACTCTCGCCACTCT-1,IDC_5,8
ATACTGCCTTACACCG-1,DCIS/LCIS_4,9
ATAGACAACGGGACCT-1,Healthy_1,16
ATAGACGAAGAGAAAG-1,IDC_8,11
ATAGAGTACTGGGACA-1,IDC_6,11
ATAGAGTTATCAACTT-1,Healthy_1,2
ATAGATTTGCAGTCGG-1,DCIS/LCIS_5,7
ATAGCAACTAGGGAAG-1,IDC_2,19
ATAGCCATAACAGTCA-1,IDC_2,3
ATAGCCTCAGTACCCA-1,IDC_5,12
ATAGGAATCTAAGCTT-1,Tumor_edge_6,2
ATAGGCGGCTATAGAA-1,IDC_8,11
ATAGGCTAGCTTCGCA-1,Healthy_1,2
ATAGGGATATCCTTGA-1,IDC_7,17
ATAGGTTGGGCAGATG-1,IDC_7,12
ATAGTCTTTGACGTGC-1,DCIS/LCIS_5,14
ATAGTGAAGCGTTCTC-1,IDC_8,11
ATAGTTCCACCCACTC-1,DCIS/LCIS_1,15
ATATAAAGCGCTCGTG-1,DCIS/LCIS_4,20
ATATAAATGTAGCTGC-1,DCIS/LCIS_4,20
ATATAACACGGGCGCA-1,IDC_2,3
ATATACGCTCGTGACG-1,Tumor_edge_6,18
ATATAGAGTATTGGTC-1,IDC_4,1
ATATCAACCTACAGAG-1,DCIS/LCIS_1,15
ATATCGGTAGGGAGAT-1,DCIS/LCIS_1,15
ATATCGTGCCAGACCC-1,DCIS/LCIS_5,15
ATATCGTTCCTCGAAC-1,IDC_2,19
ATATCTCCCTCGTTAA-1,Tumor_edge_1,2
ATATCTTAGGGCCTTC-1,IDC_6,11
ATATGGGATAGCAACT-1,IDC_4,1
ATATGTCTAGAGCGTG-1,IDC_4,1
ATATGTCTCCCTAGCC-1,Tumor_edge_3,2
ATATGTGCACAAACCA-1,Healthy_1,2
ATATTCAGTTAAACCT-1,IDC_8,11
ATATTCCACATAGTGA-1,Tumor_edge_5,18
ATATTCCCACAGGTCA-1,IDC_5,8
ATATTGCTGTCAAAGT-1,IDC_5,12
ATATTTAACCCTCAAG-1,IDC_6,11
ATCAAACACTGTTCCA-1,Tumor_edge_3,4
ATCAAACGAAGGTTTG-1,Tumor_edge_2,16
ATCAAGATCCCAGGAC-1,IDC_4,1
ATCAATCTGGGCTGCA-1,IDC_6,11
ATCAATGCCGTGGCTG-1,IDC_4,1
ATCACATTAGAATATC-1,Tumor_edge_1,10
ATCACGTGCTAATTAA-1,IDC_8,11
ATCACTTCATCCTCGC-1,IDC_7,12
ATCAGACGGCACGCCG-1,IDC_8,11
ATCAGCCTCATGCTGC-1,IDC_2,19
ATCAGCTCGTCCACTA-1,IDC_3,2
ATCAGGTCGCCATTGC-1,Healthy_1,2
ATCAGTAGGCAGGGAT-1,Tumor_edge_1,10
ATCATAGCCCTATGTA-1,IDC_2,19
ATCATCCAATATTTGT-1,IDC_8,11
ATCATCTGCCCAGTGT-1,Tumor_edge_1,13
ATCCAACGCAGTCATA-1,IDC_6,17
ATCCAATGGAGGGTCC-1,IDC_8,17
ATCCACATCGACAGAA-1,DCIS/LCIS_4,20
ATCCACGCTAAATGTT-1,Tumor_edge_1,13
ATCCACTTTCAGACTA-1,Healthy_1,2
ATCCAGGATTCGTGAA-1,IDC_8,11
ATCCCATCCACAGCGC-1,IDC_4,1
ATCCCATTTCCGTGGG-1,IDC_4,1
ATCCTACCTAAGCTCT-1,IDC_8,11
ATCCTGAATCGCTGCG-1,IDC_8,11
ATCCTGCGTGGAATGG-1,IDC_8,11
ATCCTGCTGCAGATAG-1,Tumor_edge_1,8
ATCGACCCAATACAGA-1,IDC_8,11
ATCGACTCTTTCCGTT-1,IDC_7,12
ATCGCACGATTGTTCA-1,IDC_5,8
ATCGCACGCCGGGAGA-1,IDC_7,12
ATCGCCAGTCAACATT-1,DCIS/LCIS_1,13
ATCGCTGCGTGCAGCA-1,Healthy_1,10
ATCGGAGACAGACGGC-1,DCIS/LCIS_4,18
ATCGGCAAGCAGTCCA-1,Healthy_1,10
ATCGTCCAATCGAGTC-1,IDC_5,12
ATCGTGGAAAGTCTGG-1,IDC_4,1
ATCGTTAGCTAGCGGA-1,IDC_2,19
ATCGTTCACTTTCGCC-1,Healthy_1,2
ATCTAATATCCTACGG-1,DCIS/LCIS_4,20
ATCTACCATCTGCTCC-1,IDC_2,19
ATCTAGCTTGTGAGGG-1,Tumor_edge_6,9
ATCTCCCACGGAATAT-1,Tumor_edge_4,4
ATCTCCCTGCAATCTA-1,Tumor_edge_1,16
ATCTCGTGAGCGAAAC-1,Tumor_edge_3,10
ATCTGACATGGAAGGA-1,IDC_4,1
ATCTGCACCTCTGCGA-1,Tumor_edge_3,2
ATCTGCTGTTATCGCC-1,IDC_4,1
ATCTGGGCTGTTCTTG-1,DCIS/LCIS_4,20
ATCTGGTTAAGACTGT-1,IDC_7,17
ATCTGTAATTGTACCC-1,IDC_5,8
ATCTTAGGGCATTAAT-1,IDC_4,1
ATCTTATCGCACACCC-1,IDC_2,19
ATCTTGACCTGCAACG-1,IDC_6,11
ATCTTGACTTGTCCAA-1,Tumor_edge_3,2
ATCTTTCGTATAACCA-1,Healthy_1,10
ATGAAGCCAAGGAGCC-1,IDC_5,12
ATGACGCCGGCTCTAA-1,IDC_5,8
ATGACGCGTTCTATCC-1,Tumor_edge_2,18
ATGACTATCAGCTGTG-1,IDC_4,1
ATGACTATGCGACATT-1,Tumor_edge_5,18
ATGAGGAGTGTTAATC-1,Tumor_edge_6,17
ATGAGGGCAGCGGCTA-1,Tumor_edge_3,4
ATGATCGGGAATAGAC-1,IDC_5,8
ATGATGCAATGGTACA-1,IDC_8,11
ATGCACGCGCTGTTCA-1,IDC_4,1
ATGCACTACCGCATTG-1,IDC_6,11
ATGCATGATCCAGGAT-1,IDC_7,12
ATGCATTCCGTGATGG-1,DCIS/LCIS_5,8
ATGCCAATCGCTCTGC-1,Healthy_1,10
ATGCCATTTGCGACCA-1,IDC_1,18
ATGCCGGTCTTGCATA-1,IDC_7,17
ATGCCGGTTGATGGGA-1,Tumor_edge_1,10
ATGCGACAATTGGTCC-1,Healthy_1,10
ATGCGACAGTCCCATT-1,IDC_6,11
ATGCGAGTCCCACCAC-1,Tumor_edge_3,4
ATGCTCAGTGTTGCAT-1,IDC_5,12
ATGCTCTGGCGCGGTA-1,DCIS/LCIS_4,20
ATGCTTAGGAGTTGAT-1,DCIS/LCIS_2,4
ATGGAACCTTTGCACA-1,DCIS/LCIS_1,15
ATGGAGCAGGCCGTGA-1,IDC_6,11
ATGGATCCGGCGTCCG-1,Tumor_edge_1,16
ATGGATTGACCAAACG-1,IDC_7,12
ATGGCAGCATTACGAT-1,IDC_4,1
ATGGCTGGAAATGGCC-1,Healthy_1,2
ATGGGAACGGAAGCGG-1,Healthy_1,4
ATGGGACCTGCTGAAC-1,IDC_4,1
ATGGGCCTCGGCCTCT-1,Tumor_edge_5,18
ATGGGTGTATACCTCC-1,IDC_4,1
ATGGTATTGGGAACCG-1,IDC_4,1
ATGGTATTTACTGATT-1,IDC_4,1
ATGGTCGCGTGGTTTC-1,IDC_1,18
ATGGTGCTCAAAGCCA-1,DCIS/LCIS_5,7
ATGGTTACGAAACATG-1,Healthy_1,2
ATGTAAGGCTGCTCTT-1,DCIS/LCIS_1,15
ATGTACATGCGGTGAG-1,Tumor_edge_4,5
ATGTACGATGACGTCG-1,Tumor_edge_6,9
ATGTAGCGCGCGTAGG-1,IDC_2,19
ATGTGAAAGCCTAATG-1,Tumor_edge_2,16
ATGTGCATCCGACGCA-1,IDC_5,12
ATGTGTAGTTTAGTCA-1,DCIS/LCIS_5,7
ATGTTACGAGCAATAC-1,IDC_5,8
ATGTTGATTAGAGACT-1,IDC_2,3
ATGTTGTAGTCTGTTT-1,IDC_4,1
ATTAAACATGCGGACC-1,IDC_8,11
ATTAATACTACGCGGG-1,IDC_7,12
ATTAATGAACCAGTCG-1,Tumor_edge_1,16
ATTAATTCGGTCACTC-1,Tumor_edge_1,12
ATTACAACTACCGGCC-1,Tumor_edge_1,4
ATTACATGTCAGTCTT-1,Tumor_edge_3,4
ATTACCACACTGCCTG-1,Tumor_edge_3,10
ATTACGACTCCACAGT-1,Healthy_1,10
ATTACGCGCTGGCAGG-1,IDC_8,11
ATTACTAGCCTCTTGC-1,IDC_5,8
ATTACTTACTGGGCAT-1,Healthy_1,2
ATTAGATTCCTCAGCA-1,Healthy_1,2
ATTAGATTGATAGCGG-1,IDC_5,8
ATTAGGCGATGCTTTC-1,IDC_6,11
ATTATACTTTGCTCGT-1,Tumor_edge_1,16
ATTATAGCTACTTTAC-1,DCIS/LCIS_1,15
ATTATCGGAATGTACG-1,IDC_4,1
ATTATCTCGACAGATC-1,DCIS/LCIS_5,7
ATTATGAGACCCAATT-1,IDC_4,1
ATTATGCCATAGGGAG-1,IDC_5,8
ATTATTATGTCCGTCA-1,IDC_4,1
ATTATTCAGAGTCACT-1,IDC_2,3
ATTCAACCATTTAAGG-1,Tumor_edge_4,5
ATTCACTGATGTTGGA-1,DCIS/LCIS_4,20
ATTCAGGACCTATTTC-1,Healthy_1,10
ATTCAGTAGCAGGGTC-1,Tumor_edge_2,17
ATTCATATACTGTCCA-1,Tumor_edge_6,17
ATTCATCGTTGAGGCA-1,IDC_2,19
ATTCCCACATAAACAA-1,Tumor_edge_2,6
ATTCCTAAGACGTGGA-1,Healthy_1,10
ATTCCTCCGCCAGTGC-1,IDC_5,12
ATTCCTTCCAGGCGGT-1,IDC_5,8
ATTCGACGCCGGGCCT-1,IDC_8,11
ATTCGCGCCTTGAGAG-1,IDC_2,3
ATTCGTGCTATCTCTT-1,DCIS/LCIS_1,13
ATTCGTTTATCGTATT-1,IDC_2,19
ATTCTCGTCTCTTTAG-1,IDC_5,8
ATTCTGAGTATGAACT-1,Tumor_edge_1,13
ATTCTTCGTACTTATG-1,Tumor_edge_1,13
ATTGAAGATCTTAGTG-1,IDC_8,11
ATTGACCGGCGATGAC-1,Healthy_1,10
ATTGACGTAACTCGGT-1,DCIS/LCIS_5,14
ATTGATAGCAACGAGA-1,IDC_5,8
ATTGATGAGTCCTAAC-1,Tumor_edge_3,2
ATTGCCTATTAGACCG-1,IDC_4,1
ATTGCCTTTATGTTTG-1,IDC_2,19
ATTGCGATCAGTAACT-1,Tumor_edge_5,5
ATTGCTGCTCCTCCAT-1,IDC_8,11
ATTGGATTACAGCGTA-1,Tumor_edge_4,5
ATTGGGAATATCTTGG-1,IDC_5,8
ATTGGGAGTTCTGTAA-1,Healthy_1,2
ATTGGTTGTGCATTAC-1,IDC_2,3
ATTGTACAACTCGGCT-1,DCIS/LCIS_1,15
ATTGTCGCAATACCTT-1,Tumor_edge_1,4
ATTGTCTGTTTCATGT-1,IDC_4,1
ATTGTGACTTCGCTGC-1,Healthy_1,10
ATTTAACTCGTATTAC-1,IDC_5,8
ATTTACAGTTTACTGG-1,IDC_8,11
ATTTACTAAGTCCATT-1,Tumor_edge_3,4
ATTTATACTGGTAAAG-1,IDC_4,5
ATTTCATTATTTCGCG-1,Tumor_edge_1,4
ATTTCCGGGTTCTGCG-1,IDC_4,1
ATTTGCCTAGTTACGA-1,DCIS/LCIS_5,7
ATTTGCGCGAGTAGCT-1,Tumor_edge_6,18
ATTTGTCTTGGGAGCT-1,IDC_1,18
ATTTGTTCCAGGGCTC-1,IDC_7,6
CAAACCCTCCGGCGGG-1,IDC_2,19
CAAACGAGTATCGCAG-1,IDC_8,11
CAAACGGTCGCACTTT-1,IDC_8,11
CAAACGTGGTCTTGCG-1,DCIS/LCIS_5,15
CAAACTACGATAGAGA-1,Tumor_edge_1,4
CAAACTATTGAGCTTC-1,DCIS/LCIS_5,14
CAAACTCGCGACGCCG-1,Tumor_edge_3,13
CAAAGATTATTGGGCC-1,IDC_4,1
CAAAGGTTAAATTCAG-1,Healthy_1,2
CAAATCTCTCACAAGG-1,Tumor_edge_2,17
CAAATGCGGAGTGTTC-1,DCIS/LCIS_5,7
CAAATGTCCTTCCGTG-1,IDC_8,11
CAAATTGGATTATGCC-1,Healthy_1,10
CAAATTGTCAGCAAGC-1,Tumor_edge_1,12
CAACACATCTCCTGCC-1,Tumor_edge_3,15
CAACAGTGCCAAACGG-1,DCIS/LCIS_5,7
CAACCAGTGGCCTACC-1,DCIS/LCIS_2,4
CAACCTACCGAGCAGT-1,IDC_2,19
CAACCTGAACCTGCCA-1,Healthy_1,10
CAACGACCCGTTTACA-1,IDC_5,8
CAACGGTTCTTGATAC-1,IDC_5,8
CAACGTGGTGGAGTCT-1,Tumor_edge_4,10
CAACTATATCGAATGC-1,Tumor_edge_1,4
CAACTCCAACGTTTAG-1,Tumor_edge_1,13
CAACTCCGTAACTTGC-1,Healthy_1,10
CAACTCCTTGATCCCG-1,IDC_5,8
CAACTGAGGGTATGAC-1,Healthy_1,2
CAACTGCTCATCCGAT-1,DCIS/LCIS_4,20
CAACTTGTAGTGGGCA-1,IDC_5,8
CAAGAAACCCTAAACT-1,Healthy_1,2
CAAGATATTATAACGT-1,IDC_1,18
CAAGCAACGTCGGAGT-1,IDC_8,11
CAAGCACCAAATGCCT-1,IDC_5,12
CAAGCGGCACATAATT-1,DCIS/LCIS_4,20
CAAGGATCGCATGTTC-1,IDC_6,11
CAAGGCCAGTGGTGCA-1,IDC_2,3
CAAGGTCCTATAGGCT-1,DCIS/LCIS_1,15
CAAGTAAGTGATAGAC-1,IDC_4,1
CAAGTGAACTTTGGTT-1,Tumor_edge_1,8
CAAGTGTGGTTGCAAA-1,Tumor_edge_3,4
CAATAAACCTTGGCCC-1,IDC_7,17
CAATACGAGAGTCTGA-1,Tumor_edge_3,4
CAATACGCTCTGAGGC-1,Tumor_edge_2,6
CAATATGTAGATTTAC-1,Healthy_1,2
CAATATTGGACTAGTG-1,IDC_5,8
CAATCCCTATACCAGC-1,Tumor_edge_1,4
CAATCCTGCCGTGGAG-1,IDC_5,8
CAATGACCCTTAATTT-1,IDC_4,1
CAATGAGGTTCGACTA-1,Tumor_edge_3,10
CAATGCGAGAAGTATC-1,DCIS/LCIS_4,9
CAATGGAATCTACATA-1,Healthy_1,2
CAATGGATCTCTACCA-1,Tumor_edge_6,16
CAATGGTCGGCCTGGG-1,Tumor_edge_6,8
CAATGTGCCAACCCTT-1,DCIS/LCIS_1,15
CAATTAAGGGTGATGA-1,IDC_7,12
CAATTTCGTATAAGGG-1,IDC_6,11
CAATTTGACCGGGAAG-1,IDC_5,8
CACAAACCGCAGAACT-1,IDC_2,19
CACAAGAAAGATATTA-1,Healthy_1,10
CACAAGCTAAGAAAGG-1,IDC_4,1
CACAATGAGCTGCTAT-1,IDC_8,11
CACACACGCTAACGAG-1,Tumor_edge_4,18
CACACAGCTTGCGCTC-1,Tumor_edge_3,4
CACACAGGGATAGATT-1,Tumor_edge_2,17
CACACGCGCTGTCTTA-1,Healthy_1,16
CACACGTTTCAATGGG-1,Healthy_1,4
CACACTTGTATTGCGA-1,Healthy_1,2
CACAGAGACGAGGACG-1,IDC_4,1
CACAGCACCCACGGCA-1,IDC_6,11
CACAGCTAGGGAGTGA-1,IDC_5,8
CACAGGGCCATATAGT-1,IDC_2,19
CACAGGGCCGTTGTCA-1,DCIS/LCIS_4,20
CACAGTCCCGCTTCGC-1,DCIS/LCIS_2,4
CACAGTTCGCTTCCCA-1,Tumor_edge_6,10
CACATCGTGCACGCGC-1,IDC_4,1
CACATCTCACCGACGA-1,DCIS/LCIS_4,20
CACATGATTCAGCAAC-1,IDC_6,11
CACATGTTTGGACATG-1,IDC_5,8
CACATTCTTTCGATGG-1,Tumor_edge_1,2
CACATTTCTTGTCAGA-1,DCIS/LCIS_1,13
CACCAGTCAGCATGCA-1,IDC_4,1
CACCATCGGAGGAGAC-1,Tumor_edge_1,8
CACCATGATCGCAAAG-1,Healthy_1,10
CACCCAAATCTTATGT-1,DCIS/LCIS_1,15
CACCCACACGTCACCC-1,IDC_5,8
CACCCACGAGGCAATT-1,Tumor_edge_1,10
CACCCGCGTTTGACAC-1,IDC_2,19
CACCCTAACAAGATCT-1,DCIS/LCIS_4,9
CACCCTTGGTGAGACC-1,IDC_3,2
CACCCTTTCCTCGCTC-1,IDC_5,8
CACCGATACACCGAGC-1,Tumor_edge_1,4
CACCGATGATGGGTAC-1,IDC_2,19
CACCGCCAGAAGGTTT-1,IDC_7,12
CACCGCCGACCAGCGA-1,DCIS/LCIS_5,14
CACCGCGTCCACTCTA-1,Healthy_1,10
CACCGGAGATATCTCC-1,Healthy_1,2
CACCGGGCATCACAAG-1,IDC_2,19
CACCGGTAGAGACATT-1,IDC_4,1
CACCGTATCCCATCCG-1,Tumor_edge_5,18
CACCGTTGCGCGATAT-1,Tumor_edge_2,16
CACCTAATAGAGTCGT-1,IDC_5,8
CACCTAATCAGTTTAC-1,IDC_7,16
CACCTCGATGGTGGAC-1,IDC_7,12
CACCTTGCGAAACTCG-1,Tumor_edge_1,16
CACCTTGGCGCCTTTG-1,DCIS/LCIS_1,15
CACGAAAGTTAGTCCC-1,IDC_8,11
CACGACGTAATAGTAA-1,Healthy_1,2
CACGATTGGTCGTTAA-1,Tumor_edge_6,7
CACGCACAGCGCAGCT-1,IDC_7,17
CACGCAGCGAGGCTTT-1,IDC_8,11
CACGCGGAACTGTTGC-1,DCIS/LCIS_1,15
CACGGACGTGGATGGC-1,Healthy_1,10
CACGGCGCGCCAAAGG-1,Healthy_1,10
CACGTCAATCAATGGA-1,Tumor_edge_4,18
CACGTCGGCAACCTCT-1,Tumor_edge_6,6
CACGTCTATGATGTGG-1,Healthy_1,2
CACGTTCGTGCTCTAG-1,IDC_6,16
CACGTTTCGTACACAC-1,IDC_2,19
CACTAAAGTTGCCTAT-1,IDC_8,11
CACTACGGGAGCTGCC-1,Tumor_edge_4,4
CACTACTCAGTTCTGT-1,DCIS/LCIS_5,14
CACTCAAGAGCTATGG-1,IDC_8,11
CACTCAGCTCTTGAGG-1,DCIS/LCIS_5,14
CACTCCTATGTAAGAT-1,IDC_4,1
CACTCCTCTCGGTCGG-1,Tumor_edge_1,4
CACTCGAGCTGAACAA-1,Healthy_2,18
CACTCTCAAGCATCGA-1,IDC_4,1
CACTCTTCTGCTAGCC-1,Tumor_edge_6,5
CACTGACGATTGTGGA-1,IDC_4,1
CACTGTCCAAGTGAGA-1,IDC_5,8
CACTTAATCAGACGGA-1,IDC_8,11
CACTTCGCCACAGGCT-1,IDC_5,12
CACTTCGTCTTATCTC-1,IDC_5,12
CAGAACTTAGCCCTCT-1,IDC_2,5
CAGAATAACACACGGA-1,Tumor_edge_6,4
CAGACCTGTAAGTGTT-1,Tumor_edge_6,2
CAGAGCATGAGCTTGC-1,IDC_7,17
CAGAGTGATTTAACGT-1,DCIS/LCIS_5,14
CAGATAATGGGCGGGT-1,IDC_2,3
CAGATACTAACATAGT-1,IDC_6,11
CAGATATGAAGATGAC-1,IDC_4,1
CAGATCATTTAAAGTC-1,Healthy_1,10
CAGATCCTGGTTTGAA-1,IDC_4,18
CAGCAGCCCGTTCCTT-1,IDC_7,17
CAGCAGTCCAGACTAT-1,Tumor_edge_5,2
CAGCAGTCTGTGCTGC-1,DCIS/LCIS_4,20
CAGCCCTCACAGGCAG-1,DCIS/LCIS_5,7
CAGCCGGGCCCTCTAT-1,Tumor_edge_1,4
CAGCCTCCTGCAGAGG-1,Tumor_edge_1,16
CAGCCTCTCCTCAAGA-1,Healthy_1,10
CAGCTCACTGAGACAT-1,IDC_6,11
CAGCTCGACAAGTTAA-1,Healthy_1,16
CAGCTCGTGCTTGTGT-1,IDC_5,8
CAGCTGGCGTAACCGT-1,Tumor_edge_2,2
CAGCTTAGTAGGTAGC-1,IDC_8,11
CAGGAAGACTTTATAT-1,Tumor_edge_1,4
CAGGATATATCGTTGT-1,IDC_8,11
CAGGCAGTCTTACCAG-1,IDC_2,19
CAGGCCAGTACCACCT-1,IDC_4,1
CAGGCCGTTTGGGTGT-1,IDC_8,11
CAGGCGCACGGTGGTC-1,IDC_4,1
CAGGCGCCATGCTAGG-1,Healthy_2,18
CAGTAACTATTTATTG-1,Healthy_1,10
CAGTAATCCCTCCCAG-1,IDC_5,12
CAGTACATTCTCTAAA-1,Healthy_1,10
CAGTACCAGTTTACGT-1,IDC_3,2
CAGTAGCCCACGCGGT-1,Healthy_1,2
CAGTAGCGAGGTAGTA-1,IDC_5,8
CAGTCCAACGCCTTCT-1,Healthy_1,2
CAGTCGAGGATGCAAT-1,Healthy_1,2
CAGTCTCTCGGCTAAT-1,IDC_5,8
CAGTCTGTATACTGGG-1,IDC_6,11
CAGTGAATAAATGACT-1,Tumor_edge_1,16
CAGTGGTTGCACATGA-1,IDC_5,8
CAGTGTCCGCAGAATG-1,IDC_5,8
CAGTGTCGGCTGGCCC-1,IDC_2,5
CAGTGTTAATCTCTCA-1,IDC_4,1
CAGTTCAAATTGACAC-1,IDC_6,11
CAGTTCCGCGGGTCGA-1,Tumor_edge_2,17
CAGTTCGAGGACCCGA-1,IDC_4,1
CATAACGGACAGTCGT-1,IDC_1,2
CATAAGAAGCTTGGCT-1,DCIS/LCIS_4,20
CATAAGCTCTCCGTCT-1,Tumor_edge_2,16
CATAATGAGCGGGCGA-1,Tumor_edge_1,8
CATACAAAGCCGAACC-1,IDC_5,8
CATACACGGTTCCCAC-1,DCIS/LCIS_4,9
CATACCCGTACCCAGT-1,IDC_8,11
CATACGAACTAGCTGG-1,IDC_4,1
CATACGGCGTCTGGGC-1,IDC_6,11
CATACGGGTGCATGAT-1,IDC_5,8
CATACTATGTAATTGT-1,IDC_8,11
CATACTTAGGCAATAC-1,DCIS/LCIS_1,15
CATACTTCTTTCTCCG-1,IDC_4,1
CATAGAGGAGATACTA-1,IDC_2,19
CATAGCCGCCCGGGAT-1,Tumor_edge_2,6
CATAGTACATTGAGAG-1,Tumor_edge_1,16
CATAGTAGCATAGTAG-1,IDC_5,8
CATAGTCAAATACATA-1,IDC_2,3
CATAGTCCACAAGAAC-1,IDC_8,11
CATATACTACTGATAA-1,Healthy_1,10
CATATAGGTACAGTCA-1,IDC_8,11
CATATGTCAGGCTACG-1,Tumor_edge_2,16
CATATTATTTGCCCTA-1,DCIS/LCIS_5,14
CATCAAACTGGCGCCC-1,Healthy_1,10
CATCATCTACCCGGAC-1,DCIS/LCIS_5,14
CATCATTACCCTGAGG-1,IDC_2,5
CATCCAATATAGTTTG-1,IDC_4,1
CATCCCGAGATTCATA-1,IDC_2,19
CATCCGCAGGCCCGAA-1,IDC_5,12
CATCCTCTCAAAGATC-1,IDC_2,19
CATCGCCCGCGGCCAA-1,IDC_5,8
CATCGGACGGGTTAAT-1,IDC_8,11
CATCTACCCGAGAACG-1,Healthy_1,2
CATCTATCCCGTGTCT-1,Healthy_1,10
CATCTTACACCACCTC-1,DCIS/LCIS_1,15
CATGAACCGACATTTG-1,IDC_5,8
CATGAACCTCTTATCA-1,DCIS/LCIS_5,14
CATGACTTCGCTGAAT-1,DCIS/LCIS_1,15
CATGAGATGCACTCTC-1,DCIS/LCIS_4,9
CATGATCGCTTTGAGA-1,IDC_2,19
CATGATGCACAATTCT-1,IDC_7,12
CATGATGGAAGTTAGC-1,DCIS/LCIS_1,13
CATGCATGGAGACCCT-1,DCIS/LCIS_5,14
CATGCCAACTCGCAAA-1,Tumor_edge_2,6
CATGCGACCAGTTTAA-1,Healthy_1,2
CATGCGTTAGACAGAA-1,IDC_5,8
CATGCGTTGAGAGGAG-1,IDC_4,1
CATGCTGGCTCCAATT-1,IDC_5,8
CATGGAAATGGGACCA-1,Healthy_1,2
CATGGATTGTCTTCCG-1,Tumor_edge_6,5
CATGGCAGGAAGATCG-1,IDC_5,8
CATGGGTATGCCTTAT-1,DCIS/LCIS_4,9
CATGGGTCGGGTGTGG-1,Tumor_edge_1,10
CATGGTCTAGATACCG-1,IDC_7,12
CATGGTTTATTAATCA-1,IDC_2,3
CATGTAAGAGACATTT-1,IDC_2,19
CATGTAGGAGCGCCAA-1,Healthy_1,10
CATGTCTCATTTATGG-1,Tumor_edge_5,18
CATTACATAGATTGTG-1,Tumor_edge_6,10
CATTACGCAGGAAGGG-1,IDC_2,3
CATTACGTCGGCCCGT-1,IDC_5,12
CATTATAACAGGGTCC-1,DCIS/LCIS_5,7
CATTATCCCATTAACG-1,IDC_4,1
CATTATGCTTGTTGTG-1,IDC_6,12
CATTCACTGACAGCTA-1,DCIS/LCIS_5,14
CATTCAGGTCAGTGCG-1,IDC_5,8
CATTCCCATTCCGTCG-1,Tumor_edge_3,15
CATTCCCTAAGTACAA-1,IDC_5,12
CATTGATGAACACGCC-1,Healthy_1,10
CATTGCGGGTCAATTC-1,Healthy_1,10
CATTGTGTGCTAGATC-1,IDC_5,12
CATTTAGCGGACCATG-1,Tumor_edge_1,16
CATTTATCGTTCAAGA-1,DCIS/LCIS_5,15
CATTTCTAGCAGACTA-1,IDC_5,8
CCAAACAGAACCCTCG-1,IDC_5,12
CCAAATAACAAGATTC-1,Tumor_edge_5,10
CCAAATCAAAGGGCAA-1,IDC_4,1
CCAACCTTATGTAACT-1,IDC_4,1
CCAACGATGCACTGAT-1,IDC_8,11
CCAACGCTTGCCAGGG-1,Healthy_1,2
CCAAGACTTCTGCGAA-1,IDC_5,8
CCAAGCGTAACTCGTA-1,IDC_6,11
CCAAGGAACAGAGAGG-1,IDC_5,8
CCAAGGTTGCCCTTTC-1,IDC_2,3
CCAATAGTGCCGTCGA-1,IDC_8,11
CCAATCGGTAGATCGA-1,Tumor_edge_1,4
CCAATGTCACAGCAAG-1,IDC_8,11
CCAATTACGGGTCGAG-1,Healthy_1,2
CCAATTGAATGTTAAT-1,IDC_5,8
CCACAATGTACGTCTT-1,IDC_7,16
CCACACTGAGATATTA-1,IDC_8,11
CCACAGCTGAAATCAT-1,IDC_5,8
CCACAGTACCCATCCT-1,Tumor_edge_5,10
CCACATACTGCACCCA-1,Tumor_edge_3,10
CCACCCAAGGAAAGTG-1,IDC_6,11
CCACGAATTTAACCTC-1,DCIS/LCIS_1,15
CCACGAGAAGAGAATC-1,Tumor_edge_1,16
CCACGGAGCCATAAGA-1,Tumor_edge_2,16
CCACGGTGCCCGGTAG-1,DCIS/LCIS_1,15
CCACTAAACTGAATCG-1,IDC_5,8
CCACTATCCGGGTCAC-1,Tumor_edge_3,10
CCACTCAGATCCGCAA-1,IDC_2,19
CCACTGGTGGCTGGTT-1,Tumor_edge_2,17
CCACTGTTTGGATTAA-1,DCIS/LCIS_2,18
CCAGAAACTGATGCGA-1,IDC_2,19
CCAGAGACAAAGCCGG-1,Tumor_edge_2,6
CCAGATAGTTGAGTGA-1,IDC_7,16
CCAGCCTGGACCAATA-1,IDC_6,11
CCAGCTACGCCTCATA-1,IDC_5,8
CCAGCTCGAACGCATT-1,DCIS/LCIS_4,20
CCAGCTGATGGTACTT-1,IDC_8,17
CCAGCTTCCGCCCGCA-1,Tumor_edge_2,6
CCAGGGACGTGGCCTC-1,IDC_6,11
CCAGTAGTCTGATCCA-1,Healthy_1,16
CCAGTCCATTATTCGA-1,IDC_5,8
CCAGTCTAGACGGCGC-1,Tumor_edge_1,16
CCAGTCTTGTCATAGA-1,DCIS/LCIS_4,20
CCAGTGTACAGACCGA-1,IDC_4,1
CCAGTTCGGTAACTCA-1,Tumor_edge_6,19
CCATAAACAACCCGAC-1,Tumor_edge_1,16
CCATACCTTTACTTGT-1,Tumor_edge_3,2
CCATAGGTTGGCGTGG-1,IDC_5,8
CCATAGTCAGTAACCC-1,IDC_5,12
CCATATGGAAACTATA-1,Tumor_edge_5,18
CCATATTGGATCATGA-1,IDC_5,12
CCATCCATACCAAGTC-1,IDC_5,8
CCATCTCACCAGTGAA-1,DCIS/LCIS_1,4
CCATCTTGTTCACAAT-1,IDC_5,8
CCATGCCCTAGATTTC-1,IDC_2,19
CCATGCCTGTTTAGTA-1,IDC_8,11
CCATGCTCTGCAGGAA-1,IDC_5,12
CCATGGCCCTTGTACC-1,IDC_8,17
CCATGTTCATCTATAT-1,IDC_4,1
CCATTAGCGATAATCC-1,IDC_8,11
CCATTCCCTGCCCACA-1,IDC_8,11
CCATTGTTTCCTCCAT-1,Tumor_edge_3,10
CCATTTCTACCTATTA-1,DCIS/LCIS_4,20
CCCAAACATGCTGCTC-1,Healthy_1,16
CCCAACATACGTCGCG-1,IDC_8,11
CCCAACCACACTAACA-1,DCIS/LCIS_5,14
CCCAAGACAGAGTATG-1,DCIS/LCIS_5,8
CCCAAGTCATTACACT-1,IDC_2,3
CCCAATGAGATTTGCA-1,IDC_4,1
CCCAATTTCACAACTT-1,IDC_8,11
CCCAGAGGAGGGCGTA-1,Healthy_1,10
CCCAGGAAGAATTCGA-1,IDC_4,1
CCCAGGTCTGAAGGCT-1,Tumor_edge_6,10
CCCAGTAAACTTGGGA-1,IDC_3,10
CCCAGTTAAGGCGCCG-1,IDC_1,18
CCCATATAGGTCGATT-1,Tumor_edge_4,19
CCCGAAGTTTCGCGAA-1,Tumor_edge_2,16
CCCGACCATAGTCCGC-1,IDC_7,16
CCCGAGTTTCTCCGTA-1,Tumor_edge_3,4
CCCGCAGCGCGAACTA-1,Healthy_2,16
CCCGCAGGGCCCAAAG-1,DCIS/LCIS_5,4
CCCGCCATGCTCCCGT-1,IDC_5,8
CCCGCGCAATGCACCC-1,IDC_5,12
CCCGGGTCGTTCAGGG-1,DCIS/LCIS_4,9
CCCGGTGGAAGAACCT-1,Tumor_edge_2,6
CCCGGTGTATCGGAAT-1,IDC_3,18
CCCGTAAGTCTAGGCC-1,IDC_8,11
CCCGTAGCTGGGAAGA-1,IDC_4,1
CCCGTCAGCGTCTGAC-1,IDC_5,12
CCCGTTTCGCAGATGT-1,Tumor_edge_5,18
CCCTACCCACACCCAG-1,Tumor_edge_6,5
CCCTACTTGAACAATG-1,IDC_2,19
CCCTAGTGTCAGGTGT-1,IDC_5,8
CCCTATGTAGAGCAGA-1,IDC_4,1
CCCTCATTCTGGAATT-1,IDC_5,8
CCCTCCTCGCTCGTAT-1,Tumor_edge_6,4
CCCTCGATAATACACA-1,IDC_4,1
CCCTCGGGAGCCTTGT-1,DCIS/LCIS_5,7
CCCTGAAATGAGTTGA-1,IDC_8,11
CCCTGACTAACAAATT-1,Tumor_edge_2,6
CCCTGATGTAACTCGT-1,IDC_5,12
CCCTGCCCAATCCGCT-1,Tumor_edge_2,6
CCCTGCGCTACGCATA-1,IDC_8,11
CCCTGGTATGGGCGGC-1,DCIS/LCIS_5,14
CCCTTTAATGGAGTTC-1,IDC_2,5
CCGAAAGTGGTGAGCA-1,IDC_5,8
CCGAACACTGGGCCTC-1,Tumor_edge_2,16
CCGAACCTTCCCGGCC-1,Healthy_2,18
CCGAAGTATATTGTTC-1,IDC_5,17
CCGACAAACACATGAG-1,IDC_5,12
CCGACAAAGGGAGTGC-1,IDC_8,17
CCGACAATAGGCCGCC-1,DCIS/LCIS_2,4
CCGACGGGCATGAGGT-1,Tumor_edge_6,18
CCGACGTAAACACAAC-1,Healthy_1,10
CCGACTCGCATAGTCT-1,DCIS/LCIS_5,14
CCGAGAAGTCGCATAA-1,Tumor_edge_3,4
CCGAGCTGTGCTTGTC-1,Healthy_1,10
CCGAGGGATGTTAGGC-1,DCIS/LCIS_5,7
CCGATCTCAACCTTAT-1,DCIS/LCIS_1,15
CCGATCTTAAGAGGCT-1,Healthy_1,2
CCGATTCGAGGGACCC-1,Tumor_edge_2,17
CCGCACAAAGACCAAC-1,IDC_6,11
CCGCACGTGACCTCGG-1,IDC_8,11
CCGCACTTGCAATGAC-1,IDC_2,3
CCGCATGTGGTACGAT-1,DCIS/LCIS_4,20
CCGCCACCACAATCCA-1,DCIS/LCIS_5,7
CCGCCGGAACTTCTCG-1,IDC_3,18
CCGCCGGTCAACACAC-1,IDC_5,8
CCGCCGTTGAGGATAA-1,Tumor_edge_3,4
CCGCCTGCGAATTGGT-1,Healthy_1,10
CCGCGGGTACGAAGAA-1,IDC_8,11
CCGCGTAGGTAAGGGC-1,IDC_8,17
CCGCTATCAGCACCAG-1,Healthy_2,17
CCGCTCCAGGGCGATC-1,Tumor_edge_6,5
CCGCTCTTCCGAACTA-1,IDC_2,19
CCGCTGGTGCCATTCA-1,DCIS/LCIS_5,14
CCGCTTACCTCACTCT-1,IDC_8,11
CCGCTTGCTGACATGG-1,Tumor_edge_3,10
CCGGAAGTGCAATATG-1,IDC_2,19
CCGGAATGGTTTCAGT-1,IDC_5,17
CCGGAGCGTACTTTCT-1,DCIS/LCIS_4,20
CCGGAGGTCTTATGGT-1,Healthy_1,10
CCGGCACGACCGTTTC-1,DCIS/LCIS_1,15
CCGGCGCATATTGGAT-1,IDC_5,8
CCGGCGTGAGACTCTG-1,IDC_3,2
CCGGGACCCGCAGAGA-1,IDC_5,8
CCGGGCGGTCTCGTCA-1,IDC_7,17
CCGGGCTAAGAATTTC-1,IDC_4,1
CCGGGCTGCTCCATAC-1,Tumor_edge_6,16
CCGGGTTCGAGGTTAC-1,IDC_8,11
CCGGTAATGGCTAGTC-1,DCIS/LCIS_1,15
CCGTAAGTTGGTCCCA-1,IDC_6,11
CCGTACCCAAGCGCCA-1,IDC_5,8
CCGTAGGAAATCCCTG-1,IDC_2,19
CCGTAGGGTTGTTTAC-1,IDC_2,19
CCGTATCTCGTCGTAG-1,Tumor_edge_2,18
CCGTATTAGCGCAGTT-1,Healthy_1,10
CCGTCAACCTCTGGCG-1,IDC_4,1
CCGTGAGGCATTCATG-1,DCIS/LCIS_1,15
CCGTGCCCATGACGGC-1,IDC_5,8
CCGTGGAACGATCCAA-1,Healthy_1,10
CCGTGTTAAATTCCAT-1,IDC_8,6
CCGTTACGTTAGAACA-1,Tumor_edge_1,10
CCGTTCCGAATCTCGG-1,Tumor_edge_6,17
CCTAAACAGGGTCCGT-1,DCIS/LCIS_5,7
CCTAAAGGCTGACGCT-1,Tumor_edge_1,4
CCTAAATTAACGGTTC-1,IDC_6,11
CCTAAATTGTATCCTA-1,Tumor_edge_5,10
CCTAACCCAAACAAGT-1,Tumor_edge_5,18
CCTAACTAAGGCTCTA-1,Healthy_1,2
CCTACAAGTCCGGAAT-1,Healthy_1,2
CCTACATTCACAGACG-1,Tumor_edge_2,16
CCTACGGCTCAGTCGA-1,IDC_5,8
CCTACTGCTTACACTT-1,IDC_6,11
CCTAGGCGTAGCGATC-1,IDC_1,2
CCTAGGTAAAGGTAGC-1,IDC_3,10
CCTAGTTAGTCGCATG-1,Tumor_edge_1,14
CCTATAATGAGTGCCC-1,DCIS/LCIS_4,9
CCTATATCGTGTCACG-1,IDC_4,1
CCTATATTTGTCCTGG-1,IDC_4,5
CCTATCTATATCGGAA-1,Tumor_edge_1,16
CCTATGAAGTGGTGCC-1,DCIS/LCIS_1,15
CCTATGGCTCCTAGTG-1,IDC_4,1
CCTATGGGTTACCGTC-1,IDC_7,11
CCTATGGTCAAAGCTG-1,IDC_2,19
CCTATGTCCACTCCAC-1,IDC_2,19
CCTCACCAATCTTGAC-1,IDC_5,8
CCTCACCTGAGGGAGC-1,Tumor_edge_3,2
CCTCACCTTAGCATCG-1,Healthy_1,2
CCTCATGCAGCTACGA-1,IDC_5,8
CCTCCCGACAATCCCT-1,DCIS/LCIS_5,7
CCTCCGACAATTCAAG-1,IDC_8,11
CCTCCTAGCTAGAGTC-1,IDC_4,1
CCTCCTGTTGTGTCGT-1,IDC_2,19
CCTCGAAGTGGACGGG-1,Tumor_edge_1,16
CCTCGACCCACTGCCT-1,DCIS/LCIS_5,14
CCTCGCCAGCAAATTA-1,Tumor_edge_1,16
CCTCGCGCGATATAGG-1,Healthy_1,2
CCTCGCGCTGTGCGAT-1,DCIS/LCIS_4,20
CCTCGGACCGGGATAG-1,IDC_1,18
CCTCGGTTTCCTTGCC-1,IDC_4,1
CCTCGTTACGCCTGTT-1,Healthy_1,2
CCTCTAATCTGCCAAG-1,IDC_7,17
CCTCTACAAGGATTGG-1,IDC_4,1
CCTCTATCGATTAGCA-1,Tumor_edge_2,2
CCTCTCTCCCATCTAG-1,IDC_8,11
CCTCTGGCCTAGACGG-1,Tumor_edge_1,16
CCTCTGTACTATTCTA-1,Healthy_2,12
CCTGAATATTTACATA-1,IDC_7,17
CCTGACCACCGATGGT-1,IDC_8,17
CCTGACGCAACCTTTA-1,Tumor_edge_1,4
CCTGAGAATAAATGCA-1,IDC_4,1
CCTGCGATAGAACTGT-1,IDC_5,8
CCTGCTATTTGAGAAG-1,IDC_6,11
CCTGGAAACGTTCTGC-1,DCIS/LCIS_1,15
CCTGGCTAGACCCGCC-1,Tumor_edge_6,11
CCTGGTCGAATGTGGG-1,DCIS/LCIS_4,20
CCTGTAAGACATGATA-1,IDC_8,11
CCTGTACTCACGCCCA-1,IDC_8,17
CCTGTCACCCGGGCTC-1,IDC_7,11
CCTGTCCCTCACGTTA-1,DCIS/LCIS_1,15
CCTGTCGCCCGTAAAT-1,IDC_6,11
CCTGTCGTGTATGAAG-1,IDC_4,1
CCTGTTCAACCTCGGG-1,IDC_4,1
CCTGTTTGAAGACACG-1,IDC_2,19
CCTTAAGTACGCAATT-1,Tumor_edge_6,19
CCTTCAGTTAAAGTGA-1,IDC_4,1
CCTTCCGCAACGCTGC-1,IDC_4,1
CCTTCGTATAGAATCC-1,IDC_4,5
CCTTCTCAGCGTTCCT-1,Tumor_edge_2,16
CCTTCTTGATCCAGTG-1,IDC_7,16
CCTTGACCACTTTATT-1,DCIS/LCIS_2,4
CCTTGTGAACGTGGTT-1,IDC_4,1
CCTTTCAATGAAGAAA-1,Healthy_1,2
CGAAACATAGATGGCA-1,DCIS/LCIS_5,14
CGAAACGCAATTCATG-1,IDC_8,11
CGAACAGTATGGGCGT-1,Tumor_edge_5,18
CGAACATAGTCAGAAA-1,Healthy_1,2
CGAACCCGCATGCGTC-1,IDC_8,17
CGAACCTCTTTCCTAG-1,IDC_4,1
CGAACGCCCAGTGCCG-1,Tumor_edge_1,12
CGAACGGCCGGACAAC-1,IDC_3,2
CGAAGATCAGTTTCAT-1,IDC_4,1
CGAAGCTATAAATTCA-1,Healthy_1,10
CGAAGGGTTTCAGATT-1,IDC_4,1
CGAAGTTGCTCTGTGT-1,IDC_8,11
CGAATCTGCTCGACGC-1,IDC_4,1
CGAATGAAGTCATTGC-1,IDC_4,1
CGAATGACGCATAATG-1,DCIS/LCIS_4,9
CGACAATTTGATCTAA-1,Tumor_edge_3,4
CGACACCGCTTAAGGA-1,Healthy_1,2
CGACACGCTCCGACAG-1,Tumor_edge_3,10
CGACAGTTCGCGTTAT-1,IDC_8,11
CGACATGCGATCTTCT-1,DCIS/LCIS_5,7
CGACCCTTAACGCCGG-1,IDC_3,2
CGACGCATCCGTACCT-1,IDC_3,2
CGACTCAGGATGTTAT-1,Healthy_1,2
CGACTCGGTACACGGT-1,Healthy_1,2
CGACTTTGTATAGCCT-1,DCIS/LCIS_1,15
CGAGACCCTAGAGTGT-1,IDC_8,11
CGAGACTACTGCTGCT-1,IDC_2,19
CGAGAGATGTGAACCT-1,IDC_7,11
CGAGAGCTTTCACTAC-1,IDC_2,19
CGAGAGGGTAGCCGCG-1,DCIS/LCIS_2,18
CGAGATTTCGCTCGGG-1,Tumor_edge_3,13
CGAGCACTTCAAGTTT-1,Tumor_edge_6,17
CGAGCGTTGATCAGCC-1,IDC_5,8
CGAGCTGGGCTTTAGG-1,Tumor_edge_6,12
CGAGGAGCTTCCATAT-1,Healthy_1,10
CGAGGATCGGGAACGA-1,Tumor_edge_3,10
CGAGGCCAGGCATTGG-1,IDC_5,8
CGAGGCTAAATATGGC-1,IDC_7,11
CGAGGGACTGCGGTCG-1,IDC_6,16
CGAGGGTATCCAGGTG-1,DCIS/LCIS_4,20
CGAGTACTAAAGAGGA-1,IDC_8,11
CGAGTGAAGGTACCAG-1,IDC_4,1
CGAGTGCTATAGTTCG-1,IDC_5,8
CGAGTTCTGTCCCACC-1,Tumor_edge_1,16
CGAGTTTATCGGACTG-1,IDC_1,2
CGATAATACTCAGGTT-1,Tumor_edge_3,4
CGATACCTCGCGGACA-1,IDC_8,11
CGATAGCGATACAGTG-1,IDC_4,1
CGATAGTCGTACTGCA-1,IDC_2,19
CGATATTAGCCGCAGG-1,IDC_5,8
CGATCATTAGAGGCAC-1,Healthy_1,2
CGATCCACCATTGTTG-1,IDC_4,1
CGATCCGACCCAGTGC-1,IDC_8,11
CGATCCTCGCAACATA-1,IDC_4,1
CGATCGAGAAGCACCA-1,IDC_4,1
CGATCTGTTGGAGGAC-1,Tumor_edge_2,16
CGATGGACCCTACGCC-1,Healthy_1,2
CGATGTTGTTATCTAC-1,IDC_4,1
CGATTAAATATCTCCT-1,DCIS/LCIS_4,20
CGATTCGCCTGGCTGC-1,DCIS/LCIS_4,20
CGCAAACACGAGTTAC-1,IDC_6,11
CGCAATTACTTTCGGT-1,IDC_5,17
CGCAATTAGGGTAATA-1,IDC_6,11
CGCAATTCTACAATAA-1,Tumor_edge_2,17
CGCACATGTCCACTAC-1,IDC_1,18
CGCACGTCTGTTTATG-1,IDC_4,1
CGCACGTGCGCTATCA-1,DCIS/LCIS_1,15
CGCAGAAACATTTGCG-1,Tumor_edge_1,8
CGCAGATCTTCACCCG-1,Healthy_1,10
CGCAGGCGATCCAAAC-1,Tumor_edge_5,18
CGCAGTTCTATCTTTC-1,IDC_2,19
CGCATCATGGCTTCAG-1,Tumor_edge_1,13
CGCATCCATCAGCCAG-1,Tumor_edge_3,10
CGCATGCCGAATGCGT-1,IDC_2,19
CGCATGGTGCGATGCT-1,IDC_6,11
CGCATTAGCTAATAGG-1,Tumor_edge_6,12
CGCCAAGAAGCCGAGT-1,Tumor_edge_2,6
CGCCACCCGCATTAAC-1,IDC_5,8
CGCCATCCGATTATGA-1,Tumor_edge_1,16
CGCCCAGCACGCCTAG-1,Tumor_edge_6,5
CGCCCAGCGTTTCACG-1,IDC_2,3
CGCCCGCTTCCGTACA-1,Tumor_edge_1,16
CGCCCTAATTGTTCAA-1,IDC_4,1
CGCCCTTGAAGGCTGA-1,Tumor_edge_2,6
CGCCGCCCATGCCTGT-1,IDC_1,18
CGCCGCGTTCTGAACG-1,IDC_4,1
CGCCGTTCAGCATAGT-1,Tumor_edge_4,18
CGCCTCCCTCCTCTAT-1,Healthy_2,16
CGCCTGGCCTACGTAA-1,IDC_8,11
CGCCTTTAGCATGCTC-1,Tumor_edge_3,4
CGCGAAGTGGCATACT-1,IDC_2,19
CGCGACCGCGACAGAT-1,DCIS/LCIS_4,9
CGCGAGAGGGACTTGT-1,Healthy_1,10
CGCGAGTCTGCCGGGT-1,IDC_3,2
CGCGCAAATGTCCAGA-1,IDC_4,1
CGCGCAAGGAACTACA-1,IDC_5,8
CGCGCCCGACTTAATA-1,Tumor_edge_1,16
CGCGGCAGTATTACGG-1,IDC_5,12
CGCGGCTCAACTTGAA-1,DCIS/LCIS_1,13
CGCGGGAATTAGGCAG-1,IDC_7,6
CGCGGGAATTCCTTTC-1,IDC_2,19
CGCGGTAAGTCTAGCT-1,Tumor_edge_3,10
CGCGGTACGGTATACA-1,Tumor_edge_6,4
CGCGGTCACAAACCAA-1,Healthy_1,10
CGCGTACATTCTGGAA-1,Healthy_1,2
CGCGTCATATTAAACC-1,DCIS/LCIS_5,7
CGCGTTCATGAAATAC-1,IDC_6,11
CGCTACGGGACATTTA-1,IDC_8,11
CGCTAGAGACCGCTGC-1,DCIS/LCIS_1,15
CGCTATACCGCCCACT-1,IDC_5,8
CGCTATTCAATGTATG-1,IDC_5,12
CGCTATTCTTAGGCTC-1,IDC_8,11
CGCTCGACATAATGAT-1,IDC_5,12
CGCTCTCCGTAGATTA-1,IDC_8,11
CGCTGGTGACTACCCT-1,Tumor_edge_3,18
CGCTGTGACGCCGCAC-1,IDC_6,12
CGCTGTGTGGATGTTG-1,IDC_4,1
CGCTTAGTATTGATAC-1,IDC_4,1
CGCTTATTCCCGGTCG-1,IDC_8,11
CGCTTCCACTGAAATC-1,IDC_5,8
CGCTTCGGTCTAAGAC-1,IDC_2,3
CGCTTGGACGGATAGA-1,Tumor_edge_4,5
CGCTTTCATACCGGTG-1,IDC_5,8
CGCTTTCCGCCAAGGT-1,Tumor_edge_6,19
CGCTTTCTTGCATTCG-1,IDC_7,16
CGGAAATTTCACATCC-1,Tumor_edge_1,13
CGGAACGTAAACATAG-1,IDC_8,11
CGGACCTTTACGTCCC-1,IDC_2,19
CGGAGCAATTTAATCG-1,Tumor_edge_6,12
CGGAGCATGGCGATCC-1,IDC_6,11
CGGAGCTTATAACACC-1,Tumor_edge_1,4
CGGAGTTTGAGAGACA-1,IDC_8,11
CGGATAAGCGGACATG-1,IDC_5,12
CGGATCCTCAAGGACT-1,DCIS/LCIS_4,9
CGGATGAATGCTGTGA-1,IDC_4,1
CGGCAAACATCGTGCG-1,Healthy_2,16
CGGCAATAAGATCGCC-1,Tumor_edge_4,18
CGGCACCGTTAGCGCC-1,Tumor_edge_1,4
CGGCACTCAAGAAAGT-1,IDC_5,8
CGGCAGGGTCGGGTTG-1,Healthy_1,2
CGGCCACGCACAAAGT-1,IDC_8,11
CGGCCAGAGCGACCAT-1,IDC_4,1
CGGCCCAACCTGTAGT-1,Tumor_edge_3,10
CGGCCCAGGTATATCC-1,DCIS/LCIS_1,13
CGGCGCCATCAATCCC-1,IDC_2,19
CGGCTCTAAAGCTGCA-1,Tumor_edge_3,4
CGGCTCTTCGTCGAAC-1,Tumor_edge_1,13
CGGCTGCAAGATTAAG-1,DCIS/LCIS_5,14
CGGCTTTGTATGATAA-1,Tumor_edge_1,8
CGGGAACGCCCTGCAT-1,IDC_4,1
CGGGAAGTACCGTGGC-1,IDC_4,1
CGGGAATATAGTATAC-1,Tumor_edge_3,4
CGGGAATTTATGTAAA-1,Healthy_2,6
CGGGAGCTTCAGTGTA-1,Tumor_edge_5,18
CGGGAGTATACCGCCG-1,IDC_5,12
CGGGATCAATGTAAGA-1,IDC_7,12
CGGGCAGCTAAACCGC-1,IDC_6,11
CGGGCCATAGCCGCAC-1,IDC_5,12
CGGGCCTTCTTTGTAA-1,IDC_8,11
CGGGCGATGGATCACG-1,IDC_2,19
CGGGTGTACCCATTTA-1,IDC_7,16
CGGGTTCGGCACGTAT-1,Healthy_1,2
CGGGTTTGTTAGGGCT-1,Tumor_edge_6,4
CGGTAGAGGTGCAGGT-1,Healthy_1,2
CGGTATAGGTATTAGC-1,Healthy_1,10
CGGTATGGGCACTCTG-1,IDC_4,5
CGGTCAAGTGGGAACC-1,IDC_7,16
CGGTCCATGAGACTCC-1,Healthy_1,10
CGGTCCGTCGCAAGCC-1,IDC_4,1
CGGTCTATCAACCCGT-1,Tumor_edge_1,4
CGGTGAAGACTAAAGT-1,IDC_8,11
CGGTGCAGATAGAACG-1,IDC_8,11
CGGTGCGCGTTGGTCC-1,Tumor_edge_6,6
CGGTGGGCTCCAGCCT-1,Healthy_1,10
CGGTGTACTTGATCCC-1,IDC_5,8
CGGTTATCCAACAGTG-1,Healthy_1,2
CGGTTCAAGTAGGTGT-1,Healthy_1,2
CGGTTCCGGCTTCTTG-1,IDC_5,8
CGGTTGACCTGGCATA-1,IDC_8,11
CGGTTGAGTATCCTTC-1,IDC_4,1
CGGTTGGGCAGGGTCC-1,Tumor_edge_6,19
CGGTTGGGTTCAAGTT-1,Healthy_1,2
CGGTTTATGAAGGAAC-1,Healthy_1,2
CGTAAACGCTTGAGTG-1,IDC_5,8
CGTAAAGCAAGAAATC-1,IDC_4,1
CGTAACTTCGACACTT-1,IDC_4,1
CGTACCGAAAGTCTAG-1,IDC_5,12
CGTACCTGATAGGCCT-1,IDC_7,12
CGTAGAGAGTAATTAT-1,IDC_2,19
CGTAGCGAATTGTCAG-1,Tumor_edge_1,12
CGTAGCGCCGACGTTG-1,Tumor_edge_1,8
CGTATTAAGAGATCTA-1,IDC_8,11
CGTCACGTCCATTGGT-1,IDC_8,11
CGTCAGTGCGCACAAG-1,IDC_5,8
CGTCAGTTTATCGTCT-1,DCIS/LCIS_5,7
CGTCATACCATATCCA-1,IDC_5,12
CGTCCTCATCGCGTGC-1,IDC_2,3
CGTCGCATGTGAGCCA-1,IDC_2,19
CGTCGCGGCGGGATTT-1,IDC_5,12
CGTCGCTTGGTTATAC-1,IDC_4,1
CGTCGGATAGTGTTGA-1,Tumor_edge_6,2
CGTCGGGTCTAAGCGC-1,Tumor_edge_6,18
CGTCGTCCTTCGCGAA-1,DCIS/LCIS_4,20
CGTCTGGAAGGGCCCG-1,IDC_5,8
CGTGAAGTTAATTCAC-1,IDC_8,11
CGTGACATTGGGTCGT-1,Tumor_edge_1,4
CGTGACCAGTCCTCTG-1,DCIS/LCIS_4,9
CGTGCACACCACTGTA-1,IDC_2,19
CGTGCAGACTGGGACA-1,IDC_6,16
CGTGCATTGTCGACGC-1,IDC_8,11
CGTGCCCGACATTTGT-1,DCIS/LCIS_5,7
CGTGCTGGCCTAGTCG-1,IDC_5,8
CGTGCTTCTACCTAAA-1,IDC_4,1
CGTGGAAGCCTCGTAC-1,Tumor_edge_3,10
CGTGGCCGAATATCTA-1,Tumor_edge_3,4
CGTGGTACCCAAAGGC-1,IDC_4,1
CGTGTATGGGAGCTGA-1,IDC_2,19
CGTGTCCCATTCGCGA-1,IDC_6,11
CGTGTCTCGTTACGAC-1,IDC_4,1
CGTGTGTTAAACCCTG-1,DCIS/LCIS_1,15
CGTTAAACTAGTTAGG-1,Tumor_edge_3,10
CGTTAAATACGACCAG-1,IDC_2,19
CGTTAATGTCCCGACG-1,IDC_2,19
CGTTAGCTCACAACTG-1,Tumor_edge_1,10
CGTTCAAGGAAACGGA-1,IDC_4,1
CGTTCAGACCCGCGAA-1,DCIS/LCIS_4,9
CGTTCATGGTGCGCGT-1,IDC_3,2
CGTTCTTCGCACACCT-1,Healthy_1,10
CGTTGAATACCGCGCT-1,DCIS/LCIS_4,20
CGTTGAGTAATTGCGT-1,Healthy_1,10
CGTTGCCCGCGTGGGA-1,IDC_4,1
CGTTGTAAGATTGATT-1,Tumor_edge_6,2
CGTTGTCGGCAATTGA-1,DCIS/LCIS_4,20
CGTTGTTTCAATTCCC-1,IDC_8,11
CGTTTAAGCGGAGCAC-1,IDC_5,8
CGTTTACAAGGCAGCT-1,Healthy_1,10
CGTTTCACTTCGGGCG-1,Healthy_1,2
CGTTTCGCTCATTACA-1,IDC_8,11
CGTTTCGGTTATATGC-1,IDC_2,19
CTAAAGAATGCCTACT-1,IDC_8,11
CTAAAGGGAAATAGGA-1,IDC_8,17
CTAAAGTCCGAAGCTA-1,IDC_5,8
CTAAATCCGGTGTACA-1,IDC_4,1
CTAAATCCTATTCCGG-1,Tumor_edge_1,16
CTAACCGCGCGCCCGT-1,IDC_8,11
CTAACGAAACTTGCTG-1,Healthy_1,2
CTAACTGATAATCGCC-1,Tumor_edge_4,5
CTAACTGGTCCGGTTC-1,Tumor_edge_2,6
CTAAGTACAGGGCTAC-1,Healthy_1,2
CTAATTATGAAGCGTA-1,Healthy_1,2
CTAATTCGCACGCGCT-1,IDC_8,12
CTAATTCTCAGATATT-1,Tumor_edge_3,2
CTAATTTCAACAACAC-1,IDC_5,12
CTACAAGAAATAACCC-1,IDC_4,1
CTACACTCGCAGATGG-1,Tumor_edge_4,5
CTACATATCGCGGGAC-1,IDC_4,1
CTACCCTAAGGTCATA-1,Healthy_1,2
CTACGAACTAGGTCGA-1,DCIS/LCIS_5,14
CTACGACTAGCTATAA-1,IDC_8,11
CTACGATCCTATCCTA-1,IDC_4,1
CTACGCACGGAGTACC-1,IDC_8,11
CTACGCCATTTCCGAT-1,Tumor_edge_1,4
CTACGTGTTGCCACCA-1,IDC_5,8
CTACTATCATAGGTTT-1,Tumor_edge_2,18
CTACTATCTTTCAGAG-1,Healthy_1,2
CTACTCAAGGTATAGT-1,IDC_4,1
CTACTCTAGGCCCGGC-1,IDC_8,11
CTACTGCCACCTGACC-1,IDC_7,12
CTAGACATATATGTAG-1,Healthy_1,2
CTAGACTGCATTTCGT-1,Healthy_1,2
CTAGATAAACTCCTCG-1,IDC_5,8
CTAGATGTGAGTGTAA-1,DCIS/LCIS_1,15
CTAGATTTACGACGGC-1,Healthy_2,16
CTAGCATAGTATAATG-1,IDC_6,11
CTAGCCACAGGCGAGC-1,DCIS/LCIS_2,4
CTAGCCGATGTTATGA-1,Healthy_1,2
CTAGGCGCCCTATCAG-1,IDC_2,5
CTAGGCGGCAGAGAAT-1,Tumor_edge_6,8
CTAGGGATAGGGACAA-1,IDC_4,1
CTAGGTCTGAAGGAAT-1,DCIS/LCIS_1,15
CTAGGTTCGGACGTGA-1,DCIS/LCIS_4,20
CTAGTAGAAAGGGATT-1,IDC_2,19
CTAGTATTCGGAATTA-1,Tumor_edge_1,4
CTAGTCACGTCTTAAG-1,IDC_6,11
CTAGTGAAGGACAGGA-1,IDC_8,11
CTAGTTACAACCCGGT-1,DCIS/LCIS_4,20
CTAGTTGGGCCCGGTA-1,IDC_7,12
CTATAAGAGCCAATCG-1,Healthy_1,2
CTATAGGCGTTGATGT-1,IDC_4,1
CTATATCCAGCCTGGC-1,IDC_4,1
CTATCACAACGCTGGA-1,IDC_4,19
CTATCGACGAAATACA-1,IDC_2,19
CTATCGCGTAGAGAAC-1,Tumor_edge_4,4
CTATCGGGTCTCAACA-1,IDC_6,11
CTATGCCCGAATGCAA-1,DCIS/LCIS_4,20
CTATGGGAAGCGGAAT-1,Tumor_edge_4,18
CTATGTCACTAGCCCA-1,Tumor_edge_6,11
CTATGTCTATTGAAAC-1,IDC_5,8
CTATGTGAGTCACGGC-1,Tumor_edge_2,16
CTATTCATGTGTCCCA-1,Healthy_2,12
CTATTGTGTTTGGTCA-1,Healthy_1,10
CTATTTGCTTGGAGGA-1,Tumor_edge_6,5
CTATTTGGTTACGGAT-1,IDC_6,6
CTCAAACCACTGCCCG-1,IDC_4,1
CTCAACTAACCCGGAT-1,IDC_2,19
CTCAAGACATTAGCGC-1,Healthy_1,10
CTCACACGCAAGCCTA-1,Healthy_1,10
CTCACATTTACTAAAT-1,DCIS/LCIS_4,20
CTCACCGATCCAAACT-1,Healthy_1,2
CTCACTGTGATACTTA-1,DCIS/LCIS_4,20
CTCACTTGGCTGGTAA-1,IDC_8,11
CTCAGAGCTAATGTCG-1,IDC_4,1
CTCAGGACTCACCTGT-1,IDC_5,8
CTCAGTCACGACAAAT-1,Healthy_1,2
CTCATAAATGTGTATA-1,IDC_2,19
CTCATGGCTCACAATC-1,Tumor_edge_6,12
CTCATGGTAATTTGCG-1,Tumor_edge_2,16
CTCATTGCTCTAACAA-1,DCIS/LCIS_4,9
CTCATTTGATGGGCGG-1,Tumor_edge_6,12
CTCCCAATGAGTCGCG-1,Tumor_edge_3,10
CTCCCTCCTTTCGATC-1,IDC_3,2
CTCCGCCCACATGAGG-1,IDC_8,11
CTCCGGCCTAATATGC-1,IDC_5,8
CTCCGGCTTGTAGACA-1,IDC_5,12
CTCCTAAGTTATGTCT-1,IDC_5,8
CTCCTCCAGCTCACAC-1,IDC_4,1
CTCCTGTTCAAGGCAG-1,Tumor_edge_5,10
CTCCTTTACGCAAGTC-1,Healthy_1,10
CTCGAATGGAACGTAT-1,Healthy_1,2
CTCGAGATCCAAAGCA-1,IDC_5,12
CTCGAGGTCGAACAGT-1,IDC_6,12
CTCGATATTTGCGAGC-1,Healthy_1,2
CTCGCACCTATATAGT-1,IDC_7,12
CTCGCATTGCATAGCC-1,IDC_4,1
CTCGCCGAATGTAGGG-1,DCIS/LCIS_4,20
CTCGCTAGGTAAGCGA-1,IDC_2,19
CTCGGGATAACACCTA-1,Tumor_edge_3,4
CTCGGGCATCGTCGGG-1,DCIS/LCIS_5,7
CTCGGGTTCTCTGGCC-1,IDC_4,1
CTCGGTACCACTGCTC-1,IDC_1,18
CTCGGTCCGTAGCCTG-1,IDC_5,8
CTCGGTTGTCGGCCCT-1,IDC_4,1
CTCGTCGAGGGCTCAT-1,IDC_4,1
CTCGTCTGTGCCTTCG-1,IDC_2,19
CTCGTTACGGCTACCA-1,IDC_4,1
CTCGTTTCTAATGTTT-1,Healthy_1,10
CTCTAATGCATTGATC-1,Healthy_1,10
CTCTACACTGGCGATT-1,Tumor_edge_2,16
CTCTACATCCTGCGTG-1,IDC_4,5
CTCTAGCCCTCGGAAA-1,IDC_2,3
CTCTATTTGGCTGCAG-1,Healthy_2,16
CTCTCACAATCGATGA-1,IDC_6,11
CTCTCGATGTGCGCCT-1,DCIS/LCIS_5,7
CTCTCTAACTGCCTAG-1,IDC_4,1
CTCTGCAGGCATTCTT-1,IDC_4,1
CTCTGCGAAGCAAGCA-1,IDC_5,8
CTCTGGACGCCTGGTG-1,IDC_6,11
CTCTGTTTGAGGATTC-1,Tumor_edge_1,16
CTCTTCTATTGACTGG-1,DCIS/LCIS_1,13
CTCTTCTGGAAGTTAG-1,IDC_4,1
CTCTTGTCCCGCTTGG-1,Healthy_2,12
CTGAAACGGCCCTCAG-1,Tumor_edge_6,2
CTGAAAGAGATCCGAC-1,IDC_7,12
CTGAATCCGAGACCTC-1,IDC_8,11
CTGAATTTATTGCCAG-1,Healthy_1,10
CTGACATAGAAATAGA-1,Tumor_edge_3,10
CTGACTGCGCAGCTCG-1,Tumor_edge_3,2
CTGAGAAAGTTCGGCG-1,Tumor_edge_3,10
CTGAGCAAGTAACAAG-1,IDC_5,8
CTGCAAATGGGCTCCA-1,DCIS/LCIS_5,7
CTGCAAGCACGTTCCG-1,Tumor_edge_4,4
CTGCACAACTACATAT-1,Healthy_2,18
CTGCACCTAGTCCACA-1,Tumor_edge_3,10
CTGCACCTGGAACCGC-1,IDC_5,8
CTGCACTCCAGTACAG-1,DCIS/LCIS_4,20
CTGCAGAGAATCAGAG-1,IDC_2,19
CTGCCAAGGTTGGAAG-1,Tumor_edge_1,16
CTGCCATGCATCACAT-1,IDC_8,11
CTGCCTAGCCACCAAG-1,DCIS/LCIS_5,15
CTGCCTCATATGCAAC-1,Tumor_edge_6,15
CTGCCTTTAATACCTT-1,IDC_4,1
CTGCCTTTCTAGTAAA-1,IDC_2,19
CTGCGACCTCGCCGAA-1,IDC_2,19
CTGCGATTTCGAGATT-1,IDC_4,1
CTGCGGGTGAAATGTT-1,IDC_8,17
CTGCGGTAGTCACGTG-1,Healthy_1,2
CTGCGTTACGATATAA-1,Tumor_edge_1,2
CTGCTCTGACGGCAAA-1,IDC_4,1
CTGCTGAGGCCACGAA-1,Tumor_edge_2,6
CTGCTGTCTAACGAGC-1,Tumor_edge_3,10
CTGCTTGGCGATAGCT-1,DCIS/LCIS_4,9
CTGCTTTATGTCCGCG-1,Healthy_1,10
CTGGAAATGGATGCTT-1,IDC_6,11
CTGGAAGACACGGTGG-1,Tumor_edge_5,18
CTGGACGCAGTCCGGC-1,IDC_3,2
CTGGCATCCGAATGAG-1,Tumor_edge_2,16
CTGGCGACATAAGTCC-1,Tumor_edge_1,4
CTGGCGATTTACATGT-1,IDC_2,3
CTGGCGCACAGGTCTG-1,IDC_1,18
CTGGCGGGAATAAGTA-1,IDC_5,12
CTGGCTCCTGCGGGAT-1,IDC_5,8
CTGGCTGATTCATCCT-1,Tumor_edge_3,4
CTGGCTGCTAACGTAA-1,IDC_5,8
CTGGGATACGCTACCC-1,DCIS/LCIS_1,15
CTGGGATCGCCCAGAT-1,DCIS/LCIS_5,7
CTGGGCCTGCTATATC-1,IDC_8,11
CTGGGCTACTGGAGAG-1,IDC_2,19
CTGGGCTATCCTTTGG-1,Healthy_1,2
CTGGGTTGAGTTAAAG-1,IDC_3,10
CTGGTAAAGACTTACA-1,IDC_2,3
CTGGTAAAGTGTGGGC-1,DCIS/LCIS_2,4
CTGGTAACACATAGAA-1,IDC_1,18
CTGGTAACGAGCTCTT-1,Healthy_1,2
CTGGTCATTCCAATCC-1,Tumor_edge_2,6
CTGGTCCTAACTTGGC-1,DCIS/LCIS_5,14
CTGGTGAATGGGCCTA-1,IDC_4,1
CTGGTTCAACGCATCA-1,IDC_5,8
CTGGTTTCGAGCAAGA-1,Tumor_edge_5,18
CTGTACTTCTTAGCAT-1,IDC_8,11
CTGTAGTGAGGATCGA-1,IDC_4,1
CTGTATGGTGTAGAAA-1,IDC_5,12
CTGTCAAATGGCTCGG-1,Tumor_edge_1,16
CTGTCACGCCAGGCGC-1,Healthy_1,2
CTGTGCAGGGTAGGTC-1,IDC_6,16
CTGTGGTCGGGAGATA-1,IDC_2,19
CTGTTACCCAATCTAG-1,Healthy_2,17
CTGTTCACTGCCTGTG-1,IDC_5,8
CTGTTCATCTCACGGG-1,IDC_5,12
CTGTTGTTCAGTCGTA-1,IDC_4,1
CTTAACTTACAGTATA-1,IDC_2,3
CTTAACTTCGAAGTAC-1,Tumor_edge_1,12
CTTACACGGTATTCCA-1,IDC_8,11
CTTACACTGGGAAATA-1,IDC_5,8
CTTACATAGATTTCTT-1,IDC_4,5
CTTAGATGTTTCATCC-1,IDC_4,5
CTTAGCCTTCCACATG-1,Tumor_edge_1,16
CTTAGGTATAGACCAG-1,IDC_4,1
CTTAGTAGGCCTACAG-1,Tumor_edge_3,2
CTTAGTGTAGTAGCAT-1,Tumor_edge_6,9
CTTAGTTGAGGAATCG-1,IDC_4,1
CTTATGCGCTCAGGGC-1,Tumor_edge_2,16
CTTATGTTGACTACCA-1,IDC_5,8
CTTCAACTCCACTTGG-1,DCIS/LCIS_4,20
CTTCACGCCCTGGTAC-1,IDC_4,1
CTTCAGTGGTCGCCTA-1,Tumor_edge_6,18
CTTCAGTTGGACAACG-1,IDC_2,19
CTTCATAGCTCAAGAA-1,IDC_5,12
CTTCATTGTCAGTGGA-1,IDC_8,11
CTTCGATTGCGCAAGC-1,IDC_2,19
CTTCGGCCAATTGTTT-1,Tumor_edge_3,10
CTTCGTAGATAGGTGA-1,IDC_8,11
CTTCTATGTTGAAGTA-1,Tumor_edge_2,17
CTTCTGGGCGTACCTA-1,IDC_4,1
CTTCTTACGTCGTATA-1,IDC_5,8
CTTGACCCGAAAGATA-1,Tumor_edge_1,8
CTTGAGGTTATCCCGA-1,IDC_5,8
CTTGAGTTAGGGTAAT-1,IDC_1,18
CTTGATGACCATCCAG-1,IDC_2,3
CTTGCAACCGCCTCCT-1,Tumor_edge_2,17
CTTGCCCACCCACGCA-1,IDC_2,3
CTTGCCCAGGCTCTAC-1,IDC_8,11
CTTGGCCAAGCTGGGA-1,DCIS/LCIS_4,20
CTTGTACTTGTTGACT-1,IDC_5,8
CTTGTCAACATTCGAG-1,Healthy_2,16
CTTGTGAGTCTTTGAC-1,IDC_5,8
CTTGTGCTCACCGATT-1,Healthy_1,2
CTTGTTGCTGAGTCAA-1,IDC_6,16
CTTGTTTATGTAGCCA-1,IDC_5,12
CTTTAACTTTCAAAGG-1,IDC_7,12
CTTTAATATTGGTCGA-1,Healthy_2,18
CTTTACCGAATAGTAG-1,Tumor_edge_5,18
CTTTAGTGCTATTATT-1,Healthy_2,17
CTTTCTGTGCGGGCTT-1,DCIS/LCIS_4,20
CTTTGCATCGCTCTTG-1,IDC_2,19
CTTTGGCAGACAGAGT-1,Healthy_1,2
CTTTGGCGCTTTATAC-1,Tumor_edge_2,17
CTTTGGCTTTAGTAAA-1,IDC_8,11
CTTTGGGATTGTTGCA-1,IDC_4,1
GAAACAGATGACCACC-1,IDC_1,18
GAAACAGCCATGCAGT-1,IDC_5,8
GAAACATAGGAAACAG-1,IDC_4,1
GAAACCATGGTGCGCT-1,Tumor_edge_3,2
GAAACCGAATTACCTT-1,IDC_8,11
GAAACCTATACAAATG-1,IDC_4,9
GAAACTCGTGCGATGC-1,IDC_8,17
GAAACTCTAATGAAGG-1,Tumor_edge_1,14
GAAAGAACAGCGTTAT-1,DCIS/LCIS_1,15
GAAAGCAGTGCACTTT-1,Healthy_2,12
GAAAGCCCTTTGGACC-1,IDC_8,17
GAAAGTGACTAACTGC-1,Tumor_edge_6,17
GAAATACCTGCTGGCT-1,Tumor_edge_1,13
GAAATACTAAACGTTT-1,IDC_5,8
GAAATATCACCATCAG-1,IDC_8,11
GAAATATGCTTGAATG-1,Healthy_1,10
GAAATCGCGCGCAACT-1,IDC_7,12
GAAATGGCGGTGTTAG-1,IDC_6,11
GAAATGGGATGTAAAC-1,IDC_5,12
GAAATTAGCACGGATA-1,Healthy_1,10
GAAATTCACATCGCTG-1,IDC_5,8
GAAATTGTCTCTATAA-1,IDC_8,11
GAACAACTGGGATGAA-1,IDC_2,19
GAACACACATCAACCA-1,IDC_5,12
GAACAGATTACTAAAT-1,DCIS/LCIS_4,20
GAACATTAGTATGTTA-1,Healthy_1,10
GAACCATCTGGGAGAC-1,DCIS/LCIS_5,8
GAACCCTCTGTGTTCT-1,DCIS/LCIS_4,20
GAACCTTTAACGATCC-1,IDC_2,19
GAACGACCGAATGATA-1,IDC_5,8
GAACGATAAGTTAAAG-1,Healthy_1,10
GAACGCGGGTCACACG-1,Tumor_edge_3,4
GAACGGTGTAAAGCAG-1,Healthy_1,2
GAACGTCTCATGGTCG-1,IDC_7,16
GAACTGTGGAGAGACA-1,IDC_2,19
GAACTTAGCGCCCGGT-1,Tumor_edge_6,2
GAAGAAACGATATTGT-1,IDC_4,1
GAAGAACGGTGCAGGT-1,IDC_5,8
GAAGACTTCAATGCCG-1,DCIS/LCIS_5,7
GAAGCCACTGATTATG-1,IDC_2,9
GAAGCCTGCACATTCC-1,DCIS/LCIS_4,20
GAAGCGTGAGGAATTT-1,IDC_6,11
GAAGCTCGGACCCGTC-1,Tumor_edge_6,18
GAAGCTTGCTGACCGC-1,IDC_8,11
GAAGGAGTCGAGTGCG-1,Tumor_edge_6,9
GAAGGCTACCATTGTT-1,Healthy_1,10
GAAGGGCATAACCATG-1,Tumor_edge_6,8
GAAGGGTCATTAAGAC-1,IDC_2,19
GAAGTCTCCCTAGCGA-1,IDC_1,2
GAAGTGATTTATCGTG-1,IDC_8,11
GAAGTGCTGGATAGCT-1,IDC_5,8
GAAGTTTCCACTCAAT-1,IDC_8,11
GAATAGACGCGACCCA-1,IDC_1,4
GAATAGCATTTAGGGT-1,Tumor_edge_3,4
GAATAGCCCTGCGGTC-1,Healthy_1,10
GAATAGTGCTCGATTA-1,IDC_4,1
GAATATTCGGAGTCCC-1,Tumor_edge_1,4
GAATCGACATGGTCAC-1,IDC_6,11
GAATCGCCGGACACGG-1,IDC_5,8
GAATCTGAACATTCTC-1,IDC_6,11
GAATGAAGGTCTTCAG-1,Healthy_1,10
GAATGCCGAAATGACC-1,IDC_5,12
GAATGCGAATCGGTTC-1,DCIS/LCIS_4,20
GAATGTATGGCAGGTC-1,Tumor_edge_1,10
GAATGTTGGGTAATCT-1,IDC_7,17
GAATTATAGTGAAAGG-1,IDC_6,11
GAATTCACCCGGGTGT-1,IDC_8,17
GAATTTCTCGCTGCAG-1,IDC_8,11
GACAAACATATGCAGG-1,DCIS/LCIS_1,13
GACAACGACCATTGAA-1,IDC_7,17
GACAACGCAGCTTACG-1,IDC_5,8
GACAAGAGATGAGATT-1,Tumor_edge_4,4
GACACAAGGGAAGAAA-1,IDC_7,11
GACACAGCCGGGACTG-1,IDC_2,19
GACACGAGTTAGAGGA-1,IDC_5,12
GACACTGAGTTCAGTG-1,IDC_8,11
GACACTGGAACCCGAT-1,Tumor_edge_5,10
GACACTTCCAATTACC-1,IDC_2,3
GACAGGCACACACTAT-1,IDC_8,17
GACAGGTAATCCGTGT-1,IDC_2,19
GACATCCGTCGAACTG-1,IDC_2,19
GACATTTCGCCCAGCC-1,IDC_4,1
GACCAAACGTTGACTG-1,DCIS/LCIS_2,4
GACCACACTTCCCTTT-1,IDC_2,19
GACCAGAGCCCTGTAG-1,IDC_8,11
GACCAGGTCATTCATA-1,DCIS/LCIS_5,14
GACCCAATTATGATAC-1,IDC_4,18
GACCCGTCGCCGGCTA-1,Tumor_edge_1,8
GACCGACGTGAAAGCA-1,DCIS/LCIS_1,15
GACCGACTGAAGCGTC-1,IDC_8,11
GACCGATTAAATATGT-1,IDC_4,1
GACCGCGTCTGACGTG-1,Tumor_edge_3,10
GACCGTCAGGTCGTGA-1,Tumor_edge_1,4
GACCGTGCTGACGGTG-1,IDC_8,11
GACCTTCCACGTCTAC-1,IDC_2,19
GACGACGATCCGCGTT-1,DCIS/LCIS_4,18
GACGAGGCTAATAAAC-1,IDC_2,5
GACGATATCACTGGGT-1,IDC_4,1
GACGCCTGTTGCAGGG-1,IDC_5,8
GACGCTTGCTTCTAAA-1,IDC_8,11
GACGGACCGCGTTCCT-1,DCIS/LCIS_5,7
GACGGGCATCGAATTT-1,IDC_2,19
GACGGGTTGGCCCGTA-1,IDC_4,5
GACGGTCAATAGAAGC-1,Tumor_edge_3,2
GACGTGAGACTCCATG-1,IDC_5,8
GACGTGTAGGGATTAT-1,IDC_8,17
GACGTTCGTAAATACA-1,Healthy_1,10
GACTAACACAGCACCT-1,Tumor_edge_6,2
GACTAAGATCATGCAC-1,IDC_5,12
GACTAAGTAGGCTCAC-1,IDC_6,11
GACTACAAAGCGGTGG-1,IDC_3,2
GACTACAATTGCTCGT-1,DCIS/LCIS_5,13
GACTAGGCCGTTAGGT-1,IDC_2,19
GACTCACCCACGTGAG-1,DCIS/LCIS_1,15
GACTCCCAGAATAAGG-1,Tumor_edge_3,2
GACTCCTTCCAATTGA-1,IDC_4,18
GACTCGCGGGAATGAC-1,Healthy_1,2
GACTCGGTCGGCGGAT-1,Healthy_1,2
GACTCTAGAGTTCCAA-1,IDC_4,1
GACTGATTGGTCACAA-1,Healthy_1,2
GACTGCAAATCGAGCT-1,DCIS/LCIS_4,20
GACTGCGGCACGTGTA-1,Tumor_edge_2,6
GACTGCTGGTGAGAAA-1,IDC_4,1
GACTGGGCGCCGCAAC-1,Healthy_1,2
GACTTCAACGCATCAA-1,Tumor_edge_6,5
GAGAACGGTTCTGACT-1,IDC_2,3
GAGACCCTGCAACGCC-1,Healthy_1,10
GAGACTGATGGGTAGA-1,IDC_6,11
GAGAGGCCTATGTGTA-1,Tumor_edge_6,19
GAGAGGGCGCGAGGTT-1,IDC_8,11
GAGAGGTGCATTCTGG-1,IDC_8,17
GAGAGTCTCGGGAGAG-1,IDC_4,1
GAGATCTGCTTGGCAT-1,IDC_8,11
GAGATCTGTCACTCCG-1,IDC_7,17
GAGATGACAATCCTTA-1,Healthy_1,10
GAGATGGCTTTAATCA-1,IDC_2,19
GAGATGGGAGTCGACA-1,DCIS/LCIS_4,18
GAGCACCTGTGTCCAG-1,DCIS/LCIS_4,9
GAGCATCAACAACTTG-1,IDC_4,1
GAGCATCATCCCTGGG-1,IDC_5,8
GAGCCACGGTAGTAGG-1,IDC_5,8
GAGCCAGCTACCTGTG-1,IDC_2,19
GAGCCGAGCGTTTATT-1,Healthy_1,10
GAGCGAGGGAGTACCG-1,IDC_5,8
GAGCGCAAATACTCCG-1,Tumor_edge_5,18
GAGCGCGCACGAGTAG-1,Tumor_edge_5,18
GAGCGCTGTTAGGTAA-1,IDC_4,1
GAGCGGAATGCGGTGT-1,IDC_4,1
GAGCTAAGGGCATATC-1,IDC_7,16
GAGCTCAACATGAGCG-1,IDC_4,5
GAGCTCTCGGACCTAA-1,IDC_5,8
GAGCTGTCGTCTCGGA-1,Healthy_1,10
GAGGAATATCTCTTTG-1,IDC_4,1
GAGGAATGGAGAGGTT-1,Tumor_edge_2,17
GAGGATAAACAGTGCT-1,DCIS/LCIS_1,15
GAGGCATTTGCAGCAG-1,Healthy_1,10
GAGGCCCGACTCCGCA-1,IDC_4,5
GAGGCCTGTTGATACA-1,IDC_2,19
GAGGCTATCAAAGTCG-1,IDC_8,11
GAGGGAGTCAGATCGC-1,IDC_4,1
GAGGGCATCGCGTATC-1,IDC_5,8
GAGGGCCATAATATTA-1,Tumor_edge_6,10
GAGGGCGCAGCTCTGC-1,Healthy_1,16
GAGGGTAGTAACAAAG-1,IDC_4,1
GAGGTACATCCATCTT-1,Tumor_edge_1,12
GAGGTACGCGTGTCCC-1,IDC_2,19
GAGGTCCCAAAGATCT-1,IDC_5,8
GAGTAAACCGGAAAGT-1,Tumor_edge_3,10
GAGTAAGGCCACGGGA-1,IDC_3,2
GAGTACGGGTATACAA-1,IDC_5,8
GAGTAGATACTAGTTG-1,DCIS/LCIS_4,20
GAGTATGCGCGTGCAT-1,DCIS/LCIS_4,20
GAGTCCGCTTACCGGA-1,IDC_8,17
GAGTGTCAACCAGAAA-1,IDC_2,19
GAGTGTGCGGTACCCA-1,IDC_1,18
GAGTTGATGGCAATTT-1,IDC_3,2
GAGTTGTCACCAGTCT-1,IDC_4,1
GATAAATCGGTGGATG-1,IDC_5,8
GATAACTCGCACTGTG-1,IDC_1,18
GATAAGGCAGATGCAA-1,IDC_5,8
GATACGATGGGAGTCA-1,IDC_8,11
GATAGAACCCGCTAGG-1,IDC_4,1
GATAGATAGTACAGTC-1,IDC_2,19
GATAGGTAACGTTGAC-1,Healthy_2,17
GATAGTGCGAGTAAGT-1,IDC_4,1
GATATCTCATGCAATA-1,IDC_5,8
GATATGAGACACTAAC-1,Tumor_edge_6,16
GATATGCGGTAGCCAA-1,Tumor_edge_1,2
GATATGGATTACGCGG-1,Tumor_edge_2,6
GATATTGAGATTGGCG-1,Tumor_edge_3,4
GATATTTCCTACATGG-1,Tumor_edge_1,2
GATCAACATAAAGGGA-1,IDC_4,1
GATCATTCCAAACATT-1,IDC_6,11
GATCCCTTTATACTGC-1,Tumor_edge_6,12
GATCCGGGAATTAACA-1,IDC_6,11
GATCCTAAATCGGGAC-1,Healthy_1,2
GATCCTCGACACTGGC-1,Tumor_edge_2,16
GATCCTCTTGCGCTTA-1,Tumor_edge_1,13
GATCGACACTATCTGA-1,IDC_6,11
GATCGCGGGCTCTCCA-1,IDC_8,11
GATCGCTACCCGATTT-1,Tumor_edge_5,18
GATCGCTATATCTCAG-1,IDC_4,1
GATCGCTGTGGTGCGT-1,IDC_4,1
GATCGGATAGAACCAT-1,Tumor_edge_2,6
GATCGGCGATAAGTCG-1,IDC_5,12
GATCGGTGGCCATAAC-1,IDC_7,12
GATCGTGACTGATATC-1,IDC_6,11
GATCTCGACGCTGTGG-1,Tumor_edge_3,10
GATCTGCTATCTAAGG-1,DCIS/LCIS_4,9
GATCTTGGAGGGCATA-1,Healthy_2,17
GATCTTTGCAGGGTAT-1,IDC_8,11
GATCTTTGCTCAAAGA-1,Healthy_1,2
GATGACAAGTAGGGCA-1,IDC_4,1
GATGACGATGATCGCG-1,Healthy_1,10
GATGAGGAACCTTCGG-1,IDC_2,19
GATGCCAGCAGAAGGC-1,Tumor_edge_2,6
GATGCCTTCTGCGGCA-1,IDC_4,1
GATGCGTCCTGCATTC-1,IDC_8,11
GATGCTACAAGCGCCT-1,IDC_5,8
GATGCTACCTTCGATG-1,IDC_4,1
GATGCTGTATTTCATC-1,Tumor_edge_6,16
GATGGCGCACACATTA-1,IDC_5,12
GATGGTGAAATAACCC-1,Healthy_1,2
GATGGTGCCCTAGGCA-1,DCIS/LCIS_5,14
GATGTAACGAACCACC-1,IDC_3,2
GATGTCCGGATCACAT-1,IDC_5,8
GATGTCGGTCAACTGC-1,DCIS/LCIS_5,14
GATGTGTTGTCACAAG-1,DCIS/LCIS_5,15
GATGTTCAATCCACGA-1,IDC_8,11
GATGTTTGTGCGAGAT-1,IDC_5,12
GATTAACCGAAAGCCC-1,IDC_2,19
GATTAATCCTGGCTCA-1,IDC_5,8
GATTACTGAATTTGGG-1,IDC_8,11
GATTCCCTTGTCGCAG-1,IDC_7,12
GATTCCGCGTTTCCGT-1,Tumor_edge_1,16
GATTCCTATACGGCGC-1,Tumor_edge_2,6
GATTCGACGGTTCACG-1,IDC_6,16
GATTCTGTTAATGAGT-1,IDC_4,1
GATTGACACTCTGCTC-1,DCIS/LCIS_5,7
GATTGCTCCAGTTGCA-1,IDC_4,1
GATTGGGAAAGGTTGT-1,IDC_2,19
GCAAACCCTACATTAT-1,Healthy_2,18
GCAAACCTTGGCCATA-1,DCIS/LCIS_4,20
GCAAACGTCGCCAGGT-1,Tumor_edge_3,10
GCAAAGGGCGTTAGCC-1,IDC_4,1
GCAAATATTACGCTTT-1,IDC_8,11
GCAACACACTAGAACT-1,Tumor_edge_6,16
GCAACAGCAGTATGCG-1,Tumor_edge_3,4
GCAACCACCAGACCGG-1,Healthy_1,10
GCAACCACGGCCGCGT-1,IDC_8,11
GCAACGGCTAGTTATG-1,DCIS/LCIS_1,13
GCAAGAATTCCTTGGC-1,IDC_8,11
GCAAGATGTGTTCGCG-1,Healthy_1,10
GCAAGTGCACAGAGAA-1,IDC_6,12
GCAAGTGTAAAGCATG-1,IDC_4,1
GCAATTAGTCGCACCG-1,Tumor_edge_3,4
GCACAAACCCTAGATG-1,IDC_4,1
GCACAAACGAGGCGTG-1,Tumor_edge_3,4
GCACAACCTCGGGCGT-1,IDC_4,1
GCACAAGTGTCGGAAG-1,DCIS/LCIS_5,8
GCACACACTGGTAGCC-1,IDC_2,19
GCACACAGCTATTACC-1,Tumor_edge_6,5
GCACAGCACGGGCCGA-1,IDC_4,1
GCACCTAGGCGAGTCC-1,IDC_2,19
GCACGCCGATTCCCGC-1,IDC_2,19
GCACGTGGTTTACTTA-1,IDC_2,19
GCACTAGTCGCGCTAT-1,IDC_5,8
GCACTGCCTACCTTTA-1,IDC_2,9
GCACTGTGCAAATGTA-1,IDC_5,8
GCAGAAACGTAATCCA-1,Healthy_1,2
GCAGACCCAGCACGTA-1,DCIS/LCIS_1,15
GCAGATCCATAAGACT-1,Tumor_edge_6,5
GCAGATTAGGGATATC-1,IDC_8,11
GCAGCACACAGCCCAG-1,IDC_8,11
GCAGCCTATATCACAT-1,DCIS/LCIS_1,15
GCAGCGGTGGGCATTA-1,IDC_5,8
GCAGCTATGGACAGGT-1,Healthy_1,10
GCAGCTGTCAACGCAT-1,IDC_2,19
GCAGGAACTTAGATCT-1,IDC_3,10
GCAGGACTATAGAATA-1,IDC_8,11
GCAGGTAGAGTATGGT-1,Healthy_1,10
GCAGTGTGGCTATAGG-1,DCIS/LCIS_4,9
GCAGTTCGATCCGAGC-1,Tumor_edge_4,4
GCATACGAGGTCTTTA-1,Tumor_edge_2,6
GCATAGAGCACTCAGG-1,IDC_8,11
GCATCCCTAACTTTGA-1,IDC_5,8
GCATCGGCCGTGTAGG-1,Tumor_edge_3,2
GCATGAGGGACGCGGC-1,Healthy_1,16
GCATGCTAATAACGAT-1,IDC_2,3
GCATTCAAGGCAACGC-1,Tumor_edge_3,2
GCATTCGAAATGAACA-1,Tumor_edge_2,6
GCATTGTAATTCATAT-1,Tumor_edge_2,17
GCATTTCCAAGGCTCC-1,DCIS/LCIS_1,15
GCCAACCATTTCCGGA-1,Tumor_edge_6,2
GCCAAGAATACTTCTG-1,Tumor_edge_2,2
GCCAATAGGGCATCTC-1,Healthy_1,2
GCCACAATTTAAGGAC-1,IDC_8,11
GCCACTCAGAGCGCGA-1,IDC_2,19
GCCACTCCTTACGGTA-1,Tumor_edge_5,10
GCCAGGAAAGAACACT-1,IDC_4,1
GCCAGGAGTAACCGAT-1,Tumor_edge_1,2
GCCAGGCGTTCGCATG-1,Tumor_edge_1,4
GCCATATTGCACACAG-1,Tumor_edge_6,2
GCCATCGATGCTGCAT-1,DCIS/LCIS_1,15
GCCATTAGCCTCAAAC-1,IDC_3,18
GCCCACCAAGGCTGTC-1,IDC_5,8
GCCCAGATGCTGGAGA-1,DCIS/LCIS_1,15
GCCCAGTTGGTATGCC-1,IDC_5,12
GCCCGACTTCTTCCCG-1,Tumor_edge_2,16
GCCCGAGAGTCTAAAT-1,IDC_4,1
GCCCGATCTGTGGTCG-1,Tumor_edge_6,12
GCCCGCGCGTAAACGG-1,Tumor_edge_6,17
GCCCGCGCGTTTGACA-1,IDC_5,12
GCCCGTAATACCTTCT-1,IDC_7,17
GCCCTAGCCGTCGCGA-1,IDC_3,18
GCCCTGAGGATGGGCT-1,IDC_2,19
GCCGAAATTCCTACGT-1,IDC_8,11
GCCGACCCACGACTGC-1,IDC_4,1
GCCGATTGGCCAAGCT-1,IDC_8,11
GCCGCTTGTGAGAAAC-1,IDC_8,11
GCCGGAAACACATCTT-1,DCIS/LCIS_5,8
GCCGGGTTAGGGTCGC-1,IDC_8,11
GCCGGTCGTATCTCTC-1,IDC_4,1
GCCGTCGGTTTCGGGC-1,IDC_4,1
GCCGTGGAAGAAATGT-1,DCIS/LCIS_1,15
GCCTACGTTCTGTGCA-1,IDC_2,19
GCCTAGCGATCTGACC-1,IDC_5,12
GCCTATAGTGTCAGGG-1,Healthy_1,16
GCCTATGCTGGGCCTT-1,Healthy_1,10
GCCTATTCCGATATAG-1,IDC_5,17
GCCTATTTGCTACACA-1,IDC_5,8
GCCTCATCTGGAAATA-1,Tumor_edge_3,4
GCCTCCGACAATTCAC-1,IDC_2,19
GCCTCTATACATAGCA-1,DCIS/LCIS_4,20
GCCTGCTACACTGAGA-1,Healthy_1,2
GCCTGTCCCGGTGCAT-1,IDC_4,1
GCCTTCAGCCCTACCG-1,IDC_5,8
GCCTTGTATATGCAGT-1,IDC_5,12
GCCTTTGTCAGTGGAC-1,IDC_4,1
GCGAAACGATCGGGAG-1,IDC_2,5
GCGAAGAATCTGACGG-1,IDC_2,19
GCGAAGCCATACCCGT-1,IDC_6,11
GCGAATGGACTAGCGA-1,IDC_4,5
GCGACATGTAAACATC-1,DCIS/LCIS_1,15
GCGACCCAACCATCTG-1,IDC_4,1
GCGACGATAGTTGTAC-1,IDC_8,17
GCGACGGTAGTCTCCT-1,IDC_4,5
GCGAGAAACGGGAGTT-1,IDC_5,12
GCGAGAGGCCATGTAA-1,Healthy_1,10
GCGAGAGTTGCGTCCA-1,DCIS/LCIS_1,15
GCGAGCGCATGCTCCC-1,DCIS/LCIS_1,15
GCGAGGCCCGAGCAGA-1,IDC_8,11
GCGAGTTCTGCAAAGA-1,IDC_6,11
GCGATTCTGGAAGCAG-1,DCIS/LCIS_5,14
GCGATTGTTAACGTTA-1,IDC_6,11
GCGCAAATATATTCAA-1,IDC_4,1
GCGCAAGAGCGCGCTG-1,DCIS/LCIS_1,15
GCGCATCCAGTCAGCA-1,Healthy_1,2
GCGCCGTTCCACGATA-1,IDC_6,11
GCGCCTCCCACTCCGA-1,Tumor_edge_3,4
GCGCGGTCTAGTAACT-1,Tumor_edge_6,5
GCGCGTCATTGGTACA-1,DCIS/LCIS_4,9
GCGCTAATTGAATAGA-1,IDC_6,11
GCGCTATGCCGAGGCA-1,IDC_8,11
GCGCTGATCCAGACTC-1,Tumor_edge_1,2
GCGCTGCTTTGCATTT-1,Healthy_1,2
GCGCTTAAATAATTGG-1,IDC_2,19
GCGGAGAAACTTCGCA-1,IDC_4,1
GCGGATTACTTGTTCT-1,IDC_2,19
GCGGCAAAGTATTGCC-1,IDC_4,1
GCGGCTCTGACGTACC-1,IDC_8,11
GCGGCTTTAGCAAGTT-1,IDC_2,19
GCGGGAACCAGGCCCT-1,IDC_5,8
GCGGGCAGACGGGTGA-1,IDC_4,1
GCGGGCATTACGATGC-1,Tumor_edge_3,4
GCGGTAACCCAAATGA-1,IDC_5,8
GCGGTCCCGGTGAAGG-1,Healthy_1,10
GCGGTCCCTAGACGCA-1,IDC_5,8
GCGGTCTTGCTTTCAC-1,IDC_2,19
GCGGTGAACTGCGCTC-1,Healthy_1,2
GCGGTTCCCTATCATG-1,IDC_8,17
GCGTAAATGGCCATAA-1,DCIS/LCIS_1,15
GCGTCCCTAAGACATA-1,IDC_4,1
GCGTCGAAATGTCGGT-1,IDC_5,12
GCGTCGCCAGGGTGAT-1,DCIS/LCIS_4,12
GCGTCGTAACATGGTC-1,IDC_4,5
GCGTCTCTGCATTGGG-1,IDC_8,11
GCGTGGTACTGGGTTA-1,Tumor_edge_6,2
GCGTGTATGTCGTATT-1,DCIS/LCIS_5,7
GCGTTCGGAGACCGGG-1,Healthy_1,10
GCTAAACCTGAGGTGA-1,Tumor_edge_6,17
GCTAACTGAAGTCTGA-1,IDC_2,19
GCTAAGCCCAGTATGC-1,IDC_2,19
GCTAAGTAAAGGCGAT-1,Tumor_edge_2,6
GCTAAGTAGTTTCTCT-1,IDC_6,11
GCTAATACCGAATGCC-1,IDC_5,8
GCTACAATCGAGGATA-1,IDC_2,19
GCTACAGTACGGACCG-1,Tumor_edge_2,6
GCTACGACTTATTGGG-1,Healthy_2,17
GCTACTATAGTAGAGT-1,Tumor_edge_5,18
GCTAGACCGTCTACTG-1,DCIS/LCIS_1,15
GCTAGAGTAGAGATGT-1,IDC_2,19
GCTAGCAGGGAGTGGG-1,Healthy_1,10
GCTAGCGATAGGTCTT-1,IDC_4,1
GCTAGGCACCACGGAG-1,IDC_2,9
GCTAGTAGAGCTTGTA-1,IDC_6,11
GCTAGTTTCATTGAGG-1,IDC_5,8
GCTATAAGGGCCAGGA-1,IDC_2,19
GCTATACGTCTCGGAC-1,IDC_2,5
GCTATCATACTCATGG-1,DCIS/LCIS_4,20
GCTATCGCGGCGCAAC-1,IDC_5,12
GCTCAATGTAATACCG-1,DCIS/LCIS_4,20
GCTCATTACTGCATGT-1,Healthy_1,10
GCTCCATGCAAAGCAA-1,IDC_4,1
GCTCCCAGTCGGTCCA-1,DCIS/LCIS_1,13
GCTCCGCTCGCTTCAG-1,DCIS/LCIS_1,13
GCTCCTGACATACTGG-1,IDC_4,1
GCTCGCTCATGTCCAA-1,DCIS/LCIS_1,15
GCTCGGAATTTAAAGC-1,Tumor_edge_1,10
GCTCTAAACCCTGACG-1,IDC_7,12
GCTCTATGTTACGTGC-1,IDC_6,12
GCTCTCGGGTACCGAA-1,IDC_7,12
GCTCTTTCCGCTAGTG-1,Tumor_edge_6,9
GCTGAACTCTCCAGGG-1,Tumor_edge_3,4
GCTGAATCTTCCAATC-1,IDC_4,1
GCTGAGGCGTGAGTAT-1,IDC_6,11
GCTGCACGGTTTCTTA-1,Healthy_2,16
GCTGCTAAGTAGTCGA-1,Healthy_2,12
GCTGCTACTGCGTAGC-1,Tumor_edge_6,18
GCTGCTCTCCGGACAC-1,IDC_6,11
GCTGGACCCAAAGTGG-1,Healthy_1,10
GCTGGCATATTCACCT-1,IDC_8,11
GCTGGCGGCGCATGCT-1,DCIS/LCIS_4,20
GCTGGTGACTCGTAGT-1,Healthy_1,2
GCTGGTTTAGGCCATA-1,IDC_4,1
GCTGTATTACTGGCCC-1,IDC_8,11
GCTGTTGCTACCGAAC-1,Tumor_edge_3,13
GCTTAATGTAACTAAC-1,IDC_1,18
GCTTACGTAGTTAGTA-1,DCIS/LCIS_1,15
GCTTATGAAGCAGGAA-1,Healthy_1,2
GCTTCAGTGGGATTAC-1,Healthy_1,2
GCTTCCAGCTTAGATT-1,IDC_5,8
GCTTCCATGTAACCGC-1,IDC_2,19
GCTTCCCGTAAGCTCC-1,Tumor_edge_6,5
GCTTCCGTCCCTAGAC-1,IDC_7,17
GCTTCGACGTTCAATC-1,IDC_4,1
GCTTGAGTGACCTCTG-1,IDC_2,19
GCTTGATGATAATCAG-1,IDC_5,12
GCTTGCAGCACAATTG-1,Healthy_1,10
GCTTGGATCGATTAGG-1,Healthy_1,2
GCTTTACACAACTGGG-1,IDC_2,19
GCTTTCAGAGGAGGTG-1,Healthy_1,2
GCTTTCTATCTCAACT-1,Healthy_1,2
GGAAACCTTGTTGAAT-1,Healthy_1,10
GGAAACTAAATGGGCC-1,IDC_2,19
GGAAAGGGAATTGAGC-1,Tumor_edge_6,19
GGAAAGTGCCCATGCC-1,Tumor_edge_1,2
GGAACCGTGTAAATTG-1,IDC_8,17
GGAACCTTGACTCTGC-1,IDC_4,1
GGAACGGCCTGCAGCC-1,Tumor_edge_2,6
GGAACTTTGGCGATTA-1,Tumor_edge_4,4
GGAAGCTCGCTTACAG-1,Tumor_edge_1,4
GGAAGGACACCGTATA-1,Tumor_edge_6,19
GGAATAACCTCAAGAA-1,DCIS/LCIS_5,7
GGAATGCGCTAGCGTG-1,IDC_7,16
GGACAACCATGAAGCC-1,IDC_2,3
GGACACAAGTTTACAC-1,Tumor_edge_3,4
GGACACCTCGGTGTTG-1,IDC_4,1
GGACCAACAGGATAAC-1,Healthy_2,2
GGACCTACGGTAACGT-1,Healthy_1,10
GGACCTCTAGGCCGCC-1,IDC_4,1
GGACGGCTTGCGCAAC-1,Healthy_1,2
GGACGGGCGACCAACC-1,IDC_2,19
GGACGTCCATAGTTGG-1,Healthy_1,10
GGACTCGACAGCGCAT-1,IDC_4,1
GGACTCGTGAGTGGTC-1,IDC_4,1
GGACTCTTTGACTAAG-1,IDC_2,19
GGAGAAGTCATTGGCA-1,IDC_5,12
GGAGACCAATGTGCTT-1,Healthy_1,10
GGAGACGACACCTTTG-1,Healthy_2,17
GGAGCAACATTTCAAG-1,Tumor_edge_4,5
GGAGCACCAAGAACTA-1,Tumor_edge_1,16
GGAGCGAGGCCTACTT-1,IDC_2,19
GGAGGATTGAAAGGAG-1,DCIS/LCIS_5,14
GGAGGCCGAAGTCGTC-1,DCIS/LCIS_1,4
GGAGGGCTTGGTTGGC-1,IDC_7,17
GGAGGGTCAAGTAAGA-1,Tumor_edge_4,18
GGAGTGCCGCCCTGGA-1,IDC_5,8
GGAGTTGATTCTGTGT-1,IDC_2,19
GGATACTCATGAATTG-1,IDC_5,8
GGATCAAAGGACGAGG-1,Tumor_edge_1,8
GGATCATCCCGTACGC-1,Healthy_1,10
GGATCCCTACCAGCTA-1,IDC_5,12
GGATCCGGAATATACT-1,IDC_6,6
GGATCTTACTGCCCTT-1,IDC_4,1
GGATCTTGACTCAACC-1,IDC_3,2
GGATGAAGATCGCTGA-1,Tumor_edge_3,4
GGATGACGCGAGTTTA-1,IDC_8,11
GGATGCTGGCGTTCCT-1,Tumor_edge_2,17
GGATGGCTTGAAGTAT-1,IDC_2,3
GGATGTCCTTACCGCA-1,Healthy_1,2
GGATTAAGCTAAGGTC-1,Tumor_edge_1,13
GGATTAATCATGGACC-1,IDC_2,19
GGATTCAGTACGGTGG-1,IDC_5,12
GGATTCCGCTATACCC-1,Tumor_edge_1,10
GGATTGCTGTGACTCC-1,Tumor_edge_6,9
GGATTTCACTTCTATA-1,IDC_7,16
GGCAAAGGCGCCAATA-1,IDC_4,1
GGCAAATTACTTTACT-1,IDC_8,11
GGCAAGCCAGGGATAG-1,Healthy_1,10
GGCAAGCCCATAGTGG-1,Tumor_edge_6,5
GGCAAGGCGAAATAGC-1,Healthy_2,6
GGCAATAGTCAATGAG-1,IDC_7,11
GGCACGCTGCTACAGT-1,IDC_2,3
GGCACTCCACTGGGCA-1,IDC_8,11
GGCACTGCGGTGGTTT-1,IDC_2,3
GGCAGCAAACCTATGC-1,Tumor_edge_5,18
GGCAGCGGTAATCCTA-1,Healthy_1,10
GGCATACAGGTAGCGG-1,IDC_8,11
GGCATATCGGTTCTGC-1,Tumor_edge_1,4
GGCATCAACGAGCACG-1,Tumor_edge_1,8
GGCATTGAACATCTCA-1,IDC_4,1
GGCCAATTGTATAGAC-1,IDC_2,19
GGCCCAATCTAGAGGG-1,Healthy_1,2
GGCCCAGCTGGTTTGC-1,IDC_2,19
GGCCCAGTTATCAGCA-1,Healthy_1,2
GGCCCGGAGCATGTCT-1,DCIS/LCIS_1,15
GGCCCGTATACCATGC-1,Healthy_1,10
GGCCCTCACCCACTTA-1,IDC_8,11
GGCCGAGACTCTGGTG-1,IDC_4,1
GGCCGCAGGAACCGCA-1,IDC_2,19
GGCCGGCGTCTGCTAT-1,IDC_2,19
GGCCGTTTGGGTTTCA-1,IDC_4,1
GGCCTGCTCTGATGTT-1,IDC_4,5
GGCCTGCTTCTCCCGA-1,DCIS/LCIS_2,4
GGCGAAATCTAACTTG-1,IDC_1,18
GGCGCAGGACATCTTC-1,IDC_8,11
GGCGCATGAATTGATG-1,IDC_8,11
GGCGCGGAGATCTTTC-1,IDC_2,19
GGCGCGTTCGAGTTTA-1,Healthy_2,17
GGCGCTCCTCATCAAT-1,IDC_5,12
GGCGCTTCATTCCCTG-1,IDC_2,19
GGCGGAGTAATATTAG-1,IDC_8,11
GGCGGTAGGATCATTG-1,Tumor_edge_6,11
GGCGTACCCTATATAA-1,DCIS/LCIS_5,7
GGCGTAGGGAAAGCTG-1,IDC_2,19
GGCGTCCTATCCGCTG-1,IDC_8,11
GGCTAAAGGGCGGGTC-1,Healthy_1,10
GGCTAATGATTGAAAT-1,Healthy_1,2
GGCTACTATACACTCC-1,IDC_4,1
GGCTATTAAGTTGTAT-1,IDC_8,11
GGCTCCTCCACCTGTT-1,IDC_4,1
GGCTCGCGTTGAGGTA-1,Healthy_1,2
GGCTCGTGCCACCAGC-1,IDC_5,12
GGCTCTGCTCCAACGC-1,IDC_7,17
GGCTGAAATAGCAAAG-1,Healthy_2,18
GGCTGAGCATCGTAAG-1,Healthy_1,2
GGCTGGCTAGCTTAAA-1,IDC_5,8
GGCTTTCAATAAGGGT-1,DCIS/LCIS_4,20
GGGAAAGAATGCCAAC-1,IDC_2,3
GGGAACGGGAGGTTAG-1,IDC_8,11
GGGAACGGTTTCAGAT-1,IDC_4,1
GGGAAGACGGTCTGTC-1,IDC_2,19
GGGAAGGGCTTTCTCA-1,IDC_2,19
GGGAATGAGCCCTCAC-1,Healthy_1,10
GGGACAGAGTTACTCC-1,IDC_4,5
GGGACCCGTATATCTT-1,Tumor_edge_6,12
GGGACTGCATAGATAG-1,IDC_6,11
GGGAGAACTCACAGTA-1,IDC_6,11
GGGAGCGACCGTAGTG-1,IDC_2,19
GGGAGGATGCCCGAAA-1,IDC_8,11
GGGAGTAATGGCTGGC-1,IDC_5,8
GGGAGTTAATGAGGCG-1,IDC_6,11
GGGATCCCAATACAAA-1,Healthy_1,10
GGGATGGTCGTAACCG-1,IDC_8,11
GGGATTTACCGCACCT-1,IDC_1,18
GGGCAACCGCACGTGC-1,IDC_4,5
GGGCACGTAGTACTGT-1,IDC_4,1
GGGCAGAGCAATCGTT-1,DCIS/LCIS_4,20
GGGCAGTCAACGCCAA-1,IDC_2,19
GGGCATGCATGTCGAG-1,IDC_4,1
GGGCCATTCGTGCTGG-1,IDC_4,1
GGGCCCGTCTTAAACA-1,IDC_8,11
GGGCCCTACGAAAGGG-1,Tumor_edge_2,6
GGGCCGGCCGAAGTAC-1,Tumor_edge_6,16
GGGCCTATTTAAGTAT-1,Healthy_1,10
GGGCGATATGTGTGAA-1,IDC_6,12
GGGCGCAGCGTTACTC-1,DCIS/LCIS_1,15
GGGCGGGTTCCCTACG-1,IDC_8,11
GGGCGGTCCTATTGTC-1,IDC_5,8
GGGCGTACATTTATAT-1,IDC_5,12
GGGCGTCACCACGTAA-1,IDC_8,17
GGGCGTCCACTGGCTC-1,Tumor_edge_1,4
GGGCGTGGTTTCCCAG-1,DCIS/LCIS_4,9
GGGCGTTTACATTCAT-1,IDC_4,1
GGGCTCATCGAACCCA-1,Healthy_1,2
GGGCTGCCTAGGGCGA-1,IDC_6,11
GGGCTGGTTAGTCGCG-1,IDC_8,11
GGGTAATGCTGTGTTT-1,IDC_5,8
GGGTACCCACGGTCCT-1,IDC_5,8
GGGTACTTCATGAACT-1,IDC_8,11
GGGTATGTATGCACTT-1,IDC_8,11
GGGTATTCTAGCAAAC-1,IDC_4,18
GGGTCACCGTGACGGT-1,IDC_8,11
GGGTCAGGAGCTAGAT-1,IDC_4,9
GGGTCATGCGTACCAT-1,Tumor_edge_6,6
GGGTCCTTGGAAGAAG-1,IDC_4,1
GGGTCGTGGCAAGTGT-1,Healthy_1,2
GGGTCTATCGCTTTCC-1,Tumor_edge_4,5
GGGTGACACCTTAACT-1,IDC_8,11
GGGTGCATATGAAAGC-1,Tumor_edge_3,10
GGGTGGTCCAGCCTGT-1,DCIS/LCIS_5,14
GGGTGTTTCAGCTATG-1,Tumor_edge_1,12
GGGTTCAGACGAACAA-1,IDC_5,12
GGGTTTAGGATAGGAT-1,DCIS/LCIS_1,13
GGTAAACTCTGCGCTG-1,IDC_2,19
GGTAAATGTGCGTTAC-1,DCIS/LCIS_5,4
GGTAACCGGGAGGATA-1,IDC_4,1
GGTAACTATGTATCTG-1,IDC_5,8
GGTACAAACATGCTAT-1,IDC_8,11
GGTACACCAGATTTAT-1,Healthy_1,10
GGTACATCTGGGACGA-1,Tumor_edge_2,17
GGTACCATTAAGACGG-1,Tumor_edge_3,2
GGTACGTTGCGGCCGG-1,IDC_2,19
GGTAGAAGACCGCCTG-1,DCIS/LCIS_4,20
GGTAGGCCAATATCAC-1,IDC_4,1
GGTAGTGCTCGCACCA-1,IDC_6,11
GGTATAGTGACACATA-1,DCIS/LCIS_1,15
GGTATTGCCGAGTTTA-1,IDC_8,11
GGTCAAGACTACTTCG-1,Tumor_edge_4,18
GGTCACGTTAGATTCA-1,IDC_5,8
GGTCAGTGGGTCCCAC-1,Healthy_2,17
GGTCATTGTAGTCATA-1,Healthy_1,10
GGTCGGATAAACGGCG-1,Healthy_1,2
GGTCGGCCAGGAGCTT-1,IDC_7,16
GGTCGGTAATTAGACA-1,IDC_5,8
GGTCGTAAGCTCGCAC-1,IDC_3,2
GGTCTCCGTCCAGGTT-1,IDC_2,19
GGTCTCTGAATGGACT-1,Tumor_edge_2,18
GGTCTGAGAATCTGGA-1,IDC_7,17
GGTCTTGAGCGCTCTT-1,Tumor_edge_6,9
GGTGAAACCGGGAATG-1,Tumor_edge_1,8
GGTGAACGGGCTAGCC-1,IDC_5,8
GGTGAAGTACAGGGAT-1,IDC_8,11
GGTGAGATGCAGATAA-1,IDC_5,8
GGTGATAAGGAGCAGT-1,IDC_6,16
GGTGATTTCATCTTGT-1,IDC_5,8
GGTGCAGAGCCTATCG-1,Healthy_1,10
GGTGCATAAATGATTA-1,IDC_4,1
GGTGCGGATAAGTGGC-1,IDC_5,8
GGTGCTGATCACAAAG-1,Tumor_edge_2,6
GGTGCTGGTACACATT-1,IDC_8,11
GGTGGACCACGTGTTA-1,Healthy_1,2
GGTGGACTGCTCTGGC-1,IDC_2,19
GGTGTAAATCGATTGT-1,IDC_2,5
GGTGTAGGTAAGTAAA-1,IDC_4,1
GGTGTTCTGTTTCTAC-1,Healthy_1,4
GGTTACCACCCTCGGG-1,IDC_8,11
GGTTACCCGACACTTT-1,Tumor_edge_3,15
GGTTAGCTATATGTCT-1,Tumor_edge_5,18
GGTTAGGCTTGGAGAA-1,IDC_8,11
GGTTAGTTACGGCGCC-1,Tumor_edge_2,6
GGTTCCCTAGTGTCTC-1,Tumor_edge_6,2
GGTTCGATGCTGAGTT-1,Tumor_edge_6,2
GGTTCGCATTTGCCGT-1,IDC_2,19
GGTTCTACTCGTCTGA-1,DCIS/LCIS_1,15
GGTTGTATCGTGAAAT-1,DCIS/LCIS_5,7
GGTTTAATTACCATCG-1,IDC_4,1
GGTTTAATTGAGCAGG-1,Healthy_1,10
GGTTTACAATCTCAAT-1,IDC_7,17
GGTTTAGCCTTTCTTG-1,DCIS/LCIS_1,13
GGTTTCAATCGGTCAG-1,Healthy_1,2
GGTTTGACAAGAAGCT-1,Healthy_1,10
GGTTTGAGTGCTGGAA-1,IDC_5,8
GGTTTGCGAACACGTA-1,Healthy_1,10
GGTTTGTGACCTGAGG-1,IDC_2,19
GTAACAACTGACCTTG-1,Healthy_1,2
GTAACATCTAAGATAA-1,DCIS/LCIS_2,4
GTAACTGCCCAAGGAG-1,IDC_4,1
GTAACTTGCGGCAGTC-1,IDC_5,8
GTAAGCGGGCAGTCAG-1,IDC_7,12
GTAAGGATTTGTCGGA-1,DCIS/LCIS_5,14
GTAAGTAACAGTCTGG-1,IDC_1,18
GTAAGTAGGGTATACC-1,Tumor_edge_6,17
GTAAGTCCACACTCTA-1,Tumor_edge_3,4
GTAATAAAGGGCTCCC-1,Tumor_edge_3,2
GTACACTTACCTGAAG-1,IDC_6,11
GTACAGAGGCAAGGGT-1,Tumor_edge_6,16
GTACGACGGCGCTGCG-1,IDC_5,8
GTACGAGATTGCGACA-1,IDC_5,8
GTACGTCACGTATTAA-1,Healthy_1,10
GTACGTTTGCCCGTCA-1,Healthy_2,17
GTACTAAGATTTGGAG-1,IDC_6,12
GTACTCCCTTATCGCT-1,IDC_8,11
GTACTCCTGGGTATGC-1,Healthy_1,2
GTACTGAGGTCGTAAC-1,IDC_5,8
GTACTGCATGAAGCGT-1,IDC_5,8
GTACTGGAGTTAGACC-1,IDC_6,6
GTACTTGGGCACTTCT-1,IDC_5,8
GTAGAAACGGGTGGAG-1,Tumor_edge_2,6
GTAGACAACCGATGAA-1,Tumor_edge_1,8
GTAGACACGCCTGACT-1,DCIS/LCIS_4,20
GTAGACGTCGTTACAT-1,IDC_5,8
GTAGAGGGAGACAAGT-1,Tumor_edge_2,2
GTAGCCAAACATGGGA-1,Healthy_2,18
GTAGCGCTGTTGTAGT-1,Tumor_edge_1,8
GTAGCGGCTATACACT-1,IDC_6,11
GTAGCTAGTAAGCGCG-1,Tumor_edge_6,13
GTAGCTCCGGGAGGCT-1,IDC_4,1
GTAGCTTCCTCTTGTT-1,Healthy_1,16
GTAGGTGATCCGTGTA-1,Tumor_edge_1,4
GTAGTCGCGGGAATCA-1,Healthy_2,18
GTAGTCTACGATATTG-1,Tumor_edge_6,19
GTAGTGAGCAACCTCA-1,IDC_2,3
GTAGTTCGAAGGCGAA-1,IDC_4,1
GTATAATCTCCCGGAT-1,IDC_5,12
GTATAGGACTCAGTAG-1,IDC_5,8
GTATAGTGGCCCATGT-1,Healthy_1,2
GTATATGTTACGGCGG-1,IDC_5,8
GTATCAAACGTTAGCT-1,IDC_2,19
GTATCAAGGTACTTCC-1,Tumor_edge_6,19
GTATCAGCTTGGGTTC-1,IDC_5,12
GTATCCTTTGGTAACC-1,IDC_2,19
GTATCGGGACGAGCTG-1,IDC_5,8
GTATCTCAGTCTTGAC-1,IDC_4,1
GTATCTCCCTAACTGT-1,DCIS/LCIS_5,7
GTATCTCGGGCGCTTT-1,IDC_4,1
GTATCTTGTTGCTCAC-1,Tumor_edge_6,7
GTATCTTTCATAACCA-1,Healthy_2,16
GTATGAAATTTCACTC-1,IDC_3,2
GTATGACGTGGGAAAC-1,IDC_5,8
GTATGTGGGTCTAGTT-1,IDC_1,18
GTATTAAGGCGTCTAA-1,IDC_5,12
GTATTAGGGTTCGCGT-1,Healthy_1,2
GTATTCTGAGAAACGA-1,IDC_8,6
GTATTCTTACCGTGCT-1,IDC_5,8
GTATTTAATGGCATAA-1,Tumor_edge_3,10
GTCAAAGAAGTGGTGT-1,Tumor_edge_6,5
GTCAAAGTTTACATAG-1,IDC_5,8
GTCAACCAGGCCTATA-1,IDC_2,3
GTCAAGCGGACTCGGG-1,IDC_6,16
GTCAATGCTATAATTT-1,Healthy_1,10
GTCAATTGTACTGAAG-1,Tumor_edge_1,8
GTCACAAAGTTTCCAA-1,Tumor_edge_6,8
GTCACTCTCCAAATCT-1,IDC_5,17
GTCAGAATAGTCTATG-1,IDC_8,11
GTCAGTTGTGCTCGTT-1,DCIS/LCIS_5,14
GTCAGTTTGGTAGTCG-1,Tumor_edge_2,6
GTCATCTCCTACAGCT-1,IDC_5,12
GTCATGCACCTCCGTT-1,IDC_6,12
GTCATGCGCGAGGGCT-1,IDC_2,19
GTCATGGACATGACTA-1,IDC_7,12
GTCATTAGAGCGAACG-1,IDC_6,11
GTCCAATATTTAGCCT-1,IDC_4,1
GTCCAGGCACGTGTGC-1,IDC_4,1
GTCCATTACTGCTACG-1,DCIS/LCIS_1,15
GTCCCAACGTAAAGTA-1,IDC_6,11
GTCCCGCGACGTTATG-1,DCIS/LCIS_4,9
GTCCGGACCTGAAATT-1,IDC_2,19
GTCCGGCTGAATTGCG-1,IDC_6,11
GTCCGGGTTCACATTA-1,IDC_2,19
GTCCTACAGGCGGCTC-1,IDC_5,12
GTCCTACGAATAGTCT-1,IDC_2,19
GTCCTTCTAGTGGGTT-1,Tumor_edge_6,4
GTCCTTTAATGACTTC-1,Healthy_1,2
GTCGAATTTGGGCGCT-1,IDC_4,1
GTCGCGTAACCCGTTG-1,IDC_6,17
GTCGGAAGGATACCAG-1,Healthy_1,10
GTCGGATATCTCAGAC-1,IDC_8,11
GTCGGATGTAGCGCGC-1,Tumor_edge_1,16
GTCGGGAAGCAGAAAC-1,DCIS/LCIS_4,20
GTCGGGTGAAGTACCG-1,IDC_2,19
GTCGTACCATCTCGGG-1,Healthy_2,17
GTCGTATTGGCGTACA-1,Healthy_1,10
GTCGTCAATTATAAGG-1,IDC_5,8
GTCGTCTGGTTGGCTA-1,Tumor_edge_3,10
GTCGTGTCTGGTCATC-1,Tumor_edge_3,2
GTCTAGTGAGCCGCTT-1,IDC_2,3
GTCTATCTGAGTTTCT-1,IDC_8,11
GTCTATTGCATGCTCG-1,IDC_2,3
GTCTATTGGTTCCGGT-1,Tumor_edge_5,18
GTCTCAAGGCCCGGCT-1,DCIS/LCIS_4,20
GTCTCCCGAGTCCCGT-1,IDC_2,3
GTCTCCGCCTCAATAC-1,IDC_4,1
GTCTCCTGCCAGTATG-1,IDC_4,1
GTCTCGACTAAGTTTG-1,Healthy_1,10
GTCTCGATCTGCTTTC-1,Tumor_edge_1,10
GTCTCGCCAACACGCC-1,DCIS/LCIS_5,7
GTCTGCCGACTCGACG-1,Tumor_edge_6,19
GTCTGGGCGGTCGAGA-1,IDC_8,11
GTCTTACCACGCCAAG-1,IDC_2,19
GTCTTAGTACAGCCGG-1,Tumor_edge_6,4
GTCTTGAGGAGCAGTG-1,DCIS/LCIS_1,15
GTCTTGTAGCTATTCA-1,Tumor_edge_6,13
GTGAAACGGCGCCACC-1,Healthy_1,16
GTGAAACGTGCTCCAC-1,IDC_5,8
GTGAACTCCCATTCGA-1,Tumor_edge_3,2
GTGAAGATTTCAAGTG-1,Healthy_1,10
GTGAAGCCGTATAGTC-1,Healthy_1,10
GTGACAGCTTCCCACT-1,IDC_2,19
GTGACCGCACACTACG-1,IDC_1,18
GTGACGAGGGTGACCC-1,DCIS/LCIS_1,15
GTGACGCAGGTTTCAT-1,IDC_2,19
GTGACTTCAGTAGTGC-1,IDC_8,11
GTGAGATAACCTTATA-1,IDC_4,1
GTGAGCGTGCTGCACT-1,IDC_8,11
GTGAGGACACTTAAGG-1,Healthy_2,16
GTGAGGAGCGGTTGAG-1,Tumor_edge_1,4
GTGAGTCGACTAATAG-1,IDC_2,3
GTGATCAAGCGTGCAC-1,IDC_4,1
GTGATCACTAACGCCT-1,Tumor_edge_3,10
GTGATCATAGATCTGC-1,IDC_8,11
GTGATCCTTGTCATGA-1,IDC_2,19
GTGATGCACAACATCT-1,Healthy_1,10
GTGATTCGCCGCTCAA-1,IDC_8,11
GTGCAACAAATGTGGC-1,IDC_5,8
GTGCACCAGCTTCAAC-1,IDC_4,1
GTGCACGAAAGTGACT-1,Tumor_edge_6,16
GTGCCATCACACGGTG-1,IDC_8,11
GTGCCGCTTCAAAGGT-1,IDC_8,11
GTGCCTCAGTGTACGG-1,Healthy_1,10
GTGCCTGAGACCAAAC-1,IDC_2,19
GTGCGAAATCGAACAC-1,IDC_8,11
GTGCGACAGGGAGTGT-1,DCIS/LCIS_1,15
GTGCGCAGCTTGCTCC-1,IDC_5,8
GTGCGGGACCATCGGC-1,Tumor_edge_6,8
GTGCGGGTCTCCAAAT-1,IDC_5,8
GTGCGTGTATATGAGC-1,IDC_1,18
GTGCTCAAGTACTGTC-1,IDC_8,11
GTGCTTACATCAGCGC-1,Tumor_edge_3,4
GTGGAACCTACATGCG-1,Tumor_edge_1,4
GTGGACCAACCCGATT-1,IDC_8,17
GTGGACGCATTTGTCC-1,DCIS/LCIS_4,20
GTGGACGTGCTGAGAC-1,IDC_5,8
GTGGAGCGTTTACCGA-1,IDC_4,1
GTGGCAAACAGCGGCA-1,IDC_3,2
GTGGCCGGTTTCTCGG-1,IDC_4,1
GTGGCGGGCCGTAGCT-1,DCIS/LCIS_5,7
GTGGCGGTCCCAGCGT-1,Tumor_edge_2,17
GTGGCTGTTTCTGTTC-1,IDC_2,19
GTGGGAACAAACCGGG-1,IDC_4,1
GTGGGAAGACTGAATC-1,Tumor_edge_2,16
GTGGGCTTAGACACAC-1,IDC_8,11
GTGGTCAGCGAAGTAT-1,Healthy_1,2
GTGGTTACTTCTTTCG-1,Tumor_edge_3,2
GTGGTTTCCGCCTTTC-1,IDC_8,11
GTGTACCTTGGCTACG-1,IDC_7,6
GTGTATATCAGCGGGC-1,DCIS/LCIS_4,20
GTGTATGACTTTAAAG-1,Tumor_edge_1,8
GTGTCAGTGTACGTGG-1,IDC_4,1
GTGTCGTATAGCGTTC-1,DCIS/LCIS_4,20
GTGTCGTATTCACCTT-1,Healthy_1,2
GTGTGAATAACTTAGG-1,Tumor_edge_6,16
GTGTTACTATGCGTCC-1,Healthy_2,16
GTTAAAGTAGGACTGG-1,Tumor_edge_5,18
GTTAACATCACTTAAA-1,DCIS/LCIS_4,20
GTTAACTATGTTGTCA-1,DCIS/LCIS_1,13
GTTAAGGGTGCGATGT-1,DCIS/LCIS_4,20
GTTAAGTTAGAGTGGG-1,DCIS/LCIS_1,15
GTTACAATTGGTGACG-1,IDC_8,11
GTTACCTACAACTTGC-1,Healthy_2,16
GTTACTTTGGGCCTAG-1,IDC_8,11
GTTAGAGTGTGCCGCT-1,DCIS/LCIS_5,14
GTTAGCCCATGACATC-1,IDC_2,19
GTTAGCCGTAAATCAA-1,Tumor_edge_3,13
GTTAGGCTACCCGTTT-1,IDC_3,18
GTTATAATACGGTGAA-1,Tumor_edge_4,18
GTTATATCAGGAGCCA-1,Healthy_1,10
GTTATATTATCTCCCT-1,Healthy_2,17
GTTATCAAGCTATCGA-1,IDC_2,3
GTTATCACCTTCTGAA-1,DCIS/LCIS_5,8
GTTATTAAATACGACC-1,Tumor_edge_1,13
GTTATTAACGTGGGAG-1,Tumor_edge_6,17
GTTCAATCTATGTCAA-1,Tumor_edge_1,13
GTTCACAGGAGTCTAG-1,IDC_8,11
GTTCAGTCGCCAAATG-1,IDC_4,5
GTTCATCGTTTGGCTG-1,DCIS/LCIS_1,15
GTTCCAAGACAGCGAC-1,IDC_5,8
GTTCCAGTCTGACCAT-1,IDC_5,8
GTTCCCGTAAACATAT-1,Tumor_edge_4,4
GTTCCGTCCGCCTGCA-1,IDC_4,1
GTTCGACAATTGTATA-1,IDC_4,1
GTTCGCCATAAGTGCC-1,IDC_8,11
GTTCGCTGAGACGTCT-1,Tumor_edge_4,10
GTTCGGAGCACTCAAC-1,Tumor_edge_4,5
GTTCGGATCGGGAACA-1,DCIS/LCIS_1,13
GTTCGGGCGTACCATT-1,DCIS/LCIS_1,13
GTTCGTCTAAAGAACT-1,IDC_2,5
GTTCGTCTGGGTCCCT-1,Healthy_1,10
GTTCTTCCCTCGATGT-1,IDC_5,8
GTTCTTGTAACTCAAT-1,IDC_4,1
GTTGAACCGGTTCCAT-1,IDC_8,11
GTTGAGTCCCGCCGGT-1,DCIS/LCIS_4,18
GTTGCACGGAGTTTCG-1,IDC_5,12
GTTGCGCTAACATTAC-1,Tumor_edge_3,4
GTTGCGGACGGTCAGG-1,Tumor_edge_3,10
GTTGGACCGCATCAGG-1,Healthy_1,10
GTTGGATTCAGTGGCT-1,Healthy_1,10
GTTGGATTGAGAACAC-1,Healthy_1,16
GTTGGATTTGCGTTGG-1,IDC_8,11
GTTGGTCATGCTATCC-1,DCIS/LCIS_4,20
GTTGTAGATTTATGAG-1,IDC_4,5
GTTGTCGTGTTAGTTG-1,IDC_5,8
GTTGTTACATTGCGCT-1,Healthy_1,2
GTTTACGTTCCATCTG-1,Healthy_2,16
GTTTCAAACGAGTTGT-1,Tumor_edge_4,5
GTTTCATATCGTCGCT-1,IDC_8,11
GTTTCCTGGAGGGTGA-1,IDC_6,12
GTTTCTAGAGGCGCGG-1,IDC_2,3
GTTTCTGCAGTCTCCC-1,IDC_6,11
GTTTGACCAAATCCTA-1,IDC_6,11
GTTTGGCCCAAGTTAT-1,IDC_1,18
GTTTGGCCGCTCAGCG-1,IDC_5,8
GTTTGGCGTCAGGCAC-1,Tumor_edge_6,2
GTTTGGGCTTGTGAGC-1,Healthy_2,16
GTTTGGGTTTCGCCCG-1,IDC_2,19
GTTTGGTGATCGGTGC-1,IDC_4,1
TAAACGTCGTCAATGA-1,IDC_5,12
TAAAGACAACCCTTTA-1,Tumor_edge_6,4
TAAAGAGCCCGAAACC-1,IDC_5,8
TAAAGCGGTATTTCCA-1,IDC_4,1
TAAAGCGTTAGGAGAA-1,Healthy_1,16
TAAAGCTGCAATAGGG-1,Healthy_1,10
TAAAGTGCACGTCTCG-1,IDC_4,1
TAAATCTTTACACCTC-1,Healthy_1,10
TAAATGAATCCGTTTC-1,IDC_5,17
TAAATGCCGTCTCATG-1,Healthy_1,10
TAAATTGTGGGTAAAG-1,IDC_4,5
TAAATTTAGTAACACC-1,IDC_4,1
TAACAAAGGGAGAAGC-1,IDC_5,12
TAACAATATTTGTTGC-1,Tumor_edge_2,6
TAACAGCGTTTGTGCT-1,IDC_4,1
TAACAGGTTCCCTTAG-1,IDC_4,1
TAACATACAATGTGGG-1,IDC_6,11
TAACATACACGCGATC-1,IDC_4,5
TAACCGCCCGCAGTGC-1,IDC_5,8
TAACCTACCGTCCGAG-1,Tumor_edge_3,4
TAACCTAGGGAGTCCA-1,Tumor_edge_4,18
TAACGCTTTGAGAGCG-1,Tumor_edge_2,17
TAACTATCGAAGGTCC-1,IDC_5,17
TAACTATTACGCCAAA-1,Tumor_edge_3,2
TAACTCATCCGCGCGG-1,IDC_8,11
TAACTCCATGGAGGCT-1,IDC_5,12
TAACTGAAATACGCCT-1,IDC_4,1
TAAGAGGGACAGGGAC-1,IDC_4,1
TAAGCAGGCGACACGC-1,Tumor_edge_2,17
TAAGCCCTTACGACCA-1,Healthy_1,10
TAAGCGCGAATCAAAT-1,IDC_4,1
TAAGGAACTTGTGGGA-1,IDC_5,8
TAAGGCAACATAAGAT-1,IDC_7,17
TAAGGCCCGTCACCCT-1,DCIS/LCIS_4,20
TAAGGCTGAATCCCTC-1,DCIS/LCIS_1,13
TAAGGGCCTGTCCGAT-1,IDC_2,19
TAAGGGCTGGGAGAGG-1,Tumor_edge_2,17
TAAGTAAATGTGCCGC-1,Healthy_1,2
TAAGTAACATCTTGAC-1,IDC_8,11
TAAGTCGCCGAGTATC-1,IDC_4,1
TAAGTTGCGACGTAGG-1,IDC_2,19
TAATAAACAAGGAGAT-1,Tumor_edge_1,2
TAATACACAGTAGTAT-1,IDC_5,12
TAATACTAGAACAGAC-1,IDC_2,19
TAATAGAACAGAGTTA-1,Tumor_edge_2,6
TAATAGGTCACCAGAA-1,IDC_4,1
TAATAGTGACGACCAG-1,Tumor_edge_1,16
TAATATTGAAATTCGC-1,IDC_5,8
TAATCGATCCGTACGT-1,Healthy_1,2
TAATGAAAGACCCTTG-1,Tumor_edge_2,6
TAATTACGTCAGTAGA-1,IDC_2,19
TAATTAGATGGATATG-1,IDC_5,8
TAATTAGGACATCCGT-1,DCIS/LCIS_1,15
TAATTGCGCTGATTAC-1,IDC_4,1
TAATTGGAATCGGGAA-1,Healthy_1,10
TACAACAGCGCATACA-1,IDC_2,19
TACAACGCACAACTCA-1,IDC_8,11
TACAAGCTGTTCACTG-1,DCIS/LCIS_5,7
TACAAGGGCTTCTTTA-1,IDC_2,3
TACAAGTCTCGTGCAT-1,IDC_8,11
TACACAGCCGTGGTGC-1,IDC_2,19
TACACCGTCGTTAGTC-1,Healthy_1,10
TACACCTCTTCGAATC-1,IDC_2,19
TACAGAAACGGTGGGC-1,IDC_2,19
TACATAGGCATACACC-1,IDC_8,11
TACATCCCTATCCCTG-1,Tumor_edge_2,16
TACATTTCTAACGTGC-1,IDC_8,11
TACCAAATAGCCCAGA-1,DCIS/LCIS_4,20
TACCAATAAAGTACCA-1,DCIS/LCIS_4,9
TACCAGAAGTAGGTTC-1,IDC_8,17
TACCAGCTAGGTTTAA-1,Tumor_edge_1,12
TACCAGGAATCCCGTC-1,IDC_4,1
TACCGAATAATTGTAA-1,IDC_2,3
TACCGCGGACTTGCAG-1,Healthy_1,2
TACCGGCTCACTGCCC-1,Healthy_2,6
TACCGGTCGTTTCCAT-1,IDC_8,11
TACCGTAGGTTAACTA-1,DCIS/LCIS_4,20
TACCGTGCCTCGGACC-1,Healthy_2,16
TACCTACTCCCAGTAT-1,DCIS/LCIS_4,20
TACCTCACGCTTGTAC-1,IDC_5,8
TACCTCAGTTGTCTGT-1,IDC_4,1
TACCTCCACACCAATG-1,IDC_4,1
TACCTGCTGCACTGTG-1,IDC_8,6
TACCTTAAGATTTCCC-1,Tumor_edge_2,16
TACGAACACGACTTCA-1,Tumor_edge_6,11
TACGACGCTTGCTGCG-1,IDC_8,11
TACGACTGCCTCTTAG-1,Healthy_2,17
TACGAGAACTTCACGT-1,IDC_8,11
TACGATGTTGATCATC-1,IDC_8,11
TACGCAGTTCTTTCCT-1,IDC_8,11
TACGCCATATTCTAAT-1,IDC_8,11
TACGCCGAGGGTACCC-1,IDC_4,1
TACGCCTCCATTCCGA-1,DCIS/LCIS_4,12
TACGCTATAGAAACCT-1,DCIS/LCIS_1,15
TACGCTCCTAGAACTG-1,IDC_4,1
TACGCTCGGTATTGGA-1,Tumor_edge_4,4
TACGCTGCACGGTCGT-1,IDC_2,19
TACGCTGCTGTGTTAA-1,IDC_4,1
TACGGAAGCCAAACCA-1,IDC_2,19
TACGGCATGGACGCTA-1,Tumor_edge_4,18
TACGGGATGCTAGCAG-1,Tumor_edge_1,10
TACGGGTAATAACATA-1,IDC_2,19
TACGTAAAGCGGAGTG-1,IDC_2,19
TACGTACTAGTGCTGA-1,IDC_4,1
TACGTGCACTATGCTG-1,IDC_5,12
TACGTGGGCCCAGGGC-1,IDC_2,19
TACGTTTACCGGCAAT-1,IDC_8,11
TACTACGTGCAATGCG-1,IDC_2,19
TACTCCTCTAGTTGAC-1,IDC_4,1
TACTCGTTTGAATCAA-1,IDC_2,19
TACTCTCCGAACAAAT-1,Tumor_edge_1,16
TACTCTTACTTTACTG-1,DCIS/LCIS_2,4
TACTGCAATCAATTAC-1,Healthy_1,10
TACTGGACAGCTCGGC-1,IDC_8,11
TACTGTTTCTCTGGTA-1,Tumor_edge_3,10
TACTTAAACATGTACA-1,IDC_2,3
TACTTTACTGAGCCGG-1,Healthy_1,2
TACTTTCCGCACGCCA-1,Tumor_edge_6,2
TAGAAACCACTAAGTA-1,DCIS/LCIS_5,15
TAGAAAGGTGGCGCTA-1,IDC_7,6
TAGAATAGCCGATGAA-1,IDC_2,19
TAGAATTAAGGGCAAC-1,DCIS/LCIS_5,14
TAGACGAAACGCCAAT-1,DCIS/LCIS_4,20
TAGACGCCCGTACCGG-1,Healthy_1,2
TAGACTACCTAGCGTT-1,DCIS/LCIS_1,15
TAGACTCAGTTGGCCT-1,IDC_4,1
TAGAGATCATGCAACT-1,Tumor_edge_2,17
TAGAGCTACGAAGAAC-1,IDC_5,8
TAGAGGGAGTTTATCT-1,IDC_4,1
TAGAGGTTCTACTTGT-1,IDC_2,19
TAGAGTCTAAGCGAAC-1,IDC_6,11
TAGAGTGTTCCGGGTA-1,IDC_2,19
TAGATATGGACTGGAA-1,IDC_8,17
TAGATCCGAAGTCGCA-1,DCIS/LCIS_5,14
TAGATGGTTCCTTACT-1,IDC_2,19
TAGATTCAAAGTGCGG-1,IDC_4,1
TAGATTCCTGGTTATT-1,IDC_8,17
TAGATTCTCTAGCAAA-1,IDC_2,19
TAGCAACCTGTCACAA-1,IDC_5,12
TAGCAGATACTTAGGG-1,IDC_2,19
TAGCAGTATGACTAAA-1,IDC_2,3
TAGCCATTTCAAAGTC-1,IDC_1,18
TAGCCGGCGGTCAGCG-1,Tumor_edge_6,16
TAGCGTCCCTCGATTG-1,Tumor_edge_3,13
TAGCGTCCGGTGTGGT-1,DCIS/LCIS_4,9
TAGCGTTGGGTCTTAC-1,IDC_6,11
TAGCTAAGTCCGGGAG-1,IDC_6,11
TAGCTAGTGATGATGG-1,IDC_4,1
TAGCTCAGATCCTAGT-1,Healthy_1,2
TAGCTGATGTGAAGCG-1,Tumor_edge_2,16
TAGGAACAGCCTCCAG-1,Tumor_edge_1,4
TAGGAGGCTCGAGAAC-1,IDC_2,19
TAGGCATGTTACGCCA-1,Tumor_edge_1,16
TAGGCCTATATAGTCT-1,IDC_2,19
TAGGCGATGAGGTCTC-1,IDC_3,18
TAGGCGGCTGCAAAGA-1,IDC_4,1
TAGGCTAAAGTGGCAC-1,IDC_2,3
TAGGGAGCTTGGGATG-1,Tumor_edge_3,2
TAGGGTGTTTCAAGAG-1,IDC_5,8
TAGGTCCAAGTAAGGA-1,IDC_8,11
TAGGTCGCCGGAACTG-1,Tumor_edge_3,2
TAGGTGACGATAACCT-1,DCIS/LCIS_4,9
TAGGTGAGCCCTACTC-1,IDC_8,11
TAGGTGCTCGCCTAGC-1,IDC_1,18
TAGGTGTTCCACAGAT-1,DCIS/LCIS_4,20
TAGGTTCGAGTTCGTC-1,IDC_6,11
TAGGTTCTGCTGAGAA-1,IDC_4,1
TAGTACCACAACTTTC-1,IDC_4,1
TAGTACCTTAGTGGTC-1,IDC_5,12
TAGTAGCTTATACCAG-1,IDC_4,1
TAGTCCCGGAGACCAC-1,IDC_4,1
TAGTCCGCAGAGAATG-1,IDC_8,11
TAGTCCGTATGCATAA-1,IDC_5,12
TAGTCCTGCACTAAGC-1,IDC_4,1
TAGTCGATCACGGGTT-1,Tumor_edge_5,10
TAGTCTAACAACGAGA-1,IDC_8,11
TAGTCTGCGGCACATT-1,IDC_4,1
TAGTCTGTGACGTTGC-1,Healthy_1,10
TAGTCTTTCCGAATTG-1,Tumor_edge_3,10
TAGTGCCCTCCAGAGT-1,IDC_8,11
TAGTGGAACTCATACA-1,Tumor_edge_1,13
TAGTGTCAGAAACGGC-1,IDC_5,12
TAGTTAAGATAGGATA-1,Tumor_edge_1,4
TAGTTTATTCTTGCTT-1,IDC_5,8
TATAAATCCACAAGCT-1,IDC_5,12
TATAAGTGAGGATAGC-1,IDC_5,12
TATACACGCAAAGTAT-1,IDC_5,8
TATACCGAGTGCCACA-1,Tumor_edge_3,10
TATACGCGTCATCACT-1,DCIS/LCIS_4,20
TATACTCATGCGGCAA-1,IDC_5,12
TATAGAGTCGCTTGAA-1,IDC_4,1
TATAGATGGTCGCAGT-1,DCIS/LCIS_1,15
TATAGGGTACTCATGA-1,IDC_8,17
TATAGTTAGGTGTACT-1,IDC_4,1
TATATAGGGCTTTACG-1,IDC_4,1
TATATATCGAGAAATG-1,IDC_4,1
TATATCAAAGTGATCT-1,IDC_4,1
TATATCCCTGGGAGGA-1,Tumor_edge_3,4
TATATTACAAATGTCG-1,Healthy_1,10
TATATTCGCGTCGATA-1,DCIS/LCIS_5,8
TATCACAGCACGGGCA-1,DCIS/LCIS_5,7
TATCACCATGTAAAGT-1,Healthy_1,2
TATCACCCAACCGACC-1,Healthy_1,2
TATCACTTCGAGTAAC-1,Healthy_1,10
TATCCAATTGGTTATC-1,DCIS/LCIS_4,20
TATCCATATCATGCGA-1,IDC_5,8
TATCCATCTCGGTTAG-1,IDC_4,1
TATCCGCACCGTCGGG-1,Healthy_2,9
TATCCTATCAACTGGT-1,IDC_4,5
TATCCTGCATGGGAAT-1,IDC_5,8
TATCGATCTATGCATA-1,Tumor_edge_1,2
TATCGATGATTAAACG-1,IDC_5,12
TATCTACAGAGGTAAT-1,IDC_8,11
TATCTACCACAGCGGG-1,IDC_8,11
TATCTGAGCCGATATT-1,IDC_4,1
TATCTTGCAATACAAC-1,IDC_4,5
TATGAAGAATTAAGGT-1,IDC_2,3
TATGAAGACAGGTGCG-1,IDC_8,17
TATGATAAATCTAACG-1,DCIS/LCIS_5,13
TATGATCCGGCACGCC-1,Tumor_edge_6,2
TATGATCTTCTCTTTA-1,IDC_2,19
TATGATTCTGCTTGGT-1,IDC_5,8
TATGCTCCCTACTTAC-1,IDC_7,12
TATGGAGTTTCTCGTT-1,IDC_5,8
TATGGATGTGCTACGC-1,Tumor_edge_6,12
TATGGCCCGGCCTCGC-1,IDC_8,11
TATGGGACCGAGCAGG-1,IDC_8,11
TATGGGTACGTATCGT-1,IDC_6,11
TATGGTCTGAGTAACA-1,IDC_8,11
TATGGTTAGTGGGAGA-1,DCIS/LCIS_1,15
TATGTAAAGTGCTTAA-1,IDC_4,1
TATGTCAAGACCGACT-1,Tumor_edge_6,2
TATGTCTCATTGTGCC-1,IDC_7,16
TATTAACACCAAAGCA-1,IDC_3,18
TATTACCATCCTGCTT-1,Tumor_edge_3,4
TATTATGTTTGCCTGC-1,IDC_4,5
TATTCAATTCTAATCC-1,IDC_6,11
TATTCCGAGCTGTTAT-1,IDC_2,19
TATTCCGGCAGTCCTA-1,DCIS/LCIS_5,8
TATTCCTCCGCCCACT-1,Tumor_edge_2,17
TATTCGTGCCAGAATA-1,IDC_6,11
TATTGACATTTCTGCC-1,DCIS/LCIS_1,15
TATTGCCGGGCTTGTA-1,IDC_2,19
TATTTAGTCTAGATCG-1,IDC_5,8
TATTTATACCGAGTAG-1,Tumor_edge_1,16
TATTTGATTTGCACAG-1,Tumor_edge_5,10
TATTTGTTACCCTTTA-1,Tumor_edge_6,12
TCAAACAACCGCGTCG-1,IDC_7,12
TCAAACTTAGATTGTT-1,IDC_6,11
TCAAAGTCACGGCGTC-1,IDC_4,1
TCAAATTGTTGTGCCG-1,IDC_2,19
TCAAATTTGAGACTCA-1,DCIS/LCIS_4,20
TCAACAAAGATAATTC-1,Tumor_edge_2,18
TCAACACATTGGGTAA-1,IDC_5,8
TCAACATAGCGCCCTA-1,IDC_4,1
TCAACATCGACCGAGA-1,Tumor_edge_2,16
TCAACCATGTTCGGGC-1,Tumor_edge_6,12
TCAACGAGGAGACAAA-1,IDC_8,11
TCAACGCAGGAAATAA-1,Tumor_edge_2,16
TCAACGCGACCGGCAG-1,IDC_8,17
TCAACTAACGTATAAC-1,IDC_8,17
TCAACTGCAGAGTCAG-1,DCIS/LCIS_2,4
TCAAGAAATACTAGCT-1,DCIS/LCIS_1,15
TCAAGCGCGGACGGTA-1,DCIS/LCIS_2,4
TCAAGGTTACTACACC-1,Tumor_edge_3,4
TCAATACGCCGTCATG-1,DCIS/LCIS_4,20
TCAATATACAGGAGGC-1,IDC_2,19
TCAATCCGGGAAGTTT-1,IDC_2,19
TCACAAACCGAGGTAC-1,IDC_2,19
TCACAGATCCTCAAAC-1,IDC_5,12
TCACAGGTTATTGGGC-1,IDC_8,11
TCACATCTTATCTGAT-1,Tumor_edge_2,6
TCACCCTCTTAAGATT-1,IDC_8,11
TCACCGCTCGGCACTC-1,Healthy_1,16
TCACGATGTCCGTGGA-1,Tumor_edge_2,18
TCACGCATTGTAGATC-1,IDC_8,11
TCACGGCCCAAGAGAG-1,IDC_4,1
TCACGGTCATCGCACA-1,IDC_5,12
TCACGTGCCCGATTCA-1,IDC_6,11
TCACTACGACCAATGC-1,Healthy_1,10
TCACTATCCCTTCGGT-1,IDC_2,3
TCACTCGTGCAACGGC-1,Healthy_1,10
TCAGAACCTCCACAGG-1,Tumor_edge_3,2
TCAGAACGGCGGTAAT-1,Tumor_edge_6,19
TCAGAGGACGCGTTAG-1,Tumor_edge_6,5
TCAGCAAATGCATCTC-1,IDC_7,12
TCAGCAGTAGGCCCTG-1,IDC_4,1
TCAGCCAATCCGTAAA-1,IDC_2,19
TCAGCGCACGCCGTTT-1,IDC_4,19
TCAGGGCGCAAACTCG-1,Tumor_edge_6,6
TCAGGGTGCACGAAAC-1,Tumor_edge_1,4
TCAGGGTGTAACGTAA-1,IDC_7,11
TCAGGTTCTTTGAGAA-1,IDC_8,11
TCAGTACTGACCCGCG-1,Tumor_edge_2,17
TCAGTAGGGACTATAA-1,IDC_8,11
TCAGTGTATACGTCAT-1,IDC_4,1
TCAGTTACGGAATGAT-1,DCIS/LCIS_5,14
TCATACTTACAGATCC-1,IDC_5,17
TCATATGAGCTTTGTT-1,DCIS/LCIS_4,20
TCATCACTCGAGCTCG-1,IDC_5,8
TCATCCCAGAGGGTGG-1,Tumor_edge_1,12
TCATCCTCAGCTGCTT-1,IDC_2,19
TCATCGATGGTCCCAA-1,IDC_4,1
TCATGCAGGTTCTCAT-1,Tumor_edge_1,2
TCATTCGTATAATTTG-1,Healthy_1,2
TCATTTAAGTCTCCGA-1,Tumor_edge_3,4
TCATTTAGAAGTGTGA-1,Tumor_edge_4,10
TCCAACTCAGCTATCT-1,IDC_2,3
TCCAACTTTAAATTCT-1,IDC_8,11
TCCAAGCCTAGACACA-1,IDC_2,19
TCCAATAAAGGCTACC-1,IDC_4,9
TCCACAATGGTTTACG-1,IDC_8,11
TCCACATCGTATATTG-1,IDC_2,19
TCCACCAAGACATAGG-1,IDC_2,3
TCCACCTCTAGCCTTT-1,Tumor_edge_6,9
TCCACTTTATCTAGGT-1,IDC_7,17
TCCAGAGCACCGGTTC-1,IDC_6,11
TCCAGATGTACGCCAA-1,Healthy_1,10
TCCAGCGCTATAAGCG-1,Tumor_edge_6,10
TCCAGGCAGGACGATC-1,IDC_4,1
TCCAGGCGAGTACGGT-1,IDC_6,11
TCCAGGGTATATACGA-1,DCIS/LCIS_4,20
TCCATCAATACTAATC-1,IDC_4,1
TCCATTAGTTGGATAG-1,IDC_5,8
TCCATTGTGACCTCGT-1,DCIS/LCIS_5,14
TCCCAAACAGACAACG-1,Healthy_1,10
TCCCAAAGACGAAGGA-1,IDC_7,12
TCCCAAAGCCCTAAAT-1,DCIS/LCIS_1,15
TCCCACTCTCTTCCGG-1,Tumor_edge_3,4
TCCCAGCTTTAGTCTG-1,IDC_8,11
TCCCAGGCTTAGCTAA-1,IDC_8,11
TCCCGCCTATGTGCGT-1,Tumor_edge_3,4
TCCCGCGTACTCCTGG-1,IDC_7,12
TCCCGGGTGTGCTGCT-1,IDC_8,11
TCCCGGTCAGGAATTT-1,IDC_5,8
TCCCGTCAGTCCCGCA-1,IDC_7,16
TCCCGTCGCGTCATAG-1,Tumor_edge_3,10
TCCCTAGATCAATAGG-1,Tumor_edge_3,10
TCCCTCTTCTCAAGGG-1,Tumor_edge_4,5
TCCCTGGCGTATTAAC-1,IDC_4,1
TCCCTGGCTCGCTGGA-1,IDC_8,11
TCCCTTAGATTACTCG-1,Tumor_edge_1,2
TCCCTTGTCTGAAACT-1,IDC_2,19
TCCGAACTTGGCTTAC-1,Tumor_edge_6,17
TCCGAAGTAGTCACCA-1,Healthy_1,10
TCCGAATGGTCCTGAG-1,Tumor_edge_3,13
TCCGACCGCTAATCAA-1,IDC_4,1
TCCGAGAAGGCTAAGC-1,Tumor_edge_1,8
TCCGATAATTGCCATA-1,IDC_5,8
TCCGATGACTGAGCTC-1,Tumor_edge_1,16
TCCGATGGTGCGACAT-1,IDC_5,12
TCCGATTACATTGCCG-1,IDC_8,11
TCCGCCTGTCTACAAG-1,DCIS/LCIS_4,20
TCCGCGGCAGCATCTG-1,IDC_6,16
TCCGCGGCCCAATGAA-1,IDC_2,5
TCCGCTGTCATCCCGG-1,Tumor_edge_6,18
TCCGGAGGAAGGGCTG-1,Healthy_1,10
TCCGGCCTAGCGTACA-1,Healthy_1,2
TCCGGCCTGCATCGAT-1,Tumor_edge_1,13
TCCGGGCTTGACGGGA-1,IDC_2,3
TCCGTAACCACAATCC-1,IDC_5,12
TCCGTTAAGCTAATAT-1,IDC_2,5
TCCGTTTAGCCTTGAA-1,IDC_7,16
TCCTAAAGATTCAGAC-1,IDC_2,19
TCCTAAATTGGGAAGC-1,DCIS/LCIS_4,20
TCCTAACCGTCGGGCA-1,IDC_4,1
TCCTAGCAAAGAAGCT-1,IDC_8,11
TCCTATCATAGGTAAC-1,Tumor_edge_3,4
TCCTCCTAAGACATTC-1,Tumor_edge_2,16
TCCTCGGGCTGGGCTT-1,IDC_6,2
TCCTCTACGAGATGGC-1,Tumor_edge_2,17
TCCTCTCCAGTTGTCC-1,IDC_8,17
TCCTCTGGCCCATTAG-1,Tumor_edge_1,4
TCCTGCCAACTGGAGA-1,Tumor_edge_1,10
TCCTGCGTTGATACTC-1,IDC_8,11
TCCTGGCGCTGCCTGG-1,Healthy_1,10
TCCTTACGACGGTCCG-1,Tumor_edge_5,18
TCCTTCAGTGGTCGAA-1,Tumor_edge_1,12
TCCTTGTCCTTTAATT-1,IDC_2,19
TCCTTTAAATCCGCTT-1,IDC_2,19
TCCTTTCTTACGCTTA-1,IDC_6,11
TCGAAATTTAGGACCA-1,IDC_6,11
TCGAAGAACCGAGCAC-1,DCIS/LCIS_1,13
TCGAATATCCCGCAGG-1,IDC_4,1
TCGACAACTGAACCCG-1,IDC_4,5
TCGACTGACGATGGCT-1,IDC_2,19
TCGAGACCAACACCGT-1,IDC_8,11
TCGAGCCAGGCAGGCC-1,IDC_4,1
TCGAGGGCAACAGACG-1,Tumor_edge_4,4
TCGATAGGCTAGTCGC-1,IDC_5,8
TCGCACCAGGAGGCAG-1,Tumor_edge_5,18
TCGCATAAAGGGCGCA-1,Tumor_edge_4,5
TCGCATCCCTAAGTGT-1,IDC_5,8
TCGCATTCAATGACTT-1,IDC_5,8
TCGCCCAACTGACTCC-1,Healthy_1,2
TCGCCGAAGTTGCGTC-1,IDC_8,11
TCGCCGACATATTCGC-1,IDC_2,19
TCGCCGGTCGATCCGT-1,IDC_5,8
TCGCCTCCTTCGGCTC-1,Tumor_edge_6,5
TCGCGCGTTTACATGA-1,Tumor_edge_6,1
TCGCGTAGCAGTGTCC-1,IDC_2,19
TCGCGTCCAGAAGGTC-1,IDC_8,11
TCGCTAAACCGCTATC-1,Tumor_edge_1,2
TCGCTACTGGCTTTGA-1,IDC_2,19
TCGCTCGATATATTCC-1,Tumor_edge_6,12
TCGCTCGGCACCAGCG-1,Healthy_1,10
TCGCTGCCAATGCTGT-1,IDC_2,19
TCGCTGGGCGGATTGT-1,IDC_7,11
TCGCTGTGCGTAAATC-1,IDC_5,8
TCGCTTAATTACGAAG-1,Healthy_1,10
TCGCTTTAAACGTTTG-1,Tumor_edge_6,16
TCGGAATGACCATCAA-1,DCIS/LCIS_5,14
TCGGAATGCGCTCTGA-1,IDC_8,11
TCGGACGCCCAGCCCA-1,IDC_6,17
TCGGAGAGTATCGGGA-1,Tumor_edge_2,16
TCGGAGTACATGAGTA-1,IDC_7,11
TCGGCGAACCCAAACC-1,Tumor_edge_3,4
TCGGCGTACTGCACAA-1,IDC_3,2
TCGGCTAACTTCCCTT-1,DCIS/LCIS_5,14
TCGGCTTGTATCGACG-1,IDC_2,19
TCGGGAACGTGCCTAG-1,Tumor_edge_3,13
TCGGGAGACAGCGTAC-1,DCIS/LCIS_4,20
TCGGGATTCAAACATA-1,Tumor_edge_2,6
TCGGGCCGTCGTGGTA-1,IDC_1,18
TCGGGTGAAACTGCTA-1,IDC_5,8
TCGGTCCCGACAATAG-1,IDC_4,1
TCGGTCCCTGACTCCA-1,Tumor_edge_1,4
TCGGTGACCGCTCCGG-1,Healthy_1,10
TCGGTTAGCCATGTAG-1,Healthy_1,2
TCGTAAGACGACATTG-1,IDC_7,17
TCGTAAGCTCCGAGGA-1,Healthy_1,10
TCGTACCGACGTCAAG-1,IDC_4,1
TCGTATAGTGCAATTA-1,IDC_5,8
TCGTATTACCCATTGC-1,IDC_8,11
TCGTATTTCGTCCGGA-1,DCIS/LCIS_5,13
TCGTCAAGTACGCGCA-1,IDC_4,1
TCGTCACACTGTTAGC-1,Tumor_edge_2,6
TCGTCCGCTGGCGTCT-1,IDC_5,12
TCGTCCGGGTACACTC-1,Healthy_1,2
TCGTCTTAGGCGTTAA-1,IDC_2,9
TCGTGTATTGGTCACG-1,Tumor_edge_5,10
TCGTGTCACGCTGACA-1,Tumor_edge_2,6
TCGTGTTCGACCACAA-1,DCIS/LCIS_2,18
TCGTTCGTTATTATGT-1,Tumor_edge_1,8
TCGTTGGCTCGTCAAT-1,IDC_5,8
TCGTTTACGCGACCCT-1,IDC_2,19
TCTAAAGAACAGTCTC-1,IDC_3,10
TCTAACCTAGCCTGCG-1,IDC_2,19
TCTAATACTGCCTCAG-1,IDC_4,1
TCTACACGTTCATGCA-1,Healthy_1,2
TCTACCCAATAGAGAG-1,DCIS/LCIS_2,18
TCTACCCGCATCATTT-1,IDC_2,19
TCTACCGTCCACAAGC-1,IDC_7,12
TCTACGGGCTCAGTTG-1,Healthy_1,10
TCTAGCAATCTCCGCC-1,IDC_8,11
TCTAGCATCTTCGATG-1,IDC_5,12
TCTAGCATGCCCAGAA-1,Healthy_2,16
TCTAGGTGGCGACGCT-1,Healthy_1,2
TCTAGTGATATCGTGG-1,DCIS/LCIS_1,13
TCTAGTTATCAGAAGA-1,IDC_8,11
TCTATAGGTGGGTAAT-1,IDC_2,5
TCTATCATGCAGTTAC-1,IDC_5,8
TCTATCCGATTGCACA-1,Tumor_edge_6,19
TCTATCGGTCGCAACA-1,IDC_7,12
TCTATGCTATAACGAC-1,IDC_2,19
TCTATTACGCTGGCGA-1,IDC_5,8
TCTATTACTAGAGGAT-1,Tumor_edge_2,6
TCTCAAATCAATCGGG-1,IDC_2,19
TCTCAGGCTACTCGCT-1,IDC_2,19
TCTCATGAGATAGGGT-1,Tumor_edge_5,18
TCTCCAACGTAGGTTA-1,Tumor_edge_1,16
TCTCCACAAGTTGAAT-1,IDC_2,19
TCTCCCTGGGCAGCGT-1,DCIS/LCIS_4,9
TCTCGAACGAGGTCAC-1,Healthy_1,10
TCTCGACGTATCGCCG-1,Tumor_edge_3,4
TCTCGAGGAGGTTCGC-1,Tumor_edge_5,10
TCTCGGCTCCAGGACT-1,IDC_5,8
TCTCTAATAGCTGGTA-1,IDC_5,8
TCTCTCGCCGCACATA-1,Tumor_edge_4,4
TCTCTTACCGCGAACC-1,IDC_4,1
TCTGAACCGGTCGGCT-1,IDC_5,12
TCTGAACTCGTACCCG-1,Tumor_edge_3,10
TCTGAAGCACGTGGTC-1,DCIS/LCIS_4,9
TCTGAATTCCGTACAA-1,Healthy_1,2
TCTGACGGGCTAACCC-1,Tumor_edge_3,10
TCTGACTGTAATGGTT-1,IDC_5,8
TCTGAGCAATTGACTG-1,Tumor_edge_4,10
TCTGATCGGGTGCTAG-1,DCIS/LCIS_1,15
TCTGATGTATTCTGTC-1,Tumor_edge_5,18
TCTGCATACCTTGCTT-1,IDC_2,19
TCTGCCAGAAACTGCA-1,IDC_1,2
TCTGCGAATCGTTCGC-1,Healthy_1,10
TCTGCGTCCGGTTTCT-1,IDC_5,8
TCTGGGAACCTTTGAA-1,DCIS/LCIS_1,13
TCTGGGTAGCGCTCAT-1,IDC_8,11
TCTGTCATACAAGAGC-1,IDC_5,8
TCTGTGATGGAGGTTG-1,Healthy_1,2
TCTGTGCCATCATAGT-1,IDC_7,17
TCTGTTACCCAGCATA-1,Tumor_edge_2,6
TCTTACAGAGGTACCG-1,IDC_5,8
TCTTACCGGAACTCGT-1,Tumor_edge_6,2
TCTTACGGCATCCGAC-1,Tumor_edge_2,17
TCTTACTTATGCCTCT-1,Tumor_edge_3,4
TCTTAGAGCTCCAATT-1,DCIS/LCIS_1,15
TCTTAGAGTGAACTCT-1,DCIS/LCIS_1,13
TCTTATGGGTAGTACC-1,Tumor_edge_6,7
TCTTCCCATGGGCACA-1,Healthy_1,2
TCTTCGAATAGACGTT-1,IDC_6,11
TCTTCGATACCAATAA-1,IDC_6,11
TCTTCGCGGTGAGAGG-1,DCIS/LCIS_2,4
TCTTCTATAACCCGCC-1,Tumor_edge_6,13
TCTTGATGCGTAGCGA-1,IDC_6,11
TCTTGCTCCCGATACT-1,Tumor_edge_6,20
TCTTGGTAACACCAAA-1,Tumor_edge_6,12
TCTTTAAGACTATGAA-1,Tumor_edge_3,4
TCTTTAGAGTCTAACA-1,Tumor_edge_3,10
TCTTTAGCAGGCGAAC-1,DCIS/LCIS_1,15
TCTTTCTCTTAAGGAG-1,DCIS/LCIS_5,15
TGAAACTTATGCAAGC-1,DCIS/LCIS_5,14
TGAAAGGACCTGACTC-1,IDC_6,16
TGAACAAGCAGGGACT-1,IDC_4,1
TGAATACCGACGCGTA-1,IDC_2,19
TGAATATGCTATAAAC-1,Healthy_1,10
TGAATGAGTGTTTCCC-1,IDC_4,1
TGAATGTCAGCCGGCC-1,Tumor_edge_3,4
TGACACTTCTCTTTGC-1,Healthy_1,10
TGACATCGAGCGGACC-1,DCIS/LCIS_1,15
TGACATGTAACGTGAC-1,Tumor_edge_6,5
TGACCAAATCTTAAAC-1,Tumor_edge_6,9
TGACCAGCTTCAAAGT-1,Healthy_1,2
TGACCCACGTTAGACA-1,IDC_8,11
TGACGAATATTTCCCT-1,Tumor_edge_2,6
TGACGATGCACTAGAA-1,Tumor_edge_6,4
TGACTATAATCCTTTC-1,Healthy_2,16
TGACTCCGAATCATAC-1,IDC_4,1
TGAGAATGCTTTACCG-1,IDC_5,8
TGAGAGATTTACCACG-1,IDC_1,18
TGAGATCAAATACTCA-1,DCIS/LCIS_5,7
TGAGATTAGGCCCTAA-1,Healthy_1,10
TGAGCAGTCGTGAAGT-1,Tumor_edge_1,8
TGAGCCATACAGTCTC-1,IDC_8,11
TGAGCGGAAAGTGTTC-1,DCIS/LCIS_4,20
TGAGCTTTAATGACGC-1,Tumor_edge_1,10
TGAGGAGTGCCAGCTT-1,DCIS/LCIS_4,20
TGAGGTGTGTGGCGGA-1,IDC_4,1
TGAGTAAATTAGCGTA-1,Healthy_2,17
TGAGTGCCTCTTAAAT-1,IDC_8,11
TGAGTGGTCCGTGACG-1,IDC_7,16
TGAGTGTAACAACGGG-1,IDC_2,19
TGAGTTAAAGACATTC-1,Tumor_edge_3,4
TGATAGCGGGATTCTA-1,Tumor_edge_2,6
TGATCACCACACTGAC-1,IDC_4,1
TGATCAGGGAACTGCT-1,Tumor_edge_6,17
TGATCCCAGCATTAGT-1,Tumor_edge_3,2
TGATCGGTTTGACCCT-1,IDC_6,11
TGATCTACGCTGATCT-1,Healthy_1,10
TGATCTATCACACTCT-1,IDC_2,19
TGATCTCCGGCGCCAG-1,IDC_6,11
TGATGGCTGTTTCTGA-1,Tumor_edge_3,10
TGATGTCAATTAAGTG-1,Tumor_edge_4,18
TGATTATGGCACGCAG-1,Healthy_1,10
TGATTCCCGGTTACCT-1,IDC_4,1
TGATTCGTCTATCACT-1,IDC_8,11
TGATTCTGTCGCCGGT-1,IDC_8,17
TGATTTATTAGCTGTG-1,IDC_8,11
TGATTTCCTCCTGACG-1,IDC_5,8
TGCAAAGTTCGTCTGT-1,IDC_4,1
TGCAACCCATCTGCGG-1,IDC_2,19
TGCAACTACTGGTTGA-1,IDC_2,19
TGCAAGAATGACGTAA-1,IDC_6,11
TGCAATCTAACACGGT-1,IDC_2,19
TGCAATTTGGGCACGG-1,Healthy_1,10
TGCACAGTGAAGTTAT-1,Healthy_1,10
TGCACGAGTCGGCAGC-1,DCIS/LCIS_5,14
TGCAGAACTATATCGT-1,Tumor_edge_2,17
TGCAGAGTACCGAGCA-1,IDC_8,11
TGCAGATCGTCCTAGG-1,Tumor_edge_2,6
TGCAGCTACGTACTTC-1,Tumor_edge_2,16
TGCAGGATCGGCAAAG-1,IDC_7,17
TGCAGTGAGGCTCGGG-1,Healthy_1,10
TGCAGTGGTAGGGAAC-1,IDC_4,1
TGCAGTTTCCTCCCAT-1,IDC_1,18
TGCATATGTCTGTCAC-1,Healthy_1,16
TGCATGGATCGGATCT-1,IDC_7,12
TGCATGTGACCCATAG-1,IDC_4,1
TGCATGTGGTAATCTA-1,IDC_7,6
TGCCAAAGTCAGACTT-1,Tumor_edge_2,6
TGCCACCTGGCGAAAC-1,Tumor_edge_1,16
TGCCAGTACGTGGAGA-1,Healthy_2,18
TGCCATTACTAAAGAA-1,Tumor_edge_1,10
TGCCCGATAGTTAGAA-1,IDC_2,19
TGCCGAAAGCGTATTC-1,DCIS/LCIS_1,15
TGCCGGATGTACGAGC-1,IDC_4,1
TGCCGTGGATCGTCCT-1,DCIS/LCIS_4,20
TGCCGTGGGACCCAAT-1,Tumor_edge_6,5
TGCCTAATTGAAGATT-1,Tumor_edge_6,18
TGCCTGACATCGGTCA-1,IDC_5,12
TGCCTGATCAAACGAT-1,IDC_7,12
TGCCTTGGCCAGGCAA-1,Tumor_edge_5,5
TGCGAATATGGGATTT-1,Tumor_edge_2,16
TGCGACACCCTAGTGC-1,IDC_8,11
TGCGACGGCCGAACGT-1,IDC_4,1
TGCGAGAATATTACCC-1,Tumor_edge_2,6
TGCGAGATGGCGGCCA-1,Healthy_1,2
TGCGAGCCCTTCCGCG-1,Healthy_1,10
TGCGCAAAGCATTTGG-1,IDC_6,11
TGCGCGATTAACGGAG-1,IDC_6,11
TGCGGACTTGACTCCG-1,IDC_2,19
TGCGGAGTAAAGGTGC-1,IDC_7,17
TGCGGCATAGTTCAAC-1,IDC_5,8
TGCGGGTATTGGGATC-1,DCIS/LCIS_5,7
TGCGGTGAAATTTCAT-1,Tumor_edge_1,12
TGCGTAAGAACCTGAT-1,IDC_8,11
TGCGTACGGCTAATTG-1,IDC_2,3
TGCGTCATGACTGAGC-1,IDC_3,18
TGCGTGATTGGGTGTC-1,IDC_5,8
TGCGTTTGTTGACACT-1,IDC_1,16
TGCTAAGTGTCTATTT-1,IDC_2,5
TGCTATACAAACGGAC-1,DCIS/LCIS_5,8
TGCTATGGCAAAGGGA-1,IDC_4,1
TGCTCCACAGTTCTTA-1,Tumor_edge_3,4
TGCTCGGCGAAACCCA-1,DCIS/LCIS_4,20
TGCTCGGTGGGTCACC-1,IDC_2,19
TGCTCTTGAGAGTTTG-1,Tumor_edge_6,9
TGCTGGTTGGACAATT-1,IDC_5,12
TGCTGTTGAAGAACTC-1,IDC_6,11
TGCTTAGAGAGAATGC-1,IDC_4,1
TGCTTCCCAAGCAGTA-1,DCIS/LCIS_4,20
TGCTTGAAACCATGCA-1,IDC_5,8
TGGAAACGGAGTGAAC-1,IDC_5,8
TGGAACCACTGACACA-1,Healthy_1,2
TGGAAGAAGGGAACGT-1,IDC_8,11
TGGAAGACGAACACCA-1,IDC_5,8
TGGAAGGATAAAGATG-1,IDC_7,12
TGGAATATCCTTGACC-1,Healthy_1,10
TGGAATTAGACGCTTT-1,Tumor_edge_2,6
TGGACCAATCTAAGAT-1,DCIS/LCIS_4,9
TGGACCACGGCGTTGA-1,IDC_5,8
TGGACGCAATCCAGCC-1,IDC_4,1
TGGACTGTTCGCTCAA-1,IDC_6,11
TGGAGAATAATCGTCC-1,IDC_4,1
TGGAGCTAAAGTTCCC-1,DCIS/LCIS_5,14
TGGAGGGAAACACCTC-1,Healthy_1,10
TGGAGTGATGCGATGA-1,IDC_8,11
TGGATAGAGTAACAGA-1,IDC_5,12
TGGCAAACTAAATTAC-1,Healthy_2,18
TGGCAACTCGCGCGCC-1,Tumor_edge_1,10
TGGCAAGCACAAGTCG-1,IDC_4,9
TGGCAATGGGACGGCG-1,Tumor_edge_4,18
TGGCACGAGCTCGAGT-1,Healthy_1,2
TGGCAGATTACGATCA-1,IDC_8,11
TGGCAGCAGTAATAGT-1,IDC_8,11
TGGCATGAAGTTTGGG-1,IDC_4,18
TGGCCAAACTGAAGTA-1,IDC_7,17
TGGCCAATTTGGTACT-1,IDC_3,2
TGGCCGTATATTGACC-1,IDC_6,17
TGGCGGTGTGCGATTG-1,IDC_5,8
TGGCTACACTCTACCT-1,IDC_2,19
TGGCTATGTGACATAC-1,DCIS/LCIS_4,9
TGGCTCTTGTCGCGTA-1,Tumor_edge_2,16
TGGCTTGTACAAGCTT-1,Healthy_1,10
TGGCTTTGGGTAGACA-1,IDC_5,8
TGGGAAATGCCTTTCC-1,IDC_5,17
TGGGATGCACTCATTC-1,Healthy_1,10
TGGGCAATAGTTGGGT-1,Tumor_edge_3,4
TGGGCACAAACAGAAC-1,IDC_5,8
TGGGCACGTTCTATGG-1,Tumor_edge_1,16
TGGGCAGGCCACCGCA-1,Tumor_edge_5,10
TGGGCCACAAGAGCGC-1,IDC_7,16
TGGGCCCATACTAATT-1,Tumor_edge_5,18
TGGGCGATACAATAAG-1,Tumor_edge_6,5
TGGGTAAGGTTCCCGC-1,Tumor_edge_1,4
TGGGTGCACAAGCCAT-1,IDC_2,19
TGGGTGGGATGTCATT-1,Healthy_1,10
TGGGTGTAATAGATTT-1,IDC_2,3
TGGGTGTTAAGTAGAA-1,Tumor_edge_6,5
TGGGTTTCGGGCGTAC-1,IDC_4,1
TGGTAAGCAGGATTGA-1,Tumor_edge_2,6
TGGTAGAATATATGGG-1,Tumor_edge_3,4
TGGTATCGCATCCCAA-1,DCIS/LCIS_5,14
TGGTATCGGTCTGTAT-1,DCIS/LCIS_5,8
TGGTCCCACGCTACGG-1,DCIS/LCIS_4,18
TGGTCTGTTGGGCGTA-1,IDC_8,11
TGGTGATCGTATTTGT-1,Tumor_edge_2,6
TGGTGCCCTGCCTTAC-1,IDC_4,1
TGGTTAAGGGCGCTGG-1,Healthy_1,10
TGGTTCAACGGGTAAT-1,Healthy_2,18
TGGTTCGTAGCAAAGG-1,IDC_5,12
TGGTTGGAGGATCCTG-1,Tumor_edge_1,10
TGGTTTAAACGTGGGT-1,Healthy_1,10
TGTACCCGACCCTAAT-1,IDC_4,1
TGTACCTACACGAGGG-1,IDC_2,19
TGTACGAACAAATCCG-1,IDC_8,11
TGTACTACTCTCACGG-1,Healthy_1,10
TGTACTTCCGGGCATG-1,IDC_2,3
TGTAGCCAATTCCGTT-1,IDC_2,19
TGTAGCCATCCCATTC-1,Tumor_edge_4,18
TGTAGGAGAAATTTCC-1,Healthy_1,16
TGTAGTGATCTATAAT-1,IDC_8,11
TGTATAACAGATCCTG-1,IDC_7,6
TGTATCAGACTGAAGC-1,Healthy_1,10
TGTATCCTTATTCCAT-1,IDC_5,8
TGTATGGCGCAGACAG-1,Tumor_edge_3,4
TGTATTTACCTAATGC-1,Healthy_1,2
TGTCATTTGTTGGGAA-1,Healthy_1,10
TGTCCACGGCTCAACT-1,IDC_2,3
TGTCCCGACATAGCAC-1,IDC_5,8
TGTCCGCAAACAATTC-1,IDC_4,1
TGTCCGTGGCGCCTTT-1,Tumor_edge_2,6
TGTCCTAAGTCACCGC-1,IDC_8,11
TGTCGGCATGGTGGAA-1,IDC_5,8
TGTCGTGGGTATAGGC-1,IDC_4,1
TGTCGTTATCACATAT-1,IDC_4,1
TGTCTACAGTTTCTGT-1,IDC_5,8
TGTGACTACGCCAGTC-1,IDC_7,16
TGTGACTAGAGTTTGC-1,IDC_2,3
TGTGAGACTAGCCCAA-1,DCIS/LCIS_4,20
TGTGCCGGTGCCGGAA-1,IDC_2,5
TGTGCTTTACGTAAGA-1,Tumor_edge_2,17
TGTGGAGGAAGCTTAA-1,DCIS/LCIS_5,7
TGTGGCAAAGCGTATG-1,IDC_7,16
TGTGGCGGGCTTCTGG-1,DCIS/LCIS_4,9
TGTGGCTCCCACCAAC-1,Tumor_edge_3,4
TGTGGTTGCTAAAGCT-1,IDC_4,1
TGTGTAGTAGCACGTG-1,DCIS/LCIS_2,4
TGTGTCGCGAGTTGCA-1,IDC_5,17
TGTGTTCGTATCCAAG-1,IDC_8,17
TGTTATTGTATGTGGC-1,IDC_1,18
TGTTCCGCTTCCATGA-1,IDC_8,11
TGTTCCGGCCTGAGCT-1,IDC_2,5
TGTTCTCTACTCCCTA-1,Healthy_1,10
TGTTCTTCCATTGACT-1,IDC_8,11
TGTTGTCAAGAAGTCT-1,Tumor_edge_1,16
TGTTTAATACTTCATC-1,DCIS/LCIS_5,14
TGTTTCGGTACTTCTC-1,IDC_5,8
TGTTTGAGATCGTCAG-1,Tumor_edge_3,10
TTAAACAGAGTCCCGC-1,IDC_5,8
TTAAACCGGTAGCGAC-1,IDC_5,8
TTAAACCTGGTTCCTT-1,Tumor_edge_2,6
TTAAACTCGAATTCAT-1,Healthy_1,2
TTAAAGGCGATGCTCG-1,IDC_4,1
TTAAAGTAAGTCGCCA-1,IDC_2,3
TTAACACCTCGAACAT-1,Tumor_edge_2,6
TTAACCAACCCTCCCT-1,IDC_5,8
TTAACGAACAAGCAGT-1,Healthy_1,10
TTAACGTCGCAAGACC-1,IDC_5,8
TTAACTCACGCGTGGA-1,Tumor_edge_2,6
TTAACTTCAGGTAGGA-1,Tumor_edge_2,16
TTAAGACGAACGAACC-1,Healthy_1,2
TTAAGATAGGATTGAC-1,DCIS/LCIS_1,13
TTAAGCCGACAACTTC-1,Tumor_edge_1,4
TTAAGCGCCTGACCCA-1,IDC_8,11
TTAAGGATACGGAGGT-1,IDC_5,8
TTAAGGCCCGTACTTT-1,IDC_4,1
TTAAGTATTGTTATCC-1,IDC_2,19
TTAATCAGTACGTCAG-1,Tumor_edge_1,16
TTAATGCGAGGTAACT-1,DCIS/LCIS_5,14
TTAATGTAGACCAGGT-1,IDC_7,11
TTAATTGCTTTGGGTG-1,DCIS/LCIS_4,9
TTAATTTCAGACGCGG-1,Tumor_edge_6,12
TTACAACTACGCATCC-1,IDC_5,12
TTACACGATCTGCGAC-1,Tumor_edge_4,5
TTACAGACCTAAATGA-1,Healthy_1,2
TTACATCGTGGCCTGG-1,IDC_5,12
TTACATGCCACAACTA-1,DCIS/LCIS_1,15
TTACCATTGATTACCC-1,IDC_8,11
TTACCCATTGCCGGGT-1,Tumor_edge_1,2
TTACCCTAACAGTCCT-1,Tumor_edge_2,17
TTACCCTAGGGATTGG-1,DCIS/LCIS_4,20
TTACCGCCTTAGGGAA-1,IDC_5,8
TTACGGATGGTTCGAG-1,Healthy_1,2
TTACGGTGTCACCGAG-1,Tumor_edge_6,8
TTACGTATCTATGACA-1,Tumor_edge_4,5
TTACTAAAGGACTTTA-1,Healthy_2,18
TTACTCCGGCCGGGAA-1,IDC_6,11
TTACTCTGGTACGTAC-1,IDC_8,11
TTACTGGGATATTTCA-1,IDC_8,11
TTACTGTCTAGAGCTC-1,Healthy_1,10
TTACTGTTTCTCTACG-1,DCIS/LCIS_5,7
TTAGAAGAACATGACT-1,Healthy_2,12
TTAGAATAAGGGTCGG-1,IDC_4,1
TTAGACACGATCGTTG-1,Tumor_edge_1,4
TTAGACGAGTCACCTC-1,Healthy_2,18
TTAGAGTTTAGAAGGA-1,Tumor_edge_5,18
TTAGATAGGTCGATAC-1,IDC_5,8
TTAGCAACATGGATGT-1,IDC_5,12
TTAGCTAATACGATCT-1,Healthy_1,2
TTAGCTGATTTGCCGT-1,IDC_1,4
TTAGGTCATAACCGAC-1,IDC_4,1
TTAGTAAACCTGCTCT-1,IDC_2,19
TTAGTAGGGCGGCGGG-1,IDC_8,11
TTAGTTATTCGTGGCA-1,Tumor_edge_5,10
TTAGTTCAAGTGTTCG-1,Healthy_1,10
TTATAGATGCACATTA-1,Tumor_edge_1,8
TTATAGGTAATTGTCT-1,DCIS/LCIS_4,20
TTATAGTCCAAGGTGC-1,Healthy_1,2
TTATATACGCTGTCAC-1,IDC_6,11
TTATATTTGGCAATCC-1,IDC_7,12
TTATCCAATCGAACTC-1,IDC_5,8
TTATCCGGGATCTATA-1,IDC_2,5
TTATCCTCAAGGAATA-1,IDC_3,2
TTATCGCCTGCGAAGC-1,Tumor_edge_2,6
TTATCTGTATCATAAC-1,IDC_5,8
TTATGAATGAAAGGGA-1,IDC_6,11
TTATGACAAACTGGAT-1,Tumor_edge_2,17
TTATGATCTTAACGAA-1,Tumor_edge_6,16
TTATGCGTCCCGGTCC-1,IDC_5,8
TTATGTTTGCGATAGA-1,Tumor_edge_2,6
TTATTAGGGAAGCATC-1,IDC_5,8
TTCAAAGTCTCTAGCC-1,IDC_6,11
TTCAACGACCCGACCG-1,IDC_5,8
TTCAAGCCGAGCTGAG-1,Tumor_edge_1,4
TTCAATTAGCCATAAT-1,DCIS/LCIS_5,15
TTCACGAAAGGATCAC-1,IDC_8,11
TTCACTCGAGCACCTA-1,DCIS/LCIS_4,20
TTCACTTCCTAGAACG-1,IDC_4,1
TTCAGAGTAACCTGAC-1,IDC_5,8
TTCAGCCCTGGTCCAC-1,Tumor_edge_5,18
TTCAGCTGGCGTGCCC-1,IDC_2,19
TTCAGGCGTCAAAGCC-1,Tumor_edge_2,6
TTCAGTTCAAGAGGAG-1,IDC_4,1
TTCATAGCCTTGTAAC-1,IDC_5,8
TTCATGGCGCAACAGG-1,Tumor_edge_1,16
TTCCAATCAGAGCTAG-1,Healthy_1,2
TTCCAATCTGGCTATC-1,IDC_8,17
TTCCAGACGAGATTTA-1,DCIS/LCIS_1,15
TTCCATCATGCGGTGA-1,Healthy_1,10
TTCCATCGACAGCGTG-1,Tumor_edge_4,18
TTCCCGGCGCCAATAG-1,IDC_3,2
TTCCGCAGAGAAATAT-1,Healthy_1,10
TTCCGCGTGAGGCGAT-1,Healthy_2,17
TTCCGGCTCGACTTCT-1,Healthy_1,10
TTCCGGTATCTGTGTC-1,DCIS/LCIS_1,4
TTCCGGTTACCCACTT-1,IDC_1,18
TTCCTCGAGGGTGTCT-1,IDC_5,8
TTCCTCGGACTAACCA-1,Tumor_edge_5,18
TTCCTTTCTGTGTTGC-1,IDC_5,8
TTCGACAGAGCCCGTG-1,Healthy_2,18
TTCGACGGGAAGGGCG-1,IDC_6,12
TTCGAGCCGGCGCTAC-1,Healthy_1,2
TTCGCACTCGCGTGCT-1,IDC_6,12
TTCGCACTGTACGACA-1,DCIS/LCIS_4,20
TTCGCATCCGGAAGCA-1,IDC_5,8
TTCGCGCGCCATACGA-1,IDC_4,5
TTCGCTAGGAAGTTGT-1,Tumor_edge_3,4
TTCGCTATCTGACGTG-1,Healthy_1,10
TTCGGACTGATGCCTT-1,Healthy_1,2
TTCGGCAACCCGCTGA-1,Tumor_edge_1,2
TTCGGCTAGAGATGGT-1,IDC_5,8
TTCGGGACTAATCGCG-1,IDC_6,11
TTCGGGTTGCCACGGG-1,DCIS/LCIS_2,4
TTCGGTACTGTAGAGG-1,Tumor_edge_6,5
TTCGTAATCCCAGCGG-1,Tumor_edge_1,4
TTCGTACTCCAGAACG-1,IDC_8,11
TTCGTTCAACGAAGTT-1,Healthy_1,10
TTCTAACCGAAGCTTA-1,Healthy_1,2
TTCTACCTCAATCGGT-1,IDC_4,1
TTCTACCTTTATGTTG-1,Tumor_edge_1,13
TTCTACTTGCGAGGGC-1,IDC_5,12
TTCTAGAAAGTCTTAT-1,IDC_4,1
TTCTAGGCCAATTGTG-1,IDC_5,12
TTCTATGCCTTTCGCA-1,Tumor_edge_3,10
TTCTATTAAACGCAGC-1,IDC_4,1
TTCTCAATTGCTACAA-1,IDC_4,1
TTCTGACCGGGCTCAA-1,IDC_2,5
TTCTGCCGCGCCTAGA-1,Healthy_2,16
TTCTGCGGGTTAGCGG-1,IDC_1,16
TTCTGCTAGACTCCAA-1,Tumor_edge_3,2
TTCTTAGTGAACGGTG-1,IDC_5,12
TTCTTAGTGGCTCAGA-1,IDC_5,8
TTCTTATCCGCTGGGT-1,Tumor_edge_6,2
TTCTTCCCTTTGATAT-1,DCIS/LCIS_5,7
TTCTTGAGCCGCGCTA-1,IDC_8,11
TTCTTGCTAGCATCTC-1,DCIS/LCIS_1,15
TTCTTGGACGATCTGC-1,Tumor_edge_2,2
TTCTTGGAGTAATGAG-1,Tumor_edge_1,16
TTCTTGTAACCTAATG-1,IDC_5,17
TTCTTTGGTCGCGACG-1,Healthy_1,2
TTGAAAGGTGTAAAGG-1,Healthy_1,10
TTGAACGAATCCTTTG-1,IDC_5,12
TTGAACGACGTGCTGA-1,IDC_2,19
TTGAAGAATTCCCAGG-1,IDC_8,11
TTGAAGGATGGGCGCC-1,IDC_4,1
TTGAATATGGACTTTC-1,IDC_6,11
TTGAATCGTTGTATAA-1,IDC_3,2
TTGAATTCACGTGAGG-1,DCIS/LCIS_1,4
TTGACAGGAGCTCCCG-1,Tumor_edge_3,4
TTGACATGAACGTGGA-1,IDC_8,11
TTGACCAGGAACAACT-1,IDC_2,19
TTGACCATGTTCTCCG-1,Tumor_edge_1,16
TTGACCGTGTTAATGA-1,Tumor_edge_2,6
TTGACGATTCAGCACG-1,IDC_5,8
TTGACGCTCCATGAGC-1,DCIS/LCIS_1,15
TTGACTACCATATGGT-1,IDC_8,11
TTGACTATTGTCCGGC-1,Tumor_edge_3,13
TTGAGAAGTTTAGCAT-1,IDC_2,19
TTGAGAGTACTGCTAA-1,IDC_8,11
TTGAGCAGCCCACGGT-1,Tumor_edge_3,4
TTGAGCGCCACGTGAT-1,DCIS/LCIS_1,15
TTGAGGCATTTAACTC-1,Healthy_1,2
TTGAGTCCCGCTGCTG-1,DCIS/LCIS_1,15
TTGATAGTCAATACAT-1,Tumor_edge_3,10
TTGATCTAACTTTGTC-1,IDC_6,11
TTGATGCCGCTCGTCG-1,IDC_4,1
TTGATGTGTAGTCCCG-1,Healthy_1,2
TTGATTAGCTGTTTCT-1,IDC_8,6
TTGATTATGCAGATGA-1,Tumor_edge_2,17
TTGCAAGAAGACTCCT-1,IDC_2,19
TTGCACAATTCAGAAA-1,IDC_8,11
TTGCACGGAGCAGCAC-1,IDC_5,8
TTGCATGCTGATCACG-1,IDC_8,11
TTGCCAAGCAGAACCC-1,Tumor_edge_3,13
TTGCCATAGCCCGCTC-1,Tumor_edge_2,18
TTGCCCTGATCACGGG-1,IDC_8,11
TTGCCGCAGACCTACA-1,IDC_4,1
TTGCCGCTTTCTAGTA-1,DCIS/LCIS_4,9
TTGCCGGTGATCCCTC-1,Healthy_1,10
TTGCCTAATCCAAAGT-1,IDC_4,1
TTGCCTTCTCGCCGGG-1,IDC_2,3
TTGCGCACAACCACGT-1,Tumor_edge_6,19
TTGCGCTTGATCAATA-1,IDC_2,3
TTGCGGCGACTCATGC-1,DCIS/LCIS_5,7
TTGCGTAGTTTGAGGA-1,Tumor_edge_2,6
TTGCGTGAACGCTTAG-1,Healthy_1,10
TTGCGTGTGTAGGCAT-1,IDC_2,19
TTGCTCATAGTACGTG-1,IDC_2,3
TTGCTCCCATACCGGA-1,IDC_7,17
TTGCTGAAGGAACCAC-1,IDC_5,8
TTGCTGATCATGTTCG-1,Tumor_edge_6,11
TTGCTGCACCTATCCA-1,Tumor_edge_6,17
TTGCTGGCCGGGCTTC-1,DCIS/LCIS_5,15
TTGGAAGAATACAGTC-1,Tumor_edge_6,2
TTGGACATGTGGCTTA-1,IDC_8,11
TTGGACCATCTGGCAA-1,Tumor_edge_5,18
TTGGACCTATAACAGT-1,IDC_2,19
TTGGAGTCTCCCTTCT-1,IDC_5,8
TTGGATATCGTCTACG-1,IDC_8,17
TTGGATCGACTTCTGG-1,Tumor_edge_1,8
TTGGATTGGGTACCAC-1,IDC_5,8
TTGGCCAAATTGTATC-1,IDC_4,19
TTGGCCATCTTGCGCT-1,IDC_5,12
TTGGCCTAGAATTTCG-1,Tumor_edge_1,4
TTGGCGATCCGAATAT-1,DCIS/LCIS_1,15
TTGGCTCAATATGTGT-1,Tumor_edge_4,5
TTGGCTCGCATGAGAC-1,IDC_5,17
TTGGGAAGACGAGCCG-1,Tumor_edge_6,5
TTGGGACACTGCCCGC-1,IDC_7,11
TTGGGACGTAAGAGTT-1,Tumor_edge_5,10
TTGGGCGGCGGTTGCC-1,IDC_7,17
TTGGTATGGCTTGTGT-1,DCIS/LCIS_1,15
TTGGTCACACTCGTAA-1,IDC_8,17
TTGGTTGCGGTGCGCG-1,Tumor_edge_2,18
TTGTAAGGACCTAAGT-1,IDC_8,11
TTGTAAGGCCAGTTGG-1,IDC_7,6
TTGTAATCCGTACTCG-1,IDC_8,11
TTGTATCACACAGAAT-1,Tumor_edge_1,14
TTGTCGTTCAGTTACC-1,IDC_5,8
TTGTGAACCTAATCCG-1,IDC_2,19
TTGTGAGGCATGACGC-1,Tumor_edge_2,16
TTGTGATCTGTTCAGT-1,IDC_2,3
TTGTGCAGCCACGTCA-1,DCIS/LCIS_4,20
TTGTGGCCCTGACAGT-1,IDC_5,8
TTGTGGTAGGAGGGAT-1,Tumor_edge_2,16
TTGTGGTGGTACTAAG-1,IDC_2,19
TTGTGTATGCCACCAA-1,DCIS/LCIS_4,20
TTGTTAGCAAATTCGA-1,IDC_5,12
TTGTTCAGTGTGCTAC-1,IDC_7,12
TTGTTGTGTGTCAAGA-1,IDC_7,17
TTGTTTCACATCCAGG-1,IDC_4,1
TTGTTTCATTAGTCTA-1,IDC_4,1
TTGTTTCCATACAACT-1,Tumor_edge_2,17
TTGTTTGTGTAAATTC-1,Tumor_edge_1,8
