,ground_truth,domain
AAACAAGTATCTCCCA-1,Tumor_edge_5,3
AAACACCAATAACTGC-1,IDC_4,8
AAACAGAGCGACTCCT-1,Healthy_1,4
AAACAGGGTCTATATT-1,IDC_3,3
AAACAGTGTTCCTGGG-1,IDC_4,12
AAACATTTCCCGGATT-1,IDC_2,16
AAACCCGAACGAAATC-1,Tumor_edge_3,3
AAACCGGGTAGGTACC-1,DCIS/LCIS_3,15
AAACCTAAGCAGCCGG-1,IDC_2,9
AAACCTCATGAAGTTG-1,Tumor_edge_2,1
AAACGAAGAACATACC-1,DCIS/LCIS_5,6
AAACGAGACGGTTGAT-1,IDC_6,11
AAACGCCCGAGATCGG-1,Healthy_1,18
AAACGGGCGTACGGGT-1,IDC_2,7
AAACGGTTGCGAACTG-1,Tumor_edge_6,12
AAACGTGTTCGCCCTA-1,Healthy_1,4
AAACTAACGTGGCGAC-1,Healthy_1,18
AAACTCGGTTCGCAAT-1,IDC_2,9
AAACTCGTGATATAAG-1,Healthy_1,4
AAACTGCTGGCTCCAA-1,Healthy_2,1
AAACTTAATTGCACGC-1,IDC_4,8
AAACTTGCAAACGTAT-1,Tumor_edge_2,1
AAAGAATGTGGACTAA-1,IDC_2,7
AAAGACCCAAGTCGCG-1,IDC_5,20
AAAGACTGGGCGCTTT-1,Tumor_edge_2,1
AAAGCTTGCCTACATA-1,Healthy_1,3
AAAGGCCCTATAATAC-1,IDC_4,8
AAAGGCTACGGACCAT-1,DCIS/LCIS_4,2
AAAGGCTCTCGCGCCG-1,Healthy_2,3
AAAGGGATGTAGCAAG-1,IDC_7,10
AAAGGGCAGCTTGAAT-1,Tumor_edge_2,1
AAAGGTAAGCTGTACC-1,Healthy_1,4
AAAGTAGCATTGCTCA-1,Tumor_edge_2,1
AAAGTCACTGATGTAA-1,IDC_5,20
AAAGTCGACCCTCAGT-1,Tumor_edge_2,1
AAAGTGTGATTTATCT-1,Tumor_edge_3,3
AAAGTTGACTCCCGTA-1,Tumor_edge_3,17
AAATAACCATACGGGA-1,Tumor_edge_1,18
AAATAAGGTAGTGCCC-1,Tumor_edge_3,17
AAATACCTATAAGCAT-1,Healthy_2,3
AAATAGCTTAGACTTT-1,DCIS/LCIS_1,17
AAATAGGGTGCTATTG-1,DCIS/LCIS_4,2
AAATCCGATACACGCC-1,IDC_2,9
AAATCGTGTACCACAA-1,DCIS/LCIS_3,11
AAATCTAGCCCTGCTA-1,IDC_2,16
AAATGATTCGATCAGC-1,Healthy_1,4
AAATGCTCGTTACGTT-1,IDC_5,13
AAATGGCATGTCTTGT-1,Tumor_edge_1,19
AAATGGCCCGTGCCCT-1,IDC_3,3
AAATGGTCAATGTGCC-1,DCIS/LCIS_3,11
AAATGTGGGTGCTCCT-1,DCIS/LCIS_5,6
AAATTAACGGGTAGCT-1,DCIS/LCIS_3,11
AAATTACACGACTCTG-1,Tumor_edge_1,3
AAATTACCTATCGATG-1,Healthy_1,18
AAATTCCAGGTCCAAA-1,DCIS/LCIS_1,17
AAATTGATAGTCCTTT-1,IDC_4,8
AAATTGCGGCGGTTCT-1,IDC_5,13
AAATTGGTGAGAAGCA-1,Healthy_1,4
AAATTTACCGAAATCC-1,Healthy_1,14
AAATTTGCGGGTGTGG-1,DCIS/LCIS_3,15
AACAACTGGTAGTTGC-1,IDC_6,10
AACAATACATTGTCGA-1,IDC_4,8
AACAATTACTCTACGC-1,DCIS/LCIS_3,11
AACACACGCTCGCCGC-1,IDC_2,9
AACACGACTGTACTGA-1,DCIS/LCIS_5,6
AACACGAGACGCGGCC-1,Tumor_edge_2,1
AACACGCGGCCGCGAA-1,IDC_5,13
AACAGCTGTGTGGCAA-1,IDC_4,8
AACAGGAAATCGAATA-1,Tumor_edge_1,19
AACAGGATGGGCCGCG-1,DCIS/LCIS_3,11
AACAGGTAGTATGGAT-1,Tumor_edge_3,3
AACATATCAACTGGTG-1,Healthy_1,18
AACATCGATACGTCTA-1,Healthy_1,4
AACATTGAAGTTGATC-1,IDC_4,8
AACATTGTGACTCGAG-1,IDC_4,12
AACCAAGACTTCTCTG-1,DCIS/LCIS_3,15
AACCAGTATCACTCTT-1,Healthy_1,3
AACCATAGGGTTGAAC-1,IDC_4,8
AACCATGGGATCGCTA-1,IDC_5,13
AACCCAGAGACGGAGA-1,IDC_5,20
AACCCATCCCATGATC-1,IDC_4,8
AACCCGACAACCCGTG-1,IDC_4,12
AACCCGAGCAGAATCG-1,DCIS/LCIS_2,14
AACCCGCTGTATTCCA-1,IDC_4,12
AACCCTACTGTCAATA-1,Tumor_edge_3,17
AACCCTGGTGGAACCA-1,DCIS/LCIS_5,6
AACCGAGCTTGGTCAT-1,IDC_7,10
AACCGCTAAGGGATGC-1,Tumor_edge_5,3
AACCGTTGTGTTTGCT-1,Tumor_edge_1,19
AACCTCGCTTTAGCCC-1,Tumor_edge_6,9
AACCTGTCACGGAATT-1,DCIS/LCIS_1,17
AACCTTTAAATACGGT-1,DCIS/LCIS_4,2
AACCTTTACGACGTCT-1,Healthy_1,18
AACGATAATGCCGTAG-1,DCIS/LCIS_4,2
AACGATAGAAGGGCCG-1,IDC_5,19
AACGATATGTCAACTG-1,IDC_7,10
AACGCATGATCTGGGT-1,Healthy_1,4
AACGCGAACGGCAACA-1,IDC_5,13
AACGCGACCTTGGGCG-1,IDC_4,12
AACGCGGTCTCCAGCC-1,IDC_7,19
AACGCTGTTGCTGAAA-1,IDC_2,16
AACGGACGTACGTATA-1,Tumor_edge_5,9
AACGGCCATCTCCGGT-1,DCIS/LCIS_3,15
AACGTACTGTGGGTAC-1,DCIS/LCIS_3,15
AACGTCAGACTAGTGG-1,IDC_6,10
AACGTCGCTGCACTTC-1,IDC_2,7
AACGTGATGAAGGACA-1,Tumor_edge_1,14
AACGTGCGAAAGTCTC-1,IDC_6,11
AACTACCCGTTTGTCA-1,Tumor_edge_3,3
AACTAGGCTTGGGTGT-1,DCIS/LCIS_4,2
AACTCAAGTTAATTGC-1,DCIS/LCIS_3,11
AACTCCAGAGCGTGTT-1,IDC_2,16
AACTCCTAATCCCATG-1,Tumor_edge_6,4
AACTCGATGGCGCAGT-1,IDC_5,13
AACTCTCAATAGAGCG-1,Healthy_1,3
AACTGAGGTCAGCGTC-1,Healthy_1,18
AACTGATATTAGGCCT-1,IDC_5,19
AACTGGGTCCCGACGT-1,Tumor_edge_6,19
AACTGGTGTGGGCCTT-1,Tumor_edge_6,20
AACTTCTGCGTCTATC-1,IDC_5,13
AACTTGCCCGTATGCA-1,DCIS/LCIS_3,11
AACTTGCGTTCTCGCG-1,IDC_5,13
AACTTTAGCTGCTGAG-1,Tumor_edge_1,19
AAGAAGGATCAGTTAG-1,IDC_5,13
AAGACATACGTGGTTT-1,IDC_2,7
AAGACCCAACTGAACA-1,DCIS/LCIS_4,2
AAGACTAACCCGTTGT-1,IDC_5,13
AAGACTGCAAGCTACT-1,IDC_6,11
AAGAGATGAATCGGTA-1,Tumor_edge_2,11
AAGAGCTCTTTATCGG-1,IDC_6,11
AAGAGGATGTACGCGA-1,DCIS/LCIS_3,15
AAGAGGCATGGATCGC-1,IDC_6,11
AAGAGGCCCTTTGGAA-1,Tumor_edge_4,14
AAGATGGCACCGGACC-1,IDC_4,8
AAGATTGGCGGAACGT-1,Healthy_1,18
AAGCACCCTGCGTATC-1,DCIS/LCIS_4,2
AAGCATACTCTCCTGA-1,DCIS/LCIS_4,2
AAGCCGAAGCGGTTTA-1,Tumor_edge_3,3
AAGCCGCCGTGAAATC-1,IDC_4,8
AAGCGCAGGGCTTTGA-1,IDC_2,16
AAGCGGCGTCATGGGT-1,Healthy_1,18
AAGCGTCCCTCATCGA-1,IDC_4,8
AAGCTAGATCGAGTAA-1,Healthy_2,3
AAGCTCGTGCCAAGTC-1,IDC_6,10
AAGCTCTTTCATGGTG-1,DCIS/LCIS_4,2
AAGGAGAACTTATAAG-1,DCIS/LCIS_5,6
AAGGAGCGGTTGGTGC-1,IDC_6,10
AAGGATCGATCGCTTG-1,DCIS/LCIS_1,17
AAGGATGAGGGACCTC-1,Healthy_1,18
AAGGCAGGCTGTCTCC-1,Tumor_edge_3,3
AAGGCGCGTAAAGCTT-1,Tumor_edge_6,10
AAGGCTGTGCTCATCG-1,DCIS/LCIS_3,11
AAGGGAACGACTGGCT-1,IDC_4,8
AAGGGACAGATTCTGT-1,Healthy_1,18
AAGGGACTATGCATTC-1,IDC_4,8
AAGGTATCCTAATATA-1,Tumor_edge_1,3
AAGGTGATAAACCAGC-1,Tumor_edge_3,5
AAGTAGAAGACCGGGT-1,IDC_5,19
AAGTAGTGACGCGAGG-1,DCIS/LCIS_3,11
AAGTCAATTGTCGTCA-1,DCIS/LCIS_1,17
AAGTGACGACCGAATT-1,DCIS/LCIS_3,15
AAGTGAGTCGGGTTTA-1,IDC_4,12
AAGTGCCTTGACTGTA-1,DCIS/LCIS_1,17
AAGTGCGTTAGAATCT-1,Tumor_edge_2,1
AAGTGCTTCTCTATTG-1,IDC_4,12
AAGTGTTTGGAGACGG-1,Tumor_edge_5,9
AAGTTCACTCCAAGCT-1,IDC_2,9
AAGTTCAGTCTGCGTA-1,Healthy_1,4
AAGTTCGGCCAACAGG-1,DCIS/LCIS_3,15
AAGTTGTGATGTTATA-1,IDC_2,7
AAGTTTACTAATGGCA-1,DCIS/LCIS_5,6
AAGTTTATGGGCCCAA-1,IDC_2,16
AATAACAACGCTCGGC-1,DCIS/LCIS_3,15
AATAACGTCGCGCCCA-1,IDC_2,16
AATAAGTCCTCGAGAC-1,DCIS/LCIS_5,6
AATACAATGTTTCAGG-1,Tumor_edge_2,1
AATACCGGAGGGCTGT-1,Tumor_edge_6,12
AATACCTGATGTGAAC-1,IDC_2,9
AATAGAATCTGTTTCA-1,Tumor_edge_5,3
AATAGCAAGCCTCCTG-1,Healthy_1,18
AATAGCTACCGCGTGC-1,Healthy_1,4
AATAGTCCGTCCCGAC-1,DCIS/LCIS_4,2
AATATCAAGGTCGGAT-1,IDC_5,20
AATATCGAATCAATGC-1,Tumor_edge_3,3
AATATCGAGGGTTCTC-1,Healthy_1,18
AATATTGGAGTATTGA-1,DCIS/LCIS_3,15
AATCAGACTGCAGGAC-1,IDC_5,13
AATCAGGTTTCATTTA-1,IDC_4,12
AATCATGTAAAGACTC-1,IDC_2,16
AATCCAAGGGCCTGAG-1,IDC_5,20
AATCCATGCAAGGGTG-1,IDC_5,13
AATCGCCTCAGCGCCA-1,IDC_6,5
AATCGCGCAGAGGACT-1,DCIS/LCIS_1,17
AATCGGGACACTACGA-1,DCIS/LCIS_5,19
AATCGGTATAGCCCTC-1,IDC_2,7
AATCGTGAGCCGAGCA-1,IDC_2,9
AATCTAGGTTTACTTG-1,IDC_3,3
AATCTATGCCGGAGCC-1,Tumor_edge_6,18
AATCTGCGTTGGGACG-1,Healthy_1,18
AATCTGGCTTTCTAGT-1,IDC_3,3
AATCTGGGTAGACCCT-1,Tumor_edge_6,18
AATGACAGCAATGTCT-1,Tumor_edge_2,1
AATGACTGTCAGCCGG-1,IDC_5,19
AATGAGTTCGCATATG-1,IDC_5,13
AATGATGATACGCTAT-1,Healthy_1,18
AATGATGCGACTCCTG-1,Healthy_1,18
AATGCAACCGGGTACC-1,IDC_7,10
AATGCACCAAGCAATG-1,Healthy_1,4
AATGGTCCACCGTTCA-1,Tumor_edge_2,1
AATGGTTCTCACAAGC-1,IDC_5,19
AATGTATGGCACTGTA-1,IDC_4,8
AATGTGCCCGAGGTGT-1,IDC_4,8
AATGTGCTAATCTGAG-1,IDC_4,12
AATGTTGTCGTGAGAC-1,IDC_2,7
AATTAAAGGTCGGCGT-1,DCIS/LCIS_3,11
AATTAACGGATTTCCA-1,DCIS/LCIS_4,2
AATTCATAAGGGATCT-1,Healthy_1,18
AATTCATTGTCATGCA-1,IDC_4,8
AATTCCAAGCATGTAC-1,Tumor_edge_6,12
AATTCGATTCGAGGAT-1,IDC_2,16
AATTGCAGCAATCGAC-1,IDC_2,7
AATTGCGTGGATTACA-1,IDC_4,8
AATTTGGGACATAGTA-1,Tumor_edge_1,4
AATTTGGTTCCAAAGA-1,Tumor_edge_6,19
ACAAACCATGCGTCCT-1,IDC_4,8
ACAAAGCATGACCTAG-1,IDC_2,7
ACAAATCGCACCGAAT-1,Tumor_edge_5,3
ACAAATTCAGATCTGA-1,Healthy_1,18
ACAACAGCATGAGCTA-1,Tumor_edge_6,10
ACAACGGTCCCTGCGA-1,IDC_5,13
ACAAGCAGTGCCTAGC-1,DCIS/LCIS_3,11
ACAAGGAAATCCGCCC-1,Healthy_2,3
ACAAGGACAAGAGGTT-1,DCIS/LCIS_3,11
ACAAGGATGCTTTAGG-1,IDC_2,9
ACAATAGTCGTACGTT-1,Tumor_edge_2,1
ACAATCCATTTAAACC-1,DCIS/LCIS_3,15
ACAATCGATCTTTATA-1,DCIS/LCIS_5,6
ACAATGAATACGGAGA-1,IDC_4,8
ACAATGATTCTTCTAC-1,Healthy_1,18
ACAATTGTGTCTCTTT-1,IDC_2,9
ACAATTTGAGCAGTGG-1,IDC_7,1
ACACAAAGACGGGTGG-1,Tumor_edge_6,19
ACACACCAGGACCAGT-1,IDC_1,5
ACACACTTTCTACACG-1,IDC_5,19
ACACATGATCAAATCT-1,IDC_4,8
ACACATTTCCGTAGAC-1,IDC_4,12
ACACCACATAATTAGC-1,Tumor_edge_3,17
ACACCCAGCATGCAGC-1,IDC_5,19
ACACCCGAGAAATCCG-1,IDC_5,19
ACACCGGTCTGACCGC-1,IDC_4,8
ACACCTTAAGTAGGGC-1,IDC_6,10
ACACCTTACTACTTGC-1,DCIS/LCIS_1,17
ACACGAGACTCCTTCT-1,IDC_7,10
ACACGGCACTATGCAT-1,DCIS/LCIS_5,6
ACACGGGAACTTAGGG-1,IDC_7,10
ACACGTAGGCCACAAG-1,DCIS/LCIS_2,14
ACACTCCAATGTCACT-1,IDC_5,13
ACACTGGGACAGTCGT-1,DCIS/LCIS_2,14
ACAGAACTGAGAACAA-1,IDC_3,3
ACAGATTAGGTTAGTG-1,Tumor_edge_1,19
ACAGCATAGAGCCAGT-1,IDC_5,20
ACAGCGACATTCTCAT-1,IDC_2,16
ACAGCGCACCCGCAGC-1,DCIS/LCIS_5,6
ACAGGCACGGATCCTT-1,IDC_2,7
ACAGGCTTGCCCGACT-1,IDC_2,16
ACAGTAATACAACTTG-1,IDC_3,3
ACAGTATACCGTGGGA-1,Healthy_1,4
ACATAATAAGGCGGTG-1,IDC_5,19
ACATCCCGGCCATACG-1,Healthy_2,2
ACATCCTGGTAACTGT-1,DCIS/LCIS_1,17
ACATCGATCGTTTACC-1,DCIS/LCIS_3,11
ACATCGGTCAGCCGCG-1,DCIS/LCIS_3,15
ACATCGTTAACCTAGT-1,DCIS/LCIS_5,6
ACATCTCAACGCGTAA-1,DCIS/LCIS_5,6
ACATGGCGCCAAAGTA-1,DCIS/LCIS_1,17
ACATGGCTCAATTTAG-1,IDC_5,13
ACATTTGAAACCTAAC-1,IDC_2,16
ACCAAACACCCAGCGA-1,Healthy_1,4
ACCAAACTAGAAATCC-1,DCIS/LCIS_5,6
ACCAACACCACACACT-1,Healthy_1,4
ACCAACCGCACTCCAC-1,IDC_2,7
ACCAAGAACGCGTGTC-1,IDC_5,19
ACCAAGTCATCGGCAG-1,IDC_2,7
ACCAATATGCAAGTTA-1,DCIS/LCIS_4,2
ACCACAACTCAGAACA-1,DCIS/LCIS_5,14
ACCACAAGTTTCTATC-1,IDC_6,10
ACCACACGGTTGATGG-1,IDC_4,12
ACCACCAATGTAACAA-1,DCIS/LCIS_1,17
ACCACCCTCTCTTCTA-1,Healthy_1,18
ACCACGTGCAGCTATA-1,Healthy_2,5
ACCAGCCCGGTCTTTG-1,DCIS/LCIS_5,6
ACCAGGAGTGTGATCT-1,DCIS/LCIS_5,19
ACCAGTGCCCGGTCAA-1,Healthy_1,18
ACCAGTGCGGGAGACG-1,Tumor_edge_5,3
ACCATATCCGCAATAA-1,DCIS/LCIS_3,11
ACCATCCGCCAACTAG-1,Tumor_edge_2,1
ACCATCGTATATGGTA-1,DCIS/LCIS_3,15
ACCCAACGCCCGTGGC-1,IDC_7,18
ACCCACCTACATGCTC-1,Tumor_edge_2,1
ACCCATCTTGAGGGTA-1,DCIS/LCIS_3,15
ACCCATTTGTCCCTCT-1,IDC_2,16
ACCCGAGCGAAATTAC-1,IDC_4,8
ACCCGATTGGTTCCGA-1,Tumor_edge_6,12
ACCCGGAAACTCCCAG-1,DCIS/LCIS_4,2
ACCCGGATGACGCATC-1,DCIS/LCIS_1,17
ACCCGGTTACACTTCC-1,DCIS/LCIS_3,11
ACCCGTAGTCTAGTTG-1,Tumor_edge_6,16
ACCCGTGTCATCAGTA-1,Healthy_2,3
ACCCTATAGGACTGAG-1,IDC_5,13
ACCCTCCCGTCAGGGC-1,IDC_2,7
ACCCTCCCTTGCTATT-1,Tumor_edge_5,3
ACCCTGGTAACGCCCT-1,Healthy_1,4
ACCCTTCATCTGCGAA-1,Tumor_edge_1,19
ACCCTTTAGTTCTCCA-1,DCIS/LCIS_5,6
ACCGAAAGGGCCCTGC-1,IDC_5,20
ACCGAAGAGTCTGGTT-1,IDC_4,8
ACCGACACATCTCCCA-1,DCIS/LCIS_4,2
ACCGACTGAGTCCCAC-1,IDC_7,10
ACCGAGTCTCCTTATT-1,IDC_2,16
ACCGATAGGCATAACC-1,Tumor_edge_4,14
ACCGATATTTAATCAT-1,Tumor_edge_3,3
ACCGATGGTAGCATCG-1,IDC_1,5
ACCGCAATAACTGCCT-1,Tumor_edge_5,3
ACCGCGGTGGAAGTCG-1,DCIS/LCIS_1,17
ACCGGGCCTTTGTTGA-1,Tumor_edge_6,17
ACCGGTCAGGTACACC-1,IDC_4,8
ACCGTGACCACGTGGG-1,IDC_4,12
ACCGTTCCCGCTCTGA-1,DCIS/LCIS_5,6
ACCTAAGTACCTTTCA-1,Tumor_edge_2,1
ACCTAATCGACTTCCT-1,DCIS/LCIS_3,15
ACCTACAGTATGTGGT-1,DCIS/LCIS_1,17
ACCTACTATAAATCTA-1,IDC_4,12
ACCTCCGCCCTCGCTG-1,DCIS/LCIS_2,14
ACCTCCGTTATTCACC-1,DCIS/LCIS_1,17
ACCTCGAACTTATGCT-1,IDC_4,8
ACCTGCGTGTCATGTT-1,Tumor_edge_2,3
ACCTTTCCTTTAGAAG-1,DCIS/LCIS_5,6
ACGAAATGGGCGGCAC-1,DCIS/LCIS_3,15
ACGACTCTAGGGCCGA-1,IDC_2,9
ACGACTGGTCATACTC-1,IDC_4,12
ACGAGAACCCATCACG-1,IDC_5,13
ACGAGATATTTGCTTA-1,DCIS/LCIS_5,14
ACGAGGATACCACTCT-1,IDC_3,3
ACGAGGTTTACAACGT-1,IDC_4,8
ACGAGTACGGATGCCC-1,Tumor_edge_3,18
ACGATACATAGAACTA-1,Tumor_edge_1,3
ACGATCATACATAGAG-1,IDC_7,10
ACGATCATCTTGTAAA-1,DCIS/LCIS_1,17
ACGATGCATATGTTAT-1,DCIS/LCIS_3,11
ACGATGGATCCGATGC-1,DCIS/LCIS_5,6
ACGCAAACTAATAGAT-1,IDC_4,12
ACGCAATCACTACAGC-1,Healthy_1,18
ACGCATAAATGACATG-1,Healthy_1,18
ACGCATACGTTTACTA-1,Tumor_edge_4,9
ACGCATTCGTGAGTAC-1,IDC_6,10
ACGCCACTCGAAACAG-1,IDC_4,12
ACGCCAGATGATTTCT-1,Tumor_edge_1,19
ACGCCAGTGCGTTTGC-1,IDC_2,7
ACGCCCAGCTGTCGAT-1,DCIS/LCIS_5,6
ACGCCGCTAGACGACC-1,Healthy_2,1
ACGCGCTACACAGGGT-1,DCIS/LCIS_3,15
ACGCGGGCCAAGGACA-1,IDC_6,10
ACGCTAGTGATACACT-1,Healthy_1,18
ACGCTGTGAGGCGTAG-1,Tumor_edge_2,1
ACGCTTAGTGTCTCTC-1,Tumor_edge_6,14
ACGGAACACGAGTGCC-1,IDC_2,16
ACGGAATTTAGCAAAT-1,IDC_5,13
ACGGACTCTCAAAGCG-1,DCIS/LCIS_4,2
ACGGAGCGCAAATTAC-1,Healthy_1,4
ACGGATGGTGCGGATA-1,DCIS/LCIS_4,2
ACGGCGACGATGGGAA-1,Healthy_2,3
ACGGCGGGTTGCCCTG-1,IDC_5,13
ACGGCTGGATGTAGAA-1,IDC_4,8
ACGGGAGTGTCGGCCC-1,Tumor_edge_2,1
ACGGGCGTATGCGACA-1,Healthy_1,18
ACGGTACAGTTCAATG-1,IDC_2,7
ACGGTCACCGAGAACA-1,IDC_4,8
ACGTACAGATTTCTCT-1,DCIS/LCIS_5,19
ACGTACTTTGGCACGG-1,Tumor_edge_6,12
ACGTAGATTGCTGATG-1,IDC_6,10
ACGTAGGAGAGTCGCT-1,IDC_2,16
ACGTATTACTCCGATC-1,DCIS/LCIS_1,17
ACGTCCTAAACGAGAT-1,DCIS/LCIS_5,6
ACGTGCGCCTCGTGCA-1,IDC_5,19
ACGTTAATGTCGAAGA-1,IDC_6,15
ACGTTAGATTTGCCCG-1,DCIS/LCIS_3,15
ACGTTATTGGTCACTC-1,IDC_5,13
ACGTTCCGCGCTCCGT-1,Tumor_edge_1,20
ACGTTCGCAATCAATT-1,DCIS/LCIS_1,17
ACGTTCGTTCAGGAAA-1,IDC_4,12
ACGTTCTGTACAAGTC-1,IDC_2,7
ACGTTTAGTTGTGATC-1,Tumor_edge_1,19
ACTAATACGTCAGGCG-1,Healthy_1,18
ACTACAAAGAGAGGTG-1,IDC_4,12
ACTACATCCCGACAAG-1,IDC_4,8
ACTACCAGCTCTCTGG-1,IDC_6,10
ACTACGCGTTAGAATT-1,DCIS/LCIS_4,2
ACTAGTTGCGATCGTC-1,Tumor_edge_5,3
ACTATATGCTGTGTTC-1,Healthy_1,4
ACTATCCAGGGCATGG-1,DCIS/LCIS_1,17
ACTATCTGCCCGCGTA-1,Tumor_edge_5,3
ACTATGTCCAGCTGCC-1,IDC_4,8
ACTATTCGTCCGTGGT-1,Tumor_edge_1,6
ACTATTTCCGGGCCCA-1,IDC_4,12
ACTCAACGAATGTATT-1,IDC_5,13
ACTCAAGTGCAAGGCT-1,IDC_2,9
ACTCAATAAAGGCACG-1,IDC_7,10
ACTCAGACCTGCTTCT-1,IDC_5,20
ACTCATGGCAGCCTTC-1,IDC_4,8
ACTCCAATATCATCAT-1,IDC_4,8
ACTCCCATTCCTAAAG-1,IDC_3,3
ACTCCCGAATTCGTTT-1,Tumor_edge_6,17
ACTCCCGTAGACTAGG-1,Healthy_1,4
ACTCCCTAATGCTAAA-1,DCIS/LCIS_4,2
ACTCCGGCCGACCACT-1,IDC_2,9
ACTCGCCGTTCGATAA-1,IDC_2,7
ACTCGTAACCCGTCCT-1,Tumor_edge_2,3
ACTCGTCAGTAATCCC-1,IDC_6,11
ACTCTCTGACTTAGGT-1,IDC_1,5
ACTCTCTTATACACGA-1,Tumor_edge_1,14
ACTCTGACCTAATAGA-1,IDC_2,7
ACTCTTGTATAGTAAC-1,IDC_6,10
ACTGAAACGCCGTTAG-1,IDC_2,16
ACTGAATGGCGAAAGT-1,Tumor_edge_5,5
ACTGATTTAGTGATTC-1,DCIS/LCIS_5,14
ACTGCCCGCCATTCTC-1,IDC_4,12
ACTGCCGTCGTAACTC-1,Tumor_edge_1,19
ACTGCGGACACACCGT-1,DCIS/LCIS_1,17
ACTGGGATGCCAGTGC-1,IDC_4,12
ACTGTACGATACACAT-1,IDC_7,10
ACTGTAGCACTTTGGA-1,IDC_6,10
ACTGTATACGCGAGCA-1,IDC_5,20
ACTGTCCAGGATTATA-1,DCIS/LCIS_3,11
ACTGTCTTCTTTAGAA-1,IDC_6,10
ACTGTGCTAGTAGATC-1,IDC_5,20
ACTGTTTAGTGTAGGC-1,DCIS/LCIS_5,6
ACTTACCGGGCGCGCA-1,Healthy_1,4
ACTTACGCATCCACGC-1,DCIS/LCIS_4,2
ACTTAGTACGACAAGA-1,IDC_5,20
ACTTATACTTACCCGG-1,IDC_1,5
ACTTATTAGGATCGGT-1,DCIS/LCIS_3,11
ACTTATTTATGTGCCA-1,Tumor_edge_5,5
ACTTCAGGCTGATCCC-1,Tumor_edge_5,9
ACTTCCATGCGGGACA-1,IDC_2,9
ACTTCGCCATACGCAC-1,IDC_7,10
ACTTGACTCCCTCTTT-1,Healthy_2,1
ACTTGCCATATTGTAC-1,DCIS/LCIS_5,19
ACTTGGGACCCGGTGG-1,IDC_6,10
ACTTGTAGTCCCTTCA-1,Tumor_edge_2,1
ACTTGTGGATGGAACG-1,Tumor_edge_5,3
ACTTGTTACCGGATCA-1,Tumor_edge_6,12
ACTTTACCCTCATGAA-1,DCIS/LCIS_1,17
ACTTTCCTATAGCTTC-1,IDC_7,10
ACTTTGACTGCATCCT-1,Tumor_edge_2,1
ACTTTGGTCGTGCTCC-1,IDC_4,8
AGAAATTATGACTCGC-1,Tumor_edge_5,3
AGAACCCTCAATTGGG-1,IDC_4,8
AGAACGTGGTACATTC-1,IDC_7,10
AGAACTGTACTTTGTA-1,IDC_2,9
AGAAGAGCGCCGTTCC-1,IDC_1,5
AGAAGGTACACTTCAC-1,IDC_3,3
AGAAGGTTGCCGAATT-1,DCIS/LCIS_3,11
AGAAGGTTGTAGGTCG-1,IDC_2,9
AGAAGTGATTCGTGAT-1,Tumor_edge_2,1
AGAATACAGGCTATCC-1,Tumor_edge_6,9
AGAATGCGGGTTCGGA-1,Healthy_1,4
AGAATTATGGATTCGA-1,Healthy_1,3
AGAATTGTTTGACATA-1,IDC_5,13
AGACATAGATCCTTCC-1,IDC_5,20
AGACCATGGGATACAA-1,IDC_5,13
AGACCCGCCCTCCTCG-1,Tumor_edge_6,10
AGACCGCTCCGCGGTT-1,Tumor_edge_5,3
AGACCGGGAAACCCTG-1,Tumor_edge_2,1
AGACGAAGTGCCGGTC-1,Tumor_edge_5,3
AGACGACGATGCCGCT-1,IDC_4,8
AGACGGGCCGATTTAA-1,Healthy_1,18
AGACTAGCCTTCCAGA-1,IDC_6,10
AGACTGTTACCGGGTC-1,IDC_4,12
AGAGAAACACCAGAAA-1,IDC_4,12
AGAGAACCGTCTAGGA-1,Healthy_1,18
AGAGAAGGAGTACAAT-1,IDC_4,8
AGAGATCTCTAAAGCG-1,Tumor_edge_2,1
AGAGCAGTTATGAGAC-1,Tumor_edge_2,1
AGAGCCGCCGAGATTT-1,DCIS/LCIS_2,14
AGAGCGGGCTAATCAT-1,IDC_5,19
AGAGCGTACAAGCTCG-1,Tumor_edge_6,1
AGAGCTACGAAAGCAT-1,IDC_5,13
AGAGGCTTCGGAAACC-1,Tumor_edge_5,3
AGAGGGACAATTGTCC-1,Healthy_1,18
AGAGGTATCTCGGTCC-1,DCIS/LCIS_5,19
AGAGTAAACTTCACTA-1,Tumor_edge_3,3
AGAGTATAGTGTTACG-1,Healthy_1,3
AGAGTTAGAGACCGAT-1,Healthy_1,18
AGATAACTTCAGGGCC-1,DCIS/LCIS_3,11
AGATACCAATAGAACC-1,IDC_2,9
AGATACCAGCACTTCA-1,Healthy_1,4
AGATACCGGTGTTCAC-1,DCIS/LCIS_3,15
AGATACGACTTCATAT-1,IDC_5,20
AGATATAATACGACTA-1,Tumor_edge_6,9
AGATCGTGCATAAGAT-1,Healthy_1,4
AGATCTCAGGTGTGAT-1,IDC_7,10
AGATGACTCGCCCACG-1,IDC_5,19
AGATGAGGGTTGCGAT-1,Healthy_1,4
AGATGATGGAGTCTGG-1,DCIS/LCIS_1,17
AGATGCAAGACGTGCA-1,IDC_4,8
AGATTATAGGACGTTT-1,DCIS/LCIS_3,11
AGATTCACAACCGATA-1,IDC_3,3
AGCAAAGGCCGCTAGT-1,DCIS/LCIS_4,2
AGCAACATATCTTATT-1,Tumor_edge_6,5
AGCAACCGAAAGTAAT-1,IDC_4,8
AGCACACGTTTAGACT-1,IDC_4,8
AGCACCAGTACTCACG-1,IDC_7,10
AGCACTACCGGCCTGT-1,DCIS/LCIS_3,1
AGCACTACCTCACCAG-1,DCIS/LCIS_4,2
AGCACTTAAGGACGCC-1,DCIS/LCIS_3,11
AGCAGAAGGAGAAAGA-1,DCIS/LCIS_4,2
AGCAGCCAGATGAATA-1,DCIS/LCIS_4,2
AGCAGTCGAAGCATGC-1,IDC_4,9
AGCATATCAATATGCT-1,IDC_2,9
AGCATCATTTCGAAAG-1,IDC_3,3
AGCATCGTCGATAATT-1,IDC_5,19
AGCATTACGAGGCAAG-1,IDC_2,7
AGCCAAGCTTTGTGTC-1,DCIS/LCIS_4,2
AGCCACAGGTTACCCG-1,IDC_2,9
AGCCACTCCCGTGCTT-1,Tumor_edge_1,3
AGCCATATAGTATGTG-1,Tumor_edge_6,12
AGCCCATACATGTAAG-1,DCIS/LCIS_3,15
AGCCCGCAACAAGCAG-1,IDC_4,12
AGCCCGCACTACAATG-1,IDC_2,7
AGCCCGGCATTAGAGG-1,IDC_4,8
AGCCCGGTAGCCTGTA-1,IDC_4,12
AGCCCTAAGCGAAGTT-1,IDC_5,19
AGCCCTCCCTGGTGGC-1,IDC_4,8
AGCCCTTCTAATCCGA-1,Healthy_1,4
AGCCCTTGGACATCCC-1,Tumor_edge_4,14
AGCCGTGGCTAAATGT-1,IDC_3,3
AGCCTAATACCCACGT-1,IDC_3,3
AGCCTTAAAGCGGAAG-1,Tumor_edge_6,13
AGCGACATCCCATTCA-1,IDC_5,19
AGCGACCAACGATATT-1,Tumor_edge_6,10
AGCGAGACGTGAAGGC-1,IDC_4,8
AGCGATGCGCCTAATA-1,IDC_2,16
AGCGCATAATGAATCG-1,Healthy_2,3
AGCGCGGGTGCCAATG-1,Healthy_1,18
AGCGCTTATGGGCAAG-1,Healthy_1,18
AGCGGACACTTCGTAG-1,DCIS/LCIS_4,2
AGCGGCGGTTAGCGGT-1,IDC_3,3
AGCGGGAAGGGTCCAT-1,IDC_5,20
AGCGGGTCTGACACTC-1,Tumor_edge_6,2
AGCGGTTGCCGCTCTG-1,Healthy_1,4
AGCGTACGAGAGCTAG-1,IDC_5,13
AGCGTCTGAACCCGCA-1,IDC_5,13
AGCTAACAAGCAATGT-1,IDC_4,8
AGCTAAGTACGCAGGC-1,IDC_2,9
AGCTAGAAGCAGAAGT-1,Healthy_1,4
AGCTATTTAATCCAAC-1,Tumor_edge_1,19
AGCTCCATATATGTTC-1,DCIS/LCIS_2,14
AGCTCCTTCGCACATC-1,IDC_2,16
AGCTCTAGACGTTCCA-1,IDC_6,11
AGCTCTTCCCAGTGCA-1,Tumor_edge_1,3
AGCTCTTCGTAACCTT-1,DCIS/LCIS_1,17
AGCTCTTTACTCAGTT-1,DCIS/LCIS_3,11
AGCTGAAGTAAACCAA-1,Tumor_edge_1,3
AGCTGTAACCTCAATC-1,IDC_4,8
AGCTTATAGAGACCTG-1,Tumor_edge_1,20
AGCTTCTTCTCGAGCA-1,IDC_2,7
AGCTTGATCTTAACTT-1,Tumor_edge_6,15
AGGAAGCTGTCCGCCG-1,DCIS/LCIS_4,2
AGGACATCGCACGTCG-1,IDC_5,20
AGGACGACCCATTAGA-1,DCIS/LCIS_3,15
AGGACGCTCGATGTTG-1,Healthy_1,4
AGGAGACATCCACAGT-1,Healthy_1,18
AGGAGGCCTTCGCGCG-1,IDC_2,16
AGGATAAAGTCGGGAT-1,DCIS/LCIS_4,2
AGGATATAGGGATTTA-1,Tumor_edge_3,3
AGGATATCCGACTGCA-1,IDC_2,9
AGGATCACGCGATCTG-1,IDC_3,3
AGGATTGCTTACGACA-1,Tumor_edge_3,17
AGGCACGTGACTGTCC-1,DCIS/LCIS_2,14
AGGCAGATGCGTAAAC-1,Tumor_edge_1,18
AGGCAGGGAGCGTACT-1,IDC_4,12
AGGCATTGTCGTAGGG-1,Tumor_edge_5,3
AGGCCACCCGTTATGA-1,Tumor_edge_6,11
AGGCCCAGTGACTGGT-1,IDC_5,13
AGGCCCATTGTACAGG-1,IDC_5,19
AGGCCCTAGAACGCCA-1,Tumor_edge_2,1
AGGCCTATCATACCAA-1,IDC_4,12
AGGCCTGAGAATCTCG-1,IDC_2,9
AGGCGGTTTGTCCCGC-1,IDC_4,8
AGGCGTCTATGGACGG-1,Healthy_1,4
AGGCTATGGTTAGCTT-1,Tumor_edge_2,1
AGGCTTGCTAGACACC-1,Tumor_edge_2,1
AGGGAAACGAGGTACT-1,Tumor_edge_1,14
AGGGACCGGCTGCGTT-1,DCIS/LCIS_1,17
AGGGAGACATACTTCG-1,Tumor_edge_3,3
AGGGCAGCGGCGTGGT-1,DCIS/LCIS_5,6
AGGGCGAGCAGCTGAT-1,Tumor_edge_2,1
AGGGCGTGATCGGCTA-1,IDC_5,19
AGGGCTGCAGTTACAG-1,IDC_6,10
AGGGTCAGAGCACTCG-1,IDC_4,12
AGGGTCAGTAACCCTA-1,Healthy_1,4
AGGGTCGATGCGAACT-1,Tumor_edge_3,17
AGGGTGCCGTTCTTTA-1,IDC_4,12
AGGGTGCTCTCGAGGG-1,Healthy_1,1
AGGGTTCAGACGGTCC-1,IDC_4,12
AGGGTTCCCTTTGGTT-1,IDC_7,18
AGGGTTTAGTTCGGGA-1,IDC_6,10
AGGTAACCTCCTATTC-1,IDC_5,20
AGGTACGATATTGCCA-1,Tumor_edge_1,6
AGGTAGATCGAGATAT-1,IDC_4,12
AGGTAGGTACAAAGCT-1,DCIS/LCIS_3,15
AGGTATAATTGATAGT-1,DCIS/LCIS_1,17
AGGTCAGGTGAGAGTG-1,Tumor_edge_2,1
AGGTCGCGGAGTTACT-1,Healthy_1,18
AGGTGCACGTCCACAT-1,IDC_2,7
AGGTGGTGACCTTCGC-1,DCIS/LCIS_4,2
AGGTGTATCGCCATGA-1,Tumor_edge_2,1
AGGTTACACCATGCCG-1,Tumor_edge_3,3
AGGTTCTCCTTTCCGG-1,IDC_4,8
AGGTTGAGGCACGCTT-1,IDC_7,10
AGGTTTCACACACCTT-1,IDC_6,11
AGTAACGTTCATCCTG-1,Healthy_1,14
AGTAACTATAGCAGCC-1,IDC_2,7
AGTAATCTAAGGGTGG-1,Tumor_edge_6,9
AGTAATGTCTTGCCGC-1,IDC_5,19
AGTAATTTGCAAGCGT-1,IDC_4,8
AGTACAGAAGCTTATA-1,IDC_2,16
AGTACATCATTTATCA-1,Tumor_edge_3,3
AGTACCTTCGAGTGCT-1,Healthy_1,4
AGTACGGGCACCTGGC-1,Tumor_edge_1,10
AGTACGTGGCCTGTCT-1,Tumor_edge_1,14
AGTACTCTTATGCCCA-1,IDC_2,16
AGTAGAAGGCGCCTCA-1,IDC_4,12
AGTAGCGTGAACGAAC-1,DCIS/LCIS_5,6
AGTAGGAAGGAAGTTG-1,Healthy_1,4
AGTAGGTAACATACAT-1,IDC_5,20
AGTATAATACTAGGCA-1,IDC_5,1
AGTATACACAGCGACA-1,IDC_4,12
AGTATCCATAATAACG-1,IDC_5,13
AGTATGCTGGAGACCA-1,IDC_4,8
AGTCAAATGATGTGAT-1,IDC_4,12
AGTCAACACCACCATC-1,DCIS/LCIS_3,11
AGTCAAGATGACACTT-1,Tumor_edge_5,3
AGTCACTAGCTCTCGA-1,IDC_2,16
AGTCACTCCGCCTCAT-1,IDC_5,13
AGTCAGCCACCGCCTG-1,IDC_5,13
AGTCCAGCGGGTACGT-1,IDC_5,13
AGTCCATTGGCTGATG-1,DCIS/LCIS_1,17
AGTCCCGCCTTTAATT-1,Healthy_1,18
AGTCGACGGTCTCAAG-1,IDC_1,5
AGTCGGCCCAAACGAC-1,IDC_6,10
AGTCGGCTCAACTTTA-1,Tumor_edge_2,1
AGTCGGTTGCGTGAGA-1,DCIS/LCIS_1,17
AGTCGTATAAAGCAGA-1,IDC_2,9
AGTCGTCGACCACCAA-1,IDC_2,16
AGTCGTGGGCATTACG-1,Tumor_edge_2,3
AGTCTAAAGTATACTC-1,Tumor_edge_3,3
AGTCTCACAAGACTAC-1,IDC_4,8
AGTCTGGACATCCTTG-1,IDC_5,13
AGTCTTCTCCTCAAAT-1,IDC_7,10
AGTCTTTAAAGTGTCC-1,IDC_2,7
AGTGAACAAACTTCTC-1,DCIS/LCIS_1,17
AGTGAAGATGGTGTCC-1,Healthy_1,4
AGTGACCTACTTTACG-1,DCIS/LCIS_3,15
AGTGACTGTGACACAA-1,IDC_4,8
AGTGAGACTTCCAGTA-1,Healthy_1,3
AGTGAGCCTCGCCGCC-1,Tumor_edge_3,18
AGTGAGGGTTTCTGAC-1,Tumor_edge_1,14
AGTGAGTCGAATTAAC-1,IDC_2,7
AGTGATAACCTGCGCG-1,IDC_2,16
AGTGATATGAGTAGTT-1,DCIS/LCIS_3,15
AGTGATTCAAGCAGGA-1,Healthy_1,18
AGTGCACGCTTAAGAA-1,IDC_2,16
AGTGCGTAGCTCGTAA-1,DCIS/LCIS_3,15
AGTGCTAAACACAGCA-1,IDC_2,9
AGTGCTTGCACGAATA-1,IDC_1,5
AGTGGCCCGCAAATGG-1,IDC_2,9
AGTGGCGGCAATTTGA-1,Healthy_1,18
AGTGGCGTCTGAAGGT-1,IDC_2,9
AGTGGCTCCGTCGGCC-1,Tumor_edge_2,1
AGTGTATTGCGCATTG-1,Healthy_1,4
AGTGTGGTCTATTGTG-1,IDC_5,13
AGTTAAACACTTGCGA-1,DCIS/LCIS_3,11
AGTTAAGCGGTCCCGG-1,Tumor_edge_1,3
AGTTAAGTCAACCGCT-1,IDC_3,1
AGTTACCGCACATGGT-1,Tumor_edge_2,1
AGTTACTCTATCGTGG-1,Tumor_edge_1,18
AGTTATTCAGACTGTG-1,IDC_2,16
AGTTCCTACAGAATTA-1,Tumor_edge_6,10
AGTTCCTATTTATGTT-1,Healthy_2,11
AGTTCTGCGTTGTATC-1,IDC_5,13
AGTTGACATCGGCTGG-1,IDC_5,13
AGTTGACGGTCCTTGC-1,DCIS/LCIS_4,2
AGTTGCGGTCCTCAAC-1,IDC_4,8
AGTTGCTGACTGATAT-1,IDC_5,13
AGTTGGCAAGGCTAGA-1,IDC_2,7
AGTTTATGTAAAGACA-1,Healthy_1,18
AGTTTCGCAGGTCGGA-1,Tumor_edge_6,19
AGTTTGCACCTGCCTC-1,DCIS/LCIS_4,2
AGTTTGGCACGGGTTG-1,Tumor_edge_3,3
AGTTTGGCCAGACCTA-1,DCIS/LCIS_3,15
ATAAACGGACCCGTAA-1,Healthy_2,1
ATAAACGTTGCACCAC-1,DCIS/LCIS_2,14
ATAAAGGCTCGGTCGT-1,DCIS/LCIS_3,11
ATAAAGGTCAAGTACG-1,Tumor_edge_1,14
ATAAATATTAGCAGCT-1,DCIS/LCIS_3,15
ATAACGCCGGAGGGTC-1,IDC_6,11
ATAACGGAGTCCAACG-1,IDC_7,10
ATAACGTTACCTCCAC-1,Healthy_1,18
ATAAGGTGGAGAACAT-1,Healthy_2,3
ATAAGTACCCGATTGT-1,Healthy_1,18
ATAAGTAGGATTCAGA-1,Tumor_edge_6,18
ATAAGTAGGGCGACTC-1,DCIS/LCIS_1,17
ATAAGTTACCGCGACG-1,DCIS/LCIS_3,15
ATAATACCGTTAGCCG-1,IDC_5,13
ATAATAGCTGTTGAAT-1,Healthy_2,1
ATAATAGTGTAGGGAC-1,IDC_5,13
ATAATCTTGGAGAACC-1,DCIS/LCIS_4,2
ATAATTAGCTAAGTAG-1,DCIS/LCIS_4,2
ATACAGGCCCTCCAAT-1,DCIS/LCIS_4,2
ATACCACGGGCAACTT-1,DCIS/LCIS_3,15
ATACCAGCAAATTGCT-1,DCIS/LCIS_5,6
ATACCAGGCTAATAGA-1,IDC_5,20
ATACCAGGTGAGCGAT-1,DCIS/LCIS_5,6
ATACCGTCATCCATAA-1,Healthy_1,4
ATACCTAACCAAGAAA-1,DCIS/LCIS_4,2
ATACGCCGGCGAAACC-1,IDC_6,5
ATACGGAACGTCGTTT-1,IDC_4,8
ATACGGGTTTCGATTG-1,Tumor_edge_1,3
ATACGTACTTAGCCAC-1,DCIS/LCIS_4,2
ATACGTCCACTCCTGT-1,Tumor_edge_5,3
ATACGTTATGCACGGA-1,DCIS/LCIS_4,2
ATACTACCCGTACCAC-1,Tumor_edge_4,9
ATACTAGCATGACCCT-1,IDC_5,19
ATACTCTCGCCACTCT-1,IDC_5,13
ATACTGCCTTACACCG-1,DCIS/LCIS_4,9
ATAGACAACGGGACCT-1,Healthy_1,18
ATAGACGAAGAGAAAG-1,DCIS/LCIS_3,11
ATAGAGTACTGGGACA-1,IDC_6,10
ATAGAGTTATCAACTT-1,Healthy_1,18
ATAGATTTGCAGTCGG-1,DCIS/LCIS_5,6
ATAGCAACTAGGGAAG-1,IDC_2,7
ATAGCCATAACAGTCA-1,IDC_2,7
ATAGCCTCAGTACCCA-1,IDC_5,13
ATAGGAATCTAAGCTT-1,Tumor_edge_6,18
ATAGGCGGCTATAGAA-1,DCIS/LCIS_3,15
ATAGGCTAGCTTCGCA-1,Healthy_1,18
ATAGGGATATCCTTGA-1,IDC_7,19
ATAGGTTGGGCAGATG-1,IDC_7,10
ATAGTCTTTGACGTGC-1,DCIS/LCIS_5,6
ATAGTGAAGCGTTCTC-1,DCIS/LCIS_3,11
ATAGTTCCACCCACTC-1,DCIS/LCIS_1,17
ATATAAAGCGCTCGTG-1,DCIS/LCIS_4,2
ATATAAATGTAGCTGC-1,DCIS/LCIS_4,2
ATATAACACGGGCGCA-1,IDC_2,7
ATATACGCTCGTGACG-1,Tumor_edge_6,9
ATATAGAGTATTGGTC-1,IDC_4,8
ATATCAACCTACAGAG-1,DCIS/LCIS_1,17
ATATCGGTAGGGAGAT-1,DCIS/LCIS_1,17
ATATCGTGCCAGACCC-1,DCIS/LCIS_5,14
ATATCGTTCCTCGAAC-1,IDC_2,16
ATATCTCCCTCGTTAA-1,Tumor_edge_1,3
ATATCTTAGGGCCTTC-1,IDC_6,11
ATATGGGATAGCAACT-1,IDC_4,12
ATATGTCTAGAGCGTG-1,IDC_4,12
ATATGTCTCCCTAGCC-1,Tumor_edge_3,3
ATATGTGCACAAACCA-1,Healthy_1,18
ATATTCAGTTAAACCT-1,DCIS/LCIS_3,15
ATATTCCACATAGTGA-1,Tumor_edge_5,3
ATATTCCCACAGGTCA-1,IDC_5,20
ATATTGCTGTCAAAGT-1,IDC_5,13
ATATTTAACCCTCAAG-1,IDC_6,10
ATCAAACACTGTTCCA-1,Tumor_edge_3,3
ATCAAACGAAGGTTTG-1,Tumor_edge_2,1
ATCAAGATCCCAGGAC-1,IDC_4,12
ATCAATCTGGGCTGCA-1,IDC_6,10
ATCAATGCCGTGGCTG-1,IDC_4,8
ATCACATTAGAATATC-1,Tumor_edge_1,3
ATCACGTGCTAATTAA-1,DCIS/LCIS_3,15
ATCACTTCATCCTCGC-1,IDC_7,19
ATCAGACGGCACGCCG-1,DCIS/LCIS_3,15
ATCAGCCTCATGCTGC-1,IDC_2,16
ATCAGCTCGTCCACTA-1,IDC_3,3
ATCAGGTCGCCATTGC-1,Healthy_1,18
ATCAGTAGGCAGGGAT-1,Tumor_edge_1,3
ATCATAGCCCTATGTA-1,IDC_2,16
ATCATCCAATATTTGT-1,DCIS/LCIS_3,11
ATCATCTGCCCAGTGT-1,Tumor_edge_1,14
ATCCAACGCAGTCATA-1,IDC_6,10
ATCCAATGGAGGGTCC-1,DCIS/LCIS_3,15
ATCCACATCGACAGAA-1,DCIS/LCIS_4,2
ATCCACGCTAAATGTT-1,Tumor_edge_1,14
ATCCACTTTCAGACTA-1,Healthy_1,18
ATCCAGGATTCGTGAA-1,DCIS/LCIS_3,11
ATCCCATCCACAGCGC-1,IDC_4,8
ATCCCATTTCCGTGGG-1,IDC_4,12
ATCCTACCTAAGCTCT-1,DCIS/LCIS_3,15
ATCCTGAATCGCTGCG-1,DCIS/LCIS_3,15
ATCCTGCGTGGAATGG-1,DCIS/LCIS_3,15
ATCCTGCTGCAGATAG-1,Tumor_edge_1,20
ATCGACCCAATACAGA-1,DCIS/LCIS_3,11
ATCGACTCTTTCCGTT-1,IDC_7,19
ATCGCACGATTGTTCA-1,IDC_5,13
ATCGCACGCCGGGAGA-1,IDC_7,10
ATCGCCAGTCAACATT-1,DCIS/LCIS_1,17
ATCGCTGCGTGCAGCA-1,Healthy_1,4
ATCGGAGACAGACGGC-1,DCIS/LCIS_4,3
ATCGGCAAGCAGTCCA-1,Healthy_1,4
ATCGTCCAATCGAGTC-1,IDC_5,13
ATCGTGGAAAGTCTGG-1,IDC_4,8
ATCGTTAGCTAGCGGA-1,IDC_2,16
ATCGTTCACTTTCGCC-1,Healthy_1,4
ATCTAATATCCTACGG-1,DCIS/LCIS_4,2
ATCTACCATCTGCTCC-1,IDC_2,9
ATCTAGCTTGTGAGGG-1,Tumor_edge_6,9
ATCTCCCACGGAATAT-1,Tumor_edge_4,9
ATCTCCCTGCAATCTA-1,Tumor_edge_1,19
ATCTCGTGAGCGAAAC-1,Tumor_edge_3,3
ATCTGACATGGAAGGA-1,IDC_4,12
ATCTGCACCTCTGCGA-1,Tumor_edge_3,18
ATCTGCTGTTATCGCC-1,IDC_4,12
ATCTGGGCTGTTCTTG-1,DCIS/LCIS_4,2
ATCTGGTTAAGACTGT-1,IDC_7,10
ATCTGTAATTGTACCC-1,IDC_5,19
ATCTTAGGGCATTAAT-1,IDC_4,8
ATCTTATCGCACACCC-1,IDC_2,7
ATCTTGACCTGCAACG-1,IDC_6,10
ATCTTGACTTGTCCAA-1,Tumor_edge_3,3
ATCTTTCGTATAACCA-1,Healthy_1,3
ATGAAGCCAAGGAGCC-1,IDC_5,19
ATGACGCCGGCTCTAA-1,IDC_5,19
ATGACGCGTTCTATCC-1,Tumor_edge_2,3
ATGACTATCAGCTGTG-1,IDC_4,12
ATGACTATGCGACATT-1,Tumor_edge_5,3
ATGAGGAGTGTTAATC-1,Tumor_edge_6,1
ATGAGGGCAGCGGCTA-1,Tumor_edge_3,3
ATGATCGGGAATAGAC-1,IDC_5,19
ATGATGCAATGGTACA-1,DCIS/LCIS_3,15
ATGCACGCGCTGTTCA-1,IDC_4,8
ATGCACTACCGCATTG-1,IDC_6,10
ATGCATGATCCAGGAT-1,IDC_7,10
ATGCATTCCGTGATGG-1,DCIS/LCIS_5,19
ATGCCAATCGCTCTGC-1,Healthy_1,4
ATGCCATTTGCGACCA-1,IDC_1,5
ATGCCGGTCTTGCATA-1,IDC_7,10
ATGCCGGTTGATGGGA-1,Tumor_edge_1,3
ATGCGACAATTGGTCC-1,Healthy_1,4
ATGCGACAGTCCCATT-1,IDC_6,10
ATGCGAGTCCCACCAC-1,Tumor_edge_3,3
ATGCTCAGTGTTGCAT-1,IDC_5,13
ATGCTCTGGCGCGGTA-1,DCIS/LCIS_4,2
ATGCTTAGGAGTTGAT-1,DCIS/LCIS_2,14
ATGGAACCTTTGCACA-1,DCIS/LCIS_1,17
ATGGAGCAGGCCGTGA-1,IDC_6,11
ATGGATCCGGCGTCCG-1,Tumor_edge_1,3
ATGGATTGACCAAACG-1,IDC_7,10
ATGGCAGCATTACGAT-1,IDC_4,8
ATGGCTGGAAATGGCC-1,Healthy_1,18
ATGGGAACGGAAGCGG-1,Healthy_1,14
ATGGGACCTGCTGAAC-1,IDC_4,8
ATGGGCCTCGGCCTCT-1,Tumor_edge_5,5
ATGGGTGTATACCTCC-1,IDC_4,8
ATGGTATTGGGAACCG-1,IDC_4,12
ATGGTATTTACTGATT-1,IDC_4,8
ATGGTCGCGTGGTTTC-1,IDC_1,5
ATGGTGCTCAAAGCCA-1,DCIS/LCIS_5,6
ATGGTTACGAAACATG-1,Healthy_1,18
ATGTAAGGCTGCTCTT-1,DCIS/LCIS_1,17
ATGTACATGCGGTGAG-1,Tumor_edge_4,9
ATGTACGATGACGTCG-1,Tumor_edge_6,2
ATGTAGCGCGCGTAGG-1,IDC_2,16
ATGTGAAAGCCTAATG-1,Tumor_edge_2,1
ATGTGCATCCGACGCA-1,IDC_5,19
ATGTGTAGTTTAGTCA-1,DCIS/LCIS_5,6
ATGTTACGAGCAATAC-1,IDC_5,13
ATGTTGATTAGAGACT-1,IDC_2,7
ATGTTGTAGTCTGTTT-1,IDC_4,12
ATTAAACATGCGGACC-1,DCIS/LCIS_3,11
ATTAATACTACGCGGG-1,IDC_7,19
ATTAATGAACCAGTCG-1,Tumor_edge_1,3
ATTAATTCGGTCACTC-1,Tumor_edge_1,19
ATTACAACTACCGGCC-1,Tumor_edge_1,14
ATTACATGTCAGTCTT-1,Tumor_edge_3,3
ATTACCACACTGCCTG-1,Tumor_edge_3,3
ATTACGACTCCACAGT-1,Healthy_1,4
ATTACGCGCTGGCAGG-1,DCIS/LCIS_3,15
ATTACTAGCCTCTTGC-1,IDC_5,19
ATTACTTACTGGGCAT-1,Healthy_1,4
ATTAGATTCCTCAGCA-1,Healthy_1,18
ATTAGATTGATAGCGG-1,IDC_5,19
ATTAGGCGATGCTTTC-1,IDC_6,11
ATTATACTTTGCTCGT-1,Tumor_edge_1,3
ATTATAGCTACTTTAC-1,DCIS/LCIS_1,17
ATTATCGGAATGTACG-1,IDC_4,12
ATTATCTCGACAGATC-1,DCIS/LCIS_5,6
ATTATGAGACCCAATT-1,IDC_4,8
ATTATGCCATAGGGAG-1,IDC_5,19
ATTATTATGTCCGTCA-1,IDC_4,8
ATTATTCAGAGTCACT-1,IDC_2,7
ATTCAACCATTTAAGG-1,Tumor_edge_4,9
ATTCACTGATGTTGGA-1,DCIS/LCIS_4,2
ATTCAGGACCTATTTC-1,Healthy_1,4
ATTCAGTAGCAGGGTC-1,Tumor_edge_2,1
ATTCATATACTGTCCA-1,Tumor_edge_6,11
ATTCATCGTTGAGGCA-1,IDC_2,9
ATTCCCACATAAACAA-1,Tumor_edge_2,1
ATTCCTAAGACGTGGA-1,Healthy_1,4
ATTCCTCCGCCAGTGC-1,IDC_5,3
ATTCCTTCCAGGCGGT-1,IDC_5,13
ATTCGACGCCGGGCCT-1,DCIS/LCIS_3,15
ATTCGCGCCTTGAGAG-1,IDC_2,7
ATTCGTGCTATCTCTT-1,DCIS/LCIS_1,17
ATTCGTTTATCGTATT-1,IDC_2,9
ATTCTCGTCTCTTTAG-1,IDC_5,20
ATTCTGAGTATGAACT-1,Tumor_edge_1,14
ATTCTTCGTACTTATG-1,Tumor_edge_1,14
ATTGAAGATCTTAGTG-1,DCIS/LCIS_3,11
ATTGACCGGCGATGAC-1,Healthy_1,4
ATTGACGTAACTCGGT-1,DCIS/LCIS_5,6
ATTGATAGCAACGAGA-1,IDC_5,13
ATTGATGAGTCCTAAC-1,Tumor_edge_3,3
ATTGCCTATTAGACCG-1,IDC_4,8
ATTGCCTTTATGTTTG-1,IDC_2,9
ATTGCGATCAGTAACT-1,Tumor_edge_5,9
ATTGCTGCTCCTCCAT-1,DCIS/LCIS_3,11
ATTGGATTACAGCGTA-1,Tumor_edge_4,9
ATTGGGAATATCTTGG-1,IDC_5,20
ATTGGGAGTTCTGTAA-1,Healthy_1,18
ATTGGTTGTGCATTAC-1,IDC_2,7
ATTGTACAACTCGGCT-1,DCIS/LCIS_1,17
ATTGTCGCAATACCTT-1,Tumor_edge_1,3
ATTGTCTGTTTCATGT-1,IDC_4,12
ATTGTGACTTCGCTGC-1,Healthy_1,4
ATTTAACTCGTATTAC-1,IDC_5,20
ATTTACAGTTTACTGG-1,DCIS/LCIS_3,11
ATTTACTAAGTCCATT-1,Tumor_edge_3,17
ATTTATACTGGTAAAG-1,IDC_4,12
ATTTCATTATTTCGCG-1,Tumor_edge_1,6
ATTTCCGGGTTCTGCG-1,IDC_4,8
ATTTGCCTAGTTACGA-1,DCIS/LCIS_5,6
ATTTGCGCGAGTAGCT-1,Tumor_edge_6,8
ATTTGTCTTGGGAGCT-1,IDC_1,5
ATTTGTTCCAGGGCTC-1,IDC_7,19
CAAACCCTCCGGCGGG-1,IDC_2,16
CAAACGAGTATCGCAG-1,DCIS/LCIS_3,15
CAAACGGTCGCACTTT-1,DCIS/LCIS_3,11
CAAACGTGGTCTTGCG-1,DCIS/LCIS_5,6
CAAACTACGATAGAGA-1,Tumor_edge_1,14
CAAACTATTGAGCTTC-1,DCIS/LCIS_5,6
CAAACTCGCGACGCCG-1,Tumor_edge_3,3
CAAAGATTATTGGGCC-1,IDC_4,8
CAAAGGTTAAATTCAG-1,Healthy_1,18
CAAATCTCTCACAAGG-1,Tumor_edge_2,15
CAAATGCGGAGTGTTC-1,DCIS/LCIS_5,6
CAAATGTCCTTCCGTG-1,DCIS/LCIS_3,15
CAAATTGGATTATGCC-1,Healthy_1,4
CAAATTGTCAGCAAGC-1,Tumor_edge_1,19
CAACACATCTCCTGCC-1,Tumor_edge_3,17
CAACAGTGCCAAACGG-1,DCIS/LCIS_5,6
CAACCAGTGGCCTACC-1,DCIS/LCIS_2,14
CAACCTACCGAGCAGT-1,IDC_2,16
CAACCTGAACCTGCCA-1,Healthy_1,3
CAACGACCCGTTTACA-1,IDC_5,19
CAACGGTTCTTGATAC-1,IDC_5,20
CAACGTGGTGGAGTCT-1,Tumor_edge_4,3
CAACTATATCGAATGC-1,Tumor_edge_1,3
CAACTCCAACGTTTAG-1,Tumor_edge_1,14
CAACTCCGTAACTTGC-1,Healthy_1,18
CAACTCCTTGATCCCG-1,IDC_5,19
CAACTGAGGGTATGAC-1,Healthy_1,18
CAACTGCTCATCCGAT-1,DCIS/LCIS_4,2
CAACTTGTAGTGGGCA-1,IDC_5,20
CAAGAAACCCTAAACT-1,Healthy_1,18
CAAGATATTATAACGT-1,IDC_1,5
CAAGCAACGTCGGAGT-1,DCIS/LCIS_3,11
CAAGCACCAAATGCCT-1,IDC_5,19
CAAGCGGCACATAATT-1,DCIS/LCIS_4,2
CAAGGATCGCATGTTC-1,IDC_6,11
CAAGGCCAGTGGTGCA-1,IDC_2,7
CAAGGTCCTATAGGCT-1,DCIS/LCIS_1,17
CAAGTAAGTGATAGAC-1,IDC_4,12
CAAGTGAACTTTGGTT-1,Tumor_edge_1,19
CAAGTGTGGTTGCAAA-1,Tumor_edge_3,5
CAATAAACCTTGGCCC-1,IDC_7,10
CAATACGAGAGTCTGA-1,Tumor_edge_3,3
CAATACGCTCTGAGGC-1,Tumor_edge_2,1
CAATATGTAGATTTAC-1,Healthy_1,18
CAATATTGGACTAGTG-1,IDC_5,13
CAATCCCTATACCAGC-1,Tumor_edge_1,14
CAATCCTGCCGTGGAG-1,IDC_5,13
CAATGACCCTTAATTT-1,IDC_4,12
CAATGAGGTTCGACTA-1,Tumor_edge_3,3
CAATGCGAGAAGTATC-1,DCIS/LCIS_4,2
CAATGGAATCTACATA-1,Healthy_1,3
CAATGGATCTCTACCA-1,Tumor_edge_6,18
CAATGGTCGGCCTGGG-1,Tumor_edge_6,19
CAATGTGCCAACCCTT-1,DCIS/LCIS_1,17
CAATTAAGGGTGATGA-1,IDC_7,10
CAATTTCGTATAAGGG-1,IDC_6,11
CAATTTGACCGGGAAG-1,IDC_5,13
CACAAACCGCAGAACT-1,IDC_2,7
CACAAGAAAGATATTA-1,Healthy_1,4
CACAAGCTAAGAAAGG-1,IDC_4,8
CACAATGAGCTGCTAT-1,DCIS/LCIS_3,11
CACACACGCTAACGAG-1,Tumor_edge_4,9
CACACAGCTTGCGCTC-1,Tumor_edge_3,3
CACACAGGGATAGATT-1,Tumor_edge_2,1
CACACGCGCTGTCTTA-1,Healthy_1,18
CACACGTTTCAATGGG-1,Healthy_1,14
CACACTTGTATTGCGA-1,Healthy_1,18
CACAGAGACGAGGACG-1,IDC_4,8
CACAGCACCCACGGCA-1,IDC_6,10
CACAGCTAGGGAGTGA-1,IDC_5,19
CACAGGGCCATATAGT-1,IDC_2,16
CACAGGGCCGTTGTCA-1,DCIS/LCIS_4,2
CACAGTCCCGCTTCGC-1,DCIS/LCIS_2,14
CACAGTTCGCTTCCCA-1,Tumor_edge_6,3
CACATCGTGCACGCGC-1,IDC_4,8
CACATCTCACCGACGA-1,DCIS/LCIS_4,2
CACATGATTCAGCAAC-1,IDC_6,11
CACATGTTTGGACATG-1,IDC_5,13
CACATTCTTTCGATGG-1,Tumor_edge_1,18
CACATTTCTTGTCAGA-1,DCIS/LCIS_1,17
CACCAGTCAGCATGCA-1,IDC_4,8
CACCATCGGAGGAGAC-1,Tumor_edge_1,19
CACCATGATCGCAAAG-1,Healthy_1,4
CACCCAAATCTTATGT-1,DCIS/LCIS_1,17
CACCCACACGTCACCC-1,IDC_5,20
CACCCACGAGGCAATT-1,Tumor_edge_1,3
CACCCGCGTTTGACAC-1,IDC_2,16
CACCCTAACAAGATCT-1,DCIS/LCIS_4,2
CACCCTTGGTGAGACC-1,IDC_3,3
CACCCTTTCCTCGCTC-1,IDC_5,20
CACCGATACACCGAGC-1,Tumor_edge_1,14
CACCGATGATGGGTAC-1,IDC_2,16
CACCGCCAGAAGGTTT-1,IDC_7,10
CACCGCCGACCAGCGA-1,DCIS/LCIS_5,6
CACCGCGTCCACTCTA-1,Healthy_1,4
CACCGGAGATATCTCC-1,Healthy_1,18
CACCGGGCATCACAAG-1,IDC_2,9
CACCGGTAGAGACATT-1,IDC_4,8
CACCGTATCCCATCCG-1,Tumor_edge_5,3
CACCGTTGCGCGATAT-1,Tumor_edge_2,1
CACCTAATAGAGTCGT-1,IDC_5,13
CACCTAATCAGTTTAC-1,IDC_7,19
CACCTCGATGGTGGAC-1,IDC_7,19
CACCTTGCGAAACTCG-1,Tumor_edge_1,3
CACCTTGGCGCCTTTG-1,DCIS/LCIS_1,17
CACGAAAGTTAGTCCC-1,DCIS/LCIS_3,15
CACGACGTAATAGTAA-1,Healthy_1,18
CACGATTGGTCGTTAA-1,Tumor_edge_6,19
CACGCACAGCGCAGCT-1,IDC_7,10
CACGCAGCGAGGCTTT-1,DCIS/LCIS_3,11
CACGCGGAACTGTTGC-1,DCIS/LCIS_1,17
CACGGACGTGGATGGC-1,Healthy_1,4
CACGGCGCGCCAAAGG-1,Healthy_1,4
CACGTCAATCAATGGA-1,Tumor_edge_4,14
CACGTCGGCAACCTCT-1,Tumor_edge_6,15
CACGTCTATGATGTGG-1,Healthy_1,18
CACGTTCGTGCTCTAG-1,IDC_6,3
CACGTTTCGTACACAC-1,IDC_2,16
CACTAAAGTTGCCTAT-1,DCIS/LCIS_3,11
CACTACGGGAGCTGCC-1,Tumor_edge_4,9
CACTACTCAGTTCTGT-1,DCIS/LCIS_5,6
CACTCAAGAGCTATGG-1,DCIS/LCIS_3,11
CACTCAGCTCTTGAGG-1,DCIS/LCIS_5,6
CACTCCTATGTAAGAT-1,IDC_4,8
CACTCCTCTCGGTCGG-1,Tumor_edge_1,18
CACTCGAGCTGAACAA-1,Healthy_2,5
CACTCTCAAGCATCGA-1,IDC_4,12
CACTCTTCTGCTAGCC-1,Tumor_edge_6,16
CACTGACGATTGTGGA-1,IDC_4,12
CACTGTCCAAGTGAGA-1,IDC_5,19
CACTTAATCAGACGGA-1,DCIS/LCIS_3,11
CACTTCGCCACAGGCT-1,IDC_5,13
CACTTCGTCTTATCTC-1,IDC_5,13
CAGAACTTAGCCCTCT-1,IDC_2,16
CAGAATAACACACGGA-1,Tumor_edge_6,14
CAGACCTGTAAGTGTT-1,Tumor_edge_6,3
CAGAGCATGAGCTTGC-1,IDC_7,10
CAGAGTGATTTAACGT-1,DCIS/LCIS_5,6
CAGATAATGGGCGGGT-1,IDC_2,7
CAGATACTAACATAGT-1,IDC_6,10
CAGATATGAAGATGAC-1,IDC_4,8
CAGATCATTTAAAGTC-1,Healthy_1,4
CAGATCCTGGTTTGAA-1,IDC_4,5
CAGCAGCCCGTTCCTT-1,IDC_7,10
CAGCAGTCCAGACTAT-1,Tumor_edge_5,3
CAGCAGTCTGTGCTGC-1,DCIS/LCIS_4,2
CAGCCCTCACAGGCAG-1,DCIS/LCIS_5,6
CAGCCGGGCCCTCTAT-1,Tumor_edge_1,14
CAGCCTCCTGCAGAGG-1,Tumor_edge_1,10
CAGCCTCTCCTCAAGA-1,Healthy_1,4
CAGCTCACTGAGACAT-1,IDC_6,10
CAGCTCGACAAGTTAA-1,Healthy_1,18
CAGCTCGTGCTTGTGT-1,IDC_5,20
CAGCTGGCGTAACCGT-1,Tumor_edge_2,3
CAGCTTAGTAGGTAGC-1,DCIS/LCIS_3,15
CAGGAAGACTTTATAT-1,Tumor_edge_1,14
CAGGATATATCGTTGT-1,DCIS/LCIS_3,11
CAGGCAGTCTTACCAG-1,IDC_2,9
CAGGCCAGTACCACCT-1,IDC_4,8
CAGGCCGTTTGGGTGT-1,DCIS/LCIS_3,15
CAGGCGCACGGTGGTC-1,IDC_4,8
CAGGCGCCATGCTAGG-1,Healthy_2,5
CAGTAACTATTTATTG-1,Healthy_1,4
CAGTAATCCCTCCCAG-1,IDC_5,13
CAGTACATTCTCTAAA-1,Healthy_1,4
CAGTACCAGTTTACGT-1,IDC_3,3
CAGTAGCCCACGCGGT-1,Healthy_1,18
CAGTAGCGAGGTAGTA-1,IDC_5,13
CAGTCCAACGCCTTCT-1,Healthy_1,18
CAGTCGAGGATGCAAT-1,Healthy_1,18
CAGTCTCTCGGCTAAT-1,IDC_5,13
CAGTCTGTATACTGGG-1,IDC_6,11
CAGTGAATAAATGACT-1,Tumor_edge_1,3
CAGTGGTTGCACATGA-1,IDC_5,13
CAGTGTCCGCAGAATG-1,IDC_5,20
CAGTGTCGGCTGGCCC-1,IDC_2,16
CAGTGTTAATCTCTCA-1,IDC_4,8
CAGTTCAAATTGACAC-1,IDC_6,10
CAGTTCCGCGGGTCGA-1,Tumor_edge_2,1
CAGTTCGAGGACCCGA-1,IDC_4,12
CATAACGGACAGTCGT-1,IDC_1,3
CATAAGAAGCTTGGCT-1,DCIS/LCIS_4,2
CATAAGCTCTCCGTCT-1,Tumor_edge_2,1
CATAATGAGCGGGCGA-1,Tumor_edge_1,20
CATACAAAGCCGAACC-1,IDC_5,20
CATACACGGTTCCCAC-1,DCIS/LCIS_4,2
CATACCCGTACCCAGT-1,DCIS/LCIS_3,15
CATACGAACTAGCTGG-1,IDC_4,12
CATACGGCGTCTGGGC-1,IDC_6,11
CATACGGGTGCATGAT-1,IDC_5,13
CATACTATGTAATTGT-1,DCIS/LCIS_3,11
CATACTTAGGCAATAC-1,DCIS/LCIS_1,17
CATACTTCTTTCTCCG-1,IDC_4,12
CATAGAGGAGATACTA-1,IDC_2,9
CATAGCCGCCCGGGAT-1,Tumor_edge_2,1
CATAGTACATTGAGAG-1,Tumor_edge_1,6
CATAGTAGCATAGTAG-1,IDC_5,19
CATAGTCAAATACATA-1,IDC_2,7
CATAGTCCACAAGAAC-1,DCIS/LCIS_3,15
CATATACTACTGATAA-1,Healthy_1,4
CATATAGGTACAGTCA-1,DCIS/LCIS_3,11
CATATGTCAGGCTACG-1,Tumor_edge_2,1
CATATTATTTGCCCTA-1,DCIS/LCIS_5,6
CATCAAACTGGCGCCC-1,Healthy_1,4
CATCATCTACCCGGAC-1,DCIS/LCIS_5,19
CATCATTACCCTGAGG-1,IDC_2,16
CATCCAATATAGTTTG-1,IDC_4,8
CATCCCGAGATTCATA-1,IDC_2,7
CATCCGCAGGCCCGAA-1,IDC_5,13
CATCCTCTCAAAGATC-1,IDC_2,16
CATCGCCCGCGGCCAA-1,IDC_5,20
CATCGGACGGGTTAAT-1,DCIS/LCIS_3,11
CATCTACCCGAGAACG-1,Healthy_1,18
CATCTATCCCGTGTCT-1,Healthy_1,4
CATCTTACACCACCTC-1,DCIS/LCIS_1,17
CATGAACCGACATTTG-1,IDC_5,20
CATGAACCTCTTATCA-1,DCIS/LCIS_5,6
CATGACTTCGCTGAAT-1,DCIS/LCIS_1,17
CATGAGATGCACTCTC-1,DCIS/LCIS_4,2
CATGATCGCTTTGAGA-1,IDC_2,16
CATGATGCACAATTCT-1,IDC_7,19
CATGATGGAAGTTAGC-1,DCIS/LCIS_1,17
CATGCATGGAGACCCT-1,DCIS/LCIS_5,6
CATGCCAACTCGCAAA-1,Tumor_edge_2,1
CATGCGACCAGTTTAA-1,Healthy_1,18
CATGCGTTAGACAGAA-1,IDC_5,19
CATGCGTTGAGAGGAG-1,IDC_4,12
CATGCTGGCTCCAATT-1,IDC_5,20
CATGGAAATGGGACCA-1,Healthy_1,18
CATGGATTGTCTTCCG-1,Tumor_edge_6,16
CATGGCAGGAAGATCG-1,IDC_5,19
CATGGGTATGCCTTAT-1,DCIS/LCIS_4,2
CATGGGTCGGGTGTGG-1,Tumor_edge_1,3
CATGGTCTAGATACCG-1,IDC_7,10
CATGGTTTATTAATCA-1,IDC_2,7
CATGTAAGAGACATTT-1,IDC_2,16
CATGTAGGAGCGCCAA-1,Healthy_1,4
CATGTCTCATTTATGG-1,Tumor_edge_5,3
CATTACATAGATTGTG-1,Tumor_edge_6,3
CATTACGCAGGAAGGG-1,IDC_2,7
CATTACGTCGGCCCGT-1,IDC_5,19
CATTATAACAGGGTCC-1,DCIS/LCIS_5,6
CATTATCCCATTAACG-1,IDC_4,12
CATTATGCTTGTTGTG-1,IDC_6,10
CATTCACTGACAGCTA-1,DCIS/LCIS_5,6
CATTCAGGTCAGTGCG-1,IDC_5,13
CATTCCCATTCCGTCG-1,Tumor_edge_3,17
CATTCCCTAAGTACAA-1,IDC_5,13
CATTGATGAACACGCC-1,Healthy_1,18
CATTGCGGGTCAATTC-1,Healthy_1,18
CATTGTGTGCTAGATC-1,IDC_5,13
CATTTAGCGGACCATG-1,Tumor_edge_1,3
CATTTATCGTTCAAGA-1,DCIS/LCIS_5,6
CATTTCTAGCAGACTA-1,IDC_5,13
CCAAACAGAACCCTCG-1,IDC_5,19
CCAAATAACAAGATTC-1,Tumor_edge_5,3
CCAAATCAAAGGGCAA-1,IDC_4,8
CCAACCTTATGTAACT-1,IDC_4,12
CCAACGATGCACTGAT-1,DCIS/LCIS_3,11
CCAACGCTTGCCAGGG-1,Healthy_1,18
CCAAGACTTCTGCGAA-1,IDC_5,19
CCAAGCGTAACTCGTA-1,IDC_6,10
CCAAGGAACAGAGAGG-1,IDC_5,20
CCAAGGTTGCCCTTTC-1,IDC_2,7
CCAATAGTGCCGTCGA-1,DCIS/LCIS_3,11
CCAATCGGTAGATCGA-1,Tumor_edge_1,3
CCAATGTCACAGCAAG-1,DCIS/LCIS_3,11
CCAATTACGGGTCGAG-1,Healthy_1,18
CCAATTGAATGTTAAT-1,IDC_5,19
CCACAATGTACGTCTT-1,IDC_7,18
CCACACTGAGATATTA-1,DCIS/LCIS_3,11
CCACAGCTGAAATCAT-1,IDC_5,13
CCACAGTACCCATCCT-1,Tumor_edge_5,3
CCACATACTGCACCCA-1,Tumor_edge_3,3
CCACCCAAGGAAAGTG-1,IDC_6,11
CCACGAATTTAACCTC-1,DCIS/LCIS_1,17
CCACGAGAAGAGAATC-1,Tumor_edge_1,3
CCACGGAGCCATAAGA-1,Tumor_edge_2,1
CCACGGTGCCCGGTAG-1,DCIS/LCIS_1,17
CCACTAAACTGAATCG-1,IDC_5,13
CCACTATCCGGGTCAC-1,Tumor_edge_3,3
CCACTCAGATCCGCAA-1,IDC_2,16
CCACTGGTGGCTGGTT-1,Tumor_edge_2,15
CCACTGTTTGGATTAA-1,DCIS/LCIS_2,3
CCAGAAACTGATGCGA-1,IDC_2,16
CCAGAGACAAAGCCGG-1,Tumor_edge_2,1
CCAGATAGTTGAGTGA-1,IDC_7,18
CCAGCCTGGACCAATA-1,IDC_6,11
CCAGCTACGCCTCATA-1,IDC_5,13
CCAGCTCGAACGCATT-1,DCIS/LCIS_4,2
CCAGCTGATGGTACTT-1,DCIS/LCIS_3,15
CCAGCTTCCGCCCGCA-1,Tumor_edge_2,1
CCAGGGACGTGGCCTC-1,IDC_6,10
CCAGTAGTCTGATCCA-1,Healthy_1,18
CCAGTCCATTATTCGA-1,IDC_5,13
CCAGTCTAGACGGCGC-1,Tumor_edge_1,3
CCAGTCTTGTCATAGA-1,DCIS/LCIS_4,2
CCAGTGTACAGACCGA-1,IDC_4,8
CCAGTTCGGTAACTCA-1,Tumor_edge_6,9
CCATAAACAACCCGAC-1,Tumor_edge_1,6
CCATACCTTTACTTGT-1,Tumor_edge_3,3
CCATAGGTTGGCGTGG-1,IDC_5,19
CCATAGTCAGTAACCC-1,IDC_5,13
CCATATGGAAACTATA-1,Tumor_edge_5,9
CCATATTGGATCATGA-1,IDC_5,13
CCATCCATACCAAGTC-1,IDC_5,20
CCATCTCACCAGTGAA-1,DCIS/LCIS_1,17
CCATCTTGTTCACAAT-1,IDC_5,20
CCATGCCCTAGATTTC-1,IDC_2,16
CCATGCCTGTTTAGTA-1,DCIS/LCIS_3,11
CCATGCTCTGCAGGAA-1,IDC_5,19
CCATGGCCCTTGTACC-1,DCIS/LCIS_3,11
CCATGTTCATCTATAT-1,IDC_4,8
CCATTAGCGATAATCC-1,DCIS/LCIS_3,11
CCATTCCCTGCCCACA-1,DCIS/LCIS_3,11
CCATTGTTTCCTCCAT-1,Tumor_edge_3,3
CCATTTCTACCTATTA-1,DCIS/LCIS_4,2
CCCAAACATGCTGCTC-1,Healthy_1,18
CCCAACATACGTCGCG-1,DCIS/LCIS_3,15
CCCAACCACACTAACA-1,DCIS/LCIS_5,6
CCCAAGACAGAGTATG-1,DCIS/LCIS_5,19
CCCAAGTCATTACACT-1,IDC_2,7
CCCAATGAGATTTGCA-1,IDC_4,12
CCCAATTTCACAACTT-1,DCIS/LCIS_3,15
CCCAGAGGAGGGCGTA-1,Healthy_1,4
CCCAGGAAGAATTCGA-1,IDC_4,12
CCCAGGTCTGAAGGCT-1,Tumor_edge_6,3
CCCAGTAAACTTGGGA-1,IDC_3,3
CCCAGTTAAGGCGCCG-1,IDC_1,5
CCCATATAGGTCGATT-1,Tumor_edge_4,9
CCCGAAGTTTCGCGAA-1,Tumor_edge_2,1
CCCGACCATAGTCCGC-1,IDC_7,3
CCCGAGTTTCTCCGTA-1,Tumor_edge_3,2
CCCGCAGCGCGAACTA-1,Healthy_2,3
CCCGCAGGGCCCAAAG-1,DCIS/LCIS_5,6
CCCGCCATGCTCCCGT-1,IDC_5,19
CCCGCGCAATGCACCC-1,IDC_5,13
CCCGGGTCGTTCAGGG-1,DCIS/LCIS_4,2
CCCGGTGGAAGAACCT-1,Tumor_edge_2,1
CCCGGTGTATCGGAAT-1,IDC_3,3
CCCGTAAGTCTAGGCC-1,DCIS/LCIS_3,15
CCCGTAGCTGGGAAGA-1,IDC_4,8
CCCGTCAGCGTCTGAC-1,IDC_5,19
CCCGTTTCGCAGATGT-1,Tumor_edge_5,3
CCCTACCCACACCCAG-1,Tumor_edge_6,9
CCCTACTTGAACAATG-1,IDC_2,9
CCCTAGTGTCAGGTGT-1,IDC_5,13
CCCTATGTAGAGCAGA-1,IDC_4,8
CCCTCATTCTGGAATT-1,IDC_5,20
CCCTCCTCGCTCGTAT-1,Tumor_edge_6,3
CCCTCGATAATACACA-1,IDC_4,12
CCCTCGGGAGCCTTGT-1,DCIS/LCIS_5,6
CCCTGAAATGAGTTGA-1,DCIS/LCIS_3,11
CCCTGACTAACAAATT-1,Tumor_edge_2,1
CCCTGATGTAACTCGT-1,IDC_5,13
CCCTGCCCAATCCGCT-1,Tumor_edge_2,1
CCCTGCGCTACGCATA-1,DCIS/LCIS_3,15
CCCTGGTATGGGCGGC-1,DCIS/LCIS_5,6
CCCTTTAATGGAGTTC-1,IDC_2,9
CCGAAAGTGGTGAGCA-1,IDC_5,13
CCGAACACTGGGCCTC-1,Tumor_edge_2,1
CCGAACCTTCCCGGCC-1,Healthy_2,3
CCGAAGTATATTGTTC-1,IDC_5,13
CCGACAAACACATGAG-1,IDC_5,13
CCGACAAAGGGAGTGC-1,DCIS/LCIS_3,11
CCGACAATAGGCCGCC-1,DCIS/LCIS_2,14
CCGACGGGCATGAGGT-1,Tumor_edge_6,8
CCGACGTAAACACAAC-1,Healthy_1,4
CCGACTCGCATAGTCT-1,DCIS/LCIS_5,6
CCGAGAAGTCGCATAA-1,Tumor_edge_3,3
CCGAGCTGTGCTTGTC-1,Healthy_1,4
CCGAGGGATGTTAGGC-1,DCIS/LCIS_5,6
CCGATCTCAACCTTAT-1,DCIS/LCIS_1,17
CCGATCTTAAGAGGCT-1,Healthy_1,18
CCGATTCGAGGGACCC-1,Tumor_edge_2,15
CCGCACAAAGACCAAC-1,IDC_6,11
CCGCACGTGACCTCGG-1,DCIS/LCIS_3,11
CCGCACTTGCAATGAC-1,IDC_2,7
CCGCATGTGGTACGAT-1,DCIS/LCIS_4,2
CCGCCACCACAATCCA-1,DCIS/LCIS_5,6
CCGCCGGAACTTCTCG-1,IDC_3,3
CCGCCGGTCAACACAC-1,IDC_5,20
CCGCCGTTGAGGATAA-1,Tumor_edge_3,3
CCGCCTGCGAATTGGT-1,Healthy_1,4
CCGCGGGTACGAAGAA-1,DCIS/LCIS_3,15
CCGCGTAGGTAAGGGC-1,DCIS/LCIS_3,11
CCGCTATCAGCACCAG-1,Healthy_2,1
CCGCTCCAGGGCGATC-1,Tumor_edge_6,9
CCGCTCTTCCGAACTA-1,IDC_2,7
CCGCTGGTGCCATTCA-1,DCIS/LCIS_5,6
CCGCTTACCTCACTCT-1,DCIS/LCIS_3,15
CCGCTTGCTGACATGG-1,Tumor_edge_3,3
CCGGAAGTGCAATATG-1,IDC_2,9
CCGGAATGGTTTCAGT-1,IDC_5,1
CCGGAGCGTACTTTCT-1,DCIS/LCIS_4,2
CCGGAGGTCTTATGGT-1,Healthy_1,4
CCGGCACGACCGTTTC-1,DCIS/LCIS_1,17
CCGGCGCATATTGGAT-1,IDC_5,20
CCGGCGTGAGACTCTG-1,IDC_3,3
CCGGGACCCGCAGAGA-1,IDC_5,19
CCGGGCGGTCTCGTCA-1,IDC_7,10
CCGGGCTAAGAATTTC-1,IDC_4,8
CCGGGCTGCTCCATAC-1,Tumor_edge_6,3
CCGGGTTCGAGGTTAC-1,DCIS/LCIS_3,15
CCGGTAATGGCTAGTC-1,DCIS/LCIS_1,17
CCGTAAGTTGGTCCCA-1,IDC_6,10
CCGTACCCAAGCGCCA-1,IDC_5,20
CCGTAGGAAATCCCTG-1,IDC_2,16
CCGTAGGGTTGTTTAC-1,IDC_2,16
CCGTATCTCGTCGTAG-1,Tumor_edge_2,5
CCGTATTAGCGCAGTT-1,Healthy_1,4
CCGTCAACCTCTGGCG-1,IDC_4,8
CCGTGAGGCATTCATG-1,DCIS/LCIS_1,17
CCGTGCCCATGACGGC-1,IDC_5,20
CCGTGGAACGATCCAA-1,Healthy_1,18
CCGTGTTAAATTCCAT-1,DCIS/LCIS_3,15
CCGTTACGTTAGAACA-1,Tumor_edge_1,3
CCGTTCCGAATCTCGG-1,Tumor_edge_6,15
CCTAAACAGGGTCCGT-1,DCIS/LCIS_5,6
CCTAAAGGCTGACGCT-1,Tumor_edge_1,3
CCTAAATTAACGGTTC-1,IDC_6,11
CCTAAATTGTATCCTA-1,Tumor_edge_5,3
CCTAACCCAAACAAGT-1,Tumor_edge_5,3
CCTAACTAAGGCTCTA-1,Healthy_1,18
CCTACAAGTCCGGAAT-1,Healthy_1,18
CCTACATTCACAGACG-1,Tumor_edge_2,3
CCTACGGCTCAGTCGA-1,IDC_5,20
CCTACTGCTTACACTT-1,IDC_6,10
CCTAGGCGTAGCGATC-1,IDC_1,5
CCTAGGTAAAGGTAGC-1,IDC_3,3
CCTAGTTAGTCGCATG-1,Tumor_edge_1,6
CCTATAATGAGTGCCC-1,DCIS/LCIS_4,2
CCTATATCGTGTCACG-1,IDC_4,8
CCTATATTTGTCCTGG-1,IDC_4,12
CCTATCTATATCGGAA-1,Tumor_edge_1,3
CCTATGAAGTGGTGCC-1,DCIS/LCIS_1,17
CCTATGGCTCCTAGTG-1,IDC_4,8
CCTATGGGTTACCGTC-1,IDC_7,10
CCTATGGTCAAAGCTG-1,IDC_2,16
CCTATGTCCACTCCAC-1,IDC_2,9
CCTCACCAATCTTGAC-1,IDC_5,20
CCTCACCTGAGGGAGC-1,Tumor_edge_3,18
CCTCACCTTAGCATCG-1,Healthy_1,18
CCTCATGCAGCTACGA-1,IDC_5,13
CCTCCCGACAATCCCT-1,DCIS/LCIS_5,6
CCTCCGACAATTCAAG-1,DCIS/LCIS_3,11
CCTCCTAGCTAGAGTC-1,IDC_4,8
CCTCCTGTTGTGTCGT-1,IDC_2,7
CCTCGAAGTGGACGGG-1,Tumor_edge_1,19
CCTCGACCCACTGCCT-1,DCIS/LCIS_5,6
CCTCGCCAGCAAATTA-1,Tumor_edge_1,3
CCTCGCGCGATATAGG-1,Healthy_1,18
CCTCGCGCTGTGCGAT-1,DCIS/LCIS_4,2
CCTCGGACCGGGATAG-1,IDC_1,5
CCTCGGTTTCCTTGCC-1,IDC_4,12
CCTCGTTACGCCTGTT-1,Healthy_1,18
CCTCTAATCTGCCAAG-1,IDC_7,10
CCTCTACAAGGATTGG-1,IDC_4,8
CCTCTATCGATTAGCA-1,Tumor_edge_2,3
CCTCTCTCCCATCTAG-1,DCIS/LCIS_3,11
CCTCTGGCCTAGACGG-1,Tumor_edge_1,19
CCTCTGTACTATTCTA-1,Healthy_2,2
CCTGAATATTTACATA-1,IDC_7,10
CCTGACCACCGATGGT-1,DCIS/LCIS_3,11
CCTGACGCAACCTTTA-1,Tumor_edge_1,14
CCTGAGAATAAATGCA-1,IDC_4,12
CCTGCGATAGAACTGT-1,IDC_5,13
CCTGCTATTTGAGAAG-1,IDC_6,10
CCTGGAAACGTTCTGC-1,DCIS/LCIS_1,17
CCTGGCTAGACCCGCC-1,Tumor_edge_6,10
CCTGGTCGAATGTGGG-1,DCIS/LCIS_4,2
CCTGTAAGACATGATA-1,DCIS/LCIS_3,15
CCTGTACTCACGCCCA-1,DCIS/LCIS_3,15
CCTGTCACCCGGGCTC-1,IDC_7,10
CCTGTCCCTCACGTTA-1,DCIS/LCIS_1,17
CCTGTCGCCCGTAAAT-1,IDC_6,11
CCTGTCGTGTATGAAG-1,IDC_4,8
CCTGTTCAACCTCGGG-1,IDC_4,12
CCTGTTTGAAGACACG-1,IDC_2,16
CCTTAAGTACGCAATT-1,Tumor_edge_6,9
CCTTCAGTTAAAGTGA-1,IDC_4,12
CCTTCCGCAACGCTGC-1,IDC_4,8
CCTTCGTATAGAATCC-1,IDC_4,12
CCTTCTCAGCGTTCCT-1,Tumor_edge_2,1
CCTTCTTGATCCAGTG-1,IDC_7,19
CCTTGACCACTTTATT-1,DCIS/LCIS_2,14
CCTTGTGAACGTGGTT-1,IDC_4,12
CCTTTCAATGAAGAAA-1,Healthy_1,18
CGAAACATAGATGGCA-1,DCIS/LCIS_5,6
CGAAACGCAATTCATG-1,DCIS/LCIS_3,15
CGAACAGTATGGGCGT-1,Tumor_edge_5,9
CGAACATAGTCAGAAA-1,Healthy_1,18
CGAACCCGCATGCGTC-1,DCIS/LCIS_3,1
CGAACCTCTTTCCTAG-1,IDC_4,8
CGAACGCCCAGTGCCG-1,Tumor_edge_1,19
CGAACGGCCGGACAAC-1,IDC_3,3
CGAAGATCAGTTTCAT-1,IDC_4,12
CGAAGCTATAAATTCA-1,Healthy_1,4
CGAAGGGTTTCAGATT-1,IDC_4,8
CGAAGTTGCTCTGTGT-1,DCIS/LCIS_3,11
CGAATCTGCTCGACGC-1,IDC_4,8
CGAATGAAGTCATTGC-1,IDC_4,8
CGAATGACGCATAATG-1,DCIS/LCIS_4,2
CGACAATTTGATCTAA-1,Tumor_edge_3,3
CGACACCGCTTAAGGA-1,Healthy_1,18
CGACACGCTCCGACAG-1,Tumor_edge_3,3
CGACAGTTCGCGTTAT-1,DCIS/LCIS_3,11
CGACATGCGATCTTCT-1,DCIS/LCIS_5,6
CGACCCTTAACGCCGG-1,IDC_3,3
CGACGCATCCGTACCT-1,IDC_3,3
CGACTCAGGATGTTAT-1,Healthy_1,3
CGACTCGGTACACGGT-1,Healthy_1,18
CGACTTTGTATAGCCT-1,DCIS/LCIS_1,17
CGAGACCCTAGAGTGT-1,DCIS/LCIS_3,11
CGAGACTACTGCTGCT-1,IDC_2,16
CGAGAGATGTGAACCT-1,IDC_7,10
CGAGAGCTTTCACTAC-1,IDC_2,9
CGAGAGGGTAGCCGCG-1,DCIS/LCIS_2,14
CGAGATTTCGCTCGGG-1,Tumor_edge_3,3
CGAGCACTTCAAGTTT-1,Tumor_edge_6,1
CGAGCGTTGATCAGCC-1,IDC_5,20
CGAGCTGGGCTTTAGG-1,Tumor_edge_6,19
CGAGGAGCTTCCATAT-1,Healthy_1,18
CGAGGATCGGGAACGA-1,Tumor_edge_3,3
CGAGGCCAGGCATTGG-1,IDC_5,13
CGAGGCTAAATATGGC-1,IDC_7,10
CGAGGGACTGCGGTCG-1,IDC_6,11
CGAGGGTATCCAGGTG-1,DCIS/LCIS_4,2
CGAGTACTAAAGAGGA-1,DCIS/LCIS_3,15
CGAGTGAAGGTACCAG-1,IDC_4,8
CGAGTGCTATAGTTCG-1,IDC_5,20
CGAGTTCTGTCCCACC-1,Tumor_edge_1,18
CGAGTTTATCGGACTG-1,IDC_1,5
CGATAATACTCAGGTT-1,Tumor_edge_3,3
CGATACCTCGCGGACA-1,DCIS/LCIS_3,11
CGATAGCGATACAGTG-1,IDC_4,8
CGATAGTCGTACTGCA-1,IDC_2,7
CGATATTAGCCGCAGG-1,IDC_5,13
CGATCATTAGAGGCAC-1,Healthy_1,18
CGATCCACCATTGTTG-1,IDC_4,12
CGATCCGACCCAGTGC-1,DCIS/LCIS_3,11
CGATCCTCGCAACATA-1,IDC_4,12
CGATCGAGAAGCACCA-1,IDC_4,12
CGATCTGTTGGAGGAC-1,Tumor_edge_2,1
CGATGGACCCTACGCC-1,Healthy_1,18
CGATGTTGTTATCTAC-1,IDC_4,8
CGATTAAATATCTCCT-1,DCIS/LCIS_4,2
CGATTCGCCTGGCTGC-1,DCIS/LCIS_4,2
CGCAAACACGAGTTAC-1,IDC_6,10
CGCAATTACTTTCGGT-1,IDC_5,1
CGCAATTAGGGTAATA-1,IDC_6,10
CGCAATTCTACAATAA-1,Tumor_edge_2,1
CGCACATGTCCACTAC-1,IDC_1,5
CGCACGTCTGTTTATG-1,IDC_4,12
CGCACGTGCGCTATCA-1,DCIS/LCIS_1,17
CGCAGAAACATTTGCG-1,Tumor_edge_1,19
CGCAGATCTTCACCCG-1,Healthy_1,18
CGCAGGCGATCCAAAC-1,Tumor_edge_5,9
CGCAGTTCTATCTTTC-1,IDC_2,16
CGCATCATGGCTTCAG-1,Tumor_edge_1,14
CGCATCCATCAGCCAG-1,Tumor_edge_3,3
CGCATGCCGAATGCGT-1,IDC_2,7
CGCATGGTGCGATGCT-1,IDC_6,11
CGCATTAGCTAATAGG-1,Tumor_edge_6,10
CGCCAAGAAGCCGAGT-1,Tumor_edge_2,1
CGCCACCCGCATTAAC-1,IDC_5,13
CGCCATCCGATTATGA-1,Tumor_edge_1,3
CGCCCAGCACGCCTAG-1,Tumor_edge_6,12
CGCCCAGCGTTTCACG-1,IDC_2,7
CGCCCGCTTCCGTACA-1,Tumor_edge_1,3
CGCCCTAATTGTTCAA-1,IDC_4,8
CGCCCTTGAAGGCTGA-1,Tumor_edge_2,1
CGCCGCCCATGCCTGT-1,IDC_1,5
CGCCGCGTTCTGAACG-1,IDC_4,12
CGCCGTTCAGCATAGT-1,Tumor_edge_4,9
CGCCTCCCTCCTCTAT-1,Healthy_2,1
CGCCTGGCCTACGTAA-1,DCIS/LCIS_3,15
CGCCTTTAGCATGCTC-1,Tumor_edge_3,3
CGCGAAGTGGCATACT-1,IDC_2,7
CGCGACCGCGACAGAT-1,DCIS/LCIS_4,2
CGCGAGAGGGACTTGT-1,Healthy_1,4
CGCGAGTCTGCCGGGT-1,IDC_3,3
CGCGCAAATGTCCAGA-1,IDC_4,8
CGCGCAAGGAACTACA-1,IDC_5,13
CGCGCCCGACTTAATA-1,Tumor_edge_1,19
CGCGGCAGTATTACGG-1,IDC_5,13
CGCGGCTCAACTTGAA-1,DCIS/LCIS_1,17
CGCGGGAATTAGGCAG-1,IDC_7,10
CGCGGGAATTCCTTTC-1,IDC_2,16
CGCGGTAAGTCTAGCT-1,Tumor_edge_3,3
CGCGGTACGGTATACA-1,Tumor_edge_6,14
CGCGGTCACAAACCAA-1,Healthy_1,4
CGCGTACATTCTGGAA-1,Healthy_1,18
CGCGTCATATTAAACC-1,DCIS/LCIS_5,6
CGCGTTCATGAAATAC-1,IDC_6,10
CGCTACGGGACATTTA-1,DCIS/LCIS_3,11
CGCTAGAGACCGCTGC-1,DCIS/LCIS_1,17
CGCTATACCGCCCACT-1,IDC_5,20
CGCTATTCAATGTATG-1,IDC_5,13
CGCTATTCTTAGGCTC-1,DCIS/LCIS_3,11
CGCTCGACATAATGAT-1,IDC_5,19
CGCTCTCCGTAGATTA-1,DCIS/LCIS_3,11
CGCTGGTGACTACCCT-1,Tumor_edge_3,3
CGCTGTGACGCCGCAC-1,IDC_6,10
CGCTGTGTGGATGTTG-1,IDC_4,12
CGCTTAGTATTGATAC-1,IDC_4,12
CGCTTATTCCCGGTCG-1,DCIS/LCIS_3,15
CGCTTCCACTGAAATC-1,IDC_5,19
CGCTTCGGTCTAAGAC-1,IDC_2,7
CGCTTGGACGGATAGA-1,Tumor_edge_4,3
CGCTTTCATACCGGTG-1,IDC_5,20
CGCTTTCCGCCAAGGT-1,Tumor_edge_6,16
CGCTTTCTTGCATTCG-1,IDC_7,18
CGGAAATTTCACATCC-1,Tumor_edge_1,14
CGGAACGTAAACATAG-1,DCIS/LCIS_3,15
CGGACCTTTACGTCCC-1,IDC_2,9
CGGAGCAATTTAATCG-1,Tumor_edge_6,2
CGGAGCATGGCGATCC-1,IDC_6,11
CGGAGCTTATAACACC-1,Tumor_edge_1,14
CGGAGTTTGAGAGACA-1,DCIS/LCIS_3,11
CGGATAAGCGGACATG-1,IDC_5,13
CGGATCCTCAAGGACT-1,DCIS/LCIS_4,2
CGGATGAATGCTGTGA-1,IDC_4,8
CGGCAAACATCGTGCG-1,Healthy_2,2
CGGCAATAAGATCGCC-1,Tumor_edge_4,3
CGGCACCGTTAGCGCC-1,Tumor_edge_1,14
CGGCACTCAAGAAAGT-1,IDC_5,13
CGGCAGGGTCGGGTTG-1,Healthy_1,18
CGGCCACGCACAAAGT-1,DCIS/LCIS_3,11
CGGCCAGAGCGACCAT-1,IDC_4,12
CGGCCCAACCTGTAGT-1,Tumor_edge_3,3
CGGCCCAGGTATATCC-1,DCIS/LCIS_1,17
CGGCGCCATCAATCCC-1,IDC_2,16
CGGCTCTAAAGCTGCA-1,Tumor_edge_3,3
CGGCTCTTCGTCGAAC-1,Tumor_edge_1,14
CGGCTGCAAGATTAAG-1,DCIS/LCIS_5,6
CGGCTTTGTATGATAA-1,Tumor_edge_1,19
CGGGAACGCCCTGCAT-1,IDC_4,8
CGGGAAGTACCGTGGC-1,IDC_4,8
CGGGAATATAGTATAC-1,Tumor_edge_3,3
CGGGAATTTATGTAAA-1,Healthy_2,1
CGGGAGCTTCAGTGTA-1,Tumor_edge_5,3
CGGGAGTATACCGCCG-1,IDC_5,13
CGGGATCAATGTAAGA-1,IDC_7,19
CGGGCAGCTAAACCGC-1,IDC_6,10
CGGGCCATAGCCGCAC-1,IDC_5,13
CGGGCCTTCTTTGTAA-1,DCIS/LCIS_3,11
CGGGCGATGGATCACG-1,IDC_2,7
CGGGTGTACCCATTTA-1,IDC_7,18
CGGGTTCGGCACGTAT-1,Healthy_1,18
CGGGTTTGTTAGGGCT-1,Tumor_edge_6,14
CGGTAGAGGTGCAGGT-1,Healthy_1,18
CGGTATAGGTATTAGC-1,Healthy_1,4
CGGTATGGGCACTCTG-1,IDC_4,12
CGGTCAAGTGGGAACC-1,IDC_7,10
CGGTCCATGAGACTCC-1,Healthy_1,4
CGGTCCGTCGCAAGCC-1,IDC_4,12
CGGTCTATCAACCCGT-1,Tumor_edge_1,3
CGGTGAAGACTAAAGT-1,DCIS/LCIS_3,15
CGGTGCAGATAGAACG-1,DCIS/LCIS_3,15
CGGTGCGCGTTGGTCC-1,Tumor_edge_6,1
CGGTGGGCTCCAGCCT-1,Healthy_1,4
CGGTGTACTTGATCCC-1,IDC_5,13
CGGTTATCCAACAGTG-1,Healthy_1,18
CGGTTCAAGTAGGTGT-1,Healthy_1,18
CGGTTCCGGCTTCTTG-1,IDC_5,13
CGGTTGACCTGGCATA-1,DCIS/LCIS_3,15
CGGTTGAGTATCCTTC-1,IDC_4,12
CGGTTGGGCAGGGTCC-1,Tumor_edge_6,9
CGGTTGGGTTCAAGTT-1,Healthy_1,18
CGGTTTATGAAGGAAC-1,Healthy_1,4
CGTAAACGCTTGAGTG-1,IDC_5,13
CGTAAAGCAAGAAATC-1,IDC_4,12
CGTAACTTCGACACTT-1,IDC_4,12
CGTACCGAAAGTCTAG-1,IDC_5,13
CGTACCTGATAGGCCT-1,IDC_7,19
CGTAGAGAGTAATTAT-1,IDC_2,9
CGTAGCGAATTGTCAG-1,Tumor_edge_1,19
CGTAGCGCCGACGTTG-1,Tumor_edge_1,19
CGTATTAAGAGATCTA-1,DCIS/LCIS_3,11
CGTCACGTCCATTGGT-1,DCIS/LCIS_3,15
CGTCAGTGCGCACAAG-1,IDC_5,20
CGTCAGTTTATCGTCT-1,DCIS/LCIS_5,6
CGTCATACCATATCCA-1,IDC_5,13
CGTCCTCATCGCGTGC-1,IDC_2,7
CGTCGCATGTGAGCCA-1,IDC_2,16
CGTCGCGGCGGGATTT-1,IDC_5,13
CGTCGCTTGGTTATAC-1,IDC_4,8
CGTCGGATAGTGTTGA-1,Tumor_edge_6,3
CGTCGGGTCTAAGCGC-1,Tumor_edge_6,5
CGTCGTCCTTCGCGAA-1,DCIS/LCIS_4,2
CGTCTGGAAGGGCCCG-1,IDC_5,19
CGTGAAGTTAATTCAC-1,DCIS/LCIS_3,11
CGTGACATTGGGTCGT-1,Tumor_edge_1,3
CGTGACCAGTCCTCTG-1,DCIS/LCIS_4,2
CGTGCACACCACTGTA-1,IDC_2,9
CGTGCAGACTGGGACA-1,IDC_6,11
CGTGCATTGTCGACGC-1,DCIS/LCIS_3,15
CGTGCCCGACATTTGT-1,DCIS/LCIS_5,6
CGTGCTGGCCTAGTCG-1,IDC_5,13
CGTGCTTCTACCTAAA-1,IDC_4,8
CGTGGAAGCCTCGTAC-1,Tumor_edge_3,3
CGTGGCCGAATATCTA-1,Tumor_edge_3,3
CGTGGTACCCAAAGGC-1,IDC_4,12
CGTGTATGGGAGCTGA-1,IDC_2,16
CGTGTCCCATTCGCGA-1,IDC_6,10
CGTGTCTCGTTACGAC-1,IDC_4,8
CGTGTGTTAAACCCTG-1,DCIS/LCIS_1,17
CGTTAAACTAGTTAGG-1,Tumor_edge_3,3
CGTTAAATACGACCAG-1,IDC_2,16
CGTTAATGTCCCGACG-1,IDC_2,16
CGTTAGCTCACAACTG-1,Tumor_edge_1,18
CGTTCAAGGAAACGGA-1,IDC_4,12
CGTTCAGACCCGCGAA-1,DCIS/LCIS_4,2
CGTTCATGGTGCGCGT-1,IDC_3,3
CGTTCTTCGCACACCT-1,Healthy_1,4
CGTTGAATACCGCGCT-1,DCIS/LCIS_4,2
CGTTGAGTAATTGCGT-1,Healthy_1,4
CGTTGCCCGCGTGGGA-1,IDC_4,12
CGTTGTAAGATTGATT-1,Tumor_edge_6,18
CGTTGTCGGCAATTGA-1,DCIS/LCIS_4,2
CGTTGTTTCAATTCCC-1,DCIS/LCIS_3,15
CGTTTAAGCGGAGCAC-1,IDC_5,20
CGTTTACAAGGCAGCT-1,Healthy_1,4
CGTTTCACTTCGGGCG-1,Healthy_1,18
CGTTTCGCTCATTACA-1,DCIS/LCIS_3,11
CGTTTCGGTTATATGC-1,IDC_2,16
CTAAAGAATGCCTACT-1,DCIS/LCIS_3,15
CTAAAGGGAAATAGGA-1,DCIS/LCIS_3,11
CTAAAGTCCGAAGCTA-1,IDC_5,13
CTAAATCCGGTGTACA-1,IDC_4,8
CTAAATCCTATTCCGG-1,Tumor_edge_1,18
CTAACCGCGCGCCCGT-1,DCIS/LCIS_3,15
CTAACGAAACTTGCTG-1,Healthy_1,18
CTAACTGATAATCGCC-1,Tumor_edge_4,9
CTAACTGGTCCGGTTC-1,Tumor_edge_2,1
CTAAGTACAGGGCTAC-1,Healthy_1,18
CTAATTATGAAGCGTA-1,Healthy_1,18
CTAATTCGCACGCGCT-1,DCIS/LCIS_3,11
CTAATTCTCAGATATT-1,Tumor_edge_3,18
CTAATTTCAACAACAC-1,IDC_5,13
CTACAAGAAATAACCC-1,IDC_4,12
CTACACTCGCAGATGG-1,Tumor_edge_4,9
CTACATATCGCGGGAC-1,IDC_4,8
CTACCCTAAGGTCATA-1,Healthy_1,18
CTACGAACTAGGTCGA-1,DCIS/LCIS_5,6
CTACGACTAGCTATAA-1,DCIS/LCIS_3,15
CTACGATCCTATCCTA-1,IDC_4,8
CTACGCACGGAGTACC-1,DCIS/LCIS_3,11
CTACGCCATTTCCGAT-1,Tumor_edge_1,3
CTACGTGTTGCCACCA-1,IDC_5,13
CTACTATCATAGGTTT-1,Tumor_edge_2,5
CTACTATCTTTCAGAG-1,Healthy_1,18
CTACTCAAGGTATAGT-1,IDC_4,12
CTACTCTAGGCCCGGC-1,DCIS/LCIS_3,11
CTACTGCCACCTGACC-1,IDC_7,10
CTAGACATATATGTAG-1,Healthy_1,18
CTAGACTGCATTTCGT-1,Healthy_1,18
CTAGATAAACTCCTCG-1,IDC_5,13
CTAGATGTGAGTGTAA-1,DCIS/LCIS_1,17
CTAGATTTACGACGGC-1,Healthy_2,1
CTAGCATAGTATAATG-1,IDC_6,10
CTAGCCACAGGCGAGC-1,DCIS/LCIS_2,14
CTAGCCGATGTTATGA-1,Healthy_1,18
CTAGGCGCCCTATCAG-1,IDC_2,9
CTAGGCGGCAGAGAAT-1,Tumor_edge_6,13
CTAGGGATAGGGACAA-1,IDC_4,12
CTAGGTCTGAAGGAAT-1,DCIS/LCIS_1,17
CTAGGTTCGGACGTGA-1,DCIS/LCIS_4,2
CTAGTAGAAAGGGATT-1,IDC_2,9
CTAGTATTCGGAATTA-1,Tumor_edge_1,3
CTAGTCACGTCTTAAG-1,IDC_6,11
CTAGTGAAGGACAGGA-1,DCIS/LCIS_3,11
CTAGTTACAACCCGGT-1,DCIS/LCIS_4,2
CTAGTTGGGCCCGGTA-1,IDC_7,10
CTATAAGAGCCAATCG-1,Healthy_1,18
CTATAGGCGTTGATGT-1,IDC_4,12
CTATATCCAGCCTGGC-1,IDC_4,12
CTATCACAACGCTGGA-1,IDC_4,9
CTATCGACGAAATACA-1,IDC_2,16
CTATCGCGTAGAGAAC-1,Tumor_edge_4,14
CTATCGGGTCTCAACA-1,IDC_6,10
CTATGCCCGAATGCAA-1,DCIS/LCIS_4,2
CTATGGGAAGCGGAAT-1,Tumor_edge_4,9
CTATGTCACTAGCCCA-1,Tumor_edge_6,10
CTATGTCTATTGAAAC-1,IDC_5,20
CTATGTGAGTCACGGC-1,Tumor_edge_2,1
CTATTCATGTGTCCCA-1,Healthy_2,2
CTATTGTGTTTGGTCA-1,Healthy_1,4
CTATTTGCTTGGAGGA-1,Tumor_edge_6,12
CTATTTGGTTACGGAT-1,IDC_6,3
CTCAAACCACTGCCCG-1,IDC_4,12
CTCAACTAACCCGGAT-1,IDC_2,9
CTCAAGACATTAGCGC-1,Healthy_1,4
CTCACACGCAAGCCTA-1,Healthy_1,4
CTCACATTTACTAAAT-1,DCIS/LCIS_4,2
CTCACCGATCCAAACT-1,Healthy_1,18
CTCACTGTGATACTTA-1,DCIS/LCIS_4,2
CTCACTTGGCTGGTAA-1,DCIS/LCIS_3,15
CTCAGAGCTAATGTCG-1,IDC_4,12
CTCAGGACTCACCTGT-1,IDC_5,13
CTCAGTCACGACAAAT-1,Healthy_1,18
CTCATAAATGTGTATA-1,IDC_2,16
CTCATGGCTCACAATC-1,Tumor_edge_6,19
CTCATGGTAATTTGCG-1,Tumor_edge_2,1
CTCATTGCTCTAACAA-1,DCIS/LCIS_4,2
CTCATTTGATGGGCGG-1,Tumor_edge_6,19
CTCCCAATGAGTCGCG-1,Tumor_edge_3,3
CTCCCTCCTTTCGATC-1,IDC_3,3
CTCCGCCCACATGAGG-1,DCIS/LCIS_3,15
CTCCGGCCTAATATGC-1,IDC_5,19
CTCCGGCTTGTAGACA-1,IDC_5,13
CTCCTAAGTTATGTCT-1,IDC_5,13
CTCCTCCAGCTCACAC-1,IDC_4,12
CTCCTGTTCAAGGCAG-1,Tumor_edge_5,3
CTCCTTTACGCAAGTC-1,Healthy_1,4
CTCGAATGGAACGTAT-1,Healthy_1,18
CTCGAGATCCAAAGCA-1,IDC_5,13
CTCGAGGTCGAACAGT-1,IDC_6,10
CTCGATATTTGCGAGC-1,Healthy_1,18
CTCGCACCTATATAGT-1,IDC_7,10
CTCGCATTGCATAGCC-1,IDC_4,8
CTCGCCGAATGTAGGG-1,DCIS/LCIS_4,2
CTCGCTAGGTAAGCGA-1,IDC_2,9
CTCGGGATAACACCTA-1,Tumor_edge_3,17
CTCGGGCATCGTCGGG-1,DCIS/LCIS_5,6
CTCGGGTTCTCTGGCC-1,IDC_4,8
CTCGGTACCACTGCTC-1,IDC_1,5
CTCGGTCCGTAGCCTG-1,IDC_5,2
CTCGGTTGTCGGCCCT-1,IDC_4,8
CTCGTCGAGGGCTCAT-1,IDC_4,8
CTCGTCTGTGCCTTCG-1,IDC_2,16
CTCGTTACGGCTACCA-1,IDC_4,12
CTCGTTTCTAATGTTT-1,Healthy_1,4
CTCTAATGCATTGATC-1,Healthy_1,18
CTCTACACTGGCGATT-1,Tumor_edge_2,1
CTCTACATCCTGCGTG-1,IDC_4,12
CTCTAGCCCTCGGAAA-1,IDC_2,7
CTCTATTTGGCTGCAG-1,Healthy_2,3
CTCTCACAATCGATGA-1,IDC_6,10
CTCTCGATGTGCGCCT-1,DCIS/LCIS_5,6
CTCTCTAACTGCCTAG-1,IDC_4,8
CTCTGCAGGCATTCTT-1,IDC_4,8
CTCTGCGAAGCAAGCA-1,IDC_5,20
CTCTGGACGCCTGGTG-1,IDC_6,10
CTCTGTTTGAGGATTC-1,Tumor_edge_1,19
CTCTTCTATTGACTGG-1,DCIS/LCIS_1,17
CTCTTCTGGAAGTTAG-1,IDC_4,12
CTCTTGTCCCGCTTGG-1,Healthy_2,2
CTGAAACGGCCCTCAG-1,Tumor_edge_6,18
CTGAAAGAGATCCGAC-1,IDC_7,19
CTGAATCCGAGACCTC-1,DCIS/LCIS_3,15
CTGAATTTATTGCCAG-1,Healthy_1,4
CTGACATAGAAATAGA-1,Tumor_edge_3,3
CTGACTGCGCAGCTCG-1,Tumor_edge_3,3
CTGAGAAAGTTCGGCG-1,Tumor_edge_3,3
CTGAGCAAGTAACAAG-1,IDC_5,13
CTGCAAATGGGCTCCA-1,DCIS/LCIS_5,6
CTGCAAGCACGTTCCG-1,Tumor_edge_4,14
CTGCACAACTACATAT-1,Healthy_2,3
CTGCACCTAGTCCACA-1,Tumor_edge_3,3
CTGCACCTGGAACCGC-1,IDC_5,20
CTGCACTCCAGTACAG-1,DCIS/LCIS_4,2
CTGCAGAGAATCAGAG-1,IDC_2,16
CTGCCAAGGTTGGAAG-1,Tumor_edge_1,3
CTGCCATGCATCACAT-1,DCIS/LCIS_3,11
CTGCCTAGCCACCAAG-1,DCIS/LCIS_5,6
CTGCCTCATATGCAAC-1,Tumor_edge_6,17
CTGCCTTTAATACCTT-1,IDC_4,8
CTGCCTTTCTAGTAAA-1,IDC_2,9
CTGCGACCTCGCCGAA-1,IDC_2,16
CTGCGATTTCGAGATT-1,IDC_4,12
CTGCGGGTGAAATGTT-1,DCIS/LCIS_3,11
CTGCGGTAGTCACGTG-1,Healthy_1,4
CTGCGTTACGATATAA-1,Tumor_edge_1,18
CTGCTCTGACGGCAAA-1,IDC_4,12
CTGCTGAGGCCACGAA-1,Tumor_edge_2,1
CTGCTGTCTAACGAGC-1,Tumor_edge_3,3
CTGCTTGGCGATAGCT-1,DCIS/LCIS_4,2
CTGCTTTATGTCCGCG-1,Healthy_1,4
CTGGAAATGGATGCTT-1,IDC_6,10
CTGGAAGACACGGTGG-1,Tumor_edge_5,9
CTGGACGCAGTCCGGC-1,IDC_3,3
CTGGCATCCGAATGAG-1,Tumor_edge_2,1
CTGGCGACATAAGTCC-1,Tumor_edge_1,3
CTGGCGATTTACATGT-1,IDC_2,7
CTGGCGCACAGGTCTG-1,IDC_1,5
CTGGCGGGAATAAGTA-1,IDC_5,13
CTGGCTCCTGCGGGAT-1,IDC_5,13
CTGGCTGATTCATCCT-1,Tumor_edge_3,3
CTGGCTGCTAACGTAA-1,IDC_5,13
CTGGGATACGCTACCC-1,DCIS/LCIS_1,17
CTGGGATCGCCCAGAT-1,DCIS/LCIS_5,6
CTGGGCCTGCTATATC-1,DCIS/LCIS_3,15
CTGGGCTACTGGAGAG-1,IDC_2,9
CTGGGCTATCCTTTGG-1,Healthy_1,18
CTGGGTTGAGTTAAAG-1,IDC_3,3
CTGGTAAAGACTTACA-1,IDC_2,7
CTGGTAAAGTGTGGGC-1,DCIS/LCIS_2,14
CTGGTAACACATAGAA-1,IDC_1,5
CTGGTAACGAGCTCTT-1,Healthy_1,18
CTGGTCATTCCAATCC-1,Tumor_edge_2,1
CTGGTCCTAACTTGGC-1,DCIS/LCIS_5,6
CTGGTGAATGGGCCTA-1,IDC_4,8
CTGGTTCAACGCATCA-1,IDC_5,20
CTGGTTTCGAGCAAGA-1,Tumor_edge_5,5
CTGTACTTCTTAGCAT-1,DCIS/LCIS_3,11
CTGTAGTGAGGATCGA-1,IDC_4,12
CTGTATGGTGTAGAAA-1,IDC_5,3
CTGTCAAATGGCTCGG-1,Tumor_edge_1,3
CTGTCACGCCAGGCGC-1,Healthy_1,18
CTGTGCAGGGTAGGTC-1,IDC_6,11
CTGTGGTCGGGAGATA-1,IDC_2,16
CTGTTACCCAATCTAG-1,Healthy_2,11
CTGTTCACTGCCTGTG-1,IDC_5,19
CTGTTCATCTCACGGG-1,IDC_5,3
CTGTTGTTCAGTCGTA-1,IDC_4,8
CTTAACTTACAGTATA-1,IDC_2,7
CTTAACTTCGAAGTAC-1,Tumor_edge_1,19
CTTACACGGTATTCCA-1,DCIS/LCIS_3,11
CTTACACTGGGAAATA-1,IDC_5,20
CTTACATAGATTTCTT-1,IDC_4,9
CTTAGATGTTTCATCC-1,IDC_4,12
CTTAGCCTTCCACATG-1,Tumor_edge_1,3
CTTAGGTATAGACCAG-1,IDC_4,8
CTTAGTAGGCCTACAG-1,Tumor_edge_3,3
CTTAGTGTAGTAGCAT-1,Tumor_edge_6,2
CTTAGTTGAGGAATCG-1,IDC_4,12
CTTATGCGCTCAGGGC-1,Tumor_edge_2,1
CTTATGTTGACTACCA-1,IDC_5,13
CTTCAACTCCACTTGG-1,DCIS/LCIS_4,2
CTTCACGCCCTGGTAC-1,IDC_4,8
CTTCAGTGGTCGCCTA-1,Tumor_edge_6,3
CTTCAGTTGGACAACG-1,IDC_2,9
CTTCATAGCTCAAGAA-1,IDC_5,19
CTTCATTGTCAGTGGA-1,DCIS/LCIS_3,11
CTTCGATTGCGCAAGC-1,IDC_2,9
CTTCGGCCAATTGTTT-1,Tumor_edge_3,3
CTTCGTAGATAGGTGA-1,DCIS/LCIS_3,11
CTTCTATGTTGAAGTA-1,Tumor_edge_2,1
CTTCTGGGCGTACCTA-1,IDC_4,12
CTTCTTACGTCGTATA-1,IDC_5,19
CTTGACCCGAAAGATA-1,Tumor_edge_1,19
CTTGAGGTTATCCCGA-1,IDC_5,13
CTTGAGTTAGGGTAAT-1,IDC_1,5
CTTGATGACCATCCAG-1,IDC_2,7
CTTGCAACCGCCTCCT-1,Tumor_edge_2,15
CTTGCCCACCCACGCA-1,IDC_2,7
CTTGCCCAGGCTCTAC-1,DCIS/LCIS_3,11
CTTGGCCAAGCTGGGA-1,DCIS/LCIS_4,2
CTTGTACTTGTTGACT-1,IDC_5,19
CTTGTCAACATTCGAG-1,Healthy_2,2
CTTGTGAGTCTTTGAC-1,IDC_5,20
CTTGTGCTCACCGATT-1,Healthy_1,18
CTTGTTGCTGAGTCAA-1,IDC_6,3
CTTGTTTATGTAGCCA-1,IDC_5,13
CTTTAACTTTCAAAGG-1,IDC_7,10
CTTTAATATTGGTCGA-1,Healthy_2,3
CTTTACCGAATAGTAG-1,Tumor_edge_5,9
CTTTAGTGCTATTATT-1,Healthy_2,11
CTTTCTGTGCGGGCTT-1,DCIS/LCIS_4,2
CTTTGCATCGCTCTTG-1,IDC_2,16
CTTTGGCAGACAGAGT-1,Healthy_1,18
CTTTGGCGCTTTATAC-1,Tumor_edge_2,1
CTTTGGCTTTAGTAAA-1,DCIS/LCIS_3,11
CTTTGGGATTGTTGCA-1,IDC_4,12
GAAACAGATGACCACC-1,IDC_1,5
GAAACAGCCATGCAGT-1,IDC_5,19
GAAACATAGGAAACAG-1,IDC_4,8
GAAACCATGGTGCGCT-1,Tumor_edge_3,18
GAAACCGAATTACCTT-1,DCIS/LCIS_3,15
GAAACCTATACAAATG-1,IDC_4,12
GAAACTCGTGCGATGC-1,DCIS/LCIS_3,11
GAAACTCTAATGAAGG-1,Tumor_edge_1,6
GAAAGAACAGCGTTAT-1,DCIS/LCIS_1,17
GAAAGCAGTGCACTTT-1,Healthy_2,3
GAAAGCCCTTTGGACC-1,DCIS/LCIS_3,15
GAAAGTGACTAACTGC-1,Tumor_edge_6,1
GAAATACCTGCTGGCT-1,Tumor_edge_1,14
GAAATACTAAACGTTT-1,IDC_5,13
GAAATATCACCATCAG-1,DCIS/LCIS_3,15
GAAATATGCTTGAATG-1,Healthy_1,4
GAAATCGCGCGCAACT-1,IDC_7,19
GAAATGGCGGTGTTAG-1,IDC_6,10
GAAATGGGATGTAAAC-1,IDC_5,13
GAAATTAGCACGGATA-1,Healthy_1,4
GAAATTCACATCGCTG-1,IDC_5,20
GAAATTGTCTCTATAA-1,DCIS/LCIS_3,11
GAACAACTGGGATGAA-1,IDC_2,9
GAACACACATCAACCA-1,IDC_5,19
GAACAGATTACTAAAT-1,DCIS/LCIS_4,2
GAACATTAGTATGTTA-1,Healthy_1,18
GAACCATCTGGGAGAC-1,DCIS/LCIS_5,19
GAACCCTCTGTGTTCT-1,DCIS/LCIS_4,2
GAACCTTTAACGATCC-1,IDC_2,9
GAACGACCGAATGATA-1,IDC_5,19
GAACGATAAGTTAAAG-1,Healthy_1,3
GAACGCGGGTCACACG-1,Tumor_edge_3,3
GAACGGTGTAAAGCAG-1,Healthy_1,18
GAACGTCTCATGGTCG-1,IDC_7,18
GAACTGTGGAGAGACA-1,IDC_2,9
GAACTTAGCGCCCGGT-1,Tumor_edge_6,18
GAAGAAACGATATTGT-1,IDC_4,8
GAAGAACGGTGCAGGT-1,IDC_5,20
GAAGACTTCAATGCCG-1,DCIS/LCIS_5,6
GAAGCCACTGATTATG-1,IDC_2,9
GAAGCCTGCACATTCC-1,DCIS/LCIS_4,2
GAAGCGTGAGGAATTT-1,IDC_6,10
GAAGCTCGGACCCGTC-1,Tumor_edge_6,5
GAAGCTTGCTGACCGC-1,DCIS/LCIS_3,11
GAAGGAGTCGAGTGCG-1,Tumor_edge_6,2
GAAGGCTACCATTGTT-1,Healthy_1,18
GAAGGGCATAACCATG-1,Tumor_edge_6,13
GAAGGGTCATTAAGAC-1,IDC_2,16
GAAGTCTCCCTAGCGA-1,IDC_1,5
GAAGTGATTTATCGTG-1,DCIS/LCIS_3,11
GAAGTGCTGGATAGCT-1,IDC_5,19
GAAGTTTCCACTCAAT-1,DCIS/LCIS_3,11
GAATAGACGCGACCCA-1,IDC_1,5
GAATAGCATTTAGGGT-1,Tumor_edge_3,3
GAATAGCCCTGCGGTC-1,Healthy_1,4
GAATAGTGCTCGATTA-1,IDC_4,8
GAATATTCGGAGTCCC-1,Tumor_edge_1,3
GAATCGACATGGTCAC-1,IDC_6,10
GAATCGCCGGACACGG-1,IDC_5,20
GAATCTGAACATTCTC-1,IDC_6,11
GAATGAAGGTCTTCAG-1,Healthy_1,4
GAATGCCGAAATGACC-1,IDC_5,13
GAATGCGAATCGGTTC-1,DCIS/LCIS_4,2
GAATGTATGGCAGGTC-1,Tumor_edge_1,18
GAATGTTGGGTAATCT-1,IDC_7,10
GAATTATAGTGAAAGG-1,IDC_6,10
GAATTCACCCGGGTGT-1,DCIS/LCIS_3,11
GAATTTCTCGCTGCAG-1,DCIS/LCIS_3,11
GACAAACATATGCAGG-1,DCIS/LCIS_1,17
GACAACGACCATTGAA-1,IDC_7,10
GACAACGCAGCTTACG-1,IDC_5,19
GACAAGAGATGAGATT-1,Tumor_edge_4,3
GACACAAGGGAAGAAA-1,IDC_7,10
GACACAGCCGGGACTG-1,IDC_2,16
GACACGAGTTAGAGGA-1,IDC_5,13
GACACTGAGTTCAGTG-1,DCIS/LCIS_3,15
GACACTGGAACCCGAT-1,Tumor_edge_5,3
GACACTTCCAATTACC-1,IDC_2,7
GACAGGCACACACTAT-1,DCIS/LCIS_3,15
GACAGGTAATCCGTGT-1,IDC_2,16
GACATCCGTCGAACTG-1,IDC_2,9
GACATTTCGCCCAGCC-1,IDC_4,8
GACCAAACGTTGACTG-1,DCIS/LCIS_2,14
GACCACACTTCCCTTT-1,IDC_2,16
GACCAGAGCCCTGTAG-1,DCIS/LCIS_3,11
GACCAGGTCATTCATA-1,DCIS/LCIS_5,6
GACCCAATTATGATAC-1,IDC_4,3
GACCCGTCGCCGGCTA-1,Tumor_edge_1,19
GACCGACGTGAAAGCA-1,DCIS/LCIS_1,17
GACCGACTGAAGCGTC-1,DCIS/LCIS_3,15
GACCGATTAAATATGT-1,IDC_4,8
GACCGCGTCTGACGTG-1,Tumor_edge_3,3
GACCGTCAGGTCGTGA-1,Tumor_edge_1,3
GACCGTGCTGACGGTG-1,DCIS/LCIS_3,11
GACCTTCCACGTCTAC-1,IDC_2,16
GACGACGATCCGCGTT-1,DCIS/LCIS_4,3
GACGAGGCTAATAAAC-1,IDC_2,16
GACGATATCACTGGGT-1,IDC_4,12
GACGCCTGTTGCAGGG-1,IDC_5,13
GACGCTTGCTTCTAAA-1,DCIS/LCIS_3,15
GACGGACCGCGTTCCT-1,DCIS/LCIS_5,6
GACGGGCATCGAATTT-1,IDC_2,9
GACGGGTTGGCCCGTA-1,IDC_4,12
GACGGTCAATAGAAGC-1,Tumor_edge_3,18
GACGTGAGACTCCATG-1,IDC_5,13
GACGTGTAGGGATTAT-1,DCIS/LCIS_3,11
GACGTTCGTAAATACA-1,Healthy_1,18
GACTAACACAGCACCT-1,Tumor_edge_6,3
GACTAAGATCATGCAC-1,IDC_5,19
GACTAAGTAGGCTCAC-1,IDC_6,10
GACTACAAAGCGGTGG-1,IDC_3,3
GACTACAATTGCTCGT-1,DCIS/LCIS_5,14
GACTAGGCCGTTAGGT-1,IDC_2,16
GACTCACCCACGTGAG-1,DCIS/LCIS_1,17
GACTCCCAGAATAAGG-1,Tumor_edge_3,18
GACTCCTTCCAATTGA-1,IDC_4,5
GACTCGCGGGAATGAC-1,Healthy_1,18
GACTCGGTCGGCGGAT-1,Healthy_1,4
GACTCTAGAGTTCCAA-1,IDC_4,12
GACTGATTGGTCACAA-1,Healthy_1,18
GACTGCAAATCGAGCT-1,DCIS/LCIS_4,2
GACTGCGGCACGTGTA-1,Tumor_edge_2,1
GACTGCTGGTGAGAAA-1,IDC_4,12
GACTGGGCGCCGCAAC-1,Healthy_1,18
GACTTCAACGCATCAA-1,Tumor_edge_6,9
GAGAACGGTTCTGACT-1,IDC_2,7
GAGACCCTGCAACGCC-1,Healthy_1,4
GAGACTGATGGGTAGA-1,IDC_6,10
GAGAGGCCTATGTGTA-1,Tumor_edge_6,16
GAGAGGGCGCGAGGTT-1,DCIS/LCIS_3,15
GAGAGGTGCATTCTGG-1,DCIS/LCIS_3,15
GAGAGTCTCGGGAGAG-1,IDC_4,12
GAGATCTGCTTGGCAT-1,DCIS/LCIS_3,11
GAGATCTGTCACTCCG-1,IDC_7,10
GAGATGACAATCCTTA-1,Healthy_1,3
GAGATGGCTTTAATCA-1,IDC_2,16
GAGATGGGAGTCGACA-1,DCIS/LCIS_4,3
GAGCACCTGTGTCCAG-1,DCIS/LCIS_4,2
GAGCATCAACAACTTG-1,IDC_4,12
GAGCATCATCCCTGGG-1,IDC_5,20
GAGCCACGGTAGTAGG-1,IDC_5,20
GAGCCAGCTACCTGTG-1,IDC_2,16
GAGCCGAGCGTTTATT-1,Healthy_1,4
GAGCGAGGGAGTACCG-1,IDC_5,20
GAGCGCAAATACTCCG-1,Tumor_edge_5,3
GAGCGCGCACGAGTAG-1,Tumor_edge_5,3
GAGCGCTGTTAGGTAA-1,IDC_4,8
GAGCGGAATGCGGTGT-1,IDC_4,12
GAGCTAAGGGCATATC-1,IDC_7,18
GAGCTCAACATGAGCG-1,IDC_4,12
GAGCTCTCGGACCTAA-1,IDC_5,20
GAGCTGTCGTCTCGGA-1,Healthy_1,4
GAGGAATATCTCTTTG-1,IDC_4,12
GAGGAATGGAGAGGTT-1,Tumor_edge_2,11
GAGGATAAACAGTGCT-1,DCIS/LCIS_1,17
GAGGCATTTGCAGCAG-1,Healthy_1,4
GAGGCCCGACTCCGCA-1,IDC_4,8
GAGGCCTGTTGATACA-1,IDC_2,16
GAGGCTATCAAAGTCG-1,DCIS/LCIS_3,15
GAGGGAGTCAGATCGC-1,IDC_4,12
GAGGGCATCGCGTATC-1,IDC_5,20
GAGGGCCATAATATTA-1,Tumor_edge_6,4
GAGGGCGCAGCTCTGC-1,Healthy_1,18
GAGGGTAGTAACAAAG-1,IDC_4,8
GAGGTACATCCATCTT-1,Tumor_edge_1,19
GAGGTACGCGTGTCCC-1,IDC_2,9
GAGGTCCCAAAGATCT-1,IDC_5,13
GAGTAAACCGGAAAGT-1,Tumor_edge_3,3
GAGTAAGGCCACGGGA-1,IDC_3,3
GAGTACGGGTATACAA-1,IDC_5,20
GAGTAGATACTAGTTG-1,DCIS/LCIS_4,2
GAGTATGCGCGTGCAT-1,DCIS/LCIS_4,2
GAGTCCGCTTACCGGA-1,DCIS/LCIS_3,11
GAGTGTCAACCAGAAA-1,IDC_2,9
GAGTGTGCGGTACCCA-1,IDC_1,5
GAGTTGATGGCAATTT-1,IDC_3,3
GAGTTGTCACCAGTCT-1,IDC_4,8
GATAAATCGGTGGATG-1,IDC_5,20
GATAACTCGCACTGTG-1,IDC_1,5
GATAAGGCAGATGCAA-1,IDC_5,13
GATACGATGGGAGTCA-1,DCIS/LCIS_3,15
GATAGAACCCGCTAGG-1,IDC_4,12
GATAGATAGTACAGTC-1,IDC_2,9
GATAGGTAACGTTGAC-1,Healthy_2,1
GATAGTGCGAGTAAGT-1,IDC_4,12
GATATCTCATGCAATA-1,IDC_5,20
GATATGAGACACTAAC-1,Tumor_edge_6,5
GATATGCGGTAGCCAA-1,Tumor_edge_1,18
GATATGGATTACGCGG-1,Tumor_edge_2,1
GATATTGAGATTGGCG-1,Tumor_edge_3,17
GATATTTCCTACATGG-1,Tumor_edge_1,18
GATCAACATAAAGGGA-1,IDC_4,8
GATCATTCCAAACATT-1,IDC_6,10
GATCCCTTTATACTGC-1,Tumor_edge_6,10
GATCCGGGAATTAACA-1,IDC_6,11
GATCCTAAATCGGGAC-1,Healthy_1,18
GATCCTCGACACTGGC-1,Tumor_edge_2,1
GATCCTCTTGCGCTTA-1,Tumor_edge_1,14
GATCGACACTATCTGA-1,IDC_6,10
GATCGCGGGCTCTCCA-1,DCIS/LCIS_3,11
GATCGCTACCCGATTT-1,Tumor_edge_5,3
GATCGCTATATCTCAG-1,IDC_4,8
GATCGCTGTGGTGCGT-1,IDC_4,8
GATCGGATAGAACCAT-1,Tumor_edge_2,1
GATCGGCGATAAGTCG-1,IDC_5,13
GATCGGTGGCCATAAC-1,IDC_7,10
GATCGTGACTGATATC-1,IDC_6,11
GATCTCGACGCTGTGG-1,Tumor_edge_3,3
GATCTGCTATCTAAGG-1,DCIS/LCIS_4,2
GATCTTGGAGGGCATA-1,Healthy_2,1
GATCTTTGCAGGGTAT-1,DCIS/LCIS_3,15
GATCTTTGCTCAAAGA-1,Healthy_1,18
GATGACAAGTAGGGCA-1,IDC_4,8
GATGACGATGATCGCG-1,Healthy_1,4
GATGAGGAACCTTCGG-1,IDC_2,9
GATGCCAGCAGAAGGC-1,Tumor_edge_2,1
GATGCCTTCTGCGGCA-1,IDC_4,8
GATGCGTCCTGCATTC-1,DCIS/LCIS_3,11
GATGCTACAAGCGCCT-1,IDC_5,19
GATGCTACCTTCGATG-1,IDC_4,12
GATGCTGTATTTCATC-1,Tumor_edge_6,1
GATGGCGCACACATTA-1,IDC_5,13
GATGGTGAAATAACCC-1,Healthy_1,18
GATGGTGCCCTAGGCA-1,DCIS/LCIS_5,6
GATGTAACGAACCACC-1,IDC_3,3
GATGTCCGGATCACAT-1,IDC_5,13
GATGTCGGTCAACTGC-1,DCIS/LCIS_5,6
GATGTGTTGTCACAAG-1,DCIS/LCIS_5,6
GATGTTCAATCCACGA-1,DCIS/LCIS_3,11
GATGTTTGTGCGAGAT-1,IDC_5,13
GATTAACCGAAAGCCC-1,IDC_2,16
GATTAATCCTGGCTCA-1,IDC_5,13
GATTACTGAATTTGGG-1,DCIS/LCIS_3,15
GATTCCCTTGTCGCAG-1,IDC_7,10
GATTCCGCGTTTCCGT-1,Tumor_edge_1,19
GATTCCTATACGGCGC-1,Tumor_edge_2,1
GATTCGACGGTTCACG-1,IDC_6,11
GATTCTGTTAATGAGT-1,IDC_4,12
GATTGACACTCTGCTC-1,DCIS/LCIS_5,6
GATTGCTCCAGTTGCA-1,IDC_4,8
GATTGGGAAAGGTTGT-1,IDC_2,9
GCAAACCCTACATTAT-1,Healthy_2,3
GCAAACCTTGGCCATA-1,DCIS/LCIS_4,2
GCAAACGTCGCCAGGT-1,Tumor_edge_3,3
GCAAAGGGCGTTAGCC-1,IDC_4,8
GCAAATATTACGCTTT-1,DCIS/LCIS_3,15
GCAACACACTAGAACT-1,Tumor_edge_6,3
GCAACAGCAGTATGCG-1,Tumor_edge_3,3
GCAACCACCAGACCGG-1,Healthy_1,4
GCAACCACGGCCGCGT-1,DCIS/LCIS_3,15
GCAACGGCTAGTTATG-1,DCIS/LCIS_1,17
GCAAGAATTCCTTGGC-1,DCIS/LCIS_3,15
GCAAGATGTGTTCGCG-1,Healthy_1,4
GCAAGTGCACAGAGAA-1,IDC_6,19
GCAAGTGTAAAGCATG-1,IDC_4,12
GCAATTAGTCGCACCG-1,Tumor_edge_3,17
GCACAAACCCTAGATG-1,IDC_4,8
GCACAAACGAGGCGTG-1,Tumor_edge_3,3
GCACAACCTCGGGCGT-1,IDC_4,8
GCACAAGTGTCGGAAG-1,DCIS/LCIS_5,19
GCACACACTGGTAGCC-1,IDC_2,16
GCACACAGCTATTACC-1,Tumor_edge_6,9
GCACAGCACGGGCCGA-1,IDC_4,12
GCACCTAGGCGAGTCC-1,IDC_2,16
GCACGCCGATTCCCGC-1,IDC_2,16
GCACGTGGTTTACTTA-1,IDC_2,7
GCACTAGTCGCGCTAT-1,IDC_5,20
GCACTGCCTACCTTTA-1,IDC_2,9
GCACTGTGCAAATGTA-1,IDC_5,13
GCAGAAACGTAATCCA-1,Healthy_1,18
GCAGACCCAGCACGTA-1,DCIS/LCIS_1,17
GCAGATCCATAAGACT-1,Tumor_edge_6,9
GCAGATTAGGGATATC-1,DCIS/LCIS_3,11
GCAGCACACAGCCCAG-1,DCIS/LCIS_3,15
GCAGCCTATATCACAT-1,DCIS/LCIS_1,17
GCAGCGGTGGGCATTA-1,IDC_5,13
GCAGCTATGGACAGGT-1,Healthy_1,4
GCAGCTGTCAACGCAT-1,IDC_2,9
GCAGGAACTTAGATCT-1,IDC_3,3
GCAGGACTATAGAATA-1,DCIS/LCIS_3,15
GCAGGTAGAGTATGGT-1,Healthy_1,18
GCAGTGTGGCTATAGG-1,DCIS/LCIS_4,2
GCAGTTCGATCCGAGC-1,Tumor_edge_4,3
GCATACGAGGTCTTTA-1,Tumor_edge_2,1
GCATAGAGCACTCAGG-1,DCIS/LCIS_3,11
GCATCCCTAACTTTGA-1,IDC_5,20
GCATCGGCCGTGTAGG-1,Tumor_edge_3,3
GCATGAGGGACGCGGC-1,Healthy_1,18
GCATGCTAATAACGAT-1,IDC_2,7
GCATTCAAGGCAACGC-1,Tumor_edge_3,18
GCATTCGAAATGAACA-1,Tumor_edge_2,1
GCATTGTAATTCATAT-1,Tumor_edge_2,1
GCATTTCCAAGGCTCC-1,DCIS/LCIS_1,17
GCCAACCATTTCCGGA-1,Tumor_edge_6,18
GCCAAGAATACTTCTG-1,Tumor_edge_2,3
GCCAATAGGGCATCTC-1,Healthy_1,18
GCCACAATTTAAGGAC-1,DCIS/LCIS_3,15
GCCACTCAGAGCGCGA-1,IDC_2,16
GCCACTCCTTACGGTA-1,Tumor_edge_5,3
GCCAGGAAAGAACACT-1,IDC_4,12
GCCAGGAGTAACCGAT-1,Tumor_edge_1,3
GCCAGGCGTTCGCATG-1,Tumor_edge_1,14
GCCATATTGCACACAG-1,Tumor_edge_6,18
GCCATCGATGCTGCAT-1,DCIS/LCIS_1,17
GCCATTAGCCTCAAAC-1,IDC_3,3
GCCCACCAAGGCTGTC-1,IDC_5,20
GCCCAGATGCTGGAGA-1,DCIS/LCIS_1,17
GCCCAGTTGGTATGCC-1,IDC_5,3
GCCCGACTTCTTCCCG-1,Tumor_edge_2,1
GCCCGAGAGTCTAAAT-1,IDC_4,8
GCCCGATCTGTGGTCG-1,Tumor_edge_6,2
GCCCGCGCGTAAACGG-1,Tumor_edge_6,1
GCCCGCGCGTTTGACA-1,IDC_5,19
GCCCGTAATACCTTCT-1,IDC_7,10
GCCCTAGCCGTCGCGA-1,IDC_3,3
GCCCTGAGGATGGGCT-1,IDC_2,7
GCCGAAATTCCTACGT-1,DCIS/LCIS_3,11
GCCGACCCACGACTGC-1,IDC_4,8
GCCGATTGGCCAAGCT-1,DCIS/LCIS_3,11
GCCGCTTGTGAGAAAC-1,DCIS/LCIS_3,15
GCCGGAAACACATCTT-1,DCIS/LCIS_5,19
GCCGGGTTAGGGTCGC-1,DCIS/LCIS_3,11
GCCGGTCGTATCTCTC-1,IDC_4,12
GCCGTCGGTTTCGGGC-1,IDC_4,12
GCCGTGGAAGAAATGT-1,DCIS/LCIS_1,17
GCCTACGTTCTGTGCA-1,IDC_2,9
GCCTAGCGATCTGACC-1,IDC_5,19
GCCTATAGTGTCAGGG-1,Healthy_1,18
GCCTATGCTGGGCCTT-1,Healthy_1,4
GCCTATTCCGATATAG-1,IDC_5,1
GCCTATTTGCTACACA-1,IDC_5,20
GCCTCATCTGGAAATA-1,Tumor_edge_3,3
GCCTCCGACAATTCAC-1,IDC_2,16
GCCTCTATACATAGCA-1,DCIS/LCIS_4,2
GCCTGCTACACTGAGA-1,Healthy_1,18
GCCTGTCCCGGTGCAT-1,IDC_4,12
GCCTTCAGCCCTACCG-1,IDC_5,19
GCCTTGTATATGCAGT-1,IDC_5,13
GCCTTTGTCAGTGGAC-1,IDC_4,8
GCGAAACGATCGGGAG-1,IDC_2,16
GCGAAGAATCTGACGG-1,IDC_2,9
GCGAAGCCATACCCGT-1,IDC_6,10
GCGAATGGACTAGCGA-1,IDC_4,12
GCGACATGTAAACATC-1,DCIS/LCIS_1,17
GCGACCCAACCATCTG-1,IDC_4,8
GCGACGATAGTTGTAC-1,DCIS/LCIS_3,11
GCGACGGTAGTCTCCT-1,IDC_4,12
GCGAGAAACGGGAGTT-1,IDC_5,13
GCGAGAGGCCATGTAA-1,Healthy_1,4
GCGAGAGTTGCGTCCA-1,DCIS/LCIS_1,17
GCGAGCGCATGCTCCC-1,DCIS/LCIS_1,17
GCGAGGCCCGAGCAGA-1,DCIS/LCIS_3,11
GCGAGTTCTGCAAAGA-1,IDC_6,10
GCGATTCTGGAAGCAG-1,DCIS/LCIS_5,6
GCGATTGTTAACGTTA-1,IDC_6,11
GCGCAAATATATTCAA-1,IDC_4,8
GCGCAAGAGCGCGCTG-1,DCIS/LCIS_1,17
GCGCATCCAGTCAGCA-1,Healthy_1,18
GCGCCGTTCCACGATA-1,IDC_6,11
GCGCCTCCCACTCCGA-1,Tumor_edge_3,3
GCGCGGTCTAGTAACT-1,Tumor_edge_6,12
GCGCGTCATTGGTACA-1,DCIS/LCIS_4,2
GCGCTAATTGAATAGA-1,IDC_6,10
GCGCTATGCCGAGGCA-1,DCIS/LCIS_3,15
GCGCTGATCCAGACTC-1,Tumor_edge_1,3
GCGCTGCTTTGCATTT-1,Healthy_1,18
GCGCTTAAATAATTGG-1,IDC_2,16
GCGGAGAAACTTCGCA-1,IDC_4,8
GCGGATTACTTGTTCT-1,IDC_2,7
GCGGCAAAGTATTGCC-1,IDC_4,8
GCGGCTCTGACGTACC-1,DCIS/LCIS_3,15
GCGGCTTTAGCAAGTT-1,IDC_2,16
GCGGGAACCAGGCCCT-1,IDC_5,19
GCGGGCAGACGGGTGA-1,IDC_4,12
GCGGGCATTACGATGC-1,Tumor_edge_3,17
GCGGTAACCCAAATGA-1,IDC_5,13
GCGGTCCCGGTGAAGG-1,Healthy_1,4
GCGGTCCCTAGACGCA-1,IDC_5,20
GCGGTCTTGCTTTCAC-1,IDC_2,16
GCGGTGAACTGCGCTC-1,Healthy_1,18
GCGGTTCCCTATCATG-1,DCIS/LCIS_3,15
GCGTAAATGGCCATAA-1,DCIS/LCIS_1,17
GCGTCCCTAAGACATA-1,IDC_4,12
GCGTCGAAATGTCGGT-1,IDC_5,19
GCGTCGCCAGGGTGAT-1,DCIS/LCIS_4,2
GCGTCGTAACATGGTC-1,IDC_4,9
GCGTCTCTGCATTGGG-1,DCIS/LCIS_3,15
GCGTGGTACTGGGTTA-1,Tumor_edge_6,3
GCGTGTATGTCGTATT-1,DCIS/LCIS_5,6
GCGTTCGGAGACCGGG-1,Healthy_1,4
GCTAAACCTGAGGTGA-1,Tumor_edge_6,1
GCTAACTGAAGTCTGA-1,IDC_2,16
GCTAAGCCCAGTATGC-1,IDC_2,16
GCTAAGTAAAGGCGAT-1,Tumor_edge_2,1
GCTAAGTAGTTTCTCT-1,IDC_6,11
GCTAATACCGAATGCC-1,IDC_5,19
GCTACAATCGAGGATA-1,IDC_2,16
GCTACAGTACGGACCG-1,Tumor_edge_2,1
GCTACGACTTATTGGG-1,Healthy_2,1
GCTACTATAGTAGAGT-1,Tumor_edge_5,9
GCTAGACCGTCTACTG-1,DCIS/LCIS_1,17
GCTAGAGTAGAGATGT-1,IDC_2,16
GCTAGCAGGGAGTGGG-1,Healthy_1,4
GCTAGCGATAGGTCTT-1,IDC_4,8
GCTAGGCACCACGGAG-1,IDC_2,9
GCTAGTAGAGCTTGTA-1,IDC_6,11
GCTAGTTTCATTGAGG-1,IDC_5,20
GCTATAAGGGCCAGGA-1,IDC_2,16
GCTATACGTCTCGGAC-1,IDC_2,16
GCTATCATACTCATGG-1,DCIS/LCIS_4,2
GCTATCGCGGCGCAAC-1,IDC_5,13
GCTCAATGTAATACCG-1,DCIS/LCIS_4,2
GCTCATTACTGCATGT-1,Healthy_1,4
GCTCCATGCAAAGCAA-1,IDC_4,12
GCTCCCAGTCGGTCCA-1,DCIS/LCIS_1,17
GCTCCGCTCGCTTCAG-1,DCIS/LCIS_1,17
GCTCCTGACATACTGG-1,IDC_4,8
GCTCGCTCATGTCCAA-1,DCIS/LCIS_1,17
GCTCGGAATTTAAAGC-1,Tumor_edge_1,3
GCTCTAAACCCTGACG-1,IDC_7,19
GCTCTATGTTACGTGC-1,IDC_6,10
GCTCTCGGGTACCGAA-1,IDC_7,10
GCTCTTTCCGCTAGTG-1,Tumor_edge_6,12
GCTGAACTCTCCAGGG-1,Tumor_edge_3,3
GCTGAATCTTCCAATC-1,IDC_4,8
GCTGAGGCGTGAGTAT-1,IDC_6,11
GCTGCACGGTTTCTTA-1,Healthy_2,1
GCTGCTAAGTAGTCGA-1,Healthy_2,2
GCTGCTACTGCGTAGC-1,Tumor_edge_6,3
GCTGCTCTCCGGACAC-1,IDC_6,10
GCTGGACCCAAAGTGG-1,Healthy_1,4
GCTGGCATATTCACCT-1,DCIS/LCIS_3,11
GCTGGCGGCGCATGCT-1,DCIS/LCIS_4,2
GCTGGTGACTCGTAGT-1,Healthy_1,18
GCTGGTTTAGGCCATA-1,IDC_4,8
GCTGTATTACTGGCCC-1,DCIS/LCIS_3,15
GCTGTTGCTACCGAAC-1,Tumor_edge_3,3
GCTTAATGTAACTAAC-1,IDC_1,5
GCTTACGTAGTTAGTA-1,DCIS/LCIS_1,17
GCTTATGAAGCAGGAA-1,Healthy_1,1
GCTTCAGTGGGATTAC-1,Healthy_1,18
GCTTCCAGCTTAGATT-1,IDC_5,13
GCTTCCATGTAACCGC-1,IDC_2,16
GCTTCCCGTAAGCTCC-1,Tumor_edge_6,9
GCTTCCGTCCCTAGAC-1,IDC_7,10
GCTTCGACGTTCAATC-1,IDC_4,8
GCTTGAGTGACCTCTG-1,IDC_2,7
GCTTGATGATAATCAG-1,IDC_5,3
GCTTGCAGCACAATTG-1,Healthy_1,4
GCTTGGATCGATTAGG-1,Healthy_1,18
GCTTTACACAACTGGG-1,IDC_2,7
GCTTTCAGAGGAGGTG-1,Healthy_1,18
GCTTTCTATCTCAACT-1,Healthy_1,18
GGAAACCTTGTTGAAT-1,Healthy_1,4
GGAAACTAAATGGGCC-1,IDC_2,16
GGAAAGGGAATTGAGC-1,Tumor_edge_6,9
GGAAAGTGCCCATGCC-1,Tumor_edge_1,18
GGAACCGTGTAAATTG-1,DCIS/LCIS_3,1
GGAACCTTGACTCTGC-1,IDC_4,8
GGAACGGCCTGCAGCC-1,Tumor_edge_2,1
GGAACTTTGGCGATTA-1,Tumor_edge_4,14
GGAAGCTCGCTTACAG-1,Tumor_edge_1,14
GGAAGGACACCGTATA-1,Tumor_edge_6,16
GGAATAACCTCAAGAA-1,DCIS/LCIS_5,6
GGAATGCGCTAGCGTG-1,IDC_7,3
GGACAACCATGAAGCC-1,IDC_2,7
GGACACAAGTTTACAC-1,Tumor_edge_3,3
GGACACCTCGGTGTTG-1,IDC_4,12
GGACCAACAGGATAAC-1,Healthy_2,2
GGACCTACGGTAACGT-1,Healthy_1,4
GGACCTCTAGGCCGCC-1,IDC_4,8
GGACGGCTTGCGCAAC-1,Healthy_1,18
GGACGGGCGACCAACC-1,IDC_2,16
GGACGTCCATAGTTGG-1,Healthy_1,4
GGACTCGACAGCGCAT-1,IDC_4,12
GGACTCGTGAGTGGTC-1,IDC_4,12
GGACTCTTTGACTAAG-1,IDC_2,16
GGAGAAGTCATTGGCA-1,IDC_5,19
GGAGACCAATGTGCTT-1,Healthy_1,4
GGAGACGACACCTTTG-1,Healthy_2,11
GGAGCAACATTTCAAG-1,Tumor_edge_4,9
GGAGCACCAAGAACTA-1,Tumor_edge_1,3
GGAGCGAGGCCTACTT-1,IDC_2,16
GGAGGATTGAAAGGAG-1,DCIS/LCIS_5,6
GGAGGCCGAAGTCGTC-1,DCIS/LCIS_1,17
GGAGGGCTTGGTTGGC-1,IDC_7,10
GGAGGGTCAAGTAAGA-1,Tumor_edge_4,14
GGAGTGCCGCCCTGGA-1,IDC_5,19
GGAGTTGATTCTGTGT-1,IDC_2,7
GGATACTCATGAATTG-1,IDC_5,20
GGATCAAAGGACGAGG-1,Tumor_edge_1,19
GGATCATCCCGTACGC-1,Healthy_1,4
GGATCCCTACCAGCTA-1,IDC_5,13
GGATCCGGAATATACT-1,IDC_6,11
GGATCTTACTGCCCTT-1,IDC_4,12
GGATCTTGACTCAACC-1,IDC_3,3
GGATGAAGATCGCTGA-1,Tumor_edge_3,3
GGATGACGCGAGTTTA-1,DCIS/LCIS_3,11
GGATGCTGGCGTTCCT-1,Tumor_edge_2,1
GGATGGCTTGAAGTAT-1,IDC_2,7
GGATGTCCTTACCGCA-1,Healthy_1,1
GGATTAAGCTAAGGTC-1,Tumor_edge_1,14
GGATTAATCATGGACC-1,IDC_2,16
GGATTCAGTACGGTGG-1,IDC_5,3
GGATTCCGCTATACCC-1,Tumor_edge_1,3
GGATTGCTGTGACTCC-1,Tumor_edge_6,9
GGATTTCACTTCTATA-1,IDC_7,3
GGCAAAGGCGCCAATA-1,IDC_4,8
GGCAAATTACTTTACT-1,DCIS/LCIS_3,11
GGCAAGCCAGGGATAG-1,Healthy_1,4
GGCAAGCCCATAGTGG-1,Tumor_edge_6,2
GGCAAGGCGAAATAGC-1,Healthy_2,1
GGCAATAGTCAATGAG-1,IDC_7,10
GGCACGCTGCTACAGT-1,IDC_2,7
GGCACTCCACTGGGCA-1,DCIS/LCIS_3,11
GGCACTGCGGTGGTTT-1,IDC_2,7
GGCAGCAAACCTATGC-1,Tumor_edge_5,3
GGCAGCGGTAATCCTA-1,Healthy_1,4
GGCATACAGGTAGCGG-1,DCIS/LCIS_3,15
GGCATATCGGTTCTGC-1,Tumor_edge_1,3
GGCATCAACGAGCACG-1,Tumor_edge_1,19
GGCATTGAACATCTCA-1,IDC_4,12
GGCCAATTGTATAGAC-1,IDC_2,9
GGCCCAATCTAGAGGG-1,Healthy_1,18
GGCCCAGCTGGTTTGC-1,IDC_2,16
GGCCCAGTTATCAGCA-1,Healthy_1,18
GGCCCGGAGCATGTCT-1,DCIS/LCIS_1,17
GGCCCGTATACCATGC-1,Healthy_1,3
GGCCCTCACCCACTTA-1,DCIS/LCIS_3,15
GGCCGAGACTCTGGTG-1,IDC_4,8
GGCCGCAGGAACCGCA-1,IDC_2,16
GGCCGGCGTCTGCTAT-1,IDC_2,9
GGCCGTTTGGGTTTCA-1,IDC_4,12
GGCCTGCTCTGATGTT-1,IDC_4,12
GGCCTGCTTCTCCCGA-1,DCIS/LCIS_2,14
GGCGAAATCTAACTTG-1,IDC_1,5
GGCGCAGGACATCTTC-1,DCIS/LCIS_3,15
GGCGCATGAATTGATG-1,DCIS/LCIS_3,11
GGCGCGGAGATCTTTC-1,IDC_2,16
GGCGCGTTCGAGTTTA-1,Healthy_2,11
GGCGCTCCTCATCAAT-1,IDC_5,13
GGCGCTTCATTCCCTG-1,IDC_2,16
GGCGGAGTAATATTAG-1,DCIS/LCIS_3,11
GGCGGTAGGATCATTG-1,Tumor_edge_6,10
GGCGTACCCTATATAA-1,DCIS/LCIS_5,6
GGCGTAGGGAAAGCTG-1,IDC_2,9
GGCGTCCTATCCGCTG-1,DCIS/LCIS_3,11
GGCTAAAGGGCGGGTC-1,Healthy_1,4
GGCTAATGATTGAAAT-1,Healthy_1,18
GGCTACTATACACTCC-1,IDC_4,12
GGCTATTAAGTTGTAT-1,DCIS/LCIS_3,11
GGCTCCTCCACCTGTT-1,IDC_4,8
GGCTCGCGTTGAGGTA-1,Healthy_1,18
GGCTCGTGCCACCAGC-1,IDC_5,19
GGCTCTGCTCCAACGC-1,IDC_7,10
GGCTGAAATAGCAAAG-1,Healthy_2,3
GGCTGAGCATCGTAAG-1,Healthy_1,18
GGCTGGCTAGCTTAAA-1,IDC_5,13
GGCTTTCAATAAGGGT-1,DCIS/LCIS_4,2
GGGAAAGAATGCCAAC-1,IDC_2,7
GGGAACGGGAGGTTAG-1,DCIS/LCIS_3,15
GGGAACGGTTTCAGAT-1,IDC_4,12
GGGAAGACGGTCTGTC-1,IDC_2,9
GGGAAGGGCTTTCTCA-1,IDC_2,9
GGGAATGAGCCCTCAC-1,Healthy_1,4
GGGACAGAGTTACTCC-1,IDC_4,8
GGGACCCGTATATCTT-1,Tumor_edge_6,3
GGGACTGCATAGATAG-1,IDC_6,10
GGGAGAACTCACAGTA-1,IDC_6,10
GGGAGCGACCGTAGTG-1,IDC_2,9
GGGAGGATGCCCGAAA-1,DCIS/LCIS_3,11
GGGAGTAATGGCTGGC-1,IDC_5,20
GGGAGTTAATGAGGCG-1,IDC_6,10
GGGATCCCAATACAAA-1,Healthy_1,4
GGGATGGTCGTAACCG-1,DCIS/LCIS_3,15
GGGATTTACCGCACCT-1,IDC_1,5
GGGCAACCGCACGTGC-1,IDC_4,5
GGGCACGTAGTACTGT-1,IDC_4,12
GGGCAGAGCAATCGTT-1,DCIS/LCIS_4,2
GGGCAGTCAACGCCAA-1,IDC_2,7
GGGCATGCATGTCGAG-1,IDC_4,12
GGGCCATTCGTGCTGG-1,IDC_4,8
GGGCCCGTCTTAAACA-1,DCIS/LCIS_3,11
GGGCCCTACGAAAGGG-1,Tumor_edge_2,1
GGGCCGGCCGAAGTAC-1,Tumor_edge_6,3
GGGCCTATTTAAGTAT-1,Healthy_1,18
GGGCGATATGTGTGAA-1,IDC_6,10
GGGCGCAGCGTTACTC-1,DCIS/LCIS_1,17
GGGCGGGTTCCCTACG-1,DCIS/LCIS_3,15
GGGCGGTCCTATTGTC-1,IDC_5,13
GGGCGTACATTTATAT-1,IDC_5,19
GGGCGTCACCACGTAA-1,DCIS/LCIS_3,1
GGGCGTCCACTGGCTC-1,Tumor_edge_1,3
GGGCGTGGTTTCCCAG-1,DCIS/LCIS_4,2
GGGCGTTTACATTCAT-1,IDC_4,8
GGGCTCATCGAACCCA-1,Healthy_1,18
GGGCTGCCTAGGGCGA-1,IDC_6,10
GGGCTGGTTAGTCGCG-1,DCIS/LCIS_3,11
GGGTAATGCTGTGTTT-1,IDC_5,13
GGGTACCCACGGTCCT-1,IDC_5,13
GGGTACTTCATGAACT-1,DCIS/LCIS_3,15
GGGTATGTATGCACTT-1,DCIS/LCIS_3,11
GGGTATTCTAGCAAAC-1,IDC_4,3
GGGTCACCGTGACGGT-1,DCIS/LCIS_3,11
GGGTCAGGAGCTAGAT-1,IDC_4,12
GGGTCATGCGTACCAT-1,Tumor_edge_6,1
GGGTCCTTGGAAGAAG-1,IDC_4,8
GGGTCGTGGCAAGTGT-1,Healthy_1,18
GGGTCTATCGCTTTCC-1,Tumor_edge_4,9
GGGTGACACCTTAACT-1,DCIS/LCIS_3,11
GGGTGCATATGAAAGC-1,Tumor_edge_3,3
GGGTGGTCCAGCCTGT-1,DCIS/LCIS_5,6
GGGTGTTTCAGCTATG-1,Tumor_edge_1,19
GGGTTCAGACGAACAA-1,IDC_5,13
GGGTTTAGGATAGGAT-1,DCIS/LCIS_1,17
GGTAAACTCTGCGCTG-1,IDC_2,16
GGTAAATGTGCGTTAC-1,DCIS/LCIS_5,14
GGTAACCGGGAGGATA-1,IDC_4,8
GGTAACTATGTATCTG-1,IDC_5,20
GGTACAAACATGCTAT-1,DCIS/LCIS_3,11
GGTACACCAGATTTAT-1,Healthy_1,18
GGTACATCTGGGACGA-1,Tumor_edge_2,1
GGTACCATTAAGACGG-1,Tumor_edge_3,3
GGTACGTTGCGGCCGG-1,IDC_2,16
GGTAGAAGACCGCCTG-1,DCIS/LCIS_4,2
GGTAGGCCAATATCAC-1,IDC_4,12
GGTAGTGCTCGCACCA-1,IDC_6,10
GGTATAGTGACACATA-1,DCIS/LCIS_1,17
GGTATTGCCGAGTTTA-1,DCIS/LCIS_3,11
GGTCAAGACTACTTCG-1,Tumor_edge_4,3
GGTCACGTTAGATTCA-1,IDC_5,20
GGTCAGTGGGTCCCAC-1,Healthy_2,1
GGTCATTGTAGTCATA-1,Healthy_1,4
GGTCGGATAAACGGCG-1,Healthy_1,18
GGTCGGCCAGGAGCTT-1,IDC_7,18
GGTCGGTAATTAGACA-1,IDC_5,20
GGTCGTAAGCTCGCAC-1,IDC_3,3
GGTCTCCGTCCAGGTT-1,IDC_2,7
GGTCTCTGAATGGACT-1,Tumor_edge_2,3
GGTCTGAGAATCTGGA-1,IDC_7,10
GGTCTTGAGCGCTCTT-1,Tumor_edge_6,2
GGTGAAACCGGGAATG-1,Tumor_edge_1,20
GGTGAACGGGCTAGCC-1,IDC_5,13
GGTGAAGTACAGGGAT-1,DCIS/LCIS_3,15
GGTGAGATGCAGATAA-1,IDC_5,20
GGTGATAAGGAGCAGT-1,IDC_6,11
GGTGATTTCATCTTGT-1,IDC_5,20
GGTGCAGAGCCTATCG-1,Healthy_1,4
GGTGCATAAATGATTA-1,IDC_4,12
GGTGCGGATAAGTGGC-1,IDC_5,20
GGTGCTGATCACAAAG-1,Tumor_edge_2,1
GGTGCTGGTACACATT-1,DCIS/LCIS_3,11
GGTGGACCACGTGTTA-1,Healthy_1,18
GGTGGACTGCTCTGGC-1,IDC_2,9
GGTGTAAATCGATTGT-1,IDC_2,9
GGTGTAGGTAAGTAAA-1,IDC_4,12
GGTGTTCTGTTTCTAC-1,Healthy_1,14
GGTTACCACCCTCGGG-1,DCIS/LCIS_3,15
GGTTACCCGACACTTT-1,Tumor_edge_3,17
GGTTAGCTATATGTCT-1,Tumor_edge_5,5
GGTTAGGCTTGGAGAA-1,DCIS/LCIS_3,11
GGTTAGTTACGGCGCC-1,Tumor_edge_2,1
GGTTCCCTAGTGTCTC-1,Tumor_edge_6,18
GGTTCGATGCTGAGTT-1,Tumor_edge_6,6
GGTTCGCATTTGCCGT-1,IDC_2,9
GGTTCTACTCGTCTGA-1,DCIS/LCIS_1,17
GGTTGTATCGTGAAAT-1,DCIS/LCIS_5,6
GGTTTAATTACCATCG-1,IDC_4,12
GGTTTAATTGAGCAGG-1,Healthy_1,18
GGTTTACAATCTCAAT-1,IDC_7,10
GGTTTAGCCTTTCTTG-1,DCIS/LCIS_1,17
GGTTTCAATCGGTCAG-1,Healthy_1,18
GGTTTGACAAGAAGCT-1,Healthy_1,4
GGTTTGAGTGCTGGAA-1,IDC_5,20
GGTTTGCGAACACGTA-1,Healthy_1,18
GGTTTGTGACCTGAGG-1,IDC_2,16
GTAACAACTGACCTTG-1,Healthy_1,18
GTAACATCTAAGATAA-1,DCIS/LCIS_2,14
GTAACTGCCCAAGGAG-1,IDC_4,12
GTAACTTGCGGCAGTC-1,IDC_5,20
GTAAGCGGGCAGTCAG-1,IDC_7,19
GTAAGGATTTGTCGGA-1,DCIS/LCIS_5,6
GTAAGTAACAGTCTGG-1,IDC_1,5
GTAAGTAGGGTATACC-1,Tumor_edge_6,1
GTAAGTCCACACTCTA-1,Tumor_edge_3,3
GTAATAAAGGGCTCCC-1,Tumor_edge_3,3
GTACACTTACCTGAAG-1,IDC_6,11
GTACAGAGGCAAGGGT-1,Tumor_edge_6,3
GTACGACGGCGCTGCG-1,IDC_5,13
GTACGAGATTGCGACA-1,IDC_5,19
GTACGTCACGTATTAA-1,Healthy_1,4
GTACGTTTGCCCGTCA-1,Healthy_2,1
GTACTAAGATTTGGAG-1,IDC_6,10
GTACTCCCTTATCGCT-1,DCIS/LCIS_3,15
GTACTCCTGGGTATGC-1,Healthy_1,18
GTACTGAGGTCGTAAC-1,IDC_5,20
GTACTGCATGAAGCGT-1,IDC_5,20
GTACTGGAGTTAGACC-1,IDC_6,11
GTACTTGGGCACTTCT-1,IDC_5,20
GTAGAAACGGGTGGAG-1,Tumor_edge_2,1
GTAGACAACCGATGAA-1,Tumor_edge_1,19
GTAGACACGCCTGACT-1,DCIS/LCIS_4,2
GTAGACGTCGTTACAT-1,IDC_5,20
GTAGAGGGAGACAAGT-1,Tumor_edge_2,3
GTAGCCAAACATGGGA-1,Healthy_2,3
GTAGCGCTGTTGTAGT-1,Tumor_edge_1,20
GTAGCGGCTATACACT-1,IDC_6,11
GTAGCTAGTAAGCGCG-1,Tumor_edge_6,14
GTAGCTCCGGGAGGCT-1,IDC_4,12
GTAGCTTCCTCTTGTT-1,Healthy_1,18
GTAGGTGATCCGTGTA-1,Tumor_edge_1,3
GTAGTCGCGGGAATCA-1,Healthy_2,3
GTAGTCTACGATATTG-1,Tumor_edge_6,9
GTAGTGAGCAACCTCA-1,IDC_2,7
GTAGTTCGAAGGCGAA-1,IDC_4,12
GTATAATCTCCCGGAT-1,IDC_5,13
GTATAGGACTCAGTAG-1,IDC_5,19
GTATAGTGGCCCATGT-1,Healthy_1,14
GTATATGTTACGGCGG-1,IDC_5,13
GTATCAAACGTTAGCT-1,IDC_2,16
GTATCAAGGTACTTCC-1,Tumor_edge_6,9
GTATCAGCTTGGGTTC-1,IDC_5,3
GTATCCTTTGGTAACC-1,IDC_2,7
GTATCGGGACGAGCTG-1,IDC_5,13
GTATCTCAGTCTTGAC-1,IDC_4,8
GTATCTCCCTAACTGT-1,DCIS/LCIS_5,6
GTATCTCGGGCGCTTT-1,IDC_4,8
GTATCTTGTTGCTCAC-1,Tumor_edge_6,6
GTATCTTTCATAACCA-1,Healthy_2,1
GTATGAAATTTCACTC-1,IDC_3,3
GTATGACGTGGGAAAC-1,IDC_5,13
GTATGTGGGTCTAGTT-1,IDC_1,5
GTATTAAGGCGTCTAA-1,IDC_5,13
GTATTAGGGTTCGCGT-1,Healthy_1,18
GTATTCTGAGAAACGA-1,DCIS/LCIS_3,15
GTATTCTTACCGTGCT-1,IDC_5,13
GTATTTAATGGCATAA-1,Tumor_edge_3,3
GTCAAAGAAGTGGTGT-1,Tumor_edge_6,8
GTCAAAGTTTACATAG-1,IDC_5,13
GTCAACCAGGCCTATA-1,IDC_2,7
GTCAAGCGGACTCGGG-1,IDC_6,11
GTCAATGCTATAATTT-1,Healthy_1,4
GTCAATTGTACTGAAG-1,Tumor_edge_1,20
GTCACAAAGTTTCCAA-1,Tumor_edge_6,19
GTCACTCTCCAAATCT-1,IDC_5,13
GTCAGAATAGTCTATG-1,DCIS/LCIS_3,11
GTCAGTTGTGCTCGTT-1,DCIS/LCIS_5,6
GTCAGTTTGGTAGTCG-1,Tumor_edge_2,1
GTCATCTCCTACAGCT-1,IDC_5,13
GTCATGCACCTCCGTT-1,IDC_6,10
GTCATGCGCGAGGGCT-1,IDC_2,7
GTCATGGACATGACTA-1,IDC_7,10
GTCATTAGAGCGAACG-1,IDC_6,11
GTCCAATATTTAGCCT-1,IDC_4,12
GTCCAGGCACGTGTGC-1,IDC_4,12
GTCCATTACTGCTACG-1,DCIS/LCIS_1,17
GTCCCAACGTAAAGTA-1,IDC_6,10
GTCCCGCGACGTTATG-1,DCIS/LCIS_4,2
GTCCGGACCTGAAATT-1,IDC_2,16
GTCCGGCTGAATTGCG-1,IDC_6,10
GTCCGGGTTCACATTA-1,IDC_2,16
GTCCTACAGGCGGCTC-1,IDC_5,13
GTCCTACGAATAGTCT-1,IDC_2,16
GTCCTTCTAGTGGGTT-1,Tumor_edge_6,14
GTCCTTTAATGACTTC-1,Healthy_1,18
GTCGAATTTGGGCGCT-1,IDC_4,8
GTCGCGTAACCCGTTG-1,IDC_6,11
GTCGGAAGGATACCAG-1,Healthy_1,4
GTCGGATATCTCAGAC-1,DCIS/LCIS_3,11
GTCGGATGTAGCGCGC-1,Tumor_edge_1,3
GTCGGGAAGCAGAAAC-1,DCIS/LCIS_4,2
GTCGGGTGAAGTACCG-1,IDC_2,16
GTCGTACCATCTCGGG-1,Healthy_2,1
GTCGTATTGGCGTACA-1,Healthy_1,18
GTCGTCAATTATAAGG-1,IDC_5,20
GTCGTCTGGTTGGCTA-1,Tumor_edge_3,17
GTCGTGTCTGGTCATC-1,Tumor_edge_3,18
GTCTAGTGAGCCGCTT-1,IDC_2,7
GTCTATCTGAGTTTCT-1,DCIS/LCIS_3,11
GTCTATTGCATGCTCG-1,IDC_2,7
GTCTATTGGTTCCGGT-1,Tumor_edge_5,9
GTCTCAAGGCCCGGCT-1,DCIS/LCIS_4,2
GTCTCCCGAGTCCCGT-1,IDC_2,7
GTCTCCGCCTCAATAC-1,IDC_4,12
GTCTCCTGCCAGTATG-1,IDC_4,8
GTCTCGACTAAGTTTG-1,Healthy_1,18
GTCTCGATCTGCTTTC-1,Tumor_edge_1,3
GTCTCGCCAACACGCC-1,DCIS/LCIS_5,6
GTCTGCCGACTCGACG-1,Tumor_edge_6,16
GTCTGGGCGGTCGAGA-1,DCIS/LCIS_3,15
GTCTTACCACGCCAAG-1,IDC_2,16
GTCTTAGTACAGCCGG-1,Tumor_edge_6,6
GTCTTGAGGAGCAGTG-1,DCIS/LCIS_1,17
GTCTTGTAGCTATTCA-1,Tumor_edge_6,17
GTGAAACGGCGCCACC-1,Healthy_1,3
GTGAAACGTGCTCCAC-1,IDC_5,20
GTGAACTCCCATTCGA-1,Tumor_edge_3,3
GTGAAGATTTCAAGTG-1,Healthy_1,4
GTGAAGCCGTATAGTC-1,Healthy_1,4
GTGACAGCTTCCCACT-1,IDC_2,9
GTGACCGCACACTACG-1,IDC_1,5
GTGACGAGGGTGACCC-1,DCIS/LCIS_1,17
GTGACGCAGGTTTCAT-1,IDC_2,16
GTGACTTCAGTAGTGC-1,DCIS/LCIS_3,15
GTGAGATAACCTTATA-1,IDC_4,12
GTGAGCGTGCTGCACT-1,DCIS/LCIS_3,15
GTGAGGACACTTAAGG-1,Healthy_2,5
GTGAGGAGCGGTTGAG-1,Tumor_edge_1,14
GTGAGTCGACTAATAG-1,IDC_2,7
GTGATCAAGCGTGCAC-1,IDC_4,8
GTGATCACTAACGCCT-1,Tumor_edge_3,3
GTGATCATAGATCTGC-1,DCIS/LCIS_3,11
GTGATCCTTGTCATGA-1,IDC_2,9
GTGATGCACAACATCT-1,Healthy_1,4
GTGATTCGCCGCTCAA-1,DCIS/LCIS_3,15
GTGCAACAAATGTGGC-1,IDC_5,19
GTGCACCAGCTTCAAC-1,IDC_4,12
GTGCACGAAAGTGACT-1,Tumor_edge_6,19
GTGCCATCACACGGTG-1,DCIS/LCIS_3,15
GTGCCGCTTCAAAGGT-1,DCIS/LCIS_3,15
GTGCCTCAGTGTACGG-1,Healthy_1,4
GTGCCTGAGACCAAAC-1,IDC_2,9
GTGCGAAATCGAACAC-1,DCIS/LCIS_3,15
GTGCGACAGGGAGTGT-1,DCIS/LCIS_1,17
GTGCGCAGCTTGCTCC-1,IDC_5,13
GTGCGGGACCATCGGC-1,Tumor_edge_6,20
GTGCGGGTCTCCAAAT-1,IDC_5,19
GTGCGTGTATATGAGC-1,IDC_1,5
GTGCTCAAGTACTGTC-1,DCIS/LCIS_3,11
GTGCTTACATCAGCGC-1,Tumor_edge_3,3
GTGGAACCTACATGCG-1,Tumor_edge_1,3
GTGGACCAACCCGATT-1,DCIS/LCIS_3,15
GTGGACGCATTTGTCC-1,DCIS/LCIS_4,2
GTGGACGTGCTGAGAC-1,IDC_5,20
GTGGAGCGTTTACCGA-1,IDC_4,8
GTGGCAAACAGCGGCA-1,IDC_3,3
GTGGCCGGTTTCTCGG-1,IDC_4,8
GTGGCGGGCCGTAGCT-1,DCIS/LCIS_5,6
GTGGCGGTCCCAGCGT-1,Tumor_edge_2,1
GTGGCTGTTTCTGTTC-1,IDC_2,9
GTGGGAACAAACCGGG-1,IDC_4,12
GTGGGAAGACTGAATC-1,Tumor_edge_2,1
GTGGGCTTAGACACAC-1,DCIS/LCIS_3,11
GTGGTCAGCGAAGTAT-1,Healthy_1,3
GTGGTTACTTCTTTCG-1,Tumor_edge_3,3
GTGGTTTCCGCCTTTC-1,DCIS/LCIS_3,15
GTGTACCTTGGCTACG-1,IDC_7,10
GTGTATATCAGCGGGC-1,DCIS/LCIS_4,2
GTGTATGACTTTAAAG-1,Tumor_edge_1,20
GTGTCAGTGTACGTGG-1,IDC_4,12
GTGTCGTATAGCGTTC-1,DCIS/LCIS_4,2
GTGTCGTATTCACCTT-1,Healthy_1,18
GTGTGAATAACTTAGG-1,Tumor_edge_6,3
GTGTTACTATGCGTCC-1,Healthy_2,1
GTTAAAGTAGGACTGG-1,Tumor_edge_5,3
GTTAACATCACTTAAA-1,DCIS/LCIS_4,2
GTTAACTATGTTGTCA-1,DCIS/LCIS_1,17
GTTAAGGGTGCGATGT-1,DCIS/LCIS_4,2
GTTAAGTTAGAGTGGG-1,DCIS/LCIS_1,17
GTTACAATTGGTGACG-1,DCIS/LCIS_3,15
GTTACCTACAACTTGC-1,Healthy_2,3
GTTACTTTGGGCCTAG-1,DCIS/LCIS_3,11
GTTAGAGTGTGCCGCT-1,DCIS/LCIS_5,6
GTTAGCCCATGACATC-1,IDC_2,7
GTTAGCCGTAAATCAA-1,Tumor_edge_3,3
GTTAGGCTACCCGTTT-1,IDC_3,3
GTTATAATACGGTGAA-1,Tumor_edge_4,3
GTTATATCAGGAGCCA-1,Healthy_1,4
GTTATATTATCTCCCT-1,Healthy_2,11
GTTATCAAGCTATCGA-1,IDC_2,7
GTTATCACCTTCTGAA-1,DCIS/LCIS_5,19
GTTATTAAATACGACC-1,Tumor_edge_1,14
GTTATTAACGTGGGAG-1,Tumor_edge_6,1
GTTCAATCTATGTCAA-1,Tumor_edge_1,14
GTTCACAGGAGTCTAG-1,DCIS/LCIS_3,11
GTTCAGTCGCCAAATG-1,IDC_4,12
GTTCATCGTTTGGCTG-1,DCIS/LCIS_1,17
GTTCCAAGACAGCGAC-1,IDC_5,13
GTTCCAGTCTGACCAT-1,IDC_5,19
GTTCCCGTAAACATAT-1,Tumor_edge_4,14
GTTCCGTCCGCCTGCA-1,IDC_4,12
GTTCGACAATTGTATA-1,IDC_4,12
GTTCGCCATAAGTGCC-1,DCIS/LCIS_3,11
GTTCGCTGAGACGTCT-1,Tumor_edge_4,3
GTTCGGAGCACTCAAC-1,Tumor_edge_4,9
GTTCGGATCGGGAACA-1,DCIS/LCIS_1,17
GTTCGGGCGTACCATT-1,DCIS/LCIS_1,17
GTTCGTCTAAAGAACT-1,IDC_2,9
GTTCGTCTGGGTCCCT-1,Healthy_1,4
GTTCTTCCCTCGATGT-1,IDC_5,20
GTTCTTGTAACTCAAT-1,IDC_4,12
GTTGAACCGGTTCCAT-1,DCIS/LCIS_3,15
GTTGAGTCCCGCCGGT-1,DCIS/LCIS_4,3
GTTGCACGGAGTTTCG-1,IDC_5,19
GTTGCGCTAACATTAC-1,Tumor_edge_3,3
GTTGCGGACGGTCAGG-1,Tumor_edge_3,3
GTTGGACCGCATCAGG-1,Healthy_1,4
GTTGGATTCAGTGGCT-1,Healthy_1,4
GTTGGATTGAGAACAC-1,Healthy_1,18
GTTGGATTTGCGTTGG-1,DCIS/LCIS_3,11
GTTGGTCATGCTATCC-1,DCIS/LCIS_4,2
GTTGTAGATTTATGAG-1,IDC_4,12
GTTGTCGTGTTAGTTG-1,IDC_5,20
GTTGTTACATTGCGCT-1,Healthy_1,18
GTTTACGTTCCATCTG-1,Healthy_2,3
GTTTCAAACGAGTTGT-1,Tumor_edge_4,9
GTTTCATATCGTCGCT-1,DCIS/LCIS_3,15
GTTTCCTGGAGGGTGA-1,IDC_6,10
GTTTCTAGAGGCGCGG-1,IDC_2,7
GTTTCTGCAGTCTCCC-1,IDC_6,11
GTTTGACCAAATCCTA-1,IDC_6,10
GTTTGGCCCAAGTTAT-1,IDC_1,5
GTTTGGCCGCTCAGCG-1,IDC_5,20
GTTTGGCGTCAGGCAC-1,Tumor_edge_6,18
GTTTGGGCTTGTGAGC-1,Healthy_2,2
GTTTGGGTTTCGCCCG-1,IDC_2,9
GTTTGGTGATCGGTGC-1,IDC_4,12
TAAACGTCGTCAATGA-1,IDC_5,13
TAAAGACAACCCTTTA-1,Tumor_edge_6,3
TAAAGAGCCCGAAACC-1,IDC_5,20
TAAAGCGGTATTTCCA-1,IDC_4,12
TAAAGCGTTAGGAGAA-1,Healthy_1,18
TAAAGCTGCAATAGGG-1,Healthy_1,4
TAAAGTGCACGTCTCG-1,IDC_4,12
TAAATCTTTACACCTC-1,Healthy_1,18
TAAATGAATCCGTTTC-1,IDC_5,13
TAAATGCCGTCTCATG-1,Healthy_1,4
TAAATTGTGGGTAAAG-1,IDC_4,12
TAAATTTAGTAACACC-1,IDC_4,12
TAACAAAGGGAGAAGC-1,IDC_5,3
TAACAATATTTGTTGC-1,Tumor_edge_2,1
TAACAGCGTTTGTGCT-1,IDC_4,12
TAACAGGTTCCCTTAG-1,IDC_4,12
TAACATACAATGTGGG-1,IDC_6,11
TAACATACACGCGATC-1,IDC_4,8
TAACCGCCCGCAGTGC-1,IDC_5,20
TAACCTACCGTCCGAG-1,Tumor_edge_3,3
TAACCTAGGGAGTCCA-1,Tumor_edge_4,9
TAACGCTTTGAGAGCG-1,Tumor_edge_2,11
TAACTATCGAAGGTCC-1,IDC_5,1
TAACTATTACGCCAAA-1,Tumor_edge_3,3
TAACTCATCCGCGCGG-1,DCIS/LCIS_3,15
TAACTCCATGGAGGCT-1,IDC_5,13
TAACTGAAATACGCCT-1,IDC_4,8
TAAGAGGGACAGGGAC-1,IDC_4,8
TAAGCAGGCGACACGC-1,Tumor_edge_2,1
TAAGCCCTTACGACCA-1,Healthy_1,4
TAAGCGCGAATCAAAT-1,IDC_4,8
TAAGGAACTTGTGGGA-1,IDC_5,20
TAAGGCAACATAAGAT-1,IDC_7,10
TAAGGCCCGTCACCCT-1,DCIS/LCIS_4,2
TAAGGCTGAATCCCTC-1,DCIS/LCIS_1,17
TAAGGGCCTGTCCGAT-1,IDC_2,16
TAAGGGCTGGGAGAGG-1,Tumor_edge_2,1
TAAGTAAATGTGCCGC-1,Healthy_1,18
TAAGTAACATCTTGAC-1,DCIS/LCIS_3,15
TAAGTCGCCGAGTATC-1,IDC_4,8
TAAGTTGCGACGTAGG-1,IDC_2,16
TAATAAACAAGGAGAT-1,Tumor_edge_1,18
TAATACACAGTAGTAT-1,IDC_5,19
TAATACTAGAACAGAC-1,IDC_2,7
TAATAGAACAGAGTTA-1,Tumor_edge_2,1
TAATAGGTCACCAGAA-1,IDC_4,8
TAATAGTGACGACCAG-1,Tumor_edge_1,18
TAATATTGAAATTCGC-1,IDC_5,19
TAATCGATCCGTACGT-1,Healthy_1,18
TAATGAAAGACCCTTG-1,Tumor_edge_2,1
TAATTACGTCAGTAGA-1,IDC_2,7
TAATTAGATGGATATG-1,IDC_5,13
TAATTAGGACATCCGT-1,DCIS/LCIS_1,17
TAATTGCGCTGATTAC-1,IDC_4,8
TAATTGGAATCGGGAA-1,Healthy_1,4
TACAACAGCGCATACA-1,IDC_2,16
TACAACGCACAACTCA-1,DCIS/LCIS_3,11
TACAAGCTGTTCACTG-1,DCIS/LCIS_5,6
TACAAGGGCTTCTTTA-1,IDC_2,7
TACAAGTCTCGTGCAT-1,DCIS/LCIS_3,11
TACACAGCCGTGGTGC-1,IDC_2,16
TACACCGTCGTTAGTC-1,Healthy_1,18
TACACCTCTTCGAATC-1,IDC_2,9
TACAGAAACGGTGGGC-1,IDC_2,9
TACATAGGCATACACC-1,DCIS/LCIS_3,11
TACATCCCTATCCCTG-1,Tumor_edge_2,1
TACATTTCTAACGTGC-1,DCIS/LCIS_3,11
TACCAAATAGCCCAGA-1,DCIS/LCIS_4,2
TACCAATAAAGTACCA-1,DCIS/LCIS_4,2
TACCAGAAGTAGGTTC-1,DCIS/LCIS_3,1
TACCAGCTAGGTTTAA-1,Tumor_edge_1,19
TACCAGGAATCCCGTC-1,IDC_4,12
TACCGAATAATTGTAA-1,IDC_2,7
TACCGCGGACTTGCAG-1,Healthy_1,3
TACCGGCTCACTGCCC-1,Healthy_2,3
TACCGGTCGTTTCCAT-1,DCIS/LCIS_3,15
TACCGTAGGTTAACTA-1,DCIS/LCIS_4,2
TACCGTGCCTCGGACC-1,Healthy_2,3
TACCTACTCCCAGTAT-1,DCIS/LCIS_4,2
TACCTCACGCTTGTAC-1,IDC_5,19
TACCTCAGTTGTCTGT-1,IDC_4,12
TACCTCCACACCAATG-1,IDC_4,8
TACCTGCTGCACTGTG-1,DCIS/LCIS_3,1
TACCTTAAGATTTCCC-1,Tumor_edge_2,1
TACGAACACGACTTCA-1,Tumor_edge_6,10
TACGACGCTTGCTGCG-1,DCIS/LCIS_3,15
TACGACTGCCTCTTAG-1,Healthy_2,1
TACGAGAACTTCACGT-1,DCIS/LCIS_3,15
TACGATGTTGATCATC-1,DCIS/LCIS_3,11
TACGCAGTTCTTTCCT-1,DCIS/LCIS_3,11
TACGCCATATTCTAAT-1,DCIS/LCIS_3,11
TACGCCGAGGGTACCC-1,IDC_4,8
TACGCCTCCATTCCGA-1,DCIS/LCIS_4,2
TACGCTATAGAAACCT-1,DCIS/LCIS_1,17
TACGCTCCTAGAACTG-1,IDC_4,12
TACGCTCGGTATTGGA-1,Tumor_edge_4,14
TACGCTGCACGGTCGT-1,IDC_2,16
TACGCTGCTGTGTTAA-1,IDC_4,8
TACGGAAGCCAAACCA-1,IDC_2,16
TACGGCATGGACGCTA-1,Tumor_edge_4,9
TACGGGATGCTAGCAG-1,Tumor_edge_1,3
TACGGGTAATAACATA-1,IDC_2,9
TACGTAAAGCGGAGTG-1,IDC_2,7
TACGTACTAGTGCTGA-1,IDC_4,12
TACGTGCACTATGCTG-1,IDC_5,3
TACGTGGGCCCAGGGC-1,IDC_2,16
TACGTTTACCGGCAAT-1,DCIS/LCIS_3,15
TACTACGTGCAATGCG-1,IDC_2,16
TACTCCTCTAGTTGAC-1,IDC_4,12
TACTCGTTTGAATCAA-1,IDC_2,16
TACTCTCCGAACAAAT-1,Tumor_edge_1,3
TACTCTTACTTTACTG-1,DCIS/LCIS_2,14
TACTGCAATCAATTAC-1,Healthy_1,4
TACTGGACAGCTCGGC-1,DCIS/LCIS_3,15
TACTGTTTCTCTGGTA-1,Tumor_edge_3,3
TACTTAAACATGTACA-1,IDC_2,7
TACTTTACTGAGCCGG-1,Healthy_1,18
TACTTTCCGCACGCCA-1,Tumor_edge_6,3
TAGAAACCACTAAGTA-1,DCIS/LCIS_5,6
TAGAAAGGTGGCGCTA-1,IDC_7,3
TAGAATAGCCGATGAA-1,IDC_2,7
TAGAATTAAGGGCAAC-1,DCIS/LCIS_5,6
TAGACGAAACGCCAAT-1,DCIS/LCIS_4,2
TAGACGCCCGTACCGG-1,Healthy_1,18
TAGACTACCTAGCGTT-1,DCIS/LCIS_1,17
TAGACTCAGTTGGCCT-1,IDC_4,8
TAGAGATCATGCAACT-1,Tumor_edge_2,15
TAGAGCTACGAAGAAC-1,IDC_5,20
TAGAGGGAGTTTATCT-1,IDC_4,12
TAGAGGTTCTACTTGT-1,IDC_2,16
TAGAGTCTAAGCGAAC-1,IDC_6,10
TAGAGTGTTCCGGGTA-1,IDC_2,9
TAGATATGGACTGGAA-1,DCIS/LCIS_3,1
TAGATCCGAAGTCGCA-1,DCIS/LCIS_5,6
TAGATGGTTCCTTACT-1,IDC_2,16
TAGATTCAAAGTGCGG-1,IDC_4,12
TAGATTCCTGGTTATT-1,DCIS/LCIS_3,1
TAGATTCTCTAGCAAA-1,IDC_2,16
TAGCAACCTGTCACAA-1,IDC_5,13
TAGCAGATACTTAGGG-1,IDC_2,9
TAGCAGTATGACTAAA-1,IDC_2,7
TAGCCATTTCAAAGTC-1,IDC_1,5
TAGCCGGCGGTCAGCG-1,Tumor_edge_6,3
TAGCGTCCCTCGATTG-1,Tumor_edge_3,17
TAGCGTCCGGTGTGGT-1,DCIS/LCIS_4,2
TAGCGTTGGGTCTTAC-1,IDC_6,11
TAGCTAAGTCCGGGAG-1,IDC_6,10
TAGCTAGTGATGATGG-1,IDC_4,12
TAGCTCAGATCCTAGT-1,Healthy_1,18
TAGCTGATGTGAAGCG-1,Tumor_edge_2,1
TAGGAACAGCCTCCAG-1,Tumor_edge_1,14
TAGGAGGCTCGAGAAC-1,IDC_2,16
TAGGCATGTTACGCCA-1,Tumor_edge_1,3
TAGGCCTATATAGTCT-1,IDC_2,16
TAGGCGATGAGGTCTC-1,IDC_3,3
TAGGCGGCTGCAAAGA-1,IDC_4,8
TAGGCTAAAGTGGCAC-1,IDC_2,7
TAGGGAGCTTGGGATG-1,Tumor_edge_3,3
TAGGGTGTTTCAAGAG-1,IDC_5,19
TAGGTCCAAGTAAGGA-1,DCIS/LCIS_3,11
TAGGTCGCCGGAACTG-1,Tumor_edge_3,3
TAGGTGACGATAACCT-1,DCIS/LCIS_4,2
TAGGTGAGCCCTACTC-1,DCIS/LCIS_3,11
TAGGTGCTCGCCTAGC-1,IDC_1,5
TAGGTGTTCCACAGAT-1,DCIS/LCIS_4,2
TAGGTTCGAGTTCGTC-1,IDC_6,10
TAGGTTCTGCTGAGAA-1,IDC_4,12
TAGTACCACAACTTTC-1,IDC_4,8
TAGTACCTTAGTGGTC-1,IDC_5,13
TAGTAGCTTATACCAG-1,IDC_4,12
TAGTCCCGGAGACCAC-1,IDC_4,12
TAGTCCGCAGAGAATG-1,DCIS/LCIS_3,11
TAGTCCGTATGCATAA-1,IDC_5,13
TAGTCCTGCACTAAGC-1,IDC_4,8
TAGTCGATCACGGGTT-1,Tumor_edge_5,3
TAGTCTAACAACGAGA-1,DCIS/LCIS_3,15
TAGTCTGCGGCACATT-1,IDC_4,12
TAGTCTGTGACGTTGC-1,Healthy_1,4
TAGTCTTTCCGAATTG-1,Tumor_edge_3,3
TAGTGCCCTCCAGAGT-1,DCIS/LCIS_3,11
TAGTGGAACTCATACA-1,Tumor_edge_1,14
TAGTGTCAGAAACGGC-1,IDC_5,13
TAGTTAAGATAGGATA-1,Tumor_edge_1,14
TAGTTTATTCTTGCTT-1,IDC_5,20
TATAAATCCACAAGCT-1,IDC_5,19
TATAAGTGAGGATAGC-1,IDC_5,19
TATACACGCAAAGTAT-1,IDC_5,20
TATACCGAGTGCCACA-1,Tumor_edge_3,3
TATACGCGTCATCACT-1,DCIS/LCIS_4,2
TATACTCATGCGGCAA-1,IDC_5,13
TATAGAGTCGCTTGAA-1,IDC_4,12
TATAGATGGTCGCAGT-1,DCIS/LCIS_1,17
TATAGGGTACTCATGA-1,DCIS/LCIS_3,15
TATAGTTAGGTGTACT-1,IDC_4,8
TATATAGGGCTTTACG-1,IDC_4,12
TATATATCGAGAAATG-1,IDC_4,8
TATATCAAAGTGATCT-1,IDC_4,12
TATATCCCTGGGAGGA-1,Tumor_edge_3,17
TATATTACAAATGTCG-1,Healthy_1,4
TATATTCGCGTCGATA-1,DCIS/LCIS_5,6
TATCACAGCACGGGCA-1,DCIS/LCIS_5,6
TATCACCATGTAAAGT-1,Healthy_1,18
TATCACCCAACCGACC-1,Healthy_1,18
TATCACTTCGAGTAAC-1,Healthy_1,4
TATCCAATTGGTTATC-1,DCIS/LCIS_4,2
TATCCATATCATGCGA-1,IDC_5,19
TATCCATCTCGGTTAG-1,IDC_4,8
TATCCGCACCGTCGGG-1,Healthy_2,3
TATCCTATCAACTGGT-1,IDC_4,12
TATCCTGCATGGGAAT-1,IDC_5,20
TATCGATCTATGCATA-1,Tumor_edge_1,3
TATCGATGATTAAACG-1,IDC_5,19
TATCTACAGAGGTAAT-1,DCIS/LCIS_3,11
TATCTACCACAGCGGG-1,DCIS/LCIS_3,11
TATCTGAGCCGATATT-1,IDC_4,8
TATCTTGCAATACAAC-1,IDC_4,8
TATGAAGAATTAAGGT-1,IDC_2,7
TATGAAGACAGGTGCG-1,DCIS/LCIS_3,1
TATGATAAATCTAACG-1,DCIS/LCIS_5,14
TATGATCCGGCACGCC-1,Tumor_edge_6,18
TATGATCTTCTCTTTA-1,IDC_2,16
TATGATTCTGCTTGGT-1,IDC_5,13
TATGCTCCCTACTTAC-1,IDC_7,10
TATGGAGTTTCTCGTT-1,IDC_5,13
TATGGATGTGCTACGC-1,Tumor_edge_6,10
TATGGCCCGGCCTCGC-1,DCIS/LCIS_3,11
TATGGGACCGAGCAGG-1,DCIS/LCIS_3,11
TATGGGTACGTATCGT-1,IDC_6,10
TATGGTCTGAGTAACA-1,DCIS/LCIS_3,11
TATGGTTAGTGGGAGA-1,DCIS/LCIS_1,17
TATGTAAAGTGCTTAA-1,IDC_4,12
TATGTCAAGACCGACT-1,Tumor_edge_6,18
TATGTCTCATTGTGCC-1,IDC_7,3
TATTAACACCAAAGCA-1,IDC_3,3
TATTACCATCCTGCTT-1,Tumor_edge_3,17
TATTATGTTTGCCTGC-1,IDC_4,8
TATTCAATTCTAATCC-1,IDC_6,10
TATTCCGAGCTGTTAT-1,IDC_2,16
TATTCCGGCAGTCCTA-1,DCIS/LCIS_5,19
TATTCCTCCGCCCACT-1,Tumor_edge_2,1
TATTCGTGCCAGAATA-1,IDC_6,10
TATTGACATTTCTGCC-1,DCIS/LCIS_1,17
TATTGCCGGGCTTGTA-1,IDC_2,16
TATTTAGTCTAGATCG-1,IDC_5,19
TATTTATACCGAGTAG-1,Tumor_edge_1,3
TATTTGATTTGCACAG-1,Tumor_edge_5,3
TATTTGTTACCCTTTA-1,Tumor_edge_6,19
TCAAACAACCGCGTCG-1,IDC_7,19
TCAAACTTAGATTGTT-1,IDC_6,10
TCAAAGTCACGGCGTC-1,IDC_4,8
TCAAATTGTTGTGCCG-1,IDC_2,7
TCAAATTTGAGACTCA-1,DCIS/LCIS_4,2
TCAACAAAGATAATTC-1,Tumor_edge_2,8
TCAACACATTGGGTAA-1,IDC_5,20
TCAACATAGCGCCCTA-1,IDC_4,12
TCAACATCGACCGAGA-1,Tumor_edge_2,1
TCAACCATGTTCGGGC-1,Tumor_edge_6,10
TCAACGAGGAGACAAA-1,DCIS/LCIS_3,11
TCAACGCAGGAAATAA-1,Tumor_edge_2,1
TCAACGCGACCGGCAG-1,DCIS/LCIS_3,15
TCAACTAACGTATAAC-1,DCIS/LCIS_3,1
TCAACTGCAGAGTCAG-1,DCIS/LCIS_2,14
TCAAGAAATACTAGCT-1,DCIS/LCIS_1,17
TCAAGCGCGGACGGTA-1,DCIS/LCIS_2,14
TCAAGGTTACTACACC-1,Tumor_edge_3,3
TCAATACGCCGTCATG-1,DCIS/LCIS_4,2
TCAATATACAGGAGGC-1,IDC_2,16
TCAATCCGGGAAGTTT-1,IDC_2,16
TCACAAACCGAGGTAC-1,IDC_2,16
TCACAGATCCTCAAAC-1,IDC_5,13
TCACAGGTTATTGGGC-1,DCIS/LCIS_3,11
TCACATCTTATCTGAT-1,Tumor_edge_2,1
TCACCCTCTTAAGATT-1,DCIS/LCIS_3,11
TCACCGCTCGGCACTC-1,Healthy_1,18
TCACGATGTCCGTGGA-1,Tumor_edge_2,3
TCACGCATTGTAGATC-1,DCIS/LCIS_3,11
TCACGGCCCAAGAGAG-1,IDC_4,8
TCACGGTCATCGCACA-1,IDC_5,19
TCACGTGCCCGATTCA-1,IDC_6,11
TCACTACGACCAATGC-1,Healthy_1,4
TCACTATCCCTTCGGT-1,IDC_2,7
TCACTCGTGCAACGGC-1,Healthy_1,4
TCAGAACCTCCACAGG-1,Tumor_edge_3,3
TCAGAACGGCGGTAAT-1,Tumor_edge_6,16
TCAGAGGACGCGTTAG-1,Tumor_edge_6,9
TCAGCAAATGCATCTC-1,IDC_7,10
TCAGCAGTAGGCCCTG-1,IDC_4,12
TCAGCCAATCCGTAAA-1,IDC_2,7
TCAGCGCACGCCGTTT-1,IDC_4,9
TCAGGGCGCAAACTCG-1,Tumor_edge_6,1
TCAGGGTGCACGAAAC-1,Tumor_edge_1,14
TCAGGGTGTAACGTAA-1,IDC_7,10
TCAGGTTCTTTGAGAA-1,DCIS/LCIS_3,11
TCAGTACTGACCCGCG-1,Tumor_edge_2,1
TCAGTAGGGACTATAA-1,DCIS/LCIS_3,15
TCAGTGTATACGTCAT-1,IDC_4,8
TCAGTTACGGAATGAT-1,DCIS/LCIS_5,6
TCATACTTACAGATCC-1,IDC_5,13
TCATATGAGCTTTGTT-1,DCIS/LCIS_4,2
TCATCACTCGAGCTCG-1,IDC_5,13
TCATCCCAGAGGGTGG-1,Tumor_edge_1,19
TCATCCTCAGCTGCTT-1,IDC_2,7
TCATCGATGGTCCCAA-1,IDC_4,8
TCATGCAGGTTCTCAT-1,Tumor_edge_1,3
TCATTCGTATAATTTG-1,Healthy_1,18
TCATTTAAGTCTCCGA-1,Tumor_edge_3,17
TCATTTAGAAGTGTGA-1,Tumor_edge_4,3
TCCAACTCAGCTATCT-1,IDC_2,7
TCCAACTTTAAATTCT-1,DCIS/LCIS_3,15
TCCAAGCCTAGACACA-1,IDC_2,16
TCCAATAAAGGCTACC-1,IDC_4,12
TCCACAATGGTTTACG-1,DCIS/LCIS_3,11
TCCACATCGTATATTG-1,IDC_2,16
TCCACCAAGACATAGG-1,IDC_2,7
TCCACCTCTAGCCTTT-1,Tumor_edge_6,2
TCCACTTTATCTAGGT-1,IDC_7,10
TCCAGAGCACCGGTTC-1,IDC_6,11
TCCAGATGTACGCCAA-1,Healthy_1,18
TCCAGCGCTATAAGCG-1,Tumor_edge_6,3
TCCAGGCAGGACGATC-1,IDC_4,12
TCCAGGCGAGTACGGT-1,IDC_6,10
TCCAGGGTATATACGA-1,DCIS/LCIS_4,2
TCCATCAATACTAATC-1,IDC_4,8
TCCATTAGTTGGATAG-1,IDC_5,13
TCCATTGTGACCTCGT-1,DCIS/LCIS_5,6
TCCCAAACAGACAACG-1,Healthy_1,4
TCCCAAAGACGAAGGA-1,IDC_7,10
TCCCAAAGCCCTAAAT-1,DCIS/LCIS_1,17
TCCCACTCTCTTCCGG-1,Tumor_edge_3,17
TCCCAGCTTTAGTCTG-1,DCIS/LCIS_3,11
TCCCAGGCTTAGCTAA-1,DCIS/LCIS_3,10
TCCCGCCTATGTGCGT-1,Tumor_edge_3,17
TCCCGCGTACTCCTGG-1,IDC_7,10
TCCCGGGTGTGCTGCT-1,DCIS/LCIS_3,11
TCCCGGTCAGGAATTT-1,IDC_5,13
TCCCGTCAGTCCCGCA-1,IDC_7,10
TCCCGTCGCGTCATAG-1,Tumor_edge_3,3
TCCCTAGATCAATAGG-1,Tumor_edge_3,3
TCCCTCTTCTCAAGGG-1,Tumor_edge_4,9
TCCCTGGCGTATTAAC-1,IDC_4,8
TCCCTGGCTCGCTGGA-1,DCIS/LCIS_3,15
TCCCTTAGATTACTCG-1,Tumor_edge_1,3
TCCCTTGTCTGAAACT-1,IDC_2,16
TCCGAACTTGGCTTAC-1,Tumor_edge_6,1
TCCGAAGTAGTCACCA-1,Healthy_1,4
TCCGAATGGTCCTGAG-1,Tumor_edge_3,17
TCCGACCGCTAATCAA-1,IDC_4,12
TCCGAGAAGGCTAAGC-1,Tumor_edge_1,20
TCCGATAATTGCCATA-1,IDC_5,19
TCCGATGACTGAGCTC-1,Tumor_edge_1,3
TCCGATGGTGCGACAT-1,IDC_5,10
TCCGATTACATTGCCG-1,DCIS/LCIS_3,11
TCCGCCTGTCTACAAG-1,DCIS/LCIS_4,2
TCCGCGGCAGCATCTG-1,IDC_6,3
TCCGCGGCCCAATGAA-1,IDC_2,16
TCCGCTGTCATCCCGG-1,Tumor_edge_6,5
TCCGGAGGAAGGGCTG-1,Healthy_1,4
TCCGGCCTAGCGTACA-1,Healthy_1,18
TCCGGCCTGCATCGAT-1,Tumor_edge_1,14
TCCGGGCTTGACGGGA-1,IDC_2,7
TCCGTAACCACAATCC-1,IDC_5,13
TCCGTTAAGCTAATAT-1,IDC_2,16
TCCGTTTAGCCTTGAA-1,IDC_7,18
TCCTAAAGATTCAGAC-1,IDC_2,9
TCCTAAATTGGGAAGC-1,DCIS/LCIS_4,2
TCCTAACCGTCGGGCA-1,IDC_4,12
TCCTAGCAAAGAAGCT-1,DCIS/LCIS_3,11
TCCTATCATAGGTAAC-1,Tumor_edge_3,3
TCCTCCTAAGACATTC-1,Tumor_edge_2,1
TCCTCGGGCTGGGCTT-1,IDC_6,1
TCCTCTACGAGATGGC-1,Tumor_edge_2,1
TCCTCTCCAGTTGTCC-1,DCIS/LCIS_3,1
TCCTCTGGCCCATTAG-1,Tumor_edge_1,14
TCCTGCCAACTGGAGA-1,Tumor_edge_1,14
TCCTGCGTTGATACTC-1,DCIS/LCIS_3,15
TCCTGGCGCTGCCTGG-1,Healthy_1,4
TCCTTACGACGGTCCG-1,Tumor_edge_5,3
TCCTTCAGTGGTCGAA-1,Tumor_edge_1,19
TCCTTGTCCTTTAATT-1,IDC_2,16
TCCTTTAAATCCGCTT-1,IDC_2,16
TCCTTTCTTACGCTTA-1,IDC_6,10
TCGAAATTTAGGACCA-1,IDC_6,10
TCGAAGAACCGAGCAC-1,DCIS/LCIS_1,17
TCGAATATCCCGCAGG-1,IDC_4,8
TCGACAACTGAACCCG-1,IDC_4,8
TCGACTGACGATGGCT-1,IDC_2,9
TCGAGACCAACACCGT-1,DCIS/LCIS_3,11
TCGAGCCAGGCAGGCC-1,IDC_4,8
TCGAGGGCAACAGACG-1,Tumor_edge_4,14
TCGATAGGCTAGTCGC-1,IDC_5,20
TCGCACCAGGAGGCAG-1,Tumor_edge_5,3
TCGCATAAAGGGCGCA-1,Tumor_edge_4,9
TCGCATCCCTAAGTGT-1,IDC_5,13
TCGCATTCAATGACTT-1,IDC_5,20
TCGCCCAACTGACTCC-1,Healthy_1,4
TCGCCGAAGTTGCGTC-1,DCIS/LCIS_3,15
TCGCCGACATATTCGC-1,IDC_2,9
TCGCCGGTCGATCCGT-1,IDC_5,19
TCGCCTCCTTCGGCTC-1,Tumor_edge_6,9
TCGCGCGTTTACATGA-1,Tumor_edge_6,8
TCGCGTAGCAGTGTCC-1,IDC_2,16
TCGCGTCCAGAAGGTC-1,DCIS/LCIS_3,15
TCGCTAAACCGCTATC-1,Tumor_edge_1,3
TCGCTACTGGCTTTGA-1,IDC_2,9
TCGCTCGATATATTCC-1,Tumor_edge_6,10
TCGCTCGGCACCAGCG-1,Healthy_1,18
TCGCTGCCAATGCTGT-1,IDC_2,16
TCGCTGGGCGGATTGT-1,IDC_7,10
TCGCTGTGCGTAAATC-1,IDC_5,20
TCGCTTAATTACGAAG-1,Healthy_1,18
TCGCTTTAAACGTTTG-1,Tumor_edge_6,3
TCGGAATGACCATCAA-1,DCIS/LCIS_5,6
TCGGAATGCGCTCTGA-1,DCIS/LCIS_3,11
TCGGACGCCCAGCCCA-1,IDC_6,11
TCGGAGAGTATCGGGA-1,Tumor_edge_2,1
TCGGAGTACATGAGTA-1,IDC_7,10
TCGGCGAACCCAAACC-1,Tumor_edge_3,3
TCGGCGTACTGCACAA-1,IDC_3,3
TCGGCTAACTTCCCTT-1,DCIS/LCIS_5,6
TCGGCTTGTATCGACG-1,IDC_2,16
TCGGGAACGTGCCTAG-1,Tumor_edge_3,17
TCGGGAGACAGCGTAC-1,DCIS/LCIS_4,2
TCGGGATTCAAACATA-1,Tumor_edge_2,1
TCGGGCCGTCGTGGTA-1,IDC_1,5
TCGGGTGAAACTGCTA-1,IDC_5,20
TCGGTCCCGACAATAG-1,IDC_4,8
TCGGTCCCTGACTCCA-1,Tumor_edge_1,14
TCGGTGACCGCTCCGG-1,Healthy_1,4
TCGGTTAGCCATGTAG-1,Healthy_1,18
TCGTAAGACGACATTG-1,IDC_7,10
TCGTAAGCTCCGAGGA-1,Healthy_1,4
TCGTACCGACGTCAAG-1,IDC_4,12
TCGTATAGTGCAATTA-1,IDC_5,20
TCGTATTACCCATTGC-1,DCIS/LCIS_3,15
TCGTATTTCGTCCGGA-1,DCIS/LCIS_5,14
TCGTCAAGTACGCGCA-1,IDC_4,8
TCGTCACACTGTTAGC-1,Tumor_edge_2,1
TCGTCCGCTGGCGTCT-1,IDC_5,19
TCGTCCGGGTACACTC-1,Healthy_1,18
TCGTCTTAGGCGTTAA-1,IDC_2,9
TCGTGTATTGGTCACG-1,Tumor_edge_5,3
TCGTGTCACGCTGACA-1,Tumor_edge_2,15
TCGTGTTCGACCACAA-1,DCIS/LCIS_2,14
TCGTTCGTTATTATGT-1,Tumor_edge_1,19
TCGTTGGCTCGTCAAT-1,IDC_5,13
TCGTTTACGCGACCCT-1,IDC_2,7
TCTAAAGAACAGTCTC-1,IDC_3,3
TCTAACCTAGCCTGCG-1,IDC_2,7
TCTAATACTGCCTCAG-1,IDC_4,8
TCTACACGTTCATGCA-1,Healthy_1,18
TCTACCCAATAGAGAG-1,DCIS/LCIS_2,14
TCTACCCGCATCATTT-1,IDC_2,16
TCTACCGTCCACAAGC-1,IDC_7,10
TCTACGGGCTCAGTTG-1,Healthy_1,4
TCTAGCAATCTCCGCC-1,DCIS/LCIS_3,15
TCTAGCATCTTCGATG-1,IDC_5,19
TCTAGCATGCCCAGAA-1,Healthy_2,3
TCTAGGTGGCGACGCT-1,Healthy_1,18
TCTAGTGATATCGTGG-1,DCIS/LCIS_1,17
TCTAGTTATCAGAAGA-1,DCIS/LCIS_3,11
TCTATAGGTGGGTAAT-1,IDC_2,16
TCTATCATGCAGTTAC-1,IDC_5,20
TCTATCCGATTGCACA-1,Tumor_edge_6,16
TCTATCGGTCGCAACA-1,IDC_7,19
TCTATGCTATAACGAC-1,IDC_2,9
TCTATTACGCTGGCGA-1,IDC_5,20
TCTATTACTAGAGGAT-1,Tumor_edge_2,1
TCTCAAATCAATCGGG-1,IDC_2,9
TCTCAGGCTACTCGCT-1,IDC_2,16
TCTCATGAGATAGGGT-1,Tumor_edge_5,3
TCTCCAACGTAGGTTA-1,Tumor_edge_1,3
TCTCCACAAGTTGAAT-1,IDC_2,16
TCTCCCTGGGCAGCGT-1,DCIS/LCIS_4,2
TCTCGAACGAGGTCAC-1,Healthy_1,4
TCTCGACGTATCGCCG-1,Tumor_edge_3,3
TCTCGAGGAGGTTCGC-1,Tumor_edge_5,3
TCTCGGCTCCAGGACT-1,IDC_5,13
TCTCTAATAGCTGGTA-1,IDC_5,19
TCTCTCGCCGCACATA-1,Tumor_edge_4,3
TCTCTTACCGCGAACC-1,IDC_4,12
TCTGAACCGGTCGGCT-1,IDC_5,3
TCTGAACTCGTACCCG-1,Tumor_edge_3,3
TCTGAAGCACGTGGTC-1,DCIS/LCIS_4,9
TCTGAATTCCGTACAA-1,Healthy_1,3
TCTGACGGGCTAACCC-1,Tumor_edge_3,3
TCTGACTGTAATGGTT-1,IDC_5,13
TCTGAGCAATTGACTG-1,Tumor_edge_4,3
TCTGATCGGGTGCTAG-1,DCIS/LCIS_1,17
TCTGATGTATTCTGTC-1,Tumor_edge_5,9
TCTGCATACCTTGCTT-1,IDC_2,16
TCTGCCAGAAACTGCA-1,IDC_1,5
TCTGCGAATCGTTCGC-1,Healthy_1,4
TCTGCGTCCGGTTTCT-1,IDC_5,13
TCTGGGAACCTTTGAA-1,DCIS/LCIS_1,17
TCTGGGTAGCGCTCAT-1,DCIS/LCIS_3,15
TCTGTCATACAAGAGC-1,IDC_5,20
TCTGTGATGGAGGTTG-1,Healthy_1,18
TCTGTGCCATCATAGT-1,IDC_7,10
TCTGTTACCCAGCATA-1,Tumor_edge_2,1
TCTTACAGAGGTACCG-1,IDC_5,20
TCTTACCGGAACTCGT-1,Tumor_edge_6,18
TCTTACGGCATCCGAC-1,Tumor_edge_2,1
TCTTACTTATGCCTCT-1,Tumor_edge_3,3
TCTTAGAGCTCCAATT-1,DCIS/LCIS_1,17
TCTTAGAGTGAACTCT-1,DCIS/LCIS_1,17
TCTTATGGGTAGTACC-1,Tumor_edge_6,6
TCTTCCCATGGGCACA-1,Healthy_1,18
TCTTCGAATAGACGTT-1,IDC_6,11
TCTTCGATACCAATAA-1,IDC_6,10
TCTTCGCGGTGAGAGG-1,DCIS/LCIS_2,14
TCTTCTATAACCCGCC-1,Tumor_edge_6,17
TCTTGATGCGTAGCGA-1,IDC_6,10
TCTTGCTCCCGATACT-1,Tumor_edge_6,2
TCTTGGTAACACCAAA-1,Tumor_edge_6,19
TCTTTAAGACTATGAA-1,Tumor_edge_3,3
TCTTTAGAGTCTAACA-1,Tumor_edge_3,3
TCTTTAGCAGGCGAAC-1,DCIS/LCIS_1,17
TCTTTCTCTTAAGGAG-1,DCIS/LCIS_5,6
TGAAACTTATGCAAGC-1,DCIS/LCIS_5,6
TGAAAGGACCTGACTC-1,IDC_6,3
TGAACAAGCAGGGACT-1,IDC_4,12
TGAATACCGACGCGTA-1,IDC_2,9
TGAATATGCTATAAAC-1,Healthy_1,4
TGAATGAGTGTTTCCC-1,IDC_4,12
TGAATGTCAGCCGGCC-1,Tumor_edge_3,3
TGACACTTCTCTTTGC-1,Healthy_1,4
TGACATCGAGCGGACC-1,DCIS/LCIS_1,17
TGACATGTAACGTGAC-1,Tumor_edge_6,3
TGACCAAATCTTAAAC-1,Tumor_edge_6,2
TGACCAGCTTCAAAGT-1,Healthy_1,18
TGACCCACGTTAGACA-1,DCIS/LCIS_3,11
TGACGAATATTTCCCT-1,Tumor_edge_2,15
TGACGATGCACTAGAA-1,Tumor_edge_6,3
TGACTATAATCCTTTC-1,Healthy_2,1
TGACTCCGAATCATAC-1,IDC_4,8
TGAGAATGCTTTACCG-1,IDC_5,19
TGAGAGATTTACCACG-1,IDC_1,5
TGAGATCAAATACTCA-1,DCIS/LCIS_5,6
TGAGATTAGGCCCTAA-1,Healthy_1,4
TGAGCAGTCGTGAAGT-1,Tumor_edge_1,20
TGAGCCATACAGTCTC-1,DCIS/LCIS_3,15
TGAGCGGAAAGTGTTC-1,DCIS/LCIS_4,2
TGAGCTTTAATGACGC-1,Tumor_edge_1,3
TGAGGAGTGCCAGCTT-1,DCIS/LCIS_4,2
TGAGGTGTGTGGCGGA-1,IDC_4,12
TGAGTAAATTAGCGTA-1,Healthy_2,11
TGAGTGCCTCTTAAAT-1,DCIS/LCIS_3,15
TGAGTGGTCCGTGACG-1,IDC_7,18
TGAGTGTAACAACGGG-1,IDC_2,16
TGAGTTAAAGACATTC-1,Tumor_edge_3,3
TGATAGCGGGATTCTA-1,Tumor_edge_2,1
TGATCACCACACTGAC-1,IDC_4,12
TGATCAGGGAACTGCT-1,Tumor_edge_6,15
TGATCCCAGCATTAGT-1,Tumor_edge_3,18
TGATCGGTTTGACCCT-1,IDC_6,10
TGATCTACGCTGATCT-1,Healthy_1,4
TGATCTATCACACTCT-1,IDC_2,9
TGATCTCCGGCGCCAG-1,IDC_6,10
TGATGGCTGTTTCTGA-1,Tumor_edge_3,3
TGATGTCAATTAAGTG-1,Tumor_edge_4,9
TGATTATGGCACGCAG-1,Healthy_1,4
TGATTCCCGGTTACCT-1,IDC_4,12
TGATTCGTCTATCACT-1,DCIS/LCIS_3,11
TGATTCTGTCGCCGGT-1,DCIS/LCIS_3,15
TGATTTATTAGCTGTG-1,DCIS/LCIS_3,15
TGATTTCCTCCTGACG-1,IDC_5,20
TGCAAAGTTCGTCTGT-1,IDC_4,12
TGCAACCCATCTGCGG-1,IDC_2,16
TGCAACTACTGGTTGA-1,IDC_2,9
TGCAAGAATGACGTAA-1,IDC_6,10
TGCAATCTAACACGGT-1,IDC_2,9
TGCAATTTGGGCACGG-1,Healthy_1,4
TGCACAGTGAAGTTAT-1,Healthy_1,4
TGCACGAGTCGGCAGC-1,DCIS/LCIS_5,6
TGCAGAACTATATCGT-1,Tumor_edge_2,1
TGCAGAGTACCGAGCA-1,DCIS/LCIS_3,11
TGCAGATCGTCCTAGG-1,Tumor_edge_2,1
TGCAGCTACGTACTTC-1,Tumor_edge_2,1
TGCAGGATCGGCAAAG-1,IDC_7,10
TGCAGTGAGGCTCGGG-1,Healthy_1,4
TGCAGTGGTAGGGAAC-1,IDC_4,8
TGCAGTTTCCTCCCAT-1,IDC_1,5
TGCATATGTCTGTCAC-1,Healthy_1,3
TGCATGGATCGGATCT-1,IDC_7,19
TGCATGTGACCCATAG-1,IDC_4,12
TGCATGTGGTAATCTA-1,IDC_7,10
TGCCAAAGTCAGACTT-1,Tumor_edge_2,1
TGCCACCTGGCGAAAC-1,Tumor_edge_1,3
TGCCAGTACGTGGAGA-1,Healthy_2,3
TGCCATTACTAAAGAA-1,Tumor_edge_1,3
TGCCCGATAGTTAGAA-1,IDC_2,16
TGCCGAAAGCGTATTC-1,DCIS/LCIS_1,17
TGCCGGATGTACGAGC-1,IDC_4,8
TGCCGTGGATCGTCCT-1,DCIS/LCIS_4,2
TGCCGTGGGACCCAAT-1,Tumor_edge_6,9
TGCCTAATTGAAGATT-1,Tumor_edge_6,14
TGCCTGACATCGGTCA-1,IDC_5,13
TGCCTGATCAAACGAT-1,IDC_7,19
TGCCTTGGCCAGGCAA-1,Tumor_edge_5,9
TGCGAATATGGGATTT-1,Tumor_edge_2,1
TGCGACACCCTAGTGC-1,DCIS/LCIS_3,15
TGCGACGGCCGAACGT-1,IDC_4,8
TGCGAGAATATTACCC-1,Tumor_edge_2,1
TGCGAGATGGCGGCCA-1,Healthy_1,18
TGCGAGCCCTTCCGCG-1,Healthy_1,4
TGCGCAAAGCATTTGG-1,IDC_6,10
TGCGCGATTAACGGAG-1,IDC_6,10
TGCGGACTTGACTCCG-1,IDC_2,7
TGCGGAGTAAAGGTGC-1,IDC_7,10
TGCGGCATAGTTCAAC-1,IDC_5,20
TGCGGGTATTGGGATC-1,DCIS/LCIS_5,6
TGCGGTGAAATTTCAT-1,Tumor_edge_1,19
TGCGTAAGAACCTGAT-1,DCIS/LCIS_3,15
TGCGTACGGCTAATTG-1,IDC_2,7
TGCGTCATGACTGAGC-1,IDC_3,3
TGCGTGATTGGGTGTC-1,IDC_5,13
TGCGTTTGTTGACACT-1,IDC_1,5
TGCTAAGTGTCTATTT-1,IDC_2,16
TGCTATACAAACGGAC-1,DCIS/LCIS_5,19
TGCTATGGCAAAGGGA-1,IDC_4,12
TGCTCCACAGTTCTTA-1,Tumor_edge_3,3
TGCTCGGCGAAACCCA-1,DCIS/LCIS_4,2
TGCTCGGTGGGTCACC-1,IDC_2,16
TGCTCTTGAGAGTTTG-1,Tumor_edge_6,2
TGCTGGTTGGACAATT-1,IDC_5,19
TGCTGTTGAAGAACTC-1,IDC_6,11
TGCTTAGAGAGAATGC-1,IDC_4,8
TGCTTCCCAAGCAGTA-1,DCIS/LCIS_4,2
TGCTTGAAACCATGCA-1,IDC_5,13
TGGAAACGGAGTGAAC-1,IDC_5,13
TGGAACCACTGACACA-1,Healthy_1,18
TGGAAGAAGGGAACGT-1,DCIS/LCIS_3,15
TGGAAGACGAACACCA-1,IDC_5,20
TGGAAGGATAAAGATG-1,IDC_7,19
TGGAATATCCTTGACC-1,Healthy_1,4
TGGAATTAGACGCTTT-1,Tumor_edge_2,1
TGGACCAATCTAAGAT-1,DCIS/LCIS_4,2
TGGACCACGGCGTTGA-1,IDC_5,13
TGGACGCAATCCAGCC-1,IDC_4,8
TGGACTGTTCGCTCAA-1,IDC_6,11
TGGAGAATAATCGTCC-1,IDC_4,12
TGGAGCTAAAGTTCCC-1,DCIS/LCIS_5,6
TGGAGGGAAACACCTC-1,Healthy_1,4
TGGAGTGATGCGATGA-1,DCIS/LCIS_3,11
TGGATAGAGTAACAGA-1,IDC_5,13
TGGCAAACTAAATTAC-1,Healthy_2,3
TGGCAACTCGCGCGCC-1,Tumor_edge_1,3
TGGCAAGCACAAGTCG-1,IDC_4,12
TGGCAATGGGACGGCG-1,Tumor_edge_4,3
TGGCACGAGCTCGAGT-1,Healthy_1,18
TGGCAGATTACGATCA-1,DCIS/LCIS_3,11
TGGCAGCAGTAATAGT-1,DCIS/LCIS_3,11
TGGCATGAAGTTTGGG-1,IDC_4,5
TGGCCAAACTGAAGTA-1,IDC_7,10
TGGCCAATTTGGTACT-1,IDC_3,3
TGGCCGTATATTGACC-1,IDC_6,10
TGGCGGTGTGCGATTG-1,IDC_5,20
TGGCTACACTCTACCT-1,IDC_2,7
TGGCTATGTGACATAC-1,DCIS/LCIS_4,2
TGGCTCTTGTCGCGTA-1,Tumor_edge_2,1
TGGCTTGTACAAGCTT-1,Healthy_1,4
TGGCTTTGGGTAGACA-1,IDC_5,19
TGGGAAATGCCTTTCC-1,IDC_5,13
TGGGATGCACTCATTC-1,Healthy_1,4
TGGGCAATAGTTGGGT-1,Tumor_edge_3,3
TGGGCACAAACAGAAC-1,IDC_5,20
TGGGCACGTTCTATGG-1,Tumor_edge_1,19
TGGGCAGGCCACCGCA-1,Tumor_edge_5,3
TGGGCCACAAGAGCGC-1,IDC_7,19
TGGGCCCATACTAATT-1,Tumor_edge_5,5
TGGGCGATACAATAAG-1,Tumor_edge_6,3
TGGGTAAGGTTCCCGC-1,Tumor_edge_1,3
TGGGTGCACAAGCCAT-1,IDC_2,9
TGGGTGGGATGTCATT-1,Healthy_1,18
TGGGTGTAATAGATTT-1,IDC_2,7
TGGGTGTTAAGTAGAA-1,Tumor_edge_6,9
TGGGTTTCGGGCGTAC-1,IDC_4,8
TGGTAAGCAGGATTGA-1,Tumor_edge_2,1
TGGTAGAATATATGGG-1,Tumor_edge_3,3
TGGTATCGCATCCCAA-1,DCIS/LCIS_5,6
TGGTATCGGTCTGTAT-1,DCIS/LCIS_5,19
TGGTCCCACGCTACGG-1,DCIS/LCIS_4,3
TGGTCTGTTGGGCGTA-1,DCIS/LCIS_3,15
TGGTGATCGTATTTGT-1,Tumor_edge_2,1
TGGTGCCCTGCCTTAC-1,IDC_4,12
TGGTTAAGGGCGCTGG-1,Healthy_1,18
TGGTTCAACGGGTAAT-1,Healthy_2,3
TGGTTCGTAGCAAAGG-1,IDC_5,19
TGGTTGGAGGATCCTG-1,Tumor_edge_1,4
TGGTTTAAACGTGGGT-1,Healthy_1,18
TGTACCCGACCCTAAT-1,IDC_4,8
TGTACCTACACGAGGG-1,IDC_2,16
TGTACGAACAAATCCG-1,DCIS/LCIS_3,11
TGTACTACTCTCACGG-1,Healthy_1,4
TGTACTTCCGGGCATG-1,IDC_2,7
TGTAGCCAATTCCGTT-1,IDC_2,16
TGTAGCCATCCCATTC-1,Tumor_edge_4,9
TGTAGGAGAAATTTCC-1,Healthy_1,3
TGTAGTGATCTATAAT-1,DCIS/LCIS_3,15
TGTATAACAGATCCTG-1,IDC_7,10
TGTATCAGACTGAAGC-1,Healthy_1,4
TGTATCCTTATTCCAT-1,IDC_5,20
TGTATGGCGCAGACAG-1,Tumor_edge_3,3
TGTATTTACCTAATGC-1,Healthy_1,18
TGTCATTTGTTGGGAA-1,Healthy_1,4
TGTCCACGGCTCAACT-1,IDC_2,7
TGTCCCGACATAGCAC-1,IDC_5,20
TGTCCGCAAACAATTC-1,IDC_4,12
TGTCCGTGGCGCCTTT-1,Tumor_edge_2,1
TGTCCTAAGTCACCGC-1,DCIS/LCIS_3,15
TGTCGGCATGGTGGAA-1,IDC_5,13
TGTCGTGGGTATAGGC-1,IDC_4,12
TGTCGTTATCACATAT-1,IDC_4,8
TGTCTACAGTTTCTGT-1,IDC_5,20
TGTGACTACGCCAGTC-1,IDC_7,19
TGTGACTAGAGTTTGC-1,IDC_2,7
TGTGAGACTAGCCCAA-1,DCIS/LCIS_4,2
TGTGCCGGTGCCGGAA-1,IDC_2,16
TGTGCTTTACGTAAGA-1,Tumor_edge_2,1
TGTGGAGGAAGCTTAA-1,DCIS/LCIS_5,6
TGTGGCAAAGCGTATG-1,IDC_7,18
TGTGGCGGGCTTCTGG-1,DCIS/LCIS_4,2
TGTGGCTCCCACCAAC-1,Tumor_edge_3,3
TGTGGTTGCTAAAGCT-1,IDC_4,12
TGTGTAGTAGCACGTG-1,DCIS/LCIS_2,14
TGTGTCGCGAGTTGCA-1,IDC_5,1
TGTGTTCGTATCCAAG-1,DCIS/LCIS_3,11
TGTTATTGTATGTGGC-1,IDC_1,5
TGTTCCGCTTCCATGA-1,DCIS/LCIS_3,11
TGTTCCGGCCTGAGCT-1,IDC_2,9
TGTTCTCTACTCCCTA-1,Healthy_1,4
TGTTCTTCCATTGACT-1,DCIS/LCIS_3,11
TGTTGTCAAGAAGTCT-1,Tumor_edge_1,3
TGTTTAATACTTCATC-1,DCIS/LCIS_5,6
TGTTTCGGTACTTCTC-1,IDC_5,19
TGTTTGAGATCGTCAG-1,Tumor_edge_3,3
TTAAACAGAGTCCCGC-1,IDC_5,13
TTAAACCGGTAGCGAC-1,IDC_5,20
TTAAACCTGGTTCCTT-1,Tumor_edge_2,1
TTAAACTCGAATTCAT-1,Healthy_1,18
TTAAAGGCGATGCTCG-1,IDC_4,12
TTAAAGTAAGTCGCCA-1,IDC_2,7
TTAACACCTCGAACAT-1,Tumor_edge_2,1
TTAACCAACCCTCCCT-1,IDC_5,19
TTAACGAACAAGCAGT-1,Healthy_1,4
TTAACGTCGCAAGACC-1,IDC_5,20
TTAACTCACGCGTGGA-1,Tumor_edge_2,1
TTAACTTCAGGTAGGA-1,Tumor_edge_2,1
TTAAGACGAACGAACC-1,Healthy_1,18
TTAAGATAGGATTGAC-1,DCIS/LCIS_1,17
TTAAGCCGACAACTTC-1,Tumor_edge_1,6
TTAAGCGCCTGACCCA-1,DCIS/LCIS_3,11
TTAAGGATACGGAGGT-1,IDC_5,20
TTAAGGCCCGTACTTT-1,IDC_4,8
TTAAGTATTGTTATCC-1,IDC_2,9
TTAATCAGTACGTCAG-1,Tumor_edge_1,3
TTAATGCGAGGTAACT-1,DCIS/LCIS_5,6
TTAATGTAGACCAGGT-1,IDC_7,10
TTAATTGCTTTGGGTG-1,DCIS/LCIS_4,2
TTAATTTCAGACGCGG-1,Tumor_edge_6,19
TTACAACTACGCATCC-1,IDC_5,19
TTACACGATCTGCGAC-1,Tumor_edge_4,9
TTACAGACCTAAATGA-1,Healthy_1,18
TTACATCGTGGCCTGG-1,IDC_5,19
TTACATGCCACAACTA-1,DCIS/LCIS_1,17
TTACCATTGATTACCC-1,DCIS/LCIS_3,15
TTACCCATTGCCGGGT-1,Tumor_edge_1,3
TTACCCTAACAGTCCT-1,Tumor_edge_2,1
TTACCCTAGGGATTGG-1,DCIS/LCIS_4,2
TTACCGCCTTAGGGAA-1,IDC_5,13
TTACGGATGGTTCGAG-1,Healthy_1,18
TTACGGTGTCACCGAG-1,Tumor_edge_6,13
TTACGTATCTATGACA-1,Tumor_edge_4,9
TTACTAAAGGACTTTA-1,Healthy_2,3
TTACTCCGGCCGGGAA-1,IDC_6,11
TTACTCTGGTACGTAC-1,DCIS/LCIS_3,15
TTACTGGGATATTTCA-1,DCIS/LCIS_3,11
TTACTGTCTAGAGCTC-1,Healthy_1,4
TTACTGTTTCTCTACG-1,DCIS/LCIS_5,6
TTAGAAGAACATGACT-1,Healthy_2,2
TTAGAATAAGGGTCGG-1,IDC_4,12
TTAGACACGATCGTTG-1,Tumor_edge_1,3
TTAGACGAGTCACCTC-1,Healthy_2,3
TTAGAGTTTAGAAGGA-1,Tumor_edge_5,5
TTAGATAGGTCGATAC-1,IDC_5,13
TTAGCAACATGGATGT-1,IDC_5,13
TTAGCTAATACGATCT-1,Healthy_1,18
TTAGCTGATTTGCCGT-1,IDC_1,3
TTAGGTCATAACCGAC-1,IDC_4,8
TTAGTAAACCTGCTCT-1,IDC_2,16
TTAGTAGGGCGGCGGG-1,DCIS/LCIS_3,15
TTAGTTATTCGTGGCA-1,Tumor_edge_5,3
TTAGTTCAAGTGTTCG-1,Healthy_1,4
TTATAGATGCACATTA-1,Tumor_edge_1,19
TTATAGGTAATTGTCT-1,DCIS/LCIS_4,2
TTATAGTCCAAGGTGC-1,Healthy_1,18
TTATATACGCTGTCAC-1,IDC_6,11
TTATATTTGGCAATCC-1,IDC_7,10
TTATCCAATCGAACTC-1,IDC_5,20
TTATCCGGGATCTATA-1,IDC_2,9
TTATCCTCAAGGAATA-1,IDC_3,3
TTATCGCCTGCGAAGC-1,Tumor_edge_2,1
TTATCTGTATCATAAC-1,IDC_5,19
TTATGAATGAAAGGGA-1,IDC_6,15
TTATGACAAACTGGAT-1,Tumor_edge_2,11
TTATGATCTTAACGAA-1,Tumor_edge_6,5
TTATGCGTCCCGGTCC-1,IDC_5,20
TTATGTTTGCGATAGA-1,Tumor_edge_2,1
TTATTAGGGAAGCATC-1,IDC_5,19
TTCAAAGTCTCTAGCC-1,IDC_6,11
TTCAACGACCCGACCG-1,IDC_5,19
TTCAAGCCGAGCTGAG-1,Tumor_edge_1,6
TTCAATTAGCCATAAT-1,DCIS/LCIS_5,6
TTCACGAAAGGATCAC-1,DCIS/LCIS_3,11
TTCACTCGAGCACCTA-1,DCIS/LCIS_4,2
TTCACTTCCTAGAACG-1,IDC_4,12
TTCAGAGTAACCTGAC-1,IDC_5,13
TTCAGCCCTGGTCCAC-1,Tumor_edge_5,5
TTCAGCTGGCGTGCCC-1,IDC_2,16
TTCAGGCGTCAAAGCC-1,Tumor_edge_2,1
TTCAGTTCAAGAGGAG-1,IDC_4,12
TTCATAGCCTTGTAAC-1,IDC_5,13
TTCATGGCGCAACAGG-1,Tumor_edge_1,3
TTCCAATCAGAGCTAG-1,Healthy_1,18
TTCCAATCTGGCTATC-1,DCIS/LCIS_3,15
TTCCAGACGAGATTTA-1,DCIS/LCIS_1,17
TTCCATCATGCGGTGA-1,Healthy_1,4
TTCCATCGACAGCGTG-1,Tumor_edge_4,9
TTCCCGGCGCCAATAG-1,IDC_3,3
TTCCGCAGAGAAATAT-1,Healthy_1,4
TTCCGCGTGAGGCGAT-1,Healthy_2,1
TTCCGGCTCGACTTCT-1,Healthy_1,4
TTCCGGTATCTGTGTC-1,DCIS/LCIS_1,17
TTCCGGTTACCCACTT-1,IDC_1,5
TTCCTCGAGGGTGTCT-1,IDC_5,19
TTCCTCGGACTAACCA-1,Tumor_edge_5,3
TTCCTTTCTGTGTTGC-1,IDC_5,13
TTCGACAGAGCCCGTG-1,Healthy_2,2
TTCGACGGGAAGGGCG-1,IDC_6,19
TTCGAGCCGGCGCTAC-1,Healthy_1,18
TTCGCACTCGCGTGCT-1,IDC_6,10
TTCGCACTGTACGACA-1,DCIS/LCIS_4,2
TTCGCATCCGGAAGCA-1,IDC_5,13
TTCGCGCGCCATACGA-1,IDC_4,12
TTCGCTAGGAAGTTGT-1,Tumor_edge_3,3
TTCGCTATCTGACGTG-1,Healthy_1,4
TTCGGACTGATGCCTT-1,Healthy_1,18
TTCGGCAACCCGCTGA-1,Tumor_edge_1,18
TTCGGCTAGAGATGGT-1,IDC_5,13
TTCGGGACTAATCGCG-1,IDC_6,11
TTCGGGTTGCCACGGG-1,DCIS/LCIS_2,14
TTCGGTACTGTAGAGG-1,Tumor_edge_6,2
TTCGTAATCCCAGCGG-1,Tumor_edge_1,14
TTCGTACTCCAGAACG-1,DCIS/LCIS_3,11
TTCGTTCAACGAAGTT-1,Healthy_1,4
TTCTAACCGAAGCTTA-1,Healthy_1,1
TTCTACCTCAATCGGT-1,IDC_4,8
TTCTACCTTTATGTTG-1,Tumor_edge_1,14
TTCTACTTGCGAGGGC-1,IDC_5,13
TTCTAGAAAGTCTTAT-1,IDC_4,12
TTCTAGGCCAATTGTG-1,IDC_5,19
TTCTATGCCTTTCGCA-1,Tumor_edge_3,3
TTCTATTAAACGCAGC-1,IDC_4,12
TTCTCAATTGCTACAA-1,IDC_4,8
TTCTGACCGGGCTCAA-1,IDC_2,9
TTCTGCCGCGCCTAGA-1,Healthy_2,3
TTCTGCGGGTTAGCGG-1,IDC_1,5
TTCTGCTAGACTCCAA-1,Tumor_edge_3,18
TTCTTAGTGAACGGTG-1,IDC_5,13
TTCTTAGTGGCTCAGA-1,IDC_5,19
TTCTTATCCGCTGGGT-1,Tumor_edge_6,3
TTCTTCCCTTTGATAT-1,DCIS/LCIS_5,6
TTCTTGAGCCGCGCTA-1,DCIS/LCIS_3,15
TTCTTGCTAGCATCTC-1,DCIS/LCIS_1,17
TTCTTGGACGATCTGC-1,Tumor_edge_2,3
TTCTTGGAGTAATGAG-1,Tumor_edge_1,3
TTCTTGTAACCTAATG-1,IDC_5,1
TTCTTTGGTCGCGACG-1,Healthy_1,18
TTGAAAGGTGTAAAGG-1,Healthy_1,4
TTGAACGAATCCTTTG-1,IDC_5,13
TTGAACGACGTGCTGA-1,IDC_2,16
TTGAAGAATTCCCAGG-1,DCIS/LCIS_3,11
TTGAAGGATGGGCGCC-1,IDC_4,8
TTGAATATGGACTTTC-1,IDC_6,10
TTGAATCGTTGTATAA-1,IDC_3,3
TTGAATTCACGTGAGG-1,DCIS/LCIS_1,17
TTGACAGGAGCTCCCG-1,Tumor_edge_3,3
TTGACATGAACGTGGA-1,DCIS/LCIS_3,15
TTGACCAGGAACAACT-1,IDC_2,9
TTGACCATGTTCTCCG-1,Tumor_edge_1,10
TTGACCGTGTTAATGA-1,Tumor_edge_2,1
TTGACGATTCAGCACG-1,IDC_5,20
TTGACGCTCCATGAGC-1,DCIS/LCIS_1,17
TTGACTACCATATGGT-1,DCIS/LCIS_3,15
TTGACTATTGTCCGGC-1,Tumor_edge_3,3
TTGAGAAGTTTAGCAT-1,IDC_2,16
TTGAGAGTACTGCTAA-1,DCIS/LCIS_3,15
TTGAGCAGCCCACGGT-1,Tumor_edge_3,3
TTGAGCGCCACGTGAT-1,DCIS/LCIS_1,17
TTGAGGCATTTAACTC-1,Healthy_1,3
TTGAGTCCCGCTGCTG-1,DCIS/LCIS_1,17
TTGATAGTCAATACAT-1,Tumor_edge_3,18
TTGATCTAACTTTGTC-1,IDC_6,10
TTGATGCCGCTCGTCG-1,IDC_4,12
TTGATGTGTAGTCCCG-1,Healthy_1,18
TTGATTAGCTGTTTCT-1,DCIS/LCIS_3,15
TTGATTATGCAGATGA-1,Tumor_edge_2,11
TTGCAAGAAGACTCCT-1,IDC_2,9
TTGCACAATTCAGAAA-1,DCIS/LCIS_3,11
TTGCACGGAGCAGCAC-1,IDC_5,19
TTGCATGCTGATCACG-1,DCIS/LCIS_3,15
TTGCCAAGCAGAACCC-1,Tumor_edge_3,3
TTGCCATAGCCCGCTC-1,Tumor_edge_2,5
TTGCCCTGATCACGGG-1,DCIS/LCIS_3,15
TTGCCGCAGACCTACA-1,IDC_4,8
TTGCCGCTTTCTAGTA-1,DCIS/LCIS_4,2
TTGCCGGTGATCCCTC-1,Healthy_1,4
TTGCCTAATCCAAAGT-1,IDC_4,8
TTGCCTTCTCGCCGGG-1,IDC_2,7
TTGCGCACAACCACGT-1,Tumor_edge_6,9
TTGCGCTTGATCAATA-1,IDC_2,7
TTGCGGCGACTCATGC-1,DCIS/LCIS_5,6
TTGCGTAGTTTGAGGA-1,Tumor_edge_2,1
TTGCGTGAACGCTTAG-1,Healthy_1,4
TTGCGTGTGTAGGCAT-1,IDC_2,16
TTGCTCATAGTACGTG-1,IDC_2,7
TTGCTCCCATACCGGA-1,IDC_7,10
TTGCTGAAGGAACCAC-1,IDC_5,19
TTGCTGATCATGTTCG-1,Tumor_edge_6,11
TTGCTGCACCTATCCA-1,Tumor_edge_6,1
TTGCTGGCCGGGCTTC-1,DCIS/LCIS_5,6
TTGGAAGAATACAGTC-1,Tumor_edge_6,1
TTGGACATGTGGCTTA-1,DCIS/LCIS_3,15
TTGGACCATCTGGCAA-1,Tumor_edge_5,3
TTGGACCTATAACAGT-1,IDC_2,16
TTGGAGTCTCCCTTCT-1,IDC_5,20
TTGGATATCGTCTACG-1,DCIS/LCIS_3,1
TTGGATCGACTTCTGG-1,Tumor_edge_1,19
TTGGATTGGGTACCAC-1,IDC_5,19
TTGGCCAAATTGTATC-1,IDC_4,9
TTGGCCATCTTGCGCT-1,IDC_5,13
TTGGCCTAGAATTTCG-1,Tumor_edge_1,3
TTGGCGATCCGAATAT-1,DCIS/LCIS_1,17
TTGGCTCAATATGTGT-1,Tumor_edge_4,9
TTGGCTCGCATGAGAC-1,IDC_5,1
TTGGGAAGACGAGCCG-1,Tumor_edge_6,9
TTGGGACACTGCCCGC-1,IDC_7,10
TTGGGACGTAAGAGTT-1,Tumor_edge_5,3
TTGGGCGGCGGTTGCC-1,IDC_7,10
TTGGTATGGCTTGTGT-1,DCIS/LCIS_1,17
TTGGTCACACTCGTAA-1,DCIS/LCIS_3,1
TTGGTTGCGGTGCGCG-1,Tumor_edge_2,3
TTGTAAGGACCTAAGT-1,DCIS/LCIS_3,15
TTGTAAGGCCAGTTGG-1,IDC_7,10
TTGTAATCCGTACTCG-1,DCIS/LCIS_3,11
TTGTATCACACAGAAT-1,Tumor_edge_1,6
TTGTCGTTCAGTTACC-1,IDC_5,19
TTGTGAACCTAATCCG-1,IDC_2,16
TTGTGAGGCATGACGC-1,Tumor_edge_2,1
TTGTGATCTGTTCAGT-1,IDC_2,7
TTGTGCAGCCACGTCA-1,DCIS/LCIS_4,2
TTGTGGCCCTGACAGT-1,IDC_5,19
TTGTGGTAGGAGGGAT-1,Tumor_edge_2,1
TTGTGGTGGTACTAAG-1,IDC_2,7
TTGTGTATGCCACCAA-1,DCIS/LCIS_4,2
TTGTTAGCAAATTCGA-1,IDC_5,19
TTGTTCAGTGTGCTAC-1,IDC_7,10
TTGTTGTGTGTCAAGA-1,IDC_7,10
TTGTTTCACATCCAGG-1,IDC_4,12
TTGTTTCATTAGTCTA-1,IDC_4,8
TTGTTTCCATACAACT-1,Tumor_edge_2,1
TTGTTTGTGTAAATTC-1,Tumor_edge_1,20
