,ground_truth,domain
AAACAAGTATCTCCCA-1,Tumor_edge_5,6
AAACACCAATAACTGC-1,IDC_4,17
AAACAGAGCGACTCCT-1,Healthy_1,2
AAACAGGGTCTATATT-1,IDC_3,6
AAACAGTGTTCCTGGG-1,IDC_4,18
AAACATTTCCCGGATT-1,IDC_2,11
AAACCCGAACGAAATC-1,Tumor_edge_3,6
AAACCGGGTAGGTACC-1,DCIS/LCIS_3,9
AAACCTAAGCAGCCGG-1,IDC_2,3
AAACCTCATGAAGTTG-1,Tumor_edge_2,9
AAACGAAGAACATACC-1,DCIS/LCIS_5,14
AAACGAGACGGTTGAT-1,IDC_6,12
AAACGCCCGAGATCGG-1,Healthy_1,2
AAACGGGCGTACGGGT-1,IDC_2,3
AAACGGTTGCGAACTG-1,Tumor_edge_6,1
AAACGTGTTCGCCCTA-1,Healthy_1,2
AAACTAACGTGGCGAC-1,Healthy_1,2
AAACTCGGTTCGCAAT-1,IDC_2,3
AAACTCGTGATATAAG-1,Healthy_1,2
AAACTGCTGGCTCCAA-1,Healthy_2,5
AAACTTAATTGCACGC-1,IDC_4,17
AAACTTGCAAACGTAT-1,Tumor_edge_2,5
AAAGAATGTGGACTAA-1,IDC_2,16
AAAGACCCAAGTCGCG-1,IDC_5,7
AAAGACTGGGCGCTTT-1,Tumor_edge_2,5
AAAGCTTGCCTACATA-1,Healthy_1,2
AAAGGCCCTATAATAC-1,IDC_4,17
AAAGGCTACGGACCAT-1,DCIS/LCIS_4,8
AAAGGCTCTCGCGCCG-1,Healthy_2,8
AAAGGGATGTAGCAAG-1,IDC_7,10
AAAGGGCAGCTTGAAT-1,Tumor_edge_2,5
AAAGGTAAGCTGTACC-1,Healthy_1,2
AAAGTAGCATTGCTCA-1,Tumor_edge_2,5
AAAGTCACTGATGTAA-1,IDC_5,7
AAAGTCGACCCTCAGT-1,Tumor_edge_2,5
AAAGTGTGATTTATCT-1,Tumor_edge_3,6
AAAGTTGACTCCCGTA-1,Tumor_edge_3,14
AAATAACCATACGGGA-1,Tumor_edge_1,2
AAATAAGGTAGTGCCC-1,Tumor_edge_3,20
AAATACCTATAAGCAT-1,Healthy_2,5
AAATAGCTTAGACTTT-1,DCIS/LCIS_1,14
AAATAGGGTGCTATTG-1,DCIS/LCIS_4,8
AAATCCGATACACGCC-1,IDC_2,3
AAATCGTGTACCACAA-1,DCIS/LCIS_3,12
AAATCTAGCCCTGCTA-1,IDC_2,11
AAATGATTCGATCAGC-1,Healthy_1,2
AAATGCTCGTTACGTT-1,IDC_5,15
AAATGGCATGTCTTGT-1,Tumor_edge_1,13
AAATGGCCCGTGCCCT-1,IDC_3,6
AAATGGTCAATGTGCC-1,DCIS/LCIS_3,12
AAATGTGGGTGCTCCT-1,DCIS/LCIS_5,6
AAATTAACGGGTAGCT-1,DCIS/LCIS_3,12
AAATTACACGACTCTG-1,Tumor_edge_1,6
AAATTACCTATCGATG-1,Healthy_1,2
AAATTCCAGGTCCAAA-1,DCIS/LCIS_1,14
AAATTGATAGTCCTTT-1,IDC_4,17
AAATTGCGGCGGTTCT-1,IDC_5,15
AAATTGGTGAGAAGCA-1,Healthy_1,2
AAATTTACCGAAATCC-1,Healthy_1,2
AAATTTGCGGGTGTGG-1,DCIS/LCIS_3,9
AACAACTGGTAGTTGC-1,IDC_6,10
AACAATACATTGTCGA-1,IDC_4,17
AACAATTACTCTACGC-1,DCIS/LCIS_3,12
AACACACGCTCGCCGC-1,IDC_2,11
AACACGACTGTACTGA-1,DCIS/LCIS_5,14
AACACGAGACGCGGCC-1,Tumor_edge_2,5
AACACGCGGCCGCGAA-1,IDC_5,15
AACAGCTGTGTGGCAA-1,IDC_4,17
AACAGGAAATCGAATA-1,Tumor_edge_1,13
AACAGGATGGGCCGCG-1,DCIS/LCIS_3,12
AACAGGTAGTATGGAT-1,Tumor_edge_3,6
AACATATCAACTGGTG-1,Healthy_1,2
AACATCGATACGTCTA-1,Healthy_1,2
AACATTGAAGTTGATC-1,IDC_4,17
AACATTGTGACTCGAG-1,IDC_4,1
AACCAAGACTTCTCTG-1,DCIS/LCIS_3,9
AACCAGTATCACTCTT-1,Healthy_1,2
AACCATAGGGTTGAAC-1,IDC_4,17
AACCATGGGATCGCTA-1,IDC_5,15
AACCCAGAGACGGAGA-1,IDC_5,7
AACCCATCCCATGATC-1,IDC_4,17
AACCCGACAACCCGTG-1,IDC_4,1
AACCCGAGCAGAATCG-1,DCIS/LCIS_2,4
AACCCGCTGTATTCCA-1,IDC_4,1
AACCCTACTGTCAATA-1,Tumor_edge_3,14
AACCCTGGTGGAACCA-1,DCIS/LCIS_5,14
AACCGAGCTTGGTCAT-1,IDC_7,10
AACCGCTAAGGGATGC-1,Tumor_edge_5,6
AACCGTTGTGTTTGCT-1,Tumor_edge_1,13
AACCTCGCTTTAGCCC-1,Tumor_edge_6,3
AACCTGTCACGGAATT-1,DCIS/LCIS_1,14
AACCTTTAAATACGGT-1,DCIS/LCIS_4,8
AACCTTTACGACGTCT-1,Healthy_1,2
AACGATAATGCCGTAG-1,DCIS/LCIS_4,8
AACGATAGAAGGGCCG-1,IDC_5,7
AACGATATGTCAACTG-1,IDC_7,10
AACGCATGATCTGGGT-1,Healthy_1,2
AACGCGAACGGCAACA-1,IDC_5,15
AACGCGACCTTGGGCG-1,IDC_4,1
AACGCGGTCTCCAGCC-1,IDC_7,10
AACGCTGTTGCTGAAA-1,IDC_2,11
AACGGACGTACGTATA-1,Tumor_edge_5,6
AACGGCCATCTCCGGT-1,DCIS/LCIS_3,9
AACGTACTGTGGGTAC-1,DCIS/LCIS_3,9
AACGTCAGACTAGTGG-1,IDC_6,10
AACGTCGCTGCACTTC-1,IDC_2,16
AACGTGATGAAGGACA-1,Tumor_edge_1,4
AACGTGCGAAAGTCTC-1,IDC_6,12
AACTACCCGTTTGTCA-1,Tumor_edge_3,6
AACTAGGCTTGGGTGT-1,DCIS/LCIS_4,8
AACTCAAGTTAATTGC-1,DCIS/LCIS_3,9
AACTCCAGAGCGTGTT-1,IDC_2,11
AACTCCTAATCCCATG-1,Tumor_edge_6,2
AACTCGATGGCGCAGT-1,IDC_5,15
AACTCTCAATAGAGCG-1,Healthy_1,5
AACTGAGGTCAGCGTC-1,Healthy_1,2
AACTGATATTAGGCCT-1,IDC_5,13
AACTGGGTCCCGACGT-1,Tumor_edge_6,13
AACTGGTGTGGGCCTT-1,Tumor_edge_6,7
AACTTCTGCGTCTATC-1,IDC_5,15
AACTTGCCCGTATGCA-1,DCIS/LCIS_3,12
AACTTGCGTTCTCGCG-1,IDC_5,15
AACTTTAGCTGCTGAG-1,Tumor_edge_1,7
AAGAAGGATCAGTTAG-1,IDC_5,15
AAGACATACGTGGTTT-1,IDC_2,16
AAGACCCAACTGAACA-1,DCIS/LCIS_4,8
AAGACTAACCCGTTGT-1,IDC_5,15
AAGACTGCAAGCTACT-1,IDC_6,10
AAGAGATGAATCGGTA-1,Tumor_edge_2,5
AAGAGCTCTTTATCGG-1,IDC_6,12
AAGAGGATGTACGCGA-1,DCIS/LCIS_3,9
AAGAGGCATGGATCGC-1,IDC_6,12
AAGAGGCCCTTTGGAA-1,Tumor_edge_4,4
AAGATGGCACCGGACC-1,IDC_4,17
AAGATTGGCGGAACGT-1,Healthy_1,2
AAGCACCCTGCGTATC-1,DCIS/LCIS_4,8
AAGCATACTCTCCTGA-1,DCIS/LCIS_4,8
AAGCCGAAGCGGTTTA-1,Tumor_edge_3,6
AAGCCGCCGTGAAATC-1,IDC_4,17
AAGCGCAGGGCTTTGA-1,IDC_2,11
AAGCGGCGTCATGGGT-1,Healthy_1,2
AAGCGTCCCTCATCGA-1,IDC_4,17
AAGCTAGATCGAGTAA-1,Healthy_2,5
AAGCTCGTGCCAAGTC-1,IDC_6,10
AAGCTCTTTCATGGTG-1,DCIS/LCIS_4,8
AAGGAGAACTTATAAG-1,DCIS/LCIS_5,6
AAGGAGCGGTTGGTGC-1,IDC_6,10
AAGGATCGATCGCTTG-1,DCIS/LCIS_1,14
AAGGATGAGGGACCTC-1,Healthy_1,2
AAGGCAGGCTGTCTCC-1,Tumor_edge_3,6
AAGGCGCGTAAAGCTT-1,Tumor_edge_6,10
AAGGCTGTGCTCATCG-1,DCIS/LCIS_3,12
AAGGGAACGACTGGCT-1,IDC_4,17
AAGGGACAGATTCTGT-1,Healthy_1,2
AAGGGACTATGCATTC-1,IDC_4,17
AAGGTATCCTAATATA-1,Tumor_edge_1,10
AAGGTGATAAACCAGC-1,Tumor_edge_3,19
AAGTAGAAGACCGGGT-1,IDC_5,13
AAGTAGTGACGCGAGG-1,DCIS/LCIS_3,9
AAGTCAATTGTCGTCA-1,DCIS/LCIS_1,14
AAGTGACGACCGAATT-1,DCIS/LCIS_3,9
AAGTGAGTCGGGTTTA-1,IDC_4,1
AAGTGCCTTGACTGTA-1,DCIS/LCIS_1,14
AAGTGCGTTAGAATCT-1,Tumor_edge_2,5
AAGTGCTTCTCTATTG-1,IDC_4,1
AAGTGTTTGGAGACGG-1,Tumor_edge_5,6
AAGTTCACTCCAAGCT-1,IDC_2,11
AAGTTCAGTCTGCGTA-1,Healthy_1,2
AAGTTCGGCCAACAGG-1,DCIS/LCIS_3,9
AAGTTGTGATGTTATA-1,IDC_2,16
AAGTTTACTAATGGCA-1,DCIS/LCIS_5,14
AAGTTTATGGGCCCAA-1,IDC_2,3
AATAACAACGCTCGGC-1,DCIS/LCIS_3,9
AATAACGTCGCGCCCA-1,IDC_2,3
AATAAGTCCTCGAGAC-1,DCIS/LCIS_5,14
AATACAATGTTTCAGG-1,Tumor_edge_2,5
AATACCGGAGGGCTGT-1,Tumor_edge_6,1
AATACCTGATGTGAAC-1,IDC_2,3
AATAGAATCTGTTTCA-1,Tumor_edge_5,6
AATAGCAAGCCTCCTG-1,Healthy_1,2
AATAGCTACCGCGTGC-1,Healthy_1,2
AATAGTCCGTCCCGAC-1,DCIS/LCIS_4,8
AATATCAAGGTCGGAT-1,IDC_5,7
AATATCGAATCAATGC-1,Tumor_edge_3,6
AATATCGAGGGTTCTC-1,Healthy_1,2
AATATTGGAGTATTGA-1,DCIS/LCIS_3,9
AATCAGACTGCAGGAC-1,IDC_5,15
AATCAGGTTTCATTTA-1,IDC_4,1
AATCATGTAAAGACTC-1,IDC_2,11
AATCCAAGGGCCTGAG-1,IDC_5,7
AATCCATGCAAGGGTG-1,IDC_5,15
AATCGCCTCAGCGCCA-1,IDC_6,5
AATCGCGCAGAGGACT-1,DCIS/LCIS_1,6
AATCGGGACACTACGA-1,DCIS/LCIS_5,14
AATCGGTATAGCCCTC-1,IDC_2,16
AATCGTGAGCCGAGCA-1,IDC_2,3
AATCTAGGTTTACTTG-1,IDC_3,6
AATCTATGCCGGAGCC-1,Tumor_edge_6,2
AATCTGCGTTGGGACG-1,Healthy_1,2
AATCTGGCTTTCTAGT-1,IDC_3,6
AATCTGGGTAGACCCT-1,Tumor_edge_6,2
AATGACAGCAATGTCT-1,Tumor_edge_2,5
AATGACTGTCAGCCGG-1,IDC_5,13
AATGAGTTCGCATATG-1,IDC_5,15
AATGATGATACGCTAT-1,Healthy_1,2
AATGATGCGACTCCTG-1,Healthy_1,2
AATGCAACCGGGTACC-1,IDC_7,10
AATGCACCAAGCAATG-1,Healthy_1,2
AATGGTCCACCGTTCA-1,Tumor_edge_2,5
AATGGTTCTCACAAGC-1,IDC_5,7
AATGTATGGCACTGTA-1,IDC_4,17
AATGTGCCCGAGGTGT-1,IDC_4,17
AATGTGCTAATCTGAG-1,IDC_4,1
AATGTTGTCGTGAGAC-1,IDC_2,16
AATTAAAGGTCGGCGT-1,DCIS/LCIS_3,12
AATTAACGGATTTCCA-1,DCIS/LCIS_4,8
AATTCATAAGGGATCT-1,Healthy_1,2
AATTCATTGTCATGCA-1,IDC_4,17
AATTCCAAGCATGTAC-1,Tumor_edge_6,8
AATTCGATTCGAGGAT-1,IDC_2,3
AATTGCAGCAATCGAC-1,IDC_2,16
AATTGCGTGGATTACA-1,IDC_4,17
AATTTGGGACATAGTA-1,Tumor_edge_1,2
AATTTGGTTCCAAAGA-1,Tumor_edge_6,13
ACAAACCATGCGTCCT-1,IDC_4,17
ACAAAGCATGACCTAG-1,IDC_2,16
ACAAATCGCACCGAAT-1,Tumor_edge_5,6
ACAAATTCAGATCTGA-1,Healthy_1,2
ACAACAGCATGAGCTA-1,Tumor_edge_6,10
ACAACGGTCCCTGCGA-1,IDC_5,15
ACAAGCAGTGCCTAGC-1,DCIS/LCIS_3,12
ACAAGGAAATCCGCCC-1,Healthy_2,6
ACAAGGACAAGAGGTT-1,DCIS/LCIS_3,12
ACAAGGATGCTTTAGG-1,IDC_2,3
ACAATAGTCGTACGTT-1,Tumor_edge_2,5
ACAATCCATTTAAACC-1,DCIS/LCIS_3,9
ACAATCGATCTTTATA-1,DCIS/LCIS_5,6
ACAATGAATACGGAGA-1,IDC_4,17
ACAATGATTCTTCTAC-1,Healthy_1,2
ACAATTGTGTCTCTTT-1,IDC_2,11
ACAATTTGAGCAGTGG-1,IDC_7,2
ACACAAAGACGGGTGG-1,Tumor_edge_6,13
ACACACCAGGACCAGT-1,IDC_1,19
ACACACTTTCTACACG-1,IDC_5,13
ACACATGATCAAATCT-1,IDC_4,17
ACACATTTCCGTAGAC-1,IDC_4,1
ACACCACATAATTAGC-1,Tumor_edge_3,20
ACACCCAGCATGCAGC-1,IDC_5,10
ACACCCGAGAAATCCG-1,IDC_5,13
ACACCGGTCTGACCGC-1,IDC_4,17
ACACCTTAAGTAGGGC-1,IDC_6,10
ACACCTTACTACTTGC-1,DCIS/LCIS_1,14
ACACGAGACTCCTTCT-1,IDC_7,10
ACACGGCACTATGCAT-1,DCIS/LCIS_5,14
ACACGGGAACTTAGGG-1,IDC_7,10
ACACGTAGGCCACAAG-1,DCIS/LCIS_2,4
ACACTCCAATGTCACT-1,IDC_5,15
ACACTGGGACAGTCGT-1,DCIS/LCIS_2,4
ACAGAACTGAGAACAA-1,IDC_3,5
ACAGATTAGGTTAGTG-1,Tumor_edge_1,7
ACAGCATAGAGCCAGT-1,IDC_5,7
ACAGCGACATTCTCAT-1,IDC_2,11
ACAGCGCACCCGCAGC-1,DCIS/LCIS_5,14
ACAGGCACGGATCCTT-1,IDC_2,16
ACAGGCTTGCCCGACT-1,IDC_2,11
ACAGTAATACAACTTG-1,IDC_3,6
ACAGTATACCGTGGGA-1,Healthy_1,2
ACATAATAAGGCGGTG-1,IDC_5,13
ACATCCCGGCCATACG-1,Healthy_2,8
ACATCCTGGTAACTGT-1,DCIS/LCIS_1,14
ACATCGATCGTTTACC-1,DCIS/LCIS_3,12
ACATCGGTCAGCCGCG-1,DCIS/LCIS_3,9
ACATCGTTAACCTAGT-1,DCIS/LCIS_5,14
ACATCTCAACGCGTAA-1,DCIS/LCIS_5,14
ACATGGCGCCAAAGTA-1,DCIS/LCIS_1,14
ACATGGCTCAATTTAG-1,IDC_5,15
ACATTTGAAACCTAAC-1,IDC_2,3
ACCAAACACCCAGCGA-1,Healthy_1,2
ACCAAACTAGAAATCC-1,DCIS/LCIS_5,14
ACCAACACCACACACT-1,Healthy_1,2
ACCAACCGCACTCCAC-1,IDC_2,16
ACCAAGAACGCGTGTC-1,IDC_5,13
ACCAAGTCATCGGCAG-1,IDC_2,16
ACCAATATGCAAGTTA-1,DCIS/LCIS_4,8
ACCACAACTCAGAACA-1,DCIS/LCIS_5,4
ACCACAAGTTTCTATC-1,IDC_6,10
ACCACACGGTTGATGG-1,IDC_4,3
ACCACCAATGTAACAA-1,DCIS/LCIS_1,14
ACCACCCTCTCTTCTA-1,Healthy_1,2
ACCACGTGCAGCTATA-1,Healthy_2,6
ACCAGCCCGGTCTTTG-1,DCIS/LCIS_5,14
ACCAGGAGTGTGATCT-1,DCIS/LCIS_5,6
ACCAGTGCCCGGTCAA-1,Healthy_1,2
ACCAGTGCGGGAGACG-1,Tumor_edge_5,6
ACCATATCCGCAATAA-1,DCIS/LCIS_3,12
ACCATCCGCCAACTAG-1,Tumor_edge_2,5
ACCATCGTATATGGTA-1,DCIS/LCIS_3,9
ACCCAACGCCCGTGGC-1,IDC_7,2
ACCCACCTACATGCTC-1,Tumor_edge_2,5
ACCCATCTTGAGGGTA-1,DCIS/LCIS_3,9
ACCCATTTGTCCCTCT-1,IDC_2,11
ACCCGAGCGAAATTAC-1,IDC_4,17
ACCCGATTGGTTCCGA-1,Tumor_edge_6,1
ACCCGGAAACTCCCAG-1,DCIS/LCIS_4,8
ACCCGGATGACGCATC-1,DCIS/LCIS_1,14
ACCCGGTTACACTTCC-1,DCIS/LCIS_3,12
ACCCGTAGTCTAGTTG-1,Tumor_edge_6,16
ACCCGTGTCATCAGTA-1,Healthy_2,8
ACCCTATAGGACTGAG-1,IDC_5,15
ACCCTCCCGTCAGGGC-1,IDC_2,16
ACCCTCCCTTGCTATT-1,Tumor_edge_5,6
ACCCTGGTAACGCCCT-1,Healthy_1,2
ACCCTTCATCTGCGAA-1,Tumor_edge_1,13
ACCCTTTAGTTCTCCA-1,DCIS/LCIS_5,4
ACCGAAAGGGCCCTGC-1,IDC_5,7
ACCGAAGAGTCTGGTT-1,IDC_4,17
ACCGACACATCTCCCA-1,DCIS/LCIS_4,8
ACCGACTGAGTCCCAC-1,IDC_7,10
ACCGAGTCTCCTTATT-1,IDC_2,11
ACCGATAGGCATAACC-1,Tumor_edge_4,4
ACCGATATTTAATCAT-1,Tumor_edge_3,6
ACCGATGGTAGCATCG-1,IDC_1,5
ACCGCAATAACTGCCT-1,Tumor_edge_5,6
ACCGCGGTGGAAGTCG-1,DCIS/LCIS_1,14
ACCGGGCCTTTGTTGA-1,Tumor_edge_6,6
ACCGGTCAGGTACACC-1,IDC_4,17
ACCGTGACCACGTGGG-1,IDC_4,1
ACCGTTCCCGCTCTGA-1,DCIS/LCIS_5,14
ACCTAAGTACCTTTCA-1,Tumor_edge_2,5
ACCTAATCGACTTCCT-1,DCIS/LCIS_3,9
ACCTACAGTATGTGGT-1,DCIS/LCIS_1,14
ACCTACTATAAATCTA-1,IDC_4,1
ACCTCCGCCCTCGCTG-1,DCIS/LCIS_2,6
ACCTCCGTTATTCACC-1,DCIS/LCIS_1,20
ACCTCGAACTTATGCT-1,IDC_4,17
ACCTGCGTGTCATGTT-1,Tumor_edge_2,5
ACCTTTCCTTTAGAAG-1,DCIS/LCIS_5,6
ACGAAATGGGCGGCAC-1,DCIS/LCIS_3,9
ACGACTCTAGGGCCGA-1,IDC_2,3
ACGACTGGTCATACTC-1,IDC_4,1
ACGAGAACCCATCACG-1,IDC_5,15
ACGAGATATTTGCTTA-1,DCIS/LCIS_5,14
ACGAGGATACCACTCT-1,IDC_3,6
ACGAGGTTTACAACGT-1,IDC_4,17
ACGAGTACGGATGCCC-1,Tumor_edge_3,2
ACGATACATAGAACTA-1,Tumor_edge_1,6
ACGATCATACATAGAG-1,IDC_7,10
ACGATCATCTTGTAAA-1,DCIS/LCIS_1,14
ACGATGCATATGTTAT-1,DCIS/LCIS_3,9
ACGATGGATCCGATGC-1,DCIS/LCIS_5,14
ACGCAAACTAATAGAT-1,IDC_4,1
ACGCAATCACTACAGC-1,Healthy_1,2
ACGCATAAATGACATG-1,Healthy_1,2
ACGCATACGTTTACTA-1,Tumor_edge_4,11
ACGCATTCGTGAGTAC-1,IDC_6,10
ACGCCACTCGAAACAG-1,IDC_4,1
ACGCCAGATGATTTCT-1,Tumor_edge_1,6
ACGCCAGTGCGTTTGC-1,IDC_2,16
ACGCCCAGCTGTCGAT-1,DCIS/LCIS_5,14
ACGCCGCTAGACGACC-1,Healthy_2,5
ACGCGCTACACAGGGT-1,DCIS/LCIS_3,9
ACGCGGGCCAAGGACA-1,IDC_6,10
ACGCTAGTGATACACT-1,Healthy_1,2
ACGCTGTGAGGCGTAG-1,Tumor_edge_2,5
ACGCTTAGTGTCTCTC-1,Tumor_edge_6,4
ACGGAACACGAGTGCC-1,IDC_2,3
ACGGAATTTAGCAAAT-1,IDC_5,15
ACGGACTCTCAAAGCG-1,DCIS/LCIS_4,8
ACGGAGCGCAAATTAC-1,Healthy_1,2
ACGGATGGTGCGGATA-1,DCIS/LCIS_4,8
ACGGCGACGATGGGAA-1,Healthy_2,6
ACGGCGGGTTGCCCTG-1,IDC_5,15
ACGGCTGGATGTAGAA-1,IDC_4,17
ACGGGAGTGTCGGCCC-1,Tumor_edge_2,5
ACGGGCGTATGCGACA-1,Healthy_1,2
ACGGTACAGTTCAATG-1,IDC_2,3
ACGGTCACCGAGAACA-1,IDC_4,17
ACGTACAGATTTCTCT-1,DCIS/LCIS_5,14
ACGTACTTTGGCACGG-1,Tumor_edge_6,18
ACGTAGATTGCTGATG-1,IDC_6,10
ACGTAGGAGAGTCGCT-1,IDC_2,11
ACGTATTACTCCGATC-1,DCIS/LCIS_1,14
ACGTCCTAAACGAGAT-1,DCIS/LCIS_5,6
ACGTGCGCCTCGTGCA-1,IDC_5,13
ACGTTAATGTCGAAGA-1,IDC_6,12
ACGTTAGATTTGCCCG-1,DCIS/LCIS_3,9
ACGTTATTGGTCACTC-1,IDC_5,15
ACGTTCCGCGCTCCGT-1,Tumor_edge_1,7
ACGTTCGCAATCAATT-1,DCIS/LCIS_1,20
ACGTTCGTTCAGGAAA-1,IDC_4,1
ACGTTCTGTACAAGTC-1,IDC_2,16
ACGTTTAGTTGTGATC-1,Tumor_edge_1,13
ACTAATACGTCAGGCG-1,Healthy_1,2
ACTACAAAGAGAGGTG-1,IDC_4,18
ACTACATCCCGACAAG-1,IDC_4,17
ACTACCAGCTCTCTGG-1,IDC_6,10
ACTACGCGTTAGAATT-1,DCIS/LCIS_4,8
ACTAGTTGCGATCGTC-1,Tumor_edge_5,6
ACTATATGCTGTGTTC-1,Healthy_1,2
ACTATCCAGGGCATGG-1,DCIS/LCIS_1,14
ACTATCTGCCCGCGTA-1,Tumor_edge_5,6
ACTATGTCCAGCTGCC-1,IDC_4,17
ACTATTCGTCCGTGGT-1,Tumor_edge_1,6
ACTATTTCCGGGCCCA-1,IDC_4,1
ACTCAACGAATGTATT-1,IDC_5,15
ACTCAAGTGCAAGGCT-1,IDC_2,3
ACTCAATAAAGGCACG-1,IDC_7,10
ACTCAGACCTGCTTCT-1,IDC_5,7
ACTCATGGCAGCCTTC-1,IDC_4,17
ACTCCAATATCATCAT-1,IDC_4,17
ACTCCCATTCCTAAAG-1,IDC_3,6
ACTCCCGAATTCGTTT-1,Tumor_edge_6,20
ACTCCCGTAGACTAGG-1,Healthy_1,2
ACTCCCTAATGCTAAA-1,DCIS/LCIS_4,8
ACTCCGGCCGACCACT-1,IDC_2,3
ACTCGCCGTTCGATAA-1,IDC_2,16
ACTCGTAACCCGTCCT-1,Tumor_edge_2,5
ACTCGTCAGTAATCCC-1,IDC_6,12
ACTCTCTGACTTAGGT-1,IDC_1,19
ACTCTCTTATACACGA-1,Tumor_edge_1,4
ACTCTGACCTAATAGA-1,IDC_2,16
ACTCTTGTATAGTAAC-1,IDC_6,12
ACTGAAACGCCGTTAG-1,IDC_2,11
ACTGAATGGCGAAAGT-1,Tumor_edge_5,6
ACTGATTTAGTGATTC-1,DCIS/LCIS_5,14
ACTGCCCGCCATTCTC-1,IDC_4,17
ACTGCCGTCGTAACTC-1,Tumor_edge_1,6
ACTGCGGACACACCGT-1,DCIS/LCIS_1,14
ACTGGGATGCCAGTGC-1,IDC_4,1
ACTGTACGATACACAT-1,IDC_7,10
ACTGTAGCACTTTGGA-1,IDC_6,10
ACTGTATACGCGAGCA-1,IDC_5,7
ACTGTCCAGGATTATA-1,DCIS/LCIS_3,12
ACTGTCTTCTTTAGAA-1,IDC_6,10
ACTGTGCTAGTAGATC-1,IDC_5,15
ACTGTTTAGTGTAGGC-1,DCIS/LCIS_5,6
ACTTACCGGGCGCGCA-1,Healthy_1,2
ACTTACGCATCCACGC-1,DCIS/LCIS_4,8
ACTTAGTACGACAAGA-1,IDC_5,7
ACTTATACTTACCCGG-1,IDC_1,5
ACTTATTAGGATCGGT-1,DCIS/LCIS_3,12
ACTTATTTATGTGCCA-1,Tumor_edge_5,19
ACTTCAGGCTGATCCC-1,Tumor_edge_5,6
ACTTCCATGCGGGACA-1,IDC_2,3
ACTTCGCCATACGCAC-1,IDC_7,10
ACTTGACTCCCTCTTT-1,Healthy_2,5
ACTTGCCATATTGTAC-1,DCIS/LCIS_5,6
ACTTGGGACCCGGTGG-1,IDC_6,10
ACTTGTAGTCCCTTCA-1,Tumor_edge_2,5
ACTTGTGGATGGAACG-1,Tumor_edge_5,6
ACTTGTTACCGGATCA-1,Tumor_edge_6,1
ACTTTACCCTCATGAA-1,DCIS/LCIS_1,20
ACTTTCCTATAGCTTC-1,IDC_7,10
ACTTTGACTGCATCCT-1,Tumor_edge_2,5
ACTTTGGTCGTGCTCC-1,IDC_4,17
AGAAATTATGACTCGC-1,Tumor_edge_5,6
AGAACCCTCAATTGGG-1,IDC_4,17
AGAACGTGGTACATTC-1,IDC_7,10
AGAACTGTACTTTGTA-1,IDC_2,3
AGAAGAGCGCCGTTCC-1,IDC_1,19
AGAAGGTACACTTCAC-1,IDC_3,6
AGAAGGTTGCCGAATT-1,DCIS/LCIS_3,9
AGAAGGTTGTAGGTCG-1,IDC_2,3
AGAAGTGATTCGTGAT-1,Tumor_edge_2,5
AGAATACAGGCTATCC-1,Tumor_edge_6,3
AGAATGCGGGTTCGGA-1,Healthy_1,2
AGAATTATGGATTCGA-1,Healthy_1,6
AGAATTGTTTGACATA-1,IDC_5,15
AGACATAGATCCTTCC-1,IDC_5,7
AGACCATGGGATACAA-1,IDC_5,15
AGACCCGCCCTCCTCG-1,Tumor_edge_6,10
AGACCGCTCCGCGGTT-1,Tumor_edge_5,6
AGACCGGGAAACCCTG-1,Tumor_edge_2,5
AGACGAAGTGCCGGTC-1,Tumor_edge_5,6
AGACGACGATGCCGCT-1,IDC_4,17
AGACGGGCCGATTTAA-1,Healthy_1,2
AGACTAGCCTTCCAGA-1,IDC_6,10
AGACTGTTACCGGGTC-1,IDC_4,1
AGAGAAACACCAGAAA-1,IDC_4,1
AGAGAACCGTCTAGGA-1,Healthy_1,2
AGAGAAGGAGTACAAT-1,IDC_4,17
AGAGATCTCTAAAGCG-1,Tumor_edge_2,5
AGAGCAGTTATGAGAC-1,Tumor_edge_2,5
AGAGCCGCCGAGATTT-1,DCIS/LCIS_2,4
AGAGCGGGCTAATCAT-1,IDC_5,13
AGAGCGTACAAGCTCG-1,Tumor_edge_6,5
AGAGCTACGAAAGCAT-1,IDC_5,15
AGAGGCTTCGGAAACC-1,Tumor_edge_5,6
AGAGGGACAATTGTCC-1,Healthy_1,2
AGAGGTATCTCGGTCC-1,DCIS/LCIS_5,6
AGAGTAAACTTCACTA-1,Tumor_edge_3,6
AGAGTATAGTGTTACG-1,Healthy_1,2
AGAGTTAGAGACCGAT-1,Healthy_1,2
AGATAACTTCAGGGCC-1,DCIS/LCIS_3,12
AGATACCAATAGAACC-1,IDC_2,3
AGATACCAGCACTTCA-1,Healthy_1,2
AGATACCGGTGTTCAC-1,DCIS/LCIS_3,9
AGATACGACTTCATAT-1,IDC_5,7
AGATATAATACGACTA-1,Tumor_edge_6,8
AGATCGTGCATAAGAT-1,Healthy_1,2
AGATCTCAGGTGTGAT-1,IDC_7,10
AGATGACTCGCCCACG-1,IDC_5,13
AGATGAGGGTTGCGAT-1,Healthy_1,2
AGATGATGGAGTCTGG-1,DCIS/LCIS_1,20
AGATGCAAGACGTGCA-1,IDC_4,17
AGATTATAGGACGTTT-1,DCIS/LCIS_3,12
AGATTCACAACCGATA-1,IDC_3,6
AGCAAAGGCCGCTAGT-1,DCIS/LCIS_4,8
AGCAACATATCTTATT-1,Tumor_edge_6,19
AGCAACCGAAAGTAAT-1,IDC_4,17
AGCACACGTTTAGACT-1,IDC_4,17
AGCACCAGTACTCACG-1,IDC_7,10
AGCACTACCGGCCTGT-1,DCIS/LCIS_3,9
AGCACTACCTCACCAG-1,DCIS/LCIS_4,8
AGCACTTAAGGACGCC-1,DCIS/LCIS_3,12
AGCAGAAGGAGAAAGA-1,DCIS/LCIS_4,8
AGCAGCCAGATGAATA-1,DCIS/LCIS_4,8
AGCAGTCGAAGCATGC-1,IDC_4,3
AGCATATCAATATGCT-1,IDC_2,11
AGCATCATTTCGAAAG-1,IDC_3,6
AGCATCGTCGATAATT-1,IDC_5,13
AGCATTACGAGGCAAG-1,IDC_2,16
AGCCAAGCTTTGTGTC-1,DCIS/LCIS_4,8
AGCCACAGGTTACCCG-1,IDC_2,3
AGCCACTCCCGTGCTT-1,Tumor_edge_1,6
AGCCATATAGTATGTG-1,Tumor_edge_6,1
AGCCCATACATGTAAG-1,DCIS/LCIS_3,9
AGCCCGCAACAAGCAG-1,IDC_4,1
AGCCCGCACTACAATG-1,IDC_2,16
AGCCCGGCATTAGAGG-1,IDC_4,17
AGCCCGGTAGCCTGTA-1,IDC_4,1
AGCCCTAAGCGAAGTT-1,IDC_5,13
AGCCCTCCCTGGTGGC-1,IDC_4,17
AGCCCTTCTAATCCGA-1,Healthy_1,2
AGCCCTTGGACATCCC-1,Tumor_edge_4,4
AGCCGTGGCTAAATGT-1,IDC_3,5
AGCCTAATACCCACGT-1,IDC_3,6
AGCCTTAAAGCGGAAG-1,Tumor_edge_6,15
AGCGACATCCCATTCA-1,IDC_5,13
AGCGACCAACGATATT-1,Tumor_edge_6,10
AGCGAGACGTGAAGGC-1,IDC_4,17
AGCGATGCGCCTAATA-1,IDC_2,16
AGCGCATAATGAATCG-1,Healthy_2,8
AGCGCGGGTGCCAATG-1,Healthy_1,2
AGCGCTTATGGGCAAG-1,Healthy_1,2
AGCGGACACTTCGTAG-1,DCIS/LCIS_4,8
AGCGGCGGTTAGCGGT-1,IDC_3,6
AGCGGGAAGGGTCCAT-1,IDC_5,7
AGCGGGTCTGACACTC-1,Tumor_edge_6,8
AGCGGTTGCCGCTCTG-1,Healthy_1,2
AGCGTACGAGAGCTAG-1,IDC_5,15
AGCGTCTGAACCCGCA-1,IDC_5,15
AGCTAACAAGCAATGT-1,IDC_4,17
AGCTAAGTACGCAGGC-1,IDC_2,3
AGCTAGAAGCAGAAGT-1,Healthy_1,2
AGCTATTTAATCCAAC-1,Tumor_edge_1,6
AGCTCCATATATGTTC-1,DCIS/LCIS_2,4
AGCTCCTTCGCACATC-1,IDC_2,11
AGCTCTAGACGTTCCA-1,IDC_6,12
AGCTCTTCCCAGTGCA-1,Tumor_edge_1,6
AGCTCTTCGTAACCTT-1,DCIS/LCIS_1,14
AGCTCTTTACTCAGTT-1,DCIS/LCIS_3,12
AGCTGAAGTAAACCAA-1,Tumor_edge_1,6
AGCTGTAACCTCAATC-1,IDC_4,17
AGCTTATAGAGACCTG-1,Tumor_edge_1,7
AGCTTCTTCTCGAGCA-1,IDC_2,16
AGCTTGATCTTAACTT-1,Tumor_edge_6,9
AGGAAGCTGTCCGCCG-1,DCIS/LCIS_4,8
AGGACATCGCACGTCG-1,IDC_5,7
AGGACGACCCATTAGA-1,DCIS/LCIS_3,9
AGGACGCTCGATGTTG-1,Healthy_1,2
AGGAGACATCCACAGT-1,Healthy_1,2
AGGAGGCCTTCGCGCG-1,IDC_2,11
AGGATAAAGTCGGGAT-1,DCIS/LCIS_4,8
AGGATATAGGGATTTA-1,Tumor_edge_3,6
AGGATATCCGACTGCA-1,IDC_2,3
AGGATCACGCGATCTG-1,IDC_3,6
AGGATTGCTTACGACA-1,Tumor_edge_3,20
AGGCACGTGACTGTCC-1,DCIS/LCIS_2,4
AGGCAGATGCGTAAAC-1,Tumor_edge_1,2
AGGCAGGGAGCGTACT-1,IDC_4,1
AGGCATTGTCGTAGGG-1,Tumor_edge_5,6
AGGCCACCCGTTATGA-1,Tumor_edge_6,12
AGGCCCAGTGACTGGT-1,IDC_5,15
AGGCCCATTGTACAGG-1,IDC_5,7
AGGCCCTAGAACGCCA-1,Tumor_edge_2,5
AGGCCTATCATACCAA-1,IDC_4,1
AGGCCTGAGAATCTCG-1,IDC_2,3
AGGCGGTTTGTCCCGC-1,IDC_4,17
AGGCGTCTATGGACGG-1,Healthy_1,2
AGGCTATGGTTAGCTT-1,Tumor_edge_2,5
AGGCTTGCTAGACACC-1,Tumor_edge_2,5
AGGGAAACGAGGTACT-1,Tumor_edge_1,2
AGGGACCGGCTGCGTT-1,DCIS/LCIS_1,14
AGGGAGACATACTTCG-1,Tumor_edge_3,6
AGGGCAGCGGCGTGGT-1,DCIS/LCIS_5,14
AGGGCGAGCAGCTGAT-1,Tumor_edge_2,5
AGGGCGTGATCGGCTA-1,IDC_5,7
AGGGCTGCAGTTACAG-1,IDC_6,10
AGGGTCAGAGCACTCG-1,IDC_4,1
AGGGTCAGTAACCCTA-1,Healthy_1,2
AGGGTCGATGCGAACT-1,Tumor_edge_3,14
AGGGTGCCGTTCTTTA-1,IDC_4,1
AGGGTGCTCTCGAGGG-1,Healthy_1,5
AGGGTTCAGACGGTCC-1,IDC_4,1
AGGGTTCCCTTTGGTT-1,IDC_7,2
AGGGTTTAGTTCGGGA-1,IDC_6,10
AGGTAACCTCCTATTC-1,IDC_5,7
AGGTACGATATTGCCA-1,Tumor_edge_1,14
AGGTAGATCGAGATAT-1,IDC_4,1
AGGTAGGTACAAAGCT-1,DCIS/LCIS_3,9
AGGTATAATTGATAGT-1,DCIS/LCIS_1,20
AGGTCAGGTGAGAGTG-1,Tumor_edge_2,5
AGGTCGCGGAGTTACT-1,Healthy_1,2
AGGTGCACGTCCACAT-1,IDC_2,16
AGGTGGTGACCTTCGC-1,DCIS/LCIS_4,8
AGGTGTATCGCCATGA-1,Tumor_edge_2,5
AGGTTACACCATGCCG-1,Tumor_edge_3,6
AGGTTCTCCTTTCCGG-1,IDC_4,17
AGGTTGAGGCACGCTT-1,IDC_7,10
AGGTTTCACACACCTT-1,IDC_6,12
AGTAACGTTCATCCTG-1,Healthy_1,2
AGTAACTATAGCAGCC-1,IDC_2,16
AGTAATCTAAGGGTGG-1,Tumor_edge_6,3
AGTAATGTCTTGCCGC-1,IDC_5,13
AGTAATTTGCAAGCGT-1,IDC_4,17
AGTACAGAAGCTTATA-1,IDC_2,11
AGTACATCATTTATCA-1,Tumor_edge_3,2
AGTACCTTCGAGTGCT-1,Healthy_1,2
AGTACGGGCACCTGGC-1,Tumor_edge_1,10
AGTACGTGGCCTGTCT-1,Tumor_edge_1,4
AGTACTCTTATGCCCA-1,IDC_2,11
AGTAGAAGGCGCCTCA-1,IDC_4,1
AGTAGCGTGAACGAAC-1,DCIS/LCIS_5,14
AGTAGGAAGGAAGTTG-1,Healthy_1,2
AGTAGGTAACATACAT-1,IDC_5,7
AGTATAATACTAGGCA-1,IDC_5,5
AGTATACACAGCGACA-1,IDC_4,1
AGTATCCATAATAACG-1,IDC_5,15
AGTATGCTGGAGACCA-1,IDC_4,17
AGTCAAATGATGTGAT-1,IDC_4,1
AGTCAACACCACCATC-1,DCIS/LCIS_3,12
AGTCAAGATGACACTT-1,Tumor_edge_5,6
AGTCACTAGCTCTCGA-1,IDC_2,11
AGTCACTCCGCCTCAT-1,IDC_5,15
AGTCAGCCACCGCCTG-1,IDC_5,15
AGTCCAGCGGGTACGT-1,IDC_5,15
AGTCCATTGGCTGATG-1,DCIS/LCIS_1,14
AGTCCCGCCTTTAATT-1,Healthy_1,2
AGTCGACGGTCTCAAG-1,IDC_1,19
AGTCGGCCCAAACGAC-1,IDC_6,10
AGTCGGCTCAACTTTA-1,Tumor_edge_2,5
AGTCGGTTGCGTGAGA-1,DCIS/LCIS_1,14
AGTCGTATAAAGCAGA-1,IDC_2,3
AGTCGTCGACCACCAA-1,IDC_2,11
AGTCGTGGGCATTACG-1,Tumor_edge_2,5
AGTCTAAAGTATACTC-1,Tumor_edge_3,6
AGTCTCACAAGACTAC-1,IDC_4,17
AGTCTGGACATCCTTG-1,IDC_5,15
AGTCTTCTCCTCAAAT-1,IDC_7,10
AGTCTTTAAAGTGTCC-1,IDC_2,3
AGTGAACAAACTTCTC-1,DCIS/LCIS_1,14
AGTGAAGATGGTGTCC-1,Healthy_1,2
AGTGACCTACTTTACG-1,DCIS/LCIS_3,9
AGTGACTGTGACACAA-1,IDC_4,17
AGTGAGACTTCCAGTA-1,Healthy_1,5
AGTGAGCCTCGCCGCC-1,Tumor_edge_3,2
AGTGAGGGTTTCTGAC-1,Tumor_edge_1,4
AGTGAGTCGAATTAAC-1,IDC_2,16
AGTGATAACCTGCGCG-1,IDC_2,11
AGTGATATGAGTAGTT-1,DCIS/LCIS_3,9
AGTGATTCAAGCAGGA-1,Healthy_1,2
AGTGCACGCTTAAGAA-1,IDC_2,11
AGTGCGTAGCTCGTAA-1,DCIS/LCIS_3,9
AGTGCTAAACACAGCA-1,IDC_2,11
AGTGCTTGCACGAATA-1,IDC_1,19
AGTGGCCCGCAAATGG-1,IDC_2,3
AGTGGCGGCAATTTGA-1,Healthy_1,2
AGTGGCGTCTGAAGGT-1,IDC_2,3
AGTGGCTCCGTCGGCC-1,Tumor_edge_2,5
AGTGTATTGCGCATTG-1,Healthy_1,2
AGTGTGGTCTATTGTG-1,IDC_5,15
AGTTAAACACTTGCGA-1,DCIS/LCIS_3,12
AGTTAAGCGGTCCCGG-1,Tumor_edge_1,6
AGTTAAGTCAACCGCT-1,IDC_3,5
AGTTACCGCACATGGT-1,Tumor_edge_2,5
AGTTACTCTATCGTGG-1,Tumor_edge_1,2
AGTTATTCAGACTGTG-1,IDC_2,3
AGTTCCTACAGAATTA-1,Tumor_edge_6,10
AGTTCCTATTTATGTT-1,Healthy_2,12
AGTTCTGCGTTGTATC-1,IDC_5,15
AGTTGACATCGGCTGG-1,IDC_5,15
AGTTGACGGTCCTTGC-1,DCIS/LCIS_4,8
AGTTGCGGTCCTCAAC-1,IDC_4,17
AGTTGCTGACTGATAT-1,IDC_5,15
AGTTGGCAAGGCTAGA-1,IDC_2,16
AGTTTATGTAAAGACA-1,Healthy_1,2
AGTTTCGCAGGTCGGA-1,Tumor_edge_6,13
AGTTTGCACCTGCCTC-1,DCIS/LCIS_4,8
AGTTTGGCACGGGTTG-1,Tumor_edge_3,6
AGTTTGGCCAGACCTA-1,DCIS/LCIS_3,9
ATAAACGGACCCGTAA-1,Healthy_2,5
ATAAACGTTGCACCAC-1,DCIS/LCIS_2,4
ATAAAGGCTCGGTCGT-1,DCIS/LCIS_3,12
ATAAAGGTCAAGTACG-1,Tumor_edge_1,4
ATAAATATTAGCAGCT-1,DCIS/LCIS_3,9
ATAACGCCGGAGGGTC-1,IDC_6,12
ATAACGGAGTCCAACG-1,IDC_7,10
ATAACGTTACCTCCAC-1,Healthy_1,2
ATAAGGTGGAGAACAT-1,Healthy_2,6
ATAAGTACCCGATTGT-1,Healthy_1,2
ATAAGTAGGATTCAGA-1,Tumor_edge_6,2
ATAAGTAGGGCGACTC-1,DCIS/LCIS_1,14
ATAAGTTACCGCGACG-1,DCIS/LCIS_3,9
ATAATACCGTTAGCCG-1,IDC_5,15
ATAATAGCTGTTGAAT-1,Healthy_2,5
ATAATAGTGTAGGGAC-1,IDC_5,15
ATAATCTTGGAGAACC-1,DCIS/LCIS_4,8
ATAATTAGCTAAGTAG-1,DCIS/LCIS_4,8
ATACAGGCCCTCCAAT-1,DCIS/LCIS_4,8
ATACCACGGGCAACTT-1,DCIS/LCIS_3,9
ATACCAGCAAATTGCT-1,DCIS/LCIS_5,6
ATACCAGGCTAATAGA-1,IDC_5,7
ATACCAGGTGAGCGAT-1,DCIS/LCIS_5,6
ATACCGTCATCCATAA-1,Healthy_1,2
ATACCTAACCAAGAAA-1,DCIS/LCIS_4,8
ATACGCCGGCGAAACC-1,IDC_6,19
ATACGGAACGTCGTTT-1,IDC_4,17
ATACGGGTTTCGATTG-1,Tumor_edge_1,6
ATACGTACTTAGCCAC-1,DCIS/LCIS_4,8
ATACGTCCACTCCTGT-1,Tumor_edge_5,6
ATACGTTATGCACGGA-1,DCIS/LCIS_4,8
ATACTACCCGTACCAC-1,Tumor_edge_4,11
ATACTAGCATGACCCT-1,IDC_5,13
ATACTCTCGCCACTCT-1,IDC_5,15
ATACTGCCTTACACCG-1,DCIS/LCIS_4,8
ATAGACAACGGGACCT-1,Healthy_1,2
ATAGACGAAGAGAAAG-1,DCIS/LCIS_3,12
ATAGAGTACTGGGACA-1,IDC_6,10
ATAGAGTTATCAACTT-1,Healthy_1,2
ATAGATTTGCAGTCGG-1,DCIS/LCIS_5,6
ATAGCAACTAGGGAAG-1,IDC_2,16
ATAGCCATAACAGTCA-1,IDC_2,16
ATAGCCTCAGTACCCA-1,IDC_5,15
ATAGGAATCTAAGCTT-1,Tumor_edge_6,2
ATAGGCGGCTATAGAA-1,DCIS/LCIS_3,9
ATAGGCTAGCTTCGCA-1,Healthy_1,2
ATAGGGATATCCTTGA-1,IDC_7,6
ATAGGTTGGGCAGATG-1,IDC_7,10
ATAGTCTTTGACGTGC-1,DCIS/LCIS_5,14
ATAGTGAAGCGTTCTC-1,DCIS/LCIS_3,12
ATAGTTCCACCCACTC-1,DCIS/LCIS_1,14
ATATAAAGCGCTCGTG-1,DCIS/LCIS_4,8
ATATAAATGTAGCTGC-1,DCIS/LCIS_4,8
ATATAACACGGGCGCA-1,IDC_2,16
ATATACGCTCGTGACG-1,Tumor_edge_6,3
ATATAGAGTATTGGTC-1,IDC_4,17
ATATCAACCTACAGAG-1,DCIS/LCIS_1,14
ATATCGGTAGGGAGAT-1,DCIS/LCIS_1,14
ATATCGTGCCAGACCC-1,DCIS/LCIS_5,14
ATATCGTTCCTCGAAC-1,IDC_2,11
ATATCTCCCTCGTTAA-1,Tumor_edge_1,6
ATATCTTAGGGCCTTC-1,IDC_6,12
ATATGGGATAGCAACT-1,IDC_4,1
ATATGTCTAGAGCGTG-1,IDC_4,1
ATATGTCTCCCTAGCC-1,Tumor_edge_3,6
ATATGTGCACAAACCA-1,Healthy_1,2
ATATTCAGTTAAACCT-1,DCIS/LCIS_3,9
ATATTCCACATAGTGA-1,Tumor_edge_5,6
ATATTCCCACAGGTCA-1,IDC_5,7
ATATTGCTGTCAAAGT-1,IDC_5,15
ATATTTAACCCTCAAG-1,IDC_6,10
ATCAAACACTGTTCCA-1,Tumor_edge_3,6
ATCAAACGAAGGTTTG-1,Tumor_edge_2,5
ATCAAGATCCCAGGAC-1,IDC_4,1
ATCAATCTGGGCTGCA-1,IDC_6,10
ATCAATGCCGTGGCTG-1,IDC_4,17
ATCACATTAGAATATC-1,Tumor_edge_1,6
ATCACGTGCTAATTAA-1,DCIS/LCIS_3,9
ATCACTTCATCCTCGC-1,IDC_7,13
ATCAGACGGCACGCCG-1,DCIS/LCIS_3,9
ATCAGCCTCATGCTGC-1,IDC_2,11
ATCAGCTCGTCCACTA-1,IDC_3,6
ATCAGGTCGCCATTGC-1,Healthy_1,2
ATCAGTAGGCAGGGAT-1,Tumor_edge_1,6
ATCATAGCCCTATGTA-1,IDC_2,16
ATCATCCAATATTTGT-1,DCIS/LCIS_3,12
ATCATCTGCCCAGTGT-1,Tumor_edge_1,4
ATCCAACGCAGTCATA-1,IDC_6,10
ATCCAATGGAGGGTCC-1,DCIS/LCIS_3,9
ATCCACATCGACAGAA-1,DCIS/LCIS_4,8
ATCCACGCTAAATGTT-1,Tumor_edge_1,4
ATCCACTTTCAGACTA-1,Healthy_1,2
ATCCAGGATTCGTGAA-1,DCIS/LCIS_3,12
ATCCCATCCACAGCGC-1,IDC_4,17
ATCCCATTTCCGTGGG-1,IDC_4,1
ATCCTACCTAAGCTCT-1,DCIS/LCIS_3,9
ATCCTGAATCGCTGCG-1,DCIS/LCIS_3,9
ATCCTGCGTGGAATGG-1,DCIS/LCIS_3,9
ATCCTGCTGCAGATAG-1,Tumor_edge_1,7
ATCGACCCAATACAGA-1,DCIS/LCIS_3,12
ATCGACTCTTTCCGTT-1,IDC_7,13
ATCGCACGATTGTTCA-1,IDC_5,15
ATCGCACGCCGGGAGA-1,IDC_7,10
ATCGCCAGTCAACATT-1,DCIS/LCIS_1,6
ATCGCTGCGTGCAGCA-1,Healthy_1,2
ATCGGAGACAGACGGC-1,DCIS/LCIS_4,6
ATCGGCAAGCAGTCCA-1,Healthy_1,2
ATCGTCCAATCGAGTC-1,IDC_5,15
ATCGTGGAAAGTCTGG-1,IDC_4,17
ATCGTTAGCTAGCGGA-1,IDC_2,11
ATCGTTCACTTTCGCC-1,Healthy_1,2
ATCTAATATCCTACGG-1,DCIS/LCIS_4,8
ATCTACCATCTGCTCC-1,IDC_2,3
ATCTAGCTTGTGAGGG-1,Tumor_edge_6,8
ATCTCCCACGGAATAT-1,Tumor_edge_4,4
ATCTCCCTGCAATCTA-1,Tumor_edge_1,6
ATCTCGTGAGCGAAAC-1,Tumor_edge_3,6
ATCTGACATGGAAGGA-1,IDC_4,1
ATCTGCACCTCTGCGA-1,Tumor_edge_3,2
ATCTGCTGTTATCGCC-1,IDC_4,1
ATCTGGGCTGTTCTTG-1,DCIS/LCIS_4,8
ATCTGGTTAAGACTGT-1,IDC_7,10
ATCTGTAATTGTACCC-1,IDC_5,13
ATCTTAGGGCATTAAT-1,IDC_4,17
ATCTTATCGCACACCC-1,IDC_2,16
ATCTTGACCTGCAACG-1,IDC_6,10
ATCTTGACTTGTCCAA-1,Tumor_edge_3,20
ATCTTTCGTATAACCA-1,Healthy_1,2
ATGAAGCCAAGGAGCC-1,IDC_5,13
ATGACGCCGGCTCTAA-1,IDC_5,13
ATGACGCGTTCTATCC-1,Tumor_edge_2,5
ATGACTATCAGCTGTG-1,IDC_4,1
ATGACTATGCGACATT-1,Tumor_edge_5,6
ATGAGGAGTGTTAATC-1,Tumor_edge_6,10
ATGAGGGCAGCGGCTA-1,Tumor_edge_3,6
ATGATCGGGAATAGAC-1,IDC_5,13
ATGATGCAATGGTACA-1,DCIS/LCIS_3,9
ATGCACGCGCTGTTCA-1,IDC_4,17
ATGCACTACCGCATTG-1,IDC_6,10
ATGCATGATCCAGGAT-1,IDC_7,10
ATGCATTCCGTGATGG-1,DCIS/LCIS_5,6
ATGCCAATCGCTCTGC-1,Healthy_1,2
ATGCCATTTGCGACCA-1,IDC_1,19
ATGCCGGTCTTGCATA-1,IDC_7,10
ATGCCGGTTGATGGGA-1,Tumor_edge_1,6
ATGCGACAATTGGTCC-1,Healthy_1,2
ATGCGACAGTCCCATT-1,IDC_6,10
ATGCGAGTCCCACCAC-1,Tumor_edge_3,6
ATGCTCAGTGTTGCAT-1,IDC_5,15
ATGCTCTGGCGCGGTA-1,DCIS/LCIS_4,8
ATGCTTAGGAGTTGAT-1,DCIS/LCIS_2,4
ATGGAACCTTTGCACA-1,DCIS/LCIS_1,14
ATGGAGCAGGCCGTGA-1,IDC_6,10
ATGGATCCGGCGTCCG-1,Tumor_edge_1,6
ATGGATTGACCAAACG-1,IDC_7,10
ATGGCAGCATTACGAT-1,IDC_4,17
ATGGCTGGAAATGGCC-1,Healthy_1,2
ATGGGAACGGAAGCGG-1,Healthy_1,4
ATGGGACCTGCTGAAC-1,IDC_4,17
ATGGGCCTCGGCCTCT-1,Tumor_edge_5,19
ATGGGTGTATACCTCC-1,IDC_4,17
ATGGTATTGGGAACCG-1,IDC_4,1
ATGGTATTTACTGATT-1,IDC_4,17
ATGGTCGCGTGGTTTC-1,IDC_1,19
ATGGTGCTCAAAGCCA-1,DCIS/LCIS_5,6
ATGGTTACGAAACATG-1,Healthy_1,2
ATGTAAGGCTGCTCTT-1,DCIS/LCIS_1,20
ATGTACATGCGGTGAG-1,Tumor_edge_4,3
ATGTACGATGACGTCG-1,Tumor_edge_6,8
ATGTAGCGCGCGTAGG-1,IDC_2,11
ATGTGAAAGCCTAATG-1,Tumor_edge_2,5
ATGTGCATCCGACGCA-1,IDC_5,13
ATGTGTAGTTTAGTCA-1,DCIS/LCIS_5,14
ATGTTACGAGCAATAC-1,IDC_5,15
ATGTTGATTAGAGACT-1,IDC_2,16
ATGTTGTAGTCTGTTT-1,IDC_4,1
ATTAAACATGCGGACC-1,DCIS/LCIS_3,12
ATTAATACTACGCGGG-1,IDC_7,10
ATTAATGAACCAGTCG-1,Tumor_edge_1,6
ATTAATTCGGTCACTC-1,Tumor_edge_1,13
ATTACAACTACCGGCC-1,Tumor_edge_1,2
ATTACATGTCAGTCTT-1,Tumor_edge_3,6
ATTACCACACTGCCTG-1,Tumor_edge_3,6
ATTACGACTCCACAGT-1,Healthy_1,2
ATTACGCGCTGGCAGG-1,DCIS/LCIS_3,9
ATTACTAGCCTCTTGC-1,IDC_5,13
ATTACTTACTGGGCAT-1,Healthy_1,2
ATTAGATTCCTCAGCA-1,Healthy_1,2
ATTAGATTGATAGCGG-1,IDC_5,13
ATTAGGCGATGCTTTC-1,IDC_6,12
ATTATACTTTGCTCGT-1,Tumor_edge_1,6
ATTATAGCTACTTTAC-1,DCIS/LCIS_1,20
ATTATCGGAATGTACG-1,IDC_4,1
ATTATCTCGACAGATC-1,DCIS/LCIS_5,14
ATTATGAGACCCAATT-1,IDC_4,17
ATTATGCCATAGGGAG-1,IDC_5,13
ATTATTATGTCCGTCA-1,IDC_4,17
ATTATTCAGAGTCACT-1,IDC_2,16
ATTCAACCATTTAAGG-1,Tumor_edge_4,11
ATTCACTGATGTTGGA-1,DCIS/LCIS_4,8
ATTCAGGACCTATTTC-1,Healthy_1,2
ATTCAGTAGCAGGGTC-1,Tumor_edge_2,5
ATTCATATACTGTCCA-1,Tumor_edge_6,12
ATTCATCGTTGAGGCA-1,IDC_2,3
ATTCCCACATAAACAA-1,Tumor_edge_2,5
ATTCCTAAGACGTGGA-1,Healthy_1,2
ATTCCTCCGCCAGTGC-1,IDC_5,6
ATTCCTTCCAGGCGGT-1,IDC_5,15
ATTCGACGCCGGGCCT-1,DCIS/LCIS_3,9
ATTCGCGCCTTGAGAG-1,IDC_2,16
ATTCGTGCTATCTCTT-1,DCIS/LCIS_1,14
ATTCGTTTATCGTATT-1,IDC_2,3
ATTCTCGTCTCTTTAG-1,IDC_5,7
ATTCTGAGTATGAACT-1,Tumor_edge_1,4
ATTCTTCGTACTTATG-1,Tumor_edge_1,4
ATTGAAGATCTTAGTG-1,DCIS/LCIS_3,12
ATTGACCGGCGATGAC-1,Healthy_1,2
ATTGACGTAACTCGGT-1,DCIS/LCIS_5,14
ATTGATAGCAACGAGA-1,IDC_5,15
ATTGATGAGTCCTAAC-1,Tumor_edge_3,6
ATTGCCTATTAGACCG-1,IDC_4,17
ATTGCCTTTATGTTTG-1,IDC_2,3
ATTGCGATCAGTAACT-1,Tumor_edge_5,6
ATTGCTGCTCCTCCAT-1,DCIS/LCIS_3,9
ATTGGATTACAGCGTA-1,Tumor_edge_4,11
ATTGGGAATATCTTGG-1,IDC_5,7
ATTGGGAGTTCTGTAA-1,Healthy_1,2
ATTGGTTGTGCATTAC-1,IDC_2,16
ATTGTACAACTCGGCT-1,DCIS/LCIS_1,20
ATTGTCGCAATACCTT-1,Tumor_edge_1,6
ATTGTCTGTTTCATGT-1,IDC_4,1
ATTGTGACTTCGCTGC-1,Healthy_1,2
ATTTAACTCGTATTAC-1,IDC_5,7
ATTTACAGTTTACTGG-1,DCIS/LCIS_3,12
ATTTACTAAGTCCATT-1,Tumor_edge_3,20
ATTTATACTGGTAAAG-1,IDC_4,1
ATTTCATTATTTCGCG-1,Tumor_edge_1,6
ATTTCCGGGTTCTGCG-1,IDC_4,17
ATTTGCCTAGTTACGA-1,DCIS/LCIS_5,6
ATTTGCGCGAGTAGCT-1,Tumor_edge_6,17
ATTTGTCTTGGGAGCT-1,IDC_1,19
ATTTGTTCCAGGGCTC-1,IDC_7,6
CAAACCCTCCGGCGGG-1,IDC_2,3
CAAACGAGTATCGCAG-1,DCIS/LCIS_3,9
CAAACGGTCGCACTTT-1,DCIS/LCIS_3,12
CAAACGTGGTCTTGCG-1,DCIS/LCIS_5,14
CAAACTACGATAGAGA-1,Tumor_edge_1,6
CAAACTATTGAGCTTC-1,DCIS/LCIS_5,14
CAAACTCGCGACGCCG-1,Tumor_edge_3,6
CAAAGATTATTGGGCC-1,IDC_4,17
CAAAGGTTAAATTCAG-1,Healthy_1,2
CAAATCTCTCACAAGG-1,Tumor_edge_2,9
CAAATGCGGAGTGTTC-1,DCIS/LCIS_5,6
CAAATGTCCTTCCGTG-1,DCIS/LCIS_3,9
CAAATTGGATTATGCC-1,Healthy_1,2
CAAATTGTCAGCAAGC-1,Tumor_edge_1,13
CAACACATCTCCTGCC-1,Tumor_edge_3,20
CAACAGTGCCAAACGG-1,DCIS/LCIS_5,14
CAACCAGTGGCCTACC-1,DCIS/LCIS_2,4
CAACCTACCGAGCAGT-1,IDC_2,11
CAACCTGAACCTGCCA-1,Healthy_1,2
CAACGACCCGTTTACA-1,IDC_5,13
CAACGGTTCTTGATAC-1,IDC_5,7
CAACGTGGTGGAGTCT-1,Tumor_edge_4,6
CAACTATATCGAATGC-1,Tumor_edge_1,6
CAACTCCAACGTTTAG-1,Tumor_edge_1,4
CAACTCCGTAACTTGC-1,Healthy_1,2
CAACTCCTTGATCCCG-1,IDC_5,13
CAACTGAGGGTATGAC-1,Healthy_1,2
CAACTGCTCATCCGAT-1,DCIS/LCIS_4,8
CAACTTGTAGTGGGCA-1,IDC_5,7
CAAGAAACCCTAAACT-1,Healthy_1,2
CAAGATATTATAACGT-1,IDC_1,19
CAAGCAACGTCGGAGT-1,DCIS/LCIS_3,12
CAAGCACCAAATGCCT-1,IDC_5,13
CAAGCGGCACATAATT-1,DCIS/LCIS_4,8
CAAGGATCGCATGTTC-1,IDC_6,12
CAAGGCCAGTGGTGCA-1,IDC_2,16
CAAGGTCCTATAGGCT-1,DCIS/LCIS_1,20
CAAGTAAGTGATAGAC-1,IDC_4,1
CAAGTGAACTTTGGTT-1,Tumor_edge_1,7
CAAGTGTGGTTGCAAA-1,Tumor_edge_3,19
CAATAAACCTTGGCCC-1,IDC_7,10
CAATACGAGAGTCTGA-1,Tumor_edge_3,6
CAATACGCTCTGAGGC-1,Tumor_edge_2,5
CAATATGTAGATTTAC-1,Healthy_1,2
CAATATTGGACTAGTG-1,IDC_5,15
CAATCCCTATACCAGC-1,Tumor_edge_1,2
CAATCCTGCCGTGGAG-1,IDC_5,15
CAATGACCCTTAATTT-1,IDC_4,1
CAATGAGGTTCGACTA-1,Tumor_edge_3,6
CAATGCGAGAAGTATC-1,DCIS/LCIS_4,8
CAATGGAATCTACATA-1,Healthy_1,2
CAATGGATCTCTACCA-1,Tumor_edge_6,2
CAATGGTCGGCCTGGG-1,Tumor_edge_6,7
CAATGTGCCAACCCTT-1,DCIS/LCIS_1,14
CAATTAAGGGTGATGA-1,IDC_7,10
CAATTTCGTATAAGGG-1,IDC_6,12
CAATTTGACCGGGAAG-1,IDC_5,15
CACAAACCGCAGAACT-1,IDC_2,16
CACAAGAAAGATATTA-1,Healthy_1,2
CACAAGCTAAGAAAGG-1,IDC_4,17
CACAATGAGCTGCTAT-1,DCIS/LCIS_3,12
CACACACGCTAACGAG-1,Tumor_edge_4,11
CACACAGCTTGCGCTC-1,Tumor_edge_3,6
CACACAGGGATAGATT-1,Tumor_edge_2,5
CACACGCGCTGTCTTA-1,Healthy_1,5
CACACGTTTCAATGGG-1,Healthy_1,4
CACACTTGTATTGCGA-1,Healthy_1,2
CACAGAGACGAGGACG-1,IDC_4,17
CACAGCACCCACGGCA-1,IDC_6,10
CACAGCTAGGGAGTGA-1,IDC_5,13
CACAGGGCCATATAGT-1,IDC_2,11
CACAGGGCCGTTGTCA-1,DCIS/LCIS_4,8
CACAGTCCCGCTTCGC-1,DCIS/LCIS_2,4
CACAGTTCGCTTCCCA-1,Tumor_edge_6,6
CACATCGTGCACGCGC-1,IDC_4,17
CACATCTCACCGACGA-1,DCIS/LCIS_4,8
CACATGATTCAGCAAC-1,IDC_6,12
CACATGTTTGGACATG-1,IDC_5,15
CACATTCTTTCGATGG-1,Tumor_edge_1,6
CACATTTCTTGTCAGA-1,DCIS/LCIS_1,14
CACCAGTCAGCATGCA-1,IDC_4,17
CACCATCGGAGGAGAC-1,Tumor_edge_1,13
CACCATGATCGCAAAG-1,Healthy_1,2
CACCCAAATCTTATGT-1,DCIS/LCIS_1,20
CACCCACACGTCACCC-1,IDC_5,7
CACCCACGAGGCAATT-1,Tumor_edge_1,6
CACCCGCGTTTGACAC-1,IDC_2,16
CACCCTAACAAGATCT-1,DCIS/LCIS_4,8
CACCCTTGGTGAGACC-1,IDC_3,6
CACCCTTTCCTCGCTC-1,IDC_5,7
CACCGATACACCGAGC-1,Tumor_edge_1,4
CACCGATGATGGGTAC-1,IDC_2,16
CACCGCCAGAAGGTTT-1,IDC_7,10
CACCGCCGACCAGCGA-1,DCIS/LCIS_5,14
CACCGCGTCCACTCTA-1,Healthy_1,2
CACCGGAGATATCTCC-1,Healthy_1,2
CACCGGGCATCACAAG-1,IDC_2,3
CACCGGTAGAGACATT-1,IDC_4,17
CACCGTATCCCATCCG-1,Tumor_edge_5,6
CACCGTTGCGCGATAT-1,Tumor_edge_2,5
CACCTAATAGAGTCGT-1,IDC_5,15
CACCTAATCAGTTTAC-1,IDC_7,6
CACCTCGATGGTGGAC-1,IDC_7,6
CACCTTGCGAAACTCG-1,Tumor_edge_1,6
CACCTTGGCGCCTTTG-1,DCIS/LCIS_1,14
CACGAAAGTTAGTCCC-1,DCIS/LCIS_3,9
CACGACGTAATAGTAA-1,Healthy_1,2
CACGATTGGTCGTTAA-1,Tumor_edge_6,6
CACGCACAGCGCAGCT-1,IDC_7,10
CACGCAGCGAGGCTTT-1,DCIS/LCIS_3,12
CACGCGGAACTGTTGC-1,DCIS/LCIS_1,14
CACGGACGTGGATGGC-1,Healthy_1,2
CACGGCGCGCCAAAGG-1,Healthy_1,2
CACGTCAATCAATGGA-1,Tumor_edge_4,4
CACGTCGGCAACCTCT-1,Tumor_edge_6,9
CACGTCTATGATGTGG-1,Healthy_1,2
CACGTTCGTGCTCTAG-1,IDC_6,12
CACGTTTCGTACACAC-1,IDC_2,11
CACTAAAGTTGCCTAT-1,DCIS/LCIS_3,12
CACTACGGGAGCTGCC-1,Tumor_edge_4,4
CACTACTCAGTTCTGT-1,DCIS/LCIS_5,14
CACTCAAGAGCTATGG-1,DCIS/LCIS_3,12
CACTCAGCTCTTGAGG-1,DCIS/LCIS_5,14
CACTCCTATGTAAGAT-1,IDC_4,17
CACTCCTCTCGGTCGG-1,Tumor_edge_1,6
CACTCGAGCTGAACAA-1,Healthy_2,6
CACTCTCAAGCATCGA-1,IDC_4,1
CACTCTTCTGCTAGCC-1,Tumor_edge_6,11
CACTGACGATTGTGGA-1,IDC_4,1
CACTGTCCAAGTGAGA-1,IDC_5,13
CACTTAATCAGACGGA-1,DCIS/LCIS_3,12
CACTTCGCCACAGGCT-1,IDC_5,15
CACTTCGTCTTATCTC-1,IDC_5,15
CAGAACTTAGCCCTCT-1,IDC_2,11
CAGAATAACACACGGA-1,Tumor_edge_6,4
CAGACCTGTAAGTGTT-1,Tumor_edge_6,6
CAGAGCATGAGCTTGC-1,IDC_7,10
CAGAGTGATTTAACGT-1,DCIS/LCIS_5,14
CAGATAATGGGCGGGT-1,IDC_2,16
CAGATACTAACATAGT-1,IDC_6,10
CAGATATGAAGATGAC-1,IDC_4,17
CAGATCATTTAAAGTC-1,Healthy_1,2
CAGATCCTGGTTTGAA-1,IDC_4,6
CAGCAGCCCGTTCCTT-1,IDC_7,10
CAGCAGTCCAGACTAT-1,Tumor_edge_5,6
CAGCAGTCTGTGCTGC-1,DCIS/LCIS_4,8
CAGCCCTCACAGGCAG-1,DCIS/LCIS_5,6
CAGCCGGGCCCTCTAT-1,Tumor_edge_1,4
CAGCCTCCTGCAGAGG-1,Tumor_edge_1,10
CAGCCTCTCCTCAAGA-1,Healthy_1,2
CAGCTCACTGAGACAT-1,IDC_6,10
CAGCTCGACAAGTTAA-1,Healthy_1,2
CAGCTCGTGCTTGTGT-1,IDC_5,7
CAGCTGGCGTAACCGT-1,Tumor_edge_2,5
CAGCTTAGTAGGTAGC-1,DCIS/LCIS_3,9
CAGGAAGACTTTATAT-1,Tumor_edge_1,6
CAGGATATATCGTTGT-1,DCIS/LCIS_3,12
CAGGCAGTCTTACCAG-1,IDC_2,3
CAGGCCAGTACCACCT-1,IDC_4,17
CAGGCCGTTTGGGTGT-1,DCIS/LCIS_3,9
CAGGCGCACGGTGGTC-1,IDC_4,17
CAGGCGCCATGCTAGG-1,Healthy_2,6
CAGTAACTATTTATTG-1,Healthy_1,2
CAGTAATCCCTCCCAG-1,IDC_5,15
CAGTACATTCTCTAAA-1,Healthy_1,2
CAGTACCAGTTTACGT-1,IDC_3,6
CAGTAGCCCACGCGGT-1,Healthy_1,2
CAGTAGCGAGGTAGTA-1,IDC_5,15
CAGTCCAACGCCTTCT-1,Healthy_1,2
CAGTCGAGGATGCAAT-1,Healthy_1,2
CAGTCTCTCGGCTAAT-1,IDC_5,15
CAGTCTGTATACTGGG-1,IDC_6,12
CAGTGAATAAATGACT-1,Tumor_edge_1,6
CAGTGGTTGCACATGA-1,IDC_5,15
CAGTGTCCGCAGAATG-1,IDC_5,7
CAGTGTCGGCTGGCCC-1,IDC_2,11
CAGTGTTAATCTCTCA-1,IDC_4,17
CAGTTCAAATTGACAC-1,IDC_6,10
CAGTTCCGCGGGTCGA-1,Tumor_edge_2,5
CAGTTCGAGGACCCGA-1,IDC_4,1
CATAACGGACAGTCGT-1,IDC_1,5
CATAAGAAGCTTGGCT-1,DCIS/LCIS_4,8
CATAAGCTCTCCGTCT-1,Tumor_edge_2,5
CATAATGAGCGGGCGA-1,Tumor_edge_1,7
CATACAAAGCCGAACC-1,IDC_5,7
CATACACGGTTCCCAC-1,DCIS/LCIS_4,8
CATACCCGTACCCAGT-1,DCIS/LCIS_3,9
CATACGAACTAGCTGG-1,IDC_4,1
CATACGGCGTCTGGGC-1,IDC_6,12
CATACGGGTGCATGAT-1,IDC_5,15
CATACTATGTAATTGT-1,DCIS/LCIS_3,12
CATACTTAGGCAATAC-1,DCIS/LCIS_1,14
CATACTTCTTTCTCCG-1,IDC_4,1
CATAGAGGAGATACTA-1,IDC_2,3
CATAGCCGCCCGGGAT-1,Tumor_edge_2,5
CATAGTACATTGAGAG-1,Tumor_edge_1,6
CATAGTAGCATAGTAG-1,IDC_5,13
CATAGTCAAATACATA-1,IDC_2,16
CATAGTCCACAAGAAC-1,DCIS/LCIS_3,9
CATATACTACTGATAA-1,Healthy_1,2
CATATAGGTACAGTCA-1,DCIS/LCIS_3,12
CATATGTCAGGCTACG-1,Tumor_edge_2,5
CATATTATTTGCCCTA-1,DCIS/LCIS_5,14
CATCAAACTGGCGCCC-1,Healthy_1,2
CATCATCTACCCGGAC-1,DCIS/LCIS_5,14
CATCATTACCCTGAGG-1,IDC_2,11
CATCCAATATAGTTTG-1,IDC_4,17
CATCCCGAGATTCATA-1,IDC_2,16
CATCCGCAGGCCCGAA-1,IDC_5,15
CATCCTCTCAAAGATC-1,IDC_2,11
CATCGCCCGCGGCCAA-1,IDC_5,7
CATCGGACGGGTTAAT-1,DCIS/LCIS_3,12
CATCTACCCGAGAACG-1,Healthy_1,2
CATCTATCCCGTGTCT-1,Healthy_1,2
CATCTTACACCACCTC-1,DCIS/LCIS_1,14
CATGAACCGACATTTG-1,IDC_5,7
CATGAACCTCTTATCA-1,DCIS/LCIS_5,14
CATGACTTCGCTGAAT-1,DCIS/LCIS_1,14
CATGAGATGCACTCTC-1,DCIS/LCIS_4,8
CATGATCGCTTTGAGA-1,IDC_2,11
CATGATGCACAATTCT-1,IDC_7,10
CATGATGGAAGTTAGC-1,DCIS/LCIS_1,14
CATGCATGGAGACCCT-1,DCIS/LCIS_5,14
CATGCCAACTCGCAAA-1,Tumor_edge_2,5
CATGCGACCAGTTTAA-1,Healthy_1,2
CATGCGTTAGACAGAA-1,IDC_5,13
CATGCGTTGAGAGGAG-1,IDC_4,18
CATGCTGGCTCCAATT-1,IDC_5,13
CATGGAAATGGGACCA-1,Healthy_1,2
CATGGATTGTCTTCCG-1,Tumor_edge_6,11
CATGGCAGGAAGATCG-1,IDC_5,13
CATGGGTATGCCTTAT-1,DCIS/LCIS_4,8
CATGGGTCGGGTGTGG-1,Tumor_edge_1,6
CATGGTCTAGATACCG-1,IDC_7,10
CATGGTTTATTAATCA-1,IDC_2,16
CATGTAAGAGACATTT-1,IDC_2,11
CATGTAGGAGCGCCAA-1,Healthy_1,2
CATGTCTCATTTATGG-1,Tumor_edge_5,6
CATTACATAGATTGTG-1,Tumor_edge_6,2
CATTACGCAGGAAGGG-1,IDC_2,16
CATTACGTCGGCCCGT-1,IDC_5,13
CATTATAACAGGGTCC-1,DCIS/LCIS_5,6
CATTATCCCATTAACG-1,IDC_4,1
CATTATGCTTGTTGTG-1,IDC_6,10
CATTCACTGACAGCTA-1,DCIS/LCIS_5,14
CATTCAGGTCAGTGCG-1,IDC_5,15
CATTCCCATTCCGTCG-1,Tumor_edge_3,20
CATTCCCTAAGTACAA-1,IDC_5,15
CATTGATGAACACGCC-1,Healthy_1,2
CATTGCGGGTCAATTC-1,Healthy_1,2
CATTGTGTGCTAGATC-1,IDC_5,15
CATTTAGCGGACCATG-1,Tumor_edge_1,2
CATTTATCGTTCAAGA-1,DCIS/LCIS_5,14
CATTTCTAGCAGACTA-1,IDC_5,15
CCAAACAGAACCCTCG-1,IDC_5,13
CCAAATAACAAGATTC-1,Tumor_edge_5,6
CCAAATCAAAGGGCAA-1,IDC_4,17
CCAACCTTATGTAACT-1,IDC_4,1
CCAACGATGCACTGAT-1,DCIS/LCIS_3,12
CCAACGCTTGCCAGGG-1,Healthy_1,2
CCAAGACTTCTGCGAA-1,IDC_5,13
CCAAGCGTAACTCGTA-1,IDC_6,10
CCAAGGAACAGAGAGG-1,IDC_5,7
CCAAGGTTGCCCTTTC-1,IDC_2,16
CCAATAGTGCCGTCGA-1,DCIS/LCIS_3,12
CCAATCGGTAGATCGA-1,Tumor_edge_1,6
CCAATGTCACAGCAAG-1,DCIS/LCIS_3,12
CCAATTACGGGTCGAG-1,Healthy_1,2
CCAATTGAATGTTAAT-1,IDC_5,13
CCACAATGTACGTCTT-1,IDC_7,2
CCACACTGAGATATTA-1,DCIS/LCIS_3,12
CCACAGCTGAAATCAT-1,IDC_5,15
CCACAGTACCCATCCT-1,Tumor_edge_5,6
CCACATACTGCACCCA-1,Tumor_edge_3,6
CCACCCAAGGAAAGTG-1,IDC_6,12
CCACGAATTTAACCTC-1,DCIS/LCIS_1,14
CCACGAGAAGAGAATC-1,Tumor_edge_1,6
CCACGGAGCCATAAGA-1,Tumor_edge_2,5
CCACGGTGCCCGGTAG-1,DCIS/LCIS_1,20
CCACTAAACTGAATCG-1,IDC_5,15
CCACTATCCGGGTCAC-1,Tumor_edge_3,20
CCACTCAGATCCGCAA-1,IDC_2,11
CCACTGGTGGCTGGTT-1,Tumor_edge_2,9
CCACTGTTTGGATTAA-1,DCIS/LCIS_2,4
CCAGAAACTGATGCGA-1,IDC_2,16
CCAGAGACAAAGCCGG-1,Tumor_edge_2,5
CCAGATAGTTGAGTGA-1,IDC_7,2
CCAGCCTGGACCAATA-1,IDC_6,12
CCAGCTACGCCTCATA-1,IDC_5,7
CCAGCTCGAACGCATT-1,DCIS/LCIS_4,8
CCAGCTGATGGTACTT-1,DCIS/LCIS_3,9
CCAGCTTCCGCCCGCA-1,Tumor_edge_2,5
CCAGGGACGTGGCCTC-1,IDC_6,10
CCAGTAGTCTGATCCA-1,Healthy_1,2
CCAGTCCATTATTCGA-1,IDC_5,15
CCAGTCTAGACGGCGC-1,Tumor_edge_1,2
CCAGTCTTGTCATAGA-1,DCIS/LCIS_4,8
CCAGTGTACAGACCGA-1,IDC_4,17
CCAGTTCGGTAACTCA-1,Tumor_edge_6,3
CCATAAACAACCCGAC-1,Tumor_edge_1,6
CCATACCTTTACTTGT-1,Tumor_edge_3,6
CCATAGGTTGGCGTGG-1,IDC_5,13
CCATAGTCAGTAACCC-1,IDC_5,15
CCATATGGAAACTATA-1,Tumor_edge_5,6
CCATATTGGATCATGA-1,IDC_5,15
CCATCCATACCAAGTC-1,IDC_5,7
CCATCTCACCAGTGAA-1,DCIS/LCIS_1,14
CCATCTTGTTCACAAT-1,IDC_5,7
CCATGCCCTAGATTTC-1,IDC_2,11
CCATGCCTGTTTAGTA-1,DCIS/LCIS_3,12
CCATGCTCTGCAGGAA-1,IDC_5,13
CCATGGCCCTTGTACC-1,DCIS/LCIS_3,9
CCATGTTCATCTATAT-1,IDC_4,17
CCATTAGCGATAATCC-1,DCIS/LCIS_3,12
CCATTCCCTGCCCACA-1,DCIS/LCIS_3,12
CCATTGTTTCCTCCAT-1,Tumor_edge_3,6
CCATTTCTACCTATTA-1,DCIS/LCIS_4,8
CCCAAACATGCTGCTC-1,Healthy_1,5
CCCAACATACGTCGCG-1,DCIS/LCIS_3,9
CCCAACCACACTAACA-1,DCIS/LCIS_5,14
CCCAAGACAGAGTATG-1,DCIS/LCIS_5,7
CCCAAGTCATTACACT-1,IDC_2,16
CCCAATGAGATTTGCA-1,IDC_4,1
CCCAATTTCACAACTT-1,DCIS/LCIS_3,9
CCCAGAGGAGGGCGTA-1,Healthy_1,2
CCCAGGAAGAATTCGA-1,IDC_4,1
CCCAGGTCTGAAGGCT-1,Tumor_edge_6,6
CCCAGTAAACTTGGGA-1,IDC_3,6
CCCAGTTAAGGCGCCG-1,IDC_1,19
CCCATATAGGTCGATT-1,Tumor_edge_4,3
CCCGAAGTTTCGCGAA-1,Tumor_edge_2,5
CCCGACCATAGTCCGC-1,IDC_7,6
CCCGAGTTTCTCCGTA-1,Tumor_edge_3,6
CCCGCAGCGCGAACTA-1,Healthy_2,5
CCCGCAGGGCCCAAAG-1,DCIS/LCIS_5,14
CCCGCCATGCTCCCGT-1,IDC_5,13
CCCGCGCAATGCACCC-1,IDC_5,15
CCCGGGTCGTTCAGGG-1,DCIS/LCIS_4,8
CCCGGTGGAAGAACCT-1,Tumor_edge_2,5
CCCGGTGTATCGGAAT-1,IDC_3,6
CCCGTAAGTCTAGGCC-1,DCIS/LCIS_3,9
CCCGTAGCTGGGAAGA-1,IDC_4,17
CCCGTCAGCGTCTGAC-1,IDC_5,13
CCCGTTTCGCAGATGT-1,Tumor_edge_5,6
CCCTACCCACACCCAG-1,Tumor_edge_6,3
CCCTACTTGAACAATG-1,IDC_2,3
CCCTAGTGTCAGGTGT-1,IDC_5,15
CCCTATGTAGAGCAGA-1,IDC_4,17
CCCTCATTCTGGAATT-1,IDC_5,7
CCCTCCTCGCTCGTAT-1,Tumor_edge_6,6
CCCTCGATAATACACA-1,IDC_4,17
CCCTCGGGAGCCTTGT-1,DCIS/LCIS_5,6
CCCTGAAATGAGTTGA-1,DCIS/LCIS_3,12
CCCTGACTAACAAATT-1,Tumor_edge_2,5
CCCTGATGTAACTCGT-1,IDC_5,15
CCCTGCCCAATCCGCT-1,Tumor_edge_2,5
CCCTGCGCTACGCATA-1,DCIS/LCIS_3,9
CCCTGGTATGGGCGGC-1,DCIS/LCIS_5,14
CCCTTTAATGGAGTTC-1,IDC_2,3
CCGAAAGTGGTGAGCA-1,IDC_5,15
CCGAACACTGGGCCTC-1,Tumor_edge_2,5
CCGAACCTTCCCGGCC-1,Healthy_2,5
CCGAAGTATATTGTTC-1,IDC_5,15
CCGACAAACACATGAG-1,IDC_5,15
CCGACAAAGGGAGTGC-1,DCIS/LCIS_3,9
CCGACAATAGGCCGCC-1,DCIS/LCIS_2,4
CCGACGGGCATGAGGT-1,Tumor_edge_6,17
CCGACGTAAACACAAC-1,Healthy_1,2
CCGACTCGCATAGTCT-1,DCIS/LCIS_5,14
CCGAGAAGTCGCATAA-1,Tumor_edge_3,6
CCGAGCTGTGCTTGTC-1,Healthy_1,2
CCGAGGGATGTTAGGC-1,DCIS/LCIS_5,14
CCGATCTCAACCTTAT-1,DCIS/LCIS_1,14
CCGATCTTAAGAGGCT-1,Healthy_1,2
CCGATTCGAGGGACCC-1,Tumor_edge_2,9
CCGCACAAAGACCAAC-1,IDC_6,12
CCGCACGTGACCTCGG-1,DCIS/LCIS_3,12
CCGCACTTGCAATGAC-1,IDC_2,16
CCGCATGTGGTACGAT-1,DCIS/LCIS_4,8
CCGCCACCACAATCCA-1,DCIS/LCIS_5,14
CCGCCGGAACTTCTCG-1,IDC_3,6
CCGCCGGTCAACACAC-1,IDC_5,7
CCGCCGTTGAGGATAA-1,Tumor_edge_3,6
CCGCCTGCGAATTGGT-1,Healthy_1,2
CCGCGGGTACGAAGAA-1,DCIS/LCIS_3,9
CCGCGTAGGTAAGGGC-1,DCIS/LCIS_3,12
CCGCTATCAGCACCAG-1,Healthy_2,12
CCGCTCCAGGGCGATC-1,Tumor_edge_6,3
CCGCTCTTCCGAACTA-1,IDC_2,16
CCGCTGGTGCCATTCA-1,DCIS/LCIS_5,14
CCGCTTACCTCACTCT-1,DCIS/LCIS_3,9
CCGCTTGCTGACATGG-1,Tumor_edge_3,2
CCGGAAGTGCAATATG-1,IDC_2,3
CCGGAATGGTTTCAGT-1,IDC_5,5
CCGGAGCGTACTTTCT-1,DCIS/LCIS_4,8
CCGGAGGTCTTATGGT-1,Healthy_1,2
CCGGCACGACCGTTTC-1,DCIS/LCIS_1,14
CCGGCGCATATTGGAT-1,IDC_5,7
CCGGCGTGAGACTCTG-1,IDC_3,6
CCGGGACCCGCAGAGA-1,IDC_5,13
CCGGGCGGTCTCGTCA-1,IDC_7,10
CCGGGCTAAGAATTTC-1,IDC_4,17
CCGGGCTGCTCCATAC-1,Tumor_edge_6,5
CCGGGTTCGAGGTTAC-1,DCIS/LCIS_3,9
CCGGTAATGGCTAGTC-1,DCIS/LCIS_1,14
CCGTAAGTTGGTCCCA-1,IDC_6,10
CCGTACCCAAGCGCCA-1,IDC_5,7
CCGTAGGAAATCCCTG-1,IDC_2,11
CCGTAGGGTTGTTTAC-1,IDC_2,11
CCGTATCTCGTCGTAG-1,Tumor_edge_2,17
CCGTATTAGCGCAGTT-1,Healthy_1,2
CCGTCAACCTCTGGCG-1,IDC_4,17
CCGTGAGGCATTCATG-1,DCIS/LCIS_1,14
CCGTGCCCATGACGGC-1,IDC_5,7
CCGTGGAACGATCCAA-1,Healthy_1,2
CCGTGTTAAATTCCAT-1,DCIS/LCIS_3,9
CCGTTACGTTAGAACA-1,Tumor_edge_1,6
CCGTTCCGAATCTCGG-1,Tumor_edge_6,9
CCTAAACAGGGTCCGT-1,DCIS/LCIS_5,6
CCTAAAGGCTGACGCT-1,Tumor_edge_1,6
CCTAAATTAACGGTTC-1,IDC_6,12
CCTAAATTGTATCCTA-1,Tumor_edge_5,6
CCTAACCCAAACAAGT-1,Tumor_edge_5,6
CCTAACTAAGGCTCTA-1,Healthy_1,2
CCTACAAGTCCGGAAT-1,Healthy_1,2
CCTACATTCACAGACG-1,Tumor_edge_2,5
CCTACGGCTCAGTCGA-1,IDC_5,15
CCTACTGCTTACACTT-1,IDC_6,10
CCTAGGCGTAGCGATC-1,IDC_1,5
CCTAGGTAAAGGTAGC-1,IDC_3,6
CCTAGTTAGTCGCATG-1,Tumor_edge_1,14
CCTATAATGAGTGCCC-1,DCIS/LCIS_4,8
CCTATATCGTGTCACG-1,IDC_4,17
CCTATATTTGTCCTGG-1,IDC_4,1
CCTATCTATATCGGAA-1,Tumor_edge_1,6
CCTATGAAGTGGTGCC-1,DCIS/LCIS_1,14
CCTATGGCTCCTAGTG-1,IDC_4,17
CCTATGGGTTACCGTC-1,IDC_7,10
CCTATGGTCAAAGCTG-1,IDC_2,3
CCTATGTCCACTCCAC-1,IDC_2,3
CCTCACCAATCTTGAC-1,IDC_5,7
CCTCACCTGAGGGAGC-1,Tumor_edge_3,2
CCTCACCTTAGCATCG-1,Healthy_1,2
CCTCATGCAGCTACGA-1,IDC_5,15
CCTCCCGACAATCCCT-1,DCIS/LCIS_5,14
CCTCCGACAATTCAAG-1,DCIS/LCIS_3,9
CCTCCTAGCTAGAGTC-1,IDC_4,17
CCTCCTGTTGTGTCGT-1,IDC_2,16
CCTCGAAGTGGACGGG-1,Tumor_edge_1,6
CCTCGACCCACTGCCT-1,DCIS/LCIS_5,14
CCTCGCCAGCAAATTA-1,Tumor_edge_1,6
CCTCGCGCGATATAGG-1,Healthy_1,2
CCTCGCGCTGTGCGAT-1,DCIS/LCIS_4,8
CCTCGGACCGGGATAG-1,IDC_1,19
CCTCGGTTTCCTTGCC-1,IDC_4,18
CCTCGTTACGCCTGTT-1,Healthy_1,2
CCTCTAATCTGCCAAG-1,IDC_7,10
CCTCTACAAGGATTGG-1,IDC_4,17
CCTCTATCGATTAGCA-1,Tumor_edge_2,5
CCTCTCTCCCATCTAG-1,DCIS/LCIS_3,9
CCTCTGGCCTAGACGG-1,Tumor_edge_1,6
CCTCTGTACTATTCTA-1,Healthy_2,8
CCTGAATATTTACATA-1,IDC_7,10
CCTGACCACCGATGGT-1,DCIS/LCIS_3,12
CCTGACGCAACCTTTA-1,Tumor_edge_1,4
CCTGAGAATAAATGCA-1,IDC_4,18
CCTGCGATAGAACTGT-1,IDC_5,15
CCTGCTATTTGAGAAG-1,IDC_6,10
CCTGGAAACGTTCTGC-1,DCIS/LCIS_1,14
CCTGGCTAGACCCGCC-1,Tumor_edge_6,10
CCTGGTCGAATGTGGG-1,DCIS/LCIS_4,8
CCTGTAAGACATGATA-1,DCIS/LCIS_3,9
CCTGTACTCACGCCCA-1,DCIS/LCIS_3,9
CCTGTCACCCGGGCTC-1,IDC_7,10
CCTGTCCCTCACGTTA-1,DCIS/LCIS_1,14
CCTGTCGCCCGTAAAT-1,IDC_6,12
CCTGTCGTGTATGAAG-1,IDC_4,17
CCTGTTCAACCTCGGG-1,IDC_4,1
CCTGTTTGAAGACACG-1,IDC_2,11
CCTTAAGTACGCAATT-1,Tumor_edge_6,3
CCTTCAGTTAAAGTGA-1,IDC_4,1
CCTTCCGCAACGCTGC-1,IDC_4,17
CCTTCGTATAGAATCC-1,IDC_4,1
CCTTCTCAGCGTTCCT-1,Tumor_edge_2,5
CCTTCTTGATCCAGTG-1,IDC_7,6
CCTTGACCACTTTATT-1,DCIS/LCIS_2,4
CCTTGTGAACGTGGTT-1,IDC_4,18
CCTTTCAATGAAGAAA-1,Healthy_1,2
CGAAACATAGATGGCA-1,DCIS/LCIS_5,14
CGAAACGCAATTCATG-1,DCIS/LCIS_3,9
CGAACAGTATGGGCGT-1,Tumor_edge_5,6
CGAACATAGTCAGAAA-1,Healthy_1,2
CGAACCCGCATGCGTC-1,DCIS/LCIS_3,9
CGAACCTCTTTCCTAG-1,IDC_4,17
CGAACGCCCAGTGCCG-1,Tumor_edge_1,6
CGAACGGCCGGACAAC-1,IDC_3,6
CGAAGATCAGTTTCAT-1,IDC_4,1
CGAAGCTATAAATTCA-1,Healthy_1,2
CGAAGGGTTTCAGATT-1,IDC_4,17
CGAAGTTGCTCTGTGT-1,DCIS/LCIS_3,9
CGAATCTGCTCGACGC-1,IDC_4,17
CGAATGAAGTCATTGC-1,IDC_4,17
CGAATGACGCATAATG-1,DCIS/LCIS_4,8
CGACAATTTGATCTAA-1,Tumor_edge_3,14
CGACACCGCTTAAGGA-1,Healthy_1,2
CGACACGCTCCGACAG-1,Tumor_edge_3,6
CGACAGTTCGCGTTAT-1,DCIS/LCIS_3,9
CGACATGCGATCTTCT-1,DCIS/LCIS_5,14
CGACCCTTAACGCCGG-1,IDC_3,6
CGACGCATCCGTACCT-1,IDC_3,6
CGACTCAGGATGTTAT-1,Healthy_1,2
CGACTCGGTACACGGT-1,Healthy_1,2
CGACTTTGTATAGCCT-1,DCIS/LCIS_1,20
CGAGACCCTAGAGTGT-1,DCIS/LCIS_3,12
CGAGACTACTGCTGCT-1,IDC_2,3
CGAGAGATGTGAACCT-1,IDC_7,10
CGAGAGCTTTCACTAC-1,IDC_2,3
CGAGAGGGTAGCCGCG-1,DCIS/LCIS_2,4
CGAGATTTCGCTCGGG-1,Tumor_edge_3,6
CGAGCACTTCAAGTTT-1,Tumor_edge_6,5
CGAGCGTTGATCAGCC-1,IDC_5,7
CGAGCTGGGCTTTAGG-1,Tumor_edge_6,13
CGAGGAGCTTCCATAT-1,Healthy_1,2
CGAGGATCGGGAACGA-1,Tumor_edge_3,6
CGAGGCCAGGCATTGG-1,IDC_5,15
CGAGGCTAAATATGGC-1,IDC_7,10
CGAGGGACTGCGGTCG-1,IDC_6,12
CGAGGGTATCCAGGTG-1,DCIS/LCIS_4,8
CGAGTACTAAAGAGGA-1,DCIS/LCIS_3,9
CGAGTGAAGGTACCAG-1,IDC_4,17
CGAGTGCTATAGTTCG-1,IDC_5,7
CGAGTTCTGTCCCACC-1,Tumor_edge_1,2
CGAGTTTATCGGACTG-1,IDC_1,19
CGATAATACTCAGGTT-1,Tumor_edge_3,6
CGATACCTCGCGGACA-1,DCIS/LCIS_3,12
CGATAGCGATACAGTG-1,IDC_4,17
CGATAGTCGTACTGCA-1,IDC_2,3
CGATATTAGCCGCAGG-1,IDC_5,15
CGATCATTAGAGGCAC-1,Healthy_1,2
CGATCCACCATTGTTG-1,IDC_4,1
CGATCCGACCCAGTGC-1,DCIS/LCIS_3,12
CGATCCTCGCAACATA-1,IDC_4,1
CGATCGAGAAGCACCA-1,IDC_4,1
CGATCTGTTGGAGGAC-1,Tumor_edge_2,5
CGATGGACCCTACGCC-1,Healthy_1,2
CGATGTTGTTATCTAC-1,IDC_4,17
CGATTAAATATCTCCT-1,DCIS/LCIS_4,8
CGATTCGCCTGGCTGC-1,DCIS/LCIS_4,8
CGCAAACACGAGTTAC-1,IDC_6,10
CGCAATTACTTTCGGT-1,IDC_5,15
CGCAATTAGGGTAATA-1,IDC_6,10
CGCAATTCTACAATAA-1,Tumor_edge_2,5
CGCACATGTCCACTAC-1,IDC_1,19
CGCACGTCTGTTTATG-1,IDC_4,1
CGCACGTGCGCTATCA-1,DCIS/LCIS_1,14
CGCAGAAACATTTGCG-1,Tumor_edge_1,7
CGCAGATCTTCACCCG-1,Healthy_1,2
CGCAGGCGATCCAAAC-1,Tumor_edge_5,6
CGCAGTTCTATCTTTC-1,IDC_2,3
CGCATCATGGCTTCAG-1,Tumor_edge_1,4
CGCATCCATCAGCCAG-1,Tumor_edge_3,6
CGCATGCCGAATGCGT-1,IDC_2,3
CGCATGGTGCGATGCT-1,IDC_6,12
CGCATTAGCTAATAGG-1,Tumor_edge_6,10
CGCCAAGAAGCCGAGT-1,Tumor_edge_2,5
CGCCACCCGCATTAAC-1,IDC_5,15
CGCCATCCGATTATGA-1,Tumor_edge_1,6
CGCCCAGCACGCCTAG-1,Tumor_edge_6,1
CGCCCAGCGTTTCACG-1,IDC_2,3
CGCCCGCTTCCGTACA-1,Tumor_edge_1,6
CGCCCTAATTGTTCAA-1,IDC_4,17
CGCCCTTGAAGGCTGA-1,Tumor_edge_2,5
CGCCGCCCATGCCTGT-1,IDC_1,19
CGCCGCGTTCTGAACG-1,IDC_4,18
CGCCGTTCAGCATAGT-1,Tumor_edge_4,3
CGCCTCCCTCCTCTAT-1,Healthy_2,5
CGCCTGGCCTACGTAA-1,DCIS/LCIS_3,9
CGCCTTTAGCATGCTC-1,Tumor_edge_3,6
CGCGAAGTGGCATACT-1,IDC_2,16
CGCGACCGCGACAGAT-1,DCIS/LCIS_4,8
CGCGAGAGGGACTTGT-1,Healthy_1,2
CGCGAGTCTGCCGGGT-1,IDC_3,6
CGCGCAAATGTCCAGA-1,IDC_4,17
CGCGCAAGGAACTACA-1,IDC_5,15
CGCGCCCGACTTAATA-1,Tumor_edge_1,6
CGCGGCAGTATTACGG-1,IDC_5,15
CGCGGCTCAACTTGAA-1,DCIS/LCIS_1,14
CGCGGGAATTAGGCAG-1,IDC_7,10
CGCGGGAATTCCTTTC-1,IDC_2,3
CGCGGTAAGTCTAGCT-1,Tumor_edge_3,20
CGCGGTACGGTATACA-1,Tumor_edge_6,4
CGCGGTCACAAACCAA-1,Healthy_1,2
CGCGTACATTCTGGAA-1,Healthy_1,2
CGCGTCATATTAAACC-1,DCIS/LCIS_5,6
CGCGTTCATGAAATAC-1,IDC_6,10
CGCTACGGGACATTTA-1,DCIS/LCIS_3,12
CGCTAGAGACCGCTGC-1,DCIS/LCIS_1,14
CGCTATACCGCCCACT-1,IDC_5,7
CGCTATTCAATGTATG-1,IDC_5,15
CGCTATTCTTAGGCTC-1,DCIS/LCIS_3,12
CGCTCGACATAATGAT-1,IDC_5,13
CGCTCTCCGTAGATTA-1,DCIS/LCIS_3,12
CGCTGGTGACTACCCT-1,Tumor_edge_3,6
CGCTGTGACGCCGCAC-1,IDC_6,10
CGCTGTGTGGATGTTG-1,IDC_4,1
CGCTTAGTATTGATAC-1,IDC_4,1
CGCTTATTCCCGGTCG-1,DCIS/LCIS_3,9
CGCTTCCACTGAAATC-1,IDC_5,7
CGCTTCGGTCTAAGAC-1,IDC_2,16
CGCTTGGACGGATAGA-1,Tumor_edge_4,3
CGCTTTCATACCGGTG-1,IDC_5,7
CGCTTTCCGCCAAGGT-1,Tumor_edge_6,11
CGCTTTCTTGCATTCG-1,IDC_7,2
CGGAAATTTCACATCC-1,Tumor_edge_1,4
CGGAACGTAAACATAG-1,DCIS/LCIS_3,9
CGGACCTTTACGTCCC-1,IDC_2,3
CGGAGCAATTTAATCG-1,Tumor_edge_6,8
CGGAGCATGGCGATCC-1,IDC_6,12
CGGAGCTTATAACACC-1,Tumor_edge_1,4
CGGAGTTTGAGAGACA-1,DCIS/LCIS_3,12
CGGATAAGCGGACATG-1,IDC_5,15
CGGATCCTCAAGGACT-1,DCIS/LCIS_4,8
CGGATGAATGCTGTGA-1,IDC_4,17
CGGCAAACATCGTGCG-1,Healthy_2,8
CGGCAATAAGATCGCC-1,Tumor_edge_4,6
CGGCACCGTTAGCGCC-1,Tumor_edge_1,2
CGGCACTCAAGAAAGT-1,IDC_5,15
CGGCAGGGTCGGGTTG-1,Healthy_1,2
CGGCCACGCACAAAGT-1,DCIS/LCIS_3,12
CGGCCAGAGCGACCAT-1,IDC_4,1
CGGCCCAACCTGTAGT-1,Tumor_edge_3,2
CGGCCCAGGTATATCC-1,DCIS/LCIS_1,14
CGGCGCCATCAATCCC-1,IDC_2,11
CGGCTCTAAAGCTGCA-1,Tumor_edge_3,6
CGGCTCTTCGTCGAAC-1,Tumor_edge_1,4
CGGCTGCAAGATTAAG-1,DCIS/LCIS_5,14
CGGCTTTGTATGATAA-1,Tumor_edge_1,7
CGGGAACGCCCTGCAT-1,IDC_4,17
CGGGAAGTACCGTGGC-1,IDC_4,17
CGGGAATATAGTATAC-1,Tumor_edge_3,6
CGGGAATTTATGTAAA-1,Healthy_2,5
CGGGAGCTTCAGTGTA-1,Tumor_edge_5,6
CGGGAGTATACCGCCG-1,IDC_5,15
CGGGATCAATGTAAGA-1,IDC_7,13
CGGGCAGCTAAACCGC-1,IDC_6,10
CGGGCCATAGCCGCAC-1,IDC_5,15
CGGGCCTTCTTTGTAA-1,DCIS/LCIS_3,12
CGGGCGATGGATCACG-1,IDC_2,11
CGGGTGTACCCATTTA-1,IDC_7,2
CGGGTTCGGCACGTAT-1,Healthy_1,2
CGGGTTTGTTAGGGCT-1,Tumor_edge_6,6
CGGTAGAGGTGCAGGT-1,Healthy_1,2
CGGTATAGGTATTAGC-1,Healthy_1,2
CGGTATGGGCACTCTG-1,IDC_4,1
CGGTCAAGTGGGAACC-1,IDC_7,10
CGGTCCATGAGACTCC-1,Healthy_1,2
CGGTCCGTCGCAAGCC-1,IDC_4,1
CGGTCTATCAACCCGT-1,Tumor_edge_1,6
CGGTGAAGACTAAAGT-1,DCIS/LCIS_3,9
CGGTGCAGATAGAACG-1,DCIS/LCIS_3,9
CGGTGCGCGTTGGTCC-1,Tumor_edge_6,9
CGGTGGGCTCCAGCCT-1,Healthy_1,2
CGGTGTACTTGATCCC-1,IDC_5,15
CGGTTATCCAACAGTG-1,Healthy_1,2
CGGTTCAAGTAGGTGT-1,Healthy_1,2
CGGTTCCGGCTTCTTG-1,IDC_5,15
CGGTTGACCTGGCATA-1,DCIS/LCIS_3,9
CGGTTGAGTATCCTTC-1,IDC_4,17
CGGTTGGGCAGGGTCC-1,Tumor_edge_6,11
CGGTTGGGTTCAAGTT-1,Healthy_1,2
CGGTTTATGAAGGAAC-1,Healthy_1,2
CGTAAACGCTTGAGTG-1,IDC_5,15
CGTAAAGCAAGAAATC-1,IDC_4,17
CGTAACTTCGACACTT-1,IDC_4,1
CGTACCGAAAGTCTAG-1,IDC_5,15
CGTACCTGATAGGCCT-1,IDC_7,10
CGTAGAGAGTAATTAT-1,IDC_2,3
CGTAGCGAATTGTCAG-1,Tumor_edge_1,6
CGTAGCGCCGACGTTG-1,Tumor_edge_1,7
CGTATTAAGAGATCTA-1,DCIS/LCIS_3,12
CGTCACGTCCATTGGT-1,DCIS/LCIS_3,9
CGTCAGTGCGCACAAG-1,IDC_5,7
CGTCAGTTTATCGTCT-1,DCIS/LCIS_5,6
CGTCATACCATATCCA-1,IDC_5,15
CGTCCTCATCGCGTGC-1,IDC_2,16
CGTCGCATGTGAGCCA-1,IDC_2,3
CGTCGCGGCGGGATTT-1,IDC_5,15
CGTCGCTTGGTTATAC-1,IDC_4,17
CGTCGGATAGTGTTGA-1,Tumor_edge_6,6
CGTCGGGTCTAAGCGC-1,Tumor_edge_6,19
CGTCGTCCTTCGCGAA-1,DCIS/LCIS_4,8
CGTCTGGAAGGGCCCG-1,IDC_5,13
CGTGAAGTTAATTCAC-1,DCIS/LCIS_3,12
CGTGACATTGGGTCGT-1,Tumor_edge_1,6
CGTGACCAGTCCTCTG-1,DCIS/LCIS_4,8
CGTGCACACCACTGTA-1,IDC_2,3
CGTGCAGACTGGGACA-1,IDC_6,12
CGTGCATTGTCGACGC-1,DCIS/LCIS_3,9
CGTGCCCGACATTTGT-1,DCIS/LCIS_5,6
CGTGCTGGCCTAGTCG-1,IDC_5,15
CGTGCTTCTACCTAAA-1,IDC_4,17
CGTGGAAGCCTCGTAC-1,Tumor_edge_3,6
CGTGGCCGAATATCTA-1,Tumor_edge_3,6
CGTGGTACCCAAAGGC-1,IDC_4,1
CGTGTATGGGAGCTGA-1,IDC_2,11
CGTGTCCCATTCGCGA-1,IDC_6,10
CGTGTCTCGTTACGAC-1,IDC_4,17
CGTGTGTTAAACCCTG-1,DCIS/LCIS_1,20
CGTTAAACTAGTTAGG-1,Tumor_edge_3,6
CGTTAAATACGACCAG-1,IDC_2,11
CGTTAATGTCCCGACG-1,IDC_2,11
CGTTAGCTCACAACTG-1,Tumor_edge_1,2
CGTTCAAGGAAACGGA-1,IDC_4,18
CGTTCAGACCCGCGAA-1,DCIS/LCIS_4,8
CGTTCATGGTGCGCGT-1,IDC_3,5
CGTTCTTCGCACACCT-1,Healthy_1,2
CGTTGAATACCGCGCT-1,DCIS/LCIS_4,8
CGTTGAGTAATTGCGT-1,Healthy_1,2
CGTTGCCCGCGTGGGA-1,IDC_4,1
CGTTGTAAGATTGATT-1,Tumor_edge_6,2
CGTTGTCGGCAATTGA-1,DCIS/LCIS_4,8
CGTTGTTTCAATTCCC-1,DCIS/LCIS_3,12
CGTTTAAGCGGAGCAC-1,IDC_5,13
CGTTTACAAGGCAGCT-1,Healthy_1,2
CGTTTCACTTCGGGCG-1,Healthy_1,2
CGTTTCGCTCATTACA-1,DCIS/LCIS_3,12
CGTTTCGGTTATATGC-1,IDC_2,11
CTAAAGAATGCCTACT-1,DCIS/LCIS_3,9
CTAAAGGGAAATAGGA-1,DCIS/LCIS_3,12
CTAAAGTCCGAAGCTA-1,IDC_5,15
CTAAATCCGGTGTACA-1,IDC_4,17
CTAAATCCTATTCCGG-1,Tumor_edge_1,2
CTAACCGCGCGCCCGT-1,DCIS/LCIS_3,9
CTAACGAAACTTGCTG-1,Healthy_1,2
CTAACTGATAATCGCC-1,Tumor_edge_4,11
CTAACTGGTCCGGTTC-1,Tumor_edge_2,5
CTAAGTACAGGGCTAC-1,Healthy_1,2
CTAATTATGAAGCGTA-1,Healthy_1,2
CTAATTCGCACGCGCT-1,DCIS/LCIS_3,12
CTAATTCTCAGATATT-1,Tumor_edge_3,2
CTAATTTCAACAACAC-1,IDC_5,15
CTACAAGAAATAACCC-1,IDC_4,17
CTACACTCGCAGATGG-1,Tumor_edge_4,11
CTACATATCGCGGGAC-1,IDC_4,17
CTACCCTAAGGTCATA-1,Healthy_1,2
CTACGAACTAGGTCGA-1,DCIS/LCIS_5,14
CTACGACTAGCTATAA-1,DCIS/LCIS_3,9
CTACGATCCTATCCTA-1,IDC_4,17
CTACGCACGGAGTACC-1,DCIS/LCIS_3,12
CTACGCCATTTCCGAT-1,Tumor_edge_1,6
CTACGTGTTGCCACCA-1,IDC_5,15
CTACTATCATAGGTTT-1,Tumor_edge_2,5
CTACTATCTTTCAGAG-1,Healthy_1,2
CTACTCAAGGTATAGT-1,IDC_4,1
CTACTCTAGGCCCGGC-1,DCIS/LCIS_3,12
CTACTGCCACCTGACC-1,IDC_7,10
CTAGACATATATGTAG-1,Healthy_1,2
CTAGACTGCATTTCGT-1,Healthy_1,2
CTAGATAAACTCCTCG-1,IDC_5,15
CTAGATGTGAGTGTAA-1,DCIS/LCIS_1,20
CTAGATTTACGACGGC-1,Healthy_2,5
CTAGCATAGTATAATG-1,IDC_6,10
CTAGCCACAGGCGAGC-1,DCIS/LCIS_2,4
CTAGCCGATGTTATGA-1,Healthy_1,2
CTAGGCGCCCTATCAG-1,IDC_2,11
CTAGGCGGCAGAGAAT-1,Tumor_edge_6,15
CTAGGGATAGGGACAA-1,IDC_4,18
CTAGGTCTGAAGGAAT-1,DCIS/LCIS_1,14
CTAGGTTCGGACGTGA-1,DCIS/LCIS_4,8
CTAGTAGAAAGGGATT-1,IDC_2,3
CTAGTATTCGGAATTA-1,Tumor_edge_1,6
CTAGTCACGTCTTAAG-1,IDC_6,12
CTAGTGAAGGACAGGA-1,DCIS/LCIS_3,12
CTAGTTACAACCCGGT-1,DCIS/LCIS_4,8
CTAGTTGGGCCCGGTA-1,IDC_7,10
CTATAAGAGCCAATCG-1,Healthy_1,2
CTATAGGCGTTGATGT-1,IDC_4,1
CTATATCCAGCCTGGC-1,IDC_4,1
CTATCACAACGCTGGA-1,IDC_4,11
CTATCGACGAAATACA-1,IDC_2,11
CTATCGCGTAGAGAAC-1,Tumor_edge_4,4
CTATCGGGTCTCAACA-1,IDC_6,10
CTATGCCCGAATGCAA-1,DCIS/LCIS_4,8
CTATGGGAAGCGGAAT-1,Tumor_edge_4,6
CTATGTCACTAGCCCA-1,Tumor_edge_6,10
CTATGTCTATTGAAAC-1,IDC_5,7
CTATGTGAGTCACGGC-1,Tumor_edge_2,5
CTATTCATGTGTCCCA-1,Healthy_2,8
CTATTGTGTTTGGTCA-1,Healthy_1,2
CTATTTGCTTGGAGGA-1,Tumor_edge_6,1
CTATTTGGTTACGGAT-1,IDC_6,12
CTCAAACCACTGCCCG-1,IDC_4,1
CTCAACTAACCCGGAT-1,IDC_2,3
CTCAAGACATTAGCGC-1,Healthy_1,2
CTCACACGCAAGCCTA-1,Healthy_1,2
CTCACATTTACTAAAT-1,DCIS/LCIS_4,8
CTCACCGATCCAAACT-1,Healthy_1,2
CTCACTGTGATACTTA-1,DCIS/LCIS_4,8
CTCACTTGGCTGGTAA-1,DCIS/LCIS_3,9
CTCAGAGCTAATGTCG-1,IDC_4,1
CTCAGGACTCACCTGT-1,IDC_5,15
CTCAGTCACGACAAAT-1,Healthy_1,2
CTCATAAATGTGTATA-1,IDC_2,16
CTCATGGCTCACAATC-1,Tumor_edge_6,13
CTCATGGTAATTTGCG-1,Tumor_edge_2,5
CTCATTGCTCTAACAA-1,DCIS/LCIS_4,8
CTCATTTGATGGGCGG-1,Tumor_edge_6,13
CTCCCAATGAGTCGCG-1,Tumor_edge_3,6
CTCCCTCCTTTCGATC-1,IDC_3,5
CTCCGCCCACATGAGG-1,DCIS/LCIS_3,9
CTCCGGCCTAATATGC-1,IDC_5,13
CTCCGGCTTGTAGACA-1,IDC_5,15
CTCCTAAGTTATGTCT-1,IDC_5,15
CTCCTCCAGCTCACAC-1,IDC_4,1
CTCCTGTTCAAGGCAG-1,Tumor_edge_5,6
CTCCTTTACGCAAGTC-1,Healthy_1,2
CTCGAATGGAACGTAT-1,Healthy_1,2
CTCGAGATCCAAAGCA-1,IDC_5,15
CTCGAGGTCGAACAGT-1,IDC_6,10
CTCGATATTTGCGAGC-1,Healthy_1,2
CTCGCACCTATATAGT-1,IDC_7,10
CTCGCATTGCATAGCC-1,IDC_4,17
CTCGCCGAATGTAGGG-1,DCIS/LCIS_4,8
CTCGCTAGGTAAGCGA-1,IDC_2,3
CTCGGGATAACACCTA-1,Tumor_edge_3,20
CTCGGGCATCGTCGGG-1,DCIS/LCIS_5,6
CTCGGGTTCTCTGGCC-1,IDC_4,17
CTCGGTACCACTGCTC-1,IDC_1,19
CTCGGTCCGTAGCCTG-1,IDC_5,13
CTCGGTTGTCGGCCCT-1,IDC_4,17
CTCGTCGAGGGCTCAT-1,IDC_4,17
CTCGTCTGTGCCTTCG-1,IDC_2,3
CTCGTTACGGCTACCA-1,IDC_4,18
CTCGTTTCTAATGTTT-1,Healthy_1,2
CTCTAATGCATTGATC-1,Healthy_1,2
CTCTACACTGGCGATT-1,Tumor_edge_2,5
CTCTACATCCTGCGTG-1,IDC_4,1
CTCTAGCCCTCGGAAA-1,IDC_2,3
CTCTATTTGGCTGCAG-1,Healthy_2,5
CTCTCACAATCGATGA-1,IDC_6,10
CTCTCGATGTGCGCCT-1,DCIS/LCIS_5,14
CTCTCTAACTGCCTAG-1,IDC_4,17
CTCTGCAGGCATTCTT-1,IDC_4,17
CTCTGCGAAGCAAGCA-1,IDC_5,7
CTCTGGACGCCTGGTG-1,IDC_6,10
CTCTGTTTGAGGATTC-1,Tumor_edge_1,6
CTCTTCTATTGACTGG-1,DCIS/LCIS_1,6
CTCTTCTGGAAGTTAG-1,IDC_4,1
CTCTTGTCCCGCTTGG-1,Healthy_2,8
CTGAAACGGCCCTCAG-1,Tumor_edge_6,2
CTGAAAGAGATCCGAC-1,IDC_7,6
CTGAATCCGAGACCTC-1,DCIS/LCIS_3,9
CTGAATTTATTGCCAG-1,Healthy_1,2
CTGACATAGAAATAGA-1,Tumor_edge_3,6
CTGACTGCGCAGCTCG-1,Tumor_edge_3,6
CTGAGAAAGTTCGGCG-1,Tumor_edge_3,6
CTGAGCAAGTAACAAG-1,IDC_5,15
CTGCAAATGGGCTCCA-1,DCIS/LCIS_5,6
CTGCAAGCACGTTCCG-1,Tumor_edge_4,4
CTGCACAACTACATAT-1,Healthy_2,6
CTGCACCTAGTCCACA-1,Tumor_edge_3,6
CTGCACCTGGAACCGC-1,IDC_5,7
CTGCACTCCAGTACAG-1,DCIS/LCIS_4,8
CTGCAGAGAATCAGAG-1,IDC_2,11
CTGCCAAGGTTGGAAG-1,Tumor_edge_1,6
CTGCCATGCATCACAT-1,DCIS/LCIS_3,12
CTGCCTAGCCACCAAG-1,DCIS/LCIS_5,14
CTGCCTCATATGCAAC-1,Tumor_edge_6,20
CTGCCTTTAATACCTT-1,IDC_4,17
CTGCCTTTCTAGTAAA-1,IDC_2,3
CTGCGACCTCGCCGAA-1,IDC_2,11
CTGCGATTTCGAGATT-1,IDC_4,1
CTGCGGGTGAAATGTT-1,DCIS/LCIS_3,12
CTGCGGTAGTCACGTG-1,Healthy_1,2
CTGCGTTACGATATAA-1,Tumor_edge_1,2
CTGCTCTGACGGCAAA-1,IDC_4,1
CTGCTGAGGCCACGAA-1,Tumor_edge_2,5
CTGCTGTCTAACGAGC-1,Tumor_edge_3,6
CTGCTTGGCGATAGCT-1,DCIS/LCIS_4,8
CTGCTTTATGTCCGCG-1,Healthy_1,2
CTGGAAATGGATGCTT-1,IDC_6,10
CTGGAAGACACGGTGG-1,Tumor_edge_5,6
CTGGACGCAGTCCGGC-1,IDC_3,6
CTGGCATCCGAATGAG-1,Tumor_edge_2,5
CTGGCGACATAAGTCC-1,Tumor_edge_1,6
CTGGCGATTTACATGT-1,IDC_2,16
CTGGCGCACAGGTCTG-1,IDC_1,19
CTGGCGGGAATAAGTA-1,IDC_5,15
CTGGCTCCTGCGGGAT-1,IDC_5,15
CTGGCTGATTCATCCT-1,Tumor_edge_3,14
CTGGCTGCTAACGTAA-1,IDC_5,15
CTGGGATACGCTACCC-1,DCIS/LCIS_1,14
CTGGGATCGCCCAGAT-1,DCIS/LCIS_5,6
CTGGGCCTGCTATATC-1,DCIS/LCIS_3,9
CTGGGCTACTGGAGAG-1,IDC_2,3
CTGGGCTATCCTTTGG-1,Healthy_1,2
CTGGGTTGAGTTAAAG-1,IDC_3,6
CTGGTAAAGACTTACA-1,IDC_2,16
CTGGTAAAGTGTGGGC-1,DCIS/LCIS_2,4
CTGGTAACACATAGAA-1,IDC_1,19
CTGGTAACGAGCTCTT-1,Healthy_1,2
CTGGTCATTCCAATCC-1,Tumor_edge_2,5
CTGGTCCTAACTTGGC-1,DCIS/LCIS_5,14
CTGGTGAATGGGCCTA-1,IDC_4,17
CTGGTTCAACGCATCA-1,IDC_5,7
CTGGTTTCGAGCAAGA-1,Tumor_edge_5,19
CTGTACTTCTTAGCAT-1,DCIS/LCIS_3,12
CTGTAGTGAGGATCGA-1,IDC_4,18
CTGTATGGTGTAGAAA-1,IDC_5,15
CTGTCAAATGGCTCGG-1,Tumor_edge_1,6
CTGTCACGCCAGGCGC-1,Healthy_1,2
CTGTGCAGGGTAGGTC-1,IDC_6,5
CTGTGGTCGGGAGATA-1,IDC_2,11
CTGTTACCCAATCTAG-1,Healthy_2,5
CTGTTCACTGCCTGTG-1,IDC_5,13
CTGTTCATCTCACGGG-1,IDC_5,6
CTGTTGTTCAGTCGTA-1,IDC_4,17
CTTAACTTACAGTATA-1,IDC_2,16
CTTAACTTCGAAGTAC-1,Tumor_edge_1,13
CTTACACGGTATTCCA-1,DCIS/LCIS_3,12
CTTACACTGGGAAATA-1,IDC_5,7
CTTACATAGATTTCTT-1,IDC_4,3
CTTAGATGTTTCATCC-1,IDC_4,1
CTTAGCCTTCCACATG-1,Tumor_edge_1,6
CTTAGGTATAGACCAG-1,IDC_4,17
CTTAGTAGGCCTACAG-1,Tumor_edge_3,6
CTTAGTGTAGTAGCAT-1,Tumor_edge_6,8
CTTAGTTGAGGAATCG-1,IDC_4,1
CTTATGCGCTCAGGGC-1,Tumor_edge_2,5
CTTATGTTGACTACCA-1,IDC_5,15
CTTCAACTCCACTTGG-1,DCIS/LCIS_4,8
CTTCACGCCCTGGTAC-1,IDC_4,17
CTTCAGTGGTCGCCTA-1,Tumor_edge_6,6
CTTCAGTTGGACAACG-1,IDC_2,3
CTTCATAGCTCAAGAA-1,IDC_5,7
CTTCATTGTCAGTGGA-1,DCIS/LCIS_3,12
CTTCGATTGCGCAAGC-1,IDC_2,3
CTTCGGCCAATTGTTT-1,Tumor_edge_3,6
CTTCGTAGATAGGTGA-1,DCIS/LCIS_3,12
CTTCTATGTTGAAGTA-1,Tumor_edge_2,9
CTTCTGGGCGTACCTA-1,IDC_4,1
CTTCTTACGTCGTATA-1,IDC_5,13
CTTGACCCGAAAGATA-1,Tumor_edge_1,7
CTTGAGGTTATCCCGA-1,IDC_5,15
CTTGAGTTAGGGTAAT-1,IDC_1,19
CTTGATGACCATCCAG-1,IDC_2,16
CTTGCAACCGCCTCCT-1,Tumor_edge_2,9
CTTGCCCACCCACGCA-1,IDC_2,16
CTTGCCCAGGCTCTAC-1,DCIS/LCIS_3,12
CTTGGCCAAGCTGGGA-1,DCIS/LCIS_4,8
CTTGTACTTGTTGACT-1,IDC_5,13
CTTGTCAACATTCGAG-1,Healthy_2,5
CTTGTGAGTCTTTGAC-1,IDC_5,7
CTTGTGCTCACCGATT-1,Healthy_1,2
CTTGTTGCTGAGTCAA-1,IDC_6,12
CTTGTTTATGTAGCCA-1,IDC_5,15
CTTTAACTTTCAAAGG-1,IDC_7,10
CTTTAATATTGGTCGA-1,Healthy_2,6
CTTTACCGAATAGTAG-1,Tumor_edge_5,6
CTTTAGTGCTATTATT-1,Healthy_2,12
CTTTCTGTGCGGGCTT-1,DCIS/LCIS_4,8
CTTTGCATCGCTCTTG-1,IDC_2,11
CTTTGGCAGACAGAGT-1,Healthy_1,2
CTTTGGCGCTTTATAC-1,Tumor_edge_2,5
CTTTGGCTTTAGTAAA-1,DCIS/LCIS_3,12
CTTTGGGATTGTTGCA-1,IDC_4,1
GAAACAGATGACCACC-1,IDC_1,19
GAAACAGCCATGCAGT-1,IDC_5,13
GAAACATAGGAAACAG-1,IDC_4,17
GAAACCATGGTGCGCT-1,Tumor_edge_3,2
GAAACCGAATTACCTT-1,DCIS/LCIS_3,9
GAAACCTATACAAATG-1,IDC_4,1
GAAACTCGTGCGATGC-1,DCIS/LCIS_3,5
GAAACTCTAATGAAGG-1,Tumor_edge_1,6
GAAAGAACAGCGTTAT-1,DCIS/LCIS_1,14
GAAAGCAGTGCACTTT-1,Healthy_2,8
GAAAGCCCTTTGGACC-1,DCIS/LCIS_3,9
GAAAGTGACTAACTGC-1,Tumor_edge_6,5
GAAATACCTGCTGGCT-1,Tumor_edge_1,4
GAAATACTAAACGTTT-1,IDC_5,15
GAAATATCACCATCAG-1,DCIS/LCIS_3,9
GAAATATGCTTGAATG-1,Healthy_1,2
GAAATCGCGCGCAACT-1,IDC_7,6
GAAATGGCGGTGTTAG-1,IDC_6,10
GAAATGGGATGTAAAC-1,IDC_5,15
GAAATTAGCACGGATA-1,Healthy_1,2
GAAATTCACATCGCTG-1,IDC_5,7
GAAATTGTCTCTATAA-1,DCIS/LCIS_3,12
GAACAACTGGGATGAA-1,IDC_2,3
GAACACACATCAACCA-1,IDC_5,13
GAACAGATTACTAAAT-1,DCIS/LCIS_4,8
GAACATTAGTATGTTA-1,Healthy_1,2
GAACCATCTGGGAGAC-1,DCIS/LCIS_5,6
GAACCCTCTGTGTTCT-1,DCIS/LCIS_4,8
GAACCTTTAACGATCC-1,IDC_2,3
GAACGACCGAATGATA-1,IDC_5,13
GAACGATAAGTTAAAG-1,Healthy_1,2
GAACGCGGGTCACACG-1,Tumor_edge_3,6
GAACGGTGTAAAGCAG-1,Healthy_1,2
GAACGTCTCATGGTCG-1,IDC_7,2
GAACTGTGGAGAGACA-1,IDC_2,3
GAACTTAGCGCCCGGT-1,Tumor_edge_6,2
GAAGAAACGATATTGT-1,IDC_4,17
GAAGAACGGTGCAGGT-1,IDC_5,7
GAAGACTTCAATGCCG-1,DCIS/LCIS_5,14
GAAGCCACTGATTATG-1,IDC_2,8
GAAGCCTGCACATTCC-1,DCIS/LCIS_4,8
GAAGCGTGAGGAATTT-1,IDC_6,10
GAAGCTCGGACCCGTC-1,Tumor_edge_6,17
GAAGCTTGCTGACCGC-1,DCIS/LCIS_3,12
GAAGGAGTCGAGTGCG-1,Tumor_edge_6,8
GAAGGCTACCATTGTT-1,Healthy_1,2
GAAGGGCATAACCATG-1,Tumor_edge_6,15
GAAGGGTCATTAAGAC-1,IDC_2,11
GAAGTCTCCCTAGCGA-1,IDC_1,19
GAAGTGATTTATCGTG-1,DCIS/LCIS_3,12
GAAGTGCTGGATAGCT-1,IDC_5,13
GAAGTTTCCACTCAAT-1,DCIS/LCIS_3,12
GAATAGACGCGACCCA-1,IDC_1,19
GAATAGCATTTAGGGT-1,Tumor_edge_3,6
GAATAGCCCTGCGGTC-1,Healthy_1,2
GAATAGTGCTCGATTA-1,IDC_4,17
GAATATTCGGAGTCCC-1,Tumor_edge_1,6
GAATCGACATGGTCAC-1,IDC_6,10
GAATCGCCGGACACGG-1,IDC_5,7
GAATCTGAACATTCTC-1,IDC_6,12
GAATGAAGGTCTTCAG-1,Healthy_1,2
GAATGCCGAAATGACC-1,IDC_5,15
GAATGCGAATCGGTTC-1,DCIS/LCIS_4,8
GAATGTATGGCAGGTC-1,Tumor_edge_1,2
GAATGTTGGGTAATCT-1,IDC_7,10
GAATTATAGTGAAAGG-1,IDC_6,10
GAATTCACCCGGGTGT-1,DCIS/LCIS_3,9
GAATTTCTCGCTGCAG-1,DCIS/LCIS_3,12
GACAAACATATGCAGG-1,DCIS/LCIS_1,14
GACAACGACCATTGAA-1,IDC_7,10
GACAACGCAGCTTACG-1,IDC_5,13
GACAAGAGATGAGATT-1,Tumor_edge_4,6
GACACAAGGGAAGAAA-1,IDC_7,10
GACACAGCCGGGACTG-1,IDC_2,16
GACACGAGTTAGAGGA-1,IDC_5,15
GACACTGAGTTCAGTG-1,DCIS/LCIS_3,9
GACACTGGAACCCGAT-1,Tumor_edge_5,6
GACACTTCCAATTACC-1,IDC_2,16
GACAGGCACACACTAT-1,DCIS/LCIS_3,9
GACAGGTAATCCGTGT-1,IDC_2,11
GACATCCGTCGAACTG-1,IDC_2,8
GACATTTCGCCCAGCC-1,IDC_4,17
GACCAAACGTTGACTG-1,DCIS/LCIS_2,4
GACCACACTTCCCTTT-1,IDC_2,11
GACCAGAGCCCTGTAG-1,DCIS/LCIS_3,12
GACCAGGTCATTCATA-1,DCIS/LCIS_5,14
GACCCAATTATGATAC-1,IDC_4,6
GACCCGTCGCCGGCTA-1,Tumor_edge_1,7
GACCGACGTGAAAGCA-1,DCIS/LCIS_1,14
GACCGACTGAAGCGTC-1,DCIS/LCIS_3,9
GACCGATTAAATATGT-1,IDC_4,17
GACCGCGTCTGACGTG-1,Tumor_edge_3,6
GACCGTCAGGTCGTGA-1,Tumor_edge_1,6
GACCGTGCTGACGGTG-1,DCIS/LCIS_3,12
GACCTTCCACGTCTAC-1,IDC_2,3
GACGACGATCCGCGTT-1,DCIS/LCIS_4,8
GACGAGGCTAATAAAC-1,IDC_2,11
GACGATATCACTGGGT-1,IDC_4,18
GACGCCTGTTGCAGGG-1,IDC_5,15
GACGCTTGCTTCTAAA-1,DCIS/LCIS_3,9
GACGGACCGCGTTCCT-1,DCIS/LCIS_5,6
GACGGGCATCGAATTT-1,IDC_2,3
GACGGGTTGGCCCGTA-1,IDC_4,1
GACGGTCAATAGAAGC-1,Tumor_edge_3,2
GACGTGAGACTCCATG-1,IDC_5,15
GACGTGTAGGGATTAT-1,DCIS/LCIS_3,12
GACGTTCGTAAATACA-1,Healthy_1,2
GACTAACACAGCACCT-1,Tumor_edge_6,2
GACTAAGATCATGCAC-1,IDC_5,13
GACTAAGTAGGCTCAC-1,IDC_6,10
GACTACAAAGCGGTGG-1,IDC_3,5
GACTACAATTGCTCGT-1,DCIS/LCIS_5,4
GACTAGGCCGTTAGGT-1,IDC_2,3
GACTCACCCACGTGAG-1,DCIS/LCIS_1,14
GACTCCCAGAATAAGG-1,Tumor_edge_3,2
GACTCCTTCCAATTGA-1,IDC_4,17
GACTCGCGGGAATGAC-1,Healthy_1,2
GACTCGGTCGGCGGAT-1,Healthy_1,2
GACTCTAGAGTTCCAA-1,IDC_4,1
GACTGATTGGTCACAA-1,Healthy_1,2
GACTGCAAATCGAGCT-1,DCIS/LCIS_4,8
GACTGCGGCACGTGTA-1,Tumor_edge_2,5
GACTGCTGGTGAGAAA-1,IDC_4,1
GACTGGGCGCCGCAAC-1,Healthy_1,2
GACTTCAACGCATCAA-1,Tumor_edge_6,3
GAGAACGGTTCTGACT-1,IDC_2,16
GAGACCCTGCAACGCC-1,Healthy_1,2
GAGACTGATGGGTAGA-1,IDC_6,10
GAGAGGCCTATGTGTA-1,Tumor_edge_6,11
GAGAGGGCGCGAGGTT-1,DCIS/LCIS_3,9
GAGAGGTGCATTCTGG-1,DCIS/LCIS_3,9
GAGAGTCTCGGGAGAG-1,IDC_4,18
GAGATCTGCTTGGCAT-1,DCIS/LCIS_3,12
GAGATCTGTCACTCCG-1,IDC_7,10
GAGATGACAATCCTTA-1,Healthy_1,2
GAGATGGCTTTAATCA-1,IDC_2,11
GAGATGGGAGTCGACA-1,DCIS/LCIS_4,8
GAGCACCTGTGTCCAG-1,DCIS/LCIS_4,8
GAGCATCAACAACTTG-1,IDC_4,17
GAGCATCATCCCTGGG-1,IDC_5,7
GAGCCACGGTAGTAGG-1,IDC_5,7
GAGCCAGCTACCTGTG-1,IDC_2,11
GAGCCGAGCGTTTATT-1,Healthy_1,2
GAGCGAGGGAGTACCG-1,IDC_5,13
GAGCGCAAATACTCCG-1,Tumor_edge_5,6
GAGCGCGCACGAGTAG-1,Tumor_edge_5,6
GAGCGCTGTTAGGTAA-1,IDC_4,17
GAGCGGAATGCGGTGT-1,IDC_4,1
GAGCTAAGGGCATATC-1,IDC_7,2
GAGCTCAACATGAGCG-1,IDC_4,1
GAGCTCTCGGACCTAA-1,IDC_5,7
GAGCTGTCGTCTCGGA-1,Healthy_1,2
GAGGAATATCTCTTTG-1,IDC_4,18
GAGGAATGGAGAGGTT-1,Tumor_edge_2,12
GAGGATAAACAGTGCT-1,DCIS/LCIS_1,14
GAGGCATTTGCAGCAG-1,Healthy_1,2
GAGGCCCGACTCCGCA-1,IDC_4,17
GAGGCCTGTTGATACA-1,IDC_2,16
GAGGCTATCAAAGTCG-1,DCIS/LCIS_3,9
GAGGGAGTCAGATCGC-1,IDC_4,1
GAGGGCATCGCGTATC-1,IDC_5,7
GAGGGCCATAATATTA-1,Tumor_edge_6,2
GAGGGCGCAGCTCTGC-1,Healthy_1,2
GAGGGTAGTAACAAAG-1,IDC_4,17
GAGGTACATCCATCTT-1,Tumor_edge_1,13
GAGGTACGCGTGTCCC-1,IDC_2,3
GAGGTCCCAAAGATCT-1,IDC_5,15
GAGTAAACCGGAAAGT-1,Tumor_edge_3,6
GAGTAAGGCCACGGGA-1,IDC_3,6
GAGTACGGGTATACAA-1,IDC_5,7
GAGTAGATACTAGTTG-1,DCIS/LCIS_4,8
GAGTATGCGCGTGCAT-1,DCIS/LCIS_4,8
GAGTCCGCTTACCGGA-1,DCIS/LCIS_3,12
GAGTGTCAACCAGAAA-1,IDC_2,3
GAGTGTGCGGTACCCA-1,IDC_1,19
GAGTTGATGGCAATTT-1,IDC_3,6
GAGTTGTCACCAGTCT-1,IDC_4,17
GATAAATCGGTGGATG-1,IDC_5,7
GATAACTCGCACTGTG-1,IDC_1,19
GATAAGGCAGATGCAA-1,IDC_5,15
GATACGATGGGAGTCA-1,DCIS/LCIS_3,9
GATAGAACCCGCTAGG-1,IDC_4,1
GATAGATAGTACAGTC-1,IDC_2,3
GATAGGTAACGTTGAC-1,Healthy_2,5
GATAGTGCGAGTAAGT-1,IDC_4,1
GATATCTCATGCAATA-1,IDC_5,7
GATATGAGACACTAAC-1,Tumor_edge_6,19
GATATGCGGTAGCCAA-1,Tumor_edge_1,2
GATATGGATTACGCGG-1,Tumor_edge_2,5
GATATTGAGATTGGCG-1,Tumor_edge_3,6
GATATTTCCTACATGG-1,Tumor_edge_1,6
GATCAACATAAAGGGA-1,IDC_4,1
GATCATTCCAAACATT-1,IDC_6,10
GATCCCTTTATACTGC-1,Tumor_edge_6,10
GATCCGGGAATTAACA-1,IDC_6,12
GATCCTAAATCGGGAC-1,Healthy_1,2
GATCCTCGACACTGGC-1,Tumor_edge_2,5
GATCCTCTTGCGCTTA-1,Tumor_edge_1,4
GATCGACACTATCTGA-1,IDC_6,10
GATCGCGGGCTCTCCA-1,DCIS/LCIS_3,12
GATCGCTACCCGATTT-1,Tumor_edge_5,6
GATCGCTATATCTCAG-1,IDC_4,17
GATCGCTGTGGTGCGT-1,IDC_4,17
GATCGGATAGAACCAT-1,Tumor_edge_2,5
GATCGGCGATAAGTCG-1,IDC_5,15
GATCGGTGGCCATAAC-1,IDC_7,10
GATCGTGACTGATATC-1,IDC_6,12
GATCTCGACGCTGTGG-1,Tumor_edge_3,6
GATCTGCTATCTAAGG-1,DCIS/LCIS_4,8
GATCTTGGAGGGCATA-1,Healthy_2,5
GATCTTTGCAGGGTAT-1,DCIS/LCIS_3,9
GATCTTTGCTCAAAGA-1,Healthy_1,2
GATGACAAGTAGGGCA-1,IDC_4,17
GATGACGATGATCGCG-1,Healthy_1,2
GATGAGGAACCTTCGG-1,IDC_2,3
GATGCCAGCAGAAGGC-1,Tumor_edge_2,5
GATGCCTTCTGCGGCA-1,IDC_4,17
GATGCGTCCTGCATTC-1,DCIS/LCIS_3,12
GATGCTACAAGCGCCT-1,IDC_5,13
GATGCTACCTTCGATG-1,IDC_4,1
GATGCTGTATTTCATC-1,Tumor_edge_6,5
GATGGCGCACACATTA-1,IDC_5,15
GATGGTGAAATAACCC-1,Healthy_1,2
GATGGTGCCCTAGGCA-1,DCIS/LCIS_5,14
GATGTAACGAACCACC-1,IDC_3,6
GATGTCCGGATCACAT-1,IDC_5,7
GATGTCGGTCAACTGC-1,DCIS/LCIS_5,14
GATGTGTTGTCACAAG-1,DCIS/LCIS_5,14
GATGTTCAATCCACGA-1,DCIS/LCIS_3,9
GATGTTTGTGCGAGAT-1,IDC_5,15
GATTAACCGAAAGCCC-1,IDC_2,11
GATTAATCCTGGCTCA-1,IDC_5,15
GATTACTGAATTTGGG-1,DCIS/LCIS_3,9
GATTCCCTTGTCGCAG-1,IDC_7,10
GATTCCGCGTTTCCGT-1,Tumor_edge_1,6
GATTCCTATACGGCGC-1,Tumor_edge_2,5
GATTCGACGGTTCACG-1,IDC_6,12
GATTCTGTTAATGAGT-1,IDC_4,1
GATTGACACTCTGCTC-1,DCIS/LCIS_5,14
GATTGCTCCAGTTGCA-1,IDC_4,17
GATTGGGAAAGGTTGT-1,IDC_2,3
GCAAACCCTACATTAT-1,Healthy_2,6
GCAAACCTTGGCCATA-1,DCIS/LCIS_4,8
GCAAACGTCGCCAGGT-1,Tumor_edge_3,6
GCAAAGGGCGTTAGCC-1,IDC_4,17
GCAAATATTACGCTTT-1,DCIS/LCIS_3,9
GCAACACACTAGAACT-1,Tumor_edge_6,5
GCAACAGCAGTATGCG-1,Tumor_edge_3,6
GCAACCACCAGACCGG-1,Healthy_1,2
GCAACCACGGCCGCGT-1,DCIS/LCIS_3,9
GCAACGGCTAGTTATG-1,DCIS/LCIS_1,6
GCAAGAATTCCTTGGC-1,DCIS/LCIS_3,9
GCAAGATGTGTTCGCG-1,Healthy_1,2
GCAAGTGCACAGAGAA-1,IDC_6,10
GCAAGTGTAAAGCATG-1,IDC_4,1
GCAATTAGTCGCACCG-1,Tumor_edge_3,20
GCACAAACCCTAGATG-1,IDC_4,17
GCACAAACGAGGCGTG-1,Tumor_edge_3,6
GCACAACCTCGGGCGT-1,IDC_4,17
GCACAAGTGTCGGAAG-1,DCIS/LCIS_5,13
GCACACACTGGTAGCC-1,IDC_2,11
GCACACAGCTATTACC-1,Tumor_edge_6,3
GCACAGCACGGGCCGA-1,IDC_4,18
GCACCTAGGCGAGTCC-1,IDC_2,16
GCACGCCGATTCCCGC-1,IDC_2,11
GCACGTGGTTTACTTA-1,IDC_2,16
GCACTAGTCGCGCTAT-1,IDC_5,7
GCACTGCCTACCTTTA-1,IDC_2,8
GCACTGTGCAAATGTA-1,IDC_5,15
GCAGAAACGTAATCCA-1,Healthy_1,2
GCAGACCCAGCACGTA-1,DCIS/LCIS_1,14
GCAGATCCATAAGACT-1,Tumor_edge_6,6
GCAGATTAGGGATATC-1,DCIS/LCIS_3,12
GCAGCACACAGCCCAG-1,DCIS/LCIS_3,9
GCAGCCTATATCACAT-1,DCIS/LCIS_1,14
GCAGCGGTGGGCATTA-1,IDC_5,15
GCAGCTATGGACAGGT-1,Healthy_1,2
GCAGCTGTCAACGCAT-1,IDC_2,3
GCAGGAACTTAGATCT-1,IDC_3,6
GCAGGACTATAGAATA-1,DCIS/LCIS_3,9
GCAGGTAGAGTATGGT-1,Healthy_1,2
GCAGTGTGGCTATAGG-1,DCIS/LCIS_4,8
GCAGTTCGATCCGAGC-1,Tumor_edge_4,6
GCATACGAGGTCTTTA-1,Tumor_edge_2,5
GCATAGAGCACTCAGG-1,DCIS/LCIS_3,12
GCATCCCTAACTTTGA-1,IDC_5,7
GCATCGGCCGTGTAGG-1,Tumor_edge_3,6
GCATGAGGGACGCGGC-1,Healthy_1,2
GCATGCTAATAACGAT-1,IDC_2,16
GCATTCAAGGCAACGC-1,Tumor_edge_3,2
GCATTCGAAATGAACA-1,Tumor_edge_2,5
GCATTGTAATTCATAT-1,Tumor_edge_2,5
GCATTTCCAAGGCTCC-1,DCIS/LCIS_1,20
GCCAACCATTTCCGGA-1,Tumor_edge_6,2
GCCAAGAATACTTCTG-1,Tumor_edge_2,6
GCCAATAGGGCATCTC-1,Healthy_1,2
GCCACAATTTAAGGAC-1,DCIS/LCIS_3,9
GCCACTCAGAGCGCGA-1,IDC_2,11
GCCACTCCTTACGGTA-1,Tumor_edge_5,6
GCCAGGAAAGAACACT-1,IDC_4,18
GCCAGGAGTAACCGAT-1,Tumor_edge_1,6
GCCAGGCGTTCGCATG-1,Tumor_edge_1,4
GCCATATTGCACACAG-1,Tumor_edge_6,2
GCCATCGATGCTGCAT-1,DCIS/LCIS_1,20
GCCATTAGCCTCAAAC-1,IDC_3,6
GCCCACCAAGGCTGTC-1,IDC_5,7
GCCCAGATGCTGGAGA-1,DCIS/LCIS_1,14
GCCCAGTTGGTATGCC-1,IDC_5,13
GCCCGACTTCTTCCCG-1,Tumor_edge_2,5
GCCCGAGAGTCTAAAT-1,IDC_4,17
GCCCGATCTGTGGTCG-1,Tumor_edge_6,8
GCCCGCGCGTAAACGG-1,Tumor_edge_6,9
GCCCGCGCGTTTGACA-1,IDC_5,13
GCCCGTAATACCTTCT-1,IDC_7,10
GCCCTAGCCGTCGCGA-1,IDC_3,6
GCCCTGAGGATGGGCT-1,IDC_2,11
GCCGAAATTCCTACGT-1,DCIS/LCIS_3,12
GCCGACCCACGACTGC-1,IDC_4,17
GCCGATTGGCCAAGCT-1,DCIS/LCIS_3,12
GCCGCTTGTGAGAAAC-1,DCIS/LCIS_3,9
GCCGGAAACACATCTT-1,DCIS/LCIS_5,6
GCCGGGTTAGGGTCGC-1,DCIS/LCIS_3,12
GCCGGTCGTATCTCTC-1,IDC_4,1
GCCGTCGGTTTCGGGC-1,IDC_4,18
GCCGTGGAAGAAATGT-1,DCIS/LCIS_1,14
GCCTACGTTCTGTGCA-1,IDC_2,3
GCCTAGCGATCTGACC-1,IDC_5,13
GCCTATAGTGTCAGGG-1,Healthy_1,2
GCCTATGCTGGGCCTT-1,Healthy_1,2
GCCTATTCCGATATAG-1,IDC_5,5
GCCTATTTGCTACACA-1,IDC_5,7
GCCTCATCTGGAAATA-1,Tumor_edge_3,14
GCCTCCGACAATTCAC-1,IDC_2,11
GCCTCTATACATAGCA-1,DCIS/LCIS_4,8
GCCTGCTACACTGAGA-1,Healthy_1,2
GCCTGTCCCGGTGCAT-1,IDC_4,1
GCCTTCAGCCCTACCG-1,IDC_5,7
GCCTTGTATATGCAGT-1,IDC_5,15
GCCTTTGTCAGTGGAC-1,IDC_4,17
GCGAAACGATCGGGAG-1,IDC_2,11
GCGAAGAATCTGACGG-1,IDC_2,3
GCGAAGCCATACCCGT-1,IDC_6,10
GCGAATGGACTAGCGA-1,IDC_4,1
GCGACATGTAAACATC-1,DCIS/LCIS_1,14
GCGACCCAACCATCTG-1,IDC_4,17
GCGACGATAGTTGTAC-1,DCIS/LCIS_3,9
GCGACGGTAGTCTCCT-1,IDC_4,1
GCGAGAAACGGGAGTT-1,IDC_5,15
GCGAGAGGCCATGTAA-1,Healthy_1,2
GCGAGAGTTGCGTCCA-1,DCIS/LCIS_1,20
GCGAGCGCATGCTCCC-1,DCIS/LCIS_1,14
GCGAGGCCCGAGCAGA-1,DCIS/LCIS_3,12
GCGAGTTCTGCAAAGA-1,IDC_6,10
GCGATTCTGGAAGCAG-1,DCIS/LCIS_5,14
GCGATTGTTAACGTTA-1,IDC_6,12
GCGCAAATATATTCAA-1,IDC_4,17
GCGCAAGAGCGCGCTG-1,DCIS/LCIS_1,14
GCGCATCCAGTCAGCA-1,Healthy_1,2
GCGCCGTTCCACGATA-1,IDC_6,12
GCGCCTCCCACTCCGA-1,Tumor_edge_3,6
GCGCGGTCTAGTAACT-1,Tumor_edge_6,1
GCGCGTCATTGGTACA-1,DCIS/LCIS_4,8
GCGCTAATTGAATAGA-1,IDC_6,10
GCGCTATGCCGAGGCA-1,DCIS/LCIS_3,9
GCGCTGATCCAGACTC-1,Tumor_edge_1,6
GCGCTGCTTTGCATTT-1,Healthy_1,2
GCGCTTAAATAATTGG-1,IDC_2,11
GCGGAGAAACTTCGCA-1,IDC_4,17
GCGGATTACTTGTTCT-1,IDC_2,16
GCGGCAAAGTATTGCC-1,IDC_4,17
GCGGCTCTGACGTACC-1,DCIS/LCIS_3,9
GCGGCTTTAGCAAGTT-1,IDC_2,11
GCGGGAACCAGGCCCT-1,IDC_5,13
GCGGGCAGACGGGTGA-1,IDC_4,1
GCGGGCATTACGATGC-1,Tumor_edge_3,20
GCGGTAACCCAAATGA-1,IDC_5,15
GCGGTCCCGGTGAAGG-1,Healthy_1,2
GCGGTCCCTAGACGCA-1,IDC_5,7
GCGGTCTTGCTTTCAC-1,IDC_2,3
GCGGTGAACTGCGCTC-1,Healthy_1,2
GCGGTTCCCTATCATG-1,DCIS/LCIS_3,9
GCGTAAATGGCCATAA-1,DCIS/LCIS_1,20
GCGTCCCTAAGACATA-1,IDC_4,1
GCGTCGAAATGTCGGT-1,IDC_5,13
GCGTCGCCAGGGTGAT-1,DCIS/LCIS_4,8
GCGTCGTAACATGGTC-1,IDC_4,1
GCGTCTCTGCATTGGG-1,DCIS/LCIS_3,9
GCGTGGTACTGGGTTA-1,Tumor_edge_6,6
GCGTGTATGTCGTATT-1,DCIS/LCIS_5,6
GCGTTCGGAGACCGGG-1,Healthy_1,2
GCTAAACCTGAGGTGA-1,Tumor_edge_6,5
GCTAACTGAAGTCTGA-1,IDC_2,11
GCTAAGCCCAGTATGC-1,IDC_2,16
GCTAAGTAAAGGCGAT-1,Tumor_edge_2,5
GCTAAGTAGTTTCTCT-1,IDC_6,12
GCTAATACCGAATGCC-1,IDC_5,13
GCTACAATCGAGGATA-1,IDC_2,16
GCTACAGTACGGACCG-1,Tumor_edge_2,5
GCTACGACTTATTGGG-1,Healthy_2,5
GCTACTATAGTAGAGT-1,Tumor_edge_5,6
GCTAGACCGTCTACTG-1,DCIS/LCIS_1,14
GCTAGAGTAGAGATGT-1,IDC_2,11
GCTAGCAGGGAGTGGG-1,Healthy_1,2
GCTAGCGATAGGTCTT-1,IDC_4,17
GCTAGGCACCACGGAG-1,IDC_2,11
GCTAGTAGAGCTTGTA-1,IDC_6,12
GCTAGTTTCATTGAGG-1,IDC_5,7
GCTATAAGGGCCAGGA-1,IDC_2,16
GCTATACGTCTCGGAC-1,IDC_2,11
GCTATCATACTCATGG-1,DCIS/LCIS_4,8
GCTATCGCGGCGCAAC-1,IDC_5,15
GCTCAATGTAATACCG-1,DCIS/LCIS_4,8
GCTCATTACTGCATGT-1,Healthy_1,2
GCTCCATGCAAAGCAA-1,IDC_4,1
GCTCCCAGTCGGTCCA-1,DCIS/LCIS_1,14
GCTCCGCTCGCTTCAG-1,DCIS/LCIS_1,14
GCTCCTGACATACTGG-1,IDC_4,17
GCTCGCTCATGTCCAA-1,DCIS/LCIS_1,14
GCTCGGAATTTAAAGC-1,Tumor_edge_1,6
GCTCTAAACCCTGACG-1,IDC_7,13
GCTCTATGTTACGTGC-1,IDC_6,10
GCTCTCGGGTACCGAA-1,IDC_7,10
GCTCTTTCCGCTAGTG-1,Tumor_edge_6,1
GCTGAACTCTCCAGGG-1,Tumor_edge_3,14
GCTGAATCTTCCAATC-1,IDC_4,17
GCTGAGGCGTGAGTAT-1,IDC_6,12
GCTGCACGGTTTCTTA-1,Healthy_2,5
GCTGCTAAGTAGTCGA-1,Healthy_2,8
GCTGCTACTGCGTAGC-1,Tumor_edge_6,6
GCTGCTCTCCGGACAC-1,IDC_6,10
GCTGGACCCAAAGTGG-1,Healthy_1,2
GCTGGCATATTCACCT-1,DCIS/LCIS_3,12
GCTGGCGGCGCATGCT-1,DCIS/LCIS_4,8
GCTGGTGACTCGTAGT-1,Healthy_1,2
GCTGGTTTAGGCCATA-1,IDC_4,17
GCTGTATTACTGGCCC-1,DCIS/LCIS_3,9
GCTGTTGCTACCGAAC-1,Tumor_edge_3,14
GCTTAATGTAACTAAC-1,IDC_1,19
GCTTACGTAGTTAGTA-1,DCIS/LCIS_1,14
GCTTATGAAGCAGGAA-1,Healthy_1,5
GCTTCAGTGGGATTAC-1,Healthy_1,2
GCTTCCAGCTTAGATT-1,IDC_5,15
GCTTCCATGTAACCGC-1,IDC_2,3
GCTTCCCGTAAGCTCC-1,Tumor_edge_6,3
GCTTCCGTCCCTAGAC-1,IDC_7,10
GCTTCGACGTTCAATC-1,IDC_4,17
GCTTGAGTGACCTCTG-1,IDC_2,16
GCTTGATGATAATCAG-1,IDC_5,6
GCTTGCAGCACAATTG-1,Healthy_1,2
GCTTGGATCGATTAGG-1,Healthy_1,6
GCTTTACACAACTGGG-1,IDC_2,16
GCTTTCAGAGGAGGTG-1,Healthy_1,5
GCTTTCTATCTCAACT-1,Healthy_1,2
GGAAACCTTGTTGAAT-1,Healthy_1,2
GGAAACTAAATGGGCC-1,IDC_2,11
GGAAAGGGAATTGAGC-1,Tumor_edge_6,1
GGAAAGTGCCCATGCC-1,Tumor_edge_1,6
GGAACCGTGTAAATTG-1,DCIS/LCIS_3,9
GGAACCTTGACTCTGC-1,IDC_4,17
GGAACGGCCTGCAGCC-1,Tumor_edge_2,5
GGAACTTTGGCGATTA-1,Tumor_edge_4,4
GGAAGCTCGCTTACAG-1,Tumor_edge_1,4
GGAAGGACACCGTATA-1,Tumor_edge_6,3
GGAATAACCTCAAGAA-1,DCIS/LCIS_5,14
GGAATGCGCTAGCGTG-1,IDC_7,6
GGACAACCATGAAGCC-1,IDC_2,16
GGACACAAGTTTACAC-1,Tumor_edge_3,6
GGACACCTCGGTGTTG-1,IDC_4,1
GGACCAACAGGATAAC-1,Healthy_2,5
GGACCTACGGTAACGT-1,Healthy_1,2
GGACCTCTAGGCCGCC-1,IDC_4,17
GGACGGCTTGCGCAAC-1,Healthy_1,2
GGACGGGCGACCAACC-1,IDC_2,16
GGACGTCCATAGTTGG-1,Healthy_1,2
GGACTCGACAGCGCAT-1,IDC_4,1
GGACTCGTGAGTGGTC-1,IDC_4,1
GGACTCTTTGACTAAG-1,IDC_2,3
GGAGAAGTCATTGGCA-1,IDC_5,13
GGAGACCAATGTGCTT-1,Healthy_1,2
GGAGACGACACCTTTG-1,Healthy_2,5
GGAGCAACATTTCAAG-1,Tumor_edge_4,3
GGAGCACCAAGAACTA-1,Tumor_edge_1,2
GGAGCGAGGCCTACTT-1,IDC_2,3
GGAGGATTGAAAGGAG-1,DCIS/LCIS_5,14
GGAGGCCGAAGTCGTC-1,DCIS/LCIS_1,14
GGAGGGCTTGGTTGGC-1,IDC_7,10
GGAGGGTCAAGTAAGA-1,Tumor_edge_4,4
GGAGTGCCGCCCTGGA-1,IDC_5,13
GGAGTTGATTCTGTGT-1,IDC_2,16
GGATACTCATGAATTG-1,IDC_5,7
GGATCAAAGGACGAGG-1,Tumor_edge_1,7
GGATCATCCCGTACGC-1,Healthy_1,2
GGATCCCTACCAGCTA-1,IDC_5,15
GGATCCGGAATATACT-1,IDC_6,12
GGATCTTACTGCCCTT-1,IDC_4,1
GGATCTTGACTCAACC-1,IDC_3,6
GGATGAAGATCGCTGA-1,Tumor_edge_3,19
GGATGACGCGAGTTTA-1,DCIS/LCIS_3,9
GGATGCTGGCGTTCCT-1,Tumor_edge_2,5
GGATGGCTTGAAGTAT-1,IDC_2,16
GGATGTCCTTACCGCA-1,Healthy_1,5
GGATTAAGCTAAGGTC-1,Tumor_edge_1,4
GGATTAATCATGGACC-1,IDC_2,11
GGATTCAGTACGGTGG-1,IDC_5,15
GGATTCCGCTATACCC-1,Tumor_edge_1,6
GGATTGCTGTGACTCC-1,Tumor_edge_6,8
GGATTTCACTTCTATA-1,IDC_7,10
GGCAAAGGCGCCAATA-1,IDC_4,17
GGCAAATTACTTTACT-1,DCIS/LCIS_3,12
GGCAAGCCAGGGATAG-1,Healthy_1,2
GGCAAGCCCATAGTGG-1,Tumor_edge_6,1
GGCAAGGCGAAATAGC-1,Healthy_2,5
GGCAATAGTCAATGAG-1,IDC_7,10
GGCACGCTGCTACAGT-1,IDC_2,16
GGCACTCCACTGGGCA-1,DCIS/LCIS_3,12
GGCACTGCGGTGGTTT-1,IDC_2,16
GGCAGCAAACCTATGC-1,Tumor_edge_5,6
GGCAGCGGTAATCCTA-1,Healthy_1,2
GGCATACAGGTAGCGG-1,DCIS/LCIS_3,9
GGCATATCGGTTCTGC-1,Tumor_edge_1,6
GGCATCAACGAGCACG-1,Tumor_edge_1,7
GGCATTGAACATCTCA-1,IDC_4,1
GGCCAATTGTATAGAC-1,IDC_2,3
GGCCCAATCTAGAGGG-1,Healthy_1,2
GGCCCAGCTGGTTTGC-1,IDC_2,11
GGCCCAGTTATCAGCA-1,Healthy_1,2
GGCCCGGAGCATGTCT-1,DCIS/LCIS_1,14
GGCCCGTATACCATGC-1,Healthy_1,2
GGCCCTCACCCACTTA-1,DCIS/LCIS_3,9
GGCCGAGACTCTGGTG-1,IDC_4,17
GGCCGCAGGAACCGCA-1,IDC_2,16
GGCCGGCGTCTGCTAT-1,IDC_2,3
GGCCGTTTGGGTTTCA-1,IDC_4,1
GGCCTGCTCTGATGTT-1,IDC_4,1
GGCCTGCTTCTCCCGA-1,DCIS/LCIS_2,4
GGCGAAATCTAACTTG-1,IDC_1,19
GGCGCAGGACATCTTC-1,DCIS/LCIS_3,9
GGCGCATGAATTGATG-1,DCIS/LCIS_3,12
GGCGCGGAGATCTTTC-1,IDC_2,11
GGCGCGTTCGAGTTTA-1,Healthy_2,12
GGCGCTCCTCATCAAT-1,IDC_5,15
GGCGCTTCATTCCCTG-1,IDC_2,3
GGCGGAGTAATATTAG-1,DCIS/LCIS_3,12
GGCGGTAGGATCATTG-1,Tumor_edge_6,10
GGCGTACCCTATATAA-1,DCIS/LCIS_5,6
GGCGTAGGGAAAGCTG-1,IDC_2,3
GGCGTCCTATCCGCTG-1,DCIS/LCIS_3,12
GGCTAAAGGGCGGGTC-1,Healthy_1,2
GGCTAATGATTGAAAT-1,Healthy_1,2
GGCTACTATACACTCC-1,IDC_4,1
GGCTATTAAGTTGTAT-1,DCIS/LCIS_3,12
GGCTCCTCCACCTGTT-1,IDC_4,17
GGCTCGCGTTGAGGTA-1,Healthy_1,2
GGCTCGTGCCACCAGC-1,IDC_5,13
GGCTCTGCTCCAACGC-1,IDC_7,10
GGCTGAAATAGCAAAG-1,Healthy_2,6
GGCTGAGCATCGTAAG-1,Healthy_1,2
GGCTGGCTAGCTTAAA-1,IDC_5,15
GGCTTTCAATAAGGGT-1,DCIS/LCIS_4,8
GGGAAAGAATGCCAAC-1,IDC_2,16
GGGAACGGGAGGTTAG-1,DCIS/LCIS_3,9
GGGAACGGTTTCAGAT-1,IDC_4,1
GGGAAGACGGTCTGTC-1,IDC_2,3
GGGAAGGGCTTTCTCA-1,IDC_2,3
GGGAATGAGCCCTCAC-1,Healthy_1,2
GGGACAGAGTTACTCC-1,IDC_4,17
GGGACCCGTATATCTT-1,Tumor_edge_6,8
GGGACTGCATAGATAG-1,IDC_6,10
GGGAGAACTCACAGTA-1,IDC_6,10
GGGAGCGACCGTAGTG-1,IDC_2,3
GGGAGGATGCCCGAAA-1,DCIS/LCIS_3,12
GGGAGTAATGGCTGGC-1,IDC_5,7
GGGAGTTAATGAGGCG-1,IDC_6,10
GGGATCCCAATACAAA-1,Healthy_1,2
GGGATGGTCGTAACCG-1,DCIS/LCIS_3,9
GGGATTTACCGCACCT-1,IDC_1,19
GGGCAACCGCACGTGC-1,IDC_4,17
GGGCACGTAGTACTGT-1,IDC_4,18
GGGCAGAGCAATCGTT-1,DCIS/LCIS_4,8
GGGCAGTCAACGCCAA-1,IDC_2,16
GGGCATGCATGTCGAG-1,IDC_4,1
GGGCCATTCGTGCTGG-1,IDC_4,17
GGGCCCGTCTTAAACA-1,DCIS/LCIS_3,12
GGGCCCTACGAAAGGG-1,Tumor_edge_2,5
GGGCCGGCCGAAGTAC-1,Tumor_edge_6,5
GGGCCTATTTAAGTAT-1,Healthy_1,2
GGGCGATATGTGTGAA-1,IDC_6,10
GGGCGCAGCGTTACTC-1,DCIS/LCIS_1,20
GGGCGGGTTCCCTACG-1,DCIS/LCIS_3,9
GGGCGGTCCTATTGTC-1,IDC_5,15
GGGCGTACATTTATAT-1,IDC_5,13
GGGCGTCACCACGTAA-1,DCIS/LCIS_3,9
GGGCGTCCACTGGCTC-1,Tumor_edge_1,6
GGGCGTGGTTTCCCAG-1,DCIS/LCIS_4,8
GGGCGTTTACATTCAT-1,IDC_4,17
GGGCTCATCGAACCCA-1,Healthy_1,2
GGGCTGCCTAGGGCGA-1,IDC_6,10
GGGCTGGTTAGTCGCG-1,DCIS/LCIS_3,12
GGGTAATGCTGTGTTT-1,IDC_5,15
GGGTACCCACGGTCCT-1,IDC_5,15
GGGTACTTCATGAACT-1,DCIS/LCIS_3,9
GGGTATGTATGCACTT-1,DCIS/LCIS_3,12
GGGTATTCTAGCAAAC-1,IDC_4,6
GGGTCACCGTGACGGT-1,DCIS/LCIS_3,12
GGGTCAGGAGCTAGAT-1,IDC_4,1
GGGTCATGCGTACCAT-1,Tumor_edge_6,5
GGGTCCTTGGAAGAAG-1,IDC_4,17
GGGTCGTGGCAAGTGT-1,Healthy_1,2
GGGTCTATCGCTTTCC-1,Tumor_edge_4,3
GGGTGACACCTTAACT-1,DCIS/LCIS_3,12
GGGTGCATATGAAAGC-1,Tumor_edge_3,20
GGGTGGTCCAGCCTGT-1,DCIS/LCIS_5,14
GGGTGTTTCAGCTATG-1,Tumor_edge_1,6
GGGTTCAGACGAACAA-1,IDC_5,15
GGGTTTAGGATAGGAT-1,DCIS/LCIS_1,14
GGTAAACTCTGCGCTG-1,IDC_2,11
GGTAAATGTGCGTTAC-1,DCIS/LCIS_5,6
GGTAACCGGGAGGATA-1,IDC_4,17
GGTAACTATGTATCTG-1,IDC_5,7
GGTACAAACATGCTAT-1,DCIS/LCIS_3,12
GGTACACCAGATTTAT-1,Healthy_1,2
GGTACATCTGGGACGA-1,Tumor_edge_2,5
GGTACCATTAAGACGG-1,Tumor_edge_3,2
GGTACGTTGCGGCCGG-1,IDC_2,11
GGTAGAAGACCGCCTG-1,DCIS/LCIS_4,8
GGTAGGCCAATATCAC-1,IDC_4,1
GGTAGTGCTCGCACCA-1,IDC_6,10
GGTATAGTGACACATA-1,DCIS/LCIS_1,20
GGTATTGCCGAGTTTA-1,DCIS/LCIS_3,12
GGTCAAGACTACTTCG-1,Tumor_edge_4,6
GGTCACGTTAGATTCA-1,IDC_5,7
GGTCAGTGGGTCCCAC-1,Healthy_2,5
GGTCATTGTAGTCATA-1,Healthy_1,2
GGTCGGATAAACGGCG-1,Healthy_1,2
GGTCGGCCAGGAGCTT-1,IDC_7,2
GGTCGGTAATTAGACA-1,IDC_5,7
GGTCGTAAGCTCGCAC-1,IDC_3,6
GGTCTCCGTCCAGGTT-1,IDC_2,16
GGTCTCTGAATGGACT-1,Tumor_edge_2,5
GGTCTGAGAATCTGGA-1,IDC_7,10
GGTCTTGAGCGCTCTT-1,Tumor_edge_6,8
GGTGAAACCGGGAATG-1,Tumor_edge_1,7
GGTGAACGGGCTAGCC-1,IDC_5,15
GGTGAAGTACAGGGAT-1,DCIS/LCIS_3,9
GGTGAGATGCAGATAA-1,IDC_5,7
GGTGATAAGGAGCAGT-1,IDC_6,12
GGTGATTTCATCTTGT-1,IDC_5,7
GGTGCAGAGCCTATCG-1,Healthy_1,2
GGTGCATAAATGATTA-1,IDC_4,1
GGTGCGGATAAGTGGC-1,IDC_5,7
GGTGCTGATCACAAAG-1,Tumor_edge_2,5
GGTGCTGGTACACATT-1,DCIS/LCIS_3,12
GGTGGACCACGTGTTA-1,Healthy_1,2
GGTGGACTGCTCTGGC-1,IDC_2,11
GGTGTAAATCGATTGT-1,IDC_2,3
GGTGTAGGTAAGTAAA-1,IDC_4,1
GGTGTTCTGTTTCTAC-1,Healthy_1,2
GGTTACCACCCTCGGG-1,DCIS/LCIS_3,9
GGTTACCCGACACTTT-1,Tumor_edge_3,20
GGTTAGCTATATGTCT-1,Tumor_edge_5,19
GGTTAGGCTTGGAGAA-1,DCIS/LCIS_3,12
GGTTAGTTACGGCGCC-1,Tumor_edge_2,5
GGTTCCCTAGTGTCTC-1,Tumor_edge_6,2
GGTTCGATGCTGAGTT-1,Tumor_edge_6,2
GGTTCGCATTTGCCGT-1,IDC_2,3
GGTTCTACTCGTCTGA-1,DCIS/LCIS_1,14
GGTTGTATCGTGAAAT-1,DCIS/LCIS_5,6
GGTTTAATTACCATCG-1,IDC_4,1
GGTTTAATTGAGCAGG-1,Healthy_1,2
GGTTTACAATCTCAAT-1,IDC_7,10
GGTTTAGCCTTTCTTG-1,DCIS/LCIS_1,6
GGTTTCAATCGGTCAG-1,Healthy_1,2
GGTTTGACAAGAAGCT-1,Healthy_1,2
GGTTTGAGTGCTGGAA-1,IDC_5,7
GGTTTGCGAACACGTA-1,Healthy_1,2
GGTTTGTGACCTGAGG-1,IDC_2,11
GTAACAACTGACCTTG-1,Healthy_1,2
GTAACATCTAAGATAA-1,DCIS/LCIS_2,4
GTAACTGCCCAAGGAG-1,IDC_4,1
GTAACTTGCGGCAGTC-1,IDC_5,7
GTAAGCGGGCAGTCAG-1,IDC_7,13
GTAAGGATTTGTCGGA-1,DCIS/LCIS_5,14
GTAAGTAACAGTCTGG-1,IDC_1,19
GTAAGTAGGGTATACC-1,Tumor_edge_6,10
GTAAGTCCACACTCTA-1,Tumor_edge_3,6
GTAATAAAGGGCTCCC-1,Tumor_edge_3,20
GTACACTTACCTGAAG-1,IDC_6,12
GTACAGAGGCAAGGGT-1,Tumor_edge_6,5
GTACGACGGCGCTGCG-1,IDC_5,15
GTACGAGATTGCGACA-1,IDC_5,13
GTACGTCACGTATTAA-1,Healthy_1,2
GTACGTTTGCCCGTCA-1,Healthy_2,5
GTACTAAGATTTGGAG-1,IDC_6,10
GTACTCCCTTATCGCT-1,DCIS/LCIS_3,9
GTACTCCTGGGTATGC-1,Healthy_1,2
GTACTGAGGTCGTAAC-1,IDC_5,7
GTACTGCATGAAGCGT-1,IDC_5,7
GTACTGGAGTTAGACC-1,IDC_6,12
GTACTTGGGCACTTCT-1,IDC_5,7
GTAGAAACGGGTGGAG-1,Tumor_edge_2,5
GTAGACAACCGATGAA-1,Tumor_edge_1,7
GTAGACACGCCTGACT-1,DCIS/LCIS_4,8
GTAGACGTCGTTACAT-1,IDC_5,7
GTAGAGGGAGACAAGT-1,Tumor_edge_2,5
GTAGCCAAACATGGGA-1,Healthy_2,5
GTAGCGCTGTTGTAGT-1,Tumor_edge_1,7
GTAGCGGCTATACACT-1,IDC_6,12
GTAGCTAGTAAGCGCG-1,Tumor_edge_6,4
GTAGCTCCGGGAGGCT-1,IDC_4,1
GTAGCTTCCTCTTGTT-1,Healthy_1,2
GTAGGTGATCCGTGTA-1,Tumor_edge_1,6
GTAGTCGCGGGAATCA-1,Healthy_2,6
GTAGTCTACGATATTG-1,Tumor_edge_6,3
GTAGTGAGCAACCTCA-1,IDC_2,16
GTAGTTCGAAGGCGAA-1,IDC_4,1
GTATAATCTCCCGGAT-1,IDC_5,15
GTATAGGACTCAGTAG-1,IDC_5,13
GTATAGTGGCCCATGT-1,Healthy_1,2
GTATATGTTACGGCGG-1,IDC_5,15
GTATCAAACGTTAGCT-1,IDC_2,11
GTATCAAGGTACTTCC-1,Tumor_edge_6,3
GTATCAGCTTGGGTTC-1,IDC_5,6
GTATCCTTTGGTAACC-1,IDC_2,3
GTATCGGGACGAGCTG-1,IDC_5,15
GTATCTCAGTCTTGAC-1,IDC_4,17
GTATCTCCCTAACTGT-1,DCIS/LCIS_5,6
GTATCTCGGGCGCTTT-1,IDC_4,17
GTATCTTGTTGCTCAC-1,Tumor_edge_6,6
GTATCTTTCATAACCA-1,Healthy_2,5
GTATGAAATTTCACTC-1,IDC_3,5
GTATGACGTGGGAAAC-1,IDC_5,15
GTATGTGGGTCTAGTT-1,IDC_1,19
GTATTAAGGCGTCTAA-1,IDC_5,15
GTATTAGGGTTCGCGT-1,Healthy_1,2
GTATTCTGAGAAACGA-1,DCIS/LCIS_3,9
GTATTCTTACCGTGCT-1,IDC_5,15
GTATTTAATGGCATAA-1,Tumor_edge_3,6
GTCAAAGAAGTGGTGT-1,Tumor_edge_6,17
GTCAAAGTTTACATAG-1,IDC_5,15
GTCAACCAGGCCTATA-1,IDC_2,16
GTCAAGCGGACTCGGG-1,IDC_6,12
GTCAATGCTATAATTT-1,Healthy_1,2
GTCAATTGTACTGAAG-1,Tumor_edge_1,7
GTCACAAAGTTTCCAA-1,Tumor_edge_6,13
GTCACTCTCCAAATCT-1,IDC_5,15
GTCAGAATAGTCTATG-1,DCIS/LCIS_3,12
GTCAGTTGTGCTCGTT-1,DCIS/LCIS_5,14
GTCAGTTTGGTAGTCG-1,Tumor_edge_2,5
GTCATCTCCTACAGCT-1,IDC_5,15
GTCATGCACCTCCGTT-1,IDC_6,10
GTCATGCGCGAGGGCT-1,IDC_2,16
GTCATGGACATGACTA-1,IDC_7,10
GTCATTAGAGCGAACG-1,IDC_6,12
GTCCAATATTTAGCCT-1,IDC_4,1
GTCCAGGCACGTGTGC-1,IDC_4,18
GTCCATTACTGCTACG-1,DCIS/LCIS_1,14
GTCCCAACGTAAAGTA-1,IDC_6,10
GTCCCGCGACGTTATG-1,DCIS/LCIS_4,8
GTCCGGACCTGAAATT-1,IDC_2,11
GTCCGGCTGAATTGCG-1,IDC_6,10
GTCCGGGTTCACATTA-1,IDC_2,11
GTCCTACAGGCGGCTC-1,IDC_5,15
GTCCTACGAATAGTCT-1,IDC_2,11
GTCCTTCTAGTGGGTT-1,Tumor_edge_6,4
GTCCTTTAATGACTTC-1,Healthy_1,2
GTCGAATTTGGGCGCT-1,IDC_4,17
GTCGCGTAACCCGTTG-1,IDC_6,12
GTCGGAAGGATACCAG-1,Healthy_1,2
GTCGGATATCTCAGAC-1,DCIS/LCIS_3,12
GTCGGATGTAGCGCGC-1,Tumor_edge_1,6
GTCGGGAAGCAGAAAC-1,DCIS/LCIS_4,8
GTCGGGTGAAGTACCG-1,IDC_2,16
GTCGTACCATCTCGGG-1,Healthy_2,5
GTCGTATTGGCGTACA-1,Healthy_1,2
GTCGTCAATTATAAGG-1,IDC_5,7
GTCGTCTGGTTGGCTA-1,Tumor_edge_3,20
GTCGTGTCTGGTCATC-1,Tumor_edge_3,2
GTCTAGTGAGCCGCTT-1,IDC_2,16
GTCTATCTGAGTTTCT-1,DCIS/LCIS_3,9
GTCTATTGCATGCTCG-1,IDC_2,16
GTCTATTGGTTCCGGT-1,Tumor_edge_5,6
GTCTCAAGGCCCGGCT-1,DCIS/LCIS_4,8
GTCTCCCGAGTCCCGT-1,IDC_2,16
GTCTCCGCCTCAATAC-1,IDC_4,1
GTCTCCTGCCAGTATG-1,IDC_4,17
GTCTCGACTAAGTTTG-1,Healthy_1,2
GTCTCGATCTGCTTTC-1,Tumor_edge_1,6
GTCTCGCCAACACGCC-1,DCIS/LCIS_5,14
GTCTGCCGACTCGACG-1,Tumor_edge_6,3
GTCTGGGCGGTCGAGA-1,DCIS/LCIS_3,9
GTCTTACCACGCCAAG-1,IDC_2,3
GTCTTAGTACAGCCGG-1,Tumor_edge_6,6
GTCTTGAGGAGCAGTG-1,DCIS/LCIS_1,14
GTCTTGTAGCTATTCA-1,Tumor_edge_6,6
GTGAAACGGCGCCACC-1,Healthy_1,2
GTGAAACGTGCTCCAC-1,IDC_5,7
GTGAACTCCCATTCGA-1,Tumor_edge_3,6
GTGAAGATTTCAAGTG-1,Healthy_1,2
GTGAAGCCGTATAGTC-1,Healthy_1,2
GTGACAGCTTCCCACT-1,IDC_2,8
GTGACCGCACACTACG-1,IDC_1,19
GTGACGAGGGTGACCC-1,DCIS/LCIS_1,20
GTGACGCAGGTTTCAT-1,IDC_2,3
GTGACTTCAGTAGTGC-1,DCIS/LCIS_3,9
GTGAGATAACCTTATA-1,IDC_4,18
GTGAGCGTGCTGCACT-1,DCIS/LCIS_3,9
GTGAGGACACTTAAGG-1,Healthy_2,5
GTGAGGAGCGGTTGAG-1,Tumor_edge_1,6
GTGAGTCGACTAATAG-1,IDC_2,16
GTGATCAAGCGTGCAC-1,IDC_4,17
GTGATCACTAACGCCT-1,Tumor_edge_3,6
GTGATCATAGATCTGC-1,DCIS/LCIS_3,12
GTGATCCTTGTCATGA-1,IDC_2,3
GTGATGCACAACATCT-1,Healthy_1,2
GTGATTCGCCGCTCAA-1,DCIS/LCIS_3,9
GTGCAACAAATGTGGC-1,IDC_5,13
GTGCACCAGCTTCAAC-1,IDC_4,1
GTGCACGAAAGTGACT-1,Tumor_edge_6,6
GTGCCATCACACGGTG-1,DCIS/LCIS_3,9
GTGCCGCTTCAAAGGT-1,DCIS/LCIS_3,9
GTGCCTCAGTGTACGG-1,Healthy_1,2
GTGCCTGAGACCAAAC-1,IDC_2,3
GTGCGAAATCGAACAC-1,DCIS/LCIS_3,9
GTGCGACAGGGAGTGT-1,DCIS/LCIS_1,14
GTGCGCAGCTTGCTCC-1,IDC_5,15
GTGCGGGACCATCGGC-1,Tumor_edge_6,7
GTGCGGGTCTCCAAAT-1,IDC_5,13
GTGCGTGTATATGAGC-1,IDC_1,19
GTGCTCAAGTACTGTC-1,DCIS/LCIS_3,12
GTGCTTACATCAGCGC-1,Tumor_edge_3,6
GTGGAACCTACATGCG-1,Tumor_edge_1,6
GTGGACCAACCCGATT-1,DCIS/LCIS_3,9
GTGGACGCATTTGTCC-1,DCIS/LCIS_4,8
GTGGACGTGCTGAGAC-1,IDC_5,7
GTGGAGCGTTTACCGA-1,IDC_4,17
GTGGCAAACAGCGGCA-1,IDC_3,6
GTGGCCGGTTTCTCGG-1,IDC_4,17
GTGGCGGGCCGTAGCT-1,DCIS/LCIS_5,14
GTGGCGGTCCCAGCGT-1,Tumor_edge_2,5
GTGGCTGTTTCTGTTC-1,IDC_2,3
GTGGGAACAAACCGGG-1,IDC_4,18
GTGGGAAGACTGAATC-1,Tumor_edge_2,5
GTGGGCTTAGACACAC-1,DCIS/LCIS_3,12
GTGGTCAGCGAAGTAT-1,Healthy_1,2
GTGGTTACTTCTTTCG-1,Tumor_edge_3,20
GTGGTTTCCGCCTTTC-1,DCIS/LCIS_3,9
GTGTACCTTGGCTACG-1,IDC_7,10
GTGTATATCAGCGGGC-1,DCIS/LCIS_4,8
GTGTATGACTTTAAAG-1,Tumor_edge_1,7
GTGTCAGTGTACGTGG-1,IDC_4,1
GTGTCGTATAGCGTTC-1,DCIS/LCIS_4,8
GTGTCGTATTCACCTT-1,Healthy_1,2
GTGTGAATAACTTAGG-1,Tumor_edge_6,6
GTGTTACTATGCGTCC-1,Healthy_2,5
GTTAAAGTAGGACTGG-1,Tumor_edge_5,6
GTTAACATCACTTAAA-1,DCIS/LCIS_4,8
GTTAACTATGTTGTCA-1,DCIS/LCIS_1,6
GTTAAGGGTGCGATGT-1,DCIS/LCIS_4,8
GTTAAGTTAGAGTGGG-1,DCIS/LCIS_1,14
GTTACAATTGGTGACG-1,DCIS/LCIS_3,9
GTTACCTACAACTTGC-1,Healthy_2,5
GTTACTTTGGGCCTAG-1,DCIS/LCIS_3,12
GTTAGAGTGTGCCGCT-1,DCIS/LCIS_5,14
GTTAGCCCATGACATC-1,IDC_2,11
GTTAGCCGTAAATCAA-1,Tumor_edge_3,20
GTTAGGCTACCCGTTT-1,IDC_3,6
GTTATAATACGGTGAA-1,Tumor_edge_4,6
GTTATATCAGGAGCCA-1,Healthy_1,2
GTTATATTATCTCCCT-1,Healthy_2,5
GTTATCAAGCTATCGA-1,IDC_2,16
GTTATCACCTTCTGAA-1,DCIS/LCIS_5,14
GTTATTAAATACGACC-1,Tumor_edge_1,4
GTTATTAACGTGGGAG-1,Tumor_edge_6,5
GTTCAATCTATGTCAA-1,Tumor_edge_1,4
GTTCACAGGAGTCTAG-1,DCIS/LCIS_3,12
GTTCAGTCGCCAAATG-1,IDC_4,1
GTTCATCGTTTGGCTG-1,DCIS/LCIS_1,20
GTTCCAAGACAGCGAC-1,IDC_5,15
GTTCCAGTCTGACCAT-1,IDC_5,13
GTTCCCGTAAACATAT-1,Tumor_edge_4,4
GTTCCGTCCGCCTGCA-1,IDC_4,18
GTTCGACAATTGTATA-1,IDC_4,17
GTTCGCCATAAGTGCC-1,DCIS/LCIS_3,12
GTTCGCTGAGACGTCT-1,Tumor_edge_4,6
GTTCGGAGCACTCAAC-1,Tumor_edge_4,3
GTTCGGATCGGGAACA-1,DCIS/LCIS_1,6
GTTCGGGCGTACCATT-1,DCIS/LCIS_1,20
GTTCGTCTAAAGAACT-1,IDC_2,11
GTTCGTCTGGGTCCCT-1,Healthy_1,2
GTTCTTCCCTCGATGT-1,IDC_5,7
GTTCTTGTAACTCAAT-1,IDC_4,1
GTTGAACCGGTTCCAT-1,DCIS/LCIS_3,9
GTTGAGTCCCGCCGGT-1,DCIS/LCIS_4,6
GTTGCACGGAGTTTCG-1,IDC_5,10
GTTGCGCTAACATTAC-1,Tumor_edge_3,6
GTTGCGGACGGTCAGG-1,Tumor_edge_3,6
GTTGGACCGCATCAGG-1,Healthy_1,2
GTTGGATTCAGTGGCT-1,Healthy_1,2
GTTGGATTGAGAACAC-1,Healthy_1,2
GTTGGATTTGCGTTGG-1,DCIS/LCIS_3,12
GTTGGTCATGCTATCC-1,DCIS/LCIS_4,8
GTTGTAGATTTATGAG-1,IDC_4,1
GTTGTCGTGTTAGTTG-1,IDC_5,7
GTTGTTACATTGCGCT-1,Healthy_1,2
GTTTACGTTCCATCTG-1,Healthy_2,5
GTTTCAAACGAGTTGT-1,Tumor_edge_4,4
GTTTCATATCGTCGCT-1,DCIS/LCIS_3,9
GTTTCCTGGAGGGTGA-1,IDC_6,10
GTTTCTAGAGGCGCGG-1,IDC_2,3
GTTTCTGCAGTCTCCC-1,IDC_6,12
GTTTGACCAAATCCTA-1,IDC_6,10
GTTTGGCCCAAGTTAT-1,IDC_1,19
GTTTGGCCGCTCAGCG-1,IDC_5,7
GTTTGGCGTCAGGCAC-1,Tumor_edge_6,2
GTTTGGGCTTGTGAGC-1,Healthy_2,5
GTTTGGGTTTCGCCCG-1,IDC_2,3
GTTTGGTGATCGGTGC-1,IDC_4,1
TAAACGTCGTCAATGA-1,IDC_5,15
TAAAGACAACCCTTTA-1,Tumor_edge_6,14
TAAAGAGCCCGAAACC-1,IDC_5,7
TAAAGCGGTATTTCCA-1,IDC_4,1
TAAAGCGTTAGGAGAA-1,Healthy_1,2
TAAAGCTGCAATAGGG-1,Healthy_1,2
TAAAGTGCACGTCTCG-1,IDC_4,18
TAAATCTTTACACCTC-1,Healthy_1,2
TAAATGAATCCGTTTC-1,IDC_5,15
TAAATGCCGTCTCATG-1,Healthy_1,2
TAAATTGTGGGTAAAG-1,IDC_4,1
TAAATTTAGTAACACC-1,IDC_4,18
TAACAAAGGGAGAAGC-1,IDC_5,6
TAACAATATTTGTTGC-1,Tumor_edge_2,5
TAACAGCGTTTGTGCT-1,IDC_4,1
TAACAGGTTCCCTTAG-1,IDC_4,1
TAACATACAATGTGGG-1,IDC_6,12
TAACATACACGCGATC-1,IDC_4,17
TAACCGCCCGCAGTGC-1,IDC_5,7
TAACCTACCGTCCGAG-1,Tumor_edge_3,6
TAACCTAGGGAGTCCA-1,Tumor_edge_4,11
TAACGCTTTGAGAGCG-1,Tumor_edge_2,12
TAACTATCGAAGGTCC-1,IDC_5,6
TAACTATTACGCCAAA-1,Tumor_edge_3,2
TAACTCATCCGCGCGG-1,DCIS/LCIS_3,9
TAACTCCATGGAGGCT-1,IDC_5,15
TAACTGAAATACGCCT-1,IDC_4,17
TAAGAGGGACAGGGAC-1,IDC_4,17
TAAGCAGGCGACACGC-1,Tumor_edge_2,9
TAAGCCCTTACGACCA-1,Healthy_1,2
TAAGCGCGAATCAAAT-1,IDC_4,17
TAAGGAACTTGTGGGA-1,IDC_5,7
TAAGGCAACATAAGAT-1,IDC_7,10
TAAGGCCCGTCACCCT-1,DCIS/LCIS_4,8
TAAGGCTGAATCCCTC-1,DCIS/LCIS_1,6
TAAGGGCCTGTCCGAT-1,IDC_2,11
TAAGGGCTGGGAGAGG-1,Tumor_edge_2,9
TAAGTAAATGTGCCGC-1,Healthy_1,2
TAAGTAACATCTTGAC-1,DCIS/LCIS_3,9
TAAGTCGCCGAGTATC-1,IDC_4,17
TAAGTTGCGACGTAGG-1,IDC_2,11
TAATAAACAAGGAGAT-1,Tumor_edge_1,2
TAATACACAGTAGTAT-1,IDC_5,13
TAATACTAGAACAGAC-1,IDC_2,11
TAATAGAACAGAGTTA-1,Tumor_edge_2,9
TAATAGGTCACCAGAA-1,IDC_4,17
TAATAGTGACGACCAG-1,Tumor_edge_1,2
TAATATTGAAATTCGC-1,IDC_5,7
TAATCGATCCGTACGT-1,Healthy_1,2
TAATGAAAGACCCTTG-1,Tumor_edge_2,5
TAATTACGTCAGTAGA-1,IDC_2,16
TAATTAGATGGATATG-1,IDC_5,15
TAATTAGGACATCCGT-1,DCIS/LCIS_1,14
TAATTGCGCTGATTAC-1,IDC_4,17
TAATTGGAATCGGGAA-1,Healthy_1,2
TACAACAGCGCATACA-1,IDC_2,3
TACAACGCACAACTCA-1,DCIS/LCIS_3,12
TACAAGCTGTTCACTG-1,DCIS/LCIS_5,6
TACAAGGGCTTCTTTA-1,IDC_2,16
TACAAGTCTCGTGCAT-1,DCIS/LCIS_3,12
TACACAGCCGTGGTGC-1,IDC_2,11
TACACCGTCGTTAGTC-1,Healthy_1,2
TACACCTCTTCGAATC-1,IDC_2,3
TACAGAAACGGTGGGC-1,IDC_2,8
TACATAGGCATACACC-1,DCIS/LCIS_3,12
TACATCCCTATCCCTG-1,Tumor_edge_2,5
TACATTTCTAACGTGC-1,DCIS/LCIS_3,12
TACCAAATAGCCCAGA-1,DCIS/LCIS_4,8
TACCAATAAAGTACCA-1,DCIS/LCIS_4,8
TACCAGAAGTAGGTTC-1,DCIS/LCIS_3,9
TACCAGCTAGGTTTAA-1,Tumor_edge_1,13
TACCAGGAATCCCGTC-1,IDC_4,1
TACCGAATAATTGTAA-1,IDC_2,16
TACCGCGGACTTGCAG-1,Healthy_1,6
TACCGGCTCACTGCCC-1,Healthy_2,5
TACCGGTCGTTTCCAT-1,DCIS/LCIS_3,9
TACCGTAGGTTAACTA-1,DCIS/LCIS_4,8
TACCGTGCCTCGGACC-1,Healthy_2,8
TACCTACTCCCAGTAT-1,DCIS/LCIS_4,8
TACCTCACGCTTGTAC-1,IDC_5,13
TACCTCAGTTGTCTGT-1,IDC_4,1
TACCTCCACACCAATG-1,IDC_4,17
TACCTGCTGCACTGTG-1,DCIS/LCIS_3,5
TACCTTAAGATTTCCC-1,Tumor_edge_2,5
TACGAACACGACTTCA-1,Tumor_edge_6,10
TACGACGCTTGCTGCG-1,DCIS/LCIS_3,9
TACGACTGCCTCTTAG-1,Healthy_2,5
TACGAGAACTTCACGT-1,DCIS/LCIS_3,9
TACGATGTTGATCATC-1,DCIS/LCIS_3,9
TACGCAGTTCTTTCCT-1,DCIS/LCIS_3,12
TACGCCATATTCTAAT-1,DCIS/LCIS_3,12
TACGCCGAGGGTACCC-1,IDC_4,17
TACGCCTCCATTCCGA-1,DCIS/LCIS_4,8
TACGCTATAGAAACCT-1,DCIS/LCIS_1,20
TACGCTCCTAGAACTG-1,IDC_4,18
TACGCTCGGTATTGGA-1,Tumor_edge_4,4
TACGCTGCACGGTCGT-1,IDC_2,11
TACGCTGCTGTGTTAA-1,IDC_4,17
TACGGAAGCCAAACCA-1,IDC_2,11
TACGGCATGGACGCTA-1,Tumor_edge_4,3
TACGGGATGCTAGCAG-1,Tumor_edge_1,6
TACGGGTAATAACATA-1,IDC_2,3
TACGTAAAGCGGAGTG-1,IDC_2,16
TACGTACTAGTGCTGA-1,IDC_4,1
TACGTGCACTATGCTG-1,IDC_5,6
TACGTGGGCCCAGGGC-1,IDC_2,3
TACGTTTACCGGCAAT-1,DCIS/LCIS_3,9
TACTACGTGCAATGCG-1,IDC_2,3
TACTCCTCTAGTTGAC-1,IDC_4,1
TACTCGTTTGAATCAA-1,IDC_2,3
TACTCTCCGAACAAAT-1,Tumor_edge_1,6
TACTCTTACTTTACTG-1,DCIS/LCIS_2,4
TACTGCAATCAATTAC-1,Healthy_1,2
TACTGGACAGCTCGGC-1,DCIS/LCIS_3,9
TACTGTTTCTCTGGTA-1,Tumor_edge_3,6
TACTTAAACATGTACA-1,IDC_2,16
TACTTTACTGAGCCGG-1,Healthy_1,2
TACTTTCCGCACGCCA-1,Tumor_edge_6,6
TAGAAACCACTAAGTA-1,DCIS/LCIS_5,14
TAGAAAGGTGGCGCTA-1,IDC_7,10
TAGAATAGCCGATGAA-1,IDC_2,16
TAGAATTAAGGGCAAC-1,DCIS/LCIS_5,14
TAGACGAAACGCCAAT-1,DCIS/LCIS_4,8
TAGACGCCCGTACCGG-1,Healthy_1,2
TAGACTACCTAGCGTT-1,DCIS/LCIS_1,14
TAGACTCAGTTGGCCT-1,IDC_4,17
TAGAGATCATGCAACT-1,Tumor_edge_2,9
TAGAGCTACGAAGAAC-1,IDC_5,7
TAGAGGGAGTTTATCT-1,IDC_4,1
TAGAGGTTCTACTTGT-1,IDC_2,11
TAGAGTCTAAGCGAAC-1,IDC_6,10
TAGAGTGTTCCGGGTA-1,IDC_2,3
TAGATATGGACTGGAA-1,DCIS/LCIS_3,9
TAGATCCGAAGTCGCA-1,DCIS/LCIS_5,14
TAGATGGTTCCTTACT-1,IDC_2,11
TAGATTCAAAGTGCGG-1,IDC_4,18
TAGATTCCTGGTTATT-1,DCIS/LCIS_3,5
TAGATTCTCTAGCAAA-1,IDC_2,11
TAGCAACCTGTCACAA-1,IDC_5,15
TAGCAGATACTTAGGG-1,IDC_2,3
TAGCAGTATGACTAAA-1,IDC_2,16
TAGCCATTTCAAAGTC-1,IDC_1,19
TAGCCGGCGGTCAGCG-1,Tumor_edge_6,2
TAGCGTCCCTCGATTG-1,Tumor_edge_3,6
TAGCGTCCGGTGTGGT-1,DCIS/LCIS_4,8
TAGCGTTGGGTCTTAC-1,IDC_6,12
TAGCTAAGTCCGGGAG-1,IDC_6,10
TAGCTAGTGATGATGG-1,IDC_4,1
TAGCTCAGATCCTAGT-1,Healthy_1,2
TAGCTGATGTGAAGCG-1,Tumor_edge_2,5
TAGGAACAGCCTCCAG-1,Tumor_edge_1,4
TAGGAGGCTCGAGAAC-1,IDC_2,16
TAGGCATGTTACGCCA-1,Tumor_edge_1,6
TAGGCCTATATAGTCT-1,IDC_2,16
TAGGCGATGAGGTCTC-1,IDC_3,6
TAGGCGGCTGCAAAGA-1,IDC_4,17
TAGGCTAAAGTGGCAC-1,IDC_2,16
TAGGGAGCTTGGGATG-1,Tumor_edge_3,6
TAGGGTGTTTCAAGAG-1,IDC_5,13
TAGGTCCAAGTAAGGA-1,DCIS/LCIS_3,12
TAGGTCGCCGGAACTG-1,Tumor_edge_3,6
TAGGTGACGATAACCT-1,DCIS/LCIS_4,8
TAGGTGAGCCCTACTC-1,DCIS/LCIS_3,12
TAGGTGCTCGCCTAGC-1,IDC_1,19
TAGGTGTTCCACAGAT-1,DCIS/LCIS_4,8
TAGGTTCGAGTTCGTC-1,IDC_6,10
TAGGTTCTGCTGAGAA-1,IDC_4,1
TAGTACCACAACTTTC-1,IDC_4,17
TAGTACCTTAGTGGTC-1,IDC_5,15
TAGTAGCTTATACCAG-1,IDC_4,1
TAGTCCCGGAGACCAC-1,IDC_4,1
TAGTCCGCAGAGAATG-1,DCIS/LCIS_3,12
TAGTCCGTATGCATAA-1,IDC_5,15
TAGTCCTGCACTAAGC-1,IDC_4,17
TAGTCGATCACGGGTT-1,Tumor_edge_5,6
TAGTCTAACAACGAGA-1,DCIS/LCIS_3,9
TAGTCTGCGGCACATT-1,IDC_4,18
TAGTCTGTGACGTTGC-1,Healthy_1,2
TAGTCTTTCCGAATTG-1,Tumor_edge_3,6
TAGTGCCCTCCAGAGT-1,DCIS/LCIS_3,12
TAGTGGAACTCATACA-1,Tumor_edge_1,4
TAGTGTCAGAAACGGC-1,IDC_5,15
TAGTTAAGATAGGATA-1,Tumor_edge_1,6
TAGTTTATTCTTGCTT-1,IDC_5,7
TATAAATCCACAAGCT-1,IDC_5,13
TATAAGTGAGGATAGC-1,IDC_5,13
TATACACGCAAAGTAT-1,IDC_5,7
TATACCGAGTGCCACA-1,Tumor_edge_3,6
TATACGCGTCATCACT-1,DCIS/LCIS_4,8
TATACTCATGCGGCAA-1,IDC_5,15
TATAGAGTCGCTTGAA-1,IDC_4,1
TATAGATGGTCGCAGT-1,DCIS/LCIS_1,14
TATAGGGTACTCATGA-1,DCIS/LCIS_3,9
TATAGTTAGGTGTACT-1,IDC_4,17
TATATAGGGCTTTACG-1,IDC_4,17
TATATATCGAGAAATG-1,IDC_4,17
TATATCAAAGTGATCT-1,IDC_4,18
TATATCCCTGGGAGGA-1,Tumor_edge_3,6
TATATTACAAATGTCG-1,Healthy_1,2
TATATTCGCGTCGATA-1,DCIS/LCIS_5,14
TATCACAGCACGGGCA-1,DCIS/LCIS_5,14
TATCACCATGTAAAGT-1,Healthy_1,2
TATCACCCAACCGACC-1,Healthy_1,2
TATCACTTCGAGTAAC-1,Healthy_1,2
TATCCAATTGGTTATC-1,DCIS/LCIS_4,8
TATCCATATCATGCGA-1,IDC_5,13
TATCCATCTCGGTTAG-1,IDC_4,17
TATCCGCACCGTCGGG-1,Healthy_2,8
TATCCTATCAACTGGT-1,IDC_4,1
TATCCTGCATGGGAAT-1,IDC_5,7
TATCGATCTATGCATA-1,Tumor_edge_1,6
TATCGATGATTAAACG-1,IDC_5,13
TATCTACAGAGGTAAT-1,DCIS/LCIS_3,12
TATCTACCACAGCGGG-1,DCIS/LCIS_3,12
TATCTGAGCCGATATT-1,IDC_4,17
TATCTTGCAATACAAC-1,IDC_4,17
TATGAAGAATTAAGGT-1,IDC_2,16
TATGAAGACAGGTGCG-1,DCIS/LCIS_3,5
TATGATAAATCTAACG-1,DCIS/LCIS_5,4
TATGATCCGGCACGCC-1,Tumor_edge_6,2
TATGATCTTCTCTTTA-1,IDC_2,11
TATGATTCTGCTTGGT-1,IDC_5,15
TATGCTCCCTACTTAC-1,IDC_7,10
TATGGAGTTTCTCGTT-1,IDC_5,15
TATGGATGTGCTACGC-1,Tumor_edge_6,10
TATGGCCCGGCCTCGC-1,DCIS/LCIS_3,12
TATGGGACCGAGCAGG-1,DCIS/LCIS_3,12
TATGGGTACGTATCGT-1,IDC_6,10
TATGGTCTGAGTAACA-1,DCIS/LCIS_3,12
TATGGTTAGTGGGAGA-1,DCIS/LCIS_1,14
TATGTAAAGTGCTTAA-1,IDC_4,1
TATGTCAAGACCGACT-1,Tumor_edge_6,2
TATGTCTCATTGTGCC-1,IDC_7,10
TATTAACACCAAAGCA-1,IDC_3,6
TATTACCATCCTGCTT-1,Tumor_edge_3,14
TATTATGTTTGCCTGC-1,IDC_4,17
TATTCAATTCTAATCC-1,IDC_6,10
TATTCCGAGCTGTTAT-1,IDC_2,11
TATTCCGGCAGTCCTA-1,DCIS/LCIS_5,6
TATTCCTCCGCCCACT-1,Tumor_edge_2,5
TATTCGTGCCAGAATA-1,IDC_6,10
TATTGACATTTCTGCC-1,DCIS/LCIS_1,14
TATTGCCGGGCTTGTA-1,IDC_2,16
TATTTAGTCTAGATCG-1,IDC_5,13
TATTTATACCGAGTAG-1,Tumor_edge_1,6
TATTTGATTTGCACAG-1,Tumor_edge_5,6
TATTTGTTACCCTTTA-1,Tumor_edge_6,10
TCAAACAACCGCGTCG-1,IDC_7,10
TCAAACTTAGATTGTT-1,IDC_6,10
TCAAAGTCACGGCGTC-1,IDC_4,17
TCAAATTGTTGTGCCG-1,IDC_2,16
TCAAATTTGAGACTCA-1,DCIS/LCIS_4,8
TCAACAAAGATAATTC-1,Tumor_edge_2,17
TCAACACATTGGGTAA-1,IDC_5,7
TCAACATAGCGCCCTA-1,IDC_4,1
TCAACATCGACCGAGA-1,Tumor_edge_2,5
TCAACCATGTTCGGGC-1,Tumor_edge_6,10
TCAACGAGGAGACAAA-1,DCIS/LCIS_3,12
TCAACGCAGGAAATAA-1,Tumor_edge_2,5
TCAACGCGACCGGCAG-1,DCIS/LCIS_3,9
TCAACTAACGTATAAC-1,DCIS/LCIS_3,5
TCAACTGCAGAGTCAG-1,DCIS/LCIS_2,4
TCAAGAAATACTAGCT-1,DCIS/LCIS_1,20
TCAAGCGCGGACGGTA-1,DCIS/LCIS_2,4
TCAAGGTTACTACACC-1,Tumor_edge_3,6
TCAATACGCCGTCATG-1,DCIS/LCIS_4,8
TCAATATACAGGAGGC-1,IDC_2,16
TCAATCCGGGAAGTTT-1,IDC_2,3
TCACAAACCGAGGTAC-1,IDC_2,11
TCACAGATCCTCAAAC-1,IDC_5,15
TCACAGGTTATTGGGC-1,DCIS/LCIS_3,12
TCACATCTTATCTGAT-1,Tumor_edge_2,5
TCACCCTCTTAAGATT-1,DCIS/LCIS_3,12
TCACCGCTCGGCACTC-1,Healthy_1,2
TCACGATGTCCGTGGA-1,Tumor_edge_2,5
TCACGCATTGTAGATC-1,DCIS/LCIS_3,12
TCACGGCCCAAGAGAG-1,IDC_4,17
TCACGGTCATCGCACA-1,IDC_5,13
TCACGTGCCCGATTCA-1,IDC_6,12
TCACTACGACCAATGC-1,Healthy_1,2
TCACTATCCCTTCGGT-1,IDC_2,16
TCACTCGTGCAACGGC-1,Healthy_1,2
TCAGAACCTCCACAGG-1,Tumor_edge_3,6
TCAGAACGGCGGTAAT-1,Tumor_edge_6,11
TCAGAGGACGCGTTAG-1,Tumor_edge_6,3
TCAGCAAATGCATCTC-1,IDC_7,10
TCAGCAGTAGGCCCTG-1,IDC_4,1
TCAGCCAATCCGTAAA-1,IDC_2,16
TCAGCGCACGCCGTTT-1,IDC_4,11
TCAGGGCGCAAACTCG-1,Tumor_edge_6,5
TCAGGGTGCACGAAAC-1,Tumor_edge_1,4
TCAGGGTGTAACGTAA-1,IDC_7,10
TCAGGTTCTTTGAGAA-1,DCIS/LCIS_3,12
TCAGTACTGACCCGCG-1,Tumor_edge_2,12
TCAGTAGGGACTATAA-1,DCIS/LCIS_3,9
TCAGTGTATACGTCAT-1,IDC_4,17
TCAGTTACGGAATGAT-1,DCIS/LCIS_5,14
TCATACTTACAGATCC-1,IDC_5,15
TCATATGAGCTTTGTT-1,DCIS/LCIS_4,8
TCATCACTCGAGCTCG-1,IDC_5,15
TCATCCCAGAGGGTGG-1,Tumor_edge_1,14
TCATCCTCAGCTGCTT-1,IDC_2,3
TCATCGATGGTCCCAA-1,IDC_4,17
TCATGCAGGTTCTCAT-1,Tumor_edge_1,6
TCATTCGTATAATTTG-1,Healthy_1,2
TCATTTAAGTCTCCGA-1,Tumor_edge_3,6
TCATTTAGAAGTGTGA-1,Tumor_edge_4,6
TCCAACTCAGCTATCT-1,IDC_2,16
TCCAACTTTAAATTCT-1,DCIS/LCIS_3,9
TCCAAGCCTAGACACA-1,IDC_2,3
TCCAATAAAGGCTACC-1,IDC_4,1
TCCACAATGGTTTACG-1,DCIS/LCIS_3,12
TCCACATCGTATATTG-1,IDC_2,3
TCCACCAAGACATAGG-1,IDC_2,16
TCCACCTCTAGCCTTT-1,Tumor_edge_6,8
TCCACTTTATCTAGGT-1,IDC_7,10
TCCAGAGCACCGGTTC-1,IDC_6,12
TCCAGATGTACGCCAA-1,Healthy_1,2
TCCAGCGCTATAAGCG-1,Tumor_edge_6,6
TCCAGGCAGGACGATC-1,IDC_4,1
TCCAGGCGAGTACGGT-1,IDC_6,10
TCCAGGGTATATACGA-1,DCIS/LCIS_4,8
TCCATCAATACTAATC-1,IDC_4,17
TCCATTAGTTGGATAG-1,IDC_5,15
TCCATTGTGACCTCGT-1,DCIS/LCIS_5,14
TCCCAAACAGACAACG-1,Healthy_1,2
TCCCAAAGACGAAGGA-1,IDC_7,10
TCCCAAAGCCCTAAAT-1,DCIS/LCIS_1,14
TCCCACTCTCTTCCGG-1,Tumor_edge_3,20
TCCCAGCTTTAGTCTG-1,DCIS/LCIS_3,12
TCCCAGGCTTAGCTAA-1,DCIS/LCIS_3,10
TCCCGCCTATGTGCGT-1,Tumor_edge_3,20
TCCCGCGTACTCCTGG-1,IDC_7,10
TCCCGGGTGTGCTGCT-1,DCIS/LCIS_3,9
TCCCGGTCAGGAATTT-1,IDC_5,15
TCCCGTCAGTCCCGCA-1,IDC_7,10
TCCCGTCGCGTCATAG-1,Tumor_edge_3,6
TCCCTAGATCAATAGG-1,Tumor_edge_3,2
TCCCTCTTCTCAAGGG-1,Tumor_edge_4,3
TCCCTGGCGTATTAAC-1,IDC_4,17
TCCCTGGCTCGCTGGA-1,DCIS/LCIS_3,9
TCCCTTAGATTACTCG-1,Tumor_edge_1,6
TCCCTTGTCTGAAACT-1,IDC_2,16
TCCGAACTTGGCTTAC-1,Tumor_edge_6,9
TCCGAAGTAGTCACCA-1,Healthy_1,2
TCCGAATGGTCCTGAG-1,Tumor_edge_3,20
TCCGACCGCTAATCAA-1,IDC_4,18
TCCGAGAAGGCTAAGC-1,Tumor_edge_1,7
TCCGATAATTGCCATA-1,IDC_5,13
TCCGATGACTGAGCTC-1,Tumor_edge_1,10
TCCGATGGTGCGACAT-1,IDC_5,10
TCCGATTACATTGCCG-1,DCIS/LCIS_3,12
TCCGCCTGTCTACAAG-1,DCIS/LCIS_4,8
TCCGCGGCAGCATCTG-1,IDC_6,12
TCCGCGGCCCAATGAA-1,IDC_2,11
TCCGCTGTCATCCCGG-1,Tumor_edge_6,6
TCCGGAGGAAGGGCTG-1,Healthy_1,2
TCCGGCCTAGCGTACA-1,Healthy_1,2
TCCGGCCTGCATCGAT-1,Tumor_edge_1,4
TCCGGGCTTGACGGGA-1,IDC_2,16
TCCGTAACCACAATCC-1,IDC_5,15
TCCGTTAAGCTAATAT-1,IDC_2,6
TCCGTTTAGCCTTGAA-1,IDC_7,2
TCCTAAAGATTCAGAC-1,IDC_2,3
TCCTAAATTGGGAAGC-1,DCIS/LCIS_4,8
TCCTAACCGTCGGGCA-1,IDC_4,1
TCCTAGCAAAGAAGCT-1,DCIS/LCIS_3,9
TCCTATCATAGGTAAC-1,Tumor_edge_3,6
TCCTCCTAAGACATTC-1,Tumor_edge_2,5
TCCTCGGGCTGGGCTT-1,IDC_6,5
TCCTCTACGAGATGGC-1,Tumor_edge_2,12
TCCTCTCCAGTTGTCC-1,DCIS/LCIS_3,5
TCCTCTGGCCCATTAG-1,Tumor_edge_1,4
TCCTGCCAACTGGAGA-1,Tumor_edge_1,2
TCCTGCGTTGATACTC-1,DCIS/LCIS_3,9
TCCTGGCGCTGCCTGG-1,Healthy_1,2
TCCTTACGACGGTCCG-1,Tumor_edge_5,6
TCCTTCAGTGGTCGAA-1,Tumor_edge_1,6
TCCTTGTCCTTTAATT-1,IDC_2,3
TCCTTTAAATCCGCTT-1,IDC_2,11
TCCTTTCTTACGCTTA-1,IDC_6,10
TCGAAATTTAGGACCA-1,IDC_6,10
TCGAAGAACCGAGCAC-1,DCIS/LCIS_1,6
TCGAATATCCCGCAGG-1,IDC_4,17
TCGACAACTGAACCCG-1,IDC_4,17
TCGACTGACGATGGCT-1,IDC_2,11
TCGAGACCAACACCGT-1,DCIS/LCIS_3,12
TCGAGCCAGGCAGGCC-1,IDC_4,17
TCGAGGGCAACAGACG-1,Tumor_edge_4,6
TCGATAGGCTAGTCGC-1,IDC_5,7
TCGCACCAGGAGGCAG-1,Tumor_edge_5,6
TCGCATAAAGGGCGCA-1,Tumor_edge_4,3
TCGCATCCCTAAGTGT-1,IDC_5,7
TCGCATTCAATGACTT-1,IDC_5,7
TCGCCCAACTGACTCC-1,Healthy_1,2
TCGCCGAAGTTGCGTC-1,DCIS/LCIS_3,9
TCGCCGACATATTCGC-1,IDC_2,3
TCGCCGGTCGATCCGT-1,IDC_5,13
TCGCCTCCTTCGGCTC-1,Tumor_edge_6,3
TCGCGCGTTTACATGA-1,Tumor_edge_6,17
TCGCGTAGCAGTGTCC-1,IDC_2,11
TCGCGTCCAGAAGGTC-1,DCIS/LCIS_3,12
TCGCTAAACCGCTATC-1,Tumor_edge_1,6
TCGCTACTGGCTTTGA-1,IDC_2,3
TCGCTCGATATATTCC-1,Tumor_edge_6,10
TCGCTCGGCACCAGCG-1,Healthy_1,2
TCGCTGCCAATGCTGT-1,IDC_2,16
TCGCTGGGCGGATTGT-1,IDC_7,10
TCGCTGTGCGTAAATC-1,IDC_5,7
TCGCTTAATTACGAAG-1,Healthy_1,2
TCGCTTTAAACGTTTG-1,Tumor_edge_6,2
TCGGAATGACCATCAA-1,DCIS/LCIS_5,14
TCGGAATGCGCTCTGA-1,DCIS/LCIS_3,12
TCGGACGCCCAGCCCA-1,IDC_6,10
TCGGAGAGTATCGGGA-1,Tumor_edge_2,5
TCGGAGTACATGAGTA-1,IDC_7,10
TCGGCGAACCCAAACC-1,Tumor_edge_3,6
TCGGCGTACTGCACAA-1,IDC_3,6
TCGGCTAACTTCCCTT-1,DCIS/LCIS_5,14
TCGGCTTGTATCGACG-1,IDC_2,11
TCGGGAACGTGCCTAG-1,Tumor_edge_3,20
TCGGGAGACAGCGTAC-1,DCIS/LCIS_4,8
TCGGGATTCAAACATA-1,Tumor_edge_2,5
TCGGGCCGTCGTGGTA-1,IDC_1,19
TCGGGTGAAACTGCTA-1,IDC_5,7
TCGGTCCCGACAATAG-1,IDC_4,17
TCGGTCCCTGACTCCA-1,Tumor_edge_1,2
TCGGTGACCGCTCCGG-1,Healthy_1,2
TCGGTTAGCCATGTAG-1,Healthy_1,2
TCGTAAGACGACATTG-1,IDC_7,10
TCGTAAGCTCCGAGGA-1,Healthy_1,2
TCGTACCGACGTCAAG-1,IDC_4,1
TCGTATAGTGCAATTA-1,IDC_5,7
TCGTATTACCCATTGC-1,DCIS/LCIS_3,9
TCGTATTTCGTCCGGA-1,DCIS/LCIS_5,4
TCGTCAAGTACGCGCA-1,IDC_4,17
TCGTCACACTGTTAGC-1,Tumor_edge_2,5
TCGTCCGCTGGCGTCT-1,IDC_5,13
TCGTCCGGGTACACTC-1,Healthy_1,2
TCGTCTTAGGCGTTAA-1,IDC_2,8
TCGTGTATTGGTCACG-1,Tumor_edge_5,6
TCGTGTCACGCTGACA-1,Tumor_edge_2,9
TCGTGTTCGACCACAA-1,DCIS/LCIS_2,4
TCGTTCGTTATTATGT-1,Tumor_edge_1,13
TCGTTGGCTCGTCAAT-1,IDC_5,15
TCGTTTACGCGACCCT-1,IDC_2,3
TCTAAAGAACAGTCTC-1,IDC_3,6
TCTAACCTAGCCTGCG-1,IDC_2,16
TCTAATACTGCCTCAG-1,IDC_4,17
TCTACACGTTCATGCA-1,Healthy_1,2
TCTACCCAATAGAGAG-1,DCIS/LCIS_2,4
TCTACCCGCATCATTT-1,IDC_2,3
TCTACCGTCCACAAGC-1,IDC_7,10
TCTACGGGCTCAGTTG-1,Healthy_1,2
TCTAGCAATCTCCGCC-1,DCIS/LCIS_3,9
TCTAGCATCTTCGATG-1,IDC_5,13
TCTAGCATGCCCAGAA-1,Healthy_2,5
TCTAGGTGGCGACGCT-1,Healthy_1,2
TCTAGTGATATCGTGG-1,DCIS/LCIS_1,14
TCTAGTTATCAGAAGA-1,DCIS/LCIS_3,12
TCTATAGGTGGGTAAT-1,IDC_2,16
TCTATCATGCAGTTAC-1,IDC_5,7
TCTATCCGATTGCACA-1,Tumor_edge_6,3
TCTATCGGTCGCAACA-1,IDC_7,13
TCTATGCTATAACGAC-1,IDC_2,16
TCTATTACGCTGGCGA-1,IDC_5,7
TCTATTACTAGAGGAT-1,Tumor_edge_2,5
TCTCAAATCAATCGGG-1,IDC_2,3
TCTCAGGCTACTCGCT-1,IDC_2,16
TCTCATGAGATAGGGT-1,Tumor_edge_5,6
TCTCCAACGTAGGTTA-1,Tumor_edge_1,6
TCTCCACAAGTTGAAT-1,IDC_2,11
TCTCCCTGGGCAGCGT-1,DCIS/LCIS_4,8
TCTCGAACGAGGTCAC-1,Healthy_1,2
TCTCGACGTATCGCCG-1,Tumor_edge_3,6
TCTCGAGGAGGTTCGC-1,Tumor_edge_5,6
TCTCGGCTCCAGGACT-1,IDC_5,15
TCTCTAATAGCTGGTA-1,IDC_5,13
TCTCTCGCCGCACATA-1,Tumor_edge_4,6
TCTCTTACCGCGAACC-1,IDC_4,1
TCTGAACCGGTCGGCT-1,IDC_5,6
TCTGAACTCGTACCCG-1,Tumor_edge_3,6
TCTGAAGCACGTGGTC-1,DCIS/LCIS_4,8
TCTGAATTCCGTACAA-1,Healthy_1,5
TCTGACGGGCTAACCC-1,Tumor_edge_3,2
TCTGACTGTAATGGTT-1,IDC_5,15
TCTGAGCAATTGACTG-1,Tumor_edge_4,6
TCTGATCGGGTGCTAG-1,DCIS/LCIS_1,14
TCTGATGTATTCTGTC-1,Tumor_edge_5,6
TCTGCATACCTTGCTT-1,IDC_2,11
TCTGCCAGAAACTGCA-1,IDC_1,19
TCTGCGAATCGTTCGC-1,Healthy_1,2
TCTGCGTCCGGTTTCT-1,IDC_5,15
TCTGGGAACCTTTGAA-1,DCIS/LCIS_1,14
TCTGGGTAGCGCTCAT-1,DCIS/LCIS_3,9
TCTGTCATACAAGAGC-1,IDC_5,7
TCTGTGATGGAGGTTG-1,Healthy_1,2
TCTGTGCCATCATAGT-1,IDC_7,10
TCTGTTACCCAGCATA-1,Tumor_edge_2,5
TCTTACAGAGGTACCG-1,IDC_5,7
TCTTACCGGAACTCGT-1,Tumor_edge_6,2
TCTTACGGCATCCGAC-1,Tumor_edge_2,5
TCTTACTTATGCCTCT-1,Tumor_edge_3,6
TCTTAGAGCTCCAATT-1,DCIS/LCIS_1,14
TCTTAGAGTGAACTCT-1,DCIS/LCIS_1,14
TCTTATGGGTAGTACC-1,Tumor_edge_6,6
TCTTCCCATGGGCACA-1,Healthy_1,5
TCTTCGAATAGACGTT-1,IDC_6,12
TCTTCGATACCAATAA-1,IDC_6,10
TCTTCGCGGTGAGAGG-1,DCIS/LCIS_2,4
TCTTCTATAACCCGCC-1,Tumor_edge_6,6
TCTTGATGCGTAGCGA-1,IDC_6,10
TCTTGCTCCCGATACT-1,Tumor_edge_6,8
TCTTGGTAACACCAAA-1,Tumor_edge_6,13
TCTTTAAGACTATGAA-1,Tumor_edge_3,6
TCTTTAGAGTCTAACA-1,Tumor_edge_3,6
TCTTTAGCAGGCGAAC-1,DCIS/LCIS_1,20
TCTTTCTCTTAAGGAG-1,DCIS/LCIS_5,14
TGAAACTTATGCAAGC-1,DCIS/LCIS_5,14
TGAAAGGACCTGACTC-1,IDC_6,12
TGAACAAGCAGGGACT-1,IDC_4,1
TGAATACCGACGCGTA-1,IDC_2,3
TGAATATGCTATAAAC-1,Healthy_1,2
TGAATGAGTGTTTCCC-1,IDC_4,1
TGAATGTCAGCCGGCC-1,Tumor_edge_3,6
TGACACTTCTCTTTGC-1,Healthy_1,2
TGACATCGAGCGGACC-1,DCIS/LCIS_1,6
TGACATGTAACGTGAC-1,Tumor_edge_6,1
TGACCAAATCTTAAAC-1,Tumor_edge_6,8
TGACCAGCTTCAAAGT-1,Healthy_1,2
TGACCCACGTTAGACA-1,DCIS/LCIS_3,12
TGACGAATATTTCCCT-1,Tumor_edge_2,5
TGACGATGCACTAGAA-1,Tumor_edge_6,6
TGACTATAATCCTTTC-1,Healthy_2,5
TGACTCCGAATCATAC-1,IDC_4,17
TGAGAATGCTTTACCG-1,IDC_5,13
TGAGAGATTTACCACG-1,IDC_1,19
TGAGATCAAATACTCA-1,DCIS/LCIS_5,14
TGAGATTAGGCCCTAA-1,Healthy_1,2
TGAGCAGTCGTGAAGT-1,Tumor_edge_1,7
TGAGCCATACAGTCTC-1,DCIS/LCIS_3,9
TGAGCGGAAAGTGTTC-1,DCIS/LCIS_4,8
TGAGCTTTAATGACGC-1,Tumor_edge_1,6
TGAGGAGTGCCAGCTT-1,DCIS/LCIS_4,8
TGAGGTGTGTGGCGGA-1,IDC_4,1
TGAGTAAATTAGCGTA-1,Healthy_2,5
TGAGTGCCTCTTAAAT-1,DCIS/LCIS_3,9
TGAGTGGTCCGTGACG-1,IDC_7,2
TGAGTGTAACAACGGG-1,IDC_2,16
TGAGTTAAAGACATTC-1,Tumor_edge_3,6
TGATAGCGGGATTCTA-1,Tumor_edge_2,5
TGATCACCACACTGAC-1,IDC_4,1
TGATCAGGGAACTGCT-1,Tumor_edge_6,9
TGATCCCAGCATTAGT-1,Tumor_edge_3,2
TGATCGGTTTGACCCT-1,IDC_6,10
TGATCTACGCTGATCT-1,Healthy_1,2
TGATCTATCACACTCT-1,IDC_2,3
TGATCTCCGGCGCCAG-1,IDC_6,10
TGATGGCTGTTTCTGA-1,Tumor_edge_3,20
TGATGTCAATTAAGTG-1,Tumor_edge_4,11
TGATTATGGCACGCAG-1,Healthy_1,2
TGATTCCCGGTTACCT-1,IDC_4,1
TGATTCGTCTATCACT-1,DCIS/LCIS_3,12
TGATTCTGTCGCCGGT-1,DCIS/LCIS_3,9
TGATTTATTAGCTGTG-1,DCIS/LCIS_3,9
TGATTTCCTCCTGACG-1,IDC_5,7
TGCAAAGTTCGTCTGT-1,IDC_4,1
TGCAACCCATCTGCGG-1,IDC_2,11
TGCAACTACTGGTTGA-1,IDC_2,3
TGCAAGAATGACGTAA-1,IDC_6,10
TGCAATCTAACACGGT-1,IDC_2,3
TGCAATTTGGGCACGG-1,Healthy_1,2
TGCACAGTGAAGTTAT-1,Healthy_1,2
TGCACGAGTCGGCAGC-1,DCIS/LCIS_5,14
TGCAGAACTATATCGT-1,Tumor_edge_2,9
TGCAGAGTACCGAGCA-1,DCIS/LCIS_3,12
TGCAGATCGTCCTAGG-1,Tumor_edge_2,5
TGCAGCTACGTACTTC-1,Tumor_edge_2,5
TGCAGGATCGGCAAAG-1,IDC_7,10
TGCAGTGAGGCTCGGG-1,Healthy_1,2
TGCAGTGGTAGGGAAC-1,IDC_4,17
TGCAGTTTCCTCCCAT-1,IDC_1,19
TGCATATGTCTGTCAC-1,Healthy_1,5
TGCATGGATCGGATCT-1,IDC_7,6
TGCATGTGACCCATAG-1,IDC_4,1
TGCATGTGGTAATCTA-1,IDC_7,10
TGCCAAAGTCAGACTT-1,Tumor_edge_2,5
TGCCACCTGGCGAAAC-1,Tumor_edge_1,6
TGCCAGTACGTGGAGA-1,Healthy_2,8
TGCCATTACTAAAGAA-1,Tumor_edge_1,6
TGCCCGATAGTTAGAA-1,IDC_2,11
TGCCGAAAGCGTATTC-1,DCIS/LCIS_1,20
TGCCGGATGTACGAGC-1,IDC_4,17
TGCCGTGGATCGTCCT-1,DCIS/LCIS_4,8
TGCCGTGGGACCCAAT-1,Tumor_edge_6,3
TGCCTAATTGAAGATT-1,Tumor_edge_6,6
TGCCTGACATCGGTCA-1,IDC_5,15
TGCCTGATCAAACGAT-1,IDC_7,6
TGCCTTGGCCAGGCAA-1,Tumor_edge_5,6
TGCGAATATGGGATTT-1,Tumor_edge_2,5
TGCGACACCCTAGTGC-1,DCIS/LCIS_3,9
TGCGACGGCCGAACGT-1,IDC_4,17
TGCGAGAATATTACCC-1,Tumor_edge_2,9
TGCGAGATGGCGGCCA-1,Healthy_1,2
TGCGAGCCCTTCCGCG-1,Healthy_1,2
TGCGCAAAGCATTTGG-1,IDC_6,10
TGCGCGATTAACGGAG-1,IDC_6,10
TGCGGACTTGACTCCG-1,IDC_2,11
TGCGGAGTAAAGGTGC-1,IDC_7,10
TGCGGCATAGTTCAAC-1,IDC_5,7
TGCGGGTATTGGGATC-1,DCIS/LCIS_5,14
TGCGGTGAAATTTCAT-1,Tumor_edge_1,13
TGCGTAAGAACCTGAT-1,DCIS/LCIS_3,9
TGCGTACGGCTAATTG-1,IDC_2,16
TGCGTCATGACTGAGC-1,IDC_3,6
TGCGTGATTGGGTGTC-1,IDC_5,15
TGCGTTTGTTGACACT-1,IDC_1,5
TGCTAAGTGTCTATTT-1,IDC_2,11
TGCTATACAAACGGAC-1,DCIS/LCIS_5,6
TGCTATGGCAAAGGGA-1,IDC_4,17
TGCTCCACAGTTCTTA-1,Tumor_edge_3,6
TGCTCGGCGAAACCCA-1,DCIS/LCIS_4,8
TGCTCGGTGGGTCACC-1,IDC_2,3
TGCTCTTGAGAGTTTG-1,Tumor_edge_6,8
TGCTGGTTGGACAATT-1,IDC_5,13
TGCTGTTGAAGAACTC-1,IDC_6,12
TGCTTAGAGAGAATGC-1,IDC_4,17
TGCTTCCCAAGCAGTA-1,DCIS/LCIS_4,8
TGCTTGAAACCATGCA-1,IDC_5,15
TGGAAACGGAGTGAAC-1,IDC_5,15
TGGAACCACTGACACA-1,Healthy_1,2
TGGAAGAAGGGAACGT-1,DCIS/LCIS_3,9
TGGAAGACGAACACCA-1,IDC_5,7
TGGAAGGATAAAGATG-1,IDC_7,6
TGGAATATCCTTGACC-1,Healthy_1,2
TGGAATTAGACGCTTT-1,Tumor_edge_2,5
TGGACCAATCTAAGAT-1,DCIS/LCIS_4,8
TGGACCACGGCGTTGA-1,IDC_5,15
TGGACGCAATCCAGCC-1,IDC_4,17
TGGACTGTTCGCTCAA-1,IDC_6,12
TGGAGAATAATCGTCC-1,IDC_4,18
TGGAGCTAAAGTTCCC-1,DCIS/LCIS_5,14
TGGAGGGAAACACCTC-1,Healthy_1,2
TGGAGTGATGCGATGA-1,DCIS/LCIS_3,12
TGGATAGAGTAACAGA-1,IDC_5,15
TGGCAAACTAAATTAC-1,Healthy_2,6
TGGCAACTCGCGCGCC-1,Tumor_edge_1,6
TGGCAAGCACAAGTCG-1,IDC_4,1
TGGCAATGGGACGGCG-1,Tumor_edge_4,6
TGGCACGAGCTCGAGT-1,Healthy_1,2
TGGCAGATTACGATCA-1,DCIS/LCIS_3,12
TGGCAGCAGTAATAGT-1,DCIS/LCIS_3,12
TGGCATGAAGTTTGGG-1,IDC_4,17
TGGCCAAACTGAAGTA-1,IDC_7,10
TGGCCAATTTGGTACT-1,IDC_3,6
TGGCCGTATATTGACC-1,IDC_6,10
TGGCGGTGTGCGATTG-1,IDC_5,7
TGGCTACACTCTACCT-1,IDC_2,16
TGGCTATGTGACATAC-1,DCIS/LCIS_4,8
TGGCTCTTGTCGCGTA-1,Tumor_edge_2,5
TGGCTTGTACAAGCTT-1,Healthy_1,2
TGGCTTTGGGTAGACA-1,IDC_5,13
TGGGAAATGCCTTTCC-1,IDC_5,15
TGGGATGCACTCATTC-1,Healthy_1,2
TGGGCAATAGTTGGGT-1,Tumor_edge_3,6
TGGGCACAAACAGAAC-1,IDC_5,7
TGGGCACGTTCTATGG-1,Tumor_edge_1,6
TGGGCAGGCCACCGCA-1,Tumor_edge_5,6
TGGGCCACAAGAGCGC-1,IDC_7,6
TGGGCCCATACTAATT-1,Tumor_edge_5,6
TGGGCGATACAATAAG-1,Tumor_edge_6,1
TGGGTAAGGTTCCCGC-1,Tumor_edge_1,6
TGGGTGCACAAGCCAT-1,IDC_2,3
TGGGTGGGATGTCATT-1,Healthy_1,2
TGGGTGTAATAGATTT-1,IDC_2,16
TGGGTGTTAAGTAGAA-1,Tumor_edge_6,1
TGGGTTTCGGGCGTAC-1,IDC_4,17
TGGTAAGCAGGATTGA-1,Tumor_edge_2,5
TGGTAGAATATATGGG-1,Tumor_edge_3,6
TGGTATCGCATCCCAA-1,DCIS/LCIS_5,14
TGGTATCGGTCTGTAT-1,DCIS/LCIS_5,14
TGGTCCCACGCTACGG-1,DCIS/LCIS_4,8
TGGTCTGTTGGGCGTA-1,DCIS/LCIS_3,9
TGGTGATCGTATTTGT-1,Tumor_edge_2,5
TGGTGCCCTGCCTTAC-1,IDC_4,1
TGGTTAAGGGCGCTGG-1,Healthy_1,2
TGGTTCAACGGGTAAT-1,Healthy_2,6
TGGTTCGTAGCAAAGG-1,IDC_5,13
TGGTTGGAGGATCCTG-1,Tumor_edge_1,2
TGGTTTAAACGTGGGT-1,Healthy_1,2
TGTACCCGACCCTAAT-1,IDC_4,17
TGTACCTACACGAGGG-1,IDC_2,11
TGTACGAACAAATCCG-1,DCIS/LCIS_3,12
TGTACTACTCTCACGG-1,Healthy_1,2
TGTACTTCCGGGCATG-1,IDC_2,16
TGTAGCCAATTCCGTT-1,IDC_2,11
TGTAGCCATCCCATTC-1,Tumor_edge_4,3
TGTAGGAGAAATTTCC-1,Healthy_1,5
TGTAGTGATCTATAAT-1,DCIS/LCIS_3,9
TGTATAACAGATCCTG-1,IDC_7,10
TGTATCAGACTGAAGC-1,Healthy_1,2
TGTATCCTTATTCCAT-1,IDC_5,7
TGTATGGCGCAGACAG-1,Tumor_edge_3,19
TGTATTTACCTAATGC-1,Healthy_1,2
TGTCATTTGTTGGGAA-1,Healthy_1,2
TGTCCACGGCTCAACT-1,IDC_2,16
TGTCCCGACATAGCAC-1,IDC_5,7
TGTCCGCAAACAATTC-1,IDC_4,1
TGTCCGTGGCGCCTTT-1,Tumor_edge_2,5
TGTCCTAAGTCACCGC-1,DCIS/LCIS_3,9
TGTCGGCATGGTGGAA-1,IDC_5,15
TGTCGTGGGTATAGGC-1,IDC_4,1
TGTCGTTATCACATAT-1,IDC_4,17
TGTCTACAGTTTCTGT-1,IDC_5,7
TGTGACTACGCCAGTC-1,IDC_7,6
TGTGACTAGAGTTTGC-1,IDC_2,16
TGTGAGACTAGCCCAA-1,DCIS/LCIS_4,8
TGTGCCGGTGCCGGAA-1,IDC_2,11
TGTGCTTTACGTAAGA-1,Tumor_edge_2,9
TGTGGAGGAAGCTTAA-1,DCIS/LCIS_5,6
TGTGGCAAAGCGTATG-1,IDC_7,2
TGTGGCGGGCTTCTGG-1,DCIS/LCIS_4,8
TGTGGCTCCCACCAAC-1,Tumor_edge_3,6
TGTGGTTGCTAAAGCT-1,IDC_4,1
TGTGTAGTAGCACGTG-1,DCIS/LCIS_2,4
TGTGTCGCGAGTTGCA-1,IDC_5,10
TGTGTTCGTATCCAAG-1,DCIS/LCIS_3,5
TGTTATTGTATGTGGC-1,IDC_1,19
TGTTCCGCTTCCATGA-1,DCIS/LCIS_3,9
TGTTCCGGCCTGAGCT-1,IDC_2,3
TGTTCTCTACTCCCTA-1,Healthy_1,2
TGTTCTTCCATTGACT-1,DCIS/LCIS_3,12
TGTTGTCAAGAAGTCT-1,Tumor_edge_1,6
TGTTTAATACTTCATC-1,DCIS/LCIS_5,14
TGTTTCGGTACTTCTC-1,IDC_5,13
TGTTTGAGATCGTCAG-1,Tumor_edge_3,6
TTAAACAGAGTCCCGC-1,IDC_5,15
TTAAACCGGTAGCGAC-1,IDC_5,7
TTAAACCTGGTTCCTT-1,Tumor_edge_2,5
TTAAACTCGAATTCAT-1,Healthy_1,2
TTAAAGGCGATGCTCG-1,IDC_4,18
TTAAAGTAAGTCGCCA-1,IDC_2,16
TTAACACCTCGAACAT-1,Tumor_edge_2,5
TTAACCAACCCTCCCT-1,IDC_5,13
TTAACGAACAAGCAGT-1,Healthy_1,2
TTAACGTCGCAAGACC-1,IDC_5,7
TTAACTCACGCGTGGA-1,Tumor_edge_2,5
TTAACTTCAGGTAGGA-1,Tumor_edge_2,5
TTAAGACGAACGAACC-1,Healthy_1,2
TTAAGATAGGATTGAC-1,DCIS/LCIS_1,14
TTAAGCCGACAACTTC-1,Tumor_edge_1,6
TTAAGCGCCTGACCCA-1,DCIS/LCIS_3,12
TTAAGGATACGGAGGT-1,IDC_5,7
TTAAGGCCCGTACTTT-1,IDC_4,17
TTAAGTATTGTTATCC-1,IDC_2,3
TTAATCAGTACGTCAG-1,Tumor_edge_1,6
TTAATGCGAGGTAACT-1,DCIS/LCIS_5,14
TTAATGTAGACCAGGT-1,IDC_7,10
TTAATTGCTTTGGGTG-1,DCIS/LCIS_4,8
TTAATTTCAGACGCGG-1,Tumor_edge_6,6
TTACAACTACGCATCC-1,IDC_5,10
TTACACGATCTGCGAC-1,Tumor_edge_4,3
TTACAGACCTAAATGA-1,Healthy_1,2
TTACATCGTGGCCTGG-1,IDC_5,6
TTACATGCCACAACTA-1,DCIS/LCIS_1,14
TTACCATTGATTACCC-1,DCIS/LCIS_3,9
TTACCCATTGCCGGGT-1,Tumor_edge_1,6
TTACCCTAACAGTCCT-1,Tumor_edge_2,5
TTACCCTAGGGATTGG-1,DCIS/LCIS_4,8
TTACCGCCTTAGGGAA-1,IDC_5,15
TTACGGATGGTTCGAG-1,Healthy_1,5
TTACGGTGTCACCGAG-1,Tumor_edge_6,15
TTACGTATCTATGACA-1,Tumor_edge_4,3
TTACTAAAGGACTTTA-1,Healthy_2,6
TTACTCCGGCCGGGAA-1,IDC_6,12
TTACTCTGGTACGTAC-1,DCIS/LCIS_3,9
TTACTGGGATATTTCA-1,DCIS/LCIS_3,12
TTACTGTCTAGAGCTC-1,Healthy_1,2
TTACTGTTTCTCTACG-1,DCIS/LCIS_5,14
TTAGAAGAACATGACT-1,Healthy_2,8
TTAGAATAAGGGTCGG-1,IDC_4,1
TTAGACACGATCGTTG-1,Tumor_edge_1,6
TTAGACGAGTCACCTC-1,Healthy_2,6
TTAGAGTTTAGAAGGA-1,Tumor_edge_5,19
TTAGATAGGTCGATAC-1,IDC_5,15
TTAGCAACATGGATGT-1,IDC_5,15
TTAGCTAATACGATCT-1,Healthy_1,2
TTAGCTGATTTGCCGT-1,IDC_1,19
TTAGGTCATAACCGAC-1,IDC_4,17
TTAGTAAACCTGCTCT-1,IDC_2,3
TTAGTAGGGCGGCGGG-1,DCIS/LCIS_3,9
TTAGTTATTCGTGGCA-1,Tumor_edge_5,6
TTAGTTCAAGTGTTCG-1,Healthy_1,2
TTATAGATGCACATTA-1,Tumor_edge_1,7
TTATAGGTAATTGTCT-1,DCIS/LCIS_4,8
TTATAGTCCAAGGTGC-1,Healthy_1,2
TTATATACGCTGTCAC-1,IDC_6,12
TTATATTTGGCAATCC-1,IDC_7,10
TTATCCAATCGAACTC-1,IDC_5,7
TTATCCGGGATCTATA-1,IDC_2,11
TTATCCTCAAGGAATA-1,IDC_3,6
TTATCGCCTGCGAAGC-1,Tumor_edge_2,5
TTATCTGTATCATAAC-1,IDC_5,13
TTATGAATGAAAGGGA-1,IDC_6,12
TTATGACAAACTGGAT-1,Tumor_edge_2,12
TTATGATCTTAACGAA-1,Tumor_edge_6,5
TTATGCGTCCCGGTCC-1,IDC_5,7
TTATGTTTGCGATAGA-1,Tumor_edge_2,5
TTATTAGGGAAGCATC-1,IDC_5,13
TTCAAAGTCTCTAGCC-1,IDC_6,12
TTCAACGACCCGACCG-1,IDC_5,13
TTCAAGCCGAGCTGAG-1,Tumor_edge_1,6
TTCAATTAGCCATAAT-1,DCIS/LCIS_5,14
TTCACGAAAGGATCAC-1,DCIS/LCIS_3,12
TTCACTCGAGCACCTA-1,DCIS/LCIS_4,8
TTCACTTCCTAGAACG-1,IDC_4,1
TTCAGAGTAACCTGAC-1,IDC_5,15
TTCAGCCCTGGTCCAC-1,Tumor_edge_5,19
TTCAGCTGGCGTGCCC-1,IDC_2,11
TTCAGGCGTCAAAGCC-1,Tumor_edge_2,5
TTCAGTTCAAGAGGAG-1,IDC_4,18
TTCATAGCCTTGTAAC-1,IDC_5,15
TTCATGGCGCAACAGG-1,Tumor_edge_1,6
TTCCAATCAGAGCTAG-1,Healthy_1,2
TTCCAATCTGGCTATC-1,DCIS/LCIS_3,9
TTCCAGACGAGATTTA-1,DCIS/LCIS_1,14
TTCCATCATGCGGTGA-1,Healthy_1,2
TTCCATCGACAGCGTG-1,Tumor_edge_4,3
TTCCCGGCGCCAATAG-1,IDC_3,6
TTCCGCAGAGAAATAT-1,Healthy_1,2
TTCCGCGTGAGGCGAT-1,Healthy_2,5
TTCCGGCTCGACTTCT-1,Healthy_1,2
TTCCGGTATCTGTGTC-1,DCIS/LCIS_1,14
TTCCGGTTACCCACTT-1,IDC_1,19
TTCCTCGAGGGTGTCT-1,IDC_5,13
TTCCTCGGACTAACCA-1,Tumor_edge_5,6
TTCCTTTCTGTGTTGC-1,IDC_5,15
TTCGACAGAGCCCGTG-1,Healthy_2,8
TTCGACGGGAAGGGCG-1,IDC_6,10
TTCGAGCCGGCGCTAC-1,Healthy_1,2
TTCGCACTCGCGTGCT-1,IDC_6,10
TTCGCACTGTACGACA-1,DCIS/LCIS_4,8
TTCGCATCCGGAAGCA-1,IDC_5,15
TTCGCGCGCCATACGA-1,IDC_4,1
TTCGCTAGGAAGTTGT-1,Tumor_edge_3,6
TTCGCTATCTGACGTG-1,Healthy_1,2
TTCGGACTGATGCCTT-1,Healthy_1,2
TTCGGCAACCCGCTGA-1,Tumor_edge_1,6
TTCGGCTAGAGATGGT-1,IDC_5,15
TTCGGGACTAATCGCG-1,IDC_6,12
TTCGGGTTGCCACGGG-1,DCIS/LCIS_2,4
TTCGGTACTGTAGAGG-1,Tumor_edge_6,8
TTCGTAATCCCAGCGG-1,Tumor_edge_1,6
TTCGTACTCCAGAACG-1,DCIS/LCIS_3,12
TTCGTTCAACGAAGTT-1,Healthy_1,2
TTCTAACCGAAGCTTA-1,Healthy_1,5
TTCTACCTCAATCGGT-1,IDC_4,17
TTCTACCTTTATGTTG-1,Tumor_edge_1,4
TTCTACTTGCGAGGGC-1,IDC_5,15
TTCTAGAAAGTCTTAT-1,IDC_4,1
TTCTAGGCCAATTGTG-1,IDC_5,13
TTCTATGCCTTTCGCA-1,Tumor_edge_3,6
TTCTATTAAACGCAGC-1,IDC_4,1
TTCTCAATTGCTACAA-1,IDC_4,17
TTCTGACCGGGCTCAA-1,IDC_2,6
TTCTGCCGCGCCTAGA-1,Healthy_2,5
TTCTGCGGGTTAGCGG-1,IDC_1,19
TTCTGCTAGACTCCAA-1,Tumor_edge_3,2
TTCTTAGTGAACGGTG-1,IDC_5,7
TTCTTAGTGGCTCAGA-1,IDC_5,13
TTCTTATCCGCTGGGT-1,Tumor_edge_6,6
TTCTTCCCTTTGATAT-1,DCIS/LCIS_5,14
TTCTTGAGCCGCGCTA-1,DCIS/LCIS_3,9
TTCTTGCTAGCATCTC-1,DCIS/LCIS_1,14
TTCTTGGACGATCTGC-1,Tumor_edge_2,5
TTCTTGGAGTAATGAG-1,Tumor_edge_1,6
TTCTTGTAACCTAATG-1,IDC_5,6
TTCTTTGGTCGCGACG-1,Healthy_1,2
TTGAAAGGTGTAAAGG-1,Healthy_1,2
TTGAACGAATCCTTTG-1,IDC_5,15
TTGAACGACGTGCTGA-1,IDC_2,11
TTGAAGAATTCCCAGG-1,DCIS/LCIS_3,12
TTGAAGGATGGGCGCC-1,IDC_4,17
TTGAATATGGACTTTC-1,IDC_6,12
TTGAATCGTTGTATAA-1,IDC_3,6
TTGAATTCACGTGAGG-1,DCIS/LCIS_1,14
TTGACAGGAGCTCCCG-1,Tumor_edge_3,6
TTGACATGAACGTGGA-1,DCIS/LCIS_3,9
TTGACCAGGAACAACT-1,IDC_2,3
TTGACCATGTTCTCCG-1,Tumor_edge_1,10
TTGACCGTGTTAATGA-1,Tumor_edge_2,5
TTGACGATTCAGCACG-1,IDC_5,7
TTGACGCTCCATGAGC-1,DCIS/LCIS_1,14
TTGACTACCATATGGT-1,DCIS/LCIS_3,9
TTGACTATTGTCCGGC-1,Tumor_edge_3,6
TTGAGAAGTTTAGCAT-1,IDC_2,11
TTGAGAGTACTGCTAA-1,DCIS/LCIS_3,9
TTGAGCAGCCCACGGT-1,Tumor_edge_3,6
TTGAGCGCCACGTGAT-1,DCIS/LCIS_1,14
TTGAGGCATTTAACTC-1,Healthy_1,2
TTGAGTCCCGCTGCTG-1,DCIS/LCIS_1,14
TTGATAGTCAATACAT-1,Tumor_edge_3,2
TTGATCTAACTTTGTC-1,IDC_6,10
TTGATGCCGCTCGTCG-1,IDC_4,18
TTGATGTGTAGTCCCG-1,Healthy_1,2
TTGATTAGCTGTTTCT-1,DCIS/LCIS_3,9
TTGATTATGCAGATGA-1,Tumor_edge_2,12
TTGCAAGAAGACTCCT-1,IDC_2,3
TTGCACAATTCAGAAA-1,DCIS/LCIS_3,12
TTGCACGGAGCAGCAC-1,IDC_5,13
TTGCATGCTGATCACG-1,DCIS/LCIS_3,9
TTGCCAAGCAGAACCC-1,Tumor_edge_3,6
TTGCCATAGCCCGCTC-1,Tumor_edge_2,17
TTGCCCTGATCACGGG-1,DCIS/LCIS_3,9
TTGCCGCAGACCTACA-1,IDC_4,17
TTGCCGCTTTCTAGTA-1,DCIS/LCIS_4,8
TTGCCGGTGATCCCTC-1,Healthy_1,2
TTGCCTAATCCAAAGT-1,IDC_4,17
TTGCCTTCTCGCCGGG-1,IDC_2,16
TTGCGCACAACCACGT-1,Tumor_edge_6,3
TTGCGCTTGATCAATA-1,IDC_2,16
TTGCGGCGACTCATGC-1,DCIS/LCIS_5,6
TTGCGTAGTTTGAGGA-1,Tumor_edge_2,5
TTGCGTGAACGCTTAG-1,Healthy_1,2
TTGCGTGTGTAGGCAT-1,IDC_2,3
TTGCTCATAGTACGTG-1,IDC_2,16
TTGCTCCCATACCGGA-1,IDC_7,10
TTGCTGAAGGAACCAC-1,IDC_5,13
TTGCTGATCATGTTCG-1,Tumor_edge_6,12
TTGCTGCACCTATCCA-1,Tumor_edge_6,5
TTGCTGGCCGGGCTTC-1,DCIS/LCIS_5,14
TTGGAAGAATACAGTC-1,Tumor_edge_6,5
TTGGACATGTGGCTTA-1,DCIS/LCIS_3,9
TTGGACCATCTGGCAA-1,Tumor_edge_5,6
TTGGACCTATAACAGT-1,IDC_2,11
TTGGAGTCTCCCTTCT-1,IDC_5,7
TTGGATATCGTCTACG-1,DCIS/LCIS_3,9
TTGGATCGACTTCTGG-1,Tumor_edge_1,13
TTGGATTGGGTACCAC-1,IDC_5,13
TTGGCCAAATTGTATC-1,IDC_4,3
TTGGCCATCTTGCGCT-1,IDC_5,15
TTGGCCTAGAATTTCG-1,Tumor_edge_1,6
TTGGCGATCCGAATAT-1,DCIS/LCIS_1,14
TTGGCTCAATATGTGT-1,Tumor_edge_4,3
TTGGCTCGCATGAGAC-1,IDC_5,6
TTGGGAAGACGAGCCG-1,Tumor_edge_6,3
TTGGGACACTGCCCGC-1,IDC_7,10
TTGGGACGTAAGAGTT-1,Tumor_edge_5,6
TTGGGCGGCGGTTGCC-1,IDC_7,10
TTGGTATGGCTTGTGT-1,DCIS/LCIS_1,20
TTGGTCACACTCGTAA-1,DCIS/LCIS_3,9
TTGGTTGCGGTGCGCG-1,Tumor_edge_2,19
TTGTAAGGACCTAAGT-1,DCIS/LCIS_3,9
TTGTAAGGCCAGTTGG-1,IDC_7,2
TTGTAATCCGTACTCG-1,DCIS/LCIS_3,12
TTGTATCACACAGAAT-1,Tumor_edge_1,14
TTGTCGTTCAGTTACC-1,IDC_5,13
TTGTGAACCTAATCCG-1,IDC_2,11
TTGTGAGGCATGACGC-1,Tumor_edge_2,5
TTGTGATCTGTTCAGT-1,IDC_2,16
TTGTGCAGCCACGTCA-1,DCIS/LCIS_4,8
TTGTGGCCCTGACAGT-1,IDC_5,13
TTGTGGTAGGAGGGAT-1,Tumor_edge_2,5
TTGTGGTGGTACTAAG-1,IDC_2,16
TTGTGTATGCCACCAA-1,DCIS/LCIS_4,8
TTGTTAGCAAATTCGA-1,IDC_5,13
TTGTTCAGTGTGCTAC-1,IDC_7,10
TTGTTGTGTGTCAAGA-1,IDC_7,10
TTGTTTCACATCCAGG-1,IDC_4,1
TTGTTTCATTAGTCTA-1,IDC_4,17
TTGTTTCCATACAACT-1,Tumor_edge_2,9
TTGTTTGTGTAAATTC-1,Tumor_edge_1,7
